0	4
1454	4
1454	1455
1	1455
4	7
5	7
7	10
8	10
10	1456
11	1456
1456	1458
1457	1458
1458	13
1459	13
13	16
1460	16
1460	1461
14	1461
16	1462
17	1462
1462	19
1463	19
19	1465
1464	1465
1464	1466
20	1466
1465	1468
1466	1468
1466	1469
1467	1469
1468	1471
1469	1471
1469	1472
1470	1472
1471	22
1472	22
1472	1474
1473	1474
22	25
1475	25
1475	1476
23	1476
25	28
26	28
28	31
1477	31
1477	1479
1478	1479
1478	1480
29	1480
31	34
1481	34
1481	1483
1482	1483
1482	1484
32	1484
34	37
1485	37
1485	1488
1486	1488
1486	1489
1487	1489
1487	1490
35	1490
37	1491
38	1491
1491	1493
1492	1493
1493	1495
1494	1495
1495	1497
1496	1497
1497	0
1498	0
38	40
1499	40
1499	1502
1500	1502
1500	1503
1501	1503
1501	1504
36	1504
40	2
1505	2
1505	1507
1506	1507
1506	1508
41	1508
41	1510
1509	1510
1509	1511
39	1511
1510	43
1511	43
1511	1513
1512	1513
43	46
1514	46
1514	1515
44	1515
46	49
1516	49
1516	1517
47	1517
49	52
1518	52
1518	1519
50	1519
52	55
1520	55
1520	1521
53	1521
55	58
1522	58
1522	1523
56	1523
58	3
1524	3
1524	1525
59	1525
59	6
57	6
56	1527
1526	1527
1526	1528
54	1528
1527	61
1528	61
1528	1530
1529	1530
61	9
62	9
62	64
1531	64
1531	1532
60	1532
64	67
65	67
67	1533
68	1533
1533	12
1534	12
68	1535
66	1535
1535	70
1536	70
70	73
1537	73
1537	1538
71	1538
73	76
1539	76
1539	1540
74	1540
76	15
1541	15
1541	1542
77	1542
77	79
75	79
79	82
1543	82
1543	1544
80	1544
82	18
1545	18
1545	1546
83	1546
83	1547
81	1547
1547	1549
1548	1549
1549	1551
1550	1551
1551	85
1552	85
85	88
1553	88
1553	1554
86	1554
88	1555
89	1555
1555	21
1556	21
89	1557
87	1557
1557	91
1558	91
91	94
1559	94
1559	1562
1560	1562
1560	1563
1561	1563
1561	1564
92	1564
94	24
95	24
95	27
1565	27
1565	1567
1566	1567
1566	1568
93	1568
92	1572
1569	1572
1569	1573
1570	1573
1570	1574
1571	1574
1571	1575
90	1575
1572	97
1573	97
1573	1577
1574	1577
1574	1578
1575	1578
1575	1579
1576	1579
97	100
1580	100
1580	1583
1581	1583
1581	1584
1582	1584
1582	1585
98	1585
100	103
1586	103
1586	1589
1587	1589
1587	1590
1588	1590
1588	1591
101	1591
103	1594
1592	1594
1592	1595
1593	1595
1593	1596
104	1596
1594	106
1595	106
1595	1598
1596	1598
1596	1599
1597	1599
106	109
1600	109
1600	1601
107	1601
109	1602
110	1602
1602	112
1603	112
112	115
1604	115
1604	1605
113	1605
115	30
116	30
116	33
114	33
113	1606
111	1606
1606	118
1607	118
118	121
1608	121
1608	1609
119	1609
121	124
1610	124
1610	1611
122	1611
124	1613
1612	1613
1612	1614
125	1614
1613	42
1614	42
1614	1616
1615	1616
125	1617
123	1617
1617	127
1618	127
127	130
1619	130
1619	1620
128	1620
130	133
131	133
133	136
134	136
136	1621
137	1621
1621	139
1622	139
139	142
1623	142
1623	1624
140	1624
142	45
143	45
143	48
1625	48
1625	1626
141	1626
140	145
1627	145
1627	1629
1628	1629
1628	1630
138	1630
145	148
1631	148
1631	1633
1632	1633
1632	1634
146	1634
148	151
1635	151
1635	1637
1636	1637
1636	1638
149	1638
151	154
1639	154
1639	1641
1640	1641
1640	1642
152	1642
154	157
155	157
157	160
1643	160
1643	1644
158	1644
160	1645
161	1645
1645	1647
1646	1647
1647	1649
1648	1649
1649	51
1650	51
161	163
1651	163
1651	1652
159	1652
163	63
1653	63
1653	1654
164	1654
164	1655
162	1655
1655	166
1656	166
166	1657
167	1657
1657	169
1658	169
169	69
170	69
170	172
168	172
172	175
173	175
175	1659
176	1659
1659	1661
1660	1661
1661	1663
1662	1663
1663	1665
1664	1665
1665	178
1666	178
178	181
1667	181
1667	1669
1668	1669
1668	1670
179	1670
181	1673
1671	1673
1671	1674
1672	1674
1672	1675
182	1675
1673	1677
1674	1677
1674	1678
1675	1678
1675	1679
1676	1679
1677	184
1678	184
1678	1681
1679	1681
1679	1682
1680	1682
184	72
1683	72
1683	1685
1684	1685
1684	1686
185	1686
185	78
1687	78
1687	1688
183	1688
182	1689
180	1689
1689	1691
1690	1691
1691	1693
1692	1693
1693	84
1694	84
179	187
1695	187
1695	1698
1696	1698
1696	1699
1697	1699
1697	1700
177	1700
187	96
1701	96
1701	1703
1702	1703
1702	1704
188	1704
188	190
186	190
190	99
1705	99
1705	1707
1706	1707
1706	1708
191	1708
191	193
1709	193
1709	1711
1710	1711
1710	1712
189	1712
193	1714
1713	1714
1713	1715
194	1715
1714	196
1715	196
1715	1717
1716	1717
196	1720
1718	1720
1718	1721
1719	1721
1719	1722
197	1722
1720	199
1721	199
1721	1724
1722	1724
1722	1725
1723	1725
199	1726
200	1726
1726	102
1727	102
200	202
1728	202
1728	1730
1729	1730
1729	1731
198	1731
202	205
1732	205
1732	1734
1733	1734
1733	1735
203	1735
205	208
1736	208
1736	1739
1737	1739
1737	1740
1738	1740
1738	1741
206	1741
208	211
1742	211
1742	1743
209	1743
211	105
1744	105
1744	1745
212	1745
212	214
1746	214
1746	1747
210	1747
214	217
1748	217
1748	1751
1749	1751
1749	1752
1750	1752
1750	1753
215	1753
217	108
218	108
218	220
1754	220
1754	1758
1755	1758
1755	1759
1756	1759
1756	1760
1757	1760
1757	1761
216	1761
220	117
1762	117
1762	1763
221	1763
221	223
1764	223
1764	1766
1765	1766
1765	1767
219	1767
223	226
1768	226
1768	1770
1769	1770
1769	1771
224	1771
226	120
227	120
227	229
1772	229
1772	1775
1773	1775
1773	1776
1774	1776
1774	1777
225	1777
229	126
1778	126
1778	1779
230	1779
230	232
228	232
232	1781
1780	1781
1780	1782
233	1782
1781	1784
1782	1784
1782	1785
1783	1785
1784	235
1785	235
1785	1787
1786	1787
235	238
236	238
238	241
1788	241
1788	1789
239	1789
241	244
1790	244
1790	1791
242	1791
244	247
1792	247
1792	1793
245	1793
247	129
1794	129
1794	1795
248	1795
248	132
246	132
245	1797
1796	1797
1796	1798
243	1798
1797	250
1798	250
1798	1800
1799	1800
250	135
251	135
251	253
1801	253
1801	1802
249	1802
253	256
254	256
256	144
257	144
257	147
255	147
254	259
252	259
259	262
260	262
262	265
1803	265
1803	1805
1804	1805
1804	1806
263	1806
265	150
1807	150
1807	1809
1808	1809
1808	1810
266	1810
266	1811
264	1811
1811	1813
1812	1813
1813	1815
1814	1815
1815	1817
1816	1817
1817	268
1818	268
268	271
269	271
271	1820
1819	1820
1819	1821
272	1821
1820	274
1821	274
1821	1823
1822	1823
274	153
1824	153
1824	1825
275	1825
275	156
273	156
272	165
1826	165
1826	1827
270	1827
269	277
267	277
277	1828
278	1828
1828	171
1829	171
278	280
1830	280
1830	1831
276	1831
280	1832
281	1832
1832	1834
1833	1834
1834	283
1835	283
283	286
284	286
286	1836
287	1836
1836	174
1837	174
287	289
1838	289
1838	1839
285	1839
289	1841
1840	1841
1840	1842
290	1842
1841	1844
1842	1844
1842	1845
1843	1845
1844	292
1845	292
1845	1847
1846	1847
292	192
1848	192
1848	1851
1849	1851
1849	1852
1850	1852
1850	1853
293	1853
293	295
1854	295
1854	1856
1855	1856
1855	1857
291	1857
295	298
296	298
298	301
1858	301
1858	1860
1859	1860
1859	1861
299	1861
301	195
1862	195
1862	1864
1863	1864
1863	1865
302	1865
302	304
1866	304
1866	1867
300	1867
304	307
1868	307
1868	1871
1869	1871
1869	1872
1870	1872
1870	1873
305	1873
307	310
1874	310
1874	1876
1875	1876
1875	1877
308	1877
310	1878
311	1878
1878	1880
1879	1880
1880	201
1881	201
311	313
1882	313
1882	1884
1883	1884
1883	1885
309	1885
313	316
1886	316
1886	1889
1887	1889
1887	1890
1888	1890
1888	1891
314	1891
316	319
1892	319
1892	1894
1893	1894
1893	1895
317	1895
319	322
1896	322
1896	1897
320	1897
322	204
1898	204
1898	1901
1899	1901
1899	1902
1900	1902
1900	1903
323	1903
323	325
1904	325
1904	1905
321	1905
325	1907
1906	1907
1906	1908
326	1908
1907	328
1908	328
1908	1910
1909	1910
328	331
329	331
331	334
1911	334
1911	1912
332	1912
334	222
335	222
335	1913
333	1913
1913	231
1914	231
332	337
330	337
337	340
1915	340
1915	1916
338	1916
340	343
1917	343
1917	1919
1918	1919
1918	1920
341	1920
343	1922
1921	1922
1921	1923
344	1923
1922	346
1923	346
1923	1925
1924	1925
346	349
1926	349
1926	1927
347	1927
349	234
350	234
350	352
348	352
352	237
1928	237
1928	1930
1929	1930
1929	1931
353	1931
353	355
1932	355
1932	1934
1933	1934
1933	1935
351	1935
355	358
1936	358
1936	1938
1937	1938
1937	1939
356	1939
358	361
1940	361
1940	1943
1941	1943
1941	1944
1942	1944
1942	1945
359	1945
361	364
362	364
364	367
1946	367
1946	1948
1947	1948
1947	1949
365	1949
367	370
368	370
370	373
1950	373
1950	1951
371	1951
373	1952
374	1952
1952	1954
1953	1954
1954	1956
1955	1956
1956	240
1957	240
374	258
1958	258
1958	1959
372	1959
371	376
369	376
376	1961
1960	1961
1960	1962
377	1962
1961	379
1962	379
1962	1964
1963	1964
379	261
1965	261
1965	1967
1966	1967
1966	1968
380	1968
380	382
1969	382
1969	1971
1970	1971
1970	1972
378	1972
382	385
383	385
385	388
1973	388
1973	1974
386	1974
388	1976
1975	1976
1975	1977
389	1977
1976	391
1977	391
1977	1979
1978	1979
391	394
1980	394
1980	1981
392	1981
394	397
395	397
397	279
398	279
398	400
396	400
400	403
1982	403
1982	1984
1983	1984
1983	1985
401	1985
403	1986
404	1986
1986	282
1987	282
404	406
1988	406
1988	1990
1989	1990
1989	1991
402	1991
406	1993
1992	1993
1992	1994
407	1994
1993	1996
1994	1996
1994	1997
1995	1997
1996	409
1997	409
1997	1999
1998	1999
409	2002
2000	2002
2000	2003
2001	2003
2001	2004
410	2004
2002	412
2003	412
2003	2006
2004	2006
2004	2007
2005	2007
412	415
2008	415
2008	2009
413	2009
415	2010
416	2010
2010	2012
2011	2012
2012	2014
2013	2014
2014	288
2015	288
416	294
2016	294
2016	2017
414	2017
413	418
2018	418
2018	2019
411	2019
418	421
419	421
421	297
2020	297
2020	2021
422	2021
422	424
2022	424
2022	2023
420	2023
424	427
2024	427
2024	2026
2025	2026
2025	2027
425	2027
427	430
2028	430
2028	2030
2029	2030
2029	2031
428	2031
430	433
2032	433
2032	2033
431	2033
433	436
2034	436
2034	2036
2035	2036
2035	2037
434	2037
436	439
2038	439
2038	2039
437	2039
439	442
2040	442
2040	2041
440	2041
442	445
2042	445
2042	2044
2043	2044
2043	2045
443	2045
445	2047
2046	2047
2046	2048
446	2048
2047	448
2048	448
2048	2050
2049	2050
448	303
2051	303
2051	2053
2052	2053
2052	2054
449	2054
449	2055
447	2055
2055	451
2056	451
451	2059
2057	2059
2057	2060
2058	2060
2058	2061
452	2061
2059	454
2060	454
2060	2063
2061	2063
2061	2064
2062	2064
454	457
2065	457
2065	2067
2066	2067
2066	2068
455	2068
457	2070
2069	2070
2069	2071
458	2071
2070	306
2071	306
2071	2073
2072	2073
458	460
2074	460
2074	2076
2075	2076
2075	2077
456	2077
460	463
461	463
463	312
2078	312
2078	2081
2079	2081
2079	2082
2080	2082
2080	2083
464	2083
464	466
2084	466
2084	2086
2085	2086
2085	2087
462	2087
466	469
2088	469
2088	2089
467	2089
473	470
469	474
474	2090
475	2090
2090	477
2091	477
477	480
2092	480
2092	2093
478	2093
480	483
481	483
483	486
2094	486
2094	2096
2095	2096
2095	2097
484	2097
486	2100
2098	2100
2098	2101
2099	2101
2099	2102
487	2102
2100	2104
2101	2104
2101	2105
2102	2105
2102	2106
2103	2106
2104	315
2105	315
2105	2108
2106	2108
2106	2109
2107	2109
487	339
485	339
484	489
2110	489
2110	2112
2111	2112
2111	2113
482	2113
489	492
2114	492
2114	2117
2115	2117
2115	2118
2116	2118
2116	2119
490	2119
492	495
2120	495
2120	2121
493	2121
495	342
496	342
496	498
2122	498
2122	2123
494	2123
498	501
499	501
501	504
502	504
504	507
505	507
507	345
508	345
508	354
506	354
505	2124
503	2124
2124	510
2125	510
510	513
2126	513
2126	2127
511	2127
513	516
2128	516
2128	2129
514	2129
516	357
517	357
517	519
515	519
519	522
520	522
522	525
2130	525
2130	2132
2131	2132
2131	2133
523	2133
525	360
2134	360
2134	2136
2135	2136
2135	2137
526	2137
526	363
2138	363
2138	2140
2139	2140
2139	2141
524	2141
523	528
2142	528
2142	2144
2143	2144
2143	2145
521	2145
528	2146
529	2146
2146	531
2147	531
531	534
2148	534
2148	2150
2149	2150
2149	2151
532	2151
534	381
2152	381
2152	2154
2153	2154
2153	2155
535	2155
535	384
2156	384
2156	2157
533	2157
532	537
2158	537
2158	2159
530	2159
537	540
2160	540
2160	2161
538	2161
540	543
2162	543
2162	2164
2163	2164
2163	2165
541	2165
543	546
2166	546
2166	2167
544	2167
546	387
547	387
547	549
2168	549
2168	2169
545	2169
549	2171
2170	2171
2170	2172
550	2172
2171	552
2172	552
2172	2174
2173	2174
552	555
553	555
555	558
556	558
558	390
559	390
559	561
557	561
561	393
2175	393
2175	2176
562	2176
562	399
2177	399
2177	2178
560	2178
556	564
554	564
564	2179
565	2179
2179	2181
2180	2181
2181	2183
2182	2183
2183	2185
2184	2185
2185	567
2186	567
567	2187
568	2187
2187	2189
2188	2189
2189	405
2190	405
568	570
566	570
570	573
2191	573
2191	2193
2192	2193
2192	2194
571	2194
573	576
2195	576
2195	2196
574	2196
576	408
2197	408
2197	2198
577	2198
577	579
575	579
579	2199
580	2199
2199	582
2200	582
582	426
583	426
583	2201
581	2201
2201	585
2202	585
585	429
2203	429
2203	2204
586	2204
586	588
2205	588
2205	2207
2206	2207
2206	2208
584	2208
588	591
2209	591
2209	2211
2210	2211
2210	2212
589	2212
591	432
2213	432
2213	2215
2214	2215
2214	2216
592	2216
592	2217
590	2217
2217	2219
2218	2219
2219	594
2220	594
594	2223
2221	2223
2221	2224
2222	2224
2222	2225
595	2225
2223	597
2224	597
2224	2227
2225	2227
2225	2228
2226	2228
597	600
2229	600
2229	2231
2230	2231
2230	2232
598	2232
600	603
2233	603
2233	2234
601	2234
603	606
604	606
606	435
607	435
607	438
605	438
604	441
602	441
601	609
2235	609
2235	2237
2236	2237
2236	2238
599	2238
609	612
2239	612
2239	2240
610	2240
612	615
2241	615
2241	2242
613	2242
615	2243
616	2243
2243	444
2244	444
616	450
2245	450
2245	2246
614	2246
613	618
611	618
618	621
2247	621
2247	2248
619	2248
621	624
622	624
624	627
2249	627
2249	2251
2250	2251
2250	2252
625	2252
627	2255
2253	2255
2253	2256
2254	2256
2254	2257
628	2257
2255	630
2256	630
2256	2259
2257	2259
2257	2260
2258	2260
630	633
2261	633
2261	2262
631	2262
633	636
2263	636
2263	2265
2264	2265
2264	2266
634	2266
636	453
2267	453
2267	2268
637	2268
637	639
2269	639
2269	2271
2270	2271
2270	2272
635	2272
639	642
2273	642
2273	2275
2274	2275
2274	2276
640	2276
642	2277
643	2277
2277	645
2278	645
645	459
2279	459
2279	2281
2280	2281
2280	2282
646	2282
646	648
2283	648
2283	2285
2284	2285
2284	2286
644	2286
648	651
2287	651
2287	2290
2288	2290
2288	2291
2289	2291
2289	2292
649	2292
651	654
2293	654
2293	2294
652	2294
654	465
2295	465
2295	2296
655	2296
655	657
2297	657
2297	2298
653	2298
657	468
2299	468
2299	2301
2300	2301
2300	2302
658	2302
658	650
2303	650
2303	2304
656	2304
649	2308
2305	2308
2305	2309
2306	2309
2306	2310
2307	2310
2307	2311
647	2311
2308	660
2309	660
2309	2313
2310	2313
2310	2314
2311	2314
2311	2315
2312	2315
660	663
2316	663
2316	2317
661	2317
663	666
2318	666
2318	2319
664	2319
666	669
667	669
669	672
2320	672
2320	2321
670	2321
672	675
673	675
675	678
2322	678
2322	2324
2323	2324
2323	2325
676	2325
682	679
678	683
683	473
2326	473
2326	2329
2327	2329
2327	2330
2328	2330
2328	2331
684	2331
684	2332
682	2332
2332	476
2333	476
679	686
2334	686
2334	2335
677	2335
686	2337
2336	2337
2336	2338
687	2338
2337	689
2338	689
2338	2340
2339	2340
689	692
2341	692
2341	2342
690	2342
692	2344
2343	2344
2343	2345
693	2345
2344	491
2345	491
2345	2347
2346	2347
693	695
2348	695
2348	2349
691	2349
695	698
2350	698
2350	2351
696	2351
698	701
2352	701
2352	2353
699	2353
701	497
2354	497
2354	2355
702	2355
702	500
700	500
699	509
2356	509
2356	2357
697	2357
696	2359
2358	2359
2358	2360
694	2360
2359	704
2360	704
2360	2362
2361	2362
704	2363
705	2363
2363	2365
2364	2365
2365	512
2366	512
705	707
2367	707
2367	2368
703	2368
707	710
2369	710
2369	2371
2370	2371
2370	2372
708	2372
710	713
2373	713
2373	2375
2374	2375
2374	2376
711	2376
713	716
714	716
716	719
717	719
719	518
2377	518
2377	2378
720	2378
720	722
718	722
722	725
2379	725
2379	2380
723	2380
729	726
725	730
730	527
2381	527
2381	2383
2382	2383
2382	2384
731	2384
731	733
2385	733
2385	2386
729	2386
733	736
734	736
736	536
2387	536
2387	2390
2388	2390
2388	2391
2389	2391
2389	2392
737	2392
737	739
2393	739
2393	2396
2394	2396
2394	2397
2395	2397
2395	2398
735	2398
739	742
740	742
742	745
2399	745
2399	2400
743	2400
745	539
2401	539
2401	2402
746	2402
746	2403
744	2403
2403	2405
2404	2405
2405	2407
2406	2407
2407	748
2408	748
748	2410
2409	2410
2409	2411
749	2411
2410	751
2411	751
2411	2413
2412	2413
751	2414
752	2414
2414	2416
2415	2416
2416	542
2417	542
752	2418
750	2418
2418	754
2419	754
754	2420
755	2420
2420	2422
2421	2422
2422	757
2423	757
757	760
2424	760
2424	2425
758	2425
760	2426
761	2426
2426	2428
2427	2428
2428	548
2429	548
761	551
2430	551
2430	2431
759	2431
758	763
2432	763
2432	2433
756	2433
763	766
2434	766
2434	2435
764	2435
766	769
2436	769
2436	2437
767	2437
769	772
2438	772
2438	2440
2439	2440
2439	2441
770	2441
772	2442
773	2442
2442	2444
2443	2444
2444	2446
2445	2446
2446	563
2447	563
773	775
2448	775
2448	2451
2449	2451
2449	2452
2450	2452
2450	2453
771	2453
775	778
776	778
778	569
2454	569
2454	2455
779	2455
779	781
2456	781
2456	2458
2457	2458
2457	2459
777	2459
781	784
2460	784
2460	2462
2461	2462
2461	2463
782	2463
784	2465
2464	2465
2464	2466
785	2466
2465	787
2466	787
2466	2468
2467	2468
787	790
2469	790
2469	2471
2470	2471
2470	2472
788	2472
790	2473
791	2473
2473	2475
2474	2475
2475	793
2476	793
793	796
2477	796
2477	2479
2478	2479
2478	2480
794	2480
589	797
796	587
797	2483
2481	2483
2481	2484
2482	2484
2482	2485
795	2485
2483	801
2484	801
2484	2487
2485	2487
2485	2488
2486	2488
801	2489
802	2489
2489	2491
2490	2491
2491	804
2492	804
804	807
2493	807
2493	2495
2494	2495
2494	2496
805	2496
807	2497
808	2497
2497	2499
2498	2499
2499	810
2500	810
810	813
2501	813
2501	2503
2502	2503
2502	2504
811	2504
813	593
2505	593
2505	2507
2506	2507
2506	2508
814	2508
814	816
812	816
816	819
817	819
819	2509
820	2509
2509	2511
2510	2511
2511	2513
2512	2513
2513	822
2514	822
822	596
823	596
823	825
821	825
825	828
826	828
828	608
829	608
829	617
827	617
826	831
2515	831
2515	2516
824	2516
831	2518
2517	2518
2517	2519
832	2519
2518	834
2519	834
2519	2521
2520	2521
834	837
2522	837
2522	2524
2523	2524
2523	2525
835	2525
837	840
2526	840
2526	2528
2527	2528
2527	2529
838	2529
840	620
841	620
841	623
2530	623
2530	2531
839	2531
838	2532
836	2532
2532	2534
2533	2534
2534	2536
2535	2536
2536	2538
2537	2538
2538	2540
2539	2540
2540	843
2541	843
843	2542
844	2542
2542	846
2543	846
846	849
847	849
849	2545
2544	2545
2544	2546
850	2546
2545	2548
2546	2548
2546	2549
2547	2549
2548	626
2549	626
2549	2551
2550	2551
850	2552
848	2552
2552	2554
2553	2554
2554	2556
2555	2556
2556	629
2557	629
847	2558
845	2558
2558	2560
2559	2560
2560	2562
2561	2562
2562	852
2563	852
852	855
853	855
855	2564
856	2564
2564	2566
2565	2566
2566	2568
2567	2568
2568	632
2569	632
856	858
2570	858
2570	2571
854	2571
858	638
2572	638
2572	2573
859	2573
859	861
857	861
861	864
2574	864
2574	2577
2575	2577
2575	2578
2576	2578
2576	2579
862	2579
864	641
2580	641
2580	2582
2581	2582
2581	2583
865	2583
865	867
2584	867
2584	2587
2585	2587
2585	2588
2586	2588
2586	2589
863	2589
867	659
2590	659
2590	2591
868	2591
868	870
2592	870
2592	2594
2593	2594
2593	2595
866	2595
870	662
871	662
871	2598
2596	2598
2596	2599
2597	2599
2597	2600
869	2600
2598	873
2599	873
2599	2602
2600	2602
2600	2603
2601	2603
873	876
874	876
876	879
2604	879
2604	2605
877	2605
879	665
2606	665
2606	2607
880	2607
880	668
878	668
877	882
2608	882
2608	2610
2609	2610
2609	2611
875	2611
882	2613
2612	2613
2612	2614
883	2614
2613	885
2614	885
2614	2616
2615	2616
885	888
2617	888
2617	2618
886	2618
888	891
889	891
891	2620
2619	2620
2619	2621
892	2621
2620	2623
2621	2623
2621	2624
2622	2624
2623	894
2624	894
2624	2626
2625	2626
894	2627
895	2627
2627	671
2628	671
895	897
893	897
897	900
2629	900
2629	2632
2630	2632
2630	2633
2631	2633
2631	2634
898	2634
900	674
2635	674
2635	2637
2636	2637
2636	2638
901	2638
901	685
899	685
898	903
2639	903
2639	2640
896	2640
903	2641
904	2641
2641	688
2642	688
904	906
2643	906
2643	2644
902	2644
906	909
907	909
909	912
910	912
912	2645
913	2645
2645	706
2646	706
913	915
911	915
915	918
2647	918
2647	2648
916	2648
918	921
919	921
921	709
922	709
922	924
920	924
924	927
2649	927
2649	2652
2650	2652
2650	2653
2651	2653
2651	2654
925	2654
927	930
2655	930
2655	2657
2656	2657
2656	2658
928	2658
930	712
2659	712
2659	2661
2660	2661
2660	2662
931	2662
931	933
2663	933
2663	2664
929	2664
933	715
934	715
934	721
2665	721
2665	2666
932	2666
928	936
2667	936
2667	2668
926	2668
936	724
2669	724
2669	2671
2670	2671
2670	2672
937	2672
937	939
2673	939
2673	2675
2674	2675
2674	2676
935	2676
939	942
2677	942
2677	2678
940	2678
942	945
2679	945
2679	2681
2680	2681
2680	2682
943	2682
945	948
2683	948
2683	2684
946	2684
948	951
2685	951
2685	2687
2686	2687
2686	2688
949	2688
951	732
2689	732
2689	2690
952	2690
952	738
2691	738
2691	2694
2692	2694
2692	2695
2693	2695
2693	2696
950	2696
949	954
2697	954
2697	2699
2698	2699
2698	2700
947	2700
954	957
2701	957
2701	2703
2702	2703
2702	2704
955	2704
957	960
958	960
960	963
961	963
963	741
2705	741
2705	2706
964	2706
964	966
2707	966
2707	2708
962	2708
966	2710
2709	2710
2709	2711
967	2711
2710	969
2711	969
2711	2713
2712	2713
969	747
2714	747
2714	2715
970	2715
970	972
2716	972
2716	2717
968	2717
972	2718
973	2718
2718	2720
2719	2720
2720	2722
2721	2722
2722	2724
2723	2724
2724	975
2725	975
975	753
976	753
976	2726
974	2726
2726	2728
2727	2728
2728	2730
2729	2730
2730	978
2731	978
978	981
979	981
981	984
2732	984
2732	2733
982	2733
984	2734
985	2734
2734	762
2735	762
985	765
2736	765
2736	2737
983	2737
982	987
980	987
987	990
988	990
990	768
2738	768
2738	2739
991	2739
991	2740
989	2740
2740	993
2741	993
993	996
2742	996
2742	2743
994	2743
996	999
997	999
999	1002
2744	1002
2744	2746
2745	2746
2745	2747
1000	2747
1002	1005
2748	1005
2748	2751
2749	2751
2749	2752
2750	2752
2750	2753
1003	2753
1005	1008
2754	1008
2754	2757
2755	2757
2755	2758
2756	2758
2756	2759
1006	2759
1012	1009
1008	1013
1013	1016
2760	1016
2760	2762
2761	2762
2761	2763
1014	2763
1016	774
2764	774
2764	2767
2765	2767
2765	2768
2766	2768
2766	2769
1017	2769
1020	1015
1017	1021
782	1022
1021	780
1022	1012
2770	1012
2770	2771
1020	2771
1009	1026
1007	1026
1026	1029
2772	1029
2772	2773
1027	2773
1029	2774
1030	2774
2774	2776
2775	2776
2776	2778
2777	2778
2778	2780
2779	2780
2780	1032
2781	1032
1032	789
2782	789
2782	2784
2783	2784
2783	2785
1033	2785
1033	1035
2786	1035
2786	2788
2787	2788
2787	2789
1031	2789
1035	1038
2790	1038
2790	2792
2791	2792
2791	2793
1036	2793
1038	1041
2794	1041
2794	2795
1039	2795
1041	2798
2796	2798
2796	2799
2797	2799
2797	2800
1042	2800
2798	792
2799	792
2799	2802
2800	2802
2800	2803
2801	2803
1042	1044
2804	1044
2804	2806
2805	2806
2805	2807
1040	2807
1044	1047
2808	1047
2808	2810
2809	2810
2809	2811
1045	2811
1047	1050
1048	1050
1050	800
2812	800
2812	2814
2813	2814
2813	2815
1051	2815
1051	1053
2816	1053
2816	2818
2817	2818
2817	2819
1049	2819
1053	1056
2820	1056
2820	2821
1054	2821
1056	1059
2822	1059
2822	2823
1057	2823
1059	1062
2824	1062
2824	2826
2825	2826
2825	2827
1060	2827
1062	1065
2828	1065
2828	2829
1063	2829
1065	1068
2830	1068
2830	2832
2831	2832
2831	2833
1066	2833
1068	803
2834	803
2834	2836
2835	2836
2835	2837
1069	2837
1069	1071
1067	1071
1071	1074
2838	1074
2838	2839
1072	2839
1074	1077
1075	1077
1077	1080
2840	1080
2840	2841
1078	2841
1080	1083
2842	1083
2842	2844
2843	2844
2843	2845
1081	2845
1083	806
2846	806
2846	2848
2847	2848
2847	2849
1084	2849
1084	1086
1082	1086
1086	809
2850	809
2850	2852
2851	2852
2851	2853
1087	2853
1087	1079
2854	1079
2854	2856
2855	2856
2855	2857
1085	2857
1078	1089
2858	1089
2858	2859
1076	2859
1089	2861
2860	2861
2860	2862
1090	2862
2861	1092
2862	1092
2862	2864
2863	2864
1092	1095
2865	1095
2865	2867
2866	2867
2866	2868
1093	2868
1095	1098
2869	1098
2869	2871
2870	2871
2870	2872
1096	2872
1098	2874
2873	2874
2873	2875
1099	2875
2874	815
2875	815
2875	2877
2876	2877
1099	1101
2878	1101
2878	2880
2879	2880
2879	2881
1097	2881
1101	1104
2882	1104
2882	2884
2883	2884
2883	2885
1102	2885
1104	2886
1105	2886
2886	2888
2887	2888
2888	2890
2889	2890
2890	818
2891	818
1105	1107
2892	1107
2892	2894
2893	2894
2893	2895
1103	2895
1107	1110
2896	1110
2896	2898
2897	2898
2897	2899
1108	2899
1110	2900
1111	2900
2900	2902
2901	2902
2902	2904
2903	2904
2904	830
2905	830
1111	1113
2906	1113
2906	2908
2907	2908
2907	2909
1109	2909
1113	833
2910	833
2910	2912
2911	2912
2911	2913
1114	2913
1114	2914
1112	2914
2914	2916
2915	2916
2916	2918
2917	2918
2918	2920
2919	2920
2920	1116
2921	1116
1116	2923
2922	2923
2922	2924
1117	2924
2923	1119
2924	1119
2924	2926
2925	2926
1119	1122
2927	1122
2927	2928
1120	2928
1122	1125
1123	1125
1125	842
1126	842
1126	1128
1124	1128
1128	2929
1129	2929
2929	2931
2930	2931
2931	851
2932	851
1129	2933
1127	2933
2933	2935
2934	2935
2935	1131
2936	1131
1131	860
2937	860
2937	2940
2938	2940
2938	2941
2939	2941
2939	2942
1132	2942
1132	1134
2943	1134
2943	2945
2944	2945
2944	2946
1130	2946
1134	1137
2947	1137
2947	2948
1135	2948
1137	2949
1138	2949
2949	1140
2950	1140
1140	1143
2951	1143
2951	2952
1141	2952
1143	1146
1144	1146
1146	872
2953	872
2953	2955
2954	2955
2954	2956
1147	2956
1147	1149
2957	1149
2957	2959
2958	2959
2958	2960
1145	2960
1149	1152
2961	1152
2961	2964
2962	2964
2962	2965
2963	2965
2963	2966
1150	2966
1152	1155
2967	1155
2967	2968
1153	2968
1155	881
1156	881
1156	1158
2969	1158
2969	2970
1154	2970
1158	1161
1159	1161
1161	1164
1162	1164
1164	1167
1165	1167
1167	884
1168	884
1168	1170
1166	1170
1170	1173
2971	1173
2971	2973
2972	2973
2972	2974
1171	2974
1173	887
1174	887
1174	1176
2975	1176
2975	2977
2976	2977
2976	2978
1172	2978
1176	890
1177	890
1177	1179
2979	1179
2979	2980
1175	2980
1179	1182
2981	1182
2981	2982
1180	2982
1182	1185
2983	1185
2983	2984
1183	2984
1185	905
2985	905
2985	2986
1186	2986
1186	908
1184	908
1183	2988
2987	2988
2987	2989
1181	2989
2988	914
2989	914
2989	2991
2990	2991
1180	2992
1178	2992
2992	2994
2993	2994
2994	2996
2995	2996
2996	1188
2997	1188
1188	1191
2998	1191
2998	2999
1189	2999
1191	917
1192	917
1192	1194
1190	1194
1194	923
3000	923
3000	3002
3001	3002
3001	3003
1195	3003
1195	1197
3004	1197
3004	3006
3005	3006
3005	3007
1193	3007
1197	1200
1198	1200
1200	1203
3008	1203
3008	3010
3009	3010
3009	3011
1201	3011
1203	938
3012	938
3012	3014
3013	3014
3013	3015
1204	3015
1204	1206
1202	1206
1206	941
3016	941
3016	3017
1207	3017
1207	1209
1205	1209
1209	1212
3018	1212
3018	3019
1210	3019
1212	1215
3020	1215
3020	3021
1213	3021
1215	3022
1216	3022
3022	3024
3023	3024
3024	1218
3025	1218
1218	1221
3026	1221
3026	3028
3027	3028
3027	3029
1219	3029
1221	956
3030	956
3030	3032
3031	3032
3031	3033
1222	3033
1222	959
1220	959
1219	1224
3034	1224
3034	3036
3035	3036
3035	3037
1217	3037
1224	3038
1225	3038
3038	1227
3039	1227
1227	965
1228	965
1228	1230
1226	1230
1230	1233
1231	1233
1233	971
3040	971
3040	3041
1234	3041
1234	1236
3042	1236
3042	3043
1232	3043
1236	1239
3044	1239
3044	3045
1237	3045
1239	1242
3046	1242
3046	3047
1240	3047
1242	977
3048	977
3048	3049
1243	3049
1243	1245
1241	1245
1245	1248
3050	1248
3050	3051
1246	3051
1248	986
3052	986
3052	3053
1249	3053
1249	3054
1247	3054
3054	992
3055	992
1246	1251
3056	1251
3056	3057
1244	3057
1251	3059
3058	3059
3058	3060
1252	3060
3059	1254
3060	1254
3060	3062
3061	3062
1254	3064
3063	3064
3063	3065
1255	3065
3064	1257
3065	1257
3065	3067
3066	3067
1257	1260
3068	1260
3068	3071
3069	3071
3069	3072
3070	3072
3070	3073
1258	3073
1260	995
1261	995
1261	998
3074	998
3074	3076
3075	3076
3075	3077
1259	3077
1258	1263
3078	1263
3078	3079
1256	3079
1263	3080
1264	3080
3080	1266
3081	1266
1266	3083
3082	3083
3082	3084
1267	3084
3083	1001
3084	1001
3084	3086
3085	3086
1267	3088
3087	3088
3087	3089
1265	3089
3088	1269
3089	1269
3089	3091
3090	3091
1269	3092
1270	3092
3092	3094
3093	3094
3094	3096
3095	3096
3096	1028
3097	1028
1270	1272
3098	1272
3098	3099
1268	3099
1272	1275
3100	1275
3100	3101
1273	3101
1275	1034
3102	1034
3102	3103
1276	3103
1276	3104
1274	3104
3104	3106
3105	3106
3106	3108
3107	3108
3108	3110
3109	3110
3110	1271
3111	1271
1264	1278
3112	1278
3112	3113
1262	3113
1278	1281
1279	1281
1281	1284
1282	1284
1284	3114
1285	3114
3114	3116
3115	3116
3116	1287
3117	1287
1287	1037
1288	1037
1288	3118
1286	3118
3118	1290
3119	1290
1290	1043
1291	1043
1291	3120
1289	3120
3120	1208
3121	1208
1285	3122
1283	3122
3122	1211
3123	1211
1282	1293
1280	1293
1293	1296
3124	1296
3124	3125
1294	3125
1296	1214
3126	1214
3126	3127
1297	3127
1297	1299
3128	1299
3128	3129
1295	3129
1299	3131
3130	3131
3130	3132
1300	3132
3131	1302
3132	1302
3132	3134
3133	3134
1302	1223
3135	1223
3135	3136
1303	3136
1303	3137
1301	3137
3137	1305
3138	1305
1305	1253
3139	1253
3139	3140
1306	3140
1306	1298
3141	1298
3141	3142
1304	3142
1294	1277
3143	1277
3143	3144
1292	3144
1252	3145
1250	3145
3145	1238
3146	1238
1237	1229
1235	1229
1201	1046
3147	1046
3147	3149
3148	3149
3148	3150
1199	3150
1198	1052
3151	1052
3151	3153
3152	3153
3152	3154
1196	3154
1189	1308
3155	1308
3155	3156
1187	3156
1308	1055
1309	1055
1309	1058
1307	1058
1171	1311
3157	1311
3157	3160
3158	3160
3158	3161
3159	3161
3159	3162
1169	3162
1311	1314
3163	1314
3163	3165
3164	3165
3164	3166
1312	3166
1314	1317
3167	1317
3167	3170
3168	3170
3168	3171
3169	3171
3169	3172
1315	3172
1317	1061
1318	1061
1318	1064
3173	1064
3173	3175
3174	3175
3174	3176
1316	3176
1315	1320
1313	1320
1320	1323
1321	1323
1323	1070
1324	1070
1324	1326
3177	1326
3177	3178
1322	3178
1326	1329
3179	1329
3179	3180
1327	3180
1329	3181
1330	3181
3181	3183
3182	3183
3183	1332
3184	1332
1332	1335
3185	1335
3185	3187
3186	3187
3186	3188
1333	3188
1335	1338
3189	1338
3189	3191
3190	3191
3190	3192
1336	3192
1338	1341
3193	1341
3193	3195
3194	3195
3194	3196
1339	3196
1341	3197
1342	3197
3197	1344
3198	1344
1344	1073
1345	1073
1345	1088
1343	1088
1342	1091
3199	1091
3199	3200
1340	3200
1339	1347
1337	1347
1347	1094
1348	1094
1348	1350
1346	1350
1350	1353
1351	1353
1353	1100
1354	1100
1354	1356
3201	1356
3201	3202
1352	3202
1356	1359
3203	1359
3203	3204
1357	3204
1359	1362
1360	1362
1362	1106
3205	1106
3205	3206
1363	3206
1363	1365
3207	1365
3207	3208
1361	3208
1365	1368
3209	1368
3209	3211
3210	3211
3210	3212
1366	3212
1368	3214
3213	3214
3213	3215
1369	3215
3214	1371
3215	1371
3215	3217
3216	3217
1371	1115
3218	1115
3218	3219
1372	3219
1372	3220
1370	3220
3220	3222
3221	3222
3222	1118
3223	1118
1369	3224
1367	3224
3224	3226
3225	3226
3226	1374
3227	1374
1374	3229
3228	3229
3228	3230
1375	3230
3229	1377
3230	1377
3230	3232
3231	3232
1377	3233
1378	3233
3233	3235
3234	3235
3235	1380
3236	1380
1380	1121
3237	1121
3237	3238
1381	3238
1381	1383
3239	1383
3239	3240
1379	3240
1383	1386
3241	1386
3241	3242
1384	3242
1386	1133
3243	1133
3243	3244
1387	3244
1387	1389
3245	1389
3245	3246
1385	3246
1389	1392
3247	1392
3247	3248
1390	3248
1392	1395
1393	1395
1395	1398
3249	1398
3249	3250
1396	3250
1398	3251
1399	3251
3251	1136
3252	1136
1399	3253
1397	3253
3253	1139
3254	1139
1396	1401
3255	1401
3255	3256
1394	3256
1401	1404
3257	1404
3257	3258
1402	3258
1404	1407
3259	1407
3259	3260
1405	3260
1407	3262
3261	3262
3261	3263
1408	3263
3262	1151
3263	1151
3263	3265
3264	3265
1408	1410
3266	1410
3266	3267
1406	3267
1410	1413
3268	1413
3268	3269
1411	3269
1413	1416
3270	1416
3270	3271
1414	3271
1416	1157
3272	1157
3272	3273
1417	3273
1417	1160
1415	1160
1414	1328
3274	1328
3274	3275
1412	3275
1411	3277
3276	3277
3276	3278
1409	3278
3277	3280
3278	3280
3278	3281
3279	3281
3280	1331
3281	1331
3281	3283
3282	3283
1405	3284
1403	3284
3284	1419
3285	1419
1419	1422
3286	1422
3286	3287
1420	3287
1422	1425
1423	1425
1425	1428
1426	1428
1428	3288
1429	3288
3288	1334
3289	1334
1429	1431
1427	1431
1431	1349
3290	1349
3290	3291
1432	3291
1432	3293
3292	3293
3292	3294
1430	3294
3293	1434
3294	1434
3294	3296
3295	3296
1434	3297
1435	3297
3297	3299
3298	3299
3299	3301
3300	3301
3301	1355
3302	1355
1435	1437
3303	1437
3303	3304
1433	3304
1437	3306
3305	3306
3305	3307
1438	3307
3306	3309
3307	3309
3307	3310
3308	3310
3309	1373
3310	1373
3310	3312
3311	3312
1438	1440
3313	1440
3313	3314
1436	3314
1440	1443
3315	1443
3315	3316
1441	3316
1443	3317
1444	3317
3317	3319
3318	3319
3319	3321
3320	3321
3321	3323
3322	3323
3323	1446
3324	1446
1446	1376
1447	1376
1447	3325
1445	3325
3325	3327
3326	3327
3327	3329
3328	3329
3329	1449
3330	1449
1449	1391
1450	1391
1450	1452
3331	1452
3331	3332
1448	3332
1452	1400
1453	1400
1453	1418
3333	1418
3333	3334
1451	3334
1444	1421
3335	1421
3335	3336
1442	3336
1441	1424
1439	1424
1390	3337
1388	3337
3337	1382
3338	1382
1366	1358
1364	1358
1327	3339
1325	3339
3339	1163
3340	1163
1321	1310
1319	1310
1150	1142
1148	1142
1027	1004
1025	1004
955	944
953	944
788	3344
3341	3344
3341	3345
3342	3345
3342	3346
3343	3346
3343	3347
786	3347
3344	783
3345	783
3345	3349
3346	3349
3346	3350
3347	3350
3347	3351
3348	3351
580	572
578	572
490	479
488	479
425	417
3352	417
3352	3353
423	3353
377	366
3354	366
3354	3355
375	3355
338	327
3356	327
3356	3357
336	3357
326	318
324	318
215	207
3358	207
3358	3359
213	3359
2	0
1507	0
1507	1454
1508	1454
1525	3
1525	1455
5	1455
8	6
11	9
14	12
1460	12
1542	15
1542	1461
1542	16
1546	18
1546	19
1546	1464
23	21
23	1474
1475	1474
26	24
26	1476
1567	27
1567	1477
1567	1478
1568	1478
1477	27
32	30
32	1480
1482	1480
1482	1479
1481	1479
35	33
1487	33
1487	1484
1486	1484
1486	1483
1485	1483
1501	36
1501	1490
1501	1489
1500	1489
1500	1488
1499	1488
1499	37
1509	39
1509	1504
41	1504
41	1503
1506	1503
1506	1502
1505	1502
1616	42
1616	3372
44	3372
1514	3372
43	3372
1513	3372
47	45
47	1515
1516	1515
1626	48
1626	1517
1626	1518
1518	1517
53	51
1520	51
1520	1519
1526	54
1526	1521
1526	1522
1522	1521
59	57
59	1523
1524	1523
1531	60
1531	1530
62	1530
1654	63
1654	1532
65	1532
68	66
71	69
1537	69
1685	72
1685	1538
1686	1538
1686	73
1686	1539
77	75
1541	75
1541	1540
1688	78
1688	1543
1543	78
83	81
1545	81
1545	1544
86	84
1553	84
89	87
89	1554
1571	90
1571	91
1571	1559
1570	1559
1570	1560
1569	1560
1569	1561
1566	93
1566	1564
1566	1563
1565	1563
1565	1562
95	1562
3375	3373
3374	3375
3378	3375
3375	3376
3379	3376
3376	3377
3378	3379
3379	3380
1703	96
1703	3377
1703	3376
1704	3376
1704	3373
98	3373
1582	3373
1582	3375
1582	3374
1581	3374
1580	3374
1580	3378
1580	1577
1577	3378
1577	3381
1578	3381
1578	3380
1579	3380
1579	3377
3384	3382
3382	3383
3385	3383
1707	99
1707	3386
1707	3383
1708	3383
1708	3382
101	3382
1588	3382
1587	3382
1587	3384
1586	3384
1586	3387
1586	1583
1583	3387
1584	3387
1584	3385
1584	3386
1585	3386
3385	3387
104	102
104	1591
1593	1591
1593	1590
1592	1590
1592	1589
1745	105
1745	1599
1745	1598
1745	1600
1600	1598
110	108
110	1601
113	111
1604	111
116	114
116	1605
1763	117
1763	1608
1608	117
122	120
1610	120
1610	1609
125	123
125	1611
1612	1611
1779	126
1779	127
1779	1619
1795	129
1795	1620
131	1620
134	132
137	135
1628	138
1628	139
1628	1623
1627	1623
1625	141
1625	1624
143	1624
146	144
146	1630
1632	1630
1632	1629
1631	1629
149	147
1636	147
1636	1634
1635	1634
1635	1633
3388	3389
3391	3389
3389	3390
1809	150
1809	3390
1809	3389
1810	3389
1810	3388
152	3388
1640	3388
1640	3391
1639	3391
1639	3392
1639	1637
1637	3392
1638	3392
1638	3390
1825	153
1825	1642
155	1642
155	1641
158	156
1643	156
1651	159
1651	1644
161	1644
164	162
164	1652
1653	1652
1827	165
1827	166
170	168
173	171
176	174
1697	177
1697	178
1697	1667
1696	1667
1696	1668
1695	1668
182	180
182	1670
1672	1670
1672	1669
1671	1669
1687	183
1687	1682
1687	3394
185	3394
1684	3394
1684	3393
1683	3393
1683	1681
1681	3393
1682	3393
188	186
188	1700
1702	1700
1702	1699
1701	1699
1701	1698
1710	189
1710	1705
1710	1706
1709	1706
1705	189
1851	192
1851	1712
1851	3396
1852	3396
1853	3396
1853	3395
1853	1713
1713	3395
193	3395
1711	3395
1711	3396
1864	195
1864	1717
1864	3397
1865	3397
1865	1719
1719	3397
1718	3397
196	3397
1729	198
1729	1725
1729	1724
1728	1724
1728	199
203	201
203	1731
1733	1731
1733	1730
1732	1730
3401	3399
3399	3400
3402	3400
1901	204
1901	3398
1901	3400
1901	3399
1902	3399
1902	3401
1903	3401
1903	1738
1738	3401
1738	3402
1737	3402
1737	3403
1736	3403
1736	3404
205	3404
1734	3404
1734	3400
1735	3400
1735	3398
3400	3404
3359	207
3359	1741
209	1741
209	1740
1742	1740
1742	1739
1746	210
1746	1743
1746	1744
1744	1743
3358	213
3358	1749
3358	1750
1749	213
1749	1747
1748	1747
1757	216
1757	1753
1757	1752
1756	1752
1756	1751
1755	1751
1755	217
1754	217
1765	219
1765	1761
1765	1760
1764	1760
1764	1759
221	1759
221	1758
1762	1758
224	222
224	1767
1769	1767
1769	1766
1768	1766
1774	225
1774	1771
1773	1771
1773	1770
1772	1770
1772	226
230	228
230	1777
230	1776
1778	1776
1778	1775
233	231
1780	231
236	234
236	1787
1930	237
1930	238
1930	1788
1931	1788
242	240
1790	240
1790	1789
1796	243
1796	1791
1796	3405
245	3405
1792	3405
1792	1791
248	246
248	1793
1794	1793
1801	249
1801	1800
251	1800
254	252
254	1802
257	255
1959	258
1959	259
1967	261
1967	262
1967	1803
1968	1803
1968	1804
266	264
266	1806
1808	1806
1808	1805
1807	1805
269	267
1826	270
1826	1819
1819	270
275	273
275	1823
1824	1823
1830	276
1830	277
281	279
281	1831
284	282
1838	285
1838	286
290	288
290	1839
1840	1839
1855	291
1855	3406
1855	1849
1854	1849
1854	1850
1849	3406
1848	3406
1848	1847
1847	3406
2017	294
2017	1857
2017	1856
296	1856
2021	297
2021	1858
2021	1859
1858	297
1866	300
1866	1861
1866	3408
1866	3407
302	3407
1863	3407
1863	3408
1862	3408
1862	1860
1860	3408
2053	303
2053	3409
2054	3409
2054	1870
1870	3409
1869	3409
1868	3409
1868	1867
1867	3409
2073	306
2073	1873
2073	3410
308	3410
1875	3410
1874	3410
1874	1871
1871	3410
1872	3410
1883	309
1883	1877
1883	1876
1882	1876
1882	310
3414	3411
3411	3412
3415	3412
3416	3412
3412	3413
2081	312
2081	3413
2081	3412
2082	3412
2082	3411
2083	3411
2083	3414
314	3414
1888	3414
1888	3415
1887	3415
1887	3416
1886	3416
1886	3418
313	3418
1884	3418
1884	3417
1885	3417
1885	3413
3417	3418
2108	315
2108	1891
2108	3419
2109	3419
2109	3420
317	3420
1893	3420
1893	3421
1892	3421
1892	1889
1889	3421
1890	3421
1890	3420
1890	3419
320	318
320	1895
1896	1895
1896	1894
1904	321
1904	3422
1904	1900
1900	3422
1899	3422
1899	1897
1898	1897
1897	3422
326	324
326	1905
1906	1905
3357	327
3357	1910
329	1910
332	330
1911	330
335	333
335	1912
3356	336
3356	1915
1915	336
341	339
1918	339
1918	1916
1917	1916
344	342
344	1920
1921	1920
1921	1919
347	345
347	1925
1926	1925
350	348
350	1927
1933	351
1933	1928
1933	1929
1932	1929
1928	351
356	354
1937	354
1937	3423
1936	3423
1936	1934
1934	3423
1935	3423
359	357
1942	357
1942	1939
1941	1939
1941	1938
1940	1938
2136	360
2136	1945
2136	1944
2137	1944
2137	1943
362	1943
2140	363
2140	1946
2140	1947
2141	1947
1946	363
3355	366
3355	1949
368	1949
368	1948
371	369
1950	369
1958	372
1958	1951
374	1951
3354	375
3354	1960
1960	375
1970	378
1970	3424
1970	1966
1969	1966
1966	3424
1965	3424
1965	1964
1964	3424
2154	381
2154	1972
2154	1971
2155	1971
2155	382
2157	384
2157	1973
1973	384
389	387
1975	387
1975	1974
392	390
392	1979
1980	1979
2176	393
2176	1981
395	1981
398	396
2178	399
2178	1982
2178	1983
1982	399
1989	402
1989	1985
1988	1985
1988	1984
404	1984
407	405
407	1991
1992	1991
1992	1990
2198	408
2198	3426
2198	3425
410	3425
2001	3425
2001	3426
2000	3426
2000	1999
1999	3426
2018	411
2018	2007
2018	3427
413	3427
2008	3427
412	3427
2006	3427
2016	414
2016	2009
2016	415
3353	417
3353	2019
419	2019
2022	420
2022	2020
2020	420
3352	423
3352	2025
2025	423
2025	2023
2024	2023
428	426
2029	426
2029	2027
2028	2027
2028	2026
2204	429
2204	2031
2204	3428
431	3428
2032	3428
2032	2030
2030	3428
2215	432
2215	3430
2215	3429
2216	3429
2216	2035
2035	3429
2035	3430
2034	3430
2034	2033
2033	3430
437	435
437	2037
2038	2037
2038	2036
440	438
440	2039
2040	2039
443	441
2043	441
2043	2041
2042	2041
446	444
446	2045
2046	2045
2046	2044
449	447
2052	447
2052	2050
2051	2050
2246	450
2246	2057
2246	2058
2057	450
2268	453
2268	2064
2268	3431
2268	2066
2066	3431
2065	3431
2065	2063
2063	3431
2075	456
2075	2068
2075	3432
2074	3432
458	3432
2069	3432
2069	2067
2067	3432
2281	459
2281	2077
2281	2076
2282	2076
2282	460
2085	462
2085	2078
2085	2079
2084	2079
2084	2080
2078	462
2296	465
2296	2087
2296	2086
2296	2088
2088	2086
2301	468
2301	3360
2301	3361
2302	3361
2302	472
3360	468
3360	2089
471	2089
2329	473
2329	472
2329	3361
2330	3361
2330	3360
2331	3360
475	3360
475	471
478	476
2092	476
481	479
481	2093
2111	482
2111	483
2111	2094
2110	2094
2110	2095
487	485
487	2097
2099	2097
2099	2096
2098	2096
490	488
2116	488
2116	2113
2115	2113
2115	2112
2114	2112
2347	491
2347	2119
493	2119
493	2118
2120	2118
2120	2117
2122	494
2122	2121
496	2121
2355	497
2355	2123
499	2123
502	500
505	503
508	506
2357	509
2357	510
2357	2126
514	512
514	2127
2128	2127
517	515
517	2129
2378	518
2378	519
2143	521
2143	522
2143	2130
2142	2130
2142	2131
2139	524
2139	2133
2139	3433
2138	3433
2138	2135
2135	3433
2134	3433
2134	2132
2132	3433
2383	527
2383	2145
2384	2145
2384	2144
529	2144
2158	530
2158	2148
2158	2149
2148	530
2156	533
2156	2151
2156	2153
2153	2151
2153	2150
2152	2150
2390	536
2390	2159
2391	2159
2391	537
2391	2160
2392	2160
2402	539
2402	3434
2402	2163
2163	3434
2162	3434
2162	2161
2161	3434
544	542
544	2165
2166	2165
2166	2164
2168	545
2168	2167
547	2167
550	548
2170	548
2170	2169
2431	551
2431	2174
2431	3435
553	3435
552	3435
556	554
559	557
2177	560
2177	561
2177	2175
565	563
568	566
2455	569
2455	2191
2455	2192
2191	569
574	572
574	2194
2195	2194
2195	2193
577	575
2197	575
2197	2196
580	578
583	581
2206	584
2206	585
2206	2203
2205	2203
798	587
798	2208
3364	2208
3364	2207
3365	2207
3365	588
3366	588
3366	2209
3366	2210
799	2210
592	590
2214	590
2214	2212
2213	2212
2213	2211
2507	593
2507	594
2507	2221
2508	2221
2508	2222
598	596
2230	596
2230	2228
2229	2228
2229	2227
2236	599
2236	2232
2235	2232
2235	2231
2235	3436
601	3436
2233	3436
2233	2231
604	602
604	2234
607	605
610	608
610	2238
2239	2238
2239	2237
613	611
2241	611
2241	2240
2245	614
2245	2242
616	2242
619	617
2247	617
622	620
622	2248
2531	623
2531	2249
2531	2250
2249	623
2551	626
2551	2252
2551	3437
628	3437
2254	3437
2253	3437
2253	2251
2251	3437
631	629
631	2260
2261	2260
2261	2259
634	632
2264	632
2264	2262
2263	2262
2270	635
2270	2266
2270	3438
2269	3438
2269	2267
2267	3438
636	3438
2265	3438
2573	638
2573	2272
2573	3439
2573	2274
2274	3439
2273	3439
2273	2271
2271	3439
2582	641
2582	2276
2582	2275
2583	2275
2583	642
2284	644
2284	2279
2284	2280
2283	2280
2279	644
3442	3440
3440	3441
3443	3441
3443	3444
2307	647
2307	3444
2307	3441
2306	3441
2306	3440
2305	3440
2305	2289
2289	3440
2289	3442
2288	3442
2288	3443
2287	3443
2287	3445
648	3445
2285	3445
2286	3445
2286	3444
2304	650
2304	2292
652	2292
652	2291
2293	2291
2293	2290
2297	653
2297	2294
2297	2295
2295	2294
2303	656
2303	2300
2300	656
2299	656
2299	2298
2591	659
2591	2315
2591	2314
661	2314
2316	2314
2316	2313
664	662
664	2317
2318	2317
2607	665
2607	2319
667	2319
670	668
2320	668
673	671
673	2321
2637	674
2637	2322
2637	2323
2638	2323
2322	674
2334	677
2334	3446
2334	681
681	3446
3362	3446
680	3446
680	2324
2324	3446
2325	3446
684	682
684	681
2328	681
2328	3362
2327	3362
2327	680
2326	680
687	685
2336	685
2336	2335
690	688
690	2340
2341	2340
2348	691
2348	2342
2348	2343
2343	2342
2358	694
2358	2349
2358	2350
2350	2349
2356	697
2356	2351
2356	2352
2352	2351
702	700
702	2353
2354	2353
2367	703
2367	2362
2367	704
708	706
2370	706
2370	2368
2369	2368
711	709
711	2372
2374	2372
2374	2371
2373	2371
2661	712
2661	2376
2662	2376
2662	2375
714	2375
717	715
720	718
2377	718
2666	721
2666	2379
2379	721
2671	724
2671	3447
2671	728
2672	728
728	3447
3363	3447
727	3447
727	2380
2380	3447
2385	729
2385	728
2385	3448
731	3448
2382	3448
2382	727
2381	727
727	3448
3363	3448
2690	732
2690	2386
734	2386
2395	735
2395	2387
2395	2388
2394	2388
2394	2389
2393	2389
2387	735
2694	738
2694	2398
2695	2398
2695	2397
2696	2397
2696	2396
740	2396
2706	741
2706	2399
2399	741
746	744
2401	744
2401	2400
2715	747
2715	748
2715	2409
752	750
752	2413
755	753
2432	756
2432	757
2432	2424
2430	759
2430	2425
2430	760
764	762
2434	762
2434	2433
2737	765
2737	3449
767	3449
2436	3449
2436	2435
2435	3449
2739	768
2739	3450
2739	2439
2439	3450
2438	3450
2438	2437
2437	3450
2450	771
2450	2441
2449	2441
2449	2440
2448	2440
2448	772
2767	774
2767	2453
2767	2452
2768	2452
2768	2451
2769	2451
2769	775
2457	777
2457	778
2457	2454
2456	2454
1023	780
1023	2459
3369	2459
3369	2458
3369	3451
3370	3451
3370	2460
3371	2460
3371	2461
1024	2461
2460	3451
781	3451
3349	783
3349	2463
3350	2463
3350	2462
3351	2462
3351	784
3351	2464
3343	786
3343	2468
3343	787
3343	2469
3342	2469
3342	2470
3341	2470
2784	789
2784	2472
2785	2472
2785	2471
791	2471
2802	792
2802	2477
2802	2478
2803	2478
2477	792
2482	795
2482	3453
2482	3452
2481	3452
2481	799
799	3452
3366	3452
3366	3453
3365	3453
3364	3453
3364	3454
3364	2479
798	2479
2479	3454
2480	3454
795	3454
2814	800
2814	2488
2815	2488
2815	2487
802	2487
2836	803
2836	804
2836	2493
2837	2493
2837	2494
2848	806
2848	2496
2848	2495
2849	2495
2849	807
2852	809
2852	810
2852	2501
2853	2501
2853	2502
814	812
2506	812
2506	2504
2505	2504
2505	2503
2877	815
2877	816
820	818
823	821
2515	824
2515	825
829	827
832	830
2517	830
2517	2516
2912	833
2912	2521
2912	3455
2913	3455
2913	2523
2523	3455
2522	3455
2522	2521
838	836
838	2525
2527	2525
2527	2524
2526	2524
2530	839
2530	2529
2530	2528
2530	3456
841	3456
840	3456
844	842
847	845
850	848
2544	848
853	851
2570	854
2570	855
859	857
2572	857
2572	2571
2940	860
2940	2574
2940	2575
2941	2575
2941	2576
2942	2576
2574	860
3459	3458
2586	863
2586	2579
2586	3457
2585	3457
2585	3458
2585	3459
2584	3459
865	3459
2581	3459
2580	3459
2580	3460
864	3460
2577	3460
2577	3458
2578	3458
2578	3457
2593	866
2593	2589
2592	2589
2592	3461
868	3461
2590	3461
2590	2587
2587	3461
2588	3461
2597	869
2597	2595
2596	2595
2596	2594
871	2594
2955	872
2955	2603
2955	2602
2956	2602
2956	873
2609	875
2609	876
2609	2604
2608	2604
880	878
880	2605
2606	2605
883	881
883	2611
2612	2611
2612	2610
886	884
886	2616
2617	2616
889	887
889	2618
892	890
2619	890
895	893
895	2626
2639	896
2639	2630
2639	2631
2630	896
2629	896
901	899
901	2634
2636	2634
2636	2633
2635	2633
2635	2632
2643	902
2643	2640
904	2640
2986	905
2986	2644
907	2644
910	908
913	911
2991	914
2991	915
2991	2647
919	917
919	2648
922	920
3002	923
3002	2649
3002	2650
3003	2650
3003	2651
2649	923
2667	926
2667	2654
2667	2656
2656	2654
2656	2653
2655	2653
2655	2652
2663	929
2663	2658
2663	3462
2663	2660
2660	3462
2659	3462
2659	2657
2657	3462
2665	932
2665	2664
934	2664
2674	935
2674	2668
2674	3463
2673	3463
2673	2670
2670	3463
2669	3463
2669	2668
3014	938
3014	2676
3014	3464
3015	3464
940	3464
2677	3464
939	3464
2675	3464
3017	941
3017	2680
2680	941
2679	941
2679	2678
946	944
946	2682
2683	2682
2683	2681
2698	947
2698	2684
2698	3465
2697	3465
2697	2686
2686	3465
2685	3465
2685	2684
2693	950
2693	2688
2693	3466
2692	3466
2692	3467
2691	3467
2691	3468
952	3468
2689	3468
951	3468
2687	3468
2687	3467
2687	3466
955	953
2702	953
2702	2700
2701	2700
2701	2699
3032	956
3032	2704
3033	2704
3033	2703
958	2703
961	959
2707	962
2707	963
2707	2705
967	965
2709	965
2709	2708
2716	968
2716	2713
2716	2714
2714	2713
3041	971
3041	2717
973	2717
976	974
3049	977
3049	978
982	980
2732	980
2736	983
2736	2733
2736	984
3053	986
3053	987
991	989
2738	989
994	992
2742	992
997	995
997	2743
3076	998
3076	2744
3076	2745
3077	2745
2744	998
3086	1001
3086	3469
3086	2750
2750	3469
2749	3469
2749	2746
2748	2746
2746	3469
2747	3469
1006	1004
1006	2753
2756	2753
2756	3470
2755	3470
2755	2752
2755	2751
2754	2751
2752	3470
1009	1007
1011	1007
1011	2759
3367	2759
3367	2758
1010	2758
1010	2757
2771	1012
2771	1011
1014	1011
1014	3367
2761	3367
2761	1010
2760	1010
3471	3472
3473	3472
3475	3473
3473	3474
3475	3476
1019	1015
1019	3471
3368	3471
3368	3473
3368	3475
1018	3475
1018	3477
1017	3477
2766	3477
2765	3477
2765	3476
2764	3476
2764	3474
1016	3474
2762	3474
2762	3472
2763	3472
2763	3471
2770	1020
2770	3478
2770	3479
1022	3479
1024	3479
3371	3479
3371	3478
3371	3480
3370	3480
3370	3481
3370	3482
3369	3482
3369	1018
1023	1018
1018	3482
3368	3482
3368	3481
1019	3481
1019	3480
1019	3478
1027	1025
2772	1025
1030	1028
1030	2773
2787	1031
2787	2782
2787	2783
2786	2783
2782	1031
3103	1034
3103	2789
3103	3483
1036	3483
2791	3483
2790	3483
2790	2788
2788	3483
1039	1037
1039	2793
2794	2793
2794	2792
2805	1040
2805	2795
2805	2796
2805	3484
2804	3484
2804	2797
2797	3484
2796	2795
1045	1043
1045	2807
2809	2807
2809	2806
2808	2806
3149	1046
3149	2811
3150	2811
3150	2810
1048	2810
2817	1049
2817	2812
2817	2813
2816	2813
2812	1049
3153	1052
3153	2819
3153	3485
3154	3485
3154	2820
2820	3485
1053	3485
2818	3485
1057	1055
1057	2821
2822	2821
1060	1058
2825	1058
2824	1058
2824	2823
1063	1061
1063	2827
2828	2827
2828	2826
3486	3487
3175	1064
3175	3487
3175	3486
3176	3486
3176	2831
2831	3486
2830	3486
2830	3488
1065	3488
2829	3488
2829	3487
1069	1067
2835	1067
2835	2833
2834	2833
2834	2832
1072	1070
2838	1070
1075	1073
1075	2839
2858	1076
2858	2840
2840	1076
2856	1079
2856	3489
2857	3489
2857	2843
2843	3489
2842	3489
2842	2841
2841	3489
1084	1082
2847	1082
2847	2845
2846	2845
2846	2844
2855	1085
2855	2850
2855	2851
2854	2851
2850	1085
1090	1088
2860	1088
2860	2859
3200	1091
3200	3490
3200	2866
2866	3490
2865	3490
2865	2864
2864	3490
1096	1094
1096	2868
2870	2868
2870	2867
2869	2867
2879	1097
2879	2872
2879	3491
2878	3491
2878	2873
2873	3491
2873	2871
2871	3491
1102	1100
1102	2881
2883	2881
2883	2880
2882	2880
2893	1103
2893	2885
2892	2885
2892	2884
1105	2884
3206	1106
3206	3492
3206	2897
2897	3492
2896	3492
2896	2894
2894	3492
2895	3492
2907	1109
2907	2899
2907	2898
2906	2898
2906	1110
1114	1112
1114	2909
2911	2909
2911	2908
2910	2908
3219	1115
3219	1116
3219	2922
1120	1118
1120	2926
2927	2926
3238	1121
3238	2928
3238	1122
1126	1124
1129	1127
2944	1130
2944	2937
2944	2938
2943	2938
2943	2939
2937	1130
3244	1133
3244	2946
3244	3493
1135	3493
2947	3493
2947	2945
2945	3493
1138	1136
1138	2948
1141	1139
2951	1139
1144	1142
1144	2952
2958	1145
2958	1146
2958	2953
2957	2953
2957	2954
1150	1148
2963	1148
2963	2960
2962	2960
2962	2959
2961	2959
3265	1151
3265	2966
3265	2965
1153	2965
2967	2965
2967	2964
2969	1154
2969	2968
1156	2968
3273	1157
3273	2970
1159	2970
1162	1160
1165	1163
1168	1166
3159	1169
3159	1170
3159	2971
3158	2971
3158	2972
3157	2972
2976	1172
2976	2974
2976	2973
2975	2973
2975	1173
2979	1175
2979	2978
2979	2977
1177	2977
1180	1178
2981	1178
2981	2980
2987	1181
2987	2982
2987	3494
1183	3494
2983	3494
2983	2982
1186	1184
1186	2984
2985	2984
3155	1187
3155	1188
3155	2998
1192	1190
1192	2999
3005	1193
3005	3000
3005	3001
3004	3001
3000	1193
3152	1196
3152	3007
3151	3007
3151	3006
1198	3006
3148	1199
3148	3008
3148	3009
3147	3009
3008	1199
1204	1202
1204	3011
3013	3011
3013	3010
3012	3010
1207	1205
3016	1205
1210	1208
3018	1208
1213	1211
3020	1211
3020	3019
3127	1214
3127	3021
3127	1215
3035	1217
3035	3026
3035	3027
3034	3027
3026	1217
1222	1220
1222	3029
3031	3029
3031	3028
3030	3028
3136	1223
3136	3037
3136	3036
1225	3036
1228	1226
1231	1229
3042	1232
3042	3040
3040	1232
1237	1235
3044	1235
3044	3043
1240	1238
3046	1238
3046	3045
1243	1241
1243	3047
3048	3047
3056	1244
3056	1245
3056	3050
1249	1247
1249	3051
3052	3051
1252	1250
1252	3057
3058	3057
3140	1253
3140	3062
3140	3063
3063	3062
3078	1256
3078	3495
3078	3069
3078	3070
3069	3495
3068	3495
3068	3067
3067	3495
3075	1259
3075	3073
3075	3072
3074	3072
3074	3071
1261	3071
3112	1262
3112	3079
1264	3079
3087	1265
3087	3082
3082	1265
3098	1268
3098	3091
1270	3091
1273	1271
3100	1271
3100	3099
1276	1274
1276	3101
3102	3101
3144	1277
3144	3113
1279	3113
1282	1280
1285	1283
1288	1286
1291	1289
3143	1292
3143	3124
3124	1292
3128	1295
3128	3125
3128	3126
3126	3125
3142	1298
3142	3129
3142	3130
3130	3129
1303	1301
3135	1301
3135	3134
3141	1304
3141	1305
3141	3139
1309	1307
1309	3156
1312	1310
1312	3162
3164	3162
3164	3161
3163	3161
3163	3160
1315	1313
3169	1313
3169	3166
3168	3166
3168	3165
3167	3165
3174	1316
3174	3172
3174	3171
3173	3171
3173	3170
1318	3170
1321	1319
3177	1322
3177	1323
1327	1325
3179	1325
3179	3178
3275	1328
3275	3180
3275	1329
3283	1331
3283	3185
3283	3186
3185	1331
1336	1334
3190	1334
3190	3188
3189	3188
3189	3187
1339	1337
1339	3192
3194	3192
3194	3191
3193	3191
3199	1340
3199	3196
3199	3195
1342	3195
1345	1343
1348	1346
3291	1349
3291	1350
3201	1352
3201	1353
1357	1355
3203	1355
3203	3202
1360	1358
1360	3204
3207	1361
3207	3205
3205	1361
1366	1364
3210	1364
3209	1364
3209	3208
1369	1367
1369	3212
3213	3212
3213	3211
1372	1370
3218	1370
3218	3217
3312	1373
3312	1374
3312	3228
1378	1376
1378	3232
3239	1379
3239	1380
3239	3237
1384	1382
1384	3240
3241	3240
3245	1385
3245	3242
3245	3243
3243	3242
1390	1388
1390	3246
3247	3246
1393	1391
1393	3248
3255	1394
3255	1395
3255	3249
1399	1397
1399	3250
1402	1400
3257	1400
3257	3256
1405	1403
1405	3258
3259	3258
3266	1406
3266	3260
3266	3261
3261	3260
3276	1409
3276	3267
3276	3268
3268	3267
3274	1412
3274	3269
3274	3270
3270	3269
1417	1415
1417	3271
3272	3271
3334	1418
3334	1419
3334	3286
3336	1421
3336	3287
1423	3287
1426	1424
1429	1427
3292	1430
3292	1431
3292	3290
3303	1433
3303	3296
3303	1434
3313	1436
3313	3304
3313	3305
3305	3304
1441	1439
1441	3314
3315	3314
3335	1442
3335	3316
1444	3316
1447	1445
3331	1448
3331	1449
3333	1451
3333	3332
3333	1452
37	34
3498	3497
3499	3498
3499	3500
3499	1495
3499	1468
3499	1465
3499	19
3499	3496
3498	3496
3498	1456
3498	10
3497	10
3497	7
3497	1497
3500	1497
1497	7
1497	4
1456	3496
1456	1462
1458	1462
13	1462
1462	3496
1468	1495
1468	1493
1471	1493
1471	1491
22	1491
25	1491
25	31
31	1491
3	58
3	1510
1	1510
1510	58
43	58
46	58
46	55
46	52
6	59
9	61
9	3502
9	3501
8	3501
57	3501
56	3501
1527	3501
1527	3502
1533	67
1533	3504
1533	1459
1459	3504
1457	3504
1457	3503
1457	62
62	3503
64	3503
67	3503
15	76
15	3505
14	3505
14	1535
1534	1535
1535	3505
70	3505
73	3505
18	82
18	3506
1463	3506
17	3506
77	3506
79	3506
3508	3515
3509	3508
3510	3509
3510	3516
3511	3510
3511	3517
3512	3511
3512	3518
3513	3512
3514	3513
3507	3513
3515	3521
3516	3515
3517	3516
3517	3522
3518	3517
3519	3518
3520	3519
3514	3519
3522	3521
3523	3522
3520	3523
3524	3521
3524	1467
3524	1470
3520	1470
3520	1473
3514	1473
3514	21
3507	21
3507	1555
3513	1555
3513	88
3512	88
3512	85
3511	85
3511	1551
3510	1551
3510	1549
3509	1549
3508	1549
3508	1547
3508	83
3515	83
3515	20
3521	20
24	94
24	1557
24	1556
1556	1557
1557	94
27	95
3527	3526
3527	3528
3525	3527
3528	3530
3529	3528
3529	3531
3529	112
3529	1602
3525	1602
3525	109
3525	106
3525	1594
3527	1594
3527	103
3526	103
3526	97
3526	1572
3528	1572
3528	92
3530	92
3530	93
3530	3532
3530	115
3531	115
115	3532
30	3532
29	3532
97	103
33	116
35	36
3534	3533
3533	3535
3533	3539
3533	3536
3537	3536
3537	3540
3538	3543
3539	3538
3540	3539
3536	3539
3541	3540
3541	3545
3542	3541
3544	3543
3545	3544
3540	3544
3546	3545
3547	3546
3549	3548
3545	3549
3550	3548
3550	1512
3547	1512
3547	42
3547	1613
3546	1613
3542	1613
3542	124
3542	121
3542	3537
3537	121
3534	121
3534	118
3534	1606
3533	1606
3535	1606
3535	113
3535	3538
3538	113
3538	114
3543	114
3543	36
3543	3548
3548	36
3548	39
2	40
2	3552
1498	3552
1496	3552
1494	3552
1494	3551
1492	3551
38	3551
40	3551
3554	3556
3555	3554
3555	3557
3555	45
3555	142
3555	3553
3555	136
3554	136
3554	133
3554	1617
3556	1617
3556	125
3556	1615
3557	1615
3557	44
1617	133
1617	130
136	3553
1621	3553
139	3553
48	143
1645	160
1645	3558
1645	3559
1647	3559
1647	140
1647	141
1649	141
1649	50
140	3559
145	3559
145	3558
148	3558
148	154
154	3558
157	3558
3561	3560
3561	3563
3561	60
3561	63
3561	163
3560	163
3560	161
3560	1646
3560	1648
3563	1648
3563	1650
3563	3562
3563	1529
1529	3562
54	3562
53	3562
1536	69
1536	3565
1536	3566
66	3566
65	3566
164	3566
1655	3566
1655	3565
1655	3564
166	3564
1657	3564
169	3564
169	3565
3567	3568
3569	3568
3569	3571
3570	3569
3570	3572
3570	1677
3570	1673
3570	1661
3570	1659
3570	3567
3567	1659
3567	175
3567	172
3568	172
3568	170
3568	71
3571	71
3571	72
3572	72
3572	184
1661	1673
1663	1673
1663	181
1665	181
75	78
74	78
3573	3575
3573	3576
3573	1691
3573	1689
3573	182
3573	1676
3573	3574
3575	3574
3575	3577
3575	1548
3575	1550
3576	1550
3576	1552
3576	1693
1693	1552
1548	3577
81	3577
80	3577
80	1680
1680	3577
1680	3574
3578	3580
3578	3581
3580	3583
3581	3580
3581	3584
3581	3585
3579	3581
3579	3586
3584	3583
3584	3588
3585	3584
3585	3589
3586	3585
3586	3590
3582	3586
3582	3591
3589	3588
3589	3593
3590	3589
3590	3594
3591	3590
3587	3591
3587	3595
3587	3592
3587	90
3587	1576
3582	1576
3579	1576
3579	96
3579	187
3578	187
3578	179
3580	179
3583	179
3583	180
3583	1690
3583	1692
3588	1692
3588	1694
3593	1694
3593	86
3594	86
3594	87
3595	87
3595	1558
3592	1558
99	190
98	190
1726	199
1726	1720
1726	3597
102	3597
102	3596
101	3596
191	3596
193	3596
1714	3596
1714	3597
196	3597
105	211
105	208
1597	208
1597	205
1597	202
1597	1727
1727	202
108	217
108	214
107	214
1607	117
1607	220
1607	218
1607	1603
1603	218
120	226
120	223
119	223
1618	126
1618	3598
123	3598
122	3598
122	229
229	3598
129	247
129	1784
129	1781
128	1781
128	232
1784	247
1784	244
1784	241
235	241
132	248
135	250
135	3600
134	3600
134	3599
246	3599
245	3599
1797	3599
1797	3600
138	144
138	3601
1622	3601
1622	251
251	3601
253	3601
256	3601
147	257
150	265
149	265
255	265
255	259
259	265
153	274
153	3602
152	3602
266	3602
1811	3602
1811	3603
1813	3603
1813	3604
1815	3604
1815	3605
1817	3605
268	3605
271	3605
1820	3605
1820	3604
1820	3603
274	3603
156	275
159	162
159	1822
158	1822
1822	162
1822	1656
272	1656
168	171
168	3606
1658	3606
1658	269
167	269
269	3606
277	3606
1828	3606
280	278
1836	286
1836	283
1836	1834
174	1834
174	1832
174	1829
1829	1832
177	186
177	3611
177	3610
1666	3610
1666	3609
1664	3609
1664	3608
1662	3608
1660	3608
1660	1837
1837	3608
287	3608
289	3608
1841	3608
1841	3609
1841	3610
1844	3610
1844	3611
1844	3607
292	3607
192	3607
192	186
186	3607
3613	3612
3613	3614
3613	1716
3613	301
3613	298
3612	298
3612	295
3612	293
3614	293
3614	194
301	1716
3615	3617
3616	3615
3616	3618
3616	1878
3616	307
3616	304
3615	304
3615	302
3617	302
3617	197
3617	1723
3618	1723
3618	198
3618	1880
1880	198
307	1878
204	322
204	1881
1881	322
1879	322
1879	319
311	319
313	319
3619	3622
3620	3619
3620	3623
3621	3620
3623	3622
3623	3625
3624	3623
3626	3625
3626	3627
3626	334
3624	334
3624	331
3621	331
3621	328
3621	1907
3621	325
3620	325
3619	325
3619	323
3619	206
3619	207
3622	207
3622	215
3622	216
3625	216
3625	219
3627	219
3627	222
210	213
225	228
225	1913
224	1913
1913	228
3629	3628
3629	3634
3630	3629
3630	3635
3631	3630
3631	3636
3632	3631
3628	3638
3628	3633
3634	3633
3634	3639
3635	3634
3635	3640
3636	3635
3636	3641
3637	3636
3639	3638
3633	3638
3640	3639
3640	3644
3641	3640
3642	3641
3642	3645
3644	3643
3639	3643
3645	3644
3646	3645
3644	3647
3648	3647
3648	233
3648	1783
3646	1783
3646	1786
3642	1786
3637	1786
3637	234
3632	234
3632	349
3632	346
3631	346
3631	1922
3630	1922
3630	343
3629	343
3628	343
3628	340
3628	337
3628	332
3638	332
3638	333
3643	333
3647	333
3647	1914
237	352
237	350
1952	373
1952	3650
1952	3649
1954	3649
1954	3651
1956	3651
1956	353
1956	239
353	3651
355	3651
355	3649
358	3649
358	3650
361	3650
364	3650
367	3650
370	3650
3652	3654
3653	3652
3653	3655
3653	258
3653	374
3653	1953
3652	1953
3652	1955
3654	1955
3654	1957
3654	243
3654	1799
3654	249
3655	249
3655	252
243	1957
261	379
261	3656
260	3656
372	3656
372	1961
372	376
1961	3656
276	279
3657	3661
3658	3657
3658	3662
3658	279
3658	397
3658	394
3658	391
3657	391
3657	1976
3657	3660
3661	3660
3661	1818
3662	1818
3662	267
1818	3660
1816	3660
1816	3659
1814	3659
1812	3659
1812	385
1812	263
263	385
263	382
385	3659
388	3659
388	3660
1986	403
1986	3663
1986	1833
1986	1835
1833	3663
281	3663
398	3663
400	3663
285	288
285	2014
284	2014
284	3665
1987	3665
1987	3664
1987	1993
1987	406
1993	3664
1996	3664
1996	2012
409	2012
409	2010
2002	2010
412	2010
2012	3664
2014	3664
3666	3668
3667	3666
3667	3669
3667	3670
3667	294
3667	416
3667	2011
3666	2011
3666	2013
3668	2013
3668	2015
3668	290
3668	1843
3669	1843
3669	1846
3670	1846
3670	291
297	421
297	418
296	418
414	418
300	303
300	3672
299	3672
299	2047
299	3671
422	3671
424	3671
424	442
427	442
427	439
430	439
430	436
442	3671
445	3671
2047	3672
448	3672
2070	457
2070	454
2070	2059
2070	3673
306	3673
305	3673
305	3674
449	3674
2055	3674
451	3674
2059	3674
309	312
309	3676
308	3676
2072	3676
2072	3675
458	3675
460	3675
463	3675
463	3676
3677	3680
3678	3677
3680	3679
3680	3683
3681	3680
3682	3681
3682	3684
3682	486
3682	480
3682	477
3681	477
3678	477
3678	2090
3678	474
3677	474
3677	466
3677	464
3677	3679
3679	464
3679	314
3679	315
3679	2104
3683	2104
3683	2100
3684	2100
466	474
480	486
318	326
318	2107
2107	326
2107	1909
2103	1909
487	1909
487	327
487	338
321	324
330	336
342	495
342	492
342	489
341	489
341	484
507	504
345	504
345	501
1924	501
1924	498
1924	496
348	351
348	354
348	508
505	506
357	516
357	2124
356	2124
2124	516
2124	513
360	525
360	522
359	522
517	522
363	526
366	377
366	2146
365	2146
365	523
523	2146
2146	377
2146	1963
531	1963
534	1963
381	1963
369	375
384	535
387	546
386	546
386	543
533	543
533	540
532	540
390	558
390	3685
1978	3685
1978	2171
1978	549
389	549
2171	3685
552	3685
555	3685
393	561
393	559
396	399
396	562
402	405
402	3688
401	3688
560	3688
560	3687
557	3687
556	3687
564	3687
2179	3687
2179	3688
2181	3688
2181	3686
2183	3686
2183	2189
2183	2187
2185	2187
2189	3686
2189	3688
408	576
408	3690
1998	3690
1998	3691
1995	3691
1995	2190
2190	3691
2188	3691
2188	3689
568	3689
570	3689
570	3690
573	3690
3690	3689
411	417
411	3693
2005	3693
2005	2199
2005	579
410	579
2199	3693
2199	3692
582	3692
426	3692
425	3692
425	3693
420	423
429	585
429	2201
428	2201
432	591
432	586
586	591
606	603
435	603
435	3695
434	3695
592	3695
2217	3695
2217	3694
2219	3694
2219	2223
2223	3694
597	3694
600	3694
603	3694
438	607
604	605
441	605
2243	615
2243	3698
2243	3697
444	3697
444	3696
443	3696
602	3696
601	3696
609	3696
609	3697
609	3698
612	3698
2056	450
2056	616
2056	3699
447	3699
2049	3699
2049	2244
2244	3699
3701	3700
3701	3702
3701	2255
3701	627
3701	621
3701	618
3700	618
3700	613
3700	614
3702	614
3702	452
3702	630
630	452
630	2062
633	2062
633	453
621	627
456	459
456	3704
455	3704
637	3704
639	3704
639	3703
639	2277
2277	3703
645	3703
459	3703
462	465
461	465
646	465
646	651
651	465
468	657
467	657
3707	3706
3705	3706
3708	3707
3710	3709
3711	3710
3707	3710
3711	3712
3711	473
3711	683
3708	683
3708	678
3708	672
3708	3705
3705	672
3705	669
3705	666
3706	666
3706	663
3706	660
3706	3709
3709	660
3709	2308
3712	2308
3712	649
3712	650
3712	470
470	650
672	678
2332	684
2332	2091
2091	684
3714	3713
3714	3716
3713	3719
3713	3715
3716	3715
3716	3721
3717	3716
3717	3722
3718	3717
3718	3723
3715	3719
3715	3725
3715	3720
3721	3720
3721	3726
3722	3721
3722	3727
3723	3722
3723	3728
3724	3723
3720	3725
3727	3726
3727	3730
3728	3727
3729	3728
3729	3731
3729	491
3729	2344
3724	2344
3724	692
3724	689
3718	689
3718	2337
3717	2337
3714	2337
3714	686
3713	686
3713	679
3713	682
3719	682
3719	2333
3719	478
3725	478
3725	479
3726	479
3730	479
3730	490
3731	490
482	488
494	497
494	2346
2346	497
2346	701
2346	698
693	698
500	702
2125	509
2125	3733
2125	3732
503	3732
502	3732
700	3732
699	3732
509	3732
2363	704
2363	2359
2363	3734
2365	3734
2365	511
511	3734
697	3734
696	3734
3735	3737
3736	3735
3736	3738
3736	719
3736	716
3736	713
3736	710
3735	710
3735	707
3735	705
3735	2364
3737	2364
3737	2366
3737	3739
3738	3739
3738	518
518	3739
515	3739
514	3739
521	527
521	3740
520	3740
720	3740
720	725
725	3740
730	3740
530	536
2147	536
2147	736
529	736
529	733
539	745
538	745
538	742
737	742
3741	3743
3743	3742
3744	3743
3744	3745
3744	2414
3744	751
3744	2410
3741	2410
3741	2407
3741	2405
3743	2405
3743	2403
3742	2403
3742	541
3742	542
3742	2416
3745	2416
541	2403
2407	2410
545	548
545	3747
545	2417
2417	3747
2415	3747
2415	3746
752	3746
2418	3746
754	3746
754	2426
2420	2426
2422	2426
2422	760
2426	3746
2428	3746
2428	3747
551	761
551	3748
2173	3748
2173	3749
550	3749
2429	3749
2429	3748
2427	3748
554	563
553	563
759	563
759	2446
758	2446
763	2446
763	2444
763	2442
766	2442
769	2442
3750	3752
3752	3751
3752	3754
3753	3752
3753	3755
3753	2184
3753	2186
3753	566
3750	566
3750	778
3750	775
3750	773
3750	3751
3751	773
3751	2443
3751	2445
3754	2445
3754	2447
3754	2180
3754	2182
3755	2182
2180	2447
778	566
3756	3757
3758	3757
3758	3759
3758	584
3758	587
3758	2475
3756	2475
3756	2473
3756	790
3756	787
3757	787
3757	2465
3757	3760
3759	3760
3759	2202
2202	3760
581	3760
581	2465
2200	2465
2200	3761
580	3761
572	3761
571	3761
571	784
779	784
784	3761
2475	587
793	587
575	578
3764	3763
3764	3766
3764	2218
3764	3765
3764	2499
3763	2499
3763	2497
3763	3762
3763	2483
3763	797
3763	589
3766	589
3766	590
2483	3762
801	3762
2489	3762
2489	2497
2491	2497
2491	807
2499	3765
2499	813
813	3765
593	3765
2220	3765
596	822
596	2513
2226	2513
2226	2511
595	2511
595	2509
814	2509
814	819
599	608
599	823
823	608
825	608
611	617
611	829
831	826
620	840
620	3768
619	3768
619	3767
827	3767
826	3767
2518	3767
2518	3768
834	3768
837	3768
623	841
2545	849
2545	3771
2545	3770
2548	3770
2548	3769
2548	839
626	839
839	3769
838	3769
2532	3769
2534	3769
2534	3770
2536	3770
2536	3771
2538	3771
2538	846
2538	2542
2540	2542
846	3771
3773	3772
3773	3775
3774	3773
3774	3776
3774	2552
3774	850
3774	2547
3773	2547
3773	2550
3772	2550
3772	628
3772	2258
3775	2258
3775	629
3775	2556
3776	2556
3776	2554
3779	3778
3777	3778
3779	3780
3781	3780
3781	2555
3781	3782
3781	2566
3781	2564
3779	2564
3777	2564
3777	855
3777	852
3777	2562
3778	2562
3778	2560
3778	2558
3778	2553
3780	2553
2553	2558
2553	847
2566	3782
2568	3782
2568	2557
2568	631
2557	3782
3784	3783
3784	3785
3784	635
3784	638
3784	858
3783	858
3783	856
3783	2565
3783	2567
3785	2567
3785	2569
3785	634
641	864
641	861
641	859
644	647
644	2312
2278	2312
2278	659
643	659
643	867
653	656
662	870
661	870
665	879
665	2598
664	2598
2598	879
873	879
668	880
3787	3786
3787	3790
3787	3791
3788	3787
3788	3792
3786	3789
3790	3789
3790	3795
3791	3790
3791	3796
3792	3791
3792	3797
3793	3792
3789	3794
3795	3794
3795	3800
3796	3795
3796	3801
3797	3796
3794	3799
3801	3800
3801	3803
3802	3801
3802	3804
3802	894
3802	2623
3802	3798
3798	2623
3798	2620
3793	2620
3793	891
3793	888
3788	888
3788	885
3788	2613
3787	2613
3786	2613
3786	882
3789	882
3789	877
3794	877
3794	878
3799	878
3799	670
3799	671
3799	3803
3803	671
3803	2627
3804	2627
674	900
674	2628
2628	900
2628	897
677	685
676	685
2641	903
2641	3805
2641	3806
688	3806
2339	3806
2339	898
687	898
898	3806
898	3805
3807	3808
3807	3809
3807	912
3807	909
3807	2642
3808	2642
3808	690
3808	3810
3808	2361
3809	2361
3809	703
3809	2645
2645	703
2361	3810
694	3810
691	3810
2642	909
2642	906
709	921
709	3811
708	3811
2646	3811
2646	915
915	3811
918	3811
712	930
712	924
712	922
924	930
715	933
714	933
718	721
717	721
724	936
723	936
932	936
932	928
729	732
729	3812
726	3812
937	3812
937	942
942	3812
945	3812
948	3812
951	3812
735	738
734	738
741	963
741	3813
740	3813
950	3813
949	3813
954	3813
957	3813
960	3813
3814	3816
3815	3814
3815	3817
3815	2408
3815	747
3815	969
3815	2710
3815	966
3814	966
3814	964
3814	743
3816	743
3816	744
3816	2404
3817	2404
3817	2406
3819	3818
3819	3820
3821	3820
3822	3821
3822	3823
3822	3824
3822	2724
3822	2722
3821	2722
3821	2720
3819	2720
3819	2718
3818	2718
3818	972
3818	970
3818	749
3820	749
3820	2412
3823	2412
3823	750
3824	750
3824	2419
3824	753
3824	975
756	762
2423	762
2423	2734
2423	3825
2421	3825
2421	2726
2421	976
2726	3825
2728	3825
2728	2734
2730	2734
2730	984
2730	981
765	985
765	3826
764	3826
2735	3826
768	990
767	990
983	990
983	987
3828	3830
3829	3828
3829	3831
3830	3833
3831	3830
3832	3831
3832	3834
3832	774
3832	1008
3832	1005
3829	1005
3829	3827
3828	3827
3828	993
3830	993
3830	2740
3833	2740
3833	991
3833	770
3833	771
3834	771
993	3827
996	3827
996	1002
1002	3827
1008	774
1013	774
777	780
3835	780
3835	1021
3835	1017
776	777
3836	3841
3837	3836
3837	3842
3838	3837
3838	3843
3839	3838
3840	3845
3841	3840
3842	3841
3842	3846
3843	3842
3843	3847
3843	3344
3844	3344
3844	788
3839	788
3839	2780
3839	2778
3838	2778
3838	2776
3837	2776
3837	2774
3836	2774
3836	1029
3836	3840
3840	1029
3840	1026
3845	1026
3845	1009
3845	3848
3846	3848
3846	783
3847	783
783	3848
782	3848
782	1012
1012	3848
2780	788
2780	789
3348	785
3348	3849
3348	2467
785	2467
2798	1041
2798	3850
2798	2476
2476	3850
2474	3850
2474	1035
2474	1033
1035	3850
1038	3850
1047	1044
2486	800
2486	1042
2486	2801
2486	794
1042	800
1044	800
803	1068
803	3851
2492	3851
2492	3852
2490	3852
2490	1051
1051	3852
1053	3852
1056	3852
1059	3852
1062	3852
1062	3851
1065	3851
1069	805
806	1083
806	1074
806	1071
1074	1083
1077	1083
809	1086
809	3854
2500	3854
2500	3853
2498	3853
808	3853
808	3854
1084	3854
1098	1095
812	815
811	815
1087	815
1087	1078
1078	815
1078	2874
1089	2874
2861	2874
2861	1095
817	818
3855	3856
3855	3857
3855	3858
3855	1101
3855	1099
3856	1099
3856	2876
3856	818
3857	818
3857	2890
3857	2888
3858	2888
3858	2886
3858	1104
3861	3860
3861	3862
3861	2904
3861	2902
3861	2889
3861	2891
3860	2891
3860	2510
3860	2512
3862	2512
3862	2514
2904	2514
2904	821
830	821
2510	2891
2889	2902
2889	3859
2887	3859
2887	2900
2887	1107
1107	2900
2900	3859
3864	3863
3864	3865
3864	3866
3864	1111
3864	2901
3864	2903
3863	2903
3863	2905
3865	2905
3865	832
3865	2520
3866	2520
3866	833
3866	1113
2541	842
2541	2923
2541	2920
2539	2920
2539	2918
2537	2918
2535	2918
2535	2916
2533	2916
2533	2914
836	2914
835	2914
2920	2923
2923	842
1119	842
1119	1125
2563	851
2563	2931
2563	3868
2561	3868
2561	3867
2559	3867
2559	2543
2543	3867
844	3867
1126	3867
1128	3867
2929	3867
2929	3868
3870	3869
3870	3872
3869	3871
3872	3871
3872	2932
3872	853
3872	854
3873	854
3873	857
3873	860
3870	860
3870	1131
3869	1131
3869	2935
3871	2935
3871	2933
3871	2930
2930	2933
3875	3874
3875	3878
3876	3875
3878	3877
3874	3877
3879	3878
3878	3880
3881	3880
3881	862
3881	866
3881	869
3879	869
3879	2601
3876	2601
3876	872
3876	1143
3875	1143
3875	1140
3874	1140
3874	2949
3877	2949
3877	1137
3877	1132
3880	1132
1132	1137
1143	872
866	862
875	881
875	3882
875	1147
1147	3882
1149	3882
1152	3882
1155	3882
884	1167
884	1164
2615	1164
2615	1161
883	1161
1156	1161
887	1173
887	1168
1168	1173
890	1176
889	1176
893	896
893	902
2625	902
2625	905
2625	1185
2622	1185
2622	1182
2622	1179
892	1179
908	1186
911	914
911	3883
910	3883
1184	3883
1183	3883
2988	3883
3886	3885
3886	3887
3886	1191
3886	1188
3886	2996
3886	2994
3885	2994
3885	3884
3885	916
3887	916
3887	917
916	3884
2990	3884
1181	3884
1180	3884
2992	3884
920	923
920	1194
919	1194
926	935
926	3888
925	3888
1195	3888
1195	1203
1197	1203
1203	3888
938	3888
941	1206
940	1206
944	955
944	956
944	3890
943	3890
1207	3890
1207	3889
1209	3889
1212	3889
1212	3022
3022	3889
3024	3889
3024	3890
1218	3890
1221	3890
947	953
959	1222
962	965
962	1219
961	1219
1219	965
1219	3038
3038	965
968	971
968	3892
968	3891
2712	3891
967	3891
1228	3891
1230	3891
1230	3892
1233	3892
3895	3894
3895	3896
3895	3897
3895	2729
3895	2731
3895	977
3895	1242
3894	1242
3894	3893
3894	2721
3894	2723
3896	2723
3896	2725
3897	2725
3897	2727
2727	2725
2721	3893
2719	3893
2719	1236
2719	1234
1236	3893
1239	3893
980	986
979	986
979	1248
979	1245
2741	992
2741	3054
2741	988
988	3054
3898	3899
3898	3900
3898	3901
3899	3903
3900	3899
3900	3904
3900	3905
3901	3900
3901	3906
3902	3901
3905	3904
3905	3908
3905	3909
3906	3905
3906	3910
3907	3906
3907	3911
3910	3909
3910	3913
3911	3910
3911	3914
3912	3914
3912	3055
3912	994
3912	995
3907	995
3902	995
3902	1260
3898	1260
3898	1257
3899	1257
3899	3064
3903	3064
3903	1254
3903	3059
3904	3059
3908	3059
3908	1251
3909	1251
3913	1251
3913	1246
3914	1246
3914	1247
998	1261
3083	1266
3083	3915
3083	1259
3083	1000
1259	3915
1258	3915
1263	3915
3080	3915
3916	3917
3916	3918
3916	3919
3917	3921
3918	3917
3918	3922
3919	3918
3919	3923
3919	3924
3920	3919
3922	3921
3922	3926
3923	3922
3923	3927
3924	3923
3924	3928
3927	3926
3927	3930
3928	3927
3928	3931
3929	3931
3929	1028
3929	3096
3929	3925
3925	3096
3925	3094
3920	3094
3920	3092
3916	3092
3916	1269
3916	3088
3917	3088
3917	1267
3921	1267
3921	3085
3926	3085
3926	1003
3930	1003
3930	1004
3930	1027
3931	1027
1007	1025
1015	1020
3934	3933
3934	3936
3935	3934
3935	3937
3935	3938
3935	1275
3935	1272
3935	3932
3935	3093
3934	3093
3934	3095
3933	3095
3933	3097
3933	2775
3933	2777
3936	2777
3936	2779
3937	2779
3937	2781
3937	3939
3938	3939
1275	3939
1034	3939
1031	3939
2775	3097
3093	3932
1270	3932
3940	3941
3941	3943
3942	3941
3942	3944
3942	3081
3942	1265
3942	3090
3940	3090
3940	1268
3940	3110
3941	3110
3941	3108
3943	3108
3943	3114
3943	1284
3944	1284
3944	1281
3081	1281
3081	1278
3114	3108
3116	3108
3116	3106
1287	3106
1287	3104
1037	3104
1036	3104
3110	1268
1040	1043
1040	3945
1040	1288
1288	3945
3118	3945
1290	3945
1046	1201
1046	1291
1291	1201
1291	3946
3120	3946
1208	3946
1205	3946
1202	3946
1049	1052
1048	1052
1199	1052
1055	1308
1055	1189
1054	1189
1196	1189
1196	1190
1058	1309
3947	3948
3947	3949
3947	3950
3951	3950
3951	3952
3951	1061
3951	1317
3951	1314
3951	1311
3947	1311
3947	1171
3948	1171
3948	1172
3948	1175
3948	2993
3949	2993
3949	2995
3950	2995
3950	2997
3952	2997
3952	1187
3952	1307
3952	1060
2993	1175
1064	1318
1067	1070
1067	3953
1066	3953
1316	3953
1315	3953
1320	3953
1323	3953
3957	3956
3957	3958
3957	3197
3957	1341
3957	1338
3957	1335
3957	1332
3957	3183
3956	3183
3956	3955
3956	1072
3958	1072
3958	1073
3958	1344
1072	3955
1072	3954
1324	3954
1326	3954
1329	3954
3181	3954
3181	3955
1076	1088
1076	1345
1082	1085
1091	1342
1091	3198
2863	3198
1090	3198
1094	1347
1094	1340
1340	1347
1097	1100
1097	1348
1348	1100
1350	1100
1103	1106
1103	1356
1103	1354
1356	1106
1356	1362
3959	3960
3960	3963
3961	3960
3961	3964
3962	3961
3962	3965
3962	2921
3962	1371
3962	3214
3962	1368
3961	1368
3959	1368
3959	1365
3959	1363
3959	1108
3959	1109
3960	1109
3963	1109
3963	1112
3963	2915
3964	2915
3964	2917
3965	2917
3965	2919
1371	2921
3220	1372
3220	1117
3220	3966
3222	3966
1118	3966
2925	3966
1121	1380
1121	3235
1120	3235
3223	3235
3223	3233
3223	1377
3221	1377
3221	3229
3221	3967
1370	3967
1370	3224
3216	3224
3224	3967
3226	3967
1374	3967
1124	1127
1123	1127
1381	1127
1381	2934
1383	2934
1383	2936
1386	2936
1386	1130
1398	1395
3251	1395
3251	1392
3251	1389
1136	1389
1136	1387
3253	1399
3253	3252
3253	2950
2950	3252
1396	1397
3968	3969
3968	3970
3970	3969
3970	3973
3970	3974
3971	3970
3969	3976
3969	3972
3973	3972
3973	3978
3974	3973
3974	3979
3975	3974
3975	3980
3972	3976
3972	3982
3972	3977
3978	3977
3978	3984
3979	3978
3977	3983
3984	3983
3984	1141
3984	1142
3985	1142
3985	1150
3985	3980
3980	1150
3981	1150
3981	1151
3981	3262
3975	3262
3971	3262
3971	1407
3971	1404
3968	1404
3969	1404
3969	1401
3976	1401
3982	1401
3982	1397
3982	3254
3982	3983
3983	3254
1145	1148
1154	1157
1154	3264
3264	1157
3264	1416
3264	1413
3264	1410
1160	1417
3339	1327
3339	3987
1163	3987
1163	3986
1162	3986
1415	3986
1414	3986
1414	3987
1328	3987
1166	1169
1166	3340
3340	1169
3340	1310
3340	3988
1325	3988
1322	3988
1321	3988
3122	1285
3122	3115
3122	3989
3122	3121
3122	1210
3121	3989
1289	3989
3119	3989
3119	3117
3117	3989
1214	1296
1214	3991
1214	3990
1213	3990
3123	3990
1283	3990
1283	3991
1282	3991
1293	3991
1217	1223
3025	1223
3025	3993
3023	3993
3023	3992
1216	3992
1297	3992
1299	3992
3131	3992
3131	3993
1302	3993
3994	3996
3995	3994
3995	3997
3995	3145
3995	1252
3995	3061
3994	3061
3994	1253
3994	3137
3996	3137
3996	1303
3996	3039
3996	1226
3997	1226
3997	3998
3145	3998
3145	1237
1237	3998
1229	3998
3039	1303
3137	1253
1232	1235
1241	1244
1241	4001
1241	4000
1240	4000
3146	4000
3146	3999
1250	3999
1244	3999
4001	3999
1256	1262
3066	1262
3066	1277
3066	1294
3066	1295
3066	1306
1306	1295
4002	4004
4002	4003
4002	3109
4002	3111
4002	1273
4004	1273
4004	1274
4004	3105
4003	3105
4003	3107
1280	1292
3138	1304
3138	1300
3138	3133
1313	1319
4005	4006
4005	4007
4005	3184
4005	3280
4005	3277
4006	3277
4006	1411
4006	1412
4007	1412
4007	1330
4007	3182
3280	3184
4008	4010
4008	4011
4008	3282
4008	4009
4008	3284
4010	3284
4010	1405
4010	1406
4010	1409
4011	1409
4011	3279
3284	4009
3284	1425
3284	1422
1425	4009
1428	4009
1428	3282
3288	3282
3288	1333
1337	1346
1337	4012
1336	4012
3289	4012
1429	4012
1431	4012
1349	4012
4013	4015
4014	4013
4014	4016
4014	4017
4014	3299
4014	3297
4014	3293
4013	3293
4013	1432
4015	1432
4015	1351
4015	1352
4016	1352
4016	1355
4016	3301
4017	3301
3293	3297
1437	1435
4018	4019
4018	4020
4018	3309
4018	3306
4018	3298
4018	3300
4019	3300
4019	3302
4019	4021
4020	4021
4020	3225
4020	3227
4020	1373
3225	4021
1367	4021
1367	3302
1366	3302
1358	3302
3298	3306
1361	1364
1443	1440
4022	4023
4024	4023
4024	4025
4024	3323
4024	3321
4024	3319
4022	3319
4022	3317
4022	1440
4022	3308
4022	3311
4023	3311
4023	1375
4025	1375
4025	3231
4025	1376
4025	1446
3308	1440
1379	1382
3236	1382
3236	4026
3234	4026
3234	3325
3234	1447
3325	4026
3325	3337
3327	3337
3329	3337
3329	1390
3329	1391
3337	4026
1385	1388
1385	3338
1394	1400
1394	1450
1450	1400
3285	1418
3285	4027
1403	4027
1403	4028
1402	4028
1453	4028
1453	4027
4030	4029
4029	4031
4031	4034
4031	4033
4032	4033
4032	3330
4032	1448
4032	1451
4030	1451
4030	1420
4030	3318
4030	3320
4029	3320
4029	3322
4031	3322
4034	3322
4034	3324
4034	1445
4034	3326
4033	3326
4033	3328
3318	1420
3318	1421
1424	1441
1424	1442
1433	1436
1427	1430
1427	4035
1426	4035
1439	4035
1439	3295
3295	4035
0	1454
1454	1455
1454	1
1	3
4	5
5	6
7	8
8	9
10	11
11	1457
1456	1457
1457	1459
1458	1459
1459	12
13	1460
1460	1461
1460	14
14	15
16	17
17	1463
1462	1463
1463	18
19	1464
1464	1466
1464	20
20	1467
1465	1466
1466	1469
1466	1467
1467	1470
1468	1469
1469	1472
1469	1470
1470	1473
1471	1472
1472	1474
1472	1473
1473	21
22	1475
1475	1476
1475	23
23	24
25	26
26	27
28	1477
1477	1479
1477	1478
1478	1480
1478	29
29	30
31	1481
1481	1483
1481	1482
1482	1484
1482	32
32	33
34	1485
1485	1488
1485	1486
1486	1489
1486	1487
1487	1490
1487	35
35	36
37	38
38	1492
1491	1492
1492	1494
1493	1494
1494	1496
1495	1496
1496	1498
1497	1498
1498	2
38	1499
1499	1502
1499	1500
1500	1503
1500	1501
1501	1504
1501	36
36	39
40	1505
1505	1507
1505	1506
1506	1508
1506	41
41	1
41	1509
1509	1511
1509	39
39	1512
1510	1511
1511	1513
1511	1512
1512	42
43	1514
1514	1515
1514	44
44	45
46	1516
1516	1517
1516	47
47	48
49	1518
1518	1519
1518	50
50	51
52	1520
1520	1521
1520	53
53	54
55	1522
1522	1523
1522	56
56	57
58	1524
1524	1525
1524	59
59	5
59	57
57	8
56	1526
1526	1528
1526	54
54	1529
1527	1528
1528	1530
1528	1529
1529	60
61	62
62	11
62	1531
1531	1532
1531	60
60	63
64	65
65	66
67	68
68	1534
1533	1534
1534	14
68	66
66	1536
1535	1536
1536	69
70	1537
1537	1538
1537	71
71	72
73	1539
1539	1540
1539	74
74	75
76	1541
1541	1542
1541	77
77	17
77	75
75	78
79	1543
1543	1544
1543	80
80	81
82	1545
1545	1546
1545	83
83	20
83	81
81	1548
1547	1548
1548	1550
1549	1550
1550	1552
1551	1552
1552	84
85	1553
1553	1554
1553	86
86	87
88	89
89	1556
1555	1556
1556	23
89	87
87	1558
1557	1558
1558	90
91	1559
1559	1562
1559	1560
1560	1563
1560	1561
1561	1564
1561	92
92	93
94	95
95	26
95	1565
1565	1567
1565	1566
1566	1568
1566	93
93	29
92	1569
1569	1573
1569	1570
1570	1574
1570	1571
1571	1575
1571	90
90	1576
1572	1573
1573	1577
1573	1574
1574	1578
1574	1575
1575	1579
1575	1576
1576	96
97	1580
1580	1583
1580	1581
1581	1584
1581	1582
1582	1585
1582	98
98	99
100	1586
1586	1589
1586	1587
1587	1590
1587	1588
1588	1591
1588	101
101	102
103	1592
1592	1595
1592	1593
1593	1596
1593	104
104	1597
1594	1595
1595	1598
1595	1596
1596	1599
1596	1597
1597	105
106	1600
1600	1601
1600	107
107	108
109	110
110	1603
1602	1603
1603	111
112	1604
1604	1605
1604	113
113	114
115	116
116	32
116	114
114	35
113	111
111	1607
1606	1607
1607	117
118	1608
1608	1609
1608	119
119	120
121	1610
1610	1611
1610	122
122	123
124	1612
1612	1614
1612	125
125	1615
1613	1614
1614	1616
1614	1615
1615	44
125	123
123	1618
1617	1618
1618	126
127	1619
1619	1620
1619	128
128	129
130	131
131	132
133	134
134	135
136	137
137	1622
1621	1622
1622	138
139	1623
1623	1624
1623	140
140	141
142	143
143	47
143	1625
1625	1626
1625	141
141	50
140	1627
1627	1629
1627	1628
1628	1630
1628	138
138	144
145	1631
1631	1633
1631	1632
1632	1634
1632	146
146	147
148	1635
1635	1637
1635	1636
1636	1638
1636	149
149	150
151	1639
1639	1641
1639	1640
1640	1642
1640	152
152	153
154	155
155	156
157	1643
1643	1644
1643	158
158	159
160	161
161	1646
1645	1646
1646	1648
1647	1648
1648	1650
1649	1650
1650	53
161	1651
1651	1652
1651	159
159	162
163	1653
1653	1654
1653	164
164	65
164	162
162	1656
1655	1656
1656	165
166	167
167	1658
1657	1658
1658	168
169	170
170	71
170	168
168	171
172	173
173	174
175	176
176	1660
1659	1660
1660	1662
1661	1662
1662	1664
1663	1664
1664	1666
1665	1666
1666	177
178	1667
1667	1669
1667	1668
1668	1670
1668	179
179	180
181	1671
1671	1674
1671	1672
1672	1675
1672	182
182	1676
1673	1674
1674	1678
1674	1675
1675	1679
1675	1676
1676	1680
1677	1678
1678	1681
1678	1679
1679	1682
1679	1680
1680	183
184	1683
1683	1685
1683	1684
1684	1686
1684	185
185	74
185	1687
1687	1688
1687	183
183	80
182	180
180	1690
1689	1690
1690	1692
1691	1692
1692	1694
1693	1694
1694	86
179	1695
1695	1698
1695	1696
1696	1699
1696	1697
1697	1700
1697	177
177	186
187	1701
1701	1703
1701	1702
1702	1704
1702	188
188	98
188	186
186	189
190	1705
1705	1707
1705	1706
1706	1708
1706	191
191	101
191	1709
1709	1711
1709	1710
1710	1712
1710	189
189	192
193	1713
1713	1715
1713	194
194	1716
1714	1715
1715	1717
1715	1716
1716	195
196	1718
1718	1721
1718	1719
1719	1722
1719	197
197	1723
1720	1721
1721	1724
1721	1722
1722	1725
1722	1723
1723	198
199	200
200	1727
1726	1727
1727	104
200	1728
1728	1730
1728	1729
1729	1731
1729	198
198	201
202	1732
1732	1734
1732	1733
1733	1735
1733	203
203	204
205	1736
1736	1739
1736	1737
1737	1740
1737	1738
1738	1741
1738	206
206	207
208	1742
1742	1743
1742	209
209	210
211	1744
1744	1745
1744	212
212	107
212	1746
1746	1747
1746	210
210	213
214	1748
1748	1751
1748	1749
1749	1752
1749	1750
1750	1753
1750	215
215	216
217	218
218	110
218	1754
1754	1758
1754	1755
1755	1759
1755	1756
1756	1760
1756	1757
1757	1761
1757	216
216	219
220	1762
1762	1763
1762	221
221	119
221	1764
1764	1766
1764	1765
1765	1767
1765	219
219	222
223	1768
1768	1770
1768	1769
1769	1771
1769	224
224	225
226	227
227	122
227	1772
1772	1775
1772	1773
1773	1776
1773	1774
1774	1777
1774	225
225	228
229	1778
1778	1779
1778	230
230	128
230	228
228	231
232	1780
1780	1782
1780	233
233	1783
1781	1782
1782	1785
1782	1783
1783	1786
1784	1785
1785	1787
1785	1786
1786	234
235	236
236	237
238	1788
1788	1789
1788	239
239	240
241	1790
1790	1791
1790	242
242	243
244	1792
1792	1793
1792	245
245	246
247	1794
1794	1795
1794	248
248	131
248	246
246	134
245	1796
1796	1798
1796	243
243	1799
1797	1798
1798	1800
1798	1799
1799	249
250	251
251	137
251	1801
1801	1802
1801	249
249	252
253	254
254	255
256	257
257	146
257	255
255	149
254	252
252	258
259	260
260	261
262	1803
1803	1805
1803	1804
1804	1806
1804	263
263	264
265	1807
1807	1809
1807	1808
1808	1810
1808	266
266	152
266	264
264	1812
1811	1812
1812	1814
1813	1814
1814	1816
1815	1816
1816	1818
1817	1818
1818	267
268	269
269	270
271	1819
1819	1821
1819	272
272	1822
1820	1821
1821	1823
1821	1822
1822	273
274	1824
1824	1825
1824	275
275	155
275	273
273	158
272	1826
1826	1827
1826	270
270	167
269	267
267	276
277	278
278	1829
1828	1829
1829	173
278	1830
1830	1831
1830	276
276	279
280	281
281	1833
1832	1833
1833	1835
1834	1835
1835	282
283	284
284	285
286	287
287	1837
1836	1837
1837	176
287	1838
1838	1839
1838	285
285	288
289	1840
1840	1842
1840	290
290	1843
1841	1842
1842	1845
1842	1843
1843	1846
1844	1845
1845	1847
1845	1846
1846	291
292	1848
1848	1851
1848	1849
1849	1852
1849	1850
1850	1853
1850	293
293	194
293	1854
1854	1856
1854	1855
1855	1857
1855	291
291	294
295	296
296	297
298	1858
1858	1860
1858	1859
1859	1861
1859	299
299	300
301	1862
1862	1864
1862	1863
1863	1865
1863	302
302	197
302	1866
1866	1867
1866	300
300	303
304	1868
1868	1871
1868	1869
1869	1872
1869	1870
1870	1873
1870	305
305	306
307	1874
1874	1876
1874	1875
1875	1877
1875	308
308	309
310	311
311	1879
1878	1879
1879	1881
1880	1881
1881	203
311	1882
1882	1884
1882	1883
1883	1885
1883	309
309	312
313	1886
1886	1889
1886	1887
1887	1890
1887	1888
1888	1891
1888	314
314	315
316	1892
1892	1894
1892	1893
1893	1895
1893	317
317	318
319	1896
1896	1897
1896	320
320	321
322	1898
1898	1901
1898	1899
1899	1902
1899	1900
1900	1903
1900	323
323	206
323	1904
1904	1905
1904	321
321	324
325	1906
1906	1908
1906	326
326	1909
1907	1908
1908	1910
1908	1909
1909	327
328	329
329	330
331	1911
1911	1912
1911	332
332	333
334	335
335	224
335	333
333	1914
1913	1914
1914	233
332	330
330	336
337	1915
1915	1916
1915	338
338	339
340	1917
1917	1919
1917	1918
1918	1920
1918	341
341	342
343	1921
1921	1923
1921	344
344	1924
1922	1923
1923	1925
1923	1924
1924	345
346	1926
1926	1927
1926	347
347	348
349	350
350	236
350	348
348	351
352	1928
1928	1930
1928	1929
1929	1931
1929	353
353	239
353	1932
1932	1934
1932	1933
1933	1935
1933	351
351	354
355	1936
1936	1938
1936	1937
1937	1939
1937	356
356	357
358	1940
1940	1943
1940	1941
1941	1944
1941	1942
1942	1945
1942	359
359	360
361	362
362	363
364	1946
1946	1948
1946	1947
1947	1949
1947	365
365	366
367	368
368	369
370	1950
1950	1951
1950	371
371	372
373	374
374	1953
1952	1953
1953	1955
1954	1955
1955	1957
1956	1957
1957	242
374	1958
1958	1959
1958	372
372	260
371	369
369	375
376	1960
1960	1962
1960	377
377	1963
1961	1962
1962	1964
1962	1963
1963	378
379	1965
1965	1967
1965	1966
1966	1968
1966	380
380	263
380	1969
1969	1971
1969	1970
1970	1972
1970	378
378	381
382	383
383	384
385	1973
1973	1974
1973	386
386	387
388	1975
1975	1977
1975	389
389	1978
1976	1977
1977	1979
1977	1978
1978	390
391	1980
1980	1981
1980	392
392	393
394	395
395	396
397	398
398	281
398	396
396	399
400	1982
1982	1984
1982	1983
1983	1985
1983	401
401	402
403	404
404	1987
1986	1987
1987	284
404	1988
1988	1990
1988	1989
1989	1991
1989	402
402	405
406	1992
1992	1994
1992	407
407	1995
1993	1994
1994	1997
1994	1995
1995	1998
1996	1997
1997	1999
1997	1998
1998	408
409	2000
2000	2003
2000	2001
2001	2004
2001	410
410	2005
2002	2003
2003	2006
2003	2004
2004	2007
2004	2005
2005	411
412	2008
2008	2009
2008	413
413	414
415	416
416	2011
2010	2011
2011	2013
2012	2013
2013	2015
2014	2015
2015	290
416	2016
2016	2017
2016	414
414	296
413	2018
2018	2019
2018	411
411	417
418	419
419	420
421	2020
2020	2021
2020	422
422	299
422	2022
2022	2023
2022	420
420	423
424	2024
2024	2026
2024	2025
2025	2027
2025	425
425	426
427	2028
2028	2030
2028	2029
2029	2031
2029	428
428	429
430	2032
2032	2033
2032	431
431	432
433	2034
2034	2036
2034	2035
2035	2037
2035	434
434	435
436	2038
2038	2039
2038	437
437	438
439	2040
2040	2041
2040	440
440	441
442	2042
2042	2044
2042	2043
2043	2045
2043	443
443	444
445	2046
2046	2048
2046	446
446	2049
2047	2048
2048	2050
2048	2049
2049	447
448	2051
2051	2053
2051	2052
2052	2054
2052	449
449	305
449	447
447	2056
2055	2056
2056	450
451	2057
2057	2060
2057	2058
2058	2061
2058	452
452	2062
2059	2060
2060	2063
2060	2061
2061	2064
2061	2062
2062	453
454	2065
2065	2067
2065	2066
2066	2068
2066	455
455	456
457	2069
2069	2071
2069	458
458	2072
2070	2071
2071	2073
2071	2072
2072	308
458	2074
2074	2076
2074	2075
2075	2077
2075	456
456	459
460	461
461	462
463	2078
2078	2081
2078	2079
2079	2082
2079	2080
2080	2083
2080	464
464	314
464	2084
2084	2086
2084	2085
2085	2087
2085	462
462	465
466	2088
2088	2089
2088	467
467	468
473	472
469	471
474	475
475	2091
2090	2091
2091	476
477	2092
2092	2093
2092	478
478	479
480	481
481	482
483	2094
2094	2096
2094	2095
2095	2097
2095	484
484	485
486	2098
2098	2101
2098	2099
2099	2102
2099	487
487	2103
2100	2101
2101	2105
2101	2102
2102	2106
2102	2103
2103	2107
2104	2105
2105	2108
2105	2106
2106	2109
2106	2107
2107	317
487	485
485	341
484	2110
2110	2112
2110	2111
2111	2113
2111	482
482	488
489	2114
2114	2117
2114	2115
2115	2118
2115	2116
2116	2119
2116	490
490	491
492	2120
2120	2121
2120	493
493	494
495	496
496	344
496	2122
2122	2123
2122	494
494	497
498	499
499	500
501	502
502	503
504	505
505	506
507	508
508	347
508	506
506	356
505	503
503	2125
2124	2125
2125	509
510	2126
2126	2127
2126	511
511	512
513	2128
2128	2129
2128	514
514	515
516	517
517	359
517	515
515	518
519	520
520	521
522	2130
2130	2132
2130	2131
2131	2133
2131	523
523	524
525	2134
2134	2136
2134	2135
2135	2137
2135	526
526	362
526	2138
2138	2140
2138	2139
2139	2141
2139	524
524	365
523	2142
2142	2144
2142	2143
2143	2145
2143	521
521	527
528	529
529	2147
2146	2147
2147	530
531	2148
2148	2150
2148	2149
2149	2151
2149	532
532	533
534	2152
2152	2154
2152	2153
2153	2155
2153	535
535	383
535	2156
2156	2157
2156	533
533	386
532	2158
2158	2159
2158	530
530	536
537	2160
2160	2161
2160	538
538	539
540	2162
2162	2164
2162	2163
2163	2165
2163	541
541	542
543	2166
2166	2167
2166	544
544	545
546	547
547	389
547	2168
2168	2169
2168	545
545	548
549	2170
2170	2172
2170	550
550	2173
2171	2172
2172	2174
2172	2173
2173	551
552	553
553	554
555	556
556	557
558	559
559	392
559	557
557	560
561	2175
2175	2176
2175	562
562	395
562	2177
2177	2178
2177	560
560	401
556	554
554	563
564	565
565	2180
2179	2180
2180	2182
2181	2182
2182	2184
2183	2184
2184	2186
2185	2186
2186	566
567	568
568	2188
2187	2188
2188	2190
2189	2190
2190	407
568	566
566	569
570	2191
2191	2193
2191	2192
2192	2194
2192	571
571	572
573	2195
2195	2196
2195	574
574	575
576	2197
2197	2198
2197	577
577	410
577	575
575	578
579	580
580	2200
2199	2200
2200	581
582	583
583	428
583	581
581	2202
2201	2202
2202	584
585	2203
2203	2204
2203	586
586	431
586	2205
2205	2207
2205	2206
2206	2208
2206	584
584	587
588	2209
2209	2211
2209	2210
2210	2212
2210	589
589	590
591	2213
2213	2215
2213	2214
2214	2216
2214	592
592	434
592	590
590	2218
2217	2218
2218	2220
2219	2220
2220	593
594	2221
2221	2224
2221	2222
2222	2225
2222	595
595	2226
2223	2224
2224	2227
2224	2225
2225	2228
2225	2226
2226	596
597	2229
2229	2231
2229	2230
2230	2232
2230	598
598	599
600	2233
2233	2234
2233	601
601	602
603	604
604	605
606	607
607	437
607	605
605	440
604	602
602	443
601	2235
2235	2237
2235	2236
2236	2238
2236	599
599	608
609	2239
2239	2240
2239	610
610	611
612	2241
2241	2242
2241	613
613	614
615	616
616	2244
2243	2244
2244	446
616	2245
2245	2246
2245	614
614	452
613	611
611	617
618	2247
2247	2248
2247	619
619	620
621	622
622	623
624	2249
2249	2251
2249	2250
2250	2252
2250	625
625	626
627	2253
2253	2256
2253	2254
2254	2257
2254	628
628	2258
2255	2256
2256	2259
2256	2257
2257	2260
2257	2258
2258	629
630	2261
2261	2262
2261	631
631	632
633	2263
2263	2265
2263	2264
2264	2266
2264	634
634	635
636	2267
2267	2268
2267	637
637	455
637	2269
2269	2271
2269	2270
2270	2272
2270	635
635	638
639	2273
2273	2275
2273	2274
2274	2276
2274	640
640	641
642	643
643	2278
2277	2278
2278	644
645	2279
2279	2281
2279	2280
2280	2282
2280	646
646	461
646	2283
2283	2285
2283	2284
2284	2286
2284	644
644	647
648	2287
2287	2290
2287	2288
2288	2291
2288	2289
2289	2292
2289	649
649	650
651	2293
2293	2294
2293	652
652	653
654	2295
2295	2296
2295	655
655	467
655	2297
2297	2298
2297	653
653	656
657	2299
2299	2301
2299	2300
2300	2302
2300	658
658	470
658	2303
2303	2304
2303	656
656	652
649	2305
2305	2309
2305	2306
2306	2310
2306	2307
2307	2311
2307	647
647	2312
2308	2309
2309	2313
2309	2310
2310	2314
2310	2311
2311	2315
2311	2312
2312	659
660	2316
2316	2317
2316	661
661	662
663	2318
2318	2319
2318	664
664	665
666	667
667	668
669	2320
2320	2321
2320	670
670	671
672	673
673	674
675	2322
2322	2324
2322	2323
2323	2325
2323	676
676	677
682	681
678	680
683	2326
2326	2329
2326	2327
2327	2330
2327	2328
2328	2331
2328	684
684	475
684	682
682	2333
2332	2333
2333	478
679	2334
2334	2335
2334	677
677	685
686	2336
2336	2338
2336	687
687	2339
2337	2338
2338	2340
2338	2339
2339	688
689	2341
2341	2342
2341	690
690	691
692	2343
2343	2345
2343	693
693	2346
2344	2345
2345	2347
2345	2346
2346	493
693	2348
2348	2349
2348	691
691	694
695	2350
2350	2351
2350	696
696	697
698	2352
2352	2353
2352	699
699	700
701	2354
2354	2355
2354	702
702	499
702	700
700	502
699	2356
2356	2357
2356	697
697	511
696	2358
2358	2360
2358	694
694	2361
2359	2360
2360	2362
2360	2361
2361	703
704	705
705	2364
2363	2364
2364	2366
2365	2366
2366	514
705	2367
2367	2368
2367	703
703	706
707	2369
2369	2371
2369	2370
2370	2372
2370	708
708	709
710	2373
2373	2375
2373	2374
2374	2376
2374	711
711	712
713	714
714	715
716	717
717	718
719	2377
2377	2378
2377	720
720	520
720	718
718	721
722	2379
2379	2380
2379	723
723	724
729	728
725	727
730	2381
2381	2383
2381	2382
2382	2384
2382	731
731	529
731	2385
2385	2386
2385	729
729	732
733	734
734	735
736	2387
2387	2390
2387	2388
2388	2391
2388	2389
2389	2392
2389	737
737	538
737	2393
2393	2396
2393	2394
2394	2397
2394	2395
2395	2398
2395	735
735	738
739	740
740	741
742	2399
2399	2400
2399	743
743	744
745	2401
2401	2402
2401	746
746	541
746	744
744	2404
2403	2404
2404	2406
2405	2406
2406	2408
2407	2408
2408	747
748	2409
2409	2411
2409	749
749	2412
2410	2411
2411	2413
2411	2412
2412	750
751	752
752	2415
2414	2415
2415	2417
2416	2417
2417	544
752	750
750	2419
2418	2419
2419	753
754	755
755	2421
2420	2421
2421	2423
2422	2423
2423	756
757	2424
2424	2425
2424	758
758	759
760	761
761	2427
2426	2427
2427	2429
2428	2429
2429	550
761	2430
2430	2431
2430	759
759	553
758	2432
2432	2433
2432	756
756	762
763	2434
2434	2435
2434	764
764	765
766	2436
2436	2437
2436	767
767	768
769	2438
2438	2440
2438	2439
2439	2441
2439	770
770	771
772	773
773	2443
2442	2443
2443	2445
2444	2445
2445	2447
2446	2447
2447	565
773	2448
2448	2451
2448	2449
2449	2452
2449	2450
2450	2453
2450	771
771	774
775	776
776	777
778	2454
2454	2455
2454	779
779	571
779	2456
2456	2458
2456	2457
2457	2459
2457	777
777	780
781	2460
2460	2462
2460	2461
2461	2463
2461	782
782	783
784	2464
2464	2466
2464	785
785	2467
2465	2466
2466	2468
2466	2467
2467	786
787	2469
2469	2471
2469	2470
2470	2472
2470	788
788	789
790	791
791	2474
2473	2474
2474	2476
2475	2476
2476	792
793	2477
2477	2479
2477	2478
2478	2480
2478	794
794	795
589	799
796	798
797	2481
2481	2484
2481	2482
2482	2485
2482	795
795	2486
2483	2484
2484	2487
2484	2485
2485	2488
2485	2486
2486	800
801	802
802	2490
2489	2490
2490	2492
2491	2492
2492	803
804	2493
2493	2495
2493	2494
2494	2496
2494	805
805	806
807	808
808	2498
2497	2498
2498	2500
2499	2500
2500	809
810	2501
2501	2503
2501	2502
2502	2504
2502	811
811	812
813	2505
2505	2507
2505	2506
2506	2508
2506	814
814	595
814	812
812	815
816	817
817	818
819	820
820	2510
2509	2510
2510	2512
2511	2512
2512	2514
2513	2514
2514	821
822	823
823	598
823	821
821	824
825	826
826	827
828	829
829	610
829	827
827	619
826	2515
2515	2516
2515	824
824	830
831	2517
2517	2519
2517	832
832	2520
2518	2519
2519	2521
2519	2520
2520	833
834	2522
2522	2524
2522	2523
2523	2525
2523	835
835	836
837	2526
2526	2528
2526	2527
2527	2529
2527	838
838	839
840	841
841	622
841	2530
2530	2531
2530	839
839	625
838	836
836	2533
2532	2533
2533	2535
2534	2535
2535	2537
2536	2537
2537	2539
2538	2539
2539	2541
2540	2541
2541	842
843	844
844	2543
2542	2543
2543	845
846	847
847	848
849	2544
2544	2546
2544	850
850	2547
2545	2546
2546	2549
2546	2547
2547	2550
2548	2549
2549	2551
2549	2550
2550	628
850	848
848	2553
2552	2553
2553	2555
2554	2555
2555	2557
2556	2557
2557	631
847	845
845	2559
2558	2559
2559	2561
2560	2561
2561	2563
2562	2563
2563	851
852	853
853	854
855	856
856	2565
2564	2565
2565	2567
2566	2567
2567	2569
2568	2569
2569	634
856	2570
2570	2571
2570	854
854	857
858	2572
2572	2573
2572	859
859	640
859	857
857	860
861	2574
2574	2577
2574	2575
2575	2578
2575	2576
2576	2579
2576	862
862	863
864	2580
2580	2582
2580	2581
2581	2583
2581	865
865	643
865	2584
2584	2587
2584	2585
2585	2588
2585	2586
2586	2589
2586	863
863	866
867	2590
2590	2591
2590	868
868	661
868	2592
2592	2594
2592	2593
2593	2595
2593	866
866	869
870	871
871	664
871	2596
2596	2599
2596	2597
2597	2600
2597	869
869	2601
2598	2599
2599	2602
2599	2600
2600	2603
2600	2601
2601	872
873	874
874	875
876	2604
2604	2605
2604	877
877	878
879	2606
2606	2607
2606	880
880	667
880	878
878	670
877	2608
2608	2610
2608	2609
2609	2611
2609	875
875	881
882	2612
2612	2614
2612	883
883	2615
2613	2614
2614	2616
2614	2615
2615	884
885	2617
2617	2618
2617	886
886	887
888	889
889	890
891	2619
2619	2621
2619	892
892	2622
2620	2621
2621	2624
2621	2622
2622	2625
2623	2624
2624	2626
2624	2625
2625	893
894	895
895	2628
2627	2628
2628	673
895	893
893	896
897	2629
2629	2632
2629	2630
2630	2633
2630	2631
2631	2634
2631	898
898	899
900	2635
2635	2637
2635	2636
2636	2638
2636	901
901	676
901	899
899	687
898	2639
2639	2640
2639	896
896	902
903	904
904	2642
2641	2642
2642	690
904	2643
2643	2644
2643	902
902	905
906	907
907	908
909	910
910	911
912	913
913	2646
2645	2646
2646	708
913	911
911	914
915	2647
2647	2648
2647	916
916	917
918	919
919	920
921	922
922	711
922	920
920	923
924	2649
2649	2652
2649	2650
2650	2653
2650	2651
2651	2654
2651	925
925	926
927	2655
2655	2657
2655	2656
2656	2658
2656	928
928	929
930	2659
2659	2661
2659	2660
2660	2662
2660	931
931	714
931	2663
2663	2664
2663	929
929	932
933	934
934	717
934	2665
2665	2666
2665	932
932	723
928	2667
2667	2668
2667	926
926	935
936	2669
2669	2671
2669	2670
2670	2672
2670	937
937	726
937	2673
2673	2675
2673	2674
2674	2676
2674	935
935	938
939	2677
2677	2678
2677	940
940	941
942	2679
2679	2681
2679	2680
2680	2682
2680	943
943	944
945	2683
2683	2684
2683	946
946	947
948	2685
2685	2687
2685	2686
2686	2688
2686	949
949	950
951	2689
2689	2690
2689	952
952	734
952	2691
2691	2694
2691	2692
2692	2695
2692	2693
2693	2696
2693	950
950	740
949	2697
2697	2699
2697	2698
2698	2700
2698	947
947	953
954	2701
2701	2703
2701	2702
2702	2704
2702	955
955	956
957	958
958	959
960	961
961	962
963	2705
2705	2706
2705	964
964	743
964	2707
2707	2708
2707	962
962	965
966	2709
2709	2711
2709	967
967	2712
2710	2711
2711	2713
2711	2712
2712	968
969	2714
2714	2715
2714	970
970	749
970	2716
2716	2717
2716	968
968	971
972	973
973	2719
2718	2719
2719	2721
2720	2721
2721	2723
2722	2723
2723	2725
2724	2725
2725	974
975	976
976	755
976	974
974	2727
2726	2727
2727	2729
2728	2729
2729	2731
2730	2731
2731	977
978	979
979	980
981	2732
2732	2733
2732	982
982	983
984	985
985	2735
2734	2735
2735	764
985	2736
2736	2737
2736	983
983	767
982	980
980	986
987	988
988	989
990	2738
2738	2739
2738	991
991	770
991	989
989	2741
2740	2741
2741	992
993	2742
2742	2743
2742	994
994	995
996	997
997	998
999	2744
2744	2746
2744	2745
2745	2747
2745	1000
1000	1001
1002	2748
2748	2751
2748	2749
2749	2752
2749	2750
2750	2753
2750	1003
1003	1004
1005	2754
2754	2757
2754	2755
2755	2758
2755	2756
2756	2759
2756	1006
1006	1007
1012	1011
1008	1010
1013	2760
2760	2762
2760	2761
2761	2763
2761	1014
1014	1015
1016	2764
2764	2767
2764	2765
2765	2768
2765	2766
2766	2769
2766	1017
1017	776
1020	1019
1017	1018
782	1024
1021	1023
1022	2770
2770	2771
2770	1020
1020	1014
1009	1007
1007	1025
1026	2772
2772	2773
2772	1027
1027	1028
1029	1030
1030	2775
2774	2775
2775	2777
2776	2777
2777	2779
2778	2779
2779	2781
2780	2781
2781	1031
1032	2782
2782	2784
2782	2783
2783	2785
2783	1033
1033	791
1033	2786
2786	2788
2786	2787
2787	2789
2787	1031
1031	1034
1035	2790
2790	2792
2790	2791
2791	2793
2791	1036
1036	1037
1038	2794
2794	2795
2794	1039
1039	1040
1041	2796
2796	2799
2796	2797
2797	2800
2797	1042
1042	2801
2798	2799
2799	2802
2799	2800
2800	2803
2800	2801
2801	794
1042	2804
2804	2806
2804	2805
2805	2807
2805	1040
1040	1043
1044	2808
2808	2810
2808	2809
2809	2811
2809	1045
1045	1046
1047	1048
1048	1049
1050	2812
2812	2814
2812	2813
2813	2815
2813	1051
1051	802
1051	2816
2816	2818
2816	2817
2817	2819
2817	1049
1049	1052
1053	2820
2820	2821
2820	1054
1054	1055
1056	2822
2822	2823
2822	1057
1057	1058
1059	2824
2824	2826
2824	2825
2825	2827
2825	1060
1060	1061
1062	2828
2828	2829
2828	1063
1063	1064
1065	2830
2830	2832
2830	2831
2831	2833
2831	1066
1066	1067
1068	2834
2834	2836
2834	2835
2835	2837
2835	1069
1069	805
1069	1067
1067	1070
1071	2838
2838	2839
2838	1072
1072	1073
1074	1075
1075	1076
1077	2840
2840	2841
2840	1078
1078	1079
1080	2842
2842	2844
2842	2843
2843	2845
2843	1081
1081	1082
1083	2846
2846	2848
2846	2847
2847	2849
2847	1084
1084	808
1084	1082
1082	1085
1086	2850
2850	2852
2850	2851
2851	2853
2851	1087
1087	811
1087	2854
2854	2856
2854	2855
2855	2857
2855	1085
1085	1081
1078	2858
2858	2859
2858	1076
1076	1088
1089	2860
2860	2862
2860	1090
1090	2863
2861	2862
2862	2864
2862	2863
2863	1091
1092	2865
2865	2867
2865	2866
2866	2868
2866	1093
1093	1094
1095	2869
2869	2871
2869	2870
2870	2872
2870	1096
1096	1097
1098	2873
2873	2875
2873	1099
1099	2876
2874	2875
2875	2877
2875	2876
2876	817
1099	2878
2878	2880
2878	2879
2879	2881
2879	1097
1097	1100
1101	2882
2882	2884
2882	2883
2883	2885
2883	1102
1102	1103
1104	1105
1105	2887
2886	2887
2887	2889
2888	2889
2889	2891
2890	2891
2891	820
1105	2892
2892	2894
2892	2893
2893	2895
2893	1103
1103	1106
1107	2896
2896	2898
2896	2897
2897	2899
2897	1108
1108	1109
1110	1111
1111	2901
2900	2901
2901	2903
2902	2903
2903	2905
2904	2905
2905	832
1111	2906
2906	2908
2906	2907
2907	2909
2907	1109
1109	1112
1113	2910
2910	2912
2910	2911
2911	2913
2911	1114
1114	835
1114	1112
1112	2915
2914	2915
2915	2917
2916	2917
2917	2919
2918	2919
2919	2921
2920	2921
2921	1115
1116	2922
2922	2924
2922	1117
1117	2925
2923	2924
2924	2926
2924	2925
2925	1118
1119	2927
2927	2928
2927	1120
1120	1121
1122	1123
1123	1124
1125	1126
1126	844
1126	1124
1124	1127
1128	1129
1129	2930
2929	2930
2930	2932
2931	2932
2932	853
1129	1127
1127	2934
2933	2934
2934	2936
2935	2936
2936	1130
1131	2937
2937	2940
2937	2938
2938	2941
2938	2939
2939	2942
2939	1132
1132	862
1132	2943
2943	2945
2943	2944
2944	2946
2944	1130
1130	1133
1134	2947
2947	2948
2947	1135
1135	1136
1137	1138
1138	2950
2949	2950
2950	1139
1140	2951
2951	2952
2951	1141
1141	1142
1143	1144
1144	1145
1146	2953
2953	2955
2953	2954
2954	2956
2954	1147
1147	874
1147	2957
2957	2959
2957	2958
2958	2960
2958	1145
1145	1148
1149	2961
2961	2964
2961	2962
2962	2965
2962	2963
2963	2966
2963	1150
1150	1151
1152	2967
2967	2968
2967	1153
1153	1154
1155	1156
1156	883
1156	2969
2969	2970
2969	1154
1154	1157
1158	1159
1159	1160
1161	1162
1162	1163
1164	1165
1165	1166
1167	1168
1168	886
1168	1166
1166	1169
1170	2971
2971	2973
2971	2972
2972	2974
2972	1171
1171	1172
1173	1174
1174	889
1174	2975
2975	2977
2975	2976
2976	2978
2976	1172
1172	1175
1176	1177
1177	892
1177	2979
2979	2980
2979	1175
1175	1178
1179	2981
2981	2982
2981	1180
1180	1181
1182	2983
2983	2984
2983	1183
1183	1184
1185	2985
2985	2986
2985	1186
1186	907
1186	1184
1184	910
1183	2987
2987	2989
2987	1181
1181	2990
2988	2989
2989	2991
2989	2990
2990	916
1180	1178
1178	2993
2992	2993
2993	2995
2994	2995
2995	2997
2996	2997
2997	1187
1188	2998
2998	2999
2998	1189
1189	1190
1191	1192
1192	919
1192	1190
1190	1193
1194	3000
3000	3002
3000	3001
3001	3003
3001	1195
1195	925
1195	3004
3004	3006
3004	3005
3005	3007
3005	1193
1193	1196
1197	1198
1198	1199
1200	3008
3008	3010
3008	3009
3009	3011
3009	1201
1201	1202
1203	3012
3012	3014
3012	3013
3013	3015
3013	1204
1204	940
1204	1202
1202	1205
1206	3016
3016	3017
3016	1207
1207	943
1207	1205
1205	1208
1209	3018
3018	3019
3018	1210
1210	1211
1212	3020
3020	3021
3020	1213
1213	1214
1215	1216
1216	3023
3022	3023
3023	3025
3024	3025
3025	1217
1218	3026
3026	3028
3026	3027
3027	3029
3027	1219
1219	1220
1221	3030
3030	3032
3030	3031
3031	3033
3031	1222
1222	958
1222	1220
1220	961
1219	3034
3034	3036
3034	3035
3035	3037
3035	1217
1217	1223
1224	1225
1225	3039
3038	3039
3039	1226
1227	1228
1228	967
1228	1226
1226	1229
1230	1231
1231	1232
1233	3040
3040	3041
3040	1234
1234	973
1234	3042
3042	3043
3042	1232
1232	1235
1236	3044
3044	3045
3044	1237
1237	1238
1239	3046
3046	3047
3046	1240
1240	1241
1242	3048
3048	3049
3048	1243
1243	979
1243	1241
1241	1244
1245	3050
3050	3051
3050	1246
1246	1247
1248	3052
3052	3053
3052	1249
1249	988
1249	1247
1247	3055
3054	3055
3055	994
1246	3056
3056	3057
3056	1244
1244	1250
1251	3058
3058	3060
3058	1252
1252	3061
3059	3060
3060	3062
3060	3061
3061	1253
1254	3063
3063	3065
3063	1255
1255	3066
3064	3065
3065	3067
3065	3066
3066	1256
1257	3068
3068	3071
3068	3069
3069	3072
3069	3070
3070	3073
3070	1258
1258	1259
1260	1261
1261	997
1261	3074
3074	3076
3074	3075
3075	3077
3075	1259
1259	1000
1258	3078
3078	3079
3078	1256
1256	1262
1263	1264
1264	3081
3080	3081
3081	1265
1266	3082
3082	3084
3082	1267
1267	3085
3083	3084
3084	3086
3084	3085
3085	1003
1267	3087
3087	3089
3087	1265
1265	3090
3088	3089
3089	3091
3089	3090
3090	1268
1269	1270
1270	3093
3092	3093
3093	3095
3094	3095
3095	3097
3096	3097
3097	1030
1270	3098
3098	3099
3098	1268
1268	1271
1272	3100
3100	3101
3100	1273
1273	1274
1275	3102
3102	3103
3102	1276
1276	1036
1276	1274
1274	3105
3104	3105
3105	3107
3106	3107
3107	3109
3108	3109
3109	3111
3110	3111
3111	1273
1264	3112
3112	3113
3112	1262
1262	1277
1278	1279
1279	1280
1281	1282
1282	1283
1284	1285
1285	3115
3114	3115
3115	3117
3116	3117
3117	1286
1287	1288
1288	1039
1288	1286
1286	3119
3118	3119
3119	1289
1290	1291
1291	1045
1291	1289
1289	3121
3120	3121
3121	1210
1285	1283
1283	3123
3122	3123
3123	1213
1282	1280
1280	1292
1293	3124
3124	3125
3124	1294
1294	1295
1296	3126
3126	3127
3126	1297
1297	1216
1297	3128
3128	3129
3128	1295
1295	1298
1299	3130
3130	3132
3130	1300
1300	3133
3131	3132
3132	3134
3132	3133
3133	1301
1302	3135
3135	3136
3135	1303
1303	1225
1303	1301
1301	3138
3137	3138
3138	1304
1305	3139
3139	3140
3139	1306
1306	1255
1306	3141
3141	3142
3141	1304
1304	1300
1294	3143
3143	3144
3143	1292
1292	1279
1252	1250
1250	3146
3145	3146
3146	1240
1237	1235
1235	1231
1201	3147
3147	3149
3147	3148
3148	3150
3148	1199
1199	1048
1198	3151
3151	3153
3151	3152
3152	3154
3152	1196
1196	1054
1189	3155
3155	3156
3155	1187
1187	1307
1308	1309
1309	1057
1309	1307
1307	1060
1171	3157
3157	3160
3157	3158
3158	3161
3158	3159
3159	3162
3159	1169
1169	1310
1311	3163
3163	3165
3163	3164
3164	3166
3164	1312
1312	1313
1314	3167
3167	3170
3167	3168
3168	3171
3168	3169
3169	3172
3169	1315
1315	1316
1317	1318
1318	1063
1318	3173
3173	3175
3173	3174
3174	3176
3174	1316
1316	1066
1315	1313
1313	1319
1320	1321
1321	1322
1323	1324
1324	1072
1324	3177
3177	3178
3177	1322
1322	1325
1326	3179
3179	3180
3179	1327
1327	1328
1329	1330
1330	3182
3181	3182
3182	3184
3183	3184
3184	1331
1332	3185
3185	3187
3185	3186
3186	3188
3186	1333
1333	1334
1335	3189
3189	3191
3189	3190
3190	3192
3190	1336
1336	1337
1338	3193
3193	3195
3193	3194
3194	3196
3194	1339
1339	1340
1341	1342
1342	3198
3197	3198
3198	1343
1344	1345
1345	1075
1345	1343
1343	1090
1342	3199
3199	3200
3199	1340
1340	1093
1339	1337
1337	1346
1347	1348
1348	1096
1348	1346
1346	1349
1350	1351
1351	1352
1353	1354
1354	1102
1354	3201
3201	3202
3201	1352
1352	1355
1356	3203
3203	3204
3203	1357
1357	1358
1359	1360
1360	1361
1362	3205
3205	3206
3205	1363
1363	1108
1363	3207
3207	3208
3207	1361
1361	1364
1365	3209
3209	3211
3209	3210
3210	3212
3210	1366
1366	1367
1368	3213
3213	3215
3213	1369
1369	3216
3214	3215
3215	3217
3215	3216
3216	1370
1371	3218
3218	3219
3218	1372
1372	1117
1372	1370
1370	3221
3220	3221
3221	3223
3222	3223
3223	1120
1369	1367
1367	3225
3224	3225
3225	3227
3226	3227
3227	1373
1374	3228
3228	3230
3228	1375
1375	3231
3229	3230
3230	3232
3230	3231
3231	1376
1377	1378
1378	3234
3233	3234
3234	3236
3235	3236
3236	1379
1380	3237
3237	3238
3237	1381
1381	1123
1381	3239
3239	3240
3239	1379
1379	1382
1383	3241
3241	3242
3241	1384
1384	1385
1386	3243
3243	3244
3243	1387
1387	1135
1387	3245
3245	3246
3245	1385
1385	1388
1389	3247
3247	3248
3247	1390
1390	1391
1392	1393
1393	1394
1395	3249
3249	3250
3249	1396
1396	1397
1398	1399
1399	3252
3251	3252
3252	1138
1399	1397
1397	3254
3253	3254
3254	1141
1396	3255
3255	3256
3255	1394
1394	1400
1401	3257
3257	3258
3257	1402
1402	1403
1404	3259
3259	3260
3259	1405
1405	1406
1407	3261
3261	3263
3261	1408
1408	3264
3262	3263
3263	3265
3263	3264
3264	1153
1408	3266
3266	3267
3266	1406
1406	1409
1410	3268
3268	3269
3268	1411
1411	1412
1413	3270
3270	3271
3270	1414
1414	1415
1416	3272
3272	3273
3272	1417
1417	1159
1417	1415
1415	1162
1414	3274
3274	3275
3274	1412
1412	1330
1411	3276
3276	3278
3276	1409
1409	3279
3277	3278
3278	3281
3278	3279
3279	3282
3280	3281
3281	3283
3281	3282
3282	1333
1405	1403
1403	3285
3284	3285
3285	1418
1419	3286
3286	3287
3286	1420
1420	1421
1422	1423
1423	1424
1425	1426
1426	1427
1428	1429
1429	3289
3288	3289
3289	1336
1429	1427
1427	1430
1431	3290
3290	3291
3290	1432
1432	1351
1432	3292
3292	3294
3292	1430
1430	3295
3293	3294
3294	3296
3294	3295
3295	1433
1434	1435
1435	3298
3297	3298
3298	3300
3299	3300
3300	3302
3301	3302
3302	1357
1435	3303
3303	3304
3303	1433
1433	1436
1437	3305
3305	3307
3305	1438
1438	3308
3306	3307
3307	3310
3307	3308
3308	3311
3309	3310
3310	3312
3310	3311
3311	1375
1438	3313
3313	3314
3313	1436
1436	1439
1440	3315
3315	3316
3315	1441
1441	1442
1443	1444
1444	3318
3317	3318
3318	3320
3319	3320
3320	3322
3321	3322
3322	3324
3323	3324
3324	1445
1446	1447
1447	1378
1447	1445
1445	3326
3325	3326
3326	3328
3327	3328
3328	3330
3329	3330
3330	1448
1449	1450
1450	1393
1450	3331
3331	3332
3331	1448
1448	1451
1452	1453
1453	1402
1453	3333
3333	3334
3333	1451
1451	1420
1444	3335
3335	3336
3335	1442
1442	1423
1441	1439
1439	1426
1390	1388
1388	3338
3337	3338
3338	1384
1366	1364
1364	1360
1327	1325
1325	3340
3339	3340
3340	1165
1321	1319
1319	1312
1150	1148
1148	1144
1027	1025
1025	1006
955	953
953	946
788	3341
3341	3345
3341	3342
3342	3346
3342	3343
3343	3347
3343	786
786	3348
3344	3345
3345	3349
3345	3346
3346	3350
3346	3347
3347	3351
3347	3348
3348	785
580	578
578	574
490	488
488	481
425	3352
3352	3353
3352	423
423	419
377	3354
3354	3355
3354	375
375	368
338	3356
3356	3357
3356	336
336	329
326	324
324	320
215	3358
3358	3359
3358	213
213	209
2	1507
1507	1454
1507	1508
1508	1
1525	1455
1525	5
5	4
8	7
11	10
14	1460
1460	13
1542	1461
1542	16
1542	17
1546	19
1546	1464
1546	20
23	1474
23	1475
1475	22
26	1476
26	25
1567	1477
1567	1478
1567	1568
1568	29
1477	28
32	1480
32	1482
1482	1479
1482	1481
1481	31
35	1487
1487	1484
1487	1486
1486	1483
1486	1485
1485	34
1501	1490
1501	1489
1501	1500
1500	1488
1500	1499
1499	37
1499	38
1509	1504
1509	41
41	1503
41	1506
1506	1502
1506	1505
1505	40
1616	3372
1616	44
44	1514
1514	43
43	1513
1513	42
47	1515
47	1516
1516	46
1626	1517
1626	1518
1626	50
1518	49
53	1520
1520	1519
1520	52
1526	1521
1526	1522
1526	56
1522	55
59	1523
59	1524
1524	58
1531	1530
1531	62
62	61
1654	1532
1654	65
65	64
68	67
71	1537
1537	70
1685	1538
1685	1686
1686	73
1686	1539
1686	74
77	1541
1541	1540
1541	76
1688	1543
1688	80
1543	79
83	1545
1545	1544
1545	82
86	1553
1553	85
89	1554
89	88
1571	91
1571	1559
1571	1570
1570	1560
1570	1569
1569	1561
1569	92
1566	1564
1566	1563
1566	1565
1565	1562
1565	95
95	94
3375	3376
3374	3378
3378	3379
3375	3379
3379	3380
3376	3380
3378	3381
3379	3381
1703	3377
1703	3376
1703	1704
1704	3373
1704	98
98	1582
1582	3375
1582	3374
1582	1581
1581	1580
1580	3378
1580	1577
1580	97
1577	3381
1577	1578
1578	3380
1578	1579
1579	3377
1579	96
3384	3385
3382	3385
3385	3386
1707	3386
1707	3383
1707	1708
1708	3382
1708	101
101	1588
1588	1587
1587	3384
1587	1586
1586	3387
1586	1583
1586	100
1583	1584
1584	3385
1584	3386
1584	1585
1585	99
3385	3384
104	1591
104	1593
1593	1590
1593	1592
1592	1589
1592	103
1745	1599
1745	1598
1745	1600
1745	107
1600	106
110	1601
110	109
113	1604
1604	112
116	1605
116	115
1763	1608
1763	119
1608	118
122	1610
1610	1609
1610	121
125	1611
125	1612
1612	124
1779	127
1779	1619
1779	128
1795	1620
1795	131
131	130
134	133
137	136
1628	139
1628	1623
1628	1627
1627	140
1625	1624
1625	143
143	142
146	1630
146	1632
1632	1629
1632	1631
1631	145
149	1636
1636	1634
1636	1635
1635	1633
1635	148
3388	3391
3391	3392
3389	3392
1809	3390
1809	3389
1809	1810
1810	3388
1810	152
152	1640
1640	3391
1640	1639
1639	3392
1639	1637
1639	151
1637	1638
1638	3390
1638	150
1825	1642
1825	155
155	1641
155	154
158	1643
1643	157
1651	1644
1651	161
161	160
164	1652
164	1653
1653	163
1827	166
1827	167
170	169
173	172
176	175
1697	178
1697	1667
1697	1696
1696	1668
1696	1695
1695	179
182	1670
182	1672
1672	1669
1672	1671
1671	181
1687	1682
1687	3394
1687	185
185	1684
1684	3393
1684	1683
1683	1681
1683	184
1681	1682
1682	3394
188	1700
188	1702
1702	1699
1702	1701
1701	1698
1701	187
1710	1705
1710	1706
1710	1709
1709	191
1705	190
1851	1712
1851	3396
1851	1852
1852	1853
1853	3395
1853	1713
1853	194
1713	193
193	1711
1711	3396
1711	1712
1864	1717
1864	3397
1864	1865
1865	1719
1865	197
1719	1718
1718	196
196	1717
1729	1725
1729	1724
1729	1728
1728	199
1728	200
203	1731
203	1733
1733	1730
1733	1732
1732	202
3401	3402
3399	3402
3402	3403
1901	3398
1901	3400
1901	3399
1901	1902
1902	3401
1902	1903
1903	1738
1903	206
1738	3402
1738	1737
1737	3403
1737	1736
1736	3404
1736	205
205	1734
1734	3400
1734	1735
1735	3398
1735	204
3400	3403
3359	1741
3359	209
209	1740
209	1742
1742	1739
1742	208
1746	1743
1746	1744
1746	212
1744	211
3358	1749
3358	1750
3358	215
1749	1747
1749	1748
1748	214
1757	1753
1757	1752
1757	1756
1756	1751
1756	1755
1755	217
1755	1754
1754	218
1765	1761
1765	1760
1765	1764
1764	1759
1764	221
221	1758
221	1762
1762	220
224	1767
224	1769
1769	1766
1769	1768
1768	223
1774	1771
1774	1773
1773	1770
1773	1772
1772	226
1772	227
230	1777
230	1776
230	1778
1778	1775
1778	229
233	1780
1780	232
236	1787
236	235
1930	238
1930	1788
1930	1931
1931	239
242	1790
1790	1789
1790	241
1796	1791
1796	3405
1796	245
245	1792
1792	1791
1792	244
248	1793
248	1794
1794	247
1801	1800
1801	251
251	250
254	1802
254	253
257	256
1959	259
1959	260
1967	262
1967	1803
1967	1968
1968	1804
1968	263
266	1806
266	1808
1808	1805
1808	1807
1807	265
269	268
1826	1819
1826	272
1819	271
275	1823
275	1824
1824	274
1830	277
1830	278
281	1831
281	280
284	283
1838	286
1838	287
290	1839
290	1840
1840	289
1855	3406
1855	1849
1855	1854
1854	1850
1854	293
1849	1848
1848	1847
1848	292
1847	291
2017	1857
2017	1856
2017	296
296	295
2021	1858
2021	1859
2021	299
1858	298
1866	1861
1866	3408
1866	3407
1866	302
302	1863
1863	3408
1863	1862
1862	1860
1862	301
1860	1861
2053	3409
2053	2054
2054	1870
2054	305
1870	1869
1869	1868
1868	1867
1868	304
1867	303
2073	1873
2073	3410
2073	308
308	1875
1875	1874
1874	1871
1874	307
1871	1872
1872	1873
1883	1877
1883	1876
1883	1882
1882	310
1882	311
3414	3415
3411	3415
3415	3416
3416	3417
3412	3417
2081	3413
2081	3412
2081	2082
2082	3411
2082	2083
2083	3414
2083	314
314	1888
1888	3415
1888	1887
1887	3416
1887	1886
1886	3418
1886	313
313	1884
1884	3417
1884	1885
1885	3413
1885	312
3417	3416
2108	1891
2108	3419
2108	2109
2109	3420
2109	317
317	1893
1893	3421
1893	1892
1892	1889
1892	316
1889	1890
1890	3420
1890	3419
1890	1891
320	1895
320	1896
1896	1894
1896	319
1904	3422
1904	1900
1904	323
1900	1899
1899	1897
1899	1898
1898	322
1897	321
326	1905
326	1906
1906	325
3357	1910
3357	329
329	328
332	1911
1911	331
335	1912
335	334
3356	1915
3356	338
1915	337
341	1918
1918	1916
1918	1917
1917	340
344	1920
344	1921
1921	1919
1921	343
347	1925
347	1926
1926	346
350	1927
350	349
1933	1928
1933	1929
1933	1932
1932	353
1928	352
356	1937
1937	3423
1937	1936
1936	1934
1936	355
1934	1935
1935	354
359	1942
1942	1939
1942	1941
1941	1938
1941	1940
1940	358
2136	1945
2136	1944
2136	2137
2137	1943
2137	362
362	361
2140	1946
2140	1947
2140	2141
2141	365
1946	364
3355	1949
3355	368
368	1948
368	367
371	1950
1950	370
1958	1951
1958	374
374	373
3354	1960
3354	377
1960	376
1970	3424
1970	1966
1970	1969
1969	380
1966	1965
1965	1964
1965	379
1964	378
2154	1972
2154	1971
2154	2155
2155	382
2155	383
2157	1973
2157	386
1973	385
389	1975
1975	1974
1975	388
392	1979
392	1980
1980	391
2176	1981
2176	395
395	394
398	397
2178	1982
2178	1983
2178	401
1982	400
1989	1985
1989	1988
1988	1984
1988	404
404	403
407	1991
407	1992
1992	1990
1992	406
2198	3426
2198	3425
2198	410
410	2001
2001	3426
2001	2000
2000	1999
2000	409
1999	408
2018	2007
2018	3427
2018	413
413	2008
2008	412
412	2006
2006	2007
2016	2009
2016	415
2016	416
3353	2019
3353	419
419	418
2022	2020
2022	422
2020	421
3352	2025
3352	425
2025	2023
2025	2024
2024	424
428	2029
2029	2027
2029	2028
2028	2026
2028	427
2204	2031
2204	3428
2204	431
431	2032
2032	2030
2032	430
2030	2031
2215	3430
2215	3429
2215	2216
2216	2035
2216	434
2035	3430
2035	2034
2034	2033
2034	433
2033	432
437	2037
437	2038
2038	2036
2038	436
440	2039
440	2040
2040	439
443	2043
2043	2041
2043	2042
2042	442
446	2045
446	2046
2046	2044
2046	445
449	2052
2052	2050
2052	2051
2051	448
2246	2057
2246	2058
2246	452
2057	451
2268	2064
2268	3431
2268	2066
2268	455
2066	2065
2065	2063
2065	454
2063	2064
2075	2068
2075	3432
2075	2074
2074	458
458	2069
2069	2067
2069	457
2067	2068
2281	2077
2281	2076
2281	2282
2282	460
2282	461
2085	2078
2085	2079
2085	2084
2084	2080
2084	464
2078	463
2296	2087
2296	2086
2296	2088
2296	467
2088	466
2301	3360
2301	3361
2301	2302
2302	472
2302	470
3360	2089
3360	471
471	469
2329	472
2329	3361
2329	2330
2330	3360
2330	2331
2331	475
475	471
475	474
478	2092
2092	477
481	2093
481	480
2111	483
2111	2094
2111	2110
2110	2095
2110	484
487	2097
487	2099
2099	2096
2099	2098
2098	486
490	2116
2116	2113
2116	2115
2115	2112
2115	2114
2114	489
2347	2119
2347	493
493	2118
493	2120
2120	2117
2120	492
2122	2121
2122	496
496	495
2355	2123
2355	499
499	498
502	501
505	504
508	507
2357	510
2357	2126
2357	511
514	2127
514	2128
2128	513
517	2129
517	516
2378	519
2378	520
2143	522
2143	2130
2143	2142
2142	2131
2142	523
2139	2133
2139	3433
2139	2138
2138	2135
2138	526
2135	2134
2134	2132
2134	525
2132	2133
2383	2145
2383	2384
2384	2144
2384	529
529	528
2158	2148
2158	2149
2158	532
2148	531
2156	2151
2156	2153
2156	535
2153	2150
2153	2152
2152	534
2390	2159
2390	2391
2391	537
2391	2160
2391	2392
2392	538
2402	3434
2402	2163
2402	541
2163	2162
2162	2161
2162	540
2161	539
544	2165
544	2166
2166	2164
2166	543
2168	2167
2168	547
547	546
550	2170
2170	2169
2170	549
2431	2174
2431	3435
2431	553
553	552
552	2174
556	555
559	558
2177	561
2177	2175
2177	562
565	564
568	567
2455	2191
2455	2192
2455	571
2191	570
574	2194
574	2195
2195	2193
2195	573
577	2197
2197	2196
2197	576
580	579
583	582
2206	585
2206	2203
2206	2205
2205	586
798	2208
798	3364
3364	2207
3364	3365
3365	588
3365	3366
3366	2209
3366	2210
3366	799
799	589
592	2214
2214	2212
2214	2213
2213	2211
2213	591
2507	594
2507	2221
2507	2508
2508	2222
2508	595
598	2230
2230	2228
2230	2229
2229	2227
2229	597
2236	2232
2236	2235
2235	2231
2235	3436
2235	601
601	2233
2233	2231
2233	600
604	2234
604	603
607	606
610	2238
610	2239
2239	2237
2239	609
613	2241
2241	2240
2241	612
2245	2242
2245	616
616	615
619	2247
2247	618
622	2248
622	621
2531	2249
2531	2250
2531	625
2249	624
2551	2252
2551	3437
2551	628
628	2254
2254	2253
2253	2251
2253	627
2251	2252
631	2260
631	2261
2261	2259
2261	630
634	2264
2264	2262
2264	2263
2263	633
2270	2266
2270	3438
2270	2269
2269	2267
2269	637
2267	636
636	2265
2265	2266
2573	2272
2573	3439
2573	2274
2573	640
2274	2273
2273	2271
2273	639
2271	2272
2582	2276
2582	2275
2582	2583
2583	642
2583	643
2284	2279
2284	2280
2284	2283
2283	646
2279	645
3442	3443
3440	3443
3443	3444
3443	3445
2307	3444
2307	3441
2307	2306
2306	3440
2306	2305
2305	2289
2305	649
2289	3442
2289	2288
2288	3443
2288	2287
2287	3445
2287	648
648	2285
2285	2286
2286	3444
2286	647
2304	2292
2304	652
652	2291
652	2293
2293	2290
2293	651
2297	2294
2297	2295
2297	655
2295	654
2303	2300
2303	658
2300	2299
2299	2298
2299	657
2591	2315
2591	2314
2591	661
661	2316
2316	2313
2316	660
664	2317
664	2318
2318	663
2607	2319
2607	667
667	666
670	2320
2320	669
673	2321
673	672
2637	2322
2637	2323
2637	2638
2638	676
2322	675
2334	3446
2334	681
2334	679
681	3362
3362	680
680	2324
680	678
2324	2325
2325	677
684	681
684	2328
2328	3362
2328	2327
2327	680
2327	2326
2326	683
687	2336
2336	2335
2336	686
690	2340
690	2341
2341	689
2348	2342
2348	2343
2348	693
2343	692
2358	2349
2358	2350
2358	696
2350	695
2356	2351
2356	2352
2356	699
2352	698
702	2353
702	2354
2354	701
2367	2362
2367	704
2367	705
708	2370
2370	2368
2370	2369
2369	707
711	2372
711	2374
2374	2371
2374	2373
2373	710
2661	2376
2661	2662
2662	2375
2662	714
714	713
717	716
720	2377
2377	719
2666	2379
2666	723
2379	722
2671	3447
2671	728
2671	2672
2672	726
728	3363
3363	727
727	2380
727	725
2380	724
2385	728
2385	3448
2385	731
731	2382
2382	727
2382	2381
2381	730
727	3363
3363	728
2690	2386
2690	734
734	733
2395	2387
2395	2388
2395	2394
2394	2389
2394	2393
2393	737
2387	736
2694	2398
2694	2695
2695	2397
2695	2696
2696	2396
2696	740
740	739
2706	2399
2706	743
2399	742
746	2401
2401	2400
2401	745
2715	748
2715	2409
2715	749
752	2413
752	751
755	754
2432	757
2432	2424
2432	758
2430	2425
2430	760
2430	761
764	2434
2434	2433
2434	763
2737	3449
2737	767
767	2436
2436	2435
2436	766
2435	765
2739	3450
2739	2439
2739	770
2439	2438
2438	2437
2438	769
2437	768
2450	2441
2450	2449
2449	2440
2449	2448
2448	772
2448	773
2767	2453
2767	2452
2767	2768
2768	2451
2768	2769
2769	775
2769	776
2457	778
2457	2454
2457	2456
2456	779
1023	2459
1023	3369
3369	2458
3369	3451
3369	3370
3370	2460
3370	3371
3371	2461
3371	1024
1024	782
2460	781
781	2458
3349	2463
3349	3350
3350	2462
3350	3351
3351	784
3351	2464
3351	785
3343	2468
3343	787
3343	2469
3343	3342
3342	2470
3342	3341
3341	788
2784	2472
2784	2785
2785	2471
2785	791
791	790
2802	2477
2802	2478
2802	2803
2803	794
2477	793
2482	3453
2482	3452
2482	2481
2481	799
2481	797
799	3366
3366	3453
3366	3365
3365	3364
3364	3454
3364	2479
3364	798
798	796
2479	2480
2480	795
795	3453
2814	2488
2814	2815
2815	2487
2815	802
802	801
2836	804
2836	2493
2836	2837
2837	2494
2837	805
2848	2496
2848	2495
2848	2849
2849	807
2849	808
2852	810
2852	2501
2852	2853
2853	2502
2853	811
814	2506
2506	2504
2506	2505
2505	2503
2505	813
2877	816
2877	817
820	819
823	822
2515	825
2515	826
829	828
832	2517
2517	2516
2517	831
2912	2521
2912	3455
2912	2913
2913	2523
2913	835
2523	2522
2522	2521
2522	834
838	2525
838	2527
2527	2524
2527	2526
2526	837
2530	2529
2530	2528
2530	3456
2530	841
841	840
840	2528
844	843
847	846
850	2544
2544	849
853	852
2570	855
2570	856
859	2572
2572	2571
2572	858
2940	2574
2940	2575
2940	2941
2941	2576
2941	2942
2942	862
2574	861
3459	3460
2586	2579
2586	3457
2586	2585
2585	3458
2585	3459
2585	2584
2584	865
865	2581
2581	2580
2580	3460
2580	864
864	2577
2577	3458
2577	2578
2578	3457
2578	2579
2593	2589
2593	2592
2592	3461
2592	868
868	2590
2590	2587
2590	867
2587	2588
2588	2589
2597	2595
2597	2596
2596	2594
2596	871
871	870
2955	2603
2955	2602
2955	2956
2956	873
2956	874
2609	876
2609	2604
2609	2608
2608	877
880	2605
880	2606
2606	879
883	2611
883	2612
2612	2610
2612	882
886	2616
886	2617
2617	885
889	2618
889	888
892	2619
2619	891
895	2626
895	894
2639	2630
2639	2631
2639	898
2630	2629
2629	897
901	2634
901	2636
2636	2633
2636	2635
2635	2632
2635	900
2643	2640
2643	904
904	903
2986	2644
2986	907
907	906
910	909
913	912
2991	915
2991	2647
2991	916
919	2648
919	918
922	921
3002	2649
3002	2650
3002	3003
3003	2651
3003	925
2649	924
2667	2654
2667	2656
2667	928
2656	2653
2656	2655
2655	2652
2655	927
2663	2658
2663	3462
2663	2660
2663	931
2660	2659
2659	2657
2659	930
2657	2658
2665	2664
2665	934
934	933
2674	2668
2674	3463
2674	2673
2673	2670
2673	937
2670	2669
2669	2668
2669	936
3014	2676
3014	3464
3014	3015
3015	940
940	2677
2677	939
939	2675
2675	2676
3017	2680
3017	943
2680	2679
2679	2678
2679	942
946	2682
946	2683
2683	2681
2683	945
2698	2684
2698	3465
2698	2697
2697	2686
2697	949
2686	2685
2685	2684
2685	948
2693	2688
2693	3466
2693	2692
2692	3467
2692	2691
2691	3468
2691	952
952	2689
2689	951
951	2687
2687	3467
2687	3466
2687	2688
955	2702
2702	2700
2702	2701
2701	2699
2701	954
3032	2704
3032	3033
3033	2703
3033	958
958	957
961	960
2707	963
2707	2705
2707	964
967	2709
2709	2708
2709	966
2716	2713
2716	2714
2716	970
2714	969
3041	2717
3041	973
973	972
976	975
3049	978
3049	979
982	2732
2732	981
2736	2733
2736	984
2736	985
3053	987
3053	988
991	2738
2738	990
994	2742
2742	993
997	2743
997	996
3076	2744
3076	2745
3076	3077
3077	1000
2744	999
3086	3469
3086	2750
3086	1003
2750	2749
2749	2746
2749	2748
2748	1002
2746	2747
2747	1001
1006	2753
1006	2756
2756	3470
2756	2755
2755	2752
2755	2751
2755	2754
2754	1005
2752	2753
1009	1011
1011	2759
1011	3367
3367	2758
3367	1010
1010	2757
1010	1008
2771	1011
2771	1014
1014	3367
1014	2761
2761	1010
2761	2760
2760	1013
3471	3473
3473	3474
3475	3476
3473	3476
3475	3477
1019	3471
1019	3368
3368	3473
3368	3475
3368	1018
1018	3477
1018	1017
1017	2766
2766	2765
2765	3476
2765	2764
2764	3474
2764	1016
1016	2762
2762	3472
2762	2763
2763	3471
2763	1015
2770	3478
2770	3479
2770	1022
1022	1024
1024	3371
3371	3478
3371	3480
3371	3370
3370	3481
3370	3482
3370	3369
3369	1018
3369	1023
1023	1021
1018	3368
3368	3481
3368	1019
1019	3480
1019	3478
1019	1020
1027	2772
2772	1026
1030	2773
1030	1029
2787	2782
2787	2783
2787	2786
2786	1033
2782	1032
3103	2789
3103	3483
3103	1036
1036	2791
2791	2790
2790	2788
2790	1035
2788	2789
1039	2793
1039	2794
2794	2792
2794	1038
2805	2795
2805	2796
2805	3484
2805	2804
2804	2797
2804	1042
2797	2796
2796	1041
1045	2807
1045	2809
2809	2806
2809	2808
2808	1044
3149	2811
3149	3150
3150	2810
3150	1048
1048	1047
2817	2812
2817	2813
2817	2816
2816	1051
2812	1050
3153	2819
3153	3485
3153	3154
3154	2820
3154	1054
2820	1053
1053	2818
2818	2819
1057	2821
1057	2822
2822	1056
1060	2825
2825	2824
2824	2823
2824	1059
1063	2827
1063	2828
2828	2826
2828	1062
3486	3488
3175	3487
3175	3486
3175	3176
3176	2831
3176	1066
2831	2830
2830	3488
2830	1065
1065	2829
2829	3487
2829	1064
1069	2835
2835	2833
2835	2834
2834	2832
2834	1068
1072	2838
2838	1071
1075	2839
1075	1074
2858	2840
2858	1078
2840	1077
2856	3489
2856	2857
2857	2843
2857	1081
2843	2842
2842	2841
2842	1080
2841	1079
1084	2847
2847	2845
2847	2846
2846	2844
2846	1083
2855	2850
2855	2851
2855	2854
2854	1087
2850	1086
1090	2860
2860	2859
2860	1089
3200	3490
3200	2866
3200	1093
2866	2865
2865	2864
2865	1092
2864	1091
1096	2868
1096	2870
2870	2867
2870	2869
2869	1095
2879	2872
2879	3491
2879	2878
2878	2873
2878	1099
2873	2871
2873	1098
2871	2872
1102	2881
1102	2883
2883	2880
2883	2882
2882	1101
2893	2885
2893	2892
2892	2884
2892	1105
1105	1104
3206	3492
3206	2897
3206	1108
2897	2896
2896	2894
2896	1107
2894	2895
2895	1106
2907	2899
2907	2898
2907	2906
2906	1110
2906	1111
1114	2909
1114	2911
2911	2908
2911	2910
2910	1113
3219	1116
3219	2922
3219	1117
1120	2926
1120	2927
2927	1119
3238	2928
3238	1122
3238	1123
1126	1125
1129	1128
2944	2937
2944	2938
2944	2943
2943	2939
2943	1132
2937	1131
3244	2946
3244	3493
3244	1135
1135	2947
2947	2945
2947	1134
2945	2946
1138	2948
1138	1137
1141	2951
2951	1140
1144	2952
1144	1143
2958	1146
2958	2953
2958	2957
2957	2954
2957	1147
1150	2963
2963	2960
2963	2962
2962	2959
2962	2961
2961	1149
3265	2966
3265	2965
3265	1153
1153	2967
2967	2964
2967	1152
2969	2968
2969	1156
1156	1155
3273	2970
3273	1159
1159	1158
1162	1161
1165	1164
1168	1167
3159	1170
3159	2971
3159	3158
3158	2972
3158	3157
3157	1171
2976	2974
2976	2973
2976	2975
2975	1173
2975	1174
2979	2978
2979	2977
2979	1177
1177	1176
1180	2981
2981	2980
2981	1179
2987	2982
2987	3494
2987	1183
1183	2983
2983	2982
2983	1182
1186	2984
1186	2985
2985	1185
3155	1188
3155	2998
3155	1189
1192	2999
1192	1191
3005	3000
3005	3001
3005	3004
3004	1195
3000	1194
3152	3007
3152	3151
3151	3006
3151	1198
1198	1197
3148	3008
3148	3009
3148	3147
3147	1201
3008	1200
1204	3011
1204	3013
3013	3010
3013	3012
3012	1203
1207	3016
3016	1206
1210	3018
3018	1209
1213	3020
3020	3019
3020	1212
3127	3021
3127	1215
3127	1216
3035	3026
3035	3027
3035	3034
3034	1219
3026	1218
1222	3029
1222	3031
3031	3028
3031	3030
3030	1221
3136	3037
3136	3036
3136	1225
1225	1224
1228	1227
1231	1230
3042	3040
3042	1234
3040	1233
1237	3044
3044	3043
3044	1236
1240	3046
3046	3045
3046	1239
1243	3047
1243	3048
3048	1242
3056	1245
3056	3050
3056	1246
1249	3051
1249	3052
3052	1248
1252	3057
1252	3058
3058	1251
3140	3062
3140	3063
3140	1255
3063	1254
3078	3495
3078	3069
3078	3070
3078	1258
3069	3068
3068	3067
3068	1257
3067	1256
3075	3073
3075	3072
3075	3074
3074	3071
3074	1261
1261	1260
3112	3079
3112	1264
1264	1263
3087	3082
3087	1267
3082	1266
3098	3091
3098	1270
1270	1269
1273	3100
3100	3099
3100	1272
1276	3101
1276	3102
3102	1275
3144	3113
3144	1279
1279	1278
1282	1281
1285	1284
1288	1287
1291	1290
3143	3124
3143	1294
3124	1293
3128	3125
3128	3126
3128	1297
3126	1296
3142	3129
3142	3130
3142	1300
3130	1299
1303	3135
3135	3134
3135	1302
3141	1305
3141	3139
3141	1306
1309	3156
1309	1308
1312	3162
1312	3164
3164	3161
3164	3163
3163	3160
3163	1311
1315	3169
3169	3166
3169	3168
3168	3165
3168	3167
3167	1314
3174	3172
3174	3171
3174	3173
3173	3170
3173	1318
1318	1317
1321	1320
3177	1323
3177	1324
1327	3179
3179	3178
3179	1326
3275	3180
3275	1329
3275	1330
3283	3185
3283	3186
3283	1333
3185	1332
1336	3190
3190	3188
3190	3189
3189	3187
3189	1335
1339	3192
1339	3194
3194	3191
3194	3193
3193	1338
3199	3196
3199	3195
3199	1342
1342	1341
1345	1344
1348	1347
3291	1350
3291	1351
3201	1353
3201	1354
1357	3203
3203	3202
3203	1356
1360	3204
1360	1359
3207	3205
3207	1363
3205	1362
1366	3210
3210	3209
3209	3208
3209	1365
1369	3212
1369	3213
3213	3211
3213	1368
1372	3218
3218	3217
3218	1371
3312	1374
3312	3228
3312	1375
1378	3232
1378	1377
3239	1380
3239	3237
3239	1381
1384	3240
1384	3241
3241	1383
3245	3242
3245	3243
3245	1387
3243	1386
1390	3246
1390	3247
3247	1389
1393	3248
1393	1392
3255	1395
3255	3249
3255	1396
1399	3250
1399	1398
1402	3257
3257	3256
3257	1401
1405	3258
1405	3259
3259	1404
3266	3260
3266	3261
3266	1408
3261	1407
3276	3267
3276	3268
3276	1411
3268	1410
3274	3269
3274	3270
3274	1414
3270	1413
1417	3271
1417	3272
3272	1416
3334	1419
3334	3286
3334	1420
3336	3287
3336	1423
1423	1422
1426	1425
1429	1428
3292	1431
3292	3290
3292	1432
3303	3296
3303	1434
3303	1435
3313	3304
3313	3305
3313	1438
3305	1437
1441	3314
1441	3315
3315	1440
3335	3316
3335	1444
1444	1443
1447	1446
3331	1449
3331	1450
3333	3332
3333	1452
3333	1453
37	1491
3498	3500
3499	3500
3499	1495
3499	1468
3499	1465
3499	19
3499	3496
3499	3498
3498	1456
3498	10
3498	3497
3497	7
3497	1497
3497	3500
3500	1495
1497	4
1497	0
1456	1462
1456	1458
1458	13
13	16
1462	19
1468	1493
1468	1471
1471	1491
1471	22
22	25
25	31
25	28
31	34
3	1510
3	1
1	41
1510	43
43	46
46	55
46	52
46	49
6	5
9	3502
9	3501
9	8
8	57
57	56
56	1527
1527	3502
1527	61
1533	3504
1533	1459
1533	12
1459	1457
1457	3503
1457	62
1457	11
62	64
64	67
67	3504
15	3505
15	14
14	1535
14	1534
1534	68
1535	70
70	73
73	76
18	3506
18	1463
1463	17
17	77
77	79
79	82
3508	3516
3509	3516
3510	3516
3510	3517
3511	3517
3511	3518
3512	3518
3512	3519
3513	3519
3514	3519
3507	3514
3515	3522
3516	3522
3517	3522
3517	3523
3518	3523
3519	3523
3520	3523
3514	3520
3522	3524
3523	3524
3520	3524
3524	1467
3524	1470
3524	3520
3520	1473
3520	3514
3514	21
3514	3507
3507	1555
3507	3513
3513	88
3513	3512
3512	85
3512	3511
3511	1551
3511	3510
3510	1549
3510	3509
3509	3508
3508	1547
3508	83
3508	3515
3515	20
3515	3521
3521	1467
24	1557
24	1556
24	23
1556	89
1557	91
27	26
3527	3528
3527	3529
3525	3529
3528	3531
3529	3531
3529	112
3529	1602
3529	3525
3525	109
3525	106
3525	1594
3525	3527
3527	103
3527	3526
3526	97
3526	1572
3526	3528
3528	92
3528	3530
3530	93
3530	3532
3530	115
3530	3531
3531	112
115	30
30	29
29	93
97	100
33	32
35	114
3534	3537
3533	3539
3533	3536
3533	3537
3537	3540
3537	3541
3538	3544
3539	3544
3540	3544
3536	3540
3541	3545
3541	3546
3542	3546
3544	3549
3545	3549
3540	3545
3546	3550
3547	3550
3549	3550
3545	3550
3550	1512
3550	3547
3547	42
3547	1613
3547	3546
3546	3542
3542	124
3542	121
3542	3537
3542	3541
3537	3534
3534	118
3534	1606
3534	3533
3533	3535
3535	113
3535	3538
3535	3539
3538	114
3538	3543
3543	36
3543	3548
3543	3549
3548	39
3548	1512
2	3552
2	1498
1498	1496
1496	1494
1494	3551
1494	1492
1492	38
38	40
40	3552
3554	3557
3555	3557
3555	45
3555	142
3555	3553
3555	136
3555	3554
3554	133
3554	1617
3554	3556
3556	125
3556	1615
3556	3557
3557	44
3557	45
1617	130
1617	127
136	1621
1621	139
139	142
48	47
1645	3558
1645	3559
1645	1647
1647	140
1647	141
1647	1649
1649	50
1649	51
140	145
145	3558
145	148
148	154
148	151
154	157
157	160
3561	3563
3561	60
3561	63
3561	163
3561	3560
3560	161
3560	1646
3560	1648
3560	3563
3563	1650
3563	3562
3563	1529
3563	60
1529	54
54	53
53	1650
1536	3565
1536	3566
1536	66
66	65
65	164
164	1655
1655	3565
1655	3564
1655	166
166	1657
1657	169
169	3565
169	69
3567	3569
3569	3571
3569	3572
3570	3572
3570	1677
3570	1673
3570	1661
3570	1659
3570	3567
3570	3569
3567	175
3567	172
3567	3568
3568	170
3568	71
3568	3571
3571	72
3571	3572
3572	184
3572	1677
1661	1663
1663	181
1663	1665
1665	178
75	74
74	185
3573	3576
3573	1691
3573	1689
3573	182
3573	1676
3573	3574
3573	3575
3575	3577
3575	1548
3575	1550
3575	3576
3576	1552
3576	1693
3576	1691
1693	84
1548	81
81	80
80	1680
80	183
1680	3574
1680	1676
3578	3581
3578	3579
3580	3584
3581	3584
3581	3585
3581	3586
3579	3586
3579	3582
3584	3588
3584	3589
3585	3589
3585	3590
3586	3590
3586	3591
3582	3591
3582	3587
3589	3593
3589	3594
3590	3594
3590	3595
3591	3595
3587	3595
3587	3592
3587	90
3587	1576
3587	3582
3582	3579
3579	96
3579	187
3579	3578
3578	179
3578	3580
3580	3583
3583	180
3583	1690
3583	1692
3583	3588
3588	1694
3588	3593
3593	86
3593	3594
3594	87
3594	3595
3595	1558
3595	3592
3592	90
99	98
98	188
1726	1720
1726	3597
1726	102
102	3596
102	101
101	191
191	193
193	1714
1714	3597
1714	196
196	1720
105	208
105	1597
1597	205
1597	202
1597	1727
1597	104
1727	200
108	214
108	107
107	212
1607	220
1607	218
1607	1603
1607	111
1603	110
120	223
120	119
119	221
1618	3598
1618	123
123	122
122	229
122	227
229	126
129	1784
129	1781
129	128
128	232
128	230
1784	244
1784	241
1784	235
235	238
132	131
135	3600
135	134
134	3599
134	246
246	245
245	1797
1797	3600
1797	250
138	3601
138	1622
1622	251
1622	137
251	253
253	256
256	144
147	146
150	149
149	255
255	259
255	254
259	262
153	3602
153	152
152	266
266	1811
1811	3603
1811	1813
1813	3604
1813	1815
1815	3605
1815	1817
1817	268
268	271
271	1820
1820	3604
1820	3603
1820	274
274	3602
156	155
159	1822
159	158
158	273
1822	1656
1822	272
272	165
168	3606
168	1658
1658	269
1658	167
167	270
269	277
277	1828
1828	171
280	1832
1836	283
1836	1834
1836	174
174	1832
174	1829
174	173
1829	278
177	3611
177	3610
177	1666
1666	3609
1666	1664
1664	3608
1664	1662
1662	1660
1660	1837
1660	176
1837	287
287	289
289	1841
1841	3609
1841	3610
1841	1844
1844	3611
1844	3607
1844	292
292	192
192	186
192	189
186	3611
3613	3614
3613	1716
3613	301
3613	298
3613	3612
3612	295
3612	293
3612	3614
3614	194
3614	1716
301	195
3615	3618
3616	3618
3616	1878
3616	307
3616	304
3616	3615
3615	302
3615	3617
3617	197
3617	1723
3617	3618
3618	198
3618	1880
3618	1878
1880	201
307	310
204	1881
204	203
1881	1879
1879	319
1879	311
311	313
313	316
3619	3623
3620	3623
3620	3624
3621	3624
3623	3625
3623	3626
3624	3626
3626	3627
3626	334
3626	3624
3624	331
3624	3621
3621	328
3621	1907
3621	325
3621	3620
3620	3619
3619	323
3619	206
3619	207
3619	3622
3622	215
3622	216
3622	3625
3625	219
3625	3627
3627	222
3627	334
210	209
225	1913
225	224
224	335
1913	231
3629	3634
3629	3635
3630	3635
3630	3636
3631	3636
3631	3637
3632	3637
3628	3633
3628	3634
3634	3639
3634	3640
3635	3640
3635	3641
3636	3641
3636	3642
3637	3642
3639	3643
3633	3639
3640	3644
3640	3645
3641	3645
3642	3645
3642	3646
3644	3647
3639	3644
3645	3648
3646	3648
3644	3648
3648	233
3648	1783
3648	3646
3646	1786
3646	3642
3642	3637
3637	234
3637	3632
3632	349
3632	346
3632	3631
3631	1922
3631	3630
3630	343
3630	3629
3629	3628
3628	340
3628	337
3628	332
3628	3638
3638	333
3638	3643
3643	3647
3647	1914
3647	233
237	350
237	236
1952	3650
1952	3649
1952	1954
1954	3651
1954	1956
1956	353
1956	239
1956	240
353	355
355	3649
355	358
358	3650
358	361
361	364
364	367
367	370
370	373
3652	3655
3653	3655
3653	258
3653	374
3653	1953
3653	3652
3652	1955
3652	3654
3654	1957
3654	243
3654	1799
3654	249
3654	3655
3655	252
3655	258
243	242
261	3656
261	260
260	372
372	1961
372	376
372	371
1961	379
276	267
3657	3662
3658	3662
3658	279
3658	397
3658	394
3658	391
3658	3657
3657	1976
3657	3660
3657	3661
3661	1818
3661	3662
3662	267
3662	279
1818	1816
1816	3659
1816	1814
1814	1812
1812	385
1812	263
1812	264
263	382
263	380
385	388
388	3660
388	1976
1986	3663
1986	1833
1986	1835
1986	282
1833	281
281	398
398	400
400	403
285	2014
285	284
284	3665
284	1987
1987	3664
1987	1993
1987	406
1987	404
1993	1996
1996	2012
1996	409
409	2010
409	2002
2002	412
412	415
2012	2014
2014	3665
3666	3669
3667	3669
3667	3670
3667	294
3667	416
3667	2011
3667	3666
3666	2013
3666	3668
3668	2015
3668	290
3668	1843
3668	3669
3669	1846
3669	3670
3670	291
3670	294
297	418
297	296
296	414
414	413
300	3672
300	299
299	2047
299	3671
299	422
422	424
424	442
424	427
427	439
427	430
430	436
430	433
442	445
445	2047
2047	448
448	303
2070	454
2070	2059
2070	3673
2070	306
306	305
305	3674
305	449
449	2055
2055	451
451	2059
2059	3673
309	3676
309	308
308	2072
2072	3675
2072	458
458	460
460	463
463	3676
463	312
3677	3681
3678	3681
3680	3683
3680	3684
3681	3684
3682	3684
3682	486
3682	480
3682	477
3682	3681
3681	3678
3678	2090
3678	474
3678	3677
3677	466
3677	464
3677	3679
3677	3680
3679	314
3679	315
3679	2104
3679	3683
3683	2100
3683	3684
3684	486
466	469
480	483
318	2107
318	317
2107	1909
2107	2103
2103	487
487	327
487	338
487	339
321	320
330	329
342	492
342	489
342	341
341	484
341	485
507	345
345	501
345	1924
1924	498
1924	496
1924	344
348	354
348	508
348	347
505	2124
357	2124
357	356
356	506
2124	513
2124	510
360	522
360	359
359	517
517	519
363	362
366	2146
366	365
365	523
365	524
523	528
2146	1963
2146	531
531	534
534	381
381	378
369	368
384	383
387	386
386	543
386	533
533	540
533	532
532	537
390	3685
390	1978
1978	2171
1978	549
1978	389
389	547
2171	552
552	555
555	558
393	559
393	392
396	562
396	395
402	3688
402	401
401	560
560	3687
560	557
557	556
556	564
564	2179
2179	3688
2179	2181
2181	3686
2181	2183
2183	2189
2183	2187
2183	2185
2185	567
2189	3688
2189	405
408	3690
408	1998
1998	3691
1998	1995
1995	2190
1995	407
2190	2188
2188	3689
2188	568
568	570
570	3690
570	573
573	576
3690	3691
411	3693
411	2005
2005	2199
2005	579
2005	410
410	577
2199	3692
2199	582
582	426
426	425
425	3693
425	417
420	419
429	2201
429	428
428	583
432	586
432	431
586	588
606	435
435	3695
435	434
434	592
592	2217
2217	3694
2217	2219
2219	2223
2219	594
2223	597
597	600
600	603
603	3695
438	437
604	441
441	440
2243	3698
2243	3697
2243	444
444	3696
444	443
443	602
602	601
601	609
609	3697
609	3698
609	612
612	615
2056	616
2056	3699
2056	447
447	2049
2049	2244
2049	446
2244	616
3701	3702
3701	2255
3701	627
3701	621
3701	618
3701	3700
3700	613
3700	614
3700	3702
3702	452
3702	630
3702	2255
630	2062
630	633
633	453
633	636
621	624
456	3704
456	455
455	637
637	639
639	3703
639	2277
639	642
2277	645
645	459
459	3704
462	461
461	646
646	651
646	648
651	654
468	467
467	655
3707	3710
3705	3707
3708	3711
3710	3712
3711	3712
3707	3711
3711	473
3711	683
3711	3708
3708	678
3708	672
3708	3705
3708	3707
3705	669
3705	666
3705	3706
3706	663
3706	660
3706	3709
3706	3710
3709	2308
3709	3712
3712	649
3712	650
3712	470
3712	473
470	658
672	675
2332	2091
2332	476
2091	475
3714	3716
3714	3717
3713	3715
3713	3716
3716	3721
3716	3722
3717	3722
3717	3723
3718	3723
3718	3724
3715	3725
3715	3720
3715	3721
3721	3726
3721	3727
3722	3727
3722	3728
3723	3728
3723	3729
3724	3729
3720	3726
3727	3730
3727	3731
3728	3731
3729	3731
3729	491
3729	2344
3729	3724
3724	692
3724	689
3724	3718
3718	2337
3718	3717
3717	3714
3714	686
3714	3713
3713	679
3713	682
3713	3719
3719	2333
3719	478
3719	3725
3725	479
3725	3726
3726	3730
3730	490
3730	3731
3731	491
482	481
494	2346
494	493
2346	701
2346	698
2346	693
693	695
500	499
2125	3733
2125	3732
2125	503
503	502
502	700
700	699
699	509
509	3733
2363	2359
2363	3734
2363	2365
2365	511
2365	512
511	697
697	696
696	2359
3735	3738
3736	3738
3736	719
3736	716
3736	713
3736	710
3736	3735
3735	707
3735	705
3735	2364
3735	3737
3737	2366
3737	3739
3737	3738
3738	518
3738	719
518	515
515	514
514	2366
521	3740
521	520
520	720
720	725
720	722
725	730
730	527
530	2147
2147	736
2147	529
529	733
529	731
539	538
538	742
538	737
737	739
3741	3744
3743	3745
3744	3745
3744	2414
3744	751
3744	2410
3744	3741
3741	2407
3741	2405
3741	3743
3743	2403
3743	3742
3742	541
3742	542
3742	2416
3742	3745
3745	2414
541	746
2407	748
545	3747
545	2417
545	544
2417	2415
2415	3746
2415	752
752	2418
2418	754
754	2426
754	2420
2420	2422
2422	760
2422	757
2426	2428
2428	3747
2428	548
551	3748
551	2173
2173	3749
2173	550
550	2429
2429	3748
2429	2427
2427	761
554	553
553	759
759	2446
759	758
758	763
763	2444
763	2442
763	766
766	769
769	772
3750	3753
3752	3754
3752	3755
3753	3755
3753	2184
3753	2186
3753	566
3753	3750
3750	778
3750	775
3750	773
3750	3751
3750	3752
3751	2443
3751	2445
3751	3754
3754	2447
3754	2180
3754	2182
3754	3755
3755	2184
2180	565
778	569
3756	3758
3758	3759
3758	584
3758	587
3758	2475
3758	3756
3756	2473
3756	790
3756	787
3756	3757
3757	2465
3757	3760
3757	3759
3759	2202
3759	584
2202	581
581	2465
581	2200
2200	3761
2200	580
580	572
572	571
571	784
571	779
779	781
784	2465
2475	793
793	796
575	574
3764	3766
3764	2218
3764	3765
3764	2499
3764	3763
3763	2497
3763	3762
3763	2483
3763	797
3763	589
3763	3766
3766	590
3766	2218
2483	801
801	2489
2489	2497
2489	2491
2491	807
2491	804
2499	813
2499	810
813	593
593	2220
2220	2218
596	2513
596	2226
2226	2511
2226	595
595	2509
595	814
814	819
814	816
599	823
599	598
823	825
825	828
611	829
611	610
831	2518
620	3768
620	619
619	3767
619	827
827	826
826	2518
2518	3768
2518	834
834	837
837	840
623	622
2545	3771
2545	3770
2545	2548
2548	3769
2548	839
2548	626
626	625
839	838
838	2532
2532	2534
2534	3770
2534	2536
2536	3771
2536	2538
2538	846
2538	2542
2538	2540
2540	843
846	849
3773	3775
3773	3776
3774	3776
3774	2552
3774	850
3774	2547
3774	3773
3773	2550
3773	3772
3772	628
3772	2258
3772	3775
3775	629
3775	2556
3775	3776
3776	2554
3776	2552
3779	3780
3777	3779
3779	3781
3781	2555
3781	3782
3781	2566
3781	2564
3781	3779
3779	3777
3777	855
3777	852
3777	2562
3777	3778
3778	2560
3778	2558
3778	2553
3778	3780
3780	2555
2553	847
2553	848
2566	2568
2568	2557
2568	631
2568	632
2557	2555
3784	3785
3784	635
3784	638
3784	858
3784	3783
3783	856
3783	2565
3783	2567
3783	3785
3785	2569
3785	634
3785	635
641	861
641	859
641	640
644	2312
644	2278
2278	659
2278	643
643	867
643	865
653	652
662	661
661	868
665	2598
665	664
664	871
2598	873
873	876
668	667
3787	3790
3787	3791
3787	3792
3788	3792
3788	3793
3786	3790
3790	3795
3790	3796
3791	3796
3791	3797
3792	3797
3792	3798
3793	3798
3789	3795
3795	3800
3795	3801
3796	3801
3796	3802
3797	3802
3794	3800
3801	3803
3801	3804
3802	3804
3802	894
3802	2623
3802	3798
3802	3797
3798	2620
3798	3793
3793	891
3793	888
3793	3788
3788	885
3788	2613
3788	3787
3787	3786
3786	882
3786	3789
3789	877
3789	3794
3794	878
3794	3799
3799	670
3799	671
3799	3803
3799	3800
3803	2627
3803	3804
3804	894
674	2628
674	673
2628	897
2628	895
677	676
676	901
2641	3805
2641	3806
2641	688
688	2339
2339	898
2339	687
687	899
898	3805
898	903
3807	3809
3807	912
3807	909
3807	2642
3807	3808
3808	690
3808	3810
3808	2361
3808	3809
3809	703
3809	2645
3809	912
2645	706
2361	694
694	691
691	690
2642	906
2642	904
709	3811
709	708
708	2646
2646	915
2646	913
915	918
918	921
712	924
712	922
712	711
924	927
715	714
714	931
718	717
717	934
724	723
723	932
932	928
932	929
729	3812
729	726
726	937
937	942
937	939
942	945
945	948
948	951
951	732
735	734
734	952
741	3813
741	740
740	950
950	949
949	954
954	957
957	960
960	963
3814	3817
3815	3817
3815	2408
3815	747
3815	969
3815	2710
3815	966
3815	3814
3814	964
3814	743
3814	3816
3816	744
3816	2404
3816	3817
3817	2406
3817	2408
3819	3820
3819	3821
3821	3823
3822	3823
3822	3824
3822	2724
3822	2722
3822	3821
3821	2720
3821	3819
3819	2718
3819	3818
3818	972
3818	970
3818	749
3818	3820
3820	2412
3820	3823
3823	750
3823	3824
3824	2419
3824	753
3824	975
3824	2724
756	2423
2423	2734
2423	3825
2423	2421
2421	2726
2421	976
2421	755
2726	2728
2728	2734
2728	2730
2730	984
2730	981
2730	978
765	3826
765	764
764	2735
2735	985
768	767
767	983
983	987
983	982
3828	3831
3829	3831
3829	3832
3830	3834
3831	3834
3832	3834
3832	774
3832	1008
3832	1005
3832	3829
3829	3827
3829	3828
3828	993
3828	3830
3830	2740
3830	3833
3833	991
3833	770
3833	771
3833	3834
3834	774
993	996
996	1002
996	999
1002	1005
1008	1013
1013	1016
777	3835
3835	1021
3835	1017
3835	776
776	3835
3836	3842
3837	3842
3837	3843
3838	3843
3838	3844
3839	3844
3840	3846
3841	3846
3842	3846
3842	3847
3843	3847
3843	3344
3843	3844
3844	788
3844	3839
3839	2780
3839	2778
3839	3838
3838	2776
3838	3837
3837	2774
3837	3836
3836	1029
3836	3840
3836	3841
3840	1026
3840	3845
3845	1009
3845	3848
3845	3846
3846	783
3846	3847
3847	3344
783	782
782	1012
782	1022
1012	1009
2780	789
2780	1032
3348	3849
3348	2467
3348	786
785	3849
2798	3850
2798	2476
2798	792
2476	2474
2474	1035
2474	1033
2474	791
1035	1038
1038	1041
1047	1050
2486	1042
2486	2801
2486	794
2486	795
1042	1044
1044	1050
803	3851
803	2492
2492	3852
2492	2490
2490	1051
2490	802
1051	1053
1053	1056
1056	1059
1059	1062
1062	3851
1062	1065
1065	1068
1069	1071
806	1074
806	1071
806	805
1074	1077
1077	1080
809	3854
809	2500
2500	3853
2500	2498
2498	808
808	3854
808	1084
1084	1086
1098	2874
812	811
811	1087
1087	1078
1087	1079
1078	2874
1078	1089
1089	2861
2861	1095
2861	1092
817	2876
3855	3857
3855	3858
3855	1101
3855	1099
3855	3856
3856	2876
3856	818
3856	3857
3857	2890
3857	2888
3857	3858
3858	2886
3858	1104
3858	1101
3861	3862
3861	2904
3861	2902
3861	2889
3861	2891
3861	3860
3860	2510
3860	2512
3860	3862
3862	2514
3862	2904
2904	821
2904	830
830	824
2510	820
2889	3859
2889	2887
2887	2900
2887	1107
2887	1105
1107	1110
2900	2902
3864	3865
3864	3866
3864	1111
3864	2901
3864	2903
3864	3863
3863	2905
3863	3865
3865	832
3865	2520
3865	3866
3866	833
3866	1113
3866	1111
2541	2923
2541	2920
2541	2539
2539	2918
2539	2537
2537	2535
2535	2916
2535	2533
2533	2914
2533	836
836	835
835	1114
2920	1116
2923	1119
1119	1125
1119	1122
2563	2931
2563	3868
2563	2561
2561	3867
2561	2559
2559	2543
2559	845
2543	844
844	1126
1126	1128
1128	2929
2929	3868
2929	2931
3870	3872
3870	3873
3869	3872
3872	2932
3872	853
3872	854
3872	3873
3873	857
3873	860
3873	3870
3870	1131
3870	3869
3869	2935
3869	3871
3871	2933
3871	2930
3871	2932
2930	1129
3875	3878
3875	3879
3876	3879
3878	3880
3874	3878
3879	3881
3878	3881
3881	862
3881	866
3881	869
3881	3879
3879	2601
3879	3876
3876	872
3876	1143
3876	3875
3875	1140
3875	3874
3874	2949
3874	3877
3877	1137
3877	1132
3877	3880
3880	862
1132	1134
1143	1146
866	863
875	3882
875	1147
875	874
1147	1149
1149	1152
1152	1155
1155	881
884	1164
884	2615
2615	1161
2615	883
883	1156
1156	1158
887	1168
887	886
1168	1170
890	889
889	1174
893	902
893	2625
2625	905
2625	1185
2625	2622
2622	1182
2622	1179
2622	892
892	1177
908	907
911	3883
911	910
910	1184
1184	1183
1183	2988
2988	914
3886	3887
3886	1191
3886	1188
3886	2996
3886	2994
3886	3885
3885	3884
3885	916
3885	3887
3887	917
3887	1191
916	2990
2990	1181
1181	1180
1180	2992
2992	2994
920	1194
920	919
919	1192
926	3888
926	925
925	1195
1195	1203
1195	1197
1197	1200
1203	938
938	935
941	940
940	1204
944	956
944	3890
944	943
943	1207
1207	3889
1207	1209
1209	1212
1212	3022
1212	1215
3022	3024
3024	3890
3024	1218
1218	1221
1221	956
947	946
959	958
962	1219
962	961
961	1220
1219	3038
1219	1224
3038	1227
968	3892
968	3891
968	2712
2712	967
967	1228
1228	1230
1230	3892
1230	1233
1233	971
3895	3896
3895	3897
3895	2729
3895	2731
3895	977
3895	1242
3895	3894
3894	3893
3894	2721
3894	2723
3894	3896
3896	2725
3896	3897
3897	2727
3897	2729
2727	974
2721	2719
2719	1236
2719	1234
2719	973
1236	1239
1239	1242
980	979
979	1248
979	1245
979	1243
2741	3054
2741	988
2741	989
988	1249
3898	3900
3898	3901
3898	3902
3899	3904
3900	3904
3900	3905
3900	3906
3901	3906
3901	3907
3902	3907
3905	3908
3905	3909
3905	3910
3906	3910
3906	3911
3907	3911
3907	3912
3910	3913
3910	3914
3911	3914
3911	3912
3912	3055
3912	994
3912	995
3912	3907
3907	3902
3902	1260
3902	3898
3898	1257
3898	3899
3899	3064
3899	3903
3903	1254
3903	3059
3903	3904
3904	3908
3908	1251
3908	3909
3909	3913
3913	1246
3913	3914
3914	1247
3914	3055
998	997
3083	3915
3083	1259
3083	1000
3083	1001
1259	1258
1258	1263
1263	3080
3080	1266
3916	3918
3916	3919
3916	3920
3917	3922
3918	3922
3918	3923
3919	3923
3919	3924
3919	3925
3920	3925
3922	3926
3922	3927
3923	3927
3923	3928
3924	3928
3924	3929
3927	3930
3927	3931
3928	3931
3928	3929
3929	1028
3929	3096
3929	3925
3929	3924
3925	3094
3925	3920
3920	3092
3920	3916
3916	1269
3916	3088
3916	3917
3917	1267
3917	3921
3921	3085
3921	3926
3926	1003
3926	3930
3930	1004
3930	1027
3930	3931
3931	1028
1007	1006
1015	1014
3934	3936
3934	3937
3935	3937
3935	3938
3935	1275
3935	1272
3935	3932
3935	3093
3935	3934
3934	3095
3934	3933
3933	3097
3933	2775
3933	2777
3933	3936
3936	2779
3936	3937
3937	2781
3937	3939
3937	3938
3938	1275
1275	1034
1034	1031
1031	2781
2775	1030
3093	1270
1270	1272
3940	3942
3941	3944
3942	3944
3942	3081
3942	1265
3942	3090
3942	3940
3940	1268
3940	3110
3940	3941
3941	3108
3941	3943
3943	3114
3943	1284
3943	3944
3944	1281
3944	3081
3081	1278
3081	1264
3114	3116
3116	3106
3116	1287
1287	3104
1287	1037
1037	1036
1036	1276
3110	1271
1040	3945
1040	1288
1040	1039
1288	3118
3118	1290
1290	1043
1046	1291
1046	1045
1291	3946
1291	3120
3120	1208
1208	1205
1205	1202
1202	1201
1049	1048
1048	1199
1199	1198
1055	1189
1055	1054
1054	1196
1196	1190
1196	1193
1058	1057
3947	3949
3947	3950
3947	3951
3951	3952
3951	1061
3951	1317
3951	1314
3951	1311
3951	3947
3947	1171
3947	3948
3948	1172
3948	1175
3948	2993
3948	3949
3949	2995
3949	3950
3950	2997
3950	3952
3952	1187
3952	1307
3952	1060
3952	1061
2993	1178
1064	1063
1067	3953
1067	1066
1066	1316
1316	1315
1315	1320
1320	1323
1323	1070
3957	3958
3957	3197
3957	1341
3957	1338
3957	1335
3957	1332
3957	3183
3957	3956
3956	3955
3956	1072
3956	3958
3958	1073
3958	1344
3958	3197
1072	3954
1072	1324
1324	1326
1326	1329
1329	3181
3181	3955
3181	3183
1076	1345
1076	1075
1082	1081
1091	3198
1091	2863
2863	1090
1090	1343
1094	1340
1094	1093
1340	1339
1097	1348
1097	1096
1348	1350
1350	1353
1103	1356
1103	1354
1103	1102
1356	1362
1356	1359
3959	3961
3960	3964
3961	3964
3961	3965
3962	3965
3962	2921
3962	1371
3962	3214
3962	1368
3962	3961
3961	3959
3959	1365
3959	1363
3959	1108
3959	1109
3959	3960
3960	3963
3963	1112
3963	2915
3963	3964
3964	2917
3964	3965
3965	2919
3965	2921
1371	1115
3220	1117
3220	3966
3220	3222
3222	1118
1118	2925
2925	1117
1121	3235
1121	1120
1120	3223
3223	3233
3223	1377
3223	3221
3221	3229
3221	3967
3221	1370
1370	3224
1370	3216
3216	1369
3224	3226
3226	1374
1374	3229
1124	1123
1123	1381
1381	2934
1381	1383
1383	2936
1383	1386
1386	1130
1386	1133
1398	3251
3251	1392
3251	1389
3251	1136
1136	1387
1136	1135
3253	3252
3253	2950
3253	1139
2950	1138
1396	1401
3968	3970
3968	3971
3970	3973
3970	3974
3970	3975
3971	3975
3969	3972
3969	3973
3973	3978
3973	3979
3974	3979
3974	3980
3975	3980
3975	3981
3972	3982
3972	3977
3972	3978
3978	3984
3978	3985
3979	3985
3977	3984
3984	1141
3984	1142
3984	3985
3985	1150
3985	3980
3985	3979
3980	3981
3981	1151
3981	3262
3981	3975
3975	3971
3971	1407
3971	1404
3971	3968
3968	3969
3969	1401
3969	3976
3976	3982
3982	1397
3982	3254
3982	3983
3982	3977
3983	1141
1145	1144
1154	3264
1154	1153
3264	1416
3264	1413
3264	1410
3264	1408
1160	1159
3339	3987
3339	1163
1163	3986
1163	1162
1162	1415
1415	1414
1414	3987
1414	1328
1328	1327
1166	3340
1166	1165
3340	1310
3340	3988
3340	1325
1325	1322
1322	1321
1321	1310
3122	3115
3122	3989
3122	3121
3122	1210
3122	1211
3121	1289
1289	3119
3119	3117
3119	1286
3117	3115
1214	3991
1214	3990
1214	1213
1213	3123
3123	1283
1283	3991
1283	1282
1282	1293
1293	1296
1217	3025
3025	3993
3025	3023
3023	3992
3023	1216
1216	1297
1297	1299
1299	3131
3131	3993
3131	1302
1302	1223
3994	3997
3995	3997
3995	3145
3995	1252
3995	3061
3995	3994
3994	1253
3994	3137
3994	3996
3996	1303
3996	3039
3996	1226
3996	3997
3997	3998
3997	3145
3145	1237
3145	1238
1237	1229
1229	1226
3039	1225
3137	1305
1232	1231
1241	4001
1241	4000
1241	1240
1240	3146
3146	3999
3146	1250
1250	1244
1244	4001
4001	4000
1256	3066
3066	1277
3066	1294
3066	1295
3066	1306
3066	1255
1306	1298
4002	4003
4002	3109
4002	3111
4002	1273
4002	4004
4004	1274
4004	3105
4004	4003
4003	3107
4003	3109
1280	1279
3138	1300
3138	3133
3138	1301
1313	1312
4005	4007
4005	3184
4005	3280
4005	3277
4005	4006
4006	1411
4006	1412
4006	4007
4007	1330
4007	3182
4007	3184
3280	1331
4008	4011
4008	3282
4008	4009
4008	3284
4008	4010
4010	1405
4010	1406
4010	1409
4010	4011
4011	3279
4011	3282
3284	1425
3284	1422
3284	1419
1425	1428
1428	3282
1428	3288
3288	1333
3288	1334
1337	4012
1337	1336
1336	3289
3289	1429
1429	1431
1431	1349
1349	1346
4013	4016
4014	4016
4014	4017
4014	3299
4014	3297
4014	3293
4014	4013
4013	1432
4013	4015
4015	1351
4015	1352
4015	4016
4016	1355
4016	3301
4016	4017
4017	3299
3293	1434
1437	3306
4018	4020
4018	3309
4018	3306
4018	3298
4018	3300
4018	4019
4019	3302
4019	4021
4019	4020
4020	3225
4020	3227
4020	1373
4020	3309
3225	1367
1367	3302
1367	1366
1366	1358
1358	1357
3298	1435
1361	1360
1443	3317
4022	4024
4024	4025
4024	3323
4024	3321
4024	3319
4024	4022
4022	3317
4022	1440
4022	3308
4022	3311
4022	4023
4023	1375
4023	4025
4025	3231
4025	1376
4025	1446
4025	3323
3308	1438
1379	3236
3236	4026
3236	3234
3234	3325
3234	1447
3234	1378
3325	3337
3325	3327
3327	3329
3329	1390
3329	1391
3329	1449
3337	1382
1385	3338
1385	1384
1394	1450
1394	1393
1450	1452
3285	4027
3285	1403
1403	4028
1403	1402
1402	1453
1453	4027
1453	1418
4030	4032
4029	4032
4031	4033
4031	4032
4032	3330
4032	1448
4032	1451
4032	4030
4030	1420
4030	3318
4030	3320
4030	4029
4029	3322
4029	4031
4031	4034
4034	3324
4034	1445
4034	3326
4034	4033
4033	3328
4033	3330
3318	1421
3318	1444
1424	1442
1424	1423
1433	3295
1427	4035
1427	1426
1426	1439
1439	3295
1439	1436
3295	1430
4	0
4	1454
1455	1454
1455	1
7	4
7	5
10	7
10	8
1456	10
1456	11
1458	1456
1458	1457
13	1458
13	1459
16	13
16	1460
1461	1460
1461	14
1462	16
1462	17
19	1462
19	1463
1465	19
1465	1464
1466	1464
1466	20
1468	1465
1468	1466
1469	1466
1469	1467
1471	1468
1471	1469
1472	1469
1472	1470
22	1471
22	1472
1474	1472
1474	1473
25	22
25	1475
1476	1475
1476	23
28	25
28	26
31	28
31	1477
1479	1477
1479	1478
1480	1478
1480	29
34	31
34	1481
1483	1481
1483	1482
1484	1482
1484	32
37	34
37	1485
1488	1485
1488	1486
1489	1486
1489	1487
1490	1487
1490	35
1491	37
1491	38
1493	1491
1493	1492
1495	1493
1495	1494
1497	1495
1497	1496
0	1497
0	1498
40	38
40	1499
1502	1499
1502	1500
1503	1500
1503	1501
1504	1501
1504	36
2	40
2	1505
1507	1505
1507	1506
1508	1506
1508	41
1510	41
1510	1509
1511	1509
1511	39
43	1510
43	1511
1513	1511
1513	1512
46	43
46	1514
1515	1514
1515	44
49	46
49	1516
1517	1516
1517	47
52	49
52	1518
1519	1518
1519	50
55	52
55	1520
1521	1520
1521	53
58	55
58	1522
1523	1522
1523	56
3	58
3	1524
1525	1524
1525	59
6	59
6	57
1527	56
1527	1526
1528	1526
1528	54
61	1527
61	1528
1530	1528
1530	1529
9	61
9	62
64	62
64	1531
1532	1531
1532	60
67	64
67	65
1533	67
1533	68
12	1533
12	1534
1535	68
1535	66
70	1535
70	1536
73	70
73	1537
1538	1537
1538	71
76	73
76	1539
1540	1539
1540	74
15	76
15	1541
1542	1541
1542	77
79	77
79	75
82	79
82	1543
1544	1543
1544	80
18	82
18	1545
1546	1545
1546	83
1547	83
1547	81
1549	1547
1549	1548
1551	1549
1551	1550
85	1551
85	1552
88	85
88	1553
1554	1553
1554	86
1555	88
1555	89
21	1555
21	1556
1557	89
1557	87
91	1557
91	1558
94	91
94	1559
1562	1559
1562	1560
1563	1560
1563	1561
1564	1561
1564	92
24	94
24	95
27	95
27	1565
1567	1565
1567	1566
1568	1566
1568	93
1572	92
1572	1569
1573	1569
1573	1570
1574	1570
1574	1571
1575	1571
1575	90
97	1572
97	1573
1577	1573
1577	1574
1578	1574
1578	1575
1579	1575
1579	1576
100	97
100	1580
1583	1580
1583	1581
1584	1581
1584	1582
1585	1582
1585	98
103	100
103	1586
1589	1586
1589	1587
1590	1587
1590	1588
1591	1588
1591	101
1594	103
1594	1592
1595	1592
1595	1593
1596	1593
1596	104
106	1594
106	1595
1598	1595
1598	1596
1599	1596
1599	1597
109	106
109	1600
1601	1600
1601	107
1602	109
1602	110
112	1602
112	1603
115	112
115	1604
1605	1604
1605	113
30	115
30	116
33	116
33	114
1606	113
1606	111
118	1606
118	1607
121	118
121	1608
1609	1608
1609	119
124	121
124	1610
1611	1610
1611	122
1613	124
1613	1612
1614	1612
1614	125
42	1613
42	1614
1616	1614
1616	1615
1617	125
1617	123
127	1617
127	1618
130	127
130	1619
1620	1619
1620	128
133	130
133	131
136	133
136	134
1621	136
1621	137
139	1621
139	1622
142	139
142	1623
1624	1623
1624	140
45	142
45	143
48	143
48	1625
1626	1625
1626	141
145	140
145	1627
1629	1627
1629	1628
1630	1628
1630	138
148	145
148	1631
1633	1631
1633	1632
1634	1632
1634	146
151	148
151	1635
1637	1635
1637	1636
1638	1636
1638	149
154	151
154	1639
1641	1639
1641	1640
1642	1640
1642	152
157	154
157	155
160	157
160	1643
1644	1643
1644	158
1645	160
1645	161
1647	1645
1647	1646
1649	1647
1649	1648
51	1649
51	1650
163	161
163	1651
1652	1651
1652	159
63	163
63	1653
1654	1653
1654	164
1655	164
1655	162
166	1655
166	1656
1657	166
1657	167
169	1657
169	1658
69	169
69	170
172	170
172	168
175	172
175	173
1659	175
1659	176
1661	1659
1661	1660
1663	1661
1663	1662
1665	1663
1665	1664
178	1665
178	1666
181	178
181	1667
1669	1667
1669	1668
1670	1668
1670	179
1673	181
1673	1671
1674	1671
1674	1672
1675	1672
1675	182
1677	1673
1677	1674
1678	1674
1678	1675
1679	1675
1679	1676
184	1677
184	1678
1681	1678
1681	1679
1682	1679
1682	1680
72	184
72	1683
1685	1683
1685	1684
1686	1684
1686	185
78	185
78	1687
1688	1687
1688	183
1689	182
1689	180
1691	1689
1691	1690
1693	1691
1693	1692
84	1693
84	1694
187	179
187	1695
1698	1695
1698	1696
1699	1696
1699	1697
1700	1697
1700	177
96	187
96	1701
1703	1701
1703	1702
1704	1702
1704	188
190	188
190	186
99	190
99	1705
1707	1705
1707	1706
1708	1706
1708	191
193	191
193	1709
1711	1709
1711	1710
1712	1710
1712	189
1714	193
1714	1713
1715	1713
1715	194
196	1714
196	1715
1717	1715
1717	1716
1720	196
1720	1718
1721	1718
1721	1719
1722	1719
1722	197
199	1720
199	1721
1724	1721
1724	1722
1725	1722
1725	1723
1726	199
1726	200
102	1726
102	1727
202	200
202	1728
1730	1728
1730	1729
1731	1729
1731	198
205	202
205	1732
1734	1732
1734	1733
1735	1733
1735	203
208	205
208	1736
1739	1736
1739	1737
1740	1737
1740	1738
1741	1738
1741	206
211	208
211	1742
1743	1742
1743	209
105	211
105	1744
1745	1744
1745	212
214	212
214	1746
1747	1746
1747	210
217	214
217	1748
1751	1748
1751	1749
1752	1749
1752	1750
1753	1750
1753	215
108	217
108	218
220	218
220	1754
1758	1754
1758	1755
1759	1755
1759	1756
1760	1756
1760	1757
1761	1757
1761	216
117	220
117	1762
1763	1762
1763	221
223	221
223	1764
1766	1764
1766	1765
1767	1765
1767	219
226	223
226	1768
1770	1768
1770	1769
1771	1769
1771	224
120	226
120	227
229	227
229	1772
1775	1772
1775	1773
1776	1773
1776	1774
1777	1774
1777	225
126	229
126	1778
1779	1778
1779	230
232	230
232	228
1781	232
1781	1780
1782	1780
1782	233
1784	1781
1784	1782
1785	1782
1785	1783
235	1784
235	1785
1787	1785
1787	1786
238	235
238	236
241	238
241	1788
1789	1788
1789	239
244	241
244	1790
1791	1790
1791	242
247	244
247	1792
1793	1792
1793	245
129	247
129	1794
1795	1794
1795	248
132	248
132	246
1797	245
1797	1796
1798	1796
1798	243
250	1797
250	1798
1800	1798
1800	1799
135	250
135	251
253	251
253	1801
1802	1801
1802	249
256	253
256	254
144	256
144	257
147	257
147	255
259	254
259	252
262	259
262	260
265	262
265	1803
1805	1803
1805	1804
1806	1804
1806	263
150	265
150	1807
1809	1807
1809	1808
1810	1808
1810	266
1811	266
1811	264
1813	1811
1813	1812
1815	1813
1815	1814
1817	1815
1817	1816
268	1817
268	1818
271	268
271	269
1820	271
1820	1819
1821	1819
1821	272
274	1820
274	1821
1823	1821
1823	1822
153	274
153	1824
1825	1824
1825	275
156	275
156	273
165	272
165	1826
1827	1826
1827	270
277	269
277	267
1828	277
1828	278
171	1828
171	1829
280	278
280	1830
1831	1830
1831	276
1832	280
1832	281
1834	1832
1834	1833
283	1834
283	1835
286	283
286	284
1836	286
1836	287
174	1836
174	1837
289	287
289	1838
1839	1838
1839	285
1841	289
1841	1840
1842	1840
1842	290
1844	1841
1844	1842
1845	1842
1845	1843
292	1844
292	1845
1847	1845
1847	1846
192	292
192	1848
1851	1848
1851	1849
1852	1849
1852	1850
1853	1850
1853	293
295	293
295	1854
1856	1854
1856	1855
1857	1855
1857	291
298	295
298	296
301	298
301	1858
1860	1858
1860	1859
1861	1859
1861	299
195	301
195	1862
1864	1862
1864	1863
1865	1863
1865	302
304	302
304	1866
1867	1866
1867	300
307	304
307	1868
1871	1868
1871	1869
1872	1869
1872	1870
1873	1870
1873	305
310	307
310	1874
1876	1874
1876	1875
1877	1875
1877	308
1878	310
1878	311
1880	1878
1880	1879
201	1880
201	1881
313	311
313	1882
1884	1882
1884	1883
1885	1883
1885	309
316	313
316	1886
1889	1886
1889	1887
1890	1887
1890	1888
1891	1888
1891	314
319	316
319	1892
1894	1892
1894	1893
1895	1893
1895	317
322	319
322	1896
1897	1896
1897	320
204	322
204	1898
1901	1898
1901	1899
1902	1899
1902	1900
1903	1900
1903	323
325	323
325	1904
1905	1904
1905	321
1907	325
1907	1906
1908	1906
1908	326
328	1907
328	1908
1910	1908
1910	1909
331	328
331	329
334	331
334	1911
1912	1911
1912	332
222	334
222	335
1913	335
1913	333
231	1913
231	1914
337	332
337	330
340	337
340	1915
1916	1915
1916	338
343	340
343	1917
1919	1917
1919	1918
1920	1918
1920	341
1922	343
1922	1921
1923	1921
1923	344
346	1922
346	1923
1925	1923
1925	1924
349	346
349	1926
1927	1926
1927	347
234	349
234	350
352	350
352	348
237	352
237	1928
1930	1928
1930	1929
1931	1929
1931	353
355	353
355	1932
1934	1932
1934	1933
1935	1933
1935	351
358	355
358	1936
1938	1936
1938	1937
1939	1937
1939	356
361	358
361	1940
1943	1940
1943	1941
1944	1941
1944	1942
1945	1942
1945	359
364	361
364	362
367	364
367	1946
1948	1946
1948	1947
1949	1947
1949	365
370	367
370	368
373	370
373	1950
1951	1950
1951	371
1952	373
1952	374
1954	1952
1954	1953
1956	1954
1956	1955
240	1956
240	1957
258	374
258	1958
1959	1958
1959	372
376	371
376	369
1961	376
1961	1960
1962	1960
1962	377
379	1961
379	1962
1964	1962
1964	1963
261	379
261	1965
1967	1965
1967	1966
1968	1966
1968	380
382	380
382	1969
1971	1969
1971	1970
1972	1970
1972	378
385	382
385	383
388	385
388	1973
1974	1973
1974	386
1976	388
1976	1975
1977	1975
1977	389
391	1976
391	1977
1979	1977
1979	1978
394	391
394	1980
1981	1980
1981	392
397	394
397	395
279	397
279	398
400	398
400	396
403	400
403	1982
1984	1982
1984	1983
1985	1983
1985	401
1986	403
1986	404
282	1986
282	1987
406	404
406	1988
1990	1988
1990	1989
1991	1989
1991	402
1993	406
1993	1992
1994	1992
1994	407
1996	1993
1996	1994
1997	1994
1997	1995
409	1996
409	1997
1999	1997
1999	1998
2002	409
2002	2000
2003	2000
2003	2001
2004	2001
2004	410
412	2002
412	2003
2006	2003
2006	2004
2007	2004
2007	2005
415	412
415	2008
2009	2008
2009	413
2010	415
2010	416
2012	2010
2012	2011
2014	2012
2014	2013
288	2014
288	2015
294	416
294	2016
2017	2016
2017	414
418	413
418	2018
2019	2018
2019	411
421	418
421	419
297	421
297	2020
2021	2020
2021	422
424	422
424	2022
2023	2022
2023	420
427	424
427	2024
2026	2024
2026	2025
2027	2025
2027	425
430	427
430	2028
2030	2028
2030	2029
2031	2029
2031	428
433	430
433	2032
2033	2032
2033	431
436	433
436	2034
2036	2034
2036	2035
2037	2035
2037	434
439	436
439	2038
2039	2038
2039	437
442	439
442	2040
2041	2040
2041	440
445	442
445	2042
2044	2042
2044	2043
2045	2043
2045	443
2047	445
2047	2046
2048	2046
2048	446
448	2047
448	2048
2050	2048
2050	2049
303	448
303	2051
2053	2051
2053	2052
2054	2052
2054	449
2055	449
2055	447
451	2055
451	2056
2059	451
2059	2057
2060	2057
2060	2058
2061	2058
2061	452
454	2059
454	2060
2063	2060
2063	2061
2064	2061
2064	2062
457	454
457	2065
2067	2065
2067	2066
2068	2066
2068	455
2070	457
2070	2069
2071	2069
2071	458
306	2070
306	2071
2073	2071
2073	2072
460	458
460	2074
2076	2074
2076	2075
2077	2075
2077	456
463	460
463	461
312	463
312	2078
2081	2078
2081	2079
2082	2079
2082	2080
2083	2080
2083	464
466	464
466	2084
2086	2084
2086	2085
2087	2085
2087	462
469	466
469	2088
2089	2088
2089	467
470	473
474	469
2090	474
2090	475
477	2090
477	2091
480	477
480	2092
2093	2092
2093	478
483	480
483	481
486	483
486	2094
2096	2094
2096	2095
2097	2095
2097	484
2100	486
2100	2098
2101	2098
2101	2099
2102	2099
2102	487
2104	2100
2104	2101
2105	2101
2105	2102
2106	2102
2106	2103
315	2104
315	2105
2108	2105
2108	2106
2109	2106
2109	2107
339	487
339	485
489	484
489	2110
2112	2110
2112	2111
2113	2111
2113	482
492	489
492	2114
2117	2114
2117	2115
2118	2115
2118	2116
2119	2116
2119	490
495	492
495	2120
2121	2120
2121	493
342	495
342	496
498	496
498	2122
2123	2122
2123	494
501	498
501	499
504	501
504	502
507	504
507	505
345	507
345	508
354	508
354	506
2124	505
2124	503
510	2124
510	2125
513	510
513	2126
2127	2126
2127	511
516	513
516	2128
2129	2128
2129	514
357	516
357	517
519	517
519	515
522	519
522	520
525	522
525	2130
2132	2130
2132	2131
2133	2131
2133	523
360	525
360	2134
2136	2134
2136	2135
2137	2135
2137	526
363	526
363	2138
2140	2138
2140	2139
2141	2139
2141	524
528	523
528	2142
2144	2142
2144	2143
2145	2143
2145	521
2146	528
2146	529
531	2146
531	2147
534	531
534	2148
2150	2148
2150	2149
2151	2149
2151	532
381	534
381	2152
2154	2152
2154	2153
2155	2153
2155	535
384	535
384	2156
2157	2156
2157	533
537	532
537	2158
2159	2158
2159	530
540	537
540	2160
2161	2160
2161	538
543	540
543	2162
2164	2162
2164	2163
2165	2163
2165	541
546	543
546	2166
2167	2166
2167	544
387	546
387	547
549	547
549	2168
2169	2168
2169	545
2171	549
2171	2170
2172	2170
2172	550
552	2171
552	2172
2174	2172
2174	2173
555	552
555	553
558	555
558	556
390	558
390	559
561	559
561	557
393	561
393	2175
2176	2175
2176	562
399	562
399	2177
2178	2177
2178	560
564	556
564	554
2179	564
2179	565
2181	2179
2181	2180
2183	2181
2183	2182
2185	2183
2185	2184
567	2185
567	2186
2187	567
2187	568
2189	2187
2189	2188
405	2189
405	2190
570	568
570	566
573	570
573	2191
2193	2191
2193	2192
2194	2192
2194	571
576	573
576	2195
2196	2195
2196	574
408	576
408	2197
2198	2197
2198	577
579	577
579	575
2199	579
2199	580
582	2199
582	2200
426	582
426	583
2201	583
2201	581
585	2201
585	2202
429	585
429	2203
2204	2203
2204	586
588	586
588	2205
2207	2205
2207	2206
2208	2206
2208	584
591	588
591	2209
2211	2209
2211	2210
2212	2210
2212	589
432	591
432	2213
2215	2213
2215	2214
2216	2214
2216	592
2217	592
2217	590
2219	2217
2219	2218
594	2219
594	2220
2223	594
2223	2221
2224	2221
2224	2222
2225	2222
2225	595
597	2223
597	2224
2227	2224
2227	2225
2228	2225
2228	2226
600	597
600	2229
2231	2229
2231	2230
2232	2230
2232	598
603	600
603	2233
2234	2233
2234	601
606	603
606	604
435	606
435	607
438	607
438	605
441	604
441	602
609	601
609	2235
2237	2235
2237	2236
2238	2236
2238	599
612	609
612	2239
2240	2239
2240	610
615	612
615	2241
2242	2241
2242	613
2243	615
2243	616
444	2243
444	2244
450	616
450	2245
2246	2245
2246	614
618	613
618	611
621	618
621	2247
2248	2247
2248	619
624	621
624	622
627	624
627	2249
2251	2249
2251	2250
2252	2250
2252	625
2255	627
2255	2253
2256	2253
2256	2254
2257	2254
2257	628
630	2255
630	2256
2259	2256
2259	2257
2260	2257
2260	2258
633	630
633	2261
2262	2261
2262	631
636	633
636	2263
2265	2263
2265	2264
2266	2264
2266	634
453	636
453	2267
2268	2267
2268	637
639	637
639	2269
2271	2269
2271	2270
2272	2270
2272	635
642	639
642	2273
2275	2273
2275	2274
2276	2274
2276	640
2277	642
2277	643
645	2277
645	2278
459	645
459	2279
2281	2279
2281	2280
2282	2280
2282	646
648	646
648	2283
2285	2283
2285	2284
2286	2284
2286	644
651	648
651	2287
2290	2287
2290	2288
2291	2288
2291	2289
2292	2289
2292	649
654	651
654	2293
2294	2293
2294	652
465	654
465	2295
2296	2295
2296	655
657	655
657	2297
2298	2297
2298	653
468	657
468	2299
2301	2299
2301	2300
2302	2300
2302	658
650	658
650	2303
2304	2303
2304	656
2308	649
2308	2305
2309	2305
2309	2306
2310	2306
2310	2307
2311	2307
2311	647
660	2308
660	2309
2313	2309
2313	2310
2314	2310
2314	2311
2315	2311
2315	2312
663	660
663	2316
2317	2316
2317	661
666	663
666	2318
2319	2318
2319	664
669	666
669	667
672	669
672	2320
2321	2320
2321	670
675	672
675	673
678	675
678	2322
2324	2322
2324	2323
2325	2323
2325	676
679	682
683	678
473	683
473	2326
2329	2326
2329	2327
2330	2327
2330	2328
2331	2328
2331	684
2332	684
2332	682
476	2332
476	2333
686	679
686	2334
2335	2334
2335	677
2337	686
2337	2336
2338	2336
2338	687
689	2337
689	2338
2340	2338
2340	2339
692	689
692	2341
2342	2341
2342	690
2344	692
2344	2343
2345	2343
2345	693
491	2344
491	2345
2347	2345
2347	2346
695	693
695	2348
2349	2348
2349	691
698	695
698	2350
2351	2350
2351	696
701	698
701	2352
2353	2352
2353	699
497	701
497	2354
2355	2354
2355	702
500	702
500	700
509	699
509	2356
2357	2356
2357	697
2359	696
2359	2358
2360	2358
2360	694
704	2359
704	2360
2362	2360
2362	2361
2363	704
2363	705
2365	2363
2365	2364
512	2365
512	2366
707	705
707	2367
2368	2367
2368	703
710	707
710	2369
2371	2369
2371	2370
2372	2370
2372	708
713	710
713	2373
2375	2373
2375	2374
2376	2374
2376	711
716	713
716	714
719	716
719	717
518	719
518	2377
2378	2377
2378	720
722	720
722	718
725	722
725	2379
2380	2379
2380	723
726	729
730	725
527	730
527	2381
2383	2381
2383	2382
2384	2382
2384	731
733	731
733	2385
2386	2385
2386	729
736	733
736	734
536	736
536	2387
2390	2387
2390	2388
2391	2388
2391	2389
2392	2389
2392	737
739	737
739	2393
2396	2393
2396	2394
2397	2394
2397	2395
2398	2395
2398	735
742	739
742	740
745	742
745	2399
2400	2399
2400	743
539	745
539	2401
2402	2401
2402	746
2403	746
2403	744
2405	2403
2405	2404
2407	2405
2407	2406
748	2407
748	2408
2410	748
2410	2409
2411	2409
2411	749
751	2410
751	2411
2413	2411
2413	2412
2414	751
2414	752
2416	2414
2416	2415
542	2416
542	2417
2418	752
2418	750
754	2418
754	2419
2420	754
2420	755
2422	2420
2422	2421
757	2422
757	2423
760	757
760	2424
2425	2424
2425	758
2426	760
2426	761
2428	2426
2428	2427
548	2428
548	2429
551	761
551	2430
2431	2430
2431	759
763	758
763	2432
2433	2432
2433	756
766	763
766	2434
2435	2434
2435	764
769	766
769	2436
2437	2436
2437	767
772	769
772	2438
2440	2438
2440	2439
2441	2439
2441	770
2442	772
2442	773
2444	2442
2444	2443
2446	2444
2446	2445
563	2446
563	2447
775	773
775	2448
2451	2448
2451	2449
2452	2449
2452	2450
2453	2450
2453	771
778	775
778	776
569	778
569	2454
2455	2454
2455	779
781	779
781	2456
2458	2456
2458	2457
2459	2457
2459	777
784	781
784	2460
2462	2460
2462	2461
2463	2461
2463	782
2465	784
2465	2464
2466	2464
2466	785
787	2465
787	2466
2468	2466
2468	2467
790	787
790	2469
2471	2469
2471	2470
2472	2470
2472	788
2473	790
2473	791
2475	2473
2475	2474
793	2475
793	2476
796	793
796	2477
2479	2477
2479	2478
2480	2478
2480	794
797	589
587	796
2483	797
2483	2481
2484	2481
2484	2482
2485	2482
2485	795
801	2483
801	2484
2487	2484
2487	2485
2488	2485
2488	2486
2489	801
2489	802
2491	2489
2491	2490
804	2491
804	2492
807	804
807	2493
2495	2493
2495	2494
2496	2494
2496	805
2497	807
2497	808
2499	2497
2499	2498
810	2499
810	2500
813	810
813	2501
2503	2501
2503	2502
2504	2502
2504	811
593	813
593	2505
2507	2505
2507	2506
2508	2506
2508	814
816	814
816	812
819	816
819	817
2509	819
2509	820
2511	2509
2511	2510
2513	2511
2513	2512
822	2513
822	2514
596	822
596	823
825	823
825	821
828	825
828	826
608	828
608	829
617	829
617	827
831	826
831	2515
2516	2515
2516	824
2518	831
2518	2517
2519	2517
2519	832
834	2518
834	2519
2521	2519
2521	2520
837	834
837	2522
2524	2522
2524	2523
2525	2523
2525	835
840	837
840	2526
2528	2526
2528	2527
2529	2527
2529	838
620	840
620	841
623	841
623	2530
2531	2530
2531	839
2532	838
2532	836
2534	2532
2534	2533
2536	2534
2536	2535
2538	2536
2538	2537
2540	2538
2540	2539
843	2540
843	2541
2542	843
2542	844
846	2542
846	2543
849	846
849	847
2545	849
2545	2544
2546	2544
2546	850
2548	2545
2548	2546
2549	2546
2549	2547
626	2548
626	2549
2551	2549
2551	2550
2552	850
2552	848
2554	2552
2554	2553
2556	2554
2556	2555
629	2556
629	2557
2558	847
2558	845
2560	2558
2560	2559
2562	2560
2562	2561
852	2562
852	2563
855	852
855	853
2564	855
2564	856
2566	2564
2566	2565
2568	2566
2568	2567
632	2568
632	2569
858	856
858	2570
2571	2570
2571	854
638	858
638	2572
2573	2572
2573	859
861	859
861	857
864	861
864	2574
2577	2574
2577	2575
2578	2575
2578	2576
2579	2576
2579	862
641	864
641	2580
2582	2580
2582	2581
2583	2581
2583	865
867	865
867	2584
2587	2584
2587	2585
2588	2585
2588	2586
2589	2586
2589	863
659	867
659	2590
2591	2590
2591	868
870	868
870	2592
2594	2592
2594	2593
2595	2593
2595	866
662	870
662	871
2598	871
2598	2596
2599	2596
2599	2597
2600	2597
2600	869
873	2598
873	2599
2602	2599
2602	2600
2603	2600
2603	2601
876	873
876	874
879	876
879	2604
2605	2604
2605	877
665	879
665	2606
2607	2606
2607	880
668	880
668	878
882	877
882	2608
2610	2608
2610	2609
2611	2609
2611	875
2613	882
2613	2612
2614	2612
2614	883
885	2613
885	2614
2616	2614
2616	2615
888	885
888	2617
2618	2617
2618	886
891	888
891	889
2620	891
2620	2619
2621	2619
2621	892
2623	2620
2623	2621
2624	2621
2624	2622
894	2623
894	2624
2626	2624
2626	2625
2627	894
2627	895
671	2627
671	2628
897	895
897	893
900	897
900	2629
2632	2629
2632	2630
2633	2630
2633	2631
2634	2631
2634	898
674	900
674	2635
2637	2635
2637	2636
2638	2636
2638	901
685	901
685	899
903	898
903	2639
2640	2639
2640	896
2641	903
2641	904
688	2641
688	2642
906	904
906	2643
2644	2643
2644	902
909	906
909	907
912	909
912	910
2645	912
2645	913
706	2645
706	2646
915	913
915	911
918	915
918	2647
2648	2647
2648	916
921	918
921	919
709	921
709	922
924	922
924	920
927	924
927	2649
2652	2649
2652	2650
2653	2650
2653	2651
2654	2651
2654	925
930	927
930	2655
2657	2655
2657	2656
2658	2656
2658	928
712	930
712	2659
2661	2659
2661	2660
2662	2660
2662	931
933	931
933	2663
2664	2663
2664	929
715	933
715	934
721	934
721	2665
2666	2665
2666	932
936	928
936	2667
2668	2667
2668	926
724	936
724	2669
2671	2669
2671	2670
2672	2670
2672	937
939	937
939	2673
2675	2673
2675	2674
2676	2674
2676	935
942	939
942	2677
2678	2677
2678	940
945	942
945	2679
2681	2679
2681	2680
2682	2680
2682	943
948	945
948	2683
2684	2683
2684	946
951	948
951	2685
2687	2685
2687	2686
2688	2686
2688	949
732	951
732	2689
2690	2689
2690	952
738	952
738	2691
2694	2691
2694	2692
2695	2692
2695	2693
2696	2693
2696	950
954	949
954	2697
2699	2697
2699	2698
2700	2698
2700	947
957	954
957	2701
2703	2701
2703	2702
2704	2702
2704	955
960	957
960	958
963	960
963	961
741	963
741	2705
2706	2705
2706	964
966	964
966	2707
2708	2707
2708	962
2710	966
2710	2709
2711	2709
2711	967
969	2710
969	2711
2713	2711
2713	2712
747	969
747	2714
2715	2714
2715	970
972	970
972	2716
2717	2716
2717	968
2718	972
2718	973
2720	2718
2720	2719
2722	2720
2722	2721
2724	2722
2724	2723
975	2724
975	2725
753	975
753	976
2726	976
2726	974
2728	2726
2728	2727
2730	2728
2730	2729
978	2730
978	2731
981	978
981	979
984	981
984	2732
2733	2732
2733	982
2734	984
2734	985
762	2734
762	2735
765	985
765	2736
2737	2736
2737	983
987	982
987	980
990	987
990	988
768	990
768	2738
2739	2738
2739	991
2740	991
2740	989
993	2740
993	2741
996	993
996	2742
2743	2742
2743	994
999	996
999	997
1002	999
1002	2744
2746	2744
2746	2745
2747	2745
2747	1000
1005	1002
1005	2748
2751	2748
2751	2749
2752	2749
2752	2750
2753	2750
2753	1003
1008	1005
1008	2754
2757	2754
2757	2755
2758	2755
2758	2756
2759	2756
2759	1006
1009	1012
1013	1008
1016	1013
1016	2760
2762	2760
2762	2761
2763	2761
2763	1014
774	1016
774	2764
2767	2764
2767	2765
2768	2765
2768	2766
2769	2766
2769	1017
1015	1020
1021	1017
1022	782
780	1021
1012	1022
1012	2770
2771	2770
2771	1020
1026	1009
1026	1007
1029	1026
1029	2772
2773	2772
2773	1027
2774	1029
2774	1030
2776	2774
2776	2775
2778	2776
2778	2777
2780	2778
2780	2779
1032	2780
1032	2781
789	1032
789	2782
2784	2782
2784	2783
2785	2783
2785	1033
1035	1033
1035	2786
2788	2786
2788	2787
2789	2787
2789	1031
1038	1035
1038	2790
2792	2790
2792	2791
2793	2791
2793	1036
1041	1038
1041	2794
2795	2794
2795	1039
2798	1041
2798	2796
2799	2796
2799	2797
2800	2797
2800	1042
792	2798
792	2799
2802	2799
2802	2800
2803	2800
2803	2801
1044	1042
1044	2804
2806	2804
2806	2805
2807	2805
2807	1040
1047	1044
1047	2808
2810	2808
2810	2809
2811	2809
2811	1045
1050	1047
1050	1048
800	1050
800	2812
2814	2812
2814	2813
2815	2813
2815	1051
1053	1051
1053	2816
2818	2816
2818	2817
2819	2817
2819	1049
1056	1053
1056	2820
2821	2820
2821	1054
1059	1056
1059	2822
2823	2822
2823	1057
1062	1059
1062	2824
2826	2824
2826	2825
2827	2825
2827	1060
1065	1062
1065	2828
2829	2828
2829	1063
1068	1065
1068	2830
2832	2830
2832	2831
2833	2831
2833	1066
803	1068
803	2834
2836	2834
2836	2835
2837	2835
2837	1069
1071	1069
1071	1067
1074	1071
1074	2838
2839	2838
2839	1072
1077	1074
1077	1075
1080	1077
1080	2840
2841	2840
2841	1078
1083	1080
1083	2842
2844	2842
2844	2843
2845	2843
2845	1081
806	1083
806	2846
2848	2846
2848	2847
2849	2847
2849	1084
1086	1084
1086	1082
809	1086
809	2850
2852	2850
2852	2851
2853	2851
2853	1087
1079	1087
1079	2854
2856	2854
2856	2855
2857	2855
2857	1085
1089	1078
1089	2858
2859	2858
2859	1076
2861	1089
2861	2860
2862	2860
2862	1090
1092	2861
1092	2862
2864	2862
2864	2863
1095	1092
1095	2865
2867	2865
2867	2866
2868	2866
2868	1093
1098	1095
1098	2869
2871	2869
2871	2870
2872	2870
2872	1096
2874	1098
2874	2873
2875	2873
2875	1099
815	2874
815	2875
2877	2875
2877	2876
1101	1099
1101	2878
2880	2878
2880	2879
2881	2879
2881	1097
1104	1101
1104	2882
2884	2882
2884	2883
2885	2883
2885	1102
2886	1104
2886	1105
2888	2886
2888	2887
2890	2888
2890	2889
818	2890
818	2891
1107	1105
1107	2892
2894	2892
2894	2893
2895	2893
2895	1103
1110	1107
1110	2896
2898	2896
2898	2897
2899	2897
2899	1108
2900	1110
2900	1111
2902	2900
2902	2901
2904	2902
2904	2903
830	2904
830	2905
1113	1111
1113	2906
2908	2906
2908	2907
2909	2907
2909	1109
833	1113
833	2910
2912	2910
2912	2911
2913	2911
2913	1114
2914	1114
2914	1112
2916	2914
2916	2915
2918	2916
2918	2917
2920	2918
2920	2919
1116	2920
1116	2921
2923	1116
2923	2922
2924	2922
2924	1117
1119	2923
1119	2924
2926	2924
2926	2925
1122	1119
1122	2927
2928	2927
2928	1120
1125	1122
1125	1123
842	1125
842	1126
1128	1126
1128	1124
2929	1128
2929	1129
2931	2929
2931	2930
851	2931
851	2932
2933	1129
2933	1127
2935	2933
2935	2934
1131	2935
1131	2936
860	1131
860	2937
2940	2937
2940	2938
2941	2938
2941	2939
2942	2939
2942	1132
1134	1132
1134	2943
2945	2943
2945	2944
2946	2944
2946	1130
1137	1134
1137	2947
2948	2947
2948	1135
2949	1137
2949	1138
1140	2949
1140	2950
1143	1140
1143	2951
2952	2951
2952	1141
1146	1143
1146	1144
872	1146
872	2953
2955	2953
2955	2954
2956	2954
2956	1147
1149	1147
1149	2957
2959	2957
2959	2958
2960	2958
2960	1145
1152	1149
1152	2961
2964	2961
2964	2962
2965	2962
2965	2963
2966	2963
2966	1150
1155	1152
1155	2967
2968	2967
2968	1153
881	1155
881	1156
1158	1156
1158	2969
2970	2969
2970	1154
1161	1158
1161	1159
1164	1161
1164	1162
1167	1164
1167	1165
884	1167
884	1168
1170	1168
1170	1166
1173	1170
1173	2971
2973	2971
2973	2972
2974	2972
2974	1171
887	1173
887	1174
1176	1174
1176	2975
2977	2975
2977	2976
2978	2976
2978	1172
890	1176
890	1177
1179	1177
1179	2979
2980	2979
2980	1175
1182	1179
1182	2981
2982	2981
2982	1180
1185	1182
1185	2983
2984	2983
2984	1183
905	1185
905	2985
2986	2985
2986	1186
908	1186
908	1184
2988	1183
2988	2987
2989	2987
2989	1181
914	2988
914	2989
2991	2989
2991	2990
2992	1180
2992	1178
2994	2992
2994	2993
2996	2994
2996	2995
1188	2996
1188	2997
1191	1188
1191	2998
2999	2998
2999	1189
917	1191
917	1192
1194	1192
1194	1190
923	1194
923	3000
3002	3000
3002	3001
3003	3001
3003	1195
1197	1195
1197	3004
3006	3004
3006	3005
3007	3005
3007	1193
1200	1197
1200	1198
1203	1200
1203	3008
3010	3008
3010	3009
3011	3009
3011	1201
938	1203
938	3012
3014	3012
3014	3013
3015	3013
3015	1204
1206	1204
1206	1202
941	1206
941	3016
3017	3016
3017	1207
1209	1207
1209	1205
1212	1209
1212	3018
3019	3018
3019	1210
1215	1212
1215	3020
3021	3020
3021	1213
3022	1215
3022	1216
3024	3022
3024	3023
1218	3024
1218	3025
1221	1218
1221	3026
3028	3026
3028	3027
3029	3027
3029	1219
956	1221
956	3030
3032	3030
3032	3031
3033	3031
3033	1222
959	1222
959	1220
1224	1219
1224	3034
3036	3034
3036	3035
3037	3035
3037	1217
3038	1224
3038	1225
1227	3038
1227	3039
965	1227
965	1228
1230	1228
1230	1226
1233	1230
1233	1231
971	1233
971	3040
3041	3040
3041	1234
1236	1234
1236	3042
3043	3042
3043	1232
1239	1236
1239	3044
3045	3044
3045	1237
1242	1239
1242	3046
3047	3046
3047	1240
977	1242
977	3048
3049	3048
3049	1243
1245	1243
1245	1241
1248	1245
1248	3050
3051	3050
3051	1246
986	1248
986	3052
3053	3052
3053	1249
3054	1249
3054	1247
992	3054
992	3055
1251	1246
1251	3056
3057	3056
3057	1244
3059	1251
3059	3058
3060	3058
3060	1252
1254	3059
1254	3060
3062	3060
3062	3061
3064	1254
3064	3063
3065	3063
3065	1255
1257	3064
1257	3065
3067	3065
3067	3066
1260	1257
1260	3068
3071	3068
3071	3069
3072	3069
3072	3070
3073	3070
3073	1258
995	1260
995	1261
998	1261
998	3074
3076	3074
3076	3075
3077	3075
3077	1259
1263	1258
1263	3078
3079	3078
3079	1256
3080	1263
3080	1264
1266	3080
1266	3081
3083	1266
3083	3082
3084	3082
3084	1267
1001	3083
1001	3084
3086	3084
3086	3085
3088	1267
3088	3087
3089	3087
3089	1265
1269	3088
1269	3089
3091	3089
3091	3090
3092	1269
3092	1270
3094	3092
3094	3093
3096	3094
3096	3095
1028	3096
1028	3097
1272	1270
1272	3098
3099	3098
3099	1268
1275	1272
1275	3100
3101	3100
3101	1273
1034	1275
1034	3102
3103	3102
3103	1276
3104	1276
3104	1274
3106	3104
3106	3105
3108	3106
3108	3107
3110	3108
3110	3109
1271	3110
1271	3111
1278	1264
1278	3112
3113	3112
3113	1262
1281	1278
1281	1279
1284	1281
1284	1282
3114	1284
3114	1285
3116	3114
3116	3115
1287	3116
1287	3117
1037	1287
1037	1288
3118	1288
3118	1286
1290	3118
1290	3119
1043	1290
1043	1291
3120	1291
3120	1289
1208	3120
1208	3121
3122	1285
3122	1283
1211	3122
1211	3123
1293	1282
1293	1280
1296	1293
1296	3124
3125	3124
3125	1294
1214	1296
1214	3126
3127	3126
3127	1297
1299	1297
1299	3128
3129	3128
3129	1295
3131	1299
3131	3130
3132	3130
3132	1300
1302	3131
1302	3132
3134	3132
3134	3133
1223	1302
1223	3135
3136	3135
3136	1303
3137	1303
3137	1301
1305	3137
1305	3138
1253	1305
1253	3139
3140	3139
3140	1306
1298	1306
1298	3141
3142	3141
3142	1304
1277	1294
1277	3143
3144	3143
3144	1292
3145	1252
3145	1250
1238	3145
1238	3146
1229	1237
1229	1235
1046	1201
1046	3147
3149	3147
3149	3148
3150	3148
3150	1199
1052	1198
1052	3151
3153	3151
3153	3152
3154	3152
3154	1196
1308	1189
1308	3155
3156	3155
3156	1187
1055	1308
1055	1309
1058	1309
1058	1307
1311	1171
1311	3157
3160	3157
3160	3158
3161	3158
3161	3159
3162	3159
3162	1169
1314	1311
1314	3163
3165	3163
3165	3164
3166	3164
3166	1312
1317	1314
1317	3167
3170	3167
3170	3168
3171	3168
3171	3169
3172	3169
3172	1315
1061	1317
1061	1318
1064	1318
1064	3173
3175	3173
3175	3174
3176	3174
3176	1316
1320	1315
1320	1313
1323	1320
1323	1321
1070	1323
1070	1324
1326	1324
1326	3177
3178	3177
3178	1322
1329	1326
1329	3179
3180	3179
3180	1327
3181	1329
3181	1330
3183	3181
3183	3182
1332	3183
1332	3184
1335	1332
1335	3185
3187	3185
3187	3186
3188	3186
3188	1333
1338	1335
1338	3189
3191	3189
3191	3190
3192	3190
3192	1336
1341	1338
1341	3193
3195	3193
3195	3194
3196	3194
3196	1339
3197	1341
3197	1342
1344	3197
1344	3198
1073	1344
1073	1345
1088	1345
1088	1343
1091	1342
1091	3199
3200	3199
3200	1340
1347	1339
1347	1337
1094	1347
1094	1348
1350	1348
1350	1346
1353	1350
1353	1351
1100	1353
1100	1354
1356	1354
1356	3201
3202	3201
3202	1352
1359	1356
1359	3203
3204	3203
3204	1357
1362	1359
1362	1360
1106	1362
1106	3205
3206	3205
3206	1363
1365	1363
1365	3207
3208	3207
3208	1361
1368	1365
1368	3209
3211	3209
3211	3210
3212	3210
3212	1366
3214	1368
3214	3213
3215	3213
3215	1369
1371	3214
1371	3215
3217	3215
3217	3216
1115	1371
1115	3218
3219	3218
3219	1372
3220	1372
3220	1370
3222	3220
3222	3221
1118	3222
1118	3223
3224	1369
3224	1367
3226	3224
3226	3225
1374	3226
1374	3227
3229	1374
3229	3228
3230	3228
3230	1375
1377	3229
1377	3230
3232	3230
3232	3231
3233	1377
3233	1378
3235	3233
3235	3234
1380	3235
1380	3236
1121	1380
1121	3237
3238	3237
3238	1381
1383	1381
1383	3239
3240	3239
3240	1379
1386	1383
1386	3241
3242	3241
3242	1384
1133	1386
1133	3243
3244	3243
3244	1387
1389	1387
1389	3245
3246	3245
3246	1385
1392	1389
1392	3247
3248	3247
3248	1390
1395	1392
1395	1393
1398	1395
1398	3249
3250	3249
3250	1396
3251	1398
3251	1399
1136	3251
1136	3252
3253	1399
3253	1397
1139	3253
1139	3254
1401	1396
1401	3255
3256	3255
3256	1394
1404	1401
1404	3257
3258	3257
3258	1402
1407	1404
1407	3259
3260	3259
3260	1405
3262	1407
3262	3261
3263	3261
3263	1408
1151	3262
1151	3263
3265	3263
3265	3264
1410	1408
1410	3266
3267	3266
3267	1406
1413	1410
1413	3268
3269	3268
3269	1411
1416	1413
1416	3270
3271	3270
3271	1414
1157	1416
1157	3272
3273	3272
3273	1417
1160	1417
1160	1415
1328	1414
1328	3274
3275	3274
3275	1412
3277	1411
3277	3276
3278	3276
3278	1409
3280	3277
3280	3278
3281	3278
3281	3279
1331	3280
1331	3281
3283	3281
3283	3282
3284	1405
3284	1403
1419	3284
1419	3285
1422	1419
1422	3286
3287	3286
3287	1420
1425	1422
1425	1423
1428	1425
1428	1426
3288	1428
3288	1429
1334	3288
1334	3289
1431	1429
1431	1427
1349	1431
1349	3290
3291	3290
3291	1432
3293	1432
3293	3292
3294	3292
3294	1430
1434	3293
1434	3294
3296	3294
3296	3295
3297	1434
3297	1435
3299	3297
3299	3298
3301	3299
3301	3300
1355	3301
1355	3302
1437	1435
1437	3303
3304	3303
3304	1433
3306	1437
3306	3305
3307	3305
3307	1438
3309	3306
3309	3307
3310	3307
3310	3308
1373	3309
1373	3310
3312	3310
3312	3311
1440	1438
1440	3313
3314	3313
3314	1436
1443	1440
1443	3315
3316	3315
3316	1441
3317	1443
3317	1444
3319	3317
3319	3318
3321	3319
3321	3320
3323	3321
3323	3322
1446	3323
1446	3324
1376	1446
1376	1447
3325	1447
3325	1445
3327	3325
3327	3326
3329	3327
3329	3328
1449	3329
1449	3330
1391	1449
1391	1450
1452	1450
1452	3331
3332	3331
3332	1448
1400	1452
1400	1453
1418	1453
1418	3333
3334	3333
3334	1451
1421	1444
1421	3335
3336	3335
3336	1442
1424	1441
1424	1439
3337	1390
3337	1388
1382	3337
1382	3338
1358	1366
1358	1364
3339	1327
3339	1325
1163	3339
1163	3340
1310	1321
1310	1319
1142	1150
1142	1148
1004	1027
1004	1025
944	955
944	953
3344	788
3344	3341
3345	3341
3345	3342
3346	3342
3346	3343
3347	3343
3347	786
783	3344
783	3345
3349	3345
3349	3346
3350	3346
3350	3347
3351	3347
3351	3348
572	580
572	578
479	490
479	488
417	425
417	3352
3353	3352
3353	423
366	377
366	3354
3355	3354
3355	375
327	338
327	3356
3357	3356
3357	336
318	326
318	324
207	215
207	3358
3359	3358
3359	213
0	2
0	1507
1454	1507
1454	1508
3	1525
1455	1525
1455	5
6	8
9	11
12	14
12	1460
15	1542
1461	1542
16	1542
18	1546
19	1546
1464	1546
21	23
1474	23
1474	1475
24	26
1476	26
27	1567
1477	1567
1478	1567
1478	1568
27	1477
30	32
1480	32
1480	1482
1479	1482
1479	1481
33	35
33	1487
1484	1487
1484	1486
1483	1486
1483	1485
36	1501
1490	1501
1489	1501
1489	1500
1488	1500
1488	1499
37	1499
39	1509
1504	1509
1504	41
1503	41
1503	1506
1502	1506
1502	1505
42	1616
3372	1616
3372	44
3372	1514
3372	43
3372	1513
45	47
1515	47
1515	1516
48	1626
1517	1626
1518	1626
1517	1518
51	53
51	1520
1519	1520
54	1526
1521	1526
1522	1526
1521	1522
57	59
1523	59
1523	1524
60	1531
1530	1531
1530	62
63	1654
1532	1654
1532	65
66	68
69	71
69	1537
72	1685
1538	1685
1538	1686
73	1686
1539	1686
75	77
75	1541
1540	1541
78	1688
1543	1688
78	1543
81	83
81	1545
1544	1545
84	86
84	1553
87	89
1554	89
90	1571
91	1571
1559	1571
1559	1570
1560	1570
1560	1569
1561	1569
93	1566
1564	1566
1563	1566
1563	1565
1562	1565
1562	95
3373	3375
3375	3374
3375	3378
3376	3375
3376	3379
3377	3376
3379	3378
3380	3379
96	1703
3377	1703
3376	1703
3376	1704
3373	1704
3373	98
3373	1582
3375	1582
3374	1582
3374	1581
3374	1580
3378	1580
1577	1580
3378	1577
3381	1577
3381	1578
3380	1578
3380	1579
3377	1579
3382	3384
3383	3382
3383	3385
99	1707
3386	1707
3383	1707
3383	1708
3382	1708
3382	101
3382	1588
3382	1587
3384	1587
3384	1586
3387	1586
1583	1586
3387	1583
3387	1584
3385	1584
3386	1584
3386	1585
3387	3385
102	104
1591	104
1591	1593
1590	1593
1590	1592
1589	1592
105	1745
1599	1745
1598	1745
1600	1745
1598	1600
108	110
1601	110
111	113
111	1604
114	116
1605	116
117	1763
1608	1763
117	1608
120	122
120	1610
1609	1610
123	125
1611	125
1611	1612
126	1779
127	1779
1619	1779
129	1795
1620	1795
1620	131
132	134
135	137
138	1628
139	1628
1623	1628
1623	1627
141	1625
1624	1625
1624	143
144	146
1630	146
1630	1632
1629	1632
1629	1631
147	149
147	1636
1634	1636
1634	1635
1633	1635
3389	3388
3389	3391
3390	3389
150	1809
3390	1809
3389	1809
3389	1810
3388	1810
3388	152
3388	1640
3391	1640
3391	1639
3392	1639
1637	1639
3392	1637
3392	1638
3390	1638
153	1825
1642	1825
1642	155
1641	155
156	158
156	1643
159	1651
1644	1651
1644	161
162	164
1652	164
1652	1653
165	1827
166	1827
168	170
171	173
174	176
177	1697
178	1697
1667	1697
1667	1696
1668	1696
1668	1695
180	182
1670	182
1670	1672
1669	1672
1669	1671
183	1687
1682	1687
3394	1687
3394	185
3394	1684
3393	1684
3393	1683
1681	1683
3393	1681
3393	1682
186	188
1700	188
1700	1702
1699	1702
1699	1701
1698	1701
189	1710
1705	1710
1706	1710
1706	1709
189	1705
192	1851
1712	1851
3396	1851
3396	1852
3396	1853
3395	1853
1713	1853
3395	1713
3395	193
3395	1711
3396	1711
195	1864
1717	1864
3397	1864
3397	1865
1719	1865
3397	1719
3397	1718
3397	196
198	1729
1725	1729
1724	1729
1724	1728
199	1728
201	203
1731	203
1731	1733
1730	1733
1730	1732
3399	3401
3400	3399
3400	3402
204	1901
3398	1901
3400	1901
3399	1901
3399	1902
3401	1902
3401	1903
1738	1903
3401	1738
3402	1738
3402	1737
3403	1737
3403	1736
3404	1736
3404	205
3404	1734
3400	1734
3400	1735
3398	1735
3404	3400
207	3359
1741	3359
1741	209
1740	209
1740	1742
1739	1742
210	1746
1743	1746
1744	1746
1743	1744
213	3358
1749	3358
1750	3358
213	1749
1747	1749
1747	1748
216	1757
1753	1757
1752	1757
1752	1756
1751	1756
1751	1755
217	1755
217	1754
219	1765
1761	1765
1760	1765
1760	1764
1759	1764
1759	221
1758	221
1758	1762
222	224
1767	224
1767	1769
1766	1769
1766	1768
225	1774
1771	1774
1771	1773
1770	1773
1770	1772
226	1772
228	230
1777	230
1776	230
1776	1778
1775	1778
231	233
231	1780
234	236
1787	236
237	1930
238	1930
1788	1930
1788	1931
240	242
240	1790
1789	1790
243	1796
1791	1796
3405	1796
3405	245
3405	1792
1791	1792
246	248
1793	248
1793	1794
249	1801
1800	1801
1800	251
252	254
1802	254
255	257
258	1959
259	1959
261	1967
262	1967
1803	1967
1803	1968
1804	1968
264	266
1806	266
1806	1808
1805	1808
1805	1807
267	269
270	1826
1819	1826
270	1819
273	275
1823	275
1823	1824
276	1830
277	1830
279	281
1831	281
282	284
285	1838
286	1838
288	290
1839	290
1839	1840
291	1855
3406	1855
1849	1855
1849	1854
1850	1854
3406	1849
3406	1848
1847	1848
3406	1847
294	2017
1857	2017
1856	2017
1856	296
297	2021
1858	2021
1859	2021
297	1858
300	1866
1861	1866
3408	1866
3407	1866
3407	302
3407	1863
3408	1863
3408	1862
1860	1862
3408	1860
303	2053
3409	2053
3409	2054
1870	2054
3409	1870
3409	1869
3409	1868
1867	1868
3409	1867
306	2073
1873	2073
3410	2073
3410	308
3410	1875
3410	1874
1871	1874
3410	1871
3410	1872
309	1883
1877	1883
1876	1883
1876	1882
310	1882
3411	3414
3412	3411
3412	3415
3412	3416
3413	3412
312	2081
3413	2081
3412	2081
3412	2082
3411	2082
3411	2083
3414	2083
3414	314
3414	1888
3415	1888
3415	1887
3416	1887
3416	1886
3418	1886
3418	313
3418	1884
3417	1884
3417	1885
3413	1885
3418	3417
315	2108
1891	2108
3419	2108
3419	2109
3420	2109
3420	317
3420	1893
3421	1893
3421	1892
1889	1892
3421	1889
3421	1890
3420	1890
3419	1890
318	320
1895	320
1895	1896
1894	1896
321	1904
3422	1904
1900	1904
3422	1900
3422	1899
1897	1899
1897	1898
3422	1897
324	326
1905	326
1905	1906
327	3357
1910	3357
1910	329
330	332
330	1911
333	335
1912	335
336	3356
1915	3356
336	1915
339	341
339	1918
1916	1918
1916	1917
342	344
1920	344
1920	1921
1919	1921
345	347
1925	347
1925	1926
348	350
1927	350
351	1933
1928	1933
1929	1933
1929	1932
351	1928
354	356
354	1937
3423	1937
3423	1936
1934	1936
3423	1934
3423	1935
357	359
357	1942
1939	1942
1939	1941
1938	1941
1938	1940
360	2136
1945	2136
1944	2136
1944	2137
1943	2137
1943	362
363	2140
1946	2140
1947	2140
1947	2141
363	1946
366	3355
1949	3355
1949	368
1948	368
369	371
369	1950
372	1958
1951	1958
1951	374
375	3354
1960	3354
375	1960
378	1970
3424	1970
1966	1970
1966	1969
3424	1966
3424	1965
1964	1965
3424	1964
381	2154
1972	2154
1971	2154
1971	2155
382	2155
384	2157
1973	2157
384	1973
387	389
387	1975
1974	1975
390	392
1979	392
1979	1980
393	2176
1981	2176
1981	395
396	398
399	2178
1982	2178
1983	2178
399	1982
402	1989
1985	1989
1985	1988
1984	1988
1984	404
405	407
1991	407
1991	1992
1990	1992
408	2198
3426	2198
3425	2198
3425	410
3425	2001
3426	2001
3426	2000
1999	2000
3426	1999
411	2018
2007	2018
3427	2018
3427	413
3427	2008
3427	412
3427	2006
414	2016
2009	2016
415	2016
417	3353
2019	3353
2019	419
420	2022
2020	2022
420	2020
423	3352
2025	3352
423	2025
2023	2025
2023	2024
426	428
426	2029
2027	2029
2027	2028
2026	2028
429	2204
2031	2204
3428	2204
3428	431
3428	2032
2030	2032
3428	2030
432	2215
3430	2215
3429	2215
3429	2216
2035	2216
3429	2035
3430	2035
3430	2034
2033	2034
3430	2033
435	437
2037	437
2037	2038
2036	2038
438	440
2039	440
2039	2040
441	443
441	2043
2041	2043
2041	2042
444	446
2045	446
2045	2046
2044	2046
447	449
447	2052
2050	2052
2050	2051
450	2246
2057	2246
2058	2246
450	2057
453	2268
2064	2268
3431	2268
2066	2268
3431	2066
3431	2065
2063	2065
3431	2063
456	2075
2068	2075
3432	2075
3432	2074
3432	458
3432	2069
2067	2069
3432	2067
459	2281
2077	2281
2076	2281
2076	2282
460	2282
462	2085
2078	2085
2079	2085
2079	2084
2080	2084
462	2078
465	2296
2087	2296
2086	2296
2088	2296
2086	2088
468	2301
3360	2301
3361	2301
3361	2302
472	2302
468	3360
2089	3360
2089	471
473	2329
472	2329
3361	2329
3361	2330
3360	2330
3360	2331
3360	475
471	475
476	478
476	2092
479	481
2093	481
482	2111
483	2111
2094	2111
2094	2110
2095	2110
485	487
2097	487
2097	2099
2096	2099
2096	2098
488	490
488	2116
2113	2116
2113	2115
2112	2115
2112	2114
491	2347
2119	2347
2119	493
2118	493
2118	2120
2117	2120
494	2122
2121	2122
2121	496
497	2355
2123	2355
2123	499
500	502
503	505
506	508
509	2357
510	2357
2126	2357
512	514
2127	514
2127	2128
515	517
2129	517
518	2378
519	2378
521	2143
522	2143
2130	2143
2130	2142
2131	2142
524	2139
2133	2139
3433	2139
3433	2138
2135	2138
3433	2135
3433	2134
2132	2134
3433	2132
527	2383
2145	2383
2145	2384
2144	2384
2144	529
530	2158
2148	2158
2149	2158
530	2148
533	2156
2151	2156
2153	2156
2151	2153
2150	2153
2150	2152
536	2390
2159	2390
2159	2391
537	2391
2160	2391
2160	2392
539	2402
3434	2402
2163	2402
3434	2163
3434	2162
2161	2162
3434	2161
542	544
2165	544
2165	2166
2164	2166
545	2168
2167	2168
2167	547
548	550
548	2170
2169	2170
551	2431
2174	2431
3435	2431
3435	553
3435	552
554	556
557	559
560	2177
561	2177
2175	2177
563	565
566	568
569	2455
2191	2455
2192	2455
569	2191
572	574
2194	574
2194	2195
2193	2195
575	577
575	2197
2196	2197
578	580
581	583
584	2206
585	2206
2203	2206
2203	2205
587	798
2208	798
2208	3364
2207	3364
2207	3365
588	3365
588	3366
2209	3366
2210	3366
2210	799
590	592
590	2214
2212	2214
2212	2213
2211	2213
593	2507
594	2507
2221	2507
2221	2508
2222	2508
596	598
596	2230
2228	2230
2228	2229
2227	2229
599	2236
2232	2236
2232	2235
2231	2235
3436	2235
3436	601
3436	2233
2231	2233
602	604
2234	604
605	607
608	610
2238	610
2238	2239
2237	2239
611	613
611	2241
2240	2241
614	2245
2242	2245
2242	616
617	619
617	2247
620	622
2248	622
623	2531
2249	2531
2250	2531
623	2249
626	2551
2252	2551
3437	2551
3437	628
3437	2254
3437	2253
2251	2253
3437	2251
629	631
2260	631
2260	2261
2259	2261
632	634
632	2264
2262	2264
2262	2263
635	2270
2266	2270
3438	2270
3438	2269
2267	2269
3438	2267
3438	636
3438	2265
638	2573
2272	2573
3439	2573
2274	2573
3439	2274
3439	2273
2271	2273
3439	2271
641	2582
2276	2582
2275	2582
2275	2583
642	2583
644	2284
2279	2284
2280	2284
2280	2283
644	2279
3440	3442
3441	3440
3441	3443
3444	3443
647	2307
3444	2307
3441	2307
3441	2306
3440	2306
3440	2305
2289	2305
3440	2289
3442	2289
3442	2288
3443	2288
3443	2287
3445	2287
3445	648
3445	2285
3445	2286
3444	2286
650	2304
2292	2304
2292	652
2291	652
2291	2293
2290	2293
653	2297
2294	2297
2295	2297
2294	2295
656	2303
2300	2303
656	2300
656	2299
2298	2299
659	2591
2315	2591
2314	2591
2314	661
2314	2316
2313	2316
662	664
2317	664
2317	2318
665	2607
2319	2607
2319	667
668	670
668	2320
671	673
2321	673
674	2637
2322	2637
2323	2637
2323	2638
674	2322
677	2334
3446	2334
681	2334
3446	681
3446	3362
3446	680
2324	680
3446	2324
3446	2325
682	684
681	684
681	2328
3362	2328
3362	2327
680	2327
680	2326
685	687
685	2336
2335	2336
688	690
2340	690
2340	2341
691	2348
2342	2348
2343	2348
2342	2343
694	2358
2349	2358
2350	2358
2349	2350
697	2356
2351	2356
2352	2356
2351	2352
700	702
2353	702
2353	2354
703	2367
2362	2367
704	2367
706	708
706	2370
2368	2370
2368	2369
709	711
2372	711
2372	2374
2371	2374
2371	2373
712	2661
2376	2661
2376	2662
2375	2662
2375	714
715	717
718	720
718	2377
721	2666
2379	2666
721	2379
724	2671
3447	2671
728	2671
728	2672
3447	728
3447	3363
3447	727
2380	727
3447	2380
729	2385
728	2385
3448	2385
3448	731
3448	2382
727	2382
727	2381
3448	727
3448	3363
732	2690
2386	2690
2386	734
735	2395
2387	2395
2388	2395
2388	2394
2389	2394
2389	2393
735	2387
738	2694
2398	2694
2398	2695
2397	2695
2397	2696
2396	2696
2396	740
741	2706
2399	2706
741	2399
744	746
744	2401
2400	2401
747	2715
748	2715
2409	2715
750	752
2413	752
753	755
756	2432
757	2432
2424	2432
759	2430
2425	2430
760	2430
762	764
762	2434
2433	2434
765	2737
3449	2737
3449	767
3449	2436
2435	2436
3449	2435
768	2739
3450	2739
2439	2739
3450	2439
3450	2438
2437	2438
3450	2437
771	2450
2441	2450
2441	2449
2440	2449
2440	2448
772	2448
774	2767
2453	2767
2452	2767
2452	2768
2451	2768
2451	2769
775	2769
777	2457
778	2457
2454	2457
2454	2456
780	1023
2459	1023
2459	3369
2458	3369
3451	3369
3451	3370
2460	3370
2460	3371
2461	3371
2461	1024
3451	2460
3451	781
783	3349
2463	3349
2463	3350
2462	3350
2462	3351
784	3351
2464	3351
786	3343
2468	3343
787	3343
2469	3343
2469	3342
2470	3342
2470	3341
789	2784
2472	2784
2472	2785
2471	2785
2471	791
792	2802
2477	2802
2478	2802
2478	2803
792	2477
795	2482
3453	2482
3452	2482
3452	2481
799	2481
3452	799
3452	3366
3453	3366
3453	3365
3453	3364
3454	3364
2479	3364
2479	798
3454	2479
3454	2480
3454	795
800	2814
2488	2814
2488	2815
2487	2815
2487	802
803	2836
804	2836
2493	2836
2493	2837
2494	2837
806	2848
2496	2848
2495	2848
2495	2849
807	2849
809	2852
810	2852
2501	2852
2501	2853
2502	2853
812	814
812	2506
2504	2506
2504	2505
2503	2505
815	2877
816	2877
818	820
821	823
824	2515
825	2515
827	829
830	832
830	2517
2516	2517
833	2912
2521	2912
3455	2912
3455	2913
2523	2913
3455	2523
3455	2522
2521	2522
836	838
2525	838
2525	2527
2524	2527
2524	2526
839	2530
2529	2530
2528	2530
3456	2530
3456	841
3456	840
842	844
845	847
848	850
848	2544
851	853
854	2570
855	2570
857	859
857	2572
2571	2572
860	2940
2574	2940
2575	2940
2575	2941
2576	2941
2576	2942
860	2574
3458	3459
863	2586
2579	2586
3457	2586
3457	2585
3458	2585
3459	2585
3459	2584
3459	865
3459	2581
3459	2580
3460	2580
3460	864
3460	2577
3458	2577
3458	2578
3457	2578
866	2593
2589	2593
2589	2592
3461	2592
3461	868
3461	2590
2587	2590
3461	2587
3461	2588
869	2597
2595	2597
2595	2596
2594	2596
2594	871
872	2955
2603	2955
2602	2955
2602	2956
873	2956
875	2609
876	2609
2604	2609
2604	2608
878	880
2605	880
2605	2606
881	883
2611	883
2611	2612
2610	2612
884	886
2616	886
2616	2617
887	889
2618	889
890	892
890	2619
893	895
2626	895
896	2639
2630	2639
2631	2639
896	2630
896	2629
899	901
2634	901
2634	2636
2633	2636
2633	2635
2632	2635
902	2643
2640	2643
2640	904
905	2986
2644	2986
2644	907
908	910
911	913
914	2991
915	2991
2647	2991
917	919
2648	919
920	922
923	3002
2649	3002
2650	3002
2650	3003
2651	3003
923	2649
926	2667
2654	2667
2656	2667
2654	2656
2653	2656
2653	2655
2652	2655
929	2663
2658	2663
3462	2663
2660	2663
3462	2660
3462	2659
2657	2659
3462	2657
932	2665
2664	2665
2664	934
935	2674
2668	2674
3463	2674
3463	2673
2670	2673
3463	2670
3463	2669
2668	2669
938	3014
2676	3014
3464	3014
3464	3015
3464	940
3464	2677
3464	939
3464	2675
941	3017
2680	3017
941	2680
941	2679
2678	2679
944	946
2682	946
2682	2683
2681	2683
947	2698
2684	2698
3465	2698
3465	2697
2686	2697
3465	2686
3465	2685
2684	2685
950	2693
2688	2693
3466	2693
3466	2692
3467	2692
3467	2691
3468	2691
3468	952
3468	2689
3468	951
3468	2687
3467	2687
3466	2687
953	955
953	2702
2700	2702
2700	2701
2699	2701
956	3032
2704	3032
2704	3033
2703	3033
2703	958
959	961
962	2707
963	2707
2705	2707
965	967
965	2709
2708	2709
968	2716
2713	2716
2714	2716
2713	2714
971	3041
2717	3041
2717	973
974	976
977	3049
978	3049
980	982
980	2732
983	2736
2733	2736
984	2736
986	3053
987	3053
989	991
989	2738
992	994
992	2742
995	997
2743	997
998	3076
2744	3076
2745	3076
2745	3077
998	2744
1001	3086
3469	3086
2750	3086
3469	2750
3469	2749
2746	2749
2746	2748
3469	2746
3469	2747
1004	1006
2753	1006
2753	2756
3470	2756
3470	2755
2752	2755
2751	2755
2751	2754
3470	2752
1007	1009
1007	1011
2759	1011
2759	3367
2758	3367
2758	1010
2757	1010
1012	2771
1011	2771
1011	1014
3367	1014
3367	2761
1010	2761
1010	2760
3472	3471
3472	3473
3473	3475
3474	3473
3476	3475
1015	1019
3471	1019
3471	3368
3473	3368
3475	3368
3475	1018
3477	1018
3477	1017
3477	2766
3477	2765
3476	2765
3476	2764
3474	2764
3474	1016
3474	2762
3472	2762
3472	2763
3471	2763
1020	2770
3478	2770
3479	2770
3479	1022
3479	1024
3479	3371
3478	3371
3480	3371
3480	3370
3481	3370
3482	3370
3482	3369
1018	3369
1018	1023
3482	1018
3482	3368
3481	3368
3481	1019
3480	1019
3478	1019
1025	1027
1025	2772
1028	1030
2773	1030
1031	2787
2782	2787
2783	2787
2783	2786
1031	2782
1034	3103
2789	3103
3483	3103
3483	1036
3483	2791
3483	2790
2788	2790
3483	2788
1037	1039
2793	1039
2793	2794
2792	2794
1040	2805
2795	2805
2796	2805
3484	2805
3484	2804
2797	2804
3484	2797
2795	2796
1043	1045
2807	1045
2807	2809
2806	2809
2806	2808
1046	3149
2811	3149
2811	3150
2810	3150
2810	1048
1049	2817
2812	2817
2813	2817
2813	2816
1049	2812
1052	3153
2819	3153
3485	3153
3485	3154
2820	3154
3485	2820
3485	1053
3485	2818
1055	1057
2821	1057
2821	2822
1058	1060
1058	2825
1058	2824
2823	2824
1061	1063
2827	1063
2827	2828
2826	2828
3487	3486
1064	3175
3487	3175
3486	3175
3486	3176
2831	3176
3486	2831
3486	2830
3488	2830
3488	1065
3488	2829
3487	2829
1067	1069
1067	2835
2833	2835
2833	2834
2832	2834
1070	1072
1070	2838
1073	1075
2839	1075
1076	2858
2840	2858
1076	2840
1079	2856
3489	2856
3489	2857
2843	2857
3489	2843
3489	2842
2841	2842
3489	2841
1082	1084
1082	2847
2845	2847
2845	2846
2844	2846
1085	2855
2850	2855
2851	2855
2851	2854
1085	2850
1088	1090
1088	2860
2859	2860
1091	3200
3490	3200
2866	3200
3490	2866
3490	2865
2864	2865
3490	2864
1094	1096
2868	1096
2868	2870
2867	2870
2867	2869
1097	2879
2872	2879
3491	2879
3491	2878
2873	2878
3491	2873
2871	2873
3491	2871
1100	1102
2881	1102
2881	2883
2880	2883
2880	2882
1103	2893
2885	2893
2885	2892
2884	2892
2884	1105
1106	3206
3492	3206
2897	3206
3492	2897
3492	2896
2894	2896
3492	2894
3492	2895
1109	2907
2899	2907
2898	2907
2898	2906
1110	2906
1112	1114
2909	1114
2909	2911
2908	2911
2908	2910
1115	3219
1116	3219
2922	3219
1118	1120
2926	1120
2926	2927
1121	3238
2928	3238
1122	3238
1124	1126
1127	1129
1130	2944
2937	2944
2938	2944
2938	2943
2939	2943
1130	2937
1133	3244
2946	3244
3493	3244
3493	1135
3493	2947
2945	2947
3493	2945
1136	1138
2948	1138
1139	1141
1139	2951
1142	1144
2952	1144
1145	2958
1146	2958
2953	2958
2953	2957
2954	2957
1148	1150
1148	2963
2960	2963
2960	2962
2959	2962
2959	2961
1151	3265
2966	3265
2965	3265
2965	1153
2965	2967
2964	2967
1154	2969
2968	2969
2968	1156
1157	3273
2970	3273
2970	1159
1160	1162
1163	1165
1166	1168
1169	3159
1170	3159
2971	3159
2971	3158
2972	3158
2972	3157
1172	2976
2974	2976
2973	2976
2973	2975
1173	2975
1175	2979
2978	2979
2977	2979
2977	1177
1178	1180
1178	2981
2980	2981
1181	2987
2982	2987
3494	2987
3494	1183
3494	2983
2982	2983
1184	1186
2984	1186
2984	2985
1187	3155
1188	3155
2998	3155
1190	1192
2999	1192
1193	3005
3000	3005
3001	3005
3001	3004
1193	3000
1196	3152
3007	3152
3007	3151
3006	3151
3006	1198
1199	3148
3008	3148
3009	3148
3009	3147
1199	3008
1202	1204
3011	1204
3011	3013
3010	3013
3010	3012
1205	1207
1205	3016
1208	1210
1208	3018
1211	1213
1211	3020
3019	3020
1214	3127
3021	3127
1215	3127
1217	3035
3026	3035
3027	3035
3027	3034
1217	3026
1220	1222
3029	1222
3029	3031
3028	3031
3028	3030
1223	3136
3037	3136
3036	3136
3036	1225
1226	1228
1229	1231
1232	3042
3040	3042
1232	3040
1235	1237
1235	3044
3043	3044
1238	1240
1238	3046
3045	3046
1241	1243
3047	1243
3047	3048
1244	3056
1245	3056
3050	3056
1247	1249
3051	1249
3051	3052
1250	1252
3057	1252
3057	3058
1253	3140
3062	3140
3063	3140
3062	3063
1256	3078
3495	3078
3069	3078
3070	3078
3495	3069
3495	3068
3067	3068
3495	3067
1259	3075
3073	3075
3072	3075
3072	3074
3071	3074
3071	1261
1262	3112
3079	3112
3079	1264
1265	3087
3082	3087
1265	3082
1268	3098
3091	3098
3091	1270
1271	1273
1271	3100
3099	3100
1274	1276
3101	1276
3101	3102
1277	3144
3113	3144
3113	1279
1280	1282
1283	1285
1286	1288
1289	1291
1292	3143
3124	3143
1292	3124
1295	3128
3125	3128
3126	3128
3125	3126
1298	3142
3129	3142
3130	3142
3129	3130
1301	1303
1301	3135
3134	3135
1304	3141
1305	3141
3139	3141
1307	1309
3156	1309
1310	1312
3162	1312
3162	3164
3161	3164
3161	3163
3160	3163
1313	1315
1313	3169
3166	3169
3166	3168
3165	3168
3165	3167
1316	3174
3172	3174
3171	3174
3171	3173
3170	3173
3170	1318
1319	1321
1322	3177
1323	3177
1325	1327
1325	3179
3178	3179
1328	3275
3180	3275
1329	3275
1331	3283
3185	3283
3186	3283
1331	3185
1334	1336
1334	3190
3188	3190
3188	3189
3187	3189
1337	1339
3192	1339
3192	3194
3191	3194
3191	3193
1340	3199
3196	3199
3195	3199
3195	1342
1343	1345
1346	1348
1349	3291
1350	3291
1352	3201
1353	3201
1355	1357
1355	3203
3202	3203
1358	1360
3204	1360
1361	3207
3205	3207
1361	3205
1364	1366
1364	3210
1364	3209
3208	3209
1367	1369
3212	1369
3212	3213
3211	3213
1370	1372
1370	3218
3217	3218
1373	3312
1374	3312
3228	3312
1376	1378
3232	1378
1379	3239
1380	3239
3237	3239
1382	1384
3240	1384
3240	3241
1385	3245
3242	3245
3243	3245
3242	3243
1388	1390
3246	1390
3246	3247
1391	1393
3248	1393
1394	3255
1395	3255
3249	3255
1397	1399
3250	1399
1400	1402
1400	3257
3256	3257
1403	1405
3258	1405
3258	3259
1406	3266
3260	3266
3261	3266
3260	3261
1409	3276
3267	3276
3268	3276
3267	3268
1412	3274
3269	3274
3270	3274
3269	3270
1415	1417
3271	1417
3271	3272
1418	3334
1419	3334
3286	3334
1421	3336
3287	3336
3287	1423
1424	1426
1427	1429
1430	3292
1431	3292
3290	3292
1433	3303
3296	3303
1434	3303
1436	3313
3304	3313
3305	3313
3304	3305
1439	1441
3314	1441
3314	3315
1442	3335
3316	3335
3316	1444
1445	1447
1448	3331
1449	3331
1451	3333
3332	3333
1452	3333
34	37
3497	3498
3498	3499
3500	3499
1495	3499
1468	3499
1465	3499
19	3499
3496	3499
3496	3498
1456	3498
10	3498
10	3497
7	3497
1497	3497
1497	3500
7	1497
4	1497
3496	1456
1462	1456
1462	1458
1462	13
3496	1462
1495	1468
1493	1468
1493	1471
1491	1471
1491	22
1491	25
31	25
1491	31
58	3
1510	3
1510	1
58	1510
58	43
58	46
55	46
52	46
59	6
61	9
3502	9
3501	9
3501	8
3501	57
3501	56
3501	1527
3502	1527
67	1533
3504	1533
1459	1533
3504	1459
3504	1457
3503	1457
62	1457
3503	62
3503	64
3503	67
76	15
3505	15
3505	14
1535	14
1535	1534
3505	1535
3505	70
3505	73
82	18
3506	18
3506	1463
3506	17
3506	77
3506	79
3515	3508
3508	3509
3509	3510
3516	3510
3510	3511
3517	3511
3511	3512
3518	3512
3512	3513
3513	3514
3513	3507
3521	3515
3515	3516
3516	3517
3522	3517
3517	3518
3518	3519
3519	3520
3519	3514
3521	3522
3522	3523
3523	3520
3521	3524
1467	3524
1470	3524
1470	3520
1473	3520
1473	3514
21	3514
21	3507
1555	3507
1555	3513
88	3513
88	3512
85	3512
85	3511
1551	3511
1551	3510
1549	3510
1549	3509
1549	3508
1547	3508
83	3508
83	3515
20	3515
20	3521
94	24
1557	24
1556	24
1557	1556
94	1557
95	27
3526	3527
3528	3527
3527	3525
3530	3528
3528	3529
3531	3529
112	3529
1602	3529
1602	3525
109	3525
106	3525
1594	3525
1594	3527
103	3527
103	3526
97	3526
1572	3526
1572	3528
92	3528
92	3530
93	3530
3532	3530
115	3530
115	3531
3532	115
3532	30
3532	29
103	97
116	33
36	35
3533	3534
3535	3533
3539	3533
3536	3533
3536	3537
3540	3537
3543	3538
3538	3539
3539	3540
3539	3536
3540	3541
3545	3541
3541	3542
3543	3544
3544	3545
3544	3540
3545	3546
3546	3547
3548	3549
3549	3545
3548	3550
1512	3550
1512	3547
42	3547
1613	3547
1613	3546
1613	3542
124	3542
121	3542
3537	3542
121	3537
121	3534
118	3534
1606	3534
1606	3533
1606	3535
113	3535
3538	3535
113	3538
114	3538
114	3543
36	3543
3548	3543
36	3548
39	3548
40	2
3552	2
3552	1498
3552	1496
3552	1494
3551	1494
3551	1492
3551	38
3551	40
3556	3554
3554	3555
3557	3555
45	3555
142	3555
3553	3555
136	3555
136	3554
133	3554
1617	3554
1617	3556
125	3556
1615	3556
1615	3557
44	3557
133	1617
130	1617
3553	136
3553	1621
3553	139
143	48
160	1645
3558	1645
3559	1645
3559	1647
140	1647
141	1647
141	1649
50	1649
3559	140
3559	145
3558	145
3558	148
154	148
3558	154
3558	157
3560	3561
3563	3561
60	3561
63	3561
163	3561
163	3560
161	3560
1646	3560
1648	3560
1648	3563
1650	3563
3562	3563
1529	3563
3562	1529
3562	54
3562	53
69	1536
3565	1536
3566	1536
3566	66
3566	65
3566	164
3566	1655
3565	1655
3564	1655
3564	166
3564	1657
3564	169
3565	169
3568	3567
3568	3569
3571	3569
3569	3570
3572	3570
1677	3570
1673	3570
1661	3570
1659	3570
3567	3570
1659	3567
175	3567
172	3567
172	3568
170	3568
71	3568
71	3571
72	3571
72	3572
184	3572
1673	1661
1673	1663
181	1663
181	1665
78	75
78	74
3575	3573
3576	3573
1691	3573
1689	3573
182	3573
1676	3573
3574	3573
3574	3575
3577	3575
1548	3575
1550	3575
1550	3576
1552	3576
1693	3576
1552	1693
3577	1548
3577	81
3577	80
1680	80
3577	1680
3574	1680
3580	3578
3581	3578
3583	3580
3580	3581
3584	3581
3585	3581
3581	3579
3586	3579
3583	3584
3588	3584
3584	3585
3589	3585
3585	3586
3590	3586
3586	3582
3591	3582
3588	3589
3593	3589
3589	3590
3594	3590
3590	3591
3591	3587
3595	3587
3592	3587
90	3587
1576	3587
1576	3582
1576	3579
96	3579
187	3579
187	3578
179	3578
179	3580
179	3583
180	3583
1690	3583
1692	3583
1692	3588
1694	3588
1694	3593
86	3593
86	3594
87	3594
87	3595
1558	3595
1558	3592
190	99
190	98
199	1726
1720	1726
3597	1726
3597	102
3596	102
3596	101
3596	191
3596	193
3596	1714
3597	1714
3597	196
211	105
208	105
208	1597
205	1597
202	1597
1727	1597
202	1727
217	108
214	108
214	107
117	1607
220	1607
218	1607
1603	1607
218	1603
226	120
223	120
223	119
126	1618
3598	1618
3598	123
3598	122
229	122
3598	229
247	129
1784	129
1781	129
1781	128
232	128
247	1784
244	1784
241	1784
241	235
248	132
250	135
3600	135
3600	134
3599	134
3599	246
3599	245
3599	1797
3600	1797
144	138
3601	138
3601	1622
251	1622
3601	251
3601	253
3601	256
257	147
265	150
265	149
265	255
259	255
265	259
274	153
3602	153
3602	152
3602	266
3602	1811
3603	1811
3603	1813
3604	1813
3604	1815
3605	1815
3605	1817
3605	268
3605	271
3605	1820
3604	1820
3603	1820
3603	274
275	156
162	159
1822	159
1822	158
162	1822
1656	1822
1656	272
171	168
3606	168
3606	1658
269	1658
269	167
3606	269
3606	277
3606	1828
278	280
286	1836
283	1836
1834	1836
1834	174
1832	174
1829	174
1832	1829
186	177
3611	177
3610	177
3610	1666
3609	1666
3609	1664
3608	1664
3608	1662
3608	1660
1837	1660
3608	1837
3608	287
3608	289
3608	1841
3609	1841
3610	1841
3610	1844
3611	1844
3607	1844
3607	292
3607	192
186	192
3607	186
3612	3613
3614	3613
1716	3613
301	3613
298	3613
298	3612
295	3612
293	3612
293	3614
194	3614
1716	301
3617	3615
3615	3616
3618	3616
1878	3616
307	3616
304	3616
304	3615
302	3615
302	3617
197	3617
1723	3617
1723	3618
198	3618
1880	3618
198	1880
1878	307
322	204
1881	204
322	1881
322	1879
319	1879
319	311
319	313
3622	3619
3619	3620
3623	3620
3620	3621
3622	3623
3625	3623
3623	3624
3625	3626
3627	3626
334	3626
334	3624
331	3624
331	3621
328	3621
1907	3621
325	3621
325	3620
325	3619
323	3619
206	3619
207	3619
207	3622
215	3622
216	3622
216	3625
219	3625
219	3627
222	3627
213	210
228	225
1913	225
1913	224
228	1913
3628	3629
3634	3629
3629	3630
3635	3630
3630	3631
3636	3631
3631	3632
3638	3628
3633	3628
3633	3634
3639	3634
3634	3635
3640	3635
3635	3636
3641	3636
3636	3637
3638	3639
3638	3633
3639	3640
3644	3640
3640	3641
3641	3642
3645	3642
3643	3644
3643	3639
3644	3645
3645	3646
3647	3644
3647	3648
233	3648
1783	3648
1783	3646
1786	3646
1786	3642
1786	3637
234	3637
234	3632
349	3632
346	3632
346	3631
1922	3631
1922	3630
343	3630
343	3629
343	3628
340	3628
337	3628
332	3628
332	3638
333	3638
333	3643
333	3647
1914	3647
352	237
350	237
373	1952
3650	1952
3649	1952
3649	1954
3651	1954
3651	1956
353	1956
239	1956
3651	353
3651	355
3649	355
3649	358
3650	358
3650	361
3650	364
3650	367
3650	370
3654	3652
3652	3653
3655	3653
258	3653
374	3653
1953	3653
1953	3652
1955	3652
1955	3654
1957	3654
243	3654
1799	3654
249	3654
249	3655
252	3655
1957	243
379	261
3656	261
3656	260
3656	372
1961	372
376	372
3656	1961
279	276
3661	3657
3657	3658
3662	3658
279	3658
397	3658
394	3658
391	3658
391	3657
1976	3657
3660	3657
3660	3661
1818	3661
1818	3662
267	3662
3660	1818
3660	1816
3659	1816
3659	1814
3659	1812
385	1812
263	1812
385	263
382	263
3659	385
3659	388
3660	388
403	1986
3663	1986
1833	1986
1835	1986
3663	1833
3663	281
3663	398
3663	400
288	285
2014	285
2014	284
3665	284
3665	1987
3664	1987
1993	1987
406	1987
3664	1993
3664	1996
2012	1996
2012	409
2010	409
2010	2002
2010	412
3664	2012
3664	2014
3668	3666
3666	3667
3669	3667
3670	3667
294	3667
416	3667
2011	3667
2011	3666
2013	3666
2013	3668
2015	3668
290	3668
1843	3668
1843	3669
1846	3669
1846	3670
291	3670
421	297
418	297
418	296
418	414
303	300
3672	300
3672	299
2047	299
3671	299
3671	422
3671	424
442	424
442	427
439	427
439	430
436	430
3671	442
3671	445
3672	2047
3672	448
457	2070
454	2070
2059	2070
3673	2070
3673	306
3673	305
3674	305
3674	449
3674	2055
3674	451
3674	2059
312	309
3676	309
3676	308
3676	2072
3675	2072
3675	458
3675	460
3675	463
3676	463
3680	3677
3677	3678
3679	3680
3683	3680
3680	3681
3681	3682
3684	3682
486	3682
480	3682
477	3682
477	3681
477	3678
2090	3678
474	3678
474	3677
466	3677
464	3677
3679	3677
464	3679
314	3679
315	3679
2104	3679
2104	3683
2100	3683
2100	3684
474	466
486	480
326	318
2107	318
326	2107
1909	2107
1909	2103
1909	487
327	487
338	487
324	321
336	330
495	342
492	342
489	342
489	341
484	341
504	507
504	345
501	345
501	1924
498	1924
496	1924
351	348
354	348
508	348
506	505
516	357
2124	357
2124	356
516	2124
513	2124
525	360
522	360
522	359
522	517
526	363
377	366
2146	366
2146	365
523	365
2146	523
377	2146
1963	2146
1963	531
1963	534
1963	381
375	369
535	384
546	387
546	386
543	386
543	533
540	533
540	532
558	390
3685	390
3685	1978
2171	1978
549	1978
549	389
3685	2171
3685	552
3685	555
561	393
559	393
399	396
562	396
405	402
3688	402
3688	401
3688	560
3687	560
3687	557
3687	556
3687	564
3687	2179
3688	2179
3688	2181
3686	2181
3686	2183
2189	2183
2187	2183
2187	2185
3686	2189
3688	2189
576	408
3690	408
3690	1998
3691	1998
3691	1995
2190	1995
3691	2190
3691	2188
3689	2188
3689	568
3689	570
3690	570
3690	573
3689	3690
417	411
3693	411
3693	2005
2199	2005
579	2005
579	410
3693	2199
3692	2199
3692	582
3692	426
3692	425
3693	425
423	420
585	429
2201	429
2201	428
591	432
586	432
591	586
603	606
603	435
3695	435
3695	434
3695	592
3695	2217
3694	2217
3694	2219
2223	2219
3694	2223
3694	597
3694	600
3694	603
607	438
605	604
605	441
615	2243
3698	2243
3697	2243
3697	444
3696	444
3696	443
3696	602
3696	601
3696	609
3697	609
3698	609
3698	612
450	2056
616	2056
3699	2056
3699	447
3699	2049
2244	2049
3699	2244
3700	3701
3702	3701
2255	3701
627	3701
621	3701
618	3701
618	3700
613	3700
614	3700
614	3702
452	3702
630	3702
452	630
2062	630
2062	633
453	633
627	621
459	456
3704	456
3704	455
3704	637
3704	639
3703	639
2277	639
3703	2277
3703	645
3703	459
465	462
465	461
465	646
651	646
465	651
657	468
657	467
3706	3707
3706	3705
3707	3708
3709	3710
3710	3711
3710	3707
3712	3711
473	3711
683	3711
683	3708
678	3708
672	3708
3705	3708
672	3705
669	3705
666	3705
666	3706
663	3706
660	3706
3709	3706
660	3709
2308	3709
2308	3712
649	3712
650	3712
470	3712
650	470
678	672
684	2332
2091	2332
684	2091
3713	3714
3716	3714
3719	3713
3715	3713
3715	3716
3721	3716
3716	3717
3722	3717
3717	3718
3723	3718
3719	3715
3725	3715
3720	3715
3720	3721
3726	3721
3721	3722
3727	3722
3722	3723
3728	3723
3723	3724
3725	3720
3726	3727
3730	3727
3727	3728
3728	3729
3731	3729
491	3729
2344	3729
2344	3724
692	3724
689	3724
689	3718
2337	3718
2337	3717
2337	3714
686	3714
686	3713
679	3713
682	3713
682	3719
2333	3719
478	3719
478	3725
479	3725
479	3726
479	3730
490	3730
490	3731
488	482
497	494
2346	494
497	2346
701	2346
698	2346
698	693
702	500
509	2125
3733	2125
3732	2125
3732	503
3732	502
3732	700
3732	699
3732	509
704	2363
2359	2363
3734	2363
3734	2365
511	2365
3734	511
3734	697
3734	696
3737	3735
3735	3736
3738	3736
719	3736
716	3736
713	3736
710	3736
710	3735
707	3735
705	3735
2364	3735
2364	3737
2366	3737
3739	3737
3739	3738
518	3738
3739	518
3739	515
3739	514
527	521
3740	521
3740	520
3740	720
725	720
3740	725
3740	730
536	530
536	2147
736	2147
736	529
733	529
745	539
745	538
742	538
742	737
3743	3741
3742	3743
3743	3744
3745	3744
2414	3744
751	3744
2410	3744
2410	3741
2407	3741
2405	3741
2405	3743
2403	3743
2403	3742
541	3742
542	3742
2416	3742
2416	3745
2403	541
2410	2407
548	545
3747	545
2417	545
3747	2417
3747	2415
3746	2415
3746	752
3746	2418
3746	754
2426	754
2426	2420
2426	2422
760	2422
3746	2426
3746	2428
3747	2428
761	551
3748	551
3748	2173
3749	2173
3749	550
3749	2429
3748	2429
3748	2427
563	554
563	553
563	759
2446	759
2446	758
2446	763
2444	763
2442	763
2442	766
2442	769
3752	3750
3751	3752
3754	3752
3752	3753
3755	3753
2184	3753
2186	3753
566	3753
566	3750
778	3750
775	3750
773	3750
3751	3750
773	3751
2443	3751
2445	3751
2445	3754
2447	3754
2180	3754
2182	3754
2182	3755
2447	2180
566	778
3757	3756
3757	3758
3759	3758
584	3758
587	3758
2475	3758
2475	3756
2473	3756
790	3756
787	3756
787	3757
2465	3757
3760	3757
3760	3759
2202	3759
3760	2202
3760	581
2465	581
2465	2200
3761	2200
3761	580
3761	572
3761	571
784	571
784	779
3761	784
587	2475
587	793
578	575
3763	3764
3766	3764
2218	3764
3765	3764
2499	3764
2499	3763
2497	3763
3762	3763
2483	3763
797	3763
589	3763
589	3766
590	3766
3762	2483
3762	801
3762	2489
2497	2489
2497	2491
807	2491
3765	2499
813	2499
3765	813
3765	593
3765	2220
822	596
2513	596
2513	2226
2511	2226
2511	595
2509	595
2509	814
819	814
608	599
823	599
608	823
608	825
617	611
829	611
826	831
840	620
3768	620
3768	619
3767	619
3767	827
3767	826
3767	2518
3768	2518
3768	834
3768	837
841	623
849	2545
3771	2545
3770	2545
3770	2548
3769	2548
839	2548
839	626
3769	839
3769	838
3769	2532
3769	2534
3770	2534
3770	2536
3771	2536
3771	2538
846	2538
2542	2538
2542	2540
3771	846
3772	3773
3775	3773
3773	3774
3776	3774
2552	3774
850	3774
2547	3774
2547	3773
2550	3773
2550	3772
628	3772
2258	3772
2258	3775
629	3775
2556	3775
2556	3776
2554	3776
3778	3779
3778	3777
3780	3779
3780	3781
2555	3781
3782	3781
2566	3781
2564	3781
2564	3779
2564	3777
855	3777
852	3777
2562	3777
2562	3778
2560	3778
2558	3778
2553	3778
2553	3780
2558	2553
847	2553
3782	2566
3782	2568
2557	2568
631	2568
3782	2557
3783	3784
3785	3784
635	3784
638	3784
858	3784
858	3783
856	3783
2565	3783
2567	3783
2567	3785
2569	3785
634	3785
864	641
861	641
859	641
647	644
2312	644
2312	2278
659	2278
659	643
867	643
656	653
870	662
870	661
879	665
2598	665
2598	664
879	2598
879	873
880	668
3786	3787
3790	3787
3791	3787
3787	3788
3792	3788
3789	3786
3789	3790
3795	3790
3790	3791
3796	3791
3791	3792
3797	3792
3792	3793
3794	3789
3794	3795
3800	3795
3795	3796
3801	3796
3796	3797
3799	3794
3800	3801
3803	3801
3801	3802
3804	3802
894	3802
2623	3802
3798	3802
2623	3798
2620	3798
2620	3793
891	3793
888	3793
888	3788
885	3788
2613	3788
2613	3787
2613	3786
882	3786
882	3789
877	3789
877	3794
878	3794
878	3799
670	3799
671	3799
3803	3799
671	3803
2627	3803
2627	3804
900	674
2628	674
900	2628
897	2628
685	677
685	676
903	2641
3805	2641
3806	2641
3806	688
3806	2339
898	2339
898	687
3806	898
3805	898
3808	3807
3809	3807
912	3807
909	3807
2642	3807
2642	3808
690	3808
3810	3808
2361	3808
2361	3809
703	3809
2645	3809
703	2645
3810	2361
3810	694
3810	691
909	2642
906	2642
921	709
3811	709
3811	708
3811	2646
915	2646
3811	915
3811	918
930	712
924	712
922	712
930	924
933	715
933	714
721	718
721	717
936	724
936	723
936	932
928	932
732	729
3812	729
3812	726
3812	937
942	937
3812	942
3812	945
3812	948
3812	951
738	735
738	734
963	741
3813	741
3813	740
3813	950
3813	949
3813	954
3813	957
3813	960
3816	3814
3814	3815
3817	3815
2408	3815
747	3815
969	3815
2710	3815
966	3815
966	3814
964	3814
743	3814
743	3816
744	3816
2404	3816
2404	3817
2406	3817
3818	3819
3820	3819
3820	3821
3821	3822
3823	3822
3824	3822
2724	3822
2722	3822
2722	3821
2720	3821
2720	3819
2718	3819
2718	3818
972	3818
970	3818
749	3818
749	3820
2412	3820
2412	3823
750	3823
750	3824
2419	3824
753	3824
975	3824
762	756
762	2423
2734	2423
3825	2423
3825	2421
2726	2421
976	2421
3825	2726
3825	2728
2734	2728
2734	2730
984	2730
981	2730
985	765
3826	765
3826	764
3826	2735
990	768
990	767
990	983
987	983
3830	3828
3828	3829
3831	3829
3833	3830
3830	3831
3831	3832
3834	3832
774	3832
1008	3832
1005	3832
1005	3829
3827	3829
3827	3828
993	3828
993	3830
2740	3830
2740	3833
991	3833
770	3833
771	3833
771	3834
3827	993
3827	996
1002	996
3827	1002
774	1008
774	1013
780	777
780	3835
1021	3835
1017	3835
777	776
3841	3836
3836	3837
3842	3837
3837	3838
3843	3838
3838	3839
3845	3840
3840	3841
3841	3842
3846	3842
3842	3843
3847	3843
3344	3843
3344	3844
788	3844
788	3839
2780	3839
2778	3839
2778	3838
2776	3838
2776	3837
2774	3837
2774	3836
1029	3836
3840	3836
1029	3840
1026	3840
1026	3845
1009	3845
3848	3845
3848	3846
783	3846
783	3847
3848	783
3848	782
1012	782
3848	1012
788	2780
789	2780
785	3348
3849	3348
2467	3348
2467	785
1041	2798
3850	2798
2476	2798
3850	2476
3850	2474
1035	2474
1033	2474
3850	1035
3850	1038
1044	1047
800	2486
1042	2486
2801	2486
794	2486
800	1042
800	1044
1068	803
3851	803
3851	2492
3852	2492
3852	2490
1051	2490
3852	1051
3852	1053
3852	1056
3852	1059
3852	1062
3851	1062
3851	1065
805	1069
1083	806
1074	806
1071	806
1083	1074
1083	1077
1086	809
3854	809
3854	2500
3853	2500
3853	2498
3853	808
3854	808
3854	1084
1095	1098
815	812
815	811
815	1087
1078	1087
815	1078
2874	1078
2874	1089
2874	2861
1095	2861
818	817
3856	3855
3857	3855
3858	3855
1101	3855
1099	3855
1099	3856
2876	3856
818	3856
818	3857
2890	3857
2888	3857
2888	3858
2886	3858
1104	3858
3860	3861
3862	3861
2904	3861
2902	3861
2889	3861
2891	3861
2891	3860
2510	3860
2512	3860
2512	3862
2514	3862
2514	2904
821	2904
821	830
2891	2510
2902	2889
3859	2889
3859	2887
2900	2887
1107	2887
2900	1107
3859	2900
3863	3864
3865	3864
3866	3864
1111	3864
2901	3864
2903	3864
2903	3863
2905	3863
2905	3865
832	3865
2520	3865
2520	3866
833	3866
1113	3866
842	2541
2923	2541
2920	2541
2920	2539
2918	2539
2918	2537
2918	2535
2916	2535
2916	2533
2914	2533
2914	836
2914	835
2923	2920
842	2923
842	1119
1125	1119
851	2563
2931	2563
3868	2563
3868	2561
3867	2561
3867	2559
2543	2559
3867	2543
3867	844
3867	1126
3867	1128
3867	2929
3868	2929
3869	3870
3872	3870
3871	3869
3871	3872
2932	3872
853	3872
854	3872
854	3873
857	3873
860	3873
860	3870
1131	3870
1131	3869
2935	3869
2935	3871
2933	3871
2930	3871
2933	2930
3874	3875
3878	3875
3875	3876
3877	3878
3877	3874
3878	3879
3880	3878
3880	3881
862	3881
866	3881
869	3881
869	3879
2601	3879
2601	3876
872	3876
1143	3876
1143	3875
1140	3875
1140	3874
2949	3874
2949	3877
1137	3877
1132	3877
1132	3880
1137	1132
872	1143
862	866
881	875
3882	875
1147	875
3882	1147
3882	1149
3882	1152
3882	1155
1167	884
1164	884
1164	2615
1161	2615
1161	883
1161	1156
1173	887
1168	887
1173	1168
1176	890
1176	889
896	893
902	893
902	2625
905	2625
1185	2625
1185	2622
1182	2622
1179	2622
1179	892
1186	908
914	911
3883	911
3883	910
3883	1184
3883	1183
3883	2988
3885	3886
3887	3886
1191	3886
1188	3886
2996	3886
2994	3886
2994	3885
3884	3885
916	3885
916	3887
917	3887
3884	916
3884	2990
3884	1181
3884	1180
3884	2992
923	920
1194	920
1194	919
935	926
3888	926
3888	925
3888	1195
1203	1195
1203	1197
3888	1203
3888	938
1206	941
1206	940
955	944
956	944
3890	944
3890	943
3890	1207
3889	1207
3889	1209
3889	1212
3022	1212
3889	3022
3889	3024
3890	3024
3890	1218
3890	1221
953	947
1222	959
965	962
1219	962
1219	961
965	1219
3038	1219
965	3038
971	968
3892	968
3891	968
3891	2712
3891	967
3891	1228
3891	1230
3892	1230
3892	1233
3894	3895
3896	3895
3897	3895
2729	3895
2731	3895
977	3895
1242	3895
1242	3894
3893	3894
2721	3894
2723	3894
2723	3896
2725	3896
2725	3897
2727	3897
2725	2727
3893	2721
3893	2719
1236	2719
1234	2719
3893	1236
3893	1239
986	980
986	979
1248	979
1245	979
992	2741
3054	2741
988	2741
3054	988
3899	3898
3900	3898
3901	3898
3903	3899
3899	3900
3904	3900
3905	3900
3900	3901
3906	3901
3901	3902
3904	3905
3908	3905
3909	3905
3905	3906
3910	3906
3906	3907
3911	3907
3909	3910
3913	3910
3910	3911
3914	3911
3914	3912
3055	3912
994	3912
995	3912
995	3907
995	3902
1260	3902
1260	3898
1257	3898
1257	3899
3064	3899
3064	3903
1254	3903
3059	3903
3059	3904
3059	3908
1251	3908
1251	3909
1251	3913
1246	3913
1246	3914
1247	3914
1261	998
1266	3083
3915	3083
1259	3083
1000	3083
3915	1259
3915	1258
3915	1263
3915	3080
3917	3916
3918	3916
3919	3916
3921	3917
3917	3918
3922	3918
3918	3919
3923	3919
3924	3919
3919	3920
3921	3922
3926	3922
3922	3923
3927	3923
3923	3924
3928	3924
3926	3927
3930	3927
3927	3928
3931	3928
3931	3929
1028	3929
3096	3929
3925	3929
3096	3925
3094	3925
3094	3920
3092	3920
3092	3916
1269	3916
3088	3916
3088	3917
1267	3917
1267	3921
3085	3921
3085	3926
1003	3926
1003	3930
1004	3930
1027	3930
1027	3931
1025	1007
1020	1015
3933	3934
3936	3934
3934	3935
3937	3935
3938	3935
1275	3935
1272	3935
3932	3935
3093	3935
3093	3934
3095	3934
3095	3933
3097	3933
2775	3933
2777	3933
2777	3936
2779	3936
2779	3937
2781	3937
3939	3937
3939	3938
3939	1275
3939	1034
3939	1031
3097	2775
3932	3093
3932	1270
3941	3940
3943	3941
3941	3942
3944	3942
3081	3942
1265	3942
3090	3942
3090	3940
1268	3940
3110	3940
3110	3941
3108	3941
3108	3943
3114	3943
1284	3943
1284	3944
1281	3944
1281	3081
1278	3081
3108	3114
3108	3116
3106	3116
3106	1287
3104	1287
3104	1037
3104	1036
1268	3110
1043	1040
3945	1040
1288	1040
3945	1288
3945	3118
3945	1290
1201	1046
1291	1046
1201	1291
3946	1291
3946	3120
3946	1208
3946	1205
3946	1202
1052	1049
1052	1048
1052	1199
1308	1055
1189	1055
1189	1054
1189	1196
1190	1196
1309	1058
3948	3947
3949	3947
3950	3947
3950	3951
3952	3951
1061	3951
1317	3951
1314	3951
1311	3951
1311	3947
1171	3947
1171	3948
1172	3948
1175	3948
2993	3948
2993	3949
2995	3949
2995	3950
2997	3950
2997	3952
1187	3952
1307	3952
1060	3952
1175	2993
1318	1064
1070	1067
3953	1067
3953	1066
3953	1316
3953	1315
3953	1320
3953	1323
3956	3957
3958	3957
3197	3957
1341	3957
1338	3957
1335	3957
1332	3957
3183	3957
3183	3956
3955	3956
1072	3956
1072	3958
1073	3958
1344	3958
3955	1072
3954	1072
3954	1324
3954	1326
3954	1329
3954	3181
3955	3181
1088	1076
1345	1076
1085	1082
1342	1091
3198	1091
3198	2863
3198	1090
1347	1094
1340	1094
1347	1340
1100	1097
1348	1097
1100	1348
1100	1350
1106	1103
1356	1103
1354	1103
1106	1356
1362	1356
3960	3959
3963	3960
3960	3961
3964	3961
3961	3962
3965	3962
2921	3962
1371	3962
3214	3962
1368	3962
1368	3961
1368	3959
1365	3959
1363	3959
1108	3959
1109	3959
1109	3960
1109	3963
1112	3963
2915	3963
2915	3964
2917	3964
2917	3965
2919	3965
2921	1371
1372	3220
1117	3220
3966	3220
3966	3222
3966	1118
3966	2925
1380	1121
3235	1121
3235	1120
3235	3223
3233	3223
1377	3223
1377	3221
3229	3221
3967	3221
3967	1370
3224	1370
3224	3216
3967	3224
3967	3226
3967	1374
1127	1124
1127	1123
1127	1381
2934	1381
2934	1383
2936	1383
2936	1386
1130	1386
1395	1398
1395	3251
1392	3251
1389	3251
1389	1136
1387	1136
1399	3253
3252	3253
2950	3253
3252	2950
1397	1396
3969	3968
3970	3968
3969	3970
3973	3970
3974	3970
3970	3971
3976	3969
3972	3969
3972	3973
3978	3973
3973	3974
3979	3974
3974	3975
3980	3975
3976	3972
3982	3972
3977	3972
3977	3978
3984	3978
3978	3979
3983	3977
3983	3984
1141	3984
1142	3984
1142	3985
1150	3985
3980	3985
1150	3980
1150	3981
1151	3981
3262	3981
3262	3975
3262	3971
1407	3971
1404	3971
1404	3968
1404	3969
1401	3969
1401	3976
1401	3982
1397	3982
3254	3982
3983	3982
3254	3983
1148	1145
1157	1154
3264	1154
1157	3264
1416	3264
1413	3264
1410	3264
1417	1160
1327	3339
3987	3339
3987	1163
3986	1163
3986	1162
3986	1415
3986	1414
3987	1414
3987	1328
1169	1166
3340	1166
1169	3340
1310	3340
3988	3340
3988	1325
3988	1322
3988	1321
1285	3122
3115	3122
3989	3122
3121	3122
1210	3122
3989	3121
3989	1289
3989	3119
3117	3119
3989	3117
1296	1214
3991	1214
3990	1214
3990	1213
3990	3123
3990	1283
3991	1283
3991	1282
3991	1293
1223	1217
1223	3025
3993	3025
3993	3023
3992	3023
3992	1216
3992	1297
3992	1299
3992	3131
3993	3131
3993	1302
3996	3994
3994	3995
3997	3995
3145	3995
1252	3995
3061	3995
3061	3994
1253	3994
3137	3994
3137	3996
1303	3996
3039	3996
1226	3996
1226	3997
3998	3997
3998	3145
1237	3145
3998	1237
3998	1229
1303	3039
1253	3137
1235	1232
1244	1241
4001	1241
4000	1241
4000	1240
4000	3146
3999	3146
3999	1250
3999	1244
3999	4001
1262	1256
1262	3066
1277	3066
1294	3066
1295	3066
1306	3066
1295	1306
4004	4002
4003	4002
3109	4002
3111	4002
1273	4002
1273	4004
1274	4004
3105	4004
3105	4003
3107	4003
1292	1280
1304	3138
1300	3138
3133	3138
1319	1313
4006	4005
4007	4005
3184	4005
3280	4005
3277	4005
3277	4006
1411	4006
1412	4006
1412	4007
1330	4007
3182	4007
3184	3280
4010	4008
4011	4008
3282	4008
4009	4008
3284	4008
3284	4010
1405	4010
1406	4010
1409	4010
1409	4011
3279	4011
4009	3284
1425	3284
1422	3284
4009	1425
4009	1428
3282	1428
3282	3288
1333	3288
1346	1337
4012	1337
4012	1336
4012	3289
4012	1429
4012	1431
4012	1349
4015	4013
4013	4014
4016	4014
4017	4014
3299	4014
3297	4014
3293	4014
3293	4013
1432	4013
1432	4015
1351	4015
1352	4015
1352	4016
1355	4016
3301	4016
3301	4017
3297	3293
1435	1437
4019	4018
4020	4018
3309	4018
3306	4018
3298	4018
3300	4018
3300	4019
3302	4019
4021	4019
4021	4020
3225	4020
3227	4020
1373	4020
4021	3225
4021	1367
3302	1367
3302	1366
3302	1358
3306	3298
1364	1361
1440	1443
4023	4022
4023	4024
4025	4024
3323	4024
3321	4024
3319	4024
3319	4022
3317	4022
1440	4022
3308	4022
3311	4022
3311	4023
1375	4023
1375	4025
3231	4025
1376	4025
1446	4025
1440	3308
1382	1379
1382	3236
4026	3236
4026	3234
3325	3234
1447	3234
4026	3325
3337	3325
3337	3327
3337	3329
1390	3329
1391	3329
4026	3337
1388	1385
3338	1385
1400	1394
1450	1394
1400	1450
1418	3285
4027	3285
4027	1403
4028	1403
4028	1402
4028	1453
4027	1453
4029	4030
4031	4029
4034	4031
4033	4031
4033	4032
3330	4032
1448	4032
1451	4032
1451	4030
1420	4030
3318	4030
3320	4030
3320	4029
3322	4029
3322	4031
3322	4034
3324	4034
1445	4034
3326	4034
3326	4033
3328	4033
1420	3318
1421	3318
1441	1424
1442	1424
1436	1433
1430	1427
4035	1427
4035	1426
4035	1439
3295	1439
4035	3295
4	1454
4	1455
1455	1
1455	3
7	5
7	6
10	8
10	9
1456	11
1456	1457
1458	1457
1458	1459
13	1459
13	12
16	1460
16	1461
1461	14
1461	15
1462	17
1462	1463
19	1463
19	18
1465	1464
1465	1466
1466	20
1466	1467
1468	1466
1468	1469
1469	1467
1469	1470
1471	1469
1471	1472
1472	1470
1472	1473
22	1472
22	1474
1474	1473
1474	21
25	1475
25	1476
1476	23
1476	24
28	26
28	27
31	1477
31	1479
1479	1478
1479	1480
1480	29
1480	30
34	1481
34	1483
1483	1482
1483	1484
1484	32
1484	33
37	1485
37	1488
1488	1486
1488	1489
1489	1487
1489	1490
1490	35
1490	36
1491	38
1491	1492
1493	1492
1493	1494
1495	1494
1495	1496
1497	1496
1497	1498
0	1498
0	2
40	1499
40	1502
1502	1500
1502	1503
1503	1501
1503	1504
1504	36
1504	39
2	1505
2	1507
1507	1506
1507	1508
1508	41
1508	1
1510	1509
1510	1511
1511	39
1511	1512
43	1511
43	1513
1513	1512
1513	42
46	1514
46	1515
1515	44
1515	45
49	1516
49	1517
1517	47
1517	48
52	1518
52	1519
1519	50
1519	51
55	1520
55	1521
1521	53
1521	54
58	1522
58	1523
1523	56
1523	57
3	1524
3	1525
1525	59
1525	5
6	57
6	8
1527	1526
1527	1528
1528	54
1528	1529
61	1528
61	1530
1530	1529
1530	60
9	62
9	11
64	1531
64	1532
1532	60
1532	63
67	65
67	66
1533	68
1533	1534
12	1534
12	14
1535	66
1535	1536
70	1536
70	69
73	1537
73	1538
1538	71
1538	72
76	1539
76	1540
1540	74
1540	75
15	1541
15	1542
1542	77
1542	17
79	75
79	78
82	1543
82	1544
1544	80
1544	81
18	1545
18	1546
1546	83
1546	20
1547	81
1547	1548
1549	1548
1549	1550
1551	1550
1551	1552
85	1552
85	84
88	1553
88	1554
1554	86
1554	87
1555	89
1555	1556
21	1556
21	23
1557	87
1557	1558
91	1558
91	90
94	1559
94	1562
1562	1560
1562	1563
1563	1561
1563	1564
1564	92
1564	93
24	95
24	26
27	1565
27	1567
1567	1566
1567	1568
1568	93
1568	29
1572	1569
1572	1573
1573	1570
1573	1574
1574	1571
1574	1575
1575	90
1575	1576
97	1573
97	1577
1577	1574
1577	1578
1578	1575
1578	1579
1579	1576
1579	96
100	1580
100	1583
1583	1581
1583	1584
1584	1582
1584	1585
1585	98
1585	99
103	1586
103	1589
1589	1587
1589	1590
1590	1588
1590	1591
1591	101
1591	102
1594	1592
1594	1595
1595	1593
1595	1596
1596	104
1596	1597
106	1595
106	1598
1598	1596
1598	1599
1599	1597
1599	105
109	1600
109	1601
1601	107
1601	108
1602	110
1602	1603
112	1603
112	111
115	1604
115	1605
1605	113
1605	114
30	116
30	32
33	114
33	35
1606	111
1606	1607
118	1607
118	117
121	1608
121	1609
1609	119
1609	120
124	1610
124	1611
1611	122
1611	123
1613	1612
1613	1614
1614	125
1614	1615
42	1614
42	1616
1616	1615
1616	44
1617	123
1617	1618
127	1618
127	126
130	1619
130	1620
1620	128
1620	129
133	131
133	132
136	134
136	135
1621	137
1621	1622
139	1622
139	138
142	1623
142	1624
1624	140
1624	141
45	143
45	47
48	1625
48	1626
1626	141
1626	50
145	1627
145	1629
1629	1628
1629	1630
1630	138
1630	144
148	1631
148	1633
1633	1632
1633	1634
1634	146
1634	147
151	1635
151	1637
1637	1636
1637	1638
1638	149
1638	150
154	1639
154	1641
1641	1640
1641	1642
1642	152
1642	153
157	155
157	156
160	1643
160	1644
1644	158
1644	159
1645	161
1645	1646
1647	1646
1647	1648
1649	1648
1649	1650
51	1650
51	53
163	1651
163	1652
1652	159
1652	162
63	1653
63	1654
1654	164
1654	65
1655	162
1655	1656
166	1656
166	165
1657	167
1657	1658
169	1658
169	168
69	170
69	71
172	168
172	171
175	173
175	174
1659	176
1659	1660
1661	1660
1661	1662
1663	1662
1663	1664
1665	1664
1665	1666
178	1666
178	177
181	1667
181	1669
1669	1668
1669	1670
1670	179
1670	180
1673	1671
1673	1674
1674	1672
1674	1675
1675	182
1675	1676
1677	1674
1677	1678
1678	1675
1678	1679
1679	1676
1679	1680
184	1678
184	1681
1681	1679
1681	1682
1682	1680
1682	183
72	1683
72	1685
1685	1684
1685	1686
1686	185
1686	74
78	1687
78	1688
1688	183
1688	80
1689	180
1689	1690
1691	1690
1691	1692
1693	1692
1693	1694
84	1694
84	86
187	1695
187	1698
1698	1696
1698	1699
1699	1697
1699	1700
1700	177
1700	186
96	1701
96	1703
1703	1702
1703	1704
1704	188
1704	98
190	186
190	189
99	1705
99	1707
1707	1706
1707	1708
1708	191
1708	101
193	1709
193	1711
1711	1710
1711	1712
1712	189
1712	192
1714	1713
1714	1715
1715	194
1715	1716
196	1715
196	1717
1717	1716
1717	195
1720	1718
1720	1721
1721	1719
1721	1722
1722	197
1722	1723
199	1721
199	1724
1724	1722
1724	1725
1725	1723
1725	198
1726	200
1726	1727
102	1727
102	104
202	1728
202	1730
1730	1729
1730	1731
1731	198
1731	201
205	1732
205	1734
1734	1733
1734	1735
1735	203
1735	204
208	1736
208	1739
1739	1737
1739	1740
1740	1738
1740	1741
1741	206
1741	207
211	1742
211	1743
1743	209
1743	210
105	1744
105	1745
1745	212
1745	107
214	1746
214	1747
1747	210
1747	213
217	1748
217	1751
1751	1749
1751	1752
1752	1750
1752	1753
1753	215
1753	216
108	218
108	110
220	1754
220	1758
1758	1755
1758	1759
1759	1756
1759	1760
1760	1757
1760	1761
1761	216
1761	219
117	1762
117	1763
1763	221
1763	119
223	1764
223	1766
1766	1765
1766	1767
1767	219
1767	222
226	1768
226	1770
1770	1769
1770	1771
1771	224
1771	225
120	227
120	122
229	1772
229	1775
1775	1773
1775	1776
1776	1774
1776	1777
1777	225
1777	228
126	1778
126	1779
1779	230
1779	128
232	228
232	231
1781	1780
1781	1782
1782	233
1782	1783
1784	1782
1784	1785
1785	1783
1785	1786
235	1785
235	1787
1787	1786
1787	234
238	236
238	237
241	1788
241	1789
1789	239
1789	240
244	1790
244	1791
1791	242
1791	243
247	1792
247	1793
1793	245
1793	246
129	1794
129	1795
1795	248
1795	131
132	246
132	134
1797	1796
1797	1798
1798	243
1798	1799
250	1798
250	1800
1800	1799
1800	249
135	251
135	137
253	1801
253	1802
1802	249
1802	252
256	254
256	255
144	257
144	146
147	255
147	149
259	252
259	258
262	260
262	261
265	1803
265	1805
1805	1804
1805	1806
1806	263
1806	264
150	1807
150	1809
1809	1808
1809	1810
1810	266
1810	152
1811	264
1811	1812
1813	1812
1813	1814
1815	1814
1815	1816
1817	1816
1817	1818
268	1818
268	267
271	269
271	270
1820	1819
1820	1821
1821	272
1821	1822
274	1821
274	1823
1823	1822
1823	273
153	1824
153	1825
1825	275
1825	155
156	273
156	158
165	1826
165	1827
1827	270
1827	167
277	267
277	276
1828	278
1828	1829
171	1829
171	173
280	1830
280	1831
1831	276
1831	279
1832	281
1832	1833
1834	1833
1834	1835
283	1835
283	282
286	284
286	285
1836	287
1836	1837
174	1837
174	176
289	1838
289	1839
1839	285
1839	288
1841	1840
1841	1842
1842	290
1842	1843
1844	1842
1844	1845
1845	1843
1845	1846
292	1845
292	1847
1847	1846
1847	291
192	1848
192	1851
1851	1849
1851	1852
1852	1850
1852	1853
1853	293
1853	194
295	1854
295	1856
1856	1855
1856	1857
1857	291
1857	294
298	296
298	297
301	1858
301	1860
1860	1859
1860	1861
1861	299
1861	300
195	1862
195	1864
1864	1863
1864	1865
1865	302
1865	197
304	1866
304	1867
1867	300
1867	303
307	1868
307	1871
1871	1869
1871	1872
1872	1870
1872	1873
1873	305
1873	306
310	1874
310	1876
1876	1875
1876	1877
1877	308
1877	309
1878	311
1878	1879
1880	1879
1880	1881
201	1881
201	203
313	1882
313	1884
1884	1883
1884	1885
1885	309
1885	312
316	1886
316	1889
1889	1887
1889	1890
1890	1888
1890	1891
1891	314
1891	315
319	1892
319	1894
1894	1893
1894	1895
1895	317
1895	318
322	1896
322	1897
1897	320
1897	321
204	1898
204	1901
1901	1899
1901	1902
1902	1900
1902	1903
1903	323
1903	206
325	1904
325	1905
1905	321
1905	324
1907	1906
1907	1908
1908	326
1908	1909
328	1908
328	1910
1910	1909
1910	327
331	329
331	330
334	1911
334	1912
1912	332
1912	333
222	335
222	224
1913	333
1913	1914
231	1914
231	233
337	330
337	336
340	1915
340	1916
1916	338
1916	339
343	1917
343	1919
1919	1918
1919	1920
1920	341
1920	342
1922	1921
1922	1923
1923	344
1923	1924
346	1923
346	1925
1925	1924
1925	345
349	1926
349	1927
1927	347
1927	348
234	350
234	236
352	348
352	351
237	1928
237	1930
1930	1929
1930	1931
1931	353
1931	239
355	1932
355	1934
1934	1933
1934	1935
1935	351
1935	354
358	1936
358	1938
1938	1937
1938	1939
1939	356
1939	357
361	1940
361	1943
1943	1941
1943	1944
1944	1942
1944	1945
1945	359
1945	360
364	362
364	363
367	1946
367	1948
1948	1947
1948	1949
1949	365
1949	366
370	368
370	369
373	1950
373	1951
1951	371
1951	372
1952	374
1952	1953
1954	1953
1954	1955
1956	1955
1956	1957
240	1957
240	242
258	1958
258	1959
1959	372
1959	260
376	369
376	375
1961	1960
1961	1962
1962	377
1962	1963
379	1962
379	1964
1964	1963
1964	378
261	1965
261	1967
1967	1966
1967	1968
1968	380
1968	263
382	1969
382	1971
1971	1970
1971	1972
1972	378
1972	381
385	383
385	384
388	1973
388	1974
1974	386
1974	387
1976	1975
1976	1977
1977	389
1977	1978
391	1977
391	1979
1979	1978
1979	390
394	1980
394	1981
1981	392
1981	393
397	395
397	396
279	398
279	281
400	396
400	399
403	1982
403	1984
1984	1983
1984	1985
1985	401
1985	402
1986	404
1986	1987
282	1987
282	284
406	1988
406	1990
1990	1989
1990	1991
1991	402
1991	405
1993	1992
1993	1994
1994	407
1994	1995
1996	1994
1996	1997
1997	1995
1997	1998
409	1997
409	1999
1999	1998
1999	408
2002	2000
2002	2003
2003	2001
2003	2004
2004	410
2004	2005
412	2003
412	2006
2006	2004
2006	2007
2007	2005
2007	411
415	2008
415	2009
2009	413
2009	414
2010	416
2010	2011
2012	2011
2012	2013
2014	2013
2014	2015
288	2015
288	290
294	2016
294	2017
2017	414
2017	296
418	2018
418	2019
2019	411
2019	417
421	419
421	420
297	2020
297	2021
2021	422
2021	299
424	2022
424	2023
2023	420
2023	423
427	2024
427	2026
2026	2025
2026	2027
2027	425
2027	426
430	2028
430	2030
2030	2029
2030	2031
2031	428
2031	429
433	2032
433	2033
2033	431
2033	432
436	2034
436	2036
2036	2035
2036	2037
2037	434
2037	435
439	2038
439	2039
2039	437
2039	438
442	2040
442	2041
2041	440
2041	441
445	2042
445	2044
2044	2043
2044	2045
2045	443
2045	444
2047	2046
2047	2048
2048	446
2048	2049
448	2048
448	2050
2050	2049
2050	447
303	2051
303	2053
2053	2052
2053	2054
2054	449
2054	305
2055	447
2055	2056
451	2056
451	450
2059	2057
2059	2060
2060	2058
2060	2061
2061	452
2061	2062
454	2060
454	2063
2063	2061
2063	2064
2064	2062
2064	453
457	2065
457	2067
2067	2066
2067	2068
2068	455
2068	456
2070	2069
2070	2071
2071	458
2071	2072
306	2071
306	2073
2073	2072
2073	308
460	2074
460	2076
2076	2075
2076	2077
2077	456
2077	459
463	461
463	462
312	2078
312	2081
2081	2079
2081	2082
2082	2080
2082	2083
2083	464
2083	314
466	2084
466	2086
2086	2085
2086	2087
2087	462
2087	465
469	2088
469	2089
2089	467
2089	468
470	472
474	471
2090	475
2090	2091
477	2091
477	476
480	2092
480	2093
2093	478
2093	479
483	481
483	482
486	2094
486	2096
2096	2095
2096	2097
2097	484
2097	485
2100	2098
2100	2101
2101	2099
2101	2102
2102	487
2102	2103
2104	2101
2104	2105
2105	2102
2105	2106
2106	2103
2106	2107
315	2105
315	2108
2108	2106
2108	2109
2109	2107
2109	317
339	485
339	341
489	2110
489	2112
2112	2111
2112	2113
2113	482
2113	488
492	2114
492	2117
2117	2115
2117	2118
2118	2116
2118	2119
2119	490
2119	491
495	2120
495	2121
2121	493
2121	494
342	496
342	344
498	2122
498	2123
2123	494
2123	497
501	499
501	500
504	502
504	503
507	505
507	506
345	508
345	347
354	506
354	356
2124	503
2124	2125
510	2125
510	509
513	2126
513	2127
2127	511
2127	512
516	2128
516	2129
2129	514
2129	515
357	517
357	359
519	515
519	518
522	520
522	521
525	2130
525	2132
2132	2131
2132	2133
2133	523
2133	524
360	2134
360	2136
2136	2135
2136	2137
2137	526
2137	362
363	2138
363	2140
2140	2139
2140	2141
2141	524
2141	365
528	2142
528	2144
2144	2143
2144	2145
2145	521
2145	527
2146	529
2146	2147
531	2147
531	530
534	2148
534	2150
2150	2149
2150	2151
2151	532
2151	533
381	2152
381	2154
2154	2153
2154	2155
2155	535
2155	383
384	2156
384	2157
2157	533
2157	386
537	2158
537	2159
2159	530
2159	536
540	2160
540	2161
2161	538
2161	539
543	2162
543	2164
2164	2163
2164	2165
2165	541
2165	542
546	2166
546	2167
2167	544
2167	545
387	547
387	389
549	2168
549	2169
2169	545
2169	548
2171	2170
2171	2172
2172	550
2172	2173
552	2172
552	2174
2174	2173
2174	551
555	553
555	554
558	556
558	557
390	559
390	392
561	557
561	560
393	2175
393	2176
2176	562
2176	395
399	2177
399	2178
2178	560
2178	401
564	554
564	563
2179	565
2179	2180
2181	2180
2181	2182
2183	2182
2183	2184
2185	2184
2185	2186
567	2186
567	566
2187	568
2187	2188
2189	2188
2189	2190
405	2190
405	407
570	566
570	569
573	2191
573	2193
2193	2192
2193	2194
2194	571
2194	572
576	2195
576	2196
2196	574
2196	575
408	2197
408	2198
2198	577
2198	410
579	575
579	578
2199	580
2199	2200
582	2200
582	581
426	583
426	428
2201	581
2201	2202
585	2202
585	584
429	2203
429	2204
2204	586
2204	431
588	2205
588	2207
2207	2206
2207	2208
2208	584
2208	587
591	2209
591	2211
2211	2210
2211	2212
2212	589
2212	590
432	2213
432	2215
2215	2214
2215	2216
2216	592
2216	434
2217	590
2217	2218
2219	2218
2219	2220
594	2220
594	593
2223	2221
2223	2224
2224	2222
2224	2225
2225	595
2225	2226
597	2224
597	2227
2227	2225
2227	2228
2228	2226
2228	596
600	2229
600	2231
2231	2230
2231	2232
2232	598
2232	599
603	2233
603	2234
2234	601
2234	602
606	604
606	605
435	607
435	437
438	605
438	440
441	602
441	443
609	2235
609	2237
2237	2236
2237	2238
2238	599
2238	608
612	2239
612	2240
2240	610
2240	611
615	2241
615	2242
2242	613
2242	614
2243	616
2243	2244
444	2244
444	446
450	2245
450	2246
2246	614
2246	452
618	611
618	617
621	2247
621	2248
2248	619
2248	620
624	622
624	623
627	2249
627	2251
2251	2250
2251	2252
2252	625
2252	626
2255	2253
2255	2256
2256	2254
2256	2257
2257	628
2257	2258
630	2256
630	2259
2259	2257
2259	2260
2260	2258
2260	629
633	2261
633	2262
2262	631
2262	632
636	2263
636	2265
2265	2264
2265	2266
2266	634
2266	635
453	2267
453	2268
2268	637
2268	455
639	2269
639	2271
2271	2270
2271	2272
2272	635
2272	638
642	2273
642	2275
2275	2274
2275	2276
2276	640
2276	641
2277	643
2277	2278
645	2278
645	644
459	2279
459	2281
2281	2280
2281	2282
2282	646
2282	461
648	2283
648	2285
2285	2284
2285	2286
2286	644
2286	647
651	2287
651	2290
2290	2288
2290	2291
2291	2289
2291	2292
2292	649
2292	650
654	2293
654	2294
2294	652
2294	653
465	2295
465	2296
2296	655
2296	467
657	2297
657	2298
2298	653
2298	656
468	2299
468	2301
2301	2300
2301	2302
2302	658
2302	470
650	2303
650	2304
2304	656
2304	652
2308	2305
2308	2309
2309	2306
2309	2310
2310	2307
2310	2311
2311	647
2311	2312
660	2309
660	2313
2313	2310
2313	2314
2314	2311
2314	2315
2315	2312
2315	659
663	2316
663	2317
2317	661
2317	662
666	2318
666	2319
2319	664
2319	665
669	667
669	668
672	2320
672	2321
2321	670
2321	671
675	673
675	674
678	2322
678	2324
2324	2323
2324	2325
2325	676
2325	677
679	681
683	680
473	2326
473	2329
2329	2327
2329	2330
2330	2328
2330	2331
2331	684
2331	475
2332	682
2332	2333
476	2333
476	478
686	2334
686	2335
2335	677
2335	685
2337	2336
2337	2338
2338	687
2338	2339
689	2338
689	2340
2340	2339
2340	688
692	2341
692	2342
2342	690
2342	691
2344	2343
2344	2345
2345	693
2345	2346
491	2345
491	2347
2347	2346
2347	493
695	2348
695	2349
2349	691
2349	694
698	2350
698	2351
2351	696
2351	697
701	2352
701	2353
2353	699
2353	700
497	2354
497	2355
2355	702
2355	499
500	700
500	502
509	2356
509	2357
2357	697
2357	511
2359	2358
2359	2360
2360	694
2360	2361
704	2360
704	2362
2362	2361
2362	703
2363	705
2363	2364
2365	2364
2365	2366
512	2366
512	514
707	2367
707	2368
2368	703
2368	706
710	2369
710	2371
2371	2370
2371	2372
2372	708
2372	709
713	2373
713	2375
2375	2374
2375	2376
2376	711
2376	712
716	714
716	715
719	717
719	718
518	2377
518	2378
2378	720
2378	520
722	718
722	721
725	2379
725	2380
2380	723
2380	724
726	728
730	727
527	2381
527	2383
2383	2382
2383	2384
2384	731
2384	529
733	2385
733	2386
2386	729
2386	732
736	734
736	735
536	2387
536	2390
2390	2388
2390	2391
2391	2389
2391	2392
2392	737
2392	538
739	2393
739	2396
2396	2394
2396	2397
2397	2395
2397	2398
2398	735
2398	738
742	740
742	741
745	2399
745	2400
2400	743
2400	744
539	2401
539	2402
2402	746
2402	541
2403	744
2403	2404
2405	2404
2405	2406
2407	2406
2407	2408
748	2408
748	747
2410	2409
2410	2411
2411	749
2411	2412
751	2411
751	2413
2413	2412
2413	750
2414	752
2414	2415
2416	2415
2416	2417
542	2417
542	544
2418	750
2418	2419
754	2419
754	753
2420	755
2420	2421
2422	2421
2422	2423
757	2423
757	756
760	2424
760	2425
2425	758
2425	759
2426	761
2426	2427
2428	2427
2428	2429
548	2429
548	550
551	2430
551	2431
2431	759
2431	553
763	2432
763	2433
2433	756
2433	762
766	2434
766	2435
2435	764
2435	765
769	2436
769	2437
2437	767
2437	768
772	2438
772	2440
2440	2439
2440	2441
2441	770
2441	771
2442	773
2442	2443
2444	2443
2444	2445
2446	2445
2446	2447
563	2447
563	565
775	2448
775	2451
2451	2449
2451	2452
2452	2450
2452	2453
2453	771
2453	774
778	776
778	777
569	2454
569	2455
2455	779
2455	571
781	2456
781	2458
2458	2457
2458	2459
2459	777
2459	780
784	2460
784	2462
2462	2461
2462	2463
2463	782
2463	783
2465	2464
2465	2466
2466	785
2466	2467
787	2466
787	2468
2468	2467
2468	786
790	2469
790	2471
2471	2470
2471	2472
2472	788
2472	789
2473	791
2473	2474
2475	2474
2475	2476
793	2476
793	792
796	2477
796	2479
2479	2478
2479	2480
2480	794
2480	795
797	799
587	798
2483	2481
2483	2484
2484	2482
2484	2485
2485	795
2485	2486
801	2484
801	2487
2487	2485
2487	2488
2488	2486
2488	800
2489	802
2489	2490
2491	2490
2491	2492
804	2492
804	803
807	2493
807	2495
2495	2494
2495	2496
2496	805
2496	806
2497	808
2497	2498
2499	2498
2499	2500
810	2500
810	809
813	2501
813	2503
2503	2502
2503	2504
2504	811
2504	812
593	2505
593	2507
2507	2506
2507	2508
2508	814
2508	595
816	812
816	815
819	817
819	818
2509	820
2509	2510
2511	2510
2511	2512
2513	2512
2513	2514
822	2514
822	821
596	823
596	598
825	821
825	824
828	826
828	827
608	829
608	610
617	827
617	619
831	2515
831	2516
2516	824
2516	830
2518	2517
2518	2519
2519	832
2519	2520
834	2519
834	2521
2521	2520
2521	833
837	2522
837	2524
2524	2523
2524	2525
2525	835
2525	836
840	2526
840	2528
2528	2527
2528	2529
2529	838
2529	839
620	841
620	622
623	2530
623	2531
2531	839
2531	625
2532	836
2532	2533
2534	2533
2534	2535
2536	2535
2536	2537
2538	2537
2538	2539
2540	2539
2540	2541
843	2541
843	842
2542	844
2542	2543
846	2543
846	845
849	847
849	848
2545	2544
2545	2546
2546	850
2546	2547
2548	2546
2548	2549
2549	2547
2549	2550
626	2549
626	2551
2551	2550
2551	628
2552	848
2552	2553
2554	2553
2554	2555
2556	2555
2556	2557
629	2557
629	631
2558	845
2558	2559
2560	2559
2560	2561
2562	2561
2562	2563
852	2563
852	851
855	853
855	854
2564	856
2564	2565
2566	2565
2566	2567
2568	2567
2568	2569
632	2569
632	634
858	2570
858	2571
2571	854
2571	857
638	2572
638	2573
2573	859
2573	640
861	857
861	860
864	2574
864	2577
2577	2575
2577	2578
2578	2576
2578	2579
2579	862
2579	863
641	2580
641	2582
2582	2581
2582	2583
2583	865
2583	643
867	2584
867	2587
2587	2585
2587	2588
2588	2586
2588	2589
2589	863
2589	866
659	2590
659	2591
2591	868
2591	661
870	2592
870	2594
2594	2593
2594	2595
2595	866
2595	869
662	871
662	664
2598	2596
2598	2599
2599	2597
2599	2600
2600	869
2600	2601
873	2599
873	2602
2602	2600
2602	2603
2603	2601
2603	872
876	874
876	875
879	2604
879	2605
2605	877
2605	878
665	2606
665	2607
2607	880
2607	667
668	878
668	670
882	2608
882	2610
2610	2609
2610	2611
2611	875
2611	881
2613	2612
2613	2614
2614	883
2614	2615
885	2614
885	2616
2616	2615
2616	884
888	2617
888	2618
2618	886
2618	887
891	889
891	890
2620	2619
2620	2621
2621	892
2621	2622
2623	2621
2623	2624
2624	2622
2624	2625
894	2624
894	2626
2626	2625
2626	893
2627	895
2627	2628
671	2628
671	673
897	893
897	896
900	2629
900	2632
2632	2630
2632	2633
2633	2631
2633	2634
2634	898
2634	899
674	2635
674	2637
2637	2636
2637	2638
2638	901
2638	676
685	899
685	687
903	2639
903	2640
2640	896
2640	902
2641	904
2641	2642
688	2642
688	690
906	2643
906	2644
2644	902
2644	905
909	907
909	908
912	910
912	911
2645	913
2645	2646
706	2646
706	708
915	911
915	914
918	2647
918	2648
2648	916
2648	917
921	919
921	920
709	922
709	711
924	920
924	923
927	2649
927	2652
2652	2650
2652	2653
2653	2651
2653	2654
2654	925
2654	926
930	2655
930	2657
2657	2656
2657	2658
2658	928
2658	929
712	2659
712	2661
2661	2660
2661	2662
2662	931
2662	714
933	2663
933	2664
2664	929
2664	932
715	934
715	717
721	2665
721	2666
2666	932
2666	723
936	2667
936	2668
2668	926
2668	935
724	2669
724	2671
2671	2670
2671	2672
2672	937
2672	726
939	2673
939	2675
2675	2674
2675	2676
2676	935
2676	938
942	2677
942	2678
2678	940
2678	941
945	2679
945	2681
2681	2680
2681	2682
2682	943
2682	944
948	2683
948	2684
2684	946
2684	947
951	2685
951	2687
2687	2686
2687	2688
2688	949
2688	950
732	2689
732	2690
2690	952
2690	734
738	2691
738	2694
2694	2692
2694	2695
2695	2693
2695	2696
2696	950
2696	740
954	2697
954	2699
2699	2698
2699	2700
2700	947
2700	953
957	2701
957	2703
2703	2702
2703	2704
2704	955
2704	956
960	958
960	959
963	961
963	962
741	2705
741	2706
2706	964
2706	743
966	2707
966	2708
2708	962
2708	965
2710	2709
2710	2711
2711	967
2711	2712
969	2711
969	2713
2713	2712
2713	968
747	2714
747	2715
2715	970
2715	749
972	2716
972	2717
2717	968
2717	971
2718	973
2718	2719
2720	2719
2720	2721
2722	2721
2722	2723
2724	2723
2724	2725
975	2725
975	974
753	976
753	755
2726	974
2726	2727
2728	2727
2728	2729
2730	2729
2730	2731
978	2731
978	977
981	979
981	980
984	2732
984	2733
2733	982
2733	983
2734	985
2734	2735
762	2735
762	764
765	2736
765	2737
2737	983
2737	767
987	980
987	986
990	988
990	989
768	2738
768	2739
2739	991
2739	770
2740	989
2740	2741
993	2741
993	992
996	2742
996	2743
2743	994
2743	995
999	997
999	998
1002	2744
1002	2746
2746	2745
2746	2747
2747	1000
2747	1001
1005	2748
1005	2751
2751	2749
2751	2752
2752	2750
2752	2753
2753	1003
2753	1004
1008	2754
1008	2757
2757	2755
2757	2758
2758	2756
2758	2759
2759	1006
2759	1007
1009	1011
1013	1010
1016	2760
1016	2762
2762	2761
2762	2763
2763	1014
2763	1015
774	2764
774	2767
2767	2765
2767	2768
2768	2766
2768	2769
2769	1017
2769	776
1015	1019
1021	1018
1022	1024
780	1023
1012	2770
1012	2771
2771	1020
2771	1014
1026	1007
1026	1025
1029	2772
1029	2773
2773	1027
2773	1028
2774	1030
2774	2775
2776	2775
2776	2777
2778	2777
2778	2779
2780	2779
2780	2781
1032	2781
1032	1031
789	2782
789	2784
2784	2783
2784	2785
2785	1033
2785	791
1035	2786
1035	2788
2788	2787
2788	2789
2789	1031
2789	1034
1038	2790
1038	2792
2792	2791
2792	2793
2793	1036
2793	1037
1041	2794
1041	2795
2795	1039
2795	1040
2798	2796
2798	2799
2799	2797
2799	2800
2800	1042
2800	2801
792	2799
792	2802
2802	2800
2802	2803
2803	2801
2803	794
1044	2804
1044	2806
2806	2805
2806	2807
2807	1040
2807	1043
1047	2808
1047	2810
2810	2809
2810	2811
2811	1045
2811	1046
1050	1048
1050	1049
800	2812
800	2814
2814	2813
2814	2815
2815	1051
2815	802
1053	2816
1053	2818
2818	2817
2818	2819
2819	1049
2819	1052
1056	2820
1056	2821
2821	1054
2821	1055
1059	2822
1059	2823
2823	1057
2823	1058
1062	2824
1062	2826
2826	2825
2826	2827
2827	1060
2827	1061
1065	2828
1065	2829
2829	1063
2829	1064
1068	2830
1068	2832
2832	2831
2832	2833
2833	1066
2833	1067
803	2834
803	2836
2836	2835
2836	2837
2837	1069
2837	805
1071	1067
1071	1070
1074	2838
1074	2839
2839	1072
2839	1073
1077	1075
1077	1076
1080	2840
1080	2841
2841	1078
2841	1079
1083	2842
1083	2844
2844	2843
2844	2845
2845	1081
2845	1082
806	2846
806	2848
2848	2847
2848	2849
2849	1084
2849	808
1086	1082
1086	1085
809	2850
809	2852
2852	2851
2852	2853
2853	1087
2853	811
1079	2854
1079	2856
2856	2855
2856	2857
2857	1085
2857	1081
1089	2858
1089	2859
2859	1076
2859	1088
2861	2860
2861	2862
2862	1090
2862	2863
1092	2862
1092	2864
2864	2863
2864	1091
1095	2865
1095	2867
2867	2866
2867	2868
2868	1093
2868	1094
1098	2869
1098	2871
2871	2870
2871	2872
2872	1096
2872	1097
2874	2873
2874	2875
2875	1099
2875	2876
815	2875
815	2877
2877	2876
2877	817
1101	2878
1101	2880
2880	2879
2880	2881
2881	1097
2881	1100
1104	2882
1104	2884
2884	2883
2884	2885
2885	1102
2885	1103
2886	1105
2886	2887
2888	2887
2888	2889
2890	2889
2890	2891
818	2891
818	820
1107	2892
1107	2894
2894	2893
2894	2895
2895	1103
2895	1106
1110	2896
1110	2898
2898	2897
2898	2899
2899	1108
2899	1109
2900	1111
2900	2901
2902	2901
2902	2903
2904	2903
2904	2905
830	2905
830	832
1113	2906
1113	2908
2908	2907
2908	2909
2909	1109
2909	1112
833	2910
833	2912
2912	2911
2912	2913
2913	1114
2913	835
2914	1112
2914	2915
2916	2915
2916	2917
2918	2917
2918	2919
2920	2919
2920	2921
1116	2921
1116	1115
2923	2922
2923	2924
2924	1117
2924	2925
1119	2924
1119	2926
2926	2925
2926	1118
1122	2927
1122	2928
2928	1120
2928	1121
1125	1123
1125	1124
842	1126
842	844
1128	1124
1128	1127
2929	1129
2929	2930
2931	2930
2931	2932
851	2932
851	853
2933	1127
2933	2934
2935	2934
2935	2936
1131	2936
1131	1130
860	2937
860	2940
2940	2938
2940	2941
2941	2939
2941	2942
2942	1132
2942	862
1134	2943
1134	2945
2945	2944
2945	2946
2946	1130
2946	1133
1137	2947
1137	2948
2948	1135
2948	1136
2949	1138
2949	2950
1140	2950
1140	1139
1143	2951
1143	2952
2952	1141
2952	1142
1146	1144
1146	1145
872	2953
872	2955
2955	2954
2955	2956
2956	1147
2956	874
1149	2957
1149	2959
2959	2958
2959	2960
2960	1145
2960	1148
1152	2961
1152	2964
2964	2962
2964	2965
2965	2963
2965	2966
2966	1150
2966	1151
1155	2967
1155	2968
2968	1153
2968	1154
881	1156
881	883
1158	2969
1158	2970
2970	1154
2970	1157
1161	1159
1161	1160
1164	1162
1164	1163
1167	1165
1167	1166
884	1168
884	886
1170	1166
1170	1169
1173	2971
1173	2973
2973	2972
2973	2974
2974	1171
2974	1172
887	1174
887	889
1176	2975
1176	2977
2977	2976
2977	2978
2978	1172
2978	1175
890	1177
890	892
1179	2979
1179	2980
2980	1175
2980	1178
1182	2981
1182	2982
2982	1180
2982	1181
1185	2983
1185	2984
2984	1183
2984	1184
905	2985
905	2986
2986	1186
2986	907
908	1184
908	910
2988	2987
2988	2989
2989	1181
2989	2990
914	2989
914	2991
2991	2990
2991	916
2992	1178
2992	2993
2994	2993
2994	2995
2996	2995
2996	2997
1188	2997
1188	1187
1191	2998
1191	2999
2999	1189
2999	1190
917	1192
917	919
1194	1190
1194	1193
923	3000
923	3002
3002	3001
3002	3003
3003	1195
3003	925
1197	3004
1197	3006
3006	3005
3006	3007
3007	1193
3007	1196
1200	1198
1200	1199
1203	3008
1203	3010
3010	3009
3010	3011
3011	1201
3011	1202
938	3012
938	3014
3014	3013
3014	3015
3015	1204
3015	940
1206	1202
1206	1205
941	3016
941	3017
3017	1207
3017	943
1209	1205
1209	1208
1212	3018
1212	3019
3019	1210
3019	1211
1215	3020
1215	3021
3021	1213
3021	1214
3022	1216
3022	3023
3024	3023
3024	3025
1218	3025
1218	1217
1221	3026
1221	3028
3028	3027
3028	3029
3029	1219
3029	1220
956	3030
956	3032
3032	3031
3032	3033
3033	1222
3033	958
959	1220
959	961
1224	3034
1224	3036
3036	3035
3036	3037
3037	1217
3037	1223
3038	1225
3038	3039
1227	3039
1227	1226
965	1228
965	967
1230	1226
1230	1229
1233	1231
1233	1232
971	3040
971	3041
3041	1234
3041	973
1236	3042
1236	3043
3043	1232
3043	1235
1239	3044
1239	3045
3045	1237
3045	1238
1242	3046
1242	3047
3047	1240
3047	1241
977	3048
977	3049
3049	1243
3049	979
1245	1241
1245	1244
1248	3050
1248	3051
3051	1246
3051	1247
986	3052
986	3053
3053	1249
3053	988
3054	1247
3054	3055
992	3055
992	994
1251	3056
1251	3057
3057	1244
3057	1250
3059	3058
3059	3060
3060	1252
3060	3061
1254	3060
1254	3062
3062	3061
3062	1253
3064	3063
3064	3065
3065	1255
3065	3066
1257	3065
1257	3067
3067	3066
3067	1256
1260	3068
1260	3071
3071	3069
3071	3072
3072	3070
3072	3073
3073	1258
3073	1259
995	1261
995	997
998	3074
998	3076
3076	3075
3076	3077
3077	1259
3077	1000
1263	3078
1263	3079
3079	1256
3079	1262
3080	1264
3080	3081
1266	3081
1266	1265
3083	3082
3083	3084
3084	1267
3084	3085
1001	3084
1001	3086
3086	3085
3086	1003
3088	3087
3088	3089
3089	1265
3089	3090
1269	3089
1269	3091
3091	3090
3091	1268
3092	1270
3092	3093
3094	3093
3094	3095
3096	3095
3096	3097
1028	3097
1028	1030
1272	3098
1272	3099
3099	1268
3099	1271
1275	3100
1275	3101
3101	1273
3101	1274
1034	3102
1034	3103
3103	1276
3103	1036
3104	1274
3104	3105
3106	3105
3106	3107
3108	3107
3108	3109
3110	3109
3110	3111
1271	3111
1271	1273
1278	3112
1278	3113
3113	1262
3113	1277
1281	1279
1281	1280
1284	1282
1284	1283
3114	1285
3114	3115
3116	3115
3116	3117
1287	3117
1287	1286
1037	1288
1037	1039
3118	1286
3118	3119
1290	3119
1290	1289
1043	1291
1043	1045
3120	1289
3120	3121
1208	3121
1208	1210
3122	1283
3122	3123
1211	3123
1211	1213
1293	1280
1293	1292
1296	3124
1296	3125
3125	1294
3125	1295
1214	3126
1214	3127
3127	1297
3127	1216
1299	3128
1299	3129
3129	1295
3129	1298
3131	3130
3131	3132
3132	1300
3132	3133
1302	3132
1302	3134
3134	3133
3134	1301
1223	3135
1223	3136
3136	1303
3136	1225
3137	1301
3137	3138
1305	3138
1305	1304
1253	3139
1253	3140
3140	1306
3140	1255
1298	3141
1298	3142
3142	1304
3142	1300
1277	3143
1277	3144
3144	1292
3144	1279
3145	1250
3145	3146
1238	3146
1238	1240
1229	1235
1229	1231
1046	3147
1046	3149
3149	3148
3149	3150
3150	1199
3150	1048
1052	3151
1052	3153
3153	3152
3153	3154
3154	1196
3154	1054
1308	3155
1308	3156
3156	1187
3156	1307
1055	1309
1055	1057
1058	1307
1058	1060
1311	3157
1311	3160
3160	3158
3160	3161
3161	3159
3161	3162
3162	1169
3162	1310
1314	3163
1314	3165
3165	3164
3165	3166
3166	1312
3166	1313
1317	3167
1317	3170
3170	3168
3170	3171
3171	3169
3171	3172
3172	1315
3172	1316
1061	1318
1061	1063
1064	3173
1064	3175
3175	3174
3175	3176
3176	1316
3176	1066
1320	1313
1320	1319
1323	1321
1323	1322
1070	1324
1070	1072
1326	3177
1326	3178
3178	1322
3178	1325
1329	3179
1329	3180
3180	1327
3180	1328
3181	1330
3181	3182
3183	3182
3183	3184
1332	3184
1332	1331
1335	3185
1335	3187
3187	3186
3187	3188
3188	1333
3188	1334
1338	3189
1338	3191
3191	3190
3191	3192
3192	1336
3192	1337
1341	3193
1341	3195
3195	3194
3195	3196
3196	1339
3196	1340
3197	1342
3197	3198
1344	3198
1344	1343
1073	1345
1073	1075
1088	1343
1088	1090
1091	3199
1091	3200
3200	1340
3200	1093
1347	1337
1347	1346
1094	1348
1094	1096
1350	1346
1350	1349
1353	1351
1353	1352
1100	1354
1100	1102
1356	3201
1356	3202
3202	1352
3202	1355
1359	3203
1359	3204
3204	1357
3204	1358
1362	1360
1362	1361
1106	3205
1106	3206
3206	1363
3206	1108
1365	3207
1365	3208
3208	1361
3208	1364
1368	3209
1368	3211
3211	3210
3211	3212
3212	1366
3212	1367
3214	3213
3214	3215
3215	1369
3215	3216
1371	3215
1371	3217
3217	3216
3217	1370
1115	3218
1115	3219
3219	1372
3219	1117
3220	1370
3220	3221
3222	3221
3222	3223
1118	3223
1118	1120
3224	1367
3224	3225
3226	3225
3226	3227
1374	3227
1374	1373
3229	3228
3229	3230
3230	1375
3230	3231
1377	3230
1377	3232
3232	3231
3232	1376
3233	1378
3233	3234
3235	3234
3235	3236
1380	3236
1380	1379
1121	3237
1121	3238
3238	1381
3238	1123
1383	3239
1383	3240
3240	1379
3240	1382
1386	3241
1386	3242
3242	1384
3242	1385
1133	3243
1133	3244
3244	1387
3244	1135
1389	3245
1389	3246
3246	1385
3246	1388
1392	3247
1392	3248
3248	1390
3248	1391
1395	1393
1395	1394
1398	3249
1398	3250
3250	1396
3250	1397
3251	1399
3251	3252
1136	3252
1136	1138
3253	1397
3253	3254
1139	3254
1139	1141
1401	3255
1401	3256
3256	1394
3256	1400
1404	3257
1404	3258
3258	1402
3258	1403
1407	3259
1407	3260
3260	1405
3260	1406
3262	3261
3262	3263
3263	1408
3263	3264
1151	3263
1151	3265
3265	3264
3265	1153
1410	3266
1410	3267
3267	1406
3267	1409
1413	3268
1413	3269
3269	1411
3269	1412
1416	3270
1416	3271
3271	1414
3271	1415
1157	3272
1157	3273
3273	1417
3273	1159
1160	1415
1160	1162
1328	3274
1328	3275
3275	1412
3275	1330
3277	3276
3277	3278
3278	1409
3278	3279
3280	3278
3280	3281
3281	3279
3281	3282
1331	3281
1331	3283
3283	3282
3283	1333
3284	1403
3284	3285
1419	3285
1419	1418
1422	3286
1422	3287
3287	1420
3287	1421
1425	1423
1425	1424
1428	1426
1428	1427
3288	1429
3288	3289
1334	3289
1334	1336
1431	1427
1431	1430
1349	3290
1349	3291
3291	1432
3291	1351
3293	3292
3293	3294
3294	1430
3294	3295
1434	3294
1434	3296
3296	3295
3296	1433
3297	1435
3297	3298
3299	3298
3299	3300
3301	3300
3301	3302
1355	3302
1355	1357
1437	3303
1437	3304
3304	1433
3304	1436
3306	3305
3306	3307
3307	1438
3307	3308
3309	3307
3309	3310
3310	3308
3310	3311
1373	3310
1373	3312
3312	3311
3312	1375
1440	3313
1440	3314
3314	1436
3314	1439
1443	3315
1443	3316
3316	1441
3316	1442
3317	1444
3317	3318
3319	3318
3319	3320
3321	3320
3321	3322
3323	3322
3323	3324
1446	3324
1446	1445
1376	1447
1376	1378
3325	1445
3325	3326
3327	3326
3327	3328
3329	3328
3329	3330
1449	3330
1449	1448
1391	1450
1391	1393
1452	3331
1452	3332
3332	1448
3332	1451
1400	1453
1400	1402
1418	3333
1418	3334
3334	1451
3334	1420
1421	3335
1421	3336
3336	1442
3336	1423
1424	1439
1424	1426
3337	1388
3337	3338
1382	3338
1382	1384
1358	1364
1358	1360
3339	1325
3339	3340
1163	3340
1163	1165
1310	1319
1310	1312
1142	1148
1142	1144
1004	1025
1004	1006
944	953
944	946
3344	3341
3344	3345
3345	3342
3345	3346
3346	3343
3346	3347
3347	786
3347	3348
783	3345
783	3349
3349	3346
3349	3350
3350	3347
3350	3351
3351	3348
3351	785
572	578
572	574
479	488
479	481
417	3352
417	3353
3353	423
3353	419
366	3354
366	3355
3355	375
3355	368
327	3356
327	3357
3357	336
3357	329
318	324
318	320
207	3358
207	3359
3359	213
3359	209
0	1507
0	1454
1454	1508
1454	1
3	1455
1455	5
1455	4
6	7
9	10
12	1460
12	13
15	1461
1461	16
16	17
18	19
19	1464
1464	20
21	1474
1474	1475
1474	22
24	1476
1476	25
27	1477
1477	1478
1478	1568
1478	29
27	28
30	1480
1480	1482
1480	1479
1479	1481
1479	31
33	1487
33	1484
1484	1486
1484	1483
1483	1485
1483	34
36	1490
1490	1489
1489	1500
1489	1488
1488	1499
1488	37
37	38
39	1504
1504	41
1504	1503
1503	1506
1503	1502
1502	1505
1502	40
42	3372
3372	44
3372	1514
3372	43
3372	1513
3372	42
45	1515
1515	1516
1515	46
48	1517
1517	1518
1518	50
1517	49
51	1520
51	1519
1519	52
54	1521
1521	1522
1522	56
1521	55
57	1523
1523	1524
1523	58
60	1530
1530	62
1530	61
63	1532
1532	65
1532	64
66	67
69	1537
69	70
72	1538
1538	1686
1538	73
73	1539
1539	74
75	1541
75	1540
1540	76
78	1543
1543	80
78	79
81	1545
81	1544
1544	82
84	1553
84	85
87	1554
1554	88
90	91
91	1559
1559	1570
1559	1560
1560	1569
1560	1561
1561	92
93	1564
1564	1563
1563	1565
1563	1562
1562	95
1562	94
3373	3376
3375	3378
3375	3379
3376	3379
3376	3380
3377	3380
3379	3381
3380	3381
96	3377
3377	3376
3376	1704
3376	3373
3373	98
3373	1582
3373	3375
3375	3374
3374	1581
3374	1580
3374	3378
3378	1577
1577	97
3378	3381
3381	1578
3381	3380
3380	1579
3380	3377
3377	96
3382	3385
3383	3385
3383	3386
99	3386
3386	3383
3383	1708
3383	3382
3382	101
3382	1588
3382	1587
3382	3384
3384	1586
3384	3387
3387	1583
1583	100
3387	1584
3387	3385
3385	3386
3386	1585
3386	99
3387	3384
102	1591
1591	1593
1591	1590
1590	1592
1590	1589
1589	103
105	1599
1599	1598
1598	1600
1600	107
1598	106
108	1601
1601	109
111	1604
111	112
114	1605
1605	115
117	1608
1608	119
117	118
120	1610
120	1609
1609	121
123	1611
1611	1612
1611	124
126	127
127	1619
1619	128
129	1620
1620	131
1620	130
132	133
135	136
138	139
139	1623
1623	1627
1623	140
141	1624
1624	143
1624	142
144	1630
1630	1632
1630	1629
1629	1631
1629	145
147	1636
147	1634
1634	1635
1634	1633
1633	148
3389	3391
3389	3392
3390	3392
150	3390
3390	3389
3389	1810
3389	3388
3388	152
3388	1640
3388	3391
3391	1639
3391	3392
3392	1637
1637	151
3392	1638
3392	3390
3390	150
153	1642
1642	155
1642	1641
1641	154
156	1643
156	157
159	1644
1644	161
1644	160
162	1652
1652	1653
1652	163
165	166
166	167
168	169
171	172
174	175
177	178
178	1667
1667	1696
1667	1668
1668	1695
1668	179
180	1670
1670	1672
1670	1669
1669	1671
1669	181
183	1682
1682	3394
3394	185
3394	1684
3394	3393
3393	1683
3393	1681
1681	184
3393	1682
3393	3394
186	1700
1700	1702
1700	1699
1699	1701
1699	1698
1698	187
189	1705
1705	1706
1706	1709
1706	191
189	190
192	1712
1712	3396
3396	1852
3396	1853
3396	3395
3395	1713
1713	194
3395	193
3395	1711
3395	3396
3396	1712
195	1717
1717	3397
3397	1865
3397	1719
1719	197
3397	1718
3397	196
3397	1717
198	1725
1725	1724
1724	1728
1724	199
199	200
201	1731
1731	1733
1731	1730
1730	1732
1730	202
3399	3402
3400	3402
3400	3403
204	3398
3398	3400
3400	3399
3399	1902
3399	3401
3401	1903
3401	1738
1738	206
3401	3402
3402	1737
3402	3403
3403	1736
3403	3404
3404	205
3404	1734
3404	3400
3400	1735
3400	3398
3398	204
3404	3403
207	1741
1741	209
1741	1740
1740	1742
1740	1739
1739	208
210	1743
1743	1744
1744	212
1743	211
213	1749
1749	1750
1750	215
213	1747
1747	1748
1747	214
216	1753
1753	1752
1752	1756
1752	1751
1751	1755
1751	217
217	1754
217	218
219	1761
1761	1760
1760	1764
1760	1759
1759	221
1759	1758
1758	1762
1758	220
222	1767
1767	1769
1767	1766
1766	1768
1766	223
225	1771
1771	1773
1771	1770
1770	1772
1770	226
226	227
228	1777
1777	1776
1776	1778
1776	1775
1775	229
231	1780
231	232
234	1787
1787	235
237	238
238	1788
1788	1931
1788	239
240	1790
240	1789
1789	241
243	1791
1791	3405
3405	245
3405	1792
3405	1791
1791	244
246	1793
1793	1794
1793	247
249	1800
1800	251
1800	250
252	1802
1802	253
255	256
258	259
259	260
261	262
262	1803
1803	1968
1803	1804
1804	263
264	1806
1806	1808
1806	1805
1805	1807
1805	265
267	268
270	1819
1819	272
270	271
273	1823
1823	1824
1823	274
276	277
277	278
279	1831
1831	280
282	283
285	286
286	287
288	1839
1839	1840
1839	289
291	3406
3406	1849
1849	1854
1849	1850
1850	293
3406	1848
3406	1847
1847	292
3406	291
294	1857
1857	1856
1856	296
1856	295
297	1858
1858	1859
1859	299
297	298
300	1861
1861	3408
3408	3407
3407	302
3407	1863
3407	3408
3408	1862
3408	1860
1860	301
3408	1861
303	3409
3409	2054
3409	1870
1870	305
3409	1869
3409	1868
3409	1867
1867	304
3409	303
306	1873
1873	3410
3410	308
3410	1875
3410	1874
3410	1871
1871	307
3410	1872
3410	1873
309	1877
1877	1876
1876	1882
1876	310
310	311
3411	3415
3412	3415
3412	3416
3412	3417
3413	3417
312	3413
3413	3412
3412	2082
3412	3411
3411	2083
3411	3414
3414	314
3414	1888
3414	3415
3415	1887
3415	3416
3416	1886
3416	3418
3418	313
3418	1884
3418	3417
3417	1885
3417	3413
3413	312
3418	3416
315	1891
1891	3419
3419	2109
3419	3420
3420	317
3420	1893
3420	3421
3421	1892
3421	1889
1889	316
3421	1890
3421	3420
3420	3419
3419	1891
318	1895
1895	1896
1895	1894
1894	319
321	3422
3422	1900
1900	323
3422	1899
3422	1897
1897	1898
1897	322
3422	321
324	1905
1905	1906
1905	325
327	1910
1910	329
1910	328
330	1911
330	331
333	1912
1912	334
336	1915
1915	338
336	337
339	1918
339	1916
1916	1917
1916	340
342	1920
1920	1921
1920	1919
1919	343
345	1925
1925	1926
1925	346
348	1927
1927	349
351	1928
1928	1929
1929	1932
1929	353
351	352
354	1937
354	3423
3423	1936
3423	1934
1934	355
3423	1935
3423	354
357	1942
357	1939
1939	1941
1939	1938
1938	1940
1938	358
360	1945
1945	1944
1944	2137
1944	1943
1943	362
1943	361
363	1946
1946	1947
1947	2141
1947	365
363	364
366	1949
1949	368
1949	1948
1948	367
369	1950
369	370
372	1951
1951	374
1951	373
375	1960
1960	377
375	376
378	3424
3424	1966
1966	1969
1966	380
3424	1965
3424	1964
1964	379
3424	378
381	1972
1972	1971
1971	2155
1971	382
382	383
384	1973
1973	386
384	385
387	1975
387	1974
1974	388
390	1979
1979	1980
1979	391
393	1981
1981	395
1981	394
396	397
399	1982
1982	1983
1983	401
399	400
402	1985
1985	1988
1985	1984
1984	404
1984	403
405	1991
1991	1992
1991	1990
1990	406
408	3426
3426	3425
3425	410
3425	2001
3425	3426
3426	2000
3426	1999
1999	409
3426	408
411	2007
2007	3427
3427	413
3427	2008
3427	412
3427	2006
3427	2007
414	2009
2009	415
415	416
417	2019
2019	419
2019	418
420	2020
2020	422
420	421
423	2025
2025	425
423	2023
2023	2024
2023	424
426	2029
426	2027
2027	2028
2027	2026
2026	427
429	2031
2031	3428
3428	431
3428	2032
3428	2030
2030	430
3428	2031
432	3430
3430	3429
3429	2216
3429	2035
2035	434
3429	3430
3430	2034
3430	2033
2033	433
3430	432
435	2037
2037	2038
2037	2036
2036	436
438	2039
2039	2040
2039	439
441	2043
441	2041
2041	2042
2041	442
444	2045
2045	2046
2045	2044
2044	445
447	2052
447	2050
2050	2051
2050	448
450	2057
2057	2058
2058	452
450	451
453	2064
2064	3431
3431	2066
2066	455
3431	2065
3431	2063
2063	454
3431	2064
456	2068
2068	3432
3432	2074
3432	458
3432	2069
3432	2067
2067	457
3432	2068
459	2077
2077	2076
2076	2282
2076	460
460	461
462	2078
2078	2079
2079	2084
2079	2080
2080	464
462	463
465	2087
2087	2086
2086	2088
2088	467
2086	466
468	3360
3360	3361
3361	2302
3361	472
472	470
468	2089
2089	471
2089	469
473	472
472	3361
3361	2330
3361	3360
3360	2331
3360	475
3360	471
471	474
476	2092
476	477
479	2093
2093	480
482	483
483	2094
2094	2110
2094	2095
2095	484
485	2097
2097	2099
2097	2096
2096	2098
2096	486
488	2116
488	2113
2113	2115
2113	2112
2112	2114
2112	489
491	2119
2119	493
2119	2118
2118	2120
2118	2117
2117	492
494	2121
2121	496
2121	495
497	2123
2123	499
2123	498
500	501
503	504
506	507
509	510
510	2126
2126	511
512	2127
2127	2128
2127	513
515	2129
2129	516
518	519
519	520
521	522
522	2130
2130	2142
2130	2131
2131	523
524	2133
2133	3433
3433	2138
3433	2135
2135	526
3433	2134
3433	2132
2132	525
3433	2133
527	2145
2145	2384
2145	2144
2144	529
2144	528
530	2148
2148	2149
2149	532
530	531
533	2151
2151	2153
2153	535
2151	2150
2150	2152
2150	534
536	2159
2159	2391
2159	537
537	2160
2160	2392
2160	538
539	3434
3434	2163
2163	541
3434	2162
3434	2161
2161	540
3434	539
542	2165
2165	2166
2165	2164
2164	543
545	2167
2167	547
2167	546
548	2170
548	2169
2169	549
551	2174
2174	3435
3435	553
3435	552
3435	2174
554	555
557	558
560	561
561	2175
2175	562
563	564
566	567
569	2191
2191	2192
2192	571
569	570
572	2194
2194	2195
2194	2193
2193	573
575	2197
575	2196
2196	576
578	579
581	582
584	585
585	2203
2203	2205
2203	586
587	2208
2208	3364
2208	2207
2207	3365
2207	588
588	3366
588	2209
2209	2210
2210	799
2210	589
590	2214
590	2212
2212	2213
2212	2211
2211	591
593	594
594	2221
2221	2508
2221	2222
2222	595
596	2230
596	2228
2228	2229
2228	2227
2227	597
599	2232
2232	2235
2232	2231
2231	3436
3436	601
3436	2233
3436	2231
2231	600
602	2234
2234	603
605	606
608	2238
2238	2239
2238	2237
2237	609
611	2241
611	2240
2240	612
614	2242
2242	616
2242	615
617	2247
617	618
620	2248
2248	621
623	2249
2249	2250
2250	625
623	624
626	2252
2252	3437
3437	628
3437	2254
3437	2253
3437	2251
2251	627
3437	2252
629	2260
2260	2261
2260	2259
2259	630
632	2264
632	2262
2262	2263
2262	633
635	2266
2266	3438
3438	2269
3438	2267
2267	637
3438	636
3438	2265
3438	2266
638	2272
2272	3439
3439	2274
2274	640
3439	2273
3439	2271
2271	639
3439	2272
641	2276
2276	2275
2275	2583
2275	642
642	643
644	2279
2279	2280
2280	2283
2280	646
644	645
3440	3443
3441	3443
3441	3444
3444	3445
647	3444
3444	3441
3441	2306
3441	3440
3440	2305
3440	2289
2289	649
3440	3442
3442	2288
3442	3443
3443	2287
3443	3445
3445	648
3445	2285
3445	2286
3445	3444
3444	647
650	2292
2292	652
2292	2291
2291	2293
2291	2290
2290	651
653	2294
2294	2295
2295	655
2294	654
656	2300
2300	658
656	2299
656	2298
2298	657
659	2315
2315	2314
2314	661
2314	2316
2314	2313
2313	660
662	2317
2317	2318
2317	663
665	2319
2319	667
2319	666
668	2320
668	669
671	2321
2321	672
674	2322
2322	2323
2323	2638
2323	676
674	675
677	3446
3446	681
681	679
3446	3362
3446	680
3446	2324
2324	678
3446	2325
3446	677
682	681
681	2328
681	3362
3362	2327
3362	680
680	2326
680	683
685	2336
685	2335
2335	686
688	2340
2340	2341
2340	689
691	2342
2342	2343
2343	693
2342	692
694	2349
2349	2350
2350	696
2349	695
697	2351
2351	2352
2352	699
2351	698
700	2353
2353	2354
2353	701
703	2362
2362	704
704	705
706	2370
706	2368
2368	2369
2368	707
709	2372
2372	2374
2372	2371
2371	2373
2371	710
712	2376
2376	2662
2376	2375
2375	714
2375	713
715	716
718	2377
718	719
721	2379
2379	723
721	722
724	3447
3447	728
728	2672
728	726
3447	3363
3447	727
3447	2380
2380	725
3447	724
729	728
728	3448
3448	731
3448	2382
3448	727
727	2381
727	730
3448	3363
3448	728
732	2386
2386	734
2386	733
735	2387
2387	2388
2388	2394
2388	2389
2389	2393
2389	737
735	736
738	2398
2398	2695
2398	2397
2397	2696
2397	2396
2396	740
2396	739
741	2399
2399	743
741	742
744	2401
744	2400
2400	745
747	748
748	2409
2409	749
750	2413
2413	751
753	754
756	757
757	2424
2424	758
759	2425
2425	760
760	761
762	2434
762	2433
2433	763
765	3449
3449	767
3449	2436
3449	2435
2435	766
3449	765
768	3450
3450	2439
2439	770
3450	2438
3450	2437
2437	769
3450	768
771	2441
2441	2449
2441	2440
2440	2448
2440	772
772	773
774	2453
2453	2452
2452	2768
2452	2451
2451	2769
2451	775
775	776
777	778
778	2454
2454	2456
2454	779
780	2459
2459	3369
2459	2458
2458	3451
3451	3370
3451	2460
2460	3371
2460	2461
2461	1024
2461	782
3451	781
3451	2458
783	2463
2463	3350
2463	2462
2462	3351
2462	784
784	2464
2464	785
786	2468
2468	787
787	2469
2469	3342
2469	2470
2470	3341
2470	788
789	2472
2472	2785
2472	2471
2471	791
2471	790
792	2477
2477	2478
2478	2803
2478	794
792	793
795	3453
3453	3452
3452	2481
3452	799
799	797
3452	3366
3452	3453
3453	3365
3453	3364
3453	3454
3454	2479
2479	798
2479	796
3454	2480
3454	795
3454	3453
800	2488
2488	2815
2488	2487
2487	802
2487	801
803	804
804	2493
2493	2837
2493	2494
2494	805
806	2496
2496	2495
2495	2849
2495	807
807	808
809	810
810	2501
2501	2853
2501	2502
2502	811
812	2506
812	2504
2504	2505
2504	2503
2503	813
815	816
816	817
818	819
821	822
824	825
825	826
827	828
830	2517
830	2516
2516	831
833	2521
2521	3455
3455	2913
3455	2523
2523	835
3455	2522
3455	2521
2521	834
836	2525
2525	2527
2525	2524
2524	2526
2524	837
839	2529
2529	2528
2528	3456
3456	841
3456	840
3456	2528
842	843
845	846
848	2544
848	849
851	852
854	855
855	856
857	2572
857	2571
2571	858
860	2574
2574	2575
2575	2941
2575	2576
2576	2942
2576	862
860	861
3458	3460
863	2579
2579	3457
3457	2585
3457	3458
3458	3459
3459	2584
3459	865
3459	2581
3459	2580
3459	3460
3460	864
3460	2577
3460	3458
3458	2578
3458	3457
3457	2579
866	2589
2589	2592
2589	3461
3461	868
3461	2590
3461	2587
2587	867
3461	2588
3461	2589
869	2595
2595	2596
2595	2594
2594	871
2594	870
872	2603
2603	2602
2602	2956
2602	873
873	874
875	876
876	2604
2604	2608
2604	877
878	2605
2605	2606
2605	879
881	2611
2611	2612
2611	2610
2610	882
884	2616
2616	2617
2616	885
887	2618
2618	888
890	2619
890	891
893	2626
2626	894
896	2630
2630	2631
2631	898
896	2629
896	897
899	2634
2634	2636
2634	2633
2633	2635
2633	2632
2632	900
902	2640
2640	904
2640	903
905	2644
2644	907
2644	906
908	909
911	912
914	915
915	2647
2647	916
917	2648
2648	918
920	921
923	2649
2649	2650
2650	3003
2650	2651
2651	925
923	924
926	2654
2654	2656
2656	928
2654	2653
2653	2655
2653	2652
2652	927
929	2658
2658	3462
3462	2660
2660	931
3462	2659
3462	2657
2657	930
3462	2658
932	2664
2664	934
2664	933
935	2668
2668	3463
3463	2673
3463	2670
2670	937
3463	2669
3463	2668
2668	936
938	2676
2676	3464
3464	3015
3464	940
3464	2677
3464	939
3464	2675
3464	2676
941	2680
2680	943
941	2679
941	2678
2678	942
944	2682
2682	2683
2682	2681
2681	945
947	2684
2684	3465
3465	2697
3465	2686
2686	949
3465	2685
3465	2684
2684	948
950	2688
2688	3466
3466	2692
3466	3467
3467	2691
3467	3468
3468	952
3468	2689
3468	951
3468	2687
3468	3467
3467	3466
3466	2688
953	2702
953	2700
2700	2701
2700	2699
2699	954
956	2704
2704	3033
2704	2703
2703	958
2703	957
959	960
962	963
963	2705
2705	964
965	2709
965	2708
2708	966
968	2713
2713	2714
2714	970
2713	969
971	2717
2717	973
2717	972
974	975
977	978
978	979
980	2732
980	981
983	2733
2733	984
984	985
986	987
987	988
989	2738
989	990
992	2742
992	993
995	2743
2743	996
998	2744
2744	2745
2745	3077
2745	1000
998	999
1001	3469
3469	2750
2750	1003
3469	2749
3469	2746
2746	2748
2746	1002
3469	2747
3469	1001
1004	2753
2753	2756
2753	3470
3470	2755
3470	2752
2752	2751
2751	2754
2751	1005
3470	2753
1007	1011
1007	2759
2759	3367
2759	2758
2758	1010
2758	2757
2757	1008
1012	1011
1011	1014
1011	3367
3367	2761
3367	1010
1010	2760
1010	1013
3472	3473
3472	3474
3473	3476
3474	3476
3476	3477
1015	3471
3471	3368
3471	3473
3473	3475
3475	1018
3475	3477
3477	1017
3477	2766
3477	2765
3477	3476
3476	2764
3476	3474
3474	1016
3474	2762
3474	3472
3472	2763
3472	3471
3471	1015
1020	3478
3478	3479
3479	1022
3479	1024
3479	3371
3479	3478
3478	3480
3480	3370
3480	3481
3481	3482
3482	3369
3482	1018
1018	1023
1018	1021
3482	3368
3482	3481
3481	1019
3481	3480
3480	3478
3478	1020
1025	2772
1025	1026
1028	2773
2773	1029
1031	2782
2782	2783
2783	2786
2783	1033
1031	1032
1034	2789
2789	3483
3483	1036
3483	2791
3483	2790
3483	2788
2788	1035
3483	2789
1037	2793
2793	2794
2793	2792
2792	1038
1040	2795
2795	2796
2796	3484
3484	2804
3484	2797
2797	1042
3484	2796
2795	1041
1043	2807
2807	2809
2807	2806
2806	2808
2806	1044
1046	2811
2811	3150
2811	2810
2810	1048
2810	1047
1049	2812
2812	2813
2813	2816
2813	1051
1049	1050
1052	2819
2819	3485
3485	3154
3485	2820
2820	1054
3485	1053
3485	2818
3485	2819
1055	2821
2821	2822
2821	1056
1058	2825
1058	2824
1058	2823
2823	1059
1061	2827
2827	2828
2827	2826
2826	1062
3487	3488
1064	3487
3487	3486
3486	3176
3486	2831
2831	1066
3486	2830
3486	3488
3488	1065
3488	2829
3488	3487
3487	1064
1067	2835
1067	2833
2833	2834
2833	2832
2832	1068
1070	2838
1070	1071
1073	2839
2839	1074
1076	2840
2840	1078
1076	1077
1079	3489
3489	2857
3489	2843
2843	1081
3489	2842
3489	2841
2841	1080
3489	1079
1082	2847
1082	2845
2845	2846
2845	2844
2844	1083
1085	2850
2850	2851
2851	2854
2851	1087
1085	1086
1088	2860
1088	2859
2859	1089
1091	3490
3490	2866
2866	1093
3490	2865
3490	2864
2864	1092
3490	1091
1094	2868
2868	2870
2868	2867
2867	2869
2867	1095
1097	2872
2872	3491
3491	2878
3491	2873
2873	1099
3491	2871
2871	1098
3491	2872
1100	2881
2881	2883
2881	2880
2880	2882
2880	1101
1103	2885
2885	2892
2885	2884
2884	1105
2884	1104
1106	3492
3492	2897
2897	1108
3492	2896
3492	2894
2894	1107
3492	2895
3492	1106
1109	2899
2899	2898
2898	2906
2898	1110
1110	1111
1112	2909
2909	2911
2909	2908
2908	2910
2908	1113
1115	1116
1116	2922
2922	1117
1118	2926
2926	2927
2926	1119
1121	2928
2928	1122
1122	1123
1124	1125
1127	1128
1130	2937
2937	2938
2938	2943
2938	2939
2939	1132
1130	1131
1133	2946
2946	3493
3493	1135
3493	2947
3493	2945
2945	1134
3493	2946
1136	2948
2948	1137
1139	2951
1139	1140
1142	2952
2952	1143
1145	1146
1146	2953
2953	2957
2953	2954
2954	1147
1148	2963
1148	2960
2960	2962
2960	2959
2959	2961
2959	1149
1151	2966
2966	2965
2965	1153
2965	2967
2965	2964
2964	1152
1154	2968
2968	1156
2968	1155
1157	2970
2970	1159
2970	1158
1160	1161
1163	1164
1166	1167
1169	1170
1170	2971
2971	3158
2971	2972
2972	3157
2972	1171
1172	2974
2974	2973
2973	2975
2973	1173
1173	1174
1175	2978
2978	2977
2977	1177
2977	1176
1178	2981
1178	2980
2980	1179
1181	2982
2982	3494
3494	1183
3494	2983
3494	2982
2982	1182
1184	2984
2984	2985
2984	1185
1187	1188
1188	2998
2998	1189
1190	2999
2999	1191
1193	3000
3000	3001
3001	3004
3001	1195
1193	1194
1196	3007
3007	3151
3007	3006
3006	1198
3006	1197
1199	3008
3008	3009
3009	3147
3009	1201
1199	1200
1202	3011
3011	3013
3011	3010
3010	3012
3010	1203
1205	3016
1205	1206
1208	3018
1208	1209
1211	3020
1211	3019
3019	1212
1214	3021
3021	1215
1215	1216
1217	3026
3026	3027
3027	3034
3027	1219
1217	1218
1220	3029
3029	3031
3029	3028
3028	3030
3028	1221
1223	3037
3037	3036
3036	1225
3036	1224
1226	1227
1229	1230
1232	3040
3040	1234
1232	1233
1235	3044
1235	3043
3043	1236
1238	3046
1238	3045
3045	1239
1241	3047
3047	3048
3047	1242
1244	1245
1245	3050
3050	1246
1247	3051
3051	3052
3051	1248
1250	3057
3057	3058
3057	1251
1253	3062
3062	3063
3063	1255
3062	1254
1256	3495
3495	3069
3069	3070
3070	1258
3495	3068
3495	3067
3067	1257
3495	1256
1259	3073
3073	3072
3072	3074
3072	3071
3071	1261
3071	1260
1262	3079
3079	1264
3079	1263
1265	3082
3082	1267
1265	1266
1268	3091
3091	1270
3091	1269
1271	3100
1271	3099
3099	1272
1274	3101
3101	3102
3101	1275
1277	3113
3113	1279
3113	1278
1280	1281
1283	1284
1286	1287
1289	1290
1292	3124
3124	1294
1292	1293
1295	3125
3125	3126
3126	1297
3125	1296
1298	3129
3129	3130
3130	1300
3129	1299
1301	3135
1301	3134
3134	1302
1304	1305
1305	3139
3139	1306
1307	3156
3156	1308
1310	3162
3162	3164
3162	3161
3161	3163
3161	3160
3160	1311
1313	3169
1313	3166
3166	3168
3166	3165
3165	3167
3165	1314
1316	3172
3172	3171
3171	3173
3171	3170
3170	1318
3170	1317
1319	1320
1322	1323
1323	1324
1325	3179
1325	3178
3178	1326
1328	3180
3180	1329
1329	1330
1331	3185
3185	3186
3186	1333
1331	1332
1334	3190
1334	3188
3188	3189
3188	3187
3187	1335
1337	3192
3192	3194
3192	3191
3191	3193
3191	1338
1340	3196
3196	3195
3195	1342
3195	1341
1343	1344
1346	1347
1349	1350
1350	1351
1352	1353
1353	1354
1355	3203
1355	3202
3202	1356
1358	3204
3204	1359
1361	3205
3205	1363
1361	1362
1364	3210
1364	3209
1364	3208
3208	1365
1367	3212
3212	3213
3212	3211
3211	1368
1370	3218
1370	3217
3217	1371
1373	1374
1374	3228
3228	1375
1376	3232
3232	1377
1379	1380
1380	3237
3237	1381
1382	3240
3240	3241
3240	1383
1385	3242
3242	3243
3243	1387
3242	1386
1388	3246
3246	3247
3246	1389
1391	3248
3248	1392
1394	1395
1395	3249
3249	1396
1397	3250
3250	1398
1400	3257
1400	3256
3256	1401
1403	3258
3258	3259
3258	1404
1406	3260
3260	3261
3261	1408
3260	1407
1409	3267
3267	3268
3268	1411
3267	1410
1412	3269
3269	3270
3270	1414
3269	1413
1415	3271
3271	3272
3271	1416
1418	1419
1419	3286
3286	1420
1421	3287
3287	1423
3287	1422
1424	1425
1427	1428
1430	1431
1431	3290
3290	1432
1433	3296
3296	1434
1434	1435
1436	3304
3304	3305
3305	1438
3304	1437
1439	3314
3314	3315
3314	1440
1442	3316
3316	1444
3316	1443
1445	1446
1448	1449
1449	1450
1451	3332
3332	1452
1452	1453
34	1491
3497	3500
3498	3500
3500	1495
1495	1468
1468	1465
1465	19
19	3496
3496	3498
3496	1456
1456	10
10	3497
10	7
7	1497
1497	3500
1497	1495
7	4
4	0
3496	1462
1462	1458
1462	13
1462	16
3496	19
1495	1493
1493	1471
1493	1491
1491	22
1491	25
1491	31
31	28
1491	34
58	1510
1510	1
1510	41
58	43
58	46
58	55
55	52
52	49
59	5
61	3502
3502	3501
3501	8
3501	57
3501	56
3501	1527
3501	3502
3502	61
67	3504
3504	1459
1459	12
3504	1457
3504	3503
3503	62
62	11
3503	64
3503	67
3503	3504
76	3505
3505	14
3505	1535
1535	1534
1535	68
3505	70
3505	73
3505	76
82	3506
3506	1463
3506	17
3506	77
3506	79
3506	82
3515	3516
3508	3516
3509	3516
3516	3517
3510	3517
3517	3518
3511	3518
3518	3519
3512	3519
3513	3519
3513	3514
3521	3522
3515	3522
3516	3522
3522	3523
3517	3523
3518	3523
3519	3523
3519	3520
3521	3524
3522	3524
3523	3524
3521	1467
1467	1470
1470	3520
1470	1473
1473	3514
1473	21
21	3507
21	1555
1555	3513
1555	88
88	3512
88	85
85	3511
85	1551
1551	3510
1551	1549
1549	3509
1549	3508
1549	1547
1547	83
83	3515
83	20
20	3521
20	1467
94	1557
1557	1556
1556	23
1557	89
94	91
95	26
3526	3528
3528	3529
3527	3529
3530	3531
3528	3531
3531	112
112	1602
1602	3525
1602	109
109	106
106	1594
1594	3527
1594	103
103	3526
103	97
97	1572
1572	3528
1572	92
92	3530
92	93
93	3532
3532	115
115	3531
115	112
3532	30
3532	29
3532	93
103	100
116	32
36	114
3533	3537
3535	3539
3539	3536
3536	3537
3536	3540
3540	3541
3543	3544
3538	3544
3539	3544
3539	3540
3540	3545
3545	3546
3541	3546
3543	3549
3544	3549
3544	3545
3545	3550
3546	3550
3548	3550
3549	3550
3548	1512
1512	3547
1512	42
42	1613
1613	3546
1613	3542
1613	124
124	121
121	3537
3537	3541
121	3534
121	118
118	1606
1606	3533
1606	3535
1606	113
113	3538
3538	3539
113	114
114	3543
114	36
36	3548
3548	3549
36	39
39	1512
40	3552
3552	1498
3552	1496
3552	1494
3552	3551
3551	1492
3551	38
3551	40
3551	3552
3556	3557
3554	3557
3557	45
45	142
142	3553
3553	136
136	3554
136	133
133	1617
1617	3556
1617	125
125	1615
1615	3557
1615	44
44	45
133	130
130	127
3553	1621
3553	139
3553	142
143	47
160	3558
3558	3559
3559	1647
3559	140
140	141
141	1649
141	50
50	51
3559	145
3559	3558
3558	148
3558	154
154	151
3558	157
3558	160
3560	3563
3563	60
60	63
63	163
163	3560
163	161
161	1646
1646	1648
1648	3563
1648	1650
1650	3562
3562	1529
1529	60
3562	54
3562	53
3562	1650
69	3565
3565	3566
3566	66
3566	65
3566	164
3566	1655
3566	3565
3565	3564
3564	166
3564	1657
3564	169
3564	3565
3565	69
3568	3569
3568	3571
3571	3572
3569	3572
3572	1677
1677	1673
1673	1661
1661	1659
1659	3567
3567	3569
1659	175
175	172
172	3568
172	170
170	71
71	3571
71	72
72	3572
72	184
184	1677
1673	1663
1673	181
181	1665
181	178
78	74
78	185
3575	3576
3576	1691
1691	1689
1689	182
182	1676
1676	3574
3574	3575
3574	3577
3577	1548
1548	1550
1550	3576
1550	1552
1552	1693
1693	1691
1552	84
3577	81
3577	80
3577	1680
1680	183
3577	3574
3574	1676
3580	3581
3581	3579
3583	3584
3580	3584
3584	3585
3585	3586
3581	3586
3586	3582
3583	3588
3588	3589
3584	3589
3589	3590
3585	3590
3590	3591
3586	3591
3591	3587
3588	3593
3593	3594
3589	3594
3594	3595
3590	3595
3591	3595
3595	3592
3592	90
90	1576
1576	3582
1576	3579
1576	96
96	187
187	3578
187	179
179	3580
179	3583
179	180
180	1690
1690	1692
1692	3588
1692	1694
1694	3593
1694	86
86	3594
86	87
87	3595
87	1558
1558	3592
1558	90
190	98
190	188
199	1720
1720	3597
3597	102
3597	3596
3596	101
3596	191
3596	193
3596	1714
3596	3597
3597	196
3597	1720
211	208
208	1597
208	205
205	202
202	1727
1727	104
202	200
217	214
214	107
214	212
117	220
220	218
218	1603
1603	111
218	110
226	223
223	119
223	221
126	3598
3598	123
3598	122
3598	229
229	227
3598	126
247	1784
1784	1781
1781	128
1781	232
232	230
247	244
244	241
241	235
241	238
248	131
250	3600
3600	134
3600	3599
3599	246
3599	245
3599	1797
3599	3600
3600	250
144	3601
3601	1622
3601	251
251	137
3601	253
3601	256
3601	144
257	146
265	149
265	255
265	259
259	254
265	262
274	3602
3602	152
3602	266
3602	1811
3602	3603
3603	1813
3603	3604
3604	1815
3604	3605
3605	1817
3605	268
3605	271
3605	1820
3605	3604
3604	3603
3603	274
3603	3602
275	155
162	1822
1822	158
1822	273
162	1656
1656	272
1656	165
171	3606
3606	1658
3606	269
269	167
269	270
3606	277
3606	1828
3606	171
278	1832
286	283
283	1834
1834	174
1834	1832
1832	1829
1829	173
1832	278
186	3611
3611	3610
3610	1666
3610	3609
3609	1664
3609	3608
3608	1662
3608	1660
3608	1837
1837	176
3608	287
3608	289
3608	1841
3608	3609
3609	3610
3610	1844
3610	3611
3611	3607
3607	292
3607	192
3607	186
186	189
3607	3611
3612	3614
3614	1716
1716	301
301	298
298	3612
298	295
295	293
293	3614
293	194
194	1716
1716	195
3617	3618
3615	3618
3618	1878
1878	307
307	304
304	3615
304	302
302	3617
302	197
197	1723
1723	3618
1723	198
198	1880
1880	1878
198	201
1878	310
322	1881
1881	203
322	1879
322	319
319	311
319	313
319	316
3622	3623
3619	3623
3623	3624
3620	3624
3622	3625
3625	3626
3623	3626
3625	3627
3627	334
334	3624
334	331
331	3621
331	328
328	1907
1907	325
325	3620
325	3619
325	323
323	206
206	207
207	3622
207	215
215	216
216	3625
216	219
219	3627
219	222
222	334
213	209
228	1913
1913	224
1913	335
228	231
3628	3634
3634	3635
3629	3635
3635	3636
3630	3636
3636	3637
3631	3637
3638	3633
3633	3634
3633	3639
3639	3640
3634	3640
3640	3641
3635	3641
3641	3642
3636	3642
3638	3643
3638	3639
3639	3644
3644	3645
3640	3645
3641	3645
3645	3646
3643	3647
3643	3644
3644	3648
3645	3648
3647	3648
3647	233
233	1783
1783	3646
1783	1786
1786	3642
1786	3637
1786	234
234	3632
234	349
349	346
346	3631
346	1922
1922	3630
1922	343
343	3629
343	3628
343	340
340	337
337	332
332	3638
332	333
333	3643
333	3647
333	1914
1914	233
352	350
350	236
373	3650
3650	3649
3649	1954
3649	3651
3651	1956
3651	353
353	239
239	240
3651	355
3651	3649
3649	358
3649	3650
3650	361
3650	364
3650	367
3650	370
3650	373
3654	3655
3652	3655
3655	258
258	374
374	1953
1953	3652
1953	1955
1955	3654
1955	1957
1957	243
243	1799
1799	249
249	3655
249	252
252	258
1957	242
379	3656
3656	260
3656	372
3656	1961
1961	376
376	371
3656	379
279	267
3661	3662
3657	3662
3662	279
279	397
397	394
394	391
391	3657
391	1976
1976	3660
3660	3661
3660	1818
1818	3662
1818	267
267	279
3660	1816
3660	3659
3659	1814
3659	1812
3659	385
385	263
263	264
385	382
382	380
3659	388
3659	3660
3660	1976
403	3663
3663	1833
1833	1835
1835	282
3663	281
3663	398
3663	400
3663	403
288	2014
2014	284
2014	3665
3665	1987
3665	3664
3664	1993
1993	406
406	404
3664	1996
3664	2012
2012	409
2012	2010
2010	2002
2010	412
2010	415
3664	2014
3664	3665
3668	3669
3666	3669
3669	3670
3670	294
294	416
416	2011
2011	3666
2011	2013
2013	3668
2013	2015
2015	290
290	1843
1843	3669
1843	1846
1846	3670
1846	291
291	294
421	418
418	296
418	414
418	413
303	3672
3672	299
3672	2047
2047	3671
3671	422
3671	424
3671	442
442	427
442	439
439	430
439	436
436	433
3671	445
3671	2047
3672	448
3672	303
457	454
454	2059
2059	3673
3673	306
3673	305
3673	3674
3674	449
3674	2055
3674	451
3674	2059
3674	3673
312	3676
3676	308
3676	2072
3676	3675
3675	458
3675	460
3675	463
3675	3676
3676	312
3680	3681
3677	3681
3679	3683
3683	3684
3680	3684
3681	3684
3684	486
486	480
480	477
477	3681
477	3678
477	2090
2090	474
474	3677
474	466
466	464
464	3679
3679	3680
464	314
314	315
315	2104
2104	3683
2104	2100
2100	3684
2100	486
474	469
486	483
326	2107
2107	317
326	1909
1909	2103
1909	487
1909	327
327	338
338	339
324	320
336	329
495	492
492	489
489	341
489	484
484	485
504	345
504	501
501	1924
501	498
498	496
496	344
351	354
354	508
508	347
506	2124
516	2124
2124	356
2124	506
516	513
513	510
525	522
522	359
522	517
522	519
526	362
377	2146
2146	365
2146	523
523	524
2146	528
377	1963
1963	531
1963	534
1963	381
1963	378
375	368
535	383
546	386
546	543
543	533
543	540
540	532
540	537
558	3685
3685	1978
3685	2171
2171	549
549	389
549	547
3685	552
3685	555
3685	558
561	559
559	392
399	562
562	395
405	3688
3688	401
3688	560
3688	3687
3687	557
3687	556
3687	564
3687	2179
3687	3688
3688	2181
3688	3686
3686	2183
3686	2189
2189	2187
2187	2185
2187	567
3686	3688
3688	405
576	3690
3690	1998
3690	3691
3691	1995
3691	2190
2190	407
3691	2188
3691	3689
3689	568
3689	570
3689	3690
3690	573
3690	576
3689	3691
417	3693
3693	2005
3693	2199
2199	579
579	410
579	577
3693	3692
3692	582
3692	426
3692	425
3692	3693
3693	417
423	419
585	2201
2201	428
2201	583
591	586
586	431
591	588
603	435
603	3695
3695	434
3695	592
3695	2217
3695	3694
3694	2219
3694	2223
2223	594
3694	597
3694	600
3694	603
3694	3695
607	437
605	441
605	440
615	3698
3698	3697
3697	444
3697	3696
3696	443
3696	602
3696	601
3696	609
3696	3697
3697	3698
3698	612
3698	615
450	616
616	3699
3699	447
3699	2049
3699	2244
2244	446
3699	616
3700	3702
3702	2255
2255	627
627	621
621	618
618	3700
618	613
613	614
614	3702
614	452
452	630
630	2255
452	2062
2062	633
2062	453
453	636
627	624
459	3704
3704	455
3704	637
3704	639
3704	3703
3703	2277
2277	642
3703	645
3703	459
3703	3704
465	461
465	646
465	651
651	648
465	654
657	467
657	655
3706	3710
3706	3707
3707	3711
3709	3712
3710	3712
3710	3711
3712	473
473	683
683	3708
683	678
678	672
672	3705
3705	3707
672	669
669	666
666	3706
666	663
663	660
660	3709
3709	3710
660	2308
2308	3712
2308	649
649	650
650	470
470	473
650	658
678	675
684	2091
2091	476
684	475
3713	3716
3716	3717
3719	3715
3715	3716
3715	3721
3721	3722
3716	3722
3722	3723
3717	3723
3723	3724
3719	3725
3725	3720
3720	3721
3720	3726
3726	3727
3721	3727
3727	3728
3722	3728
3728	3729
3723	3729
3725	3726
3726	3730
3730	3731
3727	3731
3728	3731
3731	491
491	2344
2344	3724
2344	692
692	689
689	3718
689	2337
2337	3717
2337	3714
2337	686
686	3713
686	679
679	682
682	3719
682	2333
2333	478
478	3725
478	479
479	3726
479	3730
479	490
490	3731
490	491
488	481
497	2346
2346	493
497	701
701	698
698	693
698	695
702	499
509	3733
3733	3732
3732	503
3732	502
3732	700
3732	699
3732	509
3732	3733
704	2359
2359	3734
3734	2365
3734	511
511	512
3734	697
3734	696
3734	2359
3737	3738
3735	3738
3738	719
719	716
716	713
713	710
710	3735
710	707
707	705
705	2364
2364	3737
2364	2366
2366	3739
3739	3738
3739	518
518	719
3739	515
3739	514
3739	2366
527	3740
3740	520
3740	720
3740	725
725	722
3740	730
3740	527
536	2147
536	736
736	529
736	733
733	731
745	538
745	742
742	737
742	739
3743	3744
3742	3745
3743	3745
3745	2414
2414	751
751	2410
2410	3741
2410	2407
2407	2405
2405	3743
2405	2403
2403	3742
2403	541
541	542
542	2416
2416	3745
2416	2414
2403	746
2410	748
548	3747
3747	2417
2417	544
3747	2415
3747	3746
3746	752
3746	2418
3746	754
3746	2426
2426	2420
2426	2422
2426	760
760	757
3746	2428
3746	3747
3747	548
761	3748
3748	2173
3748	3749
3749	550
3749	2429
3749	3748
3748	2427
3748	761
563	553
563	759
563	2446
2446	758
2446	763
2446	2444
2444	2442
2442	766
2442	769
2442	772
3752	3753
3751	3754
3754	3755
3752	3755
3755	2184
2184	2186
2186	566
566	3750
566	778
778	775
775	773
773	3751
3751	3752
773	2443
2443	2445
2445	3754
2445	2447
2447	2180
2180	2182
2182	3755
2182	2184
2447	565
566	569
3757	3758
3757	3759
3759	584
584	587
587	2475
2475	3756
2475	2473
2473	790
790	787
787	3757
787	2465
2465	3760
3760	3759
3760	2202
2202	584
3760	581
3760	2465
2465	2200
2465	3761
3761	580
3761	572
3761	571
3761	784
784	779
784	781
3761	2465
587	793
587	796
578	574
3763	3766
3766	2218
2218	3765
3765	2499
2499	3763
2499	2497
2497	3762
3762	2483
2483	797
797	589
589	3766
589	590
590	2218
3762	801
3762	2489
3762	2497
2497	2491
2497	807
807	804
3765	813
813	810
3765	593
3765	2220
3765	2218
822	2513
2513	2226
2513	2511
2511	595
2511	2509
2509	814
2509	819
819	816
608	823
823	598
608	825
608	828
617	829
829	610
826	2518
840	3768
3768	619
3768	3767
3767	827
3767	826
3767	2518
3767	3768
3768	834
3768	837
3768	840
841	622
849	3771
3771	3770
3770	2548
3770	3769
3769	839
839	626
839	625
3769	838
3769	2532
3769	2534
3769	3770
3770	2536
3770	3771
3771	2538
3771	846
846	2542
2542	2540
2542	843
3771	849
3772	3775
3775	3776
3773	3776
3776	2552
2552	850
850	2547
2547	3773
2547	2550
2550	3772
2550	628
628	2258
2258	3775
2258	629
629	2556
2556	3776
2556	2554
2554	2552
3778	3780
3778	3779
3780	3781
3780	2555
2555	3782
3782	2566
2566	2564
2564	3779
2564	3777
2564	855
855	852
852	2562
2562	3778
2562	2560
2560	2558
2558	2553
2553	3780
2553	2555
2558	847
847	848
3782	2568
3782	2557
2557	631
631	632
3782	2555
3783	3785
3785	635
635	638
638	858
858	3783
858	856
856	2565
2565	2567
2567	3785
2567	2569
2569	634
634	635
864	861
861	859
859	640
647	2312
2312	2278
2312	659
659	643
659	867
867	865
656	652
870	661
870	868
879	2598
2598	664
2598	871
879	873
879	876
880	667
3786	3790
3790	3791
3791	3792
3787	3792
3792	3793
3789	3790
3789	3795
3795	3796
3790	3796
3796	3797
3791	3797
3797	3798
3792	3798
3794	3795
3794	3800
3800	3801
3795	3801
3801	3802
3796	3802
3799	3800
3800	3803
3803	3804
3801	3804
3804	894
894	2623
2623	3798
3798	3797
2623	2620
2620	3793
2620	891
891	888
888	3788
888	885
885	2613
2613	3787
2613	3786
2613	882
882	3789
882	877
877	3794
877	878
878	3799
878	670
670	671
671	3803
3803	3800
671	2627
2627	3804
2627	894
900	2628
2628	673
900	897
897	895
685	676
685	901
903	3805
3805	3806
3806	688
3806	2339
3806	898
898	687
898	899
3806	3805
3805	903
3808	3809
3809	912
912	909
909	2642
2642	3808
2642	690
690	3810
3810	2361
2361	3809
2361	703
703	2645
2645	912
703	706
3810	694
3810	691
3810	690
909	906
906	904
921	3811
3811	708
3811	2646
3811	915
915	913
3811	918
3811	921
930	924
924	922
922	711
930	927
933	714
933	931
721	717
721	934
936	723
936	932
936	928
928	929
732	3812
3812	726
3812	937
3812	942
942	939
3812	945
3812	948
3812	951
3812	732
738	734
738	952
963	3813
3813	740
3813	950
3813	949
3813	954
3813	957
3813	960
3813	963
3816	3817
3814	3817
3817	2408
2408	747
747	969
969	2710
2710	966
966	3814
966	964
964	743
743	3816
743	744
744	2404
2404	3817
2404	2406
2406	2408
3818	3820
3820	3821
3820	3823
3821	3823
3823	3824
3824	2724
2724	2722
2722	3821
2722	2720
2720	3819
2720	2718
2718	3818
2718	972
972	970
970	749
749	3820
749	2412
2412	3823
2412	750
750	3824
750	2419
2419	753
753	975
975	2724
762	2423
762	2734
2734	3825
3825	2421
3825	2726
2726	976
976	755
3825	2728
3825	2734
2734	2730
2734	984
984	981
981	978
985	3826
3826	764
3826	2735
3826	985
990	767
990	983
990	987
987	982
3830	3831
3828	3831
3831	3832
3833	3834
3830	3834
3831	3834
3834	774
774	1008
1008	1005
1005	3829
1005	3827
3827	3828
3827	993
993	3830
993	2740
2740	3833
2740	991
991	770
770	771
771	3834
771	774
3827	996
3827	1002
1002	999
3827	1005
774	1013
774	1016
780	3835
780	1021
1021	1017
1017	776
777	3835
3841	3842
3836	3842
3842	3843
3837	3843
3843	3844
3838	3844
3845	3846
3840	3846
3841	3846
3846	3847
3842	3847
3847	3344
3344	3844
3344	788
788	3839
788	2780
2780	2778
2778	3838
2778	2776
2776	3837
2776	2774
2774	3836
2774	1029
1029	3840
3840	3841
1029	1026
1026	3845
1026	1009
1009	3848
3848	3846
3848	783
783	3847
783	3344
3848	782
3848	1012
1012	1022
3848	1009
788	789
789	1032
785	3849
3849	2467
2467	786
2467	3849
1041	3850
3850	2476
2476	792
3850	2474
3850	1035
1035	1033
1033	791
3850	1038
3850	1041
1044	1050
800	1042
1042	2801
2801	794
794	795
800	1044
800	1050
1068	3851
3851	2492
3851	3852
3852	2490
3852	1051
1051	802
3852	1053
3852	1056
3852	1059
3852	1062
3852	3851
3851	1065
3851	1068
805	1071
1083	1074
1074	1071
1071	805
1083	1077
1083	1080
1086	3854
3854	2500
3854	3853
3853	2498
3853	808
3853	3854
3854	1084
3854	1086
1095	2874
815	811
815	1087
815	1078
1078	1079
815	2874
2874	1089
2874	2861
2874	1095
1095	1092
818	2876
3856	3857
3857	3858
3858	1101
1101	1099
1099	3856
1099	2876
2876	818
818	3857
818	2890
2890	2888
2888	3858
2888	2886
2886	1104
1104	1101
3860	3862
3862	2904
2904	2902
2902	2889
2889	2891
2891	3860
2891	2510
2510	2512
2512	3862
2512	2514
2514	2904
2514	821
821	830
821	824
2891	820
2902	3859
3859	2887
3859	2900
2900	1107
1107	1105
2900	1110
3859	2902
3863	3865
3865	3866
3866	1111
1111	2901
2901	2903
2903	3863
2903	2905
2905	3865
2905	832
832	2520
2520	3866
2520	833
833	1113
1113	1111
842	2923
2923	2920
2920	2539
2920	2918
2918	2537
2918	2535
2918	2916
2916	2533
2916	2914
2914	836
2914	835
2914	1114
2923	1116
842	1119
842	1125
1125	1122
851	2931
2931	3868
3868	2561
3868	3867
3867	2559
3867	2543
2543	845
3867	844
3867	1126
3867	1128
3867	2929
3867	3868
3868	2931
3869	3872
3872	3873
3871	3872
3871	2932
2932	853
853	854
854	3873
854	857
857	860
860	3870
860	1131
1131	3869
1131	2935
2935	3871
2935	2933
2933	2930
2930	2932
2933	1129
3874	3878
3878	3879
3875	3879
3877	3880
3877	3878
3878	3881
3880	3881
3880	862
862	866
866	869
869	3879
869	2601
2601	3876
2601	872
872	1143
1143	3875
1143	1140
1140	3874
1140	2949
2949	3877
2949	1137
1137	1132
1132	3880
1132	862
1137	1134
872	1146
862	863
881	3882
3882	1147
1147	874
3882	1149
3882	1152
3882	1155
3882	881
1167	1164
1164	2615
1164	1161
1161	883
1161	1156
1161	1158
1173	1168
1168	886
1173	1170
1176	889
1176	1174
896	902
902	2625
902	905
905	1185
1185	2622
1185	1182
1182	1179
1179	892
1179	1177
1186	907
914	3883
3883	910
3883	1184
3883	1183
3883	2988
3883	914
3885	3887
3887	1191
1191	1188
1188	2996
2996	2994
2994	3885
2994	3884
3884	916
916	3887
916	917
917	1191
3884	2990
3884	1181
3884	1180
3884	2992
3884	2994
923	1194
1194	919
1194	1192
935	3888
3888	925
3888	1195
3888	1203
1203	1197
1203	1200
3888	938
3888	935
1206	940
1206	1204
955	956
956	3890
3890	943
3890	1207
3890	3889
3889	1209
3889	1212
3889	3022
3022	1215
3889	3024
3889	3890
3890	1218
3890	1221
3890	956
953	946
1222	958
965	1219
1219	961
1219	1220
965	3038
3038	1224
965	1227
971	3892
3892	3891
3891	2712
3891	967
3891	1228
3891	1230
3891	3892
3892	1233
3892	971
3894	3896
3896	3897
3897	2729
2729	2731
2731	977
977	1242
1242	3894
1242	3893
3893	2721
2721	2723
2723	3896
2723	2725
2725	3897
2725	2727
2727	2729
2725	974
3893	2719
3893	1236
1236	1234
1234	973
3893	1239
3893	1242
986	979
986	1248
1248	1245
1245	1243
992	3054
3054	988
988	989
3054	1249
3899	3900
3900	3901
3901	3902
3903	3904
3899	3904
3904	3905
3905	3906
3900	3906
3906	3907
3901	3907
3904	3908
3908	3909
3909	3910
3905	3910
3910	3911
3906	3911
3911	3912
3909	3913
3913	3914
3910	3914
3914	3912
3914	3055
3055	994
994	995
995	3907
995	3902
995	1260
1260	3898
1260	1257
1257	3899
1257	3064
3064	3903
3064	1254
1254	3059
3059	3904
3059	3908
3059	1251
1251	3909
1251	3913
1251	1246
1246	3914
1246	1247
1247	3055
1261	997
1266	3915
3915	1259
1259	1000
1000	1001
3915	1258
3915	1263
3915	3080
3915	1266
3917	3918
3918	3919
3919	3920
3921	3922
3917	3922
3922	3923
3918	3923
3923	3924
3924	3925
3919	3925
3921	3926
3926	3927
3922	3927
3927	3928
3923	3928
3928	3929
3926	3930
3930	3931
3927	3931
3931	3929
3931	1028
1028	3096
3096	3925
3925	3924
3096	3094
3094	3920
3094	3092
3092	3916
3092	1269
1269	3088
3088	3917
3088	1267
1267	3921
1267	3085
3085	3926
3085	1003
1003	3930
1003	1004
1004	1027
1027	3931
1027	1028
1025	1006
1020	1014
3933	3936
3936	3937
3934	3937
3937	3938
3938	1275
1275	1272
1272	3932
3932	3093
3093	3934
3093	3095
3095	3933
3095	3097
3097	2775
2775	2777
2777	3936
2777	2779
2779	3937
2779	2781
2781	3939
3939	3938
3939	1275
3939	1034
3939	1031
3939	2781
3097	1030
3932	1270
3932	1272
3941	3942
3943	3944
3941	3944
3944	3081
3081	1265
1265	3090
3090	3940
3090	1268
1268	3110
3110	3941
3110	3108
3108	3943
3108	3114
3114	1284
1284	3944
1284	1281
1281	3081
1281	1278
1278	1264
3108	3116
3108	3106
3106	1287
3106	3104
3104	1037
3104	1036
3104	1276
1268	1271
1043	3945
3945	1288
1288	1039
3945	3118
3945	1290
3945	1043
1201	1291
1291	1045
1201	3946
3946	3120
3946	1208
3946	1205
3946	1202
3946	1201
1052	1048
1052	1199
1052	1198
1308	1189
1189	1054
1189	1196
1189	1190
1190	1193
1309	1057
3948	3949
3949	3950
3950	3951
3950	3952
3952	1061
1061	1317
1317	1314
1314	1311
1311	3947
1311	1171
1171	3948
1171	1172
1172	1175
1175	2993
2993	3949
2993	2995
2995	3950
2995	2997
2997	3952
2997	1187
1187	1307
1307	1060
1060	1061
1175	1178
1318	1063
1070	3953
3953	1066
3953	1316
3953	1315
3953	1320
3953	1323
3953	1070
3956	3958
3958	3197
3197	1341
1341	1338
1338	1335
1335	1332
1332	3183
3183	3956
3183	3955
3955	1072
1072	3958
1072	1073
1073	1344
1344	3197
3955	3954
3954	1324
3954	1326
3954	1329
3954	3181
3954	3955
3955	3183
1088	1345
1345	1075
1085	1081
1342	3198
3198	2863
3198	1090
3198	1343
1347	1340
1340	1093
1347	1339
1100	1348
1348	1096
1100	1350
1100	1353
1106	1356
1356	1354
1354	1102
1106	1362
1362	1359
3960	3961
3963	3964
3960	3964
3964	3965
3961	3965
3965	2921
2921	1371
1371	3214
3214	1368
1368	3961
1368	3959
1368	1365
1365	1363
1363	1108
1108	1109
1109	3960
1109	3963
1109	1112
1112	2915
2915	3964
2915	2917
2917	3965
2917	2919
2919	2921
2921	1115
1372	1117
1117	3966
3966	3222
3966	1118
3966	2925
3966	1117
1380	3235
3235	1120
3235	3223
3235	3233
3233	1377
1377	3221
1377	3229
3229	3967
3967	1370
3967	3224
3224	3216
3224	1369
3967	3226
3967	1374
3967	3229
1127	1123
1127	1381
1127	2934
2934	1383
2934	2936
2936	1386
2936	1130
1130	1133
1395	3251
1395	1392
1392	1389
1389	1136
1389	1387
1387	1135
1399	3252
3252	2950
2950	1139
3252	1138
1397	1401
3969	3970
3970	3971
3969	3973
3973	3974
3974	3975
3970	3975
3976	3972
3972	3973
3972	3978
3978	3979
3973	3979
3979	3980
3974	3980
3980	3981
3976	3982
3982	3977
3977	3978
3977	3984
3984	3985
3978	3985
3983	3984
3983	1141
1141	1142
1142	3985
1142	1150
1150	3980
3980	3979
1150	3981
1150	1151
1151	3262
3262	3975
3262	3971
3262	1407
1407	1404
1404	3968
1404	3969
1404	1401
1401	3976
1401	3982
1401	1397
1397	3254
3254	3983
3983	3977
3254	1141
1148	1144
1157	3264
3264	1153
1157	1416
1416	1413
1413	1410
1410	1408
1417	1159
1327	3987
3987	1163
3987	3986
3986	1162
3986	1415
3986	1414
3986	3987
3987	1328
3987	1327
1169	3340
3340	1165
1169	1310
1310	3988
3988	1325
3988	1322
3988	1321
3988	1310
1285	3115
3115	3989
3989	3121
3121	1210
1210	1211
3989	1289
3989	3119
3989	3117
3117	1286
3989	3115
1296	3991
3991	3990
3990	1213
3990	3123
3990	1283
3990	3991
3991	1282
3991	1293
3991	1296
1223	3025
1223	3993
3993	3023
3993	3992
3992	1216
3992	1297
3992	1299
3992	3131
3992	3993
3993	1302
3993	1223
3996	3997
3994	3997
3997	3145
3145	1252
1252	3061
3061	3994
3061	1253
1253	3137
3137	3996
3137	1303
1303	3039
3039	1226
1226	3997
1226	3998
3998	3145
3998	1237
1237	1238
3998	1229
3998	1226
1303	1225
1253	1305
1235	1231
1244	4001
4001	4000
4000	1240
4000	3146
4000	3999
3999	1250
3999	1244
3999	4001
3999	4000
1262	3066
1262	1277
1277	1294
1294	1295
1295	1306
1306	1255
1295	1298
4004	4003
4003	3109
3109	3111
3111	1273
1273	4004
1273	1274
1274	3105
3105	4003
3105	3107
3107	3109
1292	1279
1304	1300
1300	3133
3133	1301
1319	1312
4006	4007
4007	3184
3184	3280
3280	3277
3277	4006
3277	1411
1411	1412
1412	4007
1412	1330
1330	3182
3182	3184
3184	1331
4010	4011
4011	3282
3282	4009
4009	3284
3284	4010
3284	1405
1405	1406
1406	1409
1409	4011
1409	3279
3279	3282
4009	1425
1425	1422
1422	1419
4009	1428
4009	3282
3282	3288
3282	1333
1333	1334
1346	4012
4012	1336
4012	3289
4012	1429
4012	1431
4012	1349
4012	1346
4015	4016
4013	4016
4016	4017
4017	3299
3299	3297
3297	3293
3293	4013
3293	1432
1432	4015
1432	1351
1351	1352
1352	4016
1352	1355
1355	3301
3301	4017
3301	3299
3297	1434
1435	3306
4019	4020
4020	3309
3309	3306
3306	3298
3298	3300
3300	4019
3300	3302
3302	4021
4021	4020
4021	3225
3225	3227
3227	1373
1373	3309
4021	1367
4021	3302
3302	1366
3302	1358
3302	1357
3306	1435
1364	1360
1440	3317
4023	4024
4023	4025
4025	3323
3323	3321
3321	3319
3319	4022
3319	3317
3317	1440
1440	3308
3308	3311
3311	4023
3311	1375
1375	4025
1375	3231
3231	1376
1376	1446
1446	3323
1440	1438
1382	3236
1382	4026
4026	3234
4026	3325
3325	1447
1447	1378
4026	3337
3337	3327
3337	3329
3337	1390
1390	1391
1391	1449
4026	1382
1388	3338
3338	1384
1400	1450
1450	1393
1400	1452
1418	4027
4027	1403
4027	4028
4028	1402
4028	1453
4028	4027
4027	1418
4029	4032
4031	4032
4034	4033
4033	4032
4033	3330
3330	1448
1448	1451
1451	4030
1451	1420
1420	3318
3318	3320
3320	4029
3320	3322
3322	4031
3322	4034
3322	3324
3324	1445
1445	3326
3326	4033
3326	3328
3328	3330
1420	1421
1421	1444
1441	1442
1442	1423
1436	3295
1430	4035
4035	1426
4035	1439
4035	3295
3295	1436
4035	1430
1454	0
1455	1454
1	1454
3	1
5	4
6	5
8	7
9	8
11	10
1457	11
1457	1456
1459	1457
1459	1458
12	1459
1460	13
1461	1460
14	1460
15	14
17	16
1463	17
1463	1462
18	1463
1464	19
1466	1464
20	1464
1467	20
1466	1465
1469	1466
1467	1466
1470	1467
1469	1468
1472	1469
1470	1469
1473	1470
1472	1471
1474	1472
1473	1472
21	1473
1475	22
1476	1475
23	1475
24	23
26	25
27	26
1477	28
1479	1477
1478	1477
1480	1478
29	1478
30	29
1481	31
1483	1481
1482	1481
1484	1482
32	1482
33	32
1485	34
1488	1485
1486	1485
1489	1486
1487	1486
1490	1487
35	1487
36	35
38	37
1492	38
1492	1491
1494	1492
1494	1493
1496	1494
1496	1495
1498	1496
1498	1497
2	1498
1499	38
1502	1499
1500	1499
1503	1500
1501	1500
1504	1501
36	1501
39	36
1505	40
1507	1505
1506	1505
1508	1506
41	1506
1	41
1509	41
1511	1509
39	1509
1512	39
1511	1510
1513	1511
1512	1511
42	1512
1514	43
1515	1514
44	1514
45	44
1516	46
1517	1516
47	1516
48	47
1518	49
1519	1518
50	1518
51	50
1520	52
1521	1520
53	1520
54	53
1522	55
1523	1522
56	1522
57	56
1524	58
1525	1524
59	1524
5	59
57	59
8	57
1526	56
1528	1526
54	1526
1529	54
1528	1527
1530	1528
1529	1528
60	1529
62	61
11	62
1531	62
1532	1531
60	1531
63	60
65	64
66	65
68	67
1534	68
1534	1533
14	1534
66	68
1536	66
1536	1535
69	1536
1537	70
1538	1537
71	1537
72	71
1539	73
1540	1539
74	1539
75	74
1541	76
1542	1541
77	1541
17	77
75	77
78	75
1543	79
1544	1543
80	1543
81	80
1545	82
1546	1545
83	1545
20	83
81	83
1548	81
1548	1547
1550	1548
1550	1549
1552	1550
1552	1551
84	1552
1553	85
1554	1553
86	1553
87	86
89	88
1556	89
1556	1555
23	1556
87	89
1558	87
1558	1557
90	1558
1559	91
1562	1559
1560	1559
1563	1560
1561	1560
1564	1561
92	1561
93	92
95	94
26	95
1565	95
1567	1565
1566	1565
1568	1566
93	1566
29	93
1569	92
1573	1569
1570	1569
1574	1570
1571	1570
1575	1571
90	1571
1576	90
1573	1572
1577	1573
1574	1573
1578	1574
1575	1574
1579	1575
1576	1575
96	1576
1580	97
1583	1580
1581	1580
1584	1581
1582	1581
1585	1582
98	1582
99	98
1586	100
1589	1586
1587	1586
1590	1587
1588	1587
1591	1588
101	1588
102	101
1592	103
1595	1592
1593	1592
1596	1593
104	1593
1597	104
1595	1594
1598	1595
1596	1595
1599	1596
1597	1596
105	1597
1600	106
1601	1600
107	1600
108	107
110	109
1603	110
1603	1602
111	1603
1604	112
1605	1604
113	1604
114	113
116	115
32	116
114	116
35	114
111	113
1607	111
1607	1606
117	1607
1608	118
1609	1608
119	1608
120	119
1610	121
1611	1610
122	1610
123	122
1612	124
1614	1612
125	1612
1615	125
1614	1613
1616	1614
1615	1614
44	1615
123	125
1618	123
1618	1617
126	1618
1619	127
1620	1619
128	1619
129	128
131	130
132	131
134	133
135	134
137	136
1622	137
1622	1621
138	1622
1623	139
1624	1623
140	1623
141	140
143	142
47	143
1625	143
1626	1625
141	1625
50	141
1627	140
1629	1627
1628	1627
1630	1628
138	1628
144	138
1631	145
1633	1631
1632	1631
1634	1632
146	1632
147	146
1635	148
1637	1635
1636	1635
1638	1636
149	1636
150	149
1639	151
1641	1639
1640	1639
1642	1640
152	1640
153	152
155	154
156	155
1643	157
1644	1643
158	1643
159	158
161	160
1646	161
1646	1645
1648	1646
1648	1647
1650	1648
1650	1649
53	1650
1651	161
1652	1651
159	1651
162	159
1653	163
1654	1653
164	1653
65	164
162	164
1656	162
1656	1655
165	1656
167	166
1658	167
1658	1657
168	1658
170	169
71	170
168	170
171	168
173	172
174	173
176	175
1660	176
1660	1659
1662	1660
1662	1661
1664	1662
1664	1663
1666	1664
1666	1665
177	1666
1667	178
1669	1667
1668	1667
1670	1668
179	1668
180	179
1671	181
1674	1671
1672	1671
1675	1672
182	1672
1676	182
1674	1673
1678	1674
1675	1674
1679	1675
1676	1675
1680	1676
1678	1677
1681	1678
1679	1678
1682	1679
1680	1679
183	1680
1683	184
1685	1683
1684	1683
1686	1684
185	1684
74	185
1687	185
1688	1687
183	1687
80	183
180	182
1690	180
1690	1689
1692	1690
1692	1691
1694	1692
1694	1693
86	1694
1695	179
1698	1695
1696	1695
1699	1696
1697	1696
1700	1697
177	1697
186	177
1701	187
1703	1701
1702	1701
1704	1702
188	1702
98	188
186	188
189	186
1705	190
1707	1705
1706	1705
1708	1706
191	1706
101	191
1709	191
1711	1709
1710	1709
1712	1710
189	1710
192	189
1713	193
1715	1713
194	1713
1716	194
1715	1714
1717	1715
1716	1715
195	1716
1718	196
1721	1718
1719	1718
1722	1719
197	1719
1723	197
1721	1720
1724	1721
1722	1721
1725	1722
1723	1722
198	1723
200	199
1727	200
1727	1726
104	1727
1728	200
1730	1728
1729	1728
1731	1729
198	1729
201	198
1732	202
1734	1732
1733	1732
1735	1733
203	1733
204	203
1736	205
1739	1736
1737	1736
1740	1737
1738	1737
1741	1738
206	1738
207	206
1742	208
1743	1742
209	1742
210	209
1744	211
1745	1744
212	1744
107	212
1746	212
1747	1746
210	1746
213	210
1748	214
1751	1748
1749	1748
1752	1749
1750	1749
1753	1750
215	1750
216	215
218	217
110	218
1754	218
1758	1754
1755	1754
1759	1755
1756	1755
1760	1756
1757	1756
1761	1757
216	1757
219	216
1762	220
1763	1762
221	1762
119	221
1764	221
1766	1764
1765	1764
1767	1765
219	1765
222	219
1768	223
1770	1768
1769	1768
1771	1769
224	1769
225	224
227	226
122	227
1772	227
1775	1772
1773	1772
1776	1773
1774	1773
1777	1774
225	1774
228	225
1778	229
1779	1778
230	1778
128	230
228	230
231	228
1780	232
1782	1780
233	1780
1783	233
1782	1781
1785	1782
1783	1782
1786	1783
1785	1784
1787	1785
1786	1785
234	1786
236	235
237	236
1788	238
1789	1788
239	1788
240	239
1790	241
1791	1790
242	1790
243	242
1792	244
1793	1792
245	1792
246	245
1794	247
1795	1794
248	1794
131	248
246	248
134	246
1796	245
1798	1796
243	1796
1799	243
1798	1797
1800	1798
1799	1798
249	1799
251	250
137	251
1801	251
1802	1801
249	1801
252	249
254	253
255	254
257	256
146	257
255	257
149	255
252	254
258	252
260	259
261	260
1803	262
1805	1803
1804	1803
1806	1804
263	1804
264	263
1807	265
1809	1807
1808	1807
1810	1808
266	1808
152	266
264	266
1812	264
1812	1811
1814	1812
1814	1813
1816	1814
1816	1815
1818	1816
1818	1817
267	1818
269	268
270	269
1819	271
1821	1819
272	1819
1822	272
1821	1820
1823	1821
1822	1821
273	1822
1824	274
1825	1824
275	1824
155	275
273	275
158	273
1826	272
1827	1826
270	1826
167	270
267	269
276	267
278	277
1829	278
1829	1828
173	1829
1830	278
1831	1830
276	1830
279	276
281	280
1833	281
1833	1832
1835	1833
1835	1834
282	1835
284	283
285	284
287	286
1837	287
1837	1836
176	1837
1838	287
1839	1838
285	1838
288	285
1840	289
1842	1840
290	1840
1843	290
1842	1841
1845	1842
1843	1842
1846	1843
1845	1844
1847	1845
1846	1845
291	1846
1848	292
1851	1848
1849	1848
1852	1849
1850	1849
1853	1850
293	1850
194	293
1854	293
1856	1854
1855	1854
1857	1855
291	1855
294	291
296	295
297	296
1858	298
1860	1858
1859	1858
1861	1859
299	1859
300	299
1862	301
1864	1862
1863	1862
1865	1863
302	1863
197	302
1866	302
1867	1866
300	1866
303	300
1868	304
1871	1868
1869	1868
1872	1869
1870	1869
1873	1870
305	1870
306	305
1874	307
1876	1874
1875	1874
1877	1875
308	1875
309	308
311	310
1879	311
1879	1878
1881	1879
1881	1880
203	1881
1882	311
1884	1882
1883	1882
1885	1883
309	1883
312	309
1886	313
1889	1886
1887	1886
1890	1887
1888	1887
1891	1888
314	1888
315	314
1892	316
1894	1892
1893	1892
1895	1893
317	1893
318	317
1896	319
1897	1896
320	1896
321	320
1898	322
1901	1898
1899	1898
1902	1899
1900	1899
1903	1900
323	1900
206	323
1904	323
1905	1904
321	1904
324	321
1906	325
1908	1906
326	1906
1909	326
1908	1907
1910	1908
1909	1908
327	1909
329	328
330	329
1911	331
1912	1911
332	1911
333	332
335	334
224	335
333	335
1914	333
1914	1913
233	1914
330	332
336	330
1915	337
1916	1915
338	1915
339	338
1917	340
1919	1917
1918	1917
1920	1918
341	1918
342	341
1921	343
1923	1921
344	1921
1924	344
1923	1922
1925	1923
1924	1923
345	1924
1926	346
1927	1926
347	1926
348	347
350	349
236	350
348	350
351	348
1928	352
1930	1928
1929	1928
1931	1929
353	1929
239	353
1932	353
1934	1932
1933	1932
1935	1933
351	1933
354	351
1936	355
1938	1936
1937	1936
1939	1937
356	1937
357	356
1940	358
1943	1940
1941	1940
1944	1941
1942	1941
1945	1942
359	1942
360	359
362	361
363	362
1946	364
1948	1946
1947	1946
1949	1947
365	1947
366	365
368	367
369	368
1950	370
1951	1950
371	1950
372	371
374	373
1953	374
1953	1952
1955	1953
1955	1954
1957	1955
1957	1956
242	1957
1958	374
1959	1958
372	1958
260	372
369	371
375	369
1960	376
1962	1960
377	1960
1963	377
1962	1961
1964	1962
1963	1962
378	1963
1965	379
1967	1965
1966	1965
1968	1966
380	1966
263	380
1969	380
1971	1969
1970	1969
1972	1970
378	1970
381	378
383	382
384	383
1973	385
1974	1973
386	1973
387	386
1975	388
1977	1975
389	1975
1978	389
1977	1976
1979	1977
1978	1977
390	1978
1980	391
1981	1980
392	1980
393	392
395	394
396	395
398	397
281	398
396	398
399	396
1982	400
1984	1982
1983	1982
1985	1983
401	1983
402	401
404	403
1987	404
1987	1986
284	1987
1988	404
1990	1988
1989	1988
1991	1989
402	1989
405	402
1992	406
1994	1992
407	1992
1995	407
1994	1993
1997	1994
1995	1994
1998	1995
1997	1996
1999	1997
1998	1997
408	1998
2000	409
2003	2000
2001	2000
2004	2001
410	2001
2005	410
2003	2002
2006	2003
2004	2003
2007	2004
2005	2004
411	2005
2008	412
2009	2008
413	2008
414	413
416	415
2011	416
2011	2010
2013	2011
2013	2012
2015	2013
2015	2014
290	2015
2016	416
2017	2016
414	2016
296	414
2018	413
2019	2018
411	2018
417	411
419	418
420	419
2020	421
2021	2020
422	2020
299	422
2022	422
2023	2022
420	2022
423	420
2024	424
2026	2024
2025	2024
2027	2025
425	2025
426	425
2028	427
2030	2028
2029	2028
2031	2029
428	2029
429	428
2032	430
2033	2032
431	2032
432	431
2034	433
2036	2034
2035	2034
2037	2035
434	2035
435	434
2038	436
2039	2038
437	2038
438	437
2040	439
2041	2040
440	2040
441	440
2042	442
2044	2042
2043	2042
2045	2043
443	2043
444	443
2046	445
2048	2046
446	2046
2049	446
2048	2047
2050	2048
2049	2048
447	2049
2051	448
2053	2051
2052	2051
2054	2052
449	2052
305	449
447	449
2056	447
2056	2055
450	2056
2057	451
2060	2057
2058	2057
2061	2058
452	2058
2062	452
2060	2059
2063	2060
2061	2060
2064	2061
2062	2061
453	2062
2065	454
2067	2065
2066	2065
2068	2066
455	2066
456	455
2069	457
2071	2069
458	2069
2072	458
2071	2070
2073	2071
2072	2071
308	2072
2074	458
2076	2074
2075	2074
2077	2075
456	2075
459	456
461	460
462	461
2078	463
2081	2078
2079	2078
2082	2079
2080	2079
2083	2080
464	2080
314	464
2084	464
2086	2084
2085	2084
2087	2085
462	2085
465	462
2088	466
2089	2088
467	2088
468	467
472	473
471	469
475	474
2091	475
2091	2090
476	2091
2092	477
2093	2092
478	2092
479	478
481	480
482	481
2094	483
2096	2094
2095	2094
2097	2095
484	2095
485	484
2098	486
2101	2098
2099	2098
2102	2099
487	2099
2103	487
2101	2100
2105	2101
2102	2101
2106	2102
2103	2102
2107	2103
2105	2104
2108	2105
2106	2105
2109	2106
2107	2106
317	2107
485	487
341	485
2110	484
2112	2110
2111	2110
2113	2111
482	2111
488	482
2114	489
2117	2114
2115	2114
2118	2115
2116	2115
2119	2116
490	2116
491	490
2120	492
2121	2120
493	2120
494	493
496	495
344	496
2122	496
2123	2122
494	2122
497	494
499	498
500	499
502	501
503	502
505	504
506	505
508	507
347	508
506	508
356	506
503	505
2125	503
2125	2124
509	2125
2126	510
2127	2126
511	2126
512	511
2128	513
2129	2128
514	2128
515	514
517	516
359	517
515	517
518	515
520	519
521	520
2130	522
2132	2130
2131	2130
2133	2131
523	2131
524	523
2134	525
2136	2134
2135	2134
2137	2135
526	2135
362	526
2138	526
2140	2138
2139	2138
2141	2139
524	2139
365	524
2142	523
2144	2142
2143	2142
2145	2143
521	2143
527	521
529	528
2147	529
2147	2146
530	2147
2148	531
2150	2148
2149	2148
2151	2149
532	2149
533	532
2152	534
2154	2152
2153	2152
2155	2153
535	2153
383	535
2156	535
2157	2156
533	2156
386	533
2158	532
2159	2158
530	2158
536	530
2160	537
2161	2160
538	2160
539	538
2162	540
2164	2162
2163	2162
2165	2163
541	2163
542	541
2166	543
2167	2166
544	2166
545	544
547	546
389	547
2168	547
2169	2168
545	2168
548	545
2170	549
2172	2170
550	2170
2173	550
2172	2171
2174	2172
2173	2172
551	2173
553	552
554	553
556	555
557	556
559	558
392	559
557	559
560	557
2175	561
2176	2175
562	2175
395	562
2177	562
2178	2177
560	2177
401	560
554	556
563	554
565	564
2180	565
2180	2179
2182	2180
2182	2181
2184	2182
2184	2183
2186	2184
2186	2185
566	2186
568	567
2188	568
2188	2187
2190	2188
2190	2189
407	2190
566	568
569	566
2191	570
2193	2191
2192	2191
2194	2192
571	2192
572	571
2195	573
2196	2195
574	2195
575	574
2197	576
2198	2197
577	2197
410	577
575	577
578	575
580	579
2200	580
2200	2199
581	2200
583	582
428	583
581	583
2202	581
2202	2201
584	2202
2203	585
2204	2203
586	2203
431	586
2205	586
2207	2205
2206	2205
2208	2206
584	2206
587	584
2209	588
2211	2209
2210	2209
2212	2210
589	2210
590	589
2213	591
2215	2213
2214	2213
2216	2214
592	2214
434	592
590	592
2218	590
2218	2217
2220	2218
2220	2219
593	2220
2221	594
2224	2221
2222	2221
2225	2222
595	2222
2226	595
2224	2223
2227	2224
2225	2224
2228	2225
2226	2225
596	2226
2229	597
2231	2229
2230	2229
2232	2230
598	2230
599	598
2233	600
2234	2233
601	2233
602	601
604	603
605	604
607	606
437	607
605	607
440	605
602	604
443	602
2235	601
2237	2235
2236	2235
2238	2236
599	2236
608	599
2239	609
2240	2239
610	2239
611	610
2241	612
2242	2241
613	2241
614	613
616	615
2244	616
2244	2243
446	2244
2245	616
2246	2245
614	2245
452	614
611	613
617	611
2247	618
2248	2247
619	2247
620	619
622	621
623	622
2249	624
2251	2249
2250	2249
2252	2250
625	2250
626	625
2253	627
2256	2253
2254	2253
2257	2254
628	2254
2258	628
2256	2255
2259	2256
2257	2256
2260	2257
2258	2257
629	2258
2261	630
2262	2261
631	2261
632	631
2263	633
2265	2263
2264	2263
2266	2264
634	2264
635	634
2267	636
2268	2267
637	2267
455	637
2269	637
2271	2269
2270	2269
2272	2270
635	2270
638	635
2273	639
2275	2273
2274	2273
2276	2274
640	2274
641	640
643	642
2278	643
2278	2277
644	2278
2279	645
2281	2279
2280	2279
2282	2280
646	2280
461	646
2283	646
2285	2283
2284	2283
2286	2284
644	2284
647	644
2287	648
2290	2287
2288	2287
2291	2288
2289	2288
2292	2289
649	2289
650	649
2293	651
2294	2293
652	2293
653	652
2295	654
2296	2295
655	2295
467	655
2297	655
2298	2297
653	2297
656	653
2299	657
2301	2299
2300	2299
2302	2300
658	2300
470	658
2303	658
2304	2303
656	2303
652	656
2305	649
2309	2305
2306	2305
2310	2306
2307	2306
2311	2307
647	2307
2312	647
2309	2308
2313	2309
2310	2309
2314	2310
2311	2310
2315	2311
2312	2311
659	2312
2316	660
2317	2316
661	2316
662	661
2318	663
2319	2318
664	2318
665	664
667	666
668	667
2320	669
2321	2320
670	2320
671	670
673	672
674	673
2322	675
2324	2322
2323	2322
2325	2323
676	2323
677	676
681	682
680	678
2326	683
2329	2326
2327	2326
2330	2327
2328	2327
2331	2328
684	2328
475	684
682	684
2333	682
2333	2332
478	2333
2334	679
2335	2334
677	2334
685	677
2336	686
2338	2336
687	2336
2339	687
2338	2337
2340	2338
2339	2338
688	2339
2341	689
2342	2341
690	2341
691	690
2343	692
2345	2343
693	2343
2346	693
2345	2344
2347	2345
2346	2345
493	2346
2348	693
2349	2348
691	2348
694	691
2350	695
2351	2350
696	2350
697	696
2352	698
2353	2352
699	2352
700	699
2354	701
2355	2354
702	2354
499	702
700	702
502	700
2356	699
2357	2356
697	2356
511	697
2358	696
2360	2358
694	2358
2361	694
2360	2359
2362	2360
2361	2360
703	2361
705	704
2364	705
2364	2363
2366	2364
2366	2365
514	2366
2367	705
2368	2367
703	2367
706	703
2369	707
2371	2369
2370	2369
2372	2370
708	2370
709	708
2373	710
2375	2373
2374	2373
2376	2374
711	2374
712	711
714	713
715	714
717	716
718	717
2377	719
2378	2377
720	2377
520	720
718	720
721	718
2379	722
2380	2379
723	2379
724	723
728	729
727	725
2381	730
2383	2381
2382	2381
2384	2382
731	2382
529	731
2385	731
2386	2385
729	2385
732	729
734	733
735	734
2387	736
2390	2387
2388	2387
2391	2388
2389	2388
2392	2389
737	2389
538	737
2393	737
2396	2393
2394	2393
2397	2394
2395	2394
2398	2395
735	2395
738	735
740	739
741	740
2399	742
2400	2399
743	2399
744	743
2401	745
2402	2401
746	2401
541	746
744	746
2404	744
2404	2403
2406	2404
2406	2405
2408	2406
2408	2407
747	2408
2409	748
2411	2409
749	2409
2412	749
2411	2410
2413	2411
2412	2411
750	2412
752	751
2415	752
2415	2414
2417	2415
2417	2416
544	2417
750	752
2419	750
2419	2418
753	2419
755	754
2421	755
2421	2420
2423	2421
2423	2422
756	2423
2424	757
2425	2424
758	2424
759	758
761	760
2427	761
2427	2426
2429	2427
2429	2428
550	2429
2430	761
2431	2430
759	2430
553	759
2432	758
2433	2432
756	2432
762	756
2434	763
2435	2434
764	2434
765	764
2436	766
2437	2436
767	2436
768	767
2438	769
2440	2438
2439	2438
2441	2439
770	2439
771	770
773	772
2443	773
2443	2442
2445	2443
2445	2444
2447	2445
2447	2446
565	2447
2448	773
2451	2448
2449	2448
2452	2449
2450	2449
2453	2450
771	2450
774	771
776	775
777	776
2454	778
2455	2454
779	2454
571	779
2456	779
2458	2456
2457	2456
2459	2457
777	2457
780	777
2460	781
2462	2460
2461	2460
2463	2461
782	2461
783	782
2464	784
2466	2464
785	2464
2467	785
2466	2465
2468	2466
2467	2466
786	2467
2469	787
2471	2469
2470	2469
2472	2470
788	2470
789	788
791	790
2474	791
2474	2473
2476	2474
2476	2475
792	2476
2477	793
2479	2477
2478	2477
2480	2478
794	2478
795	794
799	589
798	796
2481	797
2484	2481
2482	2481
2485	2482
795	2482
2486	795
2484	2483
2487	2484
2485	2484
2488	2485
2486	2485
800	2486
802	801
2490	802
2490	2489
2492	2490
2492	2491
803	2492
2493	804
2495	2493
2494	2493
2496	2494
805	2494
806	805
808	807
2498	808
2498	2497
2500	2498
2500	2499
809	2500
2501	810
2503	2501
2502	2501
2504	2502
811	2502
812	811
2505	813
2507	2505
2506	2505
2508	2506
814	2506
595	814
812	814
815	812
817	816
818	817
820	819
2510	820
2510	2509
2512	2510
2512	2511
2514	2512
2514	2513
821	2514
823	822
598	823
821	823
824	821
826	825
827	826
829	828
610	829
827	829
619	827
2515	826
2516	2515
824	2515
830	824
2517	831
2519	2517
832	2517
2520	832
2519	2518
2521	2519
2520	2519
833	2520
2522	834
2524	2522
2523	2522
2525	2523
835	2523
836	835
2526	837
2528	2526
2527	2526
2529	2527
838	2527
839	838
841	840
622	841
2530	841
2531	2530
839	2530
625	839
836	838
2533	836
2533	2532
2535	2533
2535	2534
2537	2535
2537	2536
2539	2537
2539	2538
2541	2539
2541	2540
842	2541
844	843
2543	844
2543	2542
845	2543
847	846
848	847
2544	849
2546	2544
850	2544
2547	850
2546	2545
2549	2546
2547	2546
2550	2547
2549	2548
2551	2549
2550	2549
628	2550
848	850
2553	848
2553	2552
2555	2553
2555	2554
2557	2555
2557	2556
631	2557
845	847
2559	845
2559	2558
2561	2559
2561	2560
2563	2561
2563	2562
851	2563
853	852
854	853
856	855
2565	856
2565	2564
2567	2565
2567	2566
2569	2567
2569	2568
634	2569
2570	856
2571	2570
854	2570
857	854
2572	858
2573	2572
859	2572
640	859
857	859
860	857
2574	861
2577	2574
2575	2574
2578	2575
2576	2575
2579	2576
862	2576
863	862
2580	864
2582	2580
2581	2580
2583	2581
865	2581
643	865
2584	865
2587	2584
2585	2584
2588	2585
2586	2585
2589	2586
863	2586
866	863
2590	867
2591	2590
868	2590
661	868
2592	868
2594	2592
2593	2592
2595	2593
866	2593
869	866
871	870
664	871
2596	871
2599	2596
2597	2596
2600	2597
869	2597
2601	869
2599	2598
2602	2599
2600	2599
2603	2600
2601	2600
872	2601
874	873
875	874
2604	876
2605	2604
877	2604
878	877
2606	879
2607	2606
880	2606
667	880
878	880
670	878
2608	877
2610	2608
2609	2608
2611	2609
875	2609
881	875
2612	882
2614	2612
883	2612
2615	883
2614	2613
2616	2614
2615	2614
884	2615
2617	885
2618	2617
886	2617
887	886
889	888
890	889
2619	891
2621	2619
892	2619
2622	892
2621	2620
2624	2621
2622	2621
2625	2622
2624	2623
2626	2624
2625	2624
893	2625
895	894
2628	895
2628	2627
673	2628
893	895
896	893
2629	897
2632	2629
2630	2629
2633	2630
2631	2630
2634	2631
898	2631
899	898
2635	900
2637	2635
2636	2635
2638	2636
901	2636
676	901
899	901
687	899
2639	898
2640	2639
896	2639
902	896
904	903
2642	904
2642	2641
690	2642
2643	904
2644	2643
902	2643
905	902
907	906
908	907
910	909
911	910
913	912
2646	913
2646	2645
708	2646
911	913
914	911
2647	915
2648	2647
916	2647
917	916
919	918
920	919
922	921
711	922
920	922
923	920
2649	924
2652	2649
2650	2649
2653	2650
2651	2650
2654	2651
925	2651
926	925
2655	927
2657	2655
2656	2655
2658	2656
928	2656
929	928
2659	930
2661	2659
2660	2659
2662	2660
931	2660
714	931
2663	931
2664	2663
929	2663
932	929
934	933
717	934
2665	934
2666	2665
932	2665
723	932
2667	928
2668	2667
926	2667
935	926
2669	936
2671	2669
2670	2669
2672	2670
937	2670
726	937
2673	937
2675	2673
2674	2673
2676	2674
935	2674
938	935
2677	939
2678	2677
940	2677
941	940
2679	942
2681	2679
2680	2679
2682	2680
943	2680
944	943
2683	945
2684	2683
946	2683
947	946
2685	948
2687	2685
2686	2685
2688	2686
949	2686
950	949
2689	951
2690	2689
952	2689
734	952
2691	952
2694	2691
2692	2691
2695	2692
2693	2692
2696	2693
950	2693
740	950
2697	949
2699	2697
2698	2697
2700	2698
947	2698
953	947
2701	954
2703	2701
2702	2701
2704	2702
955	2702
956	955
958	957
959	958
961	960
962	961
2705	963
2706	2705
964	2705
743	964
2707	964
2708	2707
962	2707
965	962
2709	966
2711	2709
967	2709
2712	967
2711	2710
2713	2711
2712	2711
968	2712
2714	969
2715	2714
970	2714
749	970
2716	970
2717	2716
968	2716
971	968
973	972
2719	973
2719	2718
2721	2719
2721	2720
2723	2721
2723	2722
2725	2723
2725	2724
974	2725
976	975
755	976
974	976
2727	974
2727	2726
2729	2727
2729	2728
2731	2729
2731	2730
977	2731
979	978
980	979
2732	981
2733	2732
982	2732
983	982
985	984
2735	985
2735	2734
764	2735
2736	985
2737	2736
983	2736
767	983
980	982
986	980
988	987
989	988
2738	990
2739	2738
991	2738
770	991
989	991
2741	989
2741	2740
992	2741
2742	993
2743	2742
994	2742
995	994
997	996
998	997
2744	999
2746	2744
2745	2744
2747	2745
1000	2745
1001	1000
2748	1002
2751	2748
2749	2748
2752	2749
2750	2749
2753	2750
1003	2750
1004	1003
2754	1005
2757	2754
2755	2754
2758	2755
2756	2755
2759	2756
1006	2756
1007	1006
1011	1012
1010	1008
2760	1013
2762	2760
2761	2760
2763	2761
1014	2761
1015	1014
2764	1016
2767	2764
2765	2764
2768	2765
2766	2765
2769	2766
1017	2766
776	1017
1019	1020
1018	1017
1024	782
1023	1021
2770	1022
2771	2770
1020	2770
1014	1020
1007	1009
1025	1007
2772	1026
2773	2772
1027	2772
1028	1027
1030	1029
2775	1030
2775	2774
2777	2775
2777	2776
2779	2777
2779	2778
2781	2779
2781	2780
1031	2781
2782	1032
2784	2782
2783	2782
2785	2783
1033	2783
791	1033
2786	1033
2788	2786
2787	2786
2789	2787
1031	2787
1034	1031
2790	1035
2792	2790
2791	2790
2793	2791
1036	2791
1037	1036
2794	1038
2795	2794
1039	2794
1040	1039
2796	1041
2799	2796
2797	2796
2800	2797
1042	2797
2801	1042
2799	2798
2802	2799
2800	2799
2803	2800
2801	2800
794	2801
2804	1042
2806	2804
2805	2804
2807	2805
1040	2805
1043	1040
2808	1044
2810	2808
2809	2808
2811	2809
1045	2809
1046	1045
1048	1047
1049	1048
2812	1050
2814	2812
2813	2812
2815	2813
1051	2813
802	1051
2816	1051
2818	2816
2817	2816
2819	2817
1049	2817
1052	1049
2820	1053
2821	2820
1054	2820
1055	1054
2822	1056
2823	2822
1057	2822
1058	1057
2824	1059
2826	2824
2825	2824
2827	2825
1060	2825
1061	1060
2828	1062
2829	2828
1063	2828
1064	1063
2830	1065
2832	2830
2831	2830
2833	2831
1066	2831
1067	1066
2834	1068
2836	2834
2835	2834
2837	2835
1069	2835
805	1069
1067	1069
1070	1067
2838	1071
2839	2838
1072	2838
1073	1072
1075	1074
1076	1075
2840	1077
2841	2840
1078	2840
1079	1078
2842	1080
2844	2842
2843	2842
2845	2843
1081	2843
1082	1081
2846	1083
2848	2846
2847	2846
2849	2847
1084	2847
808	1084
1082	1084
1085	1082
2850	1086
2852	2850
2851	2850
2853	2851
1087	2851
811	1087
2854	1087
2856	2854
2855	2854
2857	2855
1085	2855
1081	1085
2858	1078
2859	2858
1076	2858
1088	1076
2860	1089
2862	2860
1090	2860
2863	1090
2862	2861
2864	2862
2863	2862
1091	2863
2865	1092
2867	2865
2866	2865
2868	2866
1093	2866
1094	1093
2869	1095
2871	2869
2870	2869
2872	2870
1096	2870
1097	1096
2873	1098
2875	2873
1099	2873
2876	1099
2875	2874
2877	2875
2876	2875
817	2876
2878	1099
2880	2878
2879	2878
2881	2879
1097	2879
1100	1097
2882	1101
2884	2882
2883	2882
2885	2883
1102	2883
1103	1102
1105	1104
2887	1105
2887	2886
2889	2887
2889	2888
2891	2889
2891	2890
820	2891
2892	1105
2894	2892
2893	2892
2895	2893
1103	2893
1106	1103
2896	1107
2898	2896
2897	2896
2899	2897
1108	2897
1109	1108
1111	1110
2901	1111
2901	2900
2903	2901
2903	2902
2905	2903
2905	2904
832	2905
2906	1111
2908	2906
2907	2906
2909	2907
1109	2907
1112	1109
2910	1113
2912	2910
2911	2910
2913	2911
1114	2911
835	1114
1112	1114
2915	1112
2915	2914
2917	2915
2917	2916
2919	2917
2919	2918
2921	2919
2921	2920
1115	2921
2922	1116
2924	2922
1117	2922
2925	1117
2924	2923
2926	2924
2925	2924
1118	2925
2927	1119
2928	2927
1120	2927
1121	1120
1123	1122
1124	1123
1126	1125
844	1126
1124	1126
1127	1124
1129	1128
2930	1129
2930	2929
2932	2930
2932	2931
853	2932
1127	1129
2934	1127
2934	2933
2936	2934
2936	2935
1130	2936
2937	1131
2940	2937
2938	2937
2941	2938
2939	2938
2942	2939
1132	2939
862	1132
2943	1132
2945	2943
2944	2943
2946	2944
1130	2944
1133	1130
2947	1134
2948	2947
1135	2947
1136	1135
1138	1137
2950	1138
2950	2949
1139	2950
2951	1140
2952	2951
1141	2951
1142	1141
1144	1143
1145	1144
2953	1146
2955	2953
2954	2953
2956	2954
1147	2954
874	1147
2957	1147
2959	2957
2958	2957
2960	2958
1145	2958
1148	1145
2961	1149
2964	2961
2962	2961
2965	2962
2963	2962
2966	2963
1150	2963
1151	1150
2967	1152
2968	2967
1153	2967
1154	1153
1156	1155
883	1156
2969	1156
2970	2969
1154	2969
1157	1154
1159	1158
1160	1159
1162	1161
1163	1162
1165	1164
1166	1165
1168	1167
886	1168
1166	1168
1169	1166
2971	1170
2973	2971
2972	2971
2974	2972
1171	2972
1172	1171
1174	1173
889	1174
2975	1174
2977	2975
2976	2975
2978	2976
1172	2976
1175	1172
1177	1176
892	1177
2979	1177
2980	2979
1175	2979
1178	1175
2981	1179
2982	2981
1180	2981
1181	1180
2983	1182
2984	2983
1183	2983
1184	1183
2985	1185
2986	2985
1186	2985
907	1186
1184	1186
910	1184
2987	1183
2989	2987
1181	2987
2990	1181
2989	2988
2991	2989
2990	2989
916	2990
1178	1180
2993	1178
2993	2992
2995	2993
2995	2994
2997	2995
2997	2996
1187	2997
2998	1188
2999	2998
1189	2998
1190	1189
1192	1191
919	1192
1190	1192
1193	1190
3000	1194
3002	3000
3001	3000
3003	3001
1195	3001
925	1195
3004	1195
3006	3004
3005	3004
3007	3005
1193	3005
1196	1193
1198	1197
1199	1198
3008	1200
3010	3008
3009	3008
3011	3009
1201	3009
1202	1201
3012	1203
3014	3012
3013	3012
3015	3013
1204	3013
940	1204
1202	1204
1205	1202
3016	1206
3017	3016
1207	3016
943	1207
1205	1207
1208	1205
3018	1209
3019	3018
1210	3018
1211	1210
3020	1212
3021	3020
1213	3020
1214	1213
1216	1215
3023	1216
3023	3022
3025	3023
3025	3024
1217	3025
3026	1218
3028	3026
3027	3026
3029	3027
1219	3027
1220	1219
3030	1221
3032	3030
3031	3030
3033	3031
1222	3031
958	1222
1220	1222
961	1220
3034	1219
3036	3034
3035	3034
3037	3035
1217	3035
1223	1217
1225	1224
3039	1225
3039	3038
1226	3039
1228	1227
967	1228
1226	1228
1229	1226
1231	1230
1232	1231
3040	1233
3041	3040
1234	3040
973	1234
3042	1234
3043	3042
1232	3042
1235	1232
3044	1236
3045	3044
1237	3044
1238	1237
3046	1239
3047	3046
1240	3046
1241	1240
3048	1242
3049	3048
1243	3048
979	1243
1241	1243
1244	1241
3050	1245
3051	3050
1246	3050
1247	1246
3052	1248
3053	3052
1249	3052
988	1249
1247	1249
3055	1247
3055	3054
994	3055
3056	1246
3057	3056
1244	3056
1250	1244
3058	1251
3060	3058
1252	3058
3061	1252
3060	3059
3062	3060
3061	3060
1253	3061
3063	1254
3065	3063
1255	3063
3066	1255
3065	3064
3067	3065
3066	3065
1256	3066
3068	1257
3071	3068
3069	3068
3072	3069
3070	3069
3073	3070
1258	3070
1259	1258
1261	1260
997	1261
3074	1261
3076	3074
3075	3074
3077	3075
1259	3075
1000	1259
3078	1258
3079	3078
1256	3078
1262	1256
1264	1263
3081	1264
3081	3080
1265	3081
3082	1266
3084	3082
1267	3082
3085	1267
3084	3083
3086	3084
3085	3084
1003	3085
3087	1267
3089	3087
1265	3087
3090	1265
3089	3088
3091	3089
3090	3089
1268	3090
1270	1269
3093	1270
3093	3092
3095	3093
3095	3094
3097	3095
3097	3096
1030	3097
3098	1270
3099	3098
1268	3098
1271	1268
3100	1272
3101	3100
1273	3100
1274	1273
3102	1275
3103	3102
1276	3102
1036	1276
1274	1276
3105	1274
3105	3104
3107	3105
3107	3106
3109	3107
3109	3108
3111	3109
3111	3110
1273	3111
3112	1264
3113	3112
1262	3112
1277	1262
1279	1278
1280	1279
1282	1281
1283	1282
1285	1284
3115	1285
3115	3114
3117	3115
3117	3116
1286	3117
1288	1287
1039	1288
1286	1288
3119	1286
3119	3118
1289	3119
1291	1290
1045	1291
1289	1291
3121	1289
3121	3120
1210	3121
1283	1285
3123	1283
3123	3122
1213	3123
1280	1282
1292	1280
3124	1293
3125	3124
1294	3124
1295	1294
3126	1296
3127	3126
1297	3126
1216	1297
3128	1297
3129	3128
1295	3128
1298	1295
3130	1299
3132	3130
1300	3130
3133	1300
3132	3131
3134	3132
3133	3132
1301	3133
3135	1302
3136	3135
1303	3135
1225	1303
1301	1303
3138	1301
3138	3137
1304	3138
3139	1305
3140	3139
1306	3139
1255	1306
3141	1306
3142	3141
1304	3141
1300	1304
3143	1294
3144	3143
1292	3143
1279	1292
1250	1252
3146	1250
3146	3145
1240	3146
1235	1237
1231	1235
3147	1201
3149	3147
3148	3147
3150	3148
1199	3148
1048	1199
3151	1198
3153	3151
3152	3151
3154	3152
1196	3152
1054	1196
3155	1189
3156	3155
1187	3155
1307	1187
1309	1308
1057	1309
1307	1309
1060	1307
3157	1171
3160	3157
3158	3157
3161	3158
3159	3158
3162	3159
1169	3159
1310	1169
3163	1311
3165	3163
3164	3163
3166	3164
1312	3164
1313	1312
3167	1314
3170	3167
3168	3167
3171	3168
3169	3168
3172	3169
1315	3169
1316	1315
1318	1317
1063	1318
3173	1318
3175	3173
3174	3173
3176	3174
1316	3174
1066	1316
1313	1315
1319	1313
1321	1320
1322	1321
1324	1323
1072	1324
3177	1324
3178	3177
1322	3177
1325	1322
3179	1326
3180	3179
1327	3179
1328	1327
1330	1329
3182	1330
3182	3181
3184	3182
3184	3183
1331	3184
3185	1332
3187	3185
3186	3185
3188	3186
1333	3186
1334	1333
3189	1335
3191	3189
3190	3189
3192	3190
1336	3190
1337	1336
3193	1338
3195	3193
3194	3193
3196	3194
1339	3194
1340	1339
1342	1341
3198	1342
3198	3197
1343	3198
1345	1344
1075	1345
1343	1345
1090	1343
3199	1342
3200	3199
1340	3199
1093	1340
1337	1339
1346	1337
1348	1347
1096	1348
1346	1348
1349	1346
1351	1350
1352	1351
1354	1353
1102	1354
3201	1354
3202	3201
1352	3201
1355	1352
3203	1356
3204	3203
1357	3203
1358	1357
1360	1359
1361	1360
3205	1362
3206	3205
1363	3205
1108	1363
3207	1363
3208	3207
1361	3207
1364	1361
3209	1365
3211	3209
3210	3209
3212	3210
1366	3210
1367	1366
3213	1368
3215	3213
1369	3213
3216	1369
3215	3214
3217	3215
3216	3215
1370	3216
3218	1371
3219	3218
1372	3218
1117	1372
1370	1372
3221	1370
3221	3220
3223	3221
3223	3222
1120	3223
1367	1369
3225	1367
3225	3224
3227	3225
3227	3226
1373	3227
3228	1374
3230	3228
1375	3228
3231	1375
3230	3229
3232	3230
3231	3230
1376	3231
1378	1377
3234	1378
3234	3233
3236	3234
3236	3235
1379	3236
3237	1380
3238	3237
1381	3237
1123	1381
3239	1381
3240	3239
1379	3239
1382	1379
3241	1383
3242	3241
1384	3241
1385	1384
3243	1386
3244	3243
1387	3243
1135	1387
3245	1387
3246	3245
1385	3245
1388	1385
3247	1389
3248	3247
1390	3247
1391	1390
1393	1392
1394	1393
3249	1395
3250	3249
1396	3249
1397	1396
1399	1398
3252	1399
3252	3251
1138	3252
1397	1399
3254	1397
3254	3253
1141	3254
3255	1396
3256	3255
1394	3255
1400	1394
3257	1401
3258	3257
1402	3257
1403	1402
3259	1404
3260	3259
1405	3259
1406	1405
3261	1407
3263	3261
1408	3261
3264	1408
3263	3262
3265	3263
3264	3263
1153	3264
3266	1408
3267	3266
1406	3266
1409	1406
3268	1410
3269	3268
1411	3268
1412	1411
3270	1413
3271	3270
1414	3270
1415	1414
3272	1416
3273	3272
1417	3272
1159	1417
1415	1417
1162	1415
3274	1414
3275	3274
1412	3274
1330	1412
3276	1411
3278	3276
1409	3276
3279	1409
3278	3277
3281	3278
3279	3278
3282	3279
3281	3280
3283	3281
3282	3281
1333	3282
1403	1405
3285	1403
3285	3284
1418	3285
3286	1419
3287	3286
1420	3286
1421	1420
1423	1422
1424	1423
1426	1425
1427	1426
1429	1428
3289	1429
3289	3288
1336	3289
1427	1429
1430	1427
3290	1431
3291	3290
1432	3290
1351	1432
3292	1432
3294	3292
1430	3292
3295	1430
3294	3293
3296	3294
3295	3294
1433	3295
1435	1434
3298	1435
3298	3297
3300	3298
3300	3299
3302	3300
3302	3301
1357	3302
3303	1435
3304	3303
1433	3303
1436	1433
3305	1437
3307	3305
1438	3305
3308	1438
3307	3306
3310	3307
3308	3307
3311	3308
3310	3309
3312	3310
3311	3310
1375	3311
3313	1438
3314	3313
1436	3313
1439	1436
3315	1440
3316	3315
1441	3315
1442	1441
1444	1443
3318	1444
3318	3317
3320	3318
3320	3319
3322	3320
3322	3321
3324	3322
3324	3323
1445	3324
1447	1446
1378	1447
1445	1447
3326	1445
3326	3325
3328	3326
3328	3327
3330	3328
3330	3329
1448	3330
1450	1449
1393	1450
3331	1450
3332	3331
1448	3331
1451	1448
1453	1452
1402	1453
3333	1453
3334	3333
1451	3333
1420	1451
3335	1444
3336	3335
1442	3335
1423	1442
1439	1441
1426	1439
1388	1390
3338	1388
3338	3337
1384	3338
1364	1366
1360	1364
1325	1327
3340	1325
3340	3339
1165	3340
1319	1321
1312	1319
1148	1150
1144	1148
1025	1027
1006	1025
953	955
946	953
3341	788
3345	3341
3342	3341
3346	3342
3343	3342
3347	3343
786	3343
3348	786
3345	3344
3349	3345
3346	3345
3350	3346
3347	3346
3351	3347
3348	3347
785	3348
578	580
574	578
488	490
481	488
3352	425
3353	3352
423	3352
419	423
3354	377
3355	3354
375	3354
368	375
3356	338
3357	3356
336	3356
329	336
324	326
320	324
3358	215
3359	3358
213	3358
209	213
1507	2
1454	1507
1508	1507
1	1508
1455	1525
5	1525
4	5
7	8
10	11
1460	14
13	1460
1461	1542
16	1542
17	1542
19	1546
1464	1546
20	1546
1474	23
1475	23
22	1475
1476	26
25	26
1477	1567
1478	1567
1568	1567
29	1568
28	1477
1480	32
1482	32
1479	1482
1481	1482
31	1481
1487	35
1484	1487
1486	1487
1483	1486
1485	1486
34	1485
1490	1501
1489	1501
1500	1501
1488	1500
1499	1500
37	1499
38	1499
1504	1509
41	1509
1503	41
1506	41
1502	1506
1505	1506
40	1505
3372	1616
44	1616
1514	44
43	1514
1513	43
42	1513
1515	47
1516	47
46	1516
1517	1626
1518	1626
50	1626
49	1518
1520	53
1519	1520
52	1520
1521	1526
1522	1526
56	1526
55	1522
1523	59
1524	59
58	1524
1530	1531
62	1531
61	62
1532	1654
65	1654
64	65
67	68
1537	71
70	1537
1538	1685
1686	1685
73	1686
1539	1686
74	1686
1541	77
1540	1541
76	1541
1543	1688
80	1688
79	1543
1545	83
1544	1545
82	1545
1553	86
85	1553
1554	89
88	89
91	1571
1559	1571
1570	1571
1560	1570
1569	1570
1561	1569
92	1569
1564	1566
1563	1566
1565	1566
1562	1565
95	1565
94	95
3376	3375
3378	3374
3379	3378
3379	3375
3380	3379
3380	3376
3381	3378
3381	3379
3377	1703
3376	1703
1704	1703
3373	1704
98	1704
1582	98
3375	1582
3374	1582
1581	1582
1580	1581
3378	1580
1577	1580
97	1580
3381	1577
1578	1577
3380	1578
1579	1578
3377	1579
96	1579
3385	3384
3385	3382
3386	3385
3386	1707
3383	1707
1708	1707
3382	1708
101	1708
1588	101
1587	1588
3384	1587
1586	1587
3387	1586
1583	1586
100	1586
1584	1583
3385	1584
3386	1584
1585	1584
99	1585
3384	3385
1591	104
1593	104
1590	1593
1592	1593
1589	1592
103	1592
1599	1745
1598	1745
1600	1745
107	1745
106	1600
1601	110
109	110
1604	113
112	1604
1605	116
115	116
1608	1763
119	1763
118	1608
1610	122
1609	1610
121	1610
1611	125
1612	125
124	1612
127	1779
1619	1779
128	1779
1620	1795
131	1795
130	131
133	134
136	137
139	1628
1623	1628
1627	1628
140	1627
1624	1625
143	1625
142	143
1630	146
1632	146
1629	1632
1631	1632
145	1631
1636	149
1634	1636
1635	1636
1633	1635
148	1635
3391	3388
3392	3391
3392	3389
3390	1809
3389	1809
1810	1809
3388	1810
152	1810
1640	152
3391	1640
1639	1640
3392	1639
1637	1639
151	1639
1638	1637
3390	1638
150	1638
1642	1825
155	1825
1641	155
154	155
1643	158
157	1643
1644	1651
161	1651
160	161
1652	164
1653	164
163	1653
166	1827
167	1827
169	170
172	173
175	176
178	1697
1667	1697
1696	1697
1668	1696
1695	1696
179	1695
1670	182
1672	182
1669	1672
1671	1672
181	1671
1682	1687
3394	1687
185	1687
1684	185
3393	1684
1683	1684
1681	1683
184	1683
1682	1681
3394	1682
1700	188
1702	188
1699	1702
1701	1702
1698	1701
187	1701
1705	1710
1706	1710
1709	1710
191	1709
190	1705
1712	1851
3396	1851
1852	1851
1853	1852
3395	1853
1713	1853
194	1853
193	1713
1711	193
3396	1711
1712	1711
1717	1864
3397	1864
1865	1864
1719	1865
197	1865
1718	1719
196	1718
1717	196
1725	1729
1724	1729
1728	1729
199	1728
200	1728
1731	203
1733	203
1730	1733
1732	1733
202	1732
3402	3401
3402	3399
3403	3402
3398	1901
3400	1901
3399	1901
1902	1901
3401	1902
1903	1902
1738	1903
206	1903
3402	1738
1737	1738
3403	1737
1736	1737
3404	1736
205	1736
1734	205
3400	1734
1735	1734
3398	1735
204	1735
3403	3400
1741	3359
209	3359
1740	209
1742	209
1739	1742
208	1742
1743	1746
1744	1746
212	1746
211	1744
1749	3358
1750	3358
215	3358
1747	1749
1748	1749
214	1748
1753	1757
1752	1757
1756	1757
1751	1756
1755	1756
217	1755
1754	1755
218	1754
1761	1765
1760	1765
1764	1765
1759	1764
221	1764
1758	221
1762	221
220	1762
1767	224
1769	224
1766	1769
1768	1769
223	1768
1771	1774
1773	1774
1770	1773
1772	1773
226	1772
227	1772
1777	230
1776	230
1778	230
1775	1778
229	1778
1780	233
232	1780
1787	236
235	236
238	1930
1788	1930
1931	1930
239	1931
1790	242
1789	1790
241	1790
1791	1796
3405	1796
245	1796
1792	245
1791	1792
244	1792
1793	248
1794	248
247	1794
1800	1801
251	1801
250	251
1802	254
253	254
256	257
259	1959
260	1959
262	1967
1803	1967
1968	1967
1804	1968
263	1968
1806	266
1808	266
1805	1808
1807	1808
265	1807
268	269
1819	1826
272	1826
271	1819
1823	275
1824	275
274	1824
277	1830
278	1830
1831	281
280	281
283	284
286	1838
287	1838
1839	290
1840	290
289	1840
3406	1855
1849	1855
1854	1855
1850	1854
293	1854
1848	1849
1847	1848
292	1848
291	1847
1857	2017
1856	2017
296	2017
295	296
1858	2021
1859	2021
299	2021
298	1858
1861	1866
3408	1866
3407	1866
302	1866
1863	302
3408	1863
1862	1863
1860	1862
301	1862
1861	1860
3409	2053
2054	2053
1870	2054
305	2054
1869	1870
1868	1869
1867	1868
304	1868
303	1867
1873	2073
3410	2073
308	2073
1875	308
1874	1875
1871	1874
307	1874
1872	1871
1873	1872
1877	1883
1876	1883
1882	1883
310	1882
311	1882
3415	3414
3415	3411
3416	3415
3417	3416
3417	3412
3413	2081
3412	2081
2082	2081
3411	2082
2083	2082
3414	2083
314	2083
1888	314
3415	1888
1887	1888
3416	1887
1886	1887
3418	1886
313	1886
1884	313
3417	1884
1885	1884
3413	1885
312	1885
3416	3417
1891	2108
3419	2108
2109	2108
3420	2109
317	2109
1893	317
3421	1893
1892	1893
1889	1892
316	1892
1890	1889
3420	1890
3419	1890
1891	1890
1895	320
1896	320
1894	1896
319	1896
3422	1904
1900	1904
323	1904
1899	1900
1897	1899
1898	1899
322	1898
321	1897
1905	326
1906	326
325	1906
1910	3357
329	3357
328	329
1911	332
331	1911
1912	335
334	335
1915	3356
338	3356
337	1915
1918	341
1916	1918
1917	1918
340	1917
1920	344
1921	344
1919	1921
343	1921
1925	347
1926	347
346	1926
1927	350
349	350
1928	1933
1929	1933
1932	1933
353	1932
352	1928
1937	356
3423	1937
1936	1937
1934	1936
355	1936
1935	1934
354	1935
1942	359
1939	1942
1941	1942
1938	1941
1940	1941
358	1940
1945	2136
1944	2136
2137	2136
1943	2137
362	2137
361	362
1946	2140
1947	2140
2141	2140
365	2141
364	1946
1949	3355
368	3355
1948	368
367	368
1950	371
370	1950
1951	1958
374	1958
373	374
1960	3354
377	3354
376	1960
3424	1970
1966	1970
1969	1970
380	1969
1965	1966
1964	1965
379	1965
378	1964
1972	2154
1971	2154
2155	2154
382	2155
383	2155
1973	2157
386	2157
385	1973
1975	389
1974	1975
388	1975
1979	392
1980	392
391	1980
1981	2176
395	2176
394	395
397	398
1982	2178
1983	2178
401	2178
400	1982
1985	1989
1988	1989
1984	1988
404	1988
403	404
1991	407
1992	407
1990	1992
406	1992
3426	2198
3425	2198
410	2198
2001	410
3426	2001
2000	2001
1999	2000
409	2000
408	1999
2007	2018
3427	2018
413	2018
2008	413
412	2008
2006	412
2007	2006
2009	2016
415	2016
416	2016
2019	3353
419	3353
418	419
2020	2022
422	2022
421	2020
2025	3352
425	3352
2023	2025
2024	2025
424	2024
2029	428
2027	2029
2028	2029
2026	2028
427	2028
2031	2204
3428	2204
431	2204
2032	431
2030	2032
430	2032
2031	2030
3430	2215
3429	2215
2216	2215
2035	2216
434	2216
3430	2035
2034	2035
2033	2034
433	2034
432	2033
2037	437
2038	437
2036	2038
436	2038
2039	440
2040	440
439	2040
2043	443
2041	2043
2042	2043
442	2042
2045	446
2046	446
2044	2046
445	2046
2052	449
2050	2052
2051	2052
448	2051
2057	2246
2058	2246
452	2246
451	2057
2064	2268
3431	2268
2066	2268
455	2268
2065	2066
2063	2065
454	2065
2064	2063
2068	2075
3432	2075
2074	2075
458	2074
2069	458
2067	2069
457	2069
2068	2067
2077	2281
2076	2281
2282	2281
460	2282
461	2282
2078	2085
2079	2085
2084	2085
2080	2084
464	2084
463	2078
2087	2296
2086	2296
2088	2296
467	2296
466	2088
3360	2301
3361	2301
2302	2301
472	2302
470	2302
2089	3360
471	3360
469	471
472	2329
3361	2329
2330	2329
3360	2330
2331	2330
475	2331
471	475
474	475
2092	478
477	2092
2093	481
480	481
483	2111
2094	2111
2110	2111
2095	2110
484	2110
2097	487
2099	487
2096	2099
2098	2099
486	2098
2116	490
2113	2116
2115	2116
2112	2115
2114	2115
489	2114
2119	2347
493	2347
2118	493
2120	493
2117	2120
492	2120
2121	2122
496	2122
495	496
2123	2355
499	2355
498	499
501	502
504	505
507	508
510	2357
2126	2357
511	2357
2127	514
2128	514
513	2128
2129	517
516	517
519	2378
520	2378
522	2143
2130	2143
2142	2143
2131	2142
523	2142
2133	2139
3433	2139
2138	2139
2135	2138
526	2138
2134	2135
2132	2134
525	2134
2133	2132
2145	2383
2384	2383
2144	2384
529	2384
528	529
2148	2158
2149	2158
532	2158
531	2148
2151	2156
2153	2156
535	2156
2150	2153
2152	2153
534	2152
2159	2390
2391	2390
537	2391
2160	2391
2392	2391
538	2392
3434	2402
2163	2402
541	2402
2162	2163
2161	2162
540	2162
539	2161
2165	544
2166	544
2164	2166
543	2166
2167	2168
547	2168
546	547
2170	550
2169	2170
549	2170
2174	2431
3435	2431
553	2431
552	553
2174	552
555	556
558	559
561	2177
2175	2177
562	2177
564	565
567	568
2191	2455
2192	2455
571	2455
570	2191
2194	574
2195	574
2193	2195
573	2195
2197	577
2196	2197
576	2197
579	580
582	583
585	2206
2203	2206
2205	2206
586	2205
2208	798
3364	798
2207	3364
3365	3364
588	3365
3366	3365
2209	3366
2210	3366
799	3366
589	799
2214	592
2212	2214
2213	2214
2211	2213
591	2213
594	2507
2221	2507
2508	2507
2222	2508
595	2508
2230	598
2228	2230
2229	2230
2227	2229
597	2229
2232	2236
2235	2236
2231	2235
3436	2235
601	2235
2233	601
2231	2233
600	2233
2234	604
603	604
606	607
2238	610
2239	610
2237	2239
609	2239
2241	613
2240	2241
612	2241
2242	2245
616	2245
615	616
2247	619
618	2247
2248	622
621	622
2249	2531
2250	2531
625	2531
624	2249
2252	2551
3437	2551
628	2551
2254	628
2253	2254
2251	2253
627	2253
2252	2251
2260	631
2261	631
2259	2261
630	2261
2264	634
2262	2264
2263	2264
633	2263
2266	2270
3438	2270
2269	2270
2267	2269
637	2269
636	2267
2265	636
2266	2265
2272	2573
3439	2573
2274	2573
640	2573
2273	2274
2271	2273
639	2273
2272	2271
2276	2582
2275	2582
2583	2582
642	2583
643	2583
2279	2284
2280	2284
2283	2284
646	2283
645	2279
3443	3442
3443	3440
3444	3443
3445	3443
3444	2307
3441	2307
2306	2307
3440	2306
2305	2306
2289	2305
649	2305
3442	2289
2288	2289
3443	2288
2287	2288
3445	2287
648	2287
2285	648
2286	2285
3444	2286
647	2286
2292	2304
652	2304
2291	652
2293	652
2290	2293
651	2293
2294	2297
2295	2297
655	2297
654	2295
2300	2303
658	2303
2299	2300
2298	2299
657	2299
2315	2591
2314	2591
661	2591
2316	661
2313	2316
660	2316
2317	664
2318	664
663	2318
2319	2607
667	2607
666	667
2320	670
669	2320
2321	673
672	673
2322	2637
2323	2637
2638	2637
676	2638
675	2322
3446	2334
681	2334
679	2334
3362	681
680	3362
2324	680
678	680
2325	2324
677	2325
681	684
2328	684
3362	2328
2327	2328
680	2327
2326	2327
683	2326
2336	687
2335	2336
686	2336
2340	690
2341	690
689	2341
2342	2348
2343	2348
693	2348
692	2343
2349	2358
2350	2358
696	2358
695	2350
2351	2356
2352	2356
699	2356
698	2352
2353	702
2354	702
701	2354
2362	2367
704	2367
705	2367
2370	708
2368	2370
2369	2370
707	2369
2372	711
2374	711
2371	2374
2373	2374
710	2373
2376	2661
2662	2661
2375	2662
714	2662
713	714
716	717
2377	720
719	2377
2379	2666
723	2666
722	2379
3447	2671
728	2671
2672	2671
726	2672
3363	728
727	3363
2380	727
725	727
724	2380
728	2385
3448	2385
731	2385
2382	731
727	2382
2381	2382
730	2381
3363	727
728	3363
2386	2690
734	2690
733	734
2387	2395
2388	2395
2394	2395
2389	2394
2393	2394
737	2393
736	2387
2398	2694
2695	2694
2397	2695
2696	2695
2396	2696
740	2696
739	740
2399	2706
743	2706
742	2399
2401	746
2400	2401
745	2401
748	2715
2409	2715
749	2715
2413	752
751	752
754	755
757	2432
2424	2432
758	2432
2425	2430
760	2430
761	2430
2434	764
2433	2434
763	2434
3449	2737
767	2737
2436	767
2435	2436
766	2436
765	2435
3450	2739
2439	2739
770	2739
2438	2439
2437	2438
769	2438
768	2437
2441	2450
2449	2450
2440	2449
2448	2449
772	2448
773	2448
2453	2767
2452	2767
2768	2767
2451	2768
2769	2768
775	2769
776	2769
778	2457
2454	2457
2456	2457
779	2456
2459	1023
3369	1023
2458	3369
3451	3369
3370	3369
2460	3370
3371	3370
2461	3371
1024	3371
782	1024
781	2460
2458	781
2463	3349
3350	3349
2462	3350
3351	3350
784	3351
2464	3351
785	3351
2468	3343
787	3343
2469	3343
3342	3343
2470	3342
3341	3342
788	3341
2472	2784
2785	2784
2471	2785
791	2785
790	791
2477	2802
2478	2802
2803	2802
794	2803
793	2477
3453	2482
3452	2482
2481	2482
799	2481
797	2481
3366	799
3453	3366
3365	3366
3364	3365
3454	3364
2479	3364
798	3364
796	798
2480	2479
795	2480
3453	795
2488	2814
2815	2814
2487	2815
802	2815
801	802
804	2836
2493	2836
2837	2836
2494	2837
805	2837
2496	2848
2495	2848
2849	2848
807	2849
808	2849
810	2852
2501	2852
2853	2852
2502	2853
811	2853
2506	814
2504	2506
2505	2506
2503	2505
813	2505
816	2877
817	2877
819	820
822	823
825	2515
826	2515
828	829
2517	832
2516	2517
831	2517
2521	2912
3455	2912
2913	2912
2523	2913
835	2913
2522	2523
2521	2522
834	2522
2525	838
2527	838
2524	2527
2526	2527
837	2526
2529	2530
2528	2530
3456	2530
841	2530
840	841
2528	840
843	844
846	847
2544	850
849	2544
852	853
855	2570
856	2570
2572	859
2571	2572
858	2572
2574	2940
2575	2940
2941	2940
2576	2941
2942	2941
862	2942
861	2574
3460	3459
2579	2586
3457	2586
2585	2586
3458	2585
3459	2585
2584	2585
865	2584
2581	865
2580	2581
3460	2580
864	2580
2577	864
3458	2577
2578	2577
3457	2578
2579	2578
2589	2593
2592	2593
3461	2592
868	2592
2590	868
2587	2590
867	2590
2588	2587
2589	2588
2595	2597
2596	2597
2594	2596
871	2596
870	871
2603	2955
2602	2955
2956	2955
873	2956
874	2956
876	2609
2604	2609
2608	2609
877	2608
2605	880
2606	880
879	2606
2611	883
2612	883
2610	2612
882	2612
2616	886
2617	886
885	2617
2618	889
888	889
2619	892
891	2619
2626	895
894	895
2630	2639
2631	2639
898	2639
2629	2630
897	2629
2634	901
2636	901
2633	2636
2635	2636
2632	2635
900	2635
2640	2643
904	2643
903	904
2644	2986
907	2986
906	907
909	910
912	913
915	2991
2647	2991
916	2991
2648	919
918	919
921	922
2649	3002
2650	3002
3003	3002
2651	3003
925	3003
924	2649
2654	2667
2656	2667
928	2667
2653	2656
2655	2656
2652	2655
927	2655
2658	2663
3462	2663
2660	2663
931	2663
2659	2660
2657	2659
930	2659
2658	2657
2664	2665
934	2665
933	934
2668	2674
3463	2674
2673	2674
2670	2673
937	2673
2669	2670
2668	2669
936	2669
2676	3014
3464	3014
3015	3014
940	3015
2677	940
939	2677
2675	939
2676	2675
2680	3017
943	3017
2679	2680
2678	2679
942	2679
2682	946
2683	946
2681	2683
945	2683
2684	2698
3465	2698
2697	2698
2686	2697
949	2697
2685	2686
2684	2685
948	2685
2688	2693
3466	2693
2692	2693
3467	2692
2691	2692
3468	2691
952	2691
2689	952
951	2689
2687	951
3467	2687
3466	2687
2688	2687
2702	955
2700	2702
2701	2702
2699	2701
954	2701
2704	3032
3033	3032
2703	3033
958	3033
957	958
960	961
963	2707
2705	2707
964	2707
2709	967
2708	2709
966	2709
2713	2716
2714	2716
970	2716
969	2714
2717	3041
973	3041
972	973
975	976
978	3049
979	3049
2732	982
981	2732
2733	2736
984	2736
985	2736
987	3053
988	3053
2738	991
990	2738
2742	994
993	2742
2743	997
996	997
2744	3076
2745	3076
3077	3076
1000	3077
999	2744
3469	3086
2750	3086
1003	3086
2749	2750
2746	2749
2748	2749
1002	2748
2747	2746
1001	2747
2753	1006
2756	1006
3470	2756
2755	2756
2752	2755
2751	2755
2754	2755
1005	2754
2753	2752
1011	1009
2759	1011
3367	1011
2758	3367
1010	3367
2757	1010
1008	1010
1011	2771
1014	2771
3367	1014
2761	1014
1010	2761
2760	2761
1013	2760
3473	3471
3474	3473
3476	3475
3476	3473
3477	3475
3471	1019
3368	1019
3473	3368
3475	3368
1018	3368
3477	1018
1017	1018
2766	1017
2765	2766
3476	2765
2764	2765
3474	2764
1016	2764
2762	1016
3472	2762
2763	2762
3471	2763
1015	2763
3478	2770
3479	2770
1022	2770
1024	1022
3371	1024
3478	3371
3480	3371
3370	3371
3481	3370
3482	3370
3369	3370
1018	3369
1023	3369
1021	1023
3368	1018
3481	3368
1019	3368
3480	1019
3478	1019
1020	1019
2772	1027
1026	2772
2773	1030
1029	1030
2782	2787
2783	2787
2786	2787
1033	2786
1032	2782
2789	3103
3483	3103
1036	3103
2791	1036
2790	2791
2788	2790
1035	2790
2789	2788
2793	1039
2794	1039
2792	2794
1038	2794
2795	2805
2796	2805
3484	2805
2804	2805
2797	2804
1042	2804
2796	2797
1041	2796
2807	1045
2809	1045
2806	2809
2808	2809
1044	2808
2811	3149
3150	3149
2810	3150
1048	3150
1047	1048
2812	2817
2813	2817
2816	2817
1051	2816
1050	2812
2819	3153
3485	3153
3154	3153
2820	3154
1054	3154
1053	2820
2818	1053
2819	2818
2821	1057
2822	1057
1056	2822
2825	1060
2824	2825
2823	2824
1059	2824
2827	1063
2828	1063
2826	2828
1062	2828
3488	3486
3487	3175
3486	3175
3176	3175
2831	3176
1066	3176
2830	2831
3488	2830
1065	2830
2829	1065
3487	2829
1064	2829
2835	1069
2833	2835
2834	2835
2832	2834
1068	2834
2838	1072
1071	2838
2839	1075
1074	1075
2840	2858
1078	2858
1077	2840
3489	2856
2857	2856
2843	2857
1081	2857
2842	2843
2841	2842
1080	2842
1079	2841
2847	1084
2845	2847
2846	2847
2844	2846
1083	2846
2850	2855
2851	2855
2854	2855
1087	2854
1086	2850
2860	1090
2859	2860
1089	2860
3490	3200
2866	3200
1093	3200
2865	2866
2864	2865
1092	2865
1091	2864
2868	1096
2870	1096
2867	2870
2869	2870
1095	2869
2872	2879
3491	2879
2878	2879
2873	2878
1099	2878
2871	2873
1098	2873
2872	2871
2881	1102
2883	1102
2880	2883
2882	2883
1101	2882
2885	2893
2892	2893
2884	2892
1105	2892
1104	1105
3492	3206
2897	3206
1108	3206
2896	2897
2894	2896
1107	2896
2895	2894
1106	2895
2899	2907
2898	2907
2906	2907
1110	2906
1111	2906
2909	1114
2911	1114
2908	2911
2910	2911
1113	2910
1116	3219
2922	3219
1117	3219
2926	1120
2927	1120
1119	2927
2928	3238
1122	3238
1123	3238
1125	1126
1128	1129
2937	2944
2938	2944
2943	2944
2939	2943
1132	2943
1131	2937
2946	3244
3493	3244
1135	3244
2947	1135
2945	2947
1134	2947
2946	2945
2948	1138
1137	1138
2951	1141
1140	2951
2952	1144
1143	1144
1146	2958
2953	2958
2957	2958
2954	2957
1147	2957
2963	1150
2960	2963
2962	2963
2959	2962
2961	2962
1149	2961
2966	3265
2965	3265
1153	3265
2967	1153
2964	2967
1152	2967
2968	2969
1156	2969
1155	1156
2970	3273
1159	3273
1158	1159
1161	1162
1164	1165
1167	1168
1170	3159
2971	3159
3158	3159
2972	3158
3157	3158
1171	3157
2974	2976
2973	2976
2975	2976
1173	2975
1174	2975
2978	2979
2977	2979
1177	2979
1176	1177
2981	1180
2980	2981
1179	2981
2982	2987
3494	2987
1183	2987
2983	1183
2982	2983
1182	2983
2984	1186
2985	1186
1185	2985
1188	3155
2998	3155
1189	3155
2999	1192
1191	1192
3000	3005
3001	3005
3004	3005
1195	3004
1194	3000
3007	3152
3151	3152
3006	3151
1198	3151
1197	1198
3008	3148
3009	3148
3147	3148
1201	3147
1200	3008
3011	1204
3013	1204
3010	3013
3012	3013
1203	3012
3016	1207
1206	3016
3018	1210
1209	3018
3020	1213
3019	3020
1212	3020
3021	3127
1215	3127
1216	3127
3026	3035
3027	3035
3034	3035
1219	3034
1218	3026
3029	1222
3031	1222
3028	3031
3030	3031
1221	3030
3037	3136
3036	3136
1225	3136
1224	1225
1227	1228
1230	1231
3040	3042
1234	3042
1233	3040
3044	1237
3043	3044
1236	3044
3046	1240
3045	3046
1239	3046
3047	1243
3048	1243
1242	3048
1245	3056
3050	3056
1246	3056
3051	1249
3052	1249
1248	3052
3057	1252
3058	1252
1251	3058
3062	3140
3063	3140
1255	3140
1254	3063
3495	3078
3069	3078
3070	3078
1258	3078
3068	3069
3067	3068
1257	3068
1256	3067
3073	3075
3072	3075
3074	3075
3071	3074
1261	3074
1260	1261
3079	3112
1264	3112
1263	1264
3082	3087
1267	3087
1266	3082
3091	3098
1270	3098
1269	1270
3100	1273
3099	3100
1272	3100
3101	1276
3102	1276
1275	3102
3113	3144
1279	3144
1278	1279
1281	1282
1284	1285
1287	1288
1290	1291
3124	3143
1294	3143
1293	3124
3125	3128
3126	3128
1297	3128
1296	3126
3129	3142
3130	3142
1300	3142
1299	3130
3135	1303
3134	3135
1302	3135
1305	3141
3139	3141
1306	3141
3156	1309
1308	1309
3162	1312
3164	1312
3161	3164
3163	3164
3160	3163
1311	3163
3169	1315
3166	3169
3168	3169
3165	3168
3167	3168
1314	3167
3172	3174
3171	3174
3173	3174
3170	3173
1318	3173
1317	1318
1320	1321
1323	3177
1324	3177
3179	1327
3178	3179
1326	3179
3180	3275
1329	3275
1330	3275
3185	3283
3186	3283
1333	3283
1332	3185
3190	1336
3188	3190
3189	3190
3187	3189
1335	3189
3192	1339
3194	1339
3191	3194
3193	3194
1338	3193
3196	3199
3195	3199
1342	3199
1341	1342
1344	1345
1347	1348
1350	3291
1351	3291
1353	3201
1354	3201
3203	1357
3202	3203
1356	3203
3204	1360
1359	1360
3205	3207
1363	3207
1362	3205
3210	1366
3209	3210
3208	3209
1365	3209
3212	1369
3213	1369
3211	3213
1368	3213
3218	1372
3217	3218
1371	3218
1374	3312
3228	3312
1375	3312
3232	1378
1377	1378
1380	3239
3237	3239
1381	3239
3240	1384
3241	1384
1383	3241
3242	3245
3243	3245
1387	3245
1386	3243
3246	1390
3247	1390
1389	3247
3248	1393
1392	1393
1395	3255
3249	3255
1396	3255
3250	1399
1398	1399
3257	1402
3256	3257
1401	3257
3258	1405
3259	1405
1404	3259
3260	3266
3261	3266
1408	3266
1407	3261
3267	3276
3268	3276
1411	3276
1410	3268
3269	3274
3270	3274
1414	3274
1413	3270
3271	1417
3272	1417
1416	3272
1419	3334
3286	3334
1420	3334
3287	3336
1423	3336
1422	1423
1425	1426
1428	1429
1431	3292
3290	3292
1432	3292
3296	3303
1434	3303
1435	3303
3304	3313
3305	3313
1438	3313
1437	3305
3314	1441
3315	1441
1440	3315
3316	3335
1444	3335
1443	1444
1446	1447
1449	3331
1450	3331
3332	3333
1452	3333
1453	3333
1491	37
3500	3498
3500	3499
1495	3499
1468	3499
1465	3499
19	3499
3496	3499
3498	3499
1456	3498
10	3498
3497	3498
7	3497
1497	3497
3500	3497
1495	3500
4	1497
0	1497
1462	1456
1458	1456
13	1458
16	13
19	1462
1493	1468
1471	1468
1491	1471
22	1471
25	22
31	25
28	25
34	31
1510	3
1	3
41	1
43	1510
46	43
55	46
52	46
49	46
5	6
3502	9
3501	9
8	9
57	8
56	57
1527	56
3502	1527
61	1527
3504	1533
1459	1533
12	1533
1457	1459
3503	1457
62	1457
11	1457
64	62
67	64
3504	67
3505	15
14	15
1535	14
1534	14
68	1534
70	1535
73	70
76	73
3506	18
1463	18
17	1463
77	17
79	77
82	79
3516	3508
3516	3509
3516	3510
3517	3510
3517	3511
3518	3511
3518	3512
3519	3512
3519	3513
3519	3514
3514	3507
3522	3515
3522	3516
3522	3517
3523	3517
3523	3518
3523	3519
3523	3520
3520	3514
3524	3522
3524	3523
3524	3520
1467	3524
1470	3524
3520	3524
1473	3520
3514	3520
21	3514
3507	3514
1555	3507
3513	3507
88	3513
3512	3513
85	3512
3511	3512
1551	3511
3510	3511
1549	3510
3509	3510
3508	3509
1547	3508
83	3508
3515	3508
20	3515
3521	3515
1467	3521
1557	24
1556	24
23	24
89	1556
91	1557
26	27
3528	3527
3529	3527
3529	3525
3531	3528
3531	3529
112	3529
1602	3529
3525	3529
109	3525
106	3525
1594	3525
3527	3525
103	3527
3526	3527
97	3526
1572	3526
3528	3526
92	3528
3530	3528
93	3530
3532	3530
115	3530
3531	3530
112	3531
30	115
29	30
93	29
100	97
32	33
114	35
3537	3534
3539	3533
3536	3533
3537	3533
3540	3537
3541	3537
3544	3538
3544	3539
3544	3540
3540	3536
3545	3541
3546	3541
3546	3542
3549	3544
3549	3545
3545	3540
3550	3546
3550	3547
3550	3549
3550	3545
1512	3550
3547	3550
42	3547
1613	3547
3546	3547
3542	3546
124	3542
121	3542
3537	3542
3541	3542
3534	3537
118	3534
1606	3534
3533	3534
3535	3533
113	3535
3538	3535
3539	3535
114	3538
3543	3538
36	3543
3548	3543
3549	3543
39	3548
1512	3548
3552	2
1498	2
1496	1498
1494	1496
3551	1494
1492	1494
38	1492
40	38
3552	40
3557	3554
3557	3555
45	3555
142	3555
3553	3555
136	3555
3554	3555
133	3554
1617	3554
3556	3554
125	3556
1615	3556
3557	3556
44	3557
45	3557
130	1617
127	1617
1621	136
139	1621
142	139
47	48
3558	1645
3559	1645
1647	1645
140	1647
141	1647
1649	1647
50	1649
51	1649
145	140
3558	145
148	145
154	148
151	148
157	154
160	157
3563	3561
60	3561
63	3561
163	3561
3560	3561
161	3560
1646	3560
1648	3560
3563	3560
1650	3563
3562	3563
1529	3563
60	3563
54	1529
53	54
1650	53
3565	1536
3566	1536
66	1536
65	66
164	65
1655	164
3565	1655
3564	1655
166	1655
1657	166
169	1657
3565	169
69	169
3569	3567
3571	3569
3572	3569
3572	3570
1677	3570
1673	3570
1661	3570
1659	3570
3567	3570
3569	3570
175	3567
172	3567
3568	3567
170	3568
71	3568
3571	3568
72	3571
3572	3571
184	3572
1677	3572
1663	1661
181	1663
1665	1663
178	1665
74	75
185	74
3576	3573
1691	3573
1689	3573
182	3573
1676	3573
3574	3573
3575	3573
3577	3575
1548	3575
1550	3575
3576	3575
1552	3576
1693	3576
1691	3576
84	1693
81	1548
80	81
1680	80
183	80
3574	1680
1676	1680
3581	3578
3579	3578
3584	3580
3584	3581
3585	3581
3586	3581
3586	3579
3582	3579
3588	3584
3589	3584
3589	3585
3590	3585
3590	3586
3591	3586
3591	3582
3587	3582
3593	3589
3594	3589
3594	3590
3595	3590
3595	3591
3595	3587
3592	3587
90	3587
1576	3587
3582	3587
3579	3582
96	3579
187	3579
3578	3579
179	3578
3580	3578
3583	3580
180	3583
1690	3583
1692	3583
3588	3583
1694	3588
3593	3588
86	3593
3594	3593
87	3594
3595	3594
1558	3595
3592	3595
90	3592
98	99
188	98
1720	1726
3597	1726
102	1726
3596	102
101	102
191	101
193	191
1714	193
3597	1714
196	1714
1720	196
208	105
1597	105
205	1597
202	1597
1727	1597
104	1597
200	1727
214	108
107	108
212	107
220	1607
218	1607
1603	1607
111	1607
110	1603
223	120
119	120
221	119
3598	1618
123	1618
122	123
229	122
227	122
126	229
1784	129
1781	129
128	129
232	128
230	128
244	1784
241	1784
235	1784
238	235
131	132
3600	135
134	135
3599	134
246	134
245	246
1797	245
3600	1797
250	1797
3601	138
1622	138
251	1622
137	1622
253	251
256	253
144	256
146	147
149	150
255	149
259	255
254	255
262	259
3602	153
152	153
266	152
1811	266
3603	1811
1813	1811
3604	1813
1815	1813
3605	1815
1817	1815
268	1817
271	268
1820	271
3604	1820
3603	1820
274	1820
3602	274
155	156
1822	159
158	159
273	158
1656	1822
272	1822
165	272
3606	168
1658	168
269	1658
167	1658
270	167
277	269
1828	277
171	1828
1832	280
283	1836
1834	1836
174	1836
1832	174
1829	174
173	174
278	1829
3611	177
3610	177
1666	177
3609	1666
1664	1666
3608	1664
1662	1664
1660	1662
1837	1660
176	1660
287	1837
289	287
1841	289
3609	1841
3610	1841
1844	1841
3611	1844
3607	1844
292	1844
192	292
186	192
189	192
3611	186
3614	3613
1716	3613
301	3613
298	3613
3612	3613
295	3612
293	3612
3614	3612
194	3614
1716	3614
195	301
3618	3615
3618	3616
1878	3616
307	3616
304	3616
3615	3616
302	3615
3617	3615
197	3617
1723	3617
3618	3617
198	3618
1880	3618
1878	3618
201	1880
310	307
1881	204
203	204
1879	1881
319	1879
311	1879
313	311
316	313
3623	3619
3623	3620
3624	3620
3624	3621
3625	3623
3626	3623
3626	3624
3627	3626
334	3626
3624	3626
331	3624
3621	3624
328	3621
1907	3621
325	3621
3620	3621
3619	3620
323	3619
206	3619
207	3619
3622	3619
215	3622
216	3622
3625	3622
219	3625
3627	3625
222	3627
334	3627
209	210
1913	225
224	225
335	224
231	1913
3634	3629
3635	3629
3635	3630
3636	3630
3636	3631
3637	3631
3637	3632
3633	3628
3634	3628
3639	3634
3640	3634
3640	3635
3641	3635
3641	3636
3642	3636
3642	3637
3643	3639
3639	3633
3644	3640
3645	3640
3645	3641
3645	3642
3646	3642
3647	3644
3644	3639
3648	3645
3648	3646
3648	3644
233	3648
1783	3648
3646	3648
1786	3646
3642	3646
3637	3642
234	3637
3632	3637
349	3632
346	3632
3631	3632
1922	3631
3630	3631
343	3630
3629	3630
3628	3629
340	3628
337	3628
332	3628
3638	3628
333	3638
3643	3638
3647	3643
1914	3647
233	3647
350	237
236	237
3650	1952
3649	1952
1954	1952
3651	1954
1956	1954
353	1956
239	1956
240	1956
355	353
3649	355
358	355
3650	358
361	358
364	361
367	364
370	367
373	370
3655	3652
3655	3653
258	3653
374	3653
1953	3653
3652	3653
1955	3652
3654	3652
1957	3654
243	3654
1799	3654
249	3654
3655	3654
252	3655
258	3655
242	243
3656	261
260	261
372	260
1961	372
376	372
371	372
379	1961
267	276
3662	3657
3662	3658
279	3658
397	3658
394	3658
391	3658
3657	3658
1976	3657
3660	3657
3661	3657
1818	3661
3662	3661
267	3662
279	3662
1816	1818
3659	1816
1814	1816
1812	1814
385	1812
263	1812
264	1812
382	263
380	263
388	385
3660	388
1976	388
3663	1986
1833	1986
1835	1986
282	1986
281	1833
398	281
400	398
403	400
2014	285
284	285
3665	284
1987	284
3664	1987
1993	1987
406	1987
404	1987
1996	1993
2012	1996
409	1996
2010	409
2002	409
412	2002
415	412
2014	2012
3665	2014
3669	3666
3669	3667
3670	3667
294	3667
416	3667
2011	3667
3666	3667
2013	3666
3668	3666
2015	3668
290	3668
1843	3668
3669	3668
1846	3669
3670	3669
291	3670
294	3670
418	297
296	297
414	296
413	414
3672	300
299	300
2047	299
3671	299
422	299
424	422
442	424
427	424
439	427
430	427
436	430
433	430
445	442
2047	445
448	2047
303	448
454	2070
2059	2070
3673	2070
306	2070
305	306
3674	305
449	305
2055	449
451	2055
2059	451
3673	2059
3676	309
308	309
2072	308
3675	2072
458	2072
460	458
463	460
3676	463
312	463
3681	3677
3681	3678
3683	3680
3684	3680
3684	3681
3684	3682
486	3682
480	3682
477	3682
3681	3682
3678	3681
2090	3678
474	3678
3677	3678
466	3677
464	3677
3679	3677
3680	3677
314	3679
315	3679
2104	3679
3683	3679
2100	3683
3684	3683
486	3684
469	466
483	480
2107	318
317	318
1909	2107
2103	2107
487	2103
327	487
338	487
339	487
320	321
329	330
492	342
489	342
341	342
484	341
485	341
345	507
501	345
1924	345
498	1924
496	1924
344	1924
354	348
508	348
347	348
2124	505
2124	357
356	357
506	356
513	2124
510	2124
522	360
359	360
517	359
519	517
362	363
2146	366
365	366
523	365
524	365
528	523
1963	2146
531	2146
534	531
381	534
378	381
368	369
383	384
386	387
543	386
533	386
540	533
532	533
537	532
3685	390
1978	390
2171	1978
549	1978
389	1978
547	389
552	2171
555	552
558	555
559	393
392	393
562	396
395	396
3688	402
401	402
560	401
3687	560
557	560
556	557
564	556
2179	564
3688	2179
2181	2179
3686	2181
2183	2181
2189	2183
2187	2183
2185	2183
567	2185
3688	2189
405	2189
3690	408
1998	408
3691	1998
1995	1998
2190	1995
407	1995
2188	2190
3689	2188
568	2188
570	568
3690	570
573	570
576	573
3691	3690
3693	411
2005	411
2199	2005
579	2005
410	2005
577	410
3692	2199
582	2199
426	582
425	426
3693	425
417	425
419	420
2201	429
428	429
583	428
586	432
431	432
588	586
435	606
3695	435
434	435
592	434
2217	592
3694	2217
2219	2217
2223	2219
594	2219
597	2223
600	597
603	600
3695	603
437	438
441	604
440	441
3698	2243
3697	2243
444	2243
3696	444
443	444
602	443
601	602
609	601
3697	609
3698	609
612	609
615	612
616	2056
3699	2056
447	2056
2049	447
2244	2049
446	2049
616	2244
3702	3701
2255	3701
627	3701
621	3701
618	3701
3700	3701
613	3700
614	3700
3702	3700
452	3702
630	3702
2255	3702
2062	630
633	630
453	633
636	633
624	621
3704	456
455	456
637	455
639	637
3703	639
2277	639
642	639
645	2277
459	645
3704	459
461	462
646	461
651	646
648	646
654	651
467	468
655	467
3710	3707
3707	3705
3711	3708
3712	3710
3712	3711
3711	3707
473	3711
683	3711
3708	3711
678	3708
672	3708
3705	3708
3707	3708
669	3705
666	3705
3706	3705
663	3706
660	3706
3709	3706
3710	3706
2308	3709
3712	3709
649	3712
650	3712
470	3712
473	3712
658	470
675	672
2091	2332
476	2332
475	2091
3716	3714
3717	3714
3715	3713
3716	3713
3721	3716
3722	3716
3722	3717
3723	3717
3723	3718
3724	3718
3725	3715
3720	3715
3721	3715
3726	3721
3727	3721
3727	3722
3728	3722
3728	3723
3729	3723
3729	3724
3726	3720
3730	3727
3731	3727
3731	3728
3731	3729
491	3729
2344	3729
3724	3729
692	3724
689	3724
3718	3724
2337	3718
3717	3718
3714	3717
686	3714
3713	3714
679	3713
682	3713
3719	3713
2333	3719
478	3719
3725	3719
479	3725
3726	3725
3730	3726
490	3730
3731	3730
491	3731
481	482
2346	494
493	494
701	2346
698	2346
693	2346
695	693
499	500
3733	2125
3732	2125
503	2125
502	503
700	502
699	700
509	699
3733	509
2359	2363
3734	2363
2365	2363
511	2365
512	2365
697	511
696	697
2359	696
3738	3735
3738	3736
719	3736
716	3736
713	3736
710	3736
3735	3736
707	3735
705	3735
2364	3735
3737	3735
2366	3737
3739	3737
3738	3737
518	3738
719	3738
515	518
514	515
2366	514
3740	521
520	521
720	520
725	720
722	720
730	725
527	730
2147	530
736	2147
529	2147
733	529
731	529
538	539
742	538
737	538
739	737
3744	3741
3745	3743
3745	3744
2414	3744
751	3744
2410	3744
3741	3744
2407	3741
2405	3741
3743	3741
2403	3743
3742	3743
541	3742
542	3742
2416	3742
3745	3742
2414	3745
746	541
748	2407
3747	545
2417	545
544	545
2415	2417
3746	2415
752	2415
2418	752
754	2418
2426	754
2420	754
2422	2420
760	2422
757	2422
2428	2426
3747	2428
548	2428
3748	551
2173	551
3749	2173
550	2173
2429	550
3748	2429
2427	2429
761	2427
553	554
759	553
2446	759
758	759
763	758
2444	763
2442	763
766	763
769	766
772	769
3753	3750
3754	3752
3755	3752
3755	3753
2184	3753
2186	3753
566	3753
3750	3753
778	3750
775	3750
773	3750
3751	3750
3752	3750
2443	3751
2445	3751
3754	3751
2447	3754
2180	3754
2182	3754
3755	3754
2184	3755
565	2180
569	778
3758	3756
3759	3758
584	3758
587	3758
2475	3758
3756	3758
2473	3756
790	3756
787	3756
3757	3756
2465	3757
3760	3757
3759	3757
2202	3759
584	3759
581	2202
2465	581
2200	581
3761	2200
580	2200
572	580
571	572
784	571
779	571
781	779
2465	784
793	2475
796	793
574	575
3766	3764
2218	3764
3765	3764
2499	3764
3763	3764
2497	3763
3762	3763
2483	3763
797	3763
589	3763
3766	3763
590	3766
2218	3766
801	2483
2489	801
2497	2489
2491	2489
807	2491
804	2491
813	2499
810	2499
593	813
2220	593
2218	2220
2513	596
2226	596
2511	2226
595	2226
2509	595
814	595
819	814
816	814
823	599
598	599
825	823
828	825
829	611
610	611
2518	831
3768	620
619	620
3767	619
827	619
826	827
2518	826
3768	2518
834	2518
837	834
840	837
622	623
3771	2545
3770	2545
2548	2545
3769	2548
839	2548
626	2548
625	626
838	839
2532	838
2534	2532
3770	2534
2536	2534
3771	2536
2538	2536
846	2538
2542	2538
2540	2538
843	2540
849	846
3775	3773
3776	3773
3776	3774
2552	3774
850	3774
2547	3774
3773	3774
2550	3773
3772	3773
628	3772
2258	3772
3775	3772
629	3775
2556	3775
3776	3775
2554	3776
2552	3776
3780	3779
3779	3777
3781	3779
2555	3781
3782	3781
2566	3781
2564	3781
3779	3781
3777	3779
855	3777
852	3777
2562	3777
3778	3777
2560	3778
2558	3778
2553	3778
3780	3778
2555	3780
847	2553
848	2553
2568	2566
2557	2568
631	2568
632	2568
2555	2557
3785	3784
635	3784
638	3784
858	3784
3783	3784
856	3783
2565	3783
2567	3783
3785	3783
2569	3785
634	3785
635	3785
861	641
859	641
640	641
2312	644
2278	644
659	2278
643	2278
867	643
865	643
652	653
661	662
868	661
2598	665
664	665
871	664
873	2598
876	873
667	668
3790	3787
3791	3787
3792	3787
3792	3788
3793	3788
3790	3786
3795	3790
3796	3790
3796	3791
3797	3791
3797	3792
3798	3792
3798	3793
3795	3789
3800	3795
3801	3795
3801	3796
3802	3796
3802	3797
3800	3794
3803	3801
3804	3801
3804	3802
894	3802
2623	3802
3798	3802
3797	3802
2620	3798
3793	3798
891	3793
888	3793
3788	3793
885	3788
2613	3788
3787	3788
3786	3787
882	3786
3789	3786
877	3789
3794	3789
878	3794
3799	3794
670	3799
671	3799
3803	3799
3800	3799
2627	3803
3804	3803
894	3804
2628	674
673	674
897	2628
895	2628
676	677
901	676
3805	2641
3806	2641
688	2641
2339	688
898	2339
687	2339
899	687
3805	898
903	898
3809	3807
912	3807
909	3807
2642	3807
3808	3807
690	3808
3810	3808
2361	3808
3809	3808
703	3809
2645	3809
912	3809
706	2645
694	2361
691	694
690	691
906	2642
904	2642
3811	709
708	709
2646	708
915	2646
913	2646
918	915
921	918
924	712
922	712
711	712
927	924
714	715
931	714
717	718
934	717
723	724
932	723
928	932
929	932
3812	729
726	729
937	726
942	937
939	937
945	942
948	945
951	948
732	951
734	735
952	734
3813	741
740	741
950	740
949	950
954	949
957	954
960	957
963	960
3817	3814
3817	3815
2408	3815
747	3815
969	3815
2710	3815
966	3815
3814	3815
964	3814
743	3814
3816	3814
744	3816
2404	3816
3817	3816
2406	3817
2408	3817
3820	3819
3821	3819
3823	3821
3823	3822
3824	3822
2724	3822
2722	3822
3821	3822
2720	3821
3819	3821
2718	3819
3818	3819
972	3818
970	3818
749	3818
3820	3818
2412	3820
3823	3820
750	3823
3824	3823
2419	3824
753	3824
975	3824
2724	3824
2423	756
2734	2423
3825	2423
2421	2423
2726	2421
976	2421
755	2421
2728	2726
2734	2728
2730	2728
984	2730
981	2730
978	2730
3826	765
764	765
2735	764
985	2735
767	768
983	767
987	983
982	983
3831	3828
3831	3829
3832	3829
3834	3830
3834	3831
3834	3832
774	3832
1008	3832
1005	3832
3829	3832
3827	3829
3828	3829
993	3828
3830	3828
2740	3830
3833	3830
991	3833
770	3833
771	3833
3834	3833
774	3834
996	993
1002	996
999	996
1005	1002
1013	1008
1016	1013
3835	777
1021	3835
1017	3835
776	3835
3835	776
3842	3836
3842	3837
3843	3837
3843	3838
3844	3838
3844	3839
3846	3840
3846	3841
3846	3842
3847	3842
3847	3843
3344	3843
3844	3843
788	3844
3839	3844
2780	3839
2778	3839
3838	3839
2776	3838
3837	3838
2774	3837
3836	3837
1029	3836
3840	3836
3841	3836
1026	3840
3845	3840
1009	3845
3848	3845
3846	3845
783	3846
3847	3846
3344	3847
782	783
1012	782
1022	782
1009	1012
789	2780
1032	2780
3849	3348
2467	3348
786	3348
3849	785
3850	2798
2476	2798
792	2798
2474	2476
1035	2474
1033	2474
791	2474
1038	1035
1041	1038
1050	1047
1042	2486
2801	2486
794	2486
795	2486
1044	1042
1050	1044
3851	803
2492	803
3852	2492
2490	2492
1051	2490
802	2490
1053	1051
1056	1053
1059	1056
1062	1059
3851	1062
1065	1062
1068	1065
1071	1069
1074	806
1071	806
805	806
1077	1074
1080	1077
3854	809
2500	809
3853	2500
2498	2500
808	2498
3854	808
1084	808
1086	1084
2874	1098
811	812
1087	811
1078	1087
1079	1087
2874	1078
1089	1078
2861	1089
1095	2861
1092	2861
2876	817
3857	3855
3858	3855
1101	3855
1099	3855
3856	3855
2876	3856
818	3856
3857	3856
2890	3857
2888	3857
3858	3857
2886	3858
1104	3858
1101	3858
3862	3861
2904	3861
2902	3861
2889	3861
2891	3861
3860	3861
2510	3860
2512	3860
3862	3860
2514	3862
2904	3862
821	2904
830	2904
824	830
820	2510
3859	2889
2887	2889
2900	2887
1107	2887
1105	2887
1110	1107
2902	2900
3865	3864
3866	3864
1111	3864
2901	3864
2903	3864
3863	3864
2905	3863
3865	3863
832	3865
2520	3865
3866	3865
833	3866
1113	3866
1111	3866
2923	2541
2920	2541
2539	2541
2918	2539
2537	2539
2535	2537
2916	2535
2533	2535
2914	2533
836	2533
835	836
1114	835
1116	2920
1119	2923
1125	1119
1122	1119
2931	2563
3868	2563
2561	2563
3867	2561
2559	2561
2543	2559
845	2559
844	2543
1126	844
1128	1126
2929	1128
3868	2929
2931	2929
3872	3870
3873	3870
3872	3869
2932	3872
853	3872
854	3872
3873	3872
857	3873
860	3873
3870	3873
1131	3870
3869	3870
2935	3869
3871	3869
2933	3871
2930	3871
2932	3871
1129	2930
3878	3875
3879	3875
3879	3876
3880	3878
3878	3874
3881	3879
3881	3878
862	3881
866	3881
869	3881
3879	3881
2601	3879
3876	3879
872	3876
1143	3876
3875	3876
1140	3875
3874	3875
2949	3874
3877	3874
1137	3877
1132	3877
3880	3877
862	3880
1134	1132
1146	1143
863	866
3882	875
1147	875
874	875
1149	1147
1152	1149
1155	1152
881	1155
1164	884
2615	884
1161	2615
883	2615
1156	883
1158	1156
1168	887
886	887
1170	1168
889	890
1174	889
902	893
2625	893
905	2625
1185	2625
2622	2625
1182	2622
1179	2622
892	2622
1177	892
907	908
3883	911
910	911
1184	910
1183	1184
2988	1183
914	2988
3887	3886
1191	3886
1188	3886
2996	3886
2994	3886
3885	3886
3884	3885
916	3885
3887	3885
917	3887
1191	3887
2990	916
1181	2990
1180	1181
2992	1180
2994	2992
1194	920
919	920
1192	919
3888	926
925	926
1195	925
1203	1195
1197	1195
1200	1197
938	1203
935	938
940	941
1204	940
956	944
3890	944
943	944
1207	943
3889	1207
1209	1207
1212	1209
3022	1212
1215	1212
3024	3022
3890	3024
1218	3024
1221	1218
956	1221
946	947
958	959
1219	962
961	962
1220	961
3038	1219
1224	1219
1227	3038
3892	968
3891	968
2712	968
967	2712
1228	967
1230	1228
3892	1230
1233	1230
971	1233
3896	3895
3897	3895
2729	3895
2731	3895
977	3895
1242	3895
3894	3895
3893	3894
2721	3894
2723	3894
3896	3894
2725	3896
3897	3896
2727	3897
2729	3897
974	2727
2719	2721
1236	2719
1234	2719
973	2719
1239	1236
1242	1239
979	980
1248	979
1245	979
1243	979
3054	2741
988	2741
989	2741
1249	988
3900	3898
3901	3898
3902	3898
3904	3899
3904	3900
3905	3900
3906	3900
3906	3901
3907	3901
3907	3902
3908	3905
3909	3905
3910	3905
3910	3906
3911	3906
3911	3907
3912	3907
3913	3910
3914	3910
3914	3911
3912	3911
3055	3912
994	3912
995	3912
3907	3912
3902	3907
1260	3902
3898	3902
1257	3898
3899	3898
3064	3899
3903	3899
1254	3903
3059	3903
3904	3903
3908	3904
1251	3908
3909	3908
3913	3909
1246	3913
3914	3913
1247	3914
3055	3914
997	998
3915	3083
1259	3083
1000	3083
1001	3083
1258	1259
1263	1258
3080	1263
1266	3080
3918	3916
3919	3916
3920	3916
3922	3917
3922	3918
3923	3918
3923	3919
3924	3919
3925	3919
3925	3920
3926	3922
3927	3922
3927	3923
3928	3923
3928	3924
3929	3924
3930	3927
3931	3927
3931	3928
3929	3928
1028	3929
3096	3929
3925	3929
3924	3929
3094	3925
3920	3925
3092	3920
3916	3920
1269	3916
3088	3916
3917	3916
1267	3917
3921	3917
3085	3921
3926	3921
1003	3926
3930	3926
1004	3930
1027	3930
3931	3930
1028	3931
1006	1007
1014	1015
3936	3934
3937	3934
3937	3935
3938	3935
1275	3935
1272	3935
3932	3935
3093	3935
3934	3935
3095	3934
3933	3934
3097	3933
2775	3933
2777	3933
3936	3933
2779	3936
3937	3936
2781	3937
3939	3937
3938	3937
1275	3938
1034	1275
1031	1034
2781	1031
1030	2775
1270	3093
1272	1270
3942	3940
3944	3941
3944	3942
3081	3942
1265	3942
3090	3942
3940	3942
1268	3940
3110	3940
3941	3940
3108	3941
3943	3941
3114	3943
1284	3943
3944	3943
1281	3944
3081	3944
1278	3081
1264	3081
3116	3114
3106	3116
1287	3116
3104	1287
1037	1287
1036	1037
1276	1036
1271	3110
3945	1040
1288	1040
1039	1040
3118	1288
1290	3118
1043	1290
1291	1046
1045	1046
3946	1291
3120	1291
1208	3120
1205	1208
1202	1205
1201	1202
1048	1049
1199	1048
1198	1199
1189	1055
1054	1055
1196	1054
1190	1196
1193	1196
1057	1058
3949	3947
3950	3947
3951	3947
3952	3951
1061	3951
1317	3951
1314	3951
1311	3951
3947	3951
1171	3947
3948	3947
1172	3948
1175	3948
2993	3948
3949	3948
2995	3949
3950	3949
2997	3950
3952	3950
1187	3952
1307	3952
1060	3952
1061	3952
1178	2993
1063	1064
3953	1067
1066	1067
1316	1066
1315	1316
1320	1315
1323	1320
1070	1323
3958	3957
3197	3957
1341	3957
1338	3957
1335	3957
1332	3957
3183	3957
3956	3957
3955	3956
1072	3956
3958	3956
1073	3958
1344	3958
3197	3958
3954	1072
1324	1072
1326	1324
1329	1326
3181	1329
3955	3181
3183	3181
1345	1076
1075	1076
1081	1082
3198	1091
2863	1091
1090	2863
1343	1090
1340	1094
1093	1094
1339	1340
1348	1097
1096	1097
1350	1348
1353	1350
1356	1103
1354	1103
1102	1103
1362	1356
1359	1356
3961	3959
3964	3960
3964	3961
3965	3961
3965	3962
2921	3962
1371	3962
3214	3962
1368	3962
3961	3962
3959	3961
1365	3959
1363	3959
1108	3959
1109	3959
3960	3959
3963	3960
1112	3963
2915	3963
3964	3963
2917	3964
3965	3964
2919	3965
2921	3965
1115	1371
1117	3220
3966	3220
3222	3220
1118	3222
2925	1118
1117	2925
3235	1121
1120	1121
3223	1120
3233	3223
1377	3223
3221	3223
3229	3221
3967	3221
1370	3221
3224	1370
3216	1370
1369	3216
3226	3224
1374	3226
3229	1374
1123	1124
1381	1123
2934	1381
1383	1381
2936	1383
1386	1383
1130	1386
1133	1386
3251	1398
1392	3251
1389	3251
1136	3251
1387	1136
1135	1136
3252	3253
2950	3253
1139	3253
1138	2950
1401	1396
3970	3968
3971	3968
3973	3970
3974	3970
3975	3970
3975	3971
3972	3969
3973	3969
3978	3973
3979	3973
3979	3974
3980	3974
3980	3975
3981	3975
3982	3972
3977	3972
3978	3972
3984	3978
3985	3978
3985	3979
3984	3977
1141	3984
1142	3984
3985	3984
1150	3985
3980	3985
3979	3985
3981	3980
1151	3981
3262	3981
3975	3981
3971	3975
1407	3971
1404	3971
3968	3971
3969	3968
1401	3969
3976	3969
3982	3976
1397	3982
3254	3982
3983	3982
3977	3982
1141	3983
1144	1145
3264	1154
1153	1154
1416	3264
1413	3264
1410	3264
1408	3264
1159	1160
3987	3339
1163	3339
3986	1163
1162	1163
1415	1162
1414	1415
3987	1414
1328	1414
1327	1328
3340	1166
1165	1166
1310	3340
3988	3340
1325	3340
1322	1325
1321	1322
1310	1321
3115	3122
3989	3122
3121	3122
1210	3122
1211	3122
1289	3121
3119	1289
3117	3119
1286	3119
3115	3117
3991	1214
3990	1214
1213	1214
3123	1213
1283	3123
3991	1283
1282	1283
1293	1282
1296	1293
3025	1217
3993	3025
3023	3025
3992	3023
1216	3023
1297	1216
1299	1297
3131	1299
3993	3131
1302	3131
1223	1302
3997	3994
3997	3995
3145	3995
1252	3995
3061	3995
3994	3995
1253	3994
3137	3994
3996	3994
1303	3996
3039	3996
1226	3996
3997	3996
3998	3997
3145	3997
1237	3145
1238	3145
1229	1237
1226	1229
1225	3039
1305	3137
1231	1232
4001	1241
4000	1241
1240	1241
3146	1240
3999	3146
1250	3146
1244	1250
4001	1244
4000	4001
3066	1256
1277	3066
1294	3066
1295	3066
1306	3066
1255	3066
1298	1306
4003	4002
3109	4002
3111	4002
1273	4002
4004	4002
1274	4004
3105	4004
4003	4004
3107	4003
3109	4003
1279	1280
1300	3138
3133	3138
1301	3138
1312	1313
4007	4005
3184	4005
3280	4005
3277	4005
4006	4005
1411	4006
1412	4006
4007	4006
1330	4007
3182	4007
3184	4007
1331	3280
4011	4008
3282	4008
4009	4008
3284	4008
4010	4008
1405	4010
1406	4010
1409	4010
4011	4010
3279	4011
3282	4011
1425	3284
1422	3284
1419	3284
1428	1425
3282	1428
3288	1428
1333	3288
1334	3288
4012	1337
1336	1337
3289	1336
1429	3289
1431	1429
1349	1431
1346	1349
4016	4013
4016	4014
4017	4014
3299	4014
3297	4014
3293	4014
4013	4014
1432	4013
4015	4013
1351	4015
1352	4015
4016	4015
1355	4016
3301	4016
4017	4016
3299	4017
1434	3293
3306	1437
4020	4018
3309	4018
3306	4018
3298	4018
3300	4018
4019	4018
3302	4019
4021	4019
4020	4019
3225	4020
3227	4020
1373	4020
3309	4020
1367	3225
3302	1367
1366	1367
1358	1366
1357	1358
1435	3298
1360	1361
3317	1443
4024	4022
4025	4024
3323	4024
3321	4024
3319	4024
4022	4024
3317	4022
1440	4022
3308	4022
3311	4022
4023	4022
1375	4023
4025	4023
3231	4025
1376	4025
1446	4025
3323	4025
1438	3308
3236	1379
4026	3236
3234	3236
3325	3234
1447	3234
1378	3234
3337	3325
3327	3325
3329	3327
1390	3329
1391	3329
1449	3329
1382	3337
3338	1385
1384	1385
1450	1394
1393	1394
1452	1450
4027	3285
1403	3285
4028	1403
1402	1403
1453	1402
4027	1453
1418	1453
4032	4030
4032	4029
4033	4031
4032	4031
3330	4032
1448	4032
1451	4032
4030	4032
1420	4030
3318	4030
3320	4030
4029	4030
3322	4029
4031	4029
4034	4031
3324	4034
1445	4034
3326	4034
4033	4034
3328	4033
3330	4033
1421	3318
1444	3318
1442	1424
1423	1424
3295	1433
4035	1427
1426	1427
1439	1426
3295	1439
1436	1439
1430	3295
1454	4
1455	4
1	1455
3	1455
5	7
6	7
8	10
9	10
11	1456
1457	1456
1457	1458
1459	1458
1459	13
12	13
1460	16
1461	16
14	1461
15	1461
17	1462
1463	1462
1463	19
18	19
1464	1465
1466	1465
20	1466
1467	1466
1466	1468
1469	1468
1467	1469
1470	1469
1469	1471
1472	1471
1470	1472
1473	1472
1472	22
1474	22
1473	1474
21	1474
1475	25
1476	25
23	1476
24	1476
26	28
27	28
1477	31
1479	31
1478	1479
1480	1479
29	1480
30	1480
1481	34
1483	34
1482	1483
1484	1483
32	1484
33	1484
1485	37
1488	37
1486	1488
1489	1488
1487	1489
1490	1489
35	1490
36	1490
38	1491
1492	1491
1492	1493
1494	1493
1494	1495
1496	1495
1496	1497
1498	1497
1498	0
2	0
1499	40
1502	40
1500	1502
1503	1502
1501	1503
1504	1503
36	1504
39	1504
1505	2
1507	2
1506	1507
1508	1507
41	1508
1	1508
1509	1510
1511	1510
39	1511
1512	1511
1511	43
1513	43
1512	1513
42	1513
1514	46
1515	46
44	1515
45	1515
1516	49
1517	49
47	1517
48	1517
1518	52
1519	52
50	1519
51	1519
1520	55
1521	55
53	1521
54	1521
1522	58
1523	58
56	1523
57	1523
1524	3
1525	3
59	1525
5	1525
57	6
8	6
1526	1527
1528	1527
54	1528
1529	1528
1528	61
1530	61
1529	1530
60	1530
62	9
11	9
1531	64
1532	64
60	1532
63	1532
65	67
66	67
68	1533
1534	1533
1534	12
14	12
66	1535
1536	1535
1536	70
69	70
1537	73
1538	73
71	1538
72	1538
1539	76
1540	76
74	1540
75	1540
1541	15
1542	15
77	1542
17	1542
75	79
78	79
1543	82
1544	82
80	1544
81	1544
1545	18
1546	18
83	1546
20	1546
81	1547
1548	1547
1548	1549
1550	1549
1550	1551
1552	1551
1552	85
84	85
1553	88
1554	88
86	1554
87	1554
89	1555
1556	1555
1556	21
23	21
87	1557
1558	1557
1558	91
90	91
1559	94
1562	94
1560	1562
1563	1562
1561	1563
1564	1563
92	1564
93	1564
95	24
26	24
1565	27
1567	27
1566	1567
1568	1567
93	1568
29	1568
1569	1572
1573	1572
1570	1573
1574	1573
1571	1574
1575	1574
90	1575
1576	1575
1573	97
1577	97
1574	1577
1578	1577
1575	1578
1579	1578
1576	1579
96	1579
1580	100
1583	100
1581	1583
1584	1583
1582	1584
1585	1584
98	1585
99	1585
1586	103
1589	103
1587	1589
1590	1589
1588	1590
1591	1590
101	1591
102	1591
1592	1594
1595	1594
1593	1595
1596	1595
104	1596
1597	1596
1595	106
1598	106
1596	1598
1599	1598
1597	1599
105	1599
1600	109
1601	109
107	1601
108	1601
110	1602
1603	1602
1603	112
111	112
1604	115
1605	115
113	1605
114	1605
116	30
32	30
114	33
35	33
111	1606
1607	1606
1607	118
117	118
1608	121
1609	121
119	1609
120	1609
1610	124
1611	124
122	1611
123	1611
1612	1613
1614	1613
125	1614
1615	1614
1614	42
1616	42
1615	1616
44	1616
123	1617
1618	1617
1618	127
126	127
1619	130
1620	130
128	1620
129	1620
131	133
132	133
134	136
135	136
137	1621
1622	1621
1622	139
138	139
1623	142
1624	142
140	1624
141	1624
143	45
47	45
1625	48
1626	48
141	1626
50	1626
1627	145
1629	145
1628	1629
1630	1629
138	1630
144	1630
1631	148
1633	148
1632	1633
1634	1633
146	1634
147	1634
1635	151
1637	151
1636	1637
1638	1637
149	1638
150	1638
1639	154
1641	154
1640	1641
1642	1641
152	1642
153	1642
155	157
156	157
1643	160
1644	160
158	1644
159	1644
161	1645
1646	1645
1646	1647
1648	1647
1648	1649
1650	1649
1650	51
53	51
1651	163
1652	163
159	1652
162	1652
1653	63
1654	63
164	1654
65	1654
162	1655
1656	1655
1656	166
165	166
167	1657
1658	1657
1658	169
168	169
170	69
71	69
168	172
171	172
173	175
174	175
176	1659
1660	1659
1660	1661
1662	1661
1662	1663
1664	1663
1664	1665
1666	1665
1666	178
177	178
1667	181
1669	181
1668	1669
1670	1669
179	1670
180	1670
1671	1673
1674	1673
1672	1674
1675	1674
182	1675
1676	1675
1674	1677
1678	1677
1675	1678
1679	1678
1676	1679
1680	1679
1678	184
1681	184
1679	1681
1682	1681
1680	1682
183	1682
1683	72
1685	72
1684	1685
1686	1685
185	1686
74	1686
1687	78
1688	78
183	1688
80	1688
180	1689
1690	1689
1690	1691
1692	1691
1692	1693
1694	1693
1694	84
86	84
1695	187
1698	187
1696	1698
1699	1698
1697	1699
1700	1699
177	1700
186	1700
1701	96
1703	96
1702	1703
1704	1703
188	1704
98	1704
186	190
189	190
1705	99
1707	99
1706	1707
1708	1707
191	1708
101	1708
1709	193
1711	193
1710	1711
1712	1711
189	1712
192	1712
1713	1714
1715	1714
194	1715
1716	1715
1715	196
1717	196
1716	1717
195	1717
1718	1720
1721	1720
1719	1721
1722	1721
197	1722
1723	1722
1721	199
1724	199
1722	1724
1725	1724
1723	1725
198	1725
200	1726
1727	1726
1727	102
104	102
1728	202
1730	202
1729	1730
1731	1730
198	1731
201	1731
1732	205
1734	205
1733	1734
1735	1734
203	1735
204	1735
1736	208
1739	208
1737	1739
1740	1739
1738	1740
1741	1740
206	1741
207	1741
1742	211
1743	211
209	1743
210	1743
1744	105
1745	105
212	1745
107	1745
1746	214
1747	214
210	1747
213	1747
1748	217
1751	217
1749	1751
1752	1751
1750	1752
1753	1752
215	1753
216	1753
218	108
110	108
1754	220
1758	220
1755	1758
1759	1758
1756	1759
1760	1759
1757	1760
1761	1760
216	1761
219	1761
1762	117
1763	117
221	1763
119	1763
1764	223
1766	223
1765	1766
1767	1766
219	1767
222	1767
1768	226
1770	226
1769	1770
1771	1770
224	1771
225	1771
227	120
122	120
1772	229
1775	229
1773	1775
1776	1775
1774	1776
1777	1776
225	1777
228	1777
1778	126
1779	126
230	1779
128	1779
228	232
231	232
1780	1781
1782	1781
233	1782
1783	1782
1782	1784
1785	1784
1783	1785
1786	1785
1785	235
1787	235
1786	1787
234	1787
236	238
237	238
1788	241
1789	241
239	1789
240	1789
1790	244
1791	244
242	1791
243	1791
1792	247
1793	247
245	1793
246	1793
1794	129
1795	129
248	1795
131	1795
246	132
134	132
1796	1797
1798	1797
243	1798
1799	1798
1798	250
1800	250
1799	1800
249	1800
251	135
137	135
1801	253
1802	253
249	1802
252	1802
254	256
255	256
257	144
146	144
255	147
149	147
252	259
258	259
260	262
261	262
1803	265
1805	265
1804	1805
1806	1805
263	1806
264	1806
1807	150
1809	150
1808	1809
1810	1809
266	1810
152	1810
264	1811
1812	1811
1812	1813
1814	1813
1814	1815
1816	1815
1816	1817
1818	1817
1818	268
267	268
269	271
270	271
1819	1820
1821	1820
272	1821
1822	1821
1821	274
1823	274
1822	1823
273	1823
1824	153
1825	153
275	1825
155	1825
273	156
158	156
1826	165
1827	165
270	1827
167	1827
267	277
276	277
278	1828
1829	1828
1829	171
173	171
1830	280
1831	280
276	1831
279	1831
281	1832
1833	1832
1833	1834
1835	1834
1835	283
282	283
284	286
285	286
287	1836
1837	1836
1837	174
176	174
1838	289
1839	289
285	1839
288	1839
1840	1841
1842	1841
290	1842
1843	1842
1842	1844
1845	1844
1843	1845
1846	1845
1845	292
1847	292
1846	1847
291	1847
1848	192
1851	192
1849	1851
1852	1851
1850	1852
1853	1852
293	1853
194	1853
1854	295
1856	295
1855	1856
1857	1856
291	1857
294	1857
296	298
297	298
1858	301
1860	301
1859	1860
1861	1860
299	1861
300	1861
1862	195
1864	195
1863	1864
1865	1864
302	1865
197	1865
1866	304
1867	304
300	1867
303	1867
1868	307
1871	307
1869	1871
1872	1871
1870	1872
1873	1872
305	1873
306	1873
1874	310
1876	310
1875	1876
1877	1876
308	1877
309	1877
311	1878
1879	1878
1879	1880
1881	1880
1881	201
203	201
1882	313
1884	313
1883	1884
1885	1884
309	1885
312	1885
1886	316
1889	316
1887	1889
1890	1889
1888	1890
1891	1890
314	1891
315	1891
1892	319
1894	319
1893	1894
1895	1894
317	1895
318	1895
1896	322
1897	322
320	1897
321	1897
1898	204
1901	204
1899	1901
1902	1901
1900	1902
1903	1902
323	1903
206	1903
1904	325
1905	325
321	1905
324	1905
1906	1907
1908	1907
326	1908
1909	1908
1908	328
1910	328
1909	1910
327	1910
329	331
330	331
1911	334
1912	334
332	1912
333	1912
335	222
224	222
333	1913
1914	1913
1914	231
233	231
330	337
336	337
1915	340
1916	340
338	1916
339	1916
1917	343
1919	343
1918	1919
1920	1919
341	1920
342	1920
1921	1922
1923	1922
344	1923
1924	1923
1923	346
1925	346
1924	1925
345	1925
1926	349
1927	349
347	1927
348	1927
350	234
236	234
348	352
351	352
1928	237
1930	237
1929	1930
1931	1930
353	1931
239	1931
1932	355
1934	355
1933	1934
1935	1934
351	1935
354	1935
1936	358
1938	358
1937	1938
1939	1938
356	1939
357	1939
1940	361
1943	361
1941	1943
1944	1943
1942	1944
1945	1944
359	1945
360	1945
362	364
363	364
1946	367
1948	367
1947	1948
1949	1948
365	1949
366	1949
368	370
369	370
1950	373
1951	373
371	1951
372	1951
374	1952
1953	1952
1953	1954
1955	1954
1955	1956
1957	1956
1957	240
242	240
1958	258
1959	258
372	1959
260	1959
369	376
375	376
1960	1961
1962	1961
377	1962
1963	1962
1962	379
1964	379
1963	1964
378	1964
1965	261
1967	261
1966	1967
1968	1967
380	1968
263	1968
1969	382
1971	382
1970	1971
1972	1971
378	1972
381	1972
383	385
384	385
1973	388
1974	388
386	1974
387	1974
1975	1976
1977	1976
389	1977
1978	1977
1977	391
1979	391
1978	1979
390	1979
1980	394
1981	394
392	1981
393	1981
395	397
396	397
398	279
281	279
396	400
399	400
1982	403
1984	403
1983	1984
1985	1984
401	1985
402	1985
404	1986
1987	1986
1987	282
284	282
1988	406
1990	406
1989	1990
1991	1990
402	1991
405	1991
1992	1993
1994	1993
407	1994
1995	1994
1994	1996
1997	1996
1995	1997
1998	1997
1997	409
1999	409
1998	1999
408	1999
2000	2002
2003	2002
2001	2003
2004	2003
410	2004
2005	2004
2003	412
2006	412
2004	2006
2007	2006
2005	2007
411	2007
2008	415
2009	415
413	2009
414	2009
416	2010
2011	2010
2011	2012
2013	2012
2013	2014
2015	2014
2015	288
290	288
2016	294
2017	294
414	2017
296	2017
2018	418
2019	418
411	2019
417	2019
419	421
420	421
2020	297
2021	297
422	2021
299	2021
2022	424
2023	424
420	2023
423	2023
2024	427
2026	427
2025	2026
2027	2026
425	2027
426	2027
2028	430
2030	430
2029	2030
2031	2030
428	2031
429	2031
2032	433
2033	433
431	2033
432	2033
2034	436
2036	436
2035	2036
2037	2036
434	2037
435	2037
2038	439
2039	439
437	2039
438	2039
2040	442
2041	442
440	2041
441	2041
2042	445
2044	445
2043	2044
2045	2044
443	2045
444	2045
2046	2047
2048	2047
446	2048
2049	2048
2048	448
2050	448
2049	2050
447	2050
2051	303
2053	303
2052	2053
2054	2053
449	2054
305	2054
447	2055
2056	2055
2056	451
450	451
2057	2059
2060	2059
2058	2060
2061	2060
452	2061
2062	2061
2060	454
2063	454
2061	2063
2064	2063
2062	2064
453	2064
2065	457
2067	457
2066	2067
2068	2067
455	2068
456	2068
2069	2070
2071	2070
458	2071
2072	2071
2071	306
2073	306
2072	2073
308	2073
2074	460
2076	460
2075	2076
2077	2076
456	2077
459	2077
461	463
462	463
2078	312
2081	312
2079	2081
2082	2081
2080	2082
2083	2082
464	2083
314	2083
2084	466
2086	466
2085	2086
2087	2086
462	2087
465	2087
2088	469
2089	469
467	2089
468	2089
472	470
471	474
475	2090
2091	2090
2091	477
476	477
2092	480
2093	480
478	2093
479	2093
481	483
482	483
2094	486
2096	486
2095	2096
2097	2096
484	2097
485	2097
2098	2100
2101	2100
2099	2101
2102	2101
487	2102
2103	2102
2101	2104
2105	2104
2102	2105
2106	2105
2103	2106
2107	2106
2105	315
2108	315
2106	2108
2109	2108
2107	2109
317	2109
485	339
341	339
2110	489
2112	489
2111	2112
2113	2112
482	2113
488	2113
2114	492
2117	492
2115	2117
2118	2117
2116	2118
2119	2118
490	2119
491	2119
2120	495
2121	495
493	2121
494	2121
496	342
344	342
2122	498
2123	498
494	2123
497	2123
499	501
500	501
502	504
503	504
505	507
506	507
508	345
347	345
506	354
356	354
503	2124
2125	2124
2125	510
509	510
2126	513
2127	513
511	2127
512	2127
2128	516
2129	516
514	2129
515	2129
517	357
359	357
515	519
518	519
520	522
521	522
2130	525
2132	525
2131	2132
2133	2132
523	2133
524	2133
2134	360
2136	360
2135	2136
2137	2136
526	2137
362	2137
2138	363
2140	363
2139	2140
2141	2140
524	2141
365	2141
2142	528
2144	528
2143	2144
2145	2144
521	2145
527	2145
529	2146
2147	2146
2147	531
530	531
2148	534
2150	534
2149	2150
2151	2150
532	2151
533	2151
2152	381
2154	381
2153	2154
2155	2154
535	2155
383	2155
2156	384
2157	384
533	2157
386	2157
2158	537
2159	537
530	2159
536	2159
2160	540
2161	540
538	2161
539	2161
2162	543
2164	543
2163	2164
2165	2164
541	2165
542	2165
2166	546
2167	546
544	2167
545	2167
547	387
389	387
2168	549
2169	549
545	2169
548	2169
2170	2171
2172	2171
550	2172
2173	2172
2172	552
2174	552
2173	2174
551	2174
553	555
554	555
556	558
557	558
559	390
392	390
557	561
560	561
2175	393
2176	393
562	2176
395	2176
2177	399
2178	399
560	2178
401	2178
554	564
563	564
565	2179
2180	2179
2180	2181
2182	2181
2182	2183
2184	2183
2184	2185
2186	2185
2186	567
566	567
568	2187
2188	2187
2188	2189
2190	2189
2190	405
407	405
566	570
569	570
2191	573
2193	573
2192	2193
2194	2193
571	2194
572	2194
2195	576
2196	576
574	2196
575	2196
2197	408
2198	408
577	2198
410	2198
575	579
578	579
580	2199
2200	2199
2200	582
581	582
583	426
428	426
581	2201
2202	2201
2202	585
584	585
2203	429
2204	429
586	2204
431	2204
2205	588
2207	588
2206	2207
2208	2207
584	2208
587	2208
2209	591
2211	591
2210	2211
2212	2211
589	2212
590	2212
2213	432
2215	432
2214	2215
2216	2215
592	2216
434	2216
590	2217
2218	2217
2218	2219
2220	2219
2220	594
593	594
2221	2223
2224	2223
2222	2224
2225	2224
595	2225
2226	2225
2224	597
2227	597
2225	2227
2228	2227
2226	2228
596	2228
2229	600
2231	600
2230	2231
2232	2231
598	2232
599	2232
2233	603
2234	603
601	2234
602	2234
604	606
605	606
607	435
437	435
605	438
440	438
602	441
443	441
2235	609
2237	609
2236	2237
2238	2237
599	2238
608	2238
2239	612
2240	612
610	2240
611	2240
2241	615
2242	615
613	2242
614	2242
616	2243
2244	2243
2244	444
446	444
2245	450
2246	450
614	2246
452	2246
611	618
617	618
2247	621
2248	621
619	2248
620	2248
622	624
623	624
2249	627
2251	627
2250	2251
2252	2251
625	2252
626	2252
2253	2255
2256	2255
2254	2256
2257	2256
628	2257
2258	2257
2256	630
2259	630
2257	2259
2260	2259
2258	2260
629	2260
2261	633
2262	633
631	2262
632	2262
2263	636
2265	636
2264	2265
2266	2265
634	2266
635	2266
2267	453
2268	453
637	2268
455	2268
2269	639
2271	639
2270	2271
2272	2271
635	2272
638	2272
2273	642
2275	642
2274	2275
2276	2275
640	2276
641	2276
643	2277
2278	2277
2278	645
644	645
2279	459
2281	459
2280	2281
2282	2281
646	2282
461	2282
2283	648
2285	648
2284	2285
2286	2285
644	2286
647	2286
2287	651
2290	651
2288	2290
2291	2290
2289	2291
2292	2291
649	2292
650	2292
2293	654
2294	654
652	2294
653	2294
2295	465
2296	465
655	2296
467	2296
2297	657
2298	657
653	2298
656	2298
2299	468
2301	468
2300	2301
2302	2301
658	2302
470	2302
2303	650
2304	650
656	2304
652	2304
2305	2308
2309	2308
2306	2309
2310	2309
2307	2310
2311	2310
647	2311
2312	2311
2309	660
2313	660
2310	2313
2314	2313
2311	2314
2315	2314
2312	2315
659	2315
2316	663
2317	663
661	2317
662	2317
2318	666
2319	666
664	2319
665	2319
667	669
668	669
2320	672
2321	672
670	2321
671	2321
673	675
674	675
2322	678
2324	678
2323	2324
2325	2324
676	2325
677	2325
681	679
680	683
2326	473
2329	473
2327	2329
2330	2329
2328	2330
2331	2330
684	2331
475	2331
682	2332
2333	2332
2333	476
478	476
2334	686
2335	686
677	2335
685	2335
2336	2337
2338	2337
687	2338
2339	2338
2338	689
2340	689
2339	2340
688	2340
2341	692
2342	692
690	2342
691	2342
2343	2344
2345	2344
693	2345
2346	2345
2345	491
2347	491
2346	2347
493	2347
2348	695
2349	695
691	2349
694	2349
2350	698
2351	698
696	2351
697	2351
2352	701
2353	701
699	2353
700	2353
2354	497
2355	497
702	2355
499	2355
700	500
502	500
2356	509
2357	509
697	2357
511	2357
2358	2359
2360	2359
694	2360
2361	2360
2360	704
2362	704
2361	2362
703	2362
705	2363
2364	2363
2364	2365
2366	2365
2366	512
514	512
2367	707
2368	707
703	2368
706	2368
2369	710
2371	710
2370	2371
2372	2371
708	2372
709	2372
2373	713
2375	713
2374	2375
2376	2375
711	2376
712	2376
714	716
715	716
717	719
718	719
2377	518
2378	518
720	2378
520	2378
718	722
721	722
2379	725
2380	725
723	2380
724	2380
728	726
727	730
2381	527
2383	527
2382	2383
2384	2383
731	2384
529	2384
2385	733
2386	733
729	2386
732	2386
734	736
735	736
2387	536
2390	536
2388	2390
2391	2390
2389	2391
2392	2391
737	2392
538	2392
2393	739
2396	739
2394	2396
2397	2396
2395	2397
2398	2397
735	2398
738	2398
740	742
741	742
2399	745
2400	745
743	2400
744	2400
2401	539
2402	539
746	2402
541	2402
744	2403
2404	2403
2404	2405
2406	2405
2406	2407
2408	2407
2408	748
747	748
2409	2410
2411	2410
749	2411
2412	2411
2411	751
2413	751
2412	2413
750	2413
752	2414
2415	2414
2415	2416
2417	2416
2417	542
544	542
750	2418
2419	2418
2419	754
753	754
755	2420
2421	2420
2421	2422
2423	2422
2423	757
756	757
2424	760
2425	760
758	2425
759	2425
761	2426
2427	2426
2427	2428
2429	2428
2429	548
550	548
2430	551
2431	551
759	2431
553	2431
2432	763
2433	763
756	2433
762	2433
2434	766
2435	766
764	2435
765	2435
2436	769
2437	769
767	2437
768	2437
2438	772
2440	772
2439	2440
2441	2440
770	2441
771	2441
773	2442
2443	2442
2443	2444
2445	2444
2445	2446
2447	2446
2447	563
565	563
2448	775
2451	775
2449	2451
2452	2451
2450	2452
2453	2452
771	2453
774	2453
776	778
777	778
2454	569
2455	569
779	2455
571	2455
2456	781
2458	781
2457	2458
2459	2458
777	2459
780	2459
2460	784
2462	784
2461	2462
2463	2462
782	2463
783	2463
2464	2465
2466	2465
785	2466
2467	2466
2466	787
2468	787
2467	2468
786	2468
2469	790
2471	790
2470	2471
2472	2471
788	2472
789	2472
791	2473
2474	2473
2474	2475
2476	2475
2476	793
792	793
2477	796
2479	796
2478	2479
2480	2479
794	2480
795	2480
799	797
798	587
2481	2483
2484	2483
2482	2484
2485	2484
795	2485
2486	2485
2484	801
2487	801
2485	2487
2488	2487
2486	2488
800	2488
802	2489
2490	2489
2490	2491
2492	2491
2492	804
803	804
2493	807
2495	807
2494	2495
2496	2495
805	2496
806	2496
808	2497
2498	2497
2498	2499
2500	2499
2500	810
809	810
2501	813
2503	813
2502	2503
2504	2503
811	2504
812	2504
2505	593
2507	593
2506	2507
2508	2507
814	2508
595	2508
812	816
815	816
817	819
818	819
820	2509
2510	2509
2510	2511
2512	2511
2512	2513
2514	2513
2514	822
821	822
823	596
598	596
821	825
824	825
826	828
827	828
829	608
610	608
827	617
619	617
2515	831
2516	831
824	2516
830	2516
2517	2518
2519	2518
832	2519
2520	2519
2519	834
2521	834
2520	2521
833	2521
2522	837
2524	837
2523	2524
2525	2524
835	2525
836	2525
2526	840
2528	840
2527	2528
2529	2528
838	2529
839	2529
841	620
622	620
2530	623
2531	623
839	2531
625	2531
836	2532
2533	2532
2533	2534
2535	2534
2535	2536
2537	2536
2537	2538
2539	2538
2539	2540
2541	2540
2541	843
842	843
844	2542
2543	2542
2543	846
845	846
847	849
848	849
2544	2545
2546	2545
850	2546
2547	2546
2546	2548
2549	2548
2547	2549
2550	2549
2549	626
2551	626
2550	2551
628	2551
848	2552
2553	2552
2553	2554
2555	2554
2555	2556
2557	2556
2557	629
631	629
845	2558
2559	2558
2559	2560
2561	2560
2561	2562
2563	2562
2563	852
851	852
853	855
854	855
856	2564
2565	2564
2565	2566
2567	2566
2567	2568
2569	2568
2569	632
634	632
2570	858
2571	858
854	2571
857	2571
2572	638
2573	638
859	2573
640	2573
857	861
860	861
2574	864
2577	864
2575	2577
2578	2577
2576	2578
2579	2578
862	2579
863	2579
2580	641
2582	641
2581	2582
2583	2582
865	2583
643	2583
2584	867
2587	867
2585	2587
2588	2587
2586	2588
2589	2588
863	2589
866	2589
2590	659
2591	659
868	2591
661	2591
2592	870
2594	870
2593	2594
2595	2594
866	2595
869	2595
871	662
664	662
2596	2598
2599	2598
2597	2599
2600	2599
869	2600
2601	2600
2599	873
2602	873
2600	2602
2603	2602
2601	2603
872	2603
874	876
875	876
2604	879
2605	879
877	2605
878	2605
2606	665
2607	665
880	2607
667	2607
878	668
670	668
2608	882
2610	882
2609	2610
2611	2610
875	2611
881	2611
2612	2613
2614	2613
883	2614
2615	2614
2614	885
2616	885
2615	2616
884	2616
2617	888
2618	888
886	2618
887	2618
889	891
890	891
2619	2620
2621	2620
892	2621
2622	2621
2621	2623
2624	2623
2622	2624
2625	2624
2624	894
2626	894
2625	2626
893	2626
895	2627
2628	2627
2628	671
673	671
893	897
896	897
2629	900
2632	900
2630	2632
2633	2632
2631	2633
2634	2633
898	2634
899	2634
2635	674
2637	674
2636	2637
2638	2637
901	2638
676	2638
899	685
687	685
2639	903
2640	903
896	2640
902	2640
904	2641
2642	2641
2642	688
690	688
2643	906
2644	906
902	2644
905	2644
907	909
908	909
910	912
911	912
913	2645
2646	2645
2646	706
708	706
911	915
914	915
2647	918
2648	918
916	2648
917	2648
919	921
920	921
922	709
711	709
920	924
923	924
2649	927
2652	927
2650	2652
2653	2652
2651	2653
2654	2653
925	2654
926	2654
2655	930
2657	930
2656	2657
2658	2657
928	2658
929	2658
2659	712
2661	712
2660	2661
2662	2661
931	2662
714	2662
2663	933
2664	933
929	2664
932	2664
934	715
717	715
2665	721
2666	721
932	2666
723	2666
2667	936
2668	936
926	2668
935	2668
2669	724
2671	724
2670	2671
2672	2671
937	2672
726	2672
2673	939
2675	939
2674	2675
2676	2675
935	2676
938	2676
2677	942
2678	942
940	2678
941	2678
2679	945
2681	945
2680	2681
2682	2681
943	2682
944	2682
2683	948
2684	948
946	2684
947	2684
2685	951
2687	951
2686	2687
2688	2687
949	2688
950	2688
2689	732
2690	732
952	2690
734	2690
2691	738
2694	738
2692	2694
2695	2694
2693	2695
2696	2695
950	2696
740	2696
2697	954
2699	954
2698	2699
2700	2699
947	2700
953	2700
2701	957
2703	957
2702	2703
2704	2703
955	2704
956	2704
958	960
959	960
961	963
962	963
2705	741
2706	741
964	2706
743	2706
2707	966
2708	966
962	2708
965	2708
2709	2710
2711	2710
967	2711
2712	2711
2711	969
2713	969
2712	2713
968	2713
2714	747
2715	747
970	2715
749	2715
2716	972
2717	972
968	2717
971	2717
973	2718
2719	2718
2719	2720
2721	2720
2721	2722
2723	2722
2723	2724
2725	2724
2725	975
974	975
976	753
755	753
974	2726
2727	2726
2727	2728
2729	2728
2729	2730
2731	2730
2731	978
977	978
979	981
980	981
2732	984
2733	984
982	2733
983	2733
985	2734
2735	2734
2735	762
764	762
2736	765
2737	765
983	2737
767	2737
980	987
986	987
988	990
989	990
2738	768
2739	768
991	2739
770	2739
989	2740
2741	2740
2741	993
992	993
2742	996
2743	996
994	2743
995	2743
997	999
998	999
2744	1002
2746	1002
2745	2746
2747	2746
1000	2747
1001	2747
2748	1005
2751	1005
2749	2751
2752	2751
2750	2752
2753	2752
1003	2753
1004	2753
2754	1008
2757	1008
2755	2757
2758	2757
2756	2758
2759	2758
1006	2759
1007	2759
1011	1009
1010	1013
2760	1016
2762	1016
2761	2762
2763	2762
1014	2763
1015	2763
2764	774
2767	774
2765	2767
2768	2767
2766	2768
2769	2768
1017	2769
776	2769
1019	1015
1018	1021
1024	1022
1023	780
2770	1012
2771	1012
1020	2771
1014	2771
1007	1026
1025	1026
2772	1029
2773	1029
1027	2773
1028	2773
1030	2774
2775	2774
2775	2776
2777	2776
2777	2778
2779	2778
2779	2780
2781	2780
2781	1032
1031	1032
2782	789
2784	789
2783	2784
2785	2784
1033	2785
791	2785
2786	1035
2788	1035
2787	2788
2789	2788
1031	2789
1034	2789
2790	1038
2792	1038
2791	2792
2793	2792
1036	2793
1037	2793
2794	1041
2795	1041
1039	2795
1040	2795
2796	2798
2799	2798
2797	2799
2800	2799
1042	2800
2801	2800
2799	792
2802	792
2800	2802
2803	2802
2801	2803
794	2803
2804	1044
2806	1044
2805	2806
2807	2806
1040	2807
1043	2807
2808	1047
2810	1047
2809	2810
2811	2810
1045	2811
1046	2811
1048	1050
1049	1050
2812	800
2814	800
2813	2814
2815	2814
1051	2815
802	2815
2816	1053
2818	1053
2817	2818
2819	2818
1049	2819
1052	2819
2820	1056
2821	1056
1054	2821
1055	2821
2822	1059
2823	1059
1057	2823
1058	2823
2824	1062
2826	1062
2825	2826
2827	2826
1060	2827
1061	2827
2828	1065
2829	1065
1063	2829
1064	2829
2830	1068
2832	1068
2831	2832
2833	2832
1066	2833
1067	2833
2834	803
2836	803
2835	2836
2837	2836
1069	2837
805	2837
1067	1071
1070	1071
2838	1074
2839	1074
1072	2839
1073	2839
1075	1077
1076	1077
2840	1080
2841	1080
1078	2841
1079	2841
2842	1083
2844	1083
2843	2844
2845	2844
1081	2845
1082	2845
2846	806
2848	806
2847	2848
2849	2848
1084	2849
808	2849
1082	1086
1085	1086
2850	809
2852	809
2851	2852
2853	2852
1087	2853
811	2853
2854	1079
2856	1079
2855	2856
2857	2856
1085	2857
1081	2857
2858	1089
2859	1089
1076	2859
1088	2859
2860	2861
2862	2861
1090	2862
2863	2862
2862	1092
2864	1092
2863	2864
1091	2864
2865	1095
2867	1095
2866	2867
2868	2867
1093	2868
1094	2868
2869	1098
2871	1098
2870	2871
2872	2871
1096	2872
1097	2872
2873	2874
2875	2874
1099	2875
2876	2875
2875	815
2877	815
2876	2877
817	2877
2878	1101
2880	1101
2879	2880
2881	2880
1097	2881
1100	2881
2882	1104
2884	1104
2883	2884
2885	2884
1102	2885
1103	2885
1105	2886
2887	2886
2887	2888
2889	2888
2889	2890
2891	2890
2891	818
820	818
2892	1107
2894	1107
2893	2894
2895	2894
1103	2895
1106	2895
2896	1110
2898	1110
2897	2898
2899	2898
1108	2899
1109	2899
1111	2900
2901	2900
2901	2902
2903	2902
2903	2904
2905	2904
2905	830
832	830
2906	1113
2908	1113
2907	2908
2909	2908
1109	2909
1112	2909
2910	833
2912	833
2911	2912
2913	2912
1114	2913
835	2913
1112	2914
2915	2914
2915	2916
2917	2916
2917	2918
2919	2918
2919	2920
2921	2920
2921	1116
1115	1116
2922	2923
2924	2923
1117	2924
2925	2924
2924	1119
2926	1119
2925	2926
1118	2926
2927	1122
2928	1122
1120	2928
1121	2928
1123	1125
1124	1125
1126	842
844	842
1124	1128
1127	1128
1129	2929
2930	2929
2930	2931
2932	2931
2932	851
853	851
1127	2933
2934	2933
2934	2935
2936	2935
2936	1131
1130	1131
2937	860
2940	860
2938	2940
2941	2940
2939	2941
2942	2941
1132	2942
862	2942
2943	1134
2945	1134
2944	2945
2946	2945
1130	2946
1133	2946
2947	1137
2948	1137
1135	2948
1136	2948
1138	2949
2950	2949
2950	1140
1139	1140
2951	1143
2952	1143
1141	2952
1142	2952
1144	1146
1145	1146
2953	872
2955	872
2954	2955
2956	2955
1147	2956
874	2956
2957	1149
2959	1149
2958	2959
2960	2959
1145	2960
1148	2960
2961	1152
2964	1152
2962	2964
2965	2964
2963	2965
2966	2965
1150	2966
1151	2966
2967	1155
2968	1155
1153	2968
1154	2968
1156	881
883	881
2969	1158
2970	1158
1154	2970
1157	2970
1159	1161
1160	1161
1162	1164
1163	1164
1165	1167
1166	1167
1168	884
886	884
1166	1170
1169	1170
2971	1173
2973	1173
2972	2973
2974	2973
1171	2974
1172	2974
1174	887
889	887
2975	1176
2977	1176
2976	2977
2978	2977
1172	2978
1175	2978
1177	890
892	890
2979	1179
2980	1179
1175	2980
1178	2980
2981	1182
2982	1182
1180	2982
1181	2982
2983	1185
2984	1185
1183	2984
1184	2984
2985	905
2986	905
1186	2986
907	2986
1184	908
910	908
2987	2988
2989	2988
1181	2989
2990	2989
2989	914
2991	914
2990	2991
916	2991
1178	2992
2993	2992
2993	2994
2995	2994
2995	2996
2997	2996
2997	1188
1187	1188
2998	1191
2999	1191
1189	2999
1190	2999
1192	917
919	917
1190	1194
1193	1194
3000	923
3002	923
3001	3002
3003	3002
1195	3003
925	3003
3004	1197
3006	1197
3005	3006
3007	3006
1193	3007
1196	3007
1198	1200
1199	1200
3008	1203
3010	1203
3009	3010
3011	3010
1201	3011
1202	3011
3012	938
3014	938
3013	3014
3015	3014
1204	3015
940	3015
1202	1206
1205	1206
3016	941
3017	941
1207	3017
943	3017
1205	1209
1208	1209
3018	1212
3019	1212
1210	3019
1211	3019
3020	1215
3021	1215
1213	3021
1214	3021
1216	3022
3023	3022
3023	3024
3025	3024
3025	1218
1217	1218
3026	1221
3028	1221
3027	3028
3029	3028
1219	3029
1220	3029
3030	956
3032	956
3031	3032
3033	3032
1222	3033
958	3033
1220	959
961	959
3034	1224
3036	1224
3035	3036
3037	3036
1217	3037
1223	3037
1225	3038
3039	3038
3039	1227
1226	1227
1228	965
967	965
1226	1230
1229	1230
1231	1233
1232	1233
3040	971
3041	971
1234	3041
973	3041
3042	1236
3043	1236
1232	3043
1235	3043
3044	1239
3045	1239
1237	3045
1238	3045
3046	1242
3047	1242
1240	3047
1241	3047
3048	977
3049	977
1243	3049
979	3049
1241	1245
1244	1245
3050	1248
3051	1248
1246	3051
1247	3051
3052	986
3053	986
1249	3053
988	3053
1247	3054
3055	3054
3055	992
994	992
3056	1251
3057	1251
1244	3057
1250	3057
3058	3059
3060	3059
1252	3060
3061	3060
3060	1254
3062	1254
3061	3062
1253	3062
3063	3064
3065	3064
1255	3065
3066	3065
3065	1257
3067	1257
3066	3067
1256	3067
3068	1260
3071	1260
3069	3071
3072	3071
3070	3072
3073	3072
1258	3073
1259	3073
1261	995
997	995
3074	998
3076	998
3075	3076
3077	3076
1259	3077
1000	3077
3078	1263
3079	1263
1256	3079
1262	3079
1264	3080
3081	3080
3081	1266
1265	1266
3082	3083
3084	3083
1267	3084
3085	3084
3084	1001
3086	1001
3085	3086
1003	3086
3087	3088
3089	3088
1265	3089
3090	3089
3089	1269
3091	1269
3090	3091
1268	3091
1270	3092
3093	3092
3093	3094
3095	3094
3095	3096
3097	3096
3097	1028
1030	1028
3098	1272
3099	1272
1268	3099
1271	3099
3100	1275
3101	1275
1273	3101
1274	3101
3102	1034
3103	1034
1276	3103
1036	3103
1274	3104
3105	3104
3105	3106
3107	3106
3107	3108
3109	3108
3109	3110
3111	3110
3111	1271
1273	1271
3112	1278
3113	1278
1262	3113
1277	3113
1279	1281
1280	1281
1282	1284
1283	1284
1285	3114
3115	3114
3115	3116
3117	3116
3117	1287
1286	1287
1288	1037
1039	1037
1286	3118
3119	3118
3119	1290
1289	1290
1291	1043
1045	1043
1289	3120
3121	3120
3121	1208
1210	1208
1283	3122
3123	3122
3123	1211
1213	1211
1280	1293
1292	1293
3124	1296
3125	1296
1294	3125
1295	3125
3126	1214
3127	1214
1297	3127
1216	3127
3128	1299
3129	1299
1295	3129
1298	3129
3130	3131
3132	3131
1300	3132
3133	3132
3132	1302
3134	1302
3133	3134
1301	3134
3135	1223
3136	1223
1303	3136
1225	3136
1301	3137
3138	3137
3138	1305
1304	1305
3139	1253
3140	1253
1306	3140
1255	3140
3141	1298
3142	1298
1304	3142
1300	3142
3143	1277
3144	1277
1292	3144
1279	3144
1250	3145
3146	3145
3146	1238
1240	1238
1235	1229
1231	1229
3147	1046
3149	1046
3148	3149
3150	3149
1199	3150
1048	3150
3151	1052
3153	1052
3152	3153
3154	3153
1196	3154
1054	3154
3155	1308
3156	1308
1187	3156
1307	3156
1309	1055
1057	1055
1307	1058
1060	1058
3157	1311
3160	1311
3158	3160
3161	3160
3159	3161
3162	3161
1169	3162
1310	3162
3163	1314
3165	1314
3164	3165
3166	3165
1312	3166
1313	3166
3167	1317
3170	1317
3168	3170
3171	3170
3169	3171
3172	3171
1315	3172
1316	3172
1318	1061
1063	1061
3173	1064
3175	1064
3174	3175
3176	3175
1316	3176
1066	3176
1313	1320
1319	1320
1321	1323
1322	1323
1324	1070
1072	1070
3177	1326
3178	1326
1322	3178
1325	3178
3179	1329
3180	1329
1327	3180
1328	3180
1330	3181
3182	3181
3182	3183
3184	3183
3184	1332
1331	1332
3185	1335
3187	1335
3186	3187
3188	3187
1333	3188
1334	3188
3189	1338
3191	1338
3190	3191
3192	3191
1336	3192
1337	3192
3193	1341
3195	1341
3194	3195
3196	3195
1339	3196
1340	3196
1342	3197
3198	3197
3198	1344
1343	1344
1345	1073
1075	1073
1343	1088
1090	1088
3199	1091
3200	1091
1340	3200
1093	3200
1337	1347
1346	1347
1348	1094
1096	1094
1346	1350
1349	1350
1351	1353
1352	1353
1354	1100
1102	1100
3201	1356
3202	1356
1352	3202
1355	3202
3203	1359
3204	1359
1357	3204
1358	3204
1360	1362
1361	1362
3205	1106
3206	1106
1363	3206
1108	3206
3207	1365
3208	1365
1361	3208
1364	3208
3209	1368
3211	1368
3210	3211
3212	3211
1366	3212
1367	3212
3213	3214
3215	3214
1369	3215
3216	3215
3215	1371
3217	1371
3216	3217
1370	3217
3218	1115
3219	1115
1372	3219
1117	3219
1370	3220
3221	3220
3221	3222
3223	3222
3223	1118
1120	1118
1367	3224
3225	3224
3225	3226
3227	3226
3227	1374
1373	1374
3228	3229
3230	3229
1375	3230
3231	3230
3230	1377
3232	1377
3231	3232
1376	3232
1378	3233
3234	3233
3234	3235
3236	3235
3236	1380
1379	1380
3237	1121
3238	1121
1381	3238
1123	3238
3239	1383
3240	1383
1379	3240
1382	3240
3241	1386
3242	1386
1384	3242
1385	3242
3243	1133
3244	1133
1387	3244
1135	3244
3245	1389
3246	1389
1385	3246
1388	3246
3247	1392
3248	1392
1390	3248
1391	3248
1393	1395
1394	1395
3249	1398
3250	1398
1396	3250
1397	3250
1399	3251
3252	3251
3252	1136
1138	1136
1397	3253
3254	3253
3254	1139
1141	1139
3255	1401
3256	1401
1394	3256
1400	3256
3257	1404
3258	1404
1402	3258
1403	3258
3259	1407
3260	1407
1405	3260
1406	3260
3261	3262
3263	3262
1408	3263
3264	3263
3263	1151
3265	1151
3264	3265
1153	3265
3266	1410
3267	1410
1406	3267
1409	3267
3268	1413
3269	1413
1411	3269
1412	3269
3270	1416
3271	1416
1414	3271
1415	3271
3272	1157
3273	1157
1417	3273
1159	3273
1415	1160
1162	1160
3274	1328
3275	1328
1412	3275
1330	3275
3276	3277
3278	3277
1409	3278
3279	3278
3278	3280
3281	3280
3279	3281
3282	3281
3281	1331
3283	1331
3282	3283
1333	3283
1403	3284
3285	3284
3285	1419
1418	1419
3286	1422
3287	1422
1420	3287
1421	3287
1423	1425
1424	1425
1426	1428
1427	1428
1429	3288
3289	3288
3289	1334
1336	1334
1427	1431
1430	1431
3290	1349
3291	1349
1432	3291
1351	3291
3292	3293
3294	3293
1430	3294
3295	3294
3294	1434
3296	1434
3295	3296
1433	3296
1435	3297
3298	3297
3298	3299
3300	3299
3300	3301
3302	3301
3302	1355
1357	1355
3303	1437
3304	1437
1433	3304
1436	3304
3305	3306
3307	3306
1438	3307
3308	3307
3307	3309
3310	3309
3308	3310
3311	3310
3310	1373
3312	1373
3311	3312
1375	3312
3313	1440
3314	1440
1436	3314
1439	3314
3315	1443
3316	1443
1441	3316
1442	3316
1444	3317
3318	3317
3318	3319
3320	3319
3320	3321
3322	3321
3322	3323
3324	3323
3324	1446
1445	1446
1447	1376
1378	1376
1445	3325
3326	3325
3326	3327
3328	3327
3328	3329
3330	3329
3330	1449
1448	1449
1450	1391
1393	1391
3331	1452
3332	1452
1448	3332
1451	3332
1453	1400
1402	1400
3333	1418
3334	1418
1451	3334
1420	3334
3335	1421
3336	1421
1442	3336
1423	3336
1439	1424
1426	1424
1388	3337
3338	3337
3338	1382
1384	1382
1364	1358
1360	1358
1325	3339
3340	3339
3340	1163
1165	1163
1319	1310
1312	1310
1148	1142
1144	1142
1025	1004
1006	1004
953	944
946	944
3341	3344
3345	3344
3342	3345
3346	3345
3343	3346
3347	3346
786	3347
3348	3347
3345	783
3349	783
3346	3349
3350	3349
3347	3350
3351	3350
3348	3351
785	3351
578	572
574	572
488	479
481	479
3352	417
3353	417
423	3353
419	3353
3354	366
3355	366
375	3355
368	3355
3356	327
3357	327
336	3357
329	3357
324	318
320	318
3358	207
3359	207
213	3359
209	3359
1507	0
1454	0
1508	1454
1	1454
1455	3
5	1455
4	1455
7	6
10	9
1460	12
13	12
1461	15
16	1461
17	16
19	18
1464	19
20	1464
1474	21
1475	1474
22	1474
1476	24
25	1476
1477	27
1478	1477
1568	1478
29	1478
28	27
1480	30
1482	1480
1479	1480
1481	1479
31	1479
1487	33
1484	33
1486	1484
1483	1484
1485	1483
34	1483
1490	36
1489	1490
1500	1489
1488	1489
1499	1488
37	1488
38	37
1504	39
41	1504
1503	1504
1506	1503
1502	1503
1505	1502
40	1502
3372	42
44	3372
1514	3372
43	3372
1513	3372
42	3372
1515	45
1516	1515
46	1515
1517	48
1518	1517
50	1518
49	1517
1520	51
1519	51
52	1519
1521	54
1522	1521
56	1522
55	1521
1523	57
1524	1523
58	1523
1530	60
62	1530
61	1530
1532	63
65	1532
64	1532
67	66
1537	69
70	69
1538	72
1686	1538
73	1538
1539	73
74	1539
1541	75
1540	75
76	1540
1543	78
80	1543
79	78
1545	81
1544	81
82	1544
1553	84
85	84
1554	87
88	1554
91	90
1559	91
1570	1559
1560	1559
1569	1560
1561	1560
92	1561
1564	93
1563	1564
1565	1563
1562	1563
95	1562
94	1562
3376	3373
3378	3375
3379	3375
3379	3376
3380	3376
3380	3377
3381	3379
3381	3380
3377	96
3376	3377
1704	3376
3373	3376
98	3373
1582	3373
3375	3373
3374	3375
1581	3374
1580	3374
3378	3374
1577	3378
97	1577
3381	3378
1578	3381
3380	3381
1579	3380
3377	3380
96	3377
3385	3382
3385	3383
3386	3383
3386	99
3383	3386
1708	3383
3382	3383
101	3382
1588	3382
1587	3382
3384	3382
1586	3384
3387	3384
1583	3387
100	1583
1584	3387
3385	3387
3386	3385
1585	3386
99	3386
3384	3387
1591	102
1593	1591
1590	1591
1592	1590
1589	1590
103	1589
1599	105
1598	1599
1600	1598
107	1600
106	1598
1601	108
109	1601
1604	111
112	111
1605	114
115	1605
1608	117
119	1608
118	117
1610	120
1609	120
121	1609
1611	123
1612	1611
124	1611
127	126
1619	127
128	1619
1620	129
131	1620
130	1620
133	132
136	135
139	138
1623	139
1627	1623
140	1623
1624	141
143	1624
142	1624
1630	144
1632	1630
1629	1630
1631	1629
145	1629
1636	147
1634	147
1635	1634
1633	1634
148	1633
3391	3389
3392	3389
3392	3390
3390	150
3389	3390
1810	3389
3388	3389
152	3388
1640	3388
3391	3388
1639	3391
3392	3391
1637	3392
151	1637
1638	3392
3390	3392
150	3390
1642	153
155	1642
1641	1642
154	1641
1643	156
157	156
1644	159
161	1644
160	1644
1652	162
1653	1652
163	1652
166	165
167	166
169	168
172	171
175	174
178	177
1667	178
1696	1667
1668	1667
1695	1668
179	1668
1670	180
1672	1670
1669	1670
1671	1669
181	1669
1682	183
3394	1682
185	3394
1684	3394
3393	3394
1683	3393
1681	3393
184	1681
1682	3393
3394	3393
1700	186
1702	1700
1699	1700
1701	1699
1698	1699
187	1698
1705	189
1706	1705
1709	1706
191	1706
190	189
1712	192
3396	1712
1852	3396
1853	3396
3395	3396
1713	3395
194	1713
193	3395
1711	3395
3396	3395
1712	3396
1717	195
3397	1717
1865	3397
1719	3397
197	1719
1718	3397
196	3397
1717	3397
1725	198
1724	1725
1728	1724
199	1724
200	199
1731	201
1733	1731
1730	1731
1732	1730
202	1730
3402	3399
3402	3400
3403	3400
3398	204
3400	3398
3399	3400
1902	3399
3401	3399
1903	3401
1738	3401
206	1738
3402	3401
1737	3402
3403	3402
1736	3403
3404	3403
205	3404
1734	3404
3400	3404
1735	3400
3398	3400
204	3398
3403	3404
1741	207
209	1741
1740	1741
1742	1740
1739	1740
208	1739
1743	210
1744	1743
212	1744
211	1743
1749	213
1750	1749
215	1750
1747	213
1748	1747
214	1747
1753	216
1752	1753
1756	1752
1751	1752
1755	1751
217	1751
1754	217
218	217
1761	219
1760	1761
1764	1760
1759	1760
221	1759
1758	1759
1762	1758
220	1758
1767	222
1769	1767
1766	1767
1768	1766
223	1766
1771	225
1773	1771
1770	1771
1772	1770
226	1770
227	226
1777	228
1776	1777
1778	1776
1775	1776
229	1775
1780	231
232	231
1787	234
235	1787
238	237
1788	238
1931	1788
239	1788
1790	240
1789	240
241	1789
1791	243
3405	1791
245	3405
1792	3405
1791	3405
244	1791
1793	246
1794	1793
247	1793
1800	249
251	1800
250	1800
1802	252
253	1802
256	255
259	258
260	259
262	261
1803	262
1968	1803
1804	1803
263	1804
1806	264
1808	1806
1805	1806
1807	1805
265	1805
268	267
1819	270
272	1819
271	270
1823	273
1824	1823
274	1823
277	276
278	277
1831	279
280	1831
283	282
286	285
287	286
1839	288
1840	1839
289	1839
3406	291
1849	3406
1854	1849
1850	1849
293	1850
1848	3406
1847	3406
292	1847
291	3406
1857	294
1856	1857
296	1856
295	1856
1858	297
1859	1858
299	1859
298	297
1861	300
3408	1861
3407	3408
302	3407
1863	3407
3408	3407
1862	3408
1860	3408
301	1860
1861	3408
3409	303
2054	3409
1870	3409
305	1870
1869	3409
1868	3409
1867	3409
304	1867
303	3409
1873	306
3410	1873
308	3410
1875	3410
1874	3410
1871	3410
307	1871
1872	3410
1873	3410
1877	309
1876	1877
1882	1876
310	1876
311	310
3415	3411
3415	3412
3416	3412
3417	3412
3417	3413
3413	312
3412	3413
2082	3412
3411	3412
2083	3411
3414	3411
314	3414
1888	3414
3415	3414
1887	3415
3416	3415
1886	3416
3418	3416
313	3418
1884	3418
3417	3418
1885	3417
3413	3417
312	3413
3416	3418
1891	315
3419	1891
2109	3419
3420	3419
317	3420
1893	3420
3421	3420
1892	3421
1889	3421
316	1889
1890	3421
3420	3421
3419	3420
1891	3419
1895	318
1896	1895
1894	1895
319	1894
3422	321
1900	3422
323	1900
1899	3422
1897	3422
1898	1897
322	1897
321	3422
1905	324
1906	1905
325	1905
1910	327
329	1910
328	1910
1911	330
331	330
1912	333
334	1912
1915	336
338	1915
337	336
1918	339
1916	339
1917	1916
340	1916
1920	342
1921	1920
1919	1920
343	1919
1925	345
1926	1925
346	1925
1927	348
349	1927
1928	351
1929	1928
1932	1929
353	1929
352	351
1937	354
3423	354
1936	3423
1934	3423
355	1934
1935	3423
354	3423
1942	357
1939	357
1941	1939
1938	1939
1940	1938
358	1938
1945	360
1944	1945
2137	1944
1943	1944
362	1943
361	1943
1946	363
1947	1946
2141	1947
365	1947
364	363
1949	366
368	1949
1948	1949
367	1948
1950	369
370	369
1951	372
374	1951
373	1951
1960	375
377	1960
376	375
3424	378
1966	3424
1969	1966
380	1966
1965	3424
1964	3424
379	1964
378	3424
1972	381
1971	1972
2155	1971
382	1971
383	382
1973	384
386	1973
385	384
1975	387
1974	387
388	1974
1979	390
1980	1979
391	1979
1981	393
395	1981
394	1981
397	396
1982	399
1983	1982
401	1983
400	399
1985	402
1988	1985
1984	1985
404	1984
403	1984
1991	405
1992	1991
1990	1991
406	1990
3426	408
3425	3426
410	3425
2001	3425
3426	3425
2000	3426
1999	3426
409	1999
408	3426
2007	411
3427	2007
413	3427
2008	3427
412	3427
2006	3427
2007	3427
2009	414
415	2009
416	415
2019	417
419	2019
418	2019
2020	420
422	2020
421	420
2025	423
425	2025
2023	423
2024	2023
424	2023
2029	426
2027	426
2028	2027
2026	2027
427	2026
2031	429
3428	2031
431	3428
2032	3428
2030	3428
430	2030
2031	3428
3430	432
3429	3430
2216	3429
2035	3429
434	2035
3430	3429
2034	3430
2033	3430
433	2033
432	3430
2037	435
2038	2037
2036	2037
436	2036
2039	438
2040	2039
439	2039
2043	441
2041	441
2042	2041
442	2041
2045	444
2046	2045
2044	2045
445	2044
2052	447
2050	447
2051	2050
448	2050
2057	450
2058	2057
452	2058
451	450
2064	453
3431	2064
2066	3431
455	2066
2065	3431
2063	3431
454	2063
2064	3431
2068	456
3432	2068
2074	3432
458	3432
2069	3432
2067	3432
457	2067
2068	3432
2077	459
2076	2077
2282	2076
460	2076
461	460
2078	462
2079	2078
2084	2079
2080	2079
464	2080
463	462
2087	465
2086	2087
2088	2086
467	2088
466	2086
3360	468
3361	3360
2302	3361
472	3361
470	472
2089	468
471	2089
469	2089
472	473
3361	472
2330	3361
3360	3361
2331	3360
475	3360
471	3360
474	471
2092	476
477	476
2093	479
480	2093
483	482
2094	483
2110	2094
2095	2094
484	2095
2097	485
2099	2097
2096	2097
2098	2096
486	2096
2116	488
2113	488
2115	2113
2112	2113
2114	2112
489	2112
2119	491
493	2119
2118	2119
2120	2118
2117	2118
492	2117
2121	494
496	2121
495	2121
2123	497
499	2123
498	2123
501	500
504	503
507	506
510	509
2126	510
511	2126
2127	512
2128	2127
513	2127
2129	515
516	2129
519	518
520	519
522	521
2130	522
2142	2130
2131	2130
523	2131
2133	524
3433	2133
2138	3433
2135	3433
526	2135
2134	3433
2132	3433
525	2132
2133	3433
2145	527
2384	2145
2144	2145
529	2144
528	2144
2148	530
2149	2148
532	2149
531	530
2151	533
2153	2151
535	2153
2150	2151
2152	2150
534	2150
2159	536
2391	2159
537	2159
2160	537
2392	2160
538	2160
3434	539
2163	3434
541	2163
2162	3434
2161	3434
540	2161
539	3434
2165	542
2166	2165
2164	2165
543	2164
2167	545
547	2167
546	2167
2170	548
2169	548
549	2169
2174	551
3435	2174
553	3435
552	3435
2174	3435
555	554
558	557
561	560
2175	561
562	2175
564	563
567	566
2191	569
2192	2191
571	2192
570	569
2194	572
2195	2194
2193	2194
573	2193
2197	575
2196	575
576	2196
579	578
582	581
585	584
2203	585
2205	2203
586	2203
2208	587
3364	2208
2207	2208
3365	2207
588	2207
3366	588
2209	588
2210	2209
799	2210
589	2210
2214	590
2212	590
2213	2212
2211	2212
591	2211
594	593
2221	594
2508	2221
2222	2221
595	2222
2230	596
2228	596
2229	2228
2227	2228
597	2227
2232	599
2235	2232
2231	2232
3436	2231
601	3436
2233	3436
2231	3436
600	2231
2234	602
603	2234
606	605
2238	608
2239	2238
2237	2238
609	2237
2241	611
2240	611
612	2240
2242	614
616	2242
615	2242
2247	617
618	617
2248	620
621	2248
2249	623
2250	2249
625	2250
624	623
2252	626
3437	2252
628	3437
2254	3437
2253	3437
2251	3437
627	2251
2252	3437
2260	629
2261	2260
2259	2260
630	2259
2264	632
2262	632
2263	2262
633	2262
2266	635
3438	2266
2269	3438
2267	3438
637	2267
636	3438
2265	3438
2266	3438
2272	638
3439	2272
2274	3439
640	2274
2273	3439
2271	3439
639	2271
2272	3439
2276	641
2275	2276
2583	2275
642	2275
643	642
2279	644
2280	2279
2283	2280
646	2280
645	644
3443	3440
3443	3441
3444	3441
3445	3444
3444	647
3441	3444
2306	3441
3440	3441
2305	3440
2289	3440
649	2289
3442	3440
2288	3442
3443	3442
2287	3443
3445	3443
648	3445
2285	3445
2286	3445
3444	3445
647	3444
2292	650
652	2292
2291	2292
2293	2291
2290	2291
651	2290
2294	653
2295	2294
655	2295
654	2294
2300	656
658	2300
2299	656
2298	656
657	2298
2315	659
2314	2315
661	2314
2316	2314
2313	2314
660	2313
2317	662
2318	2317
663	2317
2319	665
667	2319
666	2319
2320	668
669	668
2321	671
672	2321
2322	674
2323	2322
2638	2323
676	2323
675	674
3446	677
681	3446
679	681
3362	3446
680	3446
2324	3446
678	2324
2325	3446
677	3446
681	682
2328	681
3362	681
2327	3362
680	3362
2326	680
683	680
2336	685
2335	685
686	2335
2340	688
2341	2340
689	2340
2342	691
2343	2342
693	2343
692	2342
2349	694
2350	2349
696	2350
695	2349
2351	697
2352	2351
699	2352
698	2351
2353	700
2354	2353
701	2353
2362	703
704	2362
705	704
2370	706
2368	706
2369	2368
707	2368
2372	709
2374	2372
2371	2372
2373	2371
710	2371
2376	712
2662	2376
2375	2376
714	2375
713	2375
716	715
2377	718
719	718
2379	721
723	2379
722	721
3447	724
728	3447
2672	728
726	728
3363	3447
727	3447
2380	3447
725	2380
724	3447
728	729
3448	728
731	3448
2382	3448
727	3448
2381	727
730	727
3363	3448
728	3448
2386	732
734	2386
733	2386
2387	735
2388	2387
2394	2388
2389	2388
2393	2389
737	2389
736	735
2398	738
2695	2398
2397	2398
2696	2397
2396	2397
740	2396
739	2396
2399	741
743	2399
742	741
2401	744
2400	744
745	2400
748	747
2409	748
749	2409
2413	750
751	2413
754	753
757	756
2424	757
758	2424
2425	759
760	2425
761	760
2434	762
2433	762
763	2433
3449	765
767	3449
2436	3449
2435	3449
766	2435
765	3449
3450	768
2439	3450
770	2439
2438	3450
2437	3450
769	2437
768	3450
2441	771
2449	2441
2440	2441
2448	2440
772	2440
773	772
2453	774
2452	2453
2768	2452
2451	2452
2769	2451
775	2451
776	775
778	777
2454	778
2456	2454
779	2454
2459	780
3369	2459
2458	2459
3451	2458
3370	3451
2460	3451
3371	2460
2461	2460
1024	2461
782	2461
781	3451
2458	3451
2463	783
3350	2463
2462	2463
3351	2462
784	2462
2464	784
785	2464
2468	786
787	2468
2469	787
3342	2469
2470	2469
3341	2470
788	2470
2472	789
2785	2472
2471	2472
791	2471
790	2471
2477	792
2478	2477
2803	2478
794	2478
793	792
3453	795
3452	3453
2481	3452
799	3452
797	799
3366	3452
3453	3452
3365	3453
3364	3453
3454	3453
2479	3454
798	2479
796	2479
2480	3454
795	3454
3453	3454
2488	800
2815	2488
2487	2488
802	2487
801	2487
804	803
2493	804
2837	2493
2494	2493
805	2494
2496	806
2495	2496
2849	2495
807	2495
808	807
810	809
2501	810
2853	2501
2502	2501
811	2502
2506	812
2504	812
2505	2504
2503	2504
813	2503
816	815
817	816
819	818
822	821
825	824
826	825
828	827
2517	830
2516	830
831	2516
2521	833
3455	2521
2913	3455
2523	3455
835	2523
2522	3455
2521	3455
834	2521
2525	836
2527	2525
2524	2525
2526	2524
837	2524
2529	839
2528	2529
3456	2528
841	3456
840	3456
2528	3456
843	842
846	845
2544	848
849	848
852	851
855	854
856	855
2572	857
2571	857
858	2571
2574	860
2575	2574
2941	2575
2576	2575
2942	2576
862	2576
861	860
3460	3458
2579	863
3457	2579
2585	3457
3458	3457
3459	3458
2584	3459
865	3459
2581	3459
2580	3459
3460	3459
864	3460
2577	3460
3458	3460
2578	3458
3457	3458
2579	3457
2589	866
2592	2589
3461	2589
868	3461
2590	3461
2587	3461
867	2587
2588	3461
2589	3461
2595	869
2596	2595
2594	2595
871	2594
870	2594
2603	872
2602	2603
2956	2602
873	2602
874	873
876	875
2604	876
2608	2604
877	2604
2605	878
2606	2605
879	2605
2611	881
2612	2611
2610	2611
882	2610
2616	884
2617	2616
885	2616
2618	887
888	2618
2619	890
891	890
2626	893
894	2626
2630	896
2631	2630
898	2631
2629	896
897	896
2634	899
2636	2634
2633	2634
2635	2633
2632	2633
900	2632
2640	902
904	2640
903	2640
2644	905
907	2644
906	2644
909	908
912	911
915	914
2647	915
916	2647
2648	917
918	2648
921	920
2649	923
2650	2649
3003	2650
2651	2650
925	2651
924	923
2654	926
2656	2654
928	2656
2653	2654
2655	2653
2652	2653
927	2652
2658	929
3462	2658
2660	3462
931	2660
2659	3462
2657	3462
930	2657
2658	3462
2664	932
934	2664
933	2664
2668	935
3463	2668
2673	3463
2670	3463
937	2670
2669	3463
2668	3463
936	2668
2676	938
3464	2676
3015	3464
940	3464
2677	3464
939	3464
2675	3464
2676	3464
2680	941
943	2680
2679	941
2678	941
942	2678
2682	944
2683	2682
2681	2682
945	2681
2684	947
3465	2684
2697	3465
2686	3465
949	2686
2685	3465
2684	3465
948	2684
2688	950
3466	2688
2692	3466
3467	3466
2691	3467
3468	3467
952	3468
2689	3468
951	3468
2687	3468
3467	3468
3466	3467
2688	3466
2702	953
2700	953
2701	2700
2699	2700
954	2699
2704	956
3033	2704
2703	2704
958	2703
957	2703
960	959
963	962
2705	963
964	2705
2709	965
2708	965
966	2708
2713	968
2714	2713
970	2714
969	2713
2717	971
973	2717
972	2717
975	974
978	977
979	978
2732	980
981	980
2733	983
984	2733
985	984
987	986
988	987
2738	989
990	989
2742	992
993	992
2743	995
996	2743
2744	998
2745	2744
3077	2745
1000	2745
999	998
3469	1001
2750	3469
1003	2750
2749	3469
2746	3469
2748	2746
1002	2746
2747	3469
1001	3469
2753	1004
2756	2753
3470	2753
2755	3470
2752	3470
2751	2752
2754	2751
1005	2751
2753	3470
1011	1007
2759	1007
3367	2759
2758	2759
1010	2758
2757	2758
1008	2757
1011	1012
1014	1011
3367	1011
2761	3367
1010	3367
2760	1010
1013	1010
3473	3472
3474	3472
3476	3473
3476	3474
3477	3476
3471	1015
3368	3471
3473	3471
3475	3473
1018	3475
3477	3475
1017	3477
2766	3477
2765	3477
3476	3477
2764	3476
3474	3476
1016	3474
2762	3474
3472	3474
2763	3472
3471	3472
1015	3471
3478	1020
3479	3478
1022	3479
1024	3479
3371	3479
3478	3479
3480	3478
3370	3480
3481	3480
3482	3481
3369	3482
1018	3482
1023	1018
1021	1018
3368	3482
3481	3482
1019	3481
3480	3481
3478	3480
1020	3478
2772	1025
1026	1025
2773	1028
1029	2773
2782	1031
2783	2782
2786	2783
1033	2783
1032	1031
2789	1034
3483	2789
1036	3483
2791	3483
2790	3483
2788	3483
1035	2788
2789	3483
2793	1037
2794	2793
2792	2793
1038	2792
2795	1040
2796	2795
3484	2796
2804	3484
2797	3484
1042	2797
2796	3484
1041	2795
2807	1043
2809	2807
2806	2807
2808	2806
1044	2806
2811	1046
3150	2811
2810	2811
1048	2810
1047	2810
2812	1049
2813	2812
2816	2813
1051	2813
1050	1049
2819	1052
3485	2819
3154	3485
2820	3485
1054	2820
1053	3485
2818	3485
2819	3485
2821	1055
2822	2821
1056	2821
2825	1058
2824	1058
2823	1058
1059	2823
2827	1061
2828	2827
2826	2827
1062	2826
3488	3487
3487	1064
3486	3487
3176	3486
2831	3486
1066	2831
2830	3486
3488	3486
1065	3488
2829	3488
3487	3488
1064	3487
2835	1067
2833	1067
2834	2833
2832	2833
1068	2832
2838	1070
1071	1070
2839	1073
1074	2839
2840	1076
1078	2840
1077	1076
3489	1079
2857	3489
2843	3489
1081	2843
2842	3489
2841	3489
1080	2841
1079	3489
2847	1082
2845	1082
2846	2845
2844	2845
1083	2844
2850	1085
2851	2850
2854	2851
1087	2851
1086	1085
2860	1088
2859	1088
1089	2859
3490	1091
2866	3490
1093	2866
2865	3490
2864	3490
1092	2864
1091	3490
2868	1094
2870	2868
2867	2868
2869	2867
1095	2867
2872	1097
3491	2872
2878	3491
2873	3491
1099	2873
2871	3491
1098	2871
2872	3491
2881	1100
2883	2881
2880	2881
2882	2880
1101	2880
2885	1103
2892	2885
2884	2885
1105	2884
1104	2884
3492	1106
2897	3492
1108	2897
2896	3492
2894	3492
1107	2894
2895	3492
1106	3492
2899	1109
2898	2899
2906	2898
1110	2898
1111	1110
2909	1112
2911	2909
2908	2909
2910	2908
1113	2908
1116	1115
2922	1116
1117	2922
2926	1118
2927	2926
1119	2926
2928	1121
1122	2928
1123	1122
1125	1124
1128	1127
2937	1130
2938	2937
2943	2938
2939	2938
1132	2939
1131	1130
2946	1133
3493	2946
1135	3493
2947	3493
2945	3493
1134	2945
2946	3493
2948	1136
1137	2948
2951	1139
1140	1139
2952	1142
1143	2952
1146	1145
2953	1146
2957	2953
2954	2953
1147	2954
2963	1148
2960	1148
2962	2960
2959	2960
2961	2959
1149	2959
2966	1151
2965	2966
1153	2965
2967	2965
2964	2965
1152	2964
2968	1154
1156	2968
1155	2968
2970	1157
1159	2970
1158	2970
1161	1160
1164	1163
1167	1166
1170	1169
2971	1170
3158	2971
2972	2971
3157	2972
1171	2972
2974	1172
2973	2974
2975	2973
1173	2973
1174	1173
2978	1175
2977	2978
1177	2977
1176	2977
2981	1178
2980	1178
1179	2980
2982	1181
3494	2982
1183	3494
2983	3494
2982	3494
1182	2982
2984	1184
2985	2984
1185	2984
1188	1187
2998	1188
1189	2998
2999	1190
1191	2999
3000	1193
3001	3000
3004	3001
1195	3001
1194	1193
3007	1196
3151	3007
3006	3007
1198	3006
1197	3006
3008	1199
3009	3008
3147	3009
1201	3009
1200	1199
3011	1202
3013	3011
3010	3011
3012	3010
1203	3010
3016	1205
1206	1205
3018	1208
1209	1208
3020	1211
3019	1211
1212	3019
3021	1214
1215	3021
1216	1215
3026	1217
3027	3026
3034	3027
1219	3027
1218	1217
3029	1220
3031	3029
3028	3029
3030	3028
1221	3028
3037	1223
3036	3037
1225	3036
1224	3036
1227	1226
1230	1229
3040	1232
1234	3040
1233	1232
3044	1235
3043	1235
1236	3043
3046	1238
3045	1238
1239	3045
3047	1241
3048	3047
1242	3047
1245	1244
3050	1245
1246	3050
3051	1247
3052	3051
1248	3051
3057	1250
3058	3057
1251	3057
3062	1253
3063	3062
1255	3063
1254	3062
3495	1256
3069	3495
3070	3069
1258	3070
3068	3495
3067	3495
1257	3067
1256	3495
3073	1259
3072	3073
3074	3072
3071	3072
1261	3071
1260	3071
3079	1262
1264	3079
1263	3079
3082	1265
1267	3082
1266	1265
3091	1268
1270	3091
1269	3091
3100	1271
3099	1271
1272	3099
3101	1274
3102	3101
1275	3101
3113	1277
1279	3113
1278	3113
1281	1280
1284	1283
1287	1286
1290	1289
3124	1292
1294	3124
1293	1292
3125	1295
3126	3125
1297	3126
1296	3125
3129	1298
3130	3129
1300	3130
1299	3129
3135	1301
3134	1301
1302	3134
1305	1304
3139	1305
1306	3139
3156	1307
1308	3156
3162	1310
3164	3162
3161	3162
3163	3161
3160	3161
1311	3160
3169	1313
3166	1313
3168	3166
3165	3166
3167	3165
1314	3165
3172	1316
3171	3172
3173	3171
3170	3171
1318	3170
1317	3170
1320	1319
1323	1322
1324	1323
3179	1325
3178	1325
1326	3178
3180	1328
1329	3180
1330	1329
3185	1331
3186	3185
1333	3186
1332	1331
3190	1334
3188	1334
3189	3188
3187	3188
1335	3187
3192	1337
3194	3192
3191	3192
3193	3191
1338	3191
3196	1340
3195	3196
1342	3195
1341	3195
1344	1343
1347	1346
1350	1349
1351	1350
1353	1352
1354	1353
3203	1355
3202	1355
1356	3202
3204	1358
1359	3204
3205	1361
1363	3205
1362	1361
3210	1364
3209	1364
3208	1364
1365	3208
3212	1367
3213	3212
3211	3212
1368	3211
3218	1370
3217	1370
1371	3217
1374	1373
3228	1374
1375	3228
3232	1376
1377	3232
1380	1379
3237	1380
1381	3237
3240	1382
3241	3240
1383	3240
3242	1385
3243	3242
1387	3243
1386	3242
3246	1388
3247	3246
1389	3246
3248	1391
1392	3248
1395	1394
3249	1395
1396	3249
3250	1397
1398	3250
3257	1400
3256	1400
1401	3256
3258	1403
3259	3258
1404	3258
3260	1406
3261	3260
1408	3261
1407	3260
3267	1409
3268	3267
1411	3268
1410	3267
3269	1412
3270	3269
1414	3270
1413	3269
3271	1415
3272	3271
1416	3271
1419	1418
3286	1419
1420	3286
3287	1421
1423	3287
1422	3287
1425	1424
1428	1427
1431	1430
3290	1431
1432	3290
3296	1433
1434	3296
1435	1434
3304	1436
3305	3304
1438	3305
1437	3304
3314	1439
3315	3314
1440	3314
3316	1442
1444	3316
1443	3316
1446	1445
1449	1448
1450	1449
3332	1451
1452	3332
1453	1452
1491	34
3500	3497
3500	3498
1495	3500
1468	1495
1465	1468
19	1465
3496	19
3498	3496
1456	3496
10	1456
3497	10
7	10
1497	7
3500	1497
1495	1497
4	7
0	4
1462	3496
1458	1462
13	1462
16	1462
19	3496
1493	1495
1471	1493
1491	1493
22	1491
25	1491
31	1491
28	31
34	1491
1510	58
1	1510
41	1510
43	58
46	58
55	58
52	55
49	52
5	59
3502	61
3501	3502
8	3501
57	3501
56	3501
1527	3501
3502	3501
61	3502
3504	67
1459	3504
12	1459
1457	3504
3503	3504
62	3503
11	62
64	3503
67	3503
3504	3503
3505	76
14	3505
1535	3505
1534	1535
68	1535
70	3505
73	3505
76	3505
3506	82
1463	3506
17	3506
77	3506
79	3506
82	3506
3516	3515
3516	3508
3516	3509
3517	3516
3517	3510
3518	3517
3518	3511
3519	3518
3519	3512
3519	3513
3514	3513
3522	3521
3522	3515
3522	3516
3523	3522
3523	3517
3523	3518
3523	3519
3520	3519
3524	3521
3524	3522
3524	3523
1467	3521
1470	1467
3520	1470
1473	1470
3514	1473
21	1473
3507	21
1555	21
3513	1555
88	1555
3512	88
85	88
3511	85
1551	85
3510	1551
1549	1551
3509	1549
3508	1549
1547	1549
83	1547
3515	83
20	83
3521	20
1467	20
1557	94
1556	1557
23	1556
89	1557
91	94
26	95
3528	3526
3529	3528
3529	3527
3531	3530
3531	3528
112	3531
1602	112
3525	1602
109	1602
106	109
1594	106
3527	1594
103	1594
3526	103
97	103
1572	97
3528	1572
92	1572
3530	92
93	92
3532	93
115	3532
3531	115
112	115
30	3532
29	3532
93	3532
100	103
32	116
114	36
3537	3533
3539	3535
3536	3539
3537	3536
3540	3536
3541	3540
3544	3543
3544	3538
3544	3539
3540	3539
3545	3540
3546	3545
3546	3541
3549	3543
3549	3544
3545	3544
3550	3545
3550	3546
3550	3548
3550	3549
1512	3548
3547	1512
42	1512
1613	42
3546	1613
3542	1613
124	1613
121	124
3537	121
3541	3537
3534	121
118	121
1606	118
3533	1606
3535	1606
113	1606
3538	113
3539	3538
114	113
3543	114
36	114
3548	36
3549	3548
39	36
1512	39
3552	40
1498	3552
1496	3552
1494	3552
3551	3552
1492	3551
38	3551
40	3551
3552	3551
3557	3556
3557	3554
45	3557
142	45
3553	142
136	3553
3554	136
133	136
1617	133
3556	1617
125	1617
1615	125
3557	1615
44	1615
45	44
130	133
127	130
1621	3553
139	3553
142	3553
47	143
3558	160
3559	3558
1647	3559
140	3559
141	140
1649	141
50	141
51	50
145	3559
3558	3559
148	3558
154	3558
151	154
157	3558
160	3558
3563	3560
60	3563
63	60
163	63
3560	163
161	163
1646	161
1648	1646
3563	1648
1650	1648
3562	1650
1529	3562
60	1529
54	3562
53	3562
1650	3562
3565	69
3566	3565
66	3566
65	3566
164	3566
1655	3566
3565	3566
3564	3565
166	3564
1657	3564
169	3564
3565	3564
69	3565
3569	3568
3571	3568
3572	3571
3572	3569
1677	3572
1673	1677
1661	1673
1659	1661
3567	1659
3569	3567
175	1659
172	175
3568	172
170	172
71	170
3571	71
72	71
3572	72
184	72
1677	184
1663	1673
181	1673
1665	181
178	181
74	78
185	78
3576	3575
1691	3576
1689	1691
182	1689
1676	182
3574	1676
3575	3574
3577	3574
1548	3577
1550	1548
3576	1550
1552	1550
1693	1552
1691	1693
84	1552
81	3577
80	3577
1680	3577
183	1680
3574	3577
1676	3574
3581	3580
3579	3581
3584	3583
3584	3580
3585	3584
3586	3585
3586	3581
3582	3586
3588	3583
3589	3588
3589	3584
3590	3589
3590	3585
3591	3590
3591	3586
3587	3591
3593	3588
3594	3593
3594	3589
3595	3594
3595	3590
3595	3591
3592	3595
90	3592
1576	90
3582	1576
3579	1576
96	1576
187	96
3578	187
179	187
3580	179
3583	179
180	179
1690	180
1692	1690
3588	1692
1694	1692
3593	1694
86	1694
3594	86
87	86
3595	87
1558	87
3592	1558
90	1558
98	190
188	190
1720	199
3597	1720
102	3597
3596	3597
101	3596
191	3596
193	3596
1714	3596
3597	3596
196	3597
1720	3597
208	211
1597	208
205	208
202	205
1727	202
104	1727
200	202
214	217
107	214
212	214
220	117
218	220
1603	218
111	1603
110	218
223	226
119	223
221	223
3598	126
123	3598
122	3598
229	3598
227	229
126	3598
1784	247
1781	1784
128	1781
232	1781
230	232
244	247
241	244
235	241
238	241
131	248
3600	250
134	3600
3599	3600
246	3599
245	3599
1797	3599
3600	3599
250	3600
3601	144
1622	3601
251	3601
137	251
253	3601
256	3601
144	3601
146	257
149	265
255	265
259	265
254	259
262	265
3602	274
152	3602
266	3602
1811	3602
3603	3602
1813	3603
3604	3603
1815	3604
3605	3604
1817	3605
268	3605
271	3605
1820	3605
3604	3605
3603	3604
274	3603
3602	3603
155	275
1822	162
158	1822
273	1822
1656	162
272	1656
165	1656
3606	171
1658	3606
269	3606
167	269
270	269
277	3606
1828	3606
171	3606
1832	278
283	286
1834	283
174	1834
1832	1834
1829	1832
173	1829
278	1832
3611	186
3610	3611
1666	3610
3609	3610
1664	3609
3608	3609
1662	3608
1660	3608
1837	3608
176	1837
287	3608
289	3608
1841	3608
3609	3608
3610	3609
1844	3610
3611	3610
3607	3611
292	3607
192	3607
186	3607
189	186
3611	3607
3614	3612
1716	3614
301	1716
298	301
3612	298
295	298
293	295
3614	293
194	293
1716	194
195	1716
3618	3617
3618	3615
1878	3618
307	1878
304	307
3615	304
302	304
3617	302
197	302
1723	197
3618	1723
198	1723
1880	198
1878	1880
201	198
310	1878
1881	322
203	1881
1879	322
319	322
311	319
313	319
316	319
3623	3622
3623	3619
3624	3623
3624	3620
3625	3622
3626	3625
3626	3623
3627	3625
334	3627
3624	334
331	334
3621	331
328	331
1907	328
325	1907
3620	325
3619	325
323	325
206	323
207	206
3622	207
215	207
216	215
3625	216
219	216
3627	219
222	219
334	222
209	213
1913	228
224	1913
335	1913
231	228
3634	3628
3635	3634
3635	3629
3636	3635
3636	3630
3637	3636
3637	3631
3633	3638
3634	3633
3639	3633
3640	3639
3640	3634
3641	3640
3641	3635
3642	3641
3642	3636
3643	3638
3639	3638
3644	3639
3645	3644
3645	3640
3645	3641
3646	3645
3647	3643
3644	3643
3648	3644
3648	3645
3648	3647
233	3647
1783	233
3646	1783
1786	1783
3642	1786
3637	1786
234	1786
3632	234
349	234
346	349
3631	346
1922	346
3630	1922
343	1922
3629	343
3628	343
340	343
337	340
332	337
3638	332
333	332
3643	333
3647	333
1914	333
233	1914
350	352
236	350
3650	373
3649	3650
1954	3649
3651	3649
1956	3651
353	3651
239	353
240	239
355	3651
3649	3651
358	3649
3650	3649
361	3650
364	3650
367	3650
370	3650
373	3650
3655	3654
3655	3652
258	3655
374	258
1953	374
3652	1953
1955	1953
3654	1955
1957	1955
243	1957
1799	243
249	1799
3655	249
252	249
258	252
242	1957
3656	379
260	3656
372	3656
1961	3656
376	1961
371	376
379	3656
267	279
3662	3661
3662	3657
279	3662
397	279
394	397
391	394
3657	391
1976	391
3660	1976
3661	3660
1818	3660
3662	1818
267	1818
279	267
1816	3660
3659	3660
1814	3659
1812	3659
385	3659
263	385
264	263
382	385
380	382
388	3659
3660	3659
1976	3660
3663	403
1833	3663
1835	1833
282	1835
281	3663
398	3663
400	3663
403	3663
2014	288
284	2014
3665	2014
1987	3665
3664	3665
1993	3664
406	1993
404	406
1996	3664
2012	3664
409	2012
2010	2012
2002	2010
412	2010
415	2010
2014	3664
3665	3664
3669	3668
3669	3666
3670	3669
294	3670
416	294
2011	416
3666	2011
2013	2011
3668	2013
2015	2013
290	2015
1843	290
3669	1843
1846	1843
3670	1846
291	1846
294	291
418	421
296	418
414	418
413	418
3672	303
299	3672
2047	3672
3671	2047
422	3671
424	3671
442	3671
427	442
439	442
430	439
436	439
433	436
445	3671
2047	3671
448	3672
303	3672
454	457
2059	454
3673	2059
306	3673
305	3673
3674	3673
449	3674
2055	3674
451	3674
2059	3674
3673	3674
3676	312
308	3676
2072	3676
3675	3676
458	3675
460	3675
463	3675
3676	3675
312	3676
3681	3680
3681	3677
3683	3679
3684	3683
3684	3680
3684	3681
486	3684
480	486
477	480
3681	477
3678	477
2090	477
474	2090
3677	474
466	474
464	466
3679	464
3680	3679
314	464
315	314
2104	315
3683	2104
2100	2104
3684	2100
486	2100
469	474
483	486
2107	326
317	2107
1909	326
2103	1909
487	1909
327	1909
338	327
339	338
320	324
329	336
492	495
489	492
341	489
484	489
485	484
345	504
501	504
1924	501
498	501
496	498
344	496
354	351
508	354
347	508
2124	506
2124	516
356	2124
506	2124
513	516
510	513
522	525
359	522
517	522
519	522
362	526
2146	377
365	2146
523	2146
524	523
528	2146
1963	377
531	1963
534	1963
381	1963
378	1963
368	375
383	535
386	546
543	546
533	543
540	543
532	540
537	540
3685	558
1978	3685
2171	3685
549	2171
389	549
547	549
552	3685
555	3685
558	3685
559	561
392	559
562	399
395	562
3688	405
401	3688
560	3688
3687	3688
557	3687
556	3687
564	3687
2179	3687
3688	3687
2181	3688
3686	3688
2183	3686
2189	3686
2187	2189
2185	2187
567	2187
3688	3686
405	3688
3690	576
1998	3690
3691	3690
1995	3691
2190	3691
407	2190
2188	3691
3689	3691
568	3689
570	3689
3690	3689
573	3690
576	3690
3691	3689
3693	417
2005	3693
2199	3693
579	2199
410	579
577	579
3692	3693
582	3692
426	3692
425	3692
3693	3692
417	3693
419	423
2201	585
428	2201
583	2201
586	591
431	586
588	591
435	603
3695	603
434	3695
592	3695
2217	3695
3694	3695
2219	3694
2223	3694
594	2223
597	3694
600	3694
603	3694
3695	3694
437	607
441	605
440	605
3698	615
3697	3698
444	3697
3696	3697
443	3696
602	3696
601	3696
609	3696
3697	3696
3698	3697
612	3698
615	3698
616	450
3699	616
447	3699
2049	3699
2244	3699
446	2244
616	3699
3702	3700
2255	3702
627	2255
621	627
618	621
3700	618
613	618
614	613
3702	614
452	614
630	452
2255	630
2062	452
633	2062
453	2062
636	453
624	627
3704	459
455	3704
637	3704
639	3704
3703	3704
2277	3703
642	2277
645	3703
459	3703
3704	3703
461	465
646	465
651	465
648	651
654	465
467	657
655	657
3710	3706
3707	3706
3711	3707
3712	3709
3712	3710
3711	3710
473	3712
683	473
3708	683
678	683
672	678
3705	672
3707	3705
669	672
666	669
3706	666
663	666
660	663
3709	660
3710	3709
2308	660
3712	2308
649	2308
650	649
470	650
473	470
658	650
675	678
2091	684
476	2091
475	684
3716	3713
3717	3716
3715	3719
3716	3715
3721	3715
3722	3721
3722	3716
3723	3722
3723	3717
3724	3723
3725	3719
3720	3725
3721	3720
3726	3720
3727	3726
3727	3721
3728	3727
3728	3722
3729	3728
3729	3723
3726	3725
3730	3726
3731	3730
3731	3727
3731	3728
491	3731
2344	491
3724	2344
692	2344
689	692
3718	689
2337	689
3717	2337
3714	2337
686	2337
3713	686
679	686
682	679
3719	682
2333	682
478	2333
3725	478
479	478
3726	479
3730	479
490	479
3731	490
491	490
481	488
2346	497
493	2346
701	497
698	701
693	698
695	698
499	702
3733	509
3732	3733
503	3732
502	3732
700	3732
699	3732
509	3732
3733	3732
2359	704
3734	2359
2365	3734
511	3734
512	511
697	3734
696	3734
2359	3734
3738	3737
3738	3735
719	3738
716	719
713	716
710	713
3735	710
707	710
705	707
2364	705
3737	2364
2366	2364
3739	2366
3738	3739
518	3739
719	518
515	3739
514	3739
2366	3739
3740	527
520	3740
720	3740
725	3740
722	725
730	3740
527	3740
2147	536
736	536
529	736
733	736
731	733
538	745
742	745
737	742
739	742
3744	3743
3745	3742
3745	3743
2414	3745
751	2414
2410	751
3741	2410
2407	2410
2405	2407
3743	2405
2403	2405
3742	2403
541	2403
542	541
2416	542
3745	2416
2414	2416
746	2403
748	2410
3747	548
2417	3747
544	2417
2415	3747
3746	3747
752	3746
2418	3746
754	3746
2426	3746
2420	2426
2422	2426
760	2426
757	760
2428	3746
3747	3746
548	3747
3748	761
2173	3748
3749	3748
550	3749
2429	3749
3748	3749
2427	3748
761	3748
553	563
759	563
2446	563
758	2446
763	2446
2444	2446
2442	2444
766	2442
769	2442
772	2442
3753	3752
3754	3751
3755	3754
3755	3752
2184	3755
2186	2184
566	2186
3750	566
778	566
775	778
773	775
3751	773
3752	3751
2443	773
2445	2443
3754	2445
2447	2445
2180	2447
2182	2180
3755	2182
2184	2182
565	2447
569	566
3758	3757
3759	3757
584	3759
587	584
2475	587
3756	2475
2473	2475
790	2473
787	790
3757	787
2465	787
3760	2465
3759	3760
2202	3760
584	2202
581	3760
2465	3760
2200	2465
3761	2465
580	3761
572	3761
571	3761
784	3761
779	784
781	784
2465	3761
793	587
796	587
574	578
3766	3763
2218	3766
3765	2218
2499	3765
3763	2499
2497	2499
3762	2497
2483	3762
797	2483
589	797
3766	589
590	589
2218	590
801	3762
2489	3762
2497	3762
2491	2497
807	2497
804	807
813	3765
810	813
593	3765
2220	3765
2218	3765
2513	822
2226	2513
2511	2513
595	2511
2509	2511
814	2509
819	2509
816	819
823	608
598	823
825	608
828	608
829	617
610	829
2518	826
3768	840
619	3768
3767	3768
827	3767
826	3767
2518	3767
3768	3767
834	3768
837	3768
840	3768
622	841
3771	849
3770	3771
2548	3770
3769	3770
839	3769
626	839
625	839
838	3769
2532	3769
2534	3769
3770	3769
2536	3770
3771	3770
2538	3771
846	3771
2542	846
2540	2542
843	2542
849	3771
3775	3772
3776	3775
3776	3773
2552	3776
850	2552
2547	850
3773	2547
2550	2547
3772	2550
628	2550
2258	628
3775	2258
629	2258
2556	629
3776	2556
2554	2556
2552	2554
3780	3778
3779	3778
3781	3780
2555	3780
3782	2555
2566	3782
2564	2566
3779	2564
3777	2564
855	2564
852	855
2562	852
3778	2562
2560	2562
2558	2560
2553	2558
3780	2553
2555	2553
847	2558
848	847
2568	3782
2557	3782
631	2557
632	631
2555	3782
3785	3783
635	3785
638	635
858	638
3783	858
856	858
2565	856
2567	2565
3785	2567
2569	2567
634	2569
635	634
861	864
859	861
640	859
2312	647
2278	2312
659	2312
643	659
867	659
865	867
652	656
661	870
868	870
2598	879
664	2598
871	2598
873	879
876	879
667	880
3790	3786
3791	3790
3792	3791
3792	3787
3793	3792
3790	3789
3795	3789
3796	3795
3796	3790
3797	3796
3797	3791
3798	3797
3798	3792
3795	3794
3800	3794
3801	3800
3801	3795
3802	3801
3802	3796
3800	3799
3803	3800
3804	3803
3804	3801
894	3804
2623	894
3798	2623
3797	3798
2620	2623
3793	2620
891	2620
888	891
3788	888
885	888
2613	885
3787	2613
3786	2613
882	2613
3789	882
877	882
3794	877
878	877
3799	878
670	878
671	670
3803	671
3800	3803
2627	671
3804	2627
894	2627
2628	900
673	2628
897	900
895	897
676	685
901	685
3805	903
3806	3805
688	3806
2339	3806
898	3806
687	898
899	898
3805	3806
903	3805
3809	3808
912	3809
909	912
2642	909
3808	2642
690	2642
3810	690
2361	3810
3809	2361
703	2361
2645	703
912	2645
706	703
694	3810
691	3810
690	3810
906	909
904	906
3811	921
708	3811
2646	3811
915	3811
913	915
918	3811
921	3811
924	930
922	924
711	922
927	930
714	933
931	933
717	721
934	721
723	936
932	936
928	936
929	928
3812	732
726	3812
937	3812
942	3812
939	942
945	3812
948	3812
951	3812
732	3812
734	738
952	738
3813	963
740	3813
950	3813
949	3813
954	3813
957	3813
960	3813
963	3813
3817	3816
3817	3814
2408	3817
747	2408
969	747
2710	969
966	2710
3814	966
964	966
743	964
3816	743
744	743
2404	744
3817	2404
2406	2404
2408	2406
3820	3818
3821	3820
3823	3820
3823	3821
3824	3823
2724	3824
2722	2724
3821	2722
2720	2722
3819	2720
2718	2720
3818	2718
972	2718
970	972
749	970
3820	749
2412	749
3823	2412
750	2412
3824	750
2419	750
753	2419
975	753
2724	975
2423	762
2734	762
3825	2734
2421	3825
2726	3825
976	2726
755	976
2728	3825
2734	3825
2730	2734
984	2734
981	984
978	981
3826	985
764	3826
2735	3826
985	3826
767	990
983	990
987	990
982	987
3831	3830
3831	3828
3832	3831
3834	3833
3834	3830
3834	3831
774	3834
1008	774
1005	1008
3829	1005
3827	1005
3828	3827
993	3827
3830	993
2740	993
3833	2740
991	2740
770	991
771	770
3834	771
774	771
996	3827
1002	3827
999	1002
1005	3827
1013	774
1016	774
3835	780
1021	780
1017	1021
776	1017
3835	777
3842	3841
3842	3836
3843	3842
3843	3837
3844	3843
3844	3838
3846	3845
3846	3840
3846	3841
3847	3846
3847	3842
3344	3847
3844	3344
788	3344
3839	788
2780	788
2778	2780
3838	2778
2776	2778
3837	2776
2774	2776
3836	2774
1029	2774
3840	1029
3841	3840
1026	1029
3845	1026
1009	1026
3848	1009
3846	3848
783	3848
3847	783
3344	783
782	3848
1012	3848
1022	1012
1009	3848
789	788
1032	789
3849	785
2467	3849
786	2467
3849	2467
3850	1041
2476	3850
792	2476
2474	3850
1035	3850
1033	1035
791	1033
1038	3850
1041	3850
1050	1044
1042	800
2801	1042
794	2801
795	794
1044	800
1050	800
3851	1068
2492	3851
3852	3851
2490	3852
1051	3852
802	1051
1053	3852
1056	3852
1059	3852
1062	3852
3851	3852
1065	3851
1068	3851
1071	805
1074	1083
1071	1074
805	1071
1077	1083
1080	1083
3854	1086
2500	3854
3853	3854
2498	3853
808	3853
3854	3853
1084	3854
1086	3854
2874	1095
811	815
1087	815
1078	815
1079	1078
2874	815
1089	2874
2861	2874
1095	2874
1092	1095
2876	818
3857	3856
3858	3857
1101	3858
1099	1101
3856	1099
2876	1099
818	2876
3857	818
2890	818
2888	2890
3858	2888
2886	2888
1104	2886
1101	1104
3862	3860
2904	3862
2902	2904
2889	2902
2891	2889
3860	2891
2510	2891
2512	2510
3862	2512
2514	2512
2904	2514
821	2514
830	821
824	821
820	2891
3859	2902
2887	3859
2900	3859
1107	2900
1105	1107
1110	2900
2902	3859
3865	3863
3866	3865
1111	3866
2901	1111
2903	2901
3863	2903
2905	2903
3865	2905
832	2905
2520	832
3866	2520
833	2520
1113	833
1111	1113
2923	842
2920	2923
2539	2920
2918	2920
2537	2918
2535	2918
2916	2918
2533	2916
2914	2916
836	2914
835	2914
1114	2914
1116	2923
1119	842
1125	842
1122	1125
2931	851
3868	2931
2561	3868
3867	3868
2559	3867
2543	3867
845	2543
844	3867
1126	3867
1128	3867
2929	3867
3868	3867
2931	3868
3872	3869
3873	3872
3872	3871
2932	3871
853	2932
854	853
3873	854
857	854
860	857
3870	860
1131	860
3869	1131
2935	1131
3871	2935
2933	2935
2930	2933
2932	2930
1129	2933
3878	3874
3879	3878
3879	3875
3880	3877
3878	3877
3881	3878
3881	3880
862	3880
866	862
869	866
3879	869
2601	869
3876	2601
872	2601
1143	872
3875	1143
1140	1143
3874	1140
2949	1140
3877	2949
1137	2949
1132	1137
3880	1132
862	1132
1134	1137
1146	872
863	862
3882	881
1147	3882
874	1147
1149	3882
1152	3882
1155	3882
881	3882
1164	1167
2615	1164
1161	1164
883	1161
1156	1161
1158	1161
1168	1173
886	1168
1170	1173
889	1176
1174	1176
902	896
2625	902
905	902
1185	905
2622	1185
1182	1185
1179	1182
892	1179
1177	1179
907	1186
3883	914
910	3883
1184	3883
1183	3883
2988	3883
914	3883
3887	3885
1191	3887
1188	1191
2996	1188
2994	2996
3885	2994
3884	2994
916	3884
3887	916
917	916
1191	917
2990	3884
1181	3884
1180	3884
2992	3884
2994	3884
1194	923
919	1194
1192	1194
3888	935
925	3888
1195	3888
1203	3888
1197	1203
1200	1203
938	3888
935	3888
940	1206
1204	1206
956	955
3890	956
943	3890
1207	3890
3889	3890
1209	3889
1212	3889
3022	3889
1215	3022
3024	3889
3890	3889
1218	3890
1221	3890
956	3890
946	953
958	1222
1219	965
961	1219
1220	1219
3038	965
1224	3038
1227	965
3892	971
3891	3892
2712	3891
967	3891
1228	3891
1230	3891
3892	3891
1233	3892
971	3892
3896	3894
3897	3896
2729	3897
2731	2729
977	2731
1242	977
3894	1242
3893	1242
2721	3893
2723	2721
3896	2723
2725	2723
3897	2725
2727	2725
2729	2727
974	2725
2719	3893
1236	3893
1234	1236
973	1234
1239	3893
1242	3893
979	986
1248	986
1245	1248
1243	1245
3054	992
988	3054
989	988
1249	3054
3900	3899
3901	3900
3902	3901
3904	3903
3904	3899
3905	3904
3906	3905
3906	3900
3907	3906
3907	3901
3908	3904
3909	3908
3910	3909
3910	3905
3911	3910
3911	3906
3912	3911
3913	3909
3914	3913
3914	3910
3912	3914
3055	3914
994	3055
995	994
3907	995
3902	995
1260	995
3898	1260
1257	1260
3899	1257
3064	1257
3903	3064
1254	3064
3059	1254
3904	3059
3908	3059
1251	3059
3909	1251
3913	1251
1246	1251
3914	1246
1247	1246
3055	1247
997	1261
3915	1266
1259	3915
1000	1259
1001	1000
1258	3915
1263	3915
3080	3915
1266	3915
3918	3917
3919	3918
3920	3919
3922	3921
3922	3917
3923	3922
3923	3918
3924	3923
3925	3924
3925	3919
3926	3921
3927	3926
3927	3922
3928	3927
3928	3923
3929	3928
3930	3926
3931	3930
3931	3927
3929	3931
1028	3931
3096	1028
3925	3096
3924	3925
3094	3096
3920	3094
3092	3094
3916	3092
1269	3092
3088	1269
3917	3088
1267	3088
3921	1267
3085	1267
3926	3085
1003	3085
3930	1003
1004	1003
1027	1004
3931	1027
1028	1027
1006	1025
1014	1020
3936	3933
3937	3936
3937	3934
3938	3937
1275	3938
1272	1275
3932	1272
3093	3932
3934	3093
3095	3093
3933	3095
3097	3095
2775	3097
2777	2775
3936	2777
2779	2777
3937	2779
2781	2779
3939	2781
3938	3939
1275	3939
1034	3939
1031	3939
2781	3939
1030	3097
1270	3932
1272	3932
3942	3941
3944	3943
3944	3941
3081	3944
1265	3081
3090	1265
3940	3090
1268	3090
3110	1268
3941	3110
3108	3110
3943	3108
3114	3108
1284	3114
3944	1284
1281	1284
3081	1281
1278	1281
1264	1278
3116	3108
3106	3108
1287	3106
3104	3106
1037	3104
1036	3104
1276	3104
1271	1268
3945	1043
1288	3945
1039	1288
3118	3945
1290	3945
1043	3945
1291	1201
1045	1291
3946	1201
3120	3946
1208	3946
1205	3946
1202	3946
1201	3946
1048	1052
1199	1052
1198	1052
1189	1308
1054	1189
1196	1189
1190	1189
1193	1190
1057	1309
3949	3948
3950	3949
3951	3950
3952	3950
1061	3952
1317	1061
1314	1317
1311	1314
3947	1311
1171	1311
3948	1171
1172	1171
1175	1172
2993	1175
3949	2993
2995	2993
3950	2995
2997	2995
3952	2997
1187	2997
1307	1187
1060	1307
1061	1060
1178	1175
1063	1318
3953	1070
1066	3953
1316	3953
1315	3953
1320	3953
1323	3953
1070	3953
3958	3956
3197	3958
1341	3197
1338	1341
1335	1338
1332	1335
3183	1332
3956	3183
3955	3183
1072	3955
3958	1072
1073	1072
1344	1073
3197	1344
3954	3955
1324	3954
1326	3954
1329	3954
3181	3954
3955	3954
3183	3955
1345	1088
1075	1345
1081	1085
3198	1342
2863	3198
1090	3198
1343	3198
1340	1347
1093	1340
1339	1347
1348	1100
1096	1348
1350	1100
1353	1100
1356	1106
1354	1356
1102	1354
1362	1106
1359	1362
3961	3960
3964	3963
3964	3960
3965	3964
3965	3961
2921	3965
1371	2921
3214	1371
1368	3214
3961	1368
3959	1368
1365	1368
1363	1365
1108	1363
1109	1108
3960	1109
3963	1109
1112	1109
2915	1112
3964	2915
2917	2915
3965	2917
2919	2917
2921	2919
1115	2921
1117	1372
3966	1117
3222	3966
1118	3966
2925	3966
1117	3966
3235	1380
1120	3235
3223	3235
3233	3235
1377	3233
3221	1377
3229	1377
3967	3229
1370	3967
3224	3967
3216	3224
1369	3224
3226	3967
1374	3967
3229	3967
1123	1127
1381	1127
2934	1127
1383	2934
2936	2934
1386	2936
1130	2936
1133	1130
3251	1395
1392	1395
1389	1392
1136	1389
1387	1389
1135	1387
3252	1399
2950	3252
1139	2950
1138	3252
1401	1397
3970	3969
3971	3970
3973	3969
3974	3973
3975	3974
3975	3970
3972	3976
3973	3972
3978	3972
3979	3978
3979	3973
3980	3979
3980	3974
3981	3980
3982	3976
3977	3982
3978	3977
3984	3977
3985	3984
3985	3978
3984	3983
1141	3983
1142	1141
3985	1142
1150	1142
3980	1150
3979	3980
3981	1150
1151	1150
3262	1151
3975	3262
3971	3262
1407	3262
1404	1407
3968	1404
3969	1404
1401	1404
3976	1401
3982	1401
1397	1401
3254	1397
3983	3254
3977	3983
1141	3254
1144	1148
3264	1157
1153	3264
1416	1157
1413	1416
1410	1413
1408	1410
1159	1417
3987	1327
1163	3987
3986	3987
1162	3986
1415	3986
1414	3986
3987	3986
1328	3987
1327	3987
3340	1169
1165	3340
1310	1169
3988	1310
1325	3988
1322	3988
1321	3988
1310	3988
3115	1285
3989	3115
3121	3989
1210	3121
1211	1210
1289	3989
3119	3989
3117	3989
1286	3117
3115	3989
3991	1296
3990	3991
1213	3990
3123	3990
1283	3990
3991	3990
1282	3991
1293	3991
1296	3991
3025	1223
3993	1223
3023	3993
3992	3993
1216	3992
1297	3992
1299	3992
3131	3992
3993	3992
1302	3993
1223	3993
3997	3996
3997	3994
3145	3997
1252	3145
3061	1252
3994	3061
1253	3061
3137	1253
3996	3137
1303	3137
3039	1303
1226	3039
3997	1226
3998	1226
3145	3998
1237	3998
1238	1237
1229	3998
1226	3998
1225	1303
1305	1253
1231	1235
4001	1244
4000	4001
1240	4000
3146	4000
3999	4000
1250	3999
1244	3999
4001	3999
4000	3999
3066	1262
1277	1262
1294	1277
1295	1294
1306	1295
1255	1306
1298	1295
4003	4004
3109	4003
3111	3109
1273	3111
4004	1273
1274	1273
3105	1274
4003	3105
3107	3105
3109	3107
1279	1292
1300	1304
3133	1300
1301	3133
1312	1319
4007	4006
3184	4007
3280	3184
3277	3280
4006	3277
1411	3277
1412	1411
4007	1412
1330	1412
3182	1330
3184	3182
1331	3184
4011	4010
3282	4011
4009	3282
3284	4009
4010	3284
1405	3284
1406	1405
1409	1406
4011	1409
3279	1409
3282	3279
1425	4009
1422	1425
1419	1422
1428	4009
3282	4009
3288	3282
1333	3282
1334	1333
4012	1346
1336	4012
3289	4012
1429	4012
1431	4012
1349	4012
1346	4012
4016	4015
4016	4013
4017	4016
3299	4017
3297	3299
3293	3297
4013	3293
1432	3293
4015	1432
1351	1432
1352	1351
4016	1352
1355	1352
3301	1355
4017	3301
3299	3301
1434	3297
3306	1435
4020	4019
3309	4020
3306	3309
3298	3306
3300	3298
4019	3300
3302	3300
4021	3302
4020	4021
3225	4021
3227	3225
1373	3227
3309	1373
1367	4021
3302	4021
1366	3302
1358	3302
1357	3302
1435	3306
1360	1364
3317	1440
4024	4023
4025	4023
3323	4025
3321	3323
3319	3321
4022	3319
3317	3319
1440	3317
3308	1440
3311	3308
4023	3311
1375	3311
4025	1375
3231	1375
1376	3231
1446	1376
3323	1446
1438	1440
3236	1382
4026	1382
3234	4026
3325	4026
1447	3325
1378	1447
3337	4026
3327	3337
3329	3337
1390	3337
1391	1390
1449	1391
1382	4026
3338	1388
1384	3338
1450	1400
1393	1450
1452	1400
4027	1418
1403	4027
4028	4027
1402	4028
1453	4028
4027	4028
1418	4027
4032	4029
4032	4031
4033	4034
4032	4033
3330	4033
1448	3330
1451	1448
4030	1451
1420	1451
3318	1420
3320	3318
4029	3320
3322	3320
4031	3322
4034	3322
3324	3322
1445	3324
3326	1445
4033	3326
3328	3326
3330	3328
1421	1420
1444	1421
1442	1441
1423	1442
3295	1436
4035	1430
1426	4035
1439	4035
3295	4035
1436	3295
1430	4035
