0	2355
2354	2355
2354	2356
1	2356
2355	4
2356	4
2356	2358
2357	2358
4	2360
2359	2360
2359	2361
5	2361
2360	7
2361	7
2361	2363
2362	2363
7	10
2364	10
2364	2365
8	2365
10	13
11	13
13	2367
2366	2367
2366	2368
14	2368
2367	2370
2368	2370
2368	2371
2369	2371
2370	16
2371	16
2371	2373
2372	2373
16	19
17	19
19	2375
2374	2375
2374	2376
20	2376
2375	0
2376	0
2376	2378
2377	2378
20	22
18	22
22	2381
2379	2381
2379	2382
2380	2382
2380	2383
23	2383
2381	25
2382	25
2382	2385
2383	2385
2383	2386
2384	2386
25	2388
2387	2388
2387	2389
26	2389
2388	28
2389	28
2389	2391
2390	2391
28	31
2392	31
2392	2393
29	2393
31	34
2394	34
2394	2397
2395	2397
2395	2398
2396	2398
2396	2399
32	2399
34	37
2400	37
2400	2403
2401	2403
2401	2404
2402	2404
2402	2405
35	2405
37	40
2406	40
2406	2407
38	2407
40	2409
2408	2409
2408	2410
41	2410
2409	43
2410	43
2410	2412
2411	2412
43	2
2413	2
2413	2414
44	2414
44	2415
42	2415
2415	46
2416	46
46	49
47	49
49	2417
50	2417
2417	52
2418	52
52	55
53	55
55	2419
56	2419
2419	2421
2420	2421
2421	2423
2422	2423
2423	58
2424	58
58	61
2425	61
2425	2426
59	2426
61	64
2427	64
2427	2429
2428	2429
2428	2430
62	2430
64	9
2431	9
2431	2432
65	2432
65	67
2433	67
2433	2435
2434	2435
2434	2436
63	2436
67	12
68	12
68	70
2437	70
2437	2439
2438	2439
2438	2440
66	2440
70	73
2441	73
2441	2442
71	2442
73	76
2443	76
2443	2444
74	2444
76	2446
2445	2446
2445	2447
77	2447
2446	79
2447	79
2447	2449
2448	2449
79	82
2450	82
2450	2451
80	2451
82	15
83	15
83	21
2452	21
2452	2454
2453	2454
2453	2455
81	2455
80	85
78	85
85	88
86	88
88	91
89	91
91	94
2456	94
2456	2458
2457	2458
2457	2459
92	2459
94	97
2460	97
2460	2461
95	2461
97	2463
2462	2463
2462	2464
98	2464
2463	2466
2464	2466
2464	2467
2465	2467
2466	100
2467	100
2467	2469
2468	2469
100	2471
2470	2471
2470	2472
101	2472
2471	103
2472	103
2472	2474
2473	2474
103	106
2475	106
2475	2476
104	2476
106	109
2477	109
2477	2479
2478	2479
2478	2480
107	2480
109	112
110	112
112	2483
2481	2483
2481	2484
2482	2484
2482	2485
113	2485
2483	115
2484	115
2484	2487
2485	2487
2485	2488
2486	2488
115	118
2489	118
2489	2490
116	2490
118	2491
119	2491
2491	24
2492	24
119	27
2493	27
2493	2494
117	2494
116	121
2495	121
2495	2497
2496	2497
2496	2498
114	2498
121	124
2499	124
2499	2501
2500	2501
2500	2502
122	2502
124	127
2503	127
2503	2506
2504	2506
2504	2507
2505	2507
2505	2508
125	2508
127	30
2509	30
2509	2512
2510	2512
2510	2513
2511	2513
2511	2514
128	2514
128	2515
126	2515
2515	130
2516	130
130	133
131	133
133	2517
134	2517
2517	2519
2518	2519
2519	2521
2520	2521
2521	136
2522	136
136	48
137	48
137	139
2523	139
2523	2524
135	2524
139	51
140	51
140	142
2525	142
2525	2526
138	2526
142	145
2527	145
2527	2528
143	2528
145	2529
146	2529
2529	54
2530	54
146	148
2531	148
2531	2532
144	2532
148	151
149	151
151	2533
152	2533
2533	2535
2534	2535
2535	57
2536	57
152	2537
150	2537
2537	154
2538	154
154	157
2539	157
2539	2540
155	2540
157	60
2541	60
2541	2542
158	2542
158	160
156	160
160	163
161	163
163	166
164	166
166	69
167	69
167	169
165	169
169	2543
170	2543
2543	72
2544	72
170	172
2545	172
2545	2546
168	2546
172	175
2547	175
2547	2550
2548	2550
2548	2551
2549	2551
2549	2552
173	2552
175	178
2553	178
2553	2554
176	2554
178	181
179	181
181	184
2555	184
2555	2556
182	2556
184	187
2557	187
2557	2558
185	2558
187	75
2559	75
2559	2560
188	2560
188	2561
186	2561
2561	84
2562	84
185	190
183	190
190	193
2563	193
2563	2565
2564	2565
2564	2566
191	2566
193	196
2567	196
2567	2569
2568	2569
2568	2570
194	2570
196	87
197	87
197	90
2571	90
2571	2573
2572	2573
2572	2574
195	2574
194	2575
192	2575
2575	2577
2576	2577
2577	199
2578	199
199	202
2579	202
2579	2580
200	2580
202	2582
2581	2582
2581	2583
203	2583
2582	205
2583	205
2583	2585
2584	2585
205	208
2586	208
2586	2587
206	2587
208	93
2588	93
2588	2591
2589	2591
2589	2592
2590	2592
2590	2593
209	2593
209	2595
2594	2595
2594	2596
207	2596
2595	211
2596	211
2596	2598
2597	2598
211	2599
212	2599
2599	214
2600	214
214	2602
2601	2602
2601	2603
215	2603
2602	217
2603	217
2603	2605
2604	2605
217	102
218	102
218	105
216	105
215	220
213	220
220	223
2606	223
2606	2608
2607	2608
2607	2609
221	2609
227	224
223	228
228	231
2610	231
2610	2614
2611	2614
2611	2615
2612	2615
2612	2616
2613	2616
2613	2617
229	2617
231	234
2618	234
2618	2619
232	2619
234	2621
2620	2621
2620	2622
235	2622
2621	108
2622	108
2622	2624
2623	2624
235	237
2625	237
2625	2626
233	2626
237	111
2627	111
2627	2629
2628	2629
2628	2630
238	2630
238	240
2631	240
2631	2633
2632	2633
2632	2634
236	2634
240	243
2635	243
2635	2636
241	2636
243	2637
244	2637
2637	2639
2638	2639
2639	2641
2640	2641
2641	2643
2642	2643
2643	246
2644	246
246	249
247	249
249	120
250	120
250	252
248	252
252	123
2645	123
2645	2647
2646	2647
2646	2648
253	2648
253	255
2649	255
2649	2652
2650	2652
2650	2653
2651	2653
2651	2654
251	2654
255	129
256	129
256	258
2655	258
2655	2658
2656	2658
2656	2659
2657	2659
2657	2660
254	2660
258	261
2661	261
2661	2663
2662	2663
2662	2664
259	2664
261	2665
262	2665
2665	2667
2666	2667
2667	264
2668	264
264	267
2669	267
2669	2670
265	2670
267	2672
2671	2672
2671	2673
268	2673
2672	132
2673	132
2673	2675
2674	2675
268	2676
266	2676
2676	2678
2677	2678
2678	2680
2679	2680
2680	141
2681	141
265	270
2682	270
2682	2684
2683	2684
2683	2685
263	2685
270	2687
2686	2687
2686	2688
271	2688
2687	273
2688	273
2688	2690
2689	2690
273	147
2691	147
2691	2692
274	2692
274	276
272	276
276	2694
2693	2694
2693	2695
277	2695
2694	279
2695	279
2695	2697
2696	2697
279	153
280	153
280	282
278	282
282	285
283	285
285	2698
286	2698
2698	159
2699	159
286	288
2700	288
2700	2701
284	2701
288	2702
289	2702
2702	2704
2703	2704
2704	291
2705	291
291	294
292	294
294	2706
295	2706
2706	162
2707	162
295	297
2708	297
2708	2709
293	2709
297	171
2710	171
2710	2711
298	2711
298	2712
296	2712
2712	2714
2713	2714
2714	2716
2715	2716
2716	2718
2717	2718
2718	2720
2719	2720
2720	300
2721	300
300	303
2722	303
2722	2725
2723	2725
2723	2726
2724	2726
2724	2727
301	2727
303	306
2728	306
2728	2729
304	2729
176	307
306	174
307	311
2730	311
2730	2732
2731	2732
2731	2733
305	2733
311	314
312	314
314	317
2734	317
2734	2735
315	2735
317	320
2736	320
2736	2737
318	2737
320	2739
2738	2739
2738	2740
321	2740
2739	323
2740	323
2740	2742
2741	2742
323	177
324	177
324	326
2743	326
2743	2745
2744	2745
2744	2746
322	2746
326	329
2747	329
2747	2749
2748	2749
2748	2750
327	2750
329	180
330	180
330	189
2751	189
2751	2753
2752	2753
2752	2754
328	2754
327	332
2755	332
2755	2757
2756	2757
2756	2758
325	2758
332	335
333	335
335	338
2759	338
2759	2760
336	2760
338	341
339	341
341	198
2761	198
2761	2762
342	2762
342	2763
340	2763
2763	344
2764	344
344	347
345	347
347	350
2765	350
2765	2767
2766	2767
2766	2768
348	2768
350	353
2769	353
2769	2771
2770	2771
2770	2772
351	2772
353	2773
354	2773
2773	356
2774	356
356	2775
357	2775
2775	201
2776	201
357	359
355	359
359	362
360	362
362	204
2777	204
2777	2778
363	2778
363	365
2779	365
2779	2780
361	2780
365	368
2781	368
2781	2782
366	2782
368	371
2783	371
2783	2784
369	2784
371	210
372	210
372	219
2785	219
2785	2787
2786	2787
2786	2788
370	2788
369	374
367	374
374	222
2789	222
2789	2790
375	2790
375	2792
2791	2792
2791	2793
373	2793
2792	2795
2793	2795
2793	2796
2794	2796
2795	377
2796	377
2796	2798
2797	2798
377	2800
2799	2800
2799	2801
378	2801
2800	2803
2801	2803
2801	2804
2802	2804
2803	380
2804	380
2804	2806
2805	2806
380	383
381	383
383	2808
2807	2808
2807	2809
384	2809
2808	2811
2809	2811
2809	2812
2810	2812
2811	386
2812	386
2812	2814
2813	2814
386	227
387	227
387	389
385	389
389	230
2815	230
2815	2817
2816	2817
2816	2818
390	2818
390	392
2819	392
2819	2822
2820	2822
2820	2823
2821	2823
2821	2824
388	2824
392	239
2825	239
2825	2826
393	2826
393	395
2827	395
2827	2829
2828	2829
2828	2830
391	2830
395	398
396	398
398	242
2831	242
2831	2833
2832	2833
2832	2834
399	2834
399	401
2835	401
2835	2836
397	2836
401	404
402	404
404	407
2837	407
2837	2838
405	2838
407	410
408	410
410	2839
411	2839
2839	2841
2840	2841
2841	245
2842	245
411	2843
409	2843
2843	2845
2844	2845
2845	2847
2846	2847
2847	413
2848	413
413	257
414	257
414	416
412	416
416	2850
2849	2850
2849	2851
417	2851
2850	2853
2851	2853
2851	2854
2852	2854
2853	419
2854	419
2854	2856
2855	2856
419	422
420	422
422	425
423	425
425	428
2857	428
2857	2859
2858	2859
2858	2860
426	2860
428	431
2861	431
2861	2863
2862	2863
2862	2864
429	2864
431	2865
432	2865
2865	2867
2866	2867
2867	434
2868	434
434	260
2869	260
2869	2872
2870	2872
2870	2873
2871	2873
2871	2874
435	2874
435	437
2875	437
2875	2877
2876	2877
2876	2878
433	2878
437	440
2879	440
2879	2881
2880	2881
2880	2882
438	2882
440	443
2883	443
2883	2884
441	2884
443	2887
2885	2887
2885	2888
2886	2888
2886	2889
444	2889
2887	446
2888	446
2888	2891
2889	2891
2889	2892
2890	2892
446	269
2893	269
2893	2894
447	2894
447	2896
2895	2896
2895	2897
445	2897
2896	275
2897	275
2897	2899
2898	2899
444	449
442	449
449	2900
450	2900
2900	2902
2901	2902
2902	2904
2903	2904
2904	2906
2905	2906
2906	2908
2907	2908
2908	2910
2909	2910
2910	2912
2911	2912
2912	2914
2913	2914
2914	281
2915	281
450	452
448	452
452	455
2916	455
2916	2917
453	2917
455	458
456	458
458	2918
459	2918
2918	2920
2919	2920
2920	2922
2921	2922
2922	2924
2923	2924
2924	2926
2925	2926
2926	2928
2927	2928
2928	2930
2929	2930
2930	2932
2931	2932
2932	461
2933	461
461	287
462	287
462	2934
460	2934
2934	464
2935	464
464	467
465	467
467	2936
468	2936
2936	2938
2937	2938
2938	2940
2939	2940
2940	290
2941	290
468	2942
466	2942
2942	2944
2943	2944
2944	2946
2945	2946
2946	2948
2947	2948
2948	2950
2949	2950
2950	470
2951	470
470	2952
471	2952
2952	2954
2953	2954
2954	2956
2955	2956
2956	473
2957	473
473	299
2958	299
2958	2961
2959	2961
2959	2962
2960	2962
2960	2963
474	2963
474	476
2964	476
2964	2966
2965	2966
2965	2967
472	2967
476	479
2968	479
2968	2970
2969	2970
2969	2971
477	2971
479	439
2972	439
2972	2974
2973	2974
2973	2975
480	2975
480	451
478	451
477	454
475	454
471	482
469	482
482	2976
483	2976
2976	457
2977	457
483	2979
2978	2979
2978	2980
481	2980
2979	2982
2980	2982
2980	2983
2981	2983
2982	463
2983	463
2983	2985
2984	2985
438	2986
436	2986
2986	2988
2987	2988
2988	2990
2989	2990
2990	316
2991	316
432	2994
2992	2994
2992	2995
2993	2995
2993	2996
430	2996
2994	485
2995	485
2995	2998
2996	2998
2996	2999
2997	2999
485	488
3000	488
3000	3002
3001	3002
3001	3003
486	3003
488	319
3004	319
3004	3007
3005	3007
3005	3008
3006	3008
3006	3009
489	3009
489	491
487	491
491	494
3010	494
3010	3012
3011	3012
3011	3013
492	3013
494	497
3014	497
3014	3016
3015	3016
3015	3017
495	3017
497	500
3018	500
3018	3020
3019	3020
3019	3021
498	3021
500	503
3022	503
3022	3023
501	3023
503	331
3024	331
3024	3025
504	3025
504	334
502	334
501	506
3026	506
3026	3028
3027	3028
3027	3029
499	3029
506	337
507	337
507	509
3030	509
3030	3032
3031	3032
3031	3033
505	3033
509	512
3034	512
3034	3036
3035	3036
3035	3037
510	3037
512	343
513	343
513	515
3038	515
3038	3041
3039	3041
3039	3042
3040	3042
3040	3043
511	3043
515	518
3044	518
3044	3046
3045	3046
3045	3047
516	3047
518	346
3048	346
3048	3050
3049	3050
3049	3051
519	3051
519	521
3052	521
3052	3053
517	3053
521	524
522	524
524	349
525	349
525	527
3054	527
3054	3055
523	3055
527	530
3056	530
3056	3057
528	3057
530	3058
531	3058
3058	3060
3059	3060
3060	3062
3061	3062
3062	533
3063	533
533	536
3064	536
3064	3065
534	3065
536	3068
3066	3068
3066	3069
3067	3069
3067	3070
537	3070
3068	539
3069	539
3069	3072
3070	3072
3070	3073
3071	3073
539	352
3074	352
3074	3076
3075	3076
3075	3077
540	3077
540	3078
538	3078
3078	3080
3079	3080
3080	542
3081	542
542	376
3082	376
3082	3083
543	3083
543	535
3084	535
3084	3086
3085	3086
3085	3087
541	3087
534	545
3088	545
3088	3089
532	3089
545	548
3090	548
3090	3091
546	3091
548	551
3092	551
3092	3093
549	3093
551	554
3094	554
3094	3095
552	3095
554	557
3096	557
3096	3097
555	3097
557	560
3098	560
3098	3099
558	3099
560	379
561	379
561	563
3100	563
3100	3102
3101	3102
3101	3103
559	3103
563	382
564	382
564	566
3104	566
3104	3106
3105	3106
3105	3107
562	3107
566	569
3108	569
3108	3110
3109	3110
3109	3111
567	3111
570	3112
573	3112
3113	3112
569	574
3114	574
3114	3115
574	577
3116	577
3116	3119
3117	3119
3117	3120
3118	3120
3118	3121
575	3121
581	578
577	582
582	585
3122	585
3122	3125
3123	3125
3123	3126
3124	3126
3124	3127
583	3127
585	394
3128	394
3128	3131
3129	3131
3129	3132
3130	3132
3130	3133
586	3133
586	588
584	588
588	591
3134	591
3134	3135
589	3135
591	594
3136	594
3136	3137
592	3137
594	3139
3138	3139
3138	3140
595	3140
3139	400
3140	400
3140	3142
3141	3142
595	597
593	597
597	403
3143	403
3143	3144
598	3144
598	600
3145	600
3145	3146
596	3146
600	603
3147	603
3147	3149
3148	3149
3148	3150
601	3150
603	3151
604	3151
3151	3153
3152	3153
3153	3155
3154	3155
3155	406
3156	406
604	606
3157	606
3157	3159
3158	3159
3158	3160
602	3160
606	609
3161	609
3161	3163
3162	3163
3162	3164
607	3164
609	612
3165	612
3165	3167
3166	3167
3166	3168
610	3168
612	421
613	421
613	424
3169	424
3169	3171
3170	3171
3170	3172
611	3172
610	3173
608	3173
3173	615
3174	615
615	3177
3175	3177
3175	3178
3176	3178
3176	3179
616	3179
3177	618
3178	618
3178	3181
3179	3181
3179	3182
3180	3182
618	427
3183	427
3183	3184
619	3184
619	621
3185	621
3185	3186
617	3186
621	624
3187	624
3187	3188
622	3188
624	627
3189	627
3189	3191
3190	3191
3190	3192
625	3192
627	484
628	484
628	490
3193	490
3193	3195
3194	3195
3194	3196
626	3196
625	630
623	630
630	633
3197	633
3197	3198
631	3198
633	636
634	636
636	639
3199	639
3199	3201
3200	3201
3200	3202
637	3202
639	642
3203	642
3203	3205
3204	3205
3204	3206
640	3206
642	3208
3207	3208
3207	3209
643	3209
3208	493
3209	493
3209	3211
3210	3211
643	645
3212	645
3212	3215
3213	3215
3213	3216
3214	3216
3214	3217
641	3217
645	648
3218	648
3218	3222
3219	3222
3219	3223
3220	3223
3220	3224
3221	3224
3221	3225
646	3225
648	3226
649	3226
3226	3228
3227	3228
3228	496
3229	496
649	651
3230	651
3230	3233
3231	3233
3231	3234
3232	3234
3232	3235
647	3235
651	654
3236	654
3236	3239
3237	3239
3237	3240
3238	3240
3238	3241
652	3241
654	3242
655	3242
3242	3244
3243	3244
3244	508
3245	508
655	657
3246	657
3246	3250
3247	3250
3247	3251
3248	3251
3248	3252
3249	3252
3249	3253
653	3253
657	3255
3254	3255
3254	3256
658	3256
3255	514
3256	514
3256	3258
3257	3258
658	660
3259	660
3259	3263
3260	3263
3260	3264
3261	3264
3261	3265
3262	3265
3262	3266
656	3266
661	3267
664	3267
3268	3267
660	665
3269	665
3269	3270
665	668
3271	668
3271	3272
666	3272
668	520
3273	520
3273	3274
669	3274
669	526
667	526
672	664
666	673
673	676
3275	676
3275	3277
3276	3277
3276	3278
674	3278
676	679
677	679
679	529
3279	529
3279	3280
680	3280
680	682
3281	682
3281	3282
678	3282
682	685
3283	685
3283	3284
683	3284
685	3286
3285	3286
3285	3287
686	3287
3286	688
3287	688
3287	3289
3288	3289
688	544
3290	544
3290	3291
689	3291
689	547
687	547
686	3292
684	3292
3292	3294
3293	3294
3294	3296
3295	3296
3296	550
3297	550
683	691
681	691
691	694
692	694
694	697
3298	697
3298	3301
3299	3301
3299	3302
3300	3302
3300	3303
695	3303
697	3304
698	3304
3304	3306
3305	3306
3306	3308
3307	3308
3308	3310
3309	3310
3310	3312
3311	3312
3312	553
3313	553
698	700
3314	700
3314	3316
3315	3316
3315	3317
696	3317
700	3318
701	3318
3318	3320
3319	3320
3320	703
3321	703
703	706
3322	706
3322	3323
704	3323
706	3325
3324	3325
3324	3326
707	3326
3325	709
3326	709
3326	3328
3327	3328
709	3329
710	3329
3329	556
3330	556
710	712
3331	712
3331	3332
708	3332
712	565
713	565
713	568
3333	568
3333	3334
711	3334
707	3336
3335	3336
3335	3337
705	3337
3336	715
3337	715
3337	3339
3338	3339
715	718
3340	718
3340	3343
3341	3343
3341	3344
3342	3344
3342	3345
716	3345
718	721
719	721
721	3347
3346	3347
3346	3348
722	3348
3347	724
3348	724
3348	3350
3349	3350
724	573
725	573
725	576
723	576
722	727
720	727
727	730
3351	730
3351	3352
728	3352
730	3355
3353	3355
3353	3356
3354	3356
3354	3357
731	3357
3355	733
3356	733
3356	3359
3357	3359
3357	3360
3358	3360
733	736
3361	736
3361	3363
3362	3363
3362	3364
734	3364
740	737
736	741
741	744
3365	744
3365	3369
3366	3369
3366	3370
3367	3370
3367	3371
3368	3371
3368	3372
742	3372
745	3373
583	3373
3374	3373
744	581
3375	581
3375	3376
745	749
743	749
749	587
3377	587
3377	3378
750	3378
750	740
3379	740
3379	3380
748	3380
737	752
3381	752
3381	3384
3382	3384
3382	3385
3383	3385
3383	3386
735	3386
752	3387
753	3387
3387	3389
3388	3389
3389	605
3390	605
753	755
3391	755
3391	3393
3392	3393
3392	3394
751	3394
755	614
3395	614
3395	3397
3396	3397
3396	3398
756	3398
756	758
3399	758
3399	3400
754	3400
758	761
3401	761
3401	3404
3402	3404
3402	3405
3403	3405
3403	3406
759	3406
761	3409
3407	3409
3407	3410
3408	3410
3408	3411
762	3411
3409	764
3410	764
3410	3413
3411	3413
3411	3414
3412	3414
764	3417
3415	3417
3415	3418
3416	3418
3416	3419
765	3419
3417	767
3418	767
3418	3421
3419	3421
3419	3422
3420	3422
767	632
768	632
768	770
3423	770
3423	3425
3424	3425
3424	3426
766	3426
770	635
3427	635
3427	3428
771	3428
771	3429
769	3429
3429	3431
3430	3431
3431	773
3432	773
773	776
3433	776
3433	3435
3434	3435
3434	3436
774	3436
776	3438
3437	3438
3437	3439
777	3439
3438	3441
3439	3441
3439	3442
3440	3442
3441	779
3442	779
3442	3444
3443	3444
779	638
780	638
780	782
3445	782
3445	3446
778	3446
782	644
3447	644
3447	3448
783	3448
783	3449
781	3449
3449	785
3450	785
785	3451
786	3451
3451	3453
3452	3453
3453	3455
3454	3455
3455	788
3456	788
788	650
789	650
789	791
3457	791
3457	3458
787	3458
791	794
792	794
794	797
795	797
797	800
3459	800
3459	3460
798	3460
800	659
801	659
801	803
3461	803
3461	3462
799	3462
803	806
3463	806
3463	3464
804	3464
806	809
3465	809
3465	3467
3466	3467
3466	3468
807	3468
809	812
3469	812
3469	3470
810	3470
812	815
3471	815
3471	3473
3472	3473
3472	3474
813	3474
815	818
3475	818
3475	3476
816	3476
818	672
3477	672
3477	3479
3478	3479
3478	3480
819	3480
819	821
817	821
821	824
3481	824
3481	3484
3482	3484
3482	3485
3483	3485
3483	3486
822	3486
824	827
3487	827
3487	3489
3488	3489
3488	3490
825	3490
827	830
828	830
830	675
3491	675
3491	3493
3492	3493
3492	3494
831	3494
831	833
3495	833
3495	3497
3496	3497
3496	3498
829	3498
833	690
834	690
834	836
3499	836
3499	3502
3500	3502
3500	3503
3501	3503
3501	3504
832	3504
836	839
3505	839
3505	3507
3506	3507
3506	3508
837	3508
839	693
3509	693
3509	3512
3510	3512
3510	3513
3511	3513
3511	3514
840	3514
840	842
838	842
842	845
3515	845
3515	3517
3516	3517
3516	3518
843	3518
849	846
845	850
850	853
3519	853
3519	3522
3520	3522
3520	3523
3521	3523
3521	3524
851	3524
853	856
3525	856
3525	3528
3526	3528
3526	3529
3527	3529
3527	3530
854	3530
856	3531
857	3531
3531	3533
3532	3533
3533	3535
3534	3535
3535	859
3536	859
859	862
3537	862
3537	3538
860	3538
862	3541
3539	3541
3539	3542
3540	3542
3540	3543
863	3543
3541	699
3542	699
3542	3545
3543	3545
3543	3546
3544	3546
863	702
3547	702
3547	3548
861	3548
860	865
3549	865
3549	3550
858	3550
865	3552
3551	3552
3551	3553
866	3553
3552	868
3553	868
3553	3555
3554	3555
868	714
3556	714
3556	3557
869	3557
869	871
867	871
871	874
872	874
874	877
875	877
877	880
3558	880
3558	3559
878	3559
880	3560
881	3560
3560	883
3561	883
883	3563
3562	3563
3562	3564
884	3564
3563	3566
3564	3566
3564	3567
3565	3567
3566	3569
3567	3569
3567	3570
3568	3570
3569	886
3570	886
3570	3572
3571	3572
886	889
3573	889
3573	3574
887	3574
889	892
890	892
892	732
3575	732
3575	3578
3576	3578
3576	3579
3577	3579
3577	3580
893	3580
893	895
3581	895
3581	3584
3582	3584
3582	3585
3583	3585
3583	3586
891	3586
895	757
3587	757
3587	3589
3588	3589
3588	3590
896	3590
896	898
3591	898
3591	3592
894	3592
898	3596
3593	3596
3593	3597
3594	3597
3594	3598
3595	3598
3595	3599
899	3599
3596	901
3597	901
3597	3601
3598	3601
3598	3602
3599	3602
3599	3603
3600	3603
901	904
3604	904
3604	3606
3605	3606
3605	3607
902	3607
904	907
3608	907
3608	3610
3609	3610
3609	3611
905	3611
907	3612
908	3612
3612	760
3613	760
908	910
3614	910
3614	3616
3615	3616
3615	3617
906	3617
910	913
3618	913
3618	3620
3619	3620
3619	3621
911	3621
913	763
3622	763
3622	3623
914	3623
914	916
3624	916
3624	3627
3625	3627
3625	3628
3626	3628
3626	3629
912	3629
916	772
3630	772
3630	3632
3631	3632
3631	3633
917	3633
917	3635
3634	3635
3634	3636
915	3636
3635	919
3636	919
3636	3638
3637	3638
919	922
3639	922
3639	3641
3640	3641
3640	3642
920	3642
922	925
3643	925
3643	3644
923	3644
925	775
3645	775
3645	3648
3646	3648
3646	3649
3647	3649
3647	3650
926	3650
926	928
3651	928
3651	3653
3652	3653
3652	3654
924	3654
928	931
3655	931
3655	3657
3656	3657
3656	3658
929	3658
931	934
932	934
934	3659
935	3659
3659	784
3660	784
935	937
933	937
937	3663
3661	3663
3661	3664
3662	3664
3662	3665
938	3665
3663	940
3664	940
3664	3667
3665	3667
3665	3668
3666	3668
940	943
3669	943
3669	3671
3670	3671
3670	3672
941	3672
943	3675
3673	3675
3673	3676
3674	3676
3674	3677
944	3677
3675	946
3676	946
3676	3679
3677	3679
3677	3680
3678	3680
946	3682
3681	3682
3681	3683
947	3683
3682	3685
3683	3685
3683	3686
3684	3686
3685	949
3686	949
3686	3688
3687	3688
949	952
3689	952
3689	3691
3690	3691
3690	3692
950	3692
952	955
3693	955
3693	3696
3694	3696
3694	3697
3695	3697
3695	3698
953	3698
955	3699
956	3699
3699	3701
3700	3701
3701	3703
3702	3703
3703	3705
3704	3705
3705	790
3706	790
956	3709
3707	3709
3707	3710
3708	3710
3708	3711
954	3711
3709	958
3710	958
3710	3713
3711	3713
3711	3714
3712	3714
958	961
3715	961
3715	3716
959	3716
961	3717
962	3717
3717	793
3718	793
962	3719
960	3719
3719	964
3720	964
964	3721
965	3721
3721	967
3722	967
967	970
968	970
970	3723
971	3723
3723	796
3724	796
971	973
3725	973
3725	3726
969	3726
973	802
974	802
974	805
972	805
968	976
3727	976
3727	3728
966	3728
976	979
3729	979
3729	3730
977	3730
979	3731
980	3731
3731	3733
3732	3733
3733	982
3734	982
982	985
3735	985
3735	3737
3736	3737
3736	3738
983	3738
985	988
3739	988
3739	3741
3740	3741
3740	3742
986	3742
988	991
3743	991
3743	3745
3744	3745
3744	3746
989	3746
991	808
992	808
992	811
3747	811
3747	3749
3748	3749
3748	3750
990	3750
989	994
987	994
994	3751
995	3751
3751	997
3752	997
997	1000
3753	1000
3753	3754
998	3754
1000	3755
1001	3755
3755	1003
3756	1003
1003	814
3757	814
3757	3760
3758	3760
3758	3761
3759	3761
3759	3762
1004	3762
1004	820
3763	820
3763	3766
3764	3766
3764	3767
3765	3767
3765	3768
1002	3768
1001	1006
3769	1006
3769	3770
999	3770
1006	1009
1007	1009
1009	823
3771	823
3771	3772
1010	3772
1010	1012
3773	1012
3773	3774
1008	3774
1012	1015
3775	1015
3775	3777
3776	3777
3776	3778
1013	3778
1015	1018
3779	1018
3779	3780
1016	3780
1018	1021
3781	1021
3781	3782
1019	3782
1021	3784
3783	3784
3783	3785
1022	3785
3784	3787
3785	3787
3785	3788
3786	3788
3787	3790
3788	3790
3788	3791
3789	3791
3790	849
3791	849
3791	3793
3792	3793
1022	1024
3794	1024
3794	3797
3795	3797
3795	3798
3796	3798
3796	3799
1020	3799
1024	1027
3800	1027
3800	3801
1025	3801
1027	1030
1028	1030
1030	1033
3802	1033
3802	3805
3803	3805
3803	3806
3804	3806
3804	3807
1031	3807
1033	3808
1034	3808
3808	3810
3809	3810
3810	3812
3811	3812
3812	852
3813	852
1034	1036
3814	1036
3814	3817
3815	3817
3815	3818
3816	3818
3816	3819
1032	3819
1036	3821
3820	3821
3820	3822
1037	3822
3821	1039
3822	1039
3822	3824
3823	3824
1039	1042
3825	1042
3825	3826
1040	3826
1042	855
3827	855
3827	3830
3828	3830
3828	3831
3829	3831
3829	3832
1043	3832
1043	1045
3833	1045
3833	3834
1041	3834
1045	1048
3835	1048
3835	3836
1046	3836
1048	3838
3837	3838
3837	3839
1049	3839
3838	1051
3839	1051
3839	3841
3840	3841
1051	864
3842	864
3842	3843
1052	3843
1052	870
1050	870
1049	3844
1047	3844
3844	873
3845	873
1046	1054
1044	1054
1054	1057
3846	1057
3846	3848
3847	3848
3847	3849
1055	3849
1057	876
3850	876
3850	3852
3851	3852
3851	3853
1058	3853
1058	3854
1056	3854
3854	3856
3855	3856
3856	1060
3857	1060
1060	1063
3858	1063
3858	3859
1061	3859
1063	1066
3860	1066
3860	3861
1064	3861
1066	1069
3862	1069
3862	3863
1067	3863
1069	879
3864	879
3864	3865
1070	3865
1070	1072
3866	1072
3866	3867
1068	3867
1072	882
3868	882
3868	3869
1073	3869
1073	3871
3870	3871
3870	3872
1071	3872
3871	1075
3872	1075
3872	3874
3873	3874
1075	3875
1076	3875
3875	1078
3876	1078
1078	3878
3877	3878
3877	3879
1079	3879
3878	1081
3879	1081
3879	3881
3880	3881
1081	885
1082	885
1082	3882
1080	3882
3882	1084
3883	1084
1084	888
1085	888
1085	897
3884	897
3884	3885
1083	3885
1079	1087
1077	1087
1087	1090
3886	1090
3886	3887
1088	3887
1090	3890
3888	3890
3888	3891
3889	3891
3889	3892
1091	3892
3890	1093
3891	1093
3891	3894
3892	3894
3892	3895
3893	3895
1093	900
3896	900
3896	3897
1094	3897
1094	1096
3898	1096
3898	3899
1092	3899
1096	1099
3900	1099
3900	3901
1097	3901
1099	903
3902	903
3902	3903
1100	3903
1100	1102
3904	1102
3904	3906
3905	3906
3905	3907
1098	3907
1102	3911
3908	3911
3908	3912
3909	3912
3909	3913
3910	3913
3910	3914
1103	3914
3911	1105
3912	1105
3912	3916
3913	3916
3913	3917
3914	3917
3914	3918
3915	3918
1105	1108
3919	1108
3919	3921
3920	3921
3920	3922
1106	3922
1108	1111
3923	1111
3923	3925
3924	3925
3924	3926
1109	3926
1111	3927
1112	3927
3927	3929
3928	3929
3929	909
3930	909
1112	1114
3931	1114
3931	3933
3932	3933
3932	3934
1110	3934
1114	3937
3935	3937
3935	3938
3936	3938
3936	3939
1115	3939
3937	1117
3938	1117
3938	3941
3939	3941
3939	3942
3940	3942
1117	1120
3943	1120
3943	3944
1118	3944
1120	918
3945	918
3945	3947
3946	3947
3946	3948
1121	3948
1121	1123
1119	1123
1123	1126
3949	1126
3949	3950
1124	3950
1126	3953
3951	3953
3951	3954
3952	3954
3952	3955
1127	3955
3953	3957
3954	3957
3954	3958
3955	3958
3955	3959
3956	3959
3957	1129
3958	1129
3958	3961
3959	3961
3959	3962
3960	3962
1129	1132
3963	1132
3963	3965
3964	3965
3964	3966
1130	3966
1132	1135
1133	1135
1135	1138
3967	1138
3967	3968
1136	3968
1138	1141
3969	1141
3969	3972
3970	3972
3970	3973
3971	3973
3971	3974
1139	3974
1141	3977
3975	3977
3975	3978
3976	3978
3976	3979
1142	3979
3977	3981
3978	3981
3978	3982
3979	3982
3979	3983
3980	3983
3981	921
3982	921
3982	3985
3983	3985
3983	3986
3984	3986
1142	3987
1140	3987
3987	1144
3988	1144
1144	1147
1145	1147
1147	3989
1148	3989
3989	3991
3990	3991
3991	927
3992	927
1148	1150
3993	1150
3993	3994
1146	3994
1150	939
3995	939
3995	3996
1151	3996
1151	1153
1149	1153
1153	1156
3997	1156
3997	4000
3998	4000
3998	4001
3999	4001
3999	4002
1154	4002
1156	1159
4003	1159
4003	4005
4004	4005
4004	4006
1157	4006
944	1160
1159	942
1160	1164
4007	1164
4007	4010
4008	4010
4008	4011
4009	4011
4009	4012
1158	4012
1168	1165
1164	1169
1169	1172
1170	1172
1172	4014
4013	4014
4013	4015
1173	4015
4014	1175
4015	1175
4015	4017
4016	4017
1175	4018
1176	4018
4018	1178
4019	1178
1178	4021
4020	4021
4020	4022
1179	4022
4021	951
4022	951
4022	4024
4023	4024
1179	4025
1177	4025
4025	1181
4026	1181
1181	4028
4027	4028
4027	4029
1182	4029
4028	1184
4029	1184
4029	4031
4030	4031
1184	1187
4032	1187
4032	4033
1185	4033
1187	4035
4034	4035
4034	4036
1188	4036
4035	1190
4036	1190
4036	4038
4037	4038
1190	1193
4039	1193
4039	4040
1191	4040
1193	957
4041	957
4041	4044
4042	4044
4042	4045
4043	4045
4043	4046
1194	4046
1194	1196
1192	1196
1196	4047
1197	4047
4047	963
4048	963
1197	4049
1195	4049
4049	4051
4050	4051
4051	4053
4052	4053
4053	4055
4054	4055
4055	4057
4056	4057
4057	1199
4058	1199
1199	1202
1200	1202
1202	4059
1203	4059
4059	4061
4060	4061
4061	4063
4062	4063
4063	975
4064	975
1203	1205
4065	1205
4065	4066
1201	4066
1205	978
4067	978
4067	4068
1206	4068
1206	1208
4069	1208
4069	4070
1204	4070
1208	4072
4071	4072
4071	4073
1209	4073
4072	1211
4073	1211
4073	4075
4074	4075
1211	1214
4076	1214
4076	4077
1212	4077
1214	981
4078	981
4078	4080
4079	4080
4079	4081
1215	4081
1215	4082
1213	4082
4082	1217
4083	1217
1217	4084
1218	4084
4084	1220
4085	1220
1220	1223
4086	1223
4086	4087
1221	4087
1223	996
4088	996
4088	4089
1224	4089
1224	4090
1222	4090
4090	4092
4091	4092
4092	4094
4093	4094
4094	1226
4095	1226
1226	1229
4096	1229
4096	4097
1227	4097
1229	4098
1230	4098
4098	4100
4099	4100
4100	1014
4101	1014
1230	4103
4102	4103
4102	4104
1228	4104
4103	1232
4104	1232
4104	4106
4105	4106
1232	4107
1233	4107
4107	1235
4108	1235
1235	1238
4109	1238
4109	4110
1236	4110
1238	1241
4111	1241
4111	4112
1239	4112
1241	4113
1242	4113
4113	4115
4114	4115
4115	1017
4116	1017
1242	4118
4117	4118
4117	4119
1240	4119
4118	1023
4119	1023
4119	4121
4120	4121
1239	1244
1237	1244
1244	1247
1245	1247
1247	1250
1248	1250
1250	1026
4122	1026
4122	4124
4123	4124
4123	4125
1251	4125
1251	1253
4126	1253
4126	4127
1249	4127
1253	1256
4128	1256
4128	4130
4129	4130
4129	4131
1254	4131
1256	1029
4132	1029
4132	4134
4133	4134
4133	4135
1257	4135
1257	1259
4136	1259
4136	4137
1255	4137
1259	4138
1260	4138
4138	4140
4139	4140
4140	4142
4141	4142
4142	1262
4143	1262
1262	1035
4144	1035
4144	4146
4145	4146
4145	4147
1263	4147
1263	1265
4148	1265
4148	4150
4149	4150
4149	4151
1261	4151
1265	1268
4152	1268
4152	4153
1266	4153
1268	1271
4154	1271
4154	4155
1269	4155
1271	1274
4156	1274
4156	4158
4157	4158
4157	4159
1272	4159
1274	1038
4160	1038
4160	4161
1275	4161
1275	1053
4162	1053
4162	4164
4163	4164
4163	4165
1273	4165
1272	1277
4166	1277
4166	4167
1270	4167
1277	1280
4168	1280
4168	4169
1278	4169
1280	1283
4170	1283
4170	4171
1281	4171
1283	1286
4172	1286
4172	4173
1284	4173
1286	1059
4174	1059
4174	4175
1287	4175
1287	4176
1285	4176
4176	1289
4177	1289
1289	1292
1290	1292
1292	1062
1293	1062
1293	1295
1291	1295
1295	1065
4178	1065
4178	4179
1296	4179
1296	1298
4180	1298
4180	4181
1294	4181
1298	1074
1299	1074
1299	1301
4182	1301
4182	4184
4183	4184
4183	4185
1297	4185
1301	1086
4186	1086
4186	4187
1302	4187
1302	1089
1300	1089
1290	1304
1288	1304
1304	1307
4188	1307
4188	4189
1305	4189
1307	4190
1308	4190
4190	1310
4191	1310
1310	4193
4192	4193
4192	4194
1311	4194
4193	4196
4194	4196
4194	4197
4195	4197
4196	4199
4197	4199
4197	4200
4198	4200
4199	1313
4200	1313
4200	4202
4201	4202
1313	1316
4203	1316
4203	4204
1314	4204
1316	1319
4205	1319
4205	4207
4206	4207
4206	4208
1317	4208
1319	1095
1320	1095
1320	1101
4209	1101
4209	4210
1318	4210
1317	4211
1315	4211
4211	1322
4212	1322
1322	4214
4213	4214
4213	4215
1323	4215
4214	1325
4215	1325
4215	4217
4216	4217
1325	1328
1326	1328
1328	1331
4218	1331
4218	4220
4219	4220
4219	4221
1329	4221
1331	1334
4222	1334
4222	4224
4223	4224
4223	4225
1332	4225
1334	4229
4226	4229
4226	4230
4227	4230
4227	4231
4228	4231
4228	4232
1335	4232
4229	1337
4230	1337
4230	4234
4231	4234
4231	4235
4232	4235
4232	4236
4233	4236
1337	1340
4237	1340
4237	4240
4238	4240
4238	4241
4239	4241
4239	4242
1338	4242
1341	4243
1344	4243
4244	4243
1340	1345
4245	1345
4245	4246
1345	1104
4247	1104
4247	4248
1346	4248
1346	1348
4249	1348
4249	4252
4250	4252
4250	4253
4251	4253
4251	4254
1344	4254
1348	1107
4255	1107
4255	4256
1349	4256
1349	1351
4257	1351
4257	4259
4258	4259
4258	4260
1347	4260
1351	1113
1352	1113
1352	1354
4261	1354
4261	4264
4262	4264
4262	4265
4263	4265
4263	4266
1350	4266
1354	1357
4267	1357
4267	4269
4268	4269
4268	4270
1355	4270
1357	4273
4271	4273
4271	4274
4272	4274
4272	4275
1358	4275
4273	1360
4274	1360
4274	4277
4275	4277
4275	4278
4276	4278
1360	1363
4279	1363
4279	4280
1361	4280
1363	1125
4281	1125
4281	4283
4282	4283
4282	4284
1364	4284
1364	1366
1362	1366
1366	1369
1367	1369
1369	4285
1370	4285
4285	4287
4286	4287
4287	4289
4288	4289
4289	1372
4290	1372
1372	1375
4291	1375
4291	4293
4292	4293
4292	4294
1373	4294
1375	1378
4295	1378
4295	4297
4296	4297
4296	4298
1376	4298
1378	4299
1379	4299
4299	1128
4300	1128
1379	4303
4301	4303
4301	4304
4302	4304
4302	4305
1377	4305
4303	1381
4304	1381
4304	4307
4305	4307
4305	4308
4306	4308
1381	1384
4309	1384
4309	4310
1382	4310
1384	4313
4311	4313
4311	4314
4312	4314
4312	4315
1385	4315
4313	1131
4314	1131
4314	4317
4315	4317
4315	4318
4316	4318
1385	1387
4319	1387
4319	4321
4320	4321
4320	4322
1383	4322
1387	1390
1388	1390
1390	4323
1391	4323
4323	1393
4324	1393
1393	1134
1394	1134
1394	1396
1392	1396
1396	1258
4325	1258
4325	4326
1397	4326
1397	1399
1395	1399
1399	4327
1400	4327
4327	4329
4328	4329
4329	4331
4330	4331
4331	1402
4332	1402
1402	1405
1403	1405
1405	4333
1406	4333
4333	4335
4334	4335
4335	4337
4336	4337
4337	4339
4338	4339
4339	1408
4340	1408
1408	1264
4341	1264
4341	4343
4342	4343
4342	4344
1409	4344
1409	1411
4345	1411
4345	4347
4346	4347
4346	4348
1407	4348
1411	1279
1412	1279
1412	1414
4349	1414
4349	4351
4350	4351
4350	4352
1410	4352
1414	1417
4353	1417
4353	4355
4354	4355
4354	4356
1415	4356
1417	1420
4357	1420
4357	4359
4358	4359
4358	4360
1418	4360
1420	1282
1421	1282
1421	4362
4361	4362
4361	4363
1419	4363
4362	1303
4363	1303
4363	4365
4364	4365
1418	1423
4366	1423
4366	4368
4367	4368
4367	4369
1416	4369
1423	4370
1424	4370
4370	4372
4371	4372
4372	4374
4373	4374
4374	1426
4375	1426
1426	1306
4376	1306
4376	4378
4377	4378
4377	4379
1427	4379
1427	1429
4380	1429
4380	4382
4381	4382
4381	4383
1425	4383
1429	1432
4384	1432
4384	4386
4385	4386
4385	4387
1430	4387
1432	4389
4388	4389
4388	4390
1433	4390
4389	1309
4390	1309
4390	4392
4391	4392
1433	4394
4393	4394
4393	4395
1431	4395
4394	1435
4395	1435
4395	4397
4396	4397
1435	4398
1436	4398
4398	1324
4399	1324
1436	1438
1434	1438
1438	1327
4400	1327
4400	4402
4401	4402
4401	4403
1439	4403
1439	1441
4404	1441
4404	4405
1437	4405
1441	4406
1442	4406
4406	1444
4407	1444
1444	4409
4408	4409
4408	4410
1445	4410
4409	1447
4410	1447
4410	4412
4411	4412
1447	1330
1448	1330
1448	1333
4413	1333
4413	4414
1446	4414
1445	1450
4415	1450
4415	4416
1443	4416
1450	4418
4417	4418
4417	4419
1451	4419
4418	1453
4419	1453
4419	4421
4420	4421
1453	4422
1454	4422
4422	1456
4423	1456
1456	4425
4424	4425
4424	4426
1457	4426
4425	1459
4426	1459
4426	4428
4427	4428
1459	1336
1460	1336
1460	1339
1458	1339
1457	1462
1455	1462
1462	1465
4429	1465
4429	4431
4430	4431
4430	4432
1463	4432
1466	4433
1469	4433
4434	4433
1465	1470
4435	1470
4435	4436
1470	1473
4437	1473
4437	4440
4438	4440
4438	4441
4439	4441
4439	4442
1471	4442
1473	1476
4443	1476
4443	4446
4444	4446
4444	4447
4445	4447
4445	4448
1474	4448
1476	1353
4449	1353
4449	4452
4450	4452
4450	4453
4451	4453
4451	4454
1477	4454
1477	1479
4455	1479
4455	4457
4456	4457
4456	4458
1475	4458
1479	1356
1480	1356
1480	1482
4459	1482
4459	4461
4460	4461
4460	4462
1478	4462
1482	1485
1483	1485
1485	1368
4463	1368
4463	4464
1486	4464
1486	1488
4465	1488
4465	4466
1484	4466
1488	1491
4467	1491
4467	4468
1489	4468
1491	1494
4469	1494
4469	4472
4470	4472
4470	4473
4471	4473
4471	4474
1492	4474
1494	1371
4475	1371
4475	4477
4476	4477
4476	4478
1495	4478
1495	1497
1493	1497
1497	1500
4479	1500
4479	4481
4480	4481
4480	4482
1498	4482
1500	1503
4483	1503
4483	4485
4484	4485
4484	4486
1501	4486
1503	1506
4487	1506
4487	4489
4488	4489
4488	4490
1504	4490
1506	1374
4491	1374
4491	4492
1507	4492
1507	1509
4493	1509
4493	4496
4494	4496
4494	4497
4495	4497
4495	4498
1505	4498
1509	1512
4499	1512
4499	4502
4500	4502
4500	4503
4501	4503
4501	4504
1510	4504
1512	4505
1513	4505
4505	1515
4506	1515
1515	1518
4507	1518
4507	4508
1516	4508
1518	1521
1519	1521
1521	1380
4509	1380
4509	4511
4510	4511
4510	4512
1522	4512
1522	1524
4513	1524
4513	4514
1520	4514
1524	1527
4515	1527
4515	4516
1525	4516
1527	1530
1528	1530
1530	1533
4517	1533
4517	4519
4518	4519
4518	4520
1531	4520
1533	1386
4521	1386
4521	4524
4522	4524
4522	4525
4523	4525
4523	4526
1534	4526
1534	1536
1532	1536
1536	4527
1537	4527
4527	1401
4528	1401
1537	1539
1535	1539
1539	1542
4529	1542
4529	4530
1540	4530
1542	4532
4531	4532
4531	4533
1543	4533
4532	1545
4533	1545
4533	4535
4534	4535
1545	1548
4536	1548
4536	4537
1546	4537
1548	1422
4538	1422
4538	4540
4539	4540
4539	4541
1549	4541
1549	1551
4542	1551
4542	4543
1547	4543
1551	1554
4544	1554
4544	4545
1552	4545
1554	1557
4546	1557
4546	4547
1555	4547
1557	1560
4548	1560
4548	4549
1558	4549
1560	1563
4550	1563
4550	4551
1561	4551
1563	1566
4552	1566
4552	4553
1564	4553
1566	1428
4554	1428
4554	4555
1567	4555
1567	1569
4556	1569
4556	4557
1565	4557
1569	1572
4558	1572
4558	4559
1570	4559
1572	1575
4560	1575
4560	4561
1573	4561
1575	1440
4562	1440
4562	4563
1576	4563
1576	1578
1574	1578
1578	1581
1579	1581
1581	4564
1582	4564
4564	1584
4565	1584
1584	1587
4566	1587
4566	4567
1585	4567
1587	1590
1588	1590
1590	1449
4568	1449
4568	4569
1591	4569
1591	1593
4570	1593
4570	4571
1589	4571
1593	1596
4572	1596
4572	4573
1594	4573
1596	1599
4574	1599
4574	4575
1597	4575
1599	4577
4576	4577
4576	4578
1600	4578
4577	1602
4578	1602
4578	4580
4579	4580
1602	1605
4581	1605
4581	4582
1603	4582
1605	1608
4583	1608
4583	4584
1606	4584
1608	1452
1609	1452
1609	1611
4585	1611
4585	4587
4586	4587
4586	4588
1607	4588
1611	1461
4589	1461
4589	4591
4590	4591
4590	4592
1612	4592
1612	1614
1610	1614
1614	1464
4593	1464
4593	4594
1615	4594
1615	4596
4595	4596
4595	4597
1613	4597
4596	1617
4597	1617
4597	4599
4598	4599
1617	4601
4600	4601
4600	4602
1618	4602
4601	1620
4602	1620
4602	4604
4603	4604
1620	4606
4605	4606
4605	4607
1621	4607
4606	1623
4607	1623
4607	4609
4608	4609
1623	1626
4610	1626
4610	4613
4611	4613
4611	4614
4612	4614
4612	4615
1624	4615
1626	1629
1627	1629
1629	4617
4616	4617
4616	4618
1630	4618
4617	1632
4618	1632
4618	4620
4619	4620
1632	1469
1633	1469
1633	1472
1631	1472
1630	1635
1628	1635
1635	1638
4621	1638
4621	4623
4622	4623
4622	4624
1636	4624
1639	4625
1642	4625
4626	4625
1638	1643
4627	1643
4627	4628
1643	1646
4629	1646
4629	4632
4630	4632
4630	4633
4631	4633
4631	4634
1644	4634
1646	1649
4635	1649
4635	4637
4636	4637
4636	4638
1647	4638
1649	1481
4639	1481
4639	4641
4640	4641
4640	4642
1650	4642
1653	1648
1650	1654
1658	1655
1654	1659
1659	1662
4643	1662
4643	4645
4644	4645
4644	4646
1660	4646
1662	1487
1663	1487
1663	1490
4647	1490
4647	4649
4648	4649
4648	4650
1661	4650
1660	4654
4651	4654
4651	4655
4652	4655
4652	4656
4653	4656
4653	4657
1658	4657
4654	1665
4655	1665
4655	4659
4656	4659
4656	4660
4657	4660
4657	4661
4658	4661
1665	1668
4662	1668
4662	4664
4663	4664
4663	4665
1666	4665
1668	1496
4666	1496
4666	4668
4667	4668
4667	4669
1669	4669
1669	4670
1667	4670
4670	1671
4671	1671
1671	1674
4672	1674
4672	4675
4673	4675
4673	4676
4674	4676
4674	4677
1672	4677
1674	1677
1675	1677
1677	1680
4678	1680
4678	4679
1678	4679
1680	1683
1681	1683
1683	1499
1684	1499
1684	1502
1682	1502
1681	4680
1679	4680
4680	4682
4681	4682
4682	1686
4683	1686
1686	1689
4684	1689
4684	4685
1687	4685
1689	4686
1690	4686
4686	1508
4687	1508
1690	4689
4688	4689
4688	4690
1688	4690
4689	1692
4690	1692
4690	4692
4691	4692
1692	1695
4693	1695
4693	4694
1693	4694
1695	1511
4695	1511
4695	4698
4696	4698
4696	4699
4697	4699
4697	4700
1696	4700
1696	1698
4701	1698
4701	4704
4702	4704
4702	4705
4703	4705
4703	4706
1694	4706
1698	1701
1699	1701
1701	1704
1702	1704
1704	4707
1705	4707
4707	1707
4708	1707
1707	1514
1708	1514
1708	1710
1706	1710
1710	1713
4709	1713
4709	4710
1711	4710
1713	4712
4711	4712
4711	4713
1714	4713
4712	1716
4713	1716
4713	4715
4714	4715
1716	1719
4716	1719
4716	4718
4717	4718
4717	4719
1717	4719
1719	1526
4720	1526
4720	4721
1720	4721
1720	1722
1718	1722
1722	1529
4722	1529
4722	4724
4723	4724
4723	4725
1723	4725
1723	1725
4726	1725
4726	4728
4727	4728
4727	4729
1721	4729
1725	1538
1726	1538
1726	4732
4730	4732
4730	4733
4731	4733
4731	4734
1724	4734
4732	1728
4733	1728
4733	4736
4734	4736
4734	4737
4735	4737
1728	1731
1729	1731
1731	4738
1732	4738
4738	1556
4739	1556
1732	1734
1730	1734
1734	1583
4740	1583
4740	4742
4741	4742
4741	4743
1735	4743
1735	1737
4744	1737
4744	4745
1733	4745
1737	1740
4746	1740
4746	4748
4747	4748
4747	4749
1738	4749
1740	1743
1741	1743
1743	4750
1744	4750
4750	4752
4751	4752
4752	4754
4753	4754
4754	1595
4755	1595
1744	1746
1742	1746
1746	1749
4756	1749
4756	4757
1747	4757
1749	1752
1750	1752
1752	1755
4758	1755
4758	4759
1753	4759
1755	4761
4760	4761
4760	4762
1756	4762
4761	1758
4762	1758
4762	4764
4763	4764
1758	1598
4765	1598
4765	4766
1759	4766
1759	4767
1757	4767
4767	1761
4768	1761
1761	4769
1762	4769
4769	1601
4770	1601
1762	1764
1760	1764
1764	4771
1765	4771
4771	4773
4772	4773
4773	1767
4774	1767
1767	1770
4775	1770
4775	4776
1768	4776
1770	4778
4777	4778
4777	4779
1771	4779
4778	1773
4779	1773
4779	4781
4780	4781
1773	1776
4782	1776
4782	4783
1774	4783
1776	1619
4784	1619
4784	4785
1777	4785
1777	1779
4786	1779
4786	4787
1775	4787
1779	1782
4788	1782
4788	4789
1780	4789
1782	1785
4790	1785
4790	4791
1783	4791
1785	1788
4792	1788
4792	4793
1786	4793
1788	1791
4794	1791
4794	4795
1789	4795
1791	1622
4796	1622
4796	4797
1792	4797
1792	4798
1790	4798
4798	1794
4799	1794
1794	1637
4800	1637
4800	4801
1795	4801
1795	4803
4802	4803
4802	4804
1793	4804
4803	1797
4804	1797
4804	4806
4805	4806
1797	4808
4807	4808
4807	4809
1798	4809
4808	1800
4809	1800
4809	4811
4810	4811
1800	1803
4812	1803
4812	4815
4813	4815
4813	4816
4814	4816
4814	4817
1801	4817
1803	1806
1804	1806
1806	4819
4818	4819
4818	4820
1807	4820
4819	1809
4820	1809
4820	4822
4821	4822
1809	1642
1810	1642
1810	4823
1808	4823
4823	1812
4824	1812
1812	1645
1813	1645
1813	1653
4825	1653
4825	4826
1811	4826
1807	1815
1805	1815
1815	1818
4827	1818
4827	4829
4828	4829
4828	4830
1816	4830
1818	1821
4831	1821
4831	4833
4832	4833
4832	4834
1819	4834
1821	1824
4835	1824
4835	4838
4836	4838
4836	4839
4837	4839
4837	4840
1822	4840
1824	1664
4841	1664
4841	4844
4842	4844
4842	4845
4843	4845
4843	4846
1825	4846
1825	1827
4847	1827
4847	4848
1823	4848
1827	1670
4849	1670
4849	4851
4850	4851
4850	4852
1828	4852
1828	1830
4853	1830
4853	4854
1826	4854
1830	4855
1831	4855
4855	1833
4856	1833
1833	4858
4857	4858
4857	4859
1834	4859
4858	1836
4859	1836
4859	4861
4860	4861
1836	1839
1837	1839
1839	1842
4862	1842
4862	4864
4863	4864
4863	4865
1840	4865
1842	1845
4866	1845
4866	4868
4867	4868
4867	4869
1843	4869
1849	1846
1845	1850
1850	1853
4870	1853
4870	4873
4871	4873
4871	4874
4872	4874
4872	4875
1851	4875
1853	1856
4876	1856
4876	4878
4877	4878
4877	4879
1854	4879
1856	1673
4880	1673
4880	4883
4881	4883
4881	4884
4882	4884
4882	4885
1857	4885
1857	1859
4886	1859
4886	4889
4887	4889
4887	4890
4888	4890
4888	4891
1855	4891
1863	1860
1859	1864
1864	1867
4892	1867
4892	4893
1865	4893
1867	1676
4894	1676
4894	4895
1868	4895
1868	4898
4896	4898
4896	4899
4897	4899
4897	4900
1866	4900
4898	1870
4899	1870
4899	4902
4900	4902
4900	4903
4901	4903
1870	1873
4904	1873
4904	4905
1871	4905
1873	1685
4906	1685
4906	4907
1874	4907
1874	1876
1872	1876
1876	4908
1877	4908
4908	1879
4909	1879
1879	4910
1880	4910
4910	4912
4911	4912
4912	4914
4913	4914
4914	4916
4915	4916
4916	1882
4917	1882
1882	1885
4918	1885
4918	4919
1883	4919
1885	1691
4920	1691
4920	4922
4921	4922
4921	4923
1886	4923
1886	1888
4924	1888
4924	4925
1884	4925
1888	4926
1889	4926
4926	1891
4927	1891
1891	1697
4928	1697
4928	4930
4929	4930
4929	4931
1892	4931
1892	1894
4932	1894
4932	4934
4933	4934
4933	4935
1890	4935
1894	1897
4936	1897
4936	4938
4937	4938
4937	4939
1895	4939
1897	1900
1898	1900
1900	1700
4940	1700
4940	4941
1901	4941
1901	1903
1899	1903
1903	4942
1904	4942
4942	1906
4943	1906
1906	1909
1907	1909
1909	4944
1910	4944
4944	4946
4945	4946
4946	4948
4947	4948
4948	1912
4949	1912
1912	4950
1913	4950
4950	1703
4951	1703
1913	1709
1911	1709
1910	4952
1908	4952
4952	4954
4953	4954
4954	4956
4955	4956
4956	1915
4957	1915
1915	1918
4958	1918
4958	4959
1916	4959
1918	1921
4960	1921
4960	4961
1919	4961
1921	4962
1922	4962
4962	4964
4963	4964
4964	4966
4965	4966
4966	1712
4967	1712
1922	4970
4968	4970
4968	4971
4969	4971
4969	4972
1920	4972
4970	1715
4971	1715
4971	4974
4972	4974
4972	4975
4973	4975
1919	1924
4976	1924
4976	4977
1917	4977
1924	1739
4978	1739
4978	4979
1925	4979
1925	1745
1923	1745
1916	1927
4980	1927
4980	4981
1914	4981
1927	1748
1928	1748
1928	1930
4982	1930
4982	4984
4983	4984
4983	4985
1926	4985
1930	1933
1931	1933
1933	1751
1934	1751
1934	1936
1932	1936
1936	1939
4986	1939
4986	4988
4987	4988
4987	4989
1937	4989
1939	1766
4990	1766
4990	4992
4991	4992
4991	4993
1940	4993
1940	4994
1938	4994
4994	4996
4995	4996
4996	1942
4997	1942
1942	1945
4998	1945
4998	4999
1943	4999
1945	1778
5000	1778
5000	5001
1946	5001
1946	1781
1944	1781
1943	1948
5002	1948
5002	5003
1941	5003
1948	5004
1949	5004
5004	1951
5005	1951
1951	1954
1952	1954
1954	1784
1955	1784
1955	1787
1953	1787
1952	1957
1950	1957
1957	1960
5006	1960
5006	5007
1958	5007
1960	5008
1961	5008
5008	1963
5009	1963
1963	1796
5010	1796
5010	5011
1964	5011
1964	1966
5012	1966
5012	5013
1962	5013
1966	1969
5014	1969
5014	5015
1967	5015
1969	1972
5016	1972
5016	5017
1970	5017
1972	1975
5018	1975
5018	5019
1973	5019
1975	1799
5020	1799
5020	5021
1976	5021
1976	5022
1974	5022
5022	5024
5023	5024
5024	1817
5025	1817
1973	1978
1971	1978
1978	1981
1979	1981
1981	5026
1982	5026
5026	1984
5027	1984
1984	1987
5028	1987
5028	5029
1985	5029
1987	5030
1988	5030
5030	1990
5031	1990
1990	5033
5032	5033
5032	5034
1991	5034
5033	5036
5034	5036
5034	5037
5035	5037
5036	5039
5037	5039
5037	5040
5038	5040
5039	1993
5040	1993
5040	5042
5041	5042
1993	1996
5043	1996
5043	5044
1994	5044
1996	1820
1997	1820
1997	1829
1995	1829
1994	1832
1992	1832
1991	1999
5045	1999
5045	5046
1989	5046
1999	5048
5047	5048
5047	5049
2000	5049
5048	2002
5049	2002
5049	5051
5050	5051
2002	2005
5052	2005
5052	5055
5053	5055
5053	5056
5054	5056
5054	5057
2003	5057
2005	1835
2006	1835
2006	1838
5058	1838
5058	5060
5059	5060
5059	5061
2004	5061
2003	2008
5062	2008
5062	5063
2001	5063
2008	5064
2009	5064
5064	2011
5065	2011
2011	2014
5066	2014
5066	5067
2012	5067
2014	1841
2015	1841
2015	1844
5068	1844
5068	5069
2013	5069
2012	5071
5070	5071
5070	5072
2010	5072
5071	5074
5072	5074
5072	5075
5073	5075
5074	2017
5075	2017
5075	5077
5076	5077
2017	2020
5078	2020
5078	5079
2018	5079
2020	5080
2021	5080
5080	5082
5081	5082
5082	5084
5083	5084
5084	2023
5085	2023
2023	5087
5086	5087
5086	5088
2024	5088
5087	2026
5088	2026
5088	5090
5089	5090
2026	1849
2027	1849
2027	5091
2025	5091
5091	2029
5092	2029
2029	1852
2030	1852
2030	1858
5093	1858
5093	5094
2028	5094
2024	5095
2022	5095
5095	5097
5096	5097
5097	5099
5098	5099
5099	2032
5100	2032
2032	2035
5101	2035
5101	5103
5102	5103
5102	5104
2033	5104
2035	2038
5105	2038
5105	5107
5106	5107
5106	5108
2036	5108
2038	5111
5109	5111
5109	5112
5110	5112
5110	5113
2039	5113
5111	1863
5112	1863
5112	5115
5113	5115
5113	5116
5114	5116
2039	5117
2037	5117
5117	2034
5118	2034
2033	2041
5119	2041
5119	5121
5120	5121
5120	5122
2031	5122
2041	5123
2042	5123
5123	5125
5124	5125
5125	5127
5126	5127
5127	2044
5128	2044
2044	2047
5129	2047
5129	5130
2045	5130
2047	5131
2048	5131
5131	5133
5132	5133
5133	5135
5134	5135
5135	5137
5136	5137
5137	1878
5138	1878
2048	2050
2046	2050
2050	5139
2051	5139
5139	2053
5140	2053
2053	1881
2054	1881
2054	2056
2052	2056
2056	2059
2057	2059
2059	2062
5141	2062
5141	5142
2060	5142
2062	1887
5143	1887
5143	5145
5144	5145
5144	5146
2063	5146
2063	2065
5147	2065
5147	5149
5148	5149
5148	5150
2061	5150
2065	2068
5151	2068
5151	5152
2066	5152
2068	5153
2069	5153
5153	5155
5154	5155
5155	5157
5156	5157
5157	1893
5158	1893
2069	2071
5159	2071
5159	5160
2067	5160
2071	2074
5161	2074
5161	5162
2072	5162
2074	2077
5163	2077
5163	5165
5164	5165
5164	5166
2075	5166
2077	5169
5167	5169
5167	5170
5168	5170
5168	5171
2078	5171
5169	2080
5170	2080
5170	5173
5171	5173
5171	5174
5172	5174
2080	1896
5175	1896
5175	5177
5176	5177
5176	5178
2081	5178
2081	2083
2079	2083
2083	2086
5179	2086
5179	5180
2084	5180
2086	1902
2087	1902
2087	2089
5181	2089
5181	5182
2085	5182
2089	2092
5183	2092
5183	5184
2090	5184
2092	2095
5185	2095
5185	5187
5186	5187
5186	5188
2093	5188
2095	2098
5189	2098
5189	5190
2096	5190
2098	2101
5191	2101
5191	5193
5192	5193
5192	5194
2099	5194
2101	5196
5195	5196
5195	5197
2102	5197
5196	1905
5197	1905
5197	5199
5198	5199
2102	1929
5200	1929
5200	5202
5201	5202
5201	5203
2100	5203
2099	2104
5204	2104
5204	5206
5205	5206
5205	5207
2097	5207
2104	1935
5208	1935
5208	5210
5209	5210
5209	5211
2105	5211
2105	2094
2103	2094
2093	2107
2091	2107
2107	2110
5212	2110
5212	5213
2108	5213
2110	2113
2111	2113
2113	1947
5214	1947
5214	5215
2114	5215
2114	2116
2112	2116
2116	2119
2117	2119
2119	2122
5216	2122
5216	5218
5217	5218
5217	5219
2120	5219
2122	1956
5220	1956
5220	5221
2123	5221
2123	5222
2121	5222
5222	5224
5223	5224
5224	2125
5225	2125
2125	2128
5226	2128
5226	5227
2126	5227
2128	1968
5228	1968
5228	5229
2129	5229
2129	1977
2127	1977
2126	2131
5230	2131
5230	5231
2124	5231
2131	5232
2132	5232
5232	1980
5233	1980
2132	2134
5234	2134
5234	5235
2130	5235
2134	2137
2135	2137
2137	2140
2138	2140
2140	5237
5236	5237
5236	5238
2141	5238
5237	1983
5238	1983
5238	5240
5239	5240
2141	2143
5241	2143
5241	5242
2139	5242
2143	2146
5243	2146
5243	5245
5244	5245
5244	5246
2144	5246
2146	2149
5247	2149
5247	5249
5248	5249
5248	5250
2147	5250
2149	5251
2150	5251
5251	5253
5252	5253
5253	5255
5254	5255
5255	2152
5256	2152
2152	1986
5257	1986
5257	5259
5258	5259
5258	5260
2153	5260
2153	2155
5261	2155
5261	5263
5262	5263
5262	5264
2151	5264
2155	1998
5265	1998
5265	5266
2156	5266
2156	2158
5267	2158
5267	5268
2154	5268
2158	2161
5269	2161
5269	5270
2159	5270
2161	2164
5271	2164
5271	5272
2162	5272
2164	2167
5273	2167
5273	5274
2165	5274
2167	2007
5275	2007
5275	5276
2168	5276
2168	5277
2166	5277
5277	2170
5278	2170
2170	2173
2171	2173
2173	5279
2174	5279
5279	5281
5280	5281
5281	5283
5282	5283
5283	2176
5284	2176
2176	2179
2177	2179
2179	2182
5285	2182
5285	5287
5286	5287
5286	5288
2180	5288
2182	2185
5289	2185
5289	5290
2183	5290
2185	5291
2186	5291
5291	5293
5292	5293
5293	5295
5294	5295
5295	2016
5296	2016
2186	2019
5297	2019
5297	5298
2184	5298
2183	5301
5299	5301
5299	5302
5300	5302
5300	5303
2181	5303
5301	2040
5302	2040
5302	5305
5303	5305
5303	5306
5304	5306
2180	2188
5307	2188
5307	5308
2178	5308
2188	5309
2189	5309
5309	2191
5310	2191
2191	2043
2192	2043
2192	2194
2190	2194
2194	2197
5311	2197
5311	5312
2195	5312
2197	5313
2198	5313
5313	5315
5314	5315
5315	2058
5316	2058
2198	2200
5317	2200
5317	5318
2196	5318
2200	2203
5319	2203
5319	5320
2201	5320
2203	2148
5321	2148
5321	5323
5322	5323
5322	5324
2204	5324
2204	2206
5325	2206
5325	5326
2202	5326
2206	2209
5327	2209
5327	5328
2207	5328
2209	2212
5329	2212
5329	5330
2210	5330
2212	2215
5331	2215
5331	5332
2213	5332
2215	2218
5333	2218
5333	5334
2216	5334
2218	2157
5335	2157
5335	5336
2219	5336
2219	2160
2217	2160
2216	5337
2214	5337
5337	2172
5338	2172
2213	5339
2211	5339
5339	2221
5340	2221
2221	5341
2222	5341
5341	2175
5342	2175
2222	5343
2220	5343
5343	2187
5344	2187
2210	5345
2208	5345
5345	2193
5346	2193
2207	2199
2205	2199
2171	2163
2169	2163
2147	2224
5347	2224
5347	5349
5348	5349
5348	5350
2145	5350
2224	2064
5351	2064
5351	5353
5352	5353
5352	5354
2225	5354
2225	5355
2223	5355
5355	2227
5356	2227
2227	2230
5357	2230
5357	5358
2228	5358
2230	2070
2231	2070
2231	2073
2229	2073
2228	2133
2226	2133
2144	2136
2142	2136
2120	2233
5359	2233
5359	5361
5360	5361
5360	5362
2118	5362
2233	2076
5363	2076
5363	5365
5364	5365
5364	5366
2234	5366
2234	2115
2232	2115
2111	5367
2109	5367
5367	5369
5368	5369
5369	2082
5370	2082
2108	2088
2106	2088
2057	5371
2055	5371
5371	2049
5372	2049
1967	5374
5373	5374
5373	5375
1965	5375
5374	1959
5375	1959
5375	5377
5376	5377
1877	1869
1875	1869
1816	1802
5378	1802
5378	5380
5379	5380
5379	5381
1814	5381
1774	5383
5382	5383
5382	5384
1772	5384
5383	1769
5384	1769
5384	5386
5385	5386
1765	5387
1763	5387
5387	1754
5388	1754
1738	1727
5389	1727
5389	5392
5390	5392
5390	5393
5391	5393
5391	5394
1736	5394
1636	1625
5395	1625
5395	5397
5396	5397
5396	5398
1634	5398
1618	5399
1616	5399
5399	1604
5400	1604
1594	5402
5401	5402
5401	5403
1592	5403
5402	1586
5403	1586
5403	5405
5404	5405
1582	5406
1580	5406
5406	1559
5407	1559
1579	1571
1577	1571
1570	1562
1568	1562
1555	5408
1553	5408
5408	5410
5409	5410
5410	1541
5411	1541
1552	1544
1550	1544
1525	1517
1523	1517
1415	5413
5412	5413
5412	5414
1413	5414
5413	1404
5414	1404
5414	5416
5415	5416
1400	5417
1398	5417
5417	1389
5418	1389
1367	1359
1365	1359
1323	1312
1321	1312
1278	1267
1276	1267
1252	5419
2237	5419
5420	5419
1254	2238
1139	2239
2238	1137
2239	1246
2237	1246
1245	2243
1243	2243
2243	5421
2244	5421
5421	5423
5422	5423
5423	1143
5424	1143
2244	5425
2242	5425
5425	2246
5426	2246
2246	5430
5427	5430
5427	5431
5428	5431
5428	5432
5429	5432
5429	5433
2247	5433
5430	1152
5431	1152
5431	5435
5432	5435
5432	5436
5433	5436
5433	5437
5434	5437
2247	2249
5438	2249
5438	5440
5439	5440
5439	5441
2245	5441
2249	2252
5442	2252
5442	5443
2250	5443
2252	5444
2253	5444
5444	2255
5445	2255
2255	5447
5446	5447
5446	5448
2256	5448
5447	2258
5448	2258
5448	5450
5449	5450
2258	2261
2259	2261
2261	2264
5451	2264
5451	5453
5452	5453
5452	5454
2262	5454
2264	2267
5455	2267
5455	5458
5456	5458
5456	5459
5457	5459
5457	5460
2265	5460
2267	1168
5461	1168
5461	5464
5462	5464
5462	5465
5463	5465
5463	5466
2268	5466
2268	1171
2266	1171
2265	2270
5467	2270
5467	5468
2263	5468
2270	5470
5469	5470
5469	5471
2271	5471
5470	5473
5471	5473
5471	5474
5472	5474
5473	1183
5474	1183
5474	5476
5475	5476
2271	2273
2269	2273
2273	2276
5477	2276
5477	5480
5478	5480
5478	5481
5479	5481
5479	5482
2274	5482
2276	1198
5483	1198
5483	5484
2277	5484
2277	5486
5485	5486
5485	5487
2275	5487
5486	2279
5487	2279
5487	5489
5488	5489
2279	2282
5490	2282
5490	5491
2280	5491
2282	1207
5492	1207
5492	5493
2283	5493
2283	5494
2281	5494
5494	1210
5495	1210
2280	5497
5496	5497
5496	5498
2278	5498
5497	5500
5498	5500
5498	5501
5499	5501
5500	2285
5501	2285
5501	5503
5502	5503
2285	5504
2286	5504
5504	2288
5505	2288
2288	2291
5506	2291
5506	5507
2289	5507
2291	2294
2292	2294
2294	1216
2295	1216
2295	2297
2293	2297
2297	2300
5508	2300
5508	5509
2298	5509
2300	5511
5510	5511
5510	5512
2301	5512
5511	1219
5512	1219
5512	5514
5513	5514
2301	5516
5515	5516
5515	5517
2299	5517
5516	2303
5517	2303
5517	5519
5518	5519
2303	1225
5520	1225
5520	5521
2304	5521
2304	5522
2302	5522
5522	5524
5523	5524
5524	5526
5525	5526
5526	2306
5527	2306
2306	5528
2307	5528
5528	5530
5529	5530
5530	1231
5531	1231
2307	2309
2305	2309
2309	2312
2310	2312
2312	2315
5532	2315
5532	5533
2313	5533
2315	5534
2316	5534
5534	2318
5535	2318
2318	1234
5536	1234
5536	5537
2319	5537
2319	2321
5538	2321
5538	5539
2317	5539
2321	2248
5540	2248
5540	5541
2322	5541
2322	2314
5542	2314
5542	5543
2320	5543
2313	2324
2311	2324
2324	2251
2325	2251
2325	2327
5544	2327
5544	5545
2323	5545
2327	2254
2328	2254
2328	2330
5546	2330
5546	5547
2326	5547
2330	2284
5548	2284
5548	5549
2331	5549
2331	2333
2329	2333
2333	2287
5550	2287
5550	5551
2334	5551
2334	2308
5552	2308
5552	5553
2332	5553
2298	2290
5554	2290
5554	5555
2296	5555
2274	2336
5556	2336
5556	5559
5557	5559
5557	5560
5558	5560
5558	5561
2272	5561
2336	2257
2337	2257
2337	2260
5562	2260
5562	5564
5563	5564
5563	5565
2335	5565
1191	5566
1189	5566
5566	5568
5567	5568
5568	5570
5569	5570
5570	1186
5571	1186
1182	5572
1180	5572
5572	1174
5573	1174
1165	1155
5574	1155
5574	5575
1163	5575
1124	1116
5576	1116
5576	5577
1122	5577
1013	1005
5578	1005
5578	5579
1011	5579
995	984
993	984
950	945
5580	945
5580	5583
5581	5583
5581	5584
5582	5584
5582	5585
948	5585
938	930
5586	930
5586	5587
936	5587
846	826
5588	826
5588	5590
5589	5590
5589	5591
844	5591
843	835
5592	835
5592	5593
841	5593
731	2339
729	2339
2339	717
5594	717
5594	5596
5595	5596
5595	5597
2340	5597
2340	726
5598	726
5598	5599
2338	5599
631	620
629	620
601	590
5600	590
5600	5602
5601	5602
5601	5603
599	5603
420	5604
418	5604
5604	5606
5605	5606
5606	5608
5607	5608
5608	5610
5609	5610
5610	5612
5611	5612
5612	415
5613	415
366	358
364	358
315	2342
5614	2342
5614	5615
313	5615
2342	302
5616	302
5616	5617
2343	5617
2343	310
5618	310
5618	5620
5619	5620
5619	5621
2341	5621
101	5623
5622	5623
5622	5624
99	5624
5623	5626
5624	5626
5624	5627
5625	5627
5626	96
5627	96
5627	5629
5628	5629
47	2345
5630	2345
5630	5631
45	5631
2345	5632
2346	5632
5632	5634
5633	5634
5634	33
5635	33
2346	2348
5636	2348
5636	5637
2344	5637
2348	36
5638	36
5638	5639
2349	5639
2349	39
2347	39
8	5640
6	5640
5640	5642
5641	5642
5642	5644
5643	5644
5644	3
5645	3
2350	5646
5646	5647
5647	5648
5648	5649
5649	5650
5650	2350
2351	2353
5651	2353
5652	2353
5653	2353
5654	2353
5655	2353
2378	0
2378	5691
2378	2414
2414	5691
2414	2354
2354	5691
5	3
2359	3
2359	2358
8	6
8	2363
2364	2363
2432	9
2432	2365
11	2365
14	12
2366	12
17	15
17	2373
20	18
2374	18
2454	21
2454	22
2454	2379
2455	2379
2455	2380
26	24
26	2386
2387	2386
2387	2385
2494	27
2494	2391
2494	5692
29	5692
2392	5692
28	5692
2512	30
2512	2393
2512	5694
2513	5694
2513	5693
2514	5693
2514	2396
2396	5693
2395	5693
2394	5693
2394	5694
31	5694
35	33
2402	33
2402	2399
2401	2399
2401	2398
2400	2398
2400	2397
5639	36
5639	2405
38	2405
38	2404
2406	2404
2406	2403
41	39
2408	39
2408	2407
44	42
44	2412
2413	2412
5630	45
5630	46
50	48
53	51
56	54
59	57
2425	57
2542	60
2542	2427
2542	2428
2427	60
2427	2426
2434	63
2434	2430
2434	5695
2433	5695
65	5695
2431	5695
64	5695
2429	5695
2438	66
2438	2436
2437	2436
2437	2435
68	2435
71	69
71	2440
2441	2440
2441	2439
74	72
74	2442
2443	2442
2560	75
2560	2444
2560	2445
2445	2444
80	78
2450	78
2450	2449
2453	81
2453	2451
2452	2451
2452	82
86	84
89	87
2573	90
2573	2456
2573	2457
2574	2457
2456	90
2591	93
2591	2459
2591	5696
2592	5696
2592	5697
2593	5697
95	5697
2460	5697
94	5697
2458	5697
2458	5696
5629	96
5629	2461
98	2461
2462	2461
5622	99
5622	2470
2470	99
2470	2469
104	102
104	2474
2475	2474
107	105
2478	105
2477	105
2477	2476
2624	108
2624	2480
2624	2479
110	2479
2629	111
2629	112
2629	2481
2630	2481
2630	2482
2496	114
2496	2488
2496	5698
2495	5698
116	5698
2489	5698
115	5698
2487	5698
2493	117
2493	2490
2493	118
122	120
2500	120
2500	2498
2499	2498
2499	2497
5700	5699
2647	123
2647	5699
2648	5699
2648	5700
2648	2505
2505	5700
2504	5700
2503	5700
2503	5701
2503	2501
2501	5701
2502	5701
2502	5699
128	126
2511	126
2511	2508
2510	2508
2510	2507
2509	2507
2509	2506
131	129
2675	132
2675	133
2523	135
2523	136
2525	138
2525	2524
2525	139
143	141
2527	141
2527	2526
2531	144
2531	2528
146	2528
2692	147
2692	2532
2692	148
152	150
155	153
2539	153
158	156
158	2540
2541	2540
161	159
164	162
167	165
2545	168
2545	169
2711	171
2711	2548
2711	2549
2548	171
2547	171
2547	2546
308	174
308	2552
308	5702
5657	5702
5657	2551
5657	5704
5658	5704
5658	5703
309	5703
309	2553
2553	5703
175	5703
175	5704
2550	5704
2551	5702
179	177
179	2554
182	180
2555	180
185	183
2557	183
2557	2556
188	186
188	2558
2559	2558
2753	189
2753	2563
2753	2564
2754	2564
2563	189
194	192
2568	192
2568	2566
2567	2566
2567	2565
2572	195
2572	2570
2571	2570
2571	2569
197	2569
2762	198
2762	199
2762	2579
203	201
2581	201
2581	2580
2778	204
2778	2585
2778	5705
206	5705
2586	5705
205	5705
2594	207
2594	2589
2594	2590
2589	207
2589	2587
2588	2587
212	210
212	2598
215	213
2601	213
218	216
218	2605
2787	219
2787	220
2787	2606
2788	2606
2788	2607
2790	222
2790	5706
2790	226
226	5706
5656	5706
5656	2609
225	2609
225	2608
2609	5706
229	227
2613	227
2613	226
2613	5707
2612	5707
2611	5707
2611	5656
2611	225
2610	225
5656	5707
2817	230
2817	2617
2817	2616
2817	5708
2818	5708
232	5708
232	5709
2618	5709
2618	2614
2614	5709
2615	5709
2616	5709
2625	233
2625	2619
2625	2620
2620	2619
5710	5711
2632	236
2632	2626
2632	5711
2631	5711
2631	5710
2631	2628
2628	5710
2627	5710
2627	5712
237	5712
2626	5712
2826	239
2826	2634
2826	5713
241	5713
2635	5713
2635	2633
2633	5713
2833	242
2833	2636
2834	2636
2834	243
247	245
250	248
2651	251
2651	252
2650	252
2650	2645
2649	2645
2649	2646
2657	254
2657	2654
2656	2654
2656	2653
2655	2653
2655	2652
256	2652
259	257
259	2660
2662	2660
2662	2659
2661	2659
2661	2658
2872	260
2872	2664
2873	2664
2873	2663
2874	2663
2874	261
2683	263
2683	264
2683	2669
2682	2669
268	266
268	2670
2671	2670
2894	269
2894	2685
2894	5714
271	5714
2686	5714
2686	2684
2684	5714
274	272
274	2690
2691	2690
2899	275
2899	2693
2693	275
280	278
280	2697
283	281
2700	284
2700	285
289	287
289	2701
292	290
2708	293
2708	294
298	296
298	2709
2710	2709
2961	299
2961	2722
2961	2723
2962	2723
2962	2724
2963	2724
2722	299
5617	302
5617	2727
5617	2726
304	2726
304	2725
2728	2725
2731	305
2731	5657
2731	5658
2730	5658
2730	309
5657	305
5657	2729
308	2729
5620	310
5620	2733
5621	2733
5621	2732
312	2732
5614	313
5614	2734
2734	313
318	316
318	2735
2736	2735
3007	319
3007	2737
3008	2737
3008	320
3008	2738
3009	2738
2744	322
2744	2742
2743	2742
2743	323
5717	5715
2756	325
2756	2746
2756	5715
2756	5717
2755	5717
327	5717
2748	5717
2748	5716
2747	5716
2747	2745
2745	5716
2745	5715
2752	328
2752	2750
2752	5718
2751	5718
330	5718
329	5718
2749	5718
3025	331
3025	2758
333	2758
333	2757
336	334
2759	334
339	337
339	2760
342	340
2761	340
345	343
3050	346
3050	2765
3050	2766
3051	2766
2765	346
351	349
2770	349
2770	2768
2769	2768
2769	2767
3076	352
3076	2772
3077	2772
3077	2771
354	2771
357	355
360	358
2779	361
2779	2777
2777	361
366	364
2781	364
2781	2780
369	367
2783	367
2783	2782
2786	370
2786	2784
2785	2784
2785	371
2791	373
2791	2789
2789	373
3083	376
3083	2798
3083	2799
2799	2798
381	379
381	2806
384	382
2807	382
387	385
387	2814
2821	388
2821	389
2821	2815
2820	2815
2820	2816
2819	2816
2828	391
2828	2824
2828	2823
2828	5719
2827	5719
393	5719
2825	5719
2825	2822
2822	5719
3131	394
3131	2830
3132	2830
3132	2829
3133	2829
3133	395
2835	397
2835	2831
2835	2832
2831	397
3142	400
3142	2836
3142	401
3144	403
3144	404
3144	2837
408	406
408	2838
411	409
414	412
417	415
2849	415
420	418
420	2856
423	421
3171	424
3171	2857
3171	2858
3172	2858
2857	424
3184	427
3184	5720
429	5720
2862	5720
2861	5720
2861	2859
2859	5720
2860	5720
2993	430
2993	2864
2992	2864
2992	2863
432	2863
2876	433
2876	2869
2876	2870
2875	2870
2875	2871
2869	433
438	436
438	2878
2880	2878
2880	2877
2879	2877
5721	5722
2974	439
2974	2882
2974	5722
2975	5722
2975	5721
441	5721
2883	5721
2883	5723
2883	2881
2881	5723
2882	5723
444	442
2886	442
2886	2884
2885	2884
2895	445
2895	2892
2895	2891
2895	2893
2893	2891
450	448
453	451
2916	451
456	454
456	2917
459	457
462	460
2985	463
2985	464
468	466
471	469
2965	472
2965	2958
2965	2959
2964	2959
2964	2960
2958	472
477	475
477	2967
2969	2967
2969	2966
2968	2966
480	478
2973	478
2973	2971
2972	2971
2972	2970
2978	481
2978	482
486	484
3001	484
3001	2999
3000	2999
3000	2998
489	487
3006	487
3006	3003
3005	3003
3005	3002
3004	3002
3195	490
3195	3010
3195	3011
3196	3011
3010	490
3211	493
3211	3013
3211	5724
3211	3015
3015	5724
3014	5724
3014	3012
3012	5724
498	496
498	3017
3019	3017
3019	3016
3018	3016
3027	499
3027	3021
3026	3021
3026	3020
3026	5725
501	5725
3022	5725
500	5725
504	502
3024	502
3024	3023
3031	505
3031	3029
3031	3028
3030	3028
3030	506
510	508
3035	508
3035	3033
3034	3033
3034	3032
3040	511
3040	3037
3039	3037
3039	3036
3038	3036
3038	512
3258	514
3258	5727
3258	5726
516	5726
3045	5726
3045	3042
3044	3042
3044	3041
3042	5726
3042	5727
3043	5727
3052	517
3052	5728
3052	5729
519	5729
3049	5729
3048	5729
3048	3046
3046	5729
3047	5729
3047	5728
3274	520
3274	3053
522	3053
3054	523
3054	524
528	526
3056	526
3056	3055
3280	529
3280	3057
531	3057
3088	532
3088	533
3088	3064
3086	535
3086	3065
3086	5730
3087	5730
3087	3067
3067	5730
3066	5730
3066	3065
540	538
3075	538
3075	3073
3074	3073
3074	3072
3085	541
3085	542
3085	3082
3084	3082
3291	544
3291	3089
3291	3090
3090	3089
549	547
3092	547
3092	3091
552	550
552	3093
3094	3093
555	553
3096	553
3096	3095
558	556
3098	556
3098	3097
3101	559
3101	3099
3100	3099
3100	560
3105	562
3105	3103
3105	3102
3104	3102
3104	563
567	565
567	3107
3109	3107
3109	3106
3108	3106
3334	568
3334	572
3334	3112
572	568
572	3111
5659	3111
571	3111
571	3110
3114	3110
575	573
575	5731
3118	5731
3118	572
3118	5659
3117	5659
3117	571
3116	571
3116	3115
572	5731
3113	5731
578	576
580	576
580	3121
5660	3121
5660	3120
579	3120
579	3119
5734	5732
5732	5733
5735	5733
5737	5734
5738	5734
5734	5735
5739	5735
5735	5736
5740	5736
5737	5738
5738	5739
5742	5739
5739	5740
5743	5740
5740	5741
3376	581
3376	5733
3376	5732
746	5732
5668	5732
5668	5734
747	5734
747	5737
3374	5737
583	5737
3124	5737
3124	5742
3123	5742
3123	5743
3122	5743
3122	5744
582	5744
579	5744
579	5741
5660	5741
5660	5736
580	5736
580	5733
586	584
586	3127
3130	3127
3130	3126
3129	3126
3129	3125
3128	3125
3378	587
3378	588
3378	3134
5602	590
5602	3135
5602	5745
5603	5745
5603	3136
3136	5745
591	5745
595	593
3138	593
3138	3137
3145	596
3145	3143
3143	596
5601	599
5601	3146
5601	5746
5600	5746
5600	3148
3148	5746
3147	5746
3147	3146
3158	602
3158	3150
3157	3150
3157	3149
604	3149
607	605
607	3160
3162	3160
3162	3159
3161	3159
610	608
3166	608
3166	3164
3165	3164
3165	3163
3170	611
3170	3168
3169	3168
3169	3167
613	3167
3397	614
3397	3175
3397	3176
3398	3176
3175	614
3185	617
3185	3182
3185	5747
619	5747
3183	5747
3183	3181
3181	5747
622	620
622	3186
3187	3186
625	623
3190	623
3190	3188
3189	3188
3194	626
3194	3192
3193	3192
3193	3191
628	3191
631	629
3197	629
634	632
634	3198
3428	635
3428	3199
3428	3200
3199	635
640	638
3204	638
3204	3202
3203	3202
3203	3201
3214	641
3214	3206
3214	5748
3213	5748
3213	5749
3212	5749
3212	3207
3207	5749
642	5749
3205	5749
3205	5748
5750	5751
3448	644
3448	5751
3448	5750
3448	3221
3221	5750
3220	5750
3220	5752
3219	5752
3219	5753
3218	5753
3218	3215
3215	5753
3216	5753
3216	5752
3216	5751
3217	5751
3232	647
3232	3225
3232	3224
3231	3224
3231	3223
3230	3223
3230	3222
649	3222
652	650
652	5754
3238	5754
3238	5755
3237	5755
3237	3234
3236	3234
3236	3233
3234	5755
3235	5755
3235	5754
3249	653
3249	3241
3248	3241
3248	3240
3247	3240
3247	3239
3246	3239
3246	654
3262	656
3262	3253
3262	5756
3261	5756
3260	5756
3260	5757
3259	5757
3259	5758
658	5758
3254	5758
657	5758
3250	5758
3250	5757
3251	5757
3251	5756
3252	5756
661	659
3267	659
3267	3266
663	3266
663	3265
5661	3265
5661	3264
662	3264
662	3263
3269	3263
5761	5759
5762	5759
5759	5760
5764	5761
5761	5762
5765	5762
5762	5763
5767	5764
5764	5765
671	664
671	3268
671	5760
5665	5760
5664	5760
5664	5759
5663	5759
5663	5761
5662	5761
5662	5764
670	5764
670	5767
666	5767
3271	5767
3271	5768
665	5768
3270	5768
3270	5765
3270	5766
662	5766
662	5763
5661	5763
663	5763
663	5760
669	667
669	3272
3273	3272
3479	672
3479	671
3479	5665
3480	5665
3480	5664
674	5664
674	5663
3276	5663
3276	5662
3275	5662
3275	670
3493	675
3493	3278
3494	3278
3494	3277
677	3277
3281	678
3281	3279
3279	678
683	681
3283	681
3283	3282
686	684
3285	684
3285	3284
689	687
689	3289
3290	3289
692	690
3512	693
3512	3298
3512	3299
3513	3299
3513	3300
3514	3300
3298	693
3315	696
3315	3303
3315	3302
3314	3302
3314	3301
698	3301
3545	699
3545	3317
3546	3317
3546	3316
701	3316
3548	702
3548	703
3548	3322
3335	705
3335	3323
3335	3324
3324	3323
3331	708
3331	3328
3331	709
3333	711
3333	3332
713	3332
3557	714
3557	3341
3557	3342
3341	714
3341	3339
3340	3339
5596	717
5596	3345
5597	3345
5597	3344
719	3344
719	3343
722	720
3346	720
725	723
725	3350
5599	726
5599	727
5599	3351
731	729
3354	729
3354	3352
3353	3352
5770	5769
3578	732
3578	5769
3579	5769
3579	5770
3579	5772
3580	5772
3580	3362
3362	5772
3361	5772
3361	5770
3361	5771
733	5771
3359	5771
3360	5771
3360	5769
5773	5774
5777	5774
5774	5775
3383	735
3383	5773
3383	5777
3383	5776
3382	5776
3382	5779
3381	5779
3381	739
739	5779
5667	5779
5667	5777
5667	5778
5666	5778
5666	5775
738	5775
736	5775
3363	5775
3363	5774
3364	5774
3364	5773
5777	5779
3380	740
3380	739
3380	5780
742	5780
3368	5780
3368	5667
3367	5667
3367	5666
3366	5666
3365	5666
3365	738
5667	5780
745	743
3373	743
3373	3372
747	3372
747	3371
5668	3371
5668	3370
746	3370
3375	3370
3375	3369
3379	748
3379	3377
3377	748
3392	751
3392	3386
3392	3385
3391	3385
3391	3384
753	3384
3399	754
3399	5781
756	5781
3396	5781
3396	3393
3395	3393
3393	5781
3394	5781
3589	757
3589	5782
3589	3402
3589	3403
3590	3403
3402	5782
3401	5782
3401	3400
3400	5782
762	760
762	3406
3408	3406
3408	3405
3407	3405
3407	3404
3623	763
3623	3414
3623	3416
3416	3414
3416	3413
3415	3413
3424	766
3424	3422
3423	3422
3423	3421
768	3421
771	769
771	3426
3427	3426
3427	3425
3632	772
3632	773
3632	3433
3633	3433
3633	3434
3648	775
3648	3436
3648	5783
3649	5783
3649	5784
3650	5784
3650	3437
3437	5784
776	5784
776	5783
3435	5783
3445	778
3445	3444
780	3444
783	781
3447	781
3447	3446
786	784
3457	787
3457	788
792	790
792	3458
795	793
798	796
3459	796
3461	799
3461	3460
3461	800
804	802
804	3462
3463	3462
807	805
3466	805
3465	805
3465	3464
810	808
810	3468
3469	3468
3469	3467
3749	811
3749	3470
3749	5785
3750	5785
3750	3472
3472	5785
3471	5785
3471	3470
3760	814
3760	5786
3761	5786
3761	5788
3761	5787
3762	5787
816	5787
3475	5787
3475	5789
815	5789
3473	5789
3473	5788
3474	5788
3474	5786
5788	5789
819	817
3478	817
3478	3476
3477	3476
3766	820
3766	3481
3766	3482
3767	3482
3767	3483
3768	3483
3481	820
3772	823
3772	3486
3772	5790
825	5790
3488	5790
3488	3485
3488	3484
3487	3484
3485	5790
5590	826
5590	3490
5590	3489
5591	3489
5591	827
3496	829
3496	830
3496	3491
3495	3491
3495	3492
3501	832
3501	3498
3500	3498
3500	3497
3499	3497
3499	833
5593	835
5593	3504
5593	5791
837	5791
3506	5791
3505	5791
3505	3502
3502	5791
3503	5791
840	838
3511	838
3511	3508
3510	3508
3510	3507
3509	3507
5592	841
5592	3515
5592	3516
3515	841
5589	844
5589	5793
5589	5671
5588	5671
5588	848
5671	5793
5670	5793
5670	5792
5669	5792
5669	3518
5669	3517
847	3517
3518	5792
844	5792
3793	849
3793	848
3793	5671
851	5671
851	5670
3521	5670
3520	5670
3520	5669
3519	5669
3519	847
854	852
3527	852
3527	3524
3526	3524
3526	3523
3525	3523
3525	3522
3830	855
3830	3530
3831	3530
3831	3529
3832	3529
3832	3528
857	3528
3549	858
3549	859
3549	3537
3547	861
3547	5795
3547	3540
3540	5795
3539	5795
3539	5794
862	5794
3538	5794
861	5794
3843	864
3843	3550
3843	3551
3551	3550
869	867
3556	867
3556	3555
872	870
875	873
3852	876
3852	877
3852	3558
3853	3558
3865	879
3865	3559
3865	880
3869	882
3869	883
3869	3562
887	885
887	3572
3573	3572
890	888
890	3574
3583	891
3583	892
3583	3575
3582	3575
3582	3576
3581	3576
3581	3577
3591	894
3591	3586
3591	5796
896	5796
3588	5796
3588	3584
3587	3584
3584	5796
3585	5796
3885	897
3885	3594
3885	3595
3594	897
3594	3592
3593	3592
3897	900
3897	3603
3897	5797
902	5797
3605	5797
3604	5797
3604	3601
3601	5797
3602	5797
3903	903
3903	5798
3903	3609
3609	5798
3608	5798
3608	3606
3606	5798
3607	5798
3615	906
3615	3611
3615	3610
3614	3610
3614	907
911	909
911	3617
3619	3617
3619	3616
3618	3616
3626	912
3626	3621
3626	3620
3626	5799
3625	5799
3625	5800
3624	5800
3624	3622
3622	5800
913	5800
913	5799
3634	915
3634	5801
3634	5802
917	5802
3631	5802
3631	3627
3630	3627
3627	5802
3628	5802
3628	5801
3629	5801
3947	918
3947	3638
3947	5803
3948	5803
3948	3640
3640	5803
3639	5803
919	5803
3985	921
3985	3642
3985	5804
3986	5804
3986	3643
3643	5804
922	5804
3641	5804
3652	924
3652	3644
3652	3646
3651	3646
3651	3647
3646	3644
3645	3644
929	927
929	3654
3656	3654
3656	3653
3655	3653
5587	930
5587	3658
5587	3657
932	3657
935	933
5586	936
5586	3661
5586	3662
3661	936
3996	939
3996	5805
3996	3670
3670	5805
3670	5806
3669	5806
3669	3667
3667	5806
3668	5806
3668	5805
5807	5808
5810	5808
1161	942
1161	3672
1161	5807
5672	5807
5672	5810
5673	5810
5673	5811
5673	5809
5674	5809
1162	5809
1162	3674
3674	5809
3673	5809
3673	5811
943	5811
943	5808
3671	5808
3671	5807
5583	945
5583	3680
5584	3680
5584	3679
5585	3679
5585	946
5585	3681
5582	948
5582	3688
5582	949
5582	3689
5581	3689
5581	3690
5580	3690
4024	951
4024	5812
4024	3695
3695	5812
3694	5812
3694	3691
3693	3691
3691	5812
3692	5812
3708	954
3708	3698
3708	3697
3707	3697
3707	3696
956	3696
4044	957
4044	3714
4044	5813
4045	5813
4046	5813
4046	5814
959	5814
3715	5814
958	5814
3713	5814
3713	5813
962	960
962	3716
965	963
3727	966
3727	967
3725	969
3725	970
974	972
974	3726
977	975
3729	975
3729	3728
4068	978
4068	3730
4068	979
4080	981
4080	3735
4080	3736
4081	3736
3735	981
986	984
986	3738
3740	3738
3740	3737
3739	3737
989	987
3744	987
3744	3742
3743	3742
3743	3741
3748	990
3748	3746
3747	3746
3747	3745
992	3745
995	993
4089	996
4089	997
4089	3753
3769	999
3769	3754
3769	1000
3765	1002
3765	1003
3765	3757
3764	3757
3764	3758
3763	3758
3763	3759
5579	1005
5579	3770
1007	3770
3773	1008
3773	3771
3771	1008
5578	1011
5578	3776
3776	1011
3775	1011
3775	3774
1016	1014
1016	3778
3779	3778
3779	3777
1019	1017
3781	1017
3781	3780
3796	1020
3796	3782
3795	3782
3795	1021
3794	1021
3794	3783
4121	1023
4121	3799
1025	3799
1025	3798
3800	3798
3800	3797
4124	1026
4124	3801
4125	3801
4125	1027
4134	1029
4134	3802
4134	3803
4135	3803
4135	3804
3802	1029
3816	1032
3816	3807
3816	3806
3815	3806
3815	3805
3814	3805
3814	1033
4146	1035
4146	3819
4147	3819
4147	3818
4147	5815
1037	5815
3820	5815
3820	3817
3817	5815
4161	1038
4161	5816
4161	3825
3825	5816
3825	3824
3824	5816
3833	1041
3833	3829
3829	1041
3828	1041
3828	3826
3827	3826
1046	1044
3835	1044
3835	3834
1049	1047
3837	1047
3837	3836
1052	1050
1052	3841
3842	3841
4164	1053
4164	5817
4164	3846
4165	3846
4165	3847
3846	5817
1054	5817
1058	1056
1058	3849
3851	3849
3851	3848
3850	3848
4175	1059
4175	3858
3858	1059
1064	1062
1064	3859
3860	3859
4179	1065
4179	3861
4179	3862
3862	3861
3866	1068
3866	5818
3866	3864
3864	5818
1069	5818
3863	5818
3870	1071
3870	3867
3870	3868
3868	3867
1076	1074
1076	3874
1079	1077
3877	1077
1082	1080
1082	3881
3884	1083
3884	1084
4187	1086
4187	1087
4187	3886
1091	1089
3889	1089
3889	3887
3888	3887
3898	1092
3898	3895
3898	3896
3896	3895
3896	3894
1097	1095
3900	1095
3900	3899
3905	1098
3905	3901
3905	5820
3905	5819
3904	5819
1100	5819
3902	5819
3902	5820
1099	5820
4210	1101
4210	5821
4210	3910
3910	5821
3909	5821
3908	5821
3908	3906
3906	5821
3907	5821
4248	1104
4248	5822
1106	5822
3920	5822
3920	5823
3919	5823
3919	3916
3916	5823
3917	5823
3917	5822
3918	5822
4256	1107
4256	3922
4256	5824
1109	5824
3924	5824
3923	5824
3923	3921
3921	5824
3932	1110
3932	3926
3932	3925
3931	3925
3931	1111
1115	1113
1115	3934
3936	3934
3936	3933
3935	3933
5577	1116
5577	3942
5577	5825
1118	5825
3943	5825
3943	3941
3941	5825
1121	1119
3946	1119
3946	3944
3945	3944
5576	1122
5576	3949
3949	1122
4283	1125
4283	3950
4283	3951
4284	3951
4284	3952
3951	3950
1130	1128
1130	3962
3964	3962
3964	3961
3963	3961
4317	1131
4317	3966
4317	3965
4318	3965
4318	1132
1136	1134
3967	1134
5826	5827
2240	1137
2240	5826
2240	5828
5690	5828
5690	5829
2241	5829
2241	3971
3971	5829
3970	5829
3969	5829
3969	5828
3969	5827
1138	5827
3968	5827
3968	5826
1142	1140
1142	3974
3976	3974
3976	3973
3975	3973
3975	3972
1145	1143
3993	1146
3993	1147
1151	1149
3995	1149
3995	3994
5435	1152
5435	3997
5435	3998
5436	3998
5436	3999
5437	3999
3997	1152
5575	1155
5575	4002
5575	4001
1157	4001
4004	4001
4004	4000
4003	4000
5833	5831
4009	1158
4009	5833
4009	5834
4008	5834
4008	5832
4007	5832
4007	1162
1162	5832
5674	5832
5673	5832
5673	5834
5673	5831
5672	5831
5672	5830
1161	5830
1161	4005
4005	5830
4006	5830
4006	5831
4006	5833
5836	5837
5574	1163
5574	5837
5574	1167
1167	5837
1167	5836
5675	5836
5675	5838
5675	4011
5675	5835
1166	5835
1164	5835
4010	5835
4011	5838
4012	5838
4012	5837
5464	1168
5464	1167
5465	1167
5465	5675
5466	5675
5466	1166
1170	1166
1173	1171
4013	1171
1176	1174
1176	4017
1179	1177
4020	1177
1182	1180
4027	1180
5476	1183
5476	4031
5476	4032
4032	4031
1188	1186
4034	1186
4034	4033
1191	1189
1191	4038
4039	4038
1194	1192
4043	1192
4042	1192
4042	4040
4041	4040
1197	1195
5484	1198
5484	1199
4065	1201
4065	1202
4069	1204
4069	4066
4069	4067
4067	4066
5493	1207
5493	4070
5493	4071
4071	4070
1212	1210
4076	1210
4076	4075
1215	1213
4079	1213
4079	4077
4078	4077
1218	1216
5514	1219
5514	1220
5514	4086
1224	1222
4088	1222
4088	4087
5521	1225
5521	4096
4096	1225
4102	1228
4102	4097
1230	4097
1233	1231
1233	4106
5537	1234
5537	1235
5537	4109
1239	1237
1239	4110
4111	4110
4117	1240
4117	4112
1242	4112
1245	1243
1248	1246
4126	1249
4126	4122
4126	4123
4122	1249
5419	1252
5419	4127
2236	4127
2236	5839
5689	5839
2235	5839
2235	4128
2235	4129
4128	5839
1253	5839
4136	1255
4136	5840
4136	4133
4133	5840
4132	5840
4132	4130
4130	5840
4131	5840
4326	1258
4326	4137
1260	4137
4149	1261
4149	4144
4149	4145
4148	4145
4144	1261
4343	1264
4343	4151
4343	5841
4344	5841
4344	4152
4152	5841
4152	4150
4150	5841
1269	1267
1269	4153
4154	4153
4166	1270
4166	5842
4166	4157
4157	5842
4156	5842
4156	4155
4155	5842
4163	1273
4163	4159
4163	5843
4162	5843
4162	5844
4162	4160
4160	5844
1274	5844
4158	5844
4158	5843
1278	1276
4168	1276
4168	4167
1281	1279
1281	4169
4170	4169
1284	1282
4172	1282
4172	4171
1287	1285
4174	1285
4174	4173
1290	1288
1293	1291
4180	1294
4180	1295
4180	4178
4183	1297
4183	4181
4182	4181
4182	1298
1302	1300
1302	4185
4186	4185
4186	4184
4365	1303
4365	4188
4188	1303
4378	1306
4378	4189
4379	4189
4379	1307
4392	1309
4392	1310
4392	4192
1314	1312
1314	4202
4203	4202
1317	1315
4206	1315
4205	1315
4205	4204
4209	1318
4209	4208
4209	4207
1320	4207
1323	1321
4213	1321
1326	1324
1326	4217
4402	1327
4402	4218
4402	4219
4403	4219
4218	1327
1332	1330
1332	4221
4223	4221
4223	4220
4222	4220
4414	1333
4414	5845
4414	4228
4228	5845
4227	5845
4226	5845
4226	4224
4224	5845
4225	5845
1338	1336
1338	4236
4239	4236
4239	4235
4238	4235
4238	4234
4237	4234
1341	1339
4243	1339
4243	4242
1343	4242
5676	4242
5676	4241
1342	4241
4245	4241
4245	4240
5847	5846
4251	1344
4251	4244
4251	5846
4250	5846
4249	5846
4249	5847
1346	5847
4247	5847
4247	4246
4246	5847
1342	5847
1342	5848
5676	5848
1343	5848
4244	5848
5850	5849
5851	5849
4258	1347
4258	4254
4258	5850
4257	5850
4257	5851
1349	5851
4255	5851
4255	5852
1348	5852
4252	5852
4252	5849
4253	5849
4253	5850
4263	1350
4263	4260
4262	4260
4262	4259
4261	4259
4261	1351
5854	5853
5856	5853
4452	1353
4452	4266
4452	5855
4453	5855
4453	5853
4454	5853
1355	5853
4268	5853
4268	5856
4267	5856
4267	4264
4264	5856
4264	5854
4265	5854
4266	5854
1358	1356
1358	4270
4272	4270
4272	4269
4271	4269
1361	1359
1361	4278
4279	4278
4279	4277
1364	1362
4282	1362
4282	4280
4281	4280
1367	1365
4464	1368
4464	1369
4477	1371
4477	1372
4477	4291
4478	4291
4478	4292
4492	1374
4492	4294
4492	5857
1376	5857
4296	5857
4296	5858
4295	5858
4295	4293
4293	5858
4294	5858
4302	1377
4302	4298
4302	4297
4301	4297
4301	1378
4511	1380
4511	4308
4511	4307
4512	4307
4512	4309
4309	4307
4320	1383
4320	5859
4319	5859
4319	4312
4312	5859
4311	5859
4311	4310
4310	5859
4524	1386
4524	4322
4524	4321
4525	4321
4525	1387
4526	1387
1391	1389
1394	1392
1397	1395
4325	1395
1400	1398
1403	1401
5416	1404
5416	1405
4346	1407
4346	1408
4346	4341
4345	4341
4345	4342
4350	1410
4350	4348
4350	4347
4349	4347
4349	1411
5412	1413
5412	4352
5412	4354
4354	4352
4354	4351
4353	4351
4367	1416
4367	4356
4367	5860
4366	5860
4366	4358
4358	5860
4357	5860
4357	4355
4355	5860
4361	1419
4361	4360
4361	4359
1421	4359
4540	1422
4540	4369
4541	4369
4541	4368
1424	4368
4381	1425
4381	1426
4381	4376
4380	4376
4380	4377
4555	1428
4555	5861
4555	4385
4385	5861
4385	5862
4384	5862
4384	4382
4382	5862
4383	5862
4383	5861
4393	1431
4393	4387
4393	4388
4388	4387
4388	4386
1436	1434
1436	4397
4404	1437
4404	4400
4404	4401
4400	1437
4563	1440
4563	4405
1442	4405
4415	1443
4415	4408
4408	1443
4413	1446
4413	4412
1448	4412
4569	1449
4569	4416
4569	4417
4417	4416
1454	1452
1454	4421
1457	1455
4424	1455
1460	1458
1460	4428
4591	1461
4591	4429
4591	4430
4592	4430
4429	1461
4594	1464
4594	5863
4594	4433
4433	5863
1468	5863
5677	5863
5677	5864
1467	5864
4435	5864
4435	4431
4431	5864
4432	5864
4432	5863
1471	1469
1471	4434
4439	4434
4439	1468
4438	1468
4438	5677
4438	1467
4438	4436
4437	4436
1474	1472
4445	1472
4445	4442
4444	4442
4444	4441
4443	4441
4443	4440
5866	5865
5867	5865
5869	5866
5866	5867
5870	5867
4456	1475
4456	5871
4456	5868
4455	5868
1477	5868
1477	5865
4451	5865
4450	5865
4450	5866
4449	5866
4449	5869
4449	4446
4446	5869
4447	5869
4447	5870
4448	5870
4448	5871
5868	5871
4460	1478
4460	4458
4460	4457
4459	4457
4459	1479
4641	1481
4641	4462
4641	4461
4642	4461
4642	1482
4465	1484
4465	1485
4465	4463
1489	1487
1489	4466
4467	4466
4649	1490
4649	5873
4649	5872
4650	5872
4650	4471
4471	5872
4470	5872
4470	5873
4469	5873
4469	4468
4468	5873
1495	1493
1495	4474
4476	4474
4476	4473
4475	4473
4475	4472
4668	1496
4668	1497
4668	4479
4669	4479
4669	4480
1501	1499
1501	4482
4484	4482
4484	4481
4483	4481
1504	1502
4488	1502
4488	4486
4487	4486
4487	4485
5875	5874
4495	1505
4495	4490
4495	5876
4494	5876
4494	5874
4493	5874
4493	4491
4491	5874
4491	5875
1506	5875
4489	5875
4489	5876
1510	1508
1510	4498
4501	4498
4501	4497
4500	4497
4500	4496
4499	4496
4698	1511
4698	4504
4698	4503
4699	4503
4699	4502
4700	4502
4700	1512
1516	1514
4507	1514
1519	1517
1519	4508
4513	1520
4513	4509
4513	4510
4509	1520
1525	1523
4515	1523
4515	4514
4721	1526
4721	4516
1528	4516
4724	1529
4724	4517
4724	4518
4725	4518
4517	1529
1534	1532
4523	1532
4522	1532
4522	4520
4521	4520
4521	4519
1537	1535
1540	1538
4529	1538
1543	1541
4531	1541
4531	4530
1546	1544
1546	4535
4536	4535
4542	1547
4542	4539
4539	1547
4538	1547
4538	4537
1552	1550
4544	1550
4544	4543
1555	1553
1555	4545
4546	4545
1558	1556
4548	1556
4548	4547
1561	1559
4550	1559
4550	4549
1564	1562
1564	4551
4552	4551
4556	1565
4556	4553
4556	4554
4554	4553
1570	1568
4558	1568
4558	4557
1573	1571
1573	4559
4560	4559
1576	1574
4562	1574
4562	4561
1579	1577
1582	1580
4742	1583
4742	1584
4742	4566
4743	4566
5405	1586
5405	4567
1588	4567
4570	1589
4570	1590
4570	4568
5401	1592
5401	4571
5401	4572
4572	4571
1597	1595
4574	1595
4574	4573
4766	1598
4766	4575
4766	4576
4576	4575
1603	1601
4581	1601
4581	4580
1606	1604
4583	1604
4583	4582
4586	1607
4586	4584
4585	4584
4585	1608
1612	1610
1612	4588
4590	4588
4590	4587
4589	4587
4595	1613
4595	1614
4595	4593
1618	1616
1618	4599
4600	4599
4785	1619
4785	4604
4785	4605
4605	4604
4797	1622
4797	4611
4797	4612
4611	1622
4611	4609
4610	4609
5397	1625
5397	4615
5398	4615
5398	4614
1627	4614
1627	4613
1630	1628
4616	1628
1633	1631
1633	4620
5396	1634
5396	4621
5396	4622
5395	4622
4621	1634
4801	1637
4801	5877
4801	4625
4625	5877
1641	5877
5678	5877
1640	5877
1640	4624
4627	4624
4627	4623
4624	5877
1644	1642
1644	4626
4631	4626
4631	1641
4630	1641
4630	5678
4630	1640
4629	1640
4629	4628
1647	1645
1647	4634
4636	4634
4636	4633
4635	4633
4635	4632
5881	5879
5879	5880
5882	5880
1652	1648
1652	5883
1652	5880
5679	5880
5679	5879
5679	5878
1651	5878
1650	5878
4640	5878
4640	5879
4639	5879
4639	5881
1649	5881
4637	5881
4637	5882
4638	5882
4638	5883
4826	1653
4826	5886
4826	5684
4826	1657
5684	5886
5683	5886
5683	5885
5682	5885
5682	5884
5681	5884
5681	5679
5681	1651
5680	1651
1656	1651
5679	5884
1652	5884
1652	5885
1652	5886
4653	1658
4653	1657
4653	5684
4652	5684
4652	5683
4651	5683
4651	5682
1660	5682
1660	5681
4644	5681
4644	5680
4643	5680
4643	1656
4648	1661
4648	4646
4647	4646
4647	4645
1663	4645
5887	5888
5890	5888
5891	5888
5888	5889
5890	5891
4844	1664
4844	5893
4844	5891
4845	5891
4845	5892
4846	5892
4846	5889
1666	5889
4663	5889
4662	5889
4662	5888
4662	5887
1665	5887
4659	5887
4659	5890
4660	5890
4661	5890
4661	5893
1669	1667
4667	1667
4667	4665
4666	4665
4666	4664
4851	1670
4851	4672
4851	4673
4852	4673
4852	4674
4672	1670
4883	1673
4883	4677
4883	4676
4884	4676
4884	4675
4885	4675
4885	1674
4895	1676
4895	1677
4895	4678
1681	1679
1681	4679
1684	1682
4907	1685
4907	1686
4907	4684
4688	1688
4688	4685
4688	1689
4922	1691
4922	4692
4922	5894
4923	5894
4923	4693
4693	5894
1692	5894
4703	1694
4703	5896
4702	5896
4702	5895
4701	5895
4701	4697
4697	5895
4696	5895
4695	5895
4695	5896
4695	4694
4694	5896
4930	1697
4930	4706
4930	4705
4931	4705
4931	4704
1699	4704
4941	1700
4941	1701
1705	1703
1708	1706
1711	1709
4709	1709
1714	1712
4711	1712
4711	4710
4974	1715
4974	4715
4974	5897
4975	5897
4975	4717
4717	5897
4716	5897
4716	4715
1720	1718
1720	4719
4720	4719
4720	4718
4727	1721
4727	1722
4727	4722
4726	4722
4726	4723
4731	1724
4731	4729
4731	4728
4730	4728
4730	1725
5392	1727
5392	4737
5393	4737
5393	4736
5394	4736
5394	1728
1732	1730
4744	1733
4744	4740
4744	4741
4740	1733
5391	1736
5391	4745
5391	5899
5390	5899
5390	4747
5389	4747
4747	5899
4747	5898
4746	5898
1737	5898
4745	5898
4979	1739
4979	4749
1741	4749
1741	4748
1744	1742
1747	1745
4756	1745
1750	1748
1750	4757
1753	1751
4758	1751
1756	1754
4760	1754
4760	4759
1759	1757
1759	4764
4765	4764
1762	1760
1765	1763
4992	1766
4992	1767
4992	4775
4993	4775
5386	1769
5386	4776
1771	4776
4777	4776
5382	1772
5382	4782
4782	1772
4782	4781
4786	1775
4786	4783
4786	4784
4784	4783
5001	1778
5001	4787
5001	4788
4788	4787
1783	1781
4790	1781
4790	4789
1786	1784
1786	4791
4792	4791
1789	1787
4794	1787
4794	4793
1792	1790
4796	1790
4796	4795
4802	1793
4802	4800
4800	1793
5011	1796
5011	4806
5011	5900
5011	4807
4807	5900
1797	5900
5021	1799
5021	4813
5021	4814
4813	1799
4813	4811
4812	4811
5380	1802
5380	4817
5380	4816
5381	4816
5381	4815
1804	4815
1807	1805
4818	1805
1810	1808
1810	4822
4825	1811
4825	1812
5379	1814
5379	4827
5379	4828
5378	4828
4827	1814
1819	1817
1819	4830
4832	4830
4832	4829
4831	4829
1822	1820
4837	1820
4837	4834
4836	4834
4836	4833
4835	4833
5903	5901
5904	5901
5901	5902
4847	1823
4847	5905
4847	5902
1825	5902
4843	5902
4843	5901
4842	5901
4842	5903
4841	5903
4841	4838
4838	5903
4839	5903
4839	5904
4840	5904
4840	5905
4853	1826
4853	5906
4853	4850
4850	5906
4849	5906
4849	4848
4848	5906
1831	1829
1831	4854
1834	1832
4857	1832
1837	1835
1837	4861
5060	1838
5060	1839
5060	4862
5061	4862
5061	4863
1843	1841
1843	4865
4867	4865
4867	4864
4866	4864
5069	1844
5069	1848
1848	1844
5685	1844
5685	4869
1847	4869
1847	4868
1851	1849
1851	1848
4872	1848
4872	5685
4871	5685
4871	1847
4870	1847
1854	1852
1854	4875
4877	4875
4877	4874
4876	4874
4876	4873
5909	5908
5909	5910
5911	5910
4888	1855
4888	4879
4888	5912
4888	5910
4887	5910
4887	5908
4886	5908
4886	5907
1857	5907
4882	5907
4881	5907
4881	5909
4880	5909
4880	5911
1856	5911
4878	5911
4878	5912
5909	5907
5094	1858
5094	5916
5094	1862
1862	5916
5688	5916
5688	5915
5687	5915
5687	5914
5686	5914
5686	5913
1861	5913
1861	4889
4889	5913
4889	5914
4890	5914
4891	5914
4891	5915
4891	5916
5115	1863
5115	1862
5115	5688
5116	5688
5116	5687
1865	5687
1865	5686
4892	5686
4892	1861
4897	1866
4897	4893
4896	4893
4896	4894
4894	4893
1871	1869
1871	4903
4904	4903
4904	4902
1874	1872
4906	1872
4906	4905
1877	1875
1880	1878
1883	1881
4918	1881
4924	1884
4924	4920
4924	4921
4920	1884
4920	4919
5145	1887
5145	4925
5146	4925
5146	1888
4933	1890
4933	1891
4933	4928
4932	4928
4932	4929
1895	1893
4937	1893
4937	4935
4936	4935
4936	4934
5177	1896
5177	4939
5177	4938
5178	4938
5178	1897
1901	1899
4940	1899
1904	1902
5199	1905
5199	1906
1910	1908
1913	1911
4980	1914
4980	1915
4980	4958
4976	1917
4976	4959
4976	4960
4960	4959
4969	1920
4969	4961
4968	4961
4968	1921
1925	1923
1925	4977
4978	4977
4983	1926
4983	4981
4982	4981
4982	1927
5202	1929
5202	4985
5202	4984
5203	4984
5203	1930
1934	1932
5210	1935
5210	4986
5210	4987
5211	4987
4986	1935
1940	1938
1940	4989
4991	4989
4991	4988
4990	4988
5002	1941
5002	4998
4998	1941
1946	1944
1946	4999
5000	4999
5215	1947
5215	5003
1949	5003
1952	1950
1955	1953
5221	1956
5221	1957
5221	5006
5377	1959
5377	5007
1961	5007
5012	1962
5012	5010
5010	1962
5373	1965
5373	5013
5373	5014
5014	5013
5229	1968
5229	5015
5229	5016
5016	5015
1973	1971
5018	1971
5018	5017
1976	1974
5020	1974
5020	5019
1979	1977
1982	1980
5240	1983
5240	5028
5028	1983
5259	1986
5259	5029
5260	5029
5260	1987
5045	1989
5045	1990
5045	5032
1994	1992
1994	5042
5043	5042
1997	1995
1997	5044
5266	1998
5266	5046
5266	5917
2000	5917
5047	5917
1999	5917
5062	2001
5062	5053
5062	5054
5053	2001
5052	2001
5052	5051
5059	2004
5059	5057
5059	5056
5058	5056
5058	5055
2006	5055
5276	2007
5276	5063
2009	5063
5070	2010
5070	5066
5066	2010
5068	2013
5068	5067
2015	5067
2018	2016
5078	2016
5078	5077
5298	2019
5298	5079
2021	5079
2024	2022
5086	2022
2027	2025
2027	5090
5093	2028
5093	2029
5120	2031
5120	5918
5120	5101
5119	5101
5119	5102
5101	5918
2032	5918
2036	2034
5106	2034
5106	5104
5105	5104
5105	5103
2039	2037
2039	5108
5110	5108
5110	5107
5109	5107
5305	2040
5305	5122
5306	5122
5306	5121
2042	5121
2045	2043
5129	2043
2048	2046
2048	5130
2051	2049
2054	2052
2057	2055
2060	2058
5141	2058
5148	2061
5148	5142
5148	5919
5147	5919
5147	5144
5144	5919
5143	5919
5143	5142
5353	2064
5353	5150
5353	5149
5354	5149
5354	5151
5151	5149
5159	2067
5159	5152
5159	2068
2072	2070
2072	5160
5161	5160
2075	2073
5164	2073
5163	2073
5163	5162
5920	5921
5365	2076
5365	5922
5365	5921
5366	5921
5366	5168
5168	5921
5167	5921
5167	5920
2077	5920
5165	5920
5165	5922
5166	5922
2081	2079
5176	2079
5176	5174
5176	5923
5175	5923
5175	5173
5173	5923
2084	2082
5179	2082
5181	2085
5181	5180
5181	2086
2090	2088
2090	5182
5183	5182
2093	2091
5186	2091
5186	5184
5185	5184
2096	2094
2096	5188
5189	5188
5189	5187
5205	2097
5205	5924
5205	5925
5204	5925
5204	5192
5192	5925
5191	5925
5191	5924
5191	5190
5190	5924
5201	2100
5201	5194
5201	5193
5201	5926
5200	5926
2102	5926
5195	5926
2101	5926
2105	2103
5209	2103
5209	5207
5208	5207
5208	5206
2108	2106
5212	2106
2111	2109
2111	5213
2114	2112
5214	2112
2117	2115
5360	2118
5360	5216
5360	5217
5359	5217
5216	2118
2123	2121
2123	5219
5220	5219
5220	5218
5230	2124
5230	5226
5226	2124
2129	2127
2129	5227
5228	5227
5234	2130
5234	5231
2132	5231
2135	2133
2135	5235
2138	2136
5241	2139
5241	5236
5236	2139
2144	2142
5244	2142
5244	5242
5243	5242
5348	2145
5348	5246
5348	5927
5347	5927
5347	5248
5248	5927
5247	5927
5247	5245
5245	5927
5323	2148
5323	5250
5324	5250
5324	5249
2150	5249
5262	2151
5262	2152
5262	5257
5261	5257
5261	5258
5267	2154
5267	5264
5267	5265
5265	5264
5265	5263
5336	2157
5336	5268
5336	5269
5269	5268
2162	2160
5271	2160
5271	5270
2165	2163
2165	5272
5273	5272
2168	2166
5275	2166
5275	5274
2171	2169
2174	2172
2177	2175
5307	2178
5307	5285
5307	5286
5285	2178
5300	2181
5300	5288
5300	5287
5299	5287
5299	5289
5289	5287
5297	2184
5297	5290
5297	2185
2189	2187
2189	5308
2192	2190
2195	2193
5311	2193
5317	2196
5317	5312
5317	2197
2201	2199
2201	5318
5319	5318
5325	2202
5325	5322
5322	2202
5321	2202
5321	5320
2207	2205
5327	2205
5327	5326
2210	2208
2210	5328
5329	5328
2213	2211
5331	2211
5331	5330
2216	2214
5333	2214
5333	5332
2219	2217
2219	5334
5335	5334
2222	2220
2225	2223
5352	2223
5352	5350
5351	5350
5351	5349
2228	2226
5357	2226
2231	2229
2231	5358
2234	2232
5364	2232
5364	5362
5363	5362
5363	5361
2239	2237
2239	5420
2241	5420
2241	2236
5690	2236
5690	5689
5690	2235
2240	2235
2244	2242
5439	2245
5439	5427
5439	5428
5438	5428
5438	5429
5427	2245
5541	2248
5541	5441
5541	5928
2250	5928
5442	5928
5442	5440
5440	5928
2253	2251
2253	5443
2256	2254
5446	2254
2259	2257
2259	5450
5564	2260
5564	2261
5564	5451
5565	5451
5565	5452
5467	2263
5467	5456
5467	5457
5456	2263
5456	5929
5455	5929
5455	5453
5453	5929
5454	5929
2268	2266
2268	5460
5463	5460
5463	5459
5462	5459
5462	5458
5461	5458
2271	2269
2271	5468
5469	5468
5558	2272
5558	5477
5558	5478
5557	5478
5557	5479
5556	5479
5477	2272
5485	2275
5485	5482
5485	5481
2277	5481
5483	5481
5483	5480
5496	2278
5496	5489
5496	5490
5490	5489
2283	2281
5492	2281
5492	5491
5549	2284
5549	5503
5549	2285
5551	2287
5551	2288
5551	5506
5555	2290
5555	5507
2292	5507
2295	2293
5554	2296
5554	5508
5508	2296
5515	2299
5515	5509
5515	5510
5510	5509
2304	2302
5520	2302
5520	5519
2307	2305
5553	2308
5553	2309
2313	2311
5532	2311
5543	2314
5543	5533
2316	5533
5538	2317
5538	2318
5538	5536
5542	2320
5542	5930
5542	5540
5540	5930
5540	5539
5539	5930
5544	2323
5544	2324
5546	2326
5546	5545
5546	2327
2331	2329
5548	2329
5548	5547
5552	2332
5552	5550
5550	2332
5563	2335
5563	5561
5563	5560
5562	5560
5562	5559
2337	5559
5598	2338
5598	5594
5598	5595
5594	2338
5619	2341
5619	5615
5619	5931
5618	5931
5618	5616
5616	5931
2342	5931
5636	2344
5636	5631
5636	2345
2349	2347
2349	5637
5638	5637
5932	5934
5933	5932
5933	5935
5934	5941
5935	5934
5935	5942
5936	5935
5937	5936
5937	5943
5938	5937
5940	5939
5941	5940
5942	5941
5943	5942
5944	5943
5939	5944
5944	5939
5944	2375
5938	2375
5938	19
5938	16
5937	16
5937	2370
5936	2370
5933	2370
5933	2367
5933	13
5932	13
5932	10
5932	7
5934	7
5934	2360
5941	2360
5941	4
5940	4
5940	2355
5939	2355
5939	0
5947	5946
5947	5949
5947	5644
5947	2419
5947	55
5947	52
5946	52
5946	2417
5946	2415
5949	2415
5949	5948
5949	2357
5949	3
2357	5948
1	5948
44	5948
2415	2417
2415	49
2419	5644
2421	5644
2421	5642
2423	5642
2423	5640
58	5640
61	5640
61	8
61	9
5645	5
5645	2362
5645	5950
5643	5950
5641	5950
6	5950
12	67
11	67
15	82
15	79
2372	79
2372	2446
2369	2446
2369	76
2369	73
14	73
14	70
18	21
18	83
5952	5951
5951	5955
5951	5953
5954	5953
5954	5956
5956	5955
5953	5955
5957	5956
5959	5958
5956	5958
5959	5960
5959	2377
5959	2
5959	43
5957	43
5957	2409
5954	2409
5954	40
5952	40
5952	37
5952	34
5951	34
5951	28
5951	2388
5955	2388
5955	25
5958	25
5958	2381
5960	2381
5960	20
20	2381
28	34
2491	118
2491	2483
2491	109
2491	5961
24	5961
24	5962
2384	5962
2384	2471
2384	100
23	100
23	2466
81	2466
80	2466
80	2463
85	2463
85	97
88	97
88	94
2471	5962
103	5962
106	5962
106	5961
109	2483
2483	118
27	119
27	2492
2390	2492
30	127
127	124
127	121
29	121
117	121
5632	2345
5632	5964
5632	2519
5632	2517
5632	5963
5634	5963
5634	130
5634	2515
33	2515
33	128
130	5963
133	5963
2519	5964
2521	5964
136	5964
48	5964
47	5964
36	2348
36	5965
35	5965
5635	5965
5633	5965
5633	2348
39	2349
2416	45
2416	5966
42	5966
2411	5966
2411	2347
2347	5966
2344	5966
51	139
2418	139
2418	137
2529	145
2529	5968
54	5968
54	5967
53	5967
140	5967
142	5967
142	5968
2533	151
2533	5969
2533	5970
2535	5970
2535	5971
2535	2424
2424	5971
2422	5971
2420	5971
2420	2530
2530	5971
2530	5970
2530	5969
146	5969
148	5969
60	157
59	157
59	154
2536	154
2536	2537
2534	2537
63	66
63	5972
62	5972
62	160
160	5972
163	5972
166	5972
69	5972
2543	169
2543	167
72	167
75	187
75	5975
74	5975
2544	5975
2544	5974
170	5974
170	5973
172	5973
172	178
178	5973
181	5973
181	5974
184	5974
184	5975
78	84
78	2561
2448	2561
2448	188
87	196
87	193
87	5976
86	5976
2562	5976
186	5976
185	5976
190	5976
90	197
5977	5979
5978	5977
5978	5980
5978	205
5978	2582
5978	202
5978	2577
5977	2577
5977	2575
5979	2575
5979	194
5979	195
5979	93
5979	208
5980	208
93	195
2577	202
5982	5981
5982	5985
5984	5983
5984	5990
5985	5993
5986	5985
5987	5986
5987	5994
5988	5987
5989	5988
5990	5989
5983	5989
5991	5990
5992	5991
5993	5992
5994	5993
5995	5994
5990	5995
5993	5985
5993	5626
5993	5623
5992	5623
5992	101
5991	101
5991	2473
5984	2473
5984	102
5984	217
5983	217
5983	2602
5989	2602
5989	214
5988	214
5988	2599
5987	2599
5987	211
5986	211
5986	2595
5982	2595
5982	209
5981	209
5981	95
5981	96
5981	5626
5628	98
5628	2465
5628	5997
5625	5997
5625	2468
2468	5997
105	218
5999	5998
5998	6002
5998	6000
6001	6000
6000	6002
6000	6006
6000	6003
6004	6003
6004	6007
6005	6009
6006	6005
6007	6006
6003	6006
6007	6010
6007	2604
6007	216
6008	216
6008	107
6004	107
6004	108
6001	108
6001	2621
5999	2621
5999	234
5999	231
5998	231
5998	228
6002	228
6002	223
6002	6005
6005	223
6009	223
6009	220
6009	215
6009	2604
111	237
111	2623
2623	237
114	120
114	2643
114	2641
2486	2641
2486	2639
113	2639
113	2637
238	2637
238	243
2643	120
246	120
123	252
123	250
2516	129
2516	255
2516	253
2516	125
2672	267
2672	2667
2672	6012
132	6012
132	6013
131	6013
131	258
258	6013
258	6011
261	6011
2665	6011
2665	6012
6012	6011
2667	267
6014	6015
6015	6017
6016	6015
6016	6018
6016	2678
6016	2676
6014	2676
6014	2674
6014	134
6014	2518
6015	2518
6015	2520
6017	2520
6017	2522
6018	2522
6018	6019
6018	2680
2680	6019
141	6019
138	6019
135	6019
2674	2676
6020	6021
6022	6021
6022	6023
6022	144
6022	147
6022	273
6022	2687
6020	2687
6020	270
6020	265
6020	2677
6020	2679
6021	2679
6021	2681
6023	2681
6023	143
2677	265
2538	153
2538	279
2538	6025
150	6025
150	6024
149	6024
274	6024
276	6024
2694	6024
2694	6025
156	159
156	6026
155	6026
280	6026
282	6026
282	2698
2698	6026
288	286
2706	294
2706	291
2706	2704
162	2704
162	2702
162	2699
2699	2702
165	168
165	297
165	2707
2707	297
297	168
303	300
6027	6029
6028	6027
6028	6030
6028	174
6028	2720
6028	2718
6027	2718
6027	2716
6027	2714
6029	2714
6029	2712
6029	298
6029	173
6030	173
2720	174
2720	306
311	307
177	323
177	2739
176	2739
307	2739
307	317
317	2739
180	329
180	324
324	329
183	189
182	189
6031	6033
6032	6031
6032	6034
6032	2578
6032	338
6032	335
6031	335
6031	332
6031	327
6031	328
6033	328
6033	191
6033	2576
6034	2576
2576	191
338	2578
341	2578
2775	356
2775	2773
2775	353
2775	350
2775	344
2775	2763
201	2763
200	2763
344	350
204	362
204	6035
2584	6035
203	6035
2776	6035
357	6035
359	6035
2597	210
2597	363
2597	206
363	210
365	210
368	210
213	219
2600	219
2600	372
222	374
221	374
221	369
6036	6041
6037	6036
6040	6039
6040	6045
6041	6040
6041	6046
6042	6041
6043	6042
6038	6042
6044	6043
6046	6045
6047	6046
6048	6047
6043	6047
6048	6049
6048	375
6048	224
6044	224
6044	227
6044	386
6044	2811
6044	6038
6038	2811
6038	2808
6038	6037
6037	2808
6037	383
6037	380
6036	380
6036	2803
6036	6040
6040	2803
6040	2800
6039	2800
6039	377
6039	2795
6045	2795
6045	2792
6045	375
230	389
230	387
233	236
236	239
236	390
390	239
242	398
242	393
393	398
2839	410
2839	6052
2839	6054
2841	6054
2841	2644
2644	6054
2642	6054
2642	6051
2640	6051
2640	6053
2638	6053
2638	401
2638	399
401	6053
404	6053
404	6050
407	6050
410	6050
6052	6050
6052	6051
6051	6050
248	251
247	251
2842	251
2842	6055
2840	6055
2840	2843
2843	6055
2845	6055
2845	254
2847	254
2847	257
254	6055
431	428
260	434
260	6057
260	2853
260	2850
260	416
259	416
2853	6057
2853	6056
419	6056
422	6056
425	6056
425	2865
2865	6056
2867	6056
2867	6057
263	269
263	446
2668	446
2668	2887
2668	6059
2666	6059
2666	6058
262	6058
435	6058
435	443
437	443
443	6058
2887	6058
272	275
272	2896
2689	2896
2689	447
278	281
278	2914
2696	2914
2696	2912
2696	6062
277	6062
277	6061
2898	6061
2898	6060
445	6060
445	2904
445	2902
2890	2902
2890	2900
444	2900
2904	6060
2906	6060
2908	6060
2908	6061
2910	6061
2910	6062
284	287
6063	6064
6063	6065
6065	6064
6065	6068
6065	6069
6066	6065
6066	6070
6066	6071
6064	6073
6064	6067
6068	6067
6068	6075
6069	6068
6069	6076
6070	6069
6070	6077
6070	6078
6071	6070
6071	6079
6072	6071
6067	6074
6077	6076
6077	6081
6078	6077
6078	6082
6079	6078
6079	6083
6079	6084
6080	6079
6080	6085
6083	6082
6083	6087
6084	6083
6084	6088
6085	6084
6085	6089
6086	6085
6086	6090
6088	6087
6088	6092
6089	6088
6089	6093
6090	6089
6090	6094
6091	6090
6093	6092
6094	6093
6094	6096
6095	6094
6095	6097
6098	6097
6098	6099
6098	287
6098	461
6098	2932
6095	2932
6095	2930
6091	2930
6091	2928
6086	2928
6086	2926
6080	2926
6072	2926
6072	2924
6072	2922
6066	2922
6063	2922
6063	2920
6063	2918
6064	2918
6073	2918
6073	458
6073	455
6073	452
6073	450
6073	6074
6074	450
6074	2901
6075	2901
6075	2903
6076	2903
6076	2905
6081	2905
6081	2907
6082	2907
6087	2907
6087	2909
6087	2911
6092	2911
6092	2913
6096	2913
6096	2915
6097	2915
6099	2915
6099	283
2936	467
2936	2934
2936	6100
2938	6100
2940	6100
2940	2705
2705	6100
2703	6100
289	6100
462	6100
2934	467
6108	6107
6108	6109
6108	2713
6108	6106
6108	2944
6108	2942
6107	2942
6107	2937
6107	2939
6107	2941
6109	2941
6109	292
6109	293
6109	296
2937	2942
2944	6106
2944	6105
2946	6105
2946	6103
2948	6103
2948	6102
2950	6102
2950	6101
2950	2952
2952	6101
2954	6101
2954	6102
2956	6102
2956	6104
473	6104
299	6104
2721	6104
2721	6102
2721	6103
2719	6103
2717	6103
2717	6105
2715	6105
2715	6106
302	2342
302	315
301	315
301	316
474	316
474	2990
474	2988
476	2988
476	2986
479	2986
479	438
305	310
304	310
313	2341
319	488
319	2991
2991	488
2991	485
2991	6110
2989	6110
2989	2866
2987	2866
2987	2868
436	2868
2866	6110
432	6110
2994	6110
6112	6111
6112	6113
6112	497
6112	494
6112	491
6111	491
6111	489
6111	321
6111	2741
6113	2741
6113	322
6113	503
497	503
503	322
331	322
334	504
337	506
337	501
336	501
2764	343
2764	509
340	509
340	507
509	343
346	518
346	515
345	515
349	524
349	521
349	519
352	539
352	6115
352	6114
351	6114
525	6114
527	6114
527	3058
3058	6114
3058	6115
3058	6116
3060	6116
3062	6116
3062	3068
3062	536
3068	6116
3068	6115
6117	6119
6118	6117
6118	6120
6118	2794
6118	2797
6118	3080
6117	3080
6117	3078
6117	355
6117	358
6119	358
6119	366
6120	366
6120	367
6120	373
355	3078
2774	3078
2774	540
3080	2797
542	2797
361	364
379	560
379	557
379	554
2805	554
2805	551
2802	551
2802	548
2802	534
378	534
543	534
534	548
382	563
382	561
6122	6121
6122	6126
6123	6122
6121	6125
6127	6126
6127	6128
6127	6129
6127	394
6127	585
6123	585
6123	582
6123	577
6122	577
6122	574
6121	574
6121	569
6121	6124
6125	6124
6125	384
6125	2810
6125	2813
6125	6128
6128	2813
6128	385
6129	385
6129	388
6129	391
384	6124
564	6124
566	6124
397	400
396	400
586	400
586	3139
588	3139
588	594
403	597
403	6130
402	6130
3141	6130
3141	597
6131	6132
6131	6134
6131	6133
6131	3153
6131	3151
6132	3151
6132	603
6132	600
6132	598
6134	598
6134	405
6134	406
6133	406
6133	3155
6136	6137
6136	6138
6136	5612
6136	5610
6136	3154
6136	3156
6137	3156
6137	408
6137	409
6137	2844
6138	2844
6138	2846
6138	2848
5612	2848
5612	412
3154	5610
3154	5608
3152	5608
3152	6135
604	6135
606	6135
609	6135
609	5606
609	5604
612	5604
421	5604
5606	6135
6139	6141
6140	6139
6142	6141
6142	6143
6142	2852
6142	2855
6140	2855
6140	418
6140	5605
6140	5607
6139	5607
6139	5609
6141	5609
6141	5611
6143	5611
6143	5613
6143	417
424	613
6144	6145
6144	6146
6144	3177
6144	615
6144	3173
6145	3173
6145	610
6145	611
6145	426
6146	426
6146	427
6146	618
429	430
624	621
2997	484
2997	6147
430	6147
619	6147
621	6147
627	6147
442	448
441	448
441	451
454	477
454	478
2976	482
2976	471
2976	2953
2976	2955
2976	6148
457	6148
456	6148
475	6148
475	2957
2957	6148
2935	463
2935	6154
2935	2933
2933	6154
2931	6154
2931	6153
2929	6153
2929	6152
2927	6152
2927	6151
2925	6151
2925	6150
2923	6150
2923	6149
2921	6149
2919	6149
2919	2977
2977	6149
483	6149
483	6150
2979	6150
2979	6151
2982	6151
2982	6152
2982	6153
463	6153
6155	6156
6156	6158
6157	6156
6157	6159
6158	6161
6159	6158
6159	6162
6160	6162
6160	2947
6160	2949
6157	2949
6157	2951
6155	2951
6155	469
6155	481
6155	2981
6156	2981
6158	2981
6158	2984
6161	2984
6161	465
6161	466
6161	2943
6162	2943
6162	2945
487	490
486	490
630	625
3208	642
3208	639
3208	6164
493	6164
493	6163
492	6163
626	6163
625	6163
633	6163
633	6164
636	6164
6165	6167
6166	6165
6166	6168
6166	3226
6166	648
6165	648
6165	3210
6165	495
6167	495
6167	496
6167	3228
6168	3228
3210	648
3210	645
499	505
499	3244
499	3229
3229	3244
3229	3242
3227	3242
3227	6169
649	6169
651	6169
654	6169
3244	505
6171	6170
6172	6171
6172	6173
6172	511
6172	514
6172	3255
6172	657
6171	657
6171	655
6170	655
6170	3243
6170	3245
6173	3245
6173	510
517	520
517	3257
3257	520
3257	668
3257	660
660	668
523	526
523	669
529	679
529	6174
528	6174
667	6174
667	673
673	6174
676	6174
544	688
532	688
532	6178
3063	6178
3063	6177
3061	6177
3061	6176
3061	6175
3059	6175
531	6175
680	6175
680	6176
682	6176
685	6176
3286	6176
3286	6177
3286	6178
3081	541
3081	537
3081	3071
3079	3071
547	689
3292	686
3292	6179
3294	6179
3294	6180
3296	6180
550	6180
549	6180
549	3288
3288	6180
3288	6179
3304	697
3304	694
3304	6181
3304	3293
3306	3293
3308	3293
3308	3295
3310	3295
3310	3297
3312	3297
553	3297
3293	6181
684	6181
683	6181
691	6181
6182	6184
6183	6182
6185	6184
6185	6186
6185	3329
6185	709
6183	709
6183	3325
6183	706
6183	3320
6182	3320
6182	3318
6184	3318
6184	3307
6184	3309
6184	3311
6186	3311
6186	3313
3329	3313
3329	555
3307	3318
3305	3318
3305	700
3320	706
559	562
559	6187
558	6187
3330	6187
710	6187
712	6187
712	562
568	713
6190	6189
6190	6193
6188	6190
6188	6194
6188	6191
6192	6191
6193	6197
6194	6193
6191	6194
6191	6198
6191	6195
6196	6195
6196	6199
6198	6197
6199	6198
6195	6198
6200	6199
6199	6201
6202	6201
6202	711
6202	570
6202	573
6200	573
6200	724
6200	3347
6196	3347
6192	3347
6192	721
6192	718
6188	718
6188	715
6190	715
6190	3336
6189	3336
6189	707
6189	3327
6193	3327
6197	3327
6197	708
6201	708
576	725
6203	6206
6204	6203
6204	6207
6205	6204
6207	6206
6207	6209
6208	6207
6208	6210
6208	744
6208	741
6208	736
6205	736
6205	3355
6205	730
6204	730
6203	730
6203	727
6203	722
6203	3349
6206	3349
6209	3349
6209	723
6209	578
6209	581
6210	581
3355	736
584	587
584	6211
583	6211
745	6211
749	6211
590	601
589	601
589	6214
750	6214
750	6212
740	6212
737	6212
737	3387
3387	6212
3389	6212
3389	6213
605	6213
602	6213
602	6214
6214	6213
593	596
593	599
3174	614
3174	3388
3174	3390
608	3390
3388	614
3388	755
620	631
617	631
617	6217
3180	6217
3180	6216
3180	6215
616	6215
616	761
756	761
761	6215
3409	6215
3409	6216
764	6216
3417	6216
3417	6218
767	6218
632	6218
631	6218
6217	6218
622	623
635	770
634	770
638	779
637	779
637	3429
3429	779
3429	3441
3431	3441
3431	3438
773	3438
641	644
641	782
640	782
647	650
647	3455
647	3453
647	3449
647	783
3449	3453
3449	3451
3455	650
653	656
653	797
653	794
653	791
652	791
797	656
800	656
664	672
664	6219
661	6219
801	6219
803	6219
806	6219
809	6219
809	815
815	6219
818	6219
675	830
675	821
675	819
821	830
824	830
678	681
677	681
677	690
831	690
693	839
692	839
834	839
6220	6222
6220	6223
6220	3533
6220	3531
6220	853
6220	850
6220	6221
6222	6221
6222	695
6222	696
6222	699
6223	699
6223	3541
6223	3535
3535	3541
3535	862
695	6221
840	6221
842	6221
845	6221
853	3531
702	863
702	6224
3321	6224
3319	6224
3319	3544
3544	6224
3338	714
3338	868
3338	3552
3338	865
3338	860
705	860
704	860
6227	6226
6228	6227
6225	6227
6228	6229
6228	717
6228	2339
6228	3566
6228	3563
6225	3563
6225	883
6227	883
6227	3560
6226	3560
6226	871
6226	869
6226	716
6229	716
871	3560
874	3560
874	880
3566	2339
3566	731
3569	731
886	731
886	3358
889	3358
889	732
720	726
720	2340
729	2338
735	751
734	751
893	751
895	751
895	754
743	748
3612	907
3612	901
3612	3596
760	3596
760	898
759	898
901	907
763	913
763	6231
763	6230
3412	6230
3412	3613
3613	6230
908	6230
910	6230
910	6231
766	769
766	3430
766	6233
3420	6233
3420	6232
765	6232
914	6232
916	6232
772	6232
3432	6232
3432	6233
775	925
775	3635
774	3635
3635	925
919	925
6235	6234
6235	6236
6235	3659
6235	934
6235	931
6235	928
6234	928
6234	926
6234	777
6234	3440
6236	3440
6236	3443
6236	6237
3659	6237
784	6237
3450	6237
3450	778
778	6237
6239	6241
6240	6239
6240	6242
6240	3701
6240	3699
6240	955
6240	3685
6239	3685
6239	786
6239	3452
6239	3454
6241	3454
6241	3456
6241	3705
6241	3703
6242	3703
3705	3456
3705	787
786	3685
786	3682
3660	3682
935	3682
935	6238
937	6238
3663	6238
3663	3675
940	3675
3675	6238
946	6238
3685	955
3685	952
3717	961
3717	6245
3717	6244
793	6244
792	6244
3706	6244
3706	6245
3704	6245
3704	6243
3702	6243
3700	6243
3700	3709
3709	6243
958	6243
961	6243
3723	970
3723	6247
3723	6246
796	6246
795	6246
3718	6246
962	6246
3719	6246
3719	6247
964	6247
3721	6247
967	6247
799	802
799	6248
798	6248
3724	6248
971	6248
973	6248
805	974
808	991
808	988
808	6249
807	6249
972	6249
969	6249
969	6252
969	6251
968	6251
976	6251
979	6251
3731	6251
3731	6252
3733	6252
3733	6250
982	6250
985	6250
988	6250
6249	6250
811	992
814	1003
814	3755
814	989
813	989
989	3755
994	3755
3751	3755
3751	1000
817	820
817	1004
823	1009
823	6253
822	6253
822	6254
1002	6254
3756	6254
3756	6253
1001	6253
1006	6253
826	846
826	1010
1010	846
1010	849
1010	3790
1012	3790
1015	3790
1015	3787
1015	3784
1018	3784
829	832
828	832
828	843
843	832
838	841
3808	1033
3808	6255
3808	6256
3810	6256
3810	3786
3812	3786
3812	3789
3812	3792
852	3792
3786	6256
1022	6256
1024	6256
1024	6255
1024	1030
1030	6255
6258	6257
6258	6259
6258	1042
6258	1039
6258	3821
6258	1036
6258	1034
6257	1034
6257	3809
6257	3811
6259	3811
6259	3813
6259	855
855	3813
6260	6261
6260	6262
6260	3838
6260	1048
6260	1045
6260	1043
6261	1043
6261	857
6261	3532
6261	3534
6262	3534
6262	3536
6262	6263
3838	6263
1051	6263
864	6263
858	6263
867	870
3554	870
3554	1052
3844	1049
3844	6264
873	6264
872	6264
1050	6264
3840	6264
876	1057
876	3845
3845	1057
1047	1057
1046	1057
879	1069
879	6265
879	3854
878	3854
3854	6265
3856	6265
1060	6265
1063	6265
1066	6265
882	1072
882	6266
3561	6266
881	6266
1070	6266
6268	6267
6268	6271
6267	6269
6267	6273
6267	6270
6271	6270
6271	6275
6272	6271
6272	6276
6270	6273
6270	6278
6270	6274
6275	6274
6275	6279
6276	6275
6276	6280
6277	6276
6274	6278
6280	6279
6280	6282
6281	6280
6281	6283
6281	1081
6281	3878
6277	3878
6277	1078
6272	1078
6272	3875
6268	3875
6268	1075
6267	1075
6267	3871
6269	3871
6269	1073
6269	884
6273	884
6278	884
6278	3565
6278	3568
6279	3568
6282	3568
6282	3571
6283	3571
6283	885
888	1084
888	3882
887	3882
891	894
891	1085
1085	894
6285	6289
6286	6285
6286	6290
6287	6286
6288	6287
6290	6289
6290	6292
6291	6290
6291	6293
6291	3600
6288	3600
6288	900
6288	1093
6288	3890
6287	3890
6286	3890
6286	1090
6285	1090
6285	6284
6285	3880
6289	3880
6289	1080
6292	1080
6292	3883
6293	3883
6293	1083
6293	899
3880	6284
1079	6284
1087	6284
1099	1096
903	1096
903	1094
906	909
906	6294
906	1100
1100	6294
1102	6294
3911	6294
3911	3929
3911	3927
1105	3927
1105	1111
3929	6294
912	915
912	6297
912	6296
911	6296
3930	6296
3928	6296
3928	6297
3928	6295
3928	1114
1114	6295
3937	6295
3937	3637
1117	3637
1117	918
3637	6295
3637	6297
3977	1141
3977	1129
3977	3957
3981	3957
3981	3953
921	3953
921	1126
921	1123
920	1123
1129	1141
1132	1141
1135	1141
924	927
923	927
923	3991
3984	3991
3984	3989
3980	3989
3980	1144
3980	3987
1144	3989
930	938
930	6298
930	3992
3992	6298
3990	6298
3990	6299
1148	6299
1150	6299
1150	3666
3666	6299
3666	6298
933	936
942	1159
942	1153
942	1151
1153	1159
6300	6301
6300	6302
6300	6303
6300	6304
6300	6305
6300	6306
6302	6301
6302	6308
6302	6309
6303	6302
6303	6310
6303	6311
6304	6303
6301	6307
6310	6309
6310	6313
6311	6310
6311	6314
6314	6313
6314	6316
6315	6316
6315	4021
6315	1178
6315	4018
6315	6312
6312	4018
6312	1175
6312	4014
6304	4014
6305	4014
6305	1172
6306	1172
6306	1169
6306	1164
6306	6307
6307	1164
6307	1160
6307	944
6307	3678
6308	3678
6309	3678
6309	945
6313	945
6316	945
6316	950
4021	950
948	947
948	6317
948	6318
3687	6318
3684	6318
3684	6317
6319	6323
6320	6319
6320	6324
6321	6326
6322	6321
6322	6327
6323	6322
6324	6323
6324	6328
6325	6324
6325	6329
6327	6326
6327	6331
6328	6327
6329	6328
6329	6332
6330	6329
6332	6331
6333	6332
6333	6334
6333	1190
6333	4035
6330	4035
6330	1187
6330	1184
6330	4028
6325	4028
6325	1181
6320	1181
6320	4025
6319	4025
6319	1179
6319	4023
6319	6322
6322	4023
6321	4023
6321	953
6321	954
6326	954
6326	3712
6331	3712
6331	957
6331	1193
6334	1193
3720	963
3720	4047
3720	1196
960	1196
960	1194
966	975
966	4063
3722	4063
965	4063
965	6335
4048	6335
4048	4049
4049	6335
4051	6335
4051	4061
4053	4061
4055	4061
4055	4059
4057	4059
4057	1202
4061	6335
6337	6336
6337	6338
6337	977
6337	978
6337	1205
6337	1203
6337	4060
6336	4060
6336	4062
6338	4062
6338	4064
981	1214
3734	1214
3734	1211
3734	4072
3732	4072
3732	1206
1206	4072
984	995
984	6340
983	6340
1215	6340
4082	6340
4082	4084
4084	6340
4084	6339
1220	6339
1220	3752
1223	3752
3752	6339
995	6339
987	993
6341	6342
6341	6344
6343	6344
6343	6346
6345	6346
6347	6346
6347	4090
6347	999
6347	1005
6345	1005
6345	1013
6345	1014
6343	1014
6343	4100
6341	4100
6341	4098
6342	4098
6342	1229
6342	1226
6342	4094
6344	4094
6344	4092
6346	4092
999	4090
998	4090
1008	1011
4113	1241
4113	4107
4113	1232
4113	4103
4115	4103
4115	4099
4115	4101
1017	4101
4099	4103
4107	1241
4107	1238
1020	1023
1020	4116
4116	1023
4116	4118
4114	4118
1026	1250
1026	1247
1026	4120
4120	1247
1240	1247
1240	1244
1029	1256
1028	1256
1251	1256
1035	1262
1032	1262
1032	4142
1032	6349
1031	6349
1031	6348
1257	6348
1259	6348
4138	6348
4140	6348
4140	6349
1263	1037
1038	1274
3823	1274
3823	1271
3823	1268
3823	1265
1041	1044
1040	1044
1040	1053
3857	1059
3857	1286
3857	6351
3855	6351
3855	6350
3855	6352
1056	6352
1055	6352
1273	6352
1272	6352
1277	6352
1277	6350
1280	6350
1283	6350
1283	6351
1062	1292
1062	6353
1062	6354
1061	6354
1287	6354
4176	6354
4176	6353
1289	6353
1065	1295
1065	1293
1068	1071
1068	3873
1067	3873
1296	3873
1296	1074
1077	1086
1077	1301
3876	1301
3876	1299
1089	1302
1319	1316
1092	1095
1092	1316
3893	1316
3893	1313
1091	1313
1091	4199
1300	4199
1300	4196
1300	6357
1297	6357
1297	6355
1294	6355
1291	6355
1291	4190
1290	4190
1290	1307
4190	6355
4190	6356
1310	6356
4193	6356
4193	6357
6357	6356
1098	1101
1097	1101
1317	1318
1334	1331
6358	6359
6360	6359
6360	6364
6361	6360
6362	6361
6362	6365
6363	6362
6365	6364
6366	6365
6367	6366
6367	6368
6367	1318
6367	1103
6367	3915
6366	3915
6363	3915
6363	1104
6363	1345
6363	1340
6362	1340
6362	1337
6361	1337
6361	4229
6360	4229
6358	4229
6358	1325
6358	4214
6359	4214
6359	1322
6364	1322
6364	4211
6368	4211
1325	4229
1325	1331
1107	1348
1106	1348
1110	1113
1110	1351
1110	1349
1357	1354
1116	1124
3940	1124
3940	6369
1115	6369
1352	6369
1354	6369
4273	6369
4273	1124
1360	1124
1360	1125
1119	1122
4299	1378
4299	6370
4299	4289
4299	4287
1128	4287
3960	4287
3960	4285
3956	4285
3956	1369
3956	1366
1127	1366
4289	6370
1372	6370
1375	6370
4313	1384
4313	1381
4313	4303
4313	6371
1131	6371
1131	4300
4300	6371
1379	6371
1134	1393
1133	1393
4316	1393
4316	4323
1385	4323
1385	1390
1258	1396
1137	2238
1136	2238
1136	6372
1394	6372
1396	6372
1255	6372
1254	6372
3988	1143
3988	5423
3988	6373
1140	6373
1139	6373
2239	6373
1246	6373
1245	6373
2243	6373
5421	6373
1146	1149
1146	6376
1146	6374
1145	6374
5424	6374
5424	6375
5422	6375
5422	5425
5425	6375
2246	6375
5430	6375
5430	6374
5430	6376
1152	6376
6377	6378
6377	6379
6377	6380
6379	6378
6379	6382
6379	6383
6380	6379
6380	6384
6381	6380
6381	6385
6381	2255
6381	5444
6377	5444
6377	2252
6378	2252
6378	2249
6378	2247
6378	5434
6382	5434
6382	1154
6382	1165
6382	1168
6383	1168
6383	2267
6384	2267
6384	2264
6385	2264
6385	5447
5447	2264
2258	2264
1165	1154
1158	1163
1171	2268
6392	6391
6392	6394
6392	5473
6392	6393
6392	6390
6392	5646
6392	2350
6391	2350
6391	5650
6391	6389
6391	1182
6391	4030
6394	4030
6394	1183
1182	6389
5572	6389
1174	6389
1174	5649
1174	6386
4016	6386
4016	6387
1173	6387
2266	6387
2266	6388
2265	6388
2270	6388
2270	6390
2270	6393
5470	6393
6390	6388
6390	5647
5647	6388
5647	6387
5648	6387
5648	6386
5649	6389
4026	1180
4026	5573
4026	4019
4019	5573
6395	6396
6397	6396
6397	6399
6397	6398
6395	6398
6395	2273
6395	2271
6395	5472
6396	5472
6396	5475
6396	5570
6399	5570
6399	5568
6399	4054
6399	4056
6398	4056
6398	4058
6398	1198
6398	2276
4054	5568
4052	5568
4052	5566
4050	5566
4050	1191
1195	1191
5570	5475
1186	5475
5571	1188
5571	6400
5569	6400
5569	6401
5567	6401
1189	6401
4037	6401
4037	6400
2282	2279
1201	1204
1201	1207
1201	2279
1201	5486
1200	5486
5494	2283
5494	1209
5494	4074
6403	6402
6403	6404
6403	6405
6403	1216
6403	2294
6403	5504
6402	5504
6402	2285
6402	5500
6404	5500
6404	5497
6404	5495
6405	5495
6405	4083
4083	5495
4083	1212
5495	5497
2281	5497
5504	2294
5504	2291
5511	2300
5511	2297
5511	6406
1219	6406
4085	6406
1218	6406
2295	6406
6408	6407
6408	6409
6408	4093
6408	4095
6408	2303
6408	5516
6407	5516
6407	2301
6407	5513
6409	5513
6409	1221
6409	4091
4091	1221
2303	4095
6410	6411
6410	6412
6410	6413
6410	6414
6410	6415
6410	6416
6416	6417
6411	6416
6411	6418
6411	1228
6411	4105
6412	4105
6412	1231
6413	1231
6413	5530
6413	5528
6414	5528
6414	2306
6414	5526
6415	5526
6415	5524
6415	6417
6417	5524
6417	5522
6417	2304
6418	2304
6418	1227
1234	2318
4108	2318
4108	5534
4108	5531
5531	5534
5529	5534
5529	2315
2307	2315
2307	2312
1237	1243
1237	2242
1236	2242
2319	2242
2319	5426
2321	5426
2321	2245
1249	1252
1248	1252
1405	1402
6419	6420
6419	6421
6419	4333
6419	4331
6419	4329
6420	4329
6420	4327
6420	4139
6421	4139
6421	4141
6421	6422
6421	4335
4335	6422
4337	6422
4337	4141
4337	4143
4339	4143
4339	6423
1408	6423
1264	6423
1261	6423
4139	4327
4139	1399
1260	1399
4331	4333
1267	1278
1266	1278
1409	1278
1409	1279
1270	1276
1282	1420
1282	6424
1281	6424
1412	6424
1412	1420
1412	1417
4177	1288
4177	1303
4177	4362
4177	1421
4177	1284
1306	1426
1306	4374
1305	4374
4364	4374
4364	6426
1419	6426
1419	6425
1418	6425
1423	6425
4370	6425
4370	6426
4372	6426
4389	1432
4389	1427
4389	4191
4191	1427
1427	1432
6428	6427
6428	6431
6429	6428
6429	6432
6427	6430
6431	6430
6431	6434
6432	6431
6432	6435
6433	6432
6435	6434
6435	6437
6436	6435
6438	6437
6438	6439
6438	4216
6436	4216
6436	1324
6433	1324
6433	4398
6429	4398
6429	1435
6429	4394
6428	4394
6427	4394
6427	1433
6427	4391
6427	1311
6430	1311
6430	4195
6434	4195
6434	4198
6437	4198
6437	4201
6439	4201
6439	1312
6439	1323
4212	1321
4212	1314
1327	1438
1327	4399
4399	1438
1330	1447
4409	1444
4409	6440
4409	1329
1329	6440
1439	6440
1441	6440
4406	6440
1333	1448
1446	1335
6441	6443
6442	6441
6442	6444
6443	6448
6444	6443
6444	6449
6445	6444
6445	6450
6446	6445
6448	6447
6448	6452
6449	6448
6449	6453
6450	6449
6450	6454
6451	6450
6453	6452
6454	6453
6454	6456
6455	6454
6455	6457
6455	4425
6455	1456
6451	1456
6451	4422
6446	4422
6446	1453
6446	4418
6446	6442
6442	4418
6442	1450
6441	1450
6441	1445
6443	1445
6443	4411
6443	6447
6447	4411
6447	1335
6447	4233
6452	4233
6456	4233
6456	1336
6456	1459
6457	1459
1339	1460
6461	6460
6462	6461
6463	6462
6464	6463
6465	6464
6460	6465
6465	6460
6465	1341
6465	1344
6465	1347
6465	1350
6464	1350
6464	6459
6463	6459
6463	1476
6463	1473
6463	6458
6462	6458
6462	4427
6461	4427
6461	1458
6460	1458
4427	6458
1457	6458
1457	1470
1457	1465
1470	6458
1476	6459
1353	6459
1356	1479
1356	1477
1359	1367
4276	1367
4276	6468
4276	6467
4276	1480
1480	6467
1482	6467
1482	6468
1485	6468
1368	6468
1362	1365
6469	6470
6471	6470
6471	6472
6471	4286
6471	4288
6471	4290
6469	4290
6469	1371
6469	1494
6470	1494
6470	1488
6470	1486
6472	1486
6472	1370
1488	1494
1374	1506
1374	1503
1373	1503
1373	1500
1495	1500
4306	1380
4306	6474
4306	6475
4306	6476
1377	6476
1377	1507
1507	6476
1509	6476
1509	6475
1509	6473
1512	6473
4505	6473
1515	6473
1515	6474
1518	6474
1518	1380
6474	6473
1383	1386
1383	1522
1522	1386
1524	1386
1527	1386
1527	1533
5417	1400
5417	4328
5417	6477
1389	6477
1388	6477
1534	6477
1536	6477
4527	6477
4527	4332
4332	6477
4330	6477
1392	1395
1392	1398
4324	1398
4324	5418
1403	1404
5413	1415
5413	1422
5413	1548
5413	1545
5413	4532
5413	6478
1404	6478
4528	6478
4528	1542
4528	1539
1542	6478
1422	1415
6479	6480
6479	6482
6481	6482
6481	6483
6481	1410
6481	1413
6481	5415
6479	5415
6479	1406
6479	4334
6480	4334
6480	4336
6482	4336
6482	4338
6483	4338
6483	4340
6483	1407
6484	6486
6487	6486
6487	6488
6487	1566
6487	1563
6487	1560
6484	1560
6484	1557
6484	6485
6484	4373
6486	4373
6486	4375
6488	4375
6488	1425
6488	1428
4373	6485
4371	6485
4371	1554
4371	1551
4371	1549
1554	6485
4396	1434
4396	1575
4396	6489
1431	6489
1431	1569
1431	1567
1569	6489
1572	6489
1575	1434
1440	1434
6491	6492
6491	6493
6491	6494
6491	6490
6491	1581
6492	1581
6492	1578
6492	4407
6493	4407
6493	1443
6494	1443
6494	1449
6494	1590
6490	1590
6490	1587
6490	4564
4564	1587
4407	1578
4407	1576
1452	1608
1452	1605
4420	1605
4420	1602
4420	4577
4420	6495
1451	6495
1591	6495
1591	1596
1596	6495
1599	6495
1455	1461
1455	1611
4423	1611
4423	1609
1464	1614
1463	1614
6496	6500
6497	6496
6497	6501
6498	6497
6498	6502
6499	6504
6500	6499
6500	6505
6501	6500
6501	6506
6502	6501
6503	6502
6505	6504
6506	6505
6506	6508
6507	6506
6507	6509
6507	1629
6507	1626
6503	1626
6503	1623
6503	4606
6498	4606
6498	1620
6498	4601
6497	4601
6496	4601
6496	1617
6496	4596
6496	6499
6499	4596
6499	1615
6504	1615
6504	1466
6504	1469
6504	1632
6508	1632
6508	4617
6509	4617
1472	1633
6511	6510
6512	6511
6513	6512
6515	6514
6511	6515
6516	6514
6513	6514
6513	1643
6513	1638
6513	1630
6513	4619
6512	4619
6512	1631
6511	1631
6511	1474
6510	1474
6510	1475
6510	1478
6510	1481
6515	1481
6514	1481
6514	1646
1646	1481
1630	1638
1484	1487
1484	6517
1483	6517
1650	6517
1654	6517
1659	6517
1659	1487
1490	1663
1493	1496
1493	4654
1492	4654
1661	4654
4654	1496
1665	1496
6519	6518
6519	6520
6519	4670
6519	1669
6519	1498
6519	1499
6518	1499
6518	1683
6518	1680
6518	6521
6520	6521
6520	1671
1671	6521
1674	6521
1677	6521
1502	1684
1505	1508
1505	4680
1505	6522
1504	6522
1682	6522
1681	6522
4680	1508
4682	1508
4682	4686
1686	4686
1511	1695
1511	4689
1511	1690
1511	4687
4689	1695
6524	6523
6524	6525
6524	6526
6524	1707
6524	4707
6524	1704
6523	1704
6523	1701
6523	1698
6525	1698
6525	1696
6525	1513
6526	1513
6526	4506
1707	4506
1713	1710
1517	1525
1517	1526
1517	6527
1516	6527
1708	6527
1710	6527
4712	6527
1716	6527
1719	6527
1520	1523
1529	1722
1528	1722
1532	1535
1531	1535
1723	1535
1725	1535
5408	1555
5408	1556
5408	6529
5408	6528
5410	6528
5410	4732
5410	1726
5410	1540
4732	6528
1728	6528
1731	6528
1731	6529
4738	6529
1544	1552
4534	1552
4534	6530
1543	6530
5411	6530
5409	6530
1553	6530
1547	1550
5406	1582
5406	4565
5406	6531
5406	6532
5406	4739
5406	1558
4739	6532
1732	6532
1732	6531
1734	6531
1583	6531
6533	6534
6535	6534
6535	1571
6535	1579
6535	1580
6533	1580
6533	5407
6533	1561
6534	1561
6534	1562
6534	1570
1565	1568
1574	1577
5402	1594
5402	4754
1586	4754
1586	4752
1585	4752
1735	4752
1735	4750
1737	4750
1740	4750
4754	1594
1589	1592
1589	5404
6536	6537
6536	6539
6537	6539
6537	4751
6537	4753
6538	4753
6538	4755
6538	6540
6538	4761
6538	1755
6536	1755
6536	1752
6536	1749
6539	1749
6539	1746
4751	1746
4761	6540
1758	6540
1758	1597
1597	6540
4769	1761
4769	4767
1601	4767
4579	4767
4579	1759
6542	6541
6542	6543
6542	6544
6542	1773
6542	4778
6542	4771
6541	4771
6541	1764
6541	1762
6541	5399
6543	5399
6543	1618
6543	4603
6544	4603
6544	1619
1773	1619
5399	1762
5399	4770
5399	1603
4771	4778
4773	4778
4773	1770
1607	1610
1607	4598
1607	6545
1606	6545
5400	6545
5400	6546
1616	6546
4598	6546
4598	1610
1782	1779
1622	1791
4608	1791
4608	1788
4608	1785
1621	1785
1777	1785
1625	1636
1625	1794
1625	4798
1624	4798
1794	1636
1628	1634
6547	6553
6548	6547
6548	6554
6549	6548
6549	6555
6550	6549
6551	6550
6551	6556
6553	6552
6553	6558
6554	6553
6555	6554
6555	6559
6556	6555
6557	6556
6557	6560
6559	6558
6560	6559
6561	6560
6562	6561
6563	6562
6558	6563
6563	6558
6563	1809
6563	4819
6563	1806
6562	1806
6562	1803
6561	1803
6557	1803
6557	1800
6551	1800
6551	4808
6550	4808
6550	1797
6550	4803
6549	4803
6549	1795
6548	1795
6547	1795
6547	1639
6553	1639
6553	1642
6552	1642
6552	1809
1645	1812
1645	4823
1644	4823
1648	1653
1648	1813
6566	6570
6567	6566
6567	6571
6568	6567
6569	6568
6565	6568
6570	6574
6571	6570
6572	6571
6573	6572
6569	6572
6575	6574
6573	6575
6576	6574
6576	1818
6576	1807
6576	4821
6573	4821
6573	1808
6569	1808
6569	4824
6565	4824
6565	1811
6565	1655
6565	1658
6568	1658
6568	4658
6567	4658
6567	1664
6566	1664
6566	1824
6570	1824
6570	1821
6574	1821
1807	1818
4671	1670
4671	1827
4671	1825
4671	1666
6578	6581
6579	6578
6580	6579
6577	6579
6582	6581
6583	6582
6580	6582
6583	6585
6583	4858
6583	1833
6580	1833
6580	4855
6577	4855
6577	1830
6577	1828
6577	1672
6579	1672
6579	1673
6578	1673
6578	1853
6578	1850
6581	1850
6581	1845
6585	1845
6585	6584
4858	6584
1836	6584
1839	6584
1842	6584
1853	1673
1676	1867
1676	1864
1675	1864
1675	1859
4683	1685
4683	6586
4681	6586
4681	6587
1679	6587
1678	6587
1868	6587
4898	6587
4898	6586
1870	6586
1873	6586
1691	1885
6589	6590
6588	6589
6590	6592
6591	6590
6593	6592
6593	6594
6593	1687
6593	1688
6591	1688
6591	4691
6588	4691
6588	1885
6588	1882
6588	4916
6589	4916
6589	4914
6589	4912
6590	4912
6590	4910
6592	4910
6592	1879
6592	4908
6594	4908
6594	1876
1687	1876
1886	1693
1694	1697
1694	6595
1694	6596
1693	6596
1888	6596
4926	6596
4926	6595
1891	6595
1897	1894
1700	1900
1700	1892
1892	1900
6598	6597
6598	6599
6598	1703
6598	4950
6598	4948
6598	4946
6597	4946
6597	4944
6597	4942
6597	1903
6599	1903
6599	1901
6599	1702
4942	4944
4942	1909
4948	4950
1706	1709
1706	1913
4708	1913
4708	4951
6600	6602
6600	6603
6600	4964
6600	6601
6600	4954
6602	4954
6602	4952
6602	6604
6602	4947
6603	4947
6603	4949
6603	4966
4966	4949
4966	1911
1712	1911
4947	6604
4945	6604
1910	6604
4954	6601
4956	6601
4956	4962
1915	4962
1918	4962
4962	6601
6605	6607
6605	6608
6605	4965
6605	4967
6607	4967
6607	1714
6607	4714
6607	1715
6608	1715
6608	4970
6608	6606
4965	6606
4963	6606
1922	6606
1718	1721
1718	6609
1717	6609
4973	6609
4973	6610
1920	6610
1920	1924
1924	6610
1924	4735
1739	4735
1739	1727
4735	6610
1724	6610
1724	6609
1730	1733
1729	1733
1742	1745
1742	1925
1748	1927
1748	1916
1747	1916
1747	1917
1751	1933
1751	1928
1928	1933
5387	1765
5387	4772
5387	4774
5387	6611
1754	6611
1753	6611
1934	6611
1936	6611
1939	6611
1766	6611
4768	1760
4768	6613
1757	6613
4763	6613
4763	6612
1756	6612
5388	6612
1763	6612
1763	6613
1778	1945
5383	1774
5383	6614
5383	4994
1769	4994
1768	4994
4994	6614
4996	6614
4996	6615
1942	6615
1945	6615
1775	6615
1774	6615
5385	1771
5385	4780
1780	1781
1944	1783
1784	1954
1784	6616
1783	6616
1943	6616
1948	6616
1948	6617
5004	6617
1951	6617
1954	6617
1787	1955
6619	6618
6619	6620
6619	6621
6619	5008
6619	1952
6619	1953
6618	1953
6618	1789
6618	4799
6620	4799
6620	1793
6620	4805
6621	4805
6621	1796
6621	1963
4799	1789
1952	5008
1952	1960
1799	1975
4810	1975
4810	1972
4810	1969
4810	1964
1964	1969
1802	1816
1802	6622
1801	6622
1801	5022
5022	6622
5024	6622
5024	1816
1805	1814
6624	6623
6625	6624
6625	6626
6627	6626
6627	6628
6627	5033
6627	1990
6625	1990
6625	5030
6625	1981
6625	1978
6624	1978
6623	1978
6623	1973
6623	1974
6623	5023
6626	5023
6628	5023
6628	5036
5036	5023
5036	5025
5039	5025
5039	1819
1993	1819
1996	1819
1981	5030
5026	5030
5026	1987
1823	1826
1823	1829
1822	1829
1832	1994
4856	1994
4856	1995
6630	6629
6630	6635
6631	6630
6631	6636
6632	6639
6633	6632
6634	6633
6634	6640
6635	6634
6636	6635
6636	6641
6637	6636
6637	6642
6638	6637
6640	6639
6641	6640
6642	6641
6643	6642
6644	6643
6639	6644
6644	6639
6644	4860
6644	1835
6643	1835
6638	1835
6638	2005
6638	2002
6637	2002
6631	2002
6631	5048
6631	1999
6630	1999
6630	1991
6629	1991
6629	5035
6635	5035
6634	5035
6634	5038
6633	5038
6633	5041
6632	5041
6632	1992
6632	1834
6639	1834
1838	2006
1841	2014
1840	2014
1840	2011
1840	6646
2004	6646
2003	6646
2008	6646
5064	6646
1844	2015
6647	6650
6648	6647
6649	6648
6649	6651
6650	6658
6651	6650
6652	6651
6652	6659
6653	6652
6654	6653
6655	6654
6656	6655
6657	6656
6658	6657
6659	6658
6660	6659
6655	6660
6654	6655
6654	5651
6654	5652
6654	5087
6654	2023
6653	2023
6653	5084
6653	6649
6649	5084
6649	5082
6648	5082
6648	5080
6647	5080
6647	2020
6647	2017
6647	5074
6650	5074
6650	5071
6658	5071
6657	5071
6657	2012
6657	2013
6656	2013
6656	1846
6656	5655
6656	2351
6655	2351
5655	1846
5655	1849
5654	1849
5653	1849
5653	2026
5652	2026
1852	2029
1852	5091
1851	5091
1855	1858
1855	2030
6663	6662
6663	6665
6665	6670
6666	6665
6666	6671
6667	6666
6664	6667
6664	6672
6664	6668
6669	6668
6671	6670
6671	6674
6672	6671
6673	6672
6668	6672
6673	6675
6673	5089
6673	2025
6673	5092
6669	5092
6669	2028
6669	1863
6669	5111
6664	5111
6664	2038
6667	2038
6667	6663
6663	2038
6663	2035
6662	2035
6662	2032
6662	5099
6662	5097
6665	5097
6670	5097
6670	5095
6670	2024
6674	2024
6674	5089
1863	2028
6677	6678
6677	6679
6677	5135
6677	5133
6677	6676
6678	6676
6678	5125
6678	6680
6679	6680
6679	2034
6679	5117
6679	1878
6679	5137
1878	5117
4909	5117
4909	2039
1877	2039
1869	2039
4901	2039
4901	5114
1866	5114
2034	6680
2033	6680
2041	6680
5123	6680
5125	6676
5127	6676
5127	5131
2044	5131
5131	6676
1872	1875
6681	6682
6681	6683
6681	4915
6681	4917
6681	2053
6681	5139
6682	5139
6682	2050
6682	5132
6682	5134
6683	5134
6683	6684
6683	4913
4913	6684
4913	5136
4911	5136
4911	5138
5136	6684
5132	2050
2053	4917
1884	1887
1883	1887
1883	6685
2054	6685
2056	6685
2059	6685
2059	1887
1890	1893
1890	5157
4927	5157
4927	5155
1889	5155
2063	5155
2063	5153
2065	5153
1895	1896
6686	6687
6686	6688
6686	5156
6686	5158
6686	2080
6686	5169
6687	5169
6687	6689
6688	6689
6688	2069
6688	5154
2069	6689
2071	6689
2074	6689
2077	6689
2080	5158
1899	1902
1898	1902
2081	1902
2083	1902
5196	2101
5196	2095
5196	2092
5196	2089
1905	2089
4943	2089
4943	2087
2095	2101
6690	6692
6691	6690
6691	6693
6691	5198
6691	1907
6691	1908
6691	4953
6691	4955
6690	4955
6690	4957
6692	4957
6692	1926
6692	1929
6693	1929
6693	2102
1926	4957
2104	2099
1932	1935
1931	1935
2100	1935
2094	2105
6694	6695
6694	6696
6694	6697
6694	2110
6694	2107
6694	2093
6695	2093
6695	2105
6695	1937
6695	1938
6696	1938
6696	4995
6697	4995
6697	4997
6697	6698
2110	6698
2113	6698
1947	6698
1941	6698
1950	1956
5005	1956
5005	6699
5005	2114
2114	6699
2116	6699
2119	6699
2122	6699
5374	1967
5374	2128
5374	2125
5374	5224
5374	5222
1959	5222
1958	5222
2128	1967
1962	1965
5009	1965
5009	5376
1971	1977
1970	1977
6700	6701
6700	6702
6700	5232
6700	2131
6700	2126
6701	2126
6701	2127
6701	1979
6702	1979
6702	1980
5237	2140
5237	6703
5237	5233
5237	5027
5027	5233
5233	6703
2132	6703
2134	6703
2137	6703
2143	2141
1986	2152
1986	5255
1985	5255
5239	5255
5239	5253
5239	6704
2141	6704
2141	5251
2146	5251
5251	6704
1989	1998
1989	6705
5031	6705
1988	6705
2153	6705
2153	1998
2001	2007
5050	2007
5050	2167
5050	2164
5050	6706
2000	6706
2156	6706
2158	6706
2161	6706
6708	6707
6708	6709
6708	6710
6708	5295
6708	5279
6708	2173
6707	2173
6707	2170
6707	5277
6707	5065
6709	5065
6709	5073
6710	5073
6710	5076
5295	5076
5073	5065
5065	5277
5065	2168
5279	5295
5279	5293
5281	5293
5283	5293
5283	5291
2176	5291
2176	2185
2179	2185
2019	2186
2019	6711
2018	6711
5296	6711
5294	6711
5292	6711
6712	6714
6713	6712
6713	6715
6716	6715
6716	6717
6716	5098
6716	5100
6713	5100
6713	2040
6713	5301
6712	5301
6712	2183
6712	2184
6714	2184
6714	2021
6714	5081
6715	5081
6715	5083
6717	5083
6717	5085
6717	5096
5096	5085
2040	5100
5118	2036
5118	6718
2037	6718
6720	6719
6720	6721
6720	6722
6720	5126
6720	5128
6719	5128
6719	5309
6719	2188
6721	2188
6721	2180
6721	2181
6721	5304
6722	5304
6722	2042
6722	5124
5309	5128
2191	5128
6723	6724
6725	6724
6725	6726
6725	6727
6725	2049
6725	5371
6723	5371
6723	2057
6723	5315
6723	5313
6724	5313
6724	2197
6724	2194
6726	2194
6726	2192
6727	2192
6727	2045
6727	2046
5315	2057
2052	2055
5140	2055
5140	5372
6728	6729
6728	6730
6728	5314
6728	5316
6728	2060
6728	2061
6728	2064
6729	2064
6729	2224
6729	6731
6730	6731
6730	2200
6730	2198
2200	6731
2203	6731
2148	6731
2147	6731
2067	2070
2067	6732
2066	6732
2225	6732
5355	6732
2227	6732
2230	6732
2073	2231
6733	6734
6735	6734
6735	6736
6735	2133
6735	2228
6733	2228
6733	2229
6733	2075
6733	2076
6733	2233
6733	2120
6733	2121
6734	2121
6734	5223
6734	5225
6736	5225
6736	2130
2130	5225
2079	2082
2079	5369
5172	5369
2078	5369
2078	5367
2234	5367
2115	5367
2115	6737
2112	6737
2111	6737
2085	2088
2085	6738
2084	6738
5370	6738
5368	6738
2109	6738
2108	6738
2091	2106
2097	2103
2118	2232
2136	2144
2136	6739
2135	6739
2226	6739
5356	6739
5356	2144
5356	2145
2138	2139
6740	6741
6740	6742
6740	2209
6740	2206
6740	5252
6740	5254
6741	5254
6741	6743
6742	6743
6742	2215
6742	2212
2215	6743
2218	6743
2157	6743
2157	2151
2151	6743
5256	6743
5252	2206
5252	2204
2160	2219
2163	2171
2163	6745
2162	6745
2217	6745
2217	6744
2216	6744
5337	6744
2172	6744
2172	6745
5278	2169
5278	2165
5341	2221
5341	6746
5341	5284
5284	6746
5282	6746
5282	5338
5280	5338
5338	6746
5338	5339
5338	2213
5339	6746
2178	2187
2178	6747
2177	6747
5342	6747
5342	5343
5343	6747
2190	2193
2190	6748
5310	6748
2189	6748
5344	6748
5344	5345
2220	5345
5340	5345
5340	2210
5345	6748
2196	2199
2196	6749
2195	6749
5346	6749
2208	6749
2207	6749
2202	2205
2251	2324
2251	2314
2251	2322
2314	2324
2254	2327
5445	2327
5445	2325
6750	6751
6750	6752
6751	6754
6752	6751
6752	6755
6752	6756
6753	6752
6754	6758
6755	6754
6755	6759
6756	6755
6756	6760
6757	6756
6759	6758
6759	6762
6760	6759
6761	6760
6761	6763
6763	6762
6764	6763
6764	6765
6764	5499
6764	5502
6761	5502
6761	2284
6757	2284
6753	2284
6753	2330
6750	2330
6750	2328
6750	2256
6751	2256
6751	5449
6754	5449
6754	2257
6758	2257
6758	2336
6758	2274
6762	2274
6762	2275
6762	5488
6765	5488
6765	2278
2260	2337
2263	2269
2262	2269
2335	2269
2287	2333
2287	6766
5505	6766
5505	6767
2286	6767
2286	6766
2331	6766
6769	6768
6769	6771
6770	6769
6770	6772
6770	5518
6770	5523
6770	5525
6769	5525
6768	5525
6768	5527
6768	2334
6768	2289
6771	2289
6771	2290
6771	2298
6772	2298
6772	2299
2334	5527
2308	5527
5523	5518
2293	2296
2311	2323
2310	2323
2310	2326
2310	2329
2317	2320
5535	2320
0	2354
2354	2356
2354	1
1	2357
2355	2356
2356	2358
2356	2357
2357	3
4	2359
2359	2361
2359	5
5	2362
2360	2361
2361	2363
2361	2362
2362	6
7	2364
2364	2365
2364	8
8	9
10	11
11	12
13	2366
2366	2368
2366	14
14	2369
2367	2368
2368	2371
2368	2369
2369	2372
2370	2371
2371	2373
2371	2372
2372	15
16	17
17	18
19	2374
2374	2376
2374	20
20	2377
2375	2376
2376	2378
2376	2377
2377	2
20	18
18	21
22	2379
2379	2382
2379	2380
2380	2383
2380	23
23	2384
2381	2382
2382	2385
2382	2383
2383	2386
2383	2384
2384	24
25	2387
2387	2389
2387	26
26	2390
2388	2389
2389	2391
2389	2390
2390	27
28	2392
2392	2393
2392	29
29	30
31	2394
2394	2397
2394	2395
2395	2398
2395	2396
2396	2399
2396	32
32	33
34	2400
2400	2403
2400	2401
2401	2404
2401	2402
2402	2405
2402	35
35	36
37	2406
2406	2407
2406	38
38	39
40	2408
2408	2410
2408	41
41	2411
2409	2410
2410	2412
2410	2411
2411	42
43	2413
2413	2414
2413	44
44	1
44	42
42	2416
2415	2416
2416	45
46	47
47	48
49	50
50	2418
2417	2418
2418	51
52	53
53	54
55	56
56	2420
2419	2420
2420	2422
2421	2422
2422	2424
2423	2424
2424	57
58	2425
2425	2426
2425	59
59	60
61	2427
2427	2429
2427	2428
2428	2430
2428	62
62	63
64	2431
2431	2432
2431	65
65	11
65	2433
2433	2435
2433	2434
2434	2436
2434	63
63	66
67	68
68	14
68	2437
2437	2439
2437	2438
2438	2440
2438	66
66	69
70	2441
2441	2442
2441	71
71	72
73	2443
2443	2444
2443	74
74	75
76	2445
2445	2447
2445	77
77	2448
2446	2447
2447	2449
2447	2448
2448	78
79	2450
2450	2451
2450	80
80	81
82	83
83	17
83	2452
2452	2454
2452	2453
2453	2455
2453	81
81	23
80	78
78	84
85	86
86	87
88	89
89	90
91	2456
2456	2458
2456	2457
2457	2459
2457	92
92	93
94	2460
2460	2461
2460	95
95	96
97	2462
2462	2464
2462	98
98	2465
2463	2464
2464	2467
2464	2465
2465	2468
2466	2467
2467	2469
2467	2468
2468	99
100	2470
2470	2472
2470	101
101	2473
2471	2472
2472	2474
2472	2473
2473	102
103	2475
2475	2476
2475	104
104	105
106	2477
2477	2479
2477	2478
2478	2480
2478	107
107	108
109	110
110	111
112	2481
2481	2484
2481	2482
2482	2485
2482	113
113	2486
2483	2484
2484	2487
2484	2485
2485	2488
2485	2486
2486	114
115	2489
2489	2490
2489	116
116	117
118	119
119	2492
2491	2492
2492	26
119	2493
2493	2494
2493	117
117	29
116	2495
2495	2497
2495	2496
2496	2498
2496	114
114	120
121	2499
2499	2501
2499	2500
2500	2502
2500	122
122	123
124	2503
2503	2506
2503	2504
2504	2507
2504	2505
2505	2508
2505	125
125	126
127	2509
2509	2512
2509	2510
2510	2513
2510	2511
2511	2514
2511	128
128	32
128	126
126	2516
2515	2516
2516	129
130	131
131	132
133	134
134	2518
2517	2518
2518	2520
2519	2520
2520	2522
2521	2522
2522	135
136	137
137	50
137	2523
2523	2524
2523	135
135	138
139	140
140	53
140	2525
2525	2526
2525	138
138	141
142	2527
2527	2528
2527	143
143	144
145	146
146	2530
2529	2530
2530	56
146	2531
2531	2532
2531	144
144	147
148	149
149	150
151	152
152	2534
2533	2534
2534	2536
2535	2536
2536	59
152	150
150	2538
2537	2538
2538	153
154	2539
2539	2540
2539	155
155	156
157	2541
2541	2542
2541	158
158	62
158	156
156	159
160	161
161	162
163	164
164	165
166	167
167	71
167	165
165	168
169	170
170	2544
2543	2544
2544	74
170	2545
2545	2546
2545	168
168	171
172	2547
2547	2550
2547	2548
2548	2551
2548	2549
2549	2552
2549	173
173	174
175	2553
2553	2554
2553	176
176	177
178	179
179	180
181	2555
2555	2556
2555	182
182	183
184	2557
2557	2558
2557	185
185	186
187	2559
2559	2560
2559	188
188	77
188	186
186	2562
2561	2562
2562	86
185	183
183	189
190	2563
2563	2565
2563	2564
2564	2566
2564	191
191	192
193	2567
2567	2569
2567	2568
2568	2570
2568	194
194	195
196	197
197	89
197	2571
2571	2573
2571	2572
2572	2574
2572	195
195	92
194	192
192	2576
2575	2576
2576	2578
2577	2578
2578	198
199	2579
2579	2580
2579	200
200	201
202	2581
2581	2583
2581	203
203	2584
2582	2583
2583	2585
2583	2584
2584	204
205	2586
2586	2587
2586	206
206	207
208	2588
2588	2591
2588	2589
2589	2592
2589	2590
2590	2593
2590	209
209	95
209	2594
2594	2596
2594	207
207	2597
2595	2596
2596	2598
2596	2597
2597	210
211	212
212	2600
2599	2600
2600	213
214	2601
2601	2603
2601	215
215	2604
2602	2603
2603	2605
2603	2604
2604	216
217	218
218	104
218	216
216	107
215	213
213	219
220	2606
2606	2608
2606	2607
2607	2609
2607	221
221	222
227	226
223	225
228	2610
2610	2614
2610	2611
2611	2615
2611	2612
2612	2616
2612	2613
2613	2617
2613	229
229	230
231	2618
2618	2619
2618	232
232	233
234	2620
2620	2622
2620	235
235	2623
2621	2622
2622	2624
2622	2623
2623	110
235	2625
2625	2626
2625	233
233	236
237	2627
2627	2629
2627	2628
2628	2630
2628	238
238	113
238	2631
2631	2633
2631	2632
2632	2634
2632	236
236	239
240	2635
2635	2636
2635	241
241	242
243	244
244	2638
2637	2638
2638	2640
2639	2640
2640	2642
2641	2642
2642	2644
2643	2644
2644	245
246	247
247	248
249	250
250	122
250	248
248	251
252	2645
2645	2647
2645	2646
2646	2648
2646	253
253	125
253	2649
2649	2652
2649	2650
2650	2653
2650	2651
2651	2654
2651	251
251	254
255	256
256	131
256	2655
2655	2658
2655	2656
2656	2659
2656	2657
2657	2660
2657	254
254	257
258	2661
2661	2663
2661	2662
2662	2664
2662	259
259	260
261	262
262	2666
2665	2666
2666	2668
2667	2668
2668	263
264	2669
2669	2670
2669	265
265	266
267	2671
2671	2673
2671	268
268	2674
2672	2673
2673	2675
2673	2674
2674	134
268	266
266	2677
2676	2677
2677	2679
2678	2679
2679	2681
2680	2681
2681	143
265	2682
2682	2684
2682	2683
2683	2685
2683	263
263	269
270	2686
2686	2688
2686	271
271	2689
2687	2688
2688	2690
2688	2689
2689	272
273	2691
2691	2692
2691	274
274	149
274	272
272	275
276	2693
2693	2695
2693	277
277	2696
2694	2695
2695	2697
2695	2696
2696	278
279	280
280	155
280	278
278	281
282	283
283	284
285	286
286	2699
2698	2699
2699	161
286	2700
2700	2701
2700	284
284	287
288	289
289	2703
2702	2703
2703	2705
2704	2705
2705	290
291	292
292	293
294	295
295	2707
2706	2707
2707	164
295	2708
2708	2709
2708	293
293	296
297	2710
2710	2711
2710	298
298	173
298	296
296	2713
2712	2713
2713	2715
2714	2715
2715	2717
2716	2717
2717	2719
2718	2719
2719	2721
2720	2721
2721	299
300	2722
2722	2725
2722	2723
2723	2726
2723	2724
2724	2727
2724	301
301	302
303	2728
2728	2729
2728	304
304	305
176	309
306	308
307	2730
2730	2732
2730	2731
2731	2733
2731	305
305	310
311	312
312	313
314	2734
2734	2735
2734	315
315	316
317	2736
2736	2737
2736	318
318	319
320	2738
2738	2740
2738	321
321	2741
2739	2740
2740	2742
2740	2741
2741	322
323	324
324	179
324	2743
2743	2745
2743	2744
2744	2746
2744	322
322	325
326	2747
2747	2749
2747	2748
2748	2750
2748	327
327	328
329	330
330	182
330	2751
2751	2753
2751	2752
2752	2754
2752	328
328	191
327	2755
2755	2757
2755	2756
2756	2758
2756	325
325	331
332	333
333	334
335	2759
2759	2760
2759	336
336	337
338	339
339	340
341	2761
2761	2762
2761	342
342	200
342	340
340	2764
2763	2764
2764	343
344	345
345	346
347	2765
2765	2767
2765	2766
2766	2768
2766	348
348	349
350	2769
2769	2771
2769	2770
2770	2772
2770	351
351	352
353	354
354	2774
2773	2774
2774	355
356	357
357	2776
2775	2776
2776	203
357	355
355	358
359	360
360	361
362	2777
2777	2778
2777	363
363	206
363	2779
2779	2780
2779	361
361	364
365	2781
2781	2782
2781	366
366	367
368	2783
2783	2784
2783	369
369	370
371	372
372	212
372	2785
2785	2787
2785	2786
2786	2788
2786	370
370	221
369	367
367	373
374	2789
2789	2790
2789	375
375	224
375	2791
2791	2793
2791	373
373	2794
2792	2793
2793	2796
2793	2794
2794	2797
2795	2796
2796	2798
2796	2797
2797	376
377	2799
2799	2801
2799	378
378	2802
2800	2801
2801	2804
2801	2802
2802	2805
2803	2804
2804	2806
2804	2805
2805	379
380	381
381	382
383	2807
2807	2809
2807	384
384	2810
2808	2809
2809	2812
2809	2810
2810	2813
2811	2812
2812	2814
2812	2813
2813	385
386	387
387	229
387	385
385	388
389	2815
2815	2817
2815	2816
2816	2818
2816	390
390	232
390	2819
2819	2822
2819	2820
2820	2823
2820	2821
2821	2824
2821	388
388	391
392	2825
2825	2826
2825	393
393	241
393	2827
2827	2829
2827	2828
2828	2830
2828	391
391	394
395	396
396	397
398	2831
2831	2833
2831	2832
2832	2834
2832	399
399	244
399	2835
2835	2836
2835	397
397	400
401	402
402	403
404	2837
2837	2838
2837	405
405	406
407	408
408	409
410	411
411	2840
2839	2840
2840	2842
2841	2842
2842	247
411	409
409	2844
2843	2844
2844	2846
2845	2846
2846	2848
2847	2848
2848	412
413	414
414	259
414	412
412	415
416	2849
2849	2851
2849	417
417	2852
2850	2851
2851	2854
2851	2852
2852	2855
2853	2854
2854	2856
2854	2855
2855	418
419	420
420	421
422	423
423	424
425	2857
2857	2859
2857	2858
2858	2860
2858	426
426	427
428	2861
2861	2863
2861	2862
2862	2864
2862	429
429	430
431	432
432	2866
2865	2866
2866	2868
2867	2868
2868	433
434	2869
2869	2872
2869	2870
2870	2873
2870	2871
2871	2874
2871	435
435	262
435	2875
2875	2877
2875	2876
2876	2878
2876	433
433	436
437	2879
2879	2881
2879	2880
2880	2882
2880	438
438	439
440	2883
2883	2884
2883	441
441	442
443	2885
2885	2888
2885	2886
2886	2889
2886	444
444	2890
2887	2888
2888	2891
2888	2889
2889	2892
2889	2890
2890	445
446	2893
2893	2894
2893	447
447	271
447	2895
2895	2897
2895	445
445	2898
2896	2897
2897	2899
2897	2898
2898	277
444	442
442	448
449	450
450	2901
2900	2901
2901	2903
2902	2903
2903	2905
2904	2905
2905	2907
2906	2907
2907	2909
2908	2909
2909	2911
2910	2911
2911	2913
2912	2913
2913	2915
2914	2915
2915	283
450	448
448	451
452	2916
2916	2917
2916	453
453	454
455	456
456	457
458	459
459	2919
2918	2919
2919	2921
2920	2921
2921	2923
2922	2923
2923	2925
2924	2925
2925	2927
2926	2927
2927	2929
2928	2929
2929	2931
2930	2931
2931	2933
2932	2933
2933	460
461	462
462	289
462	460
460	2935
2934	2935
2935	463
464	465
465	466
467	468
468	2937
2936	2937
2937	2939
2938	2939
2939	2941
2940	2941
2941	292
468	466
466	2943
2942	2943
2943	2945
2944	2945
2945	2947
2946	2947
2947	2949
2948	2949
2949	2951
2950	2951
2951	469
470	471
471	2953
2952	2953
2953	2955
2954	2955
2955	2957
2956	2957
2957	472
473	2958
2958	2961
2958	2959
2959	2962
2959	2960
2960	2963
2960	474
474	301
474	2964
2964	2966
2964	2965
2965	2967
2965	472
472	475
476	2968
2968	2970
2968	2969
2969	2971
2969	477
477	478
479	2972
2972	2974
2972	2973
2973	2975
2973	480
480	441
480	478
478	453
477	475
475	456
471	469
469	481
482	483
483	2977
2976	2977
2977	459
483	2978
2978	2980
2978	481
481	2981
2979	2980
2980	2983
2980	2981
2981	2984
2982	2983
2983	2985
2983	2984
2984	465
438	436
436	2987
2986	2987
2987	2989
2988	2989
2989	2991
2990	2991
2991	318
432	2992
2992	2995
2992	2993
2993	2996
2993	430
430	2997
2994	2995
2995	2998
2995	2996
2996	2999
2996	2997
2997	484
485	3000
3000	3002
3000	3001
3001	3003
3001	486
486	487
488	3004
3004	3007
3004	3005
3005	3008
3005	3006
3006	3009
3006	489
489	321
489	487
487	490
491	3010
3010	3012
3010	3011
3011	3013
3011	492
492	493
494	3014
3014	3016
3014	3015
3015	3017
3015	495
495	496
497	3018
3018	3020
3018	3019
3019	3021
3019	498
498	499
500	3022
3022	3023
3022	501
501	502
503	3024
3024	3025
3024	504
504	333
504	502
502	336
501	3026
3026	3028
3026	3027
3027	3029
3027	499
499	505
506	507
507	339
507	3030
3030	3032
3030	3031
3031	3033
3031	505
505	508
509	3034
3034	3036
3034	3035
3035	3037
3035	510
510	511
512	513
513	345
513	3038
3038	3041
3038	3039
3039	3042
3039	3040
3040	3043
3040	511
511	514
515	3044
3044	3046
3044	3045
3045	3047
3045	516
516	517
518	3048
3048	3050
3048	3049
3049	3051
3049	519
519	348
519	3052
3052	3053
3052	517
517	520
521	522
522	523
524	525
525	351
525	3054
3054	3055
3054	523
523	526
527	3056
3056	3057
3056	528
528	529
530	531
531	3059
3058	3059
3059	3061
3060	3061
3061	3063
3062	3063
3063	532
533	3064
3064	3065
3064	534
534	535
536	3066
3066	3069
3066	3067
3067	3070
3067	537
537	3071
3068	3069
3069	3072
3069	3070
3070	3073
3070	3071
3071	538
539	3074
3074	3076
3074	3075
3075	3077
3075	540
540	354
540	538
538	3079
3078	3079
3079	3081
3080	3081
3081	541
542	3082
3082	3083
3082	543
543	378
543	3084
3084	3086
3084	3085
3085	3087
3085	541
541	537
534	3088
3088	3089
3088	532
532	544
545	3090
3090	3091
3090	546
546	547
548	3092
3092	3093
3092	549
549	550
551	3094
3094	3095
3094	552
552	553
554	3096
3096	3097
3096	555
555	556
557	3098
3098	3099
3098	558
558	559
560	561
561	381
561	3100
3100	3102
3100	3101
3101	3103
3101	559
559	562
563	564
564	384
564	3104
3104	3106
3104	3105
3105	3107
3105	562
562	565
566	3108
3108	3110
3108	3109
3109	3111
3109	567
567	568
570	573
573	3113
3113	572
569	3114
3114	3115
3114	571
574	3116
3116	3119
3116	3117
3117	3120
3117	3118
3118	3121
3118	575
575	576
581	580
577	579
582	3122
3122	3125
3122	3123
3123	3126
3123	3124
3124	3127
3124	583
583	584
585	3128
3128	3131
3128	3129
3129	3132
3129	3130
3130	3133
3130	586
586	396
586	584
584	587
588	3134
3134	3135
3134	589
589	590
591	3136
3136	3137
3136	592
592	593
594	3138
3138	3140
3138	595
595	3141
3139	3140
3140	3142
3140	3141
3141	402
595	593
593	596
597	3143
3143	3144
3143	598
598	405
598	3145
3145	3146
3145	596
596	599
600	3147
3147	3149
3147	3148
3148	3150
3148	601
601	602
603	604
604	3152
3151	3152
3152	3154
3153	3154
3154	3156
3155	3156
3156	408
604	3157
3157	3159
3157	3158
3158	3160
3158	602
602	605
606	3161
3161	3163
3161	3162
3162	3164
3162	607
607	608
609	3165
3165	3167
3165	3166
3166	3168
3166	610
610	611
612	613
613	423
613	3169
3169	3171
3169	3170
3170	3172
3170	611
611	426
610	608
608	3174
3173	3174
3174	614
615	3175
3175	3178
3175	3176
3176	3179
3176	616
616	3180
3177	3178
3178	3181
3178	3179
3179	3182
3179	3180
3180	617
618	3183
3183	3184
3183	619
619	429
619	3185
3185	3186
3185	617
617	620
621	3187
3187	3188
3187	622
622	623
624	3189
3189	3191
3189	3190
3190	3192
3190	625
625	626
627	628
628	486
628	3193
3193	3195
3193	3194
3194	3196
3194	626
626	492
625	623
623	629
630	3197
3197	3198
3197	631
631	632
633	634
634	635
636	3199
3199	3201
3199	3200
3200	3202
3200	637
637	638
639	3203
3203	3205
3203	3204
3204	3206
3204	640
640	641
642	3207
3207	3209
3207	643
643	3210
3208	3209
3209	3211
3209	3210
3210	495
643	3212
3212	3215
3212	3213
3213	3216
3213	3214
3214	3217
3214	641
641	644
645	3218
3218	3222
3218	3219
3219	3223
3219	3220
3220	3224
3220	3221
3221	3225
3221	646
646	647
648	649
649	3227
3226	3227
3227	3229
3228	3229
3229	498
649	3230
3230	3233
3230	3231
3231	3234
3231	3232
3232	3235
3232	647
647	650
651	3236
3236	3239
3236	3237
3237	3240
3237	3238
3238	3241
3238	652
652	653
654	655
655	3243
3242	3243
3243	3245
3244	3245
3245	510
655	3246
3246	3250
3246	3247
3247	3251
3247	3248
3248	3252
3248	3249
3249	3253
3249	653
653	656
657	3254
3254	3256
3254	658
658	3257
3255	3256
3256	3258
3256	3257
3257	516
658	3259
3259	3263
3259	3260
3260	3264
3260	3261
3261	3265
3261	3262
3262	3266
3262	656
656	659
661	664
664	3268
3268	663
660	3269
3269	3270
3269	662
665	3271
3271	3272
3271	666
666	667
668	3273
3273	3274
3273	669
669	522
669	667
667	528
672	671
666	670
673	3275
3275	3277
3275	3276
3276	3278
3276	674
674	675
676	677
677	678
679	3279
3279	3280
3279	680
680	531
680	3281
3281	3282
3281	678
678	681
682	3283
3283	3284
3283	683
683	684
685	3285
3285	3287
3285	686
686	3288
3286	3287
3287	3289
3287	3288
3288	687
688	3290
3290	3291
3290	689
689	546
689	687
687	549
686	684
684	3293
3292	3293
3293	3295
3294	3295
3295	3297
3296	3297
3297	552
683	681
681	690
691	692
692	693
694	3298
3298	3301
3298	3299
3299	3302
3299	3300
3300	3303
3300	695
695	696
697	698
698	3305
3304	3305
3305	3307
3306	3307
3307	3309
3308	3309
3309	3311
3310	3311
3311	3313
3312	3313
3313	555
698	3314
3314	3316
3314	3315
3315	3317
3315	696
696	699
700	701
701	3319
3318	3319
3319	3321
3320	3321
3321	702
703	3322
3322	3323
3322	704
704	705
706	3324
3324	3326
3324	707
707	3327
3325	3326
3326	3328
3326	3327
3327	708
709	710
710	3330
3329	3330
3330	558
710	3331
3331	3332
3331	708
708	711
712	713
713	567
713	3333
3333	3334
3333	711
711	570
707	3335
3335	3337
3335	705
705	3338
3336	3337
3337	3339
3337	3338
3338	714
715	3340
3340	3343
3340	3341
3341	3344
3341	3342
3342	3345
3342	716
716	717
718	719
719	720
721	3346
3346	3348
3346	722
722	3349
3347	3348
3348	3350
3348	3349
3349	723
724	725
725	575
725	723
723	578
722	720
720	726
727	3351
3351	3352
3351	728
728	729
730	3353
3353	3356
3353	3354
3354	3357
3354	731
731	3358
3355	3356
3356	3359
3356	3357
3357	3360
3357	3358
3358	732
733	3361
3361	3363
3361	3362
3362	3364
3362	734
734	735
740	739
736	738
741	3365
3365	3369
3365	3366
3366	3370
3366	3367
3367	3371
3367	3368
3368	3372
3368	742
742	743
745	583
583	3374
3374	747
744	3375
3375	3376
3375	746
745	743
743	748
749	3377
3377	3378
3377	750
750	589
750	3379
3379	3380
3379	748
748	742
737	3381
3381	3384
3381	3382
3382	3385
3382	3383
3383	3386
3383	735
735	751
752	753
753	3388
3387	3388
3388	3390
3389	3390
3390	607
753	3391
3391	3393
3391	3392
3392	3394
3392	751
751	754
755	3395
3395	3397
3395	3396
3396	3398
3396	756
756	616
756	3399
3399	3400
3399	754
754	757
758	3401
3401	3404
3401	3402
3402	3405
3402	3403
3403	3406
3403	759
759	760
761	3407
3407	3410
3407	3408
3408	3411
3408	762
762	3412
3409	3410
3410	3413
3410	3411
3411	3414
3411	3412
3412	763
764	3415
3415	3418
3415	3416
3416	3419
3416	765
765	3420
3417	3418
3418	3421
3418	3419
3419	3422
3419	3420
3420	766
767	768
768	634
768	3423
3423	3425
3423	3424
3424	3426
3424	766
766	769
770	3427
3427	3428
3427	771
771	637
771	769
769	3430
3429	3430
3430	3432
3431	3432
3432	772
773	3433
3433	3435
3433	3434
3434	3436
3434	774
774	775
776	3437
3437	3439
3437	777
777	3440
3438	3439
3439	3442
3439	3440
3440	3443
3441	3442
3442	3444
3442	3443
3443	778
779	780
780	640
780	3445
3445	3446
3445	778
778	781
782	3447
3447	3448
3447	783
783	646
783	781
781	3450
3449	3450
3450	784
785	786
786	3452
3451	3452
3452	3454
3453	3454
3454	3456
3455	3456
3456	787
788	789
789	652
789	3457
3457	3458
3457	787
787	790
791	792
792	793
794	795
795	796
797	3459
3459	3460
3459	798
798	799
800	801
801	661
801	3461
3461	3462
3461	799
799	802
803	3463
3463	3464
3463	804
804	805
806	3465
3465	3467
3465	3466
3466	3468
3466	807
807	808
809	3469
3469	3470
3469	810
810	811
812	3471
3471	3473
3471	3472
3472	3474
3472	813
813	814
815	3475
3475	3476
3475	816
816	817
818	3477
3477	3479
3477	3478
3478	3480
3478	819
819	674
819	817
817	820
821	3481
3481	3484
3481	3482
3482	3485
3482	3483
3483	3486
3483	822
822	823
824	3487
3487	3489
3487	3488
3488	3490
3488	825
825	826
827	828
828	829
830	3491
3491	3493
3491	3492
3492	3494
3492	831
831	677
831	3495
3495	3497
3495	3496
3496	3498
3496	829
829	832
833	834
834	692
834	3499
3499	3502
3499	3500
3500	3503
3500	3501
3501	3504
3501	832
832	835
836	3505
3505	3507
3505	3506
3506	3508
3506	837
837	838
839	3509
3509	3512
3509	3510
3510	3513
3510	3511
3511	3514
3511	840
840	695
840	838
838	841
842	3515
3515	3517
3515	3516
3516	3518
3516	843
843	844
849	848
845	847
850	3519
3519	3522
3519	3520
3520	3523
3520	3521
3521	3524
3521	851
851	852
853	3525
3525	3528
3525	3526
3526	3529
3526	3527
3527	3530
3527	854
854	855
856	857
857	3532
3531	3532
3532	3534
3533	3534
3534	3536
3535	3536
3536	858
859	3537
3537	3538
3537	860
860	861
862	3539
3539	3542
3539	3540
3540	3543
3540	863
863	3544
3541	3542
3542	3545
3542	3543
3543	3546
3543	3544
3544	701
863	3547
3547	3548
3547	861
861	704
860	3549
3549	3550
3549	858
858	864
865	3551
3551	3553
3551	866
866	3554
3552	3553
3553	3555
3553	3554
3554	867
868	3556
3556	3557
3556	869
869	716
869	867
867	870
871	872
872	873
874	875
875	876
877	3558
3558	3559
3558	878
878	879
880	881
881	3561
3560	3561
3561	882
883	3562
3562	3564
3562	884
884	3565
3563	3564
3564	3567
3564	3565
3565	3568
3566	3567
3567	3570
3567	3568
3568	3571
3569	3570
3570	3572
3570	3571
3571	885
886	3573
3573	3574
3573	887
887	888
889	890
890	891
892	3575
3575	3578
3575	3576
3576	3579
3576	3577
3577	3580
3577	893
893	734
893	3581
3581	3584
3581	3582
3582	3585
3582	3583
3583	3586
3583	891
891	894
895	3587
3587	3589
3587	3588
3588	3590
3588	896
896	759
896	3591
3591	3592
3591	894
894	897
898	3593
3593	3597
3593	3594
3594	3598
3594	3595
3595	3599
3595	899
899	3600
3596	3597
3597	3601
3597	3598
3598	3602
3598	3599
3599	3603
3599	3600
3600	900
901	3604
3604	3606
3604	3605
3605	3607
3605	902
902	903
904	3608
3608	3610
3608	3609
3609	3611
3609	905
905	906
907	908
908	3613
3612	3613
3613	762
908	3614
3614	3616
3614	3615
3615	3617
3615	906
906	909
910	3618
3618	3620
3618	3619
3619	3621
3619	911
911	912
913	3622
3622	3623
3622	914
914	765
914	3624
3624	3627
3624	3625
3625	3628
3625	3626
3626	3629
3626	912
912	915
916	3630
3630	3632
3630	3631
3631	3633
3631	917
917	774
917	3634
3634	3636
3634	915
915	3637
3635	3636
3636	3638
3636	3637
3637	918
919	3639
3639	3641
3639	3640
3640	3642
3640	920
920	921
922	3643
3643	3644
3643	923
923	924
925	3645
3645	3648
3645	3646
3646	3649
3646	3647
3647	3650
3647	926
926	777
926	3651
3651	3653
3651	3652
3652	3654
3652	924
924	927
928	3655
3655	3657
3655	3656
3656	3658
3656	929
929	930
931	932
932	933
934	935
935	3660
3659	3660
3660	786
935	933
933	936
937	3661
3661	3664
3661	3662
3662	3665
3662	938
938	3666
3663	3664
3664	3667
3664	3665
3665	3668
3665	3666
3666	939
940	3669
3669	3671
3669	3670
3670	3672
3670	941
941	942
943	3673
3673	3676
3673	3674
3674	3677
3674	944
944	3678
3675	3676
3676	3679
3676	3677
3677	3680
3677	3678
3678	945
946	3681
3681	3683
3681	947
947	3684
3682	3683
3683	3686
3683	3684
3684	3687
3685	3686
3686	3688
3686	3687
3687	948
949	3689
3689	3691
3689	3690
3690	3692
3690	950
950	951
952	3693
3693	3696
3693	3694
3694	3697
3694	3695
3695	3698
3695	953
953	954
955	956
956	3700
3699	3700
3700	3702
3701	3702
3702	3704
3703	3704
3704	3706
3705	3706
3706	792
956	3707
3707	3710
3707	3708
3708	3711
3708	954
954	3712
3709	3710
3710	3713
3710	3711
3711	3714
3711	3712
3712	957
958	3715
3715	3716
3715	959
959	960
961	962
962	3718
3717	3718
3718	795
962	960
960	3720
3719	3720
3720	963
964	965
965	3722
3721	3722
3722	966
967	968
968	969
970	971
971	3724
3723	3724
3724	798
971	3725
3725	3726
3725	969
969	972
973	974
974	804
974	972
972	807
968	3727
3727	3728
3727	966
966	975
976	3729
3729	3730
3729	977
977	978
979	980
980	3732
3731	3732
3732	3734
3733	3734
3734	981
982	3735
3735	3737
3735	3736
3736	3738
3736	983
983	984
985	3739
3739	3741
3739	3740
3740	3742
3740	986
986	987
988	3743
3743	3745
3743	3744
3744	3746
3744	989
989	990
991	992
992	810
992	3747
3747	3749
3747	3748
3748	3750
3748	990
990	813
989	987
987	993
994	995
995	3752
3751	3752
3752	996
997	3753
3753	3754
3753	998
998	999
1000	1001
1001	3756
3755	3756
3756	1002
1003	3757
3757	3760
3757	3758
3758	3761
3758	3759
3759	3762
3759	1004
1004	816
1004	3763
3763	3766
3763	3764
3764	3767
3764	3765
3765	3768
3765	1002
1002	822
1001	3769
3769	3770
3769	999
999	1005
1006	1007
1007	1008
1009	3771
3771	3772
3771	1010
1010	825
1010	3773
3773	3774
3773	1008
1008	1011
1012	3775
3775	3777
3775	3776
3776	3778
3776	1013
1013	1014
1015	3779
3779	3780
3779	1016
1016	1017
1018	3781
3781	3782
3781	1019
1019	1020
1021	3783
3783	3785
3783	1022
1022	3786
3784	3785
3785	3788
3785	3786
3786	3789
3787	3788
3788	3791
3788	3789
3789	3792
3790	3791
3791	3793
3791	3792
3792	851
1022	3794
3794	3797
3794	3795
3795	3798
3795	3796
3796	3799
3796	1020
1020	1023
1024	3800
3800	3801
3800	1025
1025	1026
1027	1028
1028	1029
1030	3802
3802	3805
3802	3803
3803	3806
3803	3804
3804	3807
3804	1031
1031	1032
1033	1034
1034	3809
3808	3809
3809	3811
3810	3811
3811	3813
3812	3813
3813	854
1034	3814
3814	3817
3814	3815
3815	3818
3815	3816
3816	3819
3816	1032
1032	1035
1036	3820
3820	3822
3820	1037
1037	3823
3821	3822
3822	3824
3822	3823
3823	1038
1039	3825
3825	3826
3825	1040
1040	1041
1042	3827
3827	3830
3827	3828
3828	3831
3828	3829
3829	3832
3829	1043
1043	857
1043	3833
3833	3834
3833	1041
1041	1044
1045	3835
3835	3836
3835	1046
1046	1047
1048	3837
3837	3839
3837	1049
1049	3840
3838	3839
3839	3841
3839	3840
3840	1050
1051	3842
3842	3843
3842	1052
1052	866
1052	1050
1050	872
1049	1047
1047	3845
3844	3845
3845	875
1046	1044
1044	1053
1054	3846
3846	3848
3846	3847
3847	3849
3847	1055
1055	1056
1057	3850
3850	3852
3850	3851
3851	3853
3851	1058
1058	878
1058	1056
1056	3855
3854	3855
3855	3857
3856	3857
3857	1059
1060	3858
3858	3859
3858	1061
1061	1062
1063	3860
3860	3861
3860	1064
1064	1065
1066	3862
3862	3863
3862	1067
1067	1068
1069	3864
3864	3865
3864	1070
1070	881
1070	3866
3866	3867
3866	1068
1068	1071
1072	3868
3868	3869
3868	1073
1073	884
1073	3870
3870	3872
3870	1071
1071	3873
3871	3872
3872	3874
3872	3873
3873	1074
1075	1076
1076	3876
3875	3876
3876	1077
1078	3877
3877	3879
3877	1079
1079	3880
3878	3879
3879	3881
3879	3880
3880	1080
1081	1082
1082	887
1082	1080
1080	3883
3882	3883
3883	1083
1084	1085
1085	890
1085	3884
3884	3885
3884	1083
1083	899
1079	1077
1077	1086
1087	3886
3886	3887
3886	1088
1088	1089
1090	3888
3888	3891
3888	3889
3889	3892
3889	1091
1091	3893
3890	3891
3891	3894
3891	3892
3892	3895
3892	3893
3893	1092
1093	3896
3896	3897
3896	1094
1094	902
1094	3898
3898	3899
3898	1092
1092	1095
1096	3900
3900	3901
3900	1097
1097	1098
1099	3902
3902	3903
3902	1100
1100	905
1100	3904
3904	3906
3904	3905
3905	3907
3905	1098
1098	1101
1102	3908
3908	3912
3908	3909
3909	3913
3909	3910
3910	3914
3910	1103
1103	3915
3911	3912
3912	3916
3912	3913
3913	3917
3913	3914
3914	3918
3914	3915
3915	1104
1105	3919
3919	3921
3919	3920
3920	3922
3920	1106
1106	1107
1108	3923
3923	3925
3923	3924
3924	3926
3924	1109
1109	1110
1111	1112
1112	3928
3927	3928
3928	3930
3929	3930
3930	911
1112	3931
3931	3933
3931	3932
3932	3934
3932	1110
1110	1113
1114	3935
3935	3938
3935	3936
3936	3939
3936	1115
1115	3940
3937	3938
3938	3941
3938	3939
3939	3942
3939	3940
3940	1116
1117	3943
3943	3944
3943	1118
1118	1119
1120	3945
3945	3947
3945	3946
3946	3948
3946	1121
1121	920
1121	1119
1119	1122
1123	3949
3949	3950
3949	1124
1124	1125
1126	3951
3951	3954
3951	3952
3952	3955
3952	1127
1127	3956
3953	3954
3954	3958
3954	3955
3955	3959
3955	3956
3956	3960
3957	3958
3958	3961
3958	3959
3959	3962
3959	3960
3960	1128
1129	3963
3963	3965
3963	3964
3964	3966
3964	1130
1130	1131
1132	1133
1133	1134
1135	3967
3967	3968
3967	1136
1136	1137
1138	3969
3969	3972
3969	3970
3970	3973
3970	3971
3971	3974
3971	1139
1139	1140
1141	3975
3975	3978
3975	3976
3976	3979
3976	1142
1142	3980
3977	3978
3978	3982
3978	3979
3979	3983
3979	3980
3980	3984
3981	3982
3982	3985
3982	3983
3983	3986
3983	3984
3984	923
1142	1140
1140	3988
3987	3988
3988	1143
1144	1145
1145	1146
1147	1148
1148	3990
3989	3990
3990	3992
3991	3992
3992	929
1148	3993
3993	3994
3993	1146
1146	1149
1150	3995
3995	3996
3995	1151
1151	941
1151	1149
1149	1152
1153	3997
3997	4000
3997	3998
3998	4001
3998	3999
3999	4002
3999	1154
1154	1155
1156	4003
4003	4005
4003	4004
4004	4006
4004	1157
1157	1158
944	1162
1159	1161
1160	4007
4007	4010
4007	4008
4008	4011
4008	4009
4009	4012
4009	1158
1158	1163
1168	1167
1164	1166
1169	1170
1170	1171
1172	4013
4013	4015
4013	1173
1173	4016
4014	4015
4015	4017
4015	4016
4016	1174
1175	1176
1176	4019
4018	4019
4019	1177
1178	4020
4020	4022
4020	1179
1179	4023
4021	4022
4022	4024
4022	4023
4023	953
1179	1177
1177	4026
4025	4026
4026	1180
1181	4027
4027	4029
4027	1182
1182	4030
4028	4029
4029	4031
4029	4030
4030	1183
1184	4032
4032	4033
4032	1185
1185	1186
1187	4034
4034	4036
4034	1188
1188	4037
4035	4036
4036	4038
4036	4037
4037	1189
1190	4039
4039	4040
4039	1191
1191	1192
1193	4041
4041	4044
4041	4042
4042	4045
4042	4043
4043	4046
4043	1194
1194	959
1194	1192
1192	1195
1196	1197
1197	4048
4047	4048
4048	965
1197	1195
1195	4050
4049	4050
4050	4052
4051	4052
4052	4054
4053	4054
4054	4056
4055	4056
4056	4058
4057	4058
4058	1198
1199	1200
1200	1201
1202	1203
1203	4060
4059	4060
4060	4062
4061	4062
4062	4064
4063	4064
4064	977
1203	4065
4065	4066
4065	1201
1201	1204
1205	4067
4067	4068
4067	1206
1206	980
1206	4069
4069	4070
4069	1204
1204	1207
1208	4071
4071	4073
4071	1209
1209	4074
4072	4073
4073	4075
4073	4074
4074	1210
1211	4076
4076	4077
4076	1212
1212	1213
1214	4078
4078	4080
4078	4079
4079	4081
4079	1215
1215	983
1215	1213
1213	4083
4082	4083
4083	1216
1217	1218
1218	4085
4084	4085
4085	1219
1220	4086
4086	4087
4086	1221
1221	1222
1223	4088
4088	4089
4088	1224
1224	998
1224	1222
1222	4091
4090	4091
4091	4093
4092	4093
4093	4095
4094	4095
4095	1225
1226	4096
4096	4097
4096	1227
1227	1228
1229	1230
1230	4099
4098	4099
4099	4101
4100	4101
4101	1016
1230	4102
4102	4104
4102	1228
1228	4105
4103	4104
4104	4106
4104	4105
4105	1231
1232	1233
1233	4108
4107	4108
4108	1234
1235	4109
4109	4110
4109	1236
1236	1237
1238	4111
4111	4112
4111	1239
1239	1240
1241	1242
1242	4114
4113	4114
4114	4116
4115	4116
4116	1019
1242	4117
4117	4119
4117	1240
1240	4120
4118	4119
4119	4121
4119	4120
4120	1025
1239	1237
1237	1243
1244	1245
1245	1246
1247	1248
1248	1249
1250	4122
4122	4124
4122	4123
4123	4125
4123	1251
1251	1028
1251	4126
4126	4127
4126	1249
1249	1252
1253	4128
4128	4130
4128	4129
4129	4131
4129	1254
1254	1255
1256	4132
4132	4134
4132	4133
4133	4135
4133	1257
1257	1031
1257	4136
4136	4137
4136	1255
1255	1258
1259	1260
1260	4139
4138	4139
4139	4141
4140	4141
4141	4143
4142	4143
4143	1261
1262	4144
4144	4146
4144	4145
4145	4147
4145	1263
1263	1037
1263	4148
4148	4150
4148	4149
4149	4151
4149	1261
1261	1264
1265	4152
4152	4153
4152	1266
1266	1267
1268	4154
4154	4155
4154	1269
1269	1270
1271	4156
4156	4158
4156	4157
4157	4159
4157	1272
1272	1273
1274	4160
4160	4161
4160	1275
1275	1040
1275	4162
4162	4164
4162	4163
4163	4165
4163	1273
1273	1055
1272	4166
4166	4167
4166	1270
1270	1276
1277	4168
4168	4169
4168	1278
1278	1279
1280	4170
4170	4171
4170	1281
1281	1282
1283	4172
4172	4173
4172	1284
1284	1285
1286	4174
4174	4175
4174	1287
1287	1061
1287	1285
1285	4177
4176	4177
4177	1288
1289	1290
1290	1291
1292	1293
1293	1064
1293	1291
1291	1294
1295	4178
4178	4179
4178	1296
1296	1067
1296	4180
4180	4181
4180	1294
1294	1297
1298	1299
1299	1076
1299	4182
4182	4184
4182	4183
4183	4185
4183	1297
1297	1300
1301	4186
4186	4187
4186	1302
1302	1088
1302	1300
1300	1091
1290	1288
1288	1303
1304	4188
4188	4189
4188	1305
1305	1306
1307	1308
1308	4191
4190	4191
4191	1309
1310	4192
4192	4194
4192	1311
1311	4195
4193	4194
4194	4197
4194	4195
4195	4198
4196	4197
4197	4200
4197	4198
4198	4201
4199	4200
4200	4202
4200	4201
4201	1312
1313	4203
4203	4204
4203	1314
1314	1315
1316	4205
4205	4207
4205	4206
4206	4208
4206	1317
1317	1318
1319	1320
1320	1097
1320	4209
4209	4210
4209	1318
1318	1103
1317	1315
1315	4212
4211	4212
4212	1321
1322	4213
4213	4215
4213	1323
1323	4216
4214	4215
4215	4217
4215	4216
4216	1324
1325	1326
1326	1327
1328	4218
4218	4220
4218	4219
4219	4221
4219	1329
1329	1330
1331	4222
4222	4224
4222	4223
4223	4225
4223	1332
1332	1333
1334	4226
4226	4230
4226	4227
4227	4231
4227	4228
4228	4232
4228	1335
1335	4233
4229	4230
4230	4234
4230	4231
4231	4235
4231	4232
4232	4236
4232	4233
4233	1336
1337	4237
4237	4240
4237	4238
4238	4241
4238	4239
4239	4242
4239	1338
1338	1339
1341	1344
1344	4244
4244	1343
1340	4245
4245	4246
4245	1342
1345	4247
4247	4248
4247	1346
1346	1106
1346	4249
4249	4252
4249	4250
4250	4253
4250	4251
4251	4254
4251	1344
1344	1347
1348	4255
4255	4256
4255	1349
1349	1109
1349	4257
4257	4259
4257	4258
4258	4260
4258	1347
1347	1350
1351	1352
1352	1115
1352	4261
4261	4264
4261	4262
4262	4265
4262	4263
4263	4266
4263	1350
1350	1353
1354	4267
4267	4269
4267	4268
4268	4270
4268	1355
1355	1356
1357	4271
4271	4274
4271	4272
4272	4275
4272	1358
1358	4276
4273	4274
4274	4277
4274	4275
4275	4278
4275	4276
4276	1359
1360	4279
4279	4280
4279	1361
1361	1362
1363	4281
4281	4283
4281	4282
4282	4284
4282	1364
1364	1127
1364	1362
1362	1365
1366	1367
1367	1368
1369	1370
1370	4286
4285	4286
4286	4288
4287	4288
4288	4290
4289	4290
4290	1371
1372	4291
4291	4293
4291	4292
4292	4294
4292	1373
1373	1374
1375	4295
4295	4297
4295	4296
4296	4298
4296	1376
1376	1377
1378	1379
1379	4300
4299	4300
4300	1130
1379	4301
4301	4304
4301	4302
4302	4305
4302	1377
1377	4306
4303	4304
4304	4307
4304	4305
4305	4308
4305	4306
4306	1380
1381	4309
4309	4310
4309	1382
1382	1383
1384	4311
4311	4314
4311	4312
4312	4315
4312	1385
1385	4316
4313	4314
4314	4317
4314	4315
4315	4318
4315	4316
4316	1133
1385	4319
4319	4321
4319	4320
4320	4322
4320	1383
1383	1386
1387	1388
1388	1389
1390	1391
1391	4324
4323	4324
4324	1392
1393	1394
1394	1136
1394	1392
1392	1395
1396	4325
4325	4326
4325	1397
1397	1260
1397	1395
1395	1398
1399	1400
1400	4328
4327	4328
4328	4330
4329	4330
4330	4332
4331	4332
4332	1401
1402	1403
1403	1404
1405	1406
1406	4334
4333	4334
4334	4336
4335	4336
4336	4338
4337	4338
4338	4340
4339	4340
4340	1407
1408	4341
4341	4343
4341	4342
4342	4344
4342	1409
1409	1266
1409	4345
4345	4347
4345	4346
4346	4348
4346	1407
1407	1410
1411	1412
1412	1281
1412	4349
4349	4351
4349	4350
4350	4352
4350	1410
1410	1413
1414	4353
4353	4355
4353	4354
4354	4356
4354	1415
1415	1416
1417	4357
4357	4359
4357	4358
4358	4360
4358	1418
1418	1419
1420	1421
1421	1284
1421	4361
4361	4363
4361	1419
1419	4364
4362	4363
4363	4365
4363	4364
4364	1305
1418	4366
4366	4368
4366	4367
4367	4369
4367	1416
1416	1422
1423	1424
1424	4371
4370	4371
4371	4373
4372	4373
4373	4375
4374	4375
4375	1425
1426	4376
4376	4378
4376	4377
4377	4379
4377	1427
1427	1308
1427	4380
4380	4382
4380	4381
4381	4383
4381	1425
1425	1428
1429	4384
4384	4386
4384	4385
4385	4387
4385	1430
1430	1431
1432	4388
4388	4390
4388	1433
1433	4391
4389	4390
4390	4392
4390	4391
4391	1311
1433	4393
4393	4395
4393	1431
1431	4396
4394	4395
4395	4397
4395	4396
4396	1434
1435	1436
1436	4399
4398	4399
4399	1326
1436	1434
1434	1437
1438	4400
4400	4402
4400	4401
4401	4403
4401	1439
1439	1329
1439	4404
4404	4405
4404	1437
1437	1440
1441	1442
1442	4407
4406	4407
4407	1443
1444	4408
4408	4410
4408	1445
1445	4411
4409	4410
4410	4412
4410	4411
4411	1446
1447	1448
1448	1332
1448	4413
4413	4414
4413	1446
1446	1335
1445	4415
4415	4416
4415	1443
1443	1449
1450	4417
4417	4419
4417	1451
1451	4420
4418	4419
4419	4421
4419	4420
4420	1452
1453	1454
1454	4423
4422	4423
4423	1455
1456	4424
4424	4426
4424	1457
1457	4427
4425	4426
4426	4428
4426	4427
4427	1458
1459	1460
1460	1338
1460	1458
1458	1341
1457	1455
1455	1461
1462	4429
4429	4431
4429	4430
4430	4432
4430	1463
1463	1464
1466	1469
1469	4434
4434	1468
1465	4435
4435	4436
4435	1467
1470	4437
4437	4440
4437	4438
4438	4441
4438	4439
4439	4442
4439	1471
1471	1472
1473	4443
4443	4446
4443	4444
4444	4447
4444	4445
4445	4448
4445	1474
1474	1475
1476	4449
4449	4452
4449	4450
4450	4453
4450	4451
4451	4454
4451	1477
1477	1355
1477	4455
4455	4457
4455	4456
4456	4458
4456	1475
1475	1478
1479	1480
1480	1358
1480	4459
4459	4461
4459	4460
4460	4462
4460	1478
1478	1481
1482	1483
1483	1484
1485	4463
4463	4464
4463	1486
1486	1370
1486	4465
4465	4466
4465	1484
1484	1487
1488	4467
4467	4468
4467	1489
1489	1490
1491	4469
4469	4472
4469	4470
4470	4473
4470	4471
4471	4474
4471	1492
1492	1493
1494	4475
4475	4477
4475	4476
4476	4478
4476	1495
1495	1373
1495	1493
1493	1496
1497	4479
4479	4481
4479	4480
4480	4482
4480	1498
1498	1499
1500	4483
4483	4485
4483	4484
4484	4486
4484	1501
1501	1502
1503	4487
4487	4489
4487	4488
4488	4490
4488	1504
1504	1505
1506	4491
4491	4492
4491	1507
1507	1376
1507	4493
4493	4496
4493	4494
4494	4497
4494	4495
4495	4498
4495	1505
1505	1508
1509	4499
4499	4502
4499	4500
4500	4503
4500	4501
4501	4504
4501	1510
1510	1511
1512	1513
1513	4506
4505	4506
4506	1514
1515	4507
4507	4508
4507	1516
1516	1517
1518	1519
1519	1520
1521	4509
4509	4511
4509	4510
4510	4512
4510	1522
1522	1382
1522	4513
4513	4514
4513	1520
1520	1523
1524	4515
4515	4516
4515	1525
1525	1526
1527	1528
1528	1529
1530	4517
4517	4519
4517	4518
4518	4520
4518	1531
1531	1532
1533	4521
4521	4524
4521	4522
4522	4525
4522	4523
4523	4526
4523	1534
1534	1388
1534	1532
1532	1535
1536	1537
1537	4528
4527	4528
4528	1403
1537	1535
1535	1538
1539	4529
4529	4530
4529	1540
1540	1541
1542	4531
4531	4533
4531	1543
1543	4534
4532	4533
4533	4535
4533	4534
4534	1544
1545	4536
4536	4537
4536	1546
1546	1547
1548	4538
4538	4540
4538	4539
4539	4541
4539	1549
1549	1424
1549	4542
4542	4543
4542	1547
1547	1550
1551	4544
4544	4545
4544	1552
1552	1553
1554	4546
4546	4547
4546	1555
1555	1556
1557	4548
4548	4549
4548	1558
1558	1559
1560	4550
4550	4551
4550	1561
1561	1562
1563	4552
4552	4553
4552	1564
1564	1565
1566	4554
4554	4555
4554	1567
1567	1430
1567	4556
4556	4557
4556	1565
1565	1568
1569	4558
4558	4559
4558	1570
1570	1571
1572	4560
4560	4561
4560	1573
1573	1574
1575	4562
4562	4563
4562	1576
1576	1442
1576	1574
1574	1577
1578	1579
1579	1580
1581	1582
1582	4565
4564	4565
4565	1583
1584	4566
4566	4567
4566	1585
1585	1586
1587	1588
1588	1589
1590	4568
4568	4569
4568	1591
1591	1451
1591	4570
4570	4571
4570	1589
1589	1592
1593	4572
4572	4573
4572	1594
1594	1595
1596	4574
4574	4575
4574	1597
1597	1598
1599	4576
4576	4578
4576	1600
1600	4579
4577	4578
4578	4580
4578	4579
4579	1601
1602	4581
4581	4582
4581	1603
1603	1604
1605	4583
4583	4584
4583	1606
1606	1607
1608	1609
1609	1454
1609	4585
4585	4587
4585	4586
4586	4588
4586	1607
1607	1610
1611	4589
4589	4591
4589	4590
4590	4592
4590	1612
1612	1463
1612	1610
1610	1613
1614	4593
4593	4594
4593	1615
1615	1466
1615	4595
4595	4597
4595	1613
1613	4598
4596	4597
4597	4599
4597	4598
4598	1616
1617	4600
4600	4602
4600	1618
1618	4603
4601	4602
4602	4604
4602	4603
4603	1619
1620	4605
4605	4607
4605	1621
1621	4608
4606	4607
4607	4609
4607	4608
4608	1622
1623	4610
4610	4613
4610	4611
4611	4614
4611	4612
4612	4615
4612	1624
1624	1625
1626	1627
1627	1628
1629	4616
4616	4618
4616	1630
1630	4619
4617	4618
4618	4620
4618	4619
4619	1631
1632	1633
1633	1471
1633	1631
1631	1474
1630	1628
1628	1634
1635	4621
4621	4623
4621	4622
4622	4624
4622	1636
1636	1637
1639	1642
1642	4626
4626	1641
1638	4627
4627	4628
4627	1640
1643	4629
4629	4632
4629	4630
4630	4633
4630	4631
4631	4634
4631	1644
1644	1645
1646	4635
4635	4637
4635	4636
4636	4638
4636	1647
1647	1648
1649	4639
4639	4641
4639	4640
4640	4642
4640	1650
1650	1483
1653	1652
1650	1651
1658	1657
1654	1656
1659	4643
4643	4645
4643	4644
4644	4646
4644	1660
1660	1661
1662	1663
1663	1489
1663	4647
4647	4649
4647	4648
4648	4650
4648	1661
1661	1492
1660	4651
4651	4655
4651	4652
4652	4656
4652	4653
4653	4657
4653	1658
1658	4658
4654	4655
4655	4659
4655	4656
4656	4660
4656	4657
4657	4661
4657	4658
4658	1664
1665	4662
4662	4664
4662	4663
4663	4665
4663	1666
1666	1667
1668	4666
4666	4668
4666	4667
4667	4669
4667	1669
1669	1498
1669	1667
1667	4671
4670	4671
4671	1670
1671	4672
4672	4675
4672	4673
4673	4676
4673	4674
4674	4677
4674	1672
1672	1673
1674	1675
1675	1676
1677	4678
4678	4679
4678	1678
1678	1679
1680	1681
1681	1682
1683	1684
1684	1501
1684	1682
1682	1504
1681	1679
1679	4681
4680	4681
4681	4683
4682	4683
4683	1685
1686	4684
4684	4685
4684	1687
1687	1688
1689	1690
1690	4687
4686	4687
4687	1510
1690	4688
4688	4690
4688	1688
1688	4691
4689	4690
4690	4692
4690	4691
4691	1691
1692	4693
4693	4694
4693	1693
1693	1694
1695	4695
4695	4698
4695	4696
4696	4699
4696	4697
4697	4700
4697	1696
1696	1513
1696	4701
4701	4704
4701	4702
4702	4705
4702	4703
4703	4706
4703	1694
1694	1697
1698	1699
1699	1700
1701	1702
1702	1703
1704	1705
1705	4708
4707	4708
4708	1706
1707	1708
1708	1516
1708	1706
1706	1709
1710	4709
4709	4710
4709	1711
1711	1712
1713	4711
4711	4713
4711	1714
1714	4714
4712	4713
4713	4715
4713	4714
4714	1715
1716	4716
4716	4718
4716	4717
4717	4719
4717	1717
1717	1718
1719	4720
4720	4721
4720	1720
1720	1528
1720	1718
1718	1721
1722	4722
4722	4724
4722	4723
4723	4725
4723	1723
1723	1531
1723	4726
4726	4728
4726	4727
4727	4729
4727	1721
1721	1724
1725	1726
1726	1540
1726	4730
4730	4733
4730	4731
4731	4734
4731	1724
1724	4735
4732	4733
4733	4736
4733	4734
4734	4737
4734	4735
4735	1727
1728	1729
1729	1730
1731	1732
1732	4739
4738	4739
4739	1558
1732	1730
1730	1733
1734	4740
4740	4742
4740	4741
4741	4743
4741	1735
1735	1585
1735	4744
4744	4745
4744	1733
1733	1736
1737	4746
4746	4748
4746	4747
4747	4749
4747	1738
1738	1739
1740	1741
1741	1742
1743	1744
1744	4751
4750	4751
4751	4753
4752	4753
4753	4755
4754	4755
4755	1597
1744	1742
1742	1745
1746	4756
4756	4757
4756	1747
1747	1748
1749	1750
1750	1751
1752	4758
4758	4759
4758	1753
1753	1754
1755	4760
4760	4762
4760	1756
1756	4763
4761	4762
4762	4764
4762	4763
4763	1757
1758	4765
4765	4766
4765	1759
1759	1600
1759	1757
1757	4768
4767	4768
4768	1760
1761	1762
1762	4770
4769	4770
4770	1603
1762	1760
1760	1763
1764	1765
1765	4772
4771	4772
4772	4774
4773	4774
4774	1766
1767	4775
4775	4776
4775	1768
1768	1769
1770	4777
4777	4779
4777	1771
1771	4780
4778	4779
4779	4781
4779	4780
4780	1772
1773	4782
4782	4783
4782	1774
1774	1775
1776	4784
4784	4785
4784	1777
1777	1621
1777	4786
4786	4787
4786	1775
1775	1778
1779	4788
4788	4789
4788	1780
1780	1781
1782	4790
4790	4791
4790	1783
1783	1784
1785	4792
4792	4793
4792	1786
1786	1787
1788	4794
4794	4795
4794	1789
1789	1790
1791	4796
4796	4797
4796	1792
1792	1624
1792	1790
1790	4799
4798	4799
4799	1793
1794	4800
4800	4801
4800	1795
1795	1639
1795	4802
4802	4804
4802	1793
1793	4805
4803	4804
4804	4806
4804	4805
4805	1796
1797	4807
4807	4809
4807	1798
1798	4810
4808	4809
4809	4811
4809	4810
4810	1799
1800	4812
4812	4815
4812	4813
4813	4816
4813	4814
4814	4817
4814	1801
1801	1802
1803	1804
1804	1805
1806	4818
4818	4820
4818	1807
1807	4821
4819	4820
4820	4822
4820	4821
4821	1808
1809	1810
1810	1644
1810	1808
1808	4824
4823	4824
4824	1811
1812	1813
1813	1647
1813	4825
4825	4826
4825	1811
1811	1655
1807	1805
1805	1814
1815	4827
4827	4829
4827	4828
4828	4830
4828	1816
1816	1817
1818	4831
4831	4833
4831	4832
4832	4834
4832	1819
1819	1820
1821	4835
4835	4838
4835	4836
4836	4839
4836	4837
4837	4840
4837	1822
1822	1823
1824	4841
4841	4844
4841	4842
4842	4845
4842	4843
4843	4846
4843	1825
1825	1666
1825	4847
4847	4848
4847	1823
1823	1826
1827	4849
4849	4851
4849	4850
4850	4852
4850	1828
1828	1672
1828	4853
4853	4854
4853	1826
1826	1829
1830	1831
1831	4856
4855	4856
4856	1832
1833	4857
4857	4859
4857	1834
1834	4860
4858	4859
4859	4861
4859	4860
4860	1835
1836	1837
1837	1838
1839	4862
4862	4864
4862	4863
4863	4865
4863	1840
1840	1841
1842	4866
4866	4868
4866	4867
4867	4869
4867	1843
1843	1844
1849	1848
1845	1847
1850	4870
4870	4873
4870	4871
4871	4874
4871	4872
4872	4875
4872	1851
1851	1852
1853	4876
4876	4878
4876	4877
4877	4879
4877	1854
1854	1855
1856	4880
4880	4883
4880	4881
4881	4884
4881	4882
4882	4885
4882	1857
1857	1675
1857	4886
4886	4889
4886	4887
4887	4890
4887	4888
4888	4891
4888	1855
1855	1858
1863	1862
1859	1861
1864	4892
4892	4893
4892	1865
1865	1866
1867	4894
4894	4895
4894	1868
1868	1678
1868	4896
4896	4899
4896	4897
4897	4900
4897	1866
1866	4901
4898	4899
4899	4902
4899	4900
4900	4903
4900	4901
4901	1869
1870	4904
4904	4905
4904	1871
1871	1872
1873	4906
4906	4907
4906	1874
1874	1687
1874	1872
1872	1875
1876	1877
1877	4909
4908	4909
4909	1878
1879	1880
1880	4911
4910	4911
4911	4913
4912	4913
4913	4915
4914	4915
4915	4917
4916	4917
4917	1881
1882	4918
4918	4919
4918	1883
1883	1884
1885	4920
4920	4922
4920	4921
4921	4923
4921	1886
1886	1693
1886	4924
4924	4925
4924	1884
1884	1887
1888	1889
1889	4927
4926	4927
4927	1890
1891	4928
4928	4930
4928	4929
4929	4931
4929	1892
1892	1699
1892	4932
4932	4934
4932	4933
4933	4935
4933	1890
1890	1893
1894	4936
4936	4938
4936	4937
4937	4939
4937	1895
1895	1896
1897	1898
1898	1899
1900	4940
4940	4941
4940	1901
1901	1702
1901	1899
1899	1902
1903	1904
1904	4943
4942	4943
4943	1905
1906	1907
1907	1908
1909	1910
1910	4945
4944	4945
4945	4947
4946	4947
4947	4949
4948	4949
4949	1911
1912	1913
1913	4951
4950	4951
4951	1705
1913	1911
1911	1711
1910	1908
1908	4953
4952	4953
4953	4955
4954	4955
4955	4957
4956	4957
4957	1914
1915	4958
4958	4959
4958	1916
1916	1917
1918	4960
4960	4961
4960	1919
1919	1920
1921	1922
1922	4963
4962	4963
4963	4965
4964	4965
4965	4967
4966	4967
4967	1714
1922	4968
4968	4971
4968	4969
4969	4972
4969	1920
1920	4973
4970	4971
4971	4974
4971	4972
4972	4975
4972	4973
4973	1717
1919	4976
4976	4977
4976	1917
1917	1923
1924	4978
4978	4979
4978	1925
1925	1741
1925	1923
1923	1747
1916	4980
4980	4981
4980	1914
1914	1926
1927	1928
1928	1750
1928	4982
4982	4984
4982	4983
4983	4985
4983	1926
1926	1929
1930	1931
1931	1932
1933	1934
1934	1753
1934	1932
1932	1935
1936	4986
4986	4988
4986	4987
4987	4989
4987	1937
1937	1938
1939	4990
4990	4992
4990	4991
4991	4993
4991	1940
1940	1768
1940	1938
1938	4995
4994	4995
4995	4997
4996	4997
4997	1941
1942	4998
4998	4999
4998	1943
1943	1944
1945	5000
5000	5001
5000	1946
1946	1780
1946	1944
1944	1783
1943	5002
5002	5003
5002	1941
1941	1947
1948	1949
1949	5005
5004	5005
5005	1950
1951	1952
1952	1953
1954	1955
1955	1786
1955	1953
1953	1789
1952	1950
1950	1956
1957	5006
5006	5007
5006	1958
1958	1959
1960	1961
1961	5009
5008	5009
5009	1962
1963	5010
5010	5011
5010	1964
1964	1798
1964	5012
5012	5013
5012	1962
1962	1965
1966	5014
5014	5015
5014	1967
1967	1968
1969	5016
5016	5017
5016	1970
1970	1971
1972	5018
5018	5019
5018	1973
1973	1974
1975	5020
5020	5021
5020	1976
1976	1801
1976	1974
1974	5023
5022	5023
5023	5025
5024	5025
5025	1819
1973	1971
1971	1977
1978	1979
1979	1980
1981	1982
1982	5027
5026	5027
5027	1983
1984	5028
5028	5029
5028	1985
1985	1986
1987	1988
1988	5031
5030	5031
5031	1989
1990	5032
5032	5034
5032	1991
1991	5035
5033	5034
5034	5037
5034	5035
5035	5038
5036	5037
5037	5040
5037	5038
5038	5041
5039	5040
5040	5042
5040	5041
5041	1992
1993	5043
5043	5044
5043	1994
1994	1995
1996	1997
1997	1822
1997	1995
1995	1831
1994	1992
1992	1834
1991	5045
5045	5046
5045	1989
1989	1998
1999	5047
5047	5049
5047	2000
2000	5050
5048	5049
5049	5051
5049	5050
5050	2001
2002	5052
5052	5055
5052	5053
5053	5056
5053	5054
5054	5057
5054	2003
2003	2004
2005	2006
2006	1837
2006	5058
5058	5060
5058	5059
5059	5061
5059	2004
2004	1840
2003	5062
5062	5063
5062	2001
2001	2007
2008	2009
2009	5065
5064	5065
5065	2010
2011	5066
5066	5067
5066	2012
2012	2013
2014	2015
2015	1843
2015	5068
5068	5069
5068	2013
2013	1846
2012	5070
5070	5072
5070	2010
2010	5073
5071	5072
5072	5075
5072	5073
5073	5076
5074	5075
5075	5077
5075	5076
5076	2016
2017	5078
5078	5079
5078	2018
2018	2019
2020	2021
2021	5081
5080	5081
5081	5083
5082	5083
5083	5085
5084	5085
5085	2022
2023	5086
5086	5088
5086	2024
2024	5089
5087	5088
5088	5090
5088	5089
5089	2025
2026	2027
2027	1851
2027	2025
2025	5092
5091	5092
5092	2028
2029	2030
2030	1854
2030	5093
5093	5094
5093	2028
2028	1860
2024	2022
2022	5096
5095	5096
5096	5098
5097	5098
5098	5100
5099	5100
5100	2031
2032	5101
5101	5103
5101	5102
5102	5104
5102	2033
2033	2034
2035	5105
5105	5107
5105	5106
5106	5108
5106	2036
2036	2037
2038	5109
5109	5112
5109	5110
5110	5113
5110	2039
2039	5114
5111	5112
5112	5115
5112	5113
5113	5116
5113	5114
5114	1865
2039	2037
2037	5118
5117	5118
5118	2036
2033	5119
5119	5121
5119	5120
5120	5122
5120	2031
2031	2040
2041	2042
2042	5124
5123	5124
5124	5126
5125	5126
5126	5128
5127	5128
5128	2043
2044	5129
5129	5130
5129	2045
2045	2046
2047	2048
2048	5132
5131	5132
5132	5134
5133	5134
5134	5136
5135	5136
5136	5138
5137	5138
5138	1880
2048	2046
2046	2049
2050	2051
2051	5140
5139	5140
5140	2052
2053	2054
2054	1883
2054	2052
2052	2055
2056	2057
2057	2058
2059	5141
5141	5142
5141	2060
2060	2061
2062	5143
5143	5145
5143	5144
5144	5146
5144	2063
2063	1889
2063	5147
5147	5149
5147	5148
5148	5150
5148	2061
2061	2064
2065	5151
5151	5152
5151	2066
2066	2067
2068	2069
2069	5154
5153	5154
5154	5156
5155	5156
5156	5158
5157	5158
5158	1895
2069	5159
5159	5160
5159	2067
2067	2070
2071	5161
5161	5162
5161	2072
2072	2073
2074	5163
5163	5165
5163	5164
5164	5166
5164	2075
2075	2076
2077	5167
5167	5170
5167	5168
5168	5171
5168	2078
2078	5172
5169	5170
5170	5173
5170	5171
5171	5174
5171	5172
5172	2079
2080	5175
5175	5177
5175	5176
5176	5178
5176	2081
2081	1898
2081	2079
2079	2082
2083	5179
5179	5180
5179	2084
2084	2085
2086	2087
2087	1904
2087	5181
5181	5182
5181	2085
2085	2088
2089	5183
5183	5184
5183	2090
2090	2091
2092	5185
5185	5187
5185	5186
5186	5188
5186	2093
2093	2094
2095	5189
5189	5190
5189	2096
2096	2097
2098	5191
5191	5193
5191	5192
5192	5194
5192	2099
2099	2100
2101	5195
5195	5197
5195	2102
2102	5198
5196	5197
5197	5199
5197	5198
5198	1907
2102	5200
5200	5202
5200	5201
5201	5203
5201	2100
2100	1931
2099	5204
5204	5206
5204	5205
5205	5207
5205	2097
2097	2103
2104	5208
5208	5210
5208	5209
5209	5211
5209	2105
2105	1937
2105	2103
2103	2096
2093	2091
2091	2106
2107	5212
5212	5213
5212	2108
2108	2109
2110	2111
2111	2112
2113	5214
5214	5215
5214	2114
2114	1949
2114	2112
2112	2115
2116	2117
2117	2118
2119	5216
5216	5218
5216	5217
5217	5219
5217	2120
2120	2121
2122	5220
5220	5221
5220	2123
2123	1958
2123	2121
2121	5223
5222	5223
5223	5225
5224	5225
5225	2124
2125	5226
5226	5227
5226	2126
2126	2127
2128	5228
5228	5229
5228	2129
2129	1970
2129	2127
2127	1979
2126	5230
5230	5231
5230	2124
2124	2130
2131	2132
2132	5233
5232	5233
5233	1982
2132	5234
5234	5235
5234	2130
2130	2133
2134	2135
2135	2136
2137	2138
2138	2139
2140	5236
5236	5238
5236	2141
2141	5239
5237	5238
5238	5240
5238	5239
5239	1985
2141	5241
5241	5242
5241	2139
2139	2142
2143	5243
5243	5245
5243	5244
5244	5246
5244	2144
2144	2145
2146	5247
5247	5249
5247	5248
5248	5250
5248	2147
2147	2148
2149	2150
2150	5252
5251	5252
5252	5254
5253	5254
5254	5256
5255	5256
5256	2151
2152	5257
5257	5259
5257	5258
5258	5260
5258	2153
2153	1988
2153	5261
5261	5263
5261	5262
5262	5264
5262	2151
2151	2154
2155	5265
5265	5266
5265	2156
2156	2000
2156	5267
5267	5268
5267	2154
2154	2157
2158	5269
5269	5270
5269	2159
2159	2160
2161	5271
5271	5272
5271	2162
2162	2163
2164	5273
5273	5274
5273	2165
2165	2166
2167	5275
5275	5276
5275	2168
2168	2009
2168	2166
2166	5278
5277	5278
5278	2169
2170	2171
2171	2172
2173	2174
2174	5280
5279	5280
5280	5282
5281	5282
5282	5284
5283	5284
5284	2175
2176	2177
2177	2178
2179	5285
5285	5287
5285	5286
5286	5288
5286	2180
2180	2181
2182	5289
5289	5290
5289	2183
2183	2184
2185	2186
2186	5292
5291	5292
5292	5294
5293	5294
5294	5296
5295	5296
5296	2018
2186	5297
5297	5298
5297	2184
2184	2021
2183	5299
5299	5302
5299	5300
5300	5303
5300	2181
2181	5304
5301	5302
5302	5305
5302	5303
5303	5306
5303	5304
5304	2042
2180	5307
5307	5308
5307	2178
2178	2187
2188	2189
2189	5310
5309	5310
5310	2190
2191	2192
2192	2045
2192	2190
2190	2193
2194	5311
5311	5312
5311	2195
2195	2196
2197	2198
2198	5314
5313	5314
5314	5316
5315	5316
5316	2060
2198	5317
5317	5318
5317	2196
2196	2199
2200	5319
5319	5320
5319	2201
2201	2202
2203	5321
5321	5323
5321	5322
5322	5324
5322	2204
2204	2150
2204	5325
5325	5326
5325	2202
2202	2205
2206	5327
5327	5328
5327	2207
2207	2208
2209	5329
5329	5330
5329	2210
2210	2211
2212	5331
5331	5332
5331	2213
2213	2214
2215	5333
5333	5334
5333	2216
2216	2217
2218	5335
5335	5336
5335	2219
2219	2159
2219	2217
2217	2162
2216	2214
2214	5338
5337	5338
5338	2174
2213	2211
2211	5340
5339	5340
5340	2220
2221	2222
2222	5342
5341	5342
5342	2177
2222	2220
2220	5344
5343	5344
5344	2189
2210	2208
2208	5346
5345	5346
5346	2195
2207	2205
2205	2201
2171	2169
2169	2165
2147	5347
5347	5349
5347	5348
5348	5350
5348	2145
2145	2223
2224	5351
5351	5353
5351	5352
5352	5354
5352	2225
2225	2066
2225	2223
2223	5356
5355	5356
5356	2226
2227	5357
5357	5358
5357	2228
2228	2229
2230	2231
2231	2072
2231	2229
2229	2075
2228	2226
2226	2135
2144	2142
2142	2138
2120	5359
5359	5361
5359	5360
5360	5362
5360	2118
2118	2232
2233	5363
5363	5365
5363	5364
5364	5366
5364	2234
2234	2078
2234	2232
2232	2117
2111	2109
2109	5368
5367	5368
5368	5370
5369	5370
5370	2084
2108	2106
2106	2090
2057	2055
2055	5372
5371	5372
5372	2051
1967	5373
5373	5375
5373	1965
1965	5376
5374	5375
5375	5377
5375	5376
5376	1961
1877	1875
1875	1871
1816	5378
5378	5380
5378	5379
5379	5381
5379	1814
1814	1804
1774	5382
5382	5384
5382	1772
1772	5385
5383	5384
5384	5386
5384	5385
5385	1771
1765	1763
1763	5388
5387	5388
5388	1756
1738	5389
5389	5392
5389	5390
5390	5393
5390	5391
5391	5394
5391	1736
1736	1729
1636	5395
5395	5397
5395	5396
5396	5398
5396	1634
1634	1627
1618	1616
1616	5400
5399	5400
5400	1606
1594	5401
5401	5403
5401	1592
1592	5404
5402	5403
5403	5405
5403	5404
5404	1588
1582	1580
1580	5407
5406	5407
5407	1561
1579	1577
1577	1573
1570	1568
1568	1564
1555	1553
1553	5409
5408	5409
5409	5411
5410	5411
5411	1543
1552	1550
1550	1546
1525	1523
1523	1519
1415	5412
5412	5414
5412	1413
1413	5415
5413	5414
5414	5416
5414	5415
5415	1406
1400	1398
1398	5418
5417	5418
5418	1391
1367	1365
1365	1361
1323	1321
1321	1314
1278	1276
1276	1269
1252	2237
2237	5420
5420	2236
1254	2235
1139	2241
2238	2240
2239	2237
2237	1248
1245	1243
1243	2242
2243	2244
2244	5422
5421	5422
5422	5424
5423	5424
5424	1145
2244	2242
2242	5426
5425	5426
5426	2245
2246	5427
5427	5431
5427	5428
5428	5432
5428	5429
5429	5433
5429	2247
2247	5434
5430	5431
5431	5435
5431	5432
5432	5436
5432	5433
5433	5437
5433	5434
5434	1154
2247	5438
5438	5440
5438	5439
5439	5441
5439	2245
2245	2248
2249	5442
5442	5443
5442	2250
2250	2251
2252	2253
2253	5445
5444	5445
5445	2254
2255	5446
5446	5448
5446	2256
2256	5449
5447	5448
5448	5450
5448	5449
5449	2257
2258	2259
2259	2260
2261	5451
5451	5453
5451	5452
5452	5454
5452	2262
2262	2263
2264	5455
5455	5458
5455	5456
5456	5459
5456	5457
5457	5460
5457	2265
2265	2266
2267	5461
5461	5464
5461	5462
5462	5465
5462	5463
5463	5466
5463	2268
2268	1170
2268	2266
2266	1173
2265	5467
5467	5468
5467	2263
2263	2269
2270	5469
5469	5471
5469	2271
2271	5472
5470	5471
5471	5474
5471	5472
5472	5475
5473	5474
5474	5476
5474	5475
5475	1185
2271	2269
2269	2272
2273	5477
5477	5480
5477	5478
5478	5481
5478	5479
5479	5482
5479	2274
2274	2275
2276	5483
5483	5484
5483	2277
2277	1200
2277	5485
5485	5487
5485	2275
2275	5488
5486	5487
5487	5489
5487	5488
5488	2278
2279	5490
5490	5491
5490	2280
2280	2281
2282	5492
5492	5493
5492	2283
2283	1209
2283	2281
2281	5495
5494	5495
5495	1212
2280	5496
5496	5498
5496	2278
2278	5499
5497	5498
5498	5501
5498	5499
5499	5502
5500	5501
5501	5503
5501	5502
5502	2284
2285	2286
2286	5505
5504	5505
5505	2287
2288	5506
5506	5507
5506	2289
2289	2290
2291	2292
2292	2293
2294	2295
2295	1218
2295	2293
2293	2296
2297	5508
5508	5509
5508	2298
2298	2299
2300	5510
5510	5512
5510	2301
2301	5513
5511	5512
5512	5514
5512	5513
5513	1221
2301	5515
5515	5517
5515	2299
2299	5518
5516	5517
5517	5519
5517	5518
5518	2302
2303	5520
5520	5521
5520	2304
2304	1227
2304	2302
2302	5523
5522	5523
5523	5525
5524	5525
5525	5527
5526	5527
5527	2305
2306	2307
2307	5529
5528	5529
5529	5531
5530	5531
5531	1233
2307	2305
2305	2308
2309	2310
2310	2311
2312	5532
5532	5533
5532	2313
2313	2314
2315	2316
2316	5535
5534	5535
5535	2317
2318	5536
5536	5537
5536	2319
2319	1236
2319	5538
5538	5539
5538	2317
2317	2320
2321	5540
5540	5541
5540	2322
2322	2250
2322	5542
5542	5543
5542	2320
2320	2316
2313	2311
2311	2323
2324	2325
2325	2253
2325	5544
5544	5545
5544	2323
2323	2326
2327	2328
2328	2256
2328	5546
5546	5547
5546	2326
2326	2329
2330	5548
5548	5549
5548	2331
2331	2286
2331	2329
2329	2332
2333	5550
5550	5551
5550	2334
2334	2289
2334	5552
5552	5553
5552	2332
2332	2310
2298	5554
5554	5555
5554	2296
2296	2292
2274	5556
5556	5559
5556	5557
5557	5560
5557	5558
5558	5561
5558	2272
2272	2335
2336	2337
2337	2259
2337	5562
5562	5564
5562	5563
5563	5565
5563	2335
2335	2262
1191	1189
1189	5567
5566	5567
5567	5569
5568	5569
5569	5571
5570	5571
5571	1188
1182	1180
1180	5573
5572	5573
5573	1176
1165	5574
5574	5575
5574	1163
1163	1157
1124	5576
5576	5577
5576	1122
1122	1118
1013	5578
5578	5579
5578	1011
1011	1007
995	993
993	986
950	5580
5580	5583
5580	5581
5581	5584
5581	5582
5582	5585
5582	948
948	947
938	5586
5586	5587
5586	936
936	932
846	5588
5588	5590
5588	5589
5589	5591
5589	844
844	828
843	5592
5592	5593
5592	841
841	837
731	729
729	2338
2339	5594
5594	5596
5594	5595
5595	5597
5595	2340
2340	719
2340	5598
5598	5599
5598	2338
2338	728
631	629
629	622
601	5600
5600	5602
5600	5601
5601	5603
5601	599
599	592
420	418
418	5605
5604	5605
5605	5607
5606	5607
5607	5609
5608	5609
5609	5611
5610	5611
5611	5613
5612	5613
5613	417
366	364
364	360
315	5614
5614	5615
5614	313
313	2341
2342	5616
5616	5617
5616	2343
2343	304
2343	5618
5618	5620
5618	5619
5619	5621
5619	2341
2341	312
101	5622
5622	5624
5622	99
99	5625
5623	5624
5624	5627
5624	5625
5625	5628
5626	5627
5627	5629
5627	5628
5628	98
47	5630
5630	5631
5630	45
45	2344
2345	2346
2346	5633
5632	5633
5633	5635
5634	5635
5635	35
2346	5636
5636	5637
5636	2344
2344	2347
2348	5638
5638	5639
5638	2349
2349	38
2349	2347
2347	41
8	6
6	5641
5640	5641
5641	5643
5642	5643
5643	5645
5644	5645
5645	5
2350	2352
5646	2352
5647	2352
5648	2352
5649	2352
5650	2352
2351	5651
5651	5652
5652	5653
5653	5654
5654	5655
5655	2351
2378	5691
2378	2414
2378	2
2414	2354
2414	1
2354	0
5	2359
2359	2358
2359	4
8	2363
8	2364
2364	7
2432	2365
2432	11
11	10
14	2366
2366	13
17	2373
17	16
20	2374
2374	19
2454	22
2454	2379
2454	2455
2455	2380
2455	23
26	2386
26	2387
2387	2385
2387	25
2494	2391
2494	5692
2494	29
29	2392
2392	28
28	2391
2512	2393
2512	5694
2512	2513
2513	5693
2513	2514
2514	2396
2514	32
2396	2395
2395	2394
2394	5694
2394	31
31	2393
35	2402
2402	2399
2402	2401
2401	2398
2401	2400
2400	2397
2400	34
5639	2405
5639	38
38	2404
38	2406
2406	2403
2406	37
41	2408
2408	2407
2408	40
44	2412
44	2413
2413	43
5630	46
5630	47
50	49
53	52
56	55
59	2425
2425	58
2542	2427
2542	2428
2542	62
2427	2426
2427	61
2434	2430
2434	5695
2434	2433
2433	65
65	2431
2431	64
64	2429
2429	2430
2438	2436
2438	2437
2437	2435
2437	68
68	67
71	2440
71	2441
2441	2439
2441	70
74	2442
74	2443
2443	73
2560	2444
2560	2445
2560	77
2445	76
80	2450
2450	2449
2450	79
2453	2451
2453	2452
2452	82
2452	83
86	85
89	88
2573	2456
2573	2457
2573	2574
2574	92
2456	91
2591	2459
2591	5696
2591	2592
2592	5697
2592	2593
2593	95
95	2460
2460	94
94	2458
2458	5696
2458	2459
5629	2461
5629	98
98	2462
2462	97
5622	2470
5622	101
2470	2469
2470	100
104	2474
104	2475
2475	103
107	2478
2478	2477
2477	2476
2477	106
2624	2480
2624	2479
2624	110
110	109
2629	112
2629	2481
2629	2630
2630	2482
2630	113
2496	2488
2496	5698
2496	2495
2495	116
116	2489
2489	115
115	2487
2487	2488
2493	2490
2493	118
2493	119
122	2500
2500	2498
2500	2499
2499	2497
2499	121
5700	5701
2647	5699
2647	2648
2648	5700
2648	2505
2648	125
2505	2504
2504	2503
2503	5701
2503	2501
2503	124
2501	2502
2502	5699
2502	123
128	2511
2511	2508
2511	2510
2510	2507
2510	2509
2509	2506
2509	127
131	130
2675	133
2675	134
2523	136
2523	137
2525	2524
2525	139
2525	140
143	2527
2527	2526
2527	142
2531	2528
2531	146
146	145
2692	2532
2692	148
2692	149
152	151
155	2539
2539	154
158	2540
158	2541
2541	157
161	160
164	163
167	166
2545	169
2545	170
2711	2548
2711	2549
2711	173
2548	2547
2547	2546
2547	172
308	2552
308	5702
308	5657
5657	2551
5657	5704
5657	5658
5658	5703
5658	309
309	2553
309	176
2553	175
175	5704
175	2550
2550	2551
2551	2552
179	2554
179	178
182	2555
2555	181
185	2557
2557	2556
2557	184
188	2558
188	2559
2559	187
2753	2563
2753	2564
2753	2754
2754	191
2563	190
194	2568
2568	2566
2568	2567
2567	2565
2567	193
2572	2570
2572	2571
2571	2569
2571	197
197	196
2762	199
2762	2579
2762	200
203	2581
2581	2580
2581	202
2778	2585
2778	5705
2778	206
206	2586
2586	205
205	2585
2594	2589
2594	2590
2594	209
2589	2587
2589	2588
2588	208
212	2598
212	211
215	2601
2601	214
218	2605
218	217
2787	220
2787	2606
2787	2788
2788	2607
2788	221
2790	5706
2790	226
2790	224
226	5656
5656	2609
5656	225
225	2608
225	223
2609	222
229	2613
2613	226
2613	5707
2613	2612
2612	2611
2611	5656
2611	225
2611	2610
2610	228
5656	226
2817	2617
2817	2616
2817	5708
2817	2818
2818	232
232	5709
232	2618
2618	2614
2618	231
2614	2615
2615	2616
2616	5708
2625	2619
2625	2620
2625	235
2620	234
5710	5712
2632	2626
2632	5711
2632	2631
2631	5710
2631	2628
2631	238
2628	2627
2627	5712
2627	237
237	2626
2626	5711
2826	2634
2826	5713
2826	241
241	2635
2635	2633
2635	240
2633	2634
2833	2636
2833	2834
2834	243
2834	244
247	246
250	249
2651	252
2651	2650
2650	2645
2650	2649
2649	2646
2649	253
2657	2654
2657	2656
2656	2653
2656	2655
2655	2652
2655	256
256	255
259	2660
259	2662
2662	2659
2662	2661
2661	2658
2661	258
2872	2664
2872	2873
2873	2663
2873	2874
2874	261
2874	262
2683	264
2683	2669
2683	2682
2682	265
268	2670
268	2671
2671	267
2894	2685
2894	5714
2894	271
271	2686
2686	2684
2686	270
2684	2685
274	2690
274	2691
2691	273
2899	2693
2899	277
2693	276
280	2697
280	279
283	282
2700	285
2700	286
289	2701
289	288
292	291
2708	294
2708	295
298	2709
298	2710
2710	297
2961	2722
2961	2723
2961	2962
2962	2724
2962	2963
2963	301
2722	300
5617	2727
5617	2726
5617	304
304	2725
304	2728
2728	303
2731	5657
2731	5658
2731	2730
2730	309
2730	307
5657	2729
5657	308
308	306
5620	2733
5620	5621
5621	2732
5621	312
312	311
5614	2734
5614	315
2734	314
318	2735
318	2736
2736	317
3007	2737
3007	3008
3008	320
3008	2738
3008	3009
3009	321
2744	2742
2744	2743
2743	323
2743	324
5717	5716
2756	2746
2756	5715
2756	5717
2756	2755
2755	327
327	2748
2748	5716
2748	2747
2747	2745
2747	326
2745	5715
2745	2746
2752	2750
2752	5718
2752	2751
2751	330
330	329
329	2749
2749	2750
3025	2758
3025	333
333	2757
333	332
336	2759
2759	335
339	2760
339	338
342	2761
2761	341
345	344
3050	2765
3050	2766
3050	3051
3051	348
2765	347
351	2770
2770	2768
2770	2769
2769	2767
2769	350
3076	2772
3076	3077
3077	2771
3077	354
354	353
357	356
360	359
2779	2777
2779	363
2777	362
366	2781
2781	2780
2781	365
369	2783
2783	2782
2783	368
2786	2784
2786	2785
2785	371
2785	372
2791	2789
2791	375
2789	374
3083	2798
3083	2799
3083	378
2799	377
381	2806
381	380
384	2807
2807	383
387	2814
387	386
2821	389
2821	2815
2821	2820
2820	2816
2820	2819
2819	390
2828	2824
2828	2823
2828	5719
2828	2827
2827	393
393	2825
2825	2822
2825	392
2822	2823
3131	2830
3131	3132
3132	2829
3132	3133
3133	395
3133	396
2835	2831
2835	2832
2835	399
2831	398
3142	2836
3142	401
3142	402
3144	404
3144	2837
3144	405
408	2838
408	407
411	410
414	413
417	2849
2849	416
420	2856
420	419
423	422
3171	2857
3171	2858
3171	3172
3172	426
2857	425
3184	5720
3184	429
429	2862
2862	2861
2861	2859
2861	428
2859	2860
2860	427
2993	2864
2993	2992
2992	2863
2992	432
432	431
2876	2869
2876	2870
2876	2875
2875	2871
2875	435
2869	434
438	2878
438	2880
2880	2877
2880	2879
2879	437
5721	5723
2974	2882
2974	5722
2974	2975
2975	5721
2975	441
441	2883
2883	5723
2883	2881
2883	440
2881	2882
2882	5722
444	2886
2886	2884
2886	2885
2885	443
2895	2892
2895	2891
2895	2893
2895	447
2893	446
450	449
453	2916
2916	452
456	2917
456	455
459	458
462	461
2985	464
2985	465
468	467
471	470
2965	2958
2965	2959
2965	2964
2964	2960
2964	474
2958	473
477	2967
477	2969
2969	2966
2969	2968
2968	476
480	2973
2973	2971
2973	2972
2972	2970
2972	479
2978	482
2978	483
486	3001
3001	2999
3001	3000
3000	2998
3000	485
489	3006
3006	3003
3006	3005
3005	3002
3005	3004
3004	488
3195	3010
3195	3011
3195	3196
3196	492
3010	491
3211	3013
3211	5724
3211	3015
3211	495
3015	3014
3014	3012
3014	494
3012	3013
498	3017
498	3019
3019	3016
3019	3018
3018	497
3027	3021
3027	3026
3026	3020
3026	5725
3026	501
501	3022
3022	500
500	3020
504	3024
3024	3023
3024	503
3031	3029
3031	3028
3031	3030
3030	506
3030	507
510	3035
3035	3033
3035	3034
3034	3032
3034	509
3040	3037
3040	3039
3039	3036
3039	3038
3038	512
3038	513
3258	5727
3258	5726
3258	516
516	3045
3045	3042
3045	3044
3044	3041
3044	515
3042	5727
3042	3043
3043	514
3052	5728
3052	5729
3052	519
519	3049
3049	3048
3048	3046
3048	518
3046	3047
3047	5728
3047	517
3274	3053
3274	522
522	521
3054	524
3054	525
528	3056
3056	3055
3056	527
3280	3057
3280	531
531	530
3088	533
3088	3064
3088	534
3086	3065
3086	5730
3086	3087
3087	3067
3087	537
3067	3066
3066	3065
3066	536
540	3075
3075	3073
3075	3074
3074	3072
3074	539
3085	542
3085	3082
3085	3084
3084	543
3291	3089
3291	3090
3291	546
3090	545
549	3092
3092	3091
3092	548
552	3093
552	3094
3094	551
555	3096
3096	3095
3096	554
558	3098
3098	3097
3098	557
3101	3099
3101	3100
3100	560
3100	561
3105	3103
3105	3102
3105	3104
3104	563
3104	564
567	3107
567	3109
3109	3106
3109	3108
3108	566
3334	572
3334	3112
3334	570
572	3111
572	5659
5659	571
571	3110
571	3114
3114	569
575	5731
575	3118
3118	572
3118	5659
3118	3117
3117	571
3117	3116
3116	3115
3116	574
572	3113
3113	573
578	580
580	3121
580	5660
5660	3120
5660	579
579	3119
579	577
5734	5735
5732	5735
5735	5736
5737	5738
5738	5739
5734	5739
5739	5740
5735	5740
5740	5741
5737	5742
5738	5742
5742	5743
5739	5743
5743	5744
5740	5744
3376	5733
3376	5732
3376	746
746	5668
5668	5734
5668	747
747	5737
747	3374
3374	583
583	3124
3124	5742
3124	3123
3123	5743
3123	3122
3122	5744
3122	582
582	579
579	5741
579	5660
5660	5736
5660	580
580	5733
580	581
586	3127
586	3130
3130	3126
3130	3129
3129	3125
3129	3128
3128	585
3378	588
3378	3134
3378	589
5602	3135
5602	5745
5602	5603
5603	3136
5603	592
3136	591
591	3135
595	3138
3138	3137
3138	594
3145	3143
3145	598
3143	597
5601	3146
5601	5746
5601	5600
5600	3148
5600	601
3148	3147
3147	3146
3147	600
3158	3150
3158	3157
3157	3149
3157	604
604	603
607	3160
607	3162
3162	3159
3162	3161
3161	606
610	3166
3166	3164
3166	3165
3165	3163
3165	609
3170	3168
3170	3169
3169	3167
3169	613
613	612
3397	3175
3397	3176
3397	3398
3398	616
3175	615
3185	3182
3185	5747
3185	619
619	3183
3183	3181
3183	618
3181	3182
622	3186
622	3187
3187	621
625	3190
3190	3188
3190	3189
3189	624
3194	3192
3194	3193
3193	3191
3193	628
628	627
631	3197
3197	630
634	3198
634	633
3428	3199
3428	3200
3428	637
3199	636
640	3204
3204	3202
3204	3203
3203	3201
3203	639
3214	3206
3214	5748
3214	3213
3213	5749
3213	3212
3212	3207
3212	643
3207	642
642	3205
3205	5748
3205	3206
5750	5752
3448	5751
3448	5750
3448	3221
3448	646
3221	3220
3220	5752
3220	3219
3219	5753
3219	3218
3218	3215
3218	645
3215	3216
3216	5752
3216	5751
3216	3217
3217	644
3232	3225
3232	3224
3232	3231
3231	3223
3231	3230
3230	3222
3230	649
649	648
652	5754
652	3238
3238	5755
3238	3237
3237	3234
3237	3236
3236	3233
3236	651
3234	3235
3235	5754
3235	650
3249	3241
3249	3248
3248	3240
3248	3247
3247	3239
3247	3246
3246	654
3246	655
3262	3253
3262	5756
3262	3261
3261	3260
3260	5757
3260	3259
3259	5758
3259	658
658	3254
3254	657
657	3250
3250	5757
3250	3251
3251	5756
3251	3252
3252	3253
661	3267
3267	3266
3267	663
663	3265
663	5661
5661	3264
5661	662
662	3263
662	3269
3269	660
5761	5762
5762	5763
5759	5763
5764	5765
5761	5765
5765	5766
5762	5766
5767	5768
5764	5768
671	3268
671	5760
671	5665
5665	5664
5664	5759
5664	5663
5663	5761
5663	5662
5662	5764
5662	670
670	5767
670	666
666	3271
3271	5768
3271	665
665	3270
3270	5765
3270	5766
3270	662
662	5763
662	5661
5661	663
663	5760
663	3268
669	3272
669	3273
3273	668
3479	671
3479	5665
3479	3480
3480	5664
3480	674
674	5663
674	3276
3276	5662
3276	3275
3275	670
3275	673
3493	3278
3493	3494
3494	3277
3494	677
677	676
3281	3279
3281	680
3279	679
683	3283
3283	3282
3283	682
686	3285
3285	3284
3285	685
689	3289
689	3290
3290	688
692	691
3512	3298
3512	3299
3512	3513
3513	3300
3513	3514
3514	695
3298	694
3315	3303
3315	3302
3315	3314
3314	3301
3314	698
698	697
3545	3317
3545	3546
3546	3316
3546	701
701	700
3548	703
3548	3322
3548	704
3335	3323
3335	3324
3335	707
3324	706
3331	3328
3331	709
3331	710
3333	3332
3333	713
713	712
3557	3341
3557	3342
3557	716
3341	3339
3341	3340
3340	715
5596	3345
5596	5597
5597	3344
5597	719
719	3343
719	718
722	3346
3346	721
725	3350
725	724
5599	727
5599	3351
5599	728
731	3354
3354	3352
3354	3353
3353	730
5770	5771
3578	5769
3578	3579
3579	5770
3579	5772
3579	3580
3580	3362
3580	734
3362	3361
3361	5770
3361	5771
3361	733
733	3359
3359	3360
3360	5769
3360	732
5773	5777
5777	5778
5774	5778
3383	5773
3383	5777
3383	5776
3383	3382
3382	5779
3382	3381
3381	739
3381	737
739	5667
5667	5777
5667	5778
5667	5666
5666	5775
5666	738
738	736
736	3363
3363	5774
3363	3364
3364	5773
3364	735
5777	5776
3380	739
3380	5780
3380	742
742	3368
3368	5667
3368	3367
3367	5666
3367	3366
3366	3365
3365	738
3365	741
5667	739
745	3373
3373	3372
3373	747
747	3371
747	5668
5668	3370
5668	746
746	3375
3375	3369
3375	744
3379	3377
3379	750
3377	749
3392	3386
3392	3385
3392	3391
3391	3384
3391	753
753	752
3399	5781
3399	756
756	3396
3396	3393
3396	3395
3395	755
3393	3394
3394	754
3589	5782
3589	3402
3589	3403
3589	3590
3590	759
3402	3401
3401	3400
3401	758
3400	757
762	3406
762	3408
3408	3405
3408	3407
3407	3404
3407	761
3623	3414
3623	3416
3623	765
3416	3413
3416	3415
3415	764
3424	3422
3424	3423
3423	3421
3423	768
768	767
771	3426
771	3427
3427	3425
3427	770
3632	773
3632	3433
3632	3633
3633	3434
3633	774
3648	3436
3648	5783
3648	3649
3649	5784
3649	3650
3650	3437
3650	777
3437	776
776	5783
776	3435
3435	3436
3445	3444
3445	780
780	779
783	3447
3447	3446
3447	782
786	785
3457	788
3457	789
792	3458
792	791
795	794
798	3459
3459	797
3461	3460
3461	800
3461	801
804	3462
804	3463
3463	803
807	3466
3466	3465
3465	3464
3465	806
810	3468
810	3469
3469	3467
3469	809
3749	3470
3749	5785
3749	3750
3750	3472
3750	813
3472	3471
3471	3470
3471	812
3760	5786
3760	3761
3761	5788
3761	5787
3761	3762
3762	816
816	3475
3475	5789
3475	815
815	3473
3473	5788
3473	3474
3474	5786
3474	814
5788	5787
819	3478
3478	3476
3478	3477
3477	818
3766	3481
3766	3482
3766	3767
3767	3483
3767	3768
3768	822
3481	821
3772	3486
3772	5790
3772	825
825	3488
3488	3485
3488	3484
3488	3487
3487	824
3485	3486
5590	3490
5590	3489
5590	5591
5591	827
5591	828
3496	830
3496	3491
3496	3495
3495	3492
3495	831
3501	3498
3501	3500
3500	3497
3500	3499
3499	833
3499	834
5593	3504
5593	5791
5593	837
837	3506
3506	3505
3505	3502
3505	836
3502	3503
3503	3504
840	3511
3511	3508
3511	3510
3510	3507
3510	3509
3509	839
5592	3515
5592	3516
5592	843
3515	842
5589	5793
5589	5671
5589	5588
5588	848
5588	846
5671	5670
5670	5792
5670	5669
5669	3518
5669	3517
5669	847
847	845
3518	844
844	5793
3793	848
3793	5671
3793	851
851	5670
851	3521
3521	3520
3520	5669
3520	3519
3519	847
3519	850
854	3527
3527	3524
3527	3526
3526	3523
3526	3525
3525	3522
3525	853
3830	3530
3830	3831
3831	3529
3831	3832
3832	3528
3832	857
857	856
3549	859
3549	3537
3549	860
3547	5795
3547	3540
3547	863
3540	3539
3539	5794
3539	862
862	3538
3538	861
861	5795
3843	3550
3843	3551
3843	866
3551	865
869	3556
3556	3555
3556	868
872	871
875	874
3852	877
3852	3558
3852	3853
3853	878
3865	3559
3865	880
3865	881
3869	883
3869	3562
3869	884
887	3572
887	3573
3573	886
890	3574
890	889
3583	892
3583	3575
3583	3582
3582	3576
3582	3581
3581	3577
3581	893
3591	3586
3591	5796
3591	896
896	3588
3588	3584
3588	3587
3587	895
3584	3585
3585	3586
3885	3594
3885	3595
3885	899
3594	3592
3594	3593
3593	898
3897	3603
3897	5797
3897	902
902	3605
3605	3604
3604	3601
3604	901
3601	3602
3602	3603
3903	5798
3903	3609
3903	905
3609	3608
3608	3606
3608	904
3606	3607
3607	903
3615	3611
3615	3610
3615	3614
3614	907
3614	908
911	3617
911	3619
3619	3616
3619	3618
3618	910
3626	3621
3626	3620
3626	5799
3626	3625
3625	5800
3625	3624
3624	3622
3624	914
3622	913
913	5799
913	3620
3634	5801
3634	5802
3634	917
917	3631
3631	3627
3631	3630
3630	916
3627	3628
3628	5801
3628	3629
3629	915
3947	3638
3947	5803
3947	3948
3948	3640
3948	920
3640	3639
3639	919
919	3638
3985	3642
3985	5804
3985	3986
3986	3643
3986	923
3643	922
922	3641
3641	3642
3652	3644
3652	3646
3652	3651
3651	3647
3651	926
3646	3645
3645	925
929	3654
929	3656
3656	3653
3656	3655
3655	928
5587	3658
5587	3657
5587	932
932	931
935	934
5586	3661
5586	3662
5586	938
3661	937
3996	5805
3996	3670
3996	941
3670	5806
3670	3669
3669	3667
3669	940
3667	3668
3668	5805
3668	939
5807	5810
5810	5811
1161	3672
1161	5807
1161	5672
5672	5810
5672	5673
5673	5811
5673	5809
5673	5674
5674	1162
1162	3674
1162	944
3674	3673
3673	5811
3673	943
943	5808
943	3671
3671	5807
3671	3672
5583	3680
5583	5584
5584	3679
5584	5585
5585	946
5585	3681
5585	947
5582	3688
5582	949
5582	3689
5582	5581
5581	3690
5581	5580
5580	950
4024	5812
4024	3695
4024	953
3695	3694
3694	3691
3694	3693
3693	952
3691	3692
3692	951
3708	3698
3708	3697
3708	3707
3707	3696
3707	956
956	955
4044	3714
4044	5813
4044	4045
4045	4046
4046	5814
4046	959
959	3715
3715	958
958	3713
3713	5813
3713	3714
962	3716
962	961
965	964
3727	967
3727	968
3725	970
3725	971
974	3726
974	973
977	3729
3729	3728
3729	976
4068	3730
4068	979
4068	980
4080	3735
4080	3736
4080	4081
4081	983
3735	982
986	3738
986	3740
3740	3737
3740	3739
3739	985
989	3744
3744	3742
3744	3743
3743	3741
3743	988
3748	3746
3748	3747
3747	3745
3747	992
992	991
995	994
4089	997
4089	3753
4089	998
3769	3754
3769	1000
3769	1001
3765	1003
3765	3757
3765	3764
3764	3758
3764	3763
3763	3759
3763	1004
5579	3770
5579	1007
1007	1006
3773	3771
3773	1010
3771	1009
5578	3776
5578	1013
3776	3775
3775	3774
3775	1012
1016	3778
1016	3779
3779	3777
3779	1015
1019	3781
3781	3780
3781	1018
3796	3782
3796	3795
3795	1021
3795	3794
3794	3783
3794	1022
4121	3799
4121	1025
1025	3798
1025	3800
3800	3797
3800	1024
4124	3801
4124	4125
4125	1027
4125	1028
4134	3802
4134	3803
4134	4135
4135	3804
4135	1031
3802	1030
3816	3807
3816	3806
3816	3815
3815	3805
3815	3814
3814	1033
3814	1034
4146	3819
4146	4147
4147	3818
4147	5815
4147	1037
1037	3820
3820	3817
3820	1036
3817	3818
4161	5816
4161	3825
4161	1040
3825	3824
3825	1039
3824	1038
3833	3829
3833	1043
3829	3828
3828	3826
3828	3827
3827	1042
1046	3835
3835	3834
3835	1045
1049	3837
3837	3836
3837	1048
1052	3841
1052	3842
3842	1051
4164	5817
4164	3846
4164	4165
4165	3847
4165	1055
3846	1054
1054	1053
1058	3849
1058	3851
3851	3848
3851	3850
3850	1057
4175	3858
4175	1061
3858	1060
1064	3859
1064	3860
3860	1063
4179	3861
4179	3862
4179	1067
3862	1066
3866	5818
3866	3864
3866	1070
3864	1069
1069	3863
3863	1068
3870	3867
3870	3868
3870	1073
3868	1072
1076	3874
1076	1075
1079	3877
3877	1078
1082	3881
1082	1081
3884	1084
3884	1085
4187	1087
4187	3886
4187	1088
1091	3889
3889	3887
3889	3888
3888	1090
3898	3895
3898	3896
3898	1094
3896	3894
3896	1093
1097	3900
3900	3899
3900	1096
3905	3901
3905	5820
3905	5819
3905	3904
3904	1100
1100	3902
3902	5820
3902	1099
1099	3901
4210	5821
4210	3910
4210	1103
3910	3909
3909	3908
3908	3906
3908	1102
3906	3907
3907	1101
4248	5822
4248	1106
1106	3920
3920	5823
3920	3919
3919	3916
3919	1105
3916	3917
3917	5822
3917	3918
3918	1104
4256	3922
4256	5824
4256	1109
1109	3924
3924	3923
3923	3921
3923	1108
3921	3922
3932	3926
3932	3925
3932	3931
3931	1111
3931	1112
1115	3934
1115	3936
3936	3933
3936	3935
3935	1114
5577	3942
5577	5825
5577	1118
1118	3943
3943	3941
3943	1117
3941	3942
1121	3946
3946	3944
3946	3945
3945	1120
5576	3949
5576	1124
3949	1123
4283	3950
4283	3951
4283	4284
4284	3952
4284	1127
3951	1126
1130	3962
1130	3964
3964	3961
3964	3963
3963	1129
4317	3966
4317	3965
4317	4318
4318	1132
4318	1133
1136	3967
3967	1135
5826	5828
2240	5826
2240	5828
2240	5690
5690	5829
5690	2241
2241	3971
2241	1139
3971	3970
3970	3969
3969	5828
3969	5827
3969	1138
1138	3968
3968	5826
3968	1137
1142	3974
1142	3976
3976	3973
3976	3975
3975	3972
3975	1141
1145	1144
3993	1147
3993	1148
1151	3995
3995	3994
3995	1150
5435	3997
5435	3998
5435	5436
5436	3999
5436	5437
5437	1154
3997	1153
5575	4002
5575	4001
5575	1157
1157	4004
4004	4000
4004	4003
4003	1156
5833	5834
4009	5833
4009	5834
4009	4008
4008	5832
4008	4007
4007	1162
4007	1160
1162	5674
5674	5673
5673	5834
5673	5831
5673	5672
5672	5830
5672	1161
1161	4005
1161	1159
4005	4006
4006	5831
4006	5833
4006	1158
5836	5838
5574	5837
5574	1167
5574	1165
1167	5836
1167	5675
5675	5838
5675	4011
5675	5835
5675	1166
1166	1164
1164	4010
4010	4011
4011	4012
4012	5837
4012	1163
5464	1167
5464	5465
5465	5675
5465	5466
5466	1166
5466	1170
1170	1169
1173	4013
4013	1172
1176	4017
1176	1175
1179	4020
4020	1178
1182	4027
4027	1181
5476	4031
5476	4032
5476	1185
4032	1184
1188	4034
4034	4033
4034	1187
1191	4038
1191	4039
4039	1190
1194	4043
4043	4042
4042	4040
4042	4041
4041	1193
1197	1196
5484	1199
5484	1200
4065	1202
4065	1203
4069	4066
4069	4067
4069	1206
4067	1205
5493	4070
5493	4071
5493	1209
4071	1208
1212	4076
4076	4075
4076	1211
1215	4079
4079	4077
4079	4078
4078	1214
1218	1217
5514	1220
5514	4086
5514	1221
1224	4088
4088	4087
4088	1223
5521	4096
5521	1227
4096	1226
4102	4097
4102	1230
1230	1229
1233	4106
1233	1232
5537	1235
5537	4109
5537	1236
1239	4110
1239	4111
4111	1238
4117	4112
4117	1242
1242	1241
1245	1244
1248	1247
4126	4122
4126	4123
4126	1251
4122	1250
5419	4127
5419	2236
2236	5839
2236	5689
5689	2235
2235	4128
2235	4129
2235	1254
4128	1253
1253	4127
4136	5840
4136	4133
4136	1257
4133	4132
4132	4130
4132	1256
4130	4131
4131	1255
4326	4137
4326	1260
1260	1259
4149	4144
4149	4145
4149	4148
4148	1263
4144	1262
4343	4151
4343	5841
4343	4344
4344	4152
4344	1266
4152	4150
4152	1265
4150	4151
1269	4153
1269	4154
4154	1268
4166	5842
4166	4157
4166	1272
4157	4156
4156	4155
4156	1271
4155	1270
4163	4159
4163	5843
4163	4162
4162	5844
4162	4160
4162	1275
4160	1274
1274	4158
4158	5843
4158	4159
1278	4168
4168	4167
4168	1277
1281	4169
1281	4170
4170	1280
1284	4172
4172	4171
4172	1283
1287	4174
4174	4173
4174	1286
1290	1289
1293	1292
4180	1295
4180	4178
4180	1296
4183	4181
4183	4182
4182	1298
4182	1299
1302	4185
1302	4186
4186	4184
4186	1301
4365	4188
4365	1305
4188	1304
4378	4189
4378	4379
4379	1307
4379	1308
4392	1310
4392	4192
4392	1311
1314	4202
1314	4203
4203	1313
1317	4206
4206	4205
4205	4204
4205	1316
4209	4208
4209	4207
4209	1320
1320	1319
1323	4213
4213	1322
1326	4217
1326	1325
4402	4218
4402	4219
4402	4403
4403	1329
4218	1328
1332	4221
1332	4223
4223	4220
4223	4222
4222	1331
4414	5845
4414	4228
4414	1335
4228	4227
4227	4226
4226	4224
4226	1334
4224	4225
4225	1333
1338	4236
1338	4239
4239	4235
4239	4238
4238	4234
4238	4237
4237	1337
1341	4243
4243	4242
4243	1343
1343	5676
5676	4241
5676	1342
1342	4245
4245	4240
4245	1340
5847	5848
4251	4244
4251	5846
4251	4250
4250	4249
4249	5847
4249	1346
1346	4247
4247	4246
4247	1345
4246	1342
1342	5848
1342	5676
5676	1343
1343	4244
4244	5846
5850	5851
5851	5852
4258	4254
4258	5850
4258	4257
4257	5851
4257	1349
1349	4255
4255	5852
4255	1348
1348	4252
4252	5849
4252	4253
4253	5850
4253	4254
4263	4260
4263	4262
4262	4259
4262	4261
4261	1351
4261	1352
5854	5855
5856	5854
4452	4266
4452	5855
4452	4453
4453	5853
4453	4454
4454	1355
1355	4268
4268	5856
4268	4267
4267	4264
4267	1354
4264	5854
4264	4265
4265	4266
4266	5855
1358	4270
1358	4272
4272	4269
4272	4271
4271	1357
1361	4278
1361	4279
4279	4277
4279	1360
1364	4282
4282	4280
4282	4281
4281	1363
1367	1366
4464	1369
4464	1370
4477	1372
4477	4291
4477	4478
4478	4292
4478	1373
4492	4294
4492	5857
4492	1376
1376	4296
4296	5858
4296	4295
4295	4293
4295	1375
4293	4294
4294	5857
4302	4298
4302	4297
4302	4301
4301	1378
4301	1379
4511	4308
4511	4307
4511	4512
4512	4309
4512	1382
4309	1381
4320	5859
4320	4319
4319	4312
4319	1385
4312	4311
4311	4310
4311	1384
4310	1383
4524	4322
4524	4321
4524	4525
4525	1387
4525	4526
4526	1388
1391	1390
1394	1393
1397	4325
4325	1396
1400	1399
1403	1402
5416	1405
5416	1406
4346	1408
4346	4341
4346	4345
4345	4342
4345	1409
4350	4348
4350	4347
4350	4349
4349	1411
4349	1412
5412	4352
5412	4354
5412	1415
4354	4351
4354	4353
4353	1414
4367	4356
4367	5860
4367	4366
4366	4358
4366	1418
4358	4357
4357	4355
4357	1417
4355	4356
4361	4360
4361	4359
4361	1421
1421	1420
4540	4369
4540	4541
4541	4368
4541	1424
1424	1423
4381	1426
4381	4376
4381	4380
4380	4377
4380	1427
4555	5861
4555	4385
4555	1430
4385	5862
4385	4384
4384	4382
4384	1429
4382	4383
4383	5861
4383	1428
4393	4387
4393	4388
4393	1433
4388	4386
4388	1432
1436	4397
1436	1435
4404	4400
4404	4401
4404	1439
4400	1438
4563	4405
4563	1442
1442	1441
4415	4408
4415	1445
4408	1444
4413	4412
4413	1448
1448	1447
4569	4416
4569	4417
4569	1451
4417	1450
1454	4421
1454	1453
1457	4424
4424	1456
1460	4428
1460	1459
4591	4429
4591	4430
4591	4592
4592	1463
4429	1462
4594	5863
4594	4433
4594	1466
4433	1468
1468	5677
5677	5864
5677	1467
1467	4435
4435	4431
4435	1465
4431	4432
4432	5863
4432	1464
1471	4434
1471	4439
4439	1468
4439	4438
4438	5677
4438	1467
4438	4436
4438	4437
4437	1470
1474	4445
4445	4442
4445	4444
4444	4441
4444	4443
4443	4440
4443	1473
5866	5867
5867	5868
5869	5870
5866	5870
5870	5871
4456	5871
4456	5868
4456	4455
4455	1477
1477	5865
1477	4451
4451	4450
4450	5866
4450	4449
4449	5869
4449	4446
4449	1476
4446	4447
4447	5870
4447	4448
4448	5871
4448	1475
5868	5867
4460	4458
4460	4457
4460	4459
4459	1479
4459	1480
4641	4462
4641	4461
4641	4642
4642	1482
4642	1483
4465	1485
4465	4463
4465	1486
1489	4466
1489	4467
4467	1488
4649	5873
4649	5872
4649	4650
4650	4471
4650	1492
4471	4470
4470	5873
4470	4469
4469	4468
4469	1491
4468	1490
1495	4474
1495	4476
4476	4473
4476	4475
4475	4472
4475	1494
4668	1497
4668	4479
4668	4669
4669	4480
4669	1498
1501	4482
1501	4484
4484	4481
4484	4483
4483	1500
1504	4488
4488	4486
4488	4487
4487	4485
4487	1503
5875	5876
4495	4490
4495	5876
4495	4494
4494	5874
4494	4493
4493	4491
4493	1507
4491	5875
4491	1506
1506	4489
4489	5876
4489	4490
1510	4498
1510	4501
4501	4497
4501	4500
4500	4496
4500	4499
4499	1509
4698	4504
4698	4503
4698	4699
4699	4502
4699	4700
4700	1512
4700	1513
1516	4507
4507	1515
1519	4508
1519	1518
4513	4509
4513	4510
4513	1522
4509	1521
1525	4515
4515	4514
4515	1524
4721	4516
4721	1528
1528	1527
4724	4517
4724	4518
4724	4725
4725	1531
4517	1530
1534	4523
4523	4522
4522	4520
4522	4521
4521	4519
4521	1533
1537	1536
1540	4529
4529	1539
1543	4531
4531	4530
4531	1542
1546	4535
1546	4536
4536	1545
4542	4539
4542	1549
4539	4538
4538	4537
4538	1548
1552	4544
4544	4543
4544	1551
1555	4545
1555	4546
4546	1554
1558	4548
4548	4547
4548	1557
1561	4550
4550	4549
4550	1560
1564	4551
1564	4552
4552	1563
4556	4553
4556	4554
4556	1567
4554	1566
1570	4558
4558	4557
4558	1569
1573	4559
1573	4560
4560	1572
1576	4562
4562	4561
4562	1575
1579	1578
1582	1581
4742	1584
4742	4566
4742	4743
4743	1585
5405	4567
5405	1588
1588	1587
4570	1590
4570	4568
4570	1591
5401	4571
5401	4572
5401	1594
4572	1593
1597	4574
4574	4573
4574	1596
4766	4575
4766	4576
4766	1600
4576	1599
1603	4581
4581	4580
4581	1602
1606	4583
4583	4582
4583	1605
4586	4584
4586	4585
4585	1608
4585	1609
1612	4588
1612	4590
4590	4587
4590	4589
4589	1611
4595	1614
4595	4593
4595	1615
1618	4599
1618	4600
4600	1617
4785	4604
4785	4605
4785	1621
4605	1620
4797	4611
4797	4612
4797	1624
4611	4609
4611	4610
4610	1623
5397	4615
5397	5398
5398	4614
5398	1627
1627	4613
1627	1626
1630	4616
4616	1629
1633	4620
1633	1632
5396	4621
5396	4622
5396	5395
5395	1636
4621	1635
4801	5877
4801	4625
4801	1639
4625	1641
1641	5678
5678	1640
1640	4624
1640	4627
4627	4623
4627	1638
4624	1637
1644	4626
1644	4631
4631	1641
4631	4630
4630	5678
4630	1640
4630	4629
4629	4628
4629	1643
1647	4634
1647	4636
4636	4633
4636	4635
4635	4632
4635	1646
5881	5882
5879	5882
5882	5883
1652	5883
1652	5880
1652	5679
5679	5879
5679	5878
5679	1651
1651	1650
1650	4640
4640	5879
4640	4639
4639	5881
4639	1649
1649	4637
4637	5882
4637	4638
4638	5883
4638	1648
4826	5886
4826	5684
4826	1657
4826	1655
5684	5683
5683	5885
5683	5682
5682	5884
5682	5681
5681	5679
5681	1651
5681	5680
5680	1656
1656	1654
5679	1652
1652	5885
1652	5886
1652	1653
4653	1657
4653	5684
4653	4652
4652	5683
4652	4651
4651	5682
4651	1660
1660	5681
1660	4644
4644	5680
4644	4643
4643	1656
4643	1659
4648	4646
4648	4647
4647	4645
4647	1663
1663	1662
5887	5890
5890	5891
5891	5892
5888	5892
5890	5893
4844	5893
4844	5891
4844	4845
4845	5892
4845	4846
4846	5889
4846	1666
1666	4663
4663	4662
4662	5888
4662	5887
4662	1665
1665	4659
4659	5890
4659	4660
4660	4661
4661	5893
4661	1664
1669	4667
4667	4665
4667	4666
4666	4664
4666	1668
4851	4672
4851	4673
4851	4852
4852	4674
4852	1672
4672	1671
4883	4677
4883	4676
4883	4884
4884	4675
4884	4885
4885	1674
4885	1675
4895	1677
4895	4678
4895	1678
1681	4679
1681	1680
1684	1683
4907	1686
4907	4684
4907	1687
4688	4685
4688	1689
4688	1690
4922	4692
4922	5894
4922	4923
4923	4693
4923	1693
4693	1692
1692	4692
4703	5896
4703	4702
4702	5895
4702	4701
4701	4697
4701	1696
4697	4696
4696	4695
4695	5896
4695	4694
4695	1695
4694	1694
4930	4706
4930	4705
4930	4931
4931	4704
4931	1699
1699	1698
4941	1701
4941	1702
1705	1704
1708	1707
1711	4709
4709	1710
1714	4711
4711	4710
4711	1713
4974	4715
4974	5897
4974	4975
4975	4717
4975	1717
4717	4716
4716	4715
4716	1716
1720	4719
1720	4720
4720	4718
4720	1719
4727	1722
4727	4722
4727	4726
4726	4723
4726	1723
4731	4729
4731	4728
4731	4730
4730	1725
4730	1726
5392	4737
5392	5393
5393	4736
5393	5394
5394	1728
5394	1729
1732	1731
4744	4740
4744	4741
4744	1735
4740	1734
5391	4745
5391	5899
5391	5390
5390	4747
5390	5389
5389	1738
4747	5898
4747	4746
4746	1737
1737	4745
4745	5899
4979	4749
4979	1741
1741	4748
1741	1740
1744	1743
1747	4756
4756	1746
1750	4757
1750	1749
1753	4758
4758	1752
1756	4760
4760	4759
4760	1755
1759	4764
1759	4765
4765	1758
1762	1761
1765	1764
4992	1767
4992	4775
4992	4993
4993	1768
5386	4776
5386	1771
1771	4777
4777	1770
5382	4782
5382	1774
4782	4781
4782	1773
4786	4783
4786	4784
4786	1777
4784	1776
5001	4787
5001	4788
5001	1780
4788	1779
1783	4790
4790	4789
4790	1782
1786	4791
1786	4792
4792	1785
1789	4794
4794	4793
4794	1788
1792	4796
4796	4795
4796	1791
4802	4800
4802	1795
4800	1794
5011	4806
5011	5900
5011	4807
5011	1798
4807	1797
1797	4806
5021	4813
5021	4814
5021	1801
4813	4811
4813	4812
4812	1800
5380	4817
5380	4816
5380	5381
5381	4815
5381	1804
1804	1803
1807	4818
4818	1806
1810	4822
1810	1809
4825	1812
4825	1813
5379	4827
5379	4828
5379	5378
5378	1816
4827	1815
1819	4830
1819	4832
4832	4829
4832	4831
4831	1818
1822	4837
4837	4834
4837	4836
4836	4833
4836	4835
4835	1821
5903	5904
5904	5905
5901	5905
4847	5905
4847	5902
4847	1825
1825	4843
4843	5901
4843	4842
4842	5903
4842	4841
4841	4838
4841	1824
4838	4839
4839	5904
4839	4840
4840	5905
4840	1823
4853	5906
4853	4850
4853	1828
4850	4849
4849	4848
4849	1827
4848	1826
1831	4854
1831	1830
1834	4857
4857	1833
1837	4861
1837	1836
5060	1839
5060	4862
5060	5061
5061	4863
5061	1840
1843	4865
1843	4867
4867	4864
4867	4866
4866	1842
5069	1848
5069	1846
1848	5685
5685	4869
5685	1847
1847	4868
1847	1845
1851	1848
1851	4872
4872	5685
4872	4871
4871	1847
4871	4870
4870	1850
1854	4875
1854	4877
4877	4874
4877	4876
4876	4873
4876	1853
5909	5910
5909	5911
5911	5912
4888	4879
4888	5912
4888	5910
4888	4887
4887	5908
4887	4886
4886	5907
4886	1857
1857	4882
4882	4881
4881	5909
4881	4880
4880	5911
4880	1856
1856	4878
4878	5912
4878	4879
5909	5908
5094	5916
5094	1862
5094	1860
1862	5688
5688	5915
5688	5687
5687	5914
5687	5686
5686	5913
5686	1861
1861	4889
1861	1859
4889	5914
4889	4890
4890	4891
4891	5915
4891	5916
4891	1858
5115	1862
5115	5688
5115	5116
5116	5687
5116	1865
1865	5686
1865	4892
4892	1861
4892	1864
4897	4893
4897	4896
4896	4894
4896	1868
4894	1867
1871	4903
1871	4904
4904	4902
4904	1870
1874	4906
4906	4905
4906	1873
1877	1876
1880	1879
1883	4918
4918	1882
4924	4920
4924	4921
4924	1886
4920	4919
4920	1885
5145	4925
5145	5146
5146	1888
5146	1889
4933	1891
4933	4928
4933	4932
4932	4929
4932	1892
1895	4937
4937	4935
4937	4936
4936	4934
4936	1894
5177	4939
5177	4938
5177	5178
5178	1897
5178	1898
1901	4940
4940	1900
1904	1903
5199	1906
5199	1907
1910	1909
1913	1912
4980	1915
4980	4958
4980	1916
4976	4959
4976	4960
4976	1919
4960	1918
4969	4961
4969	4968
4968	1921
4968	1922
1925	4977
1925	4978
4978	1924
4983	4981
4983	4982
4982	1927
4982	1928
5202	4985
5202	4984
5202	5203
5203	1930
5203	1931
1934	1933
5210	4986
5210	4987
5210	5211
5211	1937
4986	1936
1940	4989
1940	4991
4991	4988
4991	4990
4990	1939
5002	4998
5002	1943
4998	1942
1946	4999
1946	5000
5000	1945
5215	5003
5215	1949
1949	1948
1952	1951
1955	1954
5221	1957
5221	5006
5221	1958
5377	5007
5377	1961
1961	1960
5012	5010
5012	1964
5010	1963
5373	5013
5373	5014
5373	1967
5014	1966
5229	5015
5229	5016
5229	1970
5016	1969
1973	5018
5018	5017
5018	1972
1976	5020
5020	5019
5020	1975
1979	1978
1982	1981
5240	5028
5240	1985
5028	1984
5259	5029
5259	5260
5260	1987
5260	1988
5045	1990
5045	5032
5045	1991
1994	5042
1994	5043
5043	1993
1997	5044
1997	1996
5266	5046
5266	5917
5266	2000
2000	5047
5047	1999
1999	5046
5062	5053
5062	5054
5062	2003
5053	5052
5052	5051
5052	2002
5059	5057
5059	5056
5059	5058
5058	5055
5058	2006
2006	2005
5276	5063
5276	2009
2009	2008
5070	5066
5070	2012
5066	2011
5068	5067
5068	2015
2015	2014
2018	5078
5078	5077
5078	2017
5298	5079
5298	2021
2021	2020
2024	5086
5086	2023
2027	5090
2027	2026
5093	2029
5093	2030
5120	5918
5120	5101
5120	5119
5119	5102
5119	2033
5101	2032
2032	2031
2036	5106
5106	5104
5106	5105
5105	5103
5105	2035
2039	5108
2039	5110
5110	5107
5110	5109
5109	2038
5305	5122
5305	5306
5306	5121
5306	2042
2042	2041
2045	5129
5129	2044
2048	5130
2048	2047
2051	2050
2054	2053
2057	2056
2060	5141
5141	2059
5148	5142
5148	5919
5148	5147
5147	5144
5147	2063
5144	5143
5143	5142
5143	2062
5353	5150
5353	5149
5353	5354
5354	5151
5354	2066
5151	2065
5159	5152
5159	2068
5159	2069
2072	5160
2072	5161
5161	2071
2075	5164
5164	5163
5163	5162
5163	2074
5920	5922
5365	5922
5365	5921
5365	5366
5366	5168
5366	2078
5168	5167
5167	5920
5167	2077
2077	5165
5165	5922
5165	5166
5166	2076
2081	5176
5176	5174
5176	5923
5176	5175
5175	5173
5175	2080
5173	5174
2084	5179
5179	2083
5181	5180
5181	2086
5181	2087
2090	5182
2090	5183
5183	2089
2093	5186
5186	5184
5186	5185
5185	2092
2096	5188
2096	5189
5189	5187
5189	2095
5205	5924
5205	5925
5205	5204
5204	5192
5204	2099
5192	5191
5191	5924
5191	5190
5191	2098
5190	2097
5201	5194
5201	5193
5201	5926
5201	5200
5200	2102
2102	5195
5195	2101
2101	5193
2105	5209
5209	5207
5209	5208
5208	5206
5208	2104
2108	5212
5212	2107
2111	5213
2111	2110
2114	5214
5214	2113
2117	2116
5360	5216
5360	5217
5360	5359
5359	2120
5216	2119
2123	5219
2123	5220
5220	5218
5220	2122
5230	5226
5230	2126
5226	2125
2129	5227
2129	5228
5228	2128
5234	5231
5234	2132
2132	2131
2135	5235
2135	2134
2138	2137
5241	5236
5241	2141
5236	2140
2144	5244
5244	5242
5244	5243
5243	2143
5348	5246
5348	5927
5348	5347
5347	5248
5347	2147
5248	5247
5247	5245
5247	2146
5245	5246
5323	5250
5323	5324
5324	5249
5324	2150
2150	2149
5262	2152
5262	5257
5262	5261
5261	5258
5261	2153
5267	5264
5267	5265
5267	2156
5265	5263
5265	2155
5336	5268
5336	5269
5336	2159
5269	2158
2162	5271
5271	5270
5271	2161
2165	5272
2165	5273
5273	2164
2168	5275
5275	5274
5275	2167
2171	2170
2174	2173
2177	2176
5307	5285
5307	5286
5307	2180
5285	2179
5300	5288
5300	5287
5300	5299
5299	5289
5299	2183
5289	2182
5297	5290
5297	2185
5297	2186
2189	5308
2189	2188
2192	2191
2195	5311
5311	2194
5317	5312
5317	2197
5317	2198
2201	5318
2201	5319
5319	2200
5325	5322
5325	2204
5322	5321
5321	5320
5321	2203
2207	5327
5327	5326
5327	2206
2210	5328
2210	5329
5329	2209
2213	5331
5331	5330
5331	2212
2216	5333
5333	5332
5333	2215
2219	5334
2219	5335
5335	2218
2222	2221
2225	5352
5352	5350
5352	5351
5351	5349
5351	2224
2228	5357
5357	2227
2231	5358
2231	2230
2234	5364
5364	5362
5364	5363
5363	5361
5363	2233
2239	5420
2239	2241
2241	2236
2241	5690
5690	5689
5690	2235
5690	2240
2240	2238
2244	2243
5439	5427
5439	5428
5439	5438
5438	5429
5438	2247
5427	2246
5541	5441
5541	5928
5541	2250
2250	5442
5442	5440
5442	2249
5440	5441
2253	5443
2253	2252
2256	5446
5446	2255
2259	5450
2259	2258
5564	2261
5564	5451
5564	5565
5565	5452
5565	2262
5467	5456
5467	5457
5467	2265
5456	5929
5456	5455
5455	5453
5455	2264
5453	5454
5454	2263
2268	5460
2268	5463
5463	5459
5463	5462
5462	5458
5462	5461
5461	2267
2271	5468
2271	5469
5469	2270
5558	5477
5558	5478
5558	5557
5557	5479
5557	5556
5556	2274
5477	2273
5485	5482
5485	5481
5485	2277
2277	5483
5483	5480
5483	2276
5496	5489
5496	5490
5496	2280
5490	2279
2283	5492
5492	5491
5492	2282
5549	5503
5549	2285
5549	2286
5551	2288
5551	5506
5551	2289
5555	5507
5555	2292
2292	2291
2295	2294
5554	5508
5554	2298
5508	2297
5515	5509
5515	5510
5515	2301
5510	2300
2304	5520
5520	5519
5520	2303
2307	2306
5553	2309
5553	2310
2313	5532
5532	2312
5543	5533
5543	2316
2316	2315
5538	2318
5538	5536
5538	2319
5542	5930
5542	5540
5542	2322
5540	5539
5540	2321
5539	2320
5544	2324
5544	2325
5546	5545
5546	2327
5546	2328
2331	5548
5548	5547
5548	2330
5552	5550
5552	2334
5550	2333
5563	5561
5563	5560
5563	5562
5562	5559
5562	2337
2337	2336
5598	5594
5598	5595
5598	2340
5594	2339
5619	5615
5619	5931
5619	5618
5618	5616
5618	2343
5616	2342
2342	5615
5636	5631
5636	2345
5636	2346
2349	5637
2349	5638
5638	2348
5932	5935
5933	5935
5933	5936
5934	5942
5935	5942
5935	5943
5936	5943
5937	5943
5937	5944
5938	5944
5940	5945
5941	5945
5942	5945
5943	5945
5944	5945
5939	5945
5944	2375
5944	5938
5938	19
5938	16
5938	5937
5937	2370
5937	5936
5936	5933
5933	2367
5933	13
5933	5932
5932	10
5932	7
5932	5934
5934	2360
5934	5941
5941	4
5941	5940
5940	2355
5940	5939
5939	0
5939	2375
5947	5949
5947	5644
5947	2419
5947	55
5947	52
5947	5946
5946	2417
5946	2415
5946	5949
5949	5948
5949	2357
5949	3
5949	5644
2357	1
1	44
44	2415
2415	49
2415	46
2419	2421
2421	5642
2421	2423
2423	5640
2423	58
58	61
61	8
61	9
61	64
5645	2362
5645	5950
5645	5643
5643	5641
5641	6
6	2362
12	11
11	65
15	79
15	2372
2372	2446
2372	2369
2369	76
2369	73
2369	14
14	70
14	68
18	83
18	17
5952	5954
5951	5953
5951	5954
5954	5956
5954	5957
5956	5958
5953	5956
5957	5959
5959	5960
5956	5959
5959	2377
5959	2
5959	43
5959	5957
5957	2409
5957	5954
5954	40
5954	5952
5952	37
5952	34
5952	5951
5951	28
5951	2388
5951	5955
5955	25
5955	5958
5958	2381
5958	5960
5960	20
5960	2377
20	22
28	31
2491	2483
2491	109
2491	5961
2491	24
24	5962
24	2384
2384	2471
2384	100
2384	23
23	2466
23	81
81	80
80	2463
80	85
85	97
85	88
88	94
88	91
2471	103
103	106
106	5961
106	109
109	112
2483	115
27	2492
27	2390
2390	26
30	29
127	121
127	29
29	117
117	116
5632	5964
5632	2519
5632	2517
5632	5963
5632	5634
5634	130
5634	2515
5634	33
33	128
33	32
130	133
133	2517
2519	2521
2521	136
136	48
48	47
47	2345
36	5965
36	35
35	5635
5635	5633
5633	2348
5633	2346
39	38
2416	5966
2416	42
42	2411
2411	2347
2411	41
2347	2344
2344	45
51	2418
2418	137
2418	50
2529	5968
2529	54
54	5967
54	53
53	140
140	142
142	5968
142	145
2533	5969
2533	5970
2533	2535
2535	5971
2535	2424
2535	57
2424	2422
2422	2420
2420	2530
2420	56
2530	5970
2530	5969
2530	146
146	148
148	151
60	59
59	154
59	2536
2536	2537
2536	2534
2534	152
63	5972
63	62
62	160
62	158
160	163
163	166
166	69
69	66
2543	167
2543	72
72	71
75	5975
75	74
74	2544
2544	5974
2544	170
170	5973
170	172
172	178
172	175
178	181
181	5974
181	184
184	5975
184	187
78	2561
78	2448
2448	188
2448	77
87	193
87	5976
87	86
86	2562
2562	186
186	185
185	190
190	193
90	89
5977	5980
5978	5980
5978	205
5978	2582
5978	202
5978	2577
5978	5977
5977	2575
5977	5979
5979	194
5979	195
5979	93
5979	208
5979	5980
5980	205
93	92
2577	199
5982	5985
5982	5986
5984	5990
5984	5991
5985	5994
5986	5994
5987	5994
5987	5995
5988	5995
5989	5995
5990	5995
5983	5990
5991	5996
5992	5996
5993	5996
5994	5996
5995	5996
5990	5996
5993	5626
5993	5623
5993	5992
5992	101
5992	5991
5991	2473
5991	5984
5984	102
5984	217
5984	5983
5983	2602
5983	5989
5989	214
5989	5988
5988	2599
5988	5987
5987	211
5987	5986
5986	2595
5986	5982
5982	209
5982	5981
5981	95
5981	96
5981	5626
5981	5985
5628	2465
5628	5997
5628	5625
5625	2468
5625	99
2468	2465
105	104
5999	6001
5998	6000
5998	6001
6001	6004
6000	6006
6000	6003
6000	6004
6004	6007
6004	6008
6005	6010
6006	6010
6007	6010
6003	6007
6007	2604
6007	216
6007	6008
6008	107
6008	6004
6004	108
6004	6001
6001	2621
6001	5999
5999	234
5999	231
5999	5998
5998	228
5998	6002
6002	223
6002	6005
6002	6006
6005	6009
6009	220
6009	215
6009	2604
6009	6010
111	2623
111	110
2623	235
114	2643
114	2641
114	2486
2486	2639
2486	113
113	2637
113	238
238	243
238	240
2643	246
246	249
123	250
123	122
2516	255
2516	253
2516	125
2516	126
2672	2667
2672	6012
2672	132
132	6013
132	131
131	258
131	256
258	6011
258	261
261	2665
2665	6012
2665	2667
6012	6013
2667	264
6014	6016
6015	6018
6016	6018
6016	2678
6016	2676
6016	6014
6014	2674
6014	134
6014	2518
6014	6015
6015	2520
6015	6017
6017	2522
6017	6018
6018	6019
6018	2680
6018	2678
2680	141
141	138
138	135
135	2522
2674	268
6020	6022
6022	6023
6022	144
6022	147
6022	273
6022	2687
6022	6020
6020	270
6020	265
6020	2677
6020	2679
6020	6021
6021	2681
6021	6023
6023	143
6023	144
2677	266
2538	279
2538	6025
2538	150
150	6024
150	149
149	274
274	276
276	2694
2694	6025
2694	279
156	6026
156	155
155	280
280	282
282	2698
282	285
2698	159
288	2702
2706	291
2706	2704
2706	162
162	2702
162	2699
162	161
2699	286
165	297
165	2707
165	164
2707	295
297	171
303	306
6027	6030
6028	6030
6028	174
6028	2720
6028	2718
6028	6027
6027	2716
6027	2714
6027	6029
6029	2712
6029	298
6029	173
6029	6030
6030	174
2720	306
2720	300
311	314
177	2739
177	176
176	307
307	317
307	314
317	320
180	324
180	179
324	326
183	182
182	330
6031	6034
6032	6034
6032	2578
6032	338
6032	335
6032	6031
6031	332
6031	327
6031	328
6031	6033
6033	191
6033	2576
6033	6034
6034	2578
2576	192
338	341
341	198
2775	2773
2775	353
2775	350
2775	344
2775	2763
2775	201
201	200
200	342
344	347
204	6035
204	2584
2584	203
203	2776
2776	357
357	359
359	362
2597	363
2597	206
2597	207
363	365
365	368
368	371
213	2600
2600	372
2600	212
222	221
221	369
221	370
6036	6042
6037	6042
6040	6045
6040	6046
6041	6046
6041	6047
6042	6047
6043	6047
6038	6043
6044	6048
6046	6049
6047	6049
6048	6049
6043	6048
6048	375
6048	224
6048	6044
6044	227
6044	386
6044	2811
6044	6038
6044	6043
6038	2808
6038	6037
6038	6042
6037	383
6037	380
6037	6036
6036	2803
6036	6040
6036	6041
6040	2800
6040	6039
6039	377
6039	2795
6039	6045
6045	2792
6045	375
6045	6049
230	387
230	229
233	232
236	390
236	232
390	392
242	393
242	241
393	395
2839	6052
2839	6054
2839	2841
2841	2644
2841	245
2644	2642
2642	6051
2642	2640
2640	6053
2640	2638
2638	401
2638	399
2638	244
401	404
404	6050
404	407
407	410
410	6052
6052	6051
6052	6054
6051	6053
248	247
247	2842
2842	6055
2842	2840
2840	2843
2840	411
2843	2845
2845	254
2845	2847
2847	257
2847	413
254	251
431	2865
260	6057
260	2853
260	2850
260	416
260	259
259	414
2853	6056
2853	419
419	422
422	425
425	2865
425	428
2865	2867
2867	6057
2867	434
263	446
263	2668
2668	2887
2668	6059
2668	2666
2666	6058
2666	262
262	435
435	443
435	437
437	440
443	2887
2887	6059
272	2896
272	2689
2689	447
2689	271
278	2914
278	2696
2696	2912
2696	6062
2696	277
277	6061
277	2898
2898	6060
2898	445
445	2904
445	2902
445	2890
2890	2900
2890	444
444	449
2904	2906
2906	2908
2908	6061
2908	2910
2910	6062
2910	2912
284	283
6063	6065
6063	6066
6065	6068
6065	6069
6065	6070
6066	6070
6066	6071
6066	6072
6064	6067
6064	6068
6068	6075
6068	6076
6069	6076
6069	6077
6070	6077
6070	6078
6070	6079
6071	6079
6071	6080
6072	6080
6067	6075
6077	6081
6077	6082
6078	6082
6078	6083
6079	6083
6079	6084
6079	6085
6080	6085
6080	6086
6083	6087
6083	6088
6084	6088
6084	6089
6085	6089
6085	6090
6086	6090
6086	6091
6088	6092
6088	6093
6089	6093
6089	6094
6090	6094
6090	6095
6091	6095
6093	6096
6094	6096
6094	6097
6095	6097
6095	6098
6098	6099
6098	287
6098	461
6098	2932
6098	6095
6095	2930
6095	6091
6091	2928
6091	6086
6086	2926
6086	6080
6080	6072
6072	2924
6072	2922
6072	6066
6066	6063
6063	2920
6063	2918
6063	6064
6064	6073
6073	458
6073	455
6073	452
6073	450
6073	6074
6073	6067
6074	2901
6074	6075
6075	2903
6075	6076
6076	2905
6076	6081
6081	2907
6081	6082
6082	6087
6087	2909
6087	2911
6087	6092
6092	2913
6092	6096
6096	2915
6096	6097
6097	6099
6099	283
6099	287
2936	2934
2936	6100
2936	2938
2938	2940
2940	2705
2940	290
2705	2703
2703	289
289	462
462	2934
2934	464
6108	6109
6108	2713
6108	6106
6108	2944
6108	2942
6108	6107
6107	2937
6107	2939
6107	2941
6107	6109
6109	292
6109	293
6109	296
6109	2713
2937	468
2944	6105
2944	2946
2946	6103
2946	2948
2948	6102
2948	2950
2950	6101
2950	2952
2950	470
2952	2954
2954	6102
2954	2956
2956	6104
2956	473
473	299
299	2721
2721	6102
2721	6103
2721	2719
2719	2717
2717	6105
2717	2715
2715	6106
2715	2713
302	315
302	301
301	316
301	474
474	2990
474	2988
474	476
476	2986
476	479
479	438
479	439
305	304
304	2343
313	312
319	2991
319	318
2991	485
2991	6110
2991	2989
2989	2866
2989	2987
2987	2868
2987	436
436	433
2866	432
432	2994
2994	485
6112	6113
6112	497
6112	494
6112	491
6112	6111
6111	489
6111	321
6111	2741
6111	6113
6113	322
6113	503
6113	497
497	500
503	331
331	325
334	333
337	501
337	336
336	502
2764	509
2764	340
340	507
340	339
509	512
346	515
346	345
345	513
349	521
349	519
349	348
352	6115
352	6114
352	351
351	525
525	527
527	3058
527	530
3058	6115
3058	6116
3058	3060
3060	3062
3062	3068
3062	536
3062	533
3068	6115
3068	539
6117	6120
6118	6120
6118	2794
6118	2797
6118	3080
6118	6117
6117	3078
6117	355
6117	358
6117	6119
6119	366
6119	6120
6120	367
6120	373
6120	2794
355	2774
2774	540
2774	354
3080	542
542	376
361	360
379	557
379	554
379	2805
2805	551
2805	2802
2802	548
2802	534
2802	378
378	543
543	535
534	545
382	561
382	381
6122	6126
6122	6127
6123	6127
6121	6126
6127	6128
6127	6129
6127	394
6127	585
6127	6123
6123	582
6123	577
6123	6122
6122	574
6122	6121
6121	569
6121	6124
6121	6125
6125	384
6125	2810
6125	2813
6125	6128
6125	6126
6128	385
6128	6129
6129	388
6129	391
6129	394
384	564
564	566
566	569
397	396
396	586
586	3139
586	588
588	594
588	591
403	6130
403	402
402	3141
3141	597
3141	595
6131	6134
6131	6133
6131	3153
6131	3151
6131	6132
6132	603
6132	600
6132	598
6132	6134
6134	405
6134	406
6134	6133
6133	3155
6133	3153
6136	6138
6136	5612
6136	5610
6136	3154
6136	3156
6136	6137
6137	408
6137	409
6137	2844
6137	6138
6138	2846
6138	2848
6138	5612
5612	412
5612	415
3154	5608
3154	3152
3152	6135
3152	604
604	606
606	609
609	5606
609	5604
609	612
612	421
421	420
5606	5608
6139	6142
6140	6142
6142	6143
6142	2852
6142	2855
6142	6140
6140	418
6140	5605
6140	5607
6140	6139
6139	5609
6139	6141
6141	5611
6141	6143
6143	5613
6143	417
6143	2852
424	423
6144	6146
6144	3177
6144	615
6144	3173
6144	6145
6145	610
6145	611
6145	426
6145	6146
6146	427
6146	618
6146	3177
429	619
624	627
2997	6147
2997	430
430	619
619	621
621	627
627	484
442	441
441	451
441	480
454	478
454	453
2976	471
2976	2953
2976	2955
2976	6148
2976	457
457	456
456	475
475	2957
475	472
2957	2955
2935	6154
2935	2933
2935	460
2933	2931
2931	6153
2931	2929
2929	6152
2929	2927
2927	6151
2927	2925
2925	6150
2925	2923
2923	6149
2923	2921
2921	2919
2919	2977
2919	459
2977	483
483	6150
483	2979
2979	6151
2979	2982
2982	6152
2982	6153
2982	463
463	6154
6155	6157
6156	6159
6157	6159
6157	6160
6158	6162
6159	6162
6159	6160
6160	2947
6160	2949
6160	6157
6157	2951
6157	6155
6155	469
6155	481
6155	2981
6155	6156
6156	6158
6158	2984
6158	6161
6161	465
6161	466
6161	2943
6161	6162
6162	2945
6162	2947
487	486
486	628
630	633
3208	639
3208	6164
3208	493
493	6163
493	492
492	626
626	625
625	633
633	6164
633	636
636	639
6165	6168
6166	6168
6166	3226
6166	648
6166	6165
6165	3210
6165	495
6165	6167
6167	496
6167	3228
6167	6168
6168	3226
3210	645
3210	643
499	3244
499	3229
499	498
3229	3242
3229	3227
3227	6169
3227	649
649	651
651	654
654	3242
3244	508
6171	6173
6172	6173
6172	511
6172	514
6172	3255
6172	657
6172	6171
6171	655
6171	6170
6170	3243
6170	3245
6170	6173
6173	510
6173	511
517	3257
517	516
3257	668
3257	660
3257	658
660	665
523	669
523	522
529	6174
529	528
528	667
667	673
667	666
673	676
676	679
544	532
532	6178
532	3063
3063	6177
3063	3061
3061	6176
3061	6175
3061	3059
3059	531
531	680
680	6176
680	682
682	685
685	3286
3286	6177
3286	6178
3286	688
3081	537
3081	3071
3081	3079
3079	538
547	546
3292	6179
3292	3294
3294	6180
3294	3296
3296	550
550	549
549	3288
549	687
3288	6179
3288	686
3304	694
3304	6181
3304	3293
3304	3306
3306	3308
3308	3295
3308	3310
3310	3297
3310	3312
3312	553
553	552
3293	684
684	683
683	691
691	694
6182	6185
6183	6185
6185	6186
6185	3329
6185	709
6185	6183
6183	3325
6183	706
6183	3320
6183	6182
6182	3318
6182	6184
6184	3307
6184	3309
6184	3311
6184	6186
6186	3313
6186	3329
3329	555
3329	556
3307	3305
3305	700
3305	698
3320	703
559	6187
559	558
558	3330
3330	710
710	712
712	562
712	565
568	567
6190	6193
6190	6194
6188	6194
6188	6191
6188	6192
6192	6196
6193	6198
6194	6198
6191	6198
6191	6195
6191	6196
6196	6199
6196	6200
6198	6201
6199	6201
6195	6199
6200	6202
6199	6202
6202	711
6202	570
6202	573
6202	6200
6200	724
6200	3347
6200	6196
6196	6192
6192	721
6192	718
6192	6188
6188	715
6188	6190
6190	3336
6190	6189
6189	707
6189	3327
6189	6193
6193	6197
6197	708
6197	6201
6201	711
576	575
6203	6207
6204	6207
6204	6208
6205	6208
6207	6209
6207	6210
6208	6210
6208	744
6208	741
6208	736
6208	6205
6205	3355
6205	730
6205	6204
6204	6203
6203	727
6203	722
6203	3349
6203	6206
6206	6209
6209	723
6209	578
6209	581
6209	6210
6210	744
3355	733
584	6211
584	583
583	745
745	749
749	587
590	589
589	6214
589	750
750	6212
750	740
740	737
737	3387
737	752
3387	3389
3389	6213
3389	605
605	602
602	6214
602	601
6214	6212
593	599
593	592
3174	3388
3174	3390
3174	608
608	607
3388	755
3388	753
620	617
617	6217
617	3180
3180	6216
3180	6215
3180	616
616	761
616	756
756	758
761	3409
3409	6216
3409	764
764	3417
3417	6218
3417	767
767	632
632	631
631	6217
6217	6216
622	629
635	634
634	768
638	637
637	3429
637	771
3429	3441
3429	3431
3431	3438
3431	773
773	776
641	782
641	640
640	780
647	3455
647	3453
647	3449
647	783
647	646
3449	3451
3449	785
3455	788
653	797
653	794
653	791
653	652
652	789
797	800
800	659
664	6219
664	661
661	801
801	803
803	806
806	809
809	815
809	812
815	818
818	672
675	821
675	819
675	674
821	824
824	827
678	677
677	690
677	831
831	833
693	692
692	834
834	836
6220	6223
6220	3533
6220	3531
6220	853
6220	850
6220	6221
6220	6222
6222	695
6222	696
6222	699
6222	6223
6223	3541
6223	3535
6223	3533
3535	862
3535	859
695	840
840	842
842	845
845	850
853	856
702	6224
702	3321
3321	3319
3319	3544
3319	701
3544	863
3338	868
3338	3552
3338	865
3338	860
3338	705
705	704
704	861
6227	6229
6228	6229
6225	6228
6228	717
6228	2339
6228	3566
6228	3563
6228	6225
6225	883
6225	6227
6227	3560
6227	6226
6226	871
6226	869
6226	716
6226	6229
6229	717
871	874
874	880
874	877
3566	731
3566	3569
3569	886
886	3358
886	889
889	732
889	892
720	2340
720	719
729	728
735	734
734	893
893	895
895	754
895	757
743	742
3612	901
3612	3596
3612	760
760	898
760	759
759	896
901	904
763	6231
763	6230
763	3412
3412	3613
3412	762
3613	908
908	910
910	6231
910	913
766	3430
766	6233
766	3420
3420	6232
3420	765
765	914
914	916
916	772
772	3432
3432	6233
3432	3430
775	3635
775	774
774	917
3635	919
919	922
6235	6236
6235	3659
6235	934
6235	931
6235	928
6235	6234
6234	926
6234	777
6234	3440
6234	6236
6236	3443
6236	6237
6236	3659
3659	784
784	3450
3450	778
3450	781
778	3443
6239	6242
6240	6242
6240	3701
6240	3699
6240	955
6240	3685
6240	6239
6239	786
6239	3452
6239	3454
6239	6241
6241	3456
6241	3705
6241	3703
6241	6242
6242	3701
3705	787
3705	790
786	3682
786	3660
3660	935
935	6238
935	937
937	3663
3663	3675
3663	940
940	943
3675	946
946	3682
3685	952
3685	949
3717	6245
3717	6244
3717	793
793	792
792	3706
3706	6245
3706	3704
3704	6243
3704	3702
3702	3700
3700	3709
3700	956
3709	958
958	961
961	6245
3723	6247
3723	6246
3723	796
796	795
795	3718
3718	962
962	3719
3719	6247
3719	964
964	3721
3721	967
967	970
799	6248
799	798
798	3724
3724	971
971	973
973	802
805	804
808	988
808	6249
808	807
807	972
972	969
969	6252
969	6251
969	968
968	976
976	979
979	3731
3731	6252
3731	3733
3733	6250
3733	982
982	985
985	988
988	6249
6249	6252
811	810
814	3755
814	989
814	813
813	990
989	994
994	3751
3751	1000
3751	997
817	1004
817	816
823	6253
823	822
822	6254
822	1002
1002	3756
3756	6253
3756	1001
1001	1006
1006	1009
826	1010
826	825
1010	849
1010	3790
1010	1012
1012	1015
1015	3787
1015	3784
1015	1018
1018	1021
829	828
828	843
828	844
843	835
838	837
3808	6255
3808	6256
3808	3810
3810	3786
3810	3812
3812	3789
3812	3792
3812	852
852	851
3786	1022
1022	1024
1024	6255
1024	1030
1024	1027
1030	1033
6258	6259
6258	1042
6258	1039
6258	3821
6258	1036
6258	1034
6258	6257
6257	3809
6257	3811
6257	6259
6259	3813
6259	855
6259	1042
855	854
6260	6262
6260	3838
6260	1048
6260	1045
6260	1043
6260	6261
6261	857
6261	3532
6261	3534
6261	6262
6262	3536
6262	6263
6262	3838
3838	1051
1051	864
864	858
858	3536
867	3554
3554	1052
3554	866
3844	6264
3844	873
873	872
872	1050
1050	3840
3840	1049
876	3845
876	875
3845	1047
1047	1046
1046	1054
879	6265
879	3854
879	878
878	1058
3854	3856
3856	1060
1060	1063
1063	1066
1066	1069
882	6266
882	3561
3561	881
881	1070
1070	1072
6268	6271
6268	6272
6267	6273
6267	6270
6267	6271
6271	6275
6271	6276
6272	6276
6272	6277
6270	6278
6270	6274
6270	6275
6275	6279
6275	6280
6276	6280
6276	6281
6277	6281
6274	6279
6280	6282
6280	6283
6281	6283
6281	1081
6281	3878
6281	6277
6277	1078
6277	6272
6272	3875
6272	6268
6268	1075
6268	6267
6267	3871
6267	6269
6269	1073
6269	884
6269	6273
6273	6278
6278	3565
6278	3568
6278	6279
6279	6282
6282	3571
6282	6283
6283	885
6283	1081
888	3882
888	887
887	1082
891	1085
891	890
1085	897
6285	6290
6286	6290
6286	6291
6287	6291
6288	6291
6290	6292
6290	6293
6291	6293
6291	3600
6291	6288
6288	900
6288	1093
6288	3890
6288	6287
6287	6286
6286	1090
6286	6285
6285	6284
6285	3880
6285	6289
6289	1080
6289	6292
6292	3883
6292	6293
6293	1083
6293	899
6293	3600
3880	1079
1079	1087
1087	1090
1099	903
903	1094
903	902
906	6294
906	1100
906	905
1100	1102
1102	3911
3911	3929
3911	3927
3911	1105
1105	1111
1105	1108
3929	909
912	6297
912	6296
912	911
911	3930
3930	3928
3928	6297
3928	6295
3928	1114
3928	1112
1114	3937
3937	3637
3937	1117
1117	918
1117	1120
3637	6297
3637	915
3977	1129
3977	3957
3977	3981
3981	3953
3981	921
921	1126
921	1123
921	920
920	1121
1129	1132
1132	1135
1135	1138
924	923
923	3991
923	3984
3984	3989
3984	3980
3980	1144
3980	3987
3980	1142
1144	1147
930	6298
930	3992
930	929
3992	3990
3990	6299
3990	1148
1148	1150
1150	3666
1150	939
3666	6298
3666	938
933	932
942	1153
942	1151
942	941
1153	1156
6300	6302
6300	6303
6300	6304
6300	6305
6300	6306
6300	6301
6302	6308
6302	6309
6302	6310
6303	6310
6303	6311
6303	6312
6304	6312
6301	6308
6310	6313
6310	6314
6311	6314
6311	6315
6314	6316
6314	6315
6315	4021
6315	1178
6315	4018
6315	6312
6315	6311
6312	1175
6312	4014
6312	6304
6304	6305
6305	1172
6305	6306
6306	1169
6306	1164
6306	6307
6306	6301
6307	1160
6307	944
6307	3678
6307	6308
6308	6309
6309	945
6309	6313
6313	6316
6316	950
6316	4021
4021	951
948	6317
948	6318
948	3687
3687	3684
3684	6317
3684	947
6319	6324
6320	6324
6320	6325
6321	6327
6322	6327
6322	6328
6323	6328
6324	6328
6324	6329
6325	6329
6325	6330
6327	6331
6327	6332
6328	6332
6329	6332
6329	6333
6330	6333
6332	6334
6333	6334
6333	1190
6333	4035
6333	6330
6330	1187
6330	1184
6330	4028
6330	6325
6325	1181
6325	6320
6320	4025
6320	6319
6319	1179
6319	4023
6319	6322
6319	6323
6322	6321
6321	953
6321	954
6321	6326
6326	3712
6326	6331
6331	957
6331	1193
6331	6334
6334	1190
3720	4047
3720	1196
3720	960
960	1194
960	959
966	4063
966	3722
3722	965
965	6335
965	4048
4048	4049
4048	1197
4049	4051
4051	4061
4051	4053
4053	4055
4055	4059
4055	4057
4057	1202
4057	1199
4061	4063
6337	6338
6337	977
6337	978
6337	1205
6337	1203
6337	4060
6337	6336
6336	4062
6336	6338
6338	4064
6338	977
981	3734
3734	1211
3734	4072
3734	3732
3732	1206
3732	980
1206	1208
984	6340
984	983
983	1215
1215	4082
4082	4084
4082	1217
4084	6339
4084	1220
1220	3752
1220	1223
1223	996
3752	995
995	6340
987	986
6341	6344
6341	6343
6343	6346
6343	6345
6345	6347
6347	4090
6347	999
6347	1005
6347	6345
6345	1013
6345	1014
6345	6343
6343	4100
6343	6341
6341	4098
6341	6342
6342	1229
6342	1226
6342	4094
6342	6344
6344	4092
6344	6346
6346	4090
999	998
998	1224
1008	1007
4113	4107
4113	1232
4113	4103
4113	4115
4115	4099
4115	4101
4115	1017
1017	1016
4099	1230
4107	1238
4107	1235
1020	4116
1020	1019
4116	4118
4116	4114
4114	1242
1026	1247
1026	4120
1026	1025
4120	1240
1240	1244
1240	1239
1029	1028
1028	1251
1251	1253
1035	1032
1032	4142
1032	6349
1032	1031
1031	6348
1031	1257
1257	1259
1259	4138
4138	4140
4140	6349
4140	4142
1263	1265
1038	3823
3823	1271
3823	1268
3823	1265
3823	1037
1041	1040
1040	1053
1040	1275
3857	1286
3857	6351
3857	3855
3855	6350
3855	6352
3855	1056
1056	1055
1055	1273
1273	1272
1272	1277
1277	6350
1277	1280
1280	1283
1283	6351
1283	1286
1062	6353
1062	6354
1062	1061
1061	1287
1287	4176
4176	6353
4176	1289
1289	1292
1065	1293
1065	1064
1068	3873
1068	1067
1067	1296
1296	1074
1296	1298
1077	1301
1077	3876
3876	1299
3876	1076
1089	1088
1319	1095
1092	1316
1092	3893
3893	1313
3893	1091
1091	4199
1091	1300
1300	4196
1300	6357
1300	1297
1297	6355
1297	1294
1294	1291
1291	4190
1291	1290
1290	1307
1290	1304
4190	6356
4190	1310
1310	4193
4193	6357
4193	4196
6357	6355
1098	1097
1097	1320
1317	4211
1334	4229
6358	6360
6360	6364
6360	6365
6361	6365
6362	6365
6362	6366
6363	6366
6365	6368
6366	6368
6367	6368
6367	1318
6367	1103
6367	3915
6367	6366
6366	6363
6363	1104
6363	1345
6363	1340
6363	6362
6362	1337
6362	6361
6361	4229
6361	6360
6360	6358
6358	1325
6358	4214
6358	6359
6359	1322
6359	6364
6364	4211
6364	6368
6368	1318
1325	1331
1325	1328
1107	1106
1106	1346
1110	1351
1110	1349
1110	1109
1357	4273
1116	3940
3940	6369
3940	1115
1115	1352
1352	1354
1354	4273
4273	1124
4273	1360
1360	1125
1360	1363
1119	1118
4299	6370
4299	4289
4299	4287
4299	1128
1128	3960
3960	4285
3960	3956
3956	1369
3956	1366
3956	1127
1127	1364
4289	1372
1372	1375
1375	1378
4313	1381
4313	4303
4313	6371
4313	1131
1131	4300
1131	1130
4300	1379
1379	4303
1134	1133
1133	4316
4316	4323
4316	1385
1385	1390
1385	1387
1258	1255
1137	1136
1136	6372
1136	1394
1394	1396
1396	1255
1255	1254
1254	2238
3988	5423
3988	6373
3988	1140
1140	1139
1139	2239
2239	1246
1246	1245
1245	2243
2243	5421
5421	5423
1146	6376
1146	6374
1146	1145
1145	5424
5424	6375
5424	5422
5422	5425
5422	2244
5425	2246
2246	5430
5430	6374
5430	6376
5430	1152
1152	1149
6377	6379
6377	6380
6377	6381
6379	6382
6379	6383
6379	6384
6380	6384
6380	6385
6381	6385
6381	2255
6381	5444
6381	6377
6377	2252
6377	6378
6378	2249
6378	2247
6378	5434
6378	6382
6382	1154
6382	1165
6382	1168
6382	6383
6383	2267
6383	6384
6384	2264
6384	6385
6385	5447
6385	2255
5447	2258
2258	2261
1165	1155
1158	1157
1171	1170
6392	6394
6392	5473
6392	6393
6392	6390
6392	5646
6392	2350
6392	6391
6391	5650
6391	6389
6391	1182
6391	4030
6391	6394
6394	1183
6394	5473
1182	5572
5572	1174
1174	5649
1174	6386
1174	4016
4016	6387
4016	1173
1173	2266
2266	6388
2266	2265
2265	2270
2270	6390
2270	6393
2270	5470
5470	5473
6390	5647
6390	5646
5647	6387
5647	5648
5648	6386
5648	5649
5649	5650
4026	5573
4026	4019
4026	1177
4019	1176
6395	6397
6397	6399
6397	6398
6397	6395
6395	2273
6395	2271
6395	5472
6395	6396
6396	5475
6396	5570
6396	6399
6399	5568
6399	4054
6399	4056
6399	6398
6398	4058
6398	1198
6398	2276
6398	2273
4054	4052
4052	5566
4052	4050
4050	1191
4050	1195
1195	1192
5570	1186
1186	1185
5571	6400
5571	5569
5569	6401
5569	5567
5567	1189
1189	4037
4037	6400
4037	1188
2282	1207
1201	1207
1201	2279
1201	5486
1201	1200
1200	2277
5494	1209
5494	4074
5494	1210
6403	6404
6403	6405
6403	1216
6403	2294
6403	5504
6403	6402
6402	2285
6402	5500
6402	6404
6404	5497
6404	5495
6404	6405
6405	4083
6405	1216
4083	1212
4083	1213
5495	2281
2281	2280
5504	2291
5504	2288
5511	2297
5511	6406
5511	1219
1219	4085
4085	1218
1218	2295
2295	2297
6408	6409
6408	4093
6408	4095
6408	2303
6408	5516
6408	6407
6407	2301
6407	5513
6407	6409
6409	1221
6409	4091
6409	4093
4091	1222
2303	1225
6410	6412
6410	6413
6410	6414
6410	6415
6410	6416
6410	6411
6416	6418
6411	6418
6411	1228
6411	4105
6411	6412
6412	1231
6412	6413
6413	5530
6413	5528
6413	6414
6414	2306
6414	5526
6414	6415
6415	5524
6415	6417
6415	6416
6417	5522
6417	2304
6417	6418
6418	1227
6418	1228
1234	4108
4108	5534
4108	5531
4108	1233
5531	5529
5529	2315
5529	2307
2307	2312
2307	2309
1237	2242
1237	1236
1236	2319
2319	5426
2319	2321
2321	2245
2321	2248
1249	1248
1248	2237
1405	4333
6419	6421
6419	4333
6419	4331
6419	4329
6419	6420
6420	4327
6420	4139
6420	6421
6421	4141
6421	6422
6421	4335
6421	4333
4335	4337
4337	4141
4337	4143
4337	4339
4339	6423
4339	1408
1408	1264
1264	1261
1261	4143
4139	1399
4139	1260
1260	1397
4331	1402
1267	1266
1266	1409
1409	1279
1409	1411
1270	1269
1282	6424
1282	1281
1281	1412
1412	1420
1412	1417
1412	1414
4177	1303
4177	4362
4177	1421
4177	1284
4177	1285
1306	4374
1306	1305
1305	4364
4364	6426
4364	1419
1419	6425
1419	1418
1418	1423
1423	4370
4370	6426
4370	4372
4372	4374
4389	1427
4389	4191
4389	1309
4191	1308
1427	1429
6428	6431
6428	6432
6429	6432
6429	6433
6427	6431
6431	6434
6431	6435
6432	6435
6432	6436
6433	6436
6435	6437
6435	6438
6436	6438
6438	6439
6438	4216
6438	6436
6436	1324
6436	6433
6433	4398
6433	6429
6429	1435
6429	4394
6429	6428
6428	6427
6427	1433
6427	4391
6427	1311
6427	6430
6430	4195
6430	6434
6434	4198
6434	6437
6437	4201
6437	6439
6439	1312
6439	1323
6439	4216
4212	1314
4212	1315
1327	4399
1327	1326
4399	1436
1330	1329
4409	6440
4409	1329
4409	1447
1329	1439
1439	1441
1441	4406
4406	1444
1333	1332
1446	4411
6441	6444
6442	6444
6442	6445
6443	6449
6444	6449
6444	6450
6445	6450
6445	6451
6446	6451
6448	6452
6448	6453
6449	6453
6449	6454
6450	6454
6450	6455
6451	6455
6453	6456
6454	6456
6454	6457
6455	6457
6455	4425
6455	1456
6455	6451
6451	4422
6451	6446
6446	1453
6446	4418
6446	6442
6446	6445
6442	1450
6442	6441
6441	1445
6441	6443
6443	4411
6443	6447
6443	6448
6447	1335
6447	4233
6447	6452
6452	6456
6456	1336
6456	1459
6456	6457
6457	4425
1339	1338
6461	6466
6462	6466
6463	6466
6464	6466
6465	6466
6460	6466
6465	1341
6465	1344
6465	1347
6465	1350
6465	6464
6464	6459
6464	6463
6463	1476
6463	1473
6463	6458
6463	6462
6462	4427
6462	6461
6461	1458
6461	6460
6460	1341
4427	1457
1457	1470
1457	1465
1457	1462
1470	1473
1476	1353
1353	1350
1356	1477
1356	1355
1359	4276
4276	6468
4276	6467
4276	1480
4276	1358
1480	1482
1482	6468
1482	1485
1485	1368
1368	1367
1362	1361
6469	6471
6471	6472
6471	4286
6471	4288
6471	4290
6471	6469
6469	1371
6469	1494
6469	6470
6470	1488
6470	1486
6470	6472
6472	1370
6472	4286
1488	1491
1374	1503
1374	1373
1373	1500
1373	1495
1495	1497
4306	6474
4306	6475
4306	6476
4306	1377
1377	1507
1377	1376
1507	1509
1509	6475
1509	6473
1509	1512
1512	4505
4505	1515
1515	6474
1515	1518
1518	1380
1518	1521
6474	6475
1383	1522
1383	1382
1522	1524
1524	1527
1527	1533
1527	1530
5417	4328
5417	6477
5417	1389
1389	1388
1388	1534
1534	1536
1536	4527
4527	4332
4527	1401
4332	4330
4330	4328
1392	1398
1392	4324
4324	5418
4324	1391
1403	4528
5413	1422
5413	1548
5413	1545
5413	4532
5413	6478
5413	1404
1404	4528
4528	1542
4528	1539
4528	1537
1542	4532
1422	1416
6479	6482
6479	6481
6481	6483
6481	1410
6481	1413
6481	5415
6481	6479
6479	1406
6479	4334
6479	6480
6480	4336
6480	6482
6482	4338
6482	6483
6483	4340
6483	1407
6483	1410
6484	6487
6487	6488
6487	1566
6487	1563
6487	1560
6487	6484
6484	1557
6484	6485
6484	4373
6484	6486
6486	4375
6486	6488
6488	1425
6488	1428
6488	1566
4373	4371
4371	1554
4371	1551
4371	1549
4371	1424
1554	1557
4396	1575
4396	6489
4396	1431
1431	1569
1431	1567
1431	1430
1569	1572
1572	1575
1575	1440
1440	1437
6491	6493
6491	6494
6491	6490
6491	1581
6491	6492
6492	1578
6492	4407
6492	6493
6493	1443
6493	6494
6494	1449
6494	1590
6494	6490
6490	1587
6490	4564
6490	1581
4564	1584
4407	1576
4407	1442
1452	1605
1452	4420
4420	1602
4420	4577
4420	6495
4420	1451
1451	1591
1591	1596
1591	1593
1596	1599
1599	4577
1455	1611
1455	4423
4423	1609
4423	1454
1464	1463
1463	1612
6496	6501
6497	6501
6497	6502
6498	6502
6498	6503
6499	6505
6500	6505
6500	6506
6501	6506
6501	6507
6502	6507
6503	6507
6505	6508
6506	6508
6506	6509
6507	6509
6507	1629
6507	1626
6507	6503
6503	1623
6503	4606
6503	6498
6498	1620
6498	4601
6498	6497
6497	6496
6496	1617
6496	4596
6496	6499
6496	6500
6499	1615
6499	6504
6504	1466
6504	1469
6504	1632
6504	6508
6508	4617
6508	6509
6509	1629
1472	1471
6511	6515
6512	6516
6513	6516
6515	6516
6511	6516
6516	6513
6513	1643
6513	1638
6513	1630
6513	4619
6513	6512
6512	1631
6512	6511
6511	1474
6511	6510
6510	1475
6510	1478
6510	1481
6510	6515
6515	6514
6514	1646
6514	1643
1646	1649
1630	1635
1484	6517
1484	1483
1483	1650
1650	1654
1654	1659
1659	1487
1659	1662
1490	1489
1493	4654
1493	1492
1492	1661
1661	1660
4654	1665
1665	1668
6519	6520
6519	4670
6519	1669
6519	1498
6519	1499
6519	6518
6518	1683
6518	1680
6518	6521
6518	6520
6520	1671
6520	4670
1671	1674
1674	1677
1677	1680
1502	1501
1505	4680
1505	6522
1505	1504
1504	1682
1682	1681
1681	4680
4680	4682
4682	4686
4682	1686
1686	1689
1511	4689
1511	1690
1511	4687
1511	1510
4689	1692
6524	6525
6524	6526
6524	1707
6524	4707
6524	1704
6524	6523
6523	1701
6523	1698
6523	6525
6525	1696
6525	1513
6525	6526
6526	4506
6526	1707
1707	1514
1713	4712
1517	1526
1517	6527
1517	1516
1516	1708
1708	1710
1710	4712
4712	1716
1716	1719
1719	1526
1520	1519
1529	1528
1528	1720
1532	1531
1531	1723
1723	1725
1725	1538
5408	1556
5408	6529
5408	6528
5408	5410
5410	4732
5410	1726
5410	1540
5410	1541
4732	1728
1728	1731
1731	6529
1731	4738
4738	1556
1544	4534
4534	6530
4534	1543
1543	5411
5411	5409
5409	1553
1553	1552
1547	1546
5406	4565
5406	6531
5406	6532
5406	4739
5406	1558
5406	1559
4739	1732
1732	6531
1732	1734
1734	1583
1583	4565
6533	6535
6535	1571
6535	1579
6535	1580
6535	6533
6533	5407
6533	1561
6533	6534
6534	1562
6534	1570
6534	1571
1565	1564
1574	1573
5402	4754
5402	1586
1586	4752
1586	1585
1585	1735
1735	4750
1735	1737
1737	1740
1740	1743
4754	1595
1589	5404
1589	1588
6536	6538
6536	6537
6537	4751
6537	4753
6537	6538
6538	4755
6538	6540
6538	4761
6538	1755
6538	6536
6536	1752
6536	1749
6536	6539
6539	1746
6539	4751
4751	1744
4761	1758
1758	1597
1758	1598
1597	4755
4769	4767
4769	1601
1601	4579
4579	1759
4579	1600
6542	6543
6542	6544
6542	1773
6542	4778
6542	4771
6542	6541
6541	1764
6541	1762
6541	5399
6541	6543
6543	1618
6543	4603
6543	6544
6544	1619
6544	1773
1773	1776
5399	4770
5399	1603
5399	1604
4771	4773
4773	1770
4773	1767
1607	4598
1607	6545
1607	1606
1606	5400
5400	6546
5400	1616
1616	4598
4598	6545
4598	1613
1782	1785
1622	4608
4608	1788
4608	1785
4608	1621
1621	1777
1777	1779
1625	1794
1625	4798
1625	1624
1624	1792
1794	1637
1628	1627
6547	6554
6548	6554
6548	6555
6549	6555
6549	6556
6550	6556
6551	6556
6551	6557
6553	6558
6553	6559
6554	6559
6555	6559
6555	6560
6556	6560
6557	6560
6557	6561
6559	6564
6560	6564
6561	6564
6562	6564
6563	6564
6558	6564
6563	1809
6563	4819
6563	1806
6563	6562
6562	1803
6562	6561
6561	6557
6557	1800
6557	6551
6551	4808
6551	6550
6550	1797
6550	4803
6550	6549
6549	1795
6549	6548
6548	6547
6547	1639
6547	6553
6553	1642
6553	6552
6552	1809
6552	6558
1645	4823
1645	1644
1644	1810
1648	1813
1648	1647
6566	6571
6567	6571
6567	6572
6568	6572
6569	6572
6565	6569
6570	6575
6571	6575
6572	6575
6573	6575
6569	6573
6575	6576
6573	6576
6576	1818
6576	1807
6576	4821
6576	6573
6573	1808
6573	6569
6569	4824
6569	6565
6565	1811
6565	1655
6565	1658
6565	6568
6568	4658
6568	6567
6567	1664
6567	6566
6566	1824
6566	6570
6570	1821
6570	6574
6574	1818
1807	1815
4671	1827
4671	1825
4671	1666
4671	1667
6578	6582
6579	6582
6580	6582
6577	6580
6582	6585
6583	6585
6580	6583
6583	4858
6583	1833
6583	6580
6580	4855
6580	6577
6577	1830
6577	1828
6577	1672
6577	6579
6579	1673
6579	6578
6578	1853
6578	1850
6578	6581
6581	1845
6581	6585
6585	6584
6585	4858
4858	1836
1836	1839
1839	1842
1842	1845
1853	1856
1676	1864
1676	1675
1675	1859
1675	1857
4683	6586
4683	4681
4681	6587
4681	1679
1679	1678
1678	1868
1868	4898
4898	6586
4898	1870
1870	1873
1873	1685
1691	4691
6589	6591
6588	6591
6590	6593
6591	6593
6593	6594
6593	1687
6593	1688
6593	6591
6591	4691
6591	6588
6588	1885
6588	1882
6588	4916
6588	6589
6589	4914
6589	4912
6589	6590
6590	4910
6590	6592
6592	1879
6592	4908
6592	6594
6594	1876
6594	1687
1687	1874
1886	1888
1694	6595
1694	6596
1694	1693
1693	1888
1888	4926
4926	6595
4926	1891
1891	1697
1897	1900
1700	1892
1700	1699
1892	1894
6598	6599
6598	1703
6598	4950
6598	4948
6598	4946
6598	6597
6597	4944
6597	4942
6597	1903
6597	6599
6599	1901
6599	1702
6599	1703
4942	1909
4942	1906
4948	1912
1706	1913
1706	4708
4708	4951
4708	1705
6600	6603
6600	4964
6600	6601
6600	4954
6600	6602
6602	4952
6602	6604
6602	4947
6602	6603
6603	4949
6603	4966
6603	4964
4966	1911
4966	1712
1712	1711
4947	4945
4945	1910
1910	4952
4954	4956
4956	4962
4956	1915
1915	1918
1918	1921
4962	4964
6605	6608
6605	4965
6605	4967
6605	6607
6607	1714
6607	4714
6607	1715
6607	6608
6608	4970
6608	6606
6608	4965
4965	4963
4963	1922
1922	4970
1718	6609
1718	1717
1717	4973
4973	6610
4973	1920
1920	1924
1920	1919
1924	4735
1924	1739
1739	1727
1739	1738
4735	1724
1724	6609
1724	1721
1730	1729
1729	1736
1742	1925
1742	1741
1748	1916
1748	1747
1747	1917
1747	1923
1751	1928
1751	1750
1928	1930
5387	4772
5387	4774
5387	6611
5387	1754
1754	1753
1753	1934
1934	1936
1936	1939
1939	1766
1766	4774
4768	6613
4768	1757
1757	4763
4763	6612
4763	1756
1756	5388
5388	1763
1763	6613
1763	1760
1778	1775
5383	6614
5383	4994
5383	1769
1769	1768
1768	1940
4994	4996
4996	6615
4996	1942
1942	1945
1945	1775
1775	1774
1774	6614
5385	4780
5385	1772
1780	1946
1944	1943
1784	6616
1784	1783
1783	1943
1943	1948
1948	6617
1948	5004
5004	1951
1951	1954
1954	6616
1787	1786
6619	6620
6619	6621
6619	5008
6619	1952
6619	1953
6619	6618
6618	1789
6618	4799
6618	6620
6620	1793
6620	4805
6620	6621
6621	1796
6621	1963
6621	5008
4799	1790
1952	1960
1952	1957
1799	4810
4810	1972
4810	1969
4810	1964
4810	1798
1964	1966
1802	6622
1802	1801
1801	5022
1801	1976
5022	5024
5024	1816
5024	1817
1805	1804
6624	6626
6625	6626
6625	6627
6627	6628
6627	5033
6627	1990
6627	6625
6625	5030
6625	1981
6625	1978
6625	6624
6624	6623
6623	1973
6623	1974
6623	5023
6623	6626
6626	6628
6628	5036
6628	5033
5036	5025
5036	5039
5039	1819
5039	1993
1993	1996
1996	1820
1981	5026
5026	1987
5026	1984
1823	1829
1823	1822
1822	1997
1832	4856
4856	1995
4856	1831
6630	6635
6630	6636
6631	6636
6631	6637
6632	6640
6633	6640
6634	6640
6634	6641
6635	6641
6636	6641
6636	6642
6637	6642
6637	6643
6638	6643
6640	6645
6641	6645
6642	6645
6643	6645
6644	6645
6639	6645
6644	4860
6644	1835
6644	6643
6643	6638
6638	2005
6638	2002
6638	6637
6637	6631
6631	5048
6631	1999
6631	6630
6630	1991
6630	6629
6629	5035
6629	6635
6635	6634
6634	5038
6634	6633
6633	5041
6633	6632
6632	1992
6632	1834
6632	6639
6639	4860
1838	1837
1841	1840
1840	2011
1840	6646
1840	2004
2004	2003
2003	2008
2008	5064
5064	2011
1844	1843
6647	6651
6648	6651
6649	6651
6649	6652
6650	6659
6651	6659
6652	6659
6652	6660
6653	6660
6654	6660
6655	6660
6656	6661
6657	6661
6658	6661
6659	6661
6660	6661
6655	6661
6654	5651
6654	5652
6654	5087
6654	2023
6654	6653
6653	5084
6653	6649
6653	6652
6649	5082
6649	6648
6648	5080
6648	6647
6647	2020
6647	2017
6647	5074
6647	6650
6650	5071
6650	6658
6658	6657
6657	2012
6657	2013
6657	6656
6656	1846
6656	5655
6656	2351
6656	6655
6655	5651
5655	1849
5655	5654
5654	5653
5653	2026
5653	5652
5652	5087
1852	5091
1852	1851
1851	2027
1855	2030
1855	1854
6663	6665
6663	6666
6665	6671
6666	6671
6666	6672
6667	6672
6664	6672
6664	6668
6664	6669
6669	6673
6671	6674
6671	6675
6672	6675
6673	6675
6668	6673
6673	5089
6673	2025
6673	5092
6673	6669
6669	2028
6669	1863
6669	5111
6669	6664
6664	2038
6664	6667
6667	6663
6667	6666
6663	2035
6663	6662
6662	2032
6662	5099
6662	5097
6662	6665
6665	6670
6670	5095
6670	2024
6670	6674
6674	5089
6674	6675
1863	1860
6677	6679
6677	5135
6677	5133
6677	6676
6677	6678
6678	5125
6678	6680
6678	6679
6679	2034
6679	5117
6679	1878
6679	5137
6679	5135
1878	4909
4909	2039
4909	1877
1877	1869
1869	4901
4901	5114
4901	1866
1866	1865
2034	2033
2033	2041
2041	5123
5123	5125
5125	5127
5127	5131
5127	2044
2044	2047
5131	5133
1872	1871
6681	6683
6681	4915
6681	4917
6681	2053
6681	5139
6681	6682
6682	2050
6682	5132
6682	5134
6682	6683
6683	6684
6683	4913
6683	4915
4913	5136
4913	4911
4911	5138
4911	1880
5136	5134
5132	2048
2053	1881
1884	1883
1883	6685
1883	2054
2054	2056
2056	2059
2059	1887
2059	2062
1890	5157
1890	4927
4927	5155
4927	1889
1889	2063
2063	5153
2063	2065
2065	2068
1895	5158
6686	6688
6686	5156
6686	5158
6686	2080
6686	5169
6686	6687
6687	6689
6687	6688
6688	2069
6688	5154
6688	5156
2069	2071
2071	2074
2074	2077
2077	5169
2080	1896
1899	1898
1898	2081
2081	2083
2083	2086
5196	2095
5196	2092
5196	2089
5196	1905
1905	4943
4943	2087
4943	1904
2095	2098
6690	6693
6691	6693
6691	5198
6691	1907
6691	1908
6691	4953
6691	4955
6691	6690
6690	4957
6690	6692
6692	1926
6692	1929
6692	6693
6693	2102
6693	5198
1926	1914
2104	1935
1932	1931
1931	2100
2100	2099
2094	2093
6694	6696
6694	6697
6694	2110
6694	2107
6694	2093
6694	6695
6695	2105
6695	1937
6695	1938
6695	6696
6696	4995
6696	6697
6697	4997
6697	6698
6697	2110
2110	2113
2113	1947
1947	1941
1941	4997
1950	5005
5005	6699
5005	2114
5005	1949
2114	2116
2116	2119
2119	2122
2122	1956
5374	2128
5374	2125
5374	5224
5374	5222
5374	1959
1959	1958
1958	2123
2128	1968
1962	5009
5009	5376
5009	1961
1971	1970
1970	2129
6700	6702
6700	5232
6700	2131
6700	2126
6700	6701
6701	2127
6701	1979
6701	6702
6702	1980
6702	5232
5237	6703
5237	5233
5237	5027
5237	1983
5027	1982
5233	2132
2132	2134
2134	2137
2137	2140
2143	2146
1986	5255
1986	1985
1985	5239
5239	5253
5239	6704
5239	2141
2141	5251
2141	2146
2146	2149
5251	5253
1989	6705
1989	5031
5031	1988
1988	2153
2153	1998
2153	2155
2001	5050
5050	2167
5050	2164
5050	6706
5050	2000
2000	2156
2156	2158
2158	2161
2161	2164
6708	6709
6708	6710
6708	5295
6708	5279
6708	2173
6708	6707
6707	2170
6707	5277
6707	5065
6707	6709
6709	5073
6709	6710
6710	5076
6710	5295
5295	2016
5073	2010
5065	2168
5065	2009
5279	5293
5279	5281
5281	5283
5283	5291
5283	2176
2176	2185
2176	2179
2179	2182
2019	6711
2019	2018
2018	5296
5296	5294
5294	5292
5292	2186
6712	6715
6713	6715
6713	6716
6716	6717
6716	5098
6716	5100
6716	6713
6713	2040
6713	5301
6713	6712
6712	2183
6712	2184
6712	6714
6714	2021
6714	5081
6714	6715
6715	5083
6715	6717
6717	5085
6717	5096
6717	5098
5096	2022
2040	2031
5118	6718
5118	2037
2037	2036
6720	6721
6720	6722
6720	5126
6720	5128
6720	6719
6719	5309
6719	2188
6719	6721
6721	2180
6721	2181
6721	5304
6721	6722
6722	2042
6722	5124
6722	5126
5309	2191
2191	2043
6723	6725
6725	6726
6725	6727
6725	2049
6725	5371
6725	6723
6723	2057
6723	5315
6723	5313
6723	6724
6724	2197
6724	2194
6724	6726
6726	2192
6726	6727
6727	2045
6727	2046
6727	2049
5315	2058
2052	5140
5140	5372
5140	2051
6728	6730
6728	5314
6728	5316
6728	2060
6728	2061
6728	2064
6728	6729
6729	2224
6729	6731
6729	6730
6730	2200
6730	2198
6730	5314
2200	2203
2203	2148
2148	2147
2147	2224
2067	6732
2067	2066
2066	2225
2225	5355
5355	2227
2227	2230
2230	2070
2073	2072
6733	6735
6735	6736
6735	2133
6735	2228
6735	6733
6733	2229
6733	2075
6733	2076
6733	2233
6733	2120
6733	2121
6733	6734
6734	5223
6734	5225
6734	6736
6736	2130
6736	2133
2130	2124
2079	5369
2079	5172
5172	2078
2078	5367
2078	2234
2234	2115
2115	6737
2115	2112
2112	2111
2111	5367
2085	6738
2085	2084
2084	5370
5370	5368
5368	2109
2109	2108
2108	2088
2091	2090
2097	2096
2118	2117
2136	6739
2136	2135
2135	2226
2226	5356
5356	2144
5356	2145
5356	2223
2138	2142
6740	6742
6740	2209
6740	2206
6740	5252
6740	5254
6740	6741
6741	6743
6741	6742
6742	2215
6742	2212
6742	2209
2215	2218
2218	2157
2157	2151
2157	2154
2151	5256
5256	5254
5252	2204
5252	2150
2160	2159
2163	6745
2163	2162
2162	2217
2217	6744
2217	2216
2216	5337
5337	2172
2172	6745
2172	2171
5278	2165
5278	2166
5341	6746
5341	5284
5341	2175
5284	5282
5282	5338
5282	5280
5280	2174
5338	5339
5338	2213
5338	2214
5339	2221
2178	6747
2178	2177
2177	5342
5342	5343
5342	2222
5343	2187
2190	6748
2190	5310
5310	2189
2189	5344
5344	5345
5344	2220
2220	5340
5340	2210
5340	2211
5345	2193
2196	6749
2196	2195
2195	5346
5346	2208
2208	2207
2207	2199
2202	2201
2251	2314
2251	2322
2251	2250
2314	2313
2254	5445
5445	2325
5445	2253
6750	6752
6750	6753
6751	6755
6752	6755
6752	6756
6752	6757
6753	6757
6754	6759
6755	6759
6755	6760
6756	6760
6756	6761
6757	6761
6759	6762
6759	6763
6760	6763
6761	6763
6761	6764
6763	6765
6764	6765
6764	5499
6764	5502
6764	6761
6761	2284
6761	6757
6757	6753
6753	2330
6753	6750
6750	2328
6750	2256
6750	6751
6751	5449
6751	6754
6754	2257
6754	6758
6758	2336
6758	2274
6758	6762
6762	2275
6762	5488
6762	6765
6765	2278
6765	5499
2260	2259
2263	2262
2262	2335
2335	2272
2287	6766
2287	5505
5505	6767
5505	2286
2286	6766
2286	2331
2331	2333
6769	6771
6769	6772
6770	6772
6770	5518
6770	5523
6770	5525
6770	6769
6769	6768
6768	5527
6768	2334
6768	2289
6768	6771
6771	2290
6771	2298
6771	6772
6772	2299
6772	5518
2334	2308
2308	2305
5523	2302
2293	2292
2311	2310
2310	2326
2310	2329
2310	2332
2317	5535
5535	2316
2355	0
2355	2354
2356	2354
2356	1
4	2355
4	2356
2358	2356
2358	2357
2360	4
2360	2359
2361	2359
2361	5
7	2360
7	2361
2363	2361
2363	2362
10	7
10	2364
2365	2364
2365	8
13	10
13	11
2367	13
2367	2366
2368	2366
2368	14
2370	2367
2370	2368
2371	2368
2371	2369
16	2370
16	2371
2373	2371
2373	2372
19	16
19	17
2375	19
2375	2374
2376	2374
2376	20
0	2375
0	2376
2378	2376
2378	2377
22	20
22	18
2381	22
2381	2379
2382	2379
2382	2380
2383	2380
2383	23
25	2381
25	2382
2385	2382
2385	2383
2386	2383
2386	2384
2388	25
2388	2387
2389	2387
2389	26
28	2388
28	2389
2391	2389
2391	2390
31	28
31	2392
2393	2392
2393	29
34	31
34	2394
2397	2394
2397	2395
2398	2395
2398	2396
2399	2396
2399	32
37	34
37	2400
2403	2400
2403	2401
2404	2401
2404	2402
2405	2402
2405	35
40	37
40	2406
2407	2406
2407	38
2409	40
2409	2408
2410	2408
2410	41
43	2409
43	2410
2412	2410
2412	2411
2	43
2	2413
2414	2413
2414	44
2415	44
2415	42
46	2415
46	2416
49	46
49	47
2417	49
2417	50
52	2417
52	2418
55	52
55	53
2419	55
2419	56
2421	2419
2421	2420
2423	2421
2423	2422
58	2423
58	2424
61	58
61	2425
2426	2425
2426	59
64	61
64	2427
2429	2427
2429	2428
2430	2428
2430	62
9	64
9	2431
2432	2431
2432	65
67	65
67	2433
2435	2433
2435	2434
2436	2434
2436	63
12	67
12	68
70	68
70	2437
2439	2437
2439	2438
2440	2438
2440	66
73	70
73	2441
2442	2441
2442	71
76	73
76	2443
2444	2443
2444	74
2446	76
2446	2445
2447	2445
2447	77
79	2446
79	2447
2449	2447
2449	2448
82	79
82	2450
2451	2450
2451	80
15	82
15	83
21	83
21	2452
2454	2452
2454	2453
2455	2453
2455	81
85	80
85	78
88	85
88	86
91	88
91	89
94	91
94	2456
2458	2456
2458	2457
2459	2457
2459	92
97	94
97	2460
2461	2460
2461	95
2463	97
2463	2462
2464	2462
2464	98
2466	2463
2466	2464
2467	2464
2467	2465
100	2466
100	2467
2469	2467
2469	2468
2471	100
2471	2470
2472	2470
2472	101
103	2471
103	2472
2474	2472
2474	2473
106	103
106	2475
2476	2475
2476	104
109	106
109	2477
2479	2477
2479	2478
2480	2478
2480	107
112	109
112	110
2483	112
2483	2481
2484	2481
2484	2482
2485	2482
2485	113
115	2483
115	2484
2487	2484
2487	2485
2488	2485
2488	2486
118	115
118	2489
2490	2489
2490	116
2491	118
2491	119
24	2491
24	2492
27	119
27	2493
2494	2493
2494	117
121	116
121	2495
2497	2495
2497	2496
2498	2496
2498	114
124	121
124	2499
2501	2499
2501	2500
2502	2500
2502	122
127	124
127	2503
2506	2503
2506	2504
2507	2504
2507	2505
2508	2505
2508	125
30	127
30	2509
2512	2509
2512	2510
2513	2510
2513	2511
2514	2511
2514	128
2515	128
2515	126
130	2515
130	2516
133	130
133	131
2517	133
2517	134
2519	2517
2519	2518
2521	2519
2521	2520
136	2521
136	2522
48	136
48	137
139	137
139	2523
2524	2523
2524	135
51	139
51	140
142	140
142	2525
2526	2525
2526	138
145	142
145	2527
2528	2527
2528	143
2529	145
2529	146
54	2529
54	2530
148	146
148	2531
2532	2531
2532	144
151	148
151	149
2533	151
2533	152
2535	2533
2535	2534
57	2535
57	2536
2537	152
2537	150
154	2537
154	2538
157	154
157	2539
2540	2539
2540	155
60	157
60	2541
2542	2541
2542	158
160	158
160	156
163	160
163	161
166	163
166	164
69	166
69	167
169	167
169	165
2543	169
2543	170
72	2543
72	2544
172	170
172	2545
2546	2545
2546	168
175	172
175	2547
2550	2547
2550	2548
2551	2548
2551	2549
2552	2549
2552	173
178	175
178	2553
2554	2553
2554	176
181	178
181	179
184	181
184	2555
2556	2555
2556	182
187	184
187	2557
2558	2557
2558	185
75	187
75	2559
2560	2559
2560	188
2561	188
2561	186
84	2561
84	2562
190	185
190	183
193	190
193	2563
2565	2563
2565	2564
2566	2564
2566	191
196	193
196	2567
2569	2567
2569	2568
2570	2568
2570	194
87	196
87	197
90	197
90	2571
2573	2571
2573	2572
2574	2572
2574	195
2575	194
2575	192
2577	2575
2577	2576
199	2577
199	2578
202	199
202	2579
2580	2579
2580	200
2582	202
2582	2581
2583	2581
2583	203
205	2582
205	2583
2585	2583
2585	2584
208	205
208	2586
2587	2586
2587	206
93	208
93	2588
2591	2588
2591	2589
2592	2589
2592	2590
2593	2590
2593	209
2595	209
2595	2594
2596	2594
2596	207
211	2595
211	2596
2598	2596
2598	2597
2599	211
2599	212
214	2599
214	2600
2602	214
2602	2601
2603	2601
2603	215
217	2602
217	2603
2605	2603
2605	2604
102	217
102	218
105	218
105	216
220	215
220	213
223	220
223	2606
2608	2606
2608	2607
2609	2607
2609	221
224	227
228	223
231	228
231	2610
2614	2610
2614	2611
2615	2611
2615	2612
2616	2612
2616	2613
2617	2613
2617	229
234	231
234	2618
2619	2618
2619	232
2621	234
2621	2620
2622	2620
2622	235
108	2621
108	2622
2624	2622
2624	2623
237	235
237	2625
2626	2625
2626	233
111	237
111	2627
2629	2627
2629	2628
2630	2628
2630	238
240	238
240	2631
2633	2631
2633	2632
2634	2632
2634	236
243	240
243	2635
2636	2635
2636	241
2637	243
2637	244
2639	2637
2639	2638
2641	2639
2641	2640
2643	2641
2643	2642
246	2643
246	2644
249	246
249	247
120	249
120	250
252	250
252	248
123	252
123	2645
2647	2645
2647	2646
2648	2646
2648	253
255	253
255	2649
2652	2649
2652	2650
2653	2650
2653	2651
2654	2651
2654	251
129	255
129	256
258	256
258	2655
2658	2655
2658	2656
2659	2656
2659	2657
2660	2657
2660	254
261	258
261	2661
2663	2661
2663	2662
2664	2662
2664	259
2665	261
2665	262
2667	2665
2667	2666
264	2667
264	2668
267	264
267	2669
2670	2669
2670	265
2672	267
2672	2671
2673	2671
2673	268
132	2672
132	2673
2675	2673
2675	2674
2676	268
2676	266
2678	2676
2678	2677
2680	2678
2680	2679
141	2680
141	2681
270	265
270	2682
2684	2682
2684	2683
2685	2683
2685	263
2687	270
2687	2686
2688	2686
2688	271
273	2687
273	2688
2690	2688
2690	2689
147	273
147	2691
2692	2691
2692	274
276	274
276	272
2694	276
2694	2693
2695	2693
2695	277
279	2694
279	2695
2697	2695
2697	2696
153	279
153	280
282	280
282	278
285	282
285	283
2698	285
2698	286
159	2698
159	2699
288	286
288	2700
2701	2700
2701	284
2702	288
2702	289
2704	2702
2704	2703
291	2704
291	2705
294	291
294	292
2706	294
2706	295
162	2706
162	2707
297	295
297	2708
2709	2708
2709	293
171	297
171	2710
2711	2710
2711	298
2712	298
2712	296
2714	2712
2714	2713
2716	2714
2716	2715
2718	2716
2718	2717
2720	2718
2720	2719
300	2720
300	2721
303	300
303	2722
2725	2722
2725	2723
2726	2723
2726	2724
2727	2724
2727	301
306	303
306	2728
2729	2728
2729	304
307	176
174	306
311	307
311	2730
2732	2730
2732	2731
2733	2731
2733	305
314	311
314	312
317	314
317	2734
2735	2734
2735	315
320	317
320	2736
2737	2736
2737	318
2739	320
2739	2738
2740	2738
2740	321
323	2739
323	2740
2742	2740
2742	2741
177	323
177	324
326	324
326	2743
2745	2743
2745	2744
2746	2744
2746	322
329	326
329	2747
2749	2747
2749	2748
2750	2748
2750	327
180	329
180	330
189	330
189	2751
2753	2751
2753	2752
2754	2752
2754	328
332	327
332	2755
2757	2755
2757	2756
2758	2756
2758	325
335	332
335	333
338	335
338	2759
2760	2759
2760	336
341	338
341	339
198	341
198	2761
2762	2761
2762	342
2763	342
2763	340
344	2763
344	2764
347	344
347	345
350	347
350	2765
2767	2765
2767	2766
2768	2766
2768	348
353	350
353	2769
2771	2769
2771	2770
2772	2770
2772	351
2773	353
2773	354
356	2773
356	2774
2775	356
2775	357
201	2775
201	2776
359	357
359	355
362	359
362	360
204	362
204	2777
2778	2777
2778	363
365	363
365	2779
2780	2779
2780	361
368	365
368	2781
2782	2781
2782	366
371	368
371	2783
2784	2783
2784	369
210	371
210	372
219	372
219	2785
2787	2785
2787	2786
2788	2786
2788	370
374	369
374	367
222	374
222	2789
2790	2789
2790	375
2792	375
2792	2791
2793	2791
2793	373
2795	2792
2795	2793
2796	2793
2796	2794
377	2795
377	2796
2798	2796
2798	2797
2800	377
2800	2799
2801	2799
2801	378
2803	2800
2803	2801
2804	2801
2804	2802
380	2803
380	2804
2806	2804
2806	2805
383	380
383	381
2808	383
2808	2807
2809	2807
2809	384
2811	2808
2811	2809
2812	2809
2812	2810
386	2811
386	2812
2814	2812
2814	2813
227	386
227	387
389	387
389	385
230	389
230	2815
2817	2815
2817	2816
2818	2816
2818	390
392	390
392	2819
2822	2819
2822	2820
2823	2820
2823	2821
2824	2821
2824	388
239	392
239	2825
2826	2825
2826	393
395	393
395	2827
2829	2827
2829	2828
2830	2828
2830	391
398	395
398	396
242	398
242	2831
2833	2831
2833	2832
2834	2832
2834	399
401	399
401	2835
2836	2835
2836	397
404	401
404	402
407	404
407	2837
2838	2837
2838	405
410	407
410	408
2839	410
2839	411
2841	2839
2841	2840
245	2841
245	2842
2843	411
2843	409
2845	2843
2845	2844
2847	2845
2847	2846
413	2847
413	2848
257	413
257	414
416	414
416	412
2850	416
2850	2849
2851	2849
2851	417
2853	2850
2853	2851
2854	2851
2854	2852
419	2853
419	2854
2856	2854
2856	2855
422	419
422	420
425	422
425	423
428	425
428	2857
2859	2857
2859	2858
2860	2858
2860	426
431	428
431	2861
2863	2861
2863	2862
2864	2862
2864	429
2865	431
2865	432
2867	2865
2867	2866
434	2867
434	2868
260	434
260	2869
2872	2869
2872	2870
2873	2870
2873	2871
2874	2871
2874	435
437	435
437	2875
2877	2875
2877	2876
2878	2876
2878	433
440	437
440	2879
2881	2879
2881	2880
2882	2880
2882	438
443	440
443	2883
2884	2883
2884	441
2887	443
2887	2885
2888	2885
2888	2886
2889	2886
2889	444
446	2887
446	2888
2891	2888
2891	2889
2892	2889
2892	2890
269	446
269	2893
2894	2893
2894	447
2896	447
2896	2895
2897	2895
2897	445
275	2896
275	2897
2899	2897
2899	2898
449	444
449	442
2900	449
2900	450
2902	2900
2902	2901
2904	2902
2904	2903
2906	2904
2906	2905
2908	2906
2908	2907
2910	2908
2910	2909
2912	2910
2912	2911
2914	2912
2914	2913
281	2914
281	2915
452	450
452	448
455	452
455	2916
2917	2916
2917	453
458	455
458	456
2918	458
2918	459
2920	2918
2920	2919
2922	2920
2922	2921
2924	2922
2924	2923
2926	2924
2926	2925
2928	2926
2928	2927
2930	2928
2930	2929
2932	2930
2932	2931
461	2932
461	2933
287	461
287	462
2934	462
2934	460
464	2934
464	2935
467	464
467	465
2936	467
2936	468
2938	2936
2938	2937
2940	2938
2940	2939
290	2940
290	2941
2942	468
2942	466
2944	2942
2944	2943
2946	2944
2946	2945
2948	2946
2948	2947
2950	2948
2950	2949
470	2950
470	2951
2952	470
2952	471
2954	2952
2954	2953
2956	2954
2956	2955
473	2956
473	2957
299	473
299	2958
2961	2958
2961	2959
2962	2959
2962	2960
2963	2960
2963	474
476	474
476	2964
2966	2964
2966	2965
2967	2965
2967	472
479	476
479	2968
2970	2968
2970	2969
2971	2969
2971	477
439	479
439	2972
2974	2972
2974	2973
2975	2973
2975	480
451	480
451	478
454	477
454	475
482	471
482	469
2976	482
2976	483
457	2976
457	2977
2979	483
2979	2978
2980	2978
2980	481
2982	2979
2982	2980
2983	2980
2983	2981
463	2982
463	2983
2985	2983
2985	2984
2986	438
2986	436
2988	2986
2988	2987
2990	2988
2990	2989
316	2990
316	2991
2994	432
2994	2992
2995	2992
2995	2993
2996	2993
2996	430
485	2994
485	2995
2998	2995
2998	2996
2999	2996
2999	2997
488	485
488	3000
3002	3000
3002	3001
3003	3001
3003	486
319	488
319	3004
3007	3004
3007	3005
3008	3005
3008	3006
3009	3006
3009	489
491	489
491	487
494	491
494	3010
3012	3010
3012	3011
3013	3011
3013	492
497	494
497	3014
3016	3014
3016	3015
3017	3015
3017	495
500	497
500	3018
3020	3018
3020	3019
3021	3019
3021	498
503	500
503	3022
3023	3022
3023	501
331	503
331	3024
3025	3024
3025	504
334	504
334	502
506	501
506	3026
3028	3026
3028	3027
3029	3027
3029	499
337	506
337	507
509	507
509	3030
3032	3030
3032	3031
3033	3031
3033	505
512	509
512	3034
3036	3034
3036	3035
3037	3035
3037	510
343	512
343	513
515	513
515	3038
3041	3038
3041	3039
3042	3039
3042	3040
3043	3040
3043	511
518	515
518	3044
3046	3044
3046	3045
3047	3045
3047	516
346	518
346	3048
3050	3048
3050	3049
3051	3049
3051	519
521	519
521	3052
3053	3052
3053	517
524	521
524	522
349	524
349	525
527	525
527	3054
3055	3054
3055	523
530	527
530	3056
3057	3056
3057	528
3058	530
3058	531
3060	3058
3060	3059
3062	3060
3062	3061
533	3062
533	3063
536	533
536	3064
3065	3064
3065	534
3068	536
3068	3066
3069	3066
3069	3067
3070	3067
3070	537
539	3068
539	3069
3072	3069
3072	3070
3073	3070
3073	3071
352	539
352	3074
3076	3074
3076	3075
3077	3075
3077	540
3078	540
3078	538
3080	3078
3080	3079
542	3080
542	3081
376	542
376	3082
3083	3082
3083	543
535	543
535	3084
3086	3084
3086	3085
3087	3085
3087	541
545	534
545	3088
3089	3088
3089	532
548	545
548	3090
3091	3090
3091	546
551	548
551	3092
3093	3092
3093	549
554	551
554	3094
3095	3094
3095	552
557	554
557	3096
3097	3096
3097	555
560	557
560	3098
3099	3098
3099	558
379	560
379	561
563	561
563	3100
3102	3100
3102	3101
3103	3101
3103	559
382	563
382	564
566	564
566	3104
3106	3104
3106	3105
3107	3105
3107	562
569	566
569	3108
3110	3108
3110	3109
3111	3109
3111	567
3112	570
3112	573
3112	3113
574	569
574	3114
3115	3114
577	574
577	3116
3119	3116
3119	3117
3120	3117
3120	3118
3121	3118
3121	575
578	581
582	577
585	582
585	3122
3125	3122
3125	3123
3126	3123
3126	3124
3127	3124
3127	583
394	585
394	3128
3131	3128
3131	3129
3132	3129
3132	3130
3133	3130
3133	586
588	586
588	584
591	588
591	3134
3135	3134
3135	589
594	591
594	3136
3137	3136
3137	592
3139	594
3139	3138
3140	3138
3140	595
400	3139
400	3140
3142	3140
3142	3141
597	595
597	593
403	597
403	3143
3144	3143
3144	598
600	598
600	3145
3146	3145
3146	596
603	600
603	3147
3149	3147
3149	3148
3150	3148
3150	601
3151	603
3151	604
3153	3151
3153	3152
3155	3153
3155	3154
406	3155
406	3156
606	604
606	3157
3159	3157
3159	3158
3160	3158
3160	602
609	606
609	3161
3163	3161
3163	3162
3164	3162
3164	607
612	609
612	3165
3167	3165
3167	3166
3168	3166
3168	610
421	612
421	613
424	613
424	3169
3171	3169
3171	3170
3172	3170
3172	611
3173	610
3173	608
615	3173
615	3174
3177	615
3177	3175
3178	3175
3178	3176
3179	3176
3179	616
618	3177
618	3178
3181	3178
3181	3179
3182	3179
3182	3180
427	618
427	3183
3184	3183
3184	619
621	619
621	3185
3186	3185
3186	617
624	621
624	3187
3188	3187
3188	622
627	624
627	3189
3191	3189
3191	3190
3192	3190
3192	625
484	627
484	628
490	628
490	3193
3195	3193
3195	3194
3196	3194
3196	626
630	625
630	623
633	630
633	3197
3198	3197
3198	631
636	633
636	634
639	636
639	3199
3201	3199
3201	3200
3202	3200
3202	637
642	639
642	3203
3205	3203
3205	3204
3206	3204
3206	640
3208	642
3208	3207
3209	3207
3209	643
493	3208
493	3209
3211	3209
3211	3210
645	643
645	3212
3215	3212
3215	3213
3216	3213
3216	3214
3217	3214
3217	641
648	645
648	3218
3222	3218
3222	3219
3223	3219
3223	3220
3224	3220
3224	3221
3225	3221
3225	646
3226	648
3226	649
3228	3226
3228	3227
496	3228
496	3229
651	649
651	3230
3233	3230
3233	3231
3234	3231
3234	3232
3235	3232
3235	647
654	651
654	3236
3239	3236
3239	3237
3240	3237
3240	3238
3241	3238
3241	652
3242	654
3242	655
3244	3242
3244	3243
508	3244
508	3245
657	655
657	3246
3250	3246
3250	3247
3251	3247
3251	3248
3252	3248
3252	3249
3253	3249
3253	653
3255	657
3255	3254
3256	3254
3256	658
514	3255
514	3256
3258	3256
3258	3257
660	658
660	3259
3263	3259
3263	3260
3264	3260
3264	3261
3265	3261
3265	3262
3266	3262
3266	656
3267	661
3267	664
3267	3268
665	660
665	3269
3270	3269
668	665
668	3271
3272	3271
3272	666
520	668
520	3273
3274	3273
3274	669
526	669
526	667
664	672
673	666
676	673
676	3275
3277	3275
3277	3276
3278	3276
3278	674
679	676
679	677
529	679
529	3279
3280	3279
3280	680
682	680
682	3281
3282	3281
3282	678
685	682
685	3283
3284	3283
3284	683
3286	685
3286	3285
3287	3285
3287	686
688	3286
688	3287
3289	3287
3289	3288
544	688
544	3290
3291	3290
3291	689
547	689
547	687
3292	686
3292	684
3294	3292
3294	3293
3296	3294
3296	3295
550	3296
550	3297
691	683
691	681
694	691
694	692
697	694
697	3298
3301	3298
3301	3299
3302	3299
3302	3300
3303	3300
3303	695
3304	697
3304	698
3306	3304
3306	3305
3308	3306
3308	3307
3310	3308
3310	3309
3312	3310
3312	3311
553	3312
553	3313
700	698
700	3314
3316	3314
3316	3315
3317	3315
3317	696
3318	700
3318	701
3320	3318
3320	3319
703	3320
703	3321
706	703
706	3322
3323	3322
3323	704
3325	706
3325	3324
3326	3324
3326	707
709	3325
709	3326
3328	3326
3328	3327
3329	709
3329	710
556	3329
556	3330
712	710
712	3331
3332	3331
3332	708
565	712
565	713
568	713
568	3333
3334	3333
3334	711
3336	707
3336	3335
3337	3335
3337	705
715	3336
715	3337
3339	3337
3339	3338
718	715
718	3340
3343	3340
3343	3341
3344	3341
3344	3342
3345	3342
3345	716
721	718
721	719
3347	721
3347	3346
3348	3346
3348	722
724	3347
724	3348
3350	3348
3350	3349
573	724
573	725
576	725
576	723
727	722
727	720
730	727
730	3351
3352	3351
3352	728
3355	730
3355	3353
3356	3353
3356	3354
3357	3354
3357	731
733	3355
733	3356
3359	3356
3359	3357
3360	3357
3360	3358
736	733
736	3361
3363	3361
3363	3362
3364	3362
3364	734
737	740
741	736
744	741
744	3365
3369	3365
3369	3366
3370	3366
3370	3367
3371	3367
3371	3368
3372	3368
3372	742
3373	745
3373	583
3373	3374
581	744
581	3375
3376	3375
749	745
749	743
587	749
587	3377
3378	3377
3378	750
740	750
740	3379
3380	3379
3380	748
752	737
752	3381
3384	3381
3384	3382
3385	3382
3385	3383
3386	3383
3386	735
3387	752
3387	753
3389	3387
3389	3388
605	3389
605	3390
755	753
755	3391
3393	3391
3393	3392
3394	3392
3394	751
614	755
614	3395
3397	3395
3397	3396
3398	3396
3398	756
758	756
758	3399
3400	3399
3400	754
761	758
761	3401
3404	3401
3404	3402
3405	3402
3405	3403
3406	3403
3406	759
3409	761
3409	3407
3410	3407
3410	3408
3411	3408
3411	762
764	3409
764	3410
3413	3410
3413	3411
3414	3411
3414	3412
3417	764
3417	3415
3418	3415
3418	3416
3419	3416
3419	765
767	3417
767	3418
3421	3418
3421	3419
3422	3419
3422	3420
632	767
632	768
770	768
770	3423
3425	3423
3425	3424
3426	3424
3426	766
635	770
635	3427
3428	3427
3428	771
3429	771
3429	769
3431	3429
3431	3430
773	3431
773	3432
776	773
776	3433
3435	3433
3435	3434
3436	3434
3436	774
3438	776
3438	3437
3439	3437
3439	777
3441	3438
3441	3439
3442	3439
3442	3440
779	3441
779	3442
3444	3442
3444	3443
638	779
638	780
782	780
782	3445
3446	3445
3446	778
644	782
644	3447
3448	3447
3448	783
3449	783
3449	781
785	3449
785	3450
3451	785
3451	786
3453	3451
3453	3452
3455	3453
3455	3454
788	3455
788	3456
650	788
650	789
791	789
791	3457
3458	3457
3458	787
794	791
794	792
797	794
797	795
800	797
800	3459
3460	3459
3460	798
659	800
659	801
803	801
803	3461
3462	3461
3462	799
806	803
806	3463
3464	3463
3464	804
809	806
809	3465
3467	3465
3467	3466
3468	3466
3468	807
812	809
812	3469
3470	3469
3470	810
815	812
815	3471
3473	3471
3473	3472
3474	3472
3474	813
818	815
818	3475
3476	3475
3476	816
672	818
672	3477
3479	3477
3479	3478
3480	3478
3480	819
821	819
821	817
824	821
824	3481
3484	3481
3484	3482
3485	3482
3485	3483
3486	3483
3486	822
827	824
827	3487
3489	3487
3489	3488
3490	3488
3490	825
830	827
830	828
675	830
675	3491
3493	3491
3493	3492
3494	3492
3494	831
833	831
833	3495
3497	3495
3497	3496
3498	3496
3498	829
690	833
690	834
836	834
836	3499
3502	3499
3502	3500
3503	3500
3503	3501
3504	3501
3504	832
839	836
839	3505
3507	3505
3507	3506
3508	3506
3508	837
693	839
693	3509
3512	3509
3512	3510
3513	3510
3513	3511
3514	3511
3514	840
842	840
842	838
845	842
845	3515
3517	3515
3517	3516
3518	3516
3518	843
846	849
850	845
853	850
853	3519
3522	3519
3522	3520
3523	3520
3523	3521
3524	3521
3524	851
856	853
856	3525
3528	3525
3528	3526
3529	3526
3529	3527
3530	3527
3530	854
3531	856
3531	857
3533	3531
3533	3532
3535	3533
3535	3534
859	3535
859	3536
862	859
862	3537
3538	3537
3538	860
3541	862
3541	3539
3542	3539
3542	3540
3543	3540
3543	863
699	3541
699	3542
3545	3542
3545	3543
3546	3543
3546	3544
702	863
702	3547
3548	3547
3548	861
865	860
865	3549
3550	3549
3550	858
3552	865
3552	3551
3553	3551
3553	866
868	3552
868	3553
3555	3553
3555	3554
714	868
714	3556
3557	3556
3557	869
871	869
871	867
874	871
874	872
877	874
877	875
880	877
880	3558
3559	3558
3559	878
3560	880
3560	881
883	3560
883	3561
3563	883
3563	3562
3564	3562
3564	884
3566	3563
3566	3564
3567	3564
3567	3565
3569	3566
3569	3567
3570	3567
3570	3568
886	3569
886	3570
3572	3570
3572	3571
889	886
889	3573
3574	3573
3574	887
892	889
892	890
732	892
732	3575
3578	3575
3578	3576
3579	3576
3579	3577
3580	3577
3580	893
895	893
895	3581
3584	3581
3584	3582
3585	3582
3585	3583
3586	3583
3586	891
757	895
757	3587
3589	3587
3589	3588
3590	3588
3590	896
898	896
898	3591
3592	3591
3592	894
3596	898
3596	3593
3597	3593
3597	3594
3598	3594
3598	3595
3599	3595
3599	899
901	3596
901	3597
3601	3597
3601	3598
3602	3598
3602	3599
3603	3599
3603	3600
904	901
904	3604
3606	3604
3606	3605
3607	3605
3607	902
907	904
907	3608
3610	3608
3610	3609
3611	3609
3611	905
3612	907
3612	908
760	3612
760	3613
910	908
910	3614
3616	3614
3616	3615
3617	3615
3617	906
913	910
913	3618
3620	3618
3620	3619
3621	3619
3621	911
763	913
763	3622
3623	3622
3623	914
916	914
916	3624
3627	3624
3627	3625
3628	3625
3628	3626
3629	3626
3629	912
772	916
772	3630
3632	3630
3632	3631
3633	3631
3633	917
3635	917
3635	3634
3636	3634
3636	915
919	3635
919	3636
3638	3636
3638	3637
922	919
922	3639
3641	3639
3641	3640
3642	3640
3642	920
925	922
925	3643
3644	3643
3644	923
775	925
775	3645
3648	3645
3648	3646
3649	3646
3649	3647
3650	3647
3650	926
928	926
928	3651
3653	3651
3653	3652
3654	3652
3654	924
931	928
931	3655
3657	3655
3657	3656
3658	3656
3658	929
934	931
934	932
3659	934
3659	935
784	3659
784	3660
937	935
937	933
3663	937
3663	3661
3664	3661
3664	3662
3665	3662
3665	938
940	3663
940	3664
3667	3664
3667	3665
3668	3665
3668	3666
943	940
943	3669
3671	3669
3671	3670
3672	3670
3672	941
3675	943
3675	3673
3676	3673
3676	3674
3677	3674
3677	944
946	3675
946	3676
3679	3676
3679	3677
3680	3677
3680	3678
3682	946
3682	3681
3683	3681
3683	947
3685	3682
3685	3683
3686	3683
3686	3684
949	3685
949	3686
3688	3686
3688	3687
952	949
952	3689
3691	3689
3691	3690
3692	3690
3692	950
955	952
955	3693
3696	3693
3696	3694
3697	3694
3697	3695
3698	3695
3698	953
3699	955
3699	956
3701	3699
3701	3700
3703	3701
3703	3702
3705	3703
3705	3704
790	3705
790	3706
3709	956
3709	3707
3710	3707
3710	3708
3711	3708
3711	954
958	3709
958	3710
3713	3710
3713	3711
3714	3711
3714	3712
961	958
961	3715
3716	3715
3716	959
3717	961
3717	962
793	3717
793	3718
3719	962
3719	960
964	3719
964	3720
3721	964
3721	965
967	3721
967	3722
970	967
970	968
3723	970
3723	971
796	3723
796	3724
973	971
973	3725
3726	3725
3726	969
802	973
802	974
805	974
805	972
976	968
976	3727
3728	3727
3728	966
979	976
979	3729
3730	3729
3730	977
3731	979
3731	980
3733	3731
3733	3732
982	3733
982	3734
985	982
985	3735
3737	3735
3737	3736
3738	3736
3738	983
988	985
988	3739
3741	3739
3741	3740
3742	3740
3742	986
991	988
991	3743
3745	3743
3745	3744
3746	3744
3746	989
808	991
808	992
811	992
811	3747
3749	3747
3749	3748
3750	3748
3750	990
994	989
994	987
3751	994
3751	995
997	3751
997	3752
1000	997
1000	3753
3754	3753
3754	998
3755	1000
3755	1001
1003	3755
1003	3756
814	1003
814	3757
3760	3757
3760	3758
3761	3758
3761	3759
3762	3759
3762	1004
820	1004
820	3763
3766	3763
3766	3764
3767	3764
3767	3765
3768	3765
3768	1002
1006	1001
1006	3769
3770	3769
3770	999
1009	1006
1009	1007
823	1009
823	3771
3772	3771
3772	1010
1012	1010
1012	3773
3774	3773
3774	1008
1015	1012
1015	3775
3777	3775
3777	3776
3778	3776
3778	1013
1018	1015
1018	3779
3780	3779
3780	1016
1021	1018
1021	3781
3782	3781
3782	1019
3784	1021
3784	3783
3785	3783
3785	1022
3787	3784
3787	3785
3788	3785
3788	3786
3790	3787
3790	3788
3791	3788
3791	3789
849	3790
849	3791
3793	3791
3793	3792
1024	1022
1024	3794
3797	3794
3797	3795
3798	3795
3798	3796
3799	3796
3799	1020
1027	1024
1027	3800
3801	3800
3801	1025
1030	1027
1030	1028
1033	1030
1033	3802
3805	3802
3805	3803
3806	3803
3806	3804
3807	3804
3807	1031
3808	1033
3808	1034
3810	3808
3810	3809
3812	3810
3812	3811
852	3812
852	3813
1036	1034
1036	3814
3817	3814
3817	3815
3818	3815
3818	3816
3819	3816
3819	1032
3821	1036
3821	3820
3822	3820
3822	1037
1039	3821
1039	3822
3824	3822
3824	3823
1042	1039
1042	3825
3826	3825
3826	1040
855	1042
855	3827
3830	3827
3830	3828
3831	3828
3831	3829
3832	3829
3832	1043
1045	1043
1045	3833
3834	3833
3834	1041
1048	1045
1048	3835
3836	3835
3836	1046
3838	1048
3838	3837
3839	3837
3839	1049
1051	3838
1051	3839
3841	3839
3841	3840
864	1051
864	3842
3843	3842
3843	1052
870	1052
870	1050
3844	1049
3844	1047
873	3844
873	3845
1054	1046
1054	1044
1057	1054
1057	3846
3848	3846
3848	3847
3849	3847
3849	1055
876	1057
876	3850
3852	3850
3852	3851
3853	3851
3853	1058
3854	1058
3854	1056
3856	3854
3856	3855
1060	3856
1060	3857
1063	1060
1063	3858
3859	3858
3859	1061
1066	1063
1066	3860
3861	3860
3861	1064
1069	1066
1069	3862
3863	3862
3863	1067
879	1069
879	3864
3865	3864
3865	1070
1072	1070
1072	3866
3867	3866
3867	1068
882	1072
882	3868
3869	3868
3869	1073
3871	1073
3871	3870
3872	3870
3872	1071
1075	3871
1075	3872
3874	3872
3874	3873
3875	1075
3875	1076
1078	3875
1078	3876
3878	1078
3878	3877
3879	3877
3879	1079
1081	3878
1081	3879
3881	3879
3881	3880
885	1081
885	1082
3882	1082
3882	1080
1084	3882
1084	3883
888	1084
888	1085
897	1085
897	3884
3885	3884
3885	1083
1087	1079
1087	1077
1090	1087
1090	3886
3887	3886
3887	1088
3890	1090
3890	3888
3891	3888
3891	3889
3892	3889
3892	1091
1093	3890
1093	3891
3894	3891
3894	3892
3895	3892
3895	3893
900	1093
900	3896
3897	3896
3897	1094
1096	1094
1096	3898
3899	3898
3899	1092
1099	1096
1099	3900
3901	3900
3901	1097
903	1099
903	3902
3903	3902
3903	1100
1102	1100
1102	3904
3906	3904
3906	3905
3907	3905
3907	1098
3911	1102
3911	3908
3912	3908
3912	3909
3913	3909
3913	3910
3914	3910
3914	1103
1105	3911
1105	3912
3916	3912
3916	3913
3917	3913
3917	3914
3918	3914
3918	3915
1108	1105
1108	3919
3921	3919
3921	3920
3922	3920
3922	1106
1111	1108
1111	3923
3925	3923
3925	3924
3926	3924
3926	1109
3927	1111
3927	1112
3929	3927
3929	3928
909	3929
909	3930
1114	1112
1114	3931
3933	3931
3933	3932
3934	3932
3934	1110
3937	1114
3937	3935
3938	3935
3938	3936
3939	3936
3939	1115
1117	3937
1117	3938
3941	3938
3941	3939
3942	3939
3942	3940
1120	1117
1120	3943
3944	3943
3944	1118
918	1120
918	3945
3947	3945
3947	3946
3948	3946
3948	1121
1123	1121
1123	1119
1126	1123
1126	3949
3950	3949
3950	1124
3953	1126
3953	3951
3954	3951
3954	3952
3955	3952
3955	1127
3957	3953
3957	3954
3958	3954
3958	3955
3959	3955
3959	3956
1129	3957
1129	3958
3961	3958
3961	3959
3962	3959
3962	3960
1132	1129
1132	3963
3965	3963
3965	3964
3966	3964
3966	1130
1135	1132
1135	1133
1138	1135
1138	3967
3968	3967
3968	1136
1141	1138
1141	3969
3972	3969
3972	3970
3973	3970
3973	3971
3974	3971
3974	1139
3977	1141
3977	3975
3978	3975
3978	3976
3979	3976
3979	1142
3981	3977
3981	3978
3982	3978
3982	3979
3983	3979
3983	3980
921	3981
921	3982
3985	3982
3985	3983
3986	3983
3986	3984
3987	1142
3987	1140
1144	3987
1144	3988
1147	1144
1147	1145
3989	1147
3989	1148
3991	3989
3991	3990
927	3991
927	3992
1150	1148
1150	3993
3994	3993
3994	1146
939	1150
939	3995
3996	3995
3996	1151
1153	1151
1153	1149
1156	1153
1156	3997
4000	3997
4000	3998
4001	3998
4001	3999
4002	3999
4002	1154
1159	1156
1159	4003
4005	4003
4005	4004
4006	4004
4006	1157
1160	944
942	1159
1164	1160
1164	4007
4010	4007
4010	4008
4011	4008
4011	4009
4012	4009
4012	1158
1165	1168
1169	1164
1172	1169
1172	1170
4014	1172
4014	4013
4015	4013
4015	1173
1175	4014
1175	4015
4017	4015
4017	4016
4018	1175
4018	1176
1178	4018
1178	4019
4021	1178
4021	4020
4022	4020
4022	1179
951	4021
951	4022
4024	4022
4024	4023
4025	1179
4025	1177
1181	4025
1181	4026
4028	1181
4028	4027
4029	4027
4029	1182
1184	4028
1184	4029
4031	4029
4031	4030
1187	1184
1187	4032
4033	4032
4033	1185
4035	1187
4035	4034
4036	4034
4036	1188
1190	4035
1190	4036
4038	4036
4038	4037
1193	1190
1193	4039
4040	4039
4040	1191
957	1193
957	4041
4044	4041
4044	4042
4045	4042
4045	4043
4046	4043
4046	1194
1196	1194
1196	1192
4047	1196
4047	1197
963	4047
963	4048
4049	1197
4049	1195
4051	4049
4051	4050
4053	4051
4053	4052
4055	4053
4055	4054
4057	4055
4057	4056
1199	4057
1199	4058
1202	1199
1202	1200
4059	1202
4059	1203
4061	4059
4061	4060
4063	4061
4063	4062
975	4063
975	4064
1205	1203
1205	4065
4066	4065
4066	1201
978	1205
978	4067
4068	4067
4068	1206
1208	1206
1208	4069
4070	4069
4070	1204
4072	1208
4072	4071
4073	4071
4073	1209
1211	4072
1211	4073
4075	4073
4075	4074
1214	1211
1214	4076
4077	4076
4077	1212
981	1214
981	4078
4080	4078
4080	4079
4081	4079
4081	1215
4082	1215
4082	1213
1217	4082
1217	4083
4084	1217
4084	1218
1220	4084
1220	4085
1223	1220
1223	4086
4087	4086
4087	1221
996	1223
996	4088
4089	4088
4089	1224
4090	1224
4090	1222
4092	4090
4092	4091
4094	4092
4094	4093
1226	4094
1226	4095
1229	1226
1229	4096
4097	4096
4097	1227
4098	1229
4098	1230
4100	4098
4100	4099
1014	4100
1014	4101
4103	1230
4103	4102
4104	4102
4104	1228
1232	4103
1232	4104
4106	4104
4106	4105
4107	1232
4107	1233
1235	4107
1235	4108
1238	1235
1238	4109
4110	4109
4110	1236
1241	1238
1241	4111
4112	4111
4112	1239
4113	1241
4113	1242
4115	4113
4115	4114
1017	4115
1017	4116
4118	1242
4118	4117
4119	4117
4119	1240
1023	4118
1023	4119
4121	4119
4121	4120
1244	1239
1244	1237
1247	1244
1247	1245
1250	1247
1250	1248
1026	1250
1026	4122
4124	4122
4124	4123
4125	4123
4125	1251
1253	1251
1253	4126
4127	4126
4127	1249
1256	1253
1256	4128
4130	4128
4130	4129
4131	4129
4131	1254
1029	1256
1029	4132
4134	4132
4134	4133
4135	4133
4135	1257
1259	1257
1259	4136
4137	4136
4137	1255
4138	1259
4138	1260
4140	4138
4140	4139
4142	4140
4142	4141
1262	4142
1262	4143
1035	1262
1035	4144
4146	4144
4146	4145
4147	4145
4147	1263
1265	1263
1265	4148
4150	4148
4150	4149
4151	4149
4151	1261
1268	1265
1268	4152
4153	4152
4153	1266
1271	1268
1271	4154
4155	4154
4155	1269
1274	1271
1274	4156
4158	4156
4158	4157
4159	4157
4159	1272
1038	1274
1038	4160
4161	4160
4161	1275
1053	1275
1053	4162
4164	4162
4164	4163
4165	4163
4165	1273
1277	1272
1277	4166
4167	4166
4167	1270
1280	1277
1280	4168
4169	4168
4169	1278
1283	1280
1283	4170
4171	4170
4171	1281
1286	1283
1286	4172
4173	4172
4173	1284
1059	1286
1059	4174
4175	4174
4175	1287
4176	1287
4176	1285
1289	4176
1289	4177
1292	1289
1292	1290
1062	1292
1062	1293
1295	1293
1295	1291
1065	1295
1065	4178
4179	4178
4179	1296
1298	1296
1298	4180
4181	4180
4181	1294
1074	1298
1074	1299
1301	1299
1301	4182
4184	4182
4184	4183
4185	4183
4185	1297
1086	1301
1086	4186
4187	4186
4187	1302
1089	1302
1089	1300
1304	1290
1304	1288
1307	1304
1307	4188
4189	4188
4189	1305
4190	1307
4190	1308
1310	4190
1310	4191
4193	1310
4193	4192
4194	4192
4194	1311
4196	4193
4196	4194
4197	4194
4197	4195
4199	4196
4199	4197
4200	4197
4200	4198
1313	4199
1313	4200
4202	4200
4202	4201
1316	1313
1316	4203
4204	4203
4204	1314
1319	1316
1319	4205
4207	4205
4207	4206
4208	4206
4208	1317
1095	1319
1095	1320
1101	1320
1101	4209
4210	4209
4210	1318
4211	1317
4211	1315
1322	4211
1322	4212
4214	1322
4214	4213
4215	4213
4215	1323
1325	4214
1325	4215
4217	4215
4217	4216
1328	1325
1328	1326
1331	1328
1331	4218
4220	4218
4220	4219
4221	4219
4221	1329
1334	1331
1334	4222
4224	4222
4224	4223
4225	4223
4225	1332
4229	1334
4229	4226
4230	4226
4230	4227
4231	4227
4231	4228
4232	4228
4232	1335
1337	4229
1337	4230
4234	4230
4234	4231
4235	4231
4235	4232
4236	4232
4236	4233
1340	1337
1340	4237
4240	4237
4240	4238
4241	4238
4241	4239
4242	4239
4242	1338
4243	1341
4243	1344
4243	4244
1345	1340
1345	4245
4246	4245
1104	1345
1104	4247
4248	4247
4248	1346
1348	1346
1348	4249
4252	4249
4252	4250
4253	4250
4253	4251
4254	4251
4254	1344
1107	1348
1107	4255
4256	4255
4256	1349
1351	1349
1351	4257
4259	4257
4259	4258
4260	4258
4260	1347
1113	1351
1113	1352
1354	1352
1354	4261
4264	4261
4264	4262
4265	4262
4265	4263
4266	4263
4266	1350
1357	1354
1357	4267
4269	4267
4269	4268
4270	4268
4270	1355
4273	1357
4273	4271
4274	4271
4274	4272
4275	4272
4275	1358
1360	4273
1360	4274
4277	4274
4277	4275
4278	4275
4278	4276
1363	1360
1363	4279
4280	4279
4280	1361
1125	1363
1125	4281
4283	4281
4283	4282
4284	4282
4284	1364
1366	1364
1366	1362
1369	1366
1369	1367
4285	1369
4285	1370
4287	4285
4287	4286
4289	4287
4289	4288
1372	4289
1372	4290
1375	1372
1375	4291
4293	4291
4293	4292
4294	4292
4294	1373
1378	1375
1378	4295
4297	4295
4297	4296
4298	4296
4298	1376
4299	1378
4299	1379
1128	4299
1128	4300
4303	1379
4303	4301
4304	4301
4304	4302
4305	4302
4305	1377
1381	4303
1381	4304
4307	4304
4307	4305
4308	4305
4308	4306
1384	1381
1384	4309
4310	4309
4310	1382
4313	1384
4313	4311
4314	4311
4314	4312
4315	4312
4315	1385
1131	4313
1131	4314
4317	4314
4317	4315
4318	4315
4318	4316
1387	1385
1387	4319
4321	4319
4321	4320
4322	4320
4322	1383
1390	1387
1390	1388
4323	1390
4323	1391
1393	4323
1393	4324
1134	1393
1134	1394
1396	1394
1396	1392
1258	1396
1258	4325
4326	4325
4326	1397
1399	1397
1399	1395
4327	1399
4327	1400
4329	4327
4329	4328
4331	4329
4331	4330
1402	4331
1402	4332
1405	1402
1405	1403
4333	1405
4333	1406
4335	4333
4335	4334
4337	4335
4337	4336
4339	4337
4339	4338
1408	4339
1408	4340
1264	1408
1264	4341
4343	4341
4343	4342
4344	4342
4344	1409
1411	1409
1411	4345
4347	4345
4347	4346
4348	4346
4348	1407
1279	1411
1279	1412
1414	1412
1414	4349
4351	4349
4351	4350
4352	4350
4352	1410
1417	1414
1417	4353
4355	4353
4355	4354
4356	4354
4356	1415
1420	1417
1420	4357
4359	4357
4359	4358
4360	4358
4360	1418
1282	1420
1282	1421
4362	1421
4362	4361
4363	4361
4363	1419
1303	4362
1303	4363
4365	4363
4365	4364
1423	1418
1423	4366
4368	4366
4368	4367
4369	4367
4369	1416
4370	1423
4370	1424
4372	4370
4372	4371
4374	4372
4374	4373
1426	4374
1426	4375
1306	1426
1306	4376
4378	4376
4378	4377
4379	4377
4379	1427
1429	1427
1429	4380
4382	4380
4382	4381
4383	4381
4383	1425
1432	1429
1432	4384
4386	4384
4386	4385
4387	4385
4387	1430
4389	1432
4389	4388
4390	4388
4390	1433
1309	4389
1309	4390
4392	4390
4392	4391
4394	1433
4394	4393
4395	4393
4395	1431
1435	4394
1435	4395
4397	4395
4397	4396
4398	1435
4398	1436
1324	4398
1324	4399
1438	1436
1438	1434
1327	1438
1327	4400
4402	4400
4402	4401
4403	4401
4403	1439
1441	1439
1441	4404
4405	4404
4405	1437
4406	1441
4406	1442
1444	4406
1444	4407
4409	1444
4409	4408
4410	4408
4410	1445
1447	4409
1447	4410
4412	4410
4412	4411
1330	1447
1330	1448
1333	1448
1333	4413
4414	4413
4414	1446
1450	1445
1450	4415
4416	4415
4416	1443
4418	1450
4418	4417
4419	4417
4419	1451
1453	4418
1453	4419
4421	4419
4421	4420
4422	1453
4422	1454
1456	4422
1456	4423
4425	1456
4425	4424
4426	4424
4426	1457
1459	4425
1459	4426
4428	4426
4428	4427
1336	1459
1336	1460
1339	1460
1339	1458
1462	1457
1462	1455
1465	1462
1465	4429
4431	4429
4431	4430
4432	4430
4432	1463
4433	1466
4433	1469
4433	4434
1470	1465
1470	4435
4436	4435
1473	1470
1473	4437
4440	4437
4440	4438
4441	4438
4441	4439
4442	4439
4442	1471
1476	1473
1476	4443
4446	4443
4446	4444
4447	4444
4447	4445
4448	4445
4448	1474
1353	1476
1353	4449
4452	4449
4452	4450
4453	4450
4453	4451
4454	4451
4454	1477
1479	1477
1479	4455
4457	4455
4457	4456
4458	4456
4458	1475
1356	1479
1356	1480
1482	1480
1482	4459
4461	4459
4461	4460
4462	4460
4462	1478
1485	1482
1485	1483
1368	1485
1368	4463
4464	4463
4464	1486
1488	1486
1488	4465
4466	4465
4466	1484
1491	1488
1491	4467
4468	4467
4468	1489
1494	1491
1494	4469
4472	4469
4472	4470
4473	4470
4473	4471
4474	4471
4474	1492
1371	1494
1371	4475
4477	4475
4477	4476
4478	4476
4478	1495
1497	1495
1497	1493
1500	1497
1500	4479
4481	4479
4481	4480
4482	4480
4482	1498
1503	1500
1503	4483
4485	4483
4485	4484
4486	4484
4486	1501
1506	1503
1506	4487
4489	4487
4489	4488
4490	4488
4490	1504
1374	1506
1374	4491
4492	4491
4492	1507
1509	1507
1509	4493
4496	4493
4496	4494
4497	4494
4497	4495
4498	4495
4498	1505
1512	1509
1512	4499
4502	4499
4502	4500
4503	4500
4503	4501
4504	4501
4504	1510
4505	1512
4505	1513
1515	4505
1515	4506
1518	1515
1518	4507
4508	4507
4508	1516
1521	1518
1521	1519
1380	1521
1380	4509
4511	4509
4511	4510
4512	4510
4512	1522
1524	1522
1524	4513
4514	4513
4514	1520
1527	1524
1527	4515
4516	4515
4516	1525
1530	1527
1530	1528
1533	1530
1533	4517
4519	4517
4519	4518
4520	4518
4520	1531
1386	1533
1386	4521
4524	4521
4524	4522
4525	4522
4525	4523
4526	4523
4526	1534
1536	1534
1536	1532
4527	1536
4527	1537
1401	4527
1401	4528
1539	1537
1539	1535
1542	1539
1542	4529
4530	4529
4530	1540
4532	1542
4532	4531
4533	4531
4533	1543
1545	4532
1545	4533
4535	4533
4535	4534
1548	1545
1548	4536
4537	4536
4537	1546
1422	1548
1422	4538
4540	4538
4540	4539
4541	4539
4541	1549
1551	1549
1551	4542
4543	4542
4543	1547
1554	1551
1554	4544
4545	4544
4545	1552
1557	1554
1557	4546
4547	4546
4547	1555
1560	1557
1560	4548
4549	4548
4549	1558
1563	1560
1563	4550
4551	4550
4551	1561
1566	1563
1566	4552
4553	4552
4553	1564
1428	1566
1428	4554
4555	4554
4555	1567
1569	1567
1569	4556
4557	4556
4557	1565
1572	1569
1572	4558
4559	4558
4559	1570
1575	1572
1575	4560
4561	4560
4561	1573
1440	1575
1440	4562
4563	4562
4563	1576
1578	1576
1578	1574
1581	1578
1581	1579
4564	1581
4564	1582
1584	4564
1584	4565
1587	1584
1587	4566
4567	4566
4567	1585
1590	1587
1590	1588
1449	1590
1449	4568
4569	4568
4569	1591
1593	1591
1593	4570
4571	4570
4571	1589
1596	1593
1596	4572
4573	4572
4573	1594
1599	1596
1599	4574
4575	4574
4575	1597
4577	1599
4577	4576
4578	4576
4578	1600
1602	4577
1602	4578
4580	4578
4580	4579
1605	1602
1605	4581
4582	4581
4582	1603
1608	1605
1608	4583
4584	4583
4584	1606
1452	1608
1452	1609
1611	1609
1611	4585
4587	4585
4587	4586
4588	4586
4588	1607
1461	1611
1461	4589
4591	4589
4591	4590
4592	4590
4592	1612
1614	1612
1614	1610
1464	1614
1464	4593
4594	4593
4594	1615
4596	1615
4596	4595
4597	4595
4597	1613
1617	4596
1617	4597
4599	4597
4599	4598
4601	1617
4601	4600
4602	4600
4602	1618
1620	4601
1620	4602
4604	4602
4604	4603
4606	1620
4606	4605
4607	4605
4607	1621
1623	4606
1623	4607
4609	4607
4609	4608
1626	1623
1626	4610
4613	4610
4613	4611
4614	4611
4614	4612
4615	4612
4615	1624
1629	1626
1629	1627
4617	1629
4617	4616
4618	4616
4618	1630
1632	4617
1632	4618
4620	4618
4620	4619
1469	1632
1469	1633
1472	1633
1472	1631
1635	1630
1635	1628
1638	1635
1638	4621
4623	4621
4623	4622
4624	4622
4624	1636
4625	1639
4625	1642
4625	4626
1643	1638
1643	4627
4628	4627
1646	1643
1646	4629
4632	4629
4632	4630
4633	4630
4633	4631
4634	4631
4634	1644
1649	1646
1649	4635
4637	4635
4637	4636
4638	4636
4638	1647
1481	1649
1481	4639
4641	4639
4641	4640
4642	4640
4642	1650
1648	1653
1654	1650
1655	1658
1659	1654
1662	1659
1662	4643
4645	4643
4645	4644
4646	4644
4646	1660
1487	1662
1487	1663
1490	1663
1490	4647
4649	4647
4649	4648
4650	4648
4650	1661
4654	1660
4654	4651
4655	4651
4655	4652
4656	4652
4656	4653
4657	4653
4657	1658
1665	4654
1665	4655
4659	4655
4659	4656
4660	4656
4660	4657
4661	4657
4661	4658
1668	1665
1668	4662
4664	4662
4664	4663
4665	4663
4665	1666
1496	1668
1496	4666
4668	4666
4668	4667
4669	4667
4669	1669
4670	1669
4670	1667
1671	4670
1671	4671
1674	1671
1674	4672
4675	4672
4675	4673
4676	4673
4676	4674
4677	4674
4677	1672
1677	1674
1677	1675
1680	1677
1680	4678
4679	4678
4679	1678
1683	1680
1683	1681
1499	1683
1499	1684
1502	1684
1502	1682
4680	1681
4680	1679
4682	4680
4682	4681
1686	4682
1686	4683
1689	1686
1689	4684
4685	4684
4685	1687
4686	1689
4686	1690
1508	4686
1508	4687
4689	1690
4689	4688
4690	4688
4690	1688
1692	4689
1692	4690
4692	4690
4692	4691
1695	1692
1695	4693
4694	4693
4694	1693
1511	1695
1511	4695
4698	4695
4698	4696
4699	4696
4699	4697
4700	4697
4700	1696
1698	1696
1698	4701
4704	4701
4704	4702
4705	4702
4705	4703
4706	4703
4706	1694
1701	1698
1701	1699
1704	1701
1704	1702
4707	1704
4707	1705
1707	4707
1707	4708
1514	1707
1514	1708
1710	1708
1710	1706
1713	1710
1713	4709
4710	4709
4710	1711
4712	1713
4712	4711
4713	4711
4713	1714
1716	4712
1716	4713
4715	4713
4715	4714
1719	1716
1719	4716
4718	4716
4718	4717
4719	4717
4719	1717
1526	1719
1526	4720
4721	4720
4721	1720
1722	1720
1722	1718
1529	1722
1529	4722
4724	4722
4724	4723
4725	4723
4725	1723
1725	1723
1725	4726
4728	4726
4728	4727
4729	4727
4729	1721
1538	1725
1538	1726
4732	1726
4732	4730
4733	4730
4733	4731
4734	4731
4734	1724
1728	4732
1728	4733
4736	4733
4736	4734
4737	4734
4737	4735
1731	1728
1731	1729
4738	1731
4738	1732
1556	4738
1556	4739
1734	1732
1734	1730
1583	1734
1583	4740
4742	4740
4742	4741
4743	4741
4743	1735
1737	1735
1737	4744
4745	4744
4745	1733
1740	1737
1740	4746
4748	4746
4748	4747
4749	4747
4749	1738
1743	1740
1743	1741
4750	1743
4750	1744
4752	4750
4752	4751
4754	4752
4754	4753
1595	4754
1595	4755
1746	1744
1746	1742
1749	1746
1749	4756
4757	4756
4757	1747
1752	1749
1752	1750
1755	1752
1755	4758
4759	4758
4759	1753
4761	1755
4761	4760
4762	4760
4762	1756
1758	4761
1758	4762
4764	4762
4764	4763
1598	1758
1598	4765
4766	4765
4766	1759
4767	1759
4767	1757
1761	4767
1761	4768
4769	1761
4769	1762
1601	4769
1601	4770
1764	1762
1764	1760
4771	1764
4771	1765
4773	4771
4773	4772
1767	4773
1767	4774
1770	1767
1770	4775
4776	4775
4776	1768
4778	1770
4778	4777
4779	4777
4779	1771
1773	4778
1773	4779
4781	4779
4781	4780
1776	1773
1776	4782
4783	4782
4783	1774
1619	1776
1619	4784
4785	4784
4785	1777
1779	1777
1779	4786
4787	4786
4787	1775
1782	1779
1782	4788
4789	4788
4789	1780
1785	1782
1785	4790
4791	4790
4791	1783
1788	1785
1788	4792
4793	4792
4793	1786
1791	1788
1791	4794
4795	4794
4795	1789
1622	1791
1622	4796
4797	4796
4797	1792
4798	1792
4798	1790
1794	4798
1794	4799
1637	1794
1637	4800
4801	4800
4801	1795
4803	1795
4803	4802
4804	4802
4804	1793
1797	4803
1797	4804
4806	4804
4806	4805
4808	1797
4808	4807
4809	4807
4809	1798
1800	4808
1800	4809
4811	4809
4811	4810
1803	1800
1803	4812
4815	4812
4815	4813
4816	4813
4816	4814
4817	4814
4817	1801
1806	1803
1806	1804
4819	1806
4819	4818
4820	4818
4820	1807
1809	4819
1809	4820
4822	4820
4822	4821
1642	1809
1642	1810
4823	1810
4823	1808
1812	4823
1812	4824
1645	1812
1645	1813
1653	1813
1653	4825
4826	4825
4826	1811
1815	1807
1815	1805
1818	1815
1818	4827
4829	4827
4829	4828
4830	4828
4830	1816
1821	1818
1821	4831
4833	4831
4833	4832
4834	4832
4834	1819
1824	1821
1824	4835
4838	4835
4838	4836
4839	4836
4839	4837
4840	4837
4840	1822
1664	1824
1664	4841
4844	4841
4844	4842
4845	4842
4845	4843
4846	4843
4846	1825
1827	1825
1827	4847
4848	4847
4848	1823
1670	1827
1670	4849
4851	4849
4851	4850
4852	4850
4852	1828
1830	1828
1830	4853
4854	4853
4854	1826
4855	1830
4855	1831
1833	4855
1833	4856
4858	1833
4858	4857
4859	4857
4859	1834
1836	4858
1836	4859
4861	4859
4861	4860
1839	1836
1839	1837
1842	1839
1842	4862
4864	4862
4864	4863
4865	4863
4865	1840
1845	1842
1845	4866
4868	4866
4868	4867
4869	4867
4869	1843
1846	1849
1850	1845
1853	1850
1853	4870
4873	4870
4873	4871
4874	4871
4874	4872
4875	4872
4875	1851
1856	1853
1856	4876
4878	4876
4878	4877
4879	4877
4879	1854
1673	1856
1673	4880
4883	4880
4883	4881
4884	4881
4884	4882
4885	4882
4885	1857
1859	1857
1859	4886
4889	4886
4889	4887
4890	4887
4890	4888
4891	4888
4891	1855
1860	1863
1864	1859
1867	1864
1867	4892
4893	4892
4893	1865
1676	1867
1676	4894
4895	4894
4895	1868
4898	1868
4898	4896
4899	4896
4899	4897
4900	4897
4900	1866
1870	4898
1870	4899
4902	4899
4902	4900
4903	4900
4903	4901
1873	1870
1873	4904
4905	4904
4905	1871
1685	1873
1685	4906
4907	4906
4907	1874
1876	1874
1876	1872
4908	1876
4908	1877
1879	4908
1879	4909
4910	1879
4910	1880
4912	4910
4912	4911
4914	4912
4914	4913
4916	4914
4916	4915
1882	4916
1882	4917
1885	1882
1885	4918
4919	4918
4919	1883
1691	1885
1691	4920
4922	4920
4922	4921
4923	4921
4923	1886
1888	1886
1888	4924
4925	4924
4925	1884
4926	1888
4926	1889
1891	4926
1891	4927
1697	1891
1697	4928
4930	4928
4930	4929
4931	4929
4931	1892
1894	1892
1894	4932
4934	4932
4934	4933
4935	4933
4935	1890
1897	1894
1897	4936
4938	4936
4938	4937
4939	4937
4939	1895
1900	1897
1900	1898
1700	1900
1700	4940
4941	4940
4941	1901
1903	1901
1903	1899
4942	1903
4942	1904
1906	4942
1906	4943
1909	1906
1909	1907
4944	1909
4944	1910
4946	4944
4946	4945
4948	4946
4948	4947
1912	4948
1912	4949
4950	1912
4950	1913
1703	4950
1703	4951
1709	1913
1709	1911
4952	1910
4952	1908
4954	4952
4954	4953
4956	4954
4956	4955
1915	4956
1915	4957
1918	1915
1918	4958
4959	4958
4959	1916
1921	1918
1921	4960
4961	4960
4961	1919
4962	1921
4962	1922
4964	4962
4964	4963
4966	4964
4966	4965
1712	4966
1712	4967
4970	1922
4970	4968
4971	4968
4971	4969
4972	4969
4972	1920
1715	4970
1715	4971
4974	4971
4974	4972
4975	4972
4975	4973
1924	1919
1924	4976
4977	4976
4977	1917
1739	1924
1739	4978
4979	4978
4979	1925
1745	1925
1745	1923
1927	1916
1927	4980
4981	4980
4981	1914
1748	1927
1748	1928
1930	1928
1930	4982
4984	4982
4984	4983
4985	4983
4985	1926
1933	1930
1933	1931
1751	1933
1751	1934
1936	1934
1936	1932
1939	1936
1939	4986
4988	4986
4988	4987
4989	4987
4989	1937
1766	1939
1766	4990
4992	4990
4992	4991
4993	4991
4993	1940
4994	1940
4994	1938
4996	4994
4996	4995
1942	4996
1942	4997
1945	1942
1945	4998
4999	4998
4999	1943
1778	1945
1778	5000
5001	5000
5001	1946
1781	1946
1781	1944
1948	1943
1948	5002
5003	5002
5003	1941
5004	1948
5004	1949
1951	5004
1951	5005
1954	1951
1954	1952
1784	1954
1784	1955
1787	1955
1787	1953
1957	1952
1957	1950
1960	1957
1960	5006
5007	5006
5007	1958
5008	1960
5008	1961
1963	5008
1963	5009
1796	1963
1796	5010
5011	5010
5011	1964
1966	1964
1966	5012
5013	5012
5013	1962
1969	1966
1969	5014
5015	5014
5015	1967
1972	1969
1972	5016
5017	5016
5017	1970
1975	1972
1975	5018
5019	5018
5019	1973
1799	1975
1799	5020
5021	5020
5021	1976
5022	1976
5022	1974
5024	5022
5024	5023
1817	5024
1817	5025
1978	1973
1978	1971
1981	1978
1981	1979
5026	1981
5026	1982
1984	5026
1984	5027
1987	1984
1987	5028
5029	5028
5029	1985
5030	1987
5030	1988
1990	5030
1990	5031
5033	1990
5033	5032
5034	5032
5034	1991
5036	5033
5036	5034
5037	5034
5037	5035
5039	5036
5039	5037
5040	5037
5040	5038
1993	5039
1993	5040
5042	5040
5042	5041
1996	1993
1996	5043
5044	5043
5044	1994
1820	1996
1820	1997
1829	1997
1829	1995
1832	1994
1832	1992
1999	1991
1999	5045
5046	5045
5046	1989
5048	1999
5048	5047
5049	5047
5049	2000
2002	5048
2002	5049
5051	5049
5051	5050
2005	2002
2005	5052
5055	5052
5055	5053
5056	5053
5056	5054
5057	5054
5057	2003
1835	2005
1835	2006
1838	2006
1838	5058
5060	5058
5060	5059
5061	5059
5061	2004
2008	2003
2008	5062
5063	5062
5063	2001
5064	2008
5064	2009
2011	5064
2011	5065
2014	2011
2014	5066
5067	5066
5067	2012
1841	2014
1841	2015
1844	2015
1844	5068
5069	5068
5069	2013
5071	2012
5071	5070
5072	5070
5072	2010
5074	5071
5074	5072
5075	5072
5075	5073
2017	5074
2017	5075
5077	5075
5077	5076
2020	2017
2020	5078
5079	5078
5079	2018
5080	2020
5080	2021
5082	5080
5082	5081
5084	5082
5084	5083
2023	5084
2023	5085
5087	2023
5087	5086
5088	5086
5088	2024
2026	5087
2026	5088
5090	5088
5090	5089
1849	2026
1849	2027
5091	2027
5091	2025
2029	5091
2029	5092
1852	2029
1852	2030
1858	2030
1858	5093
5094	5093
5094	2028
5095	2024
5095	2022
5097	5095
5097	5096
5099	5097
5099	5098
2032	5099
2032	5100
2035	2032
2035	5101
5103	5101
5103	5102
5104	5102
5104	2033
2038	2035
2038	5105
5107	5105
5107	5106
5108	5106
5108	2036
5111	2038
5111	5109
5112	5109
5112	5110
5113	5110
5113	2039
1863	5111
1863	5112
5115	5112
5115	5113
5116	5113
5116	5114
5117	2039
5117	2037
2034	5117
2034	5118
2041	2033
2041	5119
5121	5119
5121	5120
5122	5120
5122	2031
5123	2041
5123	2042
5125	5123
5125	5124
5127	5125
5127	5126
2044	5127
2044	5128
2047	2044
2047	5129
5130	5129
5130	2045
5131	2047
5131	2048
5133	5131
5133	5132
5135	5133
5135	5134
5137	5135
5137	5136
1878	5137
1878	5138
2050	2048
2050	2046
5139	2050
5139	2051
2053	5139
2053	5140
1881	2053
1881	2054
2056	2054
2056	2052
2059	2056
2059	2057
2062	2059
2062	5141
5142	5141
5142	2060
1887	2062
1887	5143
5145	5143
5145	5144
5146	5144
5146	2063
2065	2063
2065	5147
5149	5147
5149	5148
5150	5148
5150	2061
2068	2065
2068	5151
5152	5151
5152	2066
5153	2068
5153	2069
5155	5153
5155	5154
5157	5155
5157	5156
1893	5157
1893	5158
2071	2069
2071	5159
5160	5159
5160	2067
2074	2071
2074	5161
5162	5161
5162	2072
2077	2074
2077	5163
5165	5163
5165	5164
5166	5164
5166	2075
5169	2077
5169	5167
5170	5167
5170	5168
5171	5168
5171	2078
2080	5169
2080	5170
5173	5170
5173	5171
5174	5171
5174	5172
1896	2080
1896	5175
5177	5175
5177	5176
5178	5176
5178	2081
2083	2081
2083	2079
2086	2083
2086	5179
5180	5179
5180	2084
1902	2086
1902	2087
2089	2087
2089	5181
5182	5181
5182	2085
2092	2089
2092	5183
5184	5183
5184	2090
2095	2092
2095	5185
5187	5185
5187	5186
5188	5186
5188	2093
2098	2095
2098	5189
5190	5189
5190	2096
2101	2098
2101	5191
5193	5191
5193	5192
5194	5192
5194	2099
5196	2101
5196	5195
5197	5195
5197	2102
1905	5196
1905	5197
5199	5197
5199	5198
1929	2102
1929	5200
5202	5200
5202	5201
5203	5201
5203	2100
2104	2099
2104	5204
5206	5204
5206	5205
5207	5205
5207	2097
1935	2104
1935	5208
5210	5208
5210	5209
5211	5209
5211	2105
2094	2105
2094	2103
2107	2093
2107	2091
2110	2107
2110	5212
5213	5212
5213	2108
2113	2110
2113	2111
1947	2113
1947	5214
5215	5214
5215	2114
2116	2114
2116	2112
2119	2116
2119	2117
2122	2119
2122	5216
5218	5216
5218	5217
5219	5217
5219	2120
1956	2122
1956	5220
5221	5220
5221	2123
5222	2123
5222	2121
5224	5222
5224	5223
2125	5224
2125	5225
2128	2125
2128	5226
5227	5226
5227	2126
1968	2128
1968	5228
5229	5228
5229	2129
1977	2129
1977	2127
2131	2126
2131	5230
5231	5230
5231	2124
5232	2131
5232	2132
1980	5232
1980	5233
2134	2132
2134	5234
5235	5234
5235	2130
2137	2134
2137	2135
2140	2137
2140	2138
5237	2140
5237	5236
5238	5236
5238	2141
1983	5237
1983	5238
5240	5238
5240	5239
2143	2141
2143	5241
5242	5241
5242	2139
2146	2143
2146	5243
5245	5243
5245	5244
5246	5244
5246	2144
2149	2146
2149	5247
5249	5247
5249	5248
5250	5248
5250	2147
5251	2149
5251	2150
5253	5251
5253	5252
5255	5253
5255	5254
2152	5255
2152	5256
1986	2152
1986	5257
5259	5257
5259	5258
5260	5258
5260	2153
2155	2153
2155	5261
5263	5261
5263	5262
5264	5262
5264	2151
1998	2155
1998	5265
5266	5265
5266	2156
2158	2156
2158	5267
5268	5267
5268	2154
2161	2158
2161	5269
5270	5269
5270	2159
2164	2161
2164	5271
5272	5271
5272	2162
2167	2164
2167	5273
5274	5273
5274	2165
2007	2167
2007	5275
5276	5275
5276	2168
5277	2168
5277	2166
2170	5277
2170	5278
2173	2170
2173	2171
5279	2173
5279	2174
5281	5279
5281	5280
5283	5281
5283	5282
2176	5283
2176	5284
2179	2176
2179	2177
2182	2179
2182	5285
5287	5285
5287	5286
5288	5286
5288	2180
2185	2182
2185	5289
5290	5289
5290	2183
5291	2185
5291	2186
5293	5291
5293	5292
5295	5293
5295	5294
2016	5295
2016	5296
2019	2186
2019	5297
5298	5297
5298	2184
5301	2183
5301	5299
5302	5299
5302	5300
5303	5300
5303	2181
2040	5301
2040	5302
5305	5302
5305	5303
5306	5303
5306	5304
2188	2180
2188	5307
5308	5307
5308	2178
5309	2188
5309	2189
2191	5309
2191	5310
2043	2191
2043	2192
2194	2192
2194	2190
2197	2194
2197	5311
5312	5311
5312	2195
5313	2197
5313	2198
5315	5313
5315	5314
2058	5315
2058	5316
2200	2198
2200	5317
5318	5317
5318	2196
2203	2200
2203	5319
5320	5319
5320	2201
2148	2203
2148	5321
5323	5321
5323	5322
5324	5322
5324	2204
2206	2204
2206	5325
5326	5325
5326	2202
2209	2206
2209	5327
5328	5327
5328	2207
2212	2209
2212	5329
5330	5329
5330	2210
2215	2212
2215	5331
5332	5331
5332	2213
2218	2215
2218	5333
5334	5333
5334	2216
2157	2218
2157	5335
5336	5335
5336	2219
2160	2219
2160	2217
5337	2216
5337	2214
2172	5337
2172	5338
5339	2213
5339	2211
2221	5339
2221	5340
5341	2221
5341	2222
2175	5341
2175	5342
5343	2222
5343	2220
2187	5343
2187	5344
5345	2210
5345	2208
2193	5345
2193	5346
2199	2207
2199	2205
2163	2171
2163	2169
2224	2147
2224	5347
5349	5347
5349	5348
5350	5348
5350	2145
2064	2224
2064	5351
5353	5351
5353	5352
5354	5352
5354	2225
5355	2225
5355	2223
2227	5355
2227	5356
2230	2227
2230	5357
5358	5357
5358	2228
2070	2230
2070	2231
2073	2231
2073	2229
2133	2228
2133	2226
2136	2144
2136	2142
2233	2120
2233	5359
5361	5359
5361	5360
5362	5360
5362	2118
2076	2233
2076	5363
5365	5363
5365	5364
5366	5364
5366	2234
2115	2234
2115	2232
5367	2111
5367	2109
5369	5367
5369	5368
2082	5369
2082	5370
2088	2108
2088	2106
5371	2057
5371	2055
2049	5371
2049	5372
5374	1967
5374	5373
5375	5373
5375	1965
1959	5374
1959	5375
5377	5375
5377	5376
1869	1877
1869	1875
1802	1816
1802	5378
5380	5378
5380	5379
5381	5379
5381	1814
5383	1774
5383	5382
5384	5382
5384	1772
1769	5383
1769	5384
5386	5384
5386	5385
5387	1765
5387	1763
1754	5387
1754	5388
1727	1738
1727	5389
5392	5389
5392	5390
5393	5390
5393	5391
5394	5391
5394	1736
1625	1636
1625	5395
5397	5395
5397	5396
5398	5396
5398	1634
5399	1618
5399	1616
1604	5399
1604	5400
5402	1594
5402	5401
5403	5401
5403	1592
1586	5402
1586	5403
5405	5403
5405	5404
5406	1582
5406	1580
1559	5406
1559	5407
1571	1579
1571	1577
1562	1570
1562	1568
5408	1555
5408	1553
5410	5408
5410	5409
1541	5410
1541	5411
1544	1552
1544	1550
1517	1525
1517	1523
5413	1415
5413	5412
5414	5412
5414	1413
1404	5413
1404	5414
5416	5414
5416	5415
5417	1400
5417	1398
1389	5417
1389	5418
1359	1367
1359	1365
1312	1323
1312	1321
1267	1278
1267	1276
5419	1252
5419	2237
5419	5420
2238	1254
2239	1139
1137	2238
1246	2239
1246	2237
2243	1245
2243	1243
5421	2243
5421	2244
5423	5421
5423	5422
1143	5423
1143	5424
5425	2244
5425	2242
2246	5425
2246	5426
5430	2246
5430	5427
5431	5427
5431	5428
5432	5428
5432	5429
5433	5429
5433	2247
1152	5430
1152	5431
5435	5431
5435	5432
5436	5432
5436	5433
5437	5433
5437	5434
2249	2247
2249	5438
5440	5438
5440	5439
5441	5439
5441	2245
2252	2249
2252	5442
5443	5442
5443	2250
5444	2252
5444	2253
2255	5444
2255	5445
5447	2255
5447	5446
5448	5446
5448	2256
2258	5447
2258	5448
5450	5448
5450	5449
2261	2258
2261	2259
2264	2261
2264	5451
5453	5451
5453	5452
5454	5452
5454	2262
2267	2264
2267	5455
5458	5455
5458	5456
5459	5456
5459	5457
5460	5457
5460	2265
1168	2267
1168	5461
5464	5461
5464	5462
5465	5462
5465	5463
5466	5463
5466	2268
1171	2268
1171	2266
2270	2265
2270	5467
5468	5467
5468	2263
5470	2270
5470	5469
5471	5469
5471	2271
5473	5470
5473	5471
5474	5471
5474	5472
1183	5473
1183	5474
5476	5474
5476	5475
2273	2271
2273	2269
2276	2273
2276	5477
5480	5477
5480	5478
5481	5478
5481	5479
5482	5479
5482	2274
1198	2276
1198	5483
5484	5483
5484	2277
5486	2277
5486	5485
5487	5485
5487	2275
2279	5486
2279	5487
5489	5487
5489	5488
2282	2279
2282	5490
5491	5490
5491	2280
1207	2282
1207	5492
5493	5492
5493	2283
5494	2283
5494	2281
1210	5494
1210	5495
5497	2280
5497	5496
5498	5496
5498	2278
5500	5497
5500	5498
5501	5498
5501	5499
2285	5500
2285	5501
5503	5501
5503	5502
5504	2285
5504	2286
2288	5504
2288	5505
2291	2288
2291	5506
5507	5506
5507	2289
2294	2291
2294	2292
1216	2294
1216	2295
2297	2295
2297	2293
2300	2297
2300	5508
5509	5508
5509	2298
5511	2300
5511	5510
5512	5510
5512	2301
1219	5511
1219	5512
5514	5512
5514	5513
5516	2301
5516	5515
5517	5515
5517	2299
2303	5516
2303	5517
5519	5517
5519	5518
1225	2303
1225	5520
5521	5520
5521	2304
5522	2304
5522	2302
5524	5522
5524	5523
5526	5524
5526	5525
2306	5526
2306	5527
5528	2306
5528	2307
5530	5528
5530	5529
1231	5530
1231	5531
2309	2307
2309	2305
2312	2309
2312	2310
2315	2312
2315	5532
5533	5532
5533	2313
5534	2315
5534	2316
2318	5534
2318	5535
1234	2318
1234	5536
5537	5536
5537	2319
2321	2319
2321	5538
5539	5538
5539	2317
2248	2321
2248	5540
5541	5540
5541	2322
2314	2322
2314	5542
5543	5542
5543	2320
2324	2313
2324	2311
2251	2324
2251	2325
2327	2325
2327	5544
5545	5544
5545	2323
2254	2327
2254	2328
2330	2328
2330	5546
5547	5546
5547	2326
2284	2330
2284	5548
5549	5548
5549	2331
2333	2331
2333	2329
2287	2333
2287	5550
5551	5550
5551	2334
2308	2334
2308	5552
5553	5552
5553	2332
2290	2298
2290	5554
5555	5554
5555	2296
2336	2274
2336	5556
5559	5556
5559	5557
5560	5557
5560	5558
5561	5558
5561	2272
2257	2336
2257	2337
2260	2337
2260	5562
5564	5562
5564	5563
5565	5563
5565	2335
5566	1191
5566	1189
5568	5566
5568	5567
5570	5568
5570	5569
1186	5570
1186	5571
5572	1182
5572	1180
1174	5572
1174	5573
1155	1165
1155	5574
5575	5574
5575	1163
1116	1124
1116	5576
5577	5576
5577	1122
1005	1013
1005	5578
5579	5578
5579	1011
984	995
984	993
945	950
945	5580
5583	5580
5583	5581
5584	5581
5584	5582
5585	5582
5585	948
930	938
930	5586
5587	5586
5587	936
826	846
826	5588
5590	5588
5590	5589
5591	5589
5591	844
835	843
835	5592
5593	5592
5593	841
2339	731
2339	729
717	2339
717	5594
5596	5594
5596	5595
5597	5595
5597	2340
726	2340
726	5598
5599	5598
5599	2338
620	631
620	629
590	601
590	5600
5602	5600
5602	5601
5603	5601
5603	599
5604	420
5604	418
5606	5604
5606	5605
5608	5606
5608	5607
5610	5608
5610	5609
5612	5610
5612	5611
415	5612
415	5613
358	366
358	364
2342	315
2342	5614
5615	5614
5615	313
302	2342
302	5616
5617	5616
5617	2343
310	2343
310	5618
5620	5618
5620	5619
5621	5619
5621	2341
5623	101
5623	5622
5624	5622
5624	99
5626	5623
5626	5624
5627	5624
5627	5625
96	5626
96	5627
5629	5627
5629	5628
2345	47
2345	5630
5631	5630
5631	45
5632	2345
5632	2346
5634	5632
5634	5633
33	5634
33	5635
2348	2346
2348	5636
5637	5636
5637	2344
36	2348
36	5638
5639	5638
5639	2349
39	2349
39	2347
5640	8
5640	6
5642	5640
5642	5641
5644	5642
5644	5643
3	5644
3	5645
5646	2350
5647	5646
5648	5647
5649	5648
5650	5649
2350	5650
2353	2351
2353	5651
2353	5652
2353	5653
2353	5654
2353	5655
0	2378
5691	2378
2414	2378
5691	2414
2354	2414
5691	2354
3	5
3	2359
2358	2359
6	8
2363	8
2363	2364
9	2432
2365	2432
2365	11
12	14
12	2366
15	17
2373	17
18	20
18	2374
21	2454
22	2454
2379	2454
2379	2455
2380	2455
24	26
2386	26
2386	2387
2385	2387
27	2494
2391	2494
5692	2494
5692	29
5692	2392
5692	28
30	2512
2393	2512
5694	2512
5694	2513
5693	2513
5693	2514
2396	2514
5693	2396
5693	2395
5693	2394
5694	2394
5694	31
33	35
33	2402
2399	2402
2399	2401
2398	2401
2398	2400
2397	2400
36	5639
2405	5639
2405	38
2404	38
2404	2406
2403	2406
39	41
39	2408
2407	2408
42	44
2412	44
2412	2413
45	5630
46	5630
48	50
51	53
54	56
57	59
57	2425
60	2542
2427	2542
2428	2542
60	2427
2426	2427
63	2434
2430	2434
5695	2434
5695	2433
5695	65
5695	2431
5695	64
5695	2429
66	2438
2436	2438
2436	2437
2435	2437
2435	68
69	71
2440	71
2440	2441
2439	2441
72	74
2442	74
2442	2443
75	2560
2444	2560
2445	2560
2444	2445
78	80
78	2450
2449	2450
81	2453
2451	2453
2451	2452
82	2452
84	86
87	89
90	2573
2456	2573
2457	2573
2457	2574
90	2456
93	2591
2459	2591
5696	2591
5696	2592
5697	2592
5697	2593
5697	95
5697	2460
5697	94
5697	2458
5696	2458
96	5629
2461	5629
2461	98
2461	2462
99	5622
2470	5622
99	2470
2469	2470
102	104
2474	104
2474	2475
105	107
105	2478
105	2477
2476	2477
108	2624
2480	2624
2479	2624
2479	110
111	2629
112	2629
2481	2629
2481	2630
2482	2630
114	2496
2488	2496
5698	2496
5698	2495
5698	116
5698	2489
5698	115
5698	2487
117	2493
2490	2493
118	2493
120	122
120	2500
2498	2500
2498	2499
2497	2499
5699	5700
123	2647
5699	2647
5699	2648
5700	2648
2505	2648
5700	2505
5700	2504
5700	2503
5701	2503
2501	2503
5701	2501
5701	2502
5699	2502
126	128
126	2511
2508	2511
2508	2510
2507	2510
2507	2509
2506	2509
129	131
132	2675
133	2675
135	2523
136	2523
138	2525
2524	2525
139	2525
141	143
141	2527
2526	2527
144	2531
2528	2531
2528	146
147	2692
2532	2692
148	2692
150	152
153	155
153	2539
156	158
2540	158
2540	2541
159	161
162	164
165	167
168	2545
169	2545
171	2711
2548	2711
2549	2711
171	2548
171	2547
2546	2547
174	308
2552	308
5702	308
5702	5657
2551	5657
5704	5657
5704	5658
5703	5658
5703	309
2553	309
5703	2553
5703	175
5704	175
5704	2550
5702	2551
177	179
2554	179
180	182
180	2555
183	185
183	2557
2556	2557
186	188
2558	188
2558	2559
189	2753
2563	2753
2564	2753
2564	2754
189	2563
192	194
192	2568
2566	2568
2566	2567
2565	2567
195	2572
2570	2572
2570	2571
2569	2571
2569	197
198	2762
199	2762
2579	2762
201	203
201	2581
2580	2581
204	2778
2585	2778
5705	2778
5705	206
5705	2586
5705	205
207	2594
2589	2594
2590	2594
207	2589
2587	2589
2587	2588
210	212
2598	212
213	215
213	2601
216	218
2605	218
219	2787
220	2787
2606	2787
2606	2788
2607	2788
222	2790
5706	2790
226	2790
5706	226
5706	5656
2609	5656
2609	225
2608	225
5706	2609
227	229
227	2613
226	2613
5707	2613
5707	2612
5707	2611
5656	2611
225	2611
225	2610
5707	5656
230	2817
2617	2817
2616	2817
5708	2817
5708	2818
5708	232
5709	232
5709	2618
2614	2618
5709	2614
5709	2615
5709	2616
233	2625
2619	2625
2620	2625
2619	2620
5711	5710
236	2632
2626	2632
5711	2632
5711	2631
5710	2631
2628	2631
5710	2628
5710	2627
5712	2627
5712	237
5712	2626
239	2826
2634	2826
5713	2826
5713	241
5713	2635
2633	2635
5713	2633
242	2833
2636	2833
2636	2834
243	2834
245	247
248	250
251	2651
252	2651
252	2650
2645	2650
2645	2649
2646	2649
254	2657
2654	2657
2654	2656
2653	2656
2653	2655
2652	2655
2652	256
257	259
2660	259
2660	2662
2659	2662
2659	2661
2658	2661
260	2872
2664	2872
2664	2873
2663	2873
2663	2874
261	2874
263	2683
264	2683
2669	2683
2669	2682
266	268
2670	268
2670	2671
269	2894
2685	2894
5714	2894
5714	271
5714	2686
2684	2686
5714	2684
272	274
2690	274
2690	2691
275	2899
2693	2899
275	2693
278	280
2697	280
281	283
284	2700
285	2700
287	289
2701	289
290	292
293	2708
294	2708
296	298
2709	298
2709	2710
299	2961
2722	2961
2723	2961
2723	2962
2724	2962
2724	2963
299	2722
302	5617
2727	5617
2726	5617
2726	304
2725	304
2725	2728
305	2731
5657	2731
5658	2731
5658	2730
309	2730
305	5657
2729	5657
2729	308
310	5620
2733	5620
2733	5621
2732	5621
2732	312
313	5614
2734	5614
313	2734
316	318
2735	318
2735	2736
319	3007
2737	3007
2737	3008
320	3008
2738	3008
2738	3009
322	2744
2742	2744
2742	2743
323	2743
5715	5717
325	2756
2746	2756
5715	2756
5717	2756
5717	2755
5717	327
5717	2748
5716	2748
5716	2747
2745	2747
5716	2745
5715	2745
328	2752
2750	2752
5718	2752
5718	2751
5718	330
5718	329
5718	2749
331	3025
2758	3025
2758	333
2757	333
334	336
334	2759
337	339
2760	339
340	342
340	2761
343	345
346	3050
2765	3050
2766	3050
2766	3051
346	2765
349	351
349	2770
2768	2770
2768	2769
2767	2769
352	3076
2772	3076
2772	3077
2771	3077
2771	354
355	357
358	360
361	2779
2777	2779
361	2777
364	366
364	2781
2780	2781
367	369
367	2783
2782	2783
370	2786
2784	2786
2784	2785
371	2785
373	2791
2789	2791
373	2789
376	3083
2798	3083
2799	3083
2798	2799
379	381
2806	381
382	384
382	2807
385	387
2814	387
388	2821
389	2821
2815	2821
2815	2820
2816	2820
2816	2819
391	2828
2824	2828
2823	2828
5719	2828
5719	2827
5719	393
5719	2825
2822	2825
5719	2822
394	3131
2830	3131
2830	3132
2829	3132
2829	3133
395	3133
397	2835
2831	2835
2832	2835
397	2831
400	3142
2836	3142
401	3142
403	3144
404	3144
2837	3144
406	408
2838	408
409	411
412	414
415	417
415	2849
418	420
2856	420
421	423
424	3171
2857	3171
2858	3171
2858	3172
424	2857
427	3184
5720	3184
5720	429
5720	2862
5720	2861
2859	2861
5720	2859
5720	2860
430	2993
2864	2993
2864	2992
2863	2992
2863	432
433	2876
2869	2876
2870	2876
2870	2875
2871	2875
433	2869
436	438
2878	438
2878	2880
2877	2880
2877	2879
5722	5721
439	2974
2882	2974
5722	2974
5722	2975
5721	2975
5721	441
5721	2883
5723	2883
2881	2883
5723	2881
5723	2882
442	444
442	2886
2884	2886
2884	2885
445	2895
2892	2895
2891	2895
2893	2895
2891	2893
448	450
451	453
451	2916
454	456
2917	456
457	459
460	462
463	2985
464	2985
466	468
469	471
472	2965
2958	2965
2959	2965
2959	2964
2960	2964
472	2958
475	477
2967	477
2967	2969
2966	2969
2966	2968
478	480
478	2973
2971	2973
2971	2972
2970	2972
481	2978
482	2978
484	486
484	3001
2999	3001
2999	3000
2998	3000
487	489
487	3006
3003	3006
3003	3005
3002	3005
3002	3004
490	3195
3010	3195
3011	3195
3011	3196
490	3010
493	3211
3013	3211
5724	3211
3015	3211
5724	3015
5724	3014
3012	3014
5724	3012
496	498
3017	498
3017	3019
3016	3019
3016	3018
499	3027
3021	3027
3021	3026
3020	3026
5725	3026
5725	501
5725	3022
5725	500
502	504
502	3024
3023	3024
505	3031
3029	3031
3028	3031
3028	3030
506	3030
508	510
508	3035
3033	3035
3033	3034
3032	3034
511	3040
3037	3040
3037	3039
3036	3039
3036	3038
512	3038
514	3258
5727	3258
5726	3258
5726	516
5726	3045
3042	3045
3042	3044
3041	3044
5726	3042
5727	3042
5727	3043
517	3052
5728	3052
5729	3052
5729	519
5729	3049
5729	3048
3046	3048
5729	3046
5729	3047
5728	3047
520	3274
3053	3274
3053	522
523	3054
524	3054
526	528
526	3056
3055	3056
529	3280
3057	3280
3057	531
532	3088
533	3088
3064	3088
535	3086
3065	3086
5730	3086
5730	3087
3067	3087
5730	3067
5730	3066
3065	3066
538	540
538	3075
3073	3075
3073	3074
3072	3074
541	3085
542	3085
3082	3085
3082	3084
544	3291
3089	3291
3090	3291
3089	3090
547	549
547	3092
3091	3092
550	552
3093	552
3093	3094
553	555
553	3096
3095	3096
556	558
556	3098
3097	3098
559	3101
3099	3101
3099	3100
560	3100
562	3105
3103	3105
3102	3105
3102	3104
563	3104
565	567
3107	567
3107	3109
3106	3109
3106	3108
568	3334
572	3334
3112	3334
568	572
3111	572
3111	5659
3111	571
3110	571
3110	3114
573	575
5731	575
5731	3118
572	3118
5659	3118
5659	3117
571	3117
571	3116
3115	3116
5731	572
5731	3113
576	578
576	580
3121	580
3121	5660
3120	5660
3120	579
3119	579
5732	5734
5733	5732
5733	5735
5734	5737
5734	5738
5735	5734
5735	5739
5736	5735
5736	5740
5738	5737
5739	5738
5739	5742
5740	5739
5740	5743
5741	5740
581	3376
5733	3376
5732	3376
5732	746
5732	5668
5734	5668
5734	747
5737	747
5737	3374
5737	583
5737	3124
5742	3124
5742	3123
5743	3123
5743	3122
5744	3122
5744	582
5744	579
5741	579
5741	5660
5736	5660
5736	580
5733	580
584	586
3127	586
3127	3130
3126	3130
3126	3129
3125	3129
3125	3128
587	3378
588	3378
3134	3378
590	5602
3135	5602
5745	5602
5745	5603
3136	5603
5745	3136
5745	591
593	595
593	3138
3137	3138
596	3145
3143	3145
596	3143
599	5601
3146	5601
5746	5601
5746	5600
3148	5600
5746	3148
5746	3147
3146	3147
602	3158
3150	3158
3150	3157
3149	3157
3149	604
605	607
3160	607
3160	3162
3159	3162
3159	3161
608	610
608	3166
3164	3166
3164	3165
3163	3165
611	3170
3168	3170
3168	3169
3167	3169
3167	613
614	3397
3175	3397
3176	3397
3176	3398
614	3175
617	3185
3182	3185
5747	3185
5747	619
5747	3183
3181	3183
5747	3181
620	622
3186	622
3186	3187
623	625
623	3190
3188	3190
3188	3189
626	3194
3192	3194
3192	3193
3191	3193
3191	628
629	631
629	3197
632	634
3198	634
635	3428
3199	3428
3200	3428
635	3199
638	640
638	3204
3202	3204
3202	3203
3201	3203
641	3214
3206	3214
5748	3214
5748	3213
5749	3213
5749	3212
3207	3212
5749	3207
5749	642
5749	3205
5748	3205
5751	5750
644	3448
5751	3448
5750	3448
3221	3448
5750	3221
5750	3220
5752	3220
5752	3219
5753	3219
5753	3218
3215	3218
5753	3215
5753	3216
5752	3216
5751	3216
5751	3217
647	3232
3225	3232
3224	3232
3224	3231
3223	3231
3223	3230
3222	3230
3222	649
650	652
5754	652
5754	3238
5755	3238
5755	3237
3234	3237
3234	3236
3233	3236
5755	3234
5755	3235
5754	3235
653	3249
3241	3249
3241	3248
3240	3248
3240	3247
3239	3247
3239	3246
654	3246
656	3262
3253	3262
5756	3262
5756	3261
5756	3260
5757	3260
5757	3259
5758	3259
5758	658
5758	3254
5758	657
5758	3250
5757	3250
5757	3251
5756	3251
5756	3252
659	661
659	3267
3266	3267
3266	663
3265	663
3265	5661
3264	5661
3264	662
3263	662
3263	3269
5759	5761
5759	5762
5760	5759
5761	5764
5762	5761
5762	5765
5763	5762
5764	5767
5765	5764
664	671
3268	671
5760	671
5760	5665
5760	5664
5759	5664
5759	5663
5761	5663
5761	5662
5764	5662
5764	670
5767	670
5767	666
5767	3271
5768	3271
5768	665
5768	3270
5765	3270
5766	3270
5766	662
5763	662
5763	5661
5763	663
5760	663
667	669
3272	669
3272	3273
672	3479
671	3479
5665	3479
5665	3480
5664	3480
5664	674
5663	674
5663	3276
5662	3276
5662	3275
670	3275
675	3493
3278	3493
3278	3494
3277	3494
3277	677
678	3281
3279	3281
678	3279
681	683
681	3283
3282	3283
684	686
684	3285
3284	3285
687	689
3289	689
3289	3290
690	692
693	3512
3298	3512
3299	3512
3299	3513
3300	3513
3300	3514
693	3298
696	3315
3303	3315
3302	3315
3302	3314
3301	3314
3301	698
699	3545
3317	3545
3317	3546
3316	3546
3316	701
702	3548
703	3548
3322	3548
705	3335
3323	3335
3324	3335
3323	3324
708	3331
3328	3331
709	3331
711	3333
3332	3333
3332	713
714	3557
3341	3557
3342	3557
714	3341
3339	3341
3339	3340
717	5596
3345	5596
3345	5597
3344	5597
3344	719
3343	719
720	722
720	3346
723	725
3350	725
726	5599
727	5599
3351	5599
729	731
729	3354
3352	3354
3352	3353
5769	5770
732	3578
5769	3578
5769	3579
5770	3579
5772	3579
5772	3580
3362	3580
5772	3362
5772	3361
5770	3361
5771	3361
5771	733
5771	3359
5771	3360
5769	3360
5774	5773
5774	5777
5775	5774
735	3383
5773	3383
5777	3383
5776	3383
5776	3382
5779	3382
5779	3381
739	3381
5779	739
5779	5667
5777	5667
5778	5667
5778	5666
5775	5666
5775	738
5775	736
5775	3363
5774	3363
5774	3364
5773	3364
5779	5777
740	3380
739	3380
5780	3380
5780	742
5780	3368
5667	3368
5667	3367
5666	3367
5666	3366
5666	3365
738	3365
5780	5667
743	745
743	3373
3372	3373
3372	747
3371	747
3371	5668
3370	5668
3370	746
3370	3375
3369	3375
748	3379
3377	3379
748	3377
751	3392
3386	3392
3385	3392
3385	3391
3384	3391
3384	753
754	3399
5781	3399
5781	756
5781	3396
3393	3396
3393	3395
5781	3393
5781	3394
757	3589
5782	3589
3402	3589
3403	3589
3403	3590
5782	3402
5782	3401
3400	3401
5782	3400
760	762
3406	762
3406	3408
3405	3408
3405	3407
3404	3407
763	3623
3414	3623
3416	3623
3414	3416
3413	3416
3413	3415
766	3424
3422	3424
3422	3423
3421	3423
3421	768
769	771
3426	771
3426	3427
3425	3427
772	3632
773	3632
3433	3632
3433	3633
3434	3633
775	3648
3436	3648
5783	3648
5783	3649
5784	3649
5784	3650
3437	3650
5784	3437
5784	776
5783	776
5783	3435
778	3445
3444	3445
3444	780
781	783
781	3447
3446	3447
784	786
787	3457
788	3457
790	792
3458	792
793	795
796	798
796	3459
799	3461
3460	3461
800	3461
802	804
3462	804
3462	3463
805	807
805	3466
805	3465
3464	3465
808	810
3468	810
3468	3469
3467	3469
811	3749
3470	3749
5785	3749
5785	3750
3472	3750
5785	3472
5785	3471
3470	3471
814	3760
5786	3760
5786	3761
5788	3761
5787	3761
5787	3762
5787	816
5787	3475
5789	3475
5789	815
5789	3473
5788	3473
5788	3474
5786	3474
5789	5788
817	819
817	3478
3476	3478
3476	3477
820	3766
3481	3766
3482	3766
3482	3767
3483	3767
3483	3768
820	3481
823	3772
3486	3772
5790	3772
5790	825
5790	3488
3485	3488
3484	3488
3484	3487
5790	3485
826	5590
3490	5590
3489	5590
3489	5591
827	5591
829	3496
830	3496
3491	3496
3491	3495
3492	3495
832	3501
3498	3501
3498	3500
3497	3500
3497	3499
833	3499
835	5593
3504	5593
5791	5593
5791	837
5791	3506
5791	3505
3502	3505
5791	3502
5791	3503
838	840
838	3511
3508	3511
3508	3510
3507	3510
3507	3509
841	5592
3515	5592
3516	5592
841	3515
844	5589
5793	5589
5671	5589
5671	5588
848	5588
5793	5671
5793	5670
5792	5670
5792	5669
3518	5669
3517	5669
3517	847
5792	3518
5792	844
849	3793
848	3793
5671	3793
5671	851
5670	851
5670	3521
5670	3520
5669	3520
5669	3519
847	3519
852	854
852	3527
3524	3527
3524	3526
3523	3526
3523	3525
3522	3525
855	3830
3530	3830
3530	3831
3529	3831
3529	3832
3528	3832
3528	857
858	3549
859	3549
3537	3549
861	3547
5795	3547
3540	3547
5795	3540
5795	3539
5794	3539
5794	862
5794	3538
5794	861
864	3843
3550	3843
3551	3843
3550	3551
867	869
867	3556
3555	3556
870	872
873	875
876	3852
877	3852
3558	3852
3558	3853
879	3865
3559	3865
880	3865
882	3869
883	3869
3562	3869
885	887
3572	887
3572	3573
888	890
3574	890
891	3583
892	3583
3575	3583
3575	3582
3576	3582
3576	3581
3577	3581
894	3591
3586	3591
5796	3591
5796	896
5796	3588
3584	3588
3584	3587
5796	3584
5796	3585
897	3885
3594	3885
3595	3885
897	3594
3592	3594
3592	3593
900	3897
3603	3897
5797	3897
5797	902
5797	3605
5797	3604
3601	3604
5797	3601
5797	3602
903	3903
5798	3903
3609	3903
5798	3609
5798	3608
3606	3608
5798	3606
5798	3607
906	3615
3611	3615
3610	3615
3610	3614
907	3614
909	911
3617	911
3617	3619
3616	3619
3616	3618
912	3626
3621	3626
3620	3626
5799	3626
5799	3625
5800	3625
5800	3624
3622	3624
5800	3622
5800	913
5799	913
915	3634
5801	3634
5802	3634
5802	917
5802	3631
3627	3631
3627	3630
5802	3627
5802	3628
5801	3628
5801	3629
918	3947
3638	3947
5803	3947
5803	3948
3640	3948
5803	3640
5803	3639
5803	919
921	3985
3642	3985
5804	3985
5804	3986
3643	3986
5804	3643
5804	922
5804	3641
924	3652
3644	3652
3646	3652
3646	3651
3647	3651
3644	3646
3644	3645
927	929
3654	929
3654	3656
3653	3656
3653	3655
930	5587
3658	5587
3657	5587
3657	932
933	935
936	5586
3661	5586
3662	5586
936	3661
939	3996
5805	3996
3670	3996
5805	3670
5806	3670
5806	3669
3667	3669
5806	3667
5806	3668
5805	3668
5808	5807
5808	5810
942	1161
3672	1161
5807	1161
5807	5672
5810	5672
5810	5673
5811	5673
5809	5673
5809	5674
5809	1162
3674	1162
5809	3674
5809	3673
5811	3673
5811	943
5808	943
5808	3671
5807	3671
945	5583
3680	5583
3680	5584
3679	5584
3679	5585
946	5585
3681	5585
948	5582
3688	5582
949	5582
3689	5582
3689	5581
3690	5581
3690	5580
951	4024
5812	4024
3695	4024
5812	3695
5812	3694
3691	3694
3691	3693
5812	3691
5812	3692
954	3708
3698	3708
3697	3708
3697	3707
3696	3707
3696	956
957	4044
3714	4044
5813	4044
5813	4045
5813	4046
5814	4046
5814	959
5814	3715
5814	958
5814	3713
5813	3713
960	962
3716	962
963	965
966	3727
967	3727
969	3725
970	3725
972	974
3726	974
975	977
975	3729
3728	3729
978	4068
3730	4068
979	4068
981	4080
3735	4080
3736	4080
3736	4081
981	3735
984	986
3738	986
3738	3740
3737	3740
3737	3739
987	989
987	3744
3742	3744
3742	3743
3741	3743
990	3748
3746	3748
3746	3747
3745	3747
3745	992
993	995
996	4089
997	4089
3753	4089
999	3769
3754	3769
1000	3769
1002	3765
1003	3765
3757	3765
3757	3764
3758	3764
3758	3763
3759	3763
1005	5579
3770	5579
3770	1007
1008	3773
3771	3773
1008	3771
1011	5578
3776	5578
1011	3776
1011	3775
3774	3775
1014	1016
3778	1016
3778	3779
3777	3779
1017	1019
1017	3781
3780	3781
1020	3796
3782	3796
3782	3795
1021	3795
1021	3794
3783	3794
1023	4121
3799	4121
3799	1025
3798	1025
3798	3800
3797	3800
1026	4124
3801	4124
3801	4125
1027	4125
1029	4134
3802	4134
3803	4134
3803	4135
3804	4135
1029	3802
1032	3816
3807	3816
3806	3816
3806	3815
3805	3815
3805	3814
1033	3814
1035	4146
3819	4146
3819	4147
3818	4147
5815	4147
5815	1037
5815	3820
3817	3820
5815	3817
1038	4161
5816	4161
3825	4161
5816	3825
3824	3825
5816	3824
1041	3833
3829	3833
1041	3829
1041	3828
3826	3828
3826	3827
1044	1046
1044	3835
3834	3835
1047	1049
1047	3837
3836	3837
1050	1052
3841	1052
3841	3842
1053	4164
5817	4164
3846	4164
3846	4165
3847	4165
5817	3846
5817	1054
1056	1058
3849	1058
3849	3851
3848	3851
3848	3850
1059	4175
3858	4175
1059	3858
1062	1064
3859	1064
3859	3860
1065	4179
3861	4179
3862	4179
3861	3862
1068	3866
5818	3866
3864	3866
5818	3864
5818	1069
5818	3863
1071	3870
3867	3870
3868	3870
3867	3868
1074	1076
3874	1076
1077	1079
1077	3877
1080	1082
3881	1082
1083	3884
1084	3884
1086	4187
1087	4187
3886	4187
1089	1091
1089	3889
3887	3889
3887	3888
1092	3898
3895	3898
3896	3898
3895	3896
3894	3896
1095	1097
1095	3900
3899	3900
1098	3905
3901	3905
5820	3905
5819	3905
5819	3904
5819	1100
5819	3902
5820	3902
5820	1099
1101	4210
5821	4210
3910	4210
5821	3910
5821	3909
5821	3908
3906	3908
5821	3906
5821	3907
1104	4248
5822	4248
5822	1106
5822	3920
5823	3920
5823	3919
3916	3919
5823	3916
5823	3917
5822	3917
5822	3918
1107	4256
3922	4256
5824	4256
5824	1109
5824	3924
5824	3923
3921	3923
5824	3921
1110	3932
3926	3932
3925	3932
3925	3931
1111	3931
1113	1115
3934	1115
3934	3936
3933	3936
3933	3935
1116	5577
3942	5577
5825	5577
5825	1118
5825	3943
3941	3943
5825	3941
1119	1121
1119	3946
3944	3946
3944	3945
1122	5576
3949	5576
1122	3949
1125	4283
3950	4283
3951	4283
3951	4284
3952	4284
3950	3951
1128	1130
3962	1130
3962	3964
3961	3964
3961	3963
1131	4317
3966	4317
3965	4317
3965	4318
1132	4318
1134	1136
1134	3967
5827	5826
1137	2240
5826	2240
5828	2240
5828	5690
5829	5690
5829	2241
3971	2241
5829	3971
5829	3970
5829	3969
5828	3969
5827	3969
5827	1138
5827	3968
5826	3968
1140	1142
3974	1142
3974	3976
3973	3976
3973	3975
3972	3975
1143	1145
1146	3993
1147	3993
1149	1151
1149	3995
3994	3995
1152	5435
3997	5435
3998	5435
3998	5436
3999	5436
3999	5437
1152	3997
1155	5575
4002	5575
4001	5575
4001	1157
4001	4004
4000	4004
4000	4003
5831	5833
1158	4009
5833	4009
5834	4009
5834	4008
5832	4008
5832	4007
1162	4007
5832	1162
5832	5674
5832	5673
5834	5673
5831	5673
5831	5672
5830	5672
5830	1161
4005	1161
5830	4005
5830	4006
5831	4006
5833	4006
5837	5836
1163	5574
5837	5574
1167	5574
5837	1167
5836	1167
5836	5675
5838	5675
4011	5675
5835	5675
5835	1166
5835	1164
5835	4010
5838	4011
5838	4012
5837	4012
1168	5464
1167	5464
1167	5465
5675	5465
5675	5466
1166	5466
1166	1170
1171	1173
1171	4013
1174	1176
4017	1176
1177	1179
1177	4020
1180	1182
1180	4027
1183	5476
4031	5476
4032	5476
4031	4032
1186	1188
1186	4034
4033	4034
1189	1191
4038	1191
4038	4039
1192	1194
1192	4043
1192	4042
4040	4042
4040	4041
1195	1197
1198	5484
1199	5484
1201	4065
1202	4065
1204	4069
4066	4069
4067	4069
4066	4067
1207	5493
4070	5493
4071	5493
4070	4071
1210	1212
1210	4076
4075	4076
1213	1215
1213	4079
4077	4079
4077	4078
1216	1218
1219	5514
1220	5514
4086	5514
1222	1224
1222	4088
4087	4088
1225	5521
4096	5521
1225	4096
1228	4102
4097	4102
4097	1230
1231	1233
4106	1233
1234	5537
1235	5537
4109	5537
1237	1239
4110	1239
4110	4111
1240	4117
4112	4117
4112	1242
1243	1245
1246	1248
1249	4126
4122	4126
4123	4126
1249	4122
1252	5419
4127	5419
4127	2236
5839	2236
5839	5689
5839	2235
4128	2235
4129	2235
5839	4128
5839	1253
1255	4136
5840	4136
4133	4136
5840	4133
5840	4132
4130	4132
5840	4130
5840	4131
1258	4326
4137	4326
4137	1260
1261	4149
4144	4149
4145	4149
4145	4148
1261	4144
1264	4343
4151	4343
5841	4343
5841	4344
4152	4344
5841	4152
4150	4152
5841	4150
1267	1269
4153	1269
4153	4154
1270	4166
5842	4166
4157	4166
5842	4157
5842	4156
4155	4156
5842	4155
1273	4163
4159	4163
5843	4163
5843	4162
5844	4162
4160	4162
5844	4160
5844	1274
5844	4158
5843	4158
1276	1278
1276	4168
4167	4168
1279	1281
4169	1281
4169	4170
1282	1284
1282	4172
4171	4172
1285	1287
1285	4174
4173	4174
1288	1290
1291	1293
1294	4180
1295	4180
4178	4180
1297	4183
4181	4183
4181	4182
1298	4182
1300	1302
4185	1302
4185	4186
4184	4186
1303	4365
4188	4365
1303	4188
1306	4378
4189	4378
4189	4379
1307	4379
1309	4392
1310	4392
4192	4392
1312	1314
4202	1314
4202	4203
1315	1317
1315	4206
1315	4205
4204	4205
1318	4209
4208	4209
4207	4209
4207	1320
1321	1323
1321	4213
1324	1326
4217	1326
1327	4402
4218	4402
4219	4402
4219	4403
1327	4218
1330	1332
4221	1332
4221	4223
4220	4223
4220	4222
1333	4414
5845	4414
4228	4414
5845	4228
5845	4227
5845	4226
4224	4226
5845	4224
5845	4225
1336	1338
4236	1338
4236	4239
4235	4239
4235	4238
4234	4238
4234	4237
1339	1341
1339	4243
4242	4243
4242	1343
4242	5676
4241	5676
4241	1342
4241	4245
4240	4245
5846	5847
1344	4251
4244	4251
5846	4251
5846	4250
5846	4249
5847	4249
5847	1346
5847	4247
4246	4247
5847	4246
5847	1342
5848	1342
5848	5676
5848	1343
5848	4244
5849	5850
5849	5851
1347	4258
4254	4258
5850	4258
5850	4257
5851	4257
5851	1349
5851	4255
5852	4255
5852	1348
5852	4252
5849	4252
5849	4253
5850	4253
1350	4263
4260	4263
4260	4262
4259	4262
4259	4261
1351	4261
5853	5854
5853	5856
1353	4452
4266	4452
5855	4452
5855	4453
5853	4453
5853	4454
5853	1355
5853	4268
5856	4268
5856	4267
4264	4267
5856	4264
5854	4264
5854	4265
5854	4266
1356	1358
4270	1358
4270	4272
4269	4272
4269	4271
1359	1361
4278	1361
4278	4279
4277	4279
1362	1364
1362	4282
4280	4282
4280	4281
1365	1367
1368	4464
1369	4464
1371	4477
1372	4477
4291	4477
4291	4478
4292	4478
1374	4492
4294	4492
5857	4492
5857	1376
5857	4296
5858	4296
5858	4295
4293	4295
5858	4293
5858	4294
1377	4302
4298	4302
4297	4302
4297	4301
1378	4301
1380	4511
4308	4511
4307	4511
4307	4512
4309	4512
4307	4309
1383	4320
5859	4320
5859	4319
4312	4319
5859	4312
5859	4311
4310	4311
5859	4310
1386	4524
4322	4524
4321	4524
4321	4525
1387	4525
1387	4526
1389	1391
1392	1394
1395	1397
1395	4325
1398	1400
1401	1403
1404	5416
1405	5416
1407	4346
1408	4346
4341	4346
4341	4345
4342	4345
1410	4350
4348	4350
4347	4350
4347	4349
1411	4349
1413	5412
4352	5412
4354	5412
4352	4354
4351	4354
4351	4353
1416	4367
4356	4367
5860	4367
5860	4366
4358	4366
5860	4358
5860	4357
4355	4357
5860	4355
1419	4361
4360	4361
4359	4361
4359	1421
1422	4540
4369	4540
4369	4541
4368	4541
4368	1424
1425	4381
1426	4381
4376	4381
4376	4380
4377	4380
1428	4555
5861	4555
4385	4555
5861	4385
5862	4385
5862	4384
4382	4384
5862	4382
5862	4383
5861	4383
1431	4393
4387	4393
4388	4393
4387	4388
4386	4388
1434	1436
4397	1436
1437	4404
4400	4404
4401	4404
1437	4400
1440	4563
4405	4563
4405	1442
1443	4415
4408	4415
1443	4408
1446	4413
4412	4413
4412	1448
1449	4569
4416	4569
4417	4569
4416	4417
1452	1454
4421	1454
1455	1457
1455	4424
1458	1460
4428	1460
1461	4591
4429	4591
4430	4591
4430	4592
1461	4429
1464	4594
5863	4594
4433	4594
5863	4433
5863	1468
5863	5677
5864	5677
5864	1467
5864	4435
4431	4435
5864	4431
5864	4432
5863	4432
1469	1471
4434	1471
4434	4439
1468	4439
1468	4438
5677	4438
1467	4438
4436	4438
4436	4437
1472	1474
1472	4445
4442	4445
4442	4444
4441	4444
4441	4443
4440	4443
5865	5866
5865	5867
5866	5869
5867	5866
5867	5870
1475	4456
5871	4456
5868	4456
5868	4455
5868	1477
5865	1477
5865	4451
5865	4450
5866	4450
5866	4449
5869	4449
4446	4449
5869	4446
5869	4447
5870	4447
5870	4448
5871	4448
5871	5868
1478	4460
4458	4460
4457	4460
4457	4459
1479	4459
1481	4641
4462	4641
4461	4641
4461	4642
1482	4642
1484	4465
1485	4465
4463	4465
1487	1489
4466	1489
4466	4467
1490	4649
5873	4649
5872	4649
5872	4650
4471	4650
5872	4471
5872	4470
5873	4470
5873	4469
4468	4469
5873	4468
1493	1495
4474	1495
4474	4476
4473	4476
4473	4475
4472	4475
1496	4668
1497	4668
4479	4668
4479	4669
4480	4669
1499	1501
4482	1501
4482	4484
4481	4484
4481	4483
1502	1504
1502	4488
4486	4488
4486	4487
4485	4487
5874	5875
1505	4495
4490	4495
5876	4495
5876	4494
5874	4494
5874	4493
4491	4493
5874	4491
5875	4491
5875	1506
5875	4489
5876	4489
1508	1510
4498	1510
4498	4501
4497	4501
4497	4500
4496	4500
4496	4499
1511	4698
4504	4698
4503	4698
4503	4699
4502	4699
4502	4700
1512	4700
1514	1516
1514	4507
1517	1519
4508	1519
1520	4513
4509	4513
4510	4513
1520	4509
1523	1525
1523	4515
4514	4515
1526	4721
4516	4721
4516	1528
1529	4724
4517	4724
4518	4724
4518	4725
1529	4517
1532	1534
1532	4523
1532	4522
4520	4522
4520	4521
4519	4521
1535	1537
1538	1540
1538	4529
1541	1543
1541	4531
4530	4531
1544	1546
4535	1546
4535	4536
1547	4542
4539	4542
1547	4539
1547	4538
4537	4538
1550	1552
1550	4544
4543	4544
1553	1555
4545	1555
4545	4546
1556	1558
1556	4548
4547	4548
1559	1561
1559	4550
4549	4550
1562	1564
4551	1564
4551	4552
1565	4556
4553	4556
4554	4556
4553	4554
1568	1570
1568	4558
4557	4558
1571	1573
4559	1573
4559	4560
1574	1576
1574	4562
4561	4562
1577	1579
1580	1582
1583	4742
1584	4742
4566	4742
4566	4743
1586	5405
4567	5405
4567	1588
1589	4570
1590	4570
4568	4570
1592	5401
4571	5401
4572	5401
4571	4572
1595	1597
1595	4574
4573	4574
1598	4766
4575	4766
4576	4766
4575	4576
1601	1603
1601	4581
4580	4581
1604	1606
1604	4583
4582	4583
1607	4586
4584	4586
4584	4585
1608	4585
1610	1612
4588	1612
4588	4590
4587	4590
4587	4589
1613	4595
1614	4595
4593	4595
1616	1618
4599	1618
4599	4600
1619	4785
4604	4785
4605	4785
4604	4605
1622	4797
4611	4797
4612	4797
1622	4611
4609	4611
4609	4610
1625	5397
4615	5397
4615	5398
4614	5398
4614	1627
4613	1627
1628	1630
1628	4616
1631	1633
4620	1633
1634	5396
4621	5396
4622	5396
4622	5395
1634	4621
1637	4801
5877	4801
4625	4801
5877	4625
5877	1641
5877	5678
5877	1640
4624	1640
4624	4627
4623	4627
5877	4624
1642	1644
4626	1644
4626	4631
1641	4631
1641	4630
5678	4630
1640	4630
1640	4629
4628	4629
1645	1647
4634	1647
4634	4636
4633	4636
4633	4635
4632	4635
5879	5881
5880	5879
5880	5882
1648	1652
5883	1652
5880	1652
5880	5679
5879	5679
5878	5679
5878	1651
5878	1650
5878	4640
5879	4640
5879	4639
5881	4639
5881	1649
5881	4637
5882	4637
5882	4638
5883	4638
1653	4826
5886	4826
5684	4826
1657	4826
5886	5684
5886	5683
5885	5683
5885	5682
5884	5682
5884	5681
5679	5681
1651	5681
1651	5680
1651	1656
5884	5679
5884	1652
5885	1652
5886	1652
1658	4653
1657	4653
5684	4653
5684	4652
5683	4652
5683	4651
5682	4651
5682	1660
5681	1660
5681	4644
5680	4644
5680	4643
1656	4643
1661	4648
4646	4648
4646	4647
4645	4647
4645	1663
5888	5887
5888	5890
5888	5891
5889	5888
5891	5890
1664	4844
5893	4844
5891	4844
5891	4845
5892	4845
5892	4846
5889	4846
5889	1666
5889	4663
5889	4662
5888	4662
5887	4662
5887	1665
5887	4659
5890	4659
5890	4660
5890	4661
5893	4661
1667	1669
1667	4667
4665	4667
4665	4666
4664	4666
1670	4851
4672	4851
4673	4851
4673	4852
4674	4852
1670	4672
1673	4883
4677	4883
4676	4883
4676	4884
4675	4884
4675	4885
1674	4885
1676	4895
1677	4895
4678	4895
1679	1681
4679	1681
1682	1684
1685	4907
1686	4907
4684	4907
1688	4688
4685	4688
1689	4688
1691	4922
4692	4922
5894	4922
5894	4923
4693	4923
5894	4693
5894	1692
1694	4703
5896	4703
5896	4702
5895	4702
5895	4701
4697	4701
5895	4697
5895	4696
5895	4695
5896	4695
4694	4695
5896	4694
1697	4930
4706	4930
4705	4930
4705	4931
4704	4931
4704	1699
1700	4941
1701	4941
1703	1705
1706	1708
1709	1711
1709	4709
1712	1714
1712	4711
4710	4711
1715	4974
4715	4974
5897	4974
5897	4975
4717	4975
5897	4717
5897	4716
4715	4716
1718	1720
4719	1720
4719	4720
4718	4720
1721	4727
1722	4727
4722	4727
4722	4726
4723	4726
1724	4731
4729	4731
4728	4731
4728	4730
1725	4730
1727	5392
4737	5392
4737	5393
4736	5393
4736	5394
1728	5394
1730	1732
1733	4744
4740	4744
4741	4744
1733	4740
1736	5391
4745	5391
5899	5391
5899	5390
4747	5390
4747	5389
5899	4747
5898	4747
5898	4746
5898	1737
5898	4745
1739	4979
4749	4979
4749	1741
4748	1741
1742	1744
1745	1747
1745	4756
1748	1750
4757	1750
1751	1753
1751	4758
1754	1756
1754	4760
4759	4760
1757	1759
4764	1759
4764	4765
1760	1762
1763	1765
1766	4992
1767	4992
4775	4992
4775	4993
1769	5386
4776	5386
4776	1771
4776	4777
1772	5382
4782	5382
1772	4782
4781	4782
1775	4786
4783	4786
4784	4786
4783	4784
1778	5001
4787	5001
4788	5001
4787	4788
1781	1783
1781	4790
4789	4790
1784	1786
4791	1786
4791	4792
1787	1789
1787	4794
4793	4794
1790	1792
1790	4796
4795	4796
1793	4802
4800	4802
1793	4800
1796	5011
4806	5011
5900	5011
4807	5011
5900	4807
5900	1797
1799	5021
4813	5021
4814	5021
1799	4813
4811	4813
4811	4812
1802	5380
4817	5380
4816	5380
4816	5381
4815	5381
4815	1804
1805	1807
1805	4818
1808	1810
4822	1810
1811	4825
1812	4825
1814	5379
4827	5379
4828	5379
4828	5378
1814	4827
1817	1819
4830	1819
4830	4832
4829	4832
4829	4831
1820	1822
1820	4837
4834	4837
4834	4836
4833	4836
4833	4835
5901	5903
5901	5904
5902	5901
1823	4847
5905	4847
5902	4847
5902	1825
5902	4843
5901	4843
5901	4842
5903	4842
5903	4841
4838	4841
5903	4838
5903	4839
5904	4839
5904	4840
5905	4840
1826	4853
5906	4853
4850	4853
5906	4850
5906	4849
4848	4849
5906	4848
1829	1831
4854	1831
1832	1834
1832	4857
1835	1837
4861	1837
1838	5060
1839	5060
4862	5060
4862	5061
4863	5061
1841	1843
4865	1843
4865	4867
4864	4867
4864	4866
1844	5069
1848	5069
1844	1848
1844	5685
4869	5685
4869	1847
4868	1847
1849	1851
1848	1851
1848	4872
5685	4872
5685	4871
1847	4871
1847	4870
1852	1854
4875	1854
4875	4877
4874	4877
4874	4876
4873	4876
5908	5909
5910	5909
5910	5911
1855	4888
4879	4888
5912	4888
5910	4888
5910	4887
5908	4887
5908	4886
5907	4886
5907	1857
5907	4882
5907	4881
5909	4881
5909	4880
5911	4880
5911	1856
5911	4878
5912	4878
5907	5909
1858	5094
5916	5094
1862	5094
5916	1862
5916	5688
5915	5688
5915	5687
5914	5687
5914	5686
5913	5686
5913	1861
4889	1861
5913	4889
5914	4889
5914	4890
5914	4891
5915	4891
5916	4891
1863	5115
1862	5115
5688	5115
5688	5116
5687	5116
5687	1865
5686	1865
5686	4892
1861	4892
1866	4897
4893	4897
4893	4896
4894	4896
4893	4894
1869	1871
4903	1871
4903	4904
4902	4904
1872	1874
1872	4906
4905	4906
1875	1877
1878	1880
1881	1883
1881	4918
1884	4924
4920	4924
4921	4924
1884	4920
4919	4920
1887	5145
4925	5145
4925	5146
1888	5146
1890	4933
1891	4933
4928	4933
4928	4932
4929	4932
1893	1895
1893	4937
4935	4937
4935	4936
4934	4936
1896	5177
4939	5177
4938	5177
4938	5178
1897	5178
1899	1901
1899	4940
1902	1904
1905	5199
1906	5199
1908	1910
1911	1913
1914	4980
1915	4980
4958	4980
1917	4976
4959	4976
4960	4976
4959	4960
1920	4969
4961	4969
4961	4968
1921	4968
1923	1925
4977	1925
4977	4978
1926	4983
4981	4983
4981	4982
1927	4982
1929	5202
4985	5202
4984	5202
4984	5203
1930	5203
1932	1934
1935	5210
4986	5210
4987	5210
4987	5211
1935	4986
1938	1940
4989	1940
4989	4991
4988	4991
4988	4990
1941	5002
4998	5002
1941	4998
1944	1946
4999	1946
4999	5000
1947	5215
5003	5215
5003	1949
1950	1952
1953	1955
1956	5221
1957	5221
5006	5221
1959	5377
5007	5377
5007	1961
1962	5012
5010	5012
1962	5010
1965	5373
5013	5373
5014	5373
5013	5014
1968	5229
5015	5229
5016	5229
5015	5016
1971	1973
1971	5018
5017	5018
1974	1976
1974	5020
5019	5020
1977	1979
1980	1982
1983	5240
5028	5240
1983	5028
1986	5259
5029	5259
5029	5260
1987	5260
1989	5045
1990	5045
5032	5045
1992	1994
5042	1994
5042	5043
1995	1997
5044	1997
1998	5266
5046	5266
5917	5266
5917	2000
5917	5047
5917	1999
2001	5062
5053	5062
5054	5062
2001	5053
2001	5052
5051	5052
2004	5059
5057	5059
5056	5059
5056	5058
5055	5058
5055	2006
2007	5276
5063	5276
5063	2009
2010	5070
5066	5070
2010	5066
2013	5068
5067	5068
5067	2015
2016	2018
2016	5078
5077	5078
2019	5298
5079	5298
5079	2021
2022	2024
2022	5086
2025	2027
5090	2027
2028	5093
2029	5093
2031	5120
5918	5120
5101	5120
5101	5119
5102	5119
5918	5101
5918	2032
2034	2036
2034	5106
5104	5106
5104	5105
5103	5105
2037	2039
5108	2039
5108	5110
5107	5110
5107	5109
2040	5305
5122	5305
5122	5306
5121	5306
5121	2042
2043	2045
2043	5129
2046	2048
5130	2048
2049	2051
2052	2054
2055	2057
2058	2060
2058	5141
2061	5148
5142	5148
5919	5148
5919	5147
5144	5147
5919	5144
5919	5143
5142	5143
2064	5353
5150	5353
5149	5353
5149	5354
5151	5354
5149	5151
2067	5159
5152	5159
2068	5159
2070	2072
5160	2072
5160	5161
2073	2075
2073	5164
2073	5163
5162	5163
5921	5920
2076	5365
5922	5365
5921	5365
5921	5366
5168	5366
5921	5168
5921	5167
5920	5167
5920	2077
5920	5165
5922	5165
5922	5166
2079	2081
2079	5176
5174	5176
5923	5176
5923	5175
5173	5175
5923	5173
2082	2084
2082	5179
2085	5181
5180	5181
2086	5181
2088	2090
5182	2090
5182	5183
2091	2093
2091	5186
5184	5186
5184	5185
2094	2096
5188	2096
5188	5189
5187	5189
2097	5205
5924	5205
5925	5205
5925	5204
5192	5204
5925	5192
5925	5191
5924	5191
5190	5191
5924	5190
2100	5201
5194	5201
5193	5201
5926	5201
5926	5200
5926	2102
5926	5195
5926	2101
2103	2105
2103	5209
5207	5209
5207	5208
5206	5208
2106	2108
2106	5212
2109	2111
5213	2111
2112	2114
2112	5214
2115	2117
2118	5360
5216	5360
5217	5360
5217	5359
2118	5216
2121	2123
5219	2123
5219	5220
5218	5220
2124	5230
5226	5230
2124	5226
2127	2129
5227	2129
5227	5228
2130	5234
5231	5234
5231	2132
2133	2135
5235	2135
2136	2138
2139	5241
5236	5241
2139	5236
2142	2144
2142	5244
5242	5244
5242	5243
2145	5348
5246	5348
5927	5348
5927	5347
5248	5347
5927	5248
5927	5247
5245	5247
5927	5245
2148	5323
5250	5323
5250	5324
5249	5324
5249	2150
2151	5262
2152	5262
5257	5262
5257	5261
5258	5261
2154	5267
5264	5267
5265	5267
5264	5265
5263	5265
2157	5336
5268	5336
5269	5336
5268	5269
2160	2162
2160	5271
5270	5271
2163	2165
5272	2165
5272	5273
2166	2168
2166	5275
5274	5275
2169	2171
2172	2174
2175	2177
2178	5307
5285	5307
5286	5307
2178	5285
2181	5300
5288	5300
5287	5300
5287	5299
5289	5299
5287	5289
2184	5297
5290	5297
2185	5297
2187	2189
5308	2189
2190	2192
2193	2195
2193	5311
2196	5317
5312	5317
2197	5317
2199	2201
5318	2201
5318	5319
2202	5325
5322	5325
2202	5322
2202	5321
5320	5321
2205	2207
2205	5327
5326	5327
2208	2210
5328	2210
5328	5329
2211	2213
2211	5331
5330	5331
2214	2216
2214	5333
5332	5333
2217	2219
5334	2219
5334	5335
2220	2222
2223	2225
2223	5352
5350	5352
5350	5351
5349	5351
2226	2228
2226	5357
2229	2231
5358	2231
2232	2234
2232	5364
5362	5364
5362	5363
5361	5363
2237	2239
5420	2239
5420	2241
2236	2241
2236	5690
5689	5690
2235	5690
2235	2240
2242	2244
2245	5439
5427	5439
5428	5439
5428	5438
5429	5438
2245	5427
2248	5541
5441	5541
5928	5541
5928	2250
5928	5442
5440	5442
5928	5440
2251	2253
5443	2253
2254	2256
2254	5446
2257	2259
5450	2259
2260	5564
2261	5564
5451	5564
5451	5565
5452	5565
2263	5467
5456	5467
5457	5467
2263	5456
5929	5456
5929	5455
5453	5455
5929	5453
5929	5454
2266	2268
5460	2268
5460	5463
5459	5463
5459	5462
5458	5462
5458	5461
2269	2271
5468	2271
5468	5469
2272	5558
5477	5558
5478	5558
5478	5557
5479	5557
5479	5556
2272	5477
2275	5485
5482	5485
5481	5485
5481	2277
5481	5483
5480	5483
2278	5496
5489	5496
5490	5496
5489	5490
2281	2283
2281	5492
5491	5492
2284	5549
5503	5549
2285	5549
2287	5551
2288	5551
5506	5551
2290	5555
5507	5555
5507	2292
2293	2295
2296	5554
5508	5554
2296	5508
2299	5515
5509	5515
5510	5515
5509	5510
2302	2304
2302	5520
5519	5520
2305	2307
2308	5553
2309	5553
2311	2313
2311	5532
2314	5543
5533	5543
5533	2316
2317	5538
2318	5538
5536	5538
2320	5542
5930	5542
5540	5542
5930	5540
5539	5540
5930	5539
2323	5544
2324	5544
2326	5546
5545	5546
2327	5546
2329	2331
2329	5548
5547	5548
2332	5552
5550	5552
2332	5550
2335	5563
5561	5563
5560	5563
5560	5562
5559	5562
5559	2337
2338	5598
5594	5598
5595	5598
2338	5594
2341	5619
5615	5619
5931	5619
5931	5618
5616	5618
5931	5616
5931	2342
2344	5636
5631	5636
2345	5636
2347	2349
5637	2349
5637	5638
5934	5932
5932	5933
5935	5933
5941	5934
5934	5935
5942	5935
5935	5936
5936	5937
5943	5937
5937	5938
5939	5940
5940	5941
5941	5942
5942	5943
5943	5944
5944	5939
5939	5944
2375	5944
2375	5938
19	5938
16	5938
16	5937
2370	5937
2370	5936
2370	5933
2367	5933
13	5933
13	5932
10	5932
7	5932
7	5934
2360	5934
2360	5941
4	5941
4	5940
2355	5940
2355	5939
0	5939
5946	5947
5949	5947
5644	5947
2419	5947
55	5947
52	5947
52	5946
2417	5946
2415	5946
2415	5949
5948	5949
2357	5949
3	5949
5948	2357
5948	1
5948	44
2417	2415
49	2415
5644	2419
5644	2421
5642	2421
5642	2423
5640	2423
5640	58
5640	61
8	61
9	61
5	5645
2362	5645
5950	5645
5950	5643
5950	5641
5950	6
67	12
67	11
82	15
79	15
79	2372
2446	2372
2446	2369
76	2369
73	2369
73	14
70	14
21	18
83	18
5951	5952
5955	5951
5953	5951
5953	5954
5956	5954
5955	5956
5955	5953
5956	5957
5958	5959
5958	5956
5960	5959
2377	5959
2	5959
43	5959
43	5957
2409	5957
2409	5954
40	5954
40	5952
37	5952
34	5952
34	5951
28	5951
2388	5951
2388	5955
25	5955
25	5958
2381	5958
2381	5960
20	5960
2381	20
34	28
118	2491
2483	2491
109	2491
5961	2491
5961	24
5962	24
5962	2384
2471	2384
100	2384
100	23
2466	23
2466	81
2466	80
2463	80
2463	85
97	85
97	88
94	88
5962	2471
5962	103
5962	106
5961	106
2483	109
118	2483
119	27
2492	27
2492	2390
127	30
124	127
121	127
121	29
121	117
2345	5632
5964	5632
2519	5632
2517	5632
5963	5632
5963	5634
130	5634
2515	5634
2515	33
128	33
5963	130
5963	133
5964	2519
5964	2521
5964	136
5964	48
5964	47
2348	36
5965	36
5965	35
5965	5635
5965	5633
2348	5633
2349	39
45	2416
5966	2416
5966	42
5966	2411
2347	2411
5966	2347
5966	2344
139	51
139	2418
137	2418
145	2529
5968	2529
5968	54
5967	54
5967	53
5967	140
5967	142
5968	142
151	2533
5969	2533
5970	2533
5970	2535
5971	2535
2424	2535
5971	2424
5971	2422
5971	2420
2530	2420
5971	2530
5970	2530
5969	2530
5969	146
5969	148
157	60
157	59
154	59
154	2536
2537	2536
2537	2534
66	63
5972	63
5972	62
160	62
5972	160
5972	163
5972	166
5972	69
169	2543
167	2543
167	72
187	75
5975	75
5975	74
5975	2544
5974	2544
5974	170
5973	170
5973	172
178	172
5973	178
5973	181
5974	181
5974	184
5975	184
84	78
2561	78
2561	2448
188	2448
196	87
193	87
5976	87
5976	86
5976	2562
5976	186
5976	185
5976	190
197	90
5979	5977
5977	5978
5980	5978
205	5978
2582	5978
202	5978
2577	5978
2577	5977
2575	5977
2575	5979
194	5979
195	5979
93	5979
208	5979
208	5980
195	93
202	2577
5981	5982
5985	5982
5983	5984
5990	5984
5993	5985
5985	5986
5986	5987
5994	5987
5987	5988
5988	5989
5989	5990
5989	5983
5990	5991
5991	5992
5992	5993
5993	5994
5994	5995
5995	5990
5985	5993
5626	5993
5623	5993
5623	5992
101	5992
101	5991
2473	5991
2473	5984
102	5984
217	5984
217	5983
2602	5983
2602	5989
214	5989
214	5988
2599	5988
2599	5987
211	5987
211	5986
2595	5986
2595	5982
209	5982
209	5981
95	5981
96	5981
5626	5981
98	5628
2465	5628
5997	5628
5997	5625
2468	5625
5997	2468
218	105
5998	5999
6002	5998
6000	5998
6000	6001
6002	6000
6006	6000
6003	6000
6003	6004
6007	6004
6009	6005
6005	6006
6006	6007
6006	6003
6010	6007
2604	6007
216	6007
216	6008
107	6008
107	6004
108	6004
108	6001
2621	6001
2621	5999
234	5999
231	5999
231	5998
228	5998
228	6002
223	6002
6005	6002
223	6005
223	6009
220	6009
215	6009
2604	6009
237	111
2623	111
237	2623
120	114
2643	114
2641	114
2641	2486
2639	2486
2639	113
2637	113
2637	238
243	238
120	2643
120	246
252	123
250	123
129	2516
255	2516
253	2516
125	2516
267	2672
2667	2672
6012	2672
6012	132
6013	132
6013	131
258	131
6013	258
6011	258
6011	261
6011	2665
6012	2665
6011	6012
267	2667
6015	6014
6017	6015
6015	6016
6018	6016
2678	6016
2676	6016
2676	6014
2674	6014
134	6014
2518	6014
2518	6015
2520	6015
2520	6017
2522	6017
2522	6018
6019	6018
2680	6018
6019	2680
6019	141
6019	138
6019	135
2676	2674
6021	6020
6021	6022
6023	6022
144	6022
147	6022
273	6022
2687	6022
2687	6020
270	6020
265	6020
2677	6020
2679	6020
2679	6021
2681	6021
2681	6023
143	6023
265	2677
153	2538
279	2538
6025	2538
6025	150
6024	150
6024	149
6024	274
6024	276
6024	2694
6025	2694
159	156
6026	156
6026	155
6026	280
6026	282
2698	282
6026	2698
286	288
294	2706
291	2706
2704	2706
2704	162
2702	162
2699	162
2702	2699
168	165
297	165
2707	165
297	2707
168	297
300	303
6029	6027
6027	6028
6030	6028
174	6028
2720	6028
2718	6028
2718	6027
2716	6027
2714	6027
2714	6029
2712	6029
298	6029
173	6029
173	6030
174	2720
306	2720
307	311
323	177
2739	177
2739	176
2739	307
317	307
2739	317
329	180
324	180
329	324
189	183
189	182
6033	6031
6031	6032
6034	6032
2578	6032
338	6032
335	6032
335	6031
332	6031
327	6031
328	6031
328	6033
191	6033
2576	6033
2576	6034
191	2576
2578	338
2578	341
356	2775
2773	2775
353	2775
350	2775
344	2775
2763	2775
2763	201
2763	200
350	344
362	204
6035	204
6035	2584
6035	203
6035	2776
6035	357
6035	359
210	2597
363	2597
206	2597
210	363
210	365
210	368
219	213
219	2600
372	2600
374	222
374	221
369	221
6041	6036
6036	6037
6039	6040
6045	6040
6040	6041
6046	6041
6041	6042
6042	6043
6042	6038
6043	6044
6045	6046
6046	6047
6047	6048
6047	6043
6049	6048
375	6048
224	6048
224	6044
227	6044
386	6044
2811	6044
6038	6044
2811	6038
2808	6038
6037	6038
2808	6037
383	6037
380	6037
380	6036
2803	6036
6040	6036
2803	6040
2800	6040
2800	6039
377	6039
2795	6039
2795	6045
2792	6045
375	6045
389	230
387	230
236	233
239	236
390	236
239	390
398	242
393	242
398	393
410	2839
6052	2839
6054	2839
6054	2841
2644	2841
6054	2644
6054	2642
6051	2642
6051	2640
6053	2640
6053	2638
401	2638
399	2638
6053	401
6053	404
6050	404
6050	407
6050	410
6050	6052
6051	6052
6050	6051
251	248
251	247
251	2842
6055	2842
6055	2840
2843	2840
6055	2843
6055	2845
254	2845
254	2847
257	2847
6055	254
428	431
434	260
6057	260
2853	260
2850	260
416	260
416	259
6057	2853
6056	2853
6056	419
6056	422
6056	425
2865	425
6056	2865
6056	2867
6057	2867
269	263
446	263
446	2668
2887	2668
6059	2668
6059	2666
6058	2666
6058	262
6058	435
443	435
443	437
6058	443
6058	2887
275	272
2896	272
2896	2689
447	2689
281	278
2914	278
2914	2696
2912	2696
6062	2696
6062	277
6061	277
6061	2898
6060	2898
6060	445
2904	445
2902	445
2902	2890
2900	2890
2900	444
6060	2904
6060	2906
6060	2908
6061	2908
6061	2910
6062	2910
287	284
6064	6063
6065	6063
6064	6065
6068	6065
6069	6065
6065	6066
6070	6066
6071	6066
6073	6064
6067	6064
6067	6068
6075	6068
6068	6069
6076	6069
6069	6070
6077	6070
6078	6070
6070	6071
6079	6071
6071	6072
6074	6067
6076	6077
6081	6077
6077	6078
6082	6078
6078	6079
6083	6079
6084	6079
6079	6080
6085	6080
6082	6083
6087	6083
6083	6084
6088	6084
6084	6085
6089	6085
6085	6086
6090	6086
6087	6088
6092	6088
6088	6089
6093	6089
6089	6090
6094	6090
6090	6091
6092	6093
6093	6094
6096	6094
6094	6095
6097	6095
6097	6098
6099	6098
287	6098
461	6098
2932	6098
2932	6095
2930	6095
2930	6091
2928	6091
2928	6086
2926	6086
2926	6080
2926	6072
2924	6072
2922	6072
2922	6066
2922	6063
2920	6063
2918	6063
2918	6064
2918	6073
458	6073
455	6073
452	6073
450	6073
6074	6073
450	6074
2901	6074
2901	6075
2903	6075
2903	6076
2905	6076
2905	6081
2907	6081
2907	6082
2907	6087
2909	6087
2911	6087
2911	6092
2913	6092
2913	6096
2915	6096
2915	6097
2915	6099
283	6099
467	2936
2934	2936
6100	2936
6100	2938
6100	2940
2705	2940
6100	2705
6100	2703
6100	289
6100	462
467	2934
6107	6108
6109	6108
2713	6108
6106	6108
2944	6108
2942	6108
2942	6107
2937	6107
2939	6107
2941	6107
2941	6109
292	6109
293	6109
296	6109
2942	2937
6106	2944
6105	2944
6105	2946
6103	2946
6103	2948
6102	2948
6102	2950
6101	2950
2952	2950
6101	2952
6101	2954
6102	2954
6102	2956
6104	2956
6104	473
6104	299
6104	2721
6102	2721
6103	2721
6103	2719
6103	2717
6105	2717
6105	2715
6106	2715
2342	302
315	302
315	301
316	301
316	474
2990	474
2988	474
2988	476
2986	476
2986	479
438	479
310	305
310	304
2341	313
488	319
2991	319
488	2991
485	2991
6110	2991
6110	2989
2866	2989
2866	2987
2868	2987
2868	436
6110	2866
6110	432
6110	2994
6111	6112
6113	6112
497	6112
494	6112
491	6112
491	6111
489	6111
321	6111
2741	6111
2741	6113
322	6113
503	6113
503	497
322	503
322	331
504	334
506	337
501	337
501	336
343	2764
509	2764
509	340
507	340
343	509
518	346
515	346
515	345
524	349
521	349
519	349
539	352
6115	352
6114	352
6114	351
6114	525
6114	527
3058	527
6114	3058
6115	3058
6116	3058
6116	3060
6116	3062
3068	3062
536	3062
6116	3068
6115	3068
6119	6117
6117	6118
6120	6118
2794	6118
2797	6118
3080	6118
3080	6117
3078	6117
355	6117
358	6117
358	6119
366	6119
366	6120
367	6120
373	6120
3078	355
3078	2774
540	2774
2797	3080
2797	542
364	361
560	379
557	379
554	379
554	2805
551	2805
551	2802
548	2802
534	2802
534	378
534	543
548	534
563	382
561	382
6121	6122
6126	6122
6122	6123
6125	6121
6126	6127
6128	6127
6129	6127
394	6127
585	6127
585	6123
582	6123
577	6123
577	6122
574	6122
574	6121
569	6121
6124	6121
6124	6125
384	6125
2810	6125
2813	6125
6128	6125
2813	6128
385	6128
385	6129
388	6129
391	6129
6124	384
6124	564
6124	566
400	397
400	396
400	586
3139	586
3139	588
594	588
597	403
6130	403
6130	402
6130	3141
597	3141
6132	6131
6134	6131
6133	6131
3153	6131
3151	6131
3151	6132
603	6132
600	6132
598	6132
598	6134
405	6134
406	6134
406	6133
3155	6133
6137	6136
6138	6136
5612	6136
5610	6136
3154	6136
3156	6136
3156	6137
408	6137
409	6137
2844	6137
2844	6138
2846	6138
2848	6138
2848	5612
412	5612
5610	3154
5608	3154
5608	3152
6135	3152
6135	604
6135	606
6135	609
5606	609
5604	609
5604	612
5604	421
6135	5606
6141	6139
6139	6140
6141	6142
6143	6142
2852	6142
2855	6142
2855	6140
418	6140
5605	6140
5607	6140
5607	6139
5609	6139
5609	6141
5611	6141
5611	6143
5613	6143
417	6143
613	424
6145	6144
6146	6144
3177	6144
615	6144
3173	6144
3173	6145
610	6145
611	6145
426	6145
426	6146
427	6146
618	6146
430	429
621	624
484	2997
6147	2997
6147	430
6147	619
6147	621
6147	627
448	442
448	441
451	441
477	454
478	454
482	2976
471	2976
2953	2976
2955	2976
6148	2976
6148	457
6148	456
6148	475
2957	475
6148	2957
463	2935
6154	2935
2933	2935
6154	2933
6154	2931
6153	2931
6153	2929
6152	2929
6152	2927
6151	2927
6151	2925
6150	2925
6150	2923
6149	2923
6149	2921
6149	2919
2977	2919
6149	2977
6149	483
6150	483
6150	2979
6151	2979
6151	2982
6152	2982
6153	2982
6153	463
6156	6155
6158	6156
6156	6157
6159	6157
6161	6158
6158	6159
6162	6159
6162	6160
2947	6160
2949	6160
2949	6157
2951	6157
2951	6155
469	6155
481	6155
2981	6155
2981	6156
2981	6158
2984	6158
2984	6161
465	6161
466	6161
2943	6161
2943	6162
2945	6162
490	487
490	486
625	630
642	3208
639	3208
6164	3208
6164	493
6163	493
6163	492
6163	626
6163	625
6163	633
6164	633
6164	636
6167	6165
6165	6166
6168	6166
3226	6166
648	6166
648	6165
3210	6165
495	6165
495	6167
496	6167
3228	6167
3228	6168
648	3210
645	3210
505	499
3244	499
3229	499
3244	3229
3242	3229
3242	3227
6169	3227
6169	649
6169	651
6169	654
505	3244
6170	6171
6171	6172
6173	6172
511	6172
514	6172
3255	6172
657	6172
657	6171
655	6171
655	6170
3243	6170
3245	6170
3245	6173
510	6173
520	517
3257	517
520	3257
668	3257
660	3257
668	660
526	523
669	523
679	529
6174	529
6174	528
6174	667
673	667
6174	673
6174	676
688	544
688	532
6178	532
6178	3063
6177	3063
6177	3061
6176	3061
6175	3061
6175	3059
6175	531
6175	680
6176	680
6176	682
6176	685
6176	3286
6177	3286
6178	3286
541	3081
537	3081
3071	3081
3071	3079
689	547
686	3292
6179	3292
6179	3294
6180	3294
6180	3296
6180	550
6180	549
3288	549
6180	3288
6179	3288
697	3304
694	3304
6181	3304
3293	3304
3293	3306
3293	3308
3295	3308
3295	3310
3297	3310
3297	3312
3297	553
6181	3293
6181	684
6181	683
6181	691
6184	6182
6182	6183
6184	6185
6186	6185
3329	6185
709	6185
709	6183
3325	6183
706	6183
3320	6183
3320	6182
3318	6182
3318	6184
3307	6184
3309	6184
3311	6184
3311	6186
3313	6186
3313	3329
555	3329
3318	3307
3318	3305
700	3305
706	3320
562	559
6187	559
6187	558
6187	3330
6187	710
6187	712
562	712
713	568
6189	6190
6193	6190
6190	6188
6194	6188
6191	6188
6191	6192
6197	6193
6193	6194
6194	6191
6198	6191
6195	6191
6195	6196
6199	6196
6197	6198
6198	6199
6198	6195
6199	6200
6201	6199
6201	6202
711	6202
570	6202
573	6202
573	6200
724	6200
3347	6200
3347	6196
3347	6192
721	6192
718	6192
718	6188
715	6188
715	6190
3336	6190
3336	6189
707	6189
3327	6189
3327	6193
3327	6197
708	6197
708	6201
725	576
6206	6203
6203	6204
6207	6204
6204	6205
6206	6207
6209	6207
6207	6208
6210	6208
744	6208
741	6208
736	6208
736	6205
3355	6205
730	6205
730	6204
730	6203
727	6203
722	6203
3349	6203
3349	6206
3349	6209
723	6209
578	6209
581	6209
581	6210
736	3355
587	584
6211	584
6211	583
6211	745
6211	749
601	590
601	589
6214	589
6214	750
6212	750
6212	740
6212	737
3387	737
6212	3387
6212	3389
6213	3389
6213	605
6213	602
6214	602
6213	6214
596	593
599	593
614	3174
3388	3174
3390	3174
3390	608
614	3388
755	3388
631	620
631	617
6217	617
6217	3180
6216	3180
6215	3180
6215	616
761	616
761	756
6215	761
6215	3409
6216	3409
6216	764
6216	3417
6218	3417
6218	767
6218	632
6218	631
6218	6217
623	622
770	635
770	634
779	638
779	637
3429	637
779	3429
3441	3429
3441	3431
3438	3431
3438	773
644	641
782	641
782	640
650	647
3455	647
3453	647
3449	647
783	647
3453	3449
3451	3449
650	3455
656	653
797	653
794	653
791	653
791	652
656	797
656	800
672	664
6219	664
6219	661
6219	801
6219	803
6219	806
6219	809
815	809
6219	815
6219	818
830	675
821	675
819	675
830	821
830	824
681	678
681	677
690	677
690	831
839	693
839	692
839	834
6222	6220
6223	6220
3533	6220
3531	6220
853	6220
850	6220
6221	6220
6221	6222
695	6222
696	6222
699	6222
699	6223
3541	6223
3535	6223
3541	3535
862	3535
6221	695
6221	840
6221	842
6221	845
3531	853
863	702
6224	702
6224	3321
6224	3319
3544	3319
6224	3544
714	3338
868	3338
3552	3338
865	3338
860	3338
860	705
860	704
6226	6227
6227	6228
6227	6225
6229	6228
717	6228
2339	6228
3566	6228
3563	6228
3563	6225
883	6225
883	6227
3560	6227
3560	6226
871	6226
869	6226
716	6226
716	6229
3560	871
3560	874
880	874
2339	3566
731	3566
731	3569
731	886
3358	886
3358	889
732	889
726	720
2340	720
2338	729
751	735
751	734
751	893
751	895
754	895
748	743
907	3612
901	3612
3596	3612
3596	760
898	760
898	759
907	901
913	763
6231	763
6230	763
6230	3412
3613	3412
6230	3613
6230	908
6230	910
6231	910
769	766
3430	766
6233	766
6233	3420
6232	3420
6232	765
6232	914
6232	916
6232	772
6232	3432
6233	3432
925	775
3635	775
3635	774
925	3635
925	919
6234	6235
6236	6235
3659	6235
934	6235
931	6235
928	6235
928	6234
926	6234
777	6234
3440	6234
3440	6236
3443	6236
6237	6236
6237	3659
6237	784
6237	3450
778	3450
6237	778
6241	6239
6239	6240
6242	6240
3701	6240
3699	6240
955	6240
3685	6240
3685	6239
786	6239
3452	6239
3454	6239
3454	6241
3456	6241
3705	6241
3703	6241
3703	6242
3456	3705
787	3705
3685	786
3682	786
3682	3660
3682	935
6238	935
6238	937
6238	3663
3675	3663
3675	940
6238	3675
6238	946
955	3685
952	3685
961	3717
6245	3717
6244	3717
6244	793
6244	792
6244	3706
6245	3706
6245	3704
6243	3704
6243	3702
6243	3700
3709	3700
6243	3709
6243	958
6243	961
970	3723
6247	3723
6246	3723
6246	796
6246	795
6246	3718
6246	962
6246	3719
6247	3719
6247	964
6247	3721
6247	967
802	799
6248	799
6248	798
6248	3724
6248	971
6248	973
974	805
991	808
988	808
6249	808
6249	807
6249	972
6249	969
6252	969
6251	969
6251	968
6251	976
6251	979
6251	3731
6252	3731
6252	3733
6250	3733
6250	982
6250	985
6250	988
6250	6249
992	811
1003	814
3755	814
989	814
989	813
3755	989
3755	994
3755	3751
1000	3751
820	817
1004	817
1009	823
6253	823
6253	822
6254	822
6254	1002
6254	3756
6253	3756
6253	1001
6253	1006
846	826
1010	826
846	1010
849	1010
3790	1010
3790	1012
3790	1015
3787	1015
3784	1015
3784	1018
832	829
832	828
843	828
832	843
841	838
1033	3808
6255	3808
6256	3808
6256	3810
3786	3810
3786	3812
3789	3812
3792	3812
3792	852
6256	3786
6256	1022
6256	1024
6255	1024
1030	1024
6255	1030
6257	6258
6259	6258
1042	6258
1039	6258
3821	6258
1036	6258
1034	6258
1034	6257
3809	6257
3811	6257
3811	6259
3813	6259
855	6259
3813	855
6261	6260
6262	6260
3838	6260
1048	6260
1045	6260
1043	6260
1043	6261
857	6261
3532	6261
3534	6261
3534	6262
3536	6262
6263	6262
6263	3838
6263	1051
6263	864
6263	858
870	867
870	3554
1052	3554
1049	3844
6264	3844
6264	873
6264	872
6264	1050
6264	3840
1057	876
3845	876
1057	3845
1057	1047
1057	1046
1069	879
6265	879
3854	879
3854	878
6265	3854
6265	3856
6265	1060
6265	1063
6265	1066
1072	882
6266	882
6266	3561
6266	881
6266	1070
6267	6268
6271	6268
6269	6267
6273	6267
6270	6267
6270	6271
6275	6271
6271	6272
6276	6272
6273	6270
6278	6270
6274	6270
6274	6275
6279	6275
6275	6276
6280	6276
6276	6277
6278	6274
6279	6280
6282	6280
6280	6281
6283	6281
1081	6281
3878	6281
3878	6277
1078	6277
1078	6272
3875	6272
3875	6268
1075	6268
1075	6267
3871	6267
3871	6269
1073	6269
884	6269
884	6273
884	6278
3565	6278
3568	6278
3568	6279
3568	6282
3571	6282
3571	6283
885	6283
1084	888
3882	888
3882	887
894	891
1085	891
894	1085
6289	6285
6285	6286
6290	6286
6286	6287
6287	6288
6289	6290
6292	6290
6290	6291
6293	6291
3600	6291
3600	6288
900	6288
1093	6288
3890	6288
3890	6287
3890	6286
1090	6286
1090	6285
6284	6285
3880	6285
3880	6289
1080	6289
1080	6292
3883	6292
3883	6293
1083	6293
899	6293
6284	3880
6284	1079
6284	1087
1096	1099
1096	903
1094	903
909	906
6294	906
1100	906
6294	1100
6294	1102
6294	3911
3929	3911
3927	3911
3927	1105
1111	1105
6294	3929
915	912
6297	912
6296	912
6296	911
6296	3930
6296	3928
6297	3928
6295	3928
1114	3928
6295	1114
6295	3937
3637	3937
3637	1117
918	1117
6295	3637
6297	3637
1141	3977
1129	3977
3957	3977
3957	3981
3953	3981
3953	921
1126	921
1123	921
1123	920
1141	1129
1141	1132
1141	1135
927	924
927	923
3991	923
3991	3984
3989	3984
3989	3980
1144	3980
3987	3980
3989	1144
938	930
6298	930
3992	930
6298	3992
6298	3990
6299	3990
6299	1148
6299	1150
3666	1150
6299	3666
6298	3666
936	933
1159	942
1153	942
1151	942
1159	1153
6301	6300
6302	6300
6303	6300
6304	6300
6305	6300
6306	6300
6301	6302
6308	6302
6309	6302
6302	6303
6310	6303
6311	6303
6303	6304
6307	6301
6309	6310
6313	6310
6310	6311
6314	6311
6313	6314
6316	6314
6316	6315
4021	6315
1178	6315
4018	6315
6312	6315
4018	6312
1175	6312
4014	6312
4014	6304
4014	6305
1172	6305
1172	6306
1169	6306
1164	6306
6307	6306
1164	6307
1160	6307
944	6307
3678	6307
3678	6308
3678	6309
945	6309
945	6313
945	6316
950	6316
950	4021
947	948
6317	948
6318	948
6318	3687
6318	3684
6317	3684
6323	6319
6319	6320
6324	6320
6326	6321
6321	6322
6327	6322
6322	6323
6323	6324
6328	6324
6324	6325
6329	6325
6326	6327
6331	6327
6327	6328
6328	6329
6332	6329
6329	6330
6331	6332
6332	6333
6334	6333
1190	6333
4035	6333
4035	6330
1187	6330
1184	6330
4028	6330
4028	6325
1181	6325
1181	6320
4025	6320
4025	6319
1179	6319
4023	6319
6322	6319
4023	6322
4023	6321
953	6321
954	6321
954	6326
3712	6326
3712	6331
957	6331
1193	6331
1193	6334
963	3720
4047	3720
1196	3720
1196	960
1194	960
975	966
4063	966
4063	3722
4063	965
6335	965
6335	4048
4049	4048
6335	4049
6335	4051
4061	4051
4061	4053
4061	4055
4059	4055
4059	4057
1202	4057
6335	4061
6336	6337
6338	6337
977	6337
978	6337
1205	6337
1203	6337
4060	6337
4060	6336
4062	6336
4062	6338
4064	6338
1214	981
1214	3734
1211	3734
4072	3734
4072	3732
1206	3732
4072	1206
995	984
6340	984
6340	983
6340	1215
6340	4082
4084	4082
6340	4084
6339	4084
6339	1220
3752	1220
3752	1223
6339	3752
6339	995
993	987
6342	6341
6344	6341
6344	6343
6346	6343
6346	6345
6346	6347
4090	6347
999	6347
1005	6347
1005	6345
1013	6345
1014	6345
1014	6343
4100	6343
4100	6341
4098	6341
4098	6342
1229	6342
1226	6342
4094	6342
4094	6344
4092	6344
4092	6346
4090	999
4090	998
1011	1008
1241	4113
4107	4113
1232	4113
4103	4113
4103	4115
4099	4115
4101	4115
4101	1017
4103	4099
1241	4107
1238	4107
1023	1020
4116	1020
1023	4116
4118	4116
4118	4114
1250	1026
1247	1026
4120	1026
1247	4120
1247	1240
1244	1240
1256	1029
1256	1028
1256	1251
1262	1035
1262	1032
4142	1032
6349	1032
6349	1031
6348	1031
6348	1257
6348	1259
6348	4138
6348	4140
6349	4140
1037	1263
1274	1038
1274	3823
1271	3823
1268	3823
1265	3823
1044	1041
1044	1040
1053	1040
1059	3857
1286	3857
6351	3857
6351	3855
6350	3855
6352	3855
6352	1056
6352	1055
6352	1273
6352	1272
6352	1277
6350	1277
6350	1280
6350	1283
6351	1283
1292	1062
6353	1062
6354	1062
6354	1061
6354	1287
6354	4176
6353	4176
6353	1289
1295	1065
1293	1065
1071	1068
3873	1068
3873	1067
3873	1296
1074	1296
1086	1077
1301	1077
1301	3876
1299	3876
1302	1089
1316	1319
1095	1092
1316	1092
1316	3893
1313	3893
1313	1091
4199	1091
4199	1300
4196	1300
6357	1300
6357	1297
6355	1297
6355	1294
6355	1291
4190	1291
4190	1290
1307	1290
6355	4190
6356	4190
6356	1310
6356	4193
6357	4193
6356	6357
1101	1098
1101	1097
1318	1317
1331	1334
6359	6358
6359	6360
6364	6360
6360	6361
6361	6362
6365	6362
6362	6363
6364	6365
6365	6366
6366	6367
6368	6367
1318	6367
1103	6367
3915	6367
3915	6366
3915	6363
1104	6363
1345	6363
1340	6363
1340	6362
1337	6362
1337	6361
4229	6361
4229	6360
4229	6358
1325	6358
4214	6358
4214	6359
1322	6359
1322	6364
4211	6364
4211	6368
4229	1325
1331	1325
1348	1107
1348	1106
1113	1110
1351	1110
1349	1110
1354	1357
1124	1116
1124	3940
6369	3940
6369	1115
6369	1352
6369	1354
6369	4273
1124	4273
1124	1360
1125	1360
1122	1119
1378	4299
6370	4299
4289	4299
4287	4299
4287	1128
4287	3960
4285	3960
4285	3956
1369	3956
1366	3956
1366	1127
6370	4289
6370	1372
6370	1375
1384	4313
1381	4313
4303	4313
6371	4313
6371	1131
4300	1131
6371	4300
6371	1379
1393	1134
1393	1133
1393	4316
4323	4316
4323	1385
1390	1385
1396	1258
2238	1137
2238	1136
6372	1136
6372	1394
6372	1396
6372	1255
6372	1254
1143	3988
5423	3988
6373	3988
6373	1140
6373	1139
6373	2239
6373	1246
6373	1245
6373	2243
6373	5421
1149	1146
6376	1146
6374	1146
6374	1145
6374	5424
6375	5424
6375	5422
5425	5422
6375	5425
6375	2246
6375	5430
6374	5430
6376	5430
6376	1152
6378	6377
6379	6377
6380	6377
6378	6379
6382	6379
6383	6379
6379	6380
6384	6380
6380	6381
6385	6381
2255	6381
5444	6381
5444	6377
2252	6377
2252	6378
2249	6378
2247	6378
5434	6378
5434	6382
1154	6382
1165	6382
1168	6382
1168	6383
2267	6383
2267	6384
2264	6384
2264	6385
5447	6385
2264	5447
2264	2258
1154	1165
1163	1158
2268	1171
6391	6392
6394	6392
5473	6392
6393	6392
6390	6392
5646	6392
2350	6392
2350	6391
5650	6391
6389	6391
1182	6391
4030	6391
4030	6394
1183	6394
6389	1182
6389	5572
6389	1174
5649	1174
6386	1174
6386	4016
6387	4016
6387	1173
6387	2266
6388	2266
6388	2265
6388	2270
6390	2270
6393	2270
6393	5470
6388	6390
5647	6390
6388	5647
6387	5647
6387	5648
6386	5648
6389	5649
1180	4026
5573	4026
4019	4026
5573	4019
6396	6395
6396	6397
6399	6397
6398	6397
6398	6395
2273	6395
2271	6395
5472	6395
5472	6396
5475	6396
5570	6396
5570	6399
5568	6399
4054	6399
4056	6399
4056	6398
4058	6398
1198	6398
2276	6398
5568	4054
5568	4052
5566	4052
5566	4050
1191	4050
1191	1195
5475	5570
5475	1186
1188	5571
6400	5571
6400	5569
6401	5569
6401	5567
6401	1189
6401	4037
6400	4037
2279	2282
1204	1201
1207	1201
2279	1201
5486	1201
5486	1200
2283	5494
1209	5494
4074	5494
6402	6403
6404	6403
6405	6403
1216	6403
2294	6403
5504	6403
5504	6402
2285	6402
5500	6402
5500	6404
5497	6404
5495	6404
5495	6405
4083	6405
5495	4083
1212	4083
5497	5495
5497	2281
2294	5504
2291	5504
2300	5511
2297	5511
6406	5511
6406	1219
6406	4085
6406	1218
6406	2295
6407	6408
6409	6408
4093	6408
4095	6408
2303	6408
5516	6408
5516	6407
2301	6407
5513	6407
5513	6409
1221	6409
4091	6409
1221	4091
4095	2303
6411	6410
6412	6410
6413	6410
6414	6410
6415	6410
6416	6410
6417	6416
6416	6411
6418	6411
1228	6411
4105	6411
4105	6412
1231	6412
1231	6413
5530	6413
5528	6413
5528	6414
2306	6414
5526	6414
5526	6415
5524	6415
6417	6415
5524	6417
5522	6417
2304	6417
2304	6418
1227	6418
2318	1234
2318	4108
5534	4108
5531	4108
5534	5531
5534	5529
2315	5529
2315	2307
2312	2307
1243	1237
2242	1237
2242	1236
2242	2319
5426	2319
5426	2321
2245	2321
1252	1249
1252	1248
1402	1405
6420	6419
6421	6419
4333	6419
4331	6419
4329	6419
4329	6420
4327	6420
4139	6420
4139	6421
4141	6421
6422	6421
4335	6421
6422	4335
6422	4337
4141	4337
4143	4337
4143	4339
6423	4339
6423	1408
6423	1264
6423	1261
4327	4139
1399	4139
1399	1260
4333	4331
1278	1267
1278	1266
1278	1409
1279	1409
1276	1270
1420	1282
6424	1282
6424	1281
6424	1412
1420	1412
1417	1412
1288	4177
1303	4177
4362	4177
1421	4177
1284	4177
1426	1306
4374	1306
4374	1305
4374	4364
6426	4364
6426	1419
6425	1419
6425	1418
6425	1423
6425	4370
6426	4370
6426	4372
1432	4389
1427	4389
4191	4389
1427	4191
1432	1427
6427	6428
6431	6428
6428	6429
6432	6429
6430	6427
6430	6431
6434	6431
6431	6432
6435	6432
6432	6433
6434	6435
6437	6435
6435	6436
6437	6438
6439	6438
4216	6438
4216	6436
1324	6436
1324	6433
4398	6433
4398	6429
1435	6429
4394	6429
4394	6428
4394	6427
1433	6427
4391	6427
1311	6427
1311	6430
4195	6430
4195	6434
4198	6434
4198	6437
4201	6437
4201	6439
1312	6439
1323	6439
1321	4212
1314	4212
1438	1327
4399	1327
1438	4399
1447	1330
1444	4409
6440	4409
1329	4409
6440	1329
6440	1439
6440	1441
6440	4406
1448	1333
1335	1446
6443	6441
6441	6442
6444	6442
6448	6443
6443	6444
6449	6444
6444	6445
6450	6445
6445	6446
6447	6448
6452	6448
6448	6449
6453	6449
6449	6450
6454	6450
6450	6451
6452	6453
6453	6454
6456	6454
6454	6455
6457	6455
4425	6455
1456	6455
1456	6451
4422	6451
4422	6446
1453	6446
4418	6446
6442	6446
4418	6442
1450	6442
1450	6441
1445	6441
1445	6443
4411	6443
6447	6443
4411	6447
1335	6447
4233	6447
4233	6452
4233	6456
1336	6456
1459	6456
1459	6457
1460	1339
6460	6461
6461	6462
6462	6463
6463	6464
6464	6465
6465	6460
6460	6465
1341	6465
1344	6465
1347	6465
1350	6465
1350	6464
6459	6464
6459	6463
1476	6463
1473	6463
6458	6463
6458	6462
4427	6462
4427	6461
1458	6461
1458	6460
6458	4427
6458	1457
1470	1457
1465	1457
6458	1470
6459	1476
6459	1353
1479	1356
1477	1356
1367	1359
1367	4276
6468	4276
6467	4276
1480	4276
6467	1480
6467	1482
6468	1482
6468	1485
6468	1368
1365	1362
6470	6469
6470	6471
6472	6471
4286	6471
4288	6471
4290	6471
4290	6469
1371	6469
1494	6469
1494	6470
1488	6470
1486	6470
1486	6472
1370	6472
1494	1488
1506	1374
1503	1374
1503	1373
1500	1373
1500	1495
1380	4306
6474	4306
6475	4306
6476	4306
6476	1377
1507	1377
6476	1507
6476	1509
6475	1509
6473	1509
6473	1512
6473	4505
6473	1515
6474	1515
6474	1518
1380	1518
6473	6474
1386	1383
1522	1383
1386	1522
1386	1524
1386	1527
1533	1527
1400	5417
4328	5417
6477	5417
6477	1389
6477	1388
6477	1534
6477	1536
6477	4527
4332	4527
6477	4332
6477	4330
1395	1392
1398	1392
1398	4324
5418	4324
1404	1403
1415	5413
1422	5413
1548	5413
1545	5413
4532	5413
6478	5413
6478	1404
6478	4528
1542	4528
1539	4528
6478	1542
1415	1422
6480	6479
6482	6479
6482	6481
6483	6481
1410	6481
1413	6481
5415	6481
5415	6479
1406	6479
4334	6479
4334	6480
4336	6480
4336	6482
4338	6482
4338	6483
4340	6483
1407	6483
6486	6484
6486	6487
6488	6487
1566	6487
1563	6487
1560	6487
1560	6484
1557	6484
6485	6484
4373	6484
4373	6486
4375	6486
4375	6488
1425	6488
1428	6488
6485	4373
6485	4371
1554	4371
1551	4371
1549	4371
6485	1554
1434	4396
1575	4396
6489	4396
6489	1431
1569	1431
1567	1431
6489	1569
6489	1572
1434	1575
1434	1440
6492	6491
6493	6491
6494	6491
6490	6491
1581	6491
1581	6492
1578	6492
4407	6492
4407	6493
1443	6493
1443	6494
1449	6494
1590	6494
1590	6490
1587	6490
4564	6490
1587	4564
1578	4407
1576	4407
1608	1452
1605	1452
1605	4420
1602	4420
4577	4420
6495	4420
6495	1451
6495	1591
1596	1591
6495	1596
6495	1599
1461	1455
1611	1455
1611	4423
1609	4423
1614	1464
1614	1463
6500	6496
6496	6497
6501	6497
6497	6498
6502	6498
6504	6499
6499	6500
6505	6500
6500	6501
6506	6501
6501	6502
6502	6503
6504	6505
6505	6506
6508	6506
6506	6507
6509	6507
1629	6507
1626	6507
1626	6503
1623	6503
4606	6503
4606	6498
1620	6498
4601	6498
4601	6497
4601	6496
1617	6496
4596	6496
6499	6496
4596	6499
1615	6499
1615	6504
1466	6504
1469	6504
1632	6504
1632	6508
4617	6508
4617	6509
1633	1472
6510	6511
6511	6512
6512	6513
6514	6515
6515	6511
6514	6516
6514	6513
1643	6513
1638	6513
1630	6513
4619	6513
4619	6512
1631	6512
1631	6511
1474	6511
1474	6510
1475	6510
1478	6510
1481	6510
1481	6515
1481	6514
1646	6514
1481	1646
1638	1630
1487	1484
6517	1484
6517	1483
6517	1650
6517	1654
6517	1659
1487	1659
1663	1490
1496	1493
4654	1493
4654	1492
4654	1661
1496	4654
1496	1665
6518	6519
6520	6519
4670	6519
1669	6519
1498	6519
1499	6519
1499	6518
1683	6518
1680	6518
6521	6518
6521	6520
1671	6520
6521	1671
6521	1674
6521	1677
1684	1502
1508	1505
4680	1505
6522	1505
6522	1504
6522	1682
6522	1681
1508	4680
1508	4682
4686	4682
4686	1686
1695	1511
4689	1511
1690	1511
4687	1511
1695	4689
6523	6524
6525	6524
6526	6524
1707	6524
4707	6524
1704	6524
1704	6523
1701	6523
1698	6523
1698	6525
1696	6525
1513	6525
1513	6526
4506	6526
4506	1707
1710	1713
1525	1517
1526	1517
6527	1517
6527	1516
6527	1708
6527	1710
6527	4712
6527	1716
6527	1719
1523	1520
1722	1529
1722	1528
1535	1532
1535	1531
1535	1723
1535	1725
1555	5408
1556	5408
6529	5408
6528	5408
6528	5410
4732	5410
1726	5410
1540	5410
6528	4732
6528	1728
6528	1731
6529	1731
6529	4738
1552	1544
1552	4534
6530	4534
6530	1543
6530	5411
6530	5409
6530	1553
1550	1547
1582	5406
4565	5406
6531	5406
6532	5406
4739	5406
1558	5406
6532	4739
6532	1732
6531	1732
6531	1734
6531	1583
6534	6533
6534	6535
1571	6535
1579	6535
1580	6535
1580	6533
5407	6533
1561	6533
1561	6534
1562	6534
1570	6534
1568	1565
1577	1574
1594	5402
4754	5402
4754	1586
4752	1586
4752	1585
4752	1735
4750	1735
4750	1737
4750	1740
1594	4754
1592	1589
5404	1589
6537	6536
6539	6536
6539	6537
4751	6537
4753	6537
4753	6538
4755	6538
6540	6538
4761	6538
1755	6538
1755	6536
1752	6536
1749	6536
1749	6539
1746	6539
1746	4751
6540	4761
6540	1758
1597	1758
6540	1597
1761	4769
4767	4769
4767	1601
4767	4579
1759	4579
6541	6542
6543	6542
6544	6542
1773	6542
4778	6542
4771	6542
4771	6541
1764	6541
1762	6541
5399	6541
5399	6543
1618	6543
4603	6543
4603	6544
1619	6544
1619	1773
1762	5399
4770	5399
1603	5399
4778	4771
4778	4773
1770	4773
1610	1607
4598	1607
6545	1607
6545	1606
6545	5400
6546	5400
6546	1616
6546	4598
1610	4598
1779	1782
1791	1622
1791	4608
1788	4608
1785	4608
1785	1621
1785	1777
1636	1625
1794	1625
4798	1625
4798	1624
1636	1794
1634	1628
6553	6547
6547	6548
6554	6548
6548	6549
6555	6549
6549	6550
6550	6551
6556	6551
6552	6553
6558	6553
6553	6554
6554	6555
6559	6555
6555	6556
6556	6557
6560	6557
6558	6559
6559	6560
6560	6561
6561	6562
6562	6563
6563	6558
6558	6563
1809	6563
4819	6563
1806	6563
1806	6562
1803	6562
1803	6561
1803	6557
1800	6557
1800	6551
4808	6551
4808	6550
1797	6550
4803	6550
4803	6549
1795	6549
1795	6548
1795	6547
1639	6547
1639	6553
1642	6553
1642	6552
1809	6552
1812	1645
4823	1645
4823	1644
1653	1648
1813	1648
6570	6566
6566	6567
6571	6567
6567	6568
6568	6569
6568	6565
6574	6570
6570	6571
6571	6572
6572	6573
6572	6569
6574	6575
6575	6573
6574	6576
1818	6576
1807	6576
4821	6576
4821	6573
1808	6573
1808	6569
4824	6569
4824	6565
1811	6565
1655	6565
1658	6565
1658	6568
4658	6568
4658	6567
1664	6567
1664	6566
1824	6566
1824	6570
1821	6570
1821	6574
1818	1807
1670	4671
1827	4671
1825	4671
1666	4671
6581	6578
6578	6579
6579	6580
6579	6577
6581	6582
6582	6583
6582	6580
6585	6583
4858	6583
1833	6583
1833	6580
4855	6580
4855	6577
1830	6577
1828	6577
1672	6577
1672	6579
1673	6579
1673	6578
1853	6578
1850	6578
1850	6581
1845	6581
1845	6585
6584	6585
6584	4858
6584	1836
6584	1839
6584	1842
1673	1853
1867	1676
1864	1676
1864	1675
1859	1675
1685	4683
6586	4683
6586	4681
6587	4681
6587	1679
6587	1678
6587	1868
6587	4898
6586	4898
6586	1870
6586	1873
1885	1691
6590	6589
6589	6588
6592	6590
6590	6591
6592	6593
6594	6593
1687	6593
1688	6593
1688	6591
4691	6591
4691	6588
1885	6588
1882	6588
4916	6588
4916	6589
4914	6589
4912	6589
4912	6590
4910	6590
4910	6592
1879	6592
4908	6592
4908	6594
1876	6594
1876	1687
1693	1886
1697	1694
6595	1694
6596	1694
6596	1693
6596	1888
6596	4926
6595	4926
6595	1891
1894	1897
1900	1700
1892	1700
1900	1892
6597	6598
6599	6598
1703	6598
4950	6598
4948	6598
4946	6598
4946	6597
4944	6597
4942	6597
1903	6597
1903	6599
1901	6599
1702	6599
4944	4942
1909	4942
4950	4948
1709	1706
1913	1706
1913	4708
4951	4708
6602	6600
6603	6600
4964	6600
6601	6600
4954	6600
4954	6602
4952	6602
6604	6602
4947	6602
4947	6603
4949	6603
4966	6603
4949	4966
1911	4966
1911	1712
6604	4947
6604	4945
6604	1910
6601	4954
6601	4956
4962	4956
4962	1915
4962	1918
6601	4962
6607	6605
6608	6605
4965	6605
4967	6605
4967	6607
1714	6607
4714	6607
1715	6607
1715	6608
4970	6608
6606	6608
6606	4965
6606	4963
6606	1922
1721	1718
6609	1718
6609	1717
6609	4973
6610	4973
6610	1920
1924	1920
6610	1924
4735	1924
4735	1739
1727	1739
6610	4735
6610	1724
6609	1724
1733	1730
1733	1729
1745	1742
1925	1742
1927	1748
1916	1748
1916	1747
1917	1747
1933	1751
1928	1751
1933	1928
1765	5387
4772	5387
4774	5387
6611	5387
6611	1754
6611	1753
6611	1934
6611	1936
6611	1939
6611	1766
1760	4768
6613	4768
6613	1757
6613	4763
6612	4763
6612	1756
6612	5388
6612	1763
6613	1763
1945	1778
1774	5383
6614	5383
4994	5383
4994	1769
4994	1768
6614	4994
6614	4996
6615	4996
6615	1942
6615	1945
6615	1775
6615	1774
1771	5385
4780	5385
1781	1780
1783	1944
1954	1784
6616	1784
6616	1783
6616	1943
6616	1948
6617	1948
6617	5004
6617	1951
6617	1954
1955	1787
6618	6619
6620	6619
6621	6619
5008	6619
1952	6619
1953	6619
1953	6618
1789	6618
4799	6618
4799	6620
1793	6620
4805	6620
4805	6621
1796	6621
1963	6621
1789	4799
5008	1952
1960	1952
1975	1799
1975	4810
1972	4810
1969	4810
1964	4810
1969	1964
1816	1802
6622	1802
6622	1801
5022	1801
6622	5022
6622	5024
1816	5024
1814	1805
6623	6624
6624	6625
6626	6625
6626	6627
6628	6627
5033	6627
1990	6627
1990	6625
5030	6625
1981	6625
1978	6625
1978	6624
1978	6623
1973	6623
1974	6623
5023	6623
5023	6626
5023	6628
5036	6628
5023	5036
5025	5036
5025	5039
1819	5039
1819	1993
1819	1996
5030	1981
5030	5026
1987	5026
1826	1823
1829	1823
1829	1822
1994	1832
1994	4856
1995	4856
6629	6630
6635	6630
6630	6631
6636	6631
6639	6632
6632	6633
6633	6634
6640	6634
6634	6635
6635	6636
6641	6636
6636	6637
6642	6637
6637	6638
6639	6640
6640	6641
6641	6642
6642	6643
6643	6644
6644	6639
6639	6644
4860	6644
1835	6644
1835	6643
1835	6638
2005	6638
2002	6638
2002	6637
2002	6631
5048	6631
1999	6631
1999	6630
1991	6630
1991	6629
5035	6629
5035	6635
5035	6634
5038	6634
5038	6633
5041	6633
5041	6632
1992	6632
1834	6632
1834	6639
2006	1838
2014	1841
2014	1840
2011	1840
6646	1840
6646	2004
6646	2003
6646	2008
6646	5064
2015	1844
6650	6647
6647	6648
6648	6649
6651	6649
6658	6650
6650	6651
6651	6652
6659	6652
6652	6653
6653	6654
6654	6655
6655	6656
6656	6657
6657	6658
6658	6659
6659	6660
6660	6655
6655	6654
5651	6654
5652	6654
5087	6654
2023	6654
2023	6653
5084	6653
6649	6653
5084	6649
5082	6649
5082	6648
5080	6648
5080	6647
2020	6647
2017	6647
5074	6647
5074	6650
5071	6650
5071	6658
5071	6657
2012	6657
2013	6657
2013	6656
1846	6656
5655	6656
2351	6656
2351	6655
1846	5655
1849	5655
1849	5654
1849	5653
2026	5653
2026	5652
2029	1852
5091	1852
5091	1851
1858	1855
2030	1855
6662	6663
6665	6663
6670	6665
6665	6666
6671	6666
6666	6667
6667	6664
6672	6664
6668	6664
6668	6669
6670	6671
6674	6671
6671	6672
6672	6673
6672	6668
6675	6673
5089	6673
2025	6673
5092	6673
5092	6669
2028	6669
1863	6669
5111	6669
5111	6664
2038	6664
2038	6667
6663	6667
2038	6663
2035	6663
2035	6662
2032	6662
5099	6662
5097	6662
5097	6665
5097	6670
5095	6670
2024	6670
2024	6674
5089	6674
2028	1863
6678	6677
6679	6677
5135	6677
5133	6677
6676	6677
6676	6678
5125	6678
6680	6678
6680	6679
2034	6679
5117	6679
1878	6679
5137	6679
5117	1878
5117	4909
2039	4909
2039	1877
2039	1869
2039	4901
5114	4901
5114	1866
6680	2034
6680	2033
6680	2041
6680	5123
6676	5125
6676	5127
5131	5127
5131	2044
6676	5131
1875	1872
6682	6681
6683	6681
4915	6681
4917	6681
2053	6681
5139	6681
5139	6682
2050	6682
5132	6682
5134	6682
5134	6683
6684	6683
4913	6683
6684	4913
5136	4913
5136	4911
5138	4911
6684	5136
2050	5132
4917	2053
1887	1884
1887	1883
6685	1883
6685	2054
6685	2056
6685	2059
1887	2059
1893	1890
5157	1890
5157	4927
5155	4927
5155	1889
5155	2063
5153	2063
5153	2065
1896	1895
6687	6686
6688	6686
5156	6686
5158	6686
2080	6686
5169	6686
5169	6687
6689	6687
6689	6688
2069	6688
5154	6688
6689	2069
6689	2071
6689	2074
6689	2077
5158	2080
1902	1899
1902	1898
1902	2081
1902	2083
2101	5196
2095	5196
2092	5196
2089	5196
2089	1905
2089	4943
2087	4943
2101	2095
6692	6690
6690	6691
6693	6691
5198	6691
1907	6691
1908	6691
4953	6691
4955	6691
4955	6690
4957	6690
4957	6692
1926	6692
1929	6692
1929	6693
2102	6693
4957	1926
2099	2104
1935	1932
1935	1931
1935	2100
2105	2094
6695	6694
6696	6694
6697	6694
2110	6694
2107	6694
2093	6694
2093	6695
2105	6695
1937	6695
1938	6695
1938	6696
4995	6696
4995	6697
4997	6697
6698	6697
6698	2110
6698	2113
6698	1947
6698	1941
1956	1950
1956	5005
6699	5005
2114	5005
6699	2114
6699	2116
6699	2119
6699	2122
1967	5374
2128	5374
2125	5374
5224	5374
5222	5374
5222	1959
5222	1958
1967	2128
1965	1962
1965	5009
5376	5009
1977	1971
1977	1970
6701	6700
6702	6700
5232	6700
2131	6700
2126	6700
2126	6701
2127	6701
1979	6701
1979	6702
1980	6702
2140	5237
6703	5237
5233	5237
5027	5237
5233	5027
6703	5233
6703	2132
6703	2134
6703	2137
2141	2143
2152	1986
5255	1986
5255	1985
5255	5239
5253	5239
6704	5239
6704	2141
5251	2141
5251	2146
6704	5251
1998	1989
6705	1989
6705	5031
6705	1988
6705	2153
1998	2153
2007	2001
2007	5050
2167	5050
2164	5050
6706	5050
6706	2000
6706	2156
6706	2158
6706	2161
6707	6708
6709	6708
6710	6708
5295	6708
5279	6708
2173	6708
2173	6707
2170	6707
5277	6707
5065	6707
5065	6709
5073	6709
5073	6710
5076	6710
5076	5295
5065	5073
5277	5065
2168	5065
5295	5279
5293	5279
5293	5281
5293	5283
5291	5283
5291	2176
2185	2176
2185	2179
2186	2019
6711	2019
6711	2018
6711	5296
6711	5294
6711	5292
6714	6712
6712	6713
6715	6713
6715	6716
6717	6716
5098	6716
5100	6716
5100	6713
2040	6713
5301	6713
5301	6712
2183	6712
2184	6712
2184	6714
2021	6714
5081	6714
5081	6715
5083	6715
5083	6717
5085	6717
5096	6717
5085	5096
5100	2040
2036	5118
6718	5118
6718	2037
6719	6720
6721	6720
6722	6720
5126	6720
5128	6720
5128	6719
5309	6719
2188	6719
2188	6721
2180	6721
2181	6721
5304	6721
5304	6722
2042	6722
5124	6722
5128	5309
5128	2191
6724	6723
6724	6725
6726	6725
6727	6725
2049	6725
5371	6725
5371	6723
2057	6723
5315	6723
5313	6723
5313	6724
2197	6724
2194	6724
2194	6726
2192	6726
2192	6727
2045	6727
2046	6727
2057	5315
2055	2052
2055	5140
5372	5140
6729	6728
6730	6728
5314	6728
5316	6728
2060	6728
2061	6728
2064	6728
2064	6729
2224	6729
6731	6729
6731	6730
2200	6730
2198	6730
6731	2200
6731	2203
6731	2148
6731	2147
2070	2067
6732	2067
6732	2066
6732	2225
6732	5355
6732	2227
6732	2230
2231	2073
6734	6733
6734	6735
6736	6735
2133	6735
2228	6735
2228	6733
2229	6733
2075	6733
2076	6733
2233	6733
2120	6733
2121	6733
2121	6734
5223	6734
5225	6734
5225	6736
2130	6736
5225	2130
2082	2079
5369	2079
5369	5172
5369	2078
5367	2078
5367	2234
5367	2115
6737	2115
6737	2112
6737	2111
2088	2085
6738	2085
6738	2084
6738	5370
6738	5368
6738	2109
6738	2108
2106	2091
2103	2097
2232	2118
2144	2136
6739	2136
6739	2135
6739	2226
6739	5356
2144	5356
2145	5356
2139	2138
6741	6740
6742	6740
2209	6740
2206	6740
5252	6740
5254	6740
5254	6741
6743	6741
6743	6742
2215	6742
2212	6742
6743	2215
6743	2218
6743	2157
2151	2157
6743	2151
6743	5256
2206	5252
2204	5252
2219	2160
2171	2163
6745	2163
6745	2162
6745	2217
6744	2217
6744	2216
6744	5337
6744	2172
6745	2172
2169	5278
2165	5278
2221	5341
6746	5341
5284	5341
6746	5284
6746	5282
5338	5282
5338	5280
6746	5338
5339	5338
2213	5338
6746	5339
2187	2178
6747	2178
6747	2177
6747	5342
5343	5342
6747	5343
2193	2190
6748	2190
6748	5310
6748	2189
6748	5344
5345	5344
5345	2220
5345	5340
2210	5340
6748	5345
2199	2196
6749	2196
6749	2195
6749	5346
6749	2208
6749	2207
2205	2202
2324	2251
2314	2251
2322	2251
2324	2314
2327	2254
2327	5445
2325	5445
6751	6750
6752	6750
6754	6751
6751	6752
6755	6752
6756	6752
6752	6753
6758	6754
6754	6755
6759	6755
6755	6756
6760	6756
6756	6757
6758	6759
6762	6759
6759	6760
6760	6761
6763	6761
6762	6763
6763	6764
6765	6764
5499	6764
5502	6764
5502	6761
2284	6761
2284	6757
2284	6753
2330	6753
2330	6750
2328	6750
2256	6750
2256	6751
5449	6751
5449	6754
2257	6754
2257	6758
2336	6758
2274	6758
2274	6762
2275	6762
5488	6762
5488	6765
2278	6765
2337	2260
2269	2263
2269	2262
2269	2335
2333	2287
6766	2287
6766	5505
6767	5505
6767	2286
6766	2286
6766	2331
6768	6769
6771	6769
6769	6770
6772	6770
5518	6770
5523	6770
5525	6770
5525	6769
5525	6768
5527	6768
2334	6768
2289	6768
2289	6771
2290	6771
2298	6771
2298	6772
2299	6772
5527	2334
5527	2308
5518	5523
2296	2293
2323	2311
2323	2310
2326	2310
2329	2310
2320	2317
2320	5535
2355	2354
2355	2356
2356	1
2356	2357
4	2356
4	2358
2358	2357
2358	3
2360	2359
2360	2361
2361	5
2361	2362
7	2361
7	2363
2363	2362
2363	6
10	2364
10	2365
2365	8
2365	9
13	11
13	12
2367	2366
2367	2368
2368	14
2368	2369
2370	2368
2370	2371
2371	2369
2371	2372
16	2371
16	2373
2373	2372
2373	15
19	17
19	18
2375	2374
2375	2376
2376	20
2376	2377
0	2376
0	2378
2378	2377
2378	2
22	18
22	21
2381	2379
2381	2382
2382	2380
2382	2383
2383	23
2383	2384
25	2382
25	2385
2385	2383
2385	2386
2386	2384
2386	24
2388	2387
2388	2389
2389	26
2389	2390
28	2389
28	2391
2391	2390
2391	27
31	2392
31	2393
2393	29
2393	30
34	2394
34	2397
2397	2395
2397	2398
2398	2396
2398	2399
2399	32
2399	33
37	2400
37	2403
2403	2401
2403	2404
2404	2402
2404	2405
2405	35
2405	36
40	2406
40	2407
2407	38
2407	39
2409	2408
2409	2410
2410	41
2410	2411
43	2410
43	2412
2412	2411
2412	42
2	2413
2	2414
2414	44
2414	1
2415	42
2415	2416
46	2416
46	45
49	47
49	48
2417	50
2417	2418
52	2418
52	51
55	53
55	54
2419	56
2419	2420
2421	2420
2421	2422
2423	2422
2423	2424
58	2424
58	57
61	2425
61	2426
2426	59
2426	60
64	2427
64	2429
2429	2428
2429	2430
2430	62
2430	63
9	2431
9	2432
2432	65
2432	11
67	2433
67	2435
2435	2434
2435	2436
2436	63
2436	66
12	68
12	14
70	2437
70	2439
2439	2438
2439	2440
2440	66
2440	69
73	2441
73	2442
2442	71
2442	72
76	2443
76	2444
2444	74
2444	75
2446	2445
2446	2447
2447	77
2447	2448
79	2447
79	2449
2449	2448
2449	78
82	2450
82	2451
2451	80
2451	81
15	83
15	17
21	2452
21	2454
2454	2453
2454	2455
2455	81
2455	23
85	78
85	84
88	86
88	87
91	89
91	90
94	2456
94	2458
2458	2457
2458	2459
2459	92
2459	93
97	2460
97	2461
2461	95
2461	96
2463	2462
2463	2464
2464	98
2464	2465
2466	2464
2466	2467
2467	2465
2467	2468
100	2467
100	2469
2469	2468
2469	99
2471	2470
2471	2472
2472	101
2472	2473
103	2472
103	2474
2474	2473
2474	102
106	2475
106	2476
2476	104
2476	105
109	2477
109	2479
2479	2478
2479	2480
2480	107
2480	108
112	110
112	111
2483	2481
2483	2484
2484	2482
2484	2485
2485	113
2485	2486
115	2484
115	2487
2487	2485
2487	2488
2488	2486
2488	114
118	2489
118	2490
2490	116
2490	117
2491	119
2491	2492
24	2492
24	26
27	2493
27	2494
2494	117
2494	29
121	2495
121	2497
2497	2496
2497	2498
2498	114
2498	120
124	2499
124	2501
2501	2500
2501	2502
2502	122
2502	123
127	2503
127	2506
2506	2504
2506	2507
2507	2505
2507	2508
2508	125
2508	126
30	2509
30	2512
2512	2510
2512	2513
2513	2511
2513	2514
2514	128
2514	32
2515	126
2515	2516
130	2516
130	129
133	131
133	132
2517	134
2517	2518
2519	2518
2519	2520
2521	2520
2521	2522
136	2522
136	135
48	137
48	50
139	2523
139	2524
2524	135
2524	138
51	140
51	53
142	2525
142	2526
2526	138
2526	141
145	2527
145	2528
2528	143
2528	144
2529	146
2529	2530
54	2530
54	56
148	2531
148	2532
2532	144
2532	147
151	149
151	150
2533	152
2533	2534
2535	2534
2535	2536
57	2536
57	59
2537	150
2537	2538
154	2538
154	153
157	2539
157	2540
2540	155
2540	156
60	2541
60	2542
2542	158
2542	62
160	156
160	159
163	161
163	162
166	164
166	165
69	167
69	71
169	165
169	168
2543	170
2543	2544
72	2544
72	74
172	2545
172	2546
2546	168
2546	171
175	2547
175	2550
2550	2548
2550	2551
2551	2549
2551	2552
2552	173
2552	174
178	2553
178	2554
2554	176
2554	177
181	179
181	180
184	2555
184	2556
2556	182
2556	183
187	2557
187	2558
2558	185
2558	186
75	2559
75	2560
2560	188
2560	77
2561	186
2561	2562
84	2562
84	86
190	183
190	189
193	2563
193	2565
2565	2564
2565	2566
2566	191
2566	192
196	2567
196	2569
2569	2568
2569	2570
2570	194
2570	195
87	197
87	89
90	2571
90	2573
2573	2572
2573	2574
2574	195
2574	92
2575	192
2575	2576
2577	2576
2577	2578
199	2578
199	198
202	2579
202	2580
2580	200
2580	201
2582	2581
2582	2583
2583	203
2583	2584
205	2583
205	2585
2585	2584
2585	204
208	2586
208	2587
2587	206
2587	207
93	2588
93	2591
2591	2589
2591	2592
2592	2590
2592	2593
2593	209
2593	95
2595	2594
2595	2596
2596	207
2596	2597
211	2596
211	2598
2598	2597
2598	210
2599	212
2599	2600
214	2600
214	213
2602	2601
2602	2603
2603	215
2603	2604
217	2603
217	2605
2605	2604
2605	216
102	218
102	104
105	216
105	107
220	213
220	219
223	2606
223	2608
2608	2607
2608	2609
2609	221
2609	222
224	226
228	225
231	2610
231	2614
2614	2611
2614	2615
2615	2612
2615	2616
2616	2613
2616	2617
2617	229
2617	230
234	2618
234	2619
2619	232
2619	233
2621	2620
2621	2622
2622	235
2622	2623
108	2622
108	2624
2624	2623
2624	110
237	2625
237	2626
2626	233
2626	236
111	2627
111	2629
2629	2628
2629	2630
2630	238
2630	113
240	2631
240	2633
2633	2632
2633	2634
2634	236
2634	239
243	2635
243	2636
2636	241
2636	242
2637	244
2637	2638
2639	2638
2639	2640
2641	2640
2641	2642
2643	2642
2643	2644
246	2644
246	245
249	247
249	248
120	250
120	122
252	248
252	251
123	2645
123	2647
2647	2646
2647	2648
2648	253
2648	125
255	2649
255	2652
2652	2650
2652	2653
2653	2651
2653	2654
2654	251
2654	254
129	256
129	131
258	2655
258	2658
2658	2656
2658	2659
2659	2657
2659	2660
2660	254
2660	257
261	2661
261	2663
2663	2662
2663	2664
2664	259
2664	260
2665	262
2665	2666
2667	2666
2667	2668
264	2668
264	263
267	2669
267	2670
2670	265
2670	266
2672	2671
2672	2673
2673	268
2673	2674
132	2673
132	2675
2675	2674
2675	134
2676	266
2676	2677
2678	2677
2678	2679
2680	2679
2680	2681
141	2681
141	143
270	2682
270	2684
2684	2683
2684	2685
2685	263
2685	269
2687	2686
2687	2688
2688	271
2688	2689
273	2688
273	2690
2690	2689
2690	272
147	2691
147	2692
2692	274
2692	149
276	272
276	275
2694	2693
2694	2695
2695	277
2695	2696
279	2695
279	2697
2697	2696
2697	278
153	280
153	155
282	278
282	281
285	283
285	284
2698	286
2698	2699
159	2699
159	161
288	2700
288	2701
2701	284
2701	287
2702	289
2702	2703
2704	2703
2704	2705
291	2705
291	290
294	292
294	293
2706	295
2706	2707
162	2707
162	164
297	2708
297	2709
2709	293
2709	296
171	2710
171	2711
2711	298
2711	173
2712	296
2712	2713
2714	2713
2714	2715
2716	2715
2716	2717
2718	2717
2718	2719
2720	2719
2720	2721
300	2721
300	299
303	2722
303	2725
2725	2723
2725	2726
2726	2724
2726	2727
2727	301
2727	302
306	2728
306	2729
2729	304
2729	305
307	309
174	308
311	2730
311	2732
2732	2731
2732	2733
2733	305
2733	310
314	312
314	313
317	2734
317	2735
2735	315
2735	316
320	2736
320	2737
2737	318
2737	319
2739	2738
2739	2740
2740	321
2740	2741
323	2740
323	2742
2742	2741
2742	322
177	324
177	179
326	2743
326	2745
2745	2744
2745	2746
2746	322
2746	325
329	2747
329	2749
2749	2748
2749	2750
2750	327
2750	328
180	330
180	182
189	2751
189	2753
2753	2752
2753	2754
2754	328
2754	191
332	2755
332	2757
2757	2756
2757	2758
2758	325
2758	331
335	333
335	334
338	2759
338	2760
2760	336
2760	337
341	339
341	340
198	2761
198	2762
2762	342
2762	200
2763	340
2763	2764
344	2764
344	343
347	345
347	346
350	2765
350	2767
2767	2766
2767	2768
2768	348
2768	349
353	2769
353	2771
2771	2770
2771	2772
2772	351
2772	352
2773	354
2773	2774
356	2774
356	355
2775	357
2775	2776
201	2776
201	203
359	355
359	358
362	360
362	361
204	2777
204	2778
2778	363
2778	206
365	2779
365	2780
2780	361
2780	364
368	2781
368	2782
2782	366
2782	367
371	2783
371	2784
2784	369
2784	370
210	372
210	212
219	2785
219	2787
2787	2786
2787	2788
2788	370
2788	221
374	367
374	373
222	2789
222	2790
2790	375
2790	224
2792	2791
2792	2793
2793	373
2793	2794
2795	2793
2795	2796
2796	2794
2796	2797
377	2796
377	2798
2798	2797
2798	376
2800	2799
2800	2801
2801	378
2801	2802
2803	2801
2803	2804
2804	2802
2804	2805
380	2804
380	2806
2806	2805
2806	379
383	381
383	382
2808	2807
2808	2809
2809	384
2809	2810
2811	2809
2811	2812
2812	2810
2812	2813
386	2812
386	2814
2814	2813
2814	385
227	387
227	229
389	385
389	388
230	2815
230	2817
2817	2816
2817	2818
2818	390
2818	232
392	2819
392	2822
2822	2820
2822	2823
2823	2821
2823	2824
2824	388
2824	391
239	2825
239	2826
2826	393
2826	241
395	2827
395	2829
2829	2828
2829	2830
2830	391
2830	394
398	396
398	397
242	2831
242	2833
2833	2832
2833	2834
2834	399
2834	244
401	2835
401	2836
2836	397
2836	400
404	402
404	403
407	2837
407	2838
2838	405
2838	406
410	408
410	409
2839	411
2839	2840
2841	2840
2841	2842
245	2842
245	247
2843	409
2843	2844
2845	2844
2845	2846
2847	2846
2847	2848
413	2848
413	412
257	414
257	259
416	412
416	415
2850	2849
2850	2851
2851	417
2851	2852
2853	2851
2853	2854
2854	2852
2854	2855
419	2854
419	2856
2856	2855
2856	418
422	420
422	421
425	423
425	424
428	2857
428	2859
2859	2858
2859	2860
2860	426
2860	427
431	2861
431	2863
2863	2862
2863	2864
2864	429
2864	430
2865	432
2865	2866
2867	2866
2867	2868
434	2868
434	433
260	2869
260	2872
2872	2870
2872	2873
2873	2871
2873	2874
2874	435
2874	262
437	2875
437	2877
2877	2876
2877	2878
2878	433
2878	436
440	2879
440	2881
2881	2880
2881	2882
2882	438
2882	439
443	2883
443	2884
2884	441
2884	442
2887	2885
2887	2888
2888	2886
2888	2889
2889	444
2889	2890
446	2888
446	2891
2891	2889
2891	2892
2892	2890
2892	445
269	2893
269	2894
2894	447
2894	271
2896	2895
2896	2897
2897	445
2897	2898
275	2897
275	2899
2899	2898
2899	277
449	442
449	448
2900	450
2900	2901
2902	2901
2902	2903
2904	2903
2904	2905
2906	2905
2906	2907
2908	2907
2908	2909
2910	2909
2910	2911
2912	2911
2912	2913
2914	2913
2914	2915
281	2915
281	283
452	448
452	451
455	2916
455	2917
2917	453
2917	454
458	456
458	457
2918	459
2918	2919
2920	2919
2920	2921
2922	2921
2922	2923
2924	2923
2924	2925
2926	2925
2926	2927
2928	2927
2928	2929
2930	2929
2930	2931
2932	2931
2932	2933
461	2933
461	460
287	462
287	289
2934	460
2934	2935
464	2935
464	463
467	465
467	466
2936	468
2936	2937
2938	2937
2938	2939
2940	2939
2940	2941
290	2941
290	292
2942	466
2942	2943
2944	2943
2944	2945
2946	2945
2946	2947
2948	2947
2948	2949
2950	2949
2950	2951
470	2951
470	469
2952	471
2952	2953
2954	2953
2954	2955
2956	2955
2956	2957
473	2957
473	472
299	2958
299	2961
2961	2959
2961	2962
2962	2960
2962	2963
2963	474
2963	301
476	2964
476	2966
2966	2965
2966	2967
2967	472
2967	475
479	2968
479	2970
2970	2969
2970	2971
2971	477
2971	478
439	2972
439	2974
2974	2973
2974	2975
2975	480
2975	441
451	478
451	453
454	475
454	456
482	469
482	481
2976	483
2976	2977
457	2977
457	459
2979	2978
2979	2980
2980	481
2980	2981
2982	2980
2982	2983
2983	2981
2983	2984
463	2983
463	2985
2985	2984
2985	465
2986	436
2986	2987
2988	2987
2988	2989
2990	2989
2990	2991
316	2991
316	318
2994	2992
2994	2995
2995	2993
2995	2996
2996	430
2996	2997
485	2995
485	2998
2998	2996
2998	2999
2999	2997
2999	484
488	3000
488	3002
3002	3001
3002	3003
3003	486
3003	487
319	3004
319	3007
3007	3005
3007	3008
3008	3006
3008	3009
3009	489
3009	321
491	487
491	490
494	3010
494	3012
3012	3011
3012	3013
3013	492
3013	493
497	3014
497	3016
3016	3015
3016	3017
3017	495
3017	496
500	3018
500	3020
3020	3019
3020	3021
3021	498
3021	499
503	3022
503	3023
3023	501
3023	502
331	3024
331	3025
3025	504
3025	333
334	502
334	336
506	3026
506	3028
3028	3027
3028	3029
3029	499
3029	505
337	507
337	339
509	3030
509	3032
3032	3031
3032	3033
3033	505
3033	508
512	3034
512	3036
3036	3035
3036	3037
3037	510
3037	511
343	513
343	345
515	3038
515	3041
3041	3039
3041	3042
3042	3040
3042	3043
3043	511
3043	514
518	3044
518	3046
3046	3045
3046	3047
3047	516
3047	517
346	3048
346	3050
3050	3049
3050	3051
3051	519
3051	348
521	3052
521	3053
3053	517
3053	520
524	522
524	523
349	525
349	351
527	3054
527	3055
3055	523
3055	526
530	3056
530	3057
3057	528
3057	529
3058	531
3058	3059
3060	3059
3060	3061
3062	3061
3062	3063
533	3063
533	532
536	3064
536	3065
3065	534
3065	535
3068	3066
3068	3069
3069	3067
3069	3070
3070	537
3070	3071
539	3069
539	3072
3072	3070
3072	3073
3073	3071
3073	538
352	3074
352	3076
3076	3075
3076	3077
3077	540
3077	354
3078	538
3078	3079
3080	3079
3080	3081
542	3081
542	541
376	3082
376	3083
3083	543
3083	378
535	3084
535	3086
3086	3085
3086	3087
3087	541
3087	537
545	3088
545	3089
3089	532
3089	544
548	3090
548	3091
3091	546
3091	547
551	3092
551	3093
3093	549
3093	550
554	3094
554	3095
3095	552
3095	553
557	3096
557	3097
3097	555
3097	556
560	3098
560	3099
3099	558
3099	559
379	561
379	381
563	3100
563	3102
3102	3101
3102	3103
3103	559
3103	562
382	564
382	384
566	3104
566	3106
3106	3105
3106	3107
3107	562
3107	565
569	3108
569	3110
3110	3109
3110	3111
3111	567
3111	568
3112	573
3112	3113
3112	572
574	3114
574	3115
3115	571
577	3116
577	3119
3119	3117
3119	3120
3120	3118
3120	3121
3121	575
3121	576
578	580
582	579
585	3122
585	3125
3125	3123
3125	3126
3126	3124
3126	3127
3127	583
3127	584
394	3128
394	3131
3131	3129
3131	3132
3132	3130
3132	3133
3133	586
3133	396
588	584
588	587
591	3134
591	3135
3135	589
3135	590
594	3136
594	3137
3137	592
3137	593
3139	3138
3139	3140
3140	595
3140	3141
400	3140
400	3142
3142	3141
3142	402
597	593
597	596
403	3143
403	3144
3144	598
3144	405
600	3145
600	3146
3146	596
3146	599
603	3147
603	3149
3149	3148
3149	3150
3150	601
3150	602
3151	604
3151	3152
3153	3152
3153	3154
3155	3154
3155	3156
406	3156
406	408
606	3157
606	3159
3159	3158
3159	3160
3160	602
3160	605
609	3161
609	3163
3163	3162
3163	3164
3164	607
3164	608
612	3165
612	3167
3167	3166
3167	3168
3168	610
3168	611
421	613
421	423
424	3169
424	3171
3171	3170
3171	3172
3172	611
3172	426
3173	608
3173	3174
615	3174
615	614
3177	3175
3177	3178
3178	3176
3178	3179
3179	616
3179	3180
618	3178
618	3181
3181	3179
3181	3182
3182	3180
3182	617
427	3183
427	3184
3184	619
3184	429
621	3185
621	3186
3186	617
3186	620
624	3187
624	3188
3188	622
3188	623
627	3189
627	3191
3191	3190
3191	3192
3192	625
3192	626
484	628
484	486
490	3193
490	3195
3195	3194
3195	3196
3196	626
3196	492
630	623
630	629
633	3197
633	3198
3198	631
3198	632
636	634
636	635
639	3199
639	3201
3201	3200
3201	3202
3202	637
3202	638
642	3203
642	3205
3205	3204
3205	3206
3206	640
3206	641
3208	3207
3208	3209
3209	643
3209	3210
493	3209
493	3211
3211	3210
3211	495
645	3212
645	3215
3215	3213
3215	3216
3216	3214
3216	3217
3217	641
3217	644
648	3218
648	3222
3222	3219
3222	3223
3223	3220
3223	3224
3224	3221
3224	3225
3225	646
3225	647
3226	649
3226	3227
3228	3227
3228	3229
496	3229
496	498
651	3230
651	3233
3233	3231
3233	3234
3234	3232
3234	3235
3235	647
3235	650
654	3236
654	3239
3239	3237
3239	3240
3240	3238
3240	3241
3241	652
3241	653
3242	655
3242	3243
3244	3243
3244	3245
508	3245
508	510
657	3246
657	3250
3250	3247
3250	3251
3251	3248
3251	3252
3252	3249
3252	3253
3253	653
3253	656
3255	3254
3255	3256
3256	658
3256	3257
514	3256
514	3258
3258	3257
3258	516
660	3259
660	3263
3263	3260
3263	3264
3264	3261
3264	3265
3265	3262
3265	3266
3266	656
3266	659
3267	664
3267	3268
3267	663
665	3269
665	3270
3270	662
668	3271
668	3272
3272	666
3272	667
520	3273
520	3274
3274	669
3274	522
526	667
526	528
664	671
673	670
676	3275
676	3277
3277	3276
3277	3278
3278	674
3278	675
679	677
679	678
529	3279
529	3280
3280	680
3280	531
682	3281
682	3282
3282	678
3282	681
685	3283
685	3284
3284	683
3284	684
3286	3285
3286	3287
3287	686
3287	3288
688	3287
688	3289
3289	3288
3289	687
544	3290
544	3291
3291	689
3291	546
547	687
547	549
3292	684
3292	3293
3294	3293
3294	3295
3296	3295
3296	3297
550	3297
550	552
691	681
691	690
694	692
694	693
697	3298
697	3301
3301	3299
3301	3302
3302	3300
3302	3303
3303	695
3303	696
3304	698
3304	3305
3306	3305
3306	3307
3308	3307
3308	3309
3310	3309
3310	3311
3312	3311
3312	3313
553	3313
553	555
700	3314
700	3316
3316	3315
3316	3317
3317	696
3317	699
3318	701
3318	3319
3320	3319
3320	3321
703	3321
703	702
706	3322
706	3323
3323	704
3323	705
3325	3324
3325	3326
3326	707
3326	3327
709	3326
709	3328
3328	3327
3328	708
3329	710
3329	3330
556	3330
556	558
712	3331
712	3332
3332	708
3332	711
565	713
565	567
568	3333
568	3334
3334	711
3334	570
3336	3335
3336	3337
3337	705
3337	3338
715	3337
715	3339
3339	3338
3339	714
718	3340
718	3343
3343	3341
3343	3344
3344	3342
3344	3345
3345	716
3345	717
721	719
721	720
3347	3346
3347	3348
3348	722
3348	3349
724	3348
724	3350
3350	3349
3350	723
573	725
573	575
576	723
576	578
727	720
727	726
730	3351
730	3352
3352	728
3352	729
3355	3353
3355	3356
3356	3354
3356	3357
3357	731
3357	3358
733	3356
733	3359
3359	3357
3359	3360
3360	3358
3360	732
736	3361
736	3363
3363	3362
3363	3364
3364	734
3364	735
737	739
741	738
744	3365
744	3369
3369	3366
3369	3370
3370	3367
3370	3371
3371	3368
3371	3372
3372	742
3372	743
3373	583
3373	3374
3373	747
581	3375
581	3376
3376	746
749	743
749	748
587	3377
587	3378
3378	750
3378	589
740	3379
740	3380
3380	748
3380	742
752	3381
752	3384
3384	3382
3384	3385
3385	3383
3385	3386
3386	735
3386	751
3387	753
3387	3388
3389	3388
3389	3390
605	3390
605	607
755	3391
755	3393
3393	3392
3393	3394
3394	751
3394	754
614	3395
614	3397
3397	3396
3397	3398
3398	756
3398	616
758	3399
758	3400
3400	754
3400	757
761	3401
761	3404
3404	3402
3404	3405
3405	3403
3405	3406
3406	759
3406	760
3409	3407
3409	3410
3410	3408
3410	3411
3411	762
3411	3412
764	3410
764	3413
3413	3411
3413	3414
3414	3412
3414	763
3417	3415
3417	3418
3418	3416
3418	3419
3419	765
3419	3420
767	3418
767	3421
3421	3419
3421	3422
3422	3420
3422	766
632	768
632	634
770	3423
770	3425
3425	3424
3425	3426
3426	766
3426	769
635	3427
635	3428
3428	771
3428	637
3429	769
3429	3430
3431	3430
3431	3432
773	3432
773	772
776	3433
776	3435
3435	3434
3435	3436
3436	774
3436	775
3438	3437
3438	3439
3439	777
3439	3440
3441	3439
3441	3442
3442	3440
3442	3443
779	3442
779	3444
3444	3443
3444	778
638	780
638	640
782	3445
782	3446
3446	778
3446	781
644	3447
644	3448
3448	783
3448	646
3449	781
3449	3450
785	3450
785	784
3451	786
3451	3452
3453	3452
3453	3454
3455	3454
3455	3456
788	3456
788	787
650	789
650	652
791	3457
791	3458
3458	787
3458	790
794	792
794	793
797	795
797	796
800	3459
800	3460
3460	798
3460	799
659	801
659	661
803	3461
803	3462
3462	799
3462	802
806	3463
806	3464
3464	804
3464	805
809	3465
809	3467
3467	3466
3467	3468
3468	807
3468	808
812	3469
812	3470
3470	810
3470	811
815	3471
815	3473
3473	3472
3473	3474
3474	813
3474	814
818	3475
818	3476
3476	816
3476	817
672	3477
672	3479
3479	3478
3479	3480
3480	819
3480	674
821	817
821	820
824	3481
824	3484
3484	3482
3484	3485
3485	3483
3485	3486
3486	822
3486	823
827	3487
827	3489
3489	3488
3489	3490
3490	825
3490	826
830	828
830	829
675	3491
675	3493
3493	3492
3493	3494
3494	831
3494	677
833	3495
833	3497
3497	3496
3497	3498
3498	829
3498	832
690	834
690	692
836	3499
836	3502
3502	3500
3502	3503
3503	3501
3503	3504
3504	832
3504	835
839	3505
839	3507
3507	3506
3507	3508
3508	837
3508	838
693	3509
693	3512
3512	3510
3512	3513
3513	3511
3513	3514
3514	840
3514	695
842	838
842	841
845	3515
845	3517
3517	3516
3517	3518
3518	843
3518	844
846	848
850	847
853	3519
853	3522
3522	3520
3522	3523
3523	3521
3523	3524
3524	851
3524	852
856	3525
856	3528
3528	3526
3528	3529
3529	3527
3529	3530
3530	854
3530	855
3531	857
3531	3532
3533	3532
3533	3534
3535	3534
3535	3536
859	3536
859	858
862	3537
862	3538
3538	860
3538	861
3541	3539
3541	3542
3542	3540
3542	3543
3543	863
3543	3544
699	3542
699	3545
3545	3543
3545	3546
3546	3544
3546	701
702	3547
702	3548
3548	861
3548	704
865	3549
865	3550
3550	858
3550	864
3552	3551
3552	3553
3553	866
3553	3554
868	3553
868	3555
3555	3554
3555	867
714	3556
714	3557
3557	869
3557	716
871	867
871	870
874	872
874	873
877	875
877	876
880	3558
880	3559
3559	878
3559	879
3560	881
3560	3561
883	3561
883	882
3563	3562
3563	3564
3564	884
3564	3565
3566	3564
3566	3567
3567	3565
3567	3568
3569	3567
3569	3570
3570	3568
3570	3571
886	3570
886	3572
3572	3571
3572	885
889	3573
889	3574
3574	887
3574	888
892	890
892	891
732	3575
732	3578
3578	3576
3578	3579
3579	3577
3579	3580
3580	893
3580	734
895	3581
895	3584
3584	3582
3584	3585
3585	3583
3585	3586
3586	891
3586	894
757	3587
757	3589
3589	3588
3589	3590
3590	896
3590	759
898	3591
898	3592
3592	894
3592	897
3596	3593
3596	3597
3597	3594
3597	3598
3598	3595
3598	3599
3599	899
3599	3600
901	3597
901	3601
3601	3598
3601	3602
3602	3599
3602	3603
3603	3600
3603	900
904	3604
904	3606
3606	3605
3606	3607
3607	902
3607	903
907	3608
907	3610
3610	3609
3610	3611
3611	905
3611	906
3612	908
3612	3613
760	3613
760	762
910	3614
910	3616
3616	3615
3616	3617
3617	906
3617	909
913	3618
913	3620
3620	3619
3620	3621
3621	911
3621	912
763	3622
763	3623
3623	914
3623	765
916	3624
916	3627
3627	3625
3627	3628
3628	3626
3628	3629
3629	912
3629	915
772	3630
772	3632
3632	3631
3632	3633
3633	917
3633	774
3635	3634
3635	3636
3636	915
3636	3637
919	3636
919	3638
3638	3637
3638	918
922	3639
922	3641
3641	3640
3641	3642
3642	920
3642	921
925	3643
925	3644
3644	923
3644	924
775	3645
775	3648
3648	3646
3648	3649
3649	3647
3649	3650
3650	926
3650	777
928	3651
928	3653
3653	3652
3653	3654
3654	924
3654	927
931	3655
931	3657
3657	3656
3657	3658
3658	929
3658	930
934	932
934	933
3659	935
3659	3660
784	3660
784	786
937	933
937	936
3663	3661
3663	3664
3664	3662
3664	3665
3665	938
3665	3666
940	3664
940	3667
3667	3665
3667	3668
3668	3666
3668	939
943	3669
943	3671
3671	3670
3671	3672
3672	941
3672	942
3675	3673
3675	3676
3676	3674
3676	3677
3677	944
3677	3678
946	3676
946	3679
3679	3677
3679	3680
3680	3678
3680	945
3682	3681
3682	3683
3683	947
3683	3684
3685	3683
3685	3686
3686	3684
3686	3687
949	3686
949	3688
3688	3687
3688	948
952	3689
952	3691
3691	3690
3691	3692
3692	950
3692	951
955	3693
955	3696
3696	3694
3696	3697
3697	3695
3697	3698
3698	953
3698	954
3699	956
3699	3700
3701	3700
3701	3702
3703	3702
3703	3704
3705	3704
3705	3706
790	3706
790	792
3709	3707
3709	3710
3710	3708
3710	3711
3711	954
3711	3712
958	3710
958	3713
3713	3711
3713	3714
3714	3712
3714	957
961	3715
961	3716
3716	959
3716	960
3717	962
3717	3718
793	3718
793	795
3719	960
3719	3720
964	3720
964	963
3721	965
3721	3722
967	3722
967	966
970	968
970	969
3723	971
3723	3724
796	3724
796	798
973	3725
973	3726
3726	969
3726	972
802	974
802	804
805	972
805	807
976	3727
976	3728
3728	966
3728	975
979	3729
979	3730
3730	977
3730	978
3731	980
3731	3732
3733	3732
3733	3734
982	3734
982	981
985	3735
985	3737
3737	3736
3737	3738
3738	983
3738	984
988	3739
988	3741
3741	3740
3741	3742
3742	986
3742	987
991	3743
991	3745
3745	3744
3745	3746
3746	989
3746	990
808	992
808	810
811	3747
811	3749
3749	3748
3749	3750
3750	990
3750	813
994	987
994	993
3751	995
3751	3752
997	3752
997	996
1000	3753
1000	3754
3754	998
3754	999
3755	1001
3755	3756
1003	3756
1003	1002
814	3757
814	3760
3760	3758
3760	3761
3761	3759
3761	3762
3762	1004
3762	816
820	3763
820	3766
3766	3764
3766	3767
3767	3765
3767	3768
3768	1002
3768	822
1006	3769
1006	3770
3770	999
3770	1005
1009	1007
1009	1008
823	3771
823	3772
3772	1010
3772	825
1012	3773
1012	3774
3774	1008
3774	1011
1015	3775
1015	3777
3777	3776
3777	3778
3778	1013
3778	1014
1018	3779
1018	3780
3780	1016
3780	1017
1021	3781
1021	3782
3782	1019
3782	1020
3784	3783
3784	3785
3785	1022
3785	3786
3787	3785
3787	3788
3788	3786
3788	3789
3790	3788
3790	3791
3791	3789
3791	3792
849	3791
849	3793
3793	3792
3793	851
1024	3794
1024	3797
3797	3795
3797	3798
3798	3796
3798	3799
3799	1020
3799	1023
1027	3800
1027	3801
3801	1025
3801	1026
1030	1028
1030	1029
1033	3802
1033	3805
3805	3803
3805	3806
3806	3804
3806	3807
3807	1031
3807	1032
3808	1034
3808	3809
3810	3809
3810	3811
3812	3811
3812	3813
852	3813
852	854
1036	3814
1036	3817
3817	3815
3817	3818
3818	3816
3818	3819
3819	1032
3819	1035
3821	3820
3821	3822
3822	1037
3822	3823
1039	3822
1039	3824
3824	3823
3824	1038
1042	3825
1042	3826
3826	1040
3826	1041
855	3827
855	3830
3830	3828
3830	3831
3831	3829
3831	3832
3832	1043
3832	857
1045	3833
1045	3834
3834	1041
3834	1044
1048	3835
1048	3836
3836	1046
3836	1047
3838	3837
3838	3839
3839	1049
3839	3840
1051	3839
1051	3841
3841	3840
3841	1050
864	3842
864	3843
3843	1052
3843	866
870	1050
870	872
3844	1047
3844	3845
873	3845
873	875
1054	1044
1054	1053
1057	3846
1057	3848
3848	3847
3848	3849
3849	1055
3849	1056
876	3850
876	3852
3852	3851
3852	3853
3853	1058
3853	878
3854	1056
3854	3855
3856	3855
3856	3857
1060	3857
1060	1059
1063	3858
1063	3859
3859	1061
3859	1062
1066	3860
1066	3861
3861	1064
3861	1065
1069	3862
1069	3863
3863	1067
3863	1068
879	3864
879	3865
3865	1070
3865	881
1072	3866
1072	3867
3867	1068
3867	1071
882	3868
882	3869
3869	1073
3869	884
3871	3870
3871	3872
3872	1071
3872	3873
1075	3872
1075	3874
3874	3873
3874	1074
3875	1076
3875	3876
1078	3876
1078	1077
3878	3877
3878	3879
3879	1079
3879	3880
1081	3879
1081	3881
3881	3880
3881	1080
885	1082
885	887
3882	1080
3882	3883
1084	3883
1084	1083
888	1085
888	890
897	3884
897	3885
3885	1083
3885	899
1087	1077
1087	1086
1090	3886
1090	3887
3887	1088
3887	1089
3890	3888
3890	3891
3891	3889
3891	3892
3892	1091
3892	3893
1093	3891
1093	3894
3894	3892
3894	3895
3895	3893
3895	1092
900	3896
900	3897
3897	1094
3897	902
1096	3898
1096	3899
3899	1092
3899	1095
1099	3900
1099	3901
3901	1097
3901	1098
903	3902
903	3903
3903	1100
3903	905
1102	3904
1102	3906
3906	3905
3906	3907
3907	1098
3907	1101
3911	3908
3911	3912
3912	3909
3912	3913
3913	3910
3913	3914
3914	1103
3914	3915
1105	3912
1105	3916
3916	3913
3916	3917
3917	3914
3917	3918
3918	3915
3918	1104
1108	3919
1108	3921
3921	3920
3921	3922
3922	1106
3922	1107
1111	3923
1111	3925
3925	3924
3925	3926
3926	1109
3926	1110
3927	1112
3927	3928
3929	3928
3929	3930
909	3930
909	911
1114	3931
1114	3933
3933	3932
3933	3934
3934	1110
3934	1113
3937	3935
3937	3938
3938	3936
3938	3939
3939	1115
3939	3940
1117	3938
1117	3941
3941	3939
3941	3942
3942	3940
3942	1116
1120	3943
1120	3944
3944	1118
3944	1119
918	3945
918	3947
3947	3946
3947	3948
3948	1121
3948	920
1123	1119
1123	1122
1126	3949
1126	3950
3950	1124
3950	1125
3953	3951
3953	3954
3954	3952
3954	3955
3955	1127
3955	3956
3957	3954
3957	3958
3958	3955
3958	3959
3959	3956
3959	3960
1129	3958
1129	3961
3961	3959
3961	3962
3962	3960
3962	1128
1132	3963
1132	3965
3965	3964
3965	3966
3966	1130
3966	1131
1135	1133
1135	1134
1138	3967
1138	3968
3968	1136
3968	1137
1141	3969
1141	3972
3972	3970
3972	3973
3973	3971
3973	3974
3974	1139
3974	1140
3977	3975
3977	3978
3978	3976
3978	3979
3979	1142
3979	3980
3981	3978
3981	3982
3982	3979
3982	3983
3983	3980
3983	3984
921	3982
921	3985
3985	3983
3985	3986
3986	3984
3986	923
3987	1140
3987	3988
1144	3988
1144	1143
1147	1145
1147	1146
3989	1148
3989	3990
3991	3990
3991	3992
927	3992
927	929
1150	3993
1150	3994
3994	1146
3994	1149
939	3995
939	3996
3996	1151
3996	941
1153	1149
1153	1152
1156	3997
1156	4000
4000	3998
4000	4001
4001	3999
4001	4002
4002	1154
4002	1155
1159	4003
1159	4005
4005	4004
4005	4006
4006	1157
4006	1158
1160	1162
942	1161
1164	4007
1164	4010
4010	4008
4010	4011
4011	4009
4011	4012
4012	1158
4012	1163
1165	1167
1169	1166
1172	1170
1172	1171
4014	4013
4014	4015
4015	1173
4015	4016
1175	4015
1175	4017
4017	4016
4017	1174
4018	1176
4018	4019
1178	4019
1178	1177
4021	4020
4021	4022
4022	1179
4022	4023
951	4022
951	4024
4024	4023
4024	953
4025	1177
4025	4026
1181	4026
1181	1180
4028	4027
4028	4029
4029	1182
4029	4030
1184	4029
1184	4031
4031	4030
4031	1183
1187	4032
1187	4033
4033	1185
4033	1186
4035	4034
4035	4036
4036	1188
4036	4037
1190	4036
1190	4038
4038	4037
4038	1189
1193	4039
1193	4040
4040	1191
4040	1192
957	4041
957	4044
4044	4042
4044	4045
4045	4043
4045	4046
4046	1194
4046	959
1196	1192
1196	1195
4047	1197
4047	4048
963	4048
963	965
4049	1195
4049	4050
4051	4050
4051	4052
4053	4052
4053	4054
4055	4054
4055	4056
4057	4056
4057	4058
1199	4058
1199	1198
1202	1200
1202	1201
4059	1203
4059	4060
4061	4060
4061	4062
4063	4062
4063	4064
975	4064
975	977
1205	4065
1205	4066
4066	1201
4066	1204
978	4067
978	4068
4068	1206
4068	980
1208	4069
1208	4070
4070	1204
4070	1207
4072	4071
4072	4073
4073	1209
4073	4074
1211	4073
1211	4075
4075	4074
4075	1210
1214	4076
1214	4077
4077	1212
4077	1213
981	4078
981	4080
4080	4079
4080	4081
4081	1215
4081	983
4082	1213
4082	4083
1217	4083
1217	1216
4084	1218
4084	4085
1220	4085
1220	1219
1223	4086
1223	4087
4087	1221
4087	1222
996	4088
996	4089
4089	1224
4089	998
4090	1222
4090	4091
4092	4091
4092	4093
4094	4093
4094	4095
1226	4095
1226	1225
1229	4096
1229	4097
4097	1227
4097	1228
4098	1230
4098	4099
4100	4099
4100	4101
1014	4101
1014	1016
4103	4102
4103	4104
4104	1228
4104	4105
1232	4104
1232	4106
4106	4105
4106	1231
4107	1233
4107	4108
1235	4108
1235	1234
1238	4109
1238	4110
4110	1236
4110	1237
1241	4111
1241	4112
4112	1239
4112	1240
4113	1242
4113	4114
4115	4114
4115	4116
1017	4116
1017	1019
4118	4117
4118	4119
4119	1240
4119	4120
1023	4119
1023	4121
4121	4120
4121	1025
1244	1237
1244	1243
1247	1245
1247	1246
1250	1248
1250	1249
1026	4122
1026	4124
4124	4123
4124	4125
4125	1251
4125	1028
1253	4126
1253	4127
4127	1249
4127	1252
1256	4128
1256	4130
4130	4129
4130	4131
4131	1254
4131	1255
1029	4132
1029	4134
4134	4133
4134	4135
4135	1257
4135	1031
1259	4136
1259	4137
4137	1255
4137	1258
4138	1260
4138	4139
4140	4139
4140	4141
4142	4141
4142	4143
1262	4143
1262	1261
1035	4144
1035	4146
4146	4145
4146	4147
4147	1263
4147	1037
1265	4148
1265	4150
4150	4149
4150	4151
4151	1261
4151	1264
1268	4152
1268	4153
4153	1266
4153	1267
1271	4154
1271	4155
4155	1269
4155	1270
1274	4156
1274	4158
4158	4157
4158	4159
4159	1272
4159	1273
1038	4160
1038	4161
4161	1275
4161	1040
1053	4162
1053	4164
4164	4163
4164	4165
4165	1273
4165	1055
1277	4166
1277	4167
4167	1270
4167	1276
1280	4168
1280	4169
4169	1278
4169	1279
1283	4170
1283	4171
4171	1281
4171	1282
1286	4172
1286	4173
4173	1284
4173	1285
1059	4174
1059	4175
4175	1287
4175	1061
4176	1285
4176	4177
1289	4177
1289	1288
1292	1290
1292	1291
1062	1293
1062	1064
1295	1291
1295	1294
1065	4178
1065	4179
4179	1296
4179	1067
1298	4180
1298	4181
4181	1294
4181	1297
1074	1299
1074	1076
1301	4182
1301	4184
4184	4183
4184	4185
4185	1297
4185	1300
1086	4186
1086	4187
4187	1302
4187	1088
1089	1300
1089	1091
1304	1288
1304	1303
1307	4188
1307	4189
4189	1305
4189	1306
4190	1308
4190	4191
1310	4191
1310	1309
4193	4192
4193	4194
4194	1311
4194	4195
4196	4194
4196	4197
4197	4195
4197	4198
4199	4197
4199	4200
4200	4198
4200	4201
1313	4200
1313	4202
4202	4201
4202	1312
1316	4203
1316	4204
4204	1314
4204	1315
1319	4205
1319	4207
4207	4206
4207	4208
4208	1317
4208	1318
1095	1320
1095	1097
1101	4209
1101	4210
4210	1318
4210	1103
4211	1315
4211	4212
1322	4212
1322	1321
4214	4213
4214	4215
4215	1323
4215	4216
1325	4215
1325	4217
4217	4216
4217	1324
1328	1326
1328	1327
1331	4218
1331	4220
4220	4219
4220	4221
4221	1329
4221	1330
1334	4222
1334	4224
4224	4223
4224	4225
4225	1332
4225	1333
4229	4226
4229	4230
4230	4227
4230	4231
4231	4228
4231	4232
4232	1335
4232	4233
1337	4230
1337	4234
4234	4231
4234	4235
4235	4232
4235	4236
4236	4233
4236	1336
1340	4237
1340	4240
4240	4238
4240	4241
4241	4239
4241	4242
4242	1338
4242	1339
4243	1344
4243	4244
4243	1343
1345	4245
1345	4246
4246	1342
1104	4247
1104	4248
4248	1346
4248	1106
1348	4249
1348	4252
4252	4250
4252	4253
4253	4251
4253	4254
4254	1344
4254	1347
1107	4255
1107	4256
4256	1349
4256	1109
1351	4257
1351	4259
4259	4258
4259	4260
4260	1347
4260	1350
1113	1352
1113	1115
1354	4261
1354	4264
4264	4262
4264	4265
4265	4263
4265	4266
4266	1350
4266	1353
1357	4267
1357	4269
4269	4268
4269	4270
4270	1355
4270	1356
4273	4271
4273	4274
4274	4272
4274	4275
4275	1358
4275	4276
1360	4274
1360	4277
4277	4275
4277	4278
4278	4276
4278	1359
1363	4279
1363	4280
4280	1361
4280	1362
1125	4281
1125	4283
4283	4282
4283	4284
4284	1364
4284	1127
1366	1362
1366	1365
1369	1367
1369	1368
4285	1370
4285	4286
4287	4286
4287	4288
4289	4288
4289	4290
1372	4290
1372	1371
1375	4291
1375	4293
4293	4292
4293	4294
4294	1373
4294	1374
1378	4295
1378	4297
4297	4296
4297	4298
4298	1376
4298	1377
4299	1379
4299	4300
1128	4300
1128	1130
4303	4301
4303	4304
4304	4302
4304	4305
4305	1377
4305	4306
1381	4304
1381	4307
4307	4305
4307	4308
4308	4306
4308	1380
1384	4309
1384	4310
4310	1382
4310	1383
4313	4311
4313	4314
4314	4312
4314	4315
4315	1385
4315	4316
1131	4314
1131	4317
4317	4315
4317	4318
4318	4316
4318	1133
1387	4319
1387	4321
4321	4320
4321	4322
4322	1383
4322	1386
1390	1388
1390	1389
4323	1391
4323	4324
1393	4324
1393	1392
1134	1394
1134	1136
1396	1392
1396	1395
1258	4325
1258	4326
4326	1397
4326	1260
1399	1395
1399	1398
4327	1400
4327	4328
4329	4328
4329	4330
4331	4330
4331	4332
1402	4332
1402	1401
1405	1403
1405	1404
4333	1406
4333	4334
4335	4334
4335	4336
4337	4336
4337	4338
4339	4338
4339	4340
1408	4340
1408	1407
1264	4341
1264	4343
4343	4342
4343	4344
4344	1409
4344	1266
1411	4345
1411	4347
4347	4346
4347	4348
4348	1407
4348	1410
1279	1412
1279	1281
1414	4349
1414	4351
4351	4350
4351	4352
4352	1410
4352	1413
1417	4353
1417	4355
4355	4354
4355	4356
4356	1415
4356	1416
1420	4357
1420	4359
4359	4358
4359	4360
4360	1418
4360	1419
1282	1421
1282	1284
4362	4361
4362	4363
4363	1419
4363	4364
1303	4363
1303	4365
4365	4364
4365	1305
1423	4366
1423	4368
4368	4367
4368	4369
4369	1416
4369	1422
4370	1424
4370	4371
4372	4371
4372	4373
4374	4373
4374	4375
1426	4375
1426	1425
1306	4376
1306	4378
4378	4377
4378	4379
4379	1427
4379	1308
1429	4380
1429	4382
4382	4381
4382	4383
4383	1425
4383	1428
1432	4384
1432	4386
4386	4385
4386	4387
4387	1430
4387	1431
4389	4388
4389	4390
4390	1433
4390	4391
1309	4390
1309	4392
4392	4391
4392	1311
4394	4393
4394	4395
4395	1431
4395	4396
1435	4395
1435	4397
4397	4396
4397	1434
4398	1436
4398	4399
1324	4399
1324	1326
1438	1434
1438	1437
1327	4400
1327	4402
4402	4401
4402	4403
4403	1439
4403	1329
1441	4404
1441	4405
4405	1437
4405	1440
4406	1442
4406	4407
1444	4407
1444	1443
4409	4408
4409	4410
4410	1445
4410	4411
1447	4410
1447	4412
4412	4411
4412	1446
1330	1448
1330	1332
1333	4413
1333	4414
4414	1446
4414	1335
1450	4415
1450	4416
4416	1443
4416	1449
4418	4417
4418	4419
4419	1451
4419	4420
1453	4419
1453	4421
4421	4420
4421	1452
4422	1454
4422	4423
1456	4423
1456	1455
4425	4424
4425	4426
4426	1457
4426	4427
1459	4426
1459	4428
4428	4427
4428	1458
1336	1460
1336	1338
1339	1458
1339	1341
1462	1455
1462	1461
1465	4429
1465	4431
4431	4430
4431	4432
4432	1463
4432	1464
4433	1469
4433	4434
4433	1468
1470	4435
1470	4436
4436	1467
1473	4437
1473	4440
4440	4438
4440	4441
4441	4439
4441	4442
4442	1471
4442	1472
1476	4443
1476	4446
4446	4444
4446	4447
4447	4445
4447	4448
4448	1474
4448	1475
1353	4449
1353	4452
4452	4450
4452	4453
4453	4451
4453	4454
4454	1477
4454	1355
1479	4455
1479	4457
4457	4456
4457	4458
4458	1475
4458	1478
1356	1480
1356	1358
1482	4459
1482	4461
4461	4460
4461	4462
4462	1478
4462	1481
1485	1483
1485	1484
1368	4463
1368	4464
4464	1486
4464	1370
1488	4465
1488	4466
4466	1484
4466	1487
1491	4467
1491	4468
4468	1489
4468	1490
1494	4469
1494	4472
4472	4470
4472	4473
4473	4471
4473	4474
4474	1492
4474	1493
1371	4475
1371	4477
4477	4476
4477	4478
4478	1495
4478	1373
1497	1493
1497	1496
1500	4479
1500	4481
4481	4480
4481	4482
4482	1498
4482	1499
1503	4483
1503	4485
4485	4484
4485	4486
4486	1501
4486	1502
1506	4487
1506	4489
4489	4488
4489	4490
4490	1504
4490	1505
1374	4491
1374	4492
4492	1507
4492	1376
1509	4493
1509	4496
4496	4494
4496	4497
4497	4495
4497	4498
4498	1505
4498	1508
1512	4499
1512	4502
4502	4500
4502	4503
4503	4501
4503	4504
4504	1510
4504	1511
4505	1513
4505	4506
1515	4506
1515	1514
1518	4507
1518	4508
4508	1516
4508	1517
1521	1519
1521	1520
1380	4509
1380	4511
4511	4510
4511	4512
4512	1522
4512	1382
1524	4513
1524	4514
4514	1520
4514	1523
1527	4515
1527	4516
4516	1525
4516	1526
1530	1528
1530	1529
1533	4517
1533	4519
4519	4518
4519	4520
4520	1531
4520	1532
1386	4521
1386	4524
4524	4522
4524	4525
4525	4523
4525	4526
4526	1534
4526	1388
1536	1532
1536	1535
4527	1537
4527	4528
1401	4528
1401	1403
1539	1535
1539	1538
1542	4529
1542	4530
4530	1540
4530	1541
4532	4531
4532	4533
4533	1543
4533	4534
1545	4533
1545	4535
4535	4534
4535	1544
1548	4536
1548	4537
4537	1546
4537	1547
1422	4538
1422	4540
4540	4539
4540	4541
4541	1549
4541	1424
1551	4542
1551	4543
4543	1547
4543	1550
1554	4544
1554	4545
4545	1552
4545	1553
1557	4546
1557	4547
4547	1555
4547	1556
1560	4548
1560	4549
4549	1558
4549	1559
1563	4550
1563	4551
4551	1561
4551	1562
1566	4552
1566	4553
4553	1564
4553	1565
1428	4554
1428	4555
4555	1567
4555	1430
1569	4556
1569	4557
4557	1565
4557	1568
1572	4558
1572	4559
4559	1570
4559	1571
1575	4560
1575	4561
4561	1573
4561	1574
1440	4562
1440	4563
4563	1576
4563	1442
1578	1574
1578	1577
1581	1579
1581	1580
4564	1582
4564	4565
1584	4565
1584	1583
1587	4566
1587	4567
4567	1585
4567	1586
1590	1588
1590	1589
1449	4568
1449	4569
4569	1591
4569	1451
1593	4570
1593	4571
4571	1589
4571	1592
1596	4572
1596	4573
4573	1594
4573	1595
1599	4574
1599	4575
4575	1597
4575	1598
4577	4576
4577	4578
4578	1600
4578	4579
1602	4578
1602	4580
4580	4579
4580	1601
1605	4581
1605	4582
4582	1603
4582	1604
1608	4583
1608	4584
4584	1606
4584	1607
1452	1609
1452	1454
1611	4585
1611	4587
4587	4586
4587	4588
4588	1607
4588	1610
1461	4589
1461	4591
4591	4590
4591	4592
4592	1612
4592	1463
1614	1610
1614	1613
1464	4593
1464	4594
4594	1615
4594	1466
4596	4595
4596	4597
4597	1613
4597	4598
1617	4597
1617	4599
4599	4598
4599	1616
4601	4600
4601	4602
4602	1618
4602	4603
1620	4602
1620	4604
4604	4603
4604	1619
4606	4605
4606	4607
4607	1621
4607	4608
1623	4607
1623	4609
4609	4608
4609	1622
1626	4610
1626	4613
4613	4611
4613	4614
4614	4612
4614	4615
4615	1624
4615	1625
1629	1627
1629	1628
4617	4616
4617	4618
4618	1630
4618	4619
1632	4618
1632	4620
4620	4619
4620	1631
1469	1633
1469	1471
1472	1631
1472	1474
1635	1628
1635	1634
1638	4621
1638	4623
4623	4622
4623	4624
4624	1636
4624	1637
4625	1642
4625	4626
4625	1641
1643	4627
1643	4628
4628	1640
1646	4629
1646	4632
4632	4630
4632	4633
4633	4631
4633	4634
4634	1644
4634	1645
1649	4635
1649	4637
4637	4636
4637	4638
4638	1647
4638	1648
1481	4639
1481	4641
4641	4640
4641	4642
4642	1650
4642	1483
1648	1652
1654	1651
1655	1657
1659	1656
1662	4643
1662	4645
4645	4644
4645	4646
4646	1660
4646	1661
1487	1663
1487	1489
1490	4647
1490	4649
4649	4648
4649	4650
4650	1661
4650	1492
4654	4651
4654	4655
4655	4652
4655	4656
4656	4653
4656	4657
4657	1658
4657	4658
1665	4655
1665	4659
4659	4656
4659	4660
4660	4657
4660	4661
4661	4658
4661	1664
1668	4662
1668	4664
4664	4663
4664	4665
4665	1666
4665	1667
1496	4666
1496	4668
4668	4667
4668	4669
4669	1669
4669	1498
4670	1667
4670	4671
1671	4671
1671	1670
1674	4672
1674	4675
4675	4673
4675	4676
4676	4674
4676	4677
4677	1672
4677	1673
1677	1675
1677	1676
1680	4678
1680	4679
4679	1678
4679	1679
1683	1681
1683	1682
1499	1684
1499	1501
1502	1682
1502	1504
4680	1679
4680	4681
4682	4681
4682	4683
1686	4683
1686	1685
1689	4684
1689	4685
4685	1687
4685	1688
4686	1690
4686	4687
1508	4687
1508	1510
4689	4688
4689	4690
4690	1688
4690	4691
1692	4690
1692	4692
4692	4691
4692	1691
1695	4693
1695	4694
4694	1693
4694	1694
1511	4695
1511	4698
4698	4696
4698	4699
4699	4697
4699	4700
4700	1696
4700	1513
1698	4701
1698	4704
4704	4702
4704	4705
4705	4703
4705	4706
4706	1694
4706	1697
1701	1699
1701	1700
1704	1702
1704	1703
4707	1705
4707	4708
1707	4708
1707	1706
1514	1708
1514	1516
1710	1706
1710	1709
1713	4709
1713	4710
4710	1711
4710	1712
4712	4711
4712	4713
4713	1714
4713	4714
1716	4713
1716	4715
4715	4714
4715	1715
1719	4716
1719	4718
4718	4717
4718	4719
4719	1717
4719	1718
1526	4720
1526	4721
4721	1720
4721	1528
1722	1718
1722	1721
1529	4722
1529	4724
4724	4723
4724	4725
4725	1723
4725	1531
1725	4726
1725	4728
4728	4727
4728	4729
4729	1721
4729	1724
1538	1726
1538	1540
4732	4730
4732	4733
4733	4731
4733	4734
4734	1724
4734	4735
1728	4733
1728	4736
4736	4734
4736	4737
4737	4735
4737	1727
1731	1729
1731	1730
4738	1732
4738	4739
1556	4739
1556	1558
1734	1730
1734	1733
1583	4740
1583	4742
4742	4741
4742	4743
4743	1735
4743	1585
1737	4744
1737	4745
4745	1733
4745	1736
1740	4746
1740	4748
4748	4747
4748	4749
4749	1738
4749	1739
1743	1741
1743	1742
4750	1744
4750	4751
4752	4751
4752	4753
4754	4753
4754	4755
1595	4755
1595	1597
1746	1742
1746	1745
1749	4756
1749	4757
4757	1747
4757	1748
1752	1750
1752	1751
1755	4758
1755	4759
4759	1753
4759	1754
4761	4760
4761	4762
4762	1756
4762	4763
1758	4762
1758	4764
4764	4763
4764	1757
1598	4765
1598	4766
4766	1759
4766	1600
4767	1757
4767	4768
1761	4768
1761	1760
4769	1762
4769	4770
1601	4770
1601	1603
1764	1760
1764	1763
4771	1765
4771	4772
4773	4772
4773	4774
1767	4774
1767	1766
1770	4775
1770	4776
4776	1768
4776	1769
4778	4777
4778	4779
4779	1771
4779	4780
1773	4779
1773	4781
4781	4780
4781	1772
1776	4782
1776	4783
4783	1774
4783	1775
1619	4784
1619	4785
4785	1777
4785	1621
1779	4786
1779	4787
4787	1775
4787	1778
1782	4788
1782	4789
4789	1780
4789	1781
1785	4790
1785	4791
4791	1783
4791	1784
1788	4792
1788	4793
4793	1786
4793	1787
1791	4794
1791	4795
4795	1789
4795	1790
1622	4796
1622	4797
4797	1792
4797	1624
4798	1790
4798	4799
1794	4799
1794	1793
1637	4800
1637	4801
4801	1795
4801	1639
4803	4802
4803	4804
4804	1793
4804	4805
1797	4804
1797	4806
4806	4805
4806	1796
4808	4807
4808	4809
4809	1798
4809	4810
1800	4809
1800	4811
4811	4810
4811	1799
1803	4812
1803	4815
4815	4813
4815	4816
4816	4814
4816	4817
4817	1801
4817	1802
1806	1804
1806	1805
4819	4818
4819	4820
4820	1807
4820	4821
1809	4820
1809	4822
4822	4821
4822	1808
1642	1810
1642	1644
4823	1808
4823	4824
1812	4824
1812	1811
1645	1813
1645	1647
1653	4825
1653	4826
4826	1811
4826	1655
1815	1805
1815	1814
1818	4827
1818	4829
4829	4828
4829	4830
4830	1816
4830	1817
1821	4831
1821	4833
4833	4832
4833	4834
4834	1819
4834	1820
1824	4835
1824	4838
4838	4836
4838	4839
4839	4837
4839	4840
4840	1822
4840	1823
1664	4841
1664	4844
4844	4842
4844	4845
4845	4843
4845	4846
4846	1825
4846	1666
1827	4847
1827	4848
4848	1823
4848	1826
1670	4849
1670	4851
4851	4850
4851	4852
4852	1828
4852	1672
1830	4853
1830	4854
4854	1826
4854	1829
4855	1831
4855	4856
1833	4856
1833	1832
4858	4857
4858	4859
4859	1834
4859	4860
1836	4859
1836	4861
4861	4860
4861	1835
1839	1837
1839	1838
1842	4862
1842	4864
4864	4863
4864	4865
4865	1840
4865	1841
1845	4866
1845	4868
4868	4867
4868	4869
4869	1843
4869	1844
1846	1848
1850	1847
1853	4870
1853	4873
4873	4871
4873	4874
4874	4872
4874	4875
4875	1851
4875	1852
1856	4876
1856	4878
4878	4877
4878	4879
4879	1854
4879	1855
1673	4880
1673	4883
4883	4881
4883	4884
4884	4882
4884	4885
4885	1857
4885	1675
1859	4886
1859	4889
4889	4887
4889	4890
4890	4888
4890	4891
4891	1855
4891	1858
1860	1862
1864	1861
1867	4892
1867	4893
4893	1865
4893	1866
1676	4894
1676	4895
4895	1868
4895	1678
4898	4896
4898	4899
4899	4897
4899	4900
4900	1866
4900	4901
1870	4899
1870	4902
4902	4900
4902	4903
4903	4901
4903	1869
1873	4904
1873	4905
4905	1871
4905	1872
1685	4906
1685	4907
4907	1874
4907	1687
1876	1872
1876	1875
4908	1877
4908	4909
1879	4909
1879	1878
4910	1880
4910	4911
4912	4911
4912	4913
4914	4913
4914	4915
4916	4915
4916	4917
1882	4917
1882	1881
1885	4918
1885	4919
4919	1883
4919	1884
1691	4920
1691	4922
4922	4921
4922	4923
4923	1886
4923	1693
1888	4924
1888	4925
4925	1884
4925	1887
4926	1889
4926	4927
1891	4927
1891	1890
1697	4928
1697	4930
4930	4929
4930	4931
4931	1892
4931	1699
1894	4932
1894	4934
4934	4933
4934	4935
4935	1890
4935	1893
1897	4936
1897	4938
4938	4937
4938	4939
4939	1895
4939	1896
1900	1898
1900	1899
1700	4940
1700	4941
4941	1901
4941	1702
1903	1899
1903	1902
4942	1904
4942	4943
1906	4943
1906	1905
1909	1907
1909	1908
4944	1910
4944	4945
4946	4945
4946	4947
4948	4947
4948	4949
1912	4949
1912	1911
4950	1913
4950	4951
1703	4951
1703	1705
1709	1911
1709	1711
4952	1908
4952	4953
4954	4953
4954	4955
4956	4955
4956	4957
1915	4957
1915	1914
1918	4958
1918	4959
4959	1916
4959	1917
1921	4960
1921	4961
4961	1919
4961	1920
4962	1922
4962	4963
4964	4963
4964	4965
4966	4965
4966	4967
1712	4967
1712	1714
4970	4968
4970	4971
4971	4969
4971	4972
4972	1920
4972	4973
1715	4971
1715	4974
4974	4972
4974	4975
4975	4973
4975	1717
1924	4976
1924	4977
4977	1917
4977	1923
1739	4978
1739	4979
4979	1925
4979	1741
1745	1923
1745	1747
1927	4980
1927	4981
4981	1914
4981	1926
1748	1928
1748	1750
1930	4982
1930	4984
4984	4983
4984	4985
4985	1926
4985	1929
1933	1931
1933	1932
1751	1934
1751	1753
1936	1932
1936	1935
1939	4986
1939	4988
4988	4987
4988	4989
4989	1937
4989	1938
1766	4990
1766	4992
4992	4991
4992	4993
4993	1940
4993	1768
4994	1938
4994	4995
4996	4995
4996	4997
1942	4997
1942	1941
1945	4998
1945	4999
4999	1943
4999	1944
1778	5000
1778	5001
5001	1946
5001	1780
1781	1944
1781	1783
1948	5002
1948	5003
5003	1941
5003	1947
5004	1949
5004	5005
1951	5005
1951	1950
1954	1952
1954	1953
1784	1955
1784	1786
1787	1953
1787	1789
1957	1950
1957	1956
1960	5006
1960	5007
5007	1958
5007	1959
5008	1961
5008	5009
1963	5009
1963	1962
1796	5010
1796	5011
5011	1964
5011	1798
1966	5012
1966	5013
5013	1962
5013	1965
1969	5014
1969	5015
5015	1967
5015	1968
1972	5016
1972	5017
5017	1970
5017	1971
1975	5018
1975	5019
5019	1973
5019	1974
1799	5020
1799	5021
5021	1976
5021	1801
5022	1974
5022	5023
5024	5023
5024	5025
1817	5025
1817	1819
1978	1971
1978	1977
1981	1979
1981	1980
5026	1982
5026	5027
1984	5027
1984	1983
1987	5028
1987	5029
5029	1985
5029	1986
5030	1988
5030	5031
1990	5031
1990	1989
5033	5032
5033	5034
5034	1991
5034	5035
5036	5034
5036	5037
5037	5035
5037	5038
5039	5037
5039	5040
5040	5038
5040	5041
1993	5040
1993	5042
5042	5041
5042	1992
1996	5043
1996	5044
5044	1994
5044	1995
1820	1997
1820	1822
1829	1995
1829	1831
1832	1992
1832	1834
1999	5045
1999	5046
5046	1989
5046	1998
5048	5047
5048	5049
5049	2000
5049	5050
2002	5049
2002	5051
5051	5050
5051	2001
2005	5052
2005	5055
5055	5053
5055	5056
5056	5054
5056	5057
5057	2003
5057	2004
1835	2006
1835	1837
1838	5058
1838	5060
5060	5059
5060	5061
5061	2004
5061	1840
2008	5062
2008	5063
5063	2001
5063	2007
5064	2009
5064	5065
2011	5065
2011	2010
2014	5066
2014	5067
5067	2012
5067	2013
1841	2015
1841	1843
1844	5068
1844	5069
5069	2013
5069	1846
5071	5070
5071	5072
5072	2010
5072	5073
5074	5072
5074	5075
5075	5073
5075	5076
2017	5075
2017	5077
5077	5076
5077	2016
2020	5078
2020	5079
5079	2018
5079	2019
5080	2021
5080	5081
5082	5081
5082	5083
5084	5083
5084	5085
2023	5085
2023	2022
5087	5086
5087	5088
5088	2024
5088	5089
2026	5088
2026	5090
5090	5089
5090	2025
1849	2027
1849	1851
5091	2025
5091	5092
2029	5092
2029	2028
1852	2030
1852	1854
1858	5093
1858	5094
5094	2028
5094	1860
5095	2022
5095	5096
5097	5096
5097	5098
5099	5098
5099	5100
2032	5100
2032	2031
2035	5101
2035	5103
5103	5102
5103	5104
5104	2033
5104	2034
2038	5105
2038	5107
5107	5106
5107	5108
5108	2036
5108	2037
5111	5109
5111	5112
5112	5110
5112	5113
5113	2039
5113	5114
1863	5112
1863	5115
5115	5113
5115	5116
5116	5114
5116	1865
5117	2037
5117	5118
2034	5118
2034	2036
2041	5119
2041	5121
5121	5120
5121	5122
5122	2031
5122	2040
5123	2042
5123	5124
5125	5124
5125	5126
5127	5126
5127	5128
2044	5128
2044	2043
2047	5129
2047	5130
5130	2045
5130	2046
5131	2048
5131	5132
5133	5132
5133	5134
5135	5134
5135	5136
5137	5136
5137	5138
1878	5138
1878	1880
2050	2046
2050	2049
5139	2051
5139	5140
2053	5140
2053	2052
1881	2054
1881	1883
2056	2052
2056	2055
2059	2057
2059	2058
2062	5141
2062	5142
5142	2060
5142	2061
1887	5143
1887	5145
5145	5144
5145	5146
5146	2063
5146	1889
2065	5147
2065	5149
5149	5148
5149	5150
5150	2061
5150	2064
2068	5151
2068	5152
5152	2066
5152	2067
5153	2069
5153	5154
5155	5154
5155	5156
5157	5156
5157	5158
1893	5158
1893	1895
2071	5159
2071	5160
5160	2067
5160	2070
2074	5161
2074	5162
5162	2072
5162	2073
2077	5163
2077	5165
5165	5164
5165	5166
5166	2075
5166	2076
5169	5167
5169	5170
5170	5168
5170	5171
5171	2078
5171	5172
2080	5170
2080	5173
5173	5171
5173	5174
5174	5172
5174	2079
1896	5175
1896	5177
5177	5176
5177	5178
5178	2081
5178	1898
2083	2079
2083	2082
2086	5179
2086	5180
5180	2084
5180	2085
1902	2087
1902	1904
2089	5181
2089	5182
5182	2085
5182	2088
2092	5183
2092	5184
5184	2090
5184	2091
2095	5185
2095	5187
5187	5186
5187	5188
5188	2093
5188	2094
2098	5189
2098	5190
5190	2096
5190	2097
2101	5191
2101	5193
5193	5192
5193	5194
5194	2099
5194	2100
5196	5195
5196	5197
5197	2102
5197	5198
1905	5197
1905	5199
5199	5198
5199	1907
1929	5200
1929	5202
5202	5201
5202	5203
5203	2100
5203	1931
2104	5204
2104	5206
5206	5205
5206	5207
5207	2097
5207	2103
1935	5208
1935	5210
5210	5209
5210	5211
5211	2105
5211	1937
2094	2103
2094	2096
2107	2091
2107	2106
2110	5212
2110	5213
5213	2108
5213	2109
2113	2111
2113	2112
1947	5214
1947	5215
5215	2114
5215	1949
2116	2112
2116	2115
2119	2117
2119	2118
2122	5216
2122	5218
5218	5217
5218	5219
5219	2120
5219	2121
1956	5220
1956	5221
5221	2123
5221	1958
5222	2121
5222	5223
5224	5223
5224	5225
2125	5225
2125	2124
2128	5226
2128	5227
5227	2126
5227	2127
1968	5228
1968	5229
5229	2129
5229	1970
1977	2127
1977	1979
2131	5230
2131	5231
5231	2124
5231	2130
5232	2132
5232	5233
1980	5233
1980	1982
2134	5234
2134	5235
5235	2130
5235	2133
2137	2135
2137	2136
2140	2138
2140	2139
5237	5236
5237	5238
5238	2141
5238	5239
1983	5238
1983	5240
5240	5239
5240	1985
2143	5241
2143	5242
5242	2139
5242	2142
2146	5243
2146	5245
5245	5244
5245	5246
5246	2144
5246	2145
2149	5247
2149	5249
5249	5248
5249	5250
5250	2147
5250	2148
5251	2150
5251	5252
5253	5252
5253	5254
5255	5254
5255	5256
2152	5256
2152	2151
1986	5257
1986	5259
5259	5258
5259	5260
5260	2153
5260	1988
2155	5261
2155	5263
5263	5262
5263	5264
5264	2151
5264	2154
1998	5265
1998	5266
5266	2156
5266	2000
2158	5267
2158	5268
5268	2154
5268	2157
2161	5269
2161	5270
5270	2159
5270	2160
2164	5271
2164	5272
5272	2162
5272	2163
2167	5273
2167	5274
5274	2165
5274	2166
2007	5275
2007	5276
5276	2168
5276	2009
5277	2166
5277	5278
2170	5278
2170	2169
2173	2171
2173	2172
5279	2174
5279	5280
5281	5280
5281	5282
5283	5282
5283	5284
2176	5284
2176	2175
2179	2177
2179	2178
2182	5285
2182	5287
5287	5286
5287	5288
5288	2180
5288	2181
2185	5289
2185	5290
5290	2183
5290	2184
5291	2186
5291	5292
5293	5292
5293	5294
5295	5294
5295	5296
2016	5296
2016	2018
2019	5297
2019	5298
5298	2184
5298	2021
5301	5299
5301	5302
5302	5300
5302	5303
5303	2181
5303	5304
2040	5302
2040	5305
5305	5303
5305	5306
5306	5304
5306	2042
2188	5307
2188	5308
5308	2178
5308	2187
5309	2189
5309	5310
2191	5310
2191	2190
2043	2192
2043	2045
2194	2190
2194	2193
2197	5311
2197	5312
5312	2195
5312	2196
5313	2198
5313	5314
5315	5314
5315	5316
2058	5316
2058	2060
2200	5317
2200	5318
5318	2196
5318	2199
2203	5319
2203	5320
5320	2201
5320	2202
2148	5321
2148	5323
5323	5322
5323	5324
5324	2204
5324	2150
2206	5325
2206	5326
5326	2202
5326	2205
2209	5327
2209	5328
5328	2207
5328	2208
2212	5329
2212	5330
5330	2210
5330	2211
2215	5331
2215	5332
5332	2213
5332	2214
2218	5333
2218	5334
5334	2216
5334	2217
2157	5335
2157	5336
5336	2219
5336	2159
2160	2217
2160	2162
5337	2214
5337	5338
2172	5338
2172	2174
5339	2211
5339	5340
2221	5340
2221	2220
5341	2222
5341	5342
2175	5342
2175	2177
5343	2220
5343	5344
2187	5344
2187	2189
5345	2208
5345	5346
2193	5346
2193	2195
2199	2205
2199	2201
2163	2169
2163	2165
2224	5347
2224	5349
5349	5348
5349	5350
5350	2145
5350	2223
2064	5351
2064	5353
5353	5352
5353	5354
5354	2225
5354	2066
5355	2223
5355	5356
2227	5356
2227	2226
2230	5357
2230	5358
5358	2228
5358	2229
2070	2231
2070	2072
2073	2229
2073	2075
2133	2226
2133	2135
2136	2142
2136	2138
2233	5359
2233	5361
5361	5360
5361	5362
5362	2118
5362	2232
2076	5363
2076	5365
5365	5364
5365	5366
5366	2234
5366	2078
2115	2232
2115	2117
5367	2109
5367	5368
5369	5368
5369	5370
2082	5370
2082	2084
2088	2106
2088	2090
5371	2055
5371	5372
2049	5372
2049	2051
5374	5373
5374	5375
5375	1965
5375	5376
1959	5375
1959	5377
5377	5376
5377	1961
1869	1875
1869	1871
1802	5378
1802	5380
5380	5379
5380	5381
5381	1814
5381	1804
5383	5382
5383	5384
5384	1772
5384	5385
1769	5384
1769	5386
5386	5385
5386	1771
5387	1763
5387	5388
1754	5388
1754	1756
1727	5389
1727	5392
5392	5390
5392	5393
5393	5391
5393	5394
5394	1736
5394	1729
1625	5395
1625	5397
5397	5396
5397	5398
5398	1634
5398	1627
5399	1616
5399	5400
1604	5400
1604	1606
5402	5401
5402	5403
5403	1592
5403	5404
1586	5403
1586	5405
5405	5404
5405	1588
5406	1580
5406	5407
1559	5407
1559	1561
1571	1577
1571	1573
1562	1568
1562	1564
5408	1553
5408	5409
5410	5409
5410	5411
1541	5411
1541	1543
1544	1550
1544	1546
1517	1523
1517	1519
5413	5412
5413	5414
5414	1413
5414	5415
1404	5414
1404	5416
5416	5415
5416	1406
5417	1398
5417	5418
1389	5418
1389	1391
1359	1365
1359	1361
1312	1321
1312	1314
1267	1276
1267	1269
5419	2237
5419	5420
5419	2236
2238	2235
2239	2241
1137	2240
1246	2237
1246	1248
2243	1243
2243	2242
5421	2244
5421	5422
5423	5422
5423	5424
1143	5424
1143	1145
5425	2242
5425	5426
2246	5426
2246	2245
5430	5427
5430	5431
5431	5428
5431	5432
5432	5429
5432	5433
5433	2247
5433	5434
1152	5431
1152	5435
5435	5432
5435	5436
5436	5433
5436	5437
5437	5434
5437	1154
2249	5438
2249	5440
5440	5439
5440	5441
5441	2245
5441	2248
2252	5442
2252	5443
5443	2250
5443	2251
5444	2253
5444	5445
2255	5445
2255	2254
5447	5446
5447	5448
5448	2256
5448	5449
2258	5448
2258	5450
5450	5449
5450	2257
2261	2259
2261	2260
2264	5451
2264	5453
5453	5452
5453	5454
5454	2262
5454	2263
2267	5455
2267	5458
5458	5456
5458	5459
5459	5457
5459	5460
5460	2265
5460	2266
1168	5461
1168	5464
5464	5462
5464	5465
5465	5463
5465	5466
5466	2268
5466	1170
1171	2266
1171	1173
2270	5467
2270	5468
5468	2263
5468	2269
5470	5469
5470	5471
5471	2271
5471	5472
5473	5471
5473	5474
5474	5472
5474	5475
1183	5474
1183	5476
5476	5475
5476	1185
2273	2269
2273	2272
2276	5477
2276	5480
5480	5478
5480	5481
5481	5479
5481	5482
5482	2274
5482	2275
1198	5483
1198	5484
5484	2277
5484	1200
5486	5485
5486	5487
5487	2275
5487	5488
2279	5487
2279	5489
5489	5488
5489	2278
2282	5490
2282	5491
5491	2280
5491	2281
1207	5492
1207	5493
5493	2283
5493	1209
5494	2281
5494	5495
1210	5495
1210	1212
5497	5496
5497	5498
5498	2278
5498	5499
5500	5498
5500	5501
5501	5499
5501	5502
2285	5501
2285	5503
5503	5502
5503	2284
5504	2286
5504	5505
2288	5505
2288	2287
2291	5506
2291	5507
5507	2289
5507	2290
2294	2292
2294	2293
1216	2295
1216	1218
2297	2293
2297	2296
2300	5508
2300	5509
5509	2298
5509	2299
5511	5510
5511	5512
5512	2301
5512	5513
1219	5512
1219	5514
5514	5513
5514	1221
5516	5515
5516	5517
5517	2299
5517	5518
2303	5517
2303	5519
5519	5518
5519	2302
1225	5520
1225	5521
5521	2304
5521	1227
5522	2302
5522	5523
5524	5523
5524	5525
5526	5525
5526	5527
2306	5527
2306	2305
5528	2307
5528	5529
5530	5529
5530	5531
1231	5531
1231	1233
2309	2305
2309	2308
2312	2310
2312	2311
2315	5532
2315	5533
5533	2313
5533	2314
5534	2316
5534	5535
2318	5535
2318	2317
1234	5536
1234	5537
5537	2319
5537	1236
2321	5538
2321	5539
5539	2317
5539	2320
2248	5540
2248	5541
5541	2322
5541	2250
2314	5542
2314	5543
5543	2320
5543	2316
2324	2311
2324	2323
2251	2325
2251	2253
2327	5544
2327	5545
5545	2323
5545	2326
2254	2328
2254	2256
2330	5546
2330	5547
5547	2326
5547	2329
2284	5548
2284	5549
5549	2331
5549	2286
2333	2329
2333	2332
2287	5550
2287	5551
5551	2334
5551	2289
2308	5552
2308	5553
5553	2332
5553	2310
2290	5554
2290	5555
5555	2296
5555	2292
2336	5556
2336	5559
5559	5557
5559	5560
5560	5558
5560	5561
5561	2272
5561	2335
2257	2337
2257	2259
2260	5562
2260	5564
5564	5563
5564	5565
5565	2335
5565	2262
5566	1189
5566	5567
5568	5567
5568	5569
5570	5569
5570	5571
1186	5571
1186	1188
5572	1180
5572	5573
1174	5573
1174	1176
1155	5574
1155	5575
5575	1163
5575	1157
1116	5576
1116	5577
5577	1122
5577	1118
1005	5578
1005	5579
5579	1011
5579	1007
984	993
984	986
945	5580
945	5583
5583	5581
5583	5584
5584	5582
5584	5585
5585	948
5585	947
930	5586
930	5587
5587	936
5587	932
826	5588
826	5590
5590	5589
5590	5591
5591	844
5591	828
835	5592
835	5593
5593	841
5593	837
2339	729
2339	2338
717	5594
717	5596
5596	5595
5596	5597
5597	2340
5597	719
726	5598
726	5599
5599	2338
5599	728
620	629
620	622
590	5600
590	5602
5602	5601
5602	5603
5603	599
5603	592
5604	418
5604	5605
5606	5605
5606	5607
5608	5607
5608	5609
5610	5609
5610	5611
5612	5611
5612	5613
415	5613
415	417
358	364
358	360
2342	5614
2342	5615
5615	313
5615	2341
302	5616
302	5617
5617	2343
5617	304
310	5618
310	5620
5620	5619
5620	5621
5621	2341
5621	312
5623	5622
5623	5624
5624	99
5624	5625
5626	5624
5626	5627
5627	5625
5627	5628
96	5627
96	5629
5629	5628
5629	98
2345	5630
2345	5631
5631	45
5631	2344
5632	2346
5632	5633
5634	5633
5634	5635
33	5635
33	35
2348	5636
2348	5637
5637	2344
5637	2347
36	5638
36	5639
5639	2349
5639	38
39	2347
39	41
5640	6
5640	5641
5642	5641
5642	5643
5644	5643
5644	5645
3	5645
3	5
5646	2352
5647	2352
5648	2352
5649	2352
5650	2352
2350	2352
2353	5651
2353	5652
2353	5653
2353	5654
2353	5655
2353	2351
0	5691
5691	2414
2414	2
5691	2354
2354	1
5691	0
3	2359
3	2358
2358	4
6	2363
2363	2364
2363	7
9	2365
2365	11
2365	10
12	2366
12	13
15	2373
2373	16
18	2374
18	19
21	22
22	2379
2379	2455
2379	2380
2380	23
24	2386
2386	2387
2386	2385
2385	25
27	2391
2391	5692
5692	29
5692	2392
5692	28
5692	2391
30	2393
2393	5694
5694	2513
5694	5693
5693	2514
5693	2396
2396	32
5693	2395
5693	2394
5693	5694
5694	31
5694	2393
33	2402
33	2399
2399	2401
2399	2398
2398	2400
2398	2397
2397	34
36	2405
2405	38
2405	2404
2404	2406
2404	2403
2403	37
39	2408
39	2407
2407	40
42	2412
2412	2413
2412	43
45	46
46	47
48	49
51	52
54	55
57	2425
57	58
60	2427
2427	2428
2428	62
60	2426
2426	61
63	2430
2430	5695
5695	2433
5695	65
5695	2431
5695	64
5695	2429
5695	2430
66	2436
2436	2437
2436	2435
2435	68
2435	67
69	2440
2440	2441
2440	2439
2439	70
72	2442
2442	2443
2442	73
75	2444
2444	2445
2445	77
2444	76
78	2450
78	2449
2449	79
81	2451
2451	2452
2451	82
82	83
84	85
87	88
90	2456
2456	2457
2457	2574
2457	92
90	91
93	2459
2459	5696
5696	2592
5696	5697
5697	2593
5697	95
5697	2460
5697	94
5697	2458
5697	5696
5696	2459
96	2461
2461	98
2461	2462
2461	97
99	2470
2470	101
99	2469
2469	100
102	2474
2474	2475
2474	103
105	2478
105	2477
105	2476
2476	106
108	2480
2480	2479
2479	110
2479	109
111	112
112	2481
2481	2630
2481	2482
2482	113
114	2488
2488	5698
5698	2495
5698	116
5698	2489
5698	115
5698	2487
5698	2488
117	2490
2490	118
118	119
120	2500
120	2498
2498	2499
2498	2497
2497	121
5699	5701
123	5699
5699	2648
5699	5700
5700	2505
2505	125
5700	2504
5700	2503
5700	5701
5701	2501
2501	124
5701	2502
5701	5699
5699	123
126	2511
126	2508
2508	2510
2508	2507
2507	2509
2507	2506
2506	127
129	130
132	133
133	134
135	136
136	137
138	2524
2524	139
139	140
141	2527
141	2526
2526	142
144	2528
2528	146
2528	145
147	2532
2532	148
148	149
150	151
153	2539
153	154
156	2540
2540	2541
2540	157
159	160
162	163
165	166
168	169
169	170
171	2548
2548	2549
2549	173
171	2547
171	2546
2546	172
174	2552
2552	5702
5702	5657
5702	2551
2551	5704
5704	5658
5704	5703
5703	309
5703	2553
2553	176
5703	175
5703	5704
5704	2550
5704	2551
5702	2552
177	2554
2554	178
180	2555
180	181
183	2557
183	2556
2556	184
186	2558
2558	2559
2558	187
189	2563
2563	2564
2564	2754
2564	191
189	190
192	2568
192	2566
2566	2567
2566	2565
2565	193
195	2570
2570	2571
2570	2569
2569	197
2569	196
198	199
199	2579
2579	200
201	2581
201	2580
2580	202
204	2585
2585	5705
5705	206
5705	2586
5705	205
5705	2585
207	2589
2589	2590
2590	209
207	2587
2587	2588
2587	208
210	2598
2598	211
213	2601
213	214
216	2605
2605	217
219	220
220	2606
2606	2788
2606	2607
2607	221
222	5706
5706	226
226	224
5706	5656
5706	2609
2609	225
2609	2608
2608	223
5706	222
227	2613
227	226
226	5707
5707	2612
5707	2611
5707	5656
5656	225
225	2610
225	228
5707	226
230	2617
2617	2616
2616	5708
5708	2818
5708	232
5708	5709
5709	2618
5709	2614
2614	231
5709	2615
5709	2616
5709	5708
233	2619
2619	2620
2620	235
2619	234
5711	5712
236	2626
2626	5711
5711	2631
5711	5710
5710	2628
2628	238
5710	2627
5710	5712
5712	237
5712	2626
5712	5711
239	2634
2634	5713
5713	241
5713	2635
5713	2633
2633	240
5713	2634
242	2636
2636	2834
2636	243
243	244
245	246
248	249
251	252
252	2650
252	2645
2645	2649
2645	2646
2646	253
254	2654
2654	2656
2654	2653
2653	2655
2653	2652
2652	256
2652	255
257	2660
2660	2662
2660	2659
2659	2661
2659	2658
2658	258
260	2664
2664	2873
2664	2663
2663	2874
2663	261
261	262
263	264
264	2669
2669	2682
2669	265
266	2670
2670	2671
2670	267
269	2685
2685	5714
5714	271
5714	2686
5714	2684
2684	270
5714	2685
272	2690
2690	2691
2690	273
275	2693
2693	277
275	276
278	2697
2697	279
281	282
284	285
285	286
287	2701
2701	288
290	291
293	294
294	295
296	2709
2709	2710
2709	297
299	2722
2722	2723
2723	2962
2723	2724
2724	2963
2724	301
299	300
302	2727
2727	2726
2726	304
2726	2725
2725	2728
2725	303
305	5657
5657	5658
5658	2730
5658	309
309	307
305	2729
2729	308
2729	306
310	2733
2733	5621
2733	2732
2732	312
2732	311
313	2734
2734	315
313	314
316	2735
2735	2736
2735	317
319	2737
2737	3008
2737	320
320	2738
2738	3009
2738	321
322	2742
2742	2743
2742	323
323	324
5715	5716
325	2746
2746	5715
5715	5717
5717	2755
5717	327
5717	2748
5717	5716
5716	2747
5716	2745
2745	326
5716	5715
5715	2746
328	2750
2750	5718
5718	2751
5718	330
5718	329
5718	2749
5718	2750
331	2758
2758	333
2758	2757
2757	332
334	2759
334	335
337	2760
2760	338
340	2761
340	341
343	344
346	2765
2765	2766
2766	3051
2766	348
346	347
349	2770
349	2768
2768	2769
2768	2767
2767	350
352	2772
2772	3077
2772	2771
2771	354
2771	353
355	356
358	359
361	2777
2777	363
361	362
364	2781
364	2780
2780	365
367	2783
367	2782
2782	368
370	2784
2784	2785
2784	371
371	372
373	2789
2789	375
373	374
376	2798
2798	2799
2799	378
2798	377
379	2806
2806	380
382	2807
382	383
385	2814
2814	386
388	389
389	2815
2815	2820
2815	2816
2816	2819
2816	390
391	2824
2824	2823
2823	5719
5719	2827
5719	393
5719	2825
5719	2822
2822	392
5719	2823
394	2830
2830	3132
2830	2829
2829	3133
2829	395
395	396
397	2831
2831	2832
2832	399
397	398
400	2836
2836	401
401	402
403	404
404	2837
2837	405
406	2838
2838	407
409	410
412	413
415	2849
415	416
418	2856
2856	419
421	422
424	2857
2857	2858
2858	3172
2858	426
424	425
427	5720
5720	429
5720	2862
5720	2861
5720	2859
2859	428
5720	2860
5720	427
430	2864
2864	2992
2864	2863
2863	432
2863	431
433	2869
2869	2870
2870	2875
2870	2871
2871	435
433	434
436	2878
2878	2880
2878	2877
2877	2879
2877	437
5722	5723
439	2882
2882	5722
5722	2975
5722	5721
5721	441
5721	2883
5721	5723
5723	2881
2881	440
5723	2882
5723	5722
442	2886
442	2884
2884	2885
2884	443
445	2892
2892	2891
2891	2893
2893	447
2891	446
448	449
451	2916
451	452
454	2917
2917	455
457	458
460	461
463	464
464	465
466	467
469	470
472	2958
2958	2959
2959	2964
2959	2960
2960	474
472	473
475	2967
2967	2969
2967	2966
2966	2968
2966	476
478	2973
478	2971
2971	2972
2971	2970
2970	479
481	482
482	483
484	3001
484	2999
2999	3000
2999	2998
2998	485
487	3006
487	3003
3003	3005
3003	3002
3002	3004
3002	488
490	3010
3010	3011
3011	3196
3011	492
490	491
493	3013
3013	5724
5724	3015
3015	495
5724	3014
5724	3012
3012	494
5724	3013
496	3017
3017	3019
3017	3016
3016	3018
3016	497
499	3021
3021	3026
3021	3020
3020	5725
5725	501
5725	3022
5725	500
5725	3020
502	3024
502	3023
3023	503
505	3029
3029	3028
3028	3030
3028	506
506	507
508	3035
508	3033
3033	3034
3033	3032
3032	509
511	3037
3037	3039
3037	3036
3036	3038
3036	512
512	513
514	5727
5727	5726
5726	516
5726	3045
5726	3042
3042	3044
3042	3041
3041	515
5726	5727
5727	3043
5727	514
517	5728
5728	5729
5729	519
5729	3049
5729	3048
5729	3046
3046	518
5729	3047
5729	5728
5728	517
520	3053
3053	522
3053	521
523	524
524	525
526	3056
526	3055
3055	527
529	3057
3057	531
3057	530
532	533
533	3064
3064	534
535	3065
3065	5730
5730	3087
5730	3067
3067	537
5730	3066
5730	3065
3065	536
538	3075
538	3073
3073	3074
3073	3072
3072	539
541	542
542	3082
3082	3084
3082	543
544	3089
3089	3090
3090	546
3089	545
547	3092
547	3091
3091	548
550	3093
3093	3094
3093	551
553	3096
553	3095
3095	554
556	3098
556	3097
3097	557
559	3099
3099	3100
3099	560
560	561
562	3103
3103	3102
3102	3104
3102	563
563	564
565	3107
3107	3109
3107	3106
3106	3108
3106	566
568	572
572	3112
3112	570
568	3111
3111	5659
3111	571
3111	3110
3110	3114
3110	569
573	5731
5731	3118
5731	572
572	5659
5659	3117
5659	571
571	3116
571	3115
3115	574
5731	3113
5731	573
576	580
576	3121
3121	5660
3121	3120
3120	579
3120	3119
3119	577
5732	5735
5733	5735
5733	5736
5734	5738
5734	5739
5735	5739
5735	5740
5736	5740
5736	5741
5738	5742
5739	5742
5739	5743
5740	5743
5740	5744
5741	5744
581	5733
5733	5732
5732	746
5732	5668
5732	5734
5734	747
5734	5737
5737	3374
5737	583
5737	3124
5737	5742
5742	3123
5742	5743
5743	3122
5743	5744
5744	582
5744	579
5744	5741
5741	5660
5741	5736
5736	580
5736	5733
5733	581
584	3127
3127	3130
3127	3126
3126	3129
3126	3125
3125	3128
3125	585
587	588
588	3134
3134	589
590	3135
3135	5745
5745	5603
5745	3136
3136	592
5745	591
5745	3135
593	3138
593	3137
3137	594
596	3143
3143	598
596	597
599	3146
3146	5746
5746	5600
5746	3148
3148	601
5746	3147
5746	3146
3146	600
602	3150
3150	3157
3150	3149
3149	604
3149	603
605	3160
3160	3162
3160	3159
3159	3161
3159	606
608	3166
608	3164
3164	3165
3164	3163
3163	609
611	3168
3168	3169
3168	3167
3167	613
3167	612
614	3175
3175	3176
3176	3398
3176	616
614	615
617	3182
3182	5747
5747	619
5747	3183
5747	3181
3181	618
5747	3182
620	3186
3186	3187
3186	621
623	3190
623	3188
3188	3189
3188	624
626	3192
3192	3193
3192	3191
3191	628
3191	627
629	3197
629	630
632	3198
3198	633
635	3199
3199	3200
3200	637
635	636
638	3204
638	3202
3202	3203
3202	3201
3201	639
641	3206
3206	5748
5748	3213
5748	5749
5749	3212
5749	3207
3207	643
5749	642
5749	3205
5749	5748
5748	3206
5751	5752
644	5751
5751	5750
5750	3221
3221	646
5750	3220
5750	5752
5752	3219
5752	5753
5753	3218
5753	3215
3215	645
5753	3216
5753	5752
5752	5751
5751	3217
5751	644
647	3225
3225	3224
3224	3231
3224	3223
3223	3230
3223	3222
3222	649
3222	648
650	5754
5754	3238
5754	5755
5755	3237
5755	3234
3234	3236
3234	3233
3233	651
5755	3235
5755	5754
5754	650
653	3241
3241	3248
3241	3240
3240	3247
3240	3239
3239	3246
3239	654
654	655
656	3253
3253	5756
5756	3261
5756	3260
5756	5757
5757	3259
5757	5758
5758	658
5758	3254
5758	657
5758	3250
5758	5757
5757	3251
5757	5756
5756	3252
5756	3253
659	3267
659	3266
3266	663
3266	3265
3265	5661
3265	3264
3264	662
3264	3263
3263	3269
3263	660
5759	5762
5759	5763
5760	5763
5761	5765
5762	5765
5762	5766
5763	5766
5764	5768
5765	5768
664	3268
3268	5760
5760	5665
5760	5664
5760	5759
5759	5663
5759	5761
5761	5662
5761	5764
5764	670
5764	5767
5767	666
5767	3271
5767	5768
5768	665
5768	3270
5768	5765
5765	5766
5766	662
5766	5763
5763	5661
5763	663
5763	5760
5760	3268
667	3272
3272	3273
3272	668
672	671
671	5665
5665	3480
5665	5664
5664	674
5664	5663
5663	3276
5663	5662
5662	3275
5662	670
670	673
675	3278
3278	3494
3278	3277
3277	677
3277	676
678	3279
3279	680
678	679
681	3283
681	3282
3282	682
684	3285
684	3284
3284	685
687	3289
3289	3290
3289	688
690	691
693	3298
3298	3299
3299	3513
3299	3300
3300	3514
3300	695
693	694
696	3303
3303	3302
3302	3314
3302	3301
3301	698
3301	697
699	3317
3317	3546
3317	3316
3316	701
3316	700
702	703
703	3322
3322	704
705	3323
3323	3324
3324	707
3323	706
708	3328
3328	709
709	710
711	3332
3332	713
3332	712
714	3341
3341	3342
3342	716
714	3339
3339	3340
3339	715
717	3345
3345	5597
3345	3344
3344	719
3344	3343
3343	718
720	3346
720	721
723	3350
3350	724
726	727
727	3351
3351	728
729	3354
729	3352
3352	3353
3352	730
5769	5771
732	5769
5769	3579
5769	5770
5770	5772
5772	3580
5772	3362
3362	734
5772	3361
5772	5770
5770	5771
5771	733
5771	3359
5771	3360
5771	5769
5769	732
5774	5777
5774	5778
5775	5778
735	5773
5773	5777
5777	5776
5776	3382
5776	5779
5779	3381
5779	739
739	737
5779	5667
5779	5777
5777	5778
5778	5666
5778	5775
5775	738
5775	736
5775	3363
5775	5774
5774	3364
5774	5773
5773	735
5779	5776
740	739
739	5780
5780	742
5780	3368
5780	5667
5667	3367
5667	5666
5666	3366
5666	3365
5666	738
738	741
5780	739
743	3373
743	3372
3372	747
3372	3371
3371	5668
3371	3370
3370	746
3370	3375
3370	3369
3369	744
748	3377
3377	750
748	749
751	3386
3386	3385
3385	3391
3385	3384
3384	753
3384	752
754	5781
5781	756
5781	3396
5781	3393
3393	3395
3393	755
5781	3394
5781	754
757	5782
5782	3402
3402	3403
3403	3590
3403	759
5782	3401
5782	3400
3400	758
5782	757
760	3406
3406	3408
3406	3405
3405	3407
3405	3404
3404	761
763	3414
3414	3416
3416	765
3414	3413
3413	3415
3413	764
766	3422
3422	3423
3422	3421
3421	768
3421	767
769	3426
3426	3427
3426	3425
3425	770
772	773
773	3433
3433	3633
3433	3434
3434	774
775	3436
3436	5783
5783	3649
5783	5784
5784	3650
5784	3437
3437	777
5784	776
5784	5783
5783	3435
5783	3436
778	3444
3444	780
3444	779
781	3447
781	3446
3446	782
784	785
787	788
788	789
790	3458
3458	791
793	794
796	3459
796	797
799	3460
3460	800
800	801
802	3462
3462	3463
3462	803
805	3466
805	3465
805	3464
3464	806
808	3468
3468	3469
3468	3467
3467	809
811	3470
3470	5785
5785	3750
5785	3472
3472	813
5785	3471
5785	3470
3470	812
814	5786
5786	3761
5786	5788
5788	5787
5787	3762
5787	816
5787	3475
5787	5789
5789	815
5789	3473
5789	5788
5788	3474
5788	5786
5786	814
5789	5787
817	3478
817	3476
3476	3477
3476	818
820	3481
3481	3482
3482	3767
3482	3483
3483	3768
3483	822
820	821
823	3486
3486	5790
5790	825
5790	3488
5790	3485
3485	3484
3484	3487
3484	824
5790	3486
826	3490
3490	3489
3489	5591
3489	827
827	828
829	830
830	3491
3491	3495
3491	3492
3492	831
832	3498
3498	3500
3498	3497
3497	3499
3497	833
833	834
835	3504
3504	5791
5791	837
5791	3506
5791	3505
5791	3502
3502	836
5791	3503
5791	3504
838	3511
838	3508
3508	3510
3508	3507
3507	3509
3507	839
841	3515
3515	3516
3516	843
841	842
844	5793
5793	5671
5671	5588
5671	848
848	846
5793	5670
5793	5792
5792	5669
5792	3518
3518	3517
3517	847
3517	845
5792	844
5792	5793
849	848
848	5671
5671	851
5671	5670
5670	3521
5670	3520
5670	5669
5669	3519
5669	847
847	850
852	3527
852	3524
3524	3526
3524	3523
3523	3525
3523	3522
3522	853
855	3530
3530	3831
3530	3529
3529	3832
3529	3528
3528	857
3528	856
858	859
859	3537
3537	860
861	5795
5795	3540
3540	863
5795	3539
5795	5794
5794	862
5794	3538
5794	861
5794	5795
864	3550
3550	3551
3551	866
3550	865
867	3556
867	3555
3555	868
870	871
873	874
876	877
877	3558
3558	3853
3558	878
879	3559
3559	880
880	881
882	883
883	3562
3562	884
885	3572
3572	3573
3572	886
888	3574
3574	889
891	892
892	3575
3575	3582
3575	3576
3576	3581
3576	3577
3577	893
894	3586
3586	5796
5796	896
5796	3588
5796	3584
3584	3587
3584	895
5796	3585
5796	3586
897	3594
3594	3595
3595	899
897	3592
3592	3593
3592	898
900	3603
3603	5797
5797	902
5797	3605
5797	3604
5797	3601
3601	901
5797	3602
5797	3603
903	5798
5798	3609
3609	905
5798	3608
5798	3606
3606	904
5798	3607
5798	903
906	3611
3611	3610
3610	3614
3610	907
907	908
909	3617
3617	3619
3617	3616
3616	3618
3616	910
912	3621
3621	3620
3620	5799
5799	3625
5799	5800
5800	3624
5800	3622
3622	914
5800	913
5800	5799
5799	3620
915	5801
5801	5802
5802	917
5802	3631
5802	3627
3627	3630
3627	916
5802	3628
5802	5801
5801	3629
5801	915
918	3638
3638	5803
5803	3948
5803	3640
3640	920
5803	3639
5803	919
5803	3638
921	3642
3642	5804
5804	3986
5804	3643
3643	923
5804	922
5804	3641
5804	3642
924	3644
3644	3646
3646	3651
3646	3647
3647	926
3644	3645
3644	925
927	3654
3654	3656
3654	3653
3653	3655
3653	928
930	3658
3658	3657
3657	932
3657	931
933	934
936	3661
3661	3662
3662	938
936	937
939	5805
5805	3670
3670	941
5805	5806
5806	3669
5806	3667
3667	940
5806	3668
5806	5805
5805	939
5808	5810
5808	5811
942	3672
3672	5807
5807	5672
5807	5810
5810	5673
5810	5811
5811	5809
5809	5674
5809	1162
5809	3674
3674	944
5809	3673
5809	5811
5811	943
5811	5808
5808	3671
5808	5807
5807	3672
945	3680
3680	5584
3680	3679
3679	5585
3679	946
946	3681
3681	947
948	3688
3688	949
949	3689
3689	5581
3689	3690
3690	5580
3690	950
951	5812
5812	3695
3695	953
5812	3694
5812	3691
3691	3693
3691	952
5812	3692
5812	951
954	3698
3698	3697
3697	3707
3697	3696
3696	956
3696	955
957	3714
3714	5813
5813	4045
5813	4046
5813	5814
5814	959
5814	3715
5814	958
5814	3713
5814	5813
5813	3714
960	3716
3716	961
963	964
966	967
967	968
969	970
970	971
972	3726
3726	973
975	3729
975	3728
3728	976
978	3730
3730	979
979	980
981	3735
3735	3736
3736	4081
3736	983
981	982
984	3738
3738	3740
3738	3737
3737	3739
3737	985
987	3744
987	3742
3742	3743
3742	3741
3741	988
990	3746
3746	3747
3746	3745
3745	992
3745	991
993	994
996	997
997	3753
3753	998
999	3754
3754	1000
1000	1001
1002	1003
1003	3757
3757	3764
3757	3758
3758	3763
3758	3759
3759	1004
1005	3770
3770	1007
3770	1006
1008	3771
3771	1010
1008	1009
1011	3776
3776	1013
1011	3775
1011	3774
3774	1012
1014	3778
3778	3779
3778	3777
3777	1015
1017	3781
1017	3780
3780	1018
1020	3782
3782	3795
3782	1021
1021	3794
1021	3783
3783	1022
1023	3799
3799	1025
3799	3798
3798	3800
3798	3797
3797	1024
1026	3801
3801	4125
3801	1027
1027	1028
1029	3802
3802	3803
3803	4135
3803	3804
3804	1031
1029	1030
1032	3807
3807	3806
3806	3815
3806	3805
3805	3814
3805	1033
1033	1034
1035	3819
3819	4147
3819	3818
3818	5815
5815	1037
5815	3820
5815	3817
3817	1036
5815	3818
1038	5816
5816	3825
3825	1040
5816	3824
3824	1039
5816	1038
1041	3829
3829	1043
1041	3828
1041	3826
3826	3827
3826	1042
1044	3835
1044	3834
3834	1045
1047	3837
1047	3836
3836	1048
1050	3841
3841	3842
3841	1051
1053	5817
5817	3846
3846	4165
3846	3847
3847	1055
5817	1054
5817	1053
1056	3849
3849	3851
3849	3848
3848	3850
3848	1057
1059	3858
3858	1061
1059	1060
1062	3859
3859	3860
3859	1063
1065	3861
3861	3862
3862	1067
3861	1066
1068	5818
5818	3864
3864	1070
5818	1069
5818	3863
5818	1068
1071	3867
3867	3868
3868	1073
3867	1072
1074	3874
3874	1075
1077	3877
1077	1078
1080	3881
3881	1081
1083	1084
1084	1085
1086	1087
1087	3886
3886	1088
1089	3889
1089	3887
3887	3888
3887	1090
1092	3895
3895	3896
3896	1094
3895	3894
3894	1093
1095	3900
1095	3899
3899	1096
1098	3901
3901	5820
5820	5819
5819	3904
5819	1100
5819	3902
5819	5820
5820	1099
5820	3901
1101	5821
5821	3910
3910	1103
5821	3909
5821	3908
5821	3906
3906	1102
5821	3907
5821	1101
1104	5822
5822	1106
5822	3920
5822	5823
5823	3919
5823	3916
3916	1105
5823	3917
5823	5822
5822	3918
5822	1104
1107	3922
3922	5824
5824	1109
5824	3924
5824	3923
5824	3921
3921	1108
5824	3922
1110	3926
3926	3925
3925	3931
3925	1111
1111	1112
1113	3934
3934	3936
3934	3933
3933	3935
3933	1114
1116	3942
3942	5825
5825	1118
5825	3943
5825	3941
3941	1117
5825	3942
1119	3946
1119	3944
3944	3945
3944	1120
1122	3949
3949	1124
1122	1123
1125	3950
3950	3951
3951	4284
3951	3952
3952	1127
3950	1126
1128	3962
3962	3964
3962	3961
3961	3963
3961	1129
1131	3966
3966	3965
3965	4318
3965	1132
1132	1133
1134	3967
1134	1135
5827	5828
1137	5826
5826	5828
5828	5690
5828	5829
5829	2241
5829	3971
3971	1139
5829	3970
5829	3969
5829	5828
5828	5827
5827	1138
5827	3968
5827	5826
5826	1137
1140	3974
3974	3976
3974	3973
3973	3975
3973	3972
3972	1141
1143	1144
1146	1147
1147	1148
1149	3995
1149	3994
3994	1150
1152	3997
3997	3998
3998	5436
3998	3999
3999	5437
3999	1154
1152	1153
1155	4002
4002	4001
4001	1157
4001	4004
4001	4000
4000	4003
4000	1156
5831	5834
1158	5833
5833	5834
5834	4008
5834	5832
5832	4007
5832	1162
1162	1160
5832	5674
5832	5673
5832	5834
5834	5831
5831	5672
5831	5830
5830	1161
5830	4005
4005	1159
5830	4006
5830	5831
5831	5833
5833	1158
5837	5838
1163	5837
5837	1167
1167	1165
5837	5836
5836	5675
5836	5838
5838	4011
4011	5835
5835	1166
5835	1164
5835	4010
5835	4011
5838	4012
5838	5837
5837	1163
1168	1167
1167	5465
1167	5675
5675	5466
5675	1166
1166	1170
1166	1169
1171	4013
1171	1172
1174	4017
4017	1175
1177	4020
1177	1178
1180	4027
1180	1181
1183	4031
4031	4032
4032	1185
4031	1184
1186	4034
1186	4033
4033	1187
1189	4038
4038	4039
4038	1190
1192	4043
1192	4042
1192	4040
4040	4041
4040	1193
1195	1196
1198	1199
1199	1200
1201	1202
1202	1203
1204	4066
4066	4067
4067	1206
4066	1205
1207	4070
4070	4071
4071	1209
4070	1208
1210	4076
1210	4075
4075	1211
1213	4079
1213	4077
4077	4078
4077	1214
1216	1217
1219	1220
1220	4086
4086	1221
1222	4088
1222	4087
4087	1223
1225	4096
4096	1227
1225	1226
1228	4097
4097	1230
4097	1229
1231	4106
4106	1232
1234	1235
1235	4109
4109	1236
1237	4110
4110	4111
4110	1238
1240	4112
4112	1242
4112	1241
1243	1244
1246	1247
1249	4122
4122	4123
4123	1251
1249	1250
1252	4127
4127	2236
4127	5839
5839	5689
5839	2235
5839	4128
4128	4129
4129	1254
5839	1253
5839	4127
1255	5840
5840	4133
4133	1257
5840	4132
5840	4130
4130	1256
5840	4131
5840	1255
1258	4137
4137	1260
4137	1259
1261	4144
4144	4145
4145	4148
4145	1263
1261	1262
1264	4151
4151	5841
5841	4344
5841	4152
4152	1266
5841	4150
4150	1265
5841	4151
1267	4153
4153	4154
4153	1268
1270	5842
5842	4157
4157	1272
5842	4156
5842	4155
4155	1271
5842	1270
1273	4159
4159	5843
5843	4162
5843	5844
5844	4160
4160	1275
5844	1274
5844	4158
5844	5843
5843	4159
1276	4168
1276	4167
4167	1277
1279	4169
4169	4170
4169	1280
1282	4172
1282	4171
4171	1283
1285	4174
1285	4173
4173	1286
1288	1289
1291	1292
1294	1295
1295	4178
4178	1296
1297	4181
4181	4182
4181	1298
1298	1299
1300	4185
4185	4186
4185	4184
4184	1301
1303	4188
4188	1305
1303	1304
1306	4189
4189	4379
4189	1307
1307	1308
1309	1310
1310	4192
4192	1311
1312	4202
4202	4203
4202	1313
1315	4206
1315	4205
1315	4204
4204	1316
1318	4208
4208	4207
4207	1320
4207	1319
1321	4213
1321	1322
1324	4217
4217	1325
1327	4218
4218	4219
4219	4403
4219	1329
1327	1328
1330	4221
4221	4223
4221	4220
4220	4222
4220	1331
1333	5845
5845	4228
4228	1335
5845	4227
5845	4226
5845	4224
4224	1334
5845	4225
5845	1333
1336	4236
4236	4239
4236	4235
4235	4238
4235	4234
4234	4237
4234	1337
1339	4243
1339	4242
4242	1343
4242	5676
4242	4241
4241	1342
4241	4245
4241	4240
4240	1340
5846	5848
1344	4244
4244	5846
5846	4250
5846	4249
5846	5847
5847	1346
5847	4247
5847	4246
4246	1345
5847	1342
5847	5848
5848	5676
5848	1343
5848	4244
5848	5846
5849	5851
5849	5852
1347	4254
4254	5850
5850	4257
5850	5851
5851	1349
5851	4255
5851	5852
5852	1348
5852	4252
5852	5849
5849	4253
5849	5850
5850	4254
1350	4260
4260	4262
4260	4259
4259	4261
4259	1351
1351	1352
5853	5855
5853	5854
1353	4266
4266	5855
5855	4453
5855	5853
5853	4454
5853	1355
5853	4268
5853	5856
5856	4267
5856	4264
4264	1354
5856	5854
5854	4265
5854	4266
5854	5855
1356	4270
4270	4272
4270	4269
4269	4271
4269	1357
1359	4278
4278	4279
4278	4277
4277	1360
1362	4282
1362	4280
4280	4281
4280	1363
1365	1366
1368	1369
1369	1370
1371	1372
1372	4291
4291	4478
4291	4292
4292	1373
1374	4294
4294	5857
5857	1376
5857	4296
5857	5858
5858	4295
5858	4293
4293	1375
5858	4294
5858	5857
1377	4298
4298	4297
4297	4301
4297	1378
1378	1379
1380	4308
4308	4307
4307	4512
4307	4309
4309	1382
4307	1381
1383	5859
5859	4319
5859	4312
4312	1385
5859	4311
5859	4310
4310	1384
5859	1383
1386	4322
4322	4321
4321	4525
4321	1387
1387	4526
1387	1388
1389	1390
1392	1393
1395	4325
1395	1396
1398	1399
1401	1402
1404	1405
1405	1406
1407	1408
1408	4341
4341	4345
4341	4342
4342	1409
1410	4348
4348	4347
4347	4349
4347	1411
1411	1412
1413	4352
4352	4354
4354	1415
4352	4351
4351	4353
4351	1414
1416	4356
4356	5860
5860	4366
5860	4358
4358	1418
5860	4357
5860	4355
4355	1417
5860	4356
1419	4360
4360	4359
4359	1421
4359	1420
1422	4369
4369	4541
4369	4368
4368	1424
4368	1423
1425	1426
1426	4376
4376	4380
4376	4377
4377	1427
1428	5861
5861	4385
4385	1430
5861	5862
5862	4384
5862	4382
4382	1429
5862	4383
5862	5861
5861	1428
1431	4387
4387	4388
4388	1433
4387	4386
4386	1432
1434	4397
4397	1435
1437	4400
4400	4401
4401	1439
1437	1438
1440	4405
4405	1442
4405	1441
1443	4408
4408	1445
1443	1444
1446	4412
4412	1448
4412	1447
1449	4416
4416	4417
4417	1451
4416	1450
1452	4421
4421	1453
1455	4424
1455	1456
1458	4428
4428	1459
1461	4429
4429	4430
4430	4592
4430	1463
1461	1462
1464	5863
5863	4433
4433	1466
5863	1468
5863	5677
5863	5864
5864	1467
5864	4435
5864	4431
4431	1465
5864	4432
5864	5863
5863	1464
1469	4434
4434	4439
4434	1468
1468	4438
1468	5677
5677	1467
1467	4436
4436	4437
4436	1470
1472	4445
1472	4442
4442	4444
4442	4441
4441	4443
4441	4440
4440	1473
5865	5867
5865	5868
5866	5870
5867	5870
5867	5871
1475	5871
5871	5868
5868	4455
5868	1477
5868	5865
5865	4451
5865	4450
5865	5866
5866	4449
5866	5869
5869	4446
4446	1476
5869	4447
5869	5870
5870	4448
5870	5871
5871	1475
5871	5867
1478	4458
4458	4457
4457	4459
4457	1479
1479	1480
1481	4462
4462	4461
4461	4642
4461	1482
1482	1483
1484	1485
1485	4463
4463	1486
1487	4466
4466	4467
4466	1488
1490	5873
5873	5872
5872	4650
5872	4471
4471	1492
5872	4470
5872	5873
5873	4469
5873	4468
4468	1491
5873	1490
1493	4474
4474	4476
4474	4473
4473	4475
4473	4472
4472	1494
1496	1497
1497	4479
4479	4669
4479	4480
4480	1498
1499	4482
4482	4484
4482	4481
4481	4483
4481	1500
1502	4488
1502	4486
4486	4487
4486	4485
4485	1503
5874	5876
1505	4490
4490	5876
5876	4494
5876	5874
5874	4493
5874	4491
4491	1507
5874	5875
5875	1506
5875	4489
5875	5876
5876	4490
1508	4498
4498	4501
4498	4497
4497	4500
4497	4496
4496	4499
4496	1509
1511	4504
4504	4503
4503	4699
4503	4502
4502	4700
4502	1512
1512	1513
1514	4507
1514	1515
1517	4508
4508	1518
1520	4509
4509	4510
4510	1522
1520	1521
1523	4515
1523	4514
4514	1524
1526	4516
4516	1528
4516	1527
1529	4517
4517	4518
4518	4725
4518	1531
1529	1530
1532	4523
1532	4522
1532	4520
4520	4521
4520	4519
4519	1533
1535	1536
1538	4529
1538	1539
1541	4531
1541	4530
4530	1542
1544	4535
4535	4536
4535	1545
1547	4539
4539	1549
1547	4538
1547	4537
4537	1548
1550	4544
1550	4543
4543	1551
1553	4545
4545	4546
4545	1554
1556	4548
1556	4547
4547	1557
1559	4550
1559	4549
4549	1560
1562	4551
4551	4552
4551	1563
1565	4553
4553	4554
4554	1567
4553	1566
1568	4558
1568	4557
4557	1569
1571	4559
4559	4560
4559	1572
1574	4562
1574	4561
4561	1575
1577	1578
1580	1581
1583	1584
1584	4566
4566	4743
4566	1585
1586	4567
4567	1588
4567	1587
1589	1590
1590	4568
4568	1591
1592	4571
4571	4572
4572	1594
4571	1593
1595	4574
1595	4573
4573	1596
1598	4575
4575	4576
4576	1600
4575	1599
1601	4581
1601	4580
4580	1602
1604	4583
1604	4582
4582	1605
1607	4584
4584	4585
4584	1608
1608	1609
1610	4588
4588	4590
4588	4587
4587	4589
4587	1611
1613	1614
1614	4593
4593	1615
1616	4599
4599	4600
4599	1617
1619	4604
4604	4605
4605	1621
4604	1620
1622	4611
4611	4612
4612	1624
1622	4609
4609	4610
4609	1623
1625	4615
4615	5398
4615	4614
4614	1627
4614	4613
4613	1626
1628	4616
1628	1629
1631	4620
4620	1632
1634	4621
4621	4622
4622	5395
4622	1636
1634	1635
1637	5877
5877	4625
4625	1639
5877	1641
5877	5678
5877	1640
5877	4624
4624	4627
4624	4623
4623	1638
5877	1637
1642	4626
4626	4631
4626	1641
1641	4630
1641	5678
5678	1640
1640	4629
1640	4628
4628	1643
1645	4634
4634	4636
4634	4633
4633	4635
4633	4632
4632	1646
5879	5882
5880	5882
5880	5883
1648	5883
5883	5880
5880	5679
5880	5879
5879	5878
5878	1651
5878	1650
5878	4640
5878	5879
5879	4639
5879	5881
5881	1649
5881	4637
5881	5882
5882	4638
5882	5883
5883	1648
1653	5886
5886	5684
5684	1657
1657	1655
5886	5683
5886	5885
5885	5682
5885	5884
5884	5681
5884	5679
5679	1651
1651	5680
1651	1656
1651	1654
5884	1652
5884	5885
5885	5886
5886	1653
1658	1657
1657	5684
5684	4652
5684	5683
5683	4651
5683	5682
5682	1660
5682	5681
5681	4644
5681	5680
5680	4643
5680	1656
1656	1659
1661	4646
4646	4647
4646	4645
4645	1663
4645	1662
5888	5890
5888	5891
5888	5892
5889	5892
5891	5893
1664	5893
5893	5891
5891	4845
5891	5892
5892	4846
5892	5889
5889	1666
5889	4663
5889	4662
5889	5888
5888	5887
5887	1665
5887	4659
5887	5890
5890	4660
5890	4661
5890	5893
5893	1664
1667	4667
1667	4665
4665	4666
4665	4664
4664	1668
1670	4672
4672	4673
4673	4852
4673	4674
4674	1672
1670	1671
1673	4677
4677	4676
4676	4884
4676	4675
4675	4885
4675	1674
1674	1675
1676	1677
1677	4678
4678	1678
1679	4679
4679	1680
1682	1683
1685	1686
1686	4684
4684	1687
1688	4685
4685	1689
1689	1690
1691	4692
4692	5894
5894	4923
5894	4693
4693	1693
5894	1692
5894	4692
1694	5896
5896	4702
5896	5895
5895	4701
5895	4697
4697	1696
5895	4696
5895	4695
5895	5896
5896	4694
4694	1695
5896	1694
1697	4706
4706	4705
4705	4931
4705	4704
4704	1699
4704	1698
1700	1701
1701	1702
1703	1704
1706	1707
1709	4709
1709	1710
1712	4711
1712	4710
4710	1713
1715	4715
4715	5897
5897	4975
5897	4717
4717	1717
5897	4716
5897	4715
4715	1716
1718	4719
4719	4720
4719	4718
4718	1719
1721	1722
1722	4722
4722	4726
4722	4723
4723	1723
1724	4729
4729	4728
4728	4730
4728	1725
1725	1726
1727	4737
4737	5393
4737	4736
4736	5394
4736	1728
1728	1729
1730	1731
1733	4740
4740	4741
4741	1735
1733	1734
1736	4745
4745	5899
5899	5390
5899	4747
4747	5389
4747	1738
5899	5898
5898	4746
5898	1737
5898	4745
5898	5899
1739	4749
4749	1741
4749	4748
4748	1740
1742	1743
1745	4756
1745	1746
1748	4757
4757	1749
1751	4758
1751	1752
1754	4760
1754	4759
4759	1755
1757	4764
4764	4765
4764	1758
1760	1761
1763	1764
1766	1767
1767	4775
4775	4993
4775	1768
1769	4776
4776	1771
4776	4777
4776	1770
1772	4782
4782	1774
1772	4781
4781	1773
1775	4783
4783	4784
4784	1777
4783	1776
1778	4787
4787	4788
4788	1780
4787	1779
1781	4790
1781	4789
4789	1782
1784	4791
4791	4792
4791	1785
1787	4794
1787	4793
4793	1788
1790	4796
1790	4795
4795	1791
1793	4800
4800	1795
1793	1794
1796	4806
4806	5900
5900	4807
4807	1798
5900	1797
5900	4806
1799	4813
4813	4814
4814	1801
1799	4811
4811	4812
4811	1800
1802	4817
4817	4816
4816	5381
4816	4815
4815	1804
4815	1803
1805	4818
1805	1806
1808	4822
4822	1809
1811	1812
1812	1813
1814	4827
4827	4828
4828	5378
4828	1816
1814	1815
1817	4830
4830	4832
4830	4829
4829	4831
4829	1818
1820	4837
1820	4834
4834	4836
4834	4833
4833	4835
4833	1821
5901	5904
5901	5905
5902	5905
1823	5905
5905	5902
5902	1825
5902	4843
5902	5901
5901	4842
5901	5903
5903	4841
5903	4838
4838	1824
5903	4839
5903	5904
5904	4840
5904	5905
5905	1823
1826	5906
5906	4850
4850	1828
5906	4849
5906	4848
4848	1827
5906	1826
1829	4854
4854	1830
1832	4857
1832	1833
1835	4861
4861	1836
1838	1839
1839	4862
4862	5061
4862	4863
4863	1840
1841	4865
4865	4867
4865	4864
4864	4866
4864	1842
1844	1848
1848	1846
1844	5685
1844	4869
4869	1847
4869	4868
4868	1845
1849	1848
1848	4872
1848	5685
5685	4871
5685	1847
1847	4870
1847	1850
1852	4875
4875	4877
4875	4874
4874	4876
4874	4873
4873	1853
5908	5910
5910	5911
5910	5912
1855	4879
4879	5912
5912	5910
5910	4887
5910	5908
5908	4886
5908	5907
5907	1857
5907	4882
5907	4881
5907	5909
5909	4880
5909	5911
5911	1856
5911	4878
5911	5912
5912	4879
5907	5908
1858	5916
5916	1862
1862	1860
5916	5688
5916	5915
5915	5687
5915	5914
5914	5686
5914	5913
5913	1861
5913	4889
4889	1859
5913	5914
5914	4890
5914	4891
5914	5915
5915	5916
5916	1858
1863	1862
1862	5688
5688	5116
5688	5687
5687	1865
5687	5686
5686	4892
5686	1861
1861	1864
1866	4893
4893	4896
4893	4894
4894	1868
4893	1867
1869	4903
4903	4904
4903	4902
4902	1870
1872	4906
1872	4905
4905	1873
1875	1876
1878	1879
1881	4918
1881	1882
1884	4920
4920	4921
4921	1886
1884	4919
4919	1885
1887	4925
4925	5146
4925	1888
1888	1889
1890	1891
1891	4928
4928	4932
4928	4929
4929	1892
1893	4937
1893	4935
4935	4936
4935	4934
4934	1894
1896	4939
4939	4938
4938	5178
4938	1897
1897	1898
1899	4940
1899	1900
1902	1903
1905	1906
1906	1907
1908	1909
1911	1912
1914	1915
1915	4958
4958	1916
1917	4959
4959	4960
4960	1919
4959	1918
1920	4961
4961	4968
4961	1921
1921	1922
1923	4977
4977	4978
4977	1924
1926	4981
4981	4982
4981	1927
1927	1928
1929	4985
4985	4984
4984	5203
4984	1930
1930	1931
1932	1933
1935	4986
4986	4987
4987	5211
4987	1937
1935	1936
1938	4989
4989	4991
4989	4988
4988	4990
4988	1939
1941	4998
4998	1943
1941	1942
1944	4999
4999	5000
4999	1945
1947	5003
5003	1949
5003	1948
1950	1951
1953	1954
1956	1957
1957	5006
5006	1958
1959	5007
5007	1961
5007	1960
1962	5010
5010	1964
1962	1963
1965	5013
5013	5014
5014	1967
5013	1966
1968	5015
5015	5016
5016	1970
5015	1969
1971	5018
1971	5017
5017	1972
1974	5020
1974	5019
5019	1975
1977	1978
1980	1981
1983	5028
5028	1985
1983	1984
1986	5029
5029	5260
5029	1987
1987	1988
1989	1990
1990	5032
5032	1991
1992	5042
5042	5043
5042	1993
1995	5044
5044	1996
1998	5046
5046	5917
5917	2000
5917	5047
5917	1999
5917	5046
2001	5053
5053	5054
5054	2003
2001	5052
2001	5051
5051	2002
2004	5057
5057	5056
5056	5058
5056	5055
5055	2006
5055	2005
2007	5063
5063	2009
5063	2008
2010	5066
5066	2012
2010	2011
2013	5067
5067	2015
5067	2014
2016	5078
2016	5077
5077	2017
2019	5079
5079	2021
5079	2020
2022	5086
2022	2023
2025	5090
5090	2026
2028	2029
2029	2030
2031	5918
5918	5101
5101	5119
5101	5102
5102	2033
5918	2032
5918	2031
2034	5106
2034	5104
5104	5105
5104	5103
5103	2035
2037	5108
5108	5110
5108	5107
5107	5109
5107	2038
2040	5122
5122	5306
5122	5121
5121	2042
5121	2041
2043	5129
2043	2044
2046	5130
5130	2047
2049	2050
2052	2053
2055	2056
2058	5141
2058	2059
2061	5142
5142	5919
5919	5147
5919	5144
5144	2063
5919	5143
5919	5142
5142	2062
2064	5150
5150	5149
5149	5354
5149	5151
5151	2066
5149	2065
2067	5152
5152	2068
2068	2069
2070	5160
5160	5161
5160	2071
2073	5164
2073	5163
2073	5162
5162	2074
5921	5922
2076	5922
5922	5921
5921	5366
5921	5168
5168	2078
5921	5167
5921	5920
5920	2077
5920	5165
5920	5922
5922	5166
5922	2076
2079	5176
2079	5174
5174	5923
5923	5175
5923	5173
5173	2080
5923	5174
2082	5179
2082	2083
2085	5180
5180	2086
2086	2087
2088	5182
5182	5183
5182	2089
2091	5186
2091	5184
5184	5185
5184	2092
2094	5188
5188	5189
5188	5187
5187	2095
2097	5924
5924	5925
5925	5204
5925	5192
5192	2099
5925	5191
5925	5924
5924	5190
5190	2098
5924	2097
2100	5194
5194	5193
5193	5926
5926	5200
5926	2102
5926	5195
5926	2101
5926	5193
2103	5209
2103	5207
5207	5208
5207	5206
5206	2104
2106	5212
2106	2107
2109	5213
5213	2110
2112	5214
2112	2113
2115	2116
2118	5216
5216	5217
5217	5359
5217	2120
2118	2119
2121	5219
5219	5220
5219	5218
5218	2122
2124	5226
5226	2126
2124	2125
2127	5227
5227	5228
5227	2128
2130	5231
5231	2132
5231	2131
2133	5235
5235	2134
2136	2137
2139	5236
5236	2141
2139	2140
2142	5244
2142	5242
5242	5243
5242	2143
2145	5246
5246	5927
5927	5347
5927	5248
5248	2147
5927	5247
5927	5245
5245	2146
5927	5246
2148	5250
5250	5324
5250	5249
5249	2150
5249	2149
2151	2152
2152	5257
5257	5261
5257	5258
5258	2153
2154	5264
5264	5265
5265	2156
5264	5263
5263	2155
2157	5268
5268	5269
5269	2159
5268	2158
2160	5271
2160	5270
5270	2161
2163	5272
5272	5273
5272	2164
2166	5275
2166	5274
5274	2167
2169	2170
2172	2173
2175	2176
2178	5285
5285	5286
5286	2180
2178	2179
2181	5288
5288	5287
5287	5299
5287	5289
5289	2183
5287	2182
2184	5290
5290	2185
2185	2186
2187	5308
5308	2188
2190	2191
2193	5311
2193	2194
2196	5312
5312	2197
2197	2198
2199	5318
5318	5319
5318	2200
2202	5322
5322	2204
2202	5321
2202	5320
5320	2203
2205	5327
2205	5326
5326	2206
2208	5328
5328	5329
5328	2209
2211	5331
2211	5330
5330	2212
2214	5333
2214	5332
5332	2215
2217	5334
5334	5335
5334	2218
2220	2221
2223	5352
2223	5350
5350	5351
5350	5349
5349	2224
2226	5357
2226	2227
2229	5358
5358	2230
2232	5364
2232	5362
5362	5363
5362	5361
5361	2233
2237	5420
5420	2241
5420	2236
2236	5690
2236	5689
5689	2235
2235	2240
2235	2238
2242	2243
2245	5427
5427	5428
5428	5438
5428	5429
5429	2247
2245	2246
2248	5441
5441	5928
5928	2250
5928	5442
5928	5440
5440	2249
5928	5441
2251	5443
5443	2252
2254	5446
2254	2255
2257	5450
5450	2258
2260	2261
2261	5451
5451	5565
5451	5452
5452	2262
2263	5456
5456	5457
5457	2265
2263	5929
5929	5455
5929	5453
5453	2264
5929	5454
5929	2263
2266	5460
5460	5463
5460	5459
5459	5462
5459	5458
5458	5461
5458	2267
2269	5468
5468	5469
5468	2270
2272	5477
5477	5478
5478	5557
5478	5479
5479	5556
5479	2274
2272	2273
2275	5482
5482	5481
5481	2277
5481	5483
5481	5480
5480	2276
2278	5489
5489	5490
5490	2280
5489	2279
2281	5492
2281	5491
5491	2282
2284	5503
5503	2285
2285	2286
2287	2288
2288	5506
5506	2289
2290	5507
5507	2292
5507	2291
2293	2294
2296	5508
5508	2298
2296	2297
2299	5509
5509	5510
5510	2301
5509	2300
2302	5520
2302	5519
5519	2303
2305	2306
2308	2309
2309	2310
2311	5532
2311	2312
2314	5533
5533	2316
5533	2315
2317	2318
2318	5536
5536	2319
2320	5930
5930	5540
5540	2322
5930	5539
5539	2321
5930	2320
2323	2324
2324	2325
2326	5545
5545	2327
2327	2328
2329	5548
2329	5547
5547	2330
2332	5550
5550	2334
2332	2333
2335	5561
5561	5560
5560	5562
5560	5559
5559	2337
5559	2336
2338	5594
5594	5595
5595	2340
2338	2339
2341	5615
5615	5931
5931	5618
5931	5616
5616	2343
5931	2342
5931	5615
2344	5631
5631	2345
2345	2346
2347	5637
5637	5638
5637	2348
5934	5935
5932	5935
5935	5936
5941	5942
5934	5942
5942	5943
5935	5943
5936	5943
5943	5944
5937	5944
5939	5945
5940	5945
5941	5945
5942	5945
5943	5945
5944	5945
5939	2375
2375	5938
2375	19
19	16
16	5937
16	2370
2370	5936
2370	5933
2370	2367
2367	13
13	5932
13	10
10	7
7	5934
7	2360
2360	5941
2360	4
4	5940
4	2355
2355	5939
2355	0
0	2375
5946	5949
5949	5644
5644	2419
2419	55
55	52
52	5946
52	2417
2417	2415
2415	5949
2415	5948
5948	2357
2357	3
3	5644
5948	1
5948	44
5948	2415
2417	49
49	46
5644	2421
5644	5642
5642	2423
5642	5640
5640	58
5640	61
5640	8
8	9
9	64
5	2362
2362	5950
5950	5643
5950	5641
5950	6
5950	2362
67	11
67	65
82	79
79	2372
79	2446
2446	2369
2446	76
76	73
73	14
73	70
70	68
21	83
83	17
5951	5954
5955	5953
5953	5954
5953	5956
5956	5957
5955	5958
5955	5956
5956	5959
5958	5960
5958	5959
5960	2377
2377	2
2	43
43	5957
43	2409
2409	5954
2409	40
40	5952
40	37
37	34
34	5951
34	28
28	2388
2388	5955
2388	25
25	5958
25	2381
2381	5960
2381	20
20	2377
2381	22
34	31
118	2483
2483	109
109	5961
5961	24
5961	5962
5962	2384
5962	2471
2471	100
100	23
100	2466
2466	81
2466	80
2466	2463
2463	85
2463	97
97	88
97	94
94	91
5962	103
5962	106
5962	5961
5961	109
2483	112
118	115
119	2492
2492	2390
2492	26
127	29
124	121
121	29
121	117
121	116
2345	5964
5964	2519
2519	2517
2517	5963
5963	5634
5963	130
130	2515
2515	33
2515	128
128	32
5963	133
5963	2517
5964	2521
5964	136
5964	48
5964	47
5964	2345
2348	5965
5965	35
5965	5635
5965	5633
5965	2348
2348	2346
2349	38
45	5966
5966	42
5966	2411
5966	2347
2347	41
5966	2344
5966	45
139	2418
139	137
137	50
145	5968
5968	54
5968	5967
5967	53
5967	140
5967	142
5967	5968
5968	145
151	5969
5969	5970
5970	2535
5970	5971
5971	2424
2424	57
5971	2422
5971	2420
5971	2530
2530	56
5971	5970
5970	5969
5969	146
5969	148
5969	151
157	59
157	154
154	2536
154	2537
2537	2534
2537	152
66	5972
5972	62
5972	160
160	158
5972	163
5972	166
5972	69
5972	66
169	167
167	72
167	71
187	5975
5975	74
5975	2544
5975	5974
5974	170
5974	5973
5973	172
5973	178
178	175
5973	181
5973	5974
5974	184
5974	5975
5975	187
84	2561
2561	2448
2561	188
188	77
196	193
193	5976
5976	86
5976	2562
5976	186
5976	185
5976	190
5976	193
197	89
5979	5980
5977	5980
5980	205
205	2582
2582	202
202	2577
2577	5977
2577	2575
2575	5979
2575	194
194	195
195	93
93	208
208	5980
208	205
195	92
202	199
5981	5985
5985	5986
5983	5990
5990	5991
5993	5994
5985	5994
5986	5994
5994	5995
5987	5995
5988	5995
5989	5995
5989	5990
5990	5996
5991	5996
5992	5996
5993	5996
5994	5996
5995	5996
5985	5626
5626	5623
5623	5992
5623	101
101	5991
101	2473
2473	5984
2473	102
102	217
217	5983
217	2602
2602	5989
2602	214
214	5988
214	2599
2599	5987
2599	211
211	5986
211	2595
2595	5982
2595	209
209	5981
209	95
95	96
96	5626
5626	5985
98	2465
2465	5997
5997	5625
5997	2468
2468	99
5997	2465
218	104
5998	6001
6002	6000
6000	6001
6000	6004
6002	6006
6006	6003
6003	6004
6003	6007
6007	6008
6009	6010
6005	6010
6006	6010
6006	6007
6010	2604
2604	216
216	6008
216	107
107	6004
107	108
108	6001
108	2621
2621	5999
2621	234
234	231
231	5998
231	228
228	6002
228	223
223	6005
6005	6006
223	6009
223	220
220	215
215	2604
2604	6010
237	2623
2623	110
237	235
120	2643
2643	2641
2641	2486
2641	2639
2639	113
2639	2637
2637	238
2637	243
243	240
120	246
120	249
252	250
250	122
129	255
255	253
253	125
125	126
267	2667
2667	6012
6012	132
6012	6013
6013	131
6013	258
258	256
6013	6011
6011	261
6011	2665
6011	6012
6012	2667
6011	6013
267	264
6015	6016
6017	6018
6015	6018
6018	2678
2678	2676
2676	6014
2676	2674
2674	134
134	2518
2518	6015
2518	2520
2520	6017
2520	2522
2522	6018
2522	6019
6019	2680
2680	2678
6019	141
6019	138
6019	135
6019	2522
2676	268
6021	6022
6021	6023
6023	144
144	147
147	273
273	2687
2687	6020
2687	270
270	265
265	2677
2677	2679
2679	6021
2679	2681
2681	6023
2681	143
143	144
265	266
153	279
279	6025
6025	150
6025	6024
6024	149
6024	274
6024	276
6024	2694
6024	6025
6025	279
159	6026
6026	155
6026	280
6026	282
6026	2698
2698	285
6026	159
286	2702
294	291
291	2704
2704	162
2704	2702
2702	2699
2699	161
2702	286
168	297
297	2707
2707	164
297	295
168	171
300	306
6029	6030
6027	6030
6030	174
174	2720
2720	2718
2718	6027
2718	2716
2716	2714
2714	6029
2714	2712
2712	298
298	173
173	6030
173	174
174	306
306	300
307	314
323	2739
2739	176
2739	307
2739	317
317	314
2739	320
329	324
324	179
329	326
189	182
189	330
6033	6034
6031	6034
6034	2578
2578	338
338	335
335	6031
335	332
332	327
327	328
328	6033
328	191
191	2576
2576	6034
2576	2578
191	192
2578	341
2578	198
356	2773
2773	353
353	350
350	344
344	2763
2763	201
2763	200
2763	342
350	347
362	6035
6035	2584
6035	203
6035	2776
6035	357
6035	359
6035	362
210	363
363	206
206	207
210	365
210	368
210	371
219	2600
219	372
372	212
374	221
374	369
369	370
6041	6042
6036	6042
6039	6045
6045	6046
6040	6046
6046	6047
6041	6047
6042	6047
6042	6043
6043	6048
6045	6049
6046	6049
6047	6049
6047	6048
6049	375
375	224
224	6044
224	227
227	386
386	2811
2811	6038
6038	6043
2811	2808
2808	6037
6037	6042
2808	383
383	380
380	6036
380	2803
2803	6040
6040	6041
2803	2800
2800	6039
2800	377
377	2795
2795	6045
2795	2792
2792	375
375	6049
389	387
387	229
236	232
239	390
390	232
239	392
398	393
393	241
398	395
410	6052
6052	6054
6054	2841
6054	2644
2644	245
6054	2642
6054	6051
6051	2640
6051	6053
6053	2638
6053	401
401	399
399	244
6053	404
6053	6050
6050	407
6050	410
6050	6052
6050	6051
6051	6054
6050	6053
251	247
251	2842
251	6055
6055	2840
6055	2843
2843	411
6055	2845
6055	254
254	2847
254	257
257	413
6055	251
428	2865
434	6057
6057	2853
2853	2850
2850	416
416	259
416	414
6057	6056
6056	419
6056	422
6056	425
6056	2865
2865	428
6056	2867
6056	6057
6057	434
269	446
446	2668
446	2887
2887	6059
6059	2666
6059	6058
6058	262
6058	435
6058	443
443	437
443	440
6058	2887
6058	6059
275	2896
2896	2689
2896	447
447	271
281	2914
2914	2696
2914	2912
2912	6062
6062	277
6062	6061
6061	2898
6061	6060
6060	445
6060	2904
2904	2902
2902	2890
2902	2900
2900	444
2900	449
6060	2906
6060	2908
6060	6061
6061	2910
6061	6062
6062	2912
287	283
6064	6065
6065	6066
6064	6068
6068	6069
6069	6070
6065	6070
6070	6071
6071	6072
6073	6067
6067	6068
6067	6075
6075	6076
6068	6076
6076	6077
6069	6077
6077	6078
6078	6079
6070	6079
6079	6080
6071	6080
6074	6075
6076	6081
6081	6082
6077	6082
6082	6083
6078	6083
6083	6084
6084	6085
6079	6085
6085	6086
6082	6087
6087	6088
6083	6088
6088	6089
6084	6089
6089	6090
6085	6090
6090	6091
6087	6092
6092	6093
6088	6093
6093	6094
6089	6094
6094	6095
6090	6095
6092	6096
6093	6096
6096	6097
6094	6097
6097	6098
6097	6099
6099	287
287	461
461	2932
2932	6095
2932	2930
2930	6091
2930	2928
2928	6086
2928	2926
2926	6080
2926	6072
2926	2924
2924	2922
2922	6066
2922	6063
2922	2920
2920	2918
2918	6064
2918	6073
2918	458
458	455
455	452
452	450
450	6074
6074	6067
450	2901
2901	6075
2901	2903
2903	6076
2903	2905
2905	6081
2905	2907
2907	6082
2907	6087
2907	2909
2909	2911
2911	6092
2911	2913
2913	6096
2913	2915
2915	6097
2915	6099
2915	283
283	287
467	2934
2934	6100
6100	2938
6100	2940
6100	2705
2705	290
6100	2703
6100	289
6100	462
6100	2934
467	464
6107	6109
6109	2713
2713	6106
6106	2944
2944	2942
2942	6107
2942	2937
2937	2939
2939	2941
2941	6109
2941	292
292	293
293	296
296	2713
2942	468
6106	6105
6105	2946
6105	6103
6103	2948
6103	6102
6102	2950
6102	6101
6101	2952
2952	470
6101	2954
6101	6102
6102	2956
6102	6104
6104	473
6104	299
6104	2721
6104	6102
6102	6103
6103	2719
6103	2717
6103	6105
6105	2715
6105	6106
6106	2713
2342	315
315	301
315	316
316	474
316	2990
2990	2988
2988	476
2988	2986
2986	479
2986	438
438	439
310	304
310	2343
2341	312
488	2991
2991	318
488	485
485	6110
6110	2989
6110	2866
2866	2987
2866	2868
2868	436
2868	433
6110	432
6110	2994
6110	485
6111	6113
6113	497
497	494
494	491
491	6111
491	489
489	321
321	2741
2741	6113
2741	322
322	503
503	497
503	500
322	331
322	325
504	333
506	501
501	336
501	502
343	509
509	340
509	507
507	339
343	512
518	515
515	345
515	513
524	521
521	519
519	348
539	6115
6115	6114
6114	351
6114	525
6114	527
6114	3058
3058	530
6114	6115
6115	6116
6116	3060
6116	3062
6116	3068
3068	536
536	533
6116	6115
6115	539
6119	6120
6117	6120
6120	2794
2794	2797
2797	3080
3080	6117
3080	3078
3078	355
355	358
358	6119
358	366
366	6120
366	367
367	373
373	2794
3078	2774
3078	540
540	354
2797	542
2797	376
364	360
560	557
557	554
554	2805
554	551
551	2802
551	548
548	534
534	378
534	543
534	535
548	545
563	561
561	381
6121	6126
6126	6127
6122	6127
6125	6126
6126	6128
6128	6129
6129	394
394	585
585	6123
585	582
582	577
577	6122
577	574
574	6121
574	569
569	6124
6124	6125
6124	384
384	2810
2810	2813
2813	6128
6128	6126
2813	385
385	6129
385	388
388	391
391	394
6124	564
6124	566
6124	569
400	396
400	586
400	3139
3139	588
3139	594
594	591
597	6130
6130	402
6130	3141
6130	597
597	595
6132	6134
6134	6133
6133	3153
3153	3151
3151	6132
3151	603
603	600
600	598
598	6134
598	405
405	406
406	6133
406	3155
3155	3153
6137	6138
6138	5612
5612	5610
5610	3154
3154	3156
3156	6137
3156	408
408	409
409	2844
2844	6138
2844	2846
2846	2848
2848	5612
2848	412
412	415
5610	5608
5608	3152
5608	6135
6135	604
6135	606
6135	609
6135	5606
5606	5604
5604	612
5604	421
5604	420
6135	5608
6141	6142
6139	6142
6141	6143
6143	2852
2852	2855
2855	6140
2855	418
418	5605
5605	5607
5607	6139
5607	5609
5609	6141
5609	5611
5611	6143
5611	5613
5613	417
417	2852
613	423
6145	6146
6146	3177
3177	615
615	3173
3173	6145
3173	610
610	611
611	426
426	6146
426	427
427	618
618	3177
430	619
621	627
484	6147
6147	430
6147	619
6147	621
6147	627
6147	484
448	441
448	451
451	480
477	478
478	453
482	471
471	2953
2953	2955
2955	6148
6148	457
6148	456
6148	475
6148	2957
2957	472
6148	2955
463	6154
6154	2933
2933	460
6154	2931
6154	6153
6153	2929
6153	6152
6152	2927
6152	6151
6151	2925
6151	6150
6150	2923
6150	6149
6149	2921
6149	2919
6149	2977
2977	459
6149	483
6149	6150
6150	2979
6150	6151
6151	2982
6151	6152
6152	6153
6153	463
6153	6154
6156	6157
6158	6159
6156	6159
6159	6160
6161	6162
6158	6162
6162	6160
6162	2947
2947	2949
2949	6157
2949	2951
2951	6155
2951	469
469	481
481	2981
2981	6156
2981	6158
2981	2984
2984	6161
2984	465
465	466
466	2943
2943	6162
2943	2945
2945	2947
490	486
490	628
625	633
642	639
639	6164
6164	493
6164	6163
6163	492
6163	626
6163	625
6163	633
6163	6164
6164	636
6164	639
6167	6168
6165	6168
6168	3226
3226	648
648	6165
648	3210
3210	495
495	6167
495	496
496	3228
3228	6168
3228	3226
648	645
645	643
505	3244
3244	3229
3229	498
3244	3242
3242	3227
3242	6169
6169	649
6169	651
6169	654
6169	3242
505	508
6170	6173
6171	6173
6173	511
511	514
514	3255
3255	657
657	6171
657	655
655	6170
655	3243
3243	3245
3245	6173
3245	510
510	511
520	3257
3257	516
520	668
668	660
660	658
668	665
526	669
669	522
679	6174
6174	528
6174	667
6174	673
673	666
6174	676
6174	679
688	532
688	6178
6178	3063
6178	6177
6177	3061
6177	6176
6176	6175
6175	3059
6175	531
6175	680
6175	6176
6176	682
6176	685
6176	3286
6176	6177
6177	6178
6178	688
541	537
537	3071
3071	3079
3071	538
689	546
686	6179
6179	3294
6179	6180
6180	3296
6180	550
6180	549
6180	3288
3288	687
6180	6179
6179	686
697	694
694	6181
6181	3293
3293	3306
3293	3308
3293	3295
3295	3310
3295	3297
3297	3312
3297	553
3297	552
6181	684
6181	683
6181	691
6181	694
6184	6185
6182	6185
6184	6186
6186	3329
3329	709
709	6183
709	3325
3325	706
706	3320
3320	6182
3320	3318
3318	6184
3318	3307
3307	3309
3309	3311
3311	6186
3311	3313
3313	3329
3313	555
555	556
3318	3305
3318	700
700	698
706	703
562	6187
6187	558
6187	3330
6187	710
6187	712
6187	562
562	565
713	567
6189	6193
6193	6194
6190	6194
6194	6191
6191	6192
6191	6196
6197	6198
6193	6198
6194	6198
6198	6195
6195	6196
6195	6199
6199	6200
6197	6201
6198	6201
6198	6199
6199	6202
6201	6202
6201	711
711	570
570	573
573	6200
573	724
724	3347
3347	6196
3347	6192
3347	721
721	718
718	6188
718	715
715	6190
715	3336
3336	6189
3336	707
707	3327
3327	6193
3327	6197
3327	708
708	6201
708	711
725	575
6206	6207
6203	6207
6207	6208
6204	6208
6206	6209
6209	6210
6207	6210
6210	744
744	741
741	736
736	6205
736	3355
3355	730
730	6204
730	6203
730	727
727	722
722	3349
3349	6206
3349	6209
3349	723
723	578
578	581
581	6210
581	744
736	733
587	6211
6211	583
6211	745
6211	749
6211	587
601	589
601	6214
6214	750
6214	6212
6212	740
6212	737
6212	3387
3387	752
6212	3389
6212	6213
6213	605
6213	602
6213	6214
6214	601
6213	6212
596	599
599	592
614	3388
3388	3390
3390	608
3390	607
614	755
755	753
631	617
631	6217
6217	3180
6217	6216
6216	6215
6215	616
6215	761
761	756
761	758
6215	3409
6215	6216
6216	764
6216	3417
6216	6218
6218	767
6218	632
6218	631
6218	6217
6218	6216
623	629
770	634
770	768
779	637
779	3429
3429	771
779	3441
3441	3431
3441	3438
3438	773
3438	776
644	782
782	640
782	780
650	3455
3455	3453
3453	3449
3449	783
783	646
3453	3451
3451	785
650	788
656	797
797	794
794	791
791	652
791	789
656	800
656	659
672	6219
6219	661
6219	801
6219	803
6219	806
6219	809
6219	815
815	812
6219	818
6219	672
830	821
821	819
819	674
830	824
830	827
681	677
681	690
690	831
690	833
839	692
839	834
839	836
6222	6223
6223	3533
3533	3531
3531	853
853	850
850	6221
6221	6222
6221	695
695	696
696	699
699	6223
699	3541
3541	3535
3535	3533
3541	862
862	859
6221	840
6221	842
6221	845
6221	850
3531	856
863	6224
6224	3321
6224	3319
6224	3544
3544	701
6224	863
714	868
868	3552
3552	865
865	860
860	705
860	704
860	861
6226	6229
6227	6229
6227	6228
6229	717
717	2339
2339	3566
3566	3563
3563	6225
3563	883
883	6227
883	3560
3560	6226
3560	871
871	869
869	716
716	6229
716	717
3560	874
3560	880
880	877
2339	731
731	3569
731	886
731	3358
3358	889
3358	732
732	892
726	2340
2340	719
2338	728
751	734
751	893
751	895
751	754
754	757
748	742
907	901
901	3596
3596	760
3596	898
898	759
898	896
907	904
913	6231
6231	6230
6230	3412
6230	3613
3613	762
6230	908
6230	910
6230	6231
6231	913
769	3430
3430	6233
6233	3420
6233	6232
6232	765
6232	914
6232	916
6232	772
6232	3432
6232	6233
6233	3430
925	3635
3635	774
3635	917
925	919
925	922
6234	6236
6236	3659
3659	934
934	931
931	928
928	6234
928	926
926	777
777	3440
3440	6236
3440	3443
3443	6237
6237	3659
6237	784
6237	3450
6237	778
778	781
6237	3443
6241	6242
6239	6242
6242	3701
3701	3699
3699	955
955	3685
3685	6239
3685	786
786	3452
3452	3454
3454	6241
3454	3456
3456	3705
3705	3703
3703	6242
3703	3701
3456	787
787	790
3685	3682
3682	3660
3682	935
3682	6238
6238	937
6238	3663
6238	3675
3675	940
3675	943
6238	946
6238	3682
955	952
952	949
961	6245
6245	6244
6244	793
6244	792
6244	3706
6244	6245
6245	3704
6245	6243
6243	3702
6243	3700
6243	3709
3709	956
6243	958
6243	961
6243	6245
970	6247
6247	6246
6246	796
6246	795
6246	3718
6246	962
6246	3719
6246	6247
6247	964
6247	3721
6247	967
6247	970
802	6248
6248	798
6248	3724
6248	971
6248	973
6248	802
974	804
991	988
988	6249
6249	807
6249	972
6249	969
6249	6252
6252	6251
6251	968
6251	976
6251	979
6251	3731
6251	6252
6252	3733
6252	6250
6250	982
6250	985
6250	988
6250	6249
6250	6252
992	810
1003	3755
3755	989
989	813
989	990
3755	994
3755	3751
3755	1000
1000	997
820	1004
1004	816
1009	6253
6253	822
6253	6254
6254	1002
6254	3756
6254	6253
6253	1001
6253	1006
6253	1009
846	1010
1010	825
846	849
849	3790
3790	1012
3790	1015
3790	3787
3787	3784
3784	1018
3784	1021
832	828
832	843
843	844
832	835
841	837
1033	6255
6255	6256
6256	3810
6256	3786
3786	3812
3786	3789
3789	3792
3792	852
3792	851
6256	1022
6256	1024
6256	6255
6255	1030
1030	1027
6255	1033
6257	6259
6259	1042
1042	1039
1039	3821
3821	1036
1036	1034
1034	6257
1034	3809
3809	3811
3811	6259
3811	3813
3813	855
855	1042
3813	854
6261	6262
6262	3838
3838	1048
1048	1045
1045	1043
1043	6261
1043	857
857	3532
3532	3534
3534	6262
3534	3536
3536	6263
6263	3838
6263	1051
6263	864
6263	858
6263	3536
870	3554
870	1052
1052	866
1049	6264
6264	873
6264	872
6264	1050
6264	3840
6264	1049
1057	3845
3845	875
1057	1047
1057	1046
1057	1054
1069	6265
6265	3854
3854	878
3854	1058
6265	3856
6265	1060
6265	1063
6265	1066
6265	1069
1072	6266
6266	3561
6266	881
6266	1070
6266	1072
6267	6271
6271	6272
6269	6273
6273	6270
6270	6271
6270	6275
6275	6276
6271	6276
6276	6277
6273	6278
6278	6274
6274	6275
6274	6279
6279	6280
6275	6280
6280	6281
6276	6281
6278	6279
6279	6282
6282	6283
6280	6283
6283	1081
1081	3878
3878	6277
3878	1078
1078	6272
1078	3875
3875	6268
3875	1075
1075	6267
1075	3871
3871	6269
3871	1073
1073	884
884	6273
884	6278
884	3565
3565	3568
3568	6279
3568	6282
3568	3571
3571	6283
3571	885
885	1081
1084	3882
3882	887
3882	1082
894	1085
1085	890
894	897
6289	6290
6285	6290
6290	6291
6286	6291
6287	6291
6289	6292
6292	6293
6290	6293
6293	3600
3600	6288
3600	900
900	1093
1093	3890
3890	6287
3890	6286
3890	1090
1090	6285
1090	6284
6284	3880
3880	6289
3880	1080
1080	6292
1080	3883
3883	6293
3883	1083
1083	899
899	3600
6284	1079
6284	1087
6284	1090
1096	903
1096	1094
1094	902
909	6294
6294	1100
1100	905
6294	1102
6294	3911
6294	3929
3929	3927
3927	1105
3927	1111
1111	1108
6294	909
915	6297
6297	6296
6296	911
6296	3930
6296	3928
6296	6297
6297	6295
6295	1114
1114	1112
6295	3937
6295	3637
3637	1117
3637	918
918	1120
6295	6297
6297	915
1141	1129
1129	3957
3957	3981
3957	3953
3953	921
3953	1126
1126	1123
1123	920
1123	1121
1141	1132
1141	1135
1141	1138
927	923
927	3991
3991	3984
3991	3989
3989	3980
3989	1144
1144	3987
3987	1142
3989	1147
938	6298
6298	3992
3992	929
6298	3990
6298	6299
6299	1148
6299	1150
6299	3666
3666	939
6299	6298
6298	938
936	932
1159	1153
1153	1151
1151	941
1159	1156
6301	6302
6302	6303
6303	6304
6304	6305
6305	6306
6306	6301
6301	6308
6308	6309
6309	6310
6302	6310
6310	6311
6311	6312
6303	6312
6307	6308
6309	6313
6313	6314
6310	6314
6314	6315
6313	6316
6316	6315
6316	4021
4021	1178
1178	4018
4018	6312
6312	6311
4018	1175
1175	4014
4014	6304
4014	6305
4014	1172
1172	6306
1172	1169
1169	1164
1164	6307
6307	6301
1164	1160
1160	944
944	3678
3678	6308
3678	6309
3678	945
945	6313
945	6316
945	950
950	4021
950	951
947	6317
6317	6318
6318	3687
6318	3684
6318	6317
6317	947
6323	6324
6319	6324
6324	6325
6326	6327
6321	6327
6327	6328
6322	6328
6323	6328
6328	6329
6324	6329
6329	6330
6326	6331
6331	6332
6327	6332
6328	6332
6332	6333
6329	6333
6331	6334
6332	6334
6334	1190
1190	4035
4035	6330
4035	1187
1187	1184
1184	4028
4028	6325
4028	1181
1181	6320
1181	4025
4025	6319
4025	1179
1179	4023
4023	6322
6322	6323
4023	6321
4023	953
953	954
954	6326
954	3712
3712	6331
3712	957
957	1193
1193	6334
1193	1190
963	4047
4047	1196
1196	960
1196	1194
1194	959
975	4063
4063	3722
4063	965
4063	6335
6335	4048
6335	4049
4049	1197
6335	4051
6335	4061
4061	4053
4061	4055
4061	4059
4059	4057
4059	1202
1202	1199
6335	4063
6336	6338
6338	977
977	978
978	1205
1205	1203
1203	4060
4060	6336
4060	4062
4062	6338
4062	4064
4064	977
1214	3734
1214	1211
1211	4072
4072	3732
4072	1206
1206	980
4072	1208
995	6340
6340	983
6340	1215
6340	4082
6340	4084
4084	1217
6340	6339
6339	1220
6339	3752
3752	1223
3752	996
6339	995
6339	6340
993	986
6342	6344
6344	6343
6344	6346
6346	6345
6346	6347
6346	4090
4090	999
999	1005
1005	6345
1005	1013
1013	1014
1014	6343
1014	4100
4100	6341
4100	4098
4098	6342
4098	1229
1229	1226
1226	4094
4094	6344
4094	4092
4092	6346
4092	4090
4090	998
4090	1224
1011	1007
1241	4107
4107	1232
1232	4103
4103	4115
4103	4099
4099	4101
4101	1017
4101	1016
4103	1230
1241	1238
1238	1235
1023	4116
4116	1019
1023	4118
4118	4114
4118	1242
1250	1247
1247	4120
4120	1025
1247	1240
1247	1244
1244	1239
1256	1028
1256	1251
1256	1253
1262	1032
1262	4142
4142	6349
6349	1031
6349	6348
6348	1257
6348	1259
6348	4138
6348	4140
6348	6349
6349	4142
1037	1265
1274	3823
1274	1271
1271	1268
1268	1265
1265	1037
1044	1040
1044	1053
1053	1275
1059	1286
1286	6351
6351	3855
6351	6350
6350	6352
6352	1056
6352	1055
6352	1273
6352	1272
6352	1277
6352	6350
6350	1280
6350	1283
6350	6351
6351	1286
1292	6353
6353	6354
6354	1061
6354	1287
6354	4176
6354	6353
6353	1289
6353	1292
1295	1293
1293	1064
1071	3873
3873	1067
3873	1296
3873	1074
1074	1298
1086	1301
1301	3876
1301	1299
1299	1076
1302	1088
1316	1095
1095	1316
1316	3893
1316	1313
1313	1091
1313	4199
4199	1300
4199	4196
4196	6357
6357	1297
6357	6355
6355	1294
6355	1291
6355	4190
4190	1290
4190	1307
1307	1304
6355	6356
6356	1310
6356	4193
6356	6357
6357	4196
6356	6355
1101	1097
1101	1320
1318	4211
1331	4229
6359	6360
6359	6364
6364	6365
6360	6365
6361	6365
6365	6366
6362	6366
6364	6368
6365	6368
6366	6368
6368	1318
1318	1103
1103	3915
3915	6366
3915	6363
3915	1104
1104	1345
1345	1340
1340	6362
1340	1337
1337	6361
1337	4229
4229	6360
4229	6358
4229	1325
1325	4214
4214	6359
4214	1322
1322	6364
1322	4211
4211	6368
4211	1318
4229	1331
1331	1328
1348	1106
1348	1346
1113	1351
1351	1349
1349	1109
1354	4273
1124	3940
1124	6369
6369	1115
6369	1352
6369	1354
6369	4273
6369	1124
1124	1360
1124	1125
1125	1363
1122	1118
1378	6370
6370	4289
4289	4287
4287	1128
4287	3960
4287	4285
4285	3956
4285	1369
1369	1366
1366	1127
1366	1364
6370	1372
6370	1375
6370	1378
1384	1381
1381	4303
4303	6371
6371	1131
6371	4300
4300	1130
6371	1379
6371	4303
1393	1133
1393	4316
1393	4323
4323	1385
4323	1390
1390	1387
1396	1255
2238	1136
2238	6372
6372	1394
6372	1396
6372	1255
6372	1254
6372	2238
1143	5423
5423	6373
6373	1140
6373	1139
6373	2239
6373	1246
6373	1245
6373	2243
6373	5421
6373	5423
1149	6376
6376	6374
6374	1145
6374	5424
6374	6375
6375	5422
6375	5425
5425	2244
6375	2246
6375	5430
6375	6374
6374	6376
6376	1152
6376	1149
6378	6379
6379	6380
6380	6381
6378	6382
6382	6383
6383	6384
6379	6384
6384	6385
6380	6385
6385	2255
2255	5444
5444	6377
5444	2252
2252	6378
2252	2249
2249	2247
2247	5434
5434	6382
5434	1154
1154	1165
1165	1168
1168	6383
1168	2267
2267	6384
2267	2264
2264	6385
2264	5447
5447	2255
2264	2258
2264	2261
1154	1155
1163	1157
2268	1170
6391	6394
6394	5473
5473	6393
6393	6390
6390	5646
5646	2350
2350	6391
2350	5650
5650	6389
6389	1182
1182	4030
4030	6394
4030	1183
1183	5473
6389	5572
6389	1174
6389	5649
5649	6386
6386	4016
6386	6387
6387	1173
6387	2266
6387	6388
6388	2265
6388	2270
6388	6390
6390	6393
6393	5470
6393	5473
6388	5647
5647	5646
6388	6387
6387	5648
6387	6386
6386	5649
6389	5650
1180	5573
5573	4019
4019	1177
5573	1176
6396	6397
6396	6399
6399	6398
6398	6395
6398	2273
2273	2271
2271	5472
5472	6396
5472	5475
5475	5570
5570	6399
5570	5568
5568	4054
4054	4056
4056	6398
4056	4058
4058	1198
1198	2276
2276	2273
5568	4052
5568	5566
5566	4050
5566	1191
1191	1195
1191	1192
5475	1186
5475	1185
1188	6400
6400	5569
6400	6401
6401	5567
6401	1189
6401	4037
6401	6400
6400	1188
2279	1207
1204	1207
1207	2279
2279	5486
5486	1200
5486	2277
2283	1209
1209	4074
4074	1210
6402	6404
6404	6405
6405	1216
1216	2294
2294	5504
5504	6402
5504	2285
2285	5500
5500	6404
5500	5497
5497	5495
5495	6405
5495	4083
4083	1216
5495	1212
1212	1213
5497	2281
5497	2280
2294	2291
2291	2288
2300	2297
2297	6406
6406	1219
6406	4085
6406	1218
6406	2295
6406	2297
6407	6409
6409	4093
4093	4095
4095	2303
2303	5516
5516	6407
5516	2301
2301	5513
5513	6409
5513	1221
1221	4091
4091	4093
1221	1222
4095	1225
6411	6412
6412	6413
6413	6414
6414	6415
6415	6416
6416	6411
6417	6418
6416	6418
6418	1228
1228	4105
4105	6412
4105	1231
1231	6413
1231	5530
5530	5528
5528	6414
5528	2306
2306	5526
5526	6415
5526	5524
5524	6417
6417	6416
5524	5522
5522	2304
2304	6418
2304	1227
1227	1228
2318	4108
2318	5534
5534	5531
5531	1233
5534	5529
5534	2315
2315	2307
2315	2312
2312	2309
1243	2242
2242	1236
2242	2319
2242	5426
5426	2321
5426	2245
2245	2248
1252	1248
1252	2237
1402	4333
6420	6421
6421	4333
4333	4331
4331	4329
4329	6420
4329	4327
4327	4139
4139	6421
4139	4141
4141	6422
6422	4335
4335	4333
6422	4337
6422	4141
4141	4143
4143	4339
4143	6423
6423	1408
6423	1264
6423	1261
6423	4143
4327	1399
1399	1260
1399	1397
4333	1402
1278	1266
1278	1409
1278	1279
1279	1411
1276	1269
1420	6424
6424	1281
6424	1412
6424	1420
1420	1417
1417	1414
1288	1303
1303	4362
4362	1421
1421	1284
1284	1285
1426	4374
4374	1305
4374	4364
4374	6426
6426	1419
6426	6425
6425	1418
6425	1423
6425	4370
6425	6426
6426	4372
6426	4374
1432	1427
1427	4191
4191	1309
1427	1308
1432	1429
6427	6431
6431	6432
6428	6432
6432	6433
6430	6431
6430	6434
6434	6435
6431	6435
6435	6436
6432	6436
6434	6437
6437	6438
6435	6438
6437	6439
6439	4216
4216	6436
4216	1324
1324	6433
1324	4398
4398	6429
4398	1435
1435	4394
4394	6428
4394	6427
4394	1433
1433	4391
4391	1311
1311	6430
1311	4195
4195	6434
4195	4198
4198	6437
4198	4201
4201	6439
4201	1312
1312	1323
1323	4216
1321	1314
1314	1315
1438	4399
4399	1326
1438	1436
1447	1329
1444	6440
6440	1329
1329	1447
6440	1439
6440	1441
6440	4406
6440	1444
1448	1332
1335	4411
6443	6444
6441	6444
6444	6445
6448	6449
6443	6449
6449	6450
6444	6450
6450	6451
6445	6451
6447	6452
6452	6453
6448	6453
6453	6454
6449	6454
6454	6455
6450	6455
6452	6456
6453	6456
6456	6457
6454	6457
6457	4425
4425	1456
1456	6451
1456	4422
4422	6446
4422	1453
1453	4418
4418	6442
6442	6445
4418	1450
1450	6441
1450	1445
1445	6443
1445	4411
4411	6447
6447	6448
4411	1335
1335	4233
4233	6452
4233	6456
4233	1336
1336	1459
1459	6457
1459	4425
1460	1338
6460	6466
6461	6466
6462	6466
6463	6466
6464	6466
6465	6466
6460	1341
1341	1344
1344	1347
1347	1350
1350	6464
1350	6459
6459	6463
6459	1476
1476	1473
1473	6458
6458	6462
6458	4427
4427	6461
4427	1458
1458	6460
1458	1341
6458	1457
6458	1470
1470	1465
1465	1462
6458	1473
6459	1353
6459	1350
1479	1477
1477	1355
1367	4276
1367	6468
6468	6467
6467	1480
1480	1358
6467	1482
6467	6468
6468	1485
6468	1368
6468	1367
1365	1361
6470	6471
6470	6472
6472	4286
4286	4288
4288	4290
4290	6469
4290	1371
1371	1494
1494	6470
1494	1488
1488	1486
1486	6472
1486	1370
1370	4286
1494	1491
1506	1503
1503	1373
1503	1500
1500	1495
1500	1497
1380	6474
6474	6475
6475	6476
6476	1377
6476	1507
1507	1376
6476	1509
6476	6475
6475	6473
6473	1512
6473	4505
6473	1515
6473	6474
6474	1518
6474	1380
1380	1521
6473	6475
1386	1522
1522	1382
1386	1524
1386	1527
1386	1533
1533	1530
1400	4328
4328	6477
6477	1389
6477	1388
6477	1534
6477	1536
6477	4527
6477	4332
4332	1401
6477	4330
6477	4328
1395	1398
1398	4324
1398	5418
5418	1391
1404	4528
1415	1422
1422	1548
1548	1545
1545	4532
4532	6478
6478	1404
6478	4528
6478	1542
1542	1539
1539	1537
6478	4532
1415	1416
6480	6482
6482	6481
6482	6483
6483	1410
1410	1413
1413	5415
5415	6479
5415	1406
1406	4334
4334	6480
4334	4336
4336	6482
4336	4338
4338	6483
4338	4340
4340	1407
1407	1410
6486	6487
6486	6488
6488	1566
1566	1563
1563	1560
1560	6484
1560	1557
1557	6485
6485	4373
4373	6486
4373	4375
4375	6488
4375	1425
1425	1428
1428	1566
6485	4371
6485	1554
1554	1551
1551	1549
1549	1424
6485	1557
1434	1575
1575	6489
6489	1431
6489	1569
1569	1567
1567	1430
6489	1572
6489	1575
1434	1440
1434	1437
6492	6493
6493	6494
6494	6490
6490	1581
1581	6492
1581	1578
1578	4407
4407	6493
4407	1443
1443	6494
1443	1449
1449	1590
1590	6490
1590	1587
1587	4564
4564	1581
1587	1584
1578	1576
1576	1442
1608	1605
1605	4420
1605	1602
1602	4577
4577	6495
6495	1451
6495	1591
6495	1596
1596	1593
6495	1599
6495	4577
1461	1611
1611	4423
1611	1609
1609	1454
1614	1463
1614	1612
6500	6501
6496	6501
6501	6502
6497	6502
6502	6503
6504	6505
6499	6505
6505	6506
6500	6506
6506	6507
6501	6507
6502	6507
6504	6508
6505	6508
6508	6509
6506	6509
6509	1629
1629	1626
1626	6503
1626	1623
1623	4606
4606	6498
4606	1620
1620	4601
4601	6497
4601	6496
4601	1617
1617	4596
4596	6499
6499	6500
4596	1615
1615	6504
1615	1466
1466	1469
1469	1632
1632	6508
1632	4617
4617	6509
4617	1629
1633	1471
6510	6515
6511	6516
6512	6516
6514	6516
6515	6516
6514	6513
6514	1643
1643	1638
1638	1630
1630	4619
4619	6512
4619	1631
1631	6511
1631	1474
1474	6510
1474	1475
1475	1478
1478	1481
1481	6515
1481	6514
1481	1646
1646	1643
1481	1649
1638	1635
1487	6517
6517	1483
6517	1650
6517	1654
6517	1659
6517	1487
1487	1662
1663	1489
1496	4654
4654	1492
4654	1661
4654	1660
1496	1665
1496	1668
6518	6520
6520	4670
4670	1669
1669	1498
1498	1499
1499	6518
1499	1683
1683	1680
1680	6521
6521	6520
6521	1671
1671	4670
6521	1674
6521	1677
6521	1680
1684	1501
1508	4680
4680	6522
6522	1504
6522	1682
6522	1681
6522	4680
1508	4682
1508	4686
4686	1686
4686	1689
1695	4689
4689	1690
1690	4687
4687	1510
1695	1692
6523	6525
6525	6526
6526	1707
1707	4707
4707	1704
1704	6523
1704	1701
1701	1698
1698	6525
1698	1696
1696	1513
1513	6526
1513	4506
4506	1707
4506	1514
1710	4712
1525	1526
1526	6527
6527	1516
6527	1708
6527	1710
6527	4712
6527	1716
6527	1719
6527	1526
1523	1519
1722	1528
1722	1720
1535	1531
1535	1723
1535	1725
1535	1538
1555	1556
1556	6529
6529	6528
6528	5410
6528	4732
4732	1726
1726	1540
1540	1541
6528	1728
6528	1731
6528	6529
6529	4738
6529	1556
1552	4534
1552	6530
6530	1543
6530	5411
6530	5409
6530	1553
6530	1552
1550	1546
1582	4565
4565	6531
6531	6532
6532	4739
4739	1558
1558	1559
6532	1732
6532	6531
6531	1734
6531	1583
6531	4565
6534	6535
6534	1571
1571	1579
1579	1580
1580	6533
1580	5407
5407	1561
1561	6534
1561	1562
1562	1570
1570	1571
1568	1564
1577	1573
1594	4754
4754	1586
4754	4752
4752	1585
4752	1735
4752	4750
4750	1737
4750	1740
4750	1743
1594	1595
1592	5404
5404	1588
6537	6538
6539	6537
6539	4751
4751	4753
4753	6538
4753	4755
4755	6540
6540	4761
4761	1755
1755	6536
1755	1752
1752	1749
1749	6539
1749	1746
1746	4751
1746	1744
6540	1758
6540	1597
1597	1598
6540	4755
1761	4767
4767	1601
4767	4579
4767	1759
1759	1600
6541	6543
6543	6544
6544	1773
1773	4778
4778	4771
4771	6541
4771	1764
1764	1762
1762	5399
5399	6543
5399	1618
1618	4603
4603	6544
4603	1619
1619	1773
1619	1776
1762	4770
4770	1603
1603	1604
4778	4773
4778	1770
1770	1767
1610	4598
4598	6545
6545	1606
6545	5400
6545	6546
6546	1616
6546	4598
6546	6545
1610	1613
1779	1785
1791	4608
1791	1788
1788	1785
1785	1621
1785	1777
1785	1779
1636	1794
1794	4798
4798	1624
4798	1792
1636	1637
1634	1627
6553	6554
6547	6554
6554	6555
6548	6555
6555	6556
6549	6556
6550	6556
6556	6557
6552	6558
6558	6559
6553	6559
6554	6559
6559	6560
6555	6560
6556	6560
6560	6561
6558	6564
6559	6564
6560	6564
6561	6564
6562	6564
6563	6564
6558	1809
1809	4819
4819	1806
1806	6562
1806	1803
1803	6561
1803	6557
1803	1800
1800	6551
1800	4808
4808	6550
4808	1797
1797	4803
4803	6549
4803	1795
1795	6548
1795	6547
1795	1639
1639	6553
1639	1642
1642	6552
1642	1809
1809	6558
1812	4823
4823	1644
4823	1810
1653	1813
1813	1647
6570	6571
6566	6571
6571	6572
6567	6572
6568	6572
6568	6569
6574	6575
6570	6575
6571	6575
6572	6575
6572	6573
6574	6576
6575	6576
6574	1818
1818	1807
1807	4821
4821	6573
4821	1808
1808	6569
1808	4824
4824	6565
4824	1811
1811	1655
1655	1658
1658	6568
1658	4658
4658	6567
4658	1664
1664	6566
1664	1824
1824	6570
1824	1821
1821	6574
1821	1818
1818	1815
1670	1827
1827	1825
1825	1666
1666	1667
6581	6582
6578	6582
6579	6582
6579	6580
6581	6585
6582	6585
6582	6583
6585	4858
4858	1833
1833	6580
1833	4855
4855	6577
4855	1830
1830	1828
1828	1672
1672	6579
1672	1673
1673	6578
1673	1853
1853	1850
1850	6581
1850	1845
1845	6585
1845	6584
6584	4858
6584	1836
6584	1839
6584	1842
6584	1845
1673	1856
1867	1864
1864	1675
1864	1859
1859	1857
1685	6586
6586	4681
6586	6587
6587	1679
6587	1678
6587	1868
6587	4898
6587	6586
6586	1870
6586	1873
6586	1685
1885	4691
6590	6591
6589	6591
6592	6593
6590	6593
6592	6594
6594	1687
1687	1688
1688	6591
1688	4691
4691	6588
4691	1885
1885	1882
1882	4916
4916	6589
4916	4914
4914	4912
4912	6590
4912	4910
4910	6592
4910	1879
1879	4908
4908	6594
4908	1876
1876	1687
1876	1874
1693	1888
1697	6595
6595	6596
6596	1693
6596	1888
6596	4926
6596	6595
6595	1891
6595	1697
1894	1900
1900	1892
1892	1699
1900	1894
6597	6599
6599	1703
1703	4950
4950	4948
4948	4946
4946	6597
4946	4944
4944	4942
4942	1903
1903	6599
1903	1901
1901	1702
1702	1703
4944	1909
1909	1906
4950	1912
1709	1913
1913	4708
1913	4951
4951	1705
6602	6603
6603	4964
4964	6601
6601	4954
4954	6602
4954	4952
4952	6604
6604	4947
4947	6603
4947	4949
4949	4966
4966	4964
4949	1911
1911	1712
1911	1711
6604	4945
6604	1910
6604	4952
6601	4956
6601	4962
4962	1915
4962	1918
4962	1921
6601	4964
6607	6608
6608	4965
4965	4967
4967	6607
4967	1714
1714	4714
4714	1715
1715	6608
1715	4970
4970	6606
6606	4965
6606	4963
6606	1922
6606	4970
1721	6609
6609	1717
6609	4973
6609	6610
6610	1920
6610	1924
1924	1919
6610	4735
4735	1739
4735	1727
1727	1738
6610	1724
6610	6609
6609	1721
1733	1729
1733	1736
1745	1925
1925	1741
1927	1916
1916	1747
1916	1917
1917	1923
1933	1928
1928	1750
1933	1930
1765	4772
4772	4774
4774	6611
6611	1754
6611	1753
6611	1934
6611	1936
6611	1939
6611	1766
6611	4774
1760	6613
6613	1757
6613	4763
6613	6612
6612	1756
6612	5388
6612	1763
6612	6613
6613	1760
1945	1775
1774	6614
6614	4994
4994	1769
4994	1768
4994	1940
6614	4996
6614	6615
6615	1942
6615	1945
6615	1775
6615	1774
6615	6614
1771	4780
4780	1772
1781	1946
1783	1943
1954	6616
6616	1783
6616	1943
6616	1948
6616	6617
6617	5004
6617	1951
6617	1954
6617	6616
1955	1786
6618	6620
6620	6621
6621	5008
5008	1952
1952	1953
1953	6618
1953	1789
1789	4799
4799	6620
4799	1793
1793	4805
4805	6621
4805	1796
1796	1963
1963	5008
1789	1790
5008	1960
1960	1957
1975	4810
1975	1972
1972	1969
1969	1964
1964	1798
1969	1966
1816	6622
6622	1801
6622	5022
5022	1976
6622	5024
6622	1816
1816	1817
1814	1804
6623	6626
6624	6626
6626	6627
6626	6628
6628	5033
5033	1990
1990	6625
1990	5030
5030	1981
1981	1978
1978	6624
1978	6623
1978	1973
1973	1974
1974	5023
5023	6626
5023	6628
5023	5036
5036	5033
5023	5025
5025	5039
5025	1819
1819	1993
1819	1996
1819	1820
5030	5026
5030	1987
1987	1984
1826	1829
1829	1822
1829	1997
1994	4856
1994	1995
1995	1831
6629	6635
6635	6636
6630	6636
6636	6637
6639	6640
6632	6640
6633	6640
6640	6641
6634	6641
6635	6641
6641	6642
6636	6642
6642	6643
6637	6643
6639	6645
6640	6645
6641	6645
6642	6645
6643	6645
6644	6645
6639	4860
4860	1835
1835	6643
1835	6638
1835	2005
2005	2002
2002	6637
2002	6631
2002	5048
5048	1999
1999	6630
1999	1991
1991	6629
1991	5035
5035	6635
5035	6634
5035	5038
5038	6633
5038	5041
5041	6632
5041	1992
1992	1834
1834	6639
1834	4860
2006	1837
2014	1840
2014	2011
2011	6646
6646	2004
6646	2003
6646	2008
6646	5064
6646	2011
2015	1843
6650	6651
6647	6651
6648	6651
6651	6652
6658	6659
6650	6659
6651	6659
6659	6660
6652	6660
6653	6660
6654	6660
6655	6661
6656	6661
6657	6661
6658	6661
6659	6661
6660	6661
6655	5651
5651	5652
5652	5087
5087	2023
2023	6653
2023	5084
5084	6649
6649	6652
5084	5082
5082	6648
5082	5080
5080	6647
5080	2020
2020	2017
2017	5074
5074	6650
5074	5071
5071	6658
5071	6657
5071	2012
2012	2013
2013	6656
2013	1846
1846	5655
5655	2351
2351	6655
2351	5651
1846	1849
1849	5654
1849	5653
1849	2026
2026	5652
2026	5087
2029	5091
5091	1851
5091	2027
1858	2030
2030	1854
6662	6665
6665	6666
6670	6671
6665	6671
6671	6672
6666	6672
6667	6672
6672	6668
6668	6669
6668	6673
6670	6674
6674	6675
6671	6675
6672	6675
6672	6673
6675	5089
5089	2025
2025	5092
5092	6669
5092	2028
2028	1863
1863	5111
5111	6664
5111	2038
2038	6667
2038	6663
6663	6666
2038	2035
2035	6662
2035	2032
2032	5099
5099	5097
5097	6665
5097	6670
5097	5095
5095	2024
2024	6674
2024	5089
5089	6675
2028	1860
6678	6679
6679	5135
5135	5133
5133	6676
6676	6678
6676	5125
5125	6680
6680	6679
6680	2034
2034	5117
5117	1878
1878	5137
5137	5135
5117	4909
5117	2039
2039	1877
2039	1869
2039	4901
2039	5114
5114	1866
5114	1865
6680	2033
6680	2041
6680	5123
6680	5125
6676	5127
6676	5131
5131	2044
5131	2047
6676	5133
1875	1871
6682	6683
6683	4915
4915	4917
4917	2053
2053	5139
5139	6682
5139	2050
2050	5132
5132	5134
5134	6683
5134	6684
6684	4913
4913	4915
6684	5136
5136	4911
5136	5138
5138	1880
6684	5134
2050	2048
4917	1881
1887	1883
1887	6685
6685	2054
6685	2056
6685	2059
6685	1887
1887	2062
1893	5157
5157	4927
5157	5155
5155	1889
5155	2063
5155	5153
5153	2065
5153	2068
1896	5158
6687	6688
6688	5156
5156	5158
5158	2080
2080	5169
5169	6687
5169	6689
6689	6688
6689	2069
2069	5154
5154	5156
6689	2071
6689	2074
6689	2077
6689	5169
5158	1896
1902	1898
1902	2081
1902	2083
1902	2086
2101	2095
2095	2092
2092	2089
2089	1905
2089	4943
2089	2087
2087	1904
2101	2098
6692	6693
6690	6693
6693	5198
5198	1907
1907	1908
1908	4953
4953	4955
4955	6690
4955	4957
4957	6692
4957	1926
1926	1929
1929	6693
1929	2102
2102	5198
4957	1914
2099	1935
1935	1931
1935	2100
1935	2099
2105	2093
6695	6696
6696	6697
6697	2110
2110	2107
2107	2093
2093	6695
2093	2105
2105	1937
1937	1938
1938	6696
1938	4995
4995	6697
4995	4997
4997	6698
6698	2110
6698	2113
6698	1947
6698	1941
6698	4997
1956	5005
1956	6699
6699	2114
2114	1949
6699	2116
6699	2119
6699	2122
6699	1956
1967	2128
2128	2125
2125	5224
5224	5222
5222	1959
5222	1958
5222	2123
1967	1968
1965	5009
1965	5376
5376	1961
1977	1970
1977	2129
6701	6702
6702	5232
5232	2131
2131	2126
2126	6701
2126	2127
2127	1979
1979	6702
1979	1980
1980	5232
2140	6703
6703	5233
5233	5027
5027	1983
5233	1982
6703	2132
6703	2134
6703	2137
6703	2140
2141	2146
2152	5255
5255	1985
5255	5239
5255	5253
5253	6704
6704	2141
6704	5251
5251	2146
5251	2149
6704	5253
1998	6705
6705	5031
6705	1988
6705	2153
6705	1998
1998	2155
2007	5050
2007	2167
2167	2164
2164	6706
6706	2000
6706	2156
6706	2158
6706	2161
6706	2164
6707	6709
6709	6710
6710	5295
5295	5279
5279	2173
2173	6707
2173	2170
2170	5277
5277	5065
5065	6709
5065	5073
5073	6710
5073	5076
5076	5295
5076	2016
5065	2010
5277	2168
2168	2009
5295	5293
5293	5281
5293	5283
5293	5291
5291	2176
5291	2185
2185	2179
2185	2182
2186	6711
6711	2018
6711	5296
6711	5294
6711	5292
6711	2186
6714	6715
6712	6715
6715	6716
6715	6717
6717	5098
5098	5100
5100	6713
5100	2040
2040	5301
5301	6712
5301	2183
2183	2184
2184	6714
2184	2021
2021	5081
5081	6715
5081	5083
5083	6717
5083	5085
5085	5096
5096	5098
5085	2022
5100	2031
2036	6718
6718	2037
6718	2036
6719	6721
6721	6722
6722	5126
5126	5128
5128	6719
5128	5309
5309	2188
2188	6721
2188	2180
2180	2181
2181	5304
5304	6722
5304	2042
2042	5124
5124	5126
5128	2191
5128	2043
6724	6725
6724	6726
6726	6727
6727	2049
2049	5371
5371	6723
5371	2057
2057	5315
5315	5313
5313	6724
5313	2197
2197	2194
2194	6726
2194	2192
2192	6727
2192	2045
2045	2046
2046	2049
2057	2058
2055	5140
2055	5372
5372	2051
6729	6730
6730	5314
5314	5316
5316	2060
2060	2061
2061	2064
2064	6729
2064	2224
2224	6731
6731	6730
6731	2200
2200	2198
2198	5314
6731	2203
6731	2148
6731	2147
6731	2224
2070	6732
6732	2066
6732	2225
6732	5355
6732	2227
6732	2230
6732	2070
2231	2072
6734	6735
6734	6736
6736	2133
2133	2228
2228	6733
2228	2229
2229	2075
2075	2076
2076	2233
2233	2120
2120	2121
2121	6734
2121	5223
5223	5225
5225	6736
5225	2130
2130	2133
5225	2124
2082	5369
5369	5172
5369	2078
5369	5367
5367	2234
5367	2115
5367	6737
6737	2112
6737	2111
6737	5367
2088	6738
6738	2084
6738	5370
6738	5368
6738	2109
6738	2108
6738	2088
2106	2090
2103	2096
2232	2117
2144	6739
6739	2135
6739	2226
6739	5356
6739	2144
2144	2145
2145	2223
2139	2142
6741	6742
6742	2209
2209	2206
2206	5252
5252	5254
5254	6741
5254	6743
6743	6742
6743	2215
2215	2212
2212	2209
6743	2218
6743	2157
6743	2151
2151	2154
6743	5256
6743	5254
2206	2204
2204	2150
2219	2159
2171	6745
6745	2162
6745	2217
6745	6744
6744	2216
6744	5337
6744	2172
6744	6745
6745	2171
2169	2165
2165	2166
2221	6746
6746	5284
5284	2175
6746	5282
6746	5338
5338	5280
5338	2174
6746	5339
5339	2213
2213	2214
6746	2221
2187	6747
6747	2177
6747	5342
6747	5343
5343	2222
6747	2187
2193	6748
6748	5310
6748	2189
6748	5344
6748	5345
5345	2220
5345	5340
5345	2210
2210	2211
6748	2193
2199	6749
6749	2195
6749	5346
6749	2208
6749	2207
6749	2199
2205	2201
2324	2314
2314	2322
2322	2250
2324	2313
2327	5445
2327	2325
2325	2253
6751	6752
6752	6753
6754	6755
6751	6755
6755	6756
6756	6757
6752	6757
6758	6759
6754	6759
6759	6760
6755	6760
6760	6761
6756	6761
6758	6762
6762	6763
6759	6763
6760	6763
6763	6764
6762	6765
6763	6765
6765	5499
5499	5502
5502	6761
5502	2284
2284	6757
2284	6753
2284	2330
2330	6750
2330	2328
2328	2256
2256	6751
2256	5449
5449	6754
5449	2257
2257	6758
2257	2336
2336	2274
2274	6762
2274	2275
2275	5488
5488	6765
5488	2278
2278	5499
2337	2259
2269	2262
2269	2335
2269	2272
2333	6766
6766	5505
6766	6767
6767	2286
6767	6766
6766	2331
6766	2333
6768	6771
6771	6772
6769	6772
6772	5518
5518	5523
5523	5525
5525	6769
5525	6768
5525	5527
5527	2334
2334	2289
2289	6771
2289	2290
2290	2298
2298	6772
2298	2299
2299	5518
5527	2308
5527	2305
5518	2302
2296	2292
2323	2310
2323	2326
2326	2329
2329	2332
2320	5535
2320	2316
2354	0
2356	2354
1	2354
2357	1
2356	2355
2358	2356
2357	2356
3	2357
2359	4
2361	2359
5	2359
2362	5
2361	2360
2363	2361
2362	2361
6	2362
2364	7
2365	2364
8	2364
9	8
11	10
12	11
2366	13
2368	2366
14	2366
2369	14
2368	2367
2371	2368
2369	2368
2372	2369
2371	2370
2373	2371
2372	2371
15	2372
17	16
18	17
2374	19
2376	2374
20	2374
2377	20
2376	2375
2378	2376
2377	2376
2	2377
18	20
21	18
2379	22
2382	2379
2380	2379
2383	2380
23	2380
2384	23
2382	2381
2385	2382
2383	2382
2386	2383
2384	2383
24	2384
2387	25
2389	2387
26	2387
2390	26
2389	2388
2391	2389
2390	2389
27	2390
2392	28
2393	2392
29	2392
30	29
2394	31
2397	2394
2395	2394
2398	2395
2396	2395
2399	2396
32	2396
33	32
2400	34
2403	2400
2401	2400
2404	2401
2402	2401
2405	2402
35	2402
36	35
2406	37
2407	2406
38	2406
39	38
2408	40
2410	2408
41	2408
2411	41
2410	2409
2412	2410
2411	2410
42	2411
2413	43
2414	2413
44	2413
1	44
42	44
2416	42
2416	2415
45	2416
47	46
48	47
50	49
2418	50
2418	2417
51	2418
53	52
54	53
56	55
2420	56
2420	2419
2422	2420
2422	2421
2424	2422
2424	2423
57	2424
2425	58
2426	2425
59	2425
60	59
2427	61
2429	2427
2428	2427
2430	2428
62	2428
63	62
2431	64
2432	2431
65	2431
11	65
2433	65
2435	2433
2434	2433
2436	2434
63	2434
66	63
68	67
14	68
2437	68
2439	2437
2438	2437
2440	2438
66	2438
69	66
2441	70
2442	2441
71	2441
72	71
2443	73
2444	2443
74	2443
75	74
2445	76
2447	2445
77	2445
2448	77
2447	2446
2449	2447
2448	2447
78	2448
2450	79
2451	2450
80	2450
81	80
83	82
17	83
2452	83
2454	2452
2453	2452
2455	2453
81	2453
23	81
78	80
84	78
86	85
87	86
89	88
90	89
2456	91
2458	2456
2457	2456
2459	2457
92	2457
93	92
2460	94
2461	2460
95	2460
96	95
2462	97
2464	2462
98	2462
2465	98
2464	2463
2467	2464
2465	2464
2468	2465
2467	2466
2469	2467
2468	2467
99	2468
2470	100
2472	2470
101	2470
2473	101
2472	2471
2474	2472
2473	2472
102	2473
2475	103
2476	2475
104	2475
105	104
2477	106
2479	2477
2478	2477
2480	2478
107	2478
108	107
110	109
111	110
2481	112
2484	2481
2482	2481
2485	2482
113	2482
2486	113
2484	2483
2487	2484
2485	2484
2488	2485
2486	2485
114	2486
2489	115
2490	2489
116	2489
117	116
119	118
2492	119
2492	2491
26	2492
2493	119
2494	2493
117	2493
29	117
2495	116
2497	2495
2496	2495
2498	2496
114	2496
120	114
2499	121
2501	2499
2500	2499
2502	2500
122	2500
123	122
2503	124
2506	2503
2504	2503
2507	2504
2505	2504
2508	2505
125	2505
126	125
2509	127
2512	2509
2510	2509
2513	2510
2511	2510
2514	2511
128	2511
32	128
126	128
2516	126
2516	2515
129	2516
131	130
132	131
134	133
2518	134
2518	2517
2520	2518
2520	2519
2522	2520
2522	2521
135	2522
137	136
50	137
2523	137
2524	2523
135	2523
138	135
140	139
53	140
2525	140
2526	2525
138	2525
141	138
2527	142
2528	2527
143	2527
144	143
146	145
2530	146
2530	2529
56	2530
2531	146
2532	2531
144	2531
147	144
149	148
150	149
152	151
2534	152
2534	2533
2536	2534
2536	2535
59	2536
150	152
2538	150
2538	2537
153	2538
2539	154
2540	2539
155	2539
156	155
2541	157
2542	2541
158	2541
62	158
156	158
159	156
161	160
162	161
164	163
165	164
167	166
71	167
165	167
168	165
170	169
2544	170
2544	2543
74	2544
2545	170
2546	2545
168	2545
171	168
2547	172
2550	2547
2548	2547
2551	2548
2549	2548
2552	2549
173	2549
174	173
2553	175
2554	2553
176	2553
177	176
179	178
180	179
2555	181
2556	2555
182	2555
183	182
2557	184
2558	2557
185	2557
186	185
2559	187
2560	2559
188	2559
77	188
186	188
2562	186
2562	2561
86	2562
183	185
189	183
2563	190
2565	2563
2564	2563
2566	2564
191	2564
192	191
2567	193
2569	2567
2568	2567
2570	2568
194	2568
195	194
197	196
89	197
2571	197
2573	2571
2572	2571
2574	2572
195	2572
92	195
192	194
2576	192
2576	2575
2578	2576
2578	2577
198	2578
2579	199
2580	2579
200	2579
201	200
2581	202
2583	2581
203	2581
2584	203
2583	2582
2585	2583
2584	2583
204	2584
2586	205
2587	2586
206	2586
207	206
2588	208
2591	2588
2589	2588
2592	2589
2590	2589
2593	2590
209	2590
95	209
2594	209
2596	2594
207	2594
2597	207
2596	2595
2598	2596
2597	2596
210	2597
212	211
2600	212
2600	2599
213	2600
2601	214
2603	2601
215	2601
2604	215
2603	2602
2605	2603
2604	2603
216	2604
218	217
104	218
216	218
107	216
213	215
219	213
2606	220
2608	2606
2607	2606
2609	2607
221	2607
222	221
226	227
225	223
2610	228
2614	2610
2611	2610
2615	2611
2612	2611
2616	2612
2613	2612
2617	2613
229	2613
230	229
2618	231
2619	2618
232	2618
233	232
2620	234
2622	2620
235	2620
2623	235
2622	2621
2624	2622
2623	2622
110	2623
2625	235
2626	2625
233	2625
236	233
2627	237
2629	2627
2628	2627
2630	2628
238	2628
113	238
2631	238
2633	2631
2632	2631
2634	2632
236	2632
239	236
2635	240
2636	2635
241	2635
242	241
244	243
2638	244
2638	2637
2640	2638
2640	2639
2642	2640
2642	2641
2644	2642
2644	2643
245	2644
247	246
248	247
250	249
122	250
248	250
251	248
2645	252
2647	2645
2646	2645
2648	2646
253	2646
125	253
2649	253
2652	2649
2650	2649
2653	2650
2651	2650
2654	2651
251	2651
254	251
256	255
131	256
2655	256
2658	2655
2656	2655
2659	2656
2657	2656
2660	2657
254	2657
257	254
2661	258
2663	2661
2662	2661
2664	2662
259	2662
260	259
262	261
2666	262
2666	2665
2668	2666
2668	2667
263	2668
2669	264
2670	2669
265	2669
266	265
2671	267
2673	2671
268	2671
2674	268
2673	2672
2675	2673
2674	2673
134	2674
266	268
2677	266
2677	2676
2679	2677
2679	2678
2681	2679
2681	2680
143	2681
2682	265
2684	2682
2683	2682
2685	2683
263	2683
269	263
2686	270
2688	2686
271	2686
2689	271
2688	2687
2690	2688
2689	2688
272	2689
2691	273
2692	2691
274	2691
149	274
272	274
275	272
2693	276
2695	2693
277	2693
2696	277
2695	2694
2697	2695
2696	2695
278	2696
280	279
155	280
278	280
281	278
283	282
284	283
286	285
2699	286
2699	2698
161	2699
2700	286
2701	2700
284	2700
287	284
289	288
2703	289
2703	2702
2705	2703
2705	2704
290	2705
292	291
293	292
295	294
2707	295
2707	2706
164	2707
2708	295
2709	2708
293	2708
296	293
2710	297
2711	2710
298	2710
173	298
296	298
2713	296
2713	2712
2715	2713
2715	2714
2717	2715
2717	2716
2719	2717
2719	2718
2721	2719
2721	2720
299	2721
2722	300
2725	2722
2723	2722
2726	2723
2724	2723
2727	2724
301	2724
302	301
2728	303
2729	2728
304	2728
305	304
309	176
308	306
2730	307
2732	2730
2731	2730
2733	2731
305	2731
310	305
312	311
313	312
2734	314
2735	2734
315	2734
316	315
2736	317
2737	2736
318	2736
319	318
2738	320
2740	2738
321	2738
2741	321
2740	2739
2742	2740
2741	2740
322	2741
324	323
179	324
2743	324
2745	2743
2744	2743
2746	2744
322	2744
325	322
2747	326
2749	2747
2748	2747
2750	2748
327	2748
328	327
330	329
182	330
2751	330
2753	2751
2752	2751
2754	2752
328	2752
191	328
2755	327
2757	2755
2756	2755
2758	2756
325	2756
331	325
333	332
334	333
2759	335
2760	2759
336	2759
337	336
339	338
340	339
2761	341
2762	2761
342	2761
200	342
340	342
2764	340
2764	2763
343	2764
345	344
346	345
2765	347
2767	2765
2766	2765
2768	2766
348	2766
349	348
2769	350
2771	2769
2770	2769
2772	2770
351	2770
352	351
354	353
2774	354
2774	2773
355	2774
357	356
2776	357
2776	2775
203	2776
355	357
358	355
360	359
361	360
2777	362
2778	2777
363	2777
206	363
2779	363
2780	2779
361	2779
364	361
2781	365
2782	2781
366	2781
367	366
2783	368
2784	2783
369	2783
370	369
372	371
212	372
2785	372
2787	2785
2786	2785
2788	2786
370	2786
221	370
367	369
373	367
2789	374
2790	2789
375	2789
224	375
2791	375
2793	2791
373	2791
2794	373
2793	2792
2796	2793
2794	2793
2797	2794
2796	2795
2798	2796
2797	2796
376	2797
2799	377
2801	2799
378	2799
2802	378
2801	2800
2804	2801
2802	2801
2805	2802
2804	2803
2806	2804
2805	2804
379	2805
381	380
382	381
2807	383
2809	2807
384	2807
2810	384
2809	2808
2812	2809
2810	2809
2813	2810
2812	2811
2814	2812
2813	2812
385	2813
387	386
229	387
385	387
388	385
2815	389
2817	2815
2816	2815
2818	2816
390	2816
232	390
2819	390
2822	2819
2820	2819
2823	2820
2821	2820
2824	2821
388	2821
391	388
2825	392
2826	2825
393	2825
241	393
2827	393
2829	2827
2828	2827
2830	2828
391	2828
394	391
396	395
397	396
2831	398
2833	2831
2832	2831
2834	2832
399	2832
244	399
2835	399
2836	2835
397	2835
400	397
402	401
403	402
2837	404
2838	2837
405	2837
406	405
408	407
409	408
411	410
2840	411
2840	2839
2842	2840
2842	2841
247	2842
409	411
2844	409
2844	2843
2846	2844
2846	2845
2848	2846
2848	2847
412	2848
414	413
259	414
412	414
415	412
2849	416
2851	2849
417	2849
2852	417
2851	2850
2854	2851
2852	2851
2855	2852
2854	2853
2856	2854
2855	2854
418	2855
420	419
421	420
423	422
424	423
2857	425
2859	2857
2858	2857
2860	2858
426	2858
427	426
2861	428
2863	2861
2862	2861
2864	2862
429	2862
430	429
432	431
2866	432
2866	2865
2868	2866
2868	2867
433	2868
2869	434
2872	2869
2870	2869
2873	2870
2871	2870
2874	2871
435	2871
262	435
2875	435
2877	2875
2876	2875
2878	2876
433	2876
436	433
2879	437
2881	2879
2880	2879
2882	2880
438	2880
439	438
2883	440
2884	2883
441	2883
442	441
2885	443
2888	2885
2886	2885
2889	2886
444	2886
2890	444
2888	2887
2891	2888
2889	2888
2892	2889
2890	2889
445	2890
2893	446
2894	2893
447	2893
271	447
2895	447
2897	2895
445	2895
2898	445
2897	2896
2899	2897
2898	2897
277	2898
442	444
448	442
450	449
2901	450
2901	2900
2903	2901
2903	2902
2905	2903
2905	2904
2907	2905
2907	2906
2909	2907
2909	2908
2911	2909
2911	2910
2913	2911
2913	2912
2915	2913
2915	2914
283	2915
448	450
451	448
2916	452
2917	2916
453	2916
454	453
456	455
457	456
459	458
2919	459
2919	2918
2921	2919
2921	2920
2923	2921
2923	2922
2925	2923
2925	2924
2927	2925
2927	2926
2929	2927
2929	2928
2931	2929
2931	2930
2933	2931
2933	2932
460	2933
462	461
289	462
460	462
2935	460
2935	2934
463	2935
465	464
466	465
468	467
2937	468
2937	2936
2939	2937
2939	2938
2941	2939
2941	2940
292	2941
466	468
2943	466
2943	2942
2945	2943
2945	2944
2947	2945
2947	2946
2949	2947
2949	2948
2951	2949
2951	2950
469	2951
471	470
2953	471
2953	2952
2955	2953
2955	2954
2957	2955
2957	2956
472	2957
2958	473
2961	2958
2959	2958
2962	2959
2960	2959
2963	2960
474	2960
301	474
2964	474
2966	2964
2965	2964
2967	2965
472	2965
475	472
2968	476
2970	2968
2969	2968
2971	2969
477	2969
478	477
2972	479
2974	2972
2973	2972
2975	2973
480	2973
441	480
478	480
453	478
475	477
456	475
469	471
481	469
483	482
2977	483
2977	2976
459	2977
2978	483
2980	2978
481	2978
2981	481
2980	2979
2983	2980
2981	2980
2984	2981
2983	2982
2985	2983
2984	2983
465	2984
436	438
2987	436
2987	2986
2989	2987
2989	2988
2991	2989
2991	2990
318	2991
2992	432
2995	2992
2993	2992
2996	2993
430	2993
2997	430
2995	2994
2998	2995
2996	2995
2999	2996
2997	2996
484	2997
3000	485
3002	3000
3001	3000
3003	3001
486	3001
487	486
3004	488
3007	3004
3005	3004
3008	3005
3006	3005
3009	3006
489	3006
321	489
487	489
490	487
3010	491
3012	3010
3011	3010
3013	3011
492	3011
493	492
3014	494
3016	3014
3015	3014
3017	3015
495	3015
496	495
3018	497
3020	3018
3019	3018
3021	3019
498	3019
499	498
3022	500
3023	3022
501	3022
502	501
3024	503
3025	3024
504	3024
333	504
502	504
336	502
3026	501
3028	3026
3027	3026
3029	3027
499	3027
505	499
507	506
339	507
3030	507
3032	3030
3031	3030
3033	3031
505	3031
508	505
3034	509
3036	3034
3035	3034
3037	3035
510	3035
511	510
513	512
345	513
3038	513
3041	3038
3039	3038
3042	3039
3040	3039
3043	3040
511	3040
514	511
3044	515
3046	3044
3045	3044
3047	3045
516	3045
517	516
3048	518
3050	3048
3049	3048
3051	3049
519	3049
348	519
3052	519
3053	3052
517	3052
520	517
522	521
523	522
525	524
351	525
3054	525
3055	3054
523	3054
526	523
3056	527
3057	3056
528	3056
529	528
531	530
3059	531
3059	3058
3061	3059
3061	3060
3063	3061
3063	3062
532	3063
3064	533
3065	3064
534	3064
535	534
3066	536
3069	3066
3067	3066
3070	3067
537	3067
3071	537
3069	3068
3072	3069
3070	3069
3073	3070
3071	3070
538	3071
3074	539
3076	3074
3075	3074
3077	3075
540	3075
354	540
538	540
3079	538
3079	3078
3081	3079
3081	3080
541	3081
3082	542
3083	3082
543	3082
378	543
3084	543
3086	3084
3085	3084
3087	3085
541	3085
537	541
3088	534
3089	3088
532	3088
544	532
3090	545
3091	3090
546	3090
547	546
3092	548
3093	3092
549	3092
550	549
3094	551
3095	3094
552	3094
553	552
3096	554
3097	3096
555	3096
556	555
3098	557
3099	3098
558	3098
559	558
561	560
381	561
3100	561
3102	3100
3101	3100
3103	3101
559	3101
562	559
564	563
384	564
3104	564
3106	3104
3105	3104
3107	3105
562	3105
565	562
3108	566
3110	3108
3109	3108
3111	3109
567	3109
568	567
573	570
3113	573
572	3113
3114	569
3115	3114
571	3114
3116	574
3119	3116
3117	3116
3120	3117
3118	3117
3121	3118
575	3118
576	575
580	581
579	577
3122	582
3125	3122
3123	3122
3126	3123
3124	3123
3127	3124
583	3124
584	583
3128	585
3131	3128
3129	3128
3132	3129
3130	3129
3133	3130
586	3130
396	586
584	586
587	584
3134	588
3135	3134
589	3134
590	589
3136	591
3137	3136
592	3136
593	592
3138	594
3140	3138
595	3138
3141	595
3140	3139
3142	3140
3141	3140
402	3141
593	595
596	593
3143	597
3144	3143
598	3143
405	598
3145	598
3146	3145
596	3145
599	596
3147	600
3149	3147
3148	3147
3150	3148
601	3148
602	601
604	603
3152	604
3152	3151
3154	3152
3154	3153
3156	3154
3156	3155
408	3156
3157	604
3159	3157
3158	3157
3160	3158
602	3158
605	602
3161	606
3163	3161
3162	3161
3164	3162
607	3162
608	607
3165	609
3167	3165
3166	3165
3168	3166
610	3166
611	610
613	612
423	613
3169	613
3171	3169
3170	3169
3172	3170
611	3170
426	611
608	610
3174	608
3174	3173
614	3174
3175	615
3178	3175
3176	3175
3179	3176
616	3176
3180	616
3178	3177
3181	3178
3179	3178
3182	3179
3180	3179
617	3180
3183	618
3184	3183
619	3183
429	619
3185	619
3186	3185
617	3185
620	617
3187	621
3188	3187
622	3187
623	622
3189	624
3191	3189
3190	3189
3192	3190
625	3190
626	625
628	627
486	628
3193	628
3195	3193
3194	3193
3196	3194
626	3194
492	626
623	625
629	623
3197	630
3198	3197
631	3197
632	631
634	633
635	634
3199	636
3201	3199
3200	3199
3202	3200
637	3200
638	637
3203	639
3205	3203
3204	3203
3206	3204
640	3204
641	640
3207	642
3209	3207
643	3207
3210	643
3209	3208
3211	3209
3210	3209
495	3210
3212	643
3215	3212
3213	3212
3216	3213
3214	3213
3217	3214
641	3214
644	641
3218	645
3222	3218
3219	3218
3223	3219
3220	3219
3224	3220
3221	3220
3225	3221
646	3221
647	646
649	648
3227	649
3227	3226
3229	3227
3229	3228
498	3229
3230	649
3233	3230
3231	3230
3234	3231
3232	3231
3235	3232
647	3232
650	647
3236	651
3239	3236
3237	3236
3240	3237
3238	3237
3241	3238
652	3238
653	652
655	654
3243	655
3243	3242
3245	3243
3245	3244
510	3245
3246	655
3250	3246
3247	3246
3251	3247
3248	3247
3252	3248
3249	3248
3253	3249
653	3249
656	653
3254	657
3256	3254
658	3254
3257	658
3256	3255
3258	3256
3257	3256
516	3257
3259	658
3263	3259
3260	3259
3264	3260
3261	3260
3265	3261
3262	3261
3266	3262
656	3262
659	656
664	661
3268	664
663	3268
3269	660
3270	3269
662	3269
3271	665
3272	3271
666	3271
667	666
3273	668
3274	3273
669	3273
522	669
667	669
528	667
671	672
670	666
3275	673
3277	3275
3276	3275
3278	3276
674	3276
675	674
677	676
678	677
3279	679
3280	3279
680	3279
531	680
3281	680
3282	3281
678	3281
681	678
3283	682
3284	3283
683	3283
684	683
3285	685
3287	3285
686	3285
3288	686
3287	3286
3289	3287
3288	3287
687	3288
3290	688
3291	3290
689	3290
546	689
687	689
549	687
684	686
3293	684
3293	3292
3295	3293
3295	3294
3297	3295
3297	3296
552	3297
681	683
690	681
692	691
693	692
3298	694
3301	3298
3299	3298
3302	3299
3300	3299
3303	3300
695	3300
696	695
698	697
3305	698
3305	3304
3307	3305
3307	3306
3309	3307
3309	3308
3311	3309
3311	3310
3313	3311
3313	3312
555	3313
3314	698
3316	3314
3315	3314
3317	3315
696	3315
699	696
701	700
3319	701
3319	3318
3321	3319
3321	3320
702	3321
3322	703
3323	3322
704	3322
705	704
3324	706
3326	3324
707	3324
3327	707
3326	3325
3328	3326
3327	3326
708	3327
710	709
3330	710
3330	3329
558	3330
3331	710
3332	3331
708	3331
711	708
713	712
567	713
3333	713
3334	3333
711	3333
570	711
3335	707
3337	3335
705	3335
3338	705
3337	3336
3339	3337
3338	3337
714	3338
3340	715
3343	3340
3341	3340
3344	3341
3342	3341
3345	3342
716	3342
717	716
719	718
720	719
3346	721
3348	3346
722	3346
3349	722
3348	3347
3350	3348
3349	3348
723	3349
725	724
575	725
723	725
578	723
720	722
726	720
3351	727
3352	3351
728	3351
729	728
3353	730
3356	3353
3354	3353
3357	3354
731	3354
3358	731
3356	3355
3359	3356
3357	3356
3360	3357
3358	3357
732	3358
3361	733
3363	3361
3362	3361
3364	3362
734	3362
735	734
739	740
738	736
3365	741
3369	3365
3366	3365
3370	3366
3367	3366
3371	3367
3368	3367
3372	3368
742	3368
743	742
583	745
3374	583
747	3374
3375	744
3376	3375
746	3375
743	745
748	743
3377	749
3378	3377
750	3377
589	750
3379	750
3380	3379
748	3379
742	748
3381	737
3384	3381
3382	3381
3385	3382
3383	3382
3386	3383
735	3383
751	735
753	752
3388	753
3388	3387
3390	3388
3390	3389
607	3390
3391	753
3393	3391
3392	3391
3394	3392
751	3392
754	751
3395	755
3397	3395
3396	3395
3398	3396
756	3396
616	756
3399	756
3400	3399
754	3399
757	754
3401	758
3404	3401
3402	3401
3405	3402
3403	3402
3406	3403
759	3403
760	759
3407	761
3410	3407
3408	3407
3411	3408
762	3408
3412	762
3410	3409
3413	3410
3411	3410
3414	3411
3412	3411
763	3412
3415	764
3418	3415
3416	3415
3419	3416
765	3416
3420	765
3418	3417
3421	3418
3419	3418
3422	3419
3420	3419
766	3420
768	767
634	768
3423	768
3425	3423
3424	3423
3426	3424
766	3424
769	766
3427	770
3428	3427
771	3427
637	771
769	771
3430	769
3430	3429
3432	3430
3432	3431
772	3432
3433	773
3435	3433
3434	3433
3436	3434
774	3434
775	774
3437	776
3439	3437
777	3437
3440	777
3439	3438
3442	3439
3440	3439
3443	3440
3442	3441
3444	3442
3443	3442
778	3443
780	779
640	780
3445	780
3446	3445
778	3445
781	778
3447	782
3448	3447
783	3447
646	783
781	783
3450	781
3450	3449
784	3450
786	785
3452	786
3452	3451
3454	3452
3454	3453
3456	3454
3456	3455
787	3456
789	788
652	789
3457	789
3458	3457
787	3457
790	787
792	791
793	792
795	794
796	795
3459	797
3460	3459
798	3459
799	798
801	800
661	801
3461	801
3462	3461
799	3461
802	799
3463	803
3464	3463
804	3463
805	804
3465	806
3467	3465
3466	3465
3468	3466
807	3466
808	807
3469	809
3470	3469
810	3469
811	810
3471	812
3473	3471
3472	3471
3474	3472
813	3472
814	813
3475	815
3476	3475
816	3475
817	816
3477	818
3479	3477
3478	3477
3480	3478
819	3478
674	819
817	819
820	817
3481	821
3484	3481
3482	3481
3485	3482
3483	3482
3486	3483
822	3483
823	822
3487	824
3489	3487
3488	3487
3490	3488
825	3488
826	825
828	827
829	828
3491	830
3493	3491
3492	3491
3494	3492
831	3492
677	831
3495	831
3497	3495
3496	3495
3498	3496
829	3496
832	829
834	833
692	834
3499	834
3502	3499
3500	3499
3503	3500
3501	3500
3504	3501
832	3501
835	832
3505	836
3507	3505
3506	3505
3508	3506
837	3506
838	837
3509	839
3512	3509
3510	3509
3513	3510
3511	3510
3514	3511
840	3511
695	840
838	840
841	838
3515	842
3517	3515
3516	3515
3518	3516
843	3516
844	843
848	849
847	845
3519	850
3522	3519
3520	3519
3523	3520
3521	3520
3524	3521
851	3521
852	851
3525	853
3528	3525
3526	3525
3529	3526
3527	3526
3530	3527
854	3527
855	854
857	856
3532	857
3532	3531
3534	3532
3534	3533
3536	3534
3536	3535
858	3536
3537	859
3538	3537
860	3537
861	860
3539	862
3542	3539
3540	3539
3543	3540
863	3540
3544	863
3542	3541
3545	3542
3543	3542
3546	3543
3544	3543
701	3544
3547	863
3548	3547
861	3547
704	861
3549	860
3550	3549
858	3549
864	858
3551	865
3553	3551
866	3551
3554	866
3553	3552
3555	3553
3554	3553
867	3554
3556	868
3557	3556
869	3556
716	869
867	869
870	867
872	871
873	872
875	874
876	875
3558	877
3559	3558
878	3558
879	878
881	880
3561	881
3561	3560
882	3561
3562	883
3564	3562
884	3562
3565	884
3564	3563
3567	3564
3565	3564
3568	3565
3567	3566
3570	3567
3568	3567
3571	3568
3570	3569
3572	3570
3571	3570
885	3571
3573	886
3574	3573
887	3573
888	887
890	889
891	890
3575	892
3578	3575
3576	3575
3579	3576
3577	3576
3580	3577
893	3577
734	893
3581	893
3584	3581
3582	3581
3585	3582
3583	3582
3586	3583
891	3583
894	891
3587	895
3589	3587
3588	3587
3590	3588
896	3588
759	896
3591	896
3592	3591
894	3591
897	894
3593	898
3597	3593
3594	3593
3598	3594
3595	3594
3599	3595
899	3595
3600	899
3597	3596
3601	3597
3598	3597
3602	3598
3599	3598
3603	3599
3600	3599
900	3600
3604	901
3606	3604
3605	3604
3607	3605
902	3605
903	902
3608	904
3610	3608
3609	3608
3611	3609
905	3609
906	905
908	907
3613	908
3613	3612
762	3613
3614	908
3616	3614
3615	3614
3617	3615
906	3615
909	906
3618	910
3620	3618
3619	3618
3621	3619
911	3619
912	911
3622	913
3623	3622
914	3622
765	914
3624	914
3627	3624
3625	3624
3628	3625
3626	3625
3629	3626
912	3626
915	912
3630	916
3632	3630
3631	3630
3633	3631
917	3631
774	917
3634	917
3636	3634
915	3634
3637	915
3636	3635
3638	3636
3637	3636
918	3637
3639	919
3641	3639
3640	3639
3642	3640
920	3640
921	920
3643	922
3644	3643
923	3643
924	923
3645	925
3648	3645
3646	3645
3649	3646
3647	3646
3650	3647
926	3647
777	926
3651	926
3653	3651
3652	3651
3654	3652
924	3652
927	924
3655	928
3657	3655
3656	3655
3658	3656
929	3656
930	929
932	931
933	932
935	934
3660	935
3660	3659
786	3660
933	935
936	933
3661	937
3664	3661
3662	3661
3665	3662
938	3662
3666	938
3664	3663
3667	3664
3665	3664
3668	3665
3666	3665
939	3666
3669	940
3671	3669
3670	3669
3672	3670
941	3670
942	941
3673	943
3676	3673
3674	3673
3677	3674
944	3674
3678	944
3676	3675
3679	3676
3677	3676
3680	3677
3678	3677
945	3678
3681	946
3683	3681
947	3681
3684	947
3683	3682
3686	3683
3684	3683
3687	3684
3686	3685
3688	3686
3687	3686
948	3687
3689	949
3691	3689
3690	3689
3692	3690
950	3690
951	950
3693	952
3696	3693
3694	3693
3697	3694
3695	3694
3698	3695
953	3695
954	953
956	955
3700	956
3700	3699
3702	3700
3702	3701
3704	3702
3704	3703
3706	3704
3706	3705
792	3706
3707	956
3710	3707
3708	3707
3711	3708
954	3708
3712	954
3710	3709
3713	3710
3711	3710
3714	3711
3712	3711
957	3712
3715	958
3716	3715
959	3715
960	959
962	961
3718	962
3718	3717
795	3718
960	962
3720	960
3720	3719
963	3720
965	964
3722	965
3722	3721
966	3722
968	967
969	968
971	970
3724	971
3724	3723
798	3724
3725	971
3726	3725
969	3725
972	969
974	973
804	974
972	974
807	972
3727	968
3728	3727
966	3727
975	966
3729	976
3730	3729
977	3729
978	977
980	979
3732	980
3732	3731
3734	3732
3734	3733
981	3734
3735	982
3737	3735
3736	3735
3738	3736
983	3736
984	983
3739	985
3741	3739
3740	3739
3742	3740
986	3740
987	986
3743	988
3745	3743
3744	3743
3746	3744
989	3744
990	989
992	991
810	992
3747	992
3749	3747
3748	3747
3750	3748
990	3748
813	990
987	989
993	987
995	994
3752	995
3752	3751
996	3752
3753	997
3754	3753
998	3753
999	998
1001	1000
3756	1001
3756	3755
1002	3756
3757	1003
3760	3757
3758	3757
3761	3758
3759	3758
3762	3759
1004	3759
816	1004
3763	1004
3766	3763
3764	3763
3767	3764
3765	3764
3768	3765
1002	3765
822	1002
3769	1001
3770	3769
999	3769
1005	999
1007	1006
1008	1007
3771	1009
3772	3771
1010	3771
825	1010
3773	1010
3774	3773
1008	3773
1011	1008
3775	1012
3777	3775
3776	3775
3778	3776
1013	3776
1014	1013
3779	1015
3780	3779
1016	3779
1017	1016
3781	1018
3782	3781
1019	3781
1020	1019
3783	1021
3785	3783
1022	3783
3786	1022
3785	3784
3788	3785
3786	3785
3789	3786
3788	3787
3791	3788
3789	3788
3792	3789
3791	3790
3793	3791
3792	3791
851	3792
3794	1022
3797	3794
3795	3794
3798	3795
3796	3795
3799	3796
1020	3796
1023	1020
3800	1024
3801	3800
1025	3800
1026	1025
1028	1027
1029	1028
3802	1030
3805	3802
3803	3802
3806	3803
3804	3803
3807	3804
1031	3804
1032	1031
1034	1033
3809	1034
3809	3808
3811	3809
3811	3810
3813	3811
3813	3812
854	3813
3814	1034
3817	3814
3815	3814
3818	3815
3816	3815
3819	3816
1032	3816
1035	1032
3820	1036
3822	3820
1037	3820
3823	1037
3822	3821
3824	3822
3823	3822
1038	3823
3825	1039
3826	3825
1040	3825
1041	1040
3827	1042
3830	3827
3828	3827
3831	3828
3829	3828
3832	3829
1043	3829
857	1043
3833	1043
3834	3833
1041	3833
1044	1041
3835	1045
3836	3835
1046	3835
1047	1046
3837	1048
3839	3837
1049	3837
3840	1049
3839	3838
3841	3839
3840	3839
1050	3840
3842	1051
3843	3842
1052	3842
866	1052
1050	1052
872	1050
1047	1049
3845	1047
3845	3844
875	3845
1044	1046
1053	1044
3846	1054
3848	3846
3847	3846
3849	3847
1055	3847
1056	1055
3850	1057
3852	3850
3851	3850
3853	3851
1058	3851
878	1058
1056	1058
3855	1056
3855	3854
3857	3855
3857	3856
1059	3857
3858	1060
3859	3858
1061	3858
1062	1061
3860	1063
3861	3860
1064	3860
1065	1064
3862	1066
3863	3862
1067	3862
1068	1067
3864	1069
3865	3864
1070	3864
881	1070
3866	1070
3867	3866
1068	3866
1071	1068
3868	1072
3869	3868
1073	3868
884	1073
3870	1073
3872	3870
1071	3870
3873	1071
3872	3871
3874	3872
3873	3872
1074	3873
1076	1075
3876	1076
3876	3875
1077	3876
3877	1078
3879	3877
1079	3877
3880	1079
3879	3878
3881	3879
3880	3879
1080	3880
1082	1081
887	1082
1080	1082
3883	1080
3883	3882
1083	3883
1085	1084
890	1085
3884	1085
3885	3884
1083	3884
899	1083
1077	1079
1086	1077
3886	1087
3887	3886
1088	3886
1089	1088
3888	1090
3891	3888
3889	3888
3892	3889
1091	3889
3893	1091
3891	3890
3894	3891
3892	3891
3895	3892
3893	3892
1092	3893
3896	1093
3897	3896
1094	3896
902	1094
3898	1094
3899	3898
1092	3898
1095	1092
3900	1096
3901	3900
1097	3900
1098	1097
3902	1099
3903	3902
1100	3902
905	1100
3904	1100
3906	3904
3905	3904
3907	3905
1098	3905
1101	1098
3908	1102
3912	3908
3909	3908
3913	3909
3910	3909
3914	3910
1103	3910
3915	1103
3912	3911
3916	3912
3913	3912
3917	3913
3914	3913
3918	3914
3915	3914
1104	3915
3919	1105
3921	3919
3920	3919
3922	3920
1106	3920
1107	1106
3923	1108
3925	3923
3924	3923
3926	3924
1109	3924
1110	1109
1112	1111
3928	1112
3928	3927
3930	3928
3930	3929
911	3930
3931	1112
3933	3931
3932	3931
3934	3932
1110	3932
1113	1110
3935	1114
3938	3935
3936	3935
3939	3936
1115	3936
3940	1115
3938	3937
3941	3938
3939	3938
3942	3939
3940	3939
1116	3940
3943	1117
3944	3943
1118	3943
1119	1118
3945	1120
3947	3945
3946	3945
3948	3946
1121	3946
920	1121
1119	1121
1122	1119
3949	1123
3950	3949
1124	3949
1125	1124
3951	1126
3954	3951
3952	3951
3955	3952
1127	3952
3956	1127
3954	3953
3958	3954
3955	3954
3959	3955
3956	3955
3960	3956
3958	3957
3961	3958
3959	3958
3962	3959
3960	3959
1128	3960
3963	1129
3965	3963
3964	3963
3966	3964
1130	3964
1131	1130
1133	1132
1134	1133
3967	1135
3968	3967
1136	3967
1137	1136
3969	1138
3972	3969
3970	3969
3973	3970
3971	3970
3974	3971
1139	3971
1140	1139
3975	1141
3978	3975
3976	3975
3979	3976
1142	3976
3980	1142
3978	3977
3982	3978
3979	3978
3983	3979
3980	3979
3984	3980
3982	3981
3985	3982
3983	3982
3986	3983
3984	3983
923	3984
1140	1142
3988	1140
3988	3987
1143	3988
1145	1144
1146	1145
1148	1147
3990	1148
3990	3989
3992	3990
3992	3991
929	3992
3993	1148
3994	3993
1146	3993
1149	1146
3995	1150
3996	3995
1151	3995
941	1151
1149	1151
1152	1149
3997	1153
4000	3997
3998	3997
4001	3998
3999	3998
4002	3999
1154	3999
1155	1154
4003	1156
4005	4003
4004	4003
4006	4004
1157	4004
1158	1157
1162	944
1161	1159
4007	1160
4010	4007
4008	4007
4011	4008
4009	4008
4012	4009
1158	4009
1163	1158
1167	1168
1166	1164
1170	1169
1171	1170
4013	1172
4015	4013
1173	4013
4016	1173
4015	4014
4017	4015
4016	4015
1174	4016
1176	1175
4019	1176
4019	4018
1177	4019
4020	1178
4022	4020
1179	4020
4023	1179
4022	4021
4024	4022
4023	4022
953	4023
1177	1179
4026	1177
4026	4025
1180	4026
4027	1181
4029	4027
1182	4027
4030	1182
4029	4028
4031	4029
4030	4029
1183	4030
4032	1184
4033	4032
1185	4032
1186	1185
4034	1187
4036	4034
1188	4034
4037	1188
4036	4035
4038	4036
4037	4036
1189	4037
4039	1190
4040	4039
1191	4039
1192	1191
4041	1193
4044	4041
4042	4041
4045	4042
4043	4042
4046	4043
1194	4043
959	1194
1192	1194
1195	1192
1197	1196
4048	1197
4048	4047
965	4048
1195	1197
4050	1195
4050	4049
4052	4050
4052	4051
4054	4052
4054	4053
4056	4054
4056	4055
4058	4056
4058	4057
1198	4058
1200	1199
1201	1200
1203	1202
4060	1203
4060	4059
4062	4060
4062	4061
4064	4062
4064	4063
977	4064
4065	1203
4066	4065
1201	4065
1204	1201
4067	1205
4068	4067
1206	4067
980	1206
4069	1206
4070	4069
1204	4069
1207	1204
4071	1208
4073	4071
1209	4071
4074	1209
4073	4072
4075	4073
4074	4073
1210	4074
4076	1211
4077	4076
1212	4076
1213	1212
4078	1214
4080	4078
4079	4078
4081	4079
1215	4079
983	1215
1213	1215
4083	1213
4083	4082
1216	4083
1218	1217
4085	1218
4085	4084
1219	4085
4086	1220
4087	4086
1221	4086
1222	1221
4088	1223
4089	4088
1224	4088
998	1224
1222	1224
4091	1222
4091	4090
4093	4091
4093	4092
4095	4093
4095	4094
1225	4095
4096	1226
4097	4096
1227	4096
1228	1227
1230	1229
4099	1230
4099	4098
4101	4099
4101	4100
1016	4101
4102	1230
4104	4102
1228	4102
4105	1228
4104	4103
4106	4104
4105	4104
1231	4105
1233	1232
4108	1233
4108	4107
1234	4108
4109	1235
4110	4109
1236	4109
1237	1236
4111	1238
4112	4111
1239	4111
1240	1239
1242	1241
4114	1242
4114	4113
4116	4114
4116	4115
1019	4116
4117	1242
4119	4117
1240	4117
4120	1240
4119	4118
4121	4119
4120	4119
1025	4120
1237	1239
1243	1237
1245	1244
1246	1245
1248	1247
1249	1248
4122	1250
4124	4122
4123	4122
4125	4123
1251	4123
1028	1251
4126	1251
4127	4126
1249	4126
1252	1249
4128	1253
4130	4128
4129	4128
4131	4129
1254	4129
1255	1254
4132	1256
4134	4132
4133	4132
4135	4133
1257	4133
1031	1257
4136	1257
4137	4136
1255	4136
1258	1255
1260	1259
4139	1260
4139	4138
4141	4139
4141	4140
4143	4141
4143	4142
1261	4143
4144	1262
4146	4144
4145	4144
4147	4145
1263	4145
1037	1263
4148	1263
4150	4148
4149	4148
4151	4149
1261	4149
1264	1261
4152	1265
4153	4152
1266	4152
1267	1266
4154	1268
4155	4154
1269	4154
1270	1269
4156	1271
4158	4156
4157	4156
4159	4157
1272	4157
1273	1272
4160	1274
4161	4160
1275	4160
1040	1275
4162	1275
4164	4162
4163	4162
4165	4163
1273	4163
1055	1273
4166	1272
4167	4166
1270	4166
1276	1270
4168	1277
4169	4168
1278	4168
1279	1278
4170	1280
4171	4170
1281	4170
1282	1281
4172	1283
4173	4172
1284	4172
1285	1284
4174	1286
4175	4174
1287	4174
1061	1287
1285	1287
4177	1285
4177	4176
1288	4177
1290	1289
1291	1290
1293	1292
1064	1293
1291	1293
1294	1291
4178	1295
4179	4178
1296	4178
1067	1296
4180	1296
4181	4180
1294	4180
1297	1294
1299	1298
1076	1299
4182	1299
4184	4182
4183	4182
4185	4183
1297	4183
1300	1297
4186	1301
4187	4186
1302	4186
1088	1302
1300	1302
1091	1300
1288	1290
1303	1288
4188	1304
4189	4188
1305	4188
1306	1305
1308	1307
4191	1308
4191	4190
1309	4191
4192	1310
4194	4192
1311	4192
4195	1311
4194	4193
4197	4194
4195	4194
4198	4195
4197	4196
4200	4197
4198	4197
4201	4198
4200	4199
4202	4200
4201	4200
1312	4201
4203	1313
4204	4203
1314	4203
1315	1314
4205	1316
4207	4205
4206	4205
4208	4206
1317	4206
1318	1317
1320	1319
1097	1320
4209	1320
4210	4209
1318	4209
1103	1318
1315	1317
4212	1315
4212	4211
1321	4212
4213	1322
4215	4213
1323	4213
4216	1323
4215	4214
4217	4215
4216	4215
1324	4216
1326	1325
1327	1326
4218	1328
4220	4218
4219	4218
4221	4219
1329	4219
1330	1329
4222	1331
4224	4222
4223	4222
4225	4223
1332	4223
1333	1332
4226	1334
4230	4226
4227	4226
4231	4227
4228	4227
4232	4228
1335	4228
4233	1335
4230	4229
4234	4230
4231	4230
4235	4231
4232	4231
4236	4232
4233	4232
1336	4233
4237	1337
4240	4237
4238	4237
4241	4238
4239	4238
4242	4239
1338	4239
1339	1338
1344	1341
4244	1344
1343	4244
4245	1340
4246	4245
1342	4245
4247	1345
4248	4247
1346	4247
1106	1346
4249	1346
4252	4249
4250	4249
4253	4250
4251	4250
4254	4251
1344	4251
1347	1344
4255	1348
4256	4255
1349	4255
1109	1349
4257	1349
4259	4257
4258	4257
4260	4258
1347	4258
1350	1347
1352	1351
1115	1352
4261	1352
4264	4261
4262	4261
4265	4262
4263	4262
4266	4263
1350	4263
1353	1350
4267	1354
4269	4267
4268	4267
4270	4268
1355	4268
1356	1355
4271	1357
4274	4271
4272	4271
4275	4272
1358	4272
4276	1358
4274	4273
4277	4274
4275	4274
4278	4275
4276	4275
1359	4276
4279	1360
4280	4279
1361	4279
1362	1361
4281	1363
4283	4281
4282	4281
4284	4282
1364	4282
1127	1364
1362	1364
1365	1362
1367	1366
1368	1367
1370	1369
4286	1370
4286	4285
4288	4286
4288	4287
4290	4288
4290	4289
1371	4290
4291	1372
4293	4291
4292	4291
4294	4292
1373	4292
1374	1373
4295	1375
4297	4295
4296	4295
4298	4296
1376	4296
1377	1376
1379	1378
4300	1379
4300	4299
1130	4300
4301	1379
4304	4301
4302	4301
4305	4302
1377	4302
4306	1377
4304	4303
4307	4304
4305	4304
4308	4305
4306	4305
1380	4306
4309	1381
4310	4309
1382	4309
1383	1382
4311	1384
4314	4311
4312	4311
4315	4312
1385	4312
4316	1385
4314	4313
4317	4314
4315	4314
4318	4315
4316	4315
1133	4316
4319	1385
4321	4319
4320	4319
4322	4320
1383	4320
1386	1383
1388	1387
1389	1388
1391	1390
4324	1391
4324	4323
1392	4324
1394	1393
1136	1394
1392	1394
1395	1392
4325	1396
4326	4325
1397	4325
1260	1397
1395	1397
1398	1395
1400	1399
4328	1400
4328	4327
4330	4328
4330	4329
4332	4330
4332	4331
1401	4332
1403	1402
1404	1403
1406	1405
4334	1406
4334	4333
4336	4334
4336	4335
4338	4336
4338	4337
4340	4338
4340	4339
1407	4340
4341	1408
4343	4341
4342	4341
4344	4342
1409	4342
1266	1409
4345	1409
4347	4345
4346	4345
4348	4346
1407	4346
1410	1407
1412	1411
1281	1412
4349	1412
4351	4349
4350	4349
4352	4350
1410	4350
1413	1410
4353	1414
4355	4353
4354	4353
4356	4354
1415	4354
1416	1415
4357	1417
4359	4357
4358	4357
4360	4358
1418	4358
1419	1418
1421	1420
1284	1421
4361	1421
4363	4361
1419	4361
4364	1419
4363	4362
4365	4363
4364	4363
1305	4364
4366	1418
4368	4366
4367	4366
4369	4367
1416	4367
1422	1416
1424	1423
4371	1424
4371	4370
4373	4371
4373	4372
4375	4373
4375	4374
1425	4375
4376	1426
4378	4376
4377	4376
4379	4377
1427	4377
1308	1427
4380	1427
4382	4380
4381	4380
4383	4381
1425	4381
1428	1425
4384	1429
4386	4384
4385	4384
4387	4385
1430	4385
1431	1430
4388	1432
4390	4388
1433	4388
4391	1433
4390	4389
4392	4390
4391	4390
1311	4391
4393	1433
4395	4393
1431	4393
4396	1431
4395	4394
4397	4395
4396	4395
1434	4396
1436	1435
4399	1436
4399	4398
1326	4399
1434	1436
1437	1434
4400	1438
4402	4400
4401	4400
4403	4401
1439	4401
1329	1439
4404	1439
4405	4404
1437	4404
1440	1437
1442	1441
4407	1442
4407	4406
1443	4407
4408	1444
4410	4408
1445	4408
4411	1445
4410	4409
4412	4410
4411	4410
1446	4411
1448	1447
1332	1448
4413	1448
4414	4413
1446	4413
1335	1446
4415	1445
4416	4415
1443	4415
1449	1443
4417	1450
4419	4417
1451	4417
4420	1451
4419	4418
4421	4419
4420	4419
1452	4420
1454	1453
4423	1454
4423	4422
1455	4423
4424	1456
4426	4424
1457	4424
4427	1457
4426	4425
4428	4426
4427	4426
1458	4427
1460	1459
1338	1460
1458	1460
1341	1458
1455	1457
1461	1455
4429	1462
4431	4429
4430	4429
4432	4430
1463	4430
1464	1463
1469	1466
4434	1469
1468	4434
4435	1465
4436	4435
1467	4435
4437	1470
4440	4437
4438	4437
4441	4438
4439	4438
4442	4439
1471	4439
1472	1471
4443	1473
4446	4443
4444	4443
4447	4444
4445	4444
4448	4445
1474	4445
1475	1474
4449	1476
4452	4449
4450	4449
4453	4450
4451	4450
4454	4451
1477	4451
1355	1477
4455	1477
4457	4455
4456	4455
4458	4456
1475	4456
1478	1475
1480	1479
1358	1480
4459	1480
4461	4459
4460	4459
4462	4460
1478	4460
1481	1478
1483	1482
1484	1483
4463	1485
4464	4463
1486	4463
1370	1486
4465	1486
4466	4465
1484	4465
1487	1484
4467	1488
4468	4467
1489	4467
1490	1489
4469	1491
4472	4469
4470	4469
4473	4470
4471	4470
4474	4471
1492	4471
1493	1492
4475	1494
4477	4475
4476	4475
4478	4476
1495	4476
1373	1495
1493	1495
1496	1493
4479	1497
4481	4479
4480	4479
4482	4480
1498	4480
1499	1498
4483	1500
4485	4483
4484	4483
4486	4484
1501	4484
1502	1501
4487	1503
4489	4487
4488	4487
4490	4488
1504	4488
1505	1504
4491	1506
4492	4491
1507	4491
1376	1507
4493	1507
4496	4493
4494	4493
4497	4494
4495	4494
4498	4495
1505	4495
1508	1505
4499	1509
4502	4499
4500	4499
4503	4500
4501	4500
4504	4501
1510	4501
1511	1510
1513	1512
4506	1513
4506	4505
1514	4506
4507	1515
4508	4507
1516	4507
1517	1516
1519	1518
1520	1519
4509	1521
4511	4509
4510	4509
4512	4510
1522	4510
1382	1522
4513	1522
4514	4513
1520	4513
1523	1520
4515	1524
4516	4515
1525	4515
1526	1525
1528	1527
1529	1528
4517	1530
4519	4517
4518	4517
4520	4518
1531	4518
1532	1531
4521	1533
4524	4521
4522	4521
4525	4522
4523	4522
4526	4523
1534	4523
1388	1534
1532	1534
1535	1532
1537	1536
4528	1537
4528	4527
1403	4528
1535	1537
1538	1535
4529	1539
4530	4529
1540	4529
1541	1540
4531	1542
4533	4531
1543	4531
4534	1543
4533	4532
4535	4533
4534	4533
1544	4534
4536	1545
4537	4536
1546	4536
1547	1546
4538	1548
4540	4538
4539	4538
4541	4539
1549	4539
1424	1549
4542	1549
4543	4542
1547	4542
1550	1547
4544	1551
4545	4544
1552	4544
1553	1552
4546	1554
4547	4546
1555	4546
1556	1555
4548	1557
4549	4548
1558	4548
1559	1558
4550	1560
4551	4550
1561	4550
1562	1561
4552	1563
4553	4552
1564	4552
1565	1564
4554	1566
4555	4554
1567	4554
1430	1567
4556	1567
4557	4556
1565	4556
1568	1565
4558	1569
4559	4558
1570	4558
1571	1570
4560	1572
4561	4560
1573	4560
1574	1573
4562	1575
4563	4562
1576	4562
1442	1576
1574	1576
1577	1574
1579	1578
1580	1579
1582	1581
4565	1582
4565	4564
1583	4565
4566	1584
4567	4566
1585	4566
1586	1585
1588	1587
1589	1588
4568	1590
4569	4568
1591	4568
1451	1591
4570	1591
4571	4570
1589	4570
1592	1589
4572	1593
4573	4572
1594	4572
1595	1594
4574	1596
4575	4574
1597	4574
1598	1597
4576	1599
4578	4576
1600	4576
4579	1600
4578	4577
4580	4578
4579	4578
1601	4579
4581	1602
4582	4581
1603	4581
1604	1603
4583	1605
4584	4583
1606	4583
1607	1606
1609	1608
1454	1609
4585	1609
4587	4585
4586	4585
4588	4586
1607	4586
1610	1607
4589	1611
4591	4589
4590	4589
4592	4590
1612	4590
1463	1612
1610	1612
1613	1610
4593	1614
4594	4593
1615	4593
1466	1615
4595	1615
4597	4595
1613	4595
4598	1613
4597	4596
4599	4597
4598	4597
1616	4598
4600	1617
4602	4600
1618	4600
4603	1618
4602	4601
4604	4602
4603	4602
1619	4603
4605	1620
4607	4605
1621	4605
4608	1621
4607	4606
4609	4607
4608	4607
1622	4608
4610	1623
4613	4610
4611	4610
4614	4611
4612	4611
4615	4612
1624	4612
1625	1624
1627	1626
1628	1627
4616	1629
4618	4616
1630	4616
4619	1630
4618	4617
4620	4618
4619	4618
1631	4619
1633	1632
1471	1633
1631	1633
1474	1631
1628	1630
1634	1628
4621	1635
4623	4621
4622	4621
4624	4622
1636	4622
1637	1636
1642	1639
4626	1642
1641	4626
4627	1638
4628	4627
1640	4627
4629	1643
4632	4629
4630	4629
4633	4630
4631	4630
4634	4631
1644	4631
1645	1644
4635	1646
4637	4635
4636	4635
4638	4636
1647	4636
1648	1647
4639	1649
4641	4639
4640	4639
4642	4640
1650	4640
1483	1650
1652	1653
1651	1650
1657	1658
1656	1654
4643	1659
4645	4643
4644	4643
4646	4644
1660	4644
1661	1660
1663	1662
1489	1663
4647	1663
4649	4647
4648	4647
4650	4648
1661	4648
1492	1661
4651	1660
4655	4651
4652	4651
4656	4652
4653	4652
4657	4653
1658	4653
4658	1658
4655	4654
4659	4655
4656	4655
4660	4656
4657	4656
4661	4657
4658	4657
1664	4658
4662	1665
4664	4662
4663	4662
4665	4663
1666	4663
1667	1666
4666	1668
4668	4666
4667	4666
4669	4667
1669	4667
1498	1669
1667	1669
4671	1667
4671	4670
1670	4671
4672	1671
4675	4672
4673	4672
4676	4673
4674	4673
4677	4674
1672	4674
1673	1672
1675	1674
1676	1675
4678	1677
4679	4678
1678	4678
1679	1678
1681	1680
1682	1681
1684	1683
1501	1684
1682	1684
1504	1682
1679	1681
4681	1679
4681	4680
4683	4681
4683	4682
1685	4683
4684	1686
4685	4684
1687	4684
1688	1687
1690	1689
4687	1690
4687	4686
1510	4687
4688	1690
4690	4688
1688	4688
4691	1688
4690	4689
4692	4690
4691	4690
1691	4691
4693	1692
4694	4693
1693	4693
1694	1693
4695	1695
4698	4695
4696	4695
4699	4696
4697	4696
4700	4697
1696	4697
1513	1696
4701	1696
4704	4701
4702	4701
4705	4702
4703	4702
4706	4703
1694	4703
1697	1694
1699	1698
1700	1699
1702	1701
1703	1702
1705	1704
4708	1705
4708	4707
1706	4708
1708	1707
1516	1708
1706	1708
1709	1706
4709	1710
4710	4709
1711	4709
1712	1711
4711	1713
4713	4711
1714	4711
4714	1714
4713	4712
4715	4713
4714	4713
1715	4714
4716	1716
4718	4716
4717	4716
4719	4717
1717	4717
1718	1717
4720	1719
4721	4720
1720	4720
1528	1720
1718	1720
1721	1718
4722	1722
4724	4722
4723	4722
4725	4723
1723	4723
1531	1723
4726	1723
4728	4726
4727	4726
4729	4727
1721	4727
1724	1721
1726	1725
1540	1726
4730	1726
4733	4730
4731	4730
4734	4731
1724	4731
4735	1724
4733	4732
4736	4733
4734	4733
4737	4734
4735	4734
1727	4735
1729	1728
1730	1729
1732	1731
4739	1732
4739	4738
1558	4739
1730	1732
1733	1730
4740	1734
4742	4740
4741	4740
4743	4741
1735	4741
1585	1735
4744	1735
4745	4744
1733	4744
1736	1733
4746	1737
4748	4746
4747	4746
4749	4747
1738	4747
1739	1738
1741	1740
1742	1741
1744	1743
4751	1744
4751	4750
4753	4751
4753	4752
4755	4753
4755	4754
1597	4755
1742	1744
1745	1742
4756	1746
4757	4756
1747	4756
1748	1747
1750	1749
1751	1750
4758	1752
4759	4758
1753	4758
1754	1753
4760	1755
4762	4760
1756	4760
4763	1756
4762	4761
4764	4762
4763	4762
1757	4763
4765	1758
4766	4765
1759	4765
1600	1759
1757	1759
4768	1757
4768	4767
1760	4768
1762	1761
4770	1762
4770	4769
1603	4770
1760	1762
1763	1760
1765	1764
4772	1765
4772	4771
4774	4772
4774	4773
1766	4774
4775	1767
4776	4775
1768	4775
1769	1768
4777	1770
4779	4777
1771	4777
4780	1771
4779	4778
4781	4779
4780	4779
1772	4780
4782	1773
4783	4782
1774	4782
1775	1774
4784	1776
4785	4784
1777	4784
1621	1777
4786	1777
4787	4786
1775	4786
1778	1775
4788	1779
4789	4788
1780	4788
1781	1780
4790	1782
4791	4790
1783	4790
1784	1783
4792	1785
4793	4792
1786	4792
1787	1786
4794	1788
4795	4794
1789	4794
1790	1789
4796	1791
4797	4796
1792	4796
1624	1792
1790	1792
4799	1790
4799	4798
1793	4799
4800	1794
4801	4800
1795	4800
1639	1795
4802	1795
4804	4802
1793	4802
4805	1793
4804	4803
4806	4804
4805	4804
1796	4805
4807	1797
4809	4807
1798	4807
4810	1798
4809	4808
4811	4809
4810	4809
1799	4810
4812	1800
4815	4812
4813	4812
4816	4813
4814	4813
4817	4814
1801	4814
1802	1801
1804	1803
1805	1804
4818	1806
4820	4818
1807	4818
4821	1807
4820	4819
4822	4820
4821	4820
1808	4821
1810	1809
1644	1810
1808	1810
4824	1808
4824	4823
1811	4824
1813	1812
1647	1813
4825	1813
4826	4825
1811	4825
1655	1811
1805	1807
1814	1805
4827	1815
4829	4827
4828	4827
4830	4828
1816	4828
1817	1816
4831	1818
4833	4831
4832	4831
4834	4832
1819	4832
1820	1819
4835	1821
4838	4835
4836	4835
4839	4836
4837	4836
4840	4837
1822	4837
1823	1822
4841	1824
4844	4841
4842	4841
4845	4842
4843	4842
4846	4843
1825	4843
1666	1825
4847	1825
4848	4847
1823	4847
1826	1823
4849	1827
4851	4849
4850	4849
4852	4850
1828	4850
1672	1828
4853	1828
4854	4853
1826	4853
1829	1826
1831	1830
4856	1831
4856	4855
1832	4856
4857	1833
4859	4857
1834	4857
4860	1834
4859	4858
4861	4859
4860	4859
1835	4860
1837	1836
1838	1837
4862	1839
4864	4862
4863	4862
4865	4863
1840	4863
1841	1840
4866	1842
4868	4866
4867	4866
4869	4867
1843	4867
1844	1843
1848	1849
1847	1845
4870	1850
4873	4870
4871	4870
4874	4871
4872	4871
4875	4872
1851	4872
1852	1851
4876	1853
4878	4876
4877	4876
4879	4877
1854	4877
1855	1854
4880	1856
4883	4880
4881	4880
4884	4881
4882	4881
4885	4882
1857	4882
1675	1857
4886	1857
4889	4886
4887	4886
4890	4887
4888	4887
4891	4888
1855	4888
1858	1855
1862	1863
1861	1859
4892	1864
4893	4892
1865	4892
1866	1865
4894	1867
4895	4894
1868	4894
1678	1868
4896	1868
4899	4896
4897	4896
4900	4897
1866	4897
4901	1866
4899	4898
4902	4899
4900	4899
4903	4900
4901	4900
1869	4901
4904	1870
4905	4904
1871	4904
1872	1871
4906	1873
4907	4906
1874	4906
1687	1874
1872	1874
1875	1872
1877	1876
4909	1877
4909	4908
1878	4909
1880	1879
4911	1880
4911	4910
4913	4911
4913	4912
4915	4913
4915	4914
4917	4915
4917	4916
1881	4917
4918	1882
4919	4918
1883	4918
1884	1883
4920	1885
4922	4920
4921	4920
4923	4921
1886	4921
1693	1886
4924	1886
4925	4924
1884	4924
1887	1884
1889	1888
4927	1889
4927	4926
1890	4927
4928	1891
4930	4928
4929	4928
4931	4929
1892	4929
1699	1892
4932	1892
4934	4932
4933	4932
4935	4933
1890	4933
1893	1890
4936	1894
4938	4936
4937	4936
4939	4937
1895	4937
1896	1895
1898	1897
1899	1898
4940	1900
4941	4940
1901	4940
1702	1901
1899	1901
1902	1899
1904	1903
4943	1904
4943	4942
1905	4943
1907	1906
1908	1907
1910	1909
4945	1910
4945	4944
4947	4945
4947	4946
4949	4947
4949	4948
1911	4949
1913	1912
4951	1913
4951	4950
1705	4951
1911	1913
1711	1911
1908	1910
4953	1908
4953	4952
4955	4953
4955	4954
4957	4955
4957	4956
1914	4957
4958	1915
4959	4958
1916	4958
1917	1916
4960	1918
4961	4960
1919	4960
1920	1919
1922	1921
4963	1922
4963	4962
4965	4963
4965	4964
4967	4965
4967	4966
1714	4967
4968	1922
4971	4968
4969	4968
4972	4969
1920	4969
4973	1920
4971	4970
4974	4971
4972	4971
4975	4972
4973	4972
1717	4973
4976	1919
4977	4976
1917	4976
1923	1917
4978	1924
4979	4978
1925	4978
1741	1925
1923	1925
1747	1923
4980	1916
4981	4980
1914	4980
1926	1914
1928	1927
1750	1928
4982	1928
4984	4982
4983	4982
4985	4983
1926	4983
1929	1926
1931	1930
1932	1931
1934	1933
1753	1934
1932	1934
1935	1932
4986	1936
4988	4986
4987	4986
4989	4987
1937	4987
1938	1937
4990	1939
4992	4990
4991	4990
4993	4991
1940	4991
1768	1940
1938	1940
4995	1938
4995	4994
4997	4995
4997	4996
1941	4997
4998	1942
4999	4998
1943	4998
1944	1943
5000	1945
5001	5000
1946	5000
1780	1946
1944	1946
1783	1944
5002	1943
5003	5002
1941	5002
1947	1941
1949	1948
5005	1949
5005	5004
1950	5005
1952	1951
1953	1952
1955	1954
1786	1955
1953	1955
1789	1953
1950	1952
1956	1950
5006	1957
5007	5006
1958	5006
1959	1958
1961	1960
5009	1961
5009	5008
1962	5009
5010	1963
5011	5010
1964	5010
1798	1964
5012	1964
5013	5012
1962	5012
1965	1962
5014	1966
5015	5014
1967	5014
1968	1967
5016	1969
5017	5016
1970	5016
1971	1970
5018	1972
5019	5018
1973	5018
1974	1973
5020	1975
5021	5020
1976	5020
1801	1976
1974	1976
5023	1974
5023	5022
5025	5023
5025	5024
1819	5025
1971	1973
1977	1971
1979	1978
1980	1979
1982	1981
5027	1982
5027	5026
1983	5027
5028	1984
5029	5028
1985	5028
1986	1985
1988	1987
5031	1988
5031	5030
1989	5031
5032	1990
5034	5032
1991	5032
5035	1991
5034	5033
5037	5034
5035	5034
5038	5035
5037	5036
5040	5037
5038	5037
5041	5038
5040	5039
5042	5040
5041	5040
1992	5041
5043	1993
5044	5043
1994	5043
1995	1994
1997	1996
1822	1997
1995	1997
1831	1995
1992	1994
1834	1992
5045	1991
5046	5045
1989	5045
1998	1989
5047	1999
5049	5047
2000	5047
5050	2000
5049	5048
5051	5049
5050	5049
2001	5050
5052	2002
5055	5052
5053	5052
5056	5053
5054	5053
5057	5054
2003	5054
2004	2003
2006	2005
1837	2006
5058	2006
5060	5058
5059	5058
5061	5059
2004	5059
1840	2004
5062	2003
5063	5062
2001	5062
2007	2001
2009	2008
5065	2009
5065	5064
2010	5065
5066	2011
5067	5066
2012	5066
2013	2012
2015	2014
1843	2015
5068	2015
5069	5068
2013	5068
1846	2013
5070	2012
5072	5070
2010	5070
5073	2010
5072	5071
5075	5072
5073	5072
5076	5073
5075	5074
5077	5075
5076	5075
2016	5076
5078	2017
5079	5078
2018	5078
2019	2018
2021	2020
5081	2021
5081	5080
5083	5081
5083	5082
5085	5083
5085	5084
2022	5085
5086	2023
5088	5086
2024	5086
5089	2024
5088	5087
5090	5088
5089	5088
2025	5089
2027	2026
1851	2027
2025	2027
5092	2025
5092	5091
2028	5092
2030	2029
1854	2030
5093	2030
5094	5093
2028	5093
1860	2028
2022	2024
5096	2022
5096	5095
5098	5096
5098	5097
5100	5098
5100	5099
2031	5100
5101	2032
5103	5101
5102	5101
5104	5102
2033	5102
2034	2033
5105	2035
5107	5105
5106	5105
5108	5106
2036	5106
2037	2036
5109	2038
5112	5109
5110	5109
5113	5110
2039	5110
5114	2039
5112	5111
5115	5112
5113	5112
5116	5113
5114	5113
1865	5114
2037	2039
5118	2037
5118	5117
2036	5118
5119	2033
5121	5119
5120	5119
5122	5120
2031	5120
2040	2031
2042	2041
5124	2042
5124	5123
5126	5124
5126	5125
5128	5126
5128	5127
2043	5128
5129	2044
5130	5129
2045	5129
2046	2045
2048	2047
5132	2048
5132	5131
5134	5132
5134	5133
5136	5134
5136	5135
5138	5136
5138	5137
1880	5138
2046	2048
2049	2046
2051	2050
5140	2051
5140	5139
2052	5140
2054	2053
1883	2054
2052	2054
2055	2052
2057	2056
2058	2057
5141	2059
5142	5141
2060	5141
2061	2060
5143	2062
5145	5143
5144	5143
5146	5144
2063	5144
1889	2063
5147	2063
5149	5147
5148	5147
5150	5148
2061	5148
2064	2061
5151	2065
5152	5151
2066	5151
2067	2066
2069	2068
5154	2069
5154	5153
5156	5154
5156	5155
5158	5156
5158	5157
1895	5158
5159	2069
5160	5159
2067	5159
2070	2067
5161	2071
5162	5161
2072	5161
2073	2072
5163	2074
5165	5163
5164	5163
5166	5164
2075	5164
2076	2075
5167	2077
5170	5167
5168	5167
5171	5168
2078	5168
5172	2078
5170	5169
5173	5170
5171	5170
5174	5171
5172	5171
2079	5172
5175	2080
5177	5175
5176	5175
5178	5176
2081	5176
1898	2081
2079	2081
2082	2079
5179	2083
5180	5179
2084	5179
2085	2084
2087	2086
1904	2087
5181	2087
5182	5181
2085	5181
2088	2085
5183	2089
5184	5183
2090	5183
2091	2090
5185	2092
5187	5185
5186	5185
5188	5186
2093	5186
2094	2093
5189	2095
5190	5189
2096	5189
2097	2096
5191	2098
5193	5191
5192	5191
5194	5192
2099	5192
2100	2099
5195	2101
5197	5195
2102	5195
5198	2102
5197	5196
5199	5197
5198	5197
1907	5198
5200	2102
5202	5200
5201	5200
5203	5201
2100	5201
1931	2100
5204	2099
5206	5204
5205	5204
5207	5205
2097	5205
2103	2097
5208	2104
5210	5208
5209	5208
5211	5209
2105	5209
1937	2105
2103	2105
2096	2103
2091	2093
2106	2091
5212	2107
5213	5212
2108	5212
2109	2108
2111	2110
2112	2111
5214	2113
5215	5214
2114	5214
1949	2114
2112	2114
2115	2112
2117	2116
2118	2117
5216	2119
5218	5216
5217	5216
5219	5217
2120	5217
2121	2120
5220	2122
5221	5220
2123	5220
1958	2123
2121	2123
5223	2121
5223	5222
5225	5223
5225	5224
2124	5225
5226	2125
5227	5226
2126	5226
2127	2126
5228	2128
5229	5228
2129	5228
1970	2129
2127	2129
1979	2127
5230	2126
5231	5230
2124	5230
2130	2124
2132	2131
5233	2132
5233	5232
1982	5233
5234	2132
5235	5234
2130	5234
2133	2130
2135	2134
2136	2135
2138	2137
2139	2138
5236	2140
5238	5236
2141	5236
5239	2141
5238	5237
5240	5238
5239	5238
1985	5239
5241	2141
5242	5241
2139	5241
2142	2139
5243	2143
5245	5243
5244	5243
5246	5244
2144	5244
2145	2144
5247	2146
5249	5247
5248	5247
5250	5248
2147	5248
2148	2147
2150	2149
5252	2150
5252	5251
5254	5252
5254	5253
5256	5254
5256	5255
2151	5256
5257	2152
5259	5257
5258	5257
5260	5258
2153	5258
1988	2153
5261	2153
5263	5261
5262	5261
5264	5262
2151	5262
2154	2151
5265	2155
5266	5265
2156	5265
2000	2156
5267	2156
5268	5267
2154	5267
2157	2154
5269	2158
5270	5269
2159	5269
2160	2159
5271	2161
5272	5271
2162	5271
2163	2162
5273	2164
5274	5273
2165	5273
2166	2165
5275	2167
5276	5275
2168	5275
2009	2168
2166	2168
5278	2166
5278	5277
2169	5278
2171	2170
2172	2171
2174	2173
5280	2174
5280	5279
5282	5280
5282	5281
5284	5282
5284	5283
2175	5284
2177	2176
2178	2177
5285	2179
5287	5285
5286	5285
5288	5286
2180	5286
2181	2180
5289	2182
5290	5289
2183	5289
2184	2183
2186	2185
5292	2186
5292	5291
5294	5292
5294	5293
5296	5294
5296	5295
2018	5296
5297	2186
5298	5297
2184	5297
2021	2184
5299	2183
5302	5299
5300	5299
5303	5300
2181	5300
5304	2181
5302	5301
5305	5302
5303	5302
5306	5303
5304	5303
2042	5304
5307	2180
5308	5307
2178	5307
2187	2178
2189	2188
5310	2189
5310	5309
2190	5310
2192	2191
2045	2192
2190	2192
2193	2190
5311	2194
5312	5311
2195	5311
2196	2195
2198	2197
5314	2198
5314	5313
5316	5314
5316	5315
2060	5316
5317	2198
5318	5317
2196	5317
2199	2196
5319	2200
5320	5319
2201	5319
2202	2201
5321	2203
5323	5321
5322	5321
5324	5322
2204	5322
2150	2204
5325	2204
5326	5325
2202	5325
2205	2202
5327	2206
5328	5327
2207	5327
2208	2207
5329	2209
5330	5329
2210	5329
2211	2210
5331	2212
5332	5331
2213	5331
2214	2213
5333	2215
5334	5333
2216	5333
2217	2216
5335	2218
5336	5335
2219	5335
2159	2219
2217	2219
2162	2217
2214	2216
5338	2214
5338	5337
2174	5338
2211	2213
5340	2211
5340	5339
2220	5340
2222	2221
5342	2222
5342	5341
2177	5342
2220	2222
5344	2220
5344	5343
2189	5344
2208	2210
5346	2208
5346	5345
2195	5346
2205	2207
2201	2205
2169	2171
2165	2169
5347	2147
5349	5347
5348	5347
5350	5348
2145	5348
2223	2145
5351	2224
5353	5351
5352	5351
5354	5352
2225	5352
2066	2225
2223	2225
5356	2223
5356	5355
2226	5356
5357	2227
5358	5357
2228	5357
2229	2228
2231	2230
2072	2231
2229	2231
2075	2229
2226	2228
2135	2226
2142	2144
2138	2142
5359	2120
5361	5359
5360	5359
5362	5360
2118	5360
2232	2118
5363	2233
5365	5363
5364	5363
5366	5364
2234	5364
2078	2234
2232	2234
2117	2232
2109	2111
5368	2109
5368	5367
5370	5368
5370	5369
2084	5370
2106	2108
2090	2106
2055	2057
5372	2055
5372	5371
2051	5372
5373	1967
5375	5373
1965	5373
5376	1965
5375	5374
5377	5375
5376	5375
1961	5376
1875	1877
1871	1875
5378	1816
5380	5378
5379	5378
5381	5379
1814	5379
1804	1814
5382	1774
5384	5382
1772	5382
5385	1772
5384	5383
5386	5384
5385	5384
1771	5385
1763	1765
5388	1763
5388	5387
1756	5388
5389	1738
5392	5389
5390	5389
5393	5390
5391	5390
5394	5391
1736	5391
1729	1736
5395	1636
5397	5395
5396	5395
5398	5396
1634	5396
1627	1634
1616	1618
5400	1616
5400	5399
1606	5400
5401	1594
5403	5401
1592	5401
5404	1592
5403	5402
5405	5403
5404	5403
1588	5404
1580	1582
5407	1580
5407	5406
1561	5407
1577	1579
1573	1577
1568	1570
1564	1568
1553	1555
5409	1553
5409	5408
5411	5409
5411	5410
1543	5411
1550	1552
1546	1550
1523	1525
1519	1523
5412	1415
5414	5412
1413	5412
5415	1413
5414	5413
5416	5414
5415	5414
1406	5415
1398	1400
5418	1398
5418	5417
1391	5418
1365	1367
1361	1365
1321	1323
1314	1321
1276	1278
1269	1276
2237	1252
5420	2237
2236	5420
2235	1254
2241	1139
2240	2238
2237	2239
1248	2237
1243	1245
2242	1243
2244	2243
5422	2244
5422	5421
5424	5422
5424	5423
1145	5424
2242	2244
5426	2242
5426	5425
2245	5426
5427	2246
5431	5427
5428	5427
5432	5428
5429	5428
5433	5429
2247	5429
5434	2247
5431	5430
5435	5431
5432	5431
5436	5432
5433	5432
5437	5433
5434	5433
1154	5434
5438	2247
5440	5438
5439	5438
5441	5439
2245	5439
2248	2245
5442	2249
5443	5442
2250	5442
2251	2250
2253	2252
5445	2253
5445	5444
2254	5445
5446	2255
5448	5446
2256	5446
5449	2256
5448	5447
5450	5448
5449	5448
2257	5449
2259	2258
2260	2259
5451	2261
5453	5451
5452	5451
5454	5452
2262	5452
2263	2262
5455	2264
5458	5455
5456	5455
5459	5456
5457	5456
5460	5457
2265	5457
2266	2265
5461	2267
5464	5461
5462	5461
5465	5462
5463	5462
5466	5463
2268	5463
1170	2268
2266	2268
1173	2266
5467	2265
5468	5467
2263	5467
2269	2263
5469	2270
5471	5469
2271	5469
5472	2271
5471	5470
5474	5471
5472	5471
5475	5472
5474	5473
5476	5474
5475	5474
1185	5475
2269	2271
2272	2269
5477	2273
5480	5477
5478	5477
5481	5478
5479	5478
5482	5479
2274	5479
2275	2274
5483	2276
5484	5483
2277	5483
1200	2277
5485	2277
5487	5485
2275	5485
5488	2275
5487	5486
5489	5487
5488	5487
2278	5488
5490	2279
5491	5490
2280	5490
2281	2280
5492	2282
5493	5492
2283	5492
1209	2283
2281	2283
5495	2281
5495	5494
1212	5495
5496	2280
5498	5496
2278	5496
5499	2278
5498	5497
5501	5498
5499	5498
5502	5499
5501	5500
5503	5501
5502	5501
2284	5502
2286	2285
5505	2286
5505	5504
2287	5505
5506	2288
5507	5506
2289	5506
2290	2289
2292	2291
2293	2292
2295	2294
1218	2295
2293	2295
2296	2293
5508	2297
5509	5508
2298	5508
2299	2298
5510	2300
5512	5510
2301	5510
5513	2301
5512	5511
5514	5512
5513	5512
1221	5513
5515	2301
5517	5515
2299	5515
5518	2299
5517	5516
5519	5517
5518	5517
2302	5518
5520	2303
5521	5520
2304	5520
1227	2304
2302	2304
5523	2302
5523	5522
5525	5523
5525	5524
5527	5525
5527	5526
2305	5527
2307	2306
5529	2307
5529	5528
5531	5529
5531	5530
1233	5531
2305	2307
2308	2305
2310	2309
2311	2310
5532	2312
5533	5532
2313	5532
2314	2313
2316	2315
5535	2316
5535	5534
2317	5535
5536	2318
5537	5536
2319	5536
1236	2319
5538	2319
5539	5538
2317	5538
2320	2317
5540	2321
5541	5540
2322	5540
2250	2322
5542	2322
5543	5542
2320	5542
2316	2320
2311	2313
2323	2311
2325	2324
2253	2325
5544	2325
5545	5544
2323	5544
2326	2323
2328	2327
2256	2328
5546	2328
5547	5546
2326	5546
2329	2326
5548	2330
5549	5548
2331	5548
2286	2331
2329	2331
2332	2329
5550	2333
5551	5550
2334	5550
2289	2334
5552	2334
5553	5552
2332	5552
2310	2332
5554	2298
5555	5554
2296	5554
2292	2296
5556	2274
5559	5556
5557	5556
5560	5557
5558	5557
5561	5558
2272	5558
2335	2272
2337	2336
2259	2337
5562	2337
5564	5562
5563	5562
5565	5563
2335	5563
2262	2335
1189	1191
5567	1189
5567	5566
5569	5567
5569	5568
5571	5569
5571	5570
1188	5571
1180	1182
5573	1180
5573	5572
1176	5573
5574	1165
5575	5574
1163	5574
1157	1163
5576	1124
5577	5576
1122	5576
1118	1122
5578	1013
5579	5578
1011	5578
1007	1011
993	995
986	993
5580	950
5583	5580
5581	5580
5584	5581
5582	5581
5585	5582
948	5582
947	948
5586	938
5587	5586
936	5586
932	936
5588	846
5590	5588
5589	5588
5591	5589
844	5589
828	844
5592	843
5593	5592
841	5592
837	841
729	731
2338	729
5594	2339
5596	5594
5595	5594
5597	5595
2340	5595
719	2340
5598	2340
5599	5598
2338	5598
728	2338
629	631
622	629
5600	601
5602	5600
5601	5600
5603	5601
599	5601
592	599
418	420
5605	418
5605	5604
5607	5605
5607	5606
5609	5607
5609	5608
5611	5609
5611	5610
5613	5611
5613	5612
417	5613
364	366
360	364
5614	315
5615	5614
313	5614
2341	313
5616	2342
5617	5616
2343	5616
304	2343
5618	2343
5620	5618
5619	5618
5621	5619
2341	5619
312	2341
5622	101
5624	5622
99	5622
5625	99
5624	5623
5627	5624
5625	5624
5628	5625
5627	5626
5629	5627
5628	5627
98	5628
5630	47
5631	5630
45	5630
2344	45
2346	2345
5633	2346
5633	5632
5635	5633
5635	5634
35	5635
5636	2346
5637	5636
2344	5636
2347	2344
5638	2348
5639	5638
2349	5638
38	2349
2347	2349
41	2347
6	8
5641	6
5641	5640
5643	5641
5643	5642
5645	5643
5645	5644
5	5645
2352	2350
2352	5646
2352	5647
2352	5648
2352	5649
2352	5650
5651	2351
5652	5651
5653	5652
5654	5653
5655	5654
2351	5655
5691	2378
2414	2378
2	2378
2354	2414
1	2414
0	2354
2359	5
2358	2359
4	2359
2363	8
2364	8
7	2364
2365	2432
11	2432
10	11
2366	14
13	2366
2373	17
16	17
2374	20
19	2374
22	2454
2379	2454
2455	2454
2380	2455
23	2455
2386	26
2387	26
2385	2387
25	2387
2391	2494
5692	2494
29	2494
2392	29
28	2392
2391	28
2393	2512
5694	2512
2513	2512
5693	2513
2514	2513
2396	2514
32	2514
2395	2396
2394	2395
5694	2394
31	2394
2393	31
2402	35
2399	2402
2401	2402
2398	2401
2400	2401
2397	2400
34	2400
2405	5639
38	5639
2404	38
2406	38
2403	2406
37	2406
2408	41
2407	2408
40	2408
2412	44
2413	44
43	2413
46	5630
47	5630
49	50
52	53
55	56
2425	59
58	2425
2427	2542
2428	2542
62	2542
2426	2427
61	2427
2430	2434
5695	2434
2433	2434
65	2433
2431	65
64	2431
2429	64
2430	2429
2436	2438
2437	2438
2435	2437
68	2437
67	68
2440	71
2441	71
2439	2441
70	2441
2442	74
2443	74
73	2443
2444	2560
2445	2560
77	2560
76	2445
2450	80
2449	2450
79	2450
2451	2453
2452	2453
82	2452
83	2452
85	86
88	89
2456	2573
2457	2573
2574	2573
92	2574
91	2456
2459	2591
5696	2591
2592	2591
5697	2592
2593	2592
95	2593
2460	95
94	2460
2458	94
5696	2458
2459	2458
2461	5629
98	5629
2462	98
97	2462
2470	5622
101	5622
2469	2470
100	2470
2474	104
2475	104
103	2475
2478	107
2477	2478
2476	2477
106	2477
2480	2624
2479	2624
110	2624
109	110
112	2629
2481	2629
2630	2629
2482	2630
113	2630
2488	2496
5698	2496
2495	2496
116	2495
2489	116
115	2489
2487	115
2488	2487
2490	2493
118	2493
119	2493
2500	122
2498	2500
2499	2500
2497	2499
121	2499
5701	5700
5699	2647
2648	2647
5700	2648
2505	2648
125	2648
2504	2505
2503	2504
5701	2503
2501	2503
124	2503
2502	2501
5699	2502
123	2502
2511	128
2508	2511
2510	2511
2507	2510
2509	2510
2506	2509
127	2509
130	131
133	2675
134	2675
136	2523
137	2523
2524	2525
139	2525
140	2525
2527	143
2526	2527
142	2527
2528	2531
146	2531
145	146
2532	2692
148	2692
149	2692
151	152
2539	155
154	2539
2540	158
2541	158
157	2541
160	161
163	164
166	167
169	2545
170	2545
2548	2711
2549	2711
173	2711
2547	2548
2546	2547
172	2547
2552	308
5702	308
5657	308
2551	5657
5704	5657
5658	5657
5703	5658
309	5658
2553	309
176	309
175	2553
5704	175
2550	175
2551	2550
2552	2551
2554	179
178	179
2555	182
181	2555
2557	185
2556	2557
184	2557
2558	188
2559	188
187	2559
2563	2753
2564	2753
2754	2753
191	2754
190	2563
2568	194
2566	2568
2567	2568
2565	2567
193	2567
2570	2572
2571	2572
2569	2571
197	2571
196	197
199	2762
2579	2762
200	2762
2581	203
2580	2581
202	2581
2585	2778
5705	2778
206	2778
2586	206
205	2586
2585	205
2589	2594
2590	2594
209	2594
2587	2589
2588	2589
208	2588
2598	212
211	212
2601	215
214	2601
2605	218
217	218
220	2787
2606	2787
2788	2787
2607	2788
221	2788
5706	2790
226	2790
224	2790
5656	226
2609	5656
225	5656
2608	225
223	225
222	2609
2613	229
226	2613
5707	2613
2612	2613
2611	2612
5656	2611
225	2611
2610	2611
228	2610
226	5656
2617	2817
2616	2817
5708	2817
2818	2817
232	2818
5709	232
2618	232
2614	2618
231	2618
2615	2614
2616	2615
5708	2616
2619	2625
2620	2625
235	2625
234	2620
5712	5710
2626	2632
5711	2632
2631	2632
5710	2631
2628	2631
238	2631
2627	2628
5712	2627
237	2627
2626	237
5711	2626
2634	2826
5713	2826
241	2826
2635	241
2633	2635
240	2635
2634	2633
2636	2833
2834	2833
243	2834
244	2834
246	247
249	250
252	2651
2650	2651
2645	2650
2649	2650
2646	2649
253	2649
2654	2657
2656	2657
2653	2656
2655	2656
2652	2655
256	2655
255	256
2660	259
2662	259
2659	2662
2661	2662
2658	2661
258	2661
2664	2872
2873	2872
2663	2873
2874	2873
261	2874
262	2874
264	2683
2669	2683
2682	2683
265	2682
2670	268
2671	268
267	2671
2685	2894
5714	2894
271	2894
2686	271
2684	2686
270	2686
2685	2684
2690	274
2691	274
273	2691
2693	2899
277	2899
276	2693
2697	280
279	280
282	283
285	2700
286	2700
2701	289
288	289
291	292
294	2708
295	2708
2709	298
2710	298
297	2710
2722	2961
2723	2961
2962	2961
2724	2962
2963	2962
301	2963
300	2722
2727	5617
2726	5617
304	5617
2725	304
2728	304
303	2728
5657	2731
5658	2731
2730	2731
309	2730
307	2730
2729	5657
308	5657
306	308
2733	5620
5621	5620
2732	5621
312	5621
311	312
2734	5614
315	5614
314	2734
2735	318
2736	318
317	2736
2737	3007
3008	3007
320	3008
2738	3008
3009	3008
321	3009
2742	2744
2743	2744
323	2743
324	2743
5716	5717
2746	2756
5715	2756
5717	2756
2755	2756
327	2755
2748	327
5716	2748
2747	2748
2745	2747
326	2747
5715	2745
2746	2745
2750	2752
5718	2752
2751	2752
330	2751
329	330
2749	329
2750	2749
2758	3025
333	3025
2757	333
332	333
2759	336
335	2759
2760	339
338	339
2761	342
341	2761
344	345
2765	3050
2766	3050
3051	3050
348	3051
347	2765
2770	351
2768	2770
2769	2770
2767	2769
350	2769
2772	3076
3077	3076
2771	3077
354	3077
353	354
356	357
359	360
2777	2779
363	2779
362	2777
2781	366
2780	2781
365	2781
2783	369
2782	2783
368	2783
2784	2786
2785	2786
371	2785
372	2785
2789	2791
375	2791
374	2789
2798	3083
2799	3083
378	3083
377	2799
2806	381
380	381
2807	384
383	2807
2814	387
386	387
389	2821
2815	2821
2820	2821
2816	2820
2819	2820
390	2819
2824	2828
2823	2828
5719	2828
2827	2828
393	2827
2825	393
2822	2825
392	2825
2823	2822
2830	3131
3132	3131
2829	3132
3133	3132
395	3133
396	3133
2831	2835
2832	2835
399	2835
398	2831
2836	3142
401	3142
402	3142
404	3144
2837	3144
405	3144
2838	408
407	408
410	411
413	414
2849	417
416	2849
2856	420
419	420
422	423
2857	3171
2858	3171
3172	3171
426	3172
425	2857
5720	3184
429	3184
2862	429
2861	2862
2859	2861
428	2861
2860	2859
427	2860
2864	2993
2992	2993
2863	2992
432	2992
431	432
2869	2876
2870	2876
2875	2876
2871	2875
435	2875
434	2869
2878	438
2880	438
2877	2880
2879	2880
437	2879
5723	5721
2882	2974
5722	2974
2975	2974
5721	2975
441	2975
2883	441
5723	2883
2881	2883
440	2883
2882	2881
5722	2882
2886	444
2884	2886
2885	2886
443	2885
2892	2895
2891	2895
2893	2895
447	2895
446	2893
449	450
2916	453
452	2916
2917	456
455	456
458	459
461	462
464	2985
465	2985
467	468
470	471
2958	2965
2959	2965
2964	2965
2960	2964
474	2964
473	2958
2967	477
2969	477
2966	2969
2968	2969
476	2968
2973	480
2971	2973
2972	2973
2970	2972
479	2972
482	2978
483	2978
3001	486
2999	3001
3000	3001
2998	3000
485	3000
3006	489
3003	3006
3005	3006
3002	3005
3004	3005
488	3004
3010	3195
3011	3195
3196	3195
492	3196
491	3010
3013	3211
5724	3211
3015	3211
495	3211
3014	3015
3012	3014
494	3014
3013	3012
3017	498
3019	498
3016	3019
3018	3019
497	3018
3021	3027
3026	3027
3020	3026
5725	3026
501	3026
3022	501
500	3022
3020	500
3024	504
3023	3024
503	3024
3029	3031
3028	3031
3030	3031
506	3030
507	3030
3035	510
3033	3035
3034	3035
3032	3034
509	3034
3037	3040
3039	3040
3036	3039
3038	3039
512	3038
513	3038
5727	3258
5726	3258
516	3258
3045	516
3042	3045
3044	3045
3041	3044
515	3044
5727	3042
3043	3042
514	3043
5728	3052
5729	3052
519	3052
3049	519
3048	3049
3046	3048
518	3048
3047	3046
5728	3047
517	3047
3053	3274
522	3274
521	522
524	3054
525	3054
3056	528
3055	3056
527	3056
3057	3280
531	3280
530	531
533	3088
3064	3088
534	3088
3065	3086
5730	3086
3087	3086
3067	3087
537	3087
3066	3067
3065	3066
536	3066
3075	540
3073	3075
3074	3075
3072	3074
539	3074
542	3085
3082	3085
3084	3085
543	3084
3089	3291
3090	3291
546	3291
545	3090
3092	549
3091	3092
548	3092
3093	552
3094	552
551	3094
3096	555
3095	3096
554	3096
3098	558
3097	3098
557	3098
3099	3101
3100	3101
560	3100
561	3100
3103	3105
3102	3105
3104	3105
563	3104
564	3104
3107	567
3109	567
3106	3109
3108	3109
566	3108
572	3334
3112	3334
570	3334
3111	572
5659	572
571	5659
3110	571
3114	571
569	3114
5731	575
3118	575
572	3118
5659	3118
3117	3118
571	3117
3116	3117
3115	3116
574	3116
3113	572
573	3113
580	578
3121	580
5660	580
3120	5660
579	5660
3119	579
577	579
5735	5734
5735	5732
5736	5735
5738	5737
5739	5738
5739	5734
5740	5739
5740	5735
5741	5740
5742	5737
5742	5738
5743	5742
5743	5739
5744	5743
5744	5740
5733	3376
5732	3376
746	3376
5668	746
5734	5668
747	5668
5737	747
3374	747
583	3374
3124	583
5742	3124
3123	3124
5743	3123
3122	3123
5744	3122
582	3122
579	582
5741	579
5660	579
5736	5660
580	5660
5733	580
581	580
3127	586
3130	586
3126	3130
3129	3130
3125	3129
3128	3129
585	3128
588	3378
3134	3378
589	3378
3135	5602
5745	5602
5603	5602
3136	5603
592	5603
591	3136
3135	591
3138	595
3137	3138
594	3138
3143	3145
598	3145
597	3143
3146	5601
5746	5601
5600	5601
3148	5600
601	5600
3147	3148
3146	3147
600	3147
3150	3158
3157	3158
3149	3157
604	3157
603	604
3160	607
3162	607
3159	3162
3161	3162
606	3161
3166	610
3164	3166
3165	3166
3163	3165
609	3165
3168	3170
3169	3170
3167	3169
613	3169
612	613
3175	3397
3176	3397
3398	3397
616	3398
615	3175
3182	3185
5747	3185
619	3185
3183	619
3181	3183
618	3183
3182	3181
3186	622
3187	622
621	3187
3190	625
3188	3190
3189	3190
624	3189
3192	3194
3193	3194
3191	3193
628	3193
627	628
3197	631
630	3197
3198	634
633	634
3199	3428
3200	3428
637	3428
636	3199
3204	640
3202	3204
3203	3204
3201	3203
639	3203
3206	3214
5748	3214
3213	3214
5749	3213
3212	3213
3207	3212
643	3212
642	3207
3205	642
5748	3205
3206	3205
5752	5750
5751	3448
5750	3448
3221	3448
646	3448
3220	3221
5752	3220
3219	3220
5753	3219
3218	3219
3215	3218
645	3218
3216	3215
5752	3216
5751	3216
3217	3216
644	3217
3225	3232
3224	3232
3231	3232
3223	3231
3230	3231
3222	3230
649	3230
648	649
5754	652
3238	652
5755	3238
3237	3238
3234	3237
3236	3237
3233	3236
651	3236
3235	3234
5754	3235
650	3235
3241	3249
3248	3249
3240	3248
3247	3248
3239	3247
3246	3247
654	3246
655	3246
3253	3262
5756	3262
3261	3262
3260	3261
5757	3260
3259	3260
5758	3259
658	3259
3254	658
657	3254
3250	657
5757	3250
3251	3250
5756	3251
3252	3251
3253	3252
3267	661
3266	3267
663	3267
3265	663
5661	663
3264	5661
662	5661
3263	662
3269	662
660	3269
5762	5761
5763	5762
5763	5759
5765	5764
5765	5761
5766	5765
5766	5762
5768	5767
5768	5764
3268	671
5760	671
5665	671
5664	5665
5759	5664
5663	5664
5761	5663
5662	5663
5764	5662
670	5662
5767	670
666	670
3271	666
5768	3271
665	3271
3270	665
5765	3270
5766	3270
662	3270
5763	662
5661	662
663	5661
5760	663
3268	663
3272	669
3273	669
668	3273
671	3479
5665	3479
3480	3479
5664	3480
674	3480
5663	674
3276	674
5662	3276
3275	3276
670	3275
673	3275
3278	3493
3494	3493
3277	3494
677	3494
676	677
3279	3281
680	3281
679	3279
3283	683
3282	3283
682	3283
3285	686
3284	3285
685	3285
3289	689
3290	689
688	3290
691	692
3298	3512
3299	3512
3513	3512
3300	3513
3514	3513
695	3514
694	3298
3303	3315
3302	3315
3314	3315
3301	3314
698	3314
697	698
3317	3545
3546	3545
3316	3546
701	3546
700	701
703	3548
3322	3548
704	3548
3323	3335
3324	3335
707	3335
706	3324
3328	3331
709	3331
710	3331
3332	3333
713	3333
712	713
3341	3557
3342	3557
716	3557
3339	3341
3340	3341
715	3340
3345	5596
5597	5596
3344	5597
719	5597
3343	719
718	719
3346	722
721	3346
3350	725
724	725
727	5599
3351	5599
728	5599
3354	731
3352	3354
3353	3354
730	3353
5771	5770
5769	3578
3579	3578
5770	3579
5772	3579
3580	3579
3362	3580
734	3580
3361	3362
5770	3361
5771	3361
733	3361
3359	733
3360	3359
5769	3360
732	3360
5777	5773
5778	5777
5778	5774
5773	3383
5777	3383
5776	3383
3382	3383
5779	3382
3381	3382
739	3381
737	3381
5667	739
5777	5667
5778	5667
5666	5667
5775	5666
738	5666
736	738
3363	736
5774	3363
3364	3363
5773	3364
735	3364
5776	5777
739	3380
5780	3380
742	3380
3368	742
5667	3368
3367	3368
5666	3367
3366	3367
3365	3366
738	3365
741	3365
739	5667
3373	745
3372	3373
747	3373
3371	747
5668	747
3370	5668
746	5668
3375	746
3369	3375
744	3375
3377	3379
750	3379
749	3377
3386	3392
3385	3392
3391	3392
3384	3391
753	3391
752	753
5781	3399
756	3399
3396	756
3393	3396
3395	3396
755	3395
3394	3393
754	3394
5782	3589
3402	3589
3403	3589
3590	3589
759	3590
3401	3402
3400	3401
758	3401
757	3400
3406	762
3408	762
3405	3408
3407	3408
3404	3407
761	3407
3414	3623
3416	3623
765	3623
3413	3416
3415	3416
764	3415
3422	3424
3423	3424
3421	3423
768	3423
767	768
3426	771
3427	771
3425	3427
770	3427
773	3632
3433	3632
3633	3632
3434	3633
774	3633
3436	3648
5783	3648
3649	3648
5784	3649
3650	3649
3437	3650
777	3650
776	3437
5783	776
3435	776
3436	3435
3444	3445
780	3445
779	780
3447	783
3446	3447
782	3447
785	786
788	3457
789	3457
3458	792
791	792
794	795
3459	798
797	3459
3460	3461
800	3461
801	3461
3462	804
3463	804
803	3463
3466	807
3465	3466
3464	3465
806	3465
3468	810
3469	810
3467	3469
809	3469
3470	3749
5785	3749
3750	3749
3472	3750
813	3750
3471	3472
3470	3471
812	3471
5786	3760
3761	3760
5788	3761
5787	3761
3762	3761
816	3762
3475	816
5789	3475
815	3475
3473	815
5788	3473
3474	3473
5786	3474
814	3474
5787	5788
3478	819
3476	3478
3477	3478
818	3477
3481	3766
3482	3766
3767	3766
3483	3767
3768	3767
822	3768
821	3481
3486	3772
5790	3772
825	3772
3488	825
3485	3488
3484	3488
3487	3488
824	3487
3486	3485
3490	5590
3489	5590
5591	5590
827	5591
828	5591
830	3496
3491	3496
3495	3496
3492	3495
831	3495
3498	3501
3500	3501
3497	3500
3499	3500
833	3499
834	3499
3504	5593
5791	5593
837	5593
3506	837
3505	3506
3502	3505
836	3505
3503	3502
3504	3503
3511	840
3508	3511
3510	3511
3507	3510
3509	3510
839	3509
3515	5592
3516	5592
843	5592
842	3515
5793	5589
5671	5589
5588	5589
848	5588
846	5588
5670	5671
5792	5670
5669	5670
3518	5669
3517	5669
847	5669
845	847
844	3518
5793	844
848	3793
5671	3793
851	3793
5670	851
3521	851
3520	3521
5669	3520
3519	3520
847	3519
850	3519
3527	854
3524	3527
3526	3527
3523	3526
3525	3526
3522	3525
853	3525
3530	3830
3831	3830
3529	3831
3832	3831
3528	3832
857	3832
856	857
859	3549
3537	3549
860	3549
5795	3547
3540	3547
863	3547
3539	3540
5794	3539
862	3539
3538	862
861	3538
5795	861
3550	3843
3551	3843
866	3843
865	3551
3556	869
3555	3556
868	3556
871	872
874	875
877	3852
3558	3852
3853	3852
878	3853
3559	3865
880	3865
881	3865
883	3869
3562	3869
884	3869
3572	887
3573	887
886	3573
3574	890
889	890
892	3583
3575	3583
3582	3583
3576	3582
3581	3582
3577	3581
893	3581
3586	3591
5796	3591
896	3591
3588	896
3584	3588
3587	3588
895	3587
3585	3584
3586	3585
3594	3885
3595	3885
899	3885
3592	3594
3593	3594
898	3593
3603	3897
5797	3897
902	3897
3605	902
3604	3605
3601	3604
901	3604
3602	3601
3603	3602
5798	3903
3609	3903
905	3903
3608	3609
3606	3608
904	3608
3607	3606
903	3607
3611	3615
3610	3615
3614	3615
907	3614
908	3614
3617	911
3619	911
3616	3619
3618	3619
910	3618
3621	3626
3620	3626
5799	3626
3625	3626
5800	3625
3624	3625
3622	3624
914	3624
913	3622
5799	913
3620	913
5801	3634
5802	3634
917	3634
3631	917
3627	3631
3630	3631
916	3630
3628	3627
5801	3628
3629	3628
915	3629
3638	3947
5803	3947
3948	3947
3640	3948
920	3948
3639	3640
919	3639
3638	919
3642	3985
5804	3985
3986	3985
3643	3986
923	3986
922	3643
3641	922
3642	3641
3644	3652
3646	3652
3651	3652
3647	3651
926	3651
3645	3646
925	3645
3654	929
3656	929
3653	3656
3655	3656
928	3655
3658	5587
3657	5587
932	5587
931	932
934	935
3661	5586
3662	5586
938	5586
937	3661
5805	3996
3670	3996
941	3996
5806	3670
3669	3670
3667	3669
940	3669
3668	3667
5805	3668
939	3668
5810	5807
5811	5810
3672	1161
5807	1161
5672	1161
5810	5672
5673	5672
5811	5673
5809	5673
5674	5673
1162	5674
3674	1162
944	1162
3673	3674
5811	3673
943	3673
5808	943
3671	943
5807	3671
3672	3671
3680	5583
5584	5583
3679	5584
5585	5584
946	5585
3681	5585
947	5585
3688	5582
949	5582
3689	5582
5581	5582
3690	5581
5580	5581
950	5580
5812	4024
3695	4024
953	4024
3694	3695
3691	3694
3693	3694
952	3693
3692	3691
951	3692
3698	3708
3697	3708
3707	3708
3696	3707
956	3707
955	956
3714	4044
5813	4044
4045	4044
4046	4045
5814	4046
959	4046
3715	959
958	3715
3713	958
5813	3713
3714	3713
3716	962
961	962
964	965
967	3727
968	3727
970	3725
971	3725
3726	974
973	974
3729	977
3728	3729
976	3729
3730	4068
979	4068
980	4068
3735	4080
3736	4080
4081	4080
983	4081
982	3735
3738	986
3740	986
3737	3740
3739	3740
985	3739
3744	989
3742	3744
3743	3744
3741	3743
988	3743
3746	3748
3747	3748
3745	3747
992	3747
991	992
994	995
997	4089
3753	4089
998	4089
3754	3769
1000	3769
1001	3769
1003	3765
3757	3765
3764	3765
3758	3764
3763	3764
3759	3763
1004	3763
3770	5579
1007	5579
1006	1007
3771	3773
1010	3773
1009	3771
3776	5578
1013	5578
3775	3776
3774	3775
1012	3775
3778	1016
3779	1016
3777	3779
1015	3779
3781	1019
3780	3781
1018	3781
3782	3796
3795	3796
1021	3795
3794	3795
3783	3794
1022	3794
3799	4121
1025	4121
3798	1025
3800	1025
3797	3800
1024	3800
3801	4124
4125	4124
1027	4125
1028	4125
3802	4134
3803	4134
4135	4134
3804	4135
1031	4135
1030	3802
3807	3816
3806	3816
3815	3816
3805	3815
3814	3815
1033	3814
1034	3814
3819	4146
4147	4146
3818	4147
5815	4147
1037	4147
3820	1037
3817	3820
1036	3820
3818	3817
5816	4161
3825	4161
1040	4161
3824	3825
1039	3825
1038	3824
3829	3833
1043	3833
3828	3829
3826	3828
3827	3828
1042	3827
3835	1046
3834	3835
1045	3835
3837	1049
3836	3837
1048	3837
3841	1052
3842	1052
1051	3842
5817	4164
3846	4164
4165	4164
3847	4165
1055	4165
1054	3846
1053	1054
3849	1058
3851	1058
3848	3851
3850	3851
1057	3850
3858	4175
1061	4175
1060	3858
3859	1064
3860	1064
1063	3860
3861	4179
3862	4179
1067	4179
1066	3862
5818	3866
3864	3866
1070	3866
1069	3864
3863	1069
1068	3863
3867	3870
3868	3870
1073	3870
1072	3868
3874	1076
1075	1076
3877	1079
1078	3877
3881	1082
1081	1082
1084	3884
1085	3884
1087	4187
3886	4187
1088	4187
3889	1091
3887	3889
3888	3889
1090	3888
3895	3898
3896	3898
1094	3898
3894	3896
1093	3896
3900	1097
3899	3900
1096	3900
3901	3905
5820	3905
5819	3905
3904	3905
1100	3904
3902	1100
5820	3902
1099	3902
3901	1099
5821	4210
3910	4210
1103	4210
3909	3910
3908	3909
3906	3908
1102	3908
3907	3906
1101	3907
5822	4248
1106	4248
3920	1106
5823	3920
3919	3920
3916	3919
1105	3919
3917	3916
5822	3917
3918	3917
1104	3918
3922	4256
5824	4256
1109	4256
3924	1109
3923	3924
3921	3923
1108	3923
3922	3921
3926	3932
3925	3932
3931	3932
1111	3931
1112	3931
3934	1115
3936	1115
3933	3936
3935	3936
1114	3935
3942	5577
5825	5577
1118	5577
3943	1118
3941	3943
1117	3943
3942	3941
3946	1121
3944	3946
3945	3946
1120	3945
3949	5576
1124	5576
1123	3949
3950	4283
3951	4283
4284	4283
3952	4284
1127	4284
1126	3951
3962	1130
3964	1130
3961	3964
3963	3964
1129	3963
3966	4317
3965	4317
4318	4317
1132	4318
1133	4318
3967	1136
1135	3967
5828	5826
5826	2240
5828	2240
5690	2240
5829	5690
2241	5690
3971	2241
1139	2241
3970	3971
3969	3970
5828	3969
5827	3969
1138	3969
3968	1138
5826	3968
1137	3968
3974	1142
3976	1142
3973	3976
3975	3976
3972	3975
1141	3975
1144	1145
1147	3993
1148	3993
3995	1151
3994	3995
1150	3995
3997	5435
3998	5435
5436	5435
3999	5436
5437	5436
1154	5437
1153	3997
4002	5575
4001	5575
1157	5575
4004	1157
4000	4004
4003	4004
1156	4003
5834	5833
5833	4009
5834	4009
4008	4009
5832	4008
4007	4008
1162	4007
1160	4007
5674	1162
5673	5674
5834	5673
5831	5673
5672	5673
5830	5672
1161	5672
4005	1161
1159	1161
4006	4005
5831	4006
5833	4006
1158	4006
5838	5836
5837	5574
1167	5574
1165	5574
5836	1167
5675	1167
5838	5675
4011	5675
5835	5675
1166	5675
1164	1166
4010	1164
4011	4010
4012	4011
5837	4012
1163	4012
1167	5464
5465	5464
5675	5465
5466	5465
1166	5466
1170	5466
1169	1170
4013	1173
1172	4013
4017	1176
1175	1176
4020	1179
1178	4020
4027	1182
1181	4027
4031	5476
4032	5476
1185	5476
1184	4032
4034	1188
4033	4034
1187	4034
4038	1191
4039	1191
1190	4039
4043	1194
4042	4043
4040	4042
4041	4042
1193	4041
1196	1197
1199	5484
1200	5484
1202	4065
1203	4065
4066	4069
4067	4069
1206	4069
1205	4067
4070	5493
4071	5493
1209	5493
1208	4071
4076	1212
4075	4076
1211	4076
4079	1215
4077	4079
4078	4079
1214	4078
1217	1218
1220	5514
4086	5514
1221	5514
4088	1224
4087	4088
1223	4088
4096	5521
1227	5521
1226	4096
4097	4102
1230	4102
1229	1230
4106	1233
1232	1233
1235	5537
4109	5537
1236	5537
4110	1239
4111	1239
1238	4111
4112	4117
1242	4117
1241	1242
1244	1245
1247	1248
4122	4126
4123	4126
1251	4126
1250	4122
4127	5419
2236	5419
5839	2236
5689	2236
2235	5689
4128	2235
4129	2235
1254	2235
1253	4128
4127	1253
5840	4136
4133	4136
1257	4136
4132	4133
4130	4132
1256	4132
4131	4130
1255	4131
4137	4326
1260	4326
1259	1260
4144	4149
4145	4149
4148	4149
1263	4148
1262	4144
4151	4343
5841	4343
4344	4343
4152	4344
1266	4344
4150	4152
1265	4152
4151	4150
4153	1269
4154	1269
1268	4154
5842	4166
4157	4166
1272	4166
4156	4157
4155	4156
1271	4156
1270	4155
4159	4163
5843	4163
4162	4163
5844	4162
4160	4162
1275	4162
1274	4160
4158	1274
5843	4158
4159	4158
4168	1278
4167	4168
1277	4168
4169	1281
4170	1281
1280	4170
4172	1284
4171	4172
1283	4172
4174	1287
4173	4174
1286	4174
1289	1290
1292	1293
1295	4180
4178	4180
1296	4180
4181	4183
4182	4183
1298	4182
1299	4182
4185	1302
4186	1302
4184	4186
1301	4186
4188	4365
1305	4365
1304	4188
4189	4378
4379	4378
1307	4379
1308	4379
1310	4392
4192	4392
1311	4392
4202	1314
4203	1314
1313	4203
4206	1317
4205	4206
4204	4205
1316	4205
4208	4209
4207	4209
1320	4209
1319	1320
4213	1323
1322	4213
4217	1326
1325	1326
4218	4402
4219	4402
4403	4402
1329	4403
1328	4218
4221	1332
4223	1332
4220	4223
4222	4223
1331	4222
5845	4414
4228	4414
1335	4414
4227	4228
4226	4227
4224	4226
1334	4226
4225	4224
1333	4225
4236	1338
4239	1338
4235	4239
4238	4239
4234	4238
4237	4238
1337	4237
4243	1341
4242	4243
1343	4243
5676	1343
4241	5676
1342	5676
4245	1342
4240	4245
1340	4245
5848	5847
4244	4251
5846	4251
4250	4251
4249	4250
5847	4249
1346	4249
4247	1346
4246	4247
1345	4247
1342	4246
5848	1342
5676	1342
1343	5676
4244	1343
5846	4244
5851	5850
5852	5851
4254	4258
5850	4258
4257	4258
5851	4257
1349	4257
4255	1349
5852	4255
1348	4255
4252	1348
5849	4252
4253	4252
5850	4253
4254	4253
4260	4263
4262	4263
4259	4262
4261	4262
1351	4261
1352	4261
5855	5854
5854	5856
4266	4452
5855	4452
4453	4452
5853	4453
4454	4453
1355	4454
4268	1355
5856	4268
4267	4268
4264	4267
1354	4267
5854	4264
4265	4264
4266	4265
5855	4266
4270	1358
4272	1358
4269	4272
4271	4272
1357	4271
4278	1361
4279	1361
4277	4279
1360	4279
4282	1364
4280	4282
4281	4282
1363	4281
1366	1367
1369	4464
1370	4464
1372	4477
4291	4477
4478	4477
4292	4478
1373	4478
4294	4492
5857	4492
1376	4492
4296	1376
5858	4296
4295	4296
4293	4295
1375	4295
4294	4293
5857	4294
4298	4302
4297	4302
4301	4302
1378	4301
1379	4301
4308	4511
4307	4511
4512	4511
4309	4512
1382	4512
1381	4309
5859	4320
4319	4320
4312	4319
1385	4319
4311	4312
4310	4311
1384	4311
1383	4310
4322	4524
4321	4524
4525	4524
1387	4525
4526	4525
1388	4526
1390	1391
1393	1394
4325	1397
1396	4325
1399	1400
1402	1403
1405	5416
1406	5416
1408	4346
4341	4346
4345	4346
4342	4345
1409	4345
4348	4350
4347	4350
4349	4350
1411	4349
1412	4349
4352	5412
4354	5412
1415	5412
4351	4354
4353	4354
1414	4353
4356	4367
5860	4367
4366	4367
4358	4366
1418	4366
4357	4358
4355	4357
1417	4357
4356	4355
4360	4361
4359	4361
1421	4361
1420	1421
4369	4540
4541	4540
4368	4541
1424	4541
1423	1424
1426	4381
4376	4381
4380	4381
4377	4380
1427	4380
5861	4555
4385	4555
1430	4555
5862	4385
4384	4385
4382	4384
1429	4384
4383	4382
5861	4383
1428	4383
4387	4393
4388	4393
1433	4393
4386	4388
1432	4388
4397	1436
1435	1436
4400	4404
4401	4404
1439	4404
1438	4400
4405	4563
1442	4563
1441	1442
4408	4415
1445	4415
1444	4408
4412	4413
1448	4413
1447	1448
4416	4569
4417	4569
1451	4569
1450	4417
4421	1454
1453	1454
4424	1457
1456	4424
4428	1460
1459	1460
4429	4591
4430	4591
4592	4591
1463	4592
1462	4429
5863	4594
4433	4594
1466	4594
1468	4433
5677	1468
5864	5677
1467	5677
4435	1467
4431	4435
1465	4435
4432	4431
5863	4432
1464	4432
4434	1471
4439	1471
1468	4439
4438	4439
5677	4438
1467	4438
4436	4438
4437	4438
1470	4437
4445	1474
4442	4445
4444	4445
4441	4444
4443	4444
4440	4443
1473	4443
5867	5866
5868	5867
5870	5869
5870	5866
5871	5870
5871	4456
5868	4456
4455	4456
1477	4455
5865	1477
4451	1477
4450	4451
5866	4450
4449	4450
5869	4449
4446	4449
1476	4449
4447	4446
5870	4447
4448	4447
5871	4448
1475	4448
5867	5868
4458	4460
4457	4460
4459	4460
1479	4459
1480	4459
4462	4641
4461	4641
4642	4641
1482	4642
1483	4642
1485	4465
4463	4465
1486	4465
4466	1489
4467	1489
1488	4467
5873	4649
5872	4649
4650	4649
4471	4650
1492	4650
4470	4471
5873	4470
4469	4470
4468	4469
1491	4469
1490	4468
4474	1495
4476	1495
4473	4476
4475	4476
4472	4475
1494	4475
1497	4668
4479	4668
4669	4668
4480	4669
1498	4669
4482	1501
4484	1501
4481	4484
4483	4484
1500	4483
4488	1504
4486	4488
4487	4488
4485	4487
1503	4487
5876	5875
4490	4495
5876	4495
4494	4495
5874	4494
4493	4494
4491	4493
1507	4493
5875	4491
1506	4491
4489	1506
5876	4489
4490	4489
4498	1510
4501	1510
4497	4501
4500	4501
4496	4500
4499	4500
1509	4499
4504	4698
4503	4698
4699	4698
4502	4699
4700	4699
1512	4700
1513	4700
4507	1516
1515	4507
4508	1519
1518	1519
4509	4513
4510	4513
1522	4513
1521	4509
4515	1525
4514	4515
1524	4515
4516	4721
1528	4721
1527	1528
4517	4724
4518	4724
4725	4724
1531	4725
1530	4517
4523	1534
4522	4523
4520	4522
4521	4522
4519	4521
1533	4521
1536	1537
4529	1540
1539	4529
4531	1543
4530	4531
1542	4531
4535	1546
4536	1546
1545	4536
4539	4542
1549	4542
4538	4539
4537	4538
1548	4538
4544	1552
4543	4544
1551	4544
4545	1555
4546	1555
1554	4546
4548	1558
4547	4548
1557	4548
4550	1561
4549	4550
1560	4550
4551	1564
4552	1564
1563	4552
4553	4556
4554	4556
1567	4556
1566	4554
4558	1570
4557	4558
1569	4558
4559	1573
4560	1573
1572	4560
4562	1576
4561	4562
1575	4562
1578	1579
1581	1582
1584	4742
4566	4742
4743	4742
1585	4743
4567	5405
1588	5405
1587	1588
1590	4570
4568	4570
1591	4570
4571	5401
4572	5401
1594	5401
1593	4572
4574	1597
4573	4574
1596	4574
4575	4766
4576	4766
1600	4766
1599	4576
4581	1603
4580	4581
1602	4581
4583	1606
4582	4583
1605	4583
4584	4586
4585	4586
1608	4585
1609	4585
4588	1612
4590	1612
4587	4590
4589	4590
1611	4589
1614	4595
4593	4595
1615	4595
4599	1618
4600	1618
1617	4600
4604	4785
4605	4785
1621	4785
1620	4605
4611	4797
4612	4797
1624	4797
4609	4611
4610	4611
1623	4610
4615	5397
5398	5397
4614	5398
1627	5398
4613	1627
1626	1627
4616	1630
1629	4616
4620	1633
1632	1633
4621	5396
4622	5396
5395	5396
1636	5395
1635	4621
5877	4801
4625	4801
1639	4801
1641	4625
5678	1641
1640	5678
4624	1640
4627	1640
4623	4627
1638	4627
1637	4624
4626	1644
4631	1644
1641	4631
4630	4631
5678	4630
1640	4630
4629	4630
4628	4629
1643	4629
4634	1647
4636	1647
4633	4636
4635	4636
4632	4635
1646	4635
5882	5881
5882	5879
5883	5882
5883	1652
5880	1652
5679	1652
5879	5679
5878	5679
1651	5679
1650	1651
4640	1650
5879	4640
4639	4640
5881	4639
1649	4639
4637	1649
5882	4637
4638	4637
5883	4638
1648	4638
5886	4826
5684	4826
1657	4826
1655	4826
5683	5684
5885	5683
5682	5683
5884	5682
5681	5682
5679	5681
1651	5681
5680	5681
1656	5680
1654	1656
1652	5679
5885	1652
5886	1652
1653	1652
1657	4653
5684	4653
4652	4653
5683	4652
4651	4652
5682	4651
1660	4651
5681	1660
4644	1660
5680	4644
4643	4644
1656	4643
1659	4643
4646	4648
4647	4648
4645	4647
1663	4647
1662	1663
5890	5887
5891	5890
5892	5891
5892	5888
5893	5890
5893	4844
5891	4844
4845	4844
5892	4845
4846	4845
5889	4846
1666	4846
4663	1666
4662	4663
5888	4662
5887	4662
1665	4662
4659	1665
5890	4659
4660	4659
4661	4660
5893	4661
1664	4661
4667	1669
4665	4667
4666	4667
4664	4666
1668	4666
4672	4851
4673	4851
4852	4851
4674	4852
1672	4852
1671	4672
4677	4883
4676	4883
4884	4883
4675	4884
4885	4884
1674	4885
1675	4885
1677	4895
4678	4895
1678	4895
4679	1681
1680	1681
1683	1684
1686	4907
4684	4907
1687	4907
4685	4688
1689	4688
1690	4688
4692	4922
5894	4922
4923	4922
4693	4923
1693	4923
1692	4693
4692	1692
5896	4703
4702	4703
5895	4702
4701	4702
4697	4701
1696	4701
4696	4697
4695	4696
5896	4695
4694	4695
1695	4695
1694	4694
4706	4930
4705	4930
4931	4930
4704	4931
1699	4931
1698	1699
1701	4941
1702	4941
1704	1705
1707	1708
4709	1711
1710	4709
4711	1714
4710	4711
1713	4711
4715	4974
5897	4974
4975	4974
4717	4975
1717	4975
4716	4717
4715	4716
1716	4716
4719	1720
4720	1720
4718	4720
1719	4720
1722	4727
4722	4727
4726	4727
4723	4726
1723	4726
4729	4731
4728	4731
4730	4731
1725	4730
1726	4730
4737	5392
5393	5392
4736	5393
5394	5393
1728	5394
1729	5394
1731	1732
4740	4744
4741	4744
1735	4744
1734	4740
4745	5391
5899	5391
5390	5391
4747	5390
5389	5390
1738	5389
5898	4747
4746	4747
1737	4746
4745	1737
5899	4745
4749	4979
1741	4979
4748	1741
1740	1741
1743	1744
4756	1747
1746	4756
4757	1750
1749	1750
4758	1753
1752	4758
4760	1756
4759	4760
1755	4760
4764	1759
4765	1759
1758	4765
1761	1762
1764	1765
1767	4992
4775	4992
4993	4992
1768	4993
4776	5386
1771	5386
4777	1771
1770	4777
4782	5382
1774	5382
4781	4782
1773	4782
4783	4786
4784	4786
1777	4786
1776	4784
4787	5001
4788	5001
1780	5001
1779	4788
4790	1783
4789	4790
1782	4790
4791	1786
4792	1786
1785	4792
4794	1789
4793	4794
1788	4794
4796	1792
4795	4796
1791	4796
4800	4802
1795	4802
1794	4800
4806	5011
5900	5011
4807	5011
1798	5011
1797	4807
4806	1797
4813	5021
4814	5021
1801	5021
4811	4813
4812	4813
1800	4812
4817	5380
4816	5380
5381	5380
4815	5381
1804	5381
1803	1804
4818	1807
1806	4818
4822	1810
1809	1810
1812	4825
1813	4825
4827	5379
4828	5379
5378	5379
1816	5378
1815	4827
4830	1819
4832	1819
4829	4832
4831	4832
1818	4831
4837	1822
4834	4837
4836	4837
4833	4836
4835	4836
1821	4835
5904	5903
5905	5904
5905	5901
5905	4847
5902	4847
1825	4847
4843	1825
5901	4843
4842	4843
5903	4842
4841	4842
4838	4841
1824	4841
4839	4838
5904	4839
4840	4839
5905	4840
1823	4840
5906	4853
4850	4853
1828	4853
4849	4850
4848	4849
1827	4849
1826	4848
4854	1831
1830	1831
4857	1834
1833	4857
4861	1837
1836	1837
1839	5060
4862	5060
5061	5060
4863	5061
1840	5061
4865	1843
4867	1843
4864	4867
4866	4867
1842	4866
1848	5069
1846	5069
5685	1848
4869	5685
1847	5685
4868	1847
1845	1847
1848	1851
4872	1851
5685	4872
4871	4872
1847	4871
4870	4871
1850	4870
4875	1854
4877	1854
4874	4877
4876	4877
4873	4876
1853	4876
5910	5909
5911	5909
5912	5911
4879	4888
5912	4888
5910	4888
4887	4888
5908	4887
4886	4887
5907	4886
1857	4886
4882	1857
4881	4882
5909	4881
4880	4881
5911	4880
1856	4880
4878	1856
5912	4878
4879	4878
5908	5909
5916	5094
1862	5094
1860	5094
5688	1862
5915	5688
5687	5688
5914	5687
5686	5687
5913	5686
1861	5686
4889	1861
1859	1861
5914	4889
4890	4889
4891	4890
5915	4891
5916	4891
1858	4891
1862	5115
5688	5115
5116	5115
5687	5116
1865	5116
5686	1865
4892	1865
1861	4892
1864	4892
4893	4897
4896	4897
4894	4896
1868	4896
1867	4894
4903	1871
4904	1871
4902	4904
1870	4904
4906	1874
4905	4906
1873	4906
1876	1877
1879	1880
4918	1883
1882	4918
4920	4924
4921	4924
1886	4924
4919	4920
1885	4920
4925	5145
5146	5145
1888	5146
1889	5146
1891	4933
4928	4933
4932	4933
4929	4932
1892	4932
4937	1895
4935	4937
4936	4937
4934	4936
1894	4936
4939	5177
4938	5177
5178	5177
1897	5178
1898	5178
4940	1901
1900	4940
1903	1904
1906	5199
1907	5199
1909	1910
1912	1913
1915	4980
4958	4980
1916	4980
4959	4976
4960	4976
1919	4976
1918	4960
4961	4969
4968	4969
1921	4968
1922	4968
4977	1925
4978	1925
1924	4978
4981	4983
4982	4983
1927	4982
1928	4982
4985	5202
4984	5202
5203	5202
1930	5203
1931	5203
1933	1934
4986	5210
4987	5210
5211	5210
1937	5211
1936	4986
4989	1940
4991	1940
4988	4991
4990	4991
1939	4990
4998	5002
1943	5002
1942	4998
4999	1946
5000	1946
1945	5000
5003	5215
1949	5215
1948	1949
1951	1952
1954	1955
1957	5221
5006	5221
1958	5221
5007	5377
1961	5377
1960	1961
5010	5012
1964	5012
1963	5010
5013	5373
5014	5373
1967	5373
1966	5014
5015	5229
5016	5229
1970	5229
1969	5016
5018	1973
5017	5018
1972	5018
5020	1976
5019	5020
1975	5020
1978	1979
1981	1982
5028	5240
1985	5240
1984	5028
5029	5259
5260	5259
1987	5260
1988	5260
1990	5045
5032	5045
1991	5045
5042	1994
5043	1994
1993	5043
5044	1997
1996	1997
5046	5266
5917	5266
2000	5266
5047	2000
1999	5047
5046	1999
5053	5062
5054	5062
2003	5062
5052	5053
5051	5052
2002	5052
5057	5059
5056	5059
5058	5059
5055	5058
2006	5058
2005	2006
5063	5276
2009	5276
2008	2009
5066	5070
2012	5070
2011	5066
5067	5068
2015	5068
2014	2015
5078	2018
5077	5078
2017	5078
5079	5298
2021	5298
2020	2021
5086	2024
2023	5086
5090	2027
2026	2027
2029	5093
2030	5093
5918	5120
5101	5120
5119	5120
5102	5119
2033	5119
2032	5101
2031	2032
5106	2036
5104	5106
5105	5106
5103	5105
2035	5105
5108	2039
5110	2039
5107	5110
5109	5110
2038	5109
5122	5305
5306	5305
5121	5306
2042	5306
2041	2042
5129	2045
2044	5129
5130	2048
2047	2048
2050	2051
2053	2054
2056	2057
5141	2060
2059	5141
5142	5148
5919	5148
5147	5148
5144	5147
2063	5147
5143	5144
5142	5143
2062	5143
5150	5353
5149	5353
5354	5353
5151	5354
2066	5354
2065	5151
5152	5159
2068	5159
2069	5159
5160	2072
5161	2072
2071	5161
5164	2075
5163	5164
5162	5163
2074	5163
5922	5920
5922	5365
5921	5365
5366	5365
5168	5366
2078	5366
5167	5168
5920	5167
2077	5167
5165	2077
5922	5165
5166	5165
2076	5166
5176	2081
5174	5176
5923	5176
5175	5176
5173	5175
2080	5175
5174	5173
5179	2084
2083	5179
5180	5181
2086	5181
2087	5181
5182	2090
5183	2090
2089	5183
5186	2093
5184	5186
5185	5186
2092	5185
5188	2096
5189	2096
5187	5189
2095	5189
5924	5205
5925	5205
5204	5205
5192	5204
2099	5204
5191	5192
5924	5191
5190	5191
2098	5191
2097	5190
5194	5201
5193	5201
5926	5201
5200	5201
2102	5200
5195	2102
2101	5195
5193	2101
5209	2105
5207	5209
5208	5209
5206	5208
2104	5208
5212	2108
2107	5212
5213	2111
2110	2111
5214	2114
2113	5214
2116	2117
5216	5360
5217	5360
5359	5360
2120	5359
2119	5216
5219	2123
5220	2123
5218	5220
2122	5220
5226	5230
2126	5230
2125	5226
5227	2129
5228	2129
2128	5228
5231	5234
2132	5234
2131	2132
5235	2135
2134	2135
2137	2138
5236	5241
2141	5241
2140	5236
5244	2144
5242	5244
5243	5244
2143	5243
5246	5348
5927	5348
5347	5348
5248	5347
2147	5347
5247	5248
5245	5247
2146	5247
5246	5245
5250	5323
5324	5323
5249	5324
2150	5324
2149	2150
2152	5262
5257	5262
5261	5262
5258	5261
2153	5261
5264	5267
5265	5267
2156	5267
5263	5265
2155	5265
5268	5336
5269	5336
2159	5336
2158	5269
5271	2162
5270	5271
2161	5271
5272	2165
5273	2165
2164	5273
5275	2168
5274	5275
2167	5275
2170	2171
2173	2174
2176	2177
5285	5307
5286	5307
2180	5307
2179	5285
5288	5300
5287	5300
5299	5300
5289	5299
2183	5299
2182	5289
5290	5297
2185	5297
2186	5297
5308	2189
2188	2189
2191	2192
5311	2195
2194	5311
5312	5317
2197	5317
2198	5317
5318	2201
5319	2201
2200	5319
5322	5325
2204	5325
5321	5322
5320	5321
2203	5321
5327	2207
5326	5327
2206	5327
5328	2210
5329	2210
2209	5329
5331	2213
5330	5331
2212	5331
5333	2216
5332	5333
2215	5333
5334	2219
5335	2219
2218	5335
2221	2222
5352	2225
5350	5352
5351	5352
5349	5351
2224	5351
5357	2228
2227	5357
5358	2231
2230	2231
5364	2234
5362	5364
5363	5364
5361	5363
2233	5363
5420	2239
2241	2239
2236	2241
5690	2241
5689	5690
2235	5690
2240	5690
2238	2240
2243	2244
5427	5439
5428	5439
5438	5439
5429	5438
2247	5438
2246	5427
5441	5541
5928	5541
2250	5541
5442	2250
5440	5442
2249	5442
5441	5440
5443	2253
2252	2253
5446	2256
2255	5446
5450	2259
2258	2259
2261	5564
5451	5564
5565	5564
5452	5565
2262	5565
5456	5467
5457	5467
2265	5467
5929	5456
5455	5456
5453	5455
2264	5455
5454	5453
2263	5454
5460	2268
5463	2268
5459	5463
5462	5463
5458	5462
5461	5462
2267	5461
5468	2271
5469	2271
2270	5469
5477	5558
5478	5558
5557	5558
5479	5557
5556	5557
2274	5556
2273	5477
5482	5485
5481	5485
2277	5485
5483	2277
5480	5483
2276	5483
5489	5496
5490	5496
2280	5496
2279	5490
5492	2283
5491	5492
2282	5492
5503	5549
2285	5549
2286	5549
2288	5551
5506	5551
2289	5551
5507	5555
2292	5555
2291	2292
2294	2295
5508	5554
2298	5554
2297	5508
5509	5515
5510	5515
2301	5515
2300	5510
5520	2304
5519	5520
2303	5520
2306	2307
2309	5553
2310	5553
5532	2313
2312	5532
5533	5543
2316	5543
2315	2316
2318	5538
5536	5538
2319	5538
5930	5542
5540	5542
2322	5542
5539	5540
2321	5540
2320	5539
2324	5544
2325	5544
5545	5546
2327	5546
2328	5546
5548	2331
5547	5548
2330	5548
5550	5552
2334	5552
2333	5550
5561	5563
5560	5563
5562	5563
5559	5562
2337	5562
2336	2337
5594	5598
5595	5598
2340	5598
2339	5594
5615	5619
5931	5619
5618	5619
5616	5618
2343	5618
2342	5616
5615	2342
5631	5636
2345	5636
2346	5636
5637	2349
5638	2349
2348	5638
5935	5932
5935	5933
5936	5933
5942	5934
5942	5935
5943	5935
5943	5936
5943	5937
5944	5937
5944	5938
5945	5940
5945	5941
5945	5942
5945	5943
5945	5944
5945	5939
2375	5944
5938	5944
19	5938
16	5938
5937	5938
2370	5937
5936	5937
5933	5936
2367	5933
13	5933
5932	5933
10	5932
7	5932
5934	5932
2360	5934
5941	5934
4	5941
5940	5941
2355	5940
5939	5940
0	5939
2375	5939
5949	5947
5644	5947
2419	5947
55	5947
52	5947
5946	5947
2417	5946
2415	5946
5949	5946
5948	5949
2357	5949
3	5949
5644	5949
1	2357
44	1
2415	44
49	2415
46	2415
2421	2419
5642	2421
2423	2421
5640	2423
58	2423
61	58
8	61
9	61
64	61
2362	5645
5950	5645
5643	5645
5641	5643
6	5641
2362	6
11	12
65	11
79	15
2372	15
2446	2372
2369	2372
76	2369
73	2369
14	2369
70	14
68	14
83	18
17	18
5954	5952
5953	5951
5954	5951
5956	5954
5957	5954
5958	5956
5956	5953
5959	5957
5960	5959
5959	5956
2377	5959
2	5959
43	5959
5957	5959
2409	5957
5954	5957
40	5954
5952	5954
37	5952
34	5952
5951	5952
28	5951
2388	5951
5955	5951
25	5955
5958	5955
2381	5958
5960	5958
20	5960
2377	5960
22	20
31	28
2483	2491
109	2491
5961	2491
24	2491
5962	24
2384	24
2471	2384
100	2384
23	2384
2466	23
81	23
80	81
2463	80
85	80
97	85
88	85
94	88
91	88
103	2471
106	103
5961	106
109	106
112	109
115	2483
2492	27
2390	27
26	2390
29	30
121	127
29	127
117	29
116	117
5964	5632
2519	5632
2517	5632
5963	5632
5634	5632
130	5634
2515	5634
33	5634
128	33
32	33
133	130
2517	133
2521	2519
136	2521
48	136
47	48
2345	47
5965	36
35	36
5635	35
5633	5635
2348	5633
2346	5633
38	39
5966	2416
42	2416
2411	42
2347	2411
41	2411
2344	2347
45	2344
2418	51
137	2418
50	2418
5968	2529
54	2529
5967	54
53	54
140	53
142	140
5968	142
145	142
5969	2533
5970	2533
2535	2533
5971	2535
2424	2535
57	2535
2422	2424
2420	2422
2530	2420
56	2420
5970	2530
5969	2530
146	2530
148	146
151	148
59	60
154	59
2536	59
2537	2536
2534	2536
152	2534
5972	63
62	63
160	62
158	62
163	160
166	163
69	166
66	69
167	2543
72	2543
71	72
5975	75
74	75
2544	74
5974	2544
170	2544
5973	170
172	170
178	172
175	172
181	178
5974	181
184	181
5975	184
187	184
2561	78
2448	78
188	2448
77	2448
193	87
5976	87
86	87
2562	86
186	2562
185	186
190	185
193	190
89	90
5980	5977
5980	5978
205	5978
2582	5978
202	5978
2577	5978
5977	5978
2575	5977
5979	5977
194	5979
195	5979
93	5979
208	5979
5980	5979
205	5980
92	93
199	2577
5985	5982
5986	5982
5990	5984
5991	5984
5994	5985
5994	5986
5994	5987
5995	5987
5995	5988
5995	5989
5995	5990
5990	5983
5996	5991
5996	5992
5996	5993
5996	5994
5996	5995
5996	5990
5626	5993
5623	5993
5992	5993
101	5992
5991	5992
2473	5991
5984	5991
102	5984
217	5984
5983	5984
2602	5983
5989	5983
214	5989
5988	5989
2599	5988
5987	5988
211	5987
5986	5987
2595	5986
5982	5986
209	5982
5981	5982
95	5981
96	5981
5626	5981
5985	5981
2465	5628
5997	5628
5625	5628
2468	5625
99	5625
2465	2468
104	105
6001	5999
6000	5998
6001	5998
6004	6001
6006	6000
6003	6000
6004	6000
6007	6004
6008	6004
6010	6005
6010	6006
6010	6007
6007	6003
2604	6007
216	6007
6008	6007
107	6008
6004	6008
108	6004
6001	6004
2621	6001
5999	6001
234	5999
231	5999
5998	5999
228	5998
6002	5998
223	6002
6005	6002
6006	6002
6009	6005
220	6009
215	6009
2604	6009
6010	6009
2623	111
110	111
235	2623
2643	114
2641	114
2486	114
2639	2486
113	2486
2637	113
238	113
243	238
240	238
246	2643
249	246
250	123
122	123
255	2516
253	2516
125	2516
126	2516
2667	2672
6012	2672
132	2672
6013	132
131	132
258	131
256	131
6011	258
261	258
2665	261
6012	2665
2667	2665
6013	6012
264	2667
6016	6014
6018	6015
6018	6016
2678	6016
2676	6016
6014	6016
2674	6014
134	6014
2518	6014
6015	6014
2520	6015
6017	6015
2522	6017
6018	6017
6019	6018
2680	6018
2678	6018
141	2680
138	141
135	138
2522	135
268	2674
6022	6020
6023	6022
144	6022
147	6022
273	6022
2687	6022
6020	6022
270	6020
265	6020
2677	6020
2679	6020
6021	6020
2681	6021
6023	6021
143	6023
144	6023
266	2677
279	2538
6025	2538
150	2538
6024	150
149	150
274	149
276	274
2694	276
6025	2694
279	2694
6026	156
155	156
280	155
282	280
2698	282
285	282
159	2698
2702	288
291	2706
2704	2706
162	2706
2702	162
2699	162
161	162
286	2699
297	165
2707	165
164	165
295	2707
171	297
306	303
6030	6027
6030	6028
174	6028
2720	6028
2718	6028
6027	6028
2716	6027
2714	6027
6029	6027
2712	6029
298	6029
173	6029
6030	6029
174	6030
306	2720
300	2720
314	311
2739	177
176	177
307	176
317	307
314	307
320	317
324	180
179	180
326	324
182	183
330	182
6034	6031
6034	6032
2578	6032
338	6032
335	6032
6031	6032
332	6031
327	6031
328	6031
6033	6031
191	6033
2576	6033
6034	6033
2578	6034
192	2576
341	338
198	341
2773	2775
353	2775
350	2775
344	2775
2763	2775
201	2775
200	201
342	200
347	344
6035	204
2584	204
203	2584
2776	203
357	2776
359	357
362	359
363	2597
206	2597
207	2597
365	363
368	365
371	368
2600	213
372	2600
212	2600
221	222
369	221
370	221
6042	6036
6042	6037
6045	6040
6046	6040
6046	6041
6047	6041
6047	6042
6047	6043
6043	6038
6048	6044
6049	6046
6049	6047
6049	6048
6048	6043
375	6048
224	6048
6044	6048
227	6044
386	6044
2811	6044
6038	6044
6043	6044
2808	6038
6037	6038
6042	6038
383	6037
380	6037
6036	6037
2803	6036
6040	6036
6041	6036
2800	6040
6039	6040
377	6039
2795	6039
6045	6039
2792	6045
375	6045
6049	6045
387	230
229	230
232	233
390	236
232	236
392	390
393	242
241	242
395	393
6052	2839
6054	2839
2841	2839
2644	2841
245	2841
2642	2644
6051	2642
2640	2642
6053	2640
2638	2640
401	2638
399	2638
244	2638
404	401
6050	404
407	404
410	407
6052	410
6051	6052
6054	6052
6053	6051
247	248
2842	247
6055	2842
2840	2842
2843	2840
411	2840
2845	2843
254	2845
2847	2845
257	2847
413	2847
251	254
2865	431
6057	260
2853	260
2850	260
416	260
259	260
414	259
6056	2853
419	2853
422	419
425	422
2865	425
428	425
2867	2865
6057	2867
434	2867
446	263
2668	263
2887	2668
6059	2668
2666	2668
6058	2666
262	2666
435	262
443	435
437	435
440	437
2887	443
6059	2887
2896	272
2689	272
447	2689
271	2689
2914	278
2696	278
2912	2696
6062	2696
277	2696
6061	277
2898	277
6060	2898
445	2898
2904	445
2902	445
2890	445
2900	2890
444	2890
449	444
2906	2904
2908	2906
6061	2908
2910	2908
6062	2910
2912	2910
283	284
6065	6063
6066	6063
6068	6065
6069	6065
6070	6065
6070	6066
6071	6066
6072	6066
6067	6064
6068	6064
6075	6068
6076	6068
6076	6069
6077	6069
6077	6070
6078	6070
6079	6070
6079	6071
6080	6071
6080	6072
6075	6067
6081	6077
6082	6077
6082	6078
6083	6078
6083	6079
6084	6079
6085	6079
6085	6080
6086	6080
6087	6083
6088	6083
6088	6084
6089	6084
6089	6085
6090	6085
6090	6086
6091	6086
6092	6088
6093	6088
6093	6089
6094	6089
6094	6090
6095	6090
6095	6091
6096	6093
6096	6094
6097	6094
6097	6095
6098	6095
6099	6098
287	6098
461	6098
2932	6098
6095	6098
2930	6095
6091	6095
2928	6091
6086	6091
2926	6086
6080	6086
6072	6080
2924	6072
2922	6072
6066	6072
6063	6066
2920	6063
2918	6063
6064	6063
6073	6064
458	6073
455	6073
452	6073
450	6073
6074	6073
6067	6073
2901	6074
6075	6074
2903	6075
6076	6075
2905	6076
6081	6076
2907	6081
6082	6081
6087	6082
2909	6087
2911	6087
6092	6087
2913	6092
6096	6092
2915	6096
6097	6096
6099	6097
283	6099
287	6099
2934	2936
6100	2936
2938	2936
2940	2938
2705	2940
290	2940
2703	2705
289	2703
462	289
2934	462
464	2934
6109	6108
2713	6108
6106	6108
2944	6108
2942	6108
6107	6108
2937	6107
2939	6107
2941	6107
6109	6107
292	6109
293	6109
296	6109
2713	6109
468	2937
6105	2944
2946	2944
6103	2946
2948	2946
6102	2948
2950	2948
6101	2950
2952	2950
470	2950
2954	2952
6102	2954
2956	2954
6104	2956
473	2956
299	473
2721	299
6102	2721
6103	2721
2719	2721
2717	2719
6105	2717
2715	2717
6106	2715
2713	2715
315	302
301	302
316	301
474	301
2990	474
2988	474
476	474
2986	476
479	476
438	479
439	479
304	305
2343	304
312	313
2991	319
318	319
485	2991
6110	2991
2989	2991
2866	2989
2987	2989
2868	2987
436	2987
433	436
432	2866
2994	432
485	2994
6113	6112
497	6112
494	6112
491	6112
6111	6112
489	6111
321	6111
2741	6111
6113	6111
322	6113
503	6113
497	6113
500	497
331	503
325	331
333	334
501	337
336	337
502	336
509	2764
340	2764
507	340
339	340
512	509
515	346
345	346
513	345
521	349
519	349
348	349
6115	352
6114	352
351	352
525	351
527	525
3058	527
530	527
6115	3058
6116	3058
3060	3058
3062	3060
3068	3062
536	3062
533	3062
6115	3068
539	3068
6120	6117
6120	6118
2794	6118
2797	6118
3080	6118
6117	6118
3078	6117
355	6117
358	6117
6119	6117
366	6119
6120	6119
367	6120
373	6120
2794	6120
2774	355
540	2774
354	2774
542	3080
376	542
360	361
557	379
554	379
2805	379
551	2805
2802	2805
548	2802
534	2802
378	2802
543	378
535	543
545	534
561	382
381	382
6126	6122
6127	6122
6127	6123
6126	6121
6128	6127
6129	6127
394	6127
585	6127
6123	6127
582	6123
577	6123
6122	6123
574	6122
6121	6122
569	6121
6124	6121
6125	6121
384	6125
2810	6125
2813	6125
6128	6125
6126	6125
385	6128
6129	6128
388	6129
391	6129
394	6129
564	384
566	564
569	566
396	397
586	396
3139	586
588	586
594	588
591	588
6130	403
402	403
3141	402
597	3141
595	3141
6134	6131
6133	6131
3153	6131
3151	6131
6132	6131
603	6132
600	6132
598	6132
6134	6132
405	6134
406	6134
6133	6134
3155	6133
3153	6133
6138	6136
5612	6136
5610	6136
3154	6136
3156	6136
6137	6136
408	6137
409	6137
2844	6137
6138	6137
2846	6138
2848	6138
5612	6138
412	5612
415	5612
5608	3154
3152	3154
6135	3152
604	3152
606	604
609	606
5606	609
5604	609
612	609
421	612
420	421
5608	5606
6142	6139
6142	6140
6143	6142
2852	6142
2855	6142
6140	6142
418	6140
5605	6140
5607	6140
6139	6140
5609	6139
6141	6139
5611	6141
6143	6141
5613	6143
417	6143
2852	6143
423	424
6146	6144
3177	6144
615	6144
3173	6144
6145	6144
610	6145
611	6145
426	6145
6146	6145
427	6146
618	6146
3177	6146
619	429
627	624
6147	2997
430	2997
619	430
621	619
627	621
484	627
441	442
451	441
480	441
478	454
453	454
471	2976
2953	2976
2955	2976
6148	2976
457	2976
456	457
475	456
2957	475
472	475
2955	2957
6154	2935
2933	2935
460	2935
2931	2933
6153	2931
2929	2931
6152	2929
2927	2929
6151	2927
2925	2927
6150	2925
2923	2925
6149	2923
2921	2923
2919	2921
2977	2919
459	2919
483	2977
6150	483
2979	483
6151	2979
2982	2979
6152	2982
6153	2982
463	2982
6154	463
6157	6155
6159	6156
6159	6157
6160	6157
6162	6158
6162	6159
6160	6159
2947	6160
2949	6160
6157	6160
2951	6157
6155	6157
469	6155
481	6155
2981	6155
6156	6155
6158	6156
2984	6158
6161	6158
465	6161
466	6161
2943	6161
6162	6161
2945	6162
2947	6162
486	487
628	486
633	630
639	3208
6164	3208
493	3208
6163	493
492	493
626	492
625	626
633	625
6164	633
636	633
639	636
6168	6165
6168	6166
3226	6166
648	6166
6165	6166
3210	6165
495	6165
6167	6165
496	6167
3228	6167
6168	6167
3226	6168
645	3210
643	3210
3244	499
3229	499
498	499
3242	3229
3227	3229
6169	3227
649	3227
651	649
654	651
3242	654
508	3244
6173	6171
6173	6172
511	6172
514	6172
3255	6172
657	6172
6171	6172
655	6171
6170	6171
3243	6170
3245	6170
6173	6170
510	6173
511	6173
3257	517
516	517
668	3257
660	3257
658	3257
665	660
669	523
522	523
6174	529
528	529
667	528
673	667
666	667
676	673
679	676
532	544
6178	532
3063	532
6177	3063
3061	3063
6176	3061
6175	3061
3059	3061
531	3059
680	531
6176	680
682	680
685	682
3286	685
6177	3286
6178	3286
688	3286
537	3081
3071	3081
3079	3081
538	3079
546	547
6179	3292
3294	3292
6180	3294
3296	3294
550	3296
549	550
3288	549
687	549
6179	3288
686	3288
694	3304
6181	3304
3293	3304
3306	3304
3308	3306
3295	3308
3310	3308
3297	3310
3312	3310
553	3312
552	553
684	3293
683	684
691	683
694	691
6185	6182
6185	6183
6186	6185
3329	6185
709	6185
6183	6185
3325	6183
706	6183
3320	6183
6182	6183
3318	6182
6184	6182
3307	6184
3309	6184
3311	6184
6186	6184
3313	6186
3329	6186
555	3329
556	3329
3305	3307
700	3305
698	3305
703	3320
6187	559
558	559
3330	558
710	3330
712	710
562	712
565	712
567	568
6193	6190
6194	6190
6194	6188
6191	6188
6192	6188
6196	6192
6198	6193
6198	6194
6198	6191
6195	6191
6196	6191
6199	6196
6200	6196
6201	6198
6201	6199
6199	6195
6202	6200
6202	6199
711	6202
570	6202
573	6202
6200	6202
724	6200
3347	6200
6196	6200
6192	6196
721	6192
718	6192
6188	6192
715	6188
6190	6188
3336	6190
6189	6190
707	6189
3327	6189
6193	6189
6197	6193
708	6197
6201	6197
711	6201
575	576
6207	6203
6207	6204
6208	6204
6208	6205
6209	6207
6210	6207
6210	6208
744	6208
741	6208
736	6208
6205	6208
3355	6205
730	6205
6204	6205
6203	6204
727	6203
722	6203
3349	6203
6206	6203
6209	6206
723	6209
578	6209
581	6209
6210	6209
744	6210
733	3355
6211	584
583	584
745	583
749	745
587	749
589	590
6214	589
750	589
6212	750
740	750
737	740
3387	737
752	737
3389	3387
6213	3389
605	3389
602	605
6214	602
601	602
6212	6214
599	593
592	593
3388	3174
3390	3174
608	3174
607	608
755	3388
753	3388
617	620
6217	617
3180	617
6216	3180
6215	3180
616	3180
761	616
756	616
758	756
3409	761
6216	3409
764	3409
3417	764
6218	3417
767	3417
632	767
631	632
6217	631
6216	6217
629	622
634	635
768	634
637	638
3429	637
771	637
3441	3429
3431	3429
3438	3431
773	3431
776	773
782	641
640	641
780	640
3455	647
3453	647
3449	647
783	647
646	647
3451	3449
785	3449
788	3455
797	653
794	653
791	653
652	653
789	652
800	797
659	800
6219	664
661	664
801	661
803	801
806	803
809	806
815	809
812	809
818	815
672	818
821	675
819	675
674	675
824	821
827	824
677	678
690	677
831	677
833	831
692	693
834	692
836	834
6223	6220
3533	6220
3531	6220
853	6220
850	6220
6221	6220
6222	6220
695	6222
696	6222
699	6222
6223	6222
3541	6223
3535	6223
3533	6223
862	3535
859	3535
840	695
842	840
845	842
850	845
856	853
6224	702
3321	702
3319	3321
3544	3319
701	3319
863	3544
868	3338
3552	3338
865	3338
860	3338
705	3338
704	705
861	704
6229	6227
6229	6228
6228	6225
717	6228
2339	6228
3566	6228
3563	6228
6225	6228
883	6225
6227	6225
3560	6227
6226	6227
871	6226
869	6226
716	6226
6229	6226
717	6229
874	871
880	874
877	874
731	3566
3569	3566
886	3569
3358	886
889	886
732	889
892	889
2340	720
719	720
728	729
734	735
893	734
895	893
754	895
757	895
742	743
901	3612
3596	3612
760	3612
898	760
759	760
896	759
904	901
6231	763
6230	763
3412	763
3613	3412
762	3412
908	3613
910	908
6231	910
913	910
3430	766
6233	766
3420	766
6232	3420
765	3420
914	765
916	914
772	916
3432	772
6233	3432
3430	3432
3635	775
774	775
917	774
919	3635
922	919
6236	6235
3659	6235
934	6235
931	6235
928	6235
6234	6235
926	6234
777	6234
3440	6234
6236	6234
3443	6236
6237	6236
3659	6236
784	3659
3450	784
778	3450
781	3450
3443	778
6242	6239
6242	6240
3701	6240
3699	6240
955	6240
3685	6240
6239	6240
786	6239
3452	6239
3454	6239
6241	6239
3456	6241
3705	6241
3703	6241
6242	6241
3701	6242
787	3705
790	3705
3682	786
3660	786
935	3660
6238	935
937	935
3663	937
3675	3663
940	3663
943	940
946	3675
3682	946
952	3685
949	3685
6245	3717
6244	3717
793	3717
792	793
3706	792
6245	3706
3704	3706
6243	3704
3702	3704
3700	3702
3709	3700
956	3700
958	3709
961	958
6245	961
6247	3723
6246	3723
796	3723
795	796
3718	795
962	3718
3719	962
6247	3719
964	3719
3721	964
967	3721
970	967
6248	799
798	799
3724	798
971	3724
973	971
802	973
804	805
988	808
6249	808
807	808
972	807
969	972
6252	969
6251	969
968	969
976	968
979	976
3731	979
6252	3731
3733	3731
6250	3733
982	3733
985	982
988	985
6249	988
6252	6249
810	811
3755	814
989	814
813	814
990	813
994	989
3751	994
1000	3751
997	3751
1004	817
816	817
6253	823
822	823
6254	822
1002	822
3756	1002
6253	3756
1001	3756
1006	1001
1009	1006
1010	826
825	826
849	1010
3790	1010
1012	1010
1015	1012
3787	1015
3784	1015
1018	1015
1021	1018
828	829
843	828
844	828
835	843
837	838
6255	3808
6256	3808
3810	3808
3786	3810
3812	3810
3789	3812
3792	3812
852	3812
851	852
1022	3786
1024	1022
6255	1024
1030	1024
1027	1024
1033	1030
6259	6258
1042	6258
1039	6258
3821	6258
1036	6258
1034	6258
6257	6258
3809	6257
3811	6257
6259	6257
3813	6259
855	6259
1042	6259
854	855
6262	6260
3838	6260
1048	6260
1045	6260
1043	6260
6261	6260
857	6261
3532	6261
3534	6261
6262	6261
3536	6262
6263	6262
3838	6262
1051	3838
864	1051
858	864
3536	858
3554	867
1052	3554
866	3554
6264	3844
873	3844
872	873
1050	872
3840	1050
1049	3840
3845	876
875	876
1047	3845
1046	1047
1054	1046
6265	879
3854	879
878	879
1058	878
3856	3854
1060	3856
1063	1060
1066	1063
1069	1066
6266	882
3561	882
881	3561
1070	881
1072	1070
6271	6268
6272	6268
6273	6267
6270	6267
6271	6267
6275	6271
6276	6271
6276	6272
6277	6272
6278	6270
6274	6270
6275	6270
6279	6275
6280	6275
6280	6276
6281	6276
6281	6277
6279	6274
6282	6280
6283	6280
6283	6281
1081	6281
3878	6281
6277	6281
1078	6277
6272	6277
3875	6272
6268	6272
1075	6268
6267	6268
3871	6267
6269	6267
1073	6269
884	6269
6273	6269
6278	6273
3565	6278
3568	6278
6279	6278
6282	6279
3571	6282
6283	6282
885	6283
1081	6283
3882	888
887	888
1082	887
1085	891
890	891
897	1085
6290	6285
6290	6286
6291	6286
6291	6287
6291	6288
6292	6290
6293	6290
6293	6291
3600	6291
6288	6291
900	6288
1093	6288
3890	6288
6287	6288
6286	6287
1090	6286
6285	6286
6284	6285
3880	6285
6289	6285
1080	6289
6292	6289
3883	6292
6293	6292
1083	6293
899	6293
3600	6293
1079	3880
1087	1079
1090	1087
903	1099
1094	903
902	903
6294	906
1100	906
905	906
1102	1100
3911	1102
3929	3911
3927	3911
1105	3911
1111	1105
1108	1105
909	3929
6297	912
6296	912
911	912
3930	911
3928	3930
6297	3928
6295	3928
1114	3928
1112	3928
3937	1114
3637	3937
1117	3937
918	1117
1120	1117
6297	3637
915	3637
1129	3977
3957	3977
3981	3977
3953	3981
921	3981
1126	921
1123	921
920	921
1121	920
1132	1129
1135	1132
1138	1135
923	924
3991	923
3984	923
3989	3984
3980	3984
1144	3980
3987	3980
1142	3980
1147	1144
6298	930
3992	930
929	930
3990	3992
6299	3990
1148	3990
1150	1148
3666	1150
939	1150
6298	3666
938	3666
932	933
1153	942
1151	942
941	942
1156	1153
6302	6300
6303	6300
6304	6300
6305	6300
6306	6300
6301	6300
6308	6302
6309	6302
6310	6302
6310	6303
6311	6303
6312	6303
6312	6304
6308	6301
6313	6310
6314	6310
6314	6311
6315	6311
6316	6314
6315	6314
4021	6315
1178	6315
4018	6315
6312	6315
6311	6315
1175	6312
4014	6312
6304	6312
6305	6304
1172	6305
6306	6305
1169	6306
1164	6306
6307	6306
6301	6306
1160	6307
944	6307
3678	6307
6308	6307
6309	6308
945	6309
6313	6309
6316	6313
950	6316
4021	6316
951	4021
6317	948
6318	948
3687	948
3684	3687
6317	3684
947	3684
6324	6319
6324	6320
6325	6320
6327	6321
6327	6322
6328	6322
6328	6323
6328	6324
6329	6324
6329	6325
6330	6325
6331	6327
6332	6327
6332	6328
6332	6329
6333	6329
6333	6330
6334	6332
6334	6333
1190	6333
4035	6333
6330	6333
1187	6330
1184	6330
4028	6330
6325	6330
1181	6325
6320	6325
4025	6320
6319	6320
1179	6319
4023	6319
6322	6319
6323	6319
6321	6322
953	6321
954	6321
6326	6321
3712	6326
6331	6326
957	6331
1193	6331
6334	6331
1190	6334
4047	3720
1196	3720
960	3720
1194	960
959	960
4063	966
3722	966
965	3722
6335	965
4048	965
4049	4048
1197	4048
4051	4049
4061	4051
4053	4051
4055	4053
4059	4055
4057	4055
1202	4057
1199	4057
4063	4061
6338	6337
977	6337
978	6337
1205	6337
1203	6337
4060	6337
6336	6337
4062	6336
6338	6336
4064	6338
977	6338
3734	981
1211	3734
4072	3734
3732	3734
1206	3732
980	3732
1208	1206
6340	984
983	984
1215	983
4082	1215
4084	4082
1217	4082
6339	4084
1220	4084
3752	1220
1223	1220
996	1223
995	3752
6340	995
986	987
6344	6341
6343	6341
6346	6343
6345	6343
6347	6345
4090	6347
999	6347
1005	6347
6345	6347
1013	6345
1014	6345
6343	6345
4100	6343
6341	6343
4098	6341
6342	6341
1229	6342
1226	6342
4094	6342
6344	6342
4092	6344
6346	6344
4090	6346
998	999
1224	998
1007	1008
4107	4113
1232	4113
4103	4113
4115	4113
4099	4115
4101	4115
1017	4115
1016	1017
1230	4099
1238	4107
1235	4107
4116	1020
1019	1020
4118	4116
4114	4116
1242	4114
1247	1026
4120	1026
1025	1026
1240	4120
1244	1240
1239	1240
1028	1029
1251	1028
1253	1251
1032	1035
4142	1032
6349	1032
1031	1032
6348	1031
1257	1031
1259	1257
4138	1259
4140	4138
6349	4140
4142	4140
1265	1263
3823	1038
1271	3823
1268	3823
1265	3823
1037	3823
1040	1041
1053	1040
1275	1040
1286	3857
6351	3857
3855	3857
6350	3855
6352	3855
1056	3855
1055	1056
1273	1055
1272	1273
1277	1272
6350	1277
1280	1277
1283	1280
6351	1283
1286	1283
6353	1062
6354	1062
1061	1062
1287	1061
4176	1287
6353	4176
1289	4176
1292	1289
1293	1065
1064	1065
3873	1068
1067	1068
1296	1067
1074	1296
1298	1296
1301	1077
3876	1077
1299	3876
1076	3876
1088	1089
1095	1319
1316	1092
3893	1092
1313	3893
1091	3893
4199	1091
1300	1091
4196	1300
6357	1300
1297	1300
6355	1297
1294	1297
1291	1294
4190	1291
1290	1291
1307	1290
1304	1290
6356	4190
1310	4190
4193	1310
6357	4193
4196	4193
6355	6357
1097	1098
1320	1097
4211	1317
4229	1334
6360	6358
6364	6360
6365	6360
6365	6361
6365	6362
6366	6362
6366	6363
6368	6365
6368	6366
6368	6367
1318	6367
1103	6367
3915	6367
6366	6367
6363	6366
1104	6363
1345	6363
1340	6363
6362	6363
1337	6362
6361	6362
4229	6361
6360	6361
6358	6360
1325	6358
4214	6358
6359	6358
1322	6359
6364	6359
4211	6364
6368	6364
1318	6368
1331	1325
1328	1325
1106	1107
1346	1106
1351	1110
1349	1110
1109	1110
4273	1357
3940	1116
6369	3940
1115	3940
1352	1115
1354	1352
4273	1354
1124	4273
1360	4273
1125	1360
1363	1360
1118	1119
6370	4299
4289	4299
4287	4299
1128	4299
3960	1128
4285	3960
3956	3960
1369	3956
1366	3956
1127	3956
1364	1127
1372	4289
1375	1372
1378	1375
1381	4313
4303	4313
6371	4313
1131	4313
4300	1131
1130	1131
1379	4300
4303	1379
1133	1134
4316	1133
4323	4316
1385	4316
1390	1385
1387	1385
1255	1258
1136	1137
6372	1136
1394	1136
1396	1394
1255	1396
1254	1255
2238	1254
5423	3988
6373	3988
1140	3988
1139	1140
2239	1139
1246	2239
1245	1246
2243	1245
5421	2243
5423	5421
6376	1146
6374	1146
1145	1146
5424	1145
6375	5424
5422	5424
5425	5422
2244	5422
2246	5425
5430	2246
6374	5430
6376	5430
1152	5430
1149	1152
6379	6377
6380	6377
6381	6377
6382	6379
6383	6379
6384	6379
6384	6380
6385	6380
6385	6381
2255	6381
5444	6381
6377	6381
2252	6377
6378	6377
2249	6378
2247	6378
5434	6378
6382	6378
1154	6382
1165	6382
1168	6382
6383	6382
2267	6383
6384	6383
2264	6384
6385	6384
5447	6385
2255	6385
2258	5447
2261	2258
1155	1165
1157	1158
1170	1171
6394	6392
5473	6392
6393	6392
6390	6392
5646	6392
2350	6392
6391	6392
5650	6391
6389	6391
1182	6391
4030	6391
6394	6391
1183	6394
5473	6394
5572	1182
1174	5572
5649	1174
6386	1174
4016	1174
6387	4016
1173	4016
2266	1173
6388	2266
2265	2266
2270	2265
6390	2270
6393	2270
5470	2270
5473	5470
5647	6390
5646	6390
6387	5647
5648	5647
6386	5648
5649	5648
5650	5649
5573	4026
4019	4026
1177	4026
1176	4019
6397	6395
6399	6397
6398	6397
6395	6397
2273	6395
2271	6395
5472	6395
6396	6395
5475	6396
5570	6396
6399	6396
5568	6399
4054	6399
4056	6399
6398	6399
4058	6398
1198	6398
2276	6398
2273	6398
4052	4054
5566	4052
4050	4052
1191	4050
1195	4050
1192	1195
1186	5570
1185	1186
6400	5571
5569	5571
6401	5569
5567	5569
1189	5567
4037	1189
6400	4037
1188	4037
1207	2282
1207	1201
2279	1201
5486	1201
1200	1201
2277	1200
1209	5494
4074	5494
1210	5494
6404	6403
6405	6403
1216	6403
2294	6403
5504	6403
6402	6403
2285	6402
5500	6402
6404	6402
5497	6404
5495	6404
6405	6404
4083	6405
1216	6405
1212	4083
1213	4083
2281	5495
2280	2281
2291	5504
2288	5504
2297	5511
6406	5511
1219	5511
4085	1219
1218	4085
2295	1218
2297	2295
6409	6408
4093	6408
4095	6408
2303	6408
5516	6408
6407	6408
2301	6407
5513	6407
6409	6407
1221	6409
4091	6409
4093	6409
1222	4091
1225	2303
6412	6410
6413	6410
6414	6410
6415	6410
6416	6410
6411	6410
6418	6416
6418	6411
1228	6411
4105	6411
6412	6411
1231	6412
6413	6412
5530	6413
5528	6413
6414	6413
2306	6414
5526	6414
6415	6414
5524	6415
6417	6415
6416	6415
5522	6417
2304	6417
6418	6417
1227	6418
1228	6418
4108	1234
5534	4108
5531	4108
1233	4108
5529	5531
2315	5529
2307	5529
2312	2307
2309	2307
2242	1237
1236	1237
2319	1236
5426	2319
2321	2319
2245	2321
2248	2321
1248	1249
2237	1248
4333	1405
6421	6419
4333	6419
4331	6419
4329	6419
6420	6419
4327	6420
4139	6420
6421	6420
4141	6421
6422	6421
4335	6421
4333	6421
4337	4335
4141	4337
4143	4337
4339	4337
6423	4339
1408	4339
1264	1408
1261	1264
4143	1261
1399	4139
1260	4139
1397	1260
1402	4331
1266	1267
1409	1266
1279	1409
1411	1409
1269	1270
6424	1282
1281	1282
1412	1281
1420	1412
1417	1412
1414	1412
1303	4177
4362	4177
1421	4177
1284	4177
1285	4177
4374	1306
1305	1306
4364	1305
6426	4364
1419	4364
6425	1419
1418	1419
1423	1418
4370	1423
6426	4370
4372	4370
4374	4372
1427	4389
4191	4389
1309	4389
1308	4191
1429	1427
6431	6428
6432	6428
6432	6429
6433	6429
6431	6427
6434	6431
6435	6431
6435	6432
6436	6432
6436	6433
6437	6435
6438	6435
6438	6436
6439	6438
4216	6438
6436	6438
1324	6436
6433	6436
4398	6433
6429	6433
1435	6429
4394	6429
6428	6429
6427	6428
1433	6427
4391	6427
1311	6427
6430	6427
4195	6430
6434	6430
4198	6434
6437	6434
4201	6437
6439	6437
1312	6439
1323	6439
4216	6439
1314	4212
1315	4212
4399	1327
1326	1327
1436	4399
1329	1330
6440	4409
1329	4409
1447	4409
1439	1329
1441	1439
4406	1441
1444	4406
1332	1333
4411	1446
6444	6441
6444	6442
6445	6442
6449	6443
6449	6444
6450	6444
6450	6445
6451	6445
6451	6446
6452	6448
6453	6448
6453	6449
6454	6449
6454	6450
6455	6450
6455	6451
6456	6453
6456	6454
6457	6454
6457	6455
4425	6455
1456	6455
6451	6455
4422	6451
6446	6451
1453	6446
4418	6446
6442	6446
6445	6446
1450	6442
6441	6442
1445	6441
6443	6441
4411	6443
6447	6443
6448	6443
1335	6447
4233	6447
6452	6447
6456	6452
1336	6456
1459	6456
6457	6456
4425	6457
1338	1339
6466	6461
6466	6462
6466	6463
6466	6464
6466	6465
6466	6460
1341	6465
1344	6465
1347	6465
1350	6465
6464	6465
6459	6464
6463	6464
1476	6463
1473	6463
6458	6463
6462	6463
4427	6462
6461	6462
1458	6461
6460	6461
1341	6460
1457	4427
1470	1457
1465	1457
1462	1457
1473	1470
1353	1476
1350	1353
1477	1356
1355	1356
4276	1359
6468	4276
6467	4276
1480	4276
1358	4276
1482	1480
6468	1482
1485	1482
1368	1485
1367	1368
1361	1362
6471	6469
6472	6471
4286	6471
4288	6471
4290	6471
6469	6471
1371	6469
1494	6469
6470	6469
1488	6470
1486	6470
6472	6470
1370	6472
4286	6472
1491	1488
1503	1374
1373	1374
1500	1373
1495	1373
1497	1495
6474	4306
6475	4306
6476	4306
1377	4306
1507	1377
1376	1377
1509	1507
6475	1509
6473	1509
1512	1509
4505	1512
1515	4505
6474	1515
1518	1515
1380	1518
1521	1518
6475	6474
1522	1383
1382	1383
1524	1522
1527	1524
1533	1527
1530	1527
4328	5417
6477	5417
1389	5417
1388	1389
1534	1388
1536	1534
4527	1536
4332	4527
1401	4527
4330	4332
4328	4330
1398	1392
4324	1392
5418	4324
1391	4324
4528	1403
1422	5413
1548	5413
1545	5413
4532	5413
6478	5413
1404	5413
4528	1404
1542	4528
1539	4528
1537	4528
4532	1542
1416	1422
6482	6479
6481	6479
6483	6481
1410	6481
1413	6481
5415	6481
6479	6481
1406	6479
4334	6479
6480	6479
4336	6480
6482	6480
4338	6482
6483	6482
4340	6483
1407	6483
1410	6483
6487	6484
6488	6487
1566	6487
1563	6487
1560	6487
6484	6487
1557	6484
6485	6484
4373	6484
6486	6484
4375	6486
6488	6486
1425	6488
1428	6488
1566	6488
4371	4373
1554	4371
1551	4371
1549	4371
1424	4371
1557	1554
1575	4396
6489	4396
1431	4396
1569	1431
1567	1431
1430	1431
1572	1569
1575	1572
1440	1575
1437	1440
6493	6491
6494	6491
6490	6491
1581	6491
6492	6491
1578	6492
4407	6492
6493	6492
1443	6493
6494	6493
1449	6494
1590	6494
6490	6494
1587	6490
4564	6490
1581	6490
1584	4564
1576	4407
1442	4407
1605	1452
4420	1452
1602	4420
4577	4420
6495	4420
1451	4420
1591	1451
1596	1591
1593	1591
1599	1596
4577	1599
1611	1455
4423	1455
1609	4423
1454	4423
1463	1464
1612	1463
6501	6496
6501	6497
6502	6497
6502	6498
6503	6498
6505	6499
6505	6500
6506	6500
6506	6501
6507	6501
6507	6502
6507	6503
6508	6505
6508	6506
6509	6506
6509	6507
1629	6507
1626	6507
6503	6507
1623	6503
4606	6503
6498	6503
1620	6498
4601	6498
6497	6498
6496	6497
1617	6496
4596	6496
6499	6496
6500	6496
1615	6499
6504	6499
1466	6504
1469	6504
1632	6504
6508	6504
4617	6508
6509	6508
1629	6509
1471	1472
6515	6511
6516	6512
6516	6513
6516	6515
6516	6511
6513	6516
1643	6513
1638	6513
1630	6513
4619	6513
6512	6513
1631	6512
6511	6512
1474	6511
6510	6511
1475	6510
1478	6510
1481	6510
6515	6510
6514	6515
1646	6514
1643	6514
1649	1646
1635	1630
6517	1484
1483	1484
1650	1483
1654	1650
1659	1654
1487	1659
1662	1659
1489	1490
4654	1493
1492	1493
1661	1492
1660	1661
1665	4654
1668	1665
6520	6519
4670	6519
1669	6519
1498	6519
1499	6519
6518	6519
1683	6518
1680	6518
6521	6518
6520	6518
1671	6520
4670	6520
1674	1671
1677	1674
1680	1677
1501	1502
4680	1505
6522	1505
1504	1505
1682	1504
1681	1682
4680	1681
4682	4680
4686	4682
1686	4682
1689	1686
4689	1511
1690	1511
4687	1511
1510	1511
1692	4689
6525	6524
6526	6524
1707	6524
4707	6524
1704	6524
6523	6524
1701	6523
1698	6523
6525	6523
1696	6525
1513	6525
6526	6525
4506	6526
1707	6526
1514	1707
4712	1713
1526	1517
6527	1517
1516	1517
1708	1516
1710	1708
4712	1710
1716	4712
1719	1716
1526	1719
1519	1520
1528	1529
1720	1528
1531	1532
1723	1531
1725	1723
1538	1725
1556	5408
6529	5408
6528	5408
5410	5408
4732	5410
1726	5410
1540	5410
1541	5410
1728	4732
1731	1728
6529	1731
4738	1731
1556	4738
4534	1544
6530	4534
1543	4534
5411	1543
5409	5411
1553	5409
1552	1553
1546	1547
4565	5406
6531	5406
6532	5406
4739	5406
1558	5406
1559	5406
1732	4739
6531	1732
1734	1732
1583	1734
4565	1583
6535	6533
1571	6535
1579	6535
1580	6535
6533	6535
5407	6533
1561	6533
6534	6533
1562	6534
1570	6534
1571	6534
1564	1565
1573	1574
4754	5402
1586	5402
4752	1586
1585	1586
1735	1585
4750	1735
1737	1735
1740	1737
1743	1740
1595	4754
5404	1589
1588	1589
6538	6536
6537	6536
4751	6537
4753	6537
6538	6537
4755	6538
6540	6538
4761	6538
1755	6538
6536	6538
1752	6536
1749	6536
6539	6536
1746	6539
4751	6539
1744	4751
1758	4761
1597	1758
1598	1758
4755	1597
4767	4769
1601	4769
4579	1601
1759	4579
1600	4579
6543	6542
6544	6542
1773	6542
4778	6542
4771	6542
6541	6542
1764	6541
1762	6541
5399	6541
6543	6541
1618	6543
4603	6543
6544	6543
1619	6544
1773	6544
1776	1773
4770	5399
1603	5399
1604	5399
4773	4771
1770	4773
1767	4773
4598	1607
6545	1607
1606	1607
5400	1606
6546	5400
1616	5400
4598	1616
6545	4598
1613	4598
1785	1782
4608	1622
1788	4608
1785	4608
1621	4608
1777	1621
1779	1777
1794	1625
4798	1625
1624	1625
1792	1624
1637	1794
1627	1628
6554	6547
6554	6548
6555	6548
6555	6549
6556	6549
6556	6550
6556	6551
6557	6551
6558	6553
6559	6553
6559	6554
6559	6555
6560	6555
6560	6556
6560	6557
6561	6557
6564	6559
6564	6560
6564	6561
6564	6562
6564	6563
6564	6558
1809	6563
4819	6563
1806	6563
6562	6563
1803	6562
6561	6562
6557	6561
1800	6557
6551	6557
4808	6551
6550	6551
1797	6550
4803	6550
6549	6550
1795	6549
6548	6549
6547	6548
1639	6547
6553	6547
1642	6553
6552	6553
1809	6552
6558	6552
4823	1645
1644	1645
1810	1644
1813	1648
1647	1648
6571	6566
6571	6567
6572	6567
6572	6568
6572	6569
6569	6565
6575	6570
6575	6571
6575	6572
6575	6573
6573	6569
6576	6575
6576	6573
1818	6576
1807	6576
4821	6576
6573	6576
1808	6573
6569	6573
4824	6569
6565	6569
1811	6565
1655	6565
1658	6565
6568	6565
4658	6568
6567	6568
1664	6567
6566	6567
1824	6566
6570	6566
1821	6570
6574	6570
1818	6574
1815	1807
1827	4671
1825	4671
1666	4671
1667	4671
6582	6578
6582	6579
6582	6580
6580	6577
6585	6582
6585	6583
6583	6580
4858	6583
1833	6583
6580	6583
4855	6580
6577	6580
1830	6577
1828	6577
1672	6577
6579	6577
1673	6579
6578	6579
1853	6578
1850	6578
6581	6578
1845	6581
6585	6581
6584	6585
4858	6585
1836	4858
1839	1836
1842	1839
1845	1842
1856	1853
1864	1676
1675	1676
1859	1675
1857	1675
6586	4683
4681	4683
6587	4681
1679	4681
1678	1679
1868	1678
4898	1868
6586	4898
1870	4898
1873	1870
1685	1873
4691	1691
6591	6589
6591	6588
6593	6590
6593	6591
6594	6593
1687	6593
1688	6593
6591	6593
4691	6591
6588	6591
1885	6588
1882	6588
4916	6588
6589	6588
4914	6589
4912	6589
6590	6589
4910	6590
6592	6590
1879	6592
4908	6592
6594	6592
1876	6594
1687	6594
1874	1687
1888	1886
6595	1694
6596	1694
1693	1694
1888	1693
4926	1888
6595	4926
1891	4926
1697	1891
1900	1897
1892	1700
1699	1700
1894	1892
6599	6598
1703	6598
4950	6598
4948	6598
4946	6598
6597	6598
4944	6597
4942	6597
1903	6597
6599	6597
1901	6599
1702	6599
1703	6599
1909	4942
1906	4942
1912	4948
1913	1706
4708	1706
4951	4708
1705	4708
6603	6600
4964	6600
6601	6600
4954	6600
6602	6600
4952	6602
6604	6602
4947	6602
6603	6602
4949	6603
4966	6603
4964	6603
1911	4966
1712	4966
1711	1712
4945	4947
1910	4945
4952	1910
4956	4954
4962	4956
1915	4956
1918	1915
1921	1918
4964	4962
6608	6605
4965	6605
4967	6605
6607	6605
1714	6607
4714	6607
1715	6607
6608	6607
4970	6608
6606	6608
4965	6608
4963	4965
1922	4963
4970	1922
6609	1718
1717	1718
4973	1717
6610	4973
1920	4973
1924	1920
1919	1920
4735	1924
1739	1924
1727	1739
1738	1739
1724	4735
6609	1724
1721	1724
1729	1730
1736	1729
1925	1742
1741	1742
1916	1748
1747	1748
1917	1747
1923	1747
1928	1751
1750	1751
1930	1928
4772	5387
4774	5387
6611	5387
1754	5387
1753	1754
1934	1753
1936	1934
1939	1936
1766	1939
4774	1766
6613	4768
1757	4768
4763	1757
6612	4763
1756	4763
5388	1756
1763	5388
6613	1763
1760	1763
1775	1778
6614	5383
4994	5383
1769	5383
1768	1769
1940	1768
4996	4994
6615	4996
1942	4996
1945	1942
1775	1945
1774	1775
6614	1774
4780	5385
1772	5385
1946	1780
1943	1944
6616	1784
1783	1784
1943	1783
1948	1943
6617	1948
5004	1948
1951	5004
1954	1951
6616	1954
1786	1787
6620	6619
6621	6619
5008	6619
1952	6619
1953	6619
6618	6619
1789	6618
4799	6618
6620	6618
1793	6620
4805	6620
6621	6620
1796	6621
1963	6621
5008	6621
1790	4799
1960	1952
1957	1952
4810	1799
1972	4810
1969	4810
1964	4810
1798	4810
1966	1964
6622	1802
1801	1802
5022	1801
1976	1801
5024	5022
1816	5024
1817	5024
1804	1805
6626	6624
6626	6625
6627	6625
6628	6627
5033	6627
1990	6627
6625	6627
5030	6625
1981	6625
1978	6625
6624	6625
6623	6624
1973	6623
1974	6623
5023	6623
6626	6623
6628	6626
5036	6628
5033	6628
5025	5036
5039	5036
1819	5039
1993	5039
1996	1993
1820	1996
5026	1981
1987	5026
1984	5026
1829	1823
1822	1823
1997	1822
4856	1832
1995	4856
1831	4856
6635	6630
6636	6630
6636	6631
6637	6631
6640	6632
6640	6633
6640	6634
6641	6634
6641	6635
6641	6636
6642	6636
6642	6637
6643	6637
6643	6638
6645	6640
6645	6641
6645	6642
6645	6643
6645	6644
6645	6639
4860	6644
1835	6644
6643	6644
6638	6643
2005	6638
2002	6638
6637	6638
6631	6637
5048	6631
1999	6631
6630	6631
1991	6630
6629	6630
5035	6629
6635	6629
6634	6635
5038	6634
6633	6634
5041	6633
6632	6633
1992	6632
1834	6632
6639	6632
4860	6639
1837	1838
1840	1841
2011	1840
6646	1840
2004	1840
2003	2004
2008	2003
5064	2008
2011	5064
1843	1844
6651	6647
6651	6648
6651	6649
6652	6649
6659	6650
6659	6651
6659	6652
6660	6652
6660	6653
6660	6654
6660	6655
6661	6656
6661	6657
6661	6658
6661	6659
6661	6660
6661	6655
5651	6654
5652	6654
5087	6654
2023	6654
6653	6654
5084	6653
6649	6653
6652	6653
5082	6649
6648	6649
5080	6648
6647	6648
2020	6647
2017	6647
5074	6647
6650	6647
5071	6650
6658	6650
6657	6658
2012	6657
2013	6657
6656	6657
1846	6656
5655	6656
2351	6656
6655	6656
5651	6655
1849	5655
5654	5655
5653	5654
2026	5653
5652	5653
5087	5652
5091	1852
1851	1852
2027	1851
2030	1855
1854	1855
6665	6663
6666	6663
6671	6665
6671	6666
6672	6666
6672	6667
6672	6664
6668	6664
6669	6664
6673	6669
6674	6671
6675	6671
6675	6672
6675	6673
6673	6668
5089	6673
2025	6673
5092	6673
6669	6673
2028	6669
1863	6669
5111	6669
6664	6669
2038	6664
6667	6664
6663	6667
6666	6667
2035	6663
6662	6663
2032	6662
5099	6662
5097	6662
6665	6662
6670	6665
5095	6670
2024	6670
6674	6670
5089	6674
6675	6674
1860	1863
6679	6677
5135	6677
5133	6677
6676	6677
6678	6677
5125	6678
6680	6678
6679	6678
2034	6679
5117	6679
1878	6679
5137	6679
5135	6679
4909	1878
2039	4909
1877	4909
1869	1877
4901	1869
5114	4901
1866	4901
1865	1866
2033	2034
2041	2033
5123	2041
5125	5123
5127	5125
5131	5127
2044	5127
2047	2044
5133	5131
1871	1872
6683	6681
4915	6681
4917	6681
2053	6681
5139	6681
6682	6681
2050	6682
5132	6682
5134	6682
6683	6682
6684	6683
4913	6683
4915	6683
5136	4913
4911	4913
5138	4911
1880	4911
5134	5136
2048	5132
1881	2053
1883	1884
6685	1883
2054	1883
2056	2054
2059	2056
1887	2059
2062	2059
5157	1890
4927	1890
5155	4927
1889	4927
2063	1889
5153	2063
2065	2063
2068	2065
5158	1895
6688	6686
5156	6686
5158	6686
2080	6686
5169	6686
6687	6686
6689	6687
6688	6687
2069	6688
5154	6688
5156	6688
2071	2069
2074	2071
2077	2074
5169	2077
1896	2080
1898	1899
2081	1898
2083	2081
2086	2083
2095	5196
2092	5196
2089	5196
1905	5196
4943	1905
2087	4943
1904	4943
2098	2095
6693	6690
6693	6691
5198	6691
1907	6691
1908	6691
4953	6691
4955	6691
6690	6691
4957	6690
6692	6690
1926	6692
1929	6692
6693	6692
2102	6693
5198	6693
1914	1926
1935	2104
1931	1932
2100	1931
2099	2100
2093	2094
6696	6694
6697	6694
2110	6694
2107	6694
2093	6694
6695	6694
2105	6695
1937	6695
1938	6695
6696	6695
4995	6696
6697	6696
4997	6697
6698	6697
2110	6697
2113	2110
1947	2113
1941	1947
4997	1941
5005	1950
6699	5005
2114	5005
1949	5005
2116	2114
2119	2116
2122	2119
1956	2122
2128	5374
2125	5374
5224	5374
5222	5374
1959	5374
1958	1959
2123	1958
1968	2128
5009	1962
5376	5009
1961	5009
1970	1971
2129	1970
6702	6700
5232	6700
2131	6700
2126	6700
6701	6700
2127	6701
1979	6701
6702	6701
1980	6702
5232	6702
6703	5237
5233	5237
5027	5237
1983	5237
1982	5027
2132	5233
2134	2132
2137	2134
2140	2137
2146	2143
5255	1986
1985	1986
5239	1985
5253	5239
6704	5239
2141	5239
5251	2141
2146	2141
2149	2146
5253	5251
6705	1989
5031	1989
1988	5031
2153	1988
1998	2153
2155	2153
5050	2001
2167	5050
2164	5050
6706	5050
2000	5050
2156	2000
2158	2156
2161	2158
2164	2161
6709	6708
6710	6708
5295	6708
5279	6708
2173	6708
6707	6708
2170	6707
5277	6707
5065	6707
6709	6707
5073	6709
6710	6709
5076	6710
5295	6710
2016	5295
2010	5073
2168	5065
2009	5065
5293	5279
5281	5279
5283	5281
5291	5283
2176	5283
2185	2176
2179	2176
2182	2179
6711	2019
2018	2019
5296	2018
5294	5296
5292	5294
2186	5292
6715	6712
6715	6713
6716	6713
6717	6716
5098	6716
5100	6716
6713	6716
2040	6713
5301	6713
6712	6713
2183	6712
2184	6712
6714	6712
2021	6714
5081	6714
6715	6714
5083	6715
6717	6715
5085	6717
5096	6717
5098	6717
2022	5096
2031	2040
6718	5118
2037	5118
2036	2037
6721	6720
6722	6720
5126	6720
5128	6720
6719	6720
5309	6719
2188	6719
6721	6719
2180	6721
2181	6721
5304	6721
6722	6721
2042	6722
5124	6722
5126	6722
2191	5309
2043	2191
6725	6723
6726	6725
6727	6725
2049	6725
5371	6725
6723	6725
2057	6723
5315	6723
5313	6723
6724	6723
2197	6724
2194	6724
6726	6724
2192	6726
6727	6726
2045	6727
2046	6727
2049	6727
2058	5315
5140	2052
5372	5140
2051	5140
6730	6728
5314	6728
5316	6728
2060	6728
2061	6728
2064	6728
6729	6728
2224	6729
6731	6729
6730	6729
2200	6730
2198	6730
5314	6730
2203	2200
2148	2203
2147	2148
2224	2147
6732	2067
2066	2067
2225	2066
5355	2225
2227	5355
2230	2227
2070	2230
2072	2073
6735	6733
6736	6735
2133	6735
2228	6735
6733	6735
2229	6733
2075	6733
2076	6733
2233	6733
2120	6733
2121	6733
6734	6733
5223	6734
5225	6734
6736	6734
2130	6736
2133	6736
2124	2130
5369	2079
5172	2079
2078	5172
5367	2078
2234	2078
2115	2234
6737	2115
2112	2115
2111	2112
5367	2111
6738	2085
2084	2085
5370	2084
5368	5370
2109	5368
2108	2109
2088	2108
2090	2091
2096	2097
2117	2118
6739	2136
2135	2136
2226	2135
5356	2226
2144	5356
2145	5356
2223	5356
2142	2138
6742	6740
2209	6740
2206	6740
5252	6740
5254	6740
6741	6740
6743	6741
6742	6741
2215	6742
2212	6742
2209	6742
2218	2215
2157	2218
2151	2157
2154	2157
5256	2151
5254	5256
2204	5252
2150	5252
2159	2160
6745	2163
2162	2163
2217	2162
6744	2217
2216	2217
5337	2216
2172	5337
6745	2172
2171	2172
2165	5278
2166	5278
6746	5341
5284	5341
2175	5341
5282	5284
5338	5282
5280	5282
2174	5280
5339	5338
2213	5338
2214	5338
2221	5339
6747	2178
2177	2178
5342	2177
5343	5342
2222	5342
2187	5343
6748	2190
5310	2190
2189	5310
5344	2189
5345	5344
2220	5344
5340	2220
2210	5340
2211	5340
2193	5345
6749	2196
2195	2196
5346	2195
2208	5346
2207	2208
2199	2207
2201	2202
2314	2251
2322	2251
2250	2251
2313	2314
5445	2254
2325	5445
2253	5445
6752	6750
6753	6750
6755	6751
6755	6752
6756	6752
6757	6752
6757	6753
6759	6754
6759	6755
6760	6755
6760	6756
6761	6756
6761	6757
6762	6759
6763	6759
6763	6760
6763	6761
6764	6761
6765	6763
6765	6764
5499	6764
5502	6764
6761	6764
2284	6761
6757	6761
6753	6757
2330	6753
6750	6753
2328	6750
2256	6750
6751	6750
5449	6751
6754	6751
2257	6754
6758	6754
2336	6758
2274	6758
6762	6758
2275	6762
5488	6762
6765	6762
2278	6765
5499	6765
2259	2260
2262	2263
2335	2262
2272	2335
6766	2287
5505	2287
6767	5505
2286	5505
6766	2286
2331	2286
2333	2331
6771	6769
6772	6769
6772	6770
5518	6770
5523	6770
5525	6770
6769	6770
6768	6769
5527	6768
2334	6768
2289	6768
6771	6768
2290	6771
2298	6771
6772	6771
2299	6772
5518	6772
2308	2334
2305	2308
2302	5523
2292	2293
2310	2311
2326	2310
2329	2310
2332	2310
5535	2317
2316	5535
2354	2355
2356	2355
1	2356
2357	2356
2356	4
2358	4
2357	2358
3	2358
2359	2360
2361	2360
5	2361
2362	2361
2361	7
2363	7
2362	2363
6	2363
2364	10
2365	10
8	2365
9	2365
11	13
12	13
2366	2367
2368	2367
14	2368
2369	2368
2368	2370
2371	2370
2369	2371
2372	2371
2371	16
2373	16
2372	2373
15	2373
17	19
18	19
2374	2375
2376	2375
20	2376
2377	2376
2376	0
2378	0
2377	2378
2	2378
18	22
21	22
2379	2381
2382	2381
2380	2382
2383	2382
23	2383
2384	2383
2382	25
2385	25
2383	2385
2386	2385
2384	2386
24	2386
2387	2388
2389	2388
26	2389
2390	2389
2389	28
2391	28
2390	2391
27	2391
2392	31
2393	31
29	2393
30	2393
2394	34
2397	34
2395	2397
2398	2397
2396	2398
2399	2398
32	2399
33	2399
2400	37
2403	37
2401	2403
2404	2403
2402	2404
2405	2404
35	2405
36	2405
2406	40
2407	40
38	2407
39	2407
2408	2409
2410	2409
41	2410
2411	2410
2410	43
2412	43
2411	2412
42	2412
2413	2
2414	2
44	2414
1	2414
42	2415
2416	2415
2416	46
45	46
47	49
48	49
50	2417
2418	2417
2418	52
51	52
53	55
54	55
56	2419
2420	2419
2420	2421
2422	2421
2422	2423
2424	2423
2424	58
57	58
2425	61
2426	61
59	2426
60	2426
2427	64
2429	64
2428	2429
2430	2429
62	2430
63	2430
2431	9
2432	9
65	2432
11	2432
2433	67
2435	67
2434	2435
2436	2435
63	2436
66	2436
68	12
14	12
2437	70
2439	70
2438	2439
2440	2439
66	2440
69	2440
2441	73
2442	73
71	2442
72	2442
2443	76
2444	76
74	2444
75	2444
2445	2446
2447	2446
77	2447
2448	2447
2447	79
2449	79
2448	2449
78	2449
2450	82
2451	82
80	2451
81	2451
83	15
17	15
2452	21
2454	21
2453	2454
2455	2454
81	2455
23	2455
78	85
84	85
86	88
87	88
89	91
90	91
2456	94
2458	94
2457	2458
2459	2458
92	2459
93	2459
2460	97
2461	97
95	2461
96	2461
2462	2463
2464	2463
98	2464
2465	2464
2464	2466
2467	2466
2465	2467
2468	2467
2467	100
2469	100
2468	2469
99	2469
2470	2471
2472	2471
101	2472
2473	2472
2472	103
2474	103
2473	2474
102	2474
2475	106
2476	106
104	2476
105	2476
2477	109
2479	109
2478	2479
2480	2479
107	2480
108	2480
110	112
111	112
2481	2483
2484	2483
2482	2484
2485	2484
113	2485
2486	2485
2484	115
2487	115
2485	2487
2488	2487
2486	2488
114	2488
2489	118
2490	118
116	2490
117	2490
119	2491
2492	2491
2492	24
26	24
2493	27
2494	27
117	2494
29	2494
2495	121
2497	121
2496	2497
2498	2497
114	2498
120	2498
2499	124
2501	124
2500	2501
2502	2501
122	2502
123	2502
2503	127
2506	127
2504	2506
2507	2506
2505	2507
2508	2507
125	2508
126	2508
2509	30
2512	30
2510	2512
2513	2512
2511	2513
2514	2513
128	2514
32	2514
126	2515
2516	2515
2516	130
129	130
131	133
132	133
134	2517
2518	2517
2518	2519
2520	2519
2520	2521
2522	2521
2522	136
135	136
137	48
50	48
2523	139
2524	139
135	2524
138	2524
140	51
53	51
2525	142
2526	142
138	2526
141	2526
2527	145
2528	145
143	2528
144	2528
146	2529
2530	2529
2530	54
56	54
2531	148
2532	148
144	2532
147	2532
149	151
150	151
152	2533
2534	2533
2534	2535
2536	2535
2536	57
59	57
150	2537
2538	2537
2538	154
153	154
2539	157
2540	157
155	2540
156	2540
2541	60
2542	60
158	2542
62	2542
156	160
159	160
161	163
162	163
164	166
165	166
167	69
71	69
165	169
168	169
170	2543
2544	2543
2544	72
74	72
2545	172
2546	172
168	2546
171	2546
2547	175
2550	175
2548	2550
2551	2550
2549	2551
2552	2551
173	2552
174	2552
2553	178
2554	178
176	2554
177	2554
179	181
180	181
2555	184
2556	184
182	2556
183	2556
2557	187
2558	187
185	2558
186	2558
2559	75
2560	75
188	2560
77	2560
186	2561
2562	2561
2562	84
86	84
183	190
189	190
2563	193
2565	193
2564	2565
2566	2565
191	2566
192	2566
2567	196
2569	196
2568	2569
2570	2569
194	2570
195	2570
197	87
89	87
2571	90
2573	90
2572	2573
2574	2573
195	2574
92	2574
192	2575
2576	2575
2576	2577
2578	2577
2578	199
198	199
2579	202
2580	202
200	2580
201	2580
2581	2582
2583	2582
203	2583
2584	2583
2583	205
2585	205
2584	2585
204	2585
2586	208
2587	208
206	2587
207	2587
2588	93
2591	93
2589	2591
2592	2591
2590	2592
2593	2592
209	2593
95	2593
2594	2595
2596	2595
207	2596
2597	2596
2596	211
2598	211
2597	2598
210	2598
212	2599
2600	2599
2600	214
213	214
2601	2602
2603	2602
215	2603
2604	2603
2603	217
2605	217
2604	2605
216	2605
218	102
104	102
216	105
107	105
213	220
219	220
2606	223
2608	223
2607	2608
2609	2608
221	2609
222	2609
226	224
225	228
2610	231
2614	231
2611	2614
2615	2614
2612	2615
2616	2615
2613	2616
2617	2616
229	2617
230	2617
2618	234
2619	234
232	2619
233	2619
2620	2621
2622	2621
235	2622
2623	2622
2622	108
2624	108
2623	2624
110	2624
2625	237
2626	237
233	2626
236	2626
2627	111
2629	111
2628	2629
2630	2629
238	2630
113	2630
2631	240
2633	240
2632	2633
2634	2633
236	2634
239	2634
2635	243
2636	243
241	2636
242	2636
244	2637
2638	2637
2638	2639
2640	2639
2640	2641
2642	2641
2642	2643
2644	2643
2644	246
245	246
247	249
248	249
250	120
122	120
248	252
251	252
2645	123
2647	123
2646	2647
2648	2647
253	2648
125	2648
2649	255
2652	255
2650	2652
2653	2652
2651	2653
2654	2653
251	2654
254	2654
256	129
131	129
2655	258
2658	258
2656	2658
2659	2658
2657	2659
2660	2659
254	2660
257	2660
2661	261
2663	261
2662	2663
2664	2663
259	2664
260	2664
262	2665
2666	2665
2666	2667
2668	2667
2668	264
263	264
2669	267
2670	267
265	2670
266	2670
2671	2672
2673	2672
268	2673
2674	2673
2673	132
2675	132
2674	2675
134	2675
266	2676
2677	2676
2677	2678
2679	2678
2679	2680
2681	2680
2681	141
143	141
2682	270
2684	270
2683	2684
2685	2684
263	2685
269	2685
2686	2687
2688	2687
271	2688
2689	2688
2688	273
2690	273
2689	2690
272	2690
2691	147
2692	147
274	2692
149	2692
272	276
275	276
2693	2694
2695	2694
277	2695
2696	2695
2695	279
2697	279
2696	2697
278	2697
280	153
155	153
278	282
281	282
283	285
284	285
286	2698
2699	2698
2699	159
161	159
2700	288
2701	288
284	2701
287	2701
289	2702
2703	2702
2703	2704
2705	2704
2705	291
290	291
292	294
293	294
295	2706
2707	2706
2707	162
164	162
2708	297
2709	297
293	2709
296	2709
2710	171
2711	171
298	2711
173	2711
296	2712
2713	2712
2713	2714
2715	2714
2715	2716
2717	2716
2717	2718
2719	2718
2719	2720
2721	2720
2721	300
299	300
2722	303
2725	303
2723	2725
2726	2725
2724	2726
2727	2726
301	2727
302	2727
2728	306
2729	306
304	2729
305	2729
309	307
308	174
2730	311
2732	311
2731	2732
2733	2732
305	2733
310	2733
312	314
313	314
2734	317
2735	317
315	2735
316	2735
2736	320
2737	320
318	2737
319	2737
2738	2739
2740	2739
321	2740
2741	2740
2740	323
2742	323
2741	2742
322	2742
324	177
179	177
2743	326
2745	326
2744	2745
2746	2745
322	2746
325	2746
2747	329
2749	329
2748	2749
2750	2749
327	2750
328	2750
330	180
182	180
2751	189
2753	189
2752	2753
2754	2753
328	2754
191	2754
2755	332
2757	332
2756	2757
2758	2757
325	2758
331	2758
333	335
334	335
2759	338
2760	338
336	2760
337	2760
339	341
340	341
2761	198
2762	198
342	2762
200	2762
340	2763
2764	2763
2764	344
343	344
345	347
346	347
2765	350
2767	350
2766	2767
2768	2767
348	2768
349	2768
2769	353
2771	353
2770	2771
2772	2771
351	2772
352	2772
354	2773
2774	2773
2774	356
355	356
357	2775
2776	2775
2776	201
203	201
355	359
358	359
360	362
361	362
2777	204
2778	204
363	2778
206	2778
2779	365
2780	365
361	2780
364	2780
2781	368
2782	368
366	2782
367	2782
2783	371
2784	371
369	2784
370	2784
372	210
212	210
2785	219
2787	219
2786	2787
2788	2787
370	2788
221	2788
367	374
373	374
2789	222
2790	222
375	2790
224	2790
2791	2792
2793	2792
373	2793
2794	2793
2793	2795
2796	2795
2794	2796
2797	2796
2796	377
2798	377
2797	2798
376	2798
2799	2800
2801	2800
378	2801
2802	2801
2801	2803
2804	2803
2802	2804
2805	2804
2804	380
2806	380
2805	2806
379	2806
381	383
382	383
2807	2808
2809	2808
384	2809
2810	2809
2809	2811
2812	2811
2810	2812
2813	2812
2812	386
2814	386
2813	2814
385	2814
387	227
229	227
385	389
388	389
2815	230
2817	230
2816	2817
2818	2817
390	2818
232	2818
2819	392
2822	392
2820	2822
2823	2822
2821	2823
2824	2823
388	2824
391	2824
2825	239
2826	239
393	2826
241	2826
2827	395
2829	395
2828	2829
2830	2829
391	2830
394	2830
396	398
397	398
2831	242
2833	242
2832	2833
2834	2833
399	2834
244	2834
2835	401
2836	401
397	2836
400	2836
402	404
403	404
2837	407
2838	407
405	2838
406	2838
408	410
409	410
411	2839
2840	2839
2840	2841
2842	2841
2842	245
247	245
409	2843
2844	2843
2844	2845
2846	2845
2846	2847
2848	2847
2848	413
412	413
414	257
259	257
412	416
415	416
2849	2850
2851	2850
417	2851
2852	2851
2851	2853
2854	2853
2852	2854
2855	2854
2854	419
2856	419
2855	2856
418	2856
420	422
421	422
423	425
424	425
2857	428
2859	428
2858	2859
2860	2859
426	2860
427	2860
2861	431
2863	431
2862	2863
2864	2863
429	2864
430	2864
432	2865
2866	2865
2866	2867
2868	2867
2868	434
433	434
2869	260
2872	260
2870	2872
2873	2872
2871	2873
2874	2873
435	2874
262	2874
2875	437
2877	437
2876	2877
2878	2877
433	2878
436	2878
2879	440
2881	440
2880	2881
2882	2881
438	2882
439	2882
2883	443
2884	443
441	2884
442	2884
2885	2887
2888	2887
2886	2888
2889	2888
444	2889
2890	2889
2888	446
2891	446
2889	2891
2892	2891
2890	2892
445	2892
2893	269
2894	269
447	2894
271	2894
2895	2896
2897	2896
445	2897
2898	2897
2897	275
2899	275
2898	2899
277	2899
442	449
448	449
450	2900
2901	2900
2901	2902
2903	2902
2903	2904
2905	2904
2905	2906
2907	2906
2907	2908
2909	2908
2909	2910
2911	2910
2911	2912
2913	2912
2913	2914
2915	2914
2915	281
283	281
448	452
451	452
2916	455
2917	455
453	2917
454	2917
456	458
457	458
459	2918
2919	2918
2919	2920
2921	2920
2921	2922
2923	2922
2923	2924
2925	2924
2925	2926
2927	2926
2927	2928
2929	2928
2929	2930
2931	2930
2931	2932
2933	2932
2933	461
460	461
462	287
289	287
460	2934
2935	2934
2935	464
463	464
465	467
466	467
468	2936
2937	2936
2937	2938
2939	2938
2939	2940
2941	2940
2941	290
292	290
466	2942
2943	2942
2943	2944
2945	2944
2945	2946
2947	2946
2947	2948
2949	2948
2949	2950
2951	2950
2951	470
469	470
471	2952
2953	2952
2953	2954
2955	2954
2955	2956
2957	2956
2957	473
472	473
2958	299
2961	299
2959	2961
2962	2961
2960	2962
2963	2962
474	2963
301	2963
2964	476
2966	476
2965	2966
2967	2966
472	2967
475	2967
2968	479
2970	479
2969	2970
2971	2970
477	2971
478	2971
2972	439
2974	439
2973	2974
2975	2974
480	2975
441	2975
478	451
453	451
475	454
456	454
469	482
481	482
483	2976
2977	2976
2977	457
459	457
2978	2979
2980	2979
481	2980
2981	2980
2980	2982
2983	2982
2981	2983
2984	2983
2983	463
2985	463
2984	2985
465	2985
436	2986
2987	2986
2987	2988
2989	2988
2989	2990
2991	2990
2991	316
318	316
2992	2994
2995	2994
2993	2995
2996	2995
430	2996
2997	2996
2995	485
2998	485
2996	2998
2999	2998
2997	2999
484	2999
3000	488
3002	488
3001	3002
3003	3002
486	3003
487	3003
3004	319
3007	319
3005	3007
3008	3007
3006	3008
3009	3008
489	3009
321	3009
487	491
490	491
3010	494
3012	494
3011	3012
3013	3012
492	3013
493	3013
3014	497
3016	497
3015	3016
3017	3016
495	3017
496	3017
3018	500
3020	500
3019	3020
3021	3020
498	3021
499	3021
3022	503
3023	503
501	3023
502	3023
3024	331
3025	331
504	3025
333	3025
502	334
336	334
3026	506
3028	506
3027	3028
3029	3028
499	3029
505	3029
507	337
339	337
3030	509
3032	509
3031	3032
3033	3032
505	3033
508	3033
3034	512
3036	512
3035	3036
3037	3036
510	3037
511	3037
513	343
345	343
3038	515
3041	515
3039	3041
3042	3041
3040	3042
3043	3042
511	3043
514	3043
3044	518
3046	518
3045	3046
3047	3046
516	3047
517	3047
3048	346
3050	346
3049	3050
3051	3050
519	3051
348	3051
3052	521
3053	521
517	3053
520	3053
522	524
523	524
525	349
351	349
3054	527
3055	527
523	3055
526	3055
3056	530
3057	530
528	3057
529	3057
531	3058
3059	3058
3059	3060
3061	3060
3061	3062
3063	3062
3063	533
532	533
3064	536
3065	536
534	3065
535	3065
3066	3068
3069	3068
3067	3069
3070	3069
537	3070
3071	3070
3069	539
3072	539
3070	3072
3073	3072
3071	3073
538	3073
3074	352
3076	352
3075	3076
3077	3076
540	3077
354	3077
538	3078
3079	3078
3079	3080
3081	3080
3081	542
541	542
3082	376
3083	376
543	3083
378	3083
3084	535
3086	535
3085	3086
3087	3086
541	3087
537	3087
3088	545
3089	545
532	3089
544	3089
3090	548
3091	548
546	3091
547	3091
3092	551
3093	551
549	3093
550	3093
3094	554
3095	554
552	3095
553	3095
3096	557
3097	557
555	3097
556	3097
3098	560
3099	560
558	3099
559	3099
561	379
381	379
3100	563
3102	563
3101	3102
3103	3102
559	3103
562	3103
564	382
384	382
3104	566
3106	566
3105	3106
3107	3106
562	3107
565	3107
3108	569
3110	569
3109	3110
3111	3110
567	3111
568	3111
573	3112
3113	3112
572	3112
3114	574
3115	574
571	3115
3116	577
3119	577
3117	3119
3120	3119
3118	3120
3121	3120
575	3121
576	3121
580	578
579	582
3122	585
3125	585
3123	3125
3126	3125
3124	3126
3127	3126
583	3127
584	3127
3128	394
3131	394
3129	3131
3132	3131
3130	3132
3133	3132
586	3133
396	3133
584	588
587	588
3134	591
3135	591
589	3135
590	3135
3136	594
3137	594
592	3137
593	3137
3138	3139
3140	3139
595	3140
3141	3140
3140	400
3142	400
3141	3142
402	3142
593	597
596	597
3143	403
3144	403
598	3144
405	3144
3145	600
3146	600
596	3146
599	3146
3147	603
3149	603
3148	3149
3150	3149
601	3150
602	3150
604	3151
3152	3151
3152	3153
3154	3153
3154	3155
3156	3155
3156	406
408	406
3157	606
3159	606
3158	3159
3160	3159
602	3160
605	3160
3161	609
3163	609
3162	3163
3164	3163
607	3164
608	3164
3165	612
3167	612
3166	3167
3168	3167
610	3168
611	3168
613	421
423	421
3169	424
3171	424
3170	3171
3172	3171
611	3172
426	3172
608	3173
3174	3173
3174	615
614	615
3175	3177
3178	3177
3176	3178
3179	3178
616	3179
3180	3179
3178	618
3181	618
3179	3181
3182	3181
3180	3182
617	3182
3183	427
3184	427
619	3184
429	3184
3185	621
3186	621
617	3186
620	3186
3187	624
3188	624
622	3188
623	3188
3189	627
3191	627
3190	3191
3192	3191
625	3192
626	3192
628	484
486	484
3193	490
3195	490
3194	3195
3196	3195
626	3196
492	3196
623	630
629	630
3197	633
3198	633
631	3198
632	3198
634	636
635	636
3199	639
3201	639
3200	3201
3202	3201
637	3202
638	3202
3203	642
3205	642
3204	3205
3206	3205
640	3206
641	3206
3207	3208
3209	3208
643	3209
3210	3209
3209	493
3211	493
3210	3211
495	3211
3212	645
3215	645
3213	3215
3216	3215
3214	3216
3217	3216
641	3217
644	3217
3218	648
3222	648
3219	3222
3223	3222
3220	3223
3224	3223
3221	3224
3225	3224
646	3225
647	3225
649	3226
3227	3226
3227	3228
3229	3228
3229	496
498	496
3230	651
3233	651
3231	3233
3234	3233
3232	3234
3235	3234
647	3235
650	3235
3236	654
3239	654
3237	3239
3240	3239
3238	3240
3241	3240
652	3241
653	3241
655	3242
3243	3242
3243	3244
3245	3244
3245	508
510	508
3246	657
3250	657
3247	3250
3251	3250
3248	3251
3252	3251
3249	3252
3253	3252
653	3253
656	3253
3254	3255
3256	3255
658	3256
3257	3256
3256	514
3258	514
3257	3258
516	3258
3259	660
3263	660
3260	3263
3264	3263
3261	3264
3265	3264
3262	3265
3266	3265
656	3266
659	3266
664	3267
3268	3267
663	3267
3269	665
3270	665
662	3270
3271	668
3272	668
666	3272
667	3272
3273	520
3274	520
669	3274
522	3274
667	526
528	526
671	664
670	673
3275	676
3277	676
3276	3277
3278	3277
674	3278
675	3278
677	679
678	679
3279	529
3280	529
680	3280
531	3280
3281	682
3282	682
678	3282
681	3282
3283	685
3284	685
683	3284
684	3284
3285	3286
3287	3286
686	3287
3288	3287
3287	688
3289	688
3288	3289
687	3289
3290	544
3291	544
689	3291
546	3291
687	547
549	547
684	3292
3293	3292
3293	3294
3295	3294
3295	3296
3297	3296
3297	550
552	550
681	691
690	691
692	694
693	694
3298	697
3301	697
3299	3301
3302	3301
3300	3302
3303	3302
695	3303
696	3303
698	3304
3305	3304
3305	3306
3307	3306
3307	3308
3309	3308
3309	3310
3311	3310
3311	3312
3313	3312
3313	553
555	553
3314	700
3316	700
3315	3316
3317	3316
696	3317
699	3317
701	3318
3319	3318
3319	3320
3321	3320
3321	703
702	703
3322	706
3323	706
704	3323
705	3323
3324	3325
3326	3325
707	3326
3327	3326
3326	709
3328	709
3327	3328
708	3328
710	3329
3330	3329
3330	556
558	556
3331	712
3332	712
708	3332
711	3332
713	565
567	565
3333	568
3334	568
711	3334
570	3334
3335	3336
3337	3336
705	3337
3338	3337
3337	715
3339	715
3338	3339
714	3339
3340	718
3343	718
3341	3343
3344	3343
3342	3344
3345	3344
716	3345
717	3345
719	721
720	721
3346	3347
3348	3347
722	3348
3349	3348
3348	724
3350	724
3349	3350
723	3350
725	573
575	573
723	576
578	576
720	727
726	727
3351	730
3352	730
728	3352
729	3352
3353	3355
3356	3355
3354	3356
3357	3356
731	3357
3358	3357
3356	733
3359	733
3357	3359
3360	3359
3358	3360
732	3360
3361	736
3363	736
3362	3363
3364	3363
734	3364
735	3364
739	737
738	741
3365	744
3369	744
3366	3369
3370	3369
3367	3370
3371	3370
3368	3371
3372	3371
742	3372
743	3372
583	3373
3374	3373
747	3373
3375	581
3376	581
746	3376
743	749
748	749
3377	587
3378	587
750	3378
589	3378
3379	740
3380	740
748	3380
742	3380
3381	752
3384	752
3382	3384
3385	3384
3383	3385
3386	3385
735	3386
751	3386
753	3387
3388	3387
3388	3389
3390	3389
3390	605
607	605
3391	755
3393	755
3392	3393
3394	3393
751	3394
754	3394
3395	614
3397	614
3396	3397
3398	3397
756	3398
616	3398
3399	758
3400	758
754	3400
757	3400
3401	761
3404	761
3402	3404
3405	3404
3403	3405
3406	3405
759	3406
760	3406
3407	3409
3410	3409
3408	3410
3411	3410
762	3411
3412	3411
3410	764
3413	764
3411	3413
3414	3413
3412	3414
763	3414
3415	3417
3418	3417
3416	3418
3419	3418
765	3419
3420	3419
3418	767
3421	767
3419	3421
3422	3421
3420	3422
766	3422
768	632
634	632
3423	770
3425	770
3424	3425
3426	3425
766	3426
769	3426
3427	635
3428	635
771	3428
637	3428
769	3429
3430	3429
3430	3431
3432	3431
3432	773
772	773
3433	776
3435	776
3434	3435
3436	3435
774	3436
775	3436
3437	3438
3439	3438
777	3439
3440	3439
3439	3441
3442	3441
3440	3442
3443	3442
3442	779
3444	779
3443	3444
778	3444
780	638
640	638
3445	782
3446	782
778	3446
781	3446
3447	644
3448	644
783	3448
646	3448
781	3449
3450	3449
3450	785
784	785
786	3451
3452	3451
3452	3453
3454	3453
3454	3455
3456	3455
3456	788
787	788
789	650
652	650
3457	791
3458	791
787	3458
790	3458
792	794
793	794
795	797
796	797
3459	800
3460	800
798	3460
799	3460
801	659
661	659
3461	803
3462	803
799	3462
802	3462
3463	806
3464	806
804	3464
805	3464
3465	809
3467	809
3466	3467
3468	3467
807	3468
808	3468
3469	812
3470	812
810	3470
811	3470
3471	815
3473	815
3472	3473
3474	3473
813	3474
814	3474
3475	818
3476	818
816	3476
817	3476
3477	672
3479	672
3478	3479
3480	3479
819	3480
674	3480
817	821
820	821
3481	824
3484	824
3482	3484
3485	3484
3483	3485
3486	3485
822	3486
823	3486
3487	827
3489	827
3488	3489
3490	3489
825	3490
826	3490
828	830
829	830
3491	675
3493	675
3492	3493
3494	3493
831	3494
677	3494
3495	833
3497	833
3496	3497
3498	3497
829	3498
832	3498
834	690
692	690
3499	836
3502	836
3500	3502
3503	3502
3501	3503
3504	3503
832	3504
835	3504
3505	839
3507	839
3506	3507
3508	3507
837	3508
838	3508
3509	693
3512	693
3510	3512
3513	3512
3511	3513
3514	3513
840	3514
695	3514
838	842
841	842
3515	845
3517	845
3516	3517
3518	3517
843	3518
844	3518
848	846
847	850
3519	853
3522	853
3520	3522
3523	3522
3521	3523
3524	3523
851	3524
852	3524
3525	856
3528	856
3526	3528
3529	3528
3527	3529
3530	3529
854	3530
855	3530
857	3531
3532	3531
3532	3533
3534	3533
3534	3535
3536	3535
3536	859
858	859
3537	862
3538	862
860	3538
861	3538
3539	3541
3542	3541
3540	3542
3543	3542
863	3543
3544	3543
3542	699
3545	699
3543	3545
3546	3545
3544	3546
701	3546
3547	702
3548	702
861	3548
704	3548
3549	865
3550	865
858	3550
864	3550
3551	3552
3553	3552
866	3553
3554	3553
3553	868
3555	868
3554	3555
867	3555
3556	714
3557	714
869	3557
716	3557
867	871
870	871
872	874
873	874
875	877
876	877
3558	880
3559	880
878	3559
879	3559
881	3560
3561	3560
3561	883
882	883
3562	3563
3564	3563
884	3564
3565	3564
3564	3566
3567	3566
3565	3567
3568	3567
3567	3569
3570	3569
3568	3570
3571	3570
3570	886
3572	886
3571	3572
885	3572
3573	889
3574	889
887	3574
888	3574
890	892
891	892
3575	732
3578	732
3576	3578
3579	3578
3577	3579
3580	3579
893	3580
734	3580
3581	895
3584	895
3582	3584
3585	3584
3583	3585
3586	3585
891	3586
894	3586
3587	757
3589	757
3588	3589
3590	3589
896	3590
759	3590
3591	898
3592	898
894	3592
897	3592
3593	3596
3597	3596
3594	3597
3598	3597
3595	3598
3599	3598
899	3599
3600	3599
3597	901
3601	901
3598	3601
3602	3601
3599	3602
3603	3602
3600	3603
900	3603
3604	904
3606	904
3605	3606
3607	3606
902	3607
903	3607
3608	907
3610	907
3609	3610
3611	3610
905	3611
906	3611
908	3612
3613	3612
3613	760
762	760
3614	910
3616	910
3615	3616
3617	3616
906	3617
909	3617
3618	913
3620	913
3619	3620
3621	3620
911	3621
912	3621
3622	763
3623	763
914	3623
765	3623
3624	916
3627	916
3625	3627
3628	3627
3626	3628
3629	3628
912	3629
915	3629
3630	772
3632	772
3631	3632
3633	3632
917	3633
774	3633
3634	3635
3636	3635
915	3636
3637	3636
3636	919
3638	919
3637	3638
918	3638
3639	922
3641	922
3640	3641
3642	3641
920	3642
921	3642
3643	925
3644	925
923	3644
924	3644
3645	775
3648	775
3646	3648
3649	3648
3647	3649
3650	3649
926	3650
777	3650
3651	928
3653	928
3652	3653
3654	3653
924	3654
927	3654
3655	931
3657	931
3656	3657
3658	3657
929	3658
930	3658
932	934
933	934
935	3659
3660	3659
3660	784
786	784
933	937
936	937
3661	3663
3664	3663
3662	3664
3665	3664
938	3665
3666	3665
3664	940
3667	940
3665	3667
3668	3667
3666	3668
939	3668
3669	943
3671	943
3670	3671
3672	3671
941	3672
942	3672
3673	3675
3676	3675
3674	3676
3677	3676
944	3677
3678	3677
3676	946
3679	946
3677	3679
3680	3679
3678	3680
945	3680
3681	3682
3683	3682
947	3683
3684	3683
3683	3685
3686	3685
3684	3686
3687	3686
3686	949
3688	949
3687	3688
948	3688
3689	952
3691	952
3690	3691
3692	3691
950	3692
951	3692
3693	955
3696	955
3694	3696
3697	3696
3695	3697
3698	3697
953	3698
954	3698
956	3699
3700	3699
3700	3701
3702	3701
3702	3703
3704	3703
3704	3705
3706	3705
3706	790
792	790
3707	3709
3710	3709
3708	3710
3711	3710
954	3711
3712	3711
3710	958
3713	958
3711	3713
3714	3713
3712	3714
957	3714
3715	961
3716	961
959	3716
960	3716
962	3717
3718	3717
3718	793
795	793
960	3719
3720	3719
3720	964
963	964
965	3721
3722	3721
3722	967
966	967
968	970
969	970
971	3723
3724	3723
3724	796
798	796
3725	973
3726	973
969	3726
972	3726
974	802
804	802
972	805
807	805
3727	976
3728	976
966	3728
975	3728
3729	979
3730	979
977	3730
978	3730
980	3731
3732	3731
3732	3733
3734	3733
3734	982
981	982
3735	985
3737	985
3736	3737
3738	3737
983	3738
984	3738
3739	988
3741	988
3740	3741
3742	3741
986	3742
987	3742
3743	991
3745	991
3744	3745
3746	3745
989	3746
990	3746
992	808
810	808
3747	811
3749	811
3748	3749
3750	3749
990	3750
813	3750
987	994
993	994
995	3751
3752	3751
3752	997
996	997
3753	1000
3754	1000
998	3754
999	3754
1001	3755
3756	3755
3756	1003
1002	1003
3757	814
3760	814
3758	3760
3761	3760
3759	3761
3762	3761
1004	3762
816	3762
3763	820
3766	820
3764	3766
3767	3766
3765	3767
3768	3767
1002	3768
822	3768
3769	1006
3770	1006
999	3770
1005	3770
1007	1009
1008	1009
3771	823
3772	823
1010	3772
825	3772
3773	1012
3774	1012
1008	3774
1011	3774
3775	1015
3777	1015
3776	3777
3778	3777
1013	3778
1014	3778
3779	1018
3780	1018
1016	3780
1017	3780
3781	1021
3782	1021
1019	3782
1020	3782
3783	3784
3785	3784
1022	3785
3786	3785
3785	3787
3788	3787
3786	3788
3789	3788
3788	3790
3791	3790
3789	3791
3792	3791
3791	849
3793	849
3792	3793
851	3793
3794	1024
3797	1024
3795	3797
3798	3797
3796	3798
3799	3798
1020	3799
1023	3799
3800	1027
3801	1027
1025	3801
1026	3801
1028	1030
1029	1030
3802	1033
3805	1033
3803	3805
3806	3805
3804	3806
3807	3806
1031	3807
1032	3807
1034	3808
3809	3808
3809	3810
3811	3810
3811	3812
3813	3812
3813	852
854	852
3814	1036
3817	1036
3815	3817
3818	3817
3816	3818
3819	3818
1032	3819
1035	3819
3820	3821
3822	3821
1037	3822
3823	3822
3822	1039
3824	1039
3823	3824
1038	3824
3825	1042
3826	1042
1040	3826
1041	3826
3827	855
3830	855
3828	3830
3831	3830
3829	3831
3832	3831
1043	3832
857	3832
3833	1045
3834	1045
1041	3834
1044	3834
3835	1048
3836	1048
1046	3836
1047	3836
3837	3838
3839	3838
1049	3839
3840	3839
3839	1051
3841	1051
3840	3841
1050	3841
3842	864
3843	864
1052	3843
866	3843
1050	870
872	870
1047	3844
3845	3844
3845	873
875	873
1044	1054
1053	1054
3846	1057
3848	1057
3847	3848
3849	3848
1055	3849
1056	3849
3850	876
3852	876
3851	3852
3853	3852
1058	3853
878	3853
1056	3854
3855	3854
3855	3856
3857	3856
3857	1060
1059	1060
3858	1063
3859	1063
1061	3859
1062	3859
3860	1066
3861	1066
1064	3861
1065	3861
3862	1069
3863	1069
1067	3863
1068	3863
3864	879
3865	879
1070	3865
881	3865
3866	1072
3867	1072
1068	3867
1071	3867
3868	882
3869	882
1073	3869
884	3869
3870	3871
3872	3871
1071	3872
3873	3872
3872	1075
3874	1075
3873	3874
1074	3874
1076	3875
3876	3875
3876	1078
1077	1078
3877	3878
3879	3878
1079	3879
3880	3879
3879	1081
3881	1081
3880	3881
1080	3881
1082	885
887	885
1080	3882
3883	3882
3883	1084
1083	1084
1085	888
890	888
3884	897
3885	897
1083	3885
899	3885
1077	1087
1086	1087
3886	1090
3887	1090
1088	3887
1089	3887
3888	3890
3891	3890
3889	3891
3892	3891
1091	3892
3893	3892
3891	1093
3894	1093
3892	3894
3895	3894
3893	3895
1092	3895
3896	900
3897	900
1094	3897
902	3897
3898	1096
3899	1096
1092	3899
1095	3899
3900	1099
3901	1099
1097	3901
1098	3901
3902	903
3903	903
1100	3903
905	3903
3904	1102
3906	1102
3905	3906
3907	3906
1098	3907
1101	3907
3908	3911
3912	3911
3909	3912
3913	3912
3910	3913
3914	3913
1103	3914
3915	3914
3912	1105
3916	1105
3913	3916
3917	3916
3914	3917
3918	3917
3915	3918
1104	3918
3919	1108
3921	1108
3920	3921
3922	3921
1106	3922
1107	3922
3923	1111
3925	1111
3924	3925
3926	3925
1109	3926
1110	3926
1112	3927
3928	3927
3928	3929
3930	3929
3930	909
911	909
3931	1114
3933	1114
3932	3933
3934	3933
1110	3934
1113	3934
3935	3937
3938	3937
3936	3938
3939	3938
1115	3939
3940	3939
3938	1117
3941	1117
3939	3941
3942	3941
3940	3942
1116	3942
3943	1120
3944	1120
1118	3944
1119	3944
3945	918
3947	918
3946	3947
3948	3947
1121	3948
920	3948
1119	1123
1122	1123
3949	1126
3950	1126
1124	3950
1125	3950
3951	3953
3954	3953
3952	3954
3955	3954
1127	3955
3956	3955
3954	3957
3958	3957
3955	3958
3959	3958
3956	3959
3960	3959
3958	1129
3961	1129
3959	3961
3962	3961
3960	3962
1128	3962
3963	1132
3965	1132
3964	3965
3966	3965
1130	3966
1131	3966
1133	1135
1134	1135
3967	1138
3968	1138
1136	3968
1137	3968
3969	1141
3972	1141
3970	3972
3973	3972
3971	3973
3974	3973
1139	3974
1140	3974
3975	3977
3978	3977
3976	3978
3979	3978
1142	3979
3980	3979
3978	3981
3982	3981
3979	3982
3983	3982
3980	3983
3984	3983
3982	921
3985	921
3983	3985
3986	3985
3984	3986
923	3986
1140	3987
3988	3987
3988	1144
1143	1144
1145	1147
1146	1147
1148	3989
3990	3989
3990	3991
3992	3991
3992	927
929	927
3993	1150
3994	1150
1146	3994
1149	3994
3995	939
3996	939
1151	3996
941	3996
1149	1153
1152	1153
3997	1156
4000	1156
3998	4000
4001	4000
3999	4001
4002	4001
1154	4002
1155	4002
4003	1159
4005	1159
4004	4005
4006	4005
1157	4006
1158	4006
1162	1160
1161	942
4007	1164
4010	1164
4008	4010
4011	4010
4009	4011
4012	4011
1158	4012
1163	4012
1167	1165
1166	1169
1170	1172
1171	1172
4013	4014
4015	4014
1173	4015
4016	4015
4015	1175
4017	1175
4016	4017
1174	4017
1176	4018
4019	4018
4019	1178
1177	1178
4020	4021
4022	4021
1179	4022
4023	4022
4022	951
4024	951
4023	4024
953	4024
1177	4025
4026	4025
4026	1181
1180	1181
4027	4028
4029	4028
1182	4029
4030	4029
4029	1184
4031	1184
4030	4031
1183	4031
4032	1187
4033	1187
1185	4033
1186	4033
4034	4035
4036	4035
1188	4036
4037	4036
4036	1190
4038	1190
4037	4038
1189	4038
4039	1193
4040	1193
1191	4040
1192	4040
4041	957
4044	957
4042	4044
4045	4044
4043	4045
4046	4045
1194	4046
959	4046
1192	1196
1195	1196
1197	4047
4048	4047
4048	963
965	963
1195	4049
4050	4049
4050	4051
4052	4051
4052	4053
4054	4053
4054	4055
4056	4055
4056	4057
4058	4057
4058	1199
1198	1199
1200	1202
1201	1202
1203	4059
4060	4059
4060	4061
4062	4061
4062	4063
4064	4063
4064	975
977	975
4065	1205
4066	1205
1201	4066
1204	4066
4067	978
4068	978
1206	4068
980	4068
4069	1208
4070	1208
1204	4070
1207	4070
4071	4072
4073	4072
1209	4073
4074	4073
4073	1211
4075	1211
4074	4075
1210	4075
4076	1214
4077	1214
1212	4077
1213	4077
4078	981
4080	981
4079	4080
4081	4080
1215	4081
983	4081
1213	4082
4083	4082
4083	1217
1216	1217
1218	4084
4085	4084
4085	1220
1219	1220
4086	1223
4087	1223
1221	4087
1222	4087
4088	996
4089	996
1224	4089
998	4089
1222	4090
4091	4090
4091	4092
4093	4092
4093	4094
4095	4094
4095	1226
1225	1226
4096	1229
4097	1229
1227	4097
1228	4097
1230	4098
4099	4098
4099	4100
4101	4100
4101	1014
1016	1014
4102	4103
4104	4103
1228	4104
4105	4104
4104	1232
4106	1232
4105	4106
1231	4106
1233	4107
4108	4107
4108	1235
1234	1235
4109	1238
4110	1238
1236	4110
1237	4110
4111	1241
4112	1241
1239	4112
1240	4112
1242	4113
4114	4113
4114	4115
4116	4115
4116	1017
1019	1017
4117	4118
4119	4118
1240	4119
4120	4119
4119	1023
4121	1023
4120	4121
1025	4121
1237	1244
1243	1244
1245	1247
1246	1247
1248	1250
1249	1250
4122	1026
4124	1026
4123	4124
4125	4124
1251	4125
1028	4125
4126	1253
4127	1253
1249	4127
1252	4127
4128	1256
4130	1256
4129	4130
4131	4130
1254	4131
1255	4131
4132	1029
4134	1029
4133	4134
4135	4134
1257	4135
1031	4135
4136	1259
4137	1259
1255	4137
1258	4137
1260	4138
4139	4138
4139	4140
4141	4140
4141	4142
4143	4142
4143	1262
1261	1262
4144	1035
4146	1035
4145	4146
4147	4146
1263	4147
1037	4147
4148	1265
4150	1265
4149	4150
4151	4150
1261	4151
1264	4151
4152	1268
4153	1268
1266	4153
1267	4153
4154	1271
4155	1271
1269	4155
1270	4155
4156	1274
4158	1274
4157	4158
4159	4158
1272	4159
1273	4159
4160	1038
4161	1038
1275	4161
1040	4161
4162	1053
4164	1053
4163	4164
4165	4164
1273	4165
1055	4165
4166	1277
4167	1277
1270	4167
1276	4167
4168	1280
4169	1280
1278	4169
1279	4169
4170	1283
4171	1283
1281	4171
1282	4171
4172	1286
4173	1286
1284	4173
1285	4173
4174	1059
4175	1059
1287	4175
1061	4175
1285	4176
4177	4176
4177	1289
1288	1289
1290	1292
1291	1292
1293	1062
1064	1062
1291	1295
1294	1295
4178	1065
4179	1065
1296	4179
1067	4179
4180	1298
4181	1298
1294	4181
1297	4181
1299	1074
1076	1074
4182	1301
4184	1301
4183	4184
4185	4184
1297	4185
1300	4185
4186	1086
4187	1086
1302	4187
1088	4187
1300	1089
1091	1089
1288	1304
1303	1304
4188	1307
4189	1307
1305	4189
1306	4189
1308	4190
4191	4190
4191	1310
1309	1310
4192	4193
4194	4193
1311	4194
4195	4194
4194	4196
4197	4196
4195	4197
4198	4197
4197	4199
4200	4199
4198	4200
4201	4200
4200	1313
4202	1313
4201	4202
1312	4202
4203	1316
4204	1316
1314	4204
1315	4204
4205	1319
4207	1319
4206	4207
4208	4207
1317	4208
1318	4208
1320	1095
1097	1095
4209	1101
4210	1101
1318	4210
1103	4210
1315	4211
4212	4211
4212	1322
1321	1322
4213	4214
4215	4214
1323	4215
4216	4215
4215	1325
4217	1325
4216	4217
1324	4217
1326	1328
1327	1328
4218	1331
4220	1331
4219	4220
4221	4220
1329	4221
1330	4221
4222	1334
4224	1334
4223	4224
4225	4224
1332	4225
1333	4225
4226	4229
4230	4229
4227	4230
4231	4230
4228	4231
4232	4231
1335	4232
4233	4232
4230	1337
4234	1337
4231	4234
4235	4234
4232	4235
4236	4235
4233	4236
1336	4236
4237	1340
4240	1340
4238	4240
4241	4240
4239	4241
4242	4241
1338	4242
1339	4242
1344	4243
4244	4243
1343	4243
4245	1345
4246	1345
1342	4246
4247	1104
4248	1104
1346	4248
1106	4248
4249	1348
4252	1348
4250	4252
4253	4252
4251	4253
4254	4253
1344	4254
1347	4254
4255	1107
4256	1107
1349	4256
1109	4256
4257	1351
4259	1351
4258	4259
4260	4259
1347	4260
1350	4260
1352	1113
1115	1113
4261	1354
4264	1354
4262	4264
4265	4264
4263	4265
4266	4265
1350	4266
1353	4266
4267	1357
4269	1357
4268	4269
4270	4269
1355	4270
1356	4270
4271	4273
4274	4273
4272	4274
4275	4274
1358	4275
4276	4275
4274	1360
4277	1360
4275	4277
4278	4277
4276	4278
1359	4278
4279	1363
4280	1363
1361	4280
1362	4280
4281	1125
4283	1125
4282	4283
4284	4283
1364	4284
1127	4284
1362	1366
1365	1366
1367	1369
1368	1369
1370	4285
4286	4285
4286	4287
4288	4287
4288	4289
4290	4289
4290	1372
1371	1372
4291	1375
4293	1375
4292	4293
4294	4293
1373	4294
1374	4294
4295	1378
4297	1378
4296	4297
4298	4297
1376	4298
1377	4298
1379	4299
4300	4299
4300	1128
1130	1128
4301	4303
4304	4303
4302	4304
4305	4304
1377	4305
4306	4305
4304	1381
4307	1381
4305	4307
4308	4307
4306	4308
1380	4308
4309	1384
4310	1384
1382	4310
1383	4310
4311	4313
4314	4313
4312	4314
4315	4314
1385	4315
4316	4315
4314	1131
4317	1131
4315	4317
4318	4317
4316	4318
1133	4318
4319	1387
4321	1387
4320	4321
4322	4321
1383	4322
1386	4322
1388	1390
1389	1390
1391	4323
4324	4323
4324	1393
1392	1393
1394	1134
1136	1134
1392	1396
1395	1396
4325	1258
4326	1258
1397	4326
1260	4326
1395	1399
1398	1399
1400	4327
4328	4327
4328	4329
4330	4329
4330	4331
4332	4331
4332	1402
1401	1402
1403	1405
1404	1405
1406	4333
4334	4333
4334	4335
4336	4335
4336	4337
4338	4337
4338	4339
4340	4339
4340	1408
1407	1408
4341	1264
4343	1264
4342	4343
4344	4343
1409	4344
1266	4344
4345	1411
4347	1411
4346	4347
4348	4347
1407	4348
1410	4348
1412	1279
1281	1279
4349	1414
4351	1414
4350	4351
4352	4351
1410	4352
1413	4352
4353	1417
4355	1417
4354	4355
4356	4355
1415	4356
1416	4356
4357	1420
4359	1420
4358	4359
4360	4359
1418	4360
1419	4360
1421	1282
1284	1282
4361	4362
4363	4362
1419	4363
4364	4363
4363	1303
4365	1303
4364	4365
1305	4365
4366	1423
4368	1423
4367	4368
4369	4368
1416	4369
1422	4369
1424	4370
4371	4370
4371	4372
4373	4372
4373	4374
4375	4374
4375	1426
1425	1426
4376	1306
4378	1306
4377	4378
4379	4378
1427	4379
1308	4379
4380	1429
4382	1429
4381	4382
4383	4382
1425	4383
1428	4383
4384	1432
4386	1432
4385	4386
4387	4386
1430	4387
1431	4387
4388	4389
4390	4389
1433	4390
4391	4390
4390	1309
4392	1309
4391	4392
1311	4392
4393	4394
4395	4394
1431	4395
4396	4395
4395	1435
4397	1435
4396	4397
1434	4397
1436	4398
4399	4398
4399	1324
1326	1324
1434	1438
1437	1438
4400	1327
4402	1327
4401	4402
4403	4402
1439	4403
1329	4403
4404	1441
4405	1441
1437	4405
1440	4405
1442	4406
4407	4406
4407	1444
1443	1444
4408	4409
4410	4409
1445	4410
4411	4410
4410	1447
4412	1447
4411	4412
1446	4412
1448	1330
1332	1330
4413	1333
4414	1333
1446	4414
1335	4414
4415	1450
4416	1450
1443	4416
1449	4416
4417	4418
4419	4418
1451	4419
4420	4419
4419	1453
4421	1453
4420	4421
1452	4421
1454	4422
4423	4422
4423	1456
1455	1456
4424	4425
4426	4425
1457	4426
4427	4426
4426	1459
4428	1459
4427	4428
1458	4428
1460	1336
1338	1336
1458	1339
1341	1339
1455	1462
1461	1462
4429	1465
4431	1465
4430	4431
4432	4431
1463	4432
1464	4432
1469	4433
4434	4433
1468	4433
4435	1470
4436	1470
1467	4436
4437	1473
4440	1473
4438	4440
4441	4440
4439	4441
4442	4441
1471	4442
1472	4442
4443	1476
4446	1476
4444	4446
4447	4446
4445	4447
4448	4447
1474	4448
1475	4448
4449	1353
4452	1353
4450	4452
4453	4452
4451	4453
4454	4453
1477	4454
1355	4454
4455	1479
4457	1479
4456	4457
4458	4457
1475	4458
1478	4458
1480	1356
1358	1356
4459	1482
4461	1482
4460	4461
4462	4461
1478	4462
1481	4462
1483	1485
1484	1485
4463	1368
4464	1368
1486	4464
1370	4464
4465	1488
4466	1488
1484	4466
1487	4466
4467	1491
4468	1491
1489	4468
1490	4468
4469	1494
4472	1494
4470	4472
4473	4472
4471	4473
4474	4473
1492	4474
1493	4474
4475	1371
4477	1371
4476	4477
4478	4477
1495	4478
1373	4478
1493	1497
1496	1497
4479	1500
4481	1500
4480	4481
4482	4481
1498	4482
1499	4482
4483	1503
4485	1503
4484	4485
4486	4485
1501	4486
1502	4486
4487	1506
4489	1506
4488	4489
4490	4489
1504	4490
1505	4490
4491	1374
4492	1374
1507	4492
1376	4492
4493	1509
4496	1509
4494	4496
4497	4496
4495	4497
4498	4497
1505	4498
1508	4498
4499	1512
4502	1512
4500	4502
4503	4502
4501	4503
4504	4503
1510	4504
1511	4504
1513	4505
4506	4505
4506	1515
1514	1515
4507	1518
4508	1518
1516	4508
1517	4508
1519	1521
1520	1521
4509	1380
4511	1380
4510	4511
4512	4511
1522	4512
1382	4512
4513	1524
4514	1524
1520	4514
1523	4514
4515	1527
4516	1527
1525	4516
1526	4516
1528	1530
1529	1530
4517	1533
4519	1533
4518	4519
4520	4519
1531	4520
1532	4520
4521	1386
4524	1386
4522	4524
4525	4524
4523	4525
4526	4525
1534	4526
1388	4526
1532	1536
1535	1536
1537	4527
4528	4527
4528	1401
1403	1401
1535	1539
1538	1539
4529	1542
4530	1542
1540	4530
1541	4530
4531	4532
4533	4532
1543	4533
4534	4533
4533	1545
4535	1545
4534	4535
1544	4535
4536	1548
4537	1548
1546	4537
1547	4537
4538	1422
4540	1422
4539	4540
4541	4540
1549	4541
1424	4541
4542	1551
4543	1551
1547	4543
1550	4543
4544	1554
4545	1554
1552	4545
1553	4545
4546	1557
4547	1557
1555	4547
1556	4547
4548	1560
4549	1560
1558	4549
1559	4549
4550	1563
4551	1563
1561	4551
1562	4551
4552	1566
4553	1566
1564	4553
1565	4553
4554	1428
4555	1428
1567	4555
1430	4555
4556	1569
4557	1569
1565	4557
1568	4557
4558	1572
4559	1572
1570	4559
1571	4559
4560	1575
4561	1575
1573	4561
1574	4561
4562	1440
4563	1440
1576	4563
1442	4563
1574	1578
1577	1578
1579	1581
1580	1581
1582	4564
4565	4564
4565	1584
1583	1584
4566	1587
4567	1587
1585	4567
1586	4567
1588	1590
1589	1590
4568	1449
4569	1449
1591	4569
1451	4569
4570	1593
4571	1593
1589	4571
1592	4571
4572	1596
4573	1596
1594	4573
1595	4573
4574	1599
4575	1599
1597	4575
1598	4575
4576	4577
4578	4577
1600	4578
4579	4578
4578	1602
4580	1602
4579	4580
1601	4580
4581	1605
4582	1605
1603	4582
1604	4582
4583	1608
4584	1608
1606	4584
1607	4584
1609	1452
1454	1452
4585	1611
4587	1611
4586	4587
4588	4587
1607	4588
1610	4588
4589	1461
4591	1461
4590	4591
4592	4591
1612	4592
1463	4592
1610	1614
1613	1614
4593	1464
4594	1464
1615	4594
1466	4594
4595	4596
4597	4596
1613	4597
4598	4597
4597	1617
4599	1617
4598	4599
1616	4599
4600	4601
4602	4601
1618	4602
4603	4602
4602	1620
4604	1620
4603	4604
1619	4604
4605	4606
4607	4606
1621	4607
4608	4607
4607	1623
4609	1623
4608	4609
1622	4609
4610	1626
4613	1626
4611	4613
4614	4613
4612	4614
4615	4614
1624	4615
1625	4615
1627	1629
1628	1629
4616	4617
4618	4617
1630	4618
4619	4618
4618	1632
4620	1632
4619	4620
1631	4620
1633	1469
1471	1469
1631	1472
1474	1472
1628	1635
1634	1635
4621	1638
4623	1638
4622	4623
4624	4623
1636	4624
1637	4624
1642	4625
4626	4625
1641	4625
4627	1643
4628	1643
1640	4628
4629	1646
4632	1646
4630	4632
4633	4632
4631	4633
4634	4633
1644	4634
1645	4634
4635	1649
4637	1649
4636	4637
4638	4637
1647	4638
1648	4638
4639	1481
4641	1481
4640	4641
4642	4641
1650	4642
1483	4642
1652	1648
1651	1654
1657	1655
1656	1659
4643	1662
4645	1662
4644	4645
4646	4645
1660	4646
1661	4646
1663	1487
1489	1487
4647	1490
4649	1490
4648	4649
4650	4649
1661	4650
1492	4650
4651	4654
4655	4654
4652	4655
4656	4655
4653	4656
4657	4656
1658	4657
4658	4657
4655	1665
4659	1665
4656	4659
4660	4659
4657	4660
4661	4660
4658	4661
1664	4661
4662	1668
4664	1668
4663	4664
4665	4664
1666	4665
1667	4665
4666	1496
4668	1496
4667	4668
4669	4668
1669	4669
1498	4669
1667	4670
4671	4670
4671	1671
1670	1671
4672	1674
4675	1674
4673	4675
4676	4675
4674	4676
4677	4676
1672	4677
1673	4677
1675	1677
1676	1677
4678	1680
4679	1680
1678	4679
1679	4679
1681	1683
1682	1683
1684	1499
1501	1499
1682	1502
1504	1502
1679	4680
4681	4680
4681	4682
4683	4682
4683	1686
1685	1686
4684	1689
4685	1689
1687	4685
1688	4685
1690	4686
4687	4686
4687	1508
1510	1508
4688	4689
4690	4689
1688	4690
4691	4690
4690	1692
4692	1692
4691	4692
1691	4692
4693	1695
4694	1695
1693	4694
1694	4694
4695	1511
4698	1511
4696	4698
4699	4698
4697	4699
4700	4699
1696	4700
1513	4700
4701	1698
4704	1698
4702	4704
4705	4704
4703	4705
4706	4705
1694	4706
1697	4706
1699	1701
1700	1701
1702	1704
1703	1704
1705	4707
4708	4707
4708	1707
1706	1707
1708	1514
1516	1514
1706	1710
1709	1710
4709	1713
4710	1713
1711	4710
1712	4710
4711	4712
4713	4712
1714	4713
4714	4713
4713	1716
4715	1716
4714	4715
1715	4715
4716	1719
4718	1719
4717	4718
4719	4718
1717	4719
1718	4719
4720	1526
4721	1526
1720	4721
1528	4721
1718	1722
1721	1722
4722	1529
4724	1529
4723	4724
4725	4724
1723	4725
1531	4725
4726	1725
4728	1725
4727	4728
4729	4728
1721	4729
1724	4729
1726	1538
1540	1538
4730	4732
4733	4732
4731	4733
4734	4733
1724	4734
4735	4734
4733	1728
4736	1728
4734	4736
4737	4736
4735	4737
1727	4737
1729	1731
1730	1731
1732	4738
4739	4738
4739	1556
1558	1556
1730	1734
1733	1734
4740	1583
4742	1583
4741	4742
4743	4742
1735	4743
1585	4743
4744	1737
4745	1737
1733	4745
1736	4745
4746	1740
4748	1740
4747	4748
4749	4748
1738	4749
1739	4749
1741	1743
1742	1743
1744	4750
4751	4750
4751	4752
4753	4752
4753	4754
4755	4754
4755	1595
1597	1595
1742	1746
1745	1746
4756	1749
4757	1749
1747	4757
1748	4757
1750	1752
1751	1752
4758	1755
4759	1755
1753	4759
1754	4759
4760	4761
4762	4761
1756	4762
4763	4762
4762	1758
4764	1758
4763	4764
1757	4764
4765	1598
4766	1598
1759	4766
1600	4766
1757	4767
4768	4767
4768	1761
1760	1761
1762	4769
4770	4769
4770	1601
1603	1601
1760	1764
1763	1764
1765	4771
4772	4771
4772	4773
4774	4773
4774	1767
1766	1767
4775	1770
4776	1770
1768	4776
1769	4776
4777	4778
4779	4778
1771	4779
4780	4779
4779	1773
4781	1773
4780	4781
1772	4781
4782	1776
4783	1776
1774	4783
1775	4783
4784	1619
4785	1619
1777	4785
1621	4785
4786	1779
4787	1779
1775	4787
1778	4787
4788	1782
4789	1782
1780	4789
1781	4789
4790	1785
4791	1785
1783	4791
1784	4791
4792	1788
4793	1788
1786	4793
1787	4793
4794	1791
4795	1791
1789	4795
1790	4795
4796	1622
4797	1622
1792	4797
1624	4797
1790	4798
4799	4798
4799	1794
1793	1794
4800	1637
4801	1637
1795	4801
1639	4801
4802	4803
4804	4803
1793	4804
4805	4804
4804	1797
4806	1797
4805	4806
1796	4806
4807	4808
4809	4808
1798	4809
4810	4809
4809	1800
4811	1800
4810	4811
1799	4811
4812	1803
4815	1803
4813	4815
4816	4815
4814	4816
4817	4816
1801	4817
1802	4817
1804	1806
1805	1806
4818	4819
4820	4819
1807	4820
4821	4820
4820	1809
4822	1809
4821	4822
1808	4822
1810	1642
1644	1642
1808	4823
4824	4823
4824	1812
1811	1812
1813	1645
1647	1645
4825	1653
4826	1653
1811	4826
1655	4826
1805	1815
1814	1815
4827	1818
4829	1818
4828	4829
4830	4829
1816	4830
1817	4830
4831	1821
4833	1821
4832	4833
4834	4833
1819	4834
1820	4834
4835	1824
4838	1824
4836	4838
4839	4838
4837	4839
4840	4839
1822	4840
1823	4840
4841	1664
4844	1664
4842	4844
4845	4844
4843	4845
4846	4845
1825	4846
1666	4846
4847	1827
4848	1827
1823	4848
1826	4848
4849	1670
4851	1670
4850	4851
4852	4851
1828	4852
1672	4852
4853	1830
4854	1830
1826	4854
1829	4854
1831	4855
4856	4855
4856	1833
1832	1833
4857	4858
4859	4858
1834	4859
4860	4859
4859	1836
4861	1836
4860	4861
1835	4861
1837	1839
1838	1839
4862	1842
4864	1842
4863	4864
4865	4864
1840	4865
1841	4865
4866	1845
4868	1845
4867	4868
4869	4868
1843	4869
1844	4869
1848	1846
1847	1850
4870	1853
4873	1853
4871	4873
4874	4873
4872	4874
4875	4874
1851	4875
1852	4875
4876	1856
4878	1856
4877	4878
4879	4878
1854	4879
1855	4879
4880	1673
4883	1673
4881	4883
4884	4883
4882	4884
4885	4884
1857	4885
1675	4885
4886	1859
4889	1859
4887	4889
4890	4889
4888	4890
4891	4890
1855	4891
1858	4891
1862	1860
1861	1864
4892	1867
4893	1867
1865	4893
1866	4893
4894	1676
4895	1676
1868	4895
1678	4895
4896	4898
4899	4898
4897	4899
4900	4899
1866	4900
4901	4900
4899	1870
4902	1870
4900	4902
4903	4902
4901	4903
1869	4903
4904	1873
4905	1873
1871	4905
1872	4905
4906	1685
4907	1685
1874	4907
1687	4907
1872	1876
1875	1876
1877	4908
4909	4908
4909	1879
1878	1879
1880	4910
4911	4910
4911	4912
4913	4912
4913	4914
4915	4914
4915	4916
4917	4916
4917	1882
1881	1882
4918	1885
4919	1885
1883	4919
1884	4919
4920	1691
4922	1691
4921	4922
4923	4922
1886	4923
1693	4923
4924	1888
4925	1888
1884	4925
1887	4925
1889	4926
4927	4926
4927	1891
1890	1891
4928	1697
4930	1697
4929	4930
4931	4930
1892	4931
1699	4931
4932	1894
4934	1894
4933	4934
4935	4934
1890	4935
1893	4935
4936	1897
4938	1897
4937	4938
4939	4938
1895	4939
1896	4939
1898	1900
1899	1900
4940	1700
4941	1700
1901	4941
1702	4941
1899	1903
1902	1903
1904	4942
4943	4942
4943	1906
1905	1906
1907	1909
1908	1909
1910	4944
4945	4944
4945	4946
4947	4946
4947	4948
4949	4948
4949	1912
1911	1912
1913	4950
4951	4950
4951	1703
1705	1703
1911	1709
1711	1709
1908	4952
4953	4952
4953	4954
4955	4954
4955	4956
4957	4956
4957	1915
1914	1915
4958	1918
4959	1918
1916	4959
1917	4959
4960	1921
4961	1921
1919	4961
1920	4961
1922	4962
4963	4962
4963	4964
4965	4964
4965	4966
4967	4966
4967	1712
1714	1712
4968	4970
4971	4970
4969	4971
4972	4971
1920	4972
4973	4972
4971	1715
4974	1715
4972	4974
4975	4974
4973	4975
1717	4975
4976	1924
4977	1924
1917	4977
1923	4977
4978	1739
4979	1739
1925	4979
1741	4979
1923	1745
1747	1745
4980	1927
4981	1927
1914	4981
1926	4981
1928	1748
1750	1748
4982	1930
4984	1930
4983	4984
4985	4984
1926	4985
1929	4985
1931	1933
1932	1933
1934	1751
1753	1751
1932	1936
1935	1936
4986	1939
4988	1939
4987	4988
4989	4988
1937	4989
1938	4989
4990	1766
4992	1766
4991	4992
4993	4992
1940	4993
1768	4993
1938	4994
4995	4994
4995	4996
4997	4996
4997	1942
1941	1942
4998	1945
4999	1945
1943	4999
1944	4999
5000	1778
5001	1778
1946	5001
1780	5001
1944	1781
1783	1781
5002	1948
5003	1948
1941	5003
1947	5003
1949	5004
5005	5004
5005	1951
1950	1951
1952	1954
1953	1954
1955	1784
1786	1784
1953	1787
1789	1787
1950	1957
1956	1957
5006	1960
5007	1960
1958	5007
1959	5007
1961	5008
5009	5008
5009	1963
1962	1963
5010	1796
5011	1796
1964	5011
1798	5011
5012	1966
5013	1966
1962	5013
1965	5013
5014	1969
5015	1969
1967	5015
1968	5015
5016	1972
5017	1972
1970	5017
1971	5017
5018	1975
5019	1975
1973	5019
1974	5019
5020	1799
5021	1799
1976	5021
1801	5021
1974	5022
5023	5022
5023	5024
5025	5024
5025	1817
1819	1817
1971	1978
1977	1978
1979	1981
1980	1981
1982	5026
5027	5026
5027	1984
1983	1984
5028	1987
5029	1987
1985	5029
1986	5029
1988	5030
5031	5030
5031	1990
1989	1990
5032	5033
5034	5033
1991	5034
5035	5034
5034	5036
5037	5036
5035	5037
5038	5037
5037	5039
5040	5039
5038	5040
5041	5040
5040	1993
5042	1993
5041	5042
1992	5042
5043	1996
5044	1996
1994	5044
1995	5044
1997	1820
1822	1820
1995	1829
1831	1829
1992	1832
1834	1832
5045	1999
5046	1999
1989	5046
1998	5046
5047	5048
5049	5048
2000	5049
5050	5049
5049	2002
5051	2002
5050	5051
2001	5051
5052	2005
5055	2005
5053	5055
5056	5055
5054	5056
5057	5056
2003	5057
2004	5057
2006	1835
1837	1835
5058	1838
5060	1838
5059	5060
5061	5060
2004	5061
1840	5061
5062	2008
5063	2008
2001	5063
2007	5063
2009	5064
5065	5064
5065	2011
2010	2011
5066	2014
5067	2014
2012	5067
2013	5067
2015	1841
1843	1841
5068	1844
5069	1844
2013	5069
1846	5069
5070	5071
5072	5071
2010	5072
5073	5072
5072	5074
5075	5074
5073	5075
5076	5075
5075	2017
5077	2017
5076	5077
2016	5077
5078	2020
5079	2020
2018	5079
2019	5079
2021	5080
5081	5080
5081	5082
5083	5082
5083	5084
5085	5084
5085	2023
2022	2023
5086	5087
5088	5087
2024	5088
5089	5088
5088	2026
5090	2026
5089	5090
2025	5090
2027	1849
1851	1849
2025	5091
5092	5091
5092	2029
2028	2029
2030	1852
1854	1852
5093	1858
5094	1858
2028	5094
1860	5094
2022	5095
5096	5095
5096	5097
5098	5097
5098	5099
5100	5099
5100	2032
2031	2032
5101	2035
5103	2035
5102	5103
5104	5103
2033	5104
2034	5104
5105	2038
5107	2038
5106	5107
5108	5107
2036	5108
2037	5108
5109	5111
5112	5111
5110	5112
5113	5112
2039	5113
5114	5113
5112	1863
5115	1863
5113	5115
5116	5115
5114	5116
1865	5116
2037	5117
5118	5117
5118	2034
2036	2034
5119	2041
5121	2041
5120	5121
5122	5121
2031	5122
2040	5122
2042	5123
5124	5123
5124	5125
5126	5125
5126	5127
5128	5127
5128	2044
2043	2044
5129	2047
5130	2047
2045	5130
2046	5130
2048	5131
5132	5131
5132	5133
5134	5133
5134	5135
5136	5135
5136	5137
5138	5137
5138	1878
1880	1878
2046	2050
2049	2050
2051	5139
5140	5139
5140	2053
2052	2053
2054	1881
1883	1881
2052	2056
2055	2056
2057	2059
2058	2059
5141	2062
5142	2062
2060	5142
2061	5142
5143	1887
5145	1887
5144	5145
5146	5145
2063	5146
1889	5146
5147	2065
5149	2065
5148	5149
5150	5149
2061	5150
2064	5150
5151	2068
5152	2068
2066	5152
2067	5152
2069	5153
5154	5153
5154	5155
5156	5155
5156	5157
5158	5157
5158	1893
1895	1893
5159	2071
5160	2071
2067	5160
2070	5160
5161	2074
5162	2074
2072	5162
2073	5162
5163	2077
5165	2077
5164	5165
5166	5165
2075	5166
2076	5166
5167	5169
5170	5169
5168	5170
5171	5170
2078	5171
5172	5171
5170	2080
5173	2080
5171	5173
5174	5173
5172	5174
2079	5174
5175	1896
5177	1896
5176	5177
5178	5177
2081	5178
1898	5178
2079	2083
2082	2083
5179	2086
5180	2086
2084	5180
2085	5180
2087	1902
1904	1902
5181	2089
5182	2089
2085	5182
2088	5182
5183	2092
5184	2092
2090	5184
2091	5184
5185	2095
5187	2095
5186	5187
5188	5187
2093	5188
2094	5188
5189	2098
5190	2098
2096	5190
2097	5190
5191	2101
5193	2101
5192	5193
5194	5193
2099	5194
2100	5194
5195	5196
5197	5196
2102	5197
5198	5197
5197	1905
5199	1905
5198	5199
1907	5199
5200	1929
5202	1929
5201	5202
5203	5202
2100	5203
1931	5203
5204	2104
5206	2104
5205	5206
5207	5206
2097	5207
2103	5207
5208	1935
5210	1935
5209	5210
5211	5210
2105	5211
1937	5211
2103	2094
2096	2094
2091	2107
2106	2107
5212	2110
5213	2110
2108	5213
2109	5213
2111	2113
2112	2113
5214	1947
5215	1947
2114	5215
1949	5215
2112	2116
2115	2116
2117	2119
2118	2119
5216	2122
5218	2122
5217	5218
5219	5218
2120	5219
2121	5219
5220	1956
5221	1956
2123	5221
1958	5221
2121	5222
5223	5222
5223	5224
5225	5224
5225	2125
2124	2125
5226	2128
5227	2128
2126	5227
2127	5227
5228	1968
5229	1968
2129	5229
1970	5229
2127	1977
1979	1977
5230	2131
5231	2131
2124	5231
2130	5231
2132	5232
5233	5232
5233	1980
1982	1980
5234	2134
5235	2134
2130	5235
2133	5235
2135	2137
2136	2137
2138	2140
2139	2140
5236	5237
5238	5237
2141	5238
5239	5238
5238	1983
5240	1983
5239	5240
1985	5240
5241	2143
5242	2143
2139	5242
2142	5242
5243	2146
5245	2146
5244	5245
5246	5245
2144	5246
2145	5246
5247	2149
5249	2149
5248	5249
5250	5249
2147	5250
2148	5250
2150	5251
5252	5251
5252	5253
5254	5253
5254	5255
5256	5255
5256	2152
2151	2152
5257	1986
5259	1986
5258	5259
5260	5259
2153	5260
1988	5260
5261	2155
5263	2155
5262	5263
5264	5263
2151	5264
2154	5264
5265	1998
5266	1998
2156	5266
2000	5266
5267	2158
5268	2158
2154	5268
2157	5268
5269	2161
5270	2161
2159	5270
2160	5270
5271	2164
5272	2164
2162	5272
2163	5272
5273	2167
5274	2167
2165	5274
2166	5274
5275	2007
5276	2007
2168	5276
2009	5276
2166	5277
5278	5277
5278	2170
2169	2170
2171	2173
2172	2173
2174	5279
5280	5279
5280	5281
5282	5281
5282	5283
5284	5283
5284	2176
2175	2176
2177	2179
2178	2179
5285	2182
5287	2182
5286	5287
5288	5287
2180	5288
2181	5288
5289	2185
5290	2185
2183	5290
2184	5290
2186	5291
5292	5291
5292	5293
5294	5293
5294	5295
5296	5295
5296	2016
2018	2016
5297	2019
5298	2019
2184	5298
2021	5298
5299	5301
5302	5301
5300	5302
5303	5302
2181	5303
5304	5303
5302	2040
5305	2040
5303	5305
5306	5305
5304	5306
2042	5306
5307	2188
5308	2188
2178	5308
2187	5308
2189	5309
5310	5309
5310	2191
2190	2191
2192	2043
2045	2043
2190	2194
2193	2194
5311	2197
5312	2197
2195	5312
2196	5312
2198	5313
5314	5313
5314	5315
5316	5315
5316	2058
2060	2058
5317	2200
5318	2200
2196	5318
2199	5318
5319	2203
5320	2203
2201	5320
2202	5320
5321	2148
5323	2148
5322	5323
5324	5323
2204	5324
2150	5324
5325	2206
5326	2206
2202	5326
2205	5326
5327	2209
5328	2209
2207	5328
2208	5328
5329	2212
5330	2212
2210	5330
2211	5330
5331	2215
5332	2215
2213	5332
2214	5332
5333	2218
5334	2218
2216	5334
2217	5334
5335	2157
5336	2157
2219	5336
2159	5336
2217	2160
2162	2160
2214	5337
5338	5337
5338	2172
2174	2172
2211	5339
5340	5339
5340	2221
2220	2221
2222	5341
5342	5341
5342	2175
2177	2175
2220	5343
5344	5343
5344	2187
2189	2187
2208	5345
5346	5345
5346	2193
2195	2193
2205	2199
2201	2199
2169	2163
2165	2163
5347	2224
5349	2224
5348	5349
5350	5349
2145	5350
2223	5350
5351	2064
5353	2064
5352	5353
5354	5353
2225	5354
2066	5354
2223	5355
5356	5355
5356	2227
2226	2227
5357	2230
5358	2230
2228	5358
2229	5358
2231	2070
2072	2070
2229	2073
2075	2073
2226	2133
2135	2133
2142	2136
2138	2136
5359	2233
5361	2233
5360	5361
5362	5361
2118	5362
2232	5362
5363	2076
5365	2076
5364	5365
5366	5365
2234	5366
2078	5366
2232	2115
2117	2115
2109	5367
5368	5367
5368	5369
5370	5369
5370	2082
2084	2082
2106	2088
2090	2088
2055	5371
5372	5371
5372	2049
2051	2049
5373	5374
5375	5374
1965	5375
5376	5375
5375	1959
5377	1959
5376	5377
1961	5377
1875	1869
1871	1869
5378	1802
5380	1802
5379	5380
5381	5380
1814	5381
1804	5381
5382	5383
5384	5383
1772	5384
5385	5384
5384	1769
5386	1769
5385	5386
1771	5386
1763	5387
5388	5387
5388	1754
1756	1754
5389	1727
5392	1727
5390	5392
5393	5392
5391	5393
5394	5393
1736	5394
1729	5394
5395	1625
5397	1625
5396	5397
5398	5397
1634	5398
1627	5398
1616	5399
5400	5399
5400	1604
1606	1604
5401	5402
5403	5402
1592	5403
5404	5403
5403	1586
5405	1586
5404	5405
1588	5405
1580	5406
5407	5406
5407	1559
1561	1559
1577	1571
1573	1571
1568	1562
1564	1562
1553	5408
5409	5408
5409	5410
5411	5410
5411	1541
1543	1541
1550	1544
1546	1544
1523	1517
1519	1517
5412	5413
5414	5413
1413	5414
5415	5414
5414	1404
5416	1404
5415	5416
1406	5416
1398	5417
5418	5417
5418	1389
1391	1389
1365	1359
1361	1359
1321	1312
1314	1312
1276	1267
1269	1267
2237	5419
5420	5419
2236	5419
2235	2238
2241	2239
2240	1137
2237	1246
1248	1246
1243	2243
2242	2243
2244	5421
5422	5421
5422	5423
5424	5423
5424	1143
1145	1143
2242	5425
5426	5425
5426	2246
2245	2246
5427	5430
5431	5430
5428	5431
5432	5431
5429	5432
5433	5432
2247	5433
5434	5433
5431	1152
5435	1152
5432	5435
5436	5435
5433	5436
5437	5436
5434	5437
1154	5437
5438	2249
5440	2249
5439	5440
5441	5440
2245	5441
2248	5441
5442	2252
5443	2252
2250	5443
2251	5443
2253	5444
5445	5444
5445	2255
2254	2255
5446	5447
5448	5447
2256	5448
5449	5448
5448	2258
5450	2258
5449	5450
2257	5450
2259	2261
2260	2261
5451	2264
5453	2264
5452	5453
5454	5453
2262	5454
2263	5454
5455	2267
5458	2267
5456	5458
5459	5458
5457	5459
5460	5459
2265	5460
2266	5460
5461	1168
5464	1168
5462	5464
5465	5464
5463	5465
5466	5465
2268	5466
1170	5466
2266	1171
1173	1171
5467	2270
5468	2270
2263	5468
2269	5468
5469	5470
5471	5470
2271	5471
5472	5471
5471	5473
5474	5473
5472	5474
5475	5474
5474	1183
5476	1183
5475	5476
1185	5476
2269	2273
2272	2273
5477	2276
5480	2276
5478	5480
5481	5480
5479	5481
5482	5481
2274	5482
2275	5482
5483	1198
5484	1198
2277	5484
1200	5484
5485	5486
5487	5486
2275	5487
5488	5487
5487	2279
5489	2279
5488	5489
2278	5489
5490	2282
5491	2282
2280	5491
2281	5491
5492	1207
5493	1207
2283	5493
1209	5493
2281	5494
5495	5494
5495	1210
1212	1210
5496	5497
5498	5497
2278	5498
5499	5498
5498	5500
5501	5500
5499	5501
5502	5501
5501	2285
5503	2285
5502	5503
2284	5503
2286	5504
5505	5504
5505	2288
2287	2288
5506	2291
5507	2291
2289	5507
2290	5507
2292	2294
2293	2294
2295	1216
1218	1216
2293	2297
2296	2297
5508	2300
5509	2300
2298	5509
2299	5509
5510	5511
5512	5511
2301	5512
5513	5512
5512	1219
5514	1219
5513	5514
1221	5514
5515	5516
5517	5516
2299	5517
5518	5517
5517	2303
5519	2303
5518	5519
2302	5519
5520	1225
5521	1225
2304	5521
1227	5521
2302	5522
5523	5522
5523	5524
5525	5524
5525	5526
5527	5526
5527	2306
2305	2306
2307	5528
5529	5528
5529	5530
5531	5530
5531	1231
1233	1231
2305	2309
2308	2309
2310	2312
2311	2312
5532	2315
5533	2315
2313	5533
2314	5533
2316	5534
5535	5534
5535	2318
2317	2318
5536	1234
5537	1234
2319	5537
1236	5537
5538	2321
5539	2321
2317	5539
2320	5539
5540	2248
5541	2248
2322	5541
2250	5541
5542	2314
5543	2314
2320	5543
2316	5543
2311	2324
2323	2324
2325	2251
2253	2251
5544	2327
5545	2327
2323	5545
2326	5545
2328	2254
2256	2254
5546	2330
5547	2330
2326	5547
2329	5547
5548	2284
5549	2284
2331	5549
2286	5549
2329	2333
2332	2333
5550	2287
5551	2287
2334	5551
2289	5551
5552	2308
5553	2308
2332	5553
2310	5553
5554	2290
5555	2290
2296	5555
2292	5555
5556	2336
5559	2336
5557	5559
5560	5559
5558	5560
5561	5560
2272	5561
2335	5561
2337	2257
2259	2257
5562	2260
5564	2260
5563	5564
5565	5564
2335	5565
2262	5565
1189	5566
5567	5566
5567	5568
5569	5568
5569	5570
5571	5570
5571	1186
1188	1186
1180	5572
5573	5572
5573	1174
1176	1174
5574	1155
5575	1155
1163	5575
1157	5575
5576	1116
5577	1116
1122	5577
1118	5577
5578	1005
5579	1005
1011	5579
1007	5579
993	984
986	984
5580	945
5583	945
5581	5583
5584	5583
5582	5584
5585	5584
948	5585
947	5585
5586	930
5587	930
936	5587
932	5587
5588	826
5590	826
5589	5590
5591	5590
844	5591
828	5591
5592	835
5593	835
841	5593
837	5593
729	2339
2338	2339
5594	717
5596	717
5595	5596
5597	5596
2340	5597
719	5597
5598	726
5599	726
2338	5599
728	5599
629	620
622	620
5600	590
5602	590
5601	5602
5603	5602
599	5603
592	5603
418	5604
5605	5604
5605	5606
5607	5606
5607	5608
5609	5608
5609	5610
5611	5610
5611	5612
5613	5612
5613	415
417	415
364	358
360	358
5614	2342
5615	2342
313	5615
2341	5615
5616	302
5617	302
2343	5617
304	5617
5618	310
5620	310
5619	5620
5621	5620
2341	5621
312	5621
5622	5623
5624	5623
99	5624
5625	5624
5624	5626
5627	5626
5625	5627
5628	5627
5627	96
5629	96
5628	5629
98	5629
5630	2345
5631	2345
45	5631
2344	5631
2346	5632
5633	5632
5633	5634
5635	5634
5635	33
35	33
5636	2348
5637	2348
2344	5637
2347	5637
5638	36
5639	36
2349	5639
38	5639
2347	39
41	39
6	5640
5641	5640
5641	5642
5643	5642
5643	5644
5645	5644
5645	3
5	3
2352	5646
2352	5647
2352	5648
2352	5649
2352	5650
2352	2350
5651	2353
5652	2353
5653	2353
5654	2353
5655	2353
2351	2353
5691	0
2414	5691
2	2414
2354	5691
1	2354
0	5691
2359	3
2358	3
4	2358
2363	6
2364	2363
7	2363
2365	9
11	2365
10	2365
2366	12
13	12
2373	15
16	2373
2374	18
19	18
22	21
2379	22
2455	2379
2380	2379
23	2380
2386	24
2387	2386
2385	2386
25	2385
2391	27
5692	2391
29	5692
2392	5692
28	5692
2391	5692
2393	30
5694	2393
2513	5694
5693	5694
2514	5693
2396	5693
32	2396
2395	5693
2394	5693
5694	5693
31	5694
2393	5694
2402	33
2399	33
2401	2399
2398	2399
2400	2398
2397	2398
34	2397
2405	36
38	2405
2404	2405
2406	2404
2403	2404
37	2403
2408	39
2407	39
40	2407
2412	42
2413	2412
43	2412
46	45
47	46
49	48
52	51
55	54
2425	57
58	57
2427	60
2428	2427
62	2428
2426	60
61	2426
2430	63
5695	2430
2433	5695
65	5695
2431	5695
64	5695
2429	5695
2430	5695
2436	66
2437	2436
2435	2436
68	2435
67	2435
2440	69
2441	2440
2439	2440
70	2439
2442	72
2443	2442
73	2442
2444	75
2445	2444
77	2445
76	2444
2450	78
2449	78
79	2449
2451	81
2452	2451
82	2451
83	82
85	84
88	87
2456	90
2457	2456
2574	2457
92	2457
91	90
2459	93
5696	2459
2592	5696
5697	5696
2593	5697
95	5697
2460	5697
94	5697
2458	5697
5696	5697
2459	5696
2461	96
98	2461
2462	2461
97	2461
2470	99
101	2470
2469	99
100	2469
2474	102
2475	2474
103	2474
2478	105
2477	105
2476	105
106	2476
2480	108
2479	2480
110	2479
109	2479
112	111
2481	112
2630	2481
2482	2481
113	2482
2488	114
5698	2488
2495	5698
116	5698
2489	5698
115	5698
2487	5698
2488	5698
2490	117
118	2490
119	118
2500	120
2498	120
2499	2498
2497	2498
121	2497
5701	5699
5699	123
2648	5699
5700	5699
2505	5700
125	2505
2504	5700
2503	5700
5701	5700
2501	5701
124	2501
2502	5701
5699	5701
123	5699
2511	126
2508	126
2510	2508
2507	2508
2509	2507
2506	2507
127	2506
130	129
133	132
134	133
136	135
137	136
2524	138
139	2524
140	139
2527	141
2526	141
142	2526
2528	144
146	2528
145	2528
2532	147
148	2532
149	148
151	150
2539	153
154	153
2540	156
2541	2540
157	2540
160	159
163	162
166	165
169	168
170	169
2548	171
2549	2548
173	2549
2547	171
2546	171
172	2546
2552	174
5702	2552
5657	5702
2551	5702
5704	2551
5658	5704
5703	5704
309	5703
2553	5703
176	2553
175	5703
5704	5703
2550	5704
2551	5704
2552	5702
2554	177
178	2554
2555	180
181	180
2557	183
2556	183
184	2556
2558	186
2559	2558
187	2558
2563	189
2564	2563
2754	2564
191	2564
190	189
2568	192
2566	192
2567	2566
2565	2566
193	2565
2570	195
2571	2570
2569	2570
197	2569
196	2569
199	198
2579	199
200	2579
2581	201
2580	201
202	2580
2585	204
5705	2585
206	5705
2586	5705
205	5705
2585	5705
2589	207
2590	2589
209	2590
2587	207
2588	2587
208	2587
2598	210
211	2598
2601	213
214	213
2605	216
217	2605
220	219
2606	220
2788	2606
2607	2606
221	2607
5706	222
226	5706
224	226
5656	5706
2609	5706
225	2609
2608	2609
223	2608
222	5706
2613	227
226	227
5707	226
2612	5707
2611	5707
5656	5707
225	5656
2610	225
228	225
226	5707
2617	230
2616	2617
5708	2616
2818	5708
232	5708
5709	5708
2618	5709
2614	5709
231	2614
2615	5709
2616	5709
5708	5709
2619	233
2620	2619
235	2620
234	2619
5712	5711
2626	236
5711	2626
2631	5711
5710	5711
2628	5710
238	2628
2627	5710
5712	5710
237	5712
2626	5712
5711	5712
2634	239
5713	2634
241	5713
2635	5713
2633	5713
240	2633
2634	5713
2636	242
2834	2636
243	2636
244	243
246	245
249	248
252	251
2650	252
2645	252
2649	2645
2646	2645
253	2646
2654	254
2656	2654
2653	2654
2655	2653
2652	2653
256	2652
255	2652
2660	257
2662	2660
2659	2660
2661	2659
2658	2659
258	2658
2664	260
2873	2664
2663	2664
2874	2663
261	2663
262	261
264	263
2669	264
2682	2669
265	2669
2670	266
2671	2670
267	2670
2685	269
5714	2685
271	5714
2686	5714
2684	5714
270	2684
2685	5714
2690	272
2691	2690
273	2690
2693	275
277	2693
276	275
2697	278
279	2697
282	281
285	284
286	285
2701	287
288	2701
291	290
294	293
295	294
2709	296
2710	2709
297	2709
2722	299
2723	2722
2962	2723
2724	2723
2963	2724
301	2724
300	299
2727	302
2726	2727
304	2726
2725	2726
2728	2725
303	2725
5657	305
5658	5657
2730	5658
309	5658
307	309
2729	305
308	2729
306	2729
2733	310
5621	2733
2732	2733
312	2732
311	2732
2734	313
315	2734
314	313
2735	316
2736	2735
317	2735
2737	319
3008	2737
320	2737
2738	320
3009	2738
321	2738
2742	322
2743	2742
323	2742
324	323
5716	5715
2746	325
5715	2746
5717	5715
2755	5717
327	5717
2748	5717
5716	5717
2747	5716
2745	5716
326	2745
5715	5716
2746	5715
2750	328
5718	2750
2751	5718
330	5718
329	5718
2749	5718
2750	5718
2758	331
333	2758
2757	2758
332	2757
2759	334
335	334
2760	337
338	2760
2761	340
341	340
344	343
2765	346
2766	2765
3051	2766
348	2766
347	346
2770	349
2768	349
2769	2768
2767	2768
350	2767
2772	352
3077	2772
2771	2772
354	2771
353	2771
356	355
359	358
2777	361
363	2777
362	361
2781	364
2780	364
365	2780
2783	367
2782	367
368	2782
2784	370
2785	2784
371	2784
372	371
2789	373
375	2789
374	373
2798	376
2799	2798
378	2799
377	2798
2806	379
380	2806
2807	382
383	382
2814	385
386	2814
389	388
2815	389
2820	2815
2816	2815
2819	2816
390	2816
2824	391
2823	2824
5719	2823
2827	5719
393	5719
2825	5719
2822	5719
392	2822
2823	5719
2830	394
3132	2830
2829	2830
3133	2829
395	2829
396	395
2831	397
2832	2831
399	2832
398	397
2836	400
401	2836
402	401
404	403
2837	404
405	2837
2838	406
407	2838
410	409
413	412
2849	415
416	415
2856	418
419	2856
422	421
2857	424
2858	2857
3172	2858
426	2858
425	424
5720	427
429	5720
2862	5720
2861	5720
2859	5720
428	2859
2860	5720
427	5720
2864	430
2992	2864
2863	2864
432	2863
431	2863
2869	433
2870	2869
2875	2870
2871	2870
435	2871
434	433
2878	436
2880	2878
2877	2878
2879	2877
437	2877
5723	5722
2882	439
5722	2882
2975	5722
5721	5722
441	5721
2883	5721
5723	5721
2881	5723
440	2881
2882	5723
5722	5723
2886	442
2884	442
2885	2884
443	2884
2892	445
2891	2892
2893	2891
447	2893
446	2891
449	448
2916	451
452	451
2917	454
455	2917
458	457
461	460
464	463
465	464
467	466
470	469
2958	472
2959	2958
2964	2959
2960	2959
474	2960
473	472
2967	475
2969	2967
2966	2967
2968	2966
476	2966
2973	478
2971	478
2972	2971
2970	2971
479	2970
482	481
483	482
3001	484
2999	484
3000	2999
2998	2999
485	2998
3006	487
3003	487
3005	3003
3002	3003
3004	3002
488	3002
3010	490
3011	3010
3196	3011
492	3011
491	490
3013	493
5724	3013
3015	5724
495	3015
3014	5724
3012	5724
494	3012
3013	5724
3017	496
3019	3017
3016	3017
3018	3016
497	3016
3021	499
3026	3021
3020	3021
5725	3020
501	5725
3022	5725
500	5725
3020	5725
3024	502
3023	502
503	3023
3029	505
3028	3029
3030	3028
506	3028
507	506
3035	508
3033	508
3034	3033
3032	3033
509	3032
3037	511
3039	3037
3036	3037
3038	3036
512	3036
513	512
5727	514
5726	5727
516	5726
3045	5726
3042	5726
3044	3042
3041	3042
515	3041
5727	5726
3043	5727
514	5727
5728	517
5729	5728
519	5729
3049	5729
3048	5729
3046	5729
518	3046
3047	5729
5728	5729
517	5728
3053	520
522	3053
521	3053
524	523
525	524
3056	526
3055	526
527	3055
3057	529
531	3057
530	3057
533	532
3064	533
534	3064
3065	535
5730	3065
3087	5730
3067	5730
537	3067
3066	5730
3065	5730
536	3065
3075	538
3073	538
3074	3073
3072	3073
539	3072
542	541
3082	542
3084	3082
543	3082
3089	544
3090	3089
546	3090
545	3089
3092	547
3091	547
548	3091
3093	550
3094	3093
551	3093
3096	553
3095	553
554	3095
3098	556
3097	556
557	3097
3099	559
3100	3099
560	3099
561	560
3103	562
3102	3103
3104	3102
563	3102
564	563
3107	565
3109	3107
3106	3107
3108	3106
566	3106
572	568
3112	572
570	3112
3111	568
5659	3111
571	3111
3110	3111
3114	3110
569	3110
5731	573
3118	5731
572	5731
5659	572
3117	5659
571	5659
3116	571
3115	571
574	3115
3113	5731
573	5731
580	576
3121	576
5660	3121
3120	3121
579	3120
3119	3120
577	3119
5735	5732
5735	5733
5736	5733
5738	5734
5739	5734
5739	5735
5740	5735
5740	5736
5741	5736
5742	5738
5742	5739
5743	5739
5743	5740
5744	5740
5744	5741
5733	581
5732	5733
746	5732
5668	5732
5734	5732
747	5734
5737	5734
3374	5737
583	5737
3124	5737
5742	5737
3123	5742
5743	5742
3122	5743
5744	5743
582	5744
579	5744
5741	5744
5660	5741
5736	5741
580	5736
5733	5736
581	5733
3127	584
3130	3127
3126	3127
3129	3126
3125	3126
3128	3125
585	3125
588	587
3134	588
589	3134
3135	590
5745	3135
5603	5745
3136	5745
592	3136
591	5745
3135	5745
3138	593
3137	593
594	3137
3143	596
598	3143
597	596
3146	599
5746	3146
5600	5746
3148	5746
601	3148
3147	5746
3146	5746
600	3146
3150	602
3157	3150
3149	3150
604	3149
603	3149
3160	605
3162	3160
3159	3160
3161	3159
606	3159
3166	608
3164	608
3165	3164
3163	3164
609	3163
3168	611
3169	3168
3167	3168
613	3167
612	3167
3175	614
3176	3175
3398	3176
616	3176
615	614
3182	617
5747	3182
619	5747
3183	5747
3181	5747
618	3181
3182	5747
3186	620
3187	3186
621	3186
3190	623
3188	623
3189	3188
624	3188
3192	626
3193	3192
3191	3192
628	3191
627	3191
3197	629
630	629
3198	632
633	3198
3199	635
3200	3199
637	3200
636	635
3204	638
3202	638
3203	3202
3201	3202
639	3201
3206	641
5748	3206
3213	5748
5749	5748
3212	5749
3207	5749
643	3207
642	5749
3205	5749
5748	5749
3206	5748
5752	5751
5751	644
5750	5751
3221	5750
646	3221
3220	5750
5752	5750
3219	5752
5753	5752
3218	5753
3215	5753
645	3215
3216	5753
5752	5753
5751	5752
3217	5751
644	5751
3225	647
3224	3225
3231	3224
3223	3224
3230	3223
3222	3223
649	3222
648	3222
5754	650
3238	5754
5755	5754
3237	5755
3234	5755
3236	3234
3233	3234
651	3233
3235	5755
5754	5755
650	5754
3241	653
3248	3241
3240	3241
3247	3240
3239	3240
3246	3239
654	3239
655	654
3253	656
5756	3253
3261	5756
3260	5756
5757	5756
3259	5757
5758	5757
658	5758
3254	5758
657	5758
3250	5758
5757	5758
3251	5757
5756	5757
3252	5756
3253	5756
3267	659
3266	659
663	3266
3265	3266
5661	3265
3264	3265
662	3264
3263	3264
3269	3263
660	3263
5762	5759
5763	5759
5763	5760
5765	5761
5765	5762
5766	5762
5766	5763
5768	5764
5768	5765
3268	664
5760	3268
5665	5760
5664	5760
5759	5760
5663	5759
5761	5759
5662	5761
5764	5761
670	5764
5767	5764
666	5767
3271	5767
5768	5767
665	5768
3270	5768
5765	5768
5766	5765
662	5766
5763	5766
5661	5763
663	5763
5760	5763
3268	5760
3272	667
3273	3272
668	3272
671	672
5665	671
3480	5665
5664	5665
674	5664
5663	5664
3276	5663
5662	5663
3275	5662
670	5662
673	670
3278	675
3494	3278
3277	3278
677	3277
676	3277
3279	678
680	3279
679	678
3283	681
3282	681
682	3282
3285	684
3284	684
685	3284
3289	687
3290	3289
688	3289
691	690
3298	693
3299	3298
3513	3299
3300	3299
3514	3300
695	3300
694	693
3303	696
3302	3303
3314	3302
3301	3302
698	3301
697	3301
3317	699
3546	3317
3316	3317
701	3316
700	3316
703	702
3322	703
704	3322
3323	705
3324	3323
707	3324
706	3323
3328	708
709	3328
710	709
3332	711
713	3332
712	3332
3341	714
3342	3341
716	3342
3339	714
3340	3339
715	3339
3345	717
5597	3345
3344	3345
719	3344
3343	3344
718	3343
3346	720
721	720
3350	723
724	3350
727	726
3351	727
728	3351
3354	729
3352	729
3353	3352
730	3352
5771	5769
5769	732
3579	5769
5770	5769
5772	5770
3580	5772
3362	5772
734	3362
3361	5772
5770	5772
5771	5770
733	5771
3359	5771
3360	5771
5769	5771
732	5769
5777	5774
5778	5774
5778	5775
5773	735
5777	5773
5776	5777
3382	5776
5779	5776
3381	5779
739	5779
737	739
5667	5779
5777	5779
5778	5777
5666	5778
5775	5778
738	5775
736	5775
3363	5775
5774	5775
3364	5774
5773	5774
735	5773
5776	5779
739	740
5780	739
742	5780
3368	5780
5667	5780
3367	5667
5666	5667
3366	5666
3365	5666
738	5666
741	738
739	5780
3373	743
3372	743
747	3372
3371	3372
5668	3371
3370	3371
746	3370
3375	3370
3369	3370
744	3369
3377	748
750	3377
749	748
3386	751
3385	3386
3391	3385
3384	3385
753	3384
752	3384
5781	754
756	5781
3396	5781
3393	5781
3395	3393
755	3393
3394	5781
754	5781
5782	757
3402	5782
3403	3402
3590	3403
759	3403
3401	5782
3400	5782
758	3400
757	5782
3406	760
3408	3406
3405	3406
3407	3405
3404	3405
761	3404
3414	763
3416	3414
765	3416
3413	3414
3415	3413
764	3413
3422	766
3423	3422
3421	3422
768	3421
767	3421
3426	769
3427	3426
3425	3426
770	3425
773	772
3433	773
3633	3433
3434	3433
774	3434
3436	775
5783	3436
3649	5783
5784	5783
3650	5784
3437	5784
777	3437
776	5784
5783	5784
3435	5783
3436	5783
3444	778
780	3444
779	3444
3447	781
3446	781
782	3446
785	784
788	787
789	788
3458	790
791	3458
794	793
3459	796
797	796
3460	799
800	3460
801	800
3462	802
3463	3462
803	3462
3466	805
3465	805
3464	805
806	3464
3468	808
3469	3468
3467	3468
809	3467
3470	811
5785	3470
3750	5785
3472	5785
813	3472
3471	5785
3470	5785
812	3470
5786	814
3761	5786
5788	5786
5787	5788
3762	5787
816	5787
3475	5787
5789	5787
815	5789
3473	5789
5788	5789
3474	5788
5786	5788
814	5786
5787	5789
3478	817
3476	817
3477	3476
818	3476
3481	820
3482	3481
3767	3482
3483	3482
3768	3483
822	3483
821	820
3486	823
5790	3486
825	5790
3488	5790
3485	5790
3484	3485
3487	3484
824	3484
3486	5790
3490	826
3489	3490
5591	3489
827	3489
828	827
830	829
3491	830
3495	3491
3492	3491
831	3492
3498	832
3500	3498
3497	3498
3499	3497
833	3497
834	833
3504	835
5791	3504
837	5791
3506	5791
3505	5791
3502	5791
836	3502
3503	5791
3504	5791
3511	838
3508	838
3510	3508
3507	3508
3509	3507
839	3507
3515	841
3516	3515
843	3516
842	841
5793	844
5671	5793
5588	5671
848	5671
846	848
5670	5793
5792	5793
5669	5792
3518	5792
3517	3518
847	3517
845	3517
844	5792
5793	5792
848	849
5671	848
851	5671
5670	5671
3521	5670
3520	5670
5669	5670
3519	5669
847	5669
850	847
3527	852
3524	852
3526	3524
3523	3524
3525	3523
3522	3523
853	3522
3530	855
3831	3530
3529	3530
3832	3529
3528	3529
857	3528
856	3528
859	858
3537	859
860	3537
5795	861
3540	5795
863	3540
3539	5795
5794	5795
862	5794
3538	5794
861	5794
5795	5794
3550	864
3551	3550
866	3551
865	3550
3556	867
3555	867
868	3555
871	870
874	873
877	876
3558	877
3853	3558
878	3558
3559	879
880	3559
881	880
883	882
3562	883
884	3562
3572	885
3573	3572
886	3572
3574	888
889	3574
892	891
3575	892
3582	3575
3576	3575
3581	3576
3577	3576
893	3577
3586	894
5796	3586
896	5796
3588	5796
3584	5796
3587	3584
895	3584
3585	5796
3586	5796
3594	897
3595	3594
899	3595
3592	897
3593	3592
898	3592
3603	900
5797	3603
902	5797
3605	5797
3604	5797
3601	5797
901	3601
3602	5797
3603	5797
5798	903
3609	5798
905	3609
3608	5798
3606	5798
904	3606
3607	5798
903	5798
3611	906
3610	3611
3614	3610
907	3610
908	907
3617	909
3619	3617
3616	3617
3618	3616
910	3616
3621	912
3620	3621
5799	3620
3625	5799
5800	5799
3624	5800
3622	5800
914	3622
913	5800
5799	5800
3620	5799
5801	915
5802	5801
917	5802
3631	5802
3627	5802
3630	3627
916	3627
3628	5802
5801	5802
3629	5801
915	5801
3638	918
5803	3638
3948	5803
3640	5803
920	3640
3639	5803
919	5803
3638	5803
3642	921
5804	3642
3986	5804
3643	5804
923	3643
922	5804
3641	5804
3642	5804
3644	924
3646	3644
3651	3646
3647	3646
926	3647
3645	3644
925	3644
3654	927
3656	3654
3653	3654
3655	3653
928	3653
3658	930
3657	3658
932	3657
931	3657
934	933
3661	936
3662	3661
938	3662
937	936
5805	939
3670	5805
941	3670
5806	5805
3669	5806
3667	5806
940	3667
3668	5806
5805	5806
939	5805
5810	5808
5811	5808
3672	942
5807	3672
5672	5807
5810	5807
5673	5810
5811	5810
5809	5811
5674	5809
1162	5809
3674	5809
944	3674
3673	5809
5811	5809
943	5811
5808	5811
3671	5808
5807	5808
3672	5807
3680	945
5584	3680
3679	3680
5585	3679
946	3679
3681	946
947	3681
3688	948
949	3688
3689	949
5581	3689
3690	3689
5580	3690
950	3690
5812	951
3695	5812
953	3695
3694	5812
3691	5812
3693	3691
952	3691
3692	5812
951	5812
3698	954
3697	3698
3707	3697
3696	3697
956	3696
955	3696
3714	957
5813	3714
4045	5813
4046	5813
5814	5813
959	5814
3715	5814
958	5814
3713	5814
5813	5814
3714	5813
3716	960
961	3716
964	963
967	966
968	967
970	969
971	970
3726	972
973	3726
3729	975
3728	975
976	3728
3730	978
979	3730
980	979
3735	981
3736	3735
4081	3736
983	3736
982	981
3738	984
3740	3738
3737	3738
3739	3737
985	3737
3744	987
3742	987
3743	3742
3741	3742
988	3741
3746	990
3747	3746
3745	3746
992	3745
991	3745
994	993
997	996
3753	997
998	3753
3754	999
1000	3754
1001	1000
1003	1002
3757	1003
3764	3757
3758	3757
3763	3758
3759	3758
1004	3759
3770	1005
1007	3770
1006	3770
3771	1008
1010	3771
1009	1008
3776	1011
1013	3776
3775	1011
3774	1011
1012	3774
3778	1014
3779	3778
3777	3778
1015	3777
3781	1017
3780	1017
1018	3780
3782	1020
3795	3782
1021	3782
3794	1021
3783	1021
1022	3783
3799	1023
1025	3799
3798	3799
3800	3798
3797	3798
1024	3797
3801	1026
4125	3801
1027	3801
1028	1027
3802	1029
3803	3802
4135	3803
3804	3803
1031	3804
1030	1029
3807	1032
3806	3807
3815	3806
3805	3806
3814	3805
1033	3805
1034	1033
3819	1035
4147	3819
3818	3819
5815	3818
1037	5815
3820	5815
3817	5815
1036	3817
3818	5815
5816	1038
3825	5816
1040	3825
3824	5816
1039	3824
1038	5816
3829	1041
1043	3829
3828	1041
3826	1041
3827	3826
1042	3826
3835	1044
3834	1044
1045	3834
3837	1047
3836	1047
1048	3836
3841	1050
3842	3841
1051	3841
5817	1053
3846	5817
4165	3846
3847	3846
1055	3847
1054	5817
1053	5817
3849	1056
3851	3849
3848	3849
3850	3848
1057	3848
3858	1059
1061	3858
1060	1059
3859	1062
3860	3859
1063	3859
3861	1065
3862	3861
1067	3862
1066	3861
5818	1068
3864	5818
1070	3864
1069	5818
3863	5818
1068	5818
3867	1071
3868	3867
1073	3868
1072	3867
3874	1074
1075	3874
3877	1077
1078	1077
3881	1080
1081	3881
1084	1083
1085	1084
1087	1086
3886	1087
1088	3886
3889	1089
3887	1089
3888	3887
1090	3887
3895	1092
3896	3895
1094	3896
3894	3895
1093	3894
3900	1095
3899	1095
1096	3899
3901	1098
5820	3901
5819	5820
3904	5819
1100	5819
3902	5819
5820	5819
1099	5820
3901	5820
5821	1101
3910	5821
1103	3910
3909	5821
3908	5821
3906	5821
1102	3906
3907	5821
1101	5821
5822	1104
1106	5822
3920	5822
5823	5822
3919	5823
3916	5823
1105	3916
3917	5823
5822	5823
3918	5822
1104	5822
3922	1107
5824	3922
1109	5824
3924	5824
3923	5824
3921	5824
1108	3921
3922	5824
3926	1110
3925	3926
3931	3925
1111	3925
1112	1111
3934	1113
3936	3934
3933	3934
3935	3933
1114	3933
3942	1116
5825	3942
1118	5825
3943	5825
3941	5825
1117	3941
3942	5825
3946	1119
3944	1119
3945	3944
1120	3944
3949	1122
1124	3949
1123	1122
3950	1125
3951	3950
4284	3951
3952	3951
1127	3952
1126	3950
3962	1128
3964	3962
3961	3962
3963	3961
1129	3961
3966	1131
3965	3966
4318	3965
1132	3965
1133	1132
3967	1134
1135	1134
5828	5827
5826	1137
5828	5826
5690	5828
5829	5828
2241	5829
3971	5829
1139	3971
3970	5829
3969	5829
5828	5829
5827	5828
1138	5827
3968	5827
5826	5827
1137	5826
3974	1140
3976	3974
3973	3974
3975	3973
3972	3973
1141	3972
1144	1143
1147	1146
1148	1147
3995	1149
3994	1149
1150	3994
3997	1152
3998	3997
5436	3998
3999	3998
5437	3999
1154	3999
1153	1152
4002	1155
4001	4002
1157	4001
4004	4001
4000	4001
4003	4000
1156	4000
5834	5831
5833	1158
5834	5833
4008	5834
5832	5834
4007	5832
1162	5832
1160	1162
5674	5832
5673	5832
5834	5832
5831	5834
5672	5831
5830	5831
1161	5830
4005	5830
1159	4005
4006	5830
5831	5830
5833	5831
1158	5833
5838	5837
5837	1163
1167	5837
1165	1167
5836	5837
5675	5836
5838	5836
4011	5838
5835	4011
1166	5835
1164	5835
4010	5835
4011	5835
4012	5838
5837	5838
1163	5837
1167	1168
5465	1167
5675	1167
5466	5675
1166	5675
1170	1166
1169	1166
4013	1171
1172	1171
4017	1174
1175	4017
4020	1177
1178	1177
4027	1180
1181	1180
4031	1183
4032	4031
1185	4032
1184	4031
4034	1186
4033	1186
1187	4033
4038	1189
4039	4038
1190	4038
4043	1192
4042	1192
4040	1192
4041	4040
1193	4040
1196	1195
1199	1198
1200	1199
1202	1201
1203	1202
4066	1204
4067	4066
1206	4067
1205	4066
4070	1207
4071	4070
1209	4071
1208	4070
4076	1210
4075	1210
1211	4075
4079	1213
4077	1213
4078	4077
1214	4077
1217	1216
1220	1219
4086	1220
1221	4086
4088	1222
4087	1222
1223	4087
4096	1225
1227	4096
1226	1225
4097	1228
1230	4097
1229	4097
4106	1231
1232	4106
1235	1234
4109	1235
1236	4109
4110	1237
4111	4110
1238	4110
4112	1240
1242	4112
1241	4112
1244	1243
1247	1246
4122	1249
4123	4122
1251	4123
1250	1249
4127	1252
2236	4127
5839	4127
5689	5839
2235	5839
4128	5839
4129	4128
1254	4129
1253	5839
4127	5839
5840	1255
4133	5840
1257	4133
4132	5840
4130	5840
1256	4130
4131	5840
1255	5840
4137	1258
1260	4137
1259	4137
4144	1261
4145	4144
4148	4145
1263	4145
1262	1261
4151	1264
5841	4151
4344	5841
4152	5841
1266	4152
4150	5841
1265	4150
4151	5841
4153	1267
4154	4153
1268	4153
5842	1270
4157	5842
1272	4157
4156	5842
4155	5842
1271	4155
1270	5842
4159	1273
5843	4159
4162	5843
5844	5843
4160	5844
1275	4160
1274	5844
4158	5844
5843	5844
4159	5843
4168	1276
4167	1276
1277	4167
4169	1279
4170	4169
1280	4169
4172	1282
4171	1282
1283	4171
4174	1285
4173	1285
1286	4173
1289	1288
1292	1291
1295	1294
4178	1295
1296	4178
4181	1297
4182	4181
1298	4181
1299	1298
4185	1300
4186	4185
4184	4185
1301	4184
4188	1303
1305	4188
1304	1303
4189	1306
4379	4189
1307	4189
1308	1307
1310	1309
4192	1310
1311	4192
4202	1312
4203	4202
1313	4202
4206	1315
4205	1315
4204	1315
1316	4204
4208	1318
4207	4208
1320	4207
1319	4207
4213	1321
1322	1321
4217	1324
1325	4217
4218	1327
4219	4218
4403	4219
1329	4219
1328	1327
4221	1330
4223	4221
4220	4221
4222	4220
1331	4220
5845	1333
4228	5845
1335	4228
4227	5845
4226	5845
4224	5845
1334	4224
4225	5845
1333	5845
4236	1336
4239	4236
4235	4236
4238	4235
4234	4235
4237	4234
1337	4234
4243	1339
4242	1339
1343	4242
5676	4242
4241	4242
1342	4241
4245	4241
4240	4241
1340	4240
5848	5846
4244	1344
5846	4244
4250	5846
4249	5846
5847	5846
1346	5847
4247	5847
4246	5847
1345	4246
1342	5847
5848	5847
5676	5848
1343	5848
4244	5848
5846	5848
5851	5849
5852	5849
4254	1347
5850	4254
4257	5850
5851	5850
1349	5851
4255	5851
5852	5851
1348	5852
4252	5852
5849	5852
4253	5849
5850	5849
4254	5850
4260	1350
4262	4260
4259	4260
4261	4259
1351	4259
1352	1351
5855	5853
5854	5853
4266	1353
5855	4266
4453	5855
5853	5855
4454	5853
1355	5853
4268	5853
5856	5853
4267	5856
4264	5856
1354	4264
5854	5856
4265	5854
4266	5854
5855	5854
4270	1356
4272	4270
4269	4270
4271	4269
1357	4269
4278	1359
4279	4278
4277	4278
1360	4277
4282	1362
4280	1362
4281	4280
1363	4280
1366	1365
1369	1368
1370	1369
1372	1371
4291	1372
4478	4291
4292	4291
1373	4292
4294	1374
5857	4294
1376	5857
4296	5857
5858	5857
4295	5858
4293	5858
1375	4293
4294	5858
5857	5858
4298	1377
4297	4298
4301	4297
1378	4297
1379	1378
4308	1380
4307	4308
4512	4307
4309	4307
1382	4309
1381	4307
5859	1383
4319	5859
4312	5859
1385	4312
4311	5859
4310	5859
1384	4310
1383	5859
4322	1386
4321	4322
4525	4321
1387	4321
4526	1387
1388	1387
1390	1389
1393	1392
4325	1395
1396	1395
1399	1398
1402	1401
1405	1404
1406	1405
1408	1407
4341	1408
4345	4341
4342	4341
1409	4342
4348	1410
4347	4348
4349	4347
1411	4347
1412	1411
4352	1413
4354	4352
1415	4354
4351	4352
4353	4351
1414	4351
4356	1416
5860	4356
4366	5860
4358	5860
1418	4358
4357	5860
4355	5860
1417	4355
4356	5860
4360	1419
4359	4360
1421	4359
1420	4359
4369	1422
4541	4369
4368	4369
1424	4368
1423	4368
1426	1425
4376	1426
4380	4376
4377	4376
1427	4377
5861	1428
4385	5861
1430	4385
5862	5861
4384	5862
4382	5862
1429	4382
4383	5862
5861	5862
1428	5861
4387	1431
4388	4387
1433	4388
4386	4387
1432	4386
4397	1434
1435	4397
4400	1437
4401	4400
1439	4401
1438	1437
4405	1440
1442	4405
1441	4405
4408	1443
1445	4408
1444	1443
4412	1446
1448	4412
1447	4412
4416	1449
4417	4416
1451	4417
1450	4416
4421	1452
1453	4421
4424	1455
1456	1455
4428	1458
1459	4428
4429	1461
4430	4429
4592	4430
1463	4430
1462	1461
5863	1464
4433	5863
1466	4433
1468	5863
5677	5863
5864	5863
1467	5864
4435	5864
4431	5864
1465	4431
4432	5864
5863	5864
1464	5863
4434	1469
4439	4434
1468	4434
4438	1468
5677	1468
1467	5677
4436	1467
4437	4436
1470	4436
4445	1472
4442	1472
4444	4442
4441	4442
4443	4441
4440	4441
1473	4440
5867	5865
5868	5865
5870	5866
5870	5867
5871	5867
5871	1475
5868	5871
4455	5868
1477	5868
5865	5868
4451	5865
4450	5865
5866	5865
4449	5866
5869	5866
4446	5869
1476	4446
4447	5869
5870	5869
4448	5870
5871	5870
1475	5871
5867	5871
4458	1478
4457	4458
4459	4457
1479	4457
1480	1479
4462	1481
4461	4462
4642	4461
1482	4461
1483	1482
1485	1484
4463	1485
1486	4463
4466	1487
4467	4466
1488	4466
5873	1490
5872	5873
4650	5872
4471	5872
1492	4471
4470	5872
5873	5872
4469	5873
4468	5873
1491	4468
1490	5873
4474	1493
4476	4474
4473	4474
4475	4473
4472	4473
1494	4472
1497	1496
4479	1497
4669	4479
4480	4479
1498	4480
4482	1499
4484	4482
4481	4482
4483	4481
1500	4481
4488	1502
4486	1502
4487	4486
4485	4486
1503	4485
5876	5874
4490	1505
5876	4490
4494	5876
5874	5876
4493	5874
4491	5874
1507	4491
5875	5874
1506	5875
4489	5875
5876	5875
4490	5876
4498	1508
4501	4498
4497	4498
4500	4497
4496	4497
4499	4496
1509	4496
4504	1511
4503	4504
4699	4503
4502	4503
4700	4502
1512	4502
1513	1512
4507	1514
1515	1514
4508	1517
1518	4508
4509	1520
4510	4509
1522	4510
1521	1520
4515	1523
4514	1523
1524	4514
4516	1526
1528	4516
1527	4516
4517	1529
4518	4517
4725	4518
1531	4518
1530	1529
4523	1532
4522	1532
4520	1532
4521	4520
4519	4520
1533	4519
1536	1535
4529	1538
1539	1538
4531	1541
4530	1541
1542	4530
4535	1544
4536	4535
1545	4535
4539	1547
1549	4539
4538	1547
4537	1547
1548	4537
4544	1550
4543	1550
1551	4543
4545	1553
4546	4545
1554	4545
4548	1556
4547	1556
1557	4547
4550	1559
4549	1559
1560	4549
4551	1562
4552	4551
1563	4551
4553	1565
4554	4553
1567	4554
1566	4553
4558	1568
4557	1568
1569	4557
4559	1571
4560	4559
1572	4559
4562	1574
4561	1574
1575	4561
1578	1577
1581	1580
1584	1583
4566	1584
4743	4566
1585	4566
4567	1586
1588	4567
1587	4567
1590	1589
4568	1590
1591	4568
4571	1592
4572	4571
1594	4572
1593	4571
4574	1595
4573	1595
1596	4573
4575	1598
4576	4575
1600	4576
1599	4575
4581	1601
4580	1601
1602	4580
4583	1604
4582	1604
1605	4582
4584	1607
4585	4584
1608	4584
1609	1608
4588	1610
4590	4588
4587	4588
4589	4587
1611	4587
1614	1613
4593	1614
1615	4593
4599	1616
4600	4599
1617	4599
4604	1619
4605	4604
1621	4605
1620	4604
4611	1622
4612	4611
1624	4612
4609	1622
4610	4609
1623	4609
4615	1625
5398	4615
4614	4615
1627	4614
4613	4614
1626	4613
4616	1628
1629	1628
4620	1631
1632	4620
4621	1634
4622	4621
5395	4622
1636	4622
1635	1634
5877	1637
4625	5877
1639	4625
1641	5877
5678	5877
1640	5877
4624	5877
4627	4624
4623	4624
1638	4623
1637	5877
4626	1642
4631	4626
1641	4626
4630	1641
5678	1641
1640	5678
4629	1640
4628	1640
1643	4628
4634	1645
4636	4634
4633	4634
4635	4633
4632	4633
1646	4632
5882	5879
5882	5880
5883	5880
5883	1648
5880	5883
5679	5880
5879	5880
5878	5879
1651	5878
1650	5878
4640	5878
5879	5878
4639	5879
5881	5879
1649	5881
4637	5881
5882	5881
4638	5882
5883	5882
1648	5883
5886	1653
5684	5886
1657	5684
1655	1657
5683	5886
5885	5886
5682	5885
5884	5885
5681	5884
5679	5884
1651	5679
5680	1651
1656	1651
1654	1651
1652	5884
5885	5884
5886	5885
1653	5886
1657	1658
5684	1657
4652	5684
5683	5684
4651	5683
5682	5683
1660	5682
5681	5682
4644	5681
5680	5681
4643	5680
1656	5680
1659	1656
4646	1661
4647	4646
4645	4646
1663	4645
1662	4645
5890	5888
5891	5888
5892	5888
5892	5889
5893	5891
5893	1664
5891	5893
4845	5891
5892	5891
4846	5892
5889	5892
1666	5889
4663	5889
4662	5889
5888	5889
5887	5888
1665	5887
4659	5887
5890	5887
4660	5890
4661	5890
5893	5890
1664	5893
4667	1667
4665	1667
4666	4665
4664	4665
1668	4664
4672	1670
4673	4672
4852	4673
4674	4673
1672	4674
1671	1670
4677	1673
4676	4677
4884	4676
4675	4676
4885	4675
1674	4675
1675	1674
1677	1676
4678	1677
1678	4678
4679	1679
1680	4679
1683	1682
1686	1685
4684	1686
1687	4684
4685	1688
1689	4685
1690	1689
4692	1691
5894	4692
4923	5894
4693	5894
1693	4693
1692	5894
4692	5894
5896	1694
4702	5896
5895	5896
4701	5895
4697	5895
1696	4697
4696	5895
4695	5895
5896	5895
4694	5896
1695	4694
1694	5896
4706	1697
4705	4706
4931	4705
4704	4705
1699	4704
1698	4704
1701	1700
1702	1701
1704	1703
1707	1706
4709	1709
1710	1709
4711	1712
4710	1712
1713	4710
4715	1715
5897	4715
4975	5897
4717	5897
1717	4717
4716	5897
4715	5897
1716	4715
4719	1718
4720	4719
4718	4719
1719	4718
1722	1721
4722	1722
4726	4722
4723	4722
1723	4723
4729	1724
4728	4729
4730	4728
1725	4728
1726	1725
4737	1727
5393	4737
4736	4737
5394	4736
1728	4736
1729	1728
1731	1730
4740	1733
4741	4740
1735	4741
1734	1733
4745	1736
5899	4745
5390	5899
4747	5899
5389	4747
1738	4747
5898	5899
4746	5898
1737	5898
4745	5898
5899	5898
4749	1739
1741	4749
4748	4749
1740	4748
1743	1742
4756	1745
1746	1745
4757	1748
1749	4757
4758	1751
1752	1751
4760	1754
4759	1754
1755	4759
4764	1757
4765	4764
1758	4764
1761	1760
1764	1763
1767	1766
4775	1767
4993	4775
1768	4775
4776	1769
1771	4776
4777	4776
1770	4776
4782	1772
1774	4782
4781	1772
1773	4781
4783	1775
4784	4783
1777	4784
1776	4783
4787	1778
4788	4787
1780	4788
1779	4787
4790	1781
4789	1781
1782	4789
4791	1784
4792	4791
1785	4791
4794	1787
4793	1787
1788	4793
4796	1790
4795	1790
1791	4795
4800	1793
1795	4800
1794	1793
4806	1796
5900	4806
4807	5900
1798	4807
1797	5900
4806	5900
4813	1799
4814	4813
1801	4814
4811	1799
4812	4811
1800	4811
4817	1802
4816	4817
5381	4816
4815	4816
1804	4815
1803	4815
4818	1805
1806	1805
4822	1808
1809	4822
1812	1811
1813	1812
4827	1814
4828	4827
5378	4828
1816	4828
1815	1814
4830	1817
4832	4830
4829	4830
4831	4829
1818	4829
4837	1820
4834	1820
4836	4834
4833	4834
4835	4833
1821	4833
5904	5901
5905	5901
5905	5902
5905	1823
5902	5905
1825	5902
4843	5902
5901	5902
4842	5901
5903	5901
4841	5903
4838	5903
1824	4838
4839	5903
5904	5903
4840	5904
5905	5904
1823	5905
5906	1826
4850	5906
1828	4850
4849	5906
4848	5906
1827	4848
1826	5906
4854	1829
1830	4854
4857	1832
1833	1832
4861	1835
1836	4861
1839	1838
4862	1839
5061	4862
4863	4862
1840	4863
4865	1841
4867	4865
4864	4865
4866	4864
1842	4864
1848	1844
1846	1848
5685	1844
4869	1844
1847	4869
4868	4869
1845	4868
1848	1849
4872	1848
5685	1848
4871	5685
1847	5685
4870	1847
1850	1847
4875	1852
4877	4875
4874	4875
4876	4874
4873	4874
1853	4873
5910	5908
5911	5910
5912	5910
4879	1855
5912	4879
5910	5912
4887	5910
5908	5910
4886	5908
5907	5908
1857	5907
4882	5907
4881	5907
5909	5907
4880	5909
5911	5909
1856	5911
4878	5911
5912	5911
4879	5912
5908	5907
5916	1858
1862	5916
1860	1862
5688	5916
5915	5916
5687	5915
5914	5915
5686	5914
5913	5914
1861	5913
4889	5913
1859	4889
5914	5913
4890	5914
4891	5914
5915	5914
5916	5915
1858	5916
1862	1863
5688	1862
5116	5688
5687	5688
1865	5687
5686	5687
4892	5686
1861	5686
1864	1861
4893	1866
4896	4893
4894	4893
1868	4894
1867	4893
4903	1869
4904	4903
4902	4903
1870	4902
4906	1872
4905	1872
1873	4905
1876	1875
1879	1878
4918	1881
1882	1881
4920	1884
4921	4920
1886	4921
4919	1884
1885	4919
4925	1887
5146	4925
1888	4925
1889	1888
1891	1890
4928	1891
4932	4928
4929	4928
1892	4929
4937	1893
4935	1893
4936	4935
4934	4935
1894	4934
4939	1896
4938	4939
5178	4938
1897	4938
1898	1897
4940	1899
1900	1899
1903	1902
1906	1905
1907	1906
1909	1908
1912	1911
1915	1914
4958	1915
1916	4958
4959	1917
4960	4959
1919	4960
1918	4959
4961	1920
4968	4961
1921	4961
1922	1921
4977	1923
4978	4977
1924	4977
4981	1926
4982	4981
1927	4981
1928	1927
4985	1929
4984	4985
5203	4984
1930	4984
1931	1930
1933	1932
4986	1935
4987	4986
5211	4987
1937	4987
1936	1935
4989	1938
4991	4989
4988	4989
4990	4988
1939	4988
4998	1941
1943	4998
1942	1941
4999	1944
5000	4999
1945	4999
5003	1947
1949	5003
1948	5003
1951	1950
1954	1953
1957	1956
5006	1957
1958	5006
5007	1959
1961	5007
1960	5007
5010	1962
1964	5010
1963	1962
5013	1965
5014	5013
1967	5014
1966	5013
5015	1968
5016	5015
1970	5016
1969	5015
5018	1971
5017	1971
1972	5017
5020	1974
5019	1974
1975	5019
1978	1977
1981	1980
5028	1983
1985	5028
1984	1983
5029	1986
5260	5029
1987	5029
1988	1987
1990	1989
5032	1990
1991	5032
5042	1992
5043	5042
1993	5042
5044	1995
1996	5044
5046	1998
5917	5046
2000	5917
5047	5917
1999	5917
5046	5917
5053	2001
5054	5053
2003	5054
5052	2001
5051	2001
2002	5051
5057	2004
5056	5057
5058	5056
5055	5056
2006	5055
2005	5055
5063	2007
2009	5063
2008	5063
5066	2010
2012	5066
2011	2010
5067	2013
2015	5067
2014	5067
5078	2016
5077	2016
2017	5077
5079	2019
2021	5079
2020	5079
5086	2022
2023	2022
5090	2025
2026	5090
2029	2028
2030	2029
5918	2031
5101	5918
5119	5101
5102	5101
2033	5102
2032	5918
2031	5918
5106	2034
5104	2034
5105	5104
5103	5104
2035	5103
5108	2037
5110	5108
5107	5108
5109	5107
2038	5107
5122	2040
5306	5122
5121	5122
2042	5121
2041	5121
5129	2043
2044	2043
5130	2046
2047	5130
2050	2049
2053	2052
2056	2055
5141	2058
2059	2058
5142	2061
5919	5142
5147	5919
5144	5919
2063	5144
5143	5919
5142	5919
2062	5142
5150	2064
5149	5150
5354	5149
5151	5149
2066	5151
2065	5149
5152	2067
2068	5152
2069	2068
5160	2070
5161	5160
2071	5160
5164	2073
5163	2073
5162	2073
2074	5162
5922	5921
5922	2076
5921	5922
5366	5921
5168	5921
2078	5168
5167	5921
5920	5921
2077	5920
5165	5920
5922	5920
5166	5922
2076	5922
5176	2079
5174	2079
5923	5174
5175	5923
5173	5923
2080	5173
5174	5923
5179	2082
2083	2082
5180	2085
2086	5180
2087	2086
5182	2088
5183	5182
2089	5182
5186	2091
5184	2091
5185	5184
2092	5184
5188	2094
5189	5188
5187	5188
2095	5187
5924	2097
5925	5924
5204	5925
5192	5925
2099	5192
5191	5925
5924	5925
5190	5924
2098	5190
2097	5924
5194	2100
5193	5194
5926	5193
5200	5926
2102	5926
5195	5926
2101	5926
5193	5926
5209	2103
5207	2103
5208	5207
5206	5207
2104	5206
5212	2106
2107	2106
5213	2109
2110	5213
5214	2112
2113	2112
2116	2115
5216	2118
5217	5216
5359	5217
2120	5217
2119	2118
5219	2121
5220	5219
5218	5219
2122	5218
5226	2124
2126	5226
2125	2124
5227	2127
5228	5227
2128	5227
5231	2130
2132	5231
2131	5231
5235	2133
2134	5235
2137	2136
5236	2139
2141	5236
2140	2139
5244	2142
5242	2142
5243	5242
2143	5242
5246	2145
5927	5246
5347	5927
5248	5927
2147	5248
5247	5927
5245	5927
2146	5245
5246	5927
5250	2148
5324	5250
5249	5250
2150	5249
2149	5249
2152	2151
5257	2152
5261	5257
5258	5257
2153	5258
5264	2154
5265	5264
2156	5265
5263	5264
2155	5263
5268	2157
5269	5268
2159	5269
2158	5268
5271	2160
5270	2160
2161	5270
5272	2163
5273	5272
2164	5272
5275	2166
5274	2166
2167	5274
2170	2169
2173	2172
2176	2175
5285	2178
5286	5285
2180	5286
2179	2178
5288	2181
5287	5288
5299	5287
5289	5287
2183	5289
2182	5287
5290	2184
2185	5290
2186	2185
5308	2187
2188	5308
2191	2190
5311	2193
2194	2193
5312	2196
2197	5312
2198	2197
5318	2199
5319	5318
2200	5318
5322	2202
2204	5322
5321	2202
5320	2202
2203	5320
5327	2205
5326	2205
2206	5326
5328	2208
5329	5328
2209	5328
5331	2211
5330	2211
2212	5330
5333	2214
5332	2214
2215	5332
5334	2217
5335	5334
2218	5334
2221	2220
5352	2223
5350	2223
5351	5350
5349	5350
2224	5349
5357	2226
2227	2226
5358	2229
2230	5358
5364	2232
5362	2232
5363	5362
5361	5362
2233	5361
5420	2237
2241	5420
2236	5420
5690	2236
5689	2236
2235	5689
2240	2235
2238	2235
2243	2242
5427	2245
5428	5427
5438	5428
5429	5428
2247	5429
2246	2245
5441	2248
5928	5441
2250	5928
5442	5928
5440	5928
2249	5440
5441	5928
5443	2251
2252	5443
5446	2254
2255	2254
5450	2257
2258	5450
2261	2260
5451	2261
5565	5451
5452	5451
2262	5452
5456	2263
5457	5456
2265	5457
5929	2263
5455	5929
5453	5929
2264	5453
5454	5929
2263	5929
5460	2266
5463	5460
5459	5460
5462	5459
5458	5459
5461	5458
2267	5458
5468	2269
5469	5468
2270	5468
5477	2272
5478	5477
5557	5478
5479	5478
5556	5479
2274	5479
2273	2272
5482	2275
5481	5482
2277	5481
5483	5481
5480	5481
2276	5480
5489	2278
5490	5489
2280	5490
2279	5489
5492	2281
5491	2281
2282	5491
5503	2284
2285	5503
2286	2285
2288	2287
5506	2288
2289	5506
5507	2290
2292	5507
2291	5507
2294	2293
5508	2296
2298	5508
2297	2296
5509	2299
5510	5509
2301	5510
2300	5509
5520	2302
5519	2302
2303	5519
2306	2305
2309	2308
2310	2309
5532	2311
2312	2311
5533	2314
2316	5533
2315	5533
2318	2317
5536	2318
2319	5536
5930	2320
5540	5930
2322	5540
5539	5930
2321	5539
2320	5930
2324	2323
2325	2324
5545	2326
2327	5545
2328	2327
5548	2329
5547	2329
2330	5547
5550	2332
2334	5550
2333	2332
5561	2335
5560	5561
5562	5560
5559	5560
2337	5559
2336	5559
5594	2338
5595	5594
2340	5595
2339	2338
5615	2341
5931	5615
5618	5931
5616	5931
2343	5616
2342	5931
5615	5931
5631	2344
2345	5631
2346	2345
5637	2347
5638	5637
2348	5637
5935	5934
5935	5932
5936	5935
5942	5941
5942	5934
5943	5942
5943	5935
5943	5936
5944	5943
5944	5937
5945	5939
5945	5940
5945	5941
5945	5942
5945	5943
5945	5944
2375	5939
5938	2375
19	2375
16	19
5937	16
2370	16
5936	2370
5933	2370
2367	2370
13	2367
5932	13
10	13
7	10
5934	7
2360	7
5941	2360
4	2360
5940	4
2355	4
5939	2355
0	2355
2375	0
5949	5946
5644	5949
2419	5644
55	2419
52	55
5946	52
2417	52
2415	2417
5949	2415
5948	2415
2357	5948
3	2357
5644	3
1	5948
44	5948
2415	5948
49	2417
46	49
2421	5644
5642	5644
2423	5642
5640	5642
58	5640
61	5640
8	5640
9	8
64	9
2362	5
5950	2362
5643	5950
5641	5950
6	5950
2362	5950
11	67
65	67
79	82
2372	79
2446	79
2369	2446
76	2446
73	76
14	73
70	73
68	70
83	21
17	83
5954	5951
5953	5955
5954	5953
5956	5953
5957	5956
5958	5955
5956	5955
5959	5956
5960	5958
5959	5958
2377	5960
2	2377
43	2
5957	43
2409	43
5954	2409
40	2409
5952	40
37	40
34	37
5951	34
28	34
2388	28
5955	2388
25	2388
5958	25
2381	25
5960	2381
20	2381
2377	20
22	2381
31	34
2483	118
109	2483
5961	109
24	5961
5962	5961
2384	5962
2471	5962
100	2471
23	100
2466	100
81	2466
80	2466
2463	2466
85	2463
97	2463
88	97
94	97
91	94
103	5962
106	5962
5961	5962
109	5961
112	2483
115	118
2492	119
2390	2492
26	2492
29	127
121	124
29	121
117	121
116	121
5964	2345
2519	5964
2517	2519
5963	2517
5634	5963
130	5963
2515	130
33	2515
128	2515
32	128
133	5963
2517	5963
2521	5964
136	5964
48	5964
47	5964
2345	5964
5965	2348
35	5965
5635	5965
5633	5965
2348	5965
2346	2348
38	2349
5966	45
42	5966
2411	5966
2347	5966
41	2347
2344	5966
45	5966
2418	139
137	139
50	137
5968	145
54	5968
5967	5968
53	5967
140	5967
142	5967
5968	5967
145	5968
5969	151
5970	5969
2535	5970
5971	5970
2424	5971
57	2424
2422	5971
2420	5971
2530	5971
56	2530
5970	5971
5969	5970
146	5969
148	5969
151	5969
59	157
154	157
2536	154
2537	154
2534	2537
152	2537
5972	66
62	5972
160	5972
158	160
163	5972
166	5972
69	5972
66	5972
167	169
72	167
71	167
5975	187
74	5975
2544	5975
5974	5975
170	5974
5973	5974
172	5973
178	5973
175	178
181	5973
5974	5973
184	5974
5975	5974
187	5975
2561	84
2448	2561
188	2561
77	188
193	196
5976	193
86	5976
2562	5976
186	5976
185	5976
190	5976
193	5976
89	197
5980	5979
5980	5977
205	5980
2582	205
202	2582
2577	202
5977	2577
2575	2577
5979	2575
194	2575
195	194
93	195
208	93
5980	208
205	208
92	195
199	202
5985	5981
5986	5985
5990	5983
5991	5990
5994	5993
5994	5985
5994	5986
5995	5994
5995	5987
5995	5988
5995	5989
5990	5989
5996	5990
5996	5991
5996	5992
5996	5993
5996	5994
5996	5995
5626	5985
5623	5626
5992	5623
101	5623
5991	101
2473	101
5984	2473
102	2473
217	102
5983	217
2602	217
5989	2602
214	2602
5988	214
2599	214
5987	2599
211	2599
5986	211
2595	211
5982	2595
209	2595
5981	209
95	209
96	95
5626	96
5985	5626
2465	98
5997	2465
5625	5997
2468	5997
99	2468
2465	5997
104	218
6001	5998
6000	6002
6001	6000
6004	6000
6006	6002
6003	6006
6004	6003
6007	6003
6008	6007
6010	6009
6010	6005
6010	6006
6007	6006
2604	6010
216	2604
6008	216
107	216
6004	107
108	107
6001	108
2621	108
5999	2621
234	2621
231	234
5998	231
228	231
6002	228
223	228
6005	223
6006	6005
6009	223
220	223
215	220
2604	215
6010	2604
2623	237
110	2623
235	237
2643	120
2641	2643
2486	2641
2639	2641
113	2639
2637	2639
238	2637
243	2637
240	243
246	120
249	120
250	252
122	250
255	129
253	255
125	253
126	125
2667	267
6012	2667
132	6012
6013	6012
131	6013
258	6013
256	258
6011	6013
261	6011
2665	6011
6012	6011
2667	6012
6013	6011
264	267
6016	6015
6018	6017
6018	6015
2678	6018
2676	2678
6014	2676
2674	2676
134	2674
2518	134
6015	2518
2520	2518
6017	2520
2522	2520
6018	2522
6019	2522
2680	6019
2678	2680
141	6019
138	6019
135	6019
2522	6019
268	2676
6022	6021
6023	6021
144	6023
147	144
273	147
2687	273
6020	2687
270	2687
265	270
2677	265
2679	2677
6021	2679
2681	2679
6023	2681
143	2681
144	143
266	265
279	153
6025	279
150	6025
6024	6025
149	6024
274	6024
276	6024
2694	6024
6025	6024
279	6025
6026	159
155	6026
280	6026
282	6026
2698	6026
285	2698
159	6026
2702	286
291	294
2704	291
162	2704
2702	2704
2699	2702
161	2699
286	2702
297	168
2707	297
164	2707
295	297
171	168
306	300
6030	6029
6030	6027
174	6030
2720	174
2718	2720
6027	2718
2716	2718
2714	2716
6029	2714
2712	2714
298	2712
173	298
6030	173
174	173
306	174
300	306
314	307
2739	323
176	2739
307	2739
317	2739
314	317
320	2739
324	329
179	324
326	329
182	189
330	189
6034	6033
6034	6031
2578	6034
338	2578
335	338
6031	335
332	335
327	332
328	327
6033	328
191	328
2576	191
6034	2576
2578	2576
192	191
341	2578
198	2578
2773	356
353	2773
350	353
344	350
2763	344
201	2763
200	2763
342	2763
347	350
6035	362
2584	6035
203	6035
2776	6035
357	6035
359	6035
362	6035
363	210
206	363
207	206
365	210
368	210
371	210
2600	219
372	219
212	372
221	374
369	374
370	369
6042	6041
6042	6036
6045	6039
6046	6045
6046	6040
6047	6046
6047	6041
6047	6042
6043	6042
6048	6043
6049	6045
6049	6046
6049	6047
6048	6047
375	6049
224	375
6044	224
227	224
386	227
2811	386
6038	2811
6043	6038
2808	2811
6037	2808
6042	6037
383	2808
380	383
6036	380
2803	380
6040	2803
6041	6040
2800	2803
6039	2800
377	2800
2795	377
6045	2795
2792	2795
375	2792
6049	375
387	389
229	387
232	236
390	239
232	390
392	239
393	398
241	393
395	398
6052	410
6054	6052
2841	6054
2644	6054
245	2644
2642	6054
6051	6054
2640	6051
6053	6051
2638	6053
401	6053
399	401
244	399
404	6053
6050	6053
407	6050
410	6050
6052	6050
6051	6050
6054	6051
6053	6050
247	251
2842	251
6055	251
2840	6055
2843	6055
411	2843
2845	6055
254	6055
2847	254
257	254
413	257
251	6055
2865	428
6057	434
2853	6057
2850	2853
416	2850
259	416
414	416
6056	6057
419	6056
422	6056
425	6056
2865	6056
428	2865
2867	6056
6057	6056
434	6057
446	269
2668	446
2887	446
6059	2887
2666	6059
6058	6059
262	6058
435	6058
443	6058
437	443
440	443
2887	6058
6059	6058
2896	275
2689	2896
447	2896
271	447
2914	281
2696	2914
2912	2914
6062	2912
277	6062
6061	6062
2898	6061
6060	6061
445	6060
2904	6060
2902	2904
2890	2902
2900	2902
444	2900
449	2900
2906	6060
2908	6060
6061	6060
2910	6061
6062	6061
2912	6062
283	287
6065	6064
6066	6065
6068	6064
6069	6068
6070	6069
6070	6065
6071	6070
6072	6071
6067	6073
6068	6067
6075	6067
6076	6075
6076	6068
6077	6076
6077	6069
6078	6077
6079	6078
6079	6070
6080	6079
6080	6071
6075	6074
6081	6076
6082	6081
6082	6077
6083	6082
6083	6078
6084	6083
6085	6084
6085	6079
6086	6085
6087	6082
6088	6087
6088	6083
6089	6088
6089	6084
6090	6089
6090	6085
6091	6090
6092	6087
6093	6092
6093	6088
6094	6093
6094	6089
6095	6094
6095	6090
6096	6092
6096	6093
6097	6096
6097	6094
6098	6097
6099	6097
287	6099
461	287
2932	461
6095	2932
2930	2932
6091	2930
2928	2930
6086	2928
2926	2928
6080	2926
6072	2926
2924	2926
2922	2924
6066	2922
6063	2922
2920	2922
2918	2920
6064	2918
6073	2918
458	2918
455	458
452	455
450	452
6074	450
6067	6074
2901	450
6075	2901
2903	2901
6076	2903
2905	2903
6081	2905
2907	2905
6082	2907
6087	2907
2909	2907
2911	2909
6092	2911
2913	2911
6096	2913
2915	2913
6097	2915
6099	2915
283	2915
287	283
2934	467
6100	2934
2938	6100
2940	6100
2705	6100
290	2705
2703	6100
289	6100
462	6100
2934	6100
464	467
6109	6107
2713	6109
6106	2713
2944	6106
2942	2944
6107	2942
2937	2942
2939	2937
2941	2939
6109	2941
292	2941
293	292
296	293
2713	296
468	2942
6105	6106
2946	6105
6103	6105
2948	6103
6102	6103
2950	6102
6101	6102
2952	6101
470	2952
2954	6101
6102	6101
2956	6102
6104	6102
473	6104
299	6104
2721	6104
6102	6104
6103	6102
2719	6103
2717	6103
6105	6103
2715	6105
6106	6105
2713	6106
315	2342
301	315
316	315
474	316
2990	316
2988	2990
476	2988
2986	2988
479	2986
438	2986
439	438
304	310
2343	310
312	2341
2991	488
318	2991
485	488
6110	485
2989	6110
2866	6110
2987	2866
2868	2866
436	2868
433	2868
432	6110
2994	6110
485	6110
6113	6111
497	6113
494	497
491	494
6111	491
489	491
321	489
2741	321
6113	2741
322	2741
503	322
497	503
500	503
331	322
325	322
333	504
501	506
336	501
502	501
509	343
340	509
507	509
339	507
512	343
515	518
345	515
513	515
521	524
519	521
348	519
6115	539
6114	6115
351	6114
525	6114
527	6114
3058	6114
530	3058
6115	6114
6116	6115
3060	6116
3062	6116
3068	6116
536	3068
533	536
6115	6116
539	6115
6120	6119
6120	6117
2794	6120
2797	2794
3080	2797
6117	3080
3078	3080
355	3078
358	355
6119	358
366	358
6120	366
367	366
373	367
2794	373
2774	3078
540	3078
354	540
542	2797
376	2797
360	364
557	560
554	557
2805	554
551	554
2802	551
548	551
534	548
378	534
543	534
535	534
545	548
561	563
381	561
6126	6121
6127	6126
6127	6122
6126	6125
6128	6126
6129	6128
394	6129
585	394
6123	585
582	585
577	582
6122	577
574	577
6121	574
569	574
6124	569
6125	6124
384	6124
2810	384
2813	2810
6128	2813
6126	6128
385	2813
6129	385
388	385
391	388
394	391
564	6124
566	6124
569	6124
396	400
586	400
3139	400
588	3139
594	3139
591	594
6130	597
402	6130
3141	6130
597	6130
595	597
6134	6132
6133	6134
3153	6133
3151	3153
6132	3151
603	3151
600	603
598	600
6134	598
405	598
406	405
6133	406
3155	406
3153	3155
6138	6137
5612	6138
5610	5612
3154	5610
3156	3154
6137	3156
408	3156
409	408
2844	409
6138	2844
2846	2844
2848	2846
5612	2848
412	2848
415	412
5608	5610
3152	5608
6135	5608
604	6135
606	6135
609	6135
5606	6135
5604	5606
612	5604
421	5604
420	5604
5608	6135
6142	6141
6142	6139
6143	6141
2852	6143
2855	2852
6140	2855
418	2855
5605	418
5607	5605
6139	5607
5609	5607
6141	5609
5611	5609
6143	5611
5613	5611
417	5613
2852	417
423	613
6146	6145
3177	6146
615	3177
3173	615
6145	3173
610	3173
611	610
426	611
6146	426
427	426
618	427
3177	618
619	430
627	621
6147	484
430	6147
619	6147
621	6147
627	6147
484	6147
441	448
451	448
480	451
478	477
453	478
471	482
2953	471
2955	2953
6148	2955
457	6148
456	6148
475	6148
2957	6148
472	2957
2955	6148
6154	463
2933	6154
460	2933
2931	6154
6153	6154
2929	6153
6152	6153
2927	6152
6151	6152
2925	6151
6150	6151
2923	6150
6149	6150
2921	6149
2919	6149
2977	6149
459	2977
483	6149
6150	6149
2979	6150
6151	6150
2982	6151
6152	6151
6153	6152
463	6153
6154	6153
6157	6156
6159	6158
6159	6156
6160	6159
6162	6161
6162	6158
6160	6162
2947	6162
2949	2947
6157	2949
2951	2949
6155	2951
469	2951
481	469
2981	481
6156	2981
6158	2981
2984	2981
6161	2984
465	2984
466	465
2943	466
6162	2943
2945	2943
2947	2945
486	490
628	490
633	625
639	642
6164	639
493	6164
6163	6164
492	6163
626	6163
625	6163
633	6163
6164	6163
636	6164
639	6164
6168	6167
6168	6165
3226	6168
648	3226
6165	648
3210	648
495	3210
6167	495
496	495
3228	496
6168	3228
3226	3228
645	648
643	645
3244	505
3229	3244
498	3229
3242	3244
3227	3242
6169	3242
649	6169
651	6169
654	6169
3242	6169
508	505
6173	6170
6173	6171
511	6173
514	511
3255	514
657	3255
6171	657
655	657
6170	655
3243	655
3245	3243
6173	3245
510	3245
511	510
3257	520
516	3257
668	520
660	668
658	660
665	668
669	526
522	669
6174	679
528	6174
667	6174
673	6174
666	673
676	6174
679	6174
532	688
6178	688
3063	6178
6177	6178
3061	6177
6176	6177
6175	6176
3059	6175
531	6175
680	6175
6176	6175
682	6176
685	6176
3286	6176
6177	6176
6178	6177
688	6178
537	541
3071	537
3079	3071
538	3071
546	689
6179	686
3294	6179
6180	6179
3296	6180
550	6180
549	6180
3288	6180
687	3288
6179	6180
686	6179
694	697
6181	694
3293	6181
3306	3293
3308	3293
3295	3293
3310	3295
3297	3295
3312	3297
553	3297
552	3297
684	6181
683	6181
691	6181
694	6181
6185	6184
6185	6182
6186	6184
3329	6186
709	3329
6183	709
3325	709
706	3325
3320	706
6182	3320
3318	3320
6184	3318
3307	3318
3309	3307
3311	3309
6186	3311
3313	3311
3329	3313
555	3313
556	555
3305	3318
700	3318
698	700
703	706
6187	562
558	6187
3330	6187
710	6187
712	6187
562	6187
565	562
567	713
6193	6189
6194	6193
6194	6190
6191	6194
6192	6191
6196	6191
6198	6197
6198	6193
6198	6194
6195	6198
6196	6195
6199	6195
6200	6199
6201	6197
6201	6198
6199	6198
6202	6199
6202	6201
711	6201
570	711
573	570
6200	573
724	573
3347	724
6196	3347
6192	3347
721	3347
718	721
6188	718
715	718
6190	715
3336	715
6189	3336
707	3336
3327	707
6193	3327
6197	3327
708	3327
6201	708
711	708
575	725
6207	6206
6207	6203
6208	6207
6208	6204
6209	6206
6210	6209
6210	6207
744	6210
741	744
736	741
6205	736
3355	736
730	3355
6204	730
6203	730
727	730
722	727
3349	722
6206	3349
6209	3349
723	3349
578	723
581	578
6210	581
744	581
733	736
6211	587
583	6211
745	6211
749	6211
587	6211
589	601
6214	601
750	6214
6212	6214
740	6212
737	6212
3387	6212
752	3387
3389	6212
6213	6212
605	6213
602	6213
6214	6213
601	6214
6212	6213
599	596
592	599
3388	614
3390	3388
608	3390
607	3390
755	614
753	755
617	631
6217	631
3180	6217
6216	6217
6215	6216
616	6215
761	6215
756	761
758	761
3409	6215
6216	6215
764	6216
3417	6216
6218	6216
767	6218
632	6218
631	6218
6217	6218
6216	6218
629	623
634	770
768	770
637	779
3429	779
771	3429
3441	779
3431	3441
3438	3441
773	3438
776	3438
782	644
640	782
780	782
3455	650
3453	3455
3449	3453
783	3449
646	783
3451	3453
785	3451
788	650
797	656
794	797
791	794
652	791
789	791
800	656
659	656
6219	672
661	6219
801	6219
803	6219
806	6219
809	6219
815	6219
812	815
818	6219
672	6219
821	830
819	821
674	819
824	830
827	830
677	681
690	681
831	690
833	690
692	839
834	839
836	839
6223	6222
3533	6223
3531	3533
853	3531
850	853
6221	850
6222	6221
695	6221
696	695
699	696
6223	699
3541	699
3535	3541
3533	3535
862	3541
859	862
840	6221
842	6221
845	6221
850	6221
856	3531
6224	863
3321	6224
3319	6224
3544	6224
701	3544
863	6224
868	714
3552	868
865	3552
860	865
705	860
704	860
861	860
6229	6226
6229	6227
6228	6227
717	6229
2339	717
3566	2339
3563	3566
6225	3563
883	3563
6227	883
3560	883
6226	3560
871	3560
869	871
716	869
6229	716
717	716
874	3560
880	3560
877	880
731	2339
3569	731
886	731
3358	731
889	3358
732	3358
892	732
2340	726
719	2340
728	2338
734	751
893	751
895	751
754	751
757	754
742	748
901	907
3596	901
760	3596
898	3596
759	898
896	898
904	907
6231	913
6230	6231
3412	6230
3613	6230
762	3613
908	6230
910	6230
6231	6230
913	6231
3430	769
6233	3430
3420	6233
6232	6233
765	6232
914	6232
916	6232
772	6232
3432	6232
6233	6232
3430	6233
3635	925
774	3635
917	3635
919	925
922	925
6236	6234
3659	6236
934	3659
931	934
928	931
6234	928
926	928
777	926
3440	777
6236	3440
3443	3440
6237	3443
3659	6237
784	6237
3450	6237
778	6237
781	778
3443	6237
6242	6241
6242	6239
3701	6242
3699	3701
955	3699
3685	955
6239	3685
786	3685
3452	786
3454	3452
6241	3454
3456	3454
3705	3456
3703	3705
6242	3703
3701	3703
787	3456
790	787
3682	3685
3660	3682
935	3682
6238	3682
937	6238
3663	6238
3675	6238
940	3675
943	3675
946	6238
3682	6238
952	955
949	952
6245	961
6244	6245
793	6244
792	6244
3706	6244
6245	6244
3704	6245
6243	6245
3702	6243
3700	6243
3709	6243
956	3709
958	6243
961	6243
6245	6243
6247	970
6246	6247
796	6246
795	6246
3718	6246
962	6246
3719	6246
6247	6246
964	6247
3721	6247
967	6247
970	6247
6248	802
798	6248
3724	6248
971	6248
973	6248
802	6248
804	974
988	991
6249	988
807	6249
972	6249
969	6249
6252	6249
6251	6252
968	6251
976	6251
979	6251
3731	6251
6252	6251
3733	6252
6250	6252
982	6250
985	6250
988	6250
6249	6250
6252	6250
810	992
3755	1003
989	3755
813	989
990	989
994	3755
3751	3755
1000	3755
997	1000
1004	820
816	1004
6253	1009
822	6253
6254	6253
1002	6254
3756	6254
6253	6254
1001	6253
1006	6253
1009	6253
1010	846
825	1010
849	846
3790	849
1012	3790
1015	3790
3787	3790
3784	3787
1018	3784
1021	3784
828	832
843	832
844	843
835	832
837	841
6255	1033
6256	6255
3810	6256
3786	6256
3812	3786
3789	3786
3792	3789
852	3792
851	3792
1022	6256
1024	6256
6255	6256
1030	6255
1027	1030
1033	6255
6259	6257
1042	6259
1039	1042
3821	1039
1036	3821
1034	1036
6257	1034
3809	1034
3811	3809
6259	3811
3813	3811
855	3813
1042	855
854	3813
6262	6261
3838	6262
1048	3838
1045	1048
1043	1045
6261	1043
857	1043
3532	857
3534	3532
6262	3534
3536	3534
6263	3536
3838	6263
1051	6263
864	6263
858	6263
3536	6263
3554	870
1052	870
866	1052
6264	1049
873	6264
872	6264
1050	6264
3840	6264
1049	6264
3845	1057
875	3845
1047	1057
1046	1057
1054	1057
6265	1069
3854	6265
878	3854
1058	3854
3856	6265
1060	6265
1063	6265
1066	6265
1069	6265
6266	1072
3561	6266
881	6266
1070	6266
1072	6266
6271	6267
6272	6271
6273	6269
6270	6273
6271	6270
6275	6270
6276	6275
6276	6271
6277	6276
6278	6273
6274	6278
6275	6274
6279	6274
6280	6279
6280	6275
6281	6280
6281	6276
6279	6278
6282	6279
6283	6282
6283	6280
1081	6283
3878	1081
6277	3878
1078	3878
6272	1078
3875	1078
6268	3875
1075	3875
6267	1075
3871	1075
6269	3871
1073	3871
884	1073
6273	884
6278	884
3565	884
3568	3565
6279	3568
6282	3568
3571	3568
6283	3571
885	3571
1081	885
3882	1084
887	3882
1082	3882
1085	894
890	1085
897	894
6290	6289
6290	6285
6291	6290
6291	6286
6291	6287
6292	6289
6293	6292
6293	6290
3600	6293
6288	3600
900	3600
1093	900
3890	1093
6287	3890
6286	3890
1090	3890
6285	1090
6284	1090
3880	6284
6289	3880
1080	3880
6292	1080
3883	1080
6293	3883
1083	3883
899	1083
3600	899
1079	6284
1087	6284
1090	6284
903	1096
1094	1096
902	1094
6294	909
1100	6294
905	1100
1102	6294
3911	6294
3929	6294
3927	3929
1105	3927
1111	3927
1108	1111
909	6294
6297	915
6296	6297
911	6296
3930	6296
3928	6296
6297	6296
6295	6297
1114	6295
1112	1114
3937	6295
3637	6295
1117	3637
918	3637
1120	918
6297	6295
915	6297
1129	1141
3957	1129
3981	3957
3953	3957
921	3953
1126	3953
1123	1126
920	1123
1121	1123
1132	1141
1135	1141
1138	1141
923	927
3991	927
3984	3991
3989	3991
3980	3989
1144	3989
3987	1144
1142	3987
1147	3989
6298	938
3992	6298
929	3992
3990	6298
6299	6298
1148	6299
1150	6299
3666	6299
939	3666
6298	6299
938	6298
932	936
1153	1159
1151	1153
941	1151
1156	1159
6302	6301
6303	6302
6304	6303
6305	6304
6306	6305
6301	6306
6308	6301
6309	6308
6310	6309
6310	6302
6311	6310
6312	6311
6312	6303
6308	6307
6313	6309
6314	6313
6314	6310
6315	6314
6316	6313
6315	6316
4021	6316
1178	4021
4018	1178
6312	4018
6311	6312
1175	4018
4014	1175
6304	4014
6305	4014
1172	4014
6306	1172
1169	1172
1164	1169
6307	1164
6301	6307
1160	1164
944	1160
3678	944
6308	3678
6309	3678
945	3678
6313	945
6316	945
950	945
4021	950
951	950
6317	947
6318	6317
3687	6318
3684	6318
6317	6318
947	6317
6324	6323
6324	6319
6325	6324
6327	6326
6327	6321
6328	6327
6328	6322
6328	6323
6329	6328
6329	6324
6330	6329
6331	6326
6332	6331
6332	6327
6332	6328
6333	6332
6333	6329
6334	6331
6334	6332
1190	6334
4035	1190
6330	4035
1187	4035
1184	1187
4028	1184
6325	4028
1181	4028
6320	1181
4025	1181
6319	4025
1179	4025
4023	1179
6322	4023
6323	6322
6321	4023
953	4023
954	953
6326	954
3712	954
6331	3712
957	3712
1193	957
6334	1193
1190	1193
4047	963
1196	4047
960	1196
1194	1196
959	1194
4063	975
3722	4063
965	4063
6335	4063
4048	6335
4049	6335
1197	4049
4051	6335
4061	6335
4053	4061
4055	4061
4059	4061
4057	4059
1202	4059
1199	1202
4063	6335
6338	6336
977	6338
978	977
1205	978
1203	1205
4060	1203
6336	4060
4062	4060
6338	4062
4064	4062
977	4064
3734	1214
1211	1214
4072	1211
3732	4072
1206	4072
980	1206
1208	4072
6340	995
983	6340
1215	6340
4082	6340
4084	6340
1217	4084
6339	6340
1220	6339
3752	6339
1223	3752
996	3752
995	6339
6340	6339
986	993
6344	6342
6343	6344
6346	6344
6345	6346
6347	6346
4090	6346
999	4090
1005	999
6345	1005
1013	1005
1014	1013
6343	1014
4100	1014
6341	4100
4098	4100
6342	4098
1229	4098
1226	1229
4094	1226
6344	4094
4092	4094
6346	4092
4090	4092
998	4090
1224	4090
1007	1011
4107	1241
1232	4107
4103	1232
4115	4103
4099	4103
4101	4099
1017	4101
1016	4101
1230	4103
1238	1241
1235	1238
4116	1023
1019	4116
4118	1023
4114	4118
1242	4118
1247	1250
4120	1247
1025	4120
1240	1247
1244	1247
1239	1244
1028	1256
1251	1256
1253	1256
1032	1262
4142	1262
6349	4142
1031	6349
6348	6349
1257	6348
1259	6348
4138	6348
4140	6348
6349	6348
4142	6349
1265	1037
3823	1274
1271	1274
1268	1271
1265	1268
1037	1265
1040	1044
1053	1044
1275	1053
1286	1059
6351	1286
3855	6351
6350	6351
6352	6350
1056	6352
1055	6352
1273	6352
1272	6352
1277	6352
6350	6352
1280	6350
1283	6350
6351	6350
1286	6351
6353	1292
6354	6353
1061	6354
1287	6354
4176	6354
6353	6354
1289	6353
1292	6353
1293	1295
1064	1293
3873	1071
1067	3873
1296	3873
1074	3873
1298	1074
1301	1086
3876	1301
1299	1301
1076	1299
1088	1302
1095	1316
1316	1095
3893	1316
1313	1316
1091	1313
4199	1313
1300	4199
4196	4199
6357	4196
1297	6357
6355	6357
1294	6355
1291	6355
4190	6355
1290	4190
1307	4190
1304	1307
6356	6355
1310	6356
4193	6356
6357	6356
4196	6357
6355	6356
1097	1101
1320	1101
4211	1318
4229	1331
6360	6359
6364	6359
6365	6364
6365	6360
6365	6361
6366	6365
6366	6362
6368	6364
6368	6365
6368	6366
1318	6368
1103	1318
3915	1103
6366	3915
6363	3915
1104	3915
1345	1104
1340	1345
6362	1340
1337	1340
6361	1337
4229	1337
6360	4229
6358	4229
1325	4229
4214	1325
6359	4214
1322	4214
6364	1322
4211	1322
6368	4211
1318	4211
1331	4229
1328	1331
1106	1348
1346	1348
1351	1113
1349	1351
1109	1349
4273	1354
3940	1124
6369	1124
1115	6369
1352	6369
1354	6369
4273	6369
1124	6369
1360	1124
1125	1124
1363	1125
1118	1122
6370	1378
4289	6370
4287	4289
1128	4287
3960	4287
4285	4287
3956	4285
1369	4285
1366	1369
1127	1366
1364	1366
1372	6370
1375	6370
1378	6370
1381	1384
4303	1381
6371	4303
1131	6371
4300	6371
1130	4300
1379	6371
4303	6371
1133	1393
4316	1393
4323	1393
1385	4323
1390	4323
1387	1390
1255	1396
1136	2238
6372	2238
1394	6372
1396	6372
1255	6372
1254	6372
2238	6372
5423	1143
6373	5423
1140	6373
1139	6373
2239	6373
1246	6373
1245	6373
2243	6373
5421	6373
5423	6373
6376	1149
6374	6376
1145	6374
5424	6374
6375	6374
5422	6375
5425	6375
2244	5425
2246	6375
5430	6375
6374	6375
6376	6374
1152	6376
1149	6376
6379	6378
6380	6379
6381	6380
6382	6378
6383	6382
6384	6383
6384	6379
6385	6384
6385	6380
2255	6385
5444	2255
6377	5444
2252	5444
6378	2252
2249	2252
2247	2249
5434	2247
6382	5434
1154	5434
1165	1154
1168	1165
6383	1168
2267	1168
6384	2267
2264	2267
6385	2264
5447	2264
2255	5447
2258	2264
2261	2264
1155	1154
1157	1163
1170	2268
6394	6391
5473	6394
6393	5473
6390	6393
5646	6390
2350	5646
6391	2350
5650	2350
6389	5650
1182	6389
4030	1182
6394	4030
1183	4030
5473	1183
5572	6389
1174	6389
5649	6389
6386	5649
4016	6386
6387	6386
1173	6387
2266	6387
6388	6387
2265	6388
2270	6388
6390	6388
6393	6390
5470	6393
5473	6393
5647	6388
5646	5647
6387	6388
5648	6387
6386	6387
5649	6386
5650	6389
5573	1180
4019	5573
1177	4019
1176	5573
6397	6396
6399	6396
6398	6399
6395	6398
2273	6398
2271	2273
5472	2271
6396	5472
5475	5472
5570	5475
6399	5570
5568	5570
4054	5568
4056	4054
6398	4056
4058	4056
1198	4058
2276	1198
2273	2276
4052	5568
5566	5568
4050	5566
1191	5566
1195	1191
1192	1191
1186	5475
1185	5475
6400	1188
5569	6400
6401	6400
5567	6401
1189	6401
4037	6401
6400	6401
1188	6400
1207	2279
1207	1204
2279	1207
5486	2279
1200	5486
2277	5486
1209	2283
4074	1209
1210	4074
6404	6402
6405	6404
1216	6405
2294	1216
5504	2294
6402	5504
2285	5504
5500	2285
6404	5500
5497	5500
5495	5497
6405	5495
4083	5495
1216	4083
1212	5495
1213	1212
2281	5497
2280	5497
2291	2294
2288	2291
2297	2300
6406	2297
1219	6406
4085	6406
1218	6406
2295	6406
2297	6406
6409	6407
4093	6409
4095	4093
2303	4095
5516	2303
6407	5516
2301	5516
5513	2301
6409	5513
1221	5513
4091	1221
4093	4091
1222	1221
1225	4095
6412	6411
6413	6412
6414	6413
6415	6414
6416	6415
6411	6416
6418	6417
6418	6416
1228	6418
4105	1228
6412	4105
1231	4105
6413	1231
5530	1231
5528	5530
6414	5528
2306	5528
5526	2306
6415	5526
5524	5526
6417	5524
6416	6417
5522	5524
2304	5522
6418	2304
1227	2304
1228	1227
4108	2318
5534	2318
5531	5534
1233	5531
5529	5534
2315	5534
2307	2315
2312	2315
2309	2312
2242	1243
1236	2242
2319	2242
5426	2242
2321	5426
2245	5426
2248	2245
1248	1252
2237	1252
4333	1402
6421	6420
4333	6421
4331	4333
4329	4331
6420	4329
4327	4329
4139	4327
6421	4139
4141	4139
6422	4141
4335	6422
4333	4335
4337	6422
4141	6422
4143	4141
4339	4143
6423	4143
1408	6423
1264	6423
1261	6423
4143	6423
1399	4327
1260	1399
1397	1399
1402	4333
1266	1278
1409	1278
1279	1278
1411	1279
1269	1276
6424	1420
1281	6424
1412	6424
1420	6424
1417	1420
1414	1417
1303	1288
4362	1303
1421	4362
1284	1421
1285	1284
4374	1426
1305	4374
4364	4374
6426	4374
1419	6426
6425	6426
1418	6425
1423	6425
4370	6425
6426	6425
4372	6426
4374	6426
1427	1432
4191	1427
1309	4191
1308	1427
1429	1432
6431	6427
6432	6431
6432	6428
6433	6432
6431	6430
6434	6430
6435	6434
6435	6431
6436	6435
6436	6432
6437	6434
6438	6437
6438	6435
6439	6437
4216	6439
6436	4216
1324	4216
6433	1324
4398	1324
6429	4398
1435	4398
4394	1435
6428	4394
6427	4394
1433	4394
4391	1433
1311	4391
6430	1311
4195	1311
6434	4195
4198	4195
6437	4198
4201	4198
6439	4201
1312	4201
1323	1312
4216	1323
1314	1321
1315	1314
4399	1438
1326	4399
1436	1438
1329	1447
6440	1444
1329	6440
1447	1329
1439	6440
1441	6440
4406	6440
1444	6440
1332	1448
4411	1335
6444	6443
6444	6441
6445	6444
6449	6448
6449	6443
6450	6449
6450	6444
6451	6450
6451	6445
6452	6447
6453	6452
6453	6448
6454	6453
6454	6449
6455	6454
6455	6450
6456	6452
6456	6453
6457	6456
6457	6454
4425	6457
1456	4425
6451	1456
4422	1456
6446	4422
1453	4422
4418	1453
6442	4418
6445	6442
1450	4418
6441	1450
1445	1450
6443	1445
4411	1445
6447	4411
6448	6447
1335	4411
4233	1335
6452	4233
6456	4233
1336	4233
1459	1336
6457	1459
4425	1459
1338	1460
6466	6460
6466	6461
6466	6462
6466	6463
6466	6464
6466	6465
1341	6460
1344	1341
1347	1344
1350	1347
6464	1350
6459	1350
6463	6459
1476	6459
1473	1476
6458	1473
6462	6458
4427	6458
6461	4427
1458	4427
6460	1458
1341	1458
1457	6458
1470	6458
1465	1470
1462	1465
1473	6458
1353	6459
1350	6459
1477	1479
1355	1477
4276	1367
6468	1367
6467	6468
1480	6467
1358	1480
1482	6467
6468	6467
1485	6468
1368	6468
1367	6468
1361	1365
6471	6470
6472	6470
4286	6472
4288	4286
4290	4288
6469	4290
1371	4290
1494	1371
6470	1494
1488	1494
1486	1488
6472	1486
1370	1486
4286	1370
1491	1494
1503	1506
1373	1503
1500	1503
1495	1500
1497	1500
6474	1380
6475	6474
6476	6475
1377	6476
1507	6476
1376	1507
1509	6476
6475	6476
6473	6475
1512	6473
4505	6473
1515	6473
6474	6473
1518	6474
1380	6474
1521	1380
6475	6473
1522	1386
1382	1522
1524	1386
1527	1386
1533	1386
1530	1533
4328	1400
6477	4328
1389	6477
1388	6477
1534	6477
1536	6477
4527	6477
4332	6477
1401	4332
4330	6477
4328	6477
1398	1395
4324	1398
5418	1398
1391	5418
4528	1404
1422	1415
1548	1422
1545	1548
4532	1545
6478	4532
1404	6478
4528	6478
1542	6478
1539	1542
1537	1539
4532	6478
1416	1415
6482	6480
6481	6482
6483	6482
1410	6483
1413	1410
5415	1413
6479	5415
1406	5415
4334	1406
6480	4334
4336	4334
6482	4336
4338	4336
6483	4338
4340	4338
1407	4340
1410	1407
6487	6486
6488	6486
1566	6488
1563	1566
1560	1563
6484	1560
1557	1560
6485	1557
4373	6485
6486	4373
4375	4373
6488	4375
1425	4375
1428	1425
1566	1428
4371	6485
1554	6485
1551	1554
1549	1551
1424	1549
1557	6485
1575	1434
6489	1575
1431	6489
1569	6489
1567	1569
1430	1567
1572	6489
1575	6489
1440	1434
1437	1434
6493	6492
6494	6493
6490	6494
1581	6490
6492	1581
1578	1581
4407	1578
6493	4407
1443	4407
6494	1443
1449	1443
1590	1449
6490	1590
1587	1590
4564	1587
1581	4564
1584	1587
1576	1578
1442	1576
1605	1608
4420	1605
1602	1605
4577	1602
6495	4577
1451	6495
1591	6495
1596	6495
1593	1596
1599	6495
4577	6495
1611	1461
4423	1611
1609	1611
1454	1609
1463	1614
1612	1614
6501	6500
6501	6496
6502	6501
6502	6497
6503	6502
6505	6504
6505	6499
6506	6505
6506	6500
6507	6506
6507	6501
6507	6502
6508	6504
6508	6505
6509	6508
6509	6506
1629	6509
1626	1629
6503	1626
1623	1626
4606	1623
6498	4606
1620	4606
4601	1620
6497	4601
6496	4601
1617	4601
4596	1617
6499	4596
6500	6499
1615	4596
6504	1615
1466	1615
1469	1466
1632	1469
6508	1632
4617	1632
6509	4617
1629	4617
1471	1633
6515	6510
6516	6511
6516	6512
6516	6514
6516	6515
6513	6514
1643	6514
1638	1643
1630	1638
4619	1630
6512	4619
1631	4619
6511	1631
1474	1631
6510	1474
1475	1474
1478	1475
1481	1478
6515	1481
6514	1481
1646	1481
1643	1646
1649	1481
1635	1638
6517	1487
1483	6517
1650	6517
1654	6517
1659	6517
1487	6517
1662	1487
1489	1663
4654	1496
1492	4654
1661	4654
1660	4654
1665	1496
1668	1496
6520	6518
4670	6520
1669	4670
1498	1669
1499	1498
6518	1499
1683	1499
1680	1683
6521	1680
6520	6521
1671	6521
4670	1671
1674	6521
1677	6521
1680	6521
1501	1684
4680	1508
6522	4680
1504	6522
1682	6522
1681	6522
4680	6522
4682	1508
4686	1508
1686	4686
1689	4686
4689	1695
1690	4689
4687	1690
1510	4687
1692	1695
6525	6523
6526	6525
1707	6526
4707	1707
1704	4707
6523	1704
1701	1704
1698	1701
6525	1698
1696	1698
1513	1696
6526	1513
4506	1513
1707	4506
1514	4506
4712	1710
1526	1525
6527	1526
1516	6527
1708	6527
1710	6527
4712	6527
1716	6527
1719	6527
1526	6527
1519	1523
1528	1722
1720	1722
1531	1535
1723	1535
1725	1535
1538	1535
1556	1555
6529	1556
6528	6529
5410	6528
4732	6528
1726	4732
1540	1726
1541	1540
1728	6528
1731	6528
6529	6528
4738	6529
1556	6529
4534	1552
6530	1552
1543	6530
5411	6530
5409	6530
1553	6530
1552	6530
1546	1550
4565	1582
6531	4565
6532	6531
4739	6532
1558	4739
1559	1558
1732	6532
6531	6532
1734	6531
1583	6531
4565	6531
6535	6534
1571	6534
1579	1571
1580	1579
6533	1580
5407	1580
1561	5407
6534	1561
1562	1561
1570	1562
1571	1570
1564	1568
1573	1577
4754	1594
1586	4754
4752	4754
1585	4752
1735	4752
4750	4752
1737	4750
1740	4750
1743	4750
1595	1594
5404	1592
1588	5404
6538	6537
6537	6539
4751	6539
4753	4751
6538	4753
4755	4753
6540	4755
4761	6540
1755	4761
6536	1755
1752	1755
1749	1752
6539	1749
1746	1749
4751	1746
1744	1746
1758	6540
1597	6540
1598	1597
4755	6540
4767	1761
1601	4767
4579	4767
1759	4767
1600	1759
6543	6541
6544	6543
1773	6544
4778	1773
4771	4778
6541	4771
1764	4771
1762	1764
5399	1762
6543	5399
1618	5399
4603	1618
6544	4603
1619	4603
1773	1619
1776	1619
4770	1762
1603	4770
1604	1603
4773	4778
1770	4778
1767	1770
4598	1610
6545	4598
1606	6545
5400	6545
6546	6545
1616	6546
4598	6546
6545	6546
1613	1610
1785	1779
4608	1791
1788	1791
1785	1788
1621	1785
1777	1785
1779	1785
1794	1636
4798	1794
1624	4798
1792	4798
1637	1636
1627	1634
6554	6553
6554	6547
6555	6554
6555	6548
6556	6555
6556	6549
6556	6550
6557	6556
6558	6552
6559	6558
6559	6553
6559	6554
6560	6559
6560	6555
6560	6556
6561	6560
6564	6558
6564	6559
6564	6560
6564	6561
6564	6562
6564	6563
1809	6558
4819	1809
1806	4819
6562	1806
1803	1806
6561	1803
6557	1803
1800	1803
6551	1800
4808	1800
6550	4808
1797	4808
4803	1797
6549	4803
1795	4803
6548	1795
6547	1795
1639	1795
6553	1639
1642	1639
6552	1642
1809	1642
6558	1809
4823	1812
1644	4823
1810	4823
1813	1653
1647	1813
6571	6570
6571	6566
6572	6571
6572	6567
6572	6568
6569	6568
6575	6574
6575	6570
6575	6571
6575	6572
6573	6572
6576	6574
6576	6575
1818	6574
1807	1818
4821	1807
6573	4821
1808	4821
6569	1808
4824	1808
6565	4824
1811	4824
1655	1811
1658	1655
6568	1658
4658	1658
6567	4658
1664	4658
6566	1664
1824	1664
6570	1824
1821	1824
6574	1821
1818	1821
1815	1818
1827	1670
1825	1827
1666	1825
1667	1666
6582	6581
6582	6578
6582	6579
6580	6579
6585	6581
6585	6582
6583	6582
4858	6585
1833	4858
6580	1833
4855	1833
6577	4855
1830	4855
1828	1830
1672	1828
6579	1672
1673	1672
6578	1673
1853	1673
1850	1853
6581	1850
1845	1850
6585	1845
6584	1845
4858	6584
1836	6584
1839	6584
1842	6584
1845	6584
1856	1673
1864	1867
1675	1864
1859	1864
1857	1859
6586	1685
4681	6586
6587	6586
1679	6587
1678	6587
1868	6587
4898	6587
6586	6587
1870	6586
1873	6586
1685	6586
4691	1885
6591	6590
6591	6589
6593	6592
6593	6590
6594	6592
1687	6594
1688	1687
6591	1688
4691	1688
6588	4691
1885	4691
1882	1885
4916	1882
6589	4916
4914	4916
4912	4914
6590	4912
4910	4912
6592	4910
1879	4910
4908	1879
6594	4908
1876	4908
1687	1876
1874	1876
1888	1693
6595	1697
6596	6595
1693	6596
1888	6596
4926	6596
6595	6596
1891	6595
1697	6595
1900	1894
1892	1900
1699	1892
1894	1900
6599	6597
1703	6599
4950	1703
4948	4950
4946	4948
6597	4946
4944	4946
4942	4944
1903	4942
6599	1903
1901	1903
1702	1901
1703	1702
1909	4944
1906	1909
1912	4950
1913	1709
4708	1913
4951	1913
1705	4951
6603	6602
4964	6603
6601	4964
4954	6601
6602	4954
4952	4954
6604	4952
4947	6604
6603	4947
4949	4947
4966	4949
4964	4966
1911	4949
1712	1911
1711	1911
4945	6604
1910	6604
4952	6604
4956	6601
4962	6601
1915	4962
1918	4962
1921	4962
4964	6601
6608	6607
4965	6608
4967	4965
6607	4967
1714	4967
4714	1714
1715	4714
6608	1715
4970	1715
6606	4970
4965	6606
4963	6606
1922	6606
4970	6606
6609	1721
1717	6609
4973	6609
6610	6609
1920	6610
1924	6610
1919	1924
4735	6610
1739	4735
1727	4735
1738	1727
1724	6610
6609	6610
1721	6609
1729	1733
1736	1733
1925	1745
1741	1925
1916	1927
1747	1916
1917	1916
1923	1917
1928	1933
1750	1928
1930	1933
4772	1765
4774	4772
6611	4774
1754	6611
1753	6611
1934	6611
1936	6611
1939	6611
1766	6611
4774	6611
6613	1760
1757	6613
4763	6613
6612	6613
1756	6612
5388	6612
1763	6612
6613	6612
1760	6613
1775	1945
6614	1774
4994	6614
1769	4994
1768	4994
1940	4994
4996	6614
6615	6614
1942	6615
1945	6615
1775	6615
1774	6615
6614	6615
4780	1771
1772	4780
1946	1781
1943	1783
6616	1954
1783	6616
1943	6616
1948	6616
6617	6616
5004	6617
1951	6617
1954	6617
6616	6617
1786	1955
6620	6618
6621	6620
5008	6621
1952	5008
1953	1952
6618	1953
1789	1953
4799	1789
6620	4799
1793	4799
4805	1793
6621	4805
1796	4805
1963	1796
5008	1963
1790	1789
1960	5008
1957	1960
4810	1975
1972	1975
1969	1972
1964	1969
1798	1964
1966	1969
6622	1816
1801	6622
5022	6622
1976	5022
5024	6622
1816	6622
1817	1816
1804	1814
6626	6623
6626	6624
6627	6626
6628	6626
5033	6628
1990	5033
6625	1990
5030	1990
1981	5030
1978	1981
6624	1978
6623	1978
1973	1978
1974	1973
5023	1974
6626	5023
6628	5023
5036	5023
5033	5036
5025	5023
5039	5025
1819	5025
1993	1819
1996	1819
1820	1819
5026	5030
1987	5030
1984	1987
1829	1826
1822	1829
1997	1829
4856	1994
1995	1994
1831	1995
6635	6629
6636	6635
6636	6630
6637	6636
6640	6639
6640	6632
6640	6633
6641	6640
6641	6634
6641	6635
6642	6641
6642	6636
6643	6642
6643	6637
6645	6639
6645	6640
6645	6641
6645	6642
6645	6643
6645	6644
4860	6639
1835	4860
6643	1835
6638	1835
2005	1835
2002	2005
6637	2002
6631	2002
5048	2002
1999	5048
6630	1999
1991	1999
6629	1991
5035	1991
6635	5035
6634	5035
5038	5035
6633	5038
5041	5038
6632	5041
1992	5041
1834	1992
6639	1834
4860	1834
1837	2006
1840	2014
2011	2014
6646	2011
2004	6646
2003	6646
2008	6646
5064	6646
2011	6646
1843	2015
6651	6650
6651	6647
6651	6648
6652	6651
6659	6658
6659	6650
6659	6651
6660	6659
6660	6652
6660	6653
6660	6654
6661	6655
6661	6656
6661	6657
6661	6658
6661	6659
6661	6660
5651	6655
5652	5651
5087	5652
2023	5087
6653	2023
5084	2023
6649	5084
6652	6649
5082	5084
6648	5082
5080	5082
6647	5080
2020	5080
2017	2020
5074	2017
6650	5074
5071	5074
6658	5071
6657	5071
2012	5071
2013	2012
6656	2013
1846	2013
5655	1846
2351	5655
6655	2351
5651	2351
1849	1846
5654	1849
5653	1849
2026	1849
5652	2026
5087	2026
5091	2029
1851	5091
2027	5091
2030	1858
1854	2030
6665	6662
6666	6665
6671	6670
6671	6665
6672	6671
6672	6666
6672	6667
6668	6672
6669	6668
6673	6668
6674	6670
6675	6674
6675	6671
6675	6672
6673	6672
5089	6675
2025	5089
5092	2025
6669	5092
2028	5092
1863	2028
5111	1863
6664	5111
2038	5111
6667	2038
6663	2038
6666	6663
2035	2038
6662	2035
2032	2035
5099	2032
5097	5099
6665	5097
6670	5097
5095	5097
2024	5095
6674	2024
5089	2024
6675	5089
1860	2028
6679	6678
5135	6679
5133	5135
6676	5133
6678	6676
5125	6676
6680	5125
6679	6680
2034	6680
5117	2034
1878	5117
5137	1878
5135	5137
4909	5117
2039	5117
1877	2039
1869	2039
4901	2039
5114	2039
1866	5114
1865	5114
2033	6680
2041	6680
5123	6680
5125	6680
5127	6676
5131	6676
2044	5131
2047	5131
5133	6676
1871	1875
6683	6682
4915	6683
4917	4915
2053	4917
5139	2053
6682	5139
2050	5139
5132	2050
5134	5132
6683	5134
6684	5134
4913	6684
4915	4913
5136	6684
4911	5136
5138	5136
1880	5138
5134	6684
2048	2050
1881	4917
1883	1887
6685	1887
2054	6685
2056	6685
2059	6685
1887	6685
2062	1887
5157	1893
4927	5157
5155	5157
1889	5155
2063	5155
5153	5155
2065	5153
2068	5153
5158	1896
6688	6687
5156	6688
5158	5156
2080	5158
5169	2080
6687	5169
6689	5169
6688	6689
2069	6689
5154	2069
5156	5154
2071	6689
2074	6689
2077	6689
5169	6689
1896	5158
1898	1902
2081	1902
2083	1902
2086	1902
2095	2101
2092	2095
2089	2092
1905	2089
4943	2089
2087	2089
1904	2087
2098	2101
6693	6692
6693	6690
5198	6693
1907	5198
1908	1907
4953	1908
4955	4953
6690	4955
4957	4955
6692	4957
1926	4957
1929	1926
6693	1929
2102	1929
5198	2102
1914	4957
1935	2099
1931	1935
2100	1935
2099	1935
2093	2105
6696	6695
6697	6696
2110	6697
2107	2110
2093	2107
6695	2093
2105	2093
1937	2105
1938	1937
6696	1938
4995	1938
6697	4995
4997	4995
6698	4997
2110	6698
2113	6698
1947	6698
1941	6698
4997	6698
5005	1956
6699	1956
2114	6699
1949	2114
2116	6699
2119	6699
2122	6699
1956	6699
2128	1967
2125	2128
5224	2125
5222	5224
1959	5222
1958	5222
2123	5222
1968	1967
5009	1965
5376	1965
1961	5376
1970	1977
2129	1977
6702	6701
5232	6702
2131	5232
2126	2131
6701	2126
2127	2126
1979	2127
6702	1979
1980	1979
5232	1980
6703	2140
5233	6703
5027	5233
1983	5027
1982	5233
2132	6703
2134	6703
2137	6703
2140	6703
2146	2141
5255	2152
1985	5255
5239	5255
5253	5255
6704	5253
2141	6704
5251	6704
2146	5251
2149	5251
5253	6704
6705	1998
5031	6705
1988	6705
2153	6705
1998	6705
2155	1998
5050	2007
2167	2007
2164	2167
6706	2164
2000	6706
2156	6706
2158	6706
2161	6706
2164	6706
6709	6707
6710	6709
5295	6710
5279	5295
2173	5279
6707	2173
2170	2173
5277	2170
5065	5277
6709	5065
5073	5065
6710	5073
5076	5073
5295	5076
2016	5076
2010	5065
2168	5277
2009	2168
5293	5295
5281	5293
5283	5293
5291	5293
2176	5291
2185	5291
2179	2185
2182	2185
6711	2186
2018	6711
5296	6711
5294	6711
5292	6711
2186	6711
6715	6714
6715	6712
6716	6715
6717	6715
5098	6717
5100	5098
6713	5100
2040	5100
5301	2040
6712	5301
2183	5301
2184	2183
6714	2184
2021	2184
5081	2021
6715	5081
5083	5081
6717	5083
5085	5083
5096	5085
5098	5096
2022	5085
2031	5100
6718	2036
2037	6718
2036	6718
6721	6719
6722	6721
5126	6722
5128	5126
6719	5128
5309	5128
2188	5309
6721	2188
2180	2188
2181	2180
5304	2181
6722	5304
2042	5304
5124	2042
5126	5124
2191	5128
2043	5128
6725	6724
6726	6724
6727	6726
2049	6727
5371	2049
6723	5371
2057	5371
5315	2057
5313	5315
6724	5313
2197	5313
2194	2197
6726	2194
2192	2194
6727	2192
2045	2192
2046	2045
2049	2046
2058	2057
5140	2055
5372	2055
2051	5372
6730	6729
5314	6730
5316	5314
2060	5316
2061	2060
2064	2061
6729	2064
2224	2064
6731	2224
6730	6731
2200	6731
2198	2200
5314	2198
2203	6731
2148	6731
2147	6731
2224	6731
6732	2070
2066	6732
2225	6732
5355	6732
2227	6732
2230	6732
2070	6732
2072	2231
6735	6734
6736	6734
2133	6736
2228	2133
6733	2228
2229	2228
2075	2229
2076	2075
2233	2076
2120	2233
2121	2120
6734	2121
5223	2121
5225	5223
6736	5225
2130	5225
2133	2130
2124	5225
5369	2082
5172	5369
2078	5369
5367	5369
2234	5367
2115	5367
6737	5367
2112	6737
2111	6737
5367	6737
6738	2088
2084	6738
5370	6738
5368	6738
2109	6738
2108	6738
2088	6738
2090	2106
2096	2103
2117	2232
6739	2144
2135	6739
2226	6739
5356	6739
2144	6739
2145	2144
2223	2145
2142	2139
6742	6741
2209	6742
2206	2209
5252	2206
5254	5252
6741	5254
6743	5254
6742	6743
2215	6743
2212	2215
2209	2212
2218	6743
2157	6743
2151	6743
2154	2151
5256	6743
5254	6743
2204	2206
2150	2204
2159	2219
6745	2171
2162	6745
2217	6745
6744	6745
2216	6744
5337	6744
2172	6744
6745	6744
2171	6745
2165	2169
2166	2165
6746	2221
5284	6746
2175	5284
5282	6746
5338	6746
5280	5338
2174	5338
5339	6746
2213	5339
2214	2213
2221	6746
6747	2187
2177	6747
5342	6747
5343	6747
2222	5343
2187	6747
6748	2193
5310	6748
2189	6748
5344	6748
5345	6748
2220	5345
5340	5345
2210	5345
2211	2210
2193	6748
6749	2199
2195	6749
5346	6749
2208	6749
2207	6749
2199	6749
2201	2205
2314	2324
2322	2314
2250	2322
2313	2324
5445	2327
2325	2327
2253	2325
6752	6751
6753	6752
6755	6754
6755	6751
6756	6755
6757	6756
6757	6752
6759	6758
6759	6754
6760	6759
6760	6755
6761	6760
6761	6756
6762	6758
6763	6762
6763	6759
6763	6760
6764	6763
6765	6762
6765	6763
5499	6765
5502	5499
6761	5502
2284	5502
6757	2284
6753	2284
2330	2284
6750	2330
2328	2330
2256	2328
6751	2256
5449	2256
6754	5449
2257	5449
6758	2257
2336	2257
2274	2336
6762	2274
2275	2274
5488	2275
6765	5488
2278	5488
5499	2278
2259	2337
2262	2269
2335	2269
2272	2269
6766	2333
5505	6766
6767	6766
2286	6767
6766	6767
2331	6766
2333	6766
6771	6768
6772	6771
6772	6769
5518	6772
5523	5518
5525	5523
6769	5525
6768	5525
5527	5525
2334	5527
2289	2334
6771	2289
2290	2289
2298	2290
6772	2298
2299	2298
5518	2299
2308	5527
2305	5527
2302	5518
2292	2296
2310	2323
2326	2323
2329	2326
2332	2329
5535	2320
2316	2320
