0	4
2196	4
2196	2197
1	2197
4	7
5	7
7	10
8	10
14	11
10	15
15	18
16	18
18	21
2198	21
2198	2199
19	2199
21	24
22	24
24	27
25	27
27	0
28	0
28	2200
26	2200
2200	30
2201	30
30	33
31	33
33	2202
34	2202
2202	2204
2203	2204
2204	2206
2205	2206
2206	36
2207	36
36	39
2208	39
2208	2210
2209	2210
2209	2211
37	2211
39	2212
40	2212
2212	2214
2213	2214
2214	2216
2215	2216
2216	2
2217	2
40	2220
2218	2220
2218	2221
2219	2221
2219	2222
38	2222
2220	2224
2221	2224
2221	2225
2222	2225
2222	2226
2223	2226
2224	2228
2225	2228
2225	2229
2226	2229
2226	2230
2227	2230
2228	42
2229	42
2229	2232
2230	2232
2230	2233
2231	2233
42	2234
43	2234
2234	2236
2235	2236
2236	2238
2237	2238
2238	3
2239	3
43	45
2240	45
2240	2242
2241	2242
2241	2243
41	2243
45	2244
46	2244
2244	2246
2245	2246
2246	48
2247	48
48	51
49	51
51	2248
52	2248
2248	6
2249	6
52	54
50	54
54	9
2250	9
2250	2253
2251	2253
2251	2254
2252	2254
2252	2255
55	2255
55	57
2256	57
2256	2259
2257	2259
2257	2260
2258	2260
2258	2261
53	2261
57	2262
58	2262
2262	2264
2263	2264
2264	60
2265	60
60	63
2266	63
2266	2267
61	2267
63	2268
64	2268
2268	2270
2269	2270
2270	2272
2271	2272
2272	2274
2273	2274
2274	66
2275	66
66	69
67	69
69	72
2276	72
2276	2278
2277	2278
2277	2279
70	2279
72	14
2280	14
2280	2283
2281	2283
2281	2284
2282	2284
2282	2285
73	2285
73	17
71	17
70	75
2286	75
2286	2288
2287	2288
2287	2289
68	2289
75	78
2290	78
2290	2291
76	2291
78	2293
2292	2293
2292	2294
79	2294
2293	81
2294	81
2294	2296
2295	2296
81	2297
82	2297
2297	20
2298	20
82	2300
2299	2300
2299	2301
80	2301
2300	84
2301	84
2301	2303
2302	2303
84	87
2304	87
2304	2305
85	2305
87	90
88	90
90	32
2306	32
2306	2307
91	2307
91	2308
89	2308
2308	93
2309	93
93	96
2310	96
2310	2313
2311	2313
2311	2314
2312	2314
2312	2315
94	2315
96	99
2316	99
2316	2318
2317	2318
2317	2319
97	2319
99	2321
2320	2321
2320	2322
100	2322
2321	102
2322	102
2322	2324
2323	2324
102	35
2325	35
2325	2326
103	2326
103	105
2327	105
2327	2328
101	2328
105	2329
106	2329
2329	108
2330	108
108	111
2331	111
2331	2332
109	2332
111	2333
112	2333
2333	2335
2334	2335
2335	114
2336	114
114	44
2337	44
2337	2338
115	2338
115	117
2339	117
2339	2341
2340	2341
2340	2342
113	2342
117	120
2343	120
2343	2345
2344	2345
2344	2346
118	2346
120	2347
121	2347
2347	123
2348	123
123	47
2349	47
2349	2350
124	2350
124	126
122	126
126	129
127	129
129	2353
2351	2353
2351	2354
2352	2354
2352	2355
130	2355
2353	56
2354	56
2354	2357
2355	2357
2355	2358
2356	2358
130	132
2359	132
2359	2362
2360	2362
2360	2363
2361	2363
2361	2364
128	2364
132	135
133	135
135	138
136	138
138	2365
139	2365
2365	141
2366	141
141	59
142	59
142	144
140	144
144	147
145	147
147	150
2367	150
2367	2368
148	2368
150	153
151	153
153	156
154	156
156	62
157	62
157	2369
155	2369
2369	159
2370	159
159	162
160	162
162	2371
163	2371
2371	2373
2372	2373
2373	2375
2374	2375
2375	2377
2376	2377
2377	65
2378	65
163	165
2379	165
2379	2380
161	2380
165	2381
166	2381
2381	2383
2382	2383
2383	2385
2384	2385
2385	2387
2386	2387
2387	168
2388	168
168	171
2389	171
2389	2392
2390	2392
2390	2393
2391	2393
2391	2394
169	2394
171	174
2395	174
2395	2398
2396	2398
2396	2399
2397	2399
2397	2400
172	2400
174	74
175	74
175	77
2401	77
2401	2404
2402	2404
2402	2405
2403	2405
2403	2406
173	2406
172	177
2407	177
2407	2408
170	2408
177	2409
178	2409
2409	2411
2410	2411
2411	2413
2412	2413
2413	2415
2414	2415
2415	180
2416	180
180	83
181	83
181	2417
179	2417
2417	2419
2418	2419
2419	2421
2420	2421
2421	183
2422	183
183	2423
184	2423
2423	2425
2424	2425
2425	186
2426	186
186	189
2427	189
2427	2428
187	2428
189	192
2429	192
2429	2432
2430	2432
2430	2433
2431	2433
2431	2434
190	2434
192	195
193	195
195	86
2435	86
2435	2436
196	2436
196	198
2437	198
2437	2438
194	2438
198	92
2439	92
2439	2441
2440	2441
2440	2442
199	2442
199	191
2443	191
2443	2445
2444	2445
2444	2446
197	2446
190	201
2447	201
2447	2448
188	2448
201	2449
202	2449
2449	204
2450	204
204	207
2451	207
2451	2452
205	2452
207	210
208	210
210	213
2453	213
2453	2454
211	2454
213	216
2455	216
2455	2456
214	2456
216	2458
2457	2458
2457	2459
217	2459
2458	2461
2459	2461
2459	2462
2460	2462
2461	95
2462	95
2462	2464
2463	2464
217	2465
215	2465
2465	219
2466	219
219	2467
220	2467
2467	2469
2468	2469
2469	98
2470	98
220	222
218	222
222	2472
2471	2472
2471	2473
223	2473
2472	104
2473	104
2473	2475
2474	2475
223	225
2476	225
2476	2477
221	2477
225	228
226	228
228	231
2478	231
2478	2479
229	2479
231	234
232	234
234	2480
235	2480
2480	237
2481	237
237	107
238	107
238	240
236	240
240	243
241	243
243	246
2482	246
2482	2483
244	2483
246	249
247	249
249	252
250	252
252	110
253	110
253	2484
251	2484
2484	255
2485	255
255	258
256	258
258	261
2486	261
2486	2487
259	2487
261	264
262	264
264	2488
265	2488
2488	2490
2489	2490
2490	116
2491	116
265	267
263	267
267	2492
268	2492
2492	270
2493	270
270	273
271	273
273	119
2494	119
2494	2496
2495	2496
2495	2497
274	2497
274	276
2498	276
2498	2501
2499	2501
2499	2502
2500	2502
2500	2503
272	2503
276	279
2504	279
2504	2506
2505	2506
2505	2507
277	2507
279	2509
2508	2509
2508	2510
280	2510
2509	282
2510	282
2510	2512
2511	2512
282	125
283	125
283	285
281	285
285	131
2513	131
2513	2515
2514	2515
2514	2516
286	2516
286	288
2517	288
2517	2519
2518	2519
2518	2520
284	2520
288	291
289	291
291	134
2521	134
2521	2522
292	2522
292	294
290	294
294	297
295	297
297	2523
298	2523
2523	2525
2524	2525
2525	300
2526	300
300	2527
301	2527
2527	2529
2528	2529
2529	2531
2530	2531
2531	146
2532	146
301	303
2533	303
2533	2534
299	2534
303	2536
2535	2536
2535	2537
304	2537
2536	2539
2537	2539
2537	2540
2538	2540
2539	306
2540	306
2540	2542
2541	2542
306	309
2543	309
2543	2544
307	2544
309	312
2545	312
2545	2547
2546	2547
2546	2548
310	2548
312	2549
313	2549
2549	2551
2550	2551
2551	149
2552	149
313	2554
2553	2554
2553	2555
311	2555
2554	315
2555	315
2555	2557
2556	2557
315	318
2558	318
2558	2559
316	2559
318	164
319	164
319	2561
2560	2561
2560	2562
317	2562
2561	321
2562	321
2562	2564
2563	2564
321	324
2565	324
2565	2566
322	2566
324	327
2567	327
2567	2568
325	2568
327	330
2569	330
2569	2570
328	2570
330	333
2571	333
2571	2575
2572	2575
2572	2576
2573	2576
2573	2577
2574	2577
2574	2578
331	2578
333	167
2579	167
2579	2581
2580	2581
2580	2582
334	2582
334	336
2583	336
2583	2584
332	2584
336	176
2585	176
2585	2586
337	2586
337	2589
2587	2589
2587	2590
2588	2590
2588	2591
335	2591
2589	2593
2590	2593
2590	2594
2591	2594
2591	2595
2592	2595
2593	339
2594	339
2594	2597
2595	2597
2595	2598
2596	2598
339	182
340	182
340	342
2599	342
2599	2601
2600	2601
2600	2602
338	2602
342	345
2603	345
2603	2604
343	2604
345	348
2605	348
2605	2606
346	2606
348	351
349	351
351	185
2607	185
2607	2608
352	2608
352	354
2609	354
2609	2610
350	2610
354	357
355	357
357	200
358	200
358	360
2611	360
2611	2612
356	2612
360	2613
361	2613
2613	203
2614	203
361	363
2615	363
2615	2616
359	2616
363	366
2617	366
2617	2618
364	2618
366	369
2619	369
2619	2620
367	2620
369	372
2621	372
2621	2623
2622	2623
2622	2624
370	2624
372	375
2625	375
2625	2627
2626	2627
2626	2628
373	2628
379	376
375	380
380	383
2629	383
2629	2631
2630	2631
2630	2632
381	2632
383	386
2633	386
2633	2635
2634	2635
2634	2636
384	2636
386	2638
2637	2638
2637	2639
387	2639
2638	389
2639	389
2639	2641
2640	2641
389	206
390	206
390	392
2642	392
2642	2643
388	2643
392	209
2644	209
2644	2645
393	2645
393	395
391	395
395	398
2646	398
2646	2647
396	2647
398	2648
399	2648
2648	212
2649	212
399	401
2650	401
2650	2651
397	2651
401	2652
402	2652
2652	404
2653	404
404	224
2654	224
2654	2655
405	2655
405	407
2656	407
2656	2657
403	2657
407	410
2658	410
2658	2660
2659	2660
2659	2661
408	2661
410	2662
411	2662
2662	2664
2663	2664
2664	227
2665	227
411	413
2666	413
2666	2668
2667	2668
2667	2669
409	2669
413	2671
2670	2671
2670	2672
414	2672
2671	2674
2672	2674
2672	2675
2673	2675
2674	416
2675	416
2675	2677
2676	2677
416	419
2678	419
2678	2680
2679	2680
2679	2681
417	2681
419	422
2682	422
2682	2685
2683	2685
2683	2686
2684	2686
2684	2687
420	2687
422	425
2688	425
2688	2691
2689	2691
2689	2692
2690	2692
2690	2693
423	2693
425	2694
426	2694
2694	2696
2695	2696
2696	260
2697	260
426	428
2698	428
2698	2700
2699	2700
2699	2701
424	2701
428	431
2702	431
2702	2704
2703	2704
2703	2705
429	2705
431	266
2706	266
2706	2707
432	2707
432	434
2708	434
2708	2709
430	2709
434	2710
435	2710
2710	2712
2711	2712
2712	269
2713	269
435	2714
433	2714
2714	2716
2715	2716
2716	2718
2717	2718
2718	2720
2719	2720
2720	2722
2721	2722
2722	437
2723	437
437	440
2724	440
2724	2726
2725	2726
2725	2727
438	2727
440	2728
441	2728
2728	2730
2729	2730
2730	443
2731	443
443	446
2732	446
2732	2734
2733	2734
2733	2735
444	2735
446	275
2736	275
2736	2738
2737	2738
2737	2739
447	2739
447	2740
445	2740
2740	449
2741	449
449	439
2742	439
2742	2744
2743	2744
2743	2745
450	2745
450	2748
2746	2748
2746	2749
2747	2749
2747	2750
448	2750
2748	442
2749	442
2749	2752
2750	2752
2750	2753
2751	2753
438	368
2754	368
2754	2757
2755	2757
2755	2758
2756	2758
2756	2759
436	2759
429	452
2760	452
2760	2761
427	2761
452	2762
453	2762
2762	2764
2763	2764
2764	455
2765	455
455	458
2766	458
2766	2768
2767	2768
2767	2769
456	2769
458	461
2770	461
2770	2772
2771	2772
2771	2773
459	2773
461	464
2774	464
2774	2776
2775	2776
2775	2777
462	2777
464	371
465	371
465	374
2778	374
2778	2780
2779	2780
2779	2781
463	2781
462	467
460	467
467	470
2782	470
2782	2784
2783	2784
2783	2785
468	2785
470	2786
471	2786
2786	2788
2787	2788
2788	2790
2789	2790
2790	473
2791	473
473	476
2792	476
2792	2793
474	2793
476	479
2794	479
2794	2796
2795	2796
2795	2797
477	2797
479	379
2798	379
2798	2800
2799	2800
2799	2801
480	2801
480	382
478	382
477	482
2802	482
2802	2803
475	2803
482	485
483	485
485	385
2804	385
2804	2805
486	2805
486	394
2806	394
2806	2807
484	2807
483	488
2808	488
2808	2809
481	2809
488	491
489	491
491	494
2810	494
2810	2811
492	2811
494	400
2812	400
2812	2813
495	2813
495	406
2814	406
2814	2817
2815	2817
2815	2818
2816	2818
2816	2819
493	2819
492	497
490	497
497	500
2820	500
2820	2821
498	2821
500	503
2822	503
2822	2825
2823	2825
2823	2826
2824	2826
2824	2827
501	2827
503	506
2828	506
2828	2831
2829	2831
2829	2832
2830	2832
2830	2833
504	2833
506	509
2834	509
2834	2837
2835	2837
2835	2838
2836	2838
2836	2839
507	2839
509	512
2840	512
2840	2843
2841	2843
2841	2844
2842	2844
2842	2845
510	2845
512	515
2846	515
2846	2849
2847	2849
2847	2850
2848	2850
2848	2851
513	2851
515	518
2852	518
2852	2855
2853	2855
2853	2856
2854	2856
2854	2857
516	2857
518	521
2858	521
2858	2859
519	2859
521	418
522	418
522	421
520	421
525	517
519	526
526	529
2860	529
2860	2863
2861	2863
2861	2864
2862	2864
2862	2865
527	2865
533	530
529	534
534	537
2866	537
2866	2868
2867	2868
2867	2869
535	2869
537	540
2870	540
2870	2871
538	2871
540	543
2872	543
2872	2875
2873	2875
2873	2876
2874	2876
2874	2877
541	2877
543	546
2878	546
2878	2880
2879	2880
2879	2881
544	2881
546	549
2882	549
2882	2884
2883	2884
2883	2885
547	2885
549	2887
2886	2887
2886	2888
550	2888
2887	451
2888	451
2888	2890
2889	2890
550	454
2891	454
2891	2893
2892	2893
2892	2894
548	2894
547	552
545	552
552	555
2895	555
2895	2896
553	2896
555	558
2897	558
2897	2898
556	2898
558	457
559	457
559	561
2899	561
2899	2900
557	2900
561	466
2901	466
2901	2902
562	2902
562	2903
560	2903
2903	2905
2904	2905
2905	564
2906	564
564	567
2907	567
2907	2908
565	2908
567	2909
568	2909
2909	2911
2910	2911
2911	570
2912	570
570	2914
2913	2914
2913	2915
571	2915
2914	573
2915	573
2915	2917
2916	2917
573	469
2918	469
2918	2920
2919	2920
2919	2921
574	2921
574	576
2922	576
2922	2923
572	2923
576	579
577	579
579	582
2924	582
2924	2925
580	2925
582	585
2926	585
2926	2927
583	2927
585	588
2928	588
2928	2929
586	2929
588	472
2930	472
2930	2931
589	2931
589	591
587	591
591	594
2932	594
2932	2933
592	2933
594	597
595	597
598	2934
501	2934
2935	2934
597	499
2936	499
2936	2937
598	602
2938	602
2938	2940
2939	2940
2939	2941
596	2941
602	2944
2942	2944
2942	2945
2943	2945
2943	2946
603	2946
2944	605
2945	605
2945	2948
2946	2948
2946	2949
2947	2949
605	608
606	608
608	611
609	611
615	612
611	616
616	2950
617	2950
2950	2952
2951	2952
2952	619
2953	619
619	622
2954	622
2954	2955
620	2955
622	502
623	502
623	505
621	505
620	625
618	625
625	628
626	628
628	631
629	631
631	634
2956	634
2956	2957
632	2957
634	637
635	637
637	508
638	508
638	511
636	511
635	2958
633	2958
2958	2960
2959	2960
2960	640
2961	640
640	643
2962	643
2962	2964
2963	2964
2963	2965
641	2965
643	514
2966	514
2966	2968
2967	2968
2967	2969
644	2969
644	646
2970	646
2970	2971
642	2971
646	649
647	649
649	652
2972	652
2972	2976
2973	2976
2973	2977
2974	2977
2974	2978
2975	2978
2975	2979
650	2979
652	655
2980	655
2980	2983
2981	2983
2981	2984
2982	2984
2982	2985
653	2985
655	658
2986	658
2986	2987
656	2987
658	525
659	525
659	2988
657	2988
2988	528
2989	528
656	661
2990	661
2990	2992
2991	2992
2991	2993
654	2993
661	2995
2994	2995
2994	2996
662	2996
2995	2998
2996	2998
2996	2999
2997	2999
2998	664
2999	664
2999	3001
3000	3001
664	667
3002	667
3002	3003
665	3003
667	670
3004	670
3004	3007
3005	3007
3005	3008
3006	3008
3006	3009
668	3009
670	673
3010	673
3010	3013
3011	3013
3011	3014
3012	3014
3012	3015
671	3015
673	676
3016	676
3016	3018
3017	3018
3017	3019
674	3019
676	533
3020	533
3020	3021
677	3021
677	679
3022	679
3022	3024
3023	3024
3023	3025
675	3025
679	536
3026	536
3026	3027
680	3027
680	539
3028	539
3028	3029
678	3029
674	3030
672	3030
3030	3032
3031	3032
3032	3034
3033	3034
3034	682
3035	682
682	554
683	554
683	685
3036	685
3036	3037
681	3037
685	688
686	688
688	3038
689	3038
3038	691
3039	691
691	563
692	563
692	694
690	694
694	697
695	697
697	700
3040	700
3040	3041
698	3041
700	703
701	703
703	706
704	706
706	566
707	566
707	709
705	709
709	712
3042	712
3042	3044
3043	3044
3043	3045
710	3045
712	715
3046	715
3046	3048
3047	3048
3047	3049
713	3049
715	718
3050	718
3050	3053
3051	3053
3051	3054
3052	3054
3052	3055
716	3055
718	721
719	721
721	569
3056	569
3056	3057
722	3057
722	3058
720	3058
3058	575
3059	575
719	724
3060	724
3060	3063
3061	3063
3061	3064
3062	3064
3062	3065
717	3065
724	727
725	727
727	578
728	578
728	730
726	730
730	733
3066	733
3066	3068
3067	3068
3067	3069
731	3069
733	736
3070	736
3070	3073
3071	3073
3071	3074
3072	3074
3072	3075
734	3075
736	739
3076	739
3076	3078
3077	3078
3077	3079
737	3079
739	581
740	581
740	604
3080	604
3080	3082
3081	3082
3081	3083
738	3083
737	3084
735	3084
3084	742
3085	742
742	745
3086	745
3086	3088
3087	3088
3087	3089
743	3089
749	746
745	750
754	751
750	755
755	758
3090	758
3090	3094
3091	3094
3091	3095
3092	3095
3092	3096
3093	3096
3093	3097
756	3097
762	759
758	763
3098	763
3098	3099
767	764
763	768
3100	768
3100	3101
768	607
769	607
612	767
769	610
764	773
3102	773
3102	3103
762	3103
773	776
774	776
776	3104
777	3104
3104	3106
3105	3106
3106	3108
3107	3108
3108	3110
3109	3110
3110	3112
3111	3112
3112	779
3113	779
779	782
3114	782
3114	3115
780	3115
783	3116
784	3116
3117	3116
782	785
617	786
785	615
786	3118
784	3118
3118	788
3119	788
788	791
789	791
791	3120
792	3120
3120	624
3121	624
792	3122
790	3122
3122	627
3123	627
789	794
3124	794
3124	3125
787	3125
794	797
795	797
797	3126
798	3126
3126	3128
3127	3128
3128	800
3129	800
800	3130
801	3130
3130	3132
3131	3132
3132	630
3133	630
801	803
3134	803
3134	3135
799	3135
803	3137
3136	3137
3136	3138
804	3138
3137	806
3138	806
3138	3140
3139	3140
806	639
3141	639
3141	3143
3142	3143
3142	3144
807	3144
807	809
3145	809
3145	3146
805	3146
809	812
3147	812
3147	3148
810	3148
812	815
3149	815
3149	3150
813	3150
815	818
3151	818
3151	3153
3152	3153
3152	3154
816	3154
818	821
3155	821
3155	3158
3156	3158
3156	3159
3157	3159
3157	3160
819	3160
821	824
3161	824
3161	3163
3162	3163
3162	3164
822	3164
824	645
825	645
825	648
3165	648
3165	3168
3166	3168
3166	3169
3167	3169
3167	3170
823	3170
822	3171
820	3171
3171	3173
3172	3173
3173	827
3174	827
827	830
828	830
830	651
3175	651
3175	3176
831	3176
831	833
3177	833
3177	3178
829	3178
833	660
834	660
834	3181
3179	3181
3179	3182
3180	3182
3180	3183
832	3183
3181	836
3182	836
3182	3185
3183	3185
3183	3186
3184	3186
836	839
3187	839
3187	3189
3188	3189
3188	3190
837	3190
839	842
3191	842
3191	3192
840	3192
842	845
3193	845
3193	3194
843	3194
845	848
3195	848
3195	3196
846	3196
848	3197
849	3197
3197	663
3198	663
849	851
3199	851
3199	3200
847	3200
851	854
3201	854
3201	3202
852	3202
668	855
854	666
855	859
3203	859
3203	3207
3204	3207
3204	3208
3205	3208
3205	3209
3206	3209
3206	3210
853	3210
859	862
3211	862
3211	3213
3212	3213
3212	3214
860	3214
862	865
3215	865
3215	3217
3216	3217
3216	3218
863	3218
865	3219
866	3219
3219	669
3220	669
866	868
3221	868
3221	3223
3222	3223
3222	3224
864	3224
868	871
869	871
871	3225
872	3225
3225	3227
3226	3227
3227	3229
3228	3229
3229	3231
3230	3231
3231	684
3232	684
872	3233
870	3233
3233	3235
3234	3235
3235	3237
3236	3237
3237	3239
3238	3239
3239	696
3240	696
869	874
3241	874
3241	3243
3242	3243
3242	3244
867	3244
874	877
3245	877
3245	3247
3246	3247
3246	3248
875	3248
877	3251
3249	3251
3249	3252
3250	3252
3250	3253
878	3253
3251	3255
3252	3255
3252	3256
3253	3256
3253	3257
3254	3257
3255	880
3256	880
3256	3259
3257	3259
3257	3260
3258	3260
880	699
881	699
881	883
3261	883
3261	3263
3262	3263
3262	3264
879	3264
883	702
884	702
884	886
3265	886
3265	3267
3266	3267
3266	3268
882	3268
886	889
3269	889
3269	3271
3270	3271
3270	3272
887	3272
889	708
3273	708
3273	3275
3274	3275
3274	3276
890	3276
890	892
888	892
892	895
3277	895
3277	3278
893	3278
895	898
896	898
898	901
899	901
901	904
902	904
904	907
3279	907
3279	3280
905	3280
907	711
908	711
908	714
906	714
905	3281
903	3281
3281	3283
3282	3283
3283	910
3284	910
910	3286
3285	3286
3285	3287
911	3287
3286	913
3287	913
3287	3289
3288	3289
913	916
3290	916
3290	3291
914	3291
916	919
3292	919
3292	3294
3293	3294
3293	3295
917	3295
919	922
3296	922
3296	3297
920	3297
922	723
3298	723
3298	3301
3299	3301
3299	3302
3300	3302
3300	3303
923	3303
923	925
3304	925
3304	3305
921	3305
925	729
3306	729
3306	3308
3307	3308
3307	3309
926	3309
926	918
924	918
917	928
915	928
928	931
3310	931
3310	3311
929	3311
931	934
932	934
934	732
3312	732
3312	3314
3313	3314
3313	3315
935	3315
935	741
3316	741
3316	3318
3317	3318
3317	3319
933	3319
932	937
3320	937
3320	3321
930	3321
937	940
3322	940
3322	3323
938	3323
940	744
3324	744
3324	3327
3325	3327
3325	3328
3326	3328
3326	3329
941	3329
941	3331
3330	3331
3330	3332
939	3332
3331	3334
3332	3334
3332	3335
3333	3335
3334	943
3335	943
3335	3337
3336	3337
943	946
3338	946
3338	3339
944	3339
946	949
947	949
949	952
950	952
952	3340
953	3340
3340	3342
3341	3342
3342	3344
3343	3344
3344	3346
3345	3346
3346	749
3347	749
953	3348
951	3348
3348	3350
3349	3350
3350	955
3351	955
955	958
3352	958
3352	3354
3353	3354
3353	3355
956	3355
958	3358
3356	3358
3356	3359
3357	3359
3357	3360
959	3360
3358	961
3359	961
3359	3362
3360	3362
3360	3363
3361	3363
961	754
3364	754
3364	3365
962	3365
962	757
3366	757
3366	3367
960	3367
959	964
957	964
964	3368
965	3368
3368	772
3369	772
965	967
963	967
967	970
3370	970
3370	3371
968	3371
970	973
971	973
973	3372
974	3372
3372	976
3373	976
976	3374
977	3374
3374	3376
3375	3376
3376	3378
3377	3378
3378	775
3379	775
977	979
975	979
979	982
3380	982
3380	3381
980	3381
982	3383
3382	3383
3382	3384
983	3384
3383	3386
3384	3386
3384	3387
3385	3387
3386	3389
3387	3389
3387	3390
3388	3390
3389	3392
3390	3392
3390	3393
3391	3393
3392	3395
3393	3395
3393	3396
3394	3396
3395	985
3396	985
3396	3398
3397	3398
985	988
3399	988
3399	3400
986	3400
988	991
989	991
991	3401
992	3401
3401	3403
3402	3403
3403	3405
3404	3405
3405	994
3406	994
994	778
995	778
995	3407
993	3407
3407	997
3408	997
997	1000
998	1000
1000	1003
3409	1003
3409	3410
1001	3410
1003	1006
3411	1006
3411	3412
1004	3412
1007	3413
783	3413
3414	3413
1006	781
1007	1009
3415	1009
3415	3419
3416	3419
3416	3420
3417	3420
3417	3421
3418	3421
3418	3422
1005	3422
1009	793
1010	793
1010	1012
3423	1012
3423	3426
3424	3426
3424	3427
3425	3427
3425	3428
1008	3428
1012	1015
3429	1015
3429	3433
3430	3433
3430	3434
3431	3434
3431	3435
3432	3435
3432	3436
1013	3436
1015	1018
3437	1018
3437	3441
3438	3441
3438	3442
3439	3442
3439	3443
3440	3443
3440	3444
1016	3444
1018	1021
3445	1021
3445	3446
1019	3446
1021	796
1022	796
1022	3447
1020	3447
3447	3449
3448	3449
3449	1024
3450	1024
1024	3451
1025	3451
3451	1027
3452	1027
1027	1030
3453	1030
3453	3454
1028	3454
1030	802
1031	802
1031	1033
3455	1033
3455	3456
1029	3456
1033	808
1034	808
1034	811
3457	811
3457	3458
1032	3458
1028	1036
1026	1036
1036	3460
3459	3460
3459	3461
1037	3461
3460	1039
3461	1039
3461	3463
3462	3463
1039	1042
1040	1042
1042	814
3464	814
3464	3467
3465	3467
3465	3468
3466	3468
3466	3469
1043	3469
1043	1045
3470	1045
3470	3473
3471	3473
3471	3474
3472	3474
3472	3475
1041	3475
1045	1048
3476	1048
3476	3480
3477	3480
3477	3481
3478	3481
3478	3482
3479	3482
3479	3483
1046	3483
1048	1051
3484	1051
3484	3486
3485	3486
3485	3487
1049	3487
1051	1054
3488	1054
3488	3490
3489	3490
3489	3491
1052	3491
1054	1057
3492	1057
3492	3493
1055	3493
1057	1060
1058	1060
1060	3494
1061	3494
3494	3496
3495	3496
3496	3498
3497	3498
3498	3500
3499	3500
3500	3502
3501	3502
3502	3504
3503	3504
3504	817
3505	817
1061	1063
3506	1063
3506	3507
1059	3507
1063	3508
1064	3508
3508	3510
3509	3510
3510	3512
3511	3512
3512	3514
3513	3514
3514	1066
3515	1066
1066	3516
1067	3516
3516	1069
3517	1069
1069	3518
1070	3518
3518	3520
3519	3520
3520	3522
3521	3522
3522	3524
3523	3524
3524	1072
3525	1072
1072	826
3526	826
3526	3527
1073	3527
1073	1075
1071	1075
1075	3528
1076	3528
3528	1078
3529	1078
1078	1081
1079	1081
1081	3530
1082	3530
3530	3532
3531	3532
3532	835
3533	835
1082	1084
3534	1084
3534	3535
1080	3535
1084	3536
1085	3536
3536	3538
3537	3538
3538	1087
3539	1087
1087	1090
3540	1090
3540	3541
1088	3541
1090	3543
3542	3543
3542	3544
1091	3544
3543	838
3544	838
3544	3546
3545	3546
1091	3547
1089	3547
3547	841
3548	841
1088	3549
1086	3549
3549	1093
3550	1093
1093	3551
1094	3551
3551	1096
3552	1096
1096	3553
1097	3553
3553	3555
3554	3555
3555	1099
3556	1099
1099	844
3557	844
3557	3558
1100	3558
1100	1102
1098	1102
1102	1105
1103	1105
1105	3560
3559	3560
3559	3561
1106	3561
3560	1108
3561	1108
3561	3563
3562	3563
1108	850
3564	850
3564	3565
1109	3565
1109	1111
3566	1111
3566	3567
1107	3567
1111	1114
3568	1114
3568	3570
3569	3570
3569	3571
1112	3571
1114	858
3572	858
3572	3573
1115	3573
1115	861
1113	861
1112	1117
3574	1117
3574	3577
3575	3577
3575	3578
3576	3578
3576	3579
1110	3579
1117	3581
3580	3581
3580	3582
1118	3582
3581	3584
3582	3584
3582	3585
3583	3585
3584	1120
3585	1120
3585	3587
3586	3587
1120	1123
3588	1123
3588	3591
3589	3591
3589	3592
3590	3592
3590	3593
1121	3593
1123	3594
1124	3594
3594	3596
3595	3596
3596	3598
3597	3598
3598	1126
3599	1126
1126	1129
3600	1129
3600	3601
1127	3601
1129	3602
1130	3602
3602	3604
3603	3604
3604	3606
3605	3606
3606	3608
3607	3608
3608	1132
3609	1132
1132	3610
1133	3610
3610	1135
3611	1135
1135	873
1136	873
1136	876
1134	876
1133	3612
1131	3612
3612	3614
3613	3614
3614	3616
3615	3616
3616	3618
3617	3618
3618	894
3619	894
1130	1138
1128	1138
1138	3620
1139	3620
3620	897
3621	897
1139	3622
1137	3622
3622	900
3623	900
1127	1141
1125	1141
1141	1144
1142	1144
1144	3624
1145	3624
3624	1147
3625	1147
1147	909
3626	909
3626	3627
1148	3627
1148	1150
1146	1150
1150	936
3628	936
3628	3630
3629	3630
3629	3631
1151	3631
1151	1153
3632	1153
3632	3634
3633	3634
3633	3635
1149	3635
1153	1156
3636	1156
3636	3638
3637	3638
3637	3639
1154	3639
1156	1159
1157	1159
1159	1162
3640	1162
3640	3641
1160	3641
1162	942
1163	942
1163	1165
1161	1165
1165	945
3642	945
3642	3643
1166	3643
1166	1168
3644	1168
3644	3645
1164	3645
1168	1171
1169	1171
1171	1174
3646	1174
3646	3648
3647	3648
3647	3649
1172	3649
1174	1177
3650	1177
3650	3653
3651	3653
3651	3654
3652	3654
3652	3655
1175	3655
1177	3656
1178	3656
3656	948
3657	948
1178	1180
3658	1180
3658	3661
3659	3661
3659	3662
3660	3662
3660	3663
1176	3663
1180	1183
1181	1183
1183	1186
3664	1186
3664	3665
1184	3665
1186	954
3666	954
3666	3667
1187	3667
1187	1189
1185	1189
1189	3668
1190	3668
3668	966
3669	966
1190	1192
1188	1192
1192	3670
1193	3670
3670	1195
3671	1195
1195	3672
1196	3672
3672	3674
3673	3674
3674	969
3675	969
1196	1198
3676	1198
3676	3677
1194	3677
1198	3678
1199	3678
3678	3680
3679	3680
3680	3682
3681	3682
3682	1201
3683	1201
1201	1204
1202	1204
1204	3684
1205	3684
3684	972
3685	972
1205	978
1203	978
1202	1207
3686	1207
3686	3687
1200	3687
1207	1210
1208	1210
1210	987
1211	987
1211	3688
1209	3688
3688	1213
3689	1213
1213	3690
1214	3690
3690	990
3691	990
1214	1216
1212	1216
1216	1219
3692	1219
3692	3693
1217	3693
1219	996
1220	996
1220	3694
1218	3694
3694	1222
3695	1222
1222	1225
1223	1225
1225	3696
1226	3696
3696	999
3697	999
1226	1228
1224	1228
1228	3698
1229	3698
3698	1231
3699	1231
1231	1014
1232	1014
1232	3700
1230	3700
3700	1234
3701	1234
1234	1237
3702	1237
3702	3704
3703	3704
3703	3705
1235	3705
1237	3706
1238	3706
3706	3708
3707	3708
3708	1240
3709	1240
1240	1243
3710	1243
3710	3711
1241	3711
1243	1246
1244	1246
1246	1017
3712	1017
3712	3715
3713	3715
3713	3716
3714	3716
3714	3717
1247	3717
1247	1249
3718	1249
3718	3721
3719	3721
3719	3722
3720	3722
3720	3723
1245	3723
1249	3724
1250	3724
3724	1023
3725	1023
1250	1252
3726	1252
3726	3728
3727	3728
3727	3729
1248	3729
1252	3730
1253	3730
3730	3732
3731	3732
3732	1255
3733	1255
1255	1258
3734	1258
3734	3735
1256	3735
1258	3736
1259	3736
3736	3738
3737	3738
3738	1261
3739	1261
1261	1035
3740	1035
3740	3742
3741	3742
3741	3743
1262	3743
1262	1264
3744	1264
3744	3746
3745	3746
3745	3747
1260	3747
1264	1267
1265	1267
1267	1270
3748	1270
3748	3749
1268	3749
1270	3750
1271	3750
3750	1273
3751	1273
1273	1276
3752	1276
3752	3754
3753	3754
3753	3755
1274	3755
1276	1047
3756	1047
3756	3757
1277	3757
1277	1050
1275	1050
1274	1279
3758	1279
3758	3759
1272	3759
1279	3761
3760	3761
3760	3762
1280	3762
3761	3764
3762	3764
3762	3765
3763	3765
3764	1282
3765	1282
3765	3767
3766	3767
1282	1285
1283	1285
1285	3769
3768	3769
3768	3770
1286	3770
3769	3772
3770	3772
3770	3773
3771	3773
3772	1288
3773	1288
3773	3775
3774	3775
1288	3776
1289	3776
3776	3778
3777	3778
3778	3780
3779	3780
3780	1291
3781	1291
1291	3783
3782	3783
3782	3784
1292	3784
3783	1053
3784	1053
3784	3786
3785	3786
1292	3787
1290	3787
3787	1095
3788	1095
1289	1294
3789	1294
3789	3790
1287	3790
1294	3791
1295	3791
3791	3793
3792	3793
3793	1297
3794	1297
1297	1101
3795	1101
3795	3796
1298	3796
1298	1300
3797	1300
3797	3798
1296	3798
1300	1303
1301	1303
1303	3799
1304	3799
3799	1104
3800	1104
1304	1306
3801	1306
3801	3802
1302	3802
1306	3803
1307	3803
3803	1309
3804	1309
1309	1312
3805	1312
3805	3806
1310	3806
1312	1315
3807	1315
3807	3808
1313	3808
1315	1122
3809	1122
3809	3812
3810	3812
3810	3813
3811	3813
3811	3814
1316	3814
1316	1318
3815	1318
3815	3816
1314	3816
1318	1321
3817	1321
3817	3818
1319	3818
1321	1324
1322	1324
1324	1140
1325	1140
1325	1143
1323	1143
1322	1152
1320	1152
1319	1327
1317	1327
1327	1330
3819	1330
3819	3820
1328	3820
1330	1333
1331	1333
1333	1336
3821	1336
3821	3824
3822	3824
3822	3825
3823	3825
3823	3826
1334	3826
1336	1155
3827	1155
3827	3829
3828	3829
3828	3830
1337	3830
1337	1158
1335	1158
1334	1339
3831	1339
3831	3834
3832	3834
3832	3835
3833	3835
3833	3836
1332	3836
1343	1340
1339	1344
1344	1347
3837	1347
3837	3838
1345	3838
1347	1350
3839	1350
3839	3840
1348	3840
1350	1353
3841	1353
3841	3842
1351	3842
1353	1356
3843	1356
3843	3845
3844	3845
3844	3846
1354	3846
1360	1357
1356	1361
1361	3848
3847	3848
3847	3849
1362	3849
3848	1167
3849	1167
3849	3851
3850	3851
1362	1364
3852	1364
3852	3855
3853	3855
3853	3856
3854	3856
3854	3857
1360	3857
1364	1170
3858	1170
3858	3860
3859	3860
3859	3861
1365	3861
1365	1367
1363	1367
1367	3862
1368	3862
3862	1173
3863	1173
1368	1370
3864	1370
3864	3865
1366	3865
1370	1373
1371	1373
1373	1376
3866	1376
3866	3868
3867	3868
3867	3869
1374	3869
1376	1379
3870	1379
3870	3872
3871	3872
3871	3873
1377	3873
1379	1382
3874	1382
3874	3876
3875	3876
3875	3877
1380	3877
1382	1385
3878	1385
3878	3880
3879	3880
3879	3881
1383	3881
1385	1388
3882	1388
3882	3885
3883	3885
3883	3886
3884	3886
3884	3887
1386	3887
1388	1391
3888	1391
3888	3891
3889	3891
3889	3892
3890	3892
3890	3893
1389	3893
1391	1394
3894	1394
3894	3897
3895	3897
3895	3898
3896	3898
3896	3899
1392	3899
1394	1397
3900	1397
3900	3903
3901	3903
3901	3904
3902	3904
3902	3905
1395	3905
1397	1179
3906	1179
3906	3908
3907	3908
3907	3909
1398	3909
1398	1182
3910	1182
3910	3911
1396	3911
1395	3913
3912	3913
3912	3914
1393	3914
3913	1400
3914	1400
3914	3916
3915	3916
1400	1191
1401	1191
1401	3918
3917	3918
3917	3919
1399	3919
3918	3921
3919	3921
3919	3922
3920	3922
3921	3924
3922	3924
3922	3925
3923	3925
3924	3927
3925	3927
3925	3928
3926	3928
3927	1403
3928	1403
3928	3930
3929	3930
1403	1406
3931	1406
3931	3933
3932	3933
3932	3934
1404	3934
1406	1409
1407	1409
1409	3935
1410	3935
3935	1412
3936	1412
1412	1415
3937	1415
3937	3938
1413	3938
1415	3940
3939	3940
3939	3941
1416	3941
3940	1197
3941	1197
3941	3943
3942	3943
1416	3944
1414	3944
3944	3946
3945	3946
3946	3948
3947	3948
3948	1206
3949	1206
1413	3950
1411	3950
3950	3952
3951	3952
3952	1215
3953	1215
1410	1221
1408	1221
1407	1418
3954	1418
3954	3956
3955	3956
3955	3957
1405	3957
1418	1421
3958	1421
3958	3960
3959	3960
3959	3961
1419	3961
1421	1424
3962	1424
3962	3964
3963	3964
3963	3965
1422	3965
1424	1227
3966	1227
3966	3967
1425	3967
1425	1233
3968	1233
3968	3970
3969	3970
3969	3971
1423	3971
1422	1427
1420	1427
1427	1430
3972	1430
3972	3974
3973	3974
3973	3975
1428	3975
1430	3976
1431	3976
3976	1433
3977	1433
1433	1236
3978	1236
3978	3979
1434	3979
1434	1436
3980	1436
3980	3982
3981	3982
3981	3983
1432	3983
1436	3985
3984	3985
3984	3986
1437	3986
3985	1439
3986	1439
3986	3988
3987	3988
1439	1442
3989	1442
3989	3991
3990	3991
3990	3992
1440	3992
1442	1445
3993	1445
3993	3994
1443	3994
1445	3996
3995	3996
3995	3997
1446	3997
3996	1448
3997	1448
3997	3999
3998	3999
1448	1451
1449	1451
1451	1239
4000	1239
4000	4002
4001	4002
4001	4003
1452	4003
1452	1454
4004	1454
4004	4006
4005	4006
4005	4007
1450	4007
1454	1457
1455	1457
1457	1242
4008	1242
4008	4009
1458	4009
1458	1251
4010	1251
4010	4011
1456	4011
1455	1352
4012	1352
4012	4014
4013	4014
4013	4015
1453	4015
1449	4017
4016	4017
4016	4018
1447	4018
4017	1355
4018	1355
4018	4020
4019	4020
1446	4022
4021	4022
4021	4023
1444	4023
4022	1460
4023	1460
4023	4025
4024	4025
1460	1463
4026	1463
4026	4029
4027	4029
4027	4030
4028	4030
4028	4031
1461	4031
1463	4032
1464	4032
4032	1369
4033	1369
1464	1372
4034	1372
4034	4036
4035	4036
4035	4037
1462	4037
1461	1466
4038	1466
4038	4039
1459	4039
1466	4040
1467	4040
4040	4042
4041	4042
4042	1469
4043	1469
1469	1472
1470	1472
1472	1375
1473	1375
1473	1378
1471	1378
1470	4044
1468	4044
4044	4046
4045	4046
4046	4048
4047	4048
4048	1475
4049	1475
1475	1478
4050	1478
4050	4051
1476	4051
1478	1481
4052	1481
4052	4054
4053	4054
4053	4055
1479	4055
1481	1484
4056	1484
4056	4058
4057	4058
4057	4059
1482	4059
1484	4060
1485	4060
4060	4062
4061	4062
4062	1487
4063	1487
1487	1490
4064	1490
4064	4066
4065	4066
4065	4067
1488	4067
1490	4069
4068	4069
4068	4070
1491	4070
4069	1493
4070	1493
4070	4072
4071	4072
1493	1381
1494	1381
1494	1384
4073	1384
4073	4074
1492	4074
1491	1496
4075	1496
4075	4076
1489	4076
1496	1499
4077	1499
4077	4078
1497	4078
1499	1502
4079	1502
4079	4081
4080	4081
4080	4082
1500	4082
1502	1505
4083	1505
4083	4085
4084	4085
4084	4086
1503	4086
1505	1508
4087	1508
4087	4089
4088	4089
4088	4090
1506	4090
1508	1511
1509	1511
1511	1514
4091	1514
4091	4092
1512	4092
1514	1387
1515	1387
1515	1390
1513	1390
1512	1517
1510	1517
1517	1520
4093	1520
4093	4095
4094	4095
4094	4096
1518	4096
1520	4098
4097	4098
4097	4099
1521	4099
4098	1523
4099	1523
4099	4101
4100	4101
1523	1526
1524	1526
1526	1402
4102	1402
4102	4104
4103	4104
4103	4105
1527	4105
1527	1529
4106	1529
4106	4109
4107	4109
4107	4110
4108	4110
4108	4111
1525	4111
1529	1532
4112	1532
4112	4114
4113	4114
4113	4115
1530	4115
1532	1535
4116	1535
4116	4117
1533	4117
1535	1538
4118	1538
4118	4119
1536	4119
1538	1417
1539	1417
1539	1426
4120	1426
4120	4121
1537	4121
1536	1541
1534	1541
1541	1544
4122	1544
4122	4125
4123	4125
4123	4126
4124	4126
4124	4127
1542	4127
1544	1547
4128	1547
4128	4132
4129	4132
4129	4133
4130	4133
4130	4134
4131	4134
4131	4135
1545	4135
1551	1548
1547	1552
1552	1555
4136	1555
4136	4137
1553	4137
1555	1558
1556	1558
1558	4138
1559	4138
4138	4140
4139	4140
4140	4142
4141	4142
4142	4144
4143	4144
4144	4146
4145	4146
4146	4148
4147	4148
4148	4150
4149	4150
4150	4152
4151	4152
4152	4154
4153	4154
4154	4156
4155	4156
4156	4158
4157	4158
4158	1561
4159	1561
1561	1564
1562	1564
1564	1429
4160	1429
4160	4161
1565	4161
1565	4163
4162	4163
4162	4164
1563	4164
4163	4166
4164	4166
4164	4167
4165	4167
4166	1567
4167	1567
4167	4169
4168	4169
1567	1570
4170	1570
4170	4172
4171	4172
4171	4173
1568	4173
1570	1573
4174	1573
4174	4175
1571	4175
1573	1441
4176	1441
4176	4178
4177	4178
4177	4179
1574	4179
1574	1576
4180	1576
4180	4181
1572	4181
1576	1579
4182	1579
4182	4183
1577	4183
1579	1465
1580	1465
1580	4184
1578	4184
4184	4186
4185	4186
4186	1582
4187	1582
1582	4188
1583	4188
4188	1474
4189	1474
1583	1585
1581	1585
1585	1554
4190	1554
4190	4191
1586	4191
1586	1588
1584	1588
1588	4192
1589	4192
4192	4194
4193	4194
4194	1591
4195	1591
1591	1594
1592	1594
1594	4196
1595	4196
4196	1597
4197	1597
1597	1600
1598	1600
1600	1557
4198	1557
4198	4199
1601	4199
1601	4200
1599	4200
4200	4202
4201	4202
4202	4204
4203	4204
4204	4206
4205	4206
4206	1603
4207	1603
1603	4208
1604	4208
4208	1606
4209	1606
1606	4210
1607	4210
4210	4212
4211	4212
4212	4214
4213	4214
4214	4216
4215	4216
4216	1609
4217	1609
1609	1560
4218	1560
4218	4219
1610	4219
1610	1612
1608	1612
1612	4220
1613	4220
4220	1615
4221	1615
1615	1618
1616	1618
1618	4222
1619	4222
4222	4224
4223	4224
4224	1566
4225	1566
1619	1590
4226	1590
4226	4227
1617	4227
1616	1621
1614	1621
1621	1624
1622	1624
1624	1627
4228	1627
4228	4229
1625	4229
1627	1630
1628	1630
1630	1593
1631	1593
1631	4230
1629	4230
4230	1596
4231	1596
1628	4232
1626	4232
4232	4234
4233	4234
4234	4236
4235	4236
4236	4238
4237	4238
4238	1602
4239	1602
1625	4240
1623	4240
4240	4242
4241	4242
4242	4244
4243	4244
4244	4246
4245	4246
4246	1605
4247	1605
1622	4248
1620	4248
4248	1611
4249	1611
1589	1633
4250	1633
4250	4251
1587	4251
1633	4253
4252	4253
4252	4254
1634	4254
4253	1569
4254	1569
4254	4256
4255	4256
1634	1575
1632	1575
1553	1477
4257	1477
4257	4261
4258	4261
4258	4262
4259	4262
4259	4263
4260	4263
4260	4264
1551	4264
1548	4265
1546	4265
4265	4267
4266	4267
4267	1636
4268	1636
1636	1639
1637	1639
1639	1642
4269	1642
4269	4271
4270	4271
4270	4272
1640	4272
1642	1645
4273	1645
4273	4274
1643	4274
1645	1648
4275	1648
4275	4276
1646	4276
1648	4278
4277	4278
4277	4279
1649	4279
4278	4281
4279	4281
4279	4282
4280	4282
4281	4284
4282	4284
4282	4285
4283	4285
4284	4287
4285	4287
4285	4288
4286	4288
4287	1651
4288	1651
4288	4290
4289	4290
1651	4292
4291	4292
4291	4293
1652	4293
4292	1654
4293	1654
4293	4295
4294	4295
1654	1480
1655	1480
1655	4297
4296	4297
4296	4298
1653	4298
4297	1657
4298	1657
4298	4300
4299	4300
1657	1660
1658	1660
1660	4303
4301	4303
4301	4304
4302	4304
4302	4305
1661	4305
4303	1483
4304	1483
4304	4307
4305	4307
4305	4308
4306	4308
1661	1663
4309	1663
4309	4311
4310	4311
4310	4312
1659	4312
1663	1486
4313	1486
4313	4315
4314	4315
4314	4316
1664	4316
1664	1666
4317	1666
4317	4318
1662	4318
1666	1669
4319	1669
4319	4321
4320	4321
4320	4322
1667	4322
1669	1672
4323	1672
4323	4326
4324	4326
4324	4327
4325	4327
4325	4328
1670	4328
1672	1495
1673	1495
1673	1675
4329	1675
4329	4332
4330	4332
4330	4333
4331	4333
4331	4334
1671	4334
1675	4335
1676	4335
4335	1498
4336	1498
1676	1678
4337	1678
4337	4339
4338	4339
4338	4340
1674	4340
1678	1681
1679	1681
1681	1684
4341	1684
4341	4342
1682	4342
1684	1687
4343	1687
4343	4344
1685	4344
1687	4345
1688	4345
4345	4347
4346	4347
4347	4349
4348	4349
4349	1501
4350	1501
1688	4353
4351	4353
4351	4354
4352	4354
4352	4355
1686	4355
4353	1690
4354	1690
4354	4357
4355	4357
4355	4358
4356	4358
1690	1693
4359	1693
4359	4361
4360	4361
4360	4362
1691	4362
1693	4363
1694	4363
4363	4365
4364	4365
4365	1504
4366	1504
1694	1696
4367	1696
4367	4369
4368	4369
4368	4370
1692	4370
1696	1699
4371	1699
4371	4372
1697	4372
1699	1519
4373	1519
4373	4374
1700	4374
1700	1702
4375	1702
4375	4376
1698	4376
1702	1705
4377	1705
4377	4378
1703	4378
1705	1708
1706	1708
1708	1522
1709	1522
1709	1711
4379	1711
4379	4380
1707	4380
1711	1714
4381	1714
4381	4382
1712	4382
1714	1528
1715	1528
1715	1717
4383	1717
4383	4384
1713	4384
1717	1531
4385	1531
4385	4388
4386	4388
4386	4389
4387	4389
4387	4390
1718	4390
1718	1540
4391	1540
4391	4394
4392	4394
4392	4395
4393	4395
4393	4396
1716	4396
1712	1543
1710	1543
1706	1720
1704	1720
1720	4397
1721	4397
4397	4399
4398	4399
4399	1635
4400	1635
1721	4401
1719	4401
4401	1723
4402	1723
1723	4404
4403	4404
4403	4405
1724	4405
4404	1638
4405	1638
4405	4407
4406	4407
1724	1726
1722	1726
1726	1729
1727	1729
1729	4408
1730	4408
4408	4410
4409	4410
4410	4412
4411	4412
4412	4414
4413	4414
4414	1732
4415	1732
1732	1641
4416	1641
4416	4418
4417	4418
4417	4419
1733	4419
1733	4423
4420	4423
4420	4424
4421	4424
4421	4425
4422	4425
4422	4426
1731	4426
4423	1735
4424	1735
4424	4428
4425	4428
4425	4429
4426	4429
4426	4430
4427	4430
1735	4431
1736	4431
4431	4433
4432	4433
4433	4435
4434	4435
4435	4437
4436	4437
4437	1738
4438	1738
1738	4439
1739	4439
4439	4441
4440	4441
4441	4443
4442	4443
4443	4445
4444	4445
4445	1644
4446	1644
1739	1741
4447	1741
4447	4448
1737	4448
1741	1744
1742	1744
1744	1656
4449	1656
4449	4450
1745	4450
1745	1665
4451	1665
4451	4452
1743	4452
1742	4453
1740	4453
4453	1668
4454	1668
1736	1747
4455	1747
4455	4458
4456	4458
4456	4459
4457	4459
4457	4460
1734	4460
1747	1750
4461	1750
4461	4464
4462	4464
4462	4465
4463	4465
4463	4466
1748	4466
1750	1677
4467	1677
4467	4469
4468	4469
4468	4470
1751	4470
1751	1680
4471	1680
4471	4472
1749	4472
1748	4473
1746	4473
4473	4475
4474	4475
4475	1753
4476	1753
1753	1683
1754	1683
1754	1756
4477	1756
4477	4478
1752	4478
1756	1759
1757	1759
1759	4479
1760	4479
4479	1762
4480	1762
1762	1765
1763	1765
1765	4481
1766	4481
4481	4483
4482	4483
4483	1689
4484	1689
1766	1768
4485	1768
4485	4486
1764	4486
1768	4487
1769	4487
4487	4489
4488	4489
4489	1771
4490	1771
1771	1774
4491	1774
4491	4492
1772	4492
1774	4494
4493	4494
4493	4495
1775	4495
4494	1695
4495	1695
4495	4497
4496	4497
1775	1701
1773	1701
1772	4498
1770	4498
4498	4500
4499	4500
4500	1725
4501	1725
1769	1777
1767	1777
1777	4502
1778	4502
4502	1780
4503	1780
1780	1783
1781	1783
1783	1728
4504	1728
4504	4505
1784	4505
1784	4506
1782	4506
4506	4508
4507	4508
4508	4510
4509	4510
4510	4512
4511	4512
4512	1786
4513	1786
1786	4514
1787	4514
4514	1789
4515	1789
1789	4516
1790	4516
4516	4518
4517	4518
4518	4520
4519	4520
4520	1755
4521	1755
1790	4522
1788	4522
4522	4524
4523	4524
4524	4526
4525	4526
4526	4528
4527	4528
4528	1792
4529	1792
1792	1795
1793	1795
1795	4530
1796	4530
4530	1758
4531	1758
1796	1761
1794	1761
1793	1798
4532	1798
4532	4533
1791	4533
1798	1801
1799	1801
1801	1776
1802	1776
1802	4534
1800	4534
4534	1779
4535	1779
1799	4536
1797	4536
4536	4538
4537	4538
4538	4540
4539	4540
4540	4542
4541	4542
4542	1785
4543	1785
1652	1647
4544	1647
4544	4545
1650	4545
1518	1507
4546	1507
4546	4547
1516	4547
1440	4549
4548	4549
4548	4550
1438	4550
4549	1435
4550	1435
4550	4552
4551	4552
1351	1804
1349	1804
1804	4555
4553	4555
4553	4556
4554	4556
4554	4557
1805	4557
4555	1254
4556	1254
4556	4559
4557	4559
4557	4560
4558	4560
1805	1807
4561	1807
4561	4562
1803	4562
1807	1810
4563	1810
4563	4566
4564	4566
4564	4567
4565	4567
4565	4568
1808	4568
1810	1281
4569	1281
4569	4570
1811	4570
1811	1284
4571	1284
4571	4572
1809	4572
1814	1806
1808	1815
1815	1818
4573	1818
4573	4574
1816	4574
1818	4575
1819	4575
4575	1305
4576	1305
1819	4577
1817	4577
4577	1308
4578	1308
1816	1821
4579	1821
4579	4582
4580	4582
4580	4583
4581	4583
4581	4584
1814	4584
1821	1343
4585	1343
4585	4588
4586	4588
4586	4589
4587	4589
4587	4590
1822	4590
1822	1346
1820	1346
1340	1329
1338	1329
1328	1311
1326	1311
1301	1293
4591	1293
4591	4592
1299	4592
1280	1269
1278	1269
1268	1824
1266	1824
1824	1257
4593	1257
4593	4594
1825	4594
1825	1263
4595	1263
4595	4596
1823	4596
1121	1116
4597	1116
4597	4600
4598	4600
4598	4601
4599	4601
4599	4602
1119	4602
1094	1056
4603	1056
4603	4604
1092	4604
1085	1827
1083	1827
1827	4605
1828	4605
4605	1830
4606	1830
1830	1062
1831	1062
1831	4607
1829	4607
4607	1833
4608	1833
1833	1836
1834	1836
1836	4609
1837	4609
4609	4611
4610	4611
4611	4613
4612	4613
4613	4615
4614	4615
4615	1065
4616	1065
1837	1839
4617	1839
4617	4618
1835	4618
1839	4619
1840	4619
4619	4621
4620	4621
4621	4623
4622	4623
4623	4625
4624	4625
4625	1068
4626	1068
1840	1842
1838	1842
1842	4627
1843	4627
4627	1074
4628	1074
1843	1077
1841	1077
1834	1826
1832	1826
1046	1038
1044	1038
1013	1002
1011	1002
986	4630
4629	4630
4629	4631
984	4631
4630	4633
4631	4633
4631	4634
4632	4634
4633	981
4634	981
4634	4636
4635	4636
929	912
927	912
893	885
891	885
695	4637
693	4637
4637	687
4638	687
603	593
601	593
592	584
590	584
553	542
4639	542
4639	4640
551	4640
498	487
496	487
417	412
4641	412
4641	4644
4642	4644
4642	4645
4643	4645
4643	4646
415	4646
367	1845
365	1845
1849	1846
1845	1850
1850	1853
4647	1853
4647	4649
4648	4649
4648	4650
1851	4650
1853	4651
1854	4651
4651	4653
4652	4653
4653	4655
4654	4655
4655	1856
4656	1856
1856	278
4657	278
4657	4658
1857	4658
1857	4659
1855	4659
4659	1859
4660	1859
1859	287
4661	287
4661	4663
4662	4663
4662	4664
1860	4664
1860	1862
4665	1862
4665	4668
4666	4668
4666	4669
4667	4669
4667	4670
1858	4670
1862	1865
4671	1865
4671	4672
1863	4672
1865	1868
1866	1868
1868	293
1869	293
1869	296
1867	296
1866	4673
1864	4673
4673	1871
4674	1871
1871	1874
4675	1874
4675	4678
4676	4678
4676	4679
4677	4679
4677	4680
1872	4680
1874	1877
4681	1877
4681	4684
4682	4684
4682	4685
4683	4685
4683	4686
1875	4686
1877	302
1878	302
1876	4687
1881	4687
4688	4687
1878	1882
1882	1885
4689	1885
4689	4690
1883	4690
1885	1888
4691	1888
4691	4692
1886	4692
1888	305
1889	305
1889	1891
4693	1891
4693	4694
1887	4694
1891	308
1892	308
1892	4695
1890	4695
4695	4697
4696	4697
4697	1894
4698	1894
1894	1897
4699	1897
4699	4700
1895	4700
1897	1900
4701	1900
4701	4702
1898	4702
1900	4703
1901	4703
4703	4705
4704	4705
4705	323
4706	323
1901	4707
1899	4707
4707	4709
4708	4709
4709	1903
4710	1903
1903	1906
4711	1906
4711	4714
4712	4714
4712	4715
4713	4715
4713	4716
1904	4716
1906	326
1907	326
1907	329
4717	329
4717	4720
4718	4720
4718	4721
4719	4721
4719	4722
1905	4722
1904	1909
4723	1909
4723	4726
4724	4726
4724	4727
4725	4727
4725	4728
1902	4728
1909	1912
4729	1912
4729	4730
1910	4730
1912	4731
1913	4731
4731	1915
4732	1915
1915	1918
4733	1918
4733	4734
1916	4734
1918	341
1919	341
1919	344
1917	344
1916	4735
1914	4735
4735	1921
4736	1921
1921	1924
4737	1924
4737	4738
1922	4738
1924	1927
4739	1927
4739	4740
1925	4740
1931	1928
1927	1932
1936	1933
1932	1937
1941	1938
1937	1942
1942	1945
4741	1945
4741	4743
4742	4743
4742	4744
1943	4744
1945	1948
4745	1948
4745	4747
4746	4747
4746	4748
1946	4748
1948	4750
4749	4750
4749	4751
1949	4751
4750	347
4751	347
4751	4753
4752	4753
1949	353
4754	353
4754	4755
1947	4755
1946	362
1944	362
1846	1941
1943	1844
1938	1953
1936	1953
1953	1956
1954	1956
1956	1959
4756	1959
4756	4757
1957	4757
1959	1962
1960	1962
1962	1965
1963	1965
1965	1968
1966	1968
1968	1971
4758	1971
4758	4759
1969	4759
1972	4760
1851	4760
4761	4760
1971	1849
4762	1849
4762	4763
1972	1976
4764	1976
4764	4766
4765	4766
4765	4767
1970	4767
1976	1979
1977	1979
1979	1982
4768	1982
4768	4769
1980	4769
1982	1852
4770	1852
4770	4771
1983	4771
1983	1985
1981	1985
1985	1988
4772	1988
4772	4773
1986	4773
1988	1861
4774	1861
4774	4777
4775	4777
4775	4778
4776	4778
4776	4779
1989	4779
1989	1991
4780	1991
4780	4781
1987	4781
1991	1994
1992	1994
1994	1997
4782	1997
4782	4784
4783	4784
4783	4785
1995	4785
1997	1870
4786	1870
4786	4788
4787	4788
4787	4789
1998	4789
1998	2000
1996	2000
2000	2003
4790	2003
4790	4791
2001	4791
2003	4792
2004	4792
4792	4794
4793	4794
4794	2006
4795	2006
2006	2009
2007	2009
2009	2012
2010	2012
2012	4796
2013	4796
4796	1873
4797	1873
2013	4798
2011	4798
4798	2015
4799	2015
2015	4800
2016	4800
4800	4802
4801	4802
4802	2018
4803	2018
2018	2021
4804	2021
4804	4805
2019	4805
2021	2024
4806	2024
4806	4807
2022	4807
2024	1881
4808	1881
4808	4811
4809	4811
4809	4812
4810	4812
4810	4813
2025	4813
2025	2027
4814	2027
4814	4816
4815	4816
4815	4817
2023	4817
2027	2030
4818	2030
4818	4820
4819	4820
4819	4821
2028	4821
2030	2033
4822	2033
4822	4823
2031	4823
2033	2036
4824	2036
4824	4825
2034	4825
2036	4826
2037	4826
4826	1884
4827	1884
2037	4829
4828	4829
4828	4830
2035	4830
4829	4832
4830	4832
4830	4833
4831	4833
4832	1893
4833	1893
4833	4835
4834	4835
2034	2039
4836	2039
4836	4837
2032	4837
2039	2042
4838	2042
4838	4841
4839	4841
4839	4842
4840	4842
4840	4843
2040	4843
2042	2045
4844	2045
4844	4847
4845	4847
4845	4848
4846	4848
4846	4849
2043	4849
2045	4850
2046	4850
4850	2048
4851	2048
2048	2051
4852	2051
4852	4853
2049	4853
2051	4854
2052	4854
4854	2054
4855	2054
2054	1896
4856	1896
4856	4857
2055	4857
2055	4858
2053	4858
4858	2057
4859	2057
2057	2060
4860	2060
4860	4861
2058	4861
2060	1908
4862	1908
4862	4863
2061	4863
2061	2063
4864	2063
4864	4867
4865	4867
4865	4868
4866	4868
4866	4869
2059	4869
2063	2066
4870	2066
4870	4873
4871	4873
4871	4874
4872	4874
4872	4875
2064	4875
2066	1923
2067	1923
2067	2069
4876	2069
4876	4878
4877	4878
4877	4879
2065	4879
2069	1926
4880	1926
4880	4883
4881	4883
4881	4884
4882	4884
4882	4885
2070	4885
2070	4887
4886	4887
4886	4888
2068	4888
4887	2072
4888	2072
4888	4890
4889	4890
2072	2075
4891	2075
4891	4893
4892	4893
4892	4894
2073	4894
2075	2078
2076	2078
2078	2081
4895	2081
4895	4896
2079	4896
2081	2084
2082	2084
2084	4897
2085	4897
4897	1931
4898	1931
2085	4899
2083	4899
4899	1952
4900	1952
2082	4901
2080	4901
4901	4903
4902	4903
4903	4905
4904	4905
4905	4907
4906	4907
4907	2087
4908	2087
2087	4909
2088	4909
4909	4911
4910	4911
4911	4913
4912	4913
4913	4915
4914	4915
4915	1955
4916	1955
2088	4917
2086	4917
4917	2090
4918	2090
2090	4919
2091	4919
4919	4921
4920	4921
4921	4923
4922	4923
4923	4925
4924	4925
4925	1958
4926	1958
2091	4927
2089	4927
4927	4929
4928	4929
4929	4931
4930	4931
4931	4933
4932	4933
4933	2093
4934	2093
2093	2096
2094	2096
2096	4935
2097	4935
4935	1961
4936	1961
2097	4937
2095	4937
4937	1964
4938	1964
2094	2099
4939	2099
4939	4940
2092	4940
2099	2102
2100	2102
2102	2105
4941	2105
4941	4942
2103	4942
2105	2108
4943	2108
4943	4944
2106	4944
2108	4945
2109	4945
4945	1967
4946	1967
2109	2111
2107	2111
2111	2002
4947	2002
4947	4948
2112	4948
2112	4949
2110	4949
4949	2104
4950	2104
2103	2114
4951	2114
4951	4952
2101	4952
2114	2117
2115	2117
2117	4953
2118	4953
4953	4955
4954	4955
4955	4957
4956	4957
4957	4959
4958	4959
4959	2005
4960	2005
2118	2120
4961	2120
4961	4962
2116	4962
2120	4964
4963	4964
4963	4965
2121	4965
4964	2123
4965	2123
4965	4967
4966	4967
2123	2126
4968	2126
4968	4969
2124	4969
2126	4970
2127	4970
4970	4972
4971	4972
4972	4974
4973	4974
4974	4976
4975	4976
4976	2008
4977	2008
2127	2129
4978	2129
4978	4979
2125	4979
2129	4980
2130	4980
4980	2014
4981	2014
2130	2132
4982	2132
4982	4983
2128	4983
2132	2135
4984	2135
4984	4985
2133	4985
2135	4987
4986	4987
4986	4988
2136	4988
4987	2017
4988	2017
4988	4990
4989	4990
2136	4991
2134	4991
4991	2041
4992	2041
2133	2138
2131	2138
2138	4993
2139	4993
4993	4995
4994	4995
4995	2141
4996	2141
2141	4997
2142	4997
4997	2144
4998	2144
2144	2044
4999	2044
4999	5001
5000	5001
5000	5002
2145	5002
2145	2147
5003	2147
5003	5004
2143	5004
2147	2047
2148	2047
2148	2150
5005	2150
5005	5006
2146	5006
2150	5008
5007	5008
5007	5009
2151	5009
5008	5011
5009	5011
5009	5012
5010	5012
5011	2153
5012	2153
5012	5014
5013	5014
2153	2062
5015	2062
5015	5016
2154	5016
2154	2071
2152	2071
2151	2156
2149	2156
2156	2159
5017	2159
5017	5018
2157	5018
2159	2074
5019	2074
5019	5022
5020	5022
5020	5023
5021	5023
5021	5024
2160	5024
2160	5026
5025	5026
5025	5027
2158	5027
5026	2162
5027	2162
5027	5029
5028	5029
2162	2165
2163	2165
2165	5030
2166	5030
5030	5032
5031	5032
5032	2168
5033	2168
2168	2171
5034	2171
5034	5035
2169	5035
2171	2113
2172	2113
2172	2119
2170	2119
2169	2174
5036	2174
5036	5037
2167	5037
2174	5038
2175	5038
5038	2122
5039	2122
2175	2164
5040	2164
5040	5041
2173	5041
2163	5042
2161	5042
5042	2137
5043	2137
2157	2140
5044	2140
5044	5045
2155	5045
2100	5046
2098	5046
5046	5048
5047	5048
5048	5050
5049	5050
5050	5052
5051	5052
5052	5054
5053	5054
5054	5056
5055	5056
5056	5058
5057	5058
5058	5060
5059	5060
5060	5062
5061	5062
5062	5064
5063	5064
5064	5066
5065	5066
5066	2077
5067	2077
2058	5068
2056	5068
5068	2050
5069	2050
2040	2029
5070	2029
5070	5071
2038	5071
2028	2020
2026	2020
2001	2177
5072	2177
5072	5073
1999	5073
2177	2180
5074	2180
5074	5076
5075	5076
5075	5077
2178	5077
2180	1975
5078	1975
5078	5080
5079	5080
5079	5081
2181	5081
2181	1990
2179	1990
2178	1993
5082	1993
5082	5084
5083	5084
5083	5085
2176	5085
1986	1978
5086	1978
5086	5087
1984	5087
1922	5088
1920	5088
5088	1911
5089	1911
322	5090
320	5090
5090	5092
5091	5092
5092	314
5093	314
259	5094
257	5094
5094	5096
5095	5096
5096	5098
5097	5098
5098	5100
5099	5100
5100	2183
5101	2183
2183	5102
2184	5102
5102	2186
5103	2186
2186	5104
2187	5104
5104	5106
5105	5106
5106	5108
5107	5108
5108	5110
5109	5110
5110	230
5111	230
2187	5112
2185	5112
5112	5114
5113	5114
5114	5116
5115	5116
5116	5118
5117	5118
5118	242
5119	242
2184	5120
2182	5120
5120	5122
5121	5122
5122	5124
5123	5124
5124	5126
5125	5126
5126	245
5127	245
256	5128
254	5128
5128	248
5129	248
241	5130
239	5130
5130	233
5131	233
160	5132
158	5132
5132	152
5133	152
145	5134
143	5134
5134	137
5135	137
31	5136
29	5136
5136	23
5137	23
2188	5138
2189	5138
5138	5140
5139	5140
5140	5142
5141	5142
5142	5144
5143	5144
5144	5146
5145	5146
5146	2188
5147	2188
2190	5148
2191	5148
5148	5150
5149	5150
5150	5152
5151	5152
5152	5154
5153	5154
5154	5156
5155	5156
5156	2190
5157	2190
2	0
2	2196
5	3
5	2197
8	6
2253	9
2253	12
2253	5158
2254	5158
2254	13
2255	13
12	9
2283	14
2283	13
2284	13
2284	5158
2285	5158
2285	12
16	12
19	17
2198	17
22	20
22	2199
25	23
28	26
31	29
2307	32
2307	33
2326	35
2326	2208
2326	2209
2208	35
2219	38
2219	2211
2219	2210
2218	2210
2218	39
2241	41
2241	2233
2240	2233
2240	2232
43	2232
2338	44
2338	2243
2338	2242
46	2242
2350	47
2350	48
52	50
2258	53
2258	2250
2258	2251
2257	2251
2257	2252
2256	2252
2250	53
2357	56
2357	2261
2357	2260
2358	2260
2358	2259
58	2259
61	59
2266	59
64	62
64	2267
67	65
2287	68
2287	2276
2287	2277
2286	2277
2276	68
73	71
2282	71
2282	2279
2281	2279
2281	2278
2280	2278
76	74
76	2289
2290	2289
2290	2288
2404	77
2404	2291
2405	2291
2405	5209
2406	5209
2406	2292
2292	5209
78	5209
2299	80
2299	2296
2299	81
85	83
2304	83
2304	2303
2436	86
2436	2305
88	2305
91	89
2306	89
2441	92
2441	2310
2441	2311
2442	2311
2442	2312
2310	92
2464	95
2464	2315
2464	5210
97	5210
2317	5210
2317	2314
2317	2313
2316	2313
2314	5210
100	98
100	2319
2320	2319
2320	2318
2327	101
2327	5211
103	5211
2325	5211
2325	2324
2324	5211
2475	104
2475	2328
106	2328
109	107
2331	107
112	110
112	2332
2340	113
2340	114
2340	2337
2339	2337
118	116
118	2342
2344	2342
2344	2341
2343	2341
2496	119
2496	2346
2496	2345
2497	2345
2497	120
124	122
2349	122
127	125
2361	128
2361	5213
2361	5212
2360	5212
2359	5212
2359	2352
2352	5212
2351	5212
2351	5213
129	5213
2515	131
2515	2364
2515	2363
2516	2363
2516	2362
133	2362
2522	134
2522	135
139	137
142	140
145	143
148	146
2367	146
151	149
151	2368
154	152
157	155
160	158
2379	161
2379	162
166	164
166	2380
2581	167
2581	2389
2581	2390
2582	2390
2582	2391
2389	167
5215	5214
2407	170
2407	5214
2407	5215
172	5215
2397	5215
2397	5216
2396	5216
2396	5217
2395	5217
2395	2392
2392	5217
2393	5217
2393	5216
2394	5216
2394	5214
2403	173
2403	2400
2402	2400
2402	2399
2401	2399
2401	2398
175	2398
2586	176
2586	2408
178	2408
181	179
184	182
2608	185
2608	2427
2427	185
2447	188
2447	2430
2447	2431
2430	188
2430	2428
2429	2428
2445	191
2445	2434
2445	2433
2446	2433
2446	2432
193	2432
2437	194
2437	195
2437	2435
5219	5218
2444	197
2444	5220
2444	5218
2443	5218
2443	2440
2440	5218
2439	5218
2439	5219
198	5219
2438	5219
2438	5220
202	200
202	2448
205	203
2451	203
208	206
208	2452
2645	209
2645	2453
2453	209
214	212
2455	212
2455	2454
217	215
217	2456
2457	2456
220	218
2476	221
2476	2471
2471	221
2655	224
2655	2477
226	2477
229	227
2478	227
232	230
232	2479
235	233
238	236
241	239
244	242
2482	242
247	245
247	2483
250	248
253	251
256	254
259	257
2486	257
262	260
262	2487
265	263
2707	266
2707	267
271	269
2500	272
2500	5221
2499	5221
2499	2494
2499	2495
2498	2495
2494	5221
273	5221
5224	5222
5222	5223
2738	275
2738	5223
2738	5222
2739	5222
2739	5224
2739	2505
2505	5224
2504	5224
2504	2501
2501	5224
2501	5225
2502	5225
2503	5225
2503	5223
4658	278
4658	2507
280	2507
2508	2507
2508	2506
283	281
283	2512
2518	284
2518	285
2518	2513
2517	2513
2517	2514
4663	287
4663	2520
4664	2520
4664	2519
289	2519
292	290
2521	290
295	293
298	296
2533	299
2533	300
304	302
304	2534
2535	2534
307	305
2543	305
2543	2542
310	308
2546	308
2546	2544
2545	2544
2553	311
2553	2548
2553	2547
313	2547
316	314
2558	314
2558	2557
2560	317
2560	2559
319	2559
322	320
322	2564
2565	2564
325	323
2567	323
2567	2566
328	326
328	2568
2569	2568
4720	329
4720	5227
4720	5226
4721	5226
4721	2573
4721	2574
4722	2574
2573	5226
2572	5226
2572	5227
2571	5227
2571	2570
2570	5227
2583	332
2583	2578
2583	5228
334	5228
2580	5228
2580	2576
2579	2576
2579	2575
2576	5228
2577	5228
2588	335
2588	2584
2588	336
2587	336
2587	2585
2600	338
2600	2598
2600	5229
2599	5229
340	5229
340	2597
2597	5229
343	341
343	2602
2603	2602
2603	2601
346	344
2605	344
2605	2604
4753	347
4753	2606
349	2606
2609	350
2609	351
2609	2607
4755	353
4755	2610
355	2610
2611	356
2611	357
2615	359
2615	2612
2615	360
364	362
2617	362
2617	2616
367	365
367	2618
2619	2618
2757	368
2757	2620
2757	5230
2758	5230
2758	5231
2759	5231
2759	2622
2622	5231
2621	5231
2621	5230
369	5230
373	371
2626	371
2626	2624
2625	2624
2625	2623
2780	374
2780	5161
2780	5162
2781	5162
2781	378
5161	374
5160	374
5160	2628
5159	2628
5159	2627
377	2627
2800	379
2800	378
2800	5162
2801	5162
2801	5161
381	5161
381	5160
2630	5160
2630	5159
2629	5159
2629	377
384	382
384	2632
2634	2632
2634	2631
2633	2631
2805	385
2805	2636
387	2636
387	2635
2637	2635
2642	388
2642	2641
390	2641
393	391
393	2643
2644	2643
2807	394
2807	395
2807	2646
2650	397
2650	2647
2650	398
2813	400
2813	2651
2813	401
2656	403
2656	2654
2654	403
2817	406
2817	2657
2817	5233
2818	5233
2818	5232
2819	5232
2819	2659
2659	5232
2658	5232
2658	5233
407	5233
2667	409
2667	2661
2667	2660
2666	2660
2666	410
4644	412
4644	2669
4645	2669
4645	2668
4646	2668
4646	413
4646	2670
4643	415
4643	2677
4643	416
4643	2678
4642	2678
4642	2679
4641	2679
420	418
2684	418
2684	2681
2683	2681
2683	2680
2682	2680
423	421
2690	421
2690	2687
2689	2687
2689	2686
2688	2686
2688	2685
2699	424
2699	2693
2699	2692
2698	2692
2698	2691
426	2691
2760	427
2760	2701
2760	2703
2703	2701
2703	2700
2702	2700
2708	430
2708	2705
432	2705
2706	2705
2706	2704
435	433
435	2709
2756	436
2756	437
2756	2724
2755	2724
2755	2725
2754	2725
2744	439
2744	2727
2745	2727
2745	2726
441	2726
2752	442
2752	2732
2752	2733
2753	2733
2732	442
447	445
2737	445
2737	2735
2736	2735
2736	2734
2747	448
2747	2742
2747	2743
2746	2743
2742	448
2890	451
2890	2761
453	2761
2893	454
2893	455
2893	2766
2894	2766
2894	2767
459	457
459	2769
2771	2769
2771	2768
2770	2768
462	460
2775	460
2775	2773
2774	2773
2774	2772
2779	463
2779	2777
2778	2777
2778	2776
465	2776
2902	466
2902	2782
2902	2783
2782	466
2920	469
2920	2785
2920	2784
2921	2784
2921	470
2931	472
2931	473
2931	2792
2802	475
2802	5234
2802	2795
2795	5234
2794	5234
2794	2793
2793	5234
480	478
480	2797
2799	2797
2799	2796
2798	2796
2808	481
2808	2803
483	2803
2806	484
2806	485
2806	2804
489	487
489	2809
492	490
2810	490
2816	493
2816	2811
2816	494
2815	494
2815	2812
2814	2812
498	496
2820	496
2937	499
2937	2821
2937	5236
599	5236
599	5235
5165	5235
600	5235
600	2824
2935	2824
2824	5235
2823	5235
2822	5235
2822	5236
500	5236
504	502
504	2827
2830	2827
2830	2826
2829	2826
2829	2825
2828	2825
507	505
507	5237
2836	5237
2835	5237
2835	2832
2834	2832
2834	2831
2832	5237
2833	5237
510	508
510	2839
2842	2839
2842	2838
2841	2838
2841	2837
2840	2837
513	511
2848	511
2848	2845
2847	2845
2847	2844
2846	2844
2846	2843
5239	5238
2968	514
2968	5240
2968	5238
2969	5238
516	5238
2854	5238
2854	5239
2853	5239
2853	5241
2852	5241
2852	2849
2849	5241
2850	5241
2850	5239
2850	5240
2851	5240
524	517
524	2857
524	2856
524	5242
5163	5242
523	5242
523	5243
523	2858
2858	5243
518	5243
2855	5243
2855	5242
522	520
522	2859
527	525
527	524
2862	524
2862	5163
2861	5163
2861	523
2860	523
530	528
532	528
532	2865
5164	2865
5164	2864
531	2864
531	2863
3021	533
3021	532
535	532
535	5164
2867	5164
2867	531
2866	531
3027	536
3027	2869
538	2869
538	2868
2870	2868
3029	539
3029	2873
3029	2874
2873	539
2872	539
2872	2871
4640	542
4640	2877
4640	5244
544	5244
2879	5244
2879	2875
2878	2875
2875	5244
2876	5244
547	545
2883	545
2883	2881
2882	2881
2882	2880
2892	548
2892	2885
2892	5245
2891	5245
2891	2886
2886	5245
549	5245
2884	5245
4639	551
4639	2895
2895	551
556	554
556	5246
2897	5246
2897	2896
2896	5246
2899	557
2899	2898
559	2898
562	560
2901	560
2901	2900
565	563
2907	563
568	566
568	2908
3057	569
3057	2913
2913	569
2922	572
2922	2919
2919	572
2918	572
2918	2917
577	575
577	2923
580	578
2924	578
583	581
2926	581
2926	2925
586	584
586	2927
2928	2927
589	587
2930	587
2930	2929
592	590
2932	590
595	593
595	2933
2939	596
2939	5248
2939	5247
2938	5247
2938	600
2938	2934
600	5247
5165	5247
599	5247
599	5248
2936	5248
2936	596
603	601
603	2941
2943	2941
2943	2940
2942	2940
3082	604
3082	2949
3082	5249
3083	5249
606	5249
605	5249
2948	5249
609	607
5173	614
5173	612
617	770
617	5166
617	613
620	618
2954	618
623	621
623	2955
626	624
629	627
632	630
2956	630
635	633
635	2957
638	636
3143	639
3143	640
3143	2962
3144	2962
3144	2963
2970	642
2970	5250
2970	2967
2967	5250
2966	5250
2966	2964
2964	5250
2965	5250
647	645
647	2971
3168	648
3168	2973
3168	2974
3169	2974
3169	2975
3170	2975
2973	648
2972	648
3176	651
3176	5252
653	5252
653	5251
2982	5251
2981	5251
2981	2977
2981	2976
2980	2976
2977	5251
2978	5251
2979	5251
2979	5252
2991	654
2991	2985
2990	2985
2990	2984
2990	5253
656	5253
2986	5253
2986	2983
2983	5253
659	657
659	2987
662	660
662	2993
2994	2993
2994	2992
665	663
665	3001
3002	3001
856	666
856	3003
5176	3003
5176	667
5177	667
5177	3004
5178	3004
5178	3005
5179	3005
5179	3006
857	3006
671	669
671	3009
3012	3009
3012	3008
3011	3008
3011	3007
3010	3007
674	672
674	3015
3017	3015
3017	3014
3016	3014
3016	3013
3023	675
3023	3019
3022	3019
3022	5254
677	5254
3020	5254
3020	3018
3018	5254
3028	678
3028	3025
3028	3024
3028	3026
3026	3024
3036	681
3036	682
686	684
686	3037
689	687
692	690
695	693
698	696
3040	696
701	699
701	3041
704	702
707	705
3275	708
3275	3042
3275	3043
3276	3043
3042	708
713	711
713	3045
3047	3045
3047	3044
3046	3044
716	714
3052	714
3052	3049
3051	3049
3051	3048
3050	3048
3062	717
3062	3055
3061	3055
3061	3054
3060	3054
3060	5255
719	5255
718	5255
3053	5255
722	720
3056	720
3301	723
3301	3065
3302	3065
3302	3064
3303	3064
3303	3063
725	3063
728	726
3308	729
3308	730
3308	3066
3309	3066
3309	3067
3314	732
3314	5257
3314	5256
3315	5256
734	5256
3072	5256
3071	5256
3071	5257
3070	5257
3070	3068
3068	5257
3069	5257
737	735
737	3075
3077	3075
3077	3074
3076	3074
3076	3073
3081	738
3081	3079
3081	3078
3080	3078
3080	739
3318	741
3318	742
3318	3086
3319	3086
3319	3087
5259	5258
5259	5260
5261	5260
5261	5262
3327	744
3327	5263
3327	5260
3328	5260
3328	5258
3329	5258
746	5258
748	5258
748	5259
5167	5259
5167	5261
747	5261
747	5264
745	5264
3088	5264
3089	5264
3089	5263
5263	5264
5263	5262
751	749
753	749
753	748
5169	748
5169	5167
5168	5167
5168	747
752	747
5266	5267
3365	754
3365	753
3365	5265
756	5265
3093	5265
3093	5266
3092	5266
3092	5268
3091	5268
3091	5269
3090	5269
3090	752
752	5269
5168	5269
5168	5268
5168	5267
5169	5267
5169	5265
5265	5267
3367	757
3367	5270
759	5270
761	5270
5180	5270
5180	3097
5181	3097
5181	3096
5182	3096
5182	3095
5182	3094
5182	3098
3098	3094
3097	5270
5172	760
5172	3099
5172	3100
3100	3099
5175	765
5175	3101
770	3101
769	3101
774	772
774	3103
777	775
780	778
3114	778
782	766
782	5170
3115	5170
3115	5171
781	5171
785	771
785	5174
3124	787
3124	788
792	790
795	793
795	3125
798	796
3134	799
3134	800
804	802
804	3135
3136	3135
3145	805
3145	3142
3142	805
3141	805
3141	3140
810	808
810	3146
3147	3146
3458	811
3458	3148
3458	3149
3149	3148
3467	814
3467	5271
3468	5271
3468	5272
3468	3152
3469	3152
3152	5272
3151	5272
815	5272
815	5271
3150	5271
819	817
3157	817
3157	3154
3156	3154
3156	3153
3155	3153
822	820
822	3160
3162	3160
3162	3159
3161	3159
3161	3158
3167	823
3167	3164
3166	3164
3166	3163
3165	3163
3165	824
3527	826
3527	827
3177	829
3177	830
3177	3175
3180	832
3180	3178
3179	3178
3179	833
837	835
3188	835
3188	3186
3187	3186
3187	3185
3546	838
3546	3190
840	3190
840	3189
3191	3189
843	841
843	3192
3193	3192
3558	844
3558	3194
3558	3195
3195	3194
3199	847
3199	3196
849	3196
3565	850
3565	3200
3565	3201
3201	3200
5276	5273
5273	5274
5277	5274
5274	5275
5278	5275
3206	853
3206	5275
3206	5274
3205	5274
3205	5273
3204	5273
3204	5276
3204	5179
3203	5179
3203	857
5179	5276
5178	5276
5178	5277
5177	5277
5177	5278
5176	5278
5176	5279
856	5279
856	3202
3202	5279
853	5279
3573	858
3573	3210
3573	3209
860	3209
3212	3209
3212	3208
3212	5280
3211	5280
3211	3207
3207	5280
863	861
863	3214
3216	3214
3216	3213
3215	3213
3222	864
3222	3218
3221	3218
3221	3217
866	3217
3242	867
3242	3224
3242	3223
3242	5281
3241	5281
869	5281
868	5281
872	870
875	873
875	3244
3246	3244
3246	3243
3245	3243
878	876
878	3248
3250	3248
3250	3247
3249	3247
3262	879
3262	3260
3261	3260
3261	3259
881	3259
3266	882
3266	3264
3266	3263
3265	3263
3265	883
887	885
887	3268
3270	3268
3270	3267
3269	3267
890	888
3274	888
3274	3272
3273	3272
3273	3271
893	891
3277	891
896	894
896	3278
899	897
902	900
905	903
3279	903
908	906
908	3280
3627	909
3627	3285
3285	909
914	912
914	3289
3290	3289
917	915
3293	915
3292	915
3292	3291
920	918
920	3295
3296	3295
3296	3294
3304	921
3304	5283
3304	3300
3300	5283
3299	5283
3299	5282
3298	5282
3298	3297
3297	5282
921	5282
926	924
3307	924
3307	3305
3306	3305
929	927
3310	927
3320	930
3320	3311
932	3311
3317	933
3317	934
3317	3312
3316	3312
3316	3313
3630	936
3630	3321
3630	3322
3631	3322
3322	3321
3330	939
3330	3325
3330	3326
3325	939
3324	939
3324	3323
944	942
944	3337
3338	3337
3643	945
3643	3339
947	3339
950	948
953	951
3667	954
3667	3352
3667	3353
3352	954
959	957
3357	957
3357	3355
3356	3355
3356	3354
3366	960
3366	3363
962	3363
962	3362
3364	3362
965	963
968	966
3370	966
971	969
971	3371
974	972
977	975
980	978
3380	978
4636	981
4636	3381
4636	3382
3382	3381
4629	984
4629	3398
4629	3399
3399	3398
989	987
989	3400
992	990
995	993
998	996
1001	999
3409	999
1004	1002
1004	3410
3411	3410
3418	1005
3418	5284
3418	5180
3418	5181
3417	5181
3417	5182
3416	5182
3415	5182
3415	3413
3413	5182
5180	5284
5180	3412
5180	1006
3412	5284
3425	1008
3425	3422
3425	3421
3424	3421
3424	3420
3423	3420
3423	3419
1010	3419
1013	1011
3432	1011
3432	3428
3431	3428
3431	3427
3430	3427
3430	3426
3429	3426
1016	1014
1016	5285
3440	5285
3439	5285
3439	3435
3439	5286
3438	5286
3437	5286
3437	3433
3433	5286
3434	5286
3435	5285
3436	5285
5288	5287
3715	1017
3715	3444
3715	3443
3716	3443
3716	5287
3717	5287
3717	5288
1019	5288
3445	5288
3445	5289
1018	5289
3441	5289
3442	5289
3442	5287
1022	1020
1022	3446
1025	1023
1028	1026
3453	1026
3455	1029
3455	3454
3455	1030
3457	1032
3457	3456
1034	3456
3742	1035
3742	1036
3743	1036
3743	3459
1040	1038
1040	3463
3472	1041
3472	3464
3472	3465
3471	3465
3471	3466
3470	3466
3464	1041
1046	1044
3479	1044
3479	3475
3478	3475
3478	3474
3477	3474
3477	3473
3476	3473
3757	1047
3757	3483
3757	5290
1049	5290
3485	5290
3485	3481
3484	3481
3484	3480
3481	5290
3482	5290
1052	1050
3489	1050
3489	3487
3488	3487
3488	3486
3786	1053
3786	3491
1055	3491
1055	3490
3492	3490
4604	1056
4604	3493
4604	5291
1058	5291
1057	5291
3506	1059
3506	1060
1064	1062
1064	3507
1067	1065
1070	1068
1073	1071
3526	1071
1076	1074
1079	1077
3534	1080
3534	1081
1085	1083
1085	3535
1088	1086
3540	1086
1091	1089
1091	3541
3542	3541
4603	1092
4603	1093
1097	1095
1100	1098
3557	1098
3796	1101
3796	1102
1106	1104
3559	1104
3566	1107
3566	3563
3566	3564
3564	3563
3576	1110
3576	3567
3576	5292
3575	5292
3575	3568
3574	3568
3574	3569
3568	5292
1111	5292
1115	1113
1115	3571
3572	3571
3572	3570
4600	1116
4600	3579
4600	3578
4601	3578
4601	3577
4602	3577
4602	1117
4602	3580
4599	1119
4599	3587
4599	1120
4599	3588
4598	3588
4598	3589
4597	3589
4597	3590
3812	1122
3812	3593
3813	3593
3813	3592
3814	3592
3814	3591
1124	3591
1127	1125
3600	1125
1130	1128
1130	3601
1133	1131
1136	1134
1139	1137
1142	1140
1145	1143
1148	1146
3626	1146
3633	1149
3633	3628
3633	3629
3632	3629
3628	1149
1154	1152
1154	3635
3637	3635
3637	3634
3636	3634
3829	1155
3829	3639
3829	3638
3830	3638
3830	1156
1160	1158
3640	1158
1163	1161
1163	3641
3644	1164
3644	1165
3644	3642
3851	1167
3851	3645
1169	3645
3860	1170
3860	1171
3860	3646
3861	3646
3861	3647
1175	1173
3652	1173
3652	3649
3651	3649
3651	3648
3650	3648
3660	1176
3660	3655
3659	3655
3659	3654
3658	3654
3658	3653
1178	3653
3908	1179
3908	3663
3908	3662
3909	3662
3909	3661
1181	3661
3911	1182
3911	3664
3664	1182
1187	1185
3666	1185
3666	3665
1190	1188
1193	1191
3676	1194
3676	1195
3943	1197
3943	3677
3943	1198
3686	1200
3686	1201
1205	1203
1208	1206
1208	3687
1211	1209
1214	1212
1217	1215
3692	1215
1220	1218
1220	3693
1223	1221
1226	1224
3967	1227
3967	1228
1232	1230
3970	1233
3970	1234
3970	3702
3971	3702
3971	3703
3979	1236
3979	3705
3979	3704
1238	3704
4002	1239
4002	1240
4002	3710
4003	3710
4009	1242
4009	3711
1244	3711
3720	1245
3720	3712
3720	3713
3719	3713
3719	3714
3718	3714
3712	1245
3727	1248
3727	3723
3727	3722
3726	3722
3726	3721
1250	3721
4011	1251
4011	3729
4011	3728
1253	3728
4559	1254
4559	1255
4559	3734
4560	3734
4594	1257
4594	3735
4594	1258
3745	1260
3745	3740
3745	3741
3744	3741
3740	1260
4596	1263
4596	3747
4596	3746
1265	3746
1268	1266
3748	1266
1271	1269
1271	3749
3758	1272
3758	3753
3753	1272
3752	1272
1277	1275
1277	3755
3756	3755
3756	3754
1280	1278
3760	1278
3760	3759
4570	1281
4570	3767
1283	3767
4572	1284
4572	3768
3768	1284
3789	1287
3789	3775
1289	3775
1292	1290
3782	1290
4592	1293
4592	3790
1295	3790
3797	1296
3797	1297
3797	3795
4591	1299
4591	3798
1301	3798
3801	1302
3801	1303
1307	1305
1307	3802
1310	1308
3805	1308
1313	1311
3807	1311
3807	3806
3815	1314
3815	5293
3815	3811
3811	5293
3810	5293
3810	3808
3809	3808
3808	5293
1319	1317
1319	3816
3817	3816
1322	1320
1322	3818
1325	1323
1328	1326
3819	1326
1331	1329
1331	3820
3833	1332
3833	3821
3833	3822
3832	3822
3832	3823
3831	3823
3821	1332
1337	1335
1337	3826
3828	3826
3828	3825
3827	3825
3827	3824
1340	1338
1342	1338
5185	1338
5185	3836
5184	3836
5184	3835
5183	3835
5183	3834
1341	3834
4588	1343
4588	1342
4588	5185
4589	5185
4589	5295
4589	5296
4590	5296
4590	5294
1345	5294
3837	5294
3837	1341
1341	5294
5183	5294
5183	5296
5184	5296
5184	5295
1348	1346
3839	1346
3839	3838
1351	1349
1351	3840
3841	3840
4014	1352
4014	3842
4014	5297
4015	5297
4015	3844
3844	5297
3843	5297
1353	5297
4020	1355
4020	1359
1359	1355
5186	1355
5186	3846
1358	3846
1358	3845
3854	1360
3854	1359
3853	1359
3853	5298
3852	5298
1362	5298
1362	1358
3847	1358
1358	5298
5186	5298
1365	1363
1365	3857
3859	3857
3859	3856
3858	3856
3858	3855
3864	1366
3864	1367
1371	1369
1371	3865
4036	1372
4036	3866
4036	3867
4037	3867
3866	1372
1377	1375
1377	3869
3871	3869
3871	3868
3870	3868
1380	1378
3875	1378
3875	3873
3874	3873
3874	3872
1383	1381
1383	3877
3879	3877
3879	3876
3878	3876
4074	1384
4074	3884
3884	1384
3883	1384
3883	3881
3882	3881
3882	3880
1389	1387
1389	3887
3890	3887
3890	3886
3889	3886
3889	3885
3888	3885
1392	1390
3896	1390
3896	3893
3895	3893
3895	3892
3894	3892
3894	3891
5302	5299
5299	5300
5300	5301
3912	1393
3912	5299
3912	5302
1395	5302
3902	5302
3902	5303
3901	5303
3901	5301
3900	5301
3900	3897
3897	5301
3898	5301
3898	5300
3899	5300
3899	5299
3910	1396
3910	3905
3910	5305
1398	5305
3907	5305
3907	5304
3906	5304
3906	3903
3903	5304
3904	5304
3904	5305
3917	1399
3917	3916
1401	3916
5307	5306
4104	1402
4104	5306
4104	5307
4105	5307
4105	3932
3932	5307
3931	5307
3931	5308
1403	5308
3930	5308
3930	5306
3955	1405
3955	3934
3954	3934
3954	3933
1407	3933
1410	1408
1413	1411
3937	1411
1416	1414
3939	1414
3939	3938
1419	1417
3959	1417
3959	3957
3958	3957
3958	3956
1422	1420
3963	1420
3963	3961
3962	3961
3962	3960
3969	1423
3969	3965
3969	5309
3968	5309
1425	5309
3966	5309
3966	3964
3964	5309
4121	1426
4121	3972
4121	3973
3972	1426
4161	1429
4161	3975
4161	3974
1431	3974
3981	1432
3981	1433
3981	3978
3980	3978
4552	1435
4552	3983
4552	3982
1437	3982
3984	3982
4548	1438
4548	3989
4548	3990
3989	1438
3989	3988
4178	1441
4178	3992
4178	5310
4179	5310
1443	5310
3993	5310
3993	3991
3991	5310
4021	1444
4021	3994
4021	3995
3995	3994
4016	1447
4016	3999
4016	1448
4005	1450
4005	1451
4005	4000
4004	4000
4004	4001
4013	1453
4013	4007
4013	4006
4012	4006
4012	1454
4010	1456
4010	1457
4010	4008
4038	1459
4038	4027
4038	4028
4027	1459
4027	4025
4026	4025
4035	1462
4035	4031
4034	4031
4034	4030
1464	4030
1464	4029
1467	1465
1467	4039
1470	1468
1473	1471
1476	1474
4050	1474
4261	1477
4261	4051
4261	1478
4262	1478
4262	4052
4263	4052
4263	4053
4264	4053
1482	1480
1482	4055
4057	4055
4057	4054
4056	4054
4307	1483
4307	4059
4308	4059
4308	4058
1485	4058
4315	1486
4315	1487
4315	4064
4316	4064
4316	4065
4075	1489
4075	4067
4075	5311
1491	5311
4068	5311
4068	4066
4066	5311
4073	1492
4073	4072
1494	4072
1497	1495
1497	4076
4077	4076
1500	1498
4080	1498
4080	4078
4079	4078
1503	1501
4084	1501
4084	4082
4083	4082
4083	4081
1506	1504
1506	4086
4088	4086
4088	4085
4087	4085
4547	1507
4547	4090
4547	4089
1509	4089
1512	1510
4091	1510
1515	1513
1515	4092
4546	1516
4546	4093
4546	4094
4093	1516
4374	1519
4374	4096
1521	4096
1521	4095
4097	4095
1524	1522
1524	4101
4108	1525
4108	1526
4108	4102
4107	4102
4107	4103
4106	4103
1530	1528
1530	4111
4113	4111
4113	4110
4112	4110
4112	4109
4388	1531
4388	4115
4388	5312
4389	5312
4390	5312
4390	4116
4116	5312
1532	5312
4114	5312
1536	1534
4118	1534
4118	4117
4120	1537
4120	4119
4120	1538
4394	1540
4394	4122
4394	4123
4395	4123
4395	4124
4396	4124
4122	1540
1545	1543
4131	1543
4131	4127
4130	4127
4130	4126
4129	4126
4129	4125
4128	4125
1548	1546
1550	1546
1550	4135
1550	4134
5187	4134
5187	4133
1549	4133
1549	4132
5315	5313
5317	5314
5314	5315
5317	5318
4260	1551
4260	1550
4260	5313
4259	5313
4259	5315
4258	5315
4258	5314
4257	5314
4257	5317
1553	5317
4136	5317
4136	5319
1552	5319
1549	5319
1549	5318
5187	5318
5187	5316
1550	5316
5316	5318
4191	1554
4191	4137
4191	1555
4199	1557
4199	1558
4219	1560
4219	1561
4162	1563
4162	4160
4160	1563
1568	1566
4171	1566
4171	4169
4170	4169
4256	1569
4256	4173
1571	4173
4174	4173
4174	4172
4180	1572
4180	4175
4180	4176
4180	4177
4176	4175
1577	1575
1577	4181
4182	4181
1580	1578
1580	4183
1583	1581
1586	1584
4190	1584
4250	1587
4250	1588
4227	1590
4227	1591
1595	1593
1598	1596
1601	1599
4198	1599
1604	1602
1607	1605
1610	1608
4218	1608
1613	1611
1616	1614
4226	1617
4226	1618
1622	1620
1625	1623
4228	1623
1628	1626
1628	4229
1631	1629
1634	1632
1634	4251
4252	4251
1637	1635
4407	1638
4407	4269
4407	4270
4269	1638
4418	1641
4418	4272
4418	4271
4419	4271
4419	4273
4273	4271
1646	1644
4275	1644
4275	4274
4545	1647
4545	4276
4545	1648
4545	4277
4544	1650
4544	4290
4544	1651
4544	4291
4296	1653
4296	4295
4296	1654
4450	1656
4450	4300
1658	4300
4310	1659
4310	1660
4310	4301
4309	4301
4309	4302
4317	1662
4317	5320
1664	5320
4314	5320
4314	4311
4313	4311
4311	5320
4312	5320
4452	1665
4452	4320
4320	1665
4319	1665
4319	4318
1670	1668
4325	1668
4325	4322
4324	4322
4324	4321
4323	4321
4331	1671
4331	4328
4330	4328
4330	4327
4329	4327
4329	4326
1673	4326
4338	1674
4338	4334
4338	4333
4337	4333
4337	4332
1676	4332
4469	1677
4469	4340
4470	4340
4470	4339
1679	4339
4472	1680
4472	1681
4472	4341
1685	1683
1685	5321
4343	5321
4343	4342
4342	5321
4352	1686
4352	4344
4351	4344
4351	1687
1691	1689
4360	1689
4360	4358
4359	4358
4359	4357
4368	1692
4368	4362
4368	4361
4367	4361
4367	1693
4497	1695
4497	4370
1697	4370
4371	4370
4371	4369
4375	1698
4375	4372
4375	4373
4373	4372
1703	1701
1703	4376
4377	4376
1706	1704
1706	4378
4379	1707
4379	1708
1712	1710
4381	1710
4381	4380
4383	1713
4383	4382
1715	4382
5322	5323
4393	1716
4393	5322
4392	5322
4392	5324
4392	5325
4391	5325
4391	4387
4387	5325
4386	5325
4386	5324
4385	5324
4385	5323
1717	5323
4384	5323
4384	5322
1721	1719
1724	1722
4403	1722
1727	1725
4505	1728
4505	1729
4422	1731
4422	1732
4422	4416
4421	4416
4421	4417
4420	4417
4457	1734
4457	4430
4457	4429
4456	4429
4456	4428
4455	4428
4455	1735
4447	1737
4447	1738
1742	1740
1742	4448
4451	1743
4451	4449
4449	1743
1748	1746
1748	4460
4463	4460
4463	4459
4462	4459
4462	4458
4461	4458
4471	1749
4471	4466
4471	5327
4471	5328
1751	5328
4468	5328
4468	5326
4467	5326
4467	4464
4464	5326
4465	5326
4465	5328
4465	5327
4477	1752
4477	1753
1757	1755
1757	4478
1760	1758
1763	1761
4485	1764
4485	1765
1769	1767
1769	4486
1772	1770
4491	1770
1775	1773
1775	4492
4493	4492
1778	1776
1781	1779
1784	1782
4504	1782
1787	1785
1790	1788
4532	1791
4532	1792
1796	1794
1799	1797
1799	4533
1802	1800
4561	1803
4561	4553
4561	4554
4553	1803
5330	5331
5331	5332
5333	5330
1813	1806
1813	5329
1813	5331
5189	5331
5189	5330
5188	5330
5188	5333
1812	5333
1812	4565
4565	5333
4564	5333
4564	5334
4563	5334
4563	5332
1807	5332
4562	5332
4562	5331
4562	5329
4571	1809
4571	4568
4571	4567
1811	4567
4569	4567
4569	4566
4581	1814
4581	1813
4581	5189
4581	5336
4580	5336
4579	5336
4579	5337
4579	5335
1816	5335
4573	5335
4573	1812
1812	5335
1812	5337
5188	5337
5188	5336
1819	1817
1819	4574
1822	1820
1822	4584
4587	4584
4587	4583
4586	4583
4586	4582
4585	4582
4595	1823
4595	4593
4593	1823
1828	1826
1831	1829
1834	1832
4617	1835
4617	1836
1840	1838
1840	4618
1843	1841
1950	1844
5207	1844
5207	1847
5207	5194
1847	1844
4763	1849
4763	5200
4763	5199
1973	5199
5193	5199
1974	5199
1974	5198
1974	5338
4761	5338
4761	5339
1851	5339
4648	5339
4648	5196
4647	5196
4647	5195
1850	5195
1850	5194
5194	5195
5196	5339
5197	5339
5197	5338
5200	1849
2193	1849
5201	1849
4771	1852
4771	4650
4771	4649
1854	4649
1857	1855
4657	1855
4667	1858
4667	1859
4667	4661
4666	4661
4666	4662
4665	4662
4777	1861
4777	4670
4777	4669
4778	4669
4778	5341
4779	5341
4779	5340
4779	4671
4671	5340
1862	5340
4668	5340
4668	5341
1866	1864
1866	4672
1869	1867
4788	1870
4788	4675
4788	4676
4789	4676
4789	4677
4675	1870
1875	1873
4683	1873
4683	4680
4682	4680
4682	4679
4681	4679
4681	4678
4687	1876
4687	4686
1880	4686
1880	4685
5190	4685
1879	4685
1879	4684
1878	4684
4811	1881
4811	4688
4811	1880
4811	5342
4812	5342
4813	5342
4813	5343
1883	5343
4689	5343
4689	1879
1879	5343
1879	5342
5190	5342
1886	1884
4691	1884
4691	4690
4693	1887
4693	4692
1889	4692
1892	1890
1892	4694
4835	1893
4835	4699
4699	1893
4857	1896
4857	4700
4857	4701
4701	4700
1901	1899
1901	4702
4725	1902
4725	1903
4725	4711
4724	4711
4724	4712
4723	4712
4723	4713
4719	1905
4719	4716
4718	4716
4718	4715
4717	4715
4717	4714
1907	4714
4863	1908
4863	4728
4863	4727
1910	4727
1910	4726
4729	4726
1913	1911
1913	4730
1916	1914
4733	1914
1919	1917
1919	4734
1922	1920
4737	1920
1925	1923
4739	1923
4739	4738
5345	5344
5347	5345
5345	5346
4883	1926
4883	5348
4883	5346
4884	5346
4884	5344
4885	5344
4885	1930
1930	5344
5192	5344
5192	5345
5191	5345
5191	5347
1929	5347
1929	4740
4740	5347
4740	5348
1933	1931
1933	1930
1935	1930
5204	1930
5204	5192
2195	5192
5203	5192
5203	5191
2194	5191
2194	1929
5202	1929
1934	1929
1938	1936
1938	1935
1940	1935
1940	5204
5206	5204
1951	1941
5208	1941
2193	1941
5200	1941
5200	1940
5200	5206
5200	2195
5199	2195
5199	5203
5198	5203
5198	2194
5198	5349
5197	5349
5197	5350
5196	5350
5196	5352
5196	5351
5195	5351
2192	5351
2192	1943
5207	1943
1943	5351
4742	5351
4742	5352
4741	5352
4741	5350
1942	5350
1942	5349
1939	5349
5205	5349
1946	1944
1946	4744
4746	4744
4746	4743
4745	4743
4754	1947
4754	4748
4754	5353
1949	5353
4749	5353
4749	4747
4747	5353
1954	1952
1957	1955
4756	1955
1960	1958
1960	4757
1963	1961
1966	1964
1969	1967
4758	1967
4765	1970
4765	1973
4765	5193
4765	1974
4764	1974
4764	4760
1973	1970
1973	4759
4762	4759
5080	1975
5080	4767
5080	4766
5081	4766
5081	1976
5087	1978
5087	1979
5087	4768
1983	1981
4770	1981
4770	4769
5086	1984
5086	4772
4772	1984
4780	1987
4780	4776
4776	1987
4775	1987
4775	4773
4774	4773
1992	1990
1992	4781
5084	1993
5084	4782
5084	4783
5085	4783
4782	1993
1998	1996
4787	1996
4787	4785
4786	4785
4786	4784
5072	1999
5072	2000
5072	4790
4948	2002
4948	4791
2004	4791
2007	2005
2010	2008
2013	2011
2016	2014
4990	2017
4990	4804
4804	2017
2022	2020
2022	4805
4806	4805
4815	2023
4815	5354
4815	4809
4814	4809
4814	4810
4809	5354
4808	5354
4808	4807
4807	5354
2028	2026
4819	2026
4819	4817
4818	4817
4818	4816
5071	2029
5071	4821
2031	4821
2031	4820
4822	4820
4836	2032
4836	5355
4836	4824
4824	5355
2033	5355
4823	5355
4828	2035
4828	4825
2037	4825
5070	2038
5070	4839
5070	4840
4839	2038
4839	4837
4838	4837
2043	2041
2043	4843
4846	4843
4846	4842
4845	4842
4845	4841
4844	4841
5001	2044
5001	4849
5001	4848
5002	4848
5002	4847
2046	4847
2049	2047
4852	2047
2052	2050
2052	4853
2055	2053
4856	2053
2058	2056
4860	2056
4866	2059
4866	4861
4865	4861
4865	2060
4865	4862
4864	4862
5356	5357
5016	2062
5016	5357
5016	5356
2064	5356
4872	5356
4871	5356
4871	5358
4871	4867
4870	4867
4867	5358
4868	5358
4869	5358
4869	5357
4877	2065
4877	4875
4877	4874
4876	4874
4876	4873
2067	4873
4886	2068
4886	5359
4886	4882
4882	5359
4881	5359
4881	5360
4880	5360
4880	4878
4878	5360
4879	5360
4879	5359
2073	2071
4892	2071
4892	4890
4891	4890
5022	2074
5022	4894
5022	4893
5023	4893
5023	5361
5024	5361
5024	2075
2075	5361
2079	2077
4895	2077
2082	2080
2082	4896
2085	2083
2088	2086
2091	2089
4939	2092
4939	2093
2097	2095
2100	2098
2100	4940
4951	2101
4951	2102
4951	4941
2106	2104
2106	4942
4943	4942
2109	2107
2109	4944
2112	2110
4947	2110
2115	2113
2115	4952
4961	2116
4961	2117
2121	2119
4963	2119
4963	4962
2124	2122
2124	4967
4968	4967
4978	2125
4978	4969
4978	2126
4982	2128
4982	4979
4982	2129
2133	2131
2133	4983
4984	4983
2136	2134
4986	2134
4986	4985
2139	2137
5045	2140
5045	2141
5003	2143
5003	5000
5000	2143
4999	2143
5005	2146
5005	5004
5005	2147
2151	2149
2151	5006
5007	5006
2154	2152
5015	2152
5015	5014
5044	2155
5044	5017
5017	2155
5025	2158
5025	5362
5025	5020
5025	5021
5020	5362
5019	5362
5019	5018
5018	5362
2163	2161
2163	5029
5041	2164
5041	2165
5036	2167
5036	2168
5036	5034
2172	2170
2172	5035
5040	2173
5040	5037
2175	5037
5083	2176
5083	5073
5083	5363
5083	5364
5082	5364
5082	5075
5075	5364
5074	5364
5074	5363
2177	5363
2181	2179
5079	2179
5079	5077
5078	5077
5078	5076
2184	2182
2187	2185
5166	770
5166	610
613	610
615	614
615	5173
5170	766
5170	764
5170	5365
5171	5365
5171	762
762	5365
3102	5365
3414	760
3414	5172
3414	3116
3116	5172
5174	771
5174	767
3117	765
3117	5175
3117	770
3117	786
5201	1848
5201	5208
5208	1848
1951	1848
5205	2194
5205	5202
1939	5202
1939	1934
5367	5366
5369	5368
5366	5369
5370	5368
5370	4
5370	0
5367	0
5367	27
5367	24
5366	24
5366	21
5366	18
5369	18
5369	15
5369	10
5368	10
5368	7
5372	5376
5373	5378
5374	5373
5375	5374
5375	5379
5376	5375
5376	5380
5377	5376
5379	5378
5380	5379
5381	5380
5381	5382
5381	3
5381	2238
5377	2238
5377	2236
5377	2234
5372	2234
5372	42
5372	2228
5376	2228
5376	2224
5375	2224
5375	2220
5375	5371
5374	5371
5373	5371
5373	2213
5373	2215
5373	2217
5378	2217
5378	1
5382	1
2213	5371
40	5371
5385	5384
5385	5386
5385	2248
5385	51
5385	48
5385	2246
5384	2246
5384	2244
5384	5383
5384	2235
5386	2235
5386	2237
5386	2239
5386	6
6	2239
2235	5383
43	5383
45	5383
9	54
8	54
2249	54
5387	5388
5388	5393
5389	5388
5389	5394
5390	5389
5392	5391
5393	5392
5394	5393
5395	5394
5396	5395
5391	5396
5396	5391
5396	2270
5396	2268
5395	2268
5395	63
5390	63
5390	60
5389	60
5389	2264
5387	2264
5387	2262
5387	57
5387	55
5388	55
5388	11
5393	11
5393	14
5393	72
5392	72
5392	69
5392	66
5392	2274
5391	2274
5391	2272
17	73
5399	5398
5399	5400
5399	2297
5399	81
5399	2293
5398	2293
5398	75
5398	70
5400	70
5400	19
5400	20
19	70
75	2293
5136	31
5136	5401
5136	2300
5136	82
5136	2298
23	2298
2300	5401
84	5401
84	32
84	90
32	5401
2201	29
2201	5137
2201	25
5403	5402
5403	5405
5403	2214
5403	5404
5403	2204
5403	2202
5402	2202
5402	33
5402	30
5402	2200
5405	2200
5405	28
5405	2216
2216	28
2204	5404
2206	5404
2206	2212
36	2212
2212	5404
35	102
2207	102
2207	2321
2205	2321
2205	99
2203	99
2203	2308
2203	91
2308	99
93	99
2231	41
2231	2333
2231	111
2227	111
2227	108
2223	108
2223	2329
38	2329
37	2329
37	105
2333	41
2335	41
2335	44
47	123
2347	120
2347	117
2347	2245
2347	2247
2245	117
2245	115
124	49
50	53
50	56
50	2353
49	2353
126	2353
59	141
2265	141
2265	5408
2263	5408
2263	5407
58	5407
2356	5407
2356	5406
130	5406
132	5406
132	138
138	5406
2365	5406
2365	5408
5408	5406
5410	5409
5410	5411
5412	5411
5413	5412
5413	5414
5413	156
5413	153
5413	150
5413	5410
5410	150
5410	147
5410	144
5409	144
5409	142
5411	142
5411	61
5414	61
5414	62
5416	5415
5416	5418
5416	2273
5416	2275
5416	2375
5416	2373
5415	2373
5415	2371
5415	159
5415	2369
5418	2369
5418	5417
5418	2271
2271	5417
2269	5417
2269	157
157	5417
159	2371
2375	2275
2377	2275
165	163
5419	5421
5422	5421
5422	5423
5422	74
5422	174
5419	174
5419	2387
5419	2385
5421	2385
5421	2383
5421	5420
5423	5420
5423	2376
5423	2378
74	2378
74	67
2376	5420
2374	5420
2372	5420
2372	2381
2381	5420
2387	174
168	174
77	175
177	172
2302	83
2302	180
2302	2415
2302	5424
80	5424
2295	5424
2295	2411
2295	2409
79	2409
173	2409
2411	5424
2413	5424
86	195
86	2417
86	181
2417	195
2419	195
2419	192
2419	5425
2421	5425
2421	2423
2423	5425
2425	5425
186	5425
189	5425
2309	92
2309	198
2309	196
2309	88
5426	5428
5427	5426
5427	5429
5428	5432
5429	5428
5429	5433
5430	5429
5433	5432
5433	5435
5434	5433
5436	5435
5436	5437
5436	2461
5436	2458
5434	2458
5434	216
5430	216
5430	213
5427	213
5427	210
5427	207
5427	204
5426	204
5426	2449
5428	2449
5428	5431
5432	5431
5435	5431
5435	191
5435	199
5437	199
5437	94
5437	95
191	5431
190	5431
201	5431
2467	219
2467	2465
2467	2460
2469	2460
2469	2463
98	2463
2460	2465
101	104
2323	104
2323	5438
2323	2470
2470	5438
2468	5438
220	5438
220	2472
2472	5438
231	228
107	237
2330	237
2330	2480
2330	5440
106	5440
2474	5440
2474	5439
223	5439
225	5439
228	5439
234	5439
234	5440
5442	5441
5443	5442
5444	5443
5444	5445
5444	110
5444	252
5444	249
5444	246
5443	246
5443	243
5442	243
5442	240
5441	240
5441	238
5441	109
5445	109
261	258
5448	5447
5448	5449
5448	2336
5448	113
5448	116
5448	2490
5447	2490
5447	2488
5447	5446
5447	255
5447	2484
5449	2484
5449	253
5449	2334
2334	253
255	5446
258	5446
264	5446
119	273
119	270
119	2492
119	2491
2491	2492
2489	2492
2489	267
122	125
2348	125
2348	282
2348	5450
121	5450
274	5450
274	279
279	5450
2509	5450
128	131
127	131
283	131
134	291
134	288
134	286
5452	5451
5452	5453
5452	5454
5452	2527
5452	2525
5452	2523
5451	2523
5451	297
5451	294
5451	292
5451	136
5453	136
5453	137
5453	5134
5454	5134
5454	145
5454	2531
5454	2529
2531	145
2525	2527
140	143
2366	143
2366	5135
5455	5457
5455	5458
5456	5455
5456	5459
5458	5457
5458	5461
5459	5458
5459	5462
5460	5459
5460	5463
5463	5462
5463	5465
5463	2551
5463	2549
5464	2549
5464	312
5464	309
5464	306
5460	306
5460	2539
5456	2539
5456	2536
5455	2536
5455	303
5455	301
5455	2528
5457	2528
5457	2530
5457	2532
5461	2532
5461	148
5461	149
5461	5465
5465	149
161	164
5132	160
5132	5468
5132	5467
5132	5466
152	5466
152	2552
2552	5466
2550	5466
2550	5467
2550	2554
2554	5467
2554	5468
315	5468
318	5468
164	5468
2370	158
2370	5133
2370	154
167	333
2388	333
2388	330
2388	327
2386	327
2384	327
2384	324
2384	321
2384	2561
2382	2561
2382	319
170	176
176	336
169	336
5469	5470
5469	5471
5469	2422
5469	182
5469	339
5469	2593
5470	2593
5470	2412
5470	2414
5471	2414
5471	2416
5471	2418
5471	2420
2418	2416
2412	2593
2412	2589
2410	2589
2410	337
185	351
2426	351
2426	348
2424	348
2424	345
2424	342
184	342
188	200
187	200
352	200
352	357
194	197
2613	360
2613	358
2613	2450
2450	358
5472	5473
5472	5474
5472	5476
5474	5473
5474	5477
5474	5478
5475	5474
5477	5480
5478	5477
5478	5481
5478	205
5479	205
5479	206
5479	389
5479	2638
5475	2638
5475	386
5475	383
5475	380
5472	380
5472	375
5476	375
5476	372
5476	366
5473	366
5473	363
5477	363
5480	363
5480	361
5480	2614
5481	2614
366	372
209	392
208	392
2648	398
2648	395
2648	393
2648	211
2466	218
2466	5482
2466	2652
215	2652
214	2652
2649	2652
2649	401
2652	5482
404	5482
224	5482
221	5482
2662	410
2662	407
2662	405
2664	405
227	405
229	230
259	260
5483	5485
5483	5486
5484	5488
5484	5489
5484	5490
5484	425
5484	422
5484	416
5484	2674
5488	2674
5488	2183
5488	5100
5489	5100
5489	5098
5489	5096
5490	5096
5490	5492
5490	2694
2694	5492
2696	5492
2696	5094
5094	5492
2183	2674
5102	2674
5102	2671
2186	2671
2186	5487
5104	5487
5104	5486
5106	5486
5106	5485
5108	5485
5108	5491
5110	5491
5110	2665
2665	5491
2663	5491
2663	5485
411	5485
411	5483
413	5483
413	5487
416	422
5494	5493
5494	5496
5495	5494
5497	5496
5497	5498
5497	5116
5497	5114
5495	5114
5495	5112
5495	5107
5495	5109
5494	5109
5494	5111
5493	5111
5493	232
5493	233
5496	233
5496	5130
5498	5130
5498	241
5498	5118
5118	241
5107	5112
5105	5112
236	239
236	5131
2481	5131
5499	5503
5500	5499
5500	5504
5501	5500
5501	5505
5502	5501
5504	5503
5504	5507
5505	5504
5505	5508
5506	5505
5506	5509
5508	5507
5508	5511
5509	5508
5509	5512
5510	5512
5510	245
5510	5126
5510	5124
5506	5124
5506	5122
5502	5122
5502	5120
5502	2184
5501	2184
5501	5103
5500	5103
5500	2185
5499	2185
5499	5113
5499	5115
5503	5115
5503	5117
5507	5117
5507	5119
5511	5119
5511	244
5512	244
5514	5513
5514	5515
5514	256
5514	257
5514	5095
5514	5097
5513	5097
5513	5099
5513	5123
5515	5123
5515	5125
5515	5516
5515	5128
5128	5516
248	5516
248	5127
5127	5516
5123	5099
5121	5099
5121	5101
2485	254
2485	5129
251	5129
263	266
263	5517
262	5517
2697	5517
2695	5517
2695	431
2695	428
431	5517
2710	434
2710	5518
2712	5518
2712	2493
2493	5518
268	5518
268	434
272	275
272	446
272	443
271	443
271	2730
2713	2730
2711	2730
2711	2716
2711	2714
2716	2730
2718	2730
2718	2728
2720	2728
2720	440
2722	440
5519	5520
5521	5520
5521	5522
5521	5523
5521	1853
5521	1845
5519	1845
5519	367
5519	368
5519	438
5520	438
5520	439
5520	449
5522	449
5522	2740
5522	4653
5523	4653
5523	4651
4653	2740
4655	2740
1856	2740
1856	447
278	447
1845	1853
281	284
281	287
281	4659
2511	4659
2511	1857
4659	287
290	293
290	1860
1860	293
1860	1865
1865	293
295	296
299	302
299	1871
2526	1871
2526	4673
2524	4673
2524	1866
298	1866
1871	302
1874	302
305	1888
2541	1888
2541	1885
2541	1882
2538	1882
2538	1878
308	1891
307	1891
2556	314
2556	5092
2556	4697
2556	4695
311	4695
310	4695
4697	5092
1894	5092
1894	5090
1897	5090
1900	5090
4703	5090
4705	5090
4705	322
2563	320
2563	5524
317	5524
317	5525
316	5525
5093	5525
5093	5524
5091	5524
326	1906
326	4709
326	4706
4706	4709
4706	4707
4704	4707
4709	1906
329	1907
5526	5528
5528	5527
5528	5533
5529	5528
5529	5534
5530	5529
5527	5531
5527	5536
5527	5532
5533	5532
5533	5537
5534	5533
5534	5538
5535	5534
5537	5536
5532	5536
5538	5537
5538	5541
5539	5538
5541	5540
5537	5540
5541	5543
5541	2592
5542	2592
5542	2596
5539	2596
5535	2596
5535	338
5535	341
5530	341
5530	1918
5530	1915
5529	1915
5526	1915
5526	4731
5526	5527
5527	4731
5527	1912
5531	1912
5531	1909
5531	1904
5536	1904
5536	1905
5540	1905
5543	1905
5543	331
5543	332
5543	335
344	1919
5545	5544
5545	5548
5545	5549
5546	5545
5544	5547
5549	5548
5549	5551
5550	5549
5550	5552
5550	4750
5550	1948
5550	1945
5546	1945
5546	1942
5546	1937
5546	5544
5544	1937
5544	1921
5547	1921
5547	4735
5548	4735
5548	1916
5551	1916
5551	1917
5552	1917
5552	347
347	1917
1921	1937
1924	1937
1924	1932
350	353
350	4752
4752	353
356	359
356	1947
1947	359
1947	362
365	1844
365	1943
364	1943
371	464
371	436
436	464
2723	464
2723	461
2723	5554
2721	5554
2719	5554
2719	5553
2719	2764
2717	2764
2715	2764
2715	2762
433	2762
433	452
430	452
2764	5553
455	5553
458	5553
458	5554
374	465
379	479
379	2790
379	2788
376	2788
376	5555
463	5555
463	5556
462	5556
467	5556
470	5556
2786	5556
2786	5555
2790	479
473	479
382	480
385	485
385	477
385	478
477	485
388	391
388	5557
2640	5557
2640	486
486	5557
394	5557
397	400
397	491
396	491
396	488
484	488
491	400
403	406
2653	406
2653	495
409	412
409	509
409	506
408	506
408	503
493	503
492	503
497	503
509	412
512	412
515	412
515	417
518	417
521	417
415	414
415	5558
2676	5558
2673	5558
421	522
5559	5563
5560	5559
5563	5562
5564	5563
5564	5565
5564	5566
5564	2887
5560	2887
5560	549
5560	546
5560	543
5560	540
5559	540
5559	534
5559	529
5559	5562
5562	529
5562	5561
5562	424
5565	424
5565	427
5566	427
5566	451
424	5561
423	5561
520	5561
519	5561
526	5561
534	540
2748	450
2748	2729
2748	2731
2729	450
2741	448
2741	2751
2741	444
454	550
2765	550
2765	2889
2763	2889
457	558
456	558
456	5567
548	5567
547	5567
552	5567
555	5567
460	466
460	561
460	559
5569	5568
5568	5570
5568	5573
5568	5571
5572	5571
5571	5573
5571	5576
5571	5574
5575	5574
5575	468
5575	469
5575	573
5572	573
5572	2914
5569	2914
5569	570
5569	2911
5568	2911
5568	2909
5570	2909
5570	567
5570	564
5573	564
5576	564
5576	2905
5576	2903
5574	2903
468	2903
5578	5577
5578	5580
5579	5578
5579	5581
5579	582
5579	579
5579	576
5578	576
5578	574
5577	574
5577	471
5577	2787
5580	2787
5580	2789
5580	2791
5581	2791
5581	472
5581	585
585	472
475	481
474	481
474	591
591	481
594	481
594	487
594	498
597	498
490	496
5582	5583
5584	5583
5584	5586
5583	5585
5586	5585
5586	5588
5587	5586
5587	5589
5589	5588
5589	5591
5589	619
5590	619
5590	2952
5587	2952
5587	2950
5587	616
5584	616
5584	611
5582	611
5582	608
5582	605
5582	2944
5583	2944
5585	2944
5585	602
5588	602
5588	598
5588	501
5591	501
5591	502
5591	622
505	623
5594	5593
5594	5595
5594	631
5594	628
5594	5592
5594	620
5593	620
5593	621
5593	507
5593	508
5595	508
5595	637
5595	634
620	5592
625	5592
511	638
514	643
514	2960
514	2958
513	2958
636	2958
2960	643
658	655
517	525
517	5596
516	5596
516	646
646	5596
649	5596
652	5596
655	5596
2988	659
2988	527
656	657
533	676
533	5597
530	5597
530	2995
2989	2995
2989	661
2995	5597
2998	5597
2998	673
664	673
664	670
673	5597
679	677
536	677
539	680
675	678
542	553
542	3032
541	3032
541	3030
541	674
3032	553
3034	553
3034	554
545	551
685	683
557	560
557	2904
557	5598
557	5599
556	5599
556	688
688	5599
3038	5599
3038	5598
691	5598
691	2906
2906	5598
5600	5601
5602	5601
5602	5603
5602	5604
5602	566
5602	706
5600	706
5600	703
5600	700
5601	700
5601	697
5603	697
5603	694
5603	692
5604	692
5604	565
569	721
2912	721
2912	715
2912	712
2912	709
2910	709
2910	707
715	721
572	575
572	5605
2916	5605
571	5605
571	3058
3058	5605
578	727
578	3059
3059	727
3059	724
3059	719
581	739
580	739
728	739
728	736
730	736
584	592
584	2947
583	2947
583	604
2947	592
2947	593
587	590
596	601
607	768
607	3084
607	738
738	3084
3084	768
3084	763
742	763
742	750
750	763
750	758
610	769
776	773
615	785
615	3112
615	3110
615	3108
612	3108
612	3106
767	3106
767	3104
764	3104
3112	785
779	785
5607	5606
5607	5608
5607	3120
5607	791
5607	3118
5607	786
5606	786
5606	617
5606	2951
5608	2951
5608	2953
5608	624
624	2953
3118	791
3122	792
3122	3121
627	3121
5609	5610
5611	5610
5611	5612
5611	3130
5611	3128
5611	3126
5609	3126
5609	797
5609	794
5609	789
5609	790
5610	790
5610	3123
5612	3123
5612	629
5612	3132
3132	629
3128	3130
5614	5618
5615	5614
5616	5615
5616	5619
5617	5616
5617	5620
5619	5618
5620	5619
5621	5620
5621	5622
5621	2959
5621	2961
5621	639
5621	806
5617	806
5617	3137
5616	3137
5616	803
5616	5613
5615	5613
5614	5613
5614	3131
5614	3133
5614	632
5618	632
5618	633
5622	633
3131	5613
801	5613
642	645
641	645
641	821
641	818
807	818
809	818
809	815
821	645
648	825
651	830
651	3173
651	3171
650	3171
823	3171
3173	830
654	660
654	831
831	660
3197	848
3197	5623
3197	5624
663	5624
3000	5624
3000	3181
2997	3181
2997	834
3181	5624
836	5624
836	5623
839	5623
842	5623
842	848
666	854
666	3198
3198	854
3198	851
3219	865
3219	862
3219	668
668	862
855	862
681	684
5625	5626
5627	5626
5627	5628
5627	3229
5627	3227
5627	3225
5625	3225
5625	871
5625	3220
5626	3220
5626	671
5626	672
5626	3031
5628	3031
5628	3033
5628	3035
5628	3231
3231	3035
3220	871
866	871
5629	5630
5629	5631
5629	4637
5629	695
5629	3239
5629	3237
5629	3235
5630	3235
5630	3228
5630	3230
5630	3232
5631	3232
5631	687
687	3232
3228	3235
3228	3233
3226	3233
3239	695
690	693
3039	693
3039	4638
5632	5635
5633	5637
5634	5633
5634	5638
5635	5634
5635	5639
5636	5635
5639	5638
5639	5641
5639	3238
5640	3238
5640	3240
5640	698
5636	698
5636	699
5632	699
5632	880
5632	3255
5632	5634
5634	3255
5634	3251
5633	3251
5633	877
5633	874
5633	869
5637	869
5637	870
5637	3234
5637	5641
5641	3234
5641	3236
702	883
702	881
889	886
705	708
705	886
704	886
892	890
5642	5644
5642	5643
5642	904
5642	901
5642	898
5644	898
5644	895
5644	890
5644	710
5643	710
5643	907
907	710
714	908
5646	5645
5646	5649
5647	5646
5645	5648
5650	5649
5650	5651
5650	916
5650	913
5650	3286
5647	3286
5647	910
5647	3283
5646	3283
5646	3281
5645	3281
5645	905
5648	905
5648	906
5648	716
5648	717
5649	717
5651	717
5651	723
5651	922
5651	919
726	729
726	925
726	923
732	934
732	5652
731	5652
926	5652
918	5652
917	5652
928	5652
931	5652
3085	741
3085	935
3085	734
744	940
743	940
933	940
932	940
3340	952
3340	943
3340	3334
3342	3334
3342	3331
3344	3331
3344	941
3346	941
3346	746
943	952
943	949
5654	5655
5654	5657
5654	5656
5654	955
5654	3350
5655	3350
5655	5653
5655	3341
5655	3343
5657	3343
5657	3345
5657	3358
5656	3358
5656	958
3358	3345
3358	3347
961	3347
961	751
3341	5653
953	5653
3348	5653
757	962
762	772
762	960
960	772
3361	772
3361	3368
959	3368
774	775
5658	5659
5658	5660
5658	973
5658	970
5658	967
5658	965
5659	965
5659	3369
5659	3378
5659	3376
5660	3376
5660	3374
5660	3372
3372	3374
3378	3369
778	994
5661	5663
5662	5661
5664	5663
5666	5668
5668	5667
5669	5668
5669	5670
5669	3113
5669	3405
5669	3403
5666	3403
5666	3401
5666	3395
5668	3395
5668	3392
5667	3392
5667	3389
5667	3109
5667	3111
5670	3111
3109	3389
3109	5665
3107	5665
3107	5663
3105	5663
3105	3379
3379	5663
3379	5661
3377	5661
3375	5661
3375	5662
977	5662
977	3383
977	982
3383	5662
3383	5664
3386	5664
3386	5665
3395	3401
3395	991
985	991
3405	3113
995	780
781	1006
781	1003
780	1003
3407	1003
3407	1000
3119	787
3119	793
3119	1009
3119	1007
3119	783
796	1021
795	1021
795	1015
795	1012
1015	1021
799	802
799	5671
3129	5671
3129	3449
3129	3447
3127	3447
798	3447
3449	5671
1024	5671
3451	5671
3451	802
1027	802
805	808
3139	808
3139	1033
3139	1031
811	1034
814	1042
814	1039
814	1032
1032	1039
1032	3460
1029	3460
1028	3460
3494	1060
3494	5672
3494	1054
3496	1054
3496	1051
3496	1048
3498	1048
3500	1048
3500	1045
3502	1045
3502	1043
3504	1043
3504	816
1054	5672
1057	5672
1063	1061
826	1072
5675	5674
5675	5684
5676	5675
5676	5685
5677	5676
5677	5686
5678	5677
5678	5687
5679	5678
5679	5688
5680	5679
5680	5689
5681	5680
5681	5690
5682	5681
5686	5685
5686	5692
5687	5686
5687	5693
5688	5687
5688	5694
5689	5688
5690	5689
5690	5695
5691	5690
5691	5696
5691	3514
5691	3512
5691	3510
5691	5683
5682	5683
5682	3497
5682	3499
5681	3499
5681	3501
5680	3501
5680	3503
5679	3503
5679	3505
5678	3505
5677	3505
5677	819
5676	819
5676	820
5675	820
5675	3172
5674	3172
5674	5673
5684	5673
5684	3522
5684	3520
5684	5692
5692	3520
5692	3518
5692	1069
5693	1069
5693	3516
5694	3516
5695	3516
5695	1066
5696	1066
3522	5673
3524	5673
3524	3174
3174	5673
3497	5683
3495	5683
3495	3508
3508	5683
1073	828
829	832
828	832
1075	832
1075	5697
1075	5699
3528	5699
3528	5698
1078	5698
1078	3530
3530	5698
3532	5698
3532	5697
835	5697
3184	5697
5697	5698
5700	5703
5701	5700
5701	5704
5702	5701
5702	5705
5703	5707
5704	5703
5704	5708
5705	5704
5705	5709
5706	5705
5706	5710
5706	3533
5706	837
5706	838
5702	838
5702	3543
5701	3543
5700	3543
5700	1090
5700	1087
5703	1087
5703	3538
5707	3538
5707	3536
5707	1084
5708	1084
5708	1082
5709	1082
5710	1082
5710	3531
3547	1091
3547	5711
841	5711
841	3545
3545	5711
844	1099
844	3548
3548	1099
3548	3555
1089	3555
1089	3553
1089	1096
1088	1096
1088	3551
3549	3551
847	850
847	1108
847	3560
846	3560
1100	3560
1100	1105
853	858
853	1114
852	1114
852	1111
861	1115
1129	1126
5712	5713
5714	5713
5714	5715
5714	5716
5714	3606
5714	3604
5712	3604
5712	3602
5712	3598
5712	3596
5713	3596
5713	3594
5715	3594
5715	1123
5715	1120
5716	1120
5716	3584
5716	5717
5716	3608
3608	5717
1132	5717
1132	3584
3610	3584
3610	3581
1135	3581
873	3581
867	3581
864	3581
864	1117
864	1112
864	1113
3598	3602
876	1136
5718	5719
5718	5720
5719	5722
5720	5719
5720	5723
5721	5720
5721	5724
5721	5725
5721	894
5721	3618
5718	3618
5718	3616
5718	3614
5719	3614
5719	3612
5719	1133
5722	1133
5722	3611
5722	3254
5723	3254
5723	3258
5724	3258
5724	879
5725	879
5725	882
5725	893
893	882
3254	3611
3254	1134
887	888
5726	5727
5726	5728
5726	5729
5726	3617
5726	3620
5726	1138
5727	1138
5727	1130
5727	3603
5728	3603
5728	3605
5729	3605
5729	3607
5729	3615
3615	3607
3613	3607
3613	3609
3620	3617
3620	3619
897	3619
3622	1139
3622	3621
900	3621
1127	1128
1144	1141
5730	5731
5730	5732
5730	5733
5730	1137
5730	3623
5731	3623
5731	902
5731	3282
5731	3284
5732	3284
5732	1147
5732	3624
5733	3624
5733	1141
5733	1128
1147	3284
3282	902
912	929
3288	929
3288	930
3288	936
3288	5734
911	5734
1148	5734
1150	5734
915	927
921	924
3336	942
3336	1151
3333	1151
3333	938
1151	942
1151	1162
1153	1162
1153	1159
945	1165
944	1165
3656	1177
3656	1174
3656	1171
3656	1168
948	1168
948	1166
3351	954
3351	1186
3351	1183
3351	5735
3349	5735
3349	5736
951	5736
950	5736
3657	5736
3657	1180
1180	5736
1180	5735
957	963
956	963
956	3668
956	1189
3668	963
3672	1195
3672	3670
3672	5737
3674	5737
3674	3669
969	3669
3669	5737
1190	5737
1192	5737
5738	5739
5738	5740
5738	3680
5738	3678
5738	3673
5738	3675
5739	3675
5739	971
5739	972
5739	3684
5740	3684
5740	1204
5740	3682
3682	1204
3673	3678
1196	3678
975	978
975	5741
3373	5741
3373	3685
3685	5741
1205	5741
980	981
986	987
4630	987
4630	5743
4633	5743
4633	5742
4633	1203
1203	5742
1202	5742
1207	5742
1207	5743
1207	5744
1210	5744
987	5744
4635	983
4635	5745
4635	5747
4632	5747
984	5747
3397	5747
3394	5747
3394	5746
3391	5746
3388	5746
3388	5745
3385	5745
5745	5746
3690	1213
3690	3688
990	3688
990	1211
1219	1216
3408	996
3408	5750
3408	3406
3406	5750
3404	5750
3404	5749
3402	5749
3402	5748
3402	3691
3691	5748
1214	5748
1216	5748
996	5748
996	5749
3696	1225
3696	5751
3696	998
998	5751
1220	5751
3694	5751
1222	5751
1002	1013
1002	5752
1001	5752
1001	1231
1001	3698
3697	3698
3697	1228
1231	5752
1014	5752
1005	1008
1004	1008
1017	1246
1017	1232
1232	1246
3700	1246
3700	5753
1234	5753
1237	5753
3706	5753
3708	5753
3708	1246
3708	1243
3450	1023
3450	3724
3450	5754
3448	5754
3448	1247
1020	1247
1247	5754
1249	5754
1026	1035
3452	1035
3452	1261
3452	5757
1025	5757
3725	5757
3725	5756
3725	5755
1250	5755
1252	5755
1252	3736
3730	3736
3732	3736
3732	1258
3736	5755
3738	5755
3738	5756
3738	5757
5758	5763
5759	5758
5759	5764
5760	5759
5760	5765
5761	5760
5761	5766
5762	5768
5763	5762
5763	5769
5764	5763
5765	5764
5765	5770
5766	5765
5766	5771
5767	5766
5769	5768
5769	5773
5770	5769
5771	5770
5771	5774
5772	5771
5774	5773
5775	5774
5775	5776
5775	1047
5772	1047
5772	1276
5767	1276
5767	1273
5761	1273
5761	3750
5761	1270
5760	1270
5759	1270
5759	1267
5758	1267
5758	1264
5758	1262
5758	5762
5762	1262
5762	1037
5768	1037
5768	3462
5773	3462
5773	1038
5776	1038
5776	1046
1041	1044
1050	1277
5777	5778
5777	5779
5779	5778
5779	5781
5780	5779
5780	5782
5782	5781
5782	5784
5782	5785
5783	5782
5784	5787
5785	5784
5786	5785
5788	5787
5788	5789
5788	3783
5788	1291
5788	3780
5786	3780
5786	3778
5783	3778
5783	3776
5780	3776
5780	1288
5780	3772
5777	3772
5777	3769
5777	3764
5778	3764
5778	3761
5778	1279
5781	1279
5784	1279
5784	1274
5787	1274
5787	1275
5789	1275
5789	1052
5789	1053
3764	3769
3764	1285
1056	1094
1056	5790
1056	3785
3785	5790
1292	5790
3787	5790
3787	3552
3552	5790
1059	1062
1062	1830
1062	5791
1058	5791
1092	5791
1092	5792
3550	5792
3550	5793
3550	3539
3539	5793
3537	5793
3537	4605
3537	1827
4605	5793
4605	5792
1830	5792
4609	1836
4609	1833
4609	5796
4611	5796
4611	5795
4613	5795
4613	3513
4615	3513
4615	3515
3513	5795
3511	5795
3511	5794
3509	5794
1064	5794
1831	5794
4607	5794
4607	5796
5796	5794
5798	5797
5798	5807
5799	5798
5800	5799
5800	5808
5801	5800
5802	5801
5802	5809
5803	5802
5803	5810
5804	5803
5806	5805
5807	5806
5797	5806
5808	5807
5809	5808
5810	5809
5811	5810
5812	5811
5807	5812
5812	5805
5811	5805
5811	1837
5804	1837
5804	4610
5803	4610
5803	4612
5802	4612
5802	4614
5802	4616
5801	4616
5801	1067
5800	1067
5800	3517
5799	3517
5799	1068
5798	1068
5798	4625
5798	4623
5797	4623
5797	4621
5806	4621
5806	4619
5805	4619
5805	1839
1071	1074
1071	5814
3525	5814
3523	5814
3523	5815
3521	5815
3521	4624
3521	4626
3519	4626
4624	5815
4622	5815
4622	5816
4620	5816
4620	1842
1842	5816
4627	5816
1074	5816
5814	5816
1077	1843
3529	1843
3529	4628
1080	1083
1080	5818
1080	5819
1079	5819
1841	5819
1838	5819
1838	5818
1835	5818
1835	5817
1834	5817
1826	5817
1083	5817
1294	1289
1098	1101
3556	1101
3556	1297
3556	3793
3554	3793
3554	5822
1097	5822
1097	5821
3788	5821
3788	5820
3788	3781
3781	5820
3779	5820
3779	3791
3777	3791
3791	5820
3791	5821
3793	5821
3799	1303
3799	1300
3799	1298
1104	1298
5823	5824
5823	5825
5825	5824
5825	5827
5825	5828
5826	5825
5826	5829
5828	5827
5828	5831
5828	5832
5829	5828
5829	5833
5830	5829
5832	5831
5832	5835
5833	5832
5833	5836
5834	5833
5834	5837
5834	1116
5834	1121
5830	1121
5830	1122
5826	1122
5823	1122
5823	1315
5823	1309
5823	3803
5824	3803
5824	1306
5827	1306
5827	1304
5831	1304
5831	3800
5835	3800
5835	1106
5836	1106
5836	3562
5837	3562
5837	1107
5837	1110
1309	1315
1119	1118
1119	5838
3586	5838
3586	5839
3583	5839
3583	5838
1140	1324
1125	1324
1125	5840
3599	5840
3599	5841
3597	5841
3597	5842
3595	5842
3595	1316
1316	5842
1318	5842
1318	5841
1321	5841
1321	5840
1142	1143
1323	1145
1146	1149
1146	5843
3625	5843
3625	5844
1145	5844
1322	5844
1152	5844
1152	5843
1155	1336
1155	5845
1154	5845
1320	5845
1319	5845
1327	5845
1330	5845
1330	1336
1158	1337
5847	5846
5847	5849
5847	5850
5848	5847
5848	5851
5848	1161
5848	1164
5848	1167
5848	3848
5847	3848
5846	3848
5846	1361
5846	1356
5849	1356
5849	1353
5849	1350
5849	5852
5850	5852
5851	5852
5851	1334
5851	1335
5851	1160
1334	5852
1339	5852
1339	1347
1347	5852
1170	1364
1170	3850
3850	1364
3862	1367
3862	1365
3862	1172
1391	1388
5854	5856
5855	5854
5855	5857
5855	5858
5858	5857
5858	5860
5859	5858
5859	5861
5859	1179
5859	1397
5859	1388
5859	1385
5855	1385
5854	1385
5854	5853
5856	5853
5856	1370
5856	1368
5857	1368
5857	3863
5860	3863
5860	1175
5860	1176
5861	1176
1370	5853
1370	1376
1376	5853
1379	5853
1382	5853
1388	1397
1182	1398
1185	1188
1184	1188
1184	1191
1184	3913
1396	3913
3913	1191
1194	1197
1194	3921
1194	3918
3671	3918
3671	1401
3921	1197
3924	1197
3924	3940
3927	3940
3927	1415
3927	5862
1403	5862
1406	5862
1406	3935
3935	5862
1412	5862
5864	5863
5864	5866
5864	5867
5863	5865
5866	5865
5866	5869
5867	5866
5867	5870
5868	5867
5868	5871
5870	5869
5870	5873
5871	5870
5871	5874
5872	5871
5872	5875
5872	3944
5872	1416
5868	1416
5868	3942
5864	3942
5864	1199
5864	3679
5863	3679
5863	3681
5865	3681
5865	3683
5869	3683
5869	1200
5869	1206
5873	1206
5873	3948
5874	3948
5874	3946
5875	3946
3689	1212
3689	5880
3689	5878
3689	5877
1209	5877
1209	3949
3949	5877
3949	5878
3947	5878
3947	5879
3947	5876
3945	5876
3945	1413
1413	5876
3950	5876
3950	5879
3952	5879
3952	5880
1215	5880
5880	5879
1217	1218
3695	1221
3695	3953
3953	1221
3953	1410
3951	1410
3951	3936
1224	1227
1223	1227
1223	1421
1408	1421
1408	1418
1421	1227
3701	1233
3701	3699
3699	1233
1229	1233
1236	1433
3976	1430
3976	1423
3976	1235
1423	1430
1423	1427
1434	1238
1239	1451
1239	5882
1239	5884
3709	5884
3709	5883
3707	5883
3707	3985
3707	1436
3985	5883
3985	5882
3985	5881
1439	5881
1439	1445
1445	5881
3996	5881
1448	5881
1448	5882
5882	5883
1454	1452
1242	1457
1457	1452
1458	1244
1245	1248
1244	1248
4555	1804
4555	5885
4555	5886
1254	5886
3733	5886
3733	1455
3731	1455
3731	1456
1455	5886
1352	5886
1352	5885
1351	5885
5888	5890
5889	5888
5889	5891
5889	5892
5889	3763
5889	3766
5889	5887
5888	5887
5888	1805
5888	4558
5888	1256
5890	1256
5890	1257
5890	1824
5890	1268
5890	1269
5891	1269
5892	1269
5892	1280
1805	5887
1805	1810
1810	5887
1281	5887
1260	1263
1260	5893
3739	5893
3737	5893
1259	5893
1825	5893
1266	1823
1272	1278
3751	1278
1284	1811
1287	1293
5894	5896
5894	5897
5895	5894
5895	5898
5895	5899
5895	1305
5895	4575
5894	4575
5894	1818
5896	1818
5896	1815
5896	1808
5896	1809
5897	1809
5897	1286
5897	3771
5898	3771
5898	3774
5899	3774
5899	5900
5899	1302
1302	5900
1301	5900
1293	5900
1296	1299
3794	1299
3794	5901
3792	5901
1295	5901
4577	1819
4577	4576
4577	3804
3804	4576
1311	1328
1310	1328
4578	1328
4578	5902
1817	5902
1817	1821
1821	5902
1821	1340
1340	5902
1329	5902
1314	1317
1313	1317
1332	1338
1346	1822
1349	1803
1349	1806
1349	1814
1348	1814
1450	1453
4017	1449
4017	1453
4017	1354
5903	5907
5904	5903
5904	5908
5905	5904
5905	5909
5905	5910
5906	5905
5906	5911
5907	5913
5908	5907
5908	5914
5909	5908
5909	5915
5910	5909
5910	5916
5911	5910
5914	5913
5914	5918
5915	5914
5915	5919
5916	5919
5916	4019
5917	4019
5917	1357
5917	5912
5912	1357
5912	1360
5912	1363
5912	1366
5906	1366
5906	1369
5905	1369
5904	1369
5904	4032
5903	4032
5903	1463
5907	1463
5907	1460
5907	4022
5913	4022
5913	1446
5918	1446
5918	3998
5919	3998
5919	1447
1372	1464
1372	4033
1374	1375
1375	1472
1375	5920
1462	5920
1462	5921
1461	5921
1466	5921
4040	5921
4042	5921
4042	5920
1469	5920
1378	1473
5923	5922
5924	5925
5924	5926
5924	1493
5923	1493
5923	4069
5922	4069
5922	1490
5922	1487
5922	4062
5924	4062
5925	4062
5925	4044
5925	1470
5925	1471
5926	1471
5926	1380
5926	1381
4044	4062
4046	4062
4046	4060
4048	4060
4048	1484
1475	1484
1475	1481
1384	1494
5927	5928
5927	5929
5929	5931
5930	5929
5930	5932
5933	5932
5933	5934
5933	5935
5933	1505
5930	1505
5930	1502
5927	1502
5927	1499
5927	1496
5928	1496
5928	1491
5928	4071
5928	5931
5931	4071
5931	1492
5931	1386
5932	1386
5934	1386
5934	1387
5934	1514
5934	1511
5935	1511
5935	1508
1389	1390
3915	1399
3915	1512
3915	1513
1393	1513
1512	1399
1512	5936
1517	5936
1520	5936
1520	3920
1520	3923
4098	3923
4098	3926
4098	3929
1523	3929
1523	1402
3920	5936
1405	1417
1405	1538
1405	1535
1404	1535
1404	1532
1527	1532
1420	1426
1420	1539
1429	1564
1429	4158
1429	4156
1428	4156
1537	4156
1537	4154
1537	4152
1536	4152
1536	4150
1536	4148
1541	4148
1541	4146
1544	4146
1544	4144
1547	4144
1547	4142
1547	4140
1547	5937
1552	5937
1555	5937
1558	5937
4138	5937
4158	1564
1432	1435
1432	5938
3977	5938
3977	1565
1565	5938
4163	5938
4166	5938
4166	4549
1567	4549
1567	1440
1570	1440
1573	1440
4549	5938
4551	1437
4551	3987
1579	1576
4024	1459
4024	1465
4024	1576
4024	1574
1444	1574
4049	1474
4049	4188
4047	4188
4047	4043
4045	4043
4043	4188
4043	1582
4041	1582
4041	4186
4041	4184
1467	4184
1477	1553
1477	1554
1476	1554
1476	1585
4189	1585
1480	1654
1480	5940
1479	5940
1551	5940
1551	5941
1548	5941
4265	5941
4265	4284
4267	4284
4267	4281
1636	4281
1639	4281
1639	4278
1642	4278
1645	4278
4284	5941
4287	5941
4287	5939
1651	5939
4292	5939
4292	5940
5940	5939
4303	1660
4303	1657
4303	4297
1483	4297
1483	1655
1486	1663
1486	1661
4063	1661
4063	4306
4061	4306
1489	1495
1489	1672
1489	1669
1489	1666
1488	1666
4335	1675
4335	1673
4335	1497
4345	1687
4345	5942
4347	5942
4347	1678
4347	5943
4349	5943
4349	1500
1500	5943
4336	5943
1676	5943
1678	5942
1681	5942
1684	5942
5945	5946
5945	5947
5944	5945
5944	5948
5944	4353
5944	1688
5944	4346
5945	4346
5945	4348
5945	4350
5946	4350
5946	1503
5946	1504
5946	4365
5947	4365
5947	4363
5948	4363
5948	5949
5948	1690
1690	5949
1693	5949
1507	1518
1507	5950
1507	4366
4366	5950
4364	5950
4364	5951
1694	5951
1696	5951
1696	1519
1519	5951
1518	5951
1510	1516
1522	1708
1522	1705
4100	1705
4100	1702
4100	1700
1525	1528
1525	1711
1525	1709
1711	1528
1531	1717
1531	1715
1534	1540
1534	1718
1543	1712
1542	1712
1716	1712
4268	1635
4268	4399
4268	5952
4266	5952
4266	1545
1545	5952
1545	5953
1710	5953
1707	5953
1707	1720
1720	5953
4397	5953
4397	5952
1557	1600
5955	5954
5955	5956
5957	5956
5957	5958
5957	4194
5957	4192
5955	4192
5955	1588
5955	1586
5954	1586
5954	1556
5954	1600
5954	1597
5956	1597
5956	4196
5958	4196
5958	1594
4194	1594
1601	1559
5959	5961
5960	5964
5961	5960
5961	5965
5962	5961
5963	5967
5964	5963
5964	5968
5965	5964
5965	5969
5966	5965
5967	5971
5968	5967
5968	5972
5969	5968
5969	5973
5970	5969
5972	5971
5972	5975
5973	5972
5973	5976
5974	5973
5976	5975
5976	5979
5977	5976
5979	5978
5975	5978
5979	5981
5979	4212
5980	4212
5980	4210
5980	1606
5977	1606
5977	4208
5974	4208
5974	1603
5970	1603
5970	4206
5966	4206
5966	4204
5962	4204
5962	4202
5959	4202
5959	4200
5959	4139
5959	4141
5959	4143
5961	4143
5960	4143
5960	4145
5960	4147
5964	4147
5963	4147
5963	4149
5967	4149
5967	4151
5971	4151
5971	4153
5971	5978
5978	4153
5978	4155
5978	4157
5981	4157
5981	4159
5981	4216
5981	4214
4216	4159
4216	1560
4139	4200
4168	1566
4168	4224
4168	5982
4168	4220
4165	4220
4165	1612
4165	1610
1563	1610
4220	5982
1615	5982
1615	4222
4222	5982
5984	5983
5984	5985
5985	5988
5986	5985
5986	5989
5987	5986
5987	5990
5989	5988
5989	5992
5990	5989
5991	5990
5991	5993
5991	1568
5991	1569
5991	4253
5987	4253
5987	1633
5987	5984
5984	1633
5984	1589
5983	1589
5983	4193
5983	4195
5985	4195
5985	1590
5988	1590
5988	1619
5992	1619
5992	4223
5993	4223
5993	4225
1572	1575
1572	4255
4255	1575
1577	1578
4187	1581
4187	1587
4187	1632
4185	1632
1587	1581
5995	5994
5995	5996
5997	5996
5997	5998
5997	1616
5997	1617
5997	1592
5995	1592
5995	1593
5994	1593
5994	1630
5994	1627
5996	1627
5996	1624
5998	1624
5998	1621
4230	1631
4230	4197
4197	1631
6000	5999
6000	6001
6000	4231
6000	1598
6000	4201
5999	4201
5999	4203
5999	4205
5999	4236
5999	4234
6001	4234
6001	4232
6001	1629
1629	4232
4236	4205
4238	4205
4238	4207
4201	1598
6002	6006
6003	6002
6003	6007
6004	6003
6004	6008
6005	6010
6006	6005
6006	6011
6007	6006
6007	6012
6008	6007
6009	6008
6009	6013
6011	6010
6012	6011
6012	6015
6013	6012
6014	6013
6014	6016
6016	6015
6017	6016
6017	6018
6017	4242
6017	4240
6017	1625
6014	1625
6014	1626
6009	1626
6009	4233
6004	4233
6004	4235
6004	4237
6003	4237
6003	4239
6002	4239
6002	1604
6002	6005
6005	1604
6005	4209
6005	1605
6010	1605
6010	4246
6015	4246
6015	4244
6018	4244
6019	6021
6020	6019
6020	6022
6020	4215
6020	4217
6020	1608
6020	1611
6019	1611
6019	4248
6021	4248
6021	1622
6021	4241
6021	4243
6022	4243
6022	4245
6022	4213
4213	4245
4213	4247
4211	4247
4241	1622
1614	1620
4221	1620
4221	4249
4404	1723
4404	6023
4404	1637
1637	6023
4400	6023
4400	6024
4398	6024
1721	6024
4401	6024
4401	6023
1641	1732
1641	4414
1641	6025
1640	6025
1640	6026
4406	6026
4406	6027
1724	6027
1726	6027
1729	6027
4408	6027
4410	6027
4410	6026
4412	6026
4412	6025
6029	6028
6029	6031
6030	6029
6031	6033
6032	6031
6034	6033
6034	6035
6034	4445
6034	4443
6032	4443
6030	4443
6030	4441
6030	4435
6030	4433
6029	4433
6028	4433
6028	4431
6028	4423
6028	1733
6031	1733
6033	1733
6033	1643
6035	1643
6035	1644
4423	4431
4435	4441
4435	4439
4437	4439
1646	1647
6036	6039
6037	6036
6037	6040
6038	6044
6039	6038
6039	6045
6040	6039
6040	6046
6041	6040
6044	6043
6045	6044
6045	6048
6046	6045
6046	6049
6047	6046
6047	6050
6047	1653
6047	4299
6047	6042
6041	6042
6037	6042
6037	1741
6037	1739
6036	1739
6036	4440
6036	4442
6036	6038
6038	4442
6038	4444
6038	6043
6043	4444
6043	4446
6043	1647
6043	1652
6048	1652
6048	4294
6049	4294
6050	4294
1741	6042
1744	6042
1656	6042
1650	1649
1650	6052
4289	6052
4286	6052
4286	6051
4283	6051
4280	6051
1649	6051
1659	1662
1659	1665
1659	1745
4453	1742
4453	1743
4453	1667
6053	6054
6053	6055
6053	6056
6053	6057
6053	6058
6053	6059
6055	6054
6055	6061
6057	6056
6057	6063
6058	6057
6058	6064
6058	6065
6059	6058
6059	6066
6059	6067
6054	6059
6054	6068
6054	6060
6065	6064
6065	6069
6065	6070
6066	6065
6066	6071
6067	6066
6067	6072
6067	1677
6068	1677
6068	1750
6060	1750
6060	1747
6061	1747
6061	1736
6062	1736
6062	4432
6062	4434
6062	6056
6056	4434
6056	4436
6063	4436
6063	4438
6063	1737
6064	1737
6069	1737
6069	1740
6070	1740
6070	4454
6071	4454
6071	1670
6071	1671
6072	1671
6072	1674
1680	1751
1683	1753
1683	4475
1682	4475
1682	4473
1749	4473
6073	6074
6073	6075
6073	4479
6073	1759
6073	1686
6073	4356
6074	4356
6074	1689
6074	4483
6075	4483
6075	4481
6075	1762
1762	4481
1686	1759
1686	1756
1685	1756
6076	6079
6077	6076
6079	6078
6079	6082
6080	6079
6081	6080
6083	6082
6084	6083
6081	6083
6084	6085
6084	1774
6084	4489
6084	4487
6081	4487
6081	1768
6080	1768
6080	1766
6077	1766
6077	4482
6076	4482
6076	4484
6076	1691
6076	1692
6076	6078
6078	1692
6078	1695
6082	1695
6082	4494
6085	4494
4489	1774
1698	1701
1698	4496
4496	1701
1704	1719
1704	6086
1703	6086
1773	6086
1772	6086
4498	6086
4498	4402
4500	4402
4500	1722
4402	6086
6088	6087
6089	6088
6089	6090
6089	4501
6089	1727
6089	1728
6089	1783
6089	1780
6088	1780
6088	4502
6087	4502
6087	1777
6087	4488
6087	4490
6090	4490
6090	1770
6090	4499
4488	1777
6091	6092
6091	6093
6098	6100
6099	6098
6101	6100
6101	6102
6101	4411
6101	4413
6099	4413
6099	4415
6099	2188
6098	2188
6098	6097
6098	4510
6100	4510
6100	4508
6102	4508
6102	4506
6102	4409
4409	4506
1730	4506
4510	6097
4512	6097
1786	6097
1786	5146
4514	5146
4514	5144
1789	5144
1789	6092
4516	6092
4516	6091
4518	6091
4518	6094
4518	6096
4520	6096
1755	6096
1755	4476
4476	6096
4474	6096
4474	6094
1746	6094
1746	6093
1746	6095
1734	6095
1734	5140
4427	5140
4427	5138
1731	5138
4415	5138
5140	6095
5142	6095
5142	6093
5142	6092
5146	6097
6103	6104
6103	6105
6103	4526
6103	4524
6103	4519
6104	4519
6104	4521
6104	1757
6104	1758
6105	1758
6105	4530
4526	4530
4528	4530
4528	1795
4519	4524
4517	4524
4517	4522
1761	1796
4480	1796
4480	4531
6106	6107
6106	6109
6108	6109
6110	6109
6110	1767
6110	1776
6110	6111
6108	6111
6108	1798
6106	1798
6106	1793
6106	1794
6107	1794
6107	1763
6109	1763
6109	1764
1798	6111
1801	6111
4534	1802
4534	4503
4503	1802
6113	6112
6113	6115
6114	6113
6114	6116
6114	4509
6114	4511
6114	4540
6113	4540
6113	4538
6112	4538
6112	4536
6112	1800
6112	4535
6115	4535
6115	1781
6116	1781
6116	1782
6116	4507
1800	4536
4540	4511
4542	4511
4542	4513
6118	6117
6118	6121
6118	6122
6119	6118
6117	6120
6121	6120
6121	6125
6122	6121
6122	6126
6123	6122
6123	6127
6120	6124
6125	6124
6125	6129
6126	6125
6126	6130
6127	6126
6127	6131
6128	6131
6128	4543
6128	1787
6128	4515
6123	4515
6119	4515
6119	1788
6119	4523
6118	4523
6118	4525
6117	4525
6117	4527
6120	4527
6120	4529
6120	1791
6124	1791
6124	1797
6129	1797
6129	4537
6130	4537
6130	4539
6131	4539
6131	4541
4608	1832
4608	4606
4606	1832
1849	1971
1849	1968
1846	1968
1846	1965
1846	1962
1846	1959
1941	1959
1941	1956
1941	1953
1852	1982
1852	1976
1852	1972
1976	1982
4660	1858
4660	1988
4660	6132
4660	4656
4656	6132
4654	6132
4654	1985
4652	1985
4652	1983
1985	6132
1988	1858
4674	1870
4674	1997
4674	6133
1864	6133
1864	1989
1989	6133
1991	6133
1994	6133
4796	2012
4796	2006
4796	4794
4796	6134
4796	1872
1872	6134
1998	6134
1998	4792
2000	4792
4792	6134
2006	2012
1876	1881
1876	6137
1876	6136
1875	6136
4797	6136
2013	6136
4798	6136
4798	6135
2015	6135
4800	6135
4800	6138
4802	6138
4802	1881
4802	2024
4802	2021
1881	6138
6137	6138
6137	6135
4826	2036
4826	2027
4826	2025
4826	1883
2027	2036
2030	2036
1887	1890
1887	6139
1886	6139
4827	6139
4827	6140
2037	6140
4829	6140
4829	6141
4832	6141
4832	4698
4698	6141
4696	6141
4696	6140
4696	6139
6142	6145
6143	6142
6143	6146
6145	6149
6146	6145
6146	6150
6147	6146
6144	6147
6144	6151
6150	6149
6150	6154
6151	6150
6152	6151
6148	6151
6153	6152
6152	6155
6156	6155
6156	1895
6156	1896
6153	1896
6153	2054
6153	4854
6153	6148
6148	4854
6148	2051
6144	2051
6144	2048
6147	2048
6143	2048
6143	4850
6142	4850
6142	2045
6142	2042
6145	2042
6145	2039
6145	2035
6149	2035
6149	4831
6154	4831
6154	4834
6154	1895
2035	2039
4710	1902
4710	6157
4710	4858
4708	4858
4708	2055
1899	2055
4858	6157
2057	6157
2057	1908
1908	6157
5088	1922
5088	2063
5088	2061
1911	2061
2063	1922
2066	1922
4736	1920
4736	5089
4736	4732
4732	5089
1926	2069
1925	2069
4897	2084
4897	4887
4897	2070
1931	2070
4887	2084
2072	2084
2072	2081
2072	2078
1936	1952
1936	4899
1936	4898
4898	4899
6159	6158
6159	6160
6159	6161
6159	4913
6159	4911
6158	4911
6158	4905
6158	4903
6158	4901
6158	2083
6160	2083
6160	4900
6161	4900
6161	1954
6161	4915
4915	1954
2083	4901
4905	4911
4905	4909
4907	4909
6162	6164
6162	6165
6163	6162
6163	6166
6165	6164
6165	6168
6166	6165
6166	6169
6167	6166
6167	6170
6168	6172
6169	6168
6169	6173
6170	6169
6170	6174
6171	6170
6174	6173
6174	6176
6175	6176
6175	1958
6175	4925
6171	4925
6171	4923
6167	4923
6167	4921
6167	4919
6163	4919
6163	2090
6162	2090
6162	4917
6164	4917
6164	2088
6164	4910
6168	4910
6168	4912
6172	4912
6172	4914
6172	4916
6173	4916
6176	4916
6176	1957
6177	6179
6178	6177
6178	6180
6178	2096
6178	2093
6178	4933
6178	4931
6177	4931
6177	4922
6177	4924
6179	4924
6179	4926
6179	1961
6179	4935
6180	4935
1961	4926
4922	4931
4922	4929
4920	4929
4920	4927
4937	2097
4937	4936
1964	4936
4945	2108
4945	6181
4945	1966
1966	6181
4938	6181
2095	6181
2095	2105
2094	2105
2099	2105
2105	6181
1970	1975
1969	1975
4946	1975
4946	2111
2111	1975
2111	2180
2002	2180
2001	2180
1978	1986
1977	1986
1977	1990
1990	1986
1981	1984
1993	2178
1992	2178
1996	1999
1995	1999
4953	2117
4953	2114
4953	2103
4953	6182
4955	6182
4955	2104
4955	4949
4957	4949
4957	6183
4959	6183
4959	4795
4795	6183
4793	6183
4793	2112
2112	6183
2104	6182
6184	6186
6185	6184
6185	6187
6187	6186
6187	6189
6188	6187
6188	6190
6188	4974
6188	4972
6188	4970
6185	4970
6185	4964
6185	2120
6184	2120
6184	2118
6186	2118
6186	4954
6186	4956
6189	4956
6189	4958
6189	6191
6190	6191
6190	4976
4976	6191
4976	4960
4976	2007
4960	6191
4964	4970
2123	4970
4799	2014
4799	6194
4799	6193
4799	4977
2011	4977
4977	6193
4975	6193
4973	6193
4973	6194
4973	6192
4971	6192
2127	6192
2127	4980
4980	6192
4980	6194
6195	6196
6197	6196
6197	6198
6197	4987
6197	2135
6195	2135
6195	2132
6195	2130
6195	4981
6196	4981
6196	2016
6196	4801
6198	4801
6198	4803
6198	2017
2020	2028
2019	2028
2019	6200
4989	6200
4989	6199
2136	6199
4991	6199
2041	6199
2041	6200
2040	6200
2029	6200
2023	2026
2032	2038
2044	2144
2044	4992
4992	2144
4992	6201
4992	4993
2134	4993
2134	2138
4993	6201
4995	6201
4995	4997
4997	6201
2047	2147
4851	2147
4851	2145
6202	6206
6202	6203
6204	6203
6204	6208
6205	6204
6205	6209
6203	6206
6203	6211
6203	6207
6208	6207
6208	6213
6209	6208
6209	6214
6210	6209
6207	6212
6213	6212
6213	5068
6213	2058
6214	2058
6215	2058
6215	2059
6210	2059
6210	2062
6210	2153
6205	2153
6205	5011
6204	5011
6202	5011
6202	5008
6202	2150
6206	2150
6206	2148
6206	2049
6211	2049
6211	2050
6211	6212
6212	2050
4859	2056
4859	5069
4859	4855
4855	5069
2065	2068
2065	4889
2064	4889
2154	4889
2074	2159
2074	5013
2073	5013
5013	2159
5010	2159
5010	2156
6216	6218
6217	6216
6217	6219
6217	2168
6217	5032
6217	5052
6216	5052
6216	5050
6218	5050
6218	5048
6218	6220
6218	2113
6218	2171
6219	2171
2113	6220
2101	6220
2100	6220
5046	6220
5052	5032
5054	5032
5056	5032
5056	5030
5058	5030
5060	5030
5060	6221
5062	6221
5062	6222
5064	6222
5064	6224
5066	6224
5066	2160
5066	2076
2160	6224
5026	6224
5026	6222
5026	6223
2162	6223
2162	6221
2165	6221
6221	6223
6225	6228
6225	6229
6226	6225
6231	6233
6234	6233
6233	6237
6238	6237
6238	5067
6238	4902
6238	4904
6238	4906
6234	4906
6234	6235
6234	5152
6231	5152
6231	5150
6231	5059
6231	5061
6233	5061
6233	5063
6237	5063
6237	5065
5059	5150
5057	5150
5057	5148
5055	5148
5055	6226
5053	6226
5053	6230
5051	6230
5049	6230
5049	6232
5049	6236
5047	6236
5047	4934
2098	4934
4934	6236
4932	6236
4932	6232
4930	6232
4930	6228
4928	6228
4928	6227
2089	6227
2089	5156
4918	5156
4918	5154
2086	5154
2086	6235
4908	6235
6235	5154
5156	6227
2190	6227
2190	6228
2190	6225
5148	6225
6228	6232
6229	6232
4902	5067
4902	2079
2107	2110
2107	4950
2116	2119
2116	2172
5038	2174
5038	2169
5038	4966
4966	2169
4966	2170
2125	2128
2125	6240
2125	5039
5039	6240
5039	2137
5039	6239
2175	6239
2164	6239
2164	5042
5042	6239
2137	6240
2131	6240
2140	2157
2140	5028
4996	5028
4996	2161
4996	5043
4994	5043
5028	2157
2143	2146
4998	2146
4998	2149
2142	2149
2167	2173
2167	6242
2167	6241
5033	6241
5031	6241
5031	6242
2166	6242
5147	2189
5147	6243
5145	6243
5145	6244
5143	6244
5141	6244
5139	6244
2189	6244
6245	6246
6245	6247
6245	2191
6245	5149
6246	5149
6246	5151
6246	5153
6247	5153
6247	5155
6247	5157
0	2196
2196	2197
2196	1
1	3
4	5
5	6
7	8
8	9
14	13
10	12
15	16
16	17
18	2198
2198	2199
2198	19
19	20
21	22
22	23
24	25
25	26
27	28
28	2
28	26
26	2201
2200	2201
2201	29
30	31
31	32
33	34
34	2203
2202	2203
2203	2205
2204	2205
2205	2207
2206	2207
2207	35
36	2208
2208	2210
2208	2209
2209	2211
2209	37
37	38
39	40
40	2213
2212	2213
2213	2215
2214	2215
2215	2217
2216	2217
2217	1
40	2218
2218	2221
2218	2219
2219	2222
2219	38
38	2223
2220	2221
2221	2225
2221	2222
2222	2226
2222	2223
2223	2227
2224	2225
2225	2229
2225	2226
2226	2230
2226	2227
2227	2231
2228	2229
2229	2232
2229	2230
2230	2233
2230	2231
2231	41
42	43
43	2235
2234	2235
2235	2237
2236	2237
2237	2239
2238	2239
2239	5
43	2240
2240	2242
2240	2241
2241	2243
2241	41
41	44
45	46
46	2245
2244	2245
2245	2247
2246	2247
2247	47
48	49
49	50
51	52
52	2249
2248	2249
2249	8
52	50
50	53
54	2250
2250	2253
2250	2251
2251	2254
2251	2252
2252	2255
2252	55
55	11
55	2256
2256	2259
2256	2257
2257	2260
2257	2258
2258	2261
2258	53
53	56
57	58
58	2263
2262	2263
2263	2265
2264	2265
2265	59
60	2266
2266	2267
2266	61
61	62
63	64
64	2269
2268	2269
2269	2271
2270	2271
2271	2273
2272	2273
2273	2275
2274	2275
2275	65
66	67
67	68
69	2276
2276	2278
2276	2277
2277	2279
2277	70
70	71
72	2280
2280	2283
2280	2281
2281	2284
2281	2282
2282	2285
2282	73
73	16
73	71
71	19
70	2286
2286	2288
2286	2287
2287	2289
2287	68
68	74
75	2290
2290	2291
2290	76
76	77
78	2292
2292	2294
2292	79
79	2295
2293	2294
2294	2296
2294	2295
2295	80
81	82
82	2298
2297	2298
2298	22
82	2299
2299	2301
2299	80
80	2302
2300	2301
2301	2303
2301	2302
2302	83
84	2304
2304	2305
2304	85
85	86
87	88
88	89
90	2306
2306	2307
2306	91
91	34
91	89
89	2309
2308	2309
2309	92
93	2310
2310	2313
2310	2311
2311	2314
2311	2312
2312	2315
2312	94
94	95
96	2316
2316	2318
2316	2317
2317	2319
2317	97
97	98
99	2320
2320	2322
2320	100
100	2323
2321	2322
2322	2324
2322	2323
2323	101
102	2325
2325	2326
2325	103
103	37
103	2327
2327	2328
2327	101
101	104
105	106
106	2330
2329	2330
2330	107
108	2331
2331	2332
2331	109
109	110
111	112
112	2334
2333	2334
2334	2336
2335	2336
2336	113
114	2337
2337	2338
2337	115
115	46
115	2339
2339	2341
2339	2340
2340	2342
2340	113
113	116
117	2343
2343	2345
2343	2344
2344	2346
2344	118
118	119
120	121
121	2348
2347	2348
2348	122
123	2349
2349	2350
2349	124
124	49
124	122
122	125
126	127
127	128
129	2351
2351	2354
2351	2352
2352	2355
2352	130
130	2356
2353	2354
2354	2357
2354	2355
2355	2358
2355	2356
2356	58
130	2359
2359	2362
2359	2360
2360	2363
2360	2361
2361	2364
2361	128
128	131
132	133
133	134
135	136
136	137
138	139
139	2366
2365	2366
2366	140
141	142
142	61
142	140
140	143
144	145
145	146
147	2367
2367	2368
2367	148
148	149
150	151
151	152
153	154
154	155
156	157
157	64
157	155
155	2370
2369	2370
2370	158
159	160
160	161
162	163
163	2372
2371	2372
2372	2374
2373	2374
2374	2376
2375	2376
2376	2378
2377	2378
2378	67
163	2379
2379	2380
2379	161
161	164
165	166
166	2382
2381	2382
2382	2384
2383	2384
2384	2386
2385	2386
2386	2388
2387	2388
2388	167
168	2389
2389	2392
2389	2390
2390	2393
2390	2391
2391	2394
2391	169
169	170
171	2395
2395	2398
2395	2396
2396	2399
2396	2397
2397	2400
2397	172
172	173
174	175
175	76
175	2401
2401	2404
2401	2402
2402	2405
2402	2403
2403	2406
2403	173
173	79
172	2407
2407	2408
2407	170
170	176
177	178
178	2410
2409	2410
2410	2412
2411	2412
2412	2414
2413	2414
2414	2416
2415	2416
2416	179
180	181
181	85
181	179
179	2418
2417	2418
2418	2420
2419	2420
2420	2422
2421	2422
2422	182
183	184
184	2424
2423	2424
2424	2426
2425	2426
2426	185
186	2427
2427	2428
2427	187
187	188
189	2429
2429	2432
2429	2430
2430	2433
2430	2431
2431	2434
2431	190
190	191
192	193
193	194
195	2435
2435	2436
2435	196
196	88
196	2437
2437	2438
2437	194
194	197
198	2439
2439	2441
2439	2440
2440	2442
2440	199
199	94
199	2443
2443	2445
2443	2444
2444	2446
2444	197
197	193
190	2447
2447	2448
2447	188
188	200
201	202
202	2450
2449	2450
2450	203
204	2451
2451	2452
2451	205
205	206
207	208
208	209
210	2453
2453	2454
2453	211
211	212
213	2455
2455	2456
2455	214
214	215
216	2457
2457	2459
2457	217
217	2460
2458	2459
2459	2462
2459	2460
2460	2463
2461	2462
2462	2464
2462	2463
2463	97
217	215
215	2466
2465	2466
2466	218
219	220
220	2468
2467	2468
2468	2470
2469	2470
2470	100
220	218
218	221
222	2471
2471	2473
2471	223
223	2474
2472	2473
2473	2475
2473	2474
2474	106
223	2476
2476	2477
2476	221
221	224
225	226
226	227
228	2478
2478	2479
2478	229
229	230
231	232
232	233
234	235
235	2481
2480	2481
2481	236
237	238
238	109
238	236
236	239
240	241
241	242
243	2482
2482	2483
2482	244
244	245
246	247
247	248
249	250
250	251
252	253
253	112
253	251
251	2485
2484	2485
2485	254
255	256
256	257
258	2486
2486	2487
2486	259
259	260
261	262
262	263
264	265
265	2489
2488	2489
2489	2491
2490	2491
2491	118
265	263
263	266
267	268
268	2493
2492	2493
2493	269
270	271
271	272
273	2494
2494	2496
2494	2495
2495	2497
2495	274
274	121
274	2498
2498	2501
2498	2499
2499	2502
2499	2500
2500	2503
2500	272
272	275
276	2504
2504	2506
2504	2505
2505	2507
2505	277
277	278
279	2508
2508	2510
2508	280
280	2511
2509	2510
2510	2512
2510	2511
2511	281
282	283
283	127
283	281
281	284
285	2513
2513	2515
2513	2514
2514	2516
2514	286
286	133
286	2517
2517	2519
2517	2518
2518	2520
2518	284
284	287
288	289
289	290
291	2521
2521	2522
2521	292
292	136
292	290
290	293
294	295
295	296
297	298
298	2524
2523	2524
2524	2526
2525	2526
2526	299
300	301
301	2528
2527	2528
2528	2530
2529	2530
2530	2532
2531	2532
2532	148
301	2533
2533	2534
2533	299
299	302
303	2535
2535	2537
2535	304
304	2538
2536	2537
2537	2540
2537	2538
2538	2541
2539	2540
2540	2542
2540	2541
2541	305
306	2543
2543	2544
2543	307
307	308
309	2545
2545	2547
2545	2546
2546	2548
2546	310
310	311
312	313
313	2550
2549	2550
2550	2552
2551	2552
2552	151
313	2553
2553	2555
2553	311
311	2556
2554	2555
2555	2557
2555	2556
2556	314
315	2558
2558	2559
2558	316
316	317
318	319
319	166
319	2560
2560	2562
2560	317
317	2563
2561	2562
2562	2564
2562	2563
2563	320
321	2565
2565	2566
2565	322
322	323
324	2567
2567	2568
2567	325
325	326
327	2569
2569	2570
2569	328
328	329
330	2571
2571	2575
2571	2572
2572	2576
2572	2573
2573	2577
2573	2574
2574	2578
2574	331
331	332
333	2579
2579	2581
2579	2580
2580	2582
2580	334
334	169
334	2583
2583	2584
2583	332
332	335
336	2585
2585	2586
2585	337
337	178
337	2587
2587	2590
2587	2588
2588	2591
2588	335
335	2592
2589	2590
2590	2594
2590	2591
2591	2595
2591	2592
2592	2596
2593	2594
2594	2597
2594	2595
2595	2598
2595	2596
2596	338
339	340
340	184
340	2599
2599	2601
2599	2600
2600	2602
2600	338
338	341
342	2603
2603	2604
2603	343
343	344
345	2605
2605	2606
2605	346
346	347
348	349
349	350
351	2607
2607	2608
2607	352
352	187
352	2609
2609	2610
2609	350
350	353
354	355
355	356
357	358
358	202
358	2611
2611	2612
2611	356
356	359
360	361
361	2614
2613	2614
2614	205
361	2615
2615	2616
2615	359
359	362
363	2617
2617	2618
2617	364
364	365
366	2619
2619	2620
2619	367
367	368
369	2621
2621	2623
2621	2622
2622	2624
2622	370
370	371
372	2625
2625	2627
2625	2626
2626	2628
2626	373
373	374
379	378
375	377
380	2629
2629	2631
2629	2630
2630	2632
2630	381
381	382
383	2633
2633	2635
2633	2634
2634	2636
2634	384
384	385
386	2637
2637	2639
2637	387
387	2640
2638	2639
2639	2641
2639	2640
2640	388
389	390
390	208
390	2642
2642	2643
2642	388
388	391
392	2644
2644	2645
2644	393
393	211
393	391
391	394
395	2646
2646	2647
2646	396
396	397
398	399
399	2649
2648	2649
2649	214
399	2650
2650	2651
2650	397
397	400
401	402
402	2653
2652	2653
2653	403
404	2654
2654	2655
2654	405
405	226
405	2656
2656	2657
2656	403
403	406
407	2658
2658	2660
2658	2659
2659	2661
2659	408
408	409
410	411
411	2663
2662	2663
2663	2665
2664	2665
2665	229
411	2666
2666	2668
2666	2667
2667	2669
2667	409
409	412
413	2670
2670	2672
2670	414
414	2673
2671	2672
2672	2675
2672	2673
2673	2676
2674	2675
2675	2677
2675	2676
2676	415
416	2678
2678	2680
2678	2679
2679	2681
2679	417
417	418
419	2682
2682	2685
2682	2683
2683	2686
2683	2684
2684	2687
2684	420
420	421
422	2688
2688	2691
2688	2689
2689	2692
2689	2690
2690	2693
2690	423
423	424
425	426
426	2695
2694	2695
2695	2697
2696	2697
2697	262
426	2698
2698	2700
2698	2699
2699	2701
2699	424
424	427
428	2702
2702	2704
2702	2703
2703	2705
2703	429
429	430
431	2706
2706	2707
2706	432
432	268
432	2708
2708	2709
2708	430
430	433
434	435
435	2711
2710	2711
2711	2713
2712	2713
2713	271
435	433
433	2715
2714	2715
2715	2717
2716	2717
2717	2719
2718	2719
2719	2721
2720	2721
2721	2723
2722	2723
2723	436
437	2724
2724	2726
2724	2725
2725	2727
2725	438
438	439
440	441
441	2729
2728	2729
2729	2731
2730	2731
2731	442
443	2732
2732	2734
2732	2733
2733	2735
2733	444
444	445
446	2736
2736	2738
2736	2737
2737	2739
2737	447
447	277
447	445
445	2741
2740	2741
2741	448
449	2742
2742	2744
2742	2743
2743	2745
2743	450
450	441
450	2746
2746	2749
2746	2747
2747	2750
2747	448
448	2751
2748	2749
2749	2752
2749	2750
2750	2753
2750	2751
2751	444
438	2754
2754	2757
2754	2755
2755	2758
2755	2756
2756	2759
2756	436
436	370
429	2760
2760	2761
2760	427
427	451
452	453
453	2763
2762	2763
2763	2765
2764	2765
2765	454
455	2766
2766	2768
2766	2767
2767	2769
2767	456
456	457
458	2770
2770	2772
2770	2771
2771	2773
2771	459
459	460
461	2774
2774	2776
2774	2775
2775	2777
2775	462
462	463
464	465
465	373
465	2778
2778	2780
2778	2779
2779	2781
2779	463
463	376
462	460
460	466
467	2782
2782	2784
2782	2783
2783	2785
2783	468
468	469
470	471
471	2787
2786	2787
2787	2789
2788	2789
2789	2791
2790	2791
2791	472
473	2792
2792	2793
2792	474
474	475
476	2794
2794	2796
2794	2795
2795	2797
2795	477
477	478
479	2798
2798	2800
2798	2799
2799	2801
2799	480
480	381
480	478
478	384
477	2802
2802	2803
2802	475
475	481
482	483
483	484
485	2804
2804	2805
2804	486
486	387
486	2806
2806	2807
2806	484
484	396
483	2808
2808	2809
2808	481
481	487
488	489
489	490
491	2810
2810	2811
2810	492
492	493
494	2812
2812	2813
2812	495
495	402
495	2814
2814	2817
2814	2815
2815	2818
2815	2816
2816	2819
2816	493
493	408
492	490
490	496
497	2820
2820	2821
2820	498
498	499
500	2822
2822	2825
2822	2823
2823	2826
2823	2824
2824	2827
2824	501
501	502
503	2828
2828	2831
2828	2829
2829	2832
2829	2830
2830	2833
2830	504
504	505
506	2834
2834	2837
2834	2835
2835	2838
2835	2836
2836	2839
2836	507
507	508
509	2840
2840	2843
2840	2841
2841	2844
2841	2842
2842	2845
2842	510
510	511
512	2846
2846	2849
2846	2847
2847	2850
2847	2848
2848	2851
2848	513
513	514
515	2852
2852	2855
2852	2853
2853	2856
2853	2854
2854	2857
2854	516
516	517
518	2858
2858	2859
2858	519
519	520
521	522
522	420
522	520
520	423
525	524
519	523
526	2860
2860	2863
2860	2861
2861	2864
2861	2862
2862	2865
2862	527
527	528
533	532
529	531
534	2866
2866	2868
2866	2867
2867	2869
2867	535
535	536
537	2870
2870	2871
2870	538
538	539
540	2872
2872	2875
2872	2873
2873	2876
2873	2874
2874	2877
2874	541
541	542
543	2878
2878	2880
2878	2879
2879	2881
2879	544
544	545
546	2882
2882	2884
2882	2883
2883	2885
2883	547
547	548
549	2886
2886	2888
2886	550
550	2889
2887	2888
2888	2890
2888	2889
2889	453
550	2891
2891	2893
2891	2892
2892	2894
2892	548
548	456
547	545
545	551
552	2895
2895	2896
2895	553
553	554
555	2897
2897	2898
2897	556
556	557
558	559
559	459
559	2899
2899	2900
2899	557
557	560
561	2901
2901	2902
2901	562
562	468
562	560
560	2904
2903	2904
2904	2906
2905	2906
2906	563
564	2907
2907	2908
2907	565
565	566
567	568
568	2910
2909	2910
2910	2912
2911	2912
2912	569
570	2913
2913	2915
2913	571
571	2916
2914	2915
2915	2917
2915	2916
2916	572
573	2918
2918	2920
2918	2919
2919	2921
2919	574
574	471
574	2922
2922	2923
2922	572
572	575
576	577
577	578
579	2924
2924	2925
2924	580
580	581
582	2926
2926	2927
2926	583
583	584
585	2928
2928	2929
2928	586
586	587
588	2930
2930	2931
2930	589
589	474
589	587
587	590
591	2932
2932	2933
2932	592
592	593
594	595
595	596
598	501
501	2935
2935	600
597	2936
2936	2937
2936	599
598	2938
2938	2940
2938	2939
2939	2941
2939	596
596	601
602	2942
2942	2945
2942	2943
2943	2946
2943	603
603	2947
2944	2945
2945	2948
2945	2946
2946	2949
2946	2947
2947	604
605	606
606	607
608	609
609	610
615	614
611	613
616	617
617	2951
2950	2951
2951	2953
2952	2953
2953	618
619	2954
2954	2955
2954	620
620	621
622	623
623	504
623	621
621	507
620	618
618	624
625	626
626	627
628	629
629	630
631	2956
2956	2957
2956	632
632	633
634	635
635	636
637	638
638	510
638	636
636	513
635	633
633	2959
2958	2959
2959	2961
2960	2961
2961	639
640	2962
2962	2964
2962	2963
2963	2965
2963	641
641	642
643	2966
2966	2968
2966	2967
2967	2969
2967	644
644	516
644	2970
2970	2971
2970	642
642	645
646	647
647	648
649	2972
2972	2976
2972	2973
2973	2977
2973	2974
2974	2978
2974	2975
2975	2979
2975	650
650	651
652	2980
2980	2983
2980	2981
2981	2984
2981	2982
2982	2985
2982	653
653	654
655	2986
2986	2987
2986	656
656	657
658	659
659	527
659	657
657	2989
2988	2989
2989	530
656	2990
2990	2992
2990	2991
2991	2993
2991	654
654	660
661	2994
2994	2996
2994	662
662	2997
2995	2996
2996	2999
2996	2997
2997	3000
2998	2999
2999	3001
2999	3000
3000	663
664	3002
3002	3003
3002	665
665	666
667	3004
3004	3007
3004	3005
3005	3008
3005	3006
3006	3009
3006	668
668	669
670	3010
3010	3013
3010	3011
3011	3014
3011	3012
3012	3015
3012	671
671	672
673	3016
3016	3018
3016	3017
3017	3019
3017	674
674	675
676	3020
3020	3021
3020	677
677	535
677	3022
3022	3024
3022	3023
3023	3025
3023	675
675	678
679	3026
3026	3027
3026	680
680	538
680	3028
3028	3029
3028	678
678	541
674	672
672	3031
3030	3031
3031	3033
3032	3033
3033	3035
3034	3035
3035	681
682	683
683	556
683	3036
3036	3037
3036	681
681	684
685	686
686	687
688	689
689	3039
3038	3039
3039	690
691	692
692	565
692	690
690	693
694	695
695	696
697	3040
3040	3041
3040	698
698	699
700	701
701	702
703	704
704	705
706	707
707	568
707	705
705	708
709	3042
3042	3044
3042	3043
3043	3045
3043	710
710	711
712	3046
3046	3048
3046	3047
3047	3049
3047	713
713	714
715	3050
3050	3053
3050	3051
3051	3054
3051	3052
3052	3055
3052	716
716	717
718	719
719	720
721	3056
3056	3057
3056	722
722	571
722	720
720	3059
3058	3059
3059	577
719	3060
3060	3063
3060	3061
3061	3064
3061	3062
3062	3065
3062	717
717	723
724	725
725	726
727	728
728	580
728	726
726	729
730	3066
3066	3068
3066	3067
3067	3069
3067	731
731	732
733	3070
3070	3073
3070	3071
3071	3074
3071	3072
3072	3075
3072	734
734	735
736	3076
3076	3078
3076	3077
3077	3079
3077	737
737	738
739	740
740	583
740	3080
3080	3082
3080	3081
3081	3083
3081	738
738	606
737	735
735	3085
3084	3085
3085	741
742	3086
3086	3088
3086	3087
3087	3089
3087	743
743	744
749	748
745	747
754	753
750	752
755	3090
3090	3094
3090	3091
3091	3095
3091	3092
3092	3096
3092	3093
3093	3097
3093	756
756	757
762	761
758	3098
3098	3099
3098	760
767	766
763	3100
3100	3101
3100	765
768	769
769	609
612	771
769	770
764	3102
3102	3103
3102	762
762	772
773	774
774	775
776	777
777	3105
3104	3105
3105	3107
3106	3107
3107	3109
3108	3109
3109	3111
3110	3111
3111	3113
3112	3113
3113	778
779	3114
3114	3115
3114	780
780	781
783	784
784	3117
3117	765
782	766
617	770
785	771
786	784
784	3119
3118	3119
3119	787
788	789
789	790
791	792
792	3121
3120	3121
3121	626
792	790
790	3123
3122	3123
3123	629
789	3124
3124	3125
3124	787
787	793
794	795
795	796
797	798
798	3127
3126	3127
3127	3129
3128	3129
3129	799
800	801
801	3131
3130	3131
3131	3133
3132	3133
3133	632
801	3134
3134	3135
3134	799
799	802
803	3136
3136	3138
3136	804
804	3139
3137	3138
3138	3140
3138	3139
3139	805
806	3141
3141	3143
3141	3142
3142	3144
3142	807
807	641
807	3145
3145	3146
3145	805
805	808
809	3147
3147	3148
3147	810
810	811
812	3149
3149	3150
3149	813
813	814
815	3151
3151	3153
3151	3152
3152	3154
3152	816
816	817
818	3155
3155	3158
3155	3156
3156	3159
3156	3157
3157	3160
3157	819
819	820
821	3161
3161	3163
3161	3162
3162	3164
3162	822
822	823
824	825
825	647
825	3165
3165	3168
3165	3166
3166	3169
3166	3167
3167	3170
3167	823
823	650
822	820
820	3172
3171	3172
3172	3174
3173	3174
3174	826
827	828
828	829
830	3175
3175	3176
3175	831
831	653
831	3177
3177	3178
3177	829
829	832
833	834
834	662
834	3179
3179	3182
3179	3180
3180	3183
3180	832
832	3184
3181	3182
3182	3185
3182	3183
3183	3186
3183	3184
3184	835
836	3187
3187	3189
3187	3188
3188	3190
3188	837
837	838
839	3191
3191	3192
3191	840
840	841
842	3193
3193	3194
3193	843
843	844
845	3195
3195	3196
3195	846
846	847
848	849
849	3198
3197	3198
3198	665
849	3199
3199	3200
3199	847
847	850
851	3201
3201	3202
3201	852
852	853
668	857
854	856
855	3203
3203	3207
3203	3204
3204	3208
3204	3205
3205	3209
3205	3206
3206	3210
3206	853
853	858
859	3211
3211	3213
3211	3212
3212	3214
3212	860
860	861
862	3215
3215	3217
3215	3216
3216	3218
3216	863
863	864
865	866
866	3220
3219	3220
3220	671
866	3221
3221	3223
3221	3222
3222	3224
3222	864
864	867
868	869
869	870
871	872
872	3226
3225	3226
3226	3228
3227	3228
3228	3230
3229	3230
3230	3232
3231	3232
3232	686
872	870
870	3234
3233	3234
3234	3236
3235	3236
3236	3238
3237	3238
3238	3240
3239	3240
3240	698
869	3241
3241	3243
3241	3242
3242	3244
3242	867
867	873
874	3245
3245	3247
3245	3246
3246	3248
3246	875
875	876
877	3249
3249	3252
3249	3250
3250	3253
3250	878
878	3254
3251	3252
3252	3256
3252	3253
3253	3257
3253	3254
3254	3258
3255	3256
3256	3259
3256	3257
3257	3260
3257	3258
3258	879
880	881
881	701
881	3261
3261	3263
3261	3262
3262	3264
3262	879
879	882
883	884
884	704
884	3265
3265	3267
3265	3266
3266	3268
3266	882
882	885
886	3269
3269	3271
3269	3270
3270	3272
3270	887
887	888
889	3273
3273	3275
3273	3274
3274	3276
3274	890
890	710
890	888
888	891
892	3277
3277	3278
3277	893
893	894
895	896
896	897
898	899
899	900
901	902
902	903
904	3279
3279	3280
3279	905
905	906
907	908
908	713
908	906
906	716
905	903
903	3282
3281	3282
3282	3284
3283	3284
3284	909
910	3285
3285	3287
3285	911
911	3288
3286	3287
3287	3289
3287	3288
3288	912
913	3290
3290	3291
3290	914
914	915
916	3292
3292	3294
3292	3293
3293	3295
3293	917
917	918
919	3296
3296	3297
3296	920
920	921
922	3298
3298	3301
3298	3299
3299	3302
3299	3300
3300	3303
3300	923
923	725
923	3304
3304	3305
3304	921
921	924
925	3306
3306	3308
3306	3307
3307	3309
3307	926
926	731
926	924
924	920
917	915
915	927
928	3310
3310	3311
3310	929
929	930
931	932
932	933
934	3312
3312	3314
3312	3313
3313	3315
3313	935
935	734
935	3316
3316	3318
3316	3317
3317	3319
3317	933
933	743
932	3320
3320	3321
3320	930
930	936
937	3322
3322	3323
3322	938
938	939
940	3324
3324	3327
3324	3325
3325	3328
3325	3326
3326	3329
3326	941
941	746
941	3330
3330	3332
3330	939
939	3333
3331	3332
3332	3335
3332	3333
3333	3336
3334	3335
3335	3337
3335	3336
3336	942
943	3338
3338	3339
3338	944
944	945
946	947
947	948
949	950
950	951
952	953
953	3341
3340	3341
3341	3343
3342	3343
3343	3345
3344	3345
3345	3347
3346	3347
3347	751
953	951
951	3349
3348	3349
3349	3351
3350	3351
3351	954
955	3352
3352	3354
3352	3353
3353	3355
3353	956
956	957
958	3356
3356	3359
3356	3357
3357	3360
3357	959
959	3361
3358	3359
3359	3362
3359	3360
3360	3363
3360	3361
3361	960
961	3364
3364	3365
3364	962
962	756
962	3366
3366	3367
3366	960
960	759
959	957
957	963
964	965
965	3369
3368	3369
3369	774
965	963
963	966
967	3370
3370	3371
3370	968
968	969
970	971
971	972
973	974
974	3373
3372	3373
3373	975
976	977
977	3375
3374	3375
3375	3377
3376	3377
3377	3379
3378	3379
3379	777
977	975
975	978
979	3380
3380	3381
3380	980
980	981
982	3382
3382	3384
3382	983
983	3385
3383	3384
3384	3387
3384	3385
3385	3388
3386	3387
3387	3390
3387	3388
3388	3391
3389	3390
3390	3393
3390	3391
3391	3394
3392	3393
3393	3396
3393	3394
3394	3397
3395	3396
3396	3398
3396	3397
3397	984
985	3399
3399	3400
3399	986
986	987
988	989
989	990
991	992
992	3402
3401	3402
3402	3404
3403	3404
3404	3406
3405	3406
3406	993
994	995
995	780
995	993
993	3408
3407	3408
3408	996
997	998
998	999
1000	3409
3409	3410
3409	1001
1001	1002
1003	3411
3411	3412
3411	1004
1004	1005
1007	783
783	3414
3414	760
1006	761
1007	3415
3415	3419
3415	3416
3416	3420
3416	3417
3417	3421
3417	3418
3418	3422
3418	1005
1005	1008
1009	1010
1010	795
1010	3423
3423	3426
3423	3424
3424	3427
3424	3425
3425	3428
3425	1008
1008	1011
1012	3429
3429	3433
3429	3430
3430	3434
3430	3431
3431	3435
3431	3432
3432	3436
3432	1013
1013	1014
1015	3437
3437	3441
3437	3438
3438	3442
3438	3439
3439	3443
3439	3440
3440	3444
3440	1016
1016	1017
1018	3445
3445	3446
3445	1019
1019	1020
1021	1022
1022	798
1022	1020
1020	3448
3447	3448
3448	3450
3449	3450
3450	1023
1024	1025
1025	3452
3451	3452
3452	1026
1027	3453
3453	3454
3453	1028
1028	1029
1030	1031
1031	804
1031	3455
3455	3456
3455	1029
1029	1032
1033	1034
1034	810
1034	3457
3457	3458
3457	1032
1032	813
1028	1026
1026	1035
1036	3459
3459	3461
3459	1037
1037	3462
3460	3461
3461	3463
3461	3462
3462	1038
1039	1040
1040	1041
1042	3464
3464	3467
3464	3465
3465	3468
3465	3466
3466	3469
3466	1043
1043	816
1043	3470
3470	3473
3470	3471
3471	3474
3471	3472
3472	3475
3472	1041
1041	1044
1045	3476
3476	3480
3476	3477
3477	3481
3477	3478
3478	3482
3478	3479
3479	3483
3479	1046
1046	1047
1048	3484
3484	3486
3484	3485
3485	3487
3485	1049
1049	1050
1051	3488
3488	3490
3488	3489
3489	3491
3489	1052
1052	1053
1054	3492
3492	3493
3492	1055
1055	1056
1057	1058
1058	1059
1060	1061
1061	3495
3494	3495
3495	3497
3496	3497
3497	3499
3498	3499
3499	3501
3500	3501
3501	3503
3502	3503
3503	3505
3504	3505
3505	819
1061	3506
3506	3507
3506	1059
1059	1062
1063	1064
1064	3509
3508	3509
3509	3511
3510	3511
3511	3513
3512	3513
3513	3515
3514	3515
3515	1065
1066	1067
1067	3517
3516	3517
3517	1068
1069	1070
1070	3519
3518	3519
3519	3521
3520	3521
3521	3523
3522	3523
3523	3525
3524	3525
3525	1071
1072	3526
3526	3527
3526	1073
1073	828
1073	1071
1071	1074
1075	1076
1076	3529
3528	3529
3529	1077
1078	1079
1079	1080
1081	1082
1082	3531
3530	3531
3531	3533
3532	3533
3533	837
1082	3534
3534	3535
3534	1080
1080	1083
1084	1085
1085	3537
3536	3537
3537	3539
3538	3539
3539	1086
1087	3540
3540	3541
3540	1088
1088	1089
1090	3542
3542	3544
3542	1091
1091	3545
3543	3544
3544	3546
3544	3545
3545	840
1091	1089
1089	3548
3547	3548
3548	843
1088	1086
1086	3550
3549	3550
3550	1092
1093	1094
1094	3552
3551	3552
3552	1095
1096	1097
1097	3554
3553	3554
3554	3556
3555	3556
3556	1098
1099	3557
3557	3558
3557	1100
1100	846
1100	1098
1098	1101
1102	1103
1103	1104
1105	3559
3559	3561
3559	1106
1106	3562
3560	3561
3561	3563
3561	3562
3562	1107
1108	3564
3564	3565
3564	1109
1109	852
1109	3566
3566	3567
3566	1107
1107	1110
1111	3568
3568	3570
3568	3569
3569	3571
3569	1112
1112	1113
1114	3572
3572	3573
3572	1115
1115	860
1115	1113
1113	863
1112	3574
3574	3577
3574	3575
3575	3578
3575	3576
3576	3579
3576	1110
1110	1116
1117	3580
3580	3582
3580	1118
1118	3583
3581	3582
3582	3585
3582	3583
3583	3586
3584	3585
3585	3587
3585	3586
3586	1119
1120	3588
3588	3591
3588	3589
3589	3592
3589	3590
3590	3593
3590	1121
1121	1122
1123	1124
1124	3595
3594	3595
3595	3597
3596	3597
3597	3599
3598	3599
3599	1125
1126	3600
3600	3601
3600	1127
1127	1128
1129	1130
1130	3603
3602	3603
3603	3605
3604	3605
3605	3607
3606	3607
3607	3609
3608	3609
3609	1131
1132	1133
1133	3611
3610	3611
3611	1134
1135	1136
1136	875
1136	1134
1134	878
1133	1131
1131	3613
3612	3613
3613	3615
3614	3615
3615	3617
3616	3617
3617	3619
3618	3619
3619	896
1130	1128
1128	1137
1138	1139
1139	3621
3620	3621
3621	899
1139	1137
1137	3623
3622	3623
3623	902
1127	1125
1125	1140
1141	1142
1142	1143
1144	1145
1145	3625
3624	3625
3625	1146
1147	3626
3626	3627
3626	1148
1148	911
1148	1146
1146	1149
1150	3628
3628	3630
3628	3629
3629	3631
3629	1151
1151	938
1151	3632
3632	3634
3632	3633
3633	3635
3633	1149
1149	1152
1153	3636
3636	3638
3636	3637
3637	3639
3637	1154
1154	1155
1156	1157
1157	1158
1159	3640
3640	3641
3640	1160
1160	1161
1162	1163
1163	944
1163	1161
1161	1164
1165	3642
3642	3643
3642	1166
1166	947
1166	3644
3644	3645
3644	1164
1164	1167
1168	1169
1169	1170
1171	3646
3646	3648
3646	3647
3647	3649
3647	1172
1172	1173
1174	3650
3650	3653
3650	3651
3651	3654
3651	3652
3652	3655
3652	1175
1175	1176
1177	1178
1178	3657
3656	3657
3657	950
1178	3658
3658	3661
3658	3659
3659	3662
3659	3660
3660	3663
3660	1176
1176	1179
1180	1181
1181	1182
1183	3664
3664	3665
3664	1184
1184	1185
1186	3666
3666	3667
3666	1187
1187	956
1187	1185
1185	1188
1189	1190
1190	3669
3668	3669
3669	968
1190	1188
1188	1191
1192	1193
1193	3671
3670	3671
3671	1194
1195	1196
1196	3673
3672	3673
3673	3675
3674	3675
3675	971
1196	3676
3676	3677
3676	1194
1194	1197
1198	1199
1199	3679
3678	3679
3679	3681
3680	3681
3681	3683
3682	3683
3683	1200
1201	1202
1202	1203
1204	1205
1205	3685
3684	3685
3685	974
1205	1203
1203	980
1202	3686
3686	3687
3686	1200
1200	1206
1207	1208
1208	1209
1210	1211
1211	989
1211	1209
1209	3689
3688	3689
3689	1212
1213	1214
1214	3691
3690	3691
3691	992
1214	1212
1212	1215
1216	3692
3692	3693
3692	1217
1217	1218
1219	1220
1220	998
1220	1218
1218	3695
3694	3695
3695	1221
1222	1223
1223	1224
1225	1226
1226	3697
3696	3697
3697	1001
1226	1224
1224	1227
1228	1229
1229	3699
3698	3699
3699	1230
1231	1232
1232	1016
1232	1230
1230	3701
3700	3701
3701	1233
1234	3702
3702	3704
3702	3703
3703	3705
3703	1235
1235	1236
1237	1238
1238	3707
3706	3707
3707	3709
3708	3709
3709	1239
1240	3710
3710	3711
3710	1241
1241	1242
1243	1244
1244	1245
1246	3712
3712	3715
3712	3713
3713	3716
3713	3714
3714	3717
3714	1247
1247	1019
1247	3718
3718	3721
3718	3719
3719	3722
3719	3720
3720	3723
3720	1245
1245	1248
1249	1250
1250	3725
3724	3725
3725	1025
1250	3726
3726	3728
3726	3727
3727	3729
3727	1248
1248	1251
1252	1253
1253	3731
3730	3731
3731	3733
3732	3733
3733	1254
1255	3734
3734	3735
3734	1256
1256	1257
1258	1259
1259	3737
3736	3737
3737	3739
3738	3739
3739	1260
1261	3740
3740	3742
3740	3741
3741	3743
3741	1262
1262	1037
1262	3744
3744	3746
3744	3745
3745	3747
3745	1260
1260	1263
1264	1265
1265	1266
1267	3748
3748	3749
3748	1268
1268	1269
1270	1271
1271	3751
3750	3751
3751	1272
1273	3752
3752	3754
3752	3753
3753	3755
3753	1274
1274	1275
1276	3756
3756	3757
3756	1277
1277	1049
1277	1275
1275	1052
1274	3758
3758	3759
3758	1272
1272	1278
1279	3760
3760	3762
3760	1280
1280	3763
3761	3762
3762	3765
3762	3763
3763	3766
3764	3765
3765	3767
3765	3766
3766	1281
1282	1283
1283	1284
1285	3768
3768	3770
3768	1286
1286	3771
3769	3770
3770	3773
3770	3771
3771	3774
3772	3773
3773	3775
3773	3774
3774	1287
1288	1289
1289	3777
3776	3777
3777	3779
3778	3779
3779	3781
3780	3781
3781	1290
1291	3782
3782	3784
3782	1292
1292	3785
3783	3784
3784	3786
3784	3785
3785	1055
1292	1290
1290	3788
3787	3788
3788	1097
1289	3789
3789	3790
3789	1287
1287	1293
1294	1295
1295	3792
3791	3792
3792	3794
3793	3794
3794	1296
1297	3795
3795	3796
3795	1298
1298	1103
1298	3797
3797	3798
3797	1296
1296	1299
1300	1301
1301	1302
1303	1304
1304	3800
3799	3800
3800	1106
1304	3801
3801	3802
3801	1302
1302	1305
1306	1307
1307	3804
3803	3804
3804	1308
1309	3805
3805	3806
3805	1310
1310	1311
1312	3807
3807	3808
3807	1313
1313	1314
1315	3809
3809	3812
3809	3810
3810	3813
3810	3811
3811	3814
3811	1316
1316	1124
1316	3815
3815	3816
3815	1314
1314	1317
1318	3817
3817	3818
3817	1319
1319	1320
1321	1322
1322	1323
1324	1325
1325	1142
1325	1323
1323	1145
1322	1320
1320	1154
1319	1317
1317	1326
1327	3819
3819	3820
3819	1328
1328	1329
1330	1331
1331	1332
1333	3821
3821	3824
3821	3822
3822	3825
3822	3823
3823	3826
3823	1334
1334	1335
1336	3827
3827	3829
3827	3828
3828	3830
3828	1337
1337	1157
1337	1335
1335	1160
1334	3831
3831	3834
3831	3832
3832	3835
3832	3833
3833	3836
3833	1332
1332	1338
1343	1342
1339	1341
1344	3837
3837	3838
3837	1345
1345	1346
1347	3839
3839	3840
3839	1348
1348	1349
1350	3841
3841	3842
3841	1351
1351	1352
1353	3843
3843	3845
3843	3844
3844	3846
3844	1354
1354	1355
1360	1359
1356	1358
1361	3847
3847	3849
3847	1362
1362	3850
3848	3849
3849	3851
3849	3850
3850	1169
1362	3852
3852	3855
3852	3853
3853	3856
3853	3854
3854	3857
3854	1360
1360	1363
1364	3858
3858	3860
3858	3859
3859	3861
3859	1365
1365	1172
1365	1363
1363	1366
1367	1368
1368	3863
3862	3863
3863	1175
1368	3864
3864	3865
3864	1366
1366	1369
1370	1371
1371	1372
1373	3866
3866	3868
3866	3867
3867	3869
3867	1374
1374	1375
1376	3870
3870	3872
3870	3871
3871	3873
3871	1377
1377	1378
1379	3874
3874	3876
3874	3875
3875	3877
3875	1380
1380	1381
1382	3878
3878	3880
3878	3879
3879	3881
3879	1383
1383	1384
1385	3882
3882	3885
3882	3883
3883	3886
3883	3884
3884	3887
3884	1386
1386	1387
1388	3888
3888	3891
3888	3889
3889	3892
3889	3890
3890	3893
3890	1389
1389	1390
1391	3894
3894	3897
3894	3895
3895	3898
3895	3896
3896	3899
3896	1392
1392	1393
1394	3900
3900	3903
3900	3901
3901	3904
3901	3902
3902	3905
3902	1395
1395	1396
1397	3906
3906	3908
3906	3907
3907	3909
3907	1398
1398	1181
1398	3910
3910	3911
3910	1396
1396	1184
1395	3912
3912	3914
3912	1393
1393	3915
3913	3914
3914	3916
3914	3915
3915	1399
1400	1401
1401	1193
1401	3917
3917	3919
3917	1399
1399	3920
3918	3919
3919	3922
3919	3920
3920	3923
3921	3922
3922	3925
3922	3923
3923	3926
3924	3925
3925	3928
3925	3926
3926	3929
3927	3928
3928	3930
3928	3929
3929	1402
1403	3931
3931	3933
3931	3932
3932	3934
3932	1404
1404	1405
1406	1407
1407	1408
1409	1410
1410	3936
3935	3936
3936	1411
1412	3937
3937	3938
3937	1413
1413	1414
1415	3939
3939	3941
3939	1416
1416	3942
3940	3941
3941	3943
3941	3942
3942	1199
1416	1414
1414	3945
3944	3945
3945	3947
3946	3947
3947	3949
3948	3949
3949	1208
1413	1411
1411	3951
3950	3951
3951	3953
3952	3953
3953	1217
1410	1408
1408	1223
1407	3954
3954	3956
3954	3955
3955	3957
3955	1405
1405	1417
1418	3958
3958	3960
3958	3959
3959	3961
3959	1419
1419	1420
1421	3962
3962	3964
3962	3963
3963	3965
3963	1422
1422	1423
1424	3966
3966	3967
3966	1425
1425	1229
1425	3968
3968	3970
3968	3969
3969	3971
3969	1423
1423	1235
1422	1420
1420	1426
1427	3972
3972	3974
3972	3973
3973	3975
3973	1428
1428	1429
1430	1431
1431	3977
3976	3977
3977	1432
1433	3978
3978	3979
3978	1434
1434	1238
1434	3980
3980	3982
3980	3981
3981	3983
3981	1432
1432	1435
1436	3984
3984	3986
3984	1437
1437	3987
3985	3986
3986	3988
3986	3987
3987	1438
1439	3989
3989	3991
3989	3990
3990	3992
3990	1440
1440	1441
1442	3993
3993	3994
3993	1443
1443	1444
1445	3995
3995	3997
3995	1446
1446	3998
3996	3997
3997	3999
3997	3998
3998	1447
1448	1449
1449	1450
1451	4000
4000	4002
4000	4001
4001	4003
4001	1452
1452	1241
1452	4004
4004	4006
4004	4005
4005	4007
4005	1450
1450	1453
1454	1455
1455	1456
1457	4008
4008	4009
4008	1458
1458	1244
1458	4010
4010	4011
4010	1456
1456	1253
1455	4012
4012	4014
4012	4013
4013	4015
4013	1453
1453	1354
1449	4016
4016	4018
4016	1447
1447	4019
4017	4018
4018	4020
4018	4019
4019	1357
1446	4021
4021	4023
4021	1444
1444	4024
4022	4023
4023	4025
4023	4024
4024	1459
1460	4026
4026	4029
4026	4027
4027	4030
4027	4028
4028	4031
4028	1461
1461	1462
1463	1464
1464	4033
4032	4033
4033	1371
1464	4034
4034	4036
4034	4035
4035	4037
4035	1462
1462	1374
1461	4038
4038	4039
4038	1459
1459	1465
1466	1467
1467	4041
4040	4041
4041	4043
4042	4043
4043	1468
1469	1470
1470	1471
1472	1473
1473	1377
1473	1471
1471	1380
1470	1468
1468	4045
4044	4045
4045	4047
4046	4047
4047	4049
4048	4049
4049	1474
1475	4050
4050	4051
4050	1476
1476	1477
1478	4052
4052	4054
4052	4053
4053	4055
4053	1479
1479	1480
1481	4056
4056	4058
4056	4057
4057	4059
4057	1482
1482	1483
1484	1485
1485	4061
4060	4061
4061	4063
4062	4063
4063	1486
1487	4064
4064	4066
4064	4065
4065	4067
4065	1488
1488	1489
1490	4068
4068	4070
4068	1491
1491	4071
4069	4070
4070	4072
4070	4071
4071	1492
1493	1494
1494	1383
1494	4073
4073	4074
4073	1492
1492	1386
1491	4075
4075	4076
4075	1489
1489	1495
1496	4077
4077	4078
4077	1497
1497	1498
1499	4079
4079	4081
4079	4080
4080	4082
4080	1500
1500	1501
1502	4083
4083	4085
4083	4084
4084	4086
4084	1503
1503	1504
1505	4087
4087	4089
4087	4088
4088	4090
4088	1506
1506	1507
1508	1509
1509	1510
1511	4091
4091	4092
4091	1512
1512	1513
1514	1515
1515	1389
1515	1513
1513	1392
1512	1510
1510	1516
1517	4093
4093	4095
4093	4094
4094	4096
4094	1518
1518	1519
1520	4097
4097	4099
4097	1521
1521	4100
4098	4099
4099	4101
4099	4100
4100	1522
1523	1524
1524	1525
1526	4102
4102	4104
4102	4103
4103	4105
4103	1527
1527	1404
1527	4106
4106	4109
4106	4107
4107	4110
4107	4108
4108	4111
4108	1525
1525	1528
1529	4112
4112	4114
4112	4113
4113	4115
4113	1530
1530	1531
1532	4116
4116	4117
4116	1533
1533	1534
1535	4118
4118	4119
4118	1536
1536	1537
1538	1539
1539	1419
1539	4120
4120	4121
4120	1537
1537	1428
1536	1534
1534	1540
1541	4122
4122	4125
4122	4123
4123	4126
4123	4124
4124	4127
4124	1542
1542	1543
1544	4128
4128	4132
4128	4129
4129	4133
4129	4130
4130	4134
4130	4131
4131	4135
4131	1545
1545	1546
1551	1550
1547	1549
1552	4136
4136	4137
4136	1553
1553	1554
1555	1556
1556	1557
1558	1559
1559	4139
4138	4139
4139	4141
4140	4141
4141	4143
4142	4143
4143	4145
4144	4145
4145	4147
4146	4147
4147	4149
4148	4149
4149	4151
4150	4151
4151	4153
4152	4153
4153	4155
4154	4155
4155	4157
4156	4157
4157	4159
4158	4159
4159	1560
1561	1562
1562	1563
1564	4160
4160	4161
4160	1565
1565	1431
1565	4162
4162	4164
4162	1563
1563	4165
4163	4164
4164	4167
4164	4165
4165	4168
4166	4167
4167	4169
4167	4168
4168	1566
1567	4170
4170	4172
4170	4171
4171	4173
4171	1568
1568	1569
1570	4174
4174	4175
4174	1571
1571	1572
1573	4176
4176	4178
4176	4177
4177	4179
4177	1574
1574	1443
1574	4180
4180	4181
4180	1572
1572	1575
1576	4182
4182	4183
4182	1577
1577	1578
1579	1580
1580	1467
1580	1578
1578	4185
4184	4185
4185	4187
4186	4187
4187	1581
1582	1583
1583	4189
4188	4189
4189	1476
1583	1581
1581	1584
1585	4190
4190	4191
4190	1586
1586	1556
1586	1584
1584	1587
1588	1589
1589	4193
4192	4193
4193	4195
4194	4195
4195	1590
1591	1592
1592	1593
1594	1595
1595	4197
4196	4197
4197	1596
1597	1598
1598	1599
1600	4198
4198	4199
4198	1601
1601	1559
1601	1599
1599	4201
4200	4201
4201	4203
4202	4203
4203	4205
4204	4205
4205	4207
4206	4207
4207	1602
1603	1604
1604	4209
4208	4209
4209	1605
1606	1607
1607	4211
4210	4211
4211	4213
4212	4213
4213	4215
4214	4215
4215	4217
4216	4217
4217	1608
1609	4218
4218	4219
4218	1610
1610	1562
1610	1608
1608	1611
1612	1613
1613	4221
4220	4221
4221	1614
1615	1616
1616	1617
1618	1619
1619	4223
4222	4223
4223	4225
4224	4225
4225	1568
1619	4226
4226	4227
4226	1617
1617	1592
1616	1614
1614	1620
1621	1622
1622	1623
1624	4228
4228	4229
4228	1625
1625	1626
1627	1628
1628	1629
1630	1631
1631	1595
1631	1629
1629	4231
4230	4231
4231	1598
1628	1626
1626	4233
4232	4233
4233	4235
4234	4235
4235	4237
4236	4237
4237	4239
4238	4239
4239	1604
1625	1623
1623	4241
4240	4241
4241	4243
4242	4243
4243	4245
4244	4245
4245	4247
4246	4247
4247	1607
1622	1620
1620	4249
4248	4249
4249	1613
1589	4250
4250	4251
4250	1587
1587	1632
1633	4252
4252	4254
4252	1634
1634	4255
4253	4254
4254	4256
4254	4255
4255	1571
1634	1632
1632	1577
1553	4257
4257	4261
4257	4258
4258	4262
4258	4259
4259	4263
4259	4260
4260	4264
4260	1551
1551	1479
1548	1546
1546	4266
4265	4266
4266	4268
4267	4268
4268	1635
1636	1637
1637	1638
1639	4269
4269	4271
4269	4270
4270	4272
4270	1640
1640	1641
1642	4273
4273	4274
4273	1643
1643	1644
1645	4275
4275	4276
4275	1646
1646	1647
1648	4277
4277	4279
4277	1649
1649	4280
4278	4279
4279	4282
4279	4280
4280	4283
4281	4282
4282	4285
4282	4283
4283	4286
4284	4285
4285	4288
4285	4286
4286	4289
4287	4288
4288	4290
4288	4289
4289	1650
1651	4291
4291	4293
4291	1652
1652	4294
4292	4293
4293	4295
4293	4294
4294	1653
1654	1655
1655	1482
1655	4296
4296	4298
4296	1653
1653	4299
4297	4298
4298	4300
4298	4299
4299	1656
1657	1658
1658	1659
1660	4301
4301	4304
4301	4302
4302	4305
4302	1661
1661	4306
4303	4304
4304	4307
4304	4305
4305	4308
4305	4306
4306	1485
1661	4309
4309	4311
4309	4310
4310	4312
4310	1659
1659	1662
1663	4313
4313	4315
4313	4314
4314	4316
4314	1664
1664	1488
1664	4317
4317	4318
4317	1662
1662	1665
1666	4319
4319	4321
4319	4320
4320	4322
4320	1667
1667	1668
1669	4323
4323	4326
4323	4324
4324	4327
4324	4325
4325	4328
4325	1670
1670	1671
1672	1673
1673	1497
1673	4329
4329	4332
4329	4330
4330	4333
4330	4331
4331	4334
4331	1671
1671	1674
1675	1676
1676	4336
4335	4336
4336	1500
1676	4337
4337	4339
4337	4338
4338	4340
4338	1674
1674	1677
1678	1679
1679	1680
1681	4341
4341	4342
4341	1682
1682	1683
1684	4343
4343	4344
4343	1685
1685	1686
1687	1688
1688	4346
4345	4346
4346	4348
4347	4348
4348	4350
4349	4350
4350	1503
1688	4351
4351	4354
4351	4352
4352	4355
4352	1686
1686	4356
4353	4354
4354	4357
4354	4355
4355	4358
4355	4356
4356	1689
1690	4359
4359	4361
4359	4360
4360	4362
4360	1691
1691	1692
1693	1694
1694	4364
4363	4364
4364	4366
4365	4366
4366	1506
1694	4367
4367	4369
4367	4368
4368	4370
4368	1692
1692	1695
1696	4371
4371	4372
4371	1697
1697	1698
1699	4373
4373	4374
4373	1700
1700	1521
1700	4375
4375	4376
4375	1698
1698	1701
1702	4377
4377	4378
4377	1703
1703	1704
1705	1706
1706	1707
1708	1709
1709	1524
1709	4379
4379	4380
4379	1707
1707	1710
1711	4381
4381	4382
4381	1712
1712	1713
1714	1715
1715	1530
1715	4383
4383	4384
4383	1713
1713	1716
1717	4385
4385	4388
4385	4386
4386	4389
4386	4387
4387	4390
4387	1718
1718	1533
1718	4391
4391	4394
4391	4392
4392	4395
4392	4393
4393	4396
4393	1716
1716	1542
1712	1710
1710	1545
1706	1704
1704	1719
1720	1721
1721	4398
4397	4398
4398	4400
4399	4400
4400	1637
1721	1719
1719	4402
4401	4402
4402	1722
1723	4403
4403	4405
4403	1724
1724	4406
4404	4405
4405	4407
4405	4406
4406	1640
1724	1722
1722	1725
1726	1727
1727	1728
1729	1730
1730	4409
4408	4409
4409	4411
4410	4411
4411	4413
4412	4413
4413	4415
4414	4415
4415	1731
1732	4416
4416	4418
4416	4417
4417	4419
4417	1733
1733	1643
1733	4420
4420	4424
4420	4421
4421	4425
4421	4422
4422	4426
4422	1731
1731	4427
4423	4424
4424	4428
4424	4425
4425	4429
4425	4426
4426	4430
4426	4427
4427	1734
1735	1736
1736	4432
4431	4432
4432	4434
4433	4434
4434	4436
4435	4436
4436	4438
4437	4438
4438	1737
1738	1739
1739	4440
4439	4440
4440	4442
4441	4442
4442	4444
4443	4444
4444	4446
4445	4446
4446	1646
1739	4447
4447	4448
4447	1737
1737	1740
1741	1742
1742	1743
1744	4449
4449	4450
4449	1745
1745	1658
1745	4451
4451	4452
4451	1743
1743	1667
1742	1740
1740	4454
4453	4454
4454	1670
1736	4455
4455	4458
4455	4456
4456	4459
4456	4457
4457	4460
4457	1734
1734	1746
1747	4461
4461	4464
4461	4462
4462	4465
4462	4463
4463	4466
4463	1748
1748	1749
1750	4467
4467	4469
4467	4468
4468	4470
4468	1751
1751	1679
1751	4471
4471	4472
4471	1749
1749	1682
1748	1746
1746	4474
4473	4474
4474	4476
4475	4476
4476	1752
1753	1754
1754	1685
1754	4477
4477	4478
4477	1752
1752	1755
1756	1757
1757	1758
1759	1760
1760	4480
4479	4480
4480	1761
1762	1763
1763	1764
1765	1766
1766	4482
4481	4482
4482	4484
4483	4484
4484	1691
1766	4485
4485	4486
4485	1764
1764	1767
1768	1769
1769	4488
4487	4488
4488	4490
4489	4490
4490	1770
1771	4491
4491	4492
4491	1772
1772	1773
1774	4493
4493	4495
4493	1775
1775	4496
4494	4495
4495	4497
4495	4496
4496	1697
1775	1773
1773	1703
1772	1770
1770	4499
4498	4499
4499	4501
4500	4501
4501	1727
1769	1767
1767	1776
1777	1778
1778	4503
4502	4503
4503	1779
1780	1781
1781	1782
1783	4504
4504	4505
4504	1784
1784	1730
1784	1782
1782	4507
4506	4507
4507	4509
4508	4509
4509	4511
4510	4511
4511	4513
4512	4513
4513	1785
1786	1787
1787	4515
4514	4515
4515	1788
1789	1790
1790	4517
4516	4517
4517	4519
4518	4519
4519	4521
4520	4521
4521	1757
1790	1788
1788	4523
4522	4523
4523	4525
4524	4525
4525	4527
4526	4527
4527	4529
4528	4529
4529	1791
1792	1793
1793	1794
1795	1796
1796	4531
4530	4531
4531	1760
1796	1794
1794	1763
1793	4532
4532	4533
4532	1791
1791	1797
1798	1799
1799	1800
1801	1802
1802	1778
1802	1800
1800	4535
4534	4535
4535	1781
1799	1797
1797	4537
4536	4537
4537	4539
4538	4539
4539	4541
4540	4541
4541	4543
4542	4543
4543	1787
1652	4544
4544	4545
4544	1650
1650	1649
1518	4546
4546	4547
4546	1516
1516	1509
1440	4548
4548	4550
4548	1438
1438	4551
4549	4550
4550	4552
4550	4551
4551	1437
1351	1349
1349	1803
1804	4553
4553	4556
4553	4554
4554	4557
4554	1805
1805	4558
4555	4556
4556	4559
4556	4557
4557	4560
4557	4558
4558	1256
1805	4561
4561	4562
4561	1803
1803	1806
1807	4563
4563	4566
4563	4564
4564	4567
4564	4565
4565	4568
4565	1808
1808	1809
1810	4569
4569	4570
4569	1811
1811	1283
1811	4571
4571	4572
4571	1809
1809	1286
1814	1813
1808	1812
1815	4573
4573	4574
4573	1816
1816	1817
1818	1819
1819	4576
4575	4576
4576	1307
1819	1817
1817	4578
4577	4578
4578	1310
1816	4579
4579	4582
4579	4580
4580	4583
4580	4581
4581	4584
4581	1814
1814	1820
1821	4585
4585	4588
4585	4586
4586	4589
4586	4587
4587	4590
4587	1822
1822	1345
1822	1820
1820	1348
1340	1338
1338	1331
1328	1326
1326	1313
1301	4591
4591	4592
4591	1299
1299	1295
1280	1278
1278	1271
1268	1266
1266	1823
1824	4593
4593	4594
4593	1825
1825	1259
1825	4595
4595	4596
4595	1823
1823	1265
1121	4597
4597	4600
4597	4598
4598	4601
4598	4599
4599	4602
4599	1119
1119	1118
1094	4603
4603	4604
4603	1092
1092	1058
1085	1083
1083	1826
1827	1828
1828	4606
4605	4606
4606	1829
1830	1831
1831	1064
1831	1829
1829	4608
4607	4608
4608	1832
1833	1834
1834	1835
1836	1837
1837	4610
4609	4610
4610	4612
4611	4612
4612	4614
4613	4614
4614	4616
4615	4616
4616	1067
1837	4617
4617	4618
4617	1835
1835	1838
1839	1840
1840	4620
4619	4620
4620	4622
4621	4622
4622	4624
4623	4624
4624	4626
4625	4626
4626	1070
1840	1838
1838	1841
1842	1843
1843	4628
4627	4628
4628	1076
1843	1841
1841	1079
1834	1832
1832	1828
1046	1044
1044	1040
1013	1011
1011	1004
986	4629
4629	4631
4629	984
984	4632
4630	4631
4631	4634
4631	4632
4632	4635
4633	4634
4634	4636
4634	4635
4635	983
929	927
927	914
893	891
891	887
695	693
693	4638
4637	4638
4638	689
603	601
601	595
592	590
590	586
553	4639
4639	4640
4639	551
551	544
498	496
496	489
417	4641
4641	4644
4641	4642
4642	4645
4642	4643
4643	4646
4643	415
415	414
367	365
365	1844
1849	1848
1845	1847
1850	4647
4647	4649
4647	4648
4648	4650
4648	1851
1851	1852
1853	1854
1854	4652
4651	4652
4652	4654
4653	4654
4654	4656
4655	4656
4656	1855
1856	4657
4657	4658
4657	1857
1857	280
1857	1855
1855	4660
4659	4660
4660	1858
1859	4661
4661	4663
4661	4662
4662	4664
4662	1860
1860	289
1860	4665
4665	4668
4665	4666
4666	4669
4666	4667
4667	4670
4667	1858
1858	1861
1862	4671
4671	4672
4671	1863
1863	1864
1865	1866
1866	1867
1868	1869
1869	295
1869	1867
1867	298
1866	1864
1864	4674
4673	4674
4674	1870
1871	4675
4675	4678
4675	4676
4676	4679
4676	4677
4677	4680
4677	1872
1872	1873
1874	4681
4681	4684
4681	4682
4682	4685
4682	4683
4683	4686
4683	1875
1875	1876
1877	1878
1878	304
1876	1881
1881	4688
4688	1880
1878	1879
1882	4689
4689	4690
4689	1883
1883	1884
1885	4691
4691	4692
4691	1886
1886	1887
1888	1889
1889	307
1889	4693
4693	4694
4693	1887
1887	1890
1891	1892
1892	310
1892	1890
1890	4696
4695	4696
4696	4698
4697	4698
4698	1893
1894	4699
4699	4700
4699	1895
1895	1896
1897	4701
4701	4702
4701	1898
1898	1899
1900	1901
1901	4704
4703	4704
4704	4706
4705	4706
4706	325
1901	1899
1899	4708
4707	4708
4708	4710
4709	4710
4710	1902
1903	4711
4711	4714
4711	4712
4712	4715
4712	4713
4713	4716
4713	1904
1904	1905
1906	1907
1907	328
1907	4717
4717	4720
4717	4718
4718	4721
4718	4719
4719	4722
4719	1905
1905	331
1904	4723
4723	4726
4723	4724
4724	4727
4724	4725
4725	4728
4725	1902
1902	1908
1909	4729
4729	4730
4729	1910
1910	1911
1912	1913
1913	4732
4731	4732
4732	1914
1915	4733
4733	4734
4733	1916
1916	1917
1918	1919
1919	343
1919	1917
1917	346
1916	1914
1914	4736
4735	4736
4736	1920
1921	4737
4737	4738
4737	1922
1922	1923
1924	4739
4739	4740
4739	1925
1925	1926
1931	1930
1927	1929
1936	1935
1932	1934
1941	1940
1937	1939
1942	4741
4741	4743
4741	4742
4742	4744
4742	1943
1943	1944
1945	4745
4745	4747
4745	4746
4746	4748
4746	1946
1946	1947
1948	4749
4749	4751
4749	1949
1949	4752
4750	4751
4751	4753
4751	4752
4752	349
1949	4754
4754	4755
4754	1947
1947	355
1946	1944
1944	364
1846	1951
1943	1950
1938	1936
1936	1952
1953	1954
1954	1955
1956	4756
4756	4757
4756	1957
1957	1958
1959	1960
1960	1961
1962	1963
1963	1964
1965	1966
1966	1967
1968	4758
4758	4759
4758	1969
1969	1970
1972	1851
1851	4761
4761	1974
1971	4762
4762	4763
4762	1973
1972	4764
4764	4766
4764	4765
4765	4767
4765	1970
1970	1975
1976	1977
1977	1978
1979	4768
4768	4769
4768	1980
1980	1981
1982	4770
4770	4771
4770	1983
1983	1854
1983	1981
1981	1984
1985	4772
4772	4773
4772	1986
1986	1987
1988	4774
4774	4777
4774	4775
4775	4778
4775	4776
4776	4779
4776	1989
1989	1863
1989	4780
4780	4781
4780	1987
1987	1990
1991	1992
1992	1993
1994	4782
4782	4784
4782	4783
4783	4785
4783	1995
1995	1996
1997	4786
4786	4788
4786	4787
4787	4789
4787	1998
1998	1872
1998	1996
1996	1999
2000	4790
4790	4791
4790	2001
2001	2002
2003	2004
2004	4793
4792	4793
4793	4795
4794	4795
4795	2005
2006	2007
2007	2008
2009	2010
2010	2011
2012	2013
2013	4797
4796	4797
4797	1875
2013	2011
2011	4799
4798	4799
4799	2014
2015	2016
2016	4801
4800	4801
4801	4803
4802	4803
4803	2017
2018	4804
4804	4805
4804	2019
2019	2020
2021	4806
4806	4807
4806	2022
2022	2023
2024	4808
4808	4811
4808	4809
4809	4812
4809	4810
4810	4813
4810	2025
2025	1883
2025	4814
4814	4816
4814	4815
4815	4817
4815	2023
2023	2026
2027	4818
4818	4820
4818	4819
4819	4821
4819	2028
2028	2029
2030	4822
4822	4823
4822	2031
2031	2032
2033	4824
4824	4825
4824	2034
2034	2035
2036	2037
2037	4827
4826	4827
4827	1886
2037	4828
4828	4830
4828	2035
2035	4831
4829	4830
4830	4833
4830	4831
4831	4834
4832	4833
4833	4835
4833	4834
4834	1895
2034	4836
4836	4837
4836	2032
2032	2038
2039	4838
4838	4841
4838	4839
4839	4842
4839	4840
4840	4843
4840	2040
2040	2041
2042	4844
4844	4847
4844	4845
4845	4848
4845	4846
4846	4849
4846	2043
2043	2044
2045	2046
2046	4851
4850	4851
4851	2047
2048	4852
4852	4853
4852	2049
2049	2050
2051	2052
2052	4855
4854	4855
4855	2053
2054	4856
4856	4857
4856	2055
2055	1898
2055	2053
2053	4859
4858	4859
4859	2056
2057	4860
4860	4861
4860	2058
2058	2059
2060	4862
4862	4863
4862	2061
2061	1910
2061	4864
4864	4867
4864	4865
4865	4868
4865	4866
4866	4869
4866	2059
2059	2062
2063	4870
4870	4873
4870	4871
4871	4874
4871	4872
4872	4875
4872	2064
2064	2065
2066	2067
2067	1925
2067	4876
4876	4878
4876	4877
4877	4879
4877	2065
2065	2068
2069	4880
4880	4883
4880	4881
4881	4884
4881	4882
4882	4885
4882	2070
2070	1928
2070	4886
4886	4888
4886	2068
2068	4889
4887	4888
4888	4890
4888	4889
4889	2071
2072	4891
4891	4893
4891	4892
4892	4894
4892	2073
2073	2074
2075	2076
2076	2077
2078	4895
4895	4896
4895	2079
2079	2080
2081	2082
2082	2083
2084	2085
2085	4898
4897	4898
4898	1933
2085	2083
2083	4900
4899	4900
4900	1954
2082	2080
2080	4902
4901	4902
4902	4904
4903	4904
4904	4906
4905	4906
4906	4908
4907	4908
4908	2086
2087	2088
2088	4910
4909	4910
4910	4912
4911	4912
4912	4914
4913	4914
4914	4916
4915	4916
4916	1957
2088	2086
2086	4918
4917	4918
4918	2089
2090	2091
2091	4920
4919	4920
4920	4922
4921	4922
4922	4924
4923	4924
4924	4926
4925	4926
4926	1960
2091	2089
2089	4928
4927	4928
4928	4930
4929	4930
4930	4932
4931	4932
4932	4934
4933	4934
4934	2092
2093	2094
2094	2095
2096	2097
2097	4936
4935	4936
4936	1963
2097	2095
2095	4938
4937	4938
4938	1966
2094	4939
4939	4940
4939	2092
2092	2098
2099	2100
2100	2101
2102	4941
4941	4942
4941	2103
2103	2104
2105	4943
4943	4944
4943	2106
2106	2107
2108	2109
2109	4946
4945	4946
4946	1969
2109	2107
2107	2110
2111	4947
4947	4948
4947	2112
2112	2004
2112	2110
2110	4950
4949	4950
4950	2106
2103	4951
4951	4952
4951	2101
2101	2113
2114	2115
2115	2116
2117	2118
2118	4954
4953	4954
4954	4956
4955	4956
4956	4958
4957	4958
4958	4960
4959	4960
4960	2007
2118	4961
4961	4962
4961	2116
2116	2119
2120	4963
4963	4965
4963	2121
2121	4966
4964	4965
4965	4967
4965	4966
4966	2122
2123	4968
4968	4969
4968	2124
2124	2125
2126	2127
2127	4971
4970	4971
4971	4973
4972	4973
4973	4975
4974	4975
4975	4977
4976	4977
4977	2010
2127	4978
4978	4979
4978	2125
2125	2128
2129	2130
2130	4981
4980	4981
4981	2016
2130	4982
4982	4983
4982	2128
2128	2131
2132	4984
4984	4985
4984	2133
2133	2134
2135	4986
4986	4988
4986	2136
2136	4989
4987	4988
4988	4990
4988	4989
4989	2019
2136	2134
2134	4992
4991	4992
4992	2043
2133	2131
2131	2137
2138	2139
2139	4994
4993	4994
4994	4996
4995	4996
4996	2140
2141	2142
2142	4998
4997	4998
4998	2143
2144	4999
4999	5001
4999	5000
5000	5002
5000	2145
2145	2046
2145	5003
5003	5004
5003	2143
2143	2146
2147	2148
2148	2049
2148	5005
5005	5006
5005	2146
2146	2149
2150	5007
5007	5009
5007	2151
2151	5010
5008	5009
5009	5012
5009	5010
5010	5013
5011	5012
5012	5014
5012	5013
5013	2152
2153	5015
5015	5016
5015	2154
2154	2064
2154	2152
2152	2073
2151	2149
2149	2155
2156	5017
5017	5018
5017	2157
2157	2158
2159	5019
5019	5022
5019	5020
5020	5023
5020	5021
5021	5024
5021	2160
2160	2076
2160	5025
5025	5027
5025	2158
2158	5028
5026	5027
5027	5029
5027	5028
5028	2161
2162	2163
2163	2164
2165	2166
2166	5031
5030	5031
5031	5033
5032	5033
5033	2167
2168	5034
5034	5035
5034	2169
2169	2170
2171	2172
2172	2115
2172	2170
2170	2121
2169	5036
5036	5037
5036	2167
2167	2173
2174	2175
2175	5039
5038	5039
5039	2124
2175	5040
5040	5041
5040	2173
2173	2166
2163	2161
2161	5043
5042	5043
5043	2139
2157	5044
5044	5045
5044	2155
2155	2142
2100	2098
2098	5047
5046	5047
5047	5049
5048	5049
5049	5051
5050	5051
5051	5053
5052	5053
5053	5055
5054	5055
5055	5057
5056	5057
5057	5059
5058	5059
5059	5061
5060	5061
5061	5063
5062	5063
5063	5065
5064	5065
5065	5067
5066	5067
5067	2079
2058	2056
2056	5069
5068	5069
5069	2052
2040	5070
5070	5071
5070	2038
2038	2031
2028	2026
2026	2022
2001	5072
5072	5073
5072	1999
1999	2176
2177	5074
5074	5076
5074	5075
5075	5077
5075	2178
2178	2179
2180	5078
5078	5080
5078	5079
5079	5081
5079	2181
2181	1977
2181	2179
2179	1992
2178	5082
5082	5084
5082	5083
5083	5085
5083	2176
2176	1995
1986	5086
5086	5087
5086	1984
1984	1980
1922	1920
1920	5089
5088	5089
5089	1913
322	320
320	5091
5090	5091
5091	5093
5092	5093
5093	316
259	257
257	5095
5094	5095
5095	5097
5096	5097
5097	5099
5098	5099
5099	5101
5100	5101
5101	2182
2183	2184
2184	5103
5102	5103
5103	2185
2186	2187
2187	5105
5104	5105
5105	5107
5106	5107
5107	5109
5108	5109
5109	5111
5110	5111
5111	232
2187	2185
2185	5113
5112	5113
5113	5115
5114	5115
5115	5117
5116	5117
5117	5119
5118	5119
5119	244
2184	2182
2182	5121
5120	5121
5121	5123
5122	5123
5123	5125
5124	5125
5125	5127
5126	5127
5127	247
256	254
254	5129
5128	5129
5129	250
241	239
239	5131
5130	5131
5131	235
160	158
158	5133
5132	5133
5133	154
145	143
143	5135
5134	5135
5135	139
31	29
29	5137
5136	5137
5137	25
2188	2189
2189	5139
5138	5139
5139	5141
5140	5141
5141	5143
5142	5143
5143	5145
5144	5145
5145	5147
5146	5147
5147	2189
2190	2191
2191	5149
5148	5149
5149	5151
5150	5151
5151	5153
5152	5153
5153	5155
5154	5155
5155	5157
5156	5157
5157	2191
2	2196
2	1
5	2197
5	4
8	7
2253	12
2253	5158
2253	2254
2254	13
2254	2255
2255	11
12	10
2283	13
2283	2284
2284	5158
2284	2285
2285	12
2285	16
16	15
19	2198
2198	18
22	2199
22	21
25	24
28	27
31	30
2307	33
2307	34
2326	2208
2326	2209
2326	37
2208	36
2219	2211
2219	2210
2219	2218
2218	39
2218	40
2241	2233
2241	2240
2240	2232
2240	43
43	42
2338	2243
2338	2242
2338	46
46	45
2350	48
2350	49
52	51
2258	2250
2258	2251
2258	2257
2257	2252
2257	2256
2256	55
2250	54
2357	2261
2357	2260
2357	2358
2358	2259
2358	58
58	57
61	2266
2266	60
64	2267
64	63
67	66
2287	2276
2287	2277
2287	2286
2286	70
2276	69
73	2282
2282	2279
2282	2281
2281	2278
2281	2280
2280	72
76	2289
76	2290
2290	2288
2290	75
2404	2291
2404	2405
2405	5209
2405	2406
2406	2292
2406	79
2292	78
78	2291
2299	2296
2299	81
2299	82
85	2304
2304	2303
2304	84
2436	2305
2436	88
88	87
91	2306
2306	90
2441	2310
2441	2311
2441	2442
2442	2312
2442	94
2310	93
2464	2315
2464	5210
2464	97
97	2317
2317	2314
2317	2313
2317	2316
2316	96
2314	2315
100	2319
100	2320
2320	2318
2320	99
2327	5211
2327	103
103	2325
2325	2324
2325	102
2324	101
2475	2328
2475	106
106	105
109	2331
2331	108
112	2332
112	111
2340	114
2340	2337
2340	2339
2339	115
118	2342
118	2344
2344	2341
2344	2343
2343	117
2496	2346
2496	2345
2496	2497
2497	120
2497	121
124	2349
2349	123
127	126
2361	5213
2361	5212
2361	2360
2360	2359
2359	2352
2359	130
2352	2351
2351	5213
2351	129
129	128
2515	2364
2515	2363
2515	2516
2516	2362
2516	133
133	132
2522	135
2522	136
139	138
142	141
145	144
148	2367
2367	147
151	2368
151	150
154	153
157	156
160	159
2379	162
2379	163
166	2380
166	165
2581	2389
2581	2390
2581	2582
2582	2391
2582	169
2389	168
5215	5216
2407	5214
2407	5215
2407	172
172	2397
2397	5216
2397	2396
2396	5217
2396	2395
2395	2392
2395	171
2392	2393
2393	5216
2393	2394
2394	5214
2394	170
2403	2400
2403	2402
2402	2399
2402	2401
2401	2398
2401	175
175	174
2586	2408
2586	178
178	177
181	180
184	183
2608	2427
2608	187
2427	186
2447	2430
2447	2431
2447	190
2430	2428
2430	2429
2429	189
2445	2434
2445	2433
2445	2446
2446	2432
2446	193
193	192
2437	195
2437	2435
2437	196
5219	5220
2444	5220
2444	5218
2444	2443
2443	2440
2443	199
2440	2439
2439	5219
2439	198
198	2438
2438	5220
2438	197
202	2448
202	201
205	2451
2451	204
208	2452
208	207
2645	2453
2645	211
2453	210
214	2455
2455	2454
2455	213
217	2456
217	2457
2457	216
220	219
2476	2471
2476	223
2471	222
2655	2477
2655	226
226	225
229	2478
2478	228
232	2479
232	231
235	234
238	237
241	240
244	2482
2482	243
247	2483
247	246
250	249
253	252
256	255
259	2486
2486	258
262	2487
262	261
265	264
2707	267
2707	268
271	270
2500	5221
2500	2499
2499	2494
2499	2495
2499	2498
2498	274
2494	273
273	272
5224	5225
5222	5225
2738	5223
2738	5222
2738	2739
2739	5224
2739	2505
2739	277
2505	2504
2504	2501
2504	276
2501	5225
2501	2502
2502	2503
2503	5223
2503	275
4658	2507
4658	280
280	2508
2508	2506
2508	279
283	2512
283	282
2518	285
2518	2513
2518	2517
2517	2514
2517	286
4663	2520
4663	4664
4664	2519
4664	289
289	288
292	2521
2521	291
295	294
298	297
2533	300
2533	301
304	2534
304	2535
2535	303
307	2543
2543	2542
2543	306
310	2546
2546	2544
2546	2545
2545	309
2553	2548
2553	2547
2553	313
313	312
316	2558
2558	2557
2558	315
2560	2559
2560	319
319	318
322	2564
322	2565
2565	321
325	2567
2567	2566
2567	324
328	2568
328	2569
2569	327
4720	5227
4720	5226
4720	4721
4721	2573
4721	2574
4721	4722
4722	331
2573	2572
2572	5227
2572	2571
2571	2570
2571	330
2570	329
2583	2578
2583	5228
2583	334
334	2580
2580	2576
2580	2579
2579	2575
2579	333
2576	2577
2577	2578
2588	2584
2588	336
2588	2587
2587	2585
2587	337
2600	2598
2600	5229
2600	2599
2599	340
340	2597
340	339
2597	2598
343	2602
343	2603
2603	2601
2603	342
346	2605
2605	2604
2605	345
4753	2606
4753	349
349	348
2609	351
2609	2607
2609	352
4755	2610
4755	355
355	354
2611	357
2611	358
2615	2612
2615	360
2615	361
364	2617
2617	2616
2617	363
367	2618
367	2619
2619	366
2757	2620
2757	5230
2757	2758
2758	5231
2758	2759
2759	2622
2759	370
2622	2621
2621	5230
2621	369
369	2620
373	2626
2626	2624
2626	2625
2625	2623
2625	372
2780	5161
2780	5162
2780	2781
2781	378
2781	376
5161	5160
5160	2628
5160	5159
5159	2627
5159	377
377	375
2800	378
2800	5162
2800	2801
2801	5161
2801	381
381	5160
381	2630
2630	5159
2630	2629
2629	377
2629	380
384	2632
384	2634
2634	2631
2634	2633
2633	383
2805	2636
2805	387
387	2635
387	2637
2637	386
2642	2641
2642	390
390	389
393	2643
393	2644
2644	392
2807	395
2807	2646
2807	396
2650	2647
2650	398
2650	399
2813	2651
2813	401
2813	402
2656	2654
2656	405
2654	404
2817	2657
2817	5233
2817	2818
2818	5232
2818	2819
2819	2659
2819	408
2659	2658
2658	5233
2658	407
407	2657
2667	2661
2667	2660
2667	2666
2666	410
2666	411
4644	2669
4644	4645
4645	2668
4645	4646
4646	413
4646	2670
4646	414
4643	2677
4643	416
4643	2678
4643	4642
4642	2679
4642	4641
4641	417
420	2684
2684	2681
2684	2683
2683	2680
2683	2682
2682	419
423	2690
2690	2687
2690	2689
2689	2686
2689	2688
2688	2685
2688	422
2699	2693
2699	2692
2699	2698
2698	2691
2698	426
426	425
2760	2701
2760	2703
2760	429
2703	2700
2703	2702
2702	428
2708	2705
2708	432
432	2706
2706	2704
2706	431
435	2709
435	434
2756	437
2756	2724
2756	2755
2755	2725
2755	2754
2754	438
2744	2727
2744	2745
2745	2726
2745	441
441	440
2752	2732
2752	2733
2752	2753
2753	444
2732	443
447	2737
2737	2735
2737	2736
2736	2734
2736	446
2747	2742
2747	2743
2747	2746
2746	450
2742	449
2890	2761
2890	453
453	452
2893	455
2893	2766
2893	2894
2894	2767
2894	456
459	2769
459	2771
2771	2768
2771	2770
2770	458
462	2775
2775	2773
2775	2774
2774	2772
2774	461
2779	2777
2779	2778
2778	2776
2778	465
465	464
2902	2782
2902	2783
2902	468
2782	467
2920	2785
2920	2784
2920	2921
2921	470
2921	471
2931	473
2931	2792
2931	474
2802	5234
2802	2795
2802	477
2795	2794
2794	2793
2794	476
2793	475
480	2797
480	2799
2799	2796
2799	2798
2798	479
2808	2803
2808	483
483	482
2806	485
2806	2804
2806	486
489	2809
489	488
492	2810
2810	491
2816	2811
2816	494
2816	2815
2815	2812
2815	2814
2814	495
498	2820
2820	497
2937	2821
2937	5236
2937	599
599	5235
599	5165
5165	600
600	2824
600	2935
2935	501
2824	2823
2823	2822
2822	5236
2822	500
500	2821
504	2827
504	2830
2830	2826
2830	2829
2829	2825
2829	2828
2828	503
507	5237
507	2836
2836	2835
2835	2832
2835	2834
2834	2831
2834	506
2832	2833
2833	505
510	2839
510	2842
2842	2838
2842	2841
2841	2837
2841	2840
2840	509
513	2848
2848	2845
2848	2847
2847	2844
2847	2846
2846	2843
2846	512
5239	5240
2968	5240
2968	5238
2968	2969
2969	516
516	2854
2854	5239
2854	2853
2853	5241
2853	2852
2852	2849
2852	515
2849	2850
2850	5239
2850	5240
2850	2851
2851	514
524	2857
524	2856
524	5242
524	5163
5163	523
523	5243
523	2858
523	519
2858	518
518	2855
2855	5242
2855	2856
522	2859
522	521
527	524
527	2862
2862	5163
2862	2861
2861	523
2861	2860
2860	526
530	532
532	2865
532	5164
5164	2864
5164	531
531	2863
531	529
3021	532
3021	535
535	5164
535	2867
2867	531
2867	2866
2866	534
3027	2869
3027	538
538	2868
538	2870
2870	537
3029	2873
3029	2874
3029	541
2873	2872
2872	2871
2872	540
4640	2877
4640	5244
4640	544
544	2879
2879	2875
2879	2878
2878	543
2875	2876
2876	2877
547	2883
2883	2881
2883	2882
2882	2880
2882	546
2892	2885
2892	5245
2892	2891
2891	2886
2891	550
2886	549
549	2884
2884	2885
4639	2895
4639	553
2895	552
556	5246
556	2897
2897	2896
2897	555
2896	554
2899	2898
2899	559
559	558
562	2901
2901	2900
2901	561
565	2907
2907	564
568	2908
568	567
3057	2913
3057	571
2913	570
2922	2919
2922	574
2919	2918
2918	2917
2918	573
577	2923
577	576
580	2924
2924	579
583	2926
2926	2925
2926	582
586	2927
586	2928
2928	585
589	2930
2930	2929
2930	588
592	2932
2932	591
595	2933
595	594
2939	5248
2939	5247
2939	2938
2938	600
2938	2934
2938	598
600	5165
5165	599
599	5248
599	2936
2936	596
2936	597
603	2941
603	2943
2943	2940
2943	2942
2942	602
3082	2949
3082	5249
3082	3083
3083	606
606	605
605	2948
2948	2949
609	608
5173	612
5173	771
617	5166
617	613
617	616
620	2954
2954	619
623	2955
623	622
626	625
629	628
632	2956
2956	631
635	2957
635	634
638	637
3143	640
3143	2962
3143	3144
3144	2963
3144	641
2970	5250
2970	2967
2970	644
2967	2966
2966	2964
2966	643
2964	2965
2965	642
647	2971
647	646
3168	2973
3168	2974
3168	3169
3169	2975
3169	3170
3170	650
2973	2972
2972	649
3176	5252
3176	653
653	5251
653	2982
2982	2981
2981	2977
2981	2976
2981	2980
2980	652
2977	2978
2978	2979
2979	5252
2979	651
2991	2985
2991	2990
2990	2984
2990	5253
2990	656
656	2986
2986	2983
2986	655
2983	2984
659	2987
659	658
662	2993
662	2994
2994	2992
2994	661
665	3001
665	3002
3002	664
856	3003
856	5176
5176	667
5176	5177
5177	3004
5177	5178
5178	3005
5178	5179
5179	3006
5179	857
857	668
671	3009
671	3012
3012	3008
3012	3011
3011	3007
3011	3010
3010	670
674	3015
674	3017
3017	3014
3017	3016
3016	3013
3016	673
3023	3019
3023	3022
3022	5254
3022	677
677	3020
3020	3018
3020	676
3018	3019
3028	3025
3028	3024
3028	3026
3028	680
3026	679
3036	682
3036	683
686	3037
686	685
689	688
692	691
695	694
698	3040
3040	697
701	3041
701	700
704	703
707	706
3275	3042
3275	3043
3275	3276
3276	710
3042	709
713	3045
713	3047
3047	3044
3047	3046
3046	712
716	3052
3052	3049
3052	3051
3051	3048
3051	3050
3050	715
3062	3055
3062	3061
3061	3054
3061	3060
3060	5255
3060	719
719	718
718	3053
3053	3054
722	3056
3056	721
3301	3065
3301	3302
3302	3064
3302	3303
3303	3063
3303	725
725	724
728	727
3308	730
3308	3066
3308	3309
3309	3067
3309	731
3314	5257
3314	5256
3314	3315
3315	734
734	3072
3072	3071
3071	5257
3071	3070
3070	3068
3070	733
3068	3069
3069	732
737	3075
737	3077
3077	3074
3077	3076
3076	3073
3076	736
3081	3079
3081	3078
3081	3080
3080	739
3080	740
3318	742
3318	3086
3318	3319
3319	3087
3319	743
5259	5260
5259	5261
5261	5262
5261	5264
3327	5263
3327	5260
3327	3328
3328	5258
3328	3329
3329	746
746	748
748	5259
748	5167
5167	5261
5167	747
747	5264
747	745
745	3088
3088	3089
3089	5263
3089	744
5263	5262
5263	5260
751	753
753	748
753	5169
5169	5167
5169	5168
5168	747
5168	752
752	750
5266	5268
3365	753
3365	5265
3365	756
756	3093
3093	5266
3093	3092
3092	5268
3092	3091
3091	5269
3091	3090
3090	752
3090	755
752	5168
5168	5268
5168	5267
5168	5169
5169	5265
5169	753
5265	5266
3367	5270
3367	759
759	761
761	5180
5180	3097
5180	5181
5181	3096
5181	5182
5182	3095
5182	3094
5182	3098
5182	760
3098	758
3097	757
5172	3099
5172	3100
5172	765
3100	763
5175	3101
5175	770
770	769
769	768
774	3103
774	773
777	776
780	3114
3114	779
782	5170
782	3115
3115	5171
3115	781
781	761
785	5174
785	766
3124	788
3124	789
792	791
795	3125
795	794
798	797
3134	800
3134	801
804	3135
804	3136
3136	803
3145	3142
3145	807
3142	3141
3141	3140
3141	806
810	3146
810	3147
3147	809
3458	3148
3458	3149
3458	813
3149	812
3467	5271
3467	3468
3468	5272
3468	3152
3468	3469
3469	816
3152	3151
3151	815
815	5271
815	3150
3150	814
819	3157
3157	3154
3157	3156
3156	3153
3156	3155
3155	818
822	3160
822	3162
3162	3159
3162	3161
3161	3158
3161	821
3167	3164
3167	3166
3166	3163
3166	3165
3165	824
3165	825
3527	827
3527	828
3177	830
3177	3175
3177	831
3180	3178
3180	3179
3179	833
3179	834
837	3188
3188	3186
3188	3187
3187	3185
3187	836
3546	3190
3546	840
840	3189
840	3191
3191	839
843	3192
843	3193
3193	842
3558	3194
3558	3195
3558	846
3195	845
3199	3196
3199	849
849	848
3565	3200
3565	3201
3565	852
3201	851
5276	5277
5273	5277
5277	5278
5274	5278
5278	5279
3206	5275
3206	5274
3206	3205
3205	5273
3205	3204
3204	5276
3204	5179
3204	3203
3203	857
3203	855
5179	5178
5178	5277
5178	5177
5177	5278
5177	5176
5176	5279
5176	856
856	3202
856	854
3202	853
853	5275
3573	3210
3573	3209
3573	860
860	3212
3212	3208
3212	5280
3212	3211
3211	3207
3211	859
3207	3208
863	3214
863	3216
3216	3213
3216	3215
3215	862
3222	3218
3222	3221
3221	3217
3221	866
866	865
3242	3224
3242	3223
3242	5281
3242	3241
3241	869
869	868
868	3223
872	871
875	3244
875	3246
3246	3243
3246	3245
3245	874
878	3248
878	3250
3250	3247
3250	3249
3249	877
3262	3260
3262	3261
3261	3259
3261	881
881	880
3266	3264
3266	3263
3266	3265
3265	883
3265	884
887	3268
887	3270
3270	3267
3270	3269
3269	886
890	3274
3274	3272
3274	3273
3273	3271
3273	889
893	3277
3277	892
896	3278
896	895
899	898
902	901
905	3279
3279	904
908	3280
908	907
3627	3285
3627	911
3285	910
914	3289
914	3290
3290	913
917	3293
3293	3292
3292	3291
3292	916
920	3295
920	3296
3296	3294
3296	919
3304	5283
3304	3300
3304	923
3300	3299
3299	5282
3299	3298
3298	3297
3298	922
3297	921
921	5283
926	3307
3307	3305
3307	3306
3306	925
929	3310
3310	928
3320	3311
3320	932
932	931
3317	934
3317	3312
3317	3316
3316	3313
3316	935
3630	3321
3630	3322
3630	3631
3631	938
3322	937
3330	3325
3330	3326
3330	941
3325	3324
3324	3323
3324	940
944	3337
944	3338
3338	943
3643	3339
3643	947
947	946
950	949
953	952
3667	3352
3667	3353
3667	956
3352	955
959	3357
3357	3355
3357	3356
3356	3354
3356	958
3366	3363
3366	962
962	3362
962	3364
3364	961
965	964
968	3370
3370	967
971	3371
971	970
974	973
977	976
980	3380
3380	979
4636	3381
4636	3382
4636	983
3382	982
4629	3398
4629	3399
4629	986
3399	985
989	3400
989	988
992	991
995	994
998	997
1001	3409
3409	1000
1004	3410
1004	3411
3411	1003
3418	5284
3418	5180
3418	5181
3418	3417
3417	5182
3417	3416
3416	3415
3415	3413
3415	1007
3413	760
5180	3412
5180	1006
5180	761
3412	1005
3425	3422
3425	3421
3425	3424
3424	3420
3424	3423
3423	3419
3423	1010
1010	1009
1013	3432
3432	3428
3432	3431
3431	3427
3431	3430
3430	3426
3430	3429
3429	1012
1016	5285
1016	3440
3440	3439
3439	3435
3439	5286
3439	3438
3438	3437
3437	3433
3437	1015
3433	3434
3434	3435
3435	3436
3436	1014
5288	5289
3715	3444
3715	3443
3715	3716
3716	5287
3716	3717
3717	5288
3717	1019
1019	3445
3445	5289
3445	1018
1018	3441
3441	3442
3442	5287
3442	3443
1022	3446
1022	1021
1025	1024
1028	3453
3453	1027
3455	3454
3455	1030
3455	1031
3457	3456
3457	1034
1034	1033
3742	1036
3742	3743
3743	3459
3743	1037
1040	3463
1040	1039
3472	3464
3472	3465
3472	3471
3471	3466
3471	3470
3470	1043
3464	1042
1046	3479
3479	3475
3479	3478
3478	3474
3478	3477
3477	3473
3477	3476
3476	1045
3757	3483
3757	5290
3757	1049
1049	3485
3485	3481
3485	3484
3484	3480
3484	1048
3481	3482
3482	3483
1052	3489
3489	3487
3489	3488
3488	3486
3488	1051
3786	3491
3786	1055
1055	3490
1055	3492
3492	1054
4604	3493
4604	5291
4604	1058
1058	1057
1057	3493
3506	1060
3506	1061
1064	3507
1064	1063
1067	1066
1070	1069
1073	3526
3526	1072
1076	1075
1079	1078
3534	1081
3534	1082
1085	3535
1085	1084
1088	3540
3540	1087
1091	3541
1091	3542
3542	1090
4603	1093
4603	1094
1097	1096
1100	3557
3557	1099
3796	1102
3796	1103
1106	3559
3559	1105
3566	3563
3566	3564
3566	1109
3564	1108
3576	3567
3576	5292
3576	3575
3575	3568
3575	3574
3574	3569
3574	1112
3568	1111
1111	3567
1115	3571
1115	3572
3572	3570
3572	1114
4600	3579
4600	3578
4600	4601
4601	3577
4601	4602
4602	1117
4602	3580
4602	1118
4599	3587
4599	1120
4599	3588
4599	4598
4598	3589
4598	4597
4597	3590
4597	1121
3812	3593
3812	3813
3813	3592
3813	3814
3814	3591
3814	1124
1124	1123
1127	3600
3600	1126
1130	3601
1130	1129
1133	1132
1136	1135
1139	1138
1142	1141
1145	1144
1148	3626
3626	1147
3633	3628
3633	3629
3633	3632
3632	1151
3628	1150
1154	3635
1154	3637
3637	3634
3637	3636
3636	1153
3829	3639
3829	3638
3829	3830
3830	1156
3830	1157
1160	3640
3640	1159
1163	3641
1163	1162
3644	1165
3644	3642
3644	1166
3851	3645
3851	1169
1169	1168
3860	1171
3860	3646
3860	3861
3861	3647
3861	1172
1175	3652
3652	3649
3652	3651
3651	3648
3651	3650
3650	1174
3660	3655
3660	3659
3659	3654
3659	3658
3658	3653
3658	1178
1178	1177
3908	3663
3908	3662
3908	3909
3909	3661
3909	1181
1181	1180
3911	3664
3911	1184
3664	1183
1187	3666
3666	3665
3666	1186
1190	1189
1193	1192
3676	1195
3676	1196
3943	3677
3943	1198
3943	1199
3686	1201
3686	1202
1205	1204
1208	3687
1208	1207
1211	1210
1214	1213
1217	3692
3692	1216
1220	3693
1220	1219
1223	1222
1226	1225
3967	1228
3967	1229
1232	1231
3970	1234
3970	3702
3970	3971
3971	3703
3971	1235
3979	3705
3979	3704
3979	1238
1238	1237
4002	1240
4002	3710
4002	4003
4003	1241
4009	3711
4009	1244
1244	1243
3720	3712
3720	3713
3720	3719
3719	3714
3719	3718
3718	1247
3712	1246
3727	3723
3727	3722
3727	3726
3726	3721
3726	1250
1250	1249
4011	3729
4011	3728
4011	1253
1253	1252
4559	1255
4559	3734
4559	4560
4560	1256
4594	3735
4594	1258
4594	1259
3745	3740
3745	3741
3745	3744
3744	1262
3740	1261
4596	3747
4596	3746
4596	1265
1265	1264
1268	3748
3748	1267
1271	3749
1271	1270
3758	3753
3758	1274
3753	3752
3752	1273
1277	3755
1277	3756
3756	3754
3756	1276
1280	3760
3760	3759
3760	1279
4570	3767
4570	1283
1283	1282
4572	3768
4572	1286
3768	1285
3789	3775
3789	1289
1289	1288
1292	3782
3782	1291
4592	3790
4592	1295
1295	1294
3797	1297
3797	3795
3797	1298
4591	3798
4591	1301
1301	1300
3801	1303
3801	1304
1307	3802
1307	1306
1310	3805
3805	1309
1313	3807
3807	3806
3807	1312
3815	5293
3815	3811
3815	1316
3811	3810
3810	3808
3810	3809
3809	1315
3808	1314
1319	3816
1319	3817
3817	1318
1322	3818
1322	1321
1325	1324
1328	3819
3819	1327
1331	3820
1331	1330
3833	3821
3833	3822
3833	3832
3832	3823
3832	3831
3831	1334
3821	1333
1337	3826
1337	3828
3828	3825
3828	3827
3827	3824
3827	1336
1340	1342
1342	5185
5185	3836
5185	5184
5184	3835
5184	5183
5183	3834
5183	1341
1341	1339
4588	1342
4588	5185
4588	4589
4589	5295
4589	5296
4589	4590
4590	5294
4590	1345
1345	3837
3837	1341
3837	1344
1341	5183
5183	5296
5183	5184
5184	5295
5184	5185
1348	3839
3839	3838
3839	1347
1351	3840
1351	3841
3841	1350
4014	3842
4014	5297
4014	4015
4015	3844
4015	1354
3844	3843
3843	1353
1353	3842
4020	1359
4020	1357
1359	5186
5186	3846
5186	1358
1358	3845
1358	1356
3854	1359
3854	3853
3853	5298
3853	3852
3852	1362
1362	1358
1362	3847
3847	1361
1358	5186
5186	1359
1365	3857
1365	3859
3859	3856
3859	3858
3858	3855
3858	1364
3864	1367
3864	1368
1371	3865
1371	1370
4036	3866
4036	3867
4036	4037
4037	1374
3866	1373
1377	3869
1377	3871
3871	3868
3871	3870
3870	1376
1380	3875
3875	3873
3875	3874
3874	3872
3874	1379
1383	3877
1383	3879
3879	3876
3879	3878
3878	1382
4074	3884
4074	1386
3884	3883
3883	3881
3883	3882
3882	3880
3882	1385
1389	3887
1389	3890
3890	3886
3890	3889
3889	3885
3889	3888
3888	1388
1392	3896
3896	3893
3896	3895
3895	3892
3895	3894
3894	3891
3894	1391
5302	5303
5299	5303
5300	5303
3912	5299
3912	5302
3912	1395
1395	3902
3902	5303
3902	3901
3901	5301
3901	3900
3900	3897
3900	1394
3897	3898
3898	5300
3898	3899
3899	5299
3899	1393
3910	3905
3910	5305
3910	1398
1398	3907
3907	5304
3907	3906
3906	3903
3906	1397
3903	3904
3904	5305
3904	3905
3917	3916
3917	1401
1401	1400
5307	5308
4104	5306
4104	5307
4104	4105
4105	3932
4105	1404
3932	3931
3931	5308
3931	1403
1403	3930
3930	5306
3930	1402
3955	3934
3955	3954
3954	3933
3954	1407
1407	1406
1410	1409
1413	3937
3937	1412
1416	3939
3939	3938
3939	1415
1419	3959
3959	3957
3959	3958
3958	3956
3958	1418
1422	3963
3963	3961
3963	3962
3962	3960
3962	1421
3969	3965
3969	5309
3969	3968
3968	1425
1425	3966
3966	3964
3966	1424
3964	3965
4121	3972
4121	3973
4121	1428
3972	1427
4161	3975
4161	3974
4161	1431
1431	1430
3981	1433
3981	3978
3981	3980
3980	1434
4552	3983
4552	3982
4552	1437
1437	3984
3984	1436
4548	3989
4548	3990
4548	1440
3989	3988
3989	1439
4178	3992
4178	5310
4178	4179
4179	1443
1443	3993
3993	3991
3993	1442
3991	3992
4021	3994
4021	3995
4021	1446
3995	1445
4016	3999
4016	1448
4016	1449
4005	1451
4005	4000
4005	4004
4004	4001
4004	1452
4013	4007
4013	4006
4013	4012
4012	1454
4012	1455
4010	1457
4010	4008
4010	1458
4038	4027
4038	4028
4038	1461
4027	4025
4027	4026
4026	1460
4035	4031
4035	4034
4034	4030
4034	1464
1464	4029
1464	1463
1467	4039
1467	1466
1470	1469
1473	1472
1476	4050
4050	1475
4261	4051
4261	1478
4261	4262
4262	4052
4262	4263
4263	4053
4263	4264
4264	1479
1482	4055
1482	4057
4057	4054
4057	4056
4056	1481
4307	4059
4307	4308
4308	4058
4308	1485
1485	1484
4315	1487
4315	4064
4315	4316
4316	4065
4316	1488
4075	4067
4075	5311
4075	1491
1491	4068
4068	4066
4068	1490
4066	4067
4073	4072
4073	1494
1494	1493
1497	4076
1497	4077
4077	1496
1500	4080
4080	4078
4080	4079
4079	1499
1503	4084
4084	4082
4084	4083
4083	4081
4083	1502
1506	4086
1506	4088
4088	4085
4088	4087
4087	1505
4547	4090
4547	4089
4547	1509
1509	1508
1512	4091
4091	1511
1515	4092
1515	1514
4546	4093
4546	4094
4546	1518
4093	1517
4374	4096
4374	1521
1521	4095
1521	4097
4097	1520
1524	4101
1524	1523
4108	1526
4108	4102
4108	4107
4107	4103
4107	4106
4106	1527
1530	4111
1530	4113
4113	4110
4113	4112
4112	4109
4112	1529
4388	4115
4388	5312
4388	4389
4389	4390
4390	4116
4390	1533
4116	1532
1532	4114
4114	4115
1536	4118
4118	4117
4118	1535
4120	4119
4120	1538
4120	1539
4394	4122
4394	4123
4394	4395
4395	4124
4395	4396
4396	1542
4122	1541
1545	4131
4131	4127
4131	4130
4130	4126
4130	4129
4129	4125
4129	4128
4128	1544
1548	1550
1550	4135
1550	4134
1550	5187
5187	4133
5187	1549
1549	4132
1549	1547
5315	5316
5317	5318
5314	5318
5317	5319
4260	1550
4260	5313
4260	4259
4259	5315
4259	4258
4258	5314
4258	4257
4257	5317
4257	1553
1553	4136
4136	5319
4136	1552
1552	1549
1549	5318
1549	5187
5187	5316
5187	1550
1550	5313
5316	5315
4191	4137
4191	1555
4191	1556
4199	1558
4199	1559
4219	1561
4219	1562
4162	4160
4162	1565
4160	1564
1568	4171
4171	4169
4171	4170
4170	1567
4256	4173
4256	1571
1571	4174
4174	4172
4174	1570
4180	4175
4180	4176
4180	4177
4180	1574
4176	1573
1577	4181
1577	4182
4182	1576
1580	4183
1580	1579
1583	1582
1586	4190
4190	1585
4250	1588
4250	1589
4227	1591
4227	1592
1595	1594
1598	1597
1601	4198
4198	1600
1604	1603
1607	1606
1610	4218
4218	1609
1613	1612
1616	1615
4226	1618
4226	1619
1622	1621
1625	4228
4228	1624
1628	4229
1628	1627
1631	1630
1634	4251
1634	4252
4252	1633
1637	1636
4407	4269
4407	4270
4407	1640
4269	1639
4418	4272
4418	4271
4418	4419
4419	4273
4419	1643
4273	1642
1646	4275
4275	4274
4275	1645
4545	4276
4545	1648
4545	4277
4545	1649
4544	4290
4544	1651
4544	4291
4544	1652
4296	4295
4296	1654
4296	1655
4450	4300
4450	1658
1658	1657
4310	1660
4310	4301
4310	4309
4309	4302
4309	1661
4317	5320
4317	1664
1664	4314
4314	4311
4314	4313
4313	1663
4311	4312
4312	1662
4452	4320
4452	1667
4320	4319
4319	4318
4319	1666
1670	4325
4325	4322
4325	4324
4324	4321
4324	4323
4323	1669
4331	4328
4331	4330
4330	4327
4330	4329
4329	4326
4329	1673
1673	1672
4338	4334
4338	4333
4338	4337
4337	4332
4337	1676
1676	1675
4469	4340
4469	4470
4470	4339
4470	1679
1679	1678
4472	1681
4472	4341
4472	1682
1685	5321
1685	4343
4343	4342
4343	1684
4342	1683
4352	4344
4352	4351
4351	1687
4351	1688
1691	4360
4360	4358
4360	4359
4359	4357
4359	1690
4368	4362
4368	4361
4368	4367
4367	1693
4367	1694
4497	4370
4497	1697
1697	4371
4371	4369
4371	1696
4375	4372
4375	4373
4375	1700
4373	1699
1703	4376
1703	4377
4377	1702
1706	4378
1706	1705
4379	1708
4379	1709
1712	4381
4381	4380
4381	1711
4383	4382
4383	1715
1715	1714
5322	5324
4393	5322
4393	4392
4392	5324
4392	5325
4392	4391
4391	4387
4391	1718
4387	4386
4386	5324
4386	4385
4385	5323
4385	1717
1717	4384
4384	5322
4384	1716
1721	1720
1724	4403
4403	1723
1727	1726
4505	1729
4505	1730
4422	1732
4422	4416
4422	4421
4421	4417
4421	4420
4420	1733
4457	4430
4457	4429
4457	4456
4456	4428
4456	4455
4455	1735
4455	1736
4447	1738
4447	1739
1742	4448
1742	1741
4451	4449
4451	1745
4449	1744
1748	4460
1748	4463
4463	4459
4463	4462
4462	4458
4462	4461
4461	1747
4471	4466
4471	5327
4471	5328
4471	1751
1751	4468
4468	5326
4468	4467
4467	4464
4467	1750
4464	4465
4465	5328
4465	5327
4465	4466
4477	1753
4477	1754
1757	4478
1757	1756
1760	1759
1763	1762
4485	1765
4485	1766
1769	4486
1769	1768
1772	4491
4491	1771
1775	4492
1775	4493
4493	1774
1778	1777
1781	1780
1784	4504
4504	1783
1787	1786
1790	1789
4532	1792
4532	1793
1796	1795
1799	4533
1799	1798
1802	1801
4561	4553
4561	4554
4561	1805
4553	1804
5330	5334
5331	5334
5333	5334
1813	5329
1813	5331
1813	5189
5189	5330
5189	5188
5188	5333
5188	1812
1812	4565
1812	1808
4565	4564
4564	5334
4564	4563
4563	5332
4563	1807
1807	4562
4562	5331
4562	5329
4562	1806
4571	4568
4571	4567
4571	1811
1811	4569
4569	4566
4569	1810
4581	1813
4581	5189
4581	5336
4581	4580
4580	4579
4579	5337
4579	5335
4579	1816
1816	4573
4573	1812
4573	1815
1812	5337
1812	5188
5188	5336
5188	5189
1819	4574
1819	1818
1822	4584
1822	4587
4587	4583
4587	4586
4586	4582
4586	4585
4585	1821
4595	4593
4595	1825
4593	1824
1828	1827
1831	1830
1834	1833
4617	1836
4617	1837
1840	4618
1840	1839
1843	1842
1950	5207
5207	1847
5207	5194
5207	2192
1847	1845
4763	5200
4763	5199
4763	1973
1973	5193
5193	1974
1974	5198
1974	5338
1974	4761
4761	5339
4761	1851
1851	4648
4648	5196
4648	4647
4647	5195
4647	1850
1850	5194
1850	1847
5194	2192
5196	5197
5197	5338
5197	5198
5200	2193
2193	5201
5201	1848
4771	4650
4771	4649
4771	1854
1854	1853
1857	4657
4657	1856
4667	1859
4667	4661
4667	4666
4666	4662
4666	4665
4665	1860
4777	4670
4777	4669
4777	4778
4778	5341
4778	4779
4779	5340
4779	4671
4779	1863
4671	1862
1862	4668
4668	5341
4668	4669
1866	4672
1866	1865
1869	1868
4788	4675
4788	4676
4788	4789
4789	4677
4789	1872
4675	1871
1875	4683
4683	4680
4683	4682
4682	4679
4682	4681
4681	4678
4681	1874
4687	4686
4687	1880
1880	4685
1880	5190
5190	1879
1879	4684
1879	1878
1878	1877
4811	4688
4811	1880
4811	5342
4811	4812
4812	4813
4813	5343
4813	1883
1883	4689
4689	1879
4689	1882
1879	5342
1879	5190
5190	1880
1886	4691
4691	4690
4691	1885
4693	4692
4693	1889
1889	1888
1892	4694
1892	1891
4835	4699
4835	1895
4699	1894
4857	4700
4857	4701
4857	1898
4701	1897
1901	4702
1901	1900
4725	1903
4725	4711
4725	4724
4724	4712
4724	4723
4723	4713
4723	1904
4719	4716
4719	4718
4718	4715
4718	4717
4717	4714
4717	1907
1907	1906
4863	4728
4863	4727
4863	1910
1910	4726
1910	4729
4729	1909
1913	4730
1913	1912
1916	4733
4733	1915
1919	4734
1919	1918
1922	4737
4737	1921
1925	4739
4739	4738
4739	1924
5345	5346
5347	5348
5345	5348
4883	5348
4883	5346
4883	4884
4884	5344
4884	4885
4885	1930
4885	1928
1930	5192
5192	5345
5192	5191
5191	5347
5191	1929
1929	4740
1929	1927
4740	5348
4740	1926
1933	1930
1933	1935
1935	5204
5204	5192
5204	2195
2195	5203
5203	5191
5203	2194
2194	1929
2194	5202
5202	1934
1934	1932
1938	1935
1938	1940
1940	5204
1940	5206
5206	2195
1951	5208
5208	2193
2193	5200
5200	1940
5200	5206
5200	2195
5200	5199
5199	5203
5199	5198
5198	2194
5198	5349
5198	5197
5197	5350
5197	5196
5196	5352
5196	5351
5196	5195
5195	2192
2192	1943
2192	5207
5207	1950
1943	4742
4742	5352
4742	4741
4741	5350
4741	1942
1942	5349
1942	1939
1939	5205
5205	2194
1946	4744
1946	4746
4746	4743
4746	4745
4745	1945
4754	4748
4754	5353
4754	1949
1949	4749
4749	4747
4749	1948
4747	4748
1954	1953
1957	4756
4756	1956
1960	4757
1960	1959
1963	1962
1966	1965
1969	4758
4758	1968
4765	1973
4765	5193
4765	1974
4765	4764
4764	4760
4764	1972
1973	4759
1973	4762
4762	1971
5080	4767
5080	4766
5080	5081
5081	1976
5081	1977
5087	1979
5087	4768
5087	1980
1983	4770
4770	4769
4770	1982
5086	4772
5086	1986
4772	1985
4780	4776
4780	1989
4776	4775
4775	4773
4775	4774
4774	1988
1992	4781
1992	1991
5084	4782
5084	4783
5084	5085
5085	1995
4782	1994
1998	4787
4787	4785
4787	4786
4786	4784
4786	1997
5072	2000
5072	4790
5072	2001
4948	4791
4948	2004
2004	2003
2007	2006
2010	2009
2013	2012
2016	2015
4990	4804
4990	2019
4804	2018
2022	4805
2022	4806
4806	2021
4815	5354
4815	4809
4815	4814
4814	4810
4814	2025
4809	4808
4808	4807
4808	2024
4807	2023
2028	4819
4819	4817
4819	4818
4818	4816
4818	2027
5071	4821
5071	2031
2031	4820
2031	4822
4822	2030
4836	5355
4836	4824
4836	2034
4824	2033
2033	4823
4823	2032
4828	4825
4828	2037
2037	2036
5070	4839
5070	4840
5070	2040
4839	4837
4839	4838
4838	2039
2043	4843
2043	4846
4846	4842
4846	4845
4845	4841
4845	4844
4844	2042
5001	4849
5001	4848
5001	5002
5002	4847
5002	2046
2046	2045
2049	4852
4852	2048
2052	4853
2052	2051
2055	4856
4856	2054
2058	4860
4860	2057
4866	4861
4866	4865
4865	2060
4865	4862
4865	4864
4864	2061
5356	5358
5016	5357
5016	5356
5016	2064
2064	4872
4872	4871
4871	5358
4871	4867
4871	4870
4870	2063
4867	4868
4868	4869
4869	5357
4869	2062
4877	4875
4877	4874
4877	4876
4876	4873
4876	2067
2067	2066
4886	5359
4886	4882
4886	2070
4882	4881
4881	5360
4881	4880
4880	4878
4880	2069
4878	4879
4879	5359
4879	2068
2073	4892
4892	4890
4892	4891
4891	2072
5022	4894
5022	4893
5022	5023
5023	5361
5023	5024
5024	2075
5024	2076
2075	4893
2079	4895
4895	2078
2082	4896
2082	2081
2085	2084
2088	2087
2091	2090
4939	2093
4939	2094
2097	2096
2100	4940
2100	2099
4951	2102
4951	4941
4951	2103
2106	4942
2106	4943
4943	2105
2109	4944
2109	2108
2112	4947
4947	2111
2115	4952
2115	2114
4961	2117
4961	2118
2121	4963
4963	4962
4963	2120
2124	4967
2124	4968
4968	2123
4978	4969
4978	2126
4978	2127
4982	4979
4982	2129
4982	2130
2133	4983
2133	4984
4984	2132
2136	4986
4986	4985
4986	2135
2139	2138
5045	2141
5045	2142
5003	5000
5003	2145
5000	4999
4999	2144
5005	5004
5005	2147
5005	2148
2151	5006
2151	5007
5007	2150
2154	5015
5015	5014
5015	2153
5044	5017
5044	2157
5017	2156
5025	5362
5025	5020
5025	5021
5025	2160
5020	5019
5019	5018
5019	2159
5018	2158
2163	5029
2163	2162
5041	2165
5041	2166
5036	2168
5036	5034
5036	2169
2172	5035
2172	2171
5040	5037
5040	2175
2175	2174
5083	5073
5083	5363
5083	5364
5083	5082
5082	5075
5082	2178
5075	5074
5074	5363
5074	2177
2177	5073
2181	5079
5079	5077
5079	5078
5078	5076
5078	2180
2184	2183
2187	2186
5166	610
5166	613
613	611
615	5173
615	771
5170	764
5170	5365
5170	5171
5171	762
5171	761
762	3102
3102	764
3414	5172
3414	3116
3414	783
3116	765
5174	767
5174	766
3117	5175
3117	770
3117	786
3117	784
5201	5208
5201	2193
5208	1951
1951	1846
5205	5202
5205	1939
1939	1934
1939	1937
5367	5370
5369	5370
5366	5370
5370	4
5370	0
5370	5367
5367	27
5367	24
5367	5366
5366	21
5366	18
5366	5369
5369	15
5369	10
5369	5368
5368	7
5368	4
5372	5377
5373	5379
5374	5379
5375	5379
5375	5380
5376	5380
5376	5381
5377	5381
5379	5382
5380	5382
5381	5382
5381	3
5381	2238
5381	5377
5377	2236
5377	2234
5377	5372
5372	42
5372	2228
5372	5376
5376	2224
5376	5375
5375	2220
5375	5371
5375	5374
5374	5373
5373	2213
5373	2215
5373	2217
5373	5378
5378	1
5378	5382
5382	3
2213	40
40	2220
5385	5386
5385	2248
5385	51
5385	48
5385	2246
5385	5384
5384	2244
5384	5383
5384	2235
5384	5386
5386	2237
5386	2239
5386	6
5386	2248
6	5
2235	43
43	45
45	2244
9	8
8	2249
2249	52
5387	5389
5388	5394
5389	5394
5389	5395
5390	5395
5392	5397
5393	5397
5394	5397
5395	5397
5396	5397
5391	5397
5396	2270
5396	2268
5396	5395
5395	63
5395	5390
5390	60
5390	5389
5389	2264
5389	5387
5387	2262
5387	57
5387	55
5387	5388
5388	11
5388	5393
5393	14
5393	72
5393	5392
5392	69
5392	66
5392	2274
5392	5391
5391	2272
5391	2270
17	16
5399	5400
5399	2297
5399	81
5399	2293
5399	5398
5398	75
5398	70
5398	5400
5400	19
5400	20
5400	2297
19	71
75	78
5136	5401
5136	2300
5136	82
5136	2298
5136	23
23	22
2300	84
84	32
84	90
84	87
32	31
2201	5137
2201	25
2201	26
5403	5405
5403	2214
5403	5404
5403	2204
5403	2202
5403	5402
5402	33
5402	30
5402	2200
5402	5405
5405	28
5405	2216
5405	2214
2216	2
2204	2206
2206	2212
2206	36
36	39
2212	2214
35	2207
2207	2321
2207	2205
2205	99
2205	2203
2203	2308
2203	91
2203	34
2308	93
93	96
2231	2333
2231	111
2231	2227
2227	108
2227	2223
2223	2329
2223	38
38	37
37	105
37	103
2333	2335
2335	44
2335	114
47	2247
2347	117
2347	2245
2347	2247
2347	123
2245	115
2245	46
124	126
50	56
50	2353
50	49
49	126
126	129
59	2265
2265	5408
2265	2263
2263	5407
2263	58
58	2356
2356	5406
2356	130
130	132
132	138
132	135
138	2365
2365	5408
2365	141
5408	5407
5410	5411
5410	5412
5412	5414
5413	5414
5413	156
5413	153
5413	150
5413	5410
5413	5412
5410	147
5410	144
5410	5409
5409	142
5409	5411
5411	61
5411	5414
5414	62
5414	156
5416	5418
5416	2273
5416	2275
5416	2375
5416	2373
5416	5415
5415	2371
5415	159
5415	2369
5415	5418
5418	5417
5418	2271
5418	2273
2271	2269
2269	157
2269	64
157	2369
159	162
2375	2377
2377	65
165	2381
5419	5422
5422	5423
5422	74
5422	174
5422	5419
5419	2387
5419	2385
5419	5421
5421	2383
5421	5420
5421	5423
5423	2376
5423	2378
5423	74
74	67
74	68
2376	2374
2374	2372
2372	2381
2372	163
2381	2383
2387	168
168	171
77	76
177	2409
2302	180
2302	2415
2302	5424
2302	80
80	2295
2295	2411
2295	2409
2295	79
79	173
173	172
2411	2413
2413	2415
86	2417
86	181
86	85
2417	2419
2419	192
2419	5425
2419	2421
2421	2423
2421	183
2423	2425
2425	186
186	189
189	192
2309	198
2309	196
2309	88
2309	89
5426	5429
5427	5429
5427	5430
5428	5433
5429	5433
5429	5434
5430	5434
5433	5435
5433	5436
5434	5436
5436	5437
5436	2461
5436	2458
5436	5434
5434	216
5434	5430
5430	213
5430	5427
5427	210
5427	207
5427	204
5427	5426
5426	2449
5426	5428
5428	5431
5428	5432
5432	5435
5435	191
5435	199
5435	5437
5437	94
5437	95
5437	2461
191	190
190	201
201	2449
2467	2465
2467	2460
2467	2469
2469	2463
2469	98
98	97
2460	217
101	2323
2323	5438
2323	2470
2323	100
2470	2468
2468	220
220	2472
220	222
2472	104
231	234
107	2330
2330	2480
2330	5440
2330	106
106	2474
2474	5439
2474	223
223	225
225	228
228	234
234	5440
234	2480
5442	5445
5443	5445
5444	5445
5444	110
5444	252
5444	249
5444	246
5444	5443
5443	243
5443	5442
5442	240
5442	5441
5441	238
5441	109
5441	5445
5445	110
261	264
5448	5449
5448	2336
5448	113
5448	116
5448	2490
5448	5447
5447	2488
5447	5446
5447	255
5447	2484
5447	5449
5449	253
5449	2334
5449	2336
2334	112
255	258
258	264
264	2488
119	270
119	2492
119	2491
119	118
2491	2489
2489	267
2489	265
122	2348
2348	282
2348	5450
2348	121
121	274
274	279
274	276
279	2509
2509	282
128	127
127	283
283	285
134	288
134	286
134	133
5452	5453
5452	5454
5452	2527
5452	2525
5452	2523
5452	5451
5451	297
5451	294
5451	292
5451	136
5451	5453
5453	137
5453	5134
5453	5454
5454	145
5454	2531
5454	2529
5454	2527
2531	146
2525	300
140	2366
2366	5135
2366	139
5455	5458
5455	5459
5456	5459
5456	5460
5458	5461
5458	5462
5459	5462
5459	5463
5460	5463
5460	5464
5463	5465
5463	2551
5463	2549
5463	5464
5464	312
5464	309
5464	306
5464	5460
5460	2539
5460	5456
5456	2536
5456	5455
5455	303
5455	301
5455	2528
5455	5457
5457	2530
5457	2532
5457	5461
5461	148
5461	149
5461	5465
5461	5462
5465	2551
161	160
5132	5468
5132	5467
5132	5466
5132	152
152	2552
152	151
2552	2550
2550	5467
2550	2554
2550	313
2554	5468
2554	315
315	318
318	164
164	160
2370	5133
2370	154
2370	155
167	2388
2388	330
2388	327
2388	2386
2386	2384
2384	324
2384	321
2384	2561
2384	2382
2382	319
2382	166
170	169
176	169
169	334
5469	5471
5469	2422
5469	182
5469	339
5469	2593
5469	5470
5470	2412
5470	2414
5470	5471
5471	2416
5471	2418
5471	2420
5471	2422
2418	179
2412	2589
2412	2410
2410	337
2410	178
185	2426
2426	348
2426	2424
2424	345
2424	342
2424	184
184	340
188	187
187	352
352	357
352	354
194	193
2613	358
2613	2450
2613	203
2450	202
5472	5474
5472	5475
5472	5473
5474	5477
5474	5478
5474	5479
5475	5479
5477	5481
5478	5481
5478	205
5478	5479
5479	206
5479	389
5479	2638
5479	5475
5475	386
5475	383
5475	380
5475	5472
5472	375
5472	5476
5476	372
5476	366
5476	5473
5473	363
5473	5477
5477	5480
5480	361
5480	2614
5480	5481
5481	205
366	369
209	208
208	390
2648	395
2648	393
2648	211
2648	212
2466	5482
2466	2652
2466	215
215	214
214	2649
2649	401
2649	399
2652	404
404	224
224	221
221	218
2662	407
2662	405
2662	2664
2664	227
227	226
229	2665
259	5094
5483	5486
5483	5487
5484	5489
5484	5490
5484	425
5484	422
5484	416
5484	2674
5484	5488
5488	2183
5488	5100
5488	5489
5489	5098
5489	5096
5489	5490
5490	5492
5490	2694
5490	425
2694	2696
2696	5094
2696	260
5094	5096
2183	5102
5102	2671
5102	2186
2186	5487
2186	5104
5104	5486
5104	5106
5106	5485
5106	5108
5108	5491
5108	5110
5110	2665
5110	230
2665	2663
2663	5485
2663	411
411	5483
411	413
413	5487
413	2671
416	419
5494	5496
5494	5497
5495	5497
5497	5498
5497	5116
5497	5114
5497	5495
5495	5112
5495	5107
5495	5109
5495	5494
5494	5111
5494	5493
5493	232
5493	233
5493	5496
5496	5130
5496	5498
5498	241
5498	5118
5498	5116
5118	242
5107	5105
5105	2187
236	5131
236	2481
2481	235
5499	5504
5500	5504
5500	5505
5501	5505
5501	5506
5502	5506
5504	5507
5504	5508
5505	5508
5505	5509
5506	5509
5506	5510
5508	5511
5508	5512
5509	5512
5509	5510
5510	245
5510	5126
5510	5124
5510	5506
5506	5122
5506	5502
5502	5120
5502	2184
5502	5501
5501	5103
5501	5500
5500	2185
5500	5499
5499	5113
5499	5115
5499	5503
5503	5117
5503	5507
5507	5119
5507	5511
5511	244
5511	5512
5512	245
5514	5515
5514	256
5514	257
5514	5095
5514	5097
5514	5513
5513	5099
5513	5123
5513	5515
5515	5125
5515	5516
5515	5128
5515	256
5128	248
248	5127
248	247
5127	5125
5123	5121
5121	5101
5121	2182
2485	5129
2485	251
251	250
263	5517
263	262
262	2697
2697	2695
2695	431
2695	428
2695	426
431	266
2710	5518
2710	2712
2712	2493
2712	269
2493	268
268	434
268	432
272	446
272	443
272	271
271	2730
271	2713
2713	2711
2711	2716
2711	2714
2711	435
2716	2718
2718	2728
2718	2720
2720	440
2720	2722
2722	437
5519	5521
5521	5522
5521	5523
5521	1853
5521	1845
5521	5519
5519	367
5519	368
5519	438
5519	5520
5520	439
5520	449
5520	5522
5522	2740
5522	4653
5522	5523
5523	4651
5523	1853
4653	4655
4655	1856
1856	447
1856	278
278	277
1845	1850
281	287
281	4659
281	2511
2511	1857
2511	280
4659	1859
290	1860
290	289
1860	1865
1860	1862
1865	1868
295	1869
299	1871
299	2526
2526	4673
2526	2524
2524	1866
2524	298
298	1867
1871	1874
1874	1877
305	2541
2541	1885
2541	1882
2541	2538
2538	1878
2538	304
308	307
307	1889
2556	5092
2556	4697
2556	4695
2556	311
311	310
310	1892
4697	1894
1894	5090
1894	1897
1897	1900
1900	4703
4703	4705
4705	322
4705	323
2563	5524
2563	317
317	5525
317	316
316	5093
5093	5524
5093	5091
5091	320
326	4709
326	4706
326	325
4706	4707
4706	4704
4704	1901
4709	1903
329	328
5526	5529
5528	5533
5528	5534
5529	5534
5529	5535
5530	5535
5527	5536
5527	5532
5527	5533
5533	5537
5533	5538
5534	5538
5534	5539
5535	5539
5537	5540
5532	5537
5538	5541
5538	5542
5539	5542
5541	5543
5537	5541
5541	2592
5541	5542
5542	2596
5542	5539
5539	5535
5535	338
5535	341
5535	5530
5530	1918
5530	1915
5530	5529
5529	5526
5526	4731
5526	5527
5526	5528
5527	1912
5527	5531
5531	1909
5531	1904
5531	5536
5536	1905
5536	5540
5540	5543
5543	331
5543	332
5543	335
5543	2592
344	343
5545	5548
5545	5549
5545	5550
5546	5550
5544	5548
5549	5551
5549	5552
5550	5552
5550	4750
5550	1948
5550	1945
5550	5546
5546	1942
5546	1937
5546	5544
5546	5545
5544	1921
5544	5547
5547	4735
5547	5548
5548	1916
5548	5551
5551	1917
5551	5552
5552	347
5552	4750
347	346
1921	1924
1924	1932
1924	1927
350	4752
350	349
4752	1949
356	1947
356	355
1947	362
1947	1946
365	1943
365	364
364	1944
371	436
371	370
436	2723
2723	461
2723	5554
2723	2721
2721	2719
2719	5553
2719	2764
2719	2717
2717	2715
2715	2762
2715	433
433	452
433	430
430	429
2764	455
455	458
458	5554
458	461
374	373
379	2790
379	2788
379	376
376	5555
376	463
463	5556
463	462
462	467
467	470
470	2786
2786	5555
2786	2788
2790	473
473	476
382	381
385	477
385	478
385	384
477	482
388	5557
388	2640
2640	486
2640	387
486	394
394	391
397	491
397	396
396	488
396	484
484	483
491	494
403	2653
2653	495
2653	402
409	509
409	506
409	408
408	503
408	493
493	492
492	497
497	500
509	512
512	515
515	417
515	518
518	521
521	418
415	5558
415	2676
2676	2673
2673	414
421	420
5559	5564
5560	5564
5563	5565
5564	5565
5564	5566
5564	2887
5564	5560
5560	549
5560	546
5560	543
5560	540
5560	5559
5559	534
5559	529
5559	5562
5559	5563
5562	5561
5562	424
5562	5565
5565	427
5565	5566
5566	451
5566	2887
424	423
423	520
520	519
519	526
526	529
534	537
2748	2729
2748	2731
2748	442
2729	441
2741	2751
2741	444
2741	445
454	2765
2765	2889
2765	2763
2763	453
457	456
456	5567
456	548
548	547
547	552
552	555
555	558
460	561
460	559
460	459
5569	5572
5568	5573
5568	5571
5568	5572
5572	5575
5571	5576
5571	5574
5571	5575
5575	468
5575	469
5575	573
5575	5572
5572	2914
5572	5569
5569	570
5569	2911
5569	5568
5568	2909
5568	5570
5570	567
5570	564
5570	5573
5573	5576
5576	2905
5576	2903
5576	5574
5574	468
468	562
5578	5580
5578	5581
5579	5581
5579	582
5579	579
5579	576
5579	5578
5578	574
5578	5577
5577	471
5577	2787
5577	5580
5580	2789
5580	2791
5580	5581
5581	472
5581	585
5581	582
585	588
475	474
474	591
474	589
591	594
594	487
594	498
594	597
597	499
490	489
5582	5584
5584	5586
5584	5587
5583	5586
5586	5588
5586	5589
5587	5589
5587	5590
5589	5591
5589	619
5589	5590
5590	2952
5590	5587
5587	2950
5587	616
5587	5584
5584	611
5584	5582
5582	608
5582	605
5582	2944
5582	5583
5583	5585
5585	602
5585	5588
5588	598
5588	501
5588	5591
5591	502
5591	622
5591	619
505	504
5594	5595
5594	631
5594	628
5594	5592
5594	620
5594	5593
5593	621
5593	507
5593	508
5593	5595
5595	637
5595	634
5595	631
620	625
625	628
511	510
514	2960
514	2958
514	513
513	636
636	635
2960	640
658	525
517	5596
517	516
516	646
516	644
646	649
649	652
652	655
655	525
2988	527
2988	528
656	661
533	5597
533	530
530	2995
530	2989
2989	661
2989	657
2995	2998
2998	673
2998	664
664	670
664	667
673	676
679	536
536	535
539	538
675	674
542	3032
542	541
541	3030
541	674
541	678
3032	3034
3034	554
3034	682
545	544
685	688
557	2904
557	5598
557	5599
557	556
556	688
556	683
688	3038
3038	5598
3038	691
691	2906
691	563
2906	2904
5600	5602
5602	5603
5602	5604
5602	566
5602	706
5602	5600
5600	703
5600	700
5600	5601
5601	697
5601	5603
5603	694
5603	692
5603	5604
5604	565
5604	566
569	2912
2912	715
2912	712
2912	709
2912	2910
2910	707
2910	568
715	718
572	5605
572	2916
2916	571
571	3058
571	722
3058	575
578	3059
578	577
3059	724
3059	719
3059	720
581	580
580	728
728	736
728	730
730	733
584	2947
584	583
583	604
583	740
2947	593
2947	603
587	586
596	595
607	3084
607	738
607	606
738	737
3084	763
3084	742
742	750
742	745
750	758
750	755
610	609
776	3104
615	3112
615	3110
615	3108
615	612
612	3106
612	767
767	3104
767	764
764	773
3112	779
779	782
5607	5608
5607	3120
5607	791
5607	3118
5607	786
5607	5606
5606	617
5606	2951
5606	5608
5608	2953
5608	624
5608	3120
624	618
3118	788
3122	3121
3122	627
627	626
5609	5611
5611	5612
5611	3130
5611	3128
5611	3126
5611	5609
5609	797
5609	794
5609	789
5609	790
5609	5610
5610	3123
5610	5612
5612	629
5612	3132
5612	3130
3132	630
3128	800
5614	5619
5615	5619
5616	5619
5616	5620
5617	5620
5617	5621
5619	5622
5620	5622
5621	5622
5621	2959
5621	2961
5621	639
5621	806
5621	5617
5617	3137
5617	5616
5616	803
5616	5613
5616	5615
5615	5614
5614	3131
5614	3133
5614	632
5614	5618
5618	633
5618	5622
5622	2959
3131	801
801	803
642	641
641	821
641	818
641	807
807	809
809	815
809	812
821	824
648	647
651	3173
651	3171
651	650
650	823
823	822
3173	827
654	831
654	653
831	833
3197	5623
3197	5624
3197	663
663	3000
3000	3181
3000	2997
2997	834
2997	662
3181	836
836	5623
836	839
839	842
842	848
842	845
666	3198
666	665
3198	851
3198	849
3219	862
3219	668
3219	669
668	855
855	859
681	3035
5625	5627
5627	5628
5627	3229
5627	3227
5627	3225
5627	5625
5625	871
5625	3220
5625	5626
5626	671
5626	672
5626	3031
5626	5628
5628	3033
5628	3035
5628	3231
5628	3229
3231	684
3220	866
866	868
5629	5631
5629	4637
5629	695
5629	3239
5629	3237
5629	3235
5629	5630
5630	3228
5630	3230
5630	3232
5630	5631
5631	687
5631	4637
687	686
3228	3233
3228	3226
3226	872
3239	696
690	3039
3039	4638
3039	689
5632	5636
5633	5638
5634	5638
5634	5639
5635	5639
5635	5640
5636	5640
5639	5641
5639	3238
5639	5640
5640	3240
5640	698
5640	5636
5636	699
5636	5632
5632	880
5632	3255
5632	5634
5632	5635
5634	3251
5634	5633
5633	877
5633	874
5633	869
5633	5637
5637	870
5637	3234
5637	5641
5637	5638
5641	3236
5641	3238
702	881
702	701
889	708
705	886
705	704
704	884
892	895
5642	5643
5642	904
5642	901
5642	898
5642	5644
5644	895
5644	890
5644	710
5644	5643
5643	907
5643	904
907	711
714	713
5646	5649
5646	5650
5647	5650
5645	5649
5650	5651
5650	916
5650	913
5650	3286
5650	5647
5647	910
5647	3283
5647	5646
5646	3281
5646	5645
5645	905
5645	5648
5648	906
5648	716
5648	717
5648	5649
5649	5651
5651	723
5651	922
5651	919
5651	916
726	925
726	923
726	725
732	5652
732	731
731	926
926	918
918	917
917	928
928	931
931	934
3085	935
3085	734
3085	735
744	743
743	933
933	932
932	937
3340	943
3340	3334
3340	3342
3342	3331
3342	3344
3344	941
3344	3346
3346	746
3346	749
943	949
943	946
5654	5657
5654	5656
5654	955
5654	3350
5654	5655
5655	5653
5655	3341
5655	3343
5655	5657
5657	3345
5657	3358
5657	5656
5656	958
5656	955
3358	3347
3358	961
961	751
961	754
3341	953
953	3348
3348	3350
757	756
762	960
762	759
960	3361
3361	3368
3361	959
959	964
774	3369
5658	5660
5658	973
5658	970
5658	967
5658	965
5658	5659
5659	3369
5659	3378
5659	3376
5659	5660
5660	3374
5660	3372
5660	973
3372	976
3378	775
778	3113
5661	5664
5662	5664
5664	5665
5666	5669
5668	5670
5669	5670
5669	3113
5669	3405
5669	3403
5669	5666
5666	3401
5666	3395
5666	5668
5668	3392
5668	5667
5667	3389
5667	3109
5667	3111
5667	5670
5670	3113
3109	5665
3109	3107
3107	5663
3107	3105
3105	3379
3105	777
3379	5661
3379	3377
3377	3375
3375	5662
3375	977
977	3383
977	982
977	979
3383	5664
3383	3386
3386	5665
3386	3389
3395	991
3395	985
985	988
3405	994
995	3407
781	1003
781	780
780	3407
3407	1000
3407	997
3119	793
3119	1009
3119	1007
3119	783
3119	784
796	795
795	1015
795	1012
795	1010
1015	1018
799	5671
799	3129
3129	3449
3129	3447
3129	3127
3127	798
798	1022
3449	1024
1024	3451
3451	802
3451	1027
1027	1030
805	3139
3139	1033
3139	1031
3139	804
811	810
814	1039
814	1032
814	813
1032	3460
1032	1029
1029	1028
1028	1036
3494	5672
3494	1054
3494	3496
3496	1051
3496	1048
3496	3498
3498	3500
3500	1045
3500	3502
3502	1043
3502	3504
3504	816
3504	817
1054	1057
1057	1060
1063	3508
826	3174
5675	5684
5675	5685
5676	5685
5676	5686
5677	5686
5677	5687
5678	5687
5678	5688
5679	5688
5679	5689
5680	5689
5680	5690
5681	5690
5681	5691
5682	5691
5686	5692
5686	5693
5687	5693
5687	5694
5688	5694
5688	5695
5689	5695
5690	5695
5690	5696
5691	5696
5691	3514
5691	3512
5691	3510
5691	5683
5691	5682
5682	3497
5682	3499
5682	5681
5681	3501
5681	5680
5680	3503
5680	5679
5679	3505
5679	5678
5678	5677
5677	819
5677	5676
5676	820
5676	5675
5675	3172
5675	5674
5674	5673
5674	5684
5684	3522
5684	3520
5684	5692
5684	5685
5692	3518
5692	1069
5692	5693
5693	3516
5693	5694
5694	5695
5695	1066
5695	5696
5696	3514
3522	3524
3524	3174
3524	1072
3174	3172
3497	3495
3495	3508
3495	1061
3508	3510
1073	1075
829	828
828	1075
1075	5697
1075	5699
1075	3528
3528	5698
3528	1078
1078	3530
1078	1081
3530	3532
3532	5697
3532	835
835	3184
3184	832
5697	5699
5700	5704
5701	5704
5701	5705
5702	5705
5702	5706
5703	5708
5704	5708
5704	5709
5705	5709
5705	5710
5706	5710
5706	3533
5706	837
5706	838
5706	5702
5702	3543
5702	5701
5701	5700
5700	1090
5700	1087
5700	5703
5703	3538
5703	5707
5707	3536
5707	1084
5707	5708
5708	1082
5708	5709
5709	5710
5710	3531
5710	3533
3547	5711
3547	841
841	3545
841	840
3545	1091
844	3548
844	843
3548	3555
3548	1089
1089	3553
1089	1096
1089	1088
1088	3551
1088	3549
3549	1093
847	1108
847	3560
847	846
846	1100
1100	1105
1100	1102
853	1114
853	852
852	1111
852	1109
861	860
1129	3602
5712	5714
5714	5715
5714	5716
5714	3606
5714	3604
5714	5712
5712	3602
5712	3598
5712	3596
5712	5713
5713	3594
5713	5715
5715	1123
5715	1120
5715	5716
5716	3584
5716	5717
5716	3608
5716	3606
3608	1132
1132	3584
1132	3610
3610	3581
3610	1135
1135	873
873	867
867	864
864	1117
864	1112
864	1113
864	863
3598	1126
876	875
5718	5720
5718	5721
5719	5723
5720	5723
5720	5724
5721	5724
5721	5725
5721	894
5721	3618
5721	5718
5718	3616
5718	3614
5718	5719
5719	3612
5719	1133
5719	5722
5722	3611
5722	3254
5722	5723
5723	3258
5723	5724
5724	879
5724	5725
5725	882
5725	893
5725	894
893	885
3254	1134
3254	878
887	891
5726	5728
5726	5729
5726	3617
5726	3620
5726	1138
5726	5727
5727	1130
5727	3603
5727	5728
5728	3605
5728	5729
5729	3607
5729	3615
5729	3617
3615	3613
3613	3609
3613	1131
3620	3619
3620	897
897	896
3622	3621
3622	900
900	899
1127	1141
1144	3624
5730	5732
5730	5733
5730	1137
5730	3623
5730	5731
5731	902
5731	3282
5731	3284
5731	5732
5732	1147
5732	3624
5732	5733
5733	1141
5733	1128
5733	1137
1147	909
3282	903
912	3288
3288	930
3288	936
3288	5734
3288	911
911	1148
1148	1150
1150	936
915	914
921	920
3336	1151
3336	3333
3333	938
3333	939
1151	1162
1151	1153
1153	1159
1153	1156
945	944
944	1163
3656	1174
3656	1171
3656	1168
3656	948
948	1166
948	947
3351	1186
3351	1183
3351	5735
3351	3349
3349	5736
3349	951
951	950
950	3657
3657	1180
3657	1178
1180	5735
1180	1183
957	956
956	3668
956	1189
956	1187
3668	966
3672	3670
3672	5737
3672	3674
3674	3669
3674	969
969	968
3669	1190
1190	1192
1192	3670
5738	5740
5738	3680
5738	3678
5738	3673
5738	3675
5738	5739
5739	971
5739	972
5739	3684
5739	5740
5740	1204
5740	3682
5740	3680
3682	1201
3673	1196
1196	1198
975	5741
975	3373
3373	3685
3373	974
3685	1205
1205	978
980	1203
986	4630
4630	5743
4630	4633
4633	5742
4633	1203
4633	981
1203	1202
1202	1207
1207	5743
1207	5744
1207	1210
1210	987
987	5743
4635	5745
4635	5747
4635	4632
4632	984
984	3397
3397	3394
3394	5746
3394	3391
3391	3388
3388	5745
3388	3385
3385	983
5745	5747
3690	3688
3690	990
990	1211
990	989
1219	996
3408	5750
3408	3406
3408	993
3406	3404
3404	5749
3404	3402
3402	5748
3402	3691
3402	992
3691	1214
1214	1216
1216	996
996	5749
996	5750
3696	5751
3696	998
3696	999
998	1220
1220	3694
3694	1222
1222	1225
1002	5752
1002	1001
1001	1231
1001	3698
1001	3697
3697	1228
3697	1226
1231	1014
1014	1013
1005	1004
1004	1011
1017	1232
1017	1016
1232	3700
3700	5753
3700	1234
1234	1237
1237	3706
3706	3708
3708	1246
3708	1243
3708	1240
3450	3724
3450	5754
3450	3448
3448	1247
3448	1020
1020	1019
1247	1249
1249	3724
1026	3452
3452	1261
3452	5757
3452	1025
1025	3725
3725	5756
3725	5755
3725	1250
1250	1252
1252	3736
1252	3730
3730	3732
3732	1258
3732	1255
3736	3738
3738	5756
3738	5757
3738	1261
5758	5764
5759	5764
5759	5765
5760	5765
5760	5766
5761	5766
5761	5767
5762	5769
5763	5769
5763	5770
5764	5770
5765	5770
5765	5771
5766	5771
5766	5772
5767	5772
5769	5773
5769	5774
5770	5774
5771	5774
5771	5775
5772	5775
5774	5776
5775	5776
5775	1047
5775	5772
5772	1276
5772	5767
5767	1273
5767	5761
5761	3750
5761	1270
5761	5760
5760	5759
5759	1267
5759	5758
5758	1264
5758	1262
5758	5762
5758	5763
5762	1037
5762	5768
5768	3462
5768	5773
5773	1038
5773	5776
5776	1046
5776	1047
1041	1040
1050	1049
5777	5779
5777	5780
5779	5781
5779	5782
5780	5782
5780	5783
5782	5784
5782	5785
5782	5786
5783	5786
5784	5788
5785	5788
5786	5788
5788	5789
5788	3783
5788	1291
5788	3780
5788	5786
5786	3778
5786	5783
5783	3776
5783	5780
5780	1288
5780	3772
5780	5777
5777	3769
5777	3764
5777	5778
5778	3761
5778	1279
5778	5781
5781	5784
5784	1274
5784	5787
5787	1275
5787	5789
5789	1052
5789	1053
5789	3783
3764	1285
3764	1282
1056	5790
1056	3785
1056	1055
3785	1292
1292	3787
3787	3552
3787	1095
3552	1094
1059	1058
1062	5791
1062	1058
1058	1092
1092	5792
1092	3550
3550	5793
3550	3539
3550	1086
3539	3537
3537	4605
3537	1827
3537	1085
4605	5792
4605	1830
1830	5791
4609	1833
4609	5796
4609	4611
4611	5795
4611	4613
4613	3513
4613	4615
4615	3515
4615	1065
3513	3511
3511	5794
3511	3509
3509	1064
1064	1831
1831	4607
4607	5796
4607	1833
5796	5795
5798	5807
5798	5808
5799	5808
5800	5808
5800	5809
5801	5809
5802	5809
5802	5810
5803	5810
5803	5811
5804	5811
5806	5812
5807	5812
5797	5807
5808	5813
5809	5813
5810	5813
5811	5813
5812	5813
5807	5813
5812	5811
5811	1837
5811	5804
5804	4610
5804	5803
5803	4612
5803	5802
5802	4614
5802	4616
5802	5801
5801	1067
5801	5800
5800	3517
5800	5799
5799	1068
5799	5798
5798	4625
5798	4623
5798	5797
5797	4621
5797	5806
5806	4619
5806	5805
5805	1839
5805	1837
1071	5814
1071	3525
3525	3523
3523	5815
3523	3521
3521	4624
3521	4626
3521	3519
3519	1070
4624	4622
4622	5816
4622	4620
4620	1842
4620	1840
1842	4627
4627	1074
1074	5814
5814	5815
1077	3529
3529	4628
3529	1076
1080	5818
1080	5819
1080	1079
1079	1841
1841	1838
1838	5818
1838	1835
1835	5817
1835	1834
1834	1826
1826	1083
1083	5818
1294	3791
1098	3556
3556	1297
3556	3793
3556	3554
3554	5822
3554	1097
1097	5821
1097	3788
3788	5820
3788	3781
3788	1290
3781	3779
3779	3791
3779	3777
3777	1289
3791	5821
3791	3793
3793	5822
3799	1300
3799	1298
3799	1104
1104	1103
5823	5825
5823	5826
5825	5827
5825	5828
5825	5829
5826	5829
5826	5830
5828	5831
5828	5832
5828	5833
5829	5833
5829	5834
5830	5834
5832	5835
5832	5836
5833	5836
5833	5837
5834	5837
5834	1116
5834	1121
5834	5830
5830	1122
5830	5826
5826	5823
5823	1315
5823	1309
5823	3803
5823	5824
5824	1306
5824	5827
5827	1304
5827	5831
5831	3800
5831	5835
5835	1106
5835	5836
5836	3562
5836	5837
5837	1107
5837	1110
5837	1116
1309	1312
1119	5838
1119	3586
3586	5839
3586	3583
3583	5838
3583	1118
1140	1125
1125	5840
1125	3599
3599	5841
3599	3597
3597	5842
3597	3595
3595	1316
3595	1124
1316	1318
1318	5841
1318	1321
1321	5840
1321	1324
1142	1325
1323	1322
1146	5843
1146	3625
3625	5844
3625	1145
1145	1322
1322	1152
1152	5843
1152	1149
1155	5845
1155	1154
1154	1320
1320	1319
1319	1327
1327	1330
1330	1336
1330	1333
1158	1157
5847	5849
5847	5850
5847	5851
5848	5851
5848	1161
5848	1164
5848	1167
5848	3848
5848	5847
5847	5846
5846	1361
5846	1356
5846	5849
5849	1353
5849	1350
5849	5852
5849	5850
5850	5851
5851	1334
5851	1335
5851	1160
5851	1161
1334	1339
1339	1347
1339	1344
1347	1350
1170	3850
1170	1169
3850	1362
3862	1365
3862	1172
3862	1173
1391	1394
5854	5857
5855	5857
5855	5858
5855	5859
5858	5860
5858	5861
5859	5861
5859	1179
5859	1397
5859	1388
5859	1385
5859	5855
5855	5854
5854	5853
5854	5856
5856	1370
5856	1368
5856	5857
5857	3863
5857	5860
5860	1175
5860	1176
5860	5861
5861	1179
1370	1376
1370	1373
1376	1379
1379	1382
1382	1385
1388	1394
1182	1181
1185	1184
1184	1191
1184	3913
1184	1396
1396	1395
3913	1400
1194	3921
1194	3918
1194	3671
3671	1401
3671	1193
3921	3924
3924	3940
3924	3927
3927	1415
3927	5862
3927	1403
1403	1406
1406	3935
1406	1409
3935	1412
1412	1415
5864	5866
5864	5867
5864	5868
5863	5866
5866	5869
5866	5870
5867	5870
5867	5871
5868	5871
5868	5872
5870	5873
5870	5874
5871	5874
5871	5875
5872	5875
5872	3944
5872	1416
5872	5868
5868	3942
5868	5864
5864	1199
5864	3679
5864	5863
5863	3681
5863	5865
5865	3683
5865	5869
5869	1200
5869	1206
5869	5873
5873	3948
5873	5874
5874	3946
5874	5875
5875	3944
3689	5880
3689	5878
3689	5877
3689	1209
1209	3949
1209	1208
3949	5878
3949	3947
3947	5879
3947	5876
3947	3945
3945	1413
3945	1414
1413	3950
3950	5879
3950	3952
3952	5880
3952	1215
1215	1212
5880	5878
1217	3953
3695	3953
3695	1218
3953	1410
3953	3951
3951	3936
3951	1411
1224	1223
1223	1421
1223	1408
1408	1418
1408	1407
1421	1424
3701	3699
3701	1230
3699	1229
1229	1425
1236	1235
3976	1423
3976	1235
3976	1433
1423	1427
1423	1422
1434	1436
1239	5882
1239	5884
1239	3709
3709	5883
3709	3707
3707	3985
3707	1436
3707	1238
3985	5882
3985	5881
3985	1439
1439	1445
1439	1442
1445	3996
3996	1448
1448	5882
1448	1451
5882	5884
1454	1457
1242	1241
1457	1241
1458	1251
1245	1244
1244	1251
4555	5885
4555	5886
4555	1254
1254	3733
3733	1455
3733	3731
3731	1456
3731	1253
1455	1352
1352	5885
1352	1351
1351	1804
5888	5891
5889	5891
5889	5892
5889	3763
5889	3766
5889	5887
5889	5888
5888	1805
5888	4558
5888	1256
5888	5890
5890	1257
5890	1824
5890	1268
5890	1269
5890	5891
5891	5892
5892	1280
5892	3763
1805	1810
1805	1807
1810	1281
1281	3766
1260	5893
1260	3739
3739	3737
3737	1259
1259	1825
1825	1263
1266	1265
1272	3751
3751	1271
1284	1283
1287	3774
5894	5897
5894	5898
5895	5898
5895	5899
5895	1305
5895	4575
5895	5894
5894	1818
5894	5896
5896	1815
5896	1808
5896	1809
5896	5897
5897	1286
5897	3771
5897	5898
5898	3774
5898	5899
5899	5900
5899	1302
5899	1305
1302	1301
1301	1293
1293	3774
1296	3794
3794	5901
3794	3792
3792	1295
1295	1299
4577	4576
4577	3804
4577	1308
3804	1307
1311	1310
1310	4578
4578	5902
4578	1817
1817	1821
1817	1816
1821	1340
1821	1343
1340	1329
1329	1328
1314	1313
1313	1326
1332	1331
1346	1345
1349	1806
1349	1814
1349	1348
1348	1820
1450	1449
4017	1453
4017	1354
4017	1355
5903	5908
5904	5908
5904	5909
5905	5909
5905	5910
5905	5911
5906	5911
5906	5912
5907	5914
5908	5914
5908	5915
5909	5915
5909	5916
5910	5916
5910	5917
5911	5917
5914	5918
5914	5919
5915	5919
5915	5916
5916	4019
5916	5917
5917	1357
5917	5912
5917	5911
5912	1360
5912	1363
5912	1366
5912	5906
5906	1369
5906	5905
5905	5904
5904	4032
5904	5903
5903	1463
5903	5907
5907	1460
5907	4022
5907	5913
5913	1446
5913	5918
5918	3998
5918	5919
5919	1447
5919	4019
1372	4033
1372	1371
1374	1462
1375	5920
1375	1462
1462	5921
1462	1461
1461	1466
1466	4040
4040	4042
4042	5920
4042	1469
1469	1472
1378	1377
5923	5924
5924	5926
5924	1493
5924	5923
5923	4069
5923	5922
5922	1490
5922	1487
5922	4062
5922	5924
5924	5925
5925	4044
5925	1470
5925	1471
5925	5926
5926	1380
5926	1381
5926	1493
4044	4046
4046	4060
4046	4048
4048	1484
4048	1475
1475	1481
1475	1478
1384	1383
5927	5929
5927	5930
5929	5932
5930	5932
5930	5933
5933	5934
5933	5935
5933	1505
5933	5930
5930	1502
5930	5927
5927	1499
5927	1496
5927	5928
5928	1491
5928	4071
5928	5931
5928	5929
5931	1492
5931	1386
5931	5932
5932	5934
5934	1387
5934	1514
5934	1511
5934	5935
5935	1508
5935	1505
1389	1515
3915	1512
3915	1513
3915	1393
1393	1392
1512	5936
1512	1517
1517	1520
1520	3920
1520	3923
1520	4098
4098	3926
4098	3929
4098	1523
1523	1402
1523	1526
3920	1399
1405	1538
1405	1535
1405	1404
1404	1532
1404	1527
1527	1529
1420	1539
1420	1419
1429	4158
1429	4156
1429	1428
1428	1537
1537	4154
1537	4152
1537	1536
1536	4150
1536	4148
1536	1541
1541	4146
1541	1544
1544	4144
1544	1547
1547	4142
1547	4140
1547	5937
1547	1552
1552	1555
1555	1558
1558	4138
4138	4140
4158	1561
1432	5938
1432	3977
3977	1565
3977	1431
1565	4163
4163	4166
4166	4549
4166	1567
1567	1440
1567	1570
1570	1573
1573	1441
4549	1435
4551	3987
4551	1438
1579	1465
4024	1465
4024	1576
4024	1574
4024	1444
1444	1443
4049	4188
4049	4047
4047	4043
4047	4045
4045	1468
4043	1582
4043	4041
4041	4186
4041	4184
4041	1467
1467	1580
1477	1554
1477	1476
1476	1585
1476	4189
4189	1583
1480	5940
1480	1479
1479	1551
1551	5941
1551	1548
1548	4265
4265	4284
4265	4267
4267	4281
4267	1636
1636	1639
1639	4278
1639	1642
1642	1645
1645	1648
4284	4287
4287	5939
4287	1651
1651	4292
4292	5940
4292	1654
5940	5941
4303	1657
4303	4297
4303	1483
1483	1655
1483	1482
1486	1661
1486	4063
4063	4306
4063	4061
4061	1485
1489	1672
1489	1669
1489	1666
1489	1488
1488	1664
4335	1673
4335	1497
4335	1498
4345	5942
4345	4347
4347	1678
4347	5943
4347	4349
4349	1500
4349	1501
1500	4336
4336	1676
1676	1678
1678	1681
1681	1684
1684	1687
5945	5947
5945	5948
5944	5948
5944	4353
5944	1688
5944	4346
5944	5945
5945	4348
5945	4350
5945	5946
5946	1503
5946	1504
5946	4365
5946	5947
5947	4363
5947	5948
5948	5949
5948	1690
5948	4353
1690	1693
1693	4363
1507	5950
1507	4366
1507	1506
4366	4364
4364	5951
4364	1694
1694	1696
1696	1519
1696	1699
1519	1518
1518	5950
1510	1509
1522	1705
1522	4100
4100	1702
4100	1700
4100	1521
1525	1711
1525	1709
1525	1524
1711	1714
1531	1715
1531	1530
1534	1718
1534	1533
1543	1542
1542	1716
1716	1713
4268	4399
4268	5952
4268	4266
4266	1545
4266	1546
1545	5953
1545	1710
1710	1707
1707	1720
1707	1706
1720	4397
4397	5952
4397	4399
1557	1556
5955	5956
5955	5957
5957	5958
5957	4194
5957	4192
5957	5955
5955	1588
5955	1586
5955	5954
5954	1556
5954	1600
5954	1597
5954	5956
5956	4196
5956	5958
5958	1594
5958	4194
4194	1591
1601	4200
5959	5962
5960	5965
5961	5965
5961	5966
5962	5966
5963	5968
5964	5968
5964	5969
5965	5969
5965	5970
5966	5970
5967	5972
5968	5972
5968	5973
5969	5973
5969	5974
5970	5974
5972	5975
5972	5976
5973	5976
5973	5977
5974	5977
5976	5979
5976	5980
5977	5980
5979	5981
5975	5979
5979	4212
5979	5980
5980	4210
5980	1606
5980	5977
5977	4208
5977	5974
5974	1603
5974	5970
5970	4206
5970	5966
5966	4204
5966	5962
5962	4202
5962	5959
5959	4200
5959	4139
5959	4141
5959	4143
5959	5961
5961	5960
5960	4145
5960	4147
5960	5964
5964	5963
5963	4149
5963	5967
5967	4151
5967	5971
5971	4153
5971	5978
5971	5975
5978	4155
5978	4157
5978	5981
5981	4159
5981	4216
5981	4214
5981	4212
4216	1560
4216	1609
4139	1559
4168	4224
4168	5982
4168	4220
4168	4165
4165	1612
4165	1610
4165	1563
1563	1562
4220	1615
1615	4222
1615	1618
4222	4224
5984	5985
5984	5986
5985	5989
5986	5989
5986	5990
5987	5990
5987	5991
5989	5992
5989	5993
5990	5993
5991	5993
5991	1568
5991	1569
5991	4253
5991	5987
5987	1633
5987	5984
5987	5986
5984	1589
5984	5983
5983	4193
5983	4195
5983	5985
5985	1590
5985	5988
5988	1619
5988	5992
5992	4223
5992	5993
5993	4225
5993	1568
1572	4255
1572	1571
4255	1634
1577	1632
4187	1587
4187	1632
4187	4185
4185	1578
1587	1584
5995	5996
5995	5997
5997	5998
5997	1616
5997	1617
5997	1592
5997	5995
5995	1593
5995	5994
5994	1630
5994	1627
5994	5996
5996	1624
5996	5998
5998	1621
5998	1616
4230	4197
4230	1596
4197	1595
6000	6001
6000	4231
6000	1598
6000	4201
6000	5999
5999	4203
5999	4205
5999	4236
5999	4234
5999	6001
6001	4232
6001	1629
6001	4231
1629	1628
4236	4238
4238	4207
4238	1602
4201	1599
6002	6007
6003	6007
6003	6008
6004	6008
6004	6009
6005	6011
6006	6011
6006	6012
6007	6012
6007	6013
6008	6013
6009	6013
6009	6014
6011	6015
6012	6015
6012	6016
6013	6016
6014	6016
6014	6017
6016	6018
6017	6018
6017	4242
6017	4240
6017	1625
6017	6014
6014	1626
6014	6009
6009	4233
6009	6004
6004	4235
6004	4237
6004	6003
6003	4239
6003	6002
6002	1604
6002	6005
6002	6006
6005	4209
6005	1605
6005	6010
6010	4246
6010	6015
6015	4244
6015	6018
6018	4242
6019	6022
6020	6022
6020	4215
6020	4217
6020	1608
6020	1611
6020	6019
6019	4248
6019	6021
6021	1622
6021	4241
6021	4243
6021	6022
6022	4245
6022	4213
6022	4215
4213	4247
4213	4211
4211	1607
4241	1623
1614	4221
4221	4249
4221	1613
4404	6023
4404	1637
4404	1638
1637	4400
4400	6024
4400	4398
4398	1721
1721	4401
4401	6023
4401	1723
1641	4414
1641	6025
1641	1640
1640	6026
1640	4406
4406	6027
4406	1724
1724	1726
1726	1729
1729	4408
4408	4410
4410	6026
4410	4412
4412	6025
4412	4414
6029	6031
6029	6032
6030	6032
6031	6034
6032	6034
6034	6035
6034	4445
6034	4443
6034	6032
6032	6030
6030	4441
6030	4435
6030	4433
6030	6029
6029	6028
6028	4431
6028	4423
6028	1733
6028	6031
6031	6033
6033	1643
6033	6035
6035	1644
6035	4445
4423	1735
4435	4439
4435	4437
4437	1738
1646	4446
6036	6040
6037	6040
6037	6041
6038	6045
6039	6045
6039	6046
6040	6046
6040	6047
6041	6047
6044	6048
6045	6048
6045	6049
6046	6049
6046	6050
6047	6050
6047	1653
6047	4299
6047	6042
6047	6041
6041	6037
6037	1741
6037	1739
6037	6036
6036	4440
6036	4442
6036	6038
6036	6039
6038	4444
6038	6043
6038	6044
6043	4446
6043	1647
6043	1652
6043	6048
6048	4294
6048	6049
6049	6050
6050	1653
1741	1744
1744	1656
1656	4299
1650	6052
1650	4289
4289	4286
4286	6051
4286	4283
4283	4280
4280	1649
1649	6052
1659	1665
1659	1745
1659	1658
4453	1743
4453	1667
4453	1668
6053	6055
6053	6056
6053	6057
6053	6058
6053	6059
6053	6054
6055	6061
6055	6062
6057	6063
6057	6064
6058	6064
6058	6065
6058	6066
6059	6066
6059	6067
6059	6068
6054	6068
6054	6060
6054	6061
6065	6069
6065	6070
6065	6071
6066	6071
6066	6072
6067	6072
6067	1677
6067	6068
6068	1750
6068	6060
6060	1747
6060	6061
6061	1736
6061	6062
6062	4432
6062	4434
6062	6056
6062	6055
6056	4436
6056	6063
6063	4438
6063	1737
6063	6064
6064	6069
6069	1740
6069	6070
6070	4454
6070	6071
6071	1670
6071	1671
6071	6072
6072	1674
6072	1677
1680	1679
1683	4475
1683	1682
1682	4473
1682	1749
1749	1748
6073	6075
6073	4479
6073	1759
6073	1686
6073	4356
6073	6074
6074	1689
6074	4483
6074	6075
6075	4481
6075	1762
6075	4479
1762	1765
1686	1756
1686	1685
1685	1754
6076	6080
6077	6080
6079	6082
6079	6083
6080	6083
6081	6083
6083	6085
6084	6085
6081	6084
6084	1774
6084	4489
6084	4487
6084	6081
6081	1768
6081	6080
6080	1766
6080	6077
6077	4482
6077	6076
6076	4484
6076	1691
6076	1692
6076	6078
6076	6079
6078	1695
6078	6082
6082	4494
6082	6085
6085	1774
4489	1771
1698	4496
1698	1697
4496	1775
1704	6086
1704	1703
1703	1773
1773	1772
1772	4498
4498	4402
4498	4500
4500	1722
4500	1725
4402	1719
6088	6090
6089	6090
6089	4501
6089	1727
6089	1728
6089	1783
6089	1780
6089	6088
6088	4502
6088	6087
6087	1777
6087	4488
6087	4490
6087	6090
6090	1770
6090	4499
6090	4501
4488	1769
6091	6093
6091	6094
6098	6101
6099	6101
6101	6102
6101	4411
6101	4413
6101	6099
6099	4415
6099	2188
6099	6098
6098	6097
6098	4510
6098	6100
6100	4508
6100	6102
6102	4506
6102	4409
6102	4411
4409	1730
1730	1784
4510	4512
4512	1786
1786	5146
1786	4514
4514	5144
4514	1789
1789	6092
1789	4516
4516	6091
4516	4518
4518	6094
4518	6096
4518	4520
4520	1755
1755	4476
1755	1752
4476	4474
4474	6094
4474	1746
1746	6093
1746	6095
1746	1734
1734	5140
1734	4427
4427	5138
4427	1731
1731	4415
4415	2188
5140	5142
5142	6093
5142	6092
5142	5144
5146	2188
6103	6105
6103	4526
6103	4524
6103	4519
6103	6104
6104	4521
6104	1757
6104	1758
6104	6105
6105	4530
6105	4526
4526	4528
4528	1795
4528	1792
4519	4517
4517	4522
4517	1790
1761	4480
4480	4531
4480	1760
6106	6109
6106	6108
6108	6110
6110	1767
6110	1776
6110	6111
6110	6108
6108	1798
6108	6106
6106	1793
6106	1794
6106	6107
6107	1763
6107	6109
6109	1764
6109	1767
1798	1801
1801	1776
4534	4503
4534	1779
4503	1778
6113	6115
6113	6116
6114	6116
6114	4509
6114	4511
6114	4540
6114	6113
6113	4538
6113	6112
6112	4536
6112	1800
6112	4535
6112	6115
6115	1781
6115	6116
6116	1782
6116	4507
6116	4509
1800	1799
4540	4542
4542	4513
4542	1785
6118	6121
6118	6122
6118	6123
6119	6123
6117	6121
6121	6125
6121	6126
6122	6126
6122	6127
6123	6127
6123	6128
6120	6125
6125	6129
6125	6130
6126	6130
6126	6131
6127	6131
6127	6128
6128	4543
6128	1787
6128	4515
6128	6123
6123	6119
6119	1788
6119	4523
6119	6118
6118	4525
6118	6117
6117	4527
6117	6120
6120	4529
6120	1791
6120	6124
6124	1797
6124	6129
6129	4537
6129	6130
6130	4539
6130	6131
6131	4541
6131	4543
4608	4606
4608	1829
4606	1828
1849	1968
1849	1846
1846	1965
1846	1962
1846	1959
1846	1941
1941	1956
1941	1953
1941	1938
1852	1976
1852	1972
1852	1851
1976	1979
4660	1988
4660	6132
4660	4656
4660	1855
4656	4654
4654	1985
4654	4652
4652	1983
4652	1854
1985	1988
1988	1861
4674	1997
4674	6133
4674	1864
1864	1989
1864	1863
1989	1991
1991	1994
1994	1997
4796	2006
4796	4794
4796	6134
4796	1872
4796	1873
1872	1998
1998	4792
1998	2000
2000	2003
4792	4794
2006	2009
1876	6137
1876	6136
1876	1875
1875	4797
4797	2013
2013	4798
4798	6135
4798	2015
2015	4800
4800	6138
4800	4802
4802	1881
4802	2024
4802	2021
4802	2018
1881	6137
6137	6135
6137	6136
4826	2027
4826	2025
4826	1883
4826	1884
2027	2030
2030	2033
1887	6139
1887	1886
1886	4827
4827	6140
4827	2037
2037	4829
4829	6141
4829	4832
4832	4698
4832	1893
4698	4696
4696	6140
4696	6139
4696	1890
6142	6146
6143	6146
6143	6147
6145	6150
6146	6150
6146	6151
6147	6151
6144	6151
6144	6148
6150	6154
6150	6155
6151	6155
6152	6155
6148	6152
6153	6156
6152	6156
6156	1895
6156	1896
6156	6153
6153	2054
6153	4854
6153	6148
6153	6152
6148	2051
6148	6144
6144	2048
6144	6147
6147	6143
6143	4850
6143	6142
6142	2045
6142	2042
6142	6145
6145	2039
6145	2035
6145	6149
6149	4831
6149	6154
6154	4834
6154	1895
6154	6155
2035	2034
4710	6157
4710	4858
4710	4708
4708	2055
4708	1899
1899	1898
4858	2057
2057	1908
2057	2060
1908	1902
5088	2063
5088	2061
5088	1911
1911	1910
2063	2066
2066	1923
4736	5089
4736	4732
4736	1914
4732	1913
1926	1925
1925	2067
4897	4887
4897	2070
4897	1931
1931	1928
4887	2072
2072	2081
2072	2078
2072	2075
1936	4899
1936	4898
1936	1933
4898	2085
6159	6160
6159	6161
6159	4913
6159	4911
6159	6158
6158	4905
6158	4903
6158	4901
6158	2083
6158	6160
6160	4900
6160	6161
6161	1954
6161	4915
6161	4913
4915	1955
2083	2082
4905	4909
4905	4907
4907	2087
6162	6165
6162	6166
6163	6166
6163	6167
6165	6168
6165	6169
6166	6169
6166	6170
6167	6170
6167	6171
6168	6173
6169	6173
6169	6174
6170	6174
6170	6175
6171	6175
6174	6176
6174	6175
6175	1958
6175	4925
6175	6171
6171	4923
6171	6167
6167	4921
6167	4919
6167	6163
6163	2090
6163	6162
6162	4917
6162	6164
6164	2088
6164	4910
6164	6168
6168	4912
6168	6172
6172	4914
6172	4916
6172	6173
6173	6176
6176	1957
6176	1958
6177	6180
6178	6180
6178	2096
6178	2093
6178	4933
6178	4931
6178	6177
6177	4922
6177	4924
6177	6179
6179	4926
6179	1961
6179	4935
6179	6180
6180	2096
1961	1960
4922	4929
4922	4920
4920	4927
4920	2091
4937	4936
4937	1964
1964	1963
4945	6181
4945	1966
4945	1967
1966	4938
4938	2095
2095	2105
2095	2094
2094	2099
2099	2102
2105	2108
1970	1969
1969	4946
4946	2111
4946	2109
2111	2180
2111	2002
2002	2001
2001	2177
1978	1977
1977	1990
1977	2181
1990	1987
1981	1980
1993	1992
1992	2179
1996	1995
1995	2176
4953	2114
4953	2103
4953	6182
4953	4955
4955	2104
4955	4949
4955	4957
4957	6183
4957	4959
4959	4795
4959	2005
4795	4793
4793	2112
4793	2004
2112	4949
2104	2103
6184	6187
6185	6187
6185	6188
6187	6189
6187	6190
6188	6190
6188	4974
6188	4972
6188	4970
6188	6185
6185	4964
6185	2120
6185	6184
6184	2118
6184	6186
6186	4954
6186	4956
6186	6189
6189	4958
6189	6191
6189	6190
6190	4976
6190	4974
4976	4960
4976	2007
4976	2008
4960	4958
4964	2123
2123	2126
4799	6194
4799	6193
4799	4977
4799	2011
2011	2010
4977	4975
4975	4973
4973	6194
4973	6192
4973	4971
4971	2127
2127	4980
2127	2129
4980	6194
4980	2014
6195	6197
6197	6198
6197	4987
6197	2135
6197	6195
6195	2132
6195	2130
6195	4981
6195	6196
6196	2016
6196	4801
6196	6198
6198	4803
6198	2017
6198	4987
2020	2019
2019	6200
2019	4989
4989	6199
4989	2136
2136	4991
4991	2041
2041	6200
2041	2040
2040	2029
2029	2028
2023	2022
2032	2031
2044	4992
2044	2043
4992	6201
4992	4993
4992	2134
2134	2138
2134	2133
4993	4995
4995	4997
4995	2141
4997	2144
2047	4851
4851	2145
4851	2046
6202	6203
6202	6204
6204	6208
6204	6209
6205	6209
6205	6210
6203	6211
6203	6207
6203	6208
6208	6213
6208	6214
6209	6214
6209	6215
6210	6215
6207	6213
6213	5068
6213	2058
6213	6214
6214	6215
6215	2059
6215	6210
6210	2062
6210	2153
6210	6205
6205	5011
6205	6204
6204	6202
6202	5008
6202	2150
6202	6206
6206	2148
6206	2049
6206	6211
6211	2050
6211	6212
6211	6207
6212	5068
4859	5069
4859	4855
4859	2053
4855	2052
2065	4889
2065	2064
2064	2154
2154	2071
2074	5013
2074	2073
2073	2152
5013	5010
5010	2156
5010	2151
6216	6219
6217	6219
6217	2168
6217	5032
6217	5052
6217	6216
6216	5050
6216	6218
6218	5048
6218	6220
6218	2113
6218	2171
6218	6219
6219	2168
2113	2101
2101	2100
2100	5046
5046	5048
5052	5054
5054	5056
5056	5030
5056	5058
5058	5060
5060	6221
5060	5062
5062	6222
5062	5064
5064	6224
5064	5066
5066	2160
5066	2076
5066	2077
2160	5026
5026	6222
5026	6223
5026	2162
2162	6221
2162	2165
2165	5030
6221	6222
6225	6229
6225	6230
6226	6230
6231	6234
6234	6238
6233	6238
6238	5067
6238	4902
6238	4904
6238	4906
6238	6234
6234	6235
6234	5152
6234	6231
6231	5150
6231	5059
6231	5061
6231	6233
6233	5063
6233	6237
6237	5065
6237	5067
5059	5057
5057	5148
5057	5055
5055	6226
5055	5053
5053	6230
5053	5051
5051	5049
5049	6232
5049	6236
5049	5047
5047	4934
5047	2098
2098	2092
4934	4932
4932	6232
4932	4930
4930	6228
4930	4928
4928	6227
4928	2089
2089	5156
2089	4918
4918	5154
4918	2086
2086	6235
2086	4908
4908	4906
6235	5152
5156	2190
2190	6228
2190	6225
2190	5148
5148	6226
6228	6229
6229	6230
4902	2079
4902	2080
2107	4950
2107	2106
2116	2172
2116	2115
5038	2169
5038	4966
5038	2122
4966	2170
4966	2121
2125	6240
2125	5039
2125	2124
5039	2137
5039	6239
5039	2175
2175	2164
2164	5042
2164	2163
5042	2137
2137	2131
2131	2128
2140	5028
2140	4996
4996	2161
4996	5043
4996	4994
4994	2139
5028	2158
2143	4998
4998	2149
4998	2142
2142	2155
2167	6242
2167	6241
2167	5033
5033	5031
5031	6242
5031	2166
2166	2173
5147	6243
5147	5145
5145	6244
5145	5143
5143	5141
5141	5139
5139	2189
2189	6243
6245	6247
6245	2191
6245	5149
6245	6246
6246	5151
6246	5153
6246	6247
6247	5155
6247	5157
6247	2191
4	0
4	2196
2197	2196
2197	1
7	4
7	5
10	7
10	8
11	14
15	10
18	15
18	16
21	18
21	2198
2199	2198
2199	19
24	21
24	22
27	24
27	25
0	27
0	28
2200	28
2200	26
30	2200
30	2201
33	30
33	31
2202	33
2202	34
2204	2202
2204	2203
2206	2204
2206	2205
36	2206
36	2207
39	36
39	2208
2210	2208
2210	2209
2211	2209
2211	37
2212	39
2212	40
2214	2212
2214	2213
2216	2214
2216	2215
2	2216
2	2217
2220	40
2220	2218
2221	2218
2221	2219
2222	2219
2222	38
2224	2220
2224	2221
2225	2221
2225	2222
2226	2222
2226	2223
2228	2224
2228	2225
2229	2225
2229	2226
2230	2226
2230	2227
42	2228
42	2229
2232	2229
2232	2230
2233	2230
2233	2231
2234	42
2234	43
2236	2234
2236	2235
2238	2236
2238	2237
3	2238
3	2239
45	43
45	2240
2242	2240
2242	2241
2243	2241
2243	41
2244	45
2244	46
2246	2244
2246	2245
48	2246
48	2247
51	48
51	49
2248	51
2248	52
6	2248
6	2249
54	52
54	50
9	54
9	2250
2253	2250
2253	2251
2254	2251
2254	2252
2255	2252
2255	55
57	55
57	2256
2259	2256
2259	2257
2260	2257
2260	2258
2261	2258
2261	53
2262	57
2262	58
2264	2262
2264	2263
60	2264
60	2265
63	60
63	2266
2267	2266
2267	61
2268	63
2268	64
2270	2268
2270	2269
2272	2270
2272	2271
2274	2272
2274	2273
66	2274
66	2275
69	66
69	67
72	69
72	2276
2278	2276
2278	2277
2279	2277
2279	70
14	72
14	2280
2283	2280
2283	2281
2284	2281
2284	2282
2285	2282
2285	73
17	73
17	71
75	70
75	2286
2288	2286
2288	2287
2289	2287
2289	68
78	75
78	2290
2291	2290
2291	76
2293	78
2293	2292
2294	2292
2294	79
81	2293
81	2294
2296	2294
2296	2295
2297	81
2297	82
20	2297
20	2298
2300	82
2300	2299
2301	2299
2301	80
84	2300
84	2301
2303	2301
2303	2302
87	84
87	2304
2305	2304
2305	85
90	87
90	88
32	90
32	2306
2307	2306
2307	91
2308	91
2308	89
93	2308
93	2309
96	93
96	2310
2313	2310
2313	2311
2314	2311
2314	2312
2315	2312
2315	94
99	96
99	2316
2318	2316
2318	2317
2319	2317
2319	97
2321	99
2321	2320
2322	2320
2322	100
102	2321
102	2322
2324	2322
2324	2323
35	102
35	2325
2326	2325
2326	103
105	103
105	2327
2328	2327
2328	101
2329	105
2329	106
108	2329
108	2330
111	108
111	2331
2332	2331
2332	109
2333	111
2333	112
2335	2333
2335	2334
114	2335
114	2336
44	114
44	2337
2338	2337
2338	115
117	115
117	2339
2341	2339
2341	2340
2342	2340
2342	113
120	117
120	2343
2345	2343
2345	2344
2346	2344
2346	118
2347	120
2347	121
123	2347
123	2348
47	123
47	2349
2350	2349
2350	124
126	124
126	122
129	126
129	127
2353	129
2353	2351
2354	2351
2354	2352
2355	2352
2355	130
56	2353
56	2354
2357	2354
2357	2355
2358	2355
2358	2356
132	130
132	2359
2362	2359
2362	2360
2363	2360
2363	2361
2364	2361
2364	128
135	132
135	133
138	135
138	136
2365	138
2365	139
141	2365
141	2366
59	141
59	142
144	142
144	140
147	144
147	145
150	147
150	2367
2368	2367
2368	148
153	150
153	151
156	153
156	154
62	156
62	157
2369	157
2369	155
159	2369
159	2370
162	159
162	160
2371	162
2371	163
2373	2371
2373	2372
2375	2373
2375	2374
2377	2375
2377	2376
65	2377
65	2378
165	163
165	2379
2380	2379
2380	161
2381	165
2381	166
2383	2381
2383	2382
2385	2383
2385	2384
2387	2385
2387	2386
168	2387
168	2388
171	168
171	2389
2392	2389
2392	2390
2393	2390
2393	2391
2394	2391
2394	169
174	171
174	2395
2398	2395
2398	2396
2399	2396
2399	2397
2400	2397
2400	172
74	174
74	175
77	175
77	2401
2404	2401
2404	2402
2405	2402
2405	2403
2406	2403
2406	173
177	172
177	2407
2408	2407
2408	170
2409	177
2409	178
2411	2409
2411	2410
2413	2411
2413	2412
2415	2413
2415	2414
180	2415
180	2416
83	180
83	181
2417	181
2417	179
2419	2417
2419	2418
2421	2419
2421	2420
183	2421
183	2422
2423	183
2423	184
2425	2423
2425	2424
186	2425
186	2426
189	186
189	2427
2428	2427
2428	187
192	189
192	2429
2432	2429
2432	2430
2433	2430
2433	2431
2434	2431
2434	190
195	192
195	193
86	195
86	2435
2436	2435
2436	196
198	196
198	2437
2438	2437
2438	194
92	198
92	2439
2441	2439
2441	2440
2442	2440
2442	199
191	199
191	2443
2445	2443
2445	2444
2446	2444
2446	197
201	190
201	2447
2448	2447
2448	188
2449	201
2449	202
204	2449
204	2450
207	204
207	2451
2452	2451
2452	205
210	207
210	208
213	210
213	2453
2454	2453
2454	211
216	213
216	2455
2456	2455
2456	214
2458	216
2458	2457
2459	2457
2459	217
2461	2458
2461	2459
2462	2459
2462	2460
95	2461
95	2462
2464	2462
2464	2463
2465	217
2465	215
219	2465
219	2466
2467	219
2467	220
2469	2467
2469	2468
98	2469
98	2470
222	220
222	218
2472	222
2472	2471
2473	2471
2473	223
104	2472
104	2473
2475	2473
2475	2474
225	223
225	2476
2477	2476
2477	221
228	225
228	226
231	228
231	2478
2479	2478
2479	229
234	231
234	232
2480	234
2480	235
237	2480
237	2481
107	237
107	238
240	238
240	236
243	240
243	241
246	243
246	2482
2483	2482
2483	244
249	246
249	247
252	249
252	250
110	252
110	253
2484	253
2484	251
255	2484
255	2485
258	255
258	256
261	258
261	2486
2487	2486
2487	259
264	261
264	262
2488	264
2488	265
2490	2488
2490	2489
116	2490
116	2491
267	265
267	263
2492	267
2492	268
270	2492
270	2493
273	270
273	271
119	273
119	2494
2496	2494
2496	2495
2497	2495
2497	274
276	274
276	2498
2501	2498
2501	2499
2502	2499
2502	2500
2503	2500
2503	272
279	276
279	2504
2506	2504
2506	2505
2507	2505
2507	277
2509	279
2509	2508
2510	2508
2510	280
282	2509
282	2510
2512	2510
2512	2511
125	282
125	283
285	283
285	281
131	285
131	2513
2515	2513
2515	2514
2516	2514
2516	286
288	286
288	2517
2519	2517
2519	2518
2520	2518
2520	284
291	288
291	289
134	291
134	2521
2522	2521
2522	292
294	292
294	290
297	294
297	295
2523	297
2523	298
2525	2523
2525	2524
300	2525
300	2526
2527	300
2527	301
2529	2527
2529	2528
2531	2529
2531	2530
146	2531
146	2532
303	301
303	2533
2534	2533
2534	299
2536	303
2536	2535
2537	2535
2537	304
2539	2536
2539	2537
2540	2537
2540	2538
306	2539
306	2540
2542	2540
2542	2541
309	306
309	2543
2544	2543
2544	307
312	309
312	2545
2547	2545
2547	2546
2548	2546
2548	310
2549	312
2549	313
2551	2549
2551	2550
149	2551
149	2552
2554	313
2554	2553
2555	2553
2555	311
315	2554
315	2555
2557	2555
2557	2556
318	315
318	2558
2559	2558
2559	316
164	318
164	319
2561	319
2561	2560
2562	2560
2562	317
321	2561
321	2562
2564	2562
2564	2563
324	321
324	2565
2566	2565
2566	322
327	324
327	2567
2568	2567
2568	325
330	327
330	2569
2570	2569
2570	328
333	330
333	2571
2575	2571
2575	2572
2576	2572
2576	2573
2577	2573
2577	2574
2578	2574
2578	331
167	333
167	2579
2581	2579
2581	2580
2582	2580
2582	334
336	334
336	2583
2584	2583
2584	332
176	336
176	2585
2586	2585
2586	337
2589	337
2589	2587
2590	2587
2590	2588
2591	2588
2591	335
2593	2589
2593	2590
2594	2590
2594	2591
2595	2591
2595	2592
339	2593
339	2594
2597	2594
2597	2595
2598	2595
2598	2596
182	339
182	340
342	340
342	2599
2601	2599
2601	2600
2602	2600
2602	338
345	342
345	2603
2604	2603
2604	343
348	345
348	2605
2606	2605
2606	346
351	348
351	349
185	351
185	2607
2608	2607
2608	352
354	352
354	2609
2610	2609
2610	350
357	354
357	355
200	357
200	358
360	358
360	2611
2612	2611
2612	356
2613	360
2613	361
203	2613
203	2614
363	361
363	2615
2616	2615
2616	359
366	363
366	2617
2618	2617
2618	364
369	366
369	2619
2620	2619
2620	367
372	369
372	2621
2623	2621
2623	2622
2624	2622
2624	370
375	372
375	2625
2627	2625
2627	2626
2628	2626
2628	373
376	379
380	375
383	380
383	2629
2631	2629
2631	2630
2632	2630
2632	381
386	383
386	2633
2635	2633
2635	2634
2636	2634
2636	384
2638	386
2638	2637
2639	2637
2639	387
389	2638
389	2639
2641	2639
2641	2640
206	389
206	390
392	390
392	2642
2643	2642
2643	388
209	392
209	2644
2645	2644
2645	393
395	393
395	391
398	395
398	2646
2647	2646
2647	396
2648	398
2648	399
212	2648
212	2649
401	399
401	2650
2651	2650
2651	397
2652	401
2652	402
404	2652
404	2653
224	404
224	2654
2655	2654
2655	405
407	405
407	2656
2657	2656
2657	403
410	407
410	2658
2660	2658
2660	2659
2661	2659
2661	408
2662	410
2662	411
2664	2662
2664	2663
227	2664
227	2665
413	411
413	2666
2668	2666
2668	2667
2669	2667
2669	409
2671	413
2671	2670
2672	2670
2672	414
2674	2671
2674	2672
2675	2672
2675	2673
416	2674
416	2675
2677	2675
2677	2676
419	416
419	2678
2680	2678
2680	2679
2681	2679
2681	417
422	419
422	2682
2685	2682
2685	2683
2686	2683
2686	2684
2687	2684
2687	420
425	422
425	2688
2691	2688
2691	2689
2692	2689
2692	2690
2693	2690
2693	423
2694	425
2694	426
2696	2694
2696	2695
260	2696
260	2697
428	426
428	2698
2700	2698
2700	2699
2701	2699
2701	424
431	428
431	2702
2704	2702
2704	2703
2705	2703
2705	429
266	431
266	2706
2707	2706
2707	432
434	432
434	2708
2709	2708
2709	430
2710	434
2710	435
2712	2710
2712	2711
269	2712
269	2713
2714	435
2714	433
2716	2714
2716	2715
2718	2716
2718	2717
2720	2718
2720	2719
2722	2720
2722	2721
437	2722
437	2723
440	437
440	2724
2726	2724
2726	2725
2727	2725
2727	438
2728	440
2728	441
2730	2728
2730	2729
443	2730
443	2731
446	443
446	2732
2734	2732
2734	2733
2735	2733
2735	444
275	446
275	2736
2738	2736
2738	2737
2739	2737
2739	447
2740	447
2740	445
449	2740
449	2741
439	449
439	2742
2744	2742
2744	2743
2745	2743
2745	450
2748	450
2748	2746
2749	2746
2749	2747
2750	2747
2750	448
442	2748
442	2749
2752	2749
2752	2750
2753	2750
2753	2751
368	438
368	2754
2757	2754
2757	2755
2758	2755
2758	2756
2759	2756
2759	436
452	429
452	2760
2761	2760
2761	427
2762	452
2762	453
2764	2762
2764	2763
455	2764
455	2765
458	455
458	2766
2768	2766
2768	2767
2769	2767
2769	456
461	458
461	2770
2772	2770
2772	2771
2773	2771
2773	459
464	461
464	2774
2776	2774
2776	2775
2777	2775
2777	462
371	464
371	465
374	465
374	2778
2780	2778
2780	2779
2781	2779
2781	463
467	462
467	460
470	467
470	2782
2784	2782
2784	2783
2785	2783
2785	468
2786	470
2786	471
2788	2786
2788	2787
2790	2788
2790	2789
473	2790
473	2791
476	473
476	2792
2793	2792
2793	474
479	476
479	2794
2796	2794
2796	2795
2797	2795
2797	477
379	479
379	2798
2800	2798
2800	2799
2801	2799
2801	480
382	480
382	478
482	477
482	2802
2803	2802
2803	475
485	482
485	483
385	485
385	2804
2805	2804
2805	486
394	486
394	2806
2807	2806
2807	484
488	483
488	2808
2809	2808
2809	481
491	488
491	489
494	491
494	2810
2811	2810
2811	492
400	494
400	2812
2813	2812
2813	495
406	495
406	2814
2817	2814
2817	2815
2818	2815
2818	2816
2819	2816
2819	493
497	492
497	490
500	497
500	2820
2821	2820
2821	498
503	500
503	2822
2825	2822
2825	2823
2826	2823
2826	2824
2827	2824
2827	501
506	503
506	2828
2831	2828
2831	2829
2832	2829
2832	2830
2833	2830
2833	504
509	506
509	2834
2837	2834
2837	2835
2838	2835
2838	2836
2839	2836
2839	507
512	509
512	2840
2843	2840
2843	2841
2844	2841
2844	2842
2845	2842
2845	510
515	512
515	2846
2849	2846
2849	2847
2850	2847
2850	2848
2851	2848
2851	513
518	515
518	2852
2855	2852
2855	2853
2856	2853
2856	2854
2857	2854
2857	516
521	518
521	2858
2859	2858
2859	519
418	521
418	522
421	522
421	520
517	525
526	519
529	526
529	2860
2863	2860
2863	2861
2864	2861
2864	2862
2865	2862
2865	527
530	533
534	529
537	534
537	2866
2868	2866
2868	2867
2869	2867
2869	535
540	537
540	2870
2871	2870
2871	538
543	540
543	2872
2875	2872
2875	2873
2876	2873
2876	2874
2877	2874
2877	541
546	543
546	2878
2880	2878
2880	2879
2881	2879
2881	544
549	546
549	2882
2884	2882
2884	2883
2885	2883
2885	547
2887	549
2887	2886
2888	2886
2888	550
451	2887
451	2888
2890	2888
2890	2889
454	550
454	2891
2893	2891
2893	2892
2894	2892
2894	548
552	547
552	545
555	552
555	2895
2896	2895
2896	553
558	555
558	2897
2898	2897
2898	556
457	558
457	559
561	559
561	2899
2900	2899
2900	557
466	561
466	2901
2902	2901
2902	562
2903	562
2903	560
2905	2903
2905	2904
564	2905
564	2906
567	564
567	2907
2908	2907
2908	565
2909	567
2909	568
2911	2909
2911	2910
570	2911
570	2912
2914	570
2914	2913
2915	2913
2915	571
573	2914
573	2915
2917	2915
2917	2916
469	573
469	2918
2920	2918
2920	2919
2921	2919
2921	574
576	574
576	2922
2923	2922
2923	572
579	576
579	577
582	579
582	2924
2925	2924
2925	580
585	582
585	2926
2927	2926
2927	583
588	585
588	2928
2929	2928
2929	586
472	588
472	2930
2931	2930
2931	589
591	589
591	587
594	591
594	2932
2933	2932
2933	592
597	594
597	595
2934	598
2934	501
2934	2935
499	597
499	2936
2937	2936
602	598
602	2938
2940	2938
2940	2939
2941	2939
2941	596
2944	602
2944	2942
2945	2942
2945	2943
2946	2943
2946	603
605	2944
605	2945
2948	2945
2948	2946
2949	2946
2949	2947
608	605
608	606
611	608
611	609
612	615
616	611
2950	616
2950	617
2952	2950
2952	2951
619	2952
619	2953
622	619
622	2954
2955	2954
2955	620
502	622
502	623
505	623
505	621
625	620
625	618
628	625
628	626
631	628
631	629
634	631
634	2956
2957	2956
2957	632
637	634
637	635
508	637
508	638
511	638
511	636
2958	635
2958	633
2960	2958
2960	2959
640	2960
640	2961
643	640
643	2962
2964	2962
2964	2963
2965	2963
2965	641
514	643
514	2966
2968	2966
2968	2967
2969	2967
2969	644
646	644
646	2970
2971	2970
2971	642
649	646
649	647
652	649
652	2972
2976	2972
2976	2973
2977	2973
2977	2974
2978	2974
2978	2975
2979	2975
2979	650
655	652
655	2980
2983	2980
2983	2981
2984	2981
2984	2982
2985	2982
2985	653
658	655
658	2986
2987	2986
2987	656
525	658
525	659
2988	659
2988	657
528	2988
528	2989
661	656
661	2990
2992	2990
2992	2991
2993	2991
2993	654
2995	661
2995	2994
2996	2994
2996	662
2998	2995
2998	2996
2999	2996
2999	2997
664	2998
664	2999
3001	2999
3001	3000
667	664
667	3002
3003	3002
3003	665
670	667
670	3004
3007	3004
3007	3005
3008	3005
3008	3006
3009	3006
3009	668
673	670
673	3010
3013	3010
3013	3011
3014	3011
3014	3012
3015	3012
3015	671
676	673
676	3016
3018	3016
3018	3017
3019	3017
3019	674
533	676
533	3020
3021	3020
3021	677
679	677
679	3022
3024	3022
3024	3023
3025	3023
3025	675
536	679
536	3026
3027	3026
3027	680
539	680
539	3028
3029	3028
3029	678
3030	674
3030	672
3032	3030
3032	3031
3034	3032
3034	3033
682	3034
682	3035
554	682
554	683
685	683
685	3036
3037	3036
3037	681
688	685
688	686
3038	688
3038	689
691	3038
691	3039
563	691
563	692
694	692
694	690
697	694
697	695
700	697
700	3040
3041	3040
3041	698
703	700
703	701
706	703
706	704
566	706
566	707
709	707
709	705
712	709
712	3042
3044	3042
3044	3043
3045	3043
3045	710
715	712
715	3046
3048	3046
3048	3047
3049	3047
3049	713
718	715
718	3050
3053	3050
3053	3051
3054	3051
3054	3052
3055	3052
3055	716
721	718
721	719
569	721
569	3056
3057	3056
3057	722
3058	722
3058	720
575	3058
575	3059
724	719
724	3060
3063	3060
3063	3061
3064	3061
3064	3062
3065	3062
3065	717
727	724
727	725
578	727
578	728
730	728
730	726
733	730
733	3066
3068	3066
3068	3067
3069	3067
3069	731
736	733
736	3070
3073	3070
3073	3071
3074	3071
3074	3072
3075	3072
3075	734
739	736
739	3076
3078	3076
3078	3077
3079	3077
3079	737
581	739
581	740
604	740
604	3080
3082	3080
3082	3081
3083	3081
3083	738
3084	737
3084	735
742	3084
742	3085
745	742
745	3086
3088	3086
3088	3087
3089	3087
3089	743
746	749
750	745
751	754
755	750
758	755
758	3090
3094	3090
3094	3091
3095	3091
3095	3092
3096	3092
3096	3093
3097	3093
3097	756
759	762
763	758
763	3098
3099	3098
764	767
768	763
768	3100
3101	3100
607	768
607	769
767	612
610	769
773	764
773	3102
3103	3102
3103	762
776	773
776	774
3104	776
3104	777
3106	3104
3106	3105
3108	3106
3108	3107
3110	3108
3110	3109
3112	3110
3112	3111
779	3112
779	3113
782	779
782	3114
3115	3114
3115	780
3116	783
3116	784
3116	3117
785	782
786	617
615	785
3118	786
3118	784
788	3118
788	3119
791	788
791	789
3120	791
3120	792
624	3120
624	3121
3122	792
3122	790
627	3122
627	3123
794	789
794	3124
3125	3124
3125	787
797	794
797	795
3126	797
3126	798
3128	3126
3128	3127
800	3128
800	3129
3130	800
3130	801
3132	3130
3132	3131
630	3132
630	3133
803	801
803	3134
3135	3134
3135	799
3137	803
3137	3136
3138	3136
3138	804
806	3137
806	3138
3140	3138
3140	3139
639	806
639	3141
3143	3141
3143	3142
3144	3142
3144	807
809	807
809	3145
3146	3145
3146	805
812	809
812	3147
3148	3147
3148	810
815	812
815	3149
3150	3149
3150	813
818	815
818	3151
3153	3151
3153	3152
3154	3152
3154	816
821	818
821	3155
3158	3155
3158	3156
3159	3156
3159	3157
3160	3157
3160	819
824	821
824	3161
3163	3161
3163	3162
3164	3162
3164	822
645	824
645	825
648	825
648	3165
3168	3165
3168	3166
3169	3166
3169	3167
3170	3167
3170	823
3171	822
3171	820
3173	3171
3173	3172
827	3173
827	3174
830	827
830	828
651	830
651	3175
3176	3175
3176	831
833	831
833	3177
3178	3177
3178	829
660	833
660	834
3181	834
3181	3179
3182	3179
3182	3180
3183	3180
3183	832
836	3181
836	3182
3185	3182
3185	3183
3186	3183
3186	3184
839	836
839	3187
3189	3187
3189	3188
3190	3188
3190	837
842	839
842	3191
3192	3191
3192	840
845	842
845	3193
3194	3193
3194	843
848	845
848	3195
3196	3195
3196	846
3197	848
3197	849
663	3197
663	3198
851	849
851	3199
3200	3199
3200	847
854	851
854	3201
3202	3201
3202	852
855	668
666	854
859	855
859	3203
3207	3203
3207	3204
3208	3204
3208	3205
3209	3205
3209	3206
3210	3206
3210	853
862	859
862	3211
3213	3211
3213	3212
3214	3212
3214	860
865	862
865	3215
3217	3215
3217	3216
3218	3216
3218	863
3219	865
3219	866
669	3219
669	3220
868	866
868	3221
3223	3221
3223	3222
3224	3222
3224	864
871	868
871	869
3225	871
3225	872
3227	3225
3227	3226
3229	3227
3229	3228
3231	3229
3231	3230
684	3231
684	3232
3233	872
3233	870
3235	3233
3235	3234
3237	3235
3237	3236
3239	3237
3239	3238
696	3239
696	3240
874	869
874	3241
3243	3241
3243	3242
3244	3242
3244	867
877	874
877	3245
3247	3245
3247	3246
3248	3246
3248	875
3251	877
3251	3249
3252	3249
3252	3250
3253	3250
3253	878
3255	3251
3255	3252
3256	3252
3256	3253
3257	3253
3257	3254
880	3255
880	3256
3259	3256
3259	3257
3260	3257
3260	3258
699	880
699	881
883	881
883	3261
3263	3261
3263	3262
3264	3262
3264	879
702	883
702	884
886	884
886	3265
3267	3265
3267	3266
3268	3266
3268	882
889	886
889	3269
3271	3269
3271	3270
3272	3270
3272	887
708	889
708	3273
3275	3273
3275	3274
3276	3274
3276	890
892	890
892	888
895	892
895	3277
3278	3277
3278	893
898	895
898	896
901	898
901	899
904	901
904	902
907	904
907	3279
3280	3279
3280	905
711	907
711	908
714	908
714	906
3281	905
3281	903
3283	3281
3283	3282
910	3283
910	3284
3286	910
3286	3285
3287	3285
3287	911
913	3286
913	3287
3289	3287
3289	3288
916	913
916	3290
3291	3290
3291	914
919	916
919	3292
3294	3292
3294	3293
3295	3293
3295	917
922	919
922	3296
3297	3296
3297	920
723	922
723	3298
3301	3298
3301	3299
3302	3299
3302	3300
3303	3300
3303	923
925	923
925	3304
3305	3304
3305	921
729	925
729	3306
3308	3306
3308	3307
3309	3307
3309	926
918	926
918	924
928	917
928	915
931	928
931	3310
3311	3310
3311	929
934	931
934	932
732	934
732	3312
3314	3312
3314	3313
3315	3313
3315	935
741	935
741	3316
3318	3316
3318	3317
3319	3317
3319	933
937	932
937	3320
3321	3320
3321	930
940	937
940	3322
3323	3322
3323	938
744	940
744	3324
3327	3324
3327	3325
3328	3325
3328	3326
3329	3326
3329	941
3331	941
3331	3330
3332	3330
3332	939
3334	3331
3334	3332
3335	3332
3335	3333
943	3334
943	3335
3337	3335
3337	3336
946	943
946	3338
3339	3338
3339	944
949	946
949	947
952	949
952	950
3340	952
3340	953
3342	3340
3342	3341
3344	3342
3344	3343
3346	3344
3346	3345
749	3346
749	3347
3348	953
3348	951
3350	3348
3350	3349
955	3350
955	3351
958	955
958	3352
3354	3352
3354	3353
3355	3353
3355	956
3358	958
3358	3356
3359	3356
3359	3357
3360	3357
3360	959
961	3358
961	3359
3362	3359
3362	3360
3363	3360
3363	3361
754	961
754	3364
3365	3364
3365	962
757	962
757	3366
3367	3366
3367	960
964	959
964	957
3368	964
3368	965
772	3368
772	3369
967	965
967	963
970	967
970	3370
3371	3370
3371	968
973	970
973	971
3372	973
3372	974
976	3372
976	3373
3374	976
3374	977
3376	3374
3376	3375
3378	3376
3378	3377
775	3378
775	3379
979	977
979	975
982	979
982	3380
3381	3380
3381	980
3383	982
3383	3382
3384	3382
3384	983
3386	3383
3386	3384
3387	3384
3387	3385
3389	3386
3389	3387
3390	3387
3390	3388
3392	3389
3392	3390
3393	3390
3393	3391
3395	3392
3395	3393
3396	3393
3396	3394
985	3395
985	3396
3398	3396
3398	3397
988	985
988	3399
3400	3399
3400	986
991	988
991	989
3401	991
3401	992
3403	3401
3403	3402
3405	3403
3405	3404
994	3405
994	3406
778	994
778	995
3407	995
3407	993
997	3407
997	3408
1000	997
1000	998
1003	1000
1003	3409
3410	3409
3410	1001
1006	1003
1006	3411
3412	3411
3412	1004
3413	1007
3413	783
3413	3414
781	1006
1009	1007
1009	3415
3419	3415
3419	3416
3420	3416
3420	3417
3421	3417
3421	3418
3422	3418
3422	1005
793	1009
793	1010
1012	1010
1012	3423
3426	3423
3426	3424
3427	3424
3427	3425
3428	3425
3428	1008
1015	1012
1015	3429
3433	3429
3433	3430
3434	3430
3434	3431
3435	3431
3435	3432
3436	3432
3436	1013
1018	1015
1018	3437
3441	3437
3441	3438
3442	3438
3442	3439
3443	3439
3443	3440
3444	3440
3444	1016
1021	1018
1021	3445
3446	3445
3446	1019
796	1021
796	1022
3447	1022
3447	1020
3449	3447
3449	3448
1024	3449
1024	3450
3451	1024
3451	1025
1027	3451
1027	3452
1030	1027
1030	3453
3454	3453
3454	1028
802	1030
802	1031
1033	1031
1033	3455
3456	3455
3456	1029
808	1033
808	1034
811	1034
811	3457
3458	3457
3458	1032
1036	1028
1036	1026
3460	1036
3460	3459
3461	3459
3461	1037
1039	3460
1039	3461
3463	3461
3463	3462
1042	1039
1042	1040
814	1042
814	3464
3467	3464
3467	3465
3468	3465
3468	3466
3469	3466
3469	1043
1045	1043
1045	3470
3473	3470
3473	3471
3474	3471
3474	3472
3475	3472
3475	1041
1048	1045
1048	3476
3480	3476
3480	3477
3481	3477
3481	3478
3482	3478
3482	3479
3483	3479
3483	1046
1051	1048
1051	3484
3486	3484
3486	3485
3487	3485
3487	1049
1054	1051
1054	3488
3490	3488
3490	3489
3491	3489
3491	1052
1057	1054
1057	3492
3493	3492
3493	1055
1060	1057
1060	1058
3494	1060
3494	1061
3496	3494
3496	3495
3498	3496
3498	3497
3500	3498
3500	3499
3502	3500
3502	3501
3504	3502
3504	3503
817	3504
817	3505
1063	1061
1063	3506
3507	3506
3507	1059
3508	1063
3508	1064
3510	3508
3510	3509
3512	3510
3512	3511
3514	3512
3514	3513
1066	3514
1066	3515
3516	1066
3516	1067
1069	3516
1069	3517
3518	1069
3518	1070
3520	3518
3520	3519
3522	3520
3522	3521
3524	3522
3524	3523
1072	3524
1072	3525
826	1072
826	3526
3527	3526
3527	1073
1075	1073
1075	1071
3528	1075
3528	1076
1078	3528
1078	3529
1081	1078
1081	1079
3530	1081
3530	1082
3532	3530
3532	3531
835	3532
835	3533
1084	1082
1084	3534
3535	3534
3535	1080
3536	1084
3536	1085
3538	3536
3538	3537
1087	3538
1087	3539
1090	1087
1090	3540
3541	3540
3541	1088
3543	1090
3543	3542
3544	3542
3544	1091
838	3543
838	3544
3546	3544
3546	3545
3547	1091
3547	1089
841	3547
841	3548
3549	1088
3549	1086
1093	3549
1093	3550
3551	1093
3551	1094
1096	3551
1096	3552
3553	1096
3553	1097
3555	3553
3555	3554
1099	3555
1099	3556
844	1099
844	3557
3558	3557
3558	1100
1102	1100
1102	1098
1105	1102
1105	1103
3560	1105
3560	3559
3561	3559
3561	1106
1108	3560
1108	3561
3563	3561
3563	3562
850	1108
850	3564
3565	3564
3565	1109
1111	1109
1111	3566
3567	3566
3567	1107
1114	1111
1114	3568
3570	3568
3570	3569
3571	3569
3571	1112
858	1114
858	3572
3573	3572
3573	1115
861	1115
861	1113
1117	1112
1117	3574
3577	3574
3577	3575
3578	3575
3578	3576
3579	3576
3579	1110
3581	1117
3581	3580
3582	3580
3582	1118
3584	3581
3584	3582
3585	3582
3585	3583
1120	3584
1120	3585
3587	3585
3587	3586
1123	1120
1123	3588
3591	3588
3591	3589
3592	3589
3592	3590
3593	3590
3593	1121
3594	1123
3594	1124
3596	3594
3596	3595
3598	3596
3598	3597
1126	3598
1126	3599
1129	1126
1129	3600
3601	3600
3601	1127
3602	1129
3602	1130
3604	3602
3604	3603
3606	3604
3606	3605
3608	3606
3608	3607
1132	3608
1132	3609
3610	1132
3610	1133
1135	3610
1135	3611
873	1135
873	1136
876	1136
876	1134
3612	1133
3612	1131
3614	3612
3614	3613
3616	3614
3616	3615
3618	3616
3618	3617
894	3618
894	3619
1138	1130
1138	1128
3620	1138
3620	1139
897	3620
897	3621
3622	1139
3622	1137
900	3622
900	3623
1141	1127
1141	1125
1144	1141
1144	1142
3624	1144
3624	1145
1147	3624
1147	3625
909	1147
909	3626
3627	3626
3627	1148
1150	1148
1150	1146
936	1150
936	3628
3630	3628
3630	3629
3631	3629
3631	1151
1153	1151
1153	3632
3634	3632
3634	3633
3635	3633
3635	1149
1156	1153
1156	3636
3638	3636
3638	3637
3639	3637
3639	1154
1159	1156
1159	1157
1162	1159
1162	3640
3641	3640
3641	1160
942	1162
942	1163
1165	1163
1165	1161
945	1165
945	3642
3643	3642
3643	1166
1168	1166
1168	3644
3645	3644
3645	1164
1171	1168
1171	1169
1174	1171
1174	3646
3648	3646
3648	3647
3649	3647
3649	1172
1177	1174
1177	3650
3653	3650
3653	3651
3654	3651
3654	3652
3655	3652
3655	1175
3656	1177
3656	1178
948	3656
948	3657
1180	1178
1180	3658
3661	3658
3661	3659
3662	3659
3662	3660
3663	3660
3663	1176
1183	1180
1183	1181
1186	1183
1186	3664
3665	3664
3665	1184
954	1186
954	3666
3667	3666
3667	1187
1189	1187
1189	1185
3668	1189
3668	1190
966	3668
966	3669
1192	1190
1192	1188
3670	1192
3670	1193
1195	3670
1195	3671
3672	1195
3672	1196
3674	3672
3674	3673
969	3674
969	3675
1198	1196
1198	3676
3677	3676
3677	1194
3678	1198
3678	1199
3680	3678
3680	3679
3682	3680
3682	3681
1201	3682
1201	3683
1204	1201
1204	1202
3684	1204
3684	1205
972	3684
972	3685
978	1205
978	1203
1207	1202
1207	3686
3687	3686
3687	1200
1210	1207
1210	1208
987	1210
987	1211
3688	1211
3688	1209
1213	3688
1213	3689
3690	1213
3690	1214
990	3690
990	3691
1216	1214
1216	1212
1219	1216
1219	3692
3693	3692
3693	1217
996	1219
996	1220
3694	1220
3694	1218
1222	3694
1222	3695
1225	1222
1225	1223
3696	1225
3696	1226
999	3696
999	3697
1228	1226
1228	1224
3698	1228
3698	1229
1231	3698
1231	3699
1014	1231
1014	1232
3700	1232
3700	1230
1234	3700
1234	3701
1237	1234
1237	3702
3704	3702
3704	3703
3705	3703
3705	1235
3706	1237
3706	1238
3708	3706
3708	3707
1240	3708
1240	3709
1243	1240
1243	3710
3711	3710
3711	1241
1246	1243
1246	1244
1017	1246
1017	3712
3715	3712
3715	3713
3716	3713
3716	3714
3717	3714
3717	1247
1249	1247
1249	3718
3721	3718
3721	3719
3722	3719
3722	3720
3723	3720
3723	1245
3724	1249
3724	1250
1023	3724
1023	3725
1252	1250
1252	3726
3728	3726
3728	3727
3729	3727
3729	1248
3730	1252
3730	1253
3732	3730
3732	3731
1255	3732
1255	3733
1258	1255
1258	3734
3735	3734
3735	1256
3736	1258
3736	1259
3738	3736
3738	3737
1261	3738
1261	3739
1035	1261
1035	3740
3742	3740
3742	3741
3743	3741
3743	1262
1264	1262
1264	3744
3746	3744
3746	3745
3747	3745
3747	1260
1267	1264
1267	1265
1270	1267
1270	3748
3749	3748
3749	1268
3750	1270
3750	1271
1273	3750
1273	3751
1276	1273
1276	3752
3754	3752
3754	3753
3755	3753
3755	1274
1047	1276
1047	3756
3757	3756
3757	1277
1050	1277
1050	1275
1279	1274
1279	3758
3759	3758
3759	1272
3761	1279
3761	3760
3762	3760
3762	1280
3764	3761
3764	3762
3765	3762
3765	3763
1282	3764
1282	3765
3767	3765
3767	3766
1285	1282
1285	1283
3769	1285
3769	3768
3770	3768
3770	1286
3772	3769
3772	3770
3773	3770
3773	3771
1288	3772
1288	3773
3775	3773
3775	3774
3776	1288
3776	1289
3778	3776
3778	3777
3780	3778
3780	3779
1291	3780
1291	3781
3783	1291
3783	3782
3784	3782
3784	1292
1053	3783
1053	3784
3786	3784
3786	3785
3787	1292
3787	1290
1095	3787
1095	3788
1294	1289
1294	3789
3790	3789
3790	1287
3791	1294
3791	1295
3793	3791
3793	3792
1297	3793
1297	3794
1101	1297
1101	3795
3796	3795
3796	1298
1300	1298
1300	3797
3798	3797
3798	1296
1303	1300
1303	1301
3799	1303
3799	1304
1104	3799
1104	3800
1306	1304
1306	3801
3802	3801
3802	1302
3803	1306
3803	1307
1309	3803
1309	3804
1312	1309
1312	3805
3806	3805
3806	1310
1315	1312
1315	3807
3808	3807
3808	1313
1122	1315
1122	3809
3812	3809
3812	3810
3813	3810
3813	3811
3814	3811
3814	1316
1318	1316
1318	3815
3816	3815
3816	1314
1321	1318
1321	3817
3818	3817
3818	1319
1324	1321
1324	1322
1140	1324
1140	1325
1143	1325
1143	1323
1152	1322
1152	1320
1327	1319
1327	1317
1330	1327
1330	3819
3820	3819
3820	1328
1333	1330
1333	1331
1336	1333
1336	3821
3824	3821
3824	3822
3825	3822
3825	3823
3826	3823
3826	1334
1155	1336
1155	3827
3829	3827
3829	3828
3830	3828
3830	1337
1158	1337
1158	1335
1339	1334
1339	3831
3834	3831
3834	3832
3835	3832
3835	3833
3836	3833
3836	1332
1340	1343
1344	1339
1347	1344
1347	3837
3838	3837
3838	1345
1350	1347
1350	3839
3840	3839
3840	1348
1353	1350
1353	3841
3842	3841
3842	1351
1356	1353
1356	3843
3845	3843
3845	3844
3846	3844
3846	1354
1357	1360
1361	1356
3848	1361
3848	3847
3849	3847
3849	1362
1167	3848
1167	3849
3851	3849
3851	3850
1364	1362
1364	3852
3855	3852
3855	3853
3856	3853
3856	3854
3857	3854
3857	1360
1170	1364
1170	3858
3860	3858
3860	3859
3861	3859
3861	1365
1367	1365
1367	1363
3862	1367
3862	1368
1173	3862
1173	3863
1370	1368
1370	3864
3865	3864
3865	1366
1373	1370
1373	1371
1376	1373
1376	3866
3868	3866
3868	3867
3869	3867
3869	1374
1379	1376
1379	3870
3872	3870
3872	3871
3873	3871
3873	1377
1382	1379
1382	3874
3876	3874
3876	3875
3877	3875
3877	1380
1385	1382
1385	3878
3880	3878
3880	3879
3881	3879
3881	1383
1388	1385
1388	3882
3885	3882
3885	3883
3886	3883
3886	3884
3887	3884
3887	1386
1391	1388
1391	3888
3891	3888
3891	3889
3892	3889
3892	3890
3893	3890
3893	1389
1394	1391
1394	3894
3897	3894
3897	3895
3898	3895
3898	3896
3899	3896
3899	1392
1397	1394
1397	3900
3903	3900
3903	3901
3904	3901
3904	3902
3905	3902
3905	1395
1179	1397
1179	3906
3908	3906
3908	3907
3909	3907
3909	1398
1182	1398
1182	3910
3911	3910
3911	1396
3913	1395
3913	3912
3914	3912
3914	1393
1400	3913
1400	3914
3916	3914
3916	3915
1191	1400
1191	1401
3918	1401
3918	3917
3919	3917
3919	1399
3921	3918
3921	3919
3922	3919
3922	3920
3924	3921
3924	3922
3925	3922
3925	3923
3927	3924
3927	3925
3928	3925
3928	3926
1403	3927
1403	3928
3930	3928
3930	3929
1406	1403
1406	3931
3933	3931
3933	3932
3934	3932
3934	1404
1409	1406
1409	1407
3935	1409
3935	1410
1412	3935
1412	3936
1415	1412
1415	3937
3938	3937
3938	1413
3940	1415
3940	3939
3941	3939
3941	1416
1197	3940
1197	3941
3943	3941
3943	3942
3944	1416
3944	1414
3946	3944
3946	3945
3948	3946
3948	3947
1206	3948
1206	3949
3950	1413
3950	1411
3952	3950
3952	3951
1215	3952
1215	3953
1221	1410
1221	1408
1418	1407
1418	3954
3956	3954
3956	3955
3957	3955
3957	1405
1421	1418
1421	3958
3960	3958
3960	3959
3961	3959
3961	1419
1424	1421
1424	3962
3964	3962
3964	3963
3965	3963
3965	1422
1227	1424
1227	3966
3967	3966
3967	1425
1233	1425
1233	3968
3970	3968
3970	3969
3971	3969
3971	1423
1427	1422
1427	1420
1430	1427
1430	3972
3974	3972
3974	3973
3975	3973
3975	1428
3976	1430
3976	1431
1433	3976
1433	3977
1236	1433
1236	3978
3979	3978
3979	1434
1436	1434
1436	3980
3982	3980
3982	3981
3983	3981
3983	1432
3985	1436
3985	3984
3986	3984
3986	1437
1439	3985
1439	3986
3988	3986
3988	3987
1442	1439
1442	3989
3991	3989
3991	3990
3992	3990
3992	1440
1445	1442
1445	3993
3994	3993
3994	1443
3996	1445
3996	3995
3997	3995
3997	1446
1448	3996
1448	3997
3999	3997
3999	3998
1451	1448
1451	1449
1239	1451
1239	4000
4002	4000
4002	4001
4003	4001
4003	1452
1454	1452
1454	4004
4006	4004
4006	4005
4007	4005
4007	1450
1457	1454
1457	1455
1242	1457
1242	4008
4009	4008
4009	1458
1251	1458
1251	4010
4011	4010
4011	1456
1352	1455
1352	4012
4014	4012
4014	4013
4015	4013
4015	1453
4017	1449
4017	4016
4018	4016
4018	1447
1355	4017
1355	4018
4020	4018
4020	4019
4022	1446
4022	4021
4023	4021
4023	1444
1460	4022
1460	4023
4025	4023
4025	4024
1463	1460
1463	4026
4029	4026
4029	4027
4030	4027
4030	4028
4031	4028
4031	1461
4032	1463
4032	1464
1369	4032
1369	4033
1372	1464
1372	4034
4036	4034
4036	4035
4037	4035
4037	1462
1466	1461
1466	4038
4039	4038
4039	1459
4040	1466
4040	1467
4042	4040
4042	4041
1469	4042
1469	4043
1472	1469
1472	1470
1375	1472
1375	1473
1378	1473
1378	1471
4044	1470
4044	1468
4046	4044
4046	4045
4048	4046
4048	4047
1475	4048
1475	4049
1478	1475
1478	4050
4051	4050
4051	1476
1481	1478
1481	4052
4054	4052
4054	4053
4055	4053
4055	1479
1484	1481
1484	4056
4058	4056
4058	4057
4059	4057
4059	1482
4060	1484
4060	1485
4062	4060
4062	4061
1487	4062
1487	4063
1490	1487
1490	4064
4066	4064
4066	4065
4067	4065
4067	1488
4069	1490
4069	4068
4070	4068
4070	1491
1493	4069
1493	4070
4072	4070
4072	4071
1381	1493
1381	1494
1384	1494
1384	4073
4074	4073
4074	1492
1496	1491
1496	4075
4076	4075
4076	1489
1499	1496
1499	4077
4078	4077
4078	1497
1502	1499
1502	4079
4081	4079
4081	4080
4082	4080
4082	1500
1505	1502
1505	4083
4085	4083
4085	4084
4086	4084
4086	1503
1508	1505
1508	4087
4089	4087
4089	4088
4090	4088
4090	1506
1511	1508
1511	1509
1514	1511
1514	4091
4092	4091
4092	1512
1387	1514
1387	1515
1390	1515
1390	1513
1517	1512
1517	1510
1520	1517
1520	4093
4095	4093
4095	4094
4096	4094
4096	1518
4098	1520
4098	4097
4099	4097
4099	1521
1523	4098
1523	4099
4101	4099
4101	4100
1526	1523
1526	1524
1402	1526
1402	4102
4104	4102
4104	4103
4105	4103
4105	1527
1529	1527
1529	4106
4109	4106
4109	4107
4110	4107
4110	4108
4111	4108
4111	1525
1532	1529
1532	4112
4114	4112
4114	4113
4115	4113
4115	1530
1535	1532
1535	4116
4117	4116
4117	1533
1538	1535
1538	4118
4119	4118
4119	1536
1417	1538
1417	1539
1426	1539
1426	4120
4121	4120
4121	1537
1541	1536
1541	1534
1544	1541
1544	4122
4125	4122
4125	4123
4126	4123
4126	4124
4127	4124
4127	1542
1547	1544
1547	4128
4132	4128
4132	4129
4133	4129
4133	4130
4134	4130
4134	4131
4135	4131
4135	1545
1548	1551
1552	1547
1555	1552
1555	4136
4137	4136
4137	1553
1558	1555
1558	1556
4138	1558
4138	1559
4140	4138
4140	4139
4142	4140
4142	4141
4144	4142
4144	4143
4146	4144
4146	4145
4148	4146
4148	4147
4150	4148
4150	4149
4152	4150
4152	4151
4154	4152
4154	4153
4156	4154
4156	4155
4158	4156
4158	4157
1561	4158
1561	4159
1564	1561
1564	1562
1429	1564
1429	4160
4161	4160
4161	1565
4163	1565
4163	4162
4164	4162
4164	1563
4166	4163
4166	4164
4167	4164
4167	4165
1567	4166
1567	4167
4169	4167
4169	4168
1570	1567
1570	4170
4172	4170
4172	4171
4173	4171
4173	1568
1573	1570
1573	4174
4175	4174
4175	1571
1441	1573
1441	4176
4178	4176
4178	4177
4179	4177
4179	1574
1576	1574
1576	4180
4181	4180
4181	1572
1579	1576
1579	4182
4183	4182
4183	1577
1465	1579
1465	1580
4184	1580
4184	1578
4186	4184
4186	4185
1582	4186
1582	4187
4188	1582
4188	1583
1474	4188
1474	4189
1585	1583
1585	1581
1554	1585
1554	4190
4191	4190
4191	1586
1588	1586
1588	1584
4192	1588
4192	1589
4194	4192
4194	4193
1591	4194
1591	4195
1594	1591
1594	1592
4196	1594
4196	1595
1597	4196
1597	4197
1600	1597
1600	1598
1557	1600
1557	4198
4199	4198
4199	1601
4200	1601
4200	1599
4202	4200
4202	4201
4204	4202
4204	4203
4206	4204
4206	4205
1603	4206
1603	4207
4208	1603
4208	1604
1606	4208
1606	4209
4210	1606
4210	1607
4212	4210
4212	4211
4214	4212
4214	4213
4216	4214
4216	4215
1609	4216
1609	4217
1560	1609
1560	4218
4219	4218
4219	1610
1612	1610
1612	1608
4220	1612
4220	1613
1615	4220
1615	4221
1618	1615
1618	1616
4222	1618
4222	1619
4224	4222
4224	4223
1566	4224
1566	4225
1590	1619
1590	4226
4227	4226
4227	1617
1621	1616
1621	1614
1624	1621
1624	1622
1627	1624
1627	4228
4229	4228
4229	1625
1630	1627
1630	1628
1593	1630
1593	1631
4230	1631
4230	1629
1596	4230
1596	4231
4232	1628
4232	1626
4234	4232
4234	4233
4236	4234
4236	4235
4238	4236
4238	4237
1602	4238
1602	4239
4240	1625
4240	1623
4242	4240
4242	4241
4244	4242
4244	4243
4246	4244
4246	4245
1605	4246
1605	4247
4248	1622
4248	1620
1611	4248
1611	4249
1633	1589
1633	4250
4251	4250
4251	1587
4253	1633
4253	4252
4254	4252
4254	1634
1569	4253
1569	4254
4256	4254
4256	4255
1575	1634
1575	1632
1477	1553
1477	4257
4261	4257
4261	4258
4262	4258
4262	4259
4263	4259
4263	4260
4264	4260
4264	1551
4265	1548
4265	1546
4267	4265
4267	4266
1636	4267
1636	4268
1639	1636
1639	1637
1642	1639
1642	4269
4271	4269
4271	4270
4272	4270
4272	1640
1645	1642
1645	4273
4274	4273
4274	1643
1648	1645
1648	4275
4276	4275
4276	1646
4278	1648
4278	4277
4279	4277
4279	1649
4281	4278
4281	4279
4282	4279
4282	4280
4284	4281
4284	4282
4285	4282
4285	4283
4287	4284
4287	4285
4288	4285
4288	4286
1651	4287
1651	4288
4290	4288
4290	4289
4292	1651
4292	4291
4293	4291
4293	1652
1654	4292
1654	4293
4295	4293
4295	4294
1480	1654
1480	1655
4297	1655
4297	4296
4298	4296
4298	1653
1657	4297
1657	4298
4300	4298
4300	4299
1660	1657
1660	1658
4303	1660
4303	4301
4304	4301
4304	4302
4305	4302
4305	1661
1483	4303
1483	4304
4307	4304
4307	4305
4308	4305
4308	4306
1663	1661
1663	4309
4311	4309
4311	4310
4312	4310
4312	1659
1486	1663
1486	4313
4315	4313
4315	4314
4316	4314
4316	1664
1666	1664
1666	4317
4318	4317
4318	1662
1669	1666
1669	4319
4321	4319
4321	4320
4322	4320
4322	1667
1672	1669
1672	4323
4326	4323
4326	4324
4327	4324
4327	4325
4328	4325
4328	1670
1495	1672
1495	1673
1675	1673
1675	4329
4332	4329
4332	4330
4333	4330
4333	4331
4334	4331
4334	1671
4335	1675
4335	1676
1498	4335
1498	4336
1678	1676
1678	4337
4339	4337
4339	4338
4340	4338
4340	1674
1681	1678
1681	1679
1684	1681
1684	4341
4342	4341
4342	1682
1687	1684
1687	4343
4344	4343
4344	1685
4345	1687
4345	1688
4347	4345
4347	4346
4349	4347
4349	4348
1501	4349
1501	4350
4353	1688
4353	4351
4354	4351
4354	4352
4355	4352
4355	1686
1690	4353
1690	4354
4357	4354
4357	4355
4358	4355
4358	4356
1693	1690
1693	4359
4361	4359
4361	4360
4362	4360
4362	1691
4363	1693
4363	1694
4365	4363
4365	4364
1504	4365
1504	4366
1696	1694
1696	4367
4369	4367
4369	4368
4370	4368
4370	1692
1699	1696
1699	4371
4372	4371
4372	1697
1519	1699
1519	4373
4374	4373
4374	1700
1702	1700
1702	4375
4376	4375
4376	1698
1705	1702
1705	4377
4378	4377
4378	1703
1708	1705
1708	1706
1522	1708
1522	1709
1711	1709
1711	4379
4380	4379
4380	1707
1714	1711
1714	4381
4382	4381
4382	1712
1528	1714
1528	1715
1717	1715
1717	4383
4384	4383
4384	1713
1531	1717
1531	4385
4388	4385
4388	4386
4389	4386
4389	4387
4390	4387
4390	1718
1540	1718
1540	4391
4394	4391
4394	4392
4395	4392
4395	4393
4396	4393
4396	1716
1543	1712
1543	1710
1720	1706
1720	1704
4397	1720
4397	1721
4399	4397
4399	4398
1635	4399
1635	4400
4401	1721
4401	1719
1723	4401
1723	4402
4404	1723
4404	4403
4405	4403
4405	1724
1638	4404
1638	4405
4407	4405
4407	4406
1726	1724
1726	1722
1729	1726
1729	1727
4408	1729
4408	1730
4410	4408
4410	4409
4412	4410
4412	4411
4414	4412
4414	4413
1732	4414
1732	4415
1641	1732
1641	4416
4418	4416
4418	4417
4419	4417
4419	1733
4423	1733
4423	4420
4424	4420
4424	4421
4425	4421
4425	4422
4426	4422
4426	1731
1735	4423
1735	4424
4428	4424
4428	4425
4429	4425
4429	4426
4430	4426
4430	4427
4431	1735
4431	1736
4433	4431
4433	4432
4435	4433
4435	4434
4437	4435
4437	4436
1738	4437
1738	4438
4439	1738
4439	1739
4441	4439
4441	4440
4443	4441
4443	4442
4445	4443
4445	4444
1644	4445
1644	4446
1741	1739
1741	4447
4448	4447
4448	1737
1744	1741
1744	1742
1656	1744
1656	4449
4450	4449
4450	1745
1665	1745
1665	4451
4452	4451
4452	1743
4453	1742
4453	1740
1668	4453
1668	4454
1747	1736
1747	4455
4458	4455
4458	4456
4459	4456
4459	4457
4460	4457
4460	1734
1750	1747
1750	4461
4464	4461
4464	4462
4465	4462
4465	4463
4466	4463
4466	1748
1677	1750
1677	4467
4469	4467
4469	4468
4470	4468
4470	1751
1680	1751
1680	4471
4472	4471
4472	1749
4473	1748
4473	1746
4475	4473
4475	4474
1753	4475
1753	4476
1683	1753
1683	1754
1756	1754
1756	4477
4478	4477
4478	1752
1759	1756
1759	1757
4479	1759
4479	1760
1762	4479
1762	4480
1765	1762
1765	1763
4481	1765
4481	1766
4483	4481
4483	4482
1689	4483
1689	4484
1768	1766
1768	4485
4486	4485
4486	1764
4487	1768
4487	1769
4489	4487
4489	4488
1771	4489
1771	4490
1774	1771
1774	4491
4492	4491
4492	1772
4494	1774
4494	4493
4495	4493
4495	1775
1695	4494
1695	4495
4497	4495
4497	4496
1701	1775
1701	1773
4498	1772
4498	1770
4500	4498
4500	4499
1725	4500
1725	4501
1777	1769
1777	1767
4502	1777
4502	1778
1780	4502
1780	4503
1783	1780
1783	1781
1728	1783
1728	4504
4505	4504
4505	1784
4506	1784
4506	1782
4508	4506
4508	4507
4510	4508
4510	4509
4512	4510
4512	4511
1786	4512
1786	4513
4514	1786
4514	1787
1789	4514
1789	4515
4516	1789
4516	1790
4518	4516
4518	4517
4520	4518
4520	4519
1755	4520
1755	4521
4522	1790
4522	1788
4524	4522
4524	4523
4526	4524
4526	4525
4528	4526
4528	4527
1792	4528
1792	4529
1795	1792
1795	1793
4530	1795
4530	1796
1758	4530
1758	4531
1761	1796
1761	1794
1798	1793
1798	4532
4533	4532
4533	1791
1801	1798
1801	1799
1776	1801
1776	1802
4534	1802
4534	1800
1779	4534
1779	4535
4536	1799
4536	1797
4538	4536
4538	4537
4540	4538
4540	4539
4542	4540
4542	4541
1785	4542
1785	4543
1647	1652
1647	4544
4545	4544
4545	1650
1507	1518
1507	4546
4547	4546
4547	1516
4549	1440
4549	4548
4550	4548
4550	1438
1435	4549
1435	4550
4552	4550
4552	4551
1804	1351
1804	1349
4555	1804
4555	4553
4556	4553
4556	4554
4557	4554
4557	1805
1254	4555
1254	4556
4559	4556
4559	4557
4560	4557
4560	4558
1807	1805
1807	4561
4562	4561
4562	1803
1810	1807
1810	4563
4566	4563
4566	4564
4567	4564
4567	4565
4568	4565
4568	1808
1281	1810
1281	4569
4570	4569
4570	1811
1284	1811
1284	4571
4572	4571
4572	1809
1806	1814
1815	1808
1818	1815
1818	4573
4574	4573
4574	1816
4575	1818
4575	1819
1305	4575
1305	4576
4577	1819
4577	1817
1308	4577
1308	4578
1821	1816
1821	4579
4582	4579
4582	4580
4583	4580
4583	4581
4584	4581
4584	1814
1343	1821
1343	4585
4588	4585
4588	4586
4589	4586
4589	4587
4590	4587
4590	1822
1346	1822
1346	1820
1329	1340
1329	1338
1311	1328
1311	1326
1293	1301
1293	4591
4592	4591
4592	1299
1269	1280
1269	1278
1824	1268
1824	1266
1257	1824
1257	4593
4594	4593
4594	1825
1263	1825
1263	4595
4596	4595
4596	1823
1116	1121
1116	4597
4600	4597
4600	4598
4601	4598
4601	4599
4602	4599
4602	1119
1056	1094
1056	4603
4604	4603
4604	1092
1827	1085
1827	1083
4605	1827
4605	1828
1830	4605
1830	4606
1062	1830
1062	1831
4607	1831
4607	1829
1833	4607
1833	4608
1836	1833
1836	1834
4609	1836
4609	1837
4611	4609
4611	4610
4613	4611
4613	4612
4615	4613
4615	4614
1065	4615
1065	4616
1839	1837
1839	4617
4618	4617
4618	1835
4619	1839
4619	1840
4621	4619
4621	4620
4623	4621
4623	4622
4625	4623
4625	4624
1068	4625
1068	4626
1842	1840
1842	1838
4627	1842
4627	1843
1074	4627
1074	4628
1077	1843
1077	1841
1826	1834
1826	1832
1038	1046
1038	1044
1002	1013
1002	1011
4630	986
4630	4629
4631	4629
4631	984
4633	4630
4633	4631
4634	4631
4634	4632
981	4633
981	4634
4636	4634
4636	4635
912	929
912	927
885	893
885	891
4637	695
4637	693
687	4637
687	4638
593	603
593	601
584	592
584	590
542	553
542	4639
4640	4639
4640	551
487	498
487	496
412	417
412	4641
4644	4641
4644	4642
4645	4642
4645	4643
4646	4643
4646	415
1845	367
1845	365
1846	1849
1850	1845
1853	1850
1853	4647
4649	4647
4649	4648
4650	4648
4650	1851
4651	1853
4651	1854
4653	4651
4653	4652
4655	4653
4655	4654
1856	4655
1856	4656
278	1856
278	4657
4658	4657
4658	1857
4659	1857
4659	1855
1859	4659
1859	4660
287	1859
287	4661
4663	4661
4663	4662
4664	4662
4664	1860
1862	1860
1862	4665
4668	4665
4668	4666
4669	4666
4669	4667
4670	4667
4670	1858
1865	1862
1865	4671
4672	4671
4672	1863
1868	1865
1868	1866
293	1868
293	1869
296	1869
296	1867
4673	1866
4673	1864
1871	4673
1871	4674
1874	1871
1874	4675
4678	4675
4678	4676
4679	4676
4679	4677
4680	4677
4680	1872
1877	1874
1877	4681
4684	4681
4684	4682
4685	4682
4685	4683
4686	4683
4686	1875
302	1877
302	1878
4687	1876
4687	1881
4687	4688
1882	1878
1885	1882
1885	4689
4690	4689
4690	1883
1888	1885
1888	4691
4692	4691
4692	1886
305	1888
305	1889
1891	1889
1891	4693
4694	4693
4694	1887
308	1891
308	1892
4695	1892
4695	1890
4697	4695
4697	4696
1894	4697
1894	4698
1897	1894
1897	4699
4700	4699
4700	1895
1900	1897
1900	4701
4702	4701
4702	1898
4703	1900
4703	1901
4705	4703
4705	4704
323	4705
323	4706
4707	1901
4707	1899
4709	4707
4709	4708
1903	4709
1903	4710
1906	1903
1906	4711
4714	4711
4714	4712
4715	4712
4715	4713
4716	4713
4716	1904
326	1906
326	1907
329	1907
329	4717
4720	4717
4720	4718
4721	4718
4721	4719
4722	4719
4722	1905
1909	1904
1909	4723
4726	4723
4726	4724
4727	4724
4727	4725
4728	4725
4728	1902
1912	1909
1912	4729
4730	4729
4730	1910
4731	1912
4731	1913
1915	4731
1915	4732
1918	1915
1918	4733
4734	4733
4734	1916
341	1918
341	1919
344	1919
344	1917
4735	1916
4735	1914
1921	4735
1921	4736
1924	1921
1924	4737
4738	4737
4738	1922
1927	1924
1927	4739
4740	4739
4740	1925
1928	1931
1932	1927
1933	1936
1937	1932
1938	1941
1942	1937
1945	1942
1945	4741
4743	4741
4743	4742
4744	4742
4744	1943
1948	1945
1948	4745
4747	4745
4747	4746
4748	4746
4748	1946
4750	1948
4750	4749
4751	4749
4751	1949
347	4750
347	4751
4753	4751
4753	4752
353	1949
353	4754
4755	4754
4755	1947
362	1946
362	1944
1941	1846
1844	1943
1953	1938
1953	1936
1956	1953
1956	1954
1959	1956
1959	4756
4757	4756
4757	1957
1962	1959
1962	1960
1965	1962
1965	1963
1968	1965
1968	1966
1971	1968
1971	4758
4759	4758
4759	1969
4760	1972
4760	1851
4760	4761
1849	1971
1849	4762
4763	4762
1976	1972
1976	4764
4766	4764
4766	4765
4767	4765
4767	1970
1979	1976
1979	1977
1982	1979
1982	4768
4769	4768
4769	1980
1852	1982
1852	4770
4771	4770
4771	1983
1985	1983
1985	1981
1988	1985
1988	4772
4773	4772
4773	1986
1861	1988
1861	4774
4777	4774
4777	4775
4778	4775
4778	4776
4779	4776
4779	1989
1991	1989
1991	4780
4781	4780
4781	1987
1994	1991
1994	1992
1997	1994
1997	4782
4784	4782
4784	4783
4785	4783
4785	1995
1870	1997
1870	4786
4788	4786
4788	4787
4789	4787
4789	1998
2000	1998
2000	1996
2003	2000
2003	4790
4791	4790
4791	2001
4792	2003
4792	2004
4794	4792
4794	4793
2006	4794
2006	4795
2009	2006
2009	2007
2012	2009
2012	2010
4796	2012
4796	2013
1873	4796
1873	4797
4798	2013
4798	2011
2015	4798
2015	4799
4800	2015
4800	2016
4802	4800
4802	4801
2018	4802
2018	4803
2021	2018
2021	4804
4805	4804
4805	2019
2024	2021
2024	4806
4807	4806
4807	2022
1881	2024
1881	4808
4811	4808
4811	4809
4812	4809
4812	4810
4813	4810
4813	2025
2027	2025
2027	4814
4816	4814
4816	4815
4817	4815
4817	2023
2030	2027
2030	4818
4820	4818
4820	4819
4821	4819
4821	2028
2033	2030
2033	4822
4823	4822
4823	2031
2036	2033
2036	4824
4825	4824
4825	2034
4826	2036
4826	2037
1884	4826
1884	4827
4829	2037
4829	4828
4830	4828
4830	2035
4832	4829
4832	4830
4833	4830
4833	4831
1893	4832
1893	4833
4835	4833
4835	4834
2039	2034
2039	4836
4837	4836
4837	2032
2042	2039
2042	4838
4841	4838
4841	4839
4842	4839
4842	4840
4843	4840
4843	2040
2045	2042
2045	4844
4847	4844
4847	4845
4848	4845
4848	4846
4849	4846
4849	2043
4850	2045
4850	2046
2048	4850
2048	4851
2051	2048
2051	4852
4853	4852
4853	2049
4854	2051
4854	2052
2054	4854
2054	4855
1896	2054
1896	4856
4857	4856
4857	2055
4858	2055
4858	2053
2057	4858
2057	4859
2060	2057
2060	4860
4861	4860
4861	2058
1908	2060
1908	4862
4863	4862
4863	2061
2063	2061
2063	4864
4867	4864
4867	4865
4868	4865
4868	4866
4869	4866
4869	2059
2066	2063
2066	4870
4873	4870
4873	4871
4874	4871
4874	4872
4875	4872
4875	2064
1923	2066
1923	2067
2069	2067
2069	4876
4878	4876
4878	4877
4879	4877
4879	2065
1926	2069
1926	4880
4883	4880
4883	4881
4884	4881
4884	4882
4885	4882
4885	2070
4887	2070
4887	4886
4888	4886
4888	2068
2072	4887
2072	4888
4890	4888
4890	4889
2075	2072
2075	4891
4893	4891
4893	4892
4894	4892
4894	2073
2078	2075
2078	2076
2081	2078
2081	4895
4896	4895
4896	2079
2084	2081
2084	2082
4897	2084
4897	2085
1931	4897
1931	4898
4899	2085
4899	2083
1952	4899
1952	4900
4901	2082
4901	2080
4903	4901
4903	4902
4905	4903
4905	4904
4907	4905
4907	4906
2087	4907
2087	4908
4909	2087
4909	2088
4911	4909
4911	4910
4913	4911
4913	4912
4915	4913
4915	4914
1955	4915
1955	4916
4917	2088
4917	2086
2090	4917
2090	4918
4919	2090
4919	2091
4921	4919
4921	4920
4923	4921
4923	4922
4925	4923
4925	4924
1958	4925
1958	4926
4927	2091
4927	2089
4929	4927
4929	4928
4931	4929
4931	4930
4933	4931
4933	4932
2093	4933
2093	4934
2096	2093
2096	2094
4935	2096
4935	2097
1961	4935
1961	4936
4937	2097
4937	2095
1964	4937
1964	4938
2099	2094
2099	4939
4940	4939
4940	2092
2102	2099
2102	2100
2105	2102
2105	4941
4942	4941
4942	2103
2108	2105
2108	4943
4944	4943
4944	2106
4945	2108
4945	2109
1967	4945
1967	4946
2111	2109
2111	2107
2002	2111
2002	4947
4948	4947
4948	2112
4949	2112
4949	2110
2104	4949
2104	4950
2114	2103
2114	4951
4952	4951
4952	2101
2117	2114
2117	2115
4953	2117
4953	2118
4955	4953
4955	4954
4957	4955
4957	4956
4959	4957
4959	4958
2005	4959
2005	4960
2120	2118
2120	4961
4962	4961
4962	2116
4964	2120
4964	4963
4965	4963
4965	2121
2123	4964
2123	4965
4967	4965
4967	4966
2126	2123
2126	4968
4969	4968
4969	2124
4970	2126
4970	2127
4972	4970
4972	4971
4974	4972
4974	4973
4976	4974
4976	4975
2008	4976
2008	4977
2129	2127
2129	4978
4979	4978
4979	2125
4980	2129
4980	2130
2014	4980
2014	4981
2132	2130
2132	4982
4983	4982
4983	2128
2135	2132
2135	4984
4985	4984
4985	2133
4987	2135
4987	4986
4988	4986
4988	2136
2017	4987
2017	4988
4990	4988
4990	4989
4991	2136
4991	2134
2041	4991
2041	4992
2138	2133
2138	2131
4993	2138
4993	2139
4995	4993
4995	4994
2141	4995
2141	4996
4997	2141
4997	2142
2144	4997
2144	4998
2044	2144
2044	4999
5001	4999
5001	5000
5002	5000
5002	2145
2147	2145
2147	5003
5004	5003
5004	2143
2047	2147
2047	2148
2150	2148
2150	5005
5006	5005
5006	2146
5008	2150
5008	5007
5009	5007
5009	2151
5011	5008
5011	5009
5012	5009
5012	5010
2153	5011
2153	5012
5014	5012
5014	5013
2062	2153
2062	5015
5016	5015
5016	2154
2071	2154
2071	2152
2156	2151
2156	2149
2159	2156
2159	5017
5018	5017
5018	2157
2074	2159
2074	5019
5022	5019
5022	5020
5023	5020
5023	5021
5024	5021
5024	2160
5026	2160
5026	5025
5027	5025
5027	2158
2162	5026
2162	5027
5029	5027
5029	5028
2165	2162
2165	2163
5030	2165
5030	2166
5032	5030
5032	5031
2168	5032
2168	5033
2171	2168
2171	5034
5035	5034
5035	2169
2113	2171
2113	2172
2119	2172
2119	2170
2174	2169
2174	5036
5037	5036
5037	2167
5038	2174
5038	2175
2122	5038
2122	5039
2164	2175
2164	5040
5041	5040
5041	2173
5042	2163
5042	2161
2137	5042
2137	5043
2140	2157
2140	5044
5045	5044
5045	2155
5046	2100
5046	2098
5048	5046
5048	5047
5050	5048
5050	5049
5052	5050
5052	5051
5054	5052
5054	5053
5056	5054
5056	5055
5058	5056
5058	5057
5060	5058
5060	5059
5062	5060
5062	5061
5064	5062
5064	5063
5066	5064
5066	5065
2077	5066
2077	5067
5068	2058
5068	2056
2050	5068
2050	5069
2029	2040
2029	5070
5071	5070
5071	2038
2020	2028
2020	2026
2177	2001
2177	5072
5073	5072
5073	1999
2180	2177
2180	5074
5076	5074
5076	5075
5077	5075
5077	2178
1975	2180
1975	5078
5080	5078
5080	5079
5081	5079
5081	2181
1990	2181
1990	2179
1993	2178
1993	5082
5084	5082
5084	5083
5085	5083
5085	2176
1978	1986
1978	5086
5087	5086
5087	1984
5088	1922
5088	1920
1911	5088
1911	5089
5090	322
5090	320
5092	5090
5092	5091
314	5092
314	5093
5094	259
5094	257
5096	5094
5096	5095
5098	5096
5098	5097
5100	5098
5100	5099
2183	5100
2183	5101
5102	2183
5102	2184
2186	5102
2186	5103
5104	2186
5104	2187
5106	5104
5106	5105
5108	5106
5108	5107
5110	5108
5110	5109
230	5110
230	5111
5112	2187
5112	2185
5114	5112
5114	5113
5116	5114
5116	5115
5118	5116
5118	5117
242	5118
242	5119
5120	2184
5120	2182
5122	5120
5122	5121
5124	5122
5124	5123
5126	5124
5126	5125
245	5126
245	5127
5128	256
5128	254
248	5128
248	5129
5130	241
5130	239
233	5130
233	5131
5132	160
5132	158
152	5132
152	5133
5134	145
5134	143
137	5134
137	5135
5136	31
5136	29
23	5136
23	5137
5138	2188
5138	2189
5140	5138
5140	5139
5142	5140
5142	5141
5144	5142
5144	5143
5146	5144
5146	5145
2188	5146
2188	5147
5148	2190
5148	2191
5150	5148
5150	5149
5152	5150
5152	5151
5154	5152
5154	5153
5156	5154
5156	5155
2190	5156
2190	5157
0	2
2196	2
3	5
2197	5
6	8
9	2253
12	2253
5158	2253
5158	2254
13	2254
13	2255
9	12
14	2283
13	2283
13	2284
5158	2284
5158	2285
12	2285
12	16
17	19
17	2198
20	22
2199	22
23	25
26	28
29	31
32	2307
33	2307
35	2326
2208	2326
2209	2326
35	2208
38	2219
2211	2219
2210	2219
2210	2218
39	2218
41	2241
2233	2241
2233	2240
2232	2240
2232	43
44	2338
2243	2338
2242	2338
2242	46
47	2350
48	2350
50	52
53	2258
2250	2258
2251	2258
2251	2257
2252	2257
2252	2256
53	2250
56	2357
2261	2357
2260	2357
2260	2358
2259	2358
2259	58
59	61
59	2266
62	64
2267	64
65	67
68	2287
2276	2287
2277	2287
2277	2286
68	2276
71	73
71	2282
2279	2282
2279	2281
2278	2281
2278	2280
74	76
2289	76
2289	2290
2288	2290
77	2404
2291	2404
2291	2405
5209	2405
5209	2406
2292	2406
5209	2292
5209	78
80	2299
2296	2299
81	2299
83	85
83	2304
2303	2304
86	2436
2305	2436
2305	88
89	91
89	2306
92	2441
2310	2441
2311	2441
2311	2442
2312	2442
92	2310
95	2464
2315	2464
5210	2464
5210	97
5210	2317
2314	2317
2313	2317
2313	2316
5210	2314
98	100
2319	100
2319	2320
2318	2320
101	2327
5211	2327
5211	103
5211	2325
2324	2325
5211	2324
104	2475
2328	2475
2328	106
107	109
107	2331
110	112
2332	112
113	2340
114	2340
2337	2340
2337	2339
116	118
2342	118
2342	2344
2341	2344
2341	2343
119	2496
2346	2496
2345	2496
2345	2497
120	2497
122	124
122	2349
125	127
128	2361
5213	2361
5212	2361
5212	2360
5212	2359
2352	2359
5212	2352
5212	2351
5213	2351
5213	129
131	2515
2364	2515
2363	2515
2363	2516
2362	2516
2362	133
134	2522
135	2522
137	139
140	142
143	145
146	148
146	2367
149	151
2368	151
152	154
155	157
158	160
161	2379
162	2379
164	166
2380	166
167	2581
2389	2581
2390	2581
2390	2582
2391	2582
167	2389
5214	5215
170	2407
5214	2407
5215	2407
5215	172
5215	2397
5216	2397
5216	2396
5217	2396
5217	2395
2392	2395
5217	2392
5217	2393
5216	2393
5216	2394
5214	2394
173	2403
2400	2403
2400	2402
2399	2402
2399	2401
2398	2401
2398	175
176	2586
2408	2586
2408	178
179	181
182	184
185	2608
2427	2608
185	2427
188	2447
2430	2447
2431	2447
188	2430
2428	2430
2428	2429
191	2445
2434	2445
2433	2445
2433	2446
2432	2446
2432	193
194	2437
195	2437
2435	2437
5218	5219
197	2444
5220	2444
5218	2444
5218	2443
2440	2443
5218	2440
5218	2439
5219	2439
5219	198
5219	2438
5220	2438
200	202
2448	202
203	205
203	2451
206	208
2452	208
209	2645
2453	2645
209	2453
212	214
212	2455
2454	2455
215	217
2456	217
2456	2457
218	220
221	2476
2471	2476
221	2471
224	2655
2477	2655
2477	226
227	229
227	2478
230	232
2479	232
233	235
236	238
239	241
242	244
242	2482
245	247
2483	247
248	250
251	253
254	256
257	259
257	2486
260	262
2487	262
263	265
266	2707
267	2707
269	271
272	2500
5221	2500
5221	2499
2494	2499
2495	2499
2495	2498
5221	2494
5221	273
5222	5224
5223	5222
275	2738
5223	2738
5222	2738
5222	2739
5224	2739
2505	2739
5224	2505
5224	2504
2501	2504
5224	2501
5225	2501
5225	2502
5225	2503
5223	2503
278	4658
2507	4658
2507	280
2507	2508
2506	2508
281	283
2512	283
284	2518
285	2518
2513	2518
2513	2517
2514	2517
287	4663
2520	4663
2520	4664
2519	4664
2519	289
290	292
290	2521
293	295
296	298
299	2533
300	2533
302	304
2534	304
2534	2535
305	307
305	2543
2542	2543
308	310
308	2546
2544	2546
2544	2545
311	2553
2548	2553
2547	2553
2547	313
314	316
314	2558
2557	2558
317	2560
2559	2560
2559	319
320	322
2564	322
2564	2565
323	325
323	2567
2566	2567
326	328
2568	328
2568	2569
329	4720
5227	4720
5226	4720
5226	4721
2573	4721
2574	4721
2574	4722
5226	2573
5226	2572
5227	2572
5227	2571
2570	2571
5227	2570
332	2583
2578	2583
5228	2583
5228	334
5228	2580
2576	2580
2576	2579
2575	2579
5228	2576
5228	2577
335	2588
2584	2588
336	2588
336	2587
2585	2587
338	2600
2598	2600
5229	2600
5229	2599
5229	340
2597	340
5229	2597
341	343
2602	343
2602	2603
2601	2603
344	346
344	2605
2604	2605
347	4753
2606	4753
2606	349
350	2609
351	2609
2607	2609
353	4755
2610	4755
2610	355
356	2611
357	2611
359	2615
2612	2615
360	2615
362	364
362	2617
2616	2617
365	367
2618	367
2618	2619
368	2757
2620	2757
5230	2757
5230	2758
5231	2758
5231	2759
2622	2759
5231	2622
5231	2621
5230	2621
5230	369
371	373
371	2626
2624	2626
2624	2625
2623	2625
374	2780
5161	2780
5162	2780
5162	2781
378	2781
374	5161
374	5160
2628	5160
2628	5159
2627	5159
2627	377
379	2800
378	2800
5162	2800
5162	2801
5161	2801
5161	381
5160	381
5160	2630
5159	2630
5159	2629
377	2629
382	384
2632	384
2632	2634
2631	2634
2631	2633
385	2805
2636	2805
2636	387
2635	387
2635	2637
388	2642
2641	2642
2641	390
391	393
2643	393
2643	2644
394	2807
395	2807
2646	2807
397	2650
2647	2650
398	2650
400	2813
2651	2813
401	2813
403	2656
2654	2656
403	2654
406	2817
2657	2817
5233	2817
5233	2818
5232	2818
5232	2819
2659	2819
5232	2659
5232	2658
5233	2658
5233	407
409	2667
2661	2667
2660	2667
2660	2666
410	2666
412	4644
2669	4644
2669	4645
2668	4645
2668	4646
413	4646
2670	4646
415	4643
2677	4643
416	4643
2678	4643
2678	4642
2679	4642
2679	4641
418	420
418	2684
2681	2684
2681	2683
2680	2683
2680	2682
421	423
421	2690
2687	2690
2687	2689
2686	2689
2686	2688
2685	2688
424	2699
2693	2699
2692	2699
2692	2698
2691	2698
2691	426
427	2760
2701	2760
2703	2760
2701	2703
2700	2703
2700	2702
430	2708
2705	2708
2705	432
2705	2706
2704	2706
433	435
2709	435
436	2756
437	2756
2724	2756
2724	2755
2725	2755
2725	2754
439	2744
2727	2744
2727	2745
2726	2745
2726	441
442	2752
2732	2752
2733	2752
2733	2753
442	2732
445	447
445	2737
2735	2737
2735	2736
2734	2736
448	2747
2742	2747
2743	2747
2743	2746
448	2742
451	2890
2761	2890
2761	453
454	2893
455	2893
2766	2893
2766	2894
2767	2894
457	459
2769	459
2769	2771
2768	2771
2768	2770
460	462
460	2775
2773	2775
2773	2774
2772	2774
463	2779
2777	2779
2777	2778
2776	2778
2776	465
466	2902
2782	2902
2783	2902
466	2782
469	2920
2785	2920
2784	2920
2784	2921
470	2921
472	2931
473	2931
2792	2931
475	2802
5234	2802
2795	2802
5234	2795
5234	2794
2793	2794
5234	2793
478	480
2797	480
2797	2799
2796	2799
2796	2798
481	2808
2803	2808
2803	483
484	2806
485	2806
2804	2806
487	489
2809	489
490	492
490	2810
493	2816
2811	2816
494	2816
494	2815
2812	2815
2812	2814
496	498
496	2820
499	2937
2821	2937
5236	2937
5236	599
5235	599
5235	5165
5235	600
2824	600
2824	2935
5235	2824
5235	2823
5235	2822
5236	2822
5236	500
502	504
2827	504
2827	2830
2826	2830
2826	2829
2825	2829
2825	2828
505	507
5237	507
5237	2836
5237	2835
2832	2835
2832	2834
2831	2834
5237	2832
5237	2833
508	510
2839	510
2839	2842
2838	2842
2838	2841
2837	2841
2837	2840
511	513
511	2848
2845	2848
2845	2847
2844	2847
2844	2846
2843	2846
5238	5239
514	2968
5240	2968
5238	2968
5238	2969
5238	516
5238	2854
5239	2854
5239	2853
5241	2853
5241	2852
2849	2852
5241	2849
5241	2850
5239	2850
5240	2850
5240	2851
517	524
2857	524
2856	524
5242	524
5242	5163
5242	523
5243	523
2858	523
5243	2858
5243	518
5243	2855
5242	2855
520	522
2859	522
525	527
524	527
524	2862
5163	2862
5163	2861
523	2861
523	2860
528	530
528	532
2865	532
2865	5164
2864	5164
2864	531
2863	531
533	3021
532	3021
532	535
5164	535
5164	2867
531	2867
531	2866
536	3027
2869	3027
2869	538
2868	538
2868	2870
539	3029
2873	3029
2874	3029
539	2873
539	2872
2871	2872
542	4640
2877	4640
5244	4640
5244	544
5244	2879
2875	2879
2875	2878
5244	2875
5244	2876
545	547
545	2883
2881	2883
2881	2882
2880	2882
548	2892
2885	2892
5245	2892
5245	2891
2886	2891
5245	2886
5245	549
5245	2884
551	4639
2895	4639
551	2895
554	556
5246	556
5246	2897
2896	2897
5246	2896
557	2899
2898	2899
2898	559
560	562
560	2901
2900	2901
563	565
563	2907
566	568
2908	568
569	3057
2913	3057
569	2913
572	2922
2919	2922
572	2919
572	2918
2917	2918
575	577
2923	577
578	580
578	2924
581	583
581	2926
2925	2926
584	586
2927	586
2927	2928
587	589
587	2930
2929	2930
590	592
590	2932
593	595
2933	595
596	2939
5248	2939
5247	2939
5247	2938
600	2938
2934	2938
5247	600
5247	5165
5247	599
5248	599
5248	2936
596	2936
601	603
2941	603
2941	2943
2940	2943
2940	2942
604	3082
2949	3082
5249	3082
5249	3083
5249	606
5249	605
5249	2948
607	609
614	5173
612	5173
770	617
5166	617
613	617
618	620
618	2954
621	623
2955	623
624	626
627	629
630	632
630	2956
633	635
2957	635
636	638
639	3143
640	3143
2962	3143
2962	3144
2963	3144
642	2970
5250	2970
2967	2970
5250	2967
5250	2966
2964	2966
5250	2964
5250	2965
645	647
2971	647
648	3168
2973	3168
2974	3168
2974	3169
2975	3169
2975	3170
648	2973
648	2972
651	3176
5252	3176
5252	653
5251	653
5251	2982
5251	2981
2977	2981
2976	2981
2976	2980
5251	2977
5251	2978
5251	2979
5252	2979
654	2991
2985	2991
2985	2990
2984	2990
5253	2990
5253	656
5253	2986
2983	2986
5253	2983
657	659
2987	659
660	662
2993	662
2993	2994
2992	2994
663	665
3001	665
3001	3002
666	856
3003	856
3003	5176
667	5176
667	5177
3004	5177
3004	5178
3005	5178
3005	5179
3006	5179
3006	857
669	671
3009	671
3009	3012
3008	3012
3008	3011
3007	3011
3007	3010
672	674
3015	674
3015	3017
3014	3017
3014	3016
3013	3016
675	3023
3019	3023
3019	3022
5254	3022
5254	677
5254	3020
3018	3020
5254	3018
678	3028
3025	3028
3024	3028
3026	3028
3024	3026
681	3036
682	3036
684	686
3037	686
687	689
690	692
693	695
696	698
696	3040
699	701
3041	701
702	704
705	707
708	3275
3042	3275
3043	3275
3043	3276
708	3042
711	713
3045	713
3045	3047
3044	3047
3044	3046
714	716
714	3052
3049	3052
3049	3051
3048	3051
3048	3050
717	3062
3055	3062
3055	3061
3054	3061
3054	3060
5255	3060
5255	719
5255	718
5255	3053
720	722
720	3056
723	3301
3065	3301
3065	3302
3064	3302
3064	3303
3063	3303
3063	725
726	728
729	3308
730	3308
3066	3308
3066	3309
3067	3309
732	3314
5257	3314
5256	3314
5256	3315
5256	734
5256	3072
5256	3071
5257	3071
5257	3070
3068	3070
5257	3068
5257	3069
735	737
3075	737
3075	3077
3074	3077
3074	3076
3073	3076
738	3081
3079	3081
3078	3081
3078	3080
739	3080
741	3318
742	3318
3086	3318
3086	3319
3087	3319
5258	5259
5260	5259
5260	5261
5262	5261
744	3327
5263	3327
5260	3327
5260	3328
5258	3328
5258	3329
5258	746
5258	748
5259	748
5259	5167
5261	5167
5261	747
5264	747
5264	745
5264	3088
5264	3089
5263	3089
5264	5263
5262	5263
749	751
749	753
748	753
748	5169
5167	5169
5167	5168
747	5168
747	752
5267	5266
754	3365
753	3365
5265	3365
5265	756
5265	3093
5266	3093
5266	3092
5268	3092
5268	3091
5269	3091
5269	3090
752	3090
5269	752
5269	5168
5268	5168
5267	5168
5267	5169
5265	5169
5267	5265
757	3367
5270	3367
5270	759
5270	761
5270	5180
3097	5180
3097	5181
3096	5181
3096	5182
3095	5182
3094	5182
3098	5182
3094	3098
5270	3097
760	5172
3099	5172
3100	5172
3099	3100
765	5175
3101	5175
3101	770
3101	769
772	774
3103	774
775	777
778	780
778	3114
766	782
5170	782
5170	3115
5171	3115
5171	781
771	785
5174	785
787	3124
788	3124
790	792
793	795
3125	795
796	798
799	3134
800	3134
802	804
3135	804
3135	3136
805	3145
3142	3145
805	3142
805	3141
3140	3141
808	810
3146	810
3146	3147
811	3458
3148	3458
3149	3458
3148	3149
814	3467
5271	3467
5271	3468
5272	3468
3152	3468
3152	3469
5272	3152
5272	3151
5272	815
5271	815
5271	3150
817	819
817	3157
3154	3157
3154	3156
3153	3156
3153	3155
820	822
3160	822
3160	3162
3159	3162
3159	3161
3158	3161
823	3167
3164	3167
3164	3166
3163	3166
3163	3165
824	3165
826	3527
827	3527
829	3177
830	3177
3175	3177
832	3180
3178	3180
3178	3179
833	3179
835	837
835	3188
3186	3188
3186	3187
3185	3187
838	3546
3190	3546
3190	840
3189	840
3189	3191
841	843
3192	843
3192	3193
844	3558
3194	3558
3195	3558
3194	3195
847	3199
3196	3199
3196	849
850	3565
3200	3565
3201	3565
3200	3201
5273	5276
5274	5273
5274	5277
5275	5274
5275	5278
853	3206
5275	3206
5274	3206
5274	3205
5273	3205
5273	3204
5276	3204
5179	3204
5179	3203
857	3203
5276	5179
5276	5178
5277	5178
5277	5177
5278	5177
5278	5176
5279	5176
5279	856
3202	856
5279	3202
5279	853
858	3573
3210	3573
3209	3573
3209	860
3209	3212
3208	3212
5280	3212
5280	3211
3207	3211
5280	3207
861	863
3214	863
3214	3216
3213	3216
3213	3215
864	3222
3218	3222
3218	3221
3217	3221
3217	866
867	3242
3224	3242
3223	3242
5281	3242
5281	3241
5281	869
5281	868
870	872
873	875
3244	875
3244	3246
3243	3246
3243	3245
876	878
3248	878
3248	3250
3247	3250
3247	3249
879	3262
3260	3262
3260	3261
3259	3261
3259	881
882	3266
3264	3266
3263	3266
3263	3265
883	3265
885	887
3268	887
3268	3270
3267	3270
3267	3269
888	890
888	3274
3272	3274
3272	3273
3271	3273
891	893
891	3277
894	896
3278	896
897	899
900	902
903	905
903	3279
906	908
3280	908
909	3627
3285	3627
909	3285
912	914
3289	914
3289	3290
915	917
915	3293
915	3292
3291	3292
918	920
3295	920
3295	3296
3294	3296
921	3304
5283	3304
3300	3304
5283	3300
5283	3299
5282	3299
5282	3298
3297	3298
5282	3297
5282	921
924	926
924	3307
3305	3307
3305	3306
927	929
927	3310
930	3320
3311	3320
3311	932
933	3317
934	3317
3312	3317
3312	3316
3313	3316
936	3630
3321	3630
3322	3630
3322	3631
3321	3322
939	3330
3325	3330
3326	3330
939	3325
939	3324
3323	3324
942	944
3337	944
3337	3338
945	3643
3339	3643
3339	947
948	950
951	953
954	3667
3352	3667
3353	3667
954	3352
957	959
957	3357
3355	3357
3355	3356
3354	3356
960	3366
3363	3366
3363	962
3362	962
3362	3364
963	965
966	968
966	3370
969	971
3371	971
972	974
975	977
978	980
978	3380
981	4636
3381	4636
3382	4636
3381	3382
984	4629
3398	4629
3399	4629
3398	3399
987	989
3400	989
990	992
993	995
996	998
999	1001
999	3409
1002	1004
3410	1004
3410	3411
1005	3418
5284	3418
5180	3418
5181	3418
5181	3417
5182	3417
5182	3416
5182	3415
3413	3415
5182	3413
5284	5180
3412	5180
1006	5180
5284	3412
1008	3425
3422	3425
3421	3425
3421	3424
3420	3424
3420	3423
3419	3423
3419	1010
1011	1013
1011	3432
3428	3432
3428	3431
3427	3431
3427	3430
3426	3430
3426	3429
1014	1016
5285	1016
5285	3440
5285	3439
3435	3439
5286	3439
5286	3438
5286	3437
3433	3437
5286	3433
5286	3434
5285	3435
5285	3436
5287	5288
1017	3715
3444	3715
3443	3715
3443	3716
5287	3716
5287	3717
5288	3717
5288	1019
5288	3445
5289	3445
5289	1018
5289	3441
5289	3442
5287	3442
1020	1022
3446	1022
1023	1025
1026	1028
1026	3453
1029	3455
3454	3455
1030	3455
1032	3457
3456	3457
3456	1034
1035	3742
1036	3742
1036	3743
3459	3743
1038	1040
3463	1040
1041	3472
3464	3472
3465	3472
3465	3471
3466	3471
3466	3470
1041	3464
1044	1046
1044	3479
3475	3479
3475	3478
3474	3478
3474	3477
3473	3477
3473	3476
1047	3757
3483	3757
5290	3757
5290	1049
5290	3485
3481	3485
3481	3484
3480	3484
5290	3481
5290	3482
1050	1052
1050	3489
3487	3489
3487	3488
3486	3488
1053	3786
3491	3786
3491	1055
3490	1055
3490	3492
1056	4604
3493	4604
5291	4604
5291	1058
5291	1057
1059	3506
1060	3506
1062	1064
3507	1064
1065	1067
1068	1070
1071	1073
1071	3526
1074	1076
1077	1079
1080	3534
1081	3534
1083	1085
3535	1085
1086	1088
1086	3540
1089	1091
3541	1091
3541	3542
1092	4603
1093	4603
1095	1097
1098	1100
1098	3557
1101	3796
1102	3796
1104	1106
1104	3559
1107	3566
3563	3566
3564	3566
3563	3564
1110	3576
3567	3576
5292	3576
5292	3575
3568	3575
3568	3574
3569	3574
5292	3568
5292	1111
1113	1115
3571	1115
3571	3572
3570	3572
1116	4600
3579	4600
3578	4600
3578	4601
3577	4601
3577	4602
1117	4602
3580	4602
1119	4599
3587	4599
1120	4599
3588	4599
3588	4598
3589	4598
3589	4597
3590	4597
1122	3812
3593	3812
3593	3813
3592	3813
3592	3814
3591	3814
3591	1124
1125	1127
1125	3600
1128	1130
3601	1130
1131	1133
1134	1136
1137	1139
1140	1142
1143	1145
1146	1148
1146	3626
1149	3633
3628	3633
3629	3633
3629	3632
1149	3628
1152	1154
3635	1154
3635	3637
3634	3637
3634	3636
1155	3829
3639	3829
3638	3829
3638	3830
1156	3830
1158	1160
1158	3640
1161	1163
3641	1163
1164	3644
1165	3644
3642	3644
1167	3851
3645	3851
3645	1169
1170	3860
1171	3860
3646	3860
3646	3861
3647	3861
1173	1175
1173	3652
3649	3652
3649	3651
3648	3651
3648	3650
1176	3660
3655	3660
3655	3659
3654	3659
3654	3658
3653	3658
3653	1178
1179	3908
3663	3908
3662	3908
3662	3909
3661	3909
3661	1181
1182	3911
3664	3911
1182	3664
1185	1187
1185	3666
3665	3666
1188	1190
1191	1193
1194	3676
1195	3676
1197	3943
3677	3943
1198	3943
1200	3686
1201	3686
1203	1205
1206	1208
3687	1208
1209	1211
1212	1214
1215	1217
1215	3692
1218	1220
3693	1220
1221	1223
1224	1226
1227	3967
1228	3967
1230	1232
1233	3970
1234	3970
3702	3970
3702	3971
3703	3971
1236	3979
3705	3979
3704	3979
3704	1238
1239	4002
1240	4002
3710	4002
3710	4003
1242	4009
3711	4009
3711	1244
1245	3720
3712	3720
3713	3720
3713	3719
3714	3719
3714	3718
1245	3712
1248	3727
3723	3727
3722	3727
3722	3726
3721	3726
3721	1250
1251	4011
3729	4011
3728	4011
3728	1253
1254	4559
1255	4559
3734	4559
3734	4560
1257	4594
3735	4594
1258	4594
1260	3745
3740	3745
3741	3745
3741	3744
1260	3740
1263	4596
3747	4596
3746	4596
3746	1265
1266	1268
1266	3748
1269	1271
3749	1271
1272	3758
3753	3758
1272	3753
1272	3752
1275	1277
3755	1277
3755	3756
3754	3756
1278	1280
1278	3760
3759	3760
1281	4570
3767	4570
3767	1283
1284	4572
3768	4572
1284	3768
1287	3789
3775	3789
3775	1289
1290	1292
1290	3782
1293	4592
3790	4592
3790	1295
1296	3797
1297	3797
3795	3797
1299	4591
3798	4591
3798	1301
1302	3801
1303	3801
1305	1307
3802	1307
1308	1310
1308	3805
1311	1313
1311	3807
3806	3807
1314	3815
5293	3815
3811	3815
5293	3811
5293	3810
3808	3810
3808	3809
5293	3808
1317	1319
3816	1319
3816	3817
1320	1322
3818	1322
1323	1325
1326	1328
1326	3819
1329	1331
3820	1331
1332	3833
3821	3833
3822	3833
3822	3832
3823	3832
3823	3831
1332	3821
1335	1337
3826	1337
3826	3828
3825	3828
3825	3827
3824	3827
1338	1340
1338	1342
1338	5185
3836	5185
3836	5184
3835	5184
3835	5183
3834	5183
3834	1341
1343	4588
1342	4588
5185	4588
5185	4589
5295	4589
5296	4589
5296	4590
5294	4590
5294	1345
5294	3837
1341	3837
5294	1341
5294	5183
5296	5183
5296	5184
5295	5184
1346	1348
1346	3839
3838	3839
1349	1351
3840	1351
3840	3841
1352	4014
3842	4014
5297	4014
5297	4015
3844	4015
5297	3844
5297	3843
5297	1353
1355	4020
1359	4020
1355	1359
1355	5186
3846	5186
3846	1358
3845	1358
1360	3854
1359	3854
1359	3853
5298	3853
5298	3852
5298	1362
1358	1362
1358	3847
5298	1358
5298	5186
1363	1365
3857	1365
3857	3859
3856	3859
3856	3858
3855	3858
1366	3864
1367	3864
1369	1371
3865	1371
1372	4036
3866	4036
3867	4036
3867	4037
1372	3866
1375	1377
3869	1377
3869	3871
3868	3871
3868	3870
1378	1380
1378	3875
3873	3875
3873	3874
3872	3874
1381	1383
3877	1383
3877	3879
3876	3879
3876	3878
1384	4074
3884	4074
1384	3884
1384	3883
3881	3883
3881	3882
3880	3882
1387	1389
3887	1389
3887	3890
3886	3890
3886	3889
3885	3889
3885	3888
1390	1392
1390	3896
3893	3896
3893	3895
3892	3895
3892	3894
3891	3894
5299	5302
5300	5299
5301	5300
1393	3912
5299	3912
5302	3912
5302	1395
5302	3902
5303	3902
5303	3901
5301	3901
5301	3900
3897	3900
5301	3897
5301	3898
5300	3898
5300	3899
5299	3899
1396	3910
3905	3910
5305	3910
5305	1398
5305	3907
5304	3907
5304	3906
3903	3906
5304	3903
5304	3904
5305	3904
1399	3917
3916	3917
3916	1401
5306	5307
1402	4104
5306	4104
5307	4104
5307	4105
3932	4105
5307	3932
5307	3931
5308	3931
5308	1403
5308	3930
5306	3930
1405	3955
3934	3955
3934	3954
3933	3954
3933	1407
1408	1410
1411	1413
1411	3937
1414	1416
1414	3939
3938	3939
1417	1419
1417	3959
3957	3959
3957	3958
3956	3958
1420	1422
1420	3963
3961	3963
3961	3962
3960	3962
1423	3969
3965	3969
5309	3969
5309	3968
5309	1425
5309	3966
3964	3966
5309	3964
1426	4121
3972	4121
3973	4121
1426	3972
1429	4161
3975	4161
3974	4161
3974	1431
1432	3981
1433	3981
3978	3981
3978	3980
1435	4552
3983	4552
3982	4552
3982	1437
3982	3984
1438	4548
3989	4548
3990	4548
1438	3989
3988	3989
1441	4178
3992	4178
5310	4178
5310	4179
5310	1443
5310	3993
3991	3993
5310	3991
1444	4021
3994	4021
3995	4021
3994	3995
1447	4016
3999	4016
1448	4016
1450	4005
1451	4005
4000	4005
4000	4004
4001	4004
1453	4013
4007	4013
4006	4013
4006	4012
1454	4012
1456	4010
1457	4010
4008	4010
1459	4038
4027	4038
4028	4038
1459	4027
4025	4027
4025	4026
1462	4035
4031	4035
4031	4034
4030	4034
4030	1464
4029	1464
1465	1467
4039	1467
1468	1470
1471	1473
1474	1476
1474	4050
1477	4261
4051	4261
1478	4261
1478	4262
4052	4262
4052	4263
4053	4263
4053	4264
1480	1482
4055	1482
4055	4057
4054	4057
4054	4056
1483	4307
4059	4307
4059	4308
4058	4308
4058	1485
1486	4315
1487	4315
4064	4315
4064	4316
4065	4316
1489	4075
4067	4075
5311	4075
5311	1491
5311	4068
4066	4068
5311	4066
1492	4073
4072	4073
4072	1494
1495	1497
4076	1497
4076	4077
1498	1500
1498	4080
4078	4080
4078	4079
1501	1503
1501	4084
4082	4084
4082	4083
4081	4083
1504	1506
4086	1506
4086	4088
4085	4088
4085	4087
1507	4547
4090	4547
4089	4547
4089	1509
1510	1512
1510	4091
1513	1515
4092	1515
1516	4546
4093	4546
4094	4546
1516	4093
1519	4374
4096	4374
4096	1521
4095	1521
4095	4097
1522	1524
4101	1524
1525	4108
1526	4108
4102	4108
4102	4107
4103	4107
4103	4106
1528	1530
4111	1530
4111	4113
4110	4113
4110	4112
4109	4112
1531	4388
4115	4388
5312	4388
5312	4389
5312	4390
4116	4390
5312	4116
5312	1532
5312	4114
1534	1536
1534	4118
4117	4118
1537	4120
4119	4120
1538	4120
1540	4394
4122	4394
4123	4394
4123	4395
4124	4395
4124	4396
1540	4122
1543	1545
1543	4131
4127	4131
4127	4130
4126	4130
4126	4129
4125	4129
4125	4128
1546	1548
1546	1550
4135	1550
4134	1550
4134	5187
4133	5187
4133	1549
4132	1549
5313	5315
5314	5317
5315	5314
5318	5317
1551	4260
1550	4260
5313	4260
5313	4259
5315	4259
5315	4258
5314	4258
5314	4257
5317	4257
5317	1553
5317	4136
5319	4136
5319	1552
5319	1549
5318	1549
5318	5187
5316	5187
5316	1550
5318	5316
1554	4191
4137	4191
1555	4191
1557	4199
1558	4199
1560	4219
1561	4219
1563	4162
4160	4162
1563	4160
1566	1568
1566	4171
4169	4171
4169	4170
1569	4256
4173	4256
4173	1571
4173	4174
4172	4174
1572	4180
4175	4180
4176	4180
4177	4180
4175	4176
1575	1577
4181	1577
4181	4182
1578	1580
4183	1580
1581	1583
1584	1586
1584	4190
1587	4250
1588	4250
1590	4227
1591	4227
1593	1595
1596	1598
1599	1601
1599	4198
1602	1604
1605	1607
1608	1610
1608	4218
1611	1613
1614	1616
1617	4226
1618	4226
1620	1622
1623	1625
1623	4228
1626	1628
4229	1628
1629	1631
1632	1634
4251	1634
4251	4252
1635	1637
1638	4407
4269	4407
4270	4407
1638	4269
1641	4418
4272	4418
4271	4418
4271	4419
4273	4419
4271	4273
1644	1646
1644	4275
4274	4275
1647	4545
4276	4545
1648	4545
4277	4545
1650	4544
4290	4544
1651	4544
4291	4544
1653	4296
4295	4296
1654	4296
1656	4450
4300	4450
4300	1658
1659	4310
1660	4310
4301	4310
4301	4309
4302	4309
1662	4317
5320	4317
5320	1664
5320	4314
4311	4314
4311	4313
5320	4311
5320	4312
1665	4452
4320	4452
1665	4320
1665	4319
4318	4319
1668	1670
1668	4325
4322	4325
4322	4324
4321	4324
4321	4323
1671	4331
4328	4331
4328	4330
4327	4330
4327	4329
4326	4329
4326	1673
1674	4338
4334	4338
4333	4338
4333	4337
4332	4337
4332	1676
1677	4469
4340	4469
4340	4470
4339	4470
4339	1679
1680	4472
1681	4472
4341	4472
1683	1685
5321	1685
5321	4343
4342	4343
5321	4342
1686	4352
4344	4352
4344	4351
1687	4351
1689	1691
1689	4360
4358	4360
4358	4359
4357	4359
1692	4368
4362	4368
4361	4368
4361	4367
1693	4367
1695	4497
4370	4497
4370	1697
4370	4371
4369	4371
1698	4375
4372	4375
4373	4375
4372	4373
1701	1703
4376	1703
4376	4377
1704	1706
4378	1706
1707	4379
1708	4379
1710	1712
1710	4381
4380	4381
1713	4383
4382	4383
4382	1715
5323	5322
1716	4393
5322	4393
5322	4392
5324	4392
5325	4392
5325	4391
4387	4391
5325	4387
5325	4386
5324	4386
5324	4385
5323	4385
5323	1717
5323	4384
5322	4384
1719	1721
1722	1724
1722	4403
1725	1727
1728	4505
1729	4505
1731	4422
1732	4422
4416	4422
4416	4421
4417	4421
4417	4420
1734	4457
4430	4457
4429	4457
4429	4456
4428	4456
4428	4455
1735	4455
1737	4447
1738	4447
1740	1742
4448	1742
1743	4451
4449	4451
1743	4449
1746	1748
4460	1748
4460	4463
4459	4463
4459	4462
4458	4462
4458	4461
1749	4471
4466	4471
5327	4471
5328	4471
5328	1751
5328	4468
5326	4468
5326	4467
4464	4467
5326	4464
5326	4465
5328	4465
5327	4465
1752	4477
1753	4477
1755	1757
4478	1757
1758	1760
1761	1763
1764	4485
1765	4485
1767	1769
4486	1769
1770	1772
1770	4491
1773	1775
4492	1775
4492	4493
1776	1778
1779	1781
1782	1784
1782	4504
1785	1787
1788	1790
1791	4532
1792	4532
1794	1796
1797	1799
4533	1799
1800	1802
1803	4561
4553	4561
4554	4561
1803	4553
5331	5330
5332	5331
5330	5333
1806	1813
5329	1813
5331	1813
5331	5189
5330	5189
5330	5188
5333	5188
5333	1812
4565	1812
5333	4565
5333	4564
5334	4564
5334	4563
5332	4563
5332	1807
5332	4562
5331	4562
5329	4562
1809	4571
4568	4571
4567	4571
4567	1811
4567	4569
4566	4569
1814	4581
1813	4581
5189	4581
5336	4581
5336	4580
5336	4579
5337	4579
5335	4579
5335	1816
5335	4573
1812	4573
5335	1812
5337	1812
5337	5188
5336	5188
1817	1819
4574	1819
1820	1822
4584	1822
4584	4587
4583	4587
4583	4586
4582	4586
4582	4585
1823	4595
4593	4595
1823	4593
1826	1828
1829	1831
1832	1834
1835	4617
1836	4617
1838	1840
4618	1840
1841	1843
1844	1950
1844	5207
1847	5207
5194	5207
1844	1847
1849	4763
5200	4763
5199	4763
5199	1973
5199	5193
5199	1974
5198	1974
5338	1974
5338	4761
5339	4761
5339	1851
5339	4648
5196	4648
5196	4647
5195	4647
5195	1850
5194	1850
5195	5194
5339	5196
5339	5197
5338	5197
1849	5200
1849	2193
1849	5201
1852	4771
4650	4771
4649	4771
4649	1854
1855	1857
1855	4657
1858	4667
1859	4667
4661	4667
4661	4666
4662	4666
4662	4665
1861	4777
4670	4777
4669	4777
4669	4778
5341	4778
5341	4779
5340	4779
4671	4779
5340	4671
5340	1862
5340	4668
5341	4668
1864	1866
4672	1866
1867	1869
1870	4788
4675	4788
4676	4788
4676	4789
4677	4789
1870	4675
1873	1875
1873	4683
4680	4683
4680	4682
4679	4682
4679	4681
4678	4681
1876	4687
4686	4687
4686	1880
4685	1880
4685	5190
4685	1879
4684	1879
4684	1878
1881	4811
4688	4811
1880	4811
5342	4811
5342	4812
5342	4813
5343	4813
5343	1883
5343	4689
1879	4689
5343	1879
5342	1879
5342	5190
1884	1886
1884	4691
4690	4691
1887	4693
4692	4693
4692	1889
1890	1892
4694	1892
1893	4835
4699	4835
1893	4699
1896	4857
4700	4857
4701	4857
4700	4701
1899	1901
4702	1901
1902	4725
1903	4725
4711	4725
4711	4724
4712	4724
4712	4723
4713	4723
1905	4719
4716	4719
4716	4718
4715	4718
4715	4717
4714	4717
4714	1907
1908	4863
4728	4863
4727	4863
4727	1910
4726	1910
4726	4729
1911	1913
4730	1913
1914	1916
1914	4733
1917	1919
4734	1919
1920	1922
1920	4737
1923	1925
1923	4739
4738	4739
5344	5345
5345	5347
5346	5345
1926	4883
5348	4883
5346	4883
5346	4884
5344	4884
5344	4885
1930	4885
5344	1930
5344	5192
5345	5192
5345	5191
5347	5191
5347	1929
4740	1929
5347	4740
5348	4740
1931	1933
1930	1933
1930	1935
1930	5204
5192	5204
5192	2195
5192	5203
5191	5203
5191	2194
1929	2194
1929	5202
1929	1934
1936	1938
1935	1938
1935	1940
5204	1940
5204	5206
1941	1951
1941	5208
1941	2193
1941	5200
1940	5200
5206	5200
2195	5200
2195	5199
5203	5199
5203	5198
2194	5198
5349	5198
5349	5197
5350	5197
5350	5196
5352	5196
5351	5196
5351	5195
5351	2192
1943	2192
1943	5207
5351	1943
5351	4742
5352	4742
5352	4741
5350	4741
5350	1942
5349	1942
5349	1939
5349	5205
1944	1946
4744	1946
4744	4746
4743	4746
4743	4745
1947	4754
4748	4754
5353	4754
5353	1949
5353	4749
4747	4749
5353	4747
1952	1954
1955	1957
1955	4756
1958	1960
4757	1960
1961	1963
1964	1966
1967	1969
1967	4758
1970	4765
1973	4765
5193	4765
1974	4765
1974	4764
4760	4764
1970	1973
4759	1973
4759	4762
1975	5080
4767	5080
4766	5080
4766	5081
1976	5081
1978	5087
1979	5087
4768	5087
1981	1983
1981	4770
4769	4770
1984	5086
4772	5086
1984	4772
1987	4780
4776	4780
1987	4776
1987	4775
4773	4775
4773	4774
1990	1992
4781	1992
1993	5084
4782	5084
4783	5084
4783	5085
1993	4782
1996	1998
1996	4787
4785	4787
4785	4786
4784	4786
1999	5072
2000	5072
4790	5072
2002	4948
4791	4948
4791	2004
2005	2007
2008	2010
2011	2013
2014	2016
2017	4990
4804	4990
2017	4804
2020	2022
4805	2022
4805	4806
2023	4815
5354	4815
4809	4815
4809	4814
4810	4814
5354	4809
5354	4808
4807	4808
5354	4807
2026	2028
2026	4819
4817	4819
4817	4818
4816	4818
2029	5071
4821	5071
4821	2031
4820	2031
4820	4822
2032	4836
5355	4836
4824	4836
5355	4824
5355	2033
5355	4823
2035	4828
4825	4828
4825	2037
2038	5070
4839	5070
4840	5070
2038	4839
4837	4839
4837	4838
2041	2043
4843	2043
4843	4846
4842	4846
4842	4845
4841	4845
4841	4844
2044	5001
4849	5001
4848	5001
4848	5002
4847	5002
4847	2046
2047	2049
2047	4852
2050	2052
4853	2052
2053	2055
2053	4856
2056	2058
2056	4860
2059	4866
4861	4866
4861	4865
2060	4865
4862	4865
4862	4864
5357	5356
2062	5016
5357	5016
5356	5016
5356	2064
5356	4872
5356	4871
5358	4871
4867	4871
4867	4870
5358	4867
5358	4868
5358	4869
5357	4869
2065	4877
4875	4877
4874	4877
4874	4876
4873	4876
4873	2067
2068	4886
5359	4886
4882	4886
5359	4882
5359	4881
5360	4881
5360	4880
4878	4880
5360	4878
5360	4879
5359	4879
2071	2073
2071	4892
4890	4892
4890	4891
2074	5022
4894	5022
4893	5022
4893	5023
5361	5023
5361	5024
2075	5024
5361	2075
2077	2079
2077	4895
2080	2082
4896	2082
2083	2085
2086	2088
2089	2091
2092	4939
2093	4939
2095	2097
2098	2100
4940	2100
2101	4951
2102	4951
4941	4951
2104	2106
4942	2106
4942	4943
2107	2109
4944	2109
2110	2112
2110	4947
2113	2115
4952	2115
2116	4961
2117	4961
2119	2121
2119	4963
4962	4963
2122	2124
4967	2124
4967	4968
2125	4978
4969	4978
2126	4978
2128	4982
4979	4982
2129	4982
2131	2133
4983	2133
4983	4984
2134	2136
2134	4986
4985	4986
2137	2139
2140	5045
2141	5045
2143	5003
5000	5003
2143	5000
2143	4999
2146	5005
5004	5005
2147	5005
2149	2151
5006	2151
5006	5007
2152	2154
2152	5015
5014	5015
2155	5044
5017	5044
2155	5017
2158	5025
5362	5025
5020	5025
5021	5025
5362	5020
5362	5019
5018	5019
5362	5018
2161	2163
5029	2163
2164	5041
2165	5041
2167	5036
2168	5036
5034	5036
2170	2172
5035	2172
2173	5040
5037	5040
5037	2175
2176	5083
5073	5083
5363	5083
5364	5083
5364	5082
5075	5082
5364	5075
5364	5074
5363	5074
5363	2177
2179	2181
2179	5079
5077	5079
5077	5078
5076	5078
2182	2184
2185	2187
770	5166
610	5166
610	613
614	615
5173	615
766	5170
764	5170
5365	5170
5365	5171
762	5171
5365	762
5365	3102
760	3414
5172	3414
3116	3414
5172	3116
771	5174
767	5174
765	3117
5175	3117
770	3117
786	3117
1848	5201
5208	5201
1848	5208
1848	1951
2194	5205
5202	5205
5202	1939
1934	1939
5366	5367
5368	5369
5369	5366
5368	5370
4	5370
0	5370
0	5367
27	5367
24	5367
24	5366
21	5366
18	5366
18	5369
15	5369
10	5369
10	5368
7	5368
5376	5372
5378	5373
5373	5374
5374	5375
5379	5375
5375	5376
5380	5376
5376	5377
5378	5379
5379	5380
5380	5381
5382	5381
3	5381
2238	5381
2238	5377
2236	5377
2234	5377
2234	5372
42	5372
2228	5372
2228	5376
2224	5376
2224	5375
2220	5375
5371	5375
5371	5374
5371	5373
2213	5373
2215	5373
2217	5373
2217	5378
1	5378
1	5382
5371	2213
5371	40
5384	5385
5386	5385
2248	5385
51	5385
48	5385
2246	5385
2246	5384
2244	5384
5383	5384
2235	5384
2235	5386
2237	5386
2239	5386
6	5386
2239	6
5383	2235
5383	43
5383	45
54	9
54	8
54	2249
5388	5387
5393	5388
5388	5389
5394	5389
5389	5390
5391	5392
5392	5393
5393	5394
5394	5395
5395	5396
5396	5391
5391	5396
2270	5396
2268	5396
2268	5395
63	5395
63	5390
60	5390
60	5389
2264	5389
2264	5387
2262	5387
57	5387
55	5387
55	5388
11	5388
11	5393
14	5393
72	5393
72	5392
69	5392
66	5392
2274	5392
2274	5391
2272	5391
73	17
5398	5399
5400	5399
2297	5399
81	5399
2293	5399
2293	5398
75	5398
70	5398
70	5400
19	5400
20	5400
70	19
2293	75
31	5136
5401	5136
2300	5136
82	5136
2298	5136
2298	23
5401	2300
5401	84
32	84
90	84
5401	32
29	2201
5137	2201
25	2201
5402	5403
5405	5403
2214	5403
5404	5403
2204	5403
2202	5403
2202	5402
33	5402
30	5402
2200	5402
2200	5405
28	5405
2216	5405
28	2216
5404	2204
5404	2206
2212	2206
2212	36
5404	2212
102	35
102	2207
2321	2207
2321	2205
99	2205
99	2203
2308	2203
91	2203
99	2308
99	93
41	2231
2333	2231
111	2231
111	2227
108	2227
108	2223
2329	2223
2329	38
2329	37
105	37
41	2333
41	2335
44	2335
123	47
120	2347
117	2347
2245	2347
2247	2347
117	2245
115	2245
49	124
53	50
56	50
2353	50
2353	49
2353	126
141	59
141	2265
5408	2265
5408	2263
5407	2263
5407	58
5407	2356
5406	2356
5406	130
5406	132
138	132
5406	138
5406	2365
5408	2365
5406	5408
5409	5410
5411	5410
5411	5412
5412	5413
5414	5413
156	5413
153	5413
150	5413
5410	5413
150	5410
147	5410
144	5410
144	5409
142	5409
142	5411
61	5411
61	5414
62	5414
5415	5416
5418	5416
2273	5416
2275	5416
2375	5416
2373	5416
2373	5415
2371	5415
159	5415
2369	5415
2369	5418
5417	5418
2271	5418
5417	2271
5417	2269
157	2269
5417	157
2371	159
2275	2375
2275	2377
163	165
5421	5419
5421	5422
5423	5422
74	5422
174	5422
174	5419
2387	5419
2385	5419
2385	5421
2383	5421
5420	5421
5420	5423
2376	5423
2378	5423
2378	74
67	74
5420	2376
5420	2374
5420	2372
2381	2372
5420	2381
174	2387
174	168
175	77
172	177
83	2302
180	2302
2415	2302
5424	2302
5424	80
5424	2295
2411	2295
2409	2295
2409	79
2409	173
5424	2411
5424	2413
195	86
2417	86
181	86
195	2417
195	2419
192	2419
5425	2419
5425	2421
2423	2421
5425	2423
5425	2425
5425	186
5425	189
92	2309
198	2309
196	2309
88	2309
5428	5426
5426	5427
5429	5427
5432	5428
5428	5429
5433	5429
5429	5430
5432	5433
5435	5433
5433	5434
5435	5436
5437	5436
2461	5436
2458	5436
2458	5434
216	5434
216	5430
213	5430
213	5427
210	5427
207	5427
204	5427
204	5426
2449	5426
2449	5428
5431	5428
5431	5432
5431	5435
191	5435
199	5435
199	5437
94	5437
95	5437
5431	191
5431	190
5431	201
219	2467
2465	2467
2460	2467
2460	2469
2463	2469
2463	98
2465	2460
104	101
104	2323
5438	2323
2470	2323
5438	2470
5438	2468
5438	220
2472	220
5438	2472
228	231
237	107
237	2330
2480	2330
5440	2330
5440	106
5440	2474
5439	2474
5439	223
5439	225
5439	228
5439	234
5440	234
5441	5442
5442	5443
5443	5444
5445	5444
110	5444
252	5444
249	5444
246	5444
246	5443
243	5443
243	5442
240	5442
240	5441
238	5441
109	5441
109	5445
258	261
5447	5448
5449	5448
2336	5448
113	5448
116	5448
2490	5448
2490	5447
2488	5447
5446	5447
255	5447
2484	5447
2484	5449
253	5449
2334	5449
253	2334
5446	255
5446	258
5446	264
273	119
270	119
2492	119
2491	119
2492	2491
2492	2489
267	2489
125	122
125	2348
282	2348
5450	2348
5450	121
5450	274
279	274
5450	279
5450	2509
131	128
131	127
131	283
291	134
288	134
286	134
5451	5452
5453	5452
5454	5452
2527	5452
2525	5452
2523	5452
2523	5451
297	5451
294	5451
292	5451
136	5451
136	5453
137	5453
5134	5453
5134	5454
145	5454
2531	5454
2529	5454
145	2531
2527	2525
143	140
143	2366
5135	2366
5457	5455
5458	5455
5455	5456
5459	5456
5457	5458
5461	5458
5458	5459
5462	5459
5459	5460
5463	5460
5462	5463
5465	5463
2551	5463
2549	5463
2549	5464
312	5464
309	5464
306	5464
306	5460
2539	5460
2539	5456
2536	5456
2536	5455
303	5455
301	5455
2528	5455
2528	5457
2530	5457
2532	5457
2532	5461
148	5461
149	5461
5465	5461
149	5465
164	161
160	5132
5468	5132
5467	5132
5466	5132
5466	152
2552	152
5466	2552
5466	2550
5467	2550
2554	2550
5467	2554
5468	2554
5468	315
5468	318
5468	164
158	2370
5133	2370
154	2370
333	167
333	2388
330	2388
327	2388
327	2386
327	2384
324	2384
321	2384
2561	2384
2561	2382
319	2382
176	170
336	176
336	169
5470	5469
5471	5469
2422	5469
182	5469
339	5469
2593	5469
2593	5470
2412	5470
2414	5470
2414	5471
2416	5471
2418	5471
2420	5471
2416	2418
2593	2412
2589	2412
2589	2410
337	2410
351	185
351	2426
348	2426
348	2424
345	2424
342	2424
342	184
200	188
200	187
200	352
357	352
197	194
360	2613
358	2613
2450	2613
358	2450
5473	5472
5474	5472
5476	5472
5473	5474
5477	5474
5478	5474
5474	5475
5480	5477
5477	5478
5481	5478
205	5478
205	5479
206	5479
389	5479
2638	5479
2638	5475
386	5475
383	5475
380	5475
380	5472
375	5472
375	5476
372	5476
366	5476
366	5473
363	5473
363	5477
363	5480
361	5480
2614	5480
2614	5481
372	366
392	209
392	208
398	2648
395	2648
393	2648
211	2648
218	2466
5482	2466
2652	2466
2652	215
2652	214
2652	2649
401	2649
5482	2652
5482	404
5482	224
5482	221
410	2662
407	2662
405	2662
405	2664
405	227
230	229
260	259
5485	5483
5486	5483
5488	5484
5489	5484
5490	5484
425	5484
422	5484
416	5484
2674	5484
2674	5488
2183	5488
5100	5488
5100	5489
5098	5489
5096	5489
5096	5490
5492	5490
2694	5490
5492	2694
5492	2696
5094	2696
5492	5094
2674	2183
2674	5102
2671	5102
2671	2186
5487	2186
5487	5104
5486	5104
5486	5106
5485	5106
5485	5108
5491	5108
5491	5110
2665	5110
5491	2665
5491	2663
5485	2663
5485	411
5483	411
5483	413
5487	413
422	416
5493	5494
5496	5494
5494	5495
5496	5497
5498	5497
5116	5497
5114	5497
5114	5495
5112	5495
5107	5495
5109	5495
5109	5494
5111	5494
5111	5493
232	5493
233	5493
233	5496
5130	5496
5130	5498
241	5498
5118	5498
241	5118
5112	5107
5112	5105
239	236
5131	236
5131	2481
5503	5499
5499	5500
5504	5500
5500	5501
5505	5501
5501	5502
5503	5504
5507	5504
5504	5505
5508	5505
5505	5506
5509	5506
5507	5508
5511	5508
5508	5509
5512	5509
5512	5510
245	5510
5126	5510
5124	5510
5124	5506
5122	5506
5122	5502
5120	5502
2184	5502
2184	5501
5103	5501
5103	5500
2185	5500
2185	5499
5113	5499
5115	5499
5115	5503
5117	5503
5117	5507
5119	5507
5119	5511
244	5511
244	5512
5513	5514
5515	5514
256	5514
257	5514
5095	5514
5097	5514
5097	5513
5099	5513
5123	5513
5123	5515
5125	5515
5516	5515
5128	5515
5516	5128
5516	248
5127	248
5516	5127
5099	5123
5099	5121
5101	5121
254	2485
5129	2485
5129	251
266	263
5517	263
5517	262
5517	2697
5517	2695
431	2695
428	2695
5517	431
434	2710
5518	2710
5518	2712
2493	2712
5518	2493
5518	268
434	268
275	272
446	272
443	272
443	271
2730	271
2730	2713
2730	2711
2716	2711
2714	2711
2730	2716
2730	2718
2728	2718
2728	2720
440	2720
440	2722
5520	5519
5520	5521
5522	5521
5523	5521
1853	5521
1845	5521
1845	5519
367	5519
368	5519
438	5519
438	5520
439	5520
449	5520
449	5522
2740	5522
4653	5522
4653	5523
4651	5523
2740	4653
2740	4655
2740	1856
447	1856
447	278
1853	1845
284	281
287	281
4659	281
4659	2511
1857	2511
287	4659
293	290
1860	290
293	1860
1865	1860
293	1865
296	295
302	299
1871	299
1871	2526
4673	2526
4673	2524
1866	2524
1866	298
302	1871
302	1874
1888	305
1888	2541
1885	2541
1882	2541
1882	2538
1878	2538
1891	308
1891	307
314	2556
5092	2556
4697	2556
4695	2556
4695	311
4695	310
5092	4697
5092	1894
5090	1894
5090	1897
5090	1900
5090	4703
5090	4705
322	4705
320	2563
5524	2563
5524	317
5525	317
5525	316
5525	5093
5524	5093
5524	5091
1906	326
4709	326
4706	326
4709	4706
4707	4706
4707	4704
1906	4709
1907	329
5528	5526
5527	5528
5533	5528
5528	5529
5534	5529
5529	5530
5531	5527
5536	5527
5532	5527
5532	5533
5537	5533
5533	5534
5538	5534
5534	5535
5536	5537
5536	5532
5537	5538
5541	5538
5538	5539
5540	5541
5540	5537
5543	5541
2592	5541
2592	5542
2596	5542
2596	5539
2596	5535
338	5535
341	5535
341	5530
1918	5530
1915	5530
1915	5529
1915	5526
4731	5526
5527	5526
4731	5527
1912	5527
1912	5531
1909	5531
1904	5531
1904	5536
1905	5536
1905	5540
1905	5543
331	5543
332	5543
335	5543
1919	344
5544	5545
5548	5545
5549	5545
5545	5546
5547	5544
5548	5549
5551	5549
5549	5550
5552	5550
4750	5550
1948	5550
1945	5550
1945	5546
1942	5546
1937	5546
5544	5546
1937	5544
1921	5544
1921	5547
4735	5547
4735	5548
1916	5548
1916	5551
1917	5551
1917	5552
347	5552
1917	347
1937	1921
1937	1924
1932	1924
353	350
4752	350
353	4752
359	356
1947	356
359	1947
362	1947
1844	365
1943	365
1943	364
464	371
436	371
464	436
464	2723
461	2723
5554	2723
5554	2721
5554	2719
5553	2719
2764	2719
2764	2717
2764	2715
2762	2715
2762	433
452	433
452	430
5553	2764
5553	455
5553	458
5554	458
465	374
479	379
2790	379
2788	379
2788	376
5555	376
5555	463
5556	463
5556	462
5556	467
5556	470
5556	2786
5555	2786
479	2790
479	473
480	382
485	385
477	385
478	385
485	477
391	388
5557	388
5557	2640
486	2640
5557	486
5557	394
400	397
491	397
491	396
488	396
488	484
400	491
406	403
406	2653
495	2653
412	409
509	409
506	409
506	408
503	408
503	493
503	492
503	497
412	509
412	512
412	515
417	515
417	518
417	521
414	415
5558	415
5558	2676
5558	2673
522	421
5563	5559
5559	5560
5562	5563
5563	5564
5565	5564
5566	5564
2887	5564
2887	5560
549	5560
546	5560
543	5560
540	5560
540	5559
534	5559
529	5559
5562	5559
529	5562
5561	5562
424	5562
424	5565
427	5565
427	5566
451	5566
5561	424
5561	423
5561	520
5561	519
5561	526
540	534
450	2748
2729	2748
2731	2748
450	2729
448	2741
2751	2741
444	2741
550	454
550	2765
2889	2765
2889	2763
558	457
558	456
5567	456
5567	548
5567	547
5567	552
5567	555
466	460
561	460
559	460
5568	5569
5570	5568
5573	5568
5571	5568
5571	5572
5573	5571
5576	5571
5574	5571
5574	5575
468	5575
469	5575
573	5575
573	5572
2914	5572
2914	5569
570	5569
2911	5569
2911	5568
2909	5568
2909	5570
567	5570
564	5570
564	5573
564	5576
2905	5576
2903	5576
2903	5574
2903	468
5577	5578
5580	5578
5578	5579
5581	5579
582	5579
579	5579
576	5579
576	5578
574	5578
574	5577
471	5577
2787	5577
2787	5580
2789	5580
2791	5580
2791	5581
472	5581
585	5581
472	585
481	475
481	474
591	474
481	591
481	594
487	594
498	594
498	597
496	490
5583	5582
5583	5584
5586	5584
5585	5583
5585	5586
5588	5586
5586	5587
5589	5587
5588	5589
5591	5589
619	5589
619	5590
2952	5590
2952	5587
2950	5587
616	5587
616	5584
611	5584
611	5582
608	5582
605	5582
2944	5582
2944	5583
2944	5585
602	5585
602	5588
598	5588
501	5588
501	5591
502	5591
622	5591
623	505
5593	5594
5595	5594
631	5594
628	5594
5592	5594
620	5594
620	5593
621	5593
507	5593
508	5593
508	5595
637	5595
634	5595
5592	620
5592	625
638	511
643	514
2960	514
2958	514
2958	513
2958	636
643	2960
655	658
525	517
5596	517
5596	516
646	516
5596	646
5596	649
5596	652
5596	655
659	2988
527	2988
657	656
676	533
5597	533
5597	530
2995	530
2995	2989
661	2989
5597	2995
5597	2998
673	2998
673	664
670	664
5597	673
677	679
677	536
680	539
678	675
553	542
3032	542
3032	541
3030	541
674	541
553	3032
553	3034
554	3034
551	545
683	685
560	557
2904	557
5598	557
5599	557
5599	556
688	556
5599	688
5599	3038
5598	3038
5598	691
2906	691
5598	2906
5601	5600
5601	5602
5603	5602
5604	5602
566	5602
706	5602
706	5600
703	5600
700	5600
700	5601
697	5601
697	5603
694	5603
692	5603
692	5604
565	5604
721	569
721	2912
715	2912
712	2912
709	2912
709	2910
707	2910
721	715
575	572
5605	572
5605	2916
5605	571
3058	571
5605	3058
727	578
3059	578
727	3059
724	3059
719	3059
739	581
739	580
739	728
736	728
736	730
592	584
2947	584
2947	583
604	583
592	2947
593	2947
590	587
601	596
768	607
3084	607
738	607
3084	738
768	3084
763	3084
763	742
750	742
763	750
758	750
769	610
773	776
785	615
3112	615
3110	615
3108	615
3108	612
3106	612
3106	767
3104	767
3104	764
785	3112
785	779
5606	5607
5608	5607
3120	5607
791	5607
3118	5607
786	5607
786	5606
617	5606
2951	5606
2951	5608
2953	5608
624	5608
2953	624
791	3118
792	3122
3121	3122
3121	627
5610	5609
5610	5611
5612	5611
3130	5611
3128	5611
3126	5611
3126	5609
797	5609
794	5609
789	5609
790	5609
790	5610
3123	5610
3123	5612
629	5612
3132	5612
629	3132
3130	3128
5618	5614
5614	5615
5615	5616
5619	5616
5616	5617
5620	5617
5618	5619
5619	5620
5620	5621
5622	5621
2959	5621
2961	5621
639	5621
806	5621
806	5617
3137	5617
3137	5616
803	5616
5613	5616
5613	5615
5613	5614
3131	5614
3133	5614
632	5614
632	5618
633	5618
633	5622
5613	3131
5613	801
645	642
645	641
821	641
818	641
818	807
818	809
815	809
645	821
825	648
830	651
3173	651
3171	651
3171	650
3171	823
830	3173
660	654
831	654
660	831
848	3197
5623	3197
5624	3197
5624	663
5624	3000
3181	3000
3181	2997
834	2997
5624	3181
5624	836
5623	836
5623	839
5623	842
848	842
854	666
3198	666
854	3198
851	3198
865	3219
862	3219
668	3219
862	668
862	855
684	681
5626	5625
5626	5627
5628	5627
3229	5627
3227	5627
3225	5627
3225	5625
871	5625
3220	5625
3220	5626
671	5626
672	5626
3031	5626
3031	5628
3033	5628
3035	5628
3231	5628
3035	3231
871	3220
871	866
5630	5629
5631	5629
4637	5629
695	5629
3239	5629
3237	5629
3235	5629
3235	5630
3228	5630
3230	5630
3232	5630
3232	5631
687	5631
3232	687
3235	3228
3233	3228
3233	3226
695	3239
693	690
693	3039
4638	3039
5635	5632
5637	5633
5633	5634
5638	5634
5634	5635
5639	5635
5635	5636
5638	5639
5641	5639
3238	5639
3238	5640
3240	5640
698	5640
698	5636
699	5636
699	5632
880	5632
3255	5632
5634	5632
3255	5634
3251	5634
3251	5633
877	5633
874	5633
869	5633
869	5637
870	5637
3234	5637
5641	5637
3234	5641
3236	5641
883	702
881	702
886	889
708	705
886	705
886	704
890	892
5644	5642
5643	5642
904	5642
901	5642
898	5642
898	5644
895	5644
890	5644
710	5644
710	5643
907	5643
710	907
908	714
5645	5646
5649	5646
5646	5647
5648	5645
5649	5650
5651	5650
916	5650
913	5650
3286	5650
3286	5647
910	5647
3283	5647
3283	5646
3281	5646
3281	5645
905	5645
905	5648
906	5648
716	5648
717	5648
717	5649
717	5651
723	5651
922	5651
919	5651
729	726
925	726
923	726
934	732
5652	732
5652	731
5652	926
5652	918
5652	917
5652	928
5652	931
741	3085
935	3085
734	3085
940	744
940	743
940	933
940	932
952	3340
943	3340
3334	3340
3334	3342
3331	3342
3331	3344
941	3344
941	3346
746	3346
952	943
949	943
5655	5654
5657	5654
5656	5654
955	5654
3350	5654
3350	5655
5653	5655
3341	5655
3343	5655
3343	5657
3345	5657
3358	5657
3358	5656
958	5656
3345	3358
3347	3358
3347	961
751	961
5653	3341
5653	953
5653	3348
962	757
772	762
960	762
772	960
772	3361
3368	3361
3368	959
775	774
5659	5658
5660	5658
973	5658
970	5658
967	5658
965	5658
965	5659
3369	5659
3378	5659
3376	5659
3376	5660
3374	5660
3372	5660
3374	3372
3369	3378
994	778
5663	5661
5661	5662
5663	5664
5668	5666
5667	5668
5668	5669
5670	5669
3113	5669
3405	5669
3403	5669
3403	5666
3401	5666
3395	5666
3395	5668
3392	5668
3392	5667
3389	5667
3109	5667
3111	5667
3111	5670
3389	3109
5665	3109
5665	3107
5663	3107
5663	3105
3379	3105
5663	3379
5661	3379
5661	3377
5661	3375
5662	3375
5662	977
3383	977
982	977
5662	3383
5664	3383
5664	3386
5665	3386
3401	3395
991	3395
991	985
3113	3405
780	995
1006	781
1003	781
1003	780
1003	3407
1000	3407
787	3119
793	3119
1009	3119
1007	3119
783	3119
1021	796
1021	795
1015	795
1012	795
1021	1015
802	799
5671	799
5671	3129
3449	3129
3447	3129
3447	3127
3447	798
5671	3449
5671	1024
5671	3451
802	3451
802	1027
808	805
808	3139
1033	3139
1031	3139
1034	811
1042	814
1039	814
1032	814
1039	1032
3460	1032
3460	1029
3460	1028
1060	3494
5672	3494
1054	3494
1054	3496
1051	3496
1048	3496
1048	3498
1048	3500
1045	3500
1045	3502
1043	3502
1043	3504
816	3504
5672	1054
5672	1057
1061	1063
1072	826
5674	5675
5684	5675
5675	5676
5685	5676
5676	5677
5686	5677
5677	5678
5687	5678
5678	5679
5688	5679
5679	5680
5689	5680
5680	5681
5690	5681
5681	5682
5685	5686
5692	5686
5686	5687
5693	5687
5687	5688
5694	5688
5688	5689
5689	5690
5695	5690
5690	5691
5696	5691
3514	5691
3512	5691
3510	5691
5683	5691
5683	5682
3497	5682
3499	5682
3499	5681
3501	5681
3501	5680
3503	5680
3503	5679
3505	5679
3505	5678
3505	5677
819	5677
819	5676
820	5676
820	5675
3172	5675
3172	5674
5673	5674
5673	5684
3522	5684
3520	5684
5692	5684
3520	5692
3518	5692
1069	5692
1069	5693
3516	5693
3516	5694
3516	5695
1066	5695
1066	5696
5673	3522
5673	3524
3174	3524
5673	3174
5683	3497
5683	3495
3508	3495
5683	3508
828	1073
832	829
832	828
832	1075
5697	1075
5699	1075
5699	3528
5698	3528
5698	1078
3530	1078
5698	3530
5698	3532
5697	3532
5697	835
5697	3184
5698	5697
5703	5700
5700	5701
5704	5701
5701	5702
5705	5702
5707	5703
5703	5704
5708	5704
5704	5705
5709	5705
5705	5706
5710	5706
3533	5706
837	5706
838	5706
838	5702
3543	5702
3543	5701
3543	5700
1090	5700
1087	5700
1087	5703
3538	5703
3538	5707
3536	5707
1084	5707
1084	5708
1082	5708
1082	5709
1082	5710
3531	5710
1091	3547
5711	3547
5711	841
3545	841
5711	3545
1099	844
3548	844
1099	3548
3555	3548
3555	1089
3553	1089
1096	1089
1096	1088
3551	1088
3551	3549
850	847
1108	847
3560	847
3560	846
3560	1100
1105	1100
858	853
1114	853
1114	852
1111	852
1115	861
1126	1129
5713	5712
5713	5714
5715	5714
5716	5714
3606	5714
3604	5714
3604	5712
3602	5712
3598	5712
3596	5712
3596	5713
3594	5713
3594	5715
1123	5715
1120	5715
1120	5716
3584	5716
5717	5716
3608	5716
5717	3608
5717	1132
3584	1132
3584	3610
3581	3610
3581	1135
3581	873
3581	867
3581	864
1117	864
1112	864
1113	864
3602	3598
1136	876
5719	5718
5720	5718
5722	5719
5719	5720
5723	5720
5720	5721
5724	5721
5725	5721
894	5721
3618	5721
3618	5718
3616	5718
3614	5718
3614	5719
3612	5719
1133	5719
1133	5722
3611	5722
3254	5722
3254	5723
3258	5723
3258	5724
879	5724
879	5725
882	5725
893	5725
882	893
3611	3254
1134	3254
888	887
5727	5726
5728	5726
5729	5726
3617	5726
3620	5726
1138	5726
1138	5727
1130	5727
3603	5727
3603	5728
3605	5728
3605	5729
3607	5729
3615	5729
3607	3615
3607	3613
3609	3613
3617	3620
3619	3620
3619	897
1139	3622
3621	3622
3621	900
1128	1127
1141	1144
5731	5730
5732	5730
5733	5730
1137	5730
3623	5730
3623	5731
902	5731
3282	5731
3284	5731
3284	5732
1147	5732
3624	5732
3624	5733
1141	5733
1128	5733
3284	1147
902	3282
929	912
929	3288
930	3288
936	3288
5734	3288
5734	911
5734	1148
5734	1150
927	915
924	921
942	3336
1151	3336
1151	3333
938	3333
942	1151
1162	1151
1162	1153
1159	1153
1165	945
1165	944
1177	3656
1174	3656
1171	3656
1168	3656
1168	948
1166	948
954	3351
1186	3351
1183	3351
5735	3351
5735	3349
5736	3349
5736	951
5736	950
5736	3657
1180	3657
5736	1180
5735	1180
963	957
963	956
3668	956
1189	956
963	3668
1195	3672
3670	3672
5737	3672
5737	3674
3669	3674
3669	969
5737	3669
5737	1190
5737	1192
5739	5738
5740	5738
3680	5738
3678	5738
3673	5738
3675	5738
3675	5739
971	5739
972	5739
3684	5739
3684	5740
1204	5740
3682	5740
1204	3682
3678	3673
3678	1196
978	975
5741	975
5741	3373
3685	3373
5741	3685
5741	1205
981	980
987	986
987	4630
5743	4630
5743	4633
5742	4633
1203	4633
5742	1203
5742	1202
5742	1207
5743	1207
5744	1207
5744	1210
5744	987
983	4635
5745	4635
5747	4635
5747	4632
5747	984
5747	3397
5747	3394
5746	3394
5746	3391
5746	3388
5745	3388
5745	3385
5746	5745
1213	3690
3688	3690
3688	990
1211	990
1216	1219
996	3408
5750	3408
3406	3408
5750	3406
5750	3404
5749	3404
5749	3402
5748	3402
3691	3402
5748	3691
5748	1214
5748	1216
5748	996
5749	996
1225	3696
5751	3696
998	3696
5751	998
5751	1220
5751	3694
5751	1222
1013	1002
5752	1002
5752	1001
1231	1001
3698	1001
3698	3697
1228	3697
5752	1231
5752	1014
1008	1005
1008	1004
1246	1017
1232	1017
1246	1232
1246	3700
5753	3700
5753	1234
5753	1237
5753	3706
5753	3708
1246	3708
1243	3708
1023	3450
3724	3450
5754	3450
5754	3448
1247	3448
1247	1020
5754	1247
5754	1249
1035	1026
1035	3452
1261	3452
5757	3452
5757	1025
5757	3725
5756	3725
5755	3725
5755	1250
5755	1252
3736	1252
3736	3730
3736	3732
1258	3732
5755	3736
5755	3738
5756	3738
5757	3738
5763	5758
5758	5759
5764	5759
5759	5760
5765	5760
5760	5761
5766	5761
5768	5762
5762	5763
5769	5763
5763	5764
5764	5765
5770	5765
5765	5766
5771	5766
5766	5767
5768	5769
5773	5769
5769	5770
5770	5771
5774	5771
5771	5772
5773	5774
5774	5775
5776	5775
1047	5775
1047	5772
1276	5772
1276	5767
1273	5767
1273	5761
3750	5761
1270	5761
1270	5760
1270	5759
1267	5759
1267	5758
1264	5758
1262	5758
5762	5758
1262	5762
1037	5762
1037	5768
3462	5768
3462	5773
1038	5773
1038	5776
1046	5776
1044	1041
1277	1050
5778	5777
5779	5777
5778	5779
5781	5779
5779	5780
5782	5780
5781	5782
5784	5782
5785	5782
5782	5783
5787	5784
5784	5785
5785	5786
5787	5788
5789	5788
3783	5788
1291	5788
3780	5788
3780	5786
3778	5786
3778	5783
3776	5783
3776	5780
1288	5780
3772	5780
3772	5777
3769	5777
3764	5777
3764	5778
3761	5778
1279	5778
1279	5781
1279	5784
1274	5784
1274	5787
1275	5787
1275	5789
1052	5789
1053	5789
3769	3764
1285	3764
1094	1056
5790	1056
3785	1056
5790	3785
5790	1292
5790	3787
3552	3787
5790	3552
1062	1059
1830	1062
5791	1062
5791	1058
5791	1092
5792	1092
5792	3550
5793	3550
3539	3550
5793	3539
5793	3537
4605	3537
1827	3537
5793	4605
5792	4605
5792	1830
1836	4609
1833	4609
5796	4609
5796	4611
5795	4611
5795	4613
3513	4613
3513	4615
3515	4615
5795	3513
5795	3511
5794	3511
5794	3509
5794	1064
5794	1831
5794	4607
5796	4607
5794	5796
5797	5798
5807	5798
5798	5799
5799	5800
5808	5800
5800	5801
5801	5802
5809	5802
5802	5803
5810	5803
5803	5804
5805	5806
5806	5807
5806	5797
5807	5808
5808	5809
5809	5810
5810	5811
5811	5812
5812	5807
5805	5812
5805	5811
1837	5811
1837	5804
4610	5804
4610	5803
4612	5803
4612	5802
4614	5802
4616	5802
4616	5801
1067	5801
1067	5800
3517	5800
3517	5799
1068	5799
1068	5798
4625	5798
4623	5798
4623	5797
4621	5797
4621	5806
4619	5806
4619	5805
1839	5805
1074	1071
5814	1071
5814	3525
5814	3523
5815	3523
5815	3521
4624	3521
4626	3521
4626	3519
5815	4624
5815	4622
5816	4622
5816	4620
1842	4620
5816	1842
5816	4627
5816	1074
5816	5814
1843	1077
1843	3529
4628	3529
1083	1080
5818	1080
5819	1080
5819	1079
5819	1841
5819	1838
5818	1838
5818	1835
5817	1835
5817	1834
5817	1826
5817	1083
1289	1294
1101	1098
1101	3556
1297	3556
3793	3556
3793	3554
5822	3554
5822	1097
5821	1097
5821	3788
5820	3788
3781	3788
5820	3781
5820	3779
3791	3779
3791	3777
5820	3791
5821	3791
5821	3793
1303	3799
1300	3799
1298	3799
1298	1104
5824	5823
5825	5823
5824	5825
5827	5825
5828	5825
5825	5826
5829	5826
5827	5828
5831	5828
5832	5828
5828	5829
5833	5829
5829	5830
5831	5832
5835	5832
5832	5833
5836	5833
5833	5834
5837	5834
1116	5834
1121	5834
1121	5830
1122	5830
1122	5826
1122	5823
1315	5823
1309	5823
3803	5823
3803	5824
1306	5824
1306	5827
1304	5827
1304	5831
3800	5831
3800	5835
1106	5835
1106	5836
3562	5836
3562	5837
1107	5837
1110	5837
1315	1309
1118	1119
5838	1119
5838	3586
5839	3586
5839	3583
5838	3583
1324	1140
1324	1125
5840	1125
5840	3599
5841	3599
5841	3597
5842	3597
5842	3595
1316	3595
5842	1316
5842	1318
5841	1318
5841	1321
5840	1321
1143	1142
1145	1323
1149	1146
5843	1146
5843	3625
5844	3625
5844	1145
5844	1322
5844	1152
5843	1152
1336	1155
5845	1155
5845	1154
5845	1320
5845	1319
5845	1327
5845	1330
1336	1330
1337	1158
5846	5847
5849	5847
5850	5847
5847	5848
5851	5848
1161	5848
1164	5848
1167	5848
3848	5848
3848	5847
3848	5846
1361	5846
1356	5846
1356	5849
1353	5849
1350	5849
5852	5849
5852	5850
5852	5851
1334	5851
1335	5851
1160	5851
5852	1334
5852	1339
1347	1339
5852	1347
1364	1170
3850	1170
1364	3850
1367	3862
1365	3862
1172	3862
1388	1391
5856	5854
5854	5855
5857	5855
5858	5855
5857	5858
5860	5858
5858	5859
5861	5859
1179	5859
1397	5859
1388	5859
1385	5859
1385	5855
1385	5854
5853	5854
5853	5856
1370	5856
1368	5856
1368	5857
3863	5857
3863	5860
1175	5860
1176	5860
1176	5861
5853	1370
1376	1370
5853	1376
5853	1379
5853	1382
1397	1388
1398	1182
1188	1185
1188	1184
1191	1184
3913	1184
3913	1396
1191	3913
1197	1194
3921	1194
3918	1194
3918	3671
1401	3671
1197	3921
1197	3924
3940	3924
3940	3927
1415	3927
5862	3927
5862	1403
5862	1406
3935	1406
5862	3935
5862	1412
5863	5864
5866	5864
5867	5864
5865	5863
5865	5866
5869	5866
5866	5867
5870	5867
5867	5868
5871	5868
5869	5870
5873	5870
5870	5871
5874	5871
5871	5872
5875	5872
3944	5872
1416	5872
1416	5868
3942	5868
3942	5864
1199	5864
3679	5864
3679	5863
3681	5863
3681	5865
3683	5865
3683	5869
1200	5869
1206	5869
1206	5873
3948	5873
3948	5874
3946	5874
3946	5875
1212	3689
5880	3689
5878	3689
5877	3689
5877	1209
3949	1209
5877	3949
5878	3949
5878	3947
5879	3947
5876	3947
5876	3945
1413	3945
5876	1413
5876	3950
5879	3950
5879	3952
5880	3952
5880	1215
5879	5880
1218	1217
1221	3695
3953	3695
1221	3953
1410	3953
1410	3951
3936	3951
1227	1224
1227	1223
1421	1223
1421	1408
1418	1408
1227	1421
1233	3701
3699	3701
1233	3699
1233	1229
1433	1236
1430	3976
1423	3976
1235	3976
1430	1423
1427	1423
1238	1434
1451	1239
5882	1239
5884	1239
5884	3709
5883	3709
5883	3707
3985	3707
1436	3707
5883	3985
5882	3985
5881	3985
5881	1439
1445	1439
5881	1445
5881	3996
5881	1448
5882	1448
5883	5882
1452	1454
1457	1242
1452	1457
1244	1458
1248	1245
1248	1244
1804	4555
5885	4555
5886	4555
5886	1254
5886	3733
1455	3733
1455	3731
1456	3731
5886	1455
5886	1352
5885	1352
5885	1351
5890	5888
5888	5889
5891	5889
5892	5889
3763	5889
3766	5889
5887	5889
5887	5888
1805	5888
4558	5888
1256	5888
1256	5890
1257	5890
1824	5890
1268	5890
1269	5890
1269	5891
1269	5892
1280	5892
5887	1805
1810	1805
5887	1810
5887	1281
1263	1260
5893	1260
5893	3739
5893	3737
5893	1259
5893	1825
1823	1266
1278	1272
1278	3751
1811	1284
1293	1287
5896	5894
5897	5894
5894	5895
5898	5895
5899	5895
1305	5895
4575	5895
4575	5894
1818	5894
1818	5896
1815	5896
1808	5896
1809	5896
1809	5897
1286	5897
3771	5897
3771	5898
3774	5898
3774	5899
5900	5899
1302	5899
5900	1302
5900	1301
5900	1293
1299	1296
1299	3794
5901	3794
5901	3792
5901	1295
1819	4577
4576	4577
3804	4577
4576	3804
1328	1311
1328	1310
1328	4578
5902	4578
5902	1817
1821	1817
5902	1821
1340	1821
5902	1340
5902	1329
1317	1314
1317	1313
1338	1332
1822	1346
1803	1349
1806	1349
1814	1349
1814	1348
1453	1450
1449	4017
1453	4017
1354	4017
5907	5903
5903	5904
5908	5904
5904	5905
5909	5905
5910	5905
5905	5906
5911	5906
5913	5907
5907	5908
5914	5908
5908	5909
5915	5909
5909	5910
5916	5910
5910	5911
5913	5914
5918	5914
5914	5915
5919	5915
5919	5916
4019	5916
4019	5917
1357	5917
5912	5917
1357	5912
1360	5912
1363	5912
1366	5912
1366	5906
1369	5906
1369	5905
1369	5904
4032	5904
4032	5903
1463	5903
1463	5907
1460	5907
4022	5907
4022	5913
1446	5913
1446	5918
3998	5918
3998	5919
1447	5919
1464	1372
4033	1372
1375	1374
1472	1375
5920	1375
5920	1462
5921	1462
5921	1461
5921	1466
5921	4040
5921	4042
5920	4042
5920	1469
1473	1378
5922	5923
5925	5924
5926	5924
1493	5924
1493	5923
4069	5923
4069	5922
1490	5922
1487	5922
4062	5922
4062	5924
4062	5925
4044	5925
1470	5925
1471	5925
1471	5926
1380	5926
1381	5926
4062	4044
4062	4046
4060	4046
4060	4048
1484	4048
1484	1475
1481	1475
1494	1384
5928	5927
5929	5927
5931	5929
5929	5930
5932	5930
5932	5933
5934	5933
5935	5933
1505	5933
1505	5930
1502	5930
1502	5927
1499	5927
1496	5927
1496	5928
1491	5928
4071	5928
5931	5928
4071	5931
1492	5931
1386	5931
1386	5932
1386	5934
1387	5934
1514	5934
1511	5934
1511	5935
1508	5935
1390	1389
1399	3915
1512	3915
1513	3915
1513	1393
1399	1512
5936	1512
5936	1517
5936	1520
3920	1520
3923	1520
3923	4098
3926	4098
3929	4098
3929	1523
1402	1523
5936	3920
1417	1405
1538	1405
1535	1405
1535	1404
1532	1404
1532	1527
1426	1420
1539	1420
1564	1429
4158	1429
4156	1429
4156	1428
4156	1537
4154	1537
4152	1537
4152	1536
4150	1536
4148	1536
4148	1541
4146	1541
4146	1544
4144	1544
4144	1547
4142	1547
4140	1547
5937	1547
5937	1552
5937	1555
5937	1558
5937	4138
1564	4158
1435	1432
5938	1432
5938	3977
1565	3977
5938	1565
5938	4163
5938	4166
4549	4166
4549	1567
1440	1567
1440	1570
1440	1573
5938	4549
1437	4551
3987	4551
1576	1579
1459	4024
1465	4024
1576	4024
1574	4024
1574	1444
1474	4049
4188	4049
4188	4047
4043	4047
4043	4045
4188	4043
1582	4043
1582	4041
4186	4041
4184	4041
4184	1467
1553	1477
1554	1477
1554	1476
1585	1476
1585	4189
1654	1480
5940	1480
5940	1479
5940	1551
5941	1551
5941	1548
5941	4265
4284	4265
4284	4267
4281	4267
4281	1636
4281	1639
4278	1639
4278	1642
4278	1645
5941	4284
5941	4287
5939	4287
5939	1651
5939	4292
5940	4292
5939	5940
1660	4303
1657	4303
4297	4303
4297	1483
1655	1483
1663	1486
1661	1486
1661	4063
4306	4063
4306	4061
1495	1489
1672	1489
1669	1489
1666	1489
1666	1488
1675	4335
1673	4335
1497	4335
1687	4345
5942	4345
5942	4347
1678	4347
5943	4347
5943	4349
1500	4349
5943	1500
5943	4336
5943	1676
5942	1678
5942	1681
5942	1684
5946	5945
5947	5945
5945	5944
5948	5944
4353	5944
1688	5944
4346	5944
4346	5945
4348	5945
4350	5945
4350	5946
1503	5946
1504	5946
4365	5946
4365	5947
4363	5947
4363	5948
5949	5948
1690	5948
5949	1690
5949	1693
1518	1507
5950	1507
4366	1507
5950	4366
5950	4364
5951	4364
5951	1694
5951	1696
1519	1696
5951	1519
5951	1518
1516	1510
1708	1522
1705	1522
1705	4100
1702	4100
1700	4100
1528	1525
1711	1525
1709	1525
1528	1711
1717	1531
1715	1531
1540	1534
1718	1534
1712	1543
1712	1542
1712	1716
1635	4268
4399	4268
5952	4268
5952	4266
1545	4266
5952	1545
5953	1545
5953	1710
5953	1707
1720	1707
5953	1720
5953	4397
5952	4397
1600	1557
5954	5955
5956	5955
5956	5957
5958	5957
4194	5957
4192	5957
4192	5955
1588	5955
1586	5955
1586	5954
1556	5954
1600	5954
1597	5954
1597	5956
4196	5956
4196	5958
1594	5958
1594	4194
1559	1601
5961	5959
5964	5960
5960	5961
5965	5961
5961	5962
5967	5963
5963	5964
5968	5964
5964	5965
5969	5965
5965	5966
5971	5967
5967	5968
5972	5968
5968	5969
5973	5969
5969	5970
5971	5972
5975	5972
5972	5973
5976	5973
5973	5974
5975	5976
5979	5976
5976	5977
5978	5979
5978	5975
5981	5979
4212	5979
4212	5980
4210	5980
1606	5980
1606	5977
4208	5977
4208	5974
1603	5974
1603	5970
4206	5970
4206	5966
4204	5966
4204	5962
4202	5962
4202	5959
4200	5959
4139	5959
4141	5959
4143	5959
4143	5961
4143	5960
4145	5960
4147	5960
4147	5964
4147	5963
4149	5963
4149	5967
4151	5967
4151	5971
4153	5971
5978	5971
4153	5978
4155	5978
4157	5978
4157	5981
4159	5981
4216	5981
4214	5981
4159	4216
1560	4216
4200	4139
1566	4168
4224	4168
5982	4168
4220	4168
4220	4165
1612	4165
1610	4165
1610	1563
5982	4220
5982	1615
4222	1615
5982	4222
5983	5984
5985	5984
5988	5985
5985	5986
5989	5986
5986	5987
5990	5987
5988	5989
5992	5989
5989	5990
5990	5991
5993	5991
1568	5991
1569	5991
4253	5991
4253	5987
1633	5987
5984	5987
1633	5984
1589	5984
1589	5983
4193	5983
4195	5983
4195	5985
1590	5985
1590	5988
1619	5988
1619	5992
4223	5992
4223	5993
4225	5993
1575	1572
4255	1572
1575	4255
1578	1577
1581	4187
1587	4187
1632	4187
1632	4185
1581	1587
5994	5995
5996	5995
5996	5997
5998	5997
1616	5997
1617	5997
1592	5997
1592	5995
1593	5995
1593	5994
1630	5994
1627	5994
1627	5996
1624	5996
1624	5998
1621	5998
1631	4230
4197	4230
1631	4197
5999	6000
6001	6000
4231	6000
1598	6000
4201	6000
4201	5999
4203	5999
4205	5999
4236	5999
4234	5999
4234	6001
4232	6001
1629	6001
4232	1629
4205	4236
4205	4238
4207	4238
1598	4201
6006	6002
6002	6003
6007	6003
6003	6004
6008	6004
6010	6005
6005	6006
6011	6006
6006	6007
6012	6007
6007	6008
6008	6009
6013	6009
6010	6011
6011	6012
6015	6012
6012	6013
6013	6014
6016	6014
6015	6016
6016	6017
6018	6017
4242	6017
4240	6017
1625	6017
1625	6014
1626	6014
1626	6009
4233	6009
4233	6004
4235	6004
4237	6004
4237	6003
4239	6003
4239	6002
1604	6002
6005	6002
1604	6005
4209	6005
1605	6005
1605	6010
4246	6010
4246	6015
4244	6015
4244	6018
6021	6019
6019	6020
6022	6020
4215	6020
4217	6020
1608	6020
1611	6020
1611	6019
4248	6019
4248	6021
1622	6021
4241	6021
4243	6021
4243	6022
4245	6022
4213	6022
4245	4213
4247	4213
4247	4211
1622	4241
1620	1614
1620	4221
4249	4221
1723	4404
6023	4404
1637	4404
6023	1637
6023	4400
6024	4400
6024	4398
6024	1721
6024	4401
6023	4401
1732	1641
4414	1641
6025	1641
6025	1640
6026	1640
6026	4406
6027	4406
6027	1724
6027	1726
6027	1729
6027	4408
6027	4410
6026	4410
6026	4412
6025	4412
6028	6029
6031	6029
6029	6030
6033	6031
6031	6032
6033	6034
6035	6034
4445	6034
4443	6034
4443	6032
4443	6030
4441	6030
4435	6030
4433	6030
4433	6029
4433	6028
4431	6028
4423	6028
1733	6028
1733	6031
1733	6033
1643	6033
1643	6035
1644	6035
4431	4423
4441	4435
4439	4435
4439	4437
1647	1646
6039	6036
6036	6037
6040	6037
6044	6038
6038	6039
6045	6039
6039	6040
6046	6040
6040	6041
6043	6044
6044	6045
6048	6045
6045	6046
6049	6046
6046	6047
6050	6047
1653	6047
4299	6047
6042	6047
6042	6041
6042	6037
1741	6037
1739	6037
1739	6036
4440	6036
4442	6036
6038	6036
4442	6038
4444	6038
6043	6038
4444	6043
4446	6043
1647	6043
1652	6043
1652	6048
4294	6048
4294	6049
4294	6050
6042	1741
6042	1744
6042	1656
1649	1650
6052	1650
6052	4289
6052	4286
6051	4286
6051	4283
6051	4280
6051	1649
1662	1659
1665	1659
1745	1659
1742	4453
1743	4453
1667	4453
6054	6053
6055	6053
6056	6053
6057	6053
6058	6053
6059	6053
6054	6055
6061	6055
6056	6057
6063	6057
6057	6058
6064	6058
6065	6058
6058	6059
6066	6059
6067	6059
6059	6054
6068	6054
6060	6054
6064	6065
6069	6065
6070	6065
6065	6066
6071	6066
6066	6067
6072	6067
1677	6067
1677	6068
1750	6068
1750	6060
1747	6060
1747	6061
1736	6061
1736	6062
4432	6062
4434	6062
6056	6062
4434	6056
4436	6056
4436	6063
4438	6063
1737	6063
1737	6064
1737	6069
1740	6069
1740	6070
4454	6070
4454	6071
1670	6071
1671	6071
1671	6072
1674	6072
1751	1680
1753	1683
4475	1683
4475	1682
4473	1682
4473	1749
6074	6073
6075	6073
4479	6073
1759	6073
1686	6073
4356	6073
4356	6074
1689	6074
4483	6074
4483	6075
4481	6075
1762	6075
4481	1762
1759	1686
1756	1686
1756	1685
6079	6076
6076	6077
6078	6079
6082	6079
6079	6080
6080	6081
6082	6083
6083	6084
6083	6081
6085	6084
1774	6084
4489	6084
4487	6084
4487	6081
1768	6081
1768	6080
1766	6080
1766	6077
4482	6077
4482	6076
4484	6076
1691	6076
1692	6076
6078	6076
1692	6078
1695	6078
1695	6082
4494	6082
4494	6085
1774	4489
1701	1698
4496	1698
1701	4496
1719	1704
6086	1704
6086	1703
6086	1773
6086	1772
6086	4498
4402	4498
4402	4500
1722	4500
6086	4402
6087	6088
6088	6089
6090	6089
4501	6089
1727	6089
1728	6089
1783	6089
1780	6089
1780	6088
4502	6088
4502	6087
1777	6087
4488	6087
4490	6087
4490	6090
1770	6090
4499	6090
1777	4488
6092	6091
6093	6091
6100	6098
6098	6099
6100	6101
6102	6101
4411	6101
4413	6101
4413	6099
4415	6099
2188	6099
2188	6098
6097	6098
4510	6098
4510	6100
4508	6100
4508	6102
4506	6102
4409	6102
4506	4409
4506	1730
6097	4510
6097	4512
6097	1786
5146	1786
5146	4514
5144	4514
5144	1789
6092	1789
6092	4516
6091	4516
6091	4518
6094	4518
6096	4518
6096	4520
6096	1755
4476	1755
6096	4476
6096	4474
6094	4474
6094	1746
6093	1746
6095	1746
6095	1734
5140	1734
5140	4427
5138	4427
5138	1731
5138	4415
6095	5140
6095	5142
6093	5142
6092	5142
6097	5146
6104	6103
6105	6103
4526	6103
4524	6103
4519	6103
4519	6104
4521	6104
1757	6104
1758	6104
1758	6105
4530	6105
4530	4526
4530	4528
1795	4528
4524	4519
4524	4517
4522	4517
1796	1761
1796	4480
4531	4480
6107	6106
6109	6106
6109	6108
6109	6110
1767	6110
1776	6110
6111	6110
6111	6108
1798	6108
1798	6106
1793	6106
1794	6106
1794	6107
1763	6107
1763	6109
1764	6109
6111	1798
6111	1801
1802	4534
4503	4534
1802	4503
6112	6113
6115	6113
6113	6114
6116	6114
4509	6114
4511	6114
4540	6114
4540	6113
4538	6113
4538	6112
4536	6112
1800	6112
4535	6112
4535	6115
1781	6115
1781	6116
1782	6116
4507	6116
4536	1800
4511	4540
4511	4542
4513	4542
6117	6118
6121	6118
6122	6118
6118	6119
6120	6117
6120	6121
6125	6121
6121	6122
6126	6122
6122	6123
6127	6123
6124	6120
6124	6125
6129	6125
6125	6126
6130	6126
6126	6127
6131	6127
6131	6128
4543	6128
1787	6128
4515	6128
4515	6123
4515	6119
1788	6119
4523	6119
4523	6118
4525	6118
4525	6117
4527	6117
4527	6120
4529	6120
1791	6120
1791	6124
1797	6124
1797	6129
4537	6129
4537	6130
4539	6130
4539	6131
4541	6131
1832	4608
4606	4608
1832	4606
1971	1849
1968	1849
1968	1846
1965	1846
1962	1846
1959	1846
1959	1941
1956	1941
1953	1941
1982	1852
1976	1852
1972	1852
1982	1976
1858	4660
1988	4660
6132	4660
4656	4660
6132	4656
6132	4654
1985	4654
1985	4652
1983	4652
6132	1985
1858	1988
1870	4674
1997	4674
6133	4674
6133	1864
1989	1864
6133	1989
6133	1991
6133	1994
2012	4796
2006	4796
4794	4796
6134	4796
1872	4796
6134	1872
6134	1998
4792	1998
4792	2000
6134	4792
2012	2006
1881	1876
6137	1876
6136	1876
6136	1875
6136	4797
6136	2013
6136	4798
6135	4798
6135	2015
6135	4800
6138	4800
6138	4802
1881	4802
2024	4802
2021	4802
6138	1881
6138	6137
6135	6137
2036	4826
2027	4826
2025	4826
1883	4826
2036	2027
2036	2030
1890	1887
6139	1887
6139	1886
6139	4827
6140	4827
6140	2037
6140	4829
6141	4829
6141	4832
4698	4832
6141	4698
6141	4696
6140	4696
6139	4696
6145	6142
6142	6143
6146	6143
6149	6145
6145	6146
6150	6146
6146	6147
6147	6144
6151	6144
6149	6150
6154	6150
6150	6151
6151	6152
6151	6148
6152	6153
6155	6152
6155	6156
1895	6156
1896	6156
1896	6153
2054	6153
4854	6153
6148	6153
4854	6148
2051	6148
2051	6144
2048	6144
2048	6147
2048	6143
4850	6143
4850	6142
2045	6142
2042	6142
2042	6145
2039	6145
2035	6145
2035	6149
4831	6149
4831	6154
4834	6154
1895	6154
2039	2035
1902	4710
6157	4710
4858	4710
4858	4708
2055	4708
2055	1899
6157	4858
6157	2057
1908	2057
6157	1908
1922	5088
2063	5088
2061	5088
2061	1911
1922	2063
1922	2066
1920	4736
5089	4736
4732	4736
5089	4732
2069	1926
2069	1925
2084	4897
4887	4897
2070	4897
2070	1931
2084	4887
2084	2072
2081	2072
2078	2072
1952	1936
4899	1936
4898	1936
4899	4898
6158	6159
6160	6159
6161	6159
4913	6159
4911	6159
4911	6158
4905	6158
4903	6158
4901	6158
2083	6158
2083	6160
4900	6160
4900	6161
1954	6161
4915	6161
1954	4915
4901	2083
4911	4905
4909	4905
4909	4907
6164	6162
6165	6162
6162	6163
6166	6163
6164	6165
6168	6165
6165	6166
6169	6166
6166	6167
6170	6167
6172	6168
6168	6169
6173	6169
6169	6170
6174	6170
6170	6171
6173	6174
6176	6174
6176	6175
1958	6175
4925	6175
4925	6171
4923	6171
4923	6167
4921	6167
4919	6167
4919	6163
2090	6163
2090	6162
4917	6162
4917	6164
2088	6164
4910	6164
4910	6168
4912	6168
4912	6172
4914	6172
4916	6172
4916	6173
4916	6176
1957	6176
6179	6177
6177	6178
6180	6178
2096	6178
2093	6178
4933	6178
4931	6178
4931	6177
4922	6177
4924	6177
4924	6179
4926	6179
1961	6179
4935	6179
4935	6180
4926	1961
4931	4922
4929	4922
4929	4920
4927	4920
2097	4937
4936	4937
4936	1964
2108	4945
6181	4945
1966	4945
6181	1966
6181	4938
6181	2095
2105	2095
2105	2094
2105	2099
6181	2105
1975	1970
1975	1969
1975	4946
2111	4946
1975	2111
2180	2111
2180	2002
2180	2001
1986	1978
1986	1977
1990	1977
1986	1990
1984	1981
2178	1993
2178	1992
1999	1996
1999	1995
2117	4953
2114	4953
2103	4953
6182	4953
6182	4955
2104	4955
4949	4955
4949	4957
6183	4957
6183	4959
4795	4959
6183	4795
6183	4793
2112	4793
6183	2112
6182	2104
6186	6184
6184	6185
6187	6185
6186	6187
6189	6187
6187	6188
6190	6188
4974	6188
4972	6188
4970	6188
4970	6185
4964	6185
2120	6185
2120	6184
2118	6184
2118	6186
4954	6186
4956	6186
4956	6189
4958	6189
6191	6189
6191	6190
4976	6190
6191	4976
4960	4976
2007	4976
6191	4960
4970	4964
4970	2123
2014	4799
6194	4799
6193	4799
4977	4799
4977	2011
6193	4977
6193	4975
6193	4973
6194	4973
6192	4973
6192	4971
6192	2127
4980	2127
6192	4980
6194	4980
6196	6195
6196	6197
6198	6197
4987	6197
2135	6197
2135	6195
2132	6195
2130	6195
4981	6195
4981	6196
2016	6196
4801	6196
4801	6198
4803	6198
2017	6198
2028	2020
2028	2019
6200	2019
6200	4989
6199	4989
6199	2136
6199	4991
6199	2041
6200	2041
6200	2040
6200	2029
2026	2023
2038	2032
2144	2044
4992	2044
2144	4992
6201	4992
4993	4992
4993	2134
2138	2134
6201	4993
6201	4995
4997	4995
6201	4997
2147	2047
2147	4851
2145	4851
6206	6202
6203	6202
6203	6204
6208	6204
6204	6205
6209	6205
6206	6203
6211	6203
6207	6203
6207	6208
6213	6208
6208	6209
6214	6209
6209	6210
6212	6207
6212	6213
5068	6213
2058	6213
2058	6214
2058	6215
2059	6215
2059	6210
2062	6210
2153	6210
2153	6205
5011	6205
5011	6204
5011	6202
5008	6202
2150	6202
2150	6206
2148	6206
2049	6206
2049	6211
2050	6211
6212	6211
2050	6212
2056	4859
5069	4859
4855	4859
5069	4855
2068	2065
4889	2065
4889	2064
4889	2154
2159	2074
5013	2074
5013	2073
2159	5013
2159	5010
2156	5010
6218	6216
6216	6217
6219	6217
2168	6217
5032	6217
5052	6217
5052	6216
5050	6216
5050	6218
5048	6218
6220	6218
2113	6218
2171	6218
2171	6219
6220	2113
6220	2101
6220	2100
6220	5046
5032	5052
5032	5054
5032	5056
5030	5056
5030	5058
5030	5060
6221	5060
6221	5062
6222	5062
6222	5064
6224	5064
6224	5066
2160	5066
2076	5066
6224	2160
6224	5026
6222	5026
6223	5026
6223	2162
6221	2162
6221	2165
6223	6221
6228	6225
6229	6225
6225	6226
6233	6231
6233	6234
6237	6233
6237	6238
5067	6238
4902	6238
4904	6238
4906	6238
4906	6234
6235	6234
5152	6234
5152	6231
5150	6231
5059	6231
5061	6231
5061	6233
5063	6233
5063	6237
5065	6237
5150	5059
5150	5057
5148	5057
5148	5055
6226	5055
6226	5053
6230	5053
6230	5051
6230	5049
6232	5049
6236	5049
6236	5047
4934	5047
4934	2098
6236	4934
6236	4932
6232	4932
6232	4930
6228	4930
6228	4928
6227	4928
6227	2089
5156	2089
5156	4918
5154	4918
5154	2086
6235	2086
6235	4908
5154	6235
6227	5156
6227	2190
6228	2190
6225	2190
6225	5148
6232	6228
6232	6229
5067	4902
2079	4902
2110	2107
4950	2107
2119	2116
2172	2116
2174	5038
2169	5038
4966	5038
2169	4966
2170	4966
2128	2125
6240	2125
5039	2125
6240	5039
2137	5039
6239	5039
6239	2175
6239	2164
5042	2164
6239	5042
6240	2137
6240	2131
2157	2140
5028	2140
5028	4996
2161	4996
5043	4996
5043	4994
2157	5028
2146	2143
2146	4998
2149	4998
2149	2142
2173	2167
6242	2167
6241	2167
6241	5033
6241	5031
6242	5031
6242	2166
2189	5147
6243	5147
6243	5145
6244	5145
6244	5143
6244	5141
6244	5139
6244	2189
6246	6245
6247	6245
2191	6245
5149	6245
5149	6246
5151	6246
5153	6246
5153	6247
5155	6247
5157	6247
4	2196
4	2197
2197	1
2197	3
7	5
7	6
10	8
10	9
11	13
15	12
18	16
18	17
21	2198
21	2199
2199	19
2199	20
24	22
24	23
27	25
27	26
0	28
0	2
2200	26
2200	2201
30	2201
30	29
33	31
33	32
2202	34
2202	2203
2204	2203
2204	2205
2206	2205
2206	2207
36	2207
36	35
39	2208
39	2210
2210	2209
2210	2211
2211	37
2211	38
2212	40
2212	2213
2214	2213
2214	2215
2216	2215
2216	2217
2	2217
2	1
2220	2218
2220	2221
2221	2219
2221	2222
2222	38
2222	2223
2224	2221
2224	2225
2225	2222
2225	2226
2226	2223
2226	2227
2228	2225
2228	2229
2229	2226
2229	2230
2230	2227
2230	2231
42	2229
42	2232
2232	2230
2232	2233
2233	2231
2233	41
2234	43
2234	2235
2236	2235
2236	2237
2238	2237
2238	2239
3	2239
3	5
45	2240
45	2242
2242	2241
2242	2243
2243	41
2243	44
2244	46
2244	2245
2246	2245
2246	2247
48	2247
48	47
51	49
51	50
2248	52
2248	2249
6	2249
6	8
54	50
54	53
9	2250
9	2253
2253	2251
2253	2254
2254	2252
2254	2255
2255	55
2255	11
57	2256
57	2259
2259	2257
2259	2260
2260	2258
2260	2261
2261	53
2261	56
2262	58
2262	2263
2264	2263
2264	2265
60	2265
60	59
63	2266
63	2267
2267	61
2267	62
2268	64
2268	2269
2270	2269
2270	2271
2272	2271
2272	2273
2274	2273
2274	2275
66	2275
66	65
69	67
69	68
72	2276
72	2278
2278	2277
2278	2279
2279	70
2279	71
14	2280
14	2283
2283	2281
2283	2284
2284	2282
2284	2285
2285	73
2285	16
17	71
17	19
75	2286
75	2288
2288	2287
2288	2289
2289	68
2289	74
78	2290
78	2291
2291	76
2291	77
2293	2292
2293	2294
2294	79
2294	2295
81	2294
81	2296
2296	2295
2296	80
2297	82
2297	2298
20	2298
20	22
2300	2299
2300	2301
2301	80
2301	2302
84	2301
84	2303
2303	2302
2303	83
87	2304
87	2305
2305	85
2305	86
90	88
90	89
32	2306
32	2307
2307	91
2307	34
2308	89
2308	2309
93	2309
93	92
96	2310
96	2313
2313	2311
2313	2314
2314	2312
2314	2315
2315	94
2315	95
99	2316
99	2318
2318	2317
2318	2319
2319	97
2319	98
2321	2320
2321	2322
2322	100
2322	2323
102	2322
102	2324
2324	2323
2324	101
35	2325
35	2326
2326	103
2326	37
105	2327
105	2328
2328	101
2328	104
2329	106
2329	2330
108	2330
108	107
111	2331
111	2332
2332	109
2332	110
2333	112
2333	2334
2335	2334
2335	2336
114	2336
114	113
44	2337
44	2338
2338	115
2338	46
117	2339
117	2341
2341	2340
2341	2342
2342	113
2342	116
120	2343
120	2345
2345	2344
2345	2346
2346	118
2346	119
2347	121
2347	2348
123	2348
123	122
47	2349
47	2350
2350	124
2350	49
126	122
126	125
129	127
129	128
2353	2351
2353	2354
2354	2352
2354	2355
2355	130
2355	2356
56	2354
56	2357
2357	2355
2357	2358
2358	2356
2358	58
132	2359
132	2362
2362	2360
2362	2363
2363	2361
2363	2364
2364	128
2364	131
135	133
135	134
138	136
138	137
2365	139
2365	2366
141	2366
141	140
59	142
59	61
144	140
144	143
147	145
147	146
150	2367
150	2368
2368	148
2368	149
153	151
153	152
156	154
156	155
62	157
62	64
2369	155
2369	2370
159	2370
159	158
162	160
162	161
2371	163
2371	2372
2373	2372
2373	2374
2375	2374
2375	2376
2377	2376
2377	2378
65	2378
65	67
165	2379
165	2380
2380	161
2380	164
2381	166
2381	2382
2383	2382
2383	2384
2385	2384
2385	2386
2387	2386
2387	2388
168	2388
168	167
171	2389
171	2392
2392	2390
2392	2393
2393	2391
2393	2394
2394	169
2394	170
174	2395
174	2398
2398	2396
2398	2399
2399	2397
2399	2400
2400	172
2400	173
74	175
74	76
77	2401
77	2404
2404	2402
2404	2405
2405	2403
2405	2406
2406	173
2406	79
177	2407
177	2408
2408	170
2408	176
2409	178
2409	2410
2411	2410
2411	2412
2413	2412
2413	2414
2415	2414
2415	2416
180	2416
180	179
83	181
83	85
2417	179
2417	2418
2419	2418
2419	2420
2421	2420
2421	2422
183	2422
183	182
2423	184
2423	2424
2425	2424
2425	2426
186	2426
186	185
189	2427
189	2428
2428	187
2428	188
192	2429
192	2432
2432	2430
2432	2433
2433	2431
2433	2434
2434	190
2434	191
195	193
195	194
86	2435
86	2436
2436	196
2436	88
198	2437
198	2438
2438	194
2438	197
92	2439
92	2441
2441	2440
2441	2442
2442	199
2442	94
191	2443
191	2445
2445	2444
2445	2446
2446	197
2446	193
201	2447
201	2448
2448	188
2448	200
2449	202
2449	2450
204	2450
204	203
207	2451
207	2452
2452	205
2452	206
210	208
210	209
213	2453
213	2454
2454	211
2454	212
216	2455
216	2456
2456	214
2456	215
2458	2457
2458	2459
2459	217
2459	2460
2461	2459
2461	2462
2462	2460
2462	2463
95	2462
95	2464
2464	2463
2464	97
2465	215
2465	2466
219	2466
219	218
2467	220
2467	2468
2469	2468
2469	2470
98	2470
98	100
222	218
222	221
2472	2471
2472	2473
2473	223
2473	2474
104	2473
104	2475
2475	2474
2475	106
225	2476
225	2477
2477	221
2477	224
228	226
228	227
231	2478
231	2479
2479	229
2479	230
234	232
234	233
2480	235
2480	2481
237	2481
237	236
107	238
107	109
240	236
240	239
243	241
243	242
246	2482
246	2483
2483	244
2483	245
249	247
249	248
252	250
252	251
110	253
110	112
2484	251
2484	2485
255	2485
255	254
258	256
258	257
261	2486
261	2487
2487	259
2487	260
264	262
264	263
2488	265
2488	2489
2490	2489
2490	2491
116	2491
116	118
267	263
267	266
2492	268
2492	2493
270	2493
270	269
273	271
273	272
119	2494
119	2496
2496	2495
2496	2497
2497	274
2497	121
276	2498
276	2501
2501	2499
2501	2502
2502	2500
2502	2503
2503	272
2503	275
279	2504
279	2506
2506	2505
2506	2507
2507	277
2507	278
2509	2508
2509	2510
2510	280
2510	2511
282	2510
282	2512
2512	2511
2512	281
125	283
125	127
285	281
285	284
131	2513
131	2515
2515	2514
2515	2516
2516	286
2516	133
288	2517
288	2519
2519	2518
2519	2520
2520	284
2520	287
291	289
291	290
134	2521
134	2522
2522	292
2522	136
294	290
294	293
297	295
297	296
2523	298
2523	2524
2525	2524
2525	2526
300	2526
300	299
2527	301
2527	2528
2529	2528
2529	2530
2531	2530
2531	2532
146	2532
146	148
303	2533
303	2534
2534	299
2534	302
2536	2535
2536	2537
2537	304
2537	2538
2539	2537
2539	2540
2540	2538
2540	2541
306	2540
306	2542
2542	2541
2542	305
309	2543
309	2544
2544	307
2544	308
312	2545
312	2547
2547	2546
2547	2548
2548	310
2548	311
2549	313
2549	2550
2551	2550
2551	2552
149	2552
149	151
2554	2553
2554	2555
2555	311
2555	2556
315	2555
315	2557
2557	2556
2557	314
318	2558
318	2559
2559	316
2559	317
164	319
164	166
2561	2560
2561	2562
2562	317
2562	2563
321	2562
321	2564
2564	2563
2564	320
324	2565
324	2566
2566	322
2566	323
327	2567
327	2568
2568	325
2568	326
330	2569
330	2570
2570	328
2570	329
333	2571
333	2575
2575	2572
2575	2576
2576	2573
2576	2577
2577	2574
2577	2578
2578	331
2578	332
167	2579
167	2581
2581	2580
2581	2582
2582	334
2582	169
336	2583
336	2584
2584	332
2584	335
176	2585
176	2586
2586	337
2586	178
2589	2587
2589	2590
2590	2588
2590	2591
2591	335
2591	2592
2593	2590
2593	2594
2594	2591
2594	2595
2595	2592
2595	2596
339	2594
339	2597
2597	2595
2597	2598
2598	2596
2598	338
182	340
182	184
342	2599
342	2601
2601	2600
2601	2602
2602	338
2602	341
345	2603
345	2604
2604	343
2604	344
348	2605
348	2606
2606	346
2606	347
351	349
351	350
185	2607
185	2608
2608	352
2608	187
354	2609
354	2610
2610	350
2610	353
357	355
357	356
200	358
200	202
360	2611
360	2612
2612	356
2612	359
2613	361
2613	2614
203	2614
203	205
363	2615
363	2616
2616	359
2616	362
366	2617
366	2618
2618	364
2618	365
369	2619
369	2620
2620	367
2620	368
372	2621
372	2623
2623	2622
2623	2624
2624	370
2624	371
375	2625
375	2627
2627	2626
2627	2628
2628	373
2628	374
376	378
380	377
383	2629
383	2631
2631	2630
2631	2632
2632	381
2632	382
386	2633
386	2635
2635	2634
2635	2636
2636	384
2636	385
2638	2637
2638	2639
2639	387
2639	2640
389	2639
389	2641
2641	2640
2641	388
206	390
206	208
392	2642
392	2643
2643	388
2643	391
209	2644
209	2645
2645	393
2645	211
395	391
395	394
398	2646
398	2647
2647	396
2647	397
2648	399
2648	2649
212	2649
212	214
401	2650
401	2651
2651	397
2651	400
2652	402
2652	2653
404	2653
404	403
224	2654
224	2655
2655	405
2655	226
407	2656
407	2657
2657	403
2657	406
410	2658
410	2660
2660	2659
2660	2661
2661	408
2661	409
2662	411
2662	2663
2664	2663
2664	2665
227	2665
227	229
413	2666
413	2668
2668	2667
2668	2669
2669	409
2669	412
2671	2670
2671	2672
2672	414
2672	2673
2674	2672
2674	2675
2675	2673
2675	2676
416	2675
416	2677
2677	2676
2677	415
419	2678
419	2680
2680	2679
2680	2681
2681	417
2681	418
422	2682
422	2685
2685	2683
2685	2686
2686	2684
2686	2687
2687	420
2687	421
425	2688
425	2691
2691	2689
2691	2692
2692	2690
2692	2693
2693	423
2693	424
2694	426
2694	2695
2696	2695
2696	2697
260	2697
260	262
428	2698
428	2700
2700	2699
2700	2701
2701	424
2701	427
431	2702
431	2704
2704	2703
2704	2705
2705	429
2705	430
266	2706
266	2707
2707	432
2707	268
434	2708
434	2709
2709	430
2709	433
2710	435
2710	2711
2712	2711
2712	2713
269	2713
269	271
2714	433
2714	2715
2716	2715
2716	2717
2718	2717
2718	2719
2720	2719
2720	2721
2722	2721
2722	2723
437	2723
437	436
440	2724
440	2726
2726	2725
2726	2727
2727	438
2727	439
2728	441
2728	2729
2730	2729
2730	2731
443	2731
443	442
446	2732
446	2734
2734	2733
2734	2735
2735	444
2735	445
275	2736
275	2738
2738	2737
2738	2739
2739	447
2739	277
2740	445
2740	2741
449	2741
449	448
439	2742
439	2744
2744	2743
2744	2745
2745	450
2745	441
2748	2746
2748	2749
2749	2747
2749	2750
2750	448
2750	2751
442	2749
442	2752
2752	2750
2752	2753
2753	2751
2753	444
368	2754
368	2757
2757	2755
2757	2758
2758	2756
2758	2759
2759	436
2759	370
452	2760
452	2761
2761	427
2761	451
2762	453
2762	2763
2764	2763
2764	2765
455	2765
455	454
458	2766
458	2768
2768	2767
2768	2769
2769	456
2769	457
461	2770
461	2772
2772	2771
2772	2773
2773	459
2773	460
464	2774
464	2776
2776	2775
2776	2777
2777	462
2777	463
371	465
371	373
374	2778
374	2780
2780	2779
2780	2781
2781	463
2781	376
467	460
467	466
470	2782
470	2784
2784	2783
2784	2785
2785	468
2785	469
2786	471
2786	2787
2788	2787
2788	2789
2790	2789
2790	2791
473	2791
473	472
476	2792
476	2793
2793	474
2793	475
479	2794
479	2796
2796	2795
2796	2797
2797	477
2797	478
379	2798
379	2800
2800	2799
2800	2801
2801	480
2801	381
382	478
382	384
482	2802
482	2803
2803	475
2803	481
485	483
485	484
385	2804
385	2805
2805	486
2805	387
394	2806
394	2807
2807	484
2807	396
488	2808
488	2809
2809	481
2809	487
491	489
491	490
494	2810
494	2811
2811	492
2811	493
400	2812
400	2813
2813	495
2813	402
406	2814
406	2817
2817	2815
2817	2818
2818	2816
2818	2819
2819	493
2819	408
497	490
497	496
500	2820
500	2821
2821	498
2821	499
503	2822
503	2825
2825	2823
2825	2826
2826	2824
2826	2827
2827	501
2827	502
506	2828
506	2831
2831	2829
2831	2832
2832	2830
2832	2833
2833	504
2833	505
509	2834
509	2837
2837	2835
2837	2838
2838	2836
2838	2839
2839	507
2839	508
512	2840
512	2843
2843	2841
2843	2844
2844	2842
2844	2845
2845	510
2845	511
515	2846
515	2849
2849	2847
2849	2850
2850	2848
2850	2851
2851	513
2851	514
518	2852
518	2855
2855	2853
2855	2856
2856	2854
2856	2857
2857	516
2857	517
521	2858
521	2859
2859	519
2859	520
418	522
418	420
421	520
421	423
517	524
526	523
529	2860
529	2863
2863	2861
2863	2864
2864	2862
2864	2865
2865	527
2865	528
530	532
534	531
537	2866
537	2868
2868	2867
2868	2869
2869	535
2869	536
540	2870
540	2871
2871	538
2871	539
543	2872
543	2875
2875	2873
2875	2876
2876	2874
2876	2877
2877	541
2877	542
546	2878
546	2880
2880	2879
2880	2881
2881	544
2881	545
549	2882
549	2884
2884	2883
2884	2885
2885	547
2885	548
2887	2886
2887	2888
2888	550
2888	2889
451	2888
451	2890
2890	2889
2890	453
454	2891
454	2893
2893	2892
2893	2894
2894	548
2894	456
552	545
552	551
555	2895
555	2896
2896	553
2896	554
558	2897
558	2898
2898	556
2898	557
457	559
457	459
561	2899
561	2900
2900	557
2900	560
466	2901
466	2902
2902	562
2902	468
2903	560
2903	2904
2905	2904
2905	2906
564	2906
564	563
567	2907
567	2908
2908	565
2908	566
2909	568
2909	2910
2911	2910
2911	2912
570	2912
570	569
2914	2913
2914	2915
2915	571
2915	2916
573	2915
573	2917
2917	2916
2917	572
469	2918
469	2920
2920	2919
2920	2921
2921	574
2921	471
576	2922
576	2923
2923	572
2923	575
579	577
579	578
582	2924
582	2925
2925	580
2925	581
585	2926
585	2927
2927	583
2927	584
588	2928
588	2929
2929	586
2929	587
472	2930
472	2931
2931	589
2931	474
591	587
591	590
594	2932
594	2933
2933	592
2933	593
597	595
597	596
2934	501
2934	2935
2934	600
499	2936
499	2937
2937	599
602	2938
602	2940
2940	2939
2940	2941
2941	596
2941	601
2944	2942
2944	2945
2945	2943
2945	2946
2946	603
2946	2947
605	2945
605	2948
2948	2946
2948	2949
2949	2947
2949	604
608	606
608	607
611	609
611	610
612	614
616	613
2950	617
2950	2951
2952	2951
2952	2953
619	2953
619	618
622	2954
622	2955
2955	620
2955	621
502	623
502	504
505	621
505	507
625	618
625	624
628	626
628	627
631	629
631	630
634	2956
634	2957
2957	632
2957	633
637	635
637	636
508	638
508	510
511	636
511	513
2958	633
2958	2959
2960	2959
2960	2961
640	2961
640	639
643	2962
643	2964
2964	2963
2964	2965
2965	641
2965	642
514	2966
514	2968
2968	2967
2968	2969
2969	644
2969	516
646	2970
646	2971
2971	642
2971	645
649	647
649	648
652	2972
652	2976
2976	2973
2976	2977
2977	2974
2977	2978
2978	2975
2978	2979
2979	650
2979	651
655	2980
655	2983
2983	2981
2983	2984
2984	2982
2984	2985
2985	653
2985	654
658	2986
658	2987
2987	656
2987	657
525	659
525	527
2988	657
2988	2989
528	2989
528	530
661	2990
661	2992
2992	2991
2992	2993
2993	654
2993	660
2995	2994
2995	2996
2996	662
2996	2997
2998	2996
2998	2999
2999	2997
2999	3000
664	2999
664	3001
3001	3000
3001	663
667	3002
667	3003
3003	665
3003	666
670	3004
670	3007
3007	3005
3007	3008
3008	3006
3008	3009
3009	668
3009	669
673	3010
673	3013
3013	3011
3013	3014
3014	3012
3014	3015
3015	671
3015	672
676	3016
676	3018
3018	3017
3018	3019
3019	674
3019	675
533	3020
533	3021
3021	677
3021	535
679	3022
679	3024
3024	3023
3024	3025
3025	675
3025	678
536	3026
536	3027
3027	680
3027	538
539	3028
539	3029
3029	678
3029	541
3030	672
3030	3031
3032	3031
3032	3033
3034	3033
3034	3035
682	3035
682	681
554	683
554	556
685	3036
685	3037
3037	681
3037	684
688	686
688	687
3038	689
3038	3039
691	3039
691	690
563	692
563	565
694	690
694	693
697	695
697	696
700	3040
700	3041
3041	698
3041	699
703	701
703	702
706	704
706	705
566	707
566	568
709	705
709	708
712	3042
712	3044
3044	3043
3044	3045
3045	710
3045	711
715	3046
715	3048
3048	3047
3048	3049
3049	713
3049	714
718	3050
718	3053
3053	3051
3053	3054
3054	3052
3054	3055
3055	716
3055	717
721	719
721	720
569	3056
569	3057
3057	722
3057	571
3058	720
3058	3059
575	3059
575	577
724	3060
724	3063
3063	3061
3063	3064
3064	3062
3064	3065
3065	717
3065	723
727	725
727	726
578	728
578	580
730	726
730	729
733	3066
733	3068
3068	3067
3068	3069
3069	731
3069	732
736	3070
736	3073
3073	3071
3073	3074
3074	3072
3074	3075
3075	734
3075	735
739	3076
739	3078
3078	3077
3078	3079
3079	737
3079	738
581	740
581	583
604	3080
604	3082
3082	3081
3082	3083
3083	738
3083	606
3084	735
3084	3085
742	3085
742	741
745	3086
745	3088
3088	3087
3088	3089
3089	743
3089	744
746	748
750	747
751	753
755	752
758	3090
758	3094
3094	3091
3094	3095
3095	3092
3095	3096
3096	3093
3096	3097
3097	756
3097	757
759	761
763	3098
763	3099
3099	760
764	766
768	3100
768	3101
3101	765
607	769
607	609
767	771
610	770
773	3102
773	3103
3103	762
3103	772
776	774
776	775
3104	777
3104	3105
3106	3105
3106	3107
3108	3107
3108	3109
3110	3109
3110	3111
3112	3111
3112	3113
779	3113
779	778
782	3114
782	3115
3115	780
3115	781
3116	784
3116	3117
3116	765
785	766
786	770
615	771
3118	784
3118	3119
788	3119
788	787
791	789
791	790
3120	792
3120	3121
624	3121
624	626
3122	790
3122	3123
627	3123
627	629
794	3124
794	3125
3125	787
3125	793
797	795
797	796
3126	798
3126	3127
3128	3127
3128	3129
800	3129
800	799
3130	801
3130	3131
3132	3131
3132	3133
630	3133
630	632
803	3134
803	3135
3135	799
3135	802
3137	3136
3137	3138
3138	804
3138	3139
806	3138
806	3140
3140	3139
3140	805
639	3141
639	3143
3143	3142
3143	3144
3144	807
3144	641
809	3145
809	3146
3146	805
3146	808
812	3147
812	3148
3148	810
3148	811
815	3149
815	3150
3150	813
3150	814
818	3151
818	3153
3153	3152
3153	3154
3154	816
3154	817
821	3155
821	3158
3158	3156
3158	3159
3159	3157
3159	3160
3160	819
3160	820
824	3161
824	3163
3163	3162
3163	3164
3164	822
3164	823
645	825
645	647
648	3165
648	3168
3168	3166
3168	3169
3169	3167
3169	3170
3170	823
3170	650
3171	820
3171	3172
3173	3172
3173	3174
827	3174
827	826
830	828
830	829
651	3175
651	3176
3176	831
3176	653
833	3177
833	3178
3178	829
3178	832
660	834
660	662
3181	3179
3181	3182
3182	3180
3182	3183
3183	832
3183	3184
836	3182
836	3185
3185	3183
3185	3186
3186	3184
3186	835
839	3187
839	3189
3189	3188
3189	3190
3190	837
3190	838
842	3191
842	3192
3192	840
3192	841
845	3193
845	3194
3194	843
3194	844
848	3195
848	3196
3196	846
3196	847
3197	849
3197	3198
663	3198
663	665
851	3199
851	3200
3200	847
3200	850
854	3201
854	3202
3202	852
3202	853
855	857
666	856
859	3203
859	3207
3207	3204
3207	3208
3208	3205
3208	3209
3209	3206
3209	3210
3210	853
3210	858
862	3211
862	3213
3213	3212
3213	3214
3214	860
3214	861
865	3215
865	3217
3217	3216
3217	3218
3218	863
3218	864
3219	866
3219	3220
669	3220
669	671
868	3221
868	3223
3223	3222
3223	3224
3224	864
3224	867
871	869
871	870
3225	872
3225	3226
3227	3226
3227	3228
3229	3228
3229	3230
3231	3230
3231	3232
684	3232
684	686
3233	870
3233	3234
3235	3234
3235	3236
3237	3236
3237	3238
3239	3238
3239	3240
696	3240
696	698
874	3241
874	3243
3243	3242
3243	3244
3244	867
3244	873
877	3245
877	3247
3247	3246
3247	3248
3248	875
3248	876
3251	3249
3251	3252
3252	3250
3252	3253
3253	878
3253	3254
3255	3252
3255	3256
3256	3253
3256	3257
3257	3254
3257	3258
880	3256
880	3259
3259	3257
3259	3260
3260	3258
3260	879
699	881
699	701
883	3261
883	3263
3263	3262
3263	3264
3264	879
3264	882
702	884
702	704
886	3265
886	3267
3267	3266
3267	3268
3268	882
3268	885
889	3269
889	3271
3271	3270
3271	3272
3272	887
3272	888
708	3273
708	3275
3275	3274
3275	3276
3276	890
3276	710
892	888
892	891
895	3277
895	3278
3278	893
3278	894
898	896
898	897
901	899
901	900
904	902
904	903
907	3279
907	3280
3280	905
3280	906
711	908
711	713
714	906
714	716
3281	903
3281	3282
3283	3282
3283	3284
910	3284
910	909
3286	3285
3286	3287
3287	911
3287	3288
913	3287
913	3289
3289	3288
3289	912
916	3290
916	3291
3291	914
3291	915
919	3292
919	3294
3294	3293
3294	3295
3295	917
3295	918
922	3296
922	3297
3297	920
3297	921
723	3298
723	3301
3301	3299
3301	3302
3302	3300
3302	3303
3303	923
3303	725
925	3304
925	3305
3305	921
3305	924
729	3306
729	3308
3308	3307
3308	3309
3309	926
3309	731
918	924
918	920
928	915
928	927
931	3310
931	3311
3311	929
3311	930
934	932
934	933
732	3312
732	3314
3314	3313
3314	3315
3315	935
3315	734
741	3316
741	3318
3318	3317
3318	3319
3319	933
3319	743
937	3320
937	3321
3321	930
3321	936
940	3322
940	3323
3323	938
3323	939
744	3324
744	3327
3327	3325
3327	3328
3328	3326
3328	3329
3329	941
3329	746
3331	3330
3331	3332
3332	939
3332	3333
3334	3332
3334	3335
3335	3333
3335	3336
943	3335
943	3337
3337	3336
3337	942
946	3338
946	3339
3339	944
3339	945
949	947
949	948
952	950
952	951
3340	953
3340	3341
3342	3341
3342	3343
3344	3343
3344	3345
3346	3345
3346	3347
749	3347
749	751
3348	951
3348	3349
3350	3349
3350	3351
955	3351
955	954
958	3352
958	3354
3354	3353
3354	3355
3355	956
3355	957
3358	3356
3358	3359
3359	3357
3359	3360
3360	959
3360	3361
961	3359
961	3362
3362	3360
3362	3363
3363	3361
3363	960
754	3364
754	3365
3365	962
3365	756
757	3366
757	3367
3367	960
3367	759
964	957
964	963
3368	965
3368	3369
772	3369
772	774
967	963
967	966
970	3370
970	3371
3371	968
3371	969
973	971
973	972
3372	974
3372	3373
976	3373
976	975
3374	977
3374	3375
3376	3375
3376	3377
3378	3377
3378	3379
775	3379
775	777
979	975
979	978
982	3380
982	3381
3381	980
3381	981
3383	3382
3383	3384
3384	983
3384	3385
3386	3384
3386	3387
3387	3385
3387	3388
3389	3387
3389	3390
3390	3388
3390	3391
3392	3390
3392	3393
3393	3391
3393	3394
3395	3393
3395	3396
3396	3394
3396	3397
985	3396
985	3398
3398	3397
3398	984
988	3399
988	3400
3400	986
3400	987
991	989
991	990
3401	992
3401	3402
3403	3402
3403	3404
3405	3404
3405	3406
994	3406
994	993
778	995
778	780
3407	993
3407	3408
997	3408
997	996
1000	998
1000	999
1003	3409
1003	3410
3410	1001
3410	1002
1006	3411
1006	3412
3412	1004
3412	1005
3413	783
3413	3414
3413	760
781	761
1009	3415
1009	3419
3419	3416
3419	3420
3420	3417
3420	3421
3421	3418
3421	3422
3422	1005
3422	1008
793	1010
793	795
1012	3423
1012	3426
3426	3424
3426	3427
3427	3425
3427	3428
3428	1008
3428	1011
1015	3429
1015	3433
3433	3430
3433	3434
3434	3431
3434	3435
3435	3432
3435	3436
3436	1013
3436	1014
1018	3437
1018	3441
3441	3438
3441	3442
3442	3439
3442	3443
3443	3440
3443	3444
3444	1016
3444	1017
1021	3445
1021	3446
3446	1019
3446	1020
796	1022
796	798
3447	1020
3447	3448
3449	3448
3449	3450
1024	3450
1024	1023
3451	1025
3451	3452
1027	3452
1027	1026
1030	3453
1030	3454
3454	1028
3454	1029
802	1031
802	804
1033	3455
1033	3456
3456	1029
3456	1032
808	1034
808	810
811	3457
811	3458
3458	1032
3458	813
1036	1026
1036	1035
3460	3459
3460	3461
3461	1037
3461	3462
1039	3461
1039	3463
3463	3462
3463	1038
1042	1040
1042	1041
814	3464
814	3467
3467	3465
3467	3468
3468	3466
3468	3469
3469	1043
3469	816
1045	3470
1045	3473
3473	3471
3473	3474
3474	3472
3474	3475
3475	1041
3475	1044
1048	3476
1048	3480
3480	3477
3480	3481
3481	3478
3481	3482
3482	3479
3482	3483
3483	1046
3483	1047
1051	3484
1051	3486
3486	3485
3486	3487
3487	1049
3487	1050
1054	3488
1054	3490
3490	3489
3490	3491
3491	1052
3491	1053
1057	3492
1057	3493
3493	1055
3493	1056
1060	1058
1060	1059
3494	1061
3494	3495
3496	3495
3496	3497
3498	3497
3498	3499
3500	3499
3500	3501
3502	3501
3502	3503
3504	3503
3504	3505
817	3505
817	819
1063	3506
1063	3507
3507	1059
3507	1062
3508	1064
3508	3509
3510	3509
3510	3511
3512	3511
3512	3513
3514	3513
3514	3515
1066	3515
1066	1065
3516	1067
3516	3517
1069	3517
1069	1068
3518	1070
3518	3519
3520	3519
3520	3521
3522	3521
3522	3523
3524	3523
3524	3525
1072	3525
1072	1071
826	3526
826	3527
3527	1073
3527	828
1075	1071
1075	1074
3528	1076
3528	3529
1078	3529
1078	1077
1081	1079
1081	1080
3530	1082
3530	3531
3532	3531
3532	3533
835	3533
835	837
1084	3534
1084	3535
3535	1080
3535	1083
3536	1085
3536	3537
3538	3537
3538	3539
1087	3539
1087	1086
1090	3540
1090	3541
3541	1088
3541	1089
3543	3542
3543	3544
3544	1091
3544	3545
838	3544
838	3546
3546	3545
3546	840
3547	1089
3547	3548
841	3548
841	843
3549	1086
3549	3550
1093	3550
1093	1092
3551	1094
3551	3552
1096	3552
1096	1095
3553	1097
3553	3554
3555	3554
3555	3556
1099	3556
1099	1098
844	3557
844	3558
3558	1100
3558	846
1102	1098
1102	1101
1105	1103
1105	1104
3560	3559
3560	3561
3561	1106
3561	3562
1108	3561
1108	3563
3563	3562
3563	1107
850	3564
850	3565
3565	1109
3565	852
1111	3566
1111	3567
3567	1107
3567	1110
1114	3568
1114	3570
3570	3569
3570	3571
3571	1112
3571	1113
858	3572
858	3573
3573	1115
3573	860
861	1113
861	863
1117	3574
1117	3577
3577	3575
3577	3578
3578	3576
3578	3579
3579	1110
3579	1116
3581	3580
3581	3582
3582	1118
3582	3583
3584	3582
3584	3585
3585	3583
3585	3586
1120	3585
1120	3587
3587	3586
3587	1119
1123	3588
1123	3591
3591	3589
3591	3592
3592	3590
3592	3593
3593	1121
3593	1122
3594	1124
3594	3595
3596	3595
3596	3597
3598	3597
3598	3599
1126	3599
1126	1125
1129	3600
1129	3601
3601	1127
3601	1128
3602	1130
3602	3603
3604	3603
3604	3605
3606	3605
3606	3607
3608	3607
3608	3609
1132	3609
1132	1131
3610	1133
3610	3611
1135	3611
1135	1134
873	1136
873	875
876	1134
876	878
3612	1131
3612	3613
3614	3613
3614	3615
3616	3615
3616	3617
3618	3617
3618	3619
894	3619
894	896
1138	1128
1138	1137
3620	1139
3620	3621
897	3621
897	899
3622	1137
3622	3623
900	3623
900	902
1141	1125
1141	1140
1144	1142
1144	1143
3624	1145
3624	3625
1147	3625
1147	1146
909	3626
909	3627
3627	1148
3627	911
1150	1146
1150	1149
936	3628
936	3630
3630	3629
3630	3631
3631	1151
3631	938
1153	3632
1153	3634
3634	3633
3634	3635
3635	1149
3635	1152
1156	3636
1156	3638
3638	3637
3638	3639
3639	1154
3639	1155
1159	1157
1159	1158
1162	3640
1162	3641
3641	1160
3641	1161
942	1163
942	944
1165	1161
1165	1164
945	3642
945	3643
3643	1166
3643	947
1168	3644
1168	3645
3645	1164
3645	1167
1171	1169
1171	1170
1174	3646
1174	3648
3648	3647
3648	3649
3649	1172
3649	1173
1177	3650
1177	3653
3653	3651
3653	3654
3654	3652
3654	3655
3655	1175
3655	1176
3656	1178
3656	3657
948	3657
948	950
1180	3658
1180	3661
3661	3659
3661	3662
3662	3660
3662	3663
3663	1176
3663	1179
1183	1181
1183	1182
1186	3664
1186	3665
3665	1184
3665	1185
954	3666
954	3667
3667	1187
3667	956
1189	1185
1189	1188
3668	1190
3668	3669
966	3669
966	968
1192	1188
1192	1191
3670	1193
3670	3671
1195	3671
1195	1194
3672	1196
3672	3673
3674	3673
3674	3675
969	3675
969	971
1198	3676
1198	3677
3677	1194
3677	1197
3678	1199
3678	3679
3680	3679
3680	3681
3682	3681
3682	3683
1201	3683
1201	1200
1204	1202
1204	1203
3684	1205
3684	3685
972	3685
972	974
978	1203
978	980
1207	3686
1207	3687
3687	1200
3687	1206
1210	1208
1210	1209
987	1211
987	989
3688	1209
3688	3689
1213	3689
1213	1212
3690	1214
3690	3691
990	3691
990	992
1216	1212
1216	1215
1219	3692
1219	3693
3693	1217
3693	1218
996	1220
996	998
3694	1218
3694	3695
1222	3695
1222	1221
1225	1223
1225	1224
3696	1226
3696	3697
999	3697
999	1001
1228	1224
1228	1227
3698	1229
3698	3699
1231	3699
1231	1230
1014	1232
1014	1016
3700	1230
3700	3701
1234	3701
1234	1233
1237	3702
1237	3704
3704	3703
3704	3705
3705	1235
3705	1236
3706	1238
3706	3707
3708	3707
3708	3709
1240	3709
1240	1239
1243	3710
1243	3711
3711	1241
3711	1242
1246	1244
1246	1245
1017	3712
1017	3715
3715	3713
3715	3716
3716	3714
3716	3717
3717	1247
3717	1019
1249	3718
1249	3721
3721	3719
3721	3722
3722	3720
3722	3723
3723	1245
3723	1248
3724	1250
3724	3725
1023	3725
1023	1025
1252	3726
1252	3728
3728	3727
3728	3729
3729	1248
3729	1251
3730	1253
3730	3731
3732	3731
3732	3733
1255	3733
1255	1254
1258	3734
1258	3735
3735	1256
3735	1257
3736	1259
3736	3737
3738	3737
3738	3739
1261	3739
1261	1260
1035	3740
1035	3742
3742	3741
3742	3743
3743	1262
3743	1037
1264	3744
1264	3746
3746	3745
3746	3747
3747	1260
3747	1263
1267	1265
1267	1266
1270	3748
1270	3749
3749	1268
3749	1269
3750	1271
3750	3751
1273	3751
1273	1272
1276	3752
1276	3754
3754	3753
3754	3755
3755	1274
3755	1275
1047	3756
1047	3757
3757	1277
3757	1049
1050	1275
1050	1052
1279	3758
1279	3759
3759	1272
3759	1278
3761	3760
3761	3762
3762	1280
3762	3763
3764	3762
3764	3765
3765	3763
3765	3766
1282	3765
1282	3767
3767	3766
3767	1281
1285	1283
1285	1284
3769	3768
3769	3770
3770	1286
3770	3771
3772	3770
3772	3773
3773	3771
3773	3774
1288	3773
1288	3775
3775	3774
3775	1287
3776	1289
3776	3777
3778	3777
3778	3779
3780	3779
3780	3781
1291	3781
1291	1290
3783	3782
3783	3784
3784	1292
3784	3785
1053	3784
1053	3786
3786	3785
3786	1055
3787	1290
3787	3788
1095	3788
1095	1097
1294	3789
1294	3790
3790	1287
3790	1293
3791	1295
3791	3792
3793	3792
3793	3794
1297	3794
1297	1296
1101	3795
1101	3796
3796	1298
3796	1103
1300	3797
1300	3798
3798	1296
3798	1299
1303	1301
1303	1302
3799	1304
3799	3800
1104	3800
1104	1106
1306	3801
1306	3802
3802	1302
3802	1305
3803	1307
3803	3804
1309	3804
1309	1308
1312	3805
1312	3806
3806	1310
3806	1311
1315	3807
1315	3808
3808	1313
3808	1314
1122	3809
1122	3812
3812	3810
3812	3813
3813	3811
3813	3814
3814	1316
3814	1124
1318	3815
1318	3816
3816	1314
3816	1317
1321	3817
1321	3818
3818	1319
3818	1320
1324	1322
1324	1323
1140	1325
1140	1142
1143	1323
1143	1145
1152	1320
1152	1154
1327	1317
1327	1326
1330	3819
1330	3820
3820	1328
3820	1329
1333	1331
1333	1332
1336	3821
1336	3824
3824	3822
3824	3825
3825	3823
3825	3826
3826	1334
3826	1335
1155	3827
1155	3829
3829	3828
3829	3830
3830	1337
3830	1157
1158	1335
1158	1160
1339	3831
1339	3834
3834	3832
3834	3835
3835	3833
3835	3836
3836	1332
3836	1338
1340	1342
1344	1341
1347	3837
1347	3838
3838	1345
3838	1346
1350	3839
1350	3840
3840	1348
3840	1349
1353	3841
1353	3842
3842	1351
3842	1352
1356	3843
1356	3845
3845	3844
3845	3846
3846	1354
3846	1355
1357	1359
1361	1358
3848	3847
3848	3849
3849	1362
3849	3850
1167	3849
1167	3851
3851	3850
3851	1169
1364	3852
1364	3855
3855	3853
3855	3856
3856	3854
3856	3857
3857	1360
3857	1363
1170	3858
1170	3860
3860	3859
3860	3861
3861	1365
3861	1172
1367	1363
1367	1366
3862	1368
3862	3863
1173	3863
1173	1175
1370	3864
1370	3865
3865	1366
3865	1369
1373	1371
1373	1372
1376	3866
1376	3868
3868	3867
3868	3869
3869	1374
3869	1375
1379	3870
1379	3872
3872	3871
3872	3873
3873	1377
3873	1378
1382	3874
1382	3876
3876	3875
3876	3877
3877	1380
3877	1381
1385	3878
1385	3880
3880	3879
3880	3881
3881	1383
3881	1384
1388	3882
1388	3885
3885	3883
3885	3886
3886	3884
3886	3887
3887	1386
3887	1387
1391	3888
1391	3891
3891	3889
3891	3892
3892	3890
3892	3893
3893	1389
3893	1390
1394	3894
1394	3897
3897	3895
3897	3898
3898	3896
3898	3899
3899	1392
3899	1393
1397	3900
1397	3903
3903	3901
3903	3904
3904	3902
3904	3905
3905	1395
3905	1396
1179	3906
1179	3908
3908	3907
3908	3909
3909	1398
3909	1181
1182	3910
1182	3911
3911	1396
3911	1184
3913	3912
3913	3914
3914	1393
3914	3915
1400	3914
1400	3916
3916	3915
3916	1399
1191	1401
1191	1193
3918	3917
3918	3919
3919	1399
3919	3920
3921	3919
3921	3922
3922	3920
3922	3923
3924	3922
3924	3925
3925	3923
3925	3926
3927	3925
3927	3928
3928	3926
3928	3929
1403	3928
1403	3930
3930	3929
3930	1402
1406	3931
1406	3933
3933	3932
3933	3934
3934	1404
3934	1405
1409	1407
1409	1408
3935	1410
3935	3936
1412	3936
1412	1411
1415	3937
1415	3938
3938	1413
3938	1414
3940	3939
3940	3941
3941	1416
3941	3942
1197	3941
1197	3943
3943	3942
3943	1199
3944	1414
3944	3945
3946	3945
3946	3947
3948	3947
3948	3949
1206	3949
1206	1208
3950	1411
3950	3951
3952	3951
3952	3953
1215	3953
1215	1217
1221	1408
1221	1223
1418	3954
1418	3956
3956	3955
3956	3957
3957	1405
3957	1417
1421	3958
1421	3960
3960	3959
3960	3961
3961	1419
3961	1420
1424	3962
1424	3964
3964	3963
3964	3965
3965	1422
3965	1423
1227	3966
1227	3967
3967	1425
3967	1229
1233	3968
1233	3970
3970	3969
3970	3971
3971	1423
3971	1235
1427	1420
1427	1426
1430	3972
1430	3974
3974	3973
3974	3975
3975	1428
3975	1429
3976	1431
3976	3977
1433	3977
1433	1432
1236	3978
1236	3979
3979	1434
3979	1238
1436	3980
1436	3982
3982	3981
3982	3983
3983	1432
3983	1435
3985	3984
3985	3986
3986	1437
3986	3987
1439	3986
1439	3988
3988	3987
3988	1438
1442	3989
1442	3991
3991	3990
3991	3992
3992	1440
3992	1441
1445	3993
1445	3994
3994	1443
3994	1444
3996	3995
3996	3997
3997	1446
3997	3998
1448	3997
1448	3999
3999	3998
3999	1447
1451	1449
1451	1450
1239	4000
1239	4002
4002	4001
4002	4003
4003	1452
4003	1241
1454	4004
1454	4006
4006	4005
4006	4007
4007	1450
4007	1453
1457	1455
1457	1456
1242	4008
1242	4009
4009	1458
4009	1244
1251	4010
1251	4011
4011	1456
4011	1253
1352	4012
1352	4014
4014	4013
4014	4015
4015	1453
4015	1354
4017	4016
4017	4018
4018	1447
4018	4019
1355	4018
1355	4020
4020	4019
4020	1357
4022	4021
4022	4023
4023	1444
4023	4024
1460	4023
1460	4025
4025	4024
4025	1459
1463	4026
1463	4029
4029	4027
4029	4030
4030	4028
4030	4031
4031	1461
4031	1462
4032	1464
4032	4033
1369	4033
1369	1371
1372	4034
1372	4036
4036	4035
4036	4037
4037	1462
4037	1374
1466	4038
1466	4039
4039	1459
4039	1465
4040	1467
4040	4041
4042	4041
4042	4043
1469	4043
1469	1468
1472	1470
1472	1471
1375	1473
1375	1377
1378	1471
1378	1380
4044	1468
4044	4045
4046	4045
4046	4047
4048	4047
4048	4049
1475	4049
1475	1474
1478	4050
1478	4051
4051	1476
4051	1477
1481	4052
1481	4054
4054	4053
4054	4055
4055	1479
4055	1480
1484	4056
1484	4058
4058	4057
4058	4059
4059	1482
4059	1483
4060	1485
4060	4061
4062	4061
4062	4063
1487	4063
1487	1486
1490	4064
1490	4066
4066	4065
4066	4067
4067	1488
4067	1489
4069	4068
4069	4070
4070	1491
4070	4071
1493	4070
1493	4072
4072	4071
4072	1492
1381	1494
1381	1383
1384	4073
1384	4074
4074	1492
4074	1386
1496	4075
1496	4076
4076	1489
4076	1495
1499	4077
1499	4078
4078	1497
4078	1498
1502	4079
1502	4081
4081	4080
4081	4082
4082	1500
4082	1501
1505	4083
1505	4085
4085	4084
4085	4086
4086	1503
4086	1504
1508	4087
1508	4089
4089	4088
4089	4090
4090	1506
4090	1507
1511	1509
1511	1510
1514	4091
1514	4092
4092	1512
4092	1513
1387	1515
1387	1389
1390	1513
1390	1392
1517	1510
1517	1516
1520	4093
1520	4095
4095	4094
4095	4096
4096	1518
4096	1519
4098	4097
4098	4099
4099	1521
4099	4100
1523	4099
1523	4101
4101	4100
4101	1522
1526	1524
1526	1525
1402	4102
1402	4104
4104	4103
4104	4105
4105	1527
4105	1404
1529	4106
1529	4109
4109	4107
4109	4110
4110	4108
4110	4111
4111	1525
4111	1528
1532	4112
1532	4114
4114	4113
4114	4115
4115	1530
4115	1531
1535	4116
1535	4117
4117	1533
4117	1534
1538	4118
1538	4119
4119	1536
4119	1537
1417	1539
1417	1419
1426	4120
1426	4121
4121	1537
4121	1428
1541	1534
1541	1540
1544	4122
1544	4125
4125	4123
4125	4126
4126	4124
4126	4127
4127	1542
4127	1543
1547	4128
1547	4132
4132	4129
4132	4133
4133	4130
4133	4134
4134	4131
4134	4135
4135	1545
4135	1546
1548	1550
1552	1549
1555	4136
1555	4137
4137	1553
4137	1554
1558	1556
1558	1557
4138	1559
4138	4139
4140	4139
4140	4141
4142	4141
4142	4143
4144	4143
4144	4145
4146	4145
4146	4147
4148	4147
4148	4149
4150	4149
4150	4151
4152	4151
4152	4153
4154	4153
4154	4155
4156	4155
4156	4157
4158	4157
4158	4159
1561	4159
1561	1560
1564	1562
1564	1563
1429	4160
1429	4161
4161	1565
4161	1431
4163	4162
4163	4164
4164	1563
4164	4165
4166	4164
4166	4167
4167	4165
4167	4168
1567	4167
1567	4169
4169	4168
4169	1566
1570	4170
1570	4172
4172	4171
4172	4173
4173	1568
4173	1569
1573	4174
1573	4175
4175	1571
4175	1572
1441	4176
1441	4178
4178	4177
4178	4179
4179	1574
4179	1443
1576	4180
1576	4181
4181	1572
4181	1575
1579	4182
1579	4183
4183	1577
4183	1578
1465	1580
1465	1467
4184	1578
4184	4185
4186	4185
4186	4187
1582	4187
1582	1581
4188	1583
4188	4189
1474	4189
1474	1476
1585	1581
1585	1584
1554	4190
1554	4191
4191	1586
4191	1556
1588	1584
1588	1587
4192	1589
4192	4193
4194	4193
4194	4195
1591	4195
1591	1590
1594	1592
1594	1593
4196	1595
4196	4197
1597	4197
1597	1596
1600	1598
1600	1599
1557	4198
1557	4199
4199	1601
4199	1559
4200	1599
4200	4201
4202	4201
4202	4203
4204	4203
4204	4205
4206	4205
4206	4207
1603	4207
1603	1602
4208	1604
4208	4209
1606	4209
1606	1605
4210	1607
4210	4211
4212	4211
4212	4213
4214	4213
4214	4215
4216	4215
4216	4217
1609	4217
1609	1608
1560	4218
1560	4219
4219	1610
4219	1562
1612	1608
1612	1611
4220	1613
4220	4221
1615	4221
1615	1614
1618	1616
1618	1617
4222	1619
4222	4223
4224	4223
4224	4225
1566	4225
1566	1568
1590	4226
1590	4227
4227	1617
4227	1592
1621	1614
1621	1620
1624	1622
1624	1623
1627	4228
1627	4229
4229	1625
4229	1626
1630	1628
1630	1629
1593	1631
1593	1595
4230	1629
4230	4231
1596	4231
1596	1598
4232	1626
4232	4233
4234	4233
4234	4235
4236	4235
4236	4237
4238	4237
4238	4239
1602	4239
1602	1604
4240	1623
4240	4241
4242	4241
4242	4243
4244	4243
4244	4245
4246	4245
4246	4247
1605	4247
1605	1607
4248	1620
4248	4249
1611	4249
1611	1613
1633	4250
1633	4251
4251	1587
4251	1632
4253	4252
4253	4254
4254	1634
4254	4255
1569	4254
1569	4256
4256	4255
4256	1571
1575	1632
1575	1577
1477	4257
1477	4261
4261	4258
4261	4262
4262	4259
4262	4263
4263	4260
4263	4264
4264	1551
4264	1479
4265	1546
4265	4266
4267	4266
4267	4268
1636	4268
1636	1635
1639	1637
1639	1638
1642	4269
1642	4271
4271	4270
4271	4272
4272	1640
4272	1641
1645	4273
1645	4274
4274	1643
4274	1644
1648	4275
1648	4276
4276	1646
4276	1647
4278	4277
4278	4279
4279	1649
4279	4280
4281	4279
4281	4282
4282	4280
4282	4283
4284	4282
4284	4285
4285	4283
4285	4286
4287	4285
4287	4288
4288	4286
4288	4289
1651	4288
1651	4290
4290	4289
4290	1650
4292	4291
4292	4293
4293	1652
4293	4294
1654	4293
1654	4295
4295	4294
4295	1653
1480	1655
1480	1482
4297	4296
4297	4298
4298	1653
4298	4299
1657	4298
1657	4300
4300	4299
4300	1656
1660	1658
1660	1659
4303	4301
4303	4304
4304	4302
4304	4305
4305	1661
4305	4306
1483	4304
1483	4307
4307	4305
4307	4308
4308	4306
4308	1485
1663	4309
1663	4311
4311	4310
4311	4312
4312	1659
4312	1662
1486	4313
1486	4315
4315	4314
4315	4316
4316	1664
4316	1488
1666	4317
1666	4318
4318	1662
4318	1665
1669	4319
1669	4321
4321	4320
4321	4322
4322	1667
4322	1668
1672	4323
1672	4326
4326	4324
4326	4327
4327	4325
4327	4328
4328	1670
4328	1671
1495	1673
1495	1497
1675	4329
1675	4332
4332	4330
4332	4333
4333	4331
4333	4334
4334	1671
4334	1674
4335	1676
4335	4336
1498	4336
1498	1500
1678	4337
1678	4339
4339	4338
4339	4340
4340	1674
4340	1677
1681	1679
1681	1680
1684	4341
1684	4342
4342	1682
4342	1683
1687	4343
1687	4344
4344	1685
4344	1686
4345	1688
4345	4346
4347	4346
4347	4348
4349	4348
4349	4350
1501	4350
1501	1503
4353	4351
4353	4354
4354	4352
4354	4355
4355	1686
4355	4356
1690	4354
1690	4357
4357	4355
4357	4358
4358	4356
4358	1689
1693	4359
1693	4361
4361	4360
4361	4362
4362	1691
4362	1692
4363	1694
4363	4364
4365	4364
4365	4366
1504	4366
1504	1506
1696	4367
1696	4369
4369	4368
4369	4370
4370	1692
4370	1695
1699	4371
1699	4372
4372	1697
4372	1698
1519	4373
1519	4374
4374	1700
4374	1521
1702	4375
1702	4376
4376	1698
4376	1701
1705	4377
1705	4378
4378	1703
4378	1704
1708	1706
1708	1707
1522	1709
1522	1524
1711	4379
1711	4380
4380	1707
4380	1710
1714	4381
1714	4382
4382	1712
4382	1713
1528	1715
1528	1530
1717	4383
1717	4384
4384	1713
4384	1716
1531	4385
1531	4388
4388	4386
4388	4389
4389	4387
4389	4390
4390	1718
4390	1533
1540	4391
1540	4394
4394	4392
4394	4395
4395	4393
4395	4396
4396	1716
4396	1542
1543	1710
1543	1545
1720	1704
1720	1719
4397	1721
4397	4398
4399	4398
4399	4400
1635	4400
1635	1637
4401	1719
4401	4402
1723	4402
1723	1722
4404	4403
4404	4405
4405	1724
4405	4406
1638	4405
1638	4407
4407	4406
4407	1640
1726	1722
1726	1725
1729	1727
1729	1728
4408	1730
4408	4409
4410	4409
4410	4411
4412	4411
4412	4413
4414	4413
4414	4415
1732	4415
1732	1731
1641	4416
1641	4418
4418	4417
4418	4419
4419	1733
4419	1643
4423	4420
4423	4424
4424	4421
4424	4425
4425	4422
4425	4426
4426	1731
4426	4427
1735	4424
1735	4428
4428	4425
4428	4429
4429	4426
4429	4430
4430	4427
4430	1734
4431	1736
4431	4432
4433	4432
4433	4434
4435	4434
4435	4436
4437	4436
4437	4438
1738	4438
1738	1737
4439	1739
4439	4440
4441	4440
4441	4442
4443	4442
4443	4444
4445	4444
4445	4446
1644	4446
1644	1646
1741	4447
1741	4448
4448	1737
4448	1740
1744	1742
1744	1743
1656	4449
1656	4450
4450	1745
4450	1658
1665	4451
1665	4452
4452	1743
4452	1667
4453	1740
4453	4454
1668	4454
1668	1670
1747	4455
1747	4458
4458	4456
4458	4459
4459	4457
4459	4460
4460	1734
4460	1746
1750	4461
1750	4464
4464	4462
4464	4465
4465	4463
4465	4466
4466	1748
4466	1749
1677	4467
1677	4469
4469	4468
4469	4470
4470	1751
4470	1679
1680	4471
1680	4472
4472	1749
4472	1682
4473	1746
4473	4474
4475	4474
4475	4476
1753	4476
1753	1752
1683	1754
1683	1685
1756	4477
1756	4478
4478	1752
4478	1755
1759	1757
1759	1758
4479	1760
4479	4480
1762	4480
1762	1761
1765	1763
1765	1764
4481	1766
4481	4482
4483	4482
4483	4484
1689	4484
1689	1691
1768	4485
1768	4486
4486	1764
4486	1767
4487	1769
4487	4488
4489	4488
4489	4490
1771	4490
1771	1770
1774	4491
1774	4492
4492	1772
4492	1773
4494	4493
4494	4495
4495	1775
4495	4496
1695	4495
1695	4497
4497	4496
4497	1697
1701	1773
1701	1703
4498	1770
4498	4499
4500	4499
4500	4501
1725	4501
1725	1727
1777	1767
1777	1776
4502	1778
4502	4503
1780	4503
1780	1779
1783	1781
1783	1782
1728	4504
1728	4505
4505	1784
4505	1730
4506	1782
4506	4507
4508	4507
4508	4509
4510	4509
4510	4511
4512	4511
4512	4513
1786	4513
1786	1785
4514	1787
4514	4515
1789	4515
1789	1788
4516	1790
4516	4517
4518	4517
4518	4519
4520	4519
4520	4521
1755	4521
1755	1757
4522	1788
4522	4523
4524	4523
4524	4525
4526	4525
4526	4527
4528	4527
4528	4529
1792	4529
1792	1791
1795	1793
1795	1794
4530	1796
4530	4531
1758	4531
1758	1760
1761	1794
1761	1763
1798	4532
1798	4533
4533	1791
4533	1797
1801	1799
1801	1800
1776	1802
1776	1778
4534	1800
4534	4535
1779	4535
1779	1781
4536	1797
4536	4537
4538	4537
4538	4539
4540	4539
4540	4541
4542	4541
4542	4543
1785	4543
1785	1787
1647	4544
1647	4545
4545	1650
4545	1649
1507	4546
1507	4547
4547	1516
4547	1509
4549	4548
4549	4550
4550	1438
4550	4551
1435	4550
1435	4552
4552	4551
4552	1437
1804	1349
1804	1803
4555	4553
4555	4556
4556	4554
4556	4557
4557	1805
4557	4558
1254	4556
1254	4559
4559	4557
4559	4560
4560	4558
4560	1256
1807	4561
1807	4562
4562	1803
4562	1806
1810	4563
1810	4566
4566	4564
4566	4567
4567	4565
4567	4568
4568	1808
4568	1809
1281	4569
1281	4570
4570	1811
4570	1283
1284	4571
1284	4572
4572	1809
4572	1286
1806	1813
1815	1812
1818	4573
1818	4574
4574	1816
4574	1817
4575	1819
4575	4576
1305	4576
1305	1307
4577	1817
4577	4578
1308	4578
1308	1310
1821	4579
1821	4582
4582	4580
4582	4583
4583	4581
4583	4584
4584	1814
4584	1820
1343	4585
1343	4588
4588	4586
4588	4589
4589	4587
4589	4590
4590	1822
4590	1345
1346	1820
1346	1348
1329	1338
1329	1331
1311	1326
1311	1313
1293	4591
1293	4592
4592	1299
4592	1295
1269	1278
1269	1271
1824	1266
1824	1823
1257	4593
1257	4594
4594	1825
4594	1259
1263	4595
1263	4596
4596	1823
4596	1265
1116	4597
1116	4600
4600	4598
4600	4601
4601	4599
4601	4602
4602	1119
4602	1118
1056	4603
1056	4604
4604	1092
4604	1058
1827	1083
1827	1826
4605	1828
4605	4606
1830	4606
1830	1829
1062	1831
1062	1064
4607	1829
4607	4608
1833	4608
1833	1832
1836	1834
1836	1835
4609	1837
4609	4610
4611	4610
4611	4612
4613	4612
4613	4614
4615	4614
4615	4616
1065	4616
1065	1067
1839	4617
1839	4618
4618	1835
4618	1838
4619	1840
4619	4620
4621	4620
4621	4622
4623	4622
4623	4624
4625	4624
4625	4626
1068	4626
1068	1070
1842	1838
1842	1841
4627	1843
4627	4628
1074	4628
1074	1076
1077	1841
1077	1079
1826	1832
1826	1828
1038	1044
1038	1040
1002	1011
1002	1004
4630	4629
4630	4631
4631	984
4631	4632
4633	4631
4633	4634
4634	4632
4634	4635
981	4634
981	4636
4636	4635
4636	983
912	927
912	914
885	891
885	887
4637	693
4637	4638
687	4638
687	689
593	601
593	595
584	590
584	586
542	4639
542	4640
4640	551
4640	544
487	496
487	489
412	4641
412	4644
4644	4642
4644	4645
4645	4643
4645	4646
4646	415
4646	414
1845	365
1845	1844
1846	1848
1850	1847
1853	4647
1853	4649
4649	4648
4649	4650
4650	1851
4650	1852
4651	1854
4651	4652
4653	4652
4653	4654
4655	4654
4655	4656
1856	4656
1856	1855
278	4657
278	4658
4658	1857
4658	280
4659	1855
4659	4660
1859	4660
1859	1858
287	4661
287	4663
4663	4662
4663	4664
4664	1860
4664	289
1862	4665
1862	4668
4668	4666
4668	4669
4669	4667
4669	4670
4670	1858
4670	1861
1865	4671
1865	4672
4672	1863
4672	1864
1868	1866
1868	1867
293	1869
293	295
296	1867
296	298
4673	1864
4673	4674
1871	4674
1871	1870
1874	4675
1874	4678
4678	4676
4678	4679
4679	4677
4679	4680
4680	1872
4680	1873
1877	4681
1877	4684
4684	4682
4684	4685
4685	4683
4685	4686
4686	1875
4686	1876
302	1878
302	304
4687	1881
4687	4688
4687	1880
1882	1879
1885	4689
1885	4690
4690	1883
4690	1884
1888	4691
1888	4692
4692	1886
4692	1887
305	1889
305	307
1891	4693
1891	4694
4694	1887
4694	1890
308	1892
308	310
4695	1890
4695	4696
4697	4696
4697	4698
1894	4698
1894	1893
1897	4699
1897	4700
4700	1895
4700	1896
1900	4701
1900	4702
4702	1898
4702	1899
4703	1901
4703	4704
4705	4704
4705	4706
323	4706
323	325
4707	1899
4707	4708
4709	4708
4709	4710
1903	4710
1903	1902
1906	4711
1906	4714
4714	4712
4714	4715
4715	4713
4715	4716
4716	1904
4716	1905
326	1907
326	328
329	4717
329	4720
4720	4718
4720	4721
4721	4719
4721	4722
4722	1905
4722	331
1909	4723
1909	4726
4726	4724
4726	4727
4727	4725
4727	4728
4728	1902
4728	1908
1912	4729
1912	4730
4730	1910
4730	1911
4731	1913
4731	4732
1915	4732
1915	1914
1918	4733
1918	4734
4734	1916
4734	1917
341	1919
341	343
344	1917
344	346
4735	1914
4735	4736
1921	4736
1921	1920
1924	4737
1924	4738
4738	1922
4738	1923
1927	4739
1927	4740
4740	1925
4740	1926
1928	1930
1932	1929
1933	1935
1937	1934
1938	1940
1942	1939
1945	4741
1945	4743
4743	4742
4743	4744
4744	1943
4744	1944
1948	4745
1948	4747
4747	4746
4747	4748
4748	1946
4748	1947
4750	4749
4750	4751
4751	1949
4751	4752
347	4751
347	4753
4753	4752
4753	349
353	4754
353	4755
4755	1947
4755	355
362	1944
362	364
1941	1951
1844	1950
1953	1936
1953	1952
1956	1954
1956	1955
1959	4756
1959	4757
4757	1957
4757	1958
1962	1960
1962	1961
1965	1963
1965	1964
1968	1966
1968	1967
1971	4758
1971	4759
4759	1969
4759	1970
4760	1851
4760	4761
4760	1974
1849	4762
1849	4763
4763	1973
1976	4764
1976	4766
4766	4765
4766	4767
4767	1970
4767	1975
1979	1977
1979	1978
1982	4768
1982	4769
4769	1980
4769	1981
1852	4770
1852	4771
4771	1983
4771	1854
1985	1981
1985	1984
1988	4772
1988	4773
4773	1986
4773	1987
1861	4774
1861	4777
4777	4775
4777	4778
4778	4776
4778	4779
4779	1989
4779	1863
1991	4780
1991	4781
4781	1987
4781	1990
1994	1992
1994	1993
1997	4782
1997	4784
4784	4783
4784	4785
4785	1995
4785	1996
1870	4786
1870	4788
4788	4787
4788	4789
4789	1998
4789	1872
2000	1996
2000	1999
2003	4790
2003	4791
4791	2001
4791	2002
4792	2004
4792	4793
4794	4793
4794	4795
2006	4795
2006	2005
2009	2007
2009	2008
2012	2010
2012	2011
4796	2013
4796	4797
1873	4797
1873	1875
4798	2011
4798	4799
2015	4799
2015	2014
4800	2016
4800	4801
4802	4801
4802	4803
2018	4803
2018	2017
2021	4804
2021	4805
4805	2019
4805	2020
2024	4806
2024	4807
4807	2022
4807	2023
1881	4808
1881	4811
4811	4809
4811	4812
4812	4810
4812	4813
4813	2025
4813	1883
2027	4814
2027	4816
4816	4815
4816	4817
4817	2023
4817	2026
2030	4818
2030	4820
4820	4819
4820	4821
4821	2028
4821	2029
2033	4822
2033	4823
4823	2031
4823	2032
2036	4824
2036	4825
4825	2034
4825	2035
4826	2037
4826	4827
1884	4827
1884	1886
4829	4828
4829	4830
4830	2035
4830	4831
4832	4830
4832	4833
4833	4831
4833	4834
1893	4833
1893	4835
4835	4834
4835	1895
2039	4836
2039	4837
4837	2032
4837	2038
2042	4838
2042	4841
4841	4839
4841	4842
4842	4840
4842	4843
4843	2040
4843	2041
2045	4844
2045	4847
4847	4845
4847	4848
4848	4846
4848	4849
4849	2043
4849	2044
4850	2046
4850	4851
2048	4851
2048	2047
2051	4852
2051	4853
4853	2049
4853	2050
4854	2052
4854	4855
2054	4855
2054	2053
1896	4856
1896	4857
4857	2055
4857	1898
4858	2053
4858	4859
2057	4859
2057	2056
2060	4860
2060	4861
4861	2058
4861	2059
1908	4862
1908	4863
4863	2061
4863	1910
2063	4864
2063	4867
4867	4865
4867	4868
4868	4866
4868	4869
4869	2059
4869	2062
2066	4870
2066	4873
4873	4871
4873	4874
4874	4872
4874	4875
4875	2064
4875	2065
1923	2067
1923	1925
2069	4876
2069	4878
4878	4877
4878	4879
4879	2065
4879	2068
1926	4880
1926	4883
4883	4881
4883	4884
4884	4882
4884	4885
4885	2070
4885	1928
4887	4886
4887	4888
4888	2068
4888	4889
2072	4888
2072	4890
4890	4889
4890	2071
2075	4891
2075	4893
4893	4892
4893	4894
4894	2073
4894	2074
2078	2076
2078	2077
2081	4895
2081	4896
4896	2079
4896	2080
2084	2082
2084	2083
4897	2085
4897	4898
1931	4898
1931	1933
4899	2083
4899	4900
1952	4900
1952	1954
4901	2080
4901	4902
4903	4902
4903	4904
4905	4904
4905	4906
4907	4906
4907	4908
2087	4908
2087	2086
4909	2088
4909	4910
4911	4910
4911	4912
4913	4912
4913	4914
4915	4914
4915	4916
1955	4916
1955	1957
4917	2086
4917	4918
2090	4918
2090	2089
4919	2091
4919	4920
4921	4920
4921	4922
4923	4922
4923	4924
4925	4924
4925	4926
1958	4926
1958	1960
4927	2089
4927	4928
4929	4928
4929	4930
4931	4930
4931	4932
4933	4932
4933	4934
2093	4934
2093	2092
2096	2094
2096	2095
4935	2097
4935	4936
1961	4936
1961	1963
4937	2095
4937	4938
1964	4938
1964	1966
2099	4939
2099	4940
4940	2092
4940	2098
2102	2100
2102	2101
2105	4941
2105	4942
4942	2103
4942	2104
2108	4943
2108	4944
4944	2106
4944	2107
4945	2109
4945	4946
1967	4946
1967	1969
2111	2107
2111	2110
2002	4947
2002	4948
4948	2112
4948	2004
4949	2110
4949	4950
2104	4950
2104	2106
2114	4951
2114	4952
4952	2101
4952	2113
2117	2115
2117	2116
4953	2118
4953	4954
4955	4954
4955	4956
4957	4956
4957	4958
4959	4958
4959	4960
2005	4960
2005	2007
2120	4961
2120	4962
4962	2116
4962	2119
4964	4963
4964	4965
4965	2121
4965	4966
2123	4965
2123	4967
4967	4966
4967	2122
2126	4968
2126	4969
4969	2124
4969	2125
4970	2127
4970	4971
4972	4971
4972	4973
4974	4973
4974	4975
4976	4975
4976	4977
2008	4977
2008	2010
2129	4978
2129	4979
4979	2125
4979	2128
4980	2130
4980	4981
2014	4981
2014	2016
2132	4982
2132	4983
4983	2128
4983	2131
2135	4984
2135	4985
4985	2133
4985	2134
4987	4986
4987	4988
4988	2136
4988	4989
2017	4988
2017	4990
4990	4989
4990	2019
4991	2134
4991	4992
2041	4992
2041	2043
2138	2131
2138	2137
4993	2139
4993	4994
4995	4994
4995	4996
2141	4996
2141	2140
4997	2142
4997	4998
2144	4998
2144	2143
2044	4999
2044	5001
5001	5000
5001	5002
5002	2145
5002	2046
2147	5003
2147	5004
5004	2143
5004	2146
2047	2148
2047	2049
2150	5005
2150	5006
5006	2146
5006	2149
5008	5007
5008	5009
5009	2151
5009	5010
5011	5009
5011	5012
5012	5010
5012	5013
2153	5012
2153	5014
5014	5013
5014	2152
2062	5015
2062	5016
5016	2154
5016	2064
2071	2152
2071	2073
2156	2149
2156	2155
2159	5017
2159	5018
5018	2157
5018	2158
2074	5019
2074	5022
5022	5020
5022	5023
5023	5021
5023	5024
5024	2160
5024	2076
5026	5025
5026	5027
5027	2158
5027	5028
2162	5027
2162	5029
5029	5028
5029	2161
2165	2163
2165	2164
5030	2166
5030	5031
5032	5031
5032	5033
2168	5033
2168	2167
2171	5034
2171	5035
5035	2169
5035	2170
2113	2172
2113	2115
2119	2170
2119	2121
2174	5036
2174	5037
5037	2167
5037	2173
5038	2175
5038	5039
2122	5039
2122	2124
2164	5040
2164	5041
5041	2173
5041	2166
5042	2161
5042	5043
2137	5043
2137	2139
2140	5044
2140	5045
5045	2155
5045	2142
5046	2098
5046	5047
5048	5047
5048	5049
5050	5049
5050	5051
5052	5051
5052	5053
5054	5053
5054	5055
5056	5055
5056	5057
5058	5057
5058	5059
5060	5059
5060	5061
5062	5061
5062	5063
5064	5063
5064	5065
5066	5065
5066	5067
2077	5067
2077	2079
5068	2056
5068	5069
2050	5069
2050	2052
2029	5070
2029	5071
5071	2038
5071	2031
2020	2026
2020	2022
2177	5072
2177	5073
5073	1999
5073	2176
2180	5074
2180	5076
5076	5075
5076	5077
5077	2178
5077	2179
1975	5078
1975	5080
5080	5079
5080	5081
5081	2181
5081	1977
1990	2179
1990	1992
1993	5082
1993	5084
5084	5083
5084	5085
5085	2176
5085	1995
1978	5086
1978	5087
5087	1984
5087	1980
5088	1920
5088	5089
1911	5089
1911	1913
5090	320
5090	5091
5092	5091
5092	5093
314	5093
314	316
5094	257
5094	5095
5096	5095
5096	5097
5098	5097
5098	5099
5100	5099
5100	5101
2183	5101
2183	2182
5102	2184
5102	5103
2186	5103
2186	2185
5104	2187
5104	5105
5106	5105
5106	5107
5108	5107
5108	5109
5110	5109
5110	5111
230	5111
230	232
5112	2185
5112	5113
5114	5113
5114	5115
5116	5115
5116	5117
5118	5117
5118	5119
242	5119
242	244
5120	2182
5120	5121
5122	5121
5122	5123
5124	5123
5124	5125
5126	5125
5126	5127
245	5127
245	247
5128	254
5128	5129
248	5129
248	250
5130	239
5130	5131
233	5131
233	235
5132	158
5132	5133
152	5133
152	154
5134	143
5134	5135
137	5135
137	139
5136	29
5136	5137
23	5137
23	25
5138	2189
5138	5139
5140	5139
5140	5141
5142	5141
5142	5143
5144	5143
5144	5145
5146	5145
5146	5147
2188	5147
2188	2189
5148	2191
5148	5149
5150	5149
5150	5151
5152	5151
5152	5153
5154	5153
5154	5155
5156	5155
5156	5157
2190	5157
2190	2191
0	2196
2196	1
3	2197
2197	4
6	7
9	12
12	5158
5158	2254
5158	13
13	2255
13	11
9	10
14	13
13	2284
13	5158
5158	2285
5158	12
12	16
12	15
17	2198
17	18
20	2199
2199	21
23	24
26	27
29	30
32	33
33	34
35	2208
2208	2209
2209	37
35	36
38	2211
2211	2210
2210	2218
2210	39
39	40
41	2233
2233	2240
2233	2232
2232	43
2232	42
44	2243
2243	2242
2242	46
2242	45
47	48
48	49
50	51
53	2250
2250	2251
2251	2257
2251	2252
2252	2256
2252	55
53	54
56	2261
2261	2260
2260	2358
2260	2259
2259	58
2259	57
59	2266
59	60
62	2267
2267	63
65	66
68	2276
2276	2277
2277	2286
2277	70
68	69
71	2282
71	2279
2279	2281
2279	2278
2278	2280
2278	72
74	2289
2289	2290
2289	2288
2288	75
77	2291
2291	2405
2291	5209
5209	2406
5209	2292
2292	79
5209	78
5209	2291
80	2296
2296	81
81	82
83	2304
83	2303
2303	84
86	2305
2305	88
2305	87
89	2306
89	90
92	2310
2310	2311
2311	2442
2311	2312
2312	94
92	93
95	2315
2315	5210
5210	97
5210	2317
5210	2314
2314	2313
2313	2316
2313	96
5210	2315
98	2319
2319	2320
2319	2318
2318	99
101	5211
5211	103
5211	2325
5211	2324
2324	102
5211	101
104	2328
2328	106
2328	105
107	2331
107	108
110	2332
2332	111
113	114
114	2337
2337	2339
2337	115
116	2342
2342	2344
2342	2341
2341	2343
2341	117
119	2346
2346	2345
2345	2497
2345	120
120	121
122	2349
122	123
125	126
128	5213
5213	5212
5212	2360
5212	2359
5212	2352
2352	130
5212	2351
5212	5213
5213	129
5213	128
131	2364
2364	2363
2363	2516
2363	2362
2362	133
2362	132
134	135
135	136
137	138
140	141
143	144
146	2367
146	147
149	2368
2368	150
152	153
155	156
158	159
161	162
162	163
164	2380
2380	165
167	2389
2389	2390
2390	2582
2390	2391
2391	169
167	168
5214	5216
170	5214
5214	5215
5215	172
5215	2397
5215	5216
5216	2396
5216	5217
5217	2395
5217	2392
2392	171
5217	2393
5217	5216
5216	2394
5216	5214
5214	170
173	2400
2400	2402
2400	2399
2399	2401
2399	2398
2398	175
2398	174
176	2408
2408	178
2408	177
179	180
182	183
185	2427
2427	187
185	186
188	2430
2430	2431
2431	190
188	2428
2428	2429
2428	189
191	2434
2434	2433
2433	2446
2433	2432
2432	193
2432	192
194	195
195	2435
2435	196
5218	5220
197	5220
5220	5218
5218	2443
5218	2440
2440	199
5218	2439
5218	5219
5219	198
5219	2438
5219	5220
5220	197
200	2448
2448	201
203	2451
203	204
206	2452
2452	207
209	2453
2453	211
209	210
212	2455
212	2454
2454	213
215	2456
2456	2457
2456	216
218	219
221	2471
2471	223
221	222
224	2477
2477	226
2477	225
227	2478
227	228
230	2479
2479	231
233	234
236	237
239	240
242	2482
242	243
245	2483
2483	246
248	249
251	252
254	255
257	2486
257	258
260	2487
2487	261
263	264
266	267
267	268
269	270
272	5221
5221	2499
5221	2494
2494	2495
2495	2498
2495	274
5221	273
5221	272
5222	5225
5223	5225
275	5223
5223	5222
5222	2739
5222	5224
5224	2505
2505	277
5224	2504
5224	2501
2501	276
5224	5225
5225	2502
5225	2503
5225	5223
5223	275
278	2507
2507	280
2507	2508
2507	2506
2506	279
281	2512
2512	282
284	285
285	2513
2513	2517
2513	2514
2514	286
287	2520
2520	4664
2520	2519
2519	289
2519	288
290	2521
290	291
293	294
296	297
299	300
300	301
302	2534
2534	2535
2534	303
305	2543
305	2542
2542	306
308	2546
308	2544
2544	2545
2544	309
311	2548
2548	2547
2547	313
2547	312
314	2558
314	2557
2557	315
317	2559
2559	319
2559	318
320	2564
2564	2565
2564	321
323	2567
323	2566
2566	324
326	2568
2568	2569
2568	327
329	5227
5227	5226
5226	4721
5226	2573
2573	2574
2574	4722
2574	331
5226	2572
5226	5227
5227	2571
5227	2570
2570	330
5227	329
332	2578
2578	5228
5228	334
5228	2580
5228	2576
2576	2579
2576	2575
2575	333
5228	2577
5228	2578
335	2584
2584	336
336	2587
336	2585
2585	337
338	2598
2598	5229
5229	2599
5229	340
5229	2597
2597	339
5229	2598
341	2602
2602	2603
2602	2601
2601	342
344	2605
344	2604
2604	345
347	2606
2606	349
2606	348
350	351
351	2607
2607	352
353	2610
2610	355
2610	354
356	357
357	358
359	2612
2612	360
360	361
362	2617
362	2616
2616	363
365	2618
2618	2619
2618	366
368	2620
2620	5230
5230	2758
5230	5231
5231	2759
5231	2622
2622	370
5231	2621
5231	5230
5230	369
5230	2620
371	2626
371	2624
2624	2625
2624	2623
2623	372
374	5161
5161	5162
5162	2781
5162	378
378	376
374	5160
374	2628
2628	5159
2628	2627
2627	377
2627	375
379	378
378	5162
5162	2801
5162	5161
5161	381
5161	5160
5160	2630
5160	5159
5159	2629
5159	377
377	380
382	2632
2632	2634
2632	2631
2631	2633
2631	383
385	2636
2636	387
2636	2635
2635	2637
2635	386
388	2641
2641	390
2641	389
391	2643
2643	2644
2643	392
394	395
395	2646
2646	396
397	2647
2647	398
398	399
400	2651
2651	401
401	402
403	2654
2654	405
403	404
406	2657
2657	5233
5233	2818
5233	5232
5232	2819
5232	2659
2659	408
5232	2658
5232	5233
5233	407
5233	2657
409	2661
2661	2660
2660	2666
2660	410
410	411
412	2669
2669	4645
2669	2668
2668	4646
2668	413
413	2670
2670	414
415	2677
2677	416
416	2678
2678	4642
2678	2679
2679	4641
2679	417
418	2684
418	2681
2681	2683
2681	2680
2680	2682
2680	419
421	2690
421	2687
2687	2689
2687	2686
2686	2688
2686	2685
2685	422
424	2693
2693	2692
2692	2698
2692	2691
2691	426
2691	425
427	2701
2701	2703
2703	429
2701	2700
2700	2702
2700	428
430	2705
2705	432
2705	2706
2705	2704
2704	431
433	2709
2709	434
436	437
437	2724
2724	2755
2724	2725
2725	2754
2725	438
439	2727
2727	2745
2727	2726
2726	441
2726	440
442	2732
2732	2733
2733	2753
2733	444
442	443
445	2737
445	2735
2735	2736
2735	2734
2734	446
448	2742
2742	2743
2743	2746
2743	450
448	449
451	2761
2761	453
2761	452
454	455
455	2766
2766	2894
2766	2767
2767	456
457	2769
2769	2771
2769	2768
2768	2770
2768	458
460	2775
460	2773
2773	2774
2773	2772
2772	461
463	2777
2777	2778
2777	2776
2776	465
2776	464
466	2782
2782	2783
2783	468
466	467
469	2785
2785	2784
2784	2921
2784	470
470	471
472	473
473	2792
2792	474
475	5234
5234	2795
2795	477
5234	2794
5234	2793
2793	476
5234	475
478	2797
2797	2799
2797	2796
2796	2798
2796	479
481	2803
2803	483
2803	482
484	485
485	2804
2804	486
487	2809
2809	488
490	2810
490	491
493	2811
2811	494
494	2815
494	2812
2812	2814
2812	495
496	2820
496	497
499	2821
2821	5236
5236	599
5236	5235
5235	5165
5235	600
5235	2824
2824	2935
2824	501
5235	2823
5235	2822
5235	5236
5236	500
5236	2821
502	2827
2827	2830
2827	2826
2826	2829
2826	2825
2825	2828
2825	503
505	5237
5237	2836
5237	2835
5237	2832
2832	2834
2832	2831
2831	506
5237	2833
5237	505
508	2839
2839	2842
2839	2838
2838	2841
2838	2837
2837	2840
2837	509
511	2848
511	2845
2845	2847
2845	2844
2844	2846
2844	2843
2843	512
5238	5240
514	5240
5240	5238
5238	2969
5238	516
5238	2854
5238	5239
5239	2853
5239	5241
5241	2852
5241	2849
2849	515
5241	2850
5241	5239
5239	5240
5240	2851
5240	514
517	2857
2857	2856
2856	5242
5242	5163
5242	523
5242	5243
5243	2858
2858	519
5243	518
5243	2855
5243	5242
5242	2856
520	2859
2859	521
525	524
524	2862
524	5163
5163	2861
5163	523
523	2860
523	526
528	532
528	2865
2865	5164
2865	2864
2864	531
2864	2863
2863	529
533	532
532	535
532	5164
5164	2867
5164	531
531	2866
531	534
536	2869
2869	538
2869	2868
2868	2870
2868	537
539	2873
2873	2874
2874	541
539	2872
539	2871
2871	540
542	2877
2877	5244
5244	544
5244	2879
5244	2875
2875	2878
2875	543
5244	2876
5244	2877
545	2883
545	2881
2881	2882
2881	2880
2880	546
548	2885
2885	5245
5245	2891
5245	2886
2886	550
5245	549
5245	2884
5245	2885
551	2895
2895	553
551	552
554	5246
5246	2897
5246	2896
2896	555
5246	554
557	2898
2898	559
2898	558
560	2901
560	2900
2900	561
563	2907
563	564
566	2908
2908	567
569	2913
2913	571
569	570
572	2919
2919	574
572	2918
572	2917
2917	573
575	2923
2923	576
578	2924
578	579
581	2926
581	2925
2925	582
584	2927
2927	2928
2927	585
587	2930
587	2929
2929	588
590	2932
590	591
593	2933
2933	594
596	5248
5248	5247
5247	2938
5247	600
600	2934
2934	598
5247	5165
5247	599
5247	5248
5248	2936
5248	596
596	597
601	2941
2941	2943
2941	2940
2940	2942
2940	602
604	2949
2949	5249
5249	3083
5249	606
5249	605
5249	2948
5249	2949
607	608
614	612
612	771
770	5166
5166	613
613	616
618	2954
618	619
621	2955
2955	622
624	625
627	628
630	2956
630	631
633	2957
2957	634
636	637
639	640
640	2962
2962	3144
2962	2963
2963	641
642	5250
5250	2967
2967	644
5250	2966
5250	2964
2964	643
5250	2965
5250	642
645	2971
2971	646
648	2973
2973	2974
2974	3169
2974	2975
2975	3170
2975	650
648	2972
648	649
651	5252
5252	653
5252	5251
5251	2982
5251	2981
5251	2977
2977	2976
2976	2980
2976	652
5251	2978
5251	2979
5251	5252
5252	651
654	2985
2985	2990
2985	2984
2984	5253
5253	656
5253	2986
5253	2983
2983	655
5253	2984
657	2987
2987	658
660	2993
2993	2994
2993	2992
2992	661
663	3001
3001	3002
3001	664
666	3003
3003	5176
3003	667
667	5177
667	3004
3004	5178
3004	3005
3005	5179
3005	3006
3006	857
3006	668
669	3009
3009	3012
3009	3008
3008	3011
3008	3007
3007	3010
3007	670
672	3015
3015	3017
3015	3014
3014	3016
3014	3013
3013	673
675	3019
3019	3022
3019	5254
5254	677
5254	3020
5254	3018
3018	676
5254	3019
678	3025
3025	3024
3024	3026
3026	680
3024	679
681	682
682	683
684	3037
3037	685
687	688
690	691
693	694
696	3040
696	697
699	3041
3041	700
702	703
705	706
708	3042
3042	3043
3043	3276
3043	710
708	709
711	3045
3045	3047
3045	3044
3044	3046
3044	712
714	3052
714	3049
3049	3051
3049	3048
3048	3050
3048	715
717	3055
3055	3061
3055	3054
3054	3060
3054	5255
5255	719
5255	718
5255	3053
5255	3054
720	3056
720	721
723	3065
3065	3302
3065	3064
3064	3303
3064	3063
3063	725
3063	724
726	727
729	730
730	3066
3066	3309
3066	3067
3067	731
732	5257
5257	5256
5256	3315
5256	734
5256	3072
5256	3071
5256	5257
5257	3070
5257	3068
3068	733
5257	3069
5257	732
735	3075
3075	3077
3075	3074
3074	3076
3074	3073
3073	736
738	3079
3079	3078
3078	3080
3078	739
739	740
741	742
742	3086
3086	3319
3086	3087
3087	743
5258	5260
5260	5261
5260	5262
5262	5264
744	5263
5263	5260
5260	3328
5260	5258
5258	3329
5258	746
5258	748
5258	5259
5259	5167
5259	5261
5261	747
5261	5264
5264	745
5264	3088
5264	3089
5264	5263
5263	744
5264	5262
5262	5260
749	753
749	748
748	5169
748	5167
5167	5168
5167	747
747	752
747	750
5267	5268
754	753
753	5265
5265	756
5265	3093
5265	5266
5266	3092
5266	5268
5268	3091
5268	5269
5269	3090
5269	752
752	755
5269	5168
5269	5268
5268	5267
5267	5169
5267	5265
5265	753
5267	5266
757	5270
5270	759
5270	761
5270	5180
5270	3097
3097	5181
3097	3096
3096	5182
3096	3095
3095	3094
3094	3098
3098	760
3094	758
5270	757
760	3099
3099	3100
3100	765
3099	763
765	3101
3101	770
3101	769
3101	768
772	3103
3103	773
775	776
778	3114
778	779
766	5170
5170	3115
5170	5171
5171	781
5171	761
771	5174
5174	766
787	788
788	789
790	791
793	3125
3125	794
796	797
799	800
800	801
802	3135
3135	3136
3135	803
805	3142
3142	807
805	3141
805	3140
3140	806
808	3146
3146	3147
3146	809
811	3148
3148	3149
3149	813
3148	812
814	5271
5271	3468
5271	5272
5272	3152
3152	3469
3152	816
5272	3151
5272	815
5272	5271
5271	3150
5271	814
817	3157
817	3154
3154	3156
3154	3153
3153	3155
3153	818
820	3160
3160	3162
3160	3159
3159	3161
3159	3158
3158	821
823	3164
3164	3166
3164	3163
3163	3165
3163	824
824	825
826	827
827	828
829	830
830	3175
3175	831
832	3178
3178	3179
3178	833
833	834
835	3188
835	3186
3186	3187
3186	3185
3185	836
838	3190
3190	840
3190	3189
3189	3191
3189	839
841	3192
3192	3193
3192	842
844	3194
3194	3195
3195	846
3194	845
847	3196
3196	849
3196	848
850	3200
3200	3201
3201	852
3200	851
5273	5277
5274	5277
5274	5278
5275	5278
5275	5279
853	5275
5275	5274
5274	3205
5274	5273
5273	3204
5273	5276
5276	5179
5179	3203
5179	857
857	855
5276	5178
5276	5277
5277	5177
5277	5278
5278	5176
5278	5279
5279	856
5279	3202
3202	854
5279	853
5279	5275
858	3210
3210	3209
3209	860
3209	3212
3209	3208
3208	5280
5280	3211
5280	3207
3207	859
5280	3208
861	3214
3214	3216
3214	3213
3213	3215
3213	862
864	3218
3218	3221
3218	3217
3217	866
3217	865
867	3224
3224	3223
3223	5281
5281	3241
5281	869
5281	868
5281	3223
870	871
873	3244
3244	3246
3244	3243
3243	3245
3243	874
876	3248
3248	3250
3248	3247
3247	3249
3247	877
879	3260
3260	3261
3260	3259
3259	881
3259	880
882	3264
3264	3263
3263	3265
3263	883
883	884
885	3268
3268	3270
3268	3267
3267	3269
3267	886
888	3274
888	3272
3272	3273
3272	3271
3271	889
891	3277
891	892
894	3278
3278	895
897	898
900	901
903	3279
903	904
906	3280
3280	907
909	3285
3285	911
909	910
912	3289
3289	3290
3289	913
915	3293
915	3292
915	3291
3291	916
918	3295
3295	3296
3295	3294
3294	919
921	5283
5283	3300
3300	923
5283	3299
5283	5282
5282	3298
5282	3297
3297	922
5282	921
5282	5283
924	3307
924	3305
3305	3306
3305	925
927	3310
927	928
930	3311
3311	932
3311	931
933	934
934	3312
3312	3316
3312	3313
3313	935
936	3321
3321	3322
3322	3631
3322	938
3321	937
939	3325
3325	3326
3326	941
939	3324
939	3323
3323	940
942	3337
3337	3338
3337	943
945	3339
3339	947
3339	946
948	949
951	952
954	3352
3352	3353
3353	956
954	955
957	3357
957	3355
3355	3356
3355	3354
3354	958
960	3363
3363	962
3363	3362
3362	3364
3362	961
963	964
966	3370
966	967
969	3371
3371	970
972	973
975	976
978	3380
978	979
981	3381
3381	3382
3382	983
3381	982
984	3398
3398	3399
3399	986
3398	985
987	3400
3400	988
990	991
993	994
996	997
999	3409
999	1000
1002	3410
3410	3411
3410	1003
1005	5284
5284	5180
5180	5181
5181	3417
5181	5182
5182	3416
5182	3415
5182	3413
3413	1007
5182	760
5284	3412
3412	1006
1006	761
5284	1005
1008	3422
3422	3421
3421	3424
3421	3420
3420	3423
3420	3419
3419	1010
3419	1009
1011	3432
1011	3428
3428	3431
3428	3427
3427	3430
3427	3426
3426	3429
3426	1012
1014	5285
5285	3440
5285	3439
5285	3435
3435	5286
5286	3438
5286	3437
5286	3433
3433	1015
5286	3434
5286	3435
5285	3436
5285	1014
5287	5289
1017	3444
3444	3443
3443	3716
3443	5287
5287	3717
5287	5288
5288	1019
5288	3445
5288	5289
5289	1018
5289	3441
5289	3442
5289	5287
5287	3443
1020	3446
3446	1021
1023	1024
1026	3453
1026	1027
1029	3454
3454	1030
1030	1031
1032	3456
3456	1034
3456	1033
1035	1036
1036	3743
1036	3459
3459	1037
1038	3463
3463	1039
1041	3464
3464	3465
3465	3471
3465	3466
3466	3470
3466	1043
1041	1042
1044	3479
1044	3475
3475	3478
3475	3474
3474	3477
3474	3473
3473	3476
3473	1045
1047	3483
3483	5290
5290	1049
5290	3485
5290	3481
3481	3484
3481	3480
3480	1048
5290	3482
5290	3483
1050	3489
1050	3487
3487	3488
3487	3486
3486	1051
1053	3491
3491	1055
3491	3490
3490	3492
3490	1054
1056	3493
3493	5291
5291	1058
5291	1057
5291	3493
1059	1060
1060	1061
1062	3507
3507	1063
1065	1066
1068	1069
1071	3526
1071	1072
1074	1075
1077	1078
1080	1081
1081	1082
1083	3535
3535	1084
1086	3540
1086	1087
1089	3541
3541	3542
3541	1090
1092	1093
1093	1094
1095	1096
1098	3557
1098	1099
1101	1102
1102	1103
1104	3559
1104	1105
1107	3563
3563	3564
3564	1109
3563	1108
1110	3567
3567	5292
5292	3575
5292	3568
3568	3574
3568	3569
3569	1112
5292	1111
5292	3567
1113	3571
3571	3572
3571	3570
3570	1114
1116	3579
3579	3578
3578	4601
3578	3577
3577	4602
3577	1117
1117	3580
3580	1118
1119	3587
3587	1120
1120	3588
3588	4598
3588	3589
3589	4597
3589	3590
3590	1121
1122	3593
3593	3813
3593	3592
3592	3814
3592	3591
3591	1124
3591	1123
1125	3600
1125	1126
1128	3601
3601	1129
1131	1132
1134	1135
1137	1138
1140	1141
1143	1144
1146	3626
1146	1147
1149	3628
3628	3629
3629	3632
3629	1151
1149	1150
1152	3635
3635	3637
3635	3634
3634	3636
3634	1153
1155	3639
3639	3638
3638	3830
3638	1156
1156	1157
1158	3640
1158	1159
1161	3641
3641	1162
1164	1165
1165	3642
3642	1166
1167	3645
3645	1169
3645	1168
1170	1171
1171	3646
3646	3861
3646	3647
3647	1172
1173	3652
1173	3649
3649	3651
3649	3648
3648	3650
3648	1174
1176	3655
3655	3659
3655	3654
3654	3658
3654	3653
3653	1178
3653	1177
1179	3663
3663	3662
3662	3909
3662	3661
3661	1181
3661	1180
1182	3664
3664	1184
1182	1183
1185	3666
1185	3665
3665	1186
1188	1189
1191	1192
1194	1195
1195	1196
1197	3677
3677	1198
1198	1199
1200	1201
1201	1202
1203	1204
1206	3687
3687	1207
1209	1210
1212	1213
1215	3692
1215	1216
1218	3693
3693	1219
1221	1222
1224	1225
1227	1228
1228	1229
1230	1231
1233	1234
1234	3702
3702	3971
3702	3703
3703	1235
1236	3705
3705	3704
3704	1238
3704	1237
1239	1240
1240	3710
3710	4003
3710	1241
1242	3711
3711	1244
3711	1243
1245	3712
3712	3713
3713	3719
3713	3714
3714	3718
3714	1247
1245	1246
1248	3723
3723	3722
3722	3726
3722	3721
3721	1250
3721	1249
1251	3729
3729	3728
3728	1253
3728	1252
1254	1255
1255	3734
3734	4560
3734	1256
1257	3735
3735	1258
1258	1259
1260	3740
3740	3741
3741	3744
3741	1262
1260	1261
1263	3747
3747	3746
3746	1265
3746	1264
1266	3748
1266	1267
1269	3749
3749	1270
1272	3753
3753	1274
1272	3752
1272	1273
1275	3755
3755	3756
3755	3754
3754	1276
1278	3760
1278	3759
3759	1279
1281	3767
3767	1283
3767	1282
1284	3768
3768	1286
1284	1285
1287	3775
3775	1289
3775	1288
1290	3782
1290	1291
1293	3790
3790	1295
3790	1294
1296	1297
1297	3795
3795	1298
1299	3798
3798	1301
3798	1300
1302	1303
1303	1304
1305	3802
3802	1306
1308	3805
1308	1309
1311	3807
1311	3806
3806	1312
1314	5293
5293	3811
3811	1316
5293	3810
5293	3808
3808	3809
3808	1315
5293	1314
1317	3816
3816	3817
3816	1318
1320	3818
3818	1321
1323	1324
1326	3819
1326	1327
1329	3820
3820	1330
1332	3821
3821	3822
3822	3832
3822	3823
3823	3831
3823	1334
1332	1333
1335	3826
3826	3828
3826	3825
3825	3827
3825	3824
3824	1336
1338	1342
1338	5185
1338	3836
3836	5184
3836	3835
3835	5183
3835	3834
3834	1341
3834	1339
1343	1342
1342	5185
5185	4589
5185	5295
5295	5296
5296	4590
5296	5294
5294	1345
5294	3837
5294	1341
1341	1344
5294	5183
5294	5296
5296	5184
5296	5295
5295	5185
1346	3839
1346	3838
3838	1347
1349	3840
3840	3841
3840	1350
1352	3842
3842	5297
5297	4015
5297	3844
3844	1354
5297	3843
5297	1353
5297	3842
1355	1359
1359	1357
1355	5186
1355	3846
3846	1358
3846	3845
3845	1356
1360	1359
1359	3853
1359	5298
5298	3852
5298	1362
5298	1358
1358	3847
1358	1361
5298	5186
5298	1359
1363	3857
3857	3859
3857	3856
3856	3858
3856	3855
3855	1364
1366	1367
1367	1368
1369	3865
3865	1370
1372	3866
3866	3867
3867	4037
3867	1374
1372	1373
1375	3869
3869	3871
3869	3868
3868	3870
3868	1376
1378	3875
1378	3873
3873	3874
3873	3872
3872	1379
1381	3877
3877	3879
3877	3876
3876	3878
3876	1382
1384	3884
3884	1386
1384	3883
1384	3881
3881	3882
3881	3880
3880	1385
1387	3887
3887	3890
3887	3886
3886	3889
3886	3885
3885	3888
3885	1388
1390	3896
1390	3893
3893	3895
3893	3892
3892	3894
3892	3891
3891	1391
5299	5303
5300	5303
5301	5303
1393	5299
5299	5302
5302	1395
5302	3902
5302	5303
5303	3901
5303	5301
5301	3900
5301	3897
3897	1394
5301	3898
5301	5300
5300	3899
5300	5299
5299	1393
1396	3905
3905	5305
5305	1398
5305	3907
5305	5304
5304	3906
5304	3903
3903	1397
5304	3904
5304	5305
5305	3905
1399	3916
3916	1401
3916	1400
5306	5308
1402	5306
5306	5307
5307	4105
5307	3932
3932	1404
5307	3931
5307	5308
5308	1403
5308	3930
5308	5306
5306	1402
1405	3934
3934	3954
3934	3933
3933	1407
3933	1406
1408	1409
1411	3937
1411	1412
1414	3939
1414	3938
3938	1415
1417	3959
1417	3957
3957	3958
3957	3956
3956	1418
1420	3963
1420	3961
3961	3962
3961	3960
3960	1421
1423	3965
3965	5309
5309	3968
5309	1425
5309	3966
5309	3964
3964	1424
5309	3965
1426	3972
3972	3973
3973	1428
1426	1427
1429	3975
3975	3974
3974	1431
3974	1430
1432	1433
1433	3978
3978	3980
3978	1434
1435	3983
3983	3982
3982	1437
3982	3984
3982	1436
1438	3989
3989	3990
3990	1440
1438	3988
3988	1439
1441	3992
3992	5310
5310	4179
5310	1443
5310	3993
5310	3991
3991	1442
5310	3992
1444	3994
3994	3995
3995	1446
3994	1445
1447	3999
3999	1448
1448	1449
1450	1451
1451	4000
4000	4004
4000	4001
4001	1452
1453	4007
4007	4006
4006	4012
4006	1454
1454	1455
1456	1457
1457	4008
4008	1458
1459	4027
4027	4028
4028	1461
1459	4025
4025	4026
4025	1460
1462	4031
4031	4034
4031	4030
4030	1464
4030	4029
4029	1463
1465	4039
4039	1466
1468	1469
1471	1472
1474	4050
1474	1475
1477	4051
4051	1478
1478	4262
1478	4052
4052	4263
4052	4053
4053	4264
4053	1479
1480	4055
4055	4057
4055	4054
4054	4056
4054	1481
1483	4059
4059	4308
4059	4058
4058	1485
4058	1484
1486	1487
1487	4064
4064	4316
4064	4065
4065	1488
1489	4067
4067	5311
5311	1491
5311	4068
5311	4066
4066	1490
5311	4067
1492	4072
4072	1494
4072	1493
1495	4076
4076	4077
4076	1496
1498	4080
1498	4078
4078	4079
4078	1499
1501	4084
1501	4082
4082	4083
4082	4081
4081	1502
1504	4086
4086	4088
4086	4085
4085	4087
4085	1505
1507	4090
4090	4089
4089	1509
4089	1508
1510	4091
1510	1511
1513	4092
4092	1514
1516	4093
4093	4094
4094	1518
1516	1517
1519	4096
4096	1521
4096	4095
4095	4097
4095	1520
1522	4101
4101	1523
1525	1526
1526	4102
4102	4107
4102	4103
4103	4106
4103	1527
1528	4111
4111	4113
4111	4110
4110	4112
4110	4109
4109	1529
1531	4115
4115	5312
5312	4389
5312	4390
5312	4116
4116	1533
5312	1532
5312	4114
5312	4115
1534	4118
1534	4117
4117	1535
1537	4119
4119	1538
1538	1539
1540	4122
4122	4123
4123	4395
4123	4124
4124	4396
4124	1542
1540	1541
1543	4131
1543	4127
4127	4130
4127	4126
4126	4129
4126	4125
4125	4128
4125	1544
1546	1550
1546	4135
4135	4134
4134	5187
4134	4133
4133	1549
4133	4132
4132	1547
5313	5316
5314	5318
5315	5318
5318	5319
1551	1550
1550	5313
5313	4259
5313	5315
5315	4258
5315	5314
5314	4257
5314	5317
5317	1553
5317	4136
5317	5319
5319	1552
5319	1549
5319	5318
5318	5187
5318	5316
5316	1550
5316	5313
5318	5315
1554	4137
4137	1555
1555	1556
1557	1558
1558	1559
1560	1561
1561	1562
1563	4160
4160	1565
1563	1564
1566	4171
1566	4169
4169	4170
4169	1567
1569	4173
4173	1571
4173	4174
4173	4172
4172	1570
1572	4175
4175	4176
4176	4177
4177	1574
4175	1573
1575	4181
4181	4182
4181	1576
1578	4183
4183	1579
1581	1582
1584	4190
1584	1585
1587	1588
1588	1589
1590	1591
1591	1592
1593	1594
1596	1597
1599	4198
1599	1600
1602	1603
1605	1606
1608	4218
1608	1609
1611	1612
1614	1615
1617	1618
1618	1619
1620	1621
1623	4228
1623	1624
1626	4229
4229	1627
1629	1630
1632	4251
4251	4252
4251	1633
1635	1636
1638	4269
4269	4270
4270	1640
1638	1639
1641	4272
4272	4271
4271	4419
4271	4273
4273	1643
4271	1642
1644	4275
1644	4274
4274	1645
1647	4276
4276	1648
1648	4277
4277	1649
1650	4290
4290	1651
1651	4291
4291	1652
1653	4295
4295	1654
1654	1655
1656	4300
4300	1658
4300	1657
1659	1660
1660	4301
4301	4309
4301	4302
4302	1661
1662	5320
5320	1664
5320	4314
5320	4311
4311	4313
4311	1663
5320	4312
5320	1662
1665	4320
4320	1667
1665	4319
1665	4318
4318	1666
1668	4325
1668	4322
4322	4324
4322	4321
4321	4323
4321	1669
1671	4328
4328	4330
4328	4327
4327	4329
4327	4326
4326	1673
4326	1672
1674	4334
4334	4333
4333	4337
4333	4332
4332	1676
4332	1675
1677	4340
4340	4470
4340	4339
4339	1679
4339	1678
1680	1681
1681	4341
4341	1682
1683	5321
5321	4343
5321	4342
4342	1684
5321	1683
1686	4344
4344	4351
4344	1687
1687	1688
1689	4360
1689	4358
4358	4359
4358	4357
4357	1690
1692	4362
4362	4361
4361	4367
4361	1693
1693	1694
1695	4370
4370	1697
4370	4371
4370	4369
4369	1696
1698	4372
4372	4373
4373	1700
4372	1699
1701	4376
4376	4377
4376	1702
1704	4378
4378	1705
1707	1708
1708	1709
1710	4381
1710	4380
4380	1711
1713	4382
4382	1715
4382	1714
5323	5324
1716	5322
5322	4392
5322	5324
5324	5325
5325	4391
5325	4387
4387	1718
5325	4386
5325	5324
5324	4385
5324	5323
5323	1717
5323	4384
5323	5322
5322	1716
1719	1720
1722	4403
1722	1723
1725	1726
1728	1729
1729	1730
1731	1732
1732	4416
4416	4421
4416	4417
4417	4420
4417	1733
1734	4430
4430	4429
4429	4456
4429	4428
4428	4455
4428	1735
1735	1736
1737	1738
1738	1739
1740	4448
4448	1741
1743	4449
4449	1745
1743	1744
1746	4460
4460	4463
4460	4459
4459	4462
4459	4458
4458	4461
4458	1747
1749	4466
4466	5327
5327	5328
5328	1751
5328	4468
5328	5326
5326	4467
5326	4464
4464	1750
5326	4465
5326	5328
5328	5327
5327	4466
1752	1753
1753	1754
1755	4478
4478	1756
1758	1759
1761	1762
1764	1765
1765	1766
1767	4486
4486	1768
1770	4491
1770	1771
1773	4492
4492	4493
4492	1774
1776	1777
1779	1780
1782	4504
1782	1783
1785	1786
1788	1789
1791	1792
1792	1793
1794	1795
1797	4533
4533	1798
1800	1801
1803	4553
4553	4554
4554	1805
1803	1804
5331	5334
5332	5334
5330	5334
1806	5329
5329	5331
5331	5189
5331	5330
5330	5188
5330	5333
5333	1812
5333	4565
4565	1808
5333	4564
5333	5334
5334	4563
5334	5332
5332	1807
5332	4562
5332	5331
5331	5329
5329	1806
1809	4568
4568	4567
4567	1811
4567	4569
4567	4566
4566	1810
1814	1813
1813	5189
5189	5336
5336	4580
5336	4579
5336	5337
5337	5335
5335	1816
5335	4573
5335	1812
1812	1815
5335	5337
5337	5188
5337	5336
5336	5189
1817	4574
4574	1818
1820	4584
4584	4587
4584	4583
4583	4586
4583	4582
4582	4585
4582	1821
1823	4593
4593	1825
1823	1824
1826	1827
1829	1830
1832	1833
1835	1836
1836	1837
1838	4618
4618	1839
1841	1842
1844	5207
1844	1847
1847	5194
5194	2192
1844	1845
1849	5200
5200	5199
5199	1973
5199	5193
5199	1974
5199	5198
5198	5338
5338	4761
5338	5339
5339	1851
5339	4648
5339	5196
5196	4647
5196	5195
5195	1850
5195	5194
5194	1847
5195	2192
5339	5197
5339	5338
5338	5198
1849	2193
1849	5201
1849	1848
1852	4650
4650	4649
4649	1854
4649	1853
1855	4657
1855	1856
1858	1859
1859	4661
4661	4666
4661	4662
4662	4665
4662	1860
1861	4670
4670	4669
4669	4778
4669	5341
5341	4779
5341	5340
5340	4671
4671	1863
5340	1862
5340	4668
5340	5341
5341	4669
1864	4672
4672	1865
1867	1868
1870	4675
4675	4676
4676	4789
4676	4677
4677	1872
1870	1871
1873	4683
1873	4680
4680	4682
4680	4679
4679	4681
4679	4678
4678	1874
1876	4686
4686	1880
4686	4685
4685	5190
4685	1879
4685	4684
4684	1878
4684	1877
1881	4688
4688	1880
1880	5342
5342	4812
5342	4813
5342	5343
5343	1883
5343	4689
5343	1879
1879	1882
5343	5342
5342	5190
5342	1880
1884	4691
1884	4690
4690	1885
1887	4692
4692	1889
4692	1888
1890	4694
4694	1891
1893	4699
4699	1895
1893	1894
1896	4700
4700	4701
4701	1898
4700	1897
1899	4702
4702	1900
1902	1903
1903	4711
4711	4724
4711	4712
4712	4723
4712	4713
4713	1904
1905	4716
4716	4718
4716	4715
4715	4717
4715	4714
4714	1907
4714	1906
1908	4728
4728	4727
4727	1910
4727	4726
4726	4729
4726	1909
1911	4730
4730	1912
1914	4733
1914	1915
1917	4734
4734	1918
1920	4737
1920	1921
1923	4739
1923	4738
4738	1924
5344	5346
5345	5348
5346	5348
1926	5348
5348	5346
5346	4884
5346	5344
5344	4885
5344	1930
1930	1928
5344	5192
5344	5345
5345	5191
5345	5347
5347	1929
5347	4740
4740	1927
5347	5348
5348	1926
1931	1930
1930	1935
1930	5204
1930	5192
5192	2195
5192	5203
5192	5191
5191	2194
5191	1929
1929	5202
1929	1934
1929	1932
1936	1935
1935	1940
1935	5204
5204	5206
5204	2195
1941	5208
1941	2193
1941	5200
1941	1940
1940	5206
5206	2195
2195	5199
2195	5203
5203	5198
5203	2194
2194	5349
5349	5197
5349	5350
5350	5196
5350	5352
5352	5351
5351	5195
5351	2192
5351	1943
1943	5207
1943	1950
5351	4742
5351	5352
5352	4741
5352	5350
5350	1942
5350	5349
5349	1939
5349	5205
5349	2194
1944	4744
4744	4746
4744	4743
4743	4745
4743	1945
1947	4748
4748	5353
5353	1949
5353	4749
5353	4747
4747	1948
5353	4748
1952	1953
1955	4756
1955	1956
1958	4757
4757	1959
1961	1962
1964	1965
1967	4758
1967	1968
1970	1973
1973	5193
5193	1974
1974	4764
1974	4760
4760	1972
1970	4759
4759	4762
4759	1971
1975	4767
4767	4766
4766	5081
4766	1976
1976	1977
1978	1979
1979	4768
4768	1980
1981	4770
1981	4769
4769	1982
1984	4772
4772	1986
1984	1985
1987	4776
4776	1989
1987	4775
1987	4773
4773	4774
4773	1988
1990	4781
4781	1991
1993	4782
4782	4783
4783	5085
4783	1995
1993	1994
1996	4787
1996	4785
4785	4786
4785	4784
4784	1997
1999	2000
2000	4790
4790	2001
2002	4791
4791	2004
4791	2003
2005	2006
2008	2009
2011	2012
2014	2015
2017	4804
4804	2019
2017	2018
2020	4805
4805	4806
4805	2021
2023	5354
5354	4809
4809	4814
4809	4810
4810	2025
5354	4808
5354	4807
4807	2024
5354	2023
2026	4819
2026	4817
4817	4818
4817	4816
4816	2027
2029	4821
4821	2031
4821	4820
4820	4822
4820	2030
2032	5355
5355	4824
4824	2034
5355	2033
5355	4823
5355	2032
2035	4825
4825	2037
4825	2036
2038	4839
4839	4840
4840	2040
2038	4837
4837	4838
4837	2039
2041	4843
4843	4846
4843	4842
4842	4845
4842	4841
4841	4844
4841	2042
2044	4849
4849	4848
4848	5002
4848	4847
4847	2046
4847	2045
2047	4852
2047	2048
2050	4853
4853	2051
2053	4856
2053	2054
2056	4860
2056	2057
2059	4861
4861	4865
4861	2060
2060	4862
4862	4864
4862	2061
5357	5358
2062	5357
5357	5356
5356	2064
5356	4872
5356	4871
5356	5358
5358	4867
4867	4870
4867	2063
5358	4868
5358	4869
5358	5357
5357	2062
2065	4875
4875	4874
4874	4876
4874	4873
4873	2067
4873	2066
2068	5359
5359	4882
4882	2070
5359	4881
5359	5360
5360	4880
5360	4878
4878	2069
5360	4879
5360	5359
5359	2068
2071	4892
2071	4890
4890	4891
4890	2072
2074	4894
4894	4893
4893	5023
4893	5361
5361	5024
5361	2075
2075	2076
5361	4893
2077	4895
2077	2078
2080	4896
4896	2081
2083	2084
2086	2087
2089	2090
2092	2093
2093	2094
2095	2096
2098	4940
4940	2099
2101	2102
2102	4941
4941	2103
2104	4942
4942	4943
4942	2105
2107	4944
4944	2108
2110	4947
2110	2111
2113	4952
4952	2114
2116	2117
2117	2118
2119	4963
2119	4962
4962	2120
2122	4967
4967	4968
4967	2123
2125	4969
4969	2126
2126	2127
2128	4979
4979	2129
2129	2130
2131	4983
4983	4984
4983	2132
2134	4986
2134	4985
4985	2135
2137	2138
2140	2141
2141	2142
2143	5000
5000	2145
2143	4999
2143	2144
2146	5004
5004	2147
2147	2148
2149	5006
5006	5007
5006	2150
2152	5015
2152	5014
5014	2153
2155	5017
5017	2157
2155	2156
2158	5362
5362	5020
5020	5021
5021	2160
5362	5019
5362	5018
5018	2159
5362	2158
2161	5029
5029	2162
2164	2165
2165	2166
2167	2168
2168	5034
5034	2169
2170	5035
5035	2171
2173	5037
5037	2175
5037	2174
2176	5073
5073	5363
5363	5364
5364	5082
5364	5075
5075	2178
5364	5074
5364	5363
5363	2177
5363	5073
2179	5079
2179	5077
5077	5078
5077	5076
5076	2180
2182	2183
2185	2186
770	610
610	613
610	611
614	5173
5173	771
766	764
764	5365
5365	5171
5365	762
762	761
5365	3102
5365	764
760	5172
5172	3116
3116	783
5172	765
771	767
767	766
765	5175
5175	770
770	786
786	784
1848	5208
5208	2193
1848	1951
1848	1846
2194	5202
5202	1939
5202	1934
1934	1937
5366	5370
5368	5370
5369	5370
5368	4
4	0
0	5367
0	27
27	24
24	5366
24	21
21	18
18	5369
18	15
15	10
10	5368
10	7
7	4
5376	5377
5378	5379
5373	5379
5374	5379
5379	5380
5375	5380
5380	5381
5376	5381
5378	5382
5379	5382
5380	5382
5382	3
3	2238
2238	5377
2238	2236
2236	2234
2234	5372
2234	42
42	2228
2228	5376
2228	2224
2224	5375
2224	2220
2220	5371
5371	5374
5371	5373
5371	2213
2213	2215
2215	2217
2217	5378
2217	1
1	5382
1	3
5371	40
5371	2220
5384	5386
5386	2248
2248	51
51	48
48	2246
2246	5384
2246	2244
2244	5383
5383	2235
2235	5386
2235	2237
2237	2239
2239	6
6	2248
2239	5
5383	43
5383	45
5383	2244
54	8
54	2249
54	52
5388	5389
5393	5394
5388	5394
5394	5395
5389	5395
5391	5397
5392	5397
5393	5397
5394	5397
5395	5397
5396	5397
5391	2270
2270	2268
2268	5395
2268	63
63	5390
63	60
60	5389
60	2264
2264	5387
2264	2262
2262	57
57	55
55	5388
55	11
11	5393
11	14
14	72
72	5392
72	69
69	66
66	2274
2274	5391
2274	2272
2272	2270
73	16
5398	5400
5400	2297
2297	81
81	2293
2293	5398
2293	75
75	70
70	5400
70	19
19	20
20	2297
70	71
2293	78
31	5401
5401	2300
2300	82
82	2298
2298	23
2298	22
5401	84
5401	32
32	90
90	87
5401	31
29	5137
5137	25
25	26
5402	5405
5405	2214
2214	5404
5404	2204
2204	2202
2202	5402
2202	33
33	30
30	2200
2200	5405
2200	28
28	2216
2216	2214
28	2
5404	2206
5404	2212
2212	36
2212	39
5404	2214
102	2207
102	2321
2321	2205
2321	99
99	2203
99	2308
2308	91
91	34
99	93
99	96
41	2333
2333	111
111	2227
111	108
108	2223
108	2329
2329	38
2329	37
2329	105
105	103
41	2335
41	44
44	114
123	2247
120	117
117	2245
2245	2247
2247	123
117	115
115	46
49	126
53	56
56	2353
2353	49
2353	126
2353	129
141	2265
141	5408
5408	2263
5408	5407
5407	58
5407	2356
5407	5406
5406	130
5406	132
5406	138
138	135
5406	2365
5406	5408
5408	141
5406	5407
5409	5411
5411	5412
5411	5414
5412	5414
5414	156
156	153
153	150
150	5410
5410	5412
150	147
147	144
144	5409
144	142
142	5411
142	61
61	5414
61	62
62	156
5415	5418
5418	2273
2273	2275
2275	2375
2375	2373
2373	5415
2373	2371
2371	159
159	2369
2369	5418
2369	5417
5417	2271
2271	2273
5417	2269
5417	157
157	64
5417	2369
2371	162
2275	2377
2275	65
163	2381
5421	5422
5421	5423
5423	74
74	174
174	5419
174	2387
2387	2385
2385	5421
2385	2383
2383	5420
5420	5423
5420	2376
2376	2378
2378	74
2378	67
67	68
5420	2374
5420	2372
5420	2381
2381	163
5420	2383
174	168
174	171
175	76
172	2409
83	180
180	2415
2415	5424
5424	80
5424	2295
5424	2411
2411	2409
2409	79
2409	173
2409	172
5424	2413
5424	2415
195	2417
2417	181
181	85
195	2419
195	192
192	5425
5425	2421
5425	2423
2423	183
5425	2425
5425	186
5425	189
5425	192
92	198
198	196
196	88
88	89
5428	5429
5426	5429
5429	5430
5432	5433
5428	5433
5433	5434
5429	5434
5432	5435
5435	5436
5433	5436
5435	5437
5437	2461
2461	2458
2458	5434
2458	216
216	5430
216	213
213	5427
213	210
210	207
207	204
204	5426
204	2449
2449	5428
2449	5431
5431	5432
5431	5435
5431	191
191	199
199	5437
199	94
94	95
95	2461
5431	190
5431	201
5431	2449
219	2465
2465	2460
2460	2469
2460	2463
2463	98
2463	97
2465	217
104	2323
104	5438
5438	2470
2470	100
5438	2468
5438	220
5438	2472
2472	222
5438	104
228	234
237	2330
237	2480
2480	5440
5440	106
5440	2474
5440	5439
5439	223
5439	225
5439	228
5439	234
5439	5440
5440	2480
5441	5445
5442	5445
5443	5445
5445	110
110	252
252	249
249	246
246	5443
246	243
243	5442
243	240
240	5441
240	238
238	109
109	5445
109	110
258	264
5447	5449
5449	2336
2336	113
113	116
116	2490
2490	5447
2490	2488
2488	5446
5446	255
255	2484
2484	5449
2484	253
253	2334
2334	2336
253	112
5446	258
5446	264
5446	2488
273	270
270	2492
2492	2491
2491	118
2492	2489
2492	267
267	265
125	2348
125	282
282	5450
5450	121
5450	274
5450	279
279	276
5450	2509
5450	282
131	127
131	283
131	285
291	288
288	286
286	133
5451	5453
5453	5454
5454	2527
2527	2525
2525	2523
2523	5451
2523	297
297	294
294	292
292	136
136	5453
136	137
137	5134
5134	5454
5134	145
145	2531
2531	2529
2529	2527
145	146
2527	300
143	2366
143	5135
5135	139
5457	5458
5458	5459
5455	5459
5459	5460
5457	5461
5461	5462
5458	5462
5462	5463
5459	5463
5463	5464
5462	5465
5465	2551
2551	2549
2549	5464
2549	312
312	309
309	306
306	5460
306	2539
2539	5456
2539	2536
2536	5455
2536	303
303	301
301	2528
2528	5457
2528	2530
2530	2532
2532	5461
2532	148
148	149
149	5465
5465	5462
149	2551
164	160
160	5468
5468	5467
5467	5466
5466	152
5466	2552
2552	151
5466	2550
5466	5467
5467	2554
2554	313
5467	5468
5468	315
5468	318
5468	164
5468	160
158	5133
5133	154
154	155
333	2388
333	330
330	327
327	2386
327	2384
327	324
324	321
321	2561
2561	2382
2561	319
319	166
176	169
336	169
336	334
5470	5471
5471	2422
2422	182
182	339
339	2593
2593	5470
2593	2412
2412	2414
2414	5471
2414	2416
2416	2418
2418	2420
2420	2422
2416	179
2593	2589
2589	2410
2589	337
337	178
351	2426
351	348
348	2424
348	345
345	342
342	184
342	340
200	187
200	352
200	357
357	354
197	193
360	358
358	2450
2450	203
358	202
5473	5474
5474	5475
5476	5473
5473	5477
5477	5478
5478	5479
5474	5479
5480	5481
5477	5481
5481	205
205	5479
205	206
206	389
389	2638
2638	5475
2638	386
386	383
383	380
380	5472
380	375
375	5476
375	372
372	366
366	5473
366	363
363	5477
363	5480
363	361
361	2614
2614	5481
2614	205
372	369
392	208
392	390
398	395
395	393
393	211
211	212
218	5482
5482	2652
2652	215
2652	214
2652	2649
2652	401
401	399
5482	404
5482	224
5482	221
5482	218
410	407
407	405
405	2664
405	227
405	226
230	2665
260	5094
5485	5486
5486	5487
5488	5489
5489	5490
5490	425
425	422
422	416
416	2674
2674	5488
2674	2183
2183	5100
5100	5489
5100	5098
5098	5096
5096	5490
5096	5492
5492	2694
2694	425
5492	2696
5492	5094
5094	260
5492	5096
2674	5102
2674	2671
2671	2186
2671	5487
5487	5104
5487	5486
5486	5106
5486	5485
5485	5108
5485	5491
5491	5110
5491	2665
2665	230
5491	2663
5491	5485
5485	411
5485	5483
5483	413
5483	5487
5487	2671
422	419
5493	5496
5496	5497
5494	5497
5496	5498
5498	5116
5116	5114
5114	5495
5114	5112
5112	5107
5107	5109
5109	5494
5109	5111
5111	5493
5111	232
232	233
233	5496
233	5130
5130	5498
5130	241
241	5118
5118	5116
241	242
5112	5105
5112	2187
239	5131
5131	2481
5131	235
5503	5504
5499	5504
5504	5505
5500	5505
5505	5506
5501	5506
5503	5507
5507	5508
5504	5508
5508	5509
5505	5509
5509	5510
5507	5511
5511	5512
5508	5512
5512	5510
5512	245
245	5126
5126	5124
5124	5506
5124	5122
5122	5502
5122	5120
5120	2184
2184	5501
2184	5103
5103	5500
5103	2185
2185	5499
2185	5113
5113	5115
5115	5503
5115	5117
5117	5507
5117	5119
5119	5511
5119	244
244	5512
244	245
5513	5515
5515	256
256	257
257	5095
5095	5097
5097	5513
5097	5099
5099	5123
5123	5515
5123	5125
5125	5516
5516	5128
5128	256
5516	248
5516	5127
5127	247
5516	5125
5099	5121
5099	5101
5101	2182
254	5129
5129	251
5129	250
266	5517
5517	262
5517	2697
5517	2695
5517	431
431	428
428	426
5517	266
434	5518
5518	2712
5518	2493
2493	269
5518	268
5518	434
434	432
275	446
446	443
443	271
443	2730
2730	2713
2730	2711
2730	2716
2716	2714
2714	435
2730	2718
2730	2728
2728	2720
2728	440
440	2722
440	437
5520	5521
5520	5522
5522	5523
5523	1853
1853	1845
1845	5519
1845	367
367	368
368	438
438	5520
438	439
439	449
449	5522
449	2740
2740	4653
4653	5523
4653	4651
4651	1853
2740	4655
2740	1856
2740	447
447	278
447	277
1853	1850
284	287
287	4659
4659	2511
4659	1857
1857	280
287	1859
293	1860
1860	289
293	1865
1865	1862
293	1868
296	1869
302	1871
1871	2526
1871	4673
4673	2524
4673	1866
1866	298
1866	1867
302	1874
302	1877
1888	2541
1888	1885
1885	1882
1882	2538
1882	1878
1878	304
1891	307
1891	1889
314	5092
5092	4697
4697	4695
4695	311
4695	310
4695	1892
5092	1894
5092	5090
5090	1897
5090	1900
5090	4703
5090	4705
5090	322
322	323
320	5524
5524	317
5524	5525
5525	316
5525	5093
5525	5524
5524	5091
5524	320
1906	4709
4709	4706
4706	325
4709	4707
4707	4704
4707	1901
1906	1903
1907	328
5528	5529
5527	5533
5533	5534
5528	5534
5534	5535
5529	5535
5531	5536
5536	5532
5532	5533
5532	5537
5537	5538
5533	5538
5538	5539
5534	5539
5536	5540
5536	5537
5537	5541
5541	5542
5538	5542
5540	5543
5540	5541
5543	2592
2592	5542
2592	2596
2596	5539
2596	5535
2596	338
338	341
341	5530
341	1918
1918	1915
1915	5529
1915	5526
1915	4731
4731	5527
5527	5528
4731	1912
1912	5531
1912	1909
1909	1904
1904	5536
1904	1905
1905	5540
1905	5543
1905	331
331	332
332	335
335	2592
1919	343
5544	5548
5548	5549
5549	5550
5545	5550
5547	5548
5548	5551
5551	5552
5549	5552
5552	4750
4750	1948
1948	1945
1945	5546
1945	1942
1942	1937
1937	5544
5544	5545
1937	1921
1921	5547
1921	4735
4735	5548
4735	1916
1916	5551
1916	1917
1917	5552
1917	347
347	4750
1917	346
1937	1924
1937	1932
1932	1927
353	4752
4752	349
353	1949
359	1947
1947	355
359	362
362	1946
1844	1943
1943	364
1943	1944
464	436
436	370
464	2723
464	461
461	5554
5554	2721
5554	2719
5554	5553
5553	2764
2764	2717
2764	2715
2764	2762
2762	433
2762	452
452	430
452	429
5553	455
5553	458
5553	5554
5554	461
465	373
479	2790
2790	2788
2788	376
2788	5555
5555	463
5555	5556
5556	462
5556	467
5556	470
5556	2786
5556	5555
5555	2788
479	473
479	476
480	381
485	477
477	478
478	384
485	482
391	5557
5557	2640
5557	486
486	387
5557	394
5557	391
400	491
491	396
491	488
488	484
488	483
400	494
406	2653
406	495
495	402
412	509
509	506
506	408
506	503
503	493
503	492
503	497
503	500
412	512
412	515
412	417
417	518
417	521
417	418
414	5558
5558	2676
5558	2673
5558	414
522	420
5563	5564
5559	5564
5562	5565
5563	5565
5565	5566
5566	2887
2887	5560
2887	549
549	546
546	543
543	540
540	5559
540	534
534	529
529	5562
5562	5563
529	5561
5561	424
424	5565
424	427
427	5566
427	451
451	2887
5561	423
5561	520
5561	519
5561	526
5561	529
540	537
450	2729
2729	2731
2731	442
450	441
448	2751
2751	444
444	445
550	2765
550	2889
2889	2763
2889	453
558	456
558	5567
5567	548
5567	547
5567	552
5567	555
5567	558
466	561
561	559
559	459
5568	5572
5570	5573
5573	5571
5571	5572
5571	5575
5573	5576
5576	5574
5574	5575
5574	468
468	469
469	573
573	5572
573	2914
2914	5569
2914	570
570	2911
2911	5568
2911	2909
2909	5570
2909	567
567	564
564	5573
564	5576
564	2905
2905	2903
2903	5574
2903	468
2903	562
5577	5580
5580	5581
5578	5581
5581	582
582	579
579	576
576	5578
576	574
574	5577
574	471
471	2787
2787	5580
2787	2789
2789	2791
2791	5581
2791	472
472	585
585	582
472	588
481	474
481	591
591	589
481	594
481	487
487	498
498	597
498	499
496	489
5583	5584
5583	5586
5586	5587
5585	5586
5585	5588
5588	5589
5586	5589
5589	5590
5588	5591
5591	619
619	5590
619	2952
2952	5587
2952	2950
2950	616
616	5584
616	611
611	5582
611	608
608	605
605	2944
2944	5583
2944	5585
2944	602
602	5588
602	598
598	501
501	5591
501	502
502	622
622	619
623	504
5593	5595
5595	631
631	628
628	5592
5592	620
620	5593
620	621
621	507
507	508
508	5595
508	637
637	634
634	631
5592	625
5592	628
638	510
643	2960
2960	2958
2958	513
2958	636
2958	635
643	640
655	525
525	5596
5596	516
5596	646
646	644
5596	649
5596	652
5596	655
5596	525
659	527
527	528
657	661
676	5597
5597	530
5597	2995
2995	2989
2995	661
661	657
5597	2998
5597	673
673	664
673	670
670	667
5597	676
677	536
677	535
680	538
678	674
553	3032
3032	541
3032	3030
3030	674
674	678
553	3034
553	554
554	682
551	544
683	688
560	2904
2904	5598
5598	5599
5599	556
5599	688
688	683
5599	3038
5599	5598
5598	691
5598	2906
2906	563
5598	2904
5601	5602
5601	5603
5603	5604
5604	566
566	706
706	5600
706	703
703	700
700	5601
700	697
697	5603
697	694
694	692
692	5604
692	565
565	566
721	2912
721	715
715	712
712	709
709	2910
709	707
707	568
721	718
575	5605
5605	2916
5605	571
5605	3058
3058	722
5605	575
727	3059
3059	577
727	724
724	719
719	720
739	580
739	728
739	736
736	730
736	733
592	2947
2947	583
2947	604
604	740
592	593
593	603
590	586
601	595
768	3084
3084	738
738	606
3084	737
768	763
763	742
763	750
750	745
763	758
758	755
769	609
773	3104
785	3112
3112	3110
3110	3108
3108	612
3108	3106
3106	767
3106	3104
3104	764
3104	773
785	779
785	782
5606	5608
5608	3120
3120	791
791	3118
3118	786
786	5606
786	617
617	2951
2951	5608
2951	2953
2953	624
624	3120
2953	618
791	788
792	3121
3121	627
3121	626
5610	5611
5610	5612
5612	3130
3130	3128
3128	3126
3126	5609
3126	797
797	794
794	789
789	790
790	5610
790	3123
3123	5612
3123	629
629	3132
3132	3130
629	630
3130	800
5618	5619
5614	5619
5615	5619
5619	5620
5616	5620
5620	5621
5618	5622
5619	5622
5620	5622
5622	2959
2959	2961
2961	639
639	806
806	5617
806	3137
3137	5616
3137	803
803	5613
5613	5615
5613	5614
5613	3131
3131	3133
3133	632
632	5618
632	633
633	5622
633	2959
5613	801
5613	803
645	641
645	821
821	818
818	807
818	809
818	815
815	812
645	824
825	647
830	3173
3173	3171
3171	650
3171	823
3171	822
830	827
660	831
831	653
660	833
848	5623
5623	5624
5624	663
5624	3000
5624	3181
3181	2997
3181	834
834	662
5624	836
5624	5623
5623	839
5623	842
5623	848
848	845
854	3198
3198	665
854	851
851	849
865	862
862	668
668	669
862	855
862	859
684	3035
5626	5627
5626	5628
5628	3229
3229	3227
3227	3225
3225	5625
3225	871
871	3220
3220	5626
3220	671
671	672
672	3031
3031	5628
3031	3033
3033	3035
3035	3231
3231	3229
3035	684
871	866
871	868
5630	5631
5631	4637
4637	695
695	3239
3239	3237
3237	3235
3235	5630
3235	3228
3228	3230
3230	3232
3232	5631
3232	687
687	4637
3232	686
3235	3233
3233	3226
3233	872
695	696
693	3039
693	4638
4638	689
5635	5636
5637	5638
5633	5638
5638	5639
5634	5639
5639	5640
5635	5640
5638	5641
5641	3238
3238	5640
3238	3240
3240	698
698	5636
698	699
699	5632
699	880
880	3255
3255	5634
5634	5635
3255	3251
3251	5633
3251	877
877	874
874	869
869	5637
869	870
870	3234
3234	5641
5641	5638
3234	3236
3236	3238
883	881
881	701
886	708
708	886
886	704
886	884
890	895
5644	5643
5643	904
904	901
901	898
898	5644
898	895
895	890
890	710
710	5643
710	907
907	904
710	711
908	713
5645	5649
5649	5650
5646	5650
5648	5649
5649	5651
5651	916
916	913
913	3286
3286	5647
3286	910
910	3283
3283	5646
3283	3281
3281	5645
3281	905
905	5648
905	906
906	716
716	717
717	5649
717	5651
717	723
723	922
922	919
919	916
729	925
925	923
923	725
934	5652
5652	731
5652	926
5652	918
5652	917
5652	928
5652	931
5652	934
741	935
935	734
734	735
940	743
940	933
940	932
940	937
952	943
943	3334
3334	3342
3334	3331
3331	3344
3331	941
941	3346
941	746
746	749
952	949
949	946
5655	5657
5657	5656
5656	955
955	3350
3350	5655
3350	5653
5653	3341
3341	3343
3343	5657
3343	3345
3345	3358
3358	5656
3358	958
958	955
3345	3347
3347	961
3347	751
751	754
5653	953
5653	3348
5653	3350
962	756
772	960
960	759
772	3361
772	3368
3368	959
3368	964
775	3369
5659	5660
5660	973
973	970
970	967
967	965
965	5659
965	3369
3369	3378
3378	3376
3376	5660
3376	3374
3374	3372
3372	973
3374	976
3369	775
994	3113
5663	5664
5661	5664
5663	5665
5668	5669
5667	5670
5668	5670
5670	3113
3113	3405
3405	3403
3403	5666
3403	3401
3401	3395
3395	5668
3395	3392
3392	5667
3392	3389
3389	3109
3109	3111
3111	5670
3111	3113
3389	5665
5665	3107
5665	5663
5663	3105
5663	3379
3379	777
5663	5661
5661	3377
5661	3375
5661	5662
5662	977
5662	3383
3383	982
982	979
5662	5664
5664	3386
5664	5665
5665	3389
3401	991
991	985
991	988
3113	994
780	3407
1006	1003
1003	780
1003	3407
1003	1000
1000	997
787	793
793	1009
1009	1007
1007	783
783	784
1021	795
1021	1015
1015	1012
1012	1010
1021	1018
802	5671
5671	3129
5671	3449
3449	3447
3447	3127
3447	798
3447	1022
5671	1024
5671	3451
5671	802
802	1027
802	1030
808	3139
808	1033
1033	1031
1031	804
1034	810
1042	1039
1039	1032
1032	813
1039	3460
3460	1029
3460	1028
3460	1036
1060	5672
5672	1054
1054	3496
1054	1051
1051	1048
1048	3498
1048	3500
1048	1045
1045	3502
1045	1043
1043	3504
1043	816
816	817
5672	1057
5672	1060
1061	3508
1072	3174
5674	5684
5684	5685
5675	5685
5685	5686
5676	5686
5686	5687
5677	5687
5687	5688
5678	5688
5688	5689
5679	5689
5689	5690
5680	5690
5690	5691
5681	5691
5685	5692
5692	5693
5686	5693
5693	5694
5687	5694
5694	5695
5688	5695
5689	5695
5695	5696
5690	5696
5696	3514
3514	3512
3512	3510
3510	5683
5683	5682
5683	3497
3497	3499
3499	5681
3499	3501
3501	5680
3501	3503
3503	5679
3503	3505
3505	5678
3505	5677
3505	819
819	5676
819	820
820	5675
820	3172
3172	5674
3172	5673
5673	5684
5673	3522
3522	3520
3520	5692
5692	5685
3520	3518
3518	1069
1069	5693
1069	3516
3516	5694
3516	5695
3516	1066
1066	5696
1066	3514
5673	3524
5673	3174
3174	1072
5673	3172
5683	3495
5683	3508
3508	1061
5683	3510
828	1075
832	828
832	1075
832	5697
5697	5699
5699	3528
5699	5698
5698	1078
5698	3530
3530	1081
5698	3532
5698	5697
5697	835
5697	3184
5697	832
5698	5699
5703	5704
5700	5704
5704	5705
5701	5705
5705	5706
5707	5708
5703	5708
5708	5709
5704	5709
5709	5710
5705	5710
5710	3533
3533	837
837	838
838	5702
838	3543
3543	5701
3543	5700
3543	1090
1090	1087
1087	5703
1087	3538
3538	5707
3538	3536
3536	1084
1084	5708
1084	1082
1082	5709
1082	5710
1082	3531
3531	3533
1091	5711
5711	841
5711	3545
3545	840
5711	1091
1099	3548
3548	843
1099	3555
3555	1089
3555	3553
3553	1096
1096	1088
1096	3551
3551	3549
3551	1093
850	1108
1108	3560
3560	846
3560	1100
3560	1105
1105	1102
858	1114
1114	852
1114	1111
1111	1109
1115	860
1126	3602
5713	5714
5713	5715
5715	5716
5716	3606
3606	3604
3604	5712
3604	3602
3602	3598
3598	3596
3596	5713
3596	3594
3594	5715
3594	1123
1123	1120
1120	5716
1120	3584
3584	5717
5717	3608
3608	3606
5717	1132
5717	3584
3584	3610
3584	3581
3581	1135
3581	873
3581	867
3581	864
3581	1117
1117	1112
1112	1113
1113	863
3602	1126
1136	875
5719	5720
5720	5721
5722	5723
5719	5723
5723	5724
5720	5724
5724	5725
5725	894
894	3618
3618	5718
3618	3616
3616	3614
3614	5719
3614	3612
3612	1133
1133	5722
1133	3611
3611	3254
3254	5723
3254	3258
3258	5724
3258	879
879	5725
879	882
882	893
893	894
882	885
3611	1134
1134	878
888	891
5727	5728
5728	5729
5729	3617
3617	3620
3620	1138
1138	5727
1138	1130
1130	3603
3603	5728
3603	3605
3605	5729
3605	3607
3607	3615
3615	3617
3607	3613
3607	3609
3609	1131
3617	3619
3619	897
3619	896
1139	3621
3621	900
3621	899
1128	1141
1141	3624
5731	5732
5732	5733
5733	1137
1137	3623
3623	5731
3623	902
902	3282
3282	3284
3284	5732
3284	1147
1147	3624
3624	5733
3624	1141
1141	1128
1128	1137
3284	909
902	903
929	3288
929	930
930	936
936	5734
5734	911
5734	1148
5734	1150
5734	936
927	914
924	920
942	1151
1151	3333
1151	938
938	939
942	1162
1162	1153
1162	1159
1159	1156
1165	944
1165	1163
1177	1174
1174	1171
1171	1168
1168	948
1168	1166
1166	947
954	1186
1186	1183
1183	5735
5735	3349
5735	5736
5736	951
5736	950
5736	3657
5736	1180
1180	1178
5736	5735
5735	1183
963	956
963	3668
3668	1189
1189	1187
963	966
1195	3670
3670	5737
5737	3674
5737	3669
3669	969
3669	968
5737	1190
5737	1192
5737	3670
5739	5740
5740	3680
3680	3678
3678	3673
3673	3675
3675	5739
3675	971
971	972
972	3684
3684	5740
3684	1204
1204	3682
3682	3680
1204	1201
3678	1196
3678	1198
978	5741
5741	3373
5741	3685
3685	974
5741	1205
5741	978
981	1203
987	4630
987	5743
5743	4633
5743	5742
5742	1203
1203	981
5742	1202
5742	1207
5742	5743
5743	5744
5744	1210
5744	987
5744	5743
983	5745
5745	5747
5747	4632
5747	984
5747	3397
5747	3394
5747	5746
5746	3391
5746	3388
5746	5745
5745	3385
5745	983
5746	5747
1213	3688
3688	990
3688	1211
1211	989
1216	996
996	5750
5750	3406
3406	993
5750	3404
5750	5749
5749	3402
5749	5748
5748	3691
3691	992
5748	1214
5748	1216
5748	996
5748	5749
5749	5750
1225	5751
5751	998
998	999
5751	1220
5751	3694
5751	1222
5751	1225
1013	5752
5752	1001
5752	1231
1231	3698
3698	3697
3698	1228
1228	1226
5752	1014
5752	1013
1008	1004
1008	1011
1246	1232
1232	1016
1246	3700
1246	5753
5753	1234
5753	1237
5753	3706
5753	3708
5753	1246
1246	1243
1243	1240
1023	3724
3724	5754
5754	3448
5754	1247
1247	1020
1247	1019
5754	1249
5754	3724
1035	3452
1035	1261
1261	5757
5757	1025
5757	3725
5757	5756
5756	5755
5755	1250
5755	1252
5755	3736
3736	3730
3736	3732
3736	1258
1258	1255
5755	3738
5755	5756
5756	5757
5757	1261
5763	5764
5758	5764
5764	5765
5759	5765
5765	5766
5760	5766
5766	5767
5768	5769
5762	5769
5769	5770
5763	5770
5764	5770
5770	5771
5765	5771
5771	5772
5766	5772
5768	5773
5773	5774
5769	5774
5770	5774
5774	5775
5771	5775
5773	5776
5774	5776
5776	1047
1047	5772
1047	1276
1276	5767
1276	1273
1273	5761
1273	3750
3750	1270
1270	5760
1270	5759
1270	1267
1267	5758
1267	1264
1264	1262
1262	5762
5762	5763
1262	1037
1037	5768
1037	3462
3462	5773
3462	1038
1038	5776
1038	1046
1046	1047
1044	1040
1277	1049
5778	5779
5779	5780
5778	5781
5781	5782
5779	5782
5782	5783
5781	5784
5784	5785
5785	5786
5782	5786
5787	5788
5784	5788
5785	5788
5787	5789
5789	3783
3783	1291
1291	3780
3780	5786
3780	3778
3778	5783
3778	3776
3776	5780
3776	1288
1288	3772
3772	5777
3772	3769
3769	3764
3764	5778
3764	3761
3761	1279
1279	5781
1279	5784
1279	1274
1274	5787
1274	1275
1275	5789
1275	1052
1052	1053
1053	3783
3769	1285
1285	1282
1094	5790
5790	3785
3785	1055
5790	1292
5790	3787
5790	3552
3552	1095
5790	1094
1062	1058
1830	5791
5791	1058
5791	1092
5791	5792
5792	3550
5792	5793
5793	3539
3539	1086
5793	3537
5793	4605
4605	1827
1827	1085
5793	5792
5792	1830
5792	5791
1836	1833
1833	5796
5796	4611
5796	5795
5795	4613
5795	3513
3513	4615
3513	3515
3515	1065
5795	3511
5795	5794
5794	3509
5794	1064
5794	1831
5794	4607
5794	5796
5796	1833
5794	5795
5797	5807
5807	5808
5798	5808
5799	5808
5808	5809
5800	5809
5801	5809
5809	5810
5802	5810
5810	5811
5803	5811
5805	5812
5806	5812
5806	5807
5807	5813
5808	5813
5809	5813
5810	5813
5811	5813
5812	5813
5805	5811
5805	1837
1837	5804
1837	4610
4610	5803
4610	4612
4612	5802
4612	4614
4614	4616
4616	5801
4616	1067
1067	5800
1067	3517
3517	5799
3517	1068
1068	5798
1068	4625
4625	4623
4623	5797
4623	4621
4621	5806
4621	4619
4619	5805
4619	1839
1839	1837
1074	5814
5814	3525
5814	3523
5814	5815
5815	3521
5815	4624
4624	4626
4626	3519
4626	1070
5815	4622
5815	5816
5816	4620
5816	1842
1842	1840
5816	4627
5816	1074
5816	5814
5816	5815
1843	3529
1843	4628
4628	1076
1083	5818
5818	5819
5819	1079
5819	1841
5819	1838
5819	5818
5818	1835
5818	5817
5817	1834
5817	1826
5817	1083
5817	5818
1289	3791
1101	3556
1101	1297
1297	3793
3793	3554
3793	5822
5822	1097
5822	5821
5821	3788
5821	5820
5820	3781
3781	1290
5820	3779
5820	3791
3791	3777
3791	1289
5820	5821
5821	3793
5821	5822
1303	1300
1300	1298
1298	1104
1298	1103
5824	5825
5825	5826
5824	5827
5827	5828
5828	5829
5825	5829
5829	5830
5827	5831
5831	5832
5832	5833
5828	5833
5833	5834
5829	5834
5831	5835
5835	5836
5832	5836
5836	5837
5833	5837
5837	1116
1116	1121
1121	5830
1121	1122
1122	5826
1122	5823
1122	1315
1315	1309
1309	3803
3803	5824
3803	1306
1306	5827
1306	1304
1304	5831
1304	3800
3800	5835
3800	1106
1106	5836
1106	3562
3562	5837
3562	1107
1107	1110
1110	1116
1315	1312
1118	5838
5838	3586
5838	5839
5839	3583
5839	5838
5838	1118
1324	1125
1324	5840
5840	3599
5840	5841
5841	3597
5841	5842
5842	3595
5842	1316
1316	1124
5842	1318
5842	5841
5841	1321
5841	5840
5840	1324
1143	1325
1145	1322
1149	5843
5843	3625
5843	5844
5844	1145
5844	1322
5844	1152
5844	5843
5843	1149
1336	5845
5845	1154
5845	1320
5845	1319
5845	1327
5845	1330
5845	1336
1336	1333
1337	1157
5846	5849
5849	5850
5850	5851
5847	5851
5851	1161
1161	1164
1164	1167
1167	3848
3848	5847
3848	5846
3848	1361
1361	1356
1356	5849
1356	1353
1353	1350
1350	5852
5852	5850
5852	5851
5852	1334
1334	1335
1335	1160
1160	1161
5852	1339
5852	1347
1347	1344
5852	1350
1364	3850
3850	1169
1364	1362
1367	1365
1365	1172
1172	1173
1388	1394
5856	5857
5854	5857
5857	5858
5858	5859
5857	5860
5860	5861
5858	5861
5861	1179
1179	1397
1397	1388
1388	1385
1385	5855
1385	5854
1385	5853
5853	5856
5853	1370
1370	1368
1368	5857
1368	3863
3863	5860
3863	1175
1175	1176
1176	5861
1176	1179
5853	1376
1376	1373
5853	1379
5853	1382
5853	1385
1397	1394
1398	1181
1188	1184
1188	1191
1191	3913
3913	1396
3913	1395
1191	1400
1197	3921
3921	3918
3918	3671
3918	1401
1401	1193
1197	3924
1197	3940
3940	3927
3940	1415
1415	5862
5862	1403
5862	1406
5862	3935
3935	1409
5862	1412
5862	1415
5863	5866
5866	5867
5867	5868
5865	5866
5865	5869
5869	5870
5866	5870
5870	5871
5867	5871
5871	5872
5869	5873
5873	5874
5870	5874
5874	5875
5871	5875
5875	3944
3944	1416
1416	5868
1416	3942
3942	5864
3942	1199
1199	3679
3679	5863
3679	3681
3681	5865
3681	3683
3683	5869
3683	1200
1200	1206
1206	5873
1206	3948
3948	5874
3948	3946
3946	5875
3946	3944
1212	5880
5880	5878
5878	5877
5877	1209
5877	3949
3949	1208
5877	5878
5878	3947
5878	5879
5879	5876
5876	3945
5876	1413
1413	1414
5876	3950
5876	5879
5879	3952
5879	5880
5880	1215
5880	1212
5879	5878
1218	3953
1221	3953
3953	1218
1221	1410
1410	3951
1410	3936
3936	1411
1227	1223
1227	1421
1421	1408
1421	1418
1418	1407
1227	1424
1233	3699
3699	1230
1233	1229
1233	1425
1433	1235
1430	1423
1423	1235
1235	1433
1430	1427
1427	1422
1238	1436
1451	5882
5882	5884
5884	3709
5884	5883
5883	3707
5883	3985
3985	1436
1436	1238
5883	5882
5882	5881
5881	1439
5881	1445
1445	1442
5881	3996
5881	1448
5881	5882
5882	1451
5883	5884
1452	1457
1457	1241
1452	1241
1244	1251
1248	1244
1248	1251
1804	5885
5885	5886
5886	1254
5886	3733
5886	1455
1455	3731
1455	1456
1456	1253
5886	1352
5886	5885
5885	1351
5885	1804
5890	5891
5888	5891
5891	5892
5892	3763
3763	3766
3766	5887
5887	5888
5887	1805
1805	4558
4558	1256
1256	5890
1256	1257
1257	1824
1824	1268
1268	1269
1269	5891
1269	5892
1269	1280
1280	3763
5887	1810
1810	1807
5887	1281
5887	3766
1263	5893
5893	3739
5893	3737
5893	1259
5893	1825
5893	1263
1823	1265
1278	3751
1278	1271
1811	1283
1293	3774
5896	5897
5897	5898
5894	5898
5898	5899
5899	1305
1305	4575
4575	5894
4575	1818
1818	5896
1818	1815
1815	1808
1808	1809
1809	5897
1809	1286
1286	3771
3771	5898
3771	3774
3774	5899
3774	5900
5900	1302
1302	1305
5900	1301
5900	1293
5900	3774
1299	3794
1299	5901
5901	3792
5901	1295
5901	1299
1819	4576
4576	3804
3804	1308
4576	1307
1328	1310
1328	4578
1328	5902
5902	1817
5902	1821
1821	1816
5902	1340
1340	1343
5902	1329
5902	1328
1317	1313
1317	1326
1338	1331
1822	1345
1803	1806
1806	1814
1814	1348
1814	1820
1453	1449
1449	1453
1453	1354
1354	1355
5907	5908
5903	5908
5908	5909
5904	5909
5909	5910
5910	5911
5905	5911
5911	5912
5913	5914
5907	5914
5914	5915
5908	5915
5915	5916
5909	5916
5916	5917
5910	5917
5913	5918
5918	5919
5914	5919
5919	5916
5919	4019
4019	5917
4019	1357
1357	5912
5912	5911
1357	1360
1360	1363
1363	1366
1366	5906
1366	1369
1369	5905
1369	5904
1369	4032
4032	5903
4032	1463
1463	5907
1463	1460
1460	4022
4022	5913
4022	1446
1446	5918
1446	3998
3998	5919
3998	1447
1447	4019
1464	4033
4033	1371
1375	1462
1472	5920
5920	1462
5920	5921
5921	1461
5921	1466
5921	4040
5921	4042
5921	5920
5920	1469
5920	1472
1473	1377
5922	5924
5925	5926
5926	1493
1493	5923
1493	4069
4069	5922
4069	1490
1490	1487
1487	4062
4062	5924
4062	5925
4062	4044
4044	1470
1470	1471
1471	5926
1471	1380
1380	1381
1381	1493
4062	4046
4062	4060
4060	4048
4060	1484
1484	1475
1484	1481
1481	1478
1494	1383
5928	5929
5929	5930
5931	5932
5929	5932
5932	5933
5932	5934
5934	5935
5935	1505
1505	5930
1505	1502
1502	5927
1502	1499
1499	1496
1496	5928
1496	1491
1491	4071
4071	5931
5931	5929
4071	1492
1492	1386
1386	5932
1386	5934
1386	1387
1387	1514
1514	1511
1511	5935
1511	1508
1508	1505
1390	1515
1399	1512
1512	1513
1513	1393
1513	1392
1399	5936
5936	1517
5936	1520
5936	3920
3920	3923
3923	4098
3923	3926
3926	3929
3929	1523
3929	1402
1402	1526
5936	1399
1417	1538
1538	1535
1535	1404
1535	1532
1532	1527
1532	1529
1426	1539
1539	1419
1564	4158
4158	4156
4156	1428
4156	1537
4156	4154
4154	4152
4152	1536
4152	4150
4150	4148
4148	1541
4148	4146
4146	1544
4146	4144
4144	1547
4144	4142
4142	4140
4140	5937
5937	1552
5937	1555
5937	1558
5937	4138
5937	4140
1564	1561
1435	5938
5938	3977
5938	1565
1565	1431
5938	4163
5938	4166
5938	4549
4549	1567
4549	1440
1440	1570
1440	1573
1440	1441
5938	1435
1437	3987
3987	1438
1576	1465
1459	1465
1465	1576
1576	1574
1574	1444
1574	1443
1474	4188
4188	4047
4188	4043
4043	4045
4043	1468
4188	1582
1582	4041
1582	4186
4186	4184
4184	1467
4184	1580
1553	1554
1554	1476
1554	1585
1585	4189
1585	1583
1654	5940
5940	1479
5940	1551
5940	5941
5941	1548
5941	4265
5941	4284
4284	4267
4284	4281
4281	1636
4281	1639
4281	4278
4278	1642
4278	1645
4278	1648
5941	4287
5941	5939
5939	1651
5939	4292
5939	5940
5940	1654
5939	5941
1660	1657
1657	4297
4297	1483
4297	1655
1655	1482
1663	1661
1661	4063
1661	4306
4306	4061
4306	1485
1495	1672
1672	1669
1669	1666
1666	1488
1666	1664
1675	1673
1673	1497
1497	1498
1687	5942
5942	4347
5942	1678
1678	5943
5943	4349
5943	1500
1500	1501
5943	4336
5943	1676
5943	1678
5942	1681
5942	1684
5942	1687
5946	5947
5947	5948
5945	5948
5948	4353
4353	1688
1688	4346
4346	5945
4346	4348
4348	4350
4350	5946
4350	1503
1503	1504
1504	4365
4365	5947
4365	4363
4363	5948
4363	5949
5949	1690
1690	4353
5949	1693
5949	4363
1518	5950
5950	4366
4366	1506
5950	4364
5950	5951
5951	1694
5951	1696
5951	1519
1519	1699
5951	1518
5951	5950
1516	1509
1708	1705
1705	4100
1705	1702
1702	1700
1700	1521
1528	1711
1711	1709
1709	1524
1528	1714
1717	1715
1715	1530
1540	1718
1718	1533
1712	1542
1712	1716
1712	1713
1635	4399
4399	5952
5952	4266
5952	1545
1545	1546
5952	5953
5953	1710
5953	1707
5953	1720
1720	1706
5953	4397
5953	5952
5952	4399
1600	1556
5954	5956
5956	5957
5956	5958
5958	4194
4194	4192
4192	5955
4192	1588
1588	1586
1586	5954
1586	1556
1556	1600
1600	1597
1597	5956
1597	4196
4196	5958
4196	1594
1594	4194
1594	1591
1559	4200
5961	5962
5964	5965
5960	5965
5965	5966
5961	5966
5967	5968
5963	5968
5968	5969
5964	5969
5969	5970
5965	5970
5971	5972
5967	5972
5972	5973
5968	5973
5973	5974
5969	5974
5971	5975
5975	5976
5972	5976
5976	5977
5973	5977
5975	5979
5979	5980
5976	5980
5978	5981
5978	5979
5981	4212
4212	5980
4212	4210
4210	1606
1606	5977
1606	4208
4208	5974
4208	1603
1603	5970
1603	4206
4206	5966
4206	4204
4204	5962
4204	4202
4202	5959
4202	4200
4200	4139
4139	4141
4141	4143
4143	5961
4143	5960
4143	4145
4145	4147
4147	5964
4147	5963
4147	4149
4149	5967
4149	4151
4151	5971
4151	4153
4153	5978
5978	5975
4153	4155
4155	4157
4157	5981
4157	4159
4159	4216
4216	4214
4214	4212
4159	1560
1560	1609
4200	1559
1566	4224
4224	5982
5982	4220
4220	4165
4220	1612
1612	1610
1610	1563
1610	1562
5982	1615
5982	4222
4222	1618
5982	4224
5983	5985
5985	5986
5988	5989
5985	5989
5989	5990
5986	5990
5990	5991
5988	5992
5992	5993
5989	5993
5990	5993
5993	1568
1568	1569
1569	4253
4253	5987
4253	1633
1633	5984
5984	5986
1633	1589
1589	5983
1589	4193
4193	4195
4195	5985
4195	1590
1590	5988
1590	1619
1619	5992
1619	4223
4223	5993
4223	4225
4225	1568
1575	4255
4255	1571
1575	1634
1578	1632
1581	1587
1587	1632
1632	4185
1632	1578
1581	1584
5994	5996
5996	5997
5996	5998
5998	1616
1616	1617
1617	1592
1592	5995
1592	1593
1593	5994
1593	1630
1630	1627
1627	5996
1627	1624
1624	5998
1624	1621
1621	1616
1631	4197
4197	1596
1631	1595
5999	6001
6001	4231
4231	1598
1598	4201
4201	5999
4201	4203
4203	4205
4205	4236
4236	4234
4234	6001
4234	4232
4232	1629
1629	4231
4232	1628
4205	4238
4205	4207
4207	1602
1598	1599
6006	6007
6002	6007
6007	6008
6003	6008
6008	6009
6010	6011
6005	6011
6011	6012
6006	6012
6012	6013
6007	6013
6008	6013
6013	6014
6010	6015
6011	6015
6015	6016
6012	6016
6013	6016
6016	6017
6015	6018
6016	6018
6018	4242
4242	4240
4240	1625
1625	6014
1625	1626
1626	6009
1626	4233
4233	6004
4233	4235
4235	4237
4237	6003
4237	4239
4239	6002
4239	1604
1604	6005
6005	6006
1604	4209
4209	1605
1605	6010
1605	4246
4246	6015
4246	4244
4244	6018
4244	4242
6021	6022
6019	6022
6022	4215
4215	4217
4217	1608
1608	1611
1611	6019
1611	4248
4248	6021
4248	1622
1622	4241
4241	4243
4243	6022
4243	4245
4245	4213
4213	4215
4245	4247
4247	4211
4247	1607
1622	1623
1620	4221
1620	4249
4249	1613
1723	6023
6023	1637
1637	1638
6023	4400
6023	6024
6024	4398
6024	1721
6024	4401
6024	6023
6023	1723
1732	4414
4414	6025
6025	1640
6025	6026
6026	4406
6026	6027
6027	1724
6027	1726
6027	1729
6027	4408
6027	4410
6027	6026
6026	4412
6026	6025
6025	4414
6028	6031
6031	6032
6029	6032
6033	6034
6031	6034
6033	6035
6035	4445
4445	4443
4443	6032
4443	6030
4443	4441
4441	4435
4435	4433
4433	6029
4433	6028
4433	4431
4431	4423
4423	1733
1733	6031
1733	6033
1733	1643
1643	6035
1643	1644
1644	4445
4431	1735
4441	4439
4439	4437
4439	1738
1647	4446
6039	6040
6036	6040
6040	6041
6044	6045
6038	6045
6045	6046
6039	6046
6046	6047
6040	6047
6043	6048
6044	6048
6048	6049
6045	6049
6049	6050
6046	6050
6050	1653
1653	4299
4299	6042
6042	6041
6042	6037
6042	1741
1741	1739
1739	6036
1739	4440
4440	4442
4442	6038
6038	6039
4442	4444
4444	6043
6043	6044
4444	4446
4446	1647
1647	1652
1652	6048
1652	4294
4294	6049
4294	6050
4294	1653
6042	1744
6042	1656
6042	4299
1649	6052
6052	4289
6052	4286
6052	6051
6051	4283
6051	4280
6051	1649
6051	6052
1662	1665
1665	1745
1745	1658
1742	1743
1743	1667
1667	1668
6054	6055
6055	6056
6056	6057
6057	6058
6058	6059
6059	6054
6054	6061
6061	6062
6056	6063
6063	6064
6057	6064
6064	6065
6065	6066
6058	6066
6066	6067
6067	6068
6059	6068
6068	6060
6060	6061
6064	6069
6069	6070
6070	6071
6065	6071
6071	6072
6066	6072
6072	1677
1677	6068
1677	1750
1750	6060
1750	1747
1747	6061
1747	1736
1736	6062
1736	4432
4432	4434
4434	6056
6056	6055
4434	4436
4436	6063
4436	4438
4438	1737
1737	6064
1737	6069
1737	1740
1740	6070
1740	4454
4454	6071
4454	1670
1670	1671
1671	6072
1671	1674
1674	1677
1751	1679
1753	4475
4475	1682
4475	4473
4473	1749
4473	1748
6074	6075
6075	4479
4479	1759
1759	1686
1686	4356
4356	6074
4356	1689
1689	4483
4483	6075
4483	4481
4481	1762
1762	4479
4481	1765
1759	1756
1756	1685
1756	1754
6079	6080
6076	6080
6078	6082
6082	6083
6079	6083
6080	6083
6082	6085
6083	6085
6083	6084
6085	1774
1774	4489
4489	4487
4487	6081
4487	1768
1768	6080
1768	1766
1766	6077
1766	4482
4482	6076
4482	4484
4484	1691
1691	1692
1692	6078
6078	6079
1692	1695
1695	6082
1695	4494
4494	6085
4494	1774
1774	1771
1701	4496
4496	1697
1701	1775
1719	6086
6086	1703
6086	1773
6086	1772
6086	4498
6086	4402
4402	4500
4402	1722
1722	1725
6086	1719
6087	6090
6088	6090
6090	4501
4501	1727
1727	1728
1728	1783
1783	1780
1780	6088
1780	4502
4502	6087
4502	1777
1777	4488
4488	4490
4490	6090
4490	1770
1770	4499
4499	4501
1777	1769
6092	6093
6093	6094
6100	6101
6098	6101
6100	6102
6102	4411
4411	4413
4413	6099
4413	4415
4415	2188
2188	6098
2188	6097
6097	4510
4510	6100
4510	4508
4508	6102
4508	4506
4506	4409
4409	4411
4506	1730
4506	1784
6097	4512
6097	1786
6097	5146
5146	4514
5146	5144
5144	1789
5144	6092
6092	4516
6092	6091
6091	4518
6091	6094
6094	6096
6096	4520
6096	1755
6096	4476
4476	1752
6096	4474
6096	6094
6094	1746
6094	6093
6093	6095
6095	1734
6095	5140
5140	4427
5140	5138
5138	1731
5138	4415
5138	2188
6095	5142
6095	6093
6093	6092
6092	5144
6097	2188
6104	6105
6105	4526
4526	4524
4524	4519
4519	6104
4519	4521
4521	1757
1757	1758
1758	6105
1758	4530
4530	4526
4530	4528
4530	1795
1795	1792
4524	4517
4524	4522
4522	1790
1796	4480
1796	4531
4531	1760
6107	6109
6109	6108
6109	6110
6109	1767
1767	1776
1776	6111
6111	6108
6111	1798
1798	6106
1798	1793
1793	1794
1794	6107
1794	1763
1763	6109
1763	1764
1764	1767
6111	1801
6111	1776
1802	4503
4503	1779
1802	1778
6112	6115
6115	6116
6113	6116
6116	4509
4509	4511
4511	4540
4540	6113
4540	4538
4538	6112
4538	4536
4536	1800
1800	4535
4535	6115
4535	1781
1781	6116
1781	1782
1782	4507
4507	4509
4536	1799
4511	4542
4511	4513
4513	1785
6117	6121
6121	6122
6122	6123
6118	6123
6120	6121
6120	6125
6125	6126
6121	6126
6126	6127
6122	6127
6127	6128
6124	6125
6124	6129
6129	6130
6125	6130
6130	6131
6126	6131
6131	6128
6131	4543
4543	1787
1787	4515
4515	6123
4515	6119
4515	1788
1788	4523
4523	6118
4523	4525
4525	6117
4525	4527
4527	6120
4527	4529
4529	1791
1791	6124
1791	1797
1797	6129
1797	4537
4537	6130
4537	4539
4539	6131
4539	4541
4541	4543
1832	4606
4606	1829
1832	1828
1971	1968
1968	1846
1968	1965
1965	1962
1962	1959
1959	1941
1959	1956
1956	1953
1953	1938
1982	1976
1976	1972
1972	1851
1982	1979
1858	1988
1988	6132
6132	4656
4656	1855
6132	4654
6132	1985
1985	4652
1985	1983
1983	1854
6132	1988
1858	1861
1870	1997
1997	6133
6133	1864
6133	1989
1989	1863
6133	1991
6133	1994
6133	1997
2012	2006
2006	4794
4794	6134
6134	1872
1872	1873
6134	1998
6134	4792
4792	2000
4792	2003
6134	4794
2012	2009
1881	6137
6137	6136
6136	1875
6136	4797
6136	2013
6136	4798
6136	6135
6135	2015
6135	4800
6135	6138
6138	4802
6138	1881
1881	2024
2024	2021
2021	2018
6138	6137
6138	6135
6135	6136
2036	2027
2027	2025
2025	1883
1883	1884
2036	2030
2036	2033
1890	6139
6139	1886
6139	4827
6139	6140
6140	2037
6140	4829
6140	6141
6141	4832
6141	4698
4698	1893
6141	4696
6141	6140
6140	6139
6139	1890
6145	6146
6142	6146
6146	6147
6149	6150
6145	6150
6150	6151
6146	6151
6147	6151
6151	6148
6149	6154
6154	6155
6150	6155
6151	6155
6151	6152
6152	6156
6155	6156
6155	1895
1895	1896
1896	6153
1896	2054
2054	4854
4854	6148
6148	6152
4854	2051
2051	6144
2051	2048
2048	6147
2048	6143
2048	4850
4850	6142
4850	2045
2045	2042
2042	6145
2042	2039
2039	2035
2035	6149
2035	4831
4831	6154
4831	4834
4834	1895
1895	6155
2039	2034
1902	6157
6157	4858
4858	4708
4858	2055
2055	1899
2055	1898
6157	2057
6157	1908
1908	2060
6157	1902
1922	2063
2063	2061
2061	1911
2061	1910
1922	2066
1922	1923
1920	5089
5089	4732
4732	1914
5089	1913
2069	1925
2069	2067
2084	4887
4887	2070
2070	1931
2070	1928
2084	2072
2084	2081
2081	2078
2078	2075
1952	4899
4899	4898
4898	1933
4899	2085
6158	6160
6160	6161
6161	4913
4913	4911
4911	6158
4911	4905
4905	4903
4903	4901
4901	2083
2083	6160
2083	4900
4900	6161
4900	1954
1954	4915
4915	4913
1954	1955
4901	2082
4911	4909
4909	4907
4909	2087
6164	6165
6165	6166
6162	6166
6166	6167
6164	6168
6168	6169
6165	6169
6169	6170
6166	6170
6170	6171
6172	6173
6168	6173
6173	6174
6169	6174
6174	6175
6170	6175
6173	6176
6176	6175
6176	1958
1958	4925
4925	6171
4925	4923
4923	6167
4923	4921
4921	4919
4919	6163
4919	2090
2090	6162
2090	4917
4917	6164
4917	2088
2088	4910
4910	6168
4910	4912
4912	6172
4912	4914
4914	4916
4916	6173
4916	6176
4916	1957
1957	1958
6179	6180
6177	6180
6180	2096
2096	2093
2093	4933
4933	4931
4931	6177
4931	4922
4922	4924
4924	6179
4924	4926
4926	1961
1961	4935
4935	6180
4935	2096
4926	1960
4931	4929
4929	4920
4929	4927
4927	2091
2097	4936
4936	1964
4936	1963
2108	6181
6181	1966
1966	1967
6181	4938
6181	2095
6181	2105
2105	2094
2105	2099
2105	2102
6181	2108
1975	1969
1975	4946
1975	2111
2111	2109
1975	2180
2180	2002
2180	2001
2180	2177
1986	1977
1986	1990
1990	2181
1986	1987
1984	1980
2178	1992
2178	2179
1999	1995
1999	2176
2117	2114
2114	2103
2103	6182
6182	4955
6182	2104
2104	4949
4949	4957
4949	6183
6183	4959
6183	4795
4795	2005
6183	4793
6183	2112
2112	2004
6183	4949
6182	2103
6186	6187
6184	6187
6187	6188
6186	6189
6189	6190
6187	6190
6190	4974
4974	4972
4972	4970
4970	6185
4970	4964
4964	2120
2120	6184
2120	2118
2118	6186
2118	4954
4954	4956
4956	6189
4956	4958
4958	6191
6191	6190
6191	4976
4976	4974
6191	4960
4960	2007
2007	2008
6191	4958
4970	2123
4970	2126
2014	6194
6194	6193
6193	4977
4977	2011
4977	2010
6193	4975
6193	4973
6193	6194
6194	6192
6192	4971
6192	2127
6192	4980
4980	2129
6192	6194
6194	2014
6196	6197
6196	6198
6198	4987
4987	2135
2135	6195
2135	2132
2132	2130
2130	4981
4981	6196
4981	2016
2016	4801
4801	6198
4801	4803
4803	2017
2017	4987
2028	2019
2028	6200
6200	4989
6200	6199
6199	2136
6199	4991
6199	2041
6199	6200
6200	2040
6200	2029
6200	2028
2026	2022
2038	2031
2144	4992
4992	2043
2144	6201
6201	4993
4993	2134
4993	2138
2138	2133
6201	4995
6201	4997
4997	2141
6201	2144
2147	4851
2147	2145
2145	2046
6206	6203
6203	6204
6203	6208
6208	6209
6204	6209
6209	6210
6206	6211
6211	6207
6207	6208
6207	6213
6213	6214
6208	6214
6214	6215
6209	6215
6212	6213
6212	5068
5068	2058
2058	6214
2058	6215
2058	2059
2059	6210
2059	2062
2062	2153
2153	6205
2153	5011
5011	6204
5011	6202
5011	5008
5008	2150
2150	6206
2150	2148
2148	2049
2049	6211
2049	2050
2050	6212
6212	6207
2050	5068
2056	5069
5069	4855
4855	2053
5069	2052
2068	4889
4889	2064
4889	2154
4889	2071
2159	5013
5013	2073
5013	2152
2159	5010
2159	2156
2156	2151
6218	6219
6216	6219
6219	2168
2168	5032
5032	5052
5052	6216
5052	5050
5050	6218
5050	5048
5048	6220
6220	2113
2113	2171
2171	6219
2171	2168
6220	2101
6220	2100
6220	5046
6220	5048
5032	5054
5032	5056
5032	5030
5030	5058
5030	5060
5030	6221
6221	5062
6221	6222
6222	5064
6222	6224
6224	5066
6224	2160
2160	2076
2076	2077
6224	5026
6224	6222
6222	6223
6223	2162
6223	6221
6221	2165
6221	5030
6223	6222
6228	6229
6229	6230
6225	6230
6233	6234
6233	6238
6237	6238
6237	5067
5067	4902
4902	4904
4904	4906
4906	6234
4906	6235
6235	5152
5152	6231
5152	5150
5150	5059
5059	5061
5061	6233
5061	5063
5063	6237
5063	5065
5065	5067
5150	5057
5150	5148
5148	5055
5148	6226
6226	5053
6226	6230
6230	5051
6230	5049
6230	6232
6232	6236
6236	5047
6236	4934
4934	2098
4934	2092
6236	4932
6236	6232
6232	4930
6232	6228
6228	4928
6228	6227
6227	2089
6227	5156
5156	4918
5156	5154
5154	2086
5154	6235
6235	4908
6235	4906
5154	5152
6227	2190
6227	6228
6228	6225
6225	5148
6225	6226
6232	6229
6232	6230
5067	2079
2079	2080
2110	4950
4950	2106
2119	2172
2172	2115
2174	2169
2169	4966
4966	2122
2169	2170
2170	2121
2128	6240
6240	5039
5039	2124
6240	2137
2137	6239
6239	2175
6239	2164
6239	5042
5042	2163
6239	2137
6240	2131
6240	2128
2157	5028
5028	4996
5028	2161
2161	5043
5043	4994
5043	2139
2157	2158
2146	4998
2146	2149
2149	2142
2149	2155
2173	6242
6242	6241
6241	5033
6241	5031
6241	6242
6242	2166
6242	2173
2189	6243
6243	5145
6243	6244
6244	5143
6244	5141
6244	5139
6244	2189
6244	6243
6246	6247
6247	2191
2191	5149
5149	6246
5149	5151
5151	5153
5153	6247
5153	5155
5155	5157
5157	2191
2196	0
2197	2196
1	2196
3	1
5	4
6	5
8	7
9	8
13	14
12	10
16	15
17	16
2198	18
2199	2198
19	2198
20	19
22	21
23	22
25	24
26	25
28	27
2	28
26	28
2201	26
2201	2200
29	2201
31	30
32	31
34	33
2203	34
2203	2202
2205	2203
2205	2204
2207	2205
2207	2206
35	2207
2208	36
2210	2208
2209	2208
2211	2209
37	2209
38	37
40	39
2213	40
2213	2212
2215	2213
2215	2214
2217	2215
2217	2216
1	2217
2218	40
2221	2218
2219	2218
2222	2219
38	2219
2223	38
2221	2220
2225	2221
2222	2221
2226	2222
2223	2222
2227	2223
2225	2224
2229	2225
2226	2225
2230	2226
2227	2226
2231	2227
2229	2228
2232	2229
2230	2229
2233	2230
2231	2230
41	2231
43	42
2235	43
2235	2234
2237	2235
2237	2236
2239	2237
2239	2238
5	2239
2240	43
2242	2240
2241	2240
2243	2241
41	2241
44	41
46	45
2245	46
2245	2244
2247	2245
2247	2246
47	2247
49	48
50	49
52	51
2249	52
2249	2248
8	2249
50	52
53	50
2250	54
2253	2250
2251	2250
2254	2251
2252	2251
2255	2252
55	2252
11	55
2256	55
2259	2256
2257	2256
2260	2257
2258	2257
2261	2258
53	2258
56	53
58	57
2263	58
2263	2262
2265	2263
2265	2264
59	2265
2266	60
2267	2266
61	2266
62	61
64	63
2269	64
2269	2268
2271	2269
2271	2270
2273	2271
2273	2272
2275	2273
2275	2274
65	2275
67	66
68	67
2276	69
2278	2276
2277	2276
2279	2277
70	2277
71	70
2280	72
2283	2280
2281	2280
2284	2281
2282	2281
2285	2282
73	2282
16	73
71	73
19	71
2286	70
2288	2286
2287	2286
2289	2287
68	2287
74	68
2290	75
2291	2290
76	2290
77	76
2292	78
2294	2292
79	2292
2295	79
2294	2293
2296	2294
2295	2294
80	2295
82	81
2298	82
2298	2297
22	2298
2299	82
2301	2299
80	2299
2302	80
2301	2300
2303	2301
2302	2301
83	2302
2304	84
2305	2304
85	2304
86	85
88	87
89	88
2306	90
2307	2306
91	2306
34	91
89	91
2309	89
2309	2308
92	2309
2310	93
2313	2310
2311	2310
2314	2311
2312	2311
2315	2312
94	2312
95	94
2316	96
2318	2316
2317	2316
2319	2317
97	2317
98	97
2320	99
2322	2320
100	2320
2323	100
2322	2321
2324	2322
2323	2322
101	2323
2325	102
2326	2325
103	2325
37	103
2327	103
2328	2327
101	2327
104	101
106	105
2330	106
2330	2329
107	2330
2331	108
2332	2331
109	2331
110	109
112	111
2334	112
2334	2333
2336	2334
2336	2335
113	2336
2337	114
2338	2337
115	2337
46	115
2339	115
2341	2339
2340	2339
2342	2340
113	2340
116	113
2343	117
2345	2343
2344	2343
2346	2344
118	2344
119	118
121	120
2348	121
2348	2347
122	2348
2349	123
2350	2349
124	2349
49	124
122	124
125	122
127	126
128	127
2351	129
2354	2351
2352	2351
2355	2352
130	2352
2356	130
2354	2353
2357	2354
2355	2354
2358	2355
2356	2355
58	2356
2359	130
2362	2359
2360	2359
2363	2360
2361	2360
2364	2361
128	2361
131	128
133	132
134	133
136	135
137	136
139	138
2366	139
2366	2365
140	2366
142	141
61	142
140	142
143	140
145	144
146	145
2367	147
2368	2367
148	2367
149	148
151	150
152	151
154	153
155	154
157	156
64	157
155	157
2370	155
2370	2369
158	2370
160	159
161	160
163	162
2372	163
2372	2371
2374	2372
2374	2373
2376	2374
2376	2375
2378	2376
2378	2377
67	2378
2379	163
2380	2379
161	2379
164	161
166	165
2382	166
2382	2381
2384	2382
2384	2383
2386	2384
2386	2385
2388	2386
2388	2387
167	2388
2389	168
2392	2389
2390	2389
2393	2390
2391	2390
2394	2391
169	2391
170	169
2395	171
2398	2395
2396	2395
2399	2396
2397	2396
2400	2397
172	2397
173	172
175	174
76	175
2401	175
2404	2401
2402	2401
2405	2402
2403	2402
2406	2403
173	2403
79	173
2407	172
2408	2407
170	2407
176	170
178	177
2410	178
2410	2409
2412	2410
2412	2411
2414	2412
2414	2413
2416	2414
2416	2415
179	2416
181	180
85	181
179	181
2418	179
2418	2417
2420	2418
2420	2419
2422	2420
2422	2421
182	2422
184	183
2424	184
2424	2423
2426	2424
2426	2425
185	2426
2427	186
2428	2427
187	2427
188	187
2429	189
2432	2429
2430	2429
2433	2430
2431	2430
2434	2431
190	2431
191	190
193	192
194	193
2435	195
2436	2435
196	2435
88	196
2437	196
2438	2437
194	2437
197	194
2439	198
2441	2439
2440	2439
2442	2440
199	2440
94	199
2443	199
2445	2443
2444	2443
2446	2444
197	2444
193	197
2447	190
2448	2447
188	2447
200	188
202	201
2450	202
2450	2449
203	2450
2451	204
2452	2451
205	2451
206	205
208	207
209	208
2453	210
2454	2453
211	2453
212	211
2455	213
2456	2455
214	2455
215	214
2457	216
2459	2457
217	2457
2460	217
2459	2458
2462	2459
2460	2459
2463	2460
2462	2461
2464	2462
2463	2462
97	2463
215	217
2466	215
2466	2465
218	2466
220	219
2468	220
2468	2467
2470	2468
2470	2469
100	2470
218	220
221	218
2471	222
2473	2471
223	2471
2474	223
2473	2472
2475	2473
2474	2473
106	2474
2476	223
2477	2476
221	2476
224	221
226	225
227	226
2478	228
2479	2478
229	2478
230	229
232	231
233	232
235	234
2481	235
2481	2480
236	2481
238	237
109	238
236	238
239	236
241	240
242	241
2482	243
2483	2482
244	2482
245	244
247	246
248	247
250	249
251	250
253	252
112	253
251	253
2485	251
2485	2484
254	2485
256	255
257	256
2486	258
2487	2486
259	2486
260	259
262	261
263	262
265	264
2489	265
2489	2488
2491	2489
2491	2490
118	2491
263	265
266	263
268	267
2493	268
2493	2492
269	2493
271	270
272	271
2494	273
2496	2494
2495	2494
2497	2495
274	2495
121	274
2498	274
2501	2498
2499	2498
2502	2499
2500	2499
2503	2500
272	2500
275	272
2504	276
2506	2504
2505	2504
2507	2505
277	2505
278	277
2508	279
2510	2508
280	2508
2511	280
2510	2509
2512	2510
2511	2510
281	2511
283	282
127	283
281	283
284	281
2513	285
2515	2513
2514	2513
2516	2514
286	2514
133	286
2517	286
2519	2517
2518	2517
2520	2518
284	2518
287	284
289	288
290	289
2521	291
2522	2521
292	2521
136	292
290	292
293	290
295	294
296	295
298	297
2524	298
2524	2523
2526	2524
2526	2525
299	2526
301	300
2528	301
2528	2527
2530	2528
2530	2529
2532	2530
2532	2531
148	2532
2533	301
2534	2533
299	2533
302	299
2535	303
2537	2535
304	2535
2538	304
2537	2536
2540	2537
2538	2537
2541	2538
2540	2539
2542	2540
2541	2540
305	2541
2543	306
2544	2543
307	2543
308	307
2545	309
2547	2545
2546	2545
2548	2546
310	2546
311	310
313	312
2550	313
2550	2549
2552	2550
2552	2551
151	2552
2553	313
2555	2553
311	2553
2556	311
2555	2554
2557	2555
2556	2555
314	2556
2558	315
2559	2558
316	2558
317	316
319	318
166	319
2560	319
2562	2560
317	2560
2563	317
2562	2561
2564	2562
2563	2562
320	2563
2565	321
2566	2565
322	2565
323	322
2567	324
2568	2567
325	2567
326	325
2569	327
2570	2569
328	2569
329	328
2571	330
2575	2571
2572	2571
2576	2572
2573	2572
2577	2573
2574	2573
2578	2574
331	2574
332	331
2579	333
2581	2579
2580	2579
2582	2580
334	2580
169	334
2583	334
2584	2583
332	2583
335	332
2585	336
2586	2585
337	2585
178	337
2587	337
2590	2587
2588	2587
2591	2588
335	2588
2592	335
2590	2589
2594	2590
2591	2590
2595	2591
2592	2591
2596	2592
2594	2593
2597	2594
2595	2594
2598	2595
2596	2595
338	2596
340	339
184	340
2599	340
2601	2599
2600	2599
2602	2600
338	2600
341	338
2603	342
2604	2603
343	2603
344	343
2605	345
2606	2605
346	2605
347	346
349	348
350	349
2607	351
2608	2607
352	2607
187	352
2609	352
2610	2609
350	2609
353	350
355	354
356	355
358	357
202	358
2611	358
2612	2611
356	2611
359	356
361	360
2614	361
2614	2613
205	2614
2615	361
2616	2615
359	2615
362	359
2617	363
2618	2617
364	2617
365	364
2619	366
2620	2619
367	2619
368	367
2621	369
2623	2621
2622	2621
2624	2622
370	2622
371	370
2625	372
2627	2625
2626	2625
2628	2626
373	2626
374	373
378	379
377	375
2629	380
2631	2629
2630	2629
2632	2630
381	2630
382	381
2633	383
2635	2633
2634	2633
2636	2634
384	2634
385	384
2637	386
2639	2637
387	2637
2640	387
2639	2638
2641	2639
2640	2639
388	2640
390	389
208	390
2642	390
2643	2642
388	2642
391	388
2644	392
2645	2644
393	2644
211	393
391	393
394	391
2646	395
2647	2646
396	2646
397	396
399	398
2649	399
2649	2648
214	2649
2650	399
2651	2650
397	2650
400	397
402	401
2653	402
2653	2652
403	2653
2654	404
2655	2654
405	2654
226	405
2656	405
2657	2656
403	2656
406	403
2658	407
2660	2658
2659	2658
2661	2659
408	2659
409	408
411	410
2663	411
2663	2662
2665	2663
2665	2664
229	2665
2666	411
2668	2666
2667	2666
2669	2667
409	2667
412	409
2670	413
2672	2670
414	2670
2673	414
2672	2671
2675	2672
2673	2672
2676	2673
2675	2674
2677	2675
2676	2675
415	2676
2678	416
2680	2678
2679	2678
2681	2679
417	2679
418	417
2682	419
2685	2682
2683	2682
2686	2683
2684	2683
2687	2684
420	2684
421	420
2688	422
2691	2688
2689	2688
2692	2689
2690	2689
2693	2690
423	2690
424	423
426	425
2695	426
2695	2694
2697	2695
2697	2696
262	2697
2698	426
2700	2698
2699	2698
2701	2699
424	2699
427	424
2702	428
2704	2702
2703	2702
2705	2703
429	2703
430	429
2706	431
2707	2706
432	2706
268	432
2708	432
2709	2708
430	2708
433	430
435	434
2711	435
2711	2710
2713	2711
2713	2712
271	2713
433	435
2715	433
2715	2714
2717	2715
2717	2716
2719	2717
2719	2718
2721	2719
2721	2720
2723	2721
2723	2722
436	2723
2724	437
2726	2724
2725	2724
2727	2725
438	2725
439	438
441	440
2729	441
2729	2728
2731	2729
2731	2730
442	2731
2732	443
2734	2732
2733	2732
2735	2733
444	2733
445	444
2736	446
2738	2736
2737	2736
2739	2737
447	2737
277	447
445	447
2741	445
2741	2740
448	2741
2742	449
2744	2742
2743	2742
2745	2743
450	2743
441	450
2746	450
2749	2746
2747	2746
2750	2747
448	2747
2751	448
2749	2748
2752	2749
2750	2749
2753	2750
2751	2750
444	2751
2754	438
2757	2754
2755	2754
2758	2755
2756	2755
2759	2756
436	2756
370	436
2760	429
2761	2760
427	2760
451	427
453	452
2763	453
2763	2762
2765	2763
2765	2764
454	2765
2766	455
2768	2766
2767	2766
2769	2767
456	2767
457	456
2770	458
2772	2770
2771	2770
2773	2771
459	2771
460	459
2774	461
2776	2774
2775	2774
2777	2775
462	2775
463	462
465	464
373	465
2778	465
2780	2778
2779	2778
2781	2779
463	2779
376	463
460	462
466	460
2782	467
2784	2782
2783	2782
2785	2783
468	2783
469	468
471	470
2787	471
2787	2786
2789	2787
2789	2788
2791	2789
2791	2790
472	2791
2792	473
2793	2792
474	2792
475	474
2794	476
2796	2794
2795	2794
2797	2795
477	2795
478	477
2798	479
2800	2798
2799	2798
2801	2799
480	2799
381	480
478	480
384	478
2802	477
2803	2802
475	2802
481	475
483	482
484	483
2804	485
2805	2804
486	2804
387	486
2806	486
2807	2806
484	2806
396	484
2808	483
2809	2808
481	2808
487	481
489	488
490	489
2810	491
2811	2810
492	2810
493	492
2812	494
2813	2812
495	2812
402	495
2814	495
2817	2814
2815	2814
2818	2815
2816	2815
2819	2816
493	2816
408	493
490	492
496	490
2820	497
2821	2820
498	2820
499	498
2822	500
2825	2822
2823	2822
2826	2823
2824	2823
2827	2824
501	2824
502	501
2828	503
2831	2828
2829	2828
2832	2829
2830	2829
2833	2830
504	2830
505	504
2834	506
2837	2834
2835	2834
2838	2835
2836	2835
2839	2836
507	2836
508	507
2840	509
2843	2840
2841	2840
2844	2841
2842	2841
2845	2842
510	2842
511	510
2846	512
2849	2846
2847	2846
2850	2847
2848	2847
2851	2848
513	2848
514	513
2852	515
2855	2852
2853	2852
2856	2853
2854	2853
2857	2854
516	2854
517	516
2858	518
2859	2858
519	2858
520	519
522	521
420	522
520	522
423	520
524	525
523	519
2860	526
2863	2860
2861	2860
2864	2861
2862	2861
2865	2862
527	2862
528	527
532	533
531	529
2866	534
2868	2866
2867	2866
2869	2867
535	2867
536	535
2870	537
2871	2870
538	2870
539	538
2872	540
2875	2872
2873	2872
2876	2873
2874	2873
2877	2874
541	2874
542	541
2878	543
2880	2878
2879	2878
2881	2879
544	2879
545	544
2882	546
2884	2882
2883	2882
2885	2883
547	2883
548	547
2886	549
2888	2886
550	2886
2889	550
2888	2887
2890	2888
2889	2888
453	2889
2891	550
2893	2891
2892	2891
2894	2892
548	2892
456	548
545	547
551	545
2895	552
2896	2895
553	2895
554	553
2897	555
2898	2897
556	2897
557	556
559	558
459	559
2899	559
2900	2899
557	2899
560	557
2901	561
2902	2901
562	2901
468	562
560	562
2904	560
2904	2903
2906	2904
2906	2905
563	2906
2907	564
2908	2907
565	2907
566	565
568	567
2910	568
2910	2909
2912	2910
2912	2911
569	2912
2913	570
2915	2913
571	2913
2916	571
2915	2914
2917	2915
2916	2915
572	2916
2918	573
2920	2918
2919	2918
2921	2919
574	2919
471	574
2922	574
2923	2922
572	2922
575	572
577	576
578	577
2924	579
2925	2924
580	2924
581	580
2926	582
2927	2926
583	2926
584	583
2928	585
2929	2928
586	2928
587	586
2930	588
2931	2930
589	2930
474	589
587	589
590	587
2932	591
2933	2932
592	2932
593	592
595	594
596	595
501	598
2935	501
600	2935
2936	597
2937	2936
599	2936
2938	598
2940	2938
2939	2938
2941	2939
596	2939
601	596
2942	602
2945	2942
2943	2942
2946	2943
603	2943
2947	603
2945	2944
2948	2945
2946	2945
2949	2946
2947	2946
604	2947
606	605
607	606
609	608
610	609
614	615
613	611
617	616
2951	617
2951	2950
2953	2951
2953	2952
618	2953
2954	619
2955	2954
620	2954
621	620
623	622
504	623
621	623
507	621
618	620
624	618
626	625
627	626
629	628
630	629
2956	631
2957	2956
632	2956
633	632
635	634
636	635
638	637
510	638
636	638
513	636
633	635
2959	633
2959	2958
2961	2959
2961	2960
639	2961
2962	640
2964	2962
2963	2962
2965	2963
641	2963
642	641
2966	643
2968	2966
2967	2966
2969	2967
644	2967
516	644
2970	644
2971	2970
642	2970
645	642
647	646
648	647
2972	649
2976	2972
2973	2972
2977	2973
2974	2973
2978	2974
2975	2974
2979	2975
650	2975
651	650
2980	652
2983	2980
2981	2980
2984	2981
2982	2981
2985	2982
653	2982
654	653
2986	655
2987	2986
656	2986
657	656
659	658
527	659
657	659
2989	657
2989	2988
530	2989
2990	656
2992	2990
2991	2990
2993	2991
654	2991
660	654
2994	661
2996	2994
662	2994
2997	662
2996	2995
2999	2996
2997	2996
3000	2997
2999	2998
3001	2999
3000	2999
663	3000
3002	664
3003	3002
665	3002
666	665
3004	667
3007	3004
3005	3004
3008	3005
3006	3005
3009	3006
668	3006
669	668
3010	670
3013	3010
3011	3010
3014	3011
3012	3011
3015	3012
671	3012
672	671
3016	673
3018	3016
3017	3016
3019	3017
674	3017
675	674
3020	676
3021	3020
677	3020
535	677
3022	677
3024	3022
3023	3022
3025	3023
675	3023
678	675
3026	679
3027	3026
680	3026
538	680
3028	680
3029	3028
678	3028
541	678
672	674
3031	672
3031	3030
3033	3031
3033	3032
3035	3033
3035	3034
681	3035
683	682
556	683
3036	683
3037	3036
681	3036
684	681
686	685
687	686
689	688
3039	689
3039	3038
690	3039
692	691
565	692
690	692
693	690
695	694
696	695
3040	697
3041	3040
698	3040
699	698
701	700
702	701
704	703
705	704
707	706
568	707
705	707
708	705
3042	709
3044	3042
3043	3042
3045	3043
710	3043
711	710
3046	712
3048	3046
3047	3046
3049	3047
713	3047
714	713
3050	715
3053	3050
3051	3050
3054	3051
3052	3051
3055	3052
716	3052
717	716
719	718
720	719
3056	721
3057	3056
722	3056
571	722
720	722
3059	720
3059	3058
577	3059
3060	719
3063	3060
3061	3060
3064	3061
3062	3061
3065	3062
717	3062
723	717
725	724
726	725
728	727
580	728
726	728
729	726
3066	730
3068	3066
3067	3066
3069	3067
731	3067
732	731
3070	733
3073	3070
3071	3070
3074	3071
3072	3071
3075	3072
734	3072
735	734
3076	736
3078	3076
3077	3076
3079	3077
737	3077
738	737
740	739
583	740
3080	740
3082	3080
3081	3080
3083	3081
738	3081
606	738
735	737
3085	735
3085	3084
741	3085
3086	742
3088	3086
3087	3086
3089	3087
743	3087
744	743
748	749
747	745
753	754
752	750
3090	755
3094	3090
3091	3090
3095	3091
3092	3091
3096	3092
3093	3092
3097	3093
756	3093
757	756
761	762
3098	758
3099	3098
760	3098
766	767
3100	763
3101	3100
765	3100
769	768
609	769
771	612
770	769
3102	764
3103	3102
762	3102
772	762
774	773
775	774
777	776
3105	777
3105	3104
3107	3105
3107	3106
3109	3107
3109	3108
3111	3109
3111	3110
3113	3111
3113	3112
778	3113
3114	779
3115	3114
780	3114
781	780
784	783
3117	784
765	3117
766	782
770	617
771	785
784	786
3119	784
3119	3118
787	3119
789	788
790	789
792	791
3121	792
3121	3120
626	3121
790	792
3123	790
3123	3122
629	3123
3124	789
3125	3124
787	3124
793	787
795	794
796	795
798	797
3127	798
3127	3126
3129	3127
3129	3128
799	3129
801	800
3131	801
3131	3130
3133	3131
3133	3132
632	3133
3134	801
3135	3134
799	3134
802	799
3136	803
3138	3136
804	3136
3139	804
3138	3137
3140	3138
3139	3138
805	3139
3141	806
3143	3141
3142	3141
3144	3142
807	3142
641	807
3145	807
3146	3145
805	3145
808	805
3147	809
3148	3147
810	3147
811	810
3149	812
3150	3149
813	3149
814	813
3151	815
3153	3151
3152	3151
3154	3152
816	3152
817	816
3155	818
3158	3155
3156	3155
3159	3156
3157	3156
3160	3157
819	3157
820	819
3161	821
3163	3161
3162	3161
3164	3162
822	3162
823	822
825	824
647	825
3165	825
3168	3165
3166	3165
3169	3166
3167	3166
3170	3167
823	3167
650	823
820	822
3172	820
3172	3171
3174	3172
3174	3173
826	3174
828	827
829	828
3175	830
3176	3175
831	3175
653	831
3177	831
3178	3177
829	3177
832	829
834	833
662	834
3179	834
3182	3179
3180	3179
3183	3180
832	3180
3184	832
3182	3181
3185	3182
3183	3182
3186	3183
3184	3183
835	3184
3187	836
3189	3187
3188	3187
3190	3188
837	3188
838	837
3191	839
3192	3191
840	3191
841	840
3193	842
3194	3193
843	3193
844	843
3195	845
3196	3195
846	3195
847	846
849	848
3198	849
3198	3197
665	3198
3199	849
3200	3199
847	3199
850	847
3201	851
3202	3201
852	3201
853	852
857	668
856	854
3203	855
3207	3203
3204	3203
3208	3204
3205	3204
3209	3205
3206	3205
3210	3206
853	3206
858	853
3211	859
3213	3211
3212	3211
3214	3212
860	3212
861	860
3215	862
3217	3215
3216	3215
3218	3216
863	3216
864	863
866	865
3220	866
3220	3219
671	3220
3221	866
3223	3221
3222	3221
3224	3222
864	3222
867	864
869	868
870	869
872	871
3226	872
3226	3225
3228	3226
3228	3227
3230	3228
3230	3229
3232	3230
3232	3231
686	3232
870	872
3234	870
3234	3233
3236	3234
3236	3235
3238	3236
3238	3237
3240	3238
3240	3239
698	3240
3241	869
3243	3241
3242	3241
3244	3242
867	3242
873	867
3245	874
3247	3245
3246	3245
3248	3246
875	3246
876	875
3249	877
3252	3249
3250	3249
3253	3250
878	3250
3254	878
3252	3251
3256	3252
3253	3252
3257	3253
3254	3253
3258	3254
3256	3255
3259	3256
3257	3256
3260	3257
3258	3257
879	3258
881	880
701	881
3261	881
3263	3261
3262	3261
3264	3262
879	3262
882	879
884	883
704	884
3265	884
3267	3265
3266	3265
3268	3266
882	3266
885	882
3269	886
3271	3269
3270	3269
3272	3270
887	3270
888	887
3273	889
3275	3273
3274	3273
3276	3274
890	3274
710	890
888	890
891	888
3277	892
3278	3277
893	3277
894	893
896	895
897	896
899	898
900	899
902	901
903	902
3279	904
3280	3279
905	3279
906	905
908	907
713	908
906	908
716	906
903	905
3282	903
3282	3281
3284	3282
3284	3283
909	3284
3285	910
3287	3285
911	3285
3288	911
3287	3286
3289	3287
3288	3287
912	3288
3290	913
3291	3290
914	3290
915	914
3292	916
3294	3292
3293	3292
3295	3293
917	3293
918	917
3296	919
3297	3296
920	3296
921	920
3298	922
3301	3298
3299	3298
3302	3299
3300	3299
3303	3300
923	3300
725	923
3304	923
3305	3304
921	3304
924	921
3306	925
3308	3306
3307	3306
3309	3307
926	3307
731	926
924	926
920	924
915	917
927	915
3310	928
3311	3310
929	3310
930	929
932	931
933	932
3312	934
3314	3312
3313	3312
3315	3313
935	3313
734	935
3316	935
3318	3316
3317	3316
3319	3317
933	3317
743	933
3320	932
3321	3320
930	3320
936	930
3322	937
3323	3322
938	3322
939	938
3324	940
3327	3324
3325	3324
3328	3325
3326	3325
3329	3326
941	3326
746	941
3330	941
3332	3330
939	3330
3333	939
3332	3331
3335	3332
3333	3332
3336	3333
3335	3334
3337	3335
3336	3335
942	3336
3338	943
3339	3338
944	3338
945	944
947	946
948	947
950	949
951	950
953	952
3341	953
3341	3340
3343	3341
3343	3342
3345	3343
3345	3344
3347	3345
3347	3346
751	3347
951	953
3349	951
3349	3348
3351	3349
3351	3350
954	3351
3352	955
3354	3352
3353	3352
3355	3353
956	3353
957	956
3356	958
3359	3356
3357	3356
3360	3357
959	3357
3361	959
3359	3358
3362	3359
3360	3359
3363	3360
3361	3360
960	3361
3364	961
3365	3364
962	3364
756	962
3366	962
3367	3366
960	3366
759	960
957	959
963	957
965	964
3369	965
3369	3368
774	3369
963	965
966	963
3370	967
3371	3370
968	3370
969	968
971	970
972	971
974	973
3373	974
3373	3372
975	3373
977	976
3375	977
3375	3374
3377	3375
3377	3376
3379	3377
3379	3378
777	3379
975	977
978	975
3380	979
3381	3380
980	3380
981	980
3382	982
3384	3382
983	3382
3385	983
3384	3383
3387	3384
3385	3384
3388	3385
3387	3386
3390	3387
3388	3387
3391	3388
3390	3389
3393	3390
3391	3390
3394	3391
3393	3392
3396	3393
3394	3393
3397	3394
3396	3395
3398	3396
3397	3396
984	3397
3399	985
3400	3399
986	3399
987	986
989	988
990	989
992	991
3402	992
3402	3401
3404	3402
3404	3403
3406	3404
3406	3405
993	3406
995	994
780	995
993	995
3408	993
3408	3407
996	3408
998	997
999	998
3409	1000
3410	3409
1001	3409
1002	1001
3411	1003
3412	3411
1004	3411
1005	1004
783	1007
3414	783
760	3414
761	1006
3415	1007
3419	3415
3416	3415
3420	3416
3417	3416
3421	3417
3418	3417
3422	3418
1005	3418
1008	1005
1010	1009
795	1010
3423	1010
3426	3423
3424	3423
3427	3424
3425	3424
3428	3425
1008	3425
1011	1008
3429	1012
3433	3429
3430	3429
3434	3430
3431	3430
3435	3431
3432	3431
3436	3432
1013	3432
1014	1013
3437	1015
3441	3437
3438	3437
3442	3438
3439	3438
3443	3439
3440	3439
3444	3440
1016	3440
1017	1016
3445	1018
3446	3445
1019	3445
1020	1019
1022	1021
798	1022
1020	1022
3448	1020
3448	3447
3450	3448
3450	3449
1023	3450
1025	1024
3452	1025
3452	3451
1026	3452
3453	1027
3454	3453
1028	3453
1029	1028
1031	1030
804	1031
3455	1031
3456	3455
1029	3455
1032	1029
1034	1033
810	1034
3457	1034
3458	3457
1032	3457
813	1032
1026	1028
1035	1026
3459	1036
3461	3459
1037	3459
3462	1037
3461	3460
3463	3461
3462	3461
1038	3462
1040	1039
1041	1040
3464	1042
3467	3464
3465	3464
3468	3465
3466	3465
3469	3466
1043	3466
816	1043
3470	1043
3473	3470
3471	3470
3474	3471
3472	3471
3475	3472
1041	3472
1044	1041
3476	1045
3480	3476
3477	3476
3481	3477
3478	3477
3482	3478
3479	3478
3483	3479
1046	3479
1047	1046
3484	1048
3486	3484
3485	3484
3487	3485
1049	3485
1050	1049
3488	1051
3490	3488
3489	3488
3491	3489
1052	3489
1053	1052
3492	1054
3493	3492
1055	3492
1056	1055
1058	1057
1059	1058
1061	1060
3495	1061
3495	3494
3497	3495
3497	3496
3499	3497
3499	3498
3501	3499
3501	3500
3503	3501
3503	3502
3505	3503
3505	3504
819	3505
3506	1061
3507	3506
1059	3506
1062	1059
1064	1063
3509	1064
3509	3508
3511	3509
3511	3510
3513	3511
3513	3512
3515	3513
3515	3514
1065	3515
1067	1066
3517	1067
3517	3516
1068	3517
1070	1069
3519	1070
3519	3518
3521	3519
3521	3520
3523	3521
3523	3522
3525	3523
3525	3524
1071	3525
3526	1072
3527	3526
1073	3526
828	1073
1071	1073
1074	1071
1076	1075
3529	1076
3529	3528
1077	3529
1079	1078
1080	1079
1082	1081
3531	1082
3531	3530
3533	3531
3533	3532
837	3533
3534	1082
3535	3534
1080	3534
1083	1080
1085	1084
3537	1085
3537	3536
3539	3537
3539	3538
1086	3539
3540	1087
3541	3540
1088	3540
1089	1088
3542	1090
3544	3542
1091	3542
3545	1091
3544	3543
3546	3544
3545	3544
840	3545
1089	1091
3548	1089
3548	3547
843	3548
1086	1088
3550	1086
3550	3549
1092	3550
1094	1093
3552	1094
3552	3551
1095	3552
1097	1096
3554	1097
3554	3553
3556	3554
3556	3555
1098	3556
3557	1099
3558	3557
1100	3557
846	1100
1098	1100
1101	1098
1103	1102
1104	1103
3559	1105
3561	3559
1106	3559
3562	1106
3561	3560
3563	3561
3562	3561
1107	3562
3564	1108
3565	3564
1109	3564
852	1109
3566	1109
3567	3566
1107	3566
1110	1107
3568	1111
3570	3568
3569	3568
3571	3569
1112	3569
1113	1112
3572	1114
3573	3572
1115	3572
860	1115
1113	1115
863	1113
3574	1112
3577	3574
3575	3574
3578	3575
3576	3575
3579	3576
1110	3576
1116	1110
3580	1117
3582	3580
1118	3580
3583	1118
3582	3581
3585	3582
3583	3582
3586	3583
3585	3584
3587	3585
3586	3585
1119	3586
3588	1120
3591	3588
3589	3588
3592	3589
3590	3589
3593	3590
1121	3590
1122	1121
1124	1123
3595	1124
3595	3594
3597	3595
3597	3596
3599	3597
3599	3598
1125	3599
3600	1126
3601	3600
1127	3600
1128	1127
1130	1129
3603	1130
3603	3602
3605	3603
3605	3604
3607	3605
3607	3606
3609	3607
3609	3608
1131	3609
1133	1132
3611	1133
3611	3610
1134	3611
1136	1135
875	1136
1134	1136
878	1134
1131	1133
3613	1131
3613	3612
3615	3613
3615	3614
3617	3615
3617	3616
3619	3617
3619	3618
896	3619
1128	1130
1137	1128
1139	1138
3621	1139
3621	3620
899	3621
1137	1139
3623	1137
3623	3622
902	3623
1125	1127
1140	1125
1142	1141
1143	1142
1145	1144
3625	1145
3625	3624
1146	3625
3626	1147
3627	3626
1148	3626
911	1148
1146	1148
1149	1146
3628	1150
3630	3628
3629	3628
3631	3629
1151	3629
938	1151
3632	1151
3634	3632
3633	3632
3635	3633
1149	3633
1152	1149
3636	1153
3638	3636
3637	3636
3639	3637
1154	3637
1155	1154
1157	1156
1158	1157
3640	1159
3641	3640
1160	3640
1161	1160
1163	1162
944	1163
1161	1163
1164	1161
3642	1165
3643	3642
1166	3642
947	1166
3644	1166
3645	3644
1164	3644
1167	1164
1169	1168
1170	1169
3646	1171
3648	3646
3647	3646
3649	3647
1172	3647
1173	1172
3650	1174
3653	3650
3651	3650
3654	3651
3652	3651
3655	3652
1175	3652
1176	1175
1178	1177
3657	1178
3657	3656
950	3657
3658	1178
3661	3658
3659	3658
3662	3659
3660	3659
3663	3660
1176	3660
1179	1176
1181	1180
1182	1181
3664	1183
3665	3664
1184	3664
1185	1184
3666	1186
3667	3666
1187	3666
956	1187
1185	1187
1188	1185
1190	1189
3669	1190
3669	3668
968	3669
1188	1190
1191	1188
1193	1192
3671	1193
3671	3670
1194	3671
1196	1195
3673	1196
3673	3672
3675	3673
3675	3674
971	3675
3676	1196
3677	3676
1194	3676
1197	1194
1199	1198
3679	1199
3679	3678
3681	3679
3681	3680
3683	3681
3683	3682
1200	3683
1202	1201
1203	1202
1205	1204
3685	1205
3685	3684
974	3685
1203	1205
980	1203
3686	1202
3687	3686
1200	3686
1206	1200
1208	1207
1209	1208
1211	1210
989	1211
1209	1211
3689	1209
3689	3688
1212	3689
1214	1213
3691	1214
3691	3690
992	3691
1212	1214
1215	1212
3692	1216
3693	3692
1217	3692
1218	1217
1220	1219
998	1220
1218	1220
3695	1218
3695	3694
1221	3695
1223	1222
1224	1223
1226	1225
3697	1226
3697	3696
1001	3697
1224	1226
1227	1224
1229	1228
3699	1229
3699	3698
1230	3699
1232	1231
1016	1232
1230	1232
3701	1230
3701	3700
1233	3701
3702	1234
3704	3702
3703	3702
3705	3703
1235	3703
1236	1235
1238	1237
3707	1238
3707	3706
3709	3707
3709	3708
1239	3709
3710	1240
3711	3710
1241	3710
1242	1241
1244	1243
1245	1244
3712	1246
3715	3712
3713	3712
3716	3713
3714	3713
3717	3714
1247	3714
1019	1247
3718	1247
3721	3718
3719	3718
3722	3719
3720	3719
3723	3720
1245	3720
1248	1245
1250	1249
3725	1250
3725	3724
1025	3725
3726	1250
3728	3726
3727	3726
3729	3727
1248	3727
1251	1248
1253	1252
3731	1253
3731	3730
3733	3731
3733	3732
1254	3733
3734	1255
3735	3734
1256	3734
1257	1256
1259	1258
3737	1259
3737	3736
3739	3737
3739	3738
1260	3739
3740	1261
3742	3740
3741	3740
3743	3741
1262	3741
1037	1262
3744	1262
3746	3744
3745	3744
3747	3745
1260	3745
1263	1260
1265	1264
1266	1265
3748	1267
3749	3748
1268	3748
1269	1268
1271	1270
3751	1271
3751	3750
1272	3751
3752	1273
3754	3752
3753	3752
3755	3753
1274	3753
1275	1274
3756	1276
3757	3756
1277	3756
1049	1277
1275	1277
1052	1275
3758	1274
3759	3758
1272	3758
1278	1272
3760	1279
3762	3760
1280	3760
3763	1280
3762	3761
3765	3762
3763	3762
3766	3763
3765	3764
3767	3765
3766	3765
1281	3766
1283	1282
1284	1283
3768	1285
3770	3768
1286	3768
3771	1286
3770	3769
3773	3770
3771	3770
3774	3771
3773	3772
3775	3773
3774	3773
1287	3774
1289	1288
3777	1289
3777	3776
3779	3777
3779	3778
3781	3779
3781	3780
1290	3781
3782	1291
3784	3782
1292	3782
3785	1292
3784	3783
3786	3784
3785	3784
1055	3785
1290	1292
3788	1290
3788	3787
1097	3788
3789	1289
3790	3789
1287	3789
1293	1287
1295	1294
3792	1295
3792	3791
3794	3792
3794	3793
1296	3794
3795	1297
3796	3795
1298	3795
1103	1298
3797	1298
3798	3797
1296	3797
1299	1296
1301	1300
1302	1301
1304	1303
3800	1304
3800	3799
1106	3800
3801	1304
3802	3801
1302	3801
1305	1302
1307	1306
3804	1307
3804	3803
1308	3804
3805	1309
3806	3805
1310	3805
1311	1310
3807	1312
3808	3807
1313	3807
1314	1313
3809	1315
3812	3809
3810	3809
3813	3810
3811	3810
3814	3811
1316	3811
1124	1316
3815	1316
3816	3815
1314	3815
1317	1314
3817	1318
3818	3817
1319	3817
1320	1319
1322	1321
1323	1322
1325	1324
1142	1325
1323	1325
1145	1323
1320	1322
1154	1320
1317	1319
1326	1317
3819	1327
3820	3819
1328	3819
1329	1328
1331	1330
1332	1331
3821	1333
3824	3821
3822	3821
3825	3822
3823	3822
3826	3823
1334	3823
1335	1334
3827	1336
3829	3827
3828	3827
3830	3828
1337	3828
1157	1337
1335	1337
1160	1335
3831	1334
3834	3831
3832	3831
3835	3832
3833	3832
3836	3833
1332	3833
1338	1332
1342	1343
1341	1339
3837	1344
3838	3837
1345	3837
1346	1345
3839	1347
3840	3839
1348	3839
1349	1348
3841	1350
3842	3841
1351	3841
1352	1351
3843	1353
3845	3843
3844	3843
3846	3844
1354	3844
1355	1354
1359	1360
1358	1356
3847	1361
3849	3847
1362	3847
3850	1362
3849	3848
3851	3849
3850	3849
1169	3850
3852	1362
3855	3852
3853	3852
3856	3853
3854	3853
3857	3854
1360	3854
1363	1360
3858	1364
3860	3858
3859	3858
3861	3859
1365	3859
1172	1365
1363	1365
1366	1363
1368	1367
3863	1368
3863	3862
1175	3863
3864	1368
3865	3864
1366	3864
1369	1366
1371	1370
1372	1371
3866	1373
3868	3866
3867	3866
3869	3867
1374	3867
1375	1374
3870	1376
3872	3870
3871	3870
3873	3871
1377	3871
1378	1377
3874	1379
3876	3874
3875	3874
3877	3875
1380	3875
1381	1380
3878	1382
3880	3878
3879	3878
3881	3879
1383	3879
1384	1383
3882	1385
3885	3882
3883	3882
3886	3883
3884	3883
3887	3884
1386	3884
1387	1386
3888	1388
3891	3888
3889	3888
3892	3889
3890	3889
3893	3890
1389	3890
1390	1389
3894	1391
3897	3894
3895	3894
3898	3895
3896	3895
3899	3896
1392	3896
1393	1392
3900	1394
3903	3900
3901	3900
3904	3901
3902	3901
3905	3902
1395	3902
1396	1395
3906	1397
3908	3906
3907	3906
3909	3907
1398	3907
1181	1398
3910	1398
3911	3910
1396	3910
1184	1396
3912	1395
3914	3912
1393	3912
3915	1393
3914	3913
3916	3914
3915	3914
1399	3915
1401	1400
1193	1401
3917	1401
3919	3917
1399	3917
3920	1399
3919	3918
3922	3919
3920	3919
3923	3920
3922	3921
3925	3922
3923	3922
3926	3923
3925	3924
3928	3925
3926	3925
3929	3926
3928	3927
3930	3928
3929	3928
1402	3929
3931	1403
3933	3931
3932	3931
3934	3932
1404	3932
1405	1404
1407	1406
1408	1407
1410	1409
3936	1410
3936	3935
1411	3936
3937	1412
3938	3937
1413	3937
1414	1413
3939	1415
3941	3939
1416	3939
3942	1416
3941	3940
3943	3941
3942	3941
1199	3942
1414	1416
3945	1414
3945	3944
3947	3945
3947	3946
3949	3947
3949	3948
1208	3949
1411	1413
3951	1411
3951	3950
3953	3951
3953	3952
1217	3953
1408	1410
1223	1408
3954	1407
3956	3954
3955	3954
3957	3955
1405	3955
1417	1405
3958	1418
3960	3958
3959	3958
3961	3959
1419	3959
1420	1419
3962	1421
3964	3962
3963	3962
3965	3963
1422	3963
1423	1422
3966	1424
3967	3966
1425	3966
1229	1425
3968	1425
3970	3968
3969	3968
3971	3969
1423	3969
1235	1423
1420	1422
1426	1420
3972	1427
3974	3972
3973	3972
3975	3973
1428	3973
1429	1428
1431	1430
3977	1431
3977	3976
1432	3977
3978	1433
3979	3978
1434	3978
1238	1434
3980	1434
3982	3980
3981	3980
3983	3981
1432	3981
1435	1432
3984	1436
3986	3984
1437	3984
3987	1437
3986	3985
3988	3986
3987	3986
1438	3987
3989	1439
3991	3989
3990	3989
3992	3990
1440	3990
1441	1440
3993	1442
3994	3993
1443	3993
1444	1443
3995	1445
3997	3995
1446	3995
3998	1446
3997	3996
3999	3997
3998	3997
1447	3998
1449	1448
1450	1449
4000	1451
4002	4000
4001	4000
4003	4001
1452	4001
1241	1452
4004	1452
4006	4004
4005	4004
4007	4005
1450	4005
1453	1450
1455	1454
1456	1455
4008	1457
4009	4008
1458	4008
1244	1458
4010	1458
4011	4010
1456	4010
1253	1456
4012	1455
4014	4012
4013	4012
4015	4013
1453	4013
1354	1453
4016	1449
4018	4016
1447	4016
4019	1447
4018	4017
4020	4018
4019	4018
1357	4019
4021	1446
4023	4021
1444	4021
4024	1444
4023	4022
4025	4023
4024	4023
1459	4024
4026	1460
4029	4026
4027	4026
4030	4027
4028	4027
4031	4028
1461	4028
1462	1461
1464	1463
4033	1464
4033	4032
1371	4033
4034	1464
4036	4034
4035	4034
4037	4035
1462	4035
1374	1462
4038	1461
4039	4038
1459	4038
1465	1459
1467	1466
4041	1467
4041	4040
4043	4041
4043	4042
1468	4043
1470	1469
1471	1470
1473	1472
1377	1473
1471	1473
1380	1471
1468	1470
4045	1468
4045	4044
4047	4045
4047	4046
4049	4047
4049	4048
1474	4049
4050	1475
4051	4050
1476	4050
1477	1476
4052	1478
4054	4052
4053	4052
4055	4053
1479	4053
1480	1479
4056	1481
4058	4056
4057	4056
4059	4057
1482	4057
1483	1482
1485	1484
4061	1485
4061	4060
4063	4061
4063	4062
1486	4063
4064	1487
4066	4064
4065	4064
4067	4065
1488	4065
1489	1488
4068	1490
4070	4068
1491	4068
4071	1491
4070	4069
4072	4070
4071	4070
1492	4071
1494	1493
1383	1494
4073	1494
4074	4073
1492	4073
1386	1492
4075	1491
4076	4075
1489	4075
1495	1489
4077	1496
4078	4077
1497	4077
1498	1497
4079	1499
4081	4079
4080	4079
4082	4080
1500	4080
1501	1500
4083	1502
4085	4083
4084	4083
4086	4084
1503	4084
1504	1503
4087	1505
4089	4087
4088	4087
4090	4088
1506	4088
1507	1506
1509	1508
1510	1509
4091	1511
4092	4091
1512	4091
1513	1512
1515	1514
1389	1515
1513	1515
1392	1513
1510	1512
1516	1510
4093	1517
4095	4093
4094	4093
4096	4094
1518	4094
1519	1518
4097	1520
4099	4097
1521	4097
4100	1521
4099	4098
4101	4099
4100	4099
1522	4100
1524	1523
1525	1524
4102	1526
4104	4102
4103	4102
4105	4103
1527	4103
1404	1527
4106	1527
4109	4106
4107	4106
4110	4107
4108	4107
4111	4108
1525	4108
1528	1525
4112	1529
4114	4112
4113	4112
4115	4113
1530	4113
1531	1530
4116	1532
4117	4116
1533	4116
1534	1533
4118	1535
4119	4118
1536	4118
1537	1536
1539	1538
1419	1539
4120	1539
4121	4120
1537	4120
1428	1537
1534	1536
1540	1534
4122	1541
4125	4122
4123	4122
4126	4123
4124	4123
4127	4124
1542	4124
1543	1542
4128	1544
4132	4128
4129	4128
4133	4129
4130	4129
4134	4130
4131	4130
4135	4131
1545	4131
1546	1545
1550	1551
1549	1547
4136	1552
4137	4136
1553	4136
1554	1553
1556	1555
1557	1556
1559	1558
4139	1559
4139	4138
4141	4139
4141	4140
4143	4141
4143	4142
4145	4143
4145	4144
4147	4145
4147	4146
4149	4147
4149	4148
4151	4149
4151	4150
4153	4151
4153	4152
4155	4153
4155	4154
4157	4155
4157	4156
4159	4157
4159	4158
1560	4159
1562	1561
1563	1562
4160	1564
4161	4160
1565	4160
1431	1565
4162	1565
4164	4162
1563	4162
4165	1563
4164	4163
4167	4164
4165	4164
4168	4165
4167	4166
4169	4167
4168	4167
1566	4168
4170	1567
4172	4170
4171	4170
4173	4171
1568	4171
1569	1568
4174	1570
4175	4174
1571	4174
1572	1571
4176	1573
4178	4176
4177	4176
4179	4177
1574	4177
1443	1574
4180	1574
4181	4180
1572	4180
1575	1572
4182	1576
4183	4182
1577	4182
1578	1577
1580	1579
1467	1580
1578	1580
4185	1578
4185	4184
4187	4185
4187	4186
1581	4187
1583	1582
4189	1583
4189	4188
1476	4189
1581	1583
1584	1581
4190	1585
4191	4190
1586	4190
1556	1586
1584	1586
1587	1584
1589	1588
4193	1589
4193	4192
4195	4193
4195	4194
1590	4195
1592	1591
1593	1592
1595	1594
4197	1595
4197	4196
1596	4197
1598	1597
1599	1598
4198	1600
4199	4198
1601	4198
1559	1601
1599	1601
4201	1599
4201	4200
4203	4201
4203	4202
4205	4203
4205	4204
4207	4205
4207	4206
1602	4207
1604	1603
4209	1604
4209	4208
1605	4209
1607	1606
4211	1607
4211	4210
4213	4211
4213	4212
4215	4213
4215	4214
4217	4215
4217	4216
1608	4217
4218	1609
4219	4218
1610	4218
1562	1610
1608	1610
1611	1608
1613	1612
4221	1613
4221	4220
1614	4221
1616	1615
1617	1616
1619	1618
4223	1619
4223	4222
4225	4223
4225	4224
1568	4225
4226	1619
4227	4226
1617	4226
1592	1617
1614	1616
1620	1614
1622	1621
1623	1622
4228	1624
4229	4228
1625	4228
1626	1625
1628	1627
1629	1628
1631	1630
1595	1631
1629	1631
4231	1629
4231	4230
1598	4231
1626	1628
4233	1626
4233	4232
4235	4233
4235	4234
4237	4235
4237	4236
4239	4237
4239	4238
1604	4239
1623	1625
4241	1623
4241	4240
4243	4241
4243	4242
4245	4243
4245	4244
4247	4245
4247	4246
1607	4247
1620	1622
4249	1620
4249	4248
1613	4249
4250	1589
4251	4250
1587	4250
1632	1587
4252	1633
4254	4252
1634	4252
4255	1634
4254	4253
4256	4254
4255	4254
1571	4255
1632	1634
1577	1632
4257	1553
4261	4257
4258	4257
4262	4258
4259	4258
4263	4259
4260	4259
4264	4260
1551	4260
1479	1551
1546	1548
4266	1546
4266	4265
4268	4266
4268	4267
1635	4268
1637	1636
1638	1637
4269	1639
4271	4269
4270	4269
4272	4270
1640	4270
1641	1640
4273	1642
4274	4273
1643	4273
1644	1643
4275	1645
4276	4275
1646	4275
1647	1646
4277	1648
4279	4277
1649	4277
4280	1649
4279	4278
4282	4279
4280	4279
4283	4280
4282	4281
4285	4282
4283	4282
4286	4283
4285	4284
4288	4285
4286	4285
4289	4286
4288	4287
4290	4288
4289	4288
1650	4289
4291	1651
4293	4291
1652	4291
4294	1652
4293	4292
4295	4293
4294	4293
1653	4294
1655	1654
1482	1655
4296	1655
4298	4296
1653	4296
4299	1653
4298	4297
4300	4298
4299	4298
1656	4299
1658	1657
1659	1658
4301	1660
4304	4301
4302	4301
4305	4302
1661	4302
4306	1661
4304	4303
4307	4304
4305	4304
4308	4305
4306	4305
1485	4306
4309	1661
4311	4309
4310	4309
4312	4310
1659	4310
1662	1659
4313	1663
4315	4313
4314	4313
4316	4314
1664	4314
1488	1664
4317	1664
4318	4317
1662	4317
1665	1662
4319	1666
4321	4319
4320	4319
4322	4320
1667	4320
1668	1667
4323	1669
4326	4323
4324	4323
4327	4324
4325	4324
4328	4325
1670	4325
1671	1670
1673	1672
1497	1673
4329	1673
4332	4329
4330	4329
4333	4330
4331	4330
4334	4331
1671	4331
1674	1671
1676	1675
4336	1676
4336	4335
1500	4336
4337	1676
4339	4337
4338	4337
4340	4338
1674	4338
1677	1674
1679	1678
1680	1679
4341	1681
4342	4341
1682	4341
1683	1682
4343	1684
4344	4343
1685	4343
1686	1685
1688	1687
4346	1688
4346	4345
4348	4346
4348	4347
4350	4348
4350	4349
1503	4350
4351	1688
4354	4351
4352	4351
4355	4352
1686	4352
4356	1686
4354	4353
4357	4354
4355	4354
4358	4355
4356	4355
1689	4356
4359	1690
4361	4359
4360	4359
4362	4360
1691	4360
1692	1691
1694	1693
4364	1694
4364	4363
4366	4364
4366	4365
1506	4366
4367	1694
4369	4367
4368	4367
4370	4368
1692	4368
1695	1692
4371	1696
4372	4371
1697	4371
1698	1697
4373	1699
4374	4373
1700	4373
1521	1700
4375	1700
4376	4375
1698	4375
1701	1698
4377	1702
4378	4377
1703	4377
1704	1703
1706	1705
1707	1706
1709	1708
1524	1709
4379	1709
4380	4379
1707	4379
1710	1707
4381	1711
4382	4381
1712	4381
1713	1712
1715	1714
1530	1715
4383	1715
4384	4383
1713	4383
1716	1713
4385	1717
4388	4385
4386	4385
4389	4386
4387	4386
4390	4387
1718	4387
1533	1718
4391	1718
4394	4391
4392	4391
4395	4392
4393	4392
4396	4393
1716	4393
1542	1716
1710	1712
1545	1710
1704	1706
1719	1704
1721	1720
4398	1721
4398	4397
4400	4398
4400	4399
1637	4400
1719	1721
4402	1719
4402	4401
1722	4402
4403	1723
4405	4403
1724	4403
4406	1724
4405	4404
4407	4405
4406	4405
1640	4406
1722	1724
1725	1722
1727	1726
1728	1727
1730	1729
4409	1730
4409	4408
4411	4409
4411	4410
4413	4411
4413	4412
4415	4413
4415	4414
1731	4415
4416	1732
4418	4416
4417	4416
4419	4417
1733	4417
1643	1733
4420	1733
4424	4420
4421	4420
4425	4421
4422	4421
4426	4422
1731	4422
4427	1731
4424	4423
4428	4424
4425	4424
4429	4425
4426	4425
4430	4426
4427	4426
1734	4427
1736	1735
4432	1736
4432	4431
4434	4432
4434	4433
4436	4434
4436	4435
4438	4436
4438	4437
1737	4438
1739	1738
4440	1739
4440	4439
4442	4440
4442	4441
4444	4442
4444	4443
4446	4444
4446	4445
1646	4446
4447	1739
4448	4447
1737	4447
1740	1737
1742	1741
1743	1742
4449	1744
4450	4449
1745	4449
1658	1745
4451	1745
4452	4451
1743	4451
1667	1743
1740	1742
4454	1740
4454	4453
1670	4454
4455	1736
4458	4455
4456	4455
4459	4456
4457	4456
4460	4457
1734	4457
1746	1734
4461	1747
4464	4461
4462	4461
4465	4462
4463	4462
4466	4463
1748	4463
1749	1748
4467	1750
4469	4467
4468	4467
4470	4468
1751	4468
1679	1751
4471	1751
4472	4471
1749	4471
1682	1749
1746	1748
4474	1746
4474	4473
4476	4474
4476	4475
1752	4476
1754	1753
1685	1754
4477	1754
4478	4477
1752	4477
1755	1752
1757	1756
1758	1757
1760	1759
4480	1760
4480	4479
1761	4480
1763	1762
1764	1763
1766	1765
4482	1766
4482	4481
4484	4482
4484	4483
1691	4484
4485	1766
4486	4485
1764	4485
1767	1764
1769	1768
4488	1769
4488	4487
4490	4488
4490	4489
1770	4490
4491	1771
4492	4491
1772	4491
1773	1772
4493	1774
4495	4493
1775	4493
4496	1775
4495	4494
4497	4495
4496	4495
1697	4496
1773	1775
1703	1773
1770	1772
4499	1770
4499	4498
4501	4499
4501	4500
1727	4501
1767	1769
1776	1767
1778	1777
4503	1778
4503	4502
1779	4503
1781	1780
1782	1781
4504	1783
4505	4504
1784	4504
1730	1784
1782	1784
4507	1782
4507	4506
4509	4507
4509	4508
4511	4509
4511	4510
4513	4511
4513	4512
1785	4513
1787	1786
4515	1787
4515	4514
1788	4515
1790	1789
4517	1790
4517	4516
4519	4517
4519	4518
4521	4519
4521	4520
1757	4521
1788	1790
4523	1788
4523	4522
4525	4523
4525	4524
4527	4525
4527	4526
4529	4527
4529	4528
1791	4529
1793	1792
1794	1793
1796	1795
4531	1796
4531	4530
1760	4531
1794	1796
1763	1794
4532	1793
4533	4532
1791	4532
1797	1791
1799	1798
1800	1799
1802	1801
1778	1802
1800	1802
4535	1800
4535	4534
1781	4535
1797	1799
4537	1797
4537	4536
4539	4537
4539	4538
4541	4539
4541	4540
4543	4541
4543	4542
1787	4543
4544	1652
4545	4544
1650	4544
1649	1650
4546	1518
4547	4546
1516	4546
1509	1516
4548	1440
4550	4548
1438	4548
4551	1438
4550	4549
4552	4550
4551	4550
1437	4551
1349	1351
1803	1349
4553	1804
4556	4553
4554	4553
4557	4554
1805	4554
4558	1805
4556	4555
4559	4556
4557	4556
4560	4557
4558	4557
1256	4558
4561	1805
4562	4561
1803	4561
1806	1803
4563	1807
4566	4563
4564	4563
4567	4564
4565	4564
4568	4565
1808	4565
1809	1808
4569	1810
4570	4569
1811	4569
1283	1811
4571	1811
4572	4571
1809	4571
1286	1809
1813	1814
1812	1808
4573	1815
4574	4573
1816	4573
1817	1816
1819	1818
4576	1819
4576	4575
1307	4576
1817	1819
4578	1817
4578	4577
1310	4578
4579	1816
4582	4579
4580	4579
4583	4580
4581	4580
4584	4581
1814	4581
1820	1814
4585	1821
4588	4585
4586	4585
4589	4586
4587	4586
4590	4587
1822	4587
1345	1822
1820	1822
1348	1820
1338	1340
1331	1338
1326	1328
1313	1326
4591	1301
4592	4591
1299	4591
1295	1299
1278	1280
1271	1278
1266	1268
1823	1266
4593	1824
4594	4593
1825	4593
1259	1825
4595	1825
4596	4595
1823	4595
1265	1823
4597	1121
4600	4597
4598	4597
4601	4598
4599	4598
4602	4599
1119	4599
1118	1119
4603	1094
4604	4603
1092	4603
1058	1092
1083	1085
1826	1083
1828	1827
4606	1828
4606	4605
1829	4606
1831	1830
1064	1831
1829	1831
4608	1829
4608	4607
1832	4608
1834	1833
1835	1834
1837	1836
4610	1837
4610	4609
4612	4610
4612	4611
4614	4612
4614	4613
4616	4614
4616	4615
1067	4616
4617	1837
4618	4617
1835	4617
1838	1835
1840	1839
4620	1840
4620	4619
4622	4620
4622	4621
4624	4622
4624	4623
4626	4624
4626	4625
1070	4626
1838	1840
1841	1838
1843	1842
4628	1843
4628	4627
1076	4628
1841	1843
1079	1841
1832	1834
1828	1832
1044	1046
1040	1044
1011	1013
1004	1011
4629	986
4631	4629
984	4629
4632	984
4631	4630
4634	4631
4632	4631
4635	4632
4634	4633
4636	4634
4635	4634
983	4635
927	929
914	927
891	893
887	891
693	695
4638	693
4638	4637
689	4638
601	603
595	601
590	592
586	590
4639	553
4640	4639
551	4639
544	551
496	498
489	496
4641	417
4644	4641
4642	4641
4645	4642
4643	4642
4646	4643
415	4643
414	415
365	367
1844	365
1848	1849
1847	1845
4647	1850
4649	4647
4648	4647
4650	4648
1851	4648
1852	1851
1854	1853
4652	1854
4652	4651
4654	4652
4654	4653
4656	4654
4656	4655
1855	4656
4657	1856
4658	4657
1857	4657
280	1857
1855	1857
4660	1855
4660	4659
1858	4660
4661	1859
4663	4661
4662	4661
4664	4662
1860	4662
289	1860
4665	1860
4668	4665
4666	4665
4669	4666
4667	4666
4670	4667
1858	4667
1861	1858
4671	1862
4672	4671
1863	4671
1864	1863
1866	1865
1867	1866
1869	1868
295	1869
1867	1869
298	1867
1864	1866
4674	1864
4674	4673
1870	4674
4675	1871
4678	4675
4676	4675
4679	4676
4677	4676
4680	4677
1872	4677
1873	1872
4681	1874
4684	4681
4682	4681
4685	4682
4683	4682
4686	4683
1875	4683
1876	1875
1878	1877
304	1878
1881	1876
4688	1881
1880	4688
1879	1878
4689	1882
4690	4689
1883	4689
1884	1883
4691	1885
4692	4691
1886	4691
1887	1886
1889	1888
307	1889
4693	1889
4694	4693
1887	4693
1890	1887
1892	1891
310	1892
1890	1892
4696	1890
4696	4695
4698	4696
4698	4697
1893	4698
4699	1894
4700	4699
1895	4699
1896	1895
4701	1897
4702	4701
1898	4701
1899	1898
1901	1900
4704	1901
4704	4703
4706	4704
4706	4705
325	4706
1899	1901
4708	1899
4708	4707
4710	4708
4710	4709
1902	4710
4711	1903
4714	4711
4712	4711
4715	4712
4713	4712
4716	4713
1904	4713
1905	1904
1907	1906
328	1907
4717	1907
4720	4717
4718	4717
4721	4718
4719	4718
4722	4719
1905	4719
331	1905
4723	1904
4726	4723
4724	4723
4727	4724
4725	4724
4728	4725
1902	4725
1908	1902
4729	1909
4730	4729
1910	4729
1911	1910
1913	1912
4732	1913
4732	4731
1914	4732
4733	1915
4734	4733
1916	4733
1917	1916
1919	1918
343	1919
1917	1919
346	1917
1914	1916
4736	1914
4736	4735
1920	4736
4737	1921
4738	4737
1922	4737
1923	1922
4739	1924
4740	4739
1925	4739
1926	1925
1930	1931
1929	1927
1935	1936
1934	1932
1940	1941
1939	1937
4741	1942
4743	4741
4742	4741
4744	4742
1943	4742
1944	1943
4745	1945
4747	4745
4746	4745
4748	4746
1946	4746
1947	1946
4749	1948
4751	4749
1949	4749
4752	1949
4751	4750
4753	4751
4752	4751
349	4752
4754	1949
4755	4754
1947	4754
355	1947
1944	1946
364	1944
1951	1846
1950	1943
1936	1938
1952	1936
1954	1953
1955	1954
4756	1956
4757	4756
1957	4756
1958	1957
1960	1959
1961	1960
1963	1962
1964	1963
1966	1965
1967	1966
4758	1968
4759	4758
1969	4758
1970	1969
1851	1972
4761	1851
1974	4761
4762	1971
4763	4762
1973	4762
4764	1972
4766	4764
4765	4764
4767	4765
1970	4765
1975	1970
1977	1976
1978	1977
4768	1979
4769	4768
1980	4768
1981	1980
4770	1982
4771	4770
1983	4770
1854	1983
1981	1983
1984	1981
4772	1985
4773	4772
1986	4772
1987	1986
4774	1988
4777	4774
4775	4774
4778	4775
4776	4775
4779	4776
1989	4776
1863	1989
4780	1989
4781	4780
1987	4780
1990	1987
1992	1991
1993	1992
4782	1994
4784	4782
4783	4782
4785	4783
1995	4783
1996	1995
4786	1997
4788	4786
4787	4786
4789	4787
1998	4787
1872	1998
1996	1998
1999	1996
4790	2000
4791	4790
2001	4790
2002	2001
2004	2003
4793	2004
4793	4792
4795	4793
4795	4794
2005	4795
2007	2006
2008	2007
2010	2009
2011	2010
2013	2012
4797	2013
4797	4796
1875	4797
2011	2013
4799	2011
4799	4798
2014	4799
2016	2015
4801	2016
4801	4800
4803	4801
4803	4802
2017	4803
4804	2018
4805	4804
2019	4804
2020	2019
4806	2021
4807	4806
2022	4806
2023	2022
4808	2024
4811	4808
4809	4808
4812	4809
4810	4809
4813	4810
2025	4810
1883	2025
4814	2025
4816	4814
4815	4814
4817	4815
2023	4815
2026	2023
4818	2027
4820	4818
4819	4818
4821	4819
2028	4819
2029	2028
4822	2030
4823	4822
2031	4822
2032	2031
4824	2033
4825	4824
2034	4824
2035	2034
2037	2036
4827	2037
4827	4826
1886	4827
4828	2037
4830	4828
2035	4828
4831	2035
4830	4829
4833	4830
4831	4830
4834	4831
4833	4832
4835	4833
4834	4833
1895	4834
4836	2034
4837	4836
2032	4836
2038	2032
4838	2039
4841	4838
4839	4838
4842	4839
4840	4839
4843	4840
2040	4840
2041	2040
4844	2042
4847	4844
4845	4844
4848	4845
4846	4845
4849	4846
2043	4846
2044	2043
2046	2045
4851	2046
4851	4850
2047	4851
4852	2048
4853	4852
2049	4852
2050	2049
2052	2051
4855	2052
4855	4854
2053	4855
4856	2054
4857	4856
2055	4856
1898	2055
2053	2055
4859	2053
4859	4858
2056	4859
4860	2057
4861	4860
2058	4860
2059	2058
4862	2060
4863	4862
2061	4862
1910	2061
4864	2061
4867	4864
4865	4864
4868	4865
4866	4865
4869	4866
2059	4866
2062	2059
4870	2063
4873	4870
4871	4870
4874	4871
4872	4871
4875	4872
2064	4872
2065	2064
2067	2066
1925	2067
4876	2067
4878	4876
4877	4876
4879	4877
2065	4877
2068	2065
4880	2069
4883	4880
4881	4880
4884	4881
4882	4881
4885	4882
2070	4882
1928	2070
4886	2070
4888	4886
2068	4886
4889	2068
4888	4887
4890	4888
4889	4888
2071	4889
4891	2072
4893	4891
4892	4891
4894	4892
2073	4892
2074	2073
2076	2075
2077	2076
4895	2078
4896	4895
2079	4895
2080	2079
2082	2081
2083	2082
2085	2084
4898	2085
4898	4897
1933	4898
2083	2085
4900	2083
4900	4899
1954	4900
2080	2082
4902	2080
4902	4901
4904	4902
4904	4903
4906	4904
4906	4905
4908	4906
4908	4907
2086	4908
2088	2087
4910	2088
4910	4909
4912	4910
4912	4911
4914	4912
4914	4913
4916	4914
4916	4915
1957	4916
2086	2088
4918	2086
4918	4917
2089	4918
2091	2090
4920	2091
4920	4919
4922	4920
4922	4921
4924	4922
4924	4923
4926	4924
4926	4925
1960	4926
2089	2091
4928	2089
4928	4927
4930	4928
4930	4929
4932	4930
4932	4931
4934	4932
4934	4933
2092	4934
2094	2093
2095	2094
2097	2096
4936	2097
4936	4935
1963	4936
2095	2097
4938	2095
4938	4937
1966	4938
4939	2094
4940	4939
2092	4939
2098	2092
2100	2099
2101	2100
4941	2102
4942	4941
2103	4941
2104	2103
4943	2105
4944	4943
2106	4943
2107	2106
2109	2108
4946	2109
4946	4945
1969	4946
2107	2109
2110	2107
4947	2111
4948	4947
2112	4947
2004	2112
2110	2112
4950	2110
4950	4949
2106	4950
4951	2103
4952	4951
2101	4951
2113	2101
2115	2114
2116	2115
2118	2117
4954	2118
4954	4953
4956	4954
4956	4955
4958	4956
4958	4957
4960	4958
4960	4959
2007	4960
4961	2118
4962	4961
2116	4961
2119	2116
4963	2120
4965	4963
2121	4963
4966	2121
4965	4964
4967	4965
4966	4965
2122	4966
4968	2123
4969	4968
2124	4968
2125	2124
2127	2126
4971	2127
4971	4970
4973	4971
4973	4972
4975	4973
4975	4974
4977	4975
4977	4976
2010	4977
4978	2127
4979	4978
2125	4978
2128	2125
2130	2129
4981	2130
4981	4980
2016	4981
4982	2130
4983	4982
2128	4982
2131	2128
4984	2132
4985	4984
2133	4984
2134	2133
4986	2135
4988	4986
2136	4986
4989	2136
4988	4987
4990	4988
4989	4988
2019	4989
2134	2136
4992	2134
4992	4991
2043	4992
2131	2133
2137	2131
2139	2138
4994	2139
4994	4993
4996	4994
4996	4995
2140	4996
2142	2141
4998	2142
4998	4997
2143	4998
4999	2144
5001	4999
5000	4999
5002	5000
2145	5000
2046	2145
5003	2145
5004	5003
2143	5003
2146	2143
2148	2147
2049	2148
5005	2148
5006	5005
2146	5005
2149	2146
5007	2150
5009	5007
2151	5007
5010	2151
5009	5008
5012	5009
5010	5009
5013	5010
5012	5011
5014	5012
5013	5012
2152	5013
5015	2153
5016	5015
2154	5015
2064	2154
2152	2154
2073	2152
2149	2151
2155	2149
5017	2156
5018	5017
2157	5017
2158	2157
5019	2159
5022	5019
5020	5019
5023	5020
5021	5020
5024	5021
2160	5021
2076	2160
5025	2160
5027	5025
2158	5025
5028	2158
5027	5026
5029	5027
5028	5027
2161	5028
2163	2162
2164	2163
2166	2165
5031	2166
5031	5030
5033	5031
5033	5032
2167	5033
5034	2168
5035	5034
2169	5034
2170	2169
2172	2171
2115	2172
2170	2172
2121	2170
5036	2169
5037	5036
2167	5036
2173	2167
2175	2174
5039	2175
5039	5038
2124	5039
5040	2175
5041	5040
2173	5040
2166	2173
2161	2163
5043	2161
5043	5042
2139	5043
5044	2157
5045	5044
2155	5044
2142	2155
2098	2100
5047	2098
5047	5046
5049	5047
5049	5048
5051	5049
5051	5050
5053	5051
5053	5052
5055	5053
5055	5054
5057	5055
5057	5056
5059	5057
5059	5058
5061	5059
5061	5060
5063	5061
5063	5062
5065	5063
5065	5064
5067	5065
5067	5066
2079	5067
2056	2058
5069	2056
5069	5068
2052	5069
5070	2040
5071	5070
2038	5070
2031	2038
2026	2028
2022	2026
5072	2001
5073	5072
1999	5072
2176	1999
5074	2177
5076	5074
5075	5074
5077	5075
2178	5075
2179	2178
5078	2180
5080	5078
5079	5078
5081	5079
2181	5079
1977	2181
2179	2181
1992	2179
5082	2178
5084	5082
5083	5082
5085	5083
2176	5083
1995	2176
5086	1986
5087	5086
1984	5086
1980	1984
1920	1922
5089	1920
5089	5088
1913	5089
320	322
5091	320
5091	5090
5093	5091
5093	5092
316	5093
257	259
5095	257
5095	5094
5097	5095
5097	5096
5099	5097
5099	5098
5101	5099
5101	5100
2182	5101
2184	2183
5103	2184
5103	5102
2185	5103
2187	2186
5105	2187
5105	5104
5107	5105
5107	5106
5109	5107
5109	5108
5111	5109
5111	5110
232	5111
2185	2187
5113	2185
5113	5112
5115	5113
5115	5114
5117	5115
5117	5116
5119	5117
5119	5118
244	5119
2182	2184
5121	2182
5121	5120
5123	5121
5123	5122
5125	5123
5125	5124
5127	5125
5127	5126
247	5127
254	256
5129	254
5129	5128
250	5129
239	241
5131	239
5131	5130
235	5131
158	160
5133	158
5133	5132
154	5133
143	145
5135	143
5135	5134
139	5135
29	31
5137	29
5137	5136
25	5137
2189	2188
5139	2189
5139	5138
5141	5139
5141	5140
5143	5141
5143	5142
5145	5143
5145	5144
5147	5145
5147	5146
2189	5147
2191	2190
5149	2191
5149	5148
5151	5149
5151	5150
5153	5151
5153	5152
5155	5153
5155	5154
5157	5155
5157	5156
2191	5157
2196	2
1	2
2197	5
4	5
7	8
12	2253
5158	2253
2254	2253
13	2254
2255	2254
11	2255
10	12
13	2283
2284	2283
5158	2284
2285	2284
12	2285
16	2285
15	16
2198	19
18	2198
2199	22
21	22
24	25
27	28
30	31
33	2307
34	2307
2208	2326
2209	2326
37	2326
36	2208
2211	2219
2210	2219
2218	2219
39	2218
40	2218
2233	2241
2240	2241
2232	2240
43	2240
42	43
2243	2338
2242	2338
46	2338
45	46
48	2350
49	2350
51	52
2250	2258
2251	2258
2257	2258
2252	2257
2256	2257
55	2256
54	2250
2261	2357
2260	2357
2358	2357
2259	2358
58	2358
57	58
2266	61
60	2266
2267	64
63	64
66	67
2276	2287
2277	2287
2286	2287
70	2286
69	2276
2282	73
2279	2282
2281	2282
2278	2281
2280	2281
72	2280
2289	76
2290	76
2288	2290
75	2290
2291	2404
2405	2404
5209	2405
2406	2405
2292	2406
79	2406
78	2292
2291	78
2296	2299
81	2299
82	2299
2304	85
2303	2304
84	2304
2305	2436
88	2436
87	88
2306	91
90	2306
2310	2441
2311	2441
2442	2441
2312	2442
94	2442
93	2310
2315	2464
5210	2464
97	2464
2317	97
2314	2317
2313	2317
2316	2317
96	2316
2315	2314
2319	100
2320	100
2318	2320
99	2320
5211	2327
103	2327
2325	103
2324	2325
102	2325
101	2324
2328	2475
106	2475
105	106
2331	109
108	2331
2332	112
111	112
114	2340
2337	2340
2339	2340
115	2339
2342	118
2344	118
2341	2344
2343	2344
117	2343
2346	2496
2345	2496
2497	2496
120	2497
121	2497
2349	124
123	2349
126	127
5213	2361
5212	2361
2360	2361
2359	2360
2352	2359
130	2359
2351	2352
5213	2351
129	2351
128	129
2364	2515
2363	2515
2516	2515
2362	2516
133	2516
132	133
135	2522
136	2522
138	139
141	142
144	145
2367	148
147	2367
2368	151
150	151
153	154
156	157
159	160
162	2379
163	2379
2380	166
165	166
2389	2581
2390	2581
2582	2581
2391	2582
169	2582
168	2389
5216	5215
5214	2407
5215	2407
172	2407
2397	172
5216	2397
2396	2397
5217	2396
2395	2396
2392	2395
171	2395
2393	2392
5216	2393
2394	2393
5214	2394
170	2394
2400	2403
2402	2403
2399	2402
2401	2402
2398	2401
175	2401
174	175
2408	2586
178	2586
177	178
180	181
183	184
2427	2608
187	2608
186	2427
2430	2447
2431	2447
190	2447
2428	2430
2429	2430
189	2429
2434	2445
2433	2445
2446	2445
2432	2446
193	2446
192	193
195	2437
2435	2437
196	2437
5220	5219
5220	2444
5218	2444
2443	2444
2440	2443
199	2443
2439	2440
5219	2439
198	2439
2438	198
5220	2438
197	2438
2448	202
201	202
2451	205
204	2451
2452	208
207	208
2453	2645
211	2645
210	2453
2455	214
2454	2455
213	2455
2456	217
2457	217
216	2457
219	220
2471	2476
223	2476
222	2471
2477	2655
226	2655
225	226
2478	229
228	2478
2479	232
231	232
234	235
237	238
240	241
2482	244
243	2482
2483	247
246	247
249	250
252	253
255	256
2486	259
258	2486
2487	262
261	262
264	265
267	2707
268	2707
270	271
5221	2500
2499	2500
2494	2499
2495	2499
2498	2499
274	2498
273	2494
272	273
5225	5224
5225	5222
5223	2738
5222	2738
2739	2738
5224	2739
2505	2739
277	2739
2504	2505
2501	2504
276	2504
5225	2501
2502	2501
2503	2502
5223	2503
275	2503
2507	4658
280	4658
2508	280
2506	2508
279	2508
2512	283
282	283
285	2518
2513	2518
2517	2518
2514	2517
286	2517
2520	4663
4664	4663
2519	4664
289	4664
288	289
2521	292
291	2521
294	295
297	298
300	2533
301	2533
2534	304
2535	304
303	2535
2543	307
2542	2543
306	2543
2546	310
2544	2546
2545	2546
309	2545
2548	2553
2547	2553
313	2553
312	313
2558	316
2557	2558
315	2558
2559	2560
319	2560
318	319
2564	322
2565	322
321	2565
2567	325
2566	2567
324	2567
2568	328
2569	328
327	2569
5227	4720
5226	4720
4721	4720
2573	4721
2574	4721
4722	4721
331	4722
2572	2573
5227	2572
2571	2572
2570	2571
330	2571
329	2570
2578	2583
5228	2583
334	2583
2580	334
2576	2580
2579	2580
2575	2579
333	2579
2577	2576
2578	2577
2584	2588
336	2588
2587	2588
2585	2587
337	2587
2598	2600
5229	2600
2599	2600
340	2599
2597	340
339	340
2598	2597
2602	343
2603	343
2601	2603
342	2603
2605	346
2604	2605
345	2605
2606	4753
349	4753
348	349
351	2609
2607	2609
352	2609
2610	4755
355	4755
354	355
357	2611
358	2611
2612	2615
360	2615
361	2615
2617	364
2616	2617
363	2617
2618	367
2619	367
366	2619
2620	2757
5230	2757
2758	2757
5231	2758
2759	2758
2622	2759
370	2759
2621	2622
5230	2621
369	2621
2620	369
2626	373
2624	2626
2625	2626
2623	2625
372	2625
5161	2780
5162	2780
2781	2780
378	2781
376	2781
5160	5161
2628	5160
5159	5160
2627	5159
377	5159
375	377
378	2800
5162	2800
2801	2800
5161	2801
381	2801
5160	381
2630	381
5159	2630
2629	2630
377	2629
380	2629
2632	384
2634	384
2631	2634
2633	2634
383	2633
2636	2805
387	2805
2635	387
2637	387
386	2637
2641	2642
390	2642
389	390
2643	393
2644	393
392	2644
395	2807
2646	2807
396	2807
2647	2650
398	2650
399	2650
2651	2813
401	2813
402	2813
2654	2656
405	2656
404	2654
2657	2817
5233	2817
2818	2817
5232	2818
2819	2818
2659	2819
408	2819
2658	2659
5233	2658
407	2658
2657	407
2661	2667
2660	2667
2666	2667
410	2666
411	2666
2669	4644
4645	4644
2668	4645
4646	4645
413	4646
2670	4646
414	4646
2677	4643
416	4643
2678	4643
4642	4643
2679	4642
4641	4642
417	4641
2684	420
2681	2684
2683	2684
2680	2683
2682	2683
419	2682
2690	423
2687	2690
2689	2690
2686	2689
2688	2689
2685	2688
422	2688
2693	2699
2692	2699
2698	2699
2691	2698
426	2698
425	426
2701	2760
2703	2760
429	2760
2700	2703
2702	2703
428	2702
2705	2708
432	2708
2706	432
2704	2706
431	2706
2709	435
434	435
437	2756
2724	2756
2755	2756
2725	2755
2754	2755
438	2754
2727	2744
2745	2744
2726	2745
441	2745
440	441
2732	2752
2733	2752
2753	2752
444	2753
443	2732
2737	447
2735	2737
2736	2737
2734	2736
446	2736
2742	2747
2743	2747
2746	2747
450	2746
449	2742
2761	2890
453	2890
452	453
455	2893
2766	2893
2894	2893
2767	2894
456	2894
2769	459
2771	459
2768	2771
2770	2771
458	2770
2775	462
2773	2775
2774	2775
2772	2774
461	2774
2777	2779
2778	2779
2776	2778
465	2778
464	465
2782	2902
2783	2902
468	2902
467	2782
2785	2920
2784	2920
2921	2920
470	2921
471	2921
473	2931
2792	2931
474	2931
5234	2802
2795	2802
477	2802
2794	2795
2793	2794
476	2794
475	2793
2797	480
2799	480
2796	2799
2798	2799
479	2798
2803	2808
483	2808
482	483
485	2806
2804	2806
486	2806
2809	489
488	489
2810	492
491	2810
2811	2816
494	2816
2815	2816
2812	2815
2814	2815
495	2814
2820	498
497	2820
2821	2937
5236	2937
599	2937
5235	599
5165	599
600	5165
2824	600
2935	600
501	2935
2823	2824
2822	2823
5236	2822
500	2822
2821	500
2827	504
2830	504
2826	2830
2829	2830
2825	2829
2828	2829
503	2828
5237	507
2836	507
2835	2836
2832	2835
2834	2835
2831	2834
506	2834
2833	2832
505	2833
2839	510
2842	510
2838	2842
2841	2842
2837	2841
2840	2841
509	2840
2848	513
2845	2848
2847	2848
2844	2847
2846	2847
2843	2846
512	2846
5240	5239
5240	2968
5238	2968
2969	2968
516	2969
2854	516
5239	2854
2853	2854
5241	2853
2852	2853
2849	2852
515	2852
2850	2849
5239	2850
5240	2850
2851	2850
514	2851
2857	524
2856	524
5242	524
5163	524
523	5163
5243	523
2858	523
519	523
518	2858
2855	518
5242	2855
2856	2855
2859	522
521	522
524	527
2862	527
5163	2862
2861	2862
523	2861
2860	2861
526	2860
532	530
2865	532
5164	532
2864	5164
531	5164
2863	531
529	531
532	3021
535	3021
5164	535
2867	535
531	2867
2866	2867
534	2866
2869	3027
538	3027
2868	538
2870	538
537	2870
2873	3029
2874	3029
541	3029
2872	2873
2871	2872
540	2872
2877	4640
5244	4640
544	4640
2879	544
2875	2879
2878	2879
543	2878
2876	2875
2877	2876
2883	547
2881	2883
2882	2883
2880	2882
546	2882
2885	2892
5245	2892
2891	2892
2886	2891
550	2891
549	2886
2884	549
2885	2884
2895	4639
553	4639
552	2895
5246	556
2897	556
2896	2897
555	2897
554	2896
2898	2899
559	2899
558	559
2901	562
2900	2901
561	2901
2907	565
564	2907
2908	568
567	568
2913	3057
571	3057
570	2913
2919	2922
574	2922
2918	2919
2917	2918
573	2918
2923	577
576	577
2924	580
579	2924
2926	583
2925	2926
582	2926
2927	586
2928	586
585	2928
2930	589
2929	2930
588	2930
2932	592
591	2932
2933	595
594	595
5248	2939
5247	2939
2938	2939
600	2938
2934	2938
598	2938
5165	600
599	5165
5248	599
2936	599
596	2936
597	2936
2941	603
2943	603
2940	2943
2942	2943
602	2942
2949	3082
5249	3082
3083	3082
606	3083
605	606
2948	605
2949	2948
608	609
612	5173
771	5173
5166	617
613	617
616	617
2954	620
619	2954
2955	623
622	623
625	626
628	629
2956	632
631	2956
2957	635
634	635
637	638
640	3143
2962	3143
3144	3143
2963	3144
641	3144
5250	2970
2967	2970
644	2970
2966	2967
2964	2966
643	2966
2965	2964
642	2965
2971	647
646	647
2973	3168
2974	3168
3169	3168
2975	3169
3170	3169
650	3170
2972	2973
649	2972
5252	3176
653	3176
5251	653
2982	653
2981	2982
2977	2981
2976	2981
2980	2981
652	2980
2978	2977
2979	2978
5252	2979
651	2979
2985	2991
2990	2991
2984	2990
5253	2990
656	2990
2986	656
2983	2986
655	2986
2984	2983
2987	659
658	659
2993	662
2994	662
2992	2994
661	2994
3001	665
3002	665
664	3002
3003	856
5176	856
667	5176
5177	5176
3004	5177
5178	5177
3005	5178
5179	5178
3006	5179
857	5179
668	857
3009	671
3012	671
3008	3012
3011	3012
3007	3011
3010	3011
670	3010
3015	674
3017	674
3014	3017
3016	3017
3013	3016
673	3016
3019	3023
3022	3023
5254	3022
677	3022
3020	677
3018	3020
676	3020
3019	3018
3025	3028
3024	3028
3026	3028
680	3028
679	3026
682	3036
683	3036
3037	686
685	686
688	689
691	692
694	695
3040	698
697	3040
3041	701
700	701
703	704
706	707
3042	3275
3043	3275
3276	3275
710	3276
709	3042
3045	713
3047	713
3044	3047
3046	3047
712	3046
3052	716
3049	3052
3051	3052
3048	3051
3050	3051
715	3050
3055	3062
3061	3062
3054	3061
3060	3061
5255	3060
719	3060
718	719
3053	718
3054	3053
3056	722
721	3056
3065	3301
3302	3301
3064	3302
3303	3302
3063	3303
725	3303
724	725
727	728
730	3308
3066	3308
3309	3308
3067	3309
731	3309
5257	3314
5256	3314
3315	3314
734	3315
3072	734
3071	3072
5257	3071
3070	3071
3068	3070
733	3070
3069	3068
732	3069
3075	737
3077	737
3074	3077
3076	3077
3073	3076
736	3076
3079	3081
3078	3081
3080	3081
739	3080
740	3080
742	3318
3086	3318
3319	3318
3087	3319
743	3319
5260	5259
5261	5259
5262	5261
5264	5261
5263	3327
5260	3327
3328	3327
5258	3328
3329	3328
746	3329
748	746
5259	748
5167	748
5261	5167
747	5167
5264	747
745	747
3088	745
3089	3088
5263	3089
744	3089
5262	5263
5260	5263
753	751
748	753
5169	753
5167	5169
5168	5169
747	5168
752	5168
750	752
5268	5266
753	3365
5265	3365
756	3365
3093	756
5266	3093
3092	3093
5268	3092
3091	3092
5269	3091
3090	3091
752	3090
755	3090
5168	752
5268	5168
5267	5168
5169	5168
5265	5169
753	5169
5266	5265
5270	3367
759	3367
761	759
5180	761
3097	5180
5181	5180
3096	5181
5182	5181
3095	5182
3094	5182
3098	5182
760	5182
758	3098
757	3097
3099	5172
3100	5172
765	5172
763	3100
3101	5175
770	5175
769	770
768	769
3103	774
773	774
776	777
3114	780
779	3114
5170	782
3115	782
5171	3115
781	3115
761	781
5174	785
766	785
788	3124
789	3124
791	792
3125	795
794	795
797	798
800	3134
801	3134
3135	804
3136	804
803	3136
3142	3145
807	3145
3141	3142
3140	3141
806	3141
3146	810
3147	810
809	3147
3148	3458
3149	3458
813	3458
812	3149
5271	3467
3468	3467
5272	3468
3152	3468
3469	3468
816	3469
3151	3152
815	3151
5271	815
3150	815
814	3150
3157	819
3154	3157
3156	3157
3153	3156
3155	3156
818	3155
3160	822
3162	822
3159	3162
3161	3162
3158	3161
821	3161
3164	3167
3166	3167
3163	3166
3165	3166
824	3165
825	3165
827	3527
828	3527
830	3177
3175	3177
831	3177
3178	3180
3179	3180
833	3179
834	3179
3188	837
3186	3188
3187	3188
3185	3187
836	3187
3190	3546
840	3546
3189	840
3191	840
839	3191
3192	843
3193	843
842	3193
3194	3558
3195	3558
846	3558
845	3195
3196	3199
849	3199
848	849
3200	3565
3201	3565
852	3565
851	3201
5277	5276
5277	5273
5278	5277
5278	5274
5279	5278
5275	3206
5274	3206
3205	3206
5273	3205
3204	3205
5276	3204
5179	3204
3203	3204
857	3203
855	3203
5178	5179
5277	5178
5177	5178
5278	5177
5176	5177
5279	5176
856	5176
3202	856
854	856
853	3202
5275	853
3210	3573
3209	3573
860	3573
3212	860
3208	3212
5280	3212
3211	3212
3207	3211
859	3211
3208	3207
3214	863
3216	863
3213	3216
3215	3216
862	3215
3218	3222
3221	3222
3217	3221
866	3221
865	866
3224	3242
3223	3242
5281	3242
3241	3242
869	3241
868	869
3223	868
871	872
3244	875
3246	875
3243	3246
3245	3246
874	3245
3248	878
3250	878
3247	3250
3249	3250
877	3249
3260	3262
3261	3262
3259	3261
881	3261
880	881
3264	3266
3263	3266
3265	3266
883	3265
884	3265
3268	887
3270	887
3267	3270
3269	3270
886	3269
3274	890
3272	3274
3273	3274
3271	3273
889	3273
3277	893
892	3277
3278	896
895	896
898	899
901	902
3279	905
904	3279
3280	908
907	908
3285	3627
911	3627
910	3285
3289	914
3290	914
913	3290
3293	917
3292	3293
3291	3292
916	3292
3295	920
3296	920
3294	3296
919	3296
5283	3304
3300	3304
923	3304
3299	3300
5282	3299
3298	3299
3297	3298
922	3298
921	3297
5283	921
3307	926
3305	3307
3306	3307
925	3306
3310	929
928	3310
3311	3320
932	3320
931	932
934	3317
3312	3317
3316	3317
3313	3316
935	3316
3321	3630
3322	3630
3631	3630
938	3631
937	3322
3325	3330
3326	3330
941	3330
3324	3325
3323	3324
940	3324
3337	944
3338	944
943	3338
3339	3643
947	3643
946	947
949	950
952	953
3352	3667
3353	3667
956	3667
955	3352
3357	959
3355	3357
3356	3357
3354	3356
958	3356
3363	3366
962	3366
3362	962
3364	962
961	3364
964	965
3370	968
967	3370
3371	971
970	971
973	974
976	977
3380	980
979	3380
3381	4636
3382	4636
983	4636
982	3382
3398	4629
3399	4629
986	4629
985	3399
3400	989
988	989
991	992
994	995
997	998
3409	1001
1000	3409
3410	1004
3411	1004
1003	3411
5284	3418
5180	3418
5181	3418
3417	3418
5182	3417
3416	3417
3415	3416
3413	3415
1007	3415
760	3413
3412	5180
1006	5180
761	5180
1005	3412
3422	3425
3421	3425
3424	3425
3420	3424
3423	3424
3419	3423
1010	3423
1009	1010
3432	1013
3428	3432
3431	3432
3427	3431
3430	3431
3426	3430
3429	3430
1012	3429
5285	1016
3440	1016
3439	3440
3435	3439
5286	3439
3438	3439
3437	3438
3433	3437
1015	3437
3434	3433
3435	3434
3436	3435
1014	3436
5289	5288
3444	3715
3443	3715
3716	3715
5287	3716
3717	3716
5288	3717
1019	3717
3445	1019
5289	3445
1018	3445
3441	1018
3442	3441
5287	3442
3443	3442
3446	1022
1021	1022
1024	1025
3453	1028
1027	3453
3454	3455
1030	3455
1031	3455
3456	3457
1034	3457
1033	1034
1036	3742
3743	3742
3459	3743
1037	3743
3463	1040
1039	1040
3464	3472
3465	3472
3471	3472
3466	3471
3470	3471
1043	3470
1042	3464
3479	1046
3475	3479
3478	3479
3474	3478
3477	3478
3473	3477
3476	3477
1045	3476
3483	3757
5290	3757
1049	3757
3485	1049
3481	3485
3484	3485
3480	3484
1048	3484
3482	3481
3483	3482
3489	1052
3487	3489
3488	3489
3486	3488
1051	3488
3491	3786
1055	3786
3490	1055
3492	1055
1054	3492
3493	4604
5291	4604
1058	4604
1057	1058
3493	1057
1060	3506
1061	3506
3507	1064
1063	1064
1066	1067
1069	1070
3526	1073
1072	3526
1075	1076
1078	1079
1081	3534
1082	3534
3535	1085
1084	1085
3540	1088
1087	3540
3541	1091
3542	1091
1090	3542
1093	4603
1094	4603
1096	1097
3557	1100
1099	3557
1102	3796
1103	3796
3559	1106
1105	3559
3563	3566
3564	3566
1109	3566
1108	3564
3567	3576
5292	3576
3575	3576
3568	3575
3574	3575
3569	3574
1112	3574
1111	3568
3567	1111
3571	1115
3572	1115
3570	3572
1114	3572
3579	4600
3578	4600
4601	4600
3577	4601
4602	4601
1117	4602
3580	4602
1118	4602
3587	4599
1120	4599
3588	4599
4598	4599
3589	4598
4597	4598
3590	4597
1121	4597
3593	3812
3813	3812
3592	3813
3814	3813
3591	3814
1124	3814
1123	1124
3600	1127
1126	3600
3601	1130
1129	1130
1132	1133
1135	1136
1138	1139
1141	1142
1144	1145
3626	1148
1147	3626
3628	3633
3629	3633
3632	3633
1151	3632
1150	3628
3635	1154
3637	1154
3634	3637
3636	3637
1153	3636
3639	3829
3638	3829
3830	3829
1156	3830
1157	3830
3640	1160
1159	3640
3641	1163
1162	1163
1165	3644
3642	3644
1166	3644
3645	3851
1169	3851
1168	1169
1171	3860
3646	3860
3861	3860
3647	3861
1172	3861
3652	1175
3649	3652
3651	3652
3648	3651
3650	3651
1174	3650
3655	3660
3659	3660
3654	3659
3658	3659
3653	3658
1178	3658
1177	1178
3663	3908
3662	3908
3909	3908
3661	3909
1181	3909
1180	1181
3664	3911
1184	3911
1183	3664
3666	1187
3665	3666
1186	3666
1189	1190
1192	1193
1195	3676
1196	3676
3677	3943
1198	3943
1199	3943
1201	3686
1202	3686
1204	1205
3687	1208
1207	1208
1210	1211
1213	1214
3692	1217
1216	3692
3693	1220
1219	1220
1222	1223
1225	1226
1228	3967
1229	3967
1231	1232
1234	3970
3702	3970
3971	3970
3703	3971
1235	3971
3705	3979
3704	3979
1238	3979
1237	1238
1240	4002
3710	4002
4003	4002
1241	4003
3711	4009
1244	4009
1243	1244
3712	3720
3713	3720
3719	3720
3714	3719
3718	3719
1247	3718
1246	3712
3723	3727
3722	3727
3726	3727
3721	3726
1250	3726
1249	1250
3729	4011
3728	4011
1253	4011
1252	1253
1255	4559
3734	4559
4560	4559
1256	4560
3735	4594
1258	4594
1259	4594
3740	3745
3741	3745
3744	3745
1262	3744
1261	3740
3747	4596
3746	4596
1265	4596
1264	1265
3748	1268
1267	3748
3749	1271
1270	1271
3753	3758
1274	3758
3752	3753
1273	3752
3755	1277
3756	1277
3754	3756
1276	3756
3760	1280
3759	3760
1279	3760
3767	4570
1283	4570
1282	1283
3768	4572
1286	4572
1285	3768
3775	3789
1289	3789
1288	1289
3782	1292
1291	3782
3790	4592
1295	4592
1294	1295
1297	3797
3795	3797
1298	3797
3798	4591
1301	4591
1300	1301
1303	3801
1304	3801
3802	1307
1306	1307
3805	1310
1309	3805
3807	1313
3806	3807
1312	3807
5293	3815
3811	3815
1316	3815
3810	3811
3808	3810
3809	3810
1315	3809
1314	3808
3816	1319
3817	1319
1318	3817
3818	1322
1321	1322
1324	1325
3819	1328
1327	3819
3820	1331
1330	1331
3821	3833
3822	3833
3832	3833
3823	3832
3831	3832
1334	3831
1333	3821
3826	1337
3828	1337
3825	3828
3827	3828
3824	3827
1336	3827
1342	1340
5185	1342
3836	5185
5184	5185
3835	5184
5183	5184
3834	5183
1341	5183
1339	1341
1342	4588
5185	4588
4589	4588
5295	4589
5296	4589
4590	4589
5294	4590
1345	4590
3837	1345
1341	3837
1344	3837
5183	1341
5296	5183
5184	5183
5295	5184
5185	5184
3839	1348
3838	3839
1347	3839
3840	1351
3841	1351
1350	3841
3842	4014
5297	4014
4015	4014
3844	4015
1354	4015
3843	3844
1353	3843
3842	1353
1359	4020
1357	4020
5186	1359
3846	5186
1358	5186
3845	1358
1356	1358
1359	3854
3853	3854
5298	3853
3852	3853
1362	3852
1358	1362
3847	1362
1361	3847
5186	1358
1359	5186
3857	1365
3859	1365
3856	3859
3858	3859
3855	3858
1364	3858
1367	3864
1368	3864
3865	1371
1370	1371
3866	4036
3867	4036
4037	4036
1374	4037
1373	3866
3869	1377
3871	1377
3868	3871
3870	3871
1376	3870
3875	1380
3873	3875
3874	3875
3872	3874
1379	3874
3877	1383
3879	1383
3876	3879
3878	3879
1382	3878
3884	4074
1386	4074
3883	3884
3881	3883
3882	3883
3880	3882
1385	3882
3887	1389
3890	1389
3886	3890
3889	3890
3885	3889
3888	3889
1388	3888
3896	1392
3893	3896
3895	3896
3892	3895
3894	3895
3891	3894
1391	3894
5303	5302
5303	5299
5303	5300
5299	3912
5302	3912
1395	3912
3902	1395
5303	3902
3901	3902
5301	3901
3900	3901
3897	3900
1394	3900
3898	3897
5300	3898
3899	3898
5299	3899
1393	3899
3905	3910
5305	3910
1398	3910
3907	1398
5304	3907
3906	3907
3903	3906
1397	3906
3904	3903
5305	3904
3905	3904
3916	3917
1401	3917
1400	1401
5308	5307
5306	4104
5307	4104
4105	4104
3932	4105
1404	4105
3931	3932
5308	3931
1403	3931
3930	1403
5306	3930
1402	3930
3934	3955
3954	3955
3933	3954
1407	3954
1406	1407
1409	1410
3937	1413
1412	3937
3939	1416
3938	3939
1415	3939
3959	1419
3957	3959
3958	3959
3956	3958
1418	3958
3963	1422
3961	3963
3962	3963
3960	3962
1421	3962
3965	3969
5309	3969
3968	3969
1425	3968
3966	1425
3964	3966
1424	3966
3965	3964
3972	4121
3973	4121
1428	4121
1427	3972
3975	4161
3974	4161
1431	4161
1430	1431
1433	3981
3978	3981
3980	3981
1434	3980
3983	4552
3982	4552
1437	4552
3984	1437
1436	3984
3989	4548
3990	4548
1440	4548
3988	3989
1439	3989
3992	4178
5310	4178
4179	4178
1443	4179
3993	1443
3991	3993
1442	3993
3992	3991
3994	4021
3995	4021
1446	4021
1445	3995
3999	4016
1448	4016
1449	4016
1451	4005
4000	4005
4004	4005
4001	4004
1452	4004
4007	4013
4006	4013
4012	4013
1454	4012
1455	4012
1457	4010
4008	4010
1458	4010
4027	4038
4028	4038
1461	4038
4025	4027
4026	4027
1460	4026
4031	4035
4034	4035
4030	4034
1464	4034
4029	1464
1463	1464
4039	1467
1466	1467
1469	1470
1472	1473
4050	1476
1475	4050
4051	4261
1478	4261
4262	4261
4052	4262
4263	4262
4053	4263
4264	4263
1479	4264
4055	1482
4057	1482
4054	4057
4056	4057
1481	4056
4059	4307
4308	4307
4058	4308
1485	4308
1484	1485
1487	4315
4064	4315
4316	4315
4065	4316
1488	4316
4067	4075
5311	4075
1491	4075
4068	1491
4066	4068
1490	4068
4067	4066
4072	4073
1494	4073
1493	1494
4076	1497
4077	1497
1496	4077
4080	1500
4078	4080
4079	4080
1499	4079
4084	1503
4082	4084
4083	4084
4081	4083
1502	4083
4086	1506
4088	1506
4085	4088
4087	4088
1505	4087
4090	4547
4089	4547
1509	4547
1508	1509
4091	1512
1511	4091
4092	1515
1514	1515
4093	4546
4094	4546
1518	4546
1517	4093
4096	4374
1521	4374
4095	1521
4097	1521
1520	4097
4101	1524
1523	1524
1526	4108
4102	4108
4107	4108
4103	4107
4106	4107
1527	4106
4111	1530
4113	1530
4110	4113
4112	4113
4109	4112
1529	4112
4115	4388
5312	4388
4389	4388
4390	4389
4116	4390
1533	4390
1532	4116
4114	1532
4115	4114
4118	1536
4117	4118
1535	4118
4119	4120
1538	4120
1539	4120
4122	4394
4123	4394
4395	4394
4124	4395
4396	4395
1542	4396
1541	4122
4131	1545
4127	4131
4130	4131
4126	4130
4129	4130
4125	4129
4128	4129
1544	4128
1550	1548
4135	1550
4134	1550
5187	1550
4133	5187
1549	5187
4132	1549
1547	1549
5316	5315
5318	5317
5318	5314
5319	5317
1550	4260
5313	4260
4259	4260
5315	4259
4258	4259
5314	4258
4257	4258
5317	4257
1553	4257
4136	1553
5319	4136
1552	4136
1549	1552
5318	1549
5187	1549
5316	5187
1550	5187
5313	1550
5315	5316
4137	4191
1555	4191
1556	4191
1558	4199
1559	4199
1561	4219
1562	4219
4160	4162
1565	4162
1564	4160
4171	1568
4169	4171
4170	4171
1567	4170
4173	4256
1571	4256
4174	1571
4172	4174
1570	4174
4175	4180
4176	4180
4177	4180
1574	4180
1573	4176
4181	1577
4182	1577
1576	4182
4183	1580
1579	1580
1582	1583
4190	1586
1585	4190
1588	4250
1589	4250
1591	4227
1592	4227
1594	1595
1597	1598
4198	1601
1600	4198
1603	1604
1606	1607
4218	1610
1609	4218
1612	1613
1615	1616
1618	4226
1619	4226
1621	1622
4228	1625
1624	4228
4229	1628
1627	1628
1630	1631
4251	1634
4252	1634
1633	4252
1636	1637
4269	4407
4270	4407
1640	4407
1639	4269
4272	4418
4271	4418
4419	4418
4273	4419
1643	4419
1642	4273
4275	1646
4274	4275
1645	4275
4276	4545
1648	4545
4277	4545
1649	4545
4290	4544
1651	4544
4291	4544
1652	4544
4295	4296
1654	4296
1655	4296
4300	4450
1658	4450
1657	1658
1660	4310
4301	4310
4309	4310
4302	4309
1661	4309
5320	4317
1664	4317
4314	1664
4311	4314
4313	4314
1663	4313
4312	4311
1662	4312
4320	4452
1667	4452
4319	4320
4318	4319
1666	4319
4325	1670
4322	4325
4324	4325
4321	4324
4323	4324
1669	4323
4328	4331
4330	4331
4327	4330
4329	4330
4326	4329
1673	4329
1672	1673
4334	4338
4333	4338
4337	4338
4332	4337
1676	4337
1675	1676
4340	4469
4470	4469
4339	4470
1679	4470
1678	1679
1681	4472
4341	4472
1682	4472
5321	1685
4343	1685
4342	4343
1684	4343
1683	4342
4344	4352
4351	4352
1687	4351
1688	4351
4360	1691
4358	4360
4359	4360
4357	4359
1690	4359
4362	4368
4361	4368
4367	4368
1693	4367
1694	4367
4370	4497
1697	4497
4371	1697
4369	4371
1696	4371
4372	4375
4373	4375
1700	4375
1699	4373
4376	1703
4377	1703
1702	4377
4378	1706
1705	1706
1708	4379
1709	4379
4381	1712
4380	4381
1711	4381
4382	4383
1715	4383
1714	1715
5324	5322
5322	4393
4392	4393
5324	4392
5325	4392
4391	4392
4387	4391
1718	4391
4386	4387
5324	4386
4385	4386
5323	4385
1717	4385
4384	1717
5322	4384
1716	4384
1720	1721
4403	1724
1723	4403
1726	1727
1729	4505
1730	4505
1732	4422
4416	4422
4421	4422
4417	4421
4420	4421
1733	4420
4430	4457
4429	4457
4456	4457
4428	4456
4455	4456
1735	4455
1736	4455
1738	4447
1739	4447
4448	1742
1741	1742
4449	4451
1745	4451
1744	4449
4460	1748
4463	1748
4459	4463
4462	4463
4458	4462
4461	4462
1747	4461
4466	4471
5327	4471
5328	4471
1751	4471
4468	1751
5326	4468
4467	4468
4464	4467
1750	4467
4465	4464
5328	4465
5327	4465
4466	4465
1753	4477
1754	4477
4478	1757
1756	1757
1759	1760
1762	1763
1765	4485
1766	4485
4486	1769
1768	1769
4491	1772
1771	4491
4492	1775
4493	1775
1774	4493
1777	1778
1780	1781
4504	1784
1783	4504
1786	1787
1789	1790
1792	4532
1793	4532
1795	1796
4533	1799
1798	1799
1801	1802
4553	4561
4554	4561
1805	4561
1804	4553
5334	5330
5334	5331
5334	5333
5329	1813
5331	1813
5189	1813
5330	5189
5188	5189
5333	5188
1812	5188
4565	1812
1808	1812
4564	4565
5334	4564
4563	4564
5332	4563
1807	4563
4562	1807
5331	4562
5329	4562
1806	4562
4568	4571
4567	4571
1811	4571
4569	1811
4566	4569
1810	4569
1813	4581
5189	4581
5336	4581
4580	4581
4579	4580
5337	4579
5335	4579
1816	4579
4573	1816
1812	4573
1815	4573
5337	1812
5188	1812
5336	5188
5189	5188
4574	1819
1818	1819
4584	1822
4587	1822
4583	4587
4586	4587
4582	4586
4585	4586
1821	4585
4593	4595
1825	4595
1824	4593
1827	1828
1830	1831
1833	1834
1836	4617
1837	4617
4618	1840
1839	1840
1842	1843
5207	1950
1847	5207
5194	5207
2192	5207
1845	1847
5200	4763
5199	4763
1973	4763
5193	1973
1974	5193
5198	1974
5338	1974
4761	1974
5339	4761
1851	4761
4648	1851
5196	4648
4647	4648
5195	4647
1850	4647
5194	1850
1847	1850
2192	5194
5197	5196
5338	5197
5198	5197
2193	5200
5201	2193
1848	5201
4650	4771
4649	4771
1854	4771
1853	1854
4657	1857
1856	4657
1859	4667
4661	4667
4666	4667
4662	4666
4665	4666
1860	4665
4670	4777
4669	4777
4778	4777
5341	4778
4779	4778
5340	4779
4671	4779
1863	4779
1862	4671
4668	1862
5341	4668
4669	4668
4672	1866
1865	1866
1868	1869
4675	4788
4676	4788
4789	4788
4677	4789
1872	4789
1871	4675
4683	1875
4680	4683
4682	4683
4679	4682
4681	4682
4678	4681
1874	4681
4686	4687
1880	4687
4685	1880
5190	1880
1879	5190
4684	1879
1878	1879
1877	1878
4688	4811
1880	4811
5342	4811
4812	4811
4813	4812
5343	4813
1883	4813
4689	1883
1879	4689
1882	4689
5342	1879
5190	1879
1880	5190
4691	1886
4690	4691
1885	4691
4692	4693
1889	4693
1888	1889
4694	1892
1891	1892
4699	4835
1895	4835
1894	4699
4700	4857
4701	4857
1898	4857
1897	4701
4702	1901
1900	1901
1903	4725
4711	4725
4724	4725
4712	4724
4723	4724
4713	4723
1904	4723
4716	4719
4718	4719
4715	4718
4717	4718
4714	4717
1907	4717
1906	1907
4728	4863
4727	4863
1910	4863
4726	1910
4729	1910
1909	4729
4730	1913
1912	1913
4733	1916
1915	4733
4734	1919
1918	1919
4737	1922
1921	4737
4739	1925
4738	4739
1924	4739
5346	5345
5348	5347
5348	5345
5348	4883
5346	4883
4884	4883
5344	4884
4885	4884
1930	4885
1928	4885
5192	1930
5345	5192
5191	5192
5347	5191
1929	5191
4740	1929
1927	1929
5348	4740
1926	4740
1930	1933
1935	1933
5204	1935
5192	5204
2195	5204
5203	2195
5191	5203
2194	5203
1929	2194
5202	2194
1934	5202
1932	1934
1935	1938
1940	1938
5204	1940
5206	1940
2195	5206
5208	1951
2193	5208
5200	2193
1940	5200
5206	5200
2195	5200
5199	5200
5203	5199
5198	5199
2194	5198
5349	5198
5197	5198
5350	5197
5196	5197
5352	5196
5351	5196
5195	5196
2192	5195
1943	2192
5207	2192
1950	5207
4742	1943
5352	4742
4741	4742
5350	4741
1942	4741
5349	1942
1939	1942
5205	1939
2194	5205
4744	1946
4746	1946
4743	4746
4745	4746
1945	4745
4748	4754
5353	4754
1949	4754
4749	1949
4747	4749
1948	4749
4748	4747
1953	1954
4756	1957
1956	4756
4757	1960
1959	1960
1962	1963
1965	1966
4758	1969
1968	4758
1973	4765
5193	4765
1974	4765
4764	4765
4760	4764
1972	4764
4759	1973
4762	1973
1971	4762
4767	5080
4766	5080
5081	5080
1976	5081
1977	5081
1979	5087
4768	5087
1980	5087
4770	1983
4769	4770
1982	4770
4772	5086
1986	5086
1985	4772
4776	4780
1989	4780
4775	4776
4773	4775
4774	4775
1988	4774
4781	1992
1991	1992
4782	5084
4783	5084
5085	5084
1995	5085
1994	4782
4787	1998
4785	4787
4786	4787
4784	4786
1997	4786
2000	5072
4790	5072
2001	5072
4791	4948
2004	4948
2003	2004
2006	2007
2009	2010
2012	2013
2015	2016
4804	4990
2019	4990
2018	4804
4805	2022
4806	2022
2021	4806
5354	4815
4809	4815
4814	4815
4810	4814
2025	4814
4808	4809
4807	4808
2024	4808
2023	4807
4819	2028
4817	4819
4818	4819
4816	4818
2027	4818
4821	5071
2031	5071
4820	2031
4822	2031
2030	4822
5355	4836
4824	4836
2034	4836
2033	4824
4823	2033
2032	4823
4825	4828
2037	4828
2036	2037
4839	5070
4840	5070
2040	5070
4837	4839
4838	4839
2039	4838
4843	2043
4846	2043
4842	4846
4845	4846
4841	4845
4844	4845
2042	4844
4849	5001
4848	5001
5002	5001
4847	5002
2046	5002
2045	2046
4852	2049
2048	4852
4853	2052
2051	2052
4856	2055
2054	4856
4860	2058
2057	4860
4861	4866
4865	4866
2060	4865
4862	4865
4864	4865
2061	4864
5358	5356
5357	5016
5356	5016
2064	5016
4872	2064
4871	4872
5358	4871
4867	4871
4870	4871
2063	4870
4868	4867
4869	4868
5357	4869
2062	4869
4875	4877
4874	4877
4876	4877
4873	4876
2067	4876
2066	2067
5359	4886
4882	4886
2070	4886
4881	4882
5360	4881
4880	4881
4878	4880
2069	4880
4879	4878
5359	4879
2068	4879
4892	2073
4890	4892
4891	4892
2072	4891
4894	5022
4893	5022
5023	5022
5361	5023
5024	5023
2075	5024
2076	5024
4893	2075
4895	2079
2078	4895
4896	2082
2081	2082
2084	2085
2087	2088
2090	2091
2093	4939
2094	4939
2096	2097
4940	2100
2099	2100
2102	4951
4941	4951
2103	4951
4942	2106
4943	2106
2105	4943
4944	2109
2108	2109
4947	2112
2111	4947
4952	2115
2114	2115
2117	4961
2118	4961
4963	2121
4962	4963
2120	4963
4967	2124
4968	2124
2123	4968
4969	4978
2126	4978
2127	4978
4979	4982
2129	4982
2130	4982
4983	2133
4984	2133
2132	4984
4986	2136
4985	4986
2135	4986
2138	2139
2141	5045
2142	5045
5000	5003
2145	5003
4999	5000
2144	4999
5004	5005
2147	5005
2148	5005
5006	2151
5007	2151
2150	5007
5015	2154
5014	5015
2153	5015
5017	5044
2157	5044
2156	5017
5362	5025
5020	5025
5021	5025
2160	5025
5019	5020
5018	5019
2159	5019
2158	5018
5029	2163
2162	2163
2165	5041
2166	5041
2168	5036
5034	5036
2169	5036
5035	2172
2171	2172
5037	5040
2175	5040
2174	2175
5073	5083
5363	5083
5364	5083
5082	5083
5075	5082
2178	5082
5074	5075
5363	5074
2177	5074
5073	2177
5079	2181
5077	5079
5078	5079
5076	5078
2180	5078
2183	2184
2186	2187
610	5166
613	5166
611	613
5173	615
771	615
764	5170
5365	5170
5171	5170
762	5171
761	5171
3102	762
764	3102
5172	3414
3116	3414
783	3414
765	3116
767	5174
766	5174
5175	3117
770	3117
786	3117
784	3117
5208	5201
2193	5201
1951	5208
1846	1951
5202	5205
1939	5205
1934	1939
1937	1939
5370	5367
5370	5369
5370	5366
4	5370
0	5370
5367	5370
27	5367
24	5367
5366	5367
21	5366
18	5366
5369	5366
15	5369
10	5369
5368	5369
7	5368
4	5368
5377	5372
5379	5373
5379	5374
5379	5375
5380	5375
5380	5376
5381	5376
5381	5377
5382	5379
5382	5380
5382	5381
3	5381
2238	5381
5377	5381
2236	5377
2234	5377
5372	5377
42	5372
2228	5372
5376	5372
2224	5376
5375	5376
2220	5375
5371	5375
5374	5375
5373	5374
2213	5373
2215	5373
2217	5373
5378	5373
1	5378
5382	5378
3	5382
40	2213
2220	40
5386	5385
2248	5385
51	5385
48	5385
2246	5385
5384	5385
2244	5384
5383	5384
2235	5384
5386	5384
2237	5386
2239	5386
6	5386
2248	5386
5	6
43	2235
45	43
2244	45
8	9
2249	8
52	2249
5389	5387
5394	5388
5394	5389
5395	5389
5395	5390
5397	5392
5397	5393
5397	5394
5397	5395
5397	5396
5397	5391
2270	5396
2268	5396
5395	5396
63	5395
5390	5395
60	5390
5389	5390
2264	5389
5387	5389
2262	5387
57	5387
55	5387
5388	5387
11	5388
5393	5388
14	5393
72	5393
5392	5393
69	5392
66	5392
2274	5392
5391	5392
2272	5391
2270	5391
16	17
5400	5399
2297	5399
81	5399
2293	5399
5398	5399
75	5398
70	5398
5400	5398
19	5400
20	5400
2297	5400
71	19
78	75
5401	5136
2300	5136
82	5136
2298	5136
23	5136
22	23
84	2300
32	84
90	84
87	84
31	32
5137	2201
25	2201
26	2201
5405	5403
2214	5403
5404	5403
2204	5403
2202	5403
5402	5403
33	5402
30	5402
2200	5402
5405	5402
28	5405
2216	5405
2214	5405
2	2216
2206	2204
2212	2206
36	2206
39	36
2214	2212
2207	35
2321	2207
2205	2207
99	2205
2203	2205
2308	2203
91	2203
34	2203
93	2308
96	93
2333	2231
111	2231
2227	2231
108	2227
2223	2227
2329	2223
38	2223
37	38
105	37
103	37
2335	2333
44	2335
114	2335
2247	47
117	2347
2245	2347
2247	2347
123	2347
115	2245
46	2245
126	124
56	50
2353	50
49	50
126	49
129	126
2265	59
5408	2265
2263	2265
5407	2263
58	2263
2356	58
5406	2356
130	2356
132	130
138	132
135	132
2365	138
5408	2365
141	2365
5407	5408
5411	5410
5412	5410
5414	5412
5414	5413
156	5413
153	5413
150	5413
5410	5413
5412	5413
147	5410
144	5410
5409	5410
142	5409
5411	5409
61	5411
5414	5411
62	5414
156	5414
5418	5416
2273	5416
2275	5416
2375	5416
2373	5416
5415	5416
2371	5415
159	5415
2369	5415
5418	5415
5417	5418
2271	5418
2273	5418
2269	2271
157	2269
64	2269
2369	157
162	159
2377	2375
65	2377
2381	165
5422	5419
5423	5422
74	5422
174	5422
5419	5422
2387	5419
2385	5419
5421	5419
2383	5421
5420	5421
5423	5421
2376	5423
2378	5423
74	5423
67	74
68	74
2374	2376
2372	2374
2381	2372
163	2372
2383	2381
168	2387
171	168
76	77
2409	177
180	2302
2415	2302
5424	2302
80	2302
2295	80
2411	2295
2409	2295
79	2295
173	79
172	173
2413	2411
2415	2413
2417	86
181	86
85	86
2419	2417
192	2419
5425	2419
2421	2419
2423	2421
183	2421
2425	2423
186	2425
189	186
192	189
198	2309
196	2309
88	2309
89	2309
5429	5426
5429	5427
5430	5427
5433	5428
5433	5429
5434	5429
5434	5430
5435	5433
5436	5433
5436	5434
5437	5436
2461	5436
2458	5436
5434	5436
216	5434
5430	5434
213	5430
5427	5430
210	5427
207	5427
204	5427
5426	5427
2449	5426
5428	5426
5431	5428
5432	5428
5435	5432
191	5435
199	5435
5437	5435
94	5437
95	5437
2461	5437
190	191
201	190
2449	201
2465	2467
2460	2467
2469	2467
2463	2469
98	2469
97	98
217	2460
2323	101
5438	2323
2470	2323
100	2323
2468	2470
220	2468
2472	220
222	220
104	2472
234	231
2330	107
2480	2330
5440	2330
106	2330
2474	106
5439	2474
223	2474
225	223
228	225
234	228
5440	234
2480	234
5445	5442
5445	5443
5445	5444
110	5444
252	5444
249	5444
246	5444
5443	5444
243	5443
5442	5443
240	5442
5441	5442
238	5441
109	5441
5445	5441
110	5445
264	261
5449	5448
2336	5448
113	5448
116	5448
2490	5448
5447	5448
2488	5447
5446	5447
255	5447
2484	5447
5449	5447
253	5449
2334	5449
2336	5449
112	2334
258	255
264	258
2488	264
270	119
2492	119
2491	119
118	119
2489	2491
267	2489
265	2489
2348	122
282	2348
5450	2348
121	2348
274	121
279	274
276	274
2509	279
282	2509
127	128
283	127
285	283
288	134
286	134
133	134
5453	5452
5454	5452
2527	5452
2525	5452
2523	5452
5451	5452
297	5451
294	5451
292	5451
136	5451
5453	5451
137	5453
5134	5453
5454	5453
145	5454
2531	5454
2529	5454
2527	5454
146	2531
300	2525
2366	140
5135	2366
139	2366
5458	5455
5459	5455
5459	5456
5460	5456
5461	5458
5462	5458
5462	5459
5463	5459
5463	5460
5464	5460
5465	5463
2551	5463
2549	5463
5464	5463
312	5464
309	5464
306	5464
5460	5464
2539	5460
5456	5460
2536	5456
5455	5456
303	5455
301	5455
2528	5455
5457	5455
2530	5457
2532	5457
5461	5457
148	5461
149	5461
5465	5461
5462	5461
2551	5465
160	161
5468	5132
5467	5132
5466	5132
152	5132
2552	152
151	152
2550	2552
5467	2550
2554	2550
313	2550
5468	2554
315	2554
318	315
164	318
160	164
5133	2370
154	2370
155	2370
2388	167
330	2388
327	2388
2386	2388
2384	2386
324	2384
321	2384
2561	2384
2382	2384
319	2382
166	2382
169	170
169	176
334	169
5471	5469
2422	5469
182	5469
339	5469
2593	5469
5470	5469
2412	5470
2414	5470
5471	5470
2416	5471
2418	5471
2420	5471
2422	5471
179	2418
2589	2412
2410	2412
337	2410
178	2410
2426	185
348	2426
2424	2426
345	2424
342	2424
184	2424
340	184
187	188
352	187
357	352
354	352
193	194
358	2613
2450	2613
203	2613
202	2450
5474	5472
5475	5472
5473	5472
5477	5474
5478	5474
5479	5474
5479	5475
5481	5477
5481	5478
205	5478
5479	5478
206	5479
389	5479
2638	5479
5475	5479
386	5475
383	5475
380	5475
5472	5475
375	5472
5476	5472
372	5476
366	5476
5473	5476
363	5473
5477	5473
5480	5477
361	5480
2614	5480
5481	5480
205	5481
369	366
208	209
390	208
395	2648
393	2648
211	2648
212	2648
5482	2466
2652	2466
215	2466
214	215
2649	214
401	2649
399	2649
404	2652
224	404
221	224
218	221
407	2662
405	2662
2664	2662
227	2664
226	227
2665	229
5094	259
5486	5483
5487	5483
5489	5484
5490	5484
425	5484
422	5484
416	5484
2674	5484
5488	5484
2183	5488
5100	5488
5489	5488
5098	5489
5096	5489
5490	5489
5492	5490
2694	5490
425	5490
2696	2694
5094	2696
260	2696
5096	5094
5102	2183
2671	5102
2186	5102
5487	2186
5104	2186
5486	5104
5106	5104
5485	5106
5108	5106
5491	5108
5110	5108
2665	5110
230	5110
2663	2665
5485	2663
411	2663
5483	411
413	411
5487	413
2671	413
419	416
5496	5494
5497	5494
5497	5495
5498	5497
5116	5497
5114	5497
5495	5497
5112	5495
5107	5495
5109	5495
5494	5495
5111	5494
5493	5494
232	5493
233	5493
5496	5493
5130	5496
5498	5496
241	5498
5118	5498
5116	5498
242	5118
5105	5107
2187	5105
5131	236
2481	236
235	2481
5504	5499
5504	5500
5505	5500
5505	5501
5506	5501
5506	5502
5507	5504
5508	5504
5508	5505
5509	5505
5509	5506
5510	5506
5511	5508
5512	5508
5512	5509
5510	5509
245	5510
5126	5510
5124	5510
5506	5510
5122	5506
5502	5506
5120	5502
2184	5502
5501	5502
5103	5501
5500	5501
2185	5500
5499	5500
5113	5499
5115	5499
5503	5499
5117	5503
5507	5503
5119	5507
5511	5507
244	5511
5512	5511
245	5512
5515	5514
256	5514
257	5514
5095	5514
5097	5514
5513	5514
5099	5513
5123	5513
5515	5513
5125	5515
5516	5515
5128	5515
256	5515
248	5128
5127	248
247	248
5125	5127
5121	5123
5101	5121
2182	5121
5129	2485
251	2485
250	251
5517	263
262	263
2697	262
2695	2697
431	2695
428	2695
426	2695
266	431
5518	2710
2712	2710
2493	2712
269	2712
268	2493
434	268
432	268
446	272
443	272
271	272
2730	271
2713	271
2711	2713
2716	2711
2714	2711
435	2711
2718	2716
2728	2718
2720	2718
440	2720
2722	2720
437	2722
5521	5519
5522	5521
5523	5521
1853	5521
1845	5521
5519	5521
367	5519
368	5519
438	5519
5520	5519
439	5520
449	5520
5522	5520
2740	5522
4653	5522
5523	5522
4651	5523
1853	5523
4655	4653
1856	4655
447	1856
278	1856
277	278
1850	1845
287	281
4659	281
2511	281
1857	2511
280	2511
1859	4659
1860	290
289	290
1865	1860
1862	1860
1868	1865
1869	295
1871	299
2526	299
4673	2526
2524	2526
1866	2524
298	2524
1867	298
1874	1871
1877	1874
2541	305
1885	2541
1882	2541
2538	2541
1878	2538
304	2538
307	308
1889	307
5092	2556
4697	2556
4695	2556
311	2556
310	311
1892	310
1894	4697
5090	1894
1897	1894
1900	1897
4703	1900
4705	4703
322	4705
323	4705
5524	2563
317	2563
5525	317
316	317
5093	316
5524	5093
5091	5093
320	5091
4709	326
4706	326
325	326
4707	4706
4704	4706
1901	4704
1903	4709
328	329
5529	5526
5533	5528
5534	5528
5534	5529
5535	5529
5535	5530
5536	5527
5532	5527
5533	5527
5537	5533
5538	5533
5538	5534
5539	5534
5539	5535
5540	5537
5537	5532
5541	5538
5542	5538
5542	5539
5543	5541
5541	5537
2592	5541
5542	5541
2596	5542
5539	5542
5535	5539
338	5535
341	5535
5530	5535
1918	5530
1915	5530
5529	5530
5526	5529
4731	5526
5527	5526
5528	5526
1912	5527
5531	5527
1909	5531
1904	5531
5536	5531
1905	5536
5540	5536
5543	5540
331	5543
332	5543
335	5543
2592	5543
343	344
5548	5545
5549	5545
5550	5545
5550	5546
5548	5544
5551	5549
5552	5549
5552	5550
4750	5550
1948	5550
1945	5550
5546	5550
1942	5546
1937	5546
5544	5546
5545	5546
1921	5544
5547	5544
4735	5547
5548	5547
1916	5548
5551	5548
1917	5551
5552	5551
347	5552
4750	5552
346	347
1924	1921
1932	1924
1927	1924
4752	350
349	350
1949	4752
1947	356
355	356
362	1947
1946	1947
1943	365
364	365
1944	364
436	371
370	371
2723	436
461	2723
5554	2723
2721	2723
2719	2721
5553	2719
2764	2719
2717	2719
2715	2717
2762	2715
433	2715
452	433
430	433
429	430
455	2764
458	455
5554	458
461	458
373	374
2790	379
2788	379
376	379
5555	376
463	376
5556	463
462	463
467	462
470	467
2786	470
5555	2786
2788	2786
473	2790
476	473
381	382
477	385
478	385
384	385
482	477
5557	388
2640	388
486	2640
387	2640
394	486
391	394
491	397
396	397
488	396
484	396
483	484
494	491
2653	403
495	2653
402	2653
509	409
506	409
408	409
503	408
493	408
492	493
497	492
500	497
512	509
515	512
417	515
518	515
521	518
418	521
5558	415
2676	415
2673	2676
414	2673
420	421
5564	5559
5564	5560
5565	5563
5565	5564
5566	5564
2887	5564
5560	5564
549	5560
546	5560
543	5560
540	5560
5559	5560
534	5559
529	5559
5562	5559
5563	5559
5561	5562
424	5562
5565	5562
427	5565
5566	5565
451	5566
2887	5566
423	424
520	423
519	520
526	519
529	526
537	534
2729	2748
2731	2748
442	2748
441	2729
2751	2741
444	2741
445	2741
2765	454
2889	2765
2763	2765
453	2763
456	457
5567	456
548	456
547	548
552	547
555	552
558	555
561	460
559	460
459	460
5572	5569
5573	5568
5571	5568
5572	5568
5575	5572
5576	5571
5574	5571
5575	5571
468	5575
469	5575
573	5575
5572	5575
2914	5572
5569	5572
570	5569
2911	5569
5568	5569
2909	5568
5570	5568
567	5570
564	5570
5573	5570
5576	5573
2905	5576
2903	5576
5574	5576
468	5574
562	468
5580	5578
5581	5578
5581	5579
582	5579
579	5579
576	5579
5578	5579
574	5578
5577	5578
471	5577
2787	5577
5580	5577
2789	5580
2791	5580
5581	5580
472	5581
585	5581
582	5581
588	585
474	475
591	474
589	474
594	591
487	594
498	594
597	594
499	597
489	490
5584	5582
5586	5584
5587	5584
5586	5583
5588	5586
5589	5586
5589	5587
5590	5587
5591	5589
619	5589
5590	5589
2952	5590
5587	5590
2950	5587
616	5587
5584	5587
611	5584
5582	5584
608	5582
605	5582
2944	5582
5583	5582
5585	5583
602	5585
5588	5585
598	5588
501	5588
5591	5588
502	5591
622	5591
619	5591
504	505
5595	5594
631	5594
628	5594
5592	5594
620	5594
5593	5594
621	5593
507	5593
508	5593
5595	5593
637	5595
634	5595
631	5595
625	620
628	625
510	511
2960	514
2958	514
513	514
636	513
635	636
640	2960
525	658
5596	517
516	517
646	516
644	516
649	646
652	649
655	652
525	655
527	2988
528	2988
661	656
5597	533
530	533
2995	530
2989	530
661	2989
657	2989
2998	2995
673	2998
664	2998
670	664
667	664
676	673
536	679
535	536
538	539
674	675
3032	542
541	542
3030	541
674	541
678	541
3034	3032
554	3034
682	3034
544	545
688	685
2904	557
5598	557
5599	557
556	557
688	556
683	556
3038	688
5598	3038
691	3038
2906	691
563	691
2904	2906
5602	5600
5603	5602
5604	5602
566	5602
706	5602
5600	5602
703	5600
700	5600
5601	5600
697	5601
5603	5601
694	5603
692	5603
5604	5603
565	5604
566	5604
2912	569
715	2912
712	2912
709	2912
2910	2912
707	2910
568	2910
718	715
5605	572
2916	572
571	2916
3058	571
722	571
575	3058
3059	578
577	578
724	3059
719	3059
720	3059
580	581
728	580
736	728
730	728
733	730
2947	584
583	584
604	583
740	583
593	2947
603	2947
586	587
595	596
3084	607
738	607
606	607
737	738
763	3084
742	3084
750	742
745	742
758	750
755	750
609	610
3104	776
3112	615
3110	615
3108	615
612	615
3106	612
767	612
3104	767
764	767
773	764
779	3112
782	779
5608	5607
3120	5607
791	5607
3118	5607
786	5607
5606	5607
617	5606
2951	5606
5608	5606
2953	5608
624	5608
3120	5608
618	624
788	3118
3121	3122
627	3122
626	627
5611	5609
5612	5611
3130	5611
3128	5611
3126	5611
5609	5611
797	5609
794	5609
789	5609
790	5609
5610	5609
3123	5610
5612	5610
629	5612
3132	5612
3130	5612
630	3132
800	3128
5619	5614
5619	5615
5619	5616
5620	5616
5620	5617
5621	5617
5622	5619
5622	5620
5622	5621
2959	5621
2961	5621
639	5621
806	5621
5617	5621
3137	5617
5616	5617
803	5616
5613	5616
5615	5616
5614	5615
3131	5614
3133	5614
632	5614
5618	5614
633	5618
5622	5618
2959	5622
801	3131
803	801
641	642
821	641
818	641
807	641
809	807
815	809
812	809
824	821
647	648
3173	651
3171	651
650	651
823	650
822	823
827	3173
831	654
653	654
833	831
5623	3197
5624	3197
663	3197
3000	663
3181	3000
2997	3000
834	2997
662	2997
836	3181
5623	836
839	836
842	839
848	842
845	842
3198	666
665	666
851	3198
849	3198
862	3219
668	3219
669	3219
855	668
859	855
3035	681
5627	5625
5628	5627
3229	5627
3227	5627
3225	5627
5625	5627
871	5625
3220	5625
5626	5625
671	5626
672	5626
3031	5626
5628	5626
3033	5628
3035	5628
3231	5628
3229	5628
684	3231
866	3220
868	866
5631	5629
4637	5629
695	5629
3239	5629
3237	5629
3235	5629
5630	5629
3228	5630
3230	5630
3232	5630
5631	5630
687	5631
4637	5631
686	687
3233	3228
3226	3228
872	3226
696	3239
3039	690
4638	3039
689	3039
5636	5632
5638	5633
5638	5634
5639	5634
5639	5635
5640	5635
5640	5636
5641	5639
3238	5639
5640	5639
3240	5640
698	5640
5636	5640
699	5636
5632	5636
880	5632
3255	5632
5634	5632
5635	5632
3251	5634
5633	5634
877	5633
874	5633
869	5633
5637	5633
870	5637
3234	5637
5641	5637
5638	5637
3236	5641
3238	5641
881	702
701	702
708	889
886	705
704	705
884	704
895	892
5643	5642
904	5642
901	5642
898	5642
5644	5642
895	5644
890	5644
710	5644
5643	5644
907	5643
904	5643
711	907
713	714
5649	5646
5650	5646
5650	5647
5649	5645
5651	5650
916	5650
913	5650
3286	5650
5647	5650
910	5647
3283	5647
5646	5647
3281	5646
5645	5646
905	5645
5648	5645
906	5648
716	5648
717	5648
5649	5648
5651	5649
723	5651
922	5651
919	5651
916	5651
925	726
923	726
725	726
5652	732
731	732
926	731
918	926
917	918
928	917
931	928
934	931
935	3085
734	3085
735	3085
743	744
933	743
932	933
937	932
943	3340
3334	3340
3342	3340
3331	3342
3344	3342
941	3344
3346	3344
746	3346
749	3346
949	943
946	943
5657	5654
5656	5654
955	5654
3350	5654
5655	5654
5653	5655
3341	5655
3343	5655
5657	5655
3345	5657
3358	5657
5656	5657
958	5656
955	5656
3347	3358
961	3358
751	961
754	961
953	3341
3348	953
3350	3348
756	757
960	762
759	762
3361	960
3368	3361
959	3361
964	959
3369	774
5660	5658
973	5658
970	5658
967	5658
965	5658
5659	5658
3369	5659
3378	5659
3376	5659
5660	5659
3374	5660
3372	5660
973	5660
976	3372
775	3378
3113	778
5664	5661
5664	5662
5665	5664
5669	5666
5670	5668
5670	5669
3113	5669
3405	5669
3403	5669
5666	5669
3401	5666
3395	5666
5668	5666
3392	5668
5667	5668
3389	5667
3109	5667
3111	5667
5670	5667
3113	5670
5665	3109
3107	3109
5663	3107
3105	3107
3379	3105
777	3105
5661	3379
3377	3379
3375	3377
5662	3375
977	3375
3383	977
982	977
979	977
5664	3383
3386	3383
5665	3386
3389	3386
991	3395
985	3395
988	985
994	3405
3407	995
1003	781
780	781
3407	780
1000	3407
997	3407
793	3119
1009	3119
1007	3119
783	3119
784	3119
795	796
1015	795
1012	795
1010	795
1018	1015
5671	799
3129	799
3449	3129
3447	3129
3127	3129
798	3127
1022	798
1024	3449
3451	1024
802	3451
1027	3451
1030	1027
3139	805
1033	3139
1031	3139
804	3139
810	811
1039	814
1032	814
813	814
3460	1032
1029	1032
1028	1029
1036	1028
5672	3494
1054	3494
3496	3494
1051	3496
1048	3496
3498	3496
3500	3498
1045	3500
3502	3500
1043	3502
3504	3502
816	3504
817	3504
1057	1054
1060	1057
3508	1063
3174	826
5684	5675
5685	5675
5685	5676
5686	5676
5686	5677
5687	5677
5687	5678
5688	5678
5688	5679
5689	5679
5689	5680
5690	5680
5690	5681
5691	5681
5691	5682
5692	5686
5693	5686
5693	5687
5694	5687
5694	5688
5695	5688
5695	5689
5695	5690
5696	5690
5696	5691
3514	5691
3512	5691
3510	5691
5683	5691
5682	5691
3497	5682
3499	5682
5681	5682
3501	5681
5680	5681
3503	5680
5679	5680
3505	5679
5678	5679
5677	5678
819	5677
5676	5677
820	5676
5675	5676
3172	5675
5674	5675
5673	5674
5684	5674
3522	5684
3520	5684
5692	5684
5685	5684
3518	5692
1069	5692
5693	5692
3516	5693
5694	5693
5695	5694
1066	5695
5696	5695
3514	5696
3524	3522
3174	3524
1072	3524
3172	3174
3495	3497
3508	3495
1061	3495
3510	3508
1075	1073
828	829
1075	828
5697	1075
5699	1075
3528	1075
5698	3528
1078	3528
3530	1078
1081	1078
3532	3530
5697	3532
835	3532
3184	835
832	3184
5699	5697
5704	5700
5704	5701
5705	5701
5705	5702
5706	5702
5708	5703
5708	5704
5709	5704
5709	5705
5710	5705
5710	5706
3533	5706
837	5706
838	5706
5702	5706
3543	5702
5701	5702
5700	5701
1090	5700
1087	5700
5703	5700
3538	5703
5707	5703
3536	5707
1084	5707
5708	5707
1082	5708
5709	5708
5710	5709
3531	5710
3533	5710
5711	3547
841	3547
3545	841
840	841
1091	3545
3548	844
843	844
3555	3548
1089	3548
3553	1089
1096	1089
1088	1089
3551	1088
3549	1088
1093	3549
1108	847
3560	847
846	847
1100	846
1105	1100
1102	1100
1114	853
852	853
1111	852
1109	852
860	861
3602	1129
5714	5712
5715	5714
5716	5714
3606	5714
3604	5714
5712	5714
3602	5712
3598	5712
3596	5712
5713	5712
3594	5713
5715	5713
1123	5715
1120	5715
5716	5715
3584	5716
5717	5716
3608	5716
3606	5716
1132	3608
3584	1132
3610	1132
3581	3610
1135	3610
873	1135
867	873
864	867
1117	864
1112	864
1113	864
863	864
1126	3598
875	876
5720	5718
5721	5718
5723	5719
5723	5720
5724	5720
5724	5721
5725	5721
894	5721
3618	5721
5718	5721
3616	5718
3614	5718
5719	5718
3612	5719
1133	5719
5722	5719
3611	5722
3254	5722
5723	5722
3258	5723
5724	5723
879	5724
5725	5724
882	5725
893	5725
894	5725
885	893
1134	3254
878	3254
891	887
5728	5726
5729	5726
3617	5726
3620	5726
1138	5726
5727	5726
1130	5727
3603	5727
5728	5727
3605	5728
5729	5728
3607	5729
3615	5729
3617	5729
3613	3615
3609	3613
1131	3613
3619	3620
897	3620
896	897
3621	3622
900	3622
899	900
1141	1127
3624	1144
5732	5730
5733	5730
1137	5730
3623	5730
5731	5730
902	5731
3282	5731
3284	5731
5732	5731
1147	5732
3624	5732
5733	5732
1141	5733
1128	5733
1137	5733
909	1147
903	3282
3288	912
930	3288
936	3288
5734	3288
911	3288
1148	911
1150	1148
936	1150
914	915
920	921
1151	3336
3333	3336
938	3333
939	3333
1162	1151
1153	1151
1159	1153
1156	1153
944	945
1163	944
1174	3656
1171	3656
1168	3656
948	3656
1166	948
947	948
1186	3351
1183	3351
5735	3351
3349	3351
5736	3349
951	3349
950	951
3657	950
1180	3657
1178	3657
5735	1180
1183	1180
956	957
3668	956
1189	956
1187	956
966	3668
3670	3672
5737	3672
3674	3672
3669	3674
969	3674
968	969
1190	3669
1192	1190
3670	1192
5740	5738
3680	5738
3678	5738
3673	5738
3675	5738
5739	5738
971	5739
972	5739
3684	5739
5740	5739
1204	5740
3682	5740
3680	5740
1201	3682
1196	3673
1198	1196
5741	975
3373	975
3685	3373
974	3373
1205	3685
978	1205
1203	980
4630	986
5743	4630
4633	4630
5742	4633
1203	4633
981	4633
1202	1203
1207	1202
5743	1207
5744	1207
1210	1207
987	1210
5743	987
5745	4635
5747	4635
4632	4635
984	4632
3397	984
3394	3397
5746	3394
3391	3394
3388	3391
5745	3388
3385	3388
983	3385
5747	5745
3688	3690
990	3690
1211	990
989	990
996	1219
5750	3408
3406	3408
993	3408
3404	3406
5749	3404
3402	3404
5748	3402
3691	3402
992	3402
1214	3691
1216	1214
996	1216
5749	996
5750	996
5751	3696
998	3696
999	3696
1220	998
3694	1220
1222	3694
1225	1222
5752	1002
1001	1002
1231	1001
3698	1001
3697	1001
1228	3697
1226	3697
1014	1231
1013	1014
1004	1005
1011	1004
1232	1017
1016	1017
3700	1232
5753	3700
1234	3700
1237	1234
3706	1237
3708	3706
1246	3708
1243	3708
1240	3708
3724	3450
5754	3450
3448	3450
1247	3448
1020	3448
1019	1020
1249	1247
3724	1249
3452	1026
1261	3452
5757	3452
1025	3452
3725	1025
5756	3725
5755	3725
1250	3725
1252	1250
3736	1252
3730	1252
3732	3730
1258	3732
1255	3732
3738	3736
5756	3738
5757	3738
1261	3738
5764	5758
5764	5759
5765	5759
5765	5760
5766	5760
5766	5761
5767	5761
5769	5762
5769	5763
5770	5763
5770	5764
5770	5765
5771	5765
5771	5766
5772	5766
5772	5767
5773	5769
5774	5769
5774	5770
5774	5771
5775	5771
5775	5772
5776	5774
5776	5775
1047	5775
5772	5775
1276	5772
5767	5772
1273	5767
5761	5767
3750	5761
1270	5761
5760	5761
5759	5760
1267	5759
5758	5759
1264	5758
1262	5758
5762	5758
5763	5758
1037	5762
5768	5762
3462	5768
5773	5768
1038	5773
5776	5773
1046	5776
1047	5776
1040	1041
1049	1050
5779	5777
5780	5777
5781	5779
5782	5779
5782	5780
5783	5780
5784	5782
5785	5782
5786	5782
5786	5783
5788	5784
5788	5785
5788	5786
5789	5788
3783	5788
1291	5788
3780	5788
5786	5788
3778	5786
5783	5786
3776	5783
5780	5783
1288	5780
3772	5780
5777	5780
3769	5777
3764	5777
5778	5777
3761	5778
1279	5778
5781	5778
5784	5781
1274	5784
5787	5784
1275	5787
5789	5787
1052	5789
1053	5789
3783	5789
1285	3764
1282	3764
5790	1056
3785	1056
1055	1056
1292	3785
3787	1292
3552	3787
1095	3787
1094	3552
1058	1059
5791	1062
1058	1062
1092	1058
5792	1092
3550	1092
5793	3550
3539	3550
1086	3550
3537	3539
4605	3537
1827	3537
1085	3537
5792	4605
1830	4605
5791	1830
1833	4609
5796	4609
4611	4609
5795	4611
4613	4611
3513	4613
4615	4613
3515	4615
1065	4615
3511	3513
5794	3511
3509	3511
1064	3509
1831	1064
4607	1831
5796	4607
1833	4607
5795	5796
5807	5798
5808	5798
5808	5799
5808	5800
5809	5800
5809	5801
5809	5802
5810	5802
5810	5803
5811	5803
5811	5804
5812	5806
5812	5807
5807	5797
5813	5808
5813	5809
5813	5810
5813	5811
5813	5812
5813	5807
5811	5812
1837	5811
5804	5811
4610	5804
5803	5804
4612	5803
5802	5803
4614	5802
4616	5802
5801	5802
1067	5801
5800	5801
3517	5800
5799	5800
1068	5799
5798	5799
4625	5798
4623	5798
5797	5798
4621	5797
5806	5797
4619	5806
5805	5806
1839	5805
1837	5805
5814	1071
3525	1071
3523	3525
5815	3523
3521	3523
4624	3521
4626	3521
3519	3521
1070	3519
4622	4624
5816	4622
4620	4622
1842	4620
1840	4620
4627	1842
1074	4627
5814	1074
5815	5814
3529	1077
4628	3529
1076	3529
5818	1080
5819	1080
1079	1080
1841	1079
1838	1841
5818	1838
1835	1838
5817	1835
1834	1835
1826	1834
1083	1826
5818	1083
3791	1294
3556	1098
1297	3556
3793	3556
3554	3556
5822	3554
1097	3554
5821	1097
3788	1097
5820	3788
3781	3788
1290	3788
3779	3781
3791	3779
3777	3779
1289	3777
5821	3791
3793	3791
5822	3793
1300	3799
1298	3799
1104	3799
1103	1104
5825	5823
5826	5823
5827	5825
5828	5825
5829	5825
5829	5826
5830	5826
5831	5828
5832	5828
5833	5828
5833	5829
5834	5829
5834	5830
5835	5832
5836	5832
5836	5833
5837	5833
5837	5834
1116	5834
1121	5834
5830	5834
1122	5830
5826	5830
5823	5826
1315	5823
1309	5823
3803	5823
5824	5823
1306	5824
5827	5824
1304	5827
5831	5827
3800	5831
5835	5831
1106	5835
5836	5835
3562	5836
5837	5836
1107	5837
1110	5837
1116	5837
1312	1309
5838	1119
3586	1119
5839	3586
3583	3586
5838	3583
1118	3583
1125	1140
5840	1125
3599	1125
5841	3599
3597	3599
5842	3597
3595	3597
1316	3595
1124	3595
1318	1316
5841	1318
1321	1318
5840	1321
1324	1321
1325	1142
1322	1323
5843	1146
3625	1146
5844	3625
1145	3625
1322	1145
1152	1322
5843	1152
1149	1152
5845	1155
1154	1155
1320	1154
1319	1320
1327	1319
1330	1327
1336	1330
1333	1330
1157	1158
5849	5847
5850	5847
5851	5847
5851	5848
1161	5848
1164	5848
1167	5848
3848	5848
5847	5848
5846	5847
1361	5846
1356	5846
5849	5846
1353	5849
1350	5849
5852	5849
5850	5849
5851	5850
1334	5851
1335	5851
1160	5851
1161	5851
1339	1334
1347	1339
1344	1339
1350	1347
3850	1170
1169	1170
1362	3850
1365	3862
1172	3862
1173	3862
1394	1391
5857	5854
5857	5855
5858	5855
5859	5855
5860	5858
5861	5858
5861	5859
1179	5859
1397	5859
1388	5859
1385	5859
5855	5859
5854	5855
5853	5854
5856	5854
1370	5856
1368	5856
5857	5856
3863	5857
5860	5857
1175	5860
1176	5860
5861	5860
1179	5861
1376	1370
1373	1370
1379	1376
1382	1379
1385	1382
1394	1388
1181	1182
1184	1185
1191	1184
3913	1184
1396	1184
1395	1396
1400	3913
3921	1194
3918	1194
3671	1194
1401	3671
1193	3671
3924	3921
3940	3924
3927	3924
1415	3927
5862	3927
1403	3927
1406	1403
3935	1406
1409	1406
1412	3935
1415	1412
5866	5864
5867	5864
5868	5864
5866	5863
5869	5866
5870	5866
5870	5867
5871	5867
5871	5868
5872	5868
5873	5870
5874	5870
5874	5871
5875	5871
5875	5872
3944	5872
1416	5872
5868	5872
3942	5868
5864	5868
1199	5864
3679	5864
5863	5864
3681	5863
5865	5863
3683	5865
5869	5865
1200	5869
1206	5869
5873	5869
3948	5873
5874	5873
3946	5874
5875	5874
3944	5875
5880	3689
5878	3689
5877	3689
1209	3689
3949	1209
1208	1209
5878	3949
3947	3949
5879	3947
5876	3947
3945	3947
1413	3945
1414	3945
3950	1413
5879	3950
3952	3950
5880	3952
1215	3952
1212	1215
5878	5880
3953	1217
3953	3695
1218	3695
1410	3953
3951	3953
3936	3951
1411	3951
1223	1224
1421	1223
1408	1223
1418	1408
1407	1408
1424	1421
3699	3701
1230	3701
1229	3699
1425	1229
1235	1236
1423	3976
1235	3976
1433	3976
1427	1423
1422	1423
1436	1434
5882	1239
5884	1239
3709	1239
5883	3709
3707	3709
3985	3707
1436	3707
1238	3707
5882	3985
5881	3985
1439	3985
1445	1439
1442	1439
3996	1445
1448	3996
5882	1448
1451	1448
5884	5882
1457	1454
1241	1242
1241	1457
1251	1458
1244	1245
1251	1244
5885	4555
5886	4555
1254	4555
3733	1254
1455	3733
3731	3733
1456	3731
1253	3731
1352	1455
5885	1352
1351	1352
1804	1351
5891	5888
5891	5889
5892	5889
3763	5889
3766	5889
5887	5889
5888	5889
1805	5888
4558	5888
1256	5888
5890	5888
1257	5890
1824	5890
1268	5890
1269	5890
5891	5890
5892	5891
1280	5892
3763	5892
1810	1805
1807	1805
1281	1810
3766	1281
5893	1260
3739	1260
3737	3739
1259	3737
1825	1259
1263	1825
1265	1266
3751	1272
1271	3751
1283	1284
3774	1287
5897	5894
5898	5894
5898	5895
5899	5895
1305	5895
4575	5895
5894	5895
1818	5894
5896	5894
1815	5896
1808	5896
1809	5896
5897	5896
1286	5897
3771	5897
5898	5897
3774	5898
5899	5898
5900	5899
1302	5899
1305	5899
1301	1302
1293	1301
3774	1293
3794	1296
5901	3794
3792	3794
1295	3792
1299	1295
4576	4577
3804	4577
1308	4577
1307	3804
1310	1311
4578	1310
5902	4578
1817	4578
1821	1817
1816	1817
1340	1821
1343	1821
1329	1340
1328	1329
1313	1314
1326	1313
1331	1332
1345	1346
1806	1349
1814	1349
1348	1349
1820	1348
1449	1450
1453	4017
1354	4017
1355	4017
5908	5903
5908	5904
5909	5904
5909	5905
5910	5905
5911	5905
5911	5906
5912	5906
5914	5907
5914	5908
5915	5908
5915	5909
5916	5909
5916	5910
5917	5910
5917	5911
5918	5914
5919	5914
5919	5915
5916	5915
4019	5916
5917	5916
1357	5917
5912	5917
5911	5917
1360	5912
1363	5912
1366	5912
5906	5912
1369	5906
5905	5906
5904	5905
4032	5904
5903	5904
1463	5903
5907	5903
1460	5907
4022	5907
5913	5907
1446	5913
5918	5913
3998	5918
5919	5918
1447	5919
4019	5919
4033	1372
1371	1372
1462	1374
5920	1375
1462	1375
5921	1462
1461	1462
1466	1461
4040	1466
4042	4040
5920	4042
1469	4042
1472	1469
1377	1378
5924	5923
5926	5924
1493	5924
5923	5924
4069	5923
5922	5923
1490	5922
1487	5922
4062	5922
5924	5922
5925	5924
4044	5925
1470	5925
1471	5925
5926	5925
1380	5926
1381	5926
1493	5926
4046	4044
4060	4046
4048	4046
1484	4048
1475	4048
1481	1475
1478	1475
1383	1384
5929	5927
5930	5927
5932	5929
5932	5930
5933	5930
5934	5933
5935	5933
1505	5933
5930	5933
1502	5930
5927	5930
1499	5927
1496	5927
5928	5927
1491	5928
4071	5928
5931	5928
5929	5928
1492	5931
1386	5931
5932	5931
5934	5932
1387	5934
1514	5934
1511	5934
5935	5934
1508	5935
1505	5935
1515	1389
1512	3915
1513	3915
1393	3915
1392	1393
5936	1512
1517	1512
1520	1517
3920	1520
3923	1520
4098	1520
3926	4098
3929	4098
1523	4098
1402	1523
1526	1523
1399	3920
1538	1405
1535	1405
1404	1405
1532	1404
1527	1404
1529	1527
1539	1420
1419	1420
4158	1429
4156	1429
1428	1429
1537	1428
4154	1537
4152	1537
1536	1537
4150	1536
4148	1536
1541	1536
4146	1541
1544	1541
4144	1544
1547	1544
4142	1547
4140	1547
5937	1547
1552	1547
1555	1552
1558	1555
4138	1558
4140	4138
1561	4158
5938	1432
3977	1432
1565	3977
1431	3977
4163	1565
4166	4163
4549	4166
1567	4166
1440	1567
1570	1567
1573	1570
1441	1573
1435	4549
3987	4551
1438	4551
1465	1579
1465	4024
1576	4024
1574	4024
1444	4024
1443	1444
4188	4049
4047	4049
4043	4047
4045	4047
1468	4045
1582	4043
4041	4043
4186	4041
4184	4041
1467	4041
1580	1467
1554	1477
1476	1477
1585	1476
4189	1476
1583	4189
5940	1480
1479	1480
1551	1479
5941	1551
1548	1551
4265	1548
4284	4265
4267	4265
4281	4267
1636	4267
1639	1636
4278	1639
1642	1639
1645	1642
1648	1645
4287	4284
5939	4287
1651	4287
4292	1651
5940	4292
1654	4292
5941	5940
1657	4303
4297	4303
1483	4303
1655	1483
1482	1483
1661	1486
4063	1486
4306	4063
4061	4063
1485	4061
1672	1489
1669	1489
1666	1489
1488	1489
1664	1488
1673	4335
1497	4335
1498	4335
5942	4345
4347	4345
1678	4347
5943	4347
4349	4347
1500	4349
1501	4349
4336	1500
1676	4336
1678	1676
1681	1678
1684	1681
1687	1684
5947	5945
5948	5945
5948	5944
4353	5944
1688	5944
4346	5944
5945	5944
4348	5945
4350	5945
5946	5945
1503	5946
1504	5946
4365	5946
5947	5946
4363	5947
5948	5947
5949	5948
1690	5948
4353	5948
1693	1690
4363	1693
5950	1507
4366	1507
1506	1507
4364	4366
5951	4364
1694	4364
1696	1694
1519	1696
1699	1696
1518	1519
5950	1518
1509	1510
1705	1522
4100	1522
1702	4100
1700	4100
1521	4100
1711	1525
1709	1525
1524	1525
1714	1711
1715	1531
1530	1531
1718	1534
1533	1534
1542	1543
1716	1542
1713	1716
4399	4268
5952	4268
4266	4268
1545	4266
1546	4266
5953	1545
1710	1545
1707	1710
1720	1707
1706	1707
4397	1720
5952	4397
4399	4397
1556	1557
5956	5955
5957	5955
5958	5957
4194	5957
4192	5957
5955	5957
1588	5955
1586	5955
5954	5955
1556	5954
1600	5954
1597	5954
5956	5954
4196	5956
5958	5956
1594	5958
4194	5958
1591	4194
4200	1601
5962	5959
5965	5960
5965	5961
5966	5961
5966	5962
5968	5963
5968	5964
5969	5964
5969	5965
5970	5965
5970	5966
5972	5967
5972	5968
5973	5968
5973	5969
5974	5969
5974	5970
5975	5972
5976	5972
5976	5973
5977	5973
5977	5974
5979	5976
5980	5976
5980	5977
5981	5979
5979	5975
4212	5979
5980	5979
4210	5980
1606	5980
5977	5980
4208	5977
5974	5977
1603	5974
5970	5974
4206	5970
5966	5970
4204	5966
5962	5966
4202	5962
5959	5962
4200	5959
4139	5959
4141	5959
4143	5959
5961	5959
5960	5961
4145	5960
4147	5960
5964	5960
5963	5964
4149	5963
5967	5963
4151	5967
5971	5967
4153	5971
5978	5971
5975	5971
4155	5978
4157	5978
5981	5978
4159	5981
4216	5981
4214	5981
4212	5981
1560	4216
1609	4216
1559	4139
4224	4168
5982	4168
4220	4168
4165	4168
1612	4165
1610	4165
1563	4165
1562	1563
1615	4220
4222	1615
1618	1615
4224	4222
5985	5984
5986	5984
5989	5985
5989	5986
5990	5986
5990	5987
5991	5987
5992	5989
5993	5989
5993	5990
5993	5991
1568	5991
1569	5991
4253	5991
5987	5991
1633	5987
5984	5987
5986	5987
1589	5984
5983	5984
4193	5983
4195	5983
5985	5983
1590	5985
5988	5985
1619	5988
5992	5988
4223	5992
5993	5992
4225	5993
1568	5993
4255	1572
1571	1572
1634	4255
1632	1577
1587	4187
1632	4187
4185	4187
1578	4185
1584	1587
5996	5995
5997	5995
5998	5997
1616	5997
1617	5997
1592	5997
5995	5997
1593	5995
5994	5995
1630	5994
1627	5994
5996	5994
1624	5996
5998	5996
1621	5998
1616	5998
4197	4230
1596	4230
1595	4197
6001	6000
4231	6000
1598	6000
4201	6000
5999	6000
4203	5999
4205	5999
4236	5999
4234	5999
6001	5999
4232	6001
1629	6001
4231	6001
1628	1629
4238	4236
4207	4238
1602	4238
1599	4201
6007	6002
6007	6003
6008	6003
6008	6004
6009	6004
6011	6005
6011	6006
6012	6006
6012	6007
6013	6007
6013	6008
6013	6009
6014	6009
6015	6011
6015	6012
6016	6012
6016	6013
6016	6014
6017	6014
6018	6016
6018	6017
4242	6017
4240	6017
1625	6017
6014	6017
1626	6014
6009	6014
4233	6009
6004	6009
4235	6004
4237	6004
6003	6004
4239	6003
6002	6003
1604	6002
6005	6002
6006	6002
4209	6005
1605	6005
6010	6005
4246	6010
6015	6010
4244	6015
6018	6015
4242	6018
6022	6019
6022	6020
4215	6020
4217	6020
1608	6020
1611	6020
6019	6020
4248	6019
6021	6019
1622	6021
4241	6021
4243	6021
6022	6021
4245	6022
4213	6022
4215	6022
4247	4213
4211	4213
1607	4211
1623	4241
4221	1614
4249	4221
1613	4221
6023	4404
1637	4404
1638	4404
4400	1637
6024	4400
4398	4400
1721	4398
4401	1721
6023	4401
1723	4401
4414	1641
6025	1641
1640	1641
6026	1640
4406	1640
6027	4406
1724	4406
1726	1724
1729	1726
4408	1729
4410	4408
6026	4410
4412	4410
6025	4412
4414	4412
6031	6029
6032	6029
6032	6030
6034	6031
6034	6032
6035	6034
4445	6034
4443	6034
6032	6034
6030	6032
4441	6030
4435	6030
4433	6030
6029	6030
6028	6029
4431	6028
4423	6028
1733	6028
6031	6028
6033	6031
1643	6033
6035	6033
1644	6035
4445	6035
1735	4423
4439	4435
4437	4435
1738	4437
4446	1646
6040	6036
6040	6037
6041	6037
6045	6038
6045	6039
6046	6039
6046	6040
6047	6040
6047	6041
6048	6044
6048	6045
6049	6045
6049	6046
6050	6046
6050	6047
1653	6047
4299	6047
6042	6047
6041	6047
6037	6041
1741	6037
1739	6037
6036	6037
4440	6036
4442	6036
6038	6036
6039	6036
4444	6038
6043	6038
6044	6038
4446	6043
1647	6043
1652	6043
6048	6043
4294	6048
6049	6048
6050	6049
1653	6050
1744	1741
1656	1744
4299	1656
6052	1650
4289	1650
4286	4289
6051	4286
4283	4286
4280	4283
1649	4280
6052	1649
1665	1659
1745	1659
1658	1659
1743	4453
1667	4453
1668	4453
6055	6053
6056	6053
6057	6053
6058	6053
6059	6053
6054	6053
6061	6055
6062	6055
6063	6057
6064	6057
6064	6058
6065	6058
6066	6058
6066	6059
6067	6059
6068	6059
6068	6054
6060	6054
6061	6054
6069	6065
6070	6065
6071	6065
6071	6066
6072	6066
6072	6067
1677	6067
6068	6067
1750	6068
6060	6068
1747	6060
6061	6060
1736	6061
6062	6061
4432	6062
4434	6062
6056	6062
6055	6062
4436	6056
6063	6056
4438	6063
1737	6063
6064	6063
6069	6064
1740	6069
6070	6069
4454	6070
6071	6070
1670	6071
1671	6071
6072	6071
1674	6072
1677	6072
1679	1680
4475	1683
1682	1683
4473	1682
1749	1682
1748	1749
6075	6073
4479	6073
1759	6073
1686	6073
4356	6073
6074	6073
1689	6074
4483	6074
6075	6074
4481	6075
1762	6075
4479	6075
1765	1762
1756	1686
1685	1686
1754	1685
6080	6076
6080	6077
6082	6079
6083	6079
6083	6080
6083	6081
6085	6083
6085	6084
6084	6081
1774	6084
4489	6084
4487	6084
6081	6084
1768	6081
6080	6081
1766	6080
6077	6080
4482	6077
6076	6077
4484	6076
1691	6076
1692	6076
6078	6076
6079	6076
1695	6078
6082	6078
4494	6082
6085	6082
1774	6085
1771	4489
4496	1698
1697	1698
1775	4496
6086	1704
1703	1704
1773	1703
1772	1773
4498	1772
4402	4498
4500	4498
1722	4500
1725	4500
1719	4402
6090	6088
6090	6089
4501	6089
1727	6089
1728	6089
1783	6089
1780	6089
6088	6089
4502	6088
6087	6088
1777	6087
4488	6087
4490	6087
6090	6087
1770	6090
4499	6090
4501	6090
1769	4488
6093	6091
6094	6091
6101	6098
6101	6099
6102	6101
4411	6101
4413	6101
6099	6101
4415	6099
2188	6099
6098	6099
6097	6098
4510	6098
6100	6098
4508	6100
6102	6100
4506	6102
4409	6102
4411	6102
1730	4409
1784	1730
4512	4510
1786	4512
5146	1786
4514	1786
5144	4514
1789	4514
6092	1789
4516	1789
6091	4516
4518	4516
6094	4518
6096	4518
4520	4518
1755	4520
4476	1755
1752	1755
4474	4476
6094	4474
1746	4474
6093	1746
6095	1746
1734	1746
5140	1734
4427	1734
5138	4427
1731	4427
4415	1731
2188	4415
5142	5140
6093	5142
6092	5142
5144	5142
2188	5146
6105	6103
4526	6103
4524	6103
4519	6103
6104	6103
4521	6104
1757	6104
1758	6104
6105	6104
4530	6105
4526	6105
4528	4526
1795	4528
1792	4528
4517	4519
4522	4517
1790	4517
4480	1761
4531	4480
1760	4480
6109	6106
6108	6106
6110	6108
1767	6110
1776	6110
6111	6110
6108	6110
1798	6108
6106	6108
1793	6106
1794	6106
6107	6106
1763	6107
6109	6107
1764	6109
1767	6109
1801	1798
1776	1801
4503	4534
1779	4534
1778	4503
6115	6113
6116	6113
6116	6114
4509	6114
4511	6114
4540	6114
6113	6114
4538	6113
6112	6113
4536	6112
1800	6112
4535	6112
6115	6112
1781	6115
6116	6115
1782	6116
4507	6116
4509	6116
1799	1800
4542	4540
4513	4542
1785	4542
6121	6118
6122	6118
6123	6118
6123	6119
6121	6117
6125	6121
6126	6121
6126	6122
6127	6122
6127	6123
6128	6123
6125	6120
6129	6125
6130	6125
6130	6126
6131	6126
6131	6127
6128	6127
4543	6128
1787	6128
4515	6128
6123	6128
6119	6123
1788	6119
4523	6119
6118	6119
4525	6118
6117	6118
4527	6117
6120	6117
4529	6120
1791	6120
6124	6120
1797	6124
6129	6124
4537	6129
6130	6129
4539	6130
6131	6130
4541	6131
4543	6131
4606	4608
1829	4608
1828	4606
1968	1849
1846	1849
1965	1846
1962	1846
1959	1846
1941	1846
1956	1941
1953	1941
1938	1941
1976	1852
1972	1852
1851	1852
1979	1976
1988	4660
6132	4660
4656	4660
1855	4660
4654	4656
1985	4654
4652	4654
1983	4652
1854	4652
1988	1985
1861	1988
1997	4674
6133	4674
1864	4674
1989	1864
1863	1864
1991	1989
1994	1991
1997	1994
2006	4796
4794	4796
6134	4796
1872	4796
1873	4796
1998	1872
4792	1998
2000	1998
2003	2000
4794	4792
2009	2006
6137	1876
6136	1876
1875	1876
4797	1875
2013	4797
4798	2013
6135	4798
2015	4798
4800	2015
6138	4800
4802	4800
1881	4802
2024	4802
2021	4802
2018	4802
6137	1881
6135	6137
6136	6137
2027	4826
2025	4826
1883	4826
1884	4826
2030	2027
2033	2030
6139	1887
1886	1887
4827	1886
6140	4827
2037	4827
4829	2037
6141	4829
4832	4829
4698	4832
1893	4832
4696	4698
6140	4696
6139	4696
1890	4696
6146	6142
6146	6143
6147	6143
6150	6145
6150	6146
6151	6146
6151	6147
6151	6144
6148	6144
6154	6150
6155	6150
6155	6151
6155	6152
6152	6148
6156	6153
6156	6152
1895	6156
1896	6156
6153	6156
2054	6153
4854	6153
6148	6153
6152	6153
2051	6148
6144	6148
2048	6144
6147	6144
6143	6147
4850	6143
6142	6143
2045	6142
2042	6142
6145	6142
2039	6145
2035	6145
6149	6145
4831	6149
6154	6149
4834	6154
1895	6154
6155	6154
2034	2035
6157	4710
4858	4710
4708	4710
2055	4708
1899	4708
1898	1899
2057	4858
1908	2057
2060	2057
1902	1908
2063	5088
2061	5088
1911	5088
1910	1911
2066	2063
1923	2066
5089	4736
4732	4736
1914	4736
1913	4732
1925	1926
2067	1925
4887	4897
2070	4897
1931	4897
1928	1931
2072	4887
2081	2072
2078	2072
2075	2072
4899	1936
4898	1936
1933	1936
2085	4898
6160	6159
6161	6159
4913	6159
4911	6159
6158	6159
4905	6158
4903	6158
4901	6158
2083	6158
6160	6158
4900	6160
6161	6160
1954	6161
4915	6161
4913	6161
1955	4915
2082	2083
4909	4905
4907	4905
2087	4907
6165	6162
6166	6162
6166	6163
6167	6163
6168	6165
6169	6165
6169	6166
6170	6166
6170	6167
6171	6167
6173	6168
6173	6169
6174	6169
6174	6170
6175	6170
6175	6171
6176	6174
6175	6174
1958	6175
4925	6175
6171	6175
4923	6171
6167	6171
4921	6167
4919	6167
6163	6167
2090	6163
6162	6163
4917	6162
6164	6162
2088	6164
4910	6164
6168	6164
4912	6168
6172	6168
4914	6172
4916	6172
6173	6172
6176	6173
1957	6176
1958	6176
6180	6177
6180	6178
2096	6178
2093	6178
4933	6178
4931	6178
6177	6178
4922	6177
4924	6177
6179	6177
4926	6179
1961	6179
4935	6179
6180	6179
2096	6180
1960	1961
4929	4922
4920	4922
4927	4920
2091	4920
4936	4937
1964	4937
1963	1964
6181	4945
1966	4945
1967	4945
4938	1966
2095	4938
2105	2095
2094	2095
2099	2094
2102	2099
2108	2105
1969	1970
4946	1969
2111	4946
2109	4946
2180	2111
2002	2111
2001	2002
2177	2001
1977	1978
1990	1977
2181	1977
1987	1990
1980	1981
1992	1993
2179	1992
1995	1996
2176	1995
2114	4953
2103	4953
6182	4953
4955	4953
2104	4955
4949	4955
4957	4955
6183	4957
4959	4957
4795	4959
2005	4959
4793	4795
2112	4793
2004	4793
4949	2112
2103	2104
6187	6184
6187	6185
6188	6185
6189	6187
6190	6187
6190	6188
4974	6188
4972	6188
4970	6188
6185	6188
4964	6185
2120	6185
6184	6185
2118	6184
6186	6184
4954	6186
4956	6186
6189	6186
4958	6189
6191	6189
6190	6189
4976	6190
4974	6190
4960	4976
2007	4976
2008	4976
4958	4960
2123	4964
2126	2123
6194	4799
6193	4799
4977	4799
2011	4799
2010	2011
4975	4977
4973	4975
6194	4973
6192	4973
4971	4973
2127	4971
4980	2127
2129	2127
6194	4980
2014	4980
6197	6195
6198	6197
4987	6197
2135	6197
6195	6197
2132	6195
2130	6195
4981	6195
6196	6195
2016	6196
4801	6196
6198	6196
4803	6198
2017	6198
4987	6198
2019	2020
6200	2019
4989	2019
6199	4989
2136	4989
4991	2136
2041	4991
6200	2041
2040	2041
2029	2040
2028	2029
2022	2023
2031	2032
4992	2044
2043	2044
6201	4992
4993	4992
2134	4992
2138	2134
2133	2134
4995	4993
4997	4995
2141	4995
2144	4997
4851	2047
2145	4851
2046	4851
6203	6202
6204	6202
6208	6204
6209	6204
6209	6205
6210	6205
6211	6203
6207	6203
6208	6203
6213	6208
6214	6208
6214	6209
6215	6209
6215	6210
6213	6207
5068	6213
2058	6213
6214	6213
6215	6214
2059	6215
6210	6215
2062	6210
2153	6210
6205	6210
5011	6205
6204	6205
6202	6204
5008	6202
2150	6202
6206	6202
2148	6206
2049	6206
6211	6206
2050	6211
6212	6211
6207	6211
5068	6212
5069	4859
4855	4859
2053	4859
2052	4855
4889	2065
2064	2065
2154	2064
2071	2154
5013	2074
2073	2074
2152	2073
5010	5013
2156	5010
2151	5010
6219	6216
6219	6217
2168	6217
5032	6217
5052	6217
6216	6217
5050	6216
6218	6216
5048	6218
6220	6218
2113	6218
2171	6218
6219	6218
2168	6219
2101	2113
2100	2101
5046	2100
5048	5046
5054	5052
5056	5054
5030	5056
5058	5056
5060	5058
6221	5060
5062	5060
6222	5062
5064	5062
6224	5064
5066	5064
2160	5066
2076	5066
2077	5066
5026	2160
6222	5026
6223	5026
2162	5026
6221	2162
2165	2162
5030	2165
6222	6221
6229	6225
6230	6225
6230	6226
6234	6231
6238	6234
6238	6233
5067	6238
4902	6238
4904	6238
4906	6238
6234	6238
6235	6234
5152	6234
6231	6234
5150	6231
5059	6231
5061	6231
6233	6231
5063	6233
6237	6233
5065	6237
5067	6237
5057	5059
5148	5057
5055	5057
6226	5055
5053	5055
6230	5053
5051	5053
5049	5051
6232	5049
6236	5049
5047	5049
4934	5047
2098	5047
2092	2098
4932	4934
6232	4932
4930	4932
6228	4930
4928	4930
6227	4928
2089	4928
5156	2089
4918	2089
5154	4918
2086	4918
6235	2086
4908	2086
4906	4908
5152	6235
2190	5156
6228	2190
6225	2190
5148	2190
6226	5148
6229	6228
6230	6229
2079	4902
2080	4902
4950	2107
2106	2107
2172	2116
2115	2116
2169	5038
4966	5038
2122	5038
2170	4966
2121	4966
6240	2125
5039	2125
2124	2125
2137	5039
6239	5039
2175	5039
2164	2175
5042	2164
2163	2164
2137	5042
2131	2137
2128	2131
5028	2140
4996	2140
2161	4996
5043	4996
4994	4996
2139	4994
2158	5028
4998	2143
2149	4998
2142	4998
2155	2142
6242	2167
6241	2167
5033	2167
5031	5033
6242	5031
2166	5031
2173	2166
6243	5147
5145	5147
6244	5145
5143	5145
5141	5143
5139	5141
2189	5139
6243	2189
6247	6245
2191	6245
5149	6245
6246	6245
5151	6246
5153	6246
6247	6246
5155	6247
5157	6247
2191	6247
2196	4
2197	4
1	2197
3	2197
5	7
6	7
8	10
9	10
13	11
12	15
16	18
17	18
2198	21
2199	21
19	2199
20	2199
22	24
23	24
25	27
26	27
28	0
2	0
26	2200
2201	2200
2201	30
29	30
31	33
32	33
34	2202
2203	2202
2203	2204
2205	2204
2205	2206
2207	2206
2207	36
35	36
2208	39
2210	39
2209	2210
2211	2210
37	2211
38	2211
40	2212
2213	2212
2213	2214
2215	2214
2215	2216
2217	2216
2217	2
1	2
2218	2220
2221	2220
2219	2221
2222	2221
38	2222
2223	2222
2221	2224
2225	2224
2222	2225
2226	2225
2223	2226
2227	2226
2225	2228
2229	2228
2226	2229
2230	2229
2227	2230
2231	2230
2229	42
2232	42
2230	2232
2233	2232
2231	2233
41	2233
43	2234
2235	2234
2235	2236
2237	2236
2237	2238
2239	2238
2239	3
5	3
2240	45
2242	45
2241	2242
2243	2242
41	2243
44	2243
46	2244
2245	2244
2245	2246
2247	2246
2247	48
47	48
49	51
50	51
52	2248
2249	2248
2249	6
8	6
50	54
53	54
2250	9
2253	9
2251	2253
2254	2253
2252	2254
2255	2254
55	2255
11	2255
2256	57
2259	57
2257	2259
2260	2259
2258	2260
2261	2260
53	2261
56	2261
58	2262
2263	2262
2263	2264
2265	2264
2265	60
59	60
2266	63
2267	63
61	2267
62	2267
64	2268
2269	2268
2269	2270
2271	2270
2271	2272
2273	2272
2273	2274
2275	2274
2275	66
65	66
67	69
68	69
2276	72
2278	72
2277	2278
2279	2278
70	2279
71	2279
2280	14
2283	14
2281	2283
2284	2283
2282	2284
2285	2284
73	2285
16	2285
71	17
19	17
2286	75
2288	75
2287	2288
2289	2288
68	2289
74	2289
2290	78
2291	78
76	2291
77	2291
2292	2293
2294	2293
79	2294
2295	2294
2294	81
2296	81
2295	2296
80	2296
82	2297
2298	2297
2298	20
22	20
2299	2300
2301	2300
80	2301
2302	2301
2301	84
2303	84
2302	2303
83	2303
2304	87
2305	87
85	2305
86	2305
88	90
89	90
2306	32
2307	32
91	2307
34	2307
89	2308
2309	2308
2309	93
92	93
2310	96
2313	96
2311	2313
2314	2313
2312	2314
2315	2314
94	2315
95	2315
2316	99
2318	99
2317	2318
2319	2318
97	2319
98	2319
2320	2321
2322	2321
100	2322
2323	2322
2322	102
2324	102
2323	2324
101	2324
2325	35
2326	35
103	2326
37	2326
2327	105
2328	105
101	2328
104	2328
106	2329
2330	2329
2330	108
107	108
2331	111
2332	111
109	2332
110	2332
112	2333
2334	2333
2334	2335
2336	2335
2336	114
113	114
2337	44
2338	44
115	2338
46	2338
2339	117
2341	117
2340	2341
2342	2341
113	2342
116	2342
2343	120
2345	120
2344	2345
2346	2345
118	2346
119	2346
121	2347
2348	2347
2348	123
122	123
2349	47
2350	47
124	2350
49	2350
122	126
125	126
127	129
128	129
2351	2353
2354	2353
2352	2354
2355	2354
130	2355
2356	2355
2354	56
2357	56
2355	2357
2358	2357
2356	2358
58	2358
2359	132
2362	132
2360	2362
2363	2362
2361	2363
2364	2363
128	2364
131	2364
133	135
134	135
136	138
137	138
139	2365
2366	2365
2366	141
140	141
142	59
61	59
140	144
143	144
145	147
146	147
2367	150
2368	150
148	2368
149	2368
151	153
152	153
154	156
155	156
157	62
64	62
155	2369
2370	2369
2370	159
158	159
160	162
161	162
163	2371
2372	2371
2372	2373
2374	2373
2374	2375
2376	2375
2376	2377
2378	2377
2378	65
67	65
2379	165
2380	165
161	2380
164	2380
166	2381
2382	2381
2382	2383
2384	2383
2384	2385
2386	2385
2386	2387
2388	2387
2388	168
167	168
2389	171
2392	171
2390	2392
2393	2392
2391	2393
2394	2393
169	2394
170	2394
2395	174
2398	174
2396	2398
2399	2398
2397	2399
2400	2399
172	2400
173	2400
175	74
76	74
2401	77
2404	77
2402	2404
2405	2404
2403	2405
2406	2405
173	2406
79	2406
2407	177
2408	177
170	2408
176	2408
178	2409
2410	2409
2410	2411
2412	2411
2412	2413
2414	2413
2414	2415
2416	2415
2416	180
179	180
181	83
85	83
179	2417
2418	2417
2418	2419
2420	2419
2420	2421
2422	2421
2422	183
182	183
184	2423
2424	2423
2424	2425
2426	2425
2426	186
185	186
2427	189
2428	189
187	2428
188	2428
2429	192
2432	192
2430	2432
2433	2432
2431	2433
2434	2433
190	2434
191	2434
193	195
194	195
2435	86
2436	86
196	2436
88	2436
2437	198
2438	198
194	2438
197	2438
2439	92
2441	92
2440	2441
2442	2441
199	2442
94	2442
2443	191
2445	191
2444	2445
2446	2445
197	2446
193	2446
2447	201
2448	201
188	2448
200	2448
202	2449
2450	2449
2450	204
203	204
2451	207
2452	207
205	2452
206	2452
208	210
209	210
2453	213
2454	213
211	2454
212	2454
2455	216
2456	216
214	2456
215	2456
2457	2458
2459	2458
217	2459
2460	2459
2459	2461
2462	2461
2460	2462
2463	2462
2462	95
2464	95
2463	2464
97	2464
215	2465
2466	2465
2466	219
218	219
220	2467
2468	2467
2468	2469
2470	2469
2470	98
100	98
218	222
221	222
2471	2472
2473	2472
223	2473
2474	2473
2473	104
2475	104
2474	2475
106	2475
2476	225
2477	225
221	2477
224	2477
226	228
227	228
2478	231
2479	231
229	2479
230	2479
232	234
233	234
235	2480
2481	2480
2481	237
236	237
238	107
109	107
236	240
239	240
241	243
242	243
2482	246
2483	246
244	2483
245	2483
247	249
248	249
250	252
251	252
253	110
112	110
251	2484
2485	2484
2485	255
254	255
256	258
257	258
2486	261
2487	261
259	2487
260	2487
262	264
263	264
265	2488
2489	2488
2489	2490
2491	2490
2491	116
118	116
263	267
266	267
268	2492
2493	2492
2493	270
269	270
271	273
272	273
2494	119
2496	119
2495	2496
2497	2496
274	2497
121	2497
2498	276
2501	276
2499	2501
2502	2501
2500	2502
2503	2502
272	2503
275	2503
2504	279
2506	279
2505	2506
2507	2506
277	2507
278	2507
2508	2509
2510	2509
280	2510
2511	2510
2510	282
2512	282
2511	2512
281	2512
283	125
127	125
281	285
284	285
2513	131
2515	131
2514	2515
2516	2515
286	2516
133	2516
2517	288
2519	288
2518	2519
2520	2519
284	2520
287	2520
289	291
290	291
2521	134
2522	134
292	2522
136	2522
290	294
293	294
295	297
296	297
298	2523
2524	2523
2524	2525
2526	2525
2526	300
299	300
301	2527
2528	2527
2528	2529
2530	2529
2530	2531
2532	2531
2532	146
148	146
2533	303
2534	303
299	2534
302	2534
2535	2536
2537	2536
304	2537
2538	2537
2537	2539
2540	2539
2538	2540
2541	2540
2540	306
2542	306
2541	2542
305	2542
2543	309
2544	309
307	2544
308	2544
2545	312
2547	312
2546	2547
2548	2547
310	2548
311	2548
313	2549
2550	2549
2550	2551
2552	2551
2552	149
151	149
2553	2554
2555	2554
311	2555
2556	2555
2555	315
2557	315
2556	2557
314	2557
2558	318
2559	318
316	2559
317	2559
319	164
166	164
2560	2561
2562	2561
317	2562
2563	2562
2562	321
2564	321
2563	2564
320	2564
2565	324
2566	324
322	2566
323	2566
2567	327
2568	327
325	2568
326	2568
2569	330
2570	330
328	2570
329	2570
2571	333
2575	333
2572	2575
2576	2575
2573	2576
2577	2576
2574	2577
2578	2577
331	2578
332	2578
2579	167
2581	167
2580	2581
2582	2581
334	2582
169	2582
2583	336
2584	336
332	2584
335	2584
2585	176
2586	176
337	2586
178	2586
2587	2589
2590	2589
2588	2590
2591	2590
335	2591
2592	2591
2590	2593
2594	2593
2591	2594
2595	2594
2592	2595
2596	2595
2594	339
2597	339
2595	2597
2598	2597
2596	2598
338	2598
340	182
184	182
2599	342
2601	342
2600	2601
2602	2601
338	2602
341	2602
2603	345
2604	345
343	2604
344	2604
2605	348
2606	348
346	2606
347	2606
349	351
350	351
2607	185
2608	185
352	2608
187	2608
2609	354
2610	354
350	2610
353	2610
355	357
356	357
358	200
202	200
2611	360
2612	360
356	2612
359	2612
361	2613
2614	2613
2614	203
205	203
2615	363
2616	363
359	2616
362	2616
2617	366
2618	366
364	2618
365	2618
2619	369
2620	369
367	2620
368	2620
2621	372
2623	372
2622	2623
2624	2623
370	2624
371	2624
2625	375
2627	375
2626	2627
2628	2627
373	2628
374	2628
378	376
377	380
2629	383
2631	383
2630	2631
2632	2631
381	2632
382	2632
2633	386
2635	386
2634	2635
2636	2635
384	2636
385	2636
2637	2638
2639	2638
387	2639
2640	2639
2639	389
2641	389
2640	2641
388	2641
390	206
208	206
2642	392
2643	392
388	2643
391	2643
2644	209
2645	209
393	2645
211	2645
391	395
394	395
2646	398
2647	398
396	2647
397	2647
399	2648
2649	2648
2649	212
214	212
2650	401
2651	401
397	2651
400	2651
402	2652
2653	2652
2653	404
403	404
2654	224
2655	224
405	2655
226	2655
2656	407
2657	407
403	2657
406	2657
2658	410
2660	410
2659	2660
2661	2660
408	2661
409	2661
411	2662
2663	2662
2663	2664
2665	2664
2665	227
229	227
2666	413
2668	413
2667	2668
2669	2668
409	2669
412	2669
2670	2671
2672	2671
414	2672
2673	2672
2672	2674
2675	2674
2673	2675
2676	2675
2675	416
2677	416
2676	2677
415	2677
2678	419
2680	419
2679	2680
2681	2680
417	2681
418	2681
2682	422
2685	422
2683	2685
2686	2685
2684	2686
2687	2686
420	2687
421	2687
2688	425
2691	425
2689	2691
2692	2691
2690	2692
2693	2692
423	2693
424	2693
426	2694
2695	2694
2695	2696
2697	2696
2697	260
262	260
2698	428
2700	428
2699	2700
2701	2700
424	2701
427	2701
2702	431
2704	431
2703	2704
2705	2704
429	2705
430	2705
2706	266
2707	266
432	2707
268	2707
2708	434
2709	434
430	2709
433	2709
435	2710
2711	2710
2711	2712
2713	2712
2713	269
271	269
433	2714
2715	2714
2715	2716
2717	2716
2717	2718
2719	2718
2719	2720
2721	2720
2721	2722
2723	2722
2723	437
436	437
2724	440
2726	440
2725	2726
2727	2726
438	2727
439	2727
441	2728
2729	2728
2729	2730
2731	2730
2731	443
442	443
2732	446
2734	446
2733	2734
2735	2734
444	2735
445	2735
2736	275
2738	275
2737	2738
2739	2738
447	2739
277	2739
445	2740
2741	2740
2741	449
448	449
2742	439
2744	439
2743	2744
2745	2744
450	2745
441	2745
2746	2748
2749	2748
2747	2749
2750	2749
448	2750
2751	2750
2749	442
2752	442
2750	2752
2753	2752
2751	2753
444	2753
2754	368
2757	368
2755	2757
2758	2757
2756	2758
2759	2758
436	2759
370	2759
2760	452
2761	452
427	2761
451	2761
453	2762
2763	2762
2763	2764
2765	2764
2765	455
454	455
2766	458
2768	458
2767	2768
2769	2768
456	2769
457	2769
2770	461
2772	461
2771	2772
2773	2772
459	2773
460	2773
2774	464
2776	464
2775	2776
2777	2776
462	2777
463	2777
465	371
373	371
2778	374
2780	374
2779	2780
2781	2780
463	2781
376	2781
460	467
466	467
2782	470
2784	470
2783	2784
2785	2784
468	2785
469	2785
471	2786
2787	2786
2787	2788
2789	2788
2789	2790
2791	2790
2791	473
472	473
2792	476
2793	476
474	2793
475	2793
2794	479
2796	479
2795	2796
2797	2796
477	2797
478	2797
2798	379
2800	379
2799	2800
2801	2800
480	2801
381	2801
478	382
384	382
2802	482
2803	482
475	2803
481	2803
483	485
484	485
2804	385
2805	385
486	2805
387	2805
2806	394
2807	394
484	2807
396	2807
2808	488
2809	488
481	2809
487	2809
489	491
490	491
2810	494
2811	494
492	2811
493	2811
2812	400
2813	400
495	2813
402	2813
2814	406
2817	406
2815	2817
2818	2817
2816	2818
2819	2818
493	2819
408	2819
490	497
496	497
2820	500
2821	500
498	2821
499	2821
2822	503
2825	503
2823	2825
2826	2825
2824	2826
2827	2826
501	2827
502	2827
2828	506
2831	506
2829	2831
2832	2831
2830	2832
2833	2832
504	2833
505	2833
2834	509
2837	509
2835	2837
2838	2837
2836	2838
2839	2838
507	2839
508	2839
2840	512
2843	512
2841	2843
2844	2843
2842	2844
2845	2844
510	2845
511	2845
2846	515
2849	515
2847	2849
2850	2849
2848	2850
2851	2850
513	2851
514	2851
2852	518
2855	518
2853	2855
2856	2855
2854	2856
2857	2856
516	2857
517	2857
2858	521
2859	521
519	2859
520	2859
522	418
420	418
520	421
423	421
524	517
523	526
2860	529
2863	529
2861	2863
2864	2863
2862	2864
2865	2864
527	2865
528	2865
532	530
531	534
2866	537
2868	537
2867	2868
2869	2868
535	2869
536	2869
2870	540
2871	540
538	2871
539	2871
2872	543
2875	543
2873	2875
2876	2875
2874	2876
2877	2876
541	2877
542	2877
2878	546
2880	546
2879	2880
2881	2880
544	2881
545	2881
2882	549
2884	549
2883	2884
2885	2884
547	2885
548	2885
2886	2887
2888	2887
550	2888
2889	2888
2888	451
2890	451
2889	2890
453	2890
2891	454
2893	454
2892	2893
2894	2893
548	2894
456	2894
545	552
551	552
2895	555
2896	555
553	2896
554	2896
2897	558
2898	558
556	2898
557	2898
559	457
459	457
2899	561
2900	561
557	2900
560	2900
2901	466
2902	466
562	2902
468	2902
560	2903
2904	2903
2904	2905
2906	2905
2906	564
563	564
2907	567
2908	567
565	2908
566	2908
568	2909
2910	2909
2910	2911
2912	2911
2912	570
569	570
2913	2914
2915	2914
571	2915
2916	2915
2915	573
2917	573
2916	2917
572	2917
2918	469
2920	469
2919	2920
2921	2920
574	2921
471	2921
2922	576
2923	576
572	2923
575	2923
577	579
578	579
2924	582
2925	582
580	2925
581	2925
2926	585
2927	585
583	2927
584	2927
2928	588
2929	588
586	2929
587	2929
2930	472
2931	472
589	2931
474	2931
587	591
590	591
2932	594
2933	594
592	2933
593	2933
595	597
596	597
501	2934
2935	2934
600	2934
2936	499
2937	499
599	2937
2938	602
2940	602
2939	2940
2941	2940
596	2941
601	2941
2942	2944
2945	2944
2943	2945
2946	2945
603	2946
2947	2946
2945	605
2948	605
2946	2948
2949	2948
2947	2949
604	2949
606	608
607	608
609	611
610	611
614	612
613	616
617	2950
2951	2950
2951	2952
2953	2952
2953	619
618	619
2954	622
2955	622
620	2955
621	2955
623	502
504	502
621	505
507	505
618	625
624	625
626	628
627	628
629	631
630	631
2956	634
2957	634
632	2957
633	2957
635	637
636	637
638	508
510	508
636	511
513	511
633	2958
2959	2958
2959	2960
2961	2960
2961	640
639	640
2962	643
2964	643
2963	2964
2965	2964
641	2965
642	2965
2966	514
2968	514
2967	2968
2969	2968
644	2969
516	2969
2970	646
2971	646
642	2971
645	2971
647	649
648	649
2972	652
2976	652
2973	2976
2977	2976
2974	2977
2978	2977
2975	2978
2979	2978
650	2979
651	2979
2980	655
2983	655
2981	2983
2984	2983
2982	2984
2985	2984
653	2985
654	2985
2986	658
2987	658
656	2987
657	2987
659	525
527	525
657	2988
2989	2988
2989	528
530	528
2990	661
2992	661
2991	2992
2993	2992
654	2993
660	2993
2994	2995
2996	2995
662	2996
2997	2996
2996	2998
2999	2998
2997	2999
3000	2999
2999	664
3001	664
3000	3001
663	3001
3002	667
3003	667
665	3003
666	3003
3004	670
3007	670
3005	3007
3008	3007
3006	3008
3009	3008
668	3009
669	3009
3010	673
3013	673
3011	3013
3014	3013
3012	3014
3015	3014
671	3015
672	3015
3016	676
3018	676
3017	3018
3019	3018
674	3019
675	3019
3020	533
3021	533
677	3021
535	3021
3022	679
3024	679
3023	3024
3025	3024
675	3025
678	3025
3026	536
3027	536
680	3027
538	3027
3028	539
3029	539
678	3029
541	3029
672	3030
3031	3030
3031	3032
3033	3032
3033	3034
3035	3034
3035	682
681	682
683	554
556	554
3036	685
3037	685
681	3037
684	3037
686	688
687	688
689	3038
3039	3038
3039	691
690	691
692	563
565	563
690	694
693	694
695	697
696	697
3040	700
3041	700
698	3041
699	3041
701	703
702	703
704	706
705	706
707	566
568	566
705	709
708	709
3042	712
3044	712
3043	3044
3045	3044
710	3045
711	3045
3046	715
3048	715
3047	3048
3049	3048
713	3049
714	3049
3050	718
3053	718
3051	3053
3054	3053
3052	3054
3055	3054
716	3055
717	3055
719	721
720	721
3056	569
3057	569
722	3057
571	3057
720	3058
3059	3058
3059	575
577	575
3060	724
3063	724
3061	3063
3064	3063
3062	3064
3065	3064
717	3065
723	3065
725	727
726	727
728	578
580	578
726	730
729	730
3066	733
3068	733
3067	3068
3069	3068
731	3069
732	3069
3070	736
3073	736
3071	3073
3074	3073
3072	3074
3075	3074
734	3075
735	3075
3076	739
3078	739
3077	3078
3079	3078
737	3079
738	3079
740	581
583	581
3080	604
3082	604
3081	3082
3083	3082
738	3083
606	3083
735	3084
3085	3084
3085	742
741	742
3086	745
3088	745
3087	3088
3089	3088
743	3089
744	3089
748	746
747	750
753	751
752	755
3090	758
3094	758
3091	3094
3095	3094
3092	3095
3096	3095
3093	3096
3097	3096
756	3097
757	3097
761	759
3098	763
3099	763
760	3099
766	764
3100	768
3101	768
765	3101
769	607
609	607
771	767
770	610
3102	773
3103	773
762	3103
772	3103
774	776
775	776
777	3104
3105	3104
3105	3106
3107	3106
3107	3108
3109	3108
3109	3110
3111	3110
3111	3112
3113	3112
3113	779
778	779
3114	782
3115	782
780	3115
781	3115
784	3116
3117	3116
765	3116
766	785
770	786
771	615
784	3118
3119	3118
3119	788
787	788
789	791
790	791
792	3120
3121	3120
3121	624
626	624
790	3122
3123	3122
3123	627
629	627
3124	794
3125	794
787	3125
793	3125
795	797
796	797
798	3126
3127	3126
3127	3128
3129	3128
3129	800
799	800
801	3130
3131	3130
3131	3132
3133	3132
3133	630
632	630
3134	803
3135	803
799	3135
802	3135
3136	3137
3138	3137
804	3138
3139	3138
3138	806
3140	806
3139	3140
805	3140
3141	639
3143	639
3142	3143
3144	3143
807	3144
641	3144
3145	809
3146	809
805	3146
808	3146
3147	812
3148	812
810	3148
811	3148
3149	815
3150	815
813	3150
814	3150
3151	818
3153	818
3152	3153
3154	3153
816	3154
817	3154
3155	821
3158	821
3156	3158
3159	3158
3157	3159
3160	3159
819	3160
820	3160
3161	824
3163	824
3162	3163
3164	3163
822	3164
823	3164
825	645
647	645
3165	648
3168	648
3166	3168
3169	3168
3167	3169
3170	3169
823	3170
650	3170
820	3171
3172	3171
3172	3173
3174	3173
3174	827
826	827
828	830
829	830
3175	651
3176	651
831	3176
653	3176
3177	833
3178	833
829	3178
832	3178
834	660
662	660
3179	3181
3182	3181
3180	3182
3183	3182
832	3183
3184	3183
3182	836
3185	836
3183	3185
3186	3185
3184	3186
835	3186
3187	839
3189	839
3188	3189
3190	3189
837	3190
838	3190
3191	842
3192	842
840	3192
841	3192
3193	845
3194	845
843	3194
844	3194
3195	848
3196	848
846	3196
847	3196
849	3197
3198	3197
3198	663
665	663
3199	851
3200	851
847	3200
850	3200
3201	854
3202	854
852	3202
853	3202
857	855
856	666
3203	859
3207	859
3204	3207
3208	3207
3205	3208
3209	3208
3206	3209
3210	3209
853	3210
858	3210
3211	862
3213	862
3212	3213
3214	3213
860	3214
861	3214
3215	865
3217	865
3216	3217
3218	3217
863	3218
864	3218
866	3219
3220	3219
3220	669
671	669
3221	868
3223	868
3222	3223
3224	3223
864	3224
867	3224
869	871
870	871
872	3225
3226	3225
3226	3227
3228	3227
3228	3229
3230	3229
3230	3231
3232	3231
3232	684
686	684
870	3233
3234	3233
3234	3235
3236	3235
3236	3237
3238	3237
3238	3239
3240	3239
3240	696
698	696
3241	874
3243	874
3242	3243
3244	3243
867	3244
873	3244
3245	877
3247	877
3246	3247
3248	3247
875	3248
876	3248
3249	3251
3252	3251
3250	3252
3253	3252
878	3253
3254	3253
3252	3255
3256	3255
3253	3256
3257	3256
3254	3257
3258	3257
3256	880
3259	880
3257	3259
3260	3259
3258	3260
879	3260
881	699
701	699
3261	883
3263	883
3262	3263
3264	3263
879	3264
882	3264
884	702
704	702
3265	886
3267	886
3266	3267
3268	3267
882	3268
885	3268
3269	889
3271	889
3270	3271
3272	3271
887	3272
888	3272
3273	708
3275	708
3274	3275
3276	3275
890	3276
710	3276
888	892
891	892
3277	895
3278	895
893	3278
894	3278
896	898
897	898
899	901
900	901
902	904
903	904
3279	907
3280	907
905	3280
906	3280
908	711
713	711
906	714
716	714
903	3281
3282	3281
3282	3283
3284	3283
3284	910
909	910
3285	3286
3287	3286
911	3287
3288	3287
3287	913
3289	913
3288	3289
912	3289
3290	916
3291	916
914	3291
915	3291
3292	919
3294	919
3293	3294
3295	3294
917	3295
918	3295
3296	922
3297	922
920	3297
921	3297
3298	723
3301	723
3299	3301
3302	3301
3300	3302
3303	3302
923	3303
725	3303
3304	925
3305	925
921	3305
924	3305
3306	729
3308	729
3307	3308
3309	3308
926	3309
731	3309
924	918
920	918
915	928
927	928
3310	931
3311	931
929	3311
930	3311
932	934
933	934
3312	732
3314	732
3313	3314
3315	3314
935	3315
734	3315
3316	741
3318	741
3317	3318
3319	3318
933	3319
743	3319
3320	937
3321	937
930	3321
936	3321
3322	940
3323	940
938	3323
939	3323
3324	744
3327	744
3325	3327
3328	3327
3326	3328
3329	3328
941	3329
746	3329
3330	3331
3332	3331
939	3332
3333	3332
3332	3334
3335	3334
3333	3335
3336	3335
3335	943
3337	943
3336	3337
942	3337
3338	946
3339	946
944	3339
945	3339
947	949
948	949
950	952
951	952
953	3340
3341	3340
3341	3342
3343	3342
3343	3344
3345	3344
3345	3346
3347	3346
3347	749
751	749
951	3348
3349	3348
3349	3350
3351	3350
3351	955
954	955
3352	958
3354	958
3353	3354
3355	3354
956	3355
957	3355
3356	3358
3359	3358
3357	3359
3360	3359
959	3360
3361	3360
3359	961
3362	961
3360	3362
3363	3362
3361	3363
960	3363
3364	754
3365	754
962	3365
756	3365
3366	757
3367	757
960	3367
759	3367
957	964
963	964
965	3368
3369	3368
3369	772
774	772
963	967
966	967
3370	970
3371	970
968	3371
969	3371
971	973
972	973
974	3372
3373	3372
3373	976
975	976
977	3374
3375	3374
3375	3376
3377	3376
3377	3378
3379	3378
3379	775
777	775
975	979
978	979
3380	982
3381	982
980	3381
981	3381
3382	3383
3384	3383
983	3384
3385	3384
3384	3386
3387	3386
3385	3387
3388	3387
3387	3389
3390	3389
3388	3390
3391	3390
3390	3392
3393	3392
3391	3393
3394	3393
3393	3395
3396	3395
3394	3396
3397	3396
3396	985
3398	985
3397	3398
984	3398
3399	988
3400	988
986	3400
987	3400
989	991
990	991
992	3401
3402	3401
3402	3403
3404	3403
3404	3405
3406	3405
3406	994
993	994
995	778
780	778
993	3407
3408	3407
3408	997
996	997
998	1000
999	1000
3409	1003
3410	1003
1001	3410
1002	3410
3411	1006
3412	1006
1004	3412
1005	3412
783	3413
3414	3413
760	3413
761	781
3415	1009
3419	1009
3416	3419
3420	3419
3417	3420
3421	3420
3418	3421
3422	3421
1005	3422
1008	3422
1010	793
795	793
3423	1012
3426	1012
3424	3426
3427	3426
3425	3427
3428	3427
1008	3428
1011	3428
3429	1015
3433	1015
3430	3433
3434	3433
3431	3434
3435	3434
3432	3435
3436	3435
1013	3436
1014	3436
3437	1018
3441	1018
3438	3441
3442	3441
3439	3442
3443	3442
3440	3443
3444	3443
1016	3444
1017	3444
3445	1021
3446	1021
1019	3446
1020	3446
1022	796
798	796
1020	3447
3448	3447
3448	3449
3450	3449
3450	1024
1023	1024
1025	3451
3452	3451
3452	1027
1026	1027
3453	1030
3454	1030
1028	3454
1029	3454
1031	802
804	802
3455	1033
3456	1033
1029	3456
1032	3456
1034	808
810	808
3457	811
3458	811
1032	3458
813	3458
1026	1036
1035	1036
3459	3460
3461	3460
1037	3461
3462	3461
3461	1039
3463	1039
3462	3463
1038	3463
1040	1042
1041	1042
3464	814
3467	814
3465	3467
3468	3467
3466	3468
3469	3468
1043	3469
816	3469
3470	1045
3473	1045
3471	3473
3474	3473
3472	3474
3475	3474
1041	3475
1044	3475
3476	1048
3480	1048
3477	3480
3481	3480
3478	3481
3482	3481
3479	3482
3483	3482
1046	3483
1047	3483
3484	1051
3486	1051
3485	3486
3487	3486
1049	3487
1050	3487
3488	1054
3490	1054
3489	3490
3491	3490
1052	3491
1053	3491
3492	1057
3493	1057
1055	3493
1056	3493
1058	1060
1059	1060
1061	3494
3495	3494
3495	3496
3497	3496
3497	3498
3499	3498
3499	3500
3501	3500
3501	3502
3503	3502
3503	3504
3505	3504
3505	817
819	817
3506	1063
3507	1063
1059	3507
1062	3507
1064	3508
3509	3508
3509	3510
3511	3510
3511	3512
3513	3512
3513	3514
3515	3514
3515	1066
1065	1066
1067	3516
3517	3516
3517	1069
1068	1069
1070	3518
3519	3518
3519	3520
3521	3520
3521	3522
3523	3522
3523	3524
3525	3524
3525	1072
1071	1072
3526	826
3527	826
1073	3527
828	3527
1071	1075
1074	1075
1076	3528
3529	3528
3529	1078
1077	1078
1079	1081
1080	1081
1082	3530
3531	3530
3531	3532
3533	3532
3533	835
837	835
3534	1084
3535	1084
1080	3535
1083	3535
1085	3536
3537	3536
3537	3538
3539	3538
3539	1087
1086	1087
3540	1090
3541	1090
1088	3541
1089	3541
3542	3543
3544	3543
1091	3544
3545	3544
3544	838
3546	838
3545	3546
840	3546
1089	3547
3548	3547
3548	841
843	841
1086	3549
3550	3549
3550	1093
1092	1093
1094	3551
3552	3551
3552	1096
1095	1096
1097	3553
3554	3553
3554	3555
3556	3555
3556	1099
1098	1099
3557	844
3558	844
1100	3558
846	3558
1098	1102
1101	1102
1103	1105
1104	1105
3559	3560
3561	3560
1106	3561
3562	3561
3561	1108
3563	1108
3562	3563
1107	3563
3564	850
3565	850
1109	3565
852	3565
3566	1111
3567	1111
1107	3567
1110	3567
3568	1114
3570	1114
3569	3570
3571	3570
1112	3571
1113	3571
3572	858
3573	858
1115	3573
860	3573
1113	861
863	861
3574	1117
3577	1117
3575	3577
3578	3577
3576	3578
3579	3578
1110	3579
1116	3579
3580	3581
3582	3581
1118	3582
3583	3582
3582	3584
3585	3584
3583	3585
3586	3585
3585	1120
3587	1120
3586	3587
1119	3587
3588	1123
3591	1123
3589	3591
3592	3591
3590	3592
3593	3592
1121	3593
1122	3593
1124	3594
3595	3594
3595	3596
3597	3596
3597	3598
3599	3598
3599	1126
1125	1126
3600	1129
3601	1129
1127	3601
1128	3601
1130	3602
3603	3602
3603	3604
3605	3604
3605	3606
3607	3606
3607	3608
3609	3608
3609	1132
1131	1132
1133	3610
3611	3610
3611	1135
1134	1135
1136	873
875	873
1134	876
878	876
1131	3612
3613	3612
3613	3614
3615	3614
3615	3616
3617	3616
3617	3618
3619	3618
3619	894
896	894
1128	1138
1137	1138
1139	3620
3621	3620
3621	897
899	897
1137	3622
3623	3622
3623	900
902	900
1125	1141
1140	1141
1142	1144
1143	1144
1145	3624
3625	3624
3625	1147
1146	1147
3626	909
3627	909
1148	3627
911	3627
1146	1150
1149	1150
3628	936
3630	936
3629	3630
3631	3630
1151	3631
938	3631
3632	1153
3634	1153
3633	3634
3635	3634
1149	3635
1152	3635
3636	1156
3638	1156
3637	3638
3639	3638
1154	3639
1155	3639
1157	1159
1158	1159
3640	1162
3641	1162
1160	3641
1161	3641
1163	942
944	942
1161	1165
1164	1165
3642	945
3643	945
1166	3643
947	3643
3644	1168
3645	1168
1164	3645
1167	3645
1169	1171
1170	1171
3646	1174
3648	1174
3647	3648
3649	3648
1172	3649
1173	3649
3650	1177
3653	1177
3651	3653
3654	3653
3652	3654
3655	3654
1175	3655
1176	3655
1178	3656
3657	3656
3657	948
950	948
3658	1180
3661	1180
3659	3661
3662	3661
3660	3662
3663	3662
1176	3663
1179	3663
1181	1183
1182	1183
3664	1186
3665	1186
1184	3665
1185	3665
3666	954
3667	954
1187	3667
956	3667
1185	1189
1188	1189
1190	3668
3669	3668
3669	966
968	966
1188	1192
1191	1192
1193	3670
3671	3670
3671	1195
1194	1195
1196	3672
3673	3672
3673	3674
3675	3674
3675	969
971	969
3676	1198
3677	1198
1194	3677
1197	3677
1199	3678
3679	3678
3679	3680
3681	3680
3681	3682
3683	3682
3683	1201
1200	1201
1202	1204
1203	1204
1205	3684
3685	3684
3685	972
974	972
1203	978
980	978
3686	1207
3687	1207
1200	3687
1206	3687
1208	1210
1209	1210
1211	987
989	987
1209	3688
3689	3688
3689	1213
1212	1213
1214	3690
3691	3690
3691	990
992	990
1212	1216
1215	1216
3692	1219
3693	1219
1217	3693
1218	3693
1220	996
998	996
1218	3694
3695	3694
3695	1222
1221	1222
1223	1225
1224	1225
1226	3696
3697	3696
3697	999
1001	999
1224	1228
1227	1228
1229	3698
3699	3698
3699	1231
1230	1231
1232	1014
1016	1014
1230	3700
3701	3700
3701	1234
1233	1234
3702	1237
3704	1237
3703	3704
3705	3704
1235	3705
1236	3705
1238	3706
3707	3706
3707	3708
3709	3708
3709	1240
1239	1240
3710	1243
3711	1243
1241	3711
1242	3711
1244	1246
1245	1246
3712	1017
3715	1017
3713	3715
3716	3715
3714	3716
3717	3716
1247	3717
1019	3717
3718	1249
3721	1249
3719	3721
3722	3721
3720	3722
3723	3722
1245	3723
1248	3723
1250	3724
3725	3724
3725	1023
1025	1023
3726	1252
3728	1252
3727	3728
3729	3728
1248	3729
1251	3729
1253	3730
3731	3730
3731	3732
3733	3732
3733	1255
1254	1255
3734	1258
3735	1258
1256	3735
1257	3735
1259	3736
3737	3736
3737	3738
3739	3738
3739	1261
1260	1261
3740	1035
3742	1035
3741	3742
3743	3742
1262	3743
1037	3743
3744	1264
3746	1264
3745	3746
3747	3746
1260	3747
1263	3747
1265	1267
1266	1267
3748	1270
3749	1270
1268	3749
1269	3749
1271	3750
3751	3750
3751	1273
1272	1273
3752	1276
3754	1276
3753	3754
3755	3754
1274	3755
1275	3755
3756	1047
3757	1047
1277	3757
1049	3757
1275	1050
1052	1050
3758	1279
3759	1279
1272	3759
1278	3759
3760	3761
3762	3761
1280	3762
3763	3762
3762	3764
3765	3764
3763	3765
3766	3765
3765	1282
3767	1282
3766	3767
1281	3767
1283	1285
1284	1285
3768	3769
3770	3769
1286	3770
3771	3770
3770	3772
3773	3772
3771	3773
3774	3773
3773	1288
3775	1288
3774	3775
1287	3775
1289	3776
3777	3776
3777	3778
3779	3778
3779	3780
3781	3780
3781	1291
1290	1291
3782	3783
3784	3783
1292	3784
3785	3784
3784	1053
3786	1053
3785	3786
1055	3786
1290	3787
3788	3787
3788	1095
1097	1095
3789	1294
3790	1294
1287	3790
1293	3790
1295	3791
3792	3791
3792	3793
3794	3793
3794	1297
1296	1297
3795	1101
3796	1101
1298	3796
1103	3796
3797	1300
3798	1300
1296	3798
1299	3798
1301	1303
1302	1303
1304	3799
3800	3799
3800	1104
1106	1104
3801	1306
3802	1306
1302	3802
1305	3802
1307	3803
3804	3803
3804	1309
1308	1309
3805	1312
3806	1312
1310	3806
1311	3806
3807	1315
3808	1315
1313	3808
1314	3808
3809	1122
3812	1122
3810	3812
3813	3812
3811	3813
3814	3813
1316	3814
1124	3814
3815	1318
3816	1318
1314	3816
1317	3816
3817	1321
3818	1321
1319	3818
1320	3818
1322	1324
1323	1324
1325	1140
1142	1140
1323	1143
1145	1143
1320	1152
1154	1152
1317	1327
1326	1327
3819	1330
3820	1330
1328	3820
1329	3820
1331	1333
1332	1333
3821	1336
3824	1336
3822	3824
3825	3824
3823	3825
3826	3825
1334	3826
1335	3826
3827	1155
3829	1155
3828	3829
3830	3829
1337	3830
1157	3830
1335	1158
1160	1158
3831	1339
3834	1339
3832	3834
3835	3834
3833	3835
3836	3835
1332	3836
1338	3836
1342	1340
1341	1344
3837	1347
3838	1347
1345	3838
1346	3838
3839	1350
3840	1350
1348	3840
1349	3840
3841	1353
3842	1353
1351	3842
1352	3842
3843	1356
3845	1356
3844	3845
3846	3845
1354	3846
1355	3846
1359	1357
1358	1361
3847	3848
3849	3848
1362	3849
3850	3849
3849	1167
3851	1167
3850	3851
1169	3851
3852	1364
3855	1364
3853	3855
3856	3855
3854	3856
3857	3856
1360	3857
1363	3857
3858	1170
3860	1170
3859	3860
3861	3860
1365	3861
1172	3861
1363	1367
1366	1367
1368	3862
3863	3862
3863	1173
1175	1173
3864	1370
3865	1370
1366	3865
1369	3865
1371	1373
1372	1373
3866	1376
3868	1376
3867	3868
3869	3868
1374	3869
1375	3869
3870	1379
3872	1379
3871	3872
3873	3872
1377	3873
1378	3873
3874	1382
3876	1382
3875	3876
3877	3876
1380	3877
1381	3877
3878	1385
3880	1385
3879	3880
3881	3880
1383	3881
1384	3881
3882	1388
3885	1388
3883	3885
3886	3885
3884	3886
3887	3886
1386	3887
1387	3887
3888	1391
3891	1391
3889	3891
3892	3891
3890	3892
3893	3892
1389	3893
1390	3893
3894	1394
3897	1394
3895	3897
3898	3897
3896	3898
3899	3898
1392	3899
1393	3899
3900	1397
3903	1397
3901	3903
3904	3903
3902	3904
3905	3904
1395	3905
1396	3905
3906	1179
3908	1179
3907	3908
3909	3908
1398	3909
1181	3909
3910	1182
3911	1182
1396	3911
1184	3911
3912	3913
3914	3913
1393	3914
3915	3914
3914	1400
3916	1400
3915	3916
1399	3916
1401	1191
1193	1191
3917	3918
3919	3918
1399	3919
3920	3919
3919	3921
3922	3921
3920	3922
3923	3922
3922	3924
3925	3924
3923	3925
3926	3925
3925	3927
3928	3927
3926	3928
3929	3928
3928	1403
3930	1403
3929	3930
1402	3930
3931	1406
3933	1406
3932	3933
3934	3933
1404	3934
1405	3934
1407	1409
1408	1409
1410	3935
3936	3935
3936	1412
1411	1412
3937	1415
3938	1415
1413	3938
1414	3938
3939	3940
3941	3940
1416	3941
3942	3941
3941	1197
3943	1197
3942	3943
1199	3943
1414	3944
3945	3944
3945	3946
3947	3946
3947	3948
3949	3948
3949	1206
1208	1206
1411	3950
3951	3950
3951	3952
3953	3952
3953	1215
1217	1215
1408	1221
1223	1221
3954	1418
3956	1418
3955	3956
3957	3956
1405	3957
1417	3957
3958	1421
3960	1421
3959	3960
3961	3960
1419	3961
1420	3961
3962	1424
3964	1424
3963	3964
3965	3964
1422	3965
1423	3965
3966	1227
3967	1227
1425	3967
1229	3967
3968	1233
3970	1233
3969	3970
3971	3970
1423	3971
1235	3971
1420	1427
1426	1427
3972	1430
3974	1430
3973	3974
3975	3974
1428	3975
1429	3975
1431	3976
3977	3976
3977	1433
1432	1433
3978	1236
3979	1236
1434	3979
1238	3979
3980	1436
3982	1436
3981	3982
3983	3982
1432	3983
1435	3983
3984	3985
3986	3985
1437	3986
3987	3986
3986	1439
3988	1439
3987	3988
1438	3988
3989	1442
3991	1442
3990	3991
3992	3991
1440	3992
1441	3992
3993	1445
3994	1445
1443	3994
1444	3994
3995	3996
3997	3996
1446	3997
3998	3997
3997	1448
3999	1448
3998	3999
1447	3999
1449	1451
1450	1451
4000	1239
4002	1239
4001	4002
4003	4002
1452	4003
1241	4003
4004	1454
4006	1454
4005	4006
4007	4006
1450	4007
1453	4007
1455	1457
1456	1457
4008	1242
4009	1242
1458	4009
1244	4009
4010	1251
4011	1251
1456	4011
1253	4011
4012	1352
4014	1352
4013	4014
4015	4014
1453	4015
1354	4015
4016	4017
4018	4017
1447	4018
4019	4018
4018	1355
4020	1355
4019	4020
1357	4020
4021	4022
4023	4022
1444	4023
4024	4023
4023	1460
4025	1460
4024	4025
1459	4025
4026	1463
4029	1463
4027	4029
4030	4029
4028	4030
4031	4030
1461	4031
1462	4031
1464	4032
4033	4032
4033	1369
1371	1369
4034	1372
4036	1372
4035	4036
4037	4036
1462	4037
1374	4037
4038	1466
4039	1466
1459	4039
1465	4039
1467	4040
4041	4040
4041	4042
4043	4042
4043	1469
1468	1469
1470	1472
1471	1472
1473	1375
1377	1375
1471	1378
1380	1378
1468	4044
4045	4044
4045	4046
4047	4046
4047	4048
4049	4048
4049	1475
1474	1475
4050	1478
4051	1478
1476	4051
1477	4051
4052	1481
4054	1481
4053	4054
4055	4054
1479	4055
1480	4055
4056	1484
4058	1484
4057	4058
4059	4058
1482	4059
1483	4059
1485	4060
4061	4060
4061	4062
4063	4062
4063	1487
1486	1487
4064	1490
4066	1490
4065	4066
4067	4066
1488	4067
1489	4067
4068	4069
4070	4069
1491	4070
4071	4070
4070	1493
4072	1493
4071	4072
1492	4072
1494	1381
1383	1381
4073	1384
4074	1384
1492	4074
1386	4074
4075	1496
4076	1496
1489	4076
1495	4076
4077	1499
4078	1499
1497	4078
1498	4078
4079	1502
4081	1502
4080	4081
4082	4081
1500	4082
1501	4082
4083	1505
4085	1505
4084	4085
4086	4085
1503	4086
1504	4086
4087	1508
4089	1508
4088	4089
4090	4089
1506	4090
1507	4090
1509	1511
1510	1511
4091	1514
4092	1514
1512	4092
1513	4092
1515	1387
1389	1387
1513	1390
1392	1390
1510	1517
1516	1517
4093	1520
4095	1520
4094	4095
4096	4095
1518	4096
1519	4096
4097	4098
4099	4098
1521	4099
4100	4099
4099	1523
4101	1523
4100	4101
1522	4101
1524	1526
1525	1526
4102	1402
4104	1402
4103	4104
4105	4104
1527	4105
1404	4105
4106	1529
4109	1529
4107	4109
4110	4109
4108	4110
4111	4110
1525	4111
1528	4111
4112	1532
4114	1532
4113	4114
4115	4114
1530	4115
1531	4115
4116	1535
4117	1535
1533	4117
1534	4117
4118	1538
4119	1538
1536	4119
1537	4119
1539	1417
1419	1417
4120	1426
4121	1426
1537	4121
1428	4121
1534	1541
1540	1541
4122	1544
4125	1544
4123	4125
4126	4125
4124	4126
4127	4126
1542	4127
1543	4127
4128	1547
4132	1547
4129	4132
4133	4132
4130	4133
4134	4133
4131	4134
4135	4134
1545	4135
1546	4135
1550	1548
1549	1552
4136	1555
4137	1555
1553	4137
1554	4137
1556	1558
1557	1558
1559	4138
4139	4138
4139	4140
4141	4140
4141	4142
4143	4142
4143	4144
4145	4144
4145	4146
4147	4146
4147	4148
4149	4148
4149	4150
4151	4150
4151	4152
4153	4152
4153	4154
4155	4154
4155	4156
4157	4156
4157	4158
4159	4158
4159	1561
1560	1561
1562	1564
1563	1564
4160	1429
4161	1429
1565	4161
1431	4161
4162	4163
4164	4163
1563	4164
4165	4164
4164	4166
4167	4166
4165	4167
4168	4167
4167	1567
4169	1567
4168	4169
1566	4169
4170	1570
4172	1570
4171	4172
4173	4172
1568	4173
1569	4173
4174	1573
4175	1573
1571	4175
1572	4175
4176	1441
4178	1441
4177	4178
4179	4178
1574	4179
1443	4179
4180	1576
4181	1576
1572	4181
1575	4181
4182	1579
4183	1579
1577	4183
1578	4183
1580	1465
1467	1465
1578	4184
4185	4184
4185	4186
4187	4186
4187	1582
1581	1582
1583	4188
4189	4188
4189	1474
1476	1474
1581	1585
1584	1585
4190	1554
4191	1554
1586	4191
1556	4191
1584	1588
1587	1588
1589	4192
4193	4192
4193	4194
4195	4194
4195	1591
1590	1591
1592	1594
1593	1594
1595	4196
4197	4196
4197	1597
1596	1597
1598	1600
1599	1600
4198	1557
4199	1557
1601	4199
1559	4199
1599	4200
4201	4200
4201	4202
4203	4202
4203	4204
4205	4204
4205	4206
4207	4206
4207	1603
1602	1603
1604	4208
4209	4208
4209	1606
1605	1606
1607	4210
4211	4210
4211	4212
4213	4212
4213	4214
4215	4214
4215	4216
4217	4216
4217	1609
1608	1609
4218	1560
4219	1560
1610	4219
1562	4219
1608	1612
1611	1612
1613	4220
4221	4220
4221	1615
1614	1615
1616	1618
1617	1618
1619	4222
4223	4222
4223	4224
4225	4224
4225	1566
1568	1566
4226	1590
4227	1590
1617	4227
1592	4227
1614	1621
1620	1621
1622	1624
1623	1624
4228	1627
4229	1627
1625	4229
1626	4229
1628	1630
1629	1630
1631	1593
1595	1593
1629	4230
4231	4230
4231	1596
1598	1596
1626	4232
4233	4232
4233	4234
4235	4234
4235	4236
4237	4236
4237	4238
4239	4238
4239	1602
1604	1602
1623	4240
4241	4240
4241	4242
4243	4242
4243	4244
4245	4244
4245	4246
4247	4246
4247	1605
1607	1605
1620	4248
4249	4248
4249	1611
1613	1611
4250	1633
4251	1633
1587	4251
1632	4251
4252	4253
4254	4253
1634	4254
4255	4254
4254	1569
4256	1569
4255	4256
1571	4256
1632	1575
1577	1575
4257	1477
4261	1477
4258	4261
4262	4261
4259	4262
4263	4262
4260	4263
4264	4263
1551	4264
1479	4264
1546	4265
4266	4265
4266	4267
4268	4267
4268	1636
1635	1636
1637	1639
1638	1639
4269	1642
4271	1642
4270	4271
4272	4271
1640	4272
1641	4272
4273	1645
4274	1645
1643	4274
1644	4274
4275	1648
4276	1648
1646	4276
1647	4276
4277	4278
4279	4278
1649	4279
4280	4279
4279	4281
4282	4281
4280	4282
4283	4282
4282	4284
4285	4284
4283	4285
4286	4285
4285	4287
4288	4287
4286	4288
4289	4288
4288	1651
4290	1651
4289	4290
1650	4290
4291	4292
4293	4292
1652	4293
4294	4293
4293	1654
4295	1654
4294	4295
1653	4295
1655	1480
1482	1480
4296	4297
4298	4297
1653	4298
4299	4298
4298	1657
4300	1657
4299	4300
1656	4300
1658	1660
1659	1660
4301	4303
4304	4303
4302	4304
4305	4304
1661	4305
4306	4305
4304	1483
4307	1483
4305	4307
4308	4307
4306	4308
1485	4308
4309	1663
4311	1663
4310	4311
4312	4311
1659	4312
1662	4312
4313	1486
4315	1486
4314	4315
4316	4315
1664	4316
1488	4316
4317	1666
4318	1666
1662	4318
1665	4318
4319	1669
4321	1669
4320	4321
4322	4321
1667	4322
1668	4322
4323	1672
4326	1672
4324	4326
4327	4326
4325	4327
4328	4327
1670	4328
1671	4328
1673	1495
1497	1495
4329	1675
4332	1675
4330	4332
4333	4332
4331	4333
4334	4333
1671	4334
1674	4334
1676	4335
4336	4335
4336	1498
1500	1498
4337	1678
4339	1678
4338	4339
4340	4339
1674	4340
1677	4340
1679	1681
1680	1681
4341	1684
4342	1684
1682	4342
1683	4342
4343	1687
4344	1687
1685	4344
1686	4344
1688	4345
4346	4345
4346	4347
4348	4347
4348	4349
4350	4349
4350	1501
1503	1501
4351	4353
4354	4353
4352	4354
4355	4354
1686	4355
4356	4355
4354	1690
4357	1690
4355	4357
4358	4357
4356	4358
1689	4358
4359	1693
4361	1693
4360	4361
4362	4361
1691	4362
1692	4362
1694	4363
4364	4363
4364	4365
4366	4365
4366	1504
1506	1504
4367	1696
4369	1696
4368	4369
4370	4369
1692	4370
1695	4370
4371	1699
4372	1699
1697	4372
1698	4372
4373	1519
4374	1519
1700	4374
1521	4374
4375	1702
4376	1702
1698	4376
1701	4376
4377	1705
4378	1705
1703	4378
1704	4378
1706	1708
1707	1708
1709	1522
1524	1522
4379	1711
4380	1711
1707	4380
1710	4380
4381	1714
4382	1714
1712	4382
1713	4382
1715	1528
1530	1528
4383	1717
4384	1717
1713	4384
1716	4384
4385	1531
4388	1531
4386	4388
4389	4388
4387	4389
4390	4389
1718	4390
1533	4390
4391	1540
4394	1540
4392	4394
4395	4394
4393	4395
4396	4395
1716	4396
1542	4396
1710	1543
1545	1543
1704	1720
1719	1720
1721	4397
4398	4397
4398	4399
4400	4399
4400	1635
1637	1635
1719	4401
4402	4401
4402	1723
1722	1723
4403	4404
4405	4404
1724	4405
4406	4405
4405	1638
4407	1638
4406	4407
1640	4407
1722	1726
1725	1726
1727	1729
1728	1729
1730	4408
4409	4408
4409	4410
4411	4410
4411	4412
4413	4412
4413	4414
4415	4414
4415	1732
1731	1732
4416	1641
4418	1641
4417	4418
4419	4418
1733	4419
1643	4419
4420	4423
4424	4423
4421	4424
4425	4424
4422	4425
4426	4425
1731	4426
4427	4426
4424	1735
4428	1735
4425	4428
4429	4428
4426	4429
4430	4429
4427	4430
1734	4430
1736	4431
4432	4431
4432	4433
4434	4433
4434	4435
4436	4435
4436	4437
4438	4437
4438	1738
1737	1738
1739	4439
4440	4439
4440	4441
4442	4441
4442	4443
4444	4443
4444	4445
4446	4445
4446	1644
1646	1644
4447	1741
4448	1741
1737	4448
1740	4448
1742	1744
1743	1744
4449	1656
4450	1656
1745	4450
1658	4450
4451	1665
4452	1665
1743	4452
1667	4452
1740	4453
4454	4453
4454	1668
1670	1668
4455	1747
4458	1747
4456	4458
4459	4458
4457	4459
4460	4459
1734	4460
1746	4460
4461	1750
4464	1750
4462	4464
4465	4464
4463	4465
4466	4465
1748	4466
1749	4466
4467	1677
4469	1677
4468	4469
4470	4469
1751	4470
1679	4470
4471	1680
4472	1680
1749	4472
1682	4472
1746	4473
4474	4473
4474	4475
4476	4475
4476	1753
1752	1753
1754	1683
1685	1683
4477	1756
4478	1756
1752	4478
1755	4478
1757	1759
1758	1759
1760	4479
4480	4479
4480	1762
1761	1762
1763	1765
1764	1765
1766	4481
4482	4481
4482	4483
4484	4483
4484	1689
1691	1689
4485	1768
4486	1768
1764	4486
1767	4486
1769	4487
4488	4487
4488	4489
4490	4489
4490	1771
1770	1771
4491	1774
4492	1774
1772	4492
1773	4492
4493	4494
4495	4494
1775	4495
4496	4495
4495	1695
4497	1695
4496	4497
1697	4497
1773	1701
1703	1701
1770	4498
4499	4498
4499	4500
4501	4500
4501	1725
1727	1725
1767	1777
1776	1777
1778	4502
4503	4502
4503	1780
1779	1780
1781	1783
1782	1783
4504	1728
4505	1728
1784	4505
1730	4505
1782	4506
4507	4506
4507	4508
4509	4508
4509	4510
4511	4510
4511	4512
4513	4512
4513	1786
1785	1786
1787	4514
4515	4514
4515	1789
1788	1789
1790	4516
4517	4516
4517	4518
4519	4518
4519	4520
4521	4520
4521	1755
1757	1755
1788	4522
4523	4522
4523	4524
4525	4524
4525	4526
4527	4526
4527	4528
4529	4528
4529	1792
1791	1792
1793	1795
1794	1795
1796	4530
4531	4530
4531	1758
1760	1758
1794	1761
1763	1761
4532	1798
4533	1798
1791	4533
1797	4533
1799	1801
1800	1801
1802	1776
1778	1776
1800	4534
4535	4534
4535	1779
1781	1779
1797	4536
4537	4536
4537	4538
4539	4538
4539	4540
4541	4540
4541	4542
4543	4542
4543	1785
1787	1785
4544	1647
4545	1647
1650	4545
1649	4545
4546	1507
4547	1507
1516	4547
1509	4547
4548	4549
4550	4549
1438	4550
4551	4550
4550	1435
4552	1435
4551	4552
1437	4552
1349	1804
1803	1804
4553	4555
4556	4555
4554	4556
4557	4556
1805	4557
4558	4557
4556	1254
4559	1254
4557	4559
4560	4559
4558	4560
1256	4560
4561	1807
4562	1807
1803	4562
1806	4562
4563	1810
4566	1810
4564	4566
4567	4566
4565	4567
4568	4567
1808	4568
1809	4568
4569	1281
4570	1281
1811	4570
1283	4570
4571	1284
4572	1284
1809	4572
1286	4572
1813	1806
1812	1815
4573	1818
4574	1818
1816	4574
1817	4574
1819	4575
4576	4575
4576	1305
1307	1305
1817	4577
4578	4577
4578	1308
1310	1308
4579	1821
4582	1821
4580	4582
4583	4582
4581	4583
4584	4583
1814	4584
1820	4584
4585	1343
4588	1343
4586	4588
4589	4588
4587	4589
4590	4589
1822	4590
1345	4590
1820	1346
1348	1346
1338	1329
1331	1329
1326	1311
1313	1311
4591	1293
4592	1293
1299	4592
1295	4592
1278	1269
1271	1269
1266	1824
1823	1824
4593	1257
4594	1257
1825	4594
1259	4594
4595	1263
4596	1263
1823	4596
1265	4596
4597	1116
4600	1116
4598	4600
4601	4600
4599	4601
4602	4601
1119	4602
1118	4602
4603	1056
4604	1056
1092	4604
1058	4604
1083	1827
1826	1827
1828	4605
4606	4605
4606	1830
1829	1830
1831	1062
1064	1062
1829	4607
4608	4607
4608	1833
1832	1833
1834	1836
1835	1836
1837	4609
4610	4609
4610	4611
4612	4611
4612	4613
4614	4613
4614	4615
4616	4615
4616	1065
1067	1065
4617	1839
4618	1839
1835	4618
1838	4618
1840	4619
4620	4619
4620	4621
4622	4621
4622	4623
4624	4623
4624	4625
4626	4625
4626	1068
1070	1068
1838	1842
1841	1842
1843	4627
4628	4627
4628	1074
1076	1074
1841	1077
1079	1077
1832	1826
1828	1826
1044	1038
1040	1038
1011	1002
1004	1002
4629	4630
4631	4630
984	4631
4632	4631
4631	4633
4634	4633
4632	4634
4635	4634
4634	981
4636	981
4635	4636
983	4636
927	912
914	912
891	885
887	885
693	4637
4638	4637
4638	687
689	687
601	593
595	593
590	584
586	584
4639	542
4640	542
551	4640
544	4640
496	487
489	487
4641	412
4644	412
4642	4644
4645	4644
4643	4645
4646	4645
415	4646
414	4646
365	1845
1844	1845
1848	1846
1847	1850
4647	1853
4649	1853
4648	4649
4650	4649
1851	4650
1852	4650
1854	4651
4652	4651
4652	4653
4654	4653
4654	4655
4656	4655
4656	1856
1855	1856
4657	278
4658	278
1857	4658
280	4658
1855	4659
4660	4659
4660	1859
1858	1859
4661	287
4663	287
4662	4663
4664	4663
1860	4664
289	4664
4665	1862
4668	1862
4666	4668
4669	4668
4667	4669
4670	4669
1858	4670
1861	4670
4671	1865
4672	1865
1863	4672
1864	4672
1866	1868
1867	1868
1869	293
295	293
1867	296
298	296
1864	4673
4674	4673
4674	1871
1870	1871
4675	1874
4678	1874
4676	4678
4679	4678
4677	4679
4680	4679
1872	4680
1873	4680
4681	1877
4684	1877
4682	4684
4685	4684
4683	4685
4686	4685
1875	4686
1876	4686
1878	302
304	302
1881	4687
4688	4687
1880	4687
1879	1882
4689	1885
4690	1885
1883	4690
1884	4690
4691	1888
4692	1888
1886	4692
1887	4692
1889	305
307	305
4693	1891
4694	1891
1887	4694
1890	4694
1892	308
310	308
1890	4695
4696	4695
4696	4697
4698	4697
4698	1894
1893	1894
4699	1897
4700	1897
1895	4700
1896	4700
4701	1900
4702	1900
1898	4702
1899	4702
1901	4703
4704	4703
4704	4705
4706	4705
4706	323
325	323
1899	4707
4708	4707
4708	4709
4710	4709
4710	1903
1902	1903
4711	1906
4714	1906
4712	4714
4715	4714
4713	4715
4716	4715
1904	4716
1905	4716
1907	326
328	326
4717	329
4720	329
4718	4720
4721	4720
4719	4721
4722	4721
1905	4722
331	4722
4723	1909
4726	1909
4724	4726
4727	4726
4725	4727
4728	4727
1902	4728
1908	4728
4729	1912
4730	1912
1910	4730
1911	4730
1913	4731
4732	4731
4732	1915
1914	1915
4733	1918
4734	1918
1916	4734
1917	4734
1919	341
343	341
1917	344
346	344
1914	4735
4736	4735
4736	1921
1920	1921
4737	1924
4738	1924
1922	4738
1923	4738
4739	1927
4740	1927
1925	4740
1926	4740
1930	1928
1929	1932
1935	1933
1934	1937
1940	1938
1939	1942
4741	1945
4743	1945
4742	4743
4744	4743
1943	4744
1944	4744
4745	1948
4747	1948
4746	4747
4748	4747
1946	4748
1947	4748
4749	4750
4751	4750
1949	4751
4752	4751
4751	347
4753	347
4752	4753
349	4753
4754	353
4755	353
1947	4755
355	4755
1944	362
364	362
1951	1941
1950	1844
1936	1953
1952	1953
1954	1956
1955	1956
4756	1959
4757	1959
1957	4757
1958	4757
1960	1962
1961	1962
1963	1965
1964	1965
1966	1968
1967	1968
4758	1971
4759	1971
1969	4759
1970	4759
1851	4760
4761	4760
1974	4760
4762	1849
4763	1849
1973	4763
4764	1976
4766	1976
4765	4766
4767	4766
1970	4767
1975	4767
1977	1979
1978	1979
4768	1982
4769	1982
1980	4769
1981	4769
4770	1852
4771	1852
1983	4771
1854	4771
1981	1985
1984	1985
4772	1988
4773	1988
1986	4773
1987	4773
4774	1861
4777	1861
4775	4777
4778	4777
4776	4778
4779	4778
1989	4779
1863	4779
4780	1991
4781	1991
1987	4781
1990	4781
1992	1994
1993	1994
4782	1997
4784	1997
4783	4784
4785	4784
1995	4785
1996	4785
4786	1870
4788	1870
4787	4788
4789	4788
1998	4789
1872	4789
1996	2000
1999	2000
4790	2003
4791	2003
2001	4791
2002	4791
2004	4792
4793	4792
4793	4794
4795	4794
4795	2006
2005	2006
2007	2009
2008	2009
2010	2012
2011	2012
2013	4796
4797	4796
4797	1873
1875	1873
2011	4798
4799	4798
4799	2015
2014	2015
2016	4800
4801	4800
4801	4802
4803	4802
4803	2018
2017	2018
4804	2021
4805	2021
2019	4805
2020	4805
4806	2024
4807	2024
2022	4807
2023	4807
4808	1881
4811	1881
4809	4811
4812	4811
4810	4812
4813	4812
2025	4813
1883	4813
4814	2027
4816	2027
4815	4816
4817	4816
2023	4817
2026	4817
4818	2030
4820	2030
4819	4820
4821	4820
2028	4821
2029	4821
4822	2033
4823	2033
2031	4823
2032	4823
4824	2036
4825	2036
2034	4825
2035	4825
2037	4826
4827	4826
4827	1884
1886	1884
4828	4829
4830	4829
2035	4830
4831	4830
4830	4832
4833	4832
4831	4833
4834	4833
4833	1893
4835	1893
4834	4835
1895	4835
4836	2039
4837	2039
2032	4837
2038	4837
4838	2042
4841	2042
4839	4841
4842	4841
4840	4842
4843	4842
2040	4843
2041	4843
4844	2045
4847	2045
4845	4847
4848	4847
4846	4848
4849	4848
2043	4849
2044	4849
2046	4850
4851	4850
4851	2048
2047	2048
4852	2051
4853	2051
2049	4853
2050	4853
2052	4854
4855	4854
4855	2054
2053	2054
4856	1896
4857	1896
2055	4857
1898	4857
2053	4858
4859	4858
4859	2057
2056	2057
4860	2060
4861	2060
2058	4861
2059	4861
4862	1908
4863	1908
2061	4863
1910	4863
4864	2063
4867	2063
4865	4867
4868	4867
4866	4868
4869	4868
2059	4869
2062	4869
4870	2066
4873	2066
4871	4873
4874	4873
4872	4874
4875	4874
2064	4875
2065	4875
2067	1923
1925	1923
4876	2069
4878	2069
4877	4878
4879	4878
2065	4879
2068	4879
4880	1926
4883	1926
4881	4883
4884	4883
4882	4884
4885	4884
2070	4885
1928	4885
4886	4887
4888	4887
2068	4888
4889	4888
4888	2072
4890	2072
4889	4890
2071	4890
4891	2075
4893	2075
4892	4893
4894	4893
2073	4894
2074	4894
2076	2078
2077	2078
4895	2081
4896	2081
2079	4896
2080	4896
2082	2084
2083	2084
2085	4897
4898	4897
4898	1931
1933	1931
2083	4899
4900	4899
4900	1952
1954	1952
2080	4901
4902	4901
4902	4903
4904	4903
4904	4905
4906	4905
4906	4907
4908	4907
4908	2087
2086	2087
2088	4909
4910	4909
4910	4911
4912	4911
4912	4913
4914	4913
4914	4915
4916	4915
4916	1955
1957	1955
2086	4917
4918	4917
4918	2090
2089	2090
2091	4919
4920	4919
4920	4921
4922	4921
4922	4923
4924	4923
4924	4925
4926	4925
4926	1958
1960	1958
2089	4927
4928	4927
4928	4929
4930	4929
4930	4931
4932	4931
4932	4933
4934	4933
4934	2093
2092	2093
2094	2096
2095	2096
2097	4935
4936	4935
4936	1961
1963	1961
2095	4937
4938	4937
4938	1964
1966	1964
4939	2099
4940	2099
2092	4940
2098	4940
2100	2102
2101	2102
4941	2105
4942	2105
2103	4942
2104	4942
4943	2108
4944	2108
2106	4944
2107	4944
2109	4945
4946	4945
4946	1967
1969	1967
2107	2111
2110	2111
4947	2002
4948	2002
2112	4948
2004	4948
2110	4949
4950	4949
4950	2104
2106	2104
4951	2114
4952	2114
2101	4952
2113	4952
2115	2117
2116	2117
2118	4953
4954	4953
4954	4955
4956	4955
4956	4957
4958	4957
4958	4959
4960	4959
4960	2005
2007	2005
4961	2120
4962	2120
2116	4962
2119	4962
4963	4964
4965	4964
2121	4965
4966	4965
4965	2123
4967	2123
4966	4967
2122	4967
4968	2126
4969	2126
2124	4969
2125	4969
2127	4970
4971	4970
4971	4972
4973	4972
4973	4974
4975	4974
4975	4976
4977	4976
4977	2008
2010	2008
4978	2129
4979	2129
2125	4979
2128	4979
2130	4980
4981	4980
4981	2014
2016	2014
4982	2132
4983	2132
2128	4983
2131	4983
4984	2135
4985	2135
2133	4985
2134	4985
4986	4987
4988	4987
2136	4988
4989	4988
4988	2017
4990	2017
4989	4990
2019	4990
2134	4991
4992	4991
4992	2041
2043	2041
2131	2138
2137	2138
2139	4993
4994	4993
4994	4995
4996	4995
4996	2141
2140	2141
2142	4997
4998	4997
4998	2144
2143	2144
4999	2044
5001	2044
5000	5001
5002	5001
2145	5002
2046	5002
5003	2147
5004	2147
2143	5004
2146	5004
2148	2047
2049	2047
5005	2150
5006	2150
2146	5006
2149	5006
5007	5008
5009	5008
2151	5009
5010	5009
5009	5011
5012	5011
5010	5012
5013	5012
5012	2153
5014	2153
5013	5014
2152	5014
5015	2062
5016	2062
2154	5016
2064	5016
2152	2071
2073	2071
2149	2156
2155	2156
5017	2159
5018	2159
2157	5018
2158	5018
5019	2074
5022	2074
5020	5022
5023	5022
5021	5023
5024	5023
2160	5024
2076	5024
5025	5026
5027	5026
2158	5027
5028	5027
5027	2162
5029	2162
5028	5029
2161	5029
2163	2165
2164	2165
2166	5030
5031	5030
5031	5032
5033	5032
5033	2168
2167	2168
5034	2171
5035	2171
2169	5035
2170	5035
2172	2113
2115	2113
2170	2119
2121	2119
5036	2174
5037	2174
2167	5037
2173	5037
2175	5038
5039	5038
5039	2122
2124	2122
5040	2164
5041	2164
2173	5041
2166	5041
2161	5042
5043	5042
5043	2137
2139	2137
5044	2140
5045	2140
2155	5045
2142	5045
2098	5046
5047	5046
5047	5048
5049	5048
5049	5050
5051	5050
5051	5052
5053	5052
5053	5054
5055	5054
5055	5056
5057	5056
5057	5058
5059	5058
5059	5060
5061	5060
5061	5062
5063	5062
5063	5064
5065	5064
5065	5066
5067	5066
5067	2077
2079	2077
2056	5068
5069	5068
5069	2050
2052	2050
5070	2029
5071	2029
2038	5071
2031	5071
2026	2020
2022	2020
5072	2177
5073	2177
1999	5073
2176	5073
5074	2180
5076	2180
5075	5076
5077	5076
2178	5077
2179	5077
5078	1975
5080	1975
5079	5080
5081	5080
2181	5081
1977	5081
2179	1990
1992	1990
5082	1993
5084	1993
5083	5084
5085	5084
2176	5085
1995	5085
5086	1978
5087	1978
1984	5087
1980	5087
1920	5088
5089	5088
5089	1911
1913	1911
320	5090
5091	5090
5091	5092
5093	5092
5093	314
316	314
257	5094
5095	5094
5095	5096
5097	5096
5097	5098
5099	5098
5099	5100
5101	5100
5101	2183
2182	2183
2184	5102
5103	5102
5103	2186
2185	2186
2187	5104
5105	5104
5105	5106
5107	5106
5107	5108
5109	5108
5109	5110
5111	5110
5111	230
232	230
2185	5112
5113	5112
5113	5114
5115	5114
5115	5116
5117	5116
5117	5118
5119	5118
5119	242
244	242
2182	5120
5121	5120
5121	5122
5123	5122
5123	5124
5125	5124
5125	5126
5127	5126
5127	245
247	245
254	5128
5129	5128
5129	248
250	248
239	5130
5131	5130
5131	233
235	233
158	5132
5133	5132
5133	152
154	152
143	5134
5135	5134
5135	137
139	137
29	5136
5137	5136
5137	23
25	23
2189	5138
5139	5138
5139	5140
5141	5140
5141	5142
5143	5142
5143	5144
5145	5144
5145	5146
5147	5146
5147	2188
2189	2188
2191	5148
5149	5148
5149	5150
5151	5150
5151	5152
5153	5152
5153	5154
5155	5154
5155	5156
5157	5156
5157	2190
2191	2190
2196	0
1	2196
2197	3
4	2197
7	6
12	9
5158	12
2254	5158
13	5158
2255	13
11	13
10	9
13	14
2284	13
5158	13
2285	5158
12	5158
16	12
15	12
2198	17
18	17
2199	20
21	2199
24	23
27	26
30	29
33	32
34	33
2208	35
2209	2208
37	2209
36	35
2211	38
2210	2211
2218	2210
39	2210
40	39
2233	41
2240	2233
2232	2233
43	2232
42	2232
2243	44
2242	2243
46	2242
45	2242
48	47
49	48
51	50
2250	53
2251	2250
2257	2251
2252	2251
2256	2252
55	2252
54	53
2261	56
2260	2261
2358	2260
2259	2260
58	2259
57	2259
2266	59
60	59
2267	62
63	2267
66	65
2276	68
2277	2276
2286	2277
70	2277
69	68
2282	71
2279	71
2281	2279
2278	2279
2280	2278
72	2278
2289	74
2290	2289
2288	2289
75	2288
2291	77
2405	2291
5209	2291
2406	5209
2292	5209
79	2292
78	5209
2291	5209
2296	80
81	2296
82	81
2304	83
2303	83
84	2303
2305	86
88	2305
87	2305
2306	89
90	89
2310	92
2311	2310
2442	2311
2312	2311
94	2312
93	92
2315	95
5210	2315
97	5210
2317	5210
2314	5210
2313	2314
2316	2313
96	2313
2315	5210
2319	98
2320	2319
2318	2319
99	2318
5211	101
103	5211
2325	5211
2324	5211
102	2324
101	5211
2328	104
106	2328
105	2328
2331	107
108	107
2332	110
111	2332
114	113
2337	114
2339	2337
115	2337
2342	116
2344	2342
2341	2342
2343	2341
117	2341
2346	119
2345	2346
2497	2345
120	2345
121	120
2349	122
123	122
126	125
5213	128
5212	5213
2360	5212
2359	5212
2352	5212
130	2352
2351	5212
5213	5212
129	5213
128	5213
2364	131
2363	2364
2516	2363
2362	2363
133	2362
132	2362
135	134
136	135
138	137
141	140
144	143
2367	146
147	146
2368	149
150	2368
153	152
156	155
159	158
162	161
163	162
2380	164
165	2380
2389	167
2390	2389
2582	2390
2391	2390
169	2391
168	167
5216	5214
5214	170
5215	5214
172	5215
2397	5215
5216	5215
2396	5216
5217	5216
2395	5217
2392	5217
171	2392
2393	5217
5216	5217
2394	5216
5214	5216
170	5214
2400	173
2402	2400
2399	2400
2401	2399
2398	2399
175	2398
174	2398
2408	176
178	2408
177	2408
180	179
183	182
2427	185
187	2427
186	185
2430	188
2431	2430
190	2431
2428	188
2429	2428
189	2428
2434	191
2433	2434
2446	2433
2432	2433
193	2432
192	2432
195	194
2435	195
196	2435
5220	5218
5220	197
5218	5220
2443	5218
2440	5218
199	2440
2439	5218
5219	5218
198	5219
2438	5219
5220	5219
197	5220
2448	200
201	2448
2451	203
204	203
2452	206
207	2452
2453	209
211	2453
210	209
2455	212
2454	212
213	2454
2456	215
2457	2456
216	2456
219	218
2471	221
223	2471
222	221
2477	224
226	2477
225	2477
2478	227
228	227
2479	230
231	2479
234	233
237	236
240	239
2482	242
243	242
2483	245
246	2483
249	248
252	251
255	254
2486	257
258	257
2487	260
261	2487
264	263
267	266
268	267
270	269
5221	272
2499	5221
2494	5221
2495	2494
2498	2495
274	2495
273	5221
272	5221
5225	5222
5225	5223
5223	275
5222	5223
2739	5222
5224	5222
2505	5224
277	2505
2504	5224
2501	5224
276	2501
5225	5224
2502	5225
2503	5225
5223	5225
275	5223
2507	278
280	2507
2508	2507
2506	2507
279	2506
2512	281
282	2512
285	284
2513	285
2517	2513
2514	2513
286	2514
2520	287
4664	2520
2519	2520
289	2519
288	2519
2521	290
291	290
294	293
297	296
300	299
301	300
2534	302
2535	2534
303	2534
2543	305
2542	305
306	2542
2546	308
2544	308
2545	2544
309	2544
2548	311
2547	2548
313	2547
312	2547
2558	314
2557	314
315	2557
2559	317
319	2559
318	2559
2564	320
2565	2564
321	2564
2567	323
2566	323
324	2566
2568	326
2569	2568
327	2568
5227	329
5226	5227
4721	5226
2573	5226
2574	2573
4722	2574
331	2574
2572	5226
5227	5226
2571	5227
2570	5227
330	2570
329	5227
2578	332
5228	2578
334	5228
2580	5228
2576	5228
2579	2576
2575	2576
333	2575
2577	5228
2578	5228
2584	335
336	2584
2587	336
2585	336
337	2585
2598	338
5229	2598
2599	5229
340	5229
2597	5229
339	2597
2598	5229
2602	341
2603	2602
2601	2602
342	2601
2605	344
2604	344
345	2604
2606	347
349	2606
348	2606
351	350
2607	351
352	2607
2610	353
355	2610
354	2610
357	356
358	357
2612	359
360	2612
361	360
2617	362
2616	362
363	2616
2618	365
2619	2618
366	2618
2620	368
5230	2620
2758	5230
5231	5230
2759	5231
2622	5231
370	2622
2621	5231
5230	5231
369	5230
2620	5230
2626	371
2624	371
2625	2624
2623	2624
372	2623
5161	374
5162	5161
2781	5162
378	5162
376	378
5160	374
2628	374
5159	2628
2627	2628
377	2627
375	2627
378	379
5162	378
2801	5162
5161	5162
381	5161
5160	5161
2630	5160
5159	5160
2629	5159
377	5159
380	377
2632	382
2634	2632
2631	2632
2633	2631
383	2631
2636	385
387	2636
2635	2636
2637	2635
386	2635
2641	388
390	2641
389	2641
2643	391
2644	2643
392	2643
395	394
2646	395
396	2646
2647	397
398	2647
399	398
2651	400
401	2651
402	401
2654	403
405	2654
404	403
2657	406
5233	2657
2818	5233
5232	5233
2819	5232
2659	5232
408	2659
2658	5232
5233	5232
407	5233
2657	5233
2661	409
2660	2661
2666	2660
410	2660
411	410
2669	412
4645	2669
2668	2669
4646	2668
413	2668
2670	413
414	2670
2677	415
416	2677
2678	416
4642	2678
2679	2678
4641	2679
417	2679
2684	418
2681	418
2683	2681
2680	2681
2682	2680
419	2680
2690	421
2687	421
2689	2687
2686	2687
2688	2686
2685	2686
422	2685
2693	424
2692	2693
2698	2692
2691	2692
426	2691
425	2691
2701	427
2703	2701
429	2703
2700	2701
2702	2700
428	2700
2705	430
432	2705
2706	2705
2704	2705
431	2704
2709	433
434	2709
437	436
2724	437
2755	2724
2725	2724
2754	2725
438	2725
2727	439
2745	2727
2726	2727
441	2726
440	2726
2732	442
2733	2732
2753	2733
444	2733
443	442
2737	445
2735	445
2736	2735
2734	2735
446	2734
2742	448
2743	2742
2746	2743
450	2743
449	448
2761	451
453	2761
452	2761
455	454
2766	455
2894	2766
2767	2766
456	2767
2769	457
2771	2769
2768	2769
2770	2768
458	2768
2775	460
2773	460
2774	2773
2772	2773
461	2772
2777	463
2778	2777
2776	2777
465	2776
464	2776
2782	466
2783	2782
468	2783
467	466
2785	469
2784	2785
2921	2784
470	2784
471	470
473	472
2792	473
474	2792
5234	475
2795	5234
477	2795
2794	5234
2793	5234
476	2793
475	5234
2797	478
2799	2797
2796	2797
2798	2796
479	2796
2803	481
483	2803
482	2803
485	484
2804	485
486	2804
2809	487
488	2809
2810	490
491	490
2811	493
494	2811
2815	494
2812	494
2814	2812
495	2812
2820	496
497	496
2821	499
5236	2821
599	5236
5235	5236
5165	5235
600	5235
2824	5235
2935	2824
501	2824
2823	5235
2822	5235
5236	5235
500	5236
2821	5236
2827	502
2830	2827
2826	2827
2829	2826
2825	2826
2828	2825
503	2825
5237	505
2836	5237
2835	5237
2832	5237
2834	2832
2831	2832
506	2831
2833	5237
505	5237
2839	508
2842	2839
2838	2839
2841	2838
2837	2838
2840	2837
509	2837
2848	511
2845	511
2847	2845
2844	2845
2846	2844
2843	2844
512	2843
5240	5238
5240	514
5238	5240
2969	5238
516	5238
2854	5238
5239	5238
2853	5239
5241	5239
2852	5241
2849	5241
515	2849
2850	5241
5239	5241
5240	5239
2851	5240
514	5240
2857	517
2856	2857
5242	2856
5163	5242
523	5242
5243	5242
2858	5243
519	2858
518	5243
2855	5243
5242	5243
2856	5242
2859	520
521	2859
524	525
2862	524
5163	524
2861	5163
523	5163
2860	523
526	523
532	528
2865	528
5164	2865
2864	2865
531	2864
2863	2864
529	2863
532	533
535	532
5164	532
2867	5164
531	5164
2866	531
534	531
2869	536
538	2869
2868	2869
2870	2868
537	2868
2873	539
2874	2873
541	2874
2872	539
2871	539
540	2871
2877	542
5244	2877
544	5244
2879	5244
2875	5244
2878	2875
543	2875
2876	5244
2877	5244
2883	545
2881	545
2882	2881
2880	2881
546	2880
2885	548
5245	2885
2891	5245
2886	5245
550	2886
549	5245
2884	5245
2885	5245
2895	551
553	2895
552	551
5246	554
2897	5246
2896	5246
555	2896
554	5246
2898	557
559	2898
558	2898
2901	560
2900	560
561	2900
2907	563
564	563
2908	566
567	2908
2913	569
571	2913
570	569
2919	572
574	2919
2918	572
2917	572
573	2917
2923	575
576	2923
2924	578
579	578
2926	581
2925	581
582	2925
2927	584
2928	2927
585	2927
2930	587
2929	587
588	2929
2932	590
591	590
2933	593
594	2933
5248	596
5247	5248
2938	5247
600	5247
2934	600
598	2934
5165	5247
599	5247
5248	5247
2936	5248
596	5248
597	596
2941	601
2943	2941
2940	2941
2942	2940
602	2940
2949	604
5249	2949
3083	5249
606	5249
605	5249
2948	5249
2949	5249
608	607
612	614
771	612
5166	770
613	5166
616	613
2954	618
619	618
2955	621
622	2955
625	624
628	627
2956	630
631	630
2957	633
634	2957
637	636
640	639
2962	640
3144	2962
2963	2962
641	2963
5250	642
2967	5250
644	2967
2966	5250
2964	5250
643	2964
2965	5250
642	5250
2971	645
646	2971
2973	648
2974	2973
3169	2974
2975	2974
3170	2975
650	2975
2972	648
649	648
5252	651
653	5252
5251	5252
2982	5251
2981	5251
2977	5251
2976	2977
2980	2976
652	2976
2978	5251
2979	5251
5252	5251
651	5252
2985	654
2990	2985
2984	2985
5253	2984
656	5253
2986	5253
2983	5253
655	2983
2984	5253
2987	657
658	2987
2993	660
2994	2993
2992	2993
661	2992
3001	663
3002	3001
664	3001
3003	666
5176	3003
667	3003
5177	667
3004	667
5178	3004
3005	3004
5179	3005
3006	3005
857	3006
668	3006
3009	669
3012	3009
3008	3009
3011	3008
3007	3008
3010	3007
670	3007
3015	672
3017	3015
3014	3015
3016	3014
3013	3014
673	3013
3019	675
3022	3019
5254	3019
677	5254
3020	5254
3018	5254
676	3018
3019	5254
3025	678
3024	3025
3026	3024
680	3026
679	3024
682	681
683	682
3037	684
685	3037
688	687
691	690
694	693
3040	696
697	696
3041	699
700	3041
703	702
706	705
3042	708
3043	3042
3276	3043
710	3043
709	708
3045	711
3047	3045
3044	3045
3046	3044
712	3044
3052	714
3049	714
3051	3049
3048	3049
3050	3048
715	3048
3055	717
3061	3055
3054	3055
3060	3054
5255	3054
719	5255
718	5255
3053	5255
3054	5255
3056	720
721	720
3065	723
3302	3065
3064	3065
3303	3064
3063	3064
725	3063
724	3063
727	726
730	729
3066	730
3309	3066
3067	3066
731	3067
5257	732
5256	5257
3315	5256
734	5256
3072	5256
3071	5256
5257	5256
3070	5257
3068	5257
733	3068
3069	5257
732	5257
3075	735
3077	3075
3074	3075
3076	3074
3073	3074
736	3073
3079	738
3078	3079
3080	3078
739	3078
740	739
742	741
3086	742
3319	3086
3087	3086
743	3087
5260	5258
5261	5260
5262	5260
5264	5262
5263	744
5260	5263
3328	5260
5258	5260
3329	5258
746	5258
748	5258
5259	5258
5167	5259
5261	5259
747	5261
5264	5261
745	5264
3088	5264
3089	5264
5263	5264
744	5263
5262	5264
5260	5262
753	749
748	749
5169	748
5167	748
5168	5167
747	5167
752	747
750	747
5268	5267
753	754
5265	753
756	5265
3093	5265
5266	5265
3092	5266
5268	5266
3091	5268
5269	5268
3090	5269
752	5269
755	752
5168	5269
5268	5269
5267	5268
5169	5267
5265	5267
753	5265
5266	5267
5270	757
759	5270
761	5270
5180	5270
3097	5270
5181	3097
3096	3097
5182	3096
3095	3096
3094	3095
3098	3094
760	3098
758	3094
757	5270
3099	760
3100	3099
765	3100
763	3099
3101	765
770	3101
769	3101
768	3101
3103	772
773	3103
776	775
3114	778
779	778
5170	766
3115	5170
5171	5170
781	5171
761	5171
5174	771
766	5174
788	787
789	788
791	790
3125	793
794	3125
797	796
800	799
801	800
3135	802
3136	3135
803	3135
3142	805
807	3142
3141	805
3140	805
806	3140
3146	808
3147	3146
809	3146
3148	811
3149	3148
813	3149
812	3148
5271	814
3468	5271
5272	5271
3152	5272
3469	3152
816	3152
3151	5272
815	5272
5271	5272
3150	5271
814	5271
3157	817
3154	817
3156	3154
3153	3154
3155	3153
818	3153
3160	820
3162	3160
3159	3160
3161	3159
3158	3159
821	3158
3164	823
3166	3164
3163	3164
3165	3163
824	3163
825	824
827	826
828	827
830	829
3175	830
831	3175
3178	832
3179	3178
833	3178
834	833
3188	835
3186	835
3187	3186
3185	3186
836	3185
3190	838
840	3190
3189	3190
3191	3189
839	3189
3192	841
3193	3192
842	3192
3194	844
3195	3194
846	3195
845	3194
3196	847
849	3196
848	3196
3200	850
3201	3200
852	3201
851	3200
5277	5273
5277	5274
5278	5274
5278	5275
5279	5275
5275	853
5274	5275
3205	5274
5273	5274
3204	5273
5276	5273
5179	5276
3203	5179
857	5179
855	857
5178	5276
5277	5276
5177	5277
5278	5277
5176	5278
5279	5278
856	5279
3202	5279
854	3202
853	5279
5275	5279
3210	858
3209	3210
860	3209
3212	3209
3208	3209
5280	3208
3211	5280
3207	5280
859	3207
3208	5280
3214	861
3216	3214
3213	3214
3215	3213
862	3213
3218	864
3221	3218
3217	3218
866	3217
865	3217
3224	867
3223	3224
5281	3223
3241	5281
869	5281
868	5281
3223	5281
871	870
3244	873
3246	3244
3243	3244
3245	3243
874	3243
3248	876
3250	3248
3247	3248
3249	3247
877	3247
3260	879
3261	3260
3259	3260
881	3259
880	3259
3264	882
3263	3264
3265	3263
883	3263
884	883
3268	885
3270	3268
3267	3268
3269	3267
886	3267
3274	888
3272	888
3273	3272
3271	3272
889	3271
3277	891
892	891
3278	894
895	3278
898	897
901	900
3279	903
904	903
3280	906
907	3280
3285	909
911	3285
910	909
3289	912
3290	3289
913	3289
3293	915
3292	915
3291	915
916	3291
3295	918
3296	3295
3294	3295
919	3294
5283	921
3300	5283
923	3300
3299	5283
5282	5283
3298	5282
3297	5282
922	3297
921	5282
5283	5282
3307	924
3305	924
3306	3305
925	3305
3310	927
928	927
3311	930
932	3311
931	3311
934	933
3312	934
3316	3312
3313	3312
935	3313
3321	936
3322	3321
3631	3322
938	3322
937	3321
3325	939
3326	3325
941	3326
3324	939
3323	939
940	3323
3337	942
3338	3337
943	3337
3339	945
947	3339
946	3339
949	948
952	951
3352	954
3353	3352
956	3353
955	954
3357	957
3355	957
3356	3355
3354	3355
958	3354
3363	960
962	3363
3362	3363
3364	3362
961	3362
964	963
3370	966
967	966
3371	969
970	3371
973	972
976	975
3380	978
979	978
3381	981
3382	3381
983	3382
982	3381
3398	984
3399	3398
986	3399
985	3398
3400	987
988	3400
991	990
994	993
997	996
3409	999
1000	999
3410	1002
3411	3410
1003	3410
5284	1005
5180	5284
5181	5180
3417	5181
5182	5181
3416	5182
3415	5182
3413	5182
1007	3413
760	5182
3412	5284
1006	3412
761	1006
1005	5284
3422	1008
3421	3422
3424	3421
3420	3421
3423	3420
3419	3420
1010	3419
1009	3419
3432	1011
3428	1011
3431	3428
3427	3428
3430	3427
3426	3427
3429	3426
1012	3426
5285	1014
3440	5285
3439	5285
3435	5285
5286	3435
3438	5286
3437	5286
3433	5286
1015	3433
3434	5286
3435	5286
3436	5285
1014	5285
5289	5287
3444	1017
3443	3444
3716	3443
5287	3443
3717	5287
5288	5287
1019	5288
3445	5288
5289	5288
1018	5289
3441	5289
3442	5289
5287	5289
3443	5287
3446	1020
1021	3446
1024	1023
3453	1026
1027	1026
3454	1029
1030	3454
1031	1030
3456	1032
1034	3456
1033	3456
1036	1035
3743	1036
3459	1036
1037	3459
3463	1038
1039	3463
3464	1041
3465	3464
3471	3465
3466	3465
3470	3466
1043	3466
1042	1041
3479	1044
3475	1044
3478	3475
3474	3475
3477	3474
3473	3474
3476	3473
1045	3473
3483	1047
5290	3483
1049	5290
3485	5290
3481	5290
3484	3481
3480	3481
1048	3480
3482	5290
3483	5290
3489	1050
3487	1050
3488	3487
3486	3487
1051	3486
3491	1053
1055	3491
3490	3491
3492	3490
1054	3490
3493	1056
5291	3493
1058	5291
1057	5291
3493	5291
1060	1059
1061	1060
3507	1062
1063	3507
1066	1065
1069	1068
3526	1071
1072	1071
1075	1074
1078	1077
1081	1080
1082	1081
3535	1083
1084	3535
3540	1086
1087	1086
3541	1089
3542	3541
1090	3541
1093	1092
1094	1093
1096	1095
3557	1098
1099	1098
1102	1101
1103	1102
3559	1104
1105	1104
3563	1107
3564	3563
1109	3564
1108	3563
3567	1110
5292	3567
3575	5292
3568	5292
3574	3568
3569	3568
1112	3569
1111	5292
3567	5292
3571	1113
3572	3571
3570	3571
1114	3570
3579	1116
3578	3579
4601	3578
3577	3578
4602	3577
1117	3577
3580	1117
1118	3580
3587	1119
1120	3587
3588	1120
4598	3588
3589	3588
4597	3589
3590	3589
1121	3590
3593	1122
3813	3593
3592	3593
3814	3592
3591	3592
1124	3591
1123	3591
3600	1125
1126	1125
3601	1128
1129	3601
1132	1131
1135	1134
1138	1137
1141	1140
1144	1143
3626	1146
1147	1146
3628	1149
3629	3628
3632	3629
1151	3629
1150	1149
3635	1152
3637	3635
3634	3635
3636	3634
1153	3634
3639	1155
3638	3639
3830	3638
1156	3638
1157	1156
3640	1158
1159	1158
3641	1161
1162	3641
1165	1164
3642	1165
1166	3642
3645	1167
1169	3645
1168	3645
1171	1170
3646	1171
3861	3646
3647	3646
1172	3647
3652	1173
3649	1173
3651	3649
3648	3649
3650	3648
1174	3648
3655	1176
3659	3655
3654	3655
3658	3654
3653	3654
1178	3653
1177	3653
3663	1179
3662	3663
3909	3662
3661	3662
1181	3661
1180	3661
3664	1182
1184	3664
1183	1182
3666	1185
3665	1185
1186	3665
1189	1188
1192	1191
1195	1194
1196	1195
3677	1197
1198	3677
1199	1198
1201	1200
1202	1201
1204	1203
3687	1206
1207	3687
1210	1209
1213	1212
3692	1215
1216	1215
3693	1218
1219	3693
1222	1221
1225	1224
1228	1227
1229	1228
1231	1230
1234	1233
3702	1234
3971	3702
3703	3702
1235	3703
3705	1236
3704	3705
1238	3704
1237	3704
1240	1239
3710	1240
4003	3710
1241	3710
3711	1242
1244	3711
1243	3711
3712	1245
3713	3712
3719	3713
3714	3713
3718	3714
1247	3714
1246	1245
3723	1248
3722	3723
3726	3722
3721	3722
1250	3721
1249	3721
3729	1251
3728	3729
1253	3728
1252	3728
1255	1254
3734	1255
4560	3734
1256	3734
3735	1257
1258	3735
1259	1258
3740	1260
3741	3740
3744	3741
1262	3741
1261	1260
3747	1263
3746	3747
1265	3746
1264	3746
3748	1266
1267	1266
3749	1269
1270	3749
3753	1272
1274	3753
3752	1272
1273	1272
3755	1275
3756	3755
3754	3755
1276	3754
3760	1278
3759	1278
1279	3759
3767	1281
1283	3767
1282	3767
3768	1284
1286	3768
1285	1284
3775	1287
1289	3775
1288	3775
3782	1290
1291	1290
3790	1293
1295	3790
1294	3790
1297	1296
3795	1297
1298	3795
3798	1299
1301	3798
1300	3798
1303	1302
1304	1303
3802	1305
1306	3802
3805	1308
1309	1308
3807	1311
3806	1311
1312	3806
5293	1314
3811	5293
1316	3811
3810	5293
3808	5293
3809	3808
1315	3808
1314	5293
3816	1317
3817	3816
1318	3816
3818	1320
1321	3818
1324	1323
3819	1326
1327	1326
3820	1329
1330	3820
3821	1332
3822	3821
3832	3822
3823	3822
3831	3823
1334	3823
1333	1332
3826	1335
3828	3826
3825	3826
3827	3825
3824	3825
1336	3824
1342	1338
5185	1338
3836	1338
5184	3836
3835	3836
5183	3835
3834	3835
1341	3834
1339	3834
1342	1343
5185	1342
4589	5185
5295	5185
5296	5295
4590	5296
5294	5296
1345	5294
3837	5294
1341	5294
1344	1341
5183	5294
5296	5294
5184	5296
5295	5296
5185	5295
3839	1346
3838	1346
1347	3838
3840	1349
3841	3840
1350	3840
3842	1352
5297	3842
4015	5297
3844	5297
1354	3844
3843	5297
1353	5297
3842	5297
1359	1355
1357	1359
5186	1355
3846	1355
1358	3846
3845	3846
1356	3845
1359	1360
3853	1359
5298	1359
3852	5298
1362	5298
1358	5298
3847	1358
1361	1358
5186	5298
1359	5298
3857	1363
3859	3857
3856	3857
3858	3856
3855	3856
1364	3855
1367	1366
1368	1367
3865	1369
1370	3865
3866	1372
3867	3866
4037	3867
1374	3867
1373	1372
3869	1375
3871	3869
3868	3869
3870	3868
1376	3868
3875	1378
3873	1378
3874	3873
3872	3873
1379	3872
3877	1381
3879	3877
3876	3877
3878	3876
1382	3876
3884	1384
1386	3884
3883	1384
3881	1384
3882	3881
3880	3881
1385	3880
3887	1387
3890	3887
3886	3887
3889	3886
3885	3886
3888	3885
1388	3885
3896	1390
3893	1390
3895	3893
3892	3893
3894	3892
3891	3892
1391	3891
5303	5299
5303	5300
5303	5301
5299	1393
5302	5299
1395	5302
3902	5302
5303	5302
3901	5303
5301	5303
3900	5301
3897	5301
1394	3897
3898	5301
5300	5301
3899	5300
5299	5300
1393	5299
3905	1396
5305	3905
1398	5305
3907	5305
5304	5305
3906	5304
3903	5304
1397	3903
3904	5304
5305	5304
3905	5305
3916	1399
1401	3916
1400	3916
5308	5306
5306	1402
5307	5306
4105	5307
3932	5307
1404	3932
3931	5307
5308	5307
1403	5308
3930	5308
5306	5308
1402	5306
3934	1405
3954	3934
3933	3934
1407	3933
1406	3933
1409	1408
3937	1411
1412	1411
3939	1414
3938	1414
1415	3938
3959	1417
3957	1417
3958	3957
3956	3957
1418	3956
3963	1420
3961	1420
3962	3961
3960	3961
1421	3960
3965	1423
5309	3965
3968	5309
1425	5309
3966	5309
3964	5309
1424	3964
3965	5309
3972	1426
3973	3972
1428	3973
1427	1426
3975	1429
3974	3975
1431	3974
1430	3974
1433	1432
3978	1433
3980	3978
1434	3978
3983	1435
3982	3983
1437	3982
3984	3982
1436	3982
3989	1438
3990	3989
1440	3990
3988	1438
1439	3988
3992	1441
5310	3992
4179	5310
1443	5310
3993	5310
3991	5310
1442	3991
3992	5310
3994	1444
3995	3994
1446	3995
1445	3994
3999	1447
1448	3999
1449	1448
1451	1450
4000	1451
4004	4000
4001	4000
1452	4001
4007	1453
4006	4007
4012	4006
1454	4006
1455	1454
1457	1456
4008	1457
1458	4008
4027	1459
4028	4027
1461	4028
4025	1459
4026	4025
1460	4025
4031	1462
4034	4031
4030	4031
1464	4030
4029	4030
1463	4029
4039	1465
1466	4039
1469	1468
1472	1471
4050	1474
1475	1474
4051	1477
1478	4051
4262	1478
4052	1478
4263	4052
4053	4052
4264	4053
1479	4053
4055	1480
4057	4055
4054	4055
4056	4054
1481	4054
4059	1483
4308	4059
4058	4059
1485	4058
1484	4058
1487	1486
4064	1487
4316	4064
4065	4064
1488	4065
4067	1489
5311	4067
1491	5311
4068	5311
4066	5311
1490	4066
4067	5311
4072	1492
1494	4072
1493	4072
4076	1495
4077	4076
1496	4076
4080	1498
4078	1498
4079	4078
1499	4078
4084	1501
4082	1501
4083	4082
4081	4082
1502	4081
4086	1504
4088	4086
4085	4086
4087	4085
1505	4085
4090	1507
4089	4090
1509	4089
1508	4089
4091	1510
1511	1510
4092	1513
1514	4092
4093	1516
4094	4093
1518	4094
1517	1516
4096	1519
1521	4096
4095	4096
4097	4095
1520	4095
4101	1522
1523	4101
1526	1525
4102	1526
4107	4102
4103	4102
4106	4103
1527	4103
4111	1528
4113	4111
4110	4111
4112	4110
4109	4110
1529	4109
4115	1531
5312	4115
4389	5312
4390	5312
4116	5312
1533	4116
1532	5312
4114	5312
4115	5312
4118	1534
4117	1534
1535	4117
4119	1537
1538	4119
1539	1538
4122	1540
4123	4122
4395	4123
4124	4123
4396	4124
1542	4124
1541	1540
4131	1543
4127	1543
4130	4127
4126	4127
4129	4126
4125	4126
4128	4125
1544	4125
1550	1546
4135	1546
4134	4135
5187	4134
4133	4134
1549	4133
4132	4133
1547	4132
5316	5313
5318	5314
5318	5315
5319	5318
1550	1551
5313	1550
4259	5313
5315	5313
4258	5315
5314	5315
4257	5314
5317	5314
1553	5317
4136	5317
5319	5317
1552	5319
1549	5319
5318	5319
5187	5318
5316	5318
1550	5316
5313	5316
5315	5318
4137	1554
1555	4137
1556	1555
1558	1557
1559	1558
1561	1560
1562	1561
4160	1563
1565	4160
1564	1563
4171	1566
4169	1566
4170	4169
1567	4169
4173	1569
1571	4173
4174	4173
4172	4173
1570	4172
4175	1572
4176	4175
4177	4176
1574	4177
1573	4175
4181	1575
4182	4181
1576	4181
4183	1578
1579	4183
1582	1581
4190	1584
1585	1584
1588	1587
1589	1588
1591	1590
1592	1591
1594	1593
1597	1596
4198	1599
1600	1599
1603	1602
1606	1605
4218	1608
1609	1608
1612	1611
1615	1614
1618	1617
1619	1618
1621	1620
4228	1623
1624	1623
4229	1626
1627	4229
1630	1629
4251	1632
4252	4251
1633	4251
1636	1635
4269	1638
4270	4269
1640	4270
1639	1638
4272	1641
4271	4272
4419	4271
4273	4271
1643	4273
1642	4271
4275	1644
4274	1644
1645	4274
4276	1647
1648	4276
4277	1648
1649	4277
4290	1650
1651	4290
4291	1651
1652	4291
4295	1653
1654	4295
1655	1654
4300	1656
1658	4300
1657	4300
1660	1659
4301	1660
4309	4301
4302	4301
1661	4302
5320	1662
1664	5320
4314	5320
4311	5320
4313	4311
1663	4311
4312	5320
1662	5320
4320	1665
1667	4320
4319	1665
4318	1665
1666	4318
4325	1668
4322	1668
4324	4322
4321	4322
4323	4321
1669	4321
4328	1671
4330	4328
4327	4328
4329	4327
4326	4327
1673	4326
1672	4326
4334	1674
4333	4334
4337	4333
4332	4333
1676	4332
1675	4332
4340	1677
4470	4340
4339	4340
1679	4339
1678	4339
1681	1680
4341	1681
1682	4341
5321	1683
4343	5321
4342	5321
1684	4342
1683	5321
4344	1686
4351	4344
1687	4344
1688	1687
4360	1689
4358	1689
4359	4358
4357	4358
1690	4357
4362	1692
4361	4362
4367	4361
1693	4361
1694	1693
4370	1695
1697	4370
4371	4370
4369	4370
1696	4369
4372	1698
4373	4372
1700	4373
1699	4372
4376	1701
4377	4376
1702	4376
4378	1704
1705	4378
1708	1707
1709	1708
4381	1710
4380	1710
1711	4380
4382	1713
1715	4382
1714	4382
5324	5323
5322	1716
4392	5322
5324	5322
5325	5324
4391	5325
4387	5325
1718	4387
4386	5325
5324	5325
4385	5324
5323	5324
1717	5323
4384	5323
5322	5323
1716	5322
1720	1719
4403	1722
1723	1722
1726	1725
1729	1728
1730	1729
1732	1731
4416	1732
4421	4416
4417	4416
4420	4417
1733	4417
4430	1734
4429	4430
4456	4429
4428	4429
4455	4428
1735	4428
1736	1735
1738	1737
1739	1738
4448	1740
1741	4448
4449	1743
1745	4449
1744	1743
4460	1746
4463	4460
4459	4460
4462	4459
4458	4459
4461	4458
1747	4458
4466	1749
5327	4466
5328	5327
1751	5328
4468	5328
5326	5328
4467	5326
4464	5326
1750	4464
4465	5326
5328	5326
5327	5328
4466	5327
1753	1752
1754	1753
4478	1755
1756	4478
1759	1758
1762	1761
1765	1764
1766	1765
4486	1767
1768	4486
4491	1770
1771	1770
4492	1773
4493	4492
1774	4492
1777	1776
1780	1779
4504	1782
1783	1782
1786	1785
1789	1788
1792	1791
1793	1792
1795	1794
4533	1797
1798	4533
1801	1800
4553	1803
4554	4553
1805	4554
1804	1803
5334	5331
5334	5332
5334	5330
5329	1806
5331	5329
5189	5331
5330	5331
5188	5330
5333	5330
1812	5333
4565	5333
1808	4565
4564	5333
5334	5333
4563	5334
5332	5334
1807	5332
4562	5332
5331	5332
5329	5331
1806	5329
4568	1809
4567	4568
1811	4567
4569	4567
4566	4567
1810	4566
1813	1814
5189	1813
5336	5189
4580	5336
4579	5336
5337	5336
5335	5337
1816	5335
4573	5335
1812	5335
1815	1812
5337	5335
5188	5337
5336	5337
5189	5336
4574	1817
1818	4574
4584	1820
4587	4584
4583	4584
4586	4583
4582	4583
4585	4582
1821	4582
4593	1823
1825	4593
1824	1823
1827	1826
1830	1829
1833	1832
1836	1835
1837	1836
4618	1838
1839	4618
1842	1841
5207	1844
1847	1844
5194	1847
2192	5194
1845	1844
5200	1849
5199	5200
1973	5199
5193	5199
1974	5199
5198	5199
5338	5198
4761	5338
5339	5338
1851	5339
4648	5339
5196	5339
4647	5196
5195	5196
1850	5195
5194	5195
1847	5194
2192	5195
5197	5339
5338	5339
5198	5338
2193	1849
5201	1849
1848	1849
4650	1852
4649	4650
1854	4649
1853	4649
4657	1855
1856	1855
1859	1858
4661	1859
4666	4661
4662	4661
4665	4662
1860	4662
4670	1861
4669	4670
4778	4669
5341	4669
4779	5341
5340	5341
4671	5340
1863	4671
1862	5340
4668	5340
5341	5340
4669	5341
4672	1864
1865	4672
1868	1867
4675	1870
4676	4675
4789	4676
4677	4676
1872	4677
1871	1870
4683	1873
4680	1873
4682	4680
4679	4680
4681	4679
4678	4679
1874	4678
4686	1876
1880	4686
4685	4686
5190	4685
1879	4685
4684	4685
1878	4684
1877	4684
4688	1881
1880	4688
5342	1880
4812	5342
4813	5342
5343	5342
1883	5343
4689	5343
1879	5343
1882	1879
5342	5343
5190	5342
1880	5342
4691	1884
4690	1884
1885	4690
4692	1887
1889	4692
1888	4692
4694	1890
1891	4694
4699	1893
1895	4699
1894	1893
4700	1896
4701	4700
1898	4701
1897	4700
4702	1899
1900	4702
1903	1902
4711	1903
4724	4711
4712	4711
4723	4712
4713	4712
1904	4713
4716	1905
4718	4716
4715	4716
4717	4715
4714	4715
1907	4714
1906	4714
4728	1908
4727	4728
1910	4727
4726	4727
4729	4726
1909	4726
4730	1911
1912	4730
4733	1914
1915	1914
4734	1917
1918	4734
4737	1920
1921	1920
4739	1923
4738	1923
1924	4738
5346	5344
5348	5345
5348	5346
5348	1926
5346	5348
4884	5346
5344	5346
4885	5344
1930	5344
1928	1930
5192	5344
5345	5344
5191	5345
5347	5345
1929	5347
4740	5347
1927	4740
5348	5347
1926	5348
1930	1931
1935	1930
5204	1930
5192	1930
2195	5192
5203	5192
5191	5192
2194	5191
1929	5191
5202	1929
1934	1929
1932	1929
1935	1936
1940	1935
5204	1935
5206	5204
2195	5204
5208	1941
2193	1941
5200	1941
1940	1941
5206	1940
2195	5206
5199	2195
5203	2195
5198	5203
2194	5203
5349	2194
5197	5349
5350	5349
5196	5350
5352	5350
5351	5352
5195	5351
2192	5351
1943	5351
5207	1943
1950	1943
4742	5351
5352	5351
4741	5352
5350	5352
1942	5350
5349	5350
1939	5349
5205	5349
2194	5349
4744	1944
4746	4744
4743	4744
4745	4743
1945	4743
4748	1947
5353	4748
1949	5353
4749	5353
4747	5353
1948	4747
4748	5353
1953	1952
4756	1955
1956	1955
4757	1958
1959	4757
1962	1961
1965	1964
4758	1967
1968	1967
1973	1970
5193	1973
1974	5193
4764	1974
4760	1974
1972	4760
4759	1970
4762	4759
1971	4759
4767	1975
4766	4767
5081	4766
1976	4766
1977	1976
1979	1978
4768	1979
1980	4768
4770	1981
4769	1981
1982	4769
4772	1984
1986	4772
1985	1984
4776	1987
1989	4776
4775	1987
4773	1987
4774	4773
1988	4773
4781	1990
1991	4781
4782	1993
4783	4782
5085	4783
1995	4783
1994	1993
4787	1996
4785	1996
4786	4785
4784	4785
1997	4784
2000	1999
4790	2000
2001	4790
4791	2002
2004	4791
2003	4791
2006	2005
2009	2008
2012	2011
2015	2014
4804	2017
2019	4804
2018	2017
4805	2020
4806	4805
2021	4805
5354	2023
4809	5354
4814	4809
4810	4809
2025	4810
4808	5354
4807	5354
2024	4807
2023	5354
4819	2026
4817	2026
4818	4817
4816	4817
2027	4816
4821	2029
2031	4821
4820	4821
4822	4820
2030	4820
5355	2032
4824	5355
2034	4824
2033	5355
4823	5355
2032	5355
4825	2035
2037	4825
2036	4825
4839	2038
4840	4839
2040	4840
4837	2038
4838	4837
2039	4837
4843	2041
4846	4843
4842	4843
4845	4842
4841	4842
4844	4841
2042	4841
4849	2044
4848	4849
5002	4848
4847	4848
2046	4847
2045	4847
4852	2047
2048	2047
4853	2050
2051	4853
4856	2053
2054	2053
4860	2056
2057	2056
4861	2059
4865	4861
2060	4861
4862	2060
4864	4862
2061	4862
5358	5357
5357	2062
5356	5357
2064	5356
4872	5356
4871	5356
5358	5356
4867	5358
4870	4867
2063	4867
4868	5358
4869	5358
5357	5358
2062	5357
4875	2065
4874	4875
4876	4874
4873	4874
2067	4873
2066	4873
5359	2068
4882	5359
2070	4882
4881	5359
5360	5359
4880	5360
4878	5360
2069	4878
4879	5360
5359	5360
2068	5359
4892	2071
4890	2071
4891	4890
2072	4890
4894	2074
4893	4894
5023	4893
5361	4893
5024	5361
2075	5361
2076	2075
4893	5361
4895	2077
2078	2077
4896	2080
2081	4896
2084	2083
2087	2086
2090	2089
2093	2092
2094	2093
2096	2095
4940	2098
2099	4940
2102	2101
4941	2102
2103	4941
4942	2104
4943	4942
2105	4942
4944	2107
2108	4944
4947	2110
2111	2110
4952	2113
2114	4952
2117	2116
2118	2117
4963	2119
4962	2119
2120	4962
4967	2122
4968	4967
2123	4967
4969	2125
2126	4969
2127	2126
4979	2128
2129	4979
2130	2129
4983	2131
4984	4983
2132	4983
4986	2134
4985	2134
2135	4985
2138	2137
2141	2140
2142	2141
5000	2143
2145	5000
4999	2143
2144	2143
5004	2146
2147	5004
2148	2147
5006	2149
5007	5006
2150	5006
5015	2152
5014	2152
2153	5014
5017	2155
2157	5017
2156	2155
5362	2158
5020	5362
5021	5020
2160	5021
5019	5362
5018	5362
2159	5018
2158	5362
5029	2161
2162	5029
2165	2164
2166	2165
2168	2167
5034	2168
2169	5034
5035	2170
2171	5035
5037	2173
2175	5037
2174	5037
5073	2176
5363	5073
5364	5363
5082	5364
5075	5364
2178	5075
5074	5364
5363	5364
2177	5363
5073	5363
5079	2179
5077	2179
5078	5077
5076	5077
2180	5076
2183	2182
2186	2185
610	770
613	610
611	610
5173	614
771	5173
764	766
5365	764
5171	5365
762	5365
761	762
3102	5365
764	5365
5172	760
3116	5172
783	3116
765	5172
767	771
766	767
5175	765
770	5175
786	770
784	786
5208	1848
2193	5208
1951	1848
1846	1848
5202	2194
1939	5202
1934	5202
1937	1934
5370	5366
5370	5368
5370	5369
4	5368
0	4
5367	0
27	0
24	27
5366	24
21	24
18	21
5369	18
15	18
10	15
5368	10
7	10
4	7
5377	5376
5379	5378
5379	5373
5379	5374
5380	5379
5380	5375
5381	5380
5381	5376
5382	5378
5382	5379
5382	5380
3	5382
2238	3
5377	2238
2236	2238
2234	2236
5372	2234
42	2234
2228	42
5376	2228
2224	2228
5375	2224
2220	2224
5371	2220
5374	5371
5373	5371
2213	5371
2215	2213
2217	2215
5378	2217
1	2217
5382	1
3	1
40	5371
2220	5371
5386	5384
2248	5386
51	2248
48	51
2246	48
5384	2246
2244	2246
5383	2244
2235	5383
5386	2235
2237	2235
2239	2237
6	2239
2248	6
5	2239
43	5383
45	5383
2244	5383
8	54
2249	54
52	54
5389	5388
5394	5393
5394	5388
5395	5394
5395	5389
5397	5391
5397	5392
5397	5393
5397	5394
5397	5395
5397	5396
2270	5391
2268	2270
5395	2268
63	2268
5390	63
60	63
5389	60
2264	60
5387	2264
2262	2264
57	2262
55	57
5388	55
11	55
5393	11
14	11
72	14
5392	72
69	72
66	69
2274	66
5391	2274
2272	2274
2270	2272
16	73
5400	5398
2297	5400
81	2297
2293	81
5398	2293
75	2293
70	75
5400	70
19	70
20	19
2297	20
71	70
78	2293
5401	31
2300	5401
82	2300
2298	82
23	2298
22	2298
84	5401
32	5401
90	32
87	90
31	5401
5137	29
25	5137
26	25
5405	5402
2214	5405
5404	2214
2204	5404
2202	2204
5402	2202
33	2202
30	33
2200	30
5405	2200
28	2200
2216	28
2214	2216
2	28
2206	5404
2212	5404
36	2212
39	2212
2214	5404
2207	102
2321	102
2205	2321
99	2321
2203	99
2308	99
91	2308
34	91
93	99
96	99
2333	41
111	2333
2227	111
108	111
2223	108
2329	108
38	2329
37	2329
105	2329
103	105
2335	41
44	41
114	44
2247	123
117	120
2245	117
2247	2245
123	2247
115	117
46	115
126	49
56	53
2353	56
49	2353
126	2353
129	2353
2265	141
5408	141
2263	5408
5407	5408
58	5407
2356	5407
5406	5407
130	5406
132	5406
138	5406
135	138
2365	5406
5408	5406
141	5408
5407	5406
5411	5409
5412	5411
5414	5411
5414	5412
156	5414
153	156
150	153
5410	150
5412	5410
147	150
144	147
5409	144
142	144
5411	142
61	142
5414	61
62	61
156	62
5418	5415
2273	5418
2275	2273
2375	2275
2373	2375
5415	2373
2371	2373
159	2371
2369	159
5418	2369
5417	2369
2271	5417
2273	2271
2269	5417
157	5417
64	157
2369	5417
162	2371
2377	2275
65	2275
2381	163
5422	5421
5423	5421
74	5423
174	74
5419	174
2387	174
2385	2387
5421	2385
2383	2385
5420	2383
5423	5420
2376	5420
2378	2376
74	2378
67	2378
68	67
2374	5420
2372	5420
2381	5420
163	2381
2383	5420
168	174
171	174
76	175
2409	172
180	83
2415	180
5424	2415
80	5424
2295	5424
2411	5424
2409	2411
79	2409
173	2409
172	2409
2413	5424
2415	5424
2417	195
181	2417
85	181
2419	195
192	195
5425	192
2421	5425
2423	5425
183	2423
2425	5425
186	5425
189	5425
192	5425
198	92
196	198
88	196
89	88
5429	5428
5429	5426
5430	5429
5433	5432
5433	5428
5434	5433
5434	5429
5435	5432
5436	5435
5436	5433
5437	5435
2461	5437
2458	2461
5434	2458
216	2458
5430	216
213	216
5427	213
210	213
207	210
204	207
5426	204
2449	204
5428	2449
5431	2449
5432	5431
5435	5431
191	5431
199	191
5437	199
94	199
95	94
2461	95
190	5431
201	5431
2449	5431
2465	219
2460	2465
2469	2460
2463	2460
98	2463
97	2463
217	2465
2323	104
5438	104
2470	5438
100	2470
2468	5438
220	5438
2472	5438
222	2472
104	5438
234	228
2330	237
2480	237
5440	2480
106	5440
2474	5440
5439	5440
223	5439
225	5439
228	5439
234	5439
5440	5439
2480	5440
5445	5441
5445	5442
5445	5443
110	5445
252	110
249	252
246	249
5443	246
243	246
5442	243
240	243
5441	240
238	240
109	238
5445	109
110	109
264	258
5449	5447
2336	5449
113	2336
116	113
2490	116
5447	2490
2488	2490
5446	2488
255	5446
2484	255
5449	2484
253	2484
2334	253
2336	2334
112	253
258	5446
264	5446
2488	5446
270	273
2492	270
2491	2492
118	2491
2489	2492
267	2492
265	267
2348	125
282	125
5450	282
121	5450
274	5450
279	5450
276	279
2509	5450
282	5450
127	131
283	131
285	131
288	291
286	288
133	286
5453	5451
5454	5453
2527	5454
2525	2527
2523	2525
5451	2523
297	2523
294	297
292	294
136	292
5453	136
137	136
5134	137
5454	5134
145	5134
2531	145
2529	2531
2527	2529
146	145
300	2527
2366	143
5135	143
139	5135
5458	5457
5459	5458
5459	5455
5460	5459
5461	5457
5462	5461
5462	5458
5463	5462
5463	5459
5464	5463
5465	5462
2551	5465
2549	2551
5464	2549
312	2549
309	312
306	309
5460	306
2539	306
5456	2539
2536	2539
5455	2536
303	2536
301	303
2528	301
5457	2528
2530	2528
2532	2530
5461	2532
148	2532
149	148
5465	149
5462	5465
2551	149
160	164
5468	160
5467	5468
5466	5467
152	5466
2552	5466
151	2552
2550	5466
5467	5466
2554	5467
313	2554
5468	5467
315	5468
318	5468
164	5468
160	5468
5133	158
154	5133
155	154
2388	333
330	333
327	330
2386	327
2384	327
324	327
321	324
2561	321
2382	2561
319	2561
166	319
169	176
169	336
334	336
5471	5470
2422	5471
182	2422
339	182
2593	339
5470	2593
2412	2593
2414	2412
5471	2414
2416	2414
2418	2416
2420	2418
2422	2420
179	2416
2589	2593
2410	2589
337	2589
178	337
2426	351
348	351
2424	348
345	348
342	345
184	342
340	342
187	200
352	200
357	200
354	357
193	197
358	360
2450	358
203	2450
202	358
5474	5473
5475	5474
5473	5476
5477	5473
5478	5477
5479	5478
5479	5474
5481	5480
5481	5477
205	5481
5479	205
206	205
389	206
2638	389
5475	2638
386	2638
383	386
380	383
5472	380
375	380
5476	375
372	375
366	372
5473	366
363	366
5477	363
5480	363
361	363
2614	361
5481	2614
205	2614
369	372
208	392
390	392
395	398
393	395
211	393
212	211
5482	218
2652	5482
215	2652
214	2652
2649	2652
401	2652
399	401
404	5482
224	5482
221	5482
218	5482
407	410
405	407
2664	405
227	405
226	405
2665	230
5094	260
5486	5485
5487	5486
5489	5488
5490	5489
425	5490
422	425
416	422
2674	416
5488	2674
2183	2674
5100	2183
5489	5100
5098	5100
5096	5098
5490	5096
5492	5096
2694	5492
425	2694
2696	5492
5094	5492
260	5094
5096	5492
5102	2674
2671	2674
2186	2671
5487	2671
5104	5487
5486	5487
5106	5486
5485	5486
5108	5485
5491	5485
5110	5491
2665	5491
230	2665
2663	5491
5485	5491
411	5485
5483	5485
413	5483
5487	5483
2671	5487
419	422
5496	5493
5497	5496
5497	5494
5498	5496
5116	5498
5114	5116
5495	5114
5112	5114
5107	5112
5109	5107
5494	5109
5111	5109
5493	5111
232	5111
233	232
5496	233
5130	233
5498	5130
241	5130
5118	241
5116	5118
242	241
5105	5112
2187	5112
5131	239
2481	5131
235	5131
5504	5503
5504	5499
5505	5504
5505	5500
5506	5505
5506	5501
5507	5503
5508	5507
5508	5504
5509	5508
5509	5505
5510	5509
5511	5507
5512	5511
5512	5508
5510	5512
245	5512
5126	245
5124	5126
5506	5124
5122	5124
5502	5122
5120	5122
2184	5120
5501	2184
5103	2184
5500	5103
2185	5103
5499	2185
5113	2185
5115	5113
5503	5115
5117	5115
5507	5117
5119	5117
5511	5119
244	5119
5512	244
245	244
5515	5513
256	5515
257	256
5095	257
5097	5095
5513	5097
5099	5097
5123	5099
5515	5123
5125	5123
5516	5125
5128	5516
256	5128
248	5516
5127	5516
247	5127
5125	5516
5121	5099
5101	5099
2182	5101
5129	254
251	5129
250	5129
5517	266
262	5517
2697	5517
2695	5517
431	5517
428	431
426	428
266	5517
5518	434
2712	5518
2493	5518
269	2493
268	5518
434	5518
432	434
446	275
443	446
271	443
2730	443
2713	2730
2711	2730
2716	2730
2714	2716
435	2714
2718	2730
2728	2730
2720	2728
440	2728
2722	440
437	440
5521	5520
5522	5520
5523	5522
1853	5523
1845	1853
5519	1845
367	1845
368	367
438	368
5520	438
439	438
449	439
5522	449
2740	449
4653	2740
5523	4653
4651	4653
1853	4651
4655	2740
1856	2740
447	2740
278	447
277	447
1850	1853
287	284
4659	287
2511	4659
1857	4659
280	1857
1859	287
1860	293
289	1860
1865	293
1862	1865
1868	293
1869	296
1871	302
2526	1871
4673	1871
2524	4673
1866	4673
298	1866
1867	1866
1874	302
1877	302
2541	1888
1885	1888
1882	1885
2538	1882
1878	1882
304	1878
307	1891
1889	1891
5092	314
4697	5092
4695	4697
311	4695
310	4695
1892	4695
1894	5092
5090	5092
1897	5090
1900	5090
4703	5090
4705	5090
322	5090
323	322
5524	320
317	5524
5525	5524
316	5525
5093	5525
5524	5525
5091	5524
320	5524
4709	1906
4706	4709
325	4706
4707	4709
4704	4707
1901	4707
1903	1906
328	1907
5529	5528
5533	5527
5534	5533
5534	5528
5535	5534
5535	5529
5536	5531
5532	5536
5533	5532
5537	5532
5538	5537
5538	5533
5539	5538
5539	5534
5540	5536
5537	5536
5541	5537
5542	5541
5542	5538
5543	5540
5541	5540
2592	5543
5542	2592
2596	2592
5539	2596
5535	2596
338	2596
341	338
5530	341
1918	341
1915	1918
5529	1915
5526	1915
4731	1915
5527	4731
5528	5527
1912	4731
5531	1912
1909	1912
1904	1909
5536	1904
1905	1904
5540	1905
5543	1905
331	1905
332	331
335	332
2592	335
343	1919
5548	5544
5549	5548
5550	5549
5550	5545
5548	5547
5551	5548
5552	5551
5552	5549
4750	5552
1948	4750
1945	1948
5546	1945
1942	1945
1937	1942
5544	1937
5545	5544
1921	1937
5547	1921
4735	1921
5548	4735
1916	4735
5551	1916
1917	1916
5552	1917
347	1917
4750	347
346	1917
1924	1937
1932	1937
1927	1932
4752	353
349	4752
1949	353
1947	359
355	1947
362	359
1946	362
1943	1844
364	1943
1944	1943
436	464
370	436
2723	464
461	464
5554	461
2721	5554
2719	5554
5553	5554
2764	5553
2717	2764
2715	2764
2762	2764
433	2762
452	2762
430	452
429	452
455	5553
458	5553
5554	5553
461	5554
373	465
2790	479
2788	2790
376	2788
5555	2788
463	5555
5556	5555
462	5556
467	5556
470	5556
2786	5556
5555	5556
2788	5555
473	479
476	479
381	480
477	485
478	477
384	478
482	485
5557	391
2640	5557
486	5557
387	486
394	5557
391	5557
491	400
396	491
488	491
484	488
483	488
494	400
2653	406
495	406
402	495
509	412
506	509
408	506
503	506
493	503
492	503
497	503
500	503
512	412
515	412
417	412
518	417
521	417
418	417
5558	414
2676	5558
2673	5558
414	5558
420	522
5564	5563
5564	5559
5565	5562
5565	5563
5566	5565
2887	5566
5560	2887
549	2887
546	549
543	546
540	543
5559	540
534	540
529	534
5562	529
5563	5562
5561	529
424	5561
5565	424
427	424
5566	427
451	427
2887	451
423	5561
520	5561
519	5561
526	5561
529	5561
537	540
2729	450
2731	2729
442	2731
441	450
2751	448
444	2751
445	444
2765	550
2889	550
2763	2889
453	2889
456	558
5567	558
548	5567
547	5567
552	5567
555	5567
558	5567
561	466
559	561
459	559
5572	5568
5573	5570
5571	5573
5572	5571
5575	5571
5576	5573
5574	5576
5575	5574
468	5574
469	468
573	469
5572	573
2914	573
5569	2914
570	2914
2911	570
5568	2911
2909	2911
5570	2909
567	2909
564	567
5573	564
5576	564
2905	564
2903	2905
5574	2903
468	2903
562	2903
5580	5577
5581	5580
5581	5578
582	5581
579	582
576	579
5578	576
574	576
5577	574
471	574
2787	471
5580	2787
2789	2787
2791	2789
5581	2791
472	2791
585	472
582	585
588	472
474	481
591	481
589	591
594	481
487	481
498	487
597	498
499	498
489	496
5584	5583
5586	5583
5587	5586
5586	5585
5588	5585
5589	5588
5589	5586
5590	5589
5591	5588
619	5591
5590	619
2952	619
5587	2952
2950	2952
616	2950
5584	616
611	616
5582	611
608	611
605	608
2944	605
5583	2944
5585	2944
602	2944
5588	602
598	602
501	598
5591	501
502	501
622	502
619	622
504	623
5595	5593
631	5595
628	631
5592	628
620	5592
5593	620
621	620
507	621
508	507
5595	508
637	508
634	637
631	634
625	5592
628	5592
510	638
2960	643
2958	2960
513	2958
636	2958
635	2958
640	643
525	655
5596	525
516	5596
646	5596
644	646
649	5596
652	5596
655	5596
525	5596
527	659
528	527
661	657
5597	676
530	5597
2995	5597
2989	2995
661	2995
657	661
2998	5597
673	5597
664	673
670	673
667	670
676	5597
536	677
535	677
538	680
674	678
3032	553
541	3032
3030	3032
674	3030
678	674
3034	553
554	553
682	554
544	551
688	683
2904	560
5598	2904
5599	5598
556	5599
688	5599
683	688
3038	5599
5598	5599
691	5598
2906	5598
563	2906
2904	5598
5602	5601
5603	5601
5604	5603
566	5604
706	566
5600	706
703	706
700	703
5601	700
697	700
5603	697
694	697
692	694
5604	692
565	692
566	565
2912	721
715	721
712	715
709	712
2910	709
707	709
568	707
718	721
5605	575
2916	5605
571	5605
3058	5605
722	3058
575	5605
3059	727
577	3059
724	727
719	724
720	719
580	739
728	739
736	739
730	736
733	736
2947	592
583	2947
604	2947
740	604
593	592
603	593
586	590
595	601
3084	768
738	3084
606	738
737	3084
763	768
742	763
750	763
745	750
758	763
755	758
609	769
3104	773
3112	785
3110	3112
3108	3110
612	3108
3106	3108
767	3106
3104	3106
764	3104
773	3104
779	785
782	785
5608	5606
3120	5608
791	3120
3118	791
786	3118
5606	786
617	786
2951	617
5608	2951
2953	2951
624	2953
3120	624
618	2953
788	791
3121	792
627	3121
626	3121
5611	5610
5612	5610
3130	5612
3128	3130
3126	3128
5609	3126
797	3126
794	797
789	794
790	789
5610	790
3123	790
5612	3123
629	3123
3132	629
3130	3132
630	629
800	3130
5619	5618
5619	5614
5619	5615
5620	5619
5620	5616
5621	5620
5622	5618
5622	5619
5622	5620
2959	5622
2961	2959
639	2961
806	639
5617	806
3137	806
5616	3137
803	3137
5613	803
5615	5613
5614	5613
3131	5613
3133	3131
632	3133
5618	632
633	632
5622	633
2959	633
801	5613
803	5613
641	645
821	645
818	821
807	818
809	818
815	818
812	815
824	645
647	825
3173	830
3171	3173
650	3171
823	3171
822	3171
827	830
831	660
653	831
833	660
5623	848
5624	5623
663	5624
3000	5624
3181	5624
2997	3181
834	3181
662	834
836	5624
5623	5624
839	5623
842	5623
848	5623
845	848
3198	854
665	3198
851	854
849	851
862	865
668	862
669	668
855	862
859	862
3035	684
5627	5626
5628	5626
3229	5628
3227	3229
3225	3227
5625	3225
871	3225
3220	871
5626	3220
671	3220
672	671
3031	672
5628	3031
3033	3031
3035	3033
3231	3035
3229	3231
684	3035
866	871
868	871
5631	5630
4637	5631
695	4637
3239	695
3237	3239
3235	3237
5630	3235
3228	3235
3230	3228
3232	3230
5631	3232
687	3232
4637	687
686	3232
3233	3235
3226	3233
872	3233
696	695
3039	693
4638	693
689	4638
5636	5635
5638	5637
5638	5633
5639	5638
5639	5634
5640	5639
5640	5635
5641	5638
3238	5641
5640	3238
3240	3238
698	3240
5636	698
699	698
5632	699
880	699
3255	880
5634	3255
5635	5634
3251	3255
5633	3251
877	3251
874	877
869	874
5637	869
870	869
3234	870
5641	3234
5638	5641
3236	3234
3238	3236
881	883
701	881
708	886
886	708
704	886
884	886
895	890
5643	5644
904	5643
901	904
898	901
5644	898
895	898
890	895
710	890
5643	710
907	710
904	907
711	710
713	908
5649	5645
5650	5649
5650	5646
5649	5648
5651	5649
916	5651
913	916
3286	913
5647	3286
910	3286
3283	910
5646	3283
3281	3283
5645	3281
905	3281
5648	905
906	905
716	906
717	716
5649	717
5651	717
723	717
922	723
919	922
916	919
925	729
923	925
725	923
5652	934
731	5652
926	5652
918	5652
917	5652
928	5652
931	5652
934	5652
935	741
734	935
735	734
743	940
933	940
932	940
937	940
943	952
3334	943
3342	3334
3331	3334
3344	3331
941	3331
3346	941
746	941
749	746
949	952
946	949
5657	5655
5656	5657
955	5656
3350	955
5655	3350
5653	3350
3341	5653
3343	3341
5657	3343
3345	3343
3358	3345
5656	3358
958	3358
955	958
3347	3345
961	3347
751	3347
754	751
953	5653
3348	5653
3350	5653
756	962
960	772
759	960
3361	772
3368	772
959	3368
964	3368
3369	775
5660	5659
973	5660
970	973
967	970
965	967
5659	965
3369	965
3378	3369
3376	3378
5660	3376
3374	3376
3372	3374
973	3372
976	3374
775	3369
3113	994
5664	5663
5664	5661
5665	5663
5669	5668
5670	5667
5670	5668
3113	5670
3405	3113
3403	3405
5666	3403
3401	3403
3395	3401
5668	3395
3392	3395
5667	3392
3389	3392
3109	3389
3111	3109
5670	3111
3113	3111
5665	3389
3107	5665
5663	5665
3105	5663
3379	5663
777	3379
5661	5663
3377	5661
3375	5661
5662	5661
977	5662
3383	5662
982	3383
979	982
5664	5662
3386	5664
5665	5664
3389	5665
991	3401
985	991
988	991
994	3113
3407	780
1003	1006
780	1003
3407	1003
1000	1003
997	1000
793	787
1009	793
1007	1009
783	1007
784	783
795	1021
1015	1021
1012	1015
1010	1012
1018	1021
5671	802
3129	5671
3449	5671
3447	3449
3127	3447
798	3447
1022	3447
1024	5671
3451	5671
802	5671
1027	802
1030	802
3139	808
1033	808
1031	1033
804	1031
810	1034
1039	1042
1032	1039
813	1032
3460	1039
1029	3460
1028	3460
1036	3460
5672	1060
1054	5672
3496	1054
1051	1054
1048	1051
3498	1048
3500	1048
1045	1048
3502	1045
1043	1045
3504	1043
816	1043
817	816
1057	5672
1060	5672
3508	1061
3174	1072
5684	5674
5685	5684
5685	5675
5686	5685
5686	5676
5687	5686
5687	5677
5688	5687
5688	5678
5689	5688
5689	5679
5690	5689
5690	5680
5691	5690
5691	5681
5692	5685
5693	5692
5693	5686
5694	5693
5694	5687
5695	5694
5695	5688
5695	5689
5696	5695
5696	5690
3514	5696
3512	3514
3510	3512
5683	3510
5682	5683
3497	5683
3499	3497
5681	3499
3501	3499
5680	3501
3503	3501
5679	3503
3505	3503
5678	3505
5677	3505
819	3505
5676	819
820	819
5675	820
3172	820
5674	3172
5673	3172
5684	5673
3522	5673
3520	3522
5692	3520
5685	5692
3518	3520
1069	3518
5693	1069
3516	1069
5694	3516
5695	3516
1066	3516
5696	1066
3514	1066
3524	5673
3174	5673
1072	3174
3172	5673
3495	5683
3508	5683
1061	3508
3510	5683
1075	828
828	832
1075	832
5697	832
5699	5697
3528	5699
5698	5699
1078	5698
3530	5698
1081	3530
3532	5698
5697	5698
835	5697
3184	5697
832	5697
5699	5698
5704	5703
5704	5700
5705	5704
5705	5701
5706	5705
5708	5707
5708	5703
5709	5708
5709	5704
5710	5709
5710	5705
3533	5710
837	3533
838	837
5702	838
3543	838
5701	3543
5700	3543
1090	3543
1087	1090
5703	1087
3538	1087
5707	3538
3536	3538
1084	3536
5708	1084
1082	1084
5709	1082
5710	1082
3531	1082
3533	3531
5711	1091
841	5711
3545	5711
840	3545
1091	5711
3548	1099
843	3548
3555	1099
1089	3555
3553	3555
1096	3553
1088	1096
3551	1096
3549	3551
1093	3551
1108	850
3560	1108
846	3560
1100	3560
1105	3560
1102	1105
1114	858
852	1114
1111	1114
1109	1111
860	1115
3602	1126
5714	5713
5715	5713
5716	5715
3606	5716
3604	3606
5712	3604
3602	3604
3598	3602
3596	3598
5713	3596
3594	3596
5715	3594
1123	3594
1120	1123
5716	1120
3584	1120
5717	3584
3608	5717
3606	3608
1132	5717
3584	5717
3610	3584
3581	3584
1135	3581
873	3581
867	3581
864	3581
1117	3581
1112	1117
1113	1112
863	1113
1126	3602
875	1136
5720	5719
5721	5720
5723	5722
5723	5719
5724	5723
5724	5720
5725	5724
894	5725
3618	894
5718	3618
3616	3618
3614	3616
5719	3614
3612	3614
1133	3612
5722	1133
3611	1133
3254	3611
5723	3254
3258	3254
5724	3258
879	3258
5725	879
882	879
893	882
894	893
885	882
1134	3611
878	1134
891	888
5728	5727
5729	5728
3617	5729
3620	3617
1138	3620
5727	1138
1130	1138
3603	1130
5728	3603
3605	3603
5729	3605
3607	3605
3615	3607
3617	3615
3613	3607
3609	3607
1131	3609
3619	3617
897	3619
896	3619
3621	1139
900	3621
899	3621
1141	1128
3624	1141
5732	5731
5733	5732
1137	5733
3623	1137
5731	3623
902	3623
3282	902
3284	3282
5732	3284
1147	3284
3624	1147
5733	3624
1141	3624
1128	1141
1137	1128
909	3284
903	902
3288	929
930	929
936	930
5734	936
911	5734
1148	5734
1150	5734
936	5734
914	927
920	924
1151	942
3333	1151
938	1151
939	938
1162	942
1153	1162
1159	1162
1156	1159
944	1165
1163	1165
1174	1177
1171	1174
1168	1171
948	1168
1166	1168
947	1166
1186	954
1183	1186
5735	1183
3349	5735
5736	5735
951	5736
950	5736
3657	5736
1180	5736
1178	1180
5735	5736
1183	5735
956	963
3668	963
1189	3668
1187	1189
966	963
3670	1195
5737	3670
3674	5737
3669	5737
969	3669
968	3669
1190	5737
1192	5737
3670	5737
5740	5739
3680	5740
3678	3680
3673	3678
3675	3673
5739	3675
971	3675
972	971
3684	972
5740	3684
1204	3684
3682	1204
3680	3682
1201	1204
1196	3678
1198	3678
5741	978
3373	5741
3685	5741
974	3685
1205	5741
978	5741
1203	981
4630	987
5743	987
4633	5743
5742	5743
1203	5742
981	1203
1202	5742
1207	5742
5743	5742
5744	5743
1210	5744
987	5744
5743	5744
5745	983
5747	5745
4632	5747
984	5747
3397	5747
3394	5747
5746	5747
3391	5746
3388	5746
5745	5746
3385	5745
983	5745
5747	5746
3688	1213
990	3688
1211	3688
989	1211
996	1216
5750	996
3406	5750
993	3406
3404	5750
5749	5750
3402	5749
5748	5749
3691	5748
992	3691
1214	5748
1216	5748
996	5748
5749	5748
5750	5749
5751	1225
998	5751
999	998
1220	5751
3694	5751
1222	5751
1225	5751
5752	1013
1001	5752
1231	5752
3698	1231
3697	3698
1228	3698
1226	1228
1014	5752
1013	5752
1004	1008
1011	1008
1232	1246
1016	1232
3700	1246
5753	1246
1234	5753
1237	5753
3706	5753
3708	5753
1246	5753
1243	1246
1240	1243
3724	1023
5754	3724
3448	5754
1247	5754
1020	1247
1019	1247
1249	5754
3724	5754
3452	1035
1261	1035
5757	1261
1025	5757
3725	5757
5756	5757
5755	5756
1250	5755
1252	5755
3736	5755
3730	3736
3732	3736
1258	3736
1255	1258
3738	5755
5756	5755
5757	5756
1261	5757
5764	5763
5764	5758
5765	5764
5765	5759
5766	5765
5766	5760
5767	5766
5769	5768
5769	5762
5770	5769
5770	5763
5770	5764
5771	5770
5771	5765
5772	5771
5772	5766
5773	5768
5774	5773
5774	5769
5774	5770
5775	5774
5775	5771
5776	5773
5776	5774
1047	5776
5772	1047
1276	1047
5767	1276
1273	1276
5761	1273
3750	1273
1270	3750
5760	1270
5759	1270
1267	1270
5758	1267
1264	1267
1262	1264
5762	1262
5763	5762
1037	1262
5768	1037
3462	1037
5773	3462
1038	3462
5776	1038
1046	1038
1047	1046
1040	1044
1049	1277
5779	5778
5780	5779
5781	5778
5782	5781
5782	5779
5783	5782
5784	5781
5785	5784
5786	5785
5786	5782
5788	5787
5788	5784
5788	5785
5789	5787
3783	5789
1291	3783
3780	1291
5786	3780
3778	3780
5783	3778
3776	3778
5780	3776
1288	3776
3772	1288
5777	3772
3769	3772
3764	3769
5778	3764
3761	3764
1279	3761
5781	1279
5784	1279
1274	1279
5787	1274
1275	1274
5789	1275
1052	1275
1053	1052
3783	1053
1285	3769
1282	1285
5790	1094
3785	5790
1055	3785
1292	5790
3787	5790
3552	5790
1095	3552
1094	5790
1058	1062
5791	1830
1058	5791
1092	5791
5792	5791
3550	5792
5793	5792
3539	5793
1086	3539
3537	5793
4605	5793
1827	4605
1085	1827
5792	5793
1830	5792
5791	5792
1833	1836
5796	1833
4611	5796
5795	5796
4613	5795
3513	5795
4615	3513
3515	3513
1065	3515
3511	5795
5794	5795
3509	5794
1064	5794
1831	5794
4607	5794
5796	5794
1833	5796
5795	5794
5807	5797
5808	5807
5808	5798
5808	5799
5809	5808
5809	5800
5809	5801
5810	5809
5810	5802
5811	5810
5811	5803
5812	5805
5812	5806
5807	5806
5813	5807
5813	5808
5813	5809
5813	5810
5813	5811
5813	5812
5811	5805
1837	5805
5804	1837
4610	1837
5803	4610
4612	4610
5802	4612
4614	4612
4616	4614
5801	4616
1067	4616
5800	1067
3517	1067
5799	3517
1068	3517
5798	1068
4625	1068
4623	4625
5797	4623
4621	4623
5806	4621
4619	4621
5805	4619
1839	4619
1837	1839
5814	1074
3525	5814
3523	5814
5815	5814
3521	5815
4624	5815
4626	4624
3519	4626
1070	4626
4622	5815
5816	5815
4620	5816
1842	5816
1840	1842
4627	5816
1074	5816
5814	5816
5815	5816
3529	1843
4628	1843
1076	4628
5818	1083
5819	5818
1079	5819
1841	5819
1838	5819
5818	5819
1835	5818
5817	5818
1834	5817
1826	5817
1083	5817
5818	5817
3791	1289
3556	1101
1297	1101
3793	1297
3554	3793
5822	3793
1097	5822
5821	5822
3788	5821
5820	5821
3781	5820
1290	3781
3779	5820
3791	5820
3777	3791
1289	3791
5821	5820
3793	5821
5822	5821
1300	1303
1298	1300
1104	1298
1103	1298
5825	5824
5826	5825
5827	5824
5828	5827
5829	5828
5829	5825
5830	5829
5831	5827
5832	5831
5833	5832
5833	5828
5834	5833
5834	5829
5835	5831
5836	5835
5836	5832
5837	5836
5837	5833
1116	5837
1121	1116
5830	1121
1122	1121
5826	1122
5823	1122
1315	1122
1309	1315
3803	1309
5824	3803
1306	3803
5827	1306
1304	1306
5831	1304
3800	1304
5835	3800
1106	3800
5836	1106
3562	1106
5837	3562
1107	3562
1110	1107
1116	1110
1312	1315
5838	1118
3586	5838
5839	5838
3583	5839
5838	5839
1118	5838
1125	1324
5840	1324
3599	5840
5841	5840
3597	5841
5842	5841
3595	5842
1316	5842
1124	1316
1318	5842
5841	5842
1321	5841
5840	5841
1324	5840
1325	1143
1322	1145
5843	1149
3625	5843
5844	5843
1145	5844
1322	5844
1152	5844
5843	5844
1149	5843
5845	1336
1154	5845
1320	5845
1319	5845
1327	5845
1330	5845
1336	5845
1333	1336
1157	1337
5849	5846
5850	5849
5851	5850
5851	5847
1161	5851
1164	1161
1167	1164
3848	1167
5847	3848
5846	3848
1361	3848
1356	1361
5849	1356
1353	1356
1350	1353
5852	1350
5850	5852
5851	5852
1334	5852
1335	1334
1160	1335
1161	1160
1339	5852
1347	5852
1344	1347
1350	5852
3850	1364
1169	3850
1362	1364
1365	1367
1172	1365
1173	1172
1394	1388
5857	5856
5857	5854
5858	5857
5859	5858
5860	5857
5861	5860
5861	5858
1179	5861
1397	1179
1388	1397
1385	1388
5855	1385
5854	1385
5853	1385
5856	5853
1370	5853
1368	1370
5857	1368
3863	1368
5860	3863
1175	3863
1176	1175
5861	1176
1179	1176
1376	5853
1373	1376
1379	5853
1382	5853
1385	5853
1394	1397
1181	1398
1184	1188
1191	1188
3913	1191
1396	3913
1395	3913
1400	1191
3921	1197
3918	3921
3671	3918
1401	3918
1193	1401
3924	1197
3940	1197
3927	3940
1415	3940
5862	1415
1403	5862
1406	5862
3935	5862
1409	3935
1412	5862
1415	5862
5866	5863
5867	5866
5868	5867
5866	5865
5869	5865
5870	5869
5870	5866
5871	5870
5871	5867
5872	5871
5873	5869
5874	5873
5874	5870
5875	5874
5875	5871
3944	5875
1416	3944
5868	1416
3942	1416
5864	3942
1199	3942
3679	1199
5863	3679
3681	3679
5865	3681
3683	3681
5869	3683
1200	3683
1206	1200
5873	1206
3948	1206
5874	3948
3946	3948
5875	3946
3944	3946
5880	1212
5878	5880
5877	5878
1209	5877
3949	5877
1208	3949
5878	5877
3947	5878
5879	5878
5876	5879
3945	5876
1413	5876
1414	1413
3950	5876
5879	5876
3952	5879
5880	5879
1215	5880
1212	5880
5878	5879
3953	1218
3953	1221
1218	3953
1410	1221
3951	1410
3936	1410
1411	3936
1223	1227
1421	1227
1408	1421
1418	1421
1407	1418
1424	1227
3699	1233
1230	3699
1229	1233
1425	1233
1235	1433
1423	1430
1235	1423
1433	1235
1427	1430
1422	1427
1436	1238
5882	1451
5884	5882
3709	5884
5883	5884
3707	5883
3985	5883
1436	3985
1238	1436
5882	5883
5881	5882
1439	5881
1445	5881
1442	1445
3996	5881
1448	5881
5882	5881
1451	5882
5884	5883
1457	1452
1241	1457
1241	1452
1251	1244
1244	1248
1251	1248
5885	1804
5886	5885
1254	5886
3733	5886
1455	5886
3731	1455
1456	1455
1253	1456
1352	5886
5885	5886
1351	5885
1804	5885
5891	5890
5891	5888
5892	5891
3763	5892
3766	3763
5887	3766
5888	5887
1805	5887
4558	1805
1256	4558
5890	1256
1257	1256
1824	1257
1268	1824
1269	1268
5891	1269
5892	1269
1280	1269
3763	1280
1810	5887
1807	1810
1281	5887
3766	5887
5893	1263
3739	5893
3737	5893
1259	5893
1825	5893
1263	5893
1265	1823
3751	1278
1271	1278
1283	1811
3774	1293
5897	5896
5898	5897
5898	5894
5899	5898
1305	5899
4575	1305
5894	4575
1818	4575
5896	1818
1815	1818
1808	1815
1809	1808
5897	1809
1286	1809
3771	1286
5898	3771
3774	3771
5899	3774
5900	3774
1302	5900
1305	1302
1301	5900
1293	5900
3774	5900
3794	1299
5901	1299
3792	5901
1295	5901
1299	5901
4576	1819
3804	4576
1308	3804
1307	4576
1310	1328
4578	1328
5902	1328
1817	5902
1821	5902
1816	1821
1340	5902
1343	1340
1329	5902
1328	5902
1313	1317
1326	1317
1331	1338
1345	1822
1806	1803
1814	1806
1348	1814
1820	1814
1449	1453
1453	1449
1354	1453
1355	1354
5908	5907
5908	5903
5909	5908
5909	5904
5910	5909
5911	5910
5911	5905
5912	5911
5914	5913
5914	5907
5915	5914
5915	5908
5916	5915
5916	5909
5917	5916
5917	5910
5918	5913
5919	5918
5919	5914
5916	5919
4019	5919
5917	4019
1357	4019
5912	1357
5911	5912
1360	1357
1363	1360
1366	1363
5906	1366
1369	1366
5905	1369
5904	1369
4032	1369
5903	4032
1463	4032
5907	1463
1460	1463
4022	1460
5913	4022
1446	4022
5918	1446
3998	1446
5919	3998
1447	3998
4019	1447
4033	1464
1371	4033
1462	1375
5920	1472
1462	5920
5921	5920
1461	5921
1466	5921
4040	5921
4042	5921
5920	5921
1469	5920
1472	5920
1377	1473
5924	5922
5926	5925
1493	5926
5923	1493
4069	1493
5922	4069
1490	4069
1487	1490
4062	1487
5924	4062
5925	4062
4044	4062
1470	4044
1471	1470
5926	1471
1380	1471
1381	1380
1493	1381
4046	4062
4060	4062
4048	4060
1484	4060
1475	1484
1481	1484
1478	1481
1383	1494
5929	5928
5930	5929
5932	5931
5932	5929
5933	5932
5934	5932
5935	5934
1505	5935
5930	1505
1502	1505
5927	1502
1499	1502
1496	1499
5928	1496
1491	1496
4071	1491
5931	4071
5929	5931
1492	4071
1386	1492
5932	1386
5934	1386
1387	1386
1514	1387
1511	1514
5935	1511
1508	1511
1505	1508
1515	1390
1512	1399
1513	1512
1393	1513
1392	1513
5936	1399
1517	5936
1520	5936
3920	5936
3923	3920
4098	3923
3926	3923
3929	3926
1523	3929
1402	3929
1526	1402
1399	5936
1538	1417
1535	1538
1404	1535
1532	1535
1527	1532
1529	1532
1539	1426
1419	1539
4158	1564
4156	4158
1428	4156
1537	4156
4154	4156
4152	4154
1536	4152
4150	4152
4148	4150
1541	4148
4146	4148
1544	4146
4144	4146
1547	4144
4142	4144
4140	4142
5937	4140
1552	5937
1555	5937
1558	5937
4138	5937
4140	5937
1561	1564
5938	1435
3977	5938
1565	5938
1431	1565
4163	5938
4166	5938
4549	5938
1567	4549
1440	4549
1570	1440
1573	1440
1441	1440
1435	5938
3987	1437
1438	3987
1465	1576
1465	1459
1576	1465
1574	1576
1444	1574
1443	1574
4188	1474
4047	4188
4043	4188
4045	4043
1468	4043
1582	4188
4041	1582
4186	1582
4184	4186
1467	4184
1580	4184
1554	1553
1476	1554
1585	1554
4189	1585
1583	1585
5940	1654
1479	5940
1551	5940
5941	5940
1548	5941
4265	5941
4284	5941
4267	4284
4281	4284
1636	4281
1639	4281
4278	4281
1642	4278
1645	4278
1648	4278
4287	5941
5939	5941
1651	5939
4292	5939
5940	5939
1654	5940
5941	5939
1657	1660
4297	1657
1483	4297
1655	4297
1482	1655
1661	1663
4063	1661
4306	1661
4061	4306
1485	4306
1672	1495
1669	1672
1666	1669
1488	1666
1664	1666
1673	1675
1497	1673
1498	1497
5942	1687
4347	5942
1678	5942
5943	1678
4349	5943
1500	5943
1501	1500
4336	5943
1676	5943
1678	5943
1681	5942
1684	5942
1687	5942
5947	5946
5948	5947
5948	5945
4353	5948
1688	4353
4346	1688
5945	4346
4348	4346
4350	4348
5946	4350
1503	4350
1504	1503
4365	1504
5947	4365
4363	4365
5948	4363
5949	4363
1690	5949
4353	1690
1693	5949
4363	5949
5950	1518
4366	5950
1506	4366
4364	5950
5951	5950
1694	5951
1696	5951
1519	5951
1699	1519
1518	5951
5950	5951
1509	1516
1705	1708
4100	1705
1702	1705
1700	1702
1521	1700
1711	1528
1709	1711
1524	1709
1714	1528
1715	1717
1530	1715
1718	1540
1533	1718
1542	1712
1716	1712
1713	1712
4399	1635
5952	4399
4266	5952
1545	5952
1546	1545
5953	5952
1710	5953
1707	5953
1720	5953
1706	1720
4397	5953
5952	5953
4399	5952
1556	1600
5956	5954
5957	5956
5958	5956
4194	5958
4192	4194
5955	4192
1588	4192
1586	1588
5954	1586
1556	1586
1600	1556
1597	1600
5956	1597
4196	1597
5958	4196
1594	4196
4194	1594
1591	1594
4200	1559
5962	5961
5965	5964
5965	5960
5966	5965
5966	5961
5968	5967
5968	5963
5969	5968
5969	5964
5970	5969
5970	5965
5972	5971
5972	5967
5973	5972
5973	5968
5974	5973
5974	5969
5975	5971
5976	5975
5976	5972
5977	5976
5977	5973
5979	5975
5980	5979
5980	5976
5981	5978
5979	5978
4212	5981
5980	4212
4210	4212
1606	4210
5977	1606
4208	1606
5974	4208
1603	4208
5970	1603
4206	1603
5966	4206
4204	4206
5962	4204
4202	4204
5959	4202
4200	4202
4139	4200
4141	4139
4143	4141
5961	4143
5960	4143
4145	4143
4147	4145
5964	4147
5963	4147
4149	4147
5967	4149
4151	4149
5971	4151
4153	4151
5978	4153
5975	5978
4155	4153
4157	4155
5981	4157
4159	4157
4216	4159
4214	4216
4212	4214
1560	4159
1609	1560
1559	4200
4224	1566
5982	4224
4220	5982
4165	4220
1612	4220
1610	1612
1563	1610
1562	1610
1615	5982
4222	5982
1618	4222
4224	5982
5985	5983
5986	5985
5989	5988
5989	5985
5990	5989
5990	5986
5991	5990
5992	5988
5993	5992
5993	5989
5993	5990
1568	5993
1569	1568
4253	1569
5987	4253
1633	4253
5984	1633
5986	5984
1589	1633
5983	1589
4193	1589
4195	4193
5985	4195
1590	4195
5988	1590
1619	1590
5992	1619
4223	1619
5993	4223
4225	4223
1568	4225
4255	1575
1571	4255
1634	1575
1632	1578
1587	1581
1632	1587
4185	1632
1578	1632
1584	1581
5996	5994
5997	5996
5998	5996
1616	5998
1617	1616
1592	1617
5995	1592
1593	1592
5994	1593
1630	1593
1627	1630
5996	1627
1624	1627
5998	1624
1621	1624
1616	1621
4197	1631
1596	4197
1595	1631
6001	5999
4231	6001
1598	4231
4201	1598
5999	4201
4203	4201
4205	4203
4236	4205
4234	4236
6001	4234
4232	4234
1629	4232
4231	1629
1628	4232
4238	4205
4207	4205
1602	4207
1599	1598
6007	6006
6007	6002
6008	6007
6008	6003
6009	6008
6011	6010
6011	6005
6012	6011
6012	6006
6013	6012
6013	6007
6013	6008
6014	6013
6015	6010
6015	6011
6016	6015
6016	6012
6016	6013
6017	6016
6018	6015
6018	6016
4242	6018
4240	4242
1625	4240
6014	1625
1626	1625
6009	1626
4233	1626
6004	4233
4235	4233
4237	4235
6003	4237
4239	4237
6002	4239
1604	4239
6005	1604
6006	6005
4209	1604
1605	4209
6010	1605
4246	1605
6015	4246
4244	4246
6018	4244
4242	4244
6022	6021
6022	6019
4215	6022
4217	4215
1608	4217
1611	1608
6019	1611
4248	1611
6021	4248
1622	4248
4241	1622
4243	4241
6022	4243
4245	4243
4213	4245
4215	4213
4247	4245
4211	4247
1607	4247
1623	1622
4221	1620
4249	1620
1613	4249
6023	1723
1637	6023
1638	1637
4400	6023
6024	6023
4398	6024
1721	6024
4401	6024
6023	6024
1723	6023
4414	1732
6025	4414
1640	6025
6026	6025
4406	6026
6027	6026
1724	6027
1726	6027
1729	6027
4408	6027
4410	6027
6026	6027
4412	6026
6025	6026
4414	6025
6031	6028
6032	6031
6032	6029
6034	6033
6034	6031
6035	6033
4445	6035
4443	4445
6032	4443
6030	4443
4441	4443
4435	4441
4433	4435
6029	4433
6028	4433
4431	4433
4423	4431
1733	4423
6031	1733
6033	1733
1643	1733
6035	1643
1644	1643
4445	1644
1735	4431
4439	4441
4437	4439
1738	4439
4446	1647
6040	6039
6040	6036
6041	6040
6045	6044
6045	6038
6046	6045
6046	6039
6047	6046
6047	6040
6048	6043
6048	6044
6049	6048
6049	6045
6050	6049
6050	6046
1653	6050
4299	1653
6042	4299
6041	6042
6037	6042
1741	6042
1739	1741
6036	1739
4440	1739
4442	4440
6038	4442
6039	6038
4444	4442
6043	4444
6044	6043
4446	4444
1647	4446
1652	1647
6048	1652
4294	1652
6049	4294
6050	4294
1653	4294
1744	6042
1656	6042
4299	6042
6052	1649
4289	6052
4286	6052
6051	6052
4283	6051
4280	6051
1649	6051
6052	6051
1665	1662
1745	1665
1658	1745
1743	1742
1667	1743
1668	1667
6055	6054
6056	6055
6057	6056
6058	6057
6059	6058
6054	6059
6061	6054
6062	6061
6063	6056
6064	6063
6064	6057
6065	6064
6066	6065
6066	6058
6067	6066
6068	6067
6068	6059
6060	6068
6061	6060
6069	6064
6070	6069
6071	6070
6071	6065
6072	6071
6072	6066
1677	6072
6068	1677
1750	1677
6060	1750
1747	1750
6061	1747
1736	1747
6062	1736
4432	1736
4434	4432
6056	4434
6055	6056
4436	4434
6063	4436
4438	4436
1737	4438
6064	1737
6069	1737
1740	1737
6070	1740
4454	1740
6071	4454
1670	4454
1671	1670
6072	1671
1674	1671
1677	1674
1679	1751
4475	1753
1682	4475
4473	4475
1749	4473
1748	4473
6075	6074
4479	6075
1759	4479
1686	1759
4356	1686
6074	4356
1689	4356
4483	1689
6075	4483
4481	4483
1762	4481
4479	1762
1765	4481
1756	1759
1685	1756
1754	1756
6080	6079
6080	6076
6082	6078
6083	6082
6083	6079
6083	6080
6085	6082
6085	6083
6084	6083
1774	6085
4489	1774
4487	4489
6081	4487
1768	4487
6080	1768
1766	1768
6077	1766
4482	1766
6076	4482
4484	4482
1691	4484
1692	1691
6078	1692
6079	6078
1695	1692
6082	1695
4494	1695
6085	4494
1774	4494
1771	1774
4496	1701
1697	4496
1775	1701
6086	1719
1703	6086
1773	6086
1772	6086
4498	6086
4402	6086
4500	4402
1722	4402
1725	1722
1719	6086
6090	6087
6090	6088
4501	6090
1727	4501
1728	1727
1783	1728
1780	1783
6088	1780
4502	1780
6087	4502
1777	4502
4488	1777
4490	4488
6090	4490
1770	4490
4499	1770
4501	4499
1769	1777
6093	6092
6094	6093
6101	6100
6101	6098
6102	6100
4411	6102
4413	4411
6099	4413
4415	4413
2188	4415
6098	2188
6097	2188
4510	6097
6100	4510
4508	4510
6102	4508
4506	4508
4409	4506
4411	4409
1730	4506
1784	4506
4512	6097
1786	6097
5146	6097
4514	5146
5144	5146
1789	5144
6092	5144
4516	6092
6091	6092
4518	6091
6094	6091
6096	6094
4520	6096
1755	6096
4476	6096
1752	4476
4474	6096
6094	6096
1746	6094
6093	6094
6095	6093
1734	6095
5140	6095
4427	5140
5138	5140
1731	5138
4415	5138
2188	5138
5142	6095
6093	6095
6092	6093
5144	6092
2188	6097
6105	6104
4526	6105
4524	4526
4519	4524
6104	4519
4521	4519
1757	4521
1758	1757
6105	1758
4530	1758
4526	4530
4528	4530
1795	4530
1792	1795
4517	4524
4522	4524
1790	4522
4480	1796
4531	1796
1760	4531
6109	6107
6108	6109
6110	6109
1767	6109
1776	1767
6111	1776
6108	6111
1798	6111
6106	1798
1793	1798
1794	1793
6107	1794
1763	1794
6109	1763
1764	1763
1767	1764
1801	6111
1776	6111
4503	1802
1779	4503
1778	1802
6115	6112
6116	6115
6116	6113
4509	6116
4511	4509
4540	4511
6113	4540
4538	4540
6112	4538
4536	4538
1800	4536
4535	1800
6115	4535
1781	4535
6116	1781
1782	1781
4507	1782
4509	4507
1799	4536
4542	4511
4513	4511
1785	4513
6121	6117
6122	6121
6123	6122
6123	6118
6121	6120
6125	6120
6126	6125
6126	6121
6127	6126
6127	6122
6128	6127
6125	6124
6129	6124
6130	6129
6130	6125
6131	6130
6131	6126
6128	6131
4543	6131
1787	4543
4515	1787
6123	4515
6119	4515
1788	4515
4523	1788
6118	4523
4525	4523
6117	4525
4527	4525
6120	4527
4529	4527
1791	4529
6124	1791
1797	1791
6129	1797
4537	1797
6130	4537
4539	4537
6131	4539
4541	4539
4543	4541
4606	1832
1829	4606
1828	1832
1968	1971
1846	1968
1965	1968
1962	1965
1959	1962
1941	1959
1956	1959
1953	1956
1938	1953
1976	1982
1972	1976
1851	1972
1979	1982
1988	1858
6132	1988
4656	6132
1855	4656
4654	6132
1985	6132
4652	1985
1983	1985
1854	1983
1988	6132
1861	1858
1997	1870
6133	1997
1864	6133
1989	6133
1863	1989
1991	6133
1994	6133
1997	6133
2006	2012
4794	2006
6134	4794
1872	6134
1873	1872
1998	6134
4792	6134
2000	4792
2003	4792
4794	6134
2009	2012
6137	1881
6136	6137
1875	6136
4797	6136
2013	6136
4798	6136
6135	6136
2015	6135
4800	6135
6138	6135
4802	6138
1881	6138
2024	1881
2021	2024
2018	2021
6137	6138
6135	6138
6136	6135
2027	2036
2025	2027
1883	2025
1884	1883
2030	2036
2033	2036
6139	1890
1886	6139
4827	6139
6140	6139
2037	6140
4829	6140
6141	6140
4832	6141
4698	6141
1893	4698
4696	6141
6140	6141
6139	6140
1890	6139
6146	6145
6146	6142
6147	6146
6150	6149
6150	6145
6151	6150
6151	6146
6151	6147
6148	6151
6154	6149
6155	6154
6155	6150
6155	6151
6152	6151
6156	6152
6156	6155
1895	6155
1896	1895
6153	1896
2054	1896
4854	2054
6148	4854
6152	6148
2051	4854
6144	2051
2048	2051
6147	2048
6143	2048
4850	2048
6142	4850
2045	4850
2042	2045
6145	2042
2039	2042
2035	2039
6149	2035
4831	2035
6154	4831
4834	4831
1895	4834
6155	1895
2034	2039
6157	1902
4858	6157
4708	4858
2055	4858
1899	2055
1898	2055
2057	6157
1908	6157
2060	1908
1902	6157
2063	1922
2061	2063
1911	2061
1910	2061
2066	1922
1923	1922
5089	1920
4732	5089
1914	4732
1913	5089
1925	2069
2067	2069
4887	2084
2070	4887
1931	2070
1928	2070
2072	2084
2081	2084
2078	2081
2075	2078
4899	1952
4898	4899
1933	4898
2085	4899
6160	6158
6161	6160
4913	6161
4911	4913
6158	4911
4905	4911
4903	4905
4901	4903
2083	4901
6160	2083
4900	2083
6161	4900
1954	4900
4915	1954
4913	4915
1955	1954
2082	4901
4909	4911
4907	4909
2087	4909
6165	6164
6166	6165
6166	6162
6167	6166
6168	6164
6169	6168
6169	6165
6170	6169
6170	6166
6171	6170
6173	6172
6173	6168
6174	6173
6174	6169
6175	6174
6175	6170
6176	6173
6175	6176
1958	6176
4925	1958
6171	4925
4923	4925
6167	4923
4921	4923
4919	4921
6163	4919
2090	4919
6162	2090
4917	2090
6164	4917
2088	4917
4910	2088
6168	4910
4912	4910
6172	4912
4914	4912
4916	4914
6173	4916
6176	4916
1957	4916
1958	1957
6180	6179
6180	6177
2096	6180
2093	2096
4933	2093
4931	4933
6177	4931
4922	4931
4924	4922
6179	4924
4926	4924
1961	4926
4935	1961
6180	4935
2096	4935
1960	4926
4929	4931
4920	4929
4927	4929
2091	4927
4936	2097
1964	4936
1963	4936
6181	2108
1966	6181
1967	1966
4938	6181
2095	6181
2105	6181
2094	2105
2099	2105
2102	2105
2108	6181
1969	1975
4946	1975
2111	1975
2109	2111
2180	1975
2002	2180
2001	2180
2177	2180
1977	1986
1990	1986
2181	1990
1987	1986
1980	1984
1992	2178
2179	2178
1995	1999
2176	1999
2114	2117
2103	2114
6182	2103
4955	6182
2104	6182
4949	2104
4957	4949
6183	4949
4959	6183
4795	6183
2005	4795
4793	6183
2112	6183
2004	2112
4949	6183
2103	6182
6187	6186
6187	6184
6188	6187
6189	6186
6190	6189
6190	6187
4974	6190
4972	4974
4970	4972
6185	4970
4964	4970
2120	4964
6184	2120
2118	2120
6186	2118
4954	2118
4956	4954
6189	4956
4958	4956
6191	4958
6190	6191
4976	6191
4974	4976
4960	6191
2007	4960
2008	2007
4958	6191
2123	4970
2126	4970
6194	2014
6193	6194
4977	6193
2011	4977
2010	4977
4975	6193
4973	6193
6194	6193
6192	6194
4971	6192
2127	6192
4980	6192
2129	4980
6194	6192
2014	6194
6197	6196
6198	6196
4987	6198
2135	4987
6195	2135
2132	2135
2130	2132
4981	2130
6196	4981
2016	4981
4801	2016
6198	4801
4803	4801
2017	4803
4987	2017
2019	2028
6200	2028
4989	6200
6199	6200
2136	6199
4991	6199
2041	6199
6200	6199
2040	6200
2029	6200
2028	6200
2022	2026
2031	2038
4992	2144
2043	4992
6201	2144
4993	6201
2134	4993
2138	4993
2133	2138
4995	6201
4997	6201
2141	4997
2144	6201
4851	2147
2145	2147
2046	2145
6203	6206
6204	6203
6208	6203
6209	6208
6209	6204
6210	6209
6211	6206
6207	6211
6208	6207
6213	6207
6214	6213
6214	6208
6215	6214
6215	6209
6213	6212
5068	6212
2058	5068
6214	2058
6215	2058
2059	2058
6210	2059
2062	2059
2153	2062
6205	2153
5011	2153
6204	5011
6202	5011
5008	5011
2150	5008
6206	2150
2148	2150
2049	2148
6211	2049
2050	2049
6212	2050
6207	6212
5068	2050
5069	2056
4855	5069
2053	4855
2052	5069
4889	2068
2064	4889
2154	4889
2071	4889
5013	2159
2073	5013
2152	5013
5010	2159
2156	2159
2151	2156
6219	6218
6219	6216
2168	6219
5032	2168
5052	5032
6216	5052
5050	5052
6218	5050
5048	5050
6220	5048
2113	6220
2171	2113
6219	2171
2168	2171
2101	6220
2100	6220
5046	6220
5048	6220
5054	5032
5056	5032
5030	5032
5058	5030
5060	5030
6221	5030
5062	6221
6222	6221
5064	6222
6224	6222
5066	6224
2160	6224
2076	2160
2077	2076
5026	6224
6222	6224
6223	6222
2162	6223
6221	6223
2165	6221
5030	6221
6222	6223
6229	6228
6230	6229
6230	6225
6234	6233
6238	6233
6238	6237
5067	6237
4902	5067
4904	4902
4906	4904
6234	4906
6235	4906
5152	6235
6231	5152
5150	5152
5059	5150
5061	5059
6233	5061
5063	5061
6237	5063
5065	5063
5067	5065
5057	5150
5148	5150
5055	5148
6226	5148
5053	6226
6230	6226
5051	6230
5049	6230
6232	6230
6236	6232
5047	6236
4934	6236
2098	4934
2092	4934
4932	6236
6232	6236
4930	6232
6228	6232
4928	6228
6227	6228
2089	6227
5156	6227
4918	5156
5154	5156
2086	5154
6235	5154
4908	6235
4906	6235
5152	5154
2190	6227
6228	6227
6225	6228
5148	6225
6226	6225
6229	6232
6230	6232
2079	5067
2080	2079
4950	2110
2106	4950
2172	2119
2115	2172
2169	2174
4966	2169
2122	4966
2170	2169
2121	2170
6240	2128
5039	6240
2124	5039
2137	6240
6239	2137
2175	6239
2164	6239
5042	6239
2163	5042
2137	6239
2131	6240
2128	6240
5028	2157
4996	5028
2161	5028
5043	2161
4994	5043
2139	5043
2158	2157
4998	2146
2149	2146
2142	2149
2155	2149
6242	2173
6241	6242
5033	6241
5031	6241
6242	6241
2166	6242
2173	6242
6243	2189
5145	6243
6244	6243
5143	6244
5141	6244
5139	6244
2189	6244
6243	6244
6247	6246
2191	6247
5149	2191
6246	5149
5151	5149
5153	5151
6247	5153
5155	5153
5157	5155
2191	5157
