0	797
796	797
796	798
1	798
797	4
798	4
798	800
799	800
4	7
5	7
7	10
8	10
10	13
11	13
13	16
801	16
801	802
14	802
16	19
17	19
19	22
20	22
22	0
23	0
23	803
21	803
803	25
804	25
25	28
26	28
28	31
29	31
31	805
32	805
805	807
806	807
807	809
808	809
809	811
810	811
811	34
812	34
34	813
35	813
813	815
814	815
815	817
816	817
817	819
818	819
819	2
820	2
35	821
33	821
821	37
822	37
37	823
38	823
823	825
824	825
825	827
826	827
827	829
828	829
829	3
830	3
38	831
36	831
831	833
832	833
833	835
834	835
835	837
836	837
837	40
838	40
40	43
41	43
43	46
44	46
46	839
47	839
839	6
840	6
47	841
45	841
841	9
842	9
44	49
42	49
49	843
50	843
843	52
844	52
52	55
845	55
845	846
53	846
55	847
56	847
847	849
848	849
849	12
850	12
56	852
851	852
851	853
54	853
852	58
853	58
853	855
854	855
58	61
856	61
856	857
59	857
61	859
858	859
858	860
62	860
859	64
860	64
860	862
861	862
64	67
863	67
863	864
65	864
67	865
68	865
865	867
866	867
867	15
868	15
68	870
869	870
869	871
66	871
870	70
871	70
871	873
872	873
70	73
874	73
874	875
71	875
73	27
74	27
74	76
876	76
876	877
72	877
76	79
878	79
878	879
77	879
79	82
880	82
880	881
80	881
82	85
882	85
882	884
883	884
883	885
83	885
85	886
86	886
886	888
887	888
888	30
889	30
86	893
890	893
890	894
891	894
891	895
892	895
892	896
84	896
893	898
894	898
894	899
895	899
895	900
896	900
896	901
897	901
898	88
899	88
899	903
900	903
900	904
901	904
901	905
902	905
88	906
89	906
906	908
907	908
908	910
909	910
910	912
911	912
912	39
913	39
89	91
914	91
914	916
915	916
915	917
87	917
91	94
918	94
918	919
92	919
94	921
920	921
920	922
95	922
921	97
922	97
922	924
923	924
97	100
925	100
925	926
98	926
100	48
101	48
101	927
99	927
927	929
928	929
929	103
930	103
103	106
104	106
106	109
931	109
931	932
107	932
109	112
110	112
112	933
113	933
933	51
934	51
113	115
935	115
935	936
111	936
115	57
116	57
116	118
114	118
118	60
119	60
119	937
117	937
937	939
938	939
939	121
940	121
121	943
941	943
941	944
942	944
942	945
122	945
943	124
944	124
944	947
945	947
945	948
946	948
124	949
125	949
949	951
950	951
951	75
952	75
125	127
953	127
953	955
954	955
954	956
123	956
127	130
128	130
130	133
957	133
957	960
958	960
958	961
959	961
959	962
131	962
133	78
134	78
134	136
963	136
963	966
964	966
964	967
965	967
965	968
132	968
136	139
969	139
969	971
970	971
970	972
137	972
139	81
973	81
973	975
974	975
974	976
140	976
140	142
977	142
977	978
138	978
142	145
979	145
979	981
980	981
980	982
143	982
145	148
983	148
983	985
984	985
984	986
146	986
148	989
987	989
987	990
988	990
988	991
149	991
989	151
990	151
990	993
991	993
991	994
992	994
151	154
995	154
995	998
996	998
996	999
997	999
997	1000
152	1000
154	157
1001	157
1001	1002
155	1002
157	160
158	160
160	1004
1003	1004
1003	1005
161	1005
1004	163
1005	163
1005	1007
1006	1007
163	90
1008	90
1008	1009
164	1009
164	93
162	93
161	166
1010	166
1010	1011
159	1011
166	169
1012	169
1012	1014
1013	1014
1013	1015
167	1015
169	172
170	172
172	175
1016	175
1016	1017
173	1017
175	178
176	178
178	1018
179	1018
1018	1020
1019	1020
1020	181
1021	181
181	96
182	96
182	1022
180	1022
1022	102
1023	102
179	184
177	184
184	187
1024	187
1024	1025
185	1025
187	105
1026	105
1026	1027
188	1027
188	1028
186	1028
1028	190
1029	190
190	108
191	108
191	193
1030	193
1030	1031
189	1031
194	1032
197	1032
1033	1032
193	198
1034	198
1034	1035
198	1038
1036	1038
1036	1039
1037	1039
1037	1040
199	1040
1038	201
1039	201
1039	1042
1040	1042
1040	1043
1041	1043
201	120
1044	120
1044	1046
1045	1046
1045	1047
202	1047
202	204
200	204
204	207
1048	207
1048	1049
205	1049
207	210
208	210
210	213
211	213
213	1050
214	1050
1050	1052
1051	1052
1052	216
1053	216
216	219
217	219
219	222
1054	222
1054	1058
1055	1058
1055	1059
1056	1059
1056	1060
1057	1060
1057	1061
220	1061
222	225
1062	225
1062	1066
1063	1066
1063	1067
1064	1067
1064	1068
1065	1068
1065	1069
223	1069
225	228
1070	228
1070	1073
1071	1073
1071	1074
1072	1074
1072	1075
226	1075
228	231
1076	231
1076	1079
1077	1079
1077	1080
1078	1080
1078	1081
229	1081
231	1083
1082	1083
1082	1084
232	1084
1083	1086
1084	1086
1084	1087
1085	1087
1086	1089
1087	1089
1087	1090
1088	1090
1089	234
1090	234
1090	1092
1091	1092
234	237
1093	237
1093	1096
1094	1096
1094	1097
1095	1097
1095	1098
235	1098
237	126
1099	126
1099	1100
238	1100
238	129
1101	129
1101	1103
1102	1103
1102	1104
236	1104
235	230
1105	230
1105	1108
1106	1108
1106	1109
1107	1109
1107	1110
233	1110
229	240
227	240
240	243
1111	243
1111	1113
1112	1113
1112	1114
241	1114
243	246
244	246
246	249
1115	249
1115	1116
247	1116
249	1117
250	1117
1117	1119
1118	1119
1119	1121
1120	1121
1121	252
1122	252
252	135
1123	135
1123	1124
253	1124
253	255
1125	255
1125	1126
251	1126
255	258
1127	258
1127	1128
256	1128
258	141
1129	141
1129	1130
259	1130
259	261
257	261
261	144
262	144
262	264
260	264
264	1131
265	1131
1131	267
1132	267
267	270
1133	270
1133	1134
268	1134
270	273
271	273
273	1136
1135	1136
1135	1137
274	1137
1136	276
1137	276
1137	1139
1138	1139
276	279
1140	279
1140	1141
277	1141
279	282
1142	282
1142	1143
280	1143
282	147
283	147
283	150
1144	150
1144	1145
281	1145
280	1147
1146	1147
1146	1148
278	1148
1147	285
1148	285
1148	1150
1149	1150
285	1151
286	1151
1151	288
1152	288
288	291
1153	291
1153	1154
289	1154
291	294
292	294
294	1157
1155	1157
1155	1158
1156	1158
1156	1159
295	1159
1157	153
1158	153
1158	1161
1159	1161
1159	1162
1160	1162
295	297
1163	297
1163	1165
1164	1165
1164	1166
293	1166
297	300
1167	300
1167	1170
1168	1170
1168	1171
1169	1171
1169	1172
298	1172
300	303
1173	303
1173	1176
1174	1176
1174	1177
1175	1177
1175	1178
301	1178
303	306
1179	306
1179	1180
304	1180
306	309
1181	309
1181	1182
307	1182
309	312
1183	312
1183	1186
1184	1186
1184	1187
1185	1187
1185	1188
310	1188
312	168
1189	168
1189	1190
313	1190
313	171
1191	171
1191	1192
311	1192
310	315
1193	315
1193	1195
1194	1195
1194	1196
308	1196
315	318
1197	318
1197	1199
1198	1199
1198	1200
316	1200
318	321
1201	321
1201	1203
1202	1203
1202	1204
319	1204
321	324
1205	324
1205	1208
1206	1208
1206	1209
1207	1209
1207	1210
322	1210
324	1213
1211	1213
1211	1214
1212	1214
1212	1215
325	1215
1213	327
1214	327
1214	1217
1215	1217
1215	1218
1216	1218
327	330
1219	330
1219	1221
1220	1221
1220	1222
328	1222
330	333
331	333
333	336
1223	336
1223	1224
334	1224
336	174
1225	174
1225	1226
337	1226
337	183
1227	183
1227	1228
335	1228
334	339
332	339
339	342
1229	342
1229	1230
340	1230
342	345
1231	345
1231	1233
1232	1233
1232	1234
343	1234
345	348
1235	348
1235	1237
1236	1237
1236	1238
346	1238
348	192
1239	192
1239	1241
1240	1241
1240	1242
349	1242
349	1243
347	1243
1243	1245
1244	1245
1245	351
1246	351
351	1248
1247	1248
1247	1249
352	1249
1248	354
1249	354
1249	1251
1250	1251
354	357
1252	357
1252	1253
355	1253
357	206
1254	206
1254	1255
358	1255
358	209
356	209
355	360
1256	360
1256	1257
353	1257
360	363
1258	363
1258	1259
361	1259
363	1260
364	1260
1260	212
1261	212
364	366
1262	366
1262	1263
362	1263
366	369
367	369
369	1264
370	1264
1264	215
1265	215
370	372
368	372
372	218
1266	218
1266	1268
1267	1268
1267	1269
373	1269
373	375
1270	375
1270	1272
1271	1272
1271	1273
371	1273
375	1274
376	1274
1274	1276
1275	1276
1276	378
1277	378
378	381
1278	381
1278	1281
1279	1281
1279	1282
1280	1282
1280	1283
379	1283
381	1285
1284	1285
1284	1286
382	1286
1285	221
1286	221
1286	1288
1287	1288
382	384
1289	384
1289	1291
1290	1291
1290	1292
380	1292
384	387
1293	387
1293	1295
1294	1295
1294	1296
385	1296
387	390
1297	390
1297	1298
388	1298
390	242
1299	242
1299	1300
391	1300
391	245
389	245
388	393
1301	393
1301	1302
386	1302
393	396
1303	396
1303	1304
394	1304
396	399
397	399
399	248
1305	248
1305	1306
400	1306
400	402
1307	402
1307	1308
398	1308
402	405
1309	405
1309	1310
403	1310
405	1312
1311	1312
1311	1313
406	1313
1312	254
1313	254
1313	1315
1314	1315
406	263
404	263
403	408
401	408
408	411
409	411
411	266
1316	266
1316	1318
1317	1318
1317	1319
412	1319
412	414
1320	414
1320	1322
1321	1322
1321	1323
410	1323
414	417
415	417
417	420
418	420
420	423
1324	423
1324	1325
421	1325
423	426
424	426
426	429
1326	429
1326	1327
427	1327
429	1328
430	1328
1328	1330
1329	1330
1330	432
1331	432
432	269
1332	269
1332	1333
433	1333
433	272
1334	272
1334	1335
431	1335
430	435
1336	435
1336	1337
428	1337
435	1339
1338	1339
1338	1340
436	1340
1339	438
1340	438
1340	1342
1341	1342
438	275
1343	275
1343	1344
439	1344
439	441
1345	441
1345	1346
437	1346
441	444
1347	444
1347	1348
442	1348
444	447
1349	447
1349	1350
445	1350
447	450
1351	450
1351	1352
448	1352
450	284
451	284
451	453
1353	453
1353	1355
1354	1355
1354	1356
449	1356
453	287
454	287
454	456
1357	456
1357	1359
1358	1359
1358	1360
452	1360
456	459
1361	459
1361	1363
1362	1363
1362	1364
457	1364
459	462
1365	462
1365	1368
1366	1368
1366	1369
1367	1369
1367	1370
460	1370
462	465
1371	465
1371	1373
1372	1373
1372	1374
463	1374
465	468
1375	468
1375	1376
466	1376
468	471
1377	471
1377	1380
1378	1380
1378	1381
1379	1381
1379	1382
469	1382
471	474
1383	474
1383	1385
1384	1385
1384	1386
472	1386
474	477
1387	477
1387	1390
1388	1390
1388	1391
1389	1391
1389	1392
475	1392
477	299
1393	299
1393	1395
1394	1395
1394	1396
478	1396
478	1397
476	1397
1397	1399
1398	1399
1399	480
1400	480
480	483
481	483
483	486
1401	486
1401	1404
1402	1404
1402	1405
1403	1405
1403	1406
484	1406
486	489
1407	489
1407	1408
487	1408
489	302
1409	302
1409	1410
490	1410
490	305
488	305
487	492
1411	492
1411	1415
1412	1415
1412	1416
1413	1416
1413	1417
1414	1417
1414	1418
485	1418
492	314
493	314
493	495
1419	495
1419	1422
1420	1422
1420	1423
1421	1423
1421	1424
491	1424
495	317
1425	317
1425	1427
1426	1427
1426	1428
496	1428
496	320
494	320
484	498
1429	498
1429	1430
482	1430
498	501
1431	501
1431	1432
499	1432
501	504
1433	504
1433	1434
502	1434
504	1435
505	1435
1435	507
1436	507
507	1437
508	1437
1437	323
1438	323
508	510
506	510
510	513
511	513
513	516
1439	516
1439	1440
514	1440
516	519
1441	519
1441	1442
517	1442
519	326
1443	326
1443	1444
520	1444
520	341
518	341
517	1445
515	1445
1445	522
1446	522
522	1447
523	1447
1447	344
1448	344
523	1450
1449	1450
1449	1451
521	1451
1450	525
1451	525
1451	1453
1452	1453
525	350
1454	350
1454	1455
526	1455
526	528
524	528
528	1456
529	1456
1456	1458
1457	1458
1458	1460
1459	1460
1460	359
1461	359
529	1462
527	1462
1462	531
1463	531
531	534
1464	534
1464	1466
1465	1466
1465	1467
532	1467
534	537
535	537
537	540
1468	540
1468	1469
538	1469
540	365
541	365
541	543
539	543
543	374
1470	374
1470	1472
1471	1472
1471	1473
544	1473
544	546
1474	546
1474	1476
1475	1476
1475	1477
542	1477
546	1478
547	1478
1478	1480
1479	1480
1480	1482
1481	1482
1482	549
1483	549
549	552
1484	552
1484	1485
550	1485
552	555
553	555
555	1486
556	1486
1486	558
1487	558
558	377
1488	377
1488	1491
1489	1491
1489	1492
1490	1492
1490	1493
559	1493
559	561
1494	561
1494	1496
1495	1496
1495	1497
557	1497
561	564
1498	564
1498	1499
562	1499
564	1500
565	1500
1500	1502
1501	1502
1502	1504
1503	1504
1504	383
1505	383
565	567
1506	567
1506	1507
563	1507
567	570
568	570
570	1508
571	1508
1508	1510
1509	1510
1510	1512
1511	1512
1512	573
1513	573
573	1514
574	1514
1514	1516
1515	1516
1516	1518
1517	1518
1518	392
1519	392
574	576
572	576
576	1521
1520	1521
1520	1522
577	1522
1521	579
1522	579
1522	1524
1523	1524
579	582
1525	582
1525	1527
1526	1527
1526	1528
580	1528
582	395
1529	395
1529	1531
1530	1531
1530	1532
583	1532
583	407
581	407
580	585
1533	585
1533	1535
1534	1535
1534	1536
578	1536
585	413
1537	413
1537	1539
1538	1539
1538	1540
586	1540
586	588
1541	588
1541	1542
584	1542
588	416
589	416
589	591
1543	591
1543	1544
587	1544
591	419
592	419
592	1546
1545	1546
1545	1547
590	1547
1546	594
1547	594
1547	1549
1548	1549
594	597
1550	597
1550	1551
595	1551
597	1552
598	1552
1552	1554
1553	1554
1554	422
1555	422
598	600
596	600
600	603
601	603
603	1556
604	1556
1556	606
1557	606
606	1558
607	1558
1558	609
1559	609
609	425
610	425
610	1560
608	1560
1560	612
1561	612
612	1562
613	1562
1562	1564
1563	1564
1564	615
1565	615
615	1566
616	1566
1566	434
1567	434
616	618
614	618
618	440
619	440
619	443
617	443
613	621
1568	621
1568	1569
611	1569
621	624
1570	624
1570	1572
1571	1572
1571	1573
622	1573
624	627
1574	627
1574	1575
625	1575
627	630
628	630
630	1576
631	1576
1576	1578
1577	1578
1578	1580
1579	1580
1580	1582
1581	1582
1582	1584
1583	1584
1584	1586
1585	1586
1586	458
1587	458
631	633
629	633
633	636
1588	636
1588	1590
1589	1590
1589	1591
634	1591
636	639
1592	639
1592	1594
1593	1594
1593	1595
637	1595
639	1596
640	1596
1596	1598
1597	1598
1598	461
1599	461
640	1601
1600	1601
1600	1602
638	1602
1601	642
1602	642
1602	1604
1603	1604
642	464
1605	464
1605	1606
643	1606
643	467
1607	467
1607	1608
641	1608
637	623
635	623
634	626
1609	626
1609	1610
632	1610
622	605
1611	605
1611	1612
620	1612
604	645
602	645
645	648
646	648
648	651
649	651
651	1613
652	1613
1613	1615
1614	1615
1615	1617
1616	1617
1617	1619
1618	1619
1619	1621
1620	1621
1621	1623
1622	1623
1623	1625
1624	1625
1625	654
1626	654
654	657
1627	657
1627	1629
1628	1629
1628	1630
655	1630
657	470
1631	470
1631	1633
1632	1633
1632	1634
658	1634
658	473
656	473
655	660
1635	660
1635	1637
1636	1637
1636	1638
653	1638
660	663
1639	663
1639	1640
661	1640
663	666
1641	666
1641	1642
664	1642
666	669
1643	669
1643	1644
667	1644
669	672
1645	672
1645	1647
1646	1647
1646	1648
670	1648
672	479
673	479
673	497
1649	497
1649	1651
1650	1651
1650	1652
671	1652
670	675
1653	675
1653	1654
668	1654
675	1655
676	1655
1655	1657
1656	1657
1657	500
1658	500
676	678
1659	678
1659	1660
674	1660
678	1661
679	1661
1661	1663
1662	1663
1663	1665
1664	1665
1665	681
1666	681
681	684
682	684
684	1667
685	1667
1667	1669
1668	1669
1669	1671
1670	1671
1671	687
1672	687
687	503
688	503
688	1673
686	1673
1673	1675
1674	1675
1675	690
1676	690
690	693
1677	693
1677	1678
691	1678
693	1679
694	1679
1679	509
1680	509
694	696
692	696
696	699
697	699
699	702
1681	702
1681	1682
700	1682
702	512
1683	512
1683	1684
703	1684
703	1685
701	1685
1685	1687
1686	1687
1687	705
1688	705
705	1690
1689	1690
1689	1691
706	1691
1690	530
1691	530
1691	1693
1692	1693
706	698
1694	698
1694	1695
704	1695
697	1696
695	1696
1696	1698
1697	1698
1698	1700
1699	1700
1700	1702
1701	1702
1702	1704
1703	1704
1704	1706
1705	1706
1706	708
1707	708
708	711
1708	711
1708	1710
1709	1710
1709	1711
709	1711
711	1713
1712	1713
1712	1714
712	1714
1713	714
1714	714
1714	1716
1715	1716
714	533
1717	533
1717	1718
715	1718
715	536
713	536
712	545
1719	545
1719	1721
1720	1721
1720	1722
710	1722
709	717
1723	717
1723	1725
1724	1725
1724	1726
707	1726
717	548
1727	548
1727	1728
718	1728
718	720
1729	720
1729	1731
1730	1731
1730	1732
716	1732
720	723
1733	723
1733	1735
1734	1735
1734	1736
721	1736
723	726
1737	726
1737	1738
724	1738
726	729
1739	729
1739	1740
727	1740
729	732
730	732
732	551
733	551
733	735
731	735
735	738
1741	738
1741	1743
1742	1743
1742	1744
736	1744
738	554
739	554
739	560
1745	560
1745	1747
1746	1747
1746	1748
737	1748
736	741
1749	741
1749	1750
734	1750
741	744
1751	744
1751	1752
742	1752
744	747
745	747
747	566
748	566
748	1753
746	1753
1753	750
1754	750
750	1755
751	1755
1755	569
1756	569
751	753
749	753
753	756
1757	756
1757	1758
754	1758
756	759
757	759
759	1759
760	1759
1759	575
1760	575
760	593
758	593
757	1761
755	1761
1761	647
1762	647
754	1763
752	1763
1763	1765
1764	1765
1765	762
1766	762
762	1767
763	1767
1767	650
1768	650
763	765
1769	765
1769	1770
761	1770
765	1772
1771	1772
1771	1773
766	1773
1772	768
1773	768
1773	1775
1774	1775
768	771
1776	771
1776	1777
769	1777
771	659
772	659
772	662
770	662
769	774
767	774
774	665
1778	665
1778	1780
1779	1780
1779	1781
775	1781
775	1784
1782	1784
1782	1785
1783	1785
1783	1786
773	1786
1784	1788
1785	1788
1785	1789
1786	1789
1786	1790
1787	1790
1788	777
1789	777
1789	1792
1790	1792
1790	1793
1791	1793
777	728
778	728
778	740
1794	740
1794	1796
1795	1796
1795	1797
776	1797
766	1798
764	1798
1798	1800
1799	1800
1800	1802
1801	1802
1802	743
1803	743
727	780
1804	780
1804	1805
725	1805
780	783
1806	783
1806	1807
781	1807
783	677
1808	677
1808	1809
784	1809
784	786
782	786
786	1811
1810	1811
1810	1812
787	1812
1811	1814
1812	1814
1812	1815
1813	1815
1814	680
1815	680
1815	1817
1816	1817
787	789
785	789
789	722
790	722
790	779
788	779
721	1818
719	1818
1818	1820
1819	1820
1820	1822
1821	1822
1822	1824
1823	1824
1824	1826
1825	1826
1826	1828
1827	1828
1828	1830
1829	1830
1830	792
1831	792
792	1832
793	1832
1832	683
1833	683
793	689
791	689
646	599
644	599
457	1834
455	1834
1834	1836
1835	1836
1836	1838
1837	1838
1838	446
1839	446
340	329
1840	329
1840	1841
338	1841
298	290
296	290
241	224
1842	224
1842	1843
239	1843
205	197
1844	197
1844	1845
203	1845
167	156
165	156
71	1846
69	1846
1846	1848
1847	1848
1848	63
1849	63
26	1850
24	1850
1850	18
1851	18
794	1852
795	1852
1852	1854
1853	1854
1854	1856
1855	1856
1856	1858
1857	1858
1858	1860
1859	1860
1860	794
1861	794
2	0
2	796
5	3
5	800
8	6
11	9
14	12
801	12
17	15
17	802
20	18
23	21
26	24
29	27
32	30
35	33
38	36
41	39
44	42
47	45
50	48
53	51
845	51
851	54
851	846
851	55
59	57
59	855
856	855
62	60
858	60
858	857
65	63
863	63
863	862
869	66
869	864
68	864
71	69
71	873
874	873
876	72
876	875
876	73
77	75
878	75
878	877
80	78
80	879
880	879
975	81
975	881
975	1863
976	1863
976	883
883	1863
882	1863
882	881
892	84
892	885
891	885
891	884
890	884
890	85
915	87
915	905
915	904
914	904
914	903
89	903
1009	90
1009	917
92	917
92	916
918	916
95	93
920	93
920	919
98	96
98	924
925	924
101	99
101	926
104	102
1027	105
1027	931
931	105
110	108
110	932
935	111
935	112
116	114
116	936
119	117
1046	120
1046	941
1046	942
1047	942
941	120
954	123
954	948
953	948
953	947
125	947
1100	126
1100	956
1100	955
128	955
1103	129
1103	957
1103	958
1104	958
1104	959
957	129
965	132
965	962
965	961
964	961
964	960
963	960
963	133
1124	135
1124	968
1124	1864
137	1864
970	1864
970	1865
969	1865
969	966
966	1865
967	1865
967	1864
977	138
977	972
977	1866
977	974
974	1866
973	1866
973	971
971	1866
1130	141
1130	980
980	141
979	141
979	978
146	144
146	982
984	982
984	981
983	981
149	147
149	986
988	986
988	985
987	985
1145	150
1145	1867
1145	997
997	1867
996	1867
996	994
995	994
995	993
994	1867
1161	153
1161	1000
1162	1000
1162	999
1162	1868
155	1868
1001	1868
1001	998
998	1868
158	156
158	1002
1010	159
1010	1003
1003	159
164	162
164	1007
1008	1007
167	165
1013	165
1012	165
1012	1011
1190	168
1190	1015
1190	1014
170	1014
1192	171
1192	1016
1016	171
1226	174
1226	1017
176	1017
179	177
182	180
1228	183
1228	1024
1024	183
188	186
188	1025
1026	1025
1030	189
1030	190
1241	192
1241	195
1241	1862
1241	196
1241	1032
1242	1032
195	192
1034	192
1034	1031
1845	197
1845	1033
1845	1869
199	1869
1037	1869
1037	1870
1036	1870
1036	1035
1035	1870
195	1870
195	1869
1862	1869
196	1869
202	200
1045	200
1045	1043
1044	1043
1044	1042
1844	203
1844	204
1844	1048
1255	206
1255	1049
208	1049
211	209
214	212
217	215
1268	218
1268	1055
1268	1056
1269	1056
1269	1057
1055	218
1054	218
1872	1871
1872	1873
1288	221
1288	1873
1288	1871
223	1871
1065	1871
1065	1872
1064	1872
1064	1874
1063	1874
1063	1875
1062	1875
1062	1058
1058	1875
1059	1875
1059	1874
1060	1874
1060	1873
1061	1873
1877	1876
1877	1878
1843	224
1843	1876
1843	1877
226	1877
1072	1877
1072	1879
1071	1879
1070	1879
1070	1066
1066	1879
1067	1879
1067	1878
1068	1878
1068	1876
1069	1876
229	227
229	1075
1078	1075
1078	1074
1077	1074
1077	1073
1076	1073
1108	230
1108	1081
1108	1080
1109	1080
1109	1079
1110	1079
1110	231
1110	1082
1107	233
1107	1092
1107	234
1107	1093
1106	1093
1106	1094
1105	1094
1105	1095
1102	236
1102	1098
1102	1880
1101	1880
1101	1881
238	1881
1099	1881
237	1881
1096	1881
1096	1880
1097	1880
1842	239
1842	1111
1842	1112
1111	239
1300	242
1300	1114
244	1114
244	1113
247	245
1115	245
1306	248
1306	1116
1306	249
1125	251
1125	252
1125	1123
1315	254
1315	1882
256	1882
1127	1882
1127	1126
1126	1882
259	257
259	1128
1129	1128
262	260
265	263
1318	266
1318	267
1318	1133
1319	1133
1333	269
1333	1134
271	1134
1335	272
1335	1135
1135	272
1344	275
1344	1139
1344	1140
1140	1139
1146	278
1146	1141
1146	1142
1142	1141
1144	281
1144	1143
1144	282
286	284
286	1150
289	287
1153	287
292	290
292	1154
1164	293
1164	1883
1164	1155
1164	1156
1163	1156
1155	1883
294	1883
298	296
1169	296
1169	1166
1168	1166
1168	1165
1167	1165
1884	1885
1886	1885
1395	299
1395	1172
1395	1885
1395	1884
1396	1884
301	1884
1175	1884
1175	1886
1174	1886
1174	1887
1174	1888
1173	1888
300	1888
1170	1888
1170	1887
1171	1887
1171	1885
1410	302
1410	1178
1410	1177
304	1177
304	1176
1179	1176
307	305
1181	305
1181	1180
1194	308
1194	1890
1193	1890
1193	1185
1185	1890
1184	1890
1183	1890
1183	1889
309	1889
1182	1889
308	1889
1191	311
1191	1188
1191	1187
313	1187
1189	1187
1189	1186
316	314
316	1196
1198	1196
1198	1195
1197	1195
1427	317
1427	1200
1427	1893
1427	1891
1428	1891
1428	1202
1202	1891
1201	1891
1201	1892
318	1892
1199	1892
1199	1893
1893	1892
322	320
1207	320
1207	1204
1206	1204
1206	1203
1205	1203
325	323
325	1210
1212	1210
1212	1209
1211	1209
1211	1208
1894	1895
1444	326
1444	1894
1444	1896
328	1896
1220	1896
1220	1895
1219	1895
1219	1217
1217	1895
1218	1895
1218	1894
1841	329
1841	1222
1841	1221
331	1221
334	332
1223	332
1227	335
1227	1224
1227	1225
1225	1224
1840	338
1840	1229
1229	338
343	341
1232	341
1232	1230
1231	1230
346	344
1236	344
1236	1234
1235	1234
1235	1233
349	347
349	1238
1240	1238
1240	1237
1239	1237
1455	350
1455	351
1455	1247
1256	353
1256	1897
1256	1252
1252	1897
354	1897
1251	1897
358	356
358	1253
1254	1253
361	359
361	1257
1258	1257
1262	362
1262	1259
364	1259
367	365
367	1263
370	368
1271	371
1271	1266
1271	1267
1270	1267
1266	371
1472	374
1472	1273
1473	1273
1473	1272
376	1272
1491	377
1491	1278
1491	1279
1492	1279
1492	1280
1493	1280
1278	377
1290	380
1290	1283
1289	1283
1289	1282
382	1282
382	1281
1284	1281
385	383
1294	383
1294	1292
1293	1292
1293	1291
1301	386
1301	1296
1301	1898
1301	1297
1297	1898
1297	1295
1295	1898
391	389
391	1298
1299	1298
394	392
1303	392
1303	1302
1531	395
1531	1304
1532	1304
1532	396
1307	398
1307	1305
1305	398
403	401
1309	401
1309	1308
406	404
1311	404
1311	1310
409	407
1321	410
1321	411
1321	1316
1320	1316
1320	1317
1539	413
1539	1323
1540	1323
1540	1322
415	1322
418	416
421	419
1324	419
424	422
424	1325
427	425
1326	425
1336	428
1336	1327
430	1327
1334	431
1334	1332
1332	431
436	434
1338	434
1338	1337
1345	437
1345	1342
1345	1343
1343	1342
442	440
442	1346
1347	1346
445	443
1349	443
1349	1348
448	446
1351	446
1351	1350
1354	449
1354	1352
1353	1352
1353	450
1358	452
1358	1356
1358	1355
1357	1355
1357	453
457	455
457	1360
1362	1360
1362	1359
1361	1359
460	458
1367	458
1367	1364
1366	1364
1366	1363
1365	1363
463	461
463	1370
1372	1370
1372	1369
1371	1369
1371	1368
1606	464
1606	1374
1606	1899
466	1899
1375	1899
1375	1373
1373	1899
1608	467
1608	1378
1608	1379
1378	467
1377	467
1377	1376
1900	1901
1902	1901
1633	470
1633	1382
1633	1900
1634	1900
1634	1902
1634	1904
472	1904
1384	1904
1384	1902
1384	1903
1383	1903
1383	1380
1380	1903
1380	1901
1381	1901
1382	1901
475	473
1389	473
1389	1386
1388	1386
1388	1385
1387	1385
478	476
478	1392
1394	1392
1394	1391
1393	1391
1393	1390
481	479
1429	482
1429	1402
1429	1403
1402	482
1401	482
1905	1906
1906	1907
1414	485
1414	1406
1414	1905
1413	1905
1413	1908
1412	1908
1412	1907
1411	1907
1411	1407
1407	1907
486	1907
486	1906
1404	1906
1405	1906
1405	1905
490	488
1409	488
1409	1408
1421	491
1421	1418
1420	1418
1420	1417
1419	1417
1419	1416
493	1416
493	1415
496	494
496	1424
1426	1424
1426	1423
1425	1423
1425	1422
1651	497
1651	1430
1651	1909
1652	1909
499	1909
1431	1909
1431	1430
502	500
1433	500
1433	1432
505	503
505	1434
508	506
511	509
1684	512
1684	1439
1439	512
517	515
1441	515
1441	1440
520	518
520	1442
1443	1442
1449	521
1449	522
526	524
1454	524
1454	1453
529	527
1693	530
1693	1464
1693	1465
1464	530
1718	533
1718	1467
535	1467
535	1466
538	536
1468	536
541	539
541	1469
1475	542
1475	543
1475	1470
1474	1470
1474	1471
1721	545
1721	1477
1721	1476
1722	1476
1722	546
1728	548
1728	549
1728	1484
553	551
553	1485
556	554
1495	557
1495	1488
1495	1489
1494	1489
1494	1490
1488	557
1747	560
1747	1497
1747	1910
1748	1910
1748	1498
1498	1910
1498	1496
1496	1910
1506	563
1506	1499
565	1499
568	566
568	1507
571	569
574	572
577	575
1520	575
1534	578
1534	1911
1533	1911
1533	1526
1526	1911
1525	1911
1525	1524
1524	1911
583	581
583	1528
1530	1528
1530	1527
1529	1527
1541	584
1541	1536
1541	1912
586	1912
1538	1912
1537	1912
1537	1535
1535	1912
1543	587
1543	1542
589	1542
1545	590
1545	1544
1545	591
595	593
595	1549
1550	1549
598	596
598	1551
601	599
604	602
1612	605
1612	606
610	608
1568	611
1568	612
616	614
619	617
1611	620
1611	1570
1611	1571
1570	620
1570	1569
625	623
625	1573
1574	1573
1574	1572
1610	626
1610	1575
628	1575
631	629
1609	632
1609	1588
1609	1589
1588	632
637	635
1593	635
1593	1591
1592	1591
1592	1590
1600	638
1600	1595
1600	1594
640	1594
1607	641
1607	1604
1607	1913
643	1913
1605	1913
642	1913
646	644
649	647
652	650
1636	653
1636	1627
1636	1628
1635	1628
1627	653
658	656
658	1630
1632	1630
1632	1629
1631	1629
661	659
661	1638
1639	1638
1639	1637
664	662
664	1640
1641	1640
1780	665
1780	1642
1780	1914
1781	1914
1781	1643
1643	1914
666	1914
1653	668
1653	1915
1653	1646
1646	1915
1645	1915
1645	1644
1644	1915
1650	671
1650	1648
1649	1648
1649	1647
673	1647
1659	674
1659	1654
676	1654
1809	677
1809	1660
1809	678
1817	680
1817	681
685	683
688	686
691	689
1677	689
694	692
694	1678
697	695
1695	698
1695	699
1695	1681
703	701
703	1682
1683	1682
1694	704
1694	705
1694	1689
1724	707
1724	708
1724	1708
1723	1708
1723	1709
1720	710
1720	1711
1720	1710
1720	1916
1719	1916
1719	1712
1712	1916
711	1916
715	713
715	1716
1717	1716
1730	716
1730	1726
1730	1917
1729	1917
1729	1727
1727	1917
1727	1725
1725	1917
721	719
721	1732
1734	1732
1734	1731
1733	1731
724	722
724	1736
1737	1736
1737	1735
1804	725
1804	1738
1804	1739
1739	1738
730	728
730	1740
733	731
1749	734
1749	1741
1749	1742
1741	734
1746	737
1746	1744
1745	1744
1745	1743
739	1743
1796	740
1796	1750
1796	1918
1797	1918
742	1918
1751	1918
741	1918
745	743
745	1752
748	746
751	749
754	752
1757	752
757	755
757	1758
760	758
1769	761
1769	762
766	764
1771	764
1771	1770
769	767
769	1775
1776	1775
772	770
772	1777
1783	773
1783	1778
1783	1779
1782	1779
1778	773
1795	776
1795	1793
1794	1793
1794	1792
778	1792
781	779
781	1805
1806	1805
784	782
1808	782
1808	1807
787	785
1810	785
790	788
793	791
1921	1920
1922	1921
1923	1922
1919	1923
1924	1920
1924	797
1919	797
1919	0
1919	22
1923	22
1923	19
1923	16
1922	16
1922	13
1921	13
1921	10
1921	7
1920	7
1920	4
1925	1928
1926	1925
1926	1929
1927	1931
1928	1927
1928	1932
1929	1928
1929	1933
1930	1929
1930	1934
1932	1931
1932	1936
1933	1932
1934	1933
1934	1937
1935	1934
1937	1936
1938	1937
1938	1939
1938	3
1938	829
1935	829
1935	827
1935	825
1930	825
1930	823
1926	823
1926	37
1926	821
1925	821
1925	35
1925	1927
1927	35
1927	814
1927	816
1931	816
1931	818
1931	820
1936	820
1936	1
1939	1
1939	799
1941	1940
1941	1943
1942	1941
1942	1944
1942	46
1942	40
1942	837
1942	835
1941	835
1940	835
1940	833
1940	824
1940	826
1943	826
1943	828
1944	828
1944	830
1944	839
839	830
6	830
824	833
824	831
40	46
841	47
841	840
9	840
1945	1947
1946	1945
1946	1948
1946	847
1946	52
1946	843
1945	843
1945	49
1945	44
1945	45
1947	45
1947	842
1948	842
1948	11
1948	849
849	11
52	847
1949	1952
1950	1949
1951	1950
1951	1953
1952	1956
1953	1952
1954	1953
1954	1957
1955	1954
1955	1958
1955	867
1955	865
1955	64
1955	859
1955	1951
1951	859
1951	61
1950	61
1950	58
1950	852
1949	852
1949	56
1949	848
1952	848
1952	850
1956	850
1956	14
1957	14
1957	15
1958	15
64	865
1850	26
1850	870
1850	1959
18	1959
18	868
868	1959
866	1959
866	870
870	26
70	26
70	27
804	24
804	1851
804	20
813	34
813	811
813	809
815	809
815	807
815	1961
817	1961
817	1962
819	1962
819	23
23	1962
803	1962
803	1961
25	1961
25	1960
28	1960
31	1960
805	1960
807	1960
886	85
886	82
886	79
888	79
888	76
30	76
30	74
1963	1966
1965	1964
1966	1970
1967	1966
1967	1971
1964	1974
1964	1968
1969	1968
1969	810
1969	812
1969	1852
1969	794
1965	794
1965	893
1964	893
1964	86
1964	887
1974	887
1974	889
1974	806
1974	808
1968	808
806	889
893	794
893	1860
898	1860
898	1858
88	1858
906	1858
906	1963
908	1963
908	1967
910	1967
910	1972
910	1973
912	1973
39	1973
838	1973
836	1973
836	1972
834	1972
834	1971
834	1970
832	1970
36	1970
36	1854
822	1854
822	1852
33	1852
1854	1970
1856	1970
1856	1966
1856	1963
42	48
42	1976
41	1976
913	1976
913	1975
911	1975
909	1975
909	921
907	921
907	94
907	91
921	1975
97	1975
100	1975
100	1976
933	112
933	1978
933	1977
933	1980
51	1980
844	1980
844	1979
50	1979
101	1979
927	1979
927	1980
929	1980
929	1977
103	1977
103	1978
106	1978
109	1978
854	57
854	115
854	113
854	934
54	934
60	118
118	116
119	62
1846	71
1846	951
1846	949
1846	124
1846	943
1848	943
1848	1981
63	1981
63	939
861	939
861	937
939	1981
121	1981
951	71
75	71
872	69
872	1982
872	1983
66	1983
66	1849
1849	1983
1847	1983
1847	1982
78	133
78	952
952	133
952	130
950	130
950	127
136	134
81	139
80	139
1984	1986
1985	1984
1985	1987
1985	1004
1985	160
1985	157
1985	154
1984	154
1984	151
1984	989
1986	989
1986	1988
1986	897
1986	902
1987	902
1987	87
1987	163
163	87
897	1988
84	1988
84	142
84	140
142	1988
145	1988
148	1988
93	164
1989	1991
1989	1992
1990	1994
1991	1990
1991	1995
1992	1991
1992	1996
1992	1997
1993	1992
1994	1999
1995	1994
1995	2000
1996	1995
1996	2001
1997	1996
1999	2003
2000	1999
2000	2004
2001	2000
2001	2005
2002	2001
2002	2006
2002	181
2002	1020
1997	1020
1997	1018
1998	1018
1998	178
1993	178
1993	175
1993	172
1989	172
1989	169
1989	1990
1990	169
1990	166
1994	166
1994	161
1999	161
1999	1006
2003	1006
2003	162
2003	95
2003	923
2004	923
2005	923
2005	96
2006	96
930	102
930	1022
930	2007
928	2007
99	2007
98	2007
182	2007
105	187
104	187
104	2008
1023	2008
1023	1021
1021	2008
1019	2008
1019	184
184	2008
108	190
108	1028
107	1028
2010	2009
2010	2011
2010	2012
2010	1038
2010	198
2010	193
2010	191
2009	191
2009	110
2009	111
2009	114
2011	114
2011	117
2011	938
2012	938
2012	940
2012	201
201	940
2015	2014
2013	2015
2016	2014
2016	202
2016	122
2016	946
2013	946
2013	1089
2013	1086
2015	1086
2015	213
2014	213
2014	210
2014	207
2014	204
213	1086
1050	1086
1052	1086
1052	1083
216	1083
216	231
219	231
219	228
222	228
1089	946
1089	123
1089	126
234	126
129	238
132	135
135	252
135	1121
131	1121
131	1119
236	1119
235	1119
235	2017
230	2017
230	246
230	243
230	240
246	2017
249	2017
1117	2017
138	141
138	258
138	255
138	253
144	261
143	261
147	282
147	2019
147	2020
147	262
262	2020
264	2020
264	273
1131	273
1131	270
273	2020
273	2019
1136	2019
1136	2018
276	2018
279	2018
282	2018
150	283
992	283
2021	2023
2022	2021
2022	2024
2022	2025
2023	2027
2024	2023
2024	2028
2025	2024
2025	2029
2026	2025
2027	2031
2028	2027
2028	2032
2029	2028
2030	2029
2030	2033
2030	153
2030	1157
2026	1157
2026	291
2022	291
2022	288
2021	288
2021	1151
2021	285
2023	285
2023	1147
2027	1147
2031	1147
2031	280
2031	281
2032	281
2032	152
2033	152
291	1157
2034	2037
2035	2034
2035	2038
2035	2039
2035	303
2035	300
2035	297
2034	297
2034	2036
2037	2036
2037	167
2037	168
2038	168
2038	312
2039	312
2039	309
2039	306
167	2036
167	2040
156	2040
156	1160
1160	2040
1160	2036
295	2036
159	165
171	313
318	315
2042	2041
2042	2043
2042	2044
2042	1213
2042	324
2041	324
2041	310
2041	311
2041	173
2043	173
2043	174
2043	336
2044	336
2044	333
2044	330
2044	327
310	324
310	321
177	183
177	337
1029	189
1029	348
1029	2045
186	2045
185	2045
335	2045
334	2045
334	345
334	342
345	2045
348	189
197	205
197	2046
194	2046
194	1243
1243	2046
1245	2046
1245	2047
1245	1248
1248	2047
354	2047
357	2047
206	2047
206	2046
200	203
1041	203
209	358
1260	363
1260	360
1260	2049
212	2049
211	2049
211	2048
356	2048
355	2048
360	2048
1264	369
1264	1261
1264	1053
1053	1261
1051	1261
1261	369
1261	366
218	372
217	372
1265	372
381	378
1285	378
1285	2050
1285	220
220	2050
220	2051
373	2051
375	2051
1274	2051
1276	2051
1276	2050
224	241
223	241
1287	241
1287	242
1287	390
1287	387
1287	384
227	239
233	232
233	2052
1091	2052
1088	2052
1085	2052
245	391
248	399
248	393
248	388
247	388
393	399
2053	2054
2055	2054
2055	1118
2055	1120
2055	1122
2055	2056
2055	405
2053	405
2053	402
2053	400
2054	400
2054	250
405	2056
1312	2056
254	2056
251	2056
257	260
257	2057
257	1314
1314	2057
406	2057
263	2057
266	411
266	2058
1132	2058
1132	404
404	2058
403	2058
408	2058
2060	2059
2059	2061
2062	2061
2062	412
2062	268
2062	269
2062	1330
2060	1330
2060	1328
2060	426
2060	423
2059	423
2061	423
2061	420
2061	417
2061	414
426	1328
1330	269
272	433
2064	2063
2064	2065
2064	1138
2064	275
2064	438
2064	1339
2063	1339
2063	435
2063	1329
2065	1329
2065	1331
2065	274
274	1331
1329	435
1149	284
1149	447
1149	444
1149	441
1149	439
278	439
447	284
287	453
1152	453
1152	451
474	471
2066	2069
2066	2070
2067	2066
2067	2071
2068	2067
2068	2072
2071	2070
2071	2074
2072	2071
2072	2075
2073	2072
2073	2076
2073	477
2068	477
2068	471
2068	468
2068	465
2068	462
2067	462
2066	462
2066	459
2069	459
2069	456
2069	454
2069	289
2070	289
2074	289
2074	290
2075	290
2075	298
2076	298
2076	299
293	296
302	489
302	483
302	480
302	1399
301	1399
301	1397
483	489
305	490
308	314
307	314
307	492
488	492
317	495
316	495
320	496
1437	507
1437	1435
1437	2078
323	2078
323	2077
322	2077
322	491
491	2077
485	2077
484	2077
498	2077
501	2077
501	2078
504	2078
326	519
326	508
1216	508
1216	1438
508	519
508	516
510	516
329	340
329	341
329	520
332	338
1447	522
1447	1445
1447	518
1447	343
518	1445
2080	2079
2080	2082
2080	2083
2081	2080
2081	2084
2084	2083
2085	2084
2085	2086
2085	350
2085	525
2081	525
2081	1450
2081	523
2080	523
2080	1448
2079	1448
2079	346
2082	346
2082	347
2082	1244
2083	1244
2086	1244
2086	1246
2089	2088
2089	2090
2089	1460
2089	1458
2088	1458
2088	2087
2088	352
2088	1250
2090	1250
2090	353
2090	359
352	2087
526	2087
528	2087
1456	2087
2092	2091
2092	2093
2094	2093
2094	2095
2094	365
2094	540
2092	540
2092	537
2092	534
2092	531
2091	531
2091	1462
2091	1457
2091	1459
2093	1459
2093	1461
2095	1461
2095	361
2095	362
1457	1462
368	371
368	2096
367	2096
541	2096
543	2096
374	2096
377	558
1277	558
1277	2099
1277	2098
1275	2098
1275	1480
1275	1478
1275	544
544	1478
1480	2098
1482	2098
1482	2097
1482	1486
1482	555
549	555
1486	2097
558	2097
2099	2097
379	380
380	383
380	1504
380	2101
559	2101
559	2100
561	2100
564	2100
1500	2100
1500	2101
1502	2101
386	392
386	1505
1505	392
1505	1518
1503	1518
1503	1516
1503	2103
1501	2103
1501	2102
1501	1508
1501	570
565	570
1508	2102
1510	2102
1512	2102
1512	1514
1514	2102
1514	2103
576	574
2104	2105
2106	2105
2106	2107
2106	395
2106	582
2106	1521
2104	1521
2104	574
2104	1515
2105	1515
2105	1517
2105	1519
2107	1519
2107	394
1521	582
398	401
397	401
397	407
410	413
410	581
581	413
580	413
416	588
415	588
419	591
418	591
1552	597
1552	2108
1554	2108
422	2108
421	2108
421	1546
1546	2108
594	2108
603	600
425	609
425	1555
1555	609
1555	2110
1553	2110
1553	2109
1553	600
600	2109
1556	2109
606	2109
1558	2109
1558	2110
428	434
428	2112
427	2112
610	2112
610	2111
1560	2111
1560	1562
1562	2111
1564	2111
1564	1566
1566	2111
1566	2112
437	440
437	2114
1341	2114
1341	2113
436	2113
1567	2113
616	2113
618	2113
618	2114
443	619
2115	2118
2116	2115
2116	2119
2118	2117
2118	2124
2119	2118
2119	2125
2120	2119
2120	2126
2121	2120
2121	2127
2122	2121
2117	2123
2124	2123
2124	2129
2125	2124
2125	2130
2126	2125
2126	2131
2127	2126
2127	2132
2128	2127
2132	2131
2132	2134
2133	2132
2133	2135
2133	2136
2133	1838
2133	1836
2128	1836
2122	1836
2122	1834
2122	1584
2122	1582
2121	1582
2121	1580
2121	2116
2116	1580
2116	1578
2115	1578
2115	1576
2115	2117
2117	1576
2117	630
2117	624
2117	621
2123	621
2123	613
2129	613
2129	1563
2130	1563
2130	1565
2131	1565
2134	1565
2134	614
2135	614
2135	617
2136	617
1838	617
1838	445
624	630
1584	1834
1586	1834
1586	457
449	452
449	2138
449	2137
449	1839
1839	2137
1837	2137
1837	2138
1835	2138
455	2138
2139	2140
2139	2141
2139	2142
2139	2143
2139	2144
2139	2145
2142	2146
2143	2142
2143	2147
2144	2143
2144	2148
2144	1596
2144	639
2145	639
2145	636
2145	633
2140	633
2140	631
2140	1577
2140	1579
2141	1579
2141	1581
2142	1581
2142	1583
2146	1583
2146	1585
2146	1587
2147	1587
2147	460
2147	461
2148	461
2148	1598
464	642
464	1601
464	1599
1599	1601
1597	1601
467	643
645	604
470	657
2151	2150
2150	2152
2153	2152
2152	2156
2152	2154
2155	2154
2155	2157
2155	605
2155	622
2153	622
2153	623
2151	623
2151	637
2151	2149
2151	1617
2150	1617
2150	1615
2152	1615
2152	1613
2156	1613
2156	651
2156	648
2156	2157
2157	648
2157	604
2157	1557
1617	2149
1619	2149
1621	2149
1621	637
1621	638
1623	638
1623	1603
1625	1603
1625	641
1625	469
654	469
658	472
656	475
2158	2159
2158	2160
2158	669
2158	666
2158	660
2158	655
2159	655
2159	475
2159	476
2159	1398
2160	1398
2160	1400
2160	672
672	1400
660	666
482	497
481	497
1655	675
1655	2161
1657	2161
1657	2162
500	2162
499	2162
671	2162
671	2161
670	2161
2164	2163
2164	2165
2164	1669
2164	1667
2164	1665
2163	1665
2163	1663
2163	1656
2163	1658
2165	1658
2165	502
2165	687
2165	1671
687	502
1656	1663
1656	1661
676	1661
1665	1667
1665	684
693	690
506	509
506	1679
506	1675
506	1673
1436	1673
1436	688
1675	1679
699	696
512	702
511	702
1680	702
1680	696
1446	521
1446	1685
1446	703
1446	514
1685	521
1685	1452
1687	1452
1687	2166
705	2166
705	1463
1690	1463
1463	2166
527	2166
524	2166
697	698
533	714
533	2167
532	2167
532	1702
532	1700
1692	1700
1692	1698
706	1698
706	1696
1702	2167
1704	2167
1704	1713
1706	1713
1706	711
1713	2167
536	715
539	542
539	2168
539	1715
538	1715
1715	2168
712	2168
545	2168
548	717
548	2169
1483	2169
1481	2169
1481	2170
1479	2170
547	2170
710	2170
709	2170
709	2169
550	551
551	732
551	2171
718	2171
720	2171
723	2171
723	729
729	2171
554	738
554	735
554	733
557	560
1487	560
1487	739
563	566
566	747
566	2172
562	2172
737	2172
737	744
736	744
744	2172
1755	750
1755	1753
569	1753
569	748
756	753
572	575
1759	759
1759	2173
1759	1513
1513	2173
1511	2173
1511	2175
1511	2174
1509	2174
1509	1756
1756	2174
751	2174
751	2175
753	2175
753	2173
578	584
1523	584
1523	587
1523	590
577	590
577	1548
1760	1548
1760	593
599	646
596	646
596	2176
596	758
758	2176
758	2177
757	2177
1761	2177
1761	2176
647	2176
601	602
1561	611
1561	1559
1559	611
607	611
626	634
625	634
629	632
754	755
1767	762
1767	1765
650	1765
650	1763
649	1763
1762	1763
2178	2180
2178	2181
2178	2182
2180	2183
2181	2180
2179	2182
2179	2185
2179	1616
2179	1618
2179	1620
2178	1620
2178	1622
2180	1622
2183	1622
2183	1624
2183	1626
2183	2186
2184	2186
2184	768
2184	1772
2181	1772
2182	1772
2182	765
2185	765
2185	763
2185	2187
1616	2187
1614	2187
1614	1768
1768	2187
768	2186
771	2186
659	2186
653	2186
662	772
665	774
665	770
770	774
668	674
667	674
775	674
775	677
775	2188
1784	2188
1784	2189
1788	2189
1788	2190
777	2190
728	2190
727	2190
780	2190
783	2190
783	2189
783	2188
2191	2192
2191	2193
2191	2194
2191	2195
2191	2196
2191	2197
2192	2197
2192	784
2192	679
2193	679
2193	1662
2194	1662
2194	1664
2195	1664
2195	1666
2195	680
2196	680
2196	1814
2196	1811
2197	1811
2197	786
1832	792
1832	1830
1832	2200
683	2200
682	2200
1816	2200
1816	2198
1816	2199
1813	2199
1813	2201
787	2201
787	2202
789	2202
722	2202
722	1818
1818	2202
1820	2202
1820	2201
1822	2201
1822	2199
1824	2199
1824	2198
1826	2198
1826	2200
1828	2200
1676	689
1676	793
1676	2203
1674	2203
1674	1672
1672	2203
1670	2203
1668	2203
1668	1833
1833	2203
691	692
2204	2207
2205	2204
2205	2208
2205	2209
2206	2213
2207	2206
2207	2214
2208	2207
2208	2215
2208	2216
2209	2208
2209	2217
2210	2209
2210	2218
2211	2210
2211	2219
2213	2212
2213	2222
2213	2223
2214	2213
2214	2224
2215	2214
2215	2225
2216	2215
2216	2226
2217	2216
2217	2227
2218	2217
2218	2228
2219	2218
2219	2229
2220	2219
2220	2230
2221	2220
2227	2226
2227	2232
2228	2227
2228	2233
2229	2228
2229	2234
2230	2229
2230	2235
2231	2230
2231	2236
2231	716
2221	716
2221	719
2221	1819
2220	1819
2211	1819
2211	1821
2211	1823
2210	1823
2205	1823
2205	1825
2204	1825
2204	1827
2207	1827
2206	1827
2206	1829
2206	1831
2213	1831
2212	1831
2212	791
2212	692
2222	692
2222	695
2223	695
2223	1697
2224	1697
2224	1699
2225	1699
2225	1701
2225	2232
2232	1701
2232	1703
2233	1703
2233	1705
2234	1705
2235	1705
2235	1707
2236	1707
2236	707
1688	704
1688	2237
1686	2237
1686	700
700	2237
725	779
724	779
731	734
731	740
731	778
2238	2240
2238	2241
2238	2242
2242	2241
2242	2243
2242	2244
2239	2242
2243	2246
2244	2243
2244	2247
2245	2244
2245	2248
2245	1800
2245	1798
2239	1798
2239	766
2239	1774
2238	1774
2240	1774
2240	767
2240	773
2240	1787
2241	1787
2241	1791
2243	1791
2246	1791
2246	776
2246	742
2247	742
2247	743
2247	1802
2248	1802
2249	2251
2249	2252
2249	1764
2249	1766
2249	1799
2249	1801
2251	1801
2251	2250
2251	1754
2251	749
2252	749
2252	752
1754	2250
746	2250
746	1803
1803	2250
1799	1766
1799	761
782	785
782	788
1861	795
1861	2253
1859	2253
1857	2253
1855	2253
1853	2253
0	796
796	798
796	1
1	799
797	798
798	800
798	799
799	3
4	5
5	6
7	8
8	9
10	11
11	12
13	801
801	802
801	14
14	15
16	17
17	18
19	20
20	21
22	23
23	2
23	21
21	804
803	804
804	24
25	26
26	27
28	29
29	30
31	32
32	806
805	806
806	808
807	808
808	810
809	810
810	812
811	812
812	33
34	35
35	814
813	814
814	816
815	816
816	818
817	818
818	820
819	820
820	1
35	33
33	822
821	822
822	36
37	38
38	824
823	824
824	826
825	826
826	828
827	828
828	830
829	830
830	5
38	36
36	832
831	832
832	834
833	834
834	836
835	836
836	838
837	838
838	39
40	41
41	42
43	44
44	45
46	47
47	840
839	840
840	8
47	45
45	842
841	842
842	11
44	42
42	48
49	50
50	844
843	844
844	51
52	845
845	846
845	53
53	54
55	56
56	848
847	848
848	850
849	850
850	14
56	851
851	853
851	54
54	854
852	853
853	855
853	854
854	57
58	856
856	857
856	59
59	60
61	858
858	860
858	62
62	861
859	860
860	862
860	861
861	63
64	863
863	864
863	65
65	66
67	68
68	866
865	866
866	868
867	868
868	17
68	869
869	871
869	66
66	872
870	871
871	873
871	872
872	69
70	874
874	875
874	71
71	72
73	74
74	29
74	876
876	877
876	72
72	75
76	878
878	879
878	77
77	78
79	880
880	881
880	80
80	81
82	882
882	884
882	883
883	885
883	83
83	84
85	86
86	887
886	887
887	889
888	889
889	32
86	890
890	894
890	891
891	895
891	892
892	896
892	84
84	897
893	894
894	899
894	895
895	900
895	896
896	901
896	897
897	902
898	899
899	903
899	900
900	904
900	901
901	905
901	902
902	87
88	89
89	907
906	907
907	909
908	909
909	911
910	911
911	913
912	913
913	41
89	914
914	916
914	915
915	917
915	87
87	90
91	918
918	919
918	92
92	93
94	920
920	922
920	95
95	923
921	922
922	924
922	923
923	96
97	925
925	926
925	98
98	99
100	101
101	50
101	99
99	928
927	928
928	930
929	930
930	102
103	104
104	105
106	931
931	932
931	107
107	108
109	110
110	111
112	113
113	934
933	934
934	53
113	935
935	936
935	111
111	114
115	116
116	59
116	114
114	117
118	119
119	62
119	117
117	938
937	938
938	940
939	940
940	120
121	941
941	944
941	942
942	945
942	122
122	946
943	944
944	947
944	945
945	948
945	946
946	123
124	125
125	950
949	950
950	952
951	952
952	77
125	953
953	955
953	954
954	956
954	123
123	126
127	128
128	129
130	957
957	960
957	958
958	961
958	959
959	962
959	131
131	132
133	134
134	80
134	963
963	966
963	964
964	967
964	965
965	968
965	132
132	135
136	969
969	971
969	970
970	972
970	137
137	138
139	973
973	975
973	974
974	976
974	140
140	83
140	977
977	978
977	138
138	141
142	979
979	981
979	980
980	982
980	143
143	144
145	983
983	985
983	984
984	986
984	146
146	147
148	987
987	990
987	988
988	991
988	149
149	992
989	990
990	993
990	991
991	994
991	992
992	150
151	995
995	998
995	996
996	999
996	997
997	1000
997	152
152	153
154	1001
1001	1002
1001	155
155	156
157	158
158	159
160	1003
1003	1005
1003	161
161	1006
1004	1005
1005	1007
1005	1006
1006	162
163	1008
1008	1009
1008	164
164	92
164	162
162	95
161	1010
1010	1011
1010	159
159	165
166	1012
1012	1014
1012	1013
1013	1015
1013	167
167	168
169	170
170	171
172	1016
1016	1017
1016	173
173	174
175	176
176	177
178	179
179	1019
1018	1019
1019	1021
1020	1021
1021	180
181	182
182	98
182	180
180	1023
1022	1023
1023	104
179	177
177	183
184	1024
1024	1025
1024	185
185	186
187	1026
1026	1027
1026	188
188	107
188	186
186	1029
1028	1029
1029	189
190	191
191	110
191	1030
1030	1031
1030	189
189	192
194	197
197	1033
1033	196
193	1034
1034	1035
1034	195
198	1036
1036	1039
1036	1037
1037	1040
1037	199
199	1041
1038	1039
1039	1042
1039	1040
1040	1043
1040	1041
1041	200
201	1044
1044	1046
1044	1045
1045	1047
1045	202
202	122
202	200
200	203
204	1048
1048	1049
1048	205
205	206
207	208
208	209
210	211
211	212
213	214
214	1051
1050	1051
1051	1053
1052	1053
1053	215
216	217
217	218
219	1054
1054	1058
1054	1055
1055	1059
1055	1056
1056	1060
1056	1057
1057	1061
1057	220
220	221
222	1062
1062	1066
1062	1063
1063	1067
1063	1064
1064	1068
1064	1065
1065	1069
1065	223
223	224
225	1070
1070	1073
1070	1071
1071	1074
1071	1072
1072	1075
1072	226
226	227
228	1076
1076	1079
1076	1077
1077	1080
1077	1078
1078	1081
1078	229
229	230
231	1082
1082	1084
1082	232
232	1085
1083	1084
1084	1087
1084	1085
1085	1088
1086	1087
1087	1090
1087	1088
1088	1091
1089	1090
1090	1092
1090	1091
1091	233
234	1093
1093	1096
1093	1094
1094	1097
1094	1095
1095	1098
1095	235
235	236
237	1099
1099	1100
1099	238
238	128
238	1101
1101	1103
1101	1102
1102	1104
1102	236
236	131
235	1105
1105	1108
1105	1106
1106	1109
1106	1107
1107	1110
1107	233
233	232
229	227
227	239
240	1111
1111	1113
1111	1112
1112	1114
1112	241
241	242
243	244
244	245
246	1115
1115	1116
1115	247
247	248
249	250
250	1118
1117	1118
1118	1120
1119	1120
1120	1122
1121	1122
1122	251
252	1123
1123	1124
1123	253
253	137
253	1125
1125	1126
1125	251
251	254
255	1127
1127	1128
1127	256
256	257
258	1129
1129	1130
1129	259
259	143
259	257
257	260
261	262
262	146
262	260
260	263
264	265
265	1132
1131	1132
1132	266
267	1133
1133	1134
1133	268
268	269
270	271
271	272
273	1135
1135	1137
1135	274
274	1138
1136	1137
1137	1139
1137	1138
1138	275
276	1140
1140	1141
1140	277
277	278
279	1142
1142	1143
1142	280
280	281
282	283
283	149
283	1144
1144	1145
1144	281
281	152
280	1146
1146	1148
1146	278
278	1149
1147	1148
1148	1150
1148	1149
1149	284
285	286
286	1152
1151	1152
1152	287
288	1153
1153	1154
1153	289
289	290
291	292
292	293
294	1155
1155	1158
1155	1156
1156	1159
1156	295
295	1160
1157	1158
1158	1161
1158	1159
1159	1162
1159	1160
1160	155
295	1163
1163	1165
1163	1164
1164	1166
1164	293
293	296
297	1167
1167	1170
1167	1168
1168	1171
1168	1169
1169	1172
1169	298
298	299
300	1173
1173	1176
1173	1174
1174	1177
1174	1175
1175	1178
1175	301
301	302
303	1179
1179	1180
1179	304
304	305
306	1181
1181	1182
1181	307
307	308
309	1183
1183	1186
1183	1184
1184	1187
1184	1185
1185	1188
1185	310
310	311
312	1189
1189	1190
1189	313
313	170
313	1191
1191	1192
1191	311
311	173
310	1193
1193	1195
1193	1194
1194	1196
1194	308
308	314
315	1197
1197	1199
1197	1198
1198	1200
1198	316
316	317
318	1201
1201	1203
1201	1202
1202	1204
1202	319
319	320
321	1205
1205	1208
1205	1206
1206	1209
1206	1207
1207	1210
1207	322
322	323
324	1211
1211	1214
1211	1212
1212	1215
1212	325
325	1216
1213	1214
1214	1217
1214	1215
1215	1218
1215	1216
1216	326
327	1219
1219	1221
1219	1220
1220	1222
1220	328
328	329
330	331
331	332
333	1223
1223	1224
1223	334
334	335
336	1225
1225	1226
1225	337
337	176
337	1227
1227	1228
1227	335
335	185
334	332
332	338
339	1229
1229	1230
1229	340
340	341
342	1231
1231	1233
1231	1232
1232	1234
1232	343
343	344
345	1235
1235	1237
1235	1236
1236	1238
1236	346
346	347
348	1239
1239	1241
1239	1240
1240	1242
1240	349
349	194
349	347
347	1244
1243	1244
1244	1246
1245	1246
1246	350
351	1247
1247	1249
1247	352
352	1250
1248	1249
1249	1251
1249	1250
1250	353
354	1252
1252	1253
1252	355
355	356
357	1254
1254	1255
1254	358
358	208
358	356
356	211
355	1256
1256	1257
1256	353
353	359
360	1258
1258	1259
1258	361
361	362
363	364
364	1261
1260	1261
1261	214
364	1262
1262	1263
1262	362
362	365
366	367
367	368
369	370
370	1265
1264	1265
1265	217
370	368
368	371
372	1266
1266	1268
1266	1267
1267	1269
1267	373
373	220
373	1270
1270	1272
1270	1271
1271	1273
1271	371
371	374
375	376
376	1275
1274	1275
1275	1277
1276	1277
1277	377
378	1278
1278	1281
1278	1279
1279	1282
1279	1280
1280	1283
1280	379
379	380
381	1284
1284	1286
1284	382
382	1287
1285	1286
1286	1288
1286	1287
1287	223
382	1289
1289	1291
1289	1290
1290	1292
1290	380
380	383
384	1293
1293	1295
1293	1294
1294	1296
1294	385
385	386
387	1297
1297	1298
1297	388
388	389
390	1299
1299	1300
1299	391
391	244
391	389
389	247
388	1301
1301	1302
1301	386
386	392
393	1303
1303	1304
1303	394
394	395
396	397
397	398
399	1305
1305	1306
1305	400
400	250
400	1307
1307	1308
1307	398
398	401
402	1309
1309	1310
1309	403
403	404
405	1311
1311	1313
1311	406
406	1314
1312	1313
1313	1315
1313	1314
1314	256
406	404
404	265
403	401
401	407
408	409
409	410
411	1316
1316	1318
1316	1317
1317	1319
1317	412
412	268
412	1320
1320	1322
1320	1321
1321	1323
1321	410
410	413
414	415
415	416
417	418
418	419
420	1324
1324	1325
1324	421
421	422
423	424
424	425
426	1326
1326	1327
1326	427
427	428
429	430
430	1329
1328	1329
1329	1331
1330	1331
1331	431
432	1332
1332	1333
1332	433
433	271
433	1334
1334	1335
1334	431
431	274
430	1336
1336	1337
1336	428
428	434
435	1338
1338	1340
1338	436
436	1341
1339	1340
1340	1342
1340	1341
1341	437
438	1343
1343	1344
1343	439
439	277
439	1345
1345	1346
1345	437
437	440
441	1347
1347	1348
1347	442
442	443
444	1349
1349	1350
1349	445
445	446
447	1351
1351	1352
1351	448
448	449
450	451
451	286
451	1353
1353	1355
1353	1354
1354	1356
1354	449
449	452
453	454
454	289
454	1357
1357	1359
1357	1358
1358	1360
1358	452
452	455
456	1361
1361	1363
1361	1362
1362	1364
1362	457
457	458
459	1365
1365	1368
1365	1366
1366	1369
1366	1367
1367	1370
1367	460
460	461
462	1371
1371	1373
1371	1372
1372	1374
1372	463
463	464
465	1375
1375	1376
1375	466
466	467
468	1377
1377	1380
1377	1378
1378	1381
1378	1379
1379	1382
1379	469
469	470
471	1383
1383	1385
1383	1384
1384	1386
1384	472
472	473
474	1387
1387	1390
1387	1388
1388	1391
1388	1389
1389	1392
1389	475
475	476
477	1393
1393	1395
1393	1394
1394	1396
1394	478
478	301
478	476
476	1398
1397	1398
1398	1400
1399	1400
1400	479
480	481
481	482
483	1401
1401	1404
1401	1402
1402	1405
1402	1403
1403	1406
1403	484
484	485
486	1407
1407	1408
1407	487
487	488
489	1409
1409	1410
1409	490
490	304
490	488
488	307
487	1411
1411	1415
1411	1412
1412	1416
1412	1413
1413	1417
1413	1414
1414	1418
1414	485
485	491
492	493
493	316
493	1419
1419	1422
1419	1420
1420	1423
1420	1421
1421	1424
1421	491
491	494
495	1425
1425	1427
1425	1426
1426	1428
1426	496
496	319
496	494
494	322
484	1429
1429	1430
1429	482
482	497
498	1431
1431	1432
1431	499
499	500
501	1433
1433	1434
1433	502
502	503
504	505
505	1436
1435	1436
1436	506
507	508
508	1438
1437	1438
1438	325
508	506
506	509
510	511
511	512
513	1439
1439	1440
1439	514
514	515
516	1441
1441	1442
1441	517
517	518
519	1443
1443	1444
1443	520
520	328
520	518
518	343
517	515
515	1446
1445	1446
1446	521
522	523
523	1448
1447	1448
1448	346
523	1449
1449	1451
1449	521
521	1452
1450	1451
1451	1453
1451	1452
1452	524
525	1454
1454	1455
1454	526
526	352
526	524
524	527
528	529
529	1457
1456	1457
1457	1459
1458	1459
1459	1461
1460	1461
1461	361
529	527
527	1463
1462	1463
1463	530
531	1464
1464	1466
1464	1465
1465	1467
1465	532
532	533
534	535
535	536
537	1468
1468	1469
1468	538
538	539
540	541
541	367
541	539
539	542
543	1470
1470	1472
1470	1471
1471	1473
1471	544
544	376
544	1474
1474	1476
1474	1475
1475	1477
1475	542
542	545
546	547
547	1479
1478	1479
1479	1481
1480	1481
1481	1483
1482	1483
1483	548
549	1484
1484	1485
1484	550
550	551
552	553
553	554
555	556
556	1487
1486	1487
1487	557
558	1488
1488	1491
1488	1489
1489	1492
1489	1490
1490	1493
1490	559
559	379
559	1494
1494	1496
1494	1495
1495	1497
1495	557
557	560
561	1498
1498	1499
1498	562
562	563
564	565
565	1501
1500	1501
1501	1503
1502	1503
1503	1505
1504	1505
1505	385
565	1506
1506	1507
1506	563
563	566
567	568
568	569
570	571
571	1509
1508	1509
1509	1511
1510	1511
1511	1513
1512	1513
1513	572
573	574
574	1515
1514	1515
1515	1517
1516	1517
1517	1519
1518	1519
1519	394
574	572
572	575
576	1520
1520	1522
1520	577
577	1523
1521	1522
1522	1524
1522	1523
1523	578
579	1525
1525	1527
1525	1526
1526	1528
1526	580
580	581
582	1529
1529	1531
1529	1530
1530	1532
1530	583
583	397
583	581
581	409
580	1533
1533	1535
1533	1534
1534	1536
1534	578
578	584
585	1537
1537	1539
1537	1538
1538	1540
1538	586
586	415
586	1541
1541	1542
1541	584
584	587
588	589
589	418
589	1543
1543	1544
1543	587
587	590
591	592
592	421
592	1545
1545	1547
1545	590
590	1548
1546	1547
1547	1549
1547	1548
1548	593
594	1550
1550	1551
1550	595
595	596
597	598
598	1553
1552	1553
1553	1555
1554	1555
1555	424
598	596
596	599
600	601
601	602
603	604
604	1557
1556	1557
1557	605
606	607
607	1559
1558	1559
1559	608
609	610
610	427
610	608
608	1561
1560	1561
1561	611
612	613
613	1563
1562	1563
1563	1565
1564	1565
1565	614
615	616
616	1567
1566	1567
1567	436
616	614
614	617
618	619
619	442
619	617
617	445
613	1568
1568	1569
1568	611
611	620
621	1570
1570	1572
1570	1571
1571	1573
1571	622
622	623
624	1574
1574	1575
1574	625
625	626
627	628
628	629
630	631
631	1577
1576	1577
1577	1579
1578	1579
1579	1581
1580	1581
1581	1583
1582	1583
1583	1585
1584	1585
1585	1587
1586	1587
1587	460
631	629
629	632
633	1588
1588	1590
1588	1589
1589	1591
1589	634
634	635
636	1592
1592	1594
1592	1593
1593	1595
1593	637
637	638
639	640
640	1597
1596	1597
1597	1599
1598	1599
1599	463
640	1600
1600	1602
1600	638
638	1603
1601	1602
1602	1604
1602	1603
1603	641
642	1605
1605	1606
1605	643
643	466
643	1607
1607	1608
1607	641
641	469
637	635
635	625
634	1609
1609	1610
1609	632
632	628
622	1611
1611	1612
1611	620
620	607
604	602
602	644
645	646
646	647
648	649
649	650
651	652
652	1614
1613	1614
1614	1616
1615	1616
1616	1618
1617	1618
1618	1620
1619	1620
1620	1622
1621	1622
1622	1624
1623	1624
1624	1626
1625	1626
1626	653
654	1627
1627	1629
1627	1628
1628	1630
1628	655
655	656
657	1631
1631	1633
1631	1632
1632	1634
1632	658
658	472
658	656
656	475
655	1635
1635	1637
1635	1636
1636	1638
1636	653
653	659
660	1639
1639	1640
1639	661
661	662
663	1641
1641	1642
1641	664
664	665
666	1643
1643	1644
1643	667
667	668
669	1645
1645	1647
1645	1646
1646	1648
1646	670
670	671
672	673
673	481
673	1649
1649	1651
1649	1650
1650	1652
1650	671
671	499
670	1653
1653	1654
1653	668
668	674
675	676
676	1656
1655	1656
1656	1658
1657	1658
1658	502
676	1659
1659	1660
1659	674
674	677
678	679
679	1662
1661	1662
1662	1664
1663	1664
1664	1666
1665	1666
1666	680
681	682
682	683
684	685
685	1668
1667	1668
1668	1670
1669	1670
1670	1672
1671	1672
1672	686
687	688
688	505
688	686
686	1674
1673	1674
1674	1676
1675	1676
1676	689
690	1677
1677	1678
1677	691
691	692
693	694
694	1680
1679	1680
1680	511
694	692
692	695
696	697
697	698
699	1681
1681	1682
1681	700
700	701
702	1683
1683	1684
1683	703
703	514
703	701
701	1686
1685	1686
1686	1688
1687	1688
1688	704
705	1689
1689	1691
1689	706
706	1692
1690	1691
1691	1693
1691	1692
1692	532
706	1694
1694	1695
1694	704
704	700
697	695
695	1697
1696	1697
1697	1699
1698	1699
1699	1701
1700	1701
1701	1703
1702	1703
1703	1705
1704	1705
1705	1707
1706	1707
1707	707
708	1708
1708	1710
1708	1709
1709	1711
1709	709
709	710
711	1712
1712	1714
1712	712
712	1715
1713	1714
1714	1716
1714	1715
1715	713
714	1717
1717	1718
1717	715
715	535
715	713
713	538
712	1719
1719	1721
1719	1720
1720	1722
1720	710
710	547
709	1723
1723	1725
1723	1724
1724	1726
1724	707
707	716
717	1727
1727	1728
1727	718
718	550
718	1729
1729	1731
1729	1730
1730	1732
1730	716
716	719
720	1733
1733	1735
1733	1734
1734	1736
1734	721
721	722
723	1737
1737	1738
1737	724
724	725
726	1739
1739	1740
1739	727
727	728
729	730
730	731
732	733
733	553
733	731
731	734
735	1741
1741	1743
1741	1742
1742	1744
1742	736
736	737
738	739
739	556
739	1745
1745	1747
1745	1746
1746	1748
1746	737
737	562
736	1749
1749	1750
1749	734
734	740
741	1751
1751	1752
1751	742
742	743
744	745
745	746
747	748
748	568
748	746
746	1754
1753	1754
1754	749
750	751
751	1756
1755	1756
1756	571
751	749
749	752
753	1757
1757	1758
1757	754
754	755
756	757
757	758
759	760
760	1760
1759	1760
1760	577
760	758
758	595
757	755
755	1762
1761	1762
1762	649
754	752
752	1764
1763	1764
1764	1766
1765	1766
1766	761
762	763
763	1768
1767	1768
1768	652
763	1769
1769	1770
1769	761
761	764
765	1771
1771	1773
1771	766
766	1774
1772	1773
1773	1775
1773	1774
1774	767
768	1776
1776	1777
1776	769
769	770
771	772
772	661
772	770
770	664
769	767
767	773
774	1778
1778	1780
1778	1779
1779	1781
1779	775
775	667
775	1782
1782	1785
1782	1783
1783	1786
1783	773
773	1787
1784	1785
1785	1789
1785	1786
1786	1790
1786	1787
1787	1791
1788	1789
1789	1792
1789	1790
1790	1793
1790	1791
1791	776
777	778
778	730
778	1794
1794	1796
1794	1795
1795	1797
1795	776
776	742
766	764
764	1799
1798	1799
1799	1801
1800	1801
1801	1803
1802	1803
1803	745
727	1804
1804	1805
1804	725
725	779
780	1806
1806	1807
1806	781
781	782
783	1808
1808	1809
1808	784
784	679
784	782
782	785
786	1810
1810	1812
1810	787
787	1813
1811	1812
1812	1815
1812	1813
1813	1816
1814	1815
1815	1817
1815	1816
1816	682
787	785
785	788
789	790
790	724
790	788
788	781
721	719
719	1819
1818	1819
1819	1821
1820	1821
1821	1823
1822	1823
1823	1825
1824	1825
1825	1827
1826	1827
1827	1829
1828	1829
1829	1831
1830	1831
1831	791
792	793
793	1833
1832	1833
1833	685
793	791
791	691
646	644
644	601
457	455
455	1835
1834	1835
1835	1837
1836	1837
1837	1839
1838	1839
1839	448
340	1840
1840	1841
1840	338
338	331
298	296
296	292
241	1842
1842	1843
1842	239
239	226
205	1844
1844	1845
1844	203
203	199
167	165
165	158
71	69
69	1847
1846	1847
1847	1849
1848	1849
1849	65
26	24
24	1851
1850	1851
1851	20
794	795
795	1853
1852	1853
1853	1855
1854	1855
1855	1857
1856	1857
1857	1859
1858	1859
1859	1861
1860	1861
1861	795
2	796
2	1
5	800
5	4
8	7
11	10
14	801
801	13
17	802
17	16
20	19
23	22
26	25
29	28
32	31
35	34
38	37
41	40
44	43
47	46
50	49
53	845
845	52
851	846
851	55
851	56
59	855
59	856
856	58
62	858
858	857
858	61
65	863
863	862
863	64
869	864
869	68
68	67
71	873
71	874
874	70
876	875
876	73
876	74
77	878
878	877
878	76
80	879
80	880
880	79
975	881
975	1863
975	976
976	883
976	83
883	882
882	881
882	82
892	885
892	891
891	884
891	890
890	85
890	86
915	905
915	904
915	914
914	903
914	89
89	88
1009	917
1009	92
92	916
92	918
918	91
95	920
920	919
920	94
98	924
98	925
925	97
101	926
101	100
104	103
1027	931
1027	107
931	106
110	932
110	109
935	112
935	113
116	936
116	115
119	118
1046	941
1046	942
1046	1047
1047	122
941	121
954	948
954	953
953	947
953	125
125	124
1100	956
1100	955
1100	128
128	127
1103	957
1103	958
1103	1104
1104	959
1104	131
957	130
965	962
965	961
965	964
964	960
964	963
963	133
963	134
1124	968
1124	1864
1124	137
137	970
970	1865
970	969
969	966
969	136
966	967
967	1864
967	968
977	972
977	1866
977	974
977	140
974	973
973	971
973	139
971	972
1130	980
1130	143
980	979
979	978
979	142
146	982
146	984
984	981
984	983
983	145
149	986
149	988
988	985
988	987
987	148
1145	1867
1145	997
1145	152
997	996
996	994
996	995
995	993
995	151
994	150
1161	1000
1161	1162
1162	999
1162	1868
1162	155
155	1001
1001	998
1001	154
998	999
158	1002
158	157
1010	1003
1010	161
1003	160
164	1007
164	1008
1008	163
167	1013
1013	1012
1012	1011
1012	166
1190	1015
1190	1014
1190	170
170	169
1192	1016
1192	173
1016	172
1226	1017
1226	176
176	175
179	178
182	181
1228	1024
1228	185
1024	184
188	1025
188	1026
1026	187
1030	190
1030	191
1241	195
1241	1862
1241	196
1241	1032
1241	1242
1242	194
195	1034
1034	1031
1034	193
1845	1033
1845	1869
1845	199
199	1037
1037	1870
1037	1036
1036	1035
1036	198
1035	195
195	1869
195	1862
1862	196
196	1033
202	1045
1045	1043
1045	1044
1044	1042
1044	201
1844	204
1844	1048
1844	205
1255	1049
1255	208
208	207
211	210
214	213
217	216
1268	1055
1268	1056
1268	1269
1269	1057
1269	220
1055	1054
1054	219
1872	1873
1872	1874
1288	1873
1288	1871
1288	223
223	1065
1065	1872
1065	1064
1064	1874
1064	1063
1063	1875
1063	1062
1062	1058
1062	222
1058	1059
1059	1874
1059	1060
1060	1873
1060	1061
1061	221
1877	1878
1877	1879
1843	1876
1843	1877
1843	226
226	1072
1072	1879
1072	1071
1071	1070
1070	1066
1070	225
1066	1067
1067	1878
1067	1068
1068	1876
1068	1069
1069	224
229	1075
229	1078
1078	1074
1078	1077
1077	1073
1077	1076
1076	228
1108	1081
1108	1080
1108	1109
1109	1079
1109	1110
1110	231
1110	1082
1110	232
1107	1092
1107	234
1107	1093
1107	1106
1106	1094
1106	1105
1105	1095
1105	235
1102	1098
1102	1880
1102	1101
1101	1881
1101	238
238	1099
1099	237
237	1096
1096	1880
1096	1097
1097	1098
1842	1111
1842	1112
1842	241
1111	240
1300	1114
1300	244
244	1113
244	243
247	1115
1115	246
1306	1116
1306	249
1306	250
1125	252
1125	1123
1125	253
1315	1882
1315	256
256	1127
1127	1126
1127	255
1126	254
259	1128
259	1129
1129	258
262	261
265	264
1318	267
1318	1133
1318	1319
1319	268
1333	1134
1333	271
271	270
1335	1135
1335	274
1135	273
1344	1139
1344	1140
1344	277
1140	276
1146	1141
1146	1142
1146	280
1142	279
1144	1143
1144	282
1144	283
286	1150
286	285
289	1153
1153	288
292	1154
292	291
1164	1883
1164	1155
1164	1156
1164	1163
1163	295
1155	294
294	293
298	1169
1169	1166
1169	1168
1168	1165
1168	1167
1167	297
1884	1886
1886	1887
1395	1172
1395	1885
1395	1884
1395	1396
1396	301
301	1175
1175	1886
1175	1174
1174	1887
1174	1888
1174	1173
1173	300
300	1170
1170	1887
1170	1171
1171	1885
1171	1172
1410	1178
1410	1177
1410	304
304	1176
304	1179
1179	303
307	1181
1181	1180
1181	306
1194	1890
1194	1193
1193	1185
1193	310
1185	1184
1184	1183
1183	1889
1183	309
309	1182
1182	308
308	1890
1191	1188
1191	1187
1191	313
313	1189
1189	1186
1189	312
316	1196
316	1198
1198	1195
1198	1197
1197	315
1427	1200
1427	1893
1427	1891
1427	1428
1428	1202
1428	319
1202	1201
1201	1892
1201	318
318	1199
1199	1893
1199	1200
1893	1891
322	1207
1207	1204
1207	1206
1206	1203
1206	1205
1205	321
325	1210
325	1212
1212	1209
1212	1211
1211	1208
1211	324
1894	1896
1444	1894
1444	1896
1444	328
328	1220
1220	1895
1220	1219
1219	1217
1219	327
1217	1218
1218	1894
1218	326
1841	1222
1841	1221
1841	331
331	330
334	1223
1223	333
1227	1224
1227	1225
1227	337
1225	336
1840	1229
1840	340
1229	339
343	1232
1232	1230
1232	1231
1231	342
346	1236
1236	1234
1236	1235
1235	1233
1235	345
349	1238
349	1240
1240	1237
1240	1239
1239	348
1455	351
1455	1247
1455	352
1256	1897
1256	1252
1256	355
1252	354
354	1251
1251	353
358	1253
358	1254
1254	357
361	1257
361	1258
1258	360
1262	1259
1262	364
364	363
367	1263
367	366
370	369
1271	1266
1271	1267
1271	1270
1270	373
1266	372
1472	1273
1472	1473
1473	1272
1473	376
376	375
1491	1278
1491	1279
1491	1492
1492	1280
1492	1493
1493	379
1278	378
1290	1283
1290	1289
1289	1282
1289	382
382	1281
382	1284
1284	381
385	1294
1294	1292
1294	1293
1293	1291
1293	384
1301	1296
1301	1898
1301	1297
1301	388
1297	1295
1297	387
1295	1296
391	1298
391	1299
1299	390
394	1303
1303	1302
1303	393
1531	1304
1531	1532
1532	396
1532	397
1307	1305
1307	400
1305	399
403	1309
1309	1308
1309	402
406	1311
1311	1310
1311	405
409	408
1321	411
1321	1316
1321	1320
1320	1317
1320	412
1539	1323
1539	1540
1540	1322
1540	415
415	414
418	417
421	1324
1324	420
424	1325
424	423
427	1326
1326	426
1336	1327
1336	430
430	429
1334	1332
1334	433
1332	432
436	1338
1338	1337
1338	435
1345	1342
1345	1343
1345	439
1343	438
442	1346
442	1347
1347	441
445	1349
1349	1348
1349	444
448	1351
1351	1350
1351	447
1354	1352
1354	1353
1353	450
1353	451
1358	1356
1358	1355
1358	1357
1357	453
1357	454
457	1360
457	1362
1362	1359
1362	1361
1361	456
460	1367
1367	1364
1367	1366
1366	1363
1366	1365
1365	459
463	1370
463	1372
1372	1369
1372	1371
1371	1368
1371	462
1606	1374
1606	1899
1606	466
466	1375
1375	1373
1375	465
1373	1374
1608	1378
1608	1379
1608	469
1378	1377
1377	1376
1377	468
1900	1902
1902	1903
1633	1382
1633	1900
1633	1634
1634	1902
1634	1904
1634	472
472	1384
1384	1902
1384	1903
1384	1383
1383	1380
1383	471
1380	1901
1380	1381
1381	1382
1382	1900
475	1389
1389	1386
1389	1388
1388	1385
1388	1387
1387	474
478	1392
478	1394
1394	1391
1394	1393
1393	1390
1393	477
481	480
1429	1402
1429	1403
1429	484
1402	1401
1401	483
1905	1908
1906	1908
1414	1406
1414	1905
1414	1413
1413	1908
1413	1412
1412	1907
1412	1411
1411	1407
1411	487
1407	486
486	1906
486	1404
1404	1405
1405	1905
1405	1406
490	1409
1409	1408
1409	489
1421	1418
1421	1420
1420	1417
1420	1419
1419	1416
1419	493
493	1415
493	492
496	1424
496	1426
1426	1423
1426	1425
1425	1422
1425	495
1651	1430
1651	1909
1651	1652
1652	499
499	1431
1431	1430
1431	498
502	1433
1433	1432
1433	501
505	1434
505	504
508	507
511	510
1684	1439
1684	514
1439	513
517	1441
1441	1440
1441	516
520	1442
520	1443
1443	519
1449	522
1449	523
526	1454
1454	1453
1454	525
529	528
1693	1464
1693	1465
1693	532
1464	531
1718	1467
1718	535
535	1466
535	534
538	1468
1468	537
541	1469
541	540
1475	543
1475	1470
1475	1474
1474	1471
1474	544
1721	1477
1721	1476
1721	1722
1722	546
1722	547
1728	549
1728	1484
1728	550
553	1485
553	552
556	555
1495	1488
1495	1489
1495	1494
1494	1490
1494	559
1488	558
1747	1497
1747	1910
1747	1748
1748	1498
1748	562
1498	1496
1498	561
1496	1497
1506	1499
1506	565
565	564
568	1507
568	567
571	570
574	573
577	1520
1520	576
1534	1911
1534	1533
1533	1526
1533	580
1526	1525
1525	1524
1525	579
1524	578
583	1528
583	1530
1530	1527
1530	1529
1529	582
1541	1536
1541	1912
1541	586
586	1538
1538	1537
1537	1535
1537	585
1535	1536
1543	1542
1543	589
589	588
1545	1544
1545	591
1545	592
595	1549
595	1550
1550	594
598	1551
598	597
601	600
604	603
1612	606
1612	607
610	609
1568	612
1568	613
616	615
619	618
1611	1570
1611	1571
1611	622
1570	1569
1570	621
625	1573
625	1574
1574	1572
1574	624
1610	1575
1610	628
628	627
631	630
1609	1588
1609	1589
1609	634
1588	633
637	1593
1593	1591
1593	1592
1592	1590
1592	636
1600	1595
1600	1594
1600	640
640	639
1607	1604
1607	1913
1607	643
643	1605
1605	642
642	1604
646	645
649	648
652	651
1636	1627
1636	1628
1636	1635
1635	655
1627	654
658	1630
658	1632
1632	1629
1632	1631
1631	657
661	1638
661	1639
1639	1637
1639	660
664	1640
664	1641
1641	663
1780	1642
1780	1914
1780	1781
1781	1643
1781	667
1643	666
666	1642
1653	1915
1653	1646
1653	670
1646	1645
1645	1644
1645	669
1644	668
1650	1648
1650	1649
1649	1647
1649	673
673	672
1659	1654
1659	676
676	675
1809	1660
1809	678
1809	679
1817	681
1817	682
685	684
688	687
691	1677
1677	690
694	1678
694	693
697	696
1695	699
1695	1681
1695	700
703	1682
703	1683
1683	702
1694	705
1694	1689
1694	706
1724	708
1724	1708
1724	1723
1723	1709
1723	709
1720	1711
1720	1710
1720	1916
1720	1719
1719	1712
1719	712
1712	711
711	1710
715	1716
715	1717
1717	714
1730	1726
1730	1917
1730	1729
1729	1727
1729	718
1727	1725
1727	717
1725	1726
721	1732
721	1734
1734	1731
1734	1733
1733	720
724	1736
724	1737
1737	1735
1737	723
1804	1738
1804	1739
1804	727
1739	726
730	1740
730	729
733	732
1749	1741
1749	1742
1749	736
1741	735
1746	1744
1746	1745
1745	1743
1745	739
739	738
1796	1750
1796	1918
1796	1797
1797	742
742	1751
1751	741
741	1750
745	1752
745	744
748	747
751	750
754	1757
1757	753
757	1758
757	756
760	759
1769	762
1769	763
766	1771
1771	1770
1771	765
769	1775
769	1776
1776	768
772	1777
772	771
1783	1778
1783	1779
1783	1782
1782	775
1778	774
1795	1793
1795	1794
1794	1792
1794	778
778	777
781	1805
781	1806
1806	780
784	1808
1808	1807
1808	783
787	1810
1810	786
790	789
793	792
1921	1924
1922	1924
1923	1924
1919	1924
1924	797
1924	1919
1919	0
1919	22
1919	1923
1923	19
1923	16
1923	1922
1922	13
1922	1921
1921	10
1921	7
1921	1920
1920	4
1920	797
1925	1929
1926	1929
1926	1930
1927	1932
1928	1932
1928	1933
1929	1933
1929	1934
1930	1934
1930	1935
1932	1936
1932	1937
1933	1937
1934	1937
1934	1938
1935	1938
1937	1939
1938	1939
1938	3
1938	829
1938	1935
1935	827
1935	825
1935	1930
1930	823
1930	1926
1926	37
1926	821
1926	1925
1925	35
1925	1927
1925	1928
1927	814
1927	816
1927	1931
1931	818
1931	820
1931	1936
1936	1
1936	1939
1939	799
1939	3
1941	1943
1941	1944
1942	1944
1942	46
1942	40
1942	837
1942	835
1942	1941
1941	1940
1940	833
1940	824
1940	826
1940	1943
1943	828
1943	1944
1944	830
1944	839
1944	46
839	6
6	5
824	831
824	38
40	43
841	840
841	9
9	8
1945	1948
1946	1948
1946	847
1946	52
1946	843
1946	1945
1945	49
1945	44
1945	45
1945	1947
1947	842
1947	1948
1948	11
1948	849
1948	847
849	12
52	55
1949	1953
1950	1953
1951	1953
1951	1954
1952	1957
1953	1957
1954	1957
1954	1958
1955	1958
1955	867
1955	865
1955	64
1955	859
1955	1951
1955	1954
1951	61
1951	1950
1950	58
1950	852
1950	1949
1949	56
1949	848
1949	1952
1952	850
1952	1956
1956	14
1956	1957
1957	15
1957	1958
1958	867
64	67
1850	870
1850	1959
1850	18
18	868
18	17
868	866
866	870
866	68
870	70
70	27
70	73
804	1851
804	20
804	21
813	811
813	809
813	815
815	807
815	1961
815	817
817	1962
817	819
819	23
819	2
23	803
803	1961
803	25
25	1960
25	28
28	31
31	805
805	807
807	1961
886	82
886	79
886	888
888	76
888	30
30	74
30	29
1963	1967
1965	1969
1966	1971
1967	1971
1967	1972
1964	1968
1964	1969
1969	810
1969	812
1969	1852
1969	794
1969	1965
1965	893
1965	1964
1964	86
1964	887
1964	1974
1974	889
1974	806
1974	808
1974	1968
1968	810
806	32
893	1860
893	898
898	1858
898	88
88	906
906	1963
906	908
908	1967
908	910
910	1972
910	1973
910	912
912	39
39	838
838	836
836	1972
836	834
834	1971
834	1970
834	832
832	36
36	1854
36	822
822	1852
822	33
33	812
1854	1856
1856	1966
1856	1963
1856	1858
42	1976
42	41
41	913
913	1975
913	911
911	909
909	921
909	907
907	94
907	91
907	89
921	97
97	100
100	1976
100	48
933	1978
933	1977
933	1980
933	51
51	844
844	1979
844	50
50	101
101	927
927	1980
927	929
929	1977
929	103
103	1978
103	106
106	109
109	112
854	115
854	113
854	934
854	54
54	53
60	59
118	59
119	937
1846	951
1846	949
1846	124
1846	943
1846	1848
1848	1981
1848	63
63	939
63	861
861	937
861	62
939	121
121	943
951	75
75	72
872	1982
872	1983
872	66
66	1849
66	65
1849	1847
1847	1982
1847	69
78	952
78	77
952	130
952	950
950	127
950	125
136	139
81	80
80	134
1984	1987
1985	1987
1985	1004
1985	160
1985	157
1985	154
1985	1984
1984	151
1984	989
1984	1986
1986	1988
1986	897
1986	902
1986	1987
1987	87
1987	163
1987	1004
163	90
897	84
84	142
84	140
84	83
142	145
145	148
148	989
93	92
1989	1992
1989	1993
1990	1995
1991	1995
1991	1996
1992	1996
1992	1997
1992	1998
1993	1998
1994	2000
1995	2000
1995	2001
1996	2001
1996	2002
1997	2002
1999	2004
2000	2004
2000	2005
2001	2005
2001	2006
2002	2006
2002	181
2002	1020
2002	1997
1997	1018
1997	1998
1998	178
1998	1993
1993	175
1993	172
1993	1989
1989	169
1989	1990
1989	1991
1990	166
1990	1994
1994	161
1994	1999
1999	1006
1999	2003
2003	162
2003	95
2003	923
2003	2004
2004	2005
2005	96
2005	2006
2006	181
930	1022
930	2007
930	928
928	99
99	98
98	182
182	1022
105	104
104	2008
104	1023
1023	1021
1023	180
1021	1019
1019	184
1019	179
184	187
108	1028
108	107
107	188
2010	2011
2010	2012
2010	1038
2010	198
2010	193
2010	191
2010	2009
2009	110
2009	111
2009	114
2009	2011
2011	117
2011	938
2011	2012
2012	940
2012	201
2012	1038
201	120
2015	2016
2013	2016
2016	202
2016	122
2016	946
2016	2013
2013	1089
2013	1086
2013	2015
2015	213
2015	2014
2014	210
2014	207
2014	204
2014	202
213	1050
1050	1052
1052	1083
1052	216
216	231
216	219
219	228
219	222
222	225
1089	123
1089	126
1089	234
234	237
129	128
132	131
135	1121
135	131
131	1119
131	236
236	235
235	2017
235	230
230	246
230	243
230	240
230	229
246	249
249	1117
1117	1119
138	258
138	255
138	253
138	137
144	143
143	259
147	2019
147	2020
147	262
147	146
262	264
264	273
264	1131
1131	270
1131	267
273	2019
273	1136
1136	2018
1136	276
276	279
279	282
282	2019
150	992
992	149
2021	2024
2022	2024
2022	2025
2022	2026
2023	2028
2024	2028
2024	2029
2025	2029
2025	2030
2026	2030
2027	2032
2028	2032
2028	2033
2029	2033
2030	2033
2030	153
2030	1157
2030	2026
2026	291
2026	2022
2022	288
2022	2021
2021	1151
2021	285
2021	2023
2023	1147
2023	2027
2027	2031
2031	280
2031	281
2031	2032
2032	152
2032	2033
2033	153
291	294
2034	2038
2035	2038
2035	2039
2035	303
2035	300
2035	297
2035	2034
2034	2036
2034	2037
2037	167
2037	168
2037	2038
2038	312
2038	2039
2039	309
2039	306
2039	303
167	2040
167	156
156	1160
156	155
1160	2036
1160	295
295	297
159	158
171	170
318	321
2042	2043
2042	2044
2042	1213
2042	324
2042	2041
2041	310
2041	311
2041	173
2041	2043
2043	174
2043	336
2043	2044
2044	333
2044	330
2044	327
2044	1213
310	321
310	315
177	337
177	176
1029	348
1029	2045
1029	186
186	185
185	335
335	334
334	345
334	342
334	339
345	348
348	192
197	2046
197	194
194	1243
194	349
1243	1245
1245	2047
1245	1248
1245	351
1248	354
354	357
357	206
206	2046
206	205
200	1041
1041	199
209	208
1260	360
1260	2049
1260	212
212	211
211	2048
211	356
356	355
355	360
360	2049
1264	1261
1264	1053
1264	215
1053	1051
1051	214
1261	366
1261	364
218	217
217	1265
1265	370
381	1285
1285	2050
1285	220
1285	221
220	2051
220	373
373	375
375	1274
1274	1276
1276	2050
1276	378
224	223
223	1287
1287	242
1287	390
1287	387
1287	384
1287	382
227	226
233	2052
233	1091
1091	1088
1088	1085
1085	232
245	244
248	393
248	388
248	247
247	389
393	396
2053	2055
2055	1118
2055	1120
2055	1122
2055	2056
2055	405
2055	2053
2053	402
2053	400
2053	2054
2054	250
2054	1118
405	1312
1312	254
254	251
251	1122
257	2057
257	1314
257	256
1314	406
406	263
263	260
266	2058
266	1132
1132	404
1132	265
404	403
403	408
408	411
2060	2062
2059	2062
2062	412
2062	268
2062	269
2062	1330
2062	2060
2060	1328
2060	426
2060	423
2060	2059
2059	2061
2061	420
2061	417
2061	414
2061	412
426	429
1330	432
272	271
2064	2065
2064	1138
2064	275
2064	438
2064	1339
2064	2063
2063	435
2063	1329
2063	2065
2065	1331
2065	274
2065	1138
274	431
1329	430
1149	447
1149	444
1149	441
1149	439
1149	278
278	277
447	450
287	1152
1152	451
1152	286
474	477
2066	2070
2066	2071
2067	2071
2067	2072
2068	2072
2068	2073
2071	2074
2071	2075
2072	2075
2072	2076
2073	2076
2073	477
2073	2068
2068	471
2068	468
2068	465
2068	462
2068	2067
2067	2066
2066	459
2066	2069
2069	456
2069	454
2069	289
2069	2070
2070	2074
2074	290
2074	2075
2075	298
2075	2076
2076	299
2076	477
293	292
302	483
302	480
302	1399
302	301
301	1397
301	478
483	486
305	304
308	307
307	492
307	488
488	487
317	316
316	493
320	319
1437	1435
1437	2078
1437	323
323	2077
323	322
322	491
322	494
491	485
485	484
484	498
498	501
501	2078
501	504
504	1435
326	508
326	1216
1216	1438
1216	325
508	516
508	510
510	513
329	341
329	520
329	328
332	331
1447	1445
1447	518
1447	343
1447	344
518	517
2080	2082
2080	2083
2080	2084
2081	2084
2081	2085
2084	2086
2085	2086
2085	350
2085	525
2085	2081
2081	1450
2081	523
2081	2080
2080	1448
2080	2079
2079	346
2079	2082
2082	347
2082	1244
2082	2083
2083	2086
2086	1246
2086	350
2089	2090
2089	1460
2089	1458
2089	2088
2088	2087
2088	352
2088	1250
2088	2090
2090	353
2090	359
2090	1460
352	526
526	528
528	1456
1456	1458
2092	2093
2092	2094
2094	2095
2094	365
2094	540
2094	2092
2092	537
2092	534
2092	531
2092	2091
2091	1462
2091	1457
2091	1459
2091	2093
2093	1461
2093	2095
2095	361
2095	362
2095	365
1457	529
368	2096
368	367
367	541
541	543
543	374
374	371
377	1277
1277	2099
1277	2098
1277	1275
1275	1480
1275	1478
1275	544
1275	376
544	546
1480	1482
1482	2097
1482	1486
1482	555
1482	549
549	552
1486	558
558	2099
2099	2098
379	559
380	1504
380	2101
380	559
559	2100
559	561
561	564
564	1500
1500	2101
1500	1502
1502	1504
386	1505
386	385
1505	1518
1505	1503
1503	1516
1503	2103
1503	1501
1501	2102
1501	1508
1501	570
1501	565
565	567
1508	1510
1510	1512
1512	1514
1512	573
1514	2103
1514	1516
576	1521
2104	2106
2106	2107
2106	395
2106	582
2106	1521
2106	2104
2104	574
2104	1515
2104	2105
2105	1517
2105	1519
2105	2107
2107	394
2107	395
1521	579
398	397
397	407
397	583
410	581
410	409
581	580
580	585
416	415
415	586
419	418
418	589
1552	2108
1552	1554
1554	422
422	421
421	1546
421	592
1546	594
594	597
603	1556
425	1555
425	424
1555	2110
1555	1553
1553	2109
1553	600
1553	598
600	1556
1556	606
606	1558
1558	2110
1558	609
428	2112
428	427
427	610
610	2111
610	1560
1560	1562
1560	612
1562	1564
1564	1566
1564	615
1566	2112
1566	434
437	2114
437	1341
1341	2113
1341	436
436	1567
1567	616
616	618
618	2114
618	440
443	442
2115	2119
2116	2119
2116	2120
2118	2124
2118	2125
2119	2125
2119	2126
2120	2126
2120	2127
2121	2127
2121	2128
2122	2128
2117	2124
2124	2129
2124	2130
2125	2130
2125	2131
2126	2131
2126	2132
2127	2132
2127	2133
2128	2133
2132	2134
2132	2135
2133	2135
2133	2136
2133	1838
2133	1836
2133	2128
2128	2122
2122	1834
2122	1584
2122	1582
2122	2121
2121	1580
2121	2116
2121	2120
2116	1578
2116	2115
2115	1576
2115	2117
2115	2118
2117	630
2117	624
2117	621
2117	2123
2123	613
2123	2129
2129	1563
2129	2130
2130	1565
2130	2131
2131	2134
2134	614
2134	2135
2135	617
2135	2136
2136	1838
1838	445
1838	446
624	627
1584	1586
1586	457
1586	458
449	2138
449	2137
449	1839
449	448
1839	1837
1837	2138
1837	1835
1835	455
455	452
2139	2141
2139	2142
2139	2143
2139	2144
2139	2145
2139	2140
2142	2147
2143	2147
2143	2148
2144	2148
2144	1596
2144	639
2144	2145
2145	636
2145	633
2145	2140
2140	631
2140	1577
2140	1579
2140	2141
2141	1581
2141	2142
2142	1583
2142	2146
2146	1585
2146	1587
2146	2147
2147	460
2147	461
2147	2148
2148	1598
2148	1596
464	1601
464	1599
464	463
1599	1597
1597	640
467	466
645	648
470	469
2151	2153
2150	2153
2153	2155
2152	2154
2152	2155
2155	2157
2155	605
2155	622
2155	2153
2153	623
2153	2151
2151	637
2151	2149
2151	1617
2151	2150
2150	1615
2150	2152
2152	1613
2152	2156
2156	651
2156	648
2156	2157
2156	2154
2157	604
2157	1557
2157	605
1617	1619
1619	1621
1621	637
1621	638
1621	1623
1623	1603
1623	1625
1625	641
1625	469
1625	654
654	657
658	473
656	655
2158	2160
2158	669
2158	666
2158	660
2158	655
2158	2159
2159	475
2159	476
2159	1398
2159	2160
2160	1400
2160	672
2160	669
672	479
660	663
482	481
481	673
1655	2161
1655	1657
1657	2162
1657	500
500	499
499	671
671	2161
671	670
670	675
2164	2165
2164	1669
2164	1667
2164	1665
2164	2163
2163	1663
2163	1656
2163	1658
2163	2165
2165	502
2165	687
2165	1671
2165	1669
687	503
1656	1661
1656	676
676	678
1665	684
1665	681
693	1679
506	1679
506	1675
506	1673
506	1436
1436	688
1436	505
1675	690
699	702
512	511
511	1680
1680	696
1680	694
1446	1685
1446	703
1446	514
1446	515
1685	1452
1685	1687
1687	2166
1687	705
705	1463
705	1690
1690	530
1463	527
527	524
524	1452
697	1696
533	2167
533	532
532	1702
532	1700
532	1692
1692	1698
1692	706
706	1696
706	698
1702	1704
1704	1713
1704	1706
1706	711
1706	708
1713	714
536	535
539	2168
539	1715
539	538
538	713
1715	712
712	545
545	542
548	2169
548	1483
1483	1481
1481	2170
1481	1479
1479	547
547	710
710	709
709	2169
709	717
550	718
551	2171
551	718
718	720
720	723
723	729
723	726
729	732
554	735
554	733
554	553
557	1487
1487	739
1487	556
563	562
566	2172
566	562
562	737
737	744
737	736
736	741
744	747
1755	1753
1755	569
569	748
569	568
756	759
572	1513
1759	2173
1759	1513
1759	575
1513	1511
1511	2175
1511	2174
1511	1509
1509	1756
1509	571
1756	751
751	2175
751	753
753	2173
753	759
578	1523
1523	587
1523	590
1523	577
577	1548
577	1760
1760	593
1760	760
599	596
596	2176
596	758
596	595
758	2177
758	757
757	1761
1761	2176
1761	647
647	646
601	644
1561	1559
1561	608
1559	607
607	620
626	625
625	635
629	628
754	1763
1767	1765
1767	650
650	1763
650	649
649	1762
1762	755
2178	2181
2178	2182
2178	2179
2180	2184
2181	2184
2179	2185
2179	1616
2179	1618
2179	1620
2179	2178
2178	1622
2178	2180
2180	2183
2183	1624
2183	1626
2183	2186
2183	2184
2184	768
2184	1772
2184	2181
2181	2182
2182	765
2182	2185
2185	763
2185	2187
2185	1616
1616	1614
1614	1768
1614	652
1768	763
768	771
771	659
659	653
653	1626
662	661
665	770
665	664
770	769
668	667
667	775
775	677
775	2188
775	1784
1784	2189
1784	1788
1788	2190
1788	777
777	728
728	727
727	780
780	783
783	2189
783	2188
783	677
2191	2193
2191	2194
2191	2195
2191	2196
2191	2197
2191	2192
2192	784
2192	679
2192	2193
2193	1662
2193	2194
2194	1664
2194	2195
2195	1666
2195	680
2195	2196
2196	1814
2196	1811
2196	2197
2197	786
2197	784
1832	1830
1832	2200
1832	683
683	682
682	1816
1816	2198
1816	2199
1816	1813
1813	2201
1813	787
787	2202
787	789
789	722
722	1818
722	721
1818	1820
1820	2201
1820	1822
1822	2199
1822	1824
1824	2198
1824	1826
1826	2200
1826	1828
1828	1830
1676	793
1676	2203
1676	1674
1674	1672
1674	686
1672	1670
1670	1668
1668	1833
1668	685
1833	793
691	791
2204	2208
2205	2208
2205	2209
2205	2210
2206	2214
2207	2214
2207	2215
2208	2215
2208	2216
2208	2217
2209	2217
2209	2218
2210	2218
2210	2219
2211	2219
2211	2220
2213	2222
2213	2223
2213	2224
2214	2224
2214	2225
2215	2225
2215	2226
2216	2226
2216	2227
2217	2227
2217	2228
2218	2228
2218	2229
2219	2229
2219	2230
2220	2230
2220	2231
2221	2231
2227	2232
2227	2233
2228	2233
2228	2234
2229	2234
2229	2235
2230	2235
2230	2236
2231	2236
2231	716
2231	2221
2221	719
2221	1819
2221	2220
2220	2211
2211	1821
2211	1823
2211	2210
2210	2205
2205	1825
2205	2204
2204	1827
2204	2207
2207	2206
2206	1829
2206	1831
2206	2213
2213	2212
2212	791
2212	692
2212	2222
2222	695
2222	2223
2223	1697
2223	2224
2224	1699
2224	2225
2225	1701
2225	2232
2225	2226
2232	1703
2232	2233
2233	1705
2233	2234
2234	2235
2235	1707
2235	2236
2236	707
2236	716
1688	2237
1688	1686
1686	700
1686	701
700	704
725	724
724	790
731	740
731	778
731	730
2238	2241
2238	2242
2238	2239
2242	2243
2242	2244
2242	2245
2239	2245
2243	2247
2244	2247
2244	2248
2245	2248
2245	1800
2245	1798
2245	2239
2239	766
2239	1774
2239	2238
2238	2240
2240	767
2240	773
2240	1787
2240	2241
2241	1791
2241	2243
2243	2246
2246	776
2246	742
2246	2247
2247	743
2247	1802
2247	2248
2248	1800
2249	2252
2249	1764
2249	1766
2249	1799
2249	1801
2249	2251
2251	2250
2251	1754
2251	749
2251	2252
2252	752
2252	1764
1754	746
746	1803
746	745
1803	1801
1799	761
1799	764
782	788
782	781
1861	2253
1861	1859
1859	1857
1857	1855
1855	1853
1853	795
797	0
797	796
798	796
798	1
4	797
4	798
800	798
800	799
7	4
7	5
10	7
10	8
13	10
13	11
16	13
16	801
802	801
802	14
19	16
19	17
22	19
22	20
0	22
0	23
803	23
803	21
25	803
25	804
28	25
28	26
31	28
31	29
805	31
805	32
807	805
807	806
809	807
809	808
811	809
811	810
34	811
34	812
813	34
813	35
815	813
815	814
817	815
817	816
819	817
819	818
2	819
2	820
821	35
821	33
37	821
37	822
823	37
823	38
825	823
825	824
827	825
827	826
829	827
829	828
3	829
3	830
831	38
831	36
833	831
833	832
835	833
835	834
837	835
837	836
40	837
40	838
43	40
43	41
46	43
46	44
839	46
839	47
6	839
6	840
841	47
841	45
9	841
9	842
49	44
49	42
843	49
843	50
52	843
52	844
55	52
55	845
846	845
846	53
847	55
847	56
849	847
849	848
12	849
12	850
852	56
852	851
853	851
853	54
58	852
58	853
855	853
855	854
61	58
61	856
857	856
857	59
859	61
859	858
860	858
860	62
64	859
64	860
862	860
862	861
67	64
67	863
864	863
864	65
865	67
865	68
867	865
867	866
15	867
15	868
870	68
870	869
871	869
871	66
70	870
70	871
873	871
873	872
73	70
73	874
875	874
875	71
27	73
27	74
76	74
76	876
877	876
877	72
79	76
79	878
879	878
879	77
82	79
82	880
881	880
881	80
85	82
85	882
884	882
884	883
885	883
885	83
886	85
886	86
888	886
888	887
30	888
30	889
893	86
893	890
894	890
894	891
895	891
895	892
896	892
896	84
898	893
898	894
899	894
899	895
900	895
900	896
901	896
901	897
88	898
88	899
903	899
903	900
904	900
904	901
905	901
905	902
906	88
906	89
908	906
908	907
910	908
910	909
912	910
912	911
39	912
39	913
91	89
91	914
916	914
916	915
917	915
917	87
94	91
94	918
919	918
919	92
921	94
921	920
922	920
922	95
97	921
97	922
924	922
924	923
100	97
100	925
926	925
926	98
48	100
48	101
927	101
927	99
929	927
929	928
103	929
103	930
106	103
106	104
109	106
109	931
932	931
932	107
112	109
112	110
933	112
933	113
51	933
51	934
115	113
115	935
936	935
936	111
57	115
57	116
118	116
118	114
60	118
60	119
937	119
937	117
939	937
939	938
121	939
121	940
943	121
943	941
944	941
944	942
945	942
945	122
124	943
124	944
947	944
947	945
948	945
948	946
949	124
949	125
951	949
951	950
75	951
75	952
127	125
127	953
955	953
955	954
956	954
956	123
130	127
130	128
133	130
133	957
960	957
960	958
961	958
961	959
962	959
962	131
78	133
78	134
136	134
136	963
966	963
966	964
967	964
967	965
968	965
968	132
139	136
139	969
971	969
971	970
972	970
972	137
81	139
81	973
975	973
975	974
976	974
976	140
142	140
142	977
978	977
978	138
145	142
145	979
981	979
981	980
982	980
982	143
148	145
148	983
985	983
985	984
986	984
986	146
989	148
989	987
990	987
990	988
991	988
991	149
151	989
151	990
993	990
993	991
994	991
994	992
154	151
154	995
998	995
998	996
999	996
999	997
1000	997
1000	152
157	154
157	1001
1002	1001
1002	155
160	157
160	158
1004	160
1004	1003
1005	1003
1005	161
163	1004
163	1005
1007	1005
1007	1006
90	163
90	1008
1009	1008
1009	164
93	164
93	162
166	161
166	1010
1011	1010
1011	159
169	166
169	1012
1014	1012
1014	1013
1015	1013
1015	167
172	169
172	170
175	172
175	1016
1017	1016
1017	173
178	175
178	176
1018	178
1018	179
1020	1018
1020	1019
181	1020
181	1021
96	181
96	182
1022	182
1022	180
102	1022
102	1023
184	179
184	177
187	184
187	1024
1025	1024
1025	185
105	187
105	1026
1027	1026
1027	188
1028	188
1028	186
190	1028
190	1029
108	190
108	191
193	191
193	1030
1031	1030
1031	189
1032	194
1032	197
1032	1033
198	193
198	1034
1035	1034
1038	198
1038	1036
1039	1036
1039	1037
1040	1037
1040	199
201	1038
201	1039
1042	1039
1042	1040
1043	1040
1043	1041
120	201
120	1044
1046	1044
1046	1045
1047	1045
1047	202
204	202
204	200
207	204
207	1048
1049	1048
1049	205
210	207
210	208
213	210
213	211
1050	213
1050	214
1052	1050
1052	1051
216	1052
216	1053
219	216
219	217
222	219
222	1054
1058	1054
1058	1055
1059	1055
1059	1056
1060	1056
1060	1057
1061	1057
1061	220
225	222
225	1062
1066	1062
1066	1063
1067	1063
1067	1064
1068	1064
1068	1065
1069	1065
1069	223
228	225
228	1070
1073	1070
1073	1071
1074	1071
1074	1072
1075	1072
1075	226
231	228
231	1076
1079	1076
1079	1077
1080	1077
1080	1078
1081	1078
1081	229
1083	231
1083	1082
1084	1082
1084	232
1086	1083
1086	1084
1087	1084
1087	1085
1089	1086
1089	1087
1090	1087
1090	1088
234	1089
234	1090
1092	1090
1092	1091
237	234
237	1093
1096	1093
1096	1094
1097	1094
1097	1095
1098	1095
1098	235
126	237
126	1099
1100	1099
1100	238
129	238
129	1101
1103	1101
1103	1102
1104	1102
1104	236
230	235
230	1105
1108	1105
1108	1106
1109	1106
1109	1107
1110	1107
1110	233
240	229
240	227
243	240
243	1111
1113	1111
1113	1112
1114	1112
1114	241
246	243
246	244
249	246
249	1115
1116	1115
1116	247
1117	249
1117	250
1119	1117
1119	1118
1121	1119
1121	1120
252	1121
252	1122
135	252
135	1123
1124	1123
1124	253
255	253
255	1125
1126	1125
1126	251
258	255
258	1127
1128	1127
1128	256
141	258
141	1129
1130	1129
1130	259
261	259
261	257
144	261
144	262
264	262
264	260
1131	264
1131	265
267	1131
267	1132
270	267
270	1133
1134	1133
1134	268
273	270
273	271
1136	273
1136	1135
1137	1135
1137	274
276	1136
276	1137
1139	1137
1139	1138
279	276
279	1140
1141	1140
1141	277
282	279
282	1142
1143	1142
1143	280
147	282
147	283
150	283
150	1144
1145	1144
1145	281
1147	280
1147	1146
1148	1146
1148	278
285	1147
285	1148
1150	1148
1150	1149
1151	285
1151	286
288	1151
288	1152
291	288
291	1153
1154	1153
1154	289
294	291
294	292
1157	294
1157	1155
1158	1155
1158	1156
1159	1156
1159	295
153	1157
153	1158
1161	1158
1161	1159
1162	1159
1162	1160
297	295
297	1163
1165	1163
1165	1164
1166	1164
1166	293
300	297
300	1167
1170	1167
1170	1168
1171	1168
1171	1169
1172	1169
1172	298
303	300
303	1173
1176	1173
1176	1174
1177	1174
1177	1175
1178	1175
1178	301
306	303
306	1179
1180	1179
1180	304
309	306
309	1181
1182	1181
1182	307
312	309
312	1183
1186	1183
1186	1184
1187	1184
1187	1185
1188	1185
1188	310
168	312
168	1189
1190	1189
1190	313
171	313
171	1191
1192	1191
1192	311
315	310
315	1193
1195	1193
1195	1194
1196	1194
1196	308
318	315
318	1197
1199	1197
1199	1198
1200	1198
1200	316
321	318
321	1201
1203	1201
1203	1202
1204	1202
1204	319
324	321
324	1205
1208	1205
1208	1206
1209	1206
1209	1207
1210	1207
1210	322
1213	324
1213	1211
1214	1211
1214	1212
1215	1212
1215	325
327	1213
327	1214
1217	1214
1217	1215
1218	1215
1218	1216
330	327
330	1219
1221	1219
1221	1220
1222	1220
1222	328
333	330
333	331
336	333
336	1223
1224	1223
1224	334
174	336
174	1225
1226	1225
1226	337
183	337
183	1227
1228	1227
1228	335
339	334
339	332
342	339
342	1229
1230	1229
1230	340
345	342
345	1231
1233	1231
1233	1232
1234	1232
1234	343
348	345
348	1235
1237	1235
1237	1236
1238	1236
1238	346
192	348
192	1239
1241	1239
1241	1240
1242	1240
1242	349
1243	349
1243	347
1245	1243
1245	1244
351	1245
351	1246
1248	351
1248	1247
1249	1247
1249	352
354	1248
354	1249
1251	1249
1251	1250
357	354
357	1252
1253	1252
1253	355
206	357
206	1254
1255	1254
1255	358
209	358
209	356
360	355
360	1256
1257	1256
1257	353
363	360
363	1258
1259	1258
1259	361
1260	363
1260	364
212	1260
212	1261
366	364
366	1262
1263	1262
1263	362
369	366
369	367
1264	369
1264	370
215	1264
215	1265
372	370
372	368
218	372
218	1266
1268	1266
1268	1267
1269	1267
1269	373
375	373
375	1270
1272	1270
1272	1271
1273	1271
1273	371
1274	375
1274	376
1276	1274
1276	1275
378	1276
378	1277
381	378
381	1278
1281	1278
1281	1279
1282	1279
1282	1280
1283	1280
1283	379
1285	381
1285	1284
1286	1284
1286	382
221	1285
221	1286
1288	1286
1288	1287
384	382
384	1289
1291	1289
1291	1290
1292	1290
1292	380
387	384
387	1293
1295	1293
1295	1294
1296	1294
1296	385
390	387
390	1297
1298	1297
1298	388
242	390
242	1299
1300	1299
1300	391
245	391
245	389
393	388
393	1301
1302	1301
1302	386
396	393
396	1303
1304	1303
1304	394
399	396
399	397
248	399
248	1305
1306	1305
1306	400
402	400
402	1307
1308	1307
1308	398
405	402
405	1309
1310	1309
1310	403
1312	405
1312	1311
1313	1311
1313	406
254	1312
254	1313
1315	1313
1315	1314
263	406
263	404
408	403
408	401
411	408
411	409
266	411
266	1316
1318	1316
1318	1317
1319	1317
1319	412
414	412
414	1320
1322	1320
1322	1321
1323	1321
1323	410
417	414
417	415
420	417
420	418
423	420
423	1324
1325	1324
1325	421
426	423
426	424
429	426
429	1326
1327	1326
1327	427
1328	429
1328	430
1330	1328
1330	1329
432	1330
432	1331
269	432
269	1332
1333	1332
1333	433
272	433
272	1334
1335	1334
1335	431
435	430
435	1336
1337	1336
1337	428
1339	435
1339	1338
1340	1338
1340	436
438	1339
438	1340
1342	1340
1342	1341
275	438
275	1343
1344	1343
1344	439
441	439
441	1345
1346	1345
1346	437
444	441
444	1347
1348	1347
1348	442
447	444
447	1349
1350	1349
1350	445
450	447
450	1351
1352	1351
1352	448
284	450
284	451
453	451
453	1353
1355	1353
1355	1354
1356	1354
1356	449
287	453
287	454
456	454
456	1357
1359	1357
1359	1358
1360	1358
1360	452
459	456
459	1361
1363	1361
1363	1362
1364	1362
1364	457
462	459
462	1365
1368	1365
1368	1366
1369	1366
1369	1367
1370	1367
1370	460
465	462
465	1371
1373	1371
1373	1372
1374	1372
1374	463
468	465
468	1375
1376	1375
1376	466
471	468
471	1377
1380	1377
1380	1378
1381	1378
1381	1379
1382	1379
1382	469
474	471
474	1383
1385	1383
1385	1384
1386	1384
1386	472
477	474
477	1387
1390	1387
1390	1388
1391	1388
1391	1389
1392	1389
1392	475
299	477
299	1393
1395	1393
1395	1394
1396	1394
1396	478
1397	478
1397	476
1399	1397
1399	1398
480	1399
480	1400
483	480
483	481
486	483
486	1401
1404	1401
1404	1402
1405	1402
1405	1403
1406	1403
1406	484
489	486
489	1407
1408	1407
1408	487
302	489
302	1409
1410	1409
1410	490
305	490
305	488
492	487
492	1411
1415	1411
1415	1412
1416	1412
1416	1413
1417	1413
1417	1414
1418	1414
1418	485
314	492
314	493
495	493
495	1419
1422	1419
1422	1420
1423	1420
1423	1421
1424	1421
1424	491
317	495
317	1425
1427	1425
1427	1426
1428	1426
1428	496
320	496
320	494
498	484
498	1429
1430	1429
1430	482
501	498
501	1431
1432	1431
1432	499
504	501
504	1433
1434	1433
1434	502
1435	504
1435	505
507	1435
507	1436
1437	507
1437	508
323	1437
323	1438
510	508
510	506
513	510
513	511
516	513
516	1439
1440	1439
1440	514
519	516
519	1441
1442	1441
1442	517
326	519
326	1443
1444	1443
1444	520
341	520
341	518
1445	517
1445	515
522	1445
522	1446
1447	522
1447	523
344	1447
344	1448
1450	523
1450	1449
1451	1449
1451	521
525	1450
525	1451
1453	1451
1453	1452
350	525
350	1454
1455	1454
1455	526
528	526
528	524
1456	528
1456	529
1458	1456
1458	1457
1460	1458
1460	1459
359	1460
359	1461
1462	529
1462	527
531	1462
531	1463
534	531
534	1464
1466	1464
1466	1465
1467	1465
1467	532
537	534
537	535
540	537
540	1468
1469	1468
1469	538
365	540
365	541
543	541
543	539
374	543
374	1470
1472	1470
1472	1471
1473	1471
1473	544
546	544
546	1474
1476	1474
1476	1475
1477	1475
1477	542
1478	546
1478	547
1480	1478
1480	1479
1482	1480
1482	1481
549	1482
549	1483
552	549
552	1484
1485	1484
1485	550
555	552
555	553
1486	555
1486	556
558	1486
558	1487
377	558
377	1488
1491	1488
1491	1489
1492	1489
1492	1490
1493	1490
1493	559
561	559
561	1494
1496	1494
1496	1495
1497	1495
1497	557
564	561
564	1498
1499	1498
1499	562
1500	564
1500	565
1502	1500
1502	1501
1504	1502
1504	1503
383	1504
383	1505
567	565
567	1506
1507	1506
1507	563
570	567
570	568
1508	570
1508	571
1510	1508
1510	1509
1512	1510
1512	1511
573	1512
573	1513
1514	573
1514	574
1516	1514
1516	1515
1518	1516
1518	1517
392	1518
392	1519
576	574
576	572
1521	576
1521	1520
1522	1520
1522	577
579	1521
579	1522
1524	1522
1524	1523
582	579
582	1525
1527	1525
1527	1526
1528	1526
1528	580
395	582
395	1529
1531	1529
1531	1530
1532	1530
1532	583
407	583
407	581
585	580
585	1533
1535	1533
1535	1534
1536	1534
1536	578
413	585
413	1537
1539	1537
1539	1538
1540	1538
1540	586
588	586
588	1541
1542	1541
1542	584
416	588
416	589
591	589
591	1543
1544	1543
1544	587
419	591
419	592
1546	592
1546	1545
1547	1545
1547	590
594	1546
594	1547
1549	1547
1549	1548
597	594
597	1550
1551	1550
1551	595
1552	597
1552	598
1554	1552
1554	1553
422	1554
422	1555
600	598
600	596
603	600
603	601
1556	603
1556	604
606	1556
606	1557
1558	606
1558	607
609	1558
609	1559
425	609
425	610
1560	610
1560	608
612	1560
612	1561
1562	612
1562	613
1564	1562
1564	1563
615	1564
615	1565
1566	615
1566	616
434	1566
434	1567
618	616
618	614
440	618
440	619
443	619
443	617
621	613
621	1568
1569	1568
1569	611
624	621
624	1570
1572	1570
1572	1571
1573	1571
1573	622
627	624
627	1574
1575	1574
1575	625
630	627
630	628
1576	630
1576	631
1578	1576
1578	1577
1580	1578
1580	1579
1582	1580
1582	1581
1584	1582
1584	1583
1586	1584
1586	1585
458	1586
458	1587
633	631
633	629
636	633
636	1588
1590	1588
1590	1589
1591	1589
1591	634
639	636
639	1592
1594	1592
1594	1593
1595	1593
1595	637
1596	639
1596	640
1598	1596
1598	1597
461	1598
461	1599
1601	640
1601	1600
1602	1600
1602	638
642	1601
642	1602
1604	1602
1604	1603
464	642
464	1605
1606	1605
1606	643
467	643
467	1607
1608	1607
1608	641
623	637
623	635
626	634
626	1609
1610	1609
1610	632
605	622
605	1611
1612	1611
1612	620
645	604
645	602
648	645
648	646
651	648
651	649
1613	651
1613	652
1615	1613
1615	1614
1617	1615
1617	1616
1619	1617
1619	1618
1621	1619
1621	1620
1623	1621
1623	1622
1625	1623
1625	1624
654	1625
654	1626
657	654
657	1627
1629	1627
1629	1628
1630	1628
1630	655
470	657
470	1631
1633	1631
1633	1632
1634	1632
1634	658
473	658
473	656
660	655
660	1635
1637	1635
1637	1636
1638	1636
1638	653
663	660
663	1639
1640	1639
1640	661
666	663
666	1641
1642	1641
1642	664
669	666
669	1643
1644	1643
1644	667
672	669
672	1645
1647	1645
1647	1646
1648	1646
1648	670
479	672
479	673
497	673
497	1649
1651	1649
1651	1650
1652	1650
1652	671
675	670
675	1653
1654	1653
1654	668
1655	675
1655	676
1657	1655
1657	1656
500	1657
500	1658
678	676
678	1659
1660	1659
1660	674
1661	678
1661	679
1663	1661
1663	1662
1665	1663
1665	1664
681	1665
681	1666
684	681
684	682
1667	684
1667	685
1669	1667
1669	1668
1671	1669
1671	1670
687	1671
687	1672
503	687
503	688
1673	688
1673	686
1675	1673
1675	1674
690	1675
690	1676
693	690
693	1677
1678	1677
1678	691
1679	693
1679	694
509	1679
509	1680
696	694
696	692
699	696
699	697
702	699
702	1681
1682	1681
1682	700
512	702
512	1683
1684	1683
1684	703
1685	703
1685	701
1687	1685
1687	1686
705	1687
705	1688
1690	705
1690	1689
1691	1689
1691	706
530	1690
530	1691
1693	1691
1693	1692
698	706
698	1694
1695	1694
1695	704
1696	697
1696	695
1698	1696
1698	1697
1700	1698
1700	1699
1702	1700
1702	1701
1704	1702
1704	1703
1706	1704
1706	1705
708	1706
708	1707
711	708
711	1708
1710	1708
1710	1709
1711	1709
1711	709
1713	711
1713	1712
1714	1712
1714	712
714	1713
714	1714
1716	1714
1716	1715
533	714
533	1717
1718	1717
1718	715
536	715
536	713
545	712
545	1719
1721	1719
1721	1720
1722	1720
1722	710
717	709
717	1723
1725	1723
1725	1724
1726	1724
1726	707
548	717
548	1727
1728	1727
1728	718
720	718
720	1729
1731	1729
1731	1730
1732	1730
1732	716
723	720
723	1733
1735	1733
1735	1734
1736	1734
1736	721
726	723
726	1737
1738	1737
1738	724
729	726
729	1739
1740	1739
1740	727
732	729
732	730
551	732
551	733
735	733
735	731
738	735
738	1741
1743	1741
1743	1742
1744	1742
1744	736
554	738
554	739
560	739
560	1745
1747	1745
1747	1746
1748	1746
1748	737
741	736
741	1749
1750	1749
1750	734
744	741
744	1751
1752	1751
1752	742
747	744
747	745
566	747
566	748
1753	748
1753	746
750	1753
750	1754
1755	750
1755	751
569	1755
569	1756
753	751
753	749
756	753
756	1757
1758	1757
1758	754
759	756
759	757
1759	759
1759	760
575	1759
575	1760
593	760
593	758
1761	757
1761	755
647	1761
647	1762
1763	754
1763	752
1765	1763
1765	1764
762	1765
762	1766
1767	762
1767	763
650	1767
650	1768
765	763
765	1769
1770	1769
1770	761
1772	765
1772	1771
1773	1771
1773	766
768	1772
768	1773
1775	1773
1775	1774
771	768
771	1776
1777	1776
1777	769
659	771
659	772
662	772
662	770
774	769
774	767
665	774
665	1778
1780	1778
1780	1779
1781	1779
1781	775
1784	775
1784	1782
1785	1782
1785	1783
1786	1783
1786	773
1788	1784
1788	1785
1789	1785
1789	1786
1790	1786
1790	1787
777	1788
777	1789
1792	1789
1792	1790
1793	1790
1793	1791
728	777
728	778
740	778
740	1794
1796	1794
1796	1795
1797	1795
1797	776
1798	766
1798	764
1800	1798
1800	1799
1802	1800
1802	1801
743	1802
743	1803
780	727
780	1804
1805	1804
1805	725
783	780
783	1806
1807	1806
1807	781
677	783
677	1808
1809	1808
1809	784
786	784
786	782
1811	786
1811	1810
1812	1810
1812	787
1814	1811
1814	1812
1815	1812
1815	1813
680	1814
680	1815
1817	1815
1817	1816
789	787
789	785
722	789
722	790
779	790
779	788
1818	721
1818	719
1820	1818
1820	1819
1822	1820
1822	1821
1824	1822
1824	1823
1826	1824
1826	1825
1828	1826
1828	1827
1830	1828
1830	1829
792	1830
792	1831
1832	792
1832	793
683	1832
683	1833
689	793
689	791
599	646
599	644
1834	457
1834	455
1836	1834
1836	1835
1838	1836
1838	1837
446	1838
446	1839
329	340
329	1840
1841	1840
1841	338
290	298
290	296
224	241
224	1842
1843	1842
1843	239
197	205
197	1844
1845	1844
1845	203
156	167
156	165
1846	71
1846	69
1848	1846
1848	1847
63	1848
63	1849
1850	26
1850	24
18	1850
18	1851
1852	794
1852	795
1854	1852
1854	1853
1856	1854
1856	1855
1858	1856
1858	1857
1860	1858
1860	1859
794	1860
794	1861
0	2
796	2
3	5
800	5
6	8
9	11
12	14
12	801
15	17
802	17
18	20
21	23
24	26
27	29
30	32
33	35
36	38
39	41
42	44
45	47
48	50
51	53
51	845
54	851
846	851
55	851
57	59
855	59
855	856
60	62
60	858
857	858
63	65
63	863
862	863
66	869
864	869
864	68
69	71
873	71
873	874
72	876
875	876
73	876
75	77
75	878
877	878
78	80
879	80
879	880
81	975
881	975
1863	975
1863	976
883	976
1863	883
1863	882
881	882
84	892
885	892
885	891
884	891
884	890
85	890
87	915
905	915
904	915
904	914
903	914
903	89
90	1009
917	1009
917	92
916	92
916	918
93	95
93	920
919	920
96	98
924	98
924	925
99	101
926	101
102	104
105	1027
931	1027
105	931
108	110
932	110
111	935
112	935
114	116
936	116
117	119
120	1046
941	1046
942	1046
942	1047
120	941
123	954
948	954
948	953
947	953
947	125
126	1100
956	1100
955	1100
955	128
129	1103
957	1103
958	1103
958	1104
959	1104
129	957
132	965
962	965
961	965
961	964
960	964
960	963
133	963
135	1124
968	1124
1864	1124
1864	137
1864	970
1865	970
1865	969
966	969
1865	966
1865	967
1864	967
138	977
972	977
1866	977
974	977
1866	974
1866	973
971	973
1866	971
141	1130
980	1130
141	980
141	979
978	979
144	146
982	146
982	984
981	984
981	983
147	149
986	149
986	988
985	988
985	987
150	1145
1867	1145
997	1145
1867	997
1867	996
994	996
994	995
993	995
1867	994
153	1161
1000	1161
1000	1162
999	1162
1868	1162
1868	155
1868	1001
998	1001
1868	998
156	158
1002	158
159	1010
1003	1010
159	1003
162	164
1007	164
1007	1008
165	167
165	1013
165	1012
1011	1012
168	1190
1015	1190
1014	1190
1014	170
171	1192
1016	1192
171	1016
174	1226
1017	1226
1017	176
177	179
180	182
183	1228
1024	1228
183	1024
186	188
1025	188
1025	1026
189	1030
190	1030
192	1241
195	1241
1862	1241
196	1241
1032	1241
1032	1242
192	195
192	1034
1031	1034
197	1845
1033	1845
1869	1845
1869	199
1869	1037
1870	1037
1870	1036
1035	1036
1870	1035
1870	195
1869	195
1869	1862
1869	196
200	202
200	1045
1043	1045
1043	1044
1042	1044
203	1844
204	1844
1048	1844
206	1255
1049	1255
1049	208
209	211
212	214
215	217
218	1268
1055	1268
1056	1268
1056	1269
1057	1269
218	1055
218	1054
1871	1872
1873	1872
221	1288
1873	1288
1871	1288
1871	223
1871	1065
1872	1065
1872	1064
1874	1064
1874	1063
1875	1063
1875	1062
1058	1062
1875	1058
1875	1059
1874	1059
1874	1060
1873	1060
1873	1061
1876	1877
1878	1877
224	1843
1876	1843
1877	1843
1877	226
1877	1072
1879	1072
1879	1071
1879	1070
1066	1070
1879	1066
1879	1067
1878	1067
1878	1068
1876	1068
1876	1069
227	229
1075	229
1075	1078
1074	1078
1074	1077
1073	1077
1073	1076
230	1108
1081	1108
1080	1108
1080	1109
1079	1109
1079	1110
231	1110
1082	1110
233	1107
1092	1107
234	1107
1093	1107
1093	1106
1094	1106
1094	1105
1095	1105
236	1102
1098	1102
1880	1102
1880	1101
1881	1101
1881	238
1881	1099
1881	237
1881	1096
1880	1096
1880	1097
239	1842
1111	1842
1112	1842
239	1111
242	1300
1114	1300
1114	244
1113	244
245	247
245	1115
248	1306
1116	1306
249	1306
251	1125
252	1125
1123	1125
254	1315
1882	1315
1882	256
1882	1127
1126	1127
1882	1126
257	259
1128	259
1128	1129
260	262
263	265
266	1318
267	1318
1133	1318
1133	1319
269	1333
1134	1333
1134	271
272	1335
1135	1335
272	1135
275	1344
1139	1344
1140	1344
1139	1140
278	1146
1141	1146
1142	1146
1141	1142
281	1144
1143	1144
282	1144
284	286
1150	286
287	289
287	1153
290	292
1154	292
293	1164
1883	1164
1155	1164
1156	1164
1156	1163
1883	1155
1883	294
296	298
296	1169
1166	1169
1166	1168
1165	1168
1165	1167
1885	1884
1885	1886
299	1395
1172	1395
1885	1395
1884	1395
1884	1396
1884	301
1884	1175
1886	1175
1886	1174
1887	1174
1888	1174
1888	1173
1888	300
1888	1170
1887	1170
1887	1171
1885	1171
302	1410
1178	1410
1177	1410
1177	304
1176	304
1176	1179
305	307
305	1181
1180	1181
308	1194
1890	1194
1890	1193
1185	1193
1890	1185
1890	1184
1890	1183
1889	1183
1889	309
1889	1182
1889	308
311	1191
1188	1191
1187	1191
1187	313
1187	1189
1186	1189
314	316
1196	316
1196	1198
1195	1198
1195	1197
317	1427
1200	1427
1893	1427
1891	1427
1891	1428
1202	1428
1891	1202
1891	1201
1892	1201
1892	318
1892	1199
1893	1199
1892	1893
320	322
320	1207
1204	1207
1204	1206
1203	1206
1203	1205
323	325
1210	325
1210	1212
1209	1212
1209	1211
1208	1211
1895	1894
326	1444
1894	1444
1896	1444
1896	328
1896	1220
1895	1220
1895	1219
1217	1219
1895	1217
1895	1218
1894	1218
329	1841
1222	1841
1221	1841
1221	331
332	334
332	1223
335	1227
1224	1227
1225	1227
1224	1225
338	1840
1229	1840
338	1229
341	343
341	1232
1230	1232
1230	1231
344	346
344	1236
1234	1236
1234	1235
1233	1235
347	349
1238	349
1238	1240
1237	1240
1237	1239
350	1455
351	1455
1247	1455
353	1256
1897	1256
1252	1256
1897	1252
1897	354
1897	1251
356	358
1253	358
1253	1254
359	361
1257	361
1257	1258
362	1262
1259	1262
1259	364
365	367
1263	367
368	370
371	1271
1266	1271
1267	1271
1267	1270
371	1266
374	1472
1273	1472
1273	1473
1272	1473
1272	376
377	1491
1278	1491
1279	1491
1279	1492
1280	1492
1280	1493
377	1278
380	1290
1283	1290
1283	1289
1282	1289
1282	382
1281	382
1281	1284
383	385
383	1294
1292	1294
1292	1293
1291	1293
386	1301
1296	1301
1898	1301
1297	1301
1898	1297
1295	1297
1898	1295
389	391
1298	391
1298	1299
392	394
392	1303
1302	1303
395	1531
1304	1531
1304	1532
396	1532
398	1307
1305	1307
398	1305
401	403
401	1309
1308	1309
404	406
404	1311
1310	1311
407	409
410	1321
411	1321
1316	1321
1316	1320
1317	1320
413	1539
1323	1539
1323	1540
1322	1540
1322	415
416	418
419	421
419	1324
422	424
1325	424
425	427
425	1326
428	1336
1327	1336
1327	430
431	1334
1332	1334
431	1332
434	436
434	1338
1337	1338
437	1345
1342	1345
1343	1345
1342	1343
440	442
1346	442
1346	1347
443	445
443	1349
1348	1349
446	448
446	1351
1350	1351
449	1354
1352	1354
1352	1353
450	1353
452	1358
1356	1358
1355	1358
1355	1357
453	1357
455	457
1360	457
1360	1362
1359	1362
1359	1361
458	460
458	1367
1364	1367
1364	1366
1363	1366
1363	1365
461	463
1370	463
1370	1372
1369	1372
1369	1371
1368	1371
464	1606
1374	1606
1899	1606
1899	466
1899	1375
1373	1375
1899	1373
467	1608
1378	1608
1379	1608
467	1378
467	1377
1376	1377
1901	1900
1901	1902
470	1633
1382	1633
1900	1633
1900	1634
1902	1634
1904	1634
1904	472
1904	1384
1902	1384
1903	1384
1903	1383
1380	1383
1903	1380
1901	1380
1901	1381
1901	1382
473	475
473	1389
1386	1389
1386	1388
1385	1388
1385	1387
476	478
1392	478
1392	1394
1391	1394
1391	1393
1390	1393
479	481
482	1429
1402	1429
1403	1429
482	1402
482	1401
1906	1905
1907	1906
485	1414
1406	1414
1905	1414
1905	1413
1908	1413
1908	1412
1907	1412
1907	1411
1407	1411
1907	1407
1907	486
1906	486
1906	1404
1906	1405
1905	1405
488	490
488	1409
1408	1409
491	1421
1418	1421
1418	1420
1417	1420
1417	1419
1416	1419
1416	493
1415	493
494	496
1424	496
1424	1426
1423	1426
1423	1425
1422	1425
497	1651
1430	1651
1909	1651
1909	1652
1909	499
1909	1431
1430	1431
500	502
500	1433
1432	1433
503	505
1434	505
506	508
509	511
512	1684
1439	1684
512	1439
515	517
515	1441
1440	1441
518	520
1442	520
1442	1443
521	1449
522	1449
524	526
524	1454
1453	1454
527	529
530	1693
1464	1693
1465	1693
530	1464
533	1718
1467	1718
1467	535
1466	535
536	538
536	1468
539	541
1469	541
542	1475
543	1475
1470	1475
1470	1474
1471	1474
545	1721
1477	1721
1476	1721
1476	1722
546	1722
548	1728
549	1728
1484	1728
551	553
1485	553
554	556
557	1495
1488	1495
1489	1495
1489	1494
1490	1494
557	1488
560	1747
1497	1747
1910	1747
1910	1748
1498	1748
1910	1498
1496	1498
1910	1496
563	1506
1499	1506
1499	565
566	568
1507	568
569	571
572	574
575	577
575	1520
578	1534
1911	1534
1911	1533
1526	1533
1911	1526
1911	1525
1524	1525
1911	1524
581	583
1528	583
1528	1530
1527	1530
1527	1529
584	1541
1536	1541
1912	1541
1912	586
1912	1538
1912	1537
1535	1537
1912	1535
587	1543
1542	1543
1542	589
590	1545
1544	1545
591	1545
593	595
1549	595
1549	1550
596	598
1551	598
599	601
602	604
605	1612
606	1612
608	610
611	1568
612	1568
614	616
617	619
620	1611
1570	1611
1571	1611
620	1570
1569	1570
623	625
1573	625
1573	1574
1572	1574
626	1610
1575	1610
1575	628
629	631
632	1609
1588	1609
1589	1609
632	1588
635	637
635	1593
1591	1593
1591	1592
1590	1592
638	1600
1595	1600
1594	1600
1594	640
641	1607
1604	1607
1913	1607
1913	643
1913	1605
1913	642
644	646
647	649
650	652
653	1636
1627	1636
1628	1636
1628	1635
653	1627
656	658
1630	658
1630	1632
1629	1632
1629	1631
659	661
1638	661
1638	1639
1637	1639
662	664
1640	664
1640	1641
665	1780
1642	1780
1914	1780
1914	1781
1643	1781
1914	1643
1914	666
668	1653
1915	1653
1646	1653
1915	1646
1915	1645
1644	1645
1915	1644
671	1650
1648	1650
1648	1649
1647	1649
1647	673
674	1659
1654	1659
1654	676
677	1809
1660	1809
678	1809
680	1817
681	1817
683	685
686	688
689	691
689	1677
692	694
1678	694
695	697
698	1695
699	1695
1681	1695
701	703
1682	703
1682	1683
704	1694
705	1694
1689	1694
707	1724
708	1724
1708	1724
1708	1723
1709	1723
710	1720
1711	1720
1710	1720
1916	1720
1916	1719
1712	1719
1916	1712
1916	711
713	715
1716	715
1716	1717
716	1730
1726	1730
1917	1730
1917	1729
1727	1729
1917	1727
1725	1727
1917	1725
719	721
1732	721
1732	1734
1731	1734
1731	1733
722	724
1736	724
1736	1737
1735	1737
725	1804
1738	1804
1739	1804
1738	1739
728	730
1740	730
731	733
734	1749
1741	1749
1742	1749
734	1741
737	1746
1744	1746
1744	1745
1743	1745
1743	739
740	1796
1750	1796
1918	1796
1918	1797
1918	742
1918	1751
1918	741
743	745
1752	745
746	748
749	751
752	754
752	1757
755	757
1758	757
758	760
761	1769
762	1769
764	766
764	1771
1770	1771
767	769
1775	769
1775	1776
770	772
1777	772
773	1783
1778	1783
1779	1783
1779	1782
773	1778
776	1795
1793	1795
1793	1794
1792	1794
1792	778
779	781
1805	781
1805	1806
782	784
782	1808
1807	1808
785	787
785	1810
788	790
791	793
1920	1921
1921	1922
1922	1923
1923	1919
1920	1924
797	1924
797	1919
0	1919
22	1919
22	1923
19	1923
16	1923
16	1922
13	1922
13	1921
10	1921
7	1921
7	1920
4	1920
1928	1925
1925	1926
1929	1926
1931	1927
1927	1928
1932	1928
1928	1929
1933	1929
1929	1930
1934	1930
1931	1932
1936	1932
1932	1933
1933	1934
1937	1934
1934	1935
1936	1937
1937	1938
1939	1938
3	1938
829	1938
829	1935
827	1935
825	1935
825	1930
823	1930
823	1926
37	1926
821	1926
821	1925
35	1925
1927	1925
35	1927
814	1927
816	1927
816	1931
818	1931
820	1931
820	1936
1	1936
1	1939
799	1939
1940	1941
1943	1941
1941	1942
1944	1942
46	1942
40	1942
837	1942
835	1942
835	1941
835	1940
833	1940
824	1940
826	1940
826	1943
828	1943
828	1944
830	1944
839	1944
830	839
830	6
833	824
831	824
46	40
47	841
840	841
840	9
1947	1945
1945	1946
1948	1946
847	1946
52	1946
843	1946
843	1945
49	1945
44	1945
45	1945
45	1947
842	1947
842	1948
11	1948
849	1948
11	849
847	52
1952	1949
1949	1950
1950	1951
1953	1951
1956	1952
1952	1953
1953	1954
1957	1954
1954	1955
1958	1955
867	1955
865	1955
64	1955
859	1955
1951	1955
859	1951
61	1951
61	1950
58	1950
852	1950
852	1949
56	1949
848	1949
848	1952
850	1952
850	1956
14	1956
14	1957
15	1957
15	1958
865	64
26	1850
870	1850
1959	1850
1959	18
868	18
1959	868
1959	866
870	866
26	870
26	70
27	70
24	804
1851	804
20	804
34	813
811	813
809	813
809	815
807	815
1961	815
1961	817
1962	817
1962	819
23	819
1962	23
1962	803
1961	803
1961	25
1960	25
1960	28
1960	31
1960	805
1960	807
85	886
82	886
79	886
79	888
76	888
76	30
74	30
1966	1963
1964	1965
1970	1966
1966	1967
1971	1967
1974	1964
1968	1964
1968	1969
810	1969
812	1969
1852	1969
794	1969
794	1965
893	1965
893	1964
86	1964
887	1964
887	1974
889	1974
806	1974
808	1974
808	1968
889	806
794	893
1860	893
1860	898
1858	898
1858	88
1858	906
1963	906
1963	908
1967	908
1967	910
1972	910
1973	910
1973	912
1973	39
1973	838
1973	836
1972	836
1972	834
1971	834
1970	834
1970	832
1970	36
1854	36
1854	822
1852	822
1852	33
1970	1854
1970	1856
1966	1856
1963	1856
48	42
1976	42
1976	41
1976	913
1975	913
1975	911
1975	909
921	909
921	907
94	907
91	907
1975	921
1975	97
1975	100
1976	100
112	933
1978	933
1977	933
1980	933
1980	51
1980	844
1979	844
1979	50
1979	101
1979	927
1980	927
1980	929
1977	929
1977	103
1978	103
1978	106
1978	109
57	854
115	854
113	854
934	854
934	54
118	60
116	118
62	119
71	1846
951	1846
949	1846
124	1846
943	1846
943	1848
1981	1848
1981	63
939	63
939	861
937	861
1981	939
1981	121
71	951
71	75
69	872
1982	872
1983	872
1983	66
1849	66
1983	1849
1983	1847
1982	1847
133	78
952	78
133	952
130	952
130	950
127	950
134	136
139	81
139	80
1986	1984
1984	1985
1987	1985
1004	1985
160	1985
157	1985
154	1985
154	1984
151	1984
989	1984
989	1986
1988	1986
897	1986
902	1986
902	1987
87	1987
163	1987
87	163
1988	897
1988	84
142	84
140	84
1988	142
1988	145
1988	148
164	93
1991	1989
1992	1989
1994	1990
1990	1991
1995	1991
1991	1992
1996	1992
1997	1992
1992	1993
1999	1994
1994	1995
2000	1995
1995	1996
2001	1996
1996	1997
2003	1999
1999	2000
2004	2000
2000	2001
2005	2001
2001	2002
2006	2002
181	2002
1020	2002
1020	1997
1018	1997
1018	1998
178	1998
178	1993
175	1993
172	1993
172	1989
169	1989
1990	1989
169	1990
166	1990
166	1994
161	1994
161	1999
1006	1999
1006	2003
162	2003
95	2003
923	2003
923	2004
923	2005
96	2005
96	2006
102	930
1022	930
2007	930
2007	928
2007	99
2007	98
2007	182
187	105
187	104
2008	104
2008	1023
1021	1023
2008	1021
2008	1019
184	1019
2008	184
190	108
1028	108
1028	107
2009	2010
2011	2010
2012	2010
1038	2010
198	2010
193	2010
191	2010
191	2009
110	2009
111	2009
114	2009
114	2011
117	2011
938	2011
938	2012
940	2012
201	2012
940	201
2014	2015
2015	2013
2014	2016
202	2016
122	2016
946	2016
946	2013
1089	2013
1086	2013
1086	2015
213	2015
213	2014
210	2014
207	2014
204	2014
1086	213
1086	1050
1086	1052
1083	1052
1083	216
231	216
231	219
228	219
228	222
946	1089
123	1089
126	1089
126	234
238	129
135	132
252	135
1121	135
1121	131
1119	131
1119	236
1119	235
2017	235
2017	230
246	230
243	230
240	230
2017	246
2017	249
2017	1117
141	138
258	138
255	138
253	138
261	144
261	143
282	147
2019	147
2020	147
262	147
2020	262
2020	264
273	264
273	1131
270	1131
2020	273
2019	273
2019	1136
2018	1136
2018	276
2018	279
2018	282
283	150
283	992
2023	2021
2021	2022
2024	2022
2025	2022
2027	2023
2023	2024
2028	2024
2024	2025
2029	2025
2025	2026
2031	2027
2027	2028
2032	2028
2028	2029
2029	2030
2033	2030
153	2030
1157	2030
1157	2026
291	2026
291	2022
288	2022
288	2021
1151	2021
285	2021
285	2023
1147	2023
1147	2027
1147	2031
280	2031
281	2031
281	2032
152	2032
152	2033
1157	291
2037	2034
2034	2035
2038	2035
2039	2035
303	2035
300	2035
297	2035
297	2034
2036	2034
2036	2037
167	2037
168	2037
168	2038
312	2038
312	2039
309	2039
306	2039
2036	167
2040	167
2040	156
1160	156
2040	1160
2036	1160
2036	295
165	159
313	171
315	318
2041	2042
2043	2042
2044	2042
1213	2042
324	2042
324	2041
310	2041
311	2041
173	2041
173	2043
174	2043
336	2043
336	2044
333	2044
330	2044
327	2044
324	310
321	310
183	177
337	177
189	1029
348	1029
2045	1029
2045	186
2045	185
2045	335
2045	334
345	334
342	334
2045	345
189	348
205	197
2046	197
2046	194
1243	194
2046	1243
2046	1245
2047	1245
1248	1245
2047	1248
2047	354
2047	357
2047	206
2046	206
203	200
203	1041
358	209
363	1260
360	1260
2049	1260
2049	212
2049	211
2048	211
2048	356
2048	355
2048	360
369	1264
1261	1264
1053	1264
1261	1053
1261	1051
369	1261
366	1261
372	218
372	217
372	1265
378	381
378	1285
2050	1285
220	1285
2050	220
2051	220
2051	373
2051	375
2051	1274
2051	1276
2050	1276
241	224
241	223
241	1287
242	1287
390	1287
387	1287
384	1287
239	227
232	233
2052	233
2052	1091
2052	1088
2052	1085
391	245
399	248
393	248
388	248
388	247
399	393
2054	2053
2054	2055
1118	2055
1120	2055
1122	2055
2056	2055
405	2055
405	2053
402	2053
400	2053
400	2054
250	2054
2056	405
2056	1312
2056	254
2056	251
260	257
2057	257
1314	257
2057	1314
2057	406
2057	263
411	266
2058	266
2058	1132
404	1132
2058	404
2058	403
2058	408
2059	2060
2061	2059
2061	2062
412	2062
268	2062
269	2062
1330	2062
1330	2060
1328	2060
426	2060
423	2060
423	2059
423	2061
420	2061
417	2061
414	2061
1328	426
269	1330
433	272
2063	2064
2065	2064
1138	2064
275	2064
438	2064
1339	2064
1339	2063
435	2063
1329	2063
1329	2065
1331	2065
274	2065
1331	274
435	1329
284	1149
447	1149
444	1149
441	1149
439	1149
439	278
284	447
453	287
453	1152
451	1152
471	474
2069	2066
2070	2066
2066	2067
2071	2067
2067	2068
2072	2068
2070	2071
2074	2071
2071	2072
2075	2072
2072	2073
2076	2073
477	2073
477	2068
471	2068
468	2068
465	2068
462	2068
462	2067
462	2066
459	2066
459	2069
456	2069
454	2069
289	2069
289	2070
289	2074
290	2074
290	2075
298	2075
298	2076
299	2076
296	293
489	302
483	302
480	302
1399	302
1399	301
1397	301
489	483
490	305
314	308
314	307
492	307
492	488
495	317
495	316
496	320
507	1437
1435	1437
2078	1437
2078	323
2077	323
2077	322
491	322
2077	491
2077	485
2077	484
2077	498
2077	501
2078	501
2078	504
519	326
508	326
508	1216
1438	1216
519	508
516	508
516	510
340	329
341	329
520	329
338	332
522	1447
1445	1447
518	1447
343	1447
1445	518
2079	2080
2082	2080
2083	2080
2080	2081
2084	2081
2083	2084
2084	2085
2086	2085
350	2085
525	2085
525	2081
1450	2081
523	2081
523	2080
1448	2080
1448	2079
346	2079
346	2082
347	2082
1244	2082
1244	2083
1244	2086
1246	2086
2088	2089
2090	2089
1460	2089
1458	2089
1458	2088
2087	2088
352	2088
1250	2088
1250	2090
353	2090
359	2090
2087	352
2087	526
2087	528
2087	1456
2091	2092
2093	2092
2093	2094
2095	2094
365	2094
540	2094
540	2092
537	2092
534	2092
531	2092
531	2091
1462	2091
1457	2091
1459	2091
1459	2093
1461	2093
1461	2095
361	2095
362	2095
1462	1457
371	368
2096	368
2096	367
2096	541
2096	543
2096	374
558	377
558	1277
2099	1277
2098	1277
2098	1275
1480	1275
1478	1275
544	1275
1478	544
2098	1480
2098	1482
2097	1482
1486	1482
555	1482
555	549
2097	1486
2097	558
2097	2099
380	379
383	380
1504	380
2101	380
2101	559
2100	559
2100	561
2100	564
2100	1500
2101	1500
2101	1502
392	386
1505	386
392	1505
1518	1505
1518	1503
1516	1503
2103	1503
2103	1501
2102	1501
1508	1501
570	1501
570	565
2102	1508
2102	1510
2102	1512
1514	1512
2102	1514
2103	1514
574	576
2105	2104
2105	2106
2107	2106
395	2106
582	2106
1521	2106
1521	2104
574	2104
1515	2104
1515	2105
1517	2105
1519	2105
1519	2107
394	2107
582	1521
401	398
401	397
407	397
413	410
581	410
413	581
413	580
588	416
588	415
591	419
591	418
597	1552
2108	1552
2108	1554
2108	422
2108	421
1546	421
2108	1546
2108	594
600	603
609	425
1555	425
609	1555
2110	1555
2110	1553
2109	1553
600	1553
2109	600
2109	1556
2109	606
2109	1558
2110	1558
434	428
2112	428
2112	427
2112	610
2111	610
2111	1560
1562	1560
2111	1562
2111	1564
1566	1564
2111	1566
2112	1566
440	437
2114	437
2114	1341
2113	1341
2113	436
2113	1567
2113	616
2113	618
2114	618
619	443
2118	2115
2115	2116
2119	2116
2117	2118
2124	2118
2118	2119
2125	2119
2119	2120
2126	2120
2120	2121
2127	2121
2121	2122
2123	2117
2123	2124
2129	2124
2124	2125
2130	2125
2125	2126
2131	2126
2126	2127
2132	2127
2127	2128
2131	2132
2134	2132
2132	2133
2135	2133
2136	2133
1838	2133
1836	2133
1836	2128
1836	2122
1834	2122
1584	2122
1582	2122
1582	2121
1580	2121
2116	2121
1580	2116
1578	2116
1578	2115
1576	2115
2117	2115
1576	2117
630	2117
624	2117
621	2117
621	2123
613	2123
613	2129
1563	2129
1563	2130
1565	2130
1565	2131
1565	2134
614	2134
614	2135
617	2135
617	2136
617	1838
445	1838
630	624
1834	1584
1834	1586
457	1586
452	449
2138	449
2137	449
1839	449
2137	1839
2137	1837
2138	1837
2138	1835
2138	455
2140	2139
2141	2139
2142	2139
2143	2139
2144	2139
2145	2139
2146	2142
2142	2143
2147	2143
2143	2144
2148	2144
1596	2144
639	2144
639	2145
636	2145
633	2145
633	2140
631	2140
1577	2140
1579	2140
1579	2141
1581	2141
1581	2142
1583	2142
1583	2146
1585	2146
1587	2146
1587	2147
460	2147
461	2147
461	2148
1598	2148
642	464
1601	464
1599	464
1601	1599
1601	1597
643	467
604	645
657	470
2150	2151
2152	2150
2152	2153
2156	2152
2154	2152
2154	2155
2157	2155
605	2155
622	2155
622	2153
623	2153
623	2151
637	2151
2149	2151
1617	2151
1617	2150
1615	2150
1615	2152
1613	2152
1613	2156
651	2156
648	2156
2157	2156
648	2157
604	2157
1557	2157
2149	1617
2149	1619
2149	1621
637	1621
638	1621
638	1623
1603	1623
1603	1625
641	1625
469	1625
469	654
472	658
475	656
2159	2158
2160	2158
669	2158
666	2158
660	2158
655	2158
655	2159
475	2159
476	2159
1398	2159
1398	2160
1400	2160
672	2160
1400	672
666	660
497	482
497	481
675	1655
2161	1655
2161	1657
2162	1657
2162	500
2162	499
2162	671
2161	671
2161	670
2163	2164
2165	2164
1669	2164
1667	2164
1665	2164
1665	2163
1663	2163
1656	2163
1658	2163
1658	2165
502	2165
687	2165
1671	2165
502	687
1663	1656
1661	1656
1661	676
1667	1665
684	1665
690	693
509	506
1679	506
1675	506
1673	506
1673	1436
688	1436
1679	1675
696	699
702	512
702	511
702	1680
696	1680
521	1446
1685	1446
703	1446
514	1446
521	1685
1452	1685
1452	1687
2166	1687
2166	705
1463	705
1463	1690
2166	1463
2166	527
2166	524
698	697
714	533
2167	533
2167	532
1702	532
1700	532
1700	1692
1698	1692
1698	706
1696	706
2167	1702
2167	1704
1713	1704
1713	1706
711	1706
2167	1713
715	536
542	539
2168	539
1715	539
1715	538
2168	1715
2168	712
2168	545
717	548
2169	548
2169	1483
2169	1481
2170	1481
2170	1479
2170	547
2170	710
2170	709
2169	709
551	550
732	551
2171	551
2171	718
2171	720
2171	723
729	723
2171	729
738	554
735	554
733	554
560	557
560	1487
739	1487
566	563
747	566
2172	566
2172	562
2172	737
744	737
744	736
2172	744
750	1755
1753	1755
1753	569
748	569
753	756
575	572
759	1759
2173	1759
1513	1759
2173	1513
2173	1511
2175	1511
2174	1511
2174	1509
1756	1509
2174	1756
2174	751
2175	751
2175	753
2173	753
584	578
584	1523
587	1523
590	1523
590	577
1548	577
1548	1760
593	1760
646	599
646	596
2176	596
758	596
2176	758
2177	758
2177	757
2177	1761
2176	1761
2176	647
602	601
611	1561
1559	1561
611	1559
611	607
634	626
634	625
632	629
755	754
762	1767
1765	1767
1765	650
1763	650
1763	649
1763	1762
2180	2178
2181	2178
2182	2178
2183	2180
2180	2181
2182	2179
2185	2179
1616	2179
1618	2179
1620	2179
1620	2178
1622	2178
1622	2180
1622	2183
1624	2183
1626	2183
2186	2183
2186	2184
768	2184
1772	2184
1772	2181
1772	2182
765	2182
765	2185
763	2185
2187	2185
2187	1616
2187	1614
1768	1614
2187	1768
2186	768
2186	771
2186	659
2186	653
772	662
774	665
770	665
774	770
674	668
674	667
674	775
677	775
2188	775
2188	1784
2189	1784
2189	1788
2190	1788
2190	777
2190	728
2190	727
2190	780
2190	783
2189	783
2188	783
2192	2191
2193	2191
2194	2191
2195	2191
2196	2191
2197	2191
2197	2192
784	2192
679	2192
679	2193
1662	2193
1662	2194
1664	2194
1664	2195
1666	2195
680	2195
680	2196
1814	2196
1811	2196
1811	2197
786	2197
792	1832
1830	1832
2200	1832
2200	683
2200	682
2200	1816
2198	1816
2199	1816
2199	1813
2201	1813
2201	787
2202	787
2202	789
2202	722
1818	722
2202	1818
2202	1820
2201	1820
2201	1822
2199	1822
2199	1824
2198	1824
2198	1826
2200	1826
2200	1828
689	1676
793	1676
2203	1676
2203	1674
1672	1674
2203	1672
2203	1670
2203	1668
1833	1668
2203	1833
692	691
2207	2204
2204	2205
2208	2205
2209	2205
2213	2206
2206	2207
2214	2207
2207	2208
2215	2208
2216	2208
2208	2209
2217	2209
2209	2210
2218	2210
2210	2211
2219	2211
2212	2213
2222	2213
2223	2213
2213	2214
2224	2214
2214	2215
2225	2215
2215	2216
2226	2216
2216	2217
2227	2217
2217	2218
2228	2218
2218	2219
2229	2219
2219	2220
2230	2220
2220	2221
2226	2227
2232	2227
2227	2228
2233	2228
2228	2229
2234	2229
2229	2230
2235	2230
2230	2231
2236	2231
716	2231
716	2221
719	2221
1819	2221
1819	2220
1819	2211
1821	2211
1823	2211
1823	2210
1823	2205
1825	2205
1825	2204
1827	2204
1827	2207
1827	2206
1829	2206
1831	2206
1831	2213
1831	2212
791	2212
692	2212
692	2222
695	2222
695	2223
1697	2223
1697	2224
1699	2224
1699	2225
1701	2225
2232	2225
1701	2232
1703	2232
1703	2233
1705	2233
1705	2234
1705	2235
1707	2235
1707	2236
707	2236
704	1688
2237	1688
2237	1686
700	1686
2237	700
779	725
779	724
734	731
740	731
778	731
2240	2238
2241	2238
2242	2238
2241	2242
2243	2242
2244	2242
2242	2239
2246	2243
2243	2244
2247	2244
2244	2245
2248	2245
1800	2245
1798	2245
1798	2239
766	2239
1774	2239
1774	2238
1774	2240
767	2240
773	2240
1787	2240
1787	2241
1791	2241
1791	2243
1791	2246
776	2246
742	2246
742	2247
743	2247
1802	2247
1802	2248
2251	2249
2252	2249
1764	2249
1766	2249
1799	2249
1801	2249
1801	2251
2250	2251
1754	2251
749	2251
749	2252
752	2252
2250	1754
2250	746
1803	746
2250	1803
1766	1799
761	1799
785	782
788	782
795	1861
2253	1861
2253	1859
2253	1857
2253	1855
2253	1853
797	796
797	798
798	1
798	799
4	798
4	800
800	799
800	3
7	5
7	6
10	8
10	9
13	11
13	12
16	801
16	802
802	14
802	15
19	17
19	18
22	20
22	21
0	23
0	2
803	21
803	804
25	804
25	24
28	26
28	27
31	29
31	30
805	32
805	806
807	806
807	808
809	808
809	810
811	810
811	812
34	812
34	33
813	35
813	814
815	814
815	816
817	816
817	818
819	818
819	820
2	820
2	1
821	33
821	822
37	822
37	36
823	38
823	824
825	824
825	826
827	826
827	828
829	828
829	830
3	830
3	5
831	36
831	832
833	832
833	834
835	834
835	836
837	836
837	838
40	838
40	39
43	41
43	42
46	44
46	45
839	47
839	840
6	840
6	8
841	45
841	842
9	842
9	11
49	42
49	48
843	50
843	844
52	844
52	51
55	845
55	846
846	53
846	54
847	56
847	848
849	848
849	850
12	850
12	14
852	851
852	853
853	54
853	854
58	853
58	855
855	854
855	57
61	856
61	857
857	59
857	60
859	858
859	860
860	62
860	861
64	860
64	862
862	861
862	63
67	863
67	864
864	65
864	66
865	68
865	866
867	866
867	868
15	868
15	17
870	869
870	871
871	66
871	872
70	871
70	873
873	872
873	69
73	874
73	875
875	71
875	72
27	74
27	29
76	876
76	877
877	72
877	75
79	878
79	879
879	77
879	78
82	880
82	881
881	80
881	81
85	882
85	884
884	883
884	885
885	83
885	84
886	86
886	887
888	887
888	889
30	889
30	32
893	890
893	894
894	891
894	895
895	892
895	896
896	84
896	897
898	894
898	899
899	895
899	900
900	896
900	901
901	897
901	902
88	899
88	903
903	900
903	904
904	901
904	905
905	902
905	87
906	89
906	907
908	907
908	909
910	909
910	911
912	911
912	913
39	913
39	41
91	914
91	916
916	915
916	917
917	87
917	90
94	918
94	919
919	92
919	93
921	920
921	922
922	95
922	923
97	922
97	924
924	923
924	96
100	925
100	926
926	98
926	99
48	101
48	50
927	99
927	928
929	928
929	930
103	930
103	102
106	104
106	105
109	931
109	932
932	107
932	108
112	110
112	111
933	113
933	934
51	934
51	53
115	935
115	936
936	111
936	114
57	116
57	59
118	114
118	117
60	119
60	62
937	117
937	938
939	938
939	940
121	940
121	120
943	941
943	944
944	942
944	945
945	122
945	946
124	944
124	947
947	945
947	948
948	946
948	123
949	125
949	950
951	950
951	952
75	952
75	77
127	953
127	955
955	954
955	956
956	123
956	126
130	128
130	129
133	957
133	960
960	958
960	961
961	959
961	962
962	131
962	132
78	134
78	80
136	963
136	966
966	964
966	967
967	965
967	968
968	132
968	135
139	969
139	971
971	970
971	972
972	137
972	138
81	973
81	975
975	974
975	976
976	140
976	83
142	977
142	978
978	138
978	141
145	979
145	981
981	980
981	982
982	143
982	144
148	983
148	985
985	984
985	986
986	146
986	147
989	987
989	990
990	988
990	991
991	149
991	992
151	990
151	993
993	991
993	994
994	992
994	150
154	995
154	998
998	996
998	999
999	997
999	1000
1000	152
1000	153
157	1001
157	1002
1002	155
1002	156
160	158
160	159
1004	1003
1004	1005
1005	161
1005	1006
163	1005
163	1007
1007	1006
1007	162
90	1008
90	1009
1009	164
1009	92
93	162
93	95
166	1010
166	1011
1011	159
1011	165
169	1012
169	1014
1014	1013
1014	1015
1015	167
1015	168
172	170
172	171
175	1016
175	1017
1017	173
1017	174
178	176
178	177
1018	179
1018	1019
1020	1019
1020	1021
181	1021
181	180
96	182
96	98
1022	180
1022	1023
102	1023
102	104
184	177
184	183
187	1024
187	1025
1025	185
1025	186
105	1026
105	1027
1027	188
1027	107
1028	186
1028	1029
190	1029
190	189
108	191
108	110
193	1030
193	1031
1031	189
1031	192
1032	197
1032	1033
1032	196
198	1034
198	1035
1035	195
1038	1036
1038	1039
1039	1037
1039	1040
1040	199
1040	1041
201	1039
201	1042
1042	1040
1042	1043
1043	1041
1043	200
120	1044
120	1046
1046	1045
1046	1047
1047	202
1047	122
204	200
204	203
207	1048
207	1049
1049	205
1049	206
210	208
210	209
213	211
213	212
1050	214
1050	1051
1052	1051
1052	1053
216	1053
216	215
219	217
219	218
222	1054
222	1058
1058	1055
1058	1059
1059	1056
1059	1060
1060	1057
1060	1061
1061	220
1061	221
225	1062
225	1066
1066	1063
1066	1067
1067	1064
1067	1068
1068	1065
1068	1069
1069	223
1069	224
228	1070
228	1073
1073	1071
1073	1074
1074	1072
1074	1075
1075	226
1075	227
231	1076
231	1079
1079	1077
1079	1080
1080	1078
1080	1081
1081	229
1081	230
1083	1082
1083	1084
1084	232
1084	1085
1086	1084
1086	1087
1087	1085
1087	1088
1089	1087
1089	1090
1090	1088
1090	1091
234	1090
234	1092
1092	1091
1092	233
237	1093
237	1096
1096	1094
1096	1097
1097	1095
1097	1098
1098	235
1098	236
126	1099
126	1100
1100	238
1100	128
129	1101
129	1103
1103	1102
1103	1104
1104	236
1104	131
230	1105
230	1108
1108	1106
1108	1109
1109	1107
1109	1110
1110	233
1110	232
240	227
240	239
243	1111
243	1113
1113	1112
1113	1114
1114	241
1114	242
246	244
246	245
249	1115
249	1116
1116	247
1116	248
1117	250
1117	1118
1119	1118
1119	1120
1121	1120
1121	1122
252	1122
252	251
135	1123
135	1124
1124	253
1124	137
255	1125
255	1126
1126	251
1126	254
258	1127
258	1128
1128	256
1128	257
141	1129
141	1130
1130	259
1130	143
261	257
261	260
144	262
144	146
264	260
264	263
1131	265
1131	1132
267	1132
267	266
270	1133
270	1134
1134	268
1134	269
273	271
273	272
1136	1135
1136	1137
1137	274
1137	1138
276	1137
276	1139
1139	1138
1139	275
279	1140
279	1141
1141	277
1141	278
282	1142
282	1143
1143	280
1143	281
147	283
147	149
150	1144
150	1145
1145	281
1145	152
1147	1146
1147	1148
1148	278
1148	1149
285	1148
285	1150
1150	1149
1150	284
1151	286
1151	1152
288	1152
288	287
291	1153
291	1154
1154	289
1154	290
294	292
294	293
1157	1155
1157	1158
1158	1156
1158	1159
1159	295
1159	1160
153	1158
153	1161
1161	1159
1161	1162
1162	1160
1162	155
297	1163
297	1165
1165	1164
1165	1166
1166	293
1166	296
300	1167
300	1170
1170	1168
1170	1171
1171	1169
1171	1172
1172	298
1172	299
303	1173
303	1176
1176	1174
1176	1177
1177	1175
1177	1178
1178	301
1178	302
306	1179
306	1180
1180	304
1180	305
309	1181
309	1182
1182	307
1182	308
312	1183
312	1186
1186	1184
1186	1187
1187	1185
1187	1188
1188	310
1188	311
168	1189
168	1190
1190	313
1190	170
171	1191
171	1192
1192	311
1192	173
315	1193
315	1195
1195	1194
1195	1196
1196	308
1196	314
318	1197
318	1199
1199	1198
1199	1200
1200	316
1200	317
321	1201
321	1203
1203	1202
1203	1204
1204	319
1204	320
324	1205
324	1208
1208	1206
1208	1209
1209	1207
1209	1210
1210	322
1210	323
1213	1211
1213	1214
1214	1212
1214	1215
1215	325
1215	1216
327	1214
327	1217
1217	1215
1217	1218
1218	1216
1218	326
330	1219
330	1221
1221	1220
1221	1222
1222	328
1222	329
333	331
333	332
336	1223
336	1224
1224	334
1224	335
174	1225
174	1226
1226	337
1226	176
183	1227
183	1228
1228	335
1228	185
339	332
339	338
342	1229
342	1230
1230	340
1230	341
345	1231
345	1233
1233	1232
1233	1234
1234	343
1234	344
348	1235
348	1237
1237	1236
1237	1238
1238	346
1238	347
192	1239
192	1241
1241	1240
1241	1242
1242	349
1242	194
1243	347
1243	1244
1245	1244
1245	1246
351	1246
351	350
1248	1247
1248	1249
1249	352
1249	1250
354	1249
354	1251
1251	1250
1251	353
357	1252
357	1253
1253	355
1253	356
206	1254
206	1255
1255	358
1255	208
209	356
209	211
360	1256
360	1257
1257	353
1257	359
363	1258
363	1259
1259	361
1259	362
1260	364
1260	1261
212	1261
212	214
366	1262
366	1263
1263	362
1263	365
369	367
369	368
1264	370
1264	1265
215	1265
215	217
372	368
372	371
218	1266
218	1268
1268	1267
1268	1269
1269	373
1269	220
375	1270
375	1272
1272	1271
1272	1273
1273	371
1273	374
1274	376
1274	1275
1276	1275
1276	1277
378	1277
378	377
381	1278
381	1281
1281	1279
1281	1282
1282	1280
1282	1283
1283	379
1283	380
1285	1284
1285	1286
1286	382
1286	1287
221	1286
221	1288
1288	1287
1288	223
384	1289
384	1291
1291	1290
1291	1292
1292	380
1292	383
387	1293
387	1295
1295	1294
1295	1296
1296	385
1296	386
390	1297
390	1298
1298	388
1298	389
242	1299
242	1300
1300	391
1300	244
245	389
245	247
393	1301
393	1302
1302	386
1302	392
396	1303
396	1304
1304	394
1304	395
399	397
399	398
248	1305
248	1306
1306	400
1306	250
402	1307
402	1308
1308	398
1308	401
405	1309
405	1310
1310	403
1310	404
1312	1311
1312	1313
1313	406
1313	1314
254	1313
254	1315
1315	1314
1315	256
263	404
263	265
408	401
408	407
411	409
411	410
266	1316
266	1318
1318	1317
1318	1319
1319	412
1319	268
414	1320
414	1322
1322	1321
1322	1323
1323	410
1323	413
417	415
417	416
420	418
420	419
423	1324
423	1325
1325	421
1325	422
426	424
426	425
429	1326
429	1327
1327	427
1327	428
1328	430
1328	1329
1330	1329
1330	1331
432	1331
432	431
269	1332
269	1333
1333	433
1333	271
272	1334
272	1335
1335	431
1335	274
435	1336
435	1337
1337	428
1337	434
1339	1338
1339	1340
1340	436
1340	1341
438	1340
438	1342
1342	1341
1342	437
275	1343
275	1344
1344	439
1344	277
441	1345
441	1346
1346	437
1346	440
444	1347
444	1348
1348	442
1348	443
447	1349
447	1350
1350	445
1350	446
450	1351
450	1352
1352	448
1352	449
284	451
284	286
453	1353
453	1355
1355	1354
1355	1356
1356	449
1356	452
287	454
287	289
456	1357
456	1359
1359	1358
1359	1360
1360	452
1360	455
459	1361
459	1363
1363	1362
1363	1364
1364	457
1364	458
462	1365
462	1368
1368	1366
1368	1369
1369	1367
1369	1370
1370	460
1370	461
465	1371
465	1373
1373	1372
1373	1374
1374	463
1374	464
468	1375
468	1376
1376	466
1376	467
471	1377
471	1380
1380	1378
1380	1381
1381	1379
1381	1382
1382	469
1382	470
474	1383
474	1385
1385	1384
1385	1386
1386	472
1386	473
477	1387
477	1390
1390	1388
1390	1391
1391	1389
1391	1392
1392	475
1392	476
299	1393
299	1395
1395	1394
1395	1396
1396	478
1396	301
1397	476
1397	1398
1399	1398
1399	1400
480	1400
480	479
483	481
483	482
486	1401
486	1404
1404	1402
1404	1405
1405	1403
1405	1406
1406	484
1406	485
489	1407
489	1408
1408	487
1408	488
302	1409
302	1410
1410	490
1410	304
305	488
305	307
492	1411
492	1415
1415	1412
1415	1416
1416	1413
1416	1417
1417	1414
1417	1418
1418	485
1418	491
314	493
314	316
495	1419
495	1422
1422	1420
1422	1423
1423	1421
1423	1424
1424	491
1424	494
317	1425
317	1427
1427	1426
1427	1428
1428	496
1428	319
320	494
320	322
498	1429
498	1430
1430	482
1430	497
501	1431
501	1432
1432	499
1432	500
504	1433
504	1434
1434	502
1434	503
1435	505
1435	1436
507	1436
507	506
1437	508
1437	1438
323	1438
323	325
510	506
510	509
513	511
513	512
516	1439
516	1440
1440	514
1440	515
519	1441
519	1442
1442	517
1442	518
326	1443
326	1444
1444	520
1444	328
341	518
341	343
1445	515
1445	1446
522	1446
522	521
1447	523
1447	1448
344	1448
344	346
1450	1449
1450	1451
1451	521
1451	1452
525	1451
525	1453
1453	1452
1453	524
350	1454
350	1455
1455	526
1455	352
528	524
528	527
1456	529
1456	1457
1458	1457
1458	1459
1460	1459
1460	1461
359	1461
359	361
1462	527
1462	1463
531	1463
531	530
534	1464
534	1466
1466	1465
1466	1467
1467	532
1467	533
537	535
537	536
540	1468
540	1469
1469	538
1469	539
365	541
365	367
543	539
543	542
374	1470
374	1472
1472	1471
1472	1473
1473	544
1473	376
546	1474
546	1476
1476	1475
1476	1477
1477	542
1477	545
1478	547
1478	1479
1480	1479
1480	1481
1482	1481
1482	1483
549	1483
549	548
552	1484
552	1485
1485	550
1485	551
555	553
555	554
1486	556
1486	1487
558	1487
558	557
377	1488
377	1491
1491	1489
1491	1492
1492	1490
1492	1493
1493	559
1493	379
561	1494
561	1496
1496	1495
1496	1497
1497	557
1497	560
564	1498
564	1499
1499	562
1499	563
1500	565
1500	1501
1502	1501
1502	1503
1504	1503
1504	1505
383	1505
383	385
567	1506
567	1507
1507	563
1507	566
570	568
570	569
1508	571
1508	1509
1510	1509
1510	1511
1512	1511
1512	1513
573	1513
573	572
1514	574
1514	1515
1516	1515
1516	1517
1518	1517
1518	1519
392	1519
392	394
576	572
576	575
1521	1520
1521	1522
1522	577
1522	1523
579	1522
579	1524
1524	1523
1524	578
582	1525
582	1527
1527	1526
1527	1528
1528	580
1528	581
395	1529
395	1531
1531	1530
1531	1532
1532	583
1532	397
407	581
407	409
585	1533
585	1535
1535	1534
1535	1536
1536	578
1536	584
413	1537
413	1539
1539	1538
1539	1540
1540	586
1540	415
588	1541
588	1542
1542	584
1542	587
416	589
416	418
591	1543
591	1544
1544	587
1544	590
419	592
419	421
1546	1545
1546	1547
1547	590
1547	1548
594	1547
594	1549
1549	1548
1549	593
597	1550
597	1551
1551	595
1551	596
1552	598
1552	1553
1554	1553
1554	1555
422	1555
422	424
600	596
600	599
603	601
603	602
1556	604
1556	1557
606	1557
606	605
1558	607
1558	1559
609	1559
609	608
425	610
425	427
1560	608
1560	1561
612	1561
612	611
1562	613
1562	1563
1564	1563
1564	1565
615	1565
615	614
1566	616
1566	1567
434	1567
434	436
618	614
618	617
440	619
440	442
443	617
443	445
621	1568
621	1569
1569	611
1569	620
624	1570
624	1572
1572	1571
1572	1573
1573	622
1573	623
627	1574
627	1575
1575	625
1575	626
630	628
630	629
1576	631
1576	1577
1578	1577
1578	1579
1580	1579
1580	1581
1582	1581
1582	1583
1584	1583
1584	1585
1586	1585
1586	1587
458	1587
458	460
633	629
633	632
636	1588
636	1590
1590	1589
1590	1591
1591	634
1591	635
639	1592
639	1594
1594	1593
1594	1595
1595	637
1595	638
1596	640
1596	1597
1598	1597
1598	1599
461	1599
461	463
1601	1600
1601	1602
1602	638
1602	1603
642	1602
642	1604
1604	1603
1604	641
464	1605
464	1606
1606	643
1606	466
467	1607
467	1608
1608	641
1608	469
623	635
623	625
626	1609
626	1610
1610	632
1610	628
605	1611
605	1612
1612	620
1612	607
645	602
645	644
648	646
648	647
651	649
651	650
1613	652
1613	1614
1615	1614
1615	1616
1617	1616
1617	1618
1619	1618
1619	1620
1621	1620
1621	1622
1623	1622
1623	1624
1625	1624
1625	1626
654	1626
654	653
657	1627
657	1629
1629	1628
1629	1630
1630	655
1630	656
470	1631
470	1633
1633	1632
1633	1634
1634	658
1634	472
473	656
473	475
660	1635
660	1637
1637	1636
1637	1638
1638	653
1638	659
663	1639
663	1640
1640	661
1640	662
666	1641
666	1642
1642	664
1642	665
669	1643
669	1644
1644	667
1644	668
672	1645
672	1647
1647	1646
1647	1648
1648	670
1648	671
479	673
479	481
497	1649
497	1651
1651	1650
1651	1652
1652	671
1652	499
675	1653
675	1654
1654	668
1654	674
1655	676
1655	1656
1657	1656
1657	1658
500	1658
500	502
678	1659
678	1660
1660	674
1660	677
1661	679
1661	1662
1663	1662
1663	1664
1665	1664
1665	1666
681	1666
681	680
684	682
684	683
1667	685
1667	1668
1669	1668
1669	1670
1671	1670
1671	1672
687	1672
687	686
503	688
503	505
1673	686
1673	1674
1675	1674
1675	1676
690	1676
690	689
693	1677
693	1678
1678	691
1678	692
1679	694
1679	1680
509	1680
509	511
696	692
696	695
699	697
699	698
702	1681
702	1682
1682	700
1682	701
512	1683
512	1684
1684	703
1684	514
1685	701
1685	1686
1687	1686
1687	1688
705	1688
705	704
1690	1689
1690	1691
1691	706
1691	1692
530	1691
530	1693
1693	1692
1693	532
698	1694
698	1695
1695	704
1695	700
1696	695
1696	1697
1698	1697
1698	1699
1700	1699
1700	1701
1702	1701
1702	1703
1704	1703
1704	1705
1706	1705
1706	1707
708	1707
708	707
711	1708
711	1710
1710	1709
1710	1711
1711	709
1711	710
1713	1712
1713	1714
1714	712
1714	1715
714	1714
714	1716
1716	1715
1716	713
533	1717
533	1718
1718	715
1718	535
536	713
536	538
545	1719
545	1721
1721	1720
1721	1722
1722	710
1722	547
717	1723
717	1725
1725	1724
1725	1726
1726	707
1726	716
548	1727
548	1728
1728	718
1728	550
720	1729
720	1731
1731	1730
1731	1732
1732	716
1732	719
723	1733
723	1735
1735	1734
1735	1736
1736	721
1736	722
726	1737
726	1738
1738	724
1738	725
729	1739
729	1740
1740	727
1740	728
732	730
732	731
551	733
551	553
735	731
735	734
738	1741
738	1743
1743	1742
1743	1744
1744	736
1744	737
554	739
554	556
560	1745
560	1747
1747	1746
1747	1748
1748	737
1748	562
741	1749
741	1750
1750	734
1750	740
744	1751
744	1752
1752	742
1752	743
747	745
747	746
566	748
566	568
1753	746
1753	1754
750	1754
750	749
1755	751
1755	1756
569	1756
569	571
753	749
753	752
756	1757
756	1758
1758	754
1758	755
759	757
759	758
1759	760
1759	1760
575	1760
575	577
593	758
593	595
1761	755
1761	1762
647	1762
647	649
1763	752
1763	1764
1765	1764
1765	1766
762	1766
762	761
1767	763
1767	1768
650	1768
650	652
765	1769
765	1770
1770	761
1770	764
1772	1771
1772	1773
1773	766
1773	1774
768	1773
768	1775
1775	1774
1775	767
771	1776
771	1777
1777	769
1777	770
659	772
659	661
662	770
662	664
774	767
774	773
665	1778
665	1780
1780	1779
1780	1781
1781	775
1781	667
1784	1782
1784	1785
1785	1783
1785	1786
1786	773
1786	1787
1788	1785
1788	1789
1789	1786
1789	1790
1790	1787
1790	1791
777	1789
777	1792
1792	1790
1792	1793
1793	1791
1793	776
728	778
728	730
740	1794
740	1796
1796	1795
1796	1797
1797	776
1797	742
1798	764
1798	1799
1800	1799
1800	1801
1802	1801
1802	1803
743	1803
743	745
780	1804
780	1805
1805	725
1805	779
783	1806
783	1807
1807	781
1807	782
677	1808
677	1809
1809	784
1809	679
786	782
786	785
1811	1810
1811	1812
1812	787
1812	1813
1814	1812
1814	1815
1815	1813
1815	1816
680	1815
680	1817
1817	1816
1817	682
789	785
789	788
722	790
722	724
779	788
779	781
1818	719
1818	1819
1820	1819
1820	1821
1822	1821
1822	1823
1824	1823
1824	1825
1826	1825
1826	1827
1828	1827
1828	1829
1830	1829
1830	1831
792	1831
792	791
1832	793
1832	1833
683	1833
683	685
689	791
689	691
599	644
599	601
1834	455
1834	1835
1836	1835
1836	1837
1838	1837
1838	1839
446	1839
446	448
329	1840
329	1841
1841	338
1841	331
290	296
290	292
224	1842
224	1843
1843	239
1843	226
197	1844
197	1845
1845	203
1845	199
156	165
156	158
1846	69
1846	1847
1848	1847
1848	1849
63	1849
63	65
1850	24
1850	1851
18	1851
18	20
1852	795
1852	1853
1854	1853
1854	1855
1856	1855
1856	1857
1858	1857
1858	1859
1860	1859
1860	1861
794	1861
794	795
0	796
796	1
3	800
800	4
6	7
9	10
12	801
12	13
15	802
802	16
18	19
21	22
24	25
27	28
30	31
33	34
36	37
39	40
42	43
45	46
48	49
51	845
51	52
54	846
846	55
55	56
57	855
855	856
855	58
60	858
60	857
857	61
63	863
63	862
862	64
66	864
864	68
864	67
69	873
873	874
873	70
72	875
875	73
73	74
75	878
75	877
877	76
78	879
879	880
879	79
81	881
881	1863
1863	976
1863	883
883	83
1863	882
1863	881
881	82
84	885
885	891
885	884
884	890
884	85
85	86
87	905
905	904
904	914
904	903
903	89
903	88
90	917
917	92
917	916
916	918
916	91
93	920
93	919
919	94
96	924
924	925
924	97
99	926
926	100
102	103
105	931
931	107
105	106
108	932
932	109
111	112
112	113
114	936
936	115
117	118
120	941
941	942
942	1047
942	122
120	121
123	948
948	953
948	947
947	125
947	124
126	956
956	955
955	128
955	127
129	957
957	958
958	1104
958	959
959	131
129	130
132	962
962	961
961	964
961	960
960	963
960	133
133	134
135	968
968	1864
1864	137
1864	970
1864	1865
1865	969
1865	966
966	136
1865	967
1865	1864
1864	968
138	972
972	1866
1866	974
974	140
1866	973
1866	971
971	139
1866	972
141	980
980	143
141	979
141	978
978	142
144	982
982	984
982	981
981	983
981	145
147	986
986	988
986	985
985	987
985	148
150	1867
1867	997
997	152
1867	996
1867	994
994	995
994	993
993	151
1867	150
153	1000
1000	1162
1000	999
999	1868
1868	155
1868	1001
1868	998
998	154
1868	999
156	1002
1002	157
159	1003
1003	161
159	160
162	1007
1007	1008
1007	163
165	1013
165	1012
165	1011
1011	166
168	1015
1015	1014
1014	170
1014	169
171	1016
1016	173
171	172
174	1017
1017	176
1017	175
177	178
180	181
183	1024
1024	185
183	184
186	1025
1025	1026
1025	187
189	190
190	191
192	195
195	1862
1862	196
196	1032
1032	1242
1032	194
192	1034
192	1031
1031	193
197	1033
1033	1869
1869	199
1869	1037
1869	1870
1870	1036
1870	1035
1035	198
1870	195
1870	1869
1869	1862
1869	196
1869	1033
200	1045
200	1043
1043	1044
1043	1042
1042	201
203	204
204	1048
1048	205
206	1049
1049	208
1049	207
209	210
212	213
215	216
218	1055
1055	1056
1056	1269
1056	1057
1057	220
218	1054
218	219
1871	1873
1873	1874
221	1873
1873	1871
1871	223
1871	1065
1871	1872
1872	1064
1872	1874
1874	1063
1874	1875
1875	1062
1875	1058
1058	222
1875	1059
1875	1874
1874	1060
1874	1873
1873	1061
1873	221
1876	1878
1878	1879
224	1876
1876	1877
1877	226
1877	1072
1877	1879
1879	1071
1879	1070
1879	1066
1066	225
1879	1067
1879	1878
1878	1068
1878	1876
1876	1069
1876	224
227	1075
1075	1078
1075	1074
1074	1077
1074	1073
1073	1076
1073	228
230	1081
1081	1080
1080	1109
1080	1079
1079	1110
1079	231
231	1082
1082	232
233	1092
1092	234
234	1093
1093	1106
1093	1094
1094	1105
1094	1095
1095	235
236	1098
1098	1880
1880	1101
1880	1881
1881	238
1881	1099
1881	237
1881	1096
1881	1880
1880	1097
1880	1098
239	1111
1111	1112
1112	241
239	240
242	1114
1114	244
1114	1113
1113	243
245	1115
245	246
248	1116
1116	249
249	250
251	252
252	1123
1123	253
254	1882
1882	256
1882	1127
1882	1126
1126	255
1882	254
257	1128
1128	1129
1128	258
260	261
263	264
266	267
267	1133
1133	1319
1133	268
269	1134
1134	271
1134	270
272	1135
1135	274
272	273
275	1139
1139	1140
1140	277
1139	276
278	1141
1141	1142
1142	280
1141	279
281	1143
1143	282
282	283
284	1150
1150	285
287	1153
287	288
290	1154
1154	291
293	1883
1883	1155
1155	1156
1156	1163
1156	295
1883	294
1883	293
296	1169
296	1166
1166	1168
1166	1165
1165	1167
1165	297
1885	1886
1885	1887
299	1172
1172	1885
1885	1884
1884	1396
1884	301
1884	1175
1884	1886
1886	1174
1886	1887
1887	1888
1888	1173
1888	300
1888	1170
1888	1887
1887	1171
1887	1885
1885	1172
302	1178
1178	1177
1177	304
1177	1176
1176	1179
1176	303
305	1181
305	1180
1180	306
308	1890
1890	1193
1890	1185
1185	310
1890	1184
1890	1183
1890	1889
1889	309
1889	1182
1889	308
1889	1890
311	1188
1188	1187
1187	313
1187	1189
1187	1186
1186	312
314	1196
1196	1198
1196	1195
1195	1197
1195	315
317	1200
1200	1893
1893	1891
1891	1428
1891	1202
1202	319
1891	1201
1891	1892
1892	318
1892	1199
1892	1893
1893	1200
1892	1891
320	1207
320	1204
1204	1206
1204	1203
1203	1205
1203	321
323	1210
1210	1212
1210	1209
1209	1211
1209	1208
1208	324
1895	1896
326	1894
1894	1896
1896	328
1896	1220
1896	1895
1895	1219
1895	1217
1217	327
1895	1218
1895	1894
1894	326
329	1222
1222	1221
1221	331
1221	330
332	1223
332	333
335	1224
1224	1225
1225	337
1224	336
338	1229
1229	340
338	339
341	1232
341	1230
1230	1231
1230	342
344	1236
344	1234
1234	1235
1234	1233
1233	345
347	1238
1238	1240
1238	1237
1237	1239
1237	348
350	351
351	1247
1247	352
353	1897
1897	1252
1252	355
1897	354
1897	1251
1897	353
356	1253
1253	1254
1253	357
359	1257
1257	1258
1257	360
362	1259
1259	364
1259	363
365	1263
1263	366
368	369
371	1266
1266	1267
1267	1270
1267	373
371	372
374	1273
1273	1473
1273	1272
1272	376
1272	375
377	1278
1278	1279
1279	1492
1279	1280
1280	1493
1280	379
377	378
380	1283
1283	1289
1283	1282
1282	382
1282	1281
1281	1284
1281	381
383	1294
383	1292
1292	1293
1292	1291
1291	384
386	1296
1296	1898
1898	1297
1297	388
1898	1295
1295	387
1898	1296
389	1298
1298	1299
1298	390
392	1303
392	1302
1302	393
395	1304
1304	1532
1304	396
396	397
398	1305
1305	400
398	399
401	1309
401	1308
1308	402
404	1311
404	1310
1310	405
407	408
410	411
411	1316
1316	1320
1316	1317
1317	412
413	1323
1323	1540
1323	1322
1322	415
1322	414
416	417
419	1324
419	420
422	1325
1325	423
425	1326
425	426
428	1327
1327	430
1327	429
431	1332
1332	433
431	432
434	1338
434	1337
1337	435
437	1342
1342	1343
1343	439
1342	438
440	1346
1346	1347
1346	441
443	1349
443	1348
1348	444
446	1351
446	1350
1350	447
449	1352
1352	1353
1352	450
450	451
452	1356
1356	1355
1355	1357
1355	453
453	454
455	1360
1360	1362
1360	1359
1359	1361
1359	456
458	1367
458	1364
1364	1366
1364	1363
1363	1365
1363	459
461	1370
1370	1372
1370	1369
1369	1371
1369	1368
1368	462
464	1374
1374	1899
1899	466
1899	1375
1899	1373
1373	465
1899	1374
467	1378
1378	1379
1379	469
467	1377
467	1376
1376	468
1901	1902
1901	1903
470	1382
1382	1900
1900	1634
1900	1902
1902	1904
1904	472
1904	1384
1904	1902
1902	1903
1903	1383
1903	1380
1380	471
1903	1901
1901	1381
1901	1382
1901	1900
473	1389
473	1386
1386	1388
1386	1385
1385	1387
1385	474
476	1392
1392	1394
1392	1391
1391	1393
1391	1390
1390	477
479	480
482	1402
1402	1403
1403	484
482	1401
482	483
1906	1908
1907	1908
485	1406
1406	1905
1905	1413
1905	1908
1908	1412
1908	1907
1907	1411
1907	1407
1407	487
1907	486
1907	1906
1906	1404
1906	1405
1906	1905
1905	1406
488	1409
488	1408
1408	489
491	1418
1418	1420
1418	1417
1417	1419
1417	1416
1416	493
1416	1415
1415	492
494	1424
1424	1426
1424	1423
1423	1425
1423	1422
1422	495
497	1430
1430	1909
1909	1652
1909	499
1909	1431
1909	1430
1430	498
500	1433
500	1432
1432	501
503	1434
1434	504
506	507
509	510
512	1439
1439	514
512	513
515	1441
515	1440
1440	516
518	1442
1442	1443
1442	519
521	522
522	523
524	1454
524	1453
1453	525
527	528
530	1464
1464	1465
1465	532
530	531
533	1467
1467	535
1467	1466
1466	534
536	1468
536	537
539	1469
1469	540
542	543
543	1470
1470	1474
1470	1471
1471	544
545	1477
1477	1476
1476	1722
1476	546
546	547
548	549
549	1484
1484	550
551	1485
1485	552
554	555
557	1488
1488	1489
1489	1494
1489	1490
1490	559
557	558
560	1497
1497	1910
1910	1748
1910	1498
1498	562
1910	1496
1496	561
1910	1497
563	1499
1499	565
1499	564
566	1507
1507	567
569	570
572	573
575	1520
575	576
578	1911
1911	1533
1911	1526
1526	580
1911	1525
1911	1524
1524	579
1911	578
581	1528
1528	1530
1528	1527
1527	1529
1527	582
584	1536
1536	1912
1912	586
1912	1538
1912	1537
1912	1535
1535	585
1912	1536
587	1542
1542	589
1542	588
590	1544
1544	591
591	592
593	1549
1549	1550
1549	594
596	1551
1551	597
599	600
602	603
605	606
606	607
608	609
611	612
612	613
614	615
617	618
620	1570
1570	1571
1571	622
620	1569
1569	621
623	1573
1573	1574
1573	1572
1572	624
626	1575
1575	628
1575	627
629	630
632	1588
1588	1589
1589	634
632	633
635	1593
635	1591
1591	1592
1591	1590
1590	636
638	1595
1595	1594
1594	640
1594	639
641	1604
1604	1913
1913	643
1913	1605
1913	642
1913	1604
644	645
647	648
650	651
653	1627
1627	1628
1628	1635
1628	655
653	654
656	1630
1630	1632
1630	1629
1629	1631
1629	657
659	1638
1638	1639
1638	1637
1637	660
662	1640
1640	1641
1640	663
665	1642
1642	1914
1914	1781
1914	1643
1643	667
1914	666
1914	1642
668	1915
1915	1646
1646	670
1915	1645
1915	1644
1644	669
1915	668
671	1648
1648	1649
1648	1647
1647	673
1647	672
674	1654
1654	676
1654	675
677	1660
1660	678
678	679
680	681
681	682
683	684
686	687
689	1677
689	690
692	1678
1678	693
695	696
698	699
699	1681
1681	700
701	1682
1682	1683
1682	702
704	705
705	1689
1689	706
707	708
708	1708
1708	1723
1708	1709
1709	709
710	1711
1711	1710
1710	1916
1916	1719
1916	1712
1712	712
1916	711
1916	1710
713	1716
1716	1717
1716	714
716	1726
1726	1917
1917	1729
1917	1727
1727	718
1917	1725
1725	717
1917	1726
719	1732
1732	1734
1732	1731
1731	1733
1731	720
722	1736
1736	1737
1736	1735
1735	723
725	1738
1738	1739
1739	727
1738	726
728	1740
1740	729
731	732
734	1741
1741	1742
1742	736
734	735
737	1744
1744	1745
1744	1743
1743	739
1743	738
740	1750
1750	1918
1918	1797
1918	742
1918	1751
1918	741
1918	1750
743	1752
1752	744
746	747
749	750
752	1757
752	753
755	1758
1758	756
758	759
761	762
762	763
764	1771
764	1770
1770	765
767	1775
1775	1776
1775	768
770	1777
1777	771
773	1778
1778	1779
1779	1782
1779	775
773	774
776	1793
1793	1794
1793	1792
1792	778
1792	777
779	1805
1805	1806
1805	780
782	1808
782	1807
1807	783
785	1810
785	786
788	789
791	792
1920	1924
1921	1924
1922	1924
1923	1924
1920	797
797	1919
797	0
0	22
22	1923
22	19
19	16
16	1922
16	13
13	1921
13	10
10	7
7	1920
7	4
4	797
1928	1929
1925	1929
1929	1930
1931	1932
1927	1932
1932	1933
1928	1933
1933	1934
1929	1934
1934	1935
1931	1936
1936	1937
1932	1937
1933	1937
1937	1938
1934	1938
1936	1939
1937	1939
1939	3
3	829
829	1935
829	827
827	825
825	1930
825	823
823	1926
823	37
37	821
821	1925
821	35
35	1927
1927	1928
35	814
814	816
816	1931
816	818
818	820
820	1936
820	1
1	1939
1	799
799	3
1940	1943
1943	1944
1941	1944
1944	46
46	40
40	837
837	835
835	1941
835	1940
835	833
833	824
824	826
826	1943
826	828
828	1944
828	830
830	839
839	46
830	6
830	5
833	831
831	38
46	43
47	840
840	9
840	8
1947	1948
1945	1948
1948	847
847	52
52	843
843	1945
843	49
49	44
44	45
45	1947
45	842
842	1948
842	11
11	849
849	847
11	12
847	55
1952	1953
1949	1953
1950	1953
1953	1954
1956	1957
1952	1957
1953	1957
1957	1958
1954	1958
1958	867
867	865
865	64
64	859
859	1951
1951	1954
859	61
61	1950
61	58
58	852
852	1949
852	56
56	848
848	1952
848	850
850	1956
850	14
14	1957
14	15
15	1958
15	867
865	67
26	870
870	1959
1959	18
1959	868
868	17
1959	866
1959	870
870	68
26	70
26	27
27	73
24	1851
1851	20
20	21
34	811
811	809
809	815
809	807
807	1961
1961	817
1961	1962
1962	819
1962	23
23	2
1962	803
1962	1961
1961	25
1961	1960
1960	28
1960	31
1960	805
1960	807
1960	1961
85	82
82	79
79	888
79	76
76	30
76	74
74	29
1966	1967
1964	1969
1970	1971
1966	1971
1971	1972
1974	1968
1968	1969
1968	810
810	812
812	1852
1852	794
794	1965
794	893
893	1964
893	86
86	887
887	1974
887	889
889	806
806	808
808	1968
808	810
889	32
794	1860
1860	898
1860	1858
1858	88
1858	906
1858	1963
1963	908
1963	1967
1967	910
1967	1972
1972	1973
1973	912
1973	39
1973	838
1973	836
1973	1972
1972	834
1972	1971
1971	1970
1970	832
1970	36
1970	1854
1854	822
1854	1852
1852	33
1852	812
1970	1856
1970	1966
1966	1963
1963	1858
48	1976
1976	41
1976	913
1976	1975
1975	911
1975	909
1975	921
921	907
921	94
94	91
91	89
1975	97
1975	100
1975	1976
1976	48
112	1978
1978	1977
1977	1980
1980	51
1980	844
1980	1979
1979	50
1979	101
1979	927
1979	1980
1980	929
1980	1977
1977	103
1977	1978
1978	106
1978	109
1978	112
57	115
115	113
113	934
934	54
934	53
118	59
116	59
62	937
71	951
951	949
949	124
124	943
943	1848
943	1981
1981	63
1981	939
939	861
939	937
937	62
1981	121
1981	943
71	75
71	72
69	1982
1982	1983
1983	66
1983	1849
1849	65
1983	1847
1983	1982
1982	69
133	952
952	77
133	130
130	950
130	127
127	125
134	139
139	80
139	134
1986	1987
1984	1987
1987	1004
1004	160
160	157
157	154
154	1984
154	151
151	989
989	1986
989	1988
1988	897
897	902
902	1987
902	87
87	163
163	1004
87	90
1988	84
1988	142
142	140
140	83
1988	145
1988	148
1988	989
164	92
1991	1992
1992	1993
1994	1995
1990	1995
1995	1996
1991	1996
1996	1997
1997	1998
1992	1998
1999	2000
1994	2000
2000	2001
1995	2001
2001	2002
1996	2002
2003	2004
1999	2004
2004	2005
2000	2005
2005	2006
2001	2006
2006	181
181	1020
1020	1997
1020	1018
1018	1998
1018	178
178	1993
178	175
175	172
172	1989
172	169
169	1990
1990	1991
169	166
166	1994
166	161
161	1999
161	1006
1006	2003
1006	162
162	95
95	923
923	2004
923	2005
923	96
96	2006
96	181
102	1022
1022	2007
2007	928
2007	99
2007	98
2007	182
2007	1022
187	104
187	2008
2008	1023
2008	1021
1021	180
2008	1019
2008	184
184	179
2008	187
190	1028
1028	107
1028	188
2009	2011
2011	2012
2012	1038
1038	198
198	193
193	191
191	2009
191	110
110	111
111	114
114	2011
114	117
117	938
938	2012
938	940
940	201
201	1038
940	120
2014	2016
2015	2016
2014	202
202	122
122	946
946	2013
946	1089
1089	1086
1086	2015
1086	213
213	2014
213	210
210	207
207	204
204	202
1086	1050
1086	1052
1086	1083
1083	216
1083	231
231	219
231	228
228	222
228	225
946	123
123	126
126	234
126	237
238	128
135	131
252	1121
1121	131
1121	1119
1119	236
1119	235
1119	2017
2017	230
2017	246
246	243
243	240
240	229
2017	249
2017	1117
2017	1119
141	258
258	255
255	253
253	137
261	143
261	259
282	2019
2019	2020
2020	262
262	146
2020	264
2020	273
273	1131
273	270
270	267
2020	2019
2019	1136
2019	2018
2018	276
2018	279
2018	282
2018	2019
283	992
283	149
2023	2024
2021	2024
2024	2025
2025	2026
2027	2028
2023	2028
2028	2029
2024	2029
2029	2030
2025	2030
2031	2032
2027	2032
2032	2033
2028	2033
2029	2033
2033	153
153	1157
1157	2026
1157	291
291	2022
291	288
288	2021
288	1151
1151	285
285	2023
285	1147
1147	2027
1147	2031
1147	280
280	281
281	2032
281	152
152	2033
152	153
1157	294
2037	2038
2034	2038
2038	2039
2039	303
303	300
300	297
297	2034
297	2036
2036	2037
2036	167
167	168
168	2038
168	312
312	2039
312	309
309	306
306	303
2036	2040
2040	156
2040	1160
1160	155
2040	2036
2036	295
2036	297
165	158
313	170
315	321
2041	2043
2043	2044
2044	1213
1213	324
324	2041
324	310
310	311
311	173
173	2043
173	174
174	336
336	2044
336	333
333	330
330	327
327	1213
324	321
321	315
183	337
337	176
189	348
348	2045
2045	186
2045	185
2045	335
2045	334
2045	345
345	342
342	339
2045	348
189	192
205	2046
2046	194
2046	1243
1243	349
2046	1245
2046	2047
2047	1248
1248	351
2047	354
2047	357
2047	206
2047	2046
2046	205
203	1041
203	199
358	208
363	360
360	2049
2049	212
2049	211
2049	2048
2048	356
2048	355
2048	360
2048	2049
369	1261
1261	1053
1053	215
1261	1051
1261	214
369	366
366	364
372	217
372	1265
372	370
378	1285
378	2050
2050	220
220	221
2050	2051
2051	373
2051	375
2051	1274
2051	1276
2051	2050
2050	378
241	223
241	1287
241	242
242	390
390	387
387	384
384	382
239	226
232	2052
2052	1091
2052	1088
2052	1085
2052	232
391	244
399	393
393	388
388	247
388	389
399	396
2054	2055
2054	1118
1118	1120
1120	1122
1122	2056
2056	405
405	2053
405	402
402	400
400	2054
400	250
250	1118
2056	1312
2056	254
2056	251
2056	1122
260	2057
2057	1314
1314	256
2057	406
2057	263
2057	260
411	2058
2058	1132
2058	404
404	265
2058	403
2058	408
2058	411
2059	2062
2061	2062
2061	412
412	268
268	269
269	1330
1330	2060
1330	1328
1328	426
426	423
423	2059
423	2061
423	420
420	417
417	414
414	412
1328	429
269	432
433	271
2063	2065
2065	1138
1138	275
275	438
438	1339
1339	2063
1339	435
435	1329
1329	2065
1329	1331
1331	274
274	1138
1331	431
435	430
284	447
447	444
444	441
441	439
439	278
439	277
284	450
453	1152
453	451
451	286
471	477
2069	2070
2070	2071
2066	2071
2071	2072
2067	2072
2072	2073
2070	2074
2074	2075
2071	2075
2075	2076
2072	2076
2076	477
477	2068
477	471
471	468
468	465
465	462
462	2067
462	2066
462	459
459	2069
459	456
456	454
454	289
289	2070
289	2074
289	290
290	2075
290	298
298	2076
298	299
299	477
296	292
489	483
483	480
480	1399
1399	301
1399	1397
1397	478
489	486
490	304
314	307
314	492
492	488
492	487
495	316
495	493
496	319
507	1435
1435	2078
2078	323
2078	2077
2077	322
2077	491
491	494
2077	485
2077	484
2077	498
2077	501
2077	2078
2078	504
2078	1435
519	508
508	1216
508	1438
1438	325
519	516
516	510
516	513
340	341
341	520
520	328
338	331
522	1445
1445	518
518	343
343	344
1445	517
2079	2082
2082	2083
2083	2084
2080	2084
2084	2085
2083	2086
2084	2086
2086	350
350	525
525	2081
525	1450
1450	523
523	2080
523	1448
1448	2079
1448	346
346	2082
346	347
347	1244
1244	2083
1244	2086
1244	1246
1246	350
2088	2090
2090	1460
1460	1458
1458	2088
1458	2087
2087	352
352	1250
1250	2090
1250	353
353	359
359	1460
2087	526
2087	528
2087	1456
2087	1458
2091	2093
2093	2094
2093	2095
2095	365
365	540
540	2092
540	537
537	534
534	531
531	2091
531	1462
1462	1457
1457	1459
1459	2093
1459	1461
1461	2095
1461	361
361	362
362	365
1462	529
371	2096
2096	367
2096	541
2096	543
2096	374
2096	371
558	1277
558	2099
2099	2098
2098	1275
2098	1480
1480	1478
1478	544
544	376
1478	546
2098	1482
2098	2097
2097	1486
1486	555
555	549
555	552
2097	558
2097	2099
2097	2098
380	559
383	1504
1504	2101
2101	559
2101	2100
2100	561
2100	564
2100	1500
2100	2101
2101	1502
2101	1504
392	1505
1505	385
392	1518
1518	1503
1518	1516
1516	2103
2103	1501
2103	2102
2102	1508
1508	570
570	565
570	567
2102	1510
2102	1512
2102	1514
1514	573
2102	2103
2103	1516
574	1521
2105	2106
2105	2107
2107	395
395	582
582	1521
1521	2104
1521	574
574	1515
1515	2105
1515	1517
1517	1519
1519	2107
1519	394
394	395
582	579
401	397
401	407
407	583
413	581
581	409
413	580
413	585
588	415
588	586
591	418
591	589
597	2108
2108	1554
2108	422
2108	421
2108	1546
1546	592
2108	594
2108	597
600	1556
609	1555
1555	424
609	2110
2110	1553
2110	2109
2109	600
600	598
2109	1556
2109	606
2109	1558
2109	2110
2110	609
434	2112
2112	427
2112	610
2112	2111
2111	1560
2111	1562
1562	612
2111	1564
2111	1566
1566	615
2111	2112
2112	434
440	2114
2114	1341
2114	2113
2113	436
2113	1567
2113	616
2113	618
2113	2114
2114	440
619	442
2118	2119
2115	2119
2119	2120
2117	2124
2124	2125
2118	2125
2125	2126
2119	2126
2126	2127
2120	2127
2127	2128
2121	2128
2123	2124
2123	2129
2129	2130
2124	2130
2130	2131
2125	2131
2131	2132
2126	2132
2132	2133
2127	2133
2131	2134
2134	2135
2132	2135
2135	2136
2136	1838
1838	1836
1836	2128
1836	2122
1836	1834
1834	1584
1584	1582
1582	2121
1582	1580
1580	2116
2116	2120
1580	1578
1578	2115
1578	1576
1576	2117
2117	2118
1576	630
630	624
624	621
621	2123
621	613
613	2129
613	1563
1563	2130
1563	1565
1565	2131
1565	2134
1565	614
614	2135
614	617
617	2136
617	1838
617	445
445	446
630	627
1834	1586
1834	457
457	458
452	2138
2138	2137
2137	1839
1839	448
2137	1837
2137	2138
2138	1835
2138	455
2138	452
2140	2141
2141	2142
2142	2143
2143	2144
2144	2145
2145	2140
2146	2147
2142	2147
2147	2148
2143	2148
2148	1596
1596	639
639	2145
639	636
636	633
633	2140
633	631
631	1577
1577	1579
1579	2141
1579	1581
1581	2142
1581	1583
1583	2146
1583	1585
1585	1587
1587	2147
1587	460
460	461
461	2148
461	1598
1598	1596
642	1601
1601	1599
1599	463
1601	1597
1601	640
643	466
604	648
657	469
2150	2153
2152	2153
2152	2155
2156	2154
2154	2155
2154	2157
2157	605
605	622
622	2153
622	623
623	2151
623	637
637	2149
2149	1617
1617	2150
1617	1615
1615	2152
1615	1613
1613	2156
1613	651
651	648
648	2157
2157	2154
648	604
604	1557
1557	605
2149	1619
2149	1621
2149	637
637	638
638	1623
638	1603
1603	1625
1603	641
641	469
469	654
469	657
472	473
475	655
2159	2160
2160	669
669	666
666	660
660	655
655	2159
655	475
475	476
476	1398
1398	2160
1398	1400
1400	672
672	669
1400	479
666	663
497	481
497	673
675	2161
2161	1657
2161	2162
2162	500
2162	499
2162	671
2162	2161
2161	670
2161	675
2163	2165
2165	1669
1669	1667
1667	1665
1665	2163
1665	1663
1663	1656
1656	1658
1658	2165
1658	502
502	687
687	1671
1671	1669
502	503
1663	1661
1661	676
1661	678
1667	684
684	681
690	1679
509	1679
1679	1675
1675	1673
1673	1436
1673	688
688	505
1679	690
696	702
702	511
702	1680
702	696
696	694
521	1685
1685	703
703	514
514	515
521	1452
1452	1687
1452	2166
2166	705
2166	1463
1463	1690
1463	530
2166	527
2166	524
2166	1452
698	1696
714	2167
2167	532
2167	1702
1702	1700
1700	1692
1700	1698
1698	706
1698	1696
1696	698
2167	1704
2167	1713
1713	1706
1713	711
711	708
2167	714
715	535
542	2168
2168	1715
1715	538
1715	713
2168	712
2168	545
2168	542
717	2169
2169	1483
2169	1481
2169	2170
2170	1479
2170	547
2170	710
2170	709
2170	2169
2169	717
551	718
732	2171
2171	718
2171	720
2171	723
2171	729
729	726
2171	732
738	735
735	733
733	553
560	1487
560	739
739	556
566	562
747	2172
2172	562
2172	737
2172	744
744	736
744	741
2172	747
750	1753
1753	569
1753	748
748	568
753	759
575	1513
759	2173
2173	1513
1513	575
2173	1511
2173	2175
2175	2174
2174	1509
2174	1756
1756	571
2174	751
2174	2175
2175	753
2175	2173
2173	759
584	1523
584	587
587	590
590	577
590	1548
1548	1760
1548	593
593	760
646	596
646	2176
2176	758
758	595
2176	2177
2177	757
2177	1761
2177	2176
2176	647
2176	646
602	644
611	1559
1559	608
611	607
611	620
634	625
634	635
632	628
755	1763
762	1765
1765	650
1765	1763
1763	649
1763	1762
1763	755
2180	2181
2181	2182
2182	2179
2183	2184
2180	2184
2182	2185
2185	1616
1616	1618
1618	1620
1620	2178
1620	1622
1622	2180
1622	2183
1622	1624
1624	1626
1626	2186
2186	2184
2186	768
768	1772
1772	2181
1772	2182
1772	765
765	2185
765	763
763	2187
2187	1616
2187	1614
2187	1768
1768	652
2187	763
2186	771
2186	659
2186	653
2186	1626
772	661
774	770
770	664
774	769
674	667
674	775
674	677
677	2188
2188	1784
2188	2189
2189	1788
2189	2190
2190	777
2190	728
2190	727
2190	780
2190	783
2190	2189
2189	2188
2188	677
2192	2193
2193	2194
2194	2195
2195	2196
2196	2197
2197	2192
2197	784
784	679
679	2193
679	1662
1662	2194
1662	1664
1664	2195
1664	1666
1666	680
680	2196
680	1814
1814	1811
1811	2197
1811	786
786	784
792	1830
1830	2200
2200	683
2200	682
2200	1816
2200	2198
2198	2199
2199	1813
2199	2201
2201	787
2201	2202
2202	789
2202	722
2202	1818
1818	721
2202	1820
2202	2201
2201	1822
2201	2199
2199	1824
2199	2198
2198	1826
2198	2200
2200	1828
2200	1830
689	793
793	2203
2203	1674
2203	1672
1672	686
2203	1670
2203	1668
2203	1833
1833	685
2203	793
692	791
2207	2208
2204	2208
2208	2209
2209	2210
2213	2214
2206	2214
2214	2215
2207	2215
2215	2216
2216	2217
2208	2217
2217	2218
2209	2218
2218	2219
2210	2219
2219	2220
2212	2222
2222	2223
2223	2224
2213	2224
2224	2225
2214	2225
2225	2226
2215	2226
2226	2227
2216	2227
2227	2228
2217	2228
2228	2229
2218	2229
2229	2230
2219	2230
2230	2231
2220	2231
2226	2232
2232	2233
2227	2233
2233	2234
2228	2234
2234	2235
2229	2235
2235	2236
2230	2236
2236	716
716	2221
716	719
719	1819
1819	2220
1819	2211
1819	1821
1821	1823
1823	2210
1823	2205
1823	1825
1825	2204
1825	1827
1827	2207
1827	2206
1827	1829
1829	1831
1831	2213
1831	2212
1831	791
791	692
692	2222
692	695
695	2223
695	1697
1697	2224
1697	1699
1699	2225
1699	1701
1701	2232
2232	2226
1701	1703
1703	2233
1703	1705
1705	2234
1705	2235
1705	1707
1707	2236
1707	707
707	716
704	2237
2237	1686
2237	700
700	701
2237	704
779	724
779	790
734	740
740	778
778	730
2240	2241
2241	2242
2242	2239
2241	2243
2243	2244
2244	2245
2242	2245
2246	2247
2243	2247
2247	2248
2244	2248
2248	1800
1800	1798
1798	2239
1798	766
766	1774
1774	2238
1774	2240
1774	767
767	773
773	1787
1787	2241
1787	1791
1791	2243
1791	2246
1791	776
776	742
742	2247
742	743
743	1802
1802	2248
1802	1800
2251	2252
2252	1764
1764	1766
1766	1799
1799	1801
1801	2251
1801	2250
2250	1754
1754	749
749	2252
749	752
752	1764
2250	746
2250	1803
1803	745
2250	1801
1766	761
761	764
785	788
788	781
795	2253
2253	1859
2253	1857
2253	1855
2253	1853
2253	795
796	0
798	796
1	796
799	1
798	797
800	798
799	798
3	799
5	4
6	5
8	7
9	8
11	10
12	11
801	13
802	801
14	801
15	14
17	16
18	17
20	19
21	20
23	22
2	23
21	23
804	21
804	803
24	804
26	25
27	26
29	28
30	29
32	31
806	32
806	805
808	806
808	807
810	808
810	809
812	810
812	811
33	812
35	34
814	35
814	813
816	814
816	815
818	816
818	817
820	818
820	819
1	820
33	35
822	33
822	821
36	822
38	37
824	38
824	823
826	824
826	825
828	826
828	827
830	828
830	829
5	830
36	38
832	36
832	831
834	832
834	833
836	834
836	835
838	836
838	837
39	838
41	40
42	41
44	43
45	44
47	46
840	47
840	839
8	840
45	47
842	45
842	841
11	842
42	44
48	42
50	49
844	50
844	843
51	844
845	52
846	845
53	845
54	53
56	55
848	56
848	847
850	848
850	849
14	850
851	56
853	851
54	851
854	54
853	852
855	853
854	853
57	854
856	58
857	856
59	856
60	59
858	61
860	858
62	858
861	62
860	859
862	860
861	860
63	861
863	64
864	863
65	863
66	65
68	67
866	68
866	865
868	866
868	867
17	868
869	68
871	869
66	869
872	66
871	870
873	871
872	871
69	872
874	70
875	874
71	874
72	71
74	73
29	74
876	74
877	876
72	876
75	72
878	76
879	878
77	878
78	77
880	79
881	880
80	880
81	80
882	82
884	882
883	882
885	883
83	883
84	83
86	85
887	86
887	886
889	887
889	888
32	889
890	86
894	890
891	890
895	891
892	891
896	892
84	892
897	84
894	893
899	894
895	894
900	895
896	895
901	896
897	896
902	897
899	898
903	899
900	899
904	900
901	900
905	901
902	901
87	902
89	88
907	89
907	906
909	907
909	908
911	909
911	910
913	911
913	912
41	913
914	89
916	914
915	914
917	915
87	915
90	87
918	91
919	918
92	918
93	92
920	94
922	920
95	920
923	95
922	921
924	922
923	922
96	923
925	97
926	925
98	925
99	98
101	100
50	101
99	101
928	99
928	927
930	928
930	929
102	930
104	103
105	104
931	106
932	931
107	931
108	107
110	109
111	110
113	112
934	113
934	933
53	934
935	113
936	935
111	935
114	111
116	115
59	116
114	116
117	114
119	118
62	119
117	119
938	117
938	937
940	938
940	939
120	940
941	121
944	941
942	941
945	942
122	942
946	122
944	943
947	944
945	944
948	945
946	945
123	946
125	124
950	125
950	949
952	950
952	951
77	952
953	125
955	953
954	953
956	954
123	954
126	123
128	127
129	128
957	130
960	957
958	957
961	958
959	958
962	959
131	959
132	131
134	133
80	134
963	134
966	963
964	963
967	964
965	964
968	965
132	965
135	132
969	136
971	969
970	969
972	970
137	970
138	137
973	139
975	973
974	973
976	974
140	974
83	140
977	140
978	977
138	977
141	138
979	142
981	979
980	979
982	980
143	980
144	143
983	145
985	983
984	983
986	984
146	984
147	146
987	148
990	987
988	987
991	988
149	988
992	149
990	989
993	990
991	990
994	991
992	991
150	992
995	151
998	995
996	995
999	996
997	996
1000	997
152	997
153	152
1001	154
1002	1001
155	1001
156	155
158	157
159	158
1003	160
1005	1003
161	1003
1006	161
1005	1004
1007	1005
1006	1005
162	1006
1008	163
1009	1008
164	1008
92	164
162	164
95	162
1010	161
1011	1010
159	1010
165	159
1012	166
1014	1012
1013	1012
1015	1013
167	1013
168	167
170	169
171	170
1016	172
1017	1016
173	1016
174	173
176	175
177	176
179	178
1019	179
1019	1018
1021	1019
1021	1020
180	1021
182	181
98	182
180	182
1023	180
1023	1022
104	1023
177	179
183	177
1024	184
1025	1024
185	1024
186	185
1026	187
1027	1026
188	1026
107	188
186	188
1029	186
1029	1028
189	1029
191	190
110	191
1030	191
1031	1030
189	1030
192	189
197	194
1033	197
196	1033
1034	193
1035	1034
195	1034
1036	198
1039	1036
1037	1036
1040	1037
199	1037
1041	199
1039	1038
1042	1039
1040	1039
1043	1040
1041	1040
200	1041
1044	201
1046	1044
1045	1044
1047	1045
202	1045
122	202
200	202
203	200
1048	204
1049	1048
205	1048
206	205
208	207
209	208
211	210
212	211
214	213
1051	214
1051	1050
1053	1051
1053	1052
215	1053
217	216
218	217
1054	219
1058	1054
1055	1054
1059	1055
1056	1055
1060	1056
1057	1056
1061	1057
220	1057
221	220
1062	222
1066	1062
1063	1062
1067	1063
1064	1063
1068	1064
1065	1064
1069	1065
223	1065
224	223
1070	225
1073	1070
1071	1070
1074	1071
1072	1071
1075	1072
226	1072
227	226
1076	228
1079	1076
1077	1076
1080	1077
1078	1077
1081	1078
229	1078
230	229
1082	231
1084	1082
232	1082
1085	232
1084	1083
1087	1084
1085	1084
1088	1085
1087	1086
1090	1087
1088	1087
1091	1088
1090	1089
1092	1090
1091	1090
233	1091
1093	234
1096	1093
1094	1093
1097	1094
1095	1094
1098	1095
235	1095
236	235
1099	237
1100	1099
238	1099
128	238
1101	238
1103	1101
1102	1101
1104	1102
236	1102
131	236
1105	235
1108	1105
1106	1105
1109	1106
1107	1106
1110	1107
233	1107
232	233
227	229
239	227
1111	240
1113	1111
1112	1111
1114	1112
241	1112
242	241
244	243
245	244
1115	246
1116	1115
247	1115
248	247
250	249
1118	250
1118	1117
1120	1118
1120	1119
1122	1120
1122	1121
251	1122
1123	252
1124	1123
253	1123
137	253
1125	253
1126	1125
251	1125
254	251
1127	255
1128	1127
256	1127
257	256
1129	258
1130	1129
259	1129
143	259
257	259
260	257
262	261
146	262
260	262
263	260
265	264
1132	265
1132	1131
266	1132
1133	267
1134	1133
268	1133
269	268
271	270
272	271
1135	273
1137	1135
274	1135
1138	274
1137	1136
1139	1137
1138	1137
275	1138
1140	276
1141	1140
277	1140
278	277
1142	279
1143	1142
280	1142
281	280
283	282
149	283
1144	283
1145	1144
281	1144
152	281
1146	280
1148	1146
278	1146
1149	278
1148	1147
1150	1148
1149	1148
284	1149
286	285
1152	286
1152	1151
287	1152
1153	288
1154	1153
289	1153
290	289
292	291
293	292
1155	294
1158	1155
1156	1155
1159	1156
295	1156
1160	295
1158	1157
1161	1158
1159	1158
1162	1159
1160	1159
155	1160
1163	295
1165	1163
1164	1163
1166	1164
293	1164
296	293
1167	297
1170	1167
1168	1167
1171	1168
1169	1168
1172	1169
298	1169
299	298
1173	300
1176	1173
1174	1173
1177	1174
1175	1174
1178	1175
301	1175
302	301
1179	303
1180	1179
304	1179
305	304
1181	306
1182	1181
307	1181
308	307
1183	309
1186	1183
1184	1183
1187	1184
1185	1184
1188	1185
310	1185
311	310
1189	312
1190	1189
313	1189
170	313
1191	313
1192	1191
311	1191
173	311
1193	310
1195	1193
1194	1193
1196	1194
308	1194
314	308
1197	315
1199	1197
1198	1197
1200	1198
316	1198
317	316
1201	318
1203	1201
1202	1201
1204	1202
319	1202
320	319
1205	321
1208	1205
1206	1205
1209	1206
1207	1206
1210	1207
322	1207
323	322
1211	324
1214	1211
1212	1211
1215	1212
325	1212
1216	325
1214	1213
1217	1214
1215	1214
1218	1215
1216	1215
326	1216
1219	327
1221	1219
1220	1219
1222	1220
328	1220
329	328
331	330
332	331
1223	333
1224	1223
334	1223
335	334
1225	336
1226	1225
337	1225
176	337
1227	337
1228	1227
335	1227
185	335
332	334
338	332
1229	339
1230	1229
340	1229
341	340
1231	342
1233	1231
1232	1231
1234	1232
343	1232
344	343
1235	345
1237	1235
1236	1235
1238	1236
346	1236
347	346
1239	348
1241	1239
1240	1239
1242	1240
349	1240
194	349
347	349
1244	347
1244	1243
1246	1244
1246	1245
350	1246
1247	351
1249	1247
352	1247
1250	352
1249	1248
1251	1249
1250	1249
353	1250
1252	354
1253	1252
355	1252
356	355
1254	357
1255	1254
358	1254
208	358
356	358
211	356
1256	355
1257	1256
353	1256
359	353
1258	360
1259	1258
361	1258
362	361
364	363
1261	364
1261	1260
214	1261
1262	364
1263	1262
362	1262
365	362
367	366
368	367
370	369
1265	370
1265	1264
217	1265
368	370
371	368
1266	372
1268	1266
1267	1266
1269	1267
373	1267
220	373
1270	373
1272	1270
1271	1270
1273	1271
371	1271
374	371
376	375
1275	376
1275	1274
1277	1275
1277	1276
377	1277
1278	378
1281	1278
1279	1278
1282	1279
1280	1279
1283	1280
379	1280
380	379
1284	381
1286	1284
382	1284
1287	382
1286	1285
1288	1286
1287	1286
223	1287
1289	382
1291	1289
1290	1289
1292	1290
380	1290
383	380
1293	384
1295	1293
1294	1293
1296	1294
385	1294
386	385
1297	387
1298	1297
388	1297
389	388
1299	390
1300	1299
391	1299
244	391
389	391
247	389
1301	388
1302	1301
386	1301
392	386
1303	393
1304	1303
394	1303
395	394
397	396
398	397
1305	399
1306	1305
400	1305
250	400
1307	400
1308	1307
398	1307
401	398
1309	402
1310	1309
403	1309
404	403
1311	405
1313	1311
406	1311
1314	406
1313	1312
1315	1313
1314	1313
256	1314
404	406
265	404
401	403
407	401
409	408
410	409
1316	411
1318	1316
1317	1316
1319	1317
412	1317
268	412
1320	412
1322	1320
1321	1320
1323	1321
410	1321
413	410
415	414
416	415
418	417
419	418
1324	420
1325	1324
421	1324
422	421
424	423
425	424
1326	426
1327	1326
427	1326
428	427
430	429
1329	430
1329	1328
1331	1329
1331	1330
431	1331
1332	432
1333	1332
433	1332
271	433
1334	433
1335	1334
431	1334
274	431
1336	430
1337	1336
428	1336
434	428
1338	435
1340	1338
436	1338
1341	436
1340	1339
1342	1340
1341	1340
437	1341
1343	438
1344	1343
439	1343
277	439
1345	439
1346	1345
437	1345
440	437
1347	441
1348	1347
442	1347
443	442
1349	444
1350	1349
445	1349
446	445
1351	447
1352	1351
448	1351
449	448
451	450
286	451
1353	451
1355	1353
1354	1353
1356	1354
449	1354
452	449
454	453
289	454
1357	454
1359	1357
1358	1357
1360	1358
452	1358
455	452
1361	456
1363	1361
1362	1361
1364	1362
457	1362
458	457
1365	459
1368	1365
1366	1365
1369	1366
1367	1366
1370	1367
460	1367
461	460
1371	462
1373	1371
1372	1371
1374	1372
463	1372
464	463
1375	465
1376	1375
466	1375
467	466
1377	468
1380	1377
1378	1377
1381	1378
1379	1378
1382	1379
469	1379
470	469
1383	471
1385	1383
1384	1383
1386	1384
472	1384
473	472
1387	474
1390	1387
1388	1387
1391	1388
1389	1388
1392	1389
475	1389
476	475
1393	477
1395	1393
1394	1393
1396	1394
478	1394
301	478
476	478
1398	476
1398	1397
1400	1398
1400	1399
479	1400
481	480
482	481
1401	483
1404	1401
1402	1401
1405	1402
1403	1402
1406	1403
484	1403
485	484
1407	486
1408	1407
487	1407
488	487
1409	489
1410	1409
490	1409
304	490
488	490
307	488
1411	487
1415	1411
1412	1411
1416	1412
1413	1412
1417	1413
1414	1413
1418	1414
485	1414
491	485
493	492
316	493
1419	493
1422	1419
1420	1419
1423	1420
1421	1420
1424	1421
491	1421
494	491
1425	495
1427	1425
1426	1425
1428	1426
496	1426
319	496
494	496
322	494
1429	484
1430	1429
482	1429
497	482
1431	498
1432	1431
499	1431
500	499
1433	501
1434	1433
502	1433
503	502
505	504
1436	505
1436	1435
506	1436
508	507
1438	508
1438	1437
325	1438
506	508
509	506
511	510
512	511
1439	513
1440	1439
514	1439
515	514
1441	516
1442	1441
517	1441
518	517
1443	519
1444	1443
520	1443
328	520
518	520
343	518
515	517
1446	515
1446	1445
521	1446
523	522
1448	523
1448	1447
346	1448
1449	523
1451	1449
521	1449
1452	521
1451	1450
1453	1451
1452	1451
524	1452
1454	525
1455	1454
526	1454
352	526
524	526
527	524
529	528
1457	529
1457	1456
1459	1457
1459	1458
1461	1459
1461	1460
361	1461
527	529
1463	527
1463	1462
530	1463
1464	531
1466	1464
1465	1464
1467	1465
532	1465
533	532
535	534
536	535
1468	537
1469	1468
538	1468
539	538
541	540
367	541
539	541
542	539
1470	543
1472	1470
1471	1470
1473	1471
544	1471
376	544
1474	544
1476	1474
1475	1474
1477	1475
542	1475
545	542
547	546
1479	547
1479	1478
1481	1479
1481	1480
1483	1481
1483	1482
548	1483
1484	549
1485	1484
550	1484
551	550
553	552
554	553
556	555
1487	556
1487	1486
557	1487
1488	558
1491	1488
1489	1488
1492	1489
1490	1489
1493	1490
559	1490
379	559
1494	559
1496	1494
1495	1494
1497	1495
557	1495
560	557
1498	561
1499	1498
562	1498
563	562
565	564
1501	565
1501	1500
1503	1501
1503	1502
1505	1503
1505	1504
385	1505
1506	565
1507	1506
563	1506
566	563
568	567
569	568
571	570
1509	571
1509	1508
1511	1509
1511	1510
1513	1511
1513	1512
572	1513
574	573
1515	574
1515	1514
1517	1515
1517	1516
1519	1517
1519	1518
394	1519
572	574
575	572
1520	576
1522	1520
577	1520
1523	577
1522	1521
1524	1522
1523	1522
578	1523
1525	579
1527	1525
1526	1525
1528	1526
580	1526
581	580
1529	582
1531	1529
1530	1529
1532	1530
583	1530
397	583
581	583
409	581
1533	580
1535	1533
1534	1533
1536	1534
578	1534
584	578
1537	585
1539	1537
1538	1537
1540	1538
586	1538
415	586
1541	586
1542	1541
584	1541
587	584
589	588
418	589
1543	589
1544	1543
587	1543
590	587
592	591
421	592
1545	592
1547	1545
590	1545
1548	590
1547	1546
1549	1547
1548	1547
593	1548
1550	594
1551	1550
595	1550
596	595
598	597
1553	598
1553	1552
1555	1553
1555	1554
424	1555
596	598
599	596
601	600
602	601
604	603
1557	604
1557	1556
605	1557
607	606
1559	607
1559	1558
608	1559
610	609
427	610
608	610
1561	608
1561	1560
611	1561
613	612
1563	613
1563	1562
1565	1563
1565	1564
614	1565
616	615
1567	616
1567	1566
436	1567
614	616
617	614
619	618
442	619
617	619
445	617
1568	613
1569	1568
611	1568
620	611
1570	621
1572	1570
1571	1570
1573	1571
622	1571
623	622
1574	624
1575	1574
625	1574
626	625
628	627
629	628
631	630
1577	631
1577	1576
1579	1577
1579	1578
1581	1579
1581	1580
1583	1581
1583	1582
1585	1583
1585	1584
1587	1585
1587	1586
460	1587
629	631
632	629
1588	633
1590	1588
1589	1588
1591	1589
634	1589
635	634
1592	636
1594	1592
1593	1592
1595	1593
637	1593
638	637
640	639
1597	640
1597	1596
1599	1597
1599	1598
463	1599
1600	640
1602	1600
638	1600
1603	638
1602	1601
1604	1602
1603	1602
641	1603
1605	642
1606	1605
643	1605
466	643
1607	643
1608	1607
641	1607
469	641
635	637
625	635
1609	634
1610	1609
632	1609
628	632
1611	622
1612	1611
620	1611
607	620
602	604
644	602
646	645
647	646
649	648
650	649
652	651
1614	652
1614	1613
1616	1614
1616	1615
1618	1616
1618	1617
1620	1618
1620	1619
1622	1620
1622	1621
1624	1622
1624	1623
1626	1624
1626	1625
653	1626
1627	654
1629	1627
1628	1627
1630	1628
655	1628
656	655
1631	657
1633	1631
1632	1631
1634	1632
658	1632
472	658
656	658
475	656
1635	655
1637	1635
1636	1635
1638	1636
653	1636
659	653
1639	660
1640	1639
661	1639
662	661
1641	663
1642	1641
664	1641
665	664
1643	666
1644	1643
667	1643
668	667
1645	669
1647	1645
1646	1645
1648	1646
670	1646
671	670
673	672
481	673
1649	673
1651	1649
1650	1649
1652	1650
671	1650
499	671
1653	670
1654	1653
668	1653
674	668
676	675
1656	676
1656	1655
1658	1656
1658	1657
502	1658
1659	676
1660	1659
674	1659
677	674
679	678
1662	679
1662	1661
1664	1662
1664	1663
1666	1664
1666	1665
680	1666
682	681
683	682
685	684
1668	685
1668	1667
1670	1668
1670	1669
1672	1670
1672	1671
686	1672
688	687
505	688
686	688
1674	686
1674	1673
1676	1674
1676	1675
689	1676
1677	690
1678	1677
691	1677
692	691
694	693
1680	694
1680	1679
511	1680
692	694
695	692
697	696
698	697
1681	699
1682	1681
700	1681
701	700
1683	702
1684	1683
703	1683
514	703
701	703
1686	701
1686	1685
1688	1686
1688	1687
704	1688
1689	705
1691	1689
706	1689
1692	706
1691	1690
1693	1691
1692	1691
532	1692
1694	706
1695	1694
704	1694
700	704
695	697
1697	695
1697	1696
1699	1697
1699	1698
1701	1699
1701	1700
1703	1701
1703	1702
1705	1703
1705	1704
1707	1705
1707	1706
707	1707
1708	708
1710	1708
1709	1708
1711	1709
709	1709
710	709
1712	711
1714	1712
712	1712
1715	712
1714	1713
1716	1714
1715	1714
713	1715
1717	714
1718	1717
715	1717
535	715
713	715
538	713
1719	712
1721	1719
1720	1719
1722	1720
710	1720
547	710
1723	709
1725	1723
1724	1723
1726	1724
707	1724
716	707
1727	717
1728	1727
718	1727
550	718
1729	718
1731	1729
1730	1729
1732	1730
716	1730
719	716
1733	720
1735	1733
1734	1733
1736	1734
721	1734
722	721
1737	723
1738	1737
724	1737
725	724
1739	726
1740	1739
727	1739
728	727
730	729
731	730
733	732
553	733
731	733
734	731
1741	735
1743	1741
1742	1741
1744	1742
736	1742
737	736
739	738
556	739
1745	739
1747	1745
1746	1745
1748	1746
737	1746
562	737
1749	736
1750	1749
734	1749
740	734
1751	741
1752	1751
742	1751
743	742
745	744
746	745
748	747
568	748
746	748
1754	746
1754	1753
749	1754
751	750
1756	751
1756	1755
571	1756
749	751
752	749
1757	753
1758	1757
754	1757
755	754
757	756
758	757
760	759
1760	760
1760	1759
577	1760
758	760
595	758
755	757
1762	755
1762	1761
649	1762
752	754
1764	752
1764	1763
1766	1764
1766	1765
761	1766
763	762
1768	763
1768	1767
652	1768
1769	763
1770	1769
761	1769
764	761
1771	765
1773	1771
766	1771
1774	766
1773	1772
1775	1773
1774	1773
767	1774
1776	768
1777	1776
769	1776
770	769
772	771
661	772
770	772
664	770
767	769
773	767
1778	774
1780	1778
1779	1778
1781	1779
775	1779
667	775
1782	775
1785	1782
1783	1782
1786	1783
773	1783
1787	773
1785	1784
1789	1785
1786	1785
1790	1786
1787	1786
1791	1787
1789	1788
1792	1789
1790	1789
1793	1790
1791	1790
776	1791
778	777
730	778
1794	778
1796	1794
1795	1794
1797	1795
776	1795
742	776
764	766
1799	764
1799	1798
1801	1799
1801	1800
1803	1801
1803	1802
745	1803
1804	727
1805	1804
725	1804
779	725
1806	780
1807	1806
781	1806
782	781
1808	783
1809	1808
784	1808
679	784
782	784
785	782
1810	786
1812	1810
787	1810
1813	787
1812	1811
1815	1812
1813	1812
1816	1813
1815	1814
1817	1815
1816	1815
682	1816
785	787
788	785
790	789
724	790
788	790
781	788
719	721
1819	719
1819	1818
1821	1819
1821	1820
1823	1821
1823	1822
1825	1823
1825	1824
1827	1825
1827	1826
1829	1827
1829	1828
1831	1829
1831	1830
791	1831
793	792
1833	793
1833	1832
685	1833
791	793
691	791
644	646
601	644
455	457
1835	455
1835	1834
1837	1835
1837	1836
1839	1837
1839	1838
448	1839
1840	340
1841	1840
338	1840
331	338
296	298
292	296
1842	241
1843	1842
239	1842
226	239
1844	205
1845	1844
203	1844
199	203
165	167
158	165
69	71
1847	69
1847	1846
1849	1847
1849	1848
65	1849
24	26
1851	24
1851	1850
20	1851
795	794
1853	795
1853	1852
1855	1853
1855	1854
1857	1855
1857	1856
1859	1857
1859	1858
1861	1859
1861	1860
795	1861
796	2
1	2
800	5
4	5
7	8
10	11
801	14
13	801
802	17
16	17
19	20
22	23
25	26
28	29
31	32
34	35
37	38
40	41
43	44
46	47
49	50
845	53
52	845
846	851
55	851
56	851
855	59
856	59
58	856
858	62
857	858
61	858
863	65
862	863
64	863
864	869
68	869
67	68
873	71
874	71
70	874
875	876
73	876
74	876
878	77
877	878
76	878
879	80
880	80
79	880
881	975
1863	975
976	975
883	976
83	976
882	883
881	882
82	882
885	892
891	892
884	891
890	891
85	890
86	890
905	915
904	915
914	915
903	914
89	914
88	89
917	1009
92	1009
916	92
918	92
91	918
920	95
919	920
94	920
924	98
925	98
97	925
926	101
100	101
103	104
931	1027
107	1027
106	931
932	110
109	110
112	935
113	935
936	116
115	116
118	119
941	1046
942	1046
1047	1046
122	1047
121	941
948	954
953	954
947	953
125	953
124	125
956	1100
955	1100
128	1100
127	128
957	1103
958	1103
1104	1103
959	1104
131	1104
130	957
962	965
961	965
964	965
960	964
963	964
133	963
134	963
968	1124
1864	1124
137	1124
970	137
1865	970
969	970
966	969
136	969
967	966
1864	967
968	967
972	977
1866	977
974	977
140	977
973	974
971	973
139	973
972	971
980	1130
143	1130
979	980
978	979
142	979
982	146
984	146
981	984
983	984
145	983
986	149
988	149
985	988
987	988
148	987
1867	1145
997	1145
152	1145
996	997
994	996
995	996
993	995
151	995
150	994
1000	1161
1162	1161
999	1162
1868	1162
155	1162
1001	155
998	1001
154	1001
999	998
1002	158
157	158
1003	1010
161	1010
160	1003
1007	164
1008	164
163	1008
1013	167
1012	1013
1011	1012
166	1012
1015	1190
1014	1190
170	1190
169	170
1016	1192
173	1192
172	1016
1017	1226
176	1226
175	176
178	179
181	182
1024	1228
185	1228
184	1024
1025	188
1026	188
187	1026
190	1030
191	1030
195	1241
1862	1241
196	1241
1032	1241
1242	1241
194	1242
1034	195
1031	1034
193	1034
1033	1845
1869	1845
199	1845
1037	199
1870	1037
1036	1037
1035	1036
198	1036
195	1035
1869	195
1862	195
196	1862
1033	196
1045	202
1043	1045
1044	1045
1042	1044
201	1044
204	1844
1048	1844
205	1844
1049	1255
208	1255
207	208
210	211
213	214
216	217
1055	1268
1056	1268
1269	1268
1057	1269
220	1269
1054	1055
219	1054
1873	1872
1874	1872
1873	1288
1871	1288
223	1288
1065	223
1872	1065
1064	1065
1874	1064
1063	1064
1875	1063
1062	1063
1058	1062
222	1062
1059	1058
1874	1059
1060	1059
1873	1060
1061	1060
221	1061
1878	1877
1879	1877
1876	1843
1877	1843
226	1843
1072	226
1879	1072
1071	1072
1070	1071
1066	1070
225	1070
1067	1066
1878	1067
1068	1067
1876	1068
1069	1068
224	1069
1075	229
1078	229
1074	1078
1077	1078
1073	1077
1076	1077
228	1076
1081	1108
1080	1108
1109	1108
1079	1109
1110	1109
231	1110
1082	1110
232	1110
1092	1107
234	1107
1093	1107
1106	1107
1094	1106
1105	1106
1095	1105
235	1105
1098	1102
1880	1102
1101	1102
1881	1101
238	1101
1099	238
237	1099
1096	237
1880	1096
1097	1096
1098	1097
1111	1842
1112	1842
241	1842
240	1111
1114	1300
244	1300
1113	244
243	244
1115	247
246	1115
1116	1306
249	1306
250	1306
252	1125
1123	1125
253	1125
1882	1315
256	1315
1127	256
1126	1127
255	1127
254	1126
1128	259
1129	259
258	1129
261	262
264	265
267	1318
1133	1318
1319	1318
268	1319
1134	1333
271	1333
270	271
1135	1335
274	1335
273	1135
1139	1344
1140	1344
277	1344
276	1140
1141	1146
1142	1146
280	1146
279	1142
1143	1144
282	1144
283	1144
1150	286
285	286
1153	289
288	1153
1154	292
291	292
1883	1164
1155	1164
1156	1164
1163	1164
295	1163
294	1155
293	294
1169	298
1166	1169
1168	1169
1165	1168
1167	1168
297	1167
1886	1884
1887	1886
1172	1395
1885	1395
1884	1395
1396	1395
301	1396
1175	301
1886	1175
1174	1175
1887	1174
1888	1174
1173	1174
300	1173
1170	300
1887	1170
1171	1170
1885	1171
1172	1171
1178	1410
1177	1410
304	1410
1176	304
1179	304
303	1179
1181	307
1180	1181
306	1181
1890	1194
1193	1194
1185	1193
310	1193
1184	1185
1183	1184
1889	1183
309	1183
1182	309
308	1182
1890	308
1188	1191
1187	1191
313	1191
1189	313
1186	1189
312	1189
1196	316
1198	316
1195	1198
1197	1198
315	1197
1200	1427
1893	1427
1891	1427
1428	1427
1202	1428
319	1428
1201	1202
1892	1201
318	1201
1199	318
1893	1199
1200	1199
1891	1893
1207	322
1204	1207
1206	1207
1203	1206
1205	1206
321	1205
1210	325
1212	325
1209	1212
1211	1212
1208	1211
324	1211
1896	1894
1894	1444
1896	1444
328	1444
1220	328
1895	1220
1219	1220
1217	1219
327	1219
1218	1217
1894	1218
326	1218
1222	1841
1221	1841
331	1841
330	331
1223	334
333	1223
1224	1227
1225	1227
337	1227
336	1225
1229	1840
340	1840
339	1229
1232	343
1230	1232
1231	1232
342	1231
1236	346
1234	1236
1235	1236
1233	1235
345	1235
1238	349
1240	349
1237	1240
1239	1240
348	1239
351	1455
1247	1455
352	1455
1897	1256
1252	1256
355	1256
354	1252
1251	354
353	1251
1253	358
1254	358
357	1254
1257	361
1258	361
360	1258
1259	1262
364	1262
363	364
1263	367
366	367
369	370
1266	1271
1267	1271
1270	1271
373	1270
372	1266
1273	1472
1473	1472
1272	1473
376	1473
375	376
1278	1491
1279	1491
1492	1491
1280	1492
1493	1492
379	1493
378	1278
1283	1290
1289	1290
1282	1289
382	1289
1281	382
1284	382
381	1284
1294	385
1292	1294
1293	1294
1291	1293
384	1293
1296	1301
1898	1301
1297	1301
388	1301
1295	1297
387	1297
1296	1295
1298	391
1299	391
390	1299
1303	394
1302	1303
393	1303
1304	1531
1532	1531
396	1532
397	1532
1305	1307
400	1307
399	1305
1309	403
1308	1309
402	1309
1311	406
1310	1311
405	1311
408	409
411	1321
1316	1321
1320	1321
1317	1320
412	1320
1323	1539
1540	1539
1322	1540
415	1540
414	415
417	418
1324	421
420	1324
1325	424
423	424
1326	427
426	1326
1327	1336
430	1336
429	430
1332	1334
433	1334
432	1332
1338	436
1337	1338
435	1338
1342	1345
1343	1345
439	1345
438	1343
1346	442
1347	442
441	1347
1349	445
1348	1349
444	1349
1351	448
1350	1351
447	1351
1352	1354
1353	1354
450	1353
451	1353
1356	1358
1355	1358
1357	1358
453	1357
454	1357
1360	457
1362	457
1359	1362
1361	1362
456	1361
1367	460
1364	1367
1366	1367
1363	1366
1365	1366
459	1365
1370	463
1372	463
1369	1372
1371	1372
1368	1371
462	1371
1374	1606
1899	1606
466	1606
1375	466
1373	1375
465	1375
1374	1373
1378	1608
1379	1608
469	1608
1377	1378
1376	1377
468	1377
1902	1900
1903	1902
1382	1633
1900	1633
1634	1633
1902	1634
1904	1634
472	1634
1384	472
1902	1384
1903	1384
1383	1384
1380	1383
471	1383
1901	1380
1381	1380
1382	1381
1900	1382
1389	475
1386	1389
1388	1389
1385	1388
1387	1388
474	1387
1392	478
1394	478
1391	1394
1393	1394
1390	1393
477	1393
480	481
1402	1429
1403	1429
484	1429
1401	1402
483	1401
1908	1905
1908	1906
1406	1414
1905	1414
1413	1414
1908	1413
1412	1413
1907	1412
1411	1412
1407	1411
487	1411
486	1407
1906	486
1404	486
1405	1404
1905	1405
1406	1405
1409	490
1408	1409
489	1409
1418	1421
1420	1421
1417	1420
1419	1420
1416	1419
493	1419
1415	493
492	493
1424	496
1426	496
1423	1426
1425	1426
1422	1425
495	1425
1430	1651
1909	1651
1652	1651
499	1652
1431	499
1430	1431
498	1431
1433	502
1432	1433
501	1433
1434	505
504	505
507	508
510	511
1439	1684
514	1684
513	1439
1441	517
1440	1441
516	1441
1442	520
1443	520
519	1443
522	1449
523	1449
1454	526
1453	1454
525	1454
528	529
1464	1693
1465	1693
532	1693
531	1464
1467	1718
535	1718
1466	535
534	535
1468	538
537	1468
1469	541
540	541
543	1475
1470	1475
1474	1475
1471	1474
544	1474
1477	1721
1476	1721
1722	1721
546	1722
547	1722
549	1728
1484	1728
550	1728
1485	553
552	553
555	556
1488	1495
1489	1495
1494	1495
1490	1494
559	1494
558	1488
1497	1747
1910	1747
1748	1747
1498	1748
562	1748
1496	1498
561	1498
1497	1496
1499	1506
565	1506
564	565
1507	568
567	568
570	571
573	574
1520	577
576	1520
1911	1534
1533	1534
1526	1533
580	1533
1525	1526
1524	1525
579	1525
578	1524
1528	583
1530	583
1527	1530
1529	1530
582	1529
1536	1541
1912	1541
586	1541
1538	586
1537	1538
1535	1537
585	1537
1536	1535
1542	1543
589	1543
588	589
1544	1545
591	1545
592	1545
1549	595
1550	595
594	1550
1551	598
597	598
600	601
603	604
606	1612
607	1612
609	610
612	1568
613	1568
615	616
618	619
1570	1611
1571	1611
622	1611
1569	1570
621	1570
1573	625
1574	625
1572	1574
624	1574
1575	1610
628	1610
627	628
630	631
1588	1609
1589	1609
634	1609
633	1588
1593	637
1591	1593
1592	1593
1590	1592
636	1592
1595	1600
1594	1600
640	1600
639	640
1604	1607
1913	1607
643	1607
1605	643
642	1605
1604	642
645	646
648	649
651	652
1627	1636
1628	1636
1635	1636
655	1635
654	1627
1630	658
1632	658
1629	1632
1631	1632
657	1631
1638	661
1639	661
1637	1639
660	1639
1640	664
1641	664
663	1641
1642	1780
1914	1780
1781	1780
1643	1781
667	1781
666	1643
1642	666
1915	1653
1646	1653
670	1653
1645	1646
1644	1645
669	1645
668	1644
1648	1650
1649	1650
1647	1649
673	1649
672	673
1654	1659
676	1659
675	676
1660	1809
678	1809
679	1809
681	1817
682	1817
684	685
687	688
1677	691
690	1677
1678	694
693	694
696	697
699	1695
1681	1695
700	1695
1682	703
1683	703
702	1683
705	1694
1689	1694
706	1694
708	1724
1708	1724
1723	1724
1709	1723
709	1723
1711	1720
1710	1720
1916	1720
1719	1720
1712	1719
712	1719
711	1712
1710	711
1716	715
1717	715
714	1717
1726	1730
1917	1730
1729	1730
1727	1729
718	1729
1725	1727
717	1727
1726	1725
1732	721
1734	721
1731	1734
1733	1734
720	1733
1736	724
1737	724
1735	1737
723	1737
1738	1804
1739	1804
727	1804
726	1739
1740	730
729	730
732	733
1741	1749
1742	1749
736	1749
735	1741
1744	1746
1745	1746
1743	1745
739	1745
738	739
1750	1796
1918	1796
1797	1796
742	1797
1751	742
741	1751
1750	741
1752	745
744	745
747	748
750	751
1757	754
753	1757
1758	757
756	757
759	760
762	1769
763	1769
1771	766
1770	1771
765	1771
1775	769
1776	769
768	1776
1777	772
771	772
1778	1783
1779	1783
1782	1783
775	1782
774	1778
1793	1795
1794	1795
1792	1794
778	1794
777	778
1805	781
1806	781
780	1806
1808	784
1807	1808
783	1808
1810	787
786	1810
789	790
792	793
1924	1921
1924	1922
1924	1923
1924	1919
797	1924
1919	1924
0	1919
22	1919
1923	1919
19	1923
16	1923
1922	1923
13	1922
1921	1922
10	1921
7	1921
1920	1921
4	1920
797	1920
1929	1925
1929	1926
1930	1926
1932	1927
1932	1928
1933	1928
1933	1929
1934	1929
1934	1930
1935	1930
1936	1932
1937	1932
1937	1933
1937	1934
1938	1934
1938	1935
1939	1937
1939	1938
3	1938
829	1938
1935	1938
827	1935
825	1935
1930	1935
823	1930
1926	1930
37	1926
821	1926
1925	1926
35	1925
1927	1925
1928	1925
814	1927
816	1927
1931	1927
818	1931
820	1931
1936	1931
1	1936
1939	1936
799	1939
3	1939
1943	1941
1944	1941
1944	1942
46	1942
40	1942
837	1942
835	1942
1941	1942
1940	1941
833	1940
824	1940
826	1940
1943	1940
828	1943
1944	1943
830	1944
839	1944
46	1944
6	839
5	6
831	824
38	824
43	40
840	841
9	841
8	9
1948	1945
1948	1946
847	1946
52	1946
843	1946
1945	1946
49	1945
44	1945
45	1945
1947	1945
842	1947
1948	1947
11	1948
849	1948
847	1948
12	849
55	52
1953	1949
1953	1950
1953	1951
1954	1951
1957	1952
1957	1953
1957	1954
1958	1954
1958	1955
867	1955
865	1955
64	1955
859	1955
1951	1955
1954	1955
61	1951
1950	1951
58	1950
852	1950
1949	1950
56	1949
848	1949
1952	1949
850	1952
1956	1952
14	1956
1957	1956
15	1957
1958	1957
867	1958
67	64
870	1850
1959	1850
18	1850
868	18
17	18
866	868
870	866
68	866
70	870
27	70
73	70
1851	804
20	804
21	804
811	813
809	813
815	813
807	815
1961	815
817	815
1962	817
819	817
23	819
2	819
803	23
1961	803
25	803
1960	25
28	25
31	28
805	31
807	805
1961	807
82	886
79	886
888	886
76	888
30	888
74	30
29	30
1967	1963
1969	1965
1971	1966
1971	1967
1972	1967
1968	1964
1969	1964
810	1969
812	1969
1852	1969
794	1969
1965	1969
893	1965
1964	1965
86	1964
887	1964
1974	1964
889	1974
806	1974
808	1974
1968	1974
810	1968
32	806
1860	893
898	893
1858	898
88	898
906	88
1963	906
908	906
1967	908
910	908
1972	910
1973	910
912	910
39	912
838	39
836	838
1972	836
834	836
1971	834
1970	834
832	834
36	832
1854	36
822	36
1852	822
33	822
812	33
1856	1854
1966	1856
1963	1856
1858	1856
1976	42
41	42
913	41
1975	913
911	913
909	911
921	909
907	909
94	907
91	907
89	907
97	921
100	97
1976	100
48	100
1978	933
1977	933
1980	933
51	933
844	51
1979	844
50	844
101	50
927	101
1980	927
929	927
1977	929
103	929
1978	103
106	103
109	106
112	109
115	854
113	854
934	854
54	854
53	54
59	60
59	118
937	119
951	1846
949	1846
124	1846
943	1846
1848	1846
1981	1848
63	1848
939	63
861	63
937	861
62	861
121	939
943	121
75	951
72	75
1982	872
1983	872
66	872
1849	66
65	66
1847	1849
1982	1847
69	1847
952	78
77	78
130	952
950	952
127	950
125	950
139	136
80	81
134	80
1987	1984
1987	1985
1004	1985
160	1985
157	1985
154	1985
1984	1985
151	1984
989	1984
1986	1984
1988	1986
897	1986
902	1986
1987	1986
87	1987
163	1987
1004	1987
90	163
84	897
142	84
140	84
83	84
145	142
148	145
989	148
92	93
1992	1989
1993	1989
1995	1990
1995	1991
1996	1991
1996	1992
1997	1992
1998	1992
1998	1993
2000	1994
2000	1995
2001	1995
2001	1996
2002	1996
2002	1997
2004	1999
2004	2000
2005	2000
2005	2001
2006	2001
2006	2002
181	2002
1020	2002
1997	2002
1018	1997
1998	1997
178	1998
1993	1998
175	1993
172	1993
1989	1993
169	1989
1990	1989
1991	1989
166	1990
1994	1990
161	1994
1999	1994
1006	1999
2003	1999
162	2003
95	2003
923	2003
2004	2003
2005	2004
96	2005
2006	2005
181	2006
1022	930
2007	930
928	930
99	928
98	99
182	98
1022	182
104	105
2008	104
1023	104
1021	1023
180	1023
1019	1021
184	1019
179	1019
187	184
1028	108
107	108
188	107
2011	2010
2012	2010
1038	2010
198	2010
193	2010
191	2010
2009	2010
110	2009
111	2009
114	2009
2011	2009
117	2011
938	2011
2012	2011
940	2012
201	2012
1038	2012
120	201
2016	2015
2016	2013
202	2016
122	2016
946	2016
2013	2016
1089	2013
1086	2013
2015	2013
213	2015
2014	2015
210	2014
207	2014
204	2014
202	2014
1050	213
1052	1050
1083	1052
216	1052
231	216
219	216
228	219
222	219
225	222
123	1089
126	1089
234	1089
237	234
128	129
131	132
1121	135
131	135
1119	131
236	131
235	236
2017	235
230	235
246	230
243	230
240	230
229	230
249	246
1117	249
1119	1117
258	138
255	138
253	138
137	138
143	144
259	143
2019	147
2020	147
262	147
146	147
264	262
273	264
1131	264
270	1131
267	1131
2019	273
1136	273
2018	1136
276	1136
279	276
282	279
2019	282
992	150
149	992
2024	2021
2024	2022
2025	2022
2026	2022
2028	2023
2028	2024
2029	2024
2029	2025
2030	2025
2030	2026
2032	2027
2032	2028
2033	2028
2033	2029
2033	2030
153	2030
1157	2030
2026	2030
291	2026
2022	2026
288	2022
2021	2022
1151	2021
285	2021
2023	2021
1147	2023
2027	2023
2031	2027
280	2031
281	2031
2032	2031
152	2032
2033	2032
153	2033
294	291
2038	2034
2038	2035
2039	2035
303	2035
300	2035
297	2035
2034	2035
2036	2034
2037	2034
167	2037
168	2037
2038	2037
312	2038
2039	2038
309	2039
306	2039
303	2039
2040	167
156	167
1160	156
155	156
2036	1160
295	1160
297	295
158	159
170	171
321	318
2043	2042
2044	2042
1213	2042
324	2042
2041	2042
310	2041
311	2041
173	2041
2043	2041
174	2043
336	2043
2044	2043
333	2044
330	2044
327	2044
1213	2044
321	310
315	310
337	177
176	177
348	1029
2045	1029
186	1029
185	186
335	185
334	335
345	334
342	334
339	334
348	345
192	348
2046	197
194	197
1243	194
349	194
1245	1243
2047	1245
1248	1245
351	1245
354	1248
357	354
206	357
2046	206
205	206
1041	200
199	1041
208	209
360	1260
2049	1260
212	1260
211	212
2048	211
356	211
355	356
360	355
2049	360
1261	1264
1053	1264
215	1264
1051	1053
214	1051
366	1261
364	1261
217	218
1265	217
370	1265
1285	381
2050	1285
220	1285
221	1285
2051	220
373	220
375	373
1274	375
1276	1274
2050	1276
378	1276
223	224
1287	223
242	1287
390	1287
387	1287
384	1287
382	1287
226	227
2052	233
1091	233
1088	1091
1085	1088
232	1085
244	245
393	248
388	248
247	248
389	247
396	393
2055	2053
1118	2055
1120	2055
1122	2055
2056	2055
405	2055
2053	2055
402	2053
400	2053
2054	2053
250	2054
1118	2054
1312	405
254	1312
251	254
1122	251
2057	257
1314	257
256	257
406	1314
263	406
260	263
2058	266
1132	266
404	1132
265	1132
403	404
408	403
411	408
2062	2060
2062	2059
412	2062
268	2062
269	2062
1330	2062
2060	2062
1328	2060
426	2060
423	2060
2059	2060
2061	2059
420	2061
417	2061
414	2061
412	2061
429	426
432	1330
271	272
2065	2064
1138	2064
275	2064
438	2064
1339	2064
2063	2064
435	2063
1329	2063
2065	2063
1331	2065
274	2065
1138	2065
431	274
430	1329
447	1149
444	1149
441	1149
439	1149
278	1149
277	278
450	447
1152	287
451	1152
286	1152
477	474
2070	2066
2071	2066
2071	2067
2072	2067
2072	2068
2073	2068
2074	2071
2075	2071
2075	2072
2076	2072
2076	2073
477	2073
2068	2073
471	2068
468	2068
465	2068
462	2068
2067	2068
2066	2067
459	2066
2069	2066
456	2069
454	2069
289	2069
2070	2069
2074	2070
290	2074
2075	2074
298	2075
2076	2075
299	2076
477	2076
292	293
483	302
480	302
1399	302
301	302
1397	301
478	301
486	483
304	305
307	308
492	307
488	307
487	488
316	317
493	316
319	320
1435	1437
2078	1437
323	1437
2077	323
322	323
491	322
494	322
485	491
484	485
498	484
501	498
2078	501
504	501
1435	504
508	326
1216	326
1438	1216
325	1216
516	508
510	508
513	510
341	329
520	329
328	329
331	332
1445	1447
518	1447
343	1447
344	1447
517	518
2082	2080
2083	2080
2084	2080
2084	2081
2085	2081
2086	2084
2086	2085
350	2085
525	2085
2081	2085
1450	2081
523	2081
2080	2081
1448	2080
2079	2080
346	2079
2082	2079
347	2082
1244	2082
2083	2082
2086	2083
1246	2086
350	2086
2090	2089
1460	2089
1458	2089
2088	2089
2087	2088
352	2088
1250	2088
2090	2088
353	2090
359	2090
1460	2090
526	352
528	526
1456	528
1458	1456
2093	2092
2094	2092
2095	2094
365	2094
540	2094
2092	2094
537	2092
534	2092
531	2092
2091	2092
1462	2091
1457	2091
1459	2091
2093	2091
1461	2093
2095	2093
361	2095
362	2095
365	2095
529	1457
2096	368
367	368
541	367
543	541
374	543
371	374
1277	377
2099	1277
2098	1277
1275	1277
1480	1275
1478	1275
544	1275
376	1275
546	544
1482	1480
2097	1482
1486	1482
555	1482
549	1482
552	549
558	1486
2099	558
2098	2099
559	379
1504	380
2101	380
559	380
2100	559
561	559
564	561
1500	564
2101	1500
1502	1500
1504	1502
1505	386
385	386
1518	1505
1503	1505
1516	1503
2103	1503
1501	1503
2102	1501
1508	1501
570	1501
565	1501
567	565
1510	1508
1512	1510
1514	1512
573	1512
2103	1514
1516	1514
1521	576
2106	2104
2107	2106
395	2106
582	2106
1521	2106
2104	2106
574	2104
1515	2104
2105	2104
1517	2105
1519	2105
2107	2105
394	2107
395	2107
579	1521
397	398
407	397
583	397
581	410
409	410
580	581
585	580
415	416
586	415
418	419
589	418
2108	1552
1554	1552
422	1554
421	422
1546	421
592	421
594	1546
597	594
1556	603
1555	425
424	425
2110	1555
1553	1555
2109	1553
600	1553
598	1553
1556	600
606	1556
1558	606
2110	1558
609	1558
2112	428
427	428
610	427
2111	610
1560	610
1562	1560
612	1560
1564	1562
1566	1564
615	1564
2112	1566
434	1566
2114	437
1341	437
2113	1341
436	1341
1567	436
616	1567
618	616
2114	618
440	618
442	443
2119	2115
2119	2116
2120	2116
2124	2118
2125	2118
2125	2119
2126	2119
2126	2120
2127	2120
2127	2121
2128	2121
2128	2122
2124	2117
2129	2124
2130	2124
2130	2125
2131	2125
2131	2126
2132	2126
2132	2127
2133	2127
2133	2128
2134	2132
2135	2132
2135	2133
2136	2133
1838	2133
1836	2133
2128	2133
2122	2128
1834	2122
1584	2122
1582	2122
2121	2122
1580	2121
2116	2121
2120	2121
1578	2116
2115	2116
1576	2115
2117	2115
2118	2115
630	2117
624	2117
621	2117
2123	2117
613	2123
2129	2123
1563	2129
2130	2129
1565	2130
2131	2130
2134	2131
614	2134
2135	2134
617	2135
2136	2135
1838	2136
445	1838
446	1838
627	624
1586	1584
457	1586
458	1586
2138	449
2137	449
1839	449
448	449
1837	1839
2138	1837
1835	1837
455	1835
452	455
2141	2139
2142	2139
2143	2139
2144	2139
2145	2139
2140	2139
2147	2142
2147	2143
2148	2143
2148	2144
1596	2144
639	2144
2145	2144
636	2145
633	2145
2140	2145
631	2140
1577	2140
1579	2140
2141	2140
1581	2141
2142	2141
1583	2142
2146	2142
1585	2146
1587	2146
2147	2146
460	2147
461	2147
2148	2147
1598	2148
1596	2148
1601	464
1599	464
463	464
1597	1599
640	1597
466	467
648	645
469	470
2153	2151
2153	2150
2155	2153
2154	2152
2155	2152
2157	2155
605	2155
622	2155
2153	2155
623	2153
2151	2153
637	2151
2149	2151
1617	2151
2150	2151
1615	2150
2152	2150
1613	2152
2156	2152
651	2156
648	2156
2157	2156
2154	2156
604	2157
1557	2157
605	2157
1619	1617
1621	1619
637	1621
638	1621
1623	1621
1603	1623
1625	1623
641	1625
469	1625
654	1625
657	654
473	658
655	656
2160	2158
669	2158
666	2158
660	2158
655	2158
2159	2158
475	2159
476	2159
1398	2159
2160	2159
1400	2160
672	2160
669	2160
479	672
663	660
481	482
673	481
2161	1655
1657	1655
2162	1657
500	1657
499	500
671	499
2161	671
670	671
675	670
2165	2164
1669	2164
1667	2164
1665	2164
2163	2164
1663	2163
1656	2163
1658	2163
2165	2163
502	2165
687	2165
1671	2165
1669	2165
503	687
1661	1656
676	1656
678	676
684	1665
681	1665
1679	693
1679	506
1675	506
1673	506
1436	506
688	1436
505	1436
690	1675
702	699
511	512
1680	511
696	1680
694	1680
1685	1446
703	1446
514	1446
515	1446
1452	1685
1687	1685
2166	1687
705	1687
1463	705
1690	705
530	1690
527	1463
524	527
1452	524
1696	697
2167	533
532	533
1702	532
1700	532
1692	532
1698	1692
706	1692
1696	706
698	706
1704	1702
1713	1704
1706	1704
711	1706
708	1706
714	1713
535	536
2168	539
1715	539
538	539
713	538
712	1715
545	712
542	545
2169	548
1483	548
1481	1483
2170	1481
1479	1481
547	1479
710	547
709	710
2169	709
717	709
718	550
2171	551
718	551
720	718
723	720
729	723
726	723
732	729
735	554
733	554
553	554
1487	557
739	1487
556	1487
562	563
2172	566
562	566
737	562
744	737
736	737
741	736
747	744
1753	1755
569	1755
748	569
568	569
759	756
1513	572
2173	1759
1513	1759
575	1759
1511	1513
2175	1511
2174	1511
1509	1511
1756	1509
571	1509
751	1756
2175	751
753	751
2173	753
759	753
1523	578
587	1523
590	1523
577	1523
1548	577
1760	577
593	1760
760	1760
596	599
2176	596
758	596
595	596
2177	758
757	758
1761	757
2176	1761
647	1761
646	647
644	601
1559	1561
608	1561
607	1559
620	607
625	626
635	625
628	629
1763	754
1765	1767
650	1767
1763	650
649	650
1762	649
755	1762
2181	2178
2182	2178
2179	2178
2184	2180
2184	2181
2185	2179
1616	2179
1618	2179
1620	2179
2178	2179
1622	2178
2180	2178
2183	2180
1624	2183
1626	2183
2186	2183
2184	2183
768	2184
1772	2184
2181	2184
2182	2181
765	2182
2185	2182
763	2185
2187	2185
1616	2185
1614	1616
1768	1614
652	1614
763	1768
771	768
659	771
653	659
1626	653
661	662
770	665
664	665
769	770
667	668
775	667
677	775
2188	775
1784	775
2189	1784
1788	1784
2190	1788
777	1788
728	777
727	728
780	727
783	780
2189	783
2188	783
677	783
2193	2191
2194	2191
2195	2191
2196	2191
2197	2191
2192	2191
784	2192
679	2192
2193	2192
1662	2193
2194	2193
1664	2194
2195	2194
1666	2195
680	2195
2196	2195
1814	2196
1811	2196
2197	2196
786	2197
784	2197
1830	1832
2200	1832
683	1832
682	683
1816	682
2198	1816
2199	1816
1813	1816
2201	1813
787	1813
2202	787
789	787
722	789
1818	722
721	722
1820	1818
2201	1820
1822	1820
2199	1822
1824	1822
2198	1824
1826	1824
2200	1826
1828	1826
1830	1828
793	1676
2203	1676
1674	1676
1672	1674
686	1674
1670	1672
1668	1670
1833	1668
685	1668
793	1833
791	691
2208	2204
2208	2205
2209	2205
2210	2205
2214	2206
2214	2207
2215	2207
2215	2208
2216	2208
2217	2208
2217	2209
2218	2209
2218	2210
2219	2210
2219	2211
2220	2211
2222	2213
2223	2213
2224	2213
2224	2214
2225	2214
2225	2215
2226	2215
2226	2216
2227	2216
2227	2217
2228	2217
2228	2218
2229	2218
2229	2219
2230	2219
2230	2220
2231	2220
2231	2221
2232	2227
2233	2227
2233	2228
2234	2228
2234	2229
2235	2229
2235	2230
2236	2230
2236	2231
716	2231
2221	2231
719	2221
1819	2221
2220	2221
2211	2220
1821	2211
1823	2211
2210	2211
2205	2210
1825	2205
2204	2205
1827	2204
2207	2204
2206	2207
1829	2206
1831	2206
2213	2206
2212	2213
791	2212
692	2212
2222	2212
695	2222
2223	2222
1697	2223
2224	2223
1699	2224
2225	2224
1701	2225
2232	2225
2226	2225
1703	2232
2233	2232
1705	2233
2234	2233
2235	2234
1707	2235
2236	2235
707	2236
716	2236
2237	1688
1686	1688
700	1686
701	1686
704	700
724	725
790	724
740	731
778	731
730	731
2241	2238
2242	2238
2239	2238
2243	2242
2244	2242
2245	2242
2245	2239
2247	2243
2247	2244
2248	2244
2248	2245
1800	2245
1798	2245
2239	2245
766	2239
1774	2239
2238	2239
2240	2238
767	2240
773	2240
1787	2240
2241	2240
1791	2241
2243	2241
2246	2243
776	2246
742	2246
2247	2246
743	2247
1802	2247
2248	2247
1800	2248
2252	2249
1764	2249
1766	2249
1799	2249
1801	2249
2251	2249
2250	2251
1754	2251
749	2251
2252	2251
752	2252
1764	2252
746	1754
1803	746
745	746
1801	1803
761	1799
764	1799
788	782
781	782
2253	1861
1859	1861
1857	1859
1855	1857
1853	1855
795	1853
796	797
798	797
1	798
799	798
798	4
800	4
799	800
3	800
5	7
6	7
8	10
9	10
11	13
12	13
801	16
802	16
14	802
15	802
17	19
18	19
20	22
21	22
23	0
2	0
21	803
804	803
804	25
24	25
26	28
27	28
29	31
30	31
32	805
806	805
806	807
808	807
808	809
810	809
810	811
812	811
812	34
33	34
35	813
814	813
814	815
816	815
816	817
818	817
818	819
820	819
820	2
1	2
33	821
822	821
822	37
36	37
38	823
824	823
824	825
826	825
826	827
828	827
828	829
830	829
830	3
5	3
36	831
832	831
832	833
834	833
834	835
836	835
836	837
838	837
838	40
39	40
41	43
42	43
44	46
45	46
47	839
840	839
840	6
8	6
45	841
842	841
842	9
11	9
42	49
48	49
50	843
844	843
844	52
51	52
845	55
846	55
53	846
54	846
56	847
848	847
848	849
850	849
850	12
14	12
851	852
853	852
54	853
854	853
853	58
855	58
854	855
57	855
856	61
857	61
59	857
60	857
858	859
860	859
62	860
861	860
860	64
862	64
861	862
63	862
863	67
864	67
65	864
66	864
68	865
866	865
866	867
868	867
868	15
17	15
869	870
871	870
66	871
872	871
871	70
873	70
872	873
69	873
874	73
875	73
71	875
72	875
74	27
29	27
876	76
877	76
72	877
75	877
878	79
879	79
77	879
78	879
880	82
881	82
80	881
81	881
882	85
884	85
883	884
885	884
83	885
84	885
86	886
887	886
887	888
889	888
889	30
32	30
890	893
894	893
891	894
895	894
892	895
896	895
84	896
897	896
894	898
899	898
895	899
900	899
896	900
901	900
897	901
902	901
899	88
903	88
900	903
904	903
901	904
905	904
902	905
87	905
89	906
907	906
907	908
909	908
909	910
911	910
911	912
913	912
913	39
41	39
914	91
916	91
915	916
917	916
87	917
90	917
918	94
919	94
92	919
93	919
920	921
922	921
95	922
923	922
922	97
924	97
923	924
96	924
925	100
926	100
98	926
99	926
101	48
50	48
99	927
928	927
928	929
930	929
930	103
102	103
104	106
105	106
931	109
932	109
107	932
108	932
110	112
111	112
113	933
934	933
934	51
53	51
935	115
936	115
111	936
114	936
116	57
59	57
114	118
117	118
119	60
62	60
117	937
938	937
938	939
940	939
940	121
120	121
941	943
944	943
942	944
945	944
122	945
946	945
944	124
947	124
945	947
948	947
946	948
123	948
125	949
950	949
950	951
952	951
952	75
77	75
953	127
955	127
954	955
956	955
123	956
126	956
128	130
129	130
957	133
960	133
958	960
961	960
959	961
962	961
131	962
132	962
134	78
80	78
963	136
966	136
964	966
967	966
965	967
968	967
132	968
135	968
969	139
971	139
970	971
972	971
137	972
138	972
973	81
975	81
974	975
976	975
140	976
83	976
977	142
978	142
138	978
141	978
979	145
981	145
980	981
982	981
143	982
144	982
983	148
985	148
984	985
986	985
146	986
147	986
987	989
990	989
988	990
991	990
149	991
992	991
990	151
993	151
991	993
994	993
992	994
150	994
995	154
998	154
996	998
999	998
997	999
1000	999
152	1000
153	1000
1001	157
1002	157
155	1002
156	1002
158	160
159	160
1003	1004
1005	1004
161	1005
1006	1005
1005	163
1007	163
1006	1007
162	1007
1008	90
1009	90
164	1009
92	1009
162	93
95	93
1010	166
1011	166
159	1011
165	1011
1012	169
1014	169
1013	1014
1015	1014
167	1015
168	1015
170	172
171	172
1016	175
1017	175
173	1017
174	1017
176	178
177	178
179	1018
1019	1018
1019	1020
1021	1020
1021	181
180	181
182	96
98	96
180	1022
1023	1022
1023	102
104	102
177	184
183	184
1024	187
1025	187
185	1025
186	1025
1026	105
1027	105
188	1027
107	1027
186	1028
1029	1028
1029	190
189	190
191	108
110	108
1030	193
1031	193
189	1031
192	1031
197	1032
1033	1032
196	1032
1034	198
1035	198
195	1035
1036	1038
1039	1038
1037	1039
1040	1039
199	1040
1041	1040
1039	201
1042	201
1040	1042
1043	1042
1041	1043
200	1043
1044	120
1046	120
1045	1046
1047	1046
202	1047
122	1047
200	204
203	204
1048	207
1049	207
205	1049
206	1049
208	210
209	210
211	213
212	213
214	1050
1051	1050
1051	1052
1053	1052
1053	216
215	216
217	219
218	219
1054	222
1058	222
1055	1058
1059	1058
1056	1059
1060	1059
1057	1060
1061	1060
220	1061
221	1061
1062	225
1066	225
1063	1066
1067	1066
1064	1067
1068	1067
1065	1068
1069	1068
223	1069
224	1069
1070	228
1073	228
1071	1073
1074	1073
1072	1074
1075	1074
226	1075
227	1075
1076	231
1079	231
1077	1079
1080	1079
1078	1080
1081	1080
229	1081
230	1081
1082	1083
1084	1083
232	1084
1085	1084
1084	1086
1087	1086
1085	1087
1088	1087
1087	1089
1090	1089
1088	1090
1091	1090
1090	234
1092	234
1091	1092
233	1092
1093	237
1096	237
1094	1096
1097	1096
1095	1097
1098	1097
235	1098
236	1098
1099	126
1100	126
238	1100
128	1100
1101	129
1103	129
1102	1103
1104	1103
236	1104
131	1104
1105	230
1108	230
1106	1108
1109	1108
1107	1109
1110	1109
233	1110
232	1110
227	240
239	240
1111	243
1113	243
1112	1113
1114	1113
241	1114
242	1114
244	246
245	246
1115	249
1116	249
247	1116
248	1116
250	1117
1118	1117
1118	1119
1120	1119
1120	1121
1122	1121
1122	252
251	252
1123	135
1124	135
253	1124
137	1124
1125	255
1126	255
251	1126
254	1126
1127	258
1128	258
256	1128
257	1128
1129	141
1130	141
259	1130
143	1130
257	261
260	261
262	144
146	144
260	264
263	264
265	1131
1132	1131
1132	267
266	267
1133	270
1134	270
268	1134
269	1134
271	273
272	273
1135	1136
1137	1136
274	1137
1138	1137
1137	276
1139	276
1138	1139
275	1139
1140	279
1141	279
277	1141
278	1141
1142	282
1143	282
280	1143
281	1143
283	147
149	147
1144	150
1145	150
281	1145
152	1145
1146	1147
1148	1147
278	1148
1149	1148
1148	285
1150	285
1149	1150
284	1150
286	1151
1152	1151
1152	288
287	288
1153	291
1154	291
289	1154
290	1154
292	294
293	294
1155	1157
1158	1157
1156	1158
1159	1158
295	1159
1160	1159
1158	153
1161	153
1159	1161
1162	1161
1160	1162
155	1162
1163	297
1165	297
1164	1165
1166	1165
293	1166
296	1166
1167	300
1170	300
1168	1170
1171	1170
1169	1171
1172	1171
298	1172
299	1172
1173	303
1176	303
1174	1176
1177	1176
1175	1177
1178	1177
301	1178
302	1178
1179	306
1180	306
304	1180
305	1180
1181	309
1182	309
307	1182
308	1182
1183	312
1186	312
1184	1186
1187	1186
1185	1187
1188	1187
310	1188
311	1188
1189	168
1190	168
313	1190
170	1190
1191	171
1192	171
311	1192
173	1192
1193	315
1195	315
1194	1195
1196	1195
308	1196
314	1196
1197	318
1199	318
1198	1199
1200	1199
316	1200
317	1200
1201	321
1203	321
1202	1203
1204	1203
319	1204
320	1204
1205	324
1208	324
1206	1208
1209	1208
1207	1209
1210	1209
322	1210
323	1210
1211	1213
1214	1213
1212	1214
1215	1214
325	1215
1216	1215
1214	327
1217	327
1215	1217
1218	1217
1216	1218
326	1218
1219	330
1221	330
1220	1221
1222	1221
328	1222
329	1222
331	333
332	333
1223	336
1224	336
334	1224
335	1224
1225	174
1226	174
337	1226
176	1226
1227	183
1228	183
335	1228
185	1228
332	339
338	339
1229	342
1230	342
340	1230
341	1230
1231	345
1233	345
1232	1233
1234	1233
343	1234
344	1234
1235	348
1237	348
1236	1237
1238	1237
346	1238
347	1238
1239	192
1241	192
1240	1241
1242	1241
349	1242
194	1242
347	1243
1244	1243
1244	1245
1246	1245
1246	351
350	351
1247	1248
1249	1248
352	1249
1250	1249
1249	354
1251	354
1250	1251
353	1251
1252	357
1253	357
355	1253
356	1253
1254	206
1255	206
358	1255
208	1255
356	209
211	209
1256	360
1257	360
353	1257
359	1257
1258	363
1259	363
361	1259
362	1259
364	1260
1261	1260
1261	212
214	212
1262	366
1263	366
362	1263
365	1263
367	369
368	369
370	1264
1265	1264
1265	215
217	215
368	372
371	372
1266	218
1268	218
1267	1268
1269	1268
373	1269
220	1269
1270	375
1272	375
1271	1272
1273	1272
371	1273
374	1273
376	1274
1275	1274
1275	1276
1277	1276
1277	378
377	378
1278	381
1281	381
1279	1281
1282	1281
1280	1282
1283	1282
379	1283
380	1283
1284	1285
1286	1285
382	1286
1287	1286
1286	221
1288	221
1287	1288
223	1288
1289	384
1291	384
1290	1291
1292	1291
380	1292
383	1292
1293	387
1295	387
1294	1295
1296	1295
385	1296
386	1296
1297	390
1298	390
388	1298
389	1298
1299	242
1300	242
391	1300
244	1300
389	245
247	245
1301	393
1302	393
386	1302
392	1302
1303	396
1304	396
394	1304
395	1304
397	399
398	399
1305	248
1306	248
400	1306
250	1306
1307	402
1308	402
398	1308
401	1308
1309	405
1310	405
403	1310
404	1310
1311	1312
1313	1312
406	1313
1314	1313
1313	254
1315	254
1314	1315
256	1315
404	263
265	263
401	408
407	408
409	411
410	411
1316	266
1318	266
1317	1318
1319	1318
412	1319
268	1319
1320	414
1322	414
1321	1322
1323	1322
410	1323
413	1323
415	417
416	417
418	420
419	420
1324	423
1325	423
421	1325
422	1325
424	426
425	426
1326	429
1327	429
427	1327
428	1327
430	1328
1329	1328
1329	1330
1331	1330
1331	432
431	432
1332	269
1333	269
433	1333
271	1333
1334	272
1335	272
431	1335
274	1335
1336	435
1337	435
428	1337
434	1337
1338	1339
1340	1339
436	1340
1341	1340
1340	438
1342	438
1341	1342
437	1342
1343	275
1344	275
439	1344
277	1344
1345	441
1346	441
437	1346
440	1346
1347	444
1348	444
442	1348
443	1348
1349	447
1350	447
445	1350
446	1350
1351	450
1352	450
448	1352
449	1352
451	284
286	284
1353	453
1355	453
1354	1355
1356	1355
449	1356
452	1356
454	287
289	287
1357	456
1359	456
1358	1359
1360	1359
452	1360
455	1360
1361	459
1363	459
1362	1363
1364	1363
457	1364
458	1364
1365	462
1368	462
1366	1368
1369	1368
1367	1369
1370	1369
460	1370
461	1370
1371	465
1373	465
1372	1373
1374	1373
463	1374
464	1374
1375	468
1376	468
466	1376
467	1376
1377	471
1380	471
1378	1380
1381	1380
1379	1381
1382	1381
469	1382
470	1382
1383	474
1385	474
1384	1385
1386	1385
472	1386
473	1386
1387	477
1390	477
1388	1390
1391	1390
1389	1391
1392	1391
475	1392
476	1392
1393	299
1395	299
1394	1395
1396	1395
478	1396
301	1396
476	1397
1398	1397
1398	1399
1400	1399
1400	480
479	480
481	483
482	483
1401	486
1404	486
1402	1404
1405	1404
1403	1405
1406	1405
484	1406
485	1406
1407	489
1408	489
487	1408
488	1408
1409	302
1410	302
490	1410
304	1410
488	305
307	305
1411	492
1415	492
1412	1415
1416	1415
1413	1416
1417	1416
1414	1417
1418	1417
485	1418
491	1418
493	314
316	314
1419	495
1422	495
1420	1422
1423	1422
1421	1423
1424	1423
491	1424
494	1424
1425	317
1427	317
1426	1427
1428	1427
496	1428
319	1428
494	320
322	320
1429	498
1430	498
482	1430
497	1430
1431	501
1432	501
499	1432
500	1432
1433	504
1434	504
502	1434
503	1434
505	1435
1436	1435
1436	507
506	507
508	1437
1438	1437
1438	323
325	323
506	510
509	510
511	513
512	513
1439	516
1440	516
514	1440
515	1440
1441	519
1442	519
517	1442
518	1442
1443	326
1444	326
520	1444
328	1444
518	341
343	341
515	1445
1446	1445
1446	522
521	522
523	1447
1448	1447
1448	344
346	344
1449	1450
1451	1450
521	1451
1452	1451
1451	525
1453	525
1452	1453
524	1453
1454	350
1455	350
526	1455
352	1455
524	528
527	528
529	1456
1457	1456
1457	1458
1459	1458
1459	1460
1461	1460
1461	359
361	359
527	1462
1463	1462
1463	531
530	531
1464	534
1466	534
1465	1466
1467	1466
532	1467
533	1467
535	537
536	537
1468	540
1469	540
538	1469
539	1469
541	365
367	365
539	543
542	543
1470	374
1472	374
1471	1472
1473	1472
544	1473
376	1473
1474	546
1476	546
1475	1476
1477	1476
542	1477
545	1477
547	1478
1479	1478
1479	1480
1481	1480
1481	1482
1483	1482
1483	549
548	549
1484	552
1485	552
550	1485
551	1485
553	555
554	555
556	1486
1487	1486
1487	558
557	558
1488	377
1491	377
1489	1491
1492	1491
1490	1492
1493	1492
559	1493
379	1493
1494	561
1496	561
1495	1496
1497	1496
557	1497
560	1497
1498	564
1499	564
562	1499
563	1499
565	1500
1501	1500
1501	1502
1503	1502
1503	1504
1505	1504
1505	383
385	383
1506	567
1507	567
563	1507
566	1507
568	570
569	570
571	1508
1509	1508
1509	1510
1511	1510
1511	1512
1513	1512
1513	573
572	573
574	1514
1515	1514
1515	1516
1517	1516
1517	1518
1519	1518
1519	392
394	392
572	576
575	576
1520	1521
1522	1521
577	1522
1523	1522
1522	579
1524	579
1523	1524
578	1524
1525	582
1527	582
1526	1527
1528	1527
580	1528
581	1528
1529	395
1531	395
1530	1531
1532	1531
583	1532
397	1532
581	407
409	407
1533	585
1535	585
1534	1535
1536	1535
578	1536
584	1536
1537	413
1539	413
1538	1539
1540	1539
586	1540
415	1540
1541	588
1542	588
584	1542
587	1542
589	416
418	416
1543	591
1544	591
587	1544
590	1544
592	419
421	419
1545	1546
1547	1546
590	1547
1548	1547
1547	594
1549	594
1548	1549
593	1549
1550	597
1551	597
595	1551
596	1551
598	1552
1553	1552
1553	1554
1555	1554
1555	422
424	422
596	600
599	600
601	603
602	603
604	1556
1557	1556
1557	606
605	606
607	1558
1559	1558
1559	609
608	609
610	425
427	425
608	1560
1561	1560
1561	612
611	612
613	1562
1563	1562
1563	1564
1565	1564
1565	615
614	615
616	1566
1567	1566
1567	434
436	434
614	618
617	618
619	440
442	440
617	443
445	443
1568	621
1569	621
611	1569
620	1569
1570	624
1572	624
1571	1572
1573	1572
622	1573
623	1573
1574	627
1575	627
625	1575
626	1575
628	630
629	630
631	1576
1577	1576
1577	1578
1579	1578
1579	1580
1581	1580
1581	1582
1583	1582
1583	1584
1585	1584
1585	1586
1587	1586
1587	458
460	458
629	633
632	633
1588	636
1590	636
1589	1590
1591	1590
634	1591
635	1591
1592	639
1594	639
1593	1594
1595	1594
637	1595
638	1595
640	1596
1597	1596
1597	1598
1599	1598
1599	461
463	461
1600	1601
1602	1601
638	1602
1603	1602
1602	642
1604	642
1603	1604
641	1604
1605	464
1606	464
643	1606
466	1606
1607	467
1608	467
641	1608
469	1608
635	623
625	623
1609	626
1610	626
632	1610
628	1610
1611	605
1612	605
620	1612
607	1612
602	645
644	645
646	648
647	648
649	651
650	651
652	1613
1614	1613
1614	1615
1616	1615
1616	1617
1618	1617
1618	1619
1620	1619
1620	1621
1622	1621
1622	1623
1624	1623
1624	1625
1626	1625
1626	654
653	654
1627	657
1629	657
1628	1629
1630	1629
655	1630
656	1630
1631	470
1633	470
1632	1633
1634	1633
658	1634
472	1634
656	473
475	473
1635	660
1637	660
1636	1637
1638	1637
653	1638
659	1638
1639	663
1640	663
661	1640
662	1640
1641	666
1642	666
664	1642
665	1642
1643	669
1644	669
667	1644
668	1644
1645	672
1647	672
1646	1647
1648	1647
670	1648
671	1648
673	479
481	479
1649	497
1651	497
1650	1651
1652	1651
671	1652
499	1652
1653	675
1654	675
668	1654
674	1654
676	1655
1656	1655
1656	1657
1658	1657
1658	500
502	500
1659	678
1660	678
674	1660
677	1660
679	1661
1662	1661
1662	1663
1664	1663
1664	1665
1666	1665
1666	681
680	681
682	684
683	684
685	1667
1668	1667
1668	1669
1670	1669
1670	1671
1672	1671
1672	687
686	687
688	503
505	503
686	1673
1674	1673
1674	1675
1676	1675
1676	690
689	690
1677	693
1678	693
691	1678
692	1678
694	1679
1680	1679
1680	509
511	509
692	696
695	696
697	699
698	699
1681	702
1682	702
700	1682
701	1682
1683	512
1684	512
703	1684
514	1684
701	1685
1686	1685
1686	1687
1688	1687
1688	705
704	705
1689	1690
1691	1690
706	1691
1692	1691
1691	530
1693	530
1692	1693
532	1693
1694	698
1695	698
704	1695
700	1695
695	1696
1697	1696
1697	1698
1699	1698
1699	1700
1701	1700
1701	1702
1703	1702
1703	1704
1705	1704
1705	1706
1707	1706
1707	708
707	708
1708	711
1710	711
1709	1710
1711	1710
709	1711
710	1711
1712	1713
1714	1713
712	1714
1715	1714
1714	714
1716	714
1715	1716
713	1716
1717	533
1718	533
715	1718
535	1718
713	536
538	536
1719	545
1721	545
1720	1721
1722	1721
710	1722
547	1722
1723	717
1725	717
1724	1725
1726	1725
707	1726
716	1726
1727	548
1728	548
718	1728
550	1728
1729	720
1731	720
1730	1731
1732	1731
716	1732
719	1732
1733	723
1735	723
1734	1735
1736	1735
721	1736
722	1736
1737	726
1738	726
724	1738
725	1738
1739	729
1740	729
727	1740
728	1740
730	732
731	732
733	551
553	551
731	735
734	735
1741	738
1743	738
1742	1743
1744	1743
736	1744
737	1744
739	554
556	554
1745	560
1747	560
1746	1747
1748	1747
737	1748
562	1748
1749	741
1750	741
734	1750
740	1750
1751	744
1752	744
742	1752
743	1752
745	747
746	747
748	566
568	566
746	1753
1754	1753
1754	750
749	750
751	1755
1756	1755
1756	569
571	569
749	753
752	753
1757	756
1758	756
754	1758
755	1758
757	759
758	759
760	1759
1760	1759
1760	575
577	575
758	593
595	593
755	1761
1762	1761
1762	647
649	647
752	1763
1764	1763
1764	1765
1766	1765
1766	762
761	762
763	1767
1768	1767
1768	650
652	650
1769	765
1770	765
761	1770
764	1770
1771	1772
1773	1772
766	1773
1774	1773
1773	768
1775	768
1774	1775
767	1775
1776	771
1777	771
769	1777
770	1777
772	659
661	659
770	662
664	662
767	774
773	774
1778	665
1780	665
1779	1780
1781	1780
775	1781
667	1781
1782	1784
1785	1784
1783	1785
1786	1785
773	1786
1787	1786
1785	1788
1789	1788
1786	1789
1790	1789
1787	1790
1791	1790
1789	777
1792	777
1790	1792
1793	1792
1791	1793
776	1793
778	728
730	728
1794	740
1796	740
1795	1796
1797	1796
776	1797
742	1797
764	1798
1799	1798
1799	1800
1801	1800
1801	1802
1803	1802
1803	743
745	743
1804	780
1805	780
725	1805
779	1805
1806	783
1807	783
781	1807
782	1807
1808	677
1809	677
784	1809
679	1809
782	786
785	786
1810	1811
1812	1811
787	1812
1813	1812
1812	1814
1815	1814
1813	1815
1816	1815
1815	680
1817	680
1816	1817
682	1817
785	789
788	789
790	722
724	722
788	779
781	779
719	1818
1819	1818
1819	1820
1821	1820
1821	1822
1823	1822
1823	1824
1825	1824
1825	1826
1827	1826
1827	1828
1829	1828
1829	1830
1831	1830
1831	792
791	792
793	1832
1833	1832
1833	683
685	683
791	689
691	689
644	599
601	599
455	1834
1835	1834
1835	1836
1837	1836
1837	1838
1839	1838
1839	446
448	446
1840	329
1841	329
338	1841
331	1841
296	290
292	290
1842	224
1843	224
239	1843
226	1843
1844	197
1845	197
203	1845
199	1845
165	156
158	156
69	1846
1847	1846
1847	1848
1849	1848
1849	63
65	63
24	1850
1851	1850
1851	18
20	18
795	1852
1853	1852
1853	1854
1855	1854
1855	1856
1857	1856
1857	1858
1859	1858
1859	1860
1861	1860
1861	794
795	794
796	0
1	796
800	3
4	800
7	6
10	9
801	12
13	12
802	15
16	802
19	18
22	21
25	24
28	27
31	30
34	33
37	36
40	39
43	42
46	45
49	48
845	51
52	51
846	54
55	846
56	55
855	57
856	855
58	855
858	60
857	60
61	857
863	63
862	63
64	862
864	66
68	864
67	864
873	69
874	873
70	873
875	72
73	875
74	73
878	75
877	75
76	877
879	78
880	879
79	879
881	81
1863	881
976	1863
883	1863
83	883
882	1863
881	1863
82	881
885	84
891	885
884	885
890	884
85	884
86	85
905	87
904	905
914	904
903	904
89	903
88	903
917	90
92	917
916	917
918	916
91	916
920	93
919	93
94	919
924	96
925	924
97	924
926	99
100	926
103	102
931	105
107	931
106	105
932	108
109	932
112	111
113	112
936	114
115	936
118	117
941	120
942	941
1047	942
122	942
121	120
948	123
953	948
947	948
125	947
124	947
956	126
955	956
128	955
127	955
957	129
958	957
1104	958
959	958
131	959
130	129
962	132
961	962
964	961
960	961
963	960
133	960
134	133
968	135
1864	968
137	1864
970	1864
1865	1864
969	1865
966	1865
136	966
967	1865
1864	1865
968	1864
972	138
1866	972
974	1866
140	974
973	1866
971	1866
139	971
972	1866
980	141
143	980
979	141
978	141
142	978
982	144
984	982
981	982
983	981
145	981
986	147
988	986
985	986
987	985
148	985
1867	150
997	1867
152	997
996	1867
994	1867
995	994
993	994
151	993
150	1867
1000	153
1162	1000
999	1000
1868	999
155	1868
1001	1868
998	1868
154	998
999	1868
1002	156
157	1002
1003	159
161	1003
160	159
1007	162
1008	1007
163	1007
1013	165
1012	165
1011	165
166	1011
1015	168
1014	1015
170	1014
169	1014
1016	171
173	1016
172	171
1017	174
176	1017
175	1017
178	177
181	180
1024	183
185	1024
184	183
1025	186
1026	1025
187	1025
190	189
191	190
195	192
1862	195
196	1862
1032	196
1242	1032
194	1032
1034	192
1031	192
193	1031
1033	197
1869	1033
199	1869
1037	1869
1870	1869
1036	1870
1035	1870
198	1035
195	1870
1869	1870
1862	1869
196	1869
1033	1869
1045	200
1043	200
1044	1043
1042	1043
201	1042
204	203
1048	204
205	1048
1049	206
208	1049
207	1049
210	209
213	212
216	215
1055	218
1056	1055
1269	1056
1057	1056
220	1057
1054	218
219	218
1873	1871
1874	1873
1873	221
1871	1873
223	1871
1065	1871
1872	1871
1064	1872
1874	1872
1063	1874
1875	1874
1062	1875
1058	1875
222	1058
1059	1875
1874	1875
1060	1874
1873	1874
1061	1873
221	1873
1878	1876
1879	1878
1876	224
1877	1876
226	1877
1072	1877
1879	1877
1071	1879
1070	1879
1066	1879
225	1066
1067	1879
1878	1879
1068	1878
1876	1878
1069	1876
224	1876
1075	227
1078	1075
1074	1075
1077	1074
1073	1074
1076	1073
228	1073
1081	230
1080	1081
1109	1080
1079	1080
1110	1079
231	1079
1082	231
232	1082
1092	233
234	1092
1093	234
1106	1093
1094	1093
1105	1094
1095	1094
235	1095
1098	236
1880	1098
1101	1880
1881	1880
238	1881
1099	1881
237	1881
1096	1881
1880	1881
1097	1880
1098	1880
1111	239
1112	1111
241	1112
240	239
1114	242
244	1114
1113	1114
243	1113
1115	245
246	245
1116	248
249	1116
250	249
252	251
1123	252
253	1123
1882	254
256	1882
1127	1882
1126	1882
255	1126
254	1882
1128	257
1129	1128
258	1128
261	260
264	263
267	266
1133	267
1319	1133
268	1133
1134	269
271	1134
270	1134
1135	272
274	1135
273	272
1139	275
1140	1139
277	1140
276	1139
1141	278
1142	1141
280	1142
279	1141
1143	281
282	1143
283	282
1150	284
285	1150
1153	287
288	287
1154	290
291	1154
1883	293
1155	1883
1156	1155
1163	1156
295	1156
294	1883
293	1883
1169	296
1166	296
1168	1166
1165	1166
1167	1165
297	1165
1886	1885
1887	1885
1172	299
1885	1172
1884	1885
1396	1884
301	1884
1175	1884
1886	1884
1174	1886
1887	1886
1888	1887
1173	1888
300	1888
1170	1888
1887	1888
1171	1887
1885	1887
1172	1885
1178	302
1177	1178
304	1177
1176	1177
1179	1176
303	1176
1181	305
1180	305
306	1180
1890	308
1193	1890
1185	1890
310	1185
1184	1890
1183	1890
1889	1890
309	1889
1182	1889
308	1889
1890	1889
1188	311
1187	1188
313	1187
1189	1187
1186	1187
312	1186
1196	314
1198	1196
1195	1196
1197	1195
315	1195
1200	317
1893	1200
1891	1893
1428	1891
1202	1891
319	1202
1201	1891
1892	1891
318	1892
1199	1892
1893	1892
1200	1893
1891	1892
1207	320
1204	320
1206	1204
1203	1204
1205	1203
321	1203
1210	323
1212	1210
1209	1210
1211	1209
1208	1209
324	1208
1896	1895
1894	326
1896	1894
328	1896
1220	1896
1895	1896
1219	1895
1217	1895
327	1217
1218	1895
1894	1895
326	1894
1222	329
1221	1222
331	1221
330	1221
1223	332
333	332
1224	335
1225	1224
337	1225
336	1224
1229	338
340	1229
339	338
1232	341
1230	341
1231	1230
342	1230
1236	344
1234	344
1235	1234
1233	1234
345	1233
1238	347
1240	1238
1237	1238
1239	1237
348	1237
351	350
1247	351
352	1247
1897	353
1252	1897
355	1252
354	1897
1251	1897
353	1897
1253	356
1254	1253
357	1253
1257	359
1258	1257
360	1257
1259	362
364	1259
363	1259
1263	365
366	1263
369	368
1266	371
1267	1266
1270	1267
373	1267
372	371
1273	374
1473	1273
1272	1273
376	1272
375	1272
1278	377
1279	1278
1492	1279
1280	1279
1493	1280
379	1280
378	377
1283	380
1289	1283
1282	1283
382	1282
1281	1282
1284	1281
381	1281
1294	383
1292	383
1293	1292
1291	1292
384	1291
1296	386
1898	1296
1297	1898
388	1297
1295	1898
387	1295
1296	1898
1298	389
1299	1298
390	1298
1303	392
1302	392
393	1302
1304	395
1532	1304
396	1304
397	396
1305	398
400	1305
399	398
1309	401
1308	401
402	1308
1311	404
1310	404
405	1310
408	407
411	410
1316	411
1320	1316
1317	1316
412	1317
1323	413
1540	1323
1322	1323
415	1322
414	1322
417	416
1324	419
420	419
1325	422
423	1325
1326	425
426	425
1327	428
430	1327
429	1327
1332	431
433	1332
432	431
1338	434
1337	434
435	1337
1342	437
1343	1342
439	1343
438	1342
1346	440
1347	1346
441	1346
1349	443
1348	443
444	1348
1351	446
1350	446
447	1350
1352	449
1353	1352
450	1352
451	450
1356	452
1355	1356
1357	1355
453	1355
454	453
1360	455
1362	1360
1359	1360
1361	1359
456	1359
1367	458
1364	458
1366	1364
1363	1364
1365	1363
459	1363
1370	461
1372	1370
1369	1370
1371	1369
1368	1369
462	1368
1374	464
1899	1374
466	1899
1375	1899
1373	1899
465	1373
1374	1899
1378	467
1379	1378
469	1379
1377	467
1376	467
468	1376
1902	1901
1903	1901
1382	470
1900	1382
1634	1900
1902	1900
1904	1902
472	1904
1384	1904
1902	1904
1903	1902
1383	1903
1380	1903
471	1380
1901	1903
1381	1901
1382	1901
1900	1901
1389	473
1386	473
1388	1386
1385	1386
1387	1385
474	1385
1392	476
1394	1392
1391	1392
1393	1391
1390	1391
477	1390
480	479
1402	482
1403	1402
484	1403
1401	482
483	482
1908	1906
1908	1907
1406	485
1905	1406
1413	1905
1908	1905
1412	1908
1907	1908
1411	1907
1407	1907
487	1407
486	1907
1906	1907
1404	1906
1405	1906
1905	1906
1406	1905
1409	488
1408	488
489	1408
1418	491
1420	1418
1417	1418
1419	1417
1416	1417
493	1416
1415	1416
492	1415
1424	494
1426	1424
1423	1424
1425	1423
1422	1423
495	1422
1430	497
1909	1430
1652	1909
499	1909
1431	1909
1430	1909
498	1430
1433	500
1432	500
501	1432
1434	503
504	1434
507	506
510	509
1439	512
514	1439
513	512
1441	515
1440	515
516	1440
1442	518
1443	1442
519	1442
522	521
523	522
1454	524
1453	524
525	1453
528	527
1464	530
1465	1464
532	1465
531	530
1467	533
535	1467
1466	1467
534	1466
1468	536
537	536
1469	539
540	1469
543	542
1470	543
1474	1470
1471	1470
544	1471
1477	545
1476	1477
1722	1476
546	1476
547	546
549	548
1484	549
550	1484
1485	551
552	1485
555	554
1488	557
1489	1488
1494	1489
1490	1489
559	1490
558	557
1497	560
1910	1497
1748	1910
1498	1910
562	1498
1496	1910
561	1496
1497	1910
1499	563
565	1499
564	1499
1507	566
567	1507
570	569
573	572
1520	575
576	575
1911	578
1533	1911
1526	1911
580	1526
1525	1911
1524	1911
579	1524
578	1911
1528	581
1530	1528
1527	1528
1529	1527
582	1527
1536	584
1912	1536
586	1912
1538	1912
1537	1912
1535	1912
585	1535
1536	1912
1542	587
589	1542
588	1542
1544	590
591	1544
592	591
1549	593
1550	1549
594	1549
1551	596
597	1551
600	599
603	602
606	605
607	606
609	608
612	611
613	612
615	614
618	617
1570	620
1571	1570
622	1571
1569	620
621	1569
1573	623
1574	1573
1572	1573
624	1572
1575	626
628	1575
627	1575
630	629
1588	632
1589	1588
634	1589
633	632
1593	635
1591	635
1592	1591
1590	1591
636	1590
1595	638
1594	1595
640	1594
639	1594
1604	641
1913	1604
643	1913
1605	1913
642	1913
1604	1913
645	644
648	647
651	650
1627	653
1628	1627
1635	1628
655	1628
654	653
1630	656
1632	1630
1629	1630
1631	1629
657	1629
1638	659
1639	1638
1637	1638
660	1637
1640	662
1641	1640
663	1640
1642	665
1914	1642
1781	1914
1643	1914
667	1643
666	1914
1642	1914
1915	668
1646	1915
670	1646
1645	1915
1644	1915
669	1644
668	1915
1648	671
1649	1648
1647	1648
673	1647
672	1647
1654	674
676	1654
675	1654
1660	677
678	1660
679	678
681	680
682	681
684	683
687	686
1677	689
690	689
1678	692
693	1678
696	695
699	698
1681	699
700	1681
1682	701
1683	1682
702	1682
705	704
1689	705
706	1689
708	707
1708	708
1723	1708
1709	1708
709	1709
1711	710
1710	1711
1916	1710
1719	1916
1712	1916
712	1712
711	1916
1710	1916
1716	713
1717	1716
714	1716
1726	716
1917	1726
1729	1917
1727	1917
718	1727
1725	1917
717	1725
1726	1917
1732	719
1734	1732
1731	1732
1733	1731
720	1731
1736	722
1737	1736
1735	1736
723	1735
1738	725
1739	1738
727	1739
726	1738
1740	728
729	1740
732	731
1741	734
1742	1741
736	1742
735	734
1744	737
1745	1744
1743	1744
739	1743
738	1743
1750	740
1918	1750
1797	1918
742	1918
1751	1918
741	1918
1750	1918
1752	743
744	1752
747	746
750	749
1757	752
753	752
1758	755
756	1758
759	758
762	761
763	762
1771	764
1770	764
765	1770
1775	767
1776	1775
768	1775
1777	770
771	1777
1778	773
1779	1778
1782	1779
775	1779
774	773
1793	776
1794	1793
1792	1793
778	1792
777	1792
1805	779
1806	1805
780	1805
1808	782
1807	782
783	1807
1810	785
786	785
789	788
792	791
1924	1920
1924	1921
1924	1922
1924	1923
797	1920
1919	797
0	797
22	0
1923	22
19	22
16	19
1922	16
13	16
1921	13
10	13
7	10
1920	7
4	7
797	4
1929	1928
1929	1925
1930	1929
1932	1931
1932	1927
1933	1932
1933	1928
1934	1933
1934	1929
1935	1934
1936	1931
1937	1936
1937	1932
1937	1933
1938	1937
1938	1934
1939	1936
1939	1937
3	1939
829	3
1935	829
827	829
825	827
1930	825
823	825
1926	823
37	823
821	37
1925	821
35	821
1927	35
1928	1927
814	35
816	814
1931	816
818	816
820	818
1936	820
1	820
1939	1
799	1
3	799
1943	1940
1944	1943
1944	1941
46	1944
40	46
837	40
835	837
1941	835
1940	835
833	835
824	833
826	824
1943	826
828	826
1944	828
830	828
839	830
46	839
6	830
5	830
831	833
38	831
43	46
840	47
9	840
8	840
1948	1947
1948	1945
847	1948
52	847
843	52
1945	843
49	843
44	49
45	44
1947	45
842	45
1948	842
11	842
849	11
847	849
12	11
55	847
1953	1952
1953	1949
1953	1950
1954	1953
1957	1956
1957	1952
1957	1953
1958	1957
1958	1954
867	1958
865	867
64	865
859	64
1951	859
1954	1951
61	859
1950	61
58	61
852	58
1949	852
56	852
848	56
1952	848
850	848
1956	850
14	850
1957	14
15	14
1958	15
867	15
67	865
870	26
1959	870
18	1959
868	1959
17	868
866	1959
870	1959
68	870
70	26
27	26
73	27
1851	24
20	1851
21	20
811	34
809	811
815	809
807	809
1961	807
817	1961
1962	1961
819	1962
23	1962
2	23
803	1962
1961	1962
25	1961
1960	1961
28	1960
31	1960
805	1960
807	1960
1961	1960
82	85
79	82
888	79
76	79
30	76
74	76
29	74
1967	1966
1969	1964
1971	1970
1971	1966
1972	1971
1968	1974
1969	1968
810	1968
812	810
1852	812
794	1852
1965	794
893	794
1964	893
86	893
887	86
1974	887
889	887
806	889
808	806
1968	808
810	808
32	889
1860	794
898	1860
1858	1860
88	1858
906	1858
1963	1858
908	1963
1967	1963
910	1967
1972	1967
1973	1972
912	1973
39	1973
838	1973
836	1973
1972	1973
834	1972
1971	1972
1970	1971
832	1970
36	1970
1854	1970
822	1854
1852	1854
33	1852
812	1852
1856	1970
1966	1970
1963	1966
1858	1963
1976	48
41	1976
913	1976
1975	1976
911	1975
909	1975
921	1975
907	921
94	921
91	94
89	91
97	1975
100	1975
1976	1975
48	1976
1978	112
1977	1978
1980	1977
51	1980
844	1980
1979	1980
50	1979
101	1979
927	1979
1980	1979
929	1980
1977	1980
103	1977
1978	1977
106	1978
109	1978
112	1978
115	57
113	115
934	113
54	934
53	934
59	118
59	116
937	62
951	71
949	951
124	949
943	124
1848	943
1981	943
63	1981
939	1981
861	939
937	939
62	937
121	1981
943	1981
75	71
72	71
1982	69
1983	1982
66	1983
1849	1983
65	1849
1847	1983
1982	1983
69	1982
952	133
77	952
130	133
950	130
127	130
125	127
139	134
80	139
134	139
1987	1986
1987	1984
1004	1987
160	1004
157	160
154	157
1984	154
151	154
989	151
1986	989
1988	989
897	1988
902	897
1987	902
87	902
163	87
1004	163
90	87
84	1988
142	1988
140	142
83	140
145	1988
148	1988
989	1988
92	164
1992	1991
1993	1992
1995	1994
1995	1990
1996	1995
1996	1991
1997	1996
1998	1997
1998	1992
2000	1999
2000	1994
2001	2000
2001	1995
2002	2001
2002	1996
2004	2003
2004	1999
2005	2004
2005	2000
2006	2005
2006	2001
181	2006
1020	181
1997	1020
1018	1020
1998	1018
178	1018
1993	178
175	178
172	175
1989	172
169	172
1990	169
1991	1990
166	169
1994	166
161	166
1999	161
1006	161
2003	1006
162	1006
95	162
923	95
2004	923
2005	923
96	923
2006	96
181	96
1022	102
2007	1022
928	2007
99	2007
98	2007
182	2007
1022	2007
104	187
2008	187
1023	2008
1021	2008
180	1021
1019	2008
184	2008
179	184
187	2008
1028	190
107	1028
188	1028
2011	2009
2012	2011
1038	2012
198	1038
193	198
191	193
2009	191
110	191
111	110
114	111
2011	114
117	114
938	117
2012	938
940	938
201	940
1038	201
120	940
2016	2014
2016	2015
202	2014
122	202
946	122
2013	946
1089	946
1086	1089
2015	1086
213	1086
2014	213
210	213
207	210
204	207
202	204
1050	1086
1052	1086
1083	1086
216	1083
231	1083
219	231
228	231
222	228
225	228
123	946
126	123
234	126
237	126
128	238
131	135
1121	252
131	1121
1119	1121
236	1119
235	1119
2017	1119
230	2017
246	2017
243	246
240	243
229	240
249	2017
1117	2017
1119	2017
258	141
255	258
253	255
137	253
143	261
259	261
2019	282
2020	2019
262	2020
146	262
264	2020
273	2020
1131	273
270	273
267	270
2019	2020
1136	2019
2018	2019
276	2018
279	2018
282	2018
2019	2018
992	283
149	283
2024	2023
2024	2021
2025	2024
2026	2025
2028	2027
2028	2023
2029	2028
2029	2024
2030	2029
2030	2025
2032	2031
2032	2027
2033	2032
2033	2028
2033	2029
153	2033
1157	153
2026	1157
291	1157
2022	291
288	291
2021	288
1151	288
285	1151
2023	285
1147	285
2027	1147
2031	1147
280	1147
281	280
2032	281
152	281
2033	152
153	152
294	1157
2038	2037
2038	2034
2039	2038
303	2039
300	303
297	300
2034	297
2036	297
2037	2036
167	2036
168	167
2038	168
312	168
2039	312
309	312
306	309
303	306
2040	2036
156	2040
1160	2040
155	1160
2036	2040
295	2036
297	2036
158	165
170	313
321	315
2043	2041
2044	2043
1213	2044
324	1213
2041	324
310	324
311	310
173	311
2043	173
174	173
336	174
2044	336
333	336
330	333
327	330
1213	327
321	324
315	321
337	183
176	337
348	189
2045	348
186	2045
185	2045
335	2045
334	2045
345	2045
342	345
339	342
348	2045
192	189
2046	205
194	2046
1243	2046
349	1243
1245	2046
2047	2046
1248	2047
351	1248
354	2047
357	2047
206	2047
2046	2047
205	2046
1041	203
199	203
208	358
360	363
2049	360
212	2049
211	2049
2048	2049
356	2048
355	2048
360	2048
2049	2048
1261	369
1053	1261
215	1053
1051	1261
214	1261
366	369
364	366
217	372
1265	372
370	372
1285	378
2050	378
220	2050
221	220
2051	2050
373	2051
375	2051
1274	2051
1276	2051
2050	2051
378	2050
223	241
1287	241
242	241
390	242
387	390
384	387
382	384
226	239
2052	232
1091	2052
1088	2052
1085	2052
232	2052
244	391
393	399
388	393
247	388
389	388
396	399
2055	2054
1118	2054
1120	1118
1122	1120
2056	1122
405	2056
2053	405
402	405
400	402
2054	400
250	400
1118	250
1312	2056
254	2056
251	2056
1122	2056
2057	260
1314	2057
256	1314
406	2057
263	2057
260	2057
2058	411
1132	2058
404	2058
265	404
403	2058
408	2058
411	2058
2062	2059
2062	2061
412	2061
268	412
269	268
1330	269
2060	1330
1328	1330
426	1328
423	426
2059	423
2061	423
420	423
417	420
414	417
412	414
429	1328
432	269
271	433
2065	2063
1138	2065
275	1138
438	275
1339	438
2063	1339
435	1339
1329	435
2065	1329
1331	1329
274	1331
1138	274
431	1331
430	435
447	284
444	447
441	444
439	441
278	439
277	439
450	284
1152	453
451	453
286	451
477	471
2070	2069
2071	2070
2071	2066
2072	2071
2072	2067
2073	2072
2074	2070
2075	2074
2075	2071
2076	2075
2076	2072
477	2076
2068	477
471	477
468	471
465	468
462	465
2067	462
2066	462
459	462
2069	459
456	459
454	456
289	454
2070	289
2074	289
290	289
2075	290
298	290
2076	298
299	298
477	299
292	296
483	489
480	483
1399	480
301	1399
1397	1399
478	1397
486	489
304	490
307	314
492	314
488	492
487	492
316	495
493	495
319	496
1435	507
2078	1435
323	2078
2077	2078
322	2077
491	2077
494	491
485	2077
484	2077
498	2077
501	2077
2078	2077
504	2078
1435	2078
508	519
1216	508
1438	508
325	1438
516	519
510	516
513	516
341	340
520	341
328	520
331	338
1445	522
518	1445
343	518
344	343
517	1445
2082	2079
2083	2082
2084	2083
2084	2080
2085	2084
2086	2083
2086	2084
350	2086
525	350
2081	525
1450	525
523	1450
2080	523
1448	523
2079	1448
346	1448
2082	346
347	346
1244	347
2083	1244
2086	1244
1246	1244
350	1246
2090	2088
1460	2090
1458	1460
2088	1458
2087	1458
352	2087
1250	352
2090	1250
353	1250
359	353
1460	359
526	2087
528	2087
1456	2087
1458	2087
2093	2091
2094	2093
2095	2093
365	2095
540	365
2092	540
537	540
534	537
531	534
2091	531
1462	531
1457	1462
1459	1457
2093	1459
1461	1459
2095	1461
361	1461
362	361
365	362
529	1462
2096	371
367	2096
541	2096
543	2096
374	2096
371	2096
1277	558
2099	558
2098	2099
1275	2098
1480	2098
1478	1480
544	1478
376	544
546	1478
1482	2098
2097	2098
1486	2097
555	1486
549	555
552	555
558	2097
2099	2097
2098	2097
559	380
1504	383
2101	1504
559	2101
2100	2101
561	2100
564	2100
1500	2100
2101	2100
1502	2101
1504	2101
1505	392
385	1505
1518	392
1503	1518
1516	1518
2103	1516
1501	2103
2102	2103
1508	2102
570	1508
565	570
567	570
1510	2102
1512	2102
1514	2102
573	1514
2103	2102
1516	2103
1521	574
2106	2105
2107	2105
395	2107
582	395
1521	582
2104	1521
574	1521
1515	574
2105	1515
1517	1515
1519	1517
2107	1519
394	1519
395	394
579	582
397	401
407	401
583	407
581	413
409	581
580	413
585	413
415	588
586	588
418	591
589	591
2108	597
1554	2108
422	2108
421	2108
1546	2108
592	1546
594	2108
597	2108
1556	600
1555	609
424	1555
2110	609
1553	2110
2109	2110
600	2109
598	600
1556	2109
606	2109
1558	2109
2110	2109
609	2110
2112	434
427	2112
610	2112
2111	2112
1560	2111
1562	2111
612	1562
1564	2111
1566	2111
615	1566
2112	2111
434	2112
2114	440
1341	2114
2113	2114
436	2113
1567	2113
616	2113
618	2113
2114	2113
440	2114
442	619
2119	2118
2119	2115
2120	2119
2124	2117
2125	2124
2125	2118
2126	2125
2126	2119
2127	2126
2127	2120
2128	2127
2128	2121
2124	2123
2129	2123
2130	2129
2130	2124
2131	2130
2131	2125
2132	2131
2132	2126
2133	2132
2133	2127
2134	2131
2135	2134
2135	2132
2136	2135
1838	2136
1836	1838
2128	1836
2122	1836
1834	1836
1584	1834
1582	1584
2121	1582
1580	1582
2116	1580
2120	2116
1578	1580
2115	1578
1576	1578
2117	1576
2118	2117
630	1576
624	630
621	624
2123	621
613	621
2129	613
1563	613
2130	1563
1565	1563
2131	1565
2134	1565
614	1565
2135	614
617	614
2136	617
1838	617
445	617
446	445
627	630
1586	1834
457	1834
458	457
2138	452
2137	2138
1839	2137
448	1839
1837	2137
2138	2137
1835	2138
455	2138
452	2138
2141	2140
2142	2141
2143	2142
2144	2143
2145	2144
2140	2145
2147	2146
2147	2142
2148	2147
2148	2143
1596	2148
639	1596
2145	639
636	639
633	636
2140	633
631	633
1577	631
1579	1577
2141	1579
1581	1579
2142	1581
1583	1581
2146	1583
1585	1583
1587	1585
2147	1587
460	1587
461	460
2148	461
1598	461
1596	1598
1601	642
1599	1601
463	1599
1597	1601
640	1601
466	643
648	604
469	657
2153	2150
2153	2152
2155	2152
2154	2156
2155	2154
2157	2154
605	2157
622	605
2153	622
623	622
2151	623
637	623
2149	637
1617	2149
2150	1617
1615	1617
2152	1615
1613	1615
2156	1613
651	1613
648	651
2157	648
2154	2157
604	648
1557	604
605	1557
1619	2149
1621	2149
637	2149
638	637
1623	638
1603	638
1625	1603
641	1603
469	641
654	469
657	469
473	472
655	475
2160	2159
669	2160
666	669
660	666
655	660
2159	655
475	655
476	475
1398	476
2160	1398
1400	1398
672	1400
669	672
479	1400
663	666
481	497
673	497
2161	675
1657	2161
2162	2161
500	2162
499	2162
671	2162
2161	2162
670	2161
675	2161
2165	2163
1669	2165
1667	1669
1665	1667
2163	1665
1663	1665
1656	1663
1658	1656
2165	1658
502	1658
687	502
1671	687
1669	1671
503	502
1661	1663
676	1661
678	1661
684	1667
681	684
1679	690
1679	509
1675	1679
1673	1675
1436	1673
688	1673
505	688
690	1679
702	696
511	702
1680	702
696	702
694	696
1685	521
703	1685
514	703
515	514
1452	521
1687	1452
2166	1452
705	2166
1463	2166
1690	1463
530	1463
527	2166
524	2166
1452	2166
1696	698
2167	714
532	2167
1702	2167
1700	1702
1692	1700
1698	1700
706	1698
1696	1698
698	1696
1704	2167
1713	2167
1706	1713
711	1713
708	711
714	2167
535	715
2168	542
1715	2168
538	1715
713	1715
712	2168
545	2168
542	2168
2169	717
1483	2169
1481	2169
2170	2169
1479	2170
547	2170
710	2170
709	2170
2169	2170
717	2169
718	551
2171	732
718	2171
720	2171
723	2171
729	2171
726	729
732	2171
735	738
733	735
553	733
1487	560
739	560
556	739
562	566
2172	747
562	2172
737	2172
744	2172
736	744
741	744
747	2172
1753	750
569	1753
748	1753
568	748
759	753
1513	575
2173	759
1513	2173
575	1513
1511	2173
2175	2173
2174	2175
1509	2174
1756	2174
571	1756
751	2174
2175	2174
753	2175
2173	2175
759	2173
1523	584
587	584
590	587
577	590
1548	590
1760	1548
593	1548
760	593
596	646
2176	646
758	2176
595	758
2177	2176
757	2177
1761	2177
2176	2177
647	2176
646	2176
644	602
1559	611
608	1559
607	611
620	611
625	634
635	634
628	632
1763	755
1765	762
650	1765
1763	1765
649	1763
1762	1763
755	1763
2181	2180
2182	2181
2179	2182
2184	2183
2184	2180
2185	2182
1616	2185
1618	1616
1620	1618
2178	1620
1622	1620
2180	1622
2183	1622
1624	1622
1626	1624
2186	1626
2184	2186
768	2186
1772	768
2181	1772
2182	1772
765	1772
2185	765
763	765
2187	763
1616	2187
1614	2187
1768	2187
652	1768
763	2187
771	2186
659	2186
653	2186
1626	2186
661	772
770	774
664	770
769	774
667	674
775	674
677	674
2188	677
1784	2188
2189	2188
1788	2189
2190	2189
777	2190
728	2190
727	2190
780	2190
783	2190
2189	2190
2188	2189
677	2188
2193	2192
2194	2193
2195	2194
2196	2195
2197	2196
2192	2197
784	2197
679	784
2193	679
1662	679
2194	1662
1664	1662
2195	1664
1666	1664
680	1666
2196	680
1814	680
1811	1814
2197	1811
786	1811
784	786
1830	792
2200	1830
683	2200
682	2200
1816	2200
2198	2200
2199	2198
1813	2199
2201	2199
787	2201
2202	2201
789	2202
722	2202
1818	2202
721	1818
1820	2202
2201	2202
1822	2201
2199	2201
1824	2199
2198	2199
1826	2198
2200	2198
1828	2200
1830	2200
793	689
2203	793
1674	2203
1672	2203
686	1672
1670	2203
1668	2203
1833	2203
685	1833
793	2203
791	692
2208	2207
2208	2204
2209	2208
2210	2209
2214	2213
2214	2206
2215	2214
2215	2207
2216	2215
2217	2216
2217	2208
2218	2217
2218	2209
2219	2218
2219	2210
2220	2219
2222	2212
2223	2222
2224	2223
2224	2213
2225	2224
2225	2214
2226	2225
2226	2215
2227	2226
2227	2216
2228	2227
2228	2217
2229	2228
2229	2218
2230	2229
2230	2219
2231	2230
2231	2220
2232	2226
2233	2232
2233	2227
2234	2233
2234	2228
2235	2234
2235	2229
2236	2235
2236	2230
716	2236
2221	716
719	716
1819	719
2220	1819
2211	1819
1821	1819
1823	1821
2210	1823
2205	1823
1825	1823
2204	1825
1827	1825
2207	1827
2206	1827
1829	1827
1831	1829
2213	1831
2212	1831
791	1831
692	791
2222	692
695	692
2223	695
1697	695
2224	1697
1699	1697
2225	1699
1701	1699
2232	1701
2226	2232
1703	1701
2233	1703
1705	1703
2234	1705
2235	1705
1707	1705
2236	1707
707	1707
716	707
2237	704
1686	2237
700	2237
701	700
704	2237
724	779
790	779
740	734
778	740
730	778
2241	2240
2242	2241
2239	2242
2243	2241
2244	2243
2245	2244
2245	2242
2247	2246
2247	2243
2248	2247
2248	2244
1800	2248
1798	1800
2239	1798
766	1798
1774	766
2238	1774
2240	1774
767	1774
773	767
1787	773
2241	1787
1791	1787
2243	1791
2246	1791
776	1791
742	776
2247	742
743	742
1802	743
2248	1802
1800	1802
2252	2251
1764	2252
1766	1764
1799	1766
1801	1799
2251	1801
2250	1801
1754	2250
749	1754
2252	749
752	749
1764	752
746	2250
1803	2250
745	1803
1801	2250
761	1766
764	761
788	785
781	788
2253	795
1859	2253
1857	2253
1855	2253
1853	2253
795	2253
