0	4
772	4
772	773
1	773
4	775
774	775
774	776
5	776
775	7
776	7
776	778
777	778
7	780
779	780
779	781
8	781
780	10
781	10
781	783
782	783
10	784
11	784
784	13
785	13
13	786
14	786
786	788
787	788
788	790
789	790
790	792
791	792
792	0
793	0
14	794
12	794
794	796
795	796
796	798
797	798
798	800
799	800
800	802
801	802
802	804
803	804
804	16
805	16
16	2
17	2
17	19
15	19
19	806
20	806
806	22
807	22
22	25
808	25
808	809
23	809
25	811
810	811
810	812
26	812
811	28
812	28
812	814
813	814
28	31
29	31
31	815
32	815
815	817
816	817
817	34
818	34
34	9
35	9
35	37
819	37
819	820
33	820
37	40
821	40
821	823
822	823
822	824
38	824
40	825
41	825
825	43
826	43
43	829
827	829
827	830
828	830
828	831
44	831
829	46
830	46
830	833
831	833
831	834
832	834
46	49
47	49
49	52
835	52
835	837
836	837
836	838
50	838
52	55
839	55
839	840
53	840
55	58
841	58
841	843
842	843
842	844
56	844
58	61
845	61
845	847
846	847
846	848
59	848
61	64
849	64
849	852
850	852
850	853
851	853
851	854
62	854
64	18
855	18
855	856
65	856
65	858
857	858
857	859
63	859
858	67
859	67
859	861
860	861
67	70
862	70
862	863
68	863
70	21
864	21
864	865
71	865
71	73
866	73
866	867
69	867
73	869
868	869
868	870
74	870
869	76
870	76
870	872
871	872
76	873
77	873
873	875
874	875
875	24
876	24
77	79
877	79
877	878
75	878
79	82
879	82
879	881
880	881
880	882
80	882
82	85
883	85
883	885
884	885
884	886
83	886
85	88
887	88
887	889
888	889
888	890
86	890
88	91
89	91
91	892
891	892
891	893
92	893
892	895
893	895
893	896
894	896
895	27
896	27
896	898
897	898
92	94
90	94
94	97
899	97
899	900
95	900
97	901
98	901
901	903
902	903
903	905
904	905
905	100
906	100
100	103
907	103
907	908
101	908
103	910
909	910
909	911
104	911
910	106
911	106
911	913
912	913
106	914
107	914
914	916
915	916
916	30
917	30
107	109
918	109
918	919
105	919
109	36
920	36
920	921
110	921
110	922
108	922
922	112
923	112
112	39
924	39
924	925
113	925
113	42
926	42
926	927
111	927
104	115
102	115
115	118
116	118
118	928
119	928
928	930
929	930
930	932
931	932
932	934
933	934
934	936
935	936
936	938
937	938
938	940
939	940
940	121
941	121
121	124
942	124
942	945
943	945
943	946
944	946
944	947
122	947
124	127
948	127
948	950
949	950
949	951
125	951
127	45
952	45
952	954
953	954
953	955
128	955
128	130
956	130
956	958
957	958
957	959
126	959
130	48
960	48
960	961
131	961
131	133
962	133
962	964
963	964
963	965
129	965
137	134
133	138
966	138
966	967
138	141
968	141
968	971
969	971
969	972
970	972
970	973
139	973
141	144
974	144
974	977
975	977
975	978
976	978
976	979
142	979
144	147
145	147
147	150
980	150
980	981
148	981
150	57
151	57
151	60
149	60
148	153
146	153
153	985
982	985
982	986
983	986
983	987
984	987
984	988
154	988
985	156
986	156
986	990
987	990
987	991
988	991
988	992
989	992
156	159
993	159
993	994
157	994
159	996
995	996
995	997
160	997
996	66
997	66
997	999
998	999
160	1000
158	1000
1000	162
1001	162
162	165
1002	165
1002	1003
163	1003
165	168
166	168
168	171
169	171
171	1004
172	1004
1004	81
1005	81
172	1006
170	1006
1006	174
1007	174
174	177
1008	177
1008	1009
175	1009
177	180
1010	180
1010	1011
178	1011
180	183
181	183
183	84
184	84
184	186
182	186
186	189
1012	189
1012	1014
1013	1014
1013	1015
187	1015
189	87
1016	87
1016	1018
1017	1018
1017	1019
190	1019
190	93
1020	93
1020	1021
188	1021
187	192
1022	192
1022	1024
1023	1024
1023	1025
185	1025
192	195
1026	195
1026	1027
193	1027
195	198
196	198
198	1028
199	1028
1028	201
1029	201
201	204
202	204
204	96
1030	96
1030	1031
205	1031
205	99
1032	99
1032	1033
203	1033
202	207
200	207
207	1034
208	1034
1034	114
1035	114
208	210
1036	210
1036	1037
206	1037
210	1038
211	1038
1038	1040
1039	1040
1040	213
1041	213
213	1042
214	1042
1042	117
1043	117
214	216
1044	216
1044	1045
212	1045
216	1047
1046	1047
1046	1048
217	1048
1047	219
1048	219
1048	1050
1049	1050
219	222
1051	222
1051	1052
220	1052
222	120
1053	120
1053	1056
1054	1056
1054	1057
1055	1057
1055	1058
223	1058
223	225
1059	225
1059	1061
1060	1061
1060	1062
221	1062
225	228
226	228
228	231
1063	231
1063	1064
229	1064
231	234
1065	234
1065	1066
232	1066
234	123
1067	123
1067	1068
235	1068
235	237
1069	237
1069	1071
1070	1071
1070	1072
233	1072
237	132
1073	132
1073	1075
1074	1075
1074	1076
238	1076
238	1077
236	1077
1077	1079
1078	1079
1079	1081
1080	1081
1081	240
1082	240
240	137
1083	137
1083	1084
241	1084
241	243
1085	243
1085	1086
239	1086
243	1087
244	1087
1087	246
1088	246
246	1089
247	1089
1089	249
1090	249
249	140
1091	140
1091	1093
1092	1093
1092	1094
250	1094
250	252
1095	252
1095	1097
1096	1097
1096	1098
248	1098
252	255
1099	255
1099	1100
253	1100
255	1101
256	1101
1101	258
1102	258
258	261
1103	261
1103	1104
259	1104
261	264
262	264
264	155
1105	155
1105	1107
1106	1107
1106	1108
265	1108
265	267
1109	267
1109	1111
1110	1111
1110	1112
263	1112
267	270
1113	270
1113	1116
1114	1116
1114	1117
1115	1117
1115	1118
268	1118
270	161
1119	161
1119	1120
271	1120
271	1122
1121	1122
1121	1123
269	1123
1122	273
1123	273
1123	1125
1124	1125
273	276
1126	276
1126	1127
274	1127
276	279
1128	279
1128	1129
277	1129
279	282
1130	282
1130	1131
280	1131
282	164
1132	164
1132	1133
283	1133
283	285
1134	285
1134	1135
281	1135
285	167
286	167
286	1137
1136	1137
1136	1138
284	1138
1137	173
1138	173
1138	1140
1139	1140
280	288
1141	288
1141	1143
1142	1143
1142	1144
278	1144
288	1145
289	1145
1145	1147
1146	1147
1147	1149
1148	1149
1149	176
1150	176
289	291
1151	291
1151	1153
1152	1153
1152	1154
287	1154
291	294
1155	294
1155	1157
1156	1157
1156	1158
292	1158
294	297
1159	297
1159	1162
1160	1162
1160	1163
1161	1163
1161	1164
295	1164
297	300
1165	300
1165	1167
1166	1167
1166	1168
298	1168
300	1169
301	1169
1169	303
1170	303
303	306
304	306
306	309
1171	309
1171	1172
307	1172
309	179
310	179
310	312
308	312
312	1175
1173	1175
1173	1176
1174	1176
1174	1177
313	1177
1175	191
1176	191
1176	1179
1177	1179
1177	1180
1178	1180
313	315
1181	315
1181	1183
1182	1183
1182	1184
311	1184
315	1185
316	1185
1185	1187
1186	1187
1187	1189
1188	1189
1189	194
1190	194
316	318
1191	318
1191	1193
1192	1193
1192	1194
314	1194
318	321
1195	321
1195	1197
1196	1197
1196	1198
319	1198
321	1199
322	1199
1199	1201
1200	1201
1201	1203
1202	1203
1203	324
1204	324
324	327
1205	327
1205	1206
325	1206
327	330
328	330
330	1207
331	1207
1207	1209
1208	1209
1209	1211
1210	1211
1211	197
1212	197
331	1213
329	1213
1213	333
1214	333
333	209
334	209
334	1215
332	1215
1215	336
1216	336
336	339
337	339
339	1217
340	1217
1217	1219
1218	1219
1219	1221
1220	1221
1221	215
1222	215
340	1224
1223	1224
1223	1225
338	1225
1224	342
1225	342
1225	1227
1226	1227
342	345
1228	345
1228	1231
1229	1231
1229	1232
1230	1232
1230	1233
343	1233
345	348
1234	348
1234	1236
1235	1236
1235	1237
346	1237
348	351
1238	351
1238	1240
1239	1240
1239	1241
349	1241
351	354
1242	354
1242	1244
1243	1244
1243	1245
352	1245
354	218
355	218
355	224
1246	224
1246	1247
353	1247
352	1248
350	1248
1248	357
1249	357
357	227
1250	227
1250	1251
358	1251
358	360
1252	360
1252	1254
1253	1254
1253	1255
356	1255
360	1257
1256	1257
1256	1258
361	1258
1257	363
1258	363
1258	1260
1259	1260
363	366
364	366
366	1261
367	1261
1261	1263
1262	1263
1263	1265
1264	1265
1265	230
1266	230
367	1267
365	1267
1267	1269
1268	1269
1269	1271
1270	1271
1271	369
1272	369
369	242
370	242
370	1273
368	1273
1273	1275
1274	1275
1275	372
1276	372
372	375
1277	375
1277	1278
373	1278
375	1279
376	1279
1279	378
1280	378
378	245
379	245
379	381
377	381
381	384
1281	384
1281	1282
382	1282
384	387
1283	387
1283	1284
385	1284
387	390
1285	390
1285	1286
388	1286
390	251
1287	251
1287	1288
391	1288
391	393
1289	393
1289	1290
389	1290
393	396
1291	396
1291	1293
1292	1293
1292	1294
394	1294
396	254
397	254
397	399
1295	399
1295	1298
1296	1298
1296	1299
1297	1299
1297	1300
395	1300
399	257
400	257
400	402
1301	402
1301	1304
1302	1304
1302	1305
1303	1305
1303	1306
398	1306
402	405
1307	405
1307	1308
403	1308
405	1310
1309	1310
1309	1311
406	1311
1310	1313
1311	1313
1311	1314
1312	1314
1313	272
1314	272
1314	1316
1315	1316
406	1317
404	1317
1317	408
1318	408
408	411
1319	411
1319	1322
1320	1322
1320	1323
1321	1323
1321	1324
409	1324
411	1325
412	1325
1325	414
1326	414
414	417
415	417
417	1327
418	1327
1327	293
1328	293
418	1329
416	1329
1329	420
1330	420
420	423
1331	423
1331	1332
421	1332
423	1333
424	1333
1333	426
1334	426
426	296
427	296
427	429
425	429
429	299
1335	299
1335	1336
430	1336
430	432
1337	432
1337	1339
1338	1339
1338	1340
428	1340
432	435
1341	435
1341	1342
433	1342
435	302
436	302
436	438
1343	438
1343	1344
434	1344
438	305
439	305
439	317
1345	317
1345	1346
437	1346
433	441
1347	441
1347	1349
1348	1349
1348	1350
431	1350
441	1351
442	1351
1351	1353
1352	1353
1353	444
1354	444
444	320
1355	320
1355	1357
1356	1357
1356	1358
445	1358
445	1361
1359	1361
1359	1362
1360	1362
1360	1363
443	1363
1361	447
1362	447
1362	1365
1363	1365
1363	1366
1364	1366
447	1368
1367	1368
1367	1369
448	1369
1368	323
1369	323
1369	1371
1370	1371
448	450
1372	450
1372	1374
1373	1374
1373	1375
446	1375
450	341
1376	341
1376	1378
1377	1378
1377	1379
451	1379
451	1380
449	1380
1380	1382
1381	1382
1382	453
1383	453
453	1385
1384	1385
1384	1386
454	1386
1385	456
1386	456
1386	1388
1387	1388
456	459
1389	459
1389	1390
457	1390
459	344
460	344
460	347
458	347
457	462
1391	462
1391	1393
1392	1393
1392	1394
455	1394
462	1396
1395	1396
1395	1397
463	1397
1396	359
1397	359
1397	1399
1398	1399
463	1400
461	1400
1400	1402
1401	1402
1402	1404
1403	1404
1404	1406
1405	1406
1406	1408
1407	1408
1408	465
1409	465
465	1410
466	1410
1410	362
1411	362
466	371
464	371
454	468
1412	468
1412	1414
1413	1414
1413	1415
452	1415
468	1416
469	1416
1416	1418
1417	1418
1418	1420
1419	1420
1420	1422
1421	1422
1422	1424
1423	1424
1424	471
1425	471
471	374
472	374
472	474
470	474
474	477
1426	477
1426	1427
475	1427
477	380
1428	380
1428	1429
478	1429
478	480
476	480
480	483
1430	483
1430	1432
1431	1432
1431	1433
481	1433
483	383
484	383
484	486
1434	486
1434	1435
482	1435
486	489
1436	489
1436	1437
487	1437
489	386
490	386
490	492
1438	492
1438	1439
488	1439
492	392
1440	392
1440	1441
493	1441
493	1442
491	1442
1442	1444
1443	1444
1444	1446
1445	1446
1446	495
1447	495
495	1449
1448	1449
1448	1450
496	1450
1449	1452
1450	1452
1450	1453
1451	1453
1452	498
1453	498
1453	1455
1454	1455
498	1457
1456	1457
1456	1458
499	1458
1457	401
1458	401
1458	1460
1459	1460
499	407
1461	407
1461	1464
1462	1464
1462	1465
1463	1465
1463	1466
497	1466
496	501
494	501
501	504
502	504
504	507
505	507
507	510
1467	510
1467	1468
508	1468
510	1469
511	1469
1469	1471
1470	1471
1471	513
1472	513
513	516
1473	516
1473	1474
514	1474
516	519
517	519
519	522
1475	522
1475	1476
520	1476
522	410
1477	410
1477	1479
1478	1479
1478	1480
523	1480
523	525
1481	525
1481	1482
521	1482
529	526
525	530
530	413
531	413
534	529
531	535
535	538
1483	538
1483	1485
1484	1485
1484	1486
536	1486
538	419
1487	419
1487	1488
539	1488
539	541
537	541
541	544
1489	544
1489	1493
1490	1493
1490	1494
1491	1494
1491	1495
1492	1495
1492	1496
542	1496
544	1497
545	1497
1497	1499
1498	1499
1499	547
1500	547
547	1501
548	1501
1501	1503
1502	1503
1503	550
1504	550
550	1506
1505	1506
1505	1507
551	1507
1506	1509
1507	1509
1507	1510
1508	1510
1509	422
1510	422
1510	1512
1511	1512
551	553
549	553
553	556
1513	556
1513	1514
554	1514
556	1515
557	1515
1515	559
1516	559
559	440
1517	440
1517	1519
1518	1519
1518	1520
560	1520
560	562
1521	562
1521	1523
1522	1523
1522	1524
558	1524
562	1526
1525	1526
1525	1527
563	1527
1526	1529
1527	1529
1527	1530
1528	1530
1529	565
1530	565
1530	1532
1531	1532
565	568
1533	568
1533	1535
1534	1535
1534	1536
566	1536
568	467
1537	467
1537	1538
569	1538
569	555
1539	555
1539	1540
567	1540
566	561
1541	561
1541	1543
1542	1543
1542	1544
564	1544
554	1546
1545	1546
1545	1547
552	1547
1546	571
1547	571
1547	1549
1548	1549
571	473
1550	473
1550	1551
572	1551
572	574
570	574
574	479
1552	479
1552	1554
1553	1554
1553	1555
575	1555
575	577
1556	577
1556	1558
1557	1558
1557	1559
573	1559
577	580
1560	580
1560	1562
1561	1562
1561	1563
578	1563
580	583
1564	583
1564	1565
581	1565
583	1567
1566	1567
1566	1568
584	1568
1567	586
1568	586
1568	1570
1569	1570
586	589
1571	589
1571	1572
587	1572
589	1573
590	1573
1573	1575
1574	1575
1575	1577
1576	1577
1577	485
1578	485
590	500
1579	500
1579	1580
588	1580
587	592
585	592
592	595
1581	595
1581	1582
593	1582
595	1583
596	1583
1583	503
1584	503
596	598
594	598
598	506
599	506
599	601
1585	601
1585	1586
597	1586
601	604
1587	604
1587	1588
602	1588
604	1589
605	1589
1589	509
1590	509
605	607
1591	607
1591	1592
603	1592
607	610
1593	610
1593	1594
608	1594
610	613
611	613
613	512
614	512
614	1595
612	1595
1595	616
1596	616
616	619
1597	619
1597	1598
617	1598
619	515
620	515
620	622
1599	622
1599	1601
1600	1601
1600	1602
618	1602
622	518
1603	518
1603	1604
623	1604
623	524
1605	524
1605	1608
1606	1608
1606	1609
1607	1609
1607	1610
621	1610
617	1612
1611	1612
1611	1613
615	1613
1612	625
1613	625
1613	1615
1614	1615
625	628
626	628
628	631
629	631
631	1616
632	1616
1616	1618
1617	1618
1618	1620
1619	1620
1620	1622
1621	1622
1622	1624
1623	1624
1624	1626
1625	1626
1626	1628
1627	1628
1628	1630
1629	1630
1630	634
1631	634
634	637
635	637
637	640
638	640
640	1633
1632	1633
1632	1634
641	1634
1633	643
1634	643
1634	1636
1635	1636
643	646
1637	646
1637	1639
1638	1639
1638	1640
644	1640
646	649
1641	649
1641	1642
647	1642
649	543
1643	543
1643	1646
1644	1646
1644	1647
1645	1647
1645	1648
650	1648
650	652
1649	652
1649	1651
1650	1651
1650	1652
648	1652
652	579
1653	579
1653	1655
1654	1655
1654	1656
653	1656
653	645
651	645
644	655
1657	655
1657	1658
642	1658
655	658
656	658
658	582
659	582
659	661
1659	661
1659	1660
657	1660
661	591
1661	591
1661	1662
662	1662
662	664
660	664
664	1663
665	1663
1663	1665
1664	1665
1665	1667
1666	1667
1667	667
1668	667
667	1670
1669	1670
1669	1671
668	1671
1670	600
1671	600
1671	1673
1672	1673
668	670
1674	670
1674	1675
666	1675
670	673
671	673
673	1676
674	1676
1676	1678
1677	1678
1678	1680
1679	1680
1680	606
1681	606
674	1682
672	1682
1682	1684
1683	1684
1684	676
1685	676
676	679
677	679
679	682
1686	682
1686	1687
680	1687
682	609
683	609
683	1688
681	1688
1688	1690
1689	1690
1690	685
1691	685
685	624
686	624
686	688
1692	688
1692	1693
684	1693
688	691
689	691
691	694
692	694
694	697
695	697
697	1694
698	1694
1694	627
1695	627
698	1696
696	1696
1696	1698
1697	1698
1698	700
1699	700
700	703
701	703
703	630
704	630
704	706
1700	706
1700	1701
702	1701
706	1703
1702	1703
1702	1704
707	1704
1703	1706
1704	1706
1704	1707
1705	1707
1706	1709
1707	1709
1707	1710
1708	1710
1709	709
1710	709
1710	1712
1711	1712
709	712
1713	712
1713	1714
710	1714
712	1715
713	1715
1715	633
1716	633
713	715
711	715
715	1717
716	1717
1717	1719
1718	1719
1719	718
1720	718
718	1721
719	1721
1721	636
1722	636
719	721
717	721
721	724
722	724
724	727
725	727
727	730
1723	730
1723	1724
728	1724
730	733
1725	733
1725	1726
731	1726
733	736
1727	736
1727	1729
1728	1729
1728	1730
734	1730
736	639
1731	639
1731	1733
1732	1733
1732	1734
737	1734
737	1735
735	1735
1735	654
1736	654
734	739
732	739
739	1737
740	1737
1737	1739
1738	1739
1739	663
1740	663
740	1742
1741	1742
1741	1743
738	1743
1742	669
1743	669
1743	1745
1744	1745
731	1746
729	1746
1746	742
1747	742
742	1749
1748	1749
1748	1750
743	1750
1749	1752
1750	1752
1750	1753
1751	1753
1752	745
1753	745
1753	1755
1754	1755
745	675
746	675
746	748
1756	748
1756	1757
744	1757
748	678
749	678
749	687
1758	687
1758	1759
747	1759
743	1761
1760	1761
1760	1762
741	1762
1761	726
1762	726
1762	1764
1763	1764
725	1765
723	1765
1765	1767
1766	1767
1767	1769
1768	1769
1769	1771
1770	1771
1771	1773
1772	1773
1773	1775
1774	1775
1775	1777
1776	1777
1777	1779
1778	1779
1779	690
1780	690
722	751
720	751
751	1781
752	1781
1781	1783
1782	1783
1783	1785
1784	1785
1785	1787
1786	1787
1787	1789
1788	1789
1789	1791
1790	1791
1791	1793
1792	1793
1793	754
1794	754
754	693
755	693
755	1795
753	1795
1795	757
1796	757
757	760
758	760
760	1797
761	1797
1797	1799
1798	1799
1799	1801
1800	1801
1801	699
1802	699
761	1803
759	1803
1803	1805
1804	1805
1805	1807
1806	1807
1807	1809
1808	1809
1809	1811
1810	1811
1811	763
1812	763
763	1813
764	1813
1813	1815
1814	1815
1815	1817
1816	1817
1817	714
1818	714
764	766
762	766
766	1819
767	1819
1819	750
1820	750
767	1822
1821	1822
1821	1823
765	1823
1822	1825
1823	1825
1823	1826
1824	1826
1825	756
1826	756
1826	1828
1827	1828
710	1829
708	1829
1829	1831
1830	1831
1831	1833
1832	1833
1833	1835
1834	1835
1835	1837
1836	1837
1837	705
1838	705
578	546
576	546
542	534
1839	534
1839	1842
1840	1842
1840	1843
1841	1843
1841	1844
540	1844
337	326
335	326
292	1845
290	1845
1845	275
1846	275
268	260
266	260
154	143
1847	143
1847	1849
1848	1849
1848	1850
152	1850
80	1851
78	1851
1851	72
1852	72
56	51
1853	51
1853	1854
54	1854
8	1855
6	1855
1855	1857
1856	1857
1857	1859
1858	1859
1859	3
1860	3
768	1861
769	1861
1861	1863
1862	1863
1863	1865
1864	1865
1865	1867
1866	1867
1867	1869
1868	1869
1869	768
1870	768
2	0
2	772
5	3
774	3
774	773
8	6
8	778
779	778
11	9
11	783
14	12
17	15
856	18
856	19
865	21
865	808
808	21
26	24
26	809
810	809
898	27
898	814
29	814
32	30
819	33
819	34
921	36
921	820
921	821
921	822
821	820
925	39
925	824
925	823
41	823
927	42
927	827
927	828
827	42
954	45
954	834
954	1878
955	1878
47	1878
46	1878
833	1878
961	48
961	1879
961	836
836	1879
835	1879
835	48
1854	51
1854	838
1854	837
53	837
839	837
1853	54
1853	841
1853	842
841	54
841	840
59	57
59	844
846	844
846	843
845	843
62	60
851	60
850	60
850	848
849	848
849	847
857	63
857	854
857	853
65	853
855	853
855	852
999	66
999	861
999	862
862	861
866	69
866	863
866	1880
71	1880
864	1880
70	1880
74	72
74	867
868	867
877	75
877	872
877	76
80	78
880	78
880	878
879	878
83	81
884	81
884	882
883	882
883	881
86	84
86	886
888	886
888	885
887	885
1018	87
1018	890
1019	890
1019	889
89	889
92	90
891	90
1021	93
1021	94
1021	899
1031	96
1031	900
1031	97
1033	99
1033	100
1033	907
104	102
104	908
909	908
918	105
918	913
918	106
110	108
920	108
920	919
926	111
926	112
926	924
116	114
119	117
1056	120
1056	942
1056	943
1057	943
1057	944
1058	944
942	120
1068	123
1068	947
1068	1882
125	1882
949	1882
949	1881
948	1881
948	945
945	1881
946	1881
947	1881
1883	1884
957	126
957	951
957	1885
956	1885
956	1884
128	1884
953	1884
953	1883
952	1883
952	950
950	1883
951	1883
963	129
963	959
963	1886
962	1886
962	1887
131	1887
960	1887
960	1886
130	1886
958	1886
1891	1888
1888	1889
1889	1890
1891	1892
1075	132
1075	1888
1075	1891
1076	1891
1076	1893
134	1893
136	1893
1871	1893
1871	1892
1871	1890
135	1890
966	1890
966	964
964	1890
964	1889
965	1889
965	1888
1084	137
1084	1896
1084	1897
139	1897
970	1897
969	1897
969	1895
969	1894
968	1894
968	967
967	1894
135	1894
135	1895
1871	1895
1871	1897
136	1897
136	1896
1899	1898
1901	1899
1899	1900
1902	1900
1093	140
1093	1901
1093	1902
1094	1902
1094	1903
142	1903
976	1903
976	1900
975	1900
975	1898
974	1898
974	971
971	1898
971	1899
972	1899
972	1901
973	1901
1849	143
1849	979
1849	978
1850	978
1850	977
145	977
148	146
980	146
151	149
151	981
1848	152
1848	982
1848	983
1847	983
1847	984
982	152
1107	155
1107	992
1107	1905
1108	1905
1108	1904
157	1904
993	1904
993	990
990	1904
991	1904
991	1905
160	158
160	994
995	994
1120	161
1120	162
1120	1002
1133	164
1133	1003
166	1003
169	167
172	170
1140	173
1140	174
1140	1008
178	176
1010	176
1010	1009
181	179
181	1011
184	182
1023	185
1023	1012
1023	1013
1022	1013
1012	185
1020	188
1020	1015
1020	1906
190	1906
1017	1906
1017	1907
1016	1907
1016	1014
1014	1907
1015	1907
1179	191
1179	1025
1179	1909
1180	1909
1180	1908
193	1908
1026	1908
192	1908
1024	1908
1024	1909
196	194
196	1027
199	197
202	200
1032	203
1032	1030
1030	203
1036	206
1036	207
211	209
211	1037
1044	212
1044	213
217	215
1046	215
1046	1045
220	218
220	1050
1051	1050
1060	221
1060	1053
1060	1054
1059	1054
1059	1055
1053	221
1053	1052
1247	224
1247	1062
1247	1061
226	1061
1251	227
1251	1063
1063	227
232	230
232	1064
1065	1064
1070	233
1070	1066
1069	1066
1069	1067
1067	1066
238	236
238	1072
1074	1072
1074	1071
1073	1071
1085	239
1085	240
1085	1083
244	242
244	1086
247	245
1096	248
1096	1091
1096	1092
1095	1092
1091	248
1288	251
1288	1098
1288	1097
1288	1099
1099	1097
256	254
256	1100
259	257
1103	257
262	260
262	1104
1110	263
1110	1910
1110	1105
1109	1105
1109	1106
1105	1910
264	1910
268	266
1115	266
1115	1112
1114	1112
1114	1111
1113	1111
1121	269
1121	1118
1121	1117
271	1117
1119	1117
1119	1116
1316	272
1316	1125
1316	1911
274	1911
1126	1911
273	1911
277	275
277	1127
1128	1127
1142	278
1142	1129
1141	1129
1141	1130
1130	1129
1134	281
1134	1131
1134	1912
283	1912
1132	1912
282	1912
1136	284
1136	1135
1136	285
1152	287
1152	1144
1152	1143
1151	1143
1151	288
292	290
1156	290
1156	1154
1155	1154
1155	1153
295	293
1161	293
1161	1158
1160	1158
1160	1157
1159	1157
298	296
298	1164
1166	1164
1166	1163
1165	1163
1165	1162
1336	299
1336	1168
1336	1167
301	1167
304	302
307	305
1171	305
310	308
310	1172
1182	311
1182	1173
1182	1174
1181	1174
1173	311
1192	314
1192	1184
1192	1183
1191	1183
1191	315
1346	317
1346	1194
1346	1913
1346	1196
1196	1913
1195	1913
1195	1193
1193	1913
1357	320
1357	1198
1357	1197
1358	1197
1358	321
1371	323
1371	324
1371	1205
328	326
328	1206
331	329
334	332
337	335
1223	338
1223	339
1378	341
1378	1914
1378	1229
1379	1229
1379	1230
1229	1914
1228	1914
1228	1227
1227	1914
346	344
346	1233
1235	1233
1235	1232
1234	1232
1234	1231
349	347
1239	347
1239	1237
1238	1237
1238	1236
352	350
352	1241
1243	1241
1243	1240
1242	1240
1246	353
1246	1245
1246	1244
355	1244
1253	356
1253	357
1253	1250
1252	1250
1399	359
1399	1255
1399	1254
1399	1256
1256	1254
364	362
364	1260
367	365
370	368
373	371
1277	371
376	374
376	1278
379	377
1429	380
1429	1281
1281	380
385	383
1283	383
1283	1282
388	386
388	1284
1285	1284
1289	389
1289	1915
1289	1287
1287	1915
1287	1286
1286	1915
1441	392
1441	1292
1292	392
1291	392
1291	1290
1297	395
1297	1294
1296	1294
1296	1293
1295	1293
1295	396
1303	398
1303	1300
1303	1299
1302	1299
1302	1298
1301	1298
1301	399
1460	401
1460	1306
1460	1305
1460	1916
403	1916
1307	1916
1307	1304
1304	1916
406	404
406	1308
1309	1308
1464	407
1464	408
1464	1319
1465	1319
1465	1320
1466	1320
1466	1321
1479	410
1479	1324
1479	1323
1480	1323
1480	1322
412	1322
415	413
418	416
1488	419
1488	420
1488	1331
1512	422
1512	1332
424	1332
427	425
1338	428
1338	429
1338	1335
1337	1335
1348	431
1348	1340
1348	1917
1347	1917
433	1917
1341	1917
1341	1339
1339	1917
1343	434
1343	1342
436	1342
1345	437
1345	1344
1345	438
1519	440
1519	1350
1519	1349
1520	1349
1520	441
1360	443
1360	444
1360	1355
1359	1355
1359	1356
1373	446
1373	1366
1373	1918
1372	1918
1372	1365
1372	1367
1367	1365
1365	1918
451	449
451	1375
1377	1375
1377	1374
1376	1374
1413	452
1413	453
1413	1384
1412	1384
1392	455
1392	1388
1391	1388
1391	1389
1389	1388
460	458
460	1390
463	461
463	1394
1395	1394
1395	1393
466	464
1538	467
1538	1415
1538	1414
469	1414
472	470
1551	473
1551	474
1551	1426
478	476
1428	476
1428	1427
1554	479
1554	480
1554	1430
1555	1430
1555	1431
1434	482
1434	1433
1434	1432
484	1432
487	485
487	1435
1436	1435
1438	488
1438	1437
1438	489
493	491
1440	491
1440	1439
496	494
1448	494
1463	497
1463	1455
1463	1919
1462	1919
1461	1919
1461	1456
1456	1919
498	1919
1580	500
1580	501
505	503
508	506
1467	506
511	509
511	1468
514	512
1473	512
517	515
517	1474
1604	518
1604	519
1604	1475
1481	521
1481	1478
1478	521
1477	521
1477	1476
1608	524
1608	1873
1608	1874
1609	1874
1610	1874
1610	771
1610	1875
1610	528
1873	524
770	524
770	1482
1872	1482
527	1482
533	529
1877	529
1877	528
1877	1875
1921	1920
1921	1922
1842	534
1842	1877
1842	771
1842	1924
1843	1924
1843	1923
1844	1923
1844	1922
536	1922
1484	1922
1484	1920
1483	1920
1483	770
1483	1876
535	1876
770	1920
770	1921
1873	1921
1874	1921
1874	1923
1874	1924
1877	534
539	537
539	1486
1487	1486
1487	1485
1841	540
1841	1489
1841	1490
1840	1490
1840	1491
1839	1491
1839	1492
1489	540
1646	543
1646	1496
1646	1495
1647	1495
1647	1494
1648	1494
1648	1493
545	1493
548	546
551	549
1505	549
1545	552
1545	553
1545	1513
1540	555
1540	1514
1540	556
1522	558
1522	1517
1522	1518
1521	1518
1517	558
1543	561
1543	1524
1543	1523
1544	1523
1544	562
1544	1525
1542	564
1542	1532
1542	565
1542	1533
1541	1533
1541	1534
1539	567
1539	1536
1539	1925
1539	1537
1537	1925
1537	1535
1535	1925
572	570
572	1549
1550	1549
1557	573
1557	1552
1557	1553
1556	1553
1552	573
578	576
1561	576
1561	1559
1560	1559
1560	1558
1655	579
1655	1563
1655	1926
1656	1926
581	1926
1564	1926
580	1926
1562	1926
584	582
1566	582
1566	1565
587	585
587	1570
1571	1570
1579	588
1579	1572
590	1572
1662	591
1662	592
1662	1581
596	594
596	1582
1585	597
1585	598
1673	600
1673	1586
1673	1587
1587	1586
1591	603
1591	1588
605	1588
608	606
608	1592
1593	1592
611	609
611	1594
614	612
1611	615
1611	1597
1597	615
1600	618
1600	1598
1599	1598
1599	619
1607	621
1607	1602
1607	1601
1606	1601
1606	1927
1605	1927
1605	1603
1603	1927
622	1927
626	624
626	1615
629	627
632	630
635	633
638	636
1733	639
1733	640
1733	1632
1734	1632
1657	642
1657	1928
1657	1638
1638	1928
1637	1928
1637	1636
1636	1928
647	645
647	1640
1641	1640
1641	1639
1650	648
1650	1929
1649	1929
1649	1645
1645	1929
1644	1929
1643	1929
1643	1642
1642	1929
653	651
1654	651
1654	1652
1653	1652
1653	1651
656	654
656	1658
1659	657
1659	658
662	660
1661	660
1661	1660
665	663
1674	666
1674	667
1674	1669
1745	669
1745	1675
671	1675
674	672
677	675
680	678
1686	678
683	681
683	1687
1692	684
1692	685
1759	687
1759	1693
1759	688
692	690
695	693
698	696
701	699
1700	702
1700	703
707	705
707	1701
1702	1701
710	708
1713	708
1713	1712
713	711
713	1714
716	714
719	717
722	720
725	723
1764	726
1764	727
1764	1723
731	729
731	1724
1725	1724
734	732
1728	732
1728	1726
1727	1726
737	735
1732	735
1732	1730
1731	1730
1731	1729
1741	738
1741	739
1760	741
1760	1748
1748	741
1756	744
1756	1755
746	1755
1758	747
1758	1757
1758	748
752	750
755	753
1828	756
1828	757
761	759
764	762
1821	765
1821	766
530	531
530	532
530	1876
527	1876
1872	1876
4	0
1930	1932
1930	1933
1930	1934
1930	1935
1934	1933
1934	1936
1934	790
1934	788
1935	788
1935	786
1935	13
1931	13
1931	784
1931	10
1931	780
1930	780
1932	780
1932	7
1933	7
1933	775
1936	775
1936	792
792	775
1855	8
1855	815
1855	31
1855	28
1855	811
1857	811
1857	25
1859	25
1859	22
1859	806
3	806
1	806
17	806
815	8
815	782
817	782
817	9
1860	5
1860	1937
1858	1937
1856	1937
6	1937
777	1937
1939	1942
1940	1939
1940	1943
1943	1942
1943	1945
1944	1943
1944	1946
1944	43
1944	825
1940	825
1940	795
1940	797
1939	797
1939	799
1942	799
1942	1941
1945	1941
1945	52
1946	52
1946	49
1946	829
829	49
52	1941
55	1941
55	801
55	803
58	803
61	803
61	805
64	805
18	805
801	1941
795	825
12	825
12	40
12	1938
785	1938
785	35
35	1938
37	1938
1947	1951
1948	1947
1948	1952
1949	1948
1949	1953
1949	1950
1949	789
1948	789
1948	791
1947	791
1947	793
1947	16
1951	16
1951	804
1951	802
1952	802
1952	800
1953	800
1953	798
1950	798
1950	796
1950	794
1950	787
787	794
16	793
21	70
21	67
21	858
807	858
20	858
873	76
873	869
875	869
875	1954
24	1954
23	1954
71	1954
73	1954
1956	1955
1956	1957
1956	1958
1956	874
1956	876
1956	813
1956	27
1956	895
1955	895
1955	892
1957	892
1957	91
1957	88
1957	85
1957	82
1958	82
1958	79
1958	77
813	876
914	106
914	1959
914	1960
916	1960
916	1961
30	1961
29	1961
897	1961
897	903
894	903
894	901
92	901
92	97
903	1961
903	1960
905	1960
905	1959
905	910
905	103
910	1959
33	36
33	109
33	107
33	1962
818	1962
816	1962
816	917
917	1962
915	1962
39	112
39	922
38	922
42	113
826	113
1963	1964
1963	1966
1965	1964
1965	1968
1964	1966
1964	1970
1964	1967
1968	1967
1968	928
1968	118
1969	118
1969	115
1969	104
1969	912
1965	912
1965	105
1963	105
1963	108
1966	108
1966	923
1970	923
1970	1971
1970	932
1970	930
1967	930
932	1971
934	1971
934	1972
936	1972
936	1973
938	1973
938	1974
940	1974
940	1975
121	1975
124	1975
127	1975
45	1975
832	1975
44	1975
44	1974
44	1973
111	1973
111	1972
923	1972
48	130
47	130
1976	1977
1978	1977
1978	1980
1979	1978
1979	1981
1979	138
1979	133
1979	50
1979	51
1978	51
1976	51
1976	56
1976	57
1976	150
1977	150
1977	147
1980	147
1980	144
1980	141
1981	141
50	133
60	151
1983	1982
1983	1986
1984	1983
1984	1987
1984	1988
1985	1984
1986	1990
1987	1986
1987	1991
1988	1987
1988	1992
1989	1988
1991	1990
1991	1994
1992	1991
1993	1992
1993	1995
1993	1996
1993	148
1993	149
1989	149
1985	149
1985	62
1985	63
1984	63
1984	860
1983	860
1982	860
1982	66
1982	996
1986	996
1986	159
1990	159
1990	156
1994	156
1994	985
1995	985
1996	985
1996	153
1997	1999
1999	1998
1999	2001
1999	1000
2000	1000
2000	160
2000	998
1997	998
1997	72
1997	1851
1999	1851
1998	1851
1998	171
2001	171
2001	168
2001	165
1000	165
171	1851
1004	1851
1004	80
72	998
72	68
75	78
75	1852
871	1852
2003	2002
2003	2004
2003	1006
2003	1005
2003	83
2002	83
2002	84
2002	183
2004	183
2004	180
2004	177
2004	174
1005	1006
87	189
87	186
87	184
90	93
89	93
96	204
96	1028
96	198
96	195
95	195
95	192
188	192
1028	204
99	205
99	2005
906	2005
906	2006
904	2006
902	2006
98	2006
205	2006
102	114
102	1034
101	1034
101	202
202	1034
1042	213
1042	1040
117	1040
117	2007
116	2007
1035	2007
1035	1038
1035	210
1038	2007
2008	2012
2011	2013
2012	2011
2012	2014
2010	2012
2013	2016
2014	2013
2016	2018
2017	2016
2017	2019
2017	219
2017	1047
2017	2015
2015	1047
2015	216
2010	216
2010	214
2010	2009
2008	2009
2008	929
2008	931
2008	933
2012	933
2011	933
2011	935
2013	935
2013	937
2013	939
2016	939
2018	939
2018	941
2018	120
2018	222
2019	222
929	2009
119	2009
1043	2009
225	223
123	234
122	234
122	231
223	231
126	129
126	237
126	235
237	129
137	240
137	1081
137	1079
134	1079
134	1077
140	249
140	2020
140	241
241	2020
243	2020
1087	2020
1087	1089
1089	2020
2021	2023
2022	2021
2022	2024
2025	2024
2025	2026
2025	250
2025	142
2025	143
2022	143
2022	154
2022	989
2021	989
2021	261
2023	261
2023	258
2023	1101
2023	2026
2026	1101
2026	255
2026	252
261	989
261	155
146	152
161	270
1001	270
1001	2027
158	2027
158	265
265	2027
267	2027
271	163
164	282
164	1122
1122	282
1122	276
276	282
167	285
167	283
1007	173
1007	2028
170	2028
169	2028
286	2028
1137	2028
1145	288
1145	2031
1147	2031
1147	2029
1149	2029
1149	175
175	2029
1139	2029
1139	2030
284	2030
281	2030
280	2030
280	2031
2031	2030
300	297
2032	2035
2033	2032
2035	2034
2035	2037
2036	2035
2036	2038
2036	1146
2036	1148
2033	1148
2033	1150
2033	179
2033	309
2032	309
2032	306
2032	2034
2034	306
2034	303
2034	1169
2037	1169
2037	297
2037	294
2038	294
2038	291
2038	289
179	1150
182	185
182	191
182	1175
182	312
181	312
1185	315
1185	313
1187	313
1187	2039
1189	2039
194	2039
193	2039
1178	2039
327	324
2041	2040
2041	2042
2041	1188
2041	1190
2041	1211
2041	1209
2040	1209
2040	1207
2040	1203
2042	1203
2042	1201
1188	1201
1186	1201
1186	1199
316	1199
318	1199
1203	1207
1203	330
1211	1190
197	1190
2044	2043
2044	2045
2044	1210
2044	1212
2044	1029
2044	200
2043	200
2043	206
2043	209
2043	333
2045	333
2045	1213
2045	1208
1208	1213
1029	1212
2047	2046
2047	2048
2047	2049
2047	211
2047	1039
2047	1041
2046	1041
2046	212
2046	1221
2046	1219
2048	1219
2048	1217
2048	1215
2049	1215
2049	334
1215	1217
336	1217
1221	212
2051	2054
2050	2051
2050	2055
2050	2052
2053	2052
2054	2058
2055	2054
2052	2055
2052	2059
2052	2056
2057	2056
2057	2060
2056	2059
2060	2059
2060	351
2060	348
2061	348
2061	345
2061	342
2061	1224
2057	1224
2057	340
2057	1218
2053	1218
2053	1220
2050	1220
2050	1222
2051	1222
2051	217
2051	1049
2054	1049
2054	218
2058	218
2058	354
2058	351
221	224
224	355
227	357
227	1248
227	353
353	1248
2063	2062
2063	2064
2063	2065
2063	358
2063	229
2063	230
2062	230
2062	1265
2062	1263
2064	1263
2064	1261
2064	366
2064	363
2065	363
2065	1257
2065	360
2067	2068
2067	2069
2067	1264
2067	2066
2067	1080
2067	1082
2068	1082
2068	369
2068	1271
2068	1269
2069	1269
2069	1267
2069	1262
1262	1267
369	1082
242	1082
1080	2066
1078	2066
1078	1266
1078	232
1078	233
1266	2066
245	378
245	2070
1088	2070
1088	1273
1088	370
1273	2070
1275	2070
1275	1279
372	1279
1279	2070
248	251
1090	251
1090	390
1090	387
247	387
247	384
379	384
254	396
254	393
253	393
257	399
1102	399
1102	397
2071	2075
2072	2071
2072	2076
2073	2072
2073	2077
2074	2079
2075	2074
2075	2080
2076	2075
2076	2081
2077	2076
2077	2082
2078	2077
2078	2083
2081	2080
2081	2085
2082	2081
2082	2086
2083	2082
2084	2083
2084	2087
2084	400
2084	259
2078	259
2078	260
2073	260
2073	268
2072	268
2071	268
2071	269
2071	1124
2075	1124
2074	1124
2074	272
2079	272
2079	1313
2079	1310
2080	1310
2085	1310
2085	405
2086	405
2086	402
2087	402
263	266
2091	2090
2091	2092
2091	1317
2091	1312
2091	2088
2090	2088
2090	1845
2090	2089
2092	2089
2092	417
2092	414
2092	1325
1317	1325
408	1325
417	2089
1327	2089
1327	1845
1327	292
1845	2088
275	2088
275	1315
1315	2088
1312	1317
278	287
278	1846
1846	287
296	426
296	2093
295	2093
1328	2093
1328	1329
1329	2093
1329	423
423	2093
1333	2093
298	299
299	429
302	435
1170	435
1170	432
1170	430
305	438
304	438
308	311
308	314
307	314
307	317
320	444
320	1353
320	2094
319	2094
437	2094
434	2094
433	2094
433	1351
1351	2094
1368	447
1368	2096
1368	2095
323	2095
1204	2095
1202	2095
1202	2096
1200	2096
1200	445
445	2096
1361	2096
325	326
326	337
326	2097
1370	2097
1370	2098
448	2098
450	2098
450	1226
1226	2098
338	2098
338	2097
1214	332
1214	1216
329	1216
329	335
344	459
344	2099
343	2099
451	2099
1380	2099
1380	2101
1382	2101
1382	1385
1385	2101
1385	2100
456	2100
459	2100
2099	2100
347	460
1249	356
1249	2103
350	2103
350	2102
349	2102
458	2102
457	2102
462	2102
462	2103
1396	2103
359	2103
1410	465
1410	2107
1410	2105
362	2105
1259	2105
1259	2106
1259	2104
361	2104
1398	2104
1398	1400
1400	2104
1402	2104
1402	2106
1404	2106
1406	2106
1406	2105
1406	2107
1408	2107
1272	368
1272	1274
1272	2108
1270	2108
1268	2108
1268	1411
365	1411
1411	2108
466	2108
466	1276
1276	2108
2110	2109
2110	2112
2109	2111
2112	2111
2112	2115
2113	2112
2113	2116
2115	2114
2111	2114
2116	2115
2116	2121
2117	2116
2117	2122
2118	2117
2119	2126
2120	2119
2121	2120
2115	2120
2122	2121
2122	2128
2123	2122
2125	2124
2125	2131
2126	2125
2126	2132
2127	2126
2128	2127
2121	2127
2129	2128
2132	2131
2133	2132
2134	2133
2128	2133
2134	2135
2134	1422
2134	1420
2129	1420
2129	1418
2123	1418
2123	1416
2118	1416
2118	468
2118	454
2118	2113
2113	454
2113	1387
2110	1387
2110	455
2110	461
2109	461
2109	1401
2111	1401
2114	1401
2114	1403
2120	1403
2119	1403
2119	1405
2119	1407
2126	1407
2125	1407
2125	1409
2124	1409
2124	464
2124	373
2124	2130
2131	2130
2131	1424
2135	1424
1424	2130
471	2130
374	2130
377	380
377	477
1280	477
1280	472
472	477
383	483
382	483
382	480
386	489
386	486
385	486
389	392
389	492
388	492
2136	2140
2136	2141
2137	2136
2137	2142
2138	2137
2139	2144
2140	2139
2140	2145
2141	2140
2141	2146
2142	2141
2142	2147
2142	1444
2143	1444
2143	1442
2138	1442
2138	493
2138	394
2138	395
2137	395
2136	395
2136	398
2140	398
2140	401
2139	401
2139	1457
2144	1457
2144	1452
2144	1449
2145	1449
2145	495
2146	495
2146	1446
2147	1446
1452	1457
1318	407
1318	499
1318	1459
404	1459
410	522
410	516
409	516
409	513
497	513
1454	513
1454	1471
1454	1469
1451	1469
1451	510
496	510
496	507
496	504
516	522
413	530
1326	530
1326	525
1326	523
1330	419
1330	2148
416	2148
416	2149
415	2149
531	2149
531	2148
535	2148
538	2148
2150	2154
2151	2150
2151	2155
2152	2151
2152	2156
2152	544
2152	2153
2152	422
2152	1509
2151	1509
2151	1506
2150	1506
2150	550
2150	1503
2154	1503
2154	1501
2154	547
2154	1499
2155	1499
2155	1497
2156	1497
422	2153
421	2153
421	541
541	2153
425	428
425	431
425	440
1334	440
1334	559
1334	1515
1334	1511
1511	1515
1508	1515
1508	556
551	556
2157	2158
2157	2159
2157	446
2157	449
2157	1381
2158	1381
2158	1383
2158	1529
2159	1529
2159	1526
2159	2160
2159	1364
1364	2160
1364	2161
443	2161
1354	2161
1354	2162
1352	2162
1352	2163
442	2163
560	2163
562	2163
1526	2163
1526	2162
1526	2161
1529	1383
1529	452
1529	467
1529	568
470	473
1425	473
1425	571
1423	571
1423	1546
1421	1546
1421	2165
1419	2165
1417	2165
1417	2164
469	2164
569	2164
555	2164
554	2164
554	2165
476	479
475	479
475	574
2166	2168
2167	2172
2168	2167
2168	2173
2169	2168
2169	2174
2170	2169
2173	2172
2173	2176
2174	2173
2174	2177
2175	2174
2175	2178
2175	2171
2170	2171
2170	575
2170	481
2169	481
2166	481
2166	482
2166	485
2166	1577
2168	1577
2167	1577
2167	1575
2167	1573
2172	1573
2172	589
2176	589
2176	586
2177	586
2177	1567
2178	1567
2178	583
2171	583
2171	577
577	583
488	491
488	1578
1578	491
1578	1443
1576	1443
1576	1445
1574	1445
1574	1447
590	1447
500	1447
1583	595
1583	588
1583	502
588	595
587	595
506	598
505	598
1584	598
1589	604
1589	2179
509	2179
509	2180
508	2180
599	2180
601	2180
601	2179
512	613
512	2181
1472	2181
1470	2181
1470	2182
1470	1590
1590	2182
1590	607
607	2182
610	2182
613	2182
515	619
515	616
515	1595
514	1595
518	622
518	620
521	524
520	524
2184	2186
2187	2186
2187	2189
2188	2187
2190	2189
2190	2191
2190	1612
2190	617
2188	617
2188	618
2188	529
2188	2184
2184	529
2184	534
2184	2183
2184	1620
2184	1618
2186	1618
2186	1616
2189	1616
2189	631
2191	631
2191	628
2191	625
1620	2183
1622	2183
1622	2185
1624	2185
1624	543
1626	543
1626	649
1628	649
1628	2192
1630	2192
1630	2193
634	2193
637	2193
637	1633
1633	2193
643	2193
643	2192
646	2192
543	2185
542	2185
542	2183
529	618
529	621
537	540
546	578
546	579
546	2194
1500	2194
1498	2194
1498	650
650	2194
652	2194
549	552
1504	552
1504	1548
1502	1548
1502	570
548	570
548	573
558	561
1516	561
1516	566
557	566
564	563
564	2196
1531	2196
1531	2195
1528	2195
563	2195
582	658
582	2197
581	2197
581	2198
653	2198
645	2198
644	2198
655	2198
655	2197
585	591
1569	591
1569	661
584	661
594	597
594	2199
594	2200
593	2200
593	2201
662	2201
662	1663
1663	2201
1665	2201
1665	2200
1665	2202
1667	2202
667	2202
1670	2202
1670	2199
600	2199
2199	2202
2204	2203
2204	2205
2206	2205
2206	2207
2206	668
2206	1672
2204	1672
2204	602
2204	603
2203	603
2203	1680
2203	1678
2205	1678
2205	1676
2207	1676
2207	673
2207	670
1680	603
2210	2209
2210	2211
2212	2211
2212	2213
2212	1677
2212	1679
2210	1679
2210	1681
2210	2208
2209	2208
2209	682
2209	679
2209	676
2211	676
2211	1684
2213	1684
2213	1682
2213	674
682	2208
609	2208
609	1681
1596	615
1596	2214
1596	1690
1596	2215
612	2215
612	1688
611	1688
1688	2215
1690	2214
685	2214
624	2214
1614	2214
1694	697
1694	2216
1694	626
626	2216
686	2216
686	691
691	2216
694	2216
630	703
630	700
630	2217
629	2217
1695	2217
1695	1696
1696	2217
1698	2217
1715	712
1715	2224
1715	1631
1631	2224
1629	2224
1629	2223
1627	2223
1627	2221
1625	2221
1625	2222
1625	2218
1623	2218
1623	2219
1621	2219
1621	2220
1619	2220
1617	2220
1617	704
704	2220
706	2220
1703	2220
1703	2219
1706	2219
1706	2218
1706	2222
1709	2222
1709	2223
709	2223
709	2224
2223	2222
1721	718
1721	1719
1721	635
635	1719
635	1717
1716	1717
1716	715
639	736
638	736
1722	736
1722	733
1722	730
719	730
721	730
724	730
642	654
1635	654
1635	1735
641	1735
648	651
657	660
657	663
656	663
656	1739
1736	1739
1736	1737
735	1737
734	1737
2226	2230
2227	2226
2228	2227
2229	2228
2225	2228
2231	2230
2229	2231
2232	2230
2232	669
2232	1742
2229	1742
2229	740
2229	1738
2225	1738
2225	1740
2225	665
2228	665
2228	1664
2227	1664
2227	1666
2226	1666
2226	1668
2226	666
2230	666
1685	675
1685	1752
1685	1749
1683	1749
1683	742
672	742
672	1746
672	1744
1744	1746
738	1746
738	731
1752	675
678	748
677	748
1691	684
1691	2233
1689	2233
681	2233
680	2233
749	2233
687	2233
1765	725
1765	726
1765	1761
1767	1761
1767	743
1769	743
1771	743
1771	1751
1773	1751
1773	1754
1775	1754
1775	2234
1777	2234
1777	747
1779	747
1779	689
747	2234
744	2234
2236	2235
2236	2238
2237	2236
2237	2239
2238	2241
2239	2238
2239	2242
2240	2239
2240	2243
2245	2248
2247	2251
2248	2247
2248	2252
2249	2248
2250	2249
2252	2251
2253	2252
2254	2253
2250	2253
2254	2256
2254	768
2254	2255
2254	1783
2250	1783
2250	1781
2249	1781
2249	751
2245	751
2245	722
2245	723
2248	723
2248	1766
2247	1766
2247	1768
2251	1768
2251	1770
2251	2246
2251	1861
2256	1861
1861	2246
1863	2246
1863	1774
1863	2244
1865	2244
1865	2243
1865	2242
1867	2242
1867	2241
1867	1789
1869	1789
1869	1787
1869	2255
2255	1787
2255	1785
1789	2241
1791	2241
1791	2238
1793	2238
1793	2235
754	2235
693	2235
693	2236
692	2236
692	2237
1780	2237
1778	2237
1778	2240
1778	2244
1776	2244
1774	2246
1772	2246
1699	699
1699	1801
1699	2257
1697	2257
696	2257
695	2257
755	2257
1795	2257
1795	1799
1795	1797
1795	760
1799	2257
2263	2262
2262	2264
2265	2264
2265	1815
2265	1813
2265	1811
2263	1811
2263	1809
2263	1831
2263	1829
2262	1829
2264	1829
2264	710
2264	711
2264	714
2264	1817
1831	1809
1831	1807
1833	1807
1835	1807
1835	1805
1835	2259
1837	2259
1837	2260
1837	2258
705	2258
702	2258
701	2258
1802	2258
1802	2260
1800	2260
1800	2261
1798	2261
1798	1803
1803	2261
1803	2259
2259	2261
1811	1813
1838	707
1838	1705
1838	2266
1836	2266
1836	2268
1834	2268
1832	2268
1832	2267
1830	2267
708	2267
1711	2267
1708	2267
1708	2268
1708	2266
717	720
717	2270
1720	2270
1720	2269
1718	2269
1718	1818
1818	2269
1816	2269
1816	2270
1814	2270
1814	1819
764	1819
1819	2270
750	2270
1747	741
1747	1763
1747	728
1796	756
1796	1792
1796	1794
1792	756
1792	2271
1790	2271
1790	2275
1788	2275
1786	2275
1786	2274
1786	2273
1784	2273
1784	2272
1782	2272
1782	1820
1820	2272
767	2272
767	2273
1822	2273
1822	2274
1822	2271
1825	2271
2271	2274
758	759
2276	2278
2278	2277
2279	2278
2279	2280
2279	1827
2279	759
2279	1804
2276	1804
2276	1806
2276	1808
2278	1808
2278	1810
2277	1810
2277	1812
2280	1812
2280	762
2280	765
2280	1824
1870	769
1870	2281
1868	2281
1866	2281
1864	2281
1862	2281
0	772
772	773
772	1
1	3
4	774
774	776
774	5
5	777
775	776
776	778
776	777
777	6
7	779
779	781
779	8
8	782
780	781
781	783
781	782
782	9
10	11
11	785
784	785
785	12
13	14
14	787
786	787
787	789
788	789
789	791
790	791
791	793
792	793
793	2
14	12
12	795
794	795
795	797
796	797
797	799
798	799
799	801
800	801
801	803
802	803
803	805
804	805
805	15
16	17
17	1
17	15
15	18
19	20
20	807
806	807
807	21
22	808
808	809
808	23
23	24
25	810
810	812
810	26
26	813
811	812
812	814
812	813
813	27
28	29
29	30
31	32
32	816
815	816
816	818
817	818
818	33
34	35
35	11
35	819
819	820
819	33
33	36
37	821
821	823
821	822
822	824
822	38
38	39
40	41
41	826
825	826
826	42
43	827
827	830
827	828
828	831
828	44
44	832
829	830
830	833
830	831
831	834
831	832
832	45
46	47
47	48
49	835
835	837
835	836
836	838
836	50
50	51
52	839
839	840
839	53
53	54
55	841
841	843
841	842
842	844
842	56
56	57
58	845
845	847
845	846
846	848
846	59
59	60
61	849
849	852
849	850
850	853
850	851
851	854
851	62
62	63
64	855
855	856
855	65
65	20
65	857
857	859
857	63
63	860
858	859
859	861
859	860
860	66
67	862
862	863
862	68
68	69
70	864
864	865
864	71
71	23
71	866
866	867
866	69
69	72
73	868
868	870
868	74
74	871
869	870
870	872
870	871
871	75
76	77
77	874
873	874
874	876
875	876
876	26
77	877
877	878
877	75
75	78
79	879
879	881
879	880
880	882
880	80
80	81
82	883
883	885
883	884
884	886
884	83
83	84
85	887
887	889
887	888
888	890
888	86
86	87
88	89
89	90
91	891
891	893
891	92
92	894
892	893
893	896
893	894
894	897
895	896
896	898
896	897
897	29
92	90
90	93
94	899
899	900
899	95
95	96
97	98
98	902
901	902
902	904
903	904
904	906
905	906
906	99
100	907
907	908
907	101
101	102
103	909
909	911
909	104
104	912
910	911
911	913
911	912
912	105
106	107
107	915
914	915
915	917
916	917
917	32
107	918
918	919
918	105
105	108
109	920
920	921
920	110
110	38
110	108
108	923
922	923
923	111
112	924
924	925
924	113
113	41
113	926
926	927
926	111
111	44
104	102
102	114
115	116
116	117
118	119
119	929
928	929
929	931
930	931
931	933
932	933
933	935
934	935
935	937
936	937
937	939
938	939
939	941
940	941
941	120
121	942
942	945
942	943
943	946
943	944
944	947
944	122
122	123
124	948
948	950
948	949
949	951
949	125
125	126
127	952
952	954
952	953
953	955
953	128
128	47
128	956
956	958
956	957
957	959
957	126
126	129
130	960
960	961
960	131
131	50
131	962
962	964
962	963
963	965
963	129
129	132
137	136
133	966
966	967
966	135
138	968
968	971
968	969
969	972
969	970
970	973
970	139
139	140
141	974
974	977
974	975
975	978
975	976
976	979
976	142
142	143
144	145
145	146
147	980
980	981
980	148
148	149
150	151
151	59
151	149
149	62
148	146
146	152
153	982
982	986
982	983
983	987
983	984
984	988
984	154
154	989
985	986
986	990
986	987
987	991
987	988
988	992
988	989
989	155
156	993
993	994
993	157
157	158
159	995
995	997
995	160
160	998
996	997
997	999
997	998
998	68
160	158
158	1001
1000	1001
1001	161
162	1002
1002	1003
1002	163
163	164
165	166
166	167
168	169
169	170
171	172
172	1005
1004	1005
1005	83
172	170
170	1007
1006	1007
1007	173
174	1008
1008	1009
1008	175
175	176
177	1010
1010	1011
1010	178
178	179
180	181
181	182
183	184
184	86
184	182
182	185
186	1012
1012	1014
1012	1013
1013	1015
1013	187
187	188
189	1016
1016	1018
1016	1017
1017	1019
1017	190
190	89
190	1020
1020	1021
1020	188
188	95
187	1022
1022	1024
1022	1023
1023	1025
1023	185
185	191
192	1026
1026	1027
1026	193
193	194
195	196
196	197
198	199
199	1029
1028	1029
1029	200
201	202
202	203
204	1030
1030	1031
1030	205
205	98
205	1032
1032	1033
1032	203
203	101
202	200
200	206
207	208
208	1035
1034	1035
1035	116
208	1036
1036	1037
1036	206
206	209
210	211
211	1039
1038	1039
1039	1041
1040	1041
1041	212
213	214
214	1043
1042	1043
1043	119
214	1044
1044	1045
1044	212
212	215
216	1046
1046	1048
1046	217
217	1049
1047	1048
1048	1050
1048	1049
1049	218
219	1051
1051	1052
1051	220
220	221
222	1053
1053	1056
1053	1054
1054	1057
1054	1055
1055	1058
1055	223
223	122
223	1059
1059	1061
1059	1060
1060	1062
1060	221
221	224
225	226
226	227
228	1063
1063	1064
1063	229
229	230
231	1065
1065	1066
1065	232
232	233
234	1067
1067	1068
1067	235
235	125
235	1069
1069	1071
1069	1070
1070	1072
1070	233
233	236
237	1073
1073	1075
1073	1074
1074	1076
1074	238
238	134
238	236
236	1078
1077	1078
1078	1080
1079	1080
1080	1082
1081	1082
1082	239
240	1083
1083	1084
1083	241
241	139
241	1085
1085	1086
1085	239
239	242
243	244
244	1088
1087	1088
1088	245
246	247
247	1090
1089	1090
1090	248
249	1091
1091	1093
1091	1092
1092	1094
1092	250
250	142
250	1095
1095	1097
1095	1096
1096	1098
1096	248
248	251
252	1099
1099	1100
1099	253
253	254
255	256
256	1102
1101	1102
1102	257
258	1103
1103	1104
1103	259
259	260
261	262
262	263
264	1105
1105	1107
1105	1106
1106	1108
1106	265
265	157
265	1109
1109	1111
1109	1110
1110	1112
1110	263
263	266
267	1113
1113	1116
1113	1114
1114	1117
1114	1115
1115	1118
1115	268
268	269
270	1119
1119	1120
1119	271
271	163
271	1121
1121	1123
1121	269
269	1124
1122	1123
1123	1125
1123	1124
1124	272
273	1126
1126	1127
1126	274
274	275
276	1128
1128	1129
1128	277
277	278
279	1130
1130	1131
1130	280
280	281
282	1132
1132	1133
1132	283
283	166
283	1134
1134	1135
1134	281
281	284
285	286
286	169
286	1136
1136	1138
1136	284
284	1139
1137	1138
1138	1140
1138	1139
1139	175
280	1141
1141	1143
1141	1142
1142	1144
1142	278
278	287
288	289
289	1146
1145	1146
1146	1148
1147	1148
1148	1150
1149	1150
1150	178
289	1151
1151	1153
1151	1152
1152	1154
1152	287
287	290
291	1155
1155	1157
1155	1156
1156	1158
1156	292
292	293
294	1159
1159	1162
1159	1160
1160	1163
1160	1161
1161	1164
1161	295
295	296
297	1165
1165	1167
1165	1166
1166	1168
1166	298
298	299
300	301
301	1170
1169	1170
1170	302
303	304
304	305
306	1171
1171	1172
1171	307
307	308
309	310
310	181
310	308
308	311
312	1173
1173	1176
1173	1174
1174	1177
1174	313
313	1178
1175	1176
1176	1179
1176	1177
1177	1180
1177	1178
1178	193
313	1181
1181	1183
1181	1182
1182	1184
1182	311
311	314
315	316
316	1186
1185	1186
1186	1188
1187	1188
1188	1190
1189	1190
1190	196
316	1191
1191	1193
1191	1192
1192	1194
1192	314
314	317
318	1195
1195	1197
1195	1196
1196	1198
1196	319
319	320
321	322
322	1200
1199	1200
1200	1202
1201	1202
1202	1204
1203	1204
1204	323
324	1205
1205	1206
1205	325
325	326
327	328
328	329
330	331
331	1208
1207	1208
1208	1210
1209	1210
1210	1212
1211	1212
1212	199
331	329
329	1214
1213	1214
1214	332
333	334
334	211
334	332
332	1216
1215	1216
1216	335
336	337
337	338
339	340
340	1218
1217	1218
1218	1220
1219	1220
1220	1222
1221	1222
1222	217
340	1223
1223	1225
1223	338
338	1226
1224	1225
1225	1227
1225	1226
1226	341
342	1228
1228	1231
1228	1229
1229	1232
1229	1230
1230	1233
1230	343
343	344
345	1234
1234	1236
1234	1235
1235	1237
1235	346
346	347
348	1238
1238	1240
1238	1239
1239	1241
1239	349
349	350
351	1242
1242	1244
1242	1243
1243	1245
1243	352
352	353
354	355
355	220
355	1246
1246	1247
1246	353
353	226
352	350
350	1249
1248	1249
1249	356
357	1250
1250	1251
1250	358
358	229
358	1252
1252	1254
1252	1253
1253	1255
1253	356
356	359
360	1256
1256	1258
1256	361
361	1259
1257	1258
1258	1260
1258	1259
1259	362
363	364
364	365
366	367
367	1262
1261	1262
1262	1264
1263	1264
1264	1266
1265	1266
1266	232
367	365
365	1268
1267	1268
1268	1270
1269	1270
1270	1272
1271	1272
1272	368
369	370
370	244
370	368
368	1274
1273	1274
1274	1276
1275	1276
1276	371
372	1277
1277	1278
1277	373
373	374
375	376
376	1280
1279	1280
1280	377
378	379
379	247
379	377
377	380
381	1281
1281	1282
1281	382
382	383
384	1283
1283	1284
1283	385
385	386
387	1285
1285	1286
1285	388
388	389
390	1287
1287	1288
1287	391
391	253
391	1289
1289	1290
1289	389
389	392
393	1291
1291	1293
1291	1292
1292	1294
1292	394
394	395
396	397
397	256
397	1295
1295	1298
1295	1296
1296	1299
1296	1297
1297	1300
1297	395
395	398
399	400
400	259
400	1301
1301	1304
1301	1302
1302	1305
1302	1303
1303	1306
1303	398
398	401
402	1307
1307	1308
1307	403
403	404
405	1309
1309	1311
1309	406
406	1312
1310	1311
1311	1314
1311	1312
1312	1315
1313	1314
1314	1316
1314	1315
1315	274
406	404
404	1318
1317	1318
1318	407
408	1319
1319	1322
1319	1320
1320	1323
1320	1321
1321	1324
1321	409
409	410
411	412
412	1326
1325	1326
1326	413
414	415
415	416
417	418
418	1328
1327	1328
1328	295
418	416
416	1330
1329	1330
1330	419
420	1331
1331	1332
1331	421
421	422
423	424
424	1334
1333	1334
1334	425
426	427
427	298
427	425
425	428
429	1335
1335	1336
1335	430
430	301
430	1337
1337	1339
1337	1338
1338	1340
1338	428
428	431
432	1341
1341	1342
1341	433
433	434
435	436
436	304
436	1343
1343	1344
1343	434
434	437
438	439
439	307
439	1345
1345	1346
1345	437
437	319
433	1347
1347	1349
1347	1348
1348	1350
1348	431
431	440
441	442
442	1352
1351	1352
1352	1354
1353	1354
1354	443
444	1355
1355	1357
1355	1356
1356	1358
1356	445
445	322
445	1359
1359	1362
1359	1360
1360	1363
1360	443
443	1364
1361	1362
1362	1365
1362	1363
1363	1366
1363	1364
1364	446
447	1367
1367	1369
1367	448
448	1370
1368	1369
1369	1371
1369	1370
1370	325
448	1372
1372	1374
1372	1373
1373	1375
1373	446
446	449
450	1376
1376	1378
1376	1377
1377	1379
1377	451
451	343
451	449
449	1381
1380	1381
1381	1383
1382	1383
1383	452
453	1384
1384	1386
1384	454
454	1387
1385	1386
1386	1388
1386	1387
1387	455
456	1389
1389	1390
1389	457
457	458
459	460
460	346
460	458
458	349
457	1391
1391	1393
1391	1392
1392	1394
1392	455
455	461
462	1395
1395	1397
1395	463
463	1398
1396	1397
1397	1399
1397	1398
1398	361
463	461
461	1401
1400	1401
1401	1403
1402	1403
1403	1405
1404	1405
1405	1407
1406	1407
1407	1409
1408	1409
1409	464
465	466
466	1411
1410	1411
1411	364
466	464
464	373
454	1412
1412	1414
1412	1413
1413	1415
1413	452
452	467
468	469
469	1417
1416	1417
1417	1419
1418	1419
1419	1421
1420	1421
1421	1423
1422	1423
1423	1425
1424	1425
1425	470
471	472
472	376
472	470
470	473
474	1426
1426	1427
1426	475
475	476
477	1428
1428	1429
1428	478
478	382
478	476
476	479
480	1430
1430	1432
1430	1431
1431	1433
1431	481
481	482
483	484
484	385
484	1434
1434	1435
1434	482
482	485
486	1436
1436	1437
1436	487
487	488
489	490
490	388
490	1438
1438	1439
1438	488
488	491
492	1440
1440	1441
1440	493
493	394
493	491
491	1443
1442	1443
1443	1445
1444	1445
1445	1447
1446	1447
1447	494
495	1448
1448	1450
1448	496
496	1451
1449	1450
1450	1453
1450	1451
1451	1454
1452	1453
1453	1455
1453	1454
1454	497
498	1456
1456	1458
1456	499
499	1459
1457	1458
1458	1460
1458	1459
1459	403
499	1461
1461	1464
1461	1462
1462	1465
1462	1463
1463	1466
1463	497
497	409
496	494
494	500
501	502
502	503
504	505
505	506
507	1467
1467	1468
1467	508
508	509
510	511
511	1470
1469	1470
1470	1472
1471	1472
1472	512
513	1473
1473	1474
1473	514
514	515
516	517
517	518
519	1475
1475	1476
1475	520
520	521
522	1477
1477	1479
1477	1478
1478	1480
1478	523
523	412
523	1481
1481	1482
1481	521
521	524
529	528
525	527
530	531
531	415
534	533
531	532
535	1483
1483	1485
1483	1484
1484	1486
1484	536
536	537
538	1487
1487	1488
1487	539
539	421
539	537
537	540
541	1489
1489	1493
1489	1490
1490	1494
1490	1491
1491	1495
1491	1492
1492	1496
1492	542
542	543
544	545
545	1498
1497	1498
1498	1500
1499	1500
1500	546
547	548
548	1502
1501	1502
1502	1504
1503	1504
1504	549
550	1505
1505	1507
1505	551
551	1508
1506	1507
1507	1510
1507	1508
1508	1511
1509	1510
1510	1512
1510	1511
1511	424
551	549
549	552
553	1513
1513	1514
1513	554
554	555
556	557
557	1516
1515	1516
1516	558
559	1517
1517	1519
1517	1518
1518	1520
1518	560
560	442
560	1521
1521	1523
1521	1522
1522	1524
1522	558
558	561
562	1525
1525	1527
1525	563
563	1528
1526	1527
1527	1530
1527	1528
1528	1531
1529	1530
1530	1532
1530	1531
1531	564
565	1533
1533	1535
1533	1534
1534	1536
1534	566
566	567
568	1537
1537	1538
1537	569
569	469
569	1539
1539	1540
1539	567
567	557
566	1541
1541	1543
1541	1542
1542	1544
1542	564
564	563
554	1545
1545	1547
1545	552
552	1548
1546	1547
1547	1549
1547	1548
1548	570
571	1550
1550	1551
1550	572
572	475
572	570
570	573
574	1552
1552	1554
1552	1553
1553	1555
1553	575
575	481
575	1556
1556	1558
1556	1557
1557	1559
1557	573
573	576
577	1560
1560	1562
1560	1561
1561	1563
1561	578
578	579
580	1564
1564	1565
1564	581
581	582
583	1566
1566	1568
1566	584
584	1569
1567	1568
1568	1570
1568	1569
1569	585
586	1571
1571	1572
1571	587
587	588
589	590
590	1574
1573	1574
1574	1576
1575	1576
1576	1578
1577	1578
1578	487
590	1579
1579	1580
1579	588
588	502
587	585
585	591
592	1581
1581	1582
1581	593
593	594
595	596
596	1584
1583	1584
1584	505
596	594
594	597
598	599
599	508
599	1585
1585	1586
1585	597
597	600
601	1587
1587	1588
1587	602
602	603
604	605
605	1590
1589	1590
1590	511
605	1591
1591	1592
1591	603
603	606
607	1593
1593	1594
1593	608
608	609
610	611
611	612
613	614
614	514
614	612
612	1596
1595	1596
1596	615
616	1597
1597	1598
1597	617
617	618
619	620
620	517
620	1599
1599	1601
1599	1600
1600	1602
1600	618
618	621
622	1603
1603	1604
1603	623
623	520
623	1605
1605	1608
1605	1606
1606	1609
1606	1607
1607	1610
1607	621
621	526
617	1611
1611	1613
1611	615
615	1614
1612	1613
1613	1615
1613	1614
1614	624
625	626
626	627
628	629
629	630
631	632
632	1617
1616	1617
1617	1619
1618	1619
1619	1621
1620	1621
1621	1623
1622	1623
1623	1625
1624	1625
1625	1627
1626	1627
1627	1629
1628	1629
1629	1631
1630	1631
1631	633
634	635
635	636
637	638
638	639
640	1632
1632	1634
1632	641
641	1635
1633	1634
1634	1636
1634	1635
1635	642
643	1637
1637	1639
1637	1638
1638	1640
1638	644
644	645
646	1641
1641	1642
1641	647
647	648
649	1643
1643	1646
1643	1644
1644	1647
1644	1645
1645	1648
1645	650
650	545
650	1649
1649	1651
1649	1650
1650	1652
1650	648
648	651
652	1653
1653	1655
1653	1654
1654	1656
1654	653
653	581
653	651
651	647
644	1657
1657	1658
1657	642
642	654
655	656
656	657
658	659
659	584
659	1659
1659	1660
1659	657
657	660
661	1661
1661	1662
1661	662
662	593
662	660
660	663
664	665
665	1664
1663	1664
1664	1666
1665	1666
1666	1668
1667	1668
1668	666
667	1669
1669	1671
1669	668
668	1672
1670	1671
1671	1673
1671	1672
1672	602
668	1674
1674	1675
1674	666
666	669
670	671
671	672
673	674
674	1677
1676	1677
1677	1679
1678	1679
1679	1681
1680	1681
1681	608
674	672
672	1683
1682	1683
1683	1685
1684	1685
1685	675
676	677
677	678
679	1686
1686	1687
1686	680
680	681
682	683
683	611
683	681
681	1689
1688	1689
1689	1691
1690	1691
1691	684
685	686
686	626
686	1692
1692	1693
1692	684
684	687
688	689
689	690
691	692
692	693
694	695
695	696
697	698
698	1695
1694	1695
1695	629
698	696
696	1697
1696	1697
1697	1699
1698	1699
1699	699
700	701
701	702
703	704
704	632
704	1700
1700	1701
1700	702
702	705
706	1702
1702	1704
1702	707
707	1705
1703	1704
1704	1707
1704	1705
1705	1708
1706	1707
1707	1710
1707	1708
1708	1711
1709	1710
1710	1712
1710	1711
1711	708
709	1713
1713	1714
1713	710
710	711
712	713
713	1716
1715	1716
1716	635
713	711
711	714
715	716
716	1718
1717	1718
1718	1720
1719	1720
1720	717
718	719
719	1722
1721	1722
1722	638
719	717
717	720
721	722
722	723
724	725
725	726
727	1723
1723	1724
1723	728
728	729
730	1725
1725	1726
1725	731
731	732
733	1727
1727	1729
1727	1728
1728	1730
1728	734
734	735
736	1731
1731	1733
1731	1732
1732	1734
1732	737
737	641
737	735
735	1736
1735	1736
1736	656
734	732
732	738
739	740
740	1738
1737	1738
1738	1740
1739	1740
1740	665
740	1741
1741	1743
1741	738
738	1744
1742	1743
1743	1745
1743	1744
1744	671
731	729
729	1747
1746	1747
1747	741
742	1748
1748	1750
1748	743
743	1751
1749	1750
1750	1753
1750	1751
1751	1754
1752	1753
1753	1755
1753	1754
1754	744
745	746
746	677
746	1756
1756	1757
1756	744
744	747
748	749
749	680
749	1758
1758	1759
1758	747
747	689
743	1760
1760	1762
1760	741
741	1763
1761	1762
1762	1764
1762	1763
1763	728
725	723
723	1766
1765	1766
1766	1768
1767	1768
1768	1770
1769	1770
1770	1772
1771	1772
1772	1774
1773	1774
1774	1776
1775	1776
1776	1778
1777	1778
1778	1780
1779	1780
1780	692
722	720
720	750
751	752
752	1782
1781	1782
1782	1784
1783	1784
1784	1786
1785	1786
1786	1788
1787	1788
1788	1790
1789	1790
1790	1792
1791	1792
1792	1794
1793	1794
1794	753
754	755
755	695
755	753
753	1796
1795	1796
1796	756
757	758
758	759
760	761
761	1798
1797	1798
1798	1800
1799	1800
1800	1802
1801	1802
1802	701
761	759
759	1804
1803	1804
1804	1806
1805	1806
1806	1808
1807	1808
1808	1810
1809	1810
1810	1812
1811	1812
1812	762
763	764
764	1814
1813	1814
1814	1816
1815	1816
1816	1818
1817	1818
1818	716
764	762
762	765
766	767
767	1820
1819	1820
1820	752
767	1821
1821	1823
1821	765
765	1824
1822	1823
1823	1826
1823	1824
1824	1827
1825	1826
1826	1828
1826	1827
1827	758
710	708
708	1830
1829	1830
1830	1832
1831	1832
1832	1834
1833	1834
1834	1836
1835	1836
1836	1838
1837	1838
1838	707
578	576
576	548
542	1839
1839	1842
1839	1840
1840	1843
1840	1841
1841	1844
1841	540
540	536
337	335
335	328
292	290
290	1846
1845	1846
1846	277
268	266
266	262
154	1847
1847	1849
1847	1848
1848	1850
1848	152
152	145
80	78
78	1852
1851	1852
1852	74
56	1853
1853	1854
1853	54
54	53
8	6
6	1856
1855	1856
1856	1858
1857	1858
1858	1860
1859	1860
1860	5
768	769
769	1862
1861	1862
1862	1864
1863	1864
1864	1866
1865	1866
1866	1868
1867	1868
1868	1870
1869	1870
1870	769
2	772
2	1
5	774
774	773
774	4
8	778
8	779
779	7
11	783
11	10
14	13
17	16
856	19
856	20
865	808
865	23
808	22
26	809
26	810
810	25
898	814
898	29
29	28
32	31
819	34
819	35
921	820
921	821
921	822
921	38
821	37
925	824
925	823
925	41
41	40
927	827
927	828
927	44
827	43
954	834
954	1878
954	955
955	47
47	46
46	833
833	834
961	1879
961	836
961	50
836	835
835	48
835	49
1854	838
1854	837
1854	53
53	839
839	52
1853	841
1853	842
1853	56
841	840
841	55
59	844
59	846
846	843
846	845
845	58
62	851
851	850
850	848
850	849
849	847
849	61
857	854
857	853
857	65
65	855
855	852
855	64
999	861
999	862
999	68
862	67
866	863
866	1880
866	71
71	864
864	70
70	863
74	867
74	868
868	73
877	872
877	76
877	77
80	880
880	878
880	879
879	79
83	884
884	882
884	883
883	881
883	82
86	886
86	888
888	885
888	887
887	85
1018	890
1018	1019
1019	889
1019	89
89	88
92	891
891	91
1021	94
1021	899
1021	95
1031	900
1031	97
1031	98
1033	100
1033	907
1033	101
104	908
104	909
909	103
918	913
918	106
918	107
110	920
920	919
920	109
926	112
926	924
926	113
116	115
119	118
1056	942
1056	943
1056	1057
1057	944
1057	1058
1058	122
942	121
1068	947
1068	1882
1068	125
125	949
949	1881
949	948
948	945
948	124
945	946
946	947
947	1882
1883	1885
957	951
957	1885
957	956
956	1884
956	128
128	953
953	1883
953	952
952	950
952	127
950	951
951	1885
963	959
963	1886
963	962
962	1887
962	131
131	960
960	1886
960	130
130	958
958	959
1891	1892
1888	1892
1889	1892
1891	1893
1075	1888
1075	1891
1075	1076
1076	1893
1076	134
134	136
136	1871
1871	1892
1871	1890
1871	135
135	966
966	964
966	133
964	1889
964	965
965	1888
965	132
1084	1896
1084	1897
1084	139
139	970
970	969
969	1895
969	1894
969	968
968	967
968	138
967	135
135	1895
135	1871
1871	1897
1871	136
136	1896
136	137
1899	1900
1901	1902
1899	1902
1902	1903
1093	1901
1093	1902
1093	1094
1094	1903
1094	142
142	976
976	1900
976	975
975	1898
975	974
974	971
974	141
971	1899
971	972
972	1901
972	973
973	140
1849	979
1849	978
1849	1850
1850	977
1850	145
145	144
148	980
980	147
151	981
151	150
1848	982
1848	983
1848	1847
1847	984
1847	154
982	153
1107	992
1107	1905
1107	1108
1108	1904
1108	157
157	993
993	990
993	156
990	991
991	1905
991	992
160	994
160	995
995	159
1120	162
1120	1002
1120	163
1133	1003
1133	166
166	165
169	168
172	171
1140	174
1140	1008
1140	175
178	1010
1010	1009
1010	177
181	1011
181	180
184	183
1023	1012
1023	1013
1023	1022
1022	187
1012	186
1020	1015
1020	1906
1020	190
190	1017
1017	1907
1017	1016
1016	1014
1016	189
1014	1015
1015	1906
1179	1025
1179	1909
1179	1180
1180	1908
1180	193
193	1026
1026	192
192	1024
1024	1909
1024	1025
196	1027
196	195
199	198
202	201
1032	1030
1032	205
1030	204
1036	207
1036	208
211	1037
211	210
1044	213
1044	214
217	1046
1046	1045
1046	216
220	1050
220	1051
1051	219
1060	1053
1060	1054
1060	1059
1059	1055
1059	223
1053	1052
1053	222
1247	1062
1247	1061
1247	226
226	225
1251	1063
1251	229
1063	228
232	1064
232	1065
1065	231
1070	1066
1070	1069
1069	1067
1069	235
1067	234
238	1072
238	1074
1074	1071
1074	1073
1073	237
1085	240
1085	1083
1085	241
244	1086
244	243
247	246
1096	1091
1096	1092
1096	1095
1095	250
1091	249
1288	1098
1288	1097
1288	1099
1288	253
1099	252
256	1100
256	255
259	1103
1103	258
262	1104
262	261
1110	1910
1110	1105
1110	1109
1109	1106
1109	265
1105	264
264	263
268	1115
1115	1112
1115	1114
1114	1111
1114	1113
1113	267
1121	1118
1121	1117
1121	271
271	1119
1119	1116
1119	270
1316	1125
1316	1911
1316	274
274	1126
1126	273
273	1125
277	1127
277	1128
1128	276
1142	1129
1142	1141
1141	1130
1141	280
1130	279
1134	1131
1134	1912
1134	283
283	1132
1132	282
282	1131
1136	1135
1136	285
1136	286
1152	1144
1152	1143
1152	1151
1151	288
1151	289
292	1156
1156	1154
1156	1155
1155	1153
1155	291
295	1161
1161	1158
1161	1160
1160	1157
1160	1159
1159	294
298	1164
298	1166
1166	1163
1166	1165
1165	1162
1165	297
1336	1168
1336	1167
1336	301
301	300
304	303
307	1171
1171	306
310	1172
310	309
1182	1173
1182	1174
1182	1181
1181	313
1173	312
1192	1184
1192	1183
1192	1191
1191	315
1191	316
1346	1194
1346	1913
1346	1196
1346	319
1196	1195
1195	1193
1195	318
1193	1194
1357	1198
1357	1197
1357	1358
1358	321
1358	322
1371	324
1371	1205
1371	325
328	1206
328	327
331	330
334	333
337	336
1223	339
1223	340
1378	1914
1378	1229
1378	1379
1379	1230
1379	343
1229	1228
1228	1227
1228	342
1227	341
346	1233
346	1235
1235	1232
1235	1234
1234	1231
1234	345
349	1239
1239	1237
1239	1238
1238	1236
1238	348
352	1241
352	1243
1243	1240
1243	1242
1242	351
1246	1245
1246	1244
1246	355
355	354
1253	357
1253	1250
1253	1252
1252	358
1399	1255
1399	1254
1399	1256
1399	361
1256	360
364	1260
364	363
367	366
370	369
373	1277
1277	372
376	1278
376	375
379	378
1429	1281
1429	382
1281	381
385	1283
1283	1282
1283	384
388	1284
388	1285
1285	387
1289	1915
1289	1287
1289	391
1287	1286
1287	390
1286	389
1441	1292
1441	394
1292	1291
1291	1290
1291	393
1297	1294
1297	1296
1296	1293
1296	1295
1295	396
1295	397
1303	1300
1303	1299
1303	1302
1302	1298
1302	1301
1301	399
1301	400
1460	1306
1460	1305
1460	1916
1460	403
403	1307
1307	1304
1307	402
1304	1305
406	1308
406	1309
1309	405
1464	408
1464	1319
1464	1465
1465	1320
1465	1466
1466	1321
1466	409
1479	1324
1479	1323
1479	1480
1480	1322
1480	412
412	411
415	414
418	417
1488	420
1488	1331
1488	421
1512	1332
1512	424
424	423
427	426
1338	429
1338	1335
1338	1337
1337	430
1348	1340
1348	1917
1348	1347
1347	433
433	1341
1341	1339
1341	432
1339	1340
1343	1342
1343	436
436	435
1345	1344
1345	438
1345	439
1519	1350
1519	1349
1519	1520
1520	441
1520	442
1360	444
1360	1355
1360	1359
1359	1356
1359	445
1373	1366
1373	1918
1373	1372
1372	1365
1372	1367
1372	448
1367	447
1365	1366
451	1375
451	1377
1377	1374
1377	1376
1376	450
1413	453
1413	1384
1413	1412
1412	454
1392	1388
1392	1391
1391	1389
1391	457
1389	456
460	1390
460	459
463	1394
463	1395
1395	1393
1395	462
466	465
1538	1415
1538	1414
1538	469
469	468
472	471
1551	474
1551	1426
1551	475
478	1428
1428	1427
1428	477
1554	480
1554	1430
1554	1555
1555	1431
1555	481
1434	1433
1434	1432
1434	484
484	483
487	1435
487	1436
1436	486
1438	1437
1438	489
1438	490
493	1440
1440	1439
1440	492
496	1448
1448	495
1463	1455
1463	1919
1463	1462
1462	1461
1461	1456
1461	499
1456	498
498	1455
1580	501
1580	502
505	504
508	1467
1467	507
511	1468
511	510
514	1473
1473	513
517	1474
517	516
1604	519
1604	1475
1604	520
1481	1478
1481	523
1478	1477
1477	1476
1477	522
1608	1873
1608	1874
1608	1609
1609	1610
1610	771
1610	1875
1610	528
1610	526
1873	770
770	1482
770	1872
1872	527
527	525
533	1877
1877	528
1877	1875
1877	771
1921	1922
1921	1923
1842	1877
1842	771
1842	1924
1842	1843
1843	1923
1843	1844
1844	1922
1844	536
536	1484
1484	1920
1484	1483
1483	770
1483	1876
1483	535
535	532
770	1921
770	1873
1873	1874
1874	1923
1874	1924
1874	771
1877	533
539	1486
539	1487
1487	1485
1487	538
1841	1489
1841	1490
1841	1840
1840	1491
1840	1839
1839	1492
1839	542
1489	541
1646	1496
1646	1495
1646	1647
1647	1494
1647	1648
1648	1493
1648	545
545	544
548	547
551	1505
1505	550
1545	553
1545	1513
1545	554
1540	1514
1540	556
1540	557
1522	1517
1522	1518
1522	1521
1521	560
1517	559
1543	1524
1543	1523
1543	1544
1544	562
1544	1525
1544	563
1542	1532
1542	565
1542	1533
1542	1541
1541	1534
1541	566
1539	1536
1539	1925
1539	1537
1539	569
1537	1535
1537	568
1535	1536
572	1549
572	1550
1550	571
1557	1552
1557	1553
1557	1556
1556	575
1552	574
578	1561
1561	1559
1561	1560
1560	1558
1560	577
1655	1563
1655	1926
1655	1656
1656	581
581	1564
1564	580
580	1562
1562	1563
584	1566
1566	1565
1566	583
587	1570
587	1571
1571	586
1579	1572
1579	590
590	589
1662	592
1662	1581
1662	593
596	1582
596	595
1585	598
1585	599
1673	1586
1673	1587
1673	602
1587	601
1591	1588
1591	605
605	604
608	1592
608	1593
1593	607
611	1594
611	610
614	613
1611	1597
1611	617
1597	616
1600	1598
1600	1599
1599	619
1599	620
1607	1602
1607	1601
1607	1606
1606	1927
1606	1605
1605	1603
1605	623
1603	622
622	1601
626	1615
626	625
629	628
632	631
635	634
638	637
1733	640
1733	1632
1733	1734
1734	641
1657	1928
1657	1638
1657	644
1638	1637
1637	1636
1637	643
1636	642
647	1640
647	1641
1641	1639
1641	646
1650	1929
1650	1649
1649	1645
1649	650
1645	1644
1644	1643
1643	1642
1643	649
1642	648
653	1654
1654	1652
1654	1653
1653	1651
1653	652
656	1658
656	655
1659	658
1659	659
662	1661
1661	1660
1661	661
665	664
1674	667
1674	1669
1674	668
1745	1675
1745	671
671	670
674	673
677	676
680	1686
1686	679
683	1687
683	682
1692	685
1692	686
1759	1693
1759	688
1759	689
692	691
695	694
698	697
701	700
1700	703
1700	704
707	1701
707	1702
1702	706
710	1713
1713	1712
1713	709
713	1714
713	712
716	715
719	718
722	721
725	724
1764	727
1764	1723
1764	728
731	1724
731	1725
1725	730
734	1728
1728	1726
1728	1727
1727	733
737	1732
1732	1730
1732	1731
1731	1729
1731	736
1741	739
1741	740
1760	1748
1760	743
1748	742
1756	1755
1756	746
746	745
1758	1757
1758	748
1758	749
752	751
755	754
1828	757
1828	758
761	760
764	763
1821	766
1821	767
530	532
530	1876
530	527
527	1872
1872	770
4	775
1930	1933
1930	1934
1930	1935
1930	1931
1934	1936
1934	790
1934	788
1934	1935
1935	786
1935	13
1935	1931
1931	784
1931	10
1931	780
1931	1930
1930	1932
1932	7
1932	1933
1933	775
1933	1936
1936	792
1936	790
792	0
1855	815
1855	31
1855	28
1855	811
1855	1857
1857	25
1857	1859
1859	22
1859	806
1859	3
3	1
1	17
17	19
815	782
815	817
817	9
817	34
1860	1937
1860	1858
1858	1856
1856	6
6	777
777	5
1939	1943
1940	1943
1940	1944
1943	1945
1943	1946
1944	1946
1944	43
1944	825
1944	1940
1940	795
1940	797
1940	1939
1939	799
1939	1942
1942	1941
1942	1945
1945	52
1945	1946
1946	49
1946	829
1946	43
829	46
52	55
55	801
55	803
55	58
58	61
61	805
61	64
64	18
18	15
801	799
795	12
12	40
12	1938
12	785
785	35
785	11
35	37
37	40
1947	1952
1948	1952
1948	1953
1949	1953
1949	1950
1949	789
1949	1948
1948	791
1948	1947
1947	793
1947	16
1947	1951
1951	804
1951	802
1951	1952
1952	800
1952	1953
1953	798
1953	1950
1950	796
1950	794
1950	787
1950	789
787	14
16	2
21	67
21	858
21	807
807	20
20	65
873	869
873	875
875	1954
875	24
24	23
23	71
71	73
73	869
1956	1957
1956	1958
1956	874
1956	876
1956	813
1956	27
1956	895
1956	1955
1955	892
1955	1957
1957	91
1957	88
1957	85
1957	82
1957	1958
1958	79
1958	77
1958	874
813	26
914	1959
914	1960
914	916
916	1961
916	30
30	29
29	897
897	903
897	894
894	901
894	92
92	97
92	94
903	1960
903	905
905	1959
905	910
905	103
905	100
910	106
33	109
33	107
33	1962
33	818
818	816
816	917
816	32
917	915
915	107
39	922
39	38
38	110
42	826
826	41
1963	1965
1963	1964
1965	1968
1965	1969
1964	1970
1964	1967
1964	1968
1968	928
1968	118
1968	1969
1969	115
1969	104
1969	912
1969	1965
1965	105
1965	1963
1963	108
1963	1966
1966	923
1966	1970
1970	1971
1970	932
1970	930
1970	1967
1967	928
932	934
934	1972
934	936
936	1973
936	938
938	1974
938	940
940	1975
940	121
121	124
124	127
127	45
45	832
832	44
44	1974
44	1973
44	111
111	1972
111	923
923	1971
48	47
47	128
1976	1978
1978	1980
1978	1981
1979	1981
1979	138
1979	133
1979	50
1979	51
1979	1978
1978	1976
1976	56
1976	57
1976	150
1976	1977
1977	147
1977	1980
1980	144
1980	141
1980	1981
1981	138
50	131
60	59
1983	1986
1983	1987
1984	1987
1984	1988
1984	1989
1985	1989
1986	1991
1987	1991
1987	1992
1988	1992
1988	1993
1989	1993
1991	1994
1991	1995
1992	1995
1993	1995
1993	1996
1993	148
1993	149
1993	1989
1989	1985
1985	62
1985	63
1985	1984
1984	860
1984	1983
1983	1982
1982	66
1982	996
1982	1986
1986	159
1986	1990
1990	156
1990	1994
1994	985
1994	1995
1995	1996
1996	153
1996	148
1997	2000
1999	2001
1999	1000
1999	2000
2000	160
2000	998
2000	1997
1997	72
1997	1851
1997	1999
1999	1998
1998	171
1998	2001
2001	168
2001	165
2001	1000
1000	162
171	1004
1004	80
1004	81
72	68
72	69
75	1852
75	871
871	74
2003	2004
2003	1006
2003	1005
2003	83
2003	2002
2002	84
2002	183
2002	2004
2004	180
2004	177
2004	174
2004	1006
1005	172
87	186
87	184
87	86
90	89
89	190
96	1028
96	198
96	195
96	95
95	192
95	188
188	187
1028	201
99	2005
99	906
906	2006
906	904
904	902
902	98
98	205
205	2005
102	1034
102	101
101	202
101	203
202	207
1042	1040
1042	117
117	2007
117	116
116	1035
1035	1038
1035	210
1035	208
1038	1040
2008	2010
2011	2014
2012	2014
2012	2015
2010	2015
2013	2017
2014	2017
2016	2019
2017	2019
2017	219
2017	1047
2017	2015
2017	2014
2015	216
2015	2010
2010	214
2010	2009
2010	2008
2008	929
2008	931
2008	933
2008	2012
2012	2011
2011	935
2011	2013
2013	937
2013	939
2013	2016
2016	2018
2018	941
2018	120
2018	222
2018	2019
2019	219
929	119
119	1043
1043	214
225	228
123	122
122	231
122	223
223	228
126	237
126	235
126	125
237	132
137	1081
137	1079
137	134
134	1077
134	238
140	2020
140	241
140	139
241	243
243	1087
1087	1089
1087	246
1089	249
2021	2024
2022	2024
2022	2025
2025	2026
2025	250
2025	142
2025	143
2025	2022
2022	154
2022	989
2022	2021
2021	261
2021	2023
2023	258
2023	1101
2023	2026
2023	2024
2026	255
2026	252
2026	250
261	155
261	264
146	145
161	1001
1001	2027
1001	158
158	265
158	157
265	267
267	270
271	1122
164	1122
164	163
1122	276
1122	273
276	279
167	283
167	166
1007	2028
1007	170
170	169
169	286
286	1137
1137	173
1145	2031
1145	1147
1147	2029
1147	1149
1149	175
1149	176
175	1139
1139	2030
1139	284
284	281
281	280
280	2031
280	288
2031	2029
300	1169
2032	2036
2033	2036
2035	2037
2035	2038
2036	2038
2036	1146
2036	1148
2036	2033
2033	1150
2033	179
2033	309
2033	2032
2032	306
2032	2034
2032	2035
2034	303
2034	1169
2034	2037
2037	297
2037	294
2037	2038
2038	291
2038	289
2038	1146
179	178
182	191
182	1175
182	312
182	181
181	310
1185	313
1185	1187
1187	2039
1187	1189
1189	194
194	193
193	1178
1178	313
327	330
2041	2042
2041	1188
2041	1190
2041	1211
2041	1209
2041	2040
2040	1207
2040	1203
2040	2042
2042	1201
2042	1188
1188	1186
1186	1199
1186	316
316	318
318	321
1203	330
1203	324
1211	197
197	196
2044	2045
2044	1210
2044	1212
2044	1029
2044	200
2044	2043
2043	206
2043	209
2043	333
2043	2045
2045	1213
2045	1208
2045	1210
1208	331
1029	199
2047	2048
2047	2049
2047	211
2047	1039
2047	1041
2047	2046
2046	212
2046	1221
2046	1219
2046	2048
2048	1217
2048	1215
2048	2049
2049	334
2049	211
1215	336
336	339
1221	215
2051	2055
2050	2055
2050	2052
2050	2053
2053	2057
2054	2059
2055	2059
2052	2059
2052	2056
2052	2057
2057	2060
2057	2061
2056	2060
2060	351
2060	348
2060	2061
2061	345
2061	342
2061	1224
2061	2057
2057	340
2057	1218
2057	2053
2053	1220
2053	2050
2050	1222
2050	2051
2051	217
2051	1049
2051	2054
2054	218
2054	2058
2058	354
2058	351
2058	2059
221	220
224	220
227	1248
227	353
227	226
353	352
2063	2064
2063	2065
2063	358
2063	229
2063	230
2063	2062
2062	1265
2062	1263
2062	2064
2064	1261
2064	366
2064	363
2064	2065
2065	1257
2065	360
2065	358
2067	2069
2067	1264
2067	2066
2067	1080
2067	1082
2067	2068
2068	369
2068	1271
2068	1269
2068	2069
2069	1267
2069	1262
2069	1264
1262	367
369	242
242	239
1080	1078
1078	1266
1078	232
1078	233
1078	236
1266	1264
245	2070
245	1088
1088	1273
1088	370
1088	244
1273	1275
1275	1279
1275	372
372	375
1279	378
248	1090
1090	390
1090	387
1090	247
247	384
247	379
379	381
254	393
254	253
253	391
257	1102
1102	397
1102	256
2071	2076
2072	2076
2072	2077
2073	2077
2073	2078
2074	2080
2075	2080
2075	2081
2076	2081
2076	2082
2077	2082
2077	2083
2078	2083
2078	2084
2081	2085
2081	2086
2082	2086
2082	2087
2083	2087
2084	2087
2084	400
2084	259
2084	2078
2078	260
2078	2073
2073	268
2073	2072
2072	2071
2071	269
2071	1124
2071	2075
2075	2074
2074	272
2074	2079
2079	1313
2079	1310
2079	2080
2080	2085
2085	405
2085	2086
2086	402
2086	2087
2087	400
263	262
2091	2092
2091	1317
2091	1312
2091	2088
2091	2090
2090	1845
2090	2089
2090	2092
2092	417
2092	414
2092	1325
2092	1317
1317	408
408	411
417	1327
1327	1845
1327	292
1327	293
1845	275
275	1315
275	274
1315	1312
1312	406
278	1846
278	277
1846	290
296	2093
296	295
295	1328
1328	1329
1328	418
1329	423
1329	420
423	1333
1333	426
298	427
299	427
302	1170
1170	432
1170	430
1170	301
305	304
304	436
308	314
308	307
307	317
307	439
320	1353
320	2094
320	319
319	437
437	434
434	433
433	1351
433	441
1351	1353
1368	2096
1368	2095
1368	323
323	1204
1204	1202
1202	2096
1202	1200
1200	445
1200	322
445	1361
1361	447
325	1370
326	2097
326	1370
1370	2098
1370	448
448	450
450	1226
450	341
1226	338
338	2097
338	337
1214	1216
1214	329
329	335
329	328
344	2099
344	343
343	451
451	1380
1380	2101
1380	1382
1382	1385
1382	453
1385	2100
1385	456
456	459
459	2099
2099	2101
347	346
1249	2103
1249	350
350	2102
350	349
349	458
458	457
457	462
462	2103
462	1396
1396	359
359	356
1410	2107
1410	2105
1410	362
362	1259
1259	2106
1259	2104
1259	361
361	1398
1398	1400
1398	463
1400	1402
1402	2106
1402	1404
1404	1406
1406	2105
1406	2107
1406	1408
1408	465
1272	1274
1272	2108
1272	1270
1270	1268
1268	1411
1268	365
365	364
1411	466
466	1276
466	371
1276	1274
2110	2112
2110	2113
2109	2112
2112	2115
2112	2116
2113	2116
2113	2117
2115	2120
2111	2115
2116	2121
2116	2122
2117	2122
2117	2123
2118	2123
2119	2127
2120	2127
2121	2127
2115	2121
2122	2128
2122	2129
2123	2129
2125	2131
2125	2132
2126	2132
2126	2133
2127	2133
2128	2133
2121	2128
2129	2134
2132	2135
2133	2135
2134	2135
2128	2134
2134	1422
2134	1420
2134	2129
2129	1418
2129	2123
2123	1416
2123	2118
2118	468
2118	454
2118	2113
2118	2117
2113	1387
2113	2110
2110	455
2110	461
2110	2109
2109	1401
2109	2111
2111	2114
2114	1403
2114	2120
2120	2119
2119	1405
2119	1407
2119	2126
2126	2125
2125	1409
2125	2124
2124	464
2124	373
2124	2130
2124	2131
2131	1424
2131	2135
2135	1422
1424	471
471	374
374	373
377	477
377	1280
1280	472
1280	376
472	474
383	382
382	480
382	478
386	486
386	385
385	484
389	492
389	388
388	490
2136	2141
2136	2142
2137	2142
2137	2143
2138	2143
2139	2145
2140	2145
2140	2146
2141	2146
2141	2147
2142	2147
2142	1444
2142	2143
2143	1442
2143	2138
2138	493
2138	394
2138	395
2138	2137
2137	2136
2136	398
2136	2140
2140	401
2140	2139
2139	1457
2139	2144
2144	1452
2144	1449
2144	2145
2145	495
2145	2146
2146	1446
2146	2147
2147	1444
1452	498
1318	499
1318	1459
1318	404
404	403
410	516
410	409
409	513
409	497
497	1454
1454	1471
1454	1469
1454	1451
1451	510
1451	496
496	507
496	504
496	501
516	519
413	1326
1326	525
1326	523
1326	412
1330	2148
1330	416
416	2149
416	415
415	531
531	2148
531	535
535	538
538	419
2150	2155
2151	2155
2151	2156
2152	2156
2152	544
2152	2153
2152	422
2152	1509
2152	2151
2151	1506
2151	2150
2150	550
2150	1503
2150	2154
2154	1501
2154	547
2154	1499
2154	2155
2155	1497
2155	2156
2156	544
422	421
421	541
421	539
541	544
425	431
425	440
425	1334
1334	559
1334	1515
1334	1511
1334	424
1511	1508
1508	556
1508	551
551	553
2157	2159
2157	446
2157	449
2157	1381
2157	2158
2158	1383
2158	1529
2158	2159
2159	1526
2159	2160
2159	1364
2159	446
1364	2161
1364	443
443	1354
1354	2162
1354	1352
1352	2163
1352	442
442	560
560	562
562	1526
1526	2162
1526	2161
1526	2160
1529	452
1529	467
1529	568
1529	565
470	1425
1425	571
1425	1423
1423	1546
1423	1421
1421	2165
1421	1419
1419	1417
1417	2164
1417	469
469	569
569	555
555	554
554	2165
554	1546
476	475
475	574
475	572
2166	2169
2167	2173
2168	2173
2168	2174
2169	2174
2169	2175
2170	2175
2173	2176
2173	2177
2174	2177
2174	2178
2175	2178
2175	2171
2175	2170
2170	575
2170	481
2170	2169
2169	2166
2166	482
2166	485
2166	1577
2166	2168
2168	2167
2167	1575
2167	1573
2167	2172
2172	589
2172	2176
2176	586
2176	2177
2177	1567
2177	2178
2178	583
2178	2171
2171	577
2171	575
577	580
488	1578
488	487
1578	1443
1578	1576
1576	1445
1576	1574
1574	1447
1574	590
590	500
500	494
1583	588
1583	502
1583	503
588	587
587	592
506	505
505	1584
1584	596
1589	2179
1589	509
509	2180
509	508
508	599
599	601
601	2179
601	604
512	2181
512	1472
1472	1470
1470	2182
1470	1590
1470	511
1590	607
1590	605
607	610
610	613
613	2181
515	616
515	1595
515	514
514	614
518	620
518	517
521	520
520	623
2184	2187
2187	2189
2187	2190
2188	2190
2190	2191
2190	1612
2190	617
2190	2188
2188	618
2188	529
2188	2184
2188	2187
2184	534
2184	2183
2184	1620
2184	1618
2184	2186
2186	1616
2186	2189
2189	631
2189	2191
2191	628
2191	625
2191	1612
1620	1622
1622	2185
1622	1624
1624	543
1624	1626
1626	649
1626	1628
1628	2192
1628	1630
1630	2193
1630	634
634	637
637	1633
637	640
1633	643
643	2192
643	646
646	649
543	542
542	2183
542	534
529	621
529	526
537	536
546	579
546	2194
546	1500
1500	1498
1498	650
1498	545
650	652
652	579
549	1504
1504	1548
1504	1502
1502	570
1502	548
548	573
548	576
558	1516
1516	566
1516	557
557	567
564	2196
564	1531
1531	2195
1531	1528
1528	563
563	2196
582	2197
582	581
581	2198
581	653
653	645
645	644
644	655
655	2197
655	658
585	1569
1569	661
1569	584
584	659
594	2199
594	2200
594	593
593	2201
593	662
662	1663
662	664
1663	1665
1665	2200
1665	2202
1665	1667
1667	667
667	1670
1670	2199
1670	600
600	597
2199	2200
2204	2205
2204	2206
2206	2207
2206	668
2206	1672
2206	2204
2204	602
2204	603
2204	2203
2203	1680
2203	1678
2203	2205
2205	1676
2205	2207
2207	673
2207	670
2207	668
1680	606
2210	2211
2210	2212
2212	2213
2212	1677
2212	1679
2212	2210
2210	1681
2210	2208
2210	2209
2209	682
2209	679
2209	676
2209	2211
2211	1684
2211	2213
2213	1682
2213	674
2213	1677
682	609
609	1681
609	608
1596	2214
1596	1690
1596	2215
1596	612
612	1688
612	611
611	683
1688	1690
1690	685
685	624
624	1614
1614	615
1694	2216
1694	626
1694	627
626	686
686	691
686	688
691	694
694	697
630	700
630	2217
630	629
629	1695
1695	1696
1695	698
1696	1698
1698	700
1715	2224
1715	1631
1715	633
1631	1629
1629	2223
1629	1627
1627	2221
1627	1625
1625	2222
1625	2218
1625	1623
1623	2219
1623	1621
1621	2220
1621	1619
1619	1617
1617	704
1617	632
704	706
706	1703
1703	2219
1703	1706
1706	2218
1706	2222
1706	1709
1709	2223
1709	709
709	2224
709	712
2223	2221
1721	1719
1721	635
1721	636
635	1717
635	1716
1716	715
1716	713
639	638
638	1722
1722	733
1722	730
1722	719
719	721
721	724
724	727
642	1635
1635	1735
1635	641
641	737
648	647
657	663
657	656
656	1739
656	1736
1736	1737
1736	735
735	734
734	739
2226	2231
2227	2231
2228	2231
2229	2231
2225	2229
2231	2232
2229	2232
2232	669
2232	1742
2232	2229
2229	740
2229	1738
2229	2225
2225	1740
2225	665
2225	2228
2228	1664
2228	2227
2227	1666
2227	2226
2226	1668
2226	666
2226	2230
2230	669
1685	1752
1685	1749
1685	1683
1683	742
1683	672
672	1746
672	1744
672	671
1744	738
738	731
738	732
1752	745
678	677
677	746
1691	2233
1691	1689
1689	681
681	680
680	749
749	687
687	684
1765	726
1765	1761
1765	1767
1767	743
1767	1769
1769	1771
1771	1751
1771	1773
1773	1754
1773	1775
1775	2234
1775	1777
1777	747
1777	1779
1779	689
1779	690
747	744
744	1754
2236	2238
2236	2239
2237	2239
2237	2240
2238	2242
2239	2242
2239	2243
2240	2243
2240	2244
2245	2249
2247	2252
2248	2252
2248	2253
2249	2253
2250	2253
2252	2256
2253	2256
2254	2256
2250	2254
2254	768
2254	2255
2254	1783
2254	2250
2250	1781
2250	2249
2249	751
2249	2245
2245	722
2245	723
2245	2248
2248	1766
2248	2247
2247	1768
2247	2251
2251	1770
2251	2246
2251	1861
2251	2256
2256	768
1861	1863
1863	1774
1863	2244
1863	1865
1865	2243
1865	2242
1865	1867
1867	2241
1867	1789
1867	1869
1869	1787
1869	2255
1869	768
2255	1785
2255	1783
1789	1791
1791	2238
1791	1793
1793	2235
1793	754
754	693
693	2236
693	692
692	2237
692	1780
1780	1778
1778	2240
1778	2244
1778	1776
1776	1774
1774	1772
1772	1770
1699	1801
1699	2257
1699	1697
1697	696
696	695
695	755
755	1795
1795	1799
1795	1797
1795	760
1795	757
1799	1801
2263	2265
2262	2265
2265	1815
2265	1813
2265	1811
2265	2263
2263	1809
2263	1831
2263	1829
2263	2262
2262	2264
2264	710
2264	711
2264	714
2264	1817
2264	1815
1831	1807
1831	1833
1833	1835
1835	1805
1835	2259
1835	1837
1837	2260
1837	2258
1837	705
705	702
702	701
701	1802
1802	2260
1802	1800
1800	2261
1800	1798
1798	1803
1798	761
1803	2259
1803	1805
2259	2260
1811	763
1838	1705
1838	2266
1838	1836
1836	2268
1836	1834
1834	1832
1832	2267
1832	1830
1830	708
708	1711
1711	1708
1708	2268
1708	2266
1708	1705
717	2270
717	1720
1720	2269
1720	1718
1718	1818
1718	716
1818	1816
1816	2270
1816	1814
1814	1819
1814	764
764	766
1819	750
750	720
1747	1763
1747	728
1747	729
1796	1792
1796	1794
1796	753
1792	2271
1792	1790
1790	2275
1790	1788
1788	1786
1786	2274
1786	2273
1786	1784
1784	2272
1784	1782
1782	1820
1782	752
1820	767
767	2273
767	1822
1822	2274
1822	2271
1822	1825
1825	756
2271	2275
758	1827
2276	2279
2278	2280
2279	2280
2279	1827
2279	759
2279	1804
2279	2276
2276	1806
2276	1808
2276	2278
2278	1810
2278	2277
2277	1812
2277	2280
2280	762
2280	765
2280	1824
2280	1827
1870	2281
1870	1868
1868	1866
1866	1864
1864	1862
1862	769
4	0
4	772
773	772
773	1
775	4
775	774
776	774
776	5
7	775
7	776
778	776
778	777
780	7
780	779
781	779
781	8
10	780
10	781
783	781
783	782
784	10
784	11
13	784
13	785
786	13
786	14
788	786
788	787
790	788
790	789
792	790
792	791
0	792
0	793
794	14
794	12
796	794
796	795
798	796
798	797
800	798
800	799
802	800
802	801
804	802
804	803
16	804
16	805
2	16
2	17
19	17
19	15
806	19
806	20
22	806
22	807
25	22
25	808
809	808
809	23
811	25
811	810
812	810
812	26
28	811
28	812
814	812
814	813
31	28
31	29
815	31
815	32
817	815
817	816
34	817
34	818
9	34
9	35
37	35
37	819
820	819
820	33
40	37
40	821
823	821
823	822
824	822
824	38
825	40
825	41
43	825
43	826
829	43
829	827
830	827
830	828
831	828
831	44
46	829
46	830
833	830
833	831
834	831
834	832
49	46
49	47
52	49
52	835
837	835
837	836
838	836
838	50
55	52
55	839
840	839
840	53
58	55
58	841
843	841
843	842
844	842
844	56
61	58
61	845
847	845
847	846
848	846
848	59
64	61
64	849
852	849
852	850
853	850
853	851
854	851
854	62
18	64
18	855
856	855
856	65
858	65
858	857
859	857
859	63
67	858
67	859
861	859
861	860
70	67
70	862
863	862
863	68
21	70
21	864
865	864
865	71
73	71
73	866
867	866
867	69
869	73
869	868
870	868
870	74
76	869
76	870
872	870
872	871
873	76
873	77
875	873
875	874
24	875
24	876
79	77
79	877
878	877
878	75
82	79
82	879
881	879
881	880
882	880
882	80
85	82
85	883
885	883
885	884
886	884
886	83
88	85
88	887
889	887
889	888
890	888
890	86
91	88
91	89
892	91
892	891
893	891
893	92
895	892
895	893
896	893
896	894
27	895
27	896
898	896
898	897
94	92
94	90
97	94
97	899
900	899
900	95
901	97
901	98
903	901
903	902
905	903
905	904
100	905
100	906
103	100
103	907
908	907
908	101
910	103
910	909
911	909
911	104
106	910
106	911
913	911
913	912
914	106
914	107
916	914
916	915
30	916
30	917
109	107
109	918
919	918
919	105
36	109
36	920
921	920
921	110
922	110
922	108
112	922
112	923
39	112
39	924
925	924
925	113
42	113
42	926
927	926
927	111
115	104
115	102
118	115
118	116
928	118
928	119
930	928
930	929
932	930
932	931
934	932
934	933
936	934
936	935
938	936
938	937
940	938
940	939
121	940
121	941
124	121
124	942
945	942
945	943
946	943
946	944
947	944
947	122
127	124
127	948
950	948
950	949
951	949
951	125
45	127
45	952
954	952
954	953
955	953
955	128
130	128
130	956
958	956
958	957
959	957
959	126
48	130
48	960
961	960
961	131
133	131
133	962
964	962
964	963
965	963
965	129
134	137
138	133
138	966
967	966
141	138
141	968
971	968
971	969
972	969
972	970
973	970
973	139
144	141
144	974
977	974
977	975
978	975
978	976
979	976
979	142
147	144
147	145
150	147
150	980
981	980
981	148
57	150
57	151
60	151
60	149
153	148
153	146
985	153
985	982
986	982
986	983
987	983
987	984
988	984
988	154
156	985
156	986
990	986
990	987
991	987
991	988
992	988
992	989
159	156
159	993
994	993
994	157
996	159
996	995
997	995
997	160
66	996
66	997
999	997
999	998
1000	160
1000	158
162	1000
162	1001
165	162
165	1002
1003	1002
1003	163
168	165
168	166
171	168
171	169
1004	171
1004	172
81	1004
81	1005
1006	172
1006	170
174	1006
174	1007
177	174
177	1008
1009	1008
1009	175
180	177
180	1010
1011	1010
1011	178
183	180
183	181
84	183
84	184
186	184
186	182
189	186
189	1012
1014	1012
1014	1013
1015	1013
1015	187
87	189
87	1016
1018	1016
1018	1017
1019	1017
1019	190
93	190
93	1020
1021	1020
1021	188
192	187
192	1022
1024	1022
1024	1023
1025	1023
1025	185
195	192
195	1026
1027	1026
1027	193
198	195
198	196
1028	198
1028	199
201	1028
201	1029
204	201
204	202
96	204
96	1030
1031	1030
1031	205
99	205
99	1032
1033	1032
1033	203
207	202
207	200
1034	207
1034	208
114	1034
114	1035
210	208
210	1036
1037	1036
1037	206
1038	210
1038	211
1040	1038
1040	1039
213	1040
213	1041
1042	213
1042	214
117	1042
117	1043
216	214
216	1044
1045	1044
1045	212
1047	216
1047	1046
1048	1046
1048	217
219	1047
219	1048
1050	1048
1050	1049
222	219
222	1051
1052	1051
1052	220
120	222
120	1053
1056	1053
1056	1054
1057	1054
1057	1055
1058	1055
1058	223
225	223
225	1059
1061	1059
1061	1060
1062	1060
1062	221
228	225
228	226
231	228
231	1063
1064	1063
1064	229
234	231
234	1065
1066	1065
1066	232
123	234
123	1067
1068	1067
1068	235
237	235
237	1069
1071	1069
1071	1070
1072	1070
1072	233
132	237
132	1073
1075	1073
1075	1074
1076	1074
1076	238
1077	238
1077	236
1079	1077
1079	1078
1081	1079
1081	1080
240	1081
240	1082
137	240
137	1083
1084	1083
1084	241
243	241
243	1085
1086	1085
1086	239
1087	243
1087	244
246	1087
246	1088
1089	246
1089	247
249	1089
249	1090
140	249
140	1091
1093	1091
1093	1092
1094	1092
1094	250
252	250
252	1095
1097	1095
1097	1096
1098	1096
1098	248
255	252
255	1099
1100	1099
1100	253
1101	255
1101	256
258	1101
258	1102
261	258
261	1103
1104	1103
1104	259
264	261
264	262
155	264
155	1105
1107	1105
1107	1106
1108	1106
1108	265
267	265
267	1109
1111	1109
1111	1110
1112	1110
1112	263
270	267
270	1113
1116	1113
1116	1114
1117	1114
1117	1115
1118	1115
1118	268
161	270
161	1119
1120	1119
1120	271
1122	271
1122	1121
1123	1121
1123	269
273	1122
273	1123
1125	1123
1125	1124
276	273
276	1126
1127	1126
1127	274
279	276
279	1128
1129	1128
1129	277
282	279
282	1130
1131	1130
1131	280
164	282
164	1132
1133	1132
1133	283
285	283
285	1134
1135	1134
1135	281
167	285
167	286
1137	286
1137	1136
1138	1136
1138	284
173	1137
173	1138
1140	1138
1140	1139
288	280
288	1141
1143	1141
1143	1142
1144	1142
1144	278
1145	288
1145	289
1147	1145
1147	1146
1149	1147
1149	1148
176	1149
176	1150
291	289
291	1151
1153	1151
1153	1152
1154	1152
1154	287
294	291
294	1155
1157	1155
1157	1156
1158	1156
1158	292
297	294
297	1159
1162	1159
1162	1160
1163	1160
1163	1161
1164	1161
1164	295
300	297
300	1165
1167	1165
1167	1166
1168	1166
1168	298
1169	300
1169	301
303	1169
303	1170
306	303
306	304
309	306
309	1171
1172	1171
1172	307
179	309
179	310
312	310
312	308
1175	312
1175	1173
1176	1173
1176	1174
1177	1174
1177	313
191	1175
191	1176
1179	1176
1179	1177
1180	1177
1180	1178
315	313
315	1181
1183	1181
1183	1182
1184	1182
1184	311
1185	315
1185	316
1187	1185
1187	1186
1189	1187
1189	1188
194	1189
194	1190
318	316
318	1191
1193	1191
1193	1192
1194	1192
1194	314
321	318
321	1195
1197	1195
1197	1196
1198	1196
1198	319
1199	321
1199	322
1201	1199
1201	1200
1203	1201
1203	1202
324	1203
324	1204
327	324
327	1205
1206	1205
1206	325
330	327
330	328
1207	330
1207	331
1209	1207
1209	1208
1211	1209
1211	1210
197	1211
197	1212
1213	331
1213	329
333	1213
333	1214
209	333
209	334
1215	334
1215	332
336	1215
336	1216
339	336
339	337
1217	339
1217	340
1219	1217
1219	1218
1221	1219
1221	1220
215	1221
215	1222
1224	340
1224	1223
1225	1223
1225	338
342	1224
342	1225
1227	1225
1227	1226
345	342
345	1228
1231	1228
1231	1229
1232	1229
1232	1230
1233	1230
1233	343
348	345
348	1234
1236	1234
1236	1235
1237	1235
1237	346
351	348
351	1238
1240	1238
1240	1239
1241	1239
1241	349
354	351
354	1242
1244	1242
1244	1243
1245	1243
1245	352
218	354
218	355
224	355
224	1246
1247	1246
1247	353
1248	352
1248	350
357	1248
357	1249
227	357
227	1250
1251	1250
1251	358
360	358
360	1252
1254	1252
1254	1253
1255	1253
1255	356
1257	360
1257	1256
1258	1256
1258	361
363	1257
363	1258
1260	1258
1260	1259
366	363
366	364
1261	366
1261	367
1263	1261
1263	1262
1265	1263
1265	1264
230	1265
230	1266
1267	367
1267	365
1269	1267
1269	1268
1271	1269
1271	1270
369	1271
369	1272
242	369
242	370
1273	370
1273	368
1275	1273
1275	1274
372	1275
372	1276
375	372
375	1277
1278	1277
1278	373
1279	375
1279	376
378	1279
378	1280
245	378
245	379
381	379
381	377
384	381
384	1281
1282	1281
1282	382
387	384
387	1283
1284	1283
1284	385
390	387
390	1285
1286	1285
1286	388
251	390
251	1287
1288	1287
1288	391
393	391
393	1289
1290	1289
1290	389
396	393
396	1291
1293	1291
1293	1292
1294	1292
1294	394
254	396
254	397
399	397
399	1295
1298	1295
1298	1296
1299	1296
1299	1297
1300	1297
1300	395
257	399
257	400
402	400
402	1301
1304	1301
1304	1302
1305	1302
1305	1303
1306	1303
1306	398
405	402
405	1307
1308	1307
1308	403
1310	405
1310	1309
1311	1309
1311	406
1313	1310
1313	1311
1314	1311
1314	1312
272	1313
272	1314
1316	1314
1316	1315
1317	406
1317	404
408	1317
408	1318
411	408
411	1319
1322	1319
1322	1320
1323	1320
1323	1321
1324	1321
1324	409
1325	411
1325	412
414	1325
414	1326
417	414
417	415
1327	417
1327	418
293	1327
293	1328
1329	418
1329	416
420	1329
420	1330
423	420
423	1331
1332	1331
1332	421
1333	423
1333	424
426	1333
426	1334
296	426
296	427
429	427
429	425
299	429
299	1335
1336	1335
1336	430
432	430
432	1337
1339	1337
1339	1338
1340	1338
1340	428
435	432
435	1341
1342	1341
1342	433
302	435
302	436
438	436
438	1343
1344	1343
1344	434
305	438
305	439
317	439
317	1345
1346	1345
1346	437
441	433
441	1347
1349	1347
1349	1348
1350	1348
1350	431
1351	441
1351	442
1353	1351
1353	1352
444	1353
444	1354
320	444
320	1355
1357	1355
1357	1356
1358	1356
1358	445
1361	445
1361	1359
1362	1359
1362	1360
1363	1360
1363	443
447	1361
447	1362
1365	1362
1365	1363
1366	1363
1366	1364
1368	447
1368	1367
1369	1367
1369	448
323	1368
323	1369
1371	1369
1371	1370
450	448
450	1372
1374	1372
1374	1373
1375	1373
1375	446
341	450
341	1376
1378	1376
1378	1377
1379	1377
1379	451
1380	451
1380	449
1382	1380
1382	1381
453	1382
453	1383
1385	453
1385	1384
1386	1384
1386	454
456	1385
456	1386
1388	1386
1388	1387
459	456
459	1389
1390	1389
1390	457
344	459
344	460
347	460
347	458
462	457
462	1391
1393	1391
1393	1392
1394	1392
1394	455
1396	462
1396	1395
1397	1395
1397	463
359	1396
359	1397
1399	1397
1399	1398
1400	463
1400	461
1402	1400
1402	1401
1404	1402
1404	1403
1406	1404
1406	1405
1408	1406
1408	1407
465	1408
465	1409
1410	465
1410	466
362	1410
362	1411
371	466
371	464
468	454
468	1412
1414	1412
1414	1413
1415	1413
1415	452
1416	468
1416	469
1418	1416
1418	1417
1420	1418
1420	1419
1422	1420
1422	1421
1424	1422
1424	1423
471	1424
471	1425
374	471
374	472
474	472
474	470
477	474
477	1426
1427	1426
1427	475
380	477
380	1428
1429	1428
1429	478
480	478
480	476
483	480
483	1430
1432	1430
1432	1431
1433	1431
1433	481
383	483
383	484
486	484
486	1434
1435	1434
1435	482
489	486
489	1436
1437	1436
1437	487
386	489
386	490
492	490
492	1438
1439	1438
1439	488
392	492
392	1440
1441	1440
1441	493
1442	493
1442	491
1444	1442
1444	1443
1446	1444
1446	1445
495	1446
495	1447
1449	495
1449	1448
1450	1448
1450	496
1452	1449
1452	1450
1453	1450
1453	1451
498	1452
498	1453
1455	1453
1455	1454
1457	498
1457	1456
1458	1456
1458	499
401	1457
401	1458
1460	1458
1460	1459
407	499
407	1461
1464	1461
1464	1462
1465	1462
1465	1463
1466	1463
1466	497
501	496
501	494
504	501
504	502
507	504
507	505
510	507
510	1467
1468	1467
1468	508
1469	510
1469	511
1471	1469
1471	1470
513	1471
513	1472
516	513
516	1473
1474	1473
1474	514
519	516
519	517
522	519
522	1475
1476	1475
1476	520
410	522
410	1477
1479	1477
1479	1478
1480	1478
1480	523
525	523
525	1481
1482	1481
1482	521
526	529
530	525
413	530
413	531
529	534
535	531
538	535
538	1483
1485	1483
1485	1484
1486	1484
1486	536
419	538
419	1487
1488	1487
1488	539
541	539
541	537
544	541
544	1489
1493	1489
1493	1490
1494	1490
1494	1491
1495	1491
1495	1492
1496	1492
1496	542
1497	544
1497	545
1499	1497
1499	1498
547	1499
547	1500
1501	547
1501	548
1503	1501
1503	1502
550	1503
550	1504
1506	550
1506	1505
1507	1505
1507	551
1509	1506
1509	1507
1510	1507
1510	1508
422	1509
422	1510
1512	1510
1512	1511
553	551
553	549
556	553
556	1513
1514	1513
1514	554
1515	556
1515	557
559	1515
559	1516
440	559
440	1517
1519	1517
1519	1518
1520	1518
1520	560
562	560
562	1521
1523	1521
1523	1522
1524	1522
1524	558
1526	562
1526	1525
1527	1525
1527	563
1529	1526
1529	1527
1530	1527
1530	1528
565	1529
565	1530
1532	1530
1532	1531
568	565
568	1533
1535	1533
1535	1534
1536	1534
1536	566
467	568
467	1537
1538	1537
1538	569
555	569
555	1539
1540	1539
1540	567
561	566
561	1541
1543	1541
1543	1542
1544	1542
1544	564
1546	554
1546	1545
1547	1545
1547	552
571	1546
571	1547
1549	1547
1549	1548
473	571
473	1550
1551	1550
1551	572
574	572
574	570
479	574
479	1552
1554	1552
1554	1553
1555	1553
1555	575
577	575
577	1556
1558	1556
1558	1557
1559	1557
1559	573
580	577
580	1560
1562	1560
1562	1561
1563	1561
1563	578
583	580
583	1564
1565	1564
1565	581
1567	583
1567	1566
1568	1566
1568	584
586	1567
586	1568
1570	1568
1570	1569
589	586
589	1571
1572	1571
1572	587
1573	589
1573	590
1575	1573
1575	1574
1577	1575
1577	1576
485	1577
485	1578
500	590
500	1579
1580	1579
1580	588
592	587
592	585
595	592
595	1581
1582	1581
1582	593
1583	595
1583	596
503	1583
503	1584
598	596
598	594
506	598
506	599
601	599
601	1585
1586	1585
1586	597
604	601
604	1587
1588	1587
1588	602
1589	604
1589	605
509	1589
509	1590
607	605
607	1591
1592	1591
1592	603
610	607
610	1593
1594	1593
1594	608
613	610
613	611
512	613
512	614
1595	614
1595	612
616	1595
616	1596
619	616
619	1597
1598	1597
1598	617
515	619
515	620
622	620
622	1599
1601	1599
1601	1600
1602	1600
1602	618
518	622
518	1603
1604	1603
1604	623
524	623
524	1605
1608	1605
1608	1606
1609	1606
1609	1607
1610	1607
1610	621
1612	617
1612	1611
1613	1611
1613	615
625	1612
625	1613
1615	1613
1615	1614
628	625
628	626
631	628
631	629
1616	631
1616	632
1618	1616
1618	1617
1620	1618
1620	1619
1622	1620
1622	1621
1624	1622
1624	1623
1626	1624
1626	1625
1628	1626
1628	1627
1630	1628
1630	1629
634	1630
634	1631
637	634
637	635
640	637
640	638
1633	640
1633	1632
1634	1632
1634	641
643	1633
643	1634
1636	1634
1636	1635
646	643
646	1637
1639	1637
1639	1638
1640	1638
1640	644
649	646
649	1641
1642	1641
1642	647
543	649
543	1643
1646	1643
1646	1644
1647	1644
1647	1645
1648	1645
1648	650
652	650
652	1649
1651	1649
1651	1650
1652	1650
1652	648
579	652
579	1653
1655	1653
1655	1654
1656	1654
1656	653
645	653
645	651
655	644
655	1657
1658	1657
1658	642
658	655
658	656
582	658
582	659
661	659
661	1659
1660	1659
1660	657
591	661
591	1661
1662	1661
1662	662
664	662
664	660
1663	664
1663	665
1665	1663
1665	1664
1667	1665
1667	1666
667	1667
667	1668
1670	667
1670	1669
1671	1669
1671	668
600	1670
600	1671
1673	1671
1673	1672
670	668
670	1674
1675	1674
1675	666
673	670
673	671
1676	673
1676	674
1678	1676
1678	1677
1680	1678
1680	1679
606	1680
606	1681
1682	674
1682	672
1684	1682
1684	1683
676	1684
676	1685
679	676
679	677
682	679
682	1686
1687	1686
1687	680
609	682
609	683
1688	683
1688	681
1690	1688
1690	1689
685	1690
685	1691
624	685
624	686
688	686
688	1692
1693	1692
1693	684
691	688
691	689
694	691
694	692
697	694
697	695
1694	697
1694	698
627	1694
627	1695
1696	698
1696	696
1698	1696
1698	1697
700	1698
700	1699
703	700
703	701
630	703
630	704
706	704
706	1700
1701	1700
1701	702
1703	706
1703	1702
1704	1702
1704	707
1706	1703
1706	1704
1707	1704
1707	1705
1709	1706
1709	1707
1710	1707
1710	1708
709	1709
709	1710
1712	1710
1712	1711
712	709
712	1713
1714	1713
1714	710
1715	712
1715	713
633	1715
633	1716
715	713
715	711
1717	715
1717	716
1719	1717
1719	1718
718	1719
718	1720
1721	718
1721	719
636	1721
636	1722
721	719
721	717
724	721
724	722
727	724
727	725
730	727
730	1723
1724	1723
1724	728
733	730
733	1725
1726	1725
1726	731
736	733
736	1727
1729	1727
1729	1728
1730	1728
1730	734
639	736
639	1731
1733	1731
1733	1732
1734	1732
1734	737
1735	737
1735	735
654	1735
654	1736
739	734
739	732
1737	739
1737	740
1739	1737
1739	1738
663	1739
663	1740
1742	740
1742	1741
1743	1741
1743	738
669	1742
669	1743
1745	1743
1745	1744
1746	731
1746	729
742	1746
742	1747
1749	742
1749	1748
1750	1748
1750	743
1752	1749
1752	1750
1753	1750
1753	1751
745	1752
745	1753
1755	1753
1755	1754
675	745
675	746
748	746
748	1756
1757	1756
1757	744
678	748
678	749
687	749
687	1758
1759	1758
1759	747
1761	743
1761	1760
1762	1760
1762	741
726	1761
726	1762
1764	1762
1764	1763
1765	725
1765	723
1767	1765
1767	1766
1769	1767
1769	1768
1771	1769
1771	1770
1773	1771
1773	1772
1775	1773
1775	1774
1777	1775
1777	1776
1779	1777
1779	1778
690	1779
690	1780
751	722
751	720
1781	751
1781	752
1783	1781
1783	1782
1785	1783
1785	1784
1787	1785
1787	1786
1789	1787
1789	1788
1791	1789
1791	1790
1793	1791
1793	1792
754	1793
754	1794
693	754
693	755
1795	755
1795	753
757	1795
757	1796
760	757
760	758
1797	760
1797	761
1799	1797
1799	1798
1801	1799
1801	1800
699	1801
699	1802
1803	761
1803	759
1805	1803
1805	1804
1807	1805
1807	1806
1809	1807
1809	1808
1811	1809
1811	1810
763	1811
763	1812
1813	763
1813	764
1815	1813
1815	1814
1817	1815
1817	1816
714	1817
714	1818
766	764
766	762
1819	766
1819	767
750	1819
750	1820
1822	767
1822	1821
1823	1821
1823	765
1825	1822
1825	1823
1826	1823
1826	1824
756	1825
756	1826
1828	1826
1828	1827
1829	710
1829	708
1831	1829
1831	1830
1833	1831
1833	1832
1835	1833
1835	1834
1837	1835
1837	1836
705	1837
705	1838
546	578
546	576
534	542
534	1839
1842	1839
1842	1840
1843	1840
1843	1841
1844	1841
1844	540
326	337
326	335
1845	292
1845	290
275	1845
275	1846
260	268
260	266
143	154
143	1847
1849	1847
1849	1848
1850	1848
1850	152
1851	80
1851	78
72	1851
72	1852
51	56
51	1853
1854	1853
1854	54
1855	8
1855	6
1857	1855
1857	1856
1859	1857
1859	1858
3	1859
3	1860
1861	768
1861	769
1863	1861
1863	1862
1865	1863
1865	1864
1867	1865
1867	1866
1869	1867
1869	1868
768	1869
768	1870
0	2
772	2
3	5
3	774
773	774
6	8
778	8
778	779
9	11
783	11
12	14
15	17
18	856
19	856
21	865
808	865
21	808
24	26
809	26
809	810
27	898
814	898
814	29
30	32
33	819
34	819
36	921
820	921
821	921
822	921
820	821
39	925
824	925
823	925
823	41
42	927
827	927
828	927
42	827
45	954
834	954
1878	954
1878	955
1878	47
1878	46
1878	833
48	961
1879	961
836	961
1879	836
1879	835
48	835
51	1854
838	1854
837	1854
837	53
837	839
54	1853
841	1853
842	1853
54	841
840	841
57	59
844	59
844	846
843	846
843	845
60	62
60	851
60	850
848	850
848	849
847	849
63	857
854	857
853	857
853	65
853	855
852	855
66	999
861	999
862	999
861	862
69	866
863	866
1880	866
1880	71
1880	864
1880	70
72	74
867	74
867	868
75	877
872	877
76	877
78	80
78	880
878	880
878	879
81	83
81	884
882	884
882	883
881	883
84	86
886	86
886	888
885	888
885	887
87	1018
890	1018
890	1019
889	1019
889	89
90	92
90	891
93	1021
94	1021
899	1021
96	1031
900	1031
97	1031
99	1033
100	1033
907	1033
102	104
908	104
908	909
105	918
913	918
106	918
108	110
108	920
919	920
111	926
112	926
924	926
114	116
117	119
120	1056
942	1056
943	1056
943	1057
944	1057
944	1058
120	942
123	1068
947	1068
1882	1068
1882	125
1882	949
1881	949
1881	948
945	948
1881	945
1881	946
1881	947
1884	1883
126	957
951	957
1885	957
1885	956
1884	956
1884	128
1884	953
1883	953
1883	952
950	952
1883	950
1883	951
129	963
959	963
1886	963
1886	962
1887	962
1887	131
1887	960
1886	960
1886	130
1886	958
1888	1891
1889	1888
1890	1889
1892	1891
132	1075
1888	1075
1891	1075
1891	1076
1893	1076
1893	134
1893	136
1893	1871
1892	1871
1890	1871
1890	135
1890	966
964	966
1890	964
1889	964
1889	965
1888	965
137	1084
1896	1084
1897	1084
1897	139
1897	970
1897	969
1895	969
1894	969
1894	968
967	968
1894	967
1894	135
1895	135
1895	1871
1897	1871
1897	136
1896	136
1898	1899
1899	1901
1900	1899
1900	1902
140	1093
1901	1093
1902	1093
1902	1094
1903	1094
1903	142
1903	976
1900	976
1900	975
1898	975
1898	974
971	974
1898	971
1899	971
1899	972
1901	972
1901	973
143	1849
979	1849
978	1849
978	1850
977	1850
977	145
146	148
146	980
149	151
981	151
152	1848
982	1848
983	1848
983	1847
984	1847
152	982
155	1107
992	1107
1905	1107
1905	1108
1904	1108
1904	157
1904	993
990	993
1904	990
1904	991
1905	991
158	160
994	160
994	995
161	1120
162	1120
1002	1120
164	1133
1003	1133
1003	166
167	169
170	172
173	1140
174	1140
1008	1140
176	178
176	1010
1009	1010
179	181
1011	181
182	184
185	1023
1012	1023
1013	1023
1013	1022
185	1012
188	1020
1015	1020
1906	1020
1906	190
1906	1017
1907	1017
1907	1016
1014	1016
1907	1014
1907	1015
191	1179
1025	1179
1909	1179
1909	1180
1908	1180
1908	193
1908	1026
1908	192
1908	1024
1909	1024
194	196
1027	196
197	199
200	202
203	1032
1030	1032
203	1030
206	1036
207	1036
209	211
1037	211
212	1044
213	1044
215	217
215	1046
1045	1046
218	220
1050	220
1050	1051
221	1060
1053	1060
1054	1060
1054	1059
1055	1059
221	1053
1052	1053
224	1247
1062	1247
1061	1247
1061	226
227	1251
1063	1251
227	1063
230	232
1064	232
1064	1065
233	1070
1066	1070
1066	1069
1067	1069
1066	1067
236	238
1072	238
1072	1074
1071	1074
1071	1073
239	1085
240	1085
1083	1085
242	244
1086	244
245	247
248	1096
1091	1096
1092	1096
1092	1095
248	1091
251	1288
1098	1288
1097	1288
1099	1288
1097	1099
254	256
1100	256
257	259
257	1103
260	262
1104	262
263	1110
1910	1110
1105	1110
1105	1109
1106	1109
1910	1105
1910	264
266	268
266	1115
1112	1115
1112	1114
1111	1114
1111	1113
269	1121
1118	1121
1117	1121
1117	271
1117	1119
1116	1119
272	1316
1125	1316
1911	1316
1911	274
1911	1126
1911	273
275	277
1127	277
1127	1128
278	1142
1129	1142
1129	1141
1130	1141
1129	1130
281	1134
1131	1134
1912	1134
1912	283
1912	1132
1912	282
284	1136
1135	1136
285	1136
287	1152
1144	1152
1143	1152
1143	1151
288	1151
290	292
290	1156
1154	1156
1154	1155
1153	1155
293	295
293	1161
1158	1161
1158	1160
1157	1160
1157	1159
296	298
1164	298
1164	1166
1163	1166
1163	1165
1162	1165
299	1336
1168	1336
1167	1336
1167	301
302	304
305	307
305	1171
308	310
1172	310
311	1182
1173	1182
1174	1182
1174	1181
311	1173
314	1192
1184	1192
1183	1192
1183	1191
315	1191
317	1346
1194	1346
1913	1346
1196	1346
1913	1196
1913	1195
1193	1195
1913	1193
320	1357
1198	1357
1197	1357
1197	1358
321	1358
323	1371
324	1371
1205	1371
326	328
1206	328
329	331
332	334
335	337
338	1223
339	1223
341	1378
1914	1378
1229	1378
1229	1379
1230	1379
1914	1229
1914	1228
1227	1228
1914	1227
344	346
1233	346
1233	1235
1232	1235
1232	1234
1231	1234
347	349
347	1239
1237	1239
1237	1238
1236	1238
350	352
1241	352
1241	1243
1240	1243
1240	1242
353	1246
1245	1246
1244	1246
1244	355
356	1253
357	1253
1250	1253
1250	1252
359	1399
1255	1399
1254	1399
1256	1399
1254	1256
362	364
1260	364
365	367
368	370
371	373
371	1277
374	376
1278	376
377	379
380	1429
1281	1429
380	1281
383	385
383	1283
1282	1283
386	388
1284	388
1284	1285
389	1289
1915	1289
1287	1289
1915	1287
1286	1287
1915	1286
392	1441
1292	1441
392	1292
392	1291
1290	1291
395	1297
1294	1297
1294	1296
1293	1296
1293	1295
396	1295
398	1303
1300	1303
1299	1303
1299	1302
1298	1302
1298	1301
399	1301
401	1460
1306	1460
1305	1460
1916	1460
1916	403
1916	1307
1304	1307
1916	1304
404	406
1308	406
1308	1309
407	1464
408	1464
1319	1464
1319	1465
1320	1465
1320	1466
1321	1466
410	1479
1324	1479
1323	1479
1323	1480
1322	1480
1322	412
413	415
416	418
419	1488
420	1488
1331	1488
422	1512
1332	1512
1332	424
425	427
428	1338
429	1338
1335	1338
1335	1337
431	1348
1340	1348
1917	1348
1917	1347
1917	433
1917	1341
1339	1341
1917	1339
434	1343
1342	1343
1342	436
437	1345
1344	1345
438	1345
440	1519
1350	1519
1349	1519
1349	1520
441	1520
443	1360
444	1360
1355	1360
1355	1359
1356	1359
446	1373
1366	1373
1918	1373
1918	1372
1365	1372
1367	1372
1365	1367
1918	1365
449	451
1375	451
1375	1377
1374	1377
1374	1376
452	1413
453	1413
1384	1413
1384	1412
455	1392
1388	1392
1388	1391
1389	1391
1388	1389
458	460
1390	460
461	463
1394	463
1394	1395
1393	1395
464	466
467	1538
1415	1538
1414	1538
1414	469
470	472
473	1551
474	1551
1426	1551
476	478
476	1428
1427	1428
479	1554
480	1554
1430	1554
1430	1555
1431	1555
482	1434
1433	1434
1432	1434
1432	484
485	487
1435	487
1435	1436
488	1438
1437	1438
489	1438
491	493
491	1440
1439	1440
494	496
494	1448
497	1463
1455	1463
1919	1463
1919	1462
1919	1461
1456	1461
1919	1456
1919	498
500	1580
501	1580
503	505
506	508
506	1467
509	511
1468	511
512	514
512	1473
515	517
1474	517
518	1604
519	1604
1475	1604
521	1481
1478	1481
521	1478
521	1477
1476	1477
524	1608
1873	1608
1874	1608
1874	1609
1874	1610
771	1610
1875	1610
528	1610
524	1873
524	770
1482	770
1482	1872
1482	527
529	533
529	1877
528	1877
1875	1877
1920	1921
1922	1921
534	1842
1877	1842
771	1842
1924	1842
1924	1843
1923	1843
1923	1844
1922	1844
1922	536
1922	1484
1920	1484
1920	1483
770	1483
1876	1483
1876	535
1920	770
1921	770
1921	1873
1921	1874
1923	1874
1924	1874
534	1877
537	539
1486	539
1486	1487
1485	1487
540	1841
1489	1841
1490	1841
1490	1840
1491	1840
1491	1839
1492	1839
540	1489
543	1646
1496	1646
1495	1646
1495	1647
1494	1647
1494	1648
1493	1648
1493	545
546	548
549	551
549	1505
552	1545
553	1545
1513	1545
555	1540
1514	1540
556	1540
558	1522
1517	1522
1518	1522
1518	1521
558	1517
561	1543
1524	1543
1523	1543
1523	1544
562	1544
1525	1544
564	1542
1532	1542
565	1542
1533	1542
1533	1541
1534	1541
567	1539
1536	1539
1925	1539
1537	1539
1925	1537
1535	1537
1925	1535
570	572
1549	572
1549	1550
573	1557
1552	1557
1553	1557
1553	1556
573	1552
576	578
576	1561
1559	1561
1559	1560
1558	1560
579	1655
1563	1655
1926	1655
1926	1656
1926	581
1926	1564
1926	580
1926	1562
582	584
582	1566
1565	1566
585	587
1570	587
1570	1571
588	1579
1572	1579
1572	590
591	1662
592	1662
1581	1662
594	596
1582	596
597	1585
598	1585
600	1673
1586	1673
1587	1673
1586	1587
603	1591
1588	1591
1588	605
606	608
1592	608
1592	1593
609	611
1594	611
612	614
615	1611
1597	1611
615	1597
618	1600
1598	1600
1598	1599
619	1599
621	1607
1602	1607
1601	1607
1601	1606
1927	1606
1927	1605
1603	1605
1927	1603
1927	622
624	626
1615	626
627	629
630	632
633	635
636	638
639	1733
640	1733
1632	1733
1632	1734
642	1657
1928	1657
1638	1657
1928	1638
1928	1637
1636	1637
1928	1636
645	647
1640	647
1640	1641
1639	1641
648	1650
1929	1650
1929	1649
1645	1649
1929	1645
1929	1644
1929	1643
1642	1643
1929	1642
651	653
651	1654
1652	1654
1652	1653
1651	1653
654	656
1658	656
657	1659
658	1659
660	662
660	1661
1660	1661
663	665
666	1674
667	1674
1669	1674
669	1745
1675	1745
1675	671
672	674
675	677
678	680
678	1686
681	683
1687	683
684	1692
685	1692
687	1759
1693	1759
688	1759
690	692
693	695
696	698
699	701
702	1700
703	1700
705	707
1701	707
1701	1702
708	710
708	1713
1712	1713
711	713
1714	713
714	716
717	719
720	722
723	725
726	1764
727	1764
1723	1764
729	731
1724	731
1724	1725
732	734
732	1728
1726	1728
1726	1727
735	737
735	1732
1730	1732
1730	1731
1729	1731
738	1741
739	1741
741	1760
1748	1760
741	1748
744	1756
1755	1756
1755	746
747	1758
1757	1758
748	1758
750	752
753	755
756	1828
757	1828
759	761
762	764
765	1821
766	1821
531	530
532	530
1876	530
1876	527
1876	1872
0	4
1932	1930
1933	1930
1934	1930
1935	1930
1933	1934
1936	1934
790	1934
788	1934
788	1935
786	1935
13	1935
13	1931
784	1931
10	1931
780	1931
780	1930
780	1932
7	1932
7	1933
775	1933
775	1936
792	1936
775	792
8	1855
815	1855
31	1855
28	1855
811	1855
811	1857
25	1857
25	1859
22	1859
806	1859
806	3
806	1
806	17
8	815
782	815
782	817
9	817
5	1860
1937	1860
1937	1858
1937	1856
1937	6
1937	777
1942	1939
1939	1940
1943	1940
1942	1943
1945	1943
1943	1944
1946	1944
43	1944
825	1944
825	1940
795	1940
797	1940
797	1939
799	1939
799	1942
1941	1942
1941	1945
52	1945
52	1946
49	1946
829	1946
49	829
1941	52
1941	55
801	55
803	55
803	58
803	61
805	61
805	64
805	18
1941	801
825	795
825	12
40	12
1938	12
1938	785
35	785
1938	35
1938	37
1951	1947
1947	1948
1952	1948
1948	1949
1953	1949
1950	1949
789	1949
789	1948
791	1948
791	1947
793	1947
16	1947
16	1951
804	1951
802	1951
802	1952
800	1952
800	1953
798	1953
798	1950
796	1950
794	1950
787	1950
794	787
793	16
70	21
67	21
858	21
858	807
858	20
76	873
869	873
869	875
1954	875
1954	24
1954	23
1954	71
1954	73
1955	1956
1957	1956
1958	1956
874	1956
876	1956
813	1956
27	1956
895	1956
895	1955
892	1955
892	1957
91	1957
88	1957
85	1957
82	1957
82	1958
79	1958
77	1958
876	813
106	914
1959	914
1960	914
1960	916
1961	916
1961	30
1961	29
1961	897
903	897
903	894
901	894
901	92
97	92
1961	903
1960	903
1960	905
1959	905
910	905
103	905
1959	910
36	33
109	33
107	33
1962	33
1962	818
1962	816
917	816
1962	917
1962	915
112	39
922	39
922	38
113	42
113	826
1964	1963
1966	1963
1964	1965
1968	1965
1966	1964
1970	1964
1967	1964
1967	1968
928	1968
118	1968
118	1969
115	1969
104	1969
912	1969
912	1965
105	1965
105	1963
108	1963
108	1966
923	1966
923	1970
1971	1970
932	1970
930	1970
930	1967
1971	932
1971	934
1972	934
1972	936
1973	936
1973	938
1974	938
1974	940
1975	940
1975	121
1975	124
1975	127
1975	45
1975	832
1975	44
1974	44
1973	44
1973	111
1972	111
1972	923
130	48
130	47
1977	1976
1977	1978
1980	1978
1978	1979
1981	1979
138	1979
133	1979
50	1979
51	1979
51	1978
51	1976
56	1976
57	1976
150	1976
150	1977
147	1977
147	1980
144	1980
141	1980
141	1981
133	50
151	60
1982	1983
1986	1983
1983	1984
1987	1984
1988	1984
1984	1985
1990	1986
1986	1987
1991	1987
1987	1988
1992	1988
1988	1989
1990	1991
1994	1991
1991	1992
1992	1993
1995	1993
1996	1993
148	1993
149	1993
149	1989
149	1985
62	1985
63	1985
63	1984
860	1984
860	1983
860	1982
66	1982
996	1982
996	1986
159	1986
159	1990
156	1990
156	1994
985	1994
985	1995
985	1996
153	1996
1999	1997
1998	1999
2001	1999
1000	1999
1000	2000
160	2000
998	2000
998	1997
72	1997
1851	1997
1851	1999
1851	1998
171	1998
171	2001
168	2001
165	2001
165	1000
1851	171
1851	1004
80	1004
998	72
68	72
78	75
1852	75
1852	871
2002	2003
2004	2003
1006	2003
1005	2003
83	2003
83	2002
84	2002
183	2002
183	2004
180	2004
177	2004
174	2004
1006	1005
189	87
186	87
184	87
93	90
93	89
204	96
1028	96
198	96
195	96
195	95
192	95
192	188
204	1028
205	99
2005	99
2005	906
2006	906
2006	904
2006	902
2006	98
2006	205
114	102
1034	102
1034	101
202	101
1034	202
213	1042
1040	1042
1040	117
2007	117
2007	116
2007	1035
1038	1035
210	1035
2007	1038
2012	2008
2013	2011
2011	2012
2014	2012
2012	2010
2016	2013
2013	2014
2018	2016
2016	2017
2019	2017
219	2017
1047	2017
2015	2017
1047	2015
216	2015
216	2010
214	2010
2009	2010
2009	2008
929	2008
931	2008
933	2008
933	2012
933	2011
935	2011
935	2013
937	2013
939	2013
939	2016
939	2018
941	2018
120	2018
222	2018
222	2019
2009	929
2009	119
2009	1043
223	225
234	123
234	122
231	122
231	223
129	126
237	126
235	126
129	237
240	137
1081	137
1079	137
1079	134
1077	134
249	140
2020	140
241	140
2020	241
2020	243
2020	1087
1089	1087
2020	1089
2023	2021
2021	2022
2024	2022
2024	2025
2026	2025
250	2025
142	2025
143	2025
143	2022
154	2022
989	2022
989	2021
261	2021
261	2023
258	2023
1101	2023
2026	2023
1101	2026
255	2026
252	2026
989	261
155	261
152	146
270	161
270	1001
2027	1001
2027	158
265	158
2027	265
2027	267
163	271
282	164
1122	164
282	1122
276	1122
282	276
285	167
283	167
173	1007
2028	1007
2028	170
2028	169
2028	286
2028	1137
288	1145
2031	1145
2031	1147
2029	1147
2029	1149
175	1149
2029	175
2029	1139
2030	1139
2030	284
2030	281
2030	280
2031	280
2030	2031
297	300
2035	2032
2032	2033
2034	2035
2037	2035
2035	2036
2038	2036
1146	2036
1148	2036
1148	2033
1150	2033
179	2033
309	2033
309	2032
306	2032
2034	2032
306	2034
303	2034
1169	2034
1169	2037
297	2037
294	2037
294	2038
291	2038
289	2038
1150	179
185	182
191	182
1175	182
312	182
312	181
315	1185
313	1185
313	1187
2039	1187
2039	1189
2039	194
2039	193
2039	1178
324	327
2040	2041
2042	2041
1188	2041
1190	2041
1211	2041
1209	2041
1209	2040
1207	2040
1203	2040
1203	2042
1201	2042
1201	1188
1201	1186
1199	1186
1199	316
1199	318
1207	1203
330	1203
1190	1211
1190	197
2043	2044
2045	2044
1210	2044
1212	2044
1029	2044
200	2044
200	2043
206	2043
209	2043
333	2043
333	2045
1213	2045
1208	2045
1213	1208
1212	1029
2046	2047
2048	2047
2049	2047
211	2047
1039	2047
1041	2047
1041	2046
212	2046
1221	2046
1219	2046
1219	2048
1217	2048
1215	2048
1215	2049
334	2049
1217	1215
1217	336
212	1221
2054	2051
2051	2050
2055	2050
2052	2050
2052	2053
2058	2054
2054	2055
2055	2052
2059	2052
2056	2052
2056	2057
2060	2057
2059	2056
2059	2060
351	2060
348	2060
348	2061
345	2061
342	2061
1224	2061
1224	2057
340	2057
1218	2057
1218	2053
1220	2053
1220	2050
1222	2050
1222	2051
217	2051
1049	2051
1049	2054
218	2054
218	2058
354	2058
351	2058
224	221
355	224
357	227
1248	227
353	227
1248	353
2062	2063
2064	2063
2065	2063
358	2063
229	2063
230	2063
230	2062
1265	2062
1263	2062
1263	2064
1261	2064
366	2064
363	2064
363	2065
1257	2065
360	2065
2068	2067
2069	2067
1264	2067
2066	2067
1080	2067
1082	2067
1082	2068
369	2068
1271	2068
1269	2068
1269	2069
1267	2069
1262	2069
1267	1262
1082	369
1082	242
2066	1080
2066	1078
1266	1078
232	1078
233	1078
2066	1266
378	245
2070	245
2070	1088
1273	1088
370	1088
2070	1273
2070	1275
1279	1275
1279	372
2070	1279
251	248
251	1090
390	1090
387	1090
387	247
384	247
384	379
396	254
393	254
393	253
399	257
399	1102
397	1102
2075	2071
2071	2072
2076	2072
2072	2073
2077	2073
2079	2074
2074	2075
2080	2075
2075	2076
2081	2076
2076	2077
2082	2077
2077	2078
2083	2078
2080	2081
2085	2081
2081	2082
2086	2082
2082	2083
2083	2084
2087	2084
400	2084
259	2084
259	2078
260	2078
260	2073
268	2073
268	2072
268	2071
269	2071
1124	2071
1124	2075
1124	2074
272	2074
272	2079
1313	2079
1310	2079
1310	2080
1310	2085
405	2085
405	2086
402	2086
402	2087
266	263
2090	2091
2092	2091
1317	2091
1312	2091
2088	2091
2088	2090
1845	2090
2089	2090
2089	2092
417	2092
414	2092
1325	2092
1325	1317
1325	408
2089	417
2089	1327
1845	1327
292	1327
2088	1845
2088	275
1315	275
2088	1315
1317	1312
287	278
1846	278
287	1846
426	296
2093	296
2093	295
2093	1328
1329	1328
2093	1329
423	1329
2093	423
2093	1333
299	298
429	299
435	302
435	1170
432	1170
430	1170
438	305
438	304
311	308
314	308
314	307
317	307
444	320
1353	320
2094	320
2094	319
2094	437
2094	434
2094	433
1351	433
2094	1351
447	1368
2096	1368
2095	1368
2095	323
2095	1204
2095	1202
2096	1202
2096	1200
445	1200
2096	445
2096	1361
326	325
337	326
2097	326
2097	1370
2098	1370
2098	448
2098	450
1226	450
2098	1226
2098	338
2097	338
332	1214
1216	1214
1216	329
335	329
459	344
2099	344
2099	343
2099	451
2099	1380
2101	1380
2101	1382
1385	1382
2101	1385
2100	1385
2100	456
2100	459
2100	2099
460	347
356	1249
2103	1249
2103	350
2102	350
2102	349
2102	458
2102	457
2102	462
2103	462
2103	1396
2103	359
465	1410
2107	1410
2105	1410
2105	362
2105	1259
2106	1259
2104	1259
2104	361
2104	1398
1400	1398
2104	1400
2104	1402
2106	1402
2106	1404
2106	1406
2105	1406
2107	1406
2107	1408
368	1272
1274	1272
2108	1272
2108	1270
2108	1268
1411	1268
1411	365
2108	1411
2108	466
1276	466
2108	1276
2109	2110
2112	2110
2111	2109
2111	2112
2115	2112
2112	2113
2116	2113
2114	2115
2114	2111
2115	2116
2121	2116
2116	2117
2122	2117
2117	2118
2126	2119
2119	2120
2120	2121
2120	2115
2121	2122
2128	2122
2122	2123
2124	2125
2131	2125
2125	2126
2132	2126
2126	2127
2127	2128
2127	2121
2128	2129
2131	2132
2132	2133
2133	2134
2133	2128
2135	2134
1422	2134
1420	2134
1420	2129
1418	2129
1418	2123
1416	2123
1416	2118
468	2118
454	2118
2113	2118
454	2113
1387	2113
1387	2110
455	2110
461	2110
461	2109
1401	2109
1401	2111
1401	2114
1403	2114
1403	2120
1403	2119
1405	2119
1407	2119
1407	2126
1407	2125
1409	2125
1409	2124
464	2124
373	2124
2130	2124
2130	2131
1424	2131
1424	2135
2130	1424
2130	471
2130	374
380	377
477	377
477	1280
472	1280
477	472
483	383
483	382
480	382
489	386
486	386
486	385
392	389
492	389
492	388
2140	2136
2141	2136
2136	2137
2142	2137
2137	2138
2144	2139
2139	2140
2145	2140
2140	2141
2146	2141
2141	2142
2147	2142
1444	2142
1444	2143
1442	2143
1442	2138
493	2138
394	2138
395	2138
395	2137
395	2136
398	2136
398	2140
401	2140
401	2139
1457	2139
1457	2144
1452	2144
1449	2144
1449	2145
495	2145
495	2146
1446	2146
1446	2147
1457	1452
407	1318
499	1318
1459	1318
1459	404
522	410
516	410
516	409
513	409
513	497
513	1454
1471	1454
1469	1454
1469	1451
510	1451
510	496
507	496
504	496
522	516
530	413
530	1326
525	1326
523	1326
419	1330
2148	1330
2148	416
2149	416
2149	415
2149	531
2148	531
2148	535
2148	538
2154	2150
2150	2151
2155	2151
2151	2152
2156	2152
544	2152
2153	2152
422	2152
1509	2152
1509	2151
1506	2151
1506	2150
550	2150
1503	2150
1503	2154
1501	2154
547	2154
1499	2154
1499	2155
1497	2155
1497	2156
2153	422
2153	421
541	421
2153	541
428	425
431	425
440	425
440	1334
559	1334
1515	1334
1511	1334
1515	1511
1515	1508
556	1508
556	551
2158	2157
2159	2157
446	2157
449	2157
1381	2157
1381	2158
1383	2158
1529	2158
1529	2159
1526	2159
2160	2159
1364	2159
2160	1364
2161	1364
2161	443
2161	1354
2162	1354
2162	1352
2163	1352
2163	442
2163	560
2163	562
2163	1526
2162	1526
2161	1526
1383	1529
452	1529
467	1529
568	1529
473	470
473	1425
571	1425
571	1423
1546	1423
1546	1421
2165	1421
2165	1419
2165	1417
2164	1417
2164	469
2164	569
2164	555
2164	554
2165	554
479	476
479	475
574	475
2168	2166
2172	2167
2167	2168
2173	2168
2168	2169
2174	2169
2169	2170
2172	2173
2176	2173
2173	2174
2177	2174
2174	2175
2178	2175
2171	2175
2171	2170
575	2170
481	2170
481	2169
481	2166
482	2166
485	2166
1577	2166
1577	2168
1577	2167
1575	2167
1573	2167
1573	2172
589	2172
589	2176
586	2176
586	2177
1567	2177
1567	2178
583	2178
583	2171
577	2171
583	577
491	488
1578	488
491	1578
1443	1578
1443	1576
1445	1576
1445	1574
1447	1574
1447	590
1447	500
595	1583
588	1583
502	1583
595	588
595	587
598	506
598	505
598	1584
604	1589
2179	1589
2179	509
2180	509
2180	508
2180	599
2180	601
2179	601
613	512
2181	512
2181	1472
2181	1470
2182	1470
1590	1470
2182	1590
607	1590
2182	607
2182	610
2182	613
619	515
616	515
1595	515
1595	514
622	518
620	518
524	521
524	520
2186	2184
2186	2187
2189	2187
2187	2188
2189	2190
2191	2190
1612	2190
617	2190
617	2188
618	2188
529	2188
2184	2188
529	2184
534	2184
2183	2184
1620	2184
1618	2184
1618	2186
1616	2186
1616	2189
631	2189
631	2191
628	2191
625	2191
2183	1620
2183	1622
2185	1622
2185	1624
543	1624
543	1626
649	1626
649	1628
2192	1628
2192	1630
2193	1630
2193	634
2193	637
1633	637
2193	1633
2193	643
2192	643
2192	646
2185	543
2185	542
2183	542
618	529
621	529
540	537
578	546
579	546
2194	546
2194	1500
2194	1498
650	1498
2194	650
2194	652
552	549
552	1504
1548	1504
1548	1502
570	1502
570	548
573	548
561	558
561	1516
566	1516
566	557
563	564
2196	564
2196	1531
2195	1531
2195	1528
2195	563
658	582
2197	582
2197	581
2198	581
2198	653
2198	645
2198	644
2198	655
2197	655
591	585
591	1569
661	1569
661	584
597	594
2199	594
2200	594
2200	593
2201	593
2201	662
1663	662
2201	1663
2201	1665
2200	1665
2202	1665
2202	1667
2202	667
2202	1670
2199	1670
2199	600
2202	2199
2203	2204
2205	2204
2205	2206
2207	2206
668	2206
1672	2206
1672	2204
602	2204
603	2204
603	2203
1680	2203
1678	2203
1678	2205
1676	2205
1676	2207
673	2207
670	2207
603	1680
2209	2210
2211	2210
2211	2212
2213	2212
1677	2212
1679	2212
1679	2210
1681	2210
2208	2210
2208	2209
682	2209
679	2209
676	2209
676	2211
1684	2211
1684	2213
1682	2213
674	2213
2208	682
2208	609
1681	609
615	1596
2214	1596
1690	1596
2215	1596
2215	612
1688	612
1688	611
2215	1688
2214	1690
2214	685
2214	624
2214	1614
697	1694
2216	1694
626	1694
2216	626
2216	686
691	686
2216	691
2216	694
703	630
700	630
2217	630
2217	629
2217	1695
1696	1695
2217	1696
2217	1698
712	1715
2224	1715
1631	1715
2224	1631
2224	1629
2223	1629
2223	1627
2221	1627
2221	1625
2222	1625
2218	1625
2218	1623
2219	1623
2219	1621
2220	1621
2220	1619
2220	1617
704	1617
2220	704
2220	706
2220	1703
2219	1703
2219	1706
2218	1706
2222	1706
2222	1709
2223	1709
2223	709
2224	709
2222	2223
718	1721
1719	1721
635	1721
1719	635
1717	635
1717	1716
715	1716
736	639
736	638
736	1722
733	1722
730	1722
730	719
730	721
730	724
654	642
654	1635
1735	1635
1735	641
651	648
660	657
663	657
663	656
1739	656
1739	1736
1737	1736
1737	735
1737	734
2230	2226
2226	2227
2227	2228
2228	2229
2228	2225
2230	2231
2231	2229
2230	2232
669	2232
1742	2232
1742	2229
740	2229
1738	2229
1738	2225
1740	2225
665	2225
665	2228
1664	2228
1664	2227
1666	2227
1666	2226
1668	2226
666	2226
666	2230
675	1685
1752	1685
1749	1685
1749	1683
742	1683
742	672
1746	672
1744	672
1746	1744
1746	738
731	738
675	1752
748	678
748	677
684	1691
2233	1691
2233	1689
2233	681
2233	680
2233	749
2233	687
725	1765
726	1765
1761	1765
1761	1767
743	1767
743	1769
743	1771
1751	1771
1751	1773
1754	1773
1754	1775
2234	1775
2234	1777
747	1777
747	1779
689	1779
2234	747
2234	744
2235	2236
2238	2236
2236	2237
2239	2237
2241	2238
2238	2239
2242	2239
2239	2240
2243	2240
2248	2245
2251	2247
2247	2248
2252	2248
2248	2249
2249	2250
2251	2252
2252	2253
2253	2254
2253	2250
2256	2254
768	2254
2255	2254
1783	2254
1783	2250
1781	2250
1781	2249
751	2249
751	2245
722	2245
723	2245
723	2248
1766	2248
1766	2247
1768	2247
1768	2251
1770	2251
2246	2251
1861	2251
1861	2256
2246	1861
2246	1863
1774	1863
2244	1863
2244	1865
2243	1865
2242	1865
2242	1867
2241	1867
1789	1867
1789	1869
1787	1869
2255	1869
1787	2255
1785	2255
2241	1789
2241	1791
2238	1791
2238	1793
2235	1793
2235	754
2235	693
2236	693
2236	692
2237	692
2237	1780
2237	1778
2240	1778
2244	1778
2244	1776
2246	1774
2246	1772
699	1699
1801	1699
2257	1699
2257	1697
2257	696
2257	695
2257	755
2257	1795
1799	1795
1797	1795
760	1795
2257	1799
2262	2263
2264	2262
2264	2265
1815	2265
1813	2265
1811	2265
1811	2263
1809	2263
1831	2263
1829	2263
1829	2262
1829	2264
710	2264
711	2264
714	2264
1817	2264
1809	1831
1807	1831
1807	1833
1807	1835
1805	1835
2259	1835
2259	1837
2260	1837
2258	1837
2258	705
2258	702
2258	701
2258	1802
2260	1802
2260	1800
2261	1800
2261	1798
1803	1798
2261	1803
2259	1803
2261	2259
1813	1811
707	1838
1705	1838
2266	1838
2266	1836
2268	1836
2268	1834
2268	1832
2267	1832
2267	1830
2267	708
2267	1711
2267	1708
2268	1708
2266	1708
720	717
2270	717
2270	1720
2269	1720
2269	1718
1818	1718
2269	1818
2269	1816
2270	1816
2270	1814
1819	1814
1819	764
2270	1819
2270	750
741	1747
1763	1747
728	1747
756	1796
1792	1796
1794	1796
756	1792
2271	1792
2271	1790
2275	1790
2275	1788
2275	1786
2274	1786
2273	1786
2273	1784
2272	1784
2272	1782
1820	1782
2272	1820
2272	767
2273	767
2273	1822
2274	1822
2271	1822
2271	1825
2274	2271
759	758
2278	2276
2277	2278
2278	2279
2280	2279
1827	2279
759	2279
1804	2279
1804	2276
1806	2276
1808	2276
1808	2278
1810	2278
1810	2277
1812	2277
1812	2280
762	2280
765	2280
1824	2280
769	1870
2281	1870
2281	1868
2281	1866
2281	1864
2281	1862
4	772
4	773
773	1
773	3
775	774
775	776
776	5
776	777
7	776
7	778
778	777
778	6
780	779
780	781
781	8
781	782
10	781
10	783
783	782
783	9
784	11
784	785
13	785
13	12
786	14
786	787
788	787
788	789
790	789
790	791
792	791
792	793
0	793
0	2
794	12
794	795
796	795
796	797
798	797
798	799
800	799
800	801
802	801
802	803
804	803
804	805
16	805
16	15
2	17
2	1
19	15
19	18
806	20
806	807
22	807
22	21
25	808
25	809
809	23
809	24
811	810
811	812
812	26
812	813
28	812
28	814
814	813
814	27
31	29
31	30
815	32
815	816
817	816
817	818
34	818
34	33
9	35
9	11
37	819
37	820
820	33
820	36
40	821
40	823
823	822
823	824
824	38
824	39
825	41
825	826
43	826
43	42
829	827
829	830
830	828
830	831
831	44
831	832
46	830
46	833
833	831
833	834
834	832
834	45
49	47
49	48
52	835
52	837
837	836
837	838
838	50
838	51
55	839
55	840
840	53
840	54
58	841
58	843
843	842
843	844
844	56
844	57
61	845
61	847
847	846
847	848
848	59
848	60
64	849
64	852
852	850
852	853
853	851
853	854
854	62
854	63
18	855
18	856
856	65
856	20
858	857
858	859
859	63
859	860
67	859
67	861
861	860
861	66
70	862
70	863
863	68
863	69
21	864
21	865
865	71
865	23
73	866
73	867
867	69
867	72
869	868
869	870
870	74
870	871
76	870
76	872
872	871
872	75
873	77
873	874
875	874
875	876
24	876
24	26
79	877
79	878
878	75
878	78
82	879
82	881
881	880
881	882
882	80
882	81
85	883
85	885
885	884
885	886
886	83
886	84
88	887
88	889
889	888
889	890
890	86
890	87
91	89
91	90
892	891
892	893
893	92
893	894
895	893
895	896
896	894
896	897
27	896
27	898
898	897
898	29
94	90
94	93
97	899
97	900
900	95
900	96
901	98
901	902
903	902
903	904
905	904
905	906
100	906
100	99
103	907
103	908
908	101
908	102
910	909
910	911
911	104
911	912
106	911
106	913
913	912
913	105
914	107
914	915
916	915
916	917
30	917
30	32
109	918
109	919
919	105
919	108
36	920
36	921
921	110
921	38
922	108
922	923
112	923
112	111
39	924
39	925
925	113
925	41
42	926
42	927
927	111
927	44
115	102
115	114
118	116
118	117
928	119
928	929
930	929
930	931
932	931
932	933
934	933
934	935
936	935
936	937
938	937
938	939
940	939
940	941
121	941
121	120
124	942
124	945
945	943
945	946
946	944
946	947
947	122
947	123
127	948
127	950
950	949
950	951
951	125
951	126
45	952
45	954
954	953
954	955
955	128
955	47
130	956
130	958
958	957
958	959
959	126
959	129
48	960
48	961
961	131
961	50
133	962
133	964
964	963
964	965
965	129
965	132
134	136
138	966
138	967
967	135
141	968
141	971
971	969
971	972
972	970
972	973
973	139
973	140
144	974
144	977
977	975
977	978
978	976
978	979
979	142
979	143
147	145
147	146
150	980
150	981
981	148
981	149
57	151
57	59
60	149
60	62
153	146
153	152
985	982
985	986
986	983
986	987
987	984
987	988
988	154
988	989
156	986
156	990
990	987
990	991
991	988
991	992
992	989
992	155
159	993
159	994
994	157
994	158
996	995
996	997
997	160
997	998
66	997
66	999
999	998
999	68
1000	158
1000	1001
162	1001
162	161
165	1002
165	1003
1003	163
1003	164
168	166
168	167
171	169
171	170
1004	172
1004	1005
81	1005
81	83
1006	170
1006	1007
174	1007
174	173
177	1008
177	1009
1009	175
1009	176
180	1010
180	1011
1011	178
1011	179
183	181
183	182
84	184
84	86
186	182
186	185
189	1012
189	1014
1014	1013
1014	1015
1015	187
1015	188
87	1016
87	1018
1018	1017
1018	1019
1019	190
1019	89
93	1020
93	1021
1021	188
1021	95
192	1022
192	1024
1024	1023
1024	1025
1025	185
1025	191
195	1026
195	1027
1027	193
1027	194
198	196
198	197
1028	199
1028	1029
201	1029
201	200
204	202
204	203
96	1030
96	1031
1031	205
1031	98
99	1032
99	1033
1033	203
1033	101
207	200
207	206
1034	208
1034	1035
114	1035
114	116
210	1036
210	1037
1037	206
1037	209
1038	211
1038	1039
1040	1039
1040	1041
213	1041
213	212
1042	214
1042	1043
117	1043
117	119
216	1044
216	1045
1045	212
1045	215
1047	1046
1047	1048
1048	217
1048	1049
219	1048
219	1050
1050	1049
1050	218
222	1051
222	1052
1052	220
1052	221
120	1053
120	1056
1056	1054
1056	1057
1057	1055
1057	1058
1058	223
1058	122
225	1059
225	1061
1061	1060
1061	1062
1062	221
1062	224
228	226
228	227
231	1063
231	1064
1064	229
1064	230
234	1065
234	1066
1066	232
1066	233
123	1067
123	1068
1068	235
1068	125
237	1069
237	1071
1071	1070
1071	1072
1072	233
1072	236
132	1073
132	1075
1075	1074
1075	1076
1076	238
1076	134
1077	236
1077	1078
1079	1078
1079	1080
1081	1080
1081	1082
240	1082
240	239
137	1083
137	1084
1084	241
1084	139
243	1085
243	1086
1086	239
1086	242
1087	244
1087	1088
246	1088
246	245
1089	247
1089	1090
249	1090
249	248
140	1091
140	1093
1093	1092
1093	1094
1094	250
1094	142
252	1095
252	1097
1097	1096
1097	1098
1098	248
1098	251
255	1099
255	1100
1100	253
1100	254
1101	256
1101	1102
258	1102
258	257
261	1103
261	1104
1104	259
1104	260
264	262
264	263
155	1105
155	1107
1107	1106
1107	1108
1108	265
1108	157
267	1109
267	1111
1111	1110
1111	1112
1112	263
1112	266
270	1113
270	1116
1116	1114
1116	1117
1117	1115
1117	1118
1118	268
1118	269
161	1119
161	1120
1120	271
1120	163
1122	1121
1122	1123
1123	269
1123	1124
273	1123
273	1125
1125	1124
1125	272
276	1126
276	1127
1127	274
1127	275
279	1128
279	1129
1129	277
1129	278
282	1130
282	1131
1131	280
1131	281
164	1132
164	1133
1133	283
1133	166
285	1134
285	1135
1135	281
1135	284
167	286
167	169
1137	1136
1137	1138
1138	284
1138	1139
173	1138
173	1140
1140	1139
1140	175
288	1141
288	1143
1143	1142
1143	1144
1144	278
1144	287
1145	289
1145	1146
1147	1146
1147	1148
1149	1148
1149	1150
176	1150
176	178
291	1151
291	1153
1153	1152
1153	1154
1154	287
1154	290
294	1155
294	1157
1157	1156
1157	1158
1158	292
1158	293
297	1159
297	1162
1162	1160
1162	1163
1163	1161
1163	1164
1164	295
1164	296
300	1165
300	1167
1167	1166
1167	1168
1168	298
1168	299
1169	301
1169	1170
303	1170
303	302
306	304
306	305
309	1171
309	1172
1172	307
1172	308
179	310
179	181
312	308
312	311
1175	1173
1175	1176
1176	1174
1176	1177
1177	313
1177	1178
191	1176
191	1179
1179	1177
1179	1180
1180	1178
1180	193
315	1181
315	1183
1183	1182
1183	1184
1184	311
1184	314
1185	316
1185	1186
1187	1186
1187	1188
1189	1188
1189	1190
194	1190
194	196
318	1191
318	1193
1193	1192
1193	1194
1194	314
1194	317
321	1195
321	1197
1197	1196
1197	1198
1198	319
1198	320
1199	322
1199	1200
1201	1200
1201	1202
1203	1202
1203	1204
324	1204
324	323
327	1205
327	1206
1206	325
1206	326
330	328
330	329
1207	331
1207	1208
1209	1208
1209	1210
1211	1210
1211	1212
197	1212
197	199
1213	329
1213	1214
333	1214
333	332
209	334
209	211
1215	332
1215	1216
336	1216
336	335
339	337
339	338
1217	340
1217	1218
1219	1218
1219	1220
1221	1220
1221	1222
215	1222
215	217
1224	1223
1224	1225
1225	338
1225	1226
342	1225
342	1227
1227	1226
1227	341
345	1228
345	1231
1231	1229
1231	1232
1232	1230
1232	1233
1233	343
1233	344
348	1234
348	1236
1236	1235
1236	1237
1237	346
1237	347
351	1238
351	1240
1240	1239
1240	1241
1241	349
1241	350
354	1242
354	1244
1244	1243
1244	1245
1245	352
1245	353
218	355
218	220
224	1246
224	1247
1247	353
1247	226
1248	350
1248	1249
357	1249
357	356
227	1250
227	1251
1251	358
1251	229
360	1252
360	1254
1254	1253
1254	1255
1255	356
1255	359
1257	1256
1257	1258
1258	361
1258	1259
363	1258
363	1260
1260	1259
1260	362
366	364
366	365
1261	367
1261	1262
1263	1262
1263	1264
1265	1264
1265	1266
230	1266
230	232
1267	365
1267	1268
1269	1268
1269	1270
1271	1270
1271	1272
369	1272
369	368
242	370
242	244
1273	368
1273	1274
1275	1274
1275	1276
372	1276
372	371
375	1277
375	1278
1278	373
1278	374
1279	376
1279	1280
378	1280
378	377
245	379
245	247
381	377
381	380
384	1281
384	1282
1282	382
1282	383
387	1283
387	1284
1284	385
1284	386
390	1285
390	1286
1286	388
1286	389
251	1287
251	1288
1288	391
1288	253
393	1289
393	1290
1290	389
1290	392
396	1291
396	1293
1293	1292
1293	1294
1294	394
1294	395
254	397
254	256
399	1295
399	1298
1298	1296
1298	1299
1299	1297
1299	1300
1300	395
1300	398
257	400
257	259
402	1301
402	1304
1304	1302
1304	1305
1305	1303
1305	1306
1306	398
1306	401
405	1307
405	1308
1308	403
1308	404
1310	1309
1310	1311
1311	406
1311	1312
1313	1311
1313	1314
1314	1312
1314	1315
272	1314
272	1316
1316	1315
1316	274
1317	404
1317	1318
408	1318
408	407
411	1319
411	1322
1322	1320
1322	1323
1323	1321
1323	1324
1324	409
1324	410
1325	412
1325	1326
414	1326
414	413
417	415
417	416
1327	418
1327	1328
293	1328
293	295
1329	416
1329	1330
420	1330
420	419
423	1331
423	1332
1332	421
1332	422
1333	424
1333	1334
426	1334
426	425
296	427
296	298
429	425
429	428
299	1335
299	1336
1336	430
1336	301
432	1337
432	1339
1339	1338
1339	1340
1340	428
1340	431
435	1341
435	1342
1342	433
1342	434
302	436
302	304
438	1343
438	1344
1344	434
1344	437
305	439
305	307
317	1345
317	1346
1346	437
1346	319
441	1347
441	1349
1349	1348
1349	1350
1350	431
1350	440
1351	442
1351	1352
1353	1352
1353	1354
444	1354
444	443
320	1355
320	1357
1357	1356
1357	1358
1358	445
1358	322
1361	1359
1361	1362
1362	1360
1362	1363
1363	443
1363	1364
447	1362
447	1365
1365	1363
1365	1366
1366	1364
1366	446
1368	1367
1368	1369
1369	448
1369	1370
323	1369
323	1371
1371	1370
1371	325
450	1372
450	1374
1374	1373
1374	1375
1375	446
1375	449
341	1376
341	1378
1378	1377
1378	1379
1379	451
1379	343
1380	449
1380	1381
1382	1381
1382	1383
453	1383
453	452
1385	1384
1385	1386
1386	454
1386	1387
456	1386
456	1388
1388	1387
1388	455
459	1389
459	1390
1390	457
1390	458
344	460
344	346
347	458
347	349
462	1391
462	1393
1393	1392
1393	1394
1394	455
1394	461
1396	1395
1396	1397
1397	463
1397	1398
359	1397
359	1399
1399	1398
1399	361
1400	461
1400	1401
1402	1401
1402	1403
1404	1403
1404	1405
1406	1405
1406	1407
1408	1407
1408	1409
465	1409
465	464
1410	466
1410	1411
362	1411
362	364
371	464
371	373
468	1412
468	1414
1414	1413
1414	1415
1415	452
1415	467
1416	469
1416	1417
1418	1417
1418	1419
1420	1419
1420	1421
1422	1421
1422	1423
1424	1423
1424	1425
471	1425
471	470
374	472
374	376
474	470
474	473
477	1426
477	1427
1427	475
1427	476
380	1428
380	1429
1429	478
1429	382
480	476
480	479
483	1430
483	1432
1432	1431
1432	1433
1433	481
1433	482
383	484
383	385
486	1434
486	1435
1435	482
1435	485
489	1436
489	1437
1437	487
1437	488
386	490
386	388
492	1438
492	1439
1439	488
1439	491
392	1440
392	1441
1441	493
1441	394
1442	491
1442	1443
1444	1443
1444	1445
1446	1445
1446	1447
495	1447
495	494
1449	1448
1449	1450
1450	496
1450	1451
1452	1450
1452	1453
1453	1451
1453	1454
498	1453
498	1455
1455	1454
1455	497
1457	1456
1457	1458
1458	499
1458	1459
401	1458
401	1460
1460	1459
1460	403
407	1461
407	1464
1464	1462
1464	1465
1465	1463
1465	1466
1466	497
1466	409
501	494
501	500
504	502
504	503
507	505
507	506
510	1467
510	1468
1468	508
1468	509
1469	511
1469	1470
1471	1470
1471	1472
513	1472
513	512
516	1473
516	1474
1474	514
1474	515
519	517
519	518
522	1475
522	1476
1476	520
1476	521
410	1477
410	1479
1479	1478
1479	1480
1480	523
1480	412
525	1481
525	1482
1482	521
1482	524
526	528
530	527
413	531
413	415
529	533
535	532
538	1483
538	1485
1485	1484
1485	1486
1486	536
1486	537
419	1487
419	1488
1488	539
1488	421
541	537
541	540
544	1489
544	1493
1493	1490
1493	1494
1494	1491
1494	1495
1495	1492
1495	1496
1496	542
1496	543
1497	545
1497	1498
1499	1498
1499	1500
547	1500
547	546
1501	548
1501	1502
1503	1502
1503	1504
550	1504
550	549
1506	1505
1506	1507
1507	551
1507	1508
1509	1507
1509	1510
1510	1508
1510	1511
422	1510
422	1512
1512	1511
1512	424
553	549
553	552
556	1513
556	1514
1514	554
1514	555
1515	557
1515	1516
559	1516
559	558
440	1517
440	1519
1519	1518
1519	1520
1520	560
1520	442
562	1521
562	1523
1523	1522
1523	1524
1524	558
1524	561
1526	1525
1526	1527
1527	563
1527	1528
1529	1527
1529	1530
1530	1528
1530	1531
565	1530
565	1532
1532	1531
1532	564
568	1533
568	1535
1535	1534
1535	1536
1536	566
1536	567
467	1537
467	1538
1538	569
1538	469
555	1539
555	1540
1540	567
1540	557
561	1541
561	1543
1543	1542
1543	1544
1544	564
1544	563
1546	1545
1546	1547
1547	552
1547	1548
571	1547
571	1549
1549	1548
1549	570
473	1550
473	1551
1551	572
1551	475
574	570
574	573
479	1552
479	1554
1554	1553
1554	1555
1555	575
1555	481
577	1556
577	1558
1558	1557
1558	1559
1559	573
1559	576
580	1560
580	1562
1562	1561
1562	1563
1563	578
1563	579
583	1564
583	1565
1565	581
1565	582
1567	1566
1567	1568
1568	584
1568	1569
586	1568
586	1570
1570	1569
1570	585
589	1571
589	1572
1572	587
1572	588
1573	590
1573	1574
1575	1574
1575	1576
1577	1576
1577	1578
485	1578
485	487
500	1579
500	1580
1580	588
1580	502
592	585
592	591
595	1581
595	1582
1582	593
1582	594
1583	596
1583	1584
503	1584
503	505
598	594
598	597
506	599
506	508
601	1585
601	1586
1586	597
1586	600
604	1587
604	1588
1588	602
1588	603
1589	605
1589	1590
509	1590
509	511
607	1591
607	1592
1592	603
1592	606
610	1593
610	1594
1594	608
1594	609
613	611
613	612
512	614
512	514
1595	612
1595	1596
616	1596
616	615
619	1597
619	1598
1598	617
1598	618
515	620
515	517
622	1599
622	1601
1601	1600
1601	1602
1602	618
1602	621
518	1603
518	1604
1604	623
1604	520
524	1605
524	1608
1608	1606
1608	1609
1609	1607
1609	1610
1610	621
1610	526
1612	1611
1612	1613
1613	615
1613	1614
625	1613
625	1615
1615	1614
1615	624
628	626
628	627
631	629
631	630
1616	632
1616	1617
1618	1617
1618	1619
1620	1619
1620	1621
1622	1621
1622	1623
1624	1623
1624	1625
1626	1625
1626	1627
1628	1627
1628	1629
1630	1629
1630	1631
634	1631
634	633
637	635
637	636
640	638
640	639
1633	1632
1633	1634
1634	641
1634	1635
643	1634
643	1636
1636	1635
1636	642
646	1637
646	1639
1639	1638
1639	1640
1640	644
1640	645
649	1641
649	1642
1642	647
1642	648
543	1643
543	1646
1646	1644
1646	1647
1647	1645
1647	1648
1648	650
1648	545
652	1649
652	1651
1651	1650
1651	1652
1652	648
1652	651
579	1653
579	1655
1655	1654
1655	1656
1656	653
1656	581
645	651
645	647
655	1657
655	1658
1658	642
1658	654
658	656
658	657
582	659
582	584
661	1659
661	1660
1660	657
1660	660
591	1661
591	1662
1662	662
1662	593
664	660
664	663
1663	665
1663	1664
1665	1664
1665	1666
1667	1666
1667	1668
667	1668
667	666
1670	1669
1670	1671
1671	668
1671	1672
600	1671
600	1673
1673	1672
1673	602
670	1674
670	1675
1675	666
1675	669
673	671
673	672
1676	674
1676	1677
1678	1677
1678	1679
1680	1679
1680	1681
606	1681
606	608
1682	672
1682	1683
1684	1683
1684	1685
676	1685
676	675
679	677
679	678
682	1686
682	1687
1687	680
1687	681
609	683
609	611
1688	681
1688	1689
1690	1689
1690	1691
685	1691
685	684
624	686
624	626
688	1692
688	1693
1693	684
1693	687
691	689
691	690
694	692
694	693
697	695
697	696
1694	698
1694	1695
627	1695
627	629
1696	696
1696	1697
1698	1697
1698	1699
700	1699
700	699
703	701
703	702
630	704
630	632
706	1700
706	1701
1701	702
1701	705
1703	1702
1703	1704
1704	707
1704	1705
1706	1704
1706	1707
1707	1705
1707	1708
1709	1707
1709	1710
1710	1708
1710	1711
709	1710
709	1712
1712	1711
1712	708
712	1713
712	1714
1714	710
1714	711
1715	713
1715	1716
633	1716
633	635
715	711
715	714
1717	716
1717	1718
1719	1718
1719	1720
718	1720
718	717
1721	719
1721	1722
636	1722
636	638
721	717
721	720
724	722
724	723
727	725
727	726
730	1723
730	1724
1724	728
1724	729
733	1725
733	1726
1726	731
1726	732
736	1727
736	1729
1729	1728
1729	1730
1730	734
1730	735
639	1731
639	1733
1733	1732
1733	1734
1734	737
1734	641
1735	735
1735	1736
654	1736
654	656
739	732
739	738
1737	740
1737	1738
1739	1738
1739	1740
663	1740
663	665
1742	1741
1742	1743
1743	738
1743	1744
669	1743
669	1745
1745	1744
1745	671
1746	729
1746	1747
742	1747
742	741
1749	1748
1749	1750
1750	743
1750	1751
1752	1750
1752	1753
1753	1751
1753	1754
745	1753
745	1755
1755	1754
1755	744
675	746
675	677
748	1756
748	1757
1757	744
1757	747
678	749
678	680
687	1758
687	1759
1759	747
1759	689
1761	1760
1761	1762
1762	741
1762	1763
726	1762
726	1764
1764	1763
1764	728
1765	723
1765	1766
1767	1766
1767	1768
1769	1768
1769	1770
1771	1770
1771	1772
1773	1772
1773	1774
1775	1774
1775	1776
1777	1776
1777	1778
1779	1778
1779	1780
690	1780
690	692
751	720
751	750
1781	752
1781	1782
1783	1782
1783	1784
1785	1784
1785	1786
1787	1786
1787	1788
1789	1788
1789	1790
1791	1790
1791	1792
1793	1792
1793	1794
754	1794
754	753
693	755
693	695
1795	753
1795	1796
757	1796
757	756
760	758
760	759
1797	761
1797	1798
1799	1798
1799	1800
1801	1800
1801	1802
699	1802
699	701
1803	759
1803	1804
1805	1804
1805	1806
1807	1806
1807	1808
1809	1808
1809	1810
1811	1810
1811	1812
763	1812
763	762
1813	764
1813	1814
1815	1814
1815	1816
1817	1816
1817	1818
714	1818
714	716
766	762
766	765
1819	767
1819	1820
750	1820
750	752
1822	1821
1822	1823
1823	765
1823	1824
1825	1823
1825	1826
1826	1824
1826	1827
756	1826
756	1828
1828	1827
1828	758
1829	708
1829	1830
1831	1830
1831	1832
1833	1832
1833	1834
1835	1834
1835	1836
1837	1836
1837	1838
705	1838
705	707
546	576
546	548
534	1839
534	1842
1842	1840
1842	1843
1843	1841
1843	1844
1844	540
1844	536
326	335
326	328
1845	290
1845	1846
275	1846
275	277
260	266
260	262
143	1847
143	1849
1849	1848
1849	1850
1850	152
1850	145
1851	78
1851	1852
72	1852
72	74
51	1853
51	1854
1854	54
1854	53
1855	6
1855	1856
1857	1856
1857	1858
1859	1858
1859	1860
3	1860
3	5
1861	769
1861	1862
1863	1862
1863	1864
1865	1864
1865	1866
1867	1866
1867	1868
1869	1868
1869	1870
768	1870
768	769
0	772
772	1
3	774
3	773
773	4
6	778
778	779
778	7
9	783
783	10
12	13
15	16
18	19
19	20
21	808
808	23
21	22
24	809
809	810
809	25
27	814
814	29
814	28
30	31
33	34
34	35
36	820
820	821
821	822
822	38
820	37
39	824
824	823
823	41
823	40
42	827
827	828
828	44
42	43
45	834
834	1878
1878	955
1878	47
1878	46
1878	833
1878	834
48	1879
1879	836
836	50
1879	835
1879	48
48	49
51	838
838	837
837	53
837	839
837	52
54	841
841	842
842	56
54	840
840	55
57	844
844	846
844	843
843	845
843	58
60	851
60	850
60	848
848	849
848	847
847	61
63	854
854	853
853	65
853	855
853	852
852	64
66	861
861	862
862	68
861	67
69	863
863	1880
1880	71
1880	864
1880	70
1880	863
72	867
867	868
867	73
75	872
872	76
76	77
78	880
78	878
878	879
878	79
81	884
81	882
882	883
882	881
881	82
84	886
886	888
886	885
885	887
885	85
87	890
890	1019
890	889
889	89
889	88
90	891
90	91
93	94
94	899
899	95
96	900
900	97
97	98
99	100
100	907
907	101
102	908
908	909
908	103
105	913
913	106
106	107
108	920
108	919
919	109
111	112
112	924
924	113
114	115
117	118
120	942
942	943
943	1057
943	944
944	1058
944	122
120	121
123	947
947	1882
1882	125
1882	949
1882	1881
1881	948
1881	945
945	124
1881	946
1881	947
1881	1882
1884	1885
126	951
951	1885
1885	956
1885	1884
1884	128
1884	953
1884	1883
1883	952
1883	950
950	127
1883	951
1883	1885
129	959
959	1886
1886	962
1886	1887
1887	131
1887	960
1887	1886
1886	130
1886	958
1886	959
1888	1892
1889	1892
1890	1892
1892	1893
132	1888
1888	1891
1891	1076
1891	1893
1893	134
1893	136
1893	1871
1893	1892
1892	1890
1890	135
1890	966
1890	964
964	133
1890	1889
1889	965
1889	1888
1888	132
137	1896
1896	1897
1897	139
1897	970
1897	969
1897	1895
1895	1894
1894	968
1894	967
967	138
1894	135
1894	1895
1895	1871
1895	1897
1897	136
1897	1896
1896	137
1898	1900
1899	1902
1900	1902
1900	1903
140	1901
1901	1902
1902	1094
1902	1903
1903	142
1903	976
1903	1900
1900	975
1900	1898
1898	974
1898	971
971	141
1898	1899
1899	972
1899	1901
1901	973
1901	140
143	979
979	978
978	1850
978	977
977	145
977	144
146	980
146	147
149	981
981	150
152	982
982	983
983	1847
983	984
984	154
152	153
155	992
992	1905
1905	1108
1905	1904
1904	157
1904	993
1904	990
990	156
1904	991
1904	1905
1905	992
158	994
994	995
994	159
161	162
162	1002
1002	163
164	1003
1003	166
1003	165
167	168
170	171
173	174
174	1008
1008	175
176	1010
176	1009
1009	177
179	1011
1011	180
182	183
185	1012
1012	1013
1013	1022
1013	187
185	186
188	1015
1015	1906
1906	190
1906	1017
1906	1907
1907	1016
1907	1014
1014	189
1907	1015
1907	1906
191	1025
1025	1909
1909	1180
1909	1908
1908	193
1908	1026
1908	192
1908	1024
1908	1909
1909	1025
194	1027
1027	195
197	198
200	201
203	1030
1030	205
203	204
206	207
207	208
209	1037
1037	210
212	213
213	214
215	1046
215	1045
1045	216
218	1050
1050	1051
1050	219
221	1053
1053	1054
1054	1059
1054	1055
1055	223
221	1052
1052	222
224	1062
1062	1061
1061	226
1061	225
227	1063
1063	229
227	228
230	1064
1064	1065
1064	231
233	1066
1066	1069
1066	1067
1067	235
1066	234
236	1072
1072	1074
1072	1071
1071	1073
1071	237
239	240
240	1083
1083	241
242	1086
1086	243
245	246
248	1091
1091	1092
1092	1095
1092	250
248	249
251	1098
1098	1097
1097	1099
1099	253
1097	252
254	1100
1100	255
257	1103
257	258
260	1104
1104	261
263	1910
1910	1105
1105	1109
1105	1106
1106	265
1910	264
1910	263
266	1115
266	1112
1112	1114
1112	1111
1111	1113
1111	267
269	1118
1118	1117
1117	271
1117	1119
1117	1116
1116	270
272	1125
1125	1911
1911	274
1911	1126
1911	273
1911	1125
275	1127
1127	1128
1127	276
278	1129
1129	1141
1129	1130
1130	280
1129	279
281	1131
1131	1912
1912	283
1912	1132
1912	282
1912	1131
284	1135
1135	285
285	286
287	1144
1144	1143
1143	1151
1143	288
288	289
290	1156
290	1154
1154	1155
1154	1153
1153	291
293	1161
293	1158
1158	1160
1158	1157
1157	1159
1157	294
296	1164
1164	1166
1164	1163
1163	1165
1163	1162
1162	297
299	1168
1168	1167
1167	301
1167	300
302	303
305	1171
305	306
308	1172
1172	309
311	1173
1173	1174
1174	1181
1174	313
311	312
314	1184
1184	1183
1183	1191
1183	315
315	316
317	1194
1194	1913
1913	1196
1196	319
1913	1195
1913	1193
1193	318
1913	1194
320	1198
1198	1197
1197	1358
1197	321
321	322
323	324
324	1205
1205	325
326	1206
1206	327
329	330
332	333
335	336
338	339
339	340
341	1914
1914	1229
1229	1379
1229	1230
1230	343
1914	1228
1914	1227
1227	342
1914	341
344	1233
1233	1235
1233	1232
1232	1234
1232	1231
1231	345
347	1239
347	1237
1237	1238
1237	1236
1236	348
350	1241
1241	1243
1241	1240
1240	1242
1240	351
353	1245
1245	1244
1244	355
1244	354
356	357
357	1250
1250	1252
1250	358
359	1255
1255	1254
1254	1256
1256	361
1254	360
362	1260
1260	363
365	366
368	369
371	1277
371	372
374	1278
1278	375
377	378
380	1281
1281	382
380	381
383	1283
383	1282
1282	384
386	1284
1284	1285
1284	387
389	1915
1915	1287
1287	391
1915	1286
1286	390
1915	389
392	1292
1292	394
392	1291
392	1290
1290	393
395	1294
1294	1296
1294	1293
1293	1295
1293	396
396	397
398	1300
1300	1299
1299	1302
1299	1298
1298	1301
1298	399
399	400
401	1306
1306	1305
1305	1916
1916	403
1916	1307
1916	1304
1304	402
1916	1305
404	1308
1308	1309
1308	405
407	408
408	1319
1319	1465
1319	1320
1320	1466
1320	1321
1321	409
410	1324
1324	1323
1323	1480
1323	1322
1322	412
1322	411
413	414
416	417
419	420
420	1331
1331	421
422	1332
1332	424
1332	423
425	426
428	429
429	1335
1335	1337
1335	430
431	1340
1340	1917
1917	1347
1917	433
1917	1341
1917	1339
1339	432
1917	1340
434	1342
1342	436
1342	435
437	1344
1344	438
438	439
440	1350
1350	1349
1349	1520
1349	441
441	442
443	444
444	1355
1355	1359
1355	1356
1356	445
446	1366
1366	1918
1918	1372
1918	1365
1365	1367
1367	448
1365	447
1918	1366
449	1375
1375	1377
1375	1374
1374	1376
1374	450
452	453
453	1384
1384	1412
1384	454
455	1388
1388	1391
1388	1389
1389	457
1388	456
458	1390
1390	459
461	1394
1394	1395
1394	1393
1393	462
464	465
467	1415
1415	1414
1414	469
1414	468
470	471
473	474
474	1426
1426	475
476	1428
476	1427
1427	477
479	480
480	1430
1430	1555
1430	1431
1431	481
482	1433
1433	1432
1432	484
1432	483
485	1435
1435	1436
1435	486
488	1437
1437	489
489	490
491	1440
491	1439
1439	492
494	1448
494	495
497	1455
1455	1919
1919	1462
1919	1461
1919	1456
1456	499
1919	498
1919	1455
500	501
501	502
503	504
506	1467
506	507
509	1468
1468	510
512	1473
512	513
515	1474
1474	516
518	519
519	1475
1475	520
521	1478
1478	523
521	1477
521	1476
1476	522
524	1873
1873	1874
1874	1609
1874	1610
1874	771
771	1875
1875	528
528	526
524	770
524	1482
1482	1872
1482	527
1482	525
529	1877
529	528
528	1875
1875	771
1920	1922
1922	1923
534	1877
1877	771
771	1924
1924	1843
1924	1923
1923	1844
1923	1922
1922	536
1922	1484
1922	1920
1920	1483
1920	770
770	1876
1876	535
1876	532
1920	1921
1921	1873
1921	1874
1921	1923
1923	1924
1924	771
534	533
537	1486
1486	1487
1486	1485
1485	538
540	1489
1489	1490
1490	1840
1490	1491
1491	1839
1491	1492
1492	542
540	541
543	1496
1496	1495
1495	1647
1495	1494
1494	1648
1494	1493
1493	545
1493	544
546	547
549	1505
549	550
552	553
553	1513
1513	554
555	1514
1514	556
556	557
558	1517
1517	1518
1518	1521
1518	560
558	559
561	1524
1524	1523
1523	1544
1523	562
562	1525
1525	563
564	1532
1532	565
565	1533
1533	1541
1533	1534
1534	566
567	1536
1536	1925
1925	1537
1537	569
1925	1535
1535	568
1925	1536
570	1549
1549	1550
1549	571
573	1552
1552	1553
1553	1556
1553	575
573	574
576	1561
576	1559
1559	1560
1559	1558
1558	577
579	1563
1563	1926
1926	1656
1926	581
1926	1564
1926	580
1926	1562
1926	1563
582	1566
582	1565
1565	583
585	1570
1570	1571
1570	586
588	1572
1572	590
1572	589
591	592
592	1581
1581	593
594	1582
1582	595
597	598
598	599
600	1586
1586	1587
1587	602
1586	601
603	1588
1588	605
1588	604
606	1592
1592	1593
1592	607
609	1594
1594	610
612	613
615	1597
1597	617
615	616
618	1598
1598	1599
1598	619
619	620
621	1602
1602	1601
1601	1606
1601	1927
1927	1605
1927	1603
1603	623
1927	622
1927	1601
624	1615
1615	625
627	628
630	631
633	634
636	637
639	640
640	1632
1632	1734
1632	641
642	1928
1928	1638
1638	644
1928	1637
1928	1636
1636	643
1928	642
645	1640
1640	1641
1640	1639
1639	646
648	1929
1929	1649
1929	1645
1645	650
1929	1644
1929	1643
1929	1642
1642	649
1929	648
651	1654
651	1652
1652	1653
1652	1651
1651	652
654	1658
1658	655
657	658
658	659
660	1661
660	1660
1660	661
663	664
666	667
667	1669
1669	668
669	1675
1675	671
1675	670
672	673
675	676
678	1686
678	679
681	1687
1687	682
684	685
685	686
687	1693
1693	688
688	689
690	691
693	694
696	697
699	700
702	703
703	704
705	1701
1701	1702
1701	706
708	1713
708	1712
1712	709
711	1714
1714	712
714	715
717	718
720	721
723	724
726	727
727	1723
1723	728
729	1724
1724	1725
1724	730
732	1728
732	1726
1726	1727
1726	733
735	1732
735	1730
1730	1731
1730	1729
1729	736
738	739
739	740
741	1748
1748	743
741	742
744	1755
1755	746
1755	745
747	1757
1757	748
748	749
750	751
753	754
756	757
757	758
759	760
762	763
765	766
766	767
531	532
532	1876
1876	527
1876	1872
1876	770
0	775
1932	1933
1933	1934
1934	1935
1935	1931
1933	1936
1936	790
790	788
788	1935
788	786
786	13
13	1931
13	784
784	10
10	780
780	1930
780	1932
780	7
7	1933
7	775
775	1936
775	792
792	790
775	0
8	815
815	31
31	28
28	811
811	1857
811	25
25	1859
25	22
22	806
806	3
806	1
806	17
806	19
8	782
782	817
782	9
9	34
5	1937
1937	1858
1937	1856
1937	6
1937	777
1937	5
1942	1943
1939	1943
1943	1944
1942	1945
1945	1946
1943	1946
1946	43
43	825
825	1940
825	795
795	797
797	1939
797	799
799	1942
799	1941
1941	1945
1941	52
52	1946
52	49
49	829
829	43
49	46
1941	55
1941	801
801	803
803	58
803	61
803	805
805	64
805	18
805	15
1941	799
825	12
825	40
40	1938
1938	785
1938	35
35	11
1938	37
1938	40
1951	1952
1947	1952
1952	1953
1948	1953
1953	1950
1950	789
789	1948
789	791
791	1947
791	793
793	16
16	1951
16	804
804	802
802	1952
802	800
800	1953
800	798
798	1950
798	796
796	794
794	787
787	789
794	14
793	2
70	67
67	858
858	807
858	20
858	65
76	869
869	875
869	1954
1954	24
1954	23
1954	71
1954	73
1954	869
1955	1957
1957	1958
1958	874
874	876
876	813
813	27
27	895
895	1955
895	892
892	1957
892	91
91	88
88	85
85	82
82	1958
82	79
79	77
77	874
876	26
106	1959
1959	1960
1960	916
1960	1961
1961	30
1961	29
1961	897
1961	903
903	894
903	901
901	92
901	97
97	94
1961	1960
1960	905
1960	1959
1959	910
910	103
103	100
1959	106
36	109
109	107
107	1962
1962	818
1962	816
1962	917
917	32
1962	915
1962	107
112	922
922	38
922	110
113	826
113	41
1964	1965
1966	1964
1964	1968
1968	1969
1966	1970
1970	1967
1967	1968
1967	928
928	118
118	1969
118	115
115	104
104	912
912	1965
912	105
105	1963
105	108
108	1966
108	923
923	1970
923	1971
1971	932
932	930
930	1967
930	928
1971	934
1971	1972
1972	936
1972	1973
1973	938
1973	1974
1974	940
1974	1975
1975	121
1975	124
1975	127
1975	45
1975	832
1975	44
1975	1974
1974	1973
1973	111
1973	1972
1972	923
1972	1971
130	47
130	128
1977	1978
1977	1980
1980	1981
1978	1981
1981	138
138	133
133	50
50	51
51	1978
51	1976
51	56
56	57
57	150
150	1977
150	147
147	1980
147	144
144	141
141	1981
141	138
133	131
151	59
1982	1986
1986	1987
1983	1987
1987	1988
1988	1989
1984	1989
1990	1991
1986	1991
1991	1992
1987	1992
1992	1993
1988	1993
1990	1994
1994	1995
1991	1995
1992	1995
1995	1996
1996	148
148	149
149	1989
149	1985
149	62
62	63
63	1984
63	860
860	1983
860	1982
860	66
66	996
996	1986
996	159
159	1990
159	156
156	1994
156	985
985	1995
985	1996
985	153
153	148
1999	2000
1998	2001
2001	1000
1000	2000
1000	160
160	998
998	1997
998	72
72	1851
1851	1999
1851	1998
1851	171
171	2001
171	168
168	165
165	1000
165	162
1851	1004
1851	80
80	81
998	68
68	69
78	1852
1852	871
1852	74
2002	2004
2004	1006
1006	1005
1005	83
83	2002
83	84
84	183
183	2004
183	180
180	177
177	174
174	1006
1006	172
189	186
186	184
184	86
93	89
93	190
204	1028
1028	198
198	195
195	95
195	192
192	188
192	187
204	201
205	2005
2005	906
2005	2006
2006	904
2006	902
2006	98
2006	205
2006	2005
114	1034
1034	101
1034	202
202	203
1034	207
213	1040
1040	117
1040	2007
2007	116
2007	1035
2007	1038
1038	210
210	208
2007	1040
2012	2010
2013	2014
2011	2014
2014	2015
2012	2015
2016	2017
2013	2017
2018	2019
2016	2019
2019	219
219	1047
1047	2015
2015	2014
1047	216
216	2010
216	214
214	2009
2009	2008
2009	929
929	931
931	933
933	2012
933	2011
933	935
935	2013
935	937
937	939
939	2016
939	2018
939	941
941	120
120	222
222	2019
222	219
2009	119
2009	1043
2009	214
223	228
234	122
234	231
231	223
231	228
129	237
237	235
235	125
129	132
240	1081
1081	1079
1079	134
1079	1077
1077	238
249	2020
2020	241
241	139
2020	243
2020	1087
2020	1089
1089	246
2020	249
2023	2024
2021	2024
2024	2025
2024	2026
2026	250
250	142
142	143
143	2022
143	154
154	989
989	2021
989	261
261	2023
261	258
258	1101
1101	2026
2026	2024
1101	255
255	252
252	250
989	155
155	264
152	145
270	1001
270	2027
2027	158
2027	265
265	157
2027	267
2027	270
163	1122
282	1122
1122	163
282	276
276	273
282	279
285	283
283	166
173	2028
2028	170
2028	169
2028	286
2028	1137
2028	173
288	2031
2031	1147
2031	2029
2029	1149
2029	175
175	176
2029	1139
2029	2030
2030	284
2030	281
2030	280
2030	2031
2031	288
2030	2029
297	1169
2035	2036
2032	2036
2034	2037
2037	2038
2035	2038
2038	1146
1146	1148
1148	2033
1148	1150
1150	179
179	309
309	2032
309	306
306	2034
2034	2035
306	303
303	1169
1169	2037
1169	297
297	294
294	2038
294	291
291	289
289	1146
1150	178
185	191
191	1175
1175	312
312	181
312	310
315	313
313	1187
313	2039
2039	1189
2039	194
2039	193
2039	1178
2039	313
324	330
2040	2042
2042	1188
1188	1190
1190	1211
1211	1209
1209	2040
1209	1207
1207	1203
1203	2042
1203	1201
1201	1188
1201	1186
1201	1199
1199	316
1199	318
1199	321
1207	330
330	324
1190	197
1190	196
2043	2045
2045	1210
1210	1212
1212	1029
1029	200
200	2043
200	206
206	209
209	333
333	2045
333	1213
1213	1208
1208	1210
1213	331
1212	199
2046	2048
2048	2049
2049	211
211	1039
1039	1041
1041	2046
1041	212
212	1221
1221	1219
1219	2048
1219	1217
1217	1215
1215	2049
1215	334
334	211
1217	336
1217	339
212	215
2054	2055
2051	2055
2055	2052
2052	2053
2052	2057
2058	2059
2054	2059
2055	2059
2059	2056
2056	2057
2056	2060
2060	2061
2059	2060
2059	351
351	348
348	2061
348	345
345	342
342	1224
1224	2057
1224	340
340	1218
1218	2053
1218	1220
1220	2050
1220	1222
1222	2051
1222	217
217	1049
1049	2054
1049	218
218	2058
218	354
354	351
351	2059
224	220
355	220
357	1248
1248	353
353	226
1248	352
2062	2064
2064	2065
2065	358
358	229
229	230
230	2062
230	1265
1265	1263
1263	2064
1263	1261
1261	366
366	363
363	2065
363	1257
1257	360
360	358
2068	2069
2069	1264
1264	2066
2066	1080
1080	1082
1082	2068
1082	369
369	1271
1271	1269
1269	2069
1269	1267
1267	1262
1262	1264
1267	367
1082	242
1082	239
2066	1078
2066	1266
1266	232
232	233
233	236
2066	1264
378	2070
2070	1088
2070	1273
1273	370
370	244
2070	1275
2070	1279
1279	372
1279	375
2070	378
251	1090
251	390
390	387
387	247
387	384
384	379
384	381
396	393
393	253
393	391
399	1102
399	397
397	256
2075	2076
2071	2076
2076	2077
2072	2077
2077	2078
2079	2080
2074	2080
2080	2081
2075	2081
2081	2082
2076	2082
2082	2083
2077	2083
2083	2084
2080	2085
2085	2086
2081	2086
2086	2087
2082	2087
2083	2087
2087	400
400	259
259	2078
259	260
260	2073
260	268
268	2072
268	2071
268	269
269	1124
1124	2075
1124	2074
1124	272
272	2079
272	1313
1313	1310
1310	2080
1310	2085
1310	405
405	2086
405	402
402	2087
402	400
266	262
2090	2092
2092	1317
1317	1312
1312	2088
2088	2090
2088	1845
1845	2089
2089	2092
2089	417
417	414
414	1325
1325	1317
1325	408
1325	411
2089	1327
2089	1845
1845	292
292	293
2088	275
2088	1315
1315	274
2088	1312
1317	406
287	1846
1846	277
287	290
426	2093
2093	295
2093	1328
2093	1329
1329	418
2093	423
423	420
2093	1333
2093	426
299	427
429	427
435	1170
435	432
432	430
430	301
438	304
438	436
311	314
314	307
314	317
317	439
444	1353
1353	2094
2094	319
2094	437
2094	434
2094	433
2094	1351
1351	441
2094	1353
447	2096
2096	2095
2095	323
2095	1204
2095	1202
2095	2096
2096	1200
2096	445
445	322
2096	1361
2096	447
326	1370
337	2097
2097	1370
2097	2098
2098	448
2098	450
2098	1226
1226	341
2098	338
2098	2097
2097	337
332	1216
1216	329
1216	335
335	328
459	2099
2099	343
2099	451
2099	1380
2099	2101
2101	1382
2101	1385
1385	453
2101	2100
2100	456
2100	459
2100	2099
2100	2101
460	346
356	2103
2103	350
2103	2102
2102	349
2102	458
2102	457
2102	462
2102	2103
2103	1396
2103	359
2103	356
465	2107
2107	2105
2105	362
2105	1259
2105	2106
2106	2104
2104	361
2104	1398
2104	1400
1400	463
2104	1402
2104	2106
2106	1404
2106	1406
2106	2105
2105	2107
2107	1408
2107	465
368	1274
1274	2108
2108	1270
2108	1268
2108	1411
1411	365
1411	364
2108	466
2108	1276
1276	371
2108	1274
2109	2112
2112	2113
2111	2112
2111	2115
2115	2116
2112	2116
2116	2117
2114	2120
2114	2115
2115	2121
2121	2122
2116	2122
2122	2123
2117	2123
2126	2127
2119	2127
2120	2127
2120	2121
2121	2128
2128	2129
2122	2129
2124	2131
2131	2132
2125	2132
2132	2133
2126	2133
2127	2133
2127	2128
2128	2134
2131	2135
2132	2135
2133	2135
2133	2134
2135	1422
1422	1420
1420	2129
1420	1418
1418	2123
1418	1416
1416	2118
1416	468
468	454
454	2113
2113	2117
454	1387
1387	2110
1387	455
455	461
461	2109
461	1401
1401	2111
1401	2114
1401	1403
1403	2120
1403	2119
1403	1405
1405	1407
1407	2126
1407	2125
1407	1409
1409	2124
1409	464
464	373
373	2130
2130	2131
2130	1424
1424	2135
1424	1422
2130	471
2130	374
2130	373
380	477
477	1280
477	472
472	376
477	474
483	382
483	480
480	478
489	486
486	385
486	484
392	492
492	388
492	490
2140	2141
2141	2142
2136	2142
2142	2143
2137	2143
2144	2145
2139	2145
2145	2146
2140	2146
2146	2147
2141	2147
2147	1444
1444	2143
1444	1442
1442	2138
1442	493
493	394
394	395
395	2137
395	2136
395	398
398	2140
398	401
401	2139
401	1457
1457	2144
1457	1452
1452	1449
1449	2145
1449	495
495	2146
495	1446
1446	2147
1446	1444
1457	498
407	499
499	1459
1459	404
1459	403
522	516
516	409
516	513
513	497
513	1454
513	1471
1471	1469
1469	1451
1469	510
510	496
510	507
507	504
504	501
522	519
530	1326
530	525
525	523
523	412
419	2148
2148	416
2148	2149
2149	415
2149	531
2149	2148
2148	535
2148	538
2148	419
2154	2155
2150	2155
2155	2156
2151	2156
2156	544
544	2153
2153	422
422	1509
1509	2151
1509	1506
1506	2150
1506	550
550	1503
1503	2154
1503	1501
1501	547
547	1499
1499	2155
1499	1497
1497	2156
1497	544
2153	421
2153	541
541	539
2153	544
428	431
431	440
440	1334
440	559
559	1515
1515	1511
1511	424
1515	1508
1515	556
556	551
556	553
2158	2159
2159	446
446	449
449	1381
1381	2158
1381	1383
1383	1529
1529	2159
1529	1526
1526	2160
2160	1364
1364	446
2160	2161
2161	443
2161	1354
2161	2162
2162	1352
2162	2163
2163	442
2163	560
2163	562
2163	1526
2163	2162
2162	2161
2161	2160
1383	452
452	467
467	568
568	565
473	1425
473	571
571	1423
571	1546
1546	1421
1546	2165
2165	1419
2165	1417
2165	2164
2164	469
2164	569
2164	555
2164	554
2164	2165
2165	1546
479	475
479	574
574	572
2168	2169
2172	2173
2167	2173
2173	2174
2168	2174
2174	2175
2169	2175
2172	2176
2176	2177
2173	2177
2177	2178
2174	2178
2178	2171
2171	2170
2171	575
575	481
481	2169
481	2166
481	482
482	485
485	1577
1577	2168
1577	2167
1577	1575
1575	1573
1573	2172
1573	589
589	2176
589	586
586	2177
586	1567
1567	2178
1567	583
583	2171
583	577
577	575
583	580
491	1578
1578	487
491	1443
1443	1576
1443	1445
1445	1574
1445	1447
1447	590
1447	500
1447	494
595	588
588	502
502	503
595	587
595	592
598	505
598	1584
598	596
604	2179
2179	509
2179	2180
2180	508
2180	599
2180	601
2180	2179
2179	604
613	2181
2181	1472
2181	1470
2181	2182
2182	1590
1590	511
2182	607
607	605
2182	610
2182	613
2182	2181
619	616
616	1595
1595	514
1595	614
622	620
620	517
524	520
524	623
2186	2187
2186	2189
2189	2190
2187	2190
2189	2191
2191	1612
1612	617
617	2188
617	618
618	529
529	2184
2184	2187
529	534
534	2183
2183	1620
1620	1618
1618	2186
1618	1616
1616	2189
1616	631
631	2191
631	628
628	625
625	1612
2183	1622
2183	2185
2185	1624
2185	543
543	1626
543	649
649	1628
649	2192
2192	1630
2192	2193
2193	634
2193	637
2193	1633
1633	640
2193	643
2193	2192
2192	646
2192	649
2185	542
2185	2183
2183	534
618	621
621	526
540	536
578	579
579	2194
2194	1500
2194	1498
2194	650
650	545
2194	652
2194	579
552	1504
552	1548
1548	1502
1548	570
570	548
570	573
573	576
561	1516
561	566
566	557
566	567
563	2196
2196	1531
2196	2195
2195	1528
2195	563
2195	2196
658	2197
2197	581
2197	2198
2198	653
2198	645
2198	644
2198	655
2198	2197
2197	658
591	1569
591	661
661	584
661	659
597	2199
2199	2200
2200	593
2200	2201
2201	662
2201	1663
1663	664
2201	1665
2201	2200
2200	2202
2202	1667
2202	667
2202	1670
2202	2199
2199	600
2199	597
2202	2200
2203	2205
2205	2206
2205	2207
2207	668
668	1672
1672	2204
1672	602
602	603
603	2203
603	1680
1680	1678
1678	2205
1678	1676
1676	2207
1676	673
673	670
670	668
603	606
2209	2211
2211	2212
2211	2213
2213	1677
1677	1679
1679	2210
1679	1681
1681	2208
2208	2209
2208	682
682	679
679	676
676	2211
676	1684
1684	2213
1684	1682
1682	674
674	1677
2208	609
2208	1681
1681	608
615	2214
2214	1690
1690	2215
2215	612
2215	1688
1688	611
1688	683
2215	1690
2214	685
2214	624
2214	1614
2214	615
697	2216
2216	626
626	627
2216	686
2216	691
691	688
2216	694
2216	697
703	700
700	2217
2217	629
2217	1695
2217	1696
1696	698
2217	1698
2217	700
712	2224
2224	1631
1631	633
2224	1629
2224	2223
2223	1627
2223	2221
2221	1625
2221	2222
2222	2218
2218	1623
2218	2219
2219	1621
2219	2220
2220	1619
2220	1617
2220	704
704	632
2220	706
2220	1703
2220	2219
2219	1706
2219	2218
2218	2222
2222	1709
2222	2223
2223	709
2223	2224
2224	712
2222	2221
718	1719
1719	635
635	636
1719	1717
1717	1716
1717	715
715	713
736	638
736	1722
736	733
733	730
730	719
730	721
730	724
730	727
654	1635
654	1735
1735	641
1735	737
651	647
660	663
663	656
663	1739
1739	1736
1739	1737
1737	735
1737	734
1737	739
2230	2231
2226	2231
2227	2231
2228	2231
2228	2229
2230	2232
2231	2232
2230	669
669	1742
1742	2229
1742	740
740	1738
1738	2225
1738	1740
1740	665
665	2228
665	1664
1664	2227
1664	1666
1666	2226
1666	1668
1668	666
666	2230
666	669
675	1752
1752	1749
1749	1683
1749	742
742	672
742	1746
1746	1744
1744	671
1746	738
1746	731
731	732
675	745
748	677
748	746
684	2233
2233	1689
2233	681
2233	680
2233	749
2233	687
2233	684
725	726
726	1761
1761	1767
1761	743
743	1769
743	1771
743	1751
1751	1773
1751	1754
1754	1775
1754	2234
2234	1777
2234	747
747	1779
747	689
689	690
2234	744
2234	1754
2235	2238
2238	2239
2236	2239
2239	2240
2241	2242
2238	2242
2242	2243
2239	2243
2243	2244
2248	2249
2251	2252
2247	2252
2252	2253
2248	2253
2249	2253
2251	2256
2252	2256
2253	2256
2253	2254
2256	768
768	2255
2255	1783
1783	2250
1783	1781
1781	2249
1781	751
751	2245
751	722
722	723
723	2248
723	1766
1766	2247
1766	1768
1768	2251
1768	1770
1770	2246
2246	1861
1861	2256
1861	768
2246	1863
2246	1774
1774	2244
2244	1865
2244	2243
2243	2242
2242	1867
2242	2241
2241	1789
1789	1869
1789	1787
1787	2255
2255	768
1787	1785
1785	1783
2241	1791
2241	2238
2238	1793
2238	2235
2235	754
2235	693
2235	2236
2236	692
2236	2237
2237	1780
2237	1778
2237	2240
2240	2244
2244	1776
2244	1774
2246	1772
2246	1770
699	1801
1801	2257
2257	1697
2257	696
2257	695
2257	755
2257	1795
2257	1799
1799	1797
1797	760
760	757
2257	1801
2262	2265
2264	2265
2264	1815
1815	1813
1813	1811
1811	2263
1811	1809
1809	1831
1831	1829
1829	2262
1829	2264
1829	710
710	711
711	714
714	1817
1817	1815
1809	1807
1807	1833
1807	1835
1807	1805
1805	2259
2259	1837
2259	2260
2260	2258
2258	705
2258	702
2258	701
2258	1802
2258	2260
2260	1800
2260	2261
2261	1798
2261	1803
1803	761
2261	2259
2259	1805
2261	2260
1813	763
707	1705
1705	2266
2266	1836
2266	2268
2268	1834
2268	1832
2268	2267
2267	1830
2267	708
2267	1711
2267	1708
2267	2268
2268	2266
2266	1705
720	2270
2270	1720
2270	2269
2269	1718
2269	1818
1818	716
2269	1816
2269	2270
2270	1814
2270	1819
1819	764
1819	766
2270	750
2270	720
741	1763
1763	728
728	729
756	1792
1792	1794
1794	753
756	2271
2271	1790
2271	2275
2275	1788
2275	1786
2275	2274
2274	2273
2273	1784
2273	2272
2272	1782
2272	1820
1820	752
2272	767
2272	2273
2273	1822
2273	2274
2274	2271
2271	1825
2271	756
2274	2275
759	1827
2278	2279
2277	2280
2278	2280
2280	1827
1827	759
759	1804
1804	2276
1804	1806
1806	1808
1808	2278
1808	1810
1810	2277
1810	1812
1812	2280
1812	762
762	765
765	1824
1824	1827
769	2281
2281	1868
2281	1866
2281	1864
2281	1862
2281	769
772	0
773	772
1	772
3	1
774	4
776	774
5	774
777	5
776	775
778	776
777	776
6	777
779	7
781	779
8	779
782	8
781	780
783	781
782	781
9	782
11	10
785	11
785	784
12	785
14	13
787	14
787	786
789	787
789	788
791	789
791	790
793	791
793	792
2	793
12	14
795	12
795	794
797	795
797	796
799	797
799	798
801	799
801	800
803	801
803	802
805	803
805	804
15	805
17	16
1	17
15	17
18	15
20	19
807	20
807	806
21	807
808	22
809	808
23	808
24	23
810	25
812	810
26	810
813	26
812	811
814	812
813	812
27	813
29	28
30	29
32	31
816	32
816	815
818	816
818	817
33	818
35	34
11	35
819	35
820	819
33	819
36	33
821	37
823	821
822	821
824	822
38	822
39	38
41	40
826	41
826	825
42	826
827	43
830	827
828	827
831	828
44	828
832	44
830	829
833	830
831	830
834	831
832	831
45	832
47	46
48	47
835	49
837	835
836	835
838	836
50	836
51	50
839	52
840	839
53	839
54	53
841	55
843	841
842	841
844	842
56	842
57	56
845	58
847	845
846	845
848	846
59	846
60	59
849	61
852	849
850	849
853	850
851	850
854	851
62	851
63	62
855	64
856	855
65	855
20	65
857	65
859	857
63	857
860	63
859	858
861	859
860	859
66	860
862	67
863	862
68	862
69	68
864	70
865	864
71	864
23	71
866	71
867	866
69	866
72	69
868	73
870	868
74	868
871	74
870	869
872	870
871	870
75	871
77	76
874	77
874	873
876	874
876	875
26	876
877	77
878	877
75	877
78	75
879	79
881	879
880	879
882	880
80	880
81	80
883	82
885	883
884	883
886	884
83	884
84	83
887	85
889	887
888	887
890	888
86	888
87	86
89	88
90	89
891	91
893	891
92	891
894	92
893	892
896	893
894	893
897	894
896	895
898	896
897	896
29	897
90	92
93	90
899	94
900	899
95	899
96	95
98	97
902	98
902	901
904	902
904	903
906	904
906	905
99	906
907	100
908	907
101	907
102	101
909	103
911	909
104	909
912	104
911	910
913	911
912	911
105	912
107	106
915	107
915	914
917	915
917	916
32	917
918	107
919	918
105	918
108	105
920	109
921	920
110	920
38	110
108	110
923	108
923	922
111	923
924	112
925	924
113	924
41	113
926	113
927	926
111	926
44	111
102	104
114	102
116	115
117	116
119	118
929	119
929	928
931	929
931	930
933	931
933	932
935	933
935	934
937	935
937	936
939	937
939	938
941	939
941	940
120	941
942	121
945	942
943	942
946	943
944	943
947	944
122	944
123	122
948	124
950	948
949	948
951	949
125	949
126	125
952	127
954	952
953	952
955	953
128	953
47	128
956	128
958	956
957	956
959	957
126	957
129	126
960	130
961	960
131	960
50	131
962	131
964	962
963	962
965	963
129	963
132	129
136	137
966	133
967	966
135	966
968	138
971	968
969	968
972	969
970	969
973	970
139	970
140	139
974	141
977	974
975	974
978	975
976	975
979	976
142	976
143	142
145	144
146	145
980	147
981	980
148	980
149	148
151	150
59	151
149	151
62	149
146	148
152	146
982	153
986	982
983	982
987	983
984	983
988	984
154	984
989	154
986	985
990	986
987	986
991	987
988	987
992	988
989	988
155	989
993	156
994	993
157	993
158	157
995	159
997	995
160	995
998	160
997	996
999	997
998	997
68	998
158	160
1001	158
1001	1000
161	1001
1002	162
1003	1002
163	1002
164	163
166	165
167	166
169	168
170	169
172	171
1005	172
1005	1004
83	1005
170	172
1007	170
1007	1006
173	1007
1008	174
1009	1008
175	1008
176	175
1010	177
1011	1010
178	1010
179	178
181	180
182	181
184	183
86	184
182	184
185	182
1012	186
1014	1012
1013	1012
1015	1013
187	1013
188	187
1016	189
1018	1016
1017	1016
1019	1017
190	1017
89	190
1020	190
1021	1020
188	1020
95	188
1022	187
1024	1022
1023	1022
1025	1023
185	1023
191	185
1026	192
1027	1026
193	1026
194	193
196	195
197	196
199	198
1029	199
1029	1028
200	1029
202	201
203	202
1030	204
1031	1030
205	1030
98	205
1032	205
1033	1032
203	1032
101	203
200	202
206	200
208	207
1035	208
1035	1034
116	1035
1036	208
1037	1036
206	1036
209	206
211	210
1039	211
1039	1038
1041	1039
1041	1040
212	1041
214	213
1043	214
1043	1042
119	1043
1044	214
1045	1044
212	1044
215	212
1046	216
1048	1046
217	1046
1049	217
1048	1047
1050	1048
1049	1048
218	1049
1051	219
1052	1051
220	1051
221	220
1053	222
1056	1053
1054	1053
1057	1054
1055	1054
1058	1055
223	1055
122	223
1059	223
1061	1059
1060	1059
1062	1060
221	1060
224	221
226	225
227	226
1063	228
1064	1063
229	1063
230	229
1065	231
1066	1065
232	1065
233	232
1067	234
1068	1067
235	1067
125	235
1069	235
1071	1069
1070	1069
1072	1070
233	1070
236	233
1073	237
1075	1073
1074	1073
1076	1074
238	1074
134	238
236	238
1078	236
1078	1077
1080	1078
1080	1079
1082	1080
1082	1081
239	1082
1083	240
1084	1083
241	1083
139	241
1085	241
1086	1085
239	1085
242	239
244	243
1088	244
1088	1087
245	1088
247	246
1090	247
1090	1089
248	1090
1091	249
1093	1091
1092	1091
1094	1092
250	1092
142	250
1095	250
1097	1095
1096	1095
1098	1096
248	1096
251	248
1099	252
1100	1099
253	1099
254	253
256	255
1102	256
1102	1101
257	1102
1103	258
1104	1103
259	1103
260	259
262	261
263	262
1105	264
1107	1105
1106	1105
1108	1106
265	1106
157	265
1109	265
1111	1109
1110	1109
1112	1110
263	1110
266	263
1113	267
1116	1113
1114	1113
1117	1114
1115	1114
1118	1115
268	1115
269	268
1119	270
1120	1119
271	1119
163	271
1121	271
1123	1121
269	1121
1124	269
1123	1122
1125	1123
1124	1123
272	1124
1126	273
1127	1126
274	1126
275	274
1128	276
1129	1128
277	1128
278	277
1130	279
1131	1130
280	1130
281	280
1132	282
1133	1132
283	1132
166	283
1134	283
1135	1134
281	1134
284	281
286	285
169	286
1136	286
1138	1136
284	1136
1139	284
1138	1137
1140	1138
1139	1138
175	1139
1141	280
1143	1141
1142	1141
1144	1142
278	1142
287	278
289	288
1146	289
1146	1145
1148	1146
1148	1147
1150	1148
1150	1149
178	1150
1151	289
1153	1151
1152	1151
1154	1152
287	1152
290	287
1155	291
1157	1155
1156	1155
1158	1156
292	1156
293	292
1159	294
1162	1159
1160	1159
1163	1160
1161	1160
1164	1161
295	1161
296	295
1165	297
1167	1165
1166	1165
1168	1166
298	1166
299	298
301	300
1170	301
1170	1169
302	1170
304	303
305	304
1171	306
1172	1171
307	1171
308	307
310	309
181	310
308	310
311	308
1173	312
1176	1173
1174	1173
1177	1174
313	1174
1178	313
1176	1175
1179	1176
1177	1176
1180	1177
1178	1177
193	1178
1181	313
1183	1181
1182	1181
1184	1182
311	1182
314	311
316	315
1186	316
1186	1185
1188	1186
1188	1187
1190	1188
1190	1189
196	1190
1191	316
1193	1191
1192	1191
1194	1192
314	1192
317	314
1195	318
1197	1195
1196	1195
1198	1196
319	1196
320	319
322	321
1200	322
1200	1199
1202	1200
1202	1201
1204	1202
1204	1203
323	1204
1205	324
1206	1205
325	1205
326	325
328	327
329	328
331	330
1208	331
1208	1207
1210	1208
1210	1209
1212	1210
1212	1211
199	1212
329	331
1214	329
1214	1213
332	1214
334	333
211	334
332	334
1216	332
1216	1215
335	1216
337	336
338	337
340	339
1218	340
1218	1217
1220	1218
1220	1219
1222	1220
1222	1221
217	1222
1223	340
1225	1223
338	1223
1226	338
1225	1224
1227	1225
1226	1225
341	1226
1228	342
1231	1228
1229	1228
1232	1229
1230	1229
1233	1230
343	1230
344	343
1234	345
1236	1234
1235	1234
1237	1235
346	1235
347	346
1238	348
1240	1238
1239	1238
1241	1239
349	1239
350	349
1242	351
1244	1242
1243	1242
1245	1243
352	1243
353	352
355	354
220	355
1246	355
1247	1246
353	1246
226	353
350	352
1249	350
1249	1248
356	1249
1250	357
1251	1250
358	1250
229	358
1252	358
1254	1252
1253	1252
1255	1253
356	1253
359	356
1256	360
1258	1256
361	1256
1259	361
1258	1257
1260	1258
1259	1258
362	1259
364	363
365	364
367	366
1262	367
1262	1261
1264	1262
1264	1263
1266	1264
1266	1265
232	1266
365	367
1268	365
1268	1267
1270	1268
1270	1269
1272	1270
1272	1271
368	1272
370	369
244	370
368	370
1274	368
1274	1273
1276	1274
1276	1275
371	1276
1277	372
1278	1277
373	1277
374	373
376	375
1280	376
1280	1279
377	1280
379	378
247	379
377	379
380	377
1281	381
1282	1281
382	1281
383	382
1283	384
1284	1283
385	1283
386	385
1285	387
1286	1285
388	1285
389	388
1287	390
1288	1287
391	1287
253	391
1289	391
1290	1289
389	1289
392	389
1291	393
1293	1291
1292	1291
1294	1292
394	1292
395	394
397	396
256	397
1295	397
1298	1295
1296	1295
1299	1296
1297	1296
1300	1297
395	1297
398	395
400	399
259	400
1301	400
1304	1301
1302	1301
1305	1302
1303	1302
1306	1303
398	1303
401	398
1307	402
1308	1307
403	1307
404	403
1309	405
1311	1309
406	1309
1312	406
1311	1310
1314	1311
1312	1311
1315	1312
1314	1313
1316	1314
1315	1314
274	1315
404	406
1318	404
1318	1317
407	1318
1319	408
1322	1319
1320	1319
1323	1320
1321	1320
1324	1321
409	1321
410	409
412	411
1326	412
1326	1325
413	1326
415	414
416	415
418	417
1328	418
1328	1327
295	1328
416	418
1330	416
1330	1329
419	1330
1331	420
1332	1331
421	1331
422	421
424	423
1334	424
1334	1333
425	1334
427	426
298	427
425	427
428	425
1335	429
1336	1335
430	1335
301	430
1337	430
1339	1337
1338	1337
1340	1338
428	1338
431	428
1341	432
1342	1341
433	1341
434	433
436	435
304	436
1343	436
1344	1343
434	1343
437	434
439	438
307	439
1345	439
1346	1345
437	1345
319	437
1347	433
1349	1347
1348	1347
1350	1348
431	1348
440	431
442	441
1352	442
1352	1351
1354	1352
1354	1353
443	1354
1355	444
1357	1355
1356	1355
1358	1356
445	1356
322	445
1359	445
1362	1359
1360	1359
1363	1360
443	1360
1364	443
1362	1361
1365	1362
1363	1362
1366	1363
1364	1363
446	1364
1367	447
1369	1367
448	1367
1370	448
1369	1368
1371	1369
1370	1369
325	1370
1372	448
1374	1372
1373	1372
1375	1373
446	1373
449	446
1376	450
1378	1376
1377	1376
1379	1377
451	1377
343	451
449	451
1381	449
1381	1380
1383	1381
1383	1382
452	1383
1384	453
1386	1384
454	1384
1387	454
1386	1385
1388	1386
1387	1386
455	1387
1389	456
1390	1389
457	1389
458	457
460	459
346	460
458	460
349	458
1391	457
1393	1391
1392	1391
1394	1392
455	1392
461	455
1395	462
1397	1395
463	1395
1398	463
1397	1396
1399	1397
1398	1397
361	1398
461	463
1401	461
1401	1400
1403	1401
1403	1402
1405	1403
1405	1404
1407	1405
1407	1406
1409	1407
1409	1408
464	1409
466	465
1411	466
1411	1410
364	1411
464	466
373	464
1412	454
1414	1412
1413	1412
1415	1413
452	1413
467	452
469	468
1417	469
1417	1416
1419	1417
1419	1418
1421	1419
1421	1420
1423	1421
1423	1422
1425	1423
1425	1424
470	1425
472	471
376	472
470	472
473	470
1426	474
1427	1426
475	1426
476	475
1428	477
1429	1428
478	1428
382	478
476	478
479	476
1430	480
1432	1430
1431	1430
1433	1431
481	1431
482	481
484	483
385	484
1434	484
1435	1434
482	1434
485	482
1436	486
1437	1436
487	1436
488	487
490	489
388	490
1438	490
1439	1438
488	1438
491	488
1440	492
1441	1440
493	1440
394	493
491	493
1443	491
1443	1442
1445	1443
1445	1444
1447	1445
1447	1446
494	1447
1448	495
1450	1448
496	1448
1451	496
1450	1449
1453	1450
1451	1450
1454	1451
1453	1452
1455	1453
1454	1453
497	1454
1456	498
1458	1456
499	1456
1459	499
1458	1457
1460	1458
1459	1458
403	1459
1461	499
1464	1461
1462	1461
1465	1462
1463	1462
1466	1463
497	1463
409	497
494	496
500	494
502	501
503	502
505	504
506	505
1467	507
1468	1467
508	1467
509	508
511	510
1470	511
1470	1469
1472	1470
1472	1471
512	1472
1473	513
1474	1473
514	1473
515	514
517	516
518	517
1475	519
1476	1475
520	1475
521	520
1477	522
1479	1477
1478	1477
1480	1478
523	1478
412	523
1481	523
1482	1481
521	1481
524	521
528	529
527	525
531	530
415	531
533	534
532	531
1483	535
1485	1483
1484	1483
1486	1484
536	1484
537	536
1487	538
1488	1487
539	1487
421	539
537	539
540	537
1489	541
1493	1489
1490	1489
1494	1490
1491	1490
1495	1491
1492	1491
1496	1492
542	1492
543	542
545	544
1498	545
1498	1497
1500	1498
1500	1499
546	1500
548	547
1502	548
1502	1501
1504	1502
1504	1503
549	1504
1505	550
1507	1505
551	1505
1508	551
1507	1506
1510	1507
1508	1507
1511	1508
1510	1509
1512	1510
1511	1510
424	1511
549	551
552	549
1513	553
1514	1513
554	1513
555	554
557	556
1516	557
1516	1515
558	1516
1517	559
1519	1517
1518	1517
1520	1518
560	1518
442	560
1521	560
1523	1521
1522	1521
1524	1522
558	1522
561	558
1525	562
1527	1525
563	1525
1528	563
1527	1526
1530	1527
1528	1527
1531	1528
1530	1529
1532	1530
1531	1530
564	1531
1533	565
1535	1533
1534	1533
1536	1534
566	1534
567	566
1537	568
1538	1537
569	1537
469	569
1539	569
1540	1539
567	1539
557	567
1541	566
1543	1541
1542	1541
1544	1542
564	1542
563	564
1545	554
1547	1545
552	1545
1548	552
1547	1546
1549	1547
1548	1547
570	1548
1550	571
1551	1550
572	1550
475	572
570	572
573	570
1552	574
1554	1552
1553	1552
1555	1553
575	1553
481	575
1556	575
1558	1556
1557	1556
1559	1557
573	1557
576	573
1560	577
1562	1560
1561	1560
1563	1561
578	1561
579	578
1564	580
1565	1564
581	1564
582	581
1566	583
1568	1566
584	1566
1569	584
1568	1567
1570	1568
1569	1568
585	1569
1571	586
1572	1571
587	1571
588	587
590	589
1574	590
1574	1573
1576	1574
1576	1575
1578	1576
1578	1577
487	1578
1579	590
1580	1579
588	1579
502	588
585	587
591	585
1581	592
1582	1581
593	1581
594	593
596	595
1584	596
1584	1583
505	1584
594	596
597	594
599	598
508	599
1585	599
1586	1585
597	1585
600	597
1587	601
1588	1587
602	1587
603	602
605	604
1590	605
1590	1589
511	1590
1591	605
1592	1591
603	1591
606	603
1593	607
1594	1593
608	1593
609	608
611	610
612	611
614	613
514	614
612	614
1596	612
1596	1595
615	1596
1597	616
1598	1597
617	1597
618	617
620	619
517	620
1599	620
1601	1599
1600	1599
1602	1600
618	1600
621	618
1603	622
1604	1603
623	1603
520	623
1605	623
1608	1605
1606	1605
1609	1606
1607	1606
1610	1607
621	1607
526	621
1611	617
1613	1611
615	1611
1614	615
1613	1612
1615	1613
1614	1613
624	1614
626	625
627	626
629	628
630	629
632	631
1617	632
1617	1616
1619	1617
1619	1618
1621	1619
1621	1620
1623	1621
1623	1622
1625	1623
1625	1624
1627	1625
1627	1626
1629	1627
1629	1628
1631	1629
1631	1630
633	1631
635	634
636	635
638	637
639	638
1632	640
1634	1632
641	1632
1635	641
1634	1633
1636	1634
1635	1634
642	1635
1637	643
1639	1637
1638	1637
1640	1638
644	1638
645	644
1641	646
1642	1641
647	1641
648	647
1643	649
1646	1643
1644	1643
1647	1644
1645	1644
1648	1645
650	1645
545	650
1649	650
1651	1649
1650	1649
1652	1650
648	1650
651	648
1653	652
1655	1653
1654	1653
1656	1654
653	1654
581	653
651	653
647	651
1657	644
1658	1657
642	1657
654	642
656	655
657	656
659	658
584	659
1659	659
1660	1659
657	1659
660	657
1661	661
1662	1661
662	1661
593	662
660	662
663	660
665	664
1664	665
1664	1663
1666	1664
1666	1665
1668	1666
1668	1667
666	1668
1669	667
1671	1669
668	1669
1672	668
1671	1670
1673	1671
1672	1671
602	1672
1674	668
1675	1674
666	1674
669	666
671	670
672	671
674	673
1677	674
1677	1676
1679	1677
1679	1678
1681	1679
1681	1680
608	1681
672	674
1683	672
1683	1682
1685	1683
1685	1684
675	1685
677	676
678	677
1686	679
1687	1686
680	1686
681	680
683	682
611	683
681	683
1689	681
1689	1688
1691	1689
1691	1690
684	1691
686	685
626	686
1692	686
1693	1692
684	1692
687	684
689	688
690	689
692	691
693	692
695	694
696	695
698	697
1695	698
1695	1694
629	1695
696	698
1697	696
1697	1696
1699	1697
1699	1698
699	1699
701	700
702	701
704	703
632	704
1700	704
1701	1700
702	1700
705	702
1702	706
1704	1702
707	1702
1705	707
1704	1703
1707	1704
1705	1704
1708	1705
1707	1706
1710	1707
1708	1707
1711	1708
1710	1709
1712	1710
1711	1710
708	1711
1713	709
1714	1713
710	1713
711	710
713	712
1716	713
1716	1715
635	1716
711	713
714	711
716	715
1718	716
1718	1717
1720	1718
1720	1719
717	1720
719	718
1722	719
1722	1721
638	1722
717	719
720	717
722	721
723	722
725	724
726	725
1723	727
1724	1723
728	1723
729	728
1725	730
1726	1725
731	1725
732	731
1727	733
1729	1727
1728	1727
1730	1728
734	1728
735	734
1731	736
1733	1731
1732	1731
1734	1732
737	1732
641	737
735	737
1736	735
1736	1735
656	1736
732	734
738	732
740	739
1738	740
1738	1737
1740	1738
1740	1739
665	1740
1741	740
1743	1741
738	1741
1744	738
1743	1742
1745	1743
1744	1743
671	1744
729	731
1747	729
1747	1746
741	1747
1748	742
1750	1748
743	1748
1751	743
1750	1749
1753	1750
1751	1750
1754	1751
1753	1752
1755	1753
1754	1753
744	1754
746	745
677	746
1756	746
1757	1756
744	1756
747	744
749	748
680	749
1758	749
1759	1758
747	1758
689	747
1760	743
1762	1760
741	1760
1763	741
1762	1761
1764	1762
1763	1762
728	1763
723	725
1766	723
1766	1765
1768	1766
1768	1767
1770	1768
1770	1769
1772	1770
1772	1771
1774	1772
1774	1773
1776	1774
1776	1775
1778	1776
1778	1777
1780	1778
1780	1779
692	1780
720	722
750	720
752	751
1782	752
1782	1781
1784	1782
1784	1783
1786	1784
1786	1785
1788	1786
1788	1787
1790	1788
1790	1789
1792	1790
1792	1791
1794	1792
1794	1793
753	1794
755	754
695	755
753	755
1796	753
1796	1795
756	1796
758	757
759	758
761	760
1798	761
1798	1797
1800	1798
1800	1799
1802	1800
1802	1801
701	1802
759	761
1804	759
1804	1803
1806	1804
1806	1805
1808	1806
1808	1807
1810	1808
1810	1809
1812	1810
1812	1811
762	1812
764	763
1814	764
1814	1813
1816	1814
1816	1815
1818	1816
1818	1817
716	1818
762	764
765	762
767	766
1820	767
1820	1819
752	1820
1821	767
1823	1821
765	1821
1824	765
1823	1822
1826	1823
1824	1823
1827	1824
1826	1825
1828	1826
1827	1826
758	1827
708	710
1830	708
1830	1829
1832	1830
1832	1831
1834	1832
1834	1833
1836	1834
1836	1835
1838	1836
1838	1837
707	1838
576	578
548	576
1839	542
1842	1839
1840	1839
1843	1840
1841	1840
1844	1841
540	1841
536	540
335	337
328	335
290	292
1846	290
1846	1845
277	1846
266	268
262	266
1847	154
1849	1847
1848	1847
1850	1848
152	1848
145	152
78	80
1852	78
1852	1851
74	1852
1853	56
1854	1853
54	1853
53	54
6	8
1856	6
1856	1855
1858	1856
1858	1857
1860	1858
1860	1859
5	1860
769	768
1862	769
1862	1861
1864	1862
1864	1863
1866	1864
1866	1865
1868	1866
1868	1867
1870	1868
1870	1869
769	1870
772	2
1	2
774	5
773	774
4	774
778	8
779	8
7	779
783	11
10	11
13	14
16	17
19	856
20	856
808	865
23	865
22	808
809	26
810	26
25	810
814	898
29	898
28	29
31	32
34	819
35	819
820	921
821	921
822	921
38	921
37	821
824	925
823	925
41	925
40	41
827	927
828	927
44	927
43	827
834	954
1878	954
955	954
47	955
46	47
833	46
834	833
1879	961
836	961
50	961
835	836
48	835
49	835
838	1854
837	1854
53	1854
839	53
52	839
841	1853
842	1853
56	1853
840	841
55	841
844	59
846	59
843	846
845	846
58	845
851	62
850	851
848	850
849	850
847	849
61	849
854	857
853	857
65	857
855	65
852	855
64	855
861	999
862	999
68	999
67	862
863	866
1880	866
71	866
864	71
70	864
863	70
867	74
868	74
73	868
872	877
76	877
77	877
880	80
878	880
879	880
79	879
884	83
882	884
883	884
881	883
82	883
886	86
888	86
885	888
887	888
85	887
890	1018
1019	1018
889	1019
89	1019
88	89
891	92
91	891
94	1021
899	1021
95	1021
900	1031
97	1031
98	1031
100	1033
907	1033
101	1033
908	104
909	104
103	909
913	918
106	918
107	918
920	110
919	920
109	920
112	926
924	926
113	926
115	116
118	119
942	1056
943	1056
1057	1056
944	1057
1058	1057
122	1058
121	942
947	1068
1882	1068
125	1068
949	125
1881	949
948	949
945	948
124	948
946	945
947	946
1882	947
1885	1883
951	957
1885	957
956	957
1884	956
128	956
953	128
1883	953
952	953
950	952
127	952
951	950
1885	951
959	963
1886	963
962	963
1887	962
131	962
960	131
1886	960
130	960
958	130
959	958
1892	1891
1892	1888
1892	1889
1893	1891
1888	1075
1891	1075
1076	1075
1893	1076
134	1076
136	134
1871	136
1892	1871
1890	1871
135	1871
966	135
964	966
133	966
1889	964
965	964
1888	965
132	965
1896	1084
1897	1084
139	1084
970	139
969	970
1895	969
1894	969
968	969
967	968
138	968
135	967
1895	135
1871	135
1897	1871
136	1871
1896	136
137	136
1900	1899
1902	1901
1902	1899
1903	1902
1901	1093
1902	1093
1094	1093
1903	1094
142	1094
976	142
1900	976
975	976
1898	975
974	975
971	974
141	974
1899	971
972	971
1901	972
973	972
140	973
979	1849
978	1849
1850	1849
977	1850
145	1850
144	145
980	148
147	980
981	151
150	151
982	1848
983	1848
1847	1848
984	1847
154	1847
153	982
992	1107
1905	1107
1108	1107
1904	1108
157	1108
993	157
990	993
156	993
991	990
1905	991
992	991
994	160
995	160
159	995
162	1120
1002	1120
163	1120
1003	1133
166	1133
165	166
168	169
171	172
174	1140
1008	1140
175	1140
1010	178
1009	1010
177	1010
1011	181
180	181
183	184
1012	1023
1013	1023
1022	1023
187	1022
186	1012
1015	1020
1906	1020
190	1020
1017	190
1907	1017
1016	1017
1014	1016
189	1016
1015	1014
1906	1015
1025	1179
1909	1179
1180	1179
1908	1180
193	1180
1026	193
192	1026
1024	192
1909	1024
1025	1024
1027	196
195	196
198	199
201	202
1030	1032
205	1032
204	1030
207	1036
208	1036
1037	211
210	211
213	1044
214	1044
1046	217
1045	1046
216	1046
1050	220
1051	220
219	1051
1053	1060
1054	1060
1059	1060
1055	1059
223	1059
1052	1053
222	1053
1062	1247
1061	1247
226	1247
225	226
1063	1251
229	1251
228	1063
1064	232
1065	232
231	1065
1066	1070
1069	1070
1067	1069
235	1069
234	1067
1072	238
1074	238
1071	1074
1073	1074
237	1073
240	1085
1083	1085
241	1085
1086	244
243	244
246	247
1091	1096
1092	1096
1095	1096
250	1095
249	1091
1098	1288
1097	1288
1099	1288
253	1288
252	1099
1100	256
255	256
1103	259
258	1103
1104	262
261	262
1910	1110
1105	1110
1109	1110
1106	1109
265	1109
264	1105
263	264
1115	268
1112	1115
1114	1115
1111	1114
1113	1114
267	1113
1118	1121
1117	1121
271	1121
1119	271
1116	1119
270	1119
1125	1316
1911	1316
274	1316
1126	274
273	1126
1125	273
1127	277
1128	277
276	1128
1129	1142
1141	1142
1130	1141
280	1141
279	1130
1131	1134
1912	1134
283	1134
1132	283
282	1132
1131	282
1135	1136
285	1136
286	1136
1144	1152
1143	1152
1151	1152
288	1151
289	1151
1156	292
1154	1156
1155	1156
1153	1155
291	1155
1161	295
1158	1161
1160	1161
1157	1160
1159	1160
294	1159
1164	298
1166	298
1163	1166
1165	1166
1162	1165
297	1165
1168	1336
1167	1336
301	1336
300	301
303	304
1171	307
306	1171
1172	310
309	310
1173	1182
1174	1182
1181	1182
313	1181
312	1173
1184	1192
1183	1192
1191	1192
315	1191
316	1191
1194	1346
1913	1346
1196	1346
319	1346
1195	1196
1193	1195
318	1195
1194	1193
1198	1357
1197	1357
1358	1357
321	1358
322	1358
324	1371
1205	1371
325	1371
1206	328
327	328
330	331
333	334
336	337
339	1223
340	1223
1914	1378
1229	1378
1379	1378
1230	1379
343	1379
1228	1229
1227	1228
342	1228
341	1227
1233	346
1235	346
1232	1235
1234	1235
1231	1234
345	1234
1239	349
1237	1239
1238	1239
1236	1238
348	1238
1241	352
1243	352
1240	1243
1242	1243
351	1242
1245	1246
1244	1246
355	1246
354	355
357	1253
1250	1253
1252	1253
358	1252
1255	1399
1254	1399
1256	1399
361	1399
360	1256
1260	364
363	364
366	367
369	370
1277	373
372	1277
1278	376
375	376
378	379
1281	1429
382	1429
381	1281
1283	385
1282	1283
384	1283
1284	388
1285	388
387	1285
1915	1289
1287	1289
391	1289
1286	1287
390	1287
389	1286
1292	1441
394	1441
1291	1292
1290	1291
393	1291
1294	1297
1296	1297
1293	1296
1295	1296
396	1295
397	1295
1300	1303
1299	1303
1302	1303
1298	1302
1301	1302
399	1301
400	1301
1306	1460
1305	1460
1916	1460
403	1460
1307	403
1304	1307
402	1307
1305	1304
1308	406
1309	406
405	1309
408	1464
1319	1464
1465	1464
1320	1465
1466	1465
1321	1466
409	1466
1324	1479
1323	1479
1480	1479
1322	1480
412	1480
411	412
414	415
417	418
420	1488
1331	1488
421	1488
1332	1512
424	1512
423	424
426	427
429	1338
1335	1338
1337	1338
430	1337
1340	1348
1917	1348
1347	1348
433	1347
1341	433
1339	1341
432	1341
1340	1339
1342	1343
436	1343
435	436
1344	1345
438	1345
439	1345
1350	1519
1349	1519
1520	1519
441	1520
442	1520
444	1360
1355	1360
1359	1360
1356	1359
445	1359
1366	1373
1918	1373
1372	1373
1365	1372
1367	1372
448	1372
447	1367
1366	1365
1375	451
1377	451
1374	1377
1376	1377
450	1376
453	1413
1384	1413
1412	1413
454	1412
1388	1392
1391	1392
1389	1391
457	1391
456	1389
1390	460
459	460
1394	463
1395	463
1393	1395
462	1395
465	466
1415	1538
1414	1538
469	1538
468	469
471	472
474	1551
1426	1551
475	1551
1428	478
1427	1428
477	1428
480	1554
1430	1554
1555	1554
1431	1555
481	1555
1433	1434
1432	1434
484	1434
483	484
1435	487
1436	487
486	1436
1437	1438
489	1438
490	1438
1440	493
1439	1440
492	1440
1448	496
495	1448
1455	1463
1919	1463
1462	1463
1461	1462
1456	1461
499	1461
498	1456
1455	498
501	1580
502	1580
504	505
1467	508
507	1467
1468	511
510	511
1473	514
513	1473
1474	517
516	517
519	1604
1475	1604
520	1604
1478	1481
523	1481
1477	1478
1476	1477
522	1477
1873	1608
1874	1608
1609	1608
1610	1609
771	1610
1875	1610
528	1610
526	1610
770	1873
1482	770
1872	770
527	1872
525	527
1877	533
528	1877
1875	1877
771	1877
1922	1921
1923	1921
1877	1842
771	1842
1924	1842
1843	1842
1923	1843
1844	1843
1922	1844
536	1844
1484	536
1920	1484
1483	1484
770	1483
1876	1483
535	1483
532	535
1921	770
1873	770
1874	1873
1923	1874
1924	1874
771	1874
533	1877
1486	539
1487	539
1485	1487
538	1487
1489	1841
1490	1841
1840	1841
1491	1840
1839	1840
1492	1839
542	1839
541	1489
1496	1646
1495	1646
1647	1646
1494	1647
1648	1647
1493	1648
545	1648
544	545
547	548
1505	551
550	1505
553	1545
1513	1545
554	1545
1514	1540
556	1540
557	1540
1517	1522
1518	1522
1521	1522
560	1521
559	1517
1524	1543
1523	1543
1544	1543
562	1544
1525	1544
563	1544
1532	1542
565	1542
1533	1542
1541	1542
1534	1541
566	1541
1536	1539
1925	1539
1537	1539
569	1539
1535	1537
568	1537
1536	1535
1549	572
1550	572
571	1550
1552	1557
1553	1557
1556	1557
575	1556
574	1552
1561	578
1559	1561
1560	1561
1558	1560
577	1560
1563	1655
1926	1655
1656	1655
581	1656
1564	581
580	1564
1562	580
1563	1562
1566	584
1565	1566
583	1566
1570	587
1571	587
586	1571
1572	1579
590	1579
589	590
592	1662
1581	1662
593	1662
1582	596
595	596
598	1585
599	1585
1586	1673
1587	1673
602	1673
601	1587
1588	1591
605	1591
604	605
1592	608
1593	608
607	1593
1594	611
610	611
613	614
1597	1611
617	1611
616	1597
1598	1600
1599	1600
619	1599
620	1599
1602	1607
1601	1607
1606	1607
1927	1606
1605	1606
1603	1605
623	1605
622	1603
1601	622
1615	626
625	626
628	629
631	632
634	635
637	638
640	1733
1632	1733
1734	1733
641	1734
1928	1657
1638	1657
644	1657
1637	1638
1636	1637
643	1637
642	1636
1640	647
1641	647
1639	1641
646	1641
1929	1650
1649	1650
1645	1649
650	1649
1644	1645
1643	1644
1642	1643
649	1643
648	1642
1654	653
1652	1654
1653	1654
1651	1653
652	1653
1658	656
655	656
658	1659
659	1659
1661	662
1660	1661
661	1661
664	665
667	1674
1669	1674
668	1674
1675	1745
671	1745
670	671
673	674
676	677
1686	680
679	1686
1687	683
682	683
685	1692
686	1692
1693	1759
688	1759
689	1759
691	692
694	695
697	698
700	701
703	1700
704	1700
1701	707
1702	707
706	1702
1713	710
1712	1713
709	1713
1714	713
712	713
715	716
718	719
721	722
724	725
727	1764
1723	1764
728	1764
1724	731
1725	731
730	1725
1728	734
1726	1728
1727	1728
733	1727
1732	737
1730	1732
1731	1732
1729	1731
736	1731
739	1741
740	1741
1748	1760
743	1760
742	1748
1755	1756
746	1756
745	746
1757	1758
748	1758
749	1758
751	752
754	755
757	1828
758	1828
760	761
763	764
766	1821
767	1821
532	530
1876	530
527	530
1872	527
770	1872
775	4
1933	1930
1934	1930
1935	1930
1931	1930
1936	1934
790	1934
788	1934
1935	1934
786	1935
13	1935
1931	1935
784	1931
10	1931
780	1931
1930	1931
1932	1930
7	1932
1933	1932
775	1933
1936	1933
792	1936
790	1936
0	792
815	1855
31	1855
28	1855
811	1855
1857	1855
25	1857
1859	1857
22	1859
806	1859
3	1859
1	3
17	1
19	17
782	815
817	815
9	817
34	817
1937	1860
1858	1860
1856	1858
6	1856
777	6
5	777
1943	1939
1943	1940
1944	1940
1945	1943
1946	1943
1946	1944
43	1944
825	1944
1940	1944
795	1940
797	1940
1939	1940
799	1939
1942	1939
1941	1942
1945	1942
52	1945
1946	1945
49	1946
829	1946
43	1946
46	829
55	52
801	55
803	55
58	55
61	58
805	61
64	61
18	64
15	18
799	801
12	795
40	12
1938	12
785	12
35	785
11	785
37	35
40	37
1952	1947
1952	1948
1953	1948
1953	1949
1950	1949
789	1949
1948	1949
791	1948
1947	1948
793	1947
16	1947
1951	1947
804	1951
802	1951
1952	1951
800	1952
1953	1952
798	1953
1950	1953
796	1950
794	1950
787	1950
789	1950
14	787
2	16
67	21
858	21
807	21
20	807
65	20
869	873
875	873
1954	875
24	875
23	24
71	23
73	71
869	73
1957	1956
1958	1956
874	1956
876	1956
813	1956
27	1956
895	1956
1955	1956
892	1955
1957	1955
91	1957
88	1957
85	1957
82	1957
1958	1957
79	1958
77	1958
874	1958
26	813
1959	914
1960	914
916	914
1961	916
30	916
29	30
897	29
903	897
894	897
901	894
92	894
97	92
94	92
1960	903
905	903
1959	905
910	905
103	905
100	905
106	910
109	33
107	33
1962	33
818	33
816	818
917	816
32	816
915	917
107	915
922	39
38	39
110	38
826	42
41	826
1965	1963
1964	1963
1968	1965
1969	1965
1970	1964
1967	1964
1968	1964
928	1968
118	1968
1969	1968
115	1969
104	1969
912	1969
1965	1969
105	1965
1963	1965
108	1963
1966	1963
923	1966
1970	1966
1971	1970
932	1970
930	1970
1967	1970
928	1967
934	932
1972	934
936	934
1973	936
938	936
1974	938
940	938
1975	940
121	940
124	121
127	124
45	127
832	45
44	832
1974	44
1973	44
111	44
1972	111
923	111
1971	923
47	48
128	47
1978	1976
1980	1978
1981	1978
1981	1979
138	1979
133	1979
50	1979
51	1979
1978	1979
1976	1978
56	1976
57	1976
150	1976
1977	1976
147	1977
1980	1977
144	1980
141	1980
1981	1980
138	1981
131	50
59	60
1986	1983
1987	1983
1987	1984
1988	1984
1989	1984
1989	1985
1991	1986
1991	1987
1992	1987
1992	1988
1993	1988
1993	1989
1994	1991
1995	1991
1995	1992
1995	1993
1996	1993
148	1993
149	1993
1989	1993
1985	1989
62	1985
63	1985
1984	1985
860	1984
1983	1984
1982	1983
66	1982
996	1982
1986	1982
159	1986
1990	1986
156	1990
1994	1990
985	1994
1995	1994
1996	1995
153	1996
148	1996
2000	1997
2001	1999
1000	1999
2000	1999
160	2000
998	2000
1997	2000
72	1997
1851	1997
1999	1997
1998	1999
171	1998
2001	1998
168	2001
165	2001
1000	2001
162	1000
1004	171
80	1004
81	1004
68	72
69	72
1852	75
871	75
74	871
2004	2003
1006	2003
1005	2003
83	2003
2002	2003
84	2002
183	2002
2004	2002
180	2004
177	2004
174	2004
1006	2004
172	1005
186	87
184	87
86	87
89	90
190	89
1028	96
198	96
195	96
95	96
192	95
188	95
187	188
201	1028
2005	99
906	99
2006	906
904	906
902	904
98	902
205	98
2005	205
1034	102
101	102
202	101
203	101
207	202
1040	1042
117	1042
2007	117
116	117
1035	116
1038	1035
210	1035
208	1035
1040	1038
2010	2008
2014	2011
2014	2012
2015	2012
2015	2010
2017	2013
2017	2014
2019	2016
2019	2017
219	2017
1047	2017
2015	2017
2014	2017
216	2015
2010	2015
214	2010
2009	2010
2008	2010
929	2008
931	2008
933	2008
2012	2008
2011	2012
935	2011
2013	2011
937	2013
939	2013
2016	2013
2018	2016
941	2018
120	2018
222	2018
2019	2018
219	2019
119	929
1043	119
214	1043
228	225
122	123
231	122
223	122
228	223
237	126
235	126
125	126
132	237
1081	137
1079	137
134	137
1077	134
238	134
2020	140
241	140
139	140
243	241
1087	243
1089	1087
246	1087
249	1089
2024	2021
2024	2022
2025	2022
2026	2025
250	2025
142	2025
143	2025
2022	2025
154	2022
989	2022
2021	2022
261	2021
2023	2021
258	2023
1101	2023
2026	2023
2024	2023
255	2026
252	2026
250	2026
155	261
264	261
145	146
1001	161
2027	1001
158	1001
265	158
157	158
267	265
270	267
1122	271
1122	164
163	164
276	1122
273	1122
279	276
283	167
166	167
2028	1007
170	1007
169	170
286	169
1137	286
173	1137
2031	1145
1147	1145
2029	1147
1149	1147
175	1149
176	1149
1139	175
2030	1139
284	1139
281	284
280	281
2031	280
288	280
2029	2031
1169	300
2036	2032
2036	2033
2037	2035
2038	2035
2038	2036
1146	2036
1148	2036
2033	2036
1150	2033
179	2033
309	2033
2032	2033
306	2032
2034	2032
2035	2032
303	2034
1169	2034
2037	2034
297	2037
294	2037
2038	2037
291	2038
289	2038
1146	2038
178	179
191	182
1175	182
312	182
181	182
310	181
313	1185
1187	1185
2039	1187
1189	1187
194	1189
193	194
1178	193
313	1178
330	327
2042	2041
1188	2041
1190	2041
1211	2041
1209	2041
2040	2041
1207	2040
1203	2040
2042	2040
1201	2042
1188	2042
1186	1188
1199	1186
316	1186
318	316
321	318
330	1203
324	1203
197	1211
196	197
2045	2044
1210	2044
1212	2044
1029	2044
200	2044
2043	2044
206	2043
209	2043
333	2043
2045	2043
1213	2045
1208	2045
1210	2045
331	1208
199	1029
2048	2047
2049	2047
211	2047
1039	2047
1041	2047
2046	2047
212	2046
1221	2046
1219	2046
2048	2046
1217	2048
1215	2048
2049	2048
334	2049
211	2049
336	1215
339	336
215	1221
2055	2051
2055	2050
2052	2050
2053	2050
2057	2053
2059	2054
2059	2055
2059	2052
2056	2052
2057	2052
2060	2057
2061	2057
2060	2056
351	2060
348	2060
2061	2060
345	2061
342	2061
1224	2061
2057	2061
340	2057
1218	2057
2053	2057
1220	2053
2050	2053
1222	2050
2051	2050
217	2051
1049	2051
2054	2051
218	2054
2058	2054
354	2058
351	2058
2059	2058
220	221
220	224
1248	227
353	227
226	227
352	353
2064	2063
2065	2063
358	2063
229	2063
230	2063
2062	2063
1265	2062
1263	2062
2064	2062
1261	2064
366	2064
363	2064
2065	2064
1257	2065
360	2065
358	2065
2069	2067
1264	2067
2066	2067
1080	2067
1082	2067
2068	2067
369	2068
1271	2068
1269	2068
2069	2068
1267	2069
1262	2069
1264	2069
367	1262
242	369
239	242
1078	1080
1266	1078
232	1078
233	1078
236	1078
1264	1266
2070	245
1088	245
1273	1088
370	1088
244	1088
1275	1273
1279	1275
372	1275
375	372
378	1279
1090	248
390	1090
387	1090
247	1090
384	247
379	247
381	379
393	254
253	254
391	253
1102	257
397	1102
256	1102
2076	2071
2076	2072
2077	2072
2077	2073
2078	2073
2080	2074
2080	2075
2081	2075
2081	2076
2082	2076
2082	2077
2083	2077
2083	2078
2084	2078
2085	2081
2086	2081
2086	2082
2087	2082
2087	2083
2087	2084
400	2084
259	2084
2078	2084
260	2078
2073	2078
268	2073
2072	2073
2071	2072
269	2071
1124	2071
2075	2071
2074	2075
272	2074
2079	2074
1313	2079
1310	2079
2080	2079
2085	2080
405	2085
2086	2085
402	2086
2087	2086
400	2087
262	263
2092	2091
1317	2091
1312	2091
2088	2091
2090	2091
1845	2090
2089	2090
2092	2090
417	2092
414	2092
1325	2092
1317	2092
408	1317
411	408
1327	417
1845	1327
292	1327
293	1327
275	1845
1315	275
274	275
1312	1315
406	1312
1846	278
277	278
290	1846
2093	296
295	296
1328	295
1329	1328
418	1328
423	1329
420	1329
1333	423
426	1333
427	298
427	299
1170	302
432	1170
430	1170
301	1170
304	305
436	304
314	308
307	308
317	307
439	307
1353	320
2094	320
319	320
437	319
434	437
433	434
1351	433
441	433
1353	1351
2096	1368
2095	1368
323	1368
1204	323
1202	1204
2096	1202
1200	1202
445	1200
322	1200
1361	445
447	1361
1370	325
2097	326
1370	326
2098	1370
448	1370
450	448
1226	450
341	450
338	1226
2097	338
337	338
1216	1214
329	1214
335	329
328	329
2099	344
343	344
451	343
1380	451
2101	1380
1382	1380
1385	1382
453	1382
2100	1385
456	1385
459	456
2099	459
2101	2099
346	347
2103	1249
350	1249
2102	350
349	350
458	349
457	458
462	457
2103	462
1396	462
359	1396
356	359
2107	1410
2105	1410
362	1410
1259	362
2106	1259
2104	1259
361	1259
1398	361
1400	1398
463	1398
1402	1400
2106	1402
1404	1402
1406	1404
2105	1406
2107	1406
1408	1406
465	1408
1274	1272
2108	1272
1270	1272
1268	1270
1411	1268
365	1268
364	365
466	1411
1276	466
371	466
1274	1276
2112	2110
2113	2110
2112	2109
2115	2112
2116	2112
2116	2113
2117	2113
2120	2115
2115	2111
2121	2116
2122	2116
2122	2117
2123	2117
2123	2118
2127	2119
2127	2120
2127	2121
2121	2115
2128	2122
2129	2122
2129	2123
2131	2125
2132	2125
2132	2126
2133	2126
2133	2127
2133	2128
2128	2121
2134	2129
2135	2132
2135	2133
2135	2134
2134	2128
1422	2134
1420	2134
2129	2134
1418	2129
2123	2129
1416	2123
2118	2123
468	2118
454	2118
2113	2118
2117	2118
1387	2113
2110	2113
455	2110
461	2110
2109	2110
1401	2109
2111	2109
2114	2111
1403	2114
2120	2114
2119	2120
1405	2119
1407	2119
2126	2119
2125	2126
1409	2125
2124	2125
464	2124
373	2124
2130	2124
2131	2124
1424	2131
2135	2131
1422	2135
471	1424
374	471
373	374
477	377
1280	377
472	1280
376	1280
474	472
382	383
480	382
478	382
486	386
385	386
484	385
492	389
388	389
490	388
2141	2136
2142	2136
2142	2137
2143	2137
2143	2138
2145	2139
2145	2140
2146	2140
2146	2141
2147	2141
2147	2142
1444	2142
2143	2142
1442	2143
2138	2143
493	2138
394	2138
395	2138
2137	2138
2136	2137
398	2136
2140	2136
401	2140
2139	2140
1457	2139
2144	2139
1452	2144
1449	2144
2145	2144
495	2145
2146	2145
1446	2146
2147	2146
1444	2147
498	1452
499	1318
1459	1318
404	1318
403	404
516	410
409	410
513	409
497	409
1454	497
1471	1454
1469	1454
1451	1454
510	1451
496	1451
507	496
504	496
501	496
519	516
1326	413
525	1326
523	1326
412	1326
2148	1330
416	1330
2149	416
415	416
531	415
2148	531
535	531
538	535
419	538
2155	2150
2155	2151
2156	2151
2156	2152
544	2152
2153	2152
422	2152
1509	2152
2151	2152
1506	2151
2150	2151
550	2150
1503	2150
2154	2150
1501	2154
547	2154
1499	2154
2155	2154
1497	2155
2156	2155
544	2156
421	422
541	421
539	421
544	541
431	425
440	425
1334	425
559	1334
1515	1334
1511	1334
424	1334
1508	1511
556	1508
551	1508
553	551
2159	2157
446	2157
449	2157
1381	2157
2158	2157
1383	2158
1529	2158
2159	2158
1526	2159
2160	2159
1364	2159
446	2159
2161	1364
443	1364
1354	443
2162	1354
1352	1354
2163	1352
442	1352
560	442
562	560
1526	562
2162	1526
2161	1526
2160	1526
452	1529
467	1529
568	1529
565	1529
1425	470
571	1425
1423	1425
1546	1423
1421	1423
2165	1421
1419	1421
1417	1419
2164	1417
469	1417
569	469
555	569
554	555
2165	554
1546	554
475	476
574	475
572	475
2169	2166
2173	2167
2173	2168
2174	2168
2174	2169
2175	2169
2175	2170
2176	2173
2177	2173
2177	2174
2178	2174
2178	2175
2171	2175
2170	2175
575	2170
481	2170
2169	2170
2166	2169
482	2166
485	2166
1577	2166
2168	2166
2167	2168
1575	2167
1573	2167
2172	2167
589	2172
2176	2172
586	2176
2177	2176
1567	2177
2178	2177
583	2178
2171	2178
577	2171
575	2171
580	577
1578	488
487	488
1443	1578
1576	1578
1445	1576
1574	1576
1447	1574
590	1574
500	590
494	500
588	1583
502	1583
503	1583
587	588
592	587
505	506
1584	505
596	1584
2179	1589
509	1589
2180	509
508	509
599	508
601	599
2179	601
604	601
2181	512
1472	512
1470	1472
2182	1470
1590	1470
511	1470
607	1590
605	1590
610	607
613	610
2181	613
616	515
1595	515
514	515
614	514
620	518
517	518
520	521
623	520
2187	2184
2189	2187
2190	2187
2190	2188
2191	2190
1612	2190
617	2190
2188	2190
618	2188
529	2188
2184	2188
2187	2188
534	2184
2183	2184
1620	2184
1618	2184
2186	2184
1616	2186
2189	2186
631	2189
2191	2189
628	2191
625	2191
1612	2191
1622	1620
2185	1622
1624	1622
543	1624
1626	1624
649	1626
1628	1626
2192	1628
1630	1628
2193	1630
634	1630
637	634
1633	637
640	637
643	1633
2192	643
646	643
649	646
542	543
2183	542
534	542
621	529
526	529
536	537
579	546
2194	546
1500	546
1498	1500
650	1498
545	1498
652	650
579	652
1504	549
1548	1504
1502	1504
570	1502
548	1502
573	548
576	548
1516	558
566	1516
557	1516
567	557
2196	564
1531	564
2195	1531
1528	1531
563	1528
2196	563
2197	582
581	582
2198	581
653	581
645	653
644	645
655	644
2197	655
658	655
1569	585
661	1569
584	1569
659	584
2199	594
2200	594
593	594
2201	593
662	593
1663	662
664	662
1665	1663
2200	1665
2202	1665
1667	1665
667	1667
1670	667
2199	1670
600	1670
597	600
2200	2199
2205	2204
2206	2204
2207	2206
668	2206
1672	2206
2204	2206
602	2204
603	2204
2203	2204
1680	2203
1678	2203
2205	2203
1676	2205
2207	2205
673	2207
670	2207
668	2207
606	1680
2211	2210
2212	2210
2213	2212
1677	2212
1679	2212
2210	2212
1681	2210
2208	2210
2209	2210
682	2209
679	2209
676	2209
2211	2209
1684	2211
2213	2211
1682	2213
674	2213
1677	2213
609	682
1681	609
608	609
2214	1596
1690	1596
2215	1596
612	1596
1688	612
611	612
683	611
1690	1688
685	1690
624	685
1614	624
615	1614
2216	1694
626	1694
627	1694
686	626
691	686
688	686
694	691
697	694
700	630
2217	630
629	630
1695	629
1696	1695
698	1695
1698	1696
700	1698
2224	1715
1631	1715
633	1715
1629	1631
2223	1629
1627	1629
2221	1627
1625	1627
2222	1625
2218	1625
1623	1625
2219	1623
1621	1623
2220	1621
1619	1621
1617	1619
704	1617
632	1617
706	704
1703	706
2219	1703
1706	1703
2218	1706
2222	1706
1709	1706
2223	1709
709	1709
2224	709
712	709
2221	2223
1719	1721
635	1721
636	1721
1717	635
1716	635
715	1716
713	1716
638	639
1722	638
733	1722
730	1722
719	1722
721	719
724	721
727	724
1635	642
1735	1635
641	1635
737	641
647	648
663	657
656	657
1739	656
1736	656
1737	1736
735	1736
734	735
739	734
2231	2226
2231	2227
2231	2228
2231	2229
2229	2225
2232	2231
2232	2229
669	2232
1742	2232
2229	2232
740	2229
1738	2229
2225	2229
1740	2225
665	2225
2228	2225
1664	2228
2227	2228
1666	2227
2226	2227
1668	2226
666	2226
2230	2226
669	2230
1752	1685
1749	1685
1683	1685
742	1683
672	1683
1746	672
1744	672
671	672
738	1744
731	738
732	738
745	1752
677	678
746	677
2233	1691
1689	1691
681	1689
680	681
749	680
687	749
684	687
726	1765
1761	1765
1767	1765
743	1767
1769	1767
1771	1769
1751	1771
1773	1771
1754	1773
1775	1773
2234	1775
1777	1775
747	1777
1779	1777
689	1779
690	1779
744	747
1754	744
2238	2236
2239	2236
2239	2237
2240	2237
2242	2238
2242	2239
2243	2239
2243	2240
2244	2240
2249	2245
2252	2247
2252	2248
2253	2248
2253	2249
2253	2250
2256	2252
2256	2253
2256	2254
2254	2250
768	2254
2255	2254
1783	2254
2250	2254
1781	2250
2249	2250
751	2249
2245	2249
722	2245
723	2245
2248	2245
1766	2248
2247	2248
1768	2247
2251	2247
1770	2251
2246	2251
1861	2251
2256	2251
768	2256
1863	1861
1774	1863
2244	1863
1865	1863
2243	1865
2242	1865
1867	1865
2241	1867
1789	1867
1869	1867
1787	1869
2255	1869
768	1869
1785	2255
1783	2255
1791	1789
2238	1791
1793	1791
2235	1793
754	1793
693	754
2236	693
692	693
2237	692
1780	692
1778	1780
2240	1778
2244	1778
1776	1778
1774	1776
1772	1774
1770	1772
1801	1699
2257	1699
1697	1699
696	1697
695	696
755	695
1795	755
1799	1795
1797	1795
760	1795
757	1795
1801	1799
2265	2263
2265	2262
1815	2265
1813	2265
1811	2265
2263	2265
1809	2263
1831	2263
1829	2263
2262	2263
2264	2262
710	2264
711	2264
714	2264
1817	2264
1815	2264
1807	1831
1833	1831
1835	1833
1805	1835
2259	1835
1837	1835
2260	1837
2258	1837
705	1837
702	705
701	702
1802	701
2260	1802
1800	1802
2261	1800
1798	1800
1803	1798
761	1798
2259	1803
1805	1803
2260	2259
763	1811
1705	1838
2266	1838
1836	1838
2268	1836
1834	1836
1832	1834
2267	1832
1830	1832
708	1830
1711	708
1708	1711
2268	1708
2266	1708
1705	1708
2270	717
1720	717
2269	1720
1718	1720
1818	1718
716	1718
1816	1818
2270	1816
1814	1816
1819	1814
764	1814
766	764
750	1819
720	750
1763	1747
728	1747
729	1747
1792	1796
1794	1796
753	1796
2271	1792
1790	1792
2275	1790
1788	1790
1786	1788
2274	1786
2273	1786
1784	1786
2272	1784
1782	1784
1820	1782
752	1782
767	1820
2273	767
1822	767
2274	1822
2271	1822
1825	1822
756	1825
2275	2271
1827	758
2279	2276
2280	2278
2280	2279
1827	2279
759	2279
1804	2279
2276	2279
1806	2276
1808	2276
2278	2276
1810	2278
2277	2278
1812	2277
2280	2277
762	2280
765	2280
1824	2280
1827	2280
2281	1870
1868	1870
1866	1868
1864	1866
1862	1864
769	1862
772	4
773	4
1	773
3	773
774	775
776	775
5	776
777	776
776	7
778	7
777	778
6	778
779	780
781	780
8	781
782	781
781	10
783	10
782	783
9	783
11	784
785	784
785	13
12	13
14	786
787	786
787	788
789	788
789	790
791	790
791	792
793	792
793	0
2	0
12	794
795	794
795	796
797	796
797	798
799	798
799	800
801	800
801	802
803	802
803	804
805	804
805	16
15	16
17	2
1	2
15	19
18	19
20	806
807	806
807	22
21	22
808	25
809	25
23	809
24	809
810	811
812	811
26	812
813	812
812	28
814	28
813	814
27	814
29	31
30	31
32	815
816	815
816	817
818	817
818	34
33	34
35	9
11	9
819	37
820	37
33	820
36	820
821	40
823	40
822	823
824	823
38	824
39	824
41	825
826	825
826	43
42	43
827	829
830	829
828	830
831	830
44	831
832	831
830	46
833	46
831	833
834	833
832	834
45	834
47	49
48	49
835	52
837	52
836	837
838	837
50	838
51	838
839	55
840	55
53	840
54	840
841	58
843	58
842	843
844	843
56	844
57	844
845	61
847	61
846	847
848	847
59	848
60	848
849	64
852	64
850	852
853	852
851	853
854	853
62	854
63	854
855	18
856	18
65	856
20	856
857	858
859	858
63	859
860	859
859	67
861	67
860	861
66	861
862	70
863	70
68	863
69	863
864	21
865	21
71	865
23	865
866	73
867	73
69	867
72	867
868	869
870	869
74	870
871	870
870	76
872	76
871	872
75	872
77	873
874	873
874	875
876	875
876	24
26	24
877	79
878	79
75	878
78	878
879	82
881	82
880	881
882	881
80	882
81	882
883	85
885	85
884	885
886	885
83	886
84	886
887	88
889	88
888	889
890	889
86	890
87	890
89	91
90	91
891	892
893	892
92	893
894	893
893	895
896	895
894	896
897	896
896	27
898	27
897	898
29	898
90	94
93	94
899	97
900	97
95	900
96	900
98	901
902	901
902	903
904	903
904	905
906	905
906	100
99	100
907	103
908	103
101	908
102	908
909	910
911	910
104	911
912	911
911	106
913	106
912	913
105	913
107	914
915	914
915	916
917	916
917	30
32	30
918	109
919	109
105	919
108	919
920	36
921	36
110	921
38	921
108	922
923	922
923	112
111	112
924	39
925	39
113	925
41	925
926	42
927	42
111	927
44	927
102	115
114	115
116	118
117	118
119	928
929	928
929	930
931	930
931	932
933	932
933	934
935	934
935	936
937	936
937	938
939	938
939	940
941	940
941	121
120	121
942	124
945	124
943	945
946	945
944	946
947	946
122	947
123	947
948	127
950	127
949	950
951	950
125	951
126	951
952	45
954	45
953	954
955	954
128	955
47	955
956	130
958	130
957	958
959	958
126	959
129	959
960	48
961	48
131	961
50	961
962	133
964	133
963	964
965	964
129	965
132	965
136	134
966	138
967	138
135	967
968	141
971	141
969	971
972	971
970	972
973	972
139	973
140	973
974	144
977	144
975	977
978	977
976	978
979	978
142	979
143	979
145	147
146	147
980	150
981	150
148	981
149	981
151	57
59	57
149	60
62	60
146	153
152	153
982	985
986	985
983	986
987	986
984	987
988	987
154	988
989	988
986	156
990	156
987	990
991	990
988	991
992	991
989	992
155	992
993	159
994	159
157	994
158	994
995	996
997	996
160	997
998	997
997	66
999	66
998	999
68	999
158	1000
1001	1000
1001	162
161	162
1002	165
1003	165
163	1003
164	1003
166	168
167	168
169	171
170	171
172	1004
1005	1004
1005	81
83	81
170	1006
1007	1006
1007	174
173	174
1008	177
1009	177
175	1009
176	1009
1010	180
1011	180
178	1011
179	1011
181	183
182	183
184	84
86	84
182	186
185	186
1012	189
1014	189
1013	1014
1015	1014
187	1015
188	1015
1016	87
1018	87
1017	1018
1019	1018
190	1019
89	1019
1020	93
1021	93
188	1021
95	1021
1022	192
1024	192
1023	1024
1025	1024
185	1025
191	1025
1026	195
1027	195
193	1027
194	1027
196	198
197	198
199	1028
1029	1028
1029	201
200	201
202	204
203	204
1030	96
1031	96
205	1031
98	1031
1032	99
1033	99
203	1033
101	1033
200	207
206	207
208	1034
1035	1034
1035	114
116	114
1036	210
1037	210
206	1037
209	1037
211	1038
1039	1038
1039	1040
1041	1040
1041	213
212	213
214	1042
1043	1042
1043	117
119	117
1044	216
1045	216
212	1045
215	1045
1046	1047
1048	1047
217	1048
1049	1048
1048	219
1050	219
1049	1050
218	1050
1051	222
1052	222
220	1052
221	1052
1053	120
1056	120
1054	1056
1057	1056
1055	1057
1058	1057
223	1058
122	1058
1059	225
1061	225
1060	1061
1062	1061
221	1062
224	1062
226	228
227	228
1063	231
1064	231
229	1064
230	1064
1065	234
1066	234
232	1066
233	1066
1067	123
1068	123
235	1068
125	1068
1069	237
1071	237
1070	1071
1072	1071
233	1072
236	1072
1073	132
1075	132
1074	1075
1076	1075
238	1076
134	1076
236	1077
1078	1077
1078	1079
1080	1079
1080	1081
1082	1081
1082	240
239	240
1083	137
1084	137
241	1084
139	1084
1085	243
1086	243
239	1086
242	1086
244	1087
1088	1087
1088	246
245	246
247	1089
1090	1089
1090	249
248	249
1091	140
1093	140
1092	1093
1094	1093
250	1094
142	1094
1095	252
1097	252
1096	1097
1098	1097
248	1098
251	1098
1099	255
1100	255
253	1100
254	1100
256	1101
1102	1101
1102	258
257	258
1103	261
1104	261
259	1104
260	1104
262	264
263	264
1105	155
1107	155
1106	1107
1108	1107
265	1108
157	1108
1109	267
1111	267
1110	1111
1112	1111
263	1112
266	1112
1113	270
1116	270
1114	1116
1117	1116
1115	1117
1118	1117
268	1118
269	1118
1119	161
1120	161
271	1120
163	1120
1121	1122
1123	1122
269	1123
1124	1123
1123	273
1125	273
1124	1125
272	1125
1126	276
1127	276
274	1127
275	1127
1128	279
1129	279
277	1129
278	1129
1130	282
1131	282
280	1131
281	1131
1132	164
1133	164
283	1133
166	1133
1134	285
1135	285
281	1135
284	1135
286	167
169	167
1136	1137
1138	1137
284	1138
1139	1138
1138	173
1140	173
1139	1140
175	1140
1141	288
1143	288
1142	1143
1144	1143
278	1144
287	1144
289	1145
1146	1145
1146	1147
1148	1147
1148	1149
1150	1149
1150	176
178	176
1151	291
1153	291
1152	1153
1154	1153
287	1154
290	1154
1155	294
1157	294
1156	1157
1158	1157
292	1158
293	1158
1159	297
1162	297
1160	1162
1163	1162
1161	1163
1164	1163
295	1164
296	1164
1165	300
1167	300
1166	1167
1168	1167
298	1168
299	1168
301	1169
1170	1169
1170	303
302	303
304	306
305	306
1171	309
1172	309
307	1172
308	1172
310	179
181	179
308	312
311	312
1173	1175
1176	1175
1174	1176
1177	1176
313	1177
1178	1177
1176	191
1179	191
1177	1179
1180	1179
1178	1180
193	1180
1181	315
1183	315
1182	1183
1184	1183
311	1184
314	1184
316	1185
1186	1185
1186	1187
1188	1187
1188	1189
1190	1189
1190	194
196	194
1191	318
1193	318
1192	1193
1194	1193
314	1194
317	1194
1195	321
1197	321
1196	1197
1198	1197
319	1198
320	1198
322	1199
1200	1199
1200	1201
1202	1201
1202	1203
1204	1203
1204	324
323	324
1205	327
1206	327
325	1206
326	1206
328	330
329	330
331	1207
1208	1207
1208	1209
1210	1209
1210	1211
1212	1211
1212	197
199	197
329	1213
1214	1213
1214	333
332	333
334	209
211	209
332	1215
1216	1215
1216	336
335	336
337	339
338	339
340	1217
1218	1217
1218	1219
1220	1219
1220	1221
1222	1221
1222	215
217	215
1223	1224
1225	1224
338	1225
1226	1225
1225	342
1227	342
1226	1227
341	1227
1228	345
1231	345
1229	1231
1232	1231
1230	1232
1233	1232
343	1233
344	1233
1234	348
1236	348
1235	1236
1237	1236
346	1237
347	1237
1238	351
1240	351
1239	1240
1241	1240
349	1241
350	1241
1242	354
1244	354
1243	1244
1245	1244
352	1245
353	1245
355	218
220	218
1246	224
1247	224
353	1247
226	1247
350	1248
1249	1248
1249	357
356	357
1250	227
1251	227
358	1251
229	1251
1252	360
1254	360
1253	1254
1255	1254
356	1255
359	1255
1256	1257
1258	1257
361	1258
1259	1258
1258	363
1260	363
1259	1260
362	1260
364	366
365	366
367	1261
1262	1261
1262	1263
1264	1263
1264	1265
1266	1265
1266	230
232	230
365	1267
1268	1267
1268	1269
1270	1269
1270	1271
1272	1271
1272	369
368	369
370	242
244	242
368	1273
1274	1273
1274	1275
1276	1275
1276	372
371	372
1277	375
1278	375
373	1278
374	1278
376	1279
1280	1279
1280	378
377	378
379	245
247	245
377	381
380	381
1281	384
1282	384
382	1282
383	1282
1283	387
1284	387
385	1284
386	1284
1285	390
1286	390
388	1286
389	1286
1287	251
1288	251
391	1288
253	1288
1289	393
1290	393
389	1290
392	1290
1291	396
1293	396
1292	1293
1294	1293
394	1294
395	1294
397	254
256	254
1295	399
1298	399
1296	1298
1299	1298
1297	1299
1300	1299
395	1300
398	1300
400	257
259	257
1301	402
1304	402
1302	1304
1305	1304
1303	1305
1306	1305
398	1306
401	1306
1307	405
1308	405
403	1308
404	1308
1309	1310
1311	1310
406	1311
1312	1311
1311	1313
1314	1313
1312	1314
1315	1314
1314	272
1316	272
1315	1316
274	1316
404	1317
1318	1317
1318	408
407	408
1319	411
1322	411
1320	1322
1323	1322
1321	1323
1324	1323
409	1324
410	1324
412	1325
1326	1325
1326	414
413	414
415	417
416	417
418	1327
1328	1327
1328	293
295	293
416	1329
1330	1329
1330	420
419	420
1331	423
1332	423
421	1332
422	1332
424	1333
1334	1333
1334	426
425	426
427	296
298	296
425	429
428	429
1335	299
1336	299
430	1336
301	1336
1337	432
1339	432
1338	1339
1340	1339
428	1340
431	1340
1341	435
1342	435
433	1342
434	1342
436	302
304	302
1343	438
1344	438
434	1344
437	1344
439	305
307	305
1345	317
1346	317
437	1346
319	1346
1347	441
1349	441
1348	1349
1350	1349
431	1350
440	1350
442	1351
1352	1351
1352	1353
1354	1353
1354	444
443	444
1355	320
1357	320
1356	1357
1358	1357
445	1358
322	1358
1359	1361
1362	1361
1360	1362
1363	1362
443	1363
1364	1363
1362	447
1365	447
1363	1365
1366	1365
1364	1366
446	1366
1367	1368
1369	1368
448	1369
1370	1369
1369	323
1371	323
1370	1371
325	1371
1372	450
1374	450
1373	1374
1375	1374
446	1375
449	1375
1376	341
1378	341
1377	1378
1379	1378
451	1379
343	1379
449	1380
1381	1380
1381	1382
1383	1382
1383	453
452	453
1384	1385
1386	1385
454	1386
1387	1386
1386	456
1388	456
1387	1388
455	1388
1389	459
1390	459
457	1390
458	1390
460	344
346	344
458	347
349	347
1391	462
1393	462
1392	1393
1394	1393
455	1394
461	1394
1395	1396
1397	1396
463	1397
1398	1397
1397	359
1399	359
1398	1399
361	1399
461	1400
1401	1400
1401	1402
1403	1402
1403	1404
1405	1404
1405	1406
1407	1406
1407	1408
1409	1408
1409	465
464	465
466	1410
1411	1410
1411	362
364	362
464	371
373	371
1412	468
1414	468
1413	1414
1415	1414
452	1415
467	1415
469	1416
1417	1416
1417	1418
1419	1418
1419	1420
1421	1420
1421	1422
1423	1422
1423	1424
1425	1424
1425	471
470	471
472	374
376	374
470	474
473	474
1426	477
1427	477
475	1427
476	1427
1428	380
1429	380
478	1429
382	1429
476	480
479	480
1430	483
1432	483
1431	1432
1433	1432
481	1433
482	1433
484	383
385	383
1434	486
1435	486
482	1435
485	1435
1436	489
1437	489
487	1437
488	1437
490	386
388	386
1438	492
1439	492
488	1439
491	1439
1440	392
1441	392
493	1441
394	1441
491	1442
1443	1442
1443	1444
1445	1444
1445	1446
1447	1446
1447	495
494	495
1448	1449
1450	1449
496	1450
1451	1450
1450	1452
1453	1452
1451	1453
1454	1453
1453	498
1455	498
1454	1455
497	1455
1456	1457
1458	1457
499	1458
1459	1458
1458	401
1460	401
1459	1460
403	1460
1461	407
1464	407
1462	1464
1465	1464
1463	1465
1466	1465
497	1466
409	1466
494	501
500	501
502	504
503	504
505	507
506	507
1467	510
1468	510
508	1468
509	1468
511	1469
1470	1469
1470	1471
1472	1471
1472	513
512	513
1473	516
1474	516
514	1474
515	1474
517	519
518	519
1475	522
1476	522
520	1476
521	1476
1477	410
1479	410
1478	1479
1480	1479
523	1480
412	1480
1481	525
1482	525
521	1482
524	1482
528	526
527	530
531	413
415	413
533	529
532	535
1483	538
1485	538
1484	1485
1486	1485
536	1486
537	1486
1487	419
1488	419
539	1488
421	1488
537	541
540	541
1489	544
1493	544
1490	1493
1494	1493
1491	1494
1495	1494
1492	1495
1496	1495
542	1496
543	1496
545	1497
1498	1497
1498	1499
1500	1499
1500	547
546	547
548	1501
1502	1501
1502	1503
1504	1503
1504	550
549	550
1505	1506
1507	1506
551	1507
1508	1507
1507	1509
1510	1509
1508	1510
1511	1510
1510	422
1512	422
1511	1512
424	1512
549	553
552	553
1513	556
1514	556
554	1514
555	1514
557	1515
1516	1515
1516	559
558	559
1517	440
1519	440
1518	1519
1520	1519
560	1520
442	1520
1521	562
1523	562
1522	1523
1524	1523
558	1524
561	1524
1525	1526
1527	1526
563	1527
1528	1527
1527	1529
1530	1529
1528	1530
1531	1530
1530	565
1532	565
1531	1532
564	1532
1533	568
1535	568
1534	1535
1536	1535
566	1536
567	1536
1537	467
1538	467
569	1538
469	1538
1539	555
1540	555
567	1540
557	1540
1541	561
1543	561
1542	1543
1544	1543
564	1544
563	1544
1545	1546
1547	1546
552	1547
1548	1547
1547	571
1549	571
1548	1549
570	1549
1550	473
1551	473
572	1551
475	1551
570	574
573	574
1552	479
1554	479
1553	1554
1555	1554
575	1555
481	1555
1556	577
1558	577
1557	1558
1559	1558
573	1559
576	1559
1560	580
1562	580
1561	1562
1563	1562
578	1563
579	1563
1564	583
1565	583
581	1565
582	1565
1566	1567
1568	1567
584	1568
1569	1568
1568	586
1570	586
1569	1570
585	1570
1571	589
1572	589
587	1572
588	1572
590	1573
1574	1573
1574	1575
1576	1575
1576	1577
1578	1577
1578	485
487	485
1579	500
1580	500
588	1580
502	1580
585	592
591	592
1581	595
1582	595
593	1582
594	1582
596	1583
1584	1583
1584	503
505	503
594	598
597	598
599	506
508	506
1585	601
1586	601
597	1586
600	1586
1587	604
1588	604
602	1588
603	1588
605	1589
1590	1589
1590	509
511	509
1591	607
1592	607
603	1592
606	1592
1593	610
1594	610
608	1594
609	1594
611	613
612	613
614	512
514	512
612	1595
1596	1595
1596	616
615	616
1597	619
1598	619
617	1598
618	1598
620	515
517	515
1599	622
1601	622
1600	1601
1602	1601
618	1602
621	1602
1603	518
1604	518
623	1604
520	1604
1605	524
1608	524
1606	1608
1609	1608
1607	1609
1610	1609
621	1610
526	1610
1611	1612
1613	1612
615	1613
1614	1613
1613	625
1615	625
1614	1615
624	1615
626	628
627	628
629	631
630	631
632	1616
1617	1616
1617	1618
1619	1618
1619	1620
1621	1620
1621	1622
1623	1622
1623	1624
1625	1624
1625	1626
1627	1626
1627	1628
1629	1628
1629	1630
1631	1630
1631	634
633	634
635	637
636	637
638	640
639	640
1632	1633
1634	1633
641	1634
1635	1634
1634	643
1636	643
1635	1636
642	1636
1637	646
1639	646
1638	1639
1640	1639
644	1640
645	1640
1641	649
1642	649
647	1642
648	1642
1643	543
1646	543
1644	1646
1647	1646
1645	1647
1648	1647
650	1648
545	1648
1649	652
1651	652
1650	1651
1652	1651
648	1652
651	1652
1653	579
1655	579
1654	1655
1656	1655
653	1656
581	1656
651	645
647	645
1657	655
1658	655
642	1658
654	1658
656	658
657	658
659	582
584	582
1659	661
1660	661
657	1660
660	1660
1661	591
1662	591
662	1662
593	1662
660	664
663	664
665	1663
1664	1663
1664	1665
1666	1665
1666	1667
1668	1667
1668	667
666	667
1669	1670
1671	1670
668	1671
1672	1671
1671	600
1673	600
1672	1673
602	1673
1674	670
1675	670
666	1675
669	1675
671	673
672	673
674	1676
1677	1676
1677	1678
1679	1678
1679	1680
1681	1680
1681	606
608	606
672	1682
1683	1682
1683	1684
1685	1684
1685	676
675	676
677	679
678	679
1686	682
1687	682
680	1687
681	1687
683	609
611	609
681	1688
1689	1688
1689	1690
1691	1690
1691	685
684	685
686	624
626	624
1692	688
1693	688
684	1693
687	1693
689	691
690	691
692	694
693	694
695	697
696	697
698	1694
1695	1694
1695	627
629	627
696	1696
1697	1696
1697	1698
1699	1698
1699	700
699	700
701	703
702	703
704	630
632	630
1700	706
1701	706
702	1701
705	1701
1702	1703
1704	1703
707	1704
1705	1704
1704	1706
1707	1706
1705	1707
1708	1707
1707	1709
1710	1709
1708	1710
1711	1710
1710	709
1712	709
1711	1712
708	1712
1713	712
1714	712
710	1714
711	1714
713	1715
1716	1715
1716	633
635	633
711	715
714	715
716	1717
1718	1717
1718	1719
1720	1719
1720	718
717	718
719	1721
1722	1721
1722	636
638	636
717	721
720	721
722	724
723	724
725	727
726	727
1723	730
1724	730
728	1724
729	1724
1725	733
1726	733
731	1726
732	1726
1727	736
1729	736
1728	1729
1730	1729
734	1730
735	1730
1731	639
1733	639
1732	1733
1734	1733
737	1734
641	1734
735	1735
1736	1735
1736	654
656	654
732	739
738	739
740	1737
1738	1737
1738	1739
1740	1739
1740	663
665	663
1741	1742
1743	1742
738	1743
1744	1743
1743	669
1745	669
1744	1745
671	1745
729	1746
1747	1746
1747	742
741	742
1748	1749
1750	1749
743	1750
1751	1750
1750	1752
1753	1752
1751	1753
1754	1753
1753	745
1755	745
1754	1755
744	1755
746	675
677	675
1756	748
1757	748
744	1757
747	1757
749	678
680	678
1758	687
1759	687
747	1759
689	1759
1760	1761
1762	1761
741	1762
1763	1762
1762	726
1764	726
1763	1764
728	1764
723	1765
1766	1765
1766	1767
1768	1767
1768	1769
1770	1769
1770	1771
1772	1771
1772	1773
1774	1773
1774	1775
1776	1775
1776	1777
1778	1777
1778	1779
1780	1779
1780	690
692	690
720	751
750	751
752	1781
1782	1781
1782	1783
1784	1783
1784	1785
1786	1785
1786	1787
1788	1787
1788	1789
1790	1789
1790	1791
1792	1791
1792	1793
1794	1793
1794	754
753	754
755	693
695	693
753	1795
1796	1795
1796	757
756	757
758	760
759	760
761	1797
1798	1797
1798	1799
1800	1799
1800	1801
1802	1801
1802	699
701	699
759	1803
1804	1803
1804	1805
1806	1805
1806	1807
1808	1807
1808	1809
1810	1809
1810	1811
1812	1811
1812	763
762	763
764	1813
1814	1813
1814	1815
1816	1815
1816	1817
1818	1817
1818	714
716	714
762	766
765	766
767	1819
1820	1819
1820	750
752	750
1821	1822
1823	1822
765	1823
1824	1823
1823	1825
1826	1825
1824	1826
1827	1826
1826	756
1828	756
1827	1828
758	1828
708	1829
1830	1829
1830	1831
1832	1831
1832	1833
1834	1833
1834	1835
1836	1835
1836	1837
1838	1837
1838	705
707	705
576	546
548	546
1839	534
1842	534
1840	1842
1843	1842
1841	1843
1844	1843
540	1844
536	1844
335	326
328	326
290	1845
1846	1845
1846	275
277	275
266	260
262	260
1847	143
1849	143
1848	1849
1850	1849
152	1850
145	1850
78	1851
1852	1851
1852	72
74	72
1853	51
1854	51
54	1854
53	1854
6	1855
1856	1855
1856	1857
1858	1857
1858	1859
1860	1859
1860	3
5	3
769	1861
1862	1861
1862	1863
1864	1863
1864	1865
1866	1865
1866	1867
1868	1867
1868	1869
1870	1869
1870	768
769	768
772	0
1	772
774	3
773	3
4	773
778	6
779	778
7	778
783	9
10	783
13	12
16	15
19	18
20	19
808	21
23	808
22	21
809	24
810	809
25	809
814	27
29	814
28	814
31	30
34	33
35	34
820	36
821	820
822	821
38	822
37	820
824	39
823	824
41	823
40	823
827	42
828	827
44	828
43	42
834	45
1878	834
955	1878
47	1878
46	1878
833	1878
834	1878
1879	48
836	1879
50	836
835	1879
48	1879
49	48
838	51
837	838
53	837
839	837
52	837
841	54
842	841
56	842
840	54
55	840
844	57
846	844
843	844
845	843
58	843
851	60
850	60
848	60
849	848
847	848
61	847
854	63
853	854
65	853
855	853
852	853
64	852
861	66
862	861
68	862
67	861
863	69
1880	863
71	1880
864	1880
70	1880
863	1880
867	72
868	867
73	867
872	75
76	872
77	76
880	78
878	78
879	878
79	878
884	81
882	81
883	882
881	882
82	881
886	84
888	886
885	886
887	885
85	885
890	87
1019	890
889	890
89	889
88	889
891	90
91	90
94	93
899	94
95	899
900	96
97	900
98	97
100	99
907	100
101	907
908	102
909	908
103	908
913	105
106	913
107	106
920	108
919	108
109	919
112	111
924	112
113	924
115	114
118	117
942	120
943	942
1057	943
944	943
1058	944
122	944
121	120
947	123
1882	947
125	1882
949	1882
1881	1882
948	1881
945	1881
124	945
946	1881
947	1881
1882	1881
1885	1884
951	126
1885	951
956	1885
1884	1885
128	1884
953	1884
1883	1884
952	1883
950	1883
127	950
951	1883
1885	1883
959	129
1886	959
962	1886
1887	1886
131	1887
960	1887
1886	1887
130	1886
958	1886
959	1886
1892	1888
1892	1889
1892	1890
1893	1892
1888	132
1891	1888
1076	1891
1893	1891
134	1893
136	1893
1871	1893
1892	1893
1890	1892
135	1890
966	1890
964	1890
133	964
1889	1890
965	1889
1888	1889
132	1888
1896	137
1897	1896
139	1897
970	1897
969	1897
1895	1897
1894	1895
968	1894
967	1894
138	967
135	1894
1895	1894
1871	1895
1897	1895
136	1897
1896	1897
137	1896
1900	1898
1902	1899
1902	1900
1903	1900
1901	140
1902	1901
1094	1902
1903	1902
142	1903
976	1903
1900	1903
975	1900
1898	1900
974	1898
971	1898
141	971
1899	1898
972	1899
1901	1899
973	1901
140	1901
979	143
978	979
1850	978
977	978
145	977
144	977
980	146
147	146
981	149
150	981
982	152
983	982
1847	983
984	983
154	984
153	152
992	155
1905	992
1108	1905
1904	1905
157	1904
993	1904
990	1904
156	990
991	1904
1905	1904
992	1905
994	158
995	994
159	994
162	161
1002	162
163	1002
1003	164
166	1003
165	1003
168	167
171	170
174	173
1008	174
175	1008
1010	176
1009	176
177	1009
1011	179
180	1011
183	182
1012	185
1013	1012
1022	1013
187	1013
186	185
1015	188
1906	1015
190	1906
1017	1906
1907	1906
1016	1907
1014	1907
189	1014
1015	1907
1906	1907
1025	191
1909	1025
1180	1909
1908	1909
193	1908
1026	1908
192	1908
1024	1908
1909	1908
1025	1909
1027	194
195	1027
198	197
201	200
1030	203
205	1030
204	203
207	206
208	207
1037	209
210	1037
213	212
214	213
1046	215
1045	215
216	1045
1050	218
1051	1050
219	1050
1053	221
1054	1053
1059	1054
1055	1054
223	1055
1052	221
222	1052
1062	224
1061	1062
226	1061
225	1061
1063	227
229	1063
228	227
1064	230
1065	1064
231	1064
1066	233
1069	1066
1067	1066
235	1067
234	1066
1072	236
1074	1072
1071	1072
1073	1071
237	1071
240	239
1083	240
241	1083
1086	242
243	1086
246	245
1091	248
1092	1091
1095	1092
250	1092
249	248
1098	251
1097	1098
1099	1097
253	1099
252	1097
1100	254
255	1100
1103	257
258	257
1104	260
261	1104
1910	263
1105	1910
1109	1105
1106	1105
265	1106
264	1910
263	1910
1115	266
1112	266
1114	1112
1111	1112
1113	1111
267	1111
1118	269
1117	1118
271	1117
1119	1117
1116	1117
270	1116
1125	272
1911	1125
274	1911
1126	1911
273	1911
1125	1911
1127	275
1128	1127
276	1127
1129	278
1141	1129
1130	1129
280	1130
279	1129
1131	281
1912	1131
283	1912
1132	1912
282	1912
1131	1912
1135	284
285	1135
286	285
1144	287
1143	1144
1151	1143
288	1143
289	288
1156	290
1154	290
1155	1154
1153	1154
291	1153
1161	293
1158	293
1160	1158
1157	1158
1159	1157
294	1157
1164	296
1166	1164
1163	1164
1165	1163
1162	1163
297	1162
1168	299
1167	1168
301	1167
300	1167
303	302
1171	305
306	305
1172	308
309	1172
1173	311
1174	1173
1181	1174
313	1174
312	311
1184	314
1183	1184
1191	1183
315	1183
316	315
1194	317
1913	1194
1196	1913
319	1196
1195	1913
1193	1913
318	1193
1194	1913
1198	320
1197	1198
1358	1197
321	1197
322	321
324	323
1205	324
325	1205
1206	326
327	1206
330	329
333	332
336	335
339	338
340	339
1914	341
1229	1914
1379	1229
1230	1229
343	1230
1228	1914
1227	1914
342	1227
341	1914
1233	344
1235	1233
1232	1233
1234	1232
1231	1232
345	1231
1239	347
1237	347
1238	1237
1236	1237
348	1236
1241	350
1243	1241
1240	1241
1242	1240
351	1240
1245	353
1244	1245
355	1244
354	1244
357	356
1250	357
1252	1250
358	1250
1255	359
1254	1255
1256	1254
361	1256
360	1254
1260	362
363	1260
366	365
369	368
1277	371
372	371
1278	374
375	1278
378	377
1281	380
382	1281
381	380
1283	383
1282	383
384	1282
1284	386
1285	1284
387	1284
1915	389
1287	1915
391	1287
1286	1915
390	1286
389	1915
1292	392
394	1292
1291	392
1290	392
393	1290
1294	395
1296	1294
1293	1294
1295	1293
396	1293
397	396
1300	398
1299	1300
1302	1299
1298	1299
1301	1298
399	1298
400	399
1306	401
1305	1306
1916	1305
403	1916
1307	1916
1304	1916
402	1304
1305	1916
1308	404
1309	1308
405	1308
408	407
1319	408
1465	1319
1320	1319
1466	1320
1321	1320
409	1321
1324	410
1323	1324
1480	1323
1322	1323
412	1322
411	1322
414	413
417	416
420	419
1331	420
421	1331
1332	422
424	1332
423	1332
426	425
429	428
1335	429
1337	1335
430	1335
1340	431
1917	1340
1347	1917
433	1917
1341	1917
1339	1917
432	1339
1340	1917
1342	434
436	1342
435	1342
1344	437
438	1344
439	438
1350	440
1349	1350
1520	1349
441	1349
442	441
444	443
1355	444
1359	1355
1356	1355
445	1356
1366	446
1918	1366
1372	1918
1365	1918
1367	1365
448	1367
447	1365
1366	1918
1375	449
1377	1375
1374	1375
1376	1374
450	1374
453	452
1384	453
1412	1384
454	1384
1388	455
1391	1388
1389	1388
457	1389
456	1388
1390	458
459	1390
1394	461
1395	1394
1393	1394
462	1393
465	464
1415	467
1414	1415
469	1414
468	1414
471	470
474	473
1426	474
475	1426
1428	476
1427	476
477	1427
480	479
1430	480
1555	1430
1431	1430
481	1431
1433	482
1432	1433
484	1432
483	1432
1435	485
1436	1435
486	1435
1437	488
489	1437
490	489
1440	491
1439	491
492	1439
1448	494
495	494
1455	497
1919	1455
1462	1919
1461	1919
1456	1919
499	1456
498	1919
1455	1919
501	500
502	501
504	503
1467	506
507	506
1468	509
510	1468
1473	512
513	512
1474	515
516	1474
519	518
1475	519
520	1475
1478	521
523	1478
1477	521
1476	521
522	1476
1873	524
1874	1873
1609	1874
1610	1874
771	1874
1875	771
528	1875
526	528
770	524
1482	524
1872	1482
527	1482
525	1482
1877	529
528	529
1875	528
771	1875
1922	1920
1923	1922
1877	534
771	1877
1924	771
1843	1924
1923	1924
1844	1923
1922	1923
536	1922
1484	1922
1920	1922
1483	1920
770	1920
1876	770
535	1876
532	1876
1921	1920
1873	1921
1874	1921
1923	1921
1924	1923
771	1924
533	534
1486	537
1487	1486
1485	1486
538	1485
1489	540
1490	1489
1840	1490
1491	1490
1839	1491
1492	1491
542	1492
541	540
1496	543
1495	1496
1647	1495
1494	1495
1648	1494
1493	1494
545	1493
544	1493
547	546
1505	549
550	549
553	552
1513	553
554	1513
1514	555
556	1514
557	556
1517	558
1518	1517
1521	1518
560	1518
559	558
1524	561
1523	1524
1544	1523
562	1523
1525	562
563	1525
1532	564
565	1532
1533	565
1541	1533
1534	1533
566	1534
1536	567
1925	1536
1537	1925
569	1537
1535	1925
568	1535
1536	1925
1549	570
1550	1549
571	1549
1552	573
1553	1552
1556	1553
575	1553
574	573
1561	576
1559	576
1560	1559
1558	1559
577	1558
1563	579
1926	1563
1656	1926
581	1926
1564	1926
580	1926
1562	1926
1563	1926
1566	582
1565	582
583	1565
1570	585
1571	1570
586	1570
1572	588
590	1572
589	1572
592	591
1581	592
593	1581
1582	594
595	1582
598	597
599	598
1586	600
1587	1586
602	1587
601	1586
1588	603
605	1588
604	1588
1592	606
1593	1592
607	1592
1594	609
610	1594
613	612
1597	615
617	1597
616	615
1598	618
1599	1598
619	1598
620	619
1602	621
1601	1602
1606	1601
1927	1601
1605	1927
1603	1927
623	1603
622	1927
1601	1927
1615	624
625	1615
628	627
631	630
634	633
637	636
640	639
1632	640
1734	1632
641	1632
1928	642
1638	1928
644	1638
1637	1928
1636	1928
643	1636
642	1928
1640	645
1641	1640
1639	1640
646	1639
1929	648
1649	1929
1645	1929
650	1645
1644	1929
1643	1929
1642	1929
649	1642
648	1929
1654	651
1652	651
1653	1652
1651	1652
652	1651
1658	654
655	1658
658	657
659	658
1661	660
1660	660
661	1660
664	663
667	666
1669	667
668	1669
1675	669
671	1675
670	1675
673	672
676	675
1686	678
679	678
1687	681
682	1687
685	684
686	685
1693	687
688	1693
689	688
691	690
694	693
697	696
700	699
703	702
704	703
1701	705
1702	1701
706	1701
1713	708
1712	708
709	1712
1714	711
712	1714
715	714
718	717
721	720
724	723
727	726
1723	727
728	1723
1724	729
1725	1724
730	1724
1728	732
1726	732
1727	1726
733	1726
1732	735
1730	735
1731	1730
1729	1730
736	1729
739	738
740	739
1748	741
743	1748
742	741
1755	744
746	1755
745	1755
1757	747
748	1757
749	748
751	750
754	753
757	756
758	757
760	759
763	762
766	765
767	766
532	531
1876	532
527	1876
1872	1876
770	1876
775	0
1933	1932
1934	1933
1935	1934
1931	1935
1936	1933
790	1936
788	790
1935	788
786	788
13	786
1931	13
784	13
10	784
780	10
1930	780
1932	780
7	780
1933	7
775	7
1936	775
792	775
790	792
0	775
815	8
31	815
28	31
811	28
1857	811
25	811
1859	25
22	25
806	22
3	806
1	806
17	806
19	806
782	8
817	782
9	782
34	9
1937	5
1858	1937
1856	1937
6	1937
777	1937
5	1937
1943	1942
1943	1939
1944	1943
1945	1942
1946	1945
1946	1943
43	1946
825	43
1940	825
795	825
797	795
1939	797
799	797
1942	799
1941	799
1945	1941
52	1941
1946	52
49	52
829	49
43	829
46	49
55	1941
801	1941
803	801
58	803
61	803
805	803
64	805
18	805
15	805
799	1941
12	825
40	825
1938	40
785	1938
35	1938
11	35
37	1938
40	1938
1952	1951
1952	1947
1953	1952
1953	1948
1950	1953
789	1950
1948	789
791	789
1947	791
793	791
16	793
1951	16
804	16
802	804
1952	802
800	802
1953	800
798	800
1950	798
796	798
794	796
787	794
789	787
14	794
2	793
67	70
858	67
807	858
20	858
65	858
869	76
875	869
1954	869
24	1954
23	1954
71	1954
73	1954
869	1954
1957	1955
1958	1957
874	1958
876	874
813	876
27	813
895	27
1955	895
892	895
1957	892
91	892
88	91
85	88
82	85
1958	82
79	82
77	79
874	77
26	876
1959	106
1960	1959
916	1960
1961	1960
30	1961
29	1961
897	1961
903	1961
894	903
901	903
92	901
97	901
94	97
1960	1961
905	1960
1959	1960
910	1959
103	910
100	103
106	1959
109	36
107	109
1962	107
818	1962
816	1962
917	1962
32	917
915	1962
107	1962
922	112
38	922
110	922
826	113
41	113
1965	1964
1964	1966
1968	1964
1969	1968
1970	1966
1967	1970
1968	1967
928	1967
118	928
1969	118
115	118
104	115
912	104
1965	912
105	912
1963	105
108	105
1966	108
923	108
1970	923
1971	923
932	1971
930	932
1967	930
928	930
934	1971
1972	1971
936	1972
1973	1972
938	1973
1974	1973
940	1974
1975	1974
121	1975
124	1975
127	1975
45	1975
832	1975
44	1975
1974	1975
1973	1974
111	1973
1972	1973
923	1972
1971	1972
47	130
128	130
1978	1977
1980	1977
1981	1980
1981	1978
138	1981
133	138
50	133
51	50
1978	51
1976	51
56	51
57	56
150	57
1977	150
147	150
1980	147
144	147
141	144
1981	141
138	141
131	133
59	151
1986	1982
1987	1986
1987	1983
1988	1987
1989	1988
1989	1984
1991	1990
1991	1986
1992	1991
1992	1987
1993	1992
1993	1988
1994	1990
1995	1994
1995	1991
1995	1992
1996	1995
148	1996
149	148
1989	149
1985	149
62	149
63	62
1984	63
860	63
1983	860
1982	860
66	860
996	66
1986	996
159	996
1990	159
156	159
1994	156
985	156
1995	985
1996	985
153	985
148	153
2000	1999
2001	1998
1000	2001
2000	1000
160	1000
998	160
1997	998
72	998
1851	72
1999	1851
1998	1851
171	1851
2001	171
168	171
165	168
1000	165
162	165
1004	1851
80	1851
81	80
68	998
69	68
1852	78
871	1852
74	1852
2004	2002
1006	2004
1005	1006
83	1005
2002	83
84	83
183	84
2004	183
180	183
177	180
174	177
1006	174
172	1006
186	189
184	186
86	184
89	93
190	93
1028	204
198	1028
195	198
95	195
192	195
188	192
187	192
201	204
2005	205
906	2005
2006	2005
904	2006
902	2006
98	2006
205	2006
2005	2006
1034	114
101	1034
202	1034
203	202
207	1034
1040	213
117	1040
2007	1040
116	2007
1035	2007
1038	2007
210	1038
208	210
1040	2007
2010	2012
2014	2013
2014	2011
2015	2014
2015	2012
2017	2016
2017	2013
2019	2018
2019	2016
219	2019
1047	219
2015	1047
2014	2015
216	1047
2010	216
214	216
2009	214
2008	2009
929	2009
931	929
933	931
2012	933
2011	933
935	933
2013	935
937	935
939	937
2016	939
2018	939
941	939
120	941
222	120
2019	222
219	222
119	2009
1043	2009
214	2009
228	223
122	234
231	234
223	231
228	231
237	129
235	237
125	235
132	129
1081	240
1079	1081
134	1079
1077	1079
238	1077
2020	249
241	2020
139	241
243	2020
1087	2020
1089	2020
246	1089
249	2020
2024	2023
2024	2021
2025	2024
2026	2024
250	2026
142	250
143	142
2022	143
154	143
989	154
2021	989
261	989
2023	261
258	261
1101	258
2026	1101
2024	2026
255	1101
252	255
250	252
155	989
264	155
145	152
1001	270
2027	270
158	2027
265	2027
157	265
267	2027
270	2027
1122	163
1122	282
163	1122
276	282
273	276
279	282
283	285
166	283
2028	173
170	2028
169	2028
286	2028
1137	2028
173	2028
2031	288
1147	2031
2029	2031
1149	2029
175	2029
176	175
1139	2029
2030	2029
284	2030
281	2030
280	2030
2031	2030
288	2031
2029	2030
1169	297
2036	2035
2036	2032
2037	2034
2038	2037
2038	2035
1146	2038
1148	1146
2033	1148
1150	1148
179	1150
309	179
2032	309
306	309
2034	306
2035	2034
303	306
1169	303
2037	1169
297	1169
294	297
2038	294
291	294
289	291
1146	289
178	1150
191	185
1175	191
312	1175
181	312
310	312
313	315
1187	313
2039	313
1189	2039
194	2039
193	2039
1178	2039
313	2039
330	324
2042	2040
1188	2042
1190	1188
1211	1190
1209	1211
2040	1209
1207	1209
1203	1207
2042	1203
1201	1203
1188	1201
1186	1201
1199	1201
316	1199
318	1199
321	1199
330	1207
324	330
197	1190
196	1190
2045	2043
1210	2045
1212	1210
1029	1212
200	1029
2043	200
206	200
209	206
333	209
2045	333
1213	333
1208	1213
1210	1208
331	1213
199	1212
2048	2046
2049	2048
211	2049
1039	211
1041	1039
2046	1041
212	1041
1221	212
1219	1221
2048	1219
1217	1219
1215	1217
2049	1215
334	1215
211	334
336	1217
339	1217
215	212
2055	2054
2055	2051
2052	2055
2053	2052
2057	2052
2059	2058
2059	2054
2059	2055
2056	2059
2057	2056
2060	2056
2061	2060
2060	2059
351	2059
348	351
2061	348
345	348
342	345
1224	342
2057	1224
340	1224
1218	340
2053	1218
1220	1218
2050	1220
1222	1220
2051	1222
217	1222
1049	217
2054	1049
218	1049
2058	218
354	218
351	354
2059	351
220	224
220	355
1248	357
353	1248
226	353
352	1248
2064	2062
2065	2064
358	2065
229	358
230	229
2062	230
1265	230
1263	1265
2064	1263
1261	1263
366	1261
363	366
2065	363
1257	363
360	1257
358	360
2069	2068
1264	2069
2066	1264
1080	2066
1082	1080
2068	1082
369	1082
1271	369
1269	1271
2069	1269
1267	1269
1262	1267
1264	1262
367	1267
242	1082
239	1082
1078	2066
1266	2066
232	1266
233	232
236	233
1264	2066
2070	378
1088	2070
1273	2070
370	1273
244	370
1275	2070
1279	2070
372	1279
375	1279
378	2070
1090	251
390	251
387	390
247	387
384	387
379	384
381	384
393	396
253	393
391	393
1102	399
397	399
256	397
2076	2075
2076	2071
2077	2076
2077	2072
2078	2077
2080	2079
2080	2074
2081	2080
2081	2075
2082	2081
2082	2076
2083	2082
2083	2077
2084	2083
2085	2080
2086	2085
2086	2081
2087	2086
2087	2082
2087	2083
400	2087
259	400
2078	259
260	259
2073	260
268	260
2072	268
2071	268
269	268
1124	269
2075	1124
2074	1124
272	1124
2079	272
1313	272
1310	1313
2080	1310
2085	1310
405	1310
2086	405
402	405
2087	402
400	402
262	266
2092	2090
1317	2092
1312	1317
2088	1312
2090	2088
1845	2088
2089	1845
2092	2089
417	2089
414	417
1325	414
1317	1325
408	1325
411	1325
1327	2089
1845	2089
292	1845
293	292
275	2088
1315	2088
274	1315
1312	2088
406	1317
1846	287
277	1846
290	287
2093	426
295	2093
1328	2093
1329	2093
418	1329
423	2093
420	423
1333	2093
426	2093
427	299
427	429
1170	435
432	435
430	432
301	430
304	438
436	438
314	311
307	314
317	314
439	317
1353	444
2094	1353
319	2094
437	2094
434	2094
433	2094
1351	2094
441	1351
1353	2094
2096	447
2095	2096
323	2095
1204	2095
1202	2095
2096	2095
1200	2096
445	2096
322	445
1361	2096
447	2096
1370	326
2097	337
1370	2097
2098	2097
448	2098
450	2098
1226	2098
341	1226
338	2098
2097	2098
337	2097
1216	332
329	1216
335	1216
328	335
2099	459
343	2099
451	2099
1380	2099
2101	2099
1382	2101
1385	2101
453	1385
2100	2101
456	2100
459	2100
2099	2100
2101	2100
346	460
2103	356
350	2103
2102	2103
349	2102
458	2102
457	2102
462	2102
2103	2102
1396	2103
359	2103
356	2103
2107	465
2105	2107
362	2105
1259	2105
2106	2105
2104	2106
361	2104
1398	2104
1400	2104
463	1400
1402	2104
2106	2104
1404	2106
1406	2106
2105	2106
2107	2105
1408	2107
465	2107
1274	368
2108	1274
1270	2108
1268	2108
1411	2108
365	1411
364	1411
466	2108
1276	2108
371	1276
1274	2108
2112	2109
2113	2112
2112	2111
2115	2111
2116	2115
2116	2112
2117	2116
2120	2114
2115	2114
2121	2115
2122	2121
2122	2116
2123	2122
2123	2117
2127	2126
2127	2119
2127	2120
2121	2120
2128	2121
2129	2128
2129	2122
2131	2124
2132	2131
2132	2125
2133	2132
2133	2126
2133	2127
2128	2127
2134	2128
2135	2131
2135	2132
2135	2133
2134	2133
1422	2135
1420	1422
2129	1420
1418	1420
2123	1418
1416	1418
2118	1416
468	1416
454	468
2113	454
2117	2113
1387	454
2110	1387
455	1387
461	455
2109	461
1401	461
2111	1401
2114	1401
1403	1401
2120	1403
2119	1403
1405	1403
1407	1405
2126	1407
2125	1407
1409	1407
2124	1409
464	1409
373	464
2130	373
2131	2130
1424	2130
2135	1424
1422	1424
471	2130
374	2130
373	2130
477	380
1280	477
472	477
376	472
474	477
382	483
480	483
478	480
486	489
385	486
484	486
492	392
388	492
490	492
2141	2140
2142	2141
2142	2136
2143	2142
2143	2137
2145	2144
2145	2139
2146	2145
2146	2140
2147	2146
2147	2141
1444	2147
2143	1444
1442	1444
2138	1442
493	1442
394	493
395	394
2137	395
2136	395
398	395
2140	398
401	398
2139	401
1457	401
2144	1457
1452	1457
1449	1452
2145	1449
495	1449
2146	495
1446	495
2147	1446
1444	1446
498	1457
499	407
1459	499
404	1459
403	1459
516	522
409	516
513	516
497	513
1454	513
1471	513
1469	1471
1451	1469
510	1469
496	510
507	510
504	507
501	504
519	522
1326	530
525	530
523	525
412	523
2148	419
416	2148
2149	2148
415	2149
531	2149
2148	2149
535	2148
538	2148
419	2148
2155	2154
2155	2150
2156	2155
2156	2151
544	2156
2153	544
422	2153
1509	422
2151	1509
1506	1509
2150	1506
550	1506
1503	550
2154	1503
1501	1503
547	1501
1499	547
2155	1499
1497	1499
2156	1497
544	1497
421	2153
541	2153
539	541
544	2153
431	428
440	431
1334	440
559	440
1515	559
1511	1515
424	1511
1508	1515
556	1515
551	556
553	556
2159	2158
446	2159
449	446
1381	449
2158	1381
1383	1381
1529	1383
2159	1529
1526	1529
2160	1526
1364	2160
446	1364
2161	2160
443	2161
1354	2161
2162	2161
1352	2162
2163	2162
442	2163
560	2163
562	2163
1526	2163
2162	2163
2161	2162
2160	2161
452	1383
467	452
568	467
565	568
1425	473
571	473
1423	571
1546	571
1421	1546
2165	1546
1419	2165
1417	2165
2164	2165
469	2164
569	2164
555	2164
554	2164
2165	2164
1546	2165
475	479
574	479
572	574
2169	2168
2173	2172
2173	2167
2174	2173
2174	2168
2175	2174
2175	2169
2176	2172
2177	2176
2177	2173
2178	2177
2178	2174
2171	2178
2170	2171
575	2171
481	575
2169	481
2166	481
482	481
485	482
1577	485
2168	1577
2167	1577
1575	1577
1573	1575
2172	1573
589	1573
2176	589
586	589
2177	586
1567	586
2178	1567
583	1567
2171	583
577	583
575	577
580	583
1578	491
487	1578
1443	491
1576	1443
1445	1443
1574	1445
1447	1445
590	1447
500	1447
494	1447
588	595
502	588
503	502
587	595
592	595
505	598
1584	598
596	598
2179	604
509	2179
2180	2179
508	2180
599	2180
601	2180
2179	2180
604	2179
2181	613
1472	2181
1470	2181
2182	2181
1590	2182
511	1590
607	2182
605	607
610	2182
613	2182
2181	2182
616	619
1595	616
514	1595
614	1595
620	622
517	620
520	524
623	524
2187	2186
2189	2186
2190	2189
2190	2187
2191	2189
1612	2191
617	1612
2188	617
618	617
529	618
2184	529
2187	2184
534	529
2183	534
1620	2183
1618	1620
2186	1618
1616	1618
2189	1616
631	1616
2191	631
628	631
625	628
1612	625
1622	2183
2185	2183
1624	2185
543	2185
1626	543
649	543
1628	649
2192	649
1630	2192
2193	2192
634	2193
637	2193
1633	2193
640	1633
643	2193
2192	2193
646	2192
649	2192
542	2185
2183	2185
534	2183
621	618
526	621
536	540
579	578
2194	579
1500	2194
1498	2194
650	2194
545	650
652	2194
579	2194
1504	552
1548	552
1502	1548
570	1548
548	570
573	570
576	573
1516	561
566	561
557	566
567	566
2196	563
1531	2196
2195	2196
1528	2195
563	2195
2196	2195
2197	658
581	2197
2198	2197
653	2198
645	2198
644	2198
655	2198
2197	2198
658	2197
1569	591
661	591
584	661
659	661
2199	597
2200	2199
593	2200
2201	2200
662	2201
1663	2201
664	1663
1665	2201
2200	2201
2202	2200
1667	2202
667	2202
1670	2202
2199	2202
600	2199
597	2199
2200	2202
2205	2203
2206	2205
2207	2205
668	2207
1672	668
2204	1672
602	1672
603	602
2203	603
1680	603
1678	1680
2205	1678
1676	1678
2207	1676
673	1676
670	673
668	670
606	603
2211	2209
2212	2211
2213	2211
1677	2213
1679	1677
2210	1679
1681	1679
2208	1681
2209	2208
682	2208
679	682
676	679
2211	676
1684	676
2213	1684
1682	1684
674	1682
1677	674
609	2208
1681	2208
608	1681
2214	615
1690	2214
2215	1690
612	2215
1688	2215
611	1688
683	1688
1690	2215
685	2214
624	2214
1614	2214
615	2214
2216	697
626	2216
627	626
686	2216
691	2216
688	691
694	2216
697	2216
700	703
2217	700
629	2217
1695	2217
1696	2217
698	1696
1698	2217
700	2217
2224	712
1631	2224
633	1631
1629	2224
2223	2224
1627	2223
2221	2223
1625	2221
2222	2221
2218	2222
1623	2218
2219	2218
1621	2219
2220	2219
1619	2220
1617	2220
704	2220
632	704
706	2220
1703	2220
2219	2220
1706	2219
2218	2219
2222	2218
1709	2222
2223	2222
709	2223
2224	2223
712	2224
2221	2222
1719	718
635	1719
636	635
1717	1719
1716	1717
715	1717
713	715
638	736
1722	736
733	736
730	733
719	730
721	730
724	730
727	730
1635	654
1735	654
641	1735
737	1735
647	651
663	660
656	663
1739	663
1736	1739
1737	1739
735	1737
734	1737
739	1737
2231	2230
2231	2226
2231	2227
2231	2228
2229	2228
2232	2230
2232	2231
669	2230
1742	669
2229	1742
740	1742
1738	740
2225	1738
1740	1738
665	1740
2228	665
1664	665
2227	1664
1666	1664
2226	1666
1668	1666
666	1668
2230	666
669	666
1752	675
1749	1752
1683	1749
742	1749
672	742
1746	742
1744	1746
671	1744
738	1746
731	1746
732	731
745	675
677	748
746	748
2233	684
1689	2233
681	2233
680	2233
749	2233
687	2233
684	2233
726	725
1761	726
1767	1761
743	1761
1769	743
1771	743
1751	743
1773	1751
1754	1751
1775	1754
2234	1754
1777	2234
747	2234
1779	747
689	747
690	689
744	2234
1754	2234
2238	2235
2239	2238
2239	2236
2240	2239
2242	2241
2242	2238
2243	2242
2243	2239
2244	2243
2249	2248
2252	2251
2252	2247
2253	2252
2253	2248
2253	2249
2256	2251
2256	2252
2256	2253
2254	2253
768	2256
2255	768
1783	2255
2250	1783
1781	1783
2249	1781
751	1781
2245	751
722	751
723	722
2248	723
1766	723
2247	1766
1768	1766
2251	1768
1770	1768
2246	1770
1861	2246
2256	1861
768	1861
1863	2246
1774	2246
2244	1774
1865	2244
2243	2244
2242	2243
1867	2242
2241	2242
1789	2241
1869	1789
1787	1789
2255	1787
768	2255
1785	1787
1783	1785
1791	2241
2238	2241
1793	2238
2235	2238
754	2235
693	2235
2236	2235
692	2236
2237	2236
1780	2237
1778	2237
2240	2237
2244	2240
1776	2244
1774	2244
1772	2246
1770	2246
1801	699
2257	1801
1697	2257
696	2257
695	2257
755	2257
1795	2257
1799	2257
1797	1799
760	1797
757	760
1801	2257
2265	2262
2265	2264
1815	2264
1813	1815
1811	1813
2263	1811
1809	1811
1831	1809
1829	1831
2262	1829
2264	1829
710	1829
711	710
714	711
1817	714
1815	1817
1807	1809
1833	1807
1835	1807
1805	1807
2259	1805
1837	2259
2260	2259
2258	2260
705	2258
702	2258
701	2258
1802	2258
2260	2258
1800	2260
2261	2260
1798	2261
1803	2261
761	1803
2259	2261
1805	2259
2260	2261
763	1813
1705	707
2266	1705
1836	2266
2268	2266
1834	2268
1832	2268
2267	2268
1830	2267
708	2267
1711	2267
1708	2267
2268	2267
2266	2268
1705	2266
2270	720
1720	2270
2269	2270
1718	2269
1818	2269
716	1818
1816	2269
2270	2269
1814	2270
1819	2270
764	1819
766	1819
750	2270
720	2270
1763	741
728	1763
729	728
1792	756
1794	1792
753	1794
2271	756
1790	2271
2275	2271
1788	2275
1786	2275
2274	2275
2273	2274
1784	2273
2272	2273
1782	2272
1820	2272
752	1820
767	2272
2273	2272
1822	2273
2274	2273
2271	2274
1825	2271
756	2271
2275	2274
1827	759
2279	2278
2280	2277
2280	2278
1827	2280
759	1827
1804	759
2276	1804
1806	1804
1808	1806
2278	1808
1810	1808
2277	1810
1812	1810
2280	1812
762	1812
765	762
1824	765
1827	1824
2281	769
1868	2281
1866	2281
1864	2281
1862	2281
769	2281
