# MSMS solvent excluded surface faces for fragments/fragment2.xyzr
#faces  #sphere density probe_r
  13542     420  3.00  1.50
     1   2356   2355  3      3
  2355   2356   2357  3      3
  2355   2357      2  3      3
     2   2357   2358  3      3
  2356      5   2357  3      3
  2357      5   2359  3      3
  2357   2359   2358  3      3
  2358   2359      4  3      3
     5   2361   2360  3      5
  2360   2361   2362  3      5
  2360   2362      6  3      5
     6   2362   2363  3      5
  2361      8   2362  3      5
  2362      8   2364  3      5
  2362   2364   2363  3      5
  2363   2364      7  3      5
     8     11   2365  3      7
  2365     11   2366  3      7
  2365   2366      9  3      7
     9   2366     10  3      7
    11     14     12  3      9
    12     14     13  3      9
    14   2368   2367  3     11
  2367   2368   2369  3     11
  2367   2369     15  3     11
    15   2369   2370  3     11
  2368   2371   2369  3     11
  2369   2371   2372  3     11
  2369   2372   2370  3     11
  2370   2372   2373  3     11
  2371     17   2372  3     11
  2372     17   2374  3     11
  2372   2374   2373  3     11
  2373   2374     16  3     11
    17     20     18  3     13
    18     20     19  3     13
    20   2376   2375  3     14
  2375   2376   2377  3     14
  2375   2377     21  3     14
    21   2377   2378  3     14
  2376      1   2377  3     14
  2377      1   2379  3     14
  2377   2379   2378  3     14
  2378   2379      3  3     14
    21     23     19  3     16
    19     23     22  3     16
    23   2382   2380  3     18
  2380   2382   2383  3     18
  2380   2383   2381  3     18
  2381   2383   2384  3     18
  2381   2384     24  3     18
    24   2384   2385  3     18
  2382     26   2383  3     18
  2383     26   2386  3     18
  2383   2386   2384  3     18
  2384   2386   2387  3     18
  2384   2387   2385  3     18
  2385   2387     25  3     18
    26   2389   2388  3     20
  2388   2389   2390  3     20
  2388   2390     27  3     20
    27   2390   2391  3     20
  2389     29   2390  3     20
  2390     29   2392  3     20
  2390   2392   2391  3     20
  2391   2392     28  3     20
    29     32   2393  3     22
  2393     32   2394  3     22
  2393   2394     30  3     22
    30   2394     31  3     22
    32     35   2395  3     24
  2395     35   2398  3     24
  2395   2398   2396  3     24
  2396   2398   2399  3     24
  2396   2399   2397  3     24
  2397   2399   2400  3     24
  2397   2400     33  3     24
    33   2400     34  3     24
    35     38   2401  3     26
  2401     38   2404  3     26
  2401   2404   2402  3     26
  2402   2404   2405  3     26
  2402   2405   2403  3     26
  2403   2405   2406  3     26
  2403   2406     36  3     26
    36   2406     37  3     26
    38     41   2407  3     28
  2407     41   2408  3     28
  2407   2408     39  3     28
    39   2408     40  3     28
    41   2410   2409  3     30
  2409   2410   2411  3     30
  2409   2411     42  3     30
    42   2411   2412  3     30
  2410     44   2411  3     30
  2411     44   2413  3     30
  2411   2413   2412  3     30
  2412   2413     43  3     30
    44      3   2414  3     31
  2414      3   2415  3     31
  2414   2415     45  3     31
    45   2415      2  3     31
    45   2416     43  3     33
    43   2416   2417  3     33
  2416     47   2417  3     33
  2417     47     46  3     33
    47     50     48  3     35
    48     50     49  3     35
    50   2418     51  3     37
    51   2418   2419  3     37
  2418     53   2419  3     37
  2419     53     52  3     37
    53     56     54  3     39
    54     56     55  3     39
    56   2420     57  3     41
    57   2420   2421  3     41
  2420   2422   2421  3     41
  2421   2422   2423  3     41
  2422   2424   2423  3     41
  2423   2424   2425  3     41
  2424     59   2425  3     41
  2425     59     58  3     41
    59     62   2426  3     43
  2426     62   2427  3     43
  2426   2427     60  3     43
    60   2427     61  3     43
    62     65   2428  3     45
  2428     65   2430  3     45
  2428   2430   2429  3     45
  2429   2430   2431  3     45
  2429   2431     63  3     45
    63   2431     64  3     45
    65     10   2432  3     46
  2432     10   2433  3     46
  2432   2433     66  3     46
    66   2433     12  3     46
    66     68   2434  3     48
  2434     68   2436  3     48
  2434   2436   2435  3     48
  2435   2436   2437  3     48
  2435   2437     64  3     48
    64   2437     67  3     48
    68     13     69  3     49
    69     13     15  3     49
    69     71   2438  3     51
  2438     71   2440  3     51
  2438   2440   2439  3     51
  2439   2440   2441  3     51
  2439   2441     67  3     51
    67   2441     70  3     51
    71     74   2442  3     53
  2442     74   2443  3     53
  2442   2443     72  3     53
    72   2443     73  3     53
    74     77   2444  3     55
  2444     77   2445  3     55
  2444   2445     75  3     55
    75   2445     76  3     55
    77   2447   2446  3     57
  2446   2447   2448  3     57
  2446   2448     78  3     57
    78   2448   2449  3     57
  2447     80   2448  3     57
  2448     80   2450  3     57
  2448   2450   2449  3     57
  2449   2450     79  3     57
    80     83   2451  3     59
  2451     83   2452  3     59
  2451   2452     81  3     59
    81   2452     82  3     59
    83     16     84  3     60
    84     16     18  3     60
    84     22   2453  3     61
  2453     22   2455  3     61
  2453   2455   2454  3     61
  2454   2455   2456  3     61
  2454   2456     82  3     61
    82   2456     24  3     61
    81     86     79  3     63
    79     86     85  3     63
    86     89     87  3     65
    87     89     88  3     65
    89     92     90  3     67
    90     92     91  3     67
    92     95   2457  3     69
  2457     95   2459  3     69
  2457   2459   2458  3     69
  2458   2459   2460  3     69
  2458   2460     93  3     69
    93   2460     94  3     69
    95     98   2461  3     71
  2461     98   2462  3     71
  2461   2462     96  3     71
    96   2462     97  3     71
    98   2464   2463  3     73
  2463   2464   2465  3     73
  2463   2465     99  3     73
    99   2465   2466  3     73
  2464   2467   2465  3     73
  2465   2467   2468  3     73
  2465   2468   2466  3     73
  2466   2468   2469  3     73
  2467    101   2468  3     73
  2468    101   2470  3     73
  2468   2470   2469  3     73
  2469   2470    100  3     73
   101   2472   2471  3     75
  2471   2472   2473  3     75
  2471   2473    102  3     75
   102   2473   2474  3     75
  2472    104   2473  3     75
  2473    104   2475  3     75
  2473   2475   2474  3     75
  2474   2475    103  3     75
   104    107   2476  3     77
  2476    107   2477  3     77
  2476   2477    105  3     77
   105   2477    106  3     77
   107    110   2478  3     79
  2478    110   2480  3     79
  2478   2480   2479  3     79
  2479   2480   2481  3     79
  2479   2481    108  3     79
   108   2481    109  3     79
   110    113    111  3     81
   111    113    112  3     81
   113   2484   2482  3     83
  2482   2484   2485  3     83
  2482   2485   2483  3     83
  2483   2485   2486  3     83
  2483   2486    114  3     83
   114   2486   2487  3     83
  2484    116   2485  3     83
  2485    116   2488  3     83
  2485   2488   2486  3     83
  2486   2488   2489  3     83
  2486   2489   2487  3     83
  2487   2489    115  3     83
   116    119   2490  3     85
  2490    119   2491  3     85
  2490   2491    117  3     85
   117   2491    118  3     85
   119   2492    120  3     86
   120   2492   2493  3     86
  2492     25   2493  3     86
  2493     25     27  3     86
   120     28   2494  3     87
  2494     28   2495  3     87
  2494   2495    118  3     87
   118   2495     30  3     87
   117    122   2496  3     89
  2496    122   2498  3     89
  2496   2498   2497  3     89
  2497   2498   2499  3     89
  2497   2499    115  3     89
   115   2499    121  3     89
   122    125   2500  3     91
  2500    125   2502  3     91
  2500   2502   2501  3     91
  2501   2502   2503  3     91
  2501   2503    123  3     91
   123   2503    124  3     91
   125    128   2504  3     93
  2504    128   2507  3     93
  2504   2507   2505  3     93
  2505   2507   2508  3     93
  2505   2508   2506  3     93
  2506   2508   2509  3     93
  2506   2509    126  3     93
   126   2509    127  3     93
   128     31   2510  3     94
  2510     31   2513  3     94
  2510   2513   2511  3     94
  2511   2513   2514  3     94
  2511   2514   2512  3     94
  2512   2514   2515  3     94
  2512   2515    129  3     94
   129   2515     33  3     94
   129   2516    127  3     96
   127   2516   2517  3     96
  2516    131   2517  3     96
  2517    131    130  3     96
   131    134    132  3     98
   132    134    133  3     98
   134   2518    135  3    100
   135   2518   2519  3    100
  2518   2520   2519  3    100
  2519   2520   2521  3    100
  2520   2522   2521  3    100
  2521   2522   2523  3    100
  2522    137   2523  3    100
  2523    137    136  3    100
   137     49    138  3    101
   138     49     51  3    101
   138    140   2524  3    103
  2524    140   2525  3    103
  2524   2525    136  3    103
   136   2525    139  3    103
   140     52    141  3    104
   141     52     54  3    104
   141    143   2526  3    106
  2526    143   2527  3    106
  2526   2527    139  3    106
   139   2527    142  3    106
   143    146   2528  3    108
  2528    146   2529  3    108
  2528   2529    144  3    108
   144   2529    145  3    108
   146   2530    147  3    109
   147   2530   2531  3    109
  2530     55   2531  3    109
  2531     55     57  3    109
   147    149   2532  3    111
  2532    149   2533  3    111
  2532   2533    145  3    111
   145   2533    148  3    111
   149    152    150  3    113
   150    152    151  3    113
   152   2534    153  3    114
   153   2534   2535  3    114
  2534   2536   2535  3    114
  2535   2536   2537  3    114
  2536     58   2537  3    114
  2537     58     60  3    114
   153   2538    151  3    116
   151   2538   2539  3    116
  2538    155   2539  3    116
  2539    155    154  3    116
   155    158   2540  3    118
  2540    158   2541  3    118
  2540   2541    156  3    118
   156   2541    157  3    118
   158     61   2542  3    119
  2542     61   2543  3    119
  2542   2543    159  3    119
   159   2543     63  3    119
   159    161    157  3    121
   157    161    160  3    121
   161    164    162  3    123
   162    164    163  3    123
   164    167    165  3    125
   165    167    166  3    125
   167     70    168  3    126
   168     70     72  3    126
   168    170    166  3    128
   166    170    169  3    128
   170   2544    171  3    129
   171   2544   2545  3    129
  2544     73   2545  3    129
  2545     73     75  3    129
   171    173   2546  3    131
  2546    173   2547  3    131
  2546   2547    169  3    131
   169   2547    172  3    131
   173    176   2548  3    133
  2548    176   2551  3    133
  2548   2551   2549  3    133
  2549   2551   2552  3    133
  2549   2552   2550  3    133
  2550   2552   2553  3    133
  2550   2553    174  3    133
   174   2553    175  3    133
   176    179   2554  3    135
  2554    179   2555  3    135
  2554   2555    177  3    135
   177   2555    178  3    135
   179    182    180  3    137
   180    182    181  3    137
   182    185   2556  3    139
  2556    185   2557  3    139
  2556   2557    183  3    139
   183   2557    184  3    139
   185    188   2558  3    141
  2558    188   2559  3    141
  2558   2559    186  3    141
   186   2559    187  3    141
   188     76   2560  3    142
  2560     76   2561  3    142
  2560   2561    189  3    142
   189   2561     78  3    142
   189   2562    187  3    143
   187   2562   2563  3    143
  2562     85   2563  3    143
  2563     85     87  3    143
   186    191    184  3    145
   184    191    190  3    145
   191    194   2564  3    147
  2564    194   2566  3    147
  2564   2566   2565  3    147
  2565   2566   2567  3    147
  2565   2567    192  3    147
   192   2567    193  3    147
   194    197   2568  3    149
  2568    197   2570  3    149
  2568   2570   2569  3    149
  2569   2570   2571  3    149
  2569   2571    195  3    149
   195   2571    196  3    149
   197     88    198  3    150
   198     88     90  3    150
   198     91   2572  3    151
  2572     91   2574  3    151
  2572   2574   2573  3    151
  2573   2574   2575  3    151
  2573   2575    196  3    151
   196   2575     93  3    151
   195   2576    193  3    153
   193   2576   2577  3    153
  2576   2578   2577  3    153
  2577   2578   2579  3    153
  2578    200   2579  3    153
  2579    200    199  3    153
   200    203   2580  3    155
  2580    203   2581  3    155
  2580   2581    201  3    155
   201   2581    202  3    155
   203   2583   2582  3    157
  2582   2583   2584  3    157
  2582   2584    204  3    157
   204   2584   2585  3    157
  2583    206   2584  3    157
  2584    206   2586  3    157
  2584   2586   2585  3    157
  2585   2586    205  3    157
   206    209   2587  3    159
  2587    209   2588  3    159
  2587   2588    207  3    159
   207   2588    208  3    159
   209     94   2589  3    160
  2589     94   2592  3    160
  2589   2592   2590  3    160
  2590   2592   2593  3    160
  2590   2593   2591  3    160
  2591   2593   2594  3    160
  2591   2594    210  3    160
   210   2594     96  3    160
   210   2596   2595  3    162
  2595   2596   2597  3    162
  2595   2597    208  3    162
   208   2597   2598  3    162
  2596    212   2597  3    162
  2597    212   2599  3    162
  2597   2599   2598  3    162
  2598   2599    211  3    162
   212   2600    213  3    164
   213   2600   2601  3    164
  2600    215   2601  3    164
  2601    215    214  3    164
   215   2603   2602  3    166
  2602   2603   2604  3    166
  2602   2604    216  3    166
   216   2604   2605  3    166
  2603    218   2604  3    166
  2604    218   2606  3    166
  2604   2606   2605  3    166
  2605   2606    217  3    166
   218    103    219  3    167
   219    103    105  3    167
   219    106    217  3    168
   217    106    108  3    168
   216    221    214  3    170
   214    221    220  3    170
   221    224   2607  3    172
  2607    224   2609  3    172
  2607   2609   2608  3    172
  2608   2609   2610  3    172
  2608   2610    222  3    172
   222   2610    223  3    172
   228    225    227  3    174
   224    229    226  3    175
   229    232   2611  3    177
  2611    232   2615  3    177
  2611   2615   2612  3    177
  2612   2615   2616  3    177
  2612   2616   2613  3    177
  2613   2616   2617  3    177
  2613   2617   2614  3    177
  2614   2617   2618  3    177
  2614   2618    230  3    177
   230   2618    231  3    177
   232    235   2619  3    179
  2619    235   2620  3    179
  2619   2620    233  3    179
   233   2620    234  3    179
   235   2622   2621  3    180
  2621   2622   2623  3    180
  2621   2623    236  3    180
   236   2623   2624  3    180
  2622    109   2623  3    180
  2623    109   2625  3    180
  2623   2625   2624  3    180
  2624   2625    111  3    180
   236    238   2626  3    182
  2626    238   2627  3    182
  2626   2627    234  3    182
   234   2627    237  3    182
   238    112   2628  3    183
  2628    112   2630  3    183
  2628   2630   2629  3    183
  2629   2630   2631  3    183
  2629   2631    239  3    183
   239   2631    114  3    183
   239    241   2632  3    185
  2632    241   2634  3    185
  2632   2634   2633  3    185
  2633   2634   2635  3    185
  2633   2635    237  3    185
   237   2635    240  3    185
   241    244   2636  3    187
  2636    244   2637  3    187
  2636   2637    242  3    187
   242   2637    243  3    187
   244   2638    245  3    189
   245   2638   2639  3    189
  2638   2640   2639  3    189
  2639   2640   2641  3    189
  2640   2642   2641  3    189
  2641   2642   2643  3    189
  2642   2644   2643  3    189
  2643   2644   2645  3    189
  2644    247   2645  3    189
  2645    247    246  3    189
   247    250    248  3    191
   248    250    249  3    191
   250    121    251  3    192
   251    121    123  3    192
   251    253    249  3    194
   249    253    252  3    194
   253    124   2646  3    195
  2646    124   2648  3    195
  2646   2648   2647  3    195
  2647   2648   2649  3    195
  2647   2649    254  3    195
   254   2649    126  3    195
   254    256   2650  3    197
  2650    256   2653  3    197
  2650   2653   2651  3    197
  2651   2653   2654  3    197
  2651   2654   2652  3    197
  2652   2654   2655  3    197
  2652   2655    252  3    197
   252   2655    255  3    197
   256    130    257  3    198
   257    130    132  3    198
   257    259   2656  3    200
  2656    259   2659  3    200
  2656   2659   2657  3    200
  2657   2659   2660  3    200
  2657   2660   2658  3    200
  2658   2660   2661  3    200
  2658   2661    255  3    200
   255   2661    258  3    200
   259    262   2662  3    202
  2662    262   2664  3    202
  2662   2664   2663  3    202
  2663   2664   2665  3    202
  2663   2665    260  3    202
   260   2665    261  3    202
   262   2666    263  3    204
   263   2666   2667  3    204
  2666   2668   2667  3    204
  2667   2668   2669  3    204
  2668    265   2669  3    204
  2669    265    264  3    204
   265    268   2670  3    206
  2670    268   2671  3    206
  2670   2671    266  3    206
   266   2671    267  3    206
   268   2673   2672  3    207
  2672   2673   2674  3    207
  2672   2674    269  3    207
   269   2674   2675  3    207
  2673    133   2674  3    207
  2674    133   2676  3    207
  2674   2676   2675  3    207
  2675   2676    135  3    207
   269   2677    267  3    208
   267   2677   2678  3    208
  2677   2679   2678  3    208
  2678   2679   2680  3    208
  2679   2681   2680  3    208
  2680   2681   2682  3    208
  2681    142   2682  3    208
  2682    142    144  3    208
   266    271   2683  3    210
  2683    271   2685  3    210
  2683   2685   2684  3    210
  2684   2685   2686  3    210
  2684   2686    264  3    210
   264   2686    270  3    210
   271   2688   2687  3    212
  2687   2688   2689  3    212
  2687   2689    272  3    212
   272   2689   2690  3    212
  2688    274   2689  3    212
  2689    274   2691  3    212
  2689   2691   2690  3    212
  2690   2691    273  3    212
   274    148   2692  3    213
  2692    148   2693  3    213
  2692   2693    275  3    213
   275   2693    150  3    213
   275    277    273  3    215
   273    277    276  3    215
   277   2695   2694  3    217
  2694   2695   2696  3    217
  2694   2696    278  3    217
   278   2696   2697  3    217
  2695    280   2696  3    217
  2696    280   2698  3    217
  2696   2698   2697  3    217
  2697   2698    279  3    217
   280    154    281  3    218
   281    154    156  3    218
   281    283    279  3    220
   279    283    282  3    220
   283    286    284  3    222
   284    286    285  3    222
   286   2699    287  3    223
   287   2699   2700  3    223
  2699    160   2700  3    223
  2700    160    162  3    223
   287    289   2701  3    225
  2701    289   2702  3    225
  2701   2702    285  3    225
   285   2702    288  3    225
   289   2703    290  3    227
   290   2703   2704  3    227
  2703   2705   2704  3    227
  2704   2705   2706  3    227
  2705    292   2706  3    227
  2706    292    291  3    227
   292    295    293  3    229
   293    295    294  3    229
   295   2707    296  3    230
   296   2707   2708  3    230
  2707    163   2708  3    230
  2708    163    165  3    230
   296    298   2709  3    232
  2709    298   2710  3    232
  2709   2710    294  3    232
   294   2710    297  3    232
   298    172   2711  3    233
  2711    172   2712  3    233
  2711   2712    299  3    233
   299   2712    174  3    233
   299   2713    297  3    235
   297   2713   2714  3    235
  2713   2715   2714  3    235
  2714   2715   2716  3    235
  2715   2717   2716  3    235
  2716   2717   2718  3    235
  2717   2719   2718  3    235
  2718   2719   2720  3    235
  2719   2721   2720  3    235
  2720   2721   2722  3    235
  2721    301   2722  3    235
  2722    301    300  3    235
   301    304   2723  3    237
  2723    304   2726  3    237
  2723   2726   2724  3    237
  2724   2726   2727  3    237
  2724   2727   2725  3    237
  2725   2727   2728  3    237
  2725   2728    302  3    237
   302   2728    303  3    237
   304    307   2729  3    239
  2729    307   2730  3    239
  2729   2730    305  3    239
   305   2730    306  3    239
   177    308    310  3    240
   307    175    309  3    241
   308    312   2731  3    243
  2731    312   2733  3    243
  2731   2733   2732  3    243
  2732   2733   2734  3    243
  2732   2734    306  3    243
   306   2734    311  3    243
   312    315    313  3    245
   313    315    314  3    245
   315    318   2735  3    247
  2735    318   2736  3    247
  2735   2736    316  3    247
   316   2736    317  3    247
   318    321   2737  3    249
  2737    321   2738  3    249
  2737   2738    319  3    249
   319   2738    320  3    249
   321   2740   2739  3    251
  2739   2740   2741  3    251
  2739   2741    322  3    251
   322   2741   2742  3    251
  2740    324   2741  3    251
  2741    324   2743  3    251
  2741   2743   2742  3    251
  2742   2743    323  3    251
   324    178    325  3    252
   325    178    180  3    252
   325    327   2744  3    254
  2744    327   2746  3    254
  2744   2746   2745  3    254
  2745   2746   2747  3    254
  2745   2747    323  3    254
   323   2747    326  3    254
   327    330   2748  3    256
  2748    330   2750  3    256
  2748   2750   2749  3    256
  2749   2750   2751  3    256
  2749   2751    328  3    256
   328   2751    329  3    256
   330    181    331  3    257
   331    181    183  3    257
   331    190   2752  3    258
  2752    190   2754  3    258
  2752   2754   2753  3    258
  2753   2754   2755  3    258
  2753   2755    329  3    258
   329   2755    192  3    258
   328    333   2756  3    260
  2756    333   2758  3    260
  2756   2758   2757  3    260
  2757   2758   2759  3    260
  2757   2759    326  3    260
   326   2759    332  3    260
   333    336    334  3    262
   334    336    335  3    262
   336    339   2760  3    264
  2760    339   2761  3    264
  2760   2761    337  3    264
   337   2761    338  3    264
   339    342    340  3    266
   340    342    341  3    266
   342    199   2762  3    267
  2762    199   2763  3    267
  2762   2763    343  3    267
   343   2763    201  3    267
   343   2764    341  3    269
   341   2764   2765  3    269
  2764    345   2765  3    269
  2765    345    344  3    269
   345    348    346  3    271
   346    348    347  3    271
   348    351   2766  3    273
  2766    351   2768  3    273
  2766   2768   2767  3    273
  2767   2768   2769  3    273
  2767   2769    349  3    273
   349   2769    350  3    273
   351    354   2770  3    275
  2770    354   2772  3    275
  2770   2772   2771  3    275
  2771   2772   2773  3    275
  2771   2773    352  3    275
   352   2773    353  3    275
   354   2774    355  3    277
   355   2774   2775  3    277
  2774    357   2775  3    277
  2775    357    356  3    277
   357   2776    358  3    278
   358   2776   2777  3    278
  2776    202   2777  3    278
  2777    202    204  3    278
   358    360    356  3    280
   356    360    359  3    280
   360    363    361  3    282
   361    363    362  3    282
   363    205   2778  3    283
  2778    205   2779  3    283
  2778   2779    364  3    283
   364   2779    207  3    283
   364    366   2780  3    285
  2780    366   2781  3    285
  2780   2781    362  3    285
   362   2781    365  3    285
   366    369   2782  3    287
  2782    369   2783  3    287
  2782   2783    367  3    287
   367   2783    368  3    287
   369    372   2784  3    289
  2784    372   2785  3    289
  2784   2785    370  3    289
   370   2785    371  3    289
   372    211    373  3    290
   373    211    213  3    290
   373    220   2786  3    291
  2786    220   2788  3    291
  2786   2788   2787  3    291
  2787   2788   2789  3    291
  2787   2789    371  3    291
   371   2789    222  3    291
   370    375    368  3    293
   368    375    374  3    293
   375    223   2790  3    294
  2790    223   2791  3    294
  2790   2791    376  3    294
   376   2791    225  3    294
   376   2793   2792  3    296
  2792   2793   2794  3    296
  2792   2794    374  3    296
   374   2794   2795  3    296
  2793   2796   2794  3    296
  2794   2796   2797  3    296
  2794   2797   2795  3    296
  2795   2797   2798  3    296
  2796    378   2797  3    296
  2797    378   2799  3    296
  2797   2799   2798  3    296
  2798   2799    377  3    296
   378   2801   2800  3    298
  2800   2801   2802  3    298
  2800   2802    379  3    298
   379   2802   2803  3    298
  2801   2804   2802  3    298
  2802   2804   2805  3    298
  2802   2805   2803  3    298
  2803   2805   2806  3    298
  2804    381   2805  3    298
  2805    381   2807  3    298
  2805   2807   2806  3    298
  2806   2807    380  3    298
   381    384    382  3    300
   382    384    383  3    300
   384   2809   2808  3    302
  2808   2809   2810  3    302
  2808   2810    385  3    302
   385   2810   2811  3    302
  2809   2812   2810  3    302
  2810   2812   2813  3    302
  2810   2813   2811  3    302
  2811   2813   2814  3    302
  2812    387   2813  3    302
  2813    387   2815  3    302
  2813   2815   2814  3    302
  2814   2815    386  3    302
   387    228    388  3    303
   388    228    230  3    303
   388    390    386  3    305
   386    390    389  3    305
   390    231   2816  3    306
  2816    231   2818  3    306
  2816   2818   2817  3    306
  2817   2818   2819  3    306
  2817   2819    391  3    306
   391   2819    233  3    306
   391    393   2820  3    308
  2820    393   2823  3    308
  2820   2823   2821  3    308
  2821   2823   2824  3    308
  2821   2824   2822  3    308
  2822   2824   2825  3    308
  2822   2825    389  3    308
   389   2825    392  3    308
   393    240   2826  3    309
  2826    240   2827  3    309
  2826   2827    394  3    309
   394   2827    242  3    309
   394    396   2828  3    311
  2828    396   2830  3    311
  2828   2830   2829  3    311
  2829   2830   2831  3    311
  2829   2831    392  3    311
   392   2831    395  3    311
   396    399    397  3    313
   397    399    398  3    313
   399    243   2832  3    314
  2832    243   2834  3    314
  2832   2834   2833  3    314
  2833   2834   2835  3    314
  2833   2835    400  3    314
   400   2835    245  3    314
   400    402   2836  3    316
  2836    402   2837  3    316
  2836   2837    398  3    316
   398   2837    401  3    316
   402    405    403  3    318
   403    405    404  3    318
   405    408   2838  3    320
  2838    408   2839  3    320
  2838   2839    406  3    320
   406   2839    407  3    320
   408    411    409  3    322
   409    411    410  3    322
   411   2840    412  3    323
   412   2840   2841  3    323
  2840   2842   2841  3    323
  2841   2842   2843  3    323
  2842    246   2843  3    323
  2843    246    248  3    323
   412   2844    410  3    325
   410   2844   2845  3    325
  2844   2846   2845  3    325
  2845   2846   2847  3    325
  2846   2848   2847  3    325
  2847   2848   2849  3    325
  2848    414   2849  3    325
  2849    414    413  3    325
   414    258    415  3    326
   415    258    260  3    326
   415    417    413  3    328
   413    417    416  3    328
   417   2851   2850  3    330
  2850   2851   2852  3    330
  2850   2852    418  3    330
   418   2852   2853  3    330
  2851   2854   2852  3    330
  2852   2854   2855  3    330
  2852   2855   2853  3    330
  2853   2855   2856  3    330
  2854    420   2855  3    330
  2855    420   2857  3    330
  2855   2857   2856  3    330
  2856   2857    419  3    330
   420    423    421  3    332
   421    423    422  3    332
   423    426    424  3    334
   424    426    425  3    334
   426    429   2858  3    336
  2858    429   2860  3    336
  2858   2860   2859  3    336
  2859   2860   2861  3    336
  2859   2861    427  3    336
   427   2861    428  3    336
   429    432   2862  3    338
  2862    432   2864  3    338
  2862   2864   2863  3    338
  2863   2864   2865  3    338
  2863   2865    430  3    338
   430   2865    431  3    338
   432   2866    433  3    340
   433   2866   2867  3    340
  2866   2868   2867  3    340
  2867   2868   2869  3    340
  2868    435   2869  3    340
  2869    435    434  3    340
   435    261   2870  3    341
  2870    261   2873  3    341
  2870   2873   2871  3    341
  2871   2873   2874  3    341
  2871   2874   2872  3    341
  2872   2874   2875  3    341
  2872   2875    436  3    341
   436   2875    263  3    341
   436    438   2876  3    343
  2876    438   2878  3    343
  2876   2878   2877  3    343
  2877   2878   2879  3    343
  2877   2879    434  3    343
   434   2879    437  3    343
   438    441   2880  3    345
  2880    441   2882  3    345
  2880   2882   2881  3    345
  2881   2882   2883  3    345
  2881   2883    439  3    345
   439   2883    440  3    345
   441    444   2884  3    347
  2884    444   2885  3    347
  2884   2885    442  3    347
   442   2885    443  3    347
   444   2888   2886  3    349
  2886   2888   2889  3    349
  2886   2889   2887  3    349
  2887   2889   2890  3    349
  2887   2890    445  3    349
   445   2890   2891  3    349
  2888    447   2889  3    349
  2889    447   2892  3    349
  2889   2892   2890  3    349
  2890   2892   2893  3    349
  2890   2893   2891  3    349
  2891   2893    446  3    349
   447    270   2894  3    350
  2894    270   2895  3    350
  2894   2895    448  3    350
   448   2895    272  3    350
   448   2897   2896  3    351
  2896   2897   2898  3    351
  2896   2898    446  3    351
   446   2898   2899  3    351
  2897    276   2898  3    351
  2898    276   2900  3    351
  2898   2900   2899  3    351
  2899   2900    278  3    351
   445    450    443  3    353
   443    450    449  3    353
   450   2901    451  3    354
   451   2901   2902  3    354
  2901   2903   2902  3    354
  2902   2903   2904  3    354
  2903   2905   2904  3    354
  2904   2905   2906  3    354
  2905   2907   2906  3    354
  2906   2907   2908  3    354
  2907   2909   2908  3    354
  2908   2909   2910  3    354
  2909   2911   2910  3    354
  2910   2911   2912  3    354
  2911   2913   2912  3    354
  2912   2913   2914  3    354
  2913   2915   2914  3    354
  2914   2915   2916  3    354
  2915    282   2916  3    354
  2916    282    284  3    354
   451    453    449  3    356
   449    453    452  3    356
   453    456   2917  3    358
  2917    456   2918  3    358
  2917   2918    454  3    358
   454   2918    455  3    358
   456    459    457  3    360
   457    459    458  3    360
   459   2919    460  3    362
   460   2919   2920  3    362
  2919   2921   2920  3    362
  2920   2921   2922  3    362
  2921   2923   2922  3    362
  2922   2923   2924  3    362
  2923   2925   2924  3    362
  2924   2925   2926  3    362
  2925   2927   2926  3    362
  2926   2927   2928  3    362
  2927   2929   2928  3    362
  2928   2929   2930  3    362
  2929   2931   2930  3    362
  2930   2931   2932  3    362
  2931   2933   2932  3    362
  2932   2933   2934  3    362
  2933    462   2934  3    362
  2934    462    461  3    362
   462    288    463  3    363
   463    288    290  3    363
   463   2935    461  3    365
   461   2935   2936  3    365
  2935    465   2936  3    365
  2936    465    464  3    365
   465    468    466  3    367
   466    468    467  3    367
   468   2937    469  3    368
   469   2937   2938  3    368
  2937   2939   2938  3    368
  2938   2939   2940  3    368
  2939   2941   2940  3    368
  2940   2941   2942  3    368
  2941    291   2942  3    368
  2942    291    293  3    368
   469   2943    467  3    370
   467   2943   2944  3    370
  2943   2945   2944  3    370
  2944   2945   2946  3    370
  2945   2947   2946  3    370
  2946   2947   2948  3    370
  2947   2949   2948  3    370
  2948   2949   2950  3    370
  2949   2951   2950  3    370
  2950   2951   2952  3    370
  2951    471   2952  3    370
  2952    471    470  3    370
   471   2953    472  3    372
   472   2953   2954  3    372
  2953   2955   2954  3    372
  2954   2955   2956  3    372
  2955   2957   2956  3    372
  2956   2957   2958  3    372
  2957    474   2958  3    372
  2958    474    473  3    372
   474    300   2959  3    373
  2959    300   2962  3    373
  2959   2962   2960  3    373
  2960   2962   2963  3    373
  2960   2963   2961  3    373
  2961   2963   2964  3    373
  2961   2964    475  3    373
   475   2964    302  3    373
   475    477   2965  3    375
  2965    477   2967  3    375
  2965   2967   2966  3    375
  2966   2967   2968  3    375
  2966   2968    473  3    375
   473   2968    476  3    375
   477    480   2969  3    377
  2969    480   2971  3    377
  2969   2971   2970  3    377
  2970   2971   2972  3    377
  2970   2972    478  3    377
   478   2972    479  3    377
   480    440   2973  3    378
  2973    440   2975  3    378
  2973   2975   2974  3    378
  2974   2975   2976  3    378
  2974   2976    481  3    378
   481   2976    442  3    378
   481    452    479  3    379
   479    452    454  3    379
   478    455    476  3    380
   476    455    457  3    380
   472    483    470  3    382
   470    483    482  3    382
   483   2977    484  3    383
   484   2977   2978  3    383
  2977    458   2978  3    383
  2978    458    460  3    383
   484   2980   2979  3    384
  2979   2980   2981  3    384
  2979   2981    482  3    384
   482   2981   2982  3    384
  2980   2983   2981  3    384
  2981   2983   2984  3    384
  2981   2984   2982  3    384
  2982   2984   2985  3    384
  2983    464   2984  3    384
  2984    464   2986  3    384
  2984   2986   2985  3    384
  2985   2986    466  3    384
   439   2987    437  3    385
   437   2987   2988  3    385
  2987   2989   2988  3    385
  2988   2989   2990  3    385
  2989   2991   2990  3    385
  2990   2991   2992  3    385
  2991    317   2992  3    385
  2992    317    319  3    385
   433   2995   2993  3    387
  2993   2995   2996  3    387
  2993   2996   2994  3    387
  2994   2996   2997  3    387
  2994   2997    431  3    387
   431   2997   2998  3    387
  2995    486   2996  3    387
  2996    486   2999  3    387
  2996   2999   2997  3    387
  2997   2999   3000  3    387
  2997   3000   2998  3    387
  2998   3000    485  3    387
   486    489   3001  3    389
  3001    489   3003  3    389
  3001   3003   3002  3    389
  3002   3003   3004  3    389
  3002   3004    487  3    389
   487   3004    488  3    389
   489    320   3005  3    390
  3005    320   3008  3    390
  3005   3008   3006  3    390
  3006   3008   3009  3    390
  3006   3009   3007  3    390
  3007   3009   3010  3    390
  3007   3010    490  3    390
   490   3010    322  3    390
   490    492    488  3    392
   488    492    491  3    392
   492    495   3011  3    394
  3011    495   3013  3    394
  3011   3013   3012  3    394
  3012   3013   3014  3    394
  3012   3014    493  3    394
   493   3014    494  3    394
   495    498   3015  3    396
  3015    498   3017  3    396
  3015   3017   3016  3    396
  3016   3017   3018  3    396
  3016   3018    496  3    396
   496   3018    497  3    396
   498    501   3019  3    398
  3019    501   3021  3    398
  3019   3021   3020  3    398
  3020   3021   3022  3    398
  3020   3022    499  3    398
   499   3022    500  3    398
   501    504   3023  3    400
  3023    504   3024  3    400
  3023   3024    502  3    400
   502   3024    503  3    400
   504    332   3025  3    401
  3025    332   3026  3    401
  3025   3026    505  3    401
   505   3026    334  3    401
   505    335    503  3    402
   503    335    337  3    402
   502    507   3027  3    404
  3027    507   3029  3    404
  3027   3029   3028  3    404
  3028   3029   3030  3    404
  3028   3030    500  3    404
   500   3030    506  3    404
   507    338    508  3    405
   508    338    340  3    405
   508    510   3031  3    407
  3031    510   3033  3    407
  3031   3033   3032  3    407
  3032   3033   3034  3    407
  3032   3034    506  3    407
   506   3034    509  3    407
   510    513   3035  3    409
  3035    513   3037  3    409
  3035   3037   3036  3    409
  3036   3037   3038  3    409
  3036   3038    511  3    409
   511   3038    512  3    409
   513    344    514  3    410
   514    344    346  3    410
   514    516   3039  3    412
  3039    516   3042  3    412
  3039   3042   3040  3    412
  3040   3042   3043  3    412
  3040   3043   3041  3    412
  3041   3043   3044  3    412
  3041   3044    512  3    412
   512   3044    515  3    412
   516    519   3045  3    414
  3045    519   3047  3    414
  3045   3047   3046  3    414
  3046   3047   3048  3    414
  3046   3048    517  3    414
   517   3048    518  3    414
   519    347   3049  3    415
  3049    347   3051  3    415
  3049   3051   3050  3    415
  3050   3051   3052  3    415
  3050   3052    520  3    415
   520   3052    349  3    415
   520    522   3053  3    417
  3053    522   3054  3    417
  3053   3054    518  3    417
   518   3054    521  3    417
   522    525    523  3    419
   523    525    524  3    419
   525    350    526  3    420
   526    350    352  3    420
   526    528   3055  3    422
  3055    528   3056  3    422
  3055   3056    524  3    422
   524   3056    527  3    422
   528    531   3057  3    424
  3057    531   3058  3    424
  3057   3058    529  3    424
   529   3058    530  3    424
   531   3059    532  3    426
   532   3059   3060  3    426
  3059   3061   3060  3    426
  3060   3061   3062  3    426
  3061   3063   3062  3    426
  3062   3063   3064  3    426
  3063    534   3064  3    426
  3064    534    533  3    426
   534    537   3065  3    428
  3065    537   3066  3    428
  3065   3066    535  3    428
   535   3066    536  3    428
   537   3069   3067  3    430
  3067   3069   3070  3    430
  3067   3070   3068  3    430
  3068   3070   3071  3    430
  3068   3071    538  3    430
   538   3071   3072  3    430
  3069    540   3070  3    430
  3070    540   3073  3    430
  3070   3073   3071  3    430
  3071   3073   3074  3    430
  3071   3074   3072  3    430
  3072   3074    539  3    430
   540    353   3075  3    431
  3075    353   3077  3    431
  3075   3077   3076  3    431
  3076   3077   3078  3    431
  3076   3078    541  3    431
   541   3078    355  3    431
   541   3079    539  3    433
   539   3079   3080  3    433
  3079   3081   3080  3    433
  3080   3081   3082  3    433
  3081    543   3082  3    433
  3082    543    542  3    433
   543    377   3083  3    434
  3083    377   3084  3    434
  3083   3084    544  3    434
   544   3084    379  3    434
   544    536   3085  3    435
  3085    536   3087  3    435
  3085   3087   3086  3    435
  3086   3087   3088  3    435
  3086   3088    542  3    435
   542   3088    538  3    435
   535    546   3089  3    437
  3089    546   3090  3    437
  3089   3090    533  3    437
   533   3090    545  3    437
   546    549   3091  3    439
  3091    549   3092  3    439
  3091   3092    547  3    439
   547   3092    548  3    439
   549    552   3093  3    441
  3093    552   3094  3    441
  3093   3094    550  3    441
   550   3094    551  3    441
   552    555   3095  3    443
  3095    555   3096  3    443
  3095   3096    553  3    443
   553   3096    554  3    443
   555    558   3097  3    445
  3097    558   3098  3    445
  3097   3098    556  3    445
   556   3098    557  3    445
   558    561   3099  3    447
  3099    561   3100  3    447
  3099   3100    559  3    447
   559   3100    560  3    447
   561    380    562  3    448
   562    380    382  3    448
   562    564   3101  3    450
  3101    564   3103  3    450
  3101   3103   3102  3    450
  3102   3103   3104  3    450
  3102   3104    560  3    450
   560   3104    563  3    450
   564    383    565  3    451
   565    383    385  3    451
   565    567   3105  3    453
  3105    567   3107  3    453
  3105   3107   3106  3    453
  3106   3107   3108  3    453
  3106   3108    563  3    453
   563   3108    566  3    453
   567    570   3109  3    455
  3109    570   3111  3    455
  3109   3111   3110  3    455
  3110   3111   3112  3    455
  3110   3112    568  3    455
   568   3112    569  3    455
   571   3113    574  3    457
   574   3113   3114  3    457
  3114   3113    573  3    457
   570    575   3115  3    458
  3115    575   3116  3    458
  3115   3116    572  3    458
   575    578   3117  3    460
  3117    578   3120  3    460
  3117   3120   3118  3    460
  3118   3120   3121  3    460
  3118   3121   3119  3    460
  3119   3121   3122  3    460
  3119   3122    576  3    460
   576   3122    577  3    460
   582    579    581  3    462
   578    583    580  3    463
   583    586   3123  3    465
  3123    586   3126  3    465
  3123   3126   3124  3    465
  3124   3126   3127  3    465
  3124   3127   3125  3    465
  3125   3127   3128  3    465
  3125   3128    584  3    465
   584   3128    585  3    465
   586    395   3129  3    466
  3129    395   3132  3    466
  3129   3132   3130  3    466
  3130   3132   3133  3    466
  3130   3133   3131  3    466
  3131   3133   3134  3    466
  3131   3134    587  3    466
   587   3134    397  3    466
   587    589    585  3    468
   585    589    588  3    468
   589    592   3135  3    470
  3135    592   3136  3    470
  3135   3136    590  3    470
   590   3136    591  3    470
   592    595   3137  3    472
  3137    595   3138  3    472
  3137   3138    593  3    472
   593   3138    594  3    472
   595   3140   3139  3    473
  3139   3140   3141  3    473
  3139   3141    596  3    473
   596   3141   3142  3    473
  3140    401   3141  3    473
  3141    401   3143  3    473
  3141   3143   3142  3    473
  3142   3143    403  3    473
   596    598    594  3    475
   594    598    597  3    475
   598    404   3144  3    476
  3144    404   3145  3    476
  3144   3145    599  3    476
   599   3145    406  3    476
   599    601   3146  3    478
  3146    601   3147  3    478
  3146   3147    597  3    478
   597   3147    600  3    478
   601    604   3148  3    480
  3148    604   3150  3    480
  3148   3150   3149  3    480
  3149   3150   3151  3    480
  3149   3151    602  3    480
   602   3151    603  3    480
   604   3152    605  3    481
   605   3152   3153  3    481
  3152   3154   3153  3    481
  3153   3154   3155  3    481
  3154   3156   3155  3    481
  3155   3156   3157  3    481
  3156    407   3157  3    481
  3157    407    409  3    481
   605    607   3158  3    483
  3158    607   3160  3    483
  3158   3160   3159  3    483
  3159   3160   3161  3    483
  3159   3161    603  3    483
   603   3161    606  3    483
   607    610   3162  3    485
  3162    610   3164  3    485
  3162   3164   3163  3    485
  3163   3164   3165  3    485
  3163   3165    608  3    485
   608   3165    609  3    485
   610    613   3166  3    487
  3166    613   3168  3    487
  3166   3168   3167  3    487
  3167   3168   3169  3    487
  3167   3169    611  3    487
   611   3169    612  3    487
   613    422    614  3    488
   614    422    424  3    488
   614    425   3170  3    489
  3170    425   3172  3    489
  3170   3172   3171  3    489
  3171   3172   3173  3    489
  3171   3173    612  3    489
   612   3173    427  3    489
   611   3174    609  3    491
   609   3174   3175  3    491
  3174    616   3175  3    491
  3175    616    615  3    491
   616   3178   3176  3    493
  3176   3178   3179  3    493
  3176   3179   3177  3    493
  3177   3179   3180  3    493
  3177   3180    617  3    493
   617   3180   3181  3    493
  3178    619   3179  3    493
  3179    619   3182  3    493
  3179   3182   3180  3    493
  3180   3182   3183  3    493
  3180   3183   3181  3    493
  3181   3183    618  3    493
   619    428   3184  3    494
  3184    428   3185  3    494
  3184   3185    620  3    494
   620   3185    430  3    494
   620    622   3186  3    496
  3186    622   3187  3    496
  3186   3187    618  3    496
   618   3187    621  3    496
   622    625   3188  3    498
  3188    625   3189  3    498
  3188   3189    623  3    498
   623   3189    624  3    498
   625    628   3190  3    500
  3190    628   3192  3    500
  3190   3192   3191  3    500
  3191   3192   3193  3    500
  3191   3193    626  3    500
   626   3193    627  3    500
   628    485    629  3    501
   629    485    487  3    501
   629    491   3194  3    502
  3194    491   3196  3    502
  3194   3196   3195  3    502
  3195   3196   3197  3    502
  3195   3197    627  3    502
   627   3197    493  3    502
   626    631    624  3    504
   624    631    630  3    504
   631    634   3198  3    506
  3198    634   3199  3    506
  3198   3199    632  3    506
   632   3199    633  3    506
   634    637    635  3    508
   635    637    636  3    508
   637    640   3200  3    510
  3200    640   3202  3    510
  3200   3202   3201  3    510
  3201   3202   3203  3    510
  3201   3203    638  3    510
   638   3203    639  3    510
   640    643   3204  3    512
  3204    643   3206  3    512
  3204   3206   3205  3    512
  3205   3206   3207  3    512
  3205   3207    641  3    512
   641   3207    642  3    512
   643   3209   3208  3    513
  3208   3209   3210  3    513
  3208   3210    644  3    513
   644   3210   3211  3    513
  3209    494   3210  3    513
  3210    494   3212  3    513
  3210   3212   3211  3    513
  3211   3212    496  3    513
   644    646   3213  3    515
  3213    646   3216  3    515
  3213   3216   3214  3    515
  3214   3216   3217  3    515
  3214   3217   3215  3    515
  3215   3217   3218  3    515
  3215   3218    642  3    515
   642   3218    645  3    515
   646    649   3219  3    517
  3219    649   3223  3    517
  3219   3223   3220  3    517
  3220   3223   3224  3    517
  3220   3224   3221  3    517
  3221   3224   3225  3    517
  3221   3225   3222  3    517
  3222   3225   3226  3    517
  3222   3226    647  3    517
   647   3226    648  3    517
   649   3227    650  3    518
   650   3227   3228  3    518
  3227   3229   3228  3    518
  3228   3229   3230  3    518
  3229    497   3230  3    518
  3230    497    499  3    518
   650    652   3231  3    520
  3231    652   3234  3    520
  3231   3234   3232  3    520
  3232   3234   3235  3    520
  3232   3235   3233  3    520
  3233   3235   3236  3    520
  3233   3236    648  3    520
   648   3236    651  3    520
   652    655   3237  3    522
  3237    655   3240  3    522
  3237   3240   3238  3    522
  3238   3240   3241  3    522
  3238   3241   3239  3    522
  3239   3241   3242  3    522
  3239   3242    653  3    522
   653   3242    654  3    522
   655   3243    656  3    523
   656   3243   3244  3    523
  3243   3245   3244  3    523
  3244   3245   3246  3    523
  3245    509   3246  3    523
  3246    509    511  3    523
   656    658   3247  3    525
  3247    658   3251  3    525
  3247   3251   3248  3    525
  3248   3251   3252  3    525
  3248   3252   3249  3    525
  3249   3252   3253  3    525
  3249   3253   3250  3    525
  3250   3253   3254  3    525
  3250   3254    654  3    525
   654   3254    657  3    525
   658   3256   3255  3    526
  3255   3256   3257  3    526
  3255   3257    659  3    526
   659   3257   3258  3    526
  3256    515   3257  3    526
  3257    515   3259  3    526
  3257   3259   3258  3    526
  3258   3259    517  3    526
   659    661   3260  3    528
  3260    661   3264  3    528
  3260   3264   3261  3    528
  3261   3264   3265  3    528
  3261   3265   3262  3    528
  3262   3265   3266  3    528
  3262   3266   3263  3    528
  3263   3266   3267  3    528
  3263   3267    657  3    528
   657   3267    660  3    528
   662   3268    665  3    530
   665   3268   3269  3    530
  3269   3268    664  3    530
   661    666   3270  3    531
  3270    666   3271  3    531
  3270   3271    663  3    531
   666    669   3272  3    533
  3272    669   3273  3    533
  3272   3273    667  3    533
   667   3273    668  3    533
   669    521   3274  3    534
  3274    521   3275  3    534
  3274   3275    670  3    534
   670   3275    523  3    534
   670    527    668  3    535
   668    527    529  3    535
   673    665    672  3    537
   667    674    671  3    538
   674    677   3276  3    540
  3276    677   3278  3    540
  3276   3278   3277  3    540
  3277   3278   3279  3    540
  3277   3279    675  3    540
   675   3279    676  3    540
   677    680    678  3    542
   678    680    679  3    542
   680    530   3280  3    543
  3280    530   3281  3    543
  3280   3281    681  3    543
   681   3281    532  3    543
   681    683   3282  3    545
  3282    683   3283  3    545
  3282   3283    679  3    545
   679   3283    682  3    545
   683    686   3284  3    547
  3284    686   3285  3    547
  3284   3285    684  3    547
   684   3285    685  3    547
   686   3287   3286  3    549
  3286   3287   3288  3    549
  3286   3288    687  3    549
   687   3288   3289  3    549
  3287    689   3288  3    549
  3288    689   3290  3    549
  3288   3290   3289  3    549
  3289   3290    688  3    549
   689    545   3291  3    550
  3291    545   3292  3    550
  3291   3292    690  3    550
   690   3292    547  3    550
   690    548    688  3    551
   688    548    550  3    551
   687   3293    685  3    552
   685   3293   3294  3    552
  3293   3295   3294  3    552
  3294   3295   3296  3    552
  3295   3297   3296  3    552
  3296   3297   3298  3    552
  3297    551   3298  3    552
  3298    551    553  3    552
   684    692    682  3    554
   682    692    691  3    554
   692    695    693  3    556
   693    695    694  3    556
   695    698   3299  3    558
  3299    698   3302  3    558
  3299   3302   3300  3    558
  3300   3302   3303  3    558
  3300   3303   3301  3    558
  3301   3303   3304  3    558
  3301   3304    696  3    558
   696   3304    697  3    558
   698   3305    699  3    559
   699   3305   3306  3    559
  3305   3307   3306  3    559
  3306   3307   3308  3    559
  3307   3309   3308  3    559
  3308   3309   3310  3    559
  3309   3311   3310  3    559
  3310   3311   3312  3    559
  3311   3313   3312  3    559
  3312   3313   3314  3    559
  3313    554   3314  3    559
  3314    554    556  3    559
   699    701   3315  3    561
  3315    701   3317  3    561
  3315   3317   3316  3    561
  3316   3317   3318  3    561
  3316   3318    697  3    561
   697   3318    700  3    561
   701   3319    702  3    563
   702   3319   3320  3    563
  3319   3321   3320  3    563
  3320   3321   3322  3    563
  3321    704   3322  3    563
  3322    704    703  3    563
   704    707   3323  3    565
  3323    707   3324  3    565
  3323   3324    705  3    565
   705   3324    706  3    565
   707   3326   3325  3    567
  3325   3326   3327  3    567
  3325   3327    708  3    567
   708   3327   3328  3    567
  3326    710   3327  3    567
  3327    710   3329  3    567
  3327   3329   3328  3    567
  3328   3329    709  3    567
   710   3330    711  3    568
   711   3330   3331  3    568
  3330    557   3331  3    568
  3331    557    559  3    568
   711    713   3332  3    570
  3332    713   3333  3    570
  3332   3333    709  3    570
   709   3333    712  3    570
   713    566    714  3    571
   714    566    568  3    571
   714    569   3334  3    572
  3334    569   3335  3    572
  3334   3335    712  3    572
   712   3335    571  3    572
   708   3337   3336  3    574
  3336   3337   3338  3    574
  3336   3338    706  3    574
   706   3338   3339  3    574
  3337    716   3338  3    574
  3338    716   3340  3    574
  3338   3340   3339  3    574
  3339   3340    715  3    574
   716    719   3341  3    576
  3341    719   3344  3    576
  3341   3344   3342  3    576
  3342   3344   3345  3    576
  3342   3345   3343  3    576
  3343   3345   3346  3    576
  3343   3346    717  3    576
   717   3346    718  3    576
   719    722    720  3    578
   720    722    721  3    578
   722   3348   3347  3    580
  3347   3348   3349  3    580
  3347   3349    723  3    580
   723   3349   3350  3    580
  3348    725   3349  3    580
  3349    725   3351  3    580
  3349   3351   3350  3    580
  3350   3351    724  3    580
   725    574    726  3    581
   726    574    576  3    581
   726    577    724  3    582
   724    577    579  3    582
   723    728    721  3    584
   721    728    727  3    584
   728    731   3352  3    586
  3352    731   3353  3    586
  3352   3353    729  3    586
   729   3353    730  3    586
   731   3356   3354  3    588
  3354   3356   3357  3    588
  3354   3357   3355  3    588
  3355   3357   3358  3    588
  3355   3358    732  3    588
   732   3358   3359  3    588
  3356    734   3357  3    588
  3357    734   3360  3    588
  3357   3360   3358  3    588
  3358   3360   3361  3    588
  3358   3361   3359  3    588
  3359   3361    733  3    588
   734    737   3362  3    590
  3362    737   3364  3    590
  3362   3364   3363  3    590
  3363   3364   3365  3    590
  3363   3365    735  3    590
   735   3365    736  3    590
   741    738    740  3    592
   737    742    739  3    593
   742    745   3366  3    595
  3366    745   3370  3    595
  3366   3370   3367  3    595
  3367   3370   3371  3    595
  3367   3371   3368  3    595
  3368   3371   3372  3    595
  3368   3372   3369  3    595
  3369   3372   3373  3    595
  3369   3373    743  3    595
   743   3373    744  3    595
   746   3374    584  3    596
   584   3374   3375  3    596
  3375   3374    748  3    596
   745    582   3376  3    597
  3376    582   3377  3    597
  3376   3377    747  3    597
   746    750    744  3    599
   744    750    749  3    599
   750    588   3378  3    600
  3378    588   3379  3    600
  3378   3379    751  3    600
   751   3379    590  3    600
   751    741   3380  3    601
  3380    741   3381  3    601
  3380   3381    749  3    601
   749   3381    743  3    601
   738    753   3382  3    603
  3382    753   3385  3    603
  3382   3385   3383  3    603
  3383   3385   3386  3    603
  3383   3386   3384  3    603
  3384   3386   3387  3    603
  3384   3387    736  3    603
   736   3387    752  3    603
   753   3388    754  3    604
   754   3388   3389  3    604
  3388   3390   3389  3    604
  3389   3390   3391  3    604
  3390    606   3391  3    604
  3391    606    608  3    604
   754    756   3392  3    606
  3392    756   3394  3    606
  3392   3394   3393  3    606
  3393   3394   3395  3    606
  3393   3395    752  3    606
   752   3395    755  3    606
   756    615   3396  3    607
  3396    615   3398  3    607
  3396   3398   3397  3    607
  3397   3398   3399  3    607
  3397   3399    757  3    607
   757   3399    617  3    607
   757    759   3400  3    609
  3400    759   3401  3    609
  3400   3401    755  3    609
   755   3401    758  3    609
   759    762   3402  3    611
  3402    762   3405  3    611
  3402   3405   3403  3    611
  3403   3405   3406  3    611
  3403   3406   3404  3    611
  3404   3406   3407  3    611
  3404   3407    760  3    611
   760   3407    761  3    611
   762   3410   3408  3    613
  3408   3410   3411  3    613
  3408   3411   3409  3    613
  3409   3411   3412  3    613
  3409   3412    763  3    613
   763   3412   3413  3    613
  3410    765   3411  3    613
  3411    765   3414  3    613
  3411   3414   3412  3    613
  3412   3414   3415  3    613
  3412   3415   3413  3    613
  3413   3415    764  3    613
   765   3418   3416  3    615
  3416   3418   3419  3    615
  3416   3419   3417  3    615
  3417   3419   3420  3    615
  3417   3420    766  3    615
   766   3420   3421  3    615
  3418    768   3419  3    615
  3419    768   3422  3    615
  3419   3422   3420  3    615
  3420   3422   3423  3    615
  3420   3423   3421  3    615
  3421   3423    767  3    615
   768    633    769  3    616
   769    633    635  3    616
   769    771   3424  3    618
  3424    771   3426  3    618
  3424   3426   3425  3    618
  3425   3426   3427  3    618
  3425   3427    767  3    618
   767   3427    770  3    618
   771    636   3428  3    619
  3428    636   3429  3    619
  3428   3429    772  3    619
   772   3429    638  3    619
   772   3430    770  3    621
   770   3430   3431  3    621
  3430   3432   3431  3    621
  3431   3432   3433  3    621
  3432    774   3433  3    621
  3433    774    773  3    621
   774    777   3434  3    623
  3434    777   3436  3    623
  3434   3436   3435  3    623
  3435   3436   3437  3    623
  3435   3437    775  3    623
   775   3437    776  3    623
   777   3439   3438  3    625
  3438   3439   3440  3    625
  3438   3440    778  3    625
   778   3440   3441  3    625
  3439   3442   3440  3    625
  3440   3442   3443  3    625
  3440   3443   3441  3    625
  3441   3443   3444  3    625
  3442    780   3443  3    625
  3443    780   3445  3    625
  3443   3445   3444  3    625
  3444   3445    779  3    625
   780    639    781  3    626
   781    639    641  3    626
   781    783   3446  3    628
  3446    783   3447  3    628
  3446   3447    779  3    628
   779   3447    782  3    628
   783    645   3448  3    629
  3448    645   3449  3    629
  3448   3449    784  3    629
   784   3449    647  3    629
   784   3450    782  3    631
   782   3450   3451  3    631
  3450    786   3451  3    631
  3451    786    785  3    631
   786   3452    787  3    633
   787   3452   3453  3    633
  3452   3454   3453  3    633
  3453   3454   3455  3    633
  3454   3456   3455  3    633
  3455   3456   3457  3    633
  3456    789   3457  3    633
  3457    789    788  3    633
   789    651    790  3    634
   790    651    653  3    634
   790    792   3458  3    636
  3458    792   3459  3    636
  3458   3459    788  3    636
   788   3459    791  3    636
   792    795    793  3    638
   793    795    794  3    638
   795    798    796  3    640
   796    798    797  3    640
   798    801   3460  3    642
  3460    801   3461  3    642
  3460   3461    799  3    642
   799   3461    800  3    642
   801    660    802  3    643
   802    660    662  3    643
   802    804   3462  3    645
  3462    804   3463  3    645
  3462   3463    800  3    645
   800   3463    803  3    645
   804    807   3464  3    647
  3464    807   3465  3    647
  3464   3465    805  3    647
   805   3465    806  3    647
   807    810   3466  3    649
  3466    810   3468  3    649
  3466   3468   3467  3    649
  3467   3468   3469  3    649
  3467   3469    808  3    649
   808   3469    809  3    649
   810    813   3470  3    651
  3470    813   3471  3    651
  3470   3471    811  3    651
   811   3471    812  3    651
   813    816   3472  3    653
  3472    816   3474  3    653
  3472   3474   3473  3    653
  3473   3474   3475  3    653
  3473   3475    814  3    653
   814   3475    815  3    653
   816    819   3476  3    655
  3476    819   3477  3    655
  3476   3477    817  3    655
   817   3477    818  3    655
   819    673   3478  3    656
  3478    673   3480  3    656
  3478   3480   3479  3    656
  3479   3480   3481  3    656
  3479   3481    820  3    656
   820   3481    675  3    656
   820    822    818  3    658
   818    822    821  3    658
   822    825   3482  3    660
  3482    825   3485  3    660
  3482   3485   3483  3    660
  3483   3485   3486  3    660
  3483   3486   3484  3    660
  3484   3486   3487  3    660
  3484   3487    823  3    660
   823   3487    824  3    660
   825    828   3488  3    662
  3488    828   3490  3    662
  3488   3490   3489  3    662
  3489   3490   3491  3    662
  3489   3491    826  3    662
   826   3491    827  3    662
   828    831    829  3    664
   829    831    830  3    664
   831    676   3492  3    665
  3492    676   3494  3    665
  3492   3494   3493  3    665
  3493   3494   3495  3    665
  3493   3495    832  3    665
   832   3495    678  3    665
   832    834   3496  3    667
  3496    834   3498  3    667
  3496   3498   3497  3    667
  3497   3498   3499  3    667
  3497   3499    830  3    667
   830   3499    833  3    667
   834    691    835  3    668
   835    691    693  3    668
   835    837   3500  3    670
  3500    837   3503  3    670
  3500   3503   3501  3    670
  3501   3503   3504  3    670
  3501   3504   3502  3    670
  3502   3504   3505  3    670
  3502   3505    833  3    670
   833   3505    836  3    670
   837    840   3506  3    672
  3506    840   3508  3    672
  3506   3508   3507  3    672
  3507   3508   3509  3    672
  3507   3509    838  3    672
   838   3509    839  3    672
   840    694   3510  3    673
  3510    694   3513  3    673
  3510   3513   3511  3    673
  3511   3513   3514  3    673
  3511   3514   3512  3    673
  3512   3514   3515  3    673
  3512   3515    841  3    673
   841   3515    696  3    673
   841    843    839  3    675
   839    843    842  3    675
   843    846   3516  3    677
  3516    846   3518  3    677
  3516   3518   3517  3    677
  3517   3518   3519  3    677
  3517   3519    844  3    677
   844   3519    845  3    677
   850    847    849  3    679
   846    851    848  3    680
   851    854   3520  3    682
  3520    854   3523  3    682
  3520   3523   3521  3    682
  3521   3523   3524  3    682
  3521   3524   3522  3    682
  3522   3524   3525  3    682
  3522   3525    852  3    682
   852   3525    853  3    682
   854    857   3526  3    684
  3526    857   3529  3    684
  3526   3529   3527  3    684
  3527   3529   3530  3    684
  3527   3530   3528  3    684
  3528   3530   3531  3    684
  3528   3531    855  3    684
   855   3531    856  3    684
   857   3532    858  3    686
   858   3532   3533  3    686
  3532   3534   3533  3    686
  3533   3534   3535  3    686
  3534   3536   3535  3    686
  3535   3536   3537  3    686
  3536    860   3537  3    686
  3537    860    859  3    686
   860    863   3538  3    688
  3538    863   3539  3    688
  3538   3539    861  3    688
   861   3539    862  3    688
   863   3542   3540  3    689
  3540   3542   3543  3    689
  3540   3543   3541  3    689
  3541   3543   3544  3    689
  3541   3544    864  3    689
   864   3544   3545  3    689
  3542    700   3543  3    689
  3543    700   3546  3    689
  3543   3546   3544  3    689
  3544   3546   3547  3    689
  3544   3547   3545  3    689
  3545   3547    702  3    689
   864    703   3548  3    690
  3548    703   3549  3    690
  3548   3549    862  3    690
   862   3549    705  3    690
   861    866   3550  3    692
  3550    866   3551  3    692
  3550   3551    859  3    692
   859   3551    865  3    692
   866   3553   3552  3    694
  3552   3553   3554  3    694
  3552   3554    867  3    694
   867   3554   3555  3    694
  3553    869   3554  3    694
  3554    869   3556  3    694
  3554   3556   3555  3    694
  3555   3556    868  3    694
   869    715   3557  3    695
  3557    715   3558  3    695
  3557   3558    870  3    695
   870   3558    717  3    695
   870    872    868  3    697
   868    872    871  3    697
   872    875    873  3    699
   873    875    874  3    699
   875    878    876  3    701
   876    878    877  3    701
   878    881   3559  3    703
  3559    881   3560  3    703
  3559   3560    879  3    703
   879   3560    880  3    703
   881   3561    882  3    705
   882   3561   3562  3    705
  3561    884   3562  3    705
  3562    884    883  3    705
   884   3564   3563  3    707
  3563   3564   3565  3    707
  3563   3565    885  3    707
   885   3565   3566  3    707
  3564   3567   3565  3    707
  3565   3567   3568  3    707
  3565   3568   3566  3    707
  3566   3568   3569  3    707
  3567   3570   3568  3    707
  3568   3570   3571  3    707
  3568   3571   3569  3    707
  3569   3571   3572  3    707
  3570    887   3571  3    707
  3571    887   3573  3    707
  3571   3573   3572  3    707
  3572   3573    886  3    707
   887    890   3574  3    709
  3574    890   3575  3    709
  3574   3575    888  3    709
   888   3575    889  3    709
   890    893    891  3    711
   891    893    892  3    711
   893    733   3576  3    712
  3576    733   3579  3    712
  3576   3579   3577  3    712
  3577   3579   3580  3    712
  3577   3580   3578  3    712
  3578   3580   3581  3    712
  3578   3581    894  3    712
   894   3581    735  3    712
   894    896   3582  3    714
  3582    896   3585  3    714
  3582   3585   3583  3    714
  3583   3585   3586  3    714
  3583   3586   3584  3    714
  3584   3586   3587  3    714
  3584   3587    892  3    714
   892   3587    895  3    714
   896    758   3588  3    715
  3588    758   3590  3    715
  3588   3590   3589  3    715
  3589   3590   3591  3    715
  3589   3591    897  3    715
   897   3591    760  3    715
   897    899   3592  3    717
  3592    899   3593  3    717
  3592   3593    895  3    717
   895   3593    898  3    717
   899   3597   3594  3    719
  3594   3597   3598  3    719
  3594   3598   3595  3    719
  3595   3598   3599  3    719
  3595   3599   3596  3    719
  3596   3599   3600  3    719
  3596   3600    900  3    719
   900   3600   3601  3    719
  3597    902   3598  3    719
  3598    902   3602  3    719
  3598   3602   3599  3    719
  3599   3602   3603  3    719
  3599   3603   3600  3    719
  3600   3603   3604  3    719
  3600   3604   3601  3    719
  3601   3604    901  3    719
   902    905   3605  3    721
  3605    905   3607  3    721
  3605   3607   3606  3    721
  3606   3607   3608  3    721
  3606   3608    903  3    721
   903   3608    904  3    721
   905    908   3609  3    723
  3609    908   3611  3    723
  3609   3611   3610  3    723
  3610   3611   3612  3    723
  3610   3612    906  3    723
   906   3612    907  3    723
   908   3613    909  3    724
   909   3613   3614  3    724
  3613    761   3614  3    724
  3614    761    763  3    724
   909    911   3615  3    726
  3615    911   3617  3    726
  3615   3617   3616  3    726
  3616   3617   3618  3    726
  3616   3618    907  3    726
   907   3618    910  3    726
   911    914   3619  3    728
  3619    914   3621  3    728
  3619   3621   3620  3    728
  3620   3621   3622  3    728
  3620   3622    912  3    728
   912   3622    913  3    728
   914    764   3623  3    729
  3623    764   3624  3    729
  3623   3624    915  3    729
   915   3624    766  3    729
   915    917   3625  3    731
  3625    917   3628  3    731
  3625   3628   3626  3    731
  3626   3628   3629  3    731
  3626   3629   3627  3    731
  3627   3629   3630  3    731
  3627   3630    913  3    731
   913   3630    916  3    731
   917    773   3631  3    732
  3631    773   3633  3    732
  3631   3633   3632  3    732
  3632   3633   3634  3    732
  3632   3634    918  3    732
   918   3634    775  3    732
   918   3636   3635  3    734
  3635   3636   3637  3    734
  3635   3637    916  3    734
   916   3637   3638  3    734
  3636    920   3637  3    734
  3637    920   3639  3    734
  3637   3639   3638  3    734
  3638   3639    919  3    734
   920    923   3640  3    736
  3640    923   3642  3    736
  3640   3642   3641  3    736
  3641   3642   3643  3    736
  3641   3643    921  3    736
   921   3643    922  3    736
   923    926   3644  3    738
  3644    926   3645  3    738
  3644   3645    924  3    738
   924   3645    925  3    738
   926    776   3646  3    739
  3646    776   3649  3    739
  3646   3649   3647  3    739
  3647   3649   3650  3    739
  3647   3650   3648  3    739
  3648   3650   3651  3    739
  3648   3651    927  3    739
   927   3651    778  3    739
   927    929   3652  3    741
  3652    929   3654  3    741
  3652   3654   3653  3    741
  3653   3654   3655  3    741
  3653   3655    925  3    741
   925   3655    928  3    741
   929    932   3656  3    743
  3656    932   3658  3    743
  3656   3658   3657  3    743
  3657   3658   3659  3    743
  3657   3659    930  3    743
   930   3659    931  3    743
   932    935    933  3    745
   933    935    934  3    745
   935   3660    936  3    746
   936   3660   3661  3    746
  3660    785   3661  3    746
  3661    785    787  3    746
   936    938    934  3    748
   934    938    937  3    748
   938   3664   3662  3    750
  3662   3664   3665  3    750
  3662   3665   3663  3    750
  3663   3665   3666  3    750
  3663   3666    939  3    750
   939   3666   3667  3    750
  3664    941   3665  3    750
  3665    941   3668  3    750
  3665   3668   3666  3    750
  3666   3668   3669  3    750
  3666   3669   3667  3    750
  3667   3669    940  3    750
   941    944   3670  3    752
  3670    944   3672  3    752
  3670   3672   3671  3    752
  3671   3672   3673  3    752
  3671   3673    942  3    752
   942   3673    943  3    752
   944   3676   3674  3    754
  3674   3676   3677  3    754
  3674   3677   3675  3    754
  3675   3677   3678  3    754
  3675   3678    945  3    754
   945   3678   3679  3    754
  3676    947   3677  3    754
  3677    947   3680  3    754
  3677   3680   3678  3    754
  3678   3680   3681  3    754
  3678   3681   3679  3    754
  3679   3681    946  3    754
   947   3683   3682  3    756
  3682   3683   3684  3    756
  3682   3684    948  3    756
   948   3684   3685  3    756
  3683   3686   3684  3    756
  3684   3686   3687  3    756
  3684   3687   3685  3    756
  3685   3687   3688  3    756
  3686    950   3687  3    756
  3687    950   3689  3    756
  3687   3689   3688  3    756
  3688   3689    949  3    756
   950    953   3690  3    758
  3690    953   3692  3    758
  3690   3692   3691  3    758
  3691   3692   3693  3    758
  3691   3693    951  3    758
   951   3693    952  3    758
   953    956   3694  3    760
  3694    956   3697  3    760
  3694   3697   3695  3    760
  3695   3697   3698  3    760
  3695   3698   3696  3    760
  3696   3698   3699  3    760
  3696   3699    954  3    760
   954   3699    955  3    760
   956   3700    957  3    761
   957   3700   3701  3    761
  3700   3702   3701  3    761
  3701   3702   3703  3    761
  3702   3704   3703  3    761
  3703   3704   3705  3    761
  3704   3706   3705  3    761
  3705   3706   3707  3    761
  3706    791   3707  3    761
  3707    791    793  3    761
   957   3710   3708  3    763
  3708   3710   3711  3    763
  3708   3711   3709  3    763
  3709   3711   3712  3    763
  3709   3712    955  3    763
   955   3712   3713  3    763
  3710    959   3711  3    763
  3711    959   3714  3    763
  3711   3714   3712  3    763
  3712   3714   3715  3    763
  3712   3715   3713  3    763
  3713   3715    958  3    763
   959    962   3716  3    765
  3716    962   3717  3    765
  3716   3717    960  3    765
   960   3717    961  3    765
   962   3718    963  3    766
   963   3718   3719  3    766
  3718    794   3719  3    766
  3719    794    796  3    766
   963   3720    961  3    768
   961   3720   3721  3    768
  3720    965   3721  3    768
  3721    965    964  3    768
   965   3722    966  3    770
   966   3722   3723  3    770
  3722    968   3723  3    770
  3723    968    967  3    770
   968    971    969  3    772
   969    971    970  3    772
   971   3724    972  3    773
   972   3724   3725  3    773
  3724    797   3725  3    773
  3725    797    799  3    773
   972    974   3726  3    775
  3726    974   3727  3    775
  3726   3727    970  3    775
   970   3727    973  3    775
   974    803    975  3    776
   975    803    805  3    776
   975    806    973  3    777
   973    806    808  3    777
   969    977   3728  3    779
  3728    977   3729  3    779
  3728   3729    967  3    779
   967   3729    976  3    779
   977    980   3730  3    781
  3730    980   3731  3    781
  3730   3731    978  3    781
   978   3731    979  3    781
   980   3732    981  3    783
   981   3732   3733  3    783
  3732   3734   3733  3    783
  3733   3734   3735  3    783
  3734    983   3735  3    783
  3735    983    982  3    783
   983    986   3736  3    785
  3736    986   3738  3    785
  3736   3738   3737  3    785
  3737   3738   3739  3    785
  3737   3739    984  3    785
   984   3739    985  3    785
   986    989   3740  3    787
  3740    989   3742  3    787
  3740   3742   3741  3    787
  3741   3742   3743  3    787
  3741   3743    987  3    787
   987   3743    988  3    787
   989    992   3744  3    789
  3744    992   3746  3    789
  3744   3746   3745  3    789
  3745   3746   3747  3    789
  3745   3747    990  3    789
   990   3747    991  3    789
   992    809    993  3    790
   993    809    811  3    790
   993    812   3748  3    791
  3748    812   3750  3    791
  3748   3750   3749  3    791
  3749   3750   3751  3    791
  3749   3751    991  3    791
   991   3751    814  3    791
   990    995    988  3    793
   988    995    994  3    793
   995   3752    996  3    795
   996   3752   3753  3    795
  3752    998   3753  3    795
  3753    998    997  3    795
   998   1001   3754  3    797
  3754   1001   3755  3    797
  3754   3755    999  3    797
   999   3755   1000  3    797
  1001   3756   1002  3    799
  1002   3756   3757  3    799
  3756   1004   3757  3    799
  3757   1004   1003  3    799
  1004    815   3758  3    800
  3758    815   3761  3    800
  3758   3761   3759  3    800
  3759   3761   3762  3    800
  3759   3762   3760  3    800
  3760   3762   3763  3    800
  3760   3763   1005  3    800
  1005   3763    817  3    800
  1005    821   3764  3    801
  3764    821   3767  3    801
  3764   3767   3765  3    801
  3765   3767   3768  3    801
  3765   3768   3766  3    801
  3766   3768   3769  3    801
  3766   3769   1003  3    801
  1003   3769    823  3    801
  1002   1007   3770  3    803
  3770   1007   3771  3    803
  3770   3771   1000  3    803
  1000   3771   1006  3    803
  1007   1010   1008  3    805
  1008   1010   1009  3    805
  1010    824   3772  3    806
  3772    824   3773  3    806
  3772   3773   1011  3    806
  1011   3773    826  3    806
  1011   1013   3774  3    808
  3774   1013   3775  3    808
  3774   3775   1009  3    808
  1009   3775   1012  3    808
  1013   1016   3776  3    810
  3776   1016   3778  3    810
  3776   3778   3777  3    810
  3777   3778   3779  3    810
  3777   3779   1014  3    810
  1014   3779   1015  3    810
  1016   1019   3780  3    812
  3780   1019   3781  3    812
  3780   3781   1017  3    812
  1017   3781   1018  3    812
  1019   1022   3782  3    814
  3782   1022   3783  3    814
  3782   3783   1020  3    814
  1020   3783   1021  3    814
  1022   3785   3784  3    815
  3784   3785   3786  3    815
  3784   3786   1023  3    815
  1023   3786   3787  3    815
  3785   3788   3786  3    815
  3786   3788   3789  3    815
  3786   3789   3787  3    815
  3787   3789   3790  3    815
  3788   3791   3789  3    815
  3789   3791   3792  3    815
  3789   3792   3790  3    815
  3790   3792   3793  3    815
  3791    850   3792  3    815
  3792    850   3794  3    815
  3792   3794   3793  3    815
  3793   3794    852  3    815
  1023   1025   3795  3    817
  3795   1025   3798  3    817
  3795   3798   3796  3    817
  3796   3798   3799  3    817
  3796   3799   3797  3    817
  3797   3799   3800  3    817
  3797   3800   1021  3    817
  1021   3800   1024  3    817
  1025   1028   3801  3    819
  3801   1028   3802  3    819
  3801   3802   1026  3    819
  1026   3802   1027  3    819
  1028   1031   1029  3    821
  1029   1031   1030  3    821
  1031   1034   3803  3    823
  3803   1034   3806  3    823
  3803   3806   3804  3    823
  3804   3806   3807  3    823
  3804   3807   3805  3    823
  3805   3807   3808  3    823
  3805   3808   1032  3    823
  1032   3808   1033  3    823
  1034   3809   1035  3    824
  1035   3809   3810  3    824
  3809   3811   3810  3    824
  3810   3811   3812  3    824
  3811   3813   3812  3    824
  3812   3813   3814  3    824
  3813    853   3814  3    824
  3814    853    855  3    824
  1035   1037   3815  3    826
  3815   1037   3818  3    826
  3815   3818   3816  3    826
  3816   3818   3819  3    826
  3816   3819   3817  3    826
  3817   3819   3820  3    826
  3817   3820   1033  3    826
  1033   3820   1036  3    826
  1037   3822   3821  3    828
  3821   3822   3823  3    828
  3821   3823   1038  3    828
  1038   3823   3824  3    828
  3822   1040   3823  3    828
  3823   1040   3825  3    828
  3823   3825   3824  3    828
  3824   3825   1039  3    828
  1040   1043   3826  3    830
  3826   1043   3827  3    830
  3826   3827   1041  3    830
  1041   3827   1042  3    830
  1043    856   3828  3    831
  3828    856   3831  3    831
  3828   3831   3829  3    831
  3829   3831   3832  3    831
  3829   3832   3830  3    831
  3830   3832   3833  3    831
  3830   3833   1044  3    831
  1044   3833    858  3    831
  1044   1046   3834  3    833
  3834   1046   3835  3    833
  3834   3835   1042  3    833
  1042   3835   1045  3    833
  1046   1049   3836  3    835
  3836   1049   3837  3    835
  3836   3837   1047  3    835
  1047   3837   1048  3    835
  1049   3839   3838  3    837
  3838   3839   3840  3    837
  3838   3840   1050  3    837
  1050   3840   3841  3    837
  3839   1052   3840  3    837
  3840   1052   3842  3    837
  3840   3842   3841  3    837
  3841   3842   1051  3    837
  1052    865   3843  3    838
  3843    865   3844  3    838
  3843   3844   1053  3    838
  1053   3844    867  3    838
  1053    871   1051  3    839
  1051    871    873  3    839
  1050   3845   1048  3    840
  1048   3845   3846  3    840
  3845    874   3846  3    840
  3846    874    876  3    840
  1047   1055   1045  3    842
  1045   1055   1054  3    842
  1055   1058   3847  3    844
  3847   1058   3849  3    844
  3847   3849   3848  3    844
  3848   3849   3850  3    844
  3848   3850   1056  3    844
  1056   3850   1057  3    844
  1058    877   3851  3    845
  3851    877   3853  3    845
  3851   3853   3852  3    845
  3852   3853   3854  3    845
  3852   3854   1059  3    845
  1059   3854    879  3    845
  1059   3855   1057  3    847
  1057   3855   3856  3    847
  3855   3857   3856  3    847
  3856   3857   3858  3    847
  3857   1061   3858  3    847
  3858   1061   1060  3    847
  1061   1064   3859  3    849
  3859   1064   3860  3    849
  3859   3860   1062  3    849
  1062   3860   1063  3    849
  1064   1067   3861  3    851
  3861   1067   3862  3    851
  3861   3862   1065  3    851
  1065   3862   1066  3    851
  1067   1070   3863  3    853
  3863   1070   3864  3    853
  3863   3864   1068  3    853
  1068   3864   1069  3    853
  1070    880   3865  3    854
  3865    880   3866  3    854
  3865   3866   1071  3    854
  1071   3866    882  3    854
  1071   1073   3867  3    856
  3867   1073   3868  3    856
  3867   3868   1069  3    856
  1069   3868   1072  3    856
  1073    883   3869  3    857
  3869    883   3870  3    857
  3869   3870   1074  3    857
  1074   3870    885  3    857
  1074   3872   3871  3    859
  3871   3872   3873  3    859
  3871   3873   1072  3    859
  1072   3873   3874  3    859
  3872   1076   3873  3    859
  3873   1076   3875  3    859
  3873   3875   3874  3    859
  3874   3875   1075  3    859
  1076   3876   1077  3    861
  1077   3876   3877  3    861
  3876   1079   3877  3    861
  3877   1079   1078  3    861
  1079   3879   3878  3    863
  3878   3879   3880  3    863
  3878   3880   1080  3    863
  1080   3880   3881  3    863
  3879   1082   3880  3    863
  3880   1082   3882  3    863
  3880   3882   3881  3    863
  3881   3882   1081  3    863
  1082    886   1083  3    864
  1083    886    888  3    864
  1083   3883   1081  3    866
  1081   3883   3884  3    866
  3883   1085   3884  3    866
  3884   1085   1084  3    866
  1085    889   1086  3    867
  1086    889    891  3    867
  1086    898   3885  3    868
  3885    898   3886  3    868
  3885   3886   1084  3    868
  1084   3886    900  3    868
  1080   1088   1078  3    870
  1078   1088   1087  3    870
  1088   1091   3887  3    872
  3887   1091   3888  3    872
  3887   3888   1089  3    872
  1089   3888   1090  3    872
  1091   3891   3889  3    874
  3889   3891   3892  3    874
  3889   3892   3890  3    874
  3890   3892   3893  3    874
  3890   3893   1092  3    874
  1092   3893   3894  3    874
  3891   1094   3892  3    874
  3892   1094   3895  3    874
  3892   3895   3893  3    874
  3893   3895   3896  3    874
  3893   3896   3894  3    874
  3894   3896   1093  3    874
  1094    901   3897  3    875
  3897    901   3898  3    875
  3897   3898   1095  3    875
  1095   3898    903  3    875
  1095   1097   3899  3    877
  3899   1097   3900  3    877
  3899   3900   1093  3    877
  1093   3900   1096  3    877
  1097   1100   3901  3    879
  3901   1100   3902  3    879
  3901   3902   1098  3    879
  1098   3902   1099  3    879
  1100    904   3903  3    880
  3903    904   3904  3    880
  3903   3904   1101  3    880
  1101   3904    906  3    880
  1101   1103   3905  3    882
  3905   1103   3907  3    882
  3905   3907   3906  3    882
  3906   3907   3908  3    882
  3906   3908   1099  3    882
  1099   3908   1102  3    882
  1103   3912   3909  3    884
  3909   3912   3913  3    884
  3909   3913   3910  3    884
  3910   3913   3914  3    884
  3910   3914   3911  3    884
  3911   3914   3915  3    884
  3911   3915   1104  3    884
  1104   3915   3916  3    884
  3912   1106   3913  3    884
  3913   1106   3917  3    884
  3913   3917   3914  3    884
  3914   3917   3918  3    884
  3914   3918   3915  3    884
  3915   3918   3919  3    884
  3915   3919   3916  3    884
  3916   3919   1105  3    884
  1106   1109   3920  3    886
  3920   1109   3922  3    886
  3920   3922   3921  3    886
  3921   3922   3923  3    886
  3921   3923   1107  3    886
  1107   3923   1108  3    886
  1109   1112   3924  3    888
  3924   1112   3926  3    888
  3924   3926   3925  3    888
  3925   3926   3927  3    888
  3925   3927   1110  3    888
  1110   3927   1111  3    888
  1112   3928   1113  3    889
  1113   3928   3929  3    889
  3928   3930   3929  3    889
  3929   3930   3931  3    889
  3930    910   3931  3    889
  3931    910    912  3    889
  1113   1115   3932  3    891
  3932   1115   3934  3    891
  3932   3934   3933  3    891
  3933   3934   3935  3    891
  3933   3935   1111  3    891
  1111   3935   1114  3    891
  1115   3938   3936  3    893
  3936   3938   3939  3    893
  3936   3939   3937  3    893
  3937   3939   3940  3    893
  3937   3940   1116  3    893
  1116   3940   3941  3    893
  3938   1118   3939  3    893
  3939   1118   3942  3    893
  3939   3942   3940  3    893
  3940   3942   3943  3    893
  3940   3943   3941  3    893
  3941   3943   1117  3    893
  1118   1121   3944  3    895
  3944   1121   3945  3    895
  3944   3945   1119  3    895
  1119   3945   1120  3    895
  1121    919   3946  3    896
  3946    919   3948  3    896
  3946   3948   3947  3    896
  3947   3948   3949  3    896
  3947   3949   1122  3    896
  1122   3949    921  3    896
  1122   1124   1120  3    898
  1120   1124   1123  3    898
  1124   1127   3950  3    900
  3950   1127   3951  3    900
  3950   3951   1125  3    900
  1125   3951   1126  3    900
  1127   3954   3952  3    902
  3952   3954   3955  3    902
  3952   3955   3953  3    902
  3953   3955   3956  3    902
  3953   3956   1128  3    902
  1128   3956   3957  3    902
  3954   3958   3955  3    902
  3955   3958   3959  3    902
  3955   3959   3956  3    902
  3956   3959   3960  3    902
  3956   3960   3957  3    902
  3957   3960   3961  3    902
  3958   1130   3959  3    902
  3959   1130   3962  3    902
  3959   3962   3960  3    902
  3960   3962   3963  3    902
  3960   3963   3961  3    902
  3961   3963   1129  3    902
  1130   1133   3964  3    904
  3964   1133   3966  3    904
  3964   3966   3965  3    904
  3965   3966   3967  3    904
  3965   3967   1131  3    904
  1131   3967   1132  3    904
  1133   1136   1134  3    906
  1134   1136   1135  3    906
  1136   1139   3968  3    908
  3968   1139   3969  3    908
  3968   3969   1137  3    908
  1137   3969   1138  3    908
  1139   1142   3970  3    910
  3970   1142   3973  3    910
  3970   3973   3971  3    910
  3971   3973   3974  3    910
  3971   3974   3972  3    910
  3972   3974   3975  3    910
  3972   3975   1140  3    910
  1140   3975   1141  3    910
  1142   3978   3976  3    911
  3976   3978   3979  3    911
  3976   3979   3977  3    911
  3977   3979   3980  3    911
  3977   3980   1143  3    911
  1143   3980   3981  3    911
  3978   3982   3979  3    911
  3979   3982   3983  3    911
  3979   3983   3980  3    911
  3980   3983   3984  3    911
  3980   3984   3981  3    911
  3981   3984   3985  3    911
  3982    922   3983  3    911
  3983    922   3986  3    911
  3983   3986   3984  3    911
  3984   3986   3987  3    911
  3984   3987   3985  3    911
  3985   3987    924  3    911
  1143   3988   1141  3    913
  1141   3988   3989  3    913
  3988   1145   3989  3    913
  3989   1145   1144  3    913
  1145   1148   1146  3    915
  1146   1148   1147  3    915
  1148   3990   1149  3    916
  1149   3990   3991  3    916
  3990   3992   3991  3    916
  3991   3992   3993  3    916
  3992    928   3993  3    916
  3993    928    930  3    916
  1149   1151   3994  3    918
  3994   1151   3995  3    918
  3994   3995   1147  3    918
  1147   3995   1150  3    918
  1151    940   3996  3    919
  3996    940   3997  3    919
  3996   3997   1152  3    919
  1152   3997    942  3    919
  1152   1154   1150  3    921
  1150   1154   1153  3    921
  1154   1157   3998  3    923
  3998   1157   4001  3    923
  3998   4001   3999  3    923
  3999   4001   4002  3    923
  3999   4002   4000  3    923
  4000   4002   4003  3    923
  4000   4003   1155  3    923
  1155   4003   1156  3    923
  1157   1160   4004  3    925
  4004   1160   4006  3    925
  4004   4006   4005  3    925
  4005   4006   4007  3    925
  4005   4007   1158  3    925
  1158   4007   1159  3    925
   945   1161   1163  3    926
  1160    943   1162  3    927
  1161   1165   4008  3    929
  4008   1165   4011  3    929
  4008   4011   4009  3    929
  4009   4011   4012  3    929
  4009   4012   4010  3    929
  4010   4012   4013  3    929
  4010   4013   1159  3    929
  1159   4013   1164  3    929
  1169   1166   1168  3    931
  1165   1170   1167  3    932
  1170   1173   1171  3    934
  1171   1173   1172  3    934
  1173   4015   4014  3    936
  4014   4015   4016  3    936
  4014   4016   1174  3    936
  1174   4016   4017  3    936
  4015   1176   4016  3    936
  4016   1176   4018  3    936
  4016   4018   4017  3    936
  4017   4018   1175  3    936
  1176   4019   1177  3    938
  1177   4019   4020  3    938
  4019   1179   4020  3    938
  4020   1179   1178  3    938
  1179   4022   4021  3    939
  4021   4022   4023  3    939
  4021   4023   1180  3    939
  1180   4023   4024  3    939
  4022    952   4023  3    939
  4023    952   4025  3    939
  4023   4025   4024  3    939
  4024   4025    954  3    939
  1180   4026   1178  3    941
  1178   4026   4027  3    941
  4026   1182   4027  3    941
  4027   1182   1181  3    941
  1182   4029   4028  3    943
  4028   4029   4030  3    943
  4028   4030   1183  3    943
  1183   4030   4031  3    943
  4029   1185   4030  3    943
  4030   1185   4032  3    943
  4030   4032   4031  3    943
  4031   4032   1184  3    943
  1185   1188   4033  3    945
  4033   1188   4034  3    945
  4033   4034   1186  3    945
  1186   4034   1187  3    945
  1188   4036   4035  3    947
  4035   4036   4037  3    947
  4035   4037   1189  3    947
  1189   4037   4038  3    947
  4036   1191   4037  3    947
  4037   1191   4039  3    947
  4037   4039   4038  3    947
  4038   4039   1190  3    947
  1191   1194   4040  3    949
  4040   1194   4041  3    949
  4040   4041   1192  3    949
  1192   4041   1193  3    949
  1194    958   4042  3    950
  4042    958   4045  3    950
  4042   4045   4043  3    950
  4043   4045   4046  3    950
  4043   4046   4044  3    950
  4044   4046   4047  3    950
  4044   4047   1195  3    950
  1195   4047    960  3    950
  1195   1197   1193  3    952
  1193   1197   1196  3    952
  1197   4048   1198  3    953
  1198   4048   4049  3    953
  4048    964   4049  3    953
  4049    964    966  3    953
  1198   4050   1196  3    955
  1196   4050   4051  3    955
  4050   4052   4051  3    955
  4051   4052   4053  3    955
  4052   4054   4053  3    955
  4053   4054   4055  3    955
  4054   4056   4055  3    955
  4055   4056   4057  3    955
  4056   4058   4057  3    955
  4057   4058   4059  3    955
  4058   1200   4059  3    955
  4059   1200   1199  3    955
  1200   1203   1201  3    957
  1201   1203   1202  3    957
  1203   4060   1204  3    958
  1204   4060   4061  3    958
  4060   4062   4061  3    958
  4061   4062   4063  3    958
  4062   4064   4063  3    958
  4063   4064   4065  3    958
  4064    976   4065  3    958
  4065    976    978  3    958
  1204   1206   4066  3    960
  4066   1206   4067  3    960
  4066   4067   1202  3    960
  1202   4067   1205  3    960
  1206    979   4068  3    961
  4068    979   4069  3    961
  4068   4069   1207  3    961
  1207   4069    981  3    961
  1207   1209   4070  3    963
  4070   1209   4071  3    963
  4070   4071   1205  3    963
  1205   4071   1208  3    963
  1209   4073   4072  3    965
  4072   4073   4074  3    965
  4072   4074   1210  3    965
  1210   4074   4075  3    965
  4073   1212   4074  3    965
  4074   1212   4076  3    965
  4074   4076   4075  3    965
  4075   4076   1211  3    965
  1212   1215   4077  3    967
  4077   1215   4078  3    967
  4077   4078   1213  3    967
  1213   4078   1214  3    967
  1215    982   4079  3    968
  4079    982   4081  3    968
  4079   4081   4080  3    968
  4080   4081   4082  3    968
  4080   4082   1216  3    968
  1216   4082    984  3    968
  1216   4083   1214  3    970
  1214   4083   4084  3    970
  4083   1218   4084  3    970
  4084   1218   1217  3    970
  1218   4085   1219  3    972
  1219   4085   4086  3    972
  4085   1221   4086  3    972
  4086   1221   1220  3    972
  1221   1224   4087  3    974
  4087   1224   4088  3    974
  4087   4088   1222  3    974
  1222   4088   1223  3    974
  1224    997   4089  3    975
  4089    997   4090  3    975
  4089   4090   1225  3    975
  1225   4090    999  3    975
  1225   4091   1223  3    977
  1223   4091   4092  3    977
  4091   4093   4092  3    977
  4092   4093   4094  3    977
  4093   4095   4094  3    977
  4094   4095   4096  3    977
  4095   1227   4096  3    977
  4096   1227   1226  3    977
  1227   1230   4097  3    979
  4097   1230   4098  3    979
  4097   4098   1228  3    979
  1228   4098   1229  3    979
  1230   4099   1231  3    980
  1231   4099   4100  3    980
  4099   4101   4100  3    980
  4100   4101   4102  3    980
  4101   1015   4102  3    980
  4102   1015   1017  3    980
  1231   4104   4103  3    982
  4103   4104   4105  3    982
  4103   4105   1229  3    982
  1229   4105   4106  3    982
  4104   1233   4105  3    982
  4105   1233   4107  3    982
  4105   4107   4106  3    982
  4106   4107   1232  3    982
  1233   4108   1234  3    984
  1234   4108   4109  3    984
  4108   1236   4109  3    984
  4109   1236   1235  3    984
  1236   1239   4110  3    986
  4110   1239   4111  3    986
  4110   4111   1237  3    986
  1237   4111   1238  3    986
  1239   1242   4112  3    988
  4112   1242   4113  3    988
  4112   4113   1240  3    988
  1240   4113   1241  3    988
  1242   4114   1243  3    989
  1243   4114   4115  3    989
  4114   4116   4115  3    989
  4115   4116   4117  3    989
  4116   1018   4117  3    989
  4117   1018   1020  3    989
  1243   4119   4118  3    990
  4118   4119   4120  3    990
  4118   4120   1241  3    990
  1241   4120   4121  3    990
  4119   1024   4120  3    990
  4120   1024   4122  3    990
  4120   4122   4121  3    990
  4121   4122   1026  3    990
  1240   1245   1238  3    992
  1238   1245   1244  3    992
  1245   1248   1246  3    994
  1246   1248   1247  3    994
  1248   1251   1249  3    996
  1249   1251   1250  3    996
  1251   1027   4123  3    997
  4123   1027   4125  3    997
  4123   4125   4124  3    997
  4124   4125   4126  3    997
  4124   4126   1252  3    997
  1252   4126   1029  3    997
  1252   1254   4127  3    999
  4127   1254   4128  3    999
  4127   4128   1250  3    999
  1250   4128   1253  3    999
  1254   1257   4129  3   1001
  4129   1257   4131  3   1001
  4129   4131   4130  3   1001
  4130   4131   4132  3   1001
  4130   4132   1255  3   1001
  1255   4132   1256  3   1001
  1257   1030   4133  3   1002
  4133   1030   4135  3   1002
  4133   4135   4134  3   1002
  4134   4135   4136  3   1002
  4134   4136   1258  3   1002
  1258   4136   1032  3   1002
  1258   1260   4137  3   1004
  4137   1260   4138  3   1004
  4137   4138   1256  3   1004
  1256   4138   1259  3   1004
  1260   4139   1261  3   1006
  1261   4139   4140  3   1006
  4139   4141   4140  3   1006
  4140   4141   4142  3   1006
  4141   4143   4142  3   1006
  4142   4143   4144  3   1006
  4143   1263   4144  3   1006
  4144   1263   1262  3   1006
  1263   1036   4145  3   1007
  4145   1036   4147  3   1007
  4145   4147   4146  3   1007
  4146   4147   4148  3   1007
  4146   4148   1264  3   1007
  1264   4148   1038  3   1007
  1264   1266   4149  3   1009
  4149   1266   4151  3   1009
  4149   4151   4150  3   1009
  4150   4151   4152  3   1009
  4150   4152   1262  3   1009
  1262   4152   1265  3   1009
  1266   1269   4153  3   1011
  4153   1269   4154  3   1011
  4153   4154   1267  3   1011
  1267   4154   1268  3   1011
  1269   1272   4155  3   1013
  4155   1272   4156  3   1013
  4155   4156   1270  3   1013
  1270   4156   1271  3   1013
  1272   1275   4157  3   1015
  4157   1275   4159  3   1015
  4157   4159   4158  3   1015
  4158   4159   4160  3   1015
  4158   4160   1273  3   1015
  1273   4160   1274  3   1015
  1275   1039   4161  3   1016
  4161   1039   4162  3   1016
  4161   4162   1276  3   1016
  1276   4162   1041  3   1016
  1276   1054   4163  3   1017
  4163   1054   4165  3   1017
  4163   4165   4164  3   1017
  4164   4165   4166  3   1017
  4164   4166   1274  3   1017
  1274   4166   1056  3   1017
  1273   1278   4167  3   1019
  4167   1278   4168  3   1019
  4167   4168   1271  3   1019
  1271   4168   1277  3   1019
  1278   1281   4169  3   1021
  4169   1281   4170  3   1021
  4169   4170   1279  3   1021
  1279   4170   1280  3   1021
  1281   1284   4171  3   1023
  4171   1284   4172  3   1023
  4171   4172   1282  3   1023
  1282   4172   1283  3   1023
  1284   1287   4173  3   1025
  4173   1287   4174  3   1025
  4173   4174   1285  3   1025
  1285   4174   1286  3   1025
  1287   1060   4175  3   1026
  4175   1060   4176  3   1026
  4175   4176   1288  3   1026
  1288   4176   1062  3   1026
  1288   4177   1286  3   1028
  1286   4177   4178  3   1028
  4177   1290   4178  3   1028
  4178   1290   1289  3   1028
  1290   1293   1291  3   1030
  1291   1293   1292  3   1030
  1293   1063   1294  3   1031
  1294   1063   1065  3   1031
  1294   1296   1292  3   1033
  1292   1296   1295  3   1033
  1296   1066   4179  3   1034
  4179   1066   4180  3   1034
  4179   4180   1297  3   1034
  1297   4180   1068  3   1034
  1297   1299   4181  3   1036
  4181   1299   4182  3   1036
  4181   4182   1295  3   1036
  1295   4182   1298  3   1036
  1299   1075   1300  3   1037
  1300   1075   1077  3   1037
  1300   1302   4183  3   1039
  4183   1302   4185  3   1039
  4183   4185   4184  3   1039
  4184   4185   4186  3   1039
  4184   4186   1298  3   1039
  1298   4186   1301  3   1039
  1302   1087   4187  3   1040
  4187   1087   4188  3   1040
  4187   4188   1303  3   1040
  1303   4188   1089  3   1040
  1303   1090   1301  3   1041
  1301   1090   1092  3   1041
  1291   1305   1289  3   1043
  1289   1305   1304  3   1043
  1305   1308   4189  3   1045
  4189   1308   4190  3   1045
  4189   4190   1306  3   1045
  1306   4190   1307  3   1045
  1308   4191   1309  3   1047
  1309   4191   4192  3   1047
  4191   1311   4192  3   1047
  4192   1311   1310  3   1047
  1311   4194   4193  3   1049
  4193   4194   4195  3   1049
  4193   4195   1312  3   1049
  1312   4195   4196  3   1049
  4194   4197   4195  3   1049
  4195   4197   4198  3   1049
  4195   4198   4196  3   1049
  4196   4198   4199  3   1049
  4197   4200   4198  3   1049
  4198   4200   4201  3   1049
  4198   4201   4199  3   1049
  4199   4201   4202  3   1049
  4200   1314   4201  3   1049
  4201   1314   4203  3   1049
  4201   4203   4202  3   1049
  4202   4203   1313  3   1049
  1314   1317   4204  3   1051
  4204   1317   4205  3   1051
  4204   4205   1315  3   1051
  1315   4205   1316  3   1051
  1317   1320   4206  3   1053
  4206   1320   4208  3   1053
  4206   4208   4207  3   1053
  4207   4208   4209  3   1053
  4207   4209   1318  3   1053
  1318   4209   1319  3   1053
  1320   1096   1321  3   1054
  1321   1096   1098  3   1054
  1321   1102   4210  3   1055
  4210   1102   4211  3   1055
  4210   4211   1319  3   1055
  1319   4211   1104  3   1055
  1318   4212   1316  3   1057
  1316   4212   4213  3   1057
  4212   1323   4213  3   1057
  4213   1323   1322  3   1057
  1323   4215   4214  3   1059
  4214   4215   4216  3   1059
  4214   4216   1324  3   1059
  1324   4216   4217  3   1059
  4215   1326   4216  3   1059
  4216   1326   4218  3   1059
  4216   4218   4217  3   1059
  4217   4218   1325  3   1059
  1326   1329   1327  3   1061
  1327   1329   1328  3   1061
  1329   1332   4219  3   1063
  4219   1332   4221  3   1063
  4219   4221   4220  3   1063
  4220   4221   4222  3   1063
  4220   4222   1330  3   1063
  1330   4222   1331  3   1063
  1332   1335   4223  3   1065
  4223   1335   4225  3   1065
  4223   4225   4224  3   1065
  4224   4225   4226  3   1065
  4224   4226   1333  3   1065
  1333   4226   1334  3   1065
  1335   4230   4227  3   1067
  4227   4230   4231  3   1067
  4227   4231   4228  3   1067
  4228   4231   4232  3   1067
  4228   4232   4229  3   1067
  4229   4232   4233  3   1067
  4229   4233   1336  3   1067
  1336   4233   4234  3   1067
  4230   1338   4231  3   1067
  4231   1338   4235  3   1067
  4231   4235   4232  3   1067
  4232   4235   4236  3   1067
  4232   4236   4233  3   1067
  4233   4236   4237  3   1067
  4233   4237   4234  3   1067
  4234   4237   1337  3   1067
  1338   1341   4238  3   1069
  4238   1341   4241  3   1069
  4238   4241   4239  3   1069
  4239   4241   4242  3   1069
  4239   4242   4240  3   1069
  4240   4242   4243  3   1069
  4240   4243   1339  3   1069
  1339   4243   1340  3   1069
  1342   4244   1345  3   1071
  1345   4244   4245  3   1071
  4245   4244   1344  3   1071
  1341   1346   4246  3   1072
  4246   1346   4247  3   1072
  4246   4247   1343  3   1072
  1346   1105   4248  3   1073
  4248   1105   4249  3   1073
  4248   4249   1347  3   1073
  1347   4249   1107  3   1073
  1347   1349   4250  3   1075
  4250   1349   4253  3   1075
  4250   4253   4251  3   1075
  4251   4253   4254  3   1075
  4251   4254   4252  3   1075
  4252   4254   4255  3   1075
  4252   4255   1345  3   1075
  1345   4255   1348  3   1075
  1349   1108   4256  3   1076
  4256   1108   4257  3   1076
  4256   4257   1350  3   1076
  1350   4257   1110  3   1076
  1350   1352   4258  3   1078
  4258   1352   4260  3   1078
  4258   4260   4259  3   1078
  4259   4260   4261  3   1078
  4259   4261   1348  3   1078
  1348   4261   1351  3   1078
  1352   1114   1353  3   1079
  1353   1114   1116  3   1079
  1353   1355   4262  3   1081
  4262   1355   4265  3   1081
  4262   4265   4263  3   1081
  4263   4265   4266  3   1081
  4263   4266   4264  3   1081
  4264   4266   4267  3   1081
  4264   4267   1351  3   1081
  1351   4267   1354  3   1081
  1355   1358   4268  3   1083
  4268   1358   4270  3   1083
  4268   4270   4269  3   1083
  4269   4270   4271  3   1083
  4269   4271   1356  3   1083
  1356   4271   1357  3   1083
  1358   4274   4272  3   1085
  4272   4274   4275  3   1085
  4272   4275   4273  3   1085
  4273   4275   4276  3   1085
  4273   4276   1359  3   1085
  1359   4276   4277  3   1085
  4274   1361   4275  3   1085
  4275   1361   4278  3   1085
  4275   4278   4276  3   1085
  4276   4278   4279  3   1085
  4276   4279   4277  3   1085
  4277   4279   1360  3   1085
  1361   1364   4280  3   1087
  4280   1364   4281  3   1087
  4280   4281   1362  3   1087
  1362   4281   1363  3   1087
  1364   1126   4282  3   1088
  4282   1126   4284  3   1088
  4282   4284   4283  3   1088
  4283   4284   4285  3   1088
  4283   4285   1365  3   1088
  1365   4285   1128  3   1088
  1365   1367   1363  3   1090
  1363   1367   1366  3   1090
  1367   1370   1368  3   1092
  1368   1370   1369  3   1092
  1370   4286   1371  3   1094
  1371   4286   4287  3   1094
  4286   4288   4287  3   1094
  4287   4288   4289  3   1094
  4288   4290   4289  3   1094
  4289   4290   4291  3   1094
  4290   1373   4291  3   1094
  4291   1373   1372  3   1094
  1373   1376   4292  3   1096
  4292   1376   4294  3   1096
  4292   4294   4293  3   1096
  4293   4294   4295  3   1096
  4293   4295   1374  3   1096
  1374   4295   1375  3   1096
  1376   1379   4296  3   1098
  4296   1379   4298  3   1098
  4296   4298   4297  3   1098
  4297   4298   4299  3   1098
  4297   4299   1377  3   1098
  1377   4299   1378  3   1098
  1379   4300   1380  3   1099
  1380   4300   4301  3   1099
  4300   1129   4301  3   1099
  4301   1129   1131  3   1099
  1380   4304   4302  3   1101
  4302   4304   4305  3   1101
  4302   4305   4303  3   1101
  4303   4305   4306  3   1101
  4303   4306   1378  3   1101
  1378   4306   4307  3   1101
  4304   1382   4305  3   1101
  4305   1382   4308  3   1101
  4305   4308   4306  3   1101
  4306   4308   4309  3   1101
  4306   4309   4307  3   1101
  4307   4309   1381  3   1101
  1382   1385   4310  3   1103
  4310   1385   4311  3   1103
  4310   4311   1383  3   1103
  1383   4311   1384  3   1103
  1385   4314   4312  3   1104
  4312   4314   4315  3   1104
  4312   4315   4313  3   1104
  4313   4315   4316  3   1104
  4313   4316   1386  3   1104
  1386   4316   4317  3   1104
  4314   1132   4315  3   1104
  4315   1132   4318  3   1104
  4315   4318   4316  3   1104
  4316   4318   4319  3   1104
  4316   4319   4317  3   1104
  4317   4319   1134  3   1104
  1386   1388   4320  3   1106
  4320   1388   4322  3   1106
  4320   4322   4321  3   1106
  4321   4322   4323  3   1106
  4321   4323   1384  3   1106
  1384   4323   1387  3   1106
  1388   1391   1389  3   1108
  1389   1391   1390  3   1108
  1391   4324   1392  3   1110
  1392   4324   4325  3   1110
  4324   1394   4325  3   1110
  4325   1394   1393  3   1110
  1394   1135   1395  3   1111
  1395   1135   1137  3   1111
  1395   1397   1393  3   1113
  1393   1397   1396  3   1113
  1397   1259   4326  3   1114
  4326   1259   4327  3   1114
  4326   4327   1398  3   1114
  1398   4327   1261  3   1114
  1398   1400   1396  3   1116
  1396   1400   1399  3   1116
  1400   4328   1401  3   1118
  1401   4328   4329  3   1118
  4328   4330   4329  3   1118
  4329   4330   4331  3   1118
  4330   4332   4331  3   1118
  4331   4332   4333  3   1118
  4332   1403   4333  3   1118
  4333   1403   1402  3   1118
  1403   1406   1404  3   1120
  1404   1406   1405  3   1120
  1406   4334   1407  3   1122
  1407   4334   4335  3   1122
  4334   4336   4335  3   1122
  4335   4336   4337  3   1122
  4336   4338   4337  3   1122
  4337   4338   4339  3   1122
  4338   4340   4339  3   1122
  4339   4340   4341  3   1122
  4340   1409   4341  3   1122
  4341   1409   1408  3   1122
  1409   1265   4342  3   1123
  4342   1265   4344  3   1123
  4342   4344   4343  3   1123
  4343   4344   4345  3   1123
  4343   4345   1410  3   1123
  1410   4345   1267  3   1123
  1410   1412   4346  3   1125
  4346   1412   4348  3   1125
  4346   4348   4347  3   1125
  4347   4348   4349  3   1125
  4347   4349   1408  3   1125
  1408   4349   1411  3   1125
  1412   1280   1413  3   1126
  1413   1280   1282  3   1126
  1413   1415   4350  3   1128
  4350   1415   4352  3   1128
  4350   4352   4351  3   1128
  4351   4352   4353  3   1128
  4351   4353   1411  3   1128
  1411   4353   1414  3   1128
  1415   1418   4354  3   1130
  4354   1418   4356  3   1130
  4354   4356   4355  3   1130
  4355   4356   4357  3   1130
  4355   4357   1416  3   1130
  1416   4357   1417  3   1130
  1418   1421   4358  3   1132
  4358   1421   4360  3   1132
  4358   4360   4359  3   1132
  4359   4360   4361  3   1132
  4359   4361   1419  3   1132
  1419   4361   1420  3   1132
  1421   1283   1422  3   1133
  1422   1283   1285  3   1133
  1422   4363   4362  3   1134
  4362   4363   4364  3   1134
  4362   4364   1420  3   1134
  1420   4364   4365  3   1134
  4363   1304   4364  3   1134
  4364   1304   4366  3   1134
  4364   4366   4365  3   1134
  4365   4366   1306  3   1134
  1419   1424   4367  3   1136
  4367   1424   4369  3   1136
  4367   4369   4368  3   1136
  4368   4369   4370  3   1136
  4368   4370   1417  3   1136
  1417   4370   1423  3   1136
  1424   4371   1425  3   1138
  1425   4371   4372  3   1138
  4371   4373   4372  3   1138
  4372   4373   4374  3   1138
  4373   4375   4374  3   1138
  4374   4375   4376  3   1138
  4375   1427   4376  3   1138
  4376   1427   1426  3   1138
  1427   1307   4377  3   1139
  4377   1307   4379  3   1139
  4377   4379   4378  3   1139
  4378   4379   4380  3   1139
  4378   4380   1428  3   1139
  1428   4380   1309  3   1139
  1428   1430   4381  3   1141
  4381   1430   4383  3   1141
  4381   4383   4382  3   1141
  4382   4383   4384  3   1141
  4382   4384   1426  3   1141
  1426   4384   1429  3   1141
  1430   1433   4385  3   1143
  4385   1433   4387  3   1143
  4385   4387   4386  3   1143
  4386   4387   4388  3   1143
  4386   4388   1431  3   1143
  1431   4388   1432  3   1143
  1433   4390   4389  3   1144
  4389   4390   4391  3   1144
  4389   4391   1434  3   1144
  1434   4391   4392  3   1144
  4390   1310   4391  3   1144
  4391   1310   4393  3   1144
  4391   4393   4392  3   1144
  4392   4393   1312  3   1144
  1434   4395   4394  3   1146
  4394   4395   4396  3   1146
  4394   4396   1432  3   1146
  1432   4396   4397  3   1146
  4395   1436   4396  3   1146
  4396   1436   4398  3   1146
  4396   4398   4397  3   1146
  4397   4398   1435  3   1146
  1436   4399   1437  3   1147
  1437   4399   4400  3   1147
  4399   1325   4400  3   1147
  4400   1325   1327  3   1147
  1437   1439   1435  3   1149
  1435   1439   1438  3   1149
  1439   1328   4401  3   1150
  4401   1328   4403  3   1150
  4401   4403   4402  3   1150
  4402   4403   4404  3   1150
  4402   4404   1440  3   1150
  1440   4404   1330  3   1150
  1440   1442   4405  3   1152
  4405   1442   4406  3   1152
  4405   4406   1438  3   1152
  1438   4406   1441  3   1152
  1442   4407   1443  3   1154
  1443   4407   4408  3   1154
  4407   1445   4408  3   1154
  4408   1445   1444  3   1154
  1445   4410   4409  3   1156
  4409   4410   4411  3   1156
  4409   4411   1446  3   1156
  1446   4411   4412  3   1156
  4410   1448   4411  3   1156
  4411   1448   4413  3   1156
  4411   4413   4412  3   1156
  4412   4413   1447  3   1156
  1448   1331   1449  3   1157
  1449   1331   1333  3   1157
  1449   1334   4414  3   1158
  4414   1334   4415  3   1158
  4414   4415   1447  3   1158
  1447   4415   1336  3   1158
  1446   1451   4416  3   1160
  4416   1451   4417  3   1160
  4416   4417   1444  3   1160
  1444   4417   1450  3   1160
  1451   4419   4418  3   1162
  4418   4419   4420  3   1162
  4418   4420   1452  3   1162
  1452   4420   4421  3   1162
  4419   1454   4420  3   1162
  4420   1454   4422  3   1162
  4420   4422   4421  3   1162
  4421   4422   1453  3   1162
  1454   4423   1455  3   1164
  1455   4423   4424  3   1164
  4423   1457   4424  3   1164
  4424   1457   1456  3   1164
  1457   4426   4425  3   1166
  4425   4426   4427  3   1166
  4425   4427   1458  3   1166
  1458   4427   4428  3   1166
  4426   1460   4427  3   1166
  4427   1460   4429  3   1166
  4427   4429   4428  3   1166
  4428   4429   1459  3   1166
  1460   1337   1461  3   1167
  1461   1337   1339  3   1167
  1461   1340   1459  3   1168
  1459   1340   1342  3   1168
  1458   1463   1456  3   1170
  1456   1463   1462  3   1170
  1463   1466   4430  3   1172
  4430   1466   4432  3   1172
  4430   4432   4431  3   1172
  4431   4432   4433  3   1172
  4431   4433   1464  3   1172
  1464   4433   1465  3   1172
  1467   4434   1470  3   1174
  1470   4434   4435  3   1174
  4435   4434   1469  3   1174
  1466   1471   4436  3   1175
  4436   1471   4437  3   1175
  4436   4437   1468  3   1175
  1471   1474   4438  3   1177
  4438   1474   4441  3   1177
  4438   4441   4439  3   1177
  4439   4441   4442  3   1177
  4439   4442   4440  3   1177
  4440   4442   4443  3   1177
  4440   4443   1472  3   1177
  1472   4443   1473  3   1177
  1474   1477   4444  3   1179
  4444   1477   4447  3   1179
  4444   4447   4445  3   1179
  4445   4447   4448  3   1179
  4445   4448   4446  3   1179
  4446   4448   4449  3   1179
  4446   4449   1475  3   1179
  1475   4449   1476  3   1179
  1477   1354   4450  3   1180
  4450   1354   4453  3   1180
  4450   4453   4451  3   1180
  4451   4453   4454  3   1180
  4451   4454   4452  3   1180
  4452   4454   4455  3   1180
  4452   4455   1478  3   1180
  1478   4455   1356  3   1180
  1478   1480   4456  3   1182
  4456   1480   4458  3   1182
  4456   4458   4457  3   1182
  4457   4458   4459  3   1182
  4457   4459   1476  3   1182
  1476   4459   1479  3   1182
  1480   1357   1481  3   1183
  1481   1357   1359  3   1183
  1481   1483   4460  3   1185
  4460   1483   4462  3   1185
  4460   4462   4461  3   1185
  4461   4462   4463  3   1185
  4461   4463   1479  3   1185
  1479   4463   1482  3   1185
  1483   1486   1484  3   1187
  1484   1486   1485  3   1187
  1486   1369   4464  3   1188
  4464   1369   4465  3   1188
  4464   4465   1487  3   1188
  1487   4465   1371  3   1188
  1487   1489   4466  3   1190
  4466   1489   4467  3   1190
  4466   4467   1485  3   1190
  1485   4467   1488  3   1190
  1489   1492   4468  3   1192
  4468   1492   4469  3   1192
  4468   4469   1490  3   1192
  1490   4469   1491  3   1192
  1492   1495   4470  3   1194
  4470   1495   4473  3   1194
  4470   4473   4471  3   1194
  4471   4473   4474  3   1194
  4471   4474   4472  3   1194
  4472   4474   4475  3   1194
  4472   4475   1493  3   1194
  1493   4475   1494  3   1194
  1495   1372   4476  3   1195
  4476   1372   4478  3   1195
  4476   4478   4477  3   1195
  4477   4478   4479  3   1195
  4477   4479   1496  3   1195
  1496   4479   1374  3   1195
  1496   1498   1494  3   1197
  1494   1498   1497  3   1197
  1498   1501   4480  3   1199
  4480   1501   4482  3   1199
  4480   4482   4481  3   1199
  4481   4482   4483  3   1199
  4481   4483   1499  3   1199
  1499   4483   1500  3   1199
  1501   1504   4484  3   1201
  4484   1504   4486  3   1201
  4484   4486   4485  3   1201
  4485   4486   4487  3   1201
  4485   4487   1502  3   1201
  1502   4487   1503  3   1201
  1504   1507   4488  3   1203
  4488   1507   4490  3   1203
  4488   4490   4489  3   1203
  4489   4490   4491  3   1203
  4489   4491   1505  3   1203
  1505   4491   1506  3   1203
  1507   1375   4492  3   1204
  4492   1375   4493  3   1204
  4492   4493   1508  3   1204
  1508   4493   1377  3   1204
  1508   1510   4494  3   1206
  4494   1510   4497  3   1206
  4494   4497   4495  3   1206
  4495   4497   4498  3   1206
  4495   4498   4496  3   1206
  4496   4498   4499  3   1206
  4496   4499   1506  3   1206
  1506   4499   1509  3   1206
  1510   1513   4500  3   1208
  4500   1513   4503  3   1208
  4500   4503   4501  3   1208
  4501   4503   4504  3   1208
  4501   4504   4502  3   1208
  4502   4504   4505  3   1208
  4502   4505   1511  3   1208
  1511   4505   1512  3   1208
  1513   4506   1514  3   1210
  1514   4506   4507  3   1210
  4506   1516   4507  3   1210
  4507   1516   1515  3   1210
  1516   1519   4508  3   1212
  4508   1519   4509  3   1212
  4508   4509   1517  3   1212
  1517   4509   1518  3   1212
  1519   1522   1520  3   1214
  1520   1522   1521  3   1214
  1522   1381   4510  3   1215
  4510   1381   4512  3   1215
  4510   4512   4511  3   1215
  4511   4512   4513  3   1215
  4511   4513   1523  3   1215
  1523   4513   1383  3   1215
  1523   1525   4514  3   1217
  4514   1525   4515  3   1217
  4514   4515   1521  3   1217
  1521   4515   1524  3   1217
  1525   1528   4516  3   1219
  4516   1528   4517  3   1219
  4516   4517   1526  3   1219
  1526   4517   1527  3   1219
  1528   1531   1529  3   1221
  1529   1531   1530  3   1221
  1531   1534   4518  3   1223
  4518   1534   4520  3   1223
  4518   4520   4519  3   1223
  4519   4520   4521  3   1223
  4519   4521   1532  3   1223
  1532   4521   1533  3   1223
  1534   1387   4522  3   1224
  4522   1387   4525  3   1224
  4522   4525   4523  3   1224
  4523   4525   4526  3   1224
  4523   4526   4524  3   1224
  4524   4526   4527  3   1224
  4524   4527   1535  3   1224
  1535   4527   1389  3   1224
  1535   1537   1533  3   1226
  1533   1537   1536  3   1226
  1537   4528   1538  3   1227
  1538   4528   4529  3   1227
  4528   1402   4529  3   1227
  4529   1402   1404  3   1227
  1538   1540   1536  3   1229
  1536   1540   1539  3   1229
  1540   1543   4530  3   1231
  4530   1543   4531  3   1231
  4530   4531   1541  3   1231
  1541   4531   1542  3   1231
  1543   4533   4532  3   1233
  4532   4533   4534  3   1233
  4532   4534   1544  3   1233
  1544   4534   4535  3   1233
  4533   1546   4534  3   1233
  4534   1546   4536  3   1233
  4534   4536   4535  3   1233
  4535   4536   1545  3   1233
  1546   1549   4537  3   1235
  4537   1549   4538  3   1235
  4537   4538   1547  3   1235
  1547   4538   1548  3   1235
  1549   1423   4539  3   1236
  4539   1423   4541  3   1236
  4539   4541   4540  3   1236
  4540   4541   4542  3   1236
  4540   4542   1550  3   1236
  1550   4542   1425  3   1236
  1550   1552   4543  3   1238
  4543   1552   4544  3   1238
  4543   4544   1548  3   1238
  1548   4544   1551  3   1238
  1552   1555   4545  3   1240
  4545   1555   4546  3   1240
  4545   4546   1553  3   1240
  1553   4546   1554  3   1240
  1555   1558   4547  3   1242
  4547   1558   4548  3   1242
  4547   4548   1556  3   1242
  1556   4548   1557  3   1242
  1558   1561   4549  3   1244
  4549   1561   4550  3   1244
  4549   4550   1559  3   1244
  1559   4550   1560  3   1244
  1561   1564   4551  3   1246
  4551   1564   4552  3   1246
  4551   4552   1562  3   1246
  1562   4552   1563  3   1246
  1564   1567   4553  3   1248
  4553   1567   4554  3   1248
  4553   4554   1565  3   1248
  1565   4554   1566  3   1248
  1567   1429   4555  3   1249
  4555   1429   4556  3   1249
  4555   4556   1568  3   1249
  1568   4556   1431  3   1249
  1568   1570   4557  3   1251
  4557   1570   4558  3   1251
  4557   4558   1566  3   1251
  1566   4558   1569  3   1251
  1570   1573   4559  3   1253
  4559   1573   4560  3   1253
  4559   4560   1571  3   1253
  1571   4560   1572  3   1253
  1573   1576   4561  3   1255
  4561   1576   4562  3   1255
  4561   4562   1574  3   1255
  1574   4562   1575  3   1255
  1576   1441   4563  3   1256
  4563   1441   4564  3   1256
  4563   4564   1577  3   1256
  1577   4564   1443  3   1256
  1577   1579   1575  3   1258
  1575   1579   1578  3   1258
  1579   1582   1580  3   1260
  1580   1582   1581  3   1260
  1582   4565   1583  3   1262
  1583   4565   4566  3   1262
  4565   1585   4566  3   1262
  4566   1585   1584  3   1262
  1585   1588   4567  3   1264
  4567   1588   4568  3   1264
  4567   4568   1586  3   1264
  1586   4568   1587  3   1264
  1588   1591   1589  3   1266
  1589   1591   1590  3   1266
  1591   1450   4569  3   1267
  4569   1450   4570  3   1267
  4569   4570   1592  3   1267
  1592   4570   1452  3   1267
  1592   1594   4571  3   1269
  4571   1594   4572  3   1269
  4571   4572   1590  3   1269
  1590   4572   1593  3   1269
  1594   1597   4573  3   1271
  4573   1597   4574  3   1271
  4573   4574   1595  3   1271
  1595   4574   1596  3   1271
  1597   1600   4575  3   1273
  4575   1600   4576  3   1273
  4575   4576   1598  3   1273
  1598   4576   1599  3   1273
  1600   4578   4577  3   1275
  4577   4578   4579  3   1275
  4577   4579   1601  3   1275
  1601   4579   4580  3   1275
  4578   1603   4579  3   1275
  4579   1603   4581  3   1275
  4579   4581   4580  3   1275
  4580   4581   1602  3   1275
  1603   1606   4582  3   1277
  4582   1606   4583  3   1277
  4582   4583   1604  3   1277
  1604   4583   1605  3   1277
  1606   1609   4584  3   1279
  4584   1609   4585  3   1279
  4584   4585   1607  3   1279
  1607   4585   1608  3   1279
  1609   1453   1610  3   1280
  1610   1453   1455  3   1280
  1610   1612   4586  3   1282
  4586   1612   4588  3   1282
  4586   4588   4587  3   1282
  4587   4588   4589  3   1282
  4587   4589   1608  3   1282
  1608   4589   1611  3   1282
  1612   1462   4590  3   1283
  4590   1462   4592  3   1283
  4590   4592   4591  3   1283
  4591   4592   4593  3   1283
  4591   4593   1613  3   1283
  1613   4593   1464  3   1283
  1613   1615   1611  3   1285
  1611   1615   1614  3   1285
  1615   1465   4594  3   1286
  4594   1465   4595  3   1286
  4594   4595   1616  3   1286
  1616   4595   1467  3   1286
  1616   4597   4596  3   1288
  4596   4597   4598  3   1288
  4596   4598   1614  3   1288
  1614   4598   4599  3   1288
  4597   1618   4598  3   1288
  4598   1618   4600  3   1288
  4598   4600   4599  3   1288
  4599   4600   1617  3   1288
  1618   4602   4601  3   1290
  4601   4602   4603  3   1290
  4601   4603   1619  3   1290
  1619   4603   4604  3   1290
  4602   1621   4603  3   1290
  4603   1621   4605  3   1290
  4603   4605   4604  3   1290
  4604   4605   1620  3   1290
  1621   4607   4606  3   1292
  4606   4607   4608  3   1292
  4606   4608   1622  3   1292
  1622   4608   4609  3   1292
  4607   1624   4608  3   1292
  4608   1624   4610  3   1292
  4608   4610   4609  3   1292
  4609   4610   1623  3   1292
  1624   1627   4611  3   1294
  4611   1627   4614  3   1294
  4611   4614   4612  3   1294
  4612   4614   4615  3   1294
  4612   4615   4613  3   1294
  4613   4615   4616  3   1294
  4613   4616   1625  3   1294
  1625   4616   1626  3   1294
  1627   1630   1628  3   1296
  1628   1630   1629  3   1296
  1630   4618   4617  3   1298
  4617   4618   4619  3   1298
  4617   4619   1631  3   1298
  1631   4619   4620  3   1298
  4618   1633   4619  3   1298
  4619   1633   4621  3   1298
  4619   4621   4620  3   1298
  4620   4621   1632  3   1298
  1633   1470   1634  3   1299
  1634   1470   1472  3   1299
  1634   1473   1632  3   1300
  1632   1473   1475  3   1300
  1631   1636   1629  3   1302
  1629   1636   1635  3   1302
  1636   1639   4622  3   1304
  4622   1639   4624  3   1304
  4622   4624   4623  3   1304
  4623   4624   4625  3   1304
  4623   4625   1637  3   1304
  1637   4625   1638  3   1304
  1640   4626   1643  3   1306
  1643   4626   4627  3   1306
  4627   4626   1642  3   1306
  1639   1644   4628  3   1307
  4628   1644   4629  3   1307
  4628   4629   1641  3   1307
  1644   1647   4630  3   1309
  4630   1647   4633  3   1309
  4630   4633   4631  3   1309
  4631   4633   4634  3   1309
  4631   4634   4632  3   1309
  4632   4634   4635  3   1309
  4632   4635   1645  3   1309
  1645   4635   1646  3   1309
  1647   1650   4636  3   1311
  4636   1650   4638  3   1311
  4636   4638   4637  3   1311
  4637   4638   4639  3   1311
  4637   4639   1648  3   1311
  1648   4639   1649  3   1311
  1650   1482   4640  3   1312
  4640   1482   4642  3   1312
  4640   4642   4641  3   1312
  4641   4642   4643  3   1312
  4641   4643   1651  3   1312
  1651   4643   1484  3   1312
  1654   1649   1653  3   1314
  1651   1655   1652  3   1315
  1659   1656   1658  3   1317
  1655   1660   1657  3   1318
  1660   1663   4644  3   1320
  4644   1663   4646  3   1320
  4644   4646   4645  3   1320
  4645   4646   4647  3   1320
  4645   4647   1661  3   1320
  1661   4647   1662  3   1320
  1663   1488   1664  3   1321
  1664   1488   1490  3   1321
  1664   1491   4648  3   1322
  4648   1491   4650  3   1322
  4648   4650   4649  3   1322
  4649   4650   4651  3   1322
  4649   4651   1662  3   1322
  1662   4651   1493  3   1322
  1661   4655   4652  3   1324
  4652   4655   4656  3   1324
  4652   4656   4653  3   1324
  4653   4656   4657  3   1324
  4653   4657   4654  3   1324
  4654   4657   4658  3   1324
  4654   4658   1659  3   1324
  1659   4658   4659  3   1324
  4655   1666   4656  3   1324
  4656   1666   4660  3   1324
  4656   4660   4657  3   1324
  4657   4660   4661  3   1324
  4657   4661   4658  3   1324
  4658   4661   4662  3   1324
  4658   4662   4659  3   1324
  4659   4662   1665  3   1324
  1666   1669   4663  3   1326
  4663   1669   4665  3   1326
  4663   4665   4664  3   1326
  4664   4665   4666  3   1326
  4664   4666   1667  3   1326
  1667   4666   1668  3   1326
  1669   1497   4667  3   1327
  4667   1497   4669  3   1327
  4667   4669   4668  3   1327
  4668   4669   4670  3   1327
  4668   4670   1670  3   1327
  1670   4670   1499  3   1327
  1670   4671   1668  3   1329
  1668   4671   4672  3   1329
  4671   1672   4672  3   1329
  4672   1672   1671  3   1329
  1672   1675   4673  3   1331
  4673   1675   4676  3   1331
  4673   4676   4674  3   1331
  4674   4676   4677  3   1331
  4674   4677   4675  3   1331
  4675   4677   4678  3   1331
  4675   4678   1673  3   1331
  1673   4678   1674  3   1331
  1675   1678   1676  3   1333
  1676   1678   1677  3   1333
  1678   1681   4679  3   1335
  4679   1681   4680  3   1335
  4679   4680   1679  3   1335
  1679   4680   1680  3   1335
  1681   1684   1682  3   1337
  1682   1684   1683  3   1337
  1684   1500   1685  3   1338
  1685   1500   1502  3   1338
  1685   1503   1683  3   1339
  1683   1503   1505  3   1339
  1682   4681   1680  3   1341
  1680   4681   4682  3   1341
  4681   4683   4682  3   1341
  4682   4683   4684  3   1341
  4683   1687   4684  3   1341
  4684   1687   1686  3   1341
  1687   1690   4685  3   1343
  4685   1690   4686  3   1343
  4685   4686   1688  3   1343
  1688   4686   1689  3   1343
  1690   4687   1691  3   1344
  1691   4687   4688  3   1344
  4687   1509   4688  3   1344
  4688   1509   1511  3   1344
  1691   4690   4689  3   1346
  4689   4690   4691  3   1346
  4689   4691   1689  3   1346
  1689   4691   4692  3   1346
  4690   1693   4691  3   1346
  4691   1693   4693  3   1346
  4691   4693   4692  3   1346
  4692   4693   1692  3   1346
  1693   1696   4694  3   1348
  4694   1696   4695  3   1348
  4694   4695   1694  3   1348
  1694   4695   1695  3   1348
  1696   1512   4696  3   1349
  4696   1512   4699  3   1349
  4696   4699   4697  3   1349
  4697   4699   4700  3   1349
  4697   4700   4698  3   1349
  4698   4700   4701  3   1349
  4698   4701   1697  3   1349
  1697   4701   1514  3   1349
  1697   1699   4702  3   1351
  4702   1699   4705  3   1351
  4702   4705   4703  3   1351
  4703   4705   4706  3   1351
  4703   4706   4704  3   1351
  4704   4706   4707  3   1351
  4704   4707   1695  3   1351
  1695   4707   1698  3   1351
  1699   1702   1700  3   1353
  1700   1702   1701  3   1353
  1702   1705   1703  3   1355
  1703   1705   1704  3   1355
  1705   4708   1706  3   1357
  1706   4708   4709  3   1357
  4708   1708   4709  3   1357
  4709   1708   1707  3   1357
  1708   1515   1709  3   1358
  1709   1515   1517  3   1358
  1709   1711   1707  3   1360
  1707   1711   1710  3   1360
  1711   1714   4710  3   1362
  4710   1714   4711  3   1362
  4710   4711   1712  3   1362
  1712   4711   1713  3   1362
  1714   4713   4712  3   1364
  4712   4713   4714  3   1364
  4712   4714   1715  3   1364
  1715   4714   4715  3   1364
  4713   1717   4714  3   1364
  4714   1717   4716  3   1364
  4714   4716   4715  3   1364
  4715   4716   1716  3   1364
  1717   1720   4717  3   1366
  4717   1720   4719  3   1366
  4717   4719   4718  3   1366
  4718   4719   4720  3   1366
  4718   4720   1718  3   1366
  1718   4720   1719  3   1366
  1720   1527   4721  3   1367
  4721   1527   4722  3   1367
  4721   4722   1721  3   1367
  1721   4722   1529  3   1367
  1721   1723   1719  3   1369
  1719   1723   1722  3   1369
  1723   1530   4723  3   1370
  4723   1530   4725  3   1370
  4723   4725   4724  3   1370
  4724   4725   4726  3   1370
  4724   4726   1724  3   1370
  1724   4726   1532  3   1370
  1724   1726   4727  3   1372
  4727   1726   4729  3   1372
  4727   4729   4728  3   1372
  4728   4729   4730  3   1372
  4728   4730   1722  3   1372
  1722   4730   1725  3   1372
  1726   1539   1727  3   1373
  1727   1539   1541  3   1373
  1727   4733   4731  3   1375
  4731   4733   4734  3   1375
  4731   4734   4732  3   1375
  4732   4734   4735  3   1375
  4732   4735   1725  3   1375
  1725   4735   4736  3   1375
  4733   1729   4734  3   1375
  4734   1729   4737  3   1375
  4734   4737   4735  3   1375
  4735   4737   4738  3   1375
  4735   4738   4736  3   1375
  4736   4738   1728  3   1375
  1729   1732   1730  3   1377
  1730   1732   1731  3   1377
  1732   4739   1733  3   1378
  1733   4739   4740  3   1378
  4739   1557   4740  3   1378
  4740   1557   1559  3   1378
  1733   1735   1731  3   1380
  1731   1735   1734  3   1380
  1735   1584   4741  3   1381
  4741   1584   4743  3   1381
  4741   4743   4742  3   1381
  4742   4743   4744  3   1381
  4742   4744   1736  3   1381
  1736   4744   1586  3   1381
  1736   1738   4745  3   1383
  4745   1738   4746  3   1383
  4745   4746   1734  3   1383
  1734   4746   1737  3   1383
  1738   1741   4747  3   1385
  4747   1741   4749  3   1385
  4747   4749   4748  3   1385
  4748   4749   4750  3   1385
  4748   4750   1739  3   1385
  1739   4750   1740  3   1385
  1741   1744   1742  3   1387
  1742   1744   1743  3   1387
  1744   4751   1745  3   1388
  1745   4751   4752  3   1388
  4751   4753   4752  3   1388
  4752   4753   4754  3   1388
  4753   4755   4754  3   1388
  4754   4755   4756  3   1388
  4755   1596   4756  3   1388
  4756   1596   1598  3   1388
  1745   1747   1743  3   1390
  1743   1747   1746  3   1390
  1747   1750   4757  3   1392
  4757   1750   4758  3   1392
  4757   4758   1748  3   1392
  1748   4758   1749  3   1392
  1750   1753   1751  3   1394
  1751   1753   1752  3   1394
  1753   1756   4759  3   1396
  4759   1756   4760  3   1396
  4759   4760   1754  3   1396
  1754   4760   1755  3   1396
  1756   4762   4761  3   1398
  4761   4762   4763  3   1398
  4761   4763   1757  3   1398
  1757   4763   4764  3   1398
  4762   1759   4763  3   1398
  4763   1759   4765  3   1398
  4763   4765   4764  3   1398
  4764   4765   1758  3   1398
  1759   1599   4766  3   1399
  4766   1599   4767  3   1399
  4766   4767   1760  3   1399
  1760   4767   1601  3   1399
  1760   4768   1758  3   1401
  1758   4768   4769  3   1401
  4768   1762   4769  3   1401
  4769   1762   1761  3   1401
  1762   4770   1763  3   1402
  1763   4770   4771  3   1402
  4770   1602   4771  3   1402
  4771   1602   1604  3   1402
  1763   1765   1761  3   1404
  1761   1765   1764  3   1404
  1765   4772   1766  3   1406
  1766   4772   4773  3   1406
  4772   4774   4773  3   1406
  4773   4774   4775  3   1406
  4774   1768   4775  3   1406
  4775   1768   1767  3   1406
  1768   1771   4776  3   1408
  4776   1771   4777  3   1408
  4776   4777   1769  3   1408
  1769   4777   1770  3   1408
  1771   4779   4778  3   1410
  4778   4779   4780  3   1410
  4778   4780   1772  3   1410
  1772   4780   4781  3   1410
  4779   1774   4780  3   1410
  4780   1774   4782  3   1410
  4780   4782   4781  3   1410
  4781   4782   1773  3   1410
  1774   1777   4783  3   1412
  4783   1777   4784  3   1412
  4783   4784   1775  3   1412
  1775   4784   1776  3   1412
  1777   1620   4785  3   1413
  4785   1620   4786  3   1413
  4785   4786   1778  3   1413
  1778   4786   1622  3   1413
  1778   1780   4787  3   1415
  4787   1780   4788  3   1415
  4787   4788   1776  3   1415
  1776   4788   1779  3   1415
  1780   1783   4789  3   1417
  4789   1783   4790  3   1417
  4789   4790   1781  3   1417
  1781   4790   1782  3   1417
  1783   1786   4791  3   1419
  4791   1786   4792  3   1419
  4791   4792   1784  3   1419
  1784   4792   1785  3   1419
  1786   1789   4793  3   1421
  4793   1789   4794  3   1421
  4793   4794   1787  3   1421
  1787   4794   1788  3   1421
  1789   1792   4795  3   1423
  4795   1792   4796  3   1423
  4795   4796   1790  3   1423
  1790   4796   1791  3   1423
  1792   1623   4797  3   1424
  4797   1623   4798  3   1424
  4797   4798   1793  3   1424
  1793   4798   1625  3   1424
  1793   4799   1791  3   1426
  1791   4799   4800  3   1426
  4799   1795   4800  3   1426
  4800   1795   1794  3   1426
  1795   1638   4801  3   1427
  4801   1638   4802  3   1427
  4801   4802   1796  3   1427
  1796   4802   1640  3   1427
  1796   4804   4803  3   1429
  4803   4804   4805  3   1429
  4803   4805   1794  3   1429
  1794   4805   4806  3   1429
  4804   1798   4805  3   1429
  4805   1798   4807  3   1429
  4805   4807   4806  3   1429
  4806   4807   1797  3   1429
  1798   4809   4808  3   1431
  4808   4809   4810  3   1431
  4808   4810   1799  3   1431
  1799   4810   4811  3   1431
  4809   1801   4810  3   1431
  4810   1801   4812  3   1431
  4810   4812   4811  3   1431
  4811   4812   1800  3   1431
  1801   1804   4813  3   1433
  4813   1804   4816  3   1433
  4813   4816   4814  3   1433
  4814   4816   4817  3   1433
  4814   4817   4815  3   1433
  4815   4817   4818  3   1433
  4815   4818   1802  3   1433
  1802   4818   1803  3   1433
  1804   1807   1805  3   1435
  1805   1807   1806  3   1435
  1807   4820   4819  3   1437
  4819   4820   4821  3   1437
  4819   4821   1808  3   1437
  1808   4821   4822  3   1437
  4820   1810   4821  3   1437
  4821   1810   4823  3   1437
  4821   4823   4822  3   1437
  4822   4823   1809  3   1437
  1810   1643   1811  3   1438
  1811   1643   1645  3   1438
  1811   4824   1809  3   1440
  1809   4824   4825  3   1440
  4824   1813   4825  3   1440
  4825   1813   1812  3   1440
  1813   1646   1814  3   1441
  1814   1646   1648  3   1441
  1814   1654   4826  3   1442
  4826   1654   4827  3   1442
  4826   4827   1812  3   1442
  1812   4827   1656  3   1442
  1808   1816   1806  3   1444
  1806   1816   1815  3   1444
  1816   1819   4828  3   1446
  4828   1819   4830  3   1446
  4828   4830   4829  3   1446
  4829   4830   4831  3   1446
  4829   4831   1817  3   1446
  1817   4831   1818  3   1446
  1819   1822   4832  3   1448
  4832   1822   4834  3   1448
  4832   4834   4833  3   1448
  4833   4834   4835  3   1448
  4833   4835   1820  3   1448
  1820   4835   1821  3   1448
  1822   1825   4836  3   1450
  4836   1825   4839  3   1450
  4836   4839   4837  3   1450
  4837   4839   4840  3   1450
  4837   4840   4838  3   1450
  4838   4840   4841  3   1450
  4838   4841   1823  3   1450
  1823   4841   1824  3   1450
  1825   1665   4842  3   1451
  4842   1665   4845  3   1451
  4842   4845   4843  3   1451
  4843   4845   4846  3   1451
  4843   4846   4844  3   1451
  4844   4846   4847  3   1451
  4844   4847   1826  3   1451
  1826   4847   1667  3   1451
  1826   1828   4848  3   1453
  4848   1828   4849  3   1453
  4848   4849   1824  3   1453
  1824   4849   1827  3   1453
  1828   1671   4850  3   1454
  4850   1671   4852  3   1454
  4850   4852   4851  3   1454
  4851   4852   4853  3   1454
  4851   4853   1829  3   1454
  1829   4853   1673  3   1454
  1829   1831   4854  3   1456
  4854   1831   4855  3   1456
  4854   4855   1827  3   1456
  1827   4855   1830  3   1456
  1831   4856   1832  3   1458
  1832   4856   4857  3   1458
  4856   1834   4857  3   1458
  4857   1834   1833  3   1458
  1834   4859   4858  3   1460
  4858   4859   4860  3   1460
  4858   4860   1835  3   1460
  1835   4860   4861  3   1460
  4859   1837   4860  3   1460
  4860   1837   4862  3   1460
  4860   4862   4861  3   1460
  4861   4862   1836  3   1460
  1837   1840   1838  3   1462
  1838   1840   1839  3   1462
  1840   1843   4863  3   1464
  4863   1843   4865  3   1464
  4863   4865   4864  3   1464
  4864   4865   4866  3   1464
  4864   4866   1841  3   1464
  1841   4866   1842  3   1464
  1843   1846   4867  3   1466
  4867   1846   4869  3   1466
  4867   4869   4868  3   1466
  4868   4869   4870  3   1466
  4868   4870   1844  3   1466
  1844   4870   1845  3   1466
  1850   1847   1849  3   1468
  1846   1851   1848  3   1469
  1851   1854   4871  3   1471
  4871   1854   4874  3   1471
  4871   4874   4872  3   1471
  4872   4874   4875  3   1471
  4872   4875   4873  3   1471
  4873   4875   4876  3   1471
  4873   4876   1852  3   1471
  1852   4876   1853  3   1471
  1854   1857   4877  3   1473
  4877   1857   4879  3   1473
  4877   4879   4878  3   1473
  4878   4879   4880  3   1473
  4878   4880   1855  3   1473
  1855   4880   1856  3   1473
  1857   1674   4881  3   1474
  4881   1674   4884  3   1474
  4881   4884   4882  3   1474
  4882   4884   4885  3   1474
  4882   4885   4883  3   1474
  4883   4885   4886  3   1474
  4883   4886   1858  3   1474
  1858   4886   1676  3   1474
  1858   1860   4887  3   1476
  4887   1860   4890  3   1476
  4887   4890   4888  3   1476
  4888   4890   4891  3   1476
  4888   4891   4889  3   1476
  4889   4891   4892  3   1476
  4889   4892   1856  3   1476
  1856   4892   1859  3   1476
  1864   1861   1863  3   1478
  1860   1865   1862  3   1479
  1865   1868   4893  3   1481
  4893   1868   4894  3   1481
  4893   4894   1866  3   1481
  1866   4894   1867  3   1481
  1868   1677   4895  3   1482
  4895   1677   4896  3   1482
  4895   4896   1869  3   1482
  1869   4896   1679  3   1482
  1869   4899   4897  3   1484
  4897   4899   4900  3   1484
  4897   4900   4898  3   1484
  4898   4900   4901  3   1484
  4898   4901   1867  3   1484
  1867   4901   4902  3   1484
  4899   1871   4900  3   1484
  4900   1871   4903  3   1484
  4900   4903   4901  3   1484
  4901   4903   4904  3   1484
  4901   4904   4902  3   1484
  4902   4904   1870  3   1484
  1871   1874   4905  3   1486
  4905   1874   4906  3   1486
  4905   4906   1872  3   1486
  1872   4906   1873  3   1486
  1874   1686   4907  3   1487
  4907   1686   4908  3   1487
  4907   4908   1875  3   1487
  1875   4908   1688  3   1487
  1875   1877   1873  3   1489
  1873   1877   1876  3   1489
  1877   4909   1878  3   1491
  1878   4909   4910  3   1491
  4909   1880   4910  3   1491
  4910   1880   1879  3   1491
  1880   4911   1881  3   1493
  1881   4911   4912  3   1493
  4911   4913   4912  3   1493
  4912   4913   4914  3   1493
  4913   4915   4914  3   1493
  4914   4915   4916  3   1493
  4915   4917   4916  3   1493
  4916   4917   4918  3   1493
  4917   1883   4918  3   1493
  4918   1883   1882  3   1493
  1883   1886   4919  3   1495
  4919   1886   4920  3   1495
  4919   4920   1884  3   1495
  1884   4920   1885  3   1495
  1886   1692   4921  3   1496
  4921   1692   4923  3   1496
  4921   4923   4922  3   1496
  4922   4923   4924  3   1496
  4922   4924   1887  3   1496
  1887   4924   1694  3   1496
  1887   1889   4925  3   1498
  4925   1889   4926  3   1498
  4925   4926   1885  3   1498
  1885   4926   1888  3   1498
  1889   4927   1890  3   1500
  1890   4927   4928  3   1500
  4927   1892   4928  3   1500
  4928   1892   1891  3   1500
  1892   1698   4929  3   1501
  4929   1698   4931  3   1501
  4929   4931   4930  3   1501
  4930   4931   4932  3   1501
  4930   4932   1893  3   1501
  1893   4932   1700  3   1501
  1893   1895   4933  3   1503
  4933   1895   4935  3   1503
  4933   4935   4934  3   1503
  4934   4935   4936  3   1503
  4934   4936   1891  3   1503
  1891   4936   1894  3   1503
  1895   1898   4937  3   1505
  4937   1898   4939  3   1505
  4937   4939   4938  3   1505
  4938   4939   4940  3   1505
  4938   4940   1896  3   1505
  1896   4940   1897  3   1505
  1898   1901   1899  3   1507
  1899   1901   1900  3   1507
  1901   1701   4941  3   1508
  4941   1701   4942  3   1508
  4941   4942   1902  3   1508
  1902   4942   1703  3   1508
  1902   1904   1900  3   1510
  1900   1904   1903  3   1510
  1904   4943   1905  3   1512
  1905   4943   4944  3   1512
  4943   1907   4944  3   1512
  4944   1907   1906  3   1512
  1907   1910   1908  3   1514
  1908   1910   1909  3   1514
  1910   4945   1911  3   1516
  1911   4945   4946  3   1516
  4945   4947   4946  3   1516
  4946   4947   4948  3   1516
  4947   4949   4948  3   1516
  4948   4949   4950  3   1516
  4949   1913   4950  3   1516
  4950   1913   1912  3   1516
  1913   4951   1914  3   1517
  1914   4951   4952  3   1517
  4951   1704   4952  3   1517
  4952   1704   1706  3   1517
  1914   1710   1912  3   1518
  1912   1710   1712  3   1518
  1911   4953   1909  3   1520
  1909   4953   4954  3   1520
  4953   4955   4954  3   1520
  4954   4955   4956  3   1520
  4955   4957   4956  3   1520
  4956   4957   4958  3   1520
  4957   1916   4958  3   1520
  4958   1916   1915  3   1520
  1916   1919   4959  3   1522
  4959   1919   4960  3   1522
  4959   4960   1917  3   1522
  1917   4960   1918  3   1522
  1919   1922   4961  3   1524
  4961   1922   4962  3   1524
  4961   4962   1920  3   1524
  1920   4962   1921  3   1524
  1922   4963   1923  3   1525
  1923   4963   4964  3   1525
  4963   4965   4964  3   1525
  4964   4965   4966  3   1525
  4965   4967   4966  3   1525
  4966   4967   4968  3   1525
  4967   1713   4968  3   1525
  4968   1713   1715  3   1525
  1923   4971   4969  3   1526
  4969   4971   4972  3   1526
  4969   4972   4970  3   1526
  4970   4972   4973  3   1526
  4970   4973   1921  3   1526
  1921   4973   4974  3   1526
  4971   1716   4972  3   1526
  4972   1716   4975  3   1526
  4972   4975   4973  3   1526
  4973   4975   4976  3   1526
  4973   4976   4974  3   1526
  4974   4976   1718  3   1526
  1920   1925   4977  3   1528
  4977   1925   4978  3   1528
  4977   4978   1918  3   1528
  1918   4978   1924  3   1528
  1925   1740   4979  3   1529
  4979   1740   4980  3   1529
  4979   4980   1926  3   1529
  1926   4980   1742  3   1529
  1926   1746   1924  3   1530
  1924   1746   1748  3   1530
  1917   1928   4981  3   1532
  4981   1928   4982  3   1532
  4981   4982   1915  3   1532
  1915   4982   1927  3   1532
  1928   1749   1929  3   1533
  1929   1749   1751  3   1533
  1929   1931   4983  3   1535
  4983   1931   4985  3   1535
  4983   4985   4984  3   1535
  4984   4985   4986  3   1535
  4984   4986   1927  3   1535
  1927   4986   1930  3   1535
  1931   1934   1932  3   1537
  1932   1934   1933  3   1537
  1934   1752   1935  3   1538
  1935   1752   1754  3   1538
  1935   1937   1933  3   1540
  1933   1937   1936  3   1540
  1937   1940   4987  3   1542
  4987   1940   4989  3   1542
  4987   4989   4988  3   1542
  4988   4989   4990  3   1542
  4988   4990   1938  3   1542
  1938   4990   1939  3   1542
  1940   1767   4991  3   1543
  4991   1767   4993  3   1543
  4991   4993   4992  3   1543
  4992   4993   4994  3   1543
  4992   4994   1941  3   1543
  1941   4994   1769  3   1543
  1941   4995   1939  3   1545
  1939   4995   4996  3   1545
  4995   4997   4996  3   1545
  4996   4997   4998  3   1545
  4997   1943   4998  3   1545
  4998   1943   1942  3   1545
  1943   1946   4999  3   1547
  4999   1946   5000  3   1547
  4999   5000   1944  3   1547
  1944   5000   1945  3   1547
  1946   1779   5001  3   1548
  5001   1779   5002  3   1548
  5001   5002   1947  3   1548
  1947   5002   1781  3   1548
  1947   1782   1945  3   1549
  1945   1782   1784  3   1549
  1944   1949   5003  3   1551
  5003   1949   5004  3   1551
  5003   5004   1942  3   1551
  1942   5004   1948  3   1551
  1949   5005   1950  3   1553
  1950   5005   5006  3   1553
  5005   1952   5006  3   1553
  5006   1952   1951  3   1553
  1952   1955   1953  3   1555
  1953   1955   1954  3   1555
  1955   1785   1956  3   1556
  1956   1785   1787  3   1556
  1956   1788   1954  3   1557
  1954   1788   1790  3   1557
  1953   1958   1951  3   1559
  1951   1958   1957  3   1559
  1958   1961   5007  3   1561
  5007   1961   5008  3   1561
  5007   5008   1959  3   1561
  1959   5008   1960  3   1561
  1961   5009   1962  3   1563
  1962   5009   5010  3   1563
  5009   1964   5010  3   1563
  5010   1964   1963  3   1563
  1964   1797   5011  3   1564
  5011   1797   5012  3   1564
  5011   5012   1965  3   1564
  1965   5012   1799  3   1564
  1965   1967   5013  3   1566
  5013   1967   5014  3   1566
  5013   5014   1963  3   1566
  1963   5014   1966  3   1566
  1967   1970   5015  3   1568
  5015   1970   5016  3   1568
  5015   5016   1968  3   1568
  1968   5016   1969  3   1568
  1970   1973   5017  3   1570
  5017   1973   5018  3   1570
  5017   5018   1971  3   1570
  1971   5018   1972  3   1570
  1973   1976   5019  3   1572
  5019   1976   5020  3   1572
  5019   5020   1974  3   1572
  1974   5020   1975  3   1572
  1976   1800   5021  3   1573
  5021   1800   5022  3   1573
  5021   5022   1977  3   1573
  1977   5022   1802  3   1573
  1977   5023   1975  3   1574
  1975   5023   5024  3   1574
  5023   5025   5024  3   1574
  5024   5025   5026  3   1574
  5025   1818   5026  3   1574
  5026   1818   1820  3   1574
  1974   1979   1972  3   1576
  1972   1979   1978  3   1576
  1979   1982   1980  3   1578
  1980   1982   1981  3   1578
  1982   5027   1983  3   1580
  1983   5027   5028  3   1580
  5027   1985   5028  3   1580
  5028   1985   1984  3   1580
  1985   1988   5029  3   1582
  5029   1988   5030  3   1582
  5029   5030   1986  3   1582
  1986   5030   1987  3   1582
  1988   5031   1989  3   1584
  1989   5031   5032  3   1584
  5031   1991   5032  3   1584
  5032   1991   1990  3   1584
  1991   5034   5033  3   1586
  5033   5034   5035  3   1586
  5033   5035   1992  3   1586
  1992   5035   5036  3   1586
  5034   5037   5035  3   1586
  5035   5037   5038  3   1586
  5035   5038   5036  3   1586
  5036   5038   5039  3   1586
  5037   5040   5038  3   1586
  5038   5040   5041  3   1586
  5038   5041   5039  3   1586
  5039   5041   5042  3   1586
  5040   1994   5041  3   1586
  5041   1994   5043  3   1586
  5041   5043   5042  3   1586
  5042   5043   1993  3   1586
  1994   1997   5044  3   1588
  5044   1997   5045  3   1588
  5044   5045   1995  3   1588
  1995   5045   1996  3   1588
  1997   1821   1998  3   1589
  1998   1821   1823  3   1589
  1998   1830   1996  3   1590
  1996   1830   1832  3   1590
  1995   1833   1993  3   1591
  1993   1833   1835  3   1591
  1992   2000   5046  3   1593
  5046   2000   5047  3   1593
  5046   5047   1990  3   1593
  1990   5047   1999  3   1593
  2000   5049   5048  3   1595
  5048   5049   5050  3   1595
  5048   5050   2001  3   1595
  2001   5050   5051  3   1595
  5049   2003   5050  3   1595
  5050   2003   5052  3   1595
  5050   5052   5051  3   1595
  5051   5052   2002  3   1595
  2003   2006   5053  3   1597
  5053   2006   5056  3   1597
  5053   5056   5054  3   1597
  5054   5056   5057  3   1597
  5054   5057   5055  3   1597
  5055   5057   5058  3   1597
  5055   5058   2004  3   1597
  2004   5058   2005  3   1597
  2006   1836   2007  3   1598
  2007   1836   1838  3   1598
  2007   1839   5059  3   1599
  5059   1839   5061  3   1599
  5059   5061   5060  3   1599
  5060   5061   5062  3   1599
  5060   5062   2005  3   1599
  2005   5062   1841  3   1599
  2004   2009   5063  3   1601
  5063   2009   5064  3   1601
  5063   5064   2002  3   1601
  2002   5064   2008  3   1601
  2009   5065   2010  3   1603
  2010   5065   5066  3   1603
  5065   2012   5066  3   1603
  5066   2012   2011  3   1603
  2012   2015   5067  3   1605
  5067   2015   5068  3   1605
  5067   5068   2013  3   1605
  2013   5068   2014  3   1605
  2015   1842   2016  3   1606
  2016   1842   1844  3   1606
  2016   1845   5069  3   1607
  5069   1845   5070  3   1607
  5069   5070   2014  3   1607
  2014   5070   1847  3   1607
  2013   5072   5071  3   1609
  5071   5072   5073  3   1609
  5071   5073   2011  3   1609
  2011   5073   5074  3   1609
  5072   5075   5073  3   1609
  5073   5075   5076  3   1609
  5073   5076   5074  3   1609
  5074   5076   5077  3   1609
  5075   2018   5076  3   1609
  5076   2018   5078  3   1609
  5076   5078   5077  3   1609
  5077   5078   2017  3   1609
  2018   2021   5079  3   1611
  5079   2021   5080  3   1611
  5079   5080   2019  3   1611
  2019   5080   2020  3   1611
  2021   5081   2022  3   1613
  2022   5081   5082  3   1613
  5081   5083   5082  3   1613
  5082   5083   5084  3   1613
  5083   5085   5084  3   1613
  5084   5085   5086  3   1613
  5085   2024   5086  3   1613
  5086   2024   2023  3   1613
  2024   5088   5087  3   1615
  5087   5088   5089  3   1615
  5087   5089   2025  3   1615
  2025   5089   5090  3   1615
  5088   2027   5089  3   1615
  5089   2027   5091  3   1615
  5089   5091   5090  3   1615
  5090   5091   2026  3   1615
  2027   1850   2028  3   1616
  2028   1850   1852  3   1616
  2028   5092   2026  3   1618
  2026   5092   5093  3   1618
  5092   2030   5093  3   1618
  5093   2030   2029  3   1618
  2030   1853   2031  3   1619
  2031   1853   1855  3   1619
  2031   1859   5094  3   1620
  5094   1859   5095  3   1620
  5094   5095   2029  3   1620
  2029   5095   1861  3   1620
  2025   5096   2023  3   1622
  2023   5096   5097  3   1622
  5096   5098   5097  3   1622
  5097   5098   5099  3   1622
  5098   5100   5099  3   1622
  5099   5100   5101  3   1622
  5100   2033   5101  3   1622
  5101   2033   2032  3   1622
  2033   2036   5102  3   1624
  5102   2036   5104  3   1624
  5102   5104   5103  3   1624
  5103   5104   5105  3   1624
  5103   5105   2034  3   1624
  2034   5105   2035  3   1624
  2036   2039   5106  3   1626
  5106   2039   5108  3   1626
  5106   5108   5107  3   1626
  5107   5108   5109  3   1626
  5107   5109   2037  3   1626
  2037   5109   2038  3   1626
  2039   5112   5110  3   1627
  5110   5112   5113  3   1627
  5110   5113   5111  3   1627
  5111   5113   5114  3   1627
  5111   5114   2040  3   1627
  2040   5114   5115  3   1627
  5112   1864   5113  3   1627
  5113   1864   5116  3   1627
  5113   5116   5114  3   1627
  5114   5116   5117  3   1627
  5114   5117   5115  3   1627
  5115   5117   1866  3   1627
  2040   5118   2038  3   1628
  2038   5118   5119  3   1628
  5118   2035   5119  3   1628
  5119   2035   2037  3   1628
  2034   2042   5120  3   1630
  5120   2042   5122  3   1630
  5120   5122   5121  3   1630
  5121   5122   5123  3   1630
  5121   5123   2032  3   1630
  2032   5123   2041  3   1630
  2042   5124   2043  3   1632
  2043   5124   5125  3   1632
  5124   5126   5125  3   1632
  5125   5126   5127  3   1632
  5126   5128   5127  3   1632
  5127   5128   5129  3   1632
  5128   2045   5129  3   1632
  5129   2045   2044  3   1632
  2045   2048   5130  3   1634
  5130   2048   5131  3   1634
  5130   5131   2046  3   1634
  2046   5131   2047  3   1634
  2048   5132   2049  3   1635
  2049   5132   5133  3   1635
  5132   5134   5133  3   1635
  5133   5134   5135  3   1635
  5134   5136   5135  3   1635
  5135   5136   5137  3   1635
  5136   5138   5137  3   1635
  5137   5138   5139  3   1635
  5138   1879   5139  3   1635
  5139   1879   1881  3   1635
  2049   2051   2047  3   1637
  2047   2051   2050  3   1637
  2051   5140   2052  3   1639
  2052   5140   5141  3   1639
  5140   2054   5141  3   1639
  5141   2054   2053  3   1639
  2054   1882   2055  3   1640
  2055   1882   1884  3   1640
  2055   2057   2053  3   1642
  2053   2057   2056  3   1642
  2057   2060   2058  3   1644
  2058   2060   2059  3   1644
  2060   2063   5142  3   1646
  5142   2063   5143  3   1646
  5142   5143   2061  3   1646
  2061   5143   2062  3   1646
  2063   1888   5144  3   1647
  5144   1888   5146  3   1647
  5144   5146   5145  3   1647
  5145   5146   5147  3   1647
  5145   5147   2064  3   1647
  2064   5147   1890  3   1647
  2064   2066   5148  3   1649
  5148   2066   5150  3   1649
  5148   5150   5149  3   1649
  5149   5150   5151  3   1649
  5149   5151   2062  3   1649
  2062   5151   2065  3   1649
  2066   2069   5152  3   1651
  5152   2069   5153  3   1651
  5152   5153   2067  3   1651
  2067   5153   2068  3   1651
  2069   5154   2070  3   1652
  2070   5154   5155  3   1652
  5154   5156   5155  3   1652
  5155   5156   5157  3   1652
  5156   5158   5157  3   1652
  5157   5158   5159  3   1652
  5158   1894   5159  3   1652
  5159   1894   1896  3   1652
  2070   2072   5160  3   1654
  5160   2072   5161  3   1654
  5160   5161   2068  3   1654
  2068   5161   2071  3   1654
  2072   2075   5162  3   1656
  5162   2075   5163  3   1656
  5162   5163   2073  3   1656
  2073   5163   2074  3   1656
  2075   2078   5164  3   1658
  5164   2078   5166  3   1658
  5164   5166   5165  3   1658
  5165   5166   5167  3   1658
  5165   5167   2076  3   1658
  2076   5167   2077  3   1658
  2078   5170   5168  3   1660
  5168   5170   5171  3   1660
  5168   5171   5169  3   1660
  5169   5171   5172  3   1660
  5169   5172   2079  3   1660
  2079   5172   5173  3   1660
  5170   2081   5171  3   1660
  5171   2081   5174  3   1660
  5171   5174   5172  3   1660
  5172   5174   5175  3   1660
  5172   5175   5173  3   1660
  5173   5175   2080  3   1660
  2081   1897   5176  3   1661
  5176   1897   5178  3   1661
  5176   5178   5177  3   1661
  5177   5178   5179  3   1661
  5177   5179   2082  3   1661
  2082   5179   1899  3   1661
  2082   2084   2080  3   1663
  2080   2084   2083  3   1663
  2084   2087   5180  3   1665
  5180   2087   5181  3   1665
  5180   5181   2085  3   1665
  2085   5181   2086  3   1665
  2087   1903   2088  3   1666
  2088   1903   1905  3   1666
  2088   2090   5182  3   1668
  5182   2090   5183  3   1668
  5182   5183   2086  3   1668
  2086   5183   2089  3   1668
  2090   2093   5184  3   1670
  5184   2093   5185  3   1670
  5184   5185   2091  3   1670
  2091   5185   2092  3   1670
  2093   2096   5186  3   1672
  5186   2096   5188  3   1672
  5186   5188   5187  3   1672
  5187   5188   5189  3   1672
  5187   5189   2094  3   1672
  2094   5189   2095  3   1672
  2096   2099   5190  3   1674
  5190   2099   5191  3   1674
  5190   5191   2097  3   1674
  2097   5191   2098  3   1674
  2099   2102   5192  3   1676
  5192   2102   5194  3   1676
  5192   5194   5193  3   1676
  5193   5194   5195  3   1676
  5193   5195   2100  3   1676
  2100   5195   2101  3   1676
  2102   5197   5196  3   1677
  5196   5197   5198  3   1677
  5196   5198   2103  3   1677
  2103   5198   5199  3   1677
  5197   1906   5198  3   1677
  5198   1906   5200  3   1677
  5198   5200   5199  3   1677
  5199   5200   1908  3   1677
  2103   1930   5201  3   1678
  5201   1930   5203  3   1678
  5201   5203   5202  3   1678
  5202   5203   5204  3   1678
  5202   5204   2101  3   1678
  2101   5204   1932  3   1678
  2100   2105   5205  3   1680
  5205   2105   5207  3   1680
  5205   5207   5206  3   1680
  5206   5207   5208  3   1680
  5206   5208   2098  3   1680
  2098   5208   2104  3   1680
  2105   1936   5209  3   1681
  5209   1936   5211  3   1681
  5209   5211   5210  3   1681
  5210   5211   5212  3   1681
  5210   5212   2106  3   1681
  2106   5212   1938  3   1681
  2106   2095   2104  3   1682
  2104   2095   2097  3   1682
  2094   2108   2092  3   1684
  2092   2108   2107  3   1684
  2108   2111   5213  3   1686
  5213   2111   5214  3   1686
  5213   5214   2109  3   1686
  2109   5214   2110  3   1686
  2111   2114   2112  3   1688
  2112   2114   2113  3   1688
  2114   1948   5215  3   1689
  5215   1948   5216  3   1689
  5215   5216   2115  3   1689
  2115   5216   1950  3   1689
  2115   2117   2113  3   1691
  2113   2117   2116  3   1691
  2117   2120   2118  3   1693
  2118   2120   2119  3   1693
  2120   2123   5217  3   1695
  5217   2123   5219  3   1695
  5217   5219   5218  3   1695
  5218   5219   5220  3   1695
  5218   5220   2121  3   1695
  2121   5220   2122  3   1695
  2123   1957   5221  3   1696
  5221   1957   5222  3   1696
  5221   5222   2124  3   1696
  2124   5222   1959  3   1696
  2124   5223   2122  3   1698
  2122   5223   5224  3   1698
  5223   5225   5224  3   1698
  5224   5225   5226  3   1698
  5225   2126   5226  3   1698
  5226   2126   2125  3   1698
  2126   2129   5227  3   1700
  5227   2129   5228  3   1700
  5227   5228   2127  3   1700
  2127   5228   2128  3   1700
  2129   1969   5229  3   1701
  5229   1969   5230  3   1701
  5229   5230   2130  3   1701
  2130   5230   1971  3   1701
  2130   1978   2128  3   1702
  2128   1978   1980  3   1702
  2127   2132   5231  3   1704
  5231   2132   5232  3   1704
  5231   5232   2125  3   1704
  2125   5232   2131  3   1704
  2132   5233   2133  3   1705
  2133   5233   5234  3   1705
  5233   1981   5234  3   1705
  5234   1981   1983  3   1705
  2133   2135   5235  3   1707
  5235   2135   5236  3   1707
  5235   5236   2131  3   1707
  2131   5236   2134  3   1707
  2135   2138   2136  3   1709
  2136   2138   2137  3   1709
  2138   2141   2139  3   1711
  2139   2141   2140  3   1711
  2141   5238   5237  3   1712
  5237   5238   5239  3   1712
  5237   5239   2142  3   1712
  2142   5239   5240  3   1712
  5238   1984   5239  3   1712
  5239   1984   5241  3   1712
  5239   5241   5240  3   1712
  5240   5241   1986  3   1712
  2142   2144   5242  3   1714
  5242   2144   5243  3   1714
  5242   5243   2140  3   1714
  2140   5243   2143  3   1714
  2144   2147   5244  3   1716
  5244   2147   5246  3   1716
  5244   5246   5245  3   1716
  5245   5246   5247  3   1716
  5245   5247   2145  3   1716
  2145   5247   2146  3   1716
  2147   2150   5248  3   1718
  5248   2150   5250  3   1718
  5248   5250   5249  3   1718
  5249   5250   5251  3   1718
  5249   5251   2148  3   1718
  2148   5251   2149  3   1718
  2150   5252   2151  3   1720
  2151   5252   5253  3   1720
  5252   5254   5253  3   1720
  5253   5254   5255  3   1720
  5254   5256   5255  3   1720
  5255   5256   5257  3   1720
  5256   2153   5257  3   1720
  5257   2153   2152  3   1720
  2153   1987   5258  3   1721
  5258   1987   5260  3   1721
  5258   5260   5259  3   1721
  5259   5260   5261  3   1721
  5259   5261   2154  3   1721
  2154   5261   1989  3   1721
  2154   2156   5262  3   1723
  5262   2156   5264  3   1723
  5262   5264   5263  3   1723
  5263   5264   5265  3   1723
  5263   5265   2152  3   1723
  2152   5265   2155  3   1723
  2156   1999   5266  3   1724
  5266   1999   5267  3   1724
  5266   5267   2157  3   1724
  2157   5267   2001  3   1724
  2157   2159   5268  3   1726
  5268   2159   5269  3   1726
  5268   5269   2155  3   1726
  2155   5269   2158  3   1726
  2159   2162   5270  3   1728
  5270   2162   5271  3   1728
  5270   5271   2160  3   1728
  2160   5271   2161  3   1728
  2162   2165   5272  3   1730
  5272   2165   5273  3   1730
  5272   5273   2163  3   1730
  2163   5273   2164  3   1730
  2165   2168   5274  3   1732
  5274   2168   5275  3   1732
  5274   5275   2166  3   1732
  2166   5275   2167  3   1732
  2168   2008   5276  3   1733
  5276   2008   5277  3   1733
  5276   5277   2169  3   1733
  2169   5277   2010  3   1733
  2169   5278   2167  3   1735
  2167   5278   5279  3   1735
  5278   2171   5279  3   1735
  5279   2171   2170  3   1735
  2171   2174   2172  3   1737
  2172   2174   2173  3   1737
  2174   5280   2175  3   1739
  2175   5280   5281  3   1739
  5280   5282   5281  3   1739
  5281   5282   5283  3   1739
  5282   5284   5283  3   1739
  5283   5284   5285  3   1739
  5284   2177   5285  3   1739
  5285   2177   2176  3   1739
  2177   2180   2178  3   1741
  2178   2180   2179  3   1741
  2180   2183   5286  3   1743
  5286   2183   5288  3   1743
  5286   5288   5287  3   1743
  5287   5288   5289  3   1743
  5287   5289   2181  3   1743
  2181   5289   2182  3   1743
  2183   2186   5290  3   1745
  5290   2186   5291  3   1745
  5290   5291   2184  3   1745
  2184   5291   2185  3   1745
  2186   5292   2187  3   1746
  2187   5292   5293  3   1746
  5292   5294   5293  3   1746
  5293   5294   5295  3   1746
  5294   5296   5295  3   1746
  5295   5296   5297  3   1746
  5296   2017   5297  3   1746
  5297   2017   2019  3   1746
  2187   2020   5298  3   1747
  5298   2020   5299  3   1747
  5298   5299   2185  3   1747
  2185   5299   2022  3   1747
  2184   5302   5300  3   1748
  5300   5302   5303  3   1748
  5300   5303   5301  3   1748
  5301   5303   5304  3   1748
  5301   5304   2182  3   1748
  2182   5304   5305  3   1748
  5302   2041   5303  3   1748
  5303   2041   5306  3   1748
  5303   5306   5304  3   1748
  5304   5306   5307  3   1748
  5304   5307   5305  3   1748
  5305   5307   2043  3   1748
  2181   2189   5308  3   1750
  5308   2189   5309  3   1750
  5308   5309   2179  3   1750
  2179   5309   2188  3   1750
  2189   5310   2190  3   1752
  2190   5310   5311  3   1752
  5310   2192   5311  3   1752
  5311   2192   2191  3   1752
  2192   2044   2193  3   1753
  2193   2044   2046  3   1753
  2193   2195   2191  3   1755
  2191   2195   2194  3   1755
  2195   2198   5312  3   1757
  5312   2198   5313  3   1757
  5312   5313   2196  3   1757
  2196   5313   2197  3   1757
  2198   5314   2199  3   1758
  2199   5314   5315  3   1758
  5314   5316   5315  3   1758
  5315   5316   5317  3   1758
  5316   2059   5317  3   1758
  5317   2059   2061  3   1758
  2199   2201   5318  3   1760
  5318   2201   5319  3   1760
  5318   5319   2197  3   1760
  2197   5319   2200  3   1760
  2201   2204   5320  3   1762
  5320   2204   5321  3   1762
  5320   5321   2202  3   1762
  2202   5321   2203  3   1762
  2204   2149   5322  3   1763
  5322   2149   5324  3   1763
  5322   5324   5323  3   1763
  5323   5324   5325  3   1763
  5323   5325   2205  3   1763
  2205   5325   2151  3   1763
  2205   2207   5326  3   1765
  5326   2207   5327  3   1765
  5326   5327   2203  3   1765
  2203   5327   2206  3   1765
  2207   2210   5328  3   1767
  5328   2210   5329  3   1767
  5328   5329   2208  3   1767
  2208   5329   2209  3   1767
  2210   2213   5330  3   1769
  5330   2213   5331  3   1769
  5330   5331   2211  3   1769
  2211   5331   2212  3   1769
  2213   2216   5332  3   1771
  5332   2216   5333  3   1771
  5332   5333   2214  3   1771
  2214   5333   2215  3   1771
  2216   2219   5334  3   1773
  5334   2219   5335  3   1773
  5334   5335   2217  3   1773
  2217   5335   2218  3   1773
  2219   2158   5336  3   1774
  5336   2158   5337  3   1774
  5336   5337   2220  3   1774
  2220   5337   2160  3   1774
  2220   2161   2218  3   1775
  2218   2161   2163  3   1775
  2217   5338   2215  3   1776
  2215   5338   5339  3   1776
  5338   2173   5339  3   1776
  5339   2173   2175  3   1776
  2214   5340   2212  3   1778
  2212   5340   5341  3   1778
  5340   2222   5341  3   1778
  5341   2222   2221  3   1778
  2222   5342   2223  3   1779
  2223   5342   5343  3   1779
  5342   2176   5343  3   1779
  5343   2176   2178  3   1779
  2223   5344   2221  3   1780
  2221   5344   5345  3   1780
  5344   2188   5345  3   1780
  5345   2188   2190  3   1780
  2211   5346   2209  3   1781
  2209   5346   5347  3   1781
  5346   2194   5347  3   1781
  5347   2194   2196  3   1781
  2208   2200   2206  3   1782
  2206   2200   2202  3   1782
  2172   2164   2170  3   1783
  2170   2164   2166  3   1783
  2148   2225   5348  3   1785
  5348   2225   5350  3   1785
  5348   5350   5349  3   1785
  5349   5350   5351  3   1785
  5349   5351   2146  3   1785
  2146   5351   2224  3   1785
  2225   2065   5352  3   1786
  5352   2065   5354  3   1786
  5352   5354   5353  3   1786
  5353   5354   5355  3   1786
  5353   5355   2226  3   1786
  2226   5355   2067  3   1786
  2226   5356   2224  3   1788
  2224   5356   5357  3   1788
  5356   2228   5357  3   1788
  5357   2228   2227  3   1788
  2228   2231   5358  3   1790
  5358   2231   5359  3   1790
  5358   5359   2229  3   1790
  2229   5359   2230  3   1790
  2231   2071   2232  3   1791
  2232   2071   2073  3   1791
  2232   2074   2230  3   1792
  2230   2074   2076  3   1792
  2229   2134   2227  3   1793
  2227   2134   2136  3   1793
  2145   2137   2143  3   1794
  2143   2137   2139  3   1794
  2121   2234   5360  3   1796
  5360   2234   5362  3   1796
  5360   5362   5361  3   1796
  5361   5362   5363  3   1796
  5361   5363   2119  3   1796
  2119   5363   2233  3   1796
  2234   2077   5364  3   1797
  5364   2077   5366  3   1797
  5364   5366   5365  3   1797
  5365   5366   5367  3   1797
  5365   5367   2235  3   1797
  2235   5367   2079  3   1797
  2235   2116   2233  3   1798
  2233   2116   2118  3   1798
  2112   5368   2110  3   1799
  2110   5368   5369  3   1799
  5368   5370   5369  3   1799
  5369   5370   5371  3   1799
  5370   2083   5371  3   1799
  5371   2083   2085  3   1799
  2109   2089   2107  3   1800
  2107   2089   2091  3   1800
  2058   5372   2056  3   1801
  2056   5372   5373  3   1801
  5372   2050   5373  3   1801
  5373   2050   2052  3   1801
  1968   5375   5374  3   1802
  5374   5375   5376  3   1802
  5374   5376   1966  3   1802
  1966   5376   5377  3   1802
  5375   1960   5376  3   1802
  5376   1960   5378  3   1802
  5376   5378   5377  3   1802
  5377   5378   1962  3   1802
  1878   1870   1876  3   1803
  1876   1870   1872  3   1803
  1817   1803   5379  3   1804
  5379   1803   5381  3   1804
  5379   5381   5380  3   1804
  5380   5381   5382  3   1804
  5380   5382   1815  3   1804
  1815   5382   1805  3   1804
  1775   5384   5383  3   1805
  5383   5384   5385  3   1805
  5383   5385   1773  3   1805
  1773   5385   5386  3   1805
  5384   1770   5385  3   1805
  5385   1770   5387  3   1805
  5385   5387   5386  3   1805
  5386   5387   1772  3   1805
  1766   5388   1764  3   1806
  1764   5388   5389  3   1806
  5388   1755   5389  3   1806
  5389   1755   1757  3   1806
  1739   1728   5390  3   1807
  5390   1728   5393  3   1807
  5390   5393   5391  3   1807
  5391   5393   5394  3   1807
  5391   5394   5392  3   1807
  5392   5394   5395  3   1807
  5392   5395   1737  3   1807
  1737   5395   1730  3   1807
  1637   1626   5396  3   1808
  5396   1626   5398  3   1808
  5396   5398   5397  3   1808
  5397   5398   5399  3   1808
  5397   5399   1635  3   1808
  1635   5399   1628  3   1808
  1619   5400   1617  3   1809
  1617   5400   5401  3   1809
  5400   1605   5401  3   1809
  5401   1605   1607  3   1809
  1595   5403   5402  3   1810
  5402   5403   5404  3   1810
  5402   5404   1593  3   1810
  1593   5404   5405  3   1810
  5403   1587   5404  3   1810
  5404   1587   5406  3   1810
  5404   5406   5405  3   1810
  5405   5406   1589  3   1810
  1583   5407   1581  3   1811
  1581   5407   5408  3   1811
  5407   1560   5408  3   1811
  5408   1560   1562  3   1811
  1580   1572   1578  3   1812
  1578   1572   1574  3   1812
  1571   1563   1569  3   1813
  1569   1563   1565  3   1813
  1556   5409   1554  3   1814
  1554   5409   5410  3   1814
  5409   5411   5410  3   1814
  5410   5411   5412  3   1814
  5411   1542   5412  3   1814
  5412   1542   1544  3   1814
  1553   1545   1551  3   1815
  1551   1545   1547  3   1815
  1526   1518   1524  3   1816
  1524   1518   1520  3   1816
  1416   5414   5413  3   1817
  5413   5414   5415  3   1817
  5413   5415   1414  3   1817
  1414   5415   5416  3   1817
  5414   1405   5415  3   1817
  5415   1405   5417  3   1817
  5415   5417   5416  3   1817
  5416   5417   1407  3   1817
  1401   5418   1399  3   1818
  1399   5418   5419  3   1818
  5418   1390   5419  3   1818
  5419   1390   1392  3   1818
  1368   1360   1366  3   1819
  1366   1360   1362  3   1819
  1324   1313   1322  3   1820
  1322   1313   1315  3   1820
  1279   1268   1277  3   1821
  1277   1268   1270  3   1821
  1253   5420   2238  3   1823
  2238   5420   5421  3   1823
  5421   5420   2237  3   1823
  1255   2239   2236  3   1824
  1140   2240   2242  3   1825
  2239   1138   2241  3   1826
  2240   1247   2238  3   1827
  2238   1247   1249  3   1827
  1246   2244   1244  3   1829
  1244   2244   2243  3   1829
  2244   5422   2245  3   1830
  2245   5422   5423  3   1830
  5422   5424   5423  3   1830
  5423   5424   5425  3   1830
  5424   1144   5425  3   1830
  5425   1144   1146  3   1830
  2245   5426   2243  3   1832
  2243   5426   5427  3   1832
  5426   2247   5427  3   1832
  5427   2247   2246  3   1832
  2247   5431   5428  3   1833
  5428   5431   5432  3   1833
  5428   5432   5429  3   1833
  5429   5432   5433  3   1833
  5429   5433   5430  3   1833
  5430   5433   5434  3   1833
  5430   5434   2248  3   1833
  2248   5434   5435  3   1833
  5431   1153   5432  3   1833
  5432   1153   5436  3   1833
  5432   5436   5433  3   1833
  5433   5436   5437  3   1833
  5433   5437   5434  3   1833
  5434   5437   5438  3   1833
  5434   5438   5435  3   1833
  5435   5438   1155  3   1833
  2248   2250   5439  3   1835
  5439   2250   5441  3   1835
  5439   5441   5440  3   1835
  5440   5441   5442  3   1835
  5440   5442   2246  3   1835
  2246   5442   2249  3   1835
  2250   2253   5443  3   1837
  5443   2253   5444  3   1837
  5443   5444   2251  3   1837
  2251   5444   2252  3   1837
  2253   5445   2254  3   1839
  2254   5445   5446  3   1839
  5445   2256   5446  3   1839
  5446   2256   2255  3   1839
  2256   5448   5447  3   1841
  5447   5448   5449  3   1841
  5447   5449   2257  3   1841
  2257   5449   5450  3   1841
  5448   2259   5449  3   1841
  5449   2259   5451  3   1841
  5449   5451   5450  3   1841
  5450   5451   2258  3   1841
  2259   2262   2260  3   1843
  2260   2262   2261  3   1843
  2262   2265   5452  3   1845
  5452   2265   5454  3   1845
  5452   5454   5453  3   1845
  5453   5454   5455  3   1845
  5453   5455   2263  3   1845
  2263   5455   2264  3   1845
  2265   2268   5456  3   1847
  5456   2268   5459  3   1847
  5456   5459   5457  3   1847
  5457   5459   5460  3   1847
  5457   5460   5458  3   1847
  5458   5460   5461  3   1847
  5458   5461   2266  3   1847
  2266   5461   2267  3   1847
  2268   1169   5462  3   1848
  5462   1169   5465  3   1848
  5462   5465   5463  3   1848
  5463   5465   5466  3   1848
  5463   5466   5464  3   1848
  5464   5466   5467  3   1848
  5464   5467   2269  3   1848
  2269   5467   1171  3   1848
  2269   1172   2267  3   1849
  2267   1172   1174  3   1849
  2266   2271   5468  3   1851
  5468   2271   5469  3   1851
  5468   5469   2264  3   1851
  2264   5469   2270  3   1851
  2271   5471   5470  3   1852
  5470   5471   5472  3   1852
  5470   5472   2272  3   1852
  2272   5472   5473  3   1852
  5471   5474   5472  3   1852
  5472   5474   5475  3   1852
  5472   5475   5473  3   1852
  5473   5475   5476  3   1852
  5474   1184   5475  3   1852
  5475   1184   5477  3   1852
  5475   5477   5476  3   1852
  5476   5477   1186  3   1852
  2272   2274   2270  3   1854
  2270   2274   2273  3   1854
  2274   2277   5478  3   1856
  5478   2277   5481  3   1856
  5478   5481   5479  3   1856
  5479   5481   5482  3   1856
  5479   5482   5480  3   1856
  5480   5482   5483  3   1856
  5480   5483   2275  3   1856
  2275   5483   2276  3   1856
  2277   1199   5484  3   1857
  5484   1199   5485  3   1857
  5484   5485   2278  3   1857
  2278   5485   1201  3   1857
  2278   5487   5486  3   1859
  5486   5487   5488  3   1859
  5486   5488   2276  3   1859
  2276   5488   5489  3   1859
  5487   2280   5488  3   1859
  5488   2280   5490  3   1859
  5488   5490   5489  3   1859
  5489   5490   2279  3   1859
  2280   2283   5491  3   1861
  5491   2283   5492  3   1861
  5491   5492   2281  3   1861
  2281   5492   2282  3   1861
  2283   1208   5493  3   1862
  5493   1208   5494  3   1862
  5493   5494   2284  3   1862
  2284   5494   1210  3   1862
  2284   5495   2282  3   1863
  2282   5495   5496  3   1863
  5495   1211   5496  3   1863
  5496   1211   1213  3   1863
  2281   5498   5497  3   1865
  5497   5498   5499  3   1865
  5497   5499   2279  3   1865
  2279   5499   5500  3   1865
  5498   5501   5499  3   1865
  5499   5501   5502  3   1865
  5499   5502   5500  3   1865
  5500   5502   5503  3   1865
  5501   2286   5502  3   1865
  5502   2286   5504  3   1865
  5502   5504   5503  3   1865
  5503   5504   2285  3   1865
  2286   5505   2287  3   1867
  2287   5505   5506  3   1867
  5505   2289   5506  3   1867
  5506   2289   2288  3   1867
  2289   2292   5507  3   1869
  5507   2292   5508  3   1869
  5507   5508   2290  3   1869
  2290   5508   2291  3   1869
  2292   2295   2293  3   1871
  2293   2295   2294  3   1871
  2295   1217   2296  3   1872
  2296   1217   1219  3   1872
  2296   2298   2294  3   1874
  2294   2298   2297  3   1874
  2298   2301   5509  3   1876
  5509   2301   5510  3   1876
  5509   5510   2299  3   1876
  2299   5510   2300  3   1876
  2301   5512   5511  3   1877
  5511   5512   5513  3   1877
  5511   5513   2302  3   1877
  2302   5513   5514  3   1877
  5512   1220   5513  3   1877
  5513   1220   5515  3   1877
  5513   5515   5514  3   1877
  5514   5515   1222  3   1877
  2302   5517   5516  3   1879
  5516   5517   5518  3   1879
  5516   5518   2300  3   1879
  2300   5518   5519  3   1879
  5517   2304   5518  3   1879
  5518   2304   5520  3   1879
  5518   5520   5519  3   1879
  5519   5520   2303  3   1879
  2304   1226   5521  3   1880
  5521   1226   5522  3   1880
  5521   5522   2305  3   1880
  2305   5522   1228  3   1880
  2305   5523   2303  3   1882
  2303   5523   5524  3   1882
  5523   5525   5524  3   1882
  5524   5525   5526  3   1882
  5525   5527   5526  3   1882
  5526   5527   5528  3   1882
  5527   2307   5528  3   1882
  5528   2307   2306  3   1882
  2307   5529   2308  3   1883
  2308   5529   5530  3   1883
  5529   5531   5530  3   1883
  5530   5531   5532  3   1883
  5531   1232   5532  3   1883
  5532   1232   1234  3   1883
  2308   2310   2306  3   1885
  2306   2310   2309  3   1885
  2310   2313   2311  3   1887
  2311   2313   2312  3   1887
  2313   2316   5533  3   1889
  5533   2316   5534  3   1889
  5533   5534   2314  3   1889
  2314   5534   2315  3   1889
  2316   5535   2317  3   1891
  2317   5535   5536  3   1891
  5535   2319   5536  3   1891
  5536   2319   2318  3   1891
  2319   1235   5537  3   1892
  5537   1235   5538  3   1892
  5537   5538   2320  3   1892
  2320   5538   1237  3   1892
  2320   2322   5539  3   1894
  5539   2322   5540  3   1894
  5539   5540   2318  3   1894
  2318   5540   2321  3   1894
  2322   2249   5541  3   1895
  5541   2249   5542  3   1895
  5541   5542   2323  3   1895
  2323   5542   2251  3   1895
  2323   2315   5543  3   1896
  5543   2315   5544  3   1896
  5543   5544   2321  3   1896
  2321   5544   2317  3   1896
  2314   2325   2312  3   1898
  2312   2325   2324  3   1898
  2325   2252   2326  3   1899
  2326   2252   2254  3   1899
  2326   2328   5545  3   1901
  5545   2328   5546  3   1901
  5545   5546   2324  3   1901
  2324   5546   2327  3   1901
  2328   2255   2329  3   1902
  2329   2255   2257  3   1902
  2329   2331   5547  3   1904
  5547   2331   5548  3   1904
  5547   5548   2327  3   1904
  2327   5548   2330  3   1904
  2331   2285   5549  3   1905
  5549   2285   5550  3   1905
  5549   5550   2332  3   1905
  2332   5550   2287  3   1905
  2332   2334   2330  3   1907
  2330   2334   2333  3   1907
  2334   2288   5551  3   1908
  5551   2288   5552  3   1908
  5551   5552   2335  3   1908
  2335   5552   2290  3   1908
  2335   2309   5553  3   1909
  5553   2309   5554  3   1909
  5553   5554   2333  3   1909
  2333   5554   2311  3   1909
  2299   2291   5555  3   1910
  5555   2291   5556  3   1910
  5555   5556   2297  3   1910
  2297   5556   2293  3   1910
  2275   2337   5557  3   1912
  5557   2337   5560  3   1912
  5557   5560   5558  3   1912
  5558   5560   5561  3   1912
  5558   5561   5559  3   1912
  5559   5561   5562  3   1912
  5559   5562   2273  3   1912
  2273   5562   2336  3   1912
  2337   2258   2338  3   1913
  2338   2258   2260  3   1913
  2338   2261   5563  3   1914
  5563   2261   5565  3   1914
  5563   5565   5564  3   1914
  5564   5565   5566  3   1914
  5564   5566   2336  3   1914
  2336   5566   2263  3   1914
  1192   5567   1190  3   1915
  1190   5567   5568  3   1915
  5567   5569   5568  3   1915
  5568   5569   5570  3   1915
  5569   5571   5570  3   1915
  5570   5571   5572  3   1915
  5571   1187   5572  3   1915
  5572   1187   1189  3   1915
  1183   5573   1181  3   1916
  1181   5573   5574  3   1916
  5573   1175   5574  3   1916
  5574   1175   1177  3   1916
  1166   1156   5575  3   1917
  5575   1156   5576  3   1917
  5575   5576   1164  3   1917
  1164   5576   1158  3   1917
  1125   1117   5577  3   1918
  5577   1117   5578  3   1918
  5577   5578   1123  3   1918
  1123   5578   1119  3   1918
  1014   1006   5579  3   1919
  5579   1006   5580  3   1919
  5579   5580   1012  3   1919
  1012   5580   1008  3   1919
   996    985    994  3   1920
   994    985    987  3   1920
   951    946   5581  3   1921
  5581    946   5584  3   1921
  5581   5584   5582  3   1921
  5582   5584   5585  3   1921
  5582   5585   5583  3   1921
  5583   5585   5586  3   1921
  5583   5586    949  3   1921
   949   5586    948  3   1921
   939    931   5587  3   1922
  5587    931   5588  3   1922
  5587   5588    937  3   1922
   937   5588    933  3   1922
   847    827   5589  3   1923
  5589    827   5591  3   1923
  5589   5591   5590  3   1923
  5590   5591   5592  3   1923
  5590   5592    845  3   1923
   845   5592    829  3   1923
   844    836   5593  3   1924
  5593    836   5594  3   1924
  5593   5594    842  3   1924
   842   5594    838  3   1924
   732   2340    730  3   1926
   730   2340   2339  3   1926
  2340    718   5595  3   1927
  5595    718   5597  3   1927
  5595   5597   5596  3   1927
  5596   5597   5598  3   1927
  5596   5598   2341  3   1927
  2341   5598    720  3   1927
  2341    727   5599  3   1928
  5599    727   5600  3   1928
  5599   5600   2339  3   1928
  2339   5600    729  3   1928
   632    621    630  3   1929
   630    621    623  3   1929
   602    591   5601  3   1930
  5601    591   5603  3   1930
  5601   5603   5602  3   1930
  5602   5603   5604  3   1930
  5602   5604    600  3   1930
   600   5604    593  3   1930
   421   5605    419  3   1931
   419   5605   5606  3   1931
  5605   5607   5606  3   1931
  5606   5607   5608  3   1931
  5607   5609   5608  3   1931
  5608   5609   5610  3   1931
  5609   5611   5610  3   1931
  5610   5611   5612  3   1931
  5611   5613   5612  3   1931
  5612   5613   5614  3   1931
  5613    416   5614  3   1931
  5614    416    418  3   1931
   367    359    365  3   1932
   365    359    361  3   1932
   316   2343   5615  3   1934
  5615   2343   5616  3   1934
  5615   5616    314  3   1934
   314   5616   2342  3   1934
  2343    303   5617  3   1935
  5617    303   5618  3   1935
  5617   5618   2344  3   1935
  2344   5618    305  3   1935
  2344    311   5619  3   1936
  5619    311   5621  3   1936
  5619   5621   5620  3   1936
  5620   5621   5622  3   1936
  5620   5622   2342  3   1936
  2342   5622    313  3   1936
   102   5624   5623  3   1937
  5623   5624   5625  3   1937
  5623   5625    100  3   1937
   100   5625   5626  3   1937
  5624   5627   5625  3   1937
  5625   5627   5628  3   1937
  5625   5628   5626  3   1937
  5626   5628   5629  3   1937
  5627     97   5628  3   1937
  5628     97   5630  3   1937
  5628   5630   5629  3   1937
  5629   5630     99  3   1937
    48   2346   5631  3   1939
  5631   2346   5632  3   1939
  5631   5632     46  3   1939
    46   5632   2345  3   1939
  2346   5633   2347  3   1940
  2347   5633   5634  3   1940
  5633   5635   5634  3   1940
  5634   5635   5636  3   1940
  5635     34   5636  3   1940
  5636     34     36  3   1940
  2347   2349   5637  3   1942
  5637   2349   5638  3   1942
  5637   5638   2345  3   1942
  2345   5638   2348  3   1942
  2349     37   5639  3   1943
  5639     37   5640  3   1943
  5639   5640   2350  3   1943
  2350   5640     39  3   1943
  2350     40   2348  3   1944
  2348     40     42  3   1944
     9   5641      7  3   1945
     7   5641   5642  3   1945
  5641   5643   5642  3   1945
  5642   5643   5644  3   1945
  5643   5645   5644  3   1945
  5644   5645   5646  3   1945
  5645      4   5646  3   1945
  5646      4      6  3   1945
  2351   5647   2353  3   1946
  5647   5648   2353  3   1946
  5648   5649   2353  3   1946
  5649   5650   2353  3   1946
  5650   5651   2353  3   1946
  5651   2351   2353  3   1946
  2352   2354   5652  3   1947
  5652   2354   5653  3   1947
  5653   2354   5654  3   1947
  5654   2354   5655  3   1947
  5655   2354   5656  3   1947
  5656   2354   2352  3   1947
  2379      1   5692  2      1
  2379   5692   2415  2      1
  2379   2415      3  2      1
  2415   5692   2355  2      1
  2415   2355      2  2      1
  2355   5692      1  2      1
     6      4   2360  2      2
  2360      4   2359  2      2
  2360   2359      5  2      2
     9      7   2364  2      4
     9   2364   2365  2      4
  2365   2364      8  2      4
  2433     10   2366  2      6
  2433   2366     12  2      6
    12   2366     11  2      6
    15     13   2367  2      8
  2367     13     14  2      8
    18     16   2374  2     10
    18   2374     17  2     10
    21     19   2375  2     12
  2375     19     20  2     12
  2455     22     23  2     15
  2455     23   2380  2     15
  2455   2380   2456  2     15
  2456   2380   2381  2     15
  2456   2381     24  2     15
    27     25   2387  2     17
    27   2387   2388  2     17
  2388   2387   2386  2     17
  2388   2386     26  2     17
  2495     28   2392  2     19
  2495   2392   5693  2     19
  2495   5693     30  2     19
    30   5693   2393  2     19
  2393   5693     29  2     19
    29   5693   2392  2     19
  2513     31   2394  2     21
  2513   2394   5695  2     21
  2513   5695   2514  2     21
  2514   5695   5694  2     21
  2514   5694   2515  2     21
  2515   5694   2397  2     21
  2515   2397     33  2     21
  2397   5694   2396  2     21
  2396   5694   2395  2     21
  2395   5694   5695  2     21
  2395   5695     32  2     21
    32   5695   2394  2     21
    36     34   2403  2     23
  2403     34   2400  2     23
  2403   2400   2402  2     23
  2402   2400   2399  2     23
  2402   2399   2401  2     23
  2401   2399   2398  2     23
  2401   2398     35  2     23
  5640     37   2406  2     25
  5640   2406     39  2     25
    39   2406   2405  2     25
    39   2405   2407  2     25
  2407   2405   2404  2     25
  2407   2404     38  2     25
    42     40   2409  2     27
  2409     40   2408  2     27
  2409   2408     41  2     27
    45     43   2413  2     29
    45   2413   2414  2     29
  2414   2413     44  2     29
  5631     46     47  2     32
  5631     47     48  2     32
    51     49     50  2     34
    54     52     53  2     36
    57     55     56  2     38
    60     58   2426  2     40
  2426     58     59  2     40
  2543     61   2428  2     42
  2543   2428   2429  2     42
  2543   2429     63  2     42
  2428     61   2427  2     42
  2428   2427     62  2     42
  2435     64   2431  2     44
  2435   2431   5696  2     44
  2435   5696   2434  2     44
  2434   5696     66  2     44
    66   5696   2432  2     44
  2432   5696     65  2     44
    65   5696   2430  2     44
  2430   5696   2431  2     44
  2439     67   2437  2     47
  2439   2437   2438  2     47
  2438   2437   2436  2     47
  2438   2436     69  2     47
    69   2436     68  2     47
    72     70   2441  2     50
    72   2441   2442  2     50
  2442   2441   2440  2     50
  2442   2440     71  2     50
    75     73   2443  2     52
    75   2443   2444  2     52
  2444   2443     74  2     52
  2561     76   2445  2     54
  2561   2445   2446  2     54
  2561   2446     78  2     54
  2446   2445     77  2     54
    81     79   2451  2     56
  2451     79   2450  2     56
  2451   2450     80  2     56
  2454     82   2452  2     58
  2454   2452   2453  2     58
  2453   2452     83  2     58
  2453     83     84  2     58
    87     85     86  2     62
    90     88     89  2     64
  2574     91   2457  2     66
  2574   2457   2458  2     66
  2574   2458   2575  2     66
  2575   2458     93  2     66
  2457     91     92  2     66
  2592     94   2460  2     68
  2592   2460   5697  2     68
  2592   5697   2593  2     68
  2593   5697   5698  2     68
  2593   5698   2594  2     68
  2594   5698     96  2     68
    96   5698   2461  2     68
  2461   5698     95  2     68
    95   5698   2459  2     68
  2459   5698   5697  2     68
  2459   5697   2460  2     68
  5630     97   2462  2     70
  5630   2462     99  2     70
    99   2462   2463  2     70
  2463   2462     98  2     70
  5623    100   2471  2     72
  5623   2471    102  2     72
  2471    100   2470  2     72
  2471   2470    101  2     72
   105    103   2475  2     74
   105   2475   2476  2     74
  2476   2475    104  2     74
   108    106   2479  2     76
  2479    106   2478  2     76
  2478    106   2477  2     76
  2478   2477    107  2     76
  2625    109   2481  2     78
  2625   2481   2480  2     78
  2625   2480    111  2     78
   111   2480    110  2     78
  2630    112    113  2     80
  2630    113   2482  2     80
  2630   2482   2631  2     80
  2631   2482   2483  2     80
  2631   2483    114  2     80
  2497    115   2489  2     82
  2497   2489   5699  2     82
  2497   5699   2496  2     82
  2496   5699    117  2     82
   117   5699   2490  2     82
  2490   5699    116  2     82
   116   5699   2488  2     82
  2488   5699   2489  2     82
  2494    118   2491  2     84
  2494   2491    119  2     84
  2494    119    120  2     84
   123    121   2501  2     88
  2501    121   2499  2     88
  2501   2499   2500  2     88
  2500   2499   2498  2     88
  2500   2498    122  2     88
  5701   5700   5702  2     90
  2648    124   5700  2     90
  2648   5700   2649  2     90
  2649   5700   5701  2     90
  2649   5701   2506  2     90
  2649   2506    126  2     90
  2506   5701   2505  2     90
  2505   5701   2504  2     90
  2504   5701   5702  2     90
  2504   5702   2502  2     90
  2504   2502    125  2     90
  2502   5702   2503  2     90
  2503   5702   5700  2     90
  2503   5700    124  2     90
   129    127   2512  2     92
  2512    127   2509  2     92
  2512   2509   2511  2     92
  2511   2509   2508  2     92
  2511   2508   2510  2     92
  2510   2508   2507  2     92
  2510   2507    128  2     92
   132    130    131  2     95
  2676    133    134  2     97
  2676    134    135  2     97
  2524    136    137  2     99
  2524    137    138  2     99
  2526    139   2525  2    102
  2526   2525    140  2    102
  2526    140    141  2    102
   144    142   2528  2    105
  2528    142   2527  2    105
  2528   2527    143  2    105
  2532    145   2529  2    107
  2532   2529    147  2    107
   147   2529    146  2    107
  2693    148   2533  2    110
  2693   2533    149  2    110
  2693    149    150  2    110
   153    151    152  2    112
   156    154   2540  2    115
  2540    154    155  2    115
   159    157   2541  2    117
   159   2541   2542  2    117
  2542   2541    158  2    117
   162    160    161  2    120
   165    163    164  2    122
   168    166    167  2    124
  2546    169    170  2    127
  2546    170    171  2    127
  2712    172   2549  2    130
  2712   2549   2550  2    130
  2712   2550    174  2    130
  2549    172   2548  2    130
  2548    172   2547  2    130
  2548   2547    173  2    130
   309    175   2553  2    132
   309   2553   5703  2    132
   309   5703   5658  2    132
  5658   5703   2552  2    132
  5658   2552   5705  2    132
  5658   5705   5659  2    132
  5659   5705   5704  2    132
  5659   5704    310  2    132
   310   5704   2554  2    132
   310   2554    177  2    132
  2554   5704    176  2    132
   176   5704   5705  2    132
   176   5705   2551  2    132
  2551   5705   2552  2    132
  2552   5703   2553  2    132
   180    178   2555  2    134
   180   2555    179  2    134
   183    181   2556  2    136
  2556    181    182  2    136
   186    184   2558  2    138
  2558    184   2557  2    138
  2558   2557    185  2    138
   189    187   2559  2    140
   189   2559   2560  2    140
  2560   2559    188  2    140
  2754    190   2564  2    144
  2754   2564   2565  2    144
  2754   2565   2755  2    144
  2755   2565    192  2    144
  2564    190    191  2    144
   195    193   2569  2    146
  2569    193   2567  2    146
  2569   2567   2568  2    146
  2568   2567   2566  2    146
  2568   2566    194  2    146
  2573    196   2571  2    148
  2573   2571   2572  2    148
  2572   2571   2570  2    148
  2572   2570    198  2    148
   198   2570    197  2    148
  2763    199    200  2    152
  2763    200   2580  2    152
  2763   2580    201  2    152
   204    202   2582  2    154
  2582    202   2581  2    154
  2582   2581    203  2    154
  2779    205   2586  2    156
  2779   2586   5706  2    156
  2779   5706    207  2    156
   207   5706   2587  2    156
  2587   5706    206  2    156
   206   5706   2586  2    156
  2595    208   2590  2    158
  2595   2590   2591  2    158
  2595   2591    210  2    158
  2590    208   2588  2    158
  2590   2588   2589  2    158
  2589   2588    209  2    158
   213    211   2599  2    161
   213   2599    212  2    161
   216    214   2602  2    163
  2602    214    215  2    163
   219    217   2606  2    165
   219   2606    218  2    165
  2788    220    221  2    169
  2788    221   2607  2    169
  2788   2607   2789  2    169
  2789   2607   2608  2    169
  2789   2608    222  2    169
  2791    223   5707  2    171
  2791   5707    227  2    171
  2791    227    225  2    171
   227   5707   5657  2    171
  5657   5707   2610  2    171
  5657   2610    226  2    171
   226   2610   2609  2    171
   226   2609    224  2    171
  2610   5707    223  2    171
   230    228   2614  2    173
  2614    228    227  2    173
  2614    227   5708  2    173
  2614   5708   2613  2    173
  2613   5708   2612  2    173
  2612   5708   5657  2    173
  2612   5657    226  2    173
  2612    226   2611  2    173
  2611    226    229  2    173
  5657   5708    227  2    173
  2818    231   2618  2    176
  2818   2618   2617  2    176
  2818   2617   5709  2    176
  2818   5709   2819  2    176
  2819   5709    233  2    176
   233   5709   5710  2    176
   233   5710   2619  2    176
  2619   5710   2615  2    176
  2619   2615    232  2    176
  2615   5710   2616  2    176
  2616   5710   2617  2    176
  2617   5710   5709  2    176
  2626    234   2620  2    178
  2626   2620   2621  2    178
  2626   2621    236  2    178
  2621   2620    235  2    178
  5711   5712   5713  2    181
  2633    237   2627  2    181
  2633   2627   5712  2    181
  2633   5712   2632  2    181
  2632   5712   5711  2    181
  2632   5711   2629  2    181
  2632   2629    239  2    181
  2629   5711   2628  2    181
  2628   5711   5713  2    181
  2628   5713    238  2    181
   238   5713   2627  2    181
  2627   5713   5712  2    181
  2827    240   2635  2    184
  2827   2635   5714  2    184
  2827   5714    242  2    184
   242   5714   2636  2    184
  2636   5714   2634  2    184
  2636   2634    241  2    184
  2634   5714   2635  2    184
  2834    243   2637  2    186
  2834   2637   2835  2    186
  2835   2637    244  2    186
  2835    244    245  2    186
   248    246    247  2    188
   251    249    250  2    190
  2652    252    253  2    193
  2652    253   2651  2    193
  2651    253   2646  2    193
  2651   2646   2650  2    193
  2650   2646   2647  2    193
  2650   2647    254  2    193
  2658    255   2655  2    196
  2658   2655   2657  2    196
  2657   2655   2654  2    196
  2657   2654   2656  2    196
  2656   2654   2653  2    196
  2656   2653    257  2    196
   257   2653    256  2    196
   260    258   2661  2    199
   260   2661   2663  2    199
  2663   2661   2660  2    199
  2663   2660   2662  2    199
  2662   2660   2659  2    199
  2662   2659    259  2    199
  2873    261   2665  2    201
  2873   2665   2874  2    201
  2874   2665   2664  2    201
  2874   2664   2875  2    201
  2875   2664    262  2    201
  2875    262    263  2    201
  2684    264    265  2    203
  2684    265   2670  2    203
  2684   2670   2683  2    203
  2683   2670    266  2    203
   269    267   2671  2    205
   269   2671   2672  2    205
  2672   2671    268  2    205
  2895    270   2686  2    209
  2895   2686   5715  2    209
  2895   5715    272  2    209
   272   5715   2687  2    209
  2687   5715   2685  2    209
  2687   2685    271  2    209
  2685   5715   2686  2    209
   275    273   2691  2    211
   275   2691   2692  2    211
  2692   2691    274  2    211
  2900    276   2694  2    214
  2900   2694    278  2    214
  2694    276    277  2    214
   281    279   2698  2    216
   281   2698    280  2    216
   284    282    283  2    219
  2701    285    286  2    221
  2701    286    287  2    221
   290    288   2702  2    224
   290   2702    289  2    224
   293    291    292  2    226
  2709    294    295  2    228
  2709    295    296  2    228
   299    297   2710  2    231
   299   2710   2711  2    231
  2711   2710    298  2    231
  2962    300   2723  2    234
  2962   2723   2724  2    234
  2962   2724   2963  2    234
  2963   2724   2725  2    234
  2963   2725   2964  2    234
  2964   2725    302  2    234
  2723    300    301  2    234
  5618    303   2728  2    236
  5618   2728   2727  2    236
  5618   2727    305  2    236
   305   2727   2726  2    236
   305   2726   2729  2    236
  2729   2726    304  2    236
  2732    306   5658  2    238
  2732   5658   5659  2    238
  2732   5659   2731  2    238
  2731   5659    310  2    238
  2731    310    308  2    238
  5658    306   2730  2    238
  5658   2730    309  2    238
   309   2730    307  2    238
  5621    311   2734  2    242
  5621   2734   5622  2    242
  5622   2734   2733  2    242
  5622   2733    313  2    242
   313   2733    312  2    242
  5615    314   2735  2    244
  5615   2735    316  2    244
  2735    314    315  2    244
   319    317   2736  2    246
   319   2736   2737  2    246
  2737   2736    318  2    246
  3008    320   2738  2    248
  3008   2738   3009  2    248
  3009   2738    321  2    248
  3009    321   2739  2    248
  3009   2739   3010  2    248
  3010   2739    322  2    248
  2745    323   2743  2    250
  2745   2743   2744  2    250
  2744   2743    324  2    250
  2744    324    325  2    250
  5718   5716   5717  2    253
  2757    326   2747  2    253
  2757   2747   5716  2    253
  2757   5716   5718  2    253
  2757   5718   2756  2    253
  2756   5718    328  2    253
   328   5718   2749  2    253
  2749   5718   5717  2    253
  2749   5717   2748  2    253
  2748   5717   2746  2    253
  2748   2746    327  2    253
  2746   5717   5716  2    253
  2746   5716   2747  2    253
  2753    329   2751  2    255
  2753   2751   5719  2    255
  2753   5719   2752  2    255
  2752   5719    331  2    255
   331   5719    330  2    255
   330   5719   2750  2    255
  2750   5719   2751  2    255
  3026    332   2759  2    259
  3026   2759    334  2    259
   334   2759   2758  2    259
   334   2758    333  2    259
   337    335   2760  2    261
  2760    335    336  2    261
   340    338   2761  2    263
   340   2761    339  2    263
   343    341   2762  2    265
  2762    341    342  2    265
   346    344    345  2    268
  3051    347   2766  2    270
  3051   2766   2767  2    270
  3051   2767   3052  2    270
  3052   2767    349  2    270
  2766    347    348  2    270
   352    350   2771  2    272
  2771    350   2769  2    272
  2771   2769   2770  2    272
  2770   2769   2768  2    272
  2770   2768    351  2    272
  3077    353   2773  2    274
  3077   2773   3078  2    274
  3078   2773   2772  2    274
  3078   2772    355  2    274
   355   2772    354  2    274
   358    356    357  2    276
   361    359    360  2    279
  2780    362   2778  2    281
  2780   2778    364  2    281
  2778    362    363  2    281
   367    365   2782  2    284
  2782    365   2781  2    284
  2782   2781    366  2    284
   370    368   2784  2    286
  2784    368   2783  2    286
  2784   2783    369  2    286
  2787    371   2785  2    288
  2787   2785   2786  2    288
  2786   2785    372  2    288
  2786    372    373  2    288
  2792    374   2790  2    292
  2792   2790    376  2    292
  2790    374    375  2    292
  3084    377   2799  2    295
  3084   2799   2800  2    295
  3084   2800    379  2    295
  2800   2799    378  2    295
   382    380   2807  2    297
   382   2807    381  2    297
   385    383   2808  2    299
  2808    383    384  2    299
   388    386   2815  2    301
   388   2815    387  2    301
  2822    389    390  2    304
  2822    390   2816  2    304
  2822   2816   2821  2    304
  2821   2816   2817  2    304
  2821   2817   2820  2    304
  2820   2817    391  2    304
  2829    392   2825  2    307
  2829   2825   2824  2    307
  2829   2824   5720  2    307
  2829   5720   2828  2    307
  2828   5720    394  2    307
   394   5720   2826  2    307
  2826   5720   2823  2    307
  2826   2823    393  2    307
  2823   5720   2824  2    307
  3132    395   2831  2    310
  3132   2831   3133  2    310
  3133   2831   2830  2    310
  3133   2830   3134  2    310
  3134   2830    396  2    310
  3134    396    397  2    310
  2836    398   2832  2    312
  2836   2832   2833  2    312
  2836   2833    400  2    312
  2832    398    399  2    312
  3143    401   2837  2    315
  3143   2837    402  2    315
  3143    402    403  2    315
  3145    404    405  2    317
  3145    405   2838  2    317
  3145   2838    406  2    317
   409    407   2839  2    319
   409   2839    408  2    319
   412    410    411  2    321
   415    413    414  2    324
   418    416   2850  2    327
  2850    416    417  2    327
   421    419   2857  2    329
   421   2857    420  2    329
   424    422    423  2    331
  3172    425   2858  2    333
  3172   2858   2859  2    333
  3172   2859   3173  2    333
  3173   2859    427  2    333
  2858    425    426  2    333
  3185    428   5721  2    335
  3185   5721    430  2    335
   430   5721   2863  2    335
  2863   5721   2862  2    335
  2862   5721   2860  2    335
  2862   2860    429  2    335
  2860   5721   2861  2    335
  2861   5721    428  2    335
  2994    431   2865  2    337
  2994   2865   2993  2    337
  2993   2865   2864  2    337
  2993   2864    433  2    337
   433   2864    432  2    337
  2877    434   2870  2    339
  2877   2870   2871  2    339
  2877   2871   2876  2    339
  2876   2871   2872  2    339
  2876   2872    436  2    339
  2870    434    435  2    339
   439    437   2879  2    342
   439   2879   2881  2    342
  2881   2879   2878  2    342
  2881   2878   2880  2    342
  2880   2878    438  2    342
  5722   5723   5724  2    344
  2975    440   2883  2    344
  2975   2883   5723  2    344
  2975   5723   2976  2    344
  2976   5723   5722  2    344
  2976   5722    442  2    344
   442   5722   2884  2    344
  2884   5722   5724  2    344
  2884   5724   2882  2    344
  2884   2882    441  2    344
  2882   5724   2883  2    344
  2883   5724   5723  2    344
   445    443   2887  2    346
  2887    443   2885  2    346
  2887   2885   2886  2    346
  2886   2885    444  2    346
  2896    446   2893  2    348
  2896   2893   2892  2    348
  2896   2892   2894  2    348
  2896   2894    448  2    348
  2894   2892    447  2    348
   451    449    450  2    352
   454    452   2917  2    355
  2917    452    453  2    355
   457    455   2918  2    357
   457   2918    456  2    357
   460    458    459  2    359
   463    461    462  2    361
  2986    464    465  2    364
  2986    465    466  2    364
   469    467    468  2    366
   472    470    471  2    369
  2966    473   2959  2    371
  2966   2959   2960  2    371
  2966   2960   2965  2    371
  2965   2960   2961  2    371
  2965   2961    475  2    371
  2959    473    474  2    371
   478    476   2968  2    374
   478   2968   2970  2    374
  2970   2968   2967  2    374
  2970   2967   2969  2    374
  2969   2967    477  2    374
   481    479   2974  2    376
  2974    479   2972  2    376
  2974   2972   2973  2    376
  2973   2972   2971  2    376
  2973   2971    480  2    376
  2979    482    483  2    381
  2979    483    484  2    381
   487    485   3002  2    386
  3002    485   3000  2    386
  3002   3000   3001  2    386
  3001   3000   2999  2    386
  3001   2999    486  2    386
   490    488   3007  2    388
  3007    488   3004  2    388
  3007   3004   3006  2    388
  3006   3004   3003  2    388
  3006   3003   3005  2    388
  3005   3003    489  2    388
  3196    491   3011  2    391
  3196   3011   3012  2    391
  3196   3012   3197  2    391
  3197   3012    493  2    391
  3011    491    492  2    391
  3212    494   3014  2    393
  3212   3014   5725  2    393
  3212   5725   3016  2    393
  3212   3016    496  2    393
  3016   5725   3015  2    393
  3015   5725   3013  2    393
  3015   3013    495  2    393
  3013   5725   3014  2    393
   499    497   3018  2    395
   499   3018   3020  2    395
  3020   3018   3017  2    395
  3020   3017   3019  2    395
  3019   3017    498  2    395
  3028    500   3022  2    397
  3028   3022   3027  2    397
  3027   3022   3021  2    397
  3027   3021   5726  2    397
  3027   5726    502  2    397
   502   5726   3023  2    397
  3023   5726    501  2    397
   501   5726   3021  2    397
   505    503   3025  2    399
  3025    503   3024  2    399
  3025   3024    504  2    399
  3032    506   3030  2    403
  3032   3030   3029  2    403
  3032   3029   3031  2    403
  3031   3029    507  2    403
  3031    507    508  2    403
   511    509   3036  2    406
  3036    509   3034  2    406
  3036   3034   3035  2    406
  3035   3034   3033  2    406
  3035   3033    510  2    406
  3041    512   3038  2    408
  3041   3038   3040  2    408
  3040   3038   3037  2    408
  3040   3037   3039  2    408
  3039   3037    513  2    408
  3039    513    514  2    408
  3259    515   5728  2    411
  3259   5728   5727  2    411
  3259   5727    517  2    411
   517   5727   3046  2    411
  3046   5727   3043  2    411
  3046   3043   3045  2    411
  3045   3043   3042  2    411
  3045   3042    516  2    411
  3043   5727   5728  2    411
  3043   5728   3044  2    411
  3044   5728    515  2    411
  3053    518   5729  2    413
  3053   5729   5730  2    413
  3053   5730    520  2    413
   520   5730   3050  2    413
  3050   5730   3049  2    413
  3049   5730   3047  2    413
  3049   3047    519  2    413
  3047   5730   3048  2    413
  3048   5730   5729  2    413
  3048   5729    518  2    413
  3275    521   3054  2    416
  3275   3054    523  2    416
   523   3054    522  2    416
  3055    524    525  2    418
  3055    525    526  2    418
   529    527   3057  2    421
  3057    527   3056  2    421
  3057   3056    528  2    421
  3281    530   3058  2    423
  3281   3058    532  2    423
   532   3058    531  2    423
  3089    533    534  2    425
  3089    534   3065  2    425
  3089   3065    535  2    425
  3087    536   3066  2    427
  3087   3066   5731  2    427
  3087   5731   3088  2    427
  3088   5731   3068  2    427
  3088   3068    538  2    427
  3068   5731   3067  2    427
  3067   5731   3066  2    427
  3067   3066    537  2    427
   541    539   3076  2    429
  3076    539   3074  2    429
  3076   3074   3075  2    429
  3075   3074   3073  2    429
  3075   3073    540  2    429
  3086    542    543  2    432
  3086    543   3083  2    432
  3086   3083   3085  2    432
  3085   3083    544  2    432
  3292    545   3090  2    436
  3292   3090   3091  2    436
  3292   3091    547  2    436
  3091   3090    546  2    436
   550    548   3093  2    438
  3093    548   3092  2    438
  3093   3092    549  2    438
   553    551   3094  2    440
   553   3094   3095  2    440
  3095   3094    552  2    440
   556    554   3097  2    442
  3097    554   3096  2    442
  3097   3096    555  2    442
   559    557   3099  2    444
  3099    557   3098  2    444
  3099   3098    558  2    444
  3102    560   3100  2    446
  3102   3100   3101  2    446
  3101   3100    561  2    446
  3101    561    562  2    446
  3106    563   3104  2    449
  3106   3104   3103  2    449
  3106   3103   3105  2    449
  3105   3103    564  2    449
  3105    564    565  2    449
   568    566   3108  2    452
   568   3108   3110  2    452
  3110   3108   3107  2    452
  3110   3107   3109  2    452
  3109   3107    567  2    452
  3335    569    573  2    454
  3335    573   3113  2    454
  3335   3113    571  2    454
   573    569   3112  2    454
   573   3112   5660  2    454
  5660   3112    572  2    454
   572   3112   3111  2    454
   572   3111   3115  2    454
  3115   3111    570  2    454
   576    574   5732  2    456
   576   5732   3119  2    456
  3119   5732    573  2    456
  3119    573   5660  2    456
  3119   5660   3118  2    456
  3118   5660    572  2    456
  3118    572   3117  2    456
  3117    572   3116  2    456
  3117   3116    575  2    456
   573   5732   3114  2    456
  3114   5732    574  2    456
   579    577    581  2    459
   581    577   3122  2    459
   581   3122   5661  2    459
  5661   3122   3121  2    459
  5661   3121    580  2    459
   580   3121   3120  2    459
   580   3120    578  2    459
  5735   5733   5736  2    461
  5733   5734   5736  2    461
  5736   5734   5737  2    461
  5738   5735   5739  2    461
  5739   5735   5740  2    461
  5735   5736   5740  2    461
  5740   5736   5741  2    461
  5736   5737   5741  2    461
  5741   5737   5742  2    461
  5738   5739   5743  2    461
  5739   5740   5743  2    461
  5743   5740   5744  2    461
  5740   5741   5744  2    461
  5744   5741   5745  2    461
  5741   5742   5745  2    461
  3377    582   5734  2    461
  3377   5734   5733  2    461
  3377   5733    747  2    461
   747   5733   5669  2    461
  5669   5733   5735  2    461
  5669   5735    748  2    461
   748   5735   5738  2    461
   748   5738   3375  2    461
  3375   5738    584  2    461
   584   5738   3125  2    461
  3125   5738   5743  2    461
  3125   5743   3124  2    461
  3124   5743   5744  2    461
  3124   5744   3123  2    461
  3123   5744   5745  2    461
  3123   5745    583  2    461
   583   5745    580  2    461
   580   5745   5742  2    461
   580   5742   5661  2    461
  5661   5742   5737  2    461
  5661   5737    581  2    461
   581   5737   5734  2    461
   581   5734    582  2    461
   587    585   3128  2    464
   587   3128   3131  2    464
  3131   3128   3127  2    464
  3131   3127   3130  2    464
  3130   3127   3126  2    464
  3130   3126   3129  2    464
  3129   3126    586  2    464
  3379    588    589  2    467
  3379    589   3135  2    467
  3379   3135    590  2    467
  5603    591   3136  2    469
  5603   3136   5746  2    469
  5603   5746   5604  2    469
  5604   5746   3137  2    469
  5604   3137    593  2    469
  3137   5746    592  2    469
   592   5746   3136  2    469
   596    594   3139  2    471
  3139    594   3138  2    471
  3139   3138    595  2    471
  3146    597   3144  2    474
  3146   3144    599  2    474
  3144    597    598  2    474
  5602    600   3147  2    477
  5602   3147   5747  2    477
  5602   5747   5601  2    477
  5601   5747   3149  2    477
  5601   3149    602  2    477
  3149   5747   3148  2    477
  3148   5747   3147  2    477
  3148   3147    601  2    477
  3159    603   3151  2    479
  3159   3151   3158  2    479
  3158   3151   3150  2    479
  3158   3150    605  2    479
   605   3150    604  2    479
   608    606   3161  2    482
   608   3161   3163  2    482
  3163   3161   3160  2    482
  3163   3160   3162  2    482
  3162   3160    607  2    482
   611    609   3167  2    484
  3167    609   3165  2    484
  3167   3165   3166  2    484
  3166   3165   3164  2    484
  3166   3164    610  2    484
  3171    612   3169  2    486
  3171   3169   3170  2    486
  3170   3169   3168  2    486
  3170   3168    614  2    486
   614   3168    613  2    486
  3398    615   3176  2    490
  3398   3176   3177  2    490
  3398   3177   3399  2    490
  3399   3177    617  2    490
  3176    615    616  2    490
  3186    618   3183  2    492
  3186   3183   5748  2    492
  3186   5748    620  2    492
   620   5748   3184  2    492
  3184   5748   3182  2    492
  3184   3182    619  2    492
  3182   5748   3183  2    492
   623    621   3187  2    495
   623   3187   3188  2    495
  3188   3187    622  2    495
   626    624   3191  2    497
  3191    624   3189  2    497
  3191   3189   3190  2    497
  3190   3189    625  2    497
  3195    627   3193  2    499
  3195   3193   3194  2    499
  3194   3193   3192  2    499
  3194   3192    629  2    499
   629   3192    628  2    499
   632    630   3198  2    503
  3198    630    631  2    503
   635    633   3199  2    505
   635   3199    634  2    505
  3429    636   3200  2    507
  3429   3200   3201  2    507
  3429   3201    638  2    507
  3200    636    637  2    507
   641    639   3205  2    509
  3205    639   3203  2    509
  3205   3203   3204  2    509
  3204   3203   3202  2    509
  3204   3202    640  2    509
  3215    642   3207  2    511
  3215   3207   5749  2    511
  3215   5749   3214  2    511
  3214   5749   5750  2    511
  3214   5750   3213  2    511
  3213   5750   3208  2    511
  3213   3208    644  2    511
  3208   5750    643  2    511
   643   5750   3206  2    511
  3206   5750   5749  2    511
  3206   5749   3207  2    511
  5751   5752   5753  2    514
  3449    645   5752  2    514
  3449   5752   5751  2    514
  3449   5751   3222  2    514
  3449   3222    647  2    514
  3222   5751   3221  2    514
  3221   5751   5753  2    514
  3221   5753   3220  2    514
  3220   5753   5754  2    514
  3220   5754   3219  2    514
  3219   5754   3216  2    514
  3219   3216    646  2    514
  3216   5754   3217  2    514
  3217   5754   5753  2    514
  3217   5753   5752  2    514
  3217   5752   3218  2    514
  3218   5752    645  2    514
  3233    648   3226  2    516
  3233   3226   3225  2    516
  3233   3225   3232  2    516
  3232   3225   3224  2    516
  3232   3224   3231  2    516
  3231   3224   3223  2    516
  3231   3223    650  2    516
   650   3223    649  2    516
   653    651   5755  2    519
   653   5755   3239  2    519
  3239   5755   5756  2    519
  3239   5756   3238  2    519
  3238   5756   3235  2    519
  3238   3235   3237  2    519
  3237   3235   3234  2    519
  3237   3234    652  2    519
  3235   5756   3236  2    519
  3236   5756   5755  2    519
  3236   5755    651  2    519
  3250    654   3242  2    521
  3250   3242   3249  2    521
  3249   3242   3241  2    521
  3249   3241   3248  2    521
  3248   3241   3240  2    521
  3248   3240   3247  2    521
  3247   3240    655  2    521
  3247    655    656  2    521
  3263    657   3254  2    524
  3263   3254   5757  2    524
  3263   5757   3262  2    524
  3262   5757   3261  2    524
  3261   5757   5758  2    524
  3261   5758   3260  2    524
  3260   5758   5759  2    524
  3260   5759    659  2    524
   659   5759   3255  2    524
  3255   5759    658  2    524
   658   5759   3251  2    524
  3251   5759   5758  2    524
  3251   5758   3252  2    524
  3252   5758   5757  2    524
  3252   5757   3253  2    524
  3253   5757   3254  2    524
   662    660   3268  2    527
  3268    660   3267  2    527
  3268   3267    664  2    527
   664   3267   3266  2    527
   664   3266   5662  2    527
  5662   3266   3265  2    527
  5662   3265    663  2    527
   663   3265   3264  2    527
   663   3264   3270  2    527
  3270   3264    661  2    527
  5762   5760   5763  2    529
  5763   5760   5764  2    529
  5760   5761   5764  2    529
  5765   5762   5766  2    529
  5762   5763   5766  2    529
  5766   5763   5767  2    529
  5763   5764   5767  2    529
  5768   5765   5769  2    529
  5765   5766   5769  2    529
   672    665   3269  2    529
   672   3269   5761  2    529
   672   5761   5666  2    529
  5666   5761   5665  2    529
  5665   5761   5760  2    529
  5665   5760   5664  2    529
  5664   5760   5762  2    529
  5664   5762   5663  2    529
  5663   5762   5765  2    529
  5663   5765    671  2    529
   671   5765   5768  2    529
   671   5768    667  2    529
   667   5768   3272  2    529
  3272   5768   5769  2    529
  3272   5769    666  2    529
   666   5769   3271  2    529
  3271   5769   5766  2    529
  3271   5766   5767  2    529
  3271   5767    663  2    529
   663   5767   5764  2    529
   663   5764   5662  2    529
  5662   5764    664  2    529
   664   5764   5761  2    529
   664   5761   3269  2    529
   670    668   3273  2    532
   670   3273   3274  2    532
  3274   3273    669  2    532
  3480    673    672  2    536
  3480    672   5666  2    536
  3480   5666   3481  2    536
  3481   5666   5665  2    536
  3481   5665    675  2    536
   675   5665   5664  2    536
   675   5664   3277  2    536
  3277   5664   5663  2    536
  3277   5663   3276  2    536
  3276   5663    671  2    536
  3276    671    674  2    536
  3494    676   3279  2    539
  3494   3279   3495  2    539
  3495   3279   3278  2    539
  3495   3278    678  2    539
   678   3278    677  2    539
  3282    679   3280  2    541
  3282   3280    681  2    541
  3280    679    680  2    541
   684    682   3284  2    544
  3284    682   3283  2    544
  3284   3283    683  2    544
   687    685   3286  2    546
  3286    685   3285  2    546
  3286   3285    686  2    546
   690    688   3290  2    548
   690   3290   3291  2    548
  3291   3290    689  2    548
   693    691    692  2    553
  3513    694   3299  2    555
  3513   3299   3300  2    555
  3513   3300   3514  2    555
  3514   3300   3301  2    555
  3514   3301   3515  2    555
  3515   3301    696  2    555
  3299    694    695  2    555
  3316    697   3304  2    557
  3316   3304   3303  2    557
  3316   3303   3315  2    557
  3315   3303   3302  2    557
  3315   3302    699  2    557
   699   3302    698  2    557
  3546    700   3318  2    560
  3546   3318   3547  2    560
  3547   3318   3317  2    560
  3547   3317    702  2    560
   702   3317    701  2    560
  3549    703    704  2    562
  3549    704   3323  2    562
  3549   3323    705  2    562
  3336    706   3324  2    564
  3336   3324   3325  2    564
  3336   3325    708  2    564
  3325   3324    707  2    564
  3332    709   3329  2    566
  3332   3329    710  2    566
  3332    710    711  2    566
  3334    712   3333  2    569
  3334   3333    714  2    569
   714   3333    713  2    569
  3558    715   3342  2    573
  3558   3342   3343  2    573
  3558   3343    717  2    573
  3342    715   3340  2    573
  3342   3340   3341  2    573
  3341   3340    716  2    573
  5597    718   3346  2    575
  5597   3346   5598  2    575
  5598   3346   3345  2    575
  5598   3345    720  2    575
   720   3345   3344  2    575
   720   3344    719  2    575
   723    721   3347  2    577
  3347    721    722  2    577
   726    724   3351  2    579
   726   3351    725  2    579
  5600    727    728  2    583
  5600    728   3352  2    583
  5600   3352    729  2    583
   732    730   3355  2    585
  3355    730   3353  2    585
  3355   3353   3354  2    585
  3354   3353    731  2    585
  5771   5770   5772  2    587
  3579    733   5770  2    587
  3579   5770   3580  2    587
  3580   5770   5771  2    587
  3580   5771   5773  2    587
  3580   5773   3581  2    587
  3581   5773   3363  2    587
  3581   3363    735  2    587
  3363   5773   3362  2    587
  3362   5773   5771  2    587
  3362   5771   5772  2    587
  3362   5772    734  2    587
   734   5772   3360  2    587
  3360   5772   3361  2    587
  3361   5772   5770  2    587
  3361   5770    733  2    587
  5774   5775   5778  2    589
  5778   5775   5779  2    589
  5775   5776   5779  2    589
  3384    736   5774  2    589
  3384   5774   5778  2    589
  3384   5778   5777  2    589
  3384   5777   3383  2    589
  3383   5777   5780  2    589
  3383   5780   3382  2    589
  3382   5780    740  2    589
  3382    740    738  2    589
   740   5780   5668  2    589
  5668   5780   5778  2    589
  5668   5778   5779  2    589
  5668   5779   5667  2    589
  5667   5779   5776  2    589
  5667   5776    739  2    589
   739   5776    737  2    589
   737   5776   3364  2    589
  3364   5776   5775  2    589
  3364   5775   3365  2    589
  3365   5775   5774  2    589
  3365   5774    736  2    589
  5778   5780   5777  2    589
  3381    741    740  2    591
  3381    740   5781  2    591
  3381   5781    743  2    591
   743   5781   3369  2    591
  3369   5781   5668  2    591
  3369   5668   3368  2    591
  3368   5668   5667  2    591
  3368   5667   3367  2    591
  3367   5667   3366  2    591
  3366   5667    739  2    591
  3366    739    742  2    591
  5668   5781    740  2    591
   746    744   3374  2    594
  3374    744   3373  2    594
  3374   3373    748  2    594
   748   3373   3372  2    594
   748   3372   5669  2    594
  5669   3372   3371  2    594
  5669   3371    747  2    594
   747   3371   3376  2    594
  3376   3371   3370  2    594
  3376   3370    745  2    594
  3380    749   3378  2    598
  3380   3378    751  2    598
  3378    749    750  2    598
  3393    752   3387  2    602
  3393   3387   3386  2    602
  3393   3386   3392  2    602
  3392   3386   3385  2    602
  3392   3385    754  2    602
   754   3385    753  2    602
  3400    755   5782  2    605
  3400   5782    757  2    605
   757   5782   3397  2    605
  3397   5782   3394  2    605
  3397   3394   3396  2    605
  3396   3394    756  2    605
  3394   5782   3395  2    605
  3395   5782    755  2    605
  3590    758   5783  2    608
  3590   5783   3403  2    608
  3590   3403   3404  2    608
  3590   3404   3591  2    608
  3591   3404    760  2    608
  3403   5783   3402  2    608
  3402   5783   3401  2    608
  3402   3401    759  2    608
  3401   5783    758  2    608
   763    761   3407  2    610
   763   3407   3409  2    610
  3409   3407   3406  2    610
  3409   3406   3408  2    610
  3408   3406   3405  2    610
  3408   3405    762  2    610
  3624    764   3415  2    612
  3624   3415   3417  2    612
  3624   3417    766  2    612
  3417   3415   3414  2    612
  3417   3414   3416  2    612
  3416   3414    765  2    612
  3425    767   3423  2    614
  3425   3423   3424  2    614
  3424   3423   3422  2    614
  3424   3422    769  2    614
   769   3422    768  2    614
   772    770   3427  2    617
   772   3427   3428  2    617
  3428   3427   3426  2    617
  3428   3426    771  2    617
  3633    773    774  2    620
  3633    774   3434  2    620
  3633   3434   3634  2    620
  3634   3434   3435  2    620
  3634   3435    775  2    620
  3649    776   3437  2    622
  3649   3437   5784  2    622
  3649   5784   3650  2    622
  3650   5784   5785  2    622
  3650   5785   3651  2    622
  3651   5785   3438  2    622
  3651   3438    778  2    622
  3438   5785    777  2    622
   777   5785   5784  2    622
   777   5784   3436  2    622
  3436   5784   3437  2    622
  3446    779   3445  2    624
  3446   3445    781  2    624
   781   3445    780  2    624
   784    782   3448  2    627
  3448    782   3447  2    627
  3448   3447    783  2    627
   787    785    786  2    630
  3458    788    789  2    632
  3458    789    790  2    632
   793    791   3459  2    635
   793   3459    792  2    635
   796    794    795  2    637
   799    797   3460  2    639
  3460    797    798  2    639
  3462    800   3461  2    641
  3462   3461    801  2    641
  3462    801    802  2    641
   805    803   3463  2    644
   805   3463   3464  2    644
  3464   3463    804  2    644
   808    806   3467  2    646
  3467    806   3466  2    646
  3466    806   3465  2    646
  3466   3465    807  2    646
   811    809   3469  2    648
   811   3469   3470  2    648
  3470   3469   3468  2    648
  3470   3468    810  2    648
  3750    812   3471  2    650
  3750   3471   5786  2    650
  3750   5786   3751  2    650
  3751   5786   3473  2    650
  3751   3473    814  2    650
  3473   5786   3472  2    650
  3472   5786   3471  2    650
  3472   3471    813  2    650
  3761    815   5787  2    652
  3761   5787   3762  2    652
  3762   5787   5789  2    652
  3762   5789   5788  2    652
  3762   5788   3763  2    652
  3763   5788    817  2    652
   817   5788   3476  2    652
  3476   5788   5790  2    652
  3476   5790    816  2    652
   816   5790   3474  2    652
  3474   5790   5789  2    652
  3474   5789   3475  2    652
  3475   5789   5787  2    652
  3475   5787    815  2    652
  5789   5790   5788  2    652
   820    818   3479  2    654
  3479    818   3477  2    654
  3479   3477   3478  2    654
  3478   3477    819  2    654
  3767    821   3482  2    657
  3767   3482   3483  2    657
  3767   3483   3768  2    657
  3768   3483   3484  2    657
  3768   3484   3769  2    657
  3769   3484    823  2    657
  3482    821    822  2    657
  3773    824   3487  2    659
  3773   3487   5791  2    659
  3773   5791    826  2    659
   826   5791   3489  2    659
  3489   5791   3486  2    659
  3489   3486   3485  2    659
  3489   3485   3488  2    659
  3488   3485    825  2    659
  3486   5791   3487  2    659
  5591    827   3491  2    661
  5591   3491   3490  2    661
  5591   3490   5592  2    661
  5592   3490    828  2    661
  5592    828    829  2    661
  3497    830    831  2    663
  3497    831   3492  2    663
  3497   3492   3496  2    663
  3496   3492   3493  2    663
  3496   3493    832  2    663
  3502    833   3499  2    666
  3502   3499   3501  2    666
  3501   3499   3498  2    666
  3501   3498   3500  2    666
  3500   3498    834  2    666
  3500    834    835  2    666
  5594    836   3505  2    669
  5594   3505   5792  2    669
  5594   5792    838  2    669
   838   5792   3507  2    669
  3507   5792   3506  2    669
  3506   5792   3503  2    669
  3506   3503    837  2    669
  3503   5792   3504  2    669
  3504   5792   3505  2    669
   841    839   3512  2    671
  3512    839   3509  2    671
  3512   3509   3511  2    671
  3511   3509   3508  2    671
  3511   3508   3510  2    671
  3510   3508    840  2    671
  5593    842   3516  2    674
  5593   3516   3517  2    674
  5593   3517    844  2    674
  3516    842    843  2    674
  5590    845   5794  2    676
  5590   5794   5672  2    676
  5590   5672   5589  2    676
  5589   5672    849  2    676
  5589    849    847  2    676
  5672   5794   5671  2    676
  5671   5794   5793  2    676
  5671   5793   5670  2    676
  5670   5793   3519  2    676
  5670   3519   3518  2    676
  5670   3518    848  2    676
   848   3518    846  2    676
  3519   5793    845  2    676
   845   5793   5794  2    676
  3794    850    849  2    678
  3794    849   5672  2    678
  3794   5672    852  2    678
   852   5672   5671  2    678
   852   5671   3522  2    678
  3522   5671   3521  2    678
  3521   5671   5670  2    678
  3521   5670   3520  2    678
  3520   5670    848  2    678
  3520    848    851  2    678
   855    853   3528  2    681
  3528    853   3525  2    681
  3528   3525   3527  2    681
  3527   3525   3524  2    681
  3527   3524   3526  2    681
  3526   3524   3523  2    681
  3526   3523    854  2    681
  3831    856   3531  2    683
  3831   3531   3832  2    683
  3832   3531   3530  2    683
  3832   3530   3833  2    683
  3833   3530   3529  2    683
  3833   3529    858  2    683
   858   3529    857  2    683
  3550    859    860  2    685
  3550    860   3538  2    685
  3550   3538    861  2    685
  3548    862   5796  2    687
  3548   5796   3541  2    687
  3548   3541    864  2    687
  3541   5796   3540  2    687
  3540   5796   5795  2    687
  3540   5795    863  2    687
   863   5795   3539  2    687
  3539   5795    862  2    687
   862   5795   5796  2    687
  3844    865   3551  2    691
  3844   3551   3552  2    691
  3844   3552    867  2    691
  3552   3551    866  2    691
   870    868   3557  2    693
  3557    868   3556  2    693
  3557   3556    869  2    693
   873    871    872  2    696
   876    874    875  2    698
  3853    877    878  2    700
  3853    878   3559  2    700
  3853   3559   3854  2    700
  3854   3559    879  2    700
  3866    880   3560  2    702
  3866   3560    881  2    702
  3866    881    882  2    702
  3870    883    884  2    704
  3870    884   3563  2    704
  3870   3563    885  2    704
   888    886   3573  2    706
   888   3573   3574  2    706
  3574   3573    887  2    706
   891    889   3575  2    708
   891   3575    890  2    708
  3584    892    893  2    710
  3584    893   3576  2    710
  3584   3576   3583  2    710
  3583   3576   3577  2    710
  3583   3577   3582  2    710
  3582   3577   3578  2    710
  3582   3578    894  2    710
  3592    895   3587  2    713
  3592   3587   5797  2    713
  3592   5797    897  2    713
   897   5797   3589  2    713
  3589   5797   3585  2    713
  3589   3585   3588  2    713
  3588   3585    896  2    713
  3585   5797   3586  2    713
  3586   5797   3587  2    713
  3886    898   3595  2    716
  3886   3595   3596  2    716
  3886   3596    900  2    716
  3595    898   3593  2    716
  3595   3593   3594  2    716
  3594   3593    899  2    716
  3898    901   3604  2    718
  3898   3604   5798  2    718
  3898   5798    903  2    718
   903   5798   3606  2    718
  3606   5798   3605  2    718
  3605   5798   3602  2    718
  3605   3602    902  2    718
  3602   5798   3603  2    718
  3603   5798   3604  2    718
  3904    904   5799  2    720
  3904   5799   3610  2    720
  3904   3610    906  2    720
  3610   5799   3609  2    720
  3609   5799   3607  2    720
  3609   3607    905  2    720
  3607   5799   3608  2    720
  3608   5799    904  2    720
  3616    907   3612  2    722
  3616   3612   3611  2    722
  3616   3611   3615  2    722
  3615   3611    908  2    722
  3615    908    909  2    722
   912    910   3618  2    725
   912   3618   3620  2    725
  3620   3618   3617  2    725
  3620   3617   3619  2    725
  3619   3617    911  2    725
  3627    913   3622  2    727
  3627   3622   3621  2    727
  3627   3621   5800  2    727
  3627   5800   3626  2    727
  3626   5800   5801  2    727
  3626   5801   3625  2    727
  3625   5801   3623  2    727
  3625   3623    915  2    727
  3623   5801    914  2    727
   914   5801   5800  2    727
   914   5800   3621  2    727
  3635    916   5802  2    730
  3635   5802   5803  2    730
  3635   5803    918  2    730
   918   5803   3632  2    730
  3632   5803   3628  2    730
  3632   3628   3631  2    730
  3631   3628    917  2    730
  3628   5803   3629  2    730
  3629   5803   5802  2    730
  3629   5802   3630  2    730
  3630   5802    916  2    730
  3948    919   3639  2    733
  3948   3639   5804  2    733
  3948   5804   3949  2    733
  3949   5804   3641  2    733
  3949   3641    921  2    733
  3641   5804   3640  2    733
  3640   5804    920  2    733
   920   5804   3639  2    733
  3986    922   3643  2    735
  3986   3643   5805  2    735
  3986   5805   3987  2    735
  3987   5805   3644  2    735
  3987   3644    924  2    735
  3644   5805    923  2    735
   923   5805   3642  2    735
  3642   5805   3643  2    735
  3653    925   3645  2    737
  3653   3645   3647  2    737
  3653   3647   3652  2    737
  3652   3647   3648  2    737
  3652   3648    927  2    737
  3647   3645   3646  2    737
  3646   3645    926  2    737
   930    928   3655  2    740
   930   3655   3657  2    740
  3657   3655   3654  2    740
  3657   3654   3656  2    740
  3656   3654    929  2    740
  5588    931   3659  2    742
  5588   3659   3658  2    742
  5588   3658    933  2    742
   933   3658    932  2    742
   936    934    935  2    744
  5587    937   3662  2    747
  5587   3662   3663  2    747
  5587   3663    939  2    747
  3662    937    938  2    747
  3997    940   5806  2    749
  3997   5806   3671  2    749
  3997   3671    942  2    749
  3671   5806   5807  2    749
  3671   5807   3670  2    749
  3670   5807   3668  2    749
  3670   3668    941  2    749
  3668   5807   3669  2    749
  3669   5807   5806  2    749
  3669   5806    940  2    749
  5808   5809   5811  2    751
  5811   5809   5812  2    751
  1162    943   3673  2    751
  1162   3673   5808  2    751
  1162   5808   5673  2    751
  5673   5808   5811  2    751
  5673   5811   5674  2    751
  5674   5811   5812  2    751
  5674   5812   5810  2    751
  5674   5810   5675  2    751
  5675   5810   1163  2    751
  1163   5810   3675  2    751
  1163   3675    945  2    751
  3675   5810   3674  2    751
  3674   5810   5812  2    751
  3674   5812    944  2    751
   944   5812   5809  2    751
   944   5809   3672  2    751
  3672   5809   5808  2    751
  3672   5808   3673  2    751
  5584    946   3681  2    753
  5584   3681   5585  2    753
  5585   3681   3680  2    753
  5585   3680   5586  2    753
  5586   3680    947  2    753
  5586    947   3682  2    753
  5586   3682    948  2    753
  5583    949   3689  2    755
  5583   3689    950  2    755
  5583    950   3690  2    755
  5583   3690   5582  2    755
  5582   3690   3691  2    755
  5582   3691   5581  2    755
  5581   3691    951  2    755
  4025    952   5813  2    757
  4025   5813   3696  2    757
  4025   3696    954  2    757
  3696   5813   3695  2    757
  3695   5813   3692  2    757
  3695   3692   3694  2    757
  3694   3692    953  2    757
  3692   5813   3693  2    757
  3693   5813    952  2    757
  3709    955   3699  2    759
  3709   3699   3698  2    759
  3709   3698   3708  2    759
  3708   3698   3697  2    759
  3708   3697    957  2    759
   957   3697    956  2    759
  4045    958   3715  2    762
  4045   3715   5814  2    762
  4045   5814   4046  2    762
  4046   5814   4047  2    762
  4047   5814   5815  2    762
  4047   5815    960  2    762
   960   5815   3716  2    762
  3716   5815    959  2    762
   959   5815   3714  2    762
  3714   5815   5814  2    762
  3714   5814   3715  2    762
   963    961   3717  2    764
   963   3717    962  2    764
   966    964    965  2    767
  3728    967    968  2    769
  3728    968    969  2    769
  3726    970    971  2    771
  3726    971    972  2    771
   975    973   3727  2    774
   975   3727    974  2    774
   978    976   3730  2    778
  3730    976   3729  2    778
  3730   3729    977  2    778
  4069    979   3731  2    780
  4069   3731    980  2    780
  4069    980    981  2    780
  4081    982   3736  2    782
  4081   3736   3737  2    782
  4081   3737   4082  2    782
  4082   3737    984  2    782
  3736    982    983  2    782
   987    985   3739  2    784
   987   3739   3741  2    784
  3741   3739   3738  2    784
  3741   3738   3740  2    784
  3740   3738    986  2    784
   990    988   3745  2    786
  3745    988   3743  2    786
  3745   3743   3744  2    786
  3744   3743   3742  2    786
  3744   3742    989  2    786
  3749    991   3747  2    788
  3749   3747   3748  2    788
  3748   3747   3746  2    788
  3748   3746    993  2    788
   993   3746    992  2    788
   996    994    995  2    792
  4090    997    998  2    794
  4090    998   3754  2    794
  4090   3754    999  2    794
  3770   1000   3755  2    796
  3770   3755   1001  2    796
  3770   1001   1002  2    796
  3766   1003   1004  2    798
  3766   1004   3758  2    798
  3766   3758   3765  2    798
  3765   3758   3759  2    798
  3765   3759   3764  2    798
  3764   3759   3760  2    798
  3764   3760   1005  2    798
  5580   1006   3771  2    802
  5580   3771   1008  2    802
  1008   3771   1007  2    802
  3774   1009   3772  2    804
  3774   3772   1011  2    804
  3772   1009   1010  2    804
  5579   1012   3777  2    807
  5579   3777   1014  2    807
  3777   1012   3776  2    807
  3776   1012   3775  2    807
  3776   3775   1013  2    807
  1017   1015   3779  2    809
  1017   3779   3780  2    809
  3780   3779   3778  2    809
  3780   3778   1016  2    809
  1020   1018   3782  2    811
  3782   1018   3781  2    811
  3782   3781   1019  2    811
  3797   1021   3783  2    813
  3797   3783   3796  2    813
  3796   3783   1022  2    813
  3796   1022   3795  2    813
  3795   1022   3784  2    813
  3795   3784   1023  2    813
  4122   1024   3800  2    816
  4122   3800   1026  2    816
  1026   3800   3799  2    816
  1026   3799   3801  2    816
  3801   3799   3798  2    816
  3801   3798   1025  2    816
  4125   1027   3802  2    818
  4125   3802   4126  2    818
  4126   3802   1028  2    818
  4126   1028   1029  2    818
  4135   1030   3803  2    820
  4135   3803   3804  2    820
  4135   3804   4136  2    820
  4136   3804   3805  2    820
  4136   3805   1032  2    820
  3803   1030   1031  2    820
  3817   1033   3808  2    822
  3817   3808   3807  2    822
  3817   3807   3816  2    822
  3816   3807   3806  2    822
  3816   3806   3815  2    822
  3815   3806   1034  2    822
  3815   1034   1035  2    822
  4147   1036   3820  2    825
  4147   3820   4148  2    825
  4148   3820   3819  2    825
  4148   3819   5816  2    825
  4148   5816   1038  2    825
  1038   5816   3821  2    825
  3821   5816   3818  2    825
  3821   3818   1037  2    825
  3818   5816   3819  2    825
  4162   1039   5817  2    827
  4162   5817   3826  2    827
  4162   3826   1041  2    827
  3826   5817   3825  2    827
  3826   3825   1040  2    827
  3825   5817   1039  2    827
  3834   1042   3830  2    829
  3834   3830   1044  2    829
  3830   1042   3829  2    829
  3829   1042   3827  2    829
  3829   3827   3828  2    829
  3828   3827   1043  2    829
  1047   1045   3836  2    832
  3836   1045   3835  2    832
  3836   3835   1046  2    832
  1050   1048   3838  2    834
  3838   1048   3837  2    834
  3838   3837   1049  2    834
  1053   1051   3842  2    836
  1053   3842   3843  2    836
  3843   3842   1052  2    836
  4165   1054   5818  2    841
  4165   5818   3847  2    841
  4165   3847   4166  2    841
  4166   3847   3848  2    841
  4166   3848   1056  2    841
  3847   5818   1055  2    841
  1055   5818   1054  2    841
  1059   1057   3850  2    843
  1059   3850   3852  2    843
  3852   3850   3849  2    843
  3852   3849   3851  2    843
  3851   3849   1058  2    843
  4176   1060   3859  2    846
  4176   3859   1062  2    846
  3859   1060   1061  2    846
  1065   1063   3860  2    848
  1065   3860   3861  2    848
  3861   3860   1064  2    848
  4180   1066   3862  2    850
  4180   3862   3863  2    850
  4180   3863   1068  2    850
  3863   3862   1067  2    850
  3867   1069   5819  2    852
  3867   5819   3865  2    852
  3867   3865   1071  2    852
  3865   5819   1070  2    852
  1070   5819   3864  2    852
  3864   5819   1069  2    852
  3871   1072   3868  2    855
  3871   3868   3869  2    855
  3871   3869   1074  2    855
  3869   3868   1073  2    855
  1077   1075   3875  2    858
  1077   3875   1076  2    858
  1080   1078   3878  2    860
  3878   1078   1079  2    860
  1083   1081   3882  2    862
  1083   3882   1082  2    862
  3885   1084   1085  2    865
  3885   1085   1086  2    865
  4188   1087   1088  2    869
  4188   1088   3887  2    869
  4188   3887   1089  2    869
  1092   1090   3890  2    871
  3890   1090   3888  2    871
  3890   3888   3889  2    871
  3889   3888   1091  2    871
  3899   1093   3896  2    873
  3899   3896   3897  2    873
  3899   3897   1095  2    873
  3897   3896   3895  2    873
  3897   3895   1094  2    873
  1098   1096   3901  2    876
  3901   1096   3900  2    876
  3901   3900   1097  2    876
  3906   1099   3902  2    878
  3906   3902   5821  2    878
  3906   5821   5820  2    878
  3906   5820   3905  2    878
  3905   5820   1101  2    878
  1101   5820   3903  2    878
  3903   5820   5821  2    878
  3903   5821   1100  2    878
  1100   5821   3902  2    878
  4211   1102   5822  2    881
  4211   5822   3911  2    881
  4211   3911   1104  2    881
  3911   5822   3910  2    881
  3910   5822   3909  2    881
  3909   5822   3907  2    881
  3909   3907   1103  2    881
  3907   5822   3908  2    881
  3908   5822   1102  2    881
  4249   1105   5823  2    883
  4249   5823   1107  2    883
  1107   5823   3921  2    883
  3921   5823   5824  2    883
  3921   5824   3920  2    883
  3920   5824   3917  2    883
  3920   3917   1106  2    883
  3917   5824   3918  2    883
  3918   5824   5823  2    883
  3918   5823   3919  2    883
  3919   5823   1105  2    883
  4257   1108   3923  2    885
  4257   3923   5825  2    885
  4257   5825   1110  2    885
  1110   5825   3925  2    885
  3925   5825   3924  2    885
  3924   5825   3922  2    885
  3924   3922   1109  2    885
  3922   5825   3923  2    885
  3933   1111   3927  2    887
  3933   3927   3926  2    887
  3933   3926   3932  2    887
  3932   3926   1112  2    887
  3932   1112   1113  2    887
  1116   1114   3935  2    890
  1116   3935   3937  2    890
  3937   3935   3934  2    890
  3937   3934   3936  2    890
  3936   3934   1115  2    890
  5578   1117   3943  2    892
  5578   3943   5826  2    892
  5578   5826   1119  2    892
  1119   5826   3944  2    892
  3944   5826   3942  2    892
  3944   3942   1118  2    892
  3942   5826   3943  2    892
  1122   1120   3947  2    894
  3947   1120   3945  2    894
  3947   3945   3946  2    894
  3946   3945   1121  2    894
  5577   1123   3950  2    897
  5577   3950   1125  2    897
  3950   1123   1124  2    897
  4284   1126   3951  2    899
  4284   3951   3952  2    899
  4284   3952   4285  2    899
  4285   3952   3953  2    899
  4285   3953   1128  2    899
  3952   3951   1127  2    899
  1131   1129   3963  2    901
  1131   3963   3965  2    901
  3965   3963   3962  2    901
  3965   3962   3964  2    901
  3964   3962   1130  2    901
  4318   1132   3967  2    903
  4318   3967   3966  2    903
  4318   3966   4319  2    903
  4319   3966   1133  2    903
  4319   1133   1134  2    903
  1137   1135   3968  2    905
  3968   1135   1136  2    905
  5827   5828   5829  2    907
  2241   1138   5827  2    907
  2241   5827   5829  2    907
  2241   5829   5691  2    907
  5691   5829   5830  2    907
  5691   5830   2242  2    907
  2242   5830   3972  2    907
  2242   3972   1140  2    907
  3972   5830   3971  2    907
  3971   5830   3970  2    907
  3970   5830   5829  2    907
  3970   5829   5828  2    907
  3970   5828   1139  2    907
  1139   5828   3969  2    907
  3969   5828   5827  2    907
  3969   5827   1138  2    907
  1143   1141   3975  2    909
  1143   3975   3977  2    909
  3977   3975   3974  2    909
  3977   3974   3976  2    909
  3976   3974   3973  2    909
  3976   3973   1142  2    909
  1146   1144   1145  2    912
  3994   1147   1148  2    914
  3994   1148   1149  2    914
  1152   1150   3996  2    917
  3996   1150   3995  2    917
  3996   3995   1151  2    917
  5436   1153   3998  2    920
  5436   3998   3999  2    920
  5436   3999   5437  2    920
  5437   3999   4000  2    920
  5437   4000   5438  2    920
  5438   4000   1155  2    920
  3998   1153   1154  2    920
  5576   1156   4003  2    922
  5576   4003   4002  2    922
  5576   4002   1158  2    922
  1158   4002   4005  2    922
  4005   4002   4001  2    922
  4005   4001   4004  2    922
  4004   4001   1157  2    922
  5834   5832   5835  2    924
  4010   1159   5834  2    924
  4010   5834   5835  2    924
  4010   5835   4009  2    924
  4009   5835   5833  2    924
  4009   5833   4008  2    924
  4008   5833   1163  2    924
  4008   1163   1161  2    924
  1163   5833   5675  2    924
  5675   5833   5674  2    924
  5674   5833   5835  2    924
  5674   5835   5832  2    924
  5674   5832   5673  2    924
  5673   5832   5831  2    924
  5673   5831   1162  2    924
  1162   5831   4006  2    924
  1162   4006   1160  2    924
  4006   5831   4007  2    924
  4007   5831   5832  2    924
  4007   5832   5834  2    924
  4007   5834   1159  2    924
  5837   5838   5839  2    928
  5575   1164   5838  2    928
  5575   5838   1168  2    928
  5575   1168   1166  2    928
  1168   5838   5837  2    928
  1168   5837   5676  2    928
  5676   5837   5839  2    928
  5676   5839   4012  2    928
  5676   4012   5836  2    928
  5676   5836   1167  2    928
  1167   5836   1165  2    928
  1165   5836   4011  2    928
  4011   5836   4012  2    928
  4012   5839   4013  2    928
  4013   5839   5838  2    928
  4013   5838   1164  2    928
  5465   1169   1168  2    930
  5465   1168   5466  2    930
  5466   1168   5676  2    930
  5466   5676   5467  2    930
  5467   5676   1167  2    930
  5467   1167   1171  2    930
  1171   1167   1170  2    930
  1174   1172   4014  2    933
  4014   1172   1173  2    933
  1177   1175   4018  2    935
  1177   4018   1176  2    935
  1180   1178   4021  2    937
  4021   1178   1179  2    937
  1183   1181   4028  2    940
  4028   1181   1182  2    940
  5477   1184   4032  2    942
  5477   4032   4033  2    942
  5477   4033   1186  2    942
  4033   4032   1185  2    942
  1189   1187   4035  2    944
  4035   1187   4034  2    944
  4035   4034   1188  2    944
  1192   1190   4039  2    946
  1192   4039   4040  2    946
  4040   4039   1191  2    946
  1195   1193   4044  2    948
  4044   1193   4043  2    948
  4043   1193   4041  2    948
  4043   4041   4042  2    948
  4042   4041   1194  2    948
  1198   1196   1197  2    951
  5485   1199   1200  2    954
  5485   1200   1201  2    954
  4066   1202   1203  2    956
  4066   1203   1204  2    956
  4070   1205   4067  2    959
  4070   4067   4068  2    959
  4070   4068   1207  2    959
  4068   4067   1206  2    959
  5494   1208   4071  2    962
  5494   4071   4072  2    962
  5494   4072   1210  2    962
  4072   4071   1209  2    962
  1213   1211   4077  2    964
  4077   1211   4076  2    964
  4077   4076   1212  2    964
  1216   1214   4080  2    966
  4080   1214   4078  2    966
  4080   4078   4079  2    966
  4079   4078   1215  2    966
  1219   1217   1218  2    969
  5515   1220   1221  2    971
  5515   1221   4087  2    971
  5515   4087   1222  2    971
  1225   1223   4089  2    973
  4089   1223   4088  2    973
  4089   4088   1224  2    973
  5522   1226   4097  2    976
  5522   4097   1228  2    976
  4097   1226   1227  2    976
  4103   1229   4098  2    978
  4103   4098   1231  2    978
  1231   4098   1230  2    978
  1234   1232   4107  2    981
  1234   4107   1233  2    981
  5538   1235   1236  2    983
  5538   1236   4110  2    983
  5538   4110   1237  2    983
  1240   1238   4111  2    985
  1240   4111   4112  2    985
  4112   4111   1239  2    985
  4118   1241   4113  2    987
  4118   4113   1243  2    987
  1243   4113   1242  2    987
  1246   1244   1245  2    991
  1249   1247   1248  2    993
  4127   1250   4123  2    995
  4127   4123   4124  2    995
  4127   4124   1252  2    995
  4123   1250   1251  2    995
  5420   1253   4128  2    998
  5420   4128   2237  2    998
  2237   4128   5840  2    998
  2237   5840   5690  2    998
  5690   5840   2236  2    998
  2236   5840   4129  2    998
  2236   4129   4130  2    998
  2236   4130   1255  2    998
  4129   5840   1254  2    998
  1254   5840   4128  2    998
  4137   1256   5841  2   1000
  4137   5841   4134  2   1000
  4137   4134   1258  2   1000
  4134   5841   4133  2   1000
  4133   5841   4131  2   1000
  4133   4131   1257  2   1000
  4131   5841   4132  2   1000
  4132   5841   1256  2   1000
  4327   1259   4138  2   1003
  4327   4138   1261  2   1003
  1261   4138   1260  2   1003
  4150   1262   4145  2   1005
  4150   4145   4146  2   1005
  4150   4146   4149  2   1005
  4149   4146   1264  2   1005
  4145   1262   1263  2   1005
  4344   1265   4152  2   1008
  4344   4152   5842  2   1008
  4344   5842   4345  2   1008
  4345   5842   4153  2   1008
  4345   4153   1267  2   1008
  4153   5842   4151  2   1008
  4153   4151   1266  2   1008
  4151   5842   4152  2   1008
  1270   1268   4154  2   1010
  1270   4154   4155  2   1010
  4155   4154   1269  2   1010
  4167   1271   5843  2   1012
  4167   5843   4158  2   1012
  4167   4158   1273  2   1012
  4158   5843   4157  2   1012
  4157   5843   4156  2   1012
  4157   4156   1272  2   1012
  4156   5843   1271  2   1012
  4164   1274   4160  2   1014
  4164   4160   5844  2   1014
  4164   5844   4163  2   1014
  4163   5844   5845  2   1014
  4163   5845   4161  2   1014
  4163   4161   1276  2   1014
  4161   5845   1275  2   1014
  1275   5845   4159  2   1014
  4159   5845   5844  2   1014
  4159   5844   4160  2   1014
  1279   1277   4169  2   1018
  4169   1277   4168  2   1018
  4169   4168   1278  2   1018
  1282   1280   4170  2   1020
  1282   4170   4171  2   1020
  4171   4170   1281  2   1020
  1285   1283   4173  2   1022
  4173   1283   4172  2   1022
  4173   4172   1284  2   1022
  1288   1286   4175  2   1024
  4175   1286   4174  2   1024
  4175   4174   1287  2   1024
  1291   1289   1290  2   1027
  1294   1292   1293  2   1029
  4181   1295   1296  2   1032
  4181   1296   4179  2   1032
  4181   4179   1297  2   1032
  4184   1298   4182  2   1035
  4184   4182   4183  2   1035
  4183   4182   1299  2   1035
  4183   1299   1300  2   1035
  1303   1301   4186  2   1038
  1303   4186   4187  2   1038
  4187   4186   4185  2   1038
  4187   4185   1302  2   1038
  4366   1304   4189  2   1042
  4366   4189   1306  2   1042
  4189   1304   1305  2   1042
  4379   1307   4190  2   1044
  4379   4190   4380  2   1044
  4380   4190   1308  2   1044
  4380   1308   1309  2   1044
  4393   1310   1311  2   1046
  4393   1311   4193  2   1046
  4393   4193   1312  2   1046
  1315   1313   4203  2   1048
  1315   4203   4204  2   1048
  4204   4203   1314  2   1048
  1318   1316   4207  2   1050
  4207   1316   4206  2   1050
  4206   1316   4205  2   1050
  4206   4205   1317  2   1050
  4210   1319   4209  2   1052
  4210   4209   4208  2   1052
  4210   4208   1321  2   1052
  1321   4208   1320  2   1052
  1324   1322   4214  2   1056
  4214   1322   1323  2   1056
  1327   1325   4218  2   1058
  1327   4218   1326  2   1058
  4403   1328   4219  2   1060
  4403   4219   4220  2   1060
  4403   4220   4404  2   1060
  4404   4220   1330  2   1060
  4219   1328   1329  2   1060
  1333   1331   4222  2   1062
  1333   4222   4224  2   1062
  4224   4222   4221  2   1062
  4224   4221   4223  2   1062
  4223   4221   1332  2   1062
  4415   1334   5846  2   1064
  4415   5846   4229  2   1064
  4415   4229   1336  2   1064
  4229   5846   4228  2   1064
  4228   5846   4227  2   1064
  4227   5846   4225  2   1064
  4227   4225   1335  2   1064
  4225   5846   4226  2   1064
  4226   5846   1334  2   1064
  1339   1337   4237  2   1066
  1339   4237   4240  2   1066
  4240   4237   4236  2   1066
  4240   4236   4239  2   1066
  4239   4236   4235  2   1066
  4239   4235   4238  2   1066
  4238   4235   1338  2   1066
  1342   1340   4244  2   1068
  4244   1340   4243  2   1068
  4244   4243   1344  2   1068
  1344   4243   5677  2   1068
  5677   4243   4242  2   1068
  5677   4242   1343  2   1068
  1343   4242   4246  2   1068
  4246   4242   4241  2   1068
  4246   4241   1341  2   1068
  5848   5847   5849  2   1070
  4252   1345   4245  2   1070
  4252   4245   5847  2   1070
  4252   5847   4251  2   1070
  4251   5847   4250  2   1070
  4250   5847   5848  2   1070
  4250   5848   1347  2   1070
  1347   5848   4248  2   1070
  4248   5848   4247  2   1070
  4248   4247   1346  2   1070
  4247   5848   1343  2   1070
  1343   5848   5849  2   1070
  1343   5849   5677  2   1070
  5677   5849   1344  2   1070
  1344   5849   4245  2   1070
  4245   5849   5847  2   1070
  5851   5850   5852  2   1074
  5852   5850   5853  2   1074
  4259   1348   4255  2   1074
  4259   4255   5851  2   1074
  4259   5851   4258  2   1074
  4258   5851   5852  2   1074
  4258   5852   1350  2   1074
  1350   5852   4256  2   1074
  4256   5852   5853  2   1074
  4256   5853   1349  2   1074
  1349   5853   4253  2   1074
  4253   5853   5850  2   1074
  4253   5850   4254  2   1074
  4254   5850   5851  2   1074
  4254   5851   4255  2   1074
  4264   1351   4261  2   1077
  4264   4261   4263  2   1077
  4263   4261   4260  2   1077
  4263   4260   4262  2   1077
  4262   4260   1352  2   1077
  4262   1352   1353  2   1077
  5855   5854   5856  2   1080
  5857   5854   5855  2   1080
  4453   1354   4267  2   1080
  4453   4267   5856  2   1080
  4453   5856   4454  2   1080
  4454   5856   5854  2   1080
  4454   5854   4455  2   1080
  4455   5854   1356  2   1080
  1356   5854   4269  2   1080
  4269   5854   5857  2   1080
  4269   5857   4268  2   1080
  4268   5857   4265  2   1080
  4268   4265   1355  2   1080
  4265   5857   5855  2   1080
  4265   5855   4266  2   1080
  4266   5855   4267  2   1080
  4267   5855   5856  2   1080
  1359   1357   4271  2   1082
  1359   4271   4273  2   1082
  4273   4271   4270  2   1082
  4273   4270   4272  2   1082
  4272   4270   1358  2   1082
  1362   1360   4279  2   1084
  1362   4279   4280  2   1084
  4280   4279   4278  2   1084
  4280   4278   1361  2   1084
  1365   1363   4283  2   1086
  4283   1363   4281  2   1086
  4283   4281   4282  2   1086
  4282   4281   1364  2   1086
  1368   1366   1367  2   1089
  4465   1369   1370  2   1091
  4465   1370   1371  2   1091
  4478   1372   1373  2   1093
  4478   1373   4292  2   1093
  4478   4292   4479  2   1093
  4479   4292   4293  2   1093
  4479   4293   1374  2   1093
  4493   1375   4295  2   1095
  4493   4295   5858  2   1095
  4493   5858   1377  2   1095
  1377   5858   4297  2   1095
  4297   5858   5859  2   1095
  4297   5859   4296  2   1095
  4296   5859   4294  2   1095
  4296   4294   1376  2   1095
  4294   5859   4295  2   1095
  4295   5859   5858  2   1095
  4303   1378   4299  2   1097
  4303   4299   4298  2   1097
  4303   4298   4302  2   1097
  4302   4298   1379  2   1097
  4302   1379   1380  2   1097
  4512   1381   4309  2   1100
  4512   4309   4308  2   1100
  4512   4308   4513  2   1100
  4513   4308   4310  2   1100
  4513   4310   1383  2   1100
  4310   4308   1382  2   1100
  4321   1384   5860  2   1102
  4321   5860   4320  2   1102
  4320   5860   4313  2   1102
  4320   4313   1386  2   1102
  4313   5860   4312  2   1102
  4312   5860   4311  2   1102
  4312   4311   1385  2   1102
  4311   5860   1384  2   1102
  4525   1387   4323  2   1105
  4525   4323   4322  2   1105
  4525   4322   4526  2   1105
  4526   4322   1388  2   1105
  4526   1388   4527  2   1105
  4527   1388   1389  2   1105
  1392   1390   1391  2   1107
  1395   1393   1394  2   1109
  1398   1396   4326  2   1112
  4326   1396   1397  2   1112
  1401   1399   1400  2   1115
  1404   1402   1403  2   1117
  5417   1405   1406  2   1119
  5417   1406   1407  2   1119
  4347   1408   1409  2   1121
  4347   1409   4342  2   1121
  4347   4342   4346  2   1121
  4346   4342   4343  2   1121
  4346   4343   1410  2   1121
  4351   1411   4349  2   1124
  4351   4349   4348  2   1124
  4351   4348   4350  2   1124
  4350   4348   1412  2   1124
  4350   1412   1413  2   1124
  5413   1414   4353  2   1127
  5413   4353   4355  2   1127
  5413   4355   1416  2   1127
  4355   4353   4352  2   1127
  4355   4352   4354  2   1127
  4354   4352   1415  2   1127
  4368   1417   4357  2   1129
  4368   4357   5861  2   1129
  4368   5861   4367  2   1129
  4367   5861   4359  2   1129
  4367   4359   1419  2   1129
  4359   5861   4358  2   1129
  4358   5861   4356  2   1129
  4358   4356   1418  2   1129
  4356   5861   4357  2   1129
  4362   1420   4361  2   1131
  4362   4361   4360  2   1131
  4362   4360   1422  2   1131
  1422   4360   1421  2   1131
  4541   1423   4370  2   1135
  4541   4370   4542  2   1135
  4542   4370   4369  2   1135
  4542   4369   1425  2   1135
  1425   4369   1424  2   1135
  4382   1426   1427  2   1137
  4382   1427   4377  2   1137
  4382   4377   4381  2   1137
  4381   4377   4378  2   1137
  4381   4378   1428  2   1137
  4556   1429   5862  2   1140
  4556   5862   4386  2   1140
  4556   4386   1431  2   1140
  4386   5862   5863  2   1140
  4386   5863   4385  2   1140
  4385   5863   4383  2   1140
  4385   4383   1430  2   1140
  4383   5863   4384  2   1140
  4384   5863   5862  2   1140
  4384   5862   1429  2   1140
  4394   1432   4388  2   1142
  4394   4388   4389  2   1142
  4394   4389   1434  2   1142
  4389   4388   4387  2   1142
  4389   4387   1433  2   1142
  1437   1435   4398  2   1145
  1437   4398   1436  2   1145
  4405   1438   4401  2   1148
  4405   4401   4402  2   1148
  4405   4402   1440  2   1148
  4401   1438   1439  2   1148
  4564   1441   4406  2   1151
  4564   4406   1443  2   1151
  1443   4406   1442  2   1151
  4416   1444   4409  2   1153
  4416   4409   1446  2   1153
  4409   1444   1445  2   1153
  4414   1447   4413  2   1155
  4414   4413   1449  2   1155
  1449   4413   1448  2   1155
  4570   1450   4417  2   1159
  4570   4417   4418  2   1159
  4570   4418   1452  2   1159
  4418   4417   1451  2   1159
  1455   1453   4422  2   1161
  1455   4422   1454  2   1161
  1458   1456   4425  2   1163
  4425   1456   1457  2   1163
  1461   1459   4429  2   1165
  1461   4429   1460  2   1165
  4592   1462   4430  2   1169
  4592   4430   4431  2   1169
  4592   4431   4593  2   1169
  4593   4431   1464  2   1169
  4430   1462   1463  2   1169
  4595   1465   5864  2   1171
  4595   5864   4434  2   1171
  4595   4434   1467  2   1171
  4434   5864   1469  2   1171
  1469   5864   5678  2   1171
  5678   5864   5865  2   1171
  5678   5865   1468  2   1171
  1468   5865   4436  2   1171
  4436   5865   4432  2   1171
  4436   4432   1466  2   1171
  4432   5865   4433  2   1171
  4433   5865   5864  2   1171
  4433   5864   1465  2   1171
  1472   1470   4435  2   1173
  1472   4435   4440  2   1173
  4440   4435   1469  2   1173
  4440   1469   4439  2   1173
  4439   1469   5678  2   1173
  4439   5678   1468  2   1173
  4439   1468   4437  2   1173
  4439   4437   4438  2   1173
  4438   4437   1471  2   1173
  1475   1473   4446  2   1176
  4446   1473   4443  2   1176
  4446   4443   4445  2   1176
  4445   4443   4442  2   1176
  4445   4442   4444  2   1176
  4444   4442   4441  2   1176
  4444   4441   1474  2   1176
  5867   5866   5868  2   1178
  5868   5866   5869  2   1178
  5870   5867   5871  2   1178
  5867   5868   5871  2   1178
  5871   5868   5872  2   1178
  4457   1476   5872  2   1178
  4457   5872   5869  2   1178
  4457   5869   4456  2   1178
  4456   5869   1478  2   1178
  1478   5869   5866  2   1178
  1478   5866   4452  2   1178
  4452   5866   4451  2   1178
  4451   5866   5867  2   1178
  4451   5867   4450  2   1178
  4450   5867   5870  2   1178
  4450   5870   4447  2   1178
  4450   4447   1477  2   1178
  4447   5870   4448  2   1178
  4448   5870   5871  2   1178
  4448   5871   4449  2   1178
  4449   5871   5872  2   1178
  4449   5872   1476  2   1178
  5869   5872   5868  2   1178
  4461   1479   4459  2   1181
  4461   4459   4458  2   1181
  4461   4458   4460  2   1181
  4460   4458   1480  2   1181
  4460   1480   1481  2   1181
  4642   1482   4463  2   1184
  4642   4463   4462  2   1184
  4642   4462   4643  2   1184
  4643   4462   1483  2   1184
  4643   1483   1484  2   1184
  4466   1485   1486  2   1186
  4466   1486   4464  2   1186
  4466   4464   1487  2   1186
  1490   1488   4467  2   1189
  1490   4467   4468  2   1189
  4468   4467   1489  2   1189
  4650   1491   5874  2   1191
  4650   5874   5873  2   1191
  4650   5873   4651  2   1191
  4651   5873   4472  2   1191
  4651   4472   1493  2   1191
  4472   5873   4471  2   1191
  4471   5873   5874  2   1191
  4471   5874   4470  2   1191
  4470   5874   4469  2   1191
  4470   4469   1492  2   1191
  4469   5874   1491  2   1191
  1496   1494   4475  2   1193
  1496   4475   4477  2   1193
  4477   4475   4474  2   1193
  4477   4474   4476  2   1193
  4476   4474   4473  2   1193
  4476   4473   1495  2   1193
  4669   1497   1498  2   1196
  4669   1498   4480  2   1196
  4669   4480   4670  2   1196
  4670   4480   4481  2   1196
  4670   4481   1499  2   1196
  1502   1500   4483  2   1198
  1502   4483   4485  2   1198
  4485   4483   4482  2   1198
  4485   4482   4484  2   1198
  4484   4482   1501  2   1198
  1505   1503   4489  2   1200
  4489   1503   4487  2   1200
  4489   4487   4488  2   1200
  4488   4487   4486  2   1200
  4488   4486   1504  2   1200
  5876   5875   5877  2   1202
  4496   1506   4491  2   1202
  4496   4491   5877  2   1202
  4496   5877   4495  2   1202
  4495   5877   5875  2   1202
  4495   5875   4494  2   1202
  4494   5875   4492  2   1202
  4494   4492   1508  2   1202
  4492   5875   5876  2   1202
  4492   5876   1507  2   1202
  1507   5876   4490  2   1202
  4490   5876   5877  2   1202
  4490   5877   4491  2   1202
  1511   1509   4499  2   1205
  1511   4499   4502  2   1205
  4502   4499   4498  2   1205
  4502   4498   4501  2   1205
  4501   4498   4497  2   1205
  4501   4497   4500  2   1205
  4500   4497   1510  2   1205
  4699   1512   4505  2   1207
  4699   4505   4504  2   1207
  4699   4504   4700  2   1207
  4700   4504   4503  2   1207
  4700   4503   4701  2   1207
  4701   4503   1513  2   1207
  4701   1513   1514  2   1207
  1517   1515   4508  2   1209
  4508   1515   1516  2   1209
  1520   1518   4509  2   1211
  1520   4509   1519  2   1211
  4514   1521   4510  2   1213
  4514   4510   4511  2   1213
  4514   4511   1523  2   1213
  4510   1521   1522  2   1213
  1526   1524   4516  2   1216
  4516   1524   4515  2   1216
  4516   4515   1525  2   1216
  4722   1527   4517  2   1218
  4722   4517   1529  2   1218
  1529   4517   1528  2   1218
  4725   1530   4518  2   1220
  4725   4518   4519  2   1220
  4725   4519   4726  2   1220
  4726   4519   1532  2   1220
  4518   1530   1531  2   1220
  1535   1533   4524  2   1222
  4524   1533   4523  2   1222
  4523   1533   4521  2   1222
  4523   4521   4522  2   1222
  4522   4521   4520  2   1222
  4522   4520   1534  2   1222
  1538   1536   1537  2   1225
  1541   1539   4530  2   1228
  4530   1539   1540  2   1228
  1544   1542   4532  2   1230
  4532   1542   4531  2   1230
  4532   4531   1543  2   1230
  1547   1545   4536  2   1232
  1547   4536   4537  2   1232
  4537   4536   1546  2   1232
  4543   1548   4540  2   1234
  4543   4540   1550  2   1234
  4540   1548   4539  2   1234
  4539   1548   4538  2   1234
  4539   4538   1549  2   1234
  1553   1551   4545  2   1237
  4545   1551   4544  2   1237
  4545   4544   1552  2   1237
  1556   1554   4546  2   1239
  1556   4546   4547  2   1239
  4547   4546   1555  2   1239
  1559   1557   4549  2   1241
  4549   1557   4548  2   1241
  4549   4548   1558  2   1241
  1562   1560   4551  2   1243
  4551   1560   4550  2   1243
  4551   4550   1561  2   1243
  1565   1563   4552  2   1245
  1565   4552   4553  2   1245
  4553   4552   1564  2   1245
  4557   1566   4554  2   1247
  4557   4554   4555  2   1247
  4557   4555   1568  2   1247
  4555   4554   1567  2   1247
  1571   1569   4559  2   1250
  4559   1569   4558  2   1250
  4559   4558   1570  2   1250
  1574   1572   4560  2   1252
  1574   4560   4561  2   1252
  4561   4560   1573  2   1252
  1577   1575   4563  2   1254
  4563   1575   4562  2   1254
  4563   4562   1576  2   1254
  1580   1578   1579  2   1257
  1583   1581   1582  2   1259
  4743   1584   1585  2   1261
  4743   1585   4567  2   1261
  4743   4567   4744  2   1261
  4744   4567   1586  2   1261
  5406   1587   4568  2   1263
  5406   4568   1589  2   1263
  1589   4568   1588  2   1263
  4571   1590   1591  2   1265
  4571   1591   4569  2   1265
  4571   4569   1592  2   1265
  5402   1593   4572  2   1268
  5402   4572   4573  2   1268
  5402   4573   1595  2   1268
  4573   4572   1594  2   1268
  1598   1596   4575  2   1270
  4575   1596   4574  2   1270
  4575   4574   1597  2   1270
  4767   1599   4576  2   1272
  4767   4576   4577  2   1272
  4767   4577   1601  2   1272
  4577   4576   1600  2   1272
  1604   1602   4582  2   1274
  4582   1602   4581  2   1274
  4582   4581   1603  2   1274
  1607   1605   4584  2   1276
  4584   1605   4583  2   1276
  4584   4583   1606  2   1276
  4587   1608   4585  2   1278
  4587   4585   4586  2   1278
  4586   4585   1609  2   1278
  4586   1609   1610  2   1278
  1613   1611   4589  2   1281
  1613   4589   4591  2   1281
  4591   4589   4588  2   1281
  4591   4588   4590  2   1281
  4590   4588   1612  2   1281
  4596   1614   1615  2   1284
  4596   1615   4594  2   1284
  4596   4594   1616  2   1284
  1619   1617   4600  2   1287
  1619   4600   4601  2   1287
  4601   4600   1618  2   1287
  4786   1620   4605  2   1289
  4786   4605   4606  2   1289
  4786   4606   1622  2   1289
  4606   4605   1621  2   1289
  4798   1623   4612  2   1291
  4798   4612   4613  2   1291
  4798   4613   1625  2   1291
  4612   1623   4610  2   1291
  4612   4610   4611  2   1291
  4611   4610   1624  2   1291
  5398   1626   4616  2   1293
  5398   4616   5399  2   1293
  5399   4616   4615  2   1293
  5399   4615   1628  2   1293
  1628   4615   4614  2   1293
  1628   4614   1627  2   1293
  1631   1629   4617  2   1295
  4617   1629   1630  2   1295
  1634   1632   4621  2   1297
  1634   4621   1633  2   1297
  5397   1635   4622  2   1301
  5397   4622   4623  2   1301
  5397   4623   5396  2   1301
  5396   4623   1637  2   1301
  4622   1635   1636  2   1301
  4802   1638   5878  2   1303
  4802   5878   4626  2   1303
  4802   4626   1640  2   1303
  4626   5878   1642  2   1303
  1642   5878   5679  2   1303
  5679   5878   1641  2   1303
  1641   5878   4625  2   1303
  1641   4625   4628  2   1303
  4628   4625   4624  2   1303
  4628   4624   1639  2   1303
  4625   5878   1638  2   1303
  1645   1643   4627  2   1305
  1645   4627   4632  2   1305
  4632   4627   1642  2   1305
  4632   1642   4631  2   1305
  4631   1642   5679  2   1305
  4631   5679   1641  2   1305
  4631   1641   4630  2   1305
  4630   1641   4629  2   1305
  4630   4629   1644  2   1305
  1648   1646   4635  2   1308
  1648   4635   4637  2   1308
  4637   4635   4634  2   1308
  4637   4634   4636  2   1308
  4636   4634   4633  2   1308
  4636   4633   1647  2   1308
  5882   5880   5883  2   1310
  5880   5881   5883  2   1310
  5883   5881   5884  2   1310
  1653   1649   5884  2   1310
  1653   5884   5881  2   1310
  1653   5881   5680  2   1310
  5680   5881   5880  2   1310
  5680   5880   5879  2   1310
  5680   5879   1652  2   1310
  1652   5879   1651  2   1310
  1651   5879   4641  2   1310
  4641   5879   5880  2   1310
  4641   5880   4640  2   1310
  4640   5880   5882  2   1310
  4640   5882   1650  2   1310
  1650   5882   4638  2   1310
  4638   5882   5883  2   1310
  4638   5883   4639  2   1310
  4639   5883   5884  2   1310
  4639   5884   1649  2   1310
  4827   1654   5887  2   1313
  4827   5887   5685  2   1313
  4827   5685   1658  2   1313
  4827   1658   1656  2   1313
  5685   5887   5684  2   1313
  5684   5887   5886  2   1313
  5684   5886   5683  2   1313
  5683   5886   5885  2   1313
  5683   5885   5682  2   1313
  5682   5885   5680  2   1313
  5682   5680   1652  2   1313
  5682   1652   5681  2   1313
  5681   1652   1657  2   1313
  1657   1652   1655  2   1313
  5680   5885   1653  2   1313
  1653   5885   5886  2   1313
  1653   5886   5887  2   1313
  1653   5887   1654  2   1313
  4654   1659   1658  2   1316
  4654   1658   5685  2   1316
  4654   5685   4653  2   1316
  4653   5685   5684  2   1316
  4653   5684   4652  2   1316
  4652   5684   5683  2   1316
  4652   5683   1661  2   1316
  1661   5683   5682  2   1316
  1661   5682   4645  2   1316
  4645   5682   5681  2   1316
  4645   5681   4644  2   1316
  4644   5681   1657  2   1316
  4644   1657   1660  2   1316
  4649   1662   4647  2   1319
  4649   4647   4648  2   1319
  4648   4647   4646  2   1319
  4648   4646   1664  2   1319
  1664   4646   1663  2   1319
  5888   5889   5891  2   1323
  5891   5889   5892  2   1323
  5892   5889   5893  2   1323
  5889   5890   5893  2   1323
  5891   5892   5894  2   1323
  4845   1665   5894  2   1323
  4845   5894   5892  2   1323
  4845   5892   4846  2   1323
  4846   5892   5893  2   1323
  4846   5893   4847  2   1323
  4847   5893   5890  2   1323
  4847   5890   1667  2   1323
  1667   5890   4664  2   1323
  4664   5890   4663  2   1323
  4663   5890   5889  2   1323
  4663   5889   5888  2   1323
  4663   5888   1666  2   1323
  1666   5888   4660  2   1323
  4660   5888   5891  2   1323
  4660   5891   4661  2   1323
  4661   5891   4662  2   1323
  4662   5891   5894  2   1323
  4662   5894   1665  2   1323
  1670   1668   4668  2   1325
  4668   1668   4666  2   1325
  4668   4666   4667  2   1325
  4667   4666   4665  2   1325
  4667   4665   1669  2   1325
  4852   1671   4673  2   1328
  4852   4673   4674  2   1328
  4852   4674   4853  2   1328
  4853   4674   4675  2   1328
  4853   4675   1673  2   1328
  4673   1671   1672  2   1328
  4884   1674   4678  2   1330
  4884   4678   4677  2   1330
  4884   4677   4885  2   1330
  4885   4677   4676  2   1330
  4885   4676   4886  2   1330
  4886   4676   1675  2   1330
  4886   1675   1676  2   1330
  4896   1677   1678  2   1332
  4896   1678   4679  2   1332
  4896   4679   1679  2   1332
  1682   1680   4680  2   1334
  1682   4680   1681  2   1334
  1685   1683   1684  2   1336
  4908   1686   1687  2   1340
  4908   1687   4685  2   1340
  4908   4685   1688  2   1340
  4689   1689   4686  2   1342
  4689   4686   1690  2   1342
  4689   1690   1691  2   1342
  4923   1692   4693  2   1345
  4923   4693   5895  2   1345
  4923   5895   4924  2   1345
  4924   5895   4694  2   1345
  4924   4694   1694  2   1345
  4694   5895   1693  2   1345
  1693   5895   4693  2   1345
  4704   1695   5897  2   1347
  4704   5897   4703  2   1347
  4703   5897   5896  2   1347
  4703   5896   4702  2   1347
  4702   5896   4698  2   1347
  4702   4698   1697  2   1347
  4698   5896   4697  2   1347
  4697   5896   4696  2   1347
  4696   5896   5897  2   1347
  4696   5897   4695  2   1347
  4696   4695   1696  2   1347
  4695   5897   1695  2   1347
  4931   1698   4707  2   1350
  4931   4707   4706  2   1350
  4931   4706   4932  2   1350
  4932   4706   4705  2   1350
  4932   4705   1700  2   1350
  1700   4705   1699  2   1350
  4942   1701   1702  2   1352
  4942   1702   1703  2   1352
  1706   1704   1705  2   1354
  1709   1707   1708  2   1356
  1712   1710   4710  2   1359
  4710   1710   1711  2   1359
  1715   1713   4712  2   1361
  4712   1713   4711  2   1361
  4712   4711   1714  2   1361
  4975   1716   4716  2   1363
  4975   4716   5898  2   1363
  4975   5898   4976  2   1363
  4976   5898   4718  2   1363
  4976   4718   1718  2   1363
  4718   5898   4717  2   1363
  4717   5898   4716  2   1363
  4717   4716   1717  2   1363
  1721   1719   4720  2   1365
  1721   4720   4721  2   1365
  4721   4720   4719  2   1365
  4721   4719   1720  2   1365
  4728   1722   1723  2   1368
  4728   1723   4723  2   1368
  4728   4723   4727  2   1368
  4727   4723   4724  2   1368
  4727   4724   1724  2   1368
  4732   1725   4730  2   1371
  4732   4730   4729  2   1371
  4732   4729   4731  2   1371
  4731   4729   1726  2   1371
  4731   1726   1727  2   1371
  5393   1728   4738  2   1374
  5393   4738   5394  2   1374
  5394   4738   4737  2   1374
  5394   4737   5395  2   1374
  5395   4737   1729  2   1374
  5395   1729   1730  2   1374
  1733   1731   1732  2   1376
  4745   1734   4741  2   1379
  4745   4741   4742  2   1379
  4745   4742   1736  2   1379
  4741   1734   1735  2   1379
  5392   1737   4746  2   1382
  5392   4746   5900  2   1382
  5392   5900   5391  2   1382
  5391   5900   4748  2   1382
  5391   4748   5390  2   1382
  5390   4748   1739  2   1382
  4748   5900   5899  2   1382
  4748   5899   4747  2   1382
  4747   5899   1738  2   1382
  1738   5899   4746  2   1382
  4746   5899   5900  2   1382
  4980   1740   4750  2   1384
  4980   4750   1742  2   1384
  1742   4750   4749  2   1384
  1742   4749   1741  2   1384
  1745   1743   1744  2   1386
  1748   1746   4757  2   1389
  4757   1746   1747  2   1389
  1751   1749   4758  2   1391
  1751   4758   1750  2   1391
  1754   1752   4759  2   1393
  4759   1752   1753  2   1393
  1757   1755   4761  2   1395
  4761   1755   4760  2   1395
  4761   4760   1756  2   1395
  1760   1758   4765  2   1397
  1760   4765   4766  2   1397
  4766   4765   1759  2   1397
  1763   1761   1762  2   1400
  1766   1764   1765  2   1403
  4993   1767   1768  2   1405
  4993   1768   4776  2   1405
  4993   4776   4994  2   1405
  4994   4776   1769  2   1405
  5387   1770   4777  2   1407
  5387   4777   1772  2   1407
  1772   4777   4778  2   1407
  4778   4777   1771  2   1407
  5383   1773   4783  2   1409
  5383   4783   1775  2   1409
  4783   1773   4782  2   1409
  4783   4782   1774  2   1409
  4787   1776   4784  2   1411
  4787   4784   4785  2   1411
  4787   4785   1778  2   1411
  4785   4784   1777  2   1411
  5002   1779   4788  2   1414
  5002   4788   4789  2   1414
  5002   4789   1781  2   1414
  4789   4788   1780  2   1414
  1784   1782   4791  2   1416
  4791   1782   4790  2   1416
  4791   4790   1783  2   1416
  1787   1785   4792  2   1418
  1787   4792   4793  2   1418
  4793   4792   1786  2   1418
  1790   1788   4795  2   1420
  4795   1788   4794  2   1420
  4795   4794   1789  2   1420
  1793   1791   4797  2   1422
  4797   1791   4796  2   1422
  4797   4796   1792  2   1422
  4803   1794   4801  2   1425
  4803   4801   1796  2   1425
  4801   1794   1795  2   1425
  5012   1797   4807  2   1428
  5012   4807   5901  2   1428
  5012   5901   4808  2   1428
  5012   4808   1799  2   1428
  4808   5901   1798  2   1428
  1798   5901   4807  2   1428
  5022   1800   4814  2   1430
  5022   4814   4815  2   1430
  5022   4815   1802  2   1430
  4814   1800   4812  2   1430
  4814   4812   4813  2   1430
  4813   4812   1801  2   1430
  5381   1803   4818  2   1432
  5381   4818   4817  2   1432
  5381   4817   5382  2   1432
  5382   4817   4816  2   1432
  5382   4816   1805  2   1432
  1805   4816   1804  2   1432
  1808   1806   4819  2   1434
  4819   1806   1807  2   1434
  1811   1809   4823  2   1436
  1811   4823   1810  2   1436
  4826   1812   1813  2   1439
  4826   1813   1814  2   1439
  5380   1815   4828  2   1443
  5380   4828   4829  2   1443
  5380   4829   5379  2   1443
  5379   4829   1817  2   1443
  4828   1815   1816  2   1443
  1820   1818   4831  2   1445
  1820   4831   4833  2   1445
  4833   4831   4830  2   1445
  4833   4830   4832  2   1445
  4832   4830   1819  2   1445
  1823   1821   4838  2   1447
  4838   1821   4835  2   1447
  4838   4835   4837  2   1447
  4837   4835   4834  2   1447
  4837   4834   4836  2   1447
  4836   4834   1822  2   1447
  5904   5902   5905  2   1449
  5905   5902   5906  2   1449
  5902   5903   5906  2   1449
  4848   1824   5906  2   1449
  4848   5906   5903  2   1449
  4848   5903   1826  2   1449
  1826   5903   4844  2   1449
  4844   5903   5902  2   1449
  4844   5902   4843  2   1449
  4843   5902   5904  2   1449
  4843   5904   4842  2   1449
  4842   5904   4839  2   1449
  4842   4839   1825  2   1449
  4839   5904   4840  2   1449
  4840   5904   5905  2   1449
  4840   5905   4841  2   1449
  4841   5905   5906  2   1449
  4841   5906   1824  2   1449
  4854   1827   5907  2   1452
  4854   5907   4851  2   1452
  4854   4851   1829  2   1452
  4851   5907   4850  2   1452
  4850   5907   4849  2   1452
  4850   4849   1828  2   1452
  4849   5907   1827  2   1452
  1832   1830   4855  2   1455
  1832   4855   1831  2   1455
  1835   1833   4858  2   1457
  4858   1833   1834  2   1457
  1838   1836   4862  2   1459
  1838   4862   1837  2   1459
  5061   1839   1840  2   1461
  5061   1840   4863  2   1461
  5061   4863   5062  2   1461
  5062   4863   4864  2   1461
  5062   4864   1841  2   1461
  1844   1842   4866  2   1463
  1844   4866   4868  2   1463
  4868   4866   4865  2   1463
  4868   4865   4867  2   1463
  4867   4865   1843  2   1463
  5070   1845   1849  2   1465
  5070   1849   1847  2   1465
  1849   1845   5686  2   1465
  5686   1845   4870  2   1465
  5686   4870   1848  2   1465
  1848   4870   4869  2   1465
  1848   4869   1846  2   1465
  1852   1850   1849  2   1467
  1852   1849   4873  2   1467
  4873   1849   5686  2   1467
  4873   5686   4872  2   1467
  4872   5686   1848  2   1467
  4872   1848   4871  2   1467
  4871   1848   1851  2   1467
  1855   1853   4876  2   1470
  1855   4876   4878  2   1470
  4878   4876   4875  2   1470
  4878   4875   4877  2   1470
  4877   4875   4874  2   1470
  4877   4874   1854  2   1470
  5910   5909   5911  2   1472
  5910   5911   5912  2   1472
  5912   5911   5913  2   1472
  4889   1856   4880  2   1472
  4889   4880   5913  2   1472
  4889   5913   5911  2   1472
  4889   5911   4888  2   1472
  4888   5911   5909  2   1472
  4888   5909   4887  2   1472
  4887   5909   5908  2   1472
  4887   5908   1858  2   1472
  1858   5908   4883  2   1472
  4883   5908   4882  2   1472
  4882   5908   5910  2   1472
  4882   5910   4881  2   1472
  4881   5910   5912  2   1472
  4881   5912   1857  2   1472
  1857   5912   4879  2   1472
  4879   5912   5913  2   1472
  4879   5913   4880  2   1472
  5910   5908   5909  2   1472
  5095   1859   5917  2   1475
  5095   5917   1863  2   1475
  5095   1863   1861  2   1475
  1863   5917   5689  2   1475
  5689   5917   5916  2   1475
  5689   5916   5688  2   1475
  5688   5916   5915  2   1475
  5688   5915   5687  2   1475
  5687   5915   5914  2   1475
  5687   5914   1862  2   1475
  1862   5914   4890  2   1475
  1862   4890   1860  2   1475
  4890   5914   5915  2   1475
  4890   5915   4891  2   1475
  4891   5915   4892  2   1475
  4892   5915   5916  2   1475
  4892   5916   5917  2   1475
  4892   5917   1859  2   1475
  5116   1864   1863  2   1477
  5116   1863   5689  2   1477
  5116   5689   5117  2   1477
  5117   5689   5688  2   1477
  5117   5688   1866  2   1477
  1866   5688   5687  2   1477
  1866   5687   4893  2   1477
  4893   5687   1862  2   1477
  4893   1862   1865  2   1477
  4898   1867   4894  2   1480
  4898   4894   4897  2   1480
  4897   4894   4895  2   1480
  4897   4895   1869  2   1480
  4895   4894   1868  2   1480
  1872   1870   4904  2   1483
  1872   4904   4905  2   1483
  4905   4904   4903  2   1483
  4905   4903   1871  2   1483
  1875   1873   4907  2   1485
  4907   1873   4906  2   1485
  4907   4906   1874  2   1485
  1878   1876   1877  2   1488
  1881   1879   1880  2   1490
  1884   1882   4919  2   1492
  4919   1882   1883  2   1492
  4925   1885   4921  2   1494
  4925   4921   4922  2   1494
  4925   4922   1887  2   1494
  4921   1885   4920  2   1494
  4921   4920   1886  2   1494
  5146   1888   4926  2   1497
  5146   4926   5147  2   1497
  5147   4926   1889  2   1497
  5147   1889   1890  2   1497
  4934   1891   1892  2   1499
  4934   1892   4929  2   1499
  4934   4929   4933  2   1499
  4933   4929   4930  2   1499
  4933   4930   1893  2   1499
  1896   1894   4938  2   1502
  4938   1894   4936  2   1502
  4938   4936   4937  2   1502
  4937   4936   4935  2   1502
  4937   4935   1895  2   1502
  5178   1897   4940  2   1504
  5178   4940   4939  2   1504
  5178   4939   5179  2   1504
  5179   4939   1898  2   1504
  5179   1898   1899  2   1504
  1902   1900   4941  2   1506
  4941   1900   1901  2   1506
  1905   1903   1904  2   1509
  5200   1906   1907  2   1511
  5200   1907   1908  2   1511
  1911   1909   1910  2   1513
  1914   1912   1913  2   1515
  4981   1915   1916  2   1519
  4981   1916   4959  2   1519
  4981   4959   1917  2   1519
  4977   1918   4960  2   1521
  4977   4960   4961  2   1521
  4977   4961   1920  2   1521
  4961   4960   1919  2   1521
  4970   1921   4962  2   1523
  4970   4962   4969  2   1523
  4969   4962   1922  2   1523
  4969   1922   1923  2   1523
  1926   1924   4978  2   1527
  1926   4978   4979  2   1527
  4979   4978   1925  2   1527
  4984   1927   4982  2   1531
  4984   4982   4983  2   1531
  4983   4982   1928  2   1531
  4983   1928   1929  2   1531
  5203   1930   4986  2   1534
  5203   4986   4985  2   1534
  5203   4985   5204  2   1534
  5204   4985   1931  2   1534
  5204   1931   1932  2   1534
  1935   1933   1934  2   1536
  5211   1936   4987  2   1539
  5211   4987   4988  2   1539
  5211   4988   5212  2   1539
  5212   4988   1938  2   1539
  4987   1936   1937  2   1539
  1941   1939   4990  2   1541
  1941   4990   4992  2   1541
  4992   4990   4989  2   1541
  4992   4989   4991  2   1541
  4991   4989   1940  2   1541
  5003   1942   4999  2   1544
  5003   4999   1944  2   1544
  4999   1942   1943  2   1544
  1947   1945   5000  2   1546
  1947   5000   5001  2   1546
  5001   5000   1946  2   1546
  5216   1948   5004  2   1550
  5216   5004   1950  2   1550
  1950   5004   1949  2   1550
  1953   1951   1952  2   1552
  1956   1954   1955  2   1554
  5222   1957   1958  2   1558
  5222   1958   5007  2   1558
  5222   5007   1959  2   1558
  5378   1960   5008  2   1560
  5378   5008   1962  2   1560
  1962   5008   1961  2   1560
  5013   1963   5011  2   1562
  5013   5011   1965  2   1562
  5011   1963   1964  2   1562
  5374   1966   5014  2   1565
  5374   5014   5015  2   1565
  5374   5015   1968  2   1565
  5015   5014   1967  2   1565
  5230   1969   5016  2   1567
  5230   5016   5017  2   1567
  5230   5017   1971  2   1567
  5017   5016   1970  2   1567
  1974   1972   5019  2   1569
  5019   1972   5018  2   1569
  5019   5018   1973  2   1569
  1977   1975   5021  2   1571
  5021   1975   5020  2   1571
  5021   5020   1976  2   1571
  1980   1978   1979  2   1575
  1983   1981   1982  2   1577
  5241   1984   5029  2   1579
  5241   5029   1986  2   1579
  5029   1984   1985  2   1579
  5260   1987   5030  2   1581
  5260   5030   5261  2   1581
  5261   5030   1988  2   1581
  5261   1988   1989  2   1581
  5046   1990   1991  2   1583
  5046   1991   5033  2   1583
  5046   5033   1992  2   1583
  1995   1993   5043  2   1585
  1995   5043   5044  2   1585
  5044   5043   1994  2   1585
  1998   1996   5045  2   1587
  1998   5045   1997  2   1587
  5267   1999   5047  2   1592
  5267   5047   5918  2   1592
  5267   5918   2001  2   1592
  2001   5918   5048  2   1592
  5048   5918   2000  2   1592
  2000   5918   5047  2   1592
  5063   2002   5054  2   1594
  5063   5054   5055  2   1594
  5063   5055   2004  2   1594
  5054   2002   5053  2   1594
  5053   2002   5052  2   1594
  5053   5052   2003  2   1594
  5060   2005   5058  2   1596
  5060   5058   5057  2   1596
  5060   5057   5059  2   1596
  5059   5057   5056  2   1596
  5059   5056   2007  2   1596
  2007   5056   2006  2   1596
  5277   2008   5064  2   1600
  5277   5064   2010  2   1600
  2010   5064   2009  2   1600
  5071   2011   5067  2   1602
  5071   5067   2013  2   1602
  5067   2011   2012  2   1602
  5069   2014   5068  2   1604
  5069   5068   2016  2   1604
  2016   5068   2015  2   1604
  2019   2017   5079  2   1608
  5079   2017   5078  2   1608
  5079   5078   2018  2   1608
  5299   2020   5080  2   1610
  5299   5080   2022  2   1610
  2022   5080   2021  2   1610
  2025   2023   5087  2   1612
  5087   2023   2024  2   1612
  2028   2026   5091  2   1614
  2028   5091   2027  2   1614
  5094   2029   2030  2   1617
  5094   2030   2031  2   1617
  5121   2032   5919  2   1621
  5121   5919   5102  2   1621
  5121   5102   5120  2   1621
  5120   5102   5103  2   1621
  5120   5103   2034  2   1621
  5102   5919   2033  2   1621
  2033   5919   2032  2   1621
  2037   2035   5107  2   1623
  5107   2035   5105  2   1623
  5107   5105   5106  2   1623
  5106   5105   5104  2   1623
  5106   5104   2036  2   1623
  2040   2038   5109  2   1625
  2040   5109   5111  2   1625
  5111   5109   5108  2   1625
  5111   5108   5110  2   1625
  5110   5108   2039  2   1625
  5306   2041   5123  2   1629
  5306   5123   5307  2   1629
  5307   5123   5122  2   1629
  5307   5122   2043  2   1629
  2043   5122   2042  2   1629
  2046   2044   5130  2   1631
  5130   2044   2045  2   1631
  2049   2047   5131  2   1633
  2049   5131   2048  2   1633
  2052   2050   2051  2   1636
  2055   2053   2054  2   1638
  2058   2056   2057  2   1641
  2061   2059   5142  2   1643
  5142   2059   2060  2   1643
  5149   2062   5143  2   1645
  5149   5143   5920  2   1645
  5149   5920   5148  2   1645
  5148   5920   5145  2   1645
  5148   5145   2064  2   1645
  5145   5920   5144  2   1645
  5144   5920   5143  2   1645
  5144   5143   2063  2   1645
  5354   2065   5151  2   1648
  5354   5151   5150  2   1648
  5354   5150   5355  2   1648
  5355   5150   5152  2   1648
  5355   5152   2067  2   1648
  5152   5150   2066  2   1648
  5160   2068   5153  2   1650
  5160   5153   2069  2   1650
  5160   2069   2070  2   1650
  2073   2071   5161  2   1653
  2073   5161   5162  2   1653
  5162   5161   2072  2   1653
  2076   2074   5165  2   1655
  5165   2074   5164  2   1655
  5164   2074   5163  2   1655
  5164   5163   2075  2   1655
  5921   5922   5923  2   1657
  5366   2077   5923  2   1657
  5366   5923   5922  2   1657
  5366   5922   5367  2   1657
  5367   5922   5169  2   1657
  5367   5169   2079  2   1657
  5169   5922   5168  2   1657
  5168   5922   5921  2   1657
  5168   5921   2078  2   1657
  2078   5921   5166  2   1657
  5166   5921   5923  2   1657
  5166   5923   5167  2   1657
  5167   5923   2077  2   1657
  2082   2080   5177  2   1659
  5177   2080   5175  2   1659
  5177   5175   5924  2   1659
  5177   5924   5176  2   1659
  5176   5924   5174  2   1659
  5176   5174   2081  2   1659
  5174   5924   5175  2   1659
  2085   2083   5180  2   1662
  5180   2083   2084  2   1662
  5182   2086   5181  2   1664
  5182   5181   2087  2   1664
  5182   2087   2088  2   1664
  2091   2089   5183  2   1667
  2091   5183   5184  2   1667
  5184   5183   2090  2   1667
  2094   2092   5187  2   1669
  5187   2092   5185  2   1669
  5187   5185   5186  2   1669
  5186   5185   2093  2   1669
  2097   2095   5189  2   1671
  2097   5189   5190  2   1671
  5190   5189   5188  2   1671
  5190   5188   2096  2   1671
  5206   2098   5925  2   1673
  5206   5925   5926  2   1673
  5206   5926   5205  2   1673
  5205   5926   5193  2   1673
  5205   5193   2100  2   1673
  5193   5926   5192  2   1673
  5192   5926   5925  2   1673
  5192   5925   5191  2   1673
  5192   5191   2099  2   1673
  5191   5925   2098  2   1673
  5202   2101   5195  2   1675
  5202   5195   5194  2   1675
  5202   5194   5927  2   1675
  5202   5927   5201  2   1675
  5201   5927   2103  2   1675
  2103   5927   5196  2   1675
  5196   5927   2102  2   1675
  2102   5927   5194  2   1675
  2106   2104   5210  2   1679
  5210   2104   5208  2   1679
  5210   5208   5209  2   1679
  5209   5208   5207  2   1679
  5209   5207   2105  2   1679
  2109   2107   5213  2   1683
  5213   2107   2108  2   1683
  2112   2110   5214  2   1685
  2112   5214   2111  2   1685
  2115   2113   5215  2   1687
  5215   2113   2114  2   1687
  2118   2116   2117  2   1690
  5361   2119   5217  2   1692
  5361   5217   5218  2   1692
  5361   5218   5360  2   1692
  5360   5218   2121  2   1692
  5217   2119   2120  2   1692
  2124   2122   5220  2   1694
  2124   5220   5221  2   1694
  5221   5220   5219  2   1694
  5221   5219   2123  2   1694
  5231   2125   5227  2   1697
  5231   5227   2127  2   1697
  5227   2125   2126  2   1697
  2130   2128   5228  2   1699
  2130   5228   5229  2   1699
  5229   5228   2129  2   1699
  5235   2131   5232  2   1703
  5235   5232   2133  2   1703
  2133   5232   2132  2   1703
  2136   2134   5236  2   1706
  2136   5236   2135  2   1706
  2139   2137   2138  2   1708
  5242   2140   5237  2   1710
  5242   5237   2142  2   1710
  5237   2140   2141  2   1710
  2145   2143   5245  2   1713
  5245   2143   5243  2   1713
  5245   5243   5244  2   1713
  5244   5243   2144  2   1713
  5349   2146   5247  2   1715
  5349   5247   5928  2   1715
  5349   5928   5348  2   1715
  5348   5928   5249  2   1715
  5348   5249   2148  2   1715
  5249   5928   5248  2   1715
  5248   5928   5246  2   1715
  5248   5246   2147  2   1715
  5246   5928   5247  2   1715
  5324   2149   5251  2   1717
  5324   5251   5325  2   1717
  5325   5251   5250  2   1717
  5325   5250   2151  2   1717
  2151   5250   2150  2   1717
  5263   2152   2153  2   1719
  5263   2153   5258  2   1719
  5263   5258   5262  2   1719
  5262   5258   5259  2   1719
  5262   5259   2154  2   1719
  5268   2155   5265  2   1722
  5268   5265   5266  2   1722
  5268   5266   2157  2   1722
  5266   5265   5264  2   1722
  5266   5264   2156  2   1722
  5337   2158   5269  2   1725
  5337   5269   5270  2   1725
  5337   5270   2160  2   1725
  5270   5269   2159  2   1725
  2163   2161   5272  2   1727
  5272   2161   5271  2   1727
  5272   5271   2162  2   1727
  2166   2164   5273  2   1729
  2166   5273   5274  2   1729
  5274   5273   2165  2   1729
  2169   2167   5276  2   1731
  5276   2167   5275  2   1731
  5276   5275   2168  2   1731
  2172   2170   2171  2   1734
  2175   2173   2174  2   1736
  2178   2176   2177  2   1738
  5308   2179   5286  2   1740
  5308   5286   5287  2   1740
  5308   5287   2181  2   1740
  5286   2179   2180  2   1740
  5301   2182   5289  2   1742
  5301   5289   5288  2   1742
  5301   5288   5300  2   1742
  5300   5288   5290  2   1742
  5300   5290   2184  2   1742
  5290   5288   2183  2   1742
  5298   2185   5291  2   1744
  5298   5291   2186  2   1744
  5298   2186   2187  2   1744
  2190   2188   5309  2   1749
  2190   5309   2189  2   1749
  2193   2191   2192  2   1751
  2196   2194   5312  2   1754
  5312   2194   2195  2   1754
  5318   2197   5313  2   1756
  5318   5313   2198  2   1756
  5318   2198   2199  2   1756
  2202   2200   5319  2   1759
  2202   5319   5320  2   1759
  5320   5319   2201  2   1759
  5326   2203   5323  2   1761
  5326   5323   2205  2   1761
  5323   2203   5322  2   1761
  5322   2203   5321  2   1761
  5322   5321   2204  2   1761
  2208   2206   5328  2   1764
  5328   2206   5327  2   1764
  5328   5327   2207  2   1764
  2211   2209   5329  2   1766
  2211   5329   5330  2   1766
  5330   5329   2210  2   1766
  2214   2212   5332  2   1768
  5332   2212   5331  2   1768
  5332   5331   2213  2   1768
  2217   2215   5334  2   1770
  5334   2215   5333  2   1770
  5334   5333   2216  2   1770
  2220   2218   5335  2   1772
  2220   5335   5336  2   1772
  5336   5335   2219  2   1772
  2223   2221   2222  2   1777
  2226   2224   5353  2   1784
  5353   2224   5351  2   1784
  5353   5351   5352  2   1784
  5352   5351   5350  2   1784
  5352   5350   2225  2   1784
  2229   2227   5358  2   1787
  5358   2227   2228  2   1787
  2232   2230   5359  2   1789
  2232   5359   2231  2   1789
  2235   2233   5365  2   1795
  5365   2233   5363  2   1795
  5365   5363   5364  2   1795
  5364   5363   5362  2   1795
  5364   5362   2234  2   1795
  2240   2238   5421  2   1822
  2240   5421   2242  2   1822
  2242   5421   2237  2   1822
  2242   2237   5691  2   1822
  5691   2237   5690  2   1822
  5691   5690   2236  2   1822
  5691   2236   2241  2   1822
  2241   2236   2239  2   1822
  2245   2243   2244  2   1828
  5440   2246   5428  2   1831
  5440   5428   5429  2   1831
  5440   5429   5439  2   1831
  5439   5429   5430  2   1831
  5439   5430   2248  2   1831
  5428   2246   2247  2   1831
  5542   2249   5442  2   1834
  5542   5442   5929  2   1834
  5542   5929   2251  2   1834
  2251   5929   5443  2   1834
  5443   5929   5441  2   1834
  5443   5441   2250  2   1834
  5441   5929   5442  2   1834
  2254   2252   5444  2   1836
  2254   5444   2253  2   1836
  2257   2255   5447  2   1838
  5447   2255   2256  2   1838
  2260   2258   5451  2   1840
  2260   5451   2259  2   1840
  5565   2261   2262  2   1842
  5565   2262   5452  2   1842
  5565   5452   5566  2   1842
  5566   5452   5453  2   1842
  5566   5453   2263  2   1842
  5468   2264   5457  2   1844
  5468   5457   5458  2   1844
  5468   5458   2266  2   1844
  5457   2264   5930  2   1844
  5457   5930   5456  2   1844
  5456   5930   5454  2   1844
  5456   5454   2265  2   1844
  5454   5930   5455  2   1844
  5455   5930   2264  2   1844
  2269   2267   5461  2   1846
  2269   5461   5464  2   1846
  5464   5461   5460  2   1846
  5464   5460   5463  2   1846
  5463   5460   5459  2   1846
  5463   5459   5462  2   1846
  5462   5459   2268  2   1846
  2272   2270   5469  2   1850
  2272   5469   5470  2   1850
  5470   5469   2271  2   1850
  5559   2273   5478  2   1853
  5559   5478   5479  2   1853
  5559   5479   5558  2   1853
  5558   5479   5480  2   1853
  5558   5480   5557  2   1853
  5557   5480   2275  2   1853
  5478   2273   2274  2   1853
  5486   2276   5483  2   1855
  5486   5483   5482  2   1855
  5486   5482   2278  2   1855
  2278   5482   5484  2   1855
  5484   5482   5481  2   1855
  5484   5481   2277  2   1855
  5497   2279   5490  2   1858
  5497   5490   5491  2   1858
  5497   5491   2281  2   1858
  5491   5490   2280  2   1858
  2284   2282   5493  2   1860
  5493   2282   5492  2   1860
  5493   5492   2283  2   1860
  5550   2285   5504  2   1864
  5550   5504   2286  2   1864
  5550   2286   2287  2   1864
  5552   2288   2289  2   1866
  5552   2289   5507  2   1866
  5552   5507   2290  2   1866
  5556   2291   5508  2   1868
  5556   5508   2293  2   1868
  2293   5508   2292  2   1868
  2296   2294   2295  2   1870
  5555   2297   5509  2   1873
  5555   5509   2299  2   1873
  5509   2297   2298  2   1873
  5516   2300   5510  2   1875
  5516   5510   5511  2   1875
  5516   5511   2302  2   1875
  5511   5510   2301  2   1875
  2305   2303   5521  2   1878
  5521   2303   5520  2   1878
  5521   5520   2304  2   1878
  2308   2306   2307  2   1881
  5554   2309   2310  2   1884
  5554   2310   2311  2   1884
  2314   2312   5533  2   1886
  5533   2312   2313  2   1886
  5544   2315   5534  2   1888
  5544   5534   2317  2   1888
  2317   5534   2316  2   1888
  5539   2318   2319  2   1890
  5539   2319   5537  2   1890
  5539   5537   2320  2   1890
  5543   2321   5931  2   1893
  5543   5931   5541  2   1893
  5543   5541   2323  2   1893
  5541   5931   5540  2   1893
  5541   5540   2322  2   1893
  5540   5931   2321  2   1893
  5545   2324   2325  2   1897
  5545   2325   2326  2   1897
  5547   2327   5546  2   1900
  5547   5546   2328  2   1900
  5547   2328   2329  2   1900
  2332   2330   5549  2   1903
  5549   2330   5548  2   1903
  5549   5548   2331  2   1903
  5553   2333   5551  2   1906
  5553   5551   2335  2   1906
  5551   2333   2334  2   1906
  5564   2336   5562  2   1911
  5564   5562   5561  2   1911
  5564   5561   5563  2   1911
  5563   5561   5560  2   1911
  5563   5560   2338  2   1911
  2338   5560   2337  2   1911
  5599   2339   5595  2   1925
  5599   5595   5596  2   1925
  5599   5596   2341  2   1925
  5595   2339   2340  2   1925
  5620   2342   5616  2   1933
  5620   5616   5932  2   1933
  5620   5932   5619  2   1933
  5619   5932   5617  2   1933
  5619   5617   2344  2   1933
  5617   5932   2343  2   1933
  2343   5932   5616  2   1933
  5637   2345   5632  2   1938
  5637   5632   2346  2   1938
  5637   2346   2347  2   1938
  2350   2348   5638  2   1941
  2350   5638   5639  2   1941
  5639   5638   2349  2   1941
  5933   5935   5936  1   1948
  5934   5933   5936  1   1948
  5934   5936   5937  1   1948
  5935   5942   5943  1   1948
  5936   5935   5943  1   1948
  5936   5943   5944  1   1948
  5937   5936   5944  1   1948
  5938   5937   5944  1   1948
  5938   5944   5945  1   1948
  5939   5938   5945  1   1948
  5941   5940   5946  1   1948
  5942   5941   5946  1   1948
  5943   5942   5946  1   1948
  5944   5943   5946  1   1948
  5945   5944   5946  1   1948
  5940   5945   5946  1   1948
  5945   5940   2376  1   1948
  5945   2376   5939  1   1948
  5939   2376     20  1   1948
  5939     20     17  1   1948
  5939     17   5938  1   1948
  5938     17   2371  1   1948
  5938   2371   5937  1   1948
  5937   2371   5934  1   1948
  5934   2371   2368  1   1948
  5934   2368     14  1   1948
  5934     14   5933  1   1948
  5933     14     11  1   1948
  5933     11      8  1   1948
  5933      8   5935  1   1948
  5935      8   2361  1   1948
  5935   2361   5942  1   1948
  5942   2361      5  1   1948
  5942      5   5941  1   1948
  5941      5   2356  1   1948
  5941   2356   5940  1   1948
  5940   2356      1  1   1948
  5940      1   2376  1   1948
  5948   5947   5950  1   1949
  5948   5950   5645  1   1949
  5948   5645   2420  1   1949
  5948   2420     56  1   1949
  5948     56     53  1   1949
  5948     53   5947  1   1949
  5947     53   2418  1   1949
  5947   2418   2416  1   1949
  5947   2416   5950  1   1949
  5950   2416   5949  1   1949
  5950   5949   2358  1   1949
  5950   2358      4  1   1949
  5950      4   5645  1   1949
  2358   5949      2  1   1949
     2   5949     45  1   1949
    45   5949   2416  1   1949
  2416   2418     50  1   1949
  2416     50     47  1   1949
  2420   5645   2422  1   1949
  2422   5645   5643  1   1949
  2422   5643   2424  1   1949
  2424   5643   5641  1   1949
  2424   5641     59  1   1949
    59   5641     62  1   1949
    62   5641      9  1   1949
    62      9     10  1   1949
    62     10     65  1   1949
  5646      6   2363  1   1950
  5646   2363   5951  1   1950
  5646   5951   5644  1   1950
  5644   5951   5642  1   1950
  5642   5951      7  1   1950
     7   5951   2363  1   1950
    13     68     12  1   1951
    12     68     66  1   1951
    16     83     80  1   1952
    16     80   2373  1   1952
  2373     80   2447  1   1952
  2373   2447   2370  1   1952
  2370   2447     77  1   1952
  2370     77     74  1   1952
  2370     74     15  1   1952
    15     74     71  1   1952
    15     71     69  1   1952
    19     22     84  1   1953
    19     84     18  1   1953
  5953   5952   5955  1   1954
  5952   5956   5954  1   1954
  5952   5954   5955  1   1954
  5955   5954   5957  1   1954
  5955   5957   5958  1   1954
  5957   5956   5959  1   1954
  5954   5956   5957  1   1954
  5958   5957   5960  1   1954
  5960   5959   5961  1   1954
  5957   5959   5960  1   1954
  5960   5961   2378  1   1954
  5960   2378      3  1   1954
  5960      3     44  1   1954
  5960     44   5958  1   1954
  5958     44   2410  1   1954
  5958   2410   5955  1   1954
  5955   2410     41  1   1954
  5955     41   5953  1   1954
  5953     41     38  1   1954
  5953     38     35  1   1954
  5953     35   5952  1   1954
  5952     35     29  1   1954
  5952     29   2389  1   1954
  5952   2389   5956  1   1954
  5956   2389     26  1   1954
  5956     26   5959  1   1954
  5959     26   2382  1   1954
  5959   2382   5961  1   1954
  5961   2382     21  1   1954
  5961     21   2378  1   1954
    21   2382     23  1   1954
    29     35     32  1   1954
  2492    119   2484  1   1955
  2492   2484    110  1   1955
  2492    110   5962  1   1955
  2492   5962     25  1   1955
    25   5962   5963  1   1955
    25   5963   2385  1   1955
  2385   5963   2472  1   1955
  2385   2472    101  1   1955
  2385    101     24  1   1955
    24    101   2467  1   1955
    24   2467     82  1   1955
    82   2467     81  1   1955
    81   2467   2464  1   1955
    81   2464     86  1   1955
    86   2464     98  1   1955
    86     98     89  1   1955
    89     98     95  1   1955
    89     95     92  1   1955
  2472   5963    104  1   1955
   104   5963    107  1   1955
   107   5963   5962  1   1955
   107   5962    110  1   1955
   110   2484    113  1   1955
  2484    119    116  1   1955
    28    120   2493  1   1956
    28   2493   2391  1   1956
  2391   2493     27  1   1956
    31    128     30  1   1957
   128    125    122  1   1957
   128    122     30  1   1957
    30    122    118  1   1957
   118    122    117  1   1957
  5633   2346   5965  1   1958
  5633   5965   2520  1   1958
  5633   2520   2518  1   1958
  5633   2518   5964  1   1958
  5633   5964   5635  1   1958
  5635   5964    131  1   1958
  5635    131   2516  1   1958
  5635   2516     34  1   1958
    34   2516    129  1   1958
    34    129     33  1   1958
   131   5964    134  1   1958
   134   5964   2518  1   1958
  2520   5965   2522  1   1958
  2522   5965    137  1   1958
   137   5965     49  1   1958
    49   5965     48  1   1958
    48   5965   2346  1   1958
    37   2349   5966  1   1959
    37   5966     36  1   1959
    36   5966   5636  1   1959
  5636   5966   5634  1   1959
  5634   5966   2349  1   1959
  5634   2349   2347  1   1959
    40   2350     39  1   1960
  2417     46   5967  1   1961
  2417   5967     43  1   1961
    43   5967   2412  1   1961
  2412   5967   2348  1   1961
  2412   2348     42  1   1961
  2348   5967   2345  1   1961
  2345   5967     46  1   1961
    52    140   2419  1   1962
  2419    140    138  1   1962
  2419    138     51  1   1962
  2530    146   5969  1   1963
  2530   5969     55  1   1963
    55   5969   5968  1   1963
    55   5968     54  1   1963
    54   5968    141  1   1963
   141   5968    143  1   1963
   143   5968   5969  1   1963
   143   5969    146  1   1963
  2534    152   5970  1   1964
  2534   5970   5971  1   1964
  2534   5971   2536  1   1964
  2536   5971   5972  1   1964
  2536   5972   2425  1   1964
  2536   2425     58  1   1964
  2425   5972   2423  1   1964
  2423   5972   2421  1   1964
  2421   5972   2531  1   1964
  2421   2531     57  1   1964
  2531   5972   5971  1   1964
  2531   5971   5970  1   1964
  2531   5970    147  1   1964
   147   5970    149  1   1964
   149   5970    152  1   1964
    61    158     60  1   1965
    60    158    155  1   1965
    60    155   2537  1   1965
  2537    155   2538  1   1965
  2537   2538   2535  1   1965
  2535   2538    153  1   1965
    64     67   5973  1   1966
    64   5973     63  1   1966
    63   5973    161  1   1966
    63    161    159  1   1966
   161   5973    164  1   1966
   164   5973    167  1   1966
   167   5973     70  1   1966
    70   5973     67  1   1966
  2544    170    168  1   1967
  2544    168     73  1   1967
    73    168     72  1   1967
    76    188   5976  1   1968
    76   5976     75  1   1968
    75   5976   2545  1   1968
  2545   5976   5975  1   1968
  2545   5975    171  1   1968
   171   5975   5974  1   1968
   171   5974    173  1   1968
   173   5974    179  1   1968
   173    179    176  1   1968
   179   5974    182  1   1968
   182   5974   5975  1   1968
   182   5975    185  1   1968
   185   5975   5976  1   1968
   185   5976    188  1   1968
    79     85   2562  1   1969
    79   2562   2449  1   1969
  2449   2562    189  1   1969
  2449    189     78  1   1969
    88    197    194  1   1970
    88    194   5977  1   1970
    88   5977     87  1   1970
    87   5977   2563  1   1970
  2563   5977    187  1   1970
   187   5977    186  1   1970
   186   5977    191  1   1970
   191   5977    194  1   1970
    91    198     90  1   1971
  5978   5980   5981  1   1972
  5979   5978   5981  1   1972
  5979   5981    206  1   1972
  5979    206   2583  1   1972
  5979   2583    203  1   1972
  5979    203   2578  1   1972
  5979   2578   5978  1   1972
  5978   2578   2576  1   1972
  5978   2576   5980  1   1972
  5980   2576    195  1   1972
  5980    195    196  1   1972
  5980    196     94  1   1972
  5980     94    209  1   1972
  5980    209   5981  1   1972
  5981    209    206  1   1972
    94    196     93  1   1972
  2578    203    200  1   1972
  5983   5982   5986  1   1973
  5983   5986   5987  1   1973
  5985   5984   5991  1   1973
  5985   5991   5992  1   1973
  5986   5994   5995  1   1973
  5987   5986   5995  1   1973
  5988   5987   5995  1   1973
  5988   5995   5996  1   1973
  5989   5988   5996  1   1973
  5990   5989   5996  1   1973
  5991   5990   5996  1   1973
  5984   5990   5991  1   1973
  5992   5991   5997  1   1973
  5993   5992   5997  1   1973
  5994   5993   5997  1   1973
  5995   5994   5997  1   1973
  5996   5995   5997  1   1973
  5991   5996   5997  1   1973
  5994   5986   5627  1   1973
  5994   5627   5624  1   1973
  5994   5624   5993  1   1973
  5993   5624    102  1   1973
  5993    102   5992  1   1973
  5992    102   2474  1   1973
  5992   2474   5985  1   1973
  5985   2474    103  1   1973
  5985    103    218  1   1973
  5985    218   5984  1   1973
  5984    218   2603  1   1973
  5984   2603   5990  1   1973
  5990   2603    215  1   1973
  5990    215   5989  1   1973
  5989    215   2600  1   1973
  5989   2600   5988  1   1973
  5988   2600    212  1   1973
  5988    212   5987  1   1973
  5987    212   2596  1   1973
  5987   2596   5983  1   1973
  5983   2596    210  1   1973
  5983    210   5982  1   1973
  5982    210     96  1   1973
  5982     96     97  1   1973
  5982     97   5627  1   1973
  5982   5627   5986  1   1973
  5629     99   2466  1   1974
  5629   2466   5998  1   1974
  5629   5998   5626  1   1974
  5626   5998   2469  1   1974
  5626   2469    100  1   1974
  2469   5998   2466  1   1974
   106    219    105  1   1975
  6000   5999   6002  1   1976
  5999   6003   6001  1   1976
  5999   6001   6002  1   1976
  6002   6001   6005  1   1976
  6001   6003   6007  1   1976
  6001   6007   6004  1   1976
  6001   6004   6005  1   1976
  6005   6004   6008  1   1976
  6005   6008   6009  1   1976
  6006   6010   6011  1   1976
  6007   6006   6011  1   1976
  6008   6007   6011  1   1976
  6004   6007   6008  1   1976
  6008   6011   2605  1   1976
  6008   2605    217  1   1976
  6008    217   6009  1   1976
  6009    217    108  1   1976
  6009    108   6005  1   1976
  6005    108    109  1   1976
  6005    109   6002  1   1976
  6002    109   2622  1   1976
  6002   2622   6000  1   1976
  6000   2622    235  1   1976
  6000    235    232  1   1976
  6000    232   5999  1   1976
  5999    232    229  1   1976
  5999    229   6003  1   1976
  6003    229    224  1   1976
  6003    224   6006  1   1976
  6003   6006   6007  1   1976
  6006    224   6010  1   1976
  6010    224    221  1   1976
  6010    221    216  1   1976
  6010    216   2605  1   1976
  6010   2605   6011  1   1976
   112    238   2624  1   1977
   112   2624    111  1   1977
  2624    238    236  1   1977
   115    121   2644  1   1978
   115   2644   2642  1   1978
   115   2642   2487  1   1978
  2487   2642   2640  1   1978
  2487   2640    114  1   1978
   114   2640   2638  1   1978
   114   2638    239  1   1978
   239   2638    244  1   1978
   239    244    241  1   1978
  2644    121    247  1   1978
   247    121    250  1   1978
   124    253    251  1   1979
   124    251    123  1   1979
  2517    130    256  1   1980
  2517    256    254  1   1980
  2517    254    126  1   1980
  2517    126    127  1   1980
  2673    268   2668  1   1981
  2673   2668   6013  1   1981
  2673   6013    133  1   1981
   133   6013   6014  1   1981
   133   6014    132  1   1981
   132   6014    259  1   1981
   132    259    257  1   1981
   259   6014   6012  1   1981
   259   6012    262  1   1981
   262   6012   2666  1   1981
  2666   6012   6013  1   1981
  2666   6013   2668  1   1981
  6013   6012   6014  1   1981
  2668    268    265  1   1981
  6015   6016   6017  1   1982
  6016   6018   6019  1   1982
  6017   6016   6019  1   1982
  6017   6019   2679  1   1982
  6017   2679   2677  1   1982
  6017   2677   6015  1   1982
  6015   2677   2675  1   1982
  6015   2675    135  1   1982
  6015    135   2519  1   1982
  6015   2519   6016  1   1982
  6016   2519   2521  1   1982
  6016   2521   6018  1   1982
  6018   2521   2523  1   1982
  6018   2523   6019  1   1982
  6019   2523   6020  1   1982
  6019   6020   2681  1   1982
  6019   2681   2679  1   1982
  2681   6020    142  1   1982
   142   6020    139  1   1982
   139   6020    136  1   1982
   136   6020   2523  1   1982
  2675   2677    269  1   1982
  6021   6022   6023  1   1983
  6023   6022   6024  1   1983
  6023   6024    145  1   1983
  6023    145    148  1   1983
  6023    148    274  1   1983
  6023    274   2688  1   1983
  6023   2688   6021  1   1983
  6021   2688    271  1   1983
  6021    271    266  1   1983
  6021    266   2678  1   1983
  6021   2678   2680  1   1983
  6021   2680   6022  1   1983
  6022   2680   2682  1   1983
  6022   2682   6024  1   1983
  6024   2682    144  1   1983
  6024    144    145  1   1983
  2678    266    267  1   1983
  2539    154    280  1   1984
  2539    280   6026  1   1984
  2539   6026    151  1   1984
   151   6026   6025  1   1984
   151   6025    150  1   1984
   150   6025    275  1   1984
   275   6025    277  1   1984
   277   6025   2695  1   1984
  2695   6025   6026  1   1984
  2695   6026    280  1   1984
   157    160   6027  1   1985
   157   6027    156  1   1985
   156   6027    281  1   1985
   281   6027    283  1   1985
   283   6027   2699  1   1985
   283   2699    286  1   1985
  2699   6027    160  1   1985
   289    287   2703  1   1986
  2707    295    292  1   1986
  2707    292   2705  1   1986
  2707   2705    163  1   1986
   163   2705   2703  1   1986
   163   2703   2700  1   1986
   163   2700    162  1   1986
  2700   2703    287  1   1986
   166    169    298  1   1987
   166    298   2708  1   1987
   166   2708    165  1   1987
  2708    298    296  1   1987
   298    169    172  1   1987
   304    301    307  1   1988
  6028   6030   6031  1   1988
  6029   6028   6031  1   1988
  6029   6031    175  1   1988
  6029    175   2721  1   1988
  6029   2721   2719  1   1988
  6029   2719   6028  1   1988
  6028   2719   2717  1   1988
  6028   2717   2715  1   1988
  6028   2715   6030  1   1988
  6030   2715   2713  1   1988
  6030   2713    299  1   1988
  6030    299    174  1   1988
  6030    174   6031  1   1988
  6031    174    175  1   1988
  2721    175    307  1   1988
  2721    307    301  1   1988
   312    308    315  1   1989
   178    324   2740  1   1989
   178   2740    177  1   1989
   177   2740    308  1   1989
   308   2740    318  1   1989
   308    318    315  1   1989
   318   2740    321  1   1989
   181    330    325  1   1990
   181    325    180  1   1990
   325    330    327  1   1990
   184    190    183  1   1991
   183    190    331  1   1991
  6032   6034   6035  1   1992
  6033   6032   6035  1   1992
  6033   6035   2579  1   1992
  6033   2579    339  1   1992
  6033    339    336  1   1992
  6033    336   6032  1   1992
  6032    336    333  1   1992
  6032    333    328  1   1992
  6032    328    329  1   1992
  6032    329   6034  1   1992
  6034    329    192  1   1992
  6034    192   2577  1   1992
  6034   2577   6035  1   1992
  6035   2577   2579  1   1992
  2577    192    193  1   1992
   339   2579    342  1   1992
   342   2579    199  1   1992
  2776    357   2774  1   1993
  2776   2774    354  1   1993
  2776    354    351  1   1993
  2776    351    345  1   1993
  2776    345   2764  1   1993
  2776   2764    202  1   1993
   202   2764    201  1   1993
   201   2764    343  1   1993
   345    351    348  1   1993
   205    363   6036  1   1994
   205   6036   2585  1   1994
  2585   6036    204  1   1994
   204   6036   2777  1   1994
  2777   6036    358  1   1994
   358   6036    360  1   1994
   360   6036    363  1   1994
  2598    211    364  1   1995
  2598    364    207  1   1995
  2598    207    208  1   1995
   364    211    366  1   1995
   366    211    369  1   1995
   369    211    372  1   1995
   214    220   2601  1   1996
  2601    220    373  1   1996
  2601    373    213  1   1996
   223    375    222  1   1997
   222    375    370  1   1997
   222    370    371  1   1997
  6037   6042   6043  1   1998
  6038   6037   6043  1   1998
  6041   6040   6046  1   1998
  6041   6046   6047  1   1998
  6042   6041   6047  1   1998
  6042   6047   6048  1   1998
  6043   6042   6048  1   1998
  6044   6043   6048  1   1998
  6039   6043   6044  1   1998
  6045   6044   6049  1   1998
  6047   6046   6050  1   1998
  6048   6047   6050  1   1998
  6049   6048   6050  1   1998
  6044   6048   6049  1   1998
  6049   6050    376  1   1998
  6049    376    225  1   1998
  6049    225   6045  1   1998
  6045    225    228  1   1998
  6045    228    387  1   1998
  6045    387   2812  1   1998
  6045   2812   6039  1   1998
  6045   6039   6044  1   1998
  6039   2812   2809  1   1998
  6039   2809   6038  1   1998
  6039   6038   6043  1   1998
  6038   2809    384  1   1998
  6038    384    381  1   1998
  6038    381   6037  1   1998
  6037    381   2804  1   1998
  6037   2804   6041  1   1998
  6037   6041   6042  1   1998
  6041   2804   2801  1   1998
  6041   2801   6040  1   1998
  6040   2801    378  1   1998
  6040    378   2796  1   1998
  6040   2796   6046  1   1998
  6046   2796   2793  1   1998
  6046   2793    376  1   1998
  6046    376   6050  1   1998
   231    390    388  1   1999
   231    388    230  1   1999
   234    237    233  1   2000
   237    240    391  1   2000
   237    391    233  1   2000
   391    240    393  1   2000
   243    399    394  1   2001
   243    394    242  1   2001
   394    399    396  1   2001
  2840    411   6053  1   2002
  2840   6053   6055  1   2002
  2840   6055   2842  1   2002
  2842   6055   2645  1   2002
  2842   2645    246  1   2002
  2645   6055   2643  1   2002
  2643   6055   6052  1   2002
  2643   6052   2641  1   2002
  2641   6052   6054  1   2002
  2641   6054   2639  1   2002
  2639   6054    402  1   2002
  2639    402    400  1   2002
  2639    400    245  1   2002
   402   6054    405  1   2002
   405   6054   6051  1   2002
   405   6051    408  1   2002
   408   6051    411  1   2002
   411   6051   6053  1   2002
  6053   6051   6052  1   2002
  6053   6052   6055  1   2002
  6052   6051   6054  1   2002
   249    252    248  1   2003
   248    252   2843  1   2003
  2843    252   6056  1   2003
  2843   6056   2841  1   2003
  2841   6056   2844  1   2003
  2841   2844    412  1   2003
  2844   6056   2846  1   2003
  2846   6056    255  1   2003
  2846    255   2848  1   2003
  2848    255    258  1   2003
  2848    258    414  1   2003
   255   6056    252  1   2003
   432    429   2866  1   2004
   261    435   6058  1   2004
   261   6058   2854  1   2004
   261   2854   2851  1   2004
   261   2851    417  1   2004
   261    417    260  1   2004
   260    417    415  1   2004
  2854   6058   6057  1   2004
  2854   6057    420  1   2004
   420   6057    423  1   2004
   423   6057    426  1   2004
   426   6057   2866  1   2004
   426   2866    429  1   2004
  2866   6057   2868  1   2004
  2868   6057   6058  1   2004
  2868   6058    435  1   2004
   264    270    447  1   2005
   264    447   2669  1   2005
  2669    447   2888  1   2005
  2669   2888   6060  1   2005
  2669   6060   2667  1   2005
  2667   6060   6059  1   2005
  2667   6059    263  1   2005
   263   6059    436  1   2005
   436   6059    444  1   2005
   436    444    438  1   2005
   438    444    441  1   2005
   444   6059   2888  1   2005
  2888   6059   6060  1   2005
   273    276   2897  1   2006
   273   2897   2690  1   2006
  2690   2897    448  1   2006
  2690    448    272  1   2006
   279    282   2915  1   2007
   279   2915   2697  1   2007
  2697   2915   2913  1   2007
  2697   2913   6063  1   2007
  2697   6063    278  1   2007
   278   6063   6062  1   2007
   278   6062   2899  1   2007
  2899   6062   6061  1   2007
  2899   6061    446  1   2007
   446   6061   2905  1   2007
   446   2905   2903  1   2007
   446   2903   2891  1   2007
  2891   2903   2901  1   2007
  2891   2901    445  1   2007
   445   2901    450  1   2007
  2905   6061   2907  1   2007
  2907   6061   2909  1   2007
  2909   6061   6062  1   2007
  2909   6062   2911  1   2007
  2911   6062   6063  1   2007
  2911   6063   2913  1   2007
   285    288    284  1   2008
  6064   6065   6066  1   2008
  6064   6066   6067  1   2008
  6066   6065   6069  1   2008
  6066   6069   6070  1   2008
  6066   6070   6071  1   2008
  6067   6066   6071  1   2008
  6067   6071   6072  1   2008
  6067   6072   6073  1   2008
  6065   6074   6068  1   2008
  6065   6068   6069  1   2008
  6069   6068   6076  1   2008
  6069   6076   6077  1   2008
  6070   6069   6077  1   2008
  6070   6077   6078  1   2008
  6071   6070   6078  1   2008
  6071   6078   6079  1   2008
  6071   6079   6080  1   2008
  6072   6071   6080  1   2008
  6072   6080   6081  1   2008
  6073   6072   6081  1   2008
  6068   6075   6076  1   2008
  6078   6077   6082  1   2008
  6078   6082   6083  1   2008
  6079   6078   6083  1   2008
  6079   6083   6084  1   2008
  6080   6079   6084  1   2008
  6080   6084   6085  1   2008
  6080   6085   6086  1   2008
  6081   6080   6086  1   2008
  6081   6086   6087  1   2008
  6084   6083   6088  1   2008
  6084   6088   6089  1   2008
  6085   6084   6089  1   2008
  6085   6089   6090  1   2008
  6086   6085   6090  1   2008
  6086   6090   6091  1   2008
  6087   6086   6091  1   2008
  6087   6091   6092  1   2008
  6089   6088   6093  1   2008
  6089   6093   6094  1   2008
  6090   6089   6094  1   2008
  6090   6094   6095  1   2008
  6091   6090   6095  1   2008
  6091   6095   6096  1   2008
  6092   6091   6096  1   2008
  6094   6093   6097  1   2008
  6095   6094   6097  1   2008
  6095   6097   6098  1   2008
  6096   6095   6098  1   2008
  6096   6098   6099  1   2008
  6099   6098   6100  1   2008
  6099   6100    288  1   2008
  6099    288    462  1   2008
  6099    462   2933  1   2008
  6099   2933   6096  1   2008
  6096   2933   2931  1   2008
  6096   2931   6092  1   2008
  6092   2931   2929  1   2008
  6092   2929   6087  1   2008
  6087   2929   2927  1   2008
  6087   2927   6081  1   2008
  6081   2927   6073  1   2008
  6073   2927   2925  1   2008
  6073   2925   2923  1   2008
  6073   2923   6067  1   2008
  6067   2923   6064  1   2008
  6064   2923   2921  1   2008
  6064   2921   2919  1   2008
  6064   2919   6065  1   2008
  6065   2919   6074  1   2008
  6074   2919    459  1   2008
  6074    459    456  1   2008
  6074    456    453  1   2008
  6074    453    451  1   2008
  6074    451   6075  1   2008
  6074   6075   6068  1   2008
  6075    451   2902  1   2008
  6075   2902   6076  1   2008
  6076   2902   2904  1   2008
  6076   2904   6077  1   2008
  6077   2904   2906  1   2008
  6077   2906   6082  1   2008
  6082   2906   2908  1   2008
  6082   2908   6083  1   2008
  6083   2908   6088  1   2008
  6088   2908   2910  1   2008
  6088   2910   2912  1   2008
  6088   2912   6093  1   2008
  6093   2912   2914  1   2008
  6093   2914   6097  1   2008
  6097   2914   2916  1   2008
  6097   2916   6098  1   2008
  6098   2916   6100  1   2008
  6100   2916    284  1   2008
  6100    284    288  1   2008
  2937    468   2935  1   2009
  2937   2935   6101  1   2009
  2937   6101   2939  1   2009
  2939   6101   2941  1   2009
  2941   6101   2706  1   2009
  2941   2706    291  1   2009
  2706   6101   2704  1   2009
  2704   6101    290  1   2009
   290   6101    463  1   2009
   463   6101   2935  1   2009
  2935    468    465  1   2009
  6109   6108   6110  1   2010
  6109   6110   2714  1   2010
  6109   2714   6107  1   2010
  6109   6107   2945  1   2010
  6109   2945   2943  1   2010
  6109   2943   6108  1   2010
  6108   2943   2938  1   2010
  6108   2938   2940  1   2010
  6108   2940   2942  1   2010
  6108   2942   6110  1   2010
  6110   2942    293  1   2010
  6110    293    294  1   2010
  6110    294    297  1   2010
  6110    297   2714  1   2010
  2938   2943    469  1   2010
  2945   6107   6106  1   2010
  2945   6106   2947  1   2010
  2947   6106   6104  1   2010
  2947   6104   2949  1   2010
  2949   6104   6103  1   2010
  2949   6103   2951  1   2010
  2951   6103   6102  1   2010
  2951   6102   2953  1   2010
  2951   2953    471  1   2010
  2953   6102   2955  1   2010
  2955   6102   6103  1   2010
  2955   6103   2957  1   2010
  2957   6103   6105  1   2010
  2957   6105    474  1   2010
   474   6105    300  1   2010
   300   6105   2722  1   2010
  2722   6105   6103  1   2010
  2722   6103   6104  1   2010
  2722   6104   2720  1   2010
  2720   6104   2718  1   2010
  2718   6104   6106  1   2010
  2718   6106   2716  1   2010
  2716   6106   6107  1   2010
  2716   6107   2714  1   2010
   303   2343    316  1   2011
   303    316    302  1   2011
   302    316    317  1   2011
   302    317    475  1   2011
   475    317   2991  1   2011
   475   2991   2989  1   2011
   475   2989    477  1   2011
   477   2989   2987  1   2011
   477   2987    480  1   2011
   480   2987    439  1   2011
   480    439    440  1   2011
   306    311    305  1   2012
   305    311   2344  1   2012
   314   2342    313  1   2013
   320    489   2992  1   2014
   320   2992    319  1   2014
  2992    489    486  1   2014
  2992    486   6111  1   2014
  2992   6111   2990  1   2014
  2990   6111   2867  1   2014
  2990   2867   2988  1   2014
  2988   2867   2869  1   2014
  2988   2869    437  1   2014
   437   2869    434  1   2014
  2867   6111    433  1   2014
   433   6111   2995  1   2014
  2995   6111    486  1   2014
  6113   6112   6114  1   2015
  6113   6114    498  1   2015
  6113    498    495  1   2015
  6113    495    492  1   2015
  6113    492   6112  1   2015
  6112    492    490  1   2015
  6112    490    322  1   2015
  6112    322   2742  1   2015
  6112   2742   6114  1   2015
  6114   2742    323  1   2015
  6114    323    504  1   2015
  6114    504    498  1   2015
   498    504    501  1   2015
   504    323    332  1   2015
   332    323    326  1   2015
   335    505    334  1   2016
   338    507    502  1   2017
   338    502    337  1   2017
   337    502    503  1   2017
  2765    344    510  1   2018
  2765    510    341  1   2018
   341    510    508  1   2018
   341    508    340  1   2018
   510    344    513  1   2018
   347    519    516  1   2019
   347    516    346  1   2019
   346    516    514  1   2019
   350    525    522  1   2020
   350    522    520  1   2020
   350    520    349  1   2020
   353    540   6116  1   2021
   353   6116   6115  1   2021
   353   6115    352  1   2021
   352   6115    526  1   2021
   526   6115    528  1   2021
   528   6115   3059  1   2021
   528   3059    531  1   2021
  3059   6115   6116  1   2021
  3059   6116   6117  1   2021
  3059   6117   3061  1   2021
  3061   6117   3063  1   2021
  3063   6117   3069  1   2021
  3063   3069    537  1   2021
  3063    537    534  1   2021
  3069   6117   6116  1   2021
  3069   6116    540  1   2021
  6118   6120   6121  1   2022
  6119   6118   6121  1   2022
  6119   6121   2795  1   2022
  6119   2795   2798  1   2022
  6119   2798   3081  1   2022
  6119   3081   6118  1   2022
  6118   3081   3079  1   2022
  6118   3079    356  1   2022
  6118    356    359  1   2022
  6118    359   6120  1   2022
  6120    359    367  1   2022
  6120    367   6121  1   2022
  6121    367    368  1   2022
  6121    368    374  1   2022
  6121    374   2795  1   2022
   356   3079   2775  1   2022
  2775   3079    541  1   2022
  2775    541    355  1   2022
  3081   2798    543  1   2022
   543   2798    377  1   2022
   362    365    361  1   2023
   380    561    558  1   2024
   380    558    555  1   2024
   380    555   2806  1   2024
  2806    555    552  1   2024
  2806    552   2803  1   2024
  2803    552    549  1   2024
  2803    549    535  1   2024
  2803    535    379  1   2024
   379    535    544  1   2024
   544    535    536  1   2024
   535    549    546  1   2024
   383    564    562  1   2025
   383    562    382  1   2025
  6123   6122   6127  1   2026
  6123   6127   6128  1   2026
  6124   6123   6128  1   2026
  6122   6126   6127  1   2026
  6128   6127   6129  1   2026
  6128   6129   6130  1   2026
  6128   6130    395  1   2026
  6128    395    586  1   2026
  6128    586   6124  1   2026
  6124    586    583  1   2026
  6124    583    578  1   2026
  6124    578   6123  1   2026
  6123    578    575  1   2026
  6123    575   6122  1   2026
  6122    575    570  1   2026
  6122    570   6125  1   2026
  6122   6125   6126  1   2026
  6126   6125    385  1   2026
  6126    385   2811  1   2026
  6126   2811   2814  1   2026
  6126   2814   6129  1   2026
  6126   6129   6127  1   2026
  6129   2814    386  1   2026
  6129    386   6130  1   2026
  6130    386    389  1   2026
  6130    389    392  1   2026
  6130    392    395  1   2026
   385   6125    565  1   2026
   565   6125    567  1   2026
   567   6125    570  1   2026
   398    401    397  1   2027
   397    401    587  1   2027
   587    401   3140  1   2027
   587   3140    589  1   2027
   589   3140    595  1   2027
   589    595    592  1   2027
   404    598   6131  1   2028
   404   6131    403  1   2028
   403   6131   3142  1   2028
  3142   6131    598  1   2028
  3142    598    596  1   2028
  6132   6133   6135  1   2029
  6132   6135   6134  1   2029
  6132   6134   3154  1   2029
  6132   3154   3152  1   2029
  6132   3152   6133  1   2029
  6133   3152    604  1   2029
  6133    604    601  1   2029
  6133    601    599  1   2029
  6133    599   6135  1   2029
  6135    599    406  1   2029
  6135    406    407  1   2029
  6135    407   6134  1   2029
  6134    407   3156  1   2029
  6134   3156   3154  1   2029
  6137   6138   6139  1   2030
  6137   6139   5613  1   2030
  6137   5613   5611  1   2030
  6137   5611   3155  1   2030
  6137   3155   3157  1   2030
  6137   3157   6138  1   2030
  6138   3157    409  1   2030
  6138    409    410  1   2030
  6138    410   2845  1   2030
  6138   2845   6139  1   2030
  6139   2845   2847  1   2030
  6139   2847   2849  1   2030
  6139   2849   5613  1   2030
  5613   2849    413  1   2030
  5613    413    416  1   2030
  3155   5611   5609  1   2030
  3155   5609   3153  1   2030
  3153   5609   6136  1   2030
  3153   6136    605  1   2030
   605   6136    607  1   2030
   607   6136    610  1   2030
   610   6136   5607  1   2030
   610   5607   5605  1   2030
   610   5605    613  1   2030
   613   5605    422  1   2030
   422   5605    421  1   2030
  5607   6136   5609  1   2030
  6140   6142   6143  1   2031
  6141   6140   6143  1   2031
  6143   6142   6144  1   2031
  6143   6144   2853  1   2031
  6143   2853   2856  1   2031
  6143   2856   6141  1   2031
  6141   2856    419  1   2031
  6141    419   5606  1   2031
  6141   5606   5608  1   2031
  6141   5608   6140  1   2031
  6140   5608   5610  1   2031
  6140   5610   6142  1   2031
  6142   5610   5612  1   2031
  6142   5612   6144  1   2031
  6144   5612   5614  1   2031
  6144   5614    418  1   2031
  6144    418   2853  1   2031
   425    614    424  1   2032
  6145   6146   6147  1   2033
  6145   6147   3178  1   2033
  6145   3178    616  1   2033
  6145    616   3174  1   2033
  6145   3174   6146  1   2033
  6146   3174    611  1   2033
  6146    611    612  1   2033
  6146    612    427  1   2033
  6146    427   6147  1   2033
  6147    427    428  1   2033
  6147    428    619  1   2033
  6147    619   3178  1   2033
   430    431    620  1   2034
   625    622    628  1   2034
  2998    485   6148  1   2034
  2998   6148    431  1   2034
   431   6148    620  1   2034
   620   6148    622  1   2034
   622   6148    628  1   2034
   628   6148    485  1   2034
   443    449    442  1   2035
   442    449    452  1   2035
   442    452    481  1   2035
   455    478    479  1   2036
   455    479    454  1   2036
  2977    483    472  1   2037
  2977    472   2954  1   2037
  2977   2954   2956  1   2037
  2977   2956   6149  1   2037
  2977   6149    458  1   2037
   458   6149    457  1   2037
   457   6149    476  1   2037
   476   6149   2958  1   2037
   476   2958    473  1   2037
  2958   6149   2956  1   2037
  2936    464   6155  1   2038
  2936   6155   2934  1   2038
  2936   2934    461  1   2038
  2934   6155   2932  1   2038
  2932   6155   6154  1   2038
  2932   6154   2930  1   2038
  2930   6154   6153  1   2038
  2930   6153   2928  1   2038
  2928   6153   6152  1   2038
  2928   6152   2926  1   2038
  2926   6152   6151  1   2038
  2926   6151   2924  1   2038
  2924   6151   6150  1   2038
  2924   6150   2922  1   2038
  2922   6150   2920  1   2038
  2920   6150   2978  1   2038
  2920   2978    460  1   2038
  2978   6150    484  1   2038
   484   6150   6151  1   2038
   484   6151   2980  1   2038
  2980   6151   6152  1   2038
  2980   6152   2983  1   2038
  2983   6152   6153  1   2038
  2983   6153   6154  1   2038
  2983   6154    464  1   2038
   464   6154   6155  1   2038
  6156   6157   6158  1   2039
  6157   6159   6160  1   2039
  6158   6157   6160  1   2039
  6158   6160   6161  1   2039
  6159   6162   6163  1   2039
  6160   6159   6163  1   2039
  6160   6163   6161  1   2039
  6161   6163   2948  1   2039
  6161   2948   2950  1   2039
  6161   2950   6158  1   2039
  6158   2950   2952  1   2039
  6158   2952   6156  1   2039
  6156   2952    470  1   2039
  6156    470    482  1   2039
  6156    482   2982  1   2039
  6156   2982   6157  1   2039
  6157   2982   6159  1   2039
  6159   2982   2985  1   2039
  6159   2985   6162  1   2039
  6162   2985    466  1   2039
  6162    466    467  1   2039
  6162    467   2944  1   2039
  6162   2944   6163  1   2039
  6163   2944   2946  1   2039
  6163   2946   2948  1   2039
   488    491    487  1   2040
   487    491    629  1   2040
   631    626    634  1   2041
  3209    643    640  1   2041
  3209    640   6165  1   2041
  3209   6165    494  1   2041
   494   6165   6164  1   2041
   494   6164    493  1   2041
   493   6164    627  1   2041
   627   6164    626  1   2041
   626   6164    634  1   2041
   634   6164   6165  1   2041
   634   6165    637  1   2041
   637   6165    640  1   2041
  6166   6168   6169  1   2042
  6167   6166   6169  1   2042
  6167   6169   3227  1   2042
  6167   3227    649  1   2042
  6167    649   6166  1   2042
  6166    649   3211  1   2042
  6166   3211    496  1   2042
  6166    496   6168  1   2042
  6168    496    497  1   2042
  6168    497   3229  1   2042
  6168   3229   6169  1   2042
  6169   3229   3227  1   2042
  3211    649    646  1   2042
  3211    646    644  1   2042
   500    506   3245  1   2043
   500   3245   3230  1   2043
   500   3230    499  1   2043
  3230   3245   3243  1   2043
  3230   3243   3228  1   2043
  3228   3243   6170  1   2043
  3228   6170    650  1   2043
   650   6170    652  1   2043
   652   6170    655  1   2043
   655   6170   3243  1   2043
  3245    506    509  1   2043
  6172   6171   6174  1   2044
  6173   6172   6174  1   2044
  6173   6174    512  1   2044
  6173    512    515  1   2044
  6173    515   3256  1   2044
  6173   3256    658  1   2044
  6173    658   6172  1   2044
  6172    658    656  1   2044
  6172    656   6171  1   2044
  6171    656   3244  1   2044
  6171   3244   3246  1   2044
  6171   3246   6174  1   2044
  6174   3246    511  1   2044
  6174    511    512  1   2044
   518    521   3258  1   2045
   518   3258    517  1   2045
  3258    521    669  1   2045
  3258    669    661  1   2045
  3258    661    659  1   2045
   661    669    666  1   2045
   524    527    670  1   2046
   524    670    523  1   2046
   530    680   6175  1   2047
   530   6175    529  1   2047
   529   6175    668  1   2047
   668   6175    674  1   2047
   668    674    667  1   2047
   674   6175    677  1   2047
   677   6175    680  1   2047
   545    689    533  1   2048
   533    689   6179  1   2048
   533   6179   3064  1   2048
  3064   6179   6178  1   2048
  3064   6178   3062  1   2048
  3062   6178   6177  1   2048
  3062   6177   6176  1   2048
  3062   6176   3060  1   2048
  3060   6176    532  1   2048
   532   6176    681  1   2048
   681   6176   6177  1   2048
   681   6177    683  1   2048
   683   6177    686  1   2048
   686   6177   3287  1   2048
  3287   6177   6178  1   2048
  3287   6178   6179  1   2048
  3287   6179    689  1   2048
  3082    542    538  1   2049
  3082    538   3072  1   2049
  3082   3072   3080  1   2049
  3080   3072    539  1   2049
   548    690    547  1   2050
  3293    687   6180  1   2051
  3293   6180   3295  1   2051
  3295   6180   6181  1   2051
  3295   6181   3297  1   2051
  3297   6181    551  1   2051
   551   6181    550  1   2051
   550   6181   3289  1   2051
   550   3289    688  1   2051
  3289   6181   6180  1   2051
  3289   6180    687  1   2051
  3305    698    695  1   2052
  3305    695   6182  1   2052
  3305   6182   3294  1   2052
  3305   3294   3307  1   2052
  3307   3294   3309  1   2052
  3309   3294   3296  1   2052
  3309   3296   3311  1   2052
  3311   3296   3298  1   2052
  3311   3298   3313  1   2052
  3313   3298    554  1   2052
   554   3298    553  1   2052
  3294   6182    685  1   2052
   685   6182    684  1   2052
   684   6182    692  1   2052
   692   6182    695  1   2052
  6183   6185   6186  1   2053
  6184   6183   6186  1   2053
  6186   6185   6187  1   2053
  6186   6187   3330  1   2053
  6186   3330    710  1   2053
  6186    710   6184  1   2053
  6184    710   3326  1   2053
  6184   3326    707  1   2053
  6184    707   3321  1   2053
  6184   3321   6183  1   2053
  6183   3321   3319  1   2053
  6183   3319   6185  1   2053
  6185   3319   3308  1   2053
  6185   3308   3310  1   2053
  6185   3310   3312  1   2053
  6185   3312   6187  1   2053
  6187   3312   3314  1   2053
  6187   3314   3330  1   2053
  3330   3314    556  1   2053
  3330    556    557  1   2053
  3308   3319   3306  1   2053
  3306   3319    701  1   2053
  3306    701    699  1   2053
  3321    707    704  1   2053
   560    563   6188  1   2054
   560   6188    559  1   2054
   559   6188   3331  1   2054
  3331   6188    711  1   2054
   711   6188    713  1   2054
   713   6188    563  1   2054
   713    563    566  1   2054
   569    714    568  1   2055
  6191   6190   6194  1   2056
  6191   6194   6195  1   2056
  6189   6191   6195  1   2056
  6189   6195   6192  1   2056
  6189   6192   6193  1   2056
  6193   6192   6197  1   2056
  6194   6198   6199  1   2056
  6195   6194   6199  1   2056
  6192   6195   6199  1   2056
  6192   6199   6196  1   2056
  6192   6196   6197  1   2056
  6197   6196   6200  1   2056
  6197   6200   6201  1   2056
  6199   6198   6202  1   2056
  6200   6199   6202  1   2056
  6196   6199   6200  1   2056
  6201   6200   6203  1   2056
  6200   6202   6203  1   2056
  6203   6202    712  1   2056
  6203    712    571  1   2056
  6203    571    574  1   2056
  6203    574   6201  1   2056
  6201    574    725  1   2056
  6201    725   3348  1   2056
  6201   3348   6197  1   2056
  6197   3348   6193  1   2056
  6193   3348    722  1   2056
  6193    722    719  1   2056
  6193    719   6189  1   2056
  6189    719    716  1   2056
  6189    716   6191  1   2056
  6191    716   3337  1   2056
  6191   3337   6190  1   2056
  6190   3337    708  1   2056
  6190    708   3328  1   2056
  6190   3328   6194  1   2056
  6194   3328   6198  1   2056
  6198   3328    709  1   2056
  6198    709   6202  1   2056
  6202    709    712  1   2056
   577    726    576  1   2057
  6204   6207   6208  1   2058
  6205   6204   6208  1   2058
  6205   6208   6209  1   2058
  6206   6205   6209  1   2058
  6208   6207   6210  1   2058
  6208   6210   6211  1   2058
  6209   6208   6211  1   2058
  6209   6211    745  1   2058
  6209    745    742  1   2058
  6209    742    737  1   2058
  6209    737   6206  1   2058
  6206    737   3356  1   2058
  6206   3356    731  1   2058
  6206    731   6205  1   2058
  6205    731   6204  1   2058
  6204    731    728  1   2058
  6204    728    723  1   2058
  6204    723   3350  1   2058
  6204   3350   6207  1   2058
  6207   3350   6210  1   2058
  6210   3350    724  1   2058
  6210    724    579  1   2058
  6210    579    582  1   2058
  6210    582   6211  1   2058
  6211    582    745  1   2058
  3356    737    734  1   2058
   585    588   6212  1   2059
   585   6212    584  1   2059
   584   6212    746  1   2059
   746   6212    750  1   2059
   750   6212    588  1   2059
   591    602    590  1   2060
   590    602   6215  1   2060
   590   6215    751  1   2060
   751   6215   6213  1   2060
   751   6213    741  1   2060
   741   6213    738  1   2060
   738   6213   3388  1   2060
   738   3388    753  1   2060
  3388   6213   3390  1   2060
  3390   6213   6214  1   2060
  3390   6214    606  1   2060
   606   6214    603  1   2060
   603   6214   6215  1   2060
   603   6215    602  1   2060
  6215   6214   6213  1   2060
   594    597    600  1   2061
   594    600    593  1   2061
  3175    615   3389  1   2062
  3175   3389   3391  1   2062
  3175   3391    609  1   2062
   609   3391    608  1   2062
  3389    615    756  1   2062
  3389    756    754  1   2062
   621    632    618  1   2063
   618    632   6218  1   2063
   618   6218   3181  1   2063
  3181   6218   6217  1   2063
  3181   6217   6216  1   2063
  3181   6216    617  1   2063
   617   6216    762  1   2063
   617    762    757  1   2063
   757    762    759  1   2063
   762   6216   3410  1   2063
  3410   6216   6217  1   2063
  3410   6217    765  1   2063
   765   6217   3418  1   2063
  3418   6217   6219  1   2063
  3418   6219    768  1   2063
   768   6219    633  1   2063
   633   6219    632  1   2063
   632   6219   6218  1   2063
  6218   6219   6217  1   2063
   623    624    630  1   2064
   636    771    635  1   2065
   635    771    769  1   2065
   639    780    638  1   2066
   638    780   3430  1   2066
   638   3430    772  1   2066
  3430    780   3442  1   2066
  3430   3442   3432  1   2066
  3432   3442   3439  1   2066
  3432   3439    774  1   2066
   774   3439    777  1   2066
   642    645    783  1   2067
   642    783    641  1   2067
   641    783    781  1   2067
   648    651   3456  1   2068
   648   3456   3454  1   2068
   648   3454   3450  1   2068
   648   3450    784  1   2068
   648    784    647  1   2068
  3450   3454   3452  1   2068
  3450   3452    786  1   2068
  3456    651    789  1   2068
   654    657    798  1   2069
   654    798    795  1   2069
   654    795    792  1   2069
   654    792    653  1   2069
   653    792    790  1   2069
   798    657    801  1   2069
   801    657    660  1   2069
   665    673   6220  1   2070
   665   6220    662  1   2070
   662   6220    802  1   2070
   802   6220    804  1   2070
   804   6220    807  1   2070
   807   6220    810  1   2070
   810   6220    816  1   2070
   810    816    813  1   2070
   816   6220    819  1   2070
   819   6220    673  1   2070
   676    831    822  1   2071
   676    822    820  1   2071
   676    820    675  1   2071
   822    831    825  1   2071
   825    831    828  1   2071
   679    682    678  1   2072
   678    682    691  1   2072
   678    691    832  1   2072
   832    691    834  1   2072
   694    840    693  1   2073
   693    840    835  1   2073
   835    840    837  1   2073
  6221   6223   6224  1   2074
  6221   6224   3534  1   2074
  6221   3534   3532  1   2074
  6221   3532    854  1   2074
  6221    854    851  1   2074
  6221    851   6222  1   2074
  6221   6222   6223  1   2074
  6223   6222    696  1   2074
  6223    696    697  1   2074
  6223    697    700  1   2074
  6223    700   6224  1   2074
  6224    700   3542  1   2074
  6224   3542   3536  1   2074
  6224   3536   3534  1   2074
  3536   3542    863  1   2074
  3536    863    860  1   2074
   696   6222    841  1   2074
   841   6222    843  1   2074
   843   6222    846  1   2074
   846   6222    851  1   2074
   854   3532    857  1   2074
   703    864   6225  1   2075
   703   6225   3322  1   2075
  3322   6225   3320  1   2075
  3320   6225   3545  1   2075
  3320   3545    702  1   2075
  3545   6225    864  1   2075
  3339    715    869  1   2076
  3339    869   3553  1   2076
  3339   3553    866  1   2076
  3339    866    861  1   2076
  3339    861    706  1   2076
   706    861    705  1   2076
   705    861    862  1   2076
  6228   6227   6230  1   2077
  6229   6228   6230  1   2077
  6226   6228   6229  1   2077
  6229   6230    718  1   2077
  6229    718   2340  1   2077
  6229   2340   3567  1   2077
  6229   3567   3564  1   2077
  6229   3564   6226  1   2077
  6226   3564    884  1   2077
  6226    884   6228  1   2077
  6228    884   3561  1   2077
  6228   3561   6227  1   2077
  6227   3561    872  1   2077
  6227    872    870  1   2077
  6227    870    717  1   2077
  6227    717   6230  1   2077
  6230    717    718  1   2077
   872   3561    875  1   2077
   875   3561    881  1   2077
   875    881    878  1   2077
  3567   2340    732  1   2077
  3567    732   3570  1   2077
  3570    732    887  1   2077
   887    732   3359  1   2077
   887   3359    890  1   2077
   890   3359    733  1   2077
   890    733    893  1   2077
   721    727   2341  1   2078
   721   2341    720  1   2078
   730   2339    729  1   2079
   736    752    735  1   2080
   735    752    894  1   2080
   894    752    896  1   2080
   896    752    755  1   2080
   896    755    758  1   2080
   744    749    743  1   2081
  3613    908    902  1   2082
  3613    902   3597  1   2082
  3613   3597    761  1   2082
   761   3597    899  1   2082
   761    899    760  1   2082
   760    899    897  1   2082
   902    908    905  1   2082
   764    914   6232  1   2083
   764   6232   6231  1   2083
   764   6231   3413  1   2083
  3413   6231   3614  1   2083
  3413   3614    763  1   2083
  3614   6231    909  1   2083
   909   6231    911  1   2083
   911   6231   6232  1   2083
   911   6232    914  1   2083
   767    770   3431  1   2084
   767   3431   6234  1   2084
   767   6234   3421  1   2084
  3421   6234   6233  1   2084
  3421   6233    766  1   2084
   766   6233    915  1   2084
   915   6233    917  1   2084
   917   6233    773  1   2084
   773   6233   3433  1   2084
  3433   6233   6234  1   2084
  3433   6234   3431  1   2084
   776    926   3636  1   2085
   776   3636    775  1   2085
   775   3636    918  1   2085
  3636    926    920  1   2085
   920    926    923  1   2085
  6236   6235   6237  1   2086
  6236   6237   3660  1   2086
  6236   3660    935  1   2086
  6236    935    932  1   2086
  6236    932    929  1   2086
  6236    929   6235  1   2086
  6235    929    927  1   2086
  6235    927    778  1   2086
  6235    778   3441  1   2086
  6235   3441   6237  1   2086
  6237   3441   3444  1   2086
  6237   3444   6238  1   2086
  6237   6238   3660  1   2086
  3660   6238    785  1   2086
   785   6238   3451  1   2086
  3451   6238    779  1   2086
  3451    779    782  1   2086
   779   6238   3444  1   2086
  6240   6242   6243  1   2087
  6241   6240   6243  1   2087
  6241   6243   3702  1   2087
  6241   3702   3700  1   2087
  6241   3700    956  1   2087
  6241    956   3686  1   2087
  6241   3686   6240  1   2087
  6240   3686    787  1   2087
  6240    787   3453  1   2087
  6240   3453   3455  1   2087
  6240   3455   6242  1   2087
  6242   3455   3457  1   2087
  6242   3457   3706  1   2087
  6242   3706   3704  1   2087
  6242   3704   6243  1   2087
  6243   3704   3702  1   2087
  3706   3457    788  1   2087
  3706    788    791  1   2087
   787   3686   3683  1   2087
   787   3683   3661  1   2087
  3661   3683    936  1   2087
   936   3683   6239  1   2087
   936   6239    938  1   2087
   938   6239   3664  1   2087
  3664   6239   3676  1   2087
  3664   3676    941  1   2087
   941   3676    944  1   2087
  3676   6239    947  1   2087
   947   6239   3683  1   2087
  3686    956    953  1   2087
  3686    953    950  1   2087
  3718    962   6246  1   2088
  3718   6246   6245  1   2088
  3718   6245    794  1   2088
   794   6245    793  1   2088
   793   6245   3707  1   2088
  3707   6245   6246  1   2088
  3707   6246   3705  1   2088
  3705   6246   6244  1   2088
  3705   6244   3703  1   2088
  3703   6244   3701  1   2088
  3701   6244   3710  1   2088
  3701   3710    957  1   2088
  3710   6244    959  1   2088
   959   6244    962  1   2088
   962   6244   6246  1   2088
  3724    971   6248  1   2089
  3724   6248   6247  1   2089
  3724   6247    797  1   2089
   797   6247    796  1   2089
   796   6247   3719  1   2089
  3719   6247    963  1   2089
   963   6247   3720  1   2089
  3720   6247   6248  1   2089
  3720   6248    965  1   2089
   965   6248   3722  1   2089
  3722   6248    968  1   2089
   968   6248    971  1   2089
   800    803   6249  1   2090
   800   6249    799  1   2090
   799   6249   3725  1   2090
  3725   6249    972  1   2090
   972   6249    974  1   2090
   974   6249    803  1   2090
   806    975    805  1   2091
   809    992    989  1   2092
   809    989   6250  1   2092
   809   6250    808  1   2092
   808   6250    973  1   2092
   973   6250    970  1   2092
   970   6250   6253  1   2092
   970   6253   6252  1   2092
   970   6252    969  1   2092
   969   6252    977  1   2092
   977   6252    980  1   2092
   980   6252   3732  1   2092
  3732   6252   6253  1   2092
  3732   6253   3734  1   2092
  3734   6253   6251  1   2092
  3734   6251    983  1   2092
   983   6251    986  1   2092
   986   6251    989  1   2092
   989   6251   6250  1   2092
  6250   6251   6253  1   2092
   812    993    811  1   2093
   815   1004   3756  1   2094
   815   3756    990  1   2094
   815    990    814  1   2094
   814    990    991  1   2094
   990   3756    995  1   2094
   995   3756   3752  1   2094
  3752   3756   1001  1   2094
  3752   1001    998  1   2094
   818    821   1005  1   2095
   818   1005    817  1   2095
   824   1010   6254  1   2096
   824   6254    823  1   2096
   823   6254   6255  1   2096
   823   6255   1003  1   2096
  1003   6255   3757  1   2096
  3757   6255   6254  1   2096
  3757   6254   1002  1   2096
  1002   6254   1007  1   2096
  1007   6254   1010  1   2096
   827    847   1011  1   2097
   827   1011    826  1   2097
  1011    847    850  1   2097
  1011    850   3791  1   2097
  1011   3791   1013  1   2097
  1013   3791   1016  1   2097
  1016   3791   3788  1   2097
  1016   3788   3785  1   2097
  1016   3785   1019  1   2097
  1019   3785   1022  1   2097
   830    833    829  1   2098
   829    833    844  1   2098
   829    844    845  1   2098
   844    833    836  1   2098
   839    842    838  1   2099
  3809   1034   6256  1   2100
  3809   6256   6257  1   2100
  3809   6257   3811  1   2100
  3811   6257   3787  1   2100
  3811   3787   3813  1   2100
  3813   3787   3790  1   2100
  3813   3790   3793  1   2100
  3813   3793    853  1   2100
   853   3793    852  1   2100
  3787   6257   1023  1   2100
  1023   6257   1025  1   2100
  1025   6257   6256  1   2100
  1025   6256   1031  1   2100
  1025   1031   1028  1   2100
  1031   6256   1034  1   2100
  6259   6258   6260  1   2101
  6259   6260   1043  1   2101
  6259   1043   1040  1   2101
  6259   1040   3822  1   2101
  6259   3822   1037  1   2101
  6259   1037   1035  1   2101
  6259   1035   6258  1   2101
  6258   1035   3810  1   2101
  6258   3810   3812  1   2101
  6258   3812   6260  1   2101
  6260   3812   3814  1   2101
  6260   3814    856  1   2101
  6260    856   1043  1   2101
   856   3814    855  1   2101
  6261   6262   6263  1   2102
  6261   6263   3839  1   2102
  6261   3839   1049  1   2102
  6261   1049   1046  1   2102
  6261   1046   1044  1   2102
  6261   1044   6262  1   2102
  6262   1044    858  1   2102
  6262    858   3533  1   2102
  6262   3533   3535  1   2102
  6262   3535   6263  1   2102
  6263   3535   3537  1   2102
  6263   3537   6264  1   2102
  6263   6264   3839  1   2102
  3839   6264   1052  1   2102
  1052   6264    865  1   2102
   865   6264    859  1   2102
   859   6264   3537  1   2102
   868    871   3555  1   2103
  3555    871   1053  1   2103
  3555   1053    867  1   2103
  3845   1050   6265  1   2104
  3845   6265    874  1   2104
   874   6265    873  1   2104
   873   6265   1051  1   2104
  1051   6265   3841  1   2104
  3841   6265   1050  1   2104
   877   1058   3846  1   2105
   877   3846    876  1   2105
  3846   1058   1048  1   2105
  1048   1058   1047  1   2105
  1047   1058   1055  1   2105
   880   1070   6266  1   2106
   880   6266   3855  1   2106
   880   3855    879  1   2106
   879   3855   1059  1   2106
  3855   6266   3857  1   2106
  3857   6266   1061  1   2106
  1061   6266   1064  1   2106
  1064   6266   1067  1   2106
  1067   6266   1070  1   2106
   883   1073   6267  1   2107
   883   6267   3562  1   2107
  3562   6267    882  1   2107
   882   6267   1071  1   2107
  1071   6267   1073  1   2107
  6269   6268   6272  1   2108
  6269   6272   6273  1   2108
  6268   6270   6274  1   2108
  6268   6274   6271  1   2108
  6268   6271   6272  1   2108
  6272   6271   6276  1   2108
  6272   6276   6277  1   2108
  6273   6272   6277  1   2108
  6273   6277   6278  1   2108
  6271   6274   6279  1   2108
  6271   6279   6275  1   2108
  6271   6275   6276  1   2108
  6276   6275   6280  1   2108
  6276   6280   6281  1   2108
  6277   6276   6281  1   2108
  6277   6281   6282  1   2108
  6278   6277   6282  1   2108
  6275   6279   6280  1   2108
  6281   6280   6283  1   2108
  6281   6283   6284  1   2108
  6282   6281   6284  1   2108
  6282   6284   1082  1   2108
  6282   1082   3879  1   2108
  6282   3879   6278  1   2108
  6278   3879   1079  1   2108
  6278   1079   6273  1   2108
  6273   1079   3876  1   2108
  6273   3876   6269  1   2108
  6269   3876   1076  1   2108
  6269   1076   6268  1   2108
  6268   1076   3872  1   2108
  6268   3872   6270  1   2108
  6270   3872   1074  1   2108
  6270   1074    885  1   2108
  6270    885   6274  1   2108
  6274    885   6279  1   2108
  6279    885   3566  1   2108
  6279   3566   3569  1   2108
  6279   3569   6280  1   2108
  6280   3569   6283  1   2108
  6283   3569   3572  1   2108
  6283   3572   6284  1   2108
  6284   3572    886  1   2108
  6284    886   1082  1   2108
   889   1085   3883  1   2109
   889   3883    888  1   2109
   888   3883   1083  1   2109
   892    895   1086  1   2110
   892   1086    891  1   2110
  1086    895    898  1   2110
  6286   6290   6291  1   2111
  6287   6286   6291  1   2111
  6287   6291   6292  1   2111
  6288   6287   6292  1   2111
  6289   6288   6292  1   2111
  6291   6290   6293  1   2111
  6291   6293   6294  1   2111
  6292   6291   6294  1   2111
  6292   6294   3601  1   2111
  6292   3601   6289  1   2111
  6289   3601    901  1   2111
  6289    901   1094  1   2111
  6289   1094   3891  1   2111
  6289   3891   6288  1   2111
  6288   3891   6287  1   2111
  6287   3891   1091  1   2111
  6287   1091   6286  1   2111
  6286   1091   6285  1   2111
  6286   6285   3881  1   2111
  6286   3881   6290  1   2111
  6290   3881   1081  1   2111
  6290   1081   6293  1   2111
  6293   1081   3884  1   2111
  6293   3884   6294  1   2111
  6294   3884   1084  1   2111
  6294   1084    900  1   2111
  6294    900   3601  1   2111
  3881   6285   1080  1   2111
  1080   6285   1088  1   2111
  1088   6285   1091  1   2111
  1100   1097    904  1   2112
   904   1097   1095  1   2112
   904   1095    903  1   2112
   907    910   6295  1   2113
   907   6295   1101  1   2113
   907   1101    906  1   2113
  1101   6295   1103  1   2113
  1103   6295   3912  1   2113
  3912   6295   3930  1   2113
  3912   3930   3928  1   2113
  3912   3928   1106  1   2113
  1106   3928   1112  1   2113
  1106   1112   1109  1   2113
  3930   6295    910  1   2113
   913    916   6298  1   2114
   913   6298   6297  1   2114
   913   6297    912  1   2114
   912   6297   3931  1   2114
  3931   6297   3929  1   2114
  3929   6297   6298  1   2114
  3929   6298   6296  1   2114
  3929   6296   1115  1   2114
  3929   1115   1113  1   2114
  1115   6296   3938  1   2114
  3938   6296   3638  1   2114
  3938   3638   1118  1   2114
  1118   3638    919  1   2114
  1118    919   1121  1   2114
  3638   6296   6298  1   2114
  3638   6298    916  1   2114
  3978   1142   1130  1   2115
  3978   1130   3958  1   2115
  3978   3958   3982  1   2115
  3982   3958   3954  1   2115
  3982   3954    922  1   2115
   922   3954   1127  1   2115
   922   1127   1124  1   2115
   922   1124    921  1   2115
   921   1124   1122  1   2115
  1130   1142   1133  1   2115
  1133   1142   1136  1   2115
  1136   1142   1139  1   2115
   925    928    924  1   2116
   924    928   3992  1   2116
   924   3992   3985  1   2116
  3985   3992   3990  1   2116
  3985   3990   3981  1   2116
  3981   3990   1145  1   2116
  3981   1145   3988  1   2116
  3981   3988   1143  1   2116
  1145   3990   1148  1   2116
   931    939   6299  1   2117
   931   6299   3993  1   2117
   931   3993    930  1   2117
  3993   6299   3991  1   2117
  3991   6299   6300  1   2117
  3991   6300   1149  1   2117
  1149   6300   1151  1   2117
  1151   6300   3667  1   2117
  1151   3667    940  1   2117
  3667   6300   6299  1   2117
  3667   6299    939  1   2117
   934    937    933  1   2118
   943   1160   1154  1   2119
   943   1154   1152  1   2119
   943   1152    942  1   2119
  1154   1160   1157  1   2119
  6301   6302   6303  1   2120
  6301   6303   6304  1   2120
  6301   6304   6305  1   2120
  6301   6305   6306  1   2120
  6301   6306   6307  1   2120
  6301   6307   6302  1   2120
  6303   6302   6309  1   2120
  6303   6309   6310  1   2120
  6303   6310   6311  1   2120
  6304   6303   6311  1   2120
  6304   6311   6312  1   2120
  6304   6312   6313  1   2120
  6305   6304   6313  1   2120
  6302   6308   6309  1   2120
  6311   6310   6314  1   2120
  6311   6314   6315  1   2120
  6312   6311   6315  1   2120
  6312   6315   6316  1   2120
  6315   6314   6317  1   2120
  6315   6317   6316  1   2120
  6316   6317   4022  1   2120
  6316   4022   1179  1   2120
  6316   1179   4019  1   2120
  6316   4019   6313  1   2120
  6316   6313   6312  1   2120
  6313   4019   1176  1   2120
  6313   1176   4015  1   2120
  6313   4015   6305  1   2120
  6305   4015   6306  1   2120
  6306   4015   1173  1   2120
  6306   1173   6307  1   2120
  6307   1173   1170  1   2120
  6307   1170   1165  1   2120
  6307   1165   6308  1   2120
  6307   6308   6302  1   2120
  6308   1165   1161  1   2120
  6308   1161    945  1   2120
  6308    945   3679  1   2120
  6308   3679   6309  1   2120
  6309   3679   6310  1   2120
  6310   3679    946  1   2120
  6310    946   6314  1   2120
  6314    946   6317  1   2120
  6317    946    951  1   2120
  6317    951   4022  1   2120
  4022    951    952  1   2120
   949    948   6318  1   2121
   949   6318   6319  1   2121
   949   6319   3688  1   2121
  3688   6319   3685  1   2121
  3685   6319   6318  1   2121
  3685   6318    948  1   2121
  6320   6324   6325  1   2122
  6321   6320   6325  1   2122
  6321   6325   6326  1   2122
  6322   6327   6328  1   2122
  6323   6322   6328  1   2122
  6323   6328   6329  1   2122
  6324   6323   6329  1   2122
  6325   6324   6329  1   2122
  6325   6329   6330  1   2122
  6326   6325   6330  1   2122
  6326   6330   6331  1   2122
  6328   6327   6332  1   2122
  6328   6332   6333  1   2122
  6329   6328   6333  1   2122
  6330   6329   6333  1   2122
  6330   6333   6334  1   2122
  6331   6330   6334  1   2122
  6333   6332   6335  1   2122
  6334   6333   6335  1   2122
  6334   6335   1191  1   2122
  6334   1191   4036  1   2122
  6334   4036   6331  1   2122
  6331   4036   1188  1   2122
  6331   1188   1185  1   2122
  6331   1185   4029  1   2122
  6331   4029   6326  1   2122
  6326   4029   1182  1   2122
  6326   1182   6321  1   2122
  6321   1182   4026  1   2122
  6321   4026   6320  1   2122
  6320   4026   1180  1   2122
  6320   1180   4024  1   2122
  6320   4024   6323  1   2122
  6320   6323   6324  1   2122
  6323   4024   6322  1   2122
  6322   4024    954  1   2122
  6322    954    955  1   2122
  6322    955   6327  1   2122
  6327    955   3713  1   2122
  6327   3713   6332  1   2122
  6332   3713    958  1   2122
  6332    958   1194  1   2122
  6332   1194   6335  1   2122
  6335   1194   1191  1   2122
  3721    964   4048  1   2123
  3721   4048   1197  1   2123
  3721   1197    961  1   2123
   961   1197   1195  1   2123
   961   1195    960  1   2123
   967    976   4064  1   2124
   967   4064   3723  1   2124
  3723   4064    966  1   2124
   966   4064   6336  1   2124
   966   6336   4049  1   2124
  4049   6336   4050  1   2124
  4049   4050   1198  1   2124
  4050   6336   4052  1   2124
  4052   6336   4062  1   2124
  4052   4062   4054  1   2124
  4054   4062   4056  1   2124
  4056   4062   4060  1   2124
  4056   4060   4058  1   2124
  4058   4060   1203  1   2124
  4058   1203   1200  1   2124
  4062   6336   4064  1   2124
  6338   6337   6339  1   2125
  6338   6339    978  1   2125
  6338    978    979  1   2125
  6338    979   1206  1   2125
  6338   1206   1204  1   2125
  6338   1204   4061  1   2125
  6338   4061   6337  1   2125
  6337   4061   4063  1   2125
  6337   4063   6339  1   2125
  6339   4063   4065  1   2125
  6339   4065    978  1   2125
   982   1215   3735  1   2126
  3735   1215   1212  1   2126
  3735   1212   4073  1   2126
  3735   4073   3733  1   2126
  3733   4073   1207  1   2126
  3733   1207    981  1   2126
  1207   4073   1209  1   2126
   985    996   6341  1   2127
   985   6341    984  1   2127
   984   6341   1216  1   2127
  1216   6341   4083  1   2127
  4083   6341   4085  1   2127
  4083   4085   1218  1   2127
  4085   6341   6340  1   2127
  4085   6340   1221  1   2127
  1221   6340   3753  1   2127
  1221   3753   1224  1   2127
  1224   3753    997  1   2127
  3753   6340    996  1   2127
   996   6340   6341  1   2127
   988    994    987  1   2128
  6342   6343   6345  1   2129
  6342   6345   6344  1   2129
  6344   6345   6347  1   2129
  6344   6347   6346  1   2129
  6346   6347   6348  1   2129
  6348   6347   4091  1   2129
  6348   4091   1000  1   2129
  6348   1000   1006  1   2129
  6348   1006   6346  1   2129
  6346   1006   1014  1   2129
  6346   1014   1015  1   2129
  6346   1015   6344  1   2129
  6344   1015   4101  1   2129
  6344   4101   6342  1   2129
  6342   4101   4099  1   2129
  6342   4099   6343  1   2129
  6343   4099   1230  1   2129
  6343   1230   1227  1   2129
  6343   1227   4095  1   2129
  6343   4095   6345  1   2129
  6345   4095   4093  1   2129
  6345   4093   6347  1   2129
  6347   4093   4091  1   2129
  1000   4091    999  1   2129
   999   4091   1225  1   2129
  1009   1012   1008  1   2130
  4114   1242   4108  1   2131
  4114   4108   1233  1   2131
  4114   1233   4104  1   2131
  4114   4104   4116  1   2131
  4116   4104   4100  1   2131
  4116   4100   4102  1   2131
  4116   4102   1018  1   2131
  1018   4102   1017  1   2131
  4100   4104   1231  1   2131
  4108   1242   1239  1   2131
  4108   1239   1236  1   2131
  1021   1024   4117  1   2132
  1021   4117   1020  1   2132
  4117   1024   4119  1   2132
  4117   4119   4115  1   2132
  4115   4119   1243  1   2132
  1027   1251   1248  1   2133
  1027   1248   4121  1   2133
  1027   4121   1026  1   2133
  4121   1248   1241  1   2133
  1241   1248   1245  1   2133
  1241   1245   1240  1   2133
  1030   1257   1029  1   2134
  1029   1257   1252  1   2134
  1252   1257   1254  1   2134
  1036   1263   1033  1   2135
  1033   1263   4143  1   2135
  1033   4143   6350  1   2135
  1033   6350   1032  1   2135
  1032   6350   6349  1   2135
  1032   6349   1258  1   2135
  1258   6349   1260  1   2135
  1260   6349   4139  1   2135
  4139   6349   4141  1   2135
  4141   6349   6350  1   2135
  4141   6350   4143  1   2135
  1264   1038   1266  1   2136
  1039   1275   3824  1   2136
  3824   1275   1272  1   2136
  3824   1272   1269  1   2136
  3824   1269   1266  1   2136
  3824   1266   1038  1   2136
  1042   1045   1041  1   2137
  1041   1045   1054  1   2137
  1041   1054   1276  1   2137
  3858   1060   1287  1   2138
  3858   1287   6352  1   2138
  3858   6352   3856  1   2138
  3856   6352   6351  1   2138
  3856   6351   6353  1   2138
  3856   6353   1057  1   2138
  1057   6353   1056  1   2138
  1056   6353   1274  1   2138
  1274   6353   1273  1   2138
  1273   6353   1278  1   2138
  1278   6353   6351  1   2138
  1278   6351   1281  1   2138
  1281   6351   1284  1   2138
  1284   6351   6352  1   2138
  1284   6352   1287  1   2138
  1063   1293   6354  1   2139
  1063   6354   6355  1   2139
  1063   6355   1062  1   2139
  1062   6355   1288  1   2139
  1288   6355   4177  1   2139
  4177   6355   6354  1   2139
  4177   6354   1290  1   2139
  1290   6354   1293  1   2139
  1066   1296   1294  1   2140
  1066   1294   1065  1   2140
  1069   1072   3874  1   2141
  1069   3874   1068  1   2141
  1068   3874   1297  1   2141
  1297   3874   1075  1   2141
  1297   1075   1299  1   2141
  1078   1087   1302  1   2142
  1078   1302   3877  1   2142
  3877   1302   1300  1   2142
  3877   1300   1077  1   2142
  1090   1303   1089  1   2143
  1320   1317   1096  1   2144
  1093   1096   1317  1   2144
  1093   1317   3894  1   2144
  3894   1317   1314  1   2144
  3894   1314   1092  1   2144
  1092   1314   4200  1   2144
  1092   4200   1301  1   2144
  1301   4200   4197  1   2144
  1301   4197   6358  1   2144
  1301   6358   1298  1   2144
  1298   6358   6356  1   2144
  1298   6356   1295  1   2144
  1295   6356   1292  1   2144
  1292   6356   4191  1   2144
  1292   4191   1291  1   2144
  1291   4191   1308  1   2144
  1291   1308   1305  1   2144
  4191   6356   6357  1   2144
  4191   6357   1311  1   2144
  1311   6357   4194  1   2144
  4194   6357   6358  1   2144
  4194   6358   4197  1   2144
  6358   6357   6356  1   2144
  1099   1102   1098  1   2145
  1098   1102   1321  1   2145
  1318   1319   4212  1   2146
  1335   1332   4230  1   2146
  6359   6360   6361  1   2146
  6361   6360   6365  1   2146
  6361   6365   6366  1   2146
  6362   6361   6366  1   2146
  6363   6362   6366  1   2146
  6363   6366   6367  1   2146
  6364   6363   6367  1   2146
  6366   6365   6369  1   2146
  6367   6366   6369  1   2146
  6368   6367   6369  1   2146
  6368   6369   1319  1   2146
  6368   1319   1104  1   2146
  6368   1104   3916  1   2146
  6368   3916   6367  1   2146
  6367   3916   6364  1   2146
  6364   3916   1105  1   2146
  6364   1105   1346  1   2146
  6364   1346   1341  1   2146
  6364   1341   6363  1   2146
  6363   1341   1338  1   2146
  6363   1338   6362  1   2146
  6362   1338   4230  1   2146
  6362   4230   6361  1   2146
  6361   4230   6359  1   2146
  6359   4230   1326  1   2146
  6359   1326   4215  1   2146
  6359   4215   6360  1   2146
  6360   4215   1323  1   2146
  6360   1323   6365  1   2146
  6365   1323   4212  1   2146
  6365   4212   6369  1   2146
  6369   4212   1319  1   2146
  1326   4230   1332  1   2146
  1326   1332   1329  1   2146
  1108   1349   1107  1   2147
  1107   1349   1347  1   2147
  1111   1114   1352  1   2148
  1111   1352   1350  1   2148
  1111   1350   1110  1   2148
  1358   1355   4274  1   2149
  1117   1125   3941  1   2149
  3941   1125   6370  1   2149
  3941   6370   1116  1   2149
  1116   6370   1353  1   2149
  1353   6370   1355  1   2149
  1355   6370   4274  1   2149
  4274   6370   1125  1   2149
  4274   1125   1361  1   2149
  1361   1125   1126  1   2149
  1361   1126   1364  1   2149
  1120   1123   1119  1   2150
  4300   1379   6371  1   2151
  4300   6371   4290  1   2151
  4300   4290   4288  1   2151
  4300   4288   1129  1   2151
  1129   4288   3961  1   2151
  3961   4288   4286  1   2151
  3961   4286   3957  1   2151
  3957   4286   1370  1   2151
  3957   1370   1367  1   2151
  3957   1367   1128  1   2151
  1128   1367   1365  1   2151
  4290   6371   1373  1   2151
  1373   6371   1376  1   2151
  1376   6371   1379  1   2151
  4314   1385   1382  1   2152
  4314   1382   4304  1   2152
  4314   4304   6372  1   2152
  4314   6372   1132  1   2152
  1132   6372   4301  1   2152
  1132   4301   1131  1   2152
  4301   6372   1380  1   2152
  1380   6372   4304  1   2152
  1135   1394   1134  1   2153
  1134   1394   4317  1   2153
  4317   1394   4324  1   2153
  4317   4324   1386  1   2153
  1386   4324   1391  1   2153
  1386   1391   1388  1   2153
  1259   1397   1256  1   2154
  1138   2239   1137  1   2154
  1137   2239   6373  1   2154
  1137   6373   1395  1   2154
  1395   6373   1397  1   2154
  1397   6373   1256  1   2154
  1256   6373   1255  1   2154
  1255   6373   2239  1   2154
  3989   1144   5424  1   2155
  3989   5424   6374  1   2155
  3989   6374   1141  1   2155
  1141   6374   1140  1   2155
  1140   6374   2240  1   2155
  2240   6374   1247  1   2155
  1247   6374   1246  1   2155
  1246   6374   2244  1   2155
  2244   6374   5422  1   2155
  5422   6374   5424  1   2155
  1147   1150   6377  1   2156
  1147   6377   6375  1   2156
  1147   6375   1146  1   2156
  1146   6375   5425  1   2156
  5425   6375   6376  1   2156
  5425   6376   5423  1   2156
  5423   6376   5426  1   2156
  5423   5426   2245  1   2156
  5426   6376   2247  1   2156
  2247   6376   5431  1   2156
  5431   6376   6375  1   2156
  5431   6375   6377  1   2156
  5431   6377   1153  1   2156
  1153   6377   1150  1   2156
  6378   6379   6380  1   2157
  6378   6380   6381  1   2157
  6378   6381   6382  1   2157
  6380   6379   6383  1   2157
  6380   6383   6384  1   2157
  6380   6384   6385  1   2157
  6381   6380   6385  1   2157
  6381   6385   6386  1   2157
  6382   6381   6386  1   2157
  6382   6386   2256  1   2157
  6382   2256   5445  1   2157
  6382   5445   6378  1   2157
  6378   5445   2253  1   2157
  6378   2253   6379  1   2157
  6379   2253   2250  1   2157
  6379   2250   2248  1   2157
  6379   2248   5435  1   2157
  6379   5435   6383  1   2157
  6383   5435   1155  1   2157
  6383   1155   1166  1   2157
  6383   1166   1169  1   2157
  6383   1169   6384  1   2157
  6384   1169   2268  1   2157
  6384   2268   6385  1   2157
  6385   2268   2265  1   2157
  6385   2265   6386  1   2157
  6386   2265   5448  1   2157
  6386   5448   2256  1   2157
  5448   2265   2259  1   2157
  2259   2265   2262  1   2157
  1166   1155   1156  1   2157
  1159   1164   1158  1   2158
  1172   2269   1171  1   2159
  6393   6392   6395  1   2160
  6393   6395   5474  1   2160
  6393   5474   6394  1   2160
  6393   6394   6391  1   2160
  6393   6391   5647  1   2160
  6393   5647   2351  1   2160
  6393   2351   6392  1   2160
  6392   2351   5651  1   2160
  6392   5651   6390  1   2160
  6392   6390   1183  1   2160
  6392   1183   4031  1   2160
  6392   4031   6395  1   2160
  6395   4031   1184  1   2160
  6395   1184   5474  1   2160
  1183   6390   5573  1   2160
  5573   6390   1175  1   2160
  1175   6390   5650  1   2160
  1175   5650   6387  1   2160
  1175   6387   4017  1   2160
  4017   6387   6388  1   2160
  4017   6388   1174  1   2160
  1174   6388   2267  1   2160
  2267   6388   6389  1   2160
  2267   6389   2266  1   2160
  2266   6389   2271  1   2160
  2271   6389   6391  1   2160
  2271   6391   6394  1   2160
  2271   6394   5471  1   2160
  5471   6394   5474  1   2160
  6391   6389   5648  1   2160
  6391   5648   5647  1   2160
  5648   6389   6388  1   2160
  5648   6388   5649  1   2160
  5649   6388   6387  1   2160
  5649   6387   5650  1   2160
  5650   6390   5651  1   2160
  4027   1181   5574  1   2161
  4027   5574   4020  1   2161
  4027   4020   1178  1   2161
  4020   5574   1177  1   2161
  6396   6397   6398  1   2162
  6398   6397   6400  1   2162
  6398   6400   6399  1   2162
  6398   6399   6396  1   2162
  6396   6399   2274  1   2162
  6396   2274   2272  1   2162
  6396   2272   5473  1   2162
  6396   5473   6397  1   2162
  6397   5473   5476  1   2162
  6397   5476   5571  1   2162
  6397   5571   6400  1   2162
  6400   5571   5569  1   2162
  6400   5569   4055  1   2162
  6400   4055   4057  1   2162
  6400   4057   6399  1   2162
  6399   4057   4059  1   2162
  6399   4059   1199  1   2162
  6399   1199   2277  1   2162
  6399   2277   2274  1   2162
  4055   5569   4053  1   2162
  4053   5569   5567  1   2162
  4053   5567   4051  1   2162
  4051   5567   1192  1   2162
  4051   1192   1196  1   2162
  1196   1192   1193  1   2162
  5571   5476   1187  1   2162
  1187   5476   1186  1   2162
  5572   1189   6401  1   2163
  5572   6401   5570  1   2163
  5570   6401   6402  1   2163
  5570   6402   5568  1   2163
  5568   6402   1190  1   2163
  1190   6402   4038  1   2163
  4038   6402   6401  1   2163
  4038   6401   1189  1   2163
  2283   2280   1208  1   2164
  1202   1205   1208  1   2164
  1202   1208   2280  1   2164
  1202   2280   5487  1   2164
  1202   5487   1201  1   2164
  1201   5487   2278  1   2164
  5495   2284   1210  1   2165
  5495   1210   4075  1   2165
  5495   4075   1211  1   2165
  6404   6403   6405  1   2166
  6404   6405   6406  1   2166
  6404   6406   1217  1   2166
  6404   1217   2295  1   2166
  6404   2295   5505  1   2166
  6404   5505   6403  1   2166
  6403   5505   2286  1   2166
  6403   2286   5501  1   2166
  6403   5501   6405  1   2166
  6405   5501   5498  1   2166
  6405   5498   5496  1   2166
  6405   5496   6406  1   2166
  6406   5496   4084  1   2166
  6406   4084   1217  1   2166
  4084   5496   1213  1   2166
  4084   1213   1214  1   2166
  5496   5498   2282  1   2166
  2282   5498   2281  1   2166
  5505   2295   2292  1   2166
  5505   2292   2289  1   2166
  5512   2301   2298  1   2167
  5512   2298   6407  1   2167
  5512   6407   1220  1   2167
  1220   6407   4086  1   2167
  4086   6407   1219  1   2167
  1219   6407   2296  1   2167
  2296   6407   2298  1   2167
  6409   6408   6410  1   2168
  6409   6410   4094  1   2168
  6409   4094   4096  1   2168
  6409   4096   2304  1   2168
  6409   2304   5517  1   2168
  6409   5517   6408  1   2168
  6408   5517   2302  1   2168
  6408   2302   5514  1   2168
  6408   5514   6410  1   2168
  6410   5514   1222  1   2168
  6410   1222   4092  1   2168
  6410   4092   4094  1   2168
  4092   1222   1223  1   2168
  2304   4096   1226  1   2168
  6411   6412   6413  1   2169
  6411   6413   6414  1   2169
  6411   6414   6415  1   2169
  6411   6415   6416  1   2169
  6411   6416   6417  1   2169
  6411   6417   6412  1   2169
  6417   6418   6419  1   2169
  6412   6417   6419  1   2169
  6412   6419   1229  1   2169
  6412   1229   4106  1   2169
  6412   4106   6413  1   2169
  6413   4106   1232  1   2169
  6413   1232   6414  1   2169
  6414   1232   5531  1   2169
  6414   5531   5529  1   2169
  6414   5529   6415  1   2169
  6415   5529   2307  1   2169
  6415   2307   5527  1   2169
  6415   5527   6416  1   2169
  6416   5527   5525  1   2169
  6416   5525   6418  1   2169
  6416   6418   6417  1   2169
  6418   5525   5523  1   2169
  6418   5523   2305  1   2169
  6418   2305   6419  1   2169
  6419   2305   1228  1   2169
  6419   1228   1229  1   2169
  1235   2319   4109  1   2170
  4109   2319   5535  1   2170
  4109   5535   5532  1   2170
  4109   5532   1234  1   2170
  5532   5535   5530  1   2170
  5530   5535   2316  1   2170
  5530   2316   2308  1   2170
  2308   2316   2313  1   2170
  2308   2313   2310  1   2170
  1238   1244   2243  1   2171
  1238   2243   1237  1   2171
  1237   2243   2320  1   2171
  2320   2243   5427  1   2171
  2320   5427   2322  1   2171
  2322   5427   2246  1   2171
  2322   2246   2249  1   2171
  1250   1253   1249  1   2172
  1249   1253   2238  1   2172
  1406   1403   4334  1   2173
  6420   6421   6422  1   2173
  6420   6422   4334  1   2173
  6420   4334   4332  1   2173
  6420   4332   4330  1   2173
  6420   4330   6421  1   2173
  6421   4330   4328  1   2173
  6421   4328   4140  1   2173
  6421   4140   6422  1   2173
  6422   4140   4142  1   2173
  6422   4142   6423  1   2173
  6422   6423   4336  1   2173
  6422   4336   4334  1   2173
  4336   6423   4338  1   2173
  4338   6423   4142  1   2173
  4338   4142   4144  1   2173
  4338   4144   4340  1   2173
  4340   4144   6424  1   2173
  4340   6424   1409  1   2173
  1409   6424   1265  1   2173
  1265   6424   1262  1   2173
  1262   6424   4144  1   2173
  4140   4328   1400  1   2173
  4140   1400   1261  1   2173
  1261   1400   1398  1   2173
  4332   4334   1403  1   2173
  1268   1279   1267  1   2174
  1267   1279   1410  1   2174
  1410   1279   1280  1   2174
  1410   1280   1412  1   2174
  1271   1277   1270  1   2175
  1283   1421   6425  1   2176
  1283   6425   1282  1   2176
  1282   6425   1413  1   2176
  1413   6425   1421  1   2176
  1413   1421   1418  1   2176
  1413   1418   1415  1   2176
  4178   1289   1304  1   2177
  4178   1304   4363  1   2177
  4178   4363   1422  1   2177
  4178   1422   1285  1   2177
  4178   1285   1286  1   2177
  1307   1427   4375  1   2178
  1307   4375   1306  1   2178
  1306   4375   4365  1   2178
  4365   4375   6427  1   2178
  4365   6427   1420  1   2178
  1420   6427   6426  1   2178
  1420   6426   1419  1   2178
  1419   6426   1424  1   2178
  1424   6426   4371  1   2178
  4371   6426   6427  1   2178
  4371   6427   4373  1   2178
  4373   6427   4375  1   2178
  4390   1433   1428  1   2179
  4390   1428   4192  1   2179
  4390   4192   1310  1   2179
  4192   1428   1309  1   2179
  1428   1433   1430  1   2179
  6429   6428   6432  1   2180
  6429   6432   6433  1   2180
  6430   6429   6433  1   2180
  6430   6433   6434  1   2180
  6428   6431   6432  1   2180
  6432   6431   6435  1   2180
  6432   6435   6436  1   2180
  6433   6432   6436  1   2180
  6433   6436   6437  1   2180
  6434   6433   6437  1   2180
  6436   6435   6438  1   2180
  6436   6438   6439  1   2180
  6437   6436   6439  1   2180
  6439   6438   6440  1   2180
  6439   6440   4217  1   2180
  6439   4217   6437  1   2180
  6437   4217   1325  1   2180
  6437   1325   6434  1   2180
  6434   1325   4399  1   2180
  6434   4399   6430  1   2180
  6430   4399   1436  1   2180
  6430   1436   4395  1   2180
  6430   4395   6429  1   2180
  6429   4395   6428  1   2180
  6428   4395   1434  1   2180
  6428   1434   4392  1   2180
  6428   4392   1312  1   2180
  6428   1312   6431  1   2180
  6431   1312   4196  1   2180
  6431   4196   6435  1   2180
  6435   4196   4199  1   2180
  6435   4199   6438  1   2180
  6438   4199   4202  1   2180
  6438   4202   6440  1   2180
  6440   4202   1313  1   2180
  6440   1313   1324  1   2180
  6440   1324   4217  1   2180
  4213   1322   1315  1   2181
  4213   1315   1316  1   2181
  1328   1439   4400  1   2182
  1328   4400   1327  1   2182
  4400   1439   1437  1   2182
  1331   1448   1330  1   2183
  4410   1445   6441  1   2183
  4410   6441   1330  1   2183
  4410   1330   1448  1   2183
  1330   6441   1440  1   2183
  1440   6441   1442  1   2183
  1442   6441   4407  1   2183
  4407   6441   1445  1   2183
  1334   1449   1333  1   2184
  1447   1336   4412  1   2185
  6442   6444   6445  1   2185
  6443   6442   6445  1   2185
  6443   6445   6446  1   2185
  6444   6449   6450  1   2185
  6445   6444   6450  1   2185
  6445   6450   6451  1   2185
  6446   6445   6451  1   2185
  6446   6451   6452  1   2185
  6447   6446   6452  1   2185
  6449   6448   6453  1   2185
  6449   6453   6454  1   2185
  6450   6449   6454  1   2185
  6450   6454   6455  1   2185
  6451   6450   6455  1   2185
  6451   6455   6456  1   2185
  6452   6451   6456  1   2185
  6454   6453   6457  1   2185
  6455   6454   6457  1   2185
  6455   6457   6458  1   2185
  6456   6455   6458  1   2185
  6456   6458   4426  1   2185
  6456   4426   1457  1   2185
  6456   1457   6452  1   2185
  6452   1457   4423  1   2185
  6452   4423   6447  1   2185
  6447   4423   1454  1   2185
  6447   1454   4419  1   2185
  6447   4419   6443  1   2185
  6447   6443   6446  1   2185
  6443   4419   1451  1   2185
  6443   1451   6442  1   2185
  6442   1451   1446  1   2185
  6442   1446   6444  1   2185
  6444   1446   4412  1   2185
  6444   4412   6448  1   2185
  6444   6448   6449  1   2185
  6448   4412   1336  1   2185
  6448   1336   4234  1   2185
  6448   4234   6453  1   2185
  6453   4234   6457  1   2185
  6457   4234   1337  1   2185
  6457   1337   1460  1   2185
  6457   1460   6458  1   2185
  6458   1460   4426  1   2185
  1340   1461   1339  1   2186
  6462   6461   6467  1   2187
  6463   6462   6467  1   2187
  6464   6463   6467  1   2187
  6465   6464   6467  1   2187
  6466   6465   6467  1   2187
  6461   6466   6467  1   2187
  6466   6461   1342  1   2187
  6466   1342   1345  1   2187
  6466   1345   1348  1   2187
  6466   1348   1351  1   2187
  6466   1351   6465  1   2187
  6465   1351   6460  1   2187
  6465   6460   6464  1   2187
  6464   6460   1477  1   2187
  6464   1477   1474  1   2187
  6464   1474   6459  1   2187
  6464   6459   6463  1   2187
  6463   6459   4428  1   2187
  6463   4428   6462  1   2187
  6462   4428   1459  1   2187
  6462   1459   6461  1   2187
  6461   1459   1342  1   2187
  4428   6459   1458  1   2187
  1458   6459   1471  1   2187
  1458   1471   1466  1   2187
  1458   1466   1463  1   2187
  1471   6459   1474  1   2187
  1477   6460   1354  1   2187
  1354   6460   1351  1   2187
  1357   1480   1478  1   2188
  1357   1478   1356  1   2188
  1360   1368   4277  1   2189
  4277   1368   6469  1   2189
  4277   6469   6468  1   2189
  4277   6468   1481  1   2189
  4277   1481   1359  1   2189
  1481   6468   1483  1   2189
  1483   6468   6469  1   2189
  1483   6469   1486  1   2189
  1486   6469   1369  1   2189
  1369   6469   1368  1   2189
  1363   1366   1362  1   2190
  6470   6471   6472  1   2191
  6472   6471   6473  1   2191
  6472   6473   4287  1   2191
  6472   4287   4289  1   2191
  6472   4289   4291  1   2191
  6472   4291   6470  1   2191
  6470   4291   1372  1   2191
  6470   1372   1495  1   2191
  6470   1495   6471  1   2191
  6471   1495   1489  1   2191
  6471   1489   1487  1   2191
  6471   1487   6473  1   2191
  6473   1487   1371  1   2191
  6473   1371   4287  1   2191
  1489   1495   1492  1   2191
  1375   1507   1504  1   2192
  1375   1504   1374  1   2192
  1374   1504   1501  1   2192
  1374   1501   1496  1   2192
  1496   1501   1498  1   2192
  4307   1381   6475  1   2193
  4307   6475   6476  1   2193
  4307   6476   6477  1   2193
  4307   6477   1378  1   2193
  1378   6477   1508  1   2193
  1378   1508   1377  1   2193
  1508   6477   1510  1   2193
  1510   6477   6476  1   2193
  1510   6476   6474  1   2193
  1510   6474   1513  1   2193
  1513   6474   4506  1   2193
  4506   6474   1516  1   2193
  1516   6474   6475  1   2193
  1516   6475   1519  1   2193
  1519   6475   1381  1   2193
  1519   1381   1522  1   2193
  6475   6474   6476  1   2193
  1384   1387   1523  1   2194
  1384   1523   1383  1   2194
  1523   1387   1525  1   2194
  1525   1387   1528  1   2194
  1528   1387   1534  1   2194
  1528   1534   1531  1   2194
  5418   1401   4329  1   2195
  5418   4329   6478  1   2195
  5418   6478   1390  1   2195
  1390   6478   1389  1   2195
  1389   6478   1535  1   2195
  1535   6478   1537  1   2195
  1537   6478   4528  1   2195
  4528   6478   4333  1   2195
  4528   4333   1402  1   2195
  4333   6478   4331  1   2195
  4331   6478   4329  1   2195
  1393   1396   1399  1   2196
  1393   1399   4325  1   2196
  4325   1399   5419  1   2196
  4325   5419   1392  1   2196
  1404   1405   4529  1   2197
  5414   1416   1423  1   2197
  5414   1423   1549  1   2197
  5414   1549   1546  1   2197
  5414   1546   4533  1   2197
  5414   4533   6479  1   2197
  5414   6479   1405  1   2197
  1405   6479   4529  1   2197
  4529   6479   1543  1   2197
  4529   1543   1540  1   2197
  4529   1540   1538  1   2197
  1543   6479   4533  1   2197
  1423   1416   1417  1   2197
  6480   6481   6483  1   2198
  6480   6483   6482  1   2198
  6482   6483   6484  1   2198
  6482   6484   1411  1   2198
  6482   1411   1414  1   2198
  6482   1414   5416  1   2198
  6482   5416   6480  1   2198
  6480   5416   1407  1   2198
  6480   1407   4335  1   2198
  6480   4335   6481  1   2198
  6481   4335   4337  1   2198
  6481   4337   6483  1   2198
  6483   4337   4339  1   2198
  6483   4339   6484  1   2198
  6484   4339   4341  1   2198
  6484   4341   1408  1   2198
  6484   1408   1411  1   2198
  6485   6487   6488  1   2199
  6488   6487   6489  1   2199
  6488   6489   1567  1   2199
  6488   1567   1564  1   2199
  6488   1564   1561  1   2199
  6488   1561   6485  1   2199
  6485   1561   1558  1   2199
  6485   1558   6486  1   2199
  6485   6486   4374  1   2199
  6485   4374   6487  1   2199
  6487   4374   4376  1   2199
  6487   4376   6489  1   2199
  6489   4376   1426  1   2199
  6489   1426   1429  1   2199
  6489   1429   1567  1   2199
  4374   6486   4372  1   2199
  4372   6486   1555  1   2199
  4372   1555   1552  1   2199
  4372   1552   1550  1   2199
  4372   1550   1425  1   2199
  1555   6486   1558  1   2199
  4397   1435   1576  1   2200
  4397   1576   6490  1   2200
  4397   6490   1432  1   2200
  1432   6490   1570  1   2200
  1432   1570   1568  1   2200
  1432   1568   1431  1   2200
  1570   6490   1573  1   2200
  1573   6490   1576  1   2200
  1576   1435   1441  1   2200
  1441   1435   1438  1   2200
  6492   6493   6494  1   2201
  6492   6494   6495  1   2201
  6492   6495   6491  1   2201
  6492   6491   1582  1   2201
  6492   1582   6493  1   2201
  6493   1582   1579  1   2201
  6493   1579   4408  1   2201
  6493   4408   6494  1   2201
  6494   4408   1444  1   2201
  6494   1444   6495  1   2201
  6495   1444   1450  1   2201
  6495   1450   1591  1   2201
  6495   1591   6491  1   2201
  6491   1591   1588  1   2201
  6491   1588   4565  1   2201
  6491   4565   1582  1   2201
  4565   1588   1585  1   2201
  4408   1579   1577  1   2201
  4408   1577   1443  1   2201
  1453   1609   1606  1   2202
  1453   1606   4421  1   2202
  4421   1606   1603  1   2202
  4421   1603   4578  1   2202
  4421   4578   6496  1   2202
  4421   6496   1452  1   2202
  1452   6496   1592  1   2202
  1592   6496   1597  1   2202
  1592   1597   1594  1   2202
  1597   6496   1600  1   2202
  1600   6496   4578  1   2202
  1456   1462   1612  1   2203
  1456   1612   4424  1   2203
  4424   1612   1610  1   2203
  4424   1610   1455  1   2203
  1465   1615   1464  1   2204
  1464   1615   1613  1   2204
  6497   6501   6502  1   2205
  6498   6497   6502  1   2205
  6498   6502   6503  1   2205
  6499   6498   6503  1   2205
  6499   6503   6504  1   2205
  6500   6505   6506  1   2205
  6501   6500   6506  1   2205
  6501   6506   6507  1   2205
  6502   6501   6507  1   2205
  6502   6507   6508  1   2205
  6503   6502   6508  1   2205
  6504   6503   6508  1   2205
  6506   6505   6509  1   2205
  6507   6506   6509  1   2205
  6507   6509   6510  1   2205
  6508   6507   6510  1   2205
  6508   6510   1630  1   2205
  6508   1630   1627  1   2205
  6508   1627   6504  1   2205
  6504   1627   1624  1   2205
  6504   1624   4607  1   2205
  6504   4607   6499  1   2205
  6499   4607   1621  1   2205
  6499   1621   4602  1   2205
  6499   4602   6498  1   2205
  6498   4602   6497  1   2205
  6497   4602   1618  1   2205
  6497   1618   4597  1   2205
  6497   4597   6500  1   2205
  6497   6500   6501  1   2205
  6500   4597   1616  1   2205
  6500   1616   6505  1   2205
  6505   1616   1467  1   2205
  6505   1467   1470  1   2205
  6505   1470   1633  1   2205
  6505   1633   6509  1   2205
  6509   1633   4618  1   2205
  6509   4618   6510  1   2205
  6510   4618   1630  1   2205
  1473   1634   1472  1   2206
  6512   6511   6516  1   2207
  6513   6512   6517  1   2207
  6514   6513   6517  1   2207
  6516   6515   6517  1   2207
  6512   6516   6517  1   2207
  6517   6515   6514  1   2207
  6514   6515   1644  1   2207
  6514   1644   1639  1   2207
  6514   1639   1631  1   2207
  6514   1631   4620  1   2207
  6514   4620   6513  1   2207
  6513   4620   1632  1   2207
  6513   1632   6512  1   2207
  6512   1632   1475  1   2207
  6512   1475   6511  1   2207
  6511   1475   1476  1   2207
  6511   1476   1479  1   2207
  6511   1479   1482  1   2207
  6511   1482   6516  1   2207
  6516   1482   6515  1   2207
  6515   1482   1647  1   2207
  6515   1647   1644  1   2207
  1647   1482   1650  1   2207
  1631   1639   1636  1   2207
  1485   1488   6518  1   2208
  1485   6518   1484  1   2208
  1484   6518   1651  1   2208
  1651   6518   1655  1   2208
  1655   6518   1660  1   2208
  1660   6518   1488  1   2208
  1660   1488   1663  1   2208
  1491   1664   1490  1   2209
  1494   1497   4655  1   2210
  1494   4655   1493  1   2210
  1493   4655   1662  1   2210
  1662   4655   1661  1   2210
  4655   1497   1666  1   2210
  1666   1497   1669  1   2210
  6520   6519   6521  1   2211
  6520   6521   4671  1   2211
  6520   4671   1670  1   2211
  6520   1670   1499  1   2211
  6520   1499   1500  1   2211
  6520   1500   6519  1   2211
  6519   1500   1684  1   2211
  6519   1684   1681  1   2211
  6519   1681   6522  1   2211
  6519   6522   6521  1   2211
  6521   6522   1672  1   2211
  6521   1672   4671  1   2211
  1672   6522   1675  1   2211
  1675   6522   1678  1   2211
  1678   6522   1681  1   2211
  1503   1685   1502  1   2212
  1506   1509   4681  1   2213
  1506   4681   6523  1   2213
  1506   6523   1505  1   2213
  1505   6523   1683  1   2213
  1683   6523   1682  1   2213
  1682   6523   4681  1   2213
  4681   1509   4683  1   2213
  4683   1509   4687  1   2213
  4683   4687   1687  1   2213
  1687   4687   1690  1   2213
  1512   1696   4690  1   2214
  1512   4690   1691  1   2214
  1512   1691   4688  1   2214
  1512   4688   1511  1   2214
  4690   1696   1693  1   2214
  6525   6524   6526  1   2215
  6525   6526   6527  1   2215
  6525   6527   1708  1   2215
  6525   1708   4708  1   2215
  6525   4708   1705  1   2215
  6525   1705   6524  1   2215
  6524   1705   1702  1   2215
  6524   1702   1699  1   2215
  6524   1699   6526  1   2215
  6526   1699   1697  1   2215
  6526   1697   1514  1   2215
  6526   1514   6527  1   2215
  6527   1514   4507  1   2215
  6527   4507   1708  1   2215
  1708   4507   1515  1   2215
  1714   1711   4713  1   2216
  1518   1526   1527  1   2216
  1518   1527   6528  1   2216
  1518   6528   1517  1   2216
  1517   6528   1709  1   2216
  1709   6528   1711  1   2216
  1711   6528   4713  1   2216
  4713   6528   1717  1   2216
  1717   6528   1720  1   2216
  1720   6528   1527  1   2216
  1521   1524   1520  1   2217
  1530   1723   1529  1   2218
  1529   1723   1721  1   2218
  1533   1536   1532  1   2219
  1532   1536   1724  1   2219
  1724   1536   1726  1   2219
  1726   1536   1539  1   2219
  5409   1556   1557  1   2220
  5409   1557   6530  1   2220
  5409   6530   6529  1   2220
  5409   6529   5411  1   2220
  5411   6529   4733  1   2220
  5411   4733   1727  1   2220
  5411   1727   1541  1   2220
  5411   1541   1542  1   2220
  4733   6529   1729  1   2220
  1729   6529   1732  1   2220
  1732   6529   6530  1   2220
  1732   6530   4739  1   2220
  4739   6530   1557  1   2220
  1545   1553   4535  1   2221
  4535   1553   6531  1   2221
  4535   6531   1544  1   2221
  1544   6531   5412  1   2221
  5412   6531   5410  1   2221
  5410   6531   1554  1   2221
  1554   6531   1553  1   2221
  1548   1551   1547  1   2222
  5407   1583   4566  1   2223
  5407   4566   6532  1   2223
  5407   6532   6533  1   2223
  5407   6533   4740  1   2223
  5407   4740   1559  1   2223
  5407   1559   1560  1   2223
  4740   6533   1733  1   2223
  1733   6533   6532  1   2223
  1733   6532   1735  1   2223
  1735   6532   1584  1   2223
  1584   6532   4566  1   2223
  6534   6535   6536  1   2224
  6536   6535   1572  1   2224
  6536   1572   1580  1   2224
  6536   1580   1581  1   2224
  6536   1581   6534  1   2224
  6534   1581   5408  1   2224
  6534   5408   1562  1   2224
  6534   1562   6535  1   2224
  6535   1562   1563  1   2224
  6535   1563   1571  1   2224
  6535   1571   1572  1   2224
  1566   1569   1565  1   2225
  1575   1578   1574  1   2226
  5403   1595   4755  1   2227
  5403   4755   1587  1   2227
  1587   4755   4753  1   2227
  1587   4753   1586  1   2227
  1586   4753   1736  1   2227
  1736   4753   4751  1   2227
  1736   4751   1738  1   2227
  1738   4751   1741  1   2227
  1741   4751   1744  1   2227
  4755   1595   1596  1   2227
  1590   1593   5405  1   2228
  1590   5405   1589  1   2228
  6537   6538   6539  1   2229
  6537   6540   6538  1   2229
  6538   6540   4752  1   2229
  6538   4752   4754  1   2229
  6538   4754   6539  1   2229
  6539   4754   4756  1   2229
  6539   4756   6541  1   2229
  6539   6541   4762  1   2229
  6539   4762   1756  1   2229
  6539   1756   6537  1   2229
  6537   1756   1753  1   2229
  6537   1753   1750  1   2229
  6537   1750   6540  1   2229
  6540   1750   1747  1   2229
  6540   1747   4752  1   2229
  4752   1747   1745  1   2229
  4762   6541   1759  1   2229
  1759   6541   1598  1   2229
  1759   1598   1599  1   2229
  1598   6541   4756  1   2229
  4770   1762   4768  1   2230
  4770   4768   1602  1   2230
  1602   4768   4580  1   2230
  4580   4768   1760  1   2230
  4580   1760   1601  1   2230
  6543   6542   6544  1   2231
  6543   6544   6545  1   2231
  6543   6545   1774  1   2231
  6543   1774   4779  1   2231
  6543   4779   4772  1   2231
  6543   4772   6542  1   2231
  6542   4772   1765  1   2231
  6542   1765   1763  1   2231
  6542   1763   5400  1   2231
  6542   5400   6544  1   2231
  6544   5400   1619  1   2231
  6544   1619   4604  1   2231
  6544   4604   6545  1   2231
  6545   4604   1620  1   2231
  6545   1620   1774  1   2231
  1774   1620   1777  1   2231
  5400   1763   4771  1   2231
  5400   4771   1604  1   2231
  5400   1604   1605  1   2231
  4772   4779   4774  1   2231
  4774   4779   1771  1   2231
  4774   1771   1768  1   2231
  1608   1611   4599  1   2232
  1608   4599   6546  1   2232
  1608   6546   1607  1   2232
  1607   6546   5401  1   2232
  5401   6546   6547  1   2232
  5401   6547   1617  1   2232
  1617   6547   4599  1   2232
  4599   6547   6546  1   2232
  4599   1611   1614  1   2232
  1783   1780   1786  1   2233
  1623   1792   4609  1   2233
  4609   1792   1789  1   2233
  4609   1789   1786  1   2233
  4609   1786   1622  1   2233
  1622   1786   1778  1   2233
  1778   1786   1780  1   2233
  1626   1637   1795  1   2234
  1626   1795   4799  1   2234
  1626   4799   1625  1   2234
  1625   4799   1793  1   2234
  1795   1637   1638  1   2234
  1629   1635   1628  1   2235
  6548   6554   6555  1   2236
  6549   6548   6555  1   2236
  6549   6555   6556  1   2236
  6550   6549   6556  1   2236
  6550   6556   6557  1   2236
  6551   6550   6557  1   2236
  6552   6551   6557  1   2236
  6552   6557   6558  1   2236
  6554   6553   6559  1   2236
  6554   6559   6560  1   2236
  6555   6554   6560  1   2236
  6556   6555   6560  1   2236
  6556   6560   6561  1   2236
  6557   6556   6561  1   2236
  6558   6557   6561  1   2236
  6558   6561   6562  1   2236
  6560   6559   6565  1   2236
  6561   6560   6565  1   2236
  6562   6561   6565  1   2236
  6563   6562   6565  1   2236
  6564   6563   6565  1   2236
  6559   6564   6565  1   2236
  6564   6559   1810  1   2236
  6564   1810   4820  1   2236
  6564   4820   1807  1   2236
  6564   1807   6563  1   2236
  6563   1807   1804  1   2236
  6563   1804   6562  1   2236
  6562   1804   6558  1   2236
  6558   1804   1801  1   2236
  6558   1801   6552  1   2236
  6552   1801   4809  1   2236
  6552   4809   6551  1   2236
  6551   4809   1798  1   2236
  6551   1798   4804  1   2236
  6551   4804   6550  1   2236
  6550   4804   1796  1   2236
  6550   1796   6549  1   2236
  6549   1796   6548  1   2236
  6548   1796   1640  1   2236
  6548   1640   6554  1   2236
  6554   1640   1643  1   2236
  6554   1643   6553  1   2236
  6553   1643   1810  1   2236
  6553   1810   6559  1   2236
  1646   1813   4824  1   2237
  1646   4824   1645  1   2237
  1645   4824   1811  1   2237
  1649   1654   1814  1   2238
  1649   1814   1648  1   2238
  6567   6571   6572  1   2239
  6568   6567   6572  1   2239
  6568   6572   6573  1   2239
  6569   6568   6573  1   2239
  6570   6569   6573  1   2239
  6566   6569   6570  1   2239
  6571   6575   6576  1   2239
  6572   6571   6576  1   2239
  6573   6572   6576  1   2239
  6574   6573   6576  1   2239
  6570   6573   6574  1   2239
  6576   6575   6577  1   2239
  6574   6576   6577  1   2239
  6577   6575   1819  1   2239
  6577   1819   1808  1   2239
  6577   1808   4822  1   2239
  6577   4822   6574  1   2239
  6574   4822   1809  1   2239
  6574   1809   6570  1   2239
  6570   1809   4825  1   2239
  6570   4825   6566  1   2239
  6566   4825   1812  1   2239
  6566   1812   1656  1   2239
  6566   1656   1659  1   2239
  6566   1659   6569  1   2239
  6569   1659   4659  1   2239
  6569   4659   6568  1   2239
  6568   4659   1665  1   2239
  6568   1665   6567  1   2239
  6567   1665   1825  1   2239
  6567   1825   6571  1   2239
  6571   1825   1822  1   2239
  6571   1822   6575  1   2239
  6575   1822   1819  1   2239
  1808   1819   1816  1   2239
  4672   1671   1828  1   2240
  4672   1828   1826  1   2240
  4672   1826   1667  1   2240
  4672   1667   1668  1   2240
  6579   6582   6583  1   2241
  6580   6579   6583  1   2241
  6581   6580   6583  1   2241
  6578   6580   6581  1   2241
  6583   6582   6586  1   2241
  6584   6583   6586  1   2241
  6581   6583   6584  1   2241
  6584   6586   4859  1   2241
  6584   4859   1834  1   2241
  6584   1834   6581  1   2241
  6581   1834   4856  1   2241
  6581   4856   6578  1   2241
  6578   4856   1831  1   2241
  6578   1831   1829  1   2241
  6578   1829   1673  1   2241
  6578   1673   6580  1   2241
  6580   1673   1674  1   2241
  6580   1674   6579  1   2241
  6579   1674   1854  1   2241
  6579   1854   1851  1   2241
  6579   1851   6582  1   2241
  6582   1851   1846  1   2241
  6582   1846   6586  1   2241
  6586   1846   6585  1   2241
  6586   6585   4859  1   2241
  4859   6585   1837  1   2241
  1837   6585   1840  1   2241
  1840   6585   1843  1   2241
  1843   6585   1846  1   2241
  1854   1674   1857  1   2241
  1677   1868   1865  1   2242
  1677   1865   1676  1   2242
  1676   1865   1860  1   2242
  1676   1860   1858  1   2242
  4684   1686   6587  1   2243
  4684   6587   4682  1   2243
  4682   6587   6588  1   2243
  4682   6588   1680  1   2243
  1680   6588   1679  1   2243
  1679   6588   1869  1   2243
  1869   6588   4899  1   2243
  4899   6588   6587  1   2243
  4899   6587   1871  1   2243
  1871   6587   1874  1   2243
  1874   6587   1686  1   2243
  1692   1886   4692  1   2244
  6590   6591   6592  1   2244
  6589   6590   6592  1   2244
  6591   6593   6594  1   2244
  6592   6591   6594  1   2244
  6594   6593   6595  1   2244
  6594   6595   1688  1   2244
  6594   1688   1689  1   2244
  6594   1689   6592  1   2244
  6592   1689   4692  1   2244
  6592   4692   6589  1   2244
  6589   4692   1886  1   2244
  6589   1886   1883  1   2244
  6589   1883   4917  1   2244
  6589   4917   6590  1   2244
  6590   4917   4915  1   2244
  6590   4915   4913  1   2244
  6590   4913   6591  1   2244
  6591   4913   4911  1   2244
  6591   4911   6593  1   2244
  6593   4911   1880  1   2244
  6593   1880   4909  1   2244
  6593   4909   6595  1   2244
  6595   4909   1877  1   2244
  6595   1877   1688  1   2244
  1688   1877   1875  1   2244
  1887   1694   1889  1   2245
  1695   1698   6596  1   2245
  1695   6596   6597  1   2245
  1695   6597   1694  1   2245
  1694   6597   1889  1   2245
  1889   6597   4927  1   2245
  4927   6597   6596  1   2245
  4927   6596   1892  1   2245
  1892   6596   1698  1   2245
  1898   1895   1901  1   2246
  1701   1901   1893  1   2246
  1701   1893   1700  1   2246
  1893   1901   1895  1   2246
  6599   6598   6600  1   2247
  6599   6600   1704  1   2247
  6599   1704   4951  1   2247
  6599   4951   4949  1   2247
  6599   4949   4947  1   2247
  6599   4947   6598  1   2247
  6598   4947   4945  1   2247
  6598   4945   4943  1   2247
  6598   4943   1904  1   2247
  6598   1904   6600  1   2247
  6600   1904   1902  1   2247
  6600   1902   1703  1   2247
  6600   1703   1704  1   2247
  4943   4945   1910  1   2247
  4943   1910   1907  1   2247
  4949   4951   1913  1   2247
  1707   1710   1914  1   2248
  1707   1914   4709  1   2248
  4709   1914   4952  1   2248
  4709   4952   1706  1   2248
  6601   6603   6604  1   2249
  6601   6604   4965  1   2249
  6601   4965   6602  1   2249
  6601   6602   4955  1   2249
  6601   4955   6603  1   2249
  6603   4955   4953  1   2249
  6603   4953   6605  1   2249
  6603   6605   4948  1   2249
  6603   4948   6604  1   2249
  6604   4948   4950  1   2249
  6604   4950   4967  1   2249
  6604   4967   4965  1   2249
  4967   4950   1912  1   2249
  4967   1912   1713  1   2249
  1713   1912   1712  1   2249
  4948   6605   4946  1   2249
  4946   6605   1911  1   2249
  1911   6605   4953  1   2249
  4955   6602   4957  1   2249
  4957   6602   4963  1   2249
  4957   4963   1916  1   2249
  1916   4963   1919  1   2249
  1919   4963   1922  1   2249
  4963   6602   4965  1   2249
  6606   6608   6609  1   2250
  6606   6609   4966  1   2250
  6606   4966   4968  1   2250
  6606   4968   6608  1   2250
  6608   4968   1715  1   2250
  6608   1715   4715  1   2250
  6608   4715   1716  1   2250
  6608   1716   6609  1   2250
  6609   1716   4971  1   2250
  6609   4971   6607  1   2250
  6609   6607   4966  1   2250
  4966   6607   4964  1   2250
  4964   6607   1923  1   2250
  1923   6607   4971  1   2250
  1719   1722   6610  1   2251
  1719   6610   1718  1   2251
  1718   6610   4974  1   2251
  4974   6610   6611  1   2251
  4974   6611   1921  1   2251
  1921   6611   1925  1   2251
  1921   1925   1920  1   2251
  1925   6611   4736  1   2251
  1925   4736   1740  1   2251
  1740   4736   1728  1   2251
  1740   1728   1739  1   2251
  4736   6611   1725  1   2251
  1725   6611   6610  1   2251
  1725   6610   1722  1   2251
  1731   1734   1730  1   2252
  1730   1734   1737  1   2252
  1743   1746   1926  1   2253
  1743   1926   1742  1   2253
  1749   1928   1917  1   2254
  1749   1917   1748  1   2254
  1748   1917   1918  1   2254
  1748   1918   1924  1   2254
  1752   1934   1929  1   2255
  1752   1929   1751  1   2255
  1929   1934   1931  1   2255
  5388   1766   4773  1   2256
  5388   4773   4775  1   2256
  5388   4775   6612  1   2256
  5388   6612   1755  1   2256
  1755   6612   1754  1   2256
  1754   6612   1935  1   2256
  1935   6612   1937  1   2256
  1937   6612   1940  1   2256
  1940   6612   1767  1   2256
  1767   6612   4775  1   2256
  4769   1761   6614  1   2257
  4769   6614   1758  1   2257
  1758   6614   4764  1   2257
  4764   6614   6613  1   2257
  4764   6613   1757  1   2257
  1757   6613   5389  1   2257
  5389   6613   1764  1   2257
  1764   6613   6614  1   2257
  1764   6614   1761  1   2257
  1779   1946   1776  1   2258
  5384   1775   6615  1   2258
  5384   6615   4995  1   2258
  5384   4995   1770  1   2258
  1770   4995   1769  1   2258
  1769   4995   1941  1   2258
  4995   6615   4997  1   2258
  4997   6615   6616  1   2258
  4997   6616   1943  1   2258
  1943   6616   1946  1   2258
  1946   6616   1776  1   2258
  1776   6616   1775  1   2258
  1775   6616   6615  1   2258
  5386   1772   4781  1   2259
  5386   4781   1773  1   2259
  1781   1782   1947  1   2260
  1945   1784   1944  1   2261
  1785   1955   6617  1   2261
  1785   6617   1784  1   2261
  1784   6617   1944  1   2261
  1944   6617   1949  1   2261
  1949   6617   6618  1   2261
  1949   6618   5005  1   2261
  5005   6618   1952  1   2261
  1952   6618   1955  1   2261
  1955   6618   6617  1   2261
  1788   1956   1787  1   2262
  6620   6619   6621  1   2263
  6620   6621   6622  1   2263
  6620   6622   5009  1   2263
  6620   5009   1953  1   2263
  6620   1953   1954  1   2263
  6620   1954   6619  1   2263
  6619   1954   1790  1   2263
  6619   1790   4800  1   2263
  6619   4800   6621  1   2263
  6621   4800   1794  1   2263
  6621   1794   4806  1   2263
  6621   4806   6622  1   2263
  6622   4806   1797  1   2263
  6622   1797   1964  1   2263
  6622   1964   5009  1   2263
  4800   1790   1791  1   2263
  1953   5009   1961  1   2263
  1953   1961   1958  1   2263
  1800   1976   4811  1   2264
  4811   1976   1973  1   2264
  4811   1973   1970  1   2264
  4811   1970   1965  1   2264
  4811   1965   1799  1   2264
  1965   1970   1967  1   2264
  1803   1817   6623  1   2265
  1803   6623   1802  1   2265
  1802   6623   5023  1   2265
  1802   5023   1977  1   2265
  5023   6623   5025  1   2265
  5025   6623   1817  1   2265
  5025   1817   1818  1   2265
  1806   1815   1805  1   2266
  6625   6624   6627  1   2267
  6626   6625   6627  1   2267
  6626   6627   6628  1   2267
  6628   6627   6629  1   2267
  6628   6629   5034  1   2267
  6628   5034   1991  1   2267
  6628   1991   6626  1   2267
  6626   1991   5031  1   2267
  6626   5031   1982  1   2267
  6626   1982   1979  1   2267
  6626   1979   6625  1   2267
  6625   1979   6624  1   2267
  6624   1979   1974  1   2267
  6624   1974   1975  1   2267
  6624   1975   5024  1   2267
  6624   5024   6627  1   2267
  6627   5024   6629  1   2267
  6629   5024   5037  1   2267
  6629   5037   5034  1   2267
  5037   5024   5026  1   2267
  5037   5026   5040  1   2267
  5040   5026   1820  1   2267
  5040   1820   1994  1   2267
  1994   1820   1997  1   2267
  1997   1820   1821  1   2267
  1982   5031   5027  1   2267
  5027   5031   1988  1   2267
  5027   1988   1985  1   2267
  1824   1827   1830  1   2268
  1824   1830   1823  1   2268
  1823   1830   1998  1   2268
  1833   1995   4857  1   2269
  4857   1995   1996  1   2269
  4857   1996   1832  1   2269
  6631   6630   6636  1   2270
  6631   6636   6637  1   2270
  6632   6631   6637  1   2270
  6632   6637   6638  1   2270
  6633   6640   6641  1   2270
  6634   6633   6641  1   2270
  6635   6634   6641  1   2270
  6635   6641   6642  1   2270
  6636   6635   6642  1   2270
  6637   6636   6642  1   2270
  6637   6642   6643  1   2270
  6638   6637   6643  1   2270
  6638   6643   6644  1   2270
  6639   6638   6644  1   2270
  6641   6640   6646  1   2270
  6642   6641   6646  1   2270
  6643   6642   6646  1   2270
  6644   6643   6646  1   2270
  6645   6644   6646  1   2270
  6640   6645   6646  1   2270
  6645   6640   4861  1   2270
  6645   4861   1836  1   2270
  6645   1836   6644  1   2270
  6644   1836   6639  1   2270
  6639   1836   2006  1   2270
  6639   2006   2003  1   2270
  6639   2003   6638  1   2270
  6638   2003   6632  1   2270
  6632   2003   5049  1   2270
  6632   5049   2000  1   2270
  6632   2000   6631  1   2270
  6631   2000   1992  1   2270
  6631   1992   6630  1   2270
  6630   1992   5036  1   2270
  6630   5036   6636  1   2270
  6636   5036   6635  1   2270
  6635   5036   5039  1   2270
  6635   5039   6634  1   2270
  6634   5039   5042  1   2270
  6634   5042   6633  1   2270
  6633   5042   1993  1   2270
  6633   1993   1835  1   2270
  6633   1835   6640  1   2270
  6640   1835   4861  1   2270
  1839   2007   1838  1   2271
  1842   2015   1841  1   2272
  1841   2015   2012  1   2272
  1841   2012   6647  1   2272
  1841   6647   2005  1   2272
  2005   6647   2004  1   2272
  2004   6647   2009  1   2272
  2009   6647   5065  1   2272
  5065   6647   2012  1   2272
  1845   2016   1844  1   2273
  6648   6651   6652  1   2274
  6649   6648   6652  1   2274
  6650   6649   6652  1   2274
  6650   6652   6653  1   2274
  6651   6659   6660  1   2274
  6652   6651   6660  1   2274
  6653   6652   6660  1   2274
  6653   6660   6661  1   2274
  6654   6653   6661  1   2274
  6655   6654   6661  1   2274
  6656   6655   6661  1   2274
  6657   6656   6662  1   2274
  6658   6657   6662  1   2274
  6659   6658   6662  1   2274
  6660   6659   6662  1   2274
  6661   6660   6662  1   2274
  6656   6661   6662  1   2274
  6655   6656   5652  1   2274
  6655   5652   5653  1   2274
  6655   5653   5088  1   2274
  6655   5088   2024  1   2274
  6655   2024   6654  1   2274
  6654   2024   5085  1   2274
  6654   5085   6650  1   2274
  6654   6650   6653  1   2274
  6650   5085   5083  1   2274
  6650   5083   6649  1   2274
  6649   5083   5081  1   2274
  6649   5081   6648  1   2274
  6648   5081   2021  1   2274
  6648   2021   2018  1   2274
  6648   2018   5075  1   2274
  6648   5075   6651  1   2274
  6651   5075   5072  1   2274
  6651   5072   6659  1   2274
  6659   5072   6658  1   2274
  6658   5072   2013  1   2274
  6658   2013   2014  1   2274
  6658   2014   6657  1   2274
  6657   2014   1847  1   2274
  6657   1847   5656  1   2274
  6657   5656   2352  1   2274
  6657   2352   6656  1   2274
  6656   2352   5652  1   2274
  5656   1847   1850  1   2274
  5656   1850   5655  1   2274
  5655   1850   5654  1   2274
  5654   1850   2027  1   2274
  5654   2027   5653  1   2274
  5653   2027   5088  1   2274
  1853   2030   5092  1   2275
  1853   5092   1852  1   2275
  1852   5092   2028  1   2275
  1856   1859   2031  1   2276
  1856   2031   1855  1   2276
  6664   6663   6666  1   2277
  6664   6666   6667  1   2277
  6666   6671   6672  1   2277
  6667   6666   6672  1   2277
  6667   6672   6673  1   2277
  6668   6667   6673  1   2277
  6665   6668   6673  1   2277
  6665   6673   6669  1   2277
  6665   6669   6670  1   2277
  6670   6669   6674  1   2277
  6672   6671   6675  1   2277
  6672   6675   6676  1   2277
  6673   6672   6676  1   2277
  6674   6673   6676  1   2277
  6669   6673   6674  1   2277
  6674   6676   5090  1   2277
  6674   5090   2026  1   2277
  6674   2026   5093  1   2277
  6674   5093   6670  1   2277
  6670   5093   2029  1   2277
  6670   2029   1864  1   2277
  6670   1864   5112  1   2277
  6670   5112   6665  1   2277
  6665   5112   2039  1   2277
  6665   2039   6668  1   2277
  6668   2039   6664  1   2277
  6668   6664   6667  1   2277
  6664   2039   2036  1   2277
  6664   2036   6663  1   2277
  6663   2036   2033  1   2277
  6663   2033   5100  1   2277
  6663   5100   5098  1   2277
  6663   5098   6666  1   2277
  6666   5098   6671  1   2277
  6671   5098   5096  1   2277
  6671   5096   2025  1   2277
  6671   2025   6675  1   2277
  6675   2025   5090  1   2277
  6675   5090   6676  1   2277
  1864   2029   1861  1   2277
  6678   6679   6680  1   2278
  6678   6680   5136  1   2278
  6678   5136   5134  1   2278
  6678   5134   6677  1   2278
  6678   6677   6679  1   2278
  6679   6677   5126  1   2278
  6679   5126   6681  1   2278
  6679   6681   6680  1   2278
  6680   6681   2035  1   2278
  6680   2035   5118  1   2278
  6680   5118   1879  1   2278
  6680   1879   5138  1   2278
  6680   5138   5136  1   2278
  1879   5118   4910  1   2278
  4910   5118   2040  1   2278
  4910   2040   1878  1   2278
  1878   2040   1870  1   2278
  1870   2040   4902  1   2278
  4902   2040   5115  1   2278
  4902   5115   1867  1   2278
  1867   5115   1866  1   2278
  2035   6681   2034  1   2278
  2034   6681   2042  1   2278
  2042   6681   5124  1   2278
  5124   6681   5126  1   2278
  5126   6677   5128  1   2278
  5128   6677   5132  1   2278
  5128   5132   2045  1   2278
  2045   5132   2048  1   2278
  5132   6677   5134  1   2278
  1873   1876   1872  1   2279
  6682   6683   6684  1   2280
  6682   6684   4916  1   2280
  6682   4916   4918  1   2280
  6682   4918   2054  1   2280
  6682   2054   5140  1   2280
  6682   5140   6683  1   2280
  6683   5140   2051  1   2280
  6683   2051   5133  1   2280
  6683   5133   5135  1   2280
  6683   5135   6684  1   2280
  6684   5135   6685  1   2280
  6684   6685   4914  1   2280
  6684   4914   4916  1   2280
  4914   6685   5137  1   2280
  4914   5137   4912  1   2280
  4912   5137   5139  1   2280
  4912   5139   1881  1   2280
  5137   6685   5135  1   2280
  5133   2051   2049  1   2280
  2054   4918   1882  1   2280
  1885   1888   1884  1   2281
  1884   1888   6686  1   2281
  1884   6686   2055  1   2281
  2055   6686   2057  1   2281
  2057   6686   2060  1   2281
  2060   6686   1888  1   2281
  2060   1888   2063  1   2281
  1891   1894   5158  1   2282
  1891   5158   4928  1   2282
  4928   5158   5156  1   2282
  4928   5156   1890  1   2282
  1890   5156   2064  1   2282
  2064   5156   5154  1   2282
  2064   5154   2066  1   2282
  2066   5154   2069  1   2282
  1896   1897   5159  1   2283
  6687   6688   6689  1   2283
  6687   6689   5157  1   2283
  6687   5157   5159  1   2283
  6687   5159   2081  1   2283
  6687   2081   5170  1   2283
  6687   5170   6688  1   2283
  6688   5170   6690  1   2283
  6688   6690   6689  1   2283
  6689   6690   2070  1   2283
  6689   2070   5155  1   2283
  6689   5155   5157  1   2283
  2070   6690   2072  1   2283
  2072   6690   2075  1   2283
  2075   6690   2078  1   2283
  2078   6690   5170  1   2283
  2081   5159   1897  1   2283
  1900   1903   1899  1   2284
  1899   1903   2082  1   2284
  2082   1903   2084  1   2284
  2084   1903   2087  1   2284
  5197   2102   2096  1   2285
  5197   2096   2093  1   2285
  5197   2093   2090  1   2285
  5197   2090   1906  1   2285
  1906   2090   4944  1   2285
  4944   2090   2088  1   2285
  4944   2088   1905  1   2285
  2096   2102   2099  1   2285
  6691   6693   6694  1   2286
  6692   6691   6694  1   2286
  6692   6694   5199  1   2286
  6692   5199   1908  1   2286
  6692   1908   1909  1   2286
  6692   1909   4954  1   2286
  6692   4954   4956  1   2286
  6692   4956   6691  1   2286
  6691   4956   4958  1   2286
  6691   4958   6693  1   2286
  6693   4958   1927  1   2286
  6693   1927   1930  1   2286
  6693   1930   6694  1   2286
  6694   1930   2103  1   2286
  6694   2103   5199  1   2286
  1927   4958   1915  1   2286
  2105   2100   1936  1   2287
  1933   1936   1932  1   2287
  1932   1936   2101  1   2287
  2101   1936   2100  1   2287
  2095   2106   2094  1   2288
  6695   6696   6697  1   2288
  6695   6697   6698  1   2288
  6695   6698   2111  1   2288
  6695   2111   2108  1   2288
  6695   2108   2094  1   2288
  6695   2094   6696  1   2288
  6696   2094   2106  1   2288
  6696   2106   1938  1   2288
  6696   1938   1939  1   2288
  6696   1939   6697  1   2288
  6697   1939   4996  1   2288
  6697   4996   6698  1   2288
  6698   4996   4998  1   2288
  6698   4998   6699  1   2288
  6698   6699   2111  1   2288
  2111   6699   2114  1   2288
  2114   6699   1948  1   2288
  1948   6699   1942  1   2288
  1942   6699   4998  1   2288
  1951   1957   5006  1   2289
  5006   1957   6700  1   2289
  5006   6700   2115  1   2289
  5006   2115   1950  1   2289
  2115   6700   2117  1   2289
  2117   6700   2120  1   2289
  2120   6700   2123  1   2289
  2123   6700   1957  1   2289
  5375   1968   2129  1   2290
  5375   2129   2126  1   2290
  5375   2126   5225  1   2290
  5375   5225   5223  1   2290
  5375   5223   1960  1   2290
  1960   5223   1959  1   2290
  1959   5223   2124  1   2290
  2129   1968   1969  1   2290
  1963   1966   5010  1   2291
  5010   1966   5377  1   2291
  5010   5377   1962  1   2291
  1972   1978   1971  1   2292
  1971   1978   2130  1   2292
  6701   6702   6703  1   2293
  6701   6703   5233  1   2293
  6701   5233   2132  1   2293
  6701   2132   2127  1   2293
  6701   2127   6702  1   2293
  6702   2127   2128  1   2293
  6702   2128   1980  1   2293
  6702   1980   6703  1   2293
  6703   1980   1981  1   2293
  6703   1981   5233  1   2293
  5238   2141   6704  1   2294
  5238   6704   5234  1   2294
  5238   5234   5028  1   2294
  5238   5028   1984  1   2294
  5028   5234   1983  1   2294
  5234   6704   2133  1   2294
  2133   6704   2135  1   2294
  2135   6704   2138  1   2294
  2138   6704   2141  1   2294
  2144   2142   2147  1   2295
  1987   2153   5256  1   2295
  1987   5256   1986  1   2295
  1986   5256   5240  1   2295
  5240   5256   5254  1   2295
  5240   5254   6705  1   2295
  5240   6705   2142  1   2295
  2142   6705   5252  1   2295
  2142   5252   2147  1   2295
  2147   5252   2150  1   2295
  5252   6705   5254  1   2295
  1990   1999   6706  1   2296
  1990   6706   5032  1   2296
  5032   6706   1989  1   2296
  1989   6706   2154  1   2296
  2154   6706   1999  1   2296
  2154   1999   2156  1   2296
  2002   2008   5051  1   2297
  5051   2008   2168  1   2297
  5051   2168   2165  1   2297
  5051   2165   6707  1   2297
  5051   6707   2001  1   2297
  2001   6707   2157  1   2297
  2157   6707   2159  1   2297
  2159   6707   2162  1   2297
  2162   6707   2165  1   2297
  6709   6708   6710  1   2298
  6709   6710   6711  1   2298
  6709   6711   5296  1   2298
  6709   5296   5280  1   2298
  6709   5280   2174  1   2298
  6709   2174   6708  1   2298
  6708   2174   2171  1   2298
  6708   2171   5278  1   2298
  6708   5278   5066  1   2298
  6708   5066   6710  1   2298
  6710   5066   5074  1   2298
  6710   5074   6711  1   2298
  6711   5074   5077  1   2298
  6711   5077   5296  1   2298
  5296   5077   2017  1   2298
  5074   5066   2011  1   2298
  5066   5278   2169  1   2298
  5066   2169   2010  1   2298
  5280   5296   5294  1   2298
  5280   5294   5282  1   2298
  5282   5294   5284  1   2298
  5284   5294   5292  1   2298
  5284   5292   2177  1   2298
  2177   5292   2186  1   2298
  2177   2186   2180  1   2298
  2180   2186   2183  1   2298
  2020   2187   6712  1   2299
  2020   6712   2019  1   2299
  2019   6712   5297  1   2299
  5297   6712   5295  1   2299
  5295   6712   5293  1   2299
  5293   6712   2187  1   2299
  6713   6715   6716  1   2300
  6714   6713   6716  1   2300
  6714   6716   6717  1   2300
  6717   6716   6718  1   2300
  6717   6718   5099  1   2300
  6717   5099   5101  1   2300
  6717   5101   6714  1   2300
  6714   5101   2041  1   2300
  6714   2041   5302  1   2300
  6714   5302   6713  1   2300
  6713   5302   2184  1   2300
  6713   2184   2185  1   2300
  6713   2185   6715  1   2300
  6715   2185   2022  1   2300
  6715   2022   5082  1   2300
  6715   5082   6716  1   2300
  6716   5082   5084  1   2300
  6716   5084   6718  1   2300
  6718   5084   5086  1   2300
  6718   5086   5097  1   2300
  6718   5097   5099  1   2300
  5097   5086   2023  1   2300
  2041   5101   2032  1   2300
  5119   2037   6719  1   2301
  5119   6719   2038  1   2301
  2038   6719   2037  1   2301
  6721   6720   6722  1   2302
  6721   6722   6723  1   2302
  6721   6723   5127  1   2302
  6721   5127   5129  1   2302
  6721   5129   6720  1   2302
  6720   5129   5310  1   2302
  6720   5310   2189  1   2302
  6720   2189   6722  1   2302
  6722   2189   2181  1   2302
  6722   2181   2182  1   2302
  6722   2182   5305  1   2302
  6722   5305   6723  1   2302
  6723   5305   2043  1   2302
  6723   2043   5125  1   2302
  6723   5125   5127  1   2302
  5310   5129   2192  1   2302
  2192   5129   2044  1   2302
  6724   6725   6726  1   2303
  6726   6725   6727  1   2303
  6726   6727   6728  1   2303
  6726   6728   2050  1   2303
  6726   2050   5372  1   2303
  6726   5372   6724  1   2303
  6724   5372   2058  1   2303
  6724   2058   5316  1   2303
  6724   5316   5314  1   2303
  6724   5314   6725  1   2303
  6725   5314   2198  1   2303
  6725   2198   2195  1   2303
  6725   2195   6727  1   2303
  6727   2195   2193  1   2303
  6727   2193   6728  1   2303
  6728   2193   2046  1   2303
  6728   2046   2047  1   2303
  6728   2047   2050  1   2303
  5316   2058   2059  1   2303
  2053   2056   5141  1   2304
  5141   2056   5373  1   2304
  5141   5373   2052  1   2304
  6729   6730   6731  1   2305
  6729   6731   5315  1   2305
  6729   5315   5317  1   2305
  6729   5317   2061  1   2305
  6729   2061   2062  1   2305
  6729   2062   2065  1   2305
  6729   2065   6730  1   2305
  6730   2065   2225  1   2305
  6730   2225   6732  1   2305
  6730   6732   6731  1   2305
  6731   6732   2201  1   2305
  6731   2201   2199  1   2305
  6731   2199   5315  1   2305
  2201   6732   2204  1   2305
  2204   6732   2149  1   2305
  2149   6732   2148  1   2305
  2148   6732   2225  1   2305
  2068   2071   6733  1   2306
  2068   6733   2067  1   2306
  2067   6733   2226  1   2306
  2226   6733   5356  1   2306
  5356   6733   2228  1   2306
  2228   6733   2231  1   2306
  2231   6733   2071  1   2306
  2074   2232   2073  1   2307
  6734   6735   6736  1   2308
  6736   6735   6737  1   2308
  6736   6737   2134  1   2308
  6736   2134   2229  1   2308
  6736   2229   6734  1   2308
  6734   2229   2230  1   2308
  6734   2230   2076  1   2308
  6734   2076   2077  1   2308
  6734   2077   2234  1   2308
  6734   2234   2121  1   2308
  6734   2121   2122  1   2308
  6734   2122   6735  1   2308
  6735   2122   5224  1   2308
  6735   5224   5226  1   2308
  6735   5226   6737  1   2308
  6737   5226   2131  1   2308
  6737   2131   2134  1   2308
  2131   5226   2125  1   2308
  2080   2083   5370  1   2309
  2080   5370   5173  1   2309
  5173   5370   2079  1   2309
  2079   5370   5368  1   2309
  2079   5368   2235  1   2309
  2235   5368   2116  1   2309
  2116   5368   6738  1   2309
  2116   6738   2113  1   2309
  2113   6738   2112  1   2309
  2112   6738   5368  1   2309
  2086   2089   6739  1   2310
  2086   6739   2085  1   2310
  2085   6739   5371  1   2310
  5371   6739   5369  1   2310
  5369   6739   2110  1   2310
  2110   6739   2109  1   2310
  2109   6739   2089  1   2310
  2092   2107   2091  1   2311
  2098   2104   2097  1   2312
  2119   2233   2118  1   2313
  2137   2145   6740  1   2314
  2137   6740   2136  1   2314
  2136   6740   2227  1   2314
  2227   6740   5357  1   2314
  5357   6740   2145  1   2314
  5357   2145   2146  1   2314
  5357   2146   2224  1   2314
  2139   2140   2143  1   2315
  6741   6742   6743  1   2316
  6741   6743   2210  1   2316
  6741   2210   2207  1   2316
  6741   2207   5253  1   2316
  6741   5253   5255  1   2316
  6741   5255   6742  1   2316
  6742   5255   6744  1   2316
  6742   6744   6743  1   2316
  6743   6744   2216  1   2316
  6743   2216   2213  1   2316
  6743   2213   2210  1   2316
  2216   6744   2219  1   2316
  2219   6744   2158  1   2316
  2158   6744   2152  1   2316
  2158   2152   2155  1   2316
  2152   6744   5257  1   2316
  5257   6744   5255  1   2316
  5253   2207   2205  1   2316
  5253   2205   2151  1   2316
  2161   2220   2160  1   2317
  2164   2172   6746  1   2318
  2164   6746   2163  1   2318
  2163   6746   2218  1   2318
  2218   6746   6745  1   2318
  2218   6745   2217  1   2318
  2217   6745   5338  1   2318
  5338   6745   2173  1   2318
  2173   6745   6746  1   2318
  2173   6746   2172  1   2318
  5279   2170   2166  1   2319
  5279   2166   2167  1   2319
  5342   2222   6747  1   2320
  5342   6747   5285  1   2320
  5342   5285   2176  1   2320
  5285   6747   5283  1   2320
  5283   6747   5339  1   2320
  5283   5339   5281  1   2320
  5281   5339   2175  1   2320
  5339   6747   5340  1   2320
  5339   5340   2214  1   2320
  5339   2214   2215  1   2320
  5340   6747   2222  1   2320
  2179   2188   6748  1   2321
  2179   6748   2178  1   2321
  2178   6748   5343  1   2321
  5343   6748   5344  1   2321
  5343   5344   2223  1   2321
  5344   6748   2188  1   2321
  2191   2194   6749  1   2322
  2191   6749   5311  1   2322
  5311   6749   2190  1   2322
  2190   6749   5345  1   2322
  5345   6749   5346  1   2322
  5345   5346   2221  1   2322
  2221   5346   5341  1   2322
  5341   5346   2211  1   2322
  5341   2211   2212  1   2322
  5346   6749   2194  1   2322
  2197   2200   6750  1   2323
  2197   6750   2196  1   2323
  2196   6750   5347  1   2323
  5347   6750   2209  1   2323
  2209   6750   2208  1   2323
  2208   6750   2200  1   2323
  2203   2206   2202  1   2324
  2252   2325   2315  1   2325
  2252   2315   2323  1   2325
  2252   2323   2251  1   2325
  2315   2325   2314  1   2325
  2255   2328   5446  1   2326
  5446   2328   2326  1   2326
  5446   2326   2254  1   2326
  6751   6752   6753  1   2327
  6751   6753   6754  1   2327
  6752   6755   6756  1   2327
  6753   6752   6756  1   2327
  6753   6756   6757  1   2327
  6753   6757   6758  1   2327
  6754   6753   6758  1   2327
  6755   6759   6760  1   2327
  6756   6755   6760  1   2327
  6756   6760   6761  1   2327
  6757   6756   6761  1   2327
  6757   6761   6762  1   2327
  6758   6757   6762  1   2327
  6760   6759   6763  1   2327
  6760   6763   6764  1   2327
  6761   6760   6764  1   2327
  6762   6761   6764  1   2327
  6762   6764   6765  1   2327
  6764   6763   6766  1   2327
  6765   6764   6766  1   2327
  6765   6766   5500  1   2327
  6765   5500   5503  1   2327
  6765   5503   6762  1   2327
  6762   5503   2285  1   2327
  6762   2285   6758  1   2327
  6758   2285   6754  1   2327
  6754   2285   2331  1   2327
  6754   2331   6751  1   2327
  6751   2331   2329  1   2327
  6751   2329   2257  1   2327
  6751   2257   6752  1   2327
  6752   2257   5450  1   2327
  6752   5450   6755  1   2327
  6755   5450   2258  1   2327
  6755   2258   6759  1   2327
  6759   2258   2337  1   2327
  6759   2337   2275  1   2327
  6759   2275   6763  1   2327
  6763   2275   2276  1   2327
  6763   2276   5489  1   2327
  6763   5489   6766  1   2327
  6766   5489   2279  1   2327
  6766   2279   5500  1   2327
  2261   2338   2260  1   2328
  2264   2270   2263  1   2329
  2263   2270   2336  1   2329
  2336   2270   2273  1   2329
  2288   2334   6767  1   2330
  2288   6767   5506  1   2330
  5506   6767   6768  1   2330
  5506   6768   2287  1   2330
  2287   6768   6767  1   2330
  2287   6767   2332  1   2330
  2332   6767   2334  1   2330
  6770   6769   6772  1   2331
  6770   6772   6773  1   2331
  6771   6770   6773  1   2331
  6771   6773   5519  1   2331
  6771   5519   5524  1   2331
  6771   5524   5526  1   2331
  6771   5526   6770  1   2331
  6770   5526   6769  1   2331
  6769   5526   5528  1   2331
  6769   5528   2335  1   2331
  6769   2335   2290  1   2331
  6769   2290   6772  1   2331
  6772   2290   2291  1   2331
  6772   2291   2299  1   2331
  6772   2299   6773  1   2331
  6773   2299   2300  1   2331
  6773   2300   5519  1   2331
  2335   5528   2309  1   2331
  2309   5528   2306  1   2331
  5524   5519   2303  1   2331
  2294   2297   2293  1   2332
  2312   2324   2311  1   2333
  2311   2324   2327  1   2333
  2311   2327   2330  1   2333
  2311   2330   2333  1   2333
  2318   2321   5536  1   2334
  5536   2321   2317  1   2334
