# MSMS solvent excluded surface faces for fragments/fragment52.xyzr
#faces  #sphere density probe_r
   7984     251  3.00  1.50
     1      5   1381  3      3
  1381      5   1382  3      3
  1381   1382      2  3      3
     2   1382      4  3      3
     5   1383      6  3      5
     6   1383   1384  3      5
  1383      8   1384  3      5
  1384      8      7  3      5
     8     11   1385  3      7
  1385     11   1386  3      7
  1385   1386      9  3      7
     9   1386     10  3      7
    11     14   1387  3      9
  1387     14   1390  3      9
  1387   1390   1388  3      9
  1388   1390   1391  3      9
  1388   1391   1389  3      9
  1389   1391   1392  3      9
  1389   1392     12  3      9
    12   1392     13  3      9
    14     17   1393  3     11
  1393     17   1394  3     11
  1393   1394     15  3     11
    15   1394     16  3     11
    17     20   1395  3     13
  1395     20   1396  3     13
  1395   1396     18  3     13
    18   1396     19  3     13
    20     23   1397  3     15
  1397     23   1398  3     15
  1397   1398     21  3     15
    21   1398     22  3     15
    23   1400   1399  3     17
  1399   1400   1401  3     17
  1399   1401     24  3     17
    24   1401   1402  3     17
  1400     26   1401  3     17
  1401     26   1403  3     17
  1401   1403   1402  3     17
  1402   1403     25  3     17
    26   1404     27  3     18
    27   1404   1405  3     18
  1404      1   1405  3     18
  1405      1      3  3     18
    27     29     25  3     20
    25     29     28  3     20
    29     32   1406  3     22
  1406     32   1407  3     22
  1406   1407     30  3     22
    30   1407     31  3     22
    32      3     33  3     23
    33      3      2  3     23
    33     35   1408  3     25
  1408     35   1409  3     25
  1408   1409     31  3     25
    31   1409     34  3     25
    35   1410     36  3     27
    36   1410   1411  3     27
  1410     38   1411  3     27
  1411     38     37  3     27
    38     41   1412  3     29
  1412     41   1413  3     29
  1412   1413     39  3     29
    39   1413     40  3     29
    41     44   1414  3     31
  1414     44   1415  3     31
  1414   1415     42  3     31
    42   1415     43  3     31
    44     47   1416  3     33
  1416     47   1418  3     33
  1416   1418   1417  3     33
  1417   1418   1419  3     33
  1417   1419     45  3     33
    45   1419     46  3     33
    47     50   1420  3     35
  1420     50   1422  3     35
  1420   1422   1421  3     35
  1421   1422   1423  3     35
  1421   1423     48  3     35
    48   1423     49  3     35
    50     53   1424  3     37
  1424     53   1427  3     37
  1424   1427   1425  3     37
  1425   1427   1428  3     37
  1425   1428   1426  3     37
  1426   1428   1429  3     37
  1426   1429     51  3     37
    51   1429     52  3     37
    53   1430     54  3     38
    54   1430   1431  3     38
  1430      4   1431  3     38
  1431      4      6  3     38
    54     56   1432  3     40
  1432     56   1434  3     40
  1432   1434   1433  3     40
  1433   1434   1435  3     40
  1433   1435     52  3     40
    52   1435     55  3     40
    56     59   1436  3     42
  1436     59   1438  3     42
  1436   1438   1437  3     42
  1437   1438   1439  3     42
  1437   1439     57  3     42
    57   1439     58  3     42
    59      7     60  3     43
    60      7      9  3     43
    60     62   1440  3     45
  1440     62   1441  3     45
  1440   1441     58  3     45
    58   1441     61  3     45
    62     65   1442  3     47
  1442     65   1443  3     47
  1442   1443     63  3     47
    63   1443     64  3     47
    65     10   1444  3     48
  1444     10   1445  3     48
  1444   1445     66  3     48
    66   1445     12  3     48
    66     68     64  3     50
    64     68     67  3     50
    68   1447   1446  3     52
  1446   1447   1448  3     52
  1446   1448     69  3     52
    69   1448   1449  3     52
  1447     71   1448  3     52
  1448     71   1450  3     52
  1448   1450   1449  3     52
  1449   1450     70  3     52
    71     74     72  3     54
    72     74     73  3     54
    74     77   1451  3     56
  1451     77   1452  3     56
  1451   1452     75  3     56
    75   1452     76  3     56
    77     13   1453  3     57
  1453     13   1454  3     57
  1453   1454     78  3     57
    78   1454     15  3     57
    78     16     76  3     58
    76     16     18  3     58
    75     80   1455  3     60
  1455     80   1456  3     60
  1455   1456     73  3     60
    73   1456     79  3     60
    80   1457     81  3     61
    81   1457   1458  3     61
  1457     19   1458  3     61
  1458     19     21  3     61
    81     83     79  3     63
    79     83     82  3     63
    83   1459     84  3     65
    84   1459   1460  3     65
  1459     86   1460  3     65
  1460     86     85  3     65
    86     89     87  3     67
    87     89     88  3     67
    89     92     90  3     69
    90     92     91  3     69
    92     95   1461  3     71
  1461     95   1464  3     71
  1461   1464   1462  3     71
  1462   1464   1465  3     71
  1462   1465   1463  3     71
  1463   1465   1466  3     71
  1463   1466     93  3     71
    93   1466     94  3     71
    95     98     96  3     73
    96     98     97  3     73
    98     22   1467  3     74
  1467     22   1468  3     74
  1467   1468     99  3     74
    99   1468     24  3     74
    99    101   1469  3     76
  1469    101   1470  3     76
  1469   1470     97  3     76
    97   1470    100  3     76
   101    104   1471  3     78
  1471    104   1472  3     78
  1471   1472    102  3     78
   102   1472    103  3     78
   104    107    105  3     80
   105    107    106  3     80
   107    110   1473  3     82
  1473    110   1474  3     82
  1473   1474    108  3     82
   108   1474    109  3     82
   110    113    111  3     84
   111    113    112  3     84
   113     28    114  3     85
   114     28     30  3     85
   114    116    112  3     87
   112    116    115  3     87
   116    119    117  3     89
   117    119    118  3     89
   119    122   1475  3     91
  1475    122   1476  3     91
  1475   1476    120  3     91
   120   1476    121  3     91
   122     34    123  3     92
   123     34     36  3     92
   123    125   1477  3     94
  1477    125   1478  3     94
  1477   1478    121  3     94
   121   1478    124  3     94
   125    128   1479  3     96
  1479    128   1480  3     96
  1479   1480    126  3     96
   126   1480    127  3     96
   128     37    129  3     97
   129     37     39  3     97
   129    131    127  3     99
   127    131    130  3     99
   131     40    132  3    100
   132     40     42  3    100
   132    134   1481  3    102
  1481    134   1482  3    102
  1481   1482    130  3    102
   130   1482    133  3    102
   134    137   1483  3    104
  1483    137   1485  3    104
  1483   1485   1484  3    104
  1484   1485   1486  3    104
  1484   1486    135  3    104
   135   1486    136  3    104
   137    140    138  3    106
   138    140    139  3    106
   140    143   1487  3    108
  1487    143   1488  3    108
  1487   1488    141  3    108
   141   1488    142  3    108
   143     43   1489  3    109
  1489     43   1490  3    109
  1489   1490    144  3    109
   144   1490     45  3    109
   144    146    142  3    111
   142    146    145  3    111
   146    149   1491  3    113
  1491    149   1492  3    113
  1491   1492    147  3    113
   147   1492    148  3    113
   149   1495   1493  3    115
  1493   1495   1496  3    115
  1493   1496   1494  3    115
  1494   1496   1497  3    115
  1494   1497    150  3    115
   150   1497   1498  3    115
  1495    152   1496  3    115
  1496    152   1499  3    115
  1496   1499   1497  3    115
  1497   1499   1500  3    115
  1497   1500   1498  3    115
  1498   1500    151  3    115
   152    155   1501  3    117
  1501    155   1502  3    117
  1501   1502    153  3    117
   153   1502    154  3    117
   155     46    156  3    118
   156     46     48  3    118
   156    158   1503  3    120
  1503    158   1504  3    120
  1503   1504    154  3    120
   154   1504    157  3    120
   158    161   1505  3    122
  1505    161   1506  3    122
  1505   1506    159  3    122
   159   1506    160  3    122
   161     49   1507  3    123
  1507     49   1508  3    123
  1507   1508    162  3    123
   162   1508     51  3    123
   162     55    160  3    124
   160     55     57  3    124
   159    164   1509  3    126
  1509    164   1511  3    126
  1509   1511   1510  3    126
  1510   1511   1512  3    126
  1510   1512    157  3    126
   157   1512    163  3    126
   164    167    165  3    128
   165    167    166  3    128
   167    170   1513  3    130
  1513    170   1514  3    130
  1513   1514    168  3    130
   168   1514    169  3    130
   170     61    171  3    131
   171     61     63  3    131
   171     67   1515  3    132
  1515     67   1516  3    132
  1515   1516    169  3    132
   169   1516     69  3    132
   168    173   1517  3    134
  1517    173   1518  3    134
  1517   1518    166  3    134
   166   1518    172  3    134
   173    176   1519  3    136
  1519    176   1522  3    136
  1519   1522   1520  3    136
  1520   1522   1523  3    136
  1520   1523   1521  3    136
  1521   1523   1524  3    136
  1521   1524    174  3    136
   174   1524    175  3    136
   176    179   1525  3    138
  1525    179   1527  3    138
  1525   1527   1526  3    138
  1526   1527   1528  3    138
  1526   1528    177  3    138
   177   1528    178  3    138
   179    182   1529  3    140
  1529    182   1532  3    140
  1529   1532   1530  3    140
  1530   1532   1533  3    140
  1530   1533   1531  3    140
  1531   1533   1534  3    140
  1531   1534    180  3    140
   180   1534    181  3    140
   182   1535    183  3    142
   183   1535   1536  3    142
  1535   1537   1536  3    142
  1536   1537   1538  3    142
  1537   1539   1538  3    142
  1538   1539   1540  3    142
  1539   1541   1540  3    142
  1540   1541   1542  3    142
  1541   1543   1542  3    142
  1542   1543   1544  3    142
  1543    185   1544  3    142
  1544    185    184  3    142
   185     70   1545  3    143
  1545     70   1546  3    143
  1545   1546    186  3    143
   186   1546     72  3    143
   186    188   1547  3    145
  1547    188   1548  3    145
  1547   1548    184  3    145
   184   1548    187  3    145
   188    191    189  3    147
   189    191    190  3    147
   191     82    192  3    148
   192     82     84  3    148
   192    194    190  3    150
   190    194    193  3    150
   194     85    195  3    151
   195     85     87  3    151
   195    197   1549  3    153
  1549    197   1550  3    153
  1549   1550    193  3    153
   193   1550    196  3    153
   197   1551    198  3    154
   198   1551   1552  3    154
  1551     88   1552  3    154
  1552     88     90  3    154
   198    200    196  3    156
   196    200    199  3    156
   200    203   1553  3    158
  1553    203   1555  3    158
  1553   1555   1554  3    158
  1554   1555   1556  3    158
  1554   1556    201  3    158
   201   1556    202  3    158
   203    206    204  3    160
   204    206    205  3    160
   206   1559   1557  3    161
  1557   1559   1560  3    161
  1557   1560   1558  3    161
  1558   1560   1561  3    161
  1558   1561    207  3    161
   207   1561   1562  3    161
  1559     91   1560  3    161
  1560     91   1563  3    161
  1560   1563   1561  3    161
  1561   1563   1564  3    161
  1561   1564   1562  3    161
  1562   1564     93  3    161
   207    209   1565  3    163
  1565    209   1567  3    163
  1565   1567   1566  3    163
  1566   1567   1568  3    163
  1566   1568    205  3    163
   205   1568    208  3    163
   209    212   1569  3    165
  1569    212   1571  3    165
  1569   1571   1570  3    165
  1570   1571   1572  3    165
  1570   1572    210  3    165
   210   1572    211  3    165
   212    215    213  3    167
   213    215    214  3    167
   215    218   1573  3    169
  1573    218   1574  3    169
  1573   1574    216  3    169
   216   1574    217  3    169
   218    221    219  3    171
   219    221    220  3    171
   221    224   1575  3    173
  1575    224   1577  3    173
  1575   1577   1576  3    173
  1576   1577   1578  3    173
  1576   1578    222  3    173
   222   1578    223  3    173
   224    227   1579  3    175
  1579    227   1581  3    175
  1579   1581   1580  3    175
  1580   1581   1582  3    175
  1580   1582    225  3    175
   225   1582    226  3    175
   227    230   1583  3    177
  1583    230   1584  3    177
  1583   1584    228  3    177
   228   1584    229  3    177
   230    233   1585  3    179
  1585    233   1586  3    179
  1585   1586    231  3    179
   231   1586    232  3    179
   233     94   1587  3    180
  1587     94   1590  3    180
  1587   1590   1588  3    180
  1588   1590   1591  3    180
  1588   1591   1589  3    180
  1589   1591   1592  3    180
  1589   1592    234  3    180
   234   1592     96  3    180
   234    236   1593  3    182
  1593    236   1594  3    182
  1593   1594    232  3    182
   232   1594    235  3    182
   236    100   1595  3    183
  1595    100   1597  3    183
  1595   1597   1596  3    183
  1596   1597   1598  3    183
  1596   1598    237  3    183
   237   1598    102  3    183
   237    229    235  3    184
   235    229    231  3    184
   228    239   1599  3    186
  1599    239   1601  3    186
  1599   1601   1600  3    186
  1600   1601   1602  3    186
  1600   1602    226  3    186
   226   1602    238  3    186
   239    242    240  3    188
   240    242    241  3    188
   242    103    243  3    189
   243    103    105  3    189
   243    245    241  3    191
   241    245    244  3    191
   245    248   1603  3    193
  1603    248   1606  3    193
  1603   1606   1604  3    193
  1604   1606   1607  3    193
  1604   1607   1605  3    193
  1605   1607   1608  3    193
  1605   1608    246  3    193
   246   1608    247  3    193
   248   1610   1609  3    195
  1609   1610   1611  3    195
  1609   1611    249  3    195
   249   1611   1612  3    195
  1610    251   1611  3    195
  1611    251   1613  3    195
  1611   1613   1612  3    195
  1612   1613    250  3    195
   251    254    252  3    197
   252    254    253  3    197
   254   1614    255  3    198
   255   1614   1615  3    198
  1614    106   1615  3    198
  1615    106    108  3    198
   255    257    253  3    200
   253    257    256  3    200
   257    109    258  3    201
   258    109    111  3    201
   258   1616    256  3    202
   256   1616   1617  3    202
  1616    115   1617  3    202
  1617    115    117  3    202
   252    260   1618  3    204
  1618    260   1619  3    204
  1618   1619    250  3    204
   250   1619    259  3    204
   260   1620    261  3    206
   261   1620   1621  3    206
  1620    263   1621  3    206
  1621    263    262  3    206
   263    266   1622  3    208
  1622    266   1623  3    208
  1622   1623    264  3    208
   264   1623    265  3    208
   266   1625   1624  3    210
  1624   1625   1626  3    210
  1624   1626    267  3    210
   267   1626   1627  3    210
  1625    269   1626  3    210
  1626    269   1628  3    210
  1626   1628   1627  3    210
  1627   1628    268  3    210
   269   1629    270  3    211
   270   1629   1630  3    211
  1629    118   1630  3    211
  1630    118    120  3    211
   270    272   1631  3    213
  1631    272   1632  3    213
  1631   1632    268  3    213
   268   1632    271  3    213
   272    124    273  3    214
   273    124    126  3    214
   273    275   1633  3    216
  1633    275   1634  3    216
  1633   1634    271  3    216
   271   1634    274  3    216
   275    133   1635  3    217
  1635    133   1636  3    217
  1635   1636    276  3    217
   276   1636    135  3    217
   276   1637    274  3    219
   274   1637   1638  3    219
  1637    278   1638  3    219
  1638    278    277  3    219
   278    281    279  3    221
   279    281    280  3    221
   281    136   1639  3    222
  1639    136   1641  3    222
  1639   1641   1640  3    222
  1640   1641   1642  3    222
  1640   1642    282  3    222
   282   1642    138  3    222
   282    284   1643  3    224
  1643    284   1645  3    224
  1643   1645   1644  3    224
  1644   1645   1646  3    224
  1644   1646    280  3    224
   280   1646    283  3    224
   284    139   1647  3    225
  1647    139   1649  3    225
  1647   1649   1648  3    225
  1648   1649   1650  3    225
  1648   1650    285  3    225
   285   1650    141  3    225
   285    287   1651  3    227
  1651    287   1655  3    227
  1651   1655   1652  3    227
  1652   1655   1656  3    227
  1652   1656   1653  3    227
  1653   1656   1657  3    227
  1653   1657   1654  3    227
  1654   1657   1658  3    227
  1654   1658    283  3    227
   283   1658    286  3    227
   287    290   1659  3    229
  1659    290   1660  3    229
  1659   1660    288  3    229
   288   1660    289  3    229
   290    293   1661  3    231
  1661    293   1663  3    231
  1661   1663   1662  3    231
  1662   1663   1664  3    231
  1662   1664    291  3    231
   291   1664    292  3    231
   293   1666   1665  3    232
  1665   1666   1667  3    232
  1665   1667    294  3    232
   294   1667   1668  3    232
  1666    145   1667  3    232
  1667    145   1669  3    232
  1667   1669   1668  3    232
  1668   1669    147  3    232
   294   1670    292  3    234
   292   1670   1671  3    234
  1670   1672   1671  3    234
  1671   1672   1673  3    234
  1672   1674   1673  3    234
  1673   1674   1675  3    234
  1674    296   1675  3    234
  1675    296    295  3    234
   296    299   1676  3    236
  1676    299   1678  3    236
  1676   1678   1677  3    236
  1677   1678   1679  3    236
  1677   1679    297  3    236
   297   1679    298  3    236
   299   1682   1680  3    238
  1680   1682   1683  3    238
  1680   1683   1681  3    238
  1681   1683   1684  3    238
  1681   1684    300  3    238
   300   1684   1685  3    238
  1682    302   1683  3    238
  1683    302   1686  3    238
  1683   1686   1684  3    238
  1684   1686   1687  3    238
  1684   1687   1685  3    238
  1685   1687    301  3    238
   302   1688    303  3    239
   303   1688   1689  3    239
  1688   1690   1689  3    239
  1689   1690   1691  3    239
  1690    148   1691  3    239
  1691    148    150  3    239
   303    305   1692  3    241
  1692    305   1694  3    241
  1692   1694   1693  3    241
  1693   1694   1695  3    241
  1693   1695    301  3    241
   301   1695    304  3    241
   305    308   1696  3    243
  1696    308   1698  3    243
  1696   1698   1697  3    243
  1697   1698   1699  3    243
  1697   1699    306  3    243
   306   1699    307  3    243
   308   1701   1700  3    244
  1700   1701   1702  3    244
  1700   1702    309  3    244
   309   1702   1703  3    244
  1701    151   1702  3    244
  1702    151   1704  3    244
  1702   1704   1703  3    244
  1703   1704    153  3    244
   309    311   1705  3    246
  1705    311   1707  3    246
  1705   1707   1706  3    246
  1706   1707   1708  3    246
  1706   1708    307  3    246
   307   1708    310  3    246
   311    314   1709  3    248
  1709    314   1711  3    248
  1709   1711   1710  3    248
  1710   1711   1712  3    248
  1710   1712    312  3    248
   312   1712    313  3    248
   314   1713    315  3    250
   315   1713   1714  3    250
  1713   1715   1714  3    250
  1714   1715   1716  3    250
  1715    317   1716  3    250
  1716    317    316  3    250
   317    163   1717  3    251
  1717    163   1718  3    251
  1717   1718    318  3    251
   318   1718    165  3    251
   318    172   1719  3    252
  1719    172   1720  3    252
  1719   1720    316  3    252
   316   1720    174  3    252
   315    320   1721  3    254
  1721    320   1723  3    254
  1721   1723   1722  3    254
  1722   1723   1724  3    254
  1722   1724    313  3    254
   313   1724    319  3    254
   320    323   1725  3    256
  1725    323   1727  3    256
  1725   1727   1726  3    256
  1726   1727   1728  3    256
  1726   1728    321  3    256
   321   1728    322  3    256
   323    326   1729  3    258
  1729    326   1730  3    258
  1729   1730    324  3    258
   324   1730    325  3    258
   326    329   1731  3    260
  1731    329   1732  3    260
  1731   1732    327  3    260
   327   1732    328  3    260
   329    175    330  3    261
   330    175    177  3    261
   330    332   1733  3    263
  1733    332   1734  3    263
  1733   1734    328  3    263
   328   1734    331  3    263
   332    178   1735  3    264
  1735    178   1736  3    264
  1735   1736    333  3    264
   333   1736    180  3    264
   333    335    331  3    266
   331    335    334  3    266
   335    181   1737  3    267
  1737    181   1739  3    267
  1737   1739   1738  3    267
  1738   1739   1740  3    267
  1738   1740    336  3    267
   336   1740    183  3    267
   336    338   1741  3    269
  1741    338   1743  3    269
  1741   1743   1742  3    269
  1742   1743   1744  3    269
  1742   1744    334  3    269
   334   1744    337  3    269
   338    341   1745  3    271
  1745    341   1747  3    271
  1745   1747   1746  3    271
  1746   1747   1748  3    271
  1746   1748    339  3    271
   339   1748    340  3    271
   341    344   1749  3    273
  1749    344   1750  3    273
  1749   1750    342  3    273
   342   1750    343  3    273
   344   1751    345  3    275
   345   1751   1752  3    275
  1751   1753   1752  3    275
  1752   1753   1754  3    275
  1753   1755   1754  3    275
  1754   1755   1756  3    275
  1755   1757   1756  3    275
  1756   1757   1758  3    275
  1757   1759   1758  3    275
  1758   1759   1760  3    275
  1759    347   1760  3    275
  1760    347    346  3    275
   347    187    348  3    276
   348    187    189  3    276
   348    350   1761  3    278
  1761    350   1762  3    278
  1761   1762    346  3    278
   346   1762    349  3    278
   350    353   1763  3    280
  1763    353   1764  3    280
  1763   1764    351  3    280
   351   1764    352  3    280
   353    199   1765  3    281
  1765    199   1766  3    281
  1765   1766    354  3    281
   354   1766    201  3    281
   354   1767    352  3    283
   352   1767   1768  3    283
  1767    356   1768  3    283
  1768    356    355  3    283
   356    359   1769  3    285
  1769    359   1772  3    285
  1769   1772   1770  3    285
  1770   1772   1773  3    285
  1770   1773   1771  3    285
  1771   1773   1774  3    285
  1771   1774    357  3    285
   357   1774    358  3    285
   359    362   1775  3    287
  1775    362   1777  3    287
  1775   1777   1776  3    287
  1776   1777   1778  3    287
  1776   1778    360  3    287
   360   1778    361  3    287
   362    202   1779  3    288
  1779    202   1781  3    288
  1779   1781   1780  3    288
  1780   1781   1782  3    288
  1780   1782    363  3    288
   363   1782    204  3    288
   363    365    361  3    290
   361    365    364  3    290
   365    208   1783  3    291
  1783    208   1784  3    291
  1783   1784    366  3    291
   366   1784    210  3    291
   366    358   1785  3    292
  1785    358   1786  3    292
  1785   1786    364  3    292
   364   1786    360  3    292
   357    368   1787  3    294
  1787    368   1790  3    294
  1787   1790   1788  3    294
  1788   1790   1791  3    294
  1788   1791   1789  3    294
  1789   1791   1792  3    294
  1789   1792    355  3    294
   355   1792    367  3    294
   368    371   1793  3    296
  1793    371   1796  3    296
  1793   1796   1794  3    296
  1794   1796   1797  3    296
  1794   1797   1795  3    296
  1795   1797   1798  3    296
  1795   1798    369  3    296
   369   1798    370  3    296
   371   1799    372  3    298
   372   1799   1800  3    298
  1799    374   1800  3    298
  1800    374    373  3    298
   374    211   1801  3    299
  1801    211   1803  3    299
  1801   1803   1802  3    299
  1802   1803   1804  3    299
  1802   1804    375  3    299
   375   1804    213  3    299
   375    377   1805  3    301
  1805    377   1807  3    301
  1805   1807   1806  3    301
  1806   1807   1808  3    301
  1806   1808    373  3    301
   373   1808    376  3    301
   377    214    378  3    302
   378    214    216  3    302
   378    380   1809  3    304
  1809    380   1810  3    304
  1809   1810    376  3    304
   376   1810    379  3    304
   380    383   1811  3    306
  1811    383   1813  3    306
  1811   1813   1812  3    306
  1812   1813   1814  3    306
  1812   1814    381  3    306
   381   1814    382  3    306
   383    386   1815  3    308
  1815    386   1816  3    308
  1815   1816    384  3    308
   384   1816    385  3    308
   386    389   1817  3    310
  1817    389   1818  3    310
  1817   1818    387  3    310
   387   1818    388  3    310
   389   1820   1819  3    312
  1819   1820   1821  3    312
  1819   1821    390  3    312
   390   1821   1822  3    312
  1820    392   1821  3    312
  1821    392   1823  3    312
  1821   1823   1822  3    312
  1822   1823    391  3    312
   392    217    393  3    313
   393    217    219  3    313
   393    395   1824  3    315
  1824    395   1826  3    315
  1824   1826   1825  3    315
  1825   1826   1827  3    315
  1825   1827    391  3    315
   391   1827    394  3    315
   395    220   1828  3    316
  1828    220   1829  3    316
  1828   1829    396  3    316
   396   1829    222  3    316
   396   1831   1830  3    318
  1830   1831   1832  3    318
  1830   1832    394  3    318
   394   1832   1833  3    318
  1831    398   1832  3    318
  1832    398   1834  3    318
  1832   1834   1833  3    318
  1833   1834    397  3    318
   398    401    399  3    320
   399    401    400  3    320
   401   1835    402  3    322
   402   1835   1836  3    322
  1835    404   1836  3    322
  1836    404    403  3    322
   404   1837    405  3    324
   405   1837   1838  3    324
  1837   1839   1838  3    324
  1838   1839   1840  3    324
  1839    407   1840  3    324
  1840    407    406  3    324
   407    223    408  3    325
   408    223    225  3    325
   408   1841    406  3    327
   406   1841   1842  3    327
  1841   1843   1842  3    327
  1842   1843   1844  3    327
  1843   1845   1844  3    327
  1844   1845   1846  3    327
  1845    410   1846  3    327
  1846    410    409  3    327
   410    413   1847  3    329
  1847    413   1848  3    329
  1847   1848    411  3    329
   411   1848    412  3    329
   413    247   1849  3    330
  1849    247   1851  3    330
  1849   1851   1850  3    330
  1850   1851   1852  3    330
  1850   1852    414  3    330
   414   1852    249  3    330
   414    416   1853  3    332
  1853    416   1854  3    332
  1853   1854    412  3    332
   412   1854    415  3    332
   416    419   1855  3    334
  1855    419   1856  3    334
  1855   1856    417  3    334
   417   1856    418  3    334
   419    422    420  3    336
   420    422    421  3    336
   422    259   1857  3    337
  1857    259   1858  3    337
  1857   1858    423  3    337
   423   1858    261  3    337
   423   1859    421  3    339
   421   1859   1860  3    339
  1859    425   1860  3    339
  1860    425    424  3    339
   425    262   1861  3    340
  1861    262   1862  3    340
  1861   1862    426  3    340
   426   1862    264  3    340
   426    428   1863  3    342
  1863    428   1864  3    342
  1863   1864    424  3    342
   424   1864    427  3    342
   428   1866   1865  3    344
  1865   1866   1867  3    344
  1865   1867    429  3    344
   429   1867   1868  3    344
  1866    431   1867  3    344
  1867    431   1869  3    344
  1867   1869   1868  3    344
  1868   1869    430  3    344
   431   1871   1870  3    346
  1870   1871   1872  3    346
  1870   1872    432  3    346
   432   1872   1873  3    346
  1871    434   1872  3    346
  1872    434   1874  3    346
  1872   1874   1873  3    346
  1873   1874    433  3    346
   434    437    435  3    348
   435    437    436  3    348
   437    440    438  3    350
   438    440    439  3    350
   440   1876   1875  3    351
  1875   1876   1877  3    351
  1875   1877    441  3    351
   441   1877   1878  3    351
  1876   1879   1877  3    351
  1877   1879   1880  3    351
  1877   1880   1878  3    351
  1878   1880   1881  3    351
  1879    265   1880  3    351
  1880    265   1882  3    351
  1880   1882   1881  3    351
  1881   1882    267  3    351
   441   1883    439  3    353
   439   1883   1884  3    353
  1883    443   1884  3    353
  1884    443    442  3    353
   443    277   1885  3    354
  1885    277   1886  3    354
  1885   1886    444  3    354
   444   1886    279  3    354
   444   1887    442  3    356
   442   1887   1888  3    356
  1887    446   1888  3    356
  1888    446    445  3    356
   446    449   1889  3    358
  1889    449   1890  3    358
  1889   1890    447  3    358
   447   1890    448  3    358
   449    452   1891  3    360
  1891    452   1892  3    360
  1891   1892    450  3    360
   450   1892    451  3    360
   456    453    455  3    362
   452    457    454  3    363
   457    460   1893  3    365
  1893    460   1895  3    365
  1893   1895   1894  3    365
  1894   1895   1896  3    365
  1894   1896    458  3    365
   458   1896    459  3    365
   460    463   1897  3    367
  1897    463   1900  3    367
  1897   1900   1898  3    367
  1898   1900   1901  3    367
  1898   1901   1899  3    367
  1899   1901   1902  3    367
  1899   1902    461  3    367
   461   1902    462  3    367
   463    286   1903  3    368
  1903    286   1906  3    368
  1903   1906   1904  3    368
  1904   1906   1907  3    368
  1904   1907   1905  3    368
  1905   1907   1908  3    368
  1905   1908    464  3    368
   464   1908    288  3    368
   464   1909    462  3    370
   462   1909   1910  3    370
  1909    466   1910  3    370
  1910    466    465  3    370
   466    469   1911  3    372
  1911    469   1913  3    372
  1911   1913   1912  3    372
  1912   1913   1914  3    372
  1912   1914    467  3    372
   467   1914    468  3    372
   469    289   1915  3    373
  1915    289   1918  3    373
  1915   1918   1916  3    373
  1916   1918   1919  3    373
  1916   1919   1917  3    373
  1917   1919   1920  3    373
  1917   1920    470  3    373
   470   1920    291  3    373
   470   1922   1921  3    375
  1921   1922   1923  3    375
  1921   1923    468  3    375
   468   1923   1924  3    375
  1922    472   1923  3    375
  1923    472   1925  3    375
  1923   1925   1924  3    375
  1924   1925    471  3    375
   472    295   1926  3    376
  1926    295   1928  3    376
  1926   1928   1927  3    376
  1927   1928   1929  3    376
  1927   1929    473  3    376
   473   1929    297  3    376
   473    475   1930  3    378
  1930    475   1931  3    378
  1930   1931    471  3    378
   471   1931    474  3    378
   475   1932    476  3    380
   476   1932   1933  3    380
  1932   1934   1933  3    380
  1933   1934   1935  3    380
  1934   1936   1935  3    380
  1935   1936   1937  3    380
  1936    478   1937  3    380
  1937    478    477  3    380
   478   1938    479  3    382
   479   1938   1939  3    382
  1938    481   1939  3    382
  1939    481    480  3    382
   481    298   1940  3    383
  1940    298   1941  3    383
  1940   1941    482  3    383
   482   1941    300  3    383
   482    484    480  3    385
   480    484    483  3    385
   484   1942    485  3    386
   485   1942   1943  3    386
  1942   1944   1943  3    386
  1943   1944   1945  3    386
  1944   1946   1945  3    386
  1945   1946   1947  3    386
  1946    304   1947  3    386
  1947    304    306  3    386
   485   1948    483  3    388
   483   1948   1949  3    388
  1948   1950   1949  3    388
  1949   1950   1951  3    388
  1950   1952   1951  3    388
  1951   1952   1953  3    388
  1952    487   1953  3    388
  1953    487    486  3    388
   487    490    488  3    390
   488    490    489  3    390
   490   1954    491  3    391
   491   1954   1955  3    391
  1954   1956   1955  3    391
  1955   1956   1957  3    391
  1956   1958   1957  3    391
  1957   1958   1959  3    391
  1958    310   1959  3    391
  1959    310    312  3    391
   491    493   1960  3    393
  1960    493   1961  3    393
  1960   1961    489  3    393
   489   1961    492  3    393
   493    319   1962  3    394
  1962    319   1963  3    394
  1962   1963    494  3    394
   494   1963    321  3    394
   494    496    492  3    396
   492    496    495  3    396
   496    322   1964  3    397
  1964    322   1965  3    397
  1964   1965    497  3    397
   497   1965    324  3    397
   497    499   1966  3    399
  1966    499   1967  3    399
  1966   1967    495  3    399
   495   1967    498  3    399
   499    502   1968  3    401
  1968    502   1971  3    401
  1968   1971   1969  3    401
  1969   1971   1972  3    401
  1969   1972   1970  3    401
  1970   1972   1973  3    401
  1970   1973    500  3    401
   500   1973    501  3    401
   502    505   1974  3    403
  1974    505   1975  3    403
  1974   1975    503  3    403
   503   1975    504  3    403
   505   1976    506  3    404
   506   1976   1977  3    404
  1976    325   1977  3    404
  1977    325    327  3    404
   506    508   1978  3    406
  1978    508   1979  3    406
  1978   1979    504  3    406
   504   1979    507  3    406
   508   1980    509  3    407
   509   1980   1981  3    407
  1980    337   1981  3    407
  1981    337    339  3    407
   509    511   1982  3    409
  1982    511   1983  3    409
  1982   1983    507  3    409
   507   1983    510  3    409
   511    514    512  3    411
   512    514    513  3    411
   514    340    515  3    412
   515    340    342  3    412
   515    517   1984  3    414
  1984    517   1985  3    414
  1984   1985    513  3    414
   513   1985    516  3    414
   517    520    518  3    416
   518    520    519  3    416
   520    343   1986  3    417
  1986    343   1987  3    417
  1986   1987    521  3    417
   521   1987    345  3    417
   521   1989   1988  3    419
  1988   1989   1990  3    419
  1988   1990    519  3    419
   519   1990   1991  3    419
  1989    523   1990  3    419
  1990    523   1992  3    419
  1990   1992   1991  3    419
  1991   1992    522  3    419
   523   1994   1993  3    420
  1993   1994   1995  3    420
  1993   1995    524  3    420
   524   1995   1996  3    420
  1994    349   1995  3    420
  1995    349   1997  3    420
  1995   1997   1996  3    420
  1996   1997    351  3    420
   524    526    522  3    422
   522    526    525  3    422
   526    529    527  3    424
   527    529    528  3    424
   529   1998    530  3    426
   530   1998   1999  3    426
  1998    532   1999  3    426
  1999    532    531  3    426
   532    535    533  3    428
   533    535    534  3    428
   535   2000    536  3    429
   536   2000   2001  3    429
  2000    367   2001  3    429
  2001    367    369  3    429
   536   2002    534  3    431
   534   2002   2003  3    431
  2002    538   2003  3    431
  2003    538    537  3    431
   538    541   2004  3    433
  2004    541   2006  3    433
  2004   2006   2005  3    433
  2005   2006   2007  3    433
  2005   2007    539  3    433
   539   2007    540  3    433
   541    544   2008  3    435
  2008    544   2010  3    435
  2008   2010   2009  3    435
  2009   2010   2011  3    435
  2009   2011    542  3    435
   542   2011    543  3    435
   544    370   2012  3    436
  2012    370   2015  3    436
  2012   2015   2013  3    436
  2013   2015   2016  3    436
  2013   2016   2014  3    436
  2014   2016   2017  3    436
  2014   2017    545  3    436
   545   2017    372  3    436
   545    547   2018  3    438
  2018    547   2022  3    438
  2018   2022   2019  3    438
  2019   2022   2023  3    438
  2019   2023   2020  3    438
  2020   2023   2024  3    438
  2020   2024   2021  3    438
  2021   2024   2025  3    438
  2021   2025    543  3    438
   543   2025    546  3    438
   547    550   2026  3    440
  2026    550   2030  3    440
  2026   2030   2027  3    440
  2027   2030   2031  3    440
  2027   2031   2028  3    440
  2028   2031   2032  3    440
  2028   2032   2029  3    440
  2029   2032   2033  3    440
  2029   2033    548  3    440
   548   2033    549  3    440
   550    553   2034  3    442
  2034    553   2036  3    442
  2034   2036   2035  3    442
  2035   2036   2037  3    442
  2035   2037    551  3    442
   551   2037    552  3    442
   553   2038    554  3    444
   554   2038   2039  3    444
  2038   2040   2039  3    444
  2039   2040   2041  3    444
  2040    556   2041  3    444
  2041    556    555  3    444
   556    559   2042  3    446
  2042    559   2044  3    446
  2042   2044   2043  3    446
  2043   2044   2045  3    446
  2043   2045    557  3    446
   557   2045    558  3    446
   559   2046    560  3    447
   560   2046   2047  3    447
  2046   2048   2047  3    447
  2047   2048   2049  3    447
  2048    379   2049  3    447
  2049    379    381  3    447
   560    382   2050  3    448
  2050    382   2052  3    448
  2050   2052   2051  3    448
  2051   2052   2053  3    448
  2051   2053    558  3    448
   558   2053    384  3    448
   557   2056   2054  3    450
  2054   2056   2057  3    450
  2054   2057   2055  3    450
  2055   2057   2058  3    450
  2055   2058    555  3    450
   555   2058   2059  3    450
  2056    562   2057  3    450
  2057    562   2060  3    450
  2057   2060   2058  3    450
  2058   2060   2061  3    450
  2058   2061   2059  3    450
  2059   2061    561  3    450
   562    565    563  3    452
   563    565    564  3    452
   565   2062    566  3    454
   566   2062   2063  3    454
  2062    568   2063  3    454
  2063    568    567  3    454
   568   2066   2064  3    456
  2064   2066   2067  3    456
  2064   2067   2065  3    456
  2065   2067   2068  3    456
  2065   2068    569  3    456
   569   2068   2069  3    456
  2066    571   2067  3    456
  2067    571   2070  3    456
  2067   2070   2068  3    456
  2068   2070   2071  3    456
  2068   2071   2069  3    456
  2069   2071    570  3    456
   571    574   2072  3    458
  2072    574   2074  3    458
  2072   2074   2073  3    458
  2073   2074   2075  3    458
  2073   2075    572  3    458
   572   2075    573  3    458
   574    385   2076  3    459
  2076    385   2077  3    459
  2076   2077    575  3    459
   575   2077    387  3    459
   575   2078    573  3    461
   573   2078   2079  3    461
  2078   2080   2079  3    461
  2079   2080   2081  3    461
  2080   2082   2081  3    461
  2081   2082   2083  3    461
  2082    577   2083  3    461
  2083    577    576  3    461
   577    580    578  3    463
   578    580    579  3    463
   580   2084    581  3    464
   581   2084   2085  3    464
  2084   2086   2085  3    464
  2085   2086   2087  3    464
  2086    400   2087  3    464
  2087    400    402  3    464
   581   2088    579  3    466
   579   2088   2089  3    466
  2088   2090   2089  3    466
  2089   2090   2091  3    466
  2090    583   2091  3    466
  2091    583    582  3    466
   583    586    584  3    468
   584    586    585  3    468
   586    403    587  3    469
   587    403    405  3    469
   587    589    585  3    471
   585    589    588  3    471
   589    592    590  3    473
   590    592    591  3    473
   592    595    593  3    475
   593    595    594  3    475
   595    409   2092  3    476
  2092    409   2093  3    476
  2092   2093    596  3    476
   596   2093    411  3    476
   596   2094    594  3    477
   594   2094   2095  3    477
  2094   2096   2095  3    477
  2095   2096   2097  3    477
  2096    415   2097  3    477
  2097    415    417  3    477
   593    598    591  3    479
   591    598    597  3    479
   598   2098    599  3    481
   599   2098   2099  3    481
  2098    601   2099  3    481
  2099    601    600  3    481
   601   2100    602  3    483
   602   2100   2101  3    483
  2100    604   2101  3    483
  2101    604    603  3    483
   604   2102    605  3    485
   605   2102   2103  3    485
  2102    607   2103  3    485
  2103    607    606  3    485
   607    418    608  3    486
   608    418    420  3    486
   608    610   2104  3    488
  2104    610   2105  3    488
  2104   2105    606  3    488
   606   2105    609  3    488
   610    613   2106  3    490
  2106    613   2107  3    490
  2106   2107    611  3    490
   611   2107    612  3    490
   613    427   2108  3    491
  2108    427   2109  3    491
  2108   2109    614  3    491
   614   2109    429  3    491
   614   2110    612  3    492
   612   2110   2111  3    492
  2110   2112   2111  3    492
  2111   2112   2113  3    492
  2112   2114   2113  3    492
  2113   2114   2115  3    492
  2114   2116   2115  3    492
  2115   2116   2117  3    492
  2116    609   2117  3    492
  2117    609    611  3    492
   605    616    603  3    494
   603    616    615  3    494
   616   2118    617  3    495
   617   2118   2119  3    495
  2118   2120   2119  3    495
  2119   2120   2121  3    495
  2120   2122   2121  3    495
  2121   2122   2123  3    495
  2122   2124   2123  3    495
  2123   2124   2125  3    495
  2124   2126   2125  3    495
  2125   2126   2127  3    495
  2126   2128   2127  3    495
  2127   2128   2129  3    495
  2128    430   2129  3    495
  2129    430    432  3    495
   617    619    615  3    497
   615    619    618  3    497
   619   2130    620  3    499
   620   2130   2131  3    499
  2130    622   2131  3    499
  2131    622    621  3    499
   622   2133   2132  3    501
  2132   2133   2134  3    501
  2132   2134    623  3    501
   623   2134   2135  3    501
  2133   2136   2134  3    501
  2134   2136   2137  3    501
  2134   2137   2135  3    501
  2135   2137   2138  3    501
  2136    625   2137  3    501
  2137    625   2139  3    501
  2137   2139   2138  3    501
  2138   2139    624  3    501
   625   2141   2140  3    503
  2140   2141   2142  3    503
  2140   2142    626  3    503
   626   2142   2143  3    503
  2141   2144   2142  3    503
  2142   2144   2145  3    503
  2142   2145   2143  3    503
  2143   2145   2146  3    503
  2144   2147   2145  3    503
  2145   2147   2148  3    503
  2145   2148   2146  3    503
  2146   2148   2149  3    503
  2147   2150   2148  3    503
  2148   2150   2151  3    503
  2148   2151   2149  3    503
  2149   2151   2152  3    503
  2150    628   2151  3    503
  2151    628   2153  3    503
  2151   2153   2152  3    503
  2152   2153    627  3    503
   628    631   2154  3    505
  2154    631   2155  3    505
  2154   2155    629  3    505
   629   2155    630  3    505
   631    634   2156  3    507
  2156    634   2157  3    507
  2156   2157    632  3    507
   632   2157    633  3    507
   634    637    635  3    509
   635    637    636  3    509
   637    433    638  3    510
   638    433    435  3    510
   638    640   2158  3    512
  2158    640   2159  3    512
  2158   2159    636  3    512
   636   2159    639  3    512
   640    643   2160  3    514
  2160    643   2163  3    514
  2160   2163   2161  3    514
  2161   2163   2164  3    514
  2161   2164   2162  3    514
  2162   2164   2165  3    514
  2162   2165    641  3    514
   641   2165    642  3    514
   643    448    644  3    515
   644    448    450  3    515
   644    451   2166  3    516
  2166    451   2168  3    516
  2166   2168   2167  3    516
  2167   2168   2169  3    516
  2167   2169    642  3    516
   642   2169    453  3    516
   641    646   2170  3    518
  2170    646   2171  3    518
  2170   2171    639  3    518
   639   2171    645  3    518
   646   2172    647  3    520
   647   2172   2173  3    520
  2172   2174   2173  3    520
  2173   2174   2175  3    520
  2174   2176   2175  3    520
  2175   2176   2177  3    520
  2176   2178   2177  3    520
  2177   2178   2179  3    520
  2178   2180   2179  3    520
  2179   2180   2181  3    520
  2180   2182   2181  3    520
  2181   2182   2183  3    520
  2182   2184   2183  3    520
  2183   2184   2185  3    520
  2184    649   2185  3    520
  2185    649    648  3    520
   649    652   2186  3    522
  2186    652   2189  3    522
  2186   2189   2187  3    522
  2187   2189   2190  3    522
  2187   2190   2188  3    522
  2188   2190   2191  3    522
  2188   2191    650  3    522
   650   2191    651  3    522
   652    655   2192  3    524
  2192    655   2196  3    524
  2192   2196   2193  3    524
  2193   2196   2197  3    524
  2193   2197   2194  3    524
  2194   2197   2198  3    524
  2194   2198   2195  3    524
  2195   2198   2199  3    524
  2195   2199    653  3    524
   653   2199    654  3    524
   655    456   2200  3    525
  2200    456   2203  3    525
  2200   2203   2201  3    525
  2201   2203   2204  3    525
  2201   2204   2202  3    525
  2202   2204   2205  3    525
  2202   2205    656  3    525
   656   2205    458  3    525
   656    658    654  3    527
   654    658    657  3    527
   658    661   2206  3    529
  2206    661   2208  3    529
  2206   2208   2207  3    529
  2207   2208   2209  3    529
  2207   2209    659  3    529
   659   2209    660  3    529
   661    459   2210  3    530
  2210    459   2212  3    530
  2210   2212   2211  3    530
  2211   2212   2213  3    530
  2211   2213    662  3    530
   662   2213    461  3    530
   662   2214    660  3    532
   660   2214   2215  3    532
  2214   2216   2215  3    532
  2215   2216   2217  3    532
  2216   2218   2217  3    532
  2217   2218   2219  3    532
  2218    664   2219  3    532
  2219    664    663  3    532
   664    667    665  3    534
   665    667    666  3    534
   667    670    668  3    536
   668    670    669  3    536
   670    673   2220  3    538
  2220    673   2222  3    538
  2220   2222   2221  3    538
  2221   2222   2223  3    538
  2221   2223    671  3    538
   671   2223    672  3    538
   673    676   2224  3    540
  2224    676   2226  3    540
  2224   2226   2225  3    540
  2225   2226   2227  3    540
  2225   2227    674  3    540
   674   2227    675  3    540
   676    465   2228  3    541
  2228    465   2230  3    541
  2228   2230   2229  3    541
  2229   2230   2231  3    541
  2229   2231    677  3    541
   677   2231    467  3    541
   677    679    675  3    543
   675    679    678  3    543
   679    682   2232  3    545
  2232    682   2233  3    545
  2232   2233    680  3    545
   680   2233    681  3    545
   682    474   2234  3    546
  2234    474   2235  3    546
  2234   2235    683  3    546
   683   2235    476  3    546
   683   2236    681  3    548
   681   2236   2237  3    548
  2236   2238   2237  3    548
  2237   2238   2239  3    548
  2238   2240   2239  3    548
  2239   2240   2241  3    548
  2240   2242   2241  3    548
  2241   2242   2243  3    548
  2242    685   2243  3    548
  2243    685    684  3    548
   685    688   2244  3    550
  2244    688   2245  3    550
  2244   2245    686  3    550
   686   2245    687  3    550
   688    691   2246  3    552
  2246    691   2247  3    552
  2246   2247    689  3    552
   689   2247    690  3    552
   691    694    692  3    554
   692    694    693  3    554
   694    697    695  3    556
   695    697    696  3    556
   697    477    698  3    557
   698    477    479  3    557
   698    700    696  3    559
   696    700    699  3    559
   700   2248    701  3    560
   701   2248   2249  3    560
  2248   2250   2249  3    560
  2249   2250   2251  3    560
  2250    486   2251  3    560
  2251    486    488  3    560
   701   2252    699  3    562
   699   2252   2253  3    562
  2252   2254   2253  3    562
  2253   2254   2255  3    562
  2254    703   2255  3    562
  2255    703    702  3    562
   703    706   2256  3    564
  2256    706   2260  3    564
  2256   2260   2257  3    564
  2257   2260   2261  3    564
  2257   2261   2258  3    564
  2258   2261   2262  3    564
  2258   2262   2259  3    564
  2259   2262   2263  3    564
  2259   2263    704  3    564
   704   2263    705  3    564
   706    498   2264  3    565
  2264    498   2267  3    565
  2264   2267   2265  3    565
  2265   2267   2268  3    565
  2265   2268   2266  3    565
  2266   2268   2269  3    565
  2266   2269    707  3    565
   707   2269    500  3    565
   707   2270    705  3    567
   705   2270   2271  3    567
  2270    709   2271  3    567
  2271    709    708  3    567
   709    501   2272  3    568
  2272    501   2274  3    568
  2272   2274   2273  3    568
  2273   2274   2275  3    568
  2273   2275    710  3    568
   710   2275    503  3    568
   710   2278   2276  3    570
  2276   2278   2279  3    570
  2276   2279   2277  3    570
  2277   2279   2280  3    570
  2277   2280    708  3    570
   708   2280   2281  3    570
  2278    712   2279  3    570
  2279    712   2282  3    570
  2279   2282   2280  3    570
  2280   2282   2283  3    570
  2280   2283   2281  3    570
  2281   2283    711  3    570
   712    715   2284  3    572
  2284    715   2287  3    572
  2284   2287   2285  3    572
  2285   2287   2288  3    572
  2285   2288   2286  3    572
  2286   2288   2289  3    572
  2286   2289    713  3    572
   713   2289    714  3    572
   715    718   2290  3    574
  2290    718   2293  3    574
  2290   2293   2291  3    574
  2291   2293   2294  3    574
  2291   2294   2292  3    574
  2292   2294   2295  3    574
  2292   2295    716  3    574
   716   2295    717  3    574
   718    721    719  3    576
   719    721    720  3    576
   721    724   2296  3    578
  2296    724   2297  3    578
  2296   2297    722  3    578
   722   2297    723  3    578
   724    727    725  3    580
   725    727    726  3    580
   727    730   2298  3    582
  2298    730   2299  3    582
  2298   2299    728  3    582
   728   2299    729  3    582
   730   2301   2300  3    583
  2300   2301   2302  3    583
  2300   2302    731  3    583
   731   2302   2303  3    583
  2301    510   2302  3    583
  2302    510   2304  3    583
  2302   2304   2303  3    583
  2303   2304    512  3    583
   731    733    729  3    585
   729    733    732  3    585
   733    516   2305  3    586
  2305    516   2306  3    586
  2305   2306    734  3    586
   734   2306    518  3    586
   734    525   2307  3    587
  2307    525   2308  3    587
  2307   2308    732  3    587
   732   2308    527  3    587
   728    736   2309  3    589
  2309    736   2310  3    589
  2309   2310    726  3    589
   726   2310    735  3    589
   736   2313   2311  3    591
  2311   2313   2314  3    591
  2311   2314   2312  3    591
  2312   2314   2315  3    591
  2312   2315    737  3    591
   737   2315   2316  3    591
  2313    739   2314  3    591
  2314    739   2317  3    591
  2314   2317   2315  3    591
  2315   2317   2318  3    591
  2315   2318   2316  3    591
  2316   2318    738  3    591
   739   2319    740  3    592
   740   2319   2320  3    592
  2319    528   2320  3    592
  2320    528    530  3    592
   740    742   2321  3    594
  2321    742   2323  3    594
  2321   2323   2322  3    594
  2322   2323   2324  3    594
  2322   2324    738  3    594
   738   2324    741  3    594
   742    531    743  3    595
   743    531    533  3    595
   743    745   2325  3    597
  2325    745   2328  3    597
  2325   2328   2326  3    597
  2326   2328   2329  3    597
  2326   2329   2327  3    597
  2327   2329   2330  3    597
  2327   2330    741  3    597
   741   2330    744  3    597
   745    748   2331  3    599
  2331    748   2332  3    599
  2331   2332    746  3    599
   746   2332    747  3    599
   748    537   2333  3    600
  2333    537   2335  3    600
  2333   2335   2334  3    600
  2334   2335   2336  3    600
  2334   2336    749  3    600
   749   2336    539  3    600
   749    751   2337  3    602
  2337    751   2338  3    602
  2337   2338    747  3    602
   747   2338    750  3    602
   751    754   2339  3    604
  2339    754   2340  3    604
  2339   2340    752  3    604
   752   2340    753  3    604
   754   2341    755  3    605
   755   2341   2342  3    605
  2341   2343   2342  3    605
  2342   2343   2344  3    605
  2343    540   2344  3    605
  2344    540    542  3    605
   755    757   2345  3    607
  2345    757   2346  3    607
  2345   2346    753  3    607
   753   2346    756  3    607
   757    760   2347  3    609
  2347    760   2349  3    609
  2347   2349   2348  3    609
  2348   2349   2350  3    609
  2348   2350    758  3    609
   758   2350    759  3    609
   760    763    761  3    611
   761    763    762  3    611
   763    766    764  3    613
   764    766    765  3    613
   766    546    767  3    614
   767    546    548  3    614
   767   2351    765  3    616
   765   2351   2352  3    616
  2351    769   2352  3    616
  2352    769    768  3    616
   769    772   2353  3    618
  2353    772   2355  3    618
  2353   2355   2354  3    618
  2354   2355   2356  3    618
  2354   2356    770  3    618
   770   2356    771  3    618
   772    775   2357  3    620
  2357    775   2358  3    620
  2357   2358    773  3    620
   773   2358    774  3    620
   775    778    776  3    622
   776    778    777  3    622
   778   2359    779  3    624
   779   2359   2360  3    624
  2359    781   2360  3    624
  2360    781    780  3    624
   781    549   2361  3    625
  2361    549   2363  3    625
  2361   2363   2362  3    625
  2362   2363   2364  3    625
  2362   2364    782  3    625
   782   2364    551  3    625
   782    784   2365  3    627
  2365    784   2366  3    627
  2365   2366    780  3    627
   780   2366    783  3    627
   784    787    785  3    629
   785    787    786  3    629
   787    552   2367  3    630
  2367    552   2369  3    630
  2367   2369   2368  3    630
  2368   2369   2370  3    630
  2368   2370    788  3    630
   788   2370    554  3    630
   788    790   2371  3    632
  2371    790   2373  3    632
  2371   2373   2372  3    632
  2372   2373   2374  3    632
  2372   2374    786  3    632
   786   2374    789  3    632
   790    666    791  3    633
   791    666    668  3    633
   791    669   2375  3    634
  2375    669   2376  3    634
  2375   2376    789  3    634
   789   2376    671  3    634
   785    793   2377  3    636
  2377    793   2379  3    636
  2377   2379   2378  3    636
  2378   2379   2380  3    636
  2378   2380    783  3    636
   783   2380    792  3    636
   793    796   2381  3    638
  2381    796   2383  3    638
  2381   2383   2382  3    638
  2382   2383   2384  3    638
  2382   2384    794  3    638
   794   2384    795  3    638
   796    799   2385  3    640
  2385    799   2386  3    640
  2385   2386    797  3    640
   797   2386    798  3    640
   799    672    800  3    641
   800    672    674  3    641
   800    678   2387  3    642
  2387    678   2388  3    642
  2387   2388    798  3    642
   798   2388    680  3    642
   797    802   2389  3    644
  2389    802   2390  3    644
  2389   2390    795  3    644
   795   2390    801  3    644
   802    684   2391  3    645
  2391    684   2392  3    645
  2391   2392    803  3    645
   803   2392    686  3    645
   803    805    801  3    647
   801    805    804  3    647
   805    808   2393  3    649
  2393    808   2394  3    649
  2393   2394    806  3    649
   806   2394    807  3    649
   808    811    809  3    651
   809    811    810  3    651
   811    814   2395  3    653
  2395    814   2396  3    653
  2395   2396    812  3    653
   812   2396    813  3    653
   814    687    815  3    654
   815    687    689  3    654
   815   2397    813  3    656
   813   2397   2398  3    656
  2397    817   2398  3    656
  2398    817    816  3    656
   817    690    818  3    657
   818    690    692  3    657
   818    820   2399  3    659
  2399    820   2400  3    659
  2399   2400    816  3    659
   816   2400    819  3    659
   820    693    821  3    660
   821    693    695  3    660
   821   2402   2401  3    662
  2401   2402   2403  3    662
  2401   2403    819  3    662
   819   2403   2404  3    662
  2402    823   2403  3    662
  2403    823   2405  3    662
  2403   2405   2404  3    662
  2404   2405    822  3    662
   823    826   2406  3    664
  2406    826   2410  3    664
  2406   2410   2407  3    664
  2407   2410   2411  3    664
  2407   2411   2408  3    664
  2408   2411   2412  3    664
  2408   2412   2409  3    664
  2409   2412   2413  3    664
  2409   2413    824  3    664
   824   2413    825  3    664
   826    702   2414  3    665
  2414    702   2417  3    665
  2414   2417   2415  3    665
  2415   2417   2418  3    665
  2415   2418   2416  3    665
  2416   2418   2419  3    665
  2416   2419    827  3    665
   827   2419    704  3    665
   827   2420    825  3    667
   825   2420   2421  3    667
  2420   2422   2421  3    667
  2421   2422   2423  3    667
  2422    829   2423  3    667
  2423    829    828  3    667
   829   2424    830  3    669
   830   2424   2425  3    669
  2424   2426   2425  3    669
  2425   2426   2427  3    669
  2426   2428   2427  3    669
  2427   2428   2429  3    669
  2428   2430   2429  3    669
  2429   2430   2431  3    669
  2430   2432   2431  3    669
  2431   2432   2433  3    669
  2432    832   2433  3    669
  2433    832    831  3    669
   832   2434    833  3    670
   833   2434   2435  3    670
  2434   2436   2435  3    670
  2435   2436   2437  3    670
  2436    711   2437  3    670
  2437    711    713  3    670
   833    835    831  3    672
   831    835    834  3    672
   835   2438    836  3    674
   836   2438   2439  3    674
  2438    838   2439  3    674
  2439    838    837  3    674
   838    841    839  3    676
   839    841    840  3    676
   841    844    842  3    678
   842    844    843  3    678
   844   2440    845  3    679
   845   2440   2441  3    679
  2440    714   2441  3    679
  2441    714    716  3    679
   845   2442    843  3    681
   843   2442   2443  3    681
  2442    847   2443  3    681
  2443    847    846  3    681
   847    850   2444  3    683
  2444    850   2447  3    683
  2444   2447   2445  3    683
  2445   2447   2448  3    683
  2445   2448   2446  3    683
  2446   2448   2449  3    683
  2446   2449    848  3    683
   848   2449    849  3    683
   850    717   2450  3    684
  2450    717   2452  3    684
  2450   2452   2451  3    684
  2451   2452   2453  3    684
  2451   2453    851  3    684
   851   2453    719  3    684
   851    720    849  3    685
   849    720    722  3    685
   848    853   2454  3    687
  2454    853   2458  3    687
  2454   2458   2455  3    687
  2455   2458   2459  3    687
  2455   2459   2456  3    687
  2456   2459   2460  3    687
  2456   2460   2457  3    687
  2457   2460   2461  3    687
  2457   2461    846  3    687
   846   2461    852  3    687
   853   2465   2462  3    688
  2462   2465   2466  3    688
  2462   2466   2463  3    688
  2463   2466   2467  3    688
  2463   2467   2464  3    688
  2464   2467   2468  3    688
  2464   2468    854  3    688
   854   2468   2469  3    688
  2465    756   2466  3    688
  2466    756   2470  3    688
  2466   2470   2467  3    688
  2467   2470   2471  3    688
  2467   2471   2468  3    688
  2468   2471   2472  3    688
  2468   2472   2469  3    688
  2469   2472    758  3    688
   854    856   2473  3    690
  2473    856   2475  3    690
  2473   2475   2474  3    690
  2474   2475   2476  3    690
  2474   2476    852  3    690
   852   2476    855  3    690
   856   2479   2477  3    692
  2477   2479   2480  3    692
  2477   2480   2478  3    692
  2478   2480   2481  3    692
  2478   2481    857  3    692
   857   2481   2482  3    692
  2479    859   2480  3    692
  2480    859   2483  3    692
  2480   2483   2481  3    692
  2481   2483   2484  3    692
  2481   2484   2482  3    692
  2482   2484    858  3    692
   859    862   2485  3    694
  2485    862   2487  3    694
  2485   2487   2486  3    694
  2486   2487   2488  3    694
  2486   2488    860  3    694
   860   2488    861  3    694
   862   2489    863  3    696
   863   2489   2490  3    696
  2489   2491   2490  3    696
  2490   2491   2492  3    696
  2491    865   2492  3    696
  2492    865    864  3    696
   865    759   2493  3    697
  2493    759   2495  3    697
  2493   2495   2494  3    697
  2494   2495   2496  3    697
  2494   2496    866  3    697
   866   2496    761  3    697
   866    868   2497  3    699
  2497    868   2498  3    699
  2497   2498    864  3    699
   864   2498    867  3    699
   868    762    869  3    700
   869    762    764  3    700
   869    871   2499  3    702
  2499    871   2501  3    702
  2499   2501   2500  3    702
  2500   2501   2502  3    702
  2500   2502    867  3    702
   867   2502    870  3    702
   871    768   2503  3    703
  2503    768   2505  3    703
  2503   2505   2504  3    703
  2504   2505   2506  3    703
  2504   2506    872  3    703
   872   2506    770  3    703
   872   2507    870  3    705
   870   2507   2508  3    705
  2507   2509   2508  3    705
  2508   2509   2510  3    705
  2509   2511   2510  3    705
  2510   2511   2512  3    705
  2511    874   2512  3    705
  2512    874    873  3    705
   878    875    877  3    707
   874    879    876  3    708
   879   2514   2513  3    710
  2513   2514   2515  3    710
  2513   2515    880  3    710
   880   2515   2516  3    710
  2514    882   2515  3    710
  2515    882   2517  3    710
  2515   2517   2516  3    710
  2516   2517    881  3    710
   882    885   2518  3    712
  2518    885   2520  3    712
  2518   2520   2519  3    712
  2519   2520   2521  3    712
  2519   2521    883  3    712
   883   2521    884  3    712
   885    888   2522  3    714
  2522    888   2523  3    714
  2522   2523    886  3    714
   886   2523    887  3    714
   888   2525   2524  3    715
  2524   2525   2526  3    715
  2524   2526    889  3    715
   889   2526   2527  3    715
  2525    771   2526  3    715
  2526    771   2528  3    715
  2526   2528   2527  3    715
  2527   2528    773  3    715
   889   2530   2529  3    717
  2529   2530   2531  3    717
  2529   2531    887  3    717
   887   2531   2532  3    717
  2530    891   2531  3    717
  2531    891   2533  3    717
  2531   2533   2532  3    717
  2532   2533    890  3    717
   891    894   2534  3    719
  2534    894   2535  3    719
  2534   2535    892  3    719
   892   2535    893  3    719
   894    807   2536  3    720
  2536    807   2537  3    720
  2536   2537    895  3    720
   895   2537    809  3    720
   895    810    893  3    721
   893    810    812  3    721
   892    897   2538  3    723
  2538    897   2540  3    723
  2538   2540   2539  3    723
  2539   2540   2541  3    723
  2539   2541    890  3    723
   890   2541    896  3    723
   897    900   2542  3    725
  2542    900   2544  3    725
  2542   2544   2543  3    725
  2543   2544   2545  3    725
  2543   2545    898  3    725
   898   2545    899  3    725
   900    903    901  3    727
   901    903    902  3    727
   903    906   2546  3    729
  2546    906   2547  3    729
  2546   2547    904  3    729
   904   2547    905  3    729
   906    822   2548  3    730
  2548    822   2550  3    730
  2548   2550   2549  3    730
  2549   2550   2551  3    730
  2549   2551    907  3    730
   907   2551    824  3    730
   907    909    905  3    732
   905    909    908  3    732
   909    912    910  3    734
   910    912    911  3    734
   912    915    913  3    736
   913    915    914  3    736
   915   2552    916  3    738
   916   2552   2553  3    738
  2552    918   2553  3    738
  2553    918    917  3    738
   918    828    919  3    739
   919    828    830  3    739
   919   2555   2554  3    740
  2554   2555   2556  3    740
  2554   2556    917  3    740
   917   2556   2557  3    740
  2555   2558   2556  3    740
  2556   2558   2559  3    740
  2556   2559   2557  3    740
  2557   2559   2560  3    740
  2558    834   2559  3    740
  2559    834   2561  3    740
  2559   2561   2560  3    740
  2560   2561    836  3    740
   916   2562    914  3    741
   914   2562   2563  3    741
  2562   2564   2563  3    741
  2563   2564   2565  3    741
  2564   2566   2565  3    741
  2565   2566   2567  3    741
  2566   2568   2567  3    741
  2567   2568   2569  3    741
  2568   2570   2569  3    741
  2569   2570   2571  3    741
  2570   2572   2571  3    741
  2571   2572   2573  3    741
  2572   2574   2573  3    741
  2573   2574   2575  3    741
  2574    837   2575  3    741
  2575    837    839  3    741
   913    921    911  3    743
   911    921    920  3    743
   921    924   2576  3    745
  2576    924   2577  3    745
  2576   2577    922  3    745
   922   2577    923  3    745
   924    927   2578  3    747
  2578    927   2579  3    747
  2578   2579    925  3    747
   925   2579    926  3    747
   927    930   2580  3    749
  2580    930   2583  3    749
  2580   2583   2581  3    749
  2581   2583   2584  3    749
  2581   2584   2582  3    749
  2582   2584   2585  3    749
  2582   2585    928  3    749
   928   2585    929  3    749
   930    933   2586  3    751
  2586    933   2588  3    751
  2586   2588   2587  3    751
  2587   2588   2589  3    751
  2587   2589    931  3    751
   931   2589    932  3    751
   933    936   2590  3    753
  2590    936   2593  3    753
  2590   2593   2591  3    753
  2591   2593   2594  3    753
  2591   2594   2592  3    753
  2592   2594   2595  3    753
  2592   2595    934  3    753
   934   2595    935  3    753
   936   2596    937  3    755
   937   2596   2597  3    755
  2596   2598   2597  3    755
  2597   2598   2599  3    755
  2598   2600   2599  3    755
  2599   2600   2601  3    755
  2600   2602   2601  3    755
  2601   2602   2603  3    755
  2602   2604   2603  3    755
  2603   2604   2605  3    755
  2604   2606   2605  3    755
  2605   2606   2607  3    755
  2606    939   2607  3    755
  2607    939    938  3    755
   939    942   2608  3    757
  2608    942   2610  3    757
  2608   2610   2609  3    757
  2609   2610   2611  3    757
  2609   2611    940  3    757
   940   2611    941  3    757
   942    945   2612  3    759
  2612    945   2614  3    759
  2612   2614   2613  3    759
  2613   2614   2615  3    759
  2613   2615    943  3    759
   943   2615    944  3    759
   945    840    946  3    760
   946    840    842  3    760
   946    948   2616  3    762
  2616    948   2618  3    762
  2616   2618   2617  3    762
  2617   2618   2619  3    762
  2617   2619    944  3    762
   944   2619    947  3    762
   948   2621   2620  3    763
  2620   2621   2622  3    763
  2620   2622    949  3    763
   949   2622   2623  3    763
  2621    855   2622  3    763
  2622    855   2624  3    763
  2622   2624   2623  3    763
  2623   2624    857  3    763
   949   2625    947  3    765
   947   2625   2626  3    765
  2625   2627   2626  3    765
  2626   2627   2628  3    765
  2627   2629   2628  3    765
  2628   2629   2630  3    765
  2629    951   2630  3    765
  2630    951    950  3    765
   951    858    952  3    766
   952    858    860  3    766
   952    954    950  3    768
   950    954    953  3    768
   954    957   2631  3    770
  2631    957   2632  3    770
  2631   2632    955  3    770
   955   2632    956  3    770
   957    960   2633  3    772
  2633    960   2634  3    772
  2633   2634    958  3    772
   958   2634    959  3    772
   960    963    961  3    774
   961    963    962  3    774
   963    861   2635  3    775
  2635    861   2637  3    775
  2635   2637   2636  3    775
  2636   2637   2638  3    775
  2636   2638    964  3    775
   964   2638    863  3    775
   964    966   2639  3    777
  2639    966   2641  3    777
  2639   2641   2640  3    777
  2640   2641   2642  3    777
  2640   2642    962  3    777
   962   2642    965  3    777
   966    873   2643  3    778
  2643    873   2647  3    778
  2643   2647   2644  3    778
  2644   2647   2648  3    778
  2644   2648   2645  3    778
  2645   2648   2649  3    778
  2645   2649   2646  3    778
  2646   2649   2650  3    778
  2646   2650    967  3    778
   967   2650    875  3    778
   967   2652   2651  3    779
  2651   2652   2653  3    779
  2651   2653    965  3    779
   965   2653   2654  3    779
  2652    959   2653  3    779
  2653    959   2655  3    779
  2653   2655   2654  3    779
  2654   2655    961  3    779
   958   2656    956  3    781
   956   2656   2657  3    781
  2656   2658   2657  3    781
  2657   2658   2659  3    781
  2658   2660   2659  3    781
  2659   2660   2661  3    781
  2660    969   2661  3    781
  2661    969    968  3    781
   969   2663   2662  3    783
  2662   2663   2664  3    783
  2662   2664    970  3    783
   970   2664   2665  3    783
  2663   2666   2664  3    783
  2664   2666   2667  3    783
  2664   2667   2665  3    783
  2665   2667   2668  3    783
  2666    972   2667  3    783
  2667    972   2669  3    783
  2667   2669   2668  3    783
  2668   2669    971  3    783
   972    975   2670  3    785
  2670    975   2671  3    785
  2670   2671    973  3    785
   973   2671    974  3    785
   975    878   2672  3    786
  2672    878   2674  3    786
  2672   2674   2673  3    786
  2673   2674   2675  3    786
  2673   2675    976  3    786
   976   2675    880  3    786
   976    978   2676  3    788
  2676    978   2678  3    788
  2676   2678   2677  3    788
  2677   2678   2679  3    788
  2677   2679    974  3    788
   974   2679    977  3    788
   978    881    979  3    789
   979    881    883  3    789
   979    981   2680  3    791
  2680    981   2682  3    791
  2680   2682   2681  3    791
  2681   2682   2683  3    791
  2681   2683    977  3    791
   977   2683    980  3    791
   981    984   2684  3    793
  2684    984   2686  3    793
  2684   2686   2685  3    793
  2685   2686   2687  3    793
  2685   2687    982  3    793
   982   2687    983  3    793
   984    987   2688  3    795
  2688    987   2691  3    795
  2688   2691   2689  3    795
  2689   2691   2692  3    795
  2689   2692   2690  3    795
  2690   2692   2693  3    795
  2690   2693    985  3    795
   985   2693    986  3    795
   987   2694    988  3    796
   988   2694   2695  3    796
  2694    884   2695  3    796
  2695    884    886  3    796
   988    990   2696  3    798
  2696    990   2698  3    798
  2696   2698   2697  3    798
  2697   2698   2699  3    798
  2697   2699    986  3    798
   986   2699    989  3    798
   990    993   2700  3    800
  2700    993   2702  3    800
  2700   2702   2701  3    800
  2701   2702   2703  3    800
  2701   2703    991  3    800
   991   2703    992  3    800
   993    996   2704  3    802
  2704    996   2707  3    802
  2704   2707   2705  3    802
  2705   2707   2708  3    802
  2705   2708   2706  3    802
  2706   2708   2709  3    802
  2706   2709    994  3    802
   994   2709    995  3    802
   996    999    997  3    804
   997    999    998  3    804
   999   1002   1000  3    806
  1000   1002   1001  3    806
  1002    896   1003  3    807
  1003    896    898  3    807
  1003   1005   2710  3    809
  2710   1005   2711  3    809
  2710   2711   1001  3    809
  1001   2711   1004  3    809
  1005   1008   2712  3    811
  2712   1008   2713  3    811
  2712   2713   1006  3    811
  1006   2713   1007  3    811
  1008    899   2714  3    812
  2714    899   2715  3    812
  2714   2715   1009  3    812
  1009   2715    901  3    812
  1009   1011   2716  3    814
  2716   1011   2717  3    814
  2716   2717   1007  3    814
  1007   2717   1010  3    814
  1011    902   2718  3    815
  2718    902   2719  3    815
  2718   2719   1012  3    815
  1012   2719    904  3    815
  1012    908   1010  3    816
  1010    908    910  3    816
  1006    920   2720  3    817
  2720    920   2721  3    817
  2720   2721   1004  3    817
  1004   2721    922  3    817
  1000   1014    998  3    819
   998   1014   1013  3    819
  1014   1017   2722  3    821
  2722   1017   2725  3    821
  2722   2725   2723  3    821
  2723   2725   2726  3    821
  2723   2726   2724  3    821
  2724   2726   2727  3    821
  2724   2727   1015  3    821
  1015   2727   1016  3    821
  1017   1020   2728  3    823
  2728   1020   2730  3    823
  2728   2730   2729  3    823
  2729   2730   2731  3    823
  2729   2731   1018  3    823
  1018   2731   1019  3    823
  1020    923   1021  3    824
  1021    923    925  3    824
  1021    926   2732  3    825
  2732    926   2734  3    825
  2732   2734   2733  3    825
  2733   2734   2735  3    825
  2733   2735   1019  3    825
  1019   2735    928  3    825
  1018   1023   1016  3    827
  1016   1023   1022  3    827
  1023   1026   1024  3    829
  1024   1026   1025  3    829
  1026   1029   1027  3    831
  1027   1029   1028  3    831
  1029    929   1030  3    832
  1030    929    931  3    832
  1030    932   1028  3    833
  1028    932    934  3    833
  1027   1032   1025  3    835
  1025   1032   1031  3    835
  1032   2736   1033  3    837
  1033   2736   2737  3    837
  2736   1035   2737  3    837
  2737   1035   1034  3    837
  1035   2738   1036  3    839
  1036   2738   2739  3    839
  2738   2740   2739  3    839
  2739   2740   2741  3    839
  2740   1038   2741  3    839
  2741   1038   1037  3    839
  1038    935   2742  3    840
  2742    935   2744  3    840
  2742   2744   2743  3    840
  2743   2744   2745  3    840
  2743   2745   1039  3    840
  1039   2745    937  3    840
  1039   1041   2746  3    842
  2746   1041   2749  3    842
  2746   2749   2747  3    842
  2747   2749   2750  3    842
  2747   2750   2748  3    842
  2748   2750   2751  3    842
  2748   2751   1037  3    842
  1037   2751   1040  3    842
  1041   2755   2752  3    844
  2752   2755   2756  3    844
  2752   2756   2753  3    844
  2753   2756   2757  3    844
  2753   2757   2754  3    844
  2754   2757   2758  3    844
  2754   2758   1042  3    844
  1042   2758   2759  3    844
  2755   1044   2756  3    844
  2756   1044   2760  3    844
  2756   2760   2757  3    844
  2757   2760   2761  3    844
  2757   2761   2758  3    844
  2758   2761   2762  3    844
  2758   2762   2759  3    844
  2759   2762   1043  3    844
  1044   1047   2763  3    846
  2763   1047   2765  3    846
  2763   2765   2764  3    846
  2764   2765   2766  3    846
  2764   2766   1045  3    846
  1045   2766   1046  3    846
  1047   1050   2767  3    848
  2767   1050   2768  3    848
  2767   2768   1048  3    848
  1048   2768   1049  3    848
  1050   1053   2769  3    850
  2769   1053   2770  3    850
  2769   2770   1051  3    850
  1051   2770   1052  3    850
  1053    938   2771  3    851
  2771    938   2774  3    851
  2771   2774   2772  3    851
  2772   2774   2775  3    851
  2772   2775   2773  3    851
  2773   2775   2776  3    851
  2773   2776   1054  3    851
  1054   2776    940  3    851
  1054   1056   1052  3    853
  1052   1056   1055  3    853
  1056   1059   2777  3    855
  2777   1059   2778  3    855
  2777   2778   1057  3    855
  1057   2778   1058  3    855
  1059   1062   2779  3    857
  2779   1062   2782  3    857
  2779   2782   2780  3    857
  2780   2782   2783  3    857
  2780   2783   2781  3    857
  2781   2783   2784  3    857
  2781   2784   1060  3    857
  1060   2784   1061  3    857
  1062   1065   2785  3    859
  2785   1065   2788  3    859
  2785   2788   2786  3    859
  2786   2788   2789  3    859
  2786   2789   2787  3    859
  2787   2789   2790  3    859
  2787   2790   1063  3    859
  1063   2790   1064  3    859
  1065   1068   2791  3    861
  2791   1068   2792  3    861
  2791   2792   1066  3    861
  1066   2792   1067  3    861
  1068   2796   2793  3    863
  2793   2796   2797  3    863
  2793   2797   2794  3    863
  2794   2797   2798  3    863
  2794   2798   2795  3    863
  2795   2798   2799  3    863
  2795   2799   1069  3    863
  1069   2799   2800  3    863
  2796   1071   2797  3    863
  2797   1071   2801  3    863
  2797   2801   2798  3    863
  2798   2801   2802  3    863
  2798   2802   2799  3    863
  2799   2802   2803  3    863
  2799   2803   2800  3    863
  2800   2803   1070  3    863
  1071   2804   1072  3    864
  1072   2804   2805  3    864
  2804   2806   2805  3    864
  2805   2806   2807  3    864
  2806   2808   2807  3    864
  2807   2808   2809  3    864
  2808    941   2809  3    864
  2809    941    943  3    864
  1072   1074   2810  3    866
  2810   1074   2813  3    866
  2810   2813   2811  3    866
  2811   2813   2814  3    866
  2811   2814   2812  3    866
  2812   2814   2815  3    866
  2812   2815   1070  3    866
  1070   2815   1073  3    866
  1074    953   2816  3    867
  2816    953   2818  3    867
  2816   2818   2817  3    867
  2817   2818   2819  3    867
  2817   2819   1075  3    867
  1075   2819    955  3    867
  1075   2820   1073  3    869
  1073   2820   2821  3    869
  2820   2822   2821  3    869
  2821   2822   2823  3    869
  2822   2824   2823  3    869
  2823   2824   2825  3    869
  2824   2826   2825  3    869
  2825   2826   2827  3    869
  2826   1077   2827  3    869
  2827   1077   1076  3    869
  1077    968   2828  3    870
  2828    968   2829  3    870
  2828   2829   1078  3    870
  1078   2829    970  3    870
  1078   1080   2830  3    872
  2830   1080   2832  3    872
  2830   2832   2831  3    872
  2831   2832   2833  3    872
  2831   2833   1076  3    872
  1076   2833   1079  3    872
  1080   1083   2834  3    874
  2834   1083   2836  3    874
  2834   2836   2835  3    874
  2835   2836   2837  3    874
  2835   2837   1081  3    874
  1081   2837   1082  3    874
  1083   1086   2838  3    876
  2838   1086   2840  3    876
  2838   2840   2839  3    876
  2839   2840   2841  3    876
  2839   2841   1084  3    876
  1084   2841   1085  3    876
  1086   2842   1087  3    878
  1087   2842   2843  3    878
  2842   2844   2843  3    878
  2843   2844   2845  3    878
  2844   2846   2845  3    878
  2845   2846   2847  3    878
  2846   1089   2847  3    878
  2847   1089   1088  3    878
  1089   1092   2848  3    880
  2848   1092   2849  3    880
  2848   2849   1090  3    880
  1090   2849   1091  3    880
  1092   1095   1093  3    882
  1093   1095   1094  3    882
  1095   1098   1096  3    884
  1096   1098   1097  3    884
  1098    983   1099  3    885
  1099    983    985  3    885
  1099   1101   1097  3    887
  1097   1101   1100  3    887
  1101   1104   1102  3    889
  1102   1104   1103  3    889
  1104   1107   2850  3    891
  2850   1107   2851  3    891
  2850   2851   1105  3    891
  1105   2851   1106  3    891
  1107   1110   1108  3    893
  1108   1110   1109  3    893
  1110    989   1111  3    894
  1111    989    991  3    894
  1111    992   1109  3    895
  1109    992    994  3    895
  1108   2853   2852  3    897
  2852   2853   2854  3    897
  2852   2854   1106  3    897
  1106   2854   2855  3    897
  2853   1113   2854  3    897
  2854   1113   2856  3    897
  2854   2856   2855  3    897
  2855   2856   1112  3    897
  1113   1116   1114  3    899
  1114   1116   1115  3    899
  1116   1022   2857  3    900
  2857   1022   2858  3    900
  2857   2858   1117  3    900
  1117   2858   1024  3    900
  1117   2860   2859  3    902
  2859   2860   2861  3    902
  2859   2861   1115  3    902
  1115   2861   2862  3    902
  2860   1119   2861  3    902
  2861   1119   2863  3    902
  2861   2863   2862  3    902
  2862   2863   1118  3    902
  1119   2864   1120  3    904
  1120   2864   2865  3    904
  2864   2866   2865  3    904
  2865   2866   2867  3    904
  2866   2868   2867  3    904
  2867   2868   2869  3    904
  2868   2870   2869  3    904
  2869   2870   2871  3    904
  2870   1122   2871  3    904
  2871   1122   1121  3    904
  1122   1125   2872  3    906
  2872   1125   2874  3    906
  2872   2874   2873  3    906
  2873   2874   2875  3    906
  2873   2875   1123  3    906
  1123   2875   1124  3    906
  1125   2876   1126  3    907
  1126   2876   2877  3    907
  2876   2878   2877  3    907
  2877   2878   2879  3    907
  2878   2880   2879  3    907
  2879   2880   2881  3    907
  2880   2882   2881  3    907
  2881   2882   2883  3    907
  2882   1031   2883  3    907
  2883   1031   1033  3    907
  1126   1128   2884  3    909
  2884   1128   2886  3    909
  2884   2886   2885  3    909
  2885   2886   2887  3    909
  2885   2887   1124  3    909
  1124   2887   1127  3    909
  1128   2889   2888  3    911
  2888   2889   2890  3    911
  2888   2890   1129  3    911
  1129   2890   2891  3    911
  2889   1131   2890  3    911
  2890   1131   2892  3    911
  2890   2892   2891  3    911
  2891   2892   1130  3    911
  1131   1034   1132  3    912
  1132   1034   1036  3    912
  1132   2893   1130  3    914
  1130   2893   2894  3    914
  2893   2895   2894  3    914
  2894   2895   2896  3    914
  2895   2897   2896  3    914
  2896   2897   2898  3    914
  2897   1134   2898  3    914
  2898   1134   1133  3    914
  1134   1137   2899  3    916
  2899   1137   2901  3    916
  2899   2901   2900  3    916
  2900   2901   2902  3    916
  2900   2902   1135  3    916
  1135   2902   1136  3    916
  1137   1140   2903  3    918
  2903   1140   2905  3    918
  2903   2905   2904  3    918
  2904   2905   2906  3    918
  2904   2906   1138  3    918
  1138   2906   1139  3    918
  1140   2907   1141  3    919
  1141   2907   2908  3    919
  2907   2909   2908  3    919
  2908   2909   2910  3    919
  2909   2911   2910  3    919
  2910   2911   2912  3    919
  2911   1040   2912  3    919
  2912   1040   1042  3    919
  1141   1143   2913  3    921
  2913   1143   2915  3    921
  2913   2915   2914  3    921
  2914   2915   2916  3    921
  2914   2916   1139  3    921
  1139   2916   1142  3    921
  1143   1146   2917  3    923
  2917   1146   2918  3    923
  2917   2918   1144  3    923
  1144   2918   1145  3    923
  1146   1043   2919  3    924
  2919   1043   2920  3    924
  2919   2920   1147  3    924
  1147   2920   1045  3    924
  1147   1061   1145  3    925
  1145   1061   1063  3    925
  1144   2923   2921  3    927
  2921   2923   2924  3    927
  2921   2924   2922  3    927
  2922   2924   2925  3    927
  2922   2925   1142  3    927
  1142   2925   2926  3    927
  2923   1149   2924  3    927
  2924   1149   2927  3    927
  2924   2927   2925  3    927
  2925   2927   2928  3    927
  2925   2928   2926  3    927
  2926   2928   1148  3    927
  1149   1152   2929  3    929
  2929   1152   2931  3    929
  2929   2931   2930  3    929
  2930   2931   2932  3    929
  2930   2932   1150  3    929
  1150   2932   1151  3    929
  1152   1155   2933  3    931
  2933   1155   2936  3    931
  2933   2936   2934  3    931
  2934   2936   2937  3    931
  2934   2937   2935  3    931
  2935   2937   2938  3    931
  2935   2938   1153  3    931
  1153   2938   1154  3    931
  1155   1064   2939  3    932
  2939   1064   2941  3    932
  2939   2941   2940  3    932
  2940   2941   2942  3    932
  2940   2942   1156  3    932
  1156   2942   1066  3    932
  1156   1067   2943  3    933
  2943   1067   2944  3    933
  2943   2944   1154  3    933
  1154   2944   1069  3    933
  1153   1158   2945  3    935
  2945   1158   2948  3    935
  2945   2948   2946  3    935
  2946   2948   2949  3    935
  2946   2949   2947  3    935
  2947   2949   2950  3    935
  2947   2950   1151  3    935
  1151   2950   1157  3    935
  1158   1161   2951  3    937
  2951   1161   2954  3    937
  2951   2954   2952  3    937
  2952   2954   2955  3    937
  2952   2955   2953  3    937
  2953   2955   2956  3    937
  2953   2956   1159  3    937
  1159   2956   1160  3    937
  1081   1162   1164  3    938
  1161   1079   1163  3    939
  1162   1166   2957  3    941
  2957   1166   2959  3    941
  2957   2959   2958  3    941
  2958   2959   2960  3    941
  2958   2960   1160  3    941
  1160   2960   1165  3    941
  1166   2963   2961  3    943
  2961   2963   2964  3    943
  2961   2964   2962  3    943
  2962   2964   2965  3    943
  2962   2965   1167  3    943
  1167   2965   2966  3    943
  2963   1169   2964  3    943
  2964   1169   2967  3    943
  2964   2967   2965  3    943
  2965   2967   2968  3    943
  2965   2968   2966  3    943
  2966   2968   1168  3    943
  1169   1172   2969  3    945
  2969   1172   2970  3    945
  2969   2970   1170  3    945
  1170   2970   1171  3    945
  1172   1175   2971  3    947
  2971   1175   2973  3    947
  2971   2973   2972  3    947
  2972   2973   2974  3    947
  2972   2974   1173  3    947
  1173   2974   1174  3    947
  1175   1178   2975  3    949
  2975   1178   2977  3    949
  2975   2977   2976  3    949
  2976   2977   2978  3    949
  2976   2978   1176  3    949
  1176   2978   1177  3    949
  1178   2979   1179  3    950
  1179   2979   2980  3    950
  2979   2981   2980  3    950
  2980   2981   2982  3    950
  2981   2983   2982  3    950
  2982   2983   2984  3    950
  2983   2985   2984  3    950
  2984   2985   2986  3    950
  2985   1082   2986  3    950
  2986   1082   1084  3    950
  1179   1181   2987  3    952
  2987   1181   2989  3    952
  2987   2989   2988  3    952
  2988   2989   2990  3    952
  2988   2990   1177  3    952
  1177   2990   1180  3    952
  1181   1184   2991  3    954
  2991   1184   2993  3    954
  2991   2993   2992  3    954
  2992   2993   2994  3    954
  2992   2994   1182  3    954
  1182   2994   1183  3    954
  1184   1187   2995  3    956
  2995   1187   2997  3    956
  2995   2997   2996  3    956
  2996   2997   2998  3    956
  2996   2998   1185  3    956
  1185   2998   1186  3    956
  1187   2999   1188  3    958
  1188   2999   3000  3    958
  2999   3001   3000  3    958
  3000   3001   3002  3    958
  3001   3003   3002  3    958
  3002   3003   3004  3    958
  3003   3005   3004  3    958
  3004   3005   3006  3    958
  3005   1190   3006  3    958
  3006   1190   1189  3    958
  1190   1085   3007  3    959
  3007   1085   3009  3    959
  3007   3009   3008  3    959
  3008   3009   3010  3    959
  3008   3010   1191  3    959
  1191   3010   1087  3    959
  1191   1193   3011  3    961
  3011   1193   3014  3    961
  3011   3014   3012  3    961
  3012   3014   3015  3    961
  3012   3015   3013  3    961
  3013   3015   3016  3    961
  3013   3016   1189  3    961
  1189   3016   1192  3    961
  1193   1088   3017  3    962
  3017   1088   3018  3    962
  3017   3018   1194  3    962
  1194   3018   1090  3    962
  1194   3020   3019  3    964
  3019   3020   3021  3    964
  3019   3021   1192  3    964
  1192   3021   3022  3    964
  3020   1196   3021  3    964
  3021   1196   3023  3    964
  3021   3023   3022  3    964
  3022   3023   1195  3    964
  1196   1199   3024  3    966
  3024   1199   3025  3    966
  3024   3025   1197  3    966
  1197   3025   1198  3    966
  1199   1202   3026  3    968
  3026   1202   3027  3    968
  3026   3027   1200  3    968
  1200   3027   1201  3    968
  1202   1091   1203  3    969
  1203   1091   1093  3    969
  1203   1205   1201  3    971
  1201   1205   1204  3    971
  1205   1094   1206  3    972
  1206   1094   1096  3    972
  1206   3029   3028  3    973
  3028   3029   3030  3    973
  3028   3030   1204  3    973
  1204   3030   3031  3    973
  3029   1100   3030  3    973
  3030   1100   3032  3    973
  3030   3032   3031  3    973
  3031   3032   1102  3    973
  1200   3035   3033  3    975
  3033   3035   3036  3    975
  3033   3036   3034  3    975
  3034   3036   3037  3    975
  3034   3037   1198  3    975
  1198   3037   3038  3    975
  3035   1208   3036  3    975
  3036   1208   3039  3    975
  3036   3039   3037  3    975
  3037   3039   3040  3    975
  3037   3040   3038  3    975
  3038   3040   1207  3    975
  1208   3041   1209  3    976
  1209   3041   3042  3    976
  3041   3043   3042  3    976
  3042   3043   3044  3    976
  3043   3045   3044  3    976
  3044   3045   3046  3    976
  3045   1103   3046  3    976
  3046   1103   1105  3    976
  1209   1211   3047  3    978
  3047   1211   3049  3    978
  3047   3049   3048  3    978
  3048   3049   3050  3    978
  3048   3050   1207  3    978
  1207   3050   1210  3    978
  1211   1214   3051  3    980
  3051   1214   3054  3    980
  3051   3054   3052  3    980
  3052   3054   3055  3    980
  3052   3055   3053  3    980
  3053   3055   3056  3    980
  3053   3056   1212  3    980
  1212   3056   1213  3    980
  1214   1217   1215  3    982
  1215   1217   1216  3    982
  1217   1220   3057  3    984
  3057   1220   3059  3    984
  3057   3059   3058  3    984
  3058   3059   3060  3    984
  3058   3060   1218  3    984
  1218   3060   1219  3    984
  1220   1112   3061  3    985
  3061   1112   3062  3    985
  3061   3062   1221  3    985
  1221   3062   1114  3    985
  1221   1118   3063  3    986
  3063   1118   3064  3    986
  3063   3064   1219  3    986
  1219   3064   1120  3    986
  1218   1223   3065  3    988
  3065   1223   3066  3    988
  3065   3066   1216  3    988
  1216   3066   1222  3    988
  1223   1226   3067  3    990
  3067   1226   3070  3    990
  3067   3070   3068  3    990
  3068   3070   3071  3    990
  3068   3071   3069  3    990
  3069   3071   3072  3    990
  3069   3072   1224  3    990
  1224   3072   1225  3    990
  1226   1229   3073  3    992
  3073   1229   3075  3    992
  3073   3075   3074  3    992
  3074   3075   3076  3    992
  3074   3076   1227  3    992
  1227   3076   1228  3    992
  1229   1232   3077  3    994
  3077   1232   3079  3    994
  3077   3079   3078  3    994
  3078   3079   3080  3    994
  3078   3080   1230  3    994
  1230   3080   1231  3    994
  1232   1121   3081  3    995
  3081   1121   3083  3    995
  3081   3083   3082  3    995
  3082   3083   3084  3    995
  3082   3084   1233  3    995
  1233   3084   1123  3    995
  1233   1235   1231  3    997
  1231   1235   1234  3    997
  1235   3085   1236  3    999
  1236   3085   3086  3    999
  3085   3087   3086  3    999
  3086   3087   3088  3    999
  3087   1238   3088  3    999
  3088   1238   1237  3    999
  1238   1241   1239  3   1001
  1239   1241   1240  3   1001
  1241   1127   3089  3   1002
  3089   1127   3092  3   1002
  3089   3092   3090  3   1002
  3090   3092   3093  3   1002
  3090   3093   3091  3   1002
  3091   3093   3094  3   1002
  3091   3094   1242  3   1002
  1242   3094   1129  3   1002
  1242   1133   3095  3   1003
  3095   1133   3097  3   1003
  3095   3097   3096  3   1003
  3096   3097   3098  3   1003
  3096   3098   1240  3   1003
  1240   3098   1135  3   1003
  1239   1244   3099  3   1005
  3099   1244   3100  3   1005
  3099   3100   1237  3   1005
  1237   3100   1243  3   1005
  1244   1247   1245  3   1007
  1245   1247   1246  3   1007
  1247   1250   1248  3   1009
  1248   1250   1249  3   1009
  1250   1253   1251  3   1011
  1251   1253   1252  3   1011
  1253   1136   3101  3   1012
  3101   1136   3102  3   1012
  3101   3102   1254  3   1012
  1254   3102   1138  3   1012
  1254   3103   1252  3   1014
  1252   3103   3104  3   1014
  3103   3105   3104  3   1014
  3104   3105   3106  3   1014
  3105   3107   3106  3   1014
  3106   3107   3108  3   1014
  3107   3109   3108  3   1014
  3108   3109   3110  3   1014
  3109   1256   3110  3   1014
  3110   1256   1255  3   1014
  1256   1148   1257  3   1015
  1257   1148   1150  3   1015
  1257   3111   1255  3   1017
  1255   3111   3112  3   1017
  3111   3113   3112  3   1017
  3112   3113   3114  3   1017
  3113   3115   3114  3   1017
  3114   3115   3116  3   1017
  3115   3117   3116  3   1017
  3116   3117   3118  3   1017
  3117   1259   3118  3   1017
  3118   1259   1258  3   1017
  1259   3119   1260  3   1018
  1260   3119   3120  3   1018
  3119   1168   3120  3   1018
  3120   1168   1170  3   1018
  1260   1262   1258  3   1020
  1258   1262   1261  3   1020
  1262   1265   1263  3   1022
  1263   1265   1264  3   1022
  1265   1268   3121  3   1024
  3121   1268   3122  3   1024
  3121   3122   1266  3   1024
  1266   3122   1267  3   1024
  1268   1171   3123  3   1025
  3123   1171   3124  3   1025
  3123   3124   1269  3   1025
  1269   3124   1173  3   1025
  1269   3125   1267  3   1026
  1267   3125   3126  3   1026
  3125   1174   3126  3   1026
  3126   1174   1176  3   1026
  1266   1271   3127  3   1028
  3127   1271   3128  3   1028
  3127   3128   1264  3   1028
  1264   3128   1270  3   1028
  1271   3129   1272  3   1030
  1272   3129   3130  3   1030
  3129   3131   3130  3   1030
  3130   3131   3132  3   1030
  3131   3133   3132  3   1030
  3132   3133   3134  3   1030
  3133   1274   3134  3   1030
  3134   1274   1273  3   1030
  1274   3135   1275  3   1031
  1275   3135   3136  3   1031
  3135   3137   3136  3   1031
  3136   3137   3138  3   1031
  3137   1180   3138  3   1031
  3138   1180   1182  3   1031
  1275   1277   1273  3   1033
  1273   1277   1276  3   1033
  1277   3139   1278  3   1035
  1278   3139   3140  3   1035
  3139   3141   3140  3   1035
  3140   3141   3142  3   1035
  3141   3143   3142  3   1035
  3142   3143   3144  3   1035
  3143   1280   3144  3   1035
  3144   1280   1279  3   1035
  1280   1283   1281  3   1037
  1281   1283   1282  3   1037
  1283   3145   1284  3   1039
  1284   3145   3146  3   1039
  3145   1286   3146  3   1039
  3146   1286   1285  3   1039
  1286   3147   1287  3   1040
  1287   3147   3148  3   1040
  3147   3149   3148  3   1040
  3148   3149   3150  3   1040
  3149   1183   3150  3   1040
  3150   1183   1185  3   1040
  1287   1289   3151  3   1042
  3151   1289   3152  3   1042
  3151   3152   1285  3   1042
  1285   3152   1288  3   1042
  1289   1186   3153  3   1043
  3153   1186   3156  3   1043
  3153   3156   3154  3   1043
  3154   3156   3157  3   1043
  3154   3157   3155  3   1043
  3155   3157   3158  3   1043
  3155   3158   1290  3   1043
  1290   3158   1188  3   1043
  1290   1292   3159  3   1045
  3159   1292   3160  3   1045
  3159   3160   1288  3   1045
  1288   3160   1291  3   1045
  1292   1295   3161  3   1047
  3161   1295   3163  3   1047
  3161   3163   3162  3   1047
  3162   3163   3164  3   1047
  3162   3164   1293  3   1047
  1293   3164   1294  3   1047
  1295   1195   3165  3   1048
  3165   1195   3166  3   1048
  3165   3166   1296  3   1048
  1296   3166   1197  3   1048
  1296   3167   1294  3   1049
  1294   3167   3168  3   1049
  3167   3169   3168  3   1049
  3168   3169   3170  3   1049
  3169   3171   3170  3   1049
  3170   3171   3172  3   1049
  3171   3173   3172  3   1049
  3172   3173   3174  3   1049
  3173   1291   3174  3   1049
  3174   1291   1293  3   1049
  1284   3175   1282  3   1051
  1282   3175   3176  3   1051
  3175   1298   3176  3   1051
  3176   1298   1297  3   1051
  1298   1301   1299  3   1053
  1299   1301   1300  3   1053
  1301   1210   1302  3   1054
  1302   1210   1212  3   1054
  1302   3177   1300  3   1056
  1300   3177   3178  3   1056
  3177   1304   3178  3   1056
  3178   1304   1303  3   1056
  1304   1307   1305  3   1058
  1305   1307   1306  3   1058
  1307   1310   1308  3   1060
  1308   1310   1309  3   1060
  1310   3179   1311  3   1061
  1311   3179   3180  3   1061
  3179   1225   3180  3   1061
  3180   1225   1227  3   1061
  1311   1228   1309  3   1062
  1309   1228   1230  3   1062
  1308   1313   3181  3   1064
  3181   1313   3182  3   1064
  3181   3182   1306  3   1064
  1306   3182   1312  3   1064
  1313   1316   1314  3   1066
  1314   1316   1315  3   1066
  1316   1319   1317  3   1068
  1317   1319   1318  3   1068
  1319   1234   3183  3   1069
  3183   1234   3184  3   1069
  3183   3184   1320  3   1069
  1320   3184   1236  3   1069
  1320   3186   3185  3   1071
  3185   3186   3187  3   1071
  3185   3187   1318  3   1071
  1318   3187   3188  3   1071
  3186   1322   3187  3   1071
  3187   1322   3189  3   1071
  3187   3189   3188  3   1071
  3188   3189   1321  3   1071
  1322   1325   3190  3   1073
  3190   1325   3192  3   1073
  3190   3192   3191  3   1073
  3191   3192   3193  3   1073
  3191   3193   1323  3   1073
  1323   3193   1324  3   1073
  1325   1328   3194  3   1075
  3194   1328   3196  3   1075
  3194   3196   3195  3   1075
  3195   3196   3197  3   1075
  3195   3197   1326  3   1075
  1326   3197   1327  3   1075
  1328   3198   1329  3   1076
  1329   3198   3199  3   1076
  3198   3200   3199  3   1076
  3199   3200   3201  3   1076
  3200   1243   3201  3   1076
  3201   1243   1245  3   1076
  1329   1270   3202  3   1077
  3202   1270   3204  3   1077
  3202   3204   3203  3   1077
  3203   3204   3205  3   1077
  3203   3205   1327  3   1077
  1327   3205   1272  3   1077
  1326   3206   1324  3   1079
  1324   3206   3207  3   1079
  3206   3208   3207  3   1079
  3207   3208   3209  3   1079
  3208   1331   3209  3   1079
  3209   1331   1330  3   1079
  1331   1276   3210  3   1080
  3210   1276   3211  3   1080
  3210   3211   1332  3   1080
  1332   3211   1278  3   1080
  1332   1334   3212  3   1082
  3212   1334   3213  3   1082
  3212   3213   1330  3   1082
  1330   3213   1333  3   1082
  1334   3214   1335  3   1084
  1335   3214   3215  3   1084
  3214   3216   3215  3   1084
  3215   3216   3217  3   1084
  3216   1337   3217  3   1084
  3217   1337   1336  3   1084
  1337   1340   3218  3   1086
  3218   1340   3219  3   1086
  3218   3219   1338  3   1086
  1338   3219   1339  3   1086
  1340   1279   1341  3   1087
  1341   1279   1281  3   1087
  1341   1297   1339  3   1088
  1339   1297   1299  3   1088
  1338   1303   3220  3   1089
  3220   1303   3221  3   1089
  3220   3221   1336  3   1089
  1336   3221   1305  3   1089
  1335   3223   3222  3   1090
  3222   3223   3224  3   1090
  3222   3224   1333  3   1090
  1333   3224   3225  3   1090
  3223   1312   3224  3   1090
  3224   1312   3226  3   1090
  3224   3226   3225  3   1090
  3225   3226   1314  3   1090
  1323   1315   3227  3   1091
  3227   1315   3228  3   1091
  3227   3228   1321  3   1091
  1321   3228   1317  3   1091
  1263   1343   1261  3   1093
  1261   1343   1342  3   1093
  1343   3229   1344  3   1094
  1344   3229   3230  3   1094
  3229   1246   3230  3   1094
  3230   1246   1248  3   1094
  1344   3231   1342  3   1095
  1342   3231   3232  3   1095
  3231   1249   3232  3   1095
  3232   1249   1251  3   1095
  1224   1213   3233  3   1096
  3233   1213   3235  3   1096
  3233   3235   3234  3   1096
  3234   3235   3236  3   1096
  3234   3236   1222  3   1096
  1222   3236   1215  3   1096
  1167   1157   1165  3   1097
  1165   1157   1159  3   1097
  1060   1046   3237  3   1098
  3237   1046   3238  3   1098
  3237   3238   1058  3   1098
  1058   3238   1048  3   1098
  1057   1049   1055  3   1099
  1055   1049   1051  3   1099
  1015    995   3239  3   1100
  3239    995   3241  3   1100
  3239   3241   3240  3   1100
  3240   3241   3242  3   1100
  3240   3242   1013  3   1100
  1013   3242    997  3   1100
   982    971    980  3   1101
   980    971    973  3   1101
   806    774   3243  3   1102
  3243    774   3244  3   1102
  3243   3244    804  3   1102
   804   3244    776  3   1102
   794    777    792  3   1103
   792    777    779  3   1103
   752    744   3245  3   1104
  3245    744   3246  3   1104
  3245   3246    750  3   1104
   750   3246    746  3   1104
   737    723    735  3   1105
   735    723    725  3   1105
   665   3248   3247  3   1107
  3247   3248   3249  3   1107
  3247   3249    663  3   1107
   663   3249   3250  3   1107
  3248   1346   3249  3   1107
  3249   1346   3251  3   1107
  3249   3251   3250  3   1107
  3250   3251   1345  3   1107
  1346    561   3252  3   1108
  3252    561   3253  3   1108
  3252   3253   1347  3   1108
  1347   3253    563  3   1108
  1347   1349   3254  3   1110
  3254   1349   3256  3   1110
  3254   3256   3255  3   1110
  3255   3256   3257  3   1110
  3255   3257   1345  3   1110
  1345   3257   1348  3   1110
  1349    564   1350  3   1111
  1350    564    566  3   1111
  1350    657   3258  3   1112
  3258    657   3260  3   1112
  3258   3260   3259  3   1112
  3259   3260   3261  3   1112
  3259   3261   1348  3   1112
  1348   3261    659  3   1112
   653    567   3262  3   1113
  3262    567   3264  3   1113
  3262   3264   3263  3   1113
  3263   3264   3265  3   1113
  3263   3265    651  3   1113
   651   3265    569  3   1113
   650   3268   3266  3   1115
  3266   3268   3269  3   1115
  3266   3269   3267  3   1115
  3267   3269   3270  3   1115
  3267   3270    648  3   1115
   648   3270   3271  3   1115
  3268   3272   3269  3   1115
  3269   3272   3273  3   1115
  3269   3273   3270  3   1115
  3270   3273   3274  3   1115
  3270   3274   3271  3   1115
  3271   3274   3275  3   1115
  3272   1352   3273  3   1115
  3273   1352   3276  3   1115
  3273   3276   3274  3   1115
  3274   3276   3277  3   1115
  3274   3277   3275  3   1115
  3275   3277   1351  3   1115
  1352   3278   1353  3   1116
  1353   3278   3279  3   1116
  3278   3280   3279  3   1116
  3279   3280   3281  3   1116
  3280   3282   3281  3   1116
  3281   3282   3283  3   1116
  3282   3284   3283  3   1116
  3283   3284   3285  3   1116
  3284    582   3285  3   1116
  3285    582    584  3   1116
  1353   1355   3286  3   1118
  3286   1355   3288  3   1118
  3286   3288   3287  3   1118
  3287   3288   3289  3   1118
  3287   3289   1351  3   1118
  1351   3289   1354  3   1118
  1355   1358   3290  3   1120
  3290   1358   3292  3   1120
  3290   3292   3291  3   1120
  3291   3292   3293  3   1120
  3291   3293   1356  3   1120
  1356   3293   1357  3   1120
  1358   1361   3294  3   1122
  3294   1361   3296  3   1122
  3294   3296   3295  3   1122
  3295   3296   3297  3   1122
  3295   3297   1359  3   1122
  1359   3297   1360  3   1122
  1361   1364   3298  3   1124
  3298   1364   3300  3   1124
  3298   3300   3299  3   1124
  3299   3300   3301  3   1124
  3299   3301   1362  3   1124
  1362   3301   1363  3   1124
  1364    600   3302  3   1125
  3302    600   3303  3   1125
  3302   3303   1365  3   1125
  1365   3303    602  3   1125
  1365   1367   1363  3   1127
  1363   1367   1366  3   1127
  1367    618   3304  3   1128
  3304    618   3305  3   1128
  3304   3305   1368  3   1128
  1368   3305    620  3   1128
  1368   1360   1366  3   1129
  1366   1360   1362  3   1129
  1359   1370   1357  3   1131
  1357   1370   1369  3   1131
  1370   1373   3306  3   1133
  3306   1373   3307  3   1133
  3306   3307   1371  3   1133
  1371   3307   1372  3   1133
  1373    621   3308  3   1134
  3308    621   3309  3   1134
  3308   3309   1374  3   1134
  1374   3309    623  3   1134
  1374   3310   1372  3   1135
  1372   3310   3311  3   1135
  3310   3312   3311  3   1135
  3311   3312   3313  3   1135
  3312   3314   3313  3   1135
  3313   3314   3315  3   1135
  3314   3316   3315  3   1135
  3315   3316   3317  3   1135
  3316   3318   3317  3   1135
  3317   3318   3319  3   1135
  3318   3320   3319  3   1135
  3319   3320   3321  3   1135
  3320   3322   3321  3   1135
  3321   3322   3323  3   1135
  3322    630   3323  3   1135
  3323    630    632  3   1135
  1371   1354   3324  3   1136
  3324   1354   3325  3   1136
  3324   3325   1369  3   1136
  1369   3325   1356  3   1136
   647    633    645  3   1137
   645    633    635  3   1137
   629    624   3326  3   1138
  3326    624   3327  3   1138
  3326   3327    627  3   1138
   627   3327    626  3   1138
   599    588    597  3   1139
   597    588    590  3   1139
   578   1376   3328  3   1141
  3328   1376   3329  3   1141
  3328   3329    576  3   1141
   576   3329   1375  3   1141
  1376   3331   3330  3   1143
  3330   3331   3332  3   1143
  3330   3332   1377  3   1143
  1377   3332   3333  3   1143
  3331   3334   3332  3   1143
  3332   3334   3335  3   1143
  3332   3335   3333  3   1143
  3333   3335   3336  3   1143
  3334   1379   3335  3   1143
  3335   1379   3337  3   1143
  3335   3337   3336  3   1143
  3336   3337   1378  3   1143
  1379    570   3338  3   1144
  3338    570   3339  3   1144
  3338   3339   1380  3   1144
  1380   3339    572  3   1144
  1380   1375   3340  3   1145
  3340   1375   3341  3   1145
  3340   3341   1378  3   1145
  1378   3341   1377  3   1145
   447    436   3342  3   1146
  3342    436   3343  3   1146
  3342   3343    445  3   1146
   445   3343    438  3   1146
   399   3344    397  3   1147
   397   3344   3345  3   1147
  3344   3346   3345  3   1147
  3345   3346   3347  3   1147
  3346   3348   3347  3   1147
  3347   3348   3349  3   1147
  3348    388   3349  3   1147
  3349    388    390  3   1147
   246    238   3350  3   1148
  3350    238   3352  3   1148
  3350   3352   3351  3   1148
  3351   3352   3353  3   1148
  3351   3353    244  3   1148
   244   3353    240  3   1148
     3      1   1381  2      1
     3   1381      2  2      1
     6      4   1382  2      2
     6   1382      5  2      2
     9      7   1385  2      4
  1385      7      8  2      4
  1445     10   1388  2      6
  1445   1388   1389  2      6
  1445   1389     12  2      6
  1388     10   1387  2      6
  1387     10   1386  2      6
  1387   1386     11  2      6
  1454     13   1392  2      8
  1454   1392     15  2      8
    15   1392   1391  2      8
    15   1391   1393  2      8
  1393   1391   1390  2      8
  1393   1390     14  2      8
    18     16   1395  2     10
  1395     16   1394  2     10
  1395   1394     17  2     10
    21     19   1396  2     12
    21   1396   1397  2     12
  1397   1396     20  2     12
  1468     22   1398  2     14
  1468   1398   1399  2     14
  1468   1399     24  2     14
  1399   1398     23  2     14
    27     25   1403  2     16
    27   1403     26  2     16
    30     28   1406  2     19
  1406     28     29  2     19
  1408     31   1407  2     21
  1408   1407     33  2     21
    33   1407     32  2     21
    36     34   1409  2     24
    36   1409     35  2     24
    39     37   1412  2     26
  1412     37     38  2     26
    42     40   1414  2     28
  1414     40   1413  2     28
  1414   1413     41  2     28
  1490     43   3361  2     30
  1490   3361   1417  2     30
  1490   1417     45  2     30
  1417   3361   1416  2     30
  1416   3361   1415  2     30
  1416   1415     44  2     30
  1415   3361     43  2     30
    48     46   1419  2     32
    48   1419   1421  2     32
  1421   1419   1418  2     32
  1421   1418   1420  2     32
  1420   1418     47  2     32
  1508     49   3362  2     34
  1508   3362   1426  2     34
  1508   1426     51  2     34
  1426   3362   1425  2     34
  1425   3362   3363  2     34
  1425   3363   1424  2     34
  1424   3363   1422  2     34
  1424   1422     50  2     34
  1422   3363   1423  2     34
  1423   3363   3362  2     34
  1423   3362     49  2     34
  1433     52   1429  2     36
  1433   1429   1428  2     36
  1433   1428   1432  2     36
  1432   1428   1427  2     36
  1432   1427     54  2     36
    54   1427     53  2     36
    57     55   1437  2     39
  1437     55   1435  2     39
  1437   1435   1436  2     39
  1436   1435   1434  2     39
  1436   1434     56  2     39
  1440     58   1439  2     41
  1440   1439     60  2     41
    60   1439   1438  2     41
    60   1438     59  2     41
    63     61   1441  2     44
    63   1441   1442  2     44
  1442   1441     62  2     44
    66     64   1444  2     46
  1444     64   1443  2     46
  1444   1443     65  2     46
  1516     67   1446  2     49
  1516   1446     69  2     49
  1446     67     68  2     49
  1546     70   1450  2     51
  1546   1450     72  2     51
    72   1450     71  2     51
  1455     73   1451  2     53
  1455   1451     75  2     53
  1451     73     74  2     53
    78     76   1452  2     55
    78   1452   1453  2     55
  1453   1452     77  2     55
    81     79   1456  2     59
    81   1456     80  2     59
    84     82     83  2     62
    87     85     86  2     64
    90     88     89  2     66
  1563     91   1461  2     68
  1563   1461   1462  2     68
  1563   1462   1564  2     68
  1564   1462   1463  2     68
  1564   1463     93  2     68
  1461     91     92  2     68
  1590     94   1466  2     70
  1590   1466   1591  2     70
  1591   1466   1465  2     70
  1591   1465   1592  2     70
  1592   1465   1464  2     70
  1592   1464     96  2     70
    96   1464     95  2     70
  1469     97     98  2     72
  1469     98   1467  2     72
  1469   1467     99  2     72
  1597    100   1470  2     75
  1597   1470   1598  2     75
  1598   1470   1471  2     75
  1598   1471    102  2     75
  1471   1470    101  2     75
   105    103   1472  2     77
   105   1472    104  2     77
   108    106   1473  2     79
  1473    106    107  2     79
   111    109   1474  2     81
   111   1474    110  2     81
   114    112    113  2     83
   117    115    116  2     86
   120    118   1475  2     88
  1475    118    119  2     88
  1477    121   1476  2     90
  1477   1476    122  2     90
  1477    122    123  2     90
   126    124   1478  2     93
   126   1478   1479  2     93
  1479   1478    125  2     93
   129    127   1480  2     95
   129   1480    128  2     95
  1481    130    131  2     98
  1481    131    132  2     98
  1636    133   1484  2    101
  1636   1484    135  2    101
  1484    133   1482  2    101
  1484   1482   1483  2    101
  1483   1482    134  2    101
  1641    136   1486  2    103
  1641   1486   1642  2    103
  1642   1486   1485  2    103
  1642   1485    138  2    103
   138   1485    137  2    103
  1649    139    140  2    105
  1649    140   1487  2    105
  1649   1487   1650  2    105
  1650   1487    141  2    105
   144    142   1488  2    107
   144   1488   1489  2    107
  1489   1488    143  2    107
  1669    145   1491  2    110
  1669   1491    147  2    110
  1491    145    146  2    110
   150    148   1494  2    112
  1494    148   1492  2    112
  1494   1492   1493  2    112
  1493   1492    149  2    112
  1704    151   3364  2    114
  1704   3364   1501  2    114
  1704   1501    153  2    114
  1501   3364   1499  2    114
  1501   1499    152  2    114
  1499   3364   1500  2    114
  1500   3364    151  2    114
  1503    154   1502  2    116
  1503   1502    155  2    116
  1503    155    156  2    116
  1510    157   1504  2    119
  1510   1504   3365  2    119
  1510   3365   1509  2    119
  1509   3365   1505  2    119
  1509   1505    159  2    119
  1505   3365   1504  2    119
  1505   1504    158  2    119
   162    160   1506  2    121
   162   1506   1507  2    121
  1507   1506    161  2    121
  1718    163   1512  2    125
  1718   1512   1511  2    125
  1718   1511    165  2    125
   165   1511    164  2    125
  1517    166   1513  2    127
  1517   1513    168  2    127
  1513    166    167  2    127
  1515    169   1514  2    129
  1515   1514    171  2    129
   171   1514    170  2    129
  1720    172   1521  2    133
  1720   1521    174  2    133
  1521    172   1520  2    133
  1520    172   1518  2    133
  1520   1518   1519  2    133
  1519   1518    173  2    133
   177    175   1524  2    135
   177   1524   1526  2    135
  1526   1524   1523  2    135
  1526   1523   1525  2    135
  1525   1523   1522  2    135
  1525   1522    176  2    135
  1736    178   3366  2    137
  1736   3366   1531  2    137
  1736   1531    180  2    137
  1531   3366   1530  2    137
  1530   3366   1527  2    137
  1530   1527   1529  2    137
  1529   1527    179  2    137
  1527   3366   1528  2    137
  1528   3366    178  2    137
  1739    181   1534  2    139
  1739   1534   1533  2    139
  1739   1533   1740  2    139
  1740   1533   1532  2    139
  1740   1532    183  2    139
   183   1532    182  2    139
  1547    184   1545  2    141
  1547   1545    186  2    141
  1545    184    185  2    141
   189    187   1548  2    144
   189   1548    188  2    144
   192    190    191  2    146
  1549    193    194  2    149
  1549    194    195  2    149
   198    196   1550  2    152
   198   1550    197  2    152
  1766    199   1553  2    155
  1766   1553   1554  2    155
  1766   1554    201  2    155
  1553    199    200  2    155
  1781    202   1556  2    157
  1781   1556   1555  2    157
  1781   1555   1782  2    157
  1782   1555    203  2    157
  1782    203    204  2    157
  1566    205   1557  2    159
  1566   1557   1558  2    159
  1566   1558   1565  2    159
  1565   1558    207  2    159
  1557    205    206  2    159
  1784    208   1568  2    162
  1784   1568   3367  2    162
  1784   3367   1570  2    162
  1784   1570    210  2    162
  1570   3367   1569  2    162
  1569   3367   1567  2    162
  1569   1567    209  2    162
  1567   3367   1568  2    162
  1803    211   1572  2    164
  1803   1572   1804  2    164
  1804   1572   1571  2    164
  1804   1571    213  2    164
   213   1571    212  2    164
   216    214   1573  2    166
  1573    214    215  2    166
   219    217   1574  2    168
   219   1574    218  2    168
  1829    220   1575  2    170
  1829   1575   1576  2    170
  1829   1576    222  2    170
  1575    220    221  2    170
   225    223   1578  2    172
   225   1578   1580  2    172
  1580   1578   1577  2    172
  1580   1577   1579  2    172
  1579   1577    224  2    172
  1600    226   1582  2    174
  1600   1582   3368  2    174
  1600   3368   1599  2    174
  1599   3368   1583  2    174
  1599   1583    228  2    174
  1583   3368   1581  2    174
  1583   1581    227  2    174
  1581   3368   1582  2    174
   231    229   1584  2    176
   231   1584   1585  2    176
  1585   1584    230  2    176
  1593    232   1588  2    178
  1593   1588   1589  2    178
  1593   1589    234  2    178
  1588    232   1586  2    178
  1588   1586   1587  2    178
  1587   1586    233  2    178
   237    235   1596  2    181
  1596    235   1594  2    181
  1596   1594   1595  2    181
  1595   1594    236  2    181
  3352    238   1602  2    185
  3352   1602   3353  2    185
  3353   1602   1601  2    185
  3353   1601    240  2    185
   240   1601    239  2    185
   243    241    242  2    187
  3351    244   1603  2    190
  3351   1603   1604  2    190
  3351   1604   3350  2    190
  3350   1604   1605  2    190
  3350   1605    246  2    190
  1603    244    245  2    190
  1851    247   1608  2    192
  1851   1608   3369  2    192
  1851   3369   1852  2    192
  1852   3369    249  2    192
   249   3369   1609  2    192
  1609   3369   1606  2    192
  1609   1606    248  2    192
  1606   3369   1607  2    192
  1607   3369   1608  2    192
  1618    250   1613  2    194
  1618   1613    252  2    194
   252   1613    251  2    194
   255    253    254  2    196
   258    256    257  2    199
  1858    259   1619  2    203
  1858   1619    261  2    203
   261   1619    260  2    203
  1862    262    263  2    205
  1862    263   1622  2    205
  1862   1622    264  2    205
  1882    265   1623  2    207
  1882   1623   1624  2    207
  1882   1624    267  2    207
  1624   1623    266  2    207
  1631    268   1628  2    209
  1631   1628    269  2    209
  1631    269    270  2    209
  1633    271   1632  2    212
  1633   1632    273  2    212
   273   1632    272  2    212
   276    274   1634  2    215
   276   1634   1635  2    215
  1635   1634    275  2    215
  1886    277    278  2    218
  1886    278    279  2    218
  1644    280    281  2    220
  1644    281   1639  2    220
  1644   1639   1643  2    220
  1643   1639   1640  2    220
  1643   1640    282  2    220
  1654    283   1646  2    223
  1654   1646   3372  2    223
  1654   3372   1653  2    223
  1653   3372   3371  2    223
  1653   3371   1652  2    223
  1652   3371   3370  2    223
  1652   3370   1651  2    223
  1651   3370   1648  2    223
  1651   1648    285  2    223
  1648   3370   1647  2    223
  1647   3370   3371  2    223
  1647   3371    284  2    223
   284   3371   1645  2    223
  1645   3371   3372  2    223
  1645   3372   1646  2    223
  1906    286   1658  2    226
  1906   1658   1657  2    226
  1906   1657   1907  2    226
  1907   1657   3374  2    226
  1907   3374   1908  2    226
  1908   3374   3373  2    226
  1908   3373    288  2    226
   288   3373   1659  2    226
  1659   3373   1655  2    226
  1659   1655    287  2    226
  1655   3373   3374  2    226
  1655   3374   1656  2    226
  1656   3374   1657  2    226
  1918    289   1660  2    228
  1918   1660   3375  2    228
  1918   3375   1919  2    228
  1919   3375   1661  2    228
  1919   1661   1662  2    228
  1919   1662   1920  2    228
  1920   1662    291  2    228
  1661   3375    290  2    228
   290   3375   1660  2    228
   294    292   1664  2    230
   294   1664   1665  2    230
  1665   1664   1663  2    230
  1665   1663    293  2    230
  1928    295    296  2    233
  1928    296   1676  2    233
  1928   1676   1929  2    233
  1929   1676   1677  2    233
  1929   1677    297  2    233
  1941    298   1679  2    235
  1941   1679   3376  2    235
  1941   3376   1681  2    235
  1941   1681    300  2    235
  1681   3376   1680  2    235
  1680   3376   1678  2    235
  1680   1678    299  2    235
  1678   3376   1679  2    235
  1693    301   1687  2    237
  1693   1687   1686  2    237
  1693   1686   1692  2    237
  1692   1686    302  2    237
  1692    302    303  2    237
   306    304   1697  2    240
  1697    304   1695  2    240
  1697   1695   1696  2    240
  1696   1695   1694  2    240
  1696   1694    305  2    240
  1706    307   1699  2    242
  1706   1699   3377  2    242
  1706   3377   1705  2    242
  1705   3377   1700  2    242
  1705   1700    309  2    242
  1700   3377   1698  2    242
  1700   1698    308  2    242
  1698   3377   1699  2    242
   312    310   1710  2    245
  1710    310   1708  2    245
  1710   1708   1709  2    245
  1709   1708   1707  2    245
  1709   1707    311  2    245
  1722    313   1712  2    247
  1722   1712   1711  2    247
  1722   1711   1721  2    247
  1721   1711    314  2    247
  1721    314    315  2    247
  1719    316   1717  2    249
  1719   1717    318  2    249
  1717    316    317  2    249
  1963    319   3379  2    253
  1963   3379   3378  2    253
  1963   3378   1726  2    253
  1963   1726    321  2    253
  1726   3378   1725  2    253
  1725   3378   1723  2    253
  1725   1723    320  2    253
  1723   3378   1724  2    253
  1724   3378   3379  2    253
  1724   3379    319  2    253
  1965    322   1728  2    255
  1965   1728   3381  2    255
  1965   3381   3380  2    255
  1965   3380    324  2    255
   324   3380   1729  2    255
  1729   3380   3381  2    255
  1729   3381   1727  2    255
  1729   1727    323  2    255
  1727   3381   1728  2    255
   327    325   1730  2    257
   327   1730   1731  2    257
  1731   1730    326  2    257
  1733    328   1732  2    259
  1733   1732    329  2    259
  1733    329    330  2    259
   333    331   1734  2    262
   333   1734   1735  2    262
  1735   1734    332  2    262
  1742    334    335  2    265
  1742    335   1737  2    265
  1742   1737   1741  2    265
  1741   1737   1738  2    265
  1741   1738    336  2    265
   339    337   1746  2    268
  1746    337   1744  2    268
  1746   1744   1745  2    268
  1745   1744   1743  2    268
  1745   1743    338  2    268
   342    340   1748  2    270
   342   1748   1747  2    270
   342   1747   1749  2    270
  1749   1747    341  2    270
  1987    343   1750  2    272
  1987   1750    344  2    272
  1987    344    345  2    272
  1761    346    347  2    274
  1761    347    348  2    274
  1997    349   1762  2    277
  1997   1762   1763  2    277
  1997   1763    351  2    277
  1763   1762    350  2    277
   354    352   1765  2    279
  1765    352   1764  2    279
  1765   1764    353  2    279
  1789    355   1769  2    282
  1789   1769   1770  2    282
  1789   1770   1788  2    282
  1788   1770   1771  2    282
  1788   1771   1787  2    282
  1787   1771    357  2    282
  1769    355    356  2    282
  1786    358   1774  2    284
  1786   1774    360  2    284
   360   1774   1773  2    284
   360   1773   1776  2    284
  1776   1773   1772  2    284
  1776   1772   1775  2    284
  1775   1772    359  2    284
   363    361   1780  2    286
  1780    361   1778  2    286
  1780   1778   1779  2    286
  1779   1778   1777  2    286
  1779   1777    362  2    286
  1785    364   1783  2    289
  1785   1783    366  2    289
  1783    364    365  2    289
   369    367   1792  2    293
   369   1792   1795  2    293
  1795   1792   1791  2    293
  1795   1791   1794  2    293
  1794   1791   1790  2    293
  1794   1790   1793  2    293
  1793   1790    368  2    293
  2015    370   1798  2    295
  2015   1798   1797  2    295
  2015   1797   2016  2    295
  2016   1797   1796  2    295
  2016   1796   2017  2    295
  2017   1796    371  2    295
  2017    371    372  2    295
  1806    373   1801  2    297
  1806   1801   1802  2    297
  1806   1802   1805  2    297
  1805   1802    375  2    297
  1801    373    374  2    297
  1809    376   1808  2    300
  1809   1808   1807  2    300
  1809   1807    378  2    300
   378   1807    377  2    300
   381    379   1812  2    303
  1812    379   1810  2    303
  1812   1810   1811  2    303
  1811   1810    380  2    303
  2052    382   1814  2    305
  2052   1814   3383  2    305
  2052   3383   2053  2    305
  2053   3383   3382  2    305
  2053   3382    384  2    305
   384   3382   1815  2    305
  1815   3382   1813  2    305
  1815   1813    383  2    305
  1813   3382   3383  2    305
  1813   3383   1814  2    305
  2077    385   1816  2    307
  2077   1816   1817  2    307
  2077   1817    387  2    307
  1817   1816    386  2    307
   390    388   1818  2    309
   390   1818   1819  2    309
  1819   1818    389  2    309
  1825    391   1823  2    311
  1825   1823   1824  2    311
  1824   1823    392  2    311
  1824    392    393  2    311
  1830    394   1827  2    314
  1830   1827   3384  2    314
  1830   3384    396  2    314
   396   3384   1828  2    314
  1828   3384   1826  2    314
  1828   1826    395  2    314
  1826   3384   1827  2    314
   399    397   1834  2    317
   399   1834    398  2    317
   402    400    401  2    319
   405    403    404  2    321
   408    406    407  2    323
  2093    409   1847  2    326
  2093   1847    411  2    326
  1847    409    410  2    326
  1853    412   1848  2    328
  1853   1848   1850  2    328
  1853   1850    414  2    328
  1850   1848   1849  2    328
  1849   1848    413  2    328
   417    415   1854  2    331
   417   1854   1855  2    331
  1855   1854    416  2    331
   420    418   1856  2    333
   420   1856    419  2    333
   423    421   1857  2    335
  1857    421    422  2    335
  1863    424   1861  2    338
  1863   1861    426  2    338
  1861    424    425  2    338
  2109    427   1864  2    341
  2109   1864   1865  2    341
  2109   1865    429  2    341
  1865   1864    428  2    341
   432    430   1870  2    343
  1870    430   1869  2    343
  1870   1869    431  2    343
   435    433   1874  2    345
   435   1874    434  2    345
  3343    436    437  2    347
  3343    437    438  2    347
   441    439   1875  2    349
  1875    439    440  2    349
   444    442   1885  2    352
  1885    442    443  2    352
  3342    445   1889  2    355
  3342   1889    447  2    355
  1889    445    446  2    355
   450    448   1891  2    357
  1891    448   1890  2    357
  1891   1890    449  2    357
  2168    451   3355  2    359
  2168   3355   3356  2    359
  2168   3356   2169  2    359
  2169   3356    455  2    359
  2169    455    453  2    359
  3355    451   3354  2    359
  3354    451   1892  2    359
  3354   1892    454  2    359
   454   1892    452  2    359
  3389   3385   3390  2    361
  3385   3386   3390  2    361
  3390   3386   3391  2    361
  3386   3387   3391  2    361
  3388   3389   3392  2    361
  3392   3389   3393  2    361
  3389   3390   3393  2    361
  3393   3390   3394  2    361
  3390   3391   3394  2    361
  3392   3393   3395  2    361
  2203    456   3387  2    361
  2203   3387   3386  2    361
  2203   3386   2204  2    361
  2204   3386   3385  2    361
  2204   3385   2205  2    361
  2205   3385   3389  2    361
  2205   3389    458  2    361
   458   3389   3388  2    361
   458   3388   1894  2    361
  1894   3388   1893  2    361
  1893   3388   3392  2    361
  1893   3392   3395  2    361
  1893   3395    457  2    361
   457   3395    454  2    361
   454   3395   3354  2    361
  3354   3395   3393  2    361
  3354   3393   3394  2    361
  3354   3394   3355  2    361
  3355   3394   3391  2    361
  3355   3391   3356  2    361
  3356   3391   3387  2    361
  3356   3387    455  2    361
   455   3387    456  2    361
  2212    459   3396  2    364
  2212   3396   2213  2    364
  2213   3396   1899  2    364
  2213   1899    461  2    364
  1899   3396   1898  2    364
  1898   3396   3397  2    364
  1898   3397   1897  2    364
  1897   3397   1895  2    364
  1897   1895    460  2    364
  1895   3397   1896  2    364
  1896   3397   3396  2    364
  1896   3396    459  2    364
   464    462   1905  2    366
  1905    462   1902  2    366
  1905   1902   1904  2    366
  1904   1902   1901  2    366
  1904   1901   1903  2    366
  1903   1901   1900  2    366
  1903   1900    463  2    366
  2230    465   1911  2    369
  2230   1911   1912  2    369
  2230   1912   2231  2    369
  2231   1912    467  2    369
  1911    465    466  2    369
  1921    468   1914  2    371
  1921   1914   1917  2    371
  1921   1917    470  2    371
  1917   1914   1916  2    371
  1916   1914   1913  2    371
  1916   1913   1915  2    371
  1915   1913    469  2    371
  1930    471   1926  2    374
  1930   1926   1927  2    374
  1930   1927    473  2    374
  1926    471   1925  2    374
  1926   1925    472  2    374
  2235    474   1931  2    377
  2235   1931    476  2    377
   476   1931    475  2    377
   479    477    478  2    379
   482    480   1940  2    381
  1940    480    481  2    381
   485    483    484  2    384
   488    486    487  2    387
  1960    489    490  2    389
  1960    490    491  2    389
   494    492   1962  2    392
  1962    492   1961  2    392
  1962   1961    493  2    392
  1966    495   1964  2    395
  1966   1964    497  2    395
  1964    495    496  2    395
  3399   3400   3401  2    398
  3401   3400   3402  2    398
  2267    498   3402  2    398
  2267   3402   3400  2    398
  2267   3400   2268  2    398
  2268   3400   3398  2    398
  2268   3398   2269  2    398
  2269   3398   1970  2    398
  2269   1970    500  2    398
  1970   3398   1969  2    398
  1969   3398   3399  2    398
  1969   3399   1968  2    398
  1968   3399   3401  2    398
  1968   3401    499  2    398
   499   3401   1967  2    398
  1967   3401   3402  2    398
  1967   3402    498  2    398
  3399   3398   3400  2    398
  2274    501   1973  2    400
  2274   1973   1972  2    400
  2274   1972   2275  2    400
  2275   1972   3403  2    400
  2275   3403    503  2    400
   503   3403   1974  2    400
  1974   3403   1971  2    400
  1974   1971    502  2    400
  1971   3403   1972  2    400
  1978    504   1975  2    402
  1978   1975    505  2    402
  1978    505    506  2    402
  1982    507   1979  2    405
  1982   1979    509  2    405
   509   1979    508  2    405
  2304    510   1983  2    408
  2304   1983    511  2    408
  2304    511    512  2    408
  1984    513    514  2    410
  1984    514    515  2    410
  2306    516   1985  2    413
  2306   1985    517  2    413
  2306    517    518  2    413
  1988    519   1986  2    415
  1988   1986    521  2    415
  1986    519    520  2    415
   524    522   1993  2    418
  1993    522   1992  2    418
  1993   1992    523  2    418
  2308    525    526  2    421
  2308    526    527  2    421
   530    528    529  2    423
   533    531    532  2    425
   536    534    535  2    427
  2335    537    538  2    430
  2335    538   2004  2    430
  2335   2004   2336  2    430
  2336   2004   2005  2    430
  2336   2005    539  2    430
   542    540   2007  2    432
   542   2007   2009  2    432
  2009   2007   2006  2    432
  2009   2006   2008  2    432
  2008   2006    541  2    432
  3406   3404   3407  2    434
  3404   3405   3407  2    434
  3407   3405   3408  2    434
  3406   3407   3409  2    434
  3409   3407   3410  2    434
  3407   3408   3410  2    434
  2021    543   2011  2    434
  2021   2011   3405  2    434
  2021   3405   3404  2    434
  2021   3404   2020  2    434
  2020   3404   3406  2    434
  2020   3406   2019  2    434
  2019   3406   2018  2    434
  2018   3406   3409  2    434
  2018   3409   2014  2    434
  2018   2014    545  2    434
  2014   3409   2013  2    434
  2013   3409   3410  2    434
  2013   3410   2012  2    434
  2012   3410   3408  2    434
  2012   3408    544  2    434
   544   3408   2010  2    434
  2010   3408   3405  2    434
  2010   3405   2011  2    434
   548    546   2029  2    437
  2029    546   3411  2    437
  2029   3411   2028  2    437
  2028   3411   3412  2    437
  2028   3412   2027  2    437
  2027   3412   2023  2    437
  2027   2023   2026  2    437
  2026   2023   2022  2    437
  2026   2022    547  2    437
  2023   3412   2024  2    437
  2024   3412   3411  2    437
  2024   3411   2025  2    437
  2025   3411    546  2    437
  3413   3414   3415  2    439
  2363    549   2033  2    439
  2363   2033   3414  2    439
  2363   3414   3413  2    439
  2363   3413   2364  2    439
  2364   3413    551  2    439
   551   3413   3415  2    439
   551   3415   2035  2    439
  2035   3415   3416  2    439
  2035   3416   2034  2    439
  2034   3416   2030  2    439
  2034   2030    550  2    439
  2030   3416   2031  2    439
  2031   3416   3415  2    439
  2031   3415   3414  2    439
  2031   3414   2032  2    439
  2032   3414   2033  2    439
  2369    552   2037  2    441
  2369   2037   2370  2    441
  2370   2037   2036  2    441
  2370   2036    554  2    441
   554   2036    553  2    441
  2055    555   2042  2    443
  2055   2042   2043  2    443
  2055   2043   2054  2    443
  2054   2043    557  2    443
  2042    555    556  2    443
  2051    558   2045  2    445
  2051   2045   2044  2    445
  2051   2044   2050  2    445
  2050   2044    559  2    445
  2050    559    560  2    445
  3253    561   2061  2    449
  3253   2061   2060  2    449
  3253   2060    563  2    449
   563   2060    562  2    449
   566    564    565  2    451
  3264    567    568  2    453
  3264    568   2064  2    453
  3264   2064   3265  2    453
  3265   2064   2065  2    453
  3265   2065    569  2    453
  3339    570   3417  2    455
  3339   3417   2073  2    455
  3339   2073    572  2    455
  2073   3417   2072  2    455
  2072   3417   2070  2    455
  2072   2070    571  2    455
  2070   3417   2071  2    455
  2071   3417    570  2    455
   575    573   2075  2    457
   575   2075   2076  2    457
  2076   2075   2074  2    457
  2076   2074    574  2    457
  3328    576    577  2    460
  3328    577    578  2    460
   581    579    580  2    462
   584    582    583  2    465
   587    585    586  2    467
   590    588    589  2    470
   593    591    592  2    472
   596    594   2092  2    474
  2092    594    595  2    474
   599    597    598  2    478
  3303    600    601  2    480
  3303    601    602  2    480
   605    603    604  2    482
  2104    606    607  2    484
  2104    607    608  2    484
   611    609   2106  2    487
  2106    609   2105  2    487
  2106   2105    610  2    487
   614    612   2107  2    489
   614   2107   2108  2    489
  2108   2107    613  2    489
   617    615    616  2    493
  3305    618    619  2    496
  3305    619    620  2    496
  3309    621    622  2    498
  3309    622   2132  2    498
  3309   2132    623  2    498
  3327    624   2139  2    500
  3327   2139    625  2    500
  3327    625   2140  2    500
  3327   2140    626  2    500
  3326    627   2153  2    502
  3326   2153    628  2    502
  3326    628   2154  2    502
  3326   2154    629  2    502
   632    630   2155  2    504
   632   2155   2156  2    504
  2156   2155    631  2    504
   635    633   2157  2    506
   635   2157    634  2    506
  2158    636    637  2    508
  2158    637    638  2    508
  2170    639   2161  2    511
  2170   2161   2162  2    511
  2170   2162    641  2    511
  2161    639   2160  2    511
  2160    639   2159  2    511
  2160   2159    640  2    511
  2167    642   2165  2    513
  2167   2165   2164  2    513
  2167   2164   2166  2    513
  2166   2164   2163  2    513
  2166   2163    644  2    513
   644   2163    643  2    513
   647    645   2171  2    517
   647   2171    646  2    517
  3267    648   2186  2    519
  3267   2186   2187  2    519
  3267   2187   3266  2    519
  3266   2187   2188  2    519
  3266   2188    650  2    519
  2186    648    649  2    519
  3418   3419   3424  2    521
  3419   3420   3424  2    521
  3420   3421   3424  2    521
  3421   3422   3424  2    521
  3422   3423   3424  2    521
  3423   3418   3424  2    521
  3263    651   3419  2    521
  3263   3419   3418  2    521
  3263   3418   3262  2    521
  3262   3418   3423  2    521
  3262   3423   2195  2    521
  3262   2195    653  2    521
  2195   3423   2194  2    521
  2194   3423   3422  2    521
  2194   3422   2193  2    521
  2193   3422   3421  2    521
  2193   3421   2192  2    521
  2192   3421   2189  2    521
  2192   2189    652  2    521
  2189   3421   3420  2    521
  2189   3420   2190  2    521
  2190   3420   2191  2    521
  2191   3420   3419  2    521
  2191   3419    651  2    521
   656    654   2199  2    523
   656   2199   2202  2    523
  2202   2199   2198  2    523
  2202   2198   2201  2    523
  2201   2198   2197  2    523
  2201   2197   2200  2    523
  2200   2197   2196  2    523
  2200   2196    655  2    523
  3260    657   2206  2    526
  3260   2206   2207  2    526
  3260   2207   3261  2    526
  3261   2207    659  2    526
  2206    657    658  2    526
   662    660   2209  2    528
   662   2209   2211  2    528
  2211   2209   2208  2    528
  2211   2208   2210  2    528
  2210   2208    661  2    528
  3247    663    664  2    531
  3247    664    665  2    531
   668    666    667  2    533
  2376    669   2220  2    535
  2376   2220   2221  2    535
  2376   2221    671  2    535
  2220    669    670  2    535
   674    672   2223  2    537
   674   2223   2225  2    537
  2225   2223   2222  2    537
  2225   2222   2224  2    537
  2224   2222    673  2    537
   677    675   2227  2    539
   677   2227   2229  2    539
  2229   2227   2226  2    539
  2229   2226   2228  2    539
  2228   2226    676  2    539
  2388    678   2232  2    542
  2388   2232    680  2    542
  2232    678    679  2    542
   683    681   2233  2    544
   683   2233   2234  2    544
  2234   2233    682  2    544
  2392    684    685  2    547
  2392    685   2244  2    547
  2392   2244    686  2    547
   689    687   2245  2    549
   689   2245   2246  2    549
  2246   2245    688  2    549
   692    690   2247  2    551
   692   2247    691  2    551
   695    693    694  2    553
   698    696    697  2    555
   701    699    700  2    558
  2417    702   2256  2    561
  2417   2256   2257  2    561
  2417   2257   2418  2    561
  2418   2257   2258  2    561
  2418   2258   2419  2    561
  2419   2258   2259  2    561
  2419   2259    704  2    561
  2256    702    703  2    561
   707    705   2263  2    563
   707   2263   2266  2    563
  2266   2263   2262  2    563
  2266   2262   2265  2    563
  2265   2262   2261  2    563
  2265   2261   2264  2    563
  2264   2261   2260  2    563
  2264   2260    706  2    563
  2277    708    709  2    566
  2277    709   2272  2    566
  2277   2272   2276  2    566
  2276   2272   2273  2    566
  2276   2273    710  2    566
   713    711   2286  2    569
  2286    711   2283  2    569
  2286   2283   2285  2    569
  2285   2283   2282  2    569
  2285   2282   2284  2    569
  2284   2282    712  2    569
   716    714   2289  2    571
   716   2289   2292  2    571
  2292   2289   2288  2    571
  2292   2288   2291  2    571
  2291   2288   2287  2    571
  2291   2287   2290  2    571
  2290   2287    715  2    571
  2452    717   2295  2    573
  2452   2295   2294  2    573
  2452   2294   2453  2    573
  2453   2294   2293  2    573
  2453   2293    719  2    573
   719   2293    718  2    573
   722    720   2296  2    575
  2296    720    721  2    575
   725    723   2297  2    577
   725   2297    724  2    577
  2309    726   2298  2    579
  2309   2298    728  2    579
  2298    726    727  2    579
   731    729   2300  2    581
  2300    729   2299  2    581
  2300   2299    730  2    581
  2307    732   2305  2    584
  2307   2305    734  2    584
  2305    732    733  2    584
   737    735   2312  2    588
  2312    735   2311  2    588
  2311    735   2310  2    588
  2311   2310    736  2    588
  2322    738   2318  2    590
  2322   2318   2317  2    590
  2322   2317   2321  2    590
  2321   2317    739  2    590
  2321    739    740  2    590
  2327    741   2324  2    593
  2327   2324   2326  2    593
  2326   2324   2323  2    593
  2326   2323   2325  2    593
  2325   2323    742  2    593
  2325    742    743  2    593
  3246    744   2330  2    596
  3246   2330   2329  2    596
  3246   2329    746  2    596
   746   2329   2328  2    596
   746   2328   2331  2    596
  2331   2328    745  2    596
  2337    747   2334  2    598
  2337   2334    749  2    598
  2334    747   2333  2    598
  2333    747   2332  2    598
  2333   2332    748  2    598
  3245    750   2338  2    601
  3245   2338   2339  2    601
  3245   2339    752  2    601
  2339   2338    751  2    601
  2345    753   2340  2    603
  2345   2340    755  2    603
   755   2340    754  2    603
  2470    756   2346  2    606
  2470   2346   3426  2    606
  2470   3426   2471  2    606
  2471   3426   3425  2    606
  2471   3425   2472  2    606
  2472   3425   2348  2    606
  2472   2348    758  2    606
  2348   3425   2347  2    606
  2347   3425   3426  2    606
  2347   3426    757  2    606
   757   3426   2346  2    606
  2495    759   2350  2    608
  2495   2350   2496  2    608
  2496   2350   2349  2    608
  2496   2349    761  2    608
   761   2349    760  2    608
   764    762    763  2    610
   767    765    766  2    612
  2505    768    769  2    615
  2505    769   2353  2    615
  2505   2353   2506  2    615
  2506   2353   2354  2    615
  2506   2354    770  2    615
  2528    771   2356  2    617
  2528   2356    773  2    617
   773   2356   2355  2    617
   773   2355   2357  2    617
  2357   2355    772  2    617
  3244    774   2358  2    619
  3244   2358    775  2    619
  3244    775    776  2    619
   779    777    778  2    621
  2365    780   2361  2    623
  2365   2361   2362  2    623
  2365   2362    782  2    623
  2361    780    781  2    623
  2378    783   2366  2    626
  2378   2366   2377  2    626
  2377   2366    784  2    626
  2377    784    785  2    626
  2372    786    787  2    628
  2372    787   2367  2    628
  2372   2367   2371  2    628
  2371   2367   2368  2    628
  2371   2368    788  2    628
  2375    789   2374  2    631
  2375   2374   2373  2    631
  2375   2373    791  2    631
   791   2373    790  2    631
   794    792   2382  2    635
  2382    792   2380  2    635
  2382   2380   2381  2    635
  2381   2380   2379  2    635
  2381   2379    793  2    635
  2389    795   2384  2    637
  2389   2384   3427  2    637
  2389   3427    797  2    637
   797   3427   2385  2    637
  2385   3427   2383  2    637
  2385   2383    796  2    637
  2383   3427   2384  2    637
  2387    798   2386  2    639
  2387   2386    800  2    639
   800   2386    799  2    639
   803    801   2391  2    643
  2391    801   2390  2    643
  2391   2390    802  2    643
  3243    804   2393  2    646
  3243   2393    806  2    646
  2393    804    805  2    646
  2537    807   2394  2    648
  2537   2394    809  2    648
   809   2394    808  2    648
   812    810   2395  2    650
  2395    810    811  2    650
   815    813   2396  2    652
   815   2396    814  2    652
  2399    816    817  2    655
  2399    817    818  2    655
  2401    819   2400  2    658
  2401   2400    820  2    658
  2401    820    821  2    658
  2550    822   3429  2    661
  2550   3429   3428  2    661
  2550   3428   2551  2    661
  2551   3428   2408  2    661
  2551   2408   2409  2    661
  2551   2409    824  2    661
  2408   3428   2407  2    661
  2407   3428   3429  2    661
  2407   3429   2406  2    661
  2406   3429   2405  2    661
  2406   2405    823  2    661
  2405   3429    822  2    661
   827    825   2413  2    663
   827   2413   2416  2    663
  2416   2413   2412  2    663
  2416   2412   2415  2    663
  2415   2412   2411  2    663
  2415   2411   2414  2    663
  2414   2411   2410  2    663
  2414   2410    826  2    663
   830    828    829  2    666
   833    831    832  2    668
  2561    834    835  2    671
  2561    835    836  2    671
   839    837    838  2    673
   842    840    841  2    675
   845    843    844  2    677
  2457    846    847  2    680
  2457    847   2444  2    680
  2457   2444   2456  2    680
  2456   2444   2445  2    680
  2456   2445   2455  2    680
  2455   2445   2446  2    680
  2455   2446   2454  2    680
  2454   2446    848  2    680
   851    849   2449  2    682
   851   2449   2451  2    682
  2451   2449   2448  2    682
  2451   2448   2450  2    682
  2450   2448   2447  2    682
  2450   2447    850  2    682
  3430   3431   3432  2    686
  3432   3431   3433  2    686
  3434   3432   3435  2    686
  3432   3433   3435  2    686
  3434   3435   3436  2    686
  2474    852   3431  2    686
  2474   3431   2473  2    686
  2473   3431   3430  2    686
  2473   3430    854  2    686
   854   3430   2464  2    686
  2464   3430   3432  2    686
  2464   3432   2463  2    686
  2463   3432   3434  2    686
  2463   3434   2462  2    686
  2462   3434   3436  2    686
  2462   3436    853  2    686
   853   3436   2458  2    686
  2458   3436   2459  2    686
  2459   3436   3435  2    686
  2459   3435   2460  2    686
  2460   3435   3433  2    686
  2460   3433   2461  2    686
  2461   3433   3431  2    686
  2461   3431    852  2    686
  2624    855   3437  2    689
  2624   3437    857  2    689
   857   3437   2478  2    689
  2478   3437   2477  2    689
  2477   3437   2475  2    689
  2477   2475    856  2    689
  2475   3437   2476  2    689
  2476   3437    855  2    689
   860    858   2486  2    691
  2486    858   2484  2    691
  2486   2484   2485  2    691
  2485   2484   2483  2    691
  2485   2483    859  2    691
  2637    861   2488  2    693
  2637   2488   2638  2    693
  2638   2488   2487  2    693
  2638   2487    863  2    693
   863   2487    862  2    693
  2497    864   2493  2    695
  2497   2493   2494  2    695
  2497   2494    866  2    695
  2493    864    865  2    695
  2500    867   2498  2    698
  2500   2498   2499  2    698
  2499   2498    868  2    698
  2499    868    869  2    698
   872    870   2504  2    701
  2504    870   2502  2    701
  2504   2502   2503  2    701
  2503   2502   2501  2    701
  2503   2501    871  2    701
  2647    873   3357  2    704
  2647   3357   3358  2    704
  2647   3358   2648  2    704
  2648   3358   2649  2    704
  2649   3358   3359  2    704
  2649   3359   2650  2    704
  2650   3359    877  2    704
  2650    877    875  2    704
  3357    873    876  2    704
   876    873    874  2    704
  2674    878    877  2    706
  2674    877   3359  2    706
  2674   3359   2675  2    706
  2675   3359   3358  2    706
  2675   3358    880  2    706
   880   3358   3357  2    706
   880   3357   2513  2    706
  2513   3357    876  2    706
  2513    876    879  2    706
   883    881   2519  2    709
  2519    881   2517  2    709
  2519   2517   2518  2    709
  2518   2517    882  2    709
   886    884   2521  2    711
   886   2521   2522  2    711
  2522   2521   2520  2    711
  2522   2520    885  2    711
  2529    887   2523  2    713
  2529   2523   3438  2    713
  2529   3438    889  2    713
   889   3438   2524  2    713
  2524   3438    888  2    713
   888   3438   2523  2    713
  2539    890   2533  2    716
  2539   2533   2538  2    716
  2538   2533   2534  2    716
  2538   2534    892  2    716
  2534   2533    891  2    716
   895    893   2535  2    718
   895   2535   2536  2    718
  2536   2535    894  2    718
   898    896   2541  2    722
   898   2541   2543  2    722
  2543   2541   2540  2    722
  2543   2540   2542  2    722
  2542   2540    897  2    722
  2715    899   2545  2    724
  2715   2545   2544  2    724
  2715   2544    901  2    724
   901   2544    900  2    724
  2719    902   2546  2    726
  2719   2546    904  2    726
  2546    902    903  2    726
   907    905   2549  2    728
  2549    905   2547  2    728
  2549   2547   2548  2    728
  2548   2547    906  2    728
   910    908    909  2    731
   913    911    912  2    733
   916    914    915  2    735
  2554    917    918  2    737
  2554    918    919  2    737
  2721    920   2576  2    742
  2721   2576    922  2    742
  2576    920    921  2    742
   925    923   2577  2    744
   925   2577   2578  2    744
  2578   2577    924  2    744
  2734    926   2581  2    746
  2734   2581   2582  2    746
  2734   2582   2735  2    746
  2735   2582    928  2    746
  2581    926   2580  2    746
  2580    926   2579  2    746
  2580   2579    927  2    746
   931    929   2585  2    748
   931   2585   2587  2    748
  2587   2585   2584  2    748
  2587   2584   2586  2    748
  2586   2584   2583  2    748
  2586   2583    930  2    748
   934    932   2592  2    750
  2592    932   2589  2    750
  2592   2589   2591  2    750
  2591   2589   2588  2    750
  2591   2588   2590  2    750
  2590   2588    933  2    750
  2744    935   2595  2    752
  2744   2595   2594  2    752
  2744   2594   2745  2    752
  2745   2594   2593  2    752
  2745   2593    937  2    752
   937   2593    936  2    752
  2774    938    939  2    754
  2774    939   2608  2    754
  2774   2608   2775  2    754
  2775   2608   2609  2    754
  2775   2609   2776  2    754
  2776   2609    940  2    754
   943    941   2613  2    756
  2613    941   2611  2    756
  2613   2611   2612  2    756
  2612   2611   2610  2    756
  2612   2610    942  2    756
  2617    944   2615  2    758
  2617   2615   2616  2    758
  2616   2615   2614  2    758
  2616   2614    946  2    758
   946   2614    945  2    758
   949    947   2619  2    761
   949   2619   2620  2    761
  2620   2619   2618  2    761
  2620   2618    948  2    761
   952    950    951  2    764
  2818    953    954  2    767
  2818    954   2819  2    767
  2819    954   2631  2    767
  2819   2631    955  2    767
   958    956   2633  2    769
  2633    956   2632  2    769
  2633   2632    957  2    769
  2655    959   2634  2    771
  2655   2634    961  2    771
   961   2634    960  2    771
  2640    962    963  2    773
  2640    963   2635  2    773
  2640   2635   2639  2    773
  2639   2635   2636  2    773
  2639   2636    964  2    773
  2651    965   2646  2    776
  2651   2646    967  2    776
  2646    965   2645  2    776
  2645    965   2642  2    776
  2645   2642   2644  2    776
  2644   2642   2641  2    776
  2644   2641   2643  2    776
  2643   2641    966  2    776
  2829    968   2662  2    780
  2829   2662    970  2    780
  2662    968    969  2    780
   973    971   2670  2    782
  2670    971   2669  2    782
  2670   2669    972  2    782
  2677    974   2671  2    784
  2677   2671   3439  2    784
  2677   3439   2676  2    784
  2676   3439   2673  2    784
  2676   2673    976  2    784
  2673   3439   2672  2    784
  2672   3439    975  2    784
   975   3439   2671  2    784
  2681    977   2679  2    787
  2681   2679   2678  2    787
  2681   2678   2680  2    787
  2680   2678    978  2    787
  2680    978    979  2    787
   982    980   2685  2    790
  2685    980   2683  2    790
  2685   2683   2684  2    790
  2684   2683   2682  2    790
  2684   2682    981  2    790
   985    983   2690  2    792
  2690    983   2687  2    792
  2690   2687   2689  2    792
  2689   2687   2686  2    792
  2689   2686   2688  2    792
  2688   2686    984  2    792
  2697    986   2693  2    794
  2697   2693   2692  2    794
  2697   2692   2696  2    794
  2696   2692   2691  2    794
  2696   2691    988  2    794
   988   2691    987  2    794
   991    989   2699  2    797
   991   2699   2701  2    797
  2701   2699   2698  2    797
  2701   2698   2700  2    797
  2700   2698    990  2    797
   994    992   2706  2    799
  2706    992   2703  2    799
  2706   2703   2705  2    799
  2705   2703   2702  2    799
  2705   2702   2704  2    799
  2704   2702    993  2    799
  3241    995   2709  2    801
  3241   2709   2708  2    801
  3241   2708   3242  2    801
  3242   2708   2707  2    801
  3242   2707    997  2    801
   997   2707    996  2    801
  1000    998    999  2    803
  2710   1001   1002  2    805
  2710   1002   1003  2    805
  2720   1004   2711  2    808
  2720   2711   2712  2    808
  2720   2712   1006  2    808
  2712   2711   1005  2    808
  2716   1007   3440  2    810
  2716   3440   1009  2    810
  1009   3440   2714  2    810
  2714   3440   2713  2    810
  2714   2713   1008  2    810
  2713   3440   1007  2    810
  1012   1010   2717  2    813
  1012   2717   2718  2    813
  2718   2717   1011  2    813
  3240   1013   2722  2    818
  3240   2722   2723  2    818
  3240   2723   3239  2    818
  3239   2723   2724  2    818
  3239   2724   1015  2    818
  2722   1013   1014  2    818
  1018   1016   2727  2    820
  1018   2727   3441  2    820
  1018   3441   2729  2    820
  2729   3441   2728  2    820
  2728   3441   2725  2    820
  2728   2725   1017  2    820
  2725   3441   2726  2    820
  2726   3441   2727  2    820
  2733   1019   2731  2    822
  2733   2731   2732  2    822
  2732   2731   2730  2    822
  2732   2730   1021  2    822
  1021   2730   1020  2    822
  2858   1022   1023  2    826
  2858   1023   1024  2    826
  1027   1025   1026  2    828
  1030   1028   1029  2    830
  1033   1031   1032  2    834
  1036   1034   1035  2    836
  2748   1037   1038  2    838
  2748   1038   2742  2    838
  2748   2742   2747  2    838
  2747   2742   2743  2    838
  2747   2743   2746  2    838
  2746   2743   1039  2    838
  1042   1040   2751  2    841
  1042   2751   2754  2    841
  2754   2751   2750  2    841
  2754   2750   2753  2    841
  2753   2750   2749  2    841
  2753   2749   2752  2    841
  2752   2749   1041  2    841
  2920   1043   2762  2    843
  2920   2762   3442  2    843
  2920   3442   1045  2    843
  1045   3442   2764  2    843
  2764   3442   2763  2    843
  2763   3442   2761  2    843
  2763   2761   2760  2    843
  2763   2760   1044  2    843
  2761   3442   2762  2    843
  3238   1046   2766  2    845
  3238   2766   3443  2    845
  3238   3443   1048  2    845
  1048   3443   2767  2    845
  2767   3443   2765  2    845
  2767   2765   1047  2    845
  2765   3443   2766  2    845
  1051   1049   2768  2    847
  1051   2768   2769  2    847
  2769   2768   1050  2    847
  1054   1052   2773  2    849
  2773   1052   2772  2    849
  2772   1052   2770  2    849
  2772   2770   2771  2    849
  2771   2770   1053  2    849
  1057   1055   2777  2    852
  2777   1055   1056  2    852
  3237   1058   2780  2    854
  3237   2780   2781  2    854
  3237   2781   1060  2    854
  2780   1058   2779  2    854
  2779   1058   2778  2    854
  2779   2778   1059  2    854
  1063   1061   2787  2    856
  2787   1061   2784  2    856
  2787   2784   2786  2    856
  2786   2784   2783  2    856
  2786   2783   2785  2    856
  2785   2783   2782  2    856
  2785   2782   1062  2    856
  2941   1064   2790  2    858
  2941   2790   2789  2    858
  2941   2789   3444  2    858
  2941   3444   2942  2    858
  2942   3444   1066  2    858
  1066   3444   2791  2    858
  2791   3444   2788  2    858
  2791   2788   1065  2    858
  2788   3444   2789  2    858
  2944   1067   2794  2    860
  2944   2794   2795  2    860
  2944   2795   1069  2    860
  2794   1067   2792  2    860
  2794   2792   2793  2    860
  2793   2792   1068  2    860
  2812   1070   2803  2    862
  2812   2803   2802  2    862
  2812   2802   2811  2    862
  2811   2802   2801  2    862
  2811   2801   2810  2    862
  2810   2801   1071  2    862
  2810   1071   1072  2    862
  1075   1073   2815  2    865
  1075   2815   2817  2    865
  2817   2815   2814  2    865
  2817   2814   2816  2    865
  2816   2814   2813  2    865
  2816   2813   1074  2    865
  2831   1076   1077  2    868
  2831   1077   2830  2    868
  2830   1077   2828  2    868
  2830   2828   1078  2    868
  3445   3446   3447  2    871
  3447   3446   3448  2    871
  1163   1079   2833  2    871
  1163   2833   3448  2    871
  1163   3448   3360  2    871
  3360   3448   3446  2    871
  3360   3446   1164  2    871
  1164   3446   3445  2    871
  1164   3445   2835  2    871
  1164   2835   1081  2    871
  2835   3445   2834  2    871
  2834   3445   3447  2    871
  2834   3447   1080  2    871
  1080   3447   2832  2    871
  2832   3447   3448  2    871
  2832   3448   2833  2    871
  1084   1082   2837  2    873
  1084   2837   2839  2    873
  2839   2837   2836  2    873
  2839   2836   2838  2    873
  2838   2836   1083  2    873
  3009   1085   2841  2    875
  3009   2841   2840  2    875
  3009   2840   3010  2    875
  3010   2840   1086  2    875
  3010   1086   1087  2    875
  3018   1088   1089  2    877
  3018   1089   2848  2    877
  3018   2848   1090  2    877
  1093   1091   2849  2    879
  1093   2849   1092  2    879
  1096   1094   1095  2    881
  1099   1097   1098  2    883
  3032   1100   1101  2    886
  3032   1101   1102  2    886
  1105   1103   2850  2    888
  2850   1103   1104  2    888
  2852   1106   2851  2    890
  2852   2851   1108  2    890
  1108   2851   1107  2    890
  1111   1109   1110  2    892
  3062   1112   2856  2    896
  3062   2856   1113  2    896
  3062   1113   1114  2    896
  2859   1115   1116  2    898
  2859   1116   2857  2    898
  2859   2857   1117  2    898
  3064   1118   2863  2    901
  3064   2863   1119  2    901
  3064   1119   1120  2    901
  3083   1121   1122  2    903
  3083   1122   2872  2    903
  3083   2872   3084  2    903
  3084   2872   2873  2    903
  3084   2873   1123  2    903
  2885   1124   2875  2    905
  2885   2875   2884  2    905
  2884   2875   2874  2    905
  2884   2874   1126  2    905
  1126   2874   1125  2    905
  3092   1127   2887  2    908
  3092   2887   3093  2    908
  3093   2887   2886  2    908
  3093   2886   3449  2    908
  3093   3449   3094  2    908
  3094   3449   2888  2    908
  3094   2888   1129  2    908
  2888   3449   1128  2    908
  1128   3449   2886  2    908
  1132   1130   2892  2    910
  1132   2892   1131  2    910
  3097   1133   1134  2    913
  3097   1134   2899  2    913
  3097   2899   3098  2    913
  3098   2899   2900  2    913
  3098   2900   1135  2    913
  3102   1136   2902  2    915
  3102   2902   3450  2    915
  3102   3450   1138  2    915
  1138   3450   2904  2    915
  2904   3450   2903  2    915
  2903   3450   2901  2    915
  2903   2901   1137  2    915
  2901   3450   2902  2    915
  2914   1139   2906  2    917
  2914   2906   2905  2    917
  2914   2905   2913  2    917
  2913   2905   1140  2    917
  2913   1140   1141  2    917
  2922   1142   2916  2    920
  2922   2916   2921  2    920
  2921   2916   3451  2    920
  2921   3451   1144  2    920
  1144   3451   2917  2    920
  2917   3451   1143  2    920
  1143   3451   2915  2    920
  2915   3451   2916  2    920
  1147   1145   2919  2    922
  2919   1145   2918  2    922
  2919   2918   1146  2    922
  1150   1148   3452  2    926
  1150   3452   2930  2    926
  2930   3452   2927  2    926
  2930   2927   2929  2    926
  2929   2927   1149  2    926
  2927   3452   2928  2    926
  2928   3452   1148  2    926
  3456   3453   3457  2    928
  3457   3453   3458  2    928
  3453   3454   3458  2    928
  2947   1151   3454  2    928
  2947   3454   3453  2    928
  2947   3453   2946  2    928
  2946   3453   3456  2    928
  2946   3456   2945  2    928
  2945   3456   3455  2    928
  2945   3455   1153  2    928
  1153   3455   2935  2    928
  2935   3455   3456  2    928
  2935   3456   2934  2    928
  2934   3456   3457  2    928
  2934   3457   2933  2    928
  2933   3457   3458  2    928
  2933   3458   2931  2    928
  2933   2931   1152  2    928
  2931   3458   2932  2    928
  2932   3458   3454  2    928
  2932   3454   1151  2    928
  2943   1154   3459  2    930
  2943   3459   3460  2    930
  2943   3460   1156  2    930
  1156   3460   2940  2    930
  2940   3460   2937  2    930
  2940   2937   2939  2    930
  2939   2937   2936  2    930
  2939   2936   1155  2    930
  2937   3460   2938  2    930
  2938   3460   3459  2    930
  2938   3459   1154  2    930
  1159   1157   2950  2    934
  1159   2950   2953  2    934
  2953   2950   2949  2    934
  2953   2949   2952  2    934
  2952   2949   2948  2    934
  2952   2948   2951  2    934
  2951   2948   1158  2    934
  3464   3462   3465  2    936
  3462   3463   3465  2    936
  3466   3464   3467  2    936
  3464   3465   3467  2    936
  2958   1160   3463  2    936
  2958   3463   2957  2    936
  2957   3463   3461  2    936
  2957   3461   1162  2    936
  1162   3461   1164  2    936
  1164   3461   3462  2    936
  1164   3462   3360  2    936
  3360   3462   3464  2    936
  3360   3464   3466  2    936
  3360   3466   1163  2    936
  1163   3466   1161  2    936
  1161   3466   2954  2    936
  2954   3466   3467  2    936
  2954   3467   2955  2    936
  2955   3467   3465  2    936
  2955   3465   2956  2    936
  2956   3465   3463  2    936
  2956   3463   1160  2    936
  3462   3461   3463  2    936
  1167   1165   2960  2    940
  1167   2960   2962  2    940
  2962   2960   2959  2    940
  2962   2959   2961  2    940
  2961   2959   1166  2    940
  1170   1168   2968  2    942
  1170   2968   2969  2    942
  2969   2968   2967  2    942
  2969   2967   1169  2    942
  3124   1171   3468  2    944
  3124   3468   2972  2    944
  3124   2972   1173  2    944
  2972   3468   2971  2    944
  2971   3468   2970  2    944
  2971   2970   1172  2    944
  2970   3468   1171  2    944
  1176   1174   2976  2    946
  2976   1174   2974  2    946
  2976   2974   2975  2    946
  2975   2974   2973  2    946
  2975   2973   1175  2    946
  2988   1177   2978  2    948
  2988   2978   2987  2    948
  2987   2978   2977  2    948
  2987   2977   1179  2    948
  1179   2977   1178  2    948
  1182   1180   2990  2    951
  1182   2990   2992  2    951
  2992   2990   2989  2    951
  2992   2989   2991  2    951
  2991   2989   1181  2    951
  1185   1183   2996  2    953
  2996   1183   2994  2    953
  2996   2994   2995  2    953
  2995   2994   2993  2    953
  2995   2993   1184  2    953
  3156   1186   2998  2    955
  3156   2998   3157  2    955
  3157   2998   2997  2    955
  3157   2997   3158  2    955
  3158   2997   1187  2    955
  3158   1187   1188  2    955
  3013   1189   1190  2    957
  3013   1190   3007  2    957
  3013   3007   3012  2    957
  3012   3007   3008  2    957
  3012   3008   3011  2    957
  3011   3008   1191  2    957
  3019   1192   3016  2    960
  3019   3016   1194  2    960
  1194   3016   3015  2    960
  1194   3015   3017  2    960
  3017   3015   3014  2    960
  3017   3014   1193  2    960
  3166   1195   3023  2    963
  3166   3023   3469  2    963
  3166   3469   1197  2    963
  1197   3469   3024  2    963
  3024   3469   1196  2    963
  1196   3469   3023  2    963
  3034   1198   3025  2    965
  3034   3025   3026  2    965
  3034   3026   3033  2    965
  3033   3026   1200  2    965
  3026   3025   1199  2    965
  1203   1201   3027  2    967
  1203   3027   1202  2    967
  3028   1204   1205  2    970
  3028   1205   1206  2    970
  3048   1207   3040  2    974
  3048   3040   3039  2    974
  3048   3039   3047  2    974
  3047   3039   1208  2    974
  3047   1208   1209  2    974
  1212   1210   3053  2    977
  3053   1210   3050  2    977
  3053   3050   3052  2    977
  3052   3050   3049  2    977
  3052   3049   3051  2    977
  3051   3049   1211  2    977
  3235   1213   3056  2    979
  3235   3056   3236  2    979
  3236   3056   3055  2    979
  3236   3055   1215  2    979
  1215   3055   3054  2    979
  1215   3054   1214  2    979
  3065   1216   3057  2    981
  3065   3057   3058  2    981
  3065   3058   1218  2    981
  3057   1216   1217  2    981
  3063   1219   3060  2    983
  3063   3060   1221  2    983
  1221   3060   3059  2    983
  1221   3059   3061  2    983
  3061   3059   1220  2    983
  3234   1222   3471  2    987
  3234   3471   3470  2    987
  3234   3470   3233  2    987
  3233   3470   3069  2    987
  3233   3069   1224  2    987
  3069   3470   3068  2    987
  3068   3470   3471  2    987
  3068   3471   3067  2    987
  3067   3471   3066  2    987
  3067   3066   1223  2    987
  3066   3471   1222  2    987
  1227   1225   3072  2    989
  1227   3072   3074  2    989
  3074   3072   3071  2    989
  3074   3071   3073  2    989
  3073   3071   3070  2    989
  3073   3070   1226  2    989
  1230   1228   3078  2    991
  3078   1228   3076  2    991
  3078   3076   3077  2    991
  3077   3076   3075  2    991
  3077   3075   1229  2    991
  1233   1231   3082  2    993
  3082   1231   3080  2    993
  3082   3080   3472  2    993
  3082   3472   3081  2    993
  3081   3472   3079  2    993
  3081   3079   1232  2    993
  3079   3472   3080  2    993
  3184   1234   1235  2    996
  3184   1235   1236  2    996
  3099   1237   1238  2    998
  3099   1238   1239  2    998
  3096   1240   3089  2   1000
  3096   3089   3090  2   1000
  3096   3090   3095  2   1000
  3095   3090   3091  2   1000
  3095   3091   1242  2   1000
  3089   1240   1241  2   1000
  1245   1243   3100  2   1004
  1245   3100   1244  2   1004
  1248   1246   1247  2   1006
  1251   1249   1250  2   1008
  1254   1252   3101  2   1010
  3101   1252   1253  2   1010
  1257   1255   1256  2   1013
  1260   1258   1259  2   1016
  1263   1261   1262  2   1019
  3127   1264   1265  2   1021
  3127   1265   3121  2   1021
  3127   3121   1266  2   1021
  1269   1267   3122  2   1023
  1269   3122   3123  2   1023
  3123   3122   1268  2   1023
  3204   1270   3128  2   1027
  3204   3128   3205  2   1027
  3205   3128   1271  2   1027
  3205   1271   1272  2   1027
  1275   1273   1274  2   1029
  3211   1276   1277  2   1032
  3211   1277   1278  2   1032
  1281   1279   1280  2   1034
  1284   1282   1283  2   1036
  3151   1285   1286  2   1038
  3151   1286   1287  2   1038
  3159   1288   3154  2   1041
  3159   3154   3155  2   1041
  3159   3155   1290  2   1041
  3154   1288   3153  2   1041
  3153   1288   3152  2   1041
  3153   3152   1289  2   1041
  1293   1291   3162  2   1044
  3162   1291   3160  2   1044
  3162   3160   3161  2   1044
  3161   3160   1292  2   1044
  1296   1294   3164  2   1046
  1296   3164   3165  2   1046
  3165   3164   3163  2   1046
  3165   3163   1295  2   1046
  1299   1297   1298  2   1050
  1302   1300   1301  2   1052
  3221   1303   1304  2   1055
  3221   1304   1305  2   1055
  3181   1306   1307  2   1057
  3181   1307   1308  2   1057
  1311   1309   1310  2   1059
  3226   1312   3182  2   1063
  3226   3182   1314  2   1063
  1314   3182   1313  2   1063
  3228   1315   1316  2   1065
  3228   1316   1317  2   1065
  3185   1318   3183  2   1067
  3185   3183   1320  2   1067
  3183   1318   1319  2   1067
  3227   1321   3191  2   1070
  3227   3191   1323  2   1070
  3191   1321   3190  2   1070
  3190   1321   3189  2   1070
  3190   3189   1322  2   1070
  1326   1324   3195  2   1072
  3195   1324   3193  2   1072
  3195   3193   3194  2   1072
  3194   3193   3192  2   1072
  3194   3192   1325  2   1072
  3203   1327   3197  2   1074
  3203   3197   3202  2   1074
  3202   3197   3196  2   1074
  3202   3196   1329  2   1074
  1329   3196   1328  2   1074
  3212   1330   3210  2   1078
  3212   3210   1332  2   1078
  3210   1330   1331  2   1078
  3222   1333   3213  2   1081
  3222   3213   1335  2   1081
  1335   3213   1334  2   1081
  3220   1336   3218  2   1083
  3220   3218   1338  2   1083
  3218   1336   1337  2   1083
  1341   1339   3219  2   1085
  1341   3219   1340  2   1085
  1344   1342   1343  2   1092
  3255   1345   3251  2   1106
  3255   3251   3473  2   1106
  3255   3473   3254  2   1106
  3254   3473   3252  2   1106
  3254   3252   1347  2   1106
  3252   3473   1346  2   1106
  1346   3473   3251  2   1106
  3259   1348   3257  2   1109
  3259   3257   3258  2   1109
  3258   3257   3256  2   1109
  3258   3256   1350  2   1109
  1350   3256   1349  2   1109
  3287   1351   3277  2   1114
  3287   3277   3286  2   1114
  3286   3277   3276  2   1114
  3286   3276   1353  2   1114
  1353   3276   1352  2   1114
  3325   1354   3289  2   1117
  3325   3289   3474  2   1117
  3325   3474   1356  2   1117
  1356   3474   3291  2   1117
  3291   3474   3290  2   1117
  3290   3474   3288  2   1117
  3290   3288   1355  2   1117
  3288   3474   3289  2   1117
  1359   1357   3295  2   1119
  3295   1357   3293  2   1119
  3295   3293   3294  2   1119
  3294   3293   3292  2   1119
  3294   3292   1358  2   1119
  1362   1360   3297  2   1121
  1362   3297   3299  2   1121
  3299   3297   3296  2   1121
  3299   3296   3298  2   1121
  3298   3296   1361  2   1121
  1365   1363   3301  2   1123
  1365   3301   3302  2   1123
  3302   3301   3300  2   1123
  3302   3300   1364  2   1123
  1368   1366   3304  2   1126
  3304   1366   1367  2   1126
  3324   1369   3306  2   1130
  3324   3306   1371  2   1130
  3306   1369   1370  2   1130
  1374   1372   3308  2   1132
  3308   1372   3307  2   1132
  3308   3307   1373  2   1132
  3341   1375   3329  2   1140
  3341   3329   1376  2   1140
  3341   1376   3330  2   1140
  3341   3330   1377  2   1140
  3340   1378   3337  2   1142
  3340   3337   1379  2   1142
  3340   1379   3338  2   1142
  3340   3338   1380  2   1142
  3475   3482   3483  1   1149
  3476   3475   3483  1   1149
  3476   3483   3484  1   1149
  3477   3476   3484  1   1149
  3477   3484   3485  1   1149
  3478   3477   3485  1   1149
  3479   3478   3485  1   1149
  3480   3479   3486  1   1149
  3480   3486   3487  1   1149
  3481   3480   3487  1   1149
  3483   3482   3490  1   1149
  3483   3490   3491  1   1149
  3484   3483   3491  1   1149
  3485   3484   3491  1   1149
  3486   3485   3491  1   1149
  3479   3485   3486  1   1149
  3487   3486   3492  1   1149
  3488   3487   3492  1   1149
  3489   3488   3492  1   1149
  3490   3489   3492  1   1149
  3491   3490   3492  1   1149
  3486   3491   3492  1   1149
  3490   3482   3489  1   1149
  3489   3482      1  1   1149
  3489      1   1404  1   1149
  3489   1404     26  1   1149
  3489     26   3488  1   1149
  3488     26   1400  1   1149
  3488   1400   3481  1   1149
  3488   3481   3487  1   1149
  3481   1400     23  1   1149
  3481     23     20  1   1149
  3481     20   3480  1   1149
  3480     20   3479  1   1149
  3479     20     17  1   1149
  3479     17   3478  1   1149
  3478     17     14  1   1149
  3478     14   3477  1   1149
  3477     14     11  1   1149
  3477     11      8  1   1149
  3477      8   3476  1   1149
  3476      8   1383  1   1149
  3476   1383   3475  1   1149
  3475   1383      5  1   1149
  3475      5   3482  1   1149
  3482      5      1  1   1149
  3493   3497   3498  1   1150
  3494   3493   3498  1   1150
  3494   3498   3499  1   1150
  3495   3494   3499  1   1150
  3497   3500   3501  1   1150
  3498   3497   3501  1   1150
  3499   3498   3501  1   1150
  3499   3501   3502  1   1150
  3499   3502      4  1   1150
  3499      4   1430  1   1150
  3499   1430   3496  1   1150
  3499   3496   3495  1   1150
  3495   3496     50  1   1150
  3495     50     47  1   1150
  3495     47   3494  1   1150
  3494     47     44  1   1150
  3494     44   3493  1   1150
  3493     44     41  1   1150
  3493     41     38  1   1150
  3493     38   1410  1   1150
  3493   1410   3497  1   1150
  3497   1410   3500  1   1150
  3500   1410     35  1   1150
  3500     35      2  1   1150
  3500      2   3501  1   1150
  3501      2   3502  1   1150
  3502      2      4  1   1150
     2     35     33  1   1150
    50   3496     53  1   1150
    53   3496   1430  1   1150
     7     59   1384  1   1151
  1384     59     56  1   1151
  1384     56   1431  1   1151
  1384   1431      6  1   1151
  1431     56     54  1   1151
    10     65      9  1   1152
     9     65     62  1   1152
     9     62     60  1   1152
    13     77   3503  1   1153
    13   3503     12  1   1153
    12   3503   1447  1   1153
    12   1447     66  1   1153
    66   1447     68  1   1153
  1447   3503     71  1   1153
    71   3503     74  1   1153
    74   3503     77  1   1153
    16     78     15  1   1154
  1457     80   3504  1   1155
  1457   3504     19  1   1155
    19   3504     18  1   1155
    18   3504     75  1   1155
    18     75     76  1   1155
    75   3504     80  1   1155
  3506   3505   3507  1   1156
  3506   3507   3508  1   1156
  3508   3507   3509  1   1156
  3508   3509   3510  1   1156
  3508   3510     98  1   1156
  3508     98     95  1   1156
  3508     95   3506  1   1156
  3506     95     89  1   1156
  3506     89   3505  1   1156
  3505     89     86  1   1156
  3505     86   1459  1   1156
  3505   1459   1458  1   1156
  3505   1458   3507  1   1156
  3507   1458   3509  1   1156
  3509   1458     21  1   1156
  3509     21     22  1   1156
  3509     22   3510  1   1156
  3510     22     98  1   1156
  1458   1459     83  1   1156
  1458     83     81  1   1156
    89     95     92  1   1156
    25     28    113  1   1157
    25    113    110  1   1157
    25    110   1402  1   1157
  1402    110    107  1   1157
  1402    107     24  1   1157
    24    107     99  1   1157
    99    107    104  1   1157
    99    104    101  1   1157
     3     32   1405  1   1158
  1405     32     29  1   1158
  1405     29     27  1   1158
    31     34    119  1   1159
    31    119    116  1   1159
    31    116     30  1   1159
    30    116    114  1   1159
   119     34    122  1   1159
    37    128   1411  1   1160
  1411    128    125  1   1160
  1411    125    123  1   1160
  1411    123     36  1   1160
    40    131     39  1   1161
    39    131    129  1   1161
    43    143     42  1   1162
    42    143    132  1   1162
   132    143    137  1   1162
   132    137    134  1   1162
   137    143    140  1   1162
    46    155   1495  1   1163
    46   1495    149  1   1163
    46    149     45  1   1163
    45    149    146  1   1163
    45    146    144  1   1163
  1495    155    152  1   1163
    49    161    156  1   1164
    49    156     48  1   1164
   156    161    158  1   1164
    52     55    162  1   1165
    52    162     51  1   1165
    58     61   3511  1   1166
    58   3511     57  1   1166
    57   3511    160  1   1166
   160   3511    164  1   1166
   160    164    159  1   1166
   164   3511    167  1   1166
   167   3511    170  1   1166
   170   3511     61  1   1166
    64     67     63  1   1167
    63     67    171  1   1167
  3512   3515   3516  1   1168
  3513   3512   3516  1   1168
  3513   3516   3517  1   1168
  3514   3513   3517  1   1168
  3514   3517   3518  1   1168
  3515   3519   3520  1   1168
  3516   3515   3520  1   1168
  3516   3520   3521  1   1168
  3517   3516   3521  1   1168
  3517   3521   3522  1   1168
  3518   3517   3522  1   1168
  3520   3519   3524  1   1168
  3520   3524   3525  1   1168
  3521   3520   3525  1   1168
  3522   3521   3525  1   1168
  3523   3522   3525  1   1168
  3523   3525   1449  1   1168
  3523   1449     70  1   1168
  3523     70    185  1   1168
  3523    185   1543  1   1168
  3523   1543   3522  1   1168
  3522   1543   1541  1   1168
  3522   1541   3518  1   1168
  3518   1541   1539  1   1168
  3518   1539   1537  1   1168
  3518   1537   3514  1   1168
  3514   1537   1535  1   1168
  3514   1535   3513  1   1168
  3513   1535    182  1   1168
  3513    182    179  1   1168
  3513    179   3512  1   1168
  3512    179    176  1   1168
  3512    176   3515  1   1168
  3515    176    173  1   1168
  3515    173    168  1   1168
  3515    168   3519  1   1168
  3519    168    169  1   1168
  3519    169     69  1   1168
  3519     69   3524  1   1168
  3524     69   1449  1   1168
  3524   1449   3525  1   1168
    73     79    186  1   1169
    73    186     72  1   1169
   186     79    188  1   1169
   188     79     82  1   1169
   188     82    191  1   1169
    85    194   1460  1   1170
  1460    194    192  1   1170
  1460    192     84  1   1170
  1551    197   3527  1   1171
  1551   3527     88  1   1171
    88   3527     87  1   1171
    87   3527   3526  1   1171
    87   3526    195  1   1171
   195   3526    197  1   1171
   197   3526   3527  1   1171
  1559    206   3528  1   1172
  1559   3528   1552  1   1172
  1559   1552     90  1   1172
  1559     90     91  1   1172
  1552   3528    200  1   1172
  1552    200    198  1   1172
   200   3528    203  1   1172
   203   3528    206  1   1172
  3529   3530   3531  1   1173
  3531   3530   3533  1   1173
  3531   3533   3534  1   1173
  3532   3531   3534  1   1173
  3534   3533   3535  1   1173
  3534   3535    224  1   1173
  3534    224    221  1   1173
  3534    221   3532  1   1173
  3532    221    218  1   1173
  3532    218   3531  1   1173
  3531    218    215  1   1173
  3531    215   3529  1   1173
  3529    215    212  1   1173
  3529    212    209  1   1173
  3529    209    207  1   1173
  3529    207   3530  1   1173
  3530    207   1562  1   1173
  3530   1562   3533  1   1173
  3533   1562     93  1   1173
  3533     93   3535  1   1173
  3535     93     94  1   1173
  3535     94    230  1   1173
  3535    230    227  1   1173
  3535    227    224  1   1173
   230     94    233  1   1173
    97    100    236  1   1174
    97    236     96  1   1174
    96    236    234  1   1174
   103    242    102  1   1175
   102    242    237  1   1175
   237    242    228  1   1175
   237    228    229  1   1175
   228    242    239  1   1175
  1614    254   1610  1   1176
  1614   1610    248  1   1176
  1614    248    245  1   1176
  1614    245   3536  1   1176
  1614   3536    106  1   1176
   106   3536    105  1   1176
   105   3536    243  1   1176
   243   3536    245  1   1176
  1610    254    251  1   1176
   109    257   3538  1   1177
   109   3538   3537  1   1177
   109   3537    108  1   1177
   108   3537   1615  1   1177
  1615   3537    255  1   1177
   255   3537   3538  1   1177
   255   3538    257  1   1177
   112    115   1616  1   1178
   112   1616    111  1   1178
   111   1616    258  1   1178
  3541   3540   3543  1   1179
  3541   3543   1629  1   1179
  3541   1629   3539  1   1179
  3541   3539   1620  1   1179
  3541   1620   3540  1   1179
  3540   1620    260  1   1179
  3540    260    253  1   1179
  3540    253    256  1   1179
  3540    256   3543  1   1179
  3543    256   3542  1   1179
  3543   3542   1629  1   1179
  1629   3542    118  1   1179
   118   3542    117  1   1179
   117   3542   1617  1   1179
  1617   3542    256  1   1179
   253    260    252  1   1179
  1620   3539    263  1   1179
   263   3539    266  1   1179
   266   3539   1625  1   1179
  1625   3539    269  1   1179
   269   3539   1629  1   1179
   121    124    272  1   1180
   121    272    270  1   1180
   121    270   1630  1   1180
   121   1630    120  1   1180
   127    130    275  1   1181
   127    275    273  1   1181
   127    273    126  1   1181
   275    130    133  1   1181
   136    281   1637  1   1182
   136   1637    135  1   1182
   135   1637    276  1   1182
  1637    281    278  1   1182
   139    284    282  1   1183
   139    282    138  1   1183
   142    145   1666  1   1184
   142   1666   3544  1   1184
   142   3544    141  1   1184
   141   3544    285  1   1184
   285   3544    287  1   1184
   287   3544    293  1   1184
   287    293    290  1   1184
   293   3544   1666  1   1184
  1688    302   3545  1   1185
  1688   3545   3546  1   1185
  1688   3546   1690  1   1185
  1690   3546   1670  1   1185
  1690   1670   3547  1   1185
  1690   3547    147  1   1185
  1690    147    148  1   1185
   147   3547   1668  1   1185
  1668   3547   1670  1   1185
  1668   1670    294  1   1185
  1670   3546   1672  1   1185
  1672   3546   3545  1   1185
  1672   3545   1674  1   1185
  1674   3545   1682  1   1185
  1674   1682    299  1   1185
  1674    299    296  1   1185
  1682   3545    302  1   1185
  1701    308    305  1   1186
  1701    305   3548  1   1186
  1701   3548   3549  1   1186
  1701   3549    151  1   1186
   151   3549   1498  1   1186
  1498   3549    150  1   1186
   150   3549   1691  1   1186
  1691   3549   1689  1   1186
  1689   3549   3548  1   1186
  1689   3548    303  1   1186
   303   3548    305  1   1186
   154    157   3552  1   1187
   154   3552   1703  1   1187
   154   1703    153  1   1187
  1703   3552   3551  1   1187
  1703   3551   3550  1   1187
  1703   3550    309  1   1187
   309   3550    311  1   1187
   311   3550   1713  1   1187
   311   1713    314  1   1187
  1713   3550   1715  1   1187
  1715   3550   3551  1   1187
  1715   3551    163  1   1187
  1715    163    317  1   1187
   163   3551   3552  1   1187
   163   3552    157  1   1187
   318    165    172  1   1188
   166    172    165  1   1188
   175    329   3555  1   1189
   175   3555    174  1   1189
   174   3555   1716  1   1189
   174   1716    316  1   1189
  1716   3555   1714  1   1189
  1714   3555   3554  1   1189
  1714   3554    315  1   1189
   315   3554    320  1   1189
   320   3554   3553  1   1189
   320   3553    323  1   1189
   323   3553    326  1   1189
   326   3553    329  1   1189
   329   3553   3554  1   1189
   329   3554   3555  1   1189
   178    332    177  1   1190
   177    332    330  1   1190
   181    335    333  1   1191
   181    333    180  1   1191
   184    187   1544  1   1192
  1544    187   1759  1   1192
  1544   1759   1757  1   1192
  1544   1757   1542  1   1192
  1542   1757   1755  1   1192
  1542   1755   1540  1   1192
  1540   1755   1753  1   1192
  1540   1753   1538  1   1192
  1538   1753   1751  1   1192
  1538   1751   1536  1   1192
  1536   1751    336  1   1192
  1536    336    183  1   1192
   336   1751    338  1   1192
   338   1751    341  1   1192
   341   1751    344  1   1192
  1759    187    347  1   1192
   190    193    348  1   1193
   190    348    189  1   1193
   348    193    350  1   1193
   350    193    196  1   1193
   350    196    353  1   1193
   353    196    199  1   1193
   202    362    356  1   1194
   202    356   1767  1   1194
   202   1767    201  1   1194
   201   1767    354  1   1194
   356    362    359  1   1194
   205    208    365  1   1195
   205    365    204  1   1195
   204    365    363  1   1195
   211    374   1799  1   1196
   211   1799    368  1   1196
   211    368    357  1   1196
   211    357    366  1   1196
   211    366    210  1   1196
   366    357    358  1   1196
   368   1799    371  1   1196
   214    377    375  1   1197
   214    375    213  1   1197
   217    392   1820  1   1198
   217   1820    216  1   1198
   216   1820    380  1   1198
   216    380    378  1   1198
   380   1820    389  1   1198
   380    389    383  1   1198
   383    389    386  1   1198
   220    395    393  1   1199
   220    393    219  1   1199
   223    407    222  1   1200
   222    407   1831  1   1200
   222   1831    396  1   1200
  1831    407   3556  1   1200
  1831   3556    398  1   1200
   398   3556   3557  1   1200
   398   3557    401  1   1200
   401   3557   1835  1   1200
  1835   3557   1837  1   1200
  1835   1837    404  1   1200
  1837   3557   1839  1   1200
  1839   3557   3556  1   1200
  1839   3556    407  1   1200
  3559   3558   3560  1   1201
  3559   3560   3561  1   1201
  3559   3561   1845  1   1201
  3559   1845   1843  1   1201
  3559   1843   1841  1   1201
  3559   1841   3558  1   1201
  3558   1841    408  1   1201
  3558    408    225  1   1201
  3558    225    226  1   1201
  3558    226    238  1   1201
  3558    238   3560  1   1201
  3560    238    246  1   1201
  3560    246    247  1   1201
  3560    247    413  1   1201
  3560    413   3561  1   1201
  3561    413    410  1   1201
  3561    410   1845  1   1201
   232    235    231  1   1202
   241    244    240  1   1203
   250    259   3562  1   1204
   250   3562   1612  1   1204
  1612   3562    414  1   1204
  1612    414    249  1   1204
   414   3562    416  1   1204
   416   3562    419  1   1204
   419   3562    422  1   1204
   422   3562    259  1   1204
   262    425   1859  1   1205
   262   1859   1621  1   1205
  1621   1859    423  1   1205
  1621    423    261  1   1205
  1876    440   1871  1   1206
  1876   1871    431  1   1206
  1876    431   1879  1   1206
  1879    431   1866  1   1206
  1879   1866    265  1   1206
   265   1866    264  1   1206
   264   1866    428  1   1206
   264    428    426  1   1206
  1871    440    434  1   1206
   434    440    437  1   1206
  3563   3568   3569  1   1207
  3564   3563   3569  1   1207
  3564   3569   3570  1   1207
  3565   3564   3570  1   1207
  3565   3570   3571  1   1207
  3566   3565   3571  1   1207
  3566   3571   3572  1   1207
  3567   3566   3572  1   1207
  3568   3573   3574  1   1207
  3569   3568   3574  1   1207
  3569   3574   3575  1   1207
  3570   3569   3575  1   1207
  3571   3570   3575  1   1207
  3571   3575   3576  1   1207
  3572   3571   3576  1   1207
  3574   3573   3577  1   1207
  3574   3577   3578  1   1207
  3575   3574   3578  1   1207
  3576   3575   3578  1   1207
  3576   3578    268  1   1207
  3576    268    271  1   1207
  3576    271   3572  1   1207
  3572    271    274  1   1207
  3572    274   3567  1   1207
  3567    274   1638  1   1207
  3567   1638   3566  1   1207
  3566   1638    277  1   1207
  3566    277   3565  1   1207
  3565    277    443  1   1207
  3565    443   3564  1   1207
  3564    443   1883  1   1207
  3564   1883   3563  1   1207
  3563   1883    441  1   1207
  3563    441   3568  1   1207
  3568    441   1878  1   1207
  3568   1878   3573  1   1207
  3573   1878   1881  1   1207
  3573   1881   3577  1   1207
  3577   1881    267  1   1207
  3577    267   1627  1   1207
  3577   1627   3578  1   1207
  3578   1627    268  1   1207
   280    283   3581  1   1208
   280   3581    279  1   1208
   279   3581   3580  1   1208
   279   3580    444  1   1208
   444   3580   1887  1   1208
  1887   3580   3579  1   1208
  1887   3579    446  1   1208
   446   3579    449  1   1208
   449   3579    452  1   1208
   452   3579    460  1   1208
   452    460    457  1   1208
   460   3579    463  1   1208
   463   3579   3580  1   1208
   463   3580   3581  1   1208
   463   3581    286  1   1208
   286   3581    283  1   1208
   289    469   1909  1   1209
   289   1909    464  1   1209
   289    464    288  1   1209
  1909    469    466  1   1209
  1675    295   3582  1   1210
  1675   3582   3584  1   1210
  1675   3584   1673  1   1210
  1673   3584   3585  1   1210
  1673   3585   1671  1   1210
  1671   3585    292  1   1210
   292   3585    291  1   1210
   291   3585   3583  1   1210
   291   3583    470  1   1210
   470   3583   1922  1   1210
  1922   3583   3582  1   1210
  1922   3582    472  1   1210
   472   3582    295  1   1210
  3582   3583   3584  1   1210
  3584   3583   3585  1   1210
   298    481   3587  1   1211
   298   3587    297  1   1211
   297   3587    473  1   1211
   473   3587   1932  1   1211
   473   1932    475  1   1211
  1932   3587   1934  1   1211
  1934   3587   3586  1   1211
  1934   3586   1936  1   1211
  1936   3586   1938  1   1211
  1936   1938    478  1   1211
  1938   3586    481  1   1211
   481   3586   3587  1   1211
   301    304   1946  1   1212
   301   1946   3590  1   1212
   301   3590   1685  1   1212
  1685   3590   3588  1   1212
  1685   3588    300  1   1212
   300   3588    482  1   1212
   482   3588    484  1   1212
   484   3588   3589  1   1212
   484   3589   1942  1   1212
  1942   3589   1944  1   1212
  1944   3589   3590  1   1212
  1944   3590   1946  1   1212
  3590   3589   3588  1   1212
   307    310   1958  1   1213
   307   1958    306  1   1213
   306   1958   1947  1   1213
  1947   1958   1956  1   1213
  1947   1956   1945  1   1213
  1945   1956   3592  1   1213
  1945   3592   1943  1   1213
  1943   3592   3591  1   1213
  1943   3591   1950  1   1213
  1943   1950   1948  1   1213
  1943   1948    485  1   1213
  1950   3591   1952  1   1213
  1952   3591    487  1   1213
   487   3591   1954  1   1213
   487   1954    490  1   1213
  1954   3591   3592  1   1213
  1954   3592   1956  1   1213
  3593   3594   3595  1   1214
  3595   3594   3596  1   1214
  3595   3596    313  1   1214
  3595    313    319  1   1214
  3595    319    493  1   1214
  3595    493   3593  1   1214
  3593    493    491  1   1214
  3593    491   1955  1   1214
  3593   1955   3594  1   1214
  3594   1955   1957  1   1214
  3594   1957   1959  1   1214
  3594   1959   3596  1   1214
  3596   1959    312  1   1214
  3596    312    313  1   1214
   322    496    494  1   1215
   322    494    321  1   1215
  1976    505    502  1   1216
  1976    502    497  1   1216
  1976    497    324  1   1216
  1976    324    325  1   1216
   497    502    499  1   1216
   328    331   1977  1   1217
   328   1977    327  1   1217
  1977    331   3597  1   1217
  1977   3597    506  1   1217
   506   3597    508  1   1217
   508   3597   1980  1   1217
  1980   3597    334  1   1217
  1980    334    337  1   1217
   334   3597    331  1   1217
   340    514   1981  1   1218
   340   1981    339  1   1218
  1981    514    511  1   1218
  1981    511    509  1   1218
   343    520    515  1   1219
   343    515    342  1   1219
   515    520    517  1   1219
  3598   3601   3602  1   1220
  3600   3599   3604  1   1220
  3600   3604   3605  1   1220
  3601   3606   3607  1   1220
  3602   3601   3607  1   1220
  3599   3602   3607  1   1220
  3599   3607   3603  1   1220
  3599   3603   3604  1   1220
  3604   3603   3608  1   1220
  3604   3608   3609  1   1220
  3605   3604   3609  1   1220
  3605   3609   3610  1   1220
  3607   3606   3611  1   1220
  3608   3607   3611  1   1220
  3603   3607   3608  1   1220
  3608   3611   1758  1   1220
  3608   1758   1760  1   1220
  3608   1760   3609  1   1220
  3609   1760    346  1   1220
  3609    346   3610  1   1220
  3610    346    349  1   1220
  3610    349   3605  1   1220
  3605    349   1994  1   1220
  3605   1994    523  1   1220
  3605    523   3600  1   1220
  3600    523   1989  1   1220
  3600   1989   3599  1   1220
  3599   1989   3598  1   1220
  3599   3598   3602  1   1220
  3598   1989    521  1   1220
  3598    521    345  1   1220
  3598    345   3601  1   1220
  3601    345   1752  1   1220
  3601   1752   1754  1   1220
  3601   1754   3606  1   1220
  3606   1754   1756  1   1220
  3606   1756   3611  1   1220
  3611   1756   1758  1   1220
  3614   3613   3615  1   1221
  3614   3615   1768  1   1221
  3614   1768    535  1   1221
  3614    535    532  1   1221
  3614    532   3613  1   1221
  3613    532   3612  1   1221
  3613   3612    524  1   1221
  3613    524   1996  1   1221
  3613   1996   3615  1   1221
  3615   1996    351  1   1221
  3615    351    352  1   1221
  3615    352   1768  1   1221
   524   3612    526  1   1221
   526   3612    529  1   1221
   529   3612   1998  1   1221
  1998   3612    532  1   1221
   535   1768   2000  1   1221
  2000   1768    355  1   1221
  2000    355    367  1   1221
   361    364    360  1   1222
   370    544    541  1   1223
   370    541   2002  1   1223
   370   2002   3616  1   1223
   370   3616    369  1   1223
   369   3616   2001  1   1223
  2001   3616   2002  1   1223
  2001   2002    536  1   1223
  2002    541    538  1   1223
   373    376   3619  1   1224
   373   3619   1800  1   1224
  1800   3619   2048  1   1224
  1800   2048    372  1   1224
   372   2048    545  1   1224
   545   2048    547  1   1224
   547   2048   2046  1   1224
   547   2046   3617  1   1224
   547   3617    550  1   1224
   550   3617    553  1   1224
   553   3617   2038  1   1224
  2038   3617   3618  1   1224
  2038   3618   2040  1   1224
  2040   3618   2046  1   1224
  2040   2046    556  1   1224
   556   2046    559  1   1224
  2046   3618   3617  1   1224
  2048   3619    379  1   1224
   379   3619    376  1   1224
   382    560   3621  1   1225
   382   3621    381  1   1225
   381   3621   3620  1   1225
   381   3620   2049  1   1225
  2049   3620   2047  1   1225
  2047   3620   3621  1   1225
  2047   3621    560  1   1225
  3622   3623   3624  1   1226
  3622   3624   3625  1   1226
  3625   3624   3626  1   1226
  3625   3626    565  1   1226
  3625    565    562  1   1226
  3625    562   2056  1   1226
  3625   2056   3622  1   1226
  3622   2056    557  1   1226
  3622    557    558  1   1226
  3622    558   3623  1   1226
  3623    558    385  1   1226
  3623    385    574  1   1226
  3623    574   3624  1   1226
  3624    574    571  1   1226
  3624    571   3626  1   1226
  3626    571   2066  1   1226
  3626   2066    568  1   1226
  3626    568   2062  1   1226
  3626   2062    565  1   1226
   385    558    384  1   1226
  3344    399    400  1   1227
  3344    400   2086  1   1227
  3344   2086   3630  1   1227
  3344   3630   3628  1   1227
  3344   3628   3627  1   1227
  3344   3627   3346  1   1227
  3346   3627   2080  1   1227
  3346   2080   3348  1   1227
  3348   2080   2078  1   1227
  3348   2078    387  1   1227
  3348    387    388  1   1227
   387   2078    575  1   1227
  2080   3627   2082  1   1227
  2082   3627   3628  1   1227
  2082   3628   3629  1   1227
  2082   3629    577  1   1227
   577   3629    580  1   1227
   580   3629   2084  1   1227
  2084   3629   3630  1   1227
  2084   3630   2086  1   1227
  3630   3629   3628  1   1227
  3631   3632   3633  1   1228
  3633   3632   1833  1   1228
  3633   1833    397  1   1228
  3633    397   3345  1   1228
  3633   3345   3347  1   1228
  3633   3347   3631  1   1228
  3631   3347   3349  1   1228
  3631   3349    390  1   1228
  3631    390   1822  1   1228
  3631   1822   3632  1   1228
  3632   1822    391  1   1228
  3632    391    394  1   1228
  3632    394   1833  1   1228
   403    586    583  1   1229
   403    583   3635  1   1229
   403   3635   3634  1   1229
   403   3634   1836  1   1229
  1836   3634   2087  1   1229
  1836   2087    402  1   1229
  2087   3634   2085  1   1229
  2085   3634   3635  1   1229
  2085   3635   2088  1   1229
  2085   2088    581  1   1229
  2088   3635   2090  1   1229
  2090   3635    583  1   1229
  3637   3636   3639  1   1230
  3637   3639   3640  1   1230
  3638   3637   3640  1   1230
  3638   3640    592  1   1230
  3638    592    589  1   1230
  3638    589    587  1   1230
  3638    587    405  1   1230
  3638    405   3637  1   1230
  3637    405   1838  1   1230
  3637   1838   3636  1   1230
  3636   1838   1840  1   1230
  3636   1840   1842  1   1230
  3636   1842   1844  1   1230
  3636   1844   3639  1   1230
  3639   1844   1846  1   1230
  3639   1846   3640  1   1230
  3640   1846    595  1   1230
  3640    595    592  1   1230
   595   1846    409  1   1230
  1842   1840    406  1   1230
   412    415   3641  1   1231
   412   3641    411  1   1231
   411   3641    596  1   1231
   596   3641   2094  1   1231
  2094   3641   2096  1   1231
  2096   3641    415  1   1231
   418    607   2097  1   1232
   418   2097    417  1   1232
  2097    607   2102  1   1232
  2097   2102    604  1   1232
  2097    604   3643  1   1232
  2097   3643   2095  1   1232
  2095   3643   3642  1   1232
  2095   3642    594  1   1232
   594   3642    593  1   1232
   593   3642    598  1   1232
   598   3642   2098  1   1232
  2098   3642   2100  1   1232
  2098   2100    601  1   1232
  2100   3642   3643  1   1232
  2100   3643    604  1   1232
  1860    424    613  1   1233
  1860    613    610  1   1233
  1860    610    421  1   1233
   421    610    608  1   1233
   421    608    420  1   1233
   613    424    427  1   1233
  2118    616   3644  1   1234
  2118   3644   2120  1   1234
  2120   3644   3645  1   1234
  2120   3645   2114  1   1234
  2120   2114   2122  1   1234
  2122   2114   2124  1   1234
  2124   2114   2112  1   1234
  2124   2112   2126  1   1234
  2126   2112   2128  1   1234
  2128   2112   2110  1   1234
  2128   2110   1868  1   1234
  2128   1868    430  1   1234
  1868   2110    429  1   1234
   429   2110    614  1   1234
  2114   3645   2116  1   1234
  2116   3645   2103  1   1234
  2116   2103    606  1   1234
  2116    606    609  1   1234
  2103   3645    605  1   1234
   605   3645   3644  1   1234
   605   3644    616  1   1234
  3647   3646   3648  1   1235
  3647   3648   3649  1   1235
  3649   3648   3650  1   1235
  3649   3650   2144  1   1235
  3649   2144   2141  1   1235
  3649   2141   3647  1   1235
  3647   2141   2136  1   1235
  3647   2136   2133  1   1235
  3647   2133   3646  1   1235
  3646   2133    622  1   1235
  3646    622   2130  1   1235
  3646   2130   3648  1   1235
  3648   2130   2121  1   1235
  3648   2121   2123  1   1235
  3648   2123   3650  1   1235
  3650   2123   2125  1   1235
  3650   2125   2144  1   1235
  2144   2125   2127  1   1235
  2144   2127   2129  1   1235
  2144   2129   2147  1   1235
  2147   2129    432  1   1235
  2147    432   1873  1   1235
  2147   1873   2150  1   1235
  2150   1873    433  1   1235
  2150    433    634  1   1235
  2150    634    631  1   1235
  2150    631    628  1   1235
   634    433    637  1   1235
  2121   2130   2119  1   1235
  2119   2130    617  1   1235
   617   2130    619  1   1235
  2136   2141    625  1   1235
   436    447    638  1   1236
   436    638    435  1   1236
   638    447    640  1   1236
   640    447    448  1   1236
   640    448    643  1   1236
  1884    442   1888  1   1237
  1884   1888    438  1   1237
  1884    438    439  1   1237
   438   1888    445  1   1237
   451    644    450  1   1238
   641    642    646  1   1239
  3651   3652   3653  1   1239
  3651   3653   3654  1   1239
  3651   3654   3655  1   1239
  3651   3655   3656  1   1239
  3651   3656   3657  1   1239
  3651   3657   3652  1   1239
  3655   3654   3658  1   1239
  3655   3658   3659  1   1239
  3656   3655   3659  1   1239
  3656   3659   3660  1   1239
  3656   3660   3661  1   1239
  3657   3656   3661  1   1239
  3657   3661   3662  1   1239
  3660   3659   3663  1   1239
  3660   3663   3664  1   1239
  3660   3664   3665  1   1239
  3661   3660   3665  1   1239
  3661   3665   3666  1   1239
  3662   3661   3666  1   1239
  3664   3663   3667  1   1239
  3664   3667   3668  1   1239
  3665   3664   3668  1   1239
  3665   3668   3666  1   1239
  3666   3668    453  1   1239
  3666    453    456  1   1239
  3666    456    655  1   1239
  3666    655   3662  1   1239
  3662    655   3657  1   1239
  3657    655   3652  1   1239
  3652    655    652  1   1239
  3652    652    649  1   1239
  3652    649   2184  1   1239
  3652   2184   3653  1   1239
  3653   2184   2182  1   1239
  3653   2182   3654  1   1239
  3654   2182   2180  1   1239
  3654   2180   3658  1   1239
  3658   2180   2178  1   1239
  3658   2178   2176  1   1239
  3658   2176   3659  1   1239
  3659   2176   3663  1   1239
  3663   2176   2174  1   1239
  3663   2174   3667  1   1239
  3667   2174   2172  1   1239
  3667   2172    646  1   1239
  3667    646   3668  1   1239
  3668    646    642  1   1239
  3668    642    453  1   1239
   459    661    458  1   1240
   458    661    656  1   1240
   656    661    658  1   1240
  1910    465   3669  1   1241
  1910   3669   3670  1   1241
  1910   3670    462  1   1241
   462   3670   2214  1   1241
   462   2214    461  1   1241
   461   2214    662  1   1241
  2214   3670   2216  1   1241
  2216   3670   3669  1   1241
  2216   3669   2218  1   1241
  2218   3669    676  1   1241
  2218    676    673  1   1241
  2218    673    664  1   1241
   664    673    670  1   1241
   664    670    667  1   1241
   676   3669    465  1   1241
  1924    471    474  1   1242
  1924    474    682  1   1242
  1924    682    679  1   1242
  1924    679    677  1   1242
  1924    677    467  1   1242
  1924    467    468  1   1242
  3671   3672   3673  1   1243
  3671   3673    691  1   1243
  3671    691    688  1   1243
  3671    688   2242  1   1243
  3671   2242   3672  1   1243
  3672   2242   2240  1   1243
  3672   2240   1937  1   1243
  3672   1937   3673  1   1243
  3673   1937    477  1   1243
  3673    477    697  1   1243
  3673    697    694  1   1243
  3673    694    691  1   1243
  1937   2240   1935  1   1243
  1935   2240   2238  1   1243
  1935   2238   1933  1   1243
  1933   2238   2236  1   1243
  1933   2236    476  1   1243
   476   2236    683  1   1243
  2242    688    685  1   1243
   480    483   1939  1   1244
  1939    483   1949  1   1244
  1939   1949   1951  1   1244
  1939   1951   3674  1   1244
  1939   3674    479  1   1244
   479   3674    698  1   1244
   698   3674    700  1   1244
   700   3674   2248  1   1244
  2248   3674   2250  1   1244
  2250   3674   1953  1   1244
  2250   1953    486  1   1244
  1953   3674   1951  1   1244
  3675   3677   3678  1   1245
  3676   3675   3678  1   1245
  3676   3678   3679  1   1245
  3679   3678   3680  1   1245
  3679   3680    706  1   1245
  3679    706    703  1   1245
  3679    703   3676  1   1245
  3676    703   2254  1   1245
  3676   2254   3675  1   1245
  3675   2254   2252  1   1245
  3675   2252   2249  1   1245
  3675   2249   2251  1   1245
  3675   2251   3677  1   1245
  3677   2251    488  1   1245
  3677    488    489  1   1245
  3677    489   3678  1   1245
  3678    489   3680  1   1245
  3680    489    492  1   1245
  3680    492    495  1   1245
  3680    495    706  1   1245
   706    495    498  1   1245
  2249   2252    701  1   1245
   501    709   2270  1   1246
   501   2270    500  1   1246
   500   2270    707  1   1246
   504    507   3683  1   1247
   504   3683    710  1   1247
   504    710    503  1   1247
   710   3683   2278  1   1247
  2278   3683   3681  1   1247
  2278   3681    712  1   1247
   712   3681    721  1   1247
   712    721    715  1   1247
   715    721    718  1   1247
   721   3681    724  1   1247
   724   3681   3682  1   1247
   724   3682    730  1   1247
   724    730    727  1   1247
   730   3682   2301  1   1247
  2301   3682   3684  1   1247
  2301   3684    510  1   1247
   510   3684   3683  1   1247
   510   3683    507  1   1247
  3683   3684   3681  1   1247
  3681   3684   3682  1   1247
   513    516   2303  1   1248
   513   2303    512  1   1248
  2303    516   3685  1   1248
  2303   3685    731  1   1248
   731   3685    733  1   1248
   733   3685    516  1   1248
  1991    522    525  1   1249
  1991    525    734  1   1249
  1991    734    519  1   1249
   519    734    518  1   1249
  2319    739   2313  1   1250
  2319   2313    528  1   1250
   528   2313    527  1   1250
   527   2313    736  1   1250
   527    736    732  1   1250
   732    736    729  1   1250
   729    736    728  1   1250
   531    742    740  1   1251
   531    740   1999  1   1251
  1999    740   2320  1   1251
  1999   2320    530  1   1251
  2003    537   3687  1   1252
  2003   3687   3686  1   1252
  2003   3686    534  1   1252
   534   3686    533  1   1252
   533   3686    743  1   1252
   743   3686    745  1   1252
   745   3686    748  1   1252
   748   3686   3687  1   1252
   748   3687    537  1   1252
  2341    754   3688  1   1253
  2341   3688   3689  1   1253
  2341   3689   2343  1   1253
  2343   3689    540  1   1253
   540   3689    539  1   1253
   539   3689   3688  1   1253
   539   3688    749  1   1253
   749   3688    751  1   1253
   751   3688    754  1   1253
   543    546   2344  1   1254
   543   2344    542  1   1254
  2344    546    766  1   1254
  2344    766    763  1   1254
  2344    763   2342  1   1254
  2342    763    760  1   1254
  2342    760    755  1   1254
   755    760    757  1   1254
   549    781   2351  1   1255
   549   2351    548  1   1255
   548   2351    767  1   1255
  2351    781   3690  1   1255
  2351   3690    769  1   1255
   769   3690    772  1   1255
   772   3690    778  1   1255
   772    778    775  1   1255
   778   3690   2359  1   1255
  2359   3690    781  1   1255
   552    787    784  1   1256
   552    784    782  1   1256
   552    782    551  1   1256
  2059    561   3693  1   1257
  2059   3693   2041  1   1257
  2059   2041    555  1   1257
  2041   3693   3691  1   1257
  2041   3691   2039  1   1257
  2039   3691   3692  1   1257
  2039   3692    788  1   1257
  2039    788    554  1   1257
   788   3692    790  1   1257
   790   3692    665  1   1257
   790    665    666  1   1257
   665   3692   3248  1   1257
  3248   3692   3693  1   1257
  3248   3693    561  1   1257
  3248    561   1346  1   1257
  3693   3692   3691  1   1257
   564   1349    563  1   1258
   563   1349   1347  1   1258
   567    653    654  1   1259
   567    654   2063  1   1259
  2063    654    657  1   1259
  2063    657    566  1   1259
   566    657   1350  1   1259
  3696   3695   3698  1   1260
  3696   3698   3699  1   1260
  3697   3696   3699  1   1260
  3697   3699   3278  1   1260
  3697   3278   3331  1   1260
  3697   3331   1376  1   1260
  3697   1376   3696  1   1260
  3696   1376    578  1   1260
  3696    578   3695  1   1260
  3695    578    579  1   1260
  3695    579   2089  1   1260
  3695   2089   3698  1   1260
  3698   2089   3700  1   1260
  3698   3700   3282  1   1260
  3698   3282   3699  1   1260
  3699   3282   3280  1   1260
  3699   3280   3278  1   1260
  3282   3700   3284  1   1260
  3284   3700   2091  1   1260
  3284   2091    582  1   1260
  2091   3700   2089  1   1260
  3331   3278   1352  1   1260
  3331   1352   3272  1   1260
  3331   3272   3334  1   1260
  3334   3272   3268  1   1260
  3334   3268    650  1   1260
  3334    650   3694  1   1260
  3334   3694   1379  1   1260
  1379   3694    570  1   1260
   570   3694   2069  1   1260
  2069   3694    569  1   1260
   569   3694    650  1   1260
   569    650    651  1   1260
  3701   3702   3703  1   1261
  3701   3703   3704  1   1261
  3703   3702   3705  1   1261
  3703   3705   1375  1   1261
  3703   1375   1380  1   1261
  3703   1380   3704  1   1261
  3704   1380    572  1   1261
  3704    572    573  1   1261
  3704    573   3701  1   1261
  3701    573   2079  1   1261
  3701   2079   3702  1   1261
  3702   2079   2081  1   1261
  3702   2081   2083  1   1261
  3702   2083   3705  1   1261
  3705   2083    576  1   1261
  3705    576   1375  1   1261
   585    588    584  1   1262
   584    588   3285  1   1262
  3285    588    599  1   1262
  3285    599   2099  1   1262
  3285   2099   3707  1   1262
  3285   3707   3283  1   1262
  3283   3707   3281  1   1262
  3281   3707   3708  1   1262
  3281   3708   3706  1   1262
  3281   3706   3279  1   1262
  3279   3706   1355  1   1262
  3279   1355   1353  1   1262
  1355   3706   1358  1   1262
  1358   3706   3708  1   1262
  1358   3708   1361  1   1262
  1361   3708   1364  1   1262
  1364   3708    600  1   1262
   600   3708   3707  1   1262
   600   3707   2099  1   1262
   591    597    590  1   1263
  1367   1365    618  1   1264
   603    615   2101  1   1264
  2101    615    618  1   1264
  2101    618    602  1   1264
   602    618   1365  1   1264
  3710   3709   3711  1   1265
  3710   3711    612  1   1265
  3710    612   2111  1   1265
  3710   2111   3709  1   1265
  3709   2111   2113  1   1265
  3709   2113   2115  1   1265
  3709   2115   3711  1   1265
  3711   2115   2117  1   1265
  3711   2117    611  1   1265
  3711    611    612  1   1265
  1360   1368   1359  1   1266
   621   1373   3712  1   1266
   621   3712   2131  1   1266
  2131   3712    620  1   1266
   620   3712   1368  1   1266
  1368   3712   1359  1   1266
  1359   3712   1373  1   1266
  1359   1373   1370  1   1266
  3713   3716   3717  1   1267
  3714   3713   3717  1   1267
  3714   3717   3718  1   1267
  3714   3718   3719  1   1267
  3715   3714   3719  1   1267
  3715   3719   3720  1   1267
  3716   3722   3723  1   1267
  3717   3716   3723  1   1267
  3717   3723   3724  1   1267
  3718   3717   3724  1   1267
  3718   3724   3725  1   1267
  3719   3718   3725  1   1267
  3719   3725   3726  1   1267
  3720   3719   3726  1   1267
  3720   3726   3727  1   1267
  3721   3720   3727  1   1267
  3724   3723   3728  1   1267
  3725   3724   3728  1   1267
  3725   3728   3729  1   1267
  3726   3725   3729  1   1267
  3726   3729   2138  1   1267
  3726   2138    624  1   1267
  3726    624   3727  1   1267
  3727    624    629  1   1267
  3727    629    630  1   1267
  3727    630   3322  1   1267
  3727   3322   3721  1   1267
  3721   3322   3320  1   1267
  3721   3320   3720  1   1267
  3720   3320   3318  1   1267
  3720   3318   3715  1   1267
  3715   3318   3316  1   1267
  3715   3316   3714  1   1267
  3714   3316   3314  1   1267
  3714   3314   3713  1   1267
  3713   3314   3312  1   1267
  3713   3312   3716  1   1267
  3716   3312   3310  1   1267
  3716   3310   3722  1   1267
  3722   3310   1374  1   1267
  3722   1374    623  1   1267
  3722    623   3723  1   1267
  3723    623   3728  1   1267
  3728    623   2135  1   1267
  3728   2135   3729  1   1267
  3729   2135   2138  1   1267
  3731   3730   3732  1   1268
  3731   3732   3733  1   1268
  3731   3733   2149  1   1268
  3731   2149   2152  1   1268
  3731   2152   3730  1   1268
  3730   2152    627  1   1268
  3730    627    626  1   1268
  3730    626   2143  1   1268
  3730   2143   3732  1   1268
  3732   2143   2146  1   1268
  3732   2146   3733  1   1268
  3733   2146   2149  1   1268
  3735   3734   3737  1   1269
  3735   3737   3738  1   1269
  3738   3737   3739  1   1269
  3738   3739   3313  1   1269
  3738   3313   3315  1   1269
  3738   3315   3735  1   1269
  3735   3315   3736  1   1269
  3735   3736   2183  1   1269
  3735   2183   3734  1   1269
  3734   2183   2185  1   1269
  3734   2185   3271  1   1269
  3734   3271   3275  1   1269
  3734   3275   3737  1   1269
  3737   3275   1351  1   1269
  3737   1351   3739  1   1269
  3739   1351   1354  1   1269
  3739   1354   1371  1   1269
  3739   1371   3311  1   1269
  3739   3311   3313  1   1269
  3311   1371   1372  1   1269
  3271   2185    648  1   1269
  2183   3736   2181  1   1269
  2181   3736   3317  1   1269
  2181   3317   2179  1   1269
  2179   3317   3319  1   1269
  2179   3319   2177  1   1269
  2177   3319   3321  1   1269
  2177   3321   2175  1   1269
  2175   3321   3323  1   1269
  2175   3323   2173  1   1269
  2173   3323    632  1   1269
  2173    632    633  1   1269
  2173    633    647  1   1269
  3317   3736   3315  1   1269
   636    639    645  1   1270
   636    645    635  1   1270
  3740   3742   3743  1   1271
  3741   3740   3743  1   1271
  3741   3743   2217  1   1271
  3741   2217   2219  1   1271
  3741   2219    663  1   1271
  3741    663   3740  1   1271
  3740    663   3250  1   1271
  3740   3250   1345  1   1271
  3740   1345   1348  1   1271
  3740   1348   3742  1   1271
  3742   1348    659  1   1271
  3742    659   3743  1   1271
  3743    659    660  1   1271
  3743    660   2215  1   1271
  3743   2215   2217  1   1271
   669    791    668  1   1272
   672    799    671  1   1273
   671    799    789  1   1273
   789    799    793  1   1273
   789    793    786  1   1273
   786    793    785  1   1273
   793    799    796  1   1273
   675    678    800  1   1274
   675    800    674  1   1274
  3744   3746   3747  1   1275
  3745   3748   3749  1   1275
  3746   3745   3749  1   1275
  3746   3749   3750  1   1275
  3747   3746   3750  1   1275
  3747   3750   3751  1   1275
  3749   3748   3752  1   1275
  3749   3752   3753  1   1275
  3750   3749   3753  1   1275
  3750   3753   3751  1   1275
  3751   3753   2237  1   1275
  3751   2237   2239  1   1275
  3751   2239   2241  1   1275
  3751   2241   3747  1   1275
  3747   2241   2243  1   1275
  3747   2243   3744  1   1275
  3744   2243    684  1   1275
  3744    684    802  1   1275
  3744    802   3745  1   1275
  3744   3745   3746  1   1275
  3745    802    797  1   1275
  3745    797   3748  1   1275
  3748    797    798  1   1275
  3748    798    680  1   1275
  3748    680   3752  1   1275
  3752    680    681  1   1275
  3752    681   3753  1   1275
  3753    681   2237  1   1275
   687    814    686  1   1276
   686    814    811  1   1276
   686    811    808  1   1276
   686    808    805  1   1276
   686    805    803  1   1276
   690    817   2397  1   1277
   690   2397    689  1   1277
   689   2397    815  1   1277
   693    820    818  1   1278
   693    818    692  1   1278
   696    699    695  1   1279
   695    699   2402  1   1279
   695   2402    821  1   1279
  2402    699   2253  1   1279
  2402   2253   2255  1   1279
  2402   2255    823  1   1279
   823   2255    826  1   1279
   826   2255    702  1   1279
  3756   3755   3758  1   1280
  3756   3758   2424  1   1280
  3756   2424   2422  1   1280
  3756   2422   3755  1   1280
  3755   2422   2420  1   1280
  3755   2420    827  1   1280
  3755    827    704  1   1280
  3755    704   3758  1   1280
  3758    704    705  1   1280
  3758    705   3759  1   1280
  3758   3759   2426  1   1280
  3758   2426   2424  1   1280
  2426   3759   2428  1   1280
  2428   3759   2271  1   1280
  2428   2271    708  1   1280
  2428    708   2430  1   1280
  2430    708   3757  1   1280
  2430   3757   2432  1   1280
  2432   3757   3754  1   1280
  2432   3754   2434  1   1280
  2432   2434    832  1   1280
  2434   3754   2436  1   1280
  2436   3754   2281  1   1280
  2436   2281    711  1   1280
  2281   3754   3757  1   1280
  2281   3757    708  1   1280
  2271   3759    705  1   1280
  2422   2424    829  1   1280
  2440    844   3760  1   1281
  2440   3760   2437  1   1281
  2440   2437    713  1   1281
  2440    713    714  1   1281
  2437   3760   2435  1   1281
  2435   3760   2438  1   1281
  2435   2438    833  1   1281
   833   2438    835  1   1281
  2438   3760    838  1   1281
   838   3760    841  1   1281
   841   3760    844  1   1281
   717    850   2441  1   1282
   717   2441    716  1   1282
  2441    850   2442  1   1282
  2441   2442    845  1   1282
  2442    850    847  1   1282
   720    851    719  1   1283
  3761   3765   3762  1   1284
  3761   3762   3763  1   1284
  3763   3762   3767  1   1284
  3763   3767   3768  1   1284
  3764   3763   3768  1   1284
  3764   3768   3769  1   1284
  3762   3765   3770  1   1284
  3762   3770   3766  1   1284
  3762   3766   3767  1   1284
  3767   3766   3772  1   1284
  3767   3772   3773  1   1284
  3768   3767   3773  1   1284
  3768   3773   3774  1   1284
  3769   3768   3774  1   1284
  3766   3771   3772  1   1284
  3772   3771    737  1   1284
  3772    737   2316  1   1284
  3772   2316   3773  1   1284
  3773   2316    738  1   1284
  3773    738   3774  1   1284
  3774    738    741  1   1284
  3774    741    744  1   1284
  3774    744    752  1   1284
  3774    752   3769  1   1284
  3769    752    753  1   1284
  3769    753   3764  1   1284
  3764    753    756  1   1284
  3764    756   2465  1   1284
  3764   2465   3763  1   1284
  3763   2465   3761  1   1284
  3761   2465    853  1   1284
  3761    853    848  1   1284
  3761    848   3765  1   1284
  3765    848    849  1   1284
  3765    849    722  1   1284
  3765    722   3770  1   1284
  3770    722    723  1   1284
  3770    723   3771  1   1284
  3770   3771   3766  1   1284
  3771    723    737  1   1284
   726    735    725  1   1285
   747    750    746  1   1286
  3776   3775   3777  1   1287
  3776   3777   2491  1   1287
  3776   2491   2489  1   1287
  3776   2489    859  1   1287
  3776    859   3775  1   1287
  3775    859   2479  1   1287
  3775   2479   2469  1   1287
  3775   2469   3777  1   1287
  3777   2469    758  1   1287
  3777    758    759  1   1287
  3777    759   2491  1   1287
  2491    759    865  1   1287
  2469   2479    856  1   1287
  2469    856    854  1   1287
   859   2489    862  1   1287
   762    868    866  1   1288
   762    866    761  1   1288
  2352    768   3779  1   1289
  2352   3779    765  1   1289
   765   3779   3778  1   1289
   765   3778    764  1   1289
   764   3778    871  1   1289
   764    871    869  1   1289
   871   3778   3779  1   1289
   871   3779    768  1   1289
  3780   3782   3783  1   1290
  3780   3783   3784  1   1290
  3781   3785   3786  1   1290
  3782   3781   3786  1   1290
  3782   3786   3787  1   1290
  3783   3782   3787  1   1290
  3783   3787   3788  1   1290
  3783   3788   3789  1   1290
  3784   3783   3789  1   1290
  3784   3789   3790  1   1290
  3786   3785   3791  1   1290
  3786   3791   3792  1   1290
  3787   3786   3792  1   1290
  3787   3792   3793  1   1290
  3788   3787   3793  1   1290
  3788   3793   3794  1   1290
  3789   3788   3794  1   1290
  3789   3794   3795  1   1290
  3790   3789   3795  1   1290
  3792   3791   3796  1   1290
  3792   3796   3797  1   1290
  3793   3792   3797  1   1290
  3794   3793   3797  1   1290
  3794   3797    771  1   1290
  3794    771   3795  1   1290
  3795    771   2525  1   1290
  3795   2525    888  1   1290
  3795    888   3790  1   1290
  3790    888    885  1   1290
  3790    885   3784  1   1290
  3784    885    882  1   1290
  3784    882   3780  1   1290
  3780    882   2514  1   1290
  3780   2514    879  1   1290
  3780    879    874  1   1290
  3780    874   3781  1   1290
  3780   3781   3782  1   1290
  3781    874   2511  1   1290
  3781   2511   3785  1   1290
  3785   2511   2509  1   1290
  3785   2509   2507  1   1290
  3785   2507   3791  1   1290
  3791   2507    872  1   1290
  3791    872   3796  1   1290
  3796    872    770  1   1290
  3796    770   3797  1   1290
  3797    770    771  1   1290
   774    806   2527  1   1291
   774   2527    773  1   1291
  2527    806    889  1   1291
   889    806   2530  1   1291
  2530    806    807  1   1291
  2530    807    891  1   1291
   891    807    894  1   1291
   777    794   3798  1   1292
   777   3798    776  1   1292
   776   3798    804  1   1292
   804   3798    801  1   1292
   801   3798    795  1   1292
   795   3798    794  1   1292
   780    783   2360  1   1293
  2360    783    792  1   1293
  2360    792    779  1   1293
   810    895    809  1   1294
  3799   3800   3801  1   1295
  3799   3801    903  1   1295
  3799    903    900  1   1295
  3799    900    897  1   1295
  3799    897    813  1   1295
  3799    813   2398  1   1295
  3799   2398   3800  1   1295
  3800   2398    816  1   1295
  3800    816    819  1   1295
  3800    819   2404  1   1295
  3800   2404   3801  1   1295
  3801   2404    906  1   1295
  3801    906    903  1   1295
   906   2404    822  1   1295
   813    897    812  1   1295
   812    897    892  1   1295
   812    892    893  1   1295
  2423    828   2552  1   1296
  2423   2552   3803  1   1296
  2423   3803   2421  1   1296
  2421   3803   3802  1   1296
  2421   3802    907  1   1296
  2421    907    824  1   1296
  2421    824    825  1   1296
   907   3802    909  1   1296
   909   3802    912  1   1296
   912   3802    915  1   1296
   915   3802   3803  1   1296
   915   3803   2552  1   1296
  2552    828    918  1   1296
  3805   3804   3808  1   1297
  3805   3808   3809  1   1297
  3806   3805   3809  1   1297
  3806   3809   3810  1   1297
  3807   3806   3810  1   1297
  3807   3810   2433  1   1297
  3807   2433    831  1   1297
  3807    831    834  1   1297
  3807    834   2558  1   1297
  3807   2558   3806  1   1297
  3806   2558   2555  1   1297
  3806   2555   3805  1   1297
  3805   2555   3804  1   1297
  3804   2555    919  1   1297
  3804    919    830  1   1297
  3804    830   2425  1   1297
  3804   2425   3808  1   1297
  3808   2425   2427  1   1297
  3808   2427   2429  1   1297
  3808   2429   3809  1   1297
  3809   2429   3810  1   1297
  3810   2429   2431  1   1297
  3810   2431   2433  1   1297
  3811   3814   3815  1   1298
  3811   3815   2570  1   1298
  3811   2570   2568  1   1298
  3811   2568   2566  1   1298
  3811   2566   3813  1   1298
  3811   3813   3814  1   1298
  3814   3813   2557  1   1298
  3814   2557   2560  1   1298
  3814   2560   3815  1   1298
  3815   2560    836  1   1298
  3815    836   3816  1   1298
  3815   3816   2572  1   1298
  3815   2572   2570  1   1298
  2572   3816   2574  1   1298
  2574   3816   2439  1   1298
  2574   2439    837  1   1298
  2439   3816    836  1   1298
  2557   3813   3812  1   1298
  2557   3812    917  1   1298
   917   3812   2553  1   1298
  2553   3812   2562  1   1298
  2553   2562    916  1   1298
  2562   3812   2564  1   1298
  2564   3812   2566  1   1298
  2566   3812   3813  1   1298
   840    945   3819  1   1299
   840   3819    839  1   1299
   839   3819   3818  1   1299
   839   3818   2575  1   1299
  2575   3818   3823  1   1299
  2575   3823   2573  1   1299
  2573   3823   2602  1   1299
  2573   2602   2571  1   1299
  2571   2602   2600  1   1299
  2571   2600   2569  1   1299
  2569   2600   2598  1   1299
  2569   2598   2567  1   1299
  2567   2598   2596  1   1299
  2567   2596   2565  1   1299
  2565   2596   3822  1   1299
  2565   3822   2563  1   1299
  2563   3822   3821  1   1299
  2563   3821    914  1   1299
   914   3821   3820  1   1299
   914   3820    913  1   1299
   913   3820    921  1   1299
   921   3820    924  1   1299
   924   3820    930  1   1299
   924    930    927  1   1299
   930   3820    933  1   1299
   933   3820   3821  1   1299
   933   3821    936  1   1299
   936   3821   3822  1   1299
   936   3822   2596  1   1299
  2602   3823   2604  1   1299
  2604   3823   3818  1   1299
  2604   3818   2606  1   1299
  2606   3818   3817  1   1299
  2606   3817    939  1   1299
   939   3817    942  1   1299
   942   3817   3819  1   1299
   942   3819    945  1   1299
  3819   3817   3818  1   1299
  2443    846   2621  1   1300
  2443   2621    948  1   1300
  2443    948    843  1   1300
   843    948    842  1   1300
   842    948    946  1   1300
  2621    846    855  1   1300
   855    846    852  1   1300
   858    951   2629  1   1301
   858   2629   2482  1   1301
  2482   2629   2627  1   1301
  2482   2627    857  1   1301
   857   2627   2625  1   1301
   857   2625   2623  1   1301
  2623   2625    949  1   1301
   861    963    960  1   1302
   861    960    860  1   1302
   860    960    952  1   1302
   952    960    957  1   1302
   952    957    954  1   1302
   864    867   2508  1   1303
   864   2508   2492  1   1303
  2492   2508   2510  1   1303
  2492   2510   2490  1   1303
  2490   2510   2512  1   1303
  2490   2512    964  1   1303
  2490    964    863  1   1303
   964   2512    966  1   1303
   966   2512    873  1   1303
  2508    867    870  1   1303
  3824   3826   3827  1   1304
  3825   3828   3829  1   1304
  3826   3825   3829  1   1304
  3826   3829   3830  1   1304
  3827   3826   3830  1   1304
  3827   3830   3831  1   1304
  3830   3829   3832  1   1304
  3830   3832   3831  1   1304
  3831   3832    878  1   1304
  3831    878    975  1   1304
  3831    975    972  1   1304
  3831    972   2666  1   1304
  3831   2666   3827  1   1304
  3827   2666   2663  1   1304
  3827   2663   3824  1   1304
  3824   2663    969  1   1304
  3824    969   2660  1   1304
  3824   2660   3826  1   1304
  3826   2660   2658  1   1304
  3826   2658   3825  1   1304
  3825   2658   2656  1   1304
  3825   2656   3828  1   1304
  3828   2656    958  1   1304
  3828    958    959  1   1304
  3828    959   2652  1   1304
  3828   2652   3829  1   1304
  3829   2652   3832  1   1304
  3832   2652    967  1   1304
  3832    967    875  1   1304
  3832    875    878  1   1304
   881    978   2516  1   1305
  2516    978    976  1   1305
  2516    976    880  1   1305
  2694    987   3833  1   1306
  2694   3833    884  1   1306
   884   3833    883  1   1306
   883   3833    981  1   1306
   883    981    979  1   1306
   981   3833    984  1   1306
   984   3833    987  1   1306
  3834   3837   3838  1   1307
  3835   3834   3838  1   1307
  3835   3838   1002  1   1307
  3835   1002    999  1   1307
  3835    999    996  1   1307
  3835    996    993  1   1307
  3835    993   3834  1   1307
  3834    993    990  1   1307
  3834    990    988  1   1307
  3834    988   2695  1   1307
  3834   2695   3837  1   1307
  3837   2695   3836  1   1307
  3837   3836   2532  1   1307
  3837   2532    890  1   1307
  3837    890    896  1   1307
  3837    896   3838  1   1307
  3838    896   1002  1   1307
  2532   3836    887  1   1307
   887   3836    886  1   1307
   886   3836   2695  1   1307
   899   1008   1005  1   1308
   899   1005   1003  1   1308
   899   1003    898  1   1308
   902   1011    901  1   1309
   901   1011   1009  1   1309
   905    908    904  1   1310
   904    908   1012  1   1310
   911    920    910  1   1311
   910    920   1010  1   1311
  1010    920   1006  1   1311
  1010   1006   1007  1   1311
   923   1020   1017  1   1312
   923   1017   1000  1   1312
   923   1000    922  1   1312
   922   1000   1001  1   1312
   922   1001   1004  1   1312
  1000   1017   1014  1   1312
   926   1021    925  1   1313
   929   1029    928  1   1314
   928   1029   1019  1   1314
  1019   1029   1026  1   1314
  1019   1026   1023  1   1314
  1019   1023   1018  1   1314
   932   1030    931  1   1315
   935   1038   2740  1   1316
   935   2740   3839  1   1316
   935   3839    934  1   1316
   934   3839   1032  1   1316
   934   1032   1028  1   1316
  1028   1032   1027  1   1316
  1032   3839   2736  1   1316
  2736   3839   2738  1   1316
  2736   2738   1035  1   1316
  2738   3839   2740  1   1316
   938   1053   3840  1   1317
   938   3840   2607  1   1317
  2607   3840   3842  1   1317
  2607   3842   2605  1   1317
  2605   3842   2603  1   1317
  2603   3842   3841  1   1317
  2603   3841   2601  1   1317
  2601   3841   1041  1   1317
  2601   1041   2599  1   1317
  2599   1041   2597  1   1317
  2597   1041   1039  1   1317
  2597   1039    937  1   1317
  1041   3841   2755  1   1317
  2755   3841   3842  1   1317
  2755   3842   3840  1   1317
  2755   3840   1044  1   1317
  1044   3840   1047  1   1317
  1047   3840   1050  1   1317
  1050   3840   1053  1   1317
  3843   3844   3845  1   1318
  3843   3845   2806  1   1318
  3843   2806   2804  1   1318
  3843   2804   2796  1   1318
  3843   2796   3844  1   1318
  3844   2796   1068  1   1318
  3844   1068   1062  1   1318
  3844   1062   1059  1   1318
  3844   1059   1056  1   1318
  3844   1056   1054  1   1318
  3844   1054    940  1   1318
  3844    940   3845  1   1318
  3845    940    941  1   1318
  3845    941   2808  1   1318
  3845   2808   2806  1   1318
  1062   1068   1065  1   1318
  2796   2804   1071  1   1318
  3846   3849   3850  1   1319
  3847   3846   3850  1   1319
  3849   3848   3851  1   1319
  3849   3851   3852  1   1319
  3850   3849   3852  1   1319
  3850   3852   2628  1   1319
  3850   2628   2630  1   1319
  3850   2630    950  1   1319
  3850    950   3847  1   1319
  3847    950    953  1   1319
  3847    953   1074  1   1319
  3847   1074   2805  1   1319
  3847   2805   3846  1   1319
  3846   2805   2807  1   1319
  3846   2807   3848  1   1319
  3846   3848   3849  1   1319
  3848   2807   2809  1   1319
  3848   2809   3851  1   1319
  3851   2809    944  1   1319
  3851    944    947  1   1319
  3851    947   2626  1   1319
  3851   2626   3852  1   1319
  3852   2626   2628  1   1319
   944   2809    943  1   1319
  2805   1074   1072  1   1319
  2661    968   2826  1   1320
  2661   2826   2824  1   1320
  2661   2824   2659  1   1320
  2659   2824   2822  1   1320
  2659   2822   2657  1   1320
  2657   2822   2820  1   1320
  2657   2820    956  1   1320
   956   2820    955  1   1320
   955   2820   1075  1   1320
  2826    968   1077  1   1320
   962    965   2654  1   1321
   962   2654    961  1   1321
  3854   3853   3856  1   1322
  3854   3856   3857  1   1322
  3855   3854   3857  1   1322
  3855   3857   1098  1   1322
  3855   1098   1095  1   1322
  3855   1095   1092  1   1322
  3855   1092   2846  1   1322
  3855   2846   3854  1   1322
  3854   2846   3853  1   1322
  3853   2846   2844  1   1322
  3853   2844   2665  1   1322
  3853   2665   2668  1   1322
  3853   2668   3856  1   1322
  3856   2668    971  1   1322
  3856    971   3857  1   1322
  3857    971    982  1   1322
  3857    982   1098  1   1322
  1098    982    983  1   1322
  2665   2844   2842  1   1322
  2665   2842    970  1   1322
   970   2842   1078  1   1322
  1078   2842   1086  1   1322
  1078   1086   1083  1   1322
  1078   1083   1080  1   1322
  2846   1092   1089  1   1322
   974    977    973  1   1323
   973    977    980  1   1323
   986    989   3858  1   1324
   986   3858   1101  1   1324
   986   1101    985  1   1324
   985   1101   1099  1   1324
  1101   3858   1104  1   1324
  1104   3858   1107  1   1324
  1107   3858   1110  1   1324
  1110   3858    989  1   1324
   992   1111    991  1   1325
   995   1015   3861  1   1326
   995   3861   3860  1   1326
   995   3860    994  1   1326
   994   3860   3859  1   1326
   994   3859   1109  1   1326
  1109   3859   2853  1   1326
  1109   2853   1108  1   1326
  2853   3859   1113  1   1326
  1113   3859   1116  1   1326
  1116   3859   3861  1   1326
  1116   3861   1022  1   1326
  1022   3861   1016  1   1326
  1016   3861   1015  1   1326
  3861   3859   3860  1   1326
   998   1013    997  1   1327
  3864   3863   3865  1   1328
  3864   3865   1031  1   1328
  3864   1031   2882  1   1328
  3864   2882   3862  1   1328
  3864   3862   2864  1   1328
  3864   2864   3863  1   1328
  3863   2864   2860  1   1328
  3863   2860   1117  1   1328
  3863   1117   3865  1   1328
  3865   1117   1024  1   1328
  3865   1024   1025  1   1328
  3865   1025   1031  1   1328
  2860   2864   1119  1   1328
  2864   3862   2866  1   1328
  2866   3862   2880  1   1328
  2866   2880   2868  1   1328
  2868   2880   2878  1   1328
  2868   2878   2870  1   1328
  2870   2878   2876  1   1328
  2870   2876   1122  1   1328
  1122   2876   1125  1   1328
  2880   3862   2882  1   1328
  1034   1131   2881  1   1329
  1034   2881   2737  1   1329
  2737   2881   2883  1   1329
  2737   2883   1033  1   1329
  2881   1131   3867  1   1329
  2881   3867   2879  1   1329
  2879   3867   3866  1   1329
  2879   3866   2877  1   1329
  2877   3866   1126  1   1329
  1126   3866   1128  1   1329
  1128   3866   2889  1   1329
  2889   3866   3867  1   1329
  2889   3867   1131  1   1329
  1037   1040   3869  1   1330
  1037   3869   3868  1   1330
  1037   3868   2741  1   1330
  2741   3868   2739  1   1330
  2739   3868   2893  1   1330
  2739   2893   1036  1   1330
  1036   2893   1132  1   1330
  2893   3868   3869  1   1330
  2893   3869   2895  1   1330
  2895   3869   2911  1   1330
  2895   2911   2909  1   1330
  2895   2909   2897  1   1330
  2897   2909   2907  1   1330
  2897   2907   1137  1   1330
  2897   1137   1134  1   1330
  1137   2907   1140  1   1330
  2911   3869   1040  1   1330
  1043   1146   3871  1   1331
  1043   3871   2759  1   1331
  2759   3871   3870  1   1331
  2759   3870   3873  1   1331
  2759   3873   1042  1   1331
  1042   3873   2912  1   1331
  2912   3873   2910  1   1331
  2910   3873   3872  1   1331
  2910   3872   2908  1   1331
  2908   3872   3870  1   1331
  2908   3870   1141  1   1331
  1141   3870   3871  1   1331
  1141   3871   1143  1   1331
  1143   3871   1146  1   1331
  3870   3872   3873  1   1331
  1046   1060   1147  1   1332
  1046   1147   1045  1   1332
  1147   1060   1061  1   1332
  1049   1057   1048  1   1333
  1048   1057   1058  1   1333
  1052   1055   1051  1   1334
  1064   1155   1063  1   1335
  1063   1155   1149  1   1335
  1063   1149   2923  1   1335
  1063   2923   1145  1   1335
  1145   2923   1144  1   1335
  1149   1155   1152  1   1335
  1067   1156   1066  1   1336
  3874   3875   3876  1   1337
  3874   3876   3877  1   1337
  3876   3875   3879  1   1337
  3876   3879   3880  1   1337
  3876   3880   3881  1   1337
  3877   3876   3881  1   1337
  3875   3882   3878  1   1337
  3875   3878   3879  1   1337
  3879   3878   3884  1   1337
  3879   3884   3885  1   1337
  3880   3879   3885  1   1337
  3878   3882   3886  1   1337
  3878   3886   3883  1   1337
  3878   3883   3884  1   1337
  3884   3883   3888  1   1337
  3883   3887   3888  1   1337
  3888   3887   1070  1   1337
  3888   1070   1073  1   1337
  3888   1073   2821  1   1337
  3888   2821   3885  1   1337
  3888   3885   3884  1   1337
  3885   2821   2823  1   1337
  3885   2823   2825  1   1337
  3885   2825   3880  1   1337
  3880   2825   3881  1   1337
  3881   2825   2827  1   1337
  3881   2827   1076  1   1337
  3881   1076   3877  1   1337
  3877   1076   1079  1   1337
  3877   1079   3874  1   1337
  3874   1079   1161  1   1337
  3874   1161   3875  1   1337
  3875   1161   1158  1   1337
  3875   1158   3882  1   1337
  3882   1158   3886  1   1337
  3886   1158   1153  1   1337
  3886   1153   1069  1   1337
  3886   1069   2800  1   1337
  3886   2800   3887  1   1337
  3886   3887   3883  1   1337
  3887   2800   1070  1   1337
  1069   1153   1154  1   1337
  3890   3889   3892  1   1338
  3890   3892   3893  1   1338
  3889   3891   3892  1   1338
  3892   3891   3894  1   1338
  3892   3894   3895  1   1338
  3893   3892   3895  1   1338
  3893   3895   2983  1   1338
  3893   2983   2981  1   1338
  3893   2981   3890  1   1338
  3890   2981   2979  1   1338
  3890   2979   3889  1   1338
  3889   2979   1175  1   1338
  3889   1175   1172  1   1338
  3889   1172   3891  1   1338
  3891   1172   1169  1   1338
  3891   1169   2963  1   1338
  3891   2963   3894  1   1338
  3894   2963   1166  1   1338
  3894   1166   1162  1   1338
  3894   1162   1081  1   1338
  3894   1081   3895  1   1338
  3895   1081   1082  1   1338
  3895   1082   2985  1   1338
  3895   2985   2983  1   1338
  1175   2979   1178  1   1338
  1085   1190   3005  1   1339
  1085   3005   2986  1   1339
  1085   2986   1084  1   1339
  2986   3005   3003  1   1339
  2986   3003   2984  1   1339
  2984   3003   3001  1   1339
  2984   3001   2982  1   1339
  2982   3001   2980  1   1339
  2980   3001   2999  1   1339
  2980   2999   1184  1   1339
  2980   1184   1179  1   1339
  1179   1184   1181  1   1339
  1184   2999   1187  1   1339
  1088   1193   2847  1   1340
  2847   1193   3896  1   1340
  2847   3896   2845  1   1340
  2845   3896   2843  1   1340
  2843   3896   1191  1   1340
  2843   1191   1087  1   1340
  1191   3896   1193  1   1340
  1091   1202   3020  1   1341
  1091   3020   1090  1   1341
  1090   3020   1194  1   1341
  3020   1202   1196  1   1341
  1196   1202   1199  1   1341
  1094   1205   1093  1   1342
  1093   1205   1203  1   1342
  1097   1100   3029  1   1343
  1097   3029   3897  1   1343
  1097   3897   1096  1   1343
  1096   3897   1206  1   1343
  1206   3897   3029  1   1343
  3041   1208   3035  1   1344
  3041   3035   3898  1   1344
  3041   3898   3043  1   1344
  3043   3898   3031  1   1344
  3043   3031   3045  1   1344
  3045   3031   1102  1   1344
  3045   1102   1103  1   1344
  3031   3898   1204  1   1344
  1204   3898   1200  1   1344
  1204   1200   1201  1   1344
  1200   3898   3035  1   1344
  3900   3899   3902  1   1345
  3900   3902   3903  1   1345
  3902   3901   3904  1   1345
  3902   3904   3903  1   1345
  3903   3904   1112  1   1345
  3903   1112   1220  1   1345
  3903   1220   3900  1   1345
  3900   1220   1217  1   1345
  3900   1217   1214  1   1345
  3900   1214   1211  1   1345
  3900   1211   3899  1   1345
  3899   1211   1209  1   1345
  3899   1209   3042  1   1345
  3899   3042   3901  1   1345
  3899   3901   3902  1   1345
  3901   3042   3044  1   1345
  3901   3044   3046  1   1345
  3901   3046   3904  1   1345
  3904   3046   1105  1   1345
  3904   1105   2855  1   1345
  3904   2855   1112  1   1345
  2855   1105   1106  1   1345
  2862   1118   1114  1   1346
  2862   1114   1115  1   1346
  1114   1118   1221  1   1346
  3905   3908   3909  1   1347
  3906   3905   3909  1   1347
  3906   3909   3907  1   1347
  3906   3907   1229  1   1347
  3906   1229   3905  1   1347
  3905   1229   1226  1   1347
  3905   1226   1218  1   1347
  3905   1218   3908  1   1347
  3908   1218   1219  1   1347
  3908   1219   3910  1   1347
  3908   3910   3909  1   1347
  3909   3910   2865  1   1347
  3909   2865   2867  1   1347
  3909   2867   2869  1   1347
  3909   2869   3907  1   1347
  3907   2869   2871  1   1347
  3907   2871   1121  1   1347
  3907   1121   1232  1   1347
  3907   1232   1229  1   1347
  2865   3910   1120  1   1347
  1120   3910   1219  1   1347
  1218   1226   1223  1   1347
  1124   1127   3085  1   1348
  1124   3085   1123  1   1348
  1123   3085   1235  1   1348
  1123   1235   1233  1   1348
  3085   1127   3087  1   1348
  3087   1127   1241  1   1348
  3087   1241   1238  1   1348
  3911   3913   3914  1   1349
  3912   3911   3914  1   1349
  3912   3914   2898  1   1349
  3912   2898   1133  1   1349
  3912   1133   1242  1   1349
  3912   1242   3911  1   1349
  3911   1242   1129  1   1349
  3911   1129   2891  1   1349
  3911   2891   3913  1   1349
  3913   2891   1130  1   1349
  3913   1130   2894  1   1349
  3913   2894   3914  1   1349
  3914   2894   2896  1   1349
  3914   2896   2898  1   1349
  3915   3916   3917  1   1350
  3915   3917   1253  1   1350
  3915   1253   1250  1   1350
  3915   1250   1247  1   1350
  3915   1247   1244  1   1350
  3915   1244   3916  1   1350
  3916   1244   1239  1   1350
  3916   1239   1135  1   1350
  3916   1135   3917  1   1350
  3917   1135   1136  1   1350
  3917   1136   1253  1   1350
  1135   1239   1240  1   1350
  3919   3918   3922  1   1351
  3919   3922   3923  1   1351
  3918   3920   3924  1   1351
  3918   3924   3921  1   1351
  3918   3921   3922  1   1351
  3922   3921   1142  1   1351
  3922   1142   2926  1   1351
  3922   2926   3923  1   1351
  3923   2926   1148  1   1351
  3923   1148   1256  1   1351
  3923   1256   3109  1   1351
  3923   3109   3919  1   1351
  3919   3109   3107  1   1351
  3919   3107   3105  1   1351
  3919   3105   3918  1   1351
  3918   3105   3103  1   1351
  3918   3103   3920  1   1351
  3920   3103   1254  1   1351
  3920   1254   1138  1   1351
  3920   1138   3924  1   1351
  3924   1138   1139  1   1351
  3924   1139   3921  1   1351
  3921   1139   1142  1   1351
  3926   3925   3927  1   1352
  3927   3928   3929  1   1352
  3927   3929   2966  1   1352
  3927   2966   3926  1   1352
  3926   2966   1168  1   1352
  3926   1168   3119  1   1352
  3926   3119   3925  1   1352
  3925   3119   3117  1   1352
  3925   3117   3115  1   1352
  3925   3115   3927  1   1352
  3927   3115   3113  1   1352
  3927   3113   3928  1   1352
  3928   3113   3111  1   1352
  3928   3111   1157  1   1352
  3928   1157   3929  1   1352
  3929   1157   1167  1   1352
  3929   1167   2966  1   1352
  1157   3111   1257  1   1352
  1157   1257   1151  1   1352
  1151   1257   1150  1   1352
  3117   3119   1259  1   1352
  1160   1165   1159  1   1353
  1171   1268   3120  1   1354
  1171   3120   1170  1   1354
  3120   1268   1260  1   1354
  1260   1268   1265  1   1354
  1260   1265   1262  1   1354
  3125   1269   1173  1   1355
  3125   1173   1174  1   1355
  1177   1180   1176  1   1356
  1176   1180   3137  1   1356
  1176   3137   3126  1   1356
  3126   3137   3930  1   1356
  3126   3930   3131  1   1356
  3126   3131   3129  1   1356
  3126   3129   1267  1   1356
  1267   3129   1266  1   1356
  1266   3129   1271  1   1356
  3131   3930   3133  1   1356
  3133   3930   3135  1   1356
  3133   3135   1274  1   1356
  3135   3930   3137  1   1356
  3147   1286   3145  1   1357
  3147   3145   3141  1   1357
  3147   3141   3932  1   1357
  3147   3932   3149  1   1357
  3149   3932   3931  1   1357
  3149   3931   3136  1   1357
  3149   3136   3138  1   1357
  3149   3138   1183  1   1357
  1183   3138   1182  1   1357
  3136   3931   1275  1   1357
  1275   3931   3932  1   1357
  1275   3932   1277  1   1357
  1277   3932   3139  1   1357
  3139   3932   3141  1   1357
  3141   3145   3143  1   1357
  3143   3145   1283  1   1357
  3143   1283   1280  1   1357
  1186   1289   3148  1   1358
  1186   3148   3150  1   1358
  1186   3150   1185  1   1358
  3148   1289   1287  1   1358
  3933   3934   3935  1   1359
  3933   3935   3936  1   1359
  3934   3937   3938  1   1359
  3935   3934   3938  1   1359
  3935   3938   3939  1   1359
  3935   3939   3940  1   1359
  3936   3935   3940  1   1359
  3938   3937   3941  1   1359
  3938   3941   3942  1   1359
  3939   3938   3942  1   1359
  3939   3942   3943  1   1359
  3939   3943   3944  1   1359
  3940   3939   3944  1   1359
  3941   3945   3946  1   1359
  3942   3941   3946  1   1359
  3942   3946   3947  1   1359
  3943   3942   3947  1   1359
  3943   3947   3948  1   1359
  3944   3943   3948  1   1359
  3947   3946   3949  1   1359
  3948   3947   3949  1   1359
  3948   3949   3022  1   1359
  3948   3022   1195  1   1359
  3948   1195   1295  1   1359
  3948   1295   3944  1   1359
  3944   1295   1292  1   1359
  3944   1292   3940  1   1359
  3940   1292   3936  1   1359
  3936   1292   1290  1   1359
  3936   1290   1188  1   1359
  3936   1188   3933  1   1359
  3933   1188   3000  1   1359
  3933   3000   3934  1   1359
  3934   3000   3002  1   1359
  3934   3002   3937  1   1359
  3937   3002   3004  1   1359
  3937   3004   3941  1   1359
  3941   3004   3006  1   1359
  3941   3006   3945  1   1359
  3945   3006   1189  1   1359
  3945   1189   1192  1   1359
  3945   1192   3946  1   1359
  3946   1192   3949  1   1359
  3949   1192   3022  1   1359
  3038   1207   3167  1   1360
  3038   3167   3950  1   1360
  3038   3950   1198  1   1360
  1198   3950   1197  1   1360
  1197   3950   1296  1   1360
  1296   3950   3167  1   1360
  3167   1207   3951  1   1360
  3167   3951   3169  1   1360
  3169   3951   1298  1   1360
  3169   1298   3175  1   1360
  3169   3175   3171  1   1360
  3171   3175   1284  1   1360
  3171   1284   3173  1   1360
  3173   1284   3146  1   1360
  3173   3146   1285  1   1360
  3173   1285   1291  1   1360
  1291   1285   1288  1   1360
  1298   3951   1301  1   1360
  1301   3951   1207  1   1360
  1301   1207   1210  1   1360
  1213   1224   3177  1   1361
  1213   3177   1212  1   1361
  1212   3177   1302  1   1361
  3177   1224   1225  1   1361
  3177   1225   3179  1   1361
  3177   3179   3952  1   1361
  3177   3952   1304  1   1361
  1304   3952   1307  1   1361
  1307   3952   1310  1   1361
  1310   3952   3179  1   1361
  1216   1222   1215  1   1362
  1228   1311   3180  1   1363
  1228   3180   1227  1   1363
  1231   1234   1230  1   1364
  1230   1234   1319  1   1364
  1230   1319   1309  1   1364
  1309   1319   1308  1   1364
  1308   1319   1316  1   1364
  1308   1316   1313  1   1364
  3953   3954   3955  1   1365
  3954   3957   3958  1   1365
  3955   3954   3958  1   1365
  3955   3958   3959  1   1365
  3956   3960   3961  1   1365
  3957   3956   3961  1   1365
  3957   3961   3962  1   1365
  3958   3957   3962  1   1365
  3962   3961   3963  1   1365
  3962   3963   3088  1   1365
  3962   3088   1237  1   1365
  3962   1237   3959  1   1365
  3962   3959   3958  1   1365
  3959   1237   1243  1   1365
  3959   1243   3200  1   1365
  3959   3200   3955  1   1365
  3955   3200   3198  1   1365
  3955   3198   3953  1   1365
  3953   3198   1328  1   1365
  3953   1328   1325  1   1365
  3953   1325   3954  1   1365
  3954   1325   1322  1   1365
  3954   1322   3956  1   1365
  3954   3956   3957  1   1365
  3956   1322   3186  1   1365
  3956   3186   3960  1   1365
  3960   3186   1320  1   1365
  3960   1320   1236  1   1365
  3960   1236   3086  1   1365
  3960   3086   3963  1   1365
  3960   3963   3961  1   1365
  3963   3086   3088  1   1365
  3229   1343   3964  1   1366
  3229   3964   3966  1   1366
  3229   3966   1246  1   1366
  1246   3966   3201  1   1366
  1246   3201   1245  1   1366
  3201   3966   3199  1   1366
  3199   3966   1329  1   1366
  1329   3966   1270  1   1366
  1270   3966   3964  1   1366
  1270   3964   3965  1   1366
  1270   3965   1264  1   1366
  1264   3965   1263  1   1366
  1263   3965   1343  1   1366
  1343   3965   3964  1   1366
  3231   1344   3230  1   1367
  3231   3230   1248  1   1367
  3231   1248   1249  1   1367
  3967   3968   3969  1   1368
  3969   3968   3970  1   1368
  3969   3970   3116  1   1368
  3969   3116   3118  1   1368
  3969   3118   3967  1   1368
  3967   3118   1258  1   1368
  3967   1258   1261  1   1368
  3967   1261   1342  1   1368
  3967   1342   3232  1   1368
  3967   3232   3968  1   1368
  3968   3232   3971  1   1368
  3968   3971   3106  1   1368
  3968   3106   3970  1   1368
  3970   3106   3108  1   1368
  3970   3108   3114  1   1368
  3970   3114   3116  1   1368
  3114   3108   3110  1   1368
  3114   3110   3112  1   1368
  3112   3110   1255  1   1368
  3106   3971   3104  1   1368
  3104   3971   1251  1   1368
  3104   1251   1252  1   1368
  1251   3971   3232  1   1368
  3972   3973   3974  1   1369
  3972   3975   3973  1   1369
  3973   3975   3977  1   1369
  3973   3977   3976  1   1369
  3973   3976   3132  1   1369
  3973   3132   3974  1   1369
  3974   3132   3134  1   1369
  3974   3134   1273  1   1369
  3974   1273   3972  1   1369
  3972   1273   1276  1   1369
  3972   1276   1331  1   1369
  3972   1331   3208  1   1369
  3972   3208   3975  1   1369
  3975   3208   3206  1   1369
  3975   3206   3977  1   1369
  3977   3206   1327  1   1369
  3977   1327   1272  1   1369
  3977   1272   3976  1   1369
  3976   1272   3130  1   1369
  3976   3130   3132  1   1369
  1327   3206   1326  1   1369
  3978   3980   3981  1   1370
  3979   3978   3981  1   1370
  3981   3980   3982  1   1370
  3981   3982   3216  1   1370
  3981   3216   3214  1   1370
  3981   3214   3979  1   1370
  3979   3214   1334  1   1370
  3979   1334   1332  1   1370
  3979   1332   1278  1   1370
  3979   1278   3978  1   1370
  3978   1278   3140  1   1370
  3978   3140   3142  1   1370
  3978   3142   3980  1   1370
  3980   3142   3144  1   1370
  3980   3144   3982  1   1370
  3982   3144   1279  1   1370
  3982   1279   1340  1   1370
  3982   1340   1337  1   1370
  3982   1337   3216  1   1370
  3176   1297   1341  1   1371
  3176   1341   1281  1   1371
  3176   1281   1282  1   1371
  3983   3984   3985  1   1372
  3983   3985   3172  1   1372
  3983   3172   3174  1   1372
  3983   3174   1293  1   1372
  3983   1293   3984  1   1372
  3984   1293   1294  1   1372
  3984   1294   3168  1   1372
  3984   3168   3985  1   1372
  3985   3168   3170  1   1372
  3985   3170   3172  1   1372
  3178   1303   3987  1   1373
  3178   3987   1300  1   1373
  1300   3987   1299  1   1373
  1299   3987   3986  1   1373
  1299   3986   1339  1   1373
  1339   3986   1338  1   1373
  1338   3986   1303  1   1373
  1303   3986   3987  1   1373
  1306   1312   3989  1   1374
  1306   3989   1305  1   1374
  1305   3989   3988  1   1374
  1305   3988   1336  1   1374
  1336   3988   3217  1   1374
  3217   3988   3215  1   1374
  3215   3988   3989  1   1374
  3215   3989   3223  1   1374
  3215   3223   1335  1   1374
  3223   3989   1312  1   1374
  1315   1323   3992  1   1375
  1315   3992   1314  1   1375
  1314   3992   3225  1   1375
  3225   3992   3990  1   1375
  3225   3990   1333  1   1375
  1333   3990   3209  1   1375
  1333   3209   1330  1   1375
  3209   3990   3991  1   1375
  3209   3991   3207  1   1375
  3207   3991   1324  1   1375
  1324   3991   1323  1   1375
  1323   3991   3990  1   1375
  1323   3990   3992  1   1375
  3188   1321   1317  1   1376
  3188   1317   1318  1   1376
  1357   1369   1356  1   1377
  1363   1366   1362  1   1378
  1378   1377   3993  1   1379
  1378   3993   3336  1   1379
  3336   3993   3994  1   1379
  3336   3994   3333  1   1379
  3333   3994   1377  1   1379
  1377   3994   3993  1   1379
