# MSMS solvent excluded surface faces for fragments/fragment221.xyzr
#faces  #sphere density probe_r
  19860     641  3.00  1.50
     1      5   3573  3      3
  3573      5   3574  3      3
  3573   3574      2  3      3
     2   3574      4  3      3
     5   3575      6  3      5
     6   3575   3576  3      5
  3575      8   3576  3      5
  3576      8      7  3      5
     8     11   3577  3      7
  3577     11   3578  3      7
  3577   3578      9  3      7
     9   3578     10  3      7
    11   3580   3579  3      9
  3579   3580   3581  3      9
  3579   3581     12  3      9
    12   3581   3582  3      9
  3580     14   3581  3      9
  3581     14   3583  3      9
  3581   3583   3582  3      9
  3582   3583     13  3      9
    14   3585   3584  3     11
  3584   3585   3586  3     11
  3584   3586     15  3     11
    15   3586   3587  3     11
  3585     17   3586  3     11
  3586     17   3588  3     11
  3586   3588   3587  3     11
  3587   3588     16  3     11
    17   3590   3589  3     13
  3589   3590   3591  3     13
  3589   3591     18  3     13
    18   3591   3592  3     13
  3590     20   3591  3     13
  3591     20   3593  3     13
  3591   3593   3592  3     13
  3592   3593     19  3     13
    20   3594     21  3     14
    21   3594   3595  3     14
  3594      1   3595  3     14
  3595      1      3  3     14
    21     23     19  3     16
    19     23     22  3     16
    23     26   3596  3     18
  3596     26   3598  3     18
  3596   3598   3597  3     18
  3597   3598   3599  3     18
  3597   3599     24  3     18
    24   3599     25  3     18
    26      3     27  3     19
    27      3      2  3     19
    27     29   3600  3     21
  3600     29   3602  3     21
  3600   3602   3601  3     21
  3601   3602   3603  3     21
  3601   3603     25  3     21
    25   3603     28  3     21
    29     32   3604  3     23
  3604     32   3607  3     23
  3604   3607   3605  3     23
  3605   3607   3608  3     23
  3605   3608   3606  3     23
  3606   3608   3609  3     23
  3606   3609     30  3     23
    30   3609     31  3     23
    32     35   3610  3     25
  3610     35   3613  3     25
  3610   3613   3611  3     25
  3611   3613   3614  3     25
  3611   3614   3612  3     25
  3612   3614   3615  3     25
  3612   3615     33  3     25
    33   3615     34  3     25
    35     38   3616  3     27
  3616     38   3619  3     27
  3616   3619   3617  3     27
  3617   3619   3620  3     27
  3617   3620   3618  3     27
  3618   3620   3621  3     27
  3618   3621     36  3     27
    36   3621     37  3     27
    38     41   3622  3     29
  3622     41   3625  3     29
  3622   3625   3623  3     29
  3623   3625   3626  3     29
  3623   3626   3624  3     29
  3624   3626   3627  3     29
  3624   3627     39  3     29
    39   3627     40  3     29
    41   3631   3628  3     31
  3628   3631   3632  3     31
  3628   3632   3629  3     31
  3629   3632   3633  3     31
  3629   3633   3630  3     31
  3630   3633   3634  3     31
  3630   3634     42  3     31
    42   3634   3635  3     31
  3631     44   3632  3     31
  3632     44   3636  3     31
  3632   3636   3633  3     31
  3633   3636   3637  3     31
  3633   3637   3634  3     31
  3634   3637   3638  3     31
  3634   3638   3635  3     31
  3635   3638     43  3     31
    44     47   3639  3     33
  3639     47   3640  3     33
  3639   3640     45  3     33
    45   3640     46  3     33
    47   3641     48  3     34
    48   3641   3642  3     34
  3641      4   3642  3     34
  3642      4      6  3     34
    48     50     46  3     36
    46     50     49  3     36
    51   3643     54  3     38
    54   3643   3644  3     38
  3644   3643     53  3     38
    50     55   3645  3     39
  3645     55   3646  3     39
  3645   3646     52  3     39
    55     58     56  3     41
    56     58     57  3     41
    58      7   3647  3     42
  3647      7   3648  3     42
  3647   3648     59  3     42
    59   3648      9  3     42
    59     61     57  3     44
    57     61     60  3     44
    61     64   3649  3     46
  3649     64   3651  3     46
  3649   3651   3650  3     46
  3650   3651   3652  3     46
  3650   3652     62  3     46
    62   3652     63  3     46
    64     67   3653  3     48
  3653     67   3655  3     48
  3653   3655   3654  3     48
  3654   3655   3656  3     48
  3654   3656     65  3     48
    65   3656     66  3     48
    67     70   3657  3     50
  3657     70   3660  3     50
  3657   3660   3658  3     50
  3658   3660   3661  3     50
  3658   3661   3659  3     50
  3659   3661   3662  3     50
  3659   3662     68  3     50
    68   3662     69  3     50
    70     10     71  3     51
    71     10     12  3     51
    71     73   3663  3     53
  3663     73   3666  3     53
  3663   3666   3664  3     53
  3664   3666   3667  3     53
  3664   3667   3665  3     53
  3665   3667   3668  3     53
  3665   3668     69  3     53
    69   3668     72  3     53
    73     76   3669  3     55
  3669     76   3671  3     55
  3669   3671   3670  3     55
  3670   3671   3672  3     55
  3670   3672     74  3     55
    74   3672     75  3     55
    76   3673     77  3     56
    77   3673   3674  3     56
  3673     13   3674  3     56
  3674     13     15  3     56
    77     79   3675  3     58
  3675     79   3676  3     58
  3675   3676     75  3     58
    75   3676     78  3     58
    79     82     80  3     60
    80     82     81  3     60
    82   3677     83  3     62
    83   3677   3678  3     62
  3677     85   3678  3     62
  3678     85     84  3     62
    85   3679     86  3     64
    86   3679   3680  3     64
  3679     88   3680  3     64
  3680     88     87  3     64
    88     91   3681  3     66
  3681     91   3683  3     66
  3681   3683   3682  3     66
  3682   3683   3684  3     66
  3682   3684     89  3     66
    89   3684     90  3     66
    91     94   3685  3     68
  3685     94   3686  3     68
  3685   3686     92  3     68
    92   3686     93  3     68
    94     97   3687  3     70
  3687     97   3688  3     70
  3687   3688     95  3     70
    95   3688     96  3     70
    97    100   3689  3     72
  3689    100   3690  3     72
  3689   3690     98  3     72
    98   3690     99  3     72
   100     16   3691  3     73
  3691     16   3692  3     73
  3691   3692    101  3     73
   101   3692     18  3     73
   101    103   3693  3     75
  3693    103   3694  3     75
  3693   3694     99  3     75
    99   3694    102  3     75
   103    106   3695  3     77
  3695    106   3696  3     77
  3695   3696    104  3     77
   104   3696    105  3     77
   106    109   3697  3     79
  3697    109   3698  3     79
  3697   3698    107  3     79
   107   3698    108  3     79
   109    112   3699  3     81
  3699    112   3700  3     81
  3699   3700    110  3     81
   110   3700    111  3     81
   112     22   3701  3     82
  3701     22   3702  3     82
  3701   3702    113  3     82
   113   3702     24  3     82
   113   3703    111  3     84
   111   3703   3704  3     84
  3703    115   3704  3     84
  3704    115    114  3     84
   115     28   3705  3     85
  3705     28   3706  3     85
  3705   3706    116  3     85
   116   3706     30  3     85
   116   3708   3707  3     87
  3707   3708   3709  3     87
  3707   3709    114  3     87
   114   3709   3710  3     87
  3708    118   3709  3     87
  3709    118   3711  3     87
  3709   3711   3710  3     87
  3710   3711    117  3     87
   118   3713   3712  3     89
  3712   3713   3714  3     89
  3712   3714    119  3     89
   119   3714   3715  3     89
  3713    121   3714  3     89
  3714    121   3716  3     89
  3714   3716   3715  3     89
  3715   3716    120  3     89
   121   3717    122  3     91
   122   3717   3718  3     91
  3717    124   3718  3     91
  3718    124    123  3     91
   124    127   3719  3     93
  3719    127   3720  3     93
  3719   3720    125  3     93
   125   3720    126  3     93
   127     31    128  3     94
   128     31     33  3     94
   128     34    126  3     95
   126     34     36  3     95
   125    130    123  3     97
   123    130    129  3     97
   130    133   3721  3     99
  3721    133   3723  3     99
  3721   3723   3722  3     99
  3722   3723   3724  3     99
  3722   3724    131  3     99
   131   3724    132  3     99
   133    136   3725  3    101
  3725    136   3727  3    101
  3725   3727   3726  3    101
  3726   3727   3728  3    101
  3726   3728    134  3    101
   134   3728    135  3    101
   140    137    139  3    103
   136    141    138  3    104
   141    144   3729  3    106
  3729    144   3732  3    106
  3729   3732   3730  3    106
  3730   3732   3733  3    106
  3730   3733   3731  3    106
  3731   3733   3734  3    106
  3731   3734    142  3    106
   142   3734    143  3    106
   144    147   3735  3    108
  3735    147   3739  3    108
  3735   3739   3736  3    108
  3736   3739   3740  3    108
  3736   3740   3737  3    108
  3737   3740   3741  3    108
  3737   3741   3738  3    108
  3738   3741   3742  3    108
  3738   3742    145  3    108
   145   3742    146  3    108
   147    150   3743  3    110
  3743    150   3745  3    110
  3743   3745   3744  3    110
  3744   3745   3746  3    110
  3744   3746    148  3    110
   148   3746    149  3    110
   150   3749   3747  3    112
  3747   3749   3750  3    112
  3747   3750   3748  3    112
  3748   3750   3751  3    112
  3748   3751    151  3    112
   151   3751   3752  3    112
  3749    153   3750  3    112
  3750    153   3753  3    112
  3750   3753   3751  3    112
  3751   3753   3754  3    112
  3751   3754   3752  3    112
  3752   3754    152  3    112
   153     37   3755  3    113
  3755     37   3757  3    113
  3755   3757   3756  3    113
  3756   3757   3758  3    113
  3756   3758    154  3    113
   154   3758     39  3    113
   154    156    152  3    115
   152    156    155  3    115
   156     40   3759  3    116
  3759     40   3761  3    116
  3759   3761   3760  3    116
  3760   3761   3762  3    116
  3760   3762    157  3    116
   157   3762     42  3    116
   157    159   3763  3    118
  3763    159   3765  3    118
  3763   3765   3764  3    118
  3764   3765   3766  3    118
  3764   3766    155  3    118
   155   3766    158  3    118
   159   3767    160  3    120
   160   3767   3768  3    120
  3767   3769   3768  3    120
  3768   3769   3770  3    120
  3769    162   3770  3    120
  3770    162    161  3    120
   162    165   3771  3    122
  3771    165   3773  3    122
  3771   3773   3772  3    122
  3772   3773   3774  3    122
  3772   3774    163  3    122
   163   3774    164  3    122
   165    168   3775  3    124
  3775    168   3777  3    124
  3775   3777   3776  3    124
  3776   3777   3778  3    124
  3776   3778    166  3    124
   166   3778    167  3    124
   168   3782   3779  3    126
  3779   3782   3783  3    126
  3779   3783   3780  3    126
  3780   3783   3784  3    126
  3780   3784   3781  3    126
  3781   3784   3785  3    126
  3781   3785    169  3    126
   169   3785   3786  3    126
  3782    171   3783  3    126
  3783    171   3787  3    126
  3783   3787   3784  3    126
  3784   3787   3788  3    126
  3784   3788   3785  3    126
  3785   3788   3789  3    126
  3785   3789   3786  3    126
  3786   3789    170  3    126
   171     43   3790  3    127
  3790     43   3792  3    127
  3790   3792   3791  3    127
  3791   3792   3793  3    127
  3791   3793    172  3    127
   172   3793     45  3    127
   172     49   3794  3    128
  3794     49   3797  3    128
  3794   3797   3795  3    128
  3795   3797   3798  3    128
  3795   3798   3796  3    128
  3796   3798   3799  3    128
  3796   3799    170  3    128
   170   3799     51  3    128
   169   3802   3800  3    130
  3800   3802   3803  3    130
  3800   3803   3801  3    130
  3801   3803   3804  3    130
  3801   3804    167  3    130
   167   3804   3805  3    130
  3802   3806   3803  3    130
  3803   3806   3807  3    130
  3803   3807   3804  3    130
  3804   3807   3808  3    130
  3804   3808   3805  3    130
  3805   3808   3809  3    130
  3806    174   3807  3    130
  3807    174   3810  3    130
  3807   3810   3808  3    130
  3808   3810   3811  3    130
  3808   3811   3809  3    130
  3809   3811    173  3    130
   174    177   3812  3    132
  3812    177   3813  3    132
  3812   3813    175  3    132
   175   3813    176  3    132
   177   3814    178  3    134
   178   3814   3815  3    134
  3814    180   3815  3    134
  3815    180    179  3    134
   180    183   3816  3    136
  3816    183   3817  3    136
  3816   3817    181  3    136
   181   3817    182  3    136
   183     63    184  3    137
   184     63     65  3    137
   184     66    182  3    138
   182     66     68  3    138
   181   3818    179  3    140
   179   3818   3819  3    140
  3818    186   3819  3    140
  3819    186    185  3    140
   186    189   3820  3    142
  3820    189   3821  3    142
  3820   3821    187  3    142
   187   3821    188  3    142
   189    192   3822  3    144
  3822    192   3823  3    144
  3822   3823    190  3    144
   190   3823    191  3    144
   192    195   3824  3    146
  3824    195   3826  3    146
  3824   3826   3825  3    146
  3825   3826   3827  3    146
  3825   3827    193  3    146
   193   3827    194  3    146
   195   3829   3828  3    148
  3828   3829   3830  3    148
  3828   3830    196  3    148
   196   3830   3831  3    148
  3829    198   3830  3    148
  3830    198   3832  3    148
  3830   3832   3831  3    148
  3831   3832    197  3    148
   198   3834   3833  3    149
  3833   3834   3835  3    149
  3833   3835    199  3    149
   199   3835   3836  3    149
  3834     72   3835  3    149
  3835     72   3837  3    149
  3835   3837   3836  3    149
  3836   3837     74  3    149
   199    201   3838  3    151
  3838    201   3839  3    151
  3838   3839    197  3    151
   197   3839    200  3    151
   201    204   3840  3    153
  3840    204   3841  3    153
  3840   3841    202  3    153
   202   3841    203  3    153
   204    207   3842  3    155
  3842    207   3843  3    155
  3842   3843    205  3    155
   205   3843    206  3    155
   207    210   3844  3    157
  3844    210   3845  3    157
  3844   3845    208  3    157
   208   3845    209  3    157
   210     78   3846  3    158
  3846     78   3847  3    158
  3846   3847    211  3    158
   211   3847     80  3    158
   211     81    209  3    159
   209     81     83  3    159
   208    213   3848  3    161
  3848    213   3849  3    161
  3848   3849    206  3    161
   206   3849    212  3    161
   213     84    214  3    162
   214     84     86  3    162
   214    216   3850  3    164
  3850    216   3851  3    164
  3850   3851    212  3    164
   212   3851    215  3    164
   216    219    217  3    166
   217    219    218  3    166
   219    222    220  3    168
   220    222    221  3    168
   222     87   3852  3    169
  3852     87   3854  3    169
  3852   3854   3853  3    169
  3853   3854   3855  3    169
  3853   3855    223  3    169
   223   3855     89  3    169
   223    225   3856  3    171
  3856    225   3858  3    171
  3856   3858   3857  3    171
  3857   3858   3859  3    171
  3857   3859    221  3    171
   221   3859    224  3    171
   225    228    226  3    173
   226    228    227  3    173
   228    231   3860  3    175
  3860    231   3862  3    175
  3860   3862   3861  3    175
  3861   3862   3863  3    175
  3861   3863    229  3    175
   229   3863    230  3    175
   231    234    232  3    177
   232    234    233  3    177
   234    237   3864  3    179
  3864    237   3865  3    179
  3864   3865    235  3    179
   235   3865    236  3    179
   237    240    238  3    181
   238    240    239  3    181
   240    243   3866  3    183
  3866    243   3867  3    183
  3866   3867    241  3    183
   241   3867    242  3    183
   243    246   3868  3    185
  3868    246   3869  3    185
  3868   3869    244  3    185
   244   3869    245  3    185
   246   3870    247  3    186
   247   3870   3871  3    186
  3870   3872   3871  3    186
  3871   3872   3873  3    186
  3872     90   3873  3    186
  3873     90     92  3    186
   247    102   3874  3    187
  3874    102   3875  3    187
  3874   3875    245  3    187
   245   3875    104  3    187
   244   3876    242  3    189
   242   3876   3877  3    189
  3876    249   3877  3    189
  3877    249    248  3    189
   249    252    250  3    191
   250    252    251  3    191
   252    105    253  3    192
   253    105    107  3    192
   253    108    251  3    193
   251    108    110  3    193
   250   3878    248  3    195
   248   3878   3879  3    195
  3878    255   3879  3    195
  3879    255    254  3    195
   255    258   3880  3    197
  3880    258   3881  3    197
  3880   3881    256  3    197
   256   3881    257  3    197
   258   3882    259  3    199
   259   3882   3883  3    199
  3882    261   3883  3    199
  3883    261    260  3    199
   261    264   3884  3    201
  3884    264   3885  3    201
  3884   3885    262  3    201
   262   3885    263  3    201
   264    117   3886  3    202
  3886    117   3887  3    202
  3886   3887    265  3    202
   265   3887    119  3    202
   265    267   3888  3    204
  3888    267   3889  3    204
  3888   3889    263  3    204
   263   3889    266  3    204
   267    270   3890  3    206
  3890    270   3891  3    206
  3890   3891    268  3    206
   268   3891    269  3    206
   270    273    271  3    208
   271    273    272  3    208
   273    276   3892  3    210
  3892    276   3893  3    210
  3892   3893    274  3    210
   274   3893    275  3    210
   276    279   3894  3    212
  3894    279   3895  3    212
  3894   3895    277  3    212
   277   3895    278  3    212
   279    120    280  3    213
   280    120    122  3    213
   280    129   3896  3    214
  3896    129   3898  3    214
  3896   3898   3897  3    214
  3897   3898   3899  3    214
  3897   3899    278  3    214
   278   3899    131  3    214
   277   3900    275  3    216
   275   3900   3901  3    216
  3900    282   3901  3    216
  3901    282    281  3    216
   282   3903   3902  3    218
  3902   3903   3904  3    218
  3902   3904    283  3    218
   283   3904   3905  3    218
  3903    285   3904  3    218
  3904    285   3906  3    218
  3904   3906   3905  3    218
  3905   3906    284  3    218
   285    132    286  3    219
   286    132    134  3    219
   286    135   3907  3    220
  3907    135   3908  3    220
  3907   3908    284  3    220
   284   3908    137  3    220
   283   3910   3909  3    222
  3909   3910   3911  3    222
  3909   3911    281  3    222
   281   3911   3912  3    222
  3910    288   3911  3    222
  3911    288   3913  3    222
  3911   3913   3912  3    222
  3912   3913    287  3    222
   288   3915   3914  3    224
  3914   3915   3916  3    224
  3914   3916    289  3    224
   289   3916   3917  3    224
  3915    291   3916  3    224
  3916    291   3918  3    224
  3916   3918   3917  3    224
  3917   3918    290  3    224
   291   3919    292  3    226
   292   3919   3920  3    226
  3919    294   3920  3    226
  3920    294    293  3    226
   294    297   3921  3    228
  3921    297   3922  3    228
  3921   3922    295  3    228
   295   3922    296  3    228
   297    140    298  3    229
   298    140    142  3    229
   298    143    296  3    230
   296    143    145  3    230
   295    300    293  3    232
   293    300    299  3    232
   300    303   3923  3    234
  3923    303   3925  3    234
  3923   3925   3924  3    234
  3924   3925   3926  3    234
  3924   3926    301  3    234
   301   3926    302  3    234
   303    306   3927  3    236
  3927    306   3929  3    236
  3927   3929   3928  3    236
  3928   3929   3930  3    236
  3928   3930    304  3    236
   304   3930    305  3    236
   306    309   3931  3    238
  3931    309   3935  3    238
  3931   3935   3932  3    238
  3932   3935   3936  3    238
  3932   3936   3933  3    238
  3933   3936   3937  3    238
  3933   3937   3934  3    238
  3934   3937   3938  3    238
  3934   3938    307  3    238
   307   3938    308  3    238
   309    312   3939  3    240
  3939    312   3942  3    240
  3939   3942   3940  3    240
  3940   3942   3943  3    240
  3940   3943   3941  3    240
  3941   3943   3944  3    240
  3941   3944    310  3    240
   310   3944    311  3    240
   312    315   3945  3    242
  3945    315   3947  3    242
  3945   3947   3946  3    242
  3946   3947   3948  3    242
  3946   3948    313  3    242
   313   3948    314  3    242
   315    318   3949  3    244
  3949    318   3950  3    244
  3949   3950    316  3    244
   316   3950    317  3    244
   318    321   3951  3    246
  3951    321   3954  3    246
  3951   3954   3952  3    246
  3952   3954   3955  3    246
  3952   3955   3953  3    246
  3953   3955   3956  3    246
  3953   3956    319  3    246
   319   3956    320  3    246
   321    324   3957  3    248
  3957    324   3959  3    248
  3957   3959   3958  3    248
  3958   3959   3960  3    248
  3958   3960    322  3    248
   322   3960    323  3    248
   148    325    327  3    249
   324    146    326  3    250
   325    329   3961  3    252
  3961    329   3963  3    252
  3961   3963   3962  3    252
  3962   3963   3964  3    252
  3962   3964    323  3    252
   323   3964    328  3    252
   329    332   3965  3    254
  3965    332   3966  3    254
  3965   3966    330  3    254
   330   3966    331  3    254
   332    149    333  3    255
   333    149    151  3    255
   333    335   3967  3    257
  3967    335   3968  3    257
  3967   3968    331  3    257
   331   3968    334  3    257
   335    338    336  3    259
   336    338    337  3    259
   338   3971   3969  3    260
  3969   3971   3972  3    260
  3969   3972   3970  3    260
  3970   3972   3973  3    260
  3970   3973    339  3    260
   339   3973   3974  3    260
  3971    158   3972  3    260
  3972    158   3975  3    260
  3972   3975   3973  3    260
  3973   3975   3976  3    260
  3973   3976   3974  3    260
  3974   3976    160  3    260
   339    341   3977  3    262
  3977    341   3978  3    262
  3977   3978    337  3    262
   337   3978    340  3    262
   341    344   3979  3    264
  3979    344   3980  3    264
  3979   3980    342  3    264
   342   3980    343  3    264
   344    347   3981  3    266
  3981    347   3982  3    266
  3981   3982    345  3    266
   345   3982    346  3    266
   347    350    348  3    268
   348    350    349  3    268
   350    161   3983  3    269
  3983    161   3985  3    269
  3983   3985   3984  3    269
  3984   3985   3986  3    269
  3984   3986    351  3    269
   351   3986    163  3    269
   351    353   3987  3    271
  3987    353   3988  3    271
  3987   3988    349  3    271
   349   3988    352  3    271
   353    356   3989  3    273
  3989    356   3990  3    273
  3989   3990    354  3    273
   354   3990    355  3    273
   356   3992   3991  3    275
  3991   3992   3993  3    275
  3991   3993    357  3    275
   357   3993   3994  3    275
  3992    359   3993  3    275
  3993    359   3995  3    275
  3993   3995   3994  3    275
  3994   3995    358  3    275
   359    362   3996  3    277
  3996    362   3997  3    277
  3996   3997    360  3    277
   360   3997    361  3    277
   362    365    363  3    279
   363    365    364  3    279
   365    368   3998  3    281
  3998    368   4001  3    281
  3998   4001   3999  3    281
  3999   4001   4002  3    281
  3999   4002   4000  3    281
  4000   4002   4003  3    281
  4000   4003    366  3    281
   366   4003    367  3    281
   368   4004    369  3    282
   369   4004   4005  3    282
  4004   4006   4005  3    282
  4005   4006   4007  3    282
  4006   4008   4007  3    282
  4007   4008   4009  3    282
  4008    164   4009  3    282
  4009    164    166  3    282
   369    371   4010  3    284
  4010    371   4013  3    284
  4010   4013   4011  3    284
  4011   4013   4014  3    284
  4011   4014   4012  3    284
  4012   4014   4015  3    284
  4012   4015    367  3    284
   367   4015    370  3    284
   371    374   4016  3    286
  4016    374   4019  3    286
  4016   4019   4017  3    286
  4017   4019   4020  3    286
  4017   4020   4018  3    286
  4018   4020   4021  3    286
  4018   4021    372  3    286
   372   4021    373  3    286
   374    377   4022  3    288
  4022    377   4025  3    288
  4022   4025   4023  3    288
  4023   4025   4026  3    288
  4023   4026   4024  3    288
  4024   4026   4027  3    288
  4024   4027    375  3    288
   375   4027    376  3    288
   377    380   4028  3    290
  4028    380   4029  3    290
  4028   4029    378  3    290
   378   4029    379  3    290
   380    173   4030  3    291
  4030    173   4032  3    291
  4030   4032   4031  3    291
  4031   4032   4033  3    291
  4031   4033    381  3    291
   381   4033    175  3    291
   381    383   4034  3    293
  4034    383   4035  3    293
  4034   4035    379  3    293
   379   4035    382  3    293
   383    386   4036  3    295
  4036    386   4039  3    295
  4036   4039   4037  3    295
  4037   4039   4040  3    295
  4037   4040   4038  3    295
  4038   4040   4041  3    295
  4038   4041    384  3    295
   384   4041    385  3    295
   386    188    387  3    296
   387    188    190  3    296
   387    389   4042  3    298
  4042    389   4044  3    298
  4042   4044   4043  3    298
  4043   4044   4045  3    298
  4043   4045    385  3    298
   385   4045    388  3    298
   389    392   4046  3    300
  4046    392   4048  3    300
  4046   4048   4047  3    300
  4047   4048   4049  3    300
  4047   4049    390  3    300
   390   4049    391  3    300
   392    395   4050  3    302
  4050    395   4053  3    302
  4050   4053   4051  3    302
  4051   4053   4054  3    302
  4051   4054   4052  3    302
  4052   4054   4055  3    302
  4052   4055    393  3    302
   393   4055    394  3    302
   395    191    396  3    303
   396    191    193  3    303
   396    398   4056  3    305
  4056    398   4059  3    305
  4056   4059   4057  3    305
  4057   4059   4060  3    305
  4057   4060   4058  3    305
  4058   4060   4061  3    305
  4058   4061    394  3    305
   394   4061    397  3    305
   398    401   4062  3    307
  4062    401   4063  3    307
  4062   4063    399  3    307
   399   4063    400  3    307
   401   4064    402  3    308
   402   4064   4065  3    308
  4064    194   4065  3    308
  4065    194    196  3    308
   402    404   4066  3    310
  4066    404   4067  3    310
  4066   4067    400  3    310
   400   4067    403  3    310
   404    407    405  3    312
   405    407    406  3    312
   407    410    408  3    314
   408    410    409  3    314
   410    413    411  3    316
   411    413    412  3    316
   413    416   4068  3    318
  4068    416   4069  3    318
  4068   4069    414  3    318
   414   4069    415  3    318
   416    419   4070  3    320
  4070    419   4071  3    320
  4070   4071    417  3    320
   417   4071    418  3    320
   419    200    420  3    321
   420    200    202  3    321
   420    203   4072  3    322
  4072    203   4073  3    322
  4072   4073    418  3    322
   418   4073    205  3    322
   417   4074    415  3    324
   415   4074   4075  3    324
  4074   4076   4075  3    324
  4075   4076   4077  3    324
  4076    422   4077  3    324
  4077    422    421  3    324
   422    425   4078  3    326
  4078    425   4080  3    326
  4078   4080   4079  3    326
  4079   4080   4081  3    326
  4079   4081    423  3    326
   423   4081    424  3    326
   425    428    426  3    328
   426    428    427  3    328
   428    431   4082  3    330
  4082    431   4083  3    330
  4082   4083    429  3    330
   429   4083    430  3    330
   431    215    432  3    331
   432    215    217  3    331
   432    434    430  3    333
   430    434    433  3    333
   434    437   4084  3    335
  4084    437   4086  3    335
  4084   4086   4085  3    335
  4085   4086   4087  3    335
  4085   4087    435  3    335
   435   4087    436  3    335
   437    440   4088  3    337
  4088    440   4090  3    337
  4088   4090   4089  3    337
  4089   4090   4091  3    337
  4089   4091    438  3    337
   438   4091    439  3    337
   440    218    441  3    338
   441    218    220  3    338
   441    224   4092  3    339
  4092    224   4093  3    339
  4092   4093    439  3    339
   439   4093    226  3    339
   438    227   4094  3    340
  4094    227   4095  3    340
  4094   4095    436  3    340
   436   4095    229  3    340
   435    443   4096  3    342
  4096    443   4098  3    342
  4096   4098   4097  3    342
  4097   4098   4099  3    342
  4097   4099    433  3    342
   433   4099    442  3    342
   443    446   4100  3    344
  4100    446   4103  3    344
  4100   4103   4101  3    344
  4101   4103   4104  3    344
  4101   4104   4102  3    344
  4102   4104   4105  3    344
  4102   4105    444  3    344
   444   4105    445  3    344
   446    449   4106  3    346
  4106    449   4108  3    346
  4106   4108   4107  3    346
  4107   4108   4109  3    346
  4107   4109    447  3    346
   447   4109    448  3    346
   449   4110    450  3    348
   450   4110   4111  3    348
  4110    452   4111  3    348
  4111    452    451  3    348
   452    455   4112  3    350
  4112    455   4114  3    350
  4112   4114   4113  3    350
  4113   4114   4115  3    350
  4113   4115    453  3    350
   453   4115    454  3    350
   455    458   4116  3    352
  4116    458   4118  3    352
  4116   4118   4117  3    352
  4117   4118   4119  3    352
  4117   4119    456  3    352
   456   4119    457  3    352
   458    461   4120  3    354
  4120    461   4121  3    354
  4120   4121    459  3    354
   459   4121    460  3    354
   461    230   4122  3    355
  4122    230   4123  3    355
  4122   4123    462  3    355
   462   4123    232  3    355
   462    233    460  3    356
   460    233    235  3    356
   459    464   4124  3    358
  4124    464   4126  3    358
  4124   4126   4125  3    358
  4125   4126   4127  3    358
  4125   4127    457  3    358
   457   4127    463  3    358
   464    467   4128  3    360
  4128    467   4130  3    360
  4128   4130   4129  3    360
  4129   4130   4131  3    360
  4129   4131    465  3    360
   465   4131    466  3    360
   467    236    468  3    361
   468    236    238  3    361
   468    470   4132  3    363
  4132    470   4134  3    363
  4132   4134   4133  3    363
  4133   4134   4135  3    363
  4133   4135    466  3    363
   466   4135    469  3    363
   470    473    471  3    365
   471    473    472  3    365
   473   4136    474  3    366
   474   4136   4137  3    366
  4136    239   4137  3    366
  4137    239    241  3    366
   474    476    472  3    368
   472    476    475  3    368
   476    254   4138  3    369
  4138    254   4140  3    369
  4138   4140   4139  3    369
  4139   4140   4141  3    369
  4139   4141    477  3    369
   477   4141    256  3    369
   477    479   4142  3    371
  4142    479   4144  3    371
  4142   4144   4143  3    371
  4143   4144   4145  3    371
  4143   4145    475  3    371
   475   4145    478  3    371
   479    482    480  3    373
   480    482    481  3    373
   482    485   4146  3    375
  4146    485   4148  3    375
  4146   4148   4147  3    375
  4147   4148   4149  3    375
  4147   4149    483  3    375
   483   4149    484  3    375
   485    488    486  3    377
   486    488    487  3    377
   488    491   4150  3    379
  4150    491   4151  3    379
  4150   4151    489  3    379
   489   4151    490  3    379
   491    494    492  3    381
   492    494    493  3    381
   494    497   4152  3    383
  4152    497   4153  3    383
  4152   4153    495  3    383
   495   4153    496  3    383
   497    500   4154  3    385
  4154    500   4155  3    385
  4154   4155    498  3    385
   498   4155    499  3    385
   500   4156    501  3    387
   501   4156   4157  3    387
  4156   4158   4157  3    387
  4157   4158   4159  3    387
  4158    503   4159  3    387
  4159    503    502  3    387
   503    257   4160  3    388
  4160    257   4161  3    388
  4160   4161    504  3    388
   504   4161    259  3    388
   504   4163   4162  3    389
  4162   4163   4164  3    389
  4162   4164    502  3    389
   502   4164   4165  3    389
  4163    260   4164  3    389
  4164    260   4166  3    389
  4164   4166   4165  3    389
  4165   4166    262  3    389
   501    266   4167  3    390
  4167    266   4168  3    390
  4167   4168    499  3    390
   499   4168    268  3    390
   498   4169    496  3    392
   496   4169   4170  3    392
  4169    506   4170  3    392
  4170    506    505  3    392
   506    509    507  3    394
   507    509    508  3    394
   509    269    510  3    395
   510    269    271  3    395
   510    272    508  3    396
   508    272    274  3    396
   507   4171    505  3    398
   505   4171   4172  3    398
  4171   4173   4172  3    398
  4172   4173   4174  3    398
  4173    512   4174  3    398
  4174    512    511  3    398
   512    515   4175  3    400
  4175    515   4177  3    400
  4175   4177   4176  3    400
  4176   4177   4178  3    400
  4176   4178    513  3    400
   513   4178    514  3    400
   515   4179    516  3    402
   516   4179   4180  3    402
  4179   4181   4180  3    402
  4180   4181   4182  3    402
  4181    518   4182  3    402
  4182    518    517  3    402
   518    521   4183  3    404
  4183    521   4185  3    404
  4183   4185   4184  3    404
  4184   4185   4186  3    404
  4184   4186    519  3    404
   519   4186    520  3    404
   521    287   4187  3    405
  4187    287   4188  3    405
  4187   4188    522  3    405
   522   4188    289  3    405
   522    524   4189  3    407
  4189    524   4190  3    407
  4189   4190    520  3    407
   520   4190    523  3    407
   524    527   4191  3    409
  4191    527   4192  3    409
  4191   4192    525  3    409
   525   4192    526  3    409
   527    530   4193  3    411
  4193    530   4194  3    411
  4193   4194    528  3    411
   528   4194    529  3    411
   530    533   4195  3    413
  4195    533   4196  3    413
  4195   4196    531  3    413
   531   4196    532  3    413
   533    536   4197  3    415
  4197    536   4198  3    415
  4197   4198    534  3    415
   534   4198    535  3    415
   536    290    537  3    416
   537    290    292  3    416
   537    299   4199  3    417
  4199    299   4201  3    417
  4199   4201   4200  3    417
  4200   4201   4202  3    417
  4200   4202    535  3    417
   535   4202    301  3    417
   534   4203    532  3    419
   532   4203   4204  3    419
  4203    539   4204  3    419
  4204    539    538  3    419
   539   4206   4205  3    421
  4205   4206   4207  3    421
  4205   4207    540  3    421
   540   4207   4208  3    421
  4206    542   4207  3    421
  4207    542   4209  3    421
  4207   4209   4208  3    421
  4208   4209    541  3    421
   542    302    543  3    422
   543    302    304  3    422
   543    305   4210  3    423
  4210    305   4211  3    423
  4210   4211    541  3    423
   541   4211    307  3    423
   540   4213   4212  3    425
  4212   4213   4214  3    425
  4212   4214    538  3    425
   538   4214   4215  3    425
  4213    545   4214  3    425
  4214    545   4216  3    425
  4214   4216   4215  3    425
  4215   4216    544  3    425
   545    548   4217  3    427
  4217    548   4219  3    427
  4217   4219   4218  3    427
  4218   4219   4220  3    427
  4218   4220    546  3    427
   546   4220    547  3    427
   548   4222   4221  3    429
  4221   4222   4223  3    429
  4221   4223    549  3    429
   549   4223   4224  3    429
  4222    551   4223  3    429
  4223    551   4225  3    429
  4223   4225   4224  3    429
  4224   4225    550  3    429
   551   4226    552  3    431
   552   4226   4227  3    431
  4226    554   4227  3    431
  4227    554    553  3    431
   554    557   4228  3    433
  4228    557   4229  3    433
  4228   4229    555  3    433
   555   4229    556  3    433
   557    308    558  3    434
   558    308    310  3    434
   558   4230    556  3    436
   556   4230   4231  3    436
  4230    560   4231  3    436
  4231    560    559  3    436
   560    311    561  3    437
   561    311    313  3    437
   561    563   4232  3    439
  4232    563   4233  3    439
  4232   4233    559  3    439
   559   4233    562  3    439
   563    566   4234  3    441
  4234    566   4238  3    441
  4234   4238   4235  3    441
  4235   4238   4239  3    441
  4235   4239   4236  3    441
  4236   4239   4240  3    441
  4236   4240   4237  3    441
  4237   4240   4241  3    441
  4237   4241    564  3    441
   564   4241    565  3    441
   566    314   4242  3    442
  4242    314   4243  3    442
  4242   4243    567  3    442
   567   4243    316  3    442
   567    317   4244  3    443
  4244    317   4246  3    443
  4244   4246   4245  3    443
  4245   4246   4247  3    443
  4245   4247    565  3    443
   565   4247    319  3    443
   570    562    569  3    445
   564    571    568  3    446
   571    574   4248  3    448
  4248    574   4249  3    448
  4248   4249    572  3    448
   572   4249    573  3    448
   574    577   4250  3    450
  4250    577   4251  3    450
  4250   4251    575  3    450
   575   4251    576  3    450
   577   4254   4252  3    452
  4252   4254   4255  3    452
  4252   4255   4253  3    452
  4253   4255   4256  3    452
  4253   4256    578  3    452
   578   4256   4257  3    452
  4254    580   4255  3    452
  4255    580   4258  3    452
  4255   4258   4256  3    452
  4256   4258   4259  3    452
  4256   4259   4257  3    452
  4257   4259    579  3    452
   580    320    581  3    453
   581    320    322  3    453
   581    328   4260  3    454
  4260    328   4263  3    454
  4260   4263   4261  3    454
  4261   4263   4264  3    454
  4261   4264   4262  3    454
  4262   4264   4265  3    454
  4262   4265    579  3    454
   579   4265    330  3    454
   578    583   4266  3    456
  4266    583   4268  3    456
  4266   4268   4267  3    456
  4267   4268   4269  3    456
  4267   4269    576  3    456
   576   4269    582  3    456
   583   4270    584  3    458
   584   4270   4271  3    458
  4270    586   4271  3    458
  4271    586    585  3    458
   586    589   4272  3    460
  4272    589   4274  3    460
  4272   4274   4273  3    460
  4273   4274   4275  3    460
  4273   4275    587  3    460
   587   4275    588  3    460
   589    334    590  3    461
   590    334    336  3    461
   590    340   4276  3    462
  4276    340   4278  3    462
  4276   4278   4277  3    462
  4277   4278   4279  3    462
  4277   4279    588  3    462
   588   4279    342  3    462
   587   4282   4280  3    464
  4280   4282   4283  3    464
  4280   4283   4281  3    464
  4281   4283   4284  3    464
  4281   4284    585  3    464
   585   4284   4285  3    464
  4282    592   4283  3    464
  4283    592   4286  3    464
  4283   4286   4284  3    464
  4284   4286   4287  3    464
  4284   4287   4285  3    464
  4285   4287    591  3    464
   592    595   4288  3    466
  4288    595   4289  3    466
  4288   4289    593  3    466
   593   4289    594  3    466
   595    598    596  3    468
   596    598    597  3    468
   598    601   4290  3    470
  4290    601   4291  3    470
  4290   4291    599  3    470
   599   4291    600  3    470
   601    604   4292  3    472
  4292    604   4294  3    472
  4292   4294   4293  3    472
  4293   4294   4295  3    472
  4293   4295    602  3    472
   602   4295    603  3    472
   604   4299   4296  3    474
  4296   4299   4300  3    474
  4296   4300   4297  3    474
  4297   4300   4301  3    474
  4297   4301   4298  3    474
  4298   4301   4302  3    474
  4298   4302    605  3    474
   605   4302   4303  3    474
  4299    607   4300  3    474
  4300    607   4304  3    474
  4300   4304   4301  3    474
  4301   4304   4305  3    474
  4301   4305   4302  3    474
  4302   4305   4306  3    474
  4302   4306   4303  3    474
  4303   4306    606  3    474
   607    610   4307  3    476
  4307    610   4309  3    476
  4307   4309   4308  3    476
  4308   4309   4310  3    476
  4308   4310    608  3    476
   608   4310    609  3    476
   610    343    611  3    477
   611    343    345  3    477
   611    355   4311  3    478
  4311    355   4313  3    478
  4311   4313   4312  3    478
  4312   4313   4314  3    478
  4312   4314    609  3    478
   609   4314    357  3    478
   608   4316   4315  3    480
  4315   4316   4317  3    480
  4315   4317    606  3    480
   606   4317   4318  3    480
  4316    613   4317  3    480
  4317    613   4319  3    480
  4317   4319   4318  3    480
  4318   4319    612  3    480
   613    616   4320  3    482
  4320    616   4322  3    482
  4320   4322   4321  3    482
  4321   4322   4323  3    482
  4321   4323    614  3    482
   614   4323    615  3    482
   616    619   4324  3    484
  4324    619   4326  3    484
  4324   4326   4325  3    484
  4325   4326   4327  3    484
  4325   4327    617  3    484
   617   4327    618  3    484
   619    358    620  3    485
   620    358    360  3    485
   620    622   4328  3    487
  4328    622   4330  3    487
  4328   4330   4329  3    487
  4329   4330   4331  3    487
  4329   4331    618  3    487
   618   4331    621  3    487
   622    625   4332  3    489
  4332    625   4334  3    489
  4332   4334   4333  3    489
  4333   4334   4335  3    489
  4333   4335    623  3    489
   623   4335    624  3    489
   625    361    626  3    490
   626    361    363  3    490
   626    364   4336  3    491
  4336    364   4338  3    491
  4336   4338   4337  3    491
  4337   4338   4339  3    491
  4337   4339    624  3    491
   624   4339    366  3    491
   623   4341   4340  3    493
  4340   4341   4342  3    493
  4340   4342    621  3    493
   621   4342   4343  3    493
  4341    628   4342  3    493
  4342    628   4344  3    493
  4342   4344   4343  3    493
  4343   4344    627  3    493
   628    631   4345  3    495
  4345    631   4346  3    495
  4345   4346    629  3    495
   629   4346    630  3    495
   631    634   4347  3    497
  4347    634   4349  3    497
  4347   4349   4348  3    497
  4348   4349   4350  3    497
  4348   4350    632  3    497
   632   4350    633  3    497
   634   4351    635  3    498
   635   4351   4352  3    498
  4351   4353   4352  3    498
  4352   4353   4354  3    498
  4353    370   4354  3    498
  4354    370    372  3    498
   635    637   4355  3    500
  4355    637   4357  3    500
  4355   4357   4356  3    500
  4356   4357   4358  3    500
  4356   4358    633  3    500
   633   4358    636  3    500
   637    640   4359  3    502
  4359    640   4361  3    502
  4359   4361   4360  3    502
  4360   4361   4362  3    502
  4360   4362    638  3    502
   638   4362    639  3    502
   640    643   4363  3    504
  4363    643   4365  3    504
  4363   4365   4364  3    504
  4364   4365   4366  3    504
  4364   4366    641  3    504
   641   4366    642  3    504
   643    646   4367  3    506
  4367    646   4368  3    506
  4367   4368    644  3    506
   644   4368    645  3    506
   646   4371   4369  3    507
  4369   4371   4372  3    507
  4369   4372   4370  3    507
  4370   4372   4373  3    507
  4370   4373    647  3    507
   647   4373   4374  3    507
  4371   4375   4372  3    507
  4372   4375   4376  3    507
  4372   4376   4373  3    507
  4373   4376   4377  3    507
  4373   4377   4374  3    507
  4374   4377   4378  3    507
  4375    373   4376  3    507
  4376    373   4379  3    507
  4376   4379   4377  3    507
  4377   4379   4380  3    507
  4377   4380   4378  3    507
  4378   4380    375  3    507
   647    649   4381  3    509
  4381    649   4382  3    509
  4381   4382    645  3    509
   645   4382    648  3    509
   649    652   4383  3    511
  4383    652   4384  3    511
  4383   4384    650  3    511
   650   4384    651  3    511
   652    655    653  3    513
   653    655    654  3    513
   655    658   4385  3    515
  4385    658   4386  3    515
  4385   4386    656  3    515
   656   4386    657  3    515
   658    388    659  3    516
   659    388    390  3    516
   659    391    657  3    517
   657    391    393  3    517
   656    661    654  3    519
   654    661    660  3    519
   661   4388   4387  3    521
  4387   4388   4389  3    521
  4387   4389    662  3    521
   662   4389   4390  3    521
  4388   4391   4389  3    521
  4389   4391   4392  3    521
  4389   4392   4390  3    521
  4390   4392   4393  3    521
  4391   4394   4392  3    521
  4392   4394   4395  3    521
  4392   4395   4393  3    521
  4393   4395   4396  3    521
  4394    664   4395  3    521
  4395    664   4397  3    521
  4395   4397   4396  3    521
  4396   4397    663  3    521
   664    667   4398  3    523
  4398    667   4399  3    523
  4398   4399    665  3    523
   665   4399    666  3    523
   667    670    668  3    525
   668    670    669  3    525
   670   4401   4400  3    526
  4400   4401   4402  3    526
  4400   4402    671  3    526
   671   4402   4403  3    526
  4401    397   4402  3    526
  4402    397   4404  3    526
  4402   4404   4403  3    526
  4403   4404    399  3    526
   671    673    669  3    528
   669    673    672  3    528
   673    676   4405  3    530
  4405    676   4406  3    530
  4405   4406    674  3    530
   674   4406    675  3    530
   676    679   4407  3    532
  4407    679   4408  3    532
  4407   4408    677  3    532
   677   4408    678  3    532
   679    682   4409  3    534
  4409    682   4410  3    534
  4409   4410    680  3    534
   680   4410    681  3    534
   682    685   4411  3    536
  4411    685   4412  3    536
  4411   4412    683  3    536
   683   4412    684  3    536
   685    403   4413  3    537
  4413    403   4414  3    537
  4413   4414    686  3    537
   686   4414    405  3    537
   686    406    684  3    538
   684    406    408  3    538
   683   4416   4415  3    540
  4415   4416   4417  3    540
  4415   4417    681  3    540
   681   4417   4418  3    540
  4416    688   4417  3    540
  4417    688   4419  3    540
  4417   4419   4418  3    540
  4418   4419    687  3    540
   688    409    689  3    541
   689    409    411  3    541
   689    691   4420  3    543
  4420    691   4421  3    543
  4420   4421    687  3    543
   687   4421    690  3    543
   691    694    692  3    545
   692    694    693  3    545
   694   4423   4422  3    546
  4422   4423   4424  3    546
  4422   4424    695  3    546
   695   4424   4425  3    546
  4423    412   4424  3    546
  4424    412   4426  3    546
  4424   4426   4425  3    546
  4425   4426    414  3    546
   695    697   4427  3    548
  4427    697   4429  3    548
  4427   4429   4428  3    548
  4428   4429   4430  3    548
  4428   4430    693  3    548
   693   4430    696  3    548
   698   4431    701  3    550
   701   4431   4432  3    550
  4432   4431    700  3    550
   697    702   4433  3    551
  4433    702   4434  3    551
  4433   4434    699  3    551
   702    421   4435  3    552
  4435    421   4437  3    552
  4435   4437   4436  3    552
  4436   4437   4438  3    552
  4436   4438    703  3    552
   703   4438    423  3    552
   703    705   4439  3    554
  4439    705   4440  3    554
  4439   4440    701  3    554
   701   4440    704  3    554
   705    708    706  3    556
   706    708    707  3    556
   708   4441    709  3    558
   709   4441   4442  3    558
  4441    711   4442  3    558
  4442    711    710  3    558
   711    445    712  3    559
   712    445    447  3    559
   712    714    710  3    561
   710    714    713  3    561
   714    717   4443  3    563
  4443    717   4445  3    563
  4443   4445   4444  3    563
  4444   4445   4446  3    563
  4444   4446    715  3    563
   715   4446    716  3    563
   717    448   4447  3    564
  4447    448   4449  3    564
  4447   4449   4448  3    564
  4448   4449   4450  3    564
  4448   4450    718  3    564
   718   4450    450  3    564
   718    720    716  3    566
   716    720    719  3    566
   720    723   4451  3    568
  4451    723   4453  3    568
  4451   4453   4452  3    568
  4452   4453   4454  3    568
  4452   4454    721  3    568
   721   4454    722  3    568
   723    451   4455  3    569
  4455    451   4457  3    569
  4455   4457   4456  3    569
  4456   4457   4458  3    569
  4456   4458    724  3    569
   724   4458    453  3    569
   724   4460   4459  3    571
  4459   4460   4461  3    571
  4459   4461    722  3    571
   722   4461   4462  3    571
  4460    726   4461  3    571
  4461    726   4463  3    571
  4461   4463   4462  3    571
  4462   4463    725  3    571
   726   4464    727  3    572
   727   4464   4465  3    572
  4464   4466   4465  3    572
  4465   4466   4467  3    572
  4466   4468   4467  3    572
  4467   4468   4469  3    572
  4468    454   4469  3    572
  4469    454    456  3    572
   727    729   4470  3    574
  4470    729   4471  3    574
  4470   4471    725  3    574
   725   4471    728  3    574
   729    732    730  3    576
   730    732    731  3    576
   732   4472    733  3    578
   733   4472   4473  3    578
  4472   4474   4473  3    578
  4473   4474   4475  3    578
  4474   4476   4475  3    578
  4475   4476   4477  3    578
  4476    735   4477  3    578
  4477    735    734  3    578
   735    738    736  3    580
   736    738    737  3    580
   738   4478    739  3    581
   739   4478   4479  3    581
  4478   4480   4479  3    581
  4479   4480   4481  3    581
  4480   4482   4481  3    581
  4481   4482   4483  3    581
  4482    463   4483  3    581
  4483    463    465  3    581
   739   4485   4484  3    583
  4484   4485   4486  3    583
  4484   4486    737  3    583
   737   4486   4487  3    583
  4485    741   4486  3    583
  4486    741   4488  3    583
  4486   4488   4487  3    583
  4487   4488    740  3    583
   741    469   4489  3    584
  4489    469   4492  3    584
  4489   4492   4490  3    584
  4490   4492   4493  3    584
  4490   4493   4491  3    584
  4491   4493   4494  3    584
  4491   4494    742  3    584
   742   4494    471  3    584
   742    744   4495  3    586
  4495    744   4497  3    586
  4495   4497   4496  3    586
  4496   4497   4498  3    586
  4496   4498    740  3    586
   740   4498    743  3    586
   744    478   4499  3    587
  4499    478   4500  3    587
  4499   4500    745  3    587
   745   4500    480  3    587
   745    481   4501  3    588
  4501    481   4502  3    588
  4501   4502    743  3    588
   743   4502    483  3    588
   736    747    734  3    590
   734    747    746  3    590
   747    750   4503  3    592
  4503    750   4506  3    592
  4503   4506   4504  3    592
  4504   4506   4507  3    592
  4504   4507   4505  3    592
  4505   4507   4508  3    592
  4505   4508    748  3    592
   748   4508    749  3    592
   750    753   4509  3    594
  4509    753   4512  3    594
  4509   4512   4510  3    594
  4510   4512   4513  3    594
  4510   4513   4511  3    594
  4511   4513   4514  3    594
  4511   4514    751  3    594
   751   4514    752  3    594
   753    756   4515  3    596
  4515    756   4516  3    596
  4515   4516    754  3    596
   754   4516    755  3    596
   756    484   4517  3    597
  4517    484   4518  3    597
  4517   4518    757  3    597
   757   4518    486  3    597
   757    487    755  3    598
   755    487    489  3    598
   754   4521   4519  3    600
  4519   4521   4522  3    600
  4519   4522   4520  3    600
  4520   4522   4523  3    600
  4520   4523    752  3    600
   752   4523   4524  3    600
  4521    759   4522  3    600
  4522    759   4525  3    600
  4522   4525   4523  3    600
  4523   4525   4526  3    600
  4523   4526   4524  3    600
  4524   4526    758  3    600
   759    490    760  3    601
   760    490    492  3    601
   760    762   4527  3    603
  4527    762   4529  3    603
  4527   4529   4528  3    603
  4528   4529   4530  3    603
  4528   4530    758  3    603
   758   4530    761  3    603
   762    765   4531  3    605
  4531    765   4533  3    605
  4531   4533   4532  3    605
  4532   4533   4534  3    605
  4532   4534    763  3    605
   763   4534    764  3    605
   765    768    766  3    607
   766    768    767  3    607
   768    493    769  3    608
   769    493    495  3    608
   769    771    767  3    610
   767    771    770  3    610
   771    511   4535  3    611
  4535    511   4537  3    611
  4535   4537   4536  3    611
  4536   4537   4538  3    611
  4536   4538    772  3    611
   772   4538    513  3    611
   772    774   4539  3    613
  4539    774   4541  3    613
  4539   4541   4540  3    613
  4540   4541   4542  3    613
  4540   4542    770  3    613
   770   4542    773  3    613
   774    777   4543  3    615
  4543    777   4545  3    615
  4543   4545   4544  3    615
  4544   4545   4546  3    615
  4544   4546    775  3    615
   775   4546    776  3    615
   781    778    780  3    617
   777    782    779  3    618
   782    785   4547  3    620
  4547    785   4549  3    620
  4547   4549   4548  3    620
  4548   4549   4550  3    620
  4548   4550    783  3    620
   783   4550    784  3    620
   786   4551    789  3    622
   789   4551   4552  3    622
  4552   4551    788  3    622
   785    790   4553  3    623
  4553    790   4554  3    623
  4553   4554    787  3    623
   790    793   4555  3    625
  4555    793   4558  3    625
  4555   4558   4556  3    625
  4556   4558   4559  3    625
  4556   4559   4557  3    625
  4557   4559   4560  3    625
  4557   4560    791  3    625
   791   4560    792  3    625
   793    796   4561  3    627
  4561    796   4564  3    627
  4561   4564   4562  3    627
  4562   4564   4565  3    627
  4562   4565   4563  3    627
  4563   4565   4566  3    627
  4563   4566    794  3    627
   794   4566    795  3    627
   796    799    797  3    629
   797    799    798  3    629
   799   4567    800  3    631
   800   4567   4568  3    631
  4567   4569   4568  3    631
  4568   4569   4570  3    631
  4569    802   4570  3    631
  4570    802    801  3    631
   802    514   4571  3    632
  4571    514   4572  3    632
  4571   4572    803  3    632
   803   4572    516  3    632
   803    517   4573  3    633
  4573    517   4575  3    633
  4573   4575   4574  3    633
  4574   4575   4576  3    633
  4574   4576    801  3    633
   801   4576    519  3    633
   800    805   4577  3    635
  4577    805   4578  3    635
  4577   4578    798  3    635
   798   4578    804  3    635
   805    808   4579  3    637
  4579    808   4580  3    637
  4579   4580    806  3    637
   806   4580    807  3    637
   808   4582   4581  3    638
  4581   4582   4583  3    638
  4581   4583    809  3    638
   809   4583   4584  3    638
  4582    523   4583  3    638
  4583    523   4585  3    638
  4583   4585   4584  3    638
  4584   4585    525  3    638
   809   4586    807  3    640
   807   4586   4587  3    640
  4586    811   4587  3    640
  4587    811    810  3    640
   811    814    812  3    642
   812    814    813  3    642
   814    526    815  3    643
   815    526    528  3    643
   815    529    813  3    644
   813    529    531  3    644
   812    817    810  3    646
   810    817    816  3    646
   817    820   4588  3    648
  4588    820   4589  3    648
  4588   4589    818  3    648
   818   4589    819  3    648
   820   4591   4590  3    649
  4590   4591   4592  3    649
  4590   4592    821  3    649
   821   4592   4593  3    649
  4591    544   4592  3    649
  4592    544   4594  3    649
  4592   4594   4593  3    649
  4593   4594    546  3    649
   821   4595    819  3    651
   819   4595   4596  3    651
  4595   4597   4596  3    651
  4596   4597   4598  3    651
  4597    823   4598  3    651
  4598    823    822  3    651
   823    826   4599  3    653
  4599    826   4600  3    653
  4599   4600    824  3    653
   824   4600    825  3    653
   826   4602   4601  3    655
  4601   4602   4603  3    655
  4601   4603    827  3    655
   827   4603   4604  3    655
  4602    829   4603  3    655
  4603    829   4605  3    655
  4603   4605   4604  3    655
  4604   4605    828  3    655
   829    547   4606  3    656
  4606    547   4607  3    656
  4606   4607    830  3    656
   830   4607    549  3    656
   830    832   4608  3    658
  4608    832   4609  3    658
  4608   4609    828  3    658
   828   4609    831  3    658
   832    835    833  3    660
   833    835    834  3    660
   835    838   4610  3    662
  4610    838   4611  3    662
  4610   4611    836  3    662
   836   4611    837  3    662
   838    841   4612  3    664
  4612    841   4613  3    664
  4612   4613    839  3    664
   839   4613    840  3    664
   841    550    842  3    665
   842    550    552  3    665
   842    844   4614  3    667
  4614    844   4616  3    667
  4614   4616   4615  3    667
  4615   4616   4617  3    667
  4615   4617    840  3    667
   840   4617    843  3    667
   844    553    845  3    668
   845    553    555  3    668
   845    847   4618  3    670
  4618    847   4620  3    670
  4618   4620   4619  3    670
  4619   4620   4621  3    670
  4619   4621    843  3    670
   843   4621    846  3    670
   847    850   4622  3    672
  4622    850   4624  3    672
  4622   4624   4623  3    672
  4623   4624   4625  3    672
  4623   4625    848  3    672
   848   4625    849  3    672
   850    853   4626  3    674
  4626    853   4630  3    674
  4626   4630   4627  3    674
  4627   4630   4631  3    674
  4627   4631   4628  3    674
  4628   4631   4632  3    674
  4628   4632   4629  3    674
  4629   4632   4633  3    674
  4629   4633    851  3    674
   851   4633    852  3    674
   853    856   4634  3    676
  4634    856   4637  3    676
  4634   4637   4635  3    676
  4635   4637   4638  3    676
  4635   4638   4636  3    676
  4636   4638   4639  3    676
  4636   4639    854  3    676
   854   4639    855  3    676
   856    859   4640  3    678
  4640    859   4643  3    678
  4640   4643   4641  3    678
  4641   4643   4644  3    678
  4641   4644   4642  3    678
  4642   4644   4645  3    678
  4642   4645    857  3    678
   857   4645    858  3    678
   859   4649   4646  3    679
  4646   4649   4650  3    679
  4646   4650   4647  3    679
  4647   4650   4651  3    679
  4647   4651   4648  3    679
  4648   4651   4652  3    679
  4648   4652    860  3    679
   860   4652   4653  3    679
  4649    570   4650  3    679
  4650    570   4654  3    679
  4650   4654   4651  3    679
  4651   4654   4655  3    679
  4651   4655   4652  3    679
  4652   4655   4656  3    679
  4652   4656   4653  3    679
  4653   4656    572  3    679
   860    862   4657  3    681
  4657    862   4658  3    681
  4657   4658    858  3    681
   858   4658    861  3    681
   862    865   4659  3    683
  4659    865   4660  3    683
  4659   4660    863  3    683
   863   4660    864  3    683
   865    868    866  3    685
   866    868    867  3    685
   868    573   4661  3    686
  4661    573   4664  3    686
  4661   4664   4662  3    686
  4662   4664   4665  3    686
  4662   4665   4663  3    686
  4663   4665   4666  3    686
  4663   4666    869  3    686
   869   4666    575  3    686
   869   4669   4667  3    688
  4667   4669   4670  3    688
  4667   4670   4668  3    688
  4668   4670   4671  3    688
  4668   4671    867  3    688
   867   4671   4672  3    688
  4669   4673   4670  3    688
  4670   4673   4674  3    688
  4670   4674   4671  3    688
  4671   4674   4675  3    688
  4671   4675   4672  3    688
  4672   4675   4676  3    688
  4673    871   4674  3    688
  4674    871   4677  3    688
  4674   4677   4675  3    688
  4675   4677   4678  3    688
  4675   4678   4676  3    688
  4676   4678    870  3    688
   871    874   4679  3    690
  4679    874   4681  3    690
  4679   4681   4680  3    690
  4680   4681   4682  3    690
  4680   4682    872  3    690
   872   4682    873  3    690
   874    877    875  3    692
   875    877    876  3    692
   877    880   4683  3    694
  4683    880   4684  3    694
  4683   4684    878  3    694
   878   4684    879  3    694
   880    883    881  3    696
   881    883    882  3    696
   883   4687   4685  3    698
  4685   4687   4688  3    698
  4685   4688   4686  3    698
  4686   4688   4689  3    698
  4686   4689    884  3    698
   884   4689   4690  3    698
  4687    886   4688  3    698
  4688    886   4691  3    698
  4688   4691   4689  3    698
  4689   4691   4692  3    698
  4689   4692   4690  3    698
  4690   4692    885  3    698
   886    582   4693  3    699
  4693    582   4694  3    699
  4693   4694    887  3    699
   887   4694    584  3    699
   887    591    885  3    700
   885    591    593  3    700
   884    889   4695  3    702
  4695    889   4696  3    702
  4695   4696    882  3    702
   882   4696    888  3    702
   889    892   4697  3    704
  4697    892   4698  3    704
  4697   4698    890  3    704
   890   4698    891  3    704
   892   4700   4699  3    705
  4699   4700   4701  3    705
  4699   4701    893  3    705
   893   4701   4702  3    705
  4700    594   4701  3    705
  4701    594   4703  3    705
  4701   4703   4702  3    705
  4702   4703    596  3    705
   893    895   4704  3    707
  4704    895   4706  3    707
  4704   4706   4705  3    707
  4705   4706   4707  3    707
  4705   4707    891  3    707
   891   4707    894  3    707
   895    898    896  3    709
   896    898    897  3    709
   898   4708    899  3    711
   899   4708   4709  3    711
  4708    901   4709  3    711
  4709    901    900  3    711
   901    597    902  3    712
   902    597    599  3    712
   902    904    900  3    714
   900    904    903  3    714
   904    907   4710  3    716
  4710    907   4711  3    716
  4710   4711    905  3    716
   905   4711    906  3    716
   907    910   4712  3    718
  4712    910   4713  3    718
  4712   4713    908  3    718
   908   4713    909  3    718
   910    913   4714  3    720
  4714    913   4716  3    720
  4714   4716   4715  3    720
  4715   4716   4717  3    720
  4715   4717    911  3    720
   911   4717    912  3    720
   913    916   4718  3    722
  4718    916   4720  3    722
  4718   4720   4719  3    722
  4719   4720   4721  3    722
  4719   4721    914  3    722
   914   4721    915  3    722
   916    600   4722  3    723
  4722    600   4724  3    723
  4722   4724   4723  3    723
  4723   4724   4725  3    723
  4723   4725    917  3    723
   917   4725    602  3    723
   917    919    915  3    725
   915    919    918  3    725
   919    922   4726  3    727
  4726    922   4728  3    727
  4726   4728   4727  3    727
  4727   4728   4729  3    727
  4727   4729    920  3    727
   920   4729    921  3    727
   922    603   4730  3    728
  4730    603   4732  3    728
  4730   4732   4731  3    728
  4731   4732   4733  3    728
  4731   4733    923  3    728
   923   4733    605  3    728
   923   4734    921  3    730
   921   4734   4735  3    730
  4734   4736   4735  3    730
  4735   4736   4737  3    730
  4736    925   4737  3    730
  4737    925    924  3    730
   925    928    926  3    732
   926    928    927  3    732
   928   4738    929  3    734
   929   4738   4739  3    734
  4738   4740   4739  3    734
  4739   4740   4741  3    734
  4740   4742   4741  3    734
  4741   4742   4743  3    734
  4742    931   4743  3    734
  4743    931    930  3    734
   931    934   4744  3    736
  4744    934   4746  3    736
  4744   4746   4745  3    736
  4745   4746   4747  3    736
  4745   4747    932  3    736
   932   4747    933  3    736
   934    612   4748  3    737
  4748    612   4750  3    737
  4748   4750   4749  3    737
  4749   4750   4751  3    737
  4749   4751    935  3    737
   935   4751    614  3    737
   935   4753   4752  3    739
  4752   4753   4754  3    739
  4752   4754    933  3    739
   933   4754   4755  3    739
  4753    937   4754  3    739
  4754    937   4756  3    739
  4754   4756   4755  3    739
  4755   4756    936  3    739
   937    940   4757  3    741
  4757    940   4759  3    741
  4757   4759   4758  3    741
  4758   4759   4760  3    741
  4758   4760    938  3    741
   938   4760    939  3    741
   940    943   4761  3    743
  4761    943   4763  3    743
  4761   4763   4762  3    743
  4762   4763   4764  3    743
  4762   4764    941  3    743
   941   4764    942  3    743
   943   4765    944  3    744
   944   4765   4766  3    744
  4765    615   4766  3    744
  4766    615    617  3    744
   944    946   4767  3    746
  4767    946   4769  3    746
  4767   4769   4768  3    746
  4768   4769   4770  3    746
  4768   4770    942  3    746
   942   4770    945  3    746
   946    949   4771  3    748
  4771    949   4773  3    748
  4771   4773   4772  3    748
  4772   4773   4774  3    748
  4772   4774    947  3    748
   947   4774    948  3    748
   949    627   4775  3    749
  4775    627   4777  3    749
  4775   4777   4776  3    749
  4776   4777   4778  3    749
  4776   4778    950  3    749
   950   4778    629  3    749
   950    952   4779  3    751
  4779    952   4780  3    751
  4779   4780    948  3    751
   948   4780    951  3    751
   952    630    953  3    752
   953    630    632  3    752
   953    955   4781  3    754
  4781    955   4782  3    754
  4781   4782    951  3    754
   951   4782    954  3    754
   955   4784   4783  3    756
  4783   4784   4785  3    756
  4783   4785    956  3    756
   956   4785   4786  3    756
  4784    958   4785  3    756
  4785    958   4787  3    756
  4785   4787   4786  3    756
  4786   4787    957  3    756
   958    636    959  3    757
   959    636    638  3    757
   959    961   4788  3    759
  4788    961   4789  3    759
  4788   4789    957  3    759
   957   4789    960  3    759
   961    964   4790  3    761
  4790    964   4791  3    761
  4790   4791    962  3    761
   962   4791    963  3    761
   964    639    965  3    762
   965    639    641  3    762
   965    967   4792  3    764
  4792    967   4794  3    764
  4792   4794   4793  3    764
  4793   4794   4795  3    764
  4793   4795    963  3    764
   963   4795    966  3    764
   967    970   4796  3    766
  4796    970   4798  3    766
  4796   4798   4797  3    766
  4797   4798   4799  3    766
  4797   4799    968  3    766
   968   4799    969  3    766
   970    973   4800  3    768
  4800    973   4804  3    768
  4800   4804   4801  3    768
  4801   4804   4805  3    768
  4801   4805   4802  3    768
  4802   4805   4806  3    768
  4802   4806   4803  3    768
  4803   4806   4807  3    768
  4803   4807    971  3    768
   971   4807    972  3    768
   973    976   4808  3    770
  4808    976   4810  3    770
  4808   4810   4809  3    770
  4809   4810   4811  3    770
  4809   4811    974  3    770
   974   4811    975  3    770
   644    977    979  3    771
   976    642   4812  3    772
  4812    642   4813  3    772
  4812   4813    978  3    772
   977    981   4814  3    774
  4814    981   4815  3    774
  4814   4815    975  3    774
   975   4815    980  3    774
   981    648    982  3    775
   982    648    650  3    775
   982    984   4816  3    777
  4816    984   4817  3    777
  4816   4817    980  3    777
   980   4817    983  3    777
   984   4819   4818  3    779
  4818   4819   4820  3    779
  4818   4820    985  3    779
   985   4820   4821  3    779
  4819   4822   4820  3    779
  4820   4822   4823  3    779
  4820   4823   4821  3    779
  4821   4823   4824  3    779
  4822   4825   4823  3    779
  4823   4825   4826  3    779
  4823   4826   4824  3    779
  4824   4826   4827  3    779
  4825    987   4826  3    779
  4826    987   4828  3    779
  4826   4828   4827  3    779
  4827   4828    986  3    779
   987   4829    988  3    781
   988   4829   4830  3    781
  4829    990   4830  3    781
  4830    990    989  3    781
   990    993   4831  3    783
  4831    993   4833  3    783
  4831   4833   4832  3    783
  4832   4833   4834  3    783
  4832   4834    991  3    783
   991   4834    992  3    783
   993    996    994  3    785
   994    996    995  3    785
   996    999    997  3    787
   997    999    998  3    787
   999   1002   1000  3    789
  1000   1002   1001  3    789
  1002   4835   1003  3    790
  1003   4835   4836  3    790
  4835    663   4836  3    790
  4836    663    665  3    790
  1003   1005   1001  3    792
  1001   1005   1004  3    792
  1005    675   4837  3    793
  4837    675   4839  3    793
  4837   4839   4838  3    793
  4838   4839   4840  3    793
  4838   4840   1006  3    793
  1006   4840    677  3    793
  1006   4844   4841  3    795
  4841   4844   4845  3    795
  4841   4845   4842  3    795
  4842   4845   4846  3    795
  4842   4846   4843  3    795
  4843   4846   4847  3    795
  4843   4847   1004  3    795
  1004   4847   4848  3    795
  4844   1008   4845  3    795
  4845   1008   4849  3    795
  4845   4849   4846  3    795
  4846   4849   4850  3    795
  4846   4850   4847  3    795
  4847   4850   4851  3    795
  4847   4851   4848  3    795
  4848   4851   1007  3    795
  1008   1011   4852  3    797
  4852   1011   4854  3    797
  4852   4854   4853  3    797
  4853   4854   4855  3    797
  4853   4855   1009  3    797
  1009   4855   1010  3    797
  1011   1014   4856  3    799
  4856   1014   4859  3    799
  4856   4859   4857  3    799
  4857   4859   4860  3    799
  4857   4860   4858  3    799
  4858   4860   4861  3    799
  4858   4861   1012  3    799
  1012   4861   1013  3    799
  1014   1017   1015  3    801
  1015   1017   1016  3    801
  1017   1020   4862  3    803
  4862   1020   4864  3    803
  4862   4864   4863  3    803
  4863   4864   4865  3    803
  4863   4865   1018  3    803
  1018   4865   1019  3    803
  1020   1023   1021  3    805
  1021   1023   1022  3    805
  1023   1026   4866  3    807
  4866   1026   4867  3    807
  4866   4867   1024  3    807
  1024   4867   1025  3    807
  1026   4868   1027  3    808
  1027   4868   4869  3    808
  4868   4870   4869  3    808
  4869   4870   4871  3    808
  4870   4872   4871  3    808
  4871   4872   4873  3    808
  4872    678   4873  3    808
  4873    678    680  3    808
  1027   1029   4874  3    810
  4874   1029   4875  3    810
  4874   4875   1025  3    810
  1025   4875   1028  3    810
  1029   1032   4876  3    812
  4876   1032   4879  3    812
  4876   4879   4877  3    812
  4877   4879   4880  3    812
  4877   4880   4878  3    812
  4878   4880   4881  3    812
  4878   4881   1030  3    812
  1030   4881   1031  3    812
  1032    690   1033  3    813
  1033    690    692  3    813
  1033    696   4882  3    814
  4882    696   4883  3    814
  4882   4883   1031  3    814
  1031   4883    698  3    814
  1030   1035   4884  3    816
  4884   1035   4885  3    816
  4884   4885   1028  3    816
  1028   4885   1034  3    816
  1035   4886   1036  3    817
  1036   4886   4887  3    817
  4886   4888   4887  3    817
  4887   4888   4889  3    817
  4888   4890   4889  3    817
  4889   4890   4891  3    817
  4890    704   4891  3    817
  4891    704    706  3    817
  1036   1038   4892  3    819
  4892   1038   4893  3    819
  4892   4893   1034  3    819
  1034   4893   1037  3    819
  1038   1041   4894  3    821
  4894   1041   4896  3    821
  4894   4896   4895  3    821
  4895   4896   4897  3    821
  4895   4897   1039  3    821
  1039   4897   1040  3    821
  1041   4898   1042  3    822
  1042   4898   4899  3    822
  4898   4900   4899  3    822
  4899   4900   4901  3    822
  4900   4902   4901  3    822
  4901   4902   4903  3    822
  4902    906   4903  3    822
  4903    906    908  3    822
  1042   1044   4904  3    824
  4904   1044   4906  3    824
  4904   4906   4905  3    824
  4905   4906   4907  3    824
  4905   4907   1040  3    824
  1040   4907   1043  3    824
  1044   1047   4908  3    826
  4908   1047   4910  3    826
  4908   4910   4909  3    826
  4909   4910   4911  3    826
  4909   4911   1045  3    826
  1045   4911   1046  3    826
  1047   1050   4912  3    828
  4912   1050   4915  3    828
  4912   4915   4913  3    828
  4913   4915   4916  3    828
  4913   4916   4914  3    828
  4914   4916   4917  3    828
  4914   4917   1048  3    828
  1048   4917   1049  3    828
  1050    909   4918  3    829
  4918    909   4920  3    829
  4918   4920   4919  3    829
  4919   4920   4921  3    829
  4919   4921   1051  3    829
  1051   4921    911  3    829
  1051   4922   1049  3    831
  1049   4922   4923  3    831
  4922   1053   4923  3    831
  4923   1053   1052  3    831
  1053   1056   4924  3    833
  4924   1056   4926  3    833
  4924   4926   4925  3    833
  4925   4926   4927  3    833
  4925   4927   1054  3    833
  1054   4927   1055  3    833
  1056   1059   4928  3    835
  4928   1059   4930  3    835
  4928   4930   4929  3    835
  4929   4930   4931  3    835
  4929   4931   1057  3    835
  1057   4931   1058  3    835
  1059    912   1060  3    836
  1060    912    914  3    836
  1060   1062   4932  3    838
  4932   1062   4933  3    838
  4932   4933   1058  3    838
  1058   4933   1061  3    838
  1062    918   4934  3    839
  4934    918   4936  3    839
  4934   4936   4935  3    839
  4935   4936   4937  3    839
  4935   4937   1063  3    839
  1063   4937    920  3    839
  1063   1065   1061  3    841
  1061   1065   1064  3    841
  1065   1068   1066  3    843
  1066   1068   1067  3    843
  1068   1071   1069  3    845
  1069   1071   1070  3    845
  1071   4938   1072  3    846
  1072   4938   4939  3    846
  4938   4940   4939  3    846
  4939   4940   4941  3    846
  4940    924   4941  3    846
  4941    924    926  3    846
  1072   4942   1070  3    848
  1070   4942   4943  3    848
  4942   4944   4943  3    848
  4943   4944   4945  3    848
  4944   1074   4945  3    848
  4945   1074   1073  3    848
  1074   1077   4946  3    850
  4946   1077   4949  3    850
  4946   4949   4947  3    850
  4947   4949   4950  3    850
  4947   4950   4948  3    850
  4948   4950   4951  3    850
  4948   4951   1075  3    850
  1075   4951   1076  3    850
  1077   1080   1078  3    852
  1078   1080   1079  3    852
  1080    927   4952  3    853
  4952    927   4953  3    853
  4952   4953   1081  3    853
  1081   4953    929  3    853
  1081   1083   4954  3    855
  4954   1083   4955  3    855
  4954   4955   1079  3    855
  1079   4955   1082  3    855
  1083   1086   4956  3    857
  4956   1086   4958  3    857
  4956   4958   4957  3    857
  4957   4958   4959  3    857
  4957   4959   1084  3    857
  1084   4959   1085  3    857
  1086   1089   4960  3    859
  4960   1089   4962  3    859
  4960   4962   4961  3    859
  4961   4962   4963  3    859
  4961   4963   1087  3    859
  1087   4963   1088  3    859
  1089    930   4964  3    860
  4964    930   4966  3    860
  4964   4966   4965  3    860
  4965   4966   4967  3    860
  4965   4967   1090  3    860
  1090   4967    932  3    860
  1090   1092   1088  3    862
  1088   1092   1091  3    862
  1092   1095   1093  3    864
  1093   1095   1094  3    864
  1095   1098   1096  3    866
  1096   1098   1097  3    866
  1098    936   4968  3    867
  4968    936   4970  3    867
  4968   4970   4969  3    867
  4969   4970   4971  3    867
  4969   4971   1099  3    867
  1099   4971    938  3    867
  1099   1101   4972  3    869
  4972   1101   4974  3    869
  4972   4974   4973  3    869
  4973   4974   4975  3    869
  4973   4975   1097  3    869
  1097   4975   1100  3    869
  1101   4977   4976  3    871
  4976   4977   4978  3    871
  4976   4978   1102  3    871
  1102   4978   4979  3    871
  4977   1104   4978  3    871
  4978   1104   4980  3    871
  4978   4980   4979  3    871
  4979   4980   1103  3    871
  1104   1107   4981  3    873
  4981   1107   4983  3    873
  4981   4983   4982  3    873
  4982   4983   4984  3    873
  4982   4984   1105  3    873
  1105   4984   1106  3    873
  1107   1110   4985  3    875
  4985   1110   4986  3    875
  4985   4986   1108  3    875
  1108   4986   1109  3    875
  1110    939   4987  3    876
  4987    939   4988  3    876
  4987   4988   1111  3    876
  1111   4988    941  3    876
  1111   1113   1109  3    878
  1109   1113   1112  3    878
  1113   1116   4989  3    880
  4989   1116   4992  3    880
  4989   4992   4990  3    880
  4990   4992   4993  3    880
  4990   4993   4991  3    880
  4991   4993   4994  3    880
  4991   4994   1114  3    880
  1114   4994   1115  3    880
  1116   1119   4995  3    882
  4995   1119   4997  3    882
  4995   4997   4996  3    882
  4996   4997   4998  3    882
  4996   4998   1117  3    882
  1117   4998   1118  3    882
  1119   1122   4999  3    884
  4999   1122   5000  3    884
  4999   5000   1120  3    884
  1120   5000   1121  3    884
  1122   5001   1123  3    885
  1123   5001   5002  3    885
  5001   5003   5002  3    885
  5002   5003   5004  3    885
  5003    945   5004  3    885
  5004    945    947  3    885
  1123   1125   5005  3    887
  5005   1125   5007  3    887
  5005   5007   5006  3    887
  5006   5007   5008  3    887
  5006   5008   1121  3    887
  1121   5008   1124  3    887
  1125   1128   5009  3    889
  5009   1128   5010  3    889
  5009   5010   1126  3    889
  1126   5010   1127  3    889
  1128    954   5011  3    890
  5011    954   5013  3    890
  5011   5013   5012  3    890
  5012   5013   5014  3    890
  5012   5014   1129  3    890
  1129   5014    956  3    890
  1129   1131   5015  3    892
  5015   1131   5016  3    892
  5015   5016   1127  3    892
  1127   5016   1130  3    892
  1131   5017   1132  3    893
  1132   5017   5018  3    893
  5017   5019   5018  3    893
  5018   5019   5020  3    893
  5019   5021   5020  3    893
  5020   5021   5022  3    893
  5021    960   5022  3    893
  5022    960    962  3    893
  1132   1134   1130  3    895
  1130   1134   1133  3    895
  1134   5023   1135  3    897
  1135   5023   5024  3    897
  5023   5025   5024  3    897
  5024   5025   5026  3    897
  5025   5027   5026  3    897
  5026   5027   5028  3    897
  5027   1137   5028  3    897
  5028   1137   1136  3    897
  1137   1140   1138  3    899
  1138   1140   1139  3    899
  1140   5029   1141  3    901
  1141   5029   5030  3    901
  5029   5031   5030  3    901
  5030   5031   5032  3    901
  5031   5033   5032  3    901
  5032   5033   5034  3    901
  5033   1143   5034  3    901
  5034   1143   1142  3    901
   968   1144   1146  3    902
  1143    966   1145  3    903
  1149   1142   1148  3    905
  1144   1150   1147  3    906
  1150   1153   5035  3    908
  5035   1153   5036  3    908
  5035   5036   1151  3    908
  1151   5036   1152  3    908
  1153    969   5037  3    909
  5037    969   5038  3    909
  5037   5038   1154  3    909
  1154   5038    971  3    909
  1154   1156   5039  3    911
  5039   1156   5042  3    911
  5039   5042   5040  3    911
  5040   5042   5043  3    911
  5040   5043   5041  3    911
  5041   5043   5044  3    911
  5041   5044   1152  3    911
  1152   5044   1155  3    911
  1156   5048   5045  3    913
  5045   5048   5049  3    913
  5045   5049   5046  3    913
  5046   5049   5050  3    913
  5046   5050   5047  3    913
  5047   5050   5051  3    913
  5047   5051   1157  3    913
  1157   5051   5052  3    913
  5048   1159   5049  3    913
  5049   1159   5053  3    913
  5049   5053   5050  3    913
  5050   5053   5054  3    913
  5050   5054   5051  3    913
  5051   5054   5055  3    913
  5051   5055   5052  3    913
  5052   5055   1158  3    913
  1159   1162   5056  3    915
  5056   1162   5057  3    915
  5056   5057   1160  3    915
  1160   5057   1161  3    915
  1162   1165   1163  3    917
  1163   1165   1164  3    917
  1165   5059   5058  3    918
  5058   5059   5060  3    918
  5058   5060   1166  3    918
  1166   5060   5061  3    918
  5059    986   5060  3    918
  5060    986   5062  3    918
  5060   5062   5061  3    918
  5061   5062    988  3    918
  1166    989   5063  3    919
  5063    989   5064  3    919
  5063   5064   1164  3    919
  1164   5064    991  3    919
  1163   5065   1161  3    921
  1161   5065   5066  3    921
  5065   1168   5066  3    921
  5066   1168   1167  3    921
  1168   1171   1169  3    923
  1169   1171   1170  3    923
  1171    992   5067  3    924
  5067    992   5068  3    924
  5067   5068   1172  3    924
  1172   5068    994  3    924
  1172   1174   5069  3    926
  5069   1174   5070  3    926
  5069   5070   1170  3    926
  1170   5070   1173  3    926
  1174    995   1175  3    927
  1175    995    997  3    927
  1175   1177   5071  3    929
  5071   1177   5072  3    929
  5071   5072   1173  3    929
  1173   5072   1176  3    929
  1177   1180   1178  3    931
  1178   1180   1179  3    931
  1180   1183   5073  3    933
  5073   1183   5074  3    933
  5073   5074   1181  3    933
  1181   5074   1182  3    933
  1183   5076   5075  3    935
  5075   5076   5077  3    935
  5075   5077   1184  3    935
  1184   5077   5078  3    935
  5076   1186   5077  3    935
  5077   1186   5079  3    935
  5077   5079   5078  3    935
  5078   5079   1185  3    935
  1186   5080   1187  3    936
  1187   5080   5081  3    936
  5080    998   5081  3    936
  5081    998   1000  3    936
  1187   1189   5082  3    938
  5082   1189   5083  3    938
  5082   5083   1185  3    938
  1185   5083   1188  3    938
  1189   1192   1190  3    940
  1190   1192   1191  3    940
  1192   1007   1193  3    941
  1193   1007   1009  3    941
  1193   1010   1191  3    942
  1191   1010   1012  3    942
  1190   1195   1188  3    944
  1188   1195   1194  3    944
  1195   1198   1196  3    946
  1196   1198   1197  3    946
  1198   1201   5084  3    948
  5084   1201   5086  3    948
  5084   5086   5085  3    948
  5085   5086   5087  3    948
  5085   5087   1199  3    948
  1199   5087   1200  3    948
  1201   1204   5088  3    950
  5088   1204   5090  3    950
  5088   5090   5089  3    950
  5089   5090   5091  3    950
  5089   5091   1202  3    950
  1202   5091   1203  3    950
  1204   1013   5092  3    951
  5092   1013   5094  3    951
  5092   5094   5093  3    951
  5093   5094   5095  3    951
  5093   5095   1205  3    951
  1205   5095   1015  3    951
  1205   1016   5096  3    952
  5096   1016   5097  3    952
  5096   5097   1203  3    952
  1203   5097   1018  3    952
  1202   5099   5098  3    954
  5098   5099   5100  3    954
  5098   5100   1200  3    954
  1200   5100   5101  3    954
  5099   1207   5100  3    954
  5100   1207   5102  3    954
  5100   5102   5101  3    954
  5101   5102   1206  3    954
  1207   1043   1208  3    955
  1208   1043   1045  3    955
  1208   1210   1206  3    957
  1206   1210   1209  3    957
  1210   1046   1211  3    958
  1211   1046   1048  3    958
  1211   5103   1209  3    960
  1209   5103   5104  3    960
  5103   5105   5104  3    960
  5104   5105   5106  3    960
  5105   5107   5106  3    960
  5106   5107   5108  3    960
  5107   1213   5108  3    960
  5108   1213   1212  3    960
  1213   1216   5109  3    962
  5109   1216   5110  3    962
  5109   5110   1214  3    962
  1214   5110   1215  3    962
  1216   1219   5111  3    964
  5111   1219   5112  3    964
  5111   5112   1217  3    964
  1217   5112   1218  3    964
  1219   5114   5113  3    966
  5113   5114   5115  3    966
  5113   5115   1220  3    966
  1220   5115   5116  3    966
  5114   5117   5115  3    966
  5115   5117   5118  3    966
  5115   5118   5116  3    966
  5116   5118   5119  3    966
  5117   1222   5118  3    966
  5118   1222   5120  3    966
  5118   5120   5119  3    966
  5119   5120   1221  3    966
  1222   1052   5121  3    967
  5121   1052   5123  3    967
  5121   5123   5122  3    967
  5122   5123   5124  3    967
  5122   5124   1223  3    967
  1223   5124   1054  3    967
  1223   1225   1221  3    969
  1221   1225   1224  3    969
  1225   1228   5125  3    971
  5125   1228   5126  3    971
  5125   5126   1226  3    971
  1226   5126   1227  3    971
  1228   1231   5127  3    973
  5127   1231   5128  3    973
  5127   5128   1229  3    973
  1229   5128   1230  3    973
  1231   1234   5129  3    975
  5129   1234   5131  3    975
  5129   5131   5130  3    975
  5130   5131   5132  3    975
  5130   5132   1232  3    975
  1232   5132   1233  3    975
  1234   1237   5133  3    977
  5133   1237   5135  3    977
  5133   5135   5134  3    977
  5134   5135   5136  3    977
  5134   5136   1235  3    977
  1235   5136   1236  3    977
  1237   1067   1238  3    978
  1238   1067   1069  3    978
  1238   1240   5137  3    980
  5137   1240   5139  3    980
  5137   5139   5138  3    980
  5138   5139   5140  3    980
  5138   5140   1236  3    980
  1236   5140   1239  3    980
  1240   1243   5141  3    982
  5141   1243   5143  3    982
  5141   5143   5142  3    982
  5142   5143   5144  3    982
  5142   5144   1241  3    982
  1241   5144   1242  3    982
  1243   1246   5145  3    984
  5145   1246   5147  3    984
  5145   5147   5146  3    984
  5146   5147   5148  3    984
  5146   5148   1244  3    984
  1244   5148   1245  3    984
  1246   1073   5149  3    985
  5149   1073   5151  3    985
  5149   5151   5150  3    985
  5150   5151   5152  3    985
  5150   5152   1247  3    985
  1247   5152   1075  3    985
  1247   1249   5153  3    987
  5153   1249   5154  3    987
  5153   5154   1245  3    987
  1245   5154   1248  3    987
  1249   1252   5155  3    989
  5155   1252   5157  3    989
  5155   5157   5156  3    989
  5156   5157   5158  3    989
  5156   5158   1250  3    989
  1250   5158   1251  3    989
  1252   1255   5159  3    991
  5159   1255   5160  3    991
  5159   5160   1253  3    991
  1253   5160   1254  3    991
  1255   1258   1256  3    993
  1256   1258   1257  3    993
  1258   1261   5161  3    995
  5161   1261   5162  3    995
  5161   5162   1259  3    995
  1259   5162   1260  3    995
  1261   1264   1262  3    997
  1262   1264   1263  3    997
  1264   1267   5163  3    999
  5163   1267   5165  3    999
  5163   5165   5164  3    999
  5164   5165   5166  3    999
  5164   5166   1265  3    999
  1265   5166   1266  3    999
  1271   1268   1270  3   1001
  1267   1272   1269  3   1002
  1273   5167   1276  3   1004
  1276   5167   5168  3   1004
  5168   5167   1275  3   1004
  1272   1277   5169  3   1005
  5169   1277   5170  3   1005
  5169   5170   1274  3   1005
  1277   1280   5171  3   1007
  5171   1280   5174  3   1007
  5171   5174   5172  3   1007
  5172   5174   5175  3   1007
  5172   5175   5173  3   1007
  5173   5175   5176  3   1007
  5173   5176   1278  3   1007
  1278   5176   1279  3   1007
  1280   1283   5177  3   1009
  5177   1283   5178  3   1009
  5177   5178   1281  3   1009
  1281   5178   1282  3   1009
  1283   1286   5179  3   1011
  5179   1286   5182  3   1011
  5179   5182   5180  3   1011
  5180   5182   5183  3   1011
  5180   5183   5181  3   1011
  5181   5183   5184  3   1011
  5181   5184   1284  3   1011
  1284   5184   1285  3   1011
  1286   1076   5185  3   1012
  5185   1076   5188  3   1012
  5185   5188   5186  3   1012
  5186   5188   5189  3   1012
  5186   5189   5187  3   1012
  5187   5189   5190  3   1012
  5187   5190   1287  3   1012
  1287   5190   1078  3   1012
  1287   1289   5191  3   1014
  5191   1289   5193  3   1014
  5191   5193   5192  3   1014
  5192   5193   5194  3   1014
  5192   5194   1285  3   1014
  1285   5194   1288  3   1014
  1289   5197   5195  3   1015
  5195   5197   5198  3   1015
  5195   5198   5196  3   1015
  5196   5198   5199  3   1015
  5196   5199   1290  3   1015
  1290   5199   5200  3   1015
  5197   1082   5198  3   1015
  5198   1082   5201  3   1015
  5198   5201   5199  3   1015
  5199   5201   5202  3   1015
  5199   5202   5200  3   1015
  5200   5202   1084  3   1015
  1290   1292   1288  3   1017
  1288   1292   1291  3   1017
  1292   1295   5203  3   1019
  5203   1295   5205  3   1019
  5203   5205   5204  3   1019
  5204   5205   5206  3   1019
  5204   5206   1293  3   1019
  1293   5206   1294  3   1019
  1295   5207   1296  3   1021
  1296   5207   5208  3   1021
  5207   1298   5208  3   1021
  5208   1298   1297  3   1021
  1302   1299   1301  3   1023
  1298   1303   1300  3   1024
  1303   1306   5209  3   1026
  5209   1306   5211  3   1026
  5209   5211   5210  3   1026
  5210   5211   5212  3   1026
  5210   5212   1304  3   1026
  1304   5212   1305  3   1026
  1306   1094   1307  3   1027
  1307   1094   1096  3   1027
  1307   1100   5213  3   1028
  5213   1100   5215  3   1028
  5213   5215   5214  3   1028
  5214   5215   5216  3   1028
  5214   5216   1305  3   1028
  1305   5216   1102  3   1028
  1304   5220   5217  3   1030
  5217   5220   5221  3   1030
  5217   5221   5218  3   1030
  5218   5221   5222  3   1030
  5218   5222   5219  3   1030
  5219   5222   5223  3   1030
  5219   5223   1302  3   1030
  1302   5223   5224  3   1030
  5220   1309   5221  3   1030
  5221   1309   5225  3   1030
  5221   5225   5222  3   1030
  5222   5225   5226  3   1030
  5222   5226   5223  3   1030
  5223   5226   5227  3   1030
  5223   5227   5224  3   1030
  5224   5227   1308  3   1030
  1309   1312   5228  3   1032
  5228   1312   5231  3   1032
  5228   5231   5229  3   1032
  5229   5231   5232  3   1032
  5229   5232   5230  3   1032
  5230   5232   5233  3   1032
  5230   5233   1310  3   1032
  1310   5233   1311  3   1032
  1312   1315   5234  3   1034
  5234   1315   5236  3   1034
  5234   5236   5235  3   1034
  5235   5236   5237  3   1034
  5235   5237   1313  3   1034
  1313   5237   1314  3   1034
  1315   1103   5238  3   1035
  5238   1103   5239  3   1035
  5238   5239   1316  3   1035
  1316   5239   1105  3   1035
  1316   1318   1314  3   1037
  1314   1318   1317  3   1037
  1318   1321   5240  3   1039
  5240   1321   5241  3   1039
  5240   5241   1319  3   1039
  1319   5241   1320  3   1039
  1321   1106   5242  3   1040
  5242   1106   5245  3   1040
  5242   5245   5243  3   1040
  5243   5245   5246  3   1040
  5243   5246   5244  3   1040
  5244   5246   5247  3   1040
  5244   5247   1322  3   1040
  1322   5247   1108  3   1040
  1322   1112   5248  3   1041
  5248   1112   5251  3   1041
  5248   5251   5249  3   1041
  5249   5251   5252  3   1041
  5249   5252   5250  3   1041
  5250   5252   5253  3   1041
  5250   5253   1320  3   1041
  1320   5253   1114  3   1041
  1319   1324   5254  3   1043
  5254   1324   5255  3   1043
  5254   5255   1317  3   1043
  1317   5255   1323  3   1043
  1324   1327   1325  3   1045
  1325   1327   1326  3   1045
  1327   1330   5256  3   1047
  5256   1330   5257  3   1047
  5256   5257   1328  3   1047
  1328   5257   1329  3   1047
  1330   1115   5258  3   1048
  5258   1115   5259  3   1048
  5258   5259   1331  3   1048
  1331   5259   1117  3   1048
  1331   1118   1329  3   1049
  1329   1118   1120  3   1049
  1328   1333   5260  3   1051
  5260   1333   5262  3   1051
  5260   5262   5261  3   1051
  5261   5262   5263  3   1051
  5261   5263   1326  3   1051
  1326   5263   1332  3   1051
  1333   1336   5264  3   1053
  5264   1336   5266  3   1053
  5264   5266   5265  3   1053
  5265   5266   5267  3   1053
  5265   5267   1334  3   1053
  1334   5267   1335  3   1053
  1336   1124   1337  3   1054
  1337   1124   1126  3   1054
  1337   1339   5268  3   1056
  5268   1339   5271  3   1056
  5268   5271   5269  3   1056
  5269   5271   5272  3   1056
  5269   5272   5270  3   1056
  5270   5272   5273  3   1056
  5270   5273   1335  3   1056
  1335   5273   1338  3   1056
  1339   1133   1340  3   1057
  1340   1133   1135  3   1057
  1340   1342   5274  3   1059
  5274   1342   5277  3   1059
  5274   5277   5275  3   1059
  5275   5277   5278  3   1059
  5275   5278   5276  3   1059
  5276   5278   5279  3   1059
  5276   5279   1338  3   1059
  1338   5279   1341  3   1059
  1342   5280   1343  3   1060
  1343   5280   5281  3   1060
  5280   5282   5281  3   1060
  5281   5282   5283  3   1060
  5282   1136   5283  3   1060
  5283   1136   1138  3   1060
  1343   1345   5284  3   1062
  5284   1345   5288  3   1062
  5284   5288   5285  3   1062
  5285   5288   5289  3   1062
  5285   5289   5286  3   1062
  5286   5289   5290  3   1062
  5286   5290   5287  3   1062
  5287   5290   5291  3   1062
  5287   5291   1341  3   1062
  1341   5291   1344  3   1062
  1345   1348   1346  3   1064
  1346   1348   1347  3   1064
  1348   1351   5292  3   1066
  5292   1351   5295  3   1066
  5292   5295   5293  3   1066
  5293   5295   5296  3   1066
  5293   5296   5294  3   1066
  5294   5296   5297  3   1066
  5294   5297   1349  3   1066
  1349   5297   1350  3   1066
  1351   1354   1352  3   1068
  1352   1354   1353  3   1068
  1354   1357   5298  3   1070
  5298   1357   5300  3   1070
  5298   5300   5299  3   1070
  5299   5300   5301  3   1070
  5299   5301   1355  3   1070
  1355   5301   1356  3   1070
  1357   1360   5302  3   1072
  5302   1360   5303  3   1072
  5302   5303   1358  3   1072
  1358   5303   1359  3   1072
  1360   1363   5304  3   1074
  5304   1363   5305  3   1074
  5304   5305   1361  3   1074
  1361   5305   1362  3   1074
  1363   1366   5306  3   1076
  5306   1366   5307  3   1076
  5306   5307   1364  3   1076
  1364   5307   1365  3   1076
  1366   1139   5308  3   1077
  5308   1139   5309  3   1077
  5308   5309   1367  3   1077
  1367   5309   1141  3   1077
  1367   1369   5310  3   1079
  5310   1369   5312  3   1079
  5310   5312   5311  3   1079
  5311   5312   5313  3   1079
  5311   5313   1365  3   1079
  1365   5313   1368  3   1079
  1369   1372   5314  3   1081
  5314   1372   5315  3   1081
  5314   5315   1370  3   1081
  1370   5315   1371  3   1081
  1372   1149   5316  3   1082
  5316   1149   5319  3   1082
  5316   5319   5317  3   1082
  5317   5319   5320  3   1082
  5317   5320   5318  3   1082
  5318   5320   5321  3   1082
  5318   5321   1373  3   1082
  1373   5321   1151  3   1082
  1373   1375   5322  3   1084
  5322   1375   5323  3   1084
  5322   5323   1371  3   1084
  1371   5323   1374  3   1084
  1375   1378   5324  3   1086
  5324   1378   5325  3   1086
  5324   5325   1376  3   1086
  1376   5325   1377  3   1086
  1378   1381   1379  3   1088
  1379   1381   1380  3   1088
  1381   1155   5326  3   1089
  5326   1155   5327  3   1089
  5326   5327   1382  3   1089
  1382   5327   1157  3   1089
  1382   1384   5328  3   1091
  5328   1384   5329  3   1091
  5328   5329   1380  3   1091
  1380   5329   1383  3   1091
  1384   1387   5330  3   1093
  5330   1387   5332  3   1093
  5330   5332   5331  3   1093
  5331   5332   5333  3   1093
  5331   5333   1385  3   1093
  1385   5333   1386  3   1093
  1387   5335   5334  3   1095
  5334   5335   5336  3   1095
  5334   5336   1388  3   1095
  1388   5336   5337  3   1095
  5335   1390   5336  3   1095
  5336   1390   5338  3   1095
  5336   5338   5337  3   1095
  5337   5338   1389  3   1095
  1390   1393   5339  3   1097
  5339   1393   5340  3   1097
  5339   5340   1391  3   1097
  1391   5340   1392  3   1097
  1393   5341   1394  3   1099
  1394   5341   5342  3   1099
  5341   1396   5342  3   1099
  5342   1396   1395  3   1099
  1396   1399   5343  3   1101
  5343   1399   5344  3   1101
  5343   5344   1397  3   1101
  1397   5344   1398  3   1101
  1399   1402   1400  3   1103
  1400   1402   1401  3   1103
  1402   1158   5345  3   1104
  5345   1158   5347  3   1104
  5345   5347   5346  3   1104
  5346   5347   5348  3   1104
  5346   5348   1403  3   1104
  1403   5348   1160  3   1104
  1403   1405   5349  3   1106
  5349   1405   5350  3   1106
  5349   5350   1401  3   1106
  1401   5350   1404  3   1106
  1405   1408   5351  3   1108
  5351   1408   5353  3   1108
  5351   5353   5352  3   1108
  5352   5353   5354  3   1108
  5352   5354   1406  3   1108
  1406   5354   1407  3   1108
  1408   1411   5355  3   1110
  5355   1411   5357  3   1110
  5355   5357   5356  3   1110
  5356   5357   5358  3   1110
  5356   5358   1409  3   1110
  1409   5358   1410  3   1110
  1411   5361   5359  3   1112
  5359   5361   5362  3   1112
  5359   5362   5360  3   1112
  5360   5362   5363  3   1112
  5360   5363   1412  3   1112
  1412   5363   5364  3   1112
  5361   1414   5362  3   1112
  5362   1414   5365  3   1112
  5362   5365   5363  3   1112
  5363   5365   5366  3   1112
  5363   5366   5364  3   1112
  5364   5366   1413  3   1112
  1414   1417   5367  3   1114
  5367   1417   5368  3   1114
  5367   5368   1415  3   1114
  1415   5368   1416  3   1114
  1417   1420   5369  3   1116
  5369   1420   5370  3   1116
  5369   5370   1418  3   1116
  1418   5370   1419  3   1116
  1420   5372   5371  3   1117
  5371   5372   5373  3   1117
  5371   5373   1421  3   1117
  1421   5373   5374  3   1117
  5372   5375   5373  3   1117
  5373   5375   5376  3   1117
  5373   5376   5374  3   1117
  5374   5376   5377  3   1117
  5375   1167   5376  3   1117
  5376   1167   5378  3   1117
  5376   5378   5377  3   1117
  5377   5378   1169  3   1117
  1421   1423   5379  3   1119
  5379   1423   5380  3   1119
  5379   5380   1419  3   1119
  1419   5380   1422  3   1119
  1423   1426   5381  3   1121
  5381   1426   5383  3   1121
  5381   5383   5382  3   1121
  5382   5383   5384  3   1121
  5382   5384   1424  3   1121
  1424   5384   1425  3   1121
  1426   5386   5385  3   1123
  5385   5386   5387  3   1123
  5385   5387   1427  3   1123
  1427   5387   5388  3   1123
  5386   1429   5387  3   1123
  5387   1429   5389  3   1123
  5387   5389   5388  3   1123
  5388   5389   1428  3   1123
  1429   1176   5390  3   1124
  5390   1176   5391  3   1124
  5390   5391   1430  3   1124
  1430   5391   1178  3   1124
  1430   1179   5392  3   1125
  5392   1179   5393  3   1125
  5392   5393   1428  3   1125
  1428   5393   1181  3   1125
  1427   1432   5394  3   1127
  5394   1432   5397  3   1127
  5394   5397   5395  3   1127
  5395   5397   5398  3   1127
  5395   5398   5396  3   1127
  5396   5398   5399  3   1127
  5396   5399   1425  3   1127
  1425   5399   1431  3   1127
  1432   1435   5400  3   1129
  5400   1435   5403  3   1129
  5400   5403   5401  3   1129
  5401   5403   5404  3   1129
  5401   5404   5402  3   1129
  5402   5404   5405  3   1129
  5402   5405   1433  3   1129
  1433   5405   1434  3   1129
  1435   1438   5406  3   1131
  5406   1438   5409  3   1131
  5406   5409   5407  3   1131
  5407   5409   5410  3   1131
  5407   5410   5408  3   1131
  5408   5410   5411  3   1131
  5408   5411   1436  3   1131
  1436   5411   1437  3   1131
  1442   1439   1441  3   1133
  1438   1443   5412  3   1134
  5412   1443   5413  3   1134
  5412   5413   1440  3   1134
  1443   5414   1444  3   1136
  1444   5414   5415  3   1136
  5414   1446   5415  3   1136
  5415   1446   1445  3   1136
  1446   1449   1447  3   1138
  1447   1449   1448  3   1138
  1449   1452   5416  3   1140
  5416   1452   5417  3   1140
  5416   5417   1450  3   1140
  1450   5417   1451  3   1140
  1452   5418   1453  3   1141
  1453   5418   5419  3   1141
  5418   5420   5419  3   1141
  5419   5420   5421  3   1141
  5420   5422   5421  3   1141
  5421   5422   5423  3   1141
  5422   1182   5423  3   1141
  5423   1182   1184  3   1141
  1453   1455   5424  3   1143
  5424   1455   5425  3   1143
  5424   5425   1451  3   1143
  1451   5425   1454  3   1143
  1455   1458   5426  3   1145
  5426   1458   5429  3   1145
  5426   5429   5427  3   1145
  5427   5429   5430  3   1145
  5427   5430   5428  3   1145
  5428   5430   5431  3   1145
  5428   5431   1456  3   1145
  1456   5431   1457  3   1145
  1458   1194   5432  3   1146
  5432   1194   5433  3   1146
  5432   5433   1459  3   1146
  1459   5433   1196  3   1146
  1459   1197   5434  3   1147
  5434   1197   5435  3   1147
  5434   5435   1457  3   1147
  1457   5435   1199  3   1147
  1456   1212   5436  3   1148
  5436   1212   5437  3   1148
  5436   5437   1454  3   1148
  1454   5437   1214  3   1148
  1450   1461   1448  3   1150
  1448   1461   1460  3   1150
  1461   1215   5438  3   1151
  5438   1215   5439  3   1151
  5438   5439   1462  3   1151
  1462   5439   1217  3   1151
  1462   1464   5440  3   1153
  5440   1464   5441  3   1153
  5440   5441   1460  3   1153
  1460   5441   1463  3   1153
  1464   5443   5442  3   1155
  5442   5443   5444  3   1155
  5442   5444   1465  3   1155
  1465   5444   5445  3   1155
  5443   1467   5444  3   1155
  5444   1467   5446  3   1155
  5444   5446   5445  3   1155
  5445   5446   1466  3   1155
  1467   1470   5447  3   1157
  5447   1470   5450  3   1157
  5447   5450   5448  3   1157
  5448   5450   5451  3   1157
  5448   5451   5449  3   1157
  5449   5451   5452  3   1157
  5449   5452   1468  3   1157
  1468   5452   1469  3   1157
  1470   1473   1471  3   1159
  1471   1473   1472  3   1159
  1473   1218   5453  3   1160
  5453   1218   5454  3   1160
  5453   5454   1474  3   1160
  1474   5454   1220  3   1160
  1474   1476   5455  3   1162
  5455   1476   5456  3   1162
  5455   5456   1472  3   1162
  1472   5456   1475  3   1162
  1476   1479   5457  3   1164
  5457   1479   5458  3   1164
  5457   5458   1477  3   1164
  1477   5458   1478  3   1164
  1479   5460   5459  3   1166
  5459   5460   5461  3   1166
  5459   5461   1480  3   1166
  1480   5461   5462  3   1166
  5460   1482   5461  3   1166
  5461   1482   5463  3   1166
  5461   5463   5462  3   1166
  5462   5463   1481  3   1166
  1482   1224   5464  3   1167
  5464   1224   5465  3   1167
  5464   5465   1483  3   1167
  1483   5465   1226  3   1167
  1483   5466   1481  3   1168
  1481   5466   5467  3   1168
  5466   1227   5467  3   1168
  5467   1227   1229  3   1168
  1480   1485   1478  3   1170
  1478   1485   1484  3   1170
  1485   5468   1486  3   1172
  1486   5468   5469  3   1172
  5468   5470   5469  3   1172
  5469   5470   5471  3   1172
  5470   5472   5471  3   1172
  5471   5472   5473  3   1172
  5472   1488   5473  3   1172
  5473   1488   1487  3   1172
  1488   1491   1489  3   1174
  1489   1491   1490  3   1174
  1491   5475   5474  3   1176
  5474   5475   5476  3   1176
  5474   5476   1492  3   1176
  1492   5476   5477  3   1176
  5475   1494   5476  3   1176
  5476   1494   5478  3   1176
  5476   5478   5477  3   1176
  5477   5478   1493  3   1176
  1494   1230   1495  3   1177
  1495   1230   1232  3   1177
  1495   5479   1493  3   1179
  1493   5479   5480  3   1179
  5479   5481   5480  3   1179
  5480   5481   5482  3   1179
  5481   1497   5482  3   1179
  5482   1497   1496  3   1179
  1497   1500   1498  3   1181
  1498   1500   1499  3   1181
  1500   1503   1501  3   1183
  1501   1503   1502  3   1183
  1503   1506   5483  3   1185
  5483   1506   5484  3   1185
  5483   5484   1504  3   1185
  1504   5484   1505  3   1185
  1506   5485   1507  3   1186
  1507   5485   5486  3   1186
  5485   1233   5486  3   1186
  5486   1233   1235  3   1186
  1507   1239   5487  3   1187
  5487   1239   5488  3   1187
  5487   5488   1505  3   1187
  1505   5488   1241  3   1187
  1504   5489   1502  3   1188
  1502   5489   5490  3   1188
  5489   1251   5490  3   1188
  5490   1251   1253  3   1188
  1501   5492   5491  3   1190
  5491   5492   5493  3   1190
  5491   5493   1499  3   1190
  1499   5493   5494  3   1190
  5492   5495   5493  3   1190
  5493   5495   5496  3   1190
  5493   5496   5494  3   1190
  5494   5496   5497  3   1190
  5495   1509   5496  3   1190
  5496   1509   5498  3   1190
  5496   5498   5497  3   1190
  5497   5498   1508  3   1190
  1509   1512   1510  3   1192
  1510   1512   1511  3   1192
  1512   1515   1513  3   1194
  1513   1515   1514  3   1194
  1515   1518   1516  3   1196
  1516   1518   1517  3   1196
  1518   1521   5499  3   1198
  5499   1521   5501  3   1198
  5499   5501   5500  3   1198
  5500   5501   5502  3   1198
  5500   5502   1519  3   1198
  1519   5502   1520  3   1198
  1521   1524   5503  3   1200
  5503   1524   5504  3   1200
  5503   5504   1522  3   1200
  1522   5504   1523  3   1200
  1524   1527   5505  3   1202
  5505   1527   5506  3   1202
  5505   5506   1525  3   1202
  1525   5506   1526  3   1202
  1527   5508   5507  3   1204
  5507   5508   5509  3   1204
  5507   5509   1528  3   1204
  1528   5509   5510  3   1204
  5508   5511   5509  3   1204
  5509   5511   5512  3   1204
  5509   5512   5510  3   1204
  5510   5512   5513  3   1204
  5511   5514   5512  3   1204
  5512   5514   5515  3   1204
  5512   5515   5513  3   1204
  5513   5515   5516  3   1204
  5514   1530   5515  3   1204
  5515   1530   5517  3   1204
  5515   5517   5516  3   1204
  5516   5517   1529  3   1204
  1530   5519   5518  3   1206
  5518   5519   5520  3   1206
  5518   5520   1531  3   1206
  1531   5520   5521  3   1206
  5519   1533   5520  3   1206
  5520   1533   5522  3   1206
  5520   5522   5521  3   1206
  5521   5522   1532  3   1206
  1533   1254   5523  3   1207
  5523   1254   5524  3   1207
  5523   5524   1534  3   1207
  1534   5524   1256  3   1207
  1534   1257   1532  3   1208
  1532   1257   1259  3   1208
  1531   5526   5525  3   1209
  5525   5526   5527  3   1209
  5525   5527   1529  3   1209
  1529   5527   5528  3   1209
  5526   1526   5527  3   1209
  5527   1526   5529  3   1209
  5527   5529   5528  3   1209
  5528   5529   1528  3   1209
  1525   1536   1523  3   1211
  1523   1536   1535  3   1211
  1536   5531   5530  3   1213
  5530   5531   5532  3   1213
  5530   5532   1537  3   1213
  1537   5532   5533  3   1213
  5531   5534   5532  3   1213
  5532   5534   5535  3   1213
  5532   5535   5533  3   1213
  5533   5535   5536  3   1213
  5534   1539   5535  3   1213
  5535   1539   5537  3   1213
  5535   5537   5536  3   1213
  5536   5537   1538  3   1213
  1539   5538   1540  3   1214
  1540   5538   5539  3   1214
  5538   1260   5539  3   1214
  5539   1260   1262  3   1214
  1540   1542   1538  3   1216
  1538   1542   1541  3   1216
  1542   1545   5540  3   1218
  5540   1545   5542  3   1218
  5540   5542   5541  3   1218
  5541   5542   5543  3   1218
  5541   5543   1543  3   1218
  1543   5543   1544  3   1218
  1545   1263   5544  3   1219
  5544   1263   5546  3   1219
  5544   5546   5545  3   1219
  5545   5546   5547  3   1219
  5545   5547   1546  3   1219
  1546   5547   1265  3   1219
  1546   1548   1544  3   1221
  1544   1548   1547  3   1221
  1548   1266   5548  3   1222
  5548   1266   5549  3   1222
  5548   5549   1549  3   1222
  1549   5549   1268  3   1222
  1549   5551   5550  3   1224
  5550   5551   5552  3   1224
  5550   5552   1547  3   1224
  1547   5552   5553  3   1224
  5551   1551   5552  3   1224
  5552   1551   5554  3   1224
  5552   5554   5553  3   1224
  5553   5554   1550  3   1224
  1551   5556   5555  3   1226
  5555   5556   5557  3   1226
  5555   5557   1552  3   1226
  1552   5557   5558  3   1226
  5556   1554   5557  3   1226
  5557   1554   5559  3   1226
  5557   5559   5558  3   1226
  5558   5559   1553  3   1226
  1554   5561   5560  3   1228
  5560   5561   5562  3   1228
  5560   5562   1555  3   1228
  1555   5562   5563  3   1228
  5561   1557   5562  3   1228
  5562   1557   5564  3   1228
  5562   5564   5563  3   1228
  5563   5564   1556  3   1228
  1557   5565   1558  3   1230
  1558   5565   5566  3   1230
  5565   1560   5566  3   1230
  5566   1560   1559  3   1230
  1560   1563   5567  3   1232
  5567   1563   5568  3   1232
  5567   5568   1561  3   1232
  1561   5568   1562  3   1232
  1563   5569   1564  3   1233
  1564   5569   5570  3   1233
  5569   1271   5570  3   1233
  5570   1271   1273  3   1233
  1564   5571   1562  3   1235
  1562   5571   5572  3   1235
  5571   1566   5572  3   1235
  5572   1566   1565  3   1235
  1566   1276   1567  3   1236
  1567   1276   1278  3   1236
  1567   1569   5573  3   1238
  5573   1569   5574  3   1238
  5573   5574   1565  3   1238
  1565   5574   1568  3   1238
  1569   1572   5575  3   1240
  5575   1572   5576  3   1240
  5575   5576   1570  3   1240
  1570   5576   1571  3   1240
  1572   1279   5577  3   1241
  5577   1279   5578  3   1241
  5577   5578   1573  3   1241
  1573   5578   1281  3   1241
  1573   1282   5579  3   1242
  5579   1282   5580  3   1242
  5579   5580   1571  3   1242
  1571   5580   1284  3   1242
  1570   1291   5581  3   1243
  5581   1291   5583  3   1243
  5581   5583   5582  3   1243
  5582   5583   5584  3   1243
  5582   5584   1568  3   1243
  1568   5584   1293  3   1243
  1561   1575   1559  3   1245
  1559   1575   1574  3   1245
  1575   5587   5585  3   1247
  5585   5587   5588  3   1247
  5585   5588   5586  3   1247
  5586   5588   5589  3   1247
  5586   5589   1576  3   1247
  1576   5589   5590  3   1247
  5587   5591   5588  3   1247
  5588   5591   5592  3   1247
  5588   5592   5589  3   1247
  5589   5592   5593  3   1247
  5589   5593   5590  3   1247
  5590   5593   5594  3   1247
  5591   1578   5592  3   1247
  5592   1578   5595  3   1247
  5592   5595   5593  3   1247
  5593   5595   5596  3   1247
  5593   5596   5594  3   1247
  5594   5596   1577  3   1247
  1578   1581   5597  3   1249
  5597   1581   5599  3   1249
  5597   5599   5598  3   1249
  5598   5599   5600  3   1249
  5598   5600   1579  3   1249
  1579   5600   1580  3   1249
  1581   1294   5601  3   1250
  5601   1294   5603  3   1250
  5601   5603   5602  3   1250
  5602   5603   5604  3   1250
  5602   5604   1582  3   1250
  1582   5604   1296  3   1250
  1585   1580   1584  3   1252
  1582   1586   1583  3   1253
  1299   1587   1589  3   1254
  1586   1297   1588  3   1255
  1587   1591   1585  3   1257
  1585   1591   1590  3   1257
  1591   1594   5605  3   1259
  5605   1594   5606  3   1259
  5605   5606   1592  3   1259
  1592   5606   1593  3   1259
  1594   1597   1595  3   1261
  1595   1597   1596  3   1261
  1597   1600   5607  3   1263
  5607   1600   5608  3   1263
  5607   5608   1598  3   1263
  1598   5608   1599  3   1263
  1600   5610   5609  3   1265
  5609   5610   5611  3   1265
  5609   5611   1601  3   1265
  1601   5611   5612  3   1265
  5610   5613   5611  3   1265
  5611   5613   5614  3   1265
  5611   5614   5612  3   1265
  5612   5614   5615  3   1265
  5613   1603   5614  3   1265
  5614   1603   5616  3   1265
  5614   5616   5615  3   1265
  5615   5616   1602  3   1265
  1603   1606   5617  3   1267
  5617   1606   5619  3   1267
  5617   5619   5618  3   1267
  5618   5619   5620  3   1267
  5618   5620   1604  3   1267
  1604   5620   1605  3   1267
  1606   1308   5621  3   1268
  5621   1308   5623  3   1268
  5621   5623   5622  3   1268
  5622   5623   5624  3   1268
  5622   5624   1607  3   1268
  1607   5624   1310  3   1268
  1607   1609   1605  3   1270
  1605   1609   1608  3   1270
  1609   1612   5625  3   1272
  5625   1612   5626  3   1272
  5625   5626   1610  3   1272
  1610   5626   1611  3   1272
  1612   1311   5627  3   1273
  5627   1311   5629  3   1273
  5627   5629   5628  3   1273
  5628   5629   5630  3   1273
  5628   5630   1613  3   1273
  1613   5630   1313  3   1273
  1613   1615   1611  3   1275
  1611   1615   1614  3   1275
  1615   1323   1616  3   1276
  1616   1323   1325  3   1276
  1616   1618   5631  3   1278
  5631   1618   5632  3   1278
  5631   5632   1614  3   1278
  1614   5632   1617  3   1278
  1618   1621   1619  3   1280
  1619   1621   1620  3   1280
  1621   1624   5633  3   1282
  5633   1624   5635  3   1282
  5633   5635   5634  3   1282
  5634   5635   5636  3   1282
  5634   5636   1622  3   1282
  1622   5636   1623  3   1282
  1624   5638   5637  3   1284
  5637   5638   5639  3   1284
  5637   5639   1625  3   1284
  1625   5639   5640  3   1284
  5638   1627   5639  3   1284
  5639   1627   5641  3   1284
  5639   5641   5640  3   1284
  5640   5641   1626  3   1284
  1627   1332   5642  3   1285
  5642   1332   5643  3   1285
  5642   5643   1628  3   1285
  1628   5643   1334  3   1285
  1628   1630   1626  3   1287
  1626   1630   1629  3   1287
  1630   1633   5644  3   1289
  5644   1633   5645  3   1289
  5644   5645   1631  3   1289
  1631   5645   1632  3   1289
  1633   1636   1634  3   1291
  1634   1636   1635  3   1291
  1636   1639   5646  3   1293
  5646   1639   5647  3   1293
  5646   5647   1637  3   1293
  1637   5647   1638  3   1293
  1639   1642   5648  3   1295
  5648   1642   5651  3   1295
  5648   5651   5649  3   1295
  5649   5651   5652  3   1295
  5649   5652   5650  3   1295
  5650   5652   5653  3   1295
  5650   5653   1640  3   1295
  1640   5653   1641  3   1295
  1642   1645   5654  3   1297
  5654   1645   5657  3   1297
  5654   5657   5655  3   1297
  5655   5657   5658  3   1297
  5655   5658   5656  3   1297
  5656   5658   5659  3   1297
  5656   5659   1643  3   1297
  1643   5659   1644  3   1297
  1645   1648   5660  3   1299
  5660   1648   5663  3   1299
  5660   5663   5661  3   1299
  5661   5663   5664  3   1299
  5661   5664   5662  3   1299
  5662   5664   5665  3   1299
  5662   5665   1646  3   1299
  1646   5665   1647  3   1299
  1648   1651   5666  3   1301
  5666   1651   5668  3   1301
  5666   5668   5667  3   1301
  5667   5668   5669  3   1301
  5667   5669   1649  3   1301
  1649   5669   1650  3   1301
  1651   1344   5670  3   1302
  5670   1344   5673  3   1302
  5670   5673   5671  3   1302
  5671   5673   5674  3   1302
  5671   5674   5672  3   1302
  5672   5674   5675  3   1302
  5672   5675   1652  3   1302
  1652   5675   1346  3   1302
  1652   1654   5676  3   1304
  5676   1654   5677  3   1304
  5676   5677   1650  3   1304
  1650   5677   1653  3   1304
  1654   1347   5678  3   1305
  5678   1347   5680  3   1305
  5678   5680   5679  3   1305
  5679   5680   5681  3   1305
  5679   5681   1655  3   1305
  1655   5681   1349  3   1305
  1655   1657   5682  3   1307
  5682   1657   5684  3   1307
  5682   5684   5683  3   1307
  5683   5684   5685  3   1307
  5683   5685   1653  3   1307
  1653   5685   1656  3   1307
  1657   5687   5686  3   1309
  5686   5687   5688  3   1309
  5686   5688   1658  3   1309
  1658   5688   5689  3   1309
  5687   1660   5688  3   1309
  5688   1660   5690  3   1309
  5688   5690   5689  3   1309
  5689   5690   1659  3   1309
  1660   1663   5691  3   1311
  5691   1663   5692  3   1311
  5691   5692   1661  3   1311
  1661   5692   1662  3   1311
  1663   1666   1664  3   1313
  1664   1666   1665  3   1313
  1666   1669   5693  3   1315
  5693   1669   5694  3   1315
  5693   5694   1667  3   1315
  1667   5694   1668  3   1315
  1669   1672   1670  3   1317
  1670   1672   1671  3   1317
  1672   1675   5695  3   1319
  5695   1675   5698  3   1319
  5695   5698   5696  3   1319
  5696   5698   5699  3   1319
  5696   5699   5697  3   1319
  5697   5699   5700  3   1319
  5697   5700   1673  3   1319
  1673   5700   1674  3   1319
  1675   1678   5701  3   1321
  5701   1678   5702  3   1321
  5701   5702   1676  3   1321
  1676   5702   1677  3   1321
  1678   1350   5703  3   1322
  5703   1350   5705  3   1322
  5703   5705   5704  3   1322
  5704   5705   5706  3   1322
  5704   5706   1679  3   1322
  1679   5706   1352  3   1322
  1679   1681   5707  3   1324
  5707   1681   5708  3   1324
  5707   5708   1677  3   1324
  1677   5708   1680  3   1324
  1681   1684   5709  3   1326
  5709   1684   5712  3   1326
  5709   5712   5710  3   1326
  5710   5712   5713  3   1326
  5710   5713   5711  3   1326
  5711   5713   5714  3   1326
  5711   5714   1682  3   1326
  1682   5714   1683  3   1326
  1684   1353   5715  3   1327
  5715   1353   5717  3   1327
  5715   5717   5716  3   1327
  5716   5717   5718  3   1327
  5716   5718   1685  3   1327
  1685   5718   1355  3   1327
  1685   5720   5719  3   1329
  5719   5720   5721  3   1329
  5719   5721   1683  3   1329
  1683   5721   5722  3   1329
  5720   1687   5721  3   1329
  5721   1687   5723  3   1329
  5721   5723   5722  3   1329
  5722   5723   1686  3   1329
  1687   1690   1688  3   1331
  1688   1690   1689  3   1331
  1690   1693   5724  3   1333
  5724   1693   5725  3   1333
  5724   5725   1691  3   1333
  1691   5725   1692  3   1333
  1693   1356   5726  3   1334
  5726   1356   5727  3   1334
  5726   5727   1694  3   1334
  1694   5727   1358  3   1334
  1694   5728   1692  3   1335
  1692   5728   5729  3   1335
  5728   5730   5729  3   1335
  5729   5730   5731  3   1335
  5730   5732   5731  3   1335
  5731   5732   5733  3   1335
  5732   1386   5733  3   1335
  5733   1386   1388  3   1335
  1691   5734   1689  3   1337
  1689   5734   5735  3   1337
  5734   5736   5735  3   1337
  5735   5736   5737  3   1337
  5736   1696   5737  3   1337
  5737   1696   1695  3   1337
  1696   1699   5738  3   1339
  5738   1699   5739  3   1339
  5738   5739   1697  3   1339
  1697   5739   1698  3   1339
  1699   1702   5740  3   1341
  5740   1702   5741  3   1341
  5740   5741   1700  3   1341
  1700   5741   1701  3   1341
  1702   5742   1703  3   1342
  1703   5742   5743  3   1342
  5742   5744   5743  3   1342
  5743   5744   5745  3   1342
  5744   1389   5745  3   1342
  5745   1389   1391  3   1342
  1703   5747   5746  3   1343
  5746   5747   5748  3   1343
  5746   5748   1701  3   1343
  1701   5748   5749  3   1343
  5747   1392   5748  3   1343
  5748   1392   5750  3   1343
  5748   5750   5749  3   1343
  5749   5750   1394  3   1343
  1700   1705   1698  3   1345
  1698   1705   1704  3   1345
  1705   1708   1706  3   1347
  1706   1708   1707  3   1347
  1708   5751   1709  3   1349
  1709   5751   5752  3   1349
  5751   1711   5752  3   1349
  5752   1711   1710  3   1349
  1711   1395   1712  3   1350
  1712   1395   1397  3   1350
  1712   1714   1710  3   1352
  1710   1714   1713  3   1352
  1714   1717   1715  3   1354
  1715   1717   1716  3   1354
  1717   1720   5753  3   1356
  5753   1720   5754  3   1356
  5753   5754   1718  3   1356
  1718   5754   1719  3   1356
  1720   1723   1721  3   1358
  1721   1723   1722  3   1358
  1723   1407   1724  3   1359
  1724   1407   1409  3   1359
  1724   1410   1722  3   1360
  1722   1410   1412  3   1360
  1721   5755   1719  3   1362
  1719   5755   5756  3   1362
  5755   5757   5756  3   1362
  5756   5757   5758  3   1362
  5757   5759   5758  3   1362
  5758   5759   5760  3   1362
  5759   5761   5760  3   1362
  5760   5761   5762  3   1362
  5761   1726   5762  3   1362
  5762   1726   1725  3   1362
  1726   5763   1727  3   1364
  1727   5763   5764  3   1364
  5763   5765   5764  3   1364
  5764   5765   5766  3   1364
  5765   1729   5766  3   1364
  5766   1729   1728  3   1364
  1729   1413   5767  3   1365
  5767   1413   5769  3   1365
  5767   5769   5768  3   1365
  5768   5769   5770  3   1365
  5768   5770   1730  3   1365
  1730   5770   1415  3   1365
  1730   1732   5771  3   1367
  5771   1732   5773  3   1367
  5771   5773   5772  3   1367
  5772   5773   5774  3   1367
  5772   5774   1728  3   1367
  1728   5774   1731  3   1367
  1732   1416   1733  3   1368
  1733   1416   1418  3   1368
  1733   1735   5775  3   1370
  5775   1735   5777  3   1370
  5775   5777   5776  3   1370
  5776   5777   5778  3   1370
  5776   5778   1731  3   1370
  1731   5778   1734  3   1370
  1735   1738   1736  3   1372
  1736   1738   1737  3   1372
  1738   1741   1739  3   1374
  1739   1741   1740  3   1374
  1741   1422   1742  3   1375
  1742   1422   1424  3   1375
  1742   1431   1740  3   1376
  1740   1431   1433  3   1376
  1739   1744   1737  3   1378
  1737   1744   1743  3   1378
  1744   1747   5779  3   1380
  5779   1747   5780  3   1380
  5779   5780   1745  3   1380
  1745   5780   1746  3   1380
  1747   5782   5781  3   1382
  5781   5782   5783  3   1382
  5781   5783   1748  3   1382
  1748   5783   5784  3   1382
  5782   1750   5783  3   1382
  5783   1750   5785  3   1382
  5783   5785   5784  3   1382
  5784   5785   1749  3   1382
  1750   1434   1751  3   1383
  1751   1434   1436  3   1383
  1751   1437   5786  3   1384
  5786   1437   5787  3   1384
  5786   5787   1749  3   1384
  1749   5787   1439  3   1384
  1748   1753   5788  3   1386
  5788   1753   5789  3   1386
  5788   5789   1746  3   1386
  1746   5789   1752  3   1386
  1753   5790   1754  3   1388
  1754   5790   5791  3   1388
  5790   5792   5791  3   1388
  5791   5792   5793  3   1388
  5792   5794   5793  3   1388
  5793   5794   5795  3   1388
  5794   1756   5795  3   1388
  5795   1756   1755  3   1388
  1756   1469   5796  3   1389
  5796   1469   5799  3   1389
  5796   5799   5797  3   1389
  5797   5799   5800  3   1389
  5797   5800   5798  3   1389
  5798   5800   5801  3   1389
  5798   5801   1757  3   1389
  1757   5801   1471  3   1389
  1757   1759   5802  3   1391
  5802   1759   5805  3   1391
  5802   5805   5803  3   1391
  5803   5805   5806  3   1391
  5803   5806   5804  3   1391
  5804   5806   5807  3   1391
  5804   5807   1755  3   1391
  1755   5807   1758  3   1391
  1759   1762   5808  3   1393
  5808   1762   5810  3   1393
  5808   5810   5809  3   1393
  5809   5810   5811  3   1393
  5809   5811   1760  3   1393
  1760   5811   1761  3   1393
  1762   1765   5812  3   1395
  5812   1765   5814  3   1395
  5812   5814   5813  3   1395
  5813   5814   5815  3   1395
  5813   5815   1763  3   1395
  1763   5815   1764  3   1395
  1765   1768   1766  3   1397
  1766   1768   1767  3   1397
  1768   1771   5816  3   1399
  5816   1771   5818  3   1399
  5816   5818   5817  3   1399
  5817   5818   5819  3   1399
  5817   5819   1769  3   1399
  1769   5819   1770  3   1399
  1771   1475   5820  3   1400
  5820   1475   5822  3   1400
  5820   5822   5821  3   1400
  5821   5822   5823  3   1400
  5821   5823   1772  3   1400
  1772   5823   1477  3   1400
  1772   1774   1770  3   1402
  1770   1774   1773  3   1402
  1774   1484   1775  3   1403
  1775   1484   1486  3   1403
  1775   1777   5824  3   1405
  5824   1777   5825  3   1405
  5824   5825   1773  3   1405
  1773   5825   1776  3   1405
  1777   1780   1778  3   1407
  1778   1780   1779  3   1407
  1780   1783   5826  3   1409
  5826   1783   5827  3   1409
  5826   5827   1781  3   1409
  1781   5827   1782  3   1409
  1783   1786   5828  3   1411
  5828   1786   5829  3   1411
  5828   5829   1784  3   1411
  1784   5829   1785  3   1411
  1786   5830   1787  3   1412
  1787   5830   5831  3   1412
  5830   5832   5831  3   1412
  5831   5832   5833  3   1412
  5832   5834   5833  3   1412
  5833   5834   5835  3   1412
  5834   5836   5835  3   1412
  5835   5836   5837  3   1412
  5836   1487   5837  3   1412
  5837   1487   1489  3   1412
  1787   5839   5838  3   1414
  5838   5839   5840  3   1414
  5838   5840   1785  3   1414
  1785   5840   5841  3   1414
  5839   1789   5840  3   1414
  5840   1789   5842  3   1414
  5840   5842   5841  3   1414
  5841   5842   1788  3   1414
  1789   5844   5843  3   1416
  5843   5844   5845  3   1416
  5843   5845   1790  3   1416
  1790   5845   5846  3   1416
  5844   1792   5845  3   1416
  5845   1792   5847  3   1416
  5845   5847   5846  3   1416
  5846   5847   1791  3   1416
  1792   1490   5848  3   1417
  5848   1490   5849  3   1417
  5848   5849   1793  3   1417
  1793   5849   1492  3   1417
  1793   5850   1791  3   1418
  1791   5850   5851  3   1418
  5850   5852   5851  3   1418
  5851   5852   5853  3   1418
  5852   5854   5853  3   1418
  5853   5854   5855  3   1418
  5854   1496   5855  3   1418
  5855   1496   1498  3   1418
  1790   1795   5856  3   1420
  5856   1795   5857  3   1420
  5856   5857   1788  3   1420
  1788   5857   1794  3   1420
  1795   1508   1796  3   1421
  1796   1508   1510  3   1421
  1796   1511   1794  3   1422
  1794   1511   1513  3   1422
  1784   5858   1782  3   1423
  1782   5858   5859  3   1423
  5858   1514   5859  3   1423
  5859   1514   1516  3   1423
  1781   1798   1779  3   1425
  1779   1798   1797  3   1425
  1798   5862   5860  3   1426
  5860   5862   5863  3   1426
  5860   5863   5861  3   1426
  5861   5863   5864  3   1426
  5861   5864   1799  3   1426
  1799   5864   5865  3   1426
  5862   1517   5863  3   1426
  5863   1517   5866  3   1426
  5863   5866   5864  3   1426
  5864   5866   5867  3   1426
  5864   5867   5865  3   1426
  5865   5867   1519  3   1426
  1799   1801   5868  3   1428
  5868   1801   5871  3   1428
  5868   5871   5869  3   1428
  5869   5871   5872  3   1428
  5869   5872   5870  3   1428
  5870   5872   5873  3   1428
  5870   5873   1797  3   1428
  1797   5873   1800  3   1428
  1801   1804   1802  3   1430
  1802   1804   1803  3   1430
  1804   1807   5874  3   1432
  5874   1807   5876  3   1432
  5874   5876   5875  3   1432
  5875   5876   5877  3   1432
  5875   5877   1805  3   1432
  1805   5877   1806  3   1432
  1807   1810   1808  3   1434
  1808   1810   1809  3   1434
  1810   1813   5878  3   1436
  5878   1813   5879  3   1436
  5878   5879   1811  3   1436
  1811   5879   1812  3   1436
  1813   5880   1814  3   1438
  1814   5880   5881  3   1438
  5880   5882   5881  3   1438
  5881   5882   5883  3   1438
  5882   5884   5883  3   1438
  5883   5884   5885  3   1438
  5884   1816   5885  3   1438
  5885   1816   1815  3   1438
  1816   1819   5886  3   1440
  5886   1819   5887  3   1440
  5886   5887   1817  3   1440
  1817   5887   1818  3   1440
  1819   1520   5888  3   1441
  5888   1520   5890  3   1441
  5888   5890   5889  3   1441
  5889   5890   5891  3   1441
  5889   5891   1820  3   1441
  1820   5891   1522  3   1441
  1820   1535   1818  3   1442
  1818   1535   1537  3   1442
  1817   1822   5892  3   1444
  5892   1822   5893  3   1444
  5892   5893   1815  3   1444
  1815   5893   1821  3   1444
  1822   1825   5894  3   1446
  5894   1825   5895  3   1446
  5894   5895   1823  3   1446
  1823   5895   1824  3   1446
  1825   1828   5896  3   1448
  5896   1828   5897  3   1448
  5896   5897   1826  3   1448
  1826   5897   1827  3   1448
  1828   1831   5898  3   1450
  5898   1831   5899  3   1450
  5898   5899   1829  3   1450
  1829   5899   1830  3   1450
  1831   1834   5900  3   1452
  5900   1834   5901  3   1452
  5900   5901   1832  3   1452
  1832   5901   1833  3   1452
  1834   1541   5902  3   1453
  5902   1541   5903  3   1453
  5902   5903   1835  3   1453
  1835   5903   1543  3   1453
  1835   5904   1833  3   1454
  1833   5904   5905  3   1454
  5904   1550   5905  3   1454
  5905   1550   1552  3   1454
  1832   1837   1830  3   1456
  1830   1837   1836  3   1456
  1837   1840   1838  3   1458
  1838   1840   1839  3   1458
  1840   1843   1841  3   1460
  1841   1843   1842  3   1460
  1843   1846   5906  3   1462
  5906   1846   5907  3   1462
  5906   5907   1844  3   1462
  1844   5907   1845  3   1462
  1846   5909   5908  3   1464
  5908   5909   5910  3   1464
  5908   5910   1847  3   1464
  1847   5910   5911  3   1464
  5909   1849   5910  3   1464
  5910   1849   5912  3   1464
  5910   5912   5911  3   1464
  5911   5912   1848  3   1464
  1849   1553   5913  3   1465
  5913   1553   5914  3   1465
  5913   5914   1850  3   1465
  1850   5914   1555  3   1465
  1850   1852   5915  3   1467
  5915   1852   5916  3   1467
  5915   5916   1848  3   1467
  1848   5916   1851  3   1467
  1852   1855   5917  3   1469
  5917   1855   5918  3   1469
  5917   5918   1853  3   1469
  1853   5918   1854  3   1469
  1855   1858   5919  3   1471
  5919   1858   5920  3   1471
  5919   5920   1856  3   1471
  1856   5920   1857  3   1471
  1858   1861   5921  3   1473
  5921   1861   5922  3   1473
  5921   5922   1859  3   1473
  1859   5922   1860  3   1473
  1861   1864   5923  3   1475
  5923   1864   5925  3   1475
  5923   5925   5924  3   1475
  5924   5925   5926  3   1475
  5924   5926   1862  3   1475
  1862   5926   1863  3   1475
  1864   1556   1865  3   1476
  1865   1556   1558  3   1476
  1865   1867   5927  3   1478
  5927   1867   5929  3   1478
  5927   5929   5928  3   1478
  5928   5929   5930  3   1478
  5928   5930   1863  3   1478
  1863   5930   1866  3   1478
  1867   1574   5931  3   1479
  5931   1574   5934  3   1479
  5931   5934   5932  3   1479
  5932   5934   5935  3   1479
  5932   5935   5933  3   1479
  5933   5935   5936  3   1479
  5933   5936   1868  3   1479
  1868   5936   1576  3   1479
  1868   5938   5937  3   1481
  5937   5938   5939  3   1481
  5937   5939   1866  3   1481
  1866   5939   5940  3   1481
  5938   1870   5939  3   1481
  5939   1870   5941  3   1481
  5939   5941   5940  3   1481
  5940   5941   1869  3   1481
  1870   1873   5942  3   1483
  5942   1873   5943  3   1483
  5942   5943   1871  3   1483
  1871   5943   1872  3   1483
  1873   1876   5944  3   1485
  5944   1876   5947  3   1485
  5944   5947   5945  3   1485
  5945   5947   5948  3   1485
  5945   5948   5946  3   1485
  5946   5948   5949  3   1485
  5946   5949   1874  3   1485
  1874   5949   1875  3   1485
  1876   5951   5950  3   1487
  5950   5951   5952  3   1487
  5950   5952   1877  3   1487
  1877   5952   5953  3   1487
  5951   1879   5952  3   1487
  5952   1879   5954  3   1487
  5952   5954   5953  3   1487
  5953   5954   1878  3   1487
  1879   5955   1880  3   1488
  1880   5955   5956  3   1488
  5955   1593   5956  3   1488
  5956   1593   1595  3   1488
  1880   1882   1878  3   1490
  1878   1882   1881  3   1490
  1882   1596   5957  3   1491
  5957   1596   5958  3   1491
  5957   5958   1883  3   1491
  1883   5958   1598  3   1491
  1883   1885   5959  3   1493
  5959   1885   5960  3   1493
  5959   5960   1881  3   1493
  1881   5960   1884  3   1493
  1885   5961   1886  3   1495
  1886   5961   5962  3   1495
  5961   1888   5962  3   1495
  5962   1888   1887  3   1495
  1888   5963   1889  3   1497
  1889   5963   5964  3   1497
  5963   1891   5964  3   1497
  5964   1891   1890  3   1497
  1891   5965   1892  3   1499
  1892   5965   5966  3   1499
  5965   5967   5966  3   1499
  5966   5967   5968  3   1499
  5967   5969   5968  3   1499
  5968   5969   5970  3   1499
  5969   1894   5970  3   1499
  5970   1894   1893  3   1499
  1894   5971   1895  3   1500
  1895   5971   5972  3   1500
  5971   1599   5972  3   1500
  5972   1599   1601  3   1500
  1895   1602   1893  3   1501
  1893   1602   1604  3   1501
  1892   1897   1890  3   1503
  1890   1897   1896  3   1503
  1897   5973   1898  3   1505
  1898   5973   5974  3   1505
  5973   1900   5974  3   1505
  5974   1900   1899  3   1505
  1900   1903   5975  3   1507
  5975   1903   5976  3   1507
  5975   5976   1901  3   1507
  1901   5976   1902  3   1507
  1907   1904   1906  3   1509
  1903   1908   1905  3   1510
  1908   1911   5977  3   1512
  5977   1911   5980  3   1512
  5977   5980   5978  3   1512
  5978   5980   5981  3   1512
  5978   5981   5979  3   1512
  5979   5981   5982  3   1512
  5979   5982   1909  3   1512
  1909   5982   1910  3   1512
  1911   1608   5983  3   1513
  5983   1608   5984  3   1513
  5983   5984   1912  3   1513
  1912   5984   1610  3   1513
  1912   1617   5985  3   1514
  5985   1617   5986  3   1514
  5985   5986   1910  3   1514
  1910   5986   1619  3   1514
  1909   1620   5987  3   1515
  5987   1620   5988  3   1515
  5987   5988   1907  3   1515
  1907   5988   1622  3   1515
  1904   1914   5989  3   1517
  5989   1914   5992  3   1517
  5989   5992   5990  3   1517
  5990   5992   5993  3   1517
  5990   5993   5991  3   1517
  5991   5993   5994  3   1517
  5991   5994   1902  3   1517
  1902   5994   1913  3   1517
  1914   1917   1915  3   1519
  1915   1917   1916  3   1519
  1917   5996   5995  3   1521
  5995   5996   5997  3   1521
  5995   5997   1918  3   1521
  1918   5997   5998  3   1521
  5996   5999   5997  3   1521
  5997   5999   6000  3   1521
  5997   6000   5998  3   1521
  5998   6000   6001  3   1521
  5999   1920   6000  3   1521
  6000   1920   6002  3   1521
  6000   6002   6001  3   1521
  6001   6002   1919  3   1521
  1920   6003   1921  3   1522
  1921   6003   6004  3   1522
  6003   1632   6004  3   1522
  6004   1632   1634  3   1522
  1921   1923   1919  3   1524
  1919   1923   1922  3   1524
  1923   1926   6005  3   1526
  6005   1926   6007  3   1526
  6005   6007   6006  3   1526
  6006   6007   6008  3   1526
  6006   6008   1924  3   1526
  1924   6008   1925  3   1526
  1926   1635   6009  3   1527
  6009   1635   6010  3   1527
  6009   6010   1927  3   1527
  1927   6010   1637  3   1527
  1927   1929   1925  3   1529
  1925   1929   1928  3   1529
  1929   1638   6011  3   1530
  6011   1638   6012  3   1530
  6011   6012   1930  3   1530
  1930   6012   1640  3   1530
  1930   6013   1928  3   1532
  1928   6013   6014  3   1532
  6013   1932   6014  3   1532
  6014   1932   1931  3   1532
  1932   1935   1933  3   1534
  1933   1935   1934  3   1534
  1935   6015   1936  3   1536
  1936   6015   6016  3   1536
  6015   6017   6016  3   1536
  6016   6017   6018  3   1536
  6017   1938   6018  3   1536
  6018   1938   1937  3   1536
  1938   1941   6019  3   1538
  6019   1941   6020  3   1538
  6019   6020   1939  3   1538
  1939   6020   1940  3   1538
  1941   1944   6021  3   1540
  6021   1944   6022  3   1540
  6021   6022   1942  3   1540
  1942   6022   1943  3   1540
  1944   6023   1945  3   1542
  1945   6023   6024  3   1542
  6023   6025   6024  3   1542
  6024   6025   6026  3   1542
  6025   1947   6026  3   1542
  6026   1947   1946  3   1542
  1947   1950   6027  3   1544
  6027   1950   6028  3   1544
  6027   6028   1948  3   1544
  1948   6028   1949  3   1544
  1950   1662   6029  3   1545
  6029   1662   6030  3   1545
  6029   6030   1951  3   1545
  1951   6030   1664  3   1545
  1951   1665   1949  3   1546
  1949   1665   1667  3   1546
  1948   1953   6031  3   1548
  6031   1953   6033  3   1548
  6031   6033   6032  3   1548
  6032   6033   6034  3   1548
  6032   6034   1946  3   1548
  1946   6034   1952  3   1548
  1953   1956   6035  3   1550
  6035   1956   6036  3   1550
  6035   6036   1954  3   1550
  1954   6036   1955  3   1550
  1956   1959   6037  3   1552
  6037   1959   6039  3   1552
  6037   6039   6038  3   1552
  6038   6039   6040  3   1552
  6038   6040   1957  3   1552
  1957   6040   1958  3   1552
  1959   1962   6041  3   1554
  6041   1962   6043  3   1554
  6041   6043   6042  3   1554
  6042   6043   6044  3   1554
  6042   6044   1960  3   1554
  1960   6044   1961  3   1554
  1962   1965   6045  3   1556
  6045   1965   6047  3   1556
  6045   6047   6046  3   1556
  6046   6047   6048  3   1556
  6046   6048   1963  3   1556
  1963   6048   1964  3   1556
  1965   1968   6049  3   1558
  6049   1968   6052  3   1558
  6049   6052   6050  3   1558
  6050   6052   6053  3   1558
  6050   6053   6051  3   1558
  6051   6053   6054  3   1558
  6051   6054   1966  3   1558
  1966   6054   1967  3   1558
  1968   1971   6055  3   1560
  6055   1971   6057  3   1560
  6055   6057   6056  3   1560
  6056   6057   6058  3   1560
  6056   6058   1969  3   1560
  1969   6058   1970  3   1560
  1971   6060   6059  3   1562
  6059   6060   6061  3   1562
  6059   6061   1972  3   1562
  1972   6061   6062  3   1562
  6060   1974   6061  3   1562
  6061   1974   6063  3   1562
  6061   6063   6062  3   1562
  6062   6063   1973  3   1562
  1974   1977   6064  3   1564
  6064   1977   6067  3   1564
  6064   6067   6065  3   1564
  6065   6067   6068  3   1564
  6065   6068   6066  3   1564
  6066   6068   6069  3   1564
  6066   6069   1975  3   1564
  1975   6069   1976  3   1564
  1977   6070   1978  3   1565
  1978   6070   6071  3   1565
  6070   1668   6071  3   1565
  6071   1668   1670  3   1565
  1978   1980   6072  3   1567
  6072   1980   6074  3   1567
  6072   6074   6073  3   1567
  6073   6074   6075  3   1567
  6073   6075   1976  3   1567
  1976   6075   1979  3   1567
  1980   1671   6076  3   1568
  6076   1671   6080  3   1568
  6076   6080   6077  3   1568
  6077   6080   6081  3   1568
  6077   6081   6078  3   1568
  6078   6081   6082  3   1568
  6078   6082   6079  3   1568
  6079   6082   6083  3   1568
  6079   6083   1981  3   1568
  1981   6083   1673  3   1568
  1981   6085   6084  3   1570
  6084   6085   6086  3   1570
  6084   6086   1979  3   1570
  1979   6086   6087  3   1570
  6085   1983   6086  3   1570
  6086   1983   6088  3   1570
  6086   6088   6087  3   1570
  6087   6088   1982  3   1570
  1983   1986   6089  3   1572
  6089   1986   6090  3   1572
  6089   6090   1984  3   1572
  1984   6090   1985  3   1572
  1986   1989   1987  3   1574
  1987   1989   1988  3   1574
  1989   1992   6091  3   1576
  6091   1992   6092  3   1576
  6091   6092   1990  3   1576
  1990   6092   1991  3   1576
  1992   1995   1993  3   1578
  1993   1995   1994  3   1578
  1995   1686   6093  3   1579
  6093   1686   6095  3   1579
  6093   6095   6094  3   1579
  6094   6095   6096  3   1579
  6094   6096   1996  3   1579
  1996   6096   1688  3   1579
  1996   1998   6097  3   1581
  6097   1998   6098  3   1581
  6097   6098   1994  3   1581
  1994   6098   1997  3   1581
  1998   2001   6099  3   1583
  6099   2001   6100  3   1583
  6099   6100   1999  3   1583
  1999   6100   2000  3   1583
  2001   2004   2002  3   1585
  2002   2004   2003  3   1585
  2004   1695   6101  3   1586
  6101   1695   6102  3   1586
  6101   6102   2005  3   1586
  2005   6102   1697  3   1586
  2005   6104   6103  3   1588
  6103   6104   6105  3   1588
  6103   6105   2003  3   1588
  2003   6105   6106  3   1588
  6104   2007   6105  3   1588
  6105   2007   6107  3   1588
  6105   6107   6106  3   1588
  6106   6107   2006  3   1588
  2007   2010   6108  3   1590
  6108   2010   6111  3   1590
  6108   6111   6109  3   1590
  6109   6111   6112  3   1590
  6109   6112   6110  3   1590
  6110   6112   6113  3   1590
  6110   6113   2008  3   1590
  2008   6113   2009  3   1590
  2010   2013   6114  3   1592
  6114   2013   6116  3   1592
  6114   6116   6115  3   1592
  6115   6116   6117  3   1592
  6115   6117   2011  3   1592
  2011   6117   2012  3   1592
  2013   2016   6118  3   1594
  6118   2016   6119  3   1594
  6118   6119   2014  3   1594
  2014   6119   2015  3   1594
  2016   6120   2017  3   1596
  2017   6120   6121  3   1596
  6120   6122   6121  3   1596
  6121   6122   6123  3   1596
  6122   2019   6123  3   1596
  6123   2019   2018  3   1596
  2019   1704   2020  3   1597
  2020   1704   1706  3   1597
  2020   6124   2018  3   1599
  2018   6124   6125  3   1599
  6124   6126   6125  3   1599
  6125   6126   6127  3   1599
  6126   6128   6127  3   1599
  6127   6128   6129  3   1599
  6128   6130   6129  3   1599
  6129   6130   6131  3   1599
  6130   2022   6131  3   1599
  6131   2022   2021  3   1599
  2022   6132   2023  3   1600
  2023   6132   6133  3   1600
  6132   6134   6133  3   1600
  6133   6134   6135  3   1600
  6134   6136   6135  3   1600
  6135   6136   6137  3   1600
  6136   6138   6137  3   1600
  6137   6138   6139  3   1600
  6138   1716   6139  3   1600
  6139   1716   1718  3   1600
  2023   6140   2021  3   1601
  2021   6140   6141  3   1601
  6140   1725   6141  3   1601
  6141   1725   1727  3   1601
  2017   6144   6142  3   1603
  6142   6144   6145  3   1603
  6142   6145   6143  3   1603
  6143   6145   6146  3   1603
  6143   6146   2015  3   1603
  2015   6146   6147  3   1603
  6144   2025   6145  3   1603
  6145   2025   6148  3   1603
  6145   6148   6146  3   1603
  6146   6148   6149  3   1603
  6146   6149   6147  3   1603
  6147   6149   2024  3   1603
  2025   6151   6150  3   1605
  6150   6151   6152  3   1605
  6150   6152   2026  3   1605
  2026   6152   6153  3   1605
  6151   6154   6152  3   1605
  6152   6154   6155  3   1605
  6152   6155   6153  3   1605
  6153   6155   6156  3   1605
  6154   2028   6155  3   1605
  6155   2028   6157  3   1605
  6155   6157   6156  3   1605
  6156   6157   2027  3   1605
  2028   2031   6158  3   1607
  6158   2031   6160  3   1607
  6158   6160   6159  3   1607
  6159   6160   6161  3   1607
  6159   6161   2029  3   1607
  2029   6161   2030  3   1607
  2031   2034   6162  3   1609
  6162   2034   6164  3   1609
  6162   6164   6163  3   1609
  6163   6164   6165  3   1609
  6163   6165   2032  3   1609
  2032   6165   2033  3   1609
  2034   1734   6166  3   1610
  6166   1734   6169  3   1610
  6166   6169   6167  3   1610
  6167   6169   6170  3   1610
  6167   6170   6168  3   1610
  6168   6170   6171  3   1610
  6168   6171   2035  3   1610
  2035   6171   1736  3   1610
  2035   1743   6172  3   1611
  6172   1743   6173  3   1611
  6172   6173   2033  3   1611
  2033   6173   1745  3   1611
  2032   2037   6174  3   1613
  6174   2037   6175  3   1613
  6174   6175   2030  3   1613
  2030   6175   2036  3   1613
  2037   2040   2038  3   1615
  2038   2040   2039  3   1615
  2040   2043   6176  3   1617
  6176   2043   6177  3   1617
  6176   6177   2041  3   1617
  2041   6177   2042  3   1617
  2043   1752   6178  3   1618
  6178   1752   6179  3   1618
  6178   6179   2044  3   1618
  2044   6179   1754  3   1618
  2044   2046   6180  3   1620
  6180   2046   6182  3   1620
  6180   6182   6181  3   1620
  6181   6182   6183  3   1620
  6181   6183   2042  3   1620
  2042   6183   2045  3   1620
  2046   6184   2047  3   1621
  2047   6184   6185  3   1621
  6184   6186   6185  3   1621
  6185   6186   6187  3   1621
  6186   1758   6187  3   1621
  6187   1758   1760  3   1621
  2047   2049   6188  3   1623
  6188   2049   6190  3   1623
  6188   6190   6189  3   1623
  6189   6190   6191  3   1623
  6189   6191   2045  3   1623
  2045   6191   2048  3   1623
  2049   2052   6192  3   1625
  6192   2052   6195  3   1625
  6192   6195   6193  3   1625
  6193   6195   6196  3   1625
  6193   6196   6194  3   1625
  6194   6196   6197  3   1625
  6194   6197   2050  3   1625
  2050   6197   2051  3   1625
  2052   2055   2053  3   1627
  2053   2055   2054  3   1627
  2055   6199   6198  3   1629
  6198   6199   6200  3   1629
  6198   6200   2056  3   1629
  2056   6200   6201  3   1629
  6199   2058   6200  3   1629
  6200   2058   6202  3   1629
  6200   6202   6201  3   1629
  6201   6202   2057  3   1629
  1763   2059   2061  3   1630
  2058   1761   2060  3   1631
  2059   2063   6203  3   1633
  6203   2063   6206  3   1633
  6203   6206   6204  3   1633
  6204   6206   6207  3   1633
  6204   6207   6205  3   1633
  6205   6207   6208  3   1633
  6205   6208   2057  3   1633
  2057   6208   2062  3   1633
  2063   2066   6209  3   1635
  6209   2066   6211  3   1635
  6209   6211   6210  3   1635
  6210   6211   6212  3   1635
  6210   6212   2064  3   1635
  2064   6212   2065  3   1635
  2066   2069   6213  3   1637
  6213   2069   6214  3   1637
  6213   6214   2067  3   1637
  2067   6214   2068  3   1637
  2069   1806   6215  3   1638
  6215   1806   6216  3   1638
  6215   6216   2070  3   1638
  2070   6216   1808  3   1638
  2070   1809   2068  3   1639
  2068   1809   1811  3   1639
  2067   2072   6217  3   1641
  6217   2072   6218  3   1641
  6217   6218   2065  3   1641
  2065   6218   2071  3   1641
  2072   2075   6219  3   1643
  6219   2075   6221  3   1643
  6219   6221   6220  3   1643
  6220   6221   6222  3   1643
  6220   6222   2073  3   1643
  2073   6222   2074  3   1643
  2075   2078   6223  3   1645
  6223   2078   6224  3   1645
  6223   6224   2076  3   1645
  2076   6224   2077  3   1645
  2078   2081   2079  3   1647
  2079   2081   2080  3   1647
  2081   1812   6225  3   1648
  6225   1812   6226  3   1648
  6225   6226   2082  3   1648
  2082   6226   1814  3   1648
  2082   2084   2080  3   1650
  2080   2084   2083  3   1650
  2084   2087   6227  3   1652
  6227   2087   6228  3   1652
  6227   6228   2085  3   1652
  2085   6228   2086  3   1652
  2087   6230   6229  3   1654
  6229   6230   6231  3   1654
  6229   6231   2088  3   1654
  2088   6231   6232  3   1654
  6230   2090   6231  3   1654
  6231   2090   6233  3   1654
  6231   6233   6232  3   1654
  6232   6233   2089  3   1654
  2090   1821   6234  3   1655
  6234   1821   6235  3   1655
  6234   6235   2091  3   1655
  2091   6235   1823  3   1655
  2091   1824   2089  3   1656
  2089   1824   1826  3   1656
  2088   1839   2086  3   1657
  2086   1839   1841  3   1657
  2085   2093   2083  3   1659
  2083   2093   2092  3   1659
  2093   2096   2094  3   1661
  2094   2096   2095  3   1661
  2096   2099   6236  3   1663
  6236   2099   6238  3   1663
  6236   6238   6237  3   1663
  6237   6238   6239  3   1663
  6237   6239   2097  3   1663
  2097   6239   2098  3   1663
  2099   6242   6240  3   1664
  6240   6242   6243  3   1664
  6240   6243   6241  3   1664
  6241   6243   6244  3   1664
  6241   6244   2100  3   1664
  2100   6244   6245  3   1664
  6242   1842   6243  3   1664
  6243   1842   6246  3   1664
  6243   6246   6244  3   1664
  6244   6246   6247  3   1664
  6244   6247   6245  3   1664
  6245   6247   1844  3   1664
  2100   2102   2098  3   1666
  2098   2102   2101  3   1666
  2102   2105   2103  3   1668
  2103   2105   2104  3   1668
  2105   2108   6248  3   1670
  6248   2108   6249  3   1670
  6248   6249   2106  3   1670
  2106   6249   2107  3   1670
  2108   2111   2109  3   1672
  2109   2111   2110  3   1672
  2111   2114   6250  3   1674
  6250   2114   6251  3   1674
  6250   6251   2112  3   1674
  2112   6251   2113  3   1674
  2114   6252   2115  3   1675
  2115   6252   6253  3   1675
  6252   6254   6253  3   1675
  6253   6254   6255  3   1675
  6254   1845   6255  3   1675
  6255   1845   1847  3   1675
  2115   2117   6256  3   1677
  6256   2117   6257  3   1677
  6256   6257   2113  3   1677
  2113   6257   2116  3   1677
  2117   6259   6258  3   1678
  6258   6259   6260  3   1678
  6258   6260   2118  3   1678
  2118   6260   6261  3   1678
  6259   1851   6260  3   1678
  6260   1851   6262  3   1678
  6260   6262   6261  3   1678
  6261   6262   1853  3   1678
  2118   6263   2116  3   1680
  2116   6263   6264  3   1680
  6263   2120   6264  3   1680
  6264   2120   2119  3   1680
  2120   2123   2121  3   1682
  2121   2123   2122  3   1682
  2123   1854   2124  3   1683
  2124   1854   1856  3   1683
  2124   1857   2122  3   1684
  2122   1857   1859  3   1684
  2121   6265   2119  3   1686
  2119   6265   6266  3   1686
  6265   6267   6266  3   1686
  6266   6267   6268  3   1686
  6267   2126   6268  3   1686
  6268   2126   2125  3   1686
  2126   2129   2127  3   1688
  2127   2129   2128  3   1688
  2129   2132   6269  3   1690
  6269   2132   6270  3   1690
  6269   6270   2130  3   1690
  2130   6270   2131  3   1690
  2132   2135   6271  3   1692
  6271   2135   6272  3   1692
  6271   6272   2133  3   1692
  2133   6272   2134  3   1692
  2135   2138   6273  3   1694
  6273   2138   6275  3   1694
  6273   6275   6274  3   1694
  6274   6275   6276  3   1694
  6274   6276   2136  3   1694
  2136   6276   2137  3   1694
  2138   6277   2139  3   1696
  2139   6277   6278  3   1696
  6277   2141   6278  3   1696
  6278   2141   2140  3   1696
  2141   6280   6279  3   1697
  6279   6280   6281  3   1697
  6279   6281   2142  3   1697
  2142   6281   6282  3   1697
  6280   6283   6281  3   1697
  6281   6283   6284  3   1697
  6281   6284   6282  3   1697
  6282   6284   6285  3   1697
  6283   1872   6284  3   1697
  6284   1872   6286  3   1697
  6284   6286   6285  3   1697
  6285   6286   1874  3   1697
  2142   2144   6287  3   1699
  6287   2144   6288  3   1699
  6287   6288   2140  3   1699
  2140   6288   2143  3   1699
  2144   6289   2145  3   1701
  2145   6289   6290  3   1701
  6289   6291   6290  3   1701
  6290   6291   6292  3   1701
  6291   6293   6292  3   1701
  6292   6293   6294  3   1701
  6293   6295   6294  3   1701
  6294   6295   6296  3   1701
  6295   2147   6296  3   1701
  6296   2147   2146  3   1701
  2147   2150   6297  3   1703
  6297   2150   6298  3   1703
  6297   6298   2148  3   1703
  2148   6298   2149  3   1703
  2150   1875   6299  3   1704
  6299   1875   6300  3   1704
  6299   6300   2151  3   1704
  2151   6300   1877  3   1704
  2151   2153   6301  3   1706
  6301   2153   6302  3   1706
  6301   6302   2149  3   1706
  2149   6302   2152  3   1706
  2153   2156   6303  3   1708
  6303   2156   6304  3   1708
  6303   6304   2154  3   1708
  2154   6304   2155  3   1708
  2156   1884   6305  3   1709
  6305   1884   6306  3   1709
  6305   6306   2157  3   1709
  2157   6306   1886  3   1709
  2157   2159   2155  3   1711
  2155   2159   2158  3   1711
  2159   6308   6307  3   1713
  6307   6308   6309  3   1713
  6307   6309   2160  3   1713
  2160   6309   6310  3   1713
  6308   2162   6309  3   1713
  6309   2162   6311  3   1713
  6309   6311   6310  3   1713
  6310   6311   2161  3   1713
  2162   2165   2163  3   1715
  2163   2165   2164  3   1715
  2165   6312   2166  3   1716
  2166   6312   6313  3   1716
  6312   1887   6313  3   1716
  6313   1887   1889  3   1716
  2166   2168   6314  3   1718
  6314   2168   6315  3   1718
  6314   6315   2164  3   1718
  2164   6315   2167  3   1718
  2168   2171   6316  3   1720
  6316   2171   6317  3   1720
  6316   6317   2169  3   1720
  2169   6317   2170  3   1720
  2171   2174   6318  3   1722
  6318   2174   6319  3   1722
  6318   6319   2172  3   1722
  2172   6319   2173  3   1722
  2174   1896   6320  3   1723
  6320   1896   6321  3   1723
  6320   6321   2175  3   1723
  2175   6321   1898  3   1723
  2175   2177   6322  3   1725
  6322   2177   6324  3   1725
  6322   6324   6323  3   1725
  6323   6324   6325  3   1725
  6323   6325   2173  3   1725
  2173   6325   2176  3   1725
  2177   6327   6326  3   1726
  6326   6327   6328  3   1726
  6326   6328   2178  3   1726
  2178   6328   6329  3   1726
  6327   1899   6328  3   1726
  6328   1899   6330  3   1726
  6328   6330   6329  3   1726
  6329   6330   1901  3   1726
  2178   2180   6331  3   1728
  6331   2180   6334  3   1728
  6331   6334   6332  3   1728
  6332   6334   6335  3   1728
  6332   6335   6333  3   1728
  6333   6335   6336  3   1728
  6333   6336   2176  3   1728
  2176   6336   2179  3   1728
  2180   2183   2181  3   1730
  2181   2183   2182  3   1730
  2183   2186   6337  3   1732
  6337   2186   6338  3   1732
  6337   6338   2184  3   1732
  2184   6338   2185  3   1732
  2187   6339   2190  3   1734
  2190   6339   6340  3   1734
  6340   6339   2189  3   1734
  2186   2191   6341  3   1735
  6341   2191   6342  3   1735
  6341   6342   2188  3   1735
  2191   2194   6343  3   1737
  6343   2194   6345  3   1737
  6343   6345   6344  3   1737
  6344   6345   6346  3   1737
  6344   6346   2192  3   1737
  2192   6346   2193  3   1737
  2194   2197   6347  3   1739
  6347   2197   6348  3   1739
  6347   6348   2195  3   1739
  2195   6348   2196  3   1739
  2197   1913   6349  3   1740
  6349   1913   6351  3   1740
  6349   6351   6350  3   1740
  6350   6351   6352  3   1740
  6350   6352   2198  3   1740
  2198   6352   1915  3   1740
  2198   2200   6353  3   1742
  6353   2200   6354  3   1742
  6353   6354   2196  3   1742
  2196   6354   2199  3   1742
  2200   1916   2201  3   1743
  2201   1916   1918  3   1743
  2201   2203   6355  3   1745
  6355   2203   6356  3   1745
  6355   6356   2199  3   1745
  2199   6356   2202  3   1745
  2203   2206   6357  3   1747
  6357   2206   6358  3   1747
  6357   6358   2204  3   1747
  2204   6358   2205  3   1747
  2206   6360   6359  3   1749
  6359   6360   6361  3   1749
  6359   6361   2207  3   1749
  2207   6361   6362  3   1749
  6360   2209   6361  3   1749
  6361   2209   6363  3   1749
  6361   6363   6362  3   1749
  6362   6363   2208  3   1749
  2209   2212   6364  3   1751
  6364   2212   6365  3   1751
  6364   6365   2210  3   1751
  2210   6365   2211  3   1751
  2212   1922   6366  3   1752
  6366   1922   6367  3   1752
  6366   6367   2213  3   1752
  2213   6367   1924  3   1752
  2213   1931   2211  3   1753
  2211   1931   1933  3   1753
  2210   6368   2208  3   1754
  2208   6368   6369  3   1754
  6368   1934   6369  3   1754
  6369   1934   1936  3   1754
  2207   2215   2205  3   1756
  2205   2215   2214  3   1756
  2215   6370   2216  3   1757
  2216   6370   6371  3   1757
  6370   6372   6371  3   1757
  6371   6372   6373  3   1757
  6372   1937   6373  3   1757
  6373   1937   1939  3   1757
  2216   6374   2214  3   1759
  2214   6374   6375  3   1759
  6374   2218   6375  3   1759
  6375   2218   2217  3   1759
  2218   1940   6376  3   1760
  6376   1940   6377  3   1760
  6376   6377   2219  3   1760
  2219   6377   1942  3   1760
  2219   2221   6378  3   1762
  6378   2221   6379  3   1762
  6378   6379   2217  3   1762
  2217   6379   2220  3   1762
  2221   2224   2222  3   1764
  2222   2224   2223  3   1764
  2224   2227   2225  3   1766
  2225   2227   2226  3   1766
  2227   6380   2228  3   1767
  2228   6380   6381  3   1767
  6380   6382   6381  3   1767
  6381   6382   6383  3   1767
  6382   6384   6383  3   1767
  6383   6384   6385  3   1767
  6384   6386   6385  3   1767
  6385   6386   6387  3   1767
  6386   1961   6387  3   1767
  6387   1961   1963  3   1767
  2228   2230   6388  3   1769
  6388   2230   6389  3   1769
  6388   6389   2226  3   1769
  2226   6389   2229  3   1769
  2230   6390   2231  3   1771
  2231   6390   6391  3   1771
  6390   6392   6391  3   1771
  6391   6392   6393  3   1771
  6392   6394   6393  3   1771
  6393   6394   6395  3   1771
  6394   6396   6395  3   1771
  6395   6396   6397  3   1771
  6396   2233   6397  3   1771
  6397   2233   2232  3   1771
  2233   2236   2234  3   1773
  2234   2236   2235  3   1773
  2236   6398   2237  3   1775
  2237   6398   6399  3   1775
  6398   6400   6399  3   1775
  6399   6400   6401  3   1775
  6400   6402   6401  3   1775
  6401   6402   6403  3   1775
  6402   6404   6403  3   1775
  6403   6404   6405  3   1775
  6404   2239   6405  3   1775
  6405   2239   2238  3   1775
  2239   2242   6406  3   1777
  6406   2242   6409  3   1777
  6406   6409   6407  3   1777
  6407   6409   6410  3   1777
  6407   6410   6408  3   1777
  6408   6410   6411  3   1777
  6408   6411   2240  3   1777
  2240   6411   2241  3   1777
  2246   2243   2245  3   1779
  2242   2247   2244  3   1780
  2247   1970   6412  3   1781
  6412   1970   6415  3   1781
  6412   6415   6413  3   1781
  6413   6415   6416  3   1781
  6413   6416   6414  3   1781
  6414   6416   6417  3   1781
  6414   6417   2248  3   1781
  2248   6417   1972  3   1781
  2248   2250   6418  3   1783
  6418   2250   6419  3   1783
  6418   6419   2246  3   1783
  2246   6419   2249  3   1783
  2250   2253   6420  3   1785
  6420   2253   6421  3   1785
  6420   6421   2251  3   1785
  2251   6421   2252  3   1785
  2253   2256   6422  3   1787
  6422   2256   6423  3   1787
  6422   6423   2254  3   1787
  2254   6423   2255  3   1787
  2256   1973   6424  3   1788
  6424   1973   6425  3   1788
  6424   6425   2257  3   1788
  2257   6425   1975  3   1788
  2257   1982   2255  3   1789
  2255   1982   1984  3   1789
  2254   2259   2252  3   1791
  2252   2259   2258  3   1791
  2259   2262   2260  3   1793
  2260   2262   2261  3   1793
  2262   6426   2263  3   1795
  2263   6426   6427  3   1795
  6426   2265   6427  3   1795
  6427   2265   2264  3   1795
  2265   2268   6428  3   1797
  6428   2268   6432  3   1797
  6428   6432   6429  3   1797
  6429   6432   6433  3   1797
  6429   6433   6430  3   1797
  6430   6433   6434  3   1797
  6430   6434   6431  3   1797
  6431   6434   6435  3   1797
  6431   6435   2266  3   1797
  2266   6435   2267  3   1797
  2268   2271   6436  3   1799
  6436   2271   6438  3   1799
  6436   6438   6437  3   1799
  6437   6438   6439  3   1799
  6437   6439   2269  3   1799
  2269   6439   2270  3   1799
  2271   2274   6440  3   1801
  6440   2274   6442  3   1801
  6440   6442   6441  3   1801
  6441   6442   6443  3   1801
  6441   6443   2272  3   1801
  2272   6443   2273  3   1801
  2274   6445   6444  3   1803
  6444   6445   6446  3   1803
  6444   6446   2275  3   1803
  2275   6446   6447  3   1803
  6445   6448   6446  3   1803
  6446   6448   6449  3   1803
  6446   6449   6447  3   1803
  6447   6449   6450  3   1803
  6448   2277   6449  3   1803
  6449   2277   6451  3   1803
  6449   6451   6450  3   1803
  6450   6451   2276  3   1803
  2277   1985   6452  3   1804
  6452   1985   6453  3   1804
  6452   6453   2278  3   1804
  2278   6453   1987  3   1804
  2278   1988   2276  3   1805
  2276   1988   1990  3   1805
  2275   6455   6454  3   1807
  6454   6455   6456  3   1807
  6454   6456   2273  3   1807
  2273   6456   6457  3   1807
  6455   2280   6456  3   1807
  6456   2280   6458  3   1807
  6456   6458   6457  3   1807
  6457   6458   2279  3   1807
  2280   2009   6459  3   1808
  6459   2009   6460  3   1808
  6459   6460   2281  3   1808
  2281   6460   2011  3   1808
  2281   2283   2279  3   1810
  2279   2283   2282  3   1810
  2283   2012   6461  3   1811
  6461   2012   6462  3   1811
  6461   6462   2284  3   1811
  2284   6462   2014  3   1811
  2284   2286   6463  3   1813
  6463   2286   6464  3   1813
  6463   6464   2282  3   1813
  2282   6464   2285  3   1813
  2286   2289   2287  3   1815
  2287   2289   2288  3   1815
  2289   2292   6465  3   1817
  6465   2292   6466  3   1817
  6465   6466   2290  3   1817
  2290   6466   2291  3   1817
  2292   6467   2293  3   1818
  2293   6467   6468  3   1818
  6467   2036   6468  3   1818
  6468   2036   2038  3   1818
  2293   6469   2291  3   1819
  2291   6469   6470  3   1819
  6469   2039   6470  3   1819
  6470   2039   2041  3   1819
  2290   2295   2288  3   1821
  2288   2295   2294  3   1821
  2295   2298   6471  3   1823
  6471   2298   6473  3   1823
  6471   6473   6472  3   1823
  6472   6473   6474  3   1823
  6472   6474   2296  3   1823
  2296   6474   2297  3   1823
  2298   6477   6475  3   1824
  6475   6477   6478  3   1824
  6475   6478   6476  3   1824
  6476   6478   6479  3   1824
  6476   6479   2299  3   1824
  2299   6479   6480  3   1824
  6477   6481   6478  3   1824
  6478   6481   6482  3   1824
  6478   6482   6479  3   1824
  6479   6482   6483  3   1824
  6479   6483   6480  3   1824
  6480   6483   6484  3   1824
  6481   6485   6482  3   1824
  6482   6485   6486  3   1824
  6482   6486   6483  3   1824
  6483   6486   6487  3   1824
  6483   6487   6484  3   1824
  6484   6487   6488  3   1824
  6485   2048   6486  3   1824
  6486   2048   6489  3   1824
  6486   6489   6487  3   1824
  6487   6489   6490  3   1824
  6487   6490   6488  3   1824
  6488   6490   2050  3   1824
  2299   2301   6491  3   1826
  6491   2301   6493  3   1826
  6491   6493   6492  3   1826
  6492   6493   6494  3   1826
  6492   6494   2297  3   1826
  2297   6494   2300  3   1826
  2301   6495   2302  3   1828
  2302   6495   6496  3   1828
  6495   2304   6496  3   1828
  6496   2304   2303  3   1828
  2304   6498   6497  3   1830
  6497   6498   6499  3   1830
  6497   6499   2305  3   1830
  2305   6499   6500  3   1830
  6498   2307   6499  3   1830
  6499   2307   6501  3   1830
  6499   6501   6500  3   1830
  6500   6501   2306  3   1830
  2307   2310   2308  3   1832
  2308   2310   2309  3   1832
  2310   2313   6502  3   1834
  6502   2313   6505  3   1834
  6502   6505   6503  3   1834
  6503   6505   6506  3   1834
  6503   6506   6504  3   1834
  6504   6506   6507  3   1834
  6504   6507   2311  3   1834
  2311   6507   2312  3   1834
  2313   2316   6508  3   1836
  6508   2316   6510  3   1836
  6508   6510   6509  3   1836
  6509   6510   6511  3   1836
  6509   6511   2314  3   1836
  2314   6511   2315  3   1836
  2316   2319   6512  3   1838
  6512   2319   6514  3   1838
  6512   6514   6513  3   1838
  6513   6514   6515  3   1838
  6513   6515   2317  3   1838
  2317   6515   2318  3   1838
  2319   2051   6516  3   1839
  6516   2051   6518  3   1839
  6516   6518   6517  3   1839
  6517   6518   6519  3   1839
  6517   6519   2320  3   1839
  2320   6519   2053  3   1839
  2320   2054   6520  3   1840
  6520   2054   6521  3   1840
  6520   6521   2318  3   1840
  2318   6521   2056  3   1840
  2317   2062   6522  3   1841
  6522   2062   6524  3   1841
  6522   6524   6523  3   1841
  6523   6524   6525  3   1841
  6523   6525   2315  3   1841
  2315   6525   2064  3   1841
  2314   2071   2312  3   1842
  2312   2071   2073  3   1842
  2311   2322   6526  3   1844
  6526   2322   6528  3   1844
  6526   6528   6527  3   1844
  6527   6528   6529  3   1844
  6527   6529   2309  3   1844
  2309   6529   2321  3   1844
  2322   2074   2323  3   1845
  2323   2074   2076  3   1845
  2323   2325   6530  3   1847
  6530   2325   6532  3   1847
  6530   6532   6531  3   1847
  6531   6532   6533  3   1847
  6531   6533   2321  3   1847
  2321   6533   2324  3   1847
  2325   6536   6534  3   1849
  6534   6536   6537  3   1849
  6534   6537   6535  3   1849
  6535   6537   6538  3   1849
  6535   6538   2326  3   1849
  2326   6538   6539  3   1849
  6536   2328   6537  3   1849
  6537   2328   6540  3   1849
  6537   6540   6538  3   1849
  6538   6540   6541  3   1849
  6538   6541   6539  3   1849
  6539   6541   2327  3   1849
  2328   6542   2329  3   1851
  2329   6542   6543  3   1851
  6542   2331   6543  3   1851
  6543   2331   2330  3   1851
  2331   2077   6544  3   1852
  6544   2077   6546  3   1852
  6544   6546   6545  3   1852
  6545   6546   6547  3   1852
  6545   6547   2332  3   1852
  2332   6547   2079  3   1852
  2332   2334   6548  3   1854
  6548   2334   6550  3   1854
  6548   6550   6549  3   1854
  6549   6550   6551  3   1854
  6549   6551   2330  3   1854
  2330   6551   2333  3   1854
  2334   2092   2335  3   1855
  2335   2092   2094  3   1855
  2335   2337   6552  3   1857
  6552   2337   6554  3   1857
  6552   6554   6553  3   1857
  6553   6554   6555  3   1857
  6553   6555   2333  3   1857
  2333   6555   2336  3   1857
  2337   2095   6556  3   1858
  6556   2095   6557  3   1858
  6556   6557   2338  3   1858
  2338   6557   2097  3   1858
  2338   2340   6558  3   1860
  6558   2340   6559  3   1860
  6558   6559   2336  3   1860
  2336   6559   2339  3   1860
  2340   2101   2341  3   1861
  2341   2101   2103  3   1861
  2341   2343   6560  3   1863
  6560   2343   6561  3   1863
  6560   6561   2339  3   1863
  2339   6561   2342  3   1863
  2343   2104   2344  3   1864
  2344   2104   2106  3   1864
  2344   2346   6562  3   1866
  6562   2346   6563  3   1866
  6562   6563   2342  3   1866
  2342   6563   2345  3   1866
  2346   2349   6564  3   1868
  6564   2349   6567  3   1868
  6564   6567   6565  3   1868
  6565   6567   6568  3   1868
  6565   6568   6566  3   1868
  6566   6568   6569  3   1868
  6566   6569   2347  3   1868
  2347   6569   2348  3   1868
  2349   6570   2350  3   1869
  2350   6570   6571  3   1869
  6570   2107   6571  3   1869
  6571   2107   2109  3   1869
  2350   2352   6572  3   1871
  6572   2352   6575  3   1871
  6572   6575   6573  3   1871
  6573   6575   6576  3   1871
  6573   6576   6574  3   1871
  6574   6576   6577  3   1871
  6574   6577   2348  3   1871
  2348   6577   2351  3   1871
  2352   2355   6578  3   1873
  6578   2355   6580  3   1873
  6578   6580   6579  3   1873
  6579   6580   6581  3   1873
  6579   6581   2353  3   1873
  2353   6581   2354  3   1873
  2355   6582   2356  3   1875
  2356   6582   6583  3   1875
  6582   2358   6583  3   1875
  6583   2358   2357  3   1875
  2358   2110   2359  3   1876
  2359   2110   2112  3   1876
  2359   6584   2357  3   1877
  2357   6584   6585  3   1877
  6584   2125   6585  3   1877
  6585   2125   2127  3   1877
  2356   2361   6586  3   1879
  6586   2361   6588  3   1879
  6586   6588   6587  3   1879
  6587   6588   6589  3   1879
  6587   6589   2354  3   1879
  2354   6589   2360  3   1879
  2361   2128   6590  3   1880
  6590   2128   6592  3   1880
  6590   6592   6591  3   1880
  6591   6592   6593  3   1880
  6591   6593   2362  3   1880
  2362   6593   2130  3   1880
  2362   2364   6594  3   1882
  6594   2364   6597  3   1882
  6594   6597   6595  3   1882
  6595   6597   6598  3   1882
  6595   6598   6596  3   1882
  6596   6598   6599  3   1882
  6596   6599   2360  3   1882
  2360   6599   2363  3   1882
  2364   2367   6600  3   1884
  6600   2367   6603  3   1884
  6600   6603   6601  3   1884
  6601   6603   6604  3   1884
  6601   6604   6602  3   1884
  6602   6604   6605  3   1884
  6602   6605   2365  3   1884
  2365   6605   2366  3   1884
  2367   2370   6606  3   1886
  6606   2370   6607  3   1886
  6606   6607   2368  3   1886
  2368   6607   2369  3   1886
  2370   2131   2371  3   1887
  2371   2131   2133  3   1887
  2371   2373   6608  3   1889
  6608   2373   6609  3   1889
  6608   6609   2369  3   1889
  2369   6609   2372  3   1889
  2373   2134   2374  3   1890
  2374   2134   2136  3   1890
  2374   2376   6610  3   1892
  6610   2376   6611  3   1892
  6610   6611   2372  3   1892
  2372   6611   2375  3   1892
  2376   2379   6612  3   1894
  6612   2379   6614  3   1894
  6612   6614   6613  3   1894
  6613   6614   6615  3   1894
  6613   6615   2377  3   1894
  2377   6615   2378  3   1894
  2379   2382   6616  3   1896
  6616   2382   6618  3   1896
  6616   6618   6617  3   1896
  6617   6618   6619  3   1896
  6617   6619   2380  3   1896
  2380   6619   2381  3   1896
  2382   2385   2383  3   1898
  2383   2385   2384  3   1898
  2385   6621   6620  3   1900
  6620   6621   6622  3   1900
  6620   6622   2386  3   1900
  2386   6622   6623  3   1900
  6621   2388   6622  3   1900
  6622   2388   6624  3   1900
  6622   6624   6623  3   1900
  6623   6624   2387  3   1900
  2388   6625   2389  3   1902
  2389   6625   6626  3   1902
  6625   6627   6626  3   1902
  6626   6627   6628  3   1902
  6627   2391   6628  3   1902
  6628   2391   2390  3   1902
  2391   2137   6629  3   1903
  6629   2137   6630  3   1903
  6629   6630   2392  3   1903
  2392   6630   2139  3   1903
  2392   2143   6631  3   1904
  6631   2143   6632  3   1904
  6631   6632   2390  3   1904
  2390   6632   2145  3   1904
  2389   2394   6633  3   1906
  6633   2394   6635  3   1906
  6633   6635   6634  3   1906
  6634   6635   6636  3   1906
  6634   6636   2387  3   1906
  2387   6636   2393  3   1906
  2394   6639   6637  3   1908
  6637   6639   6640  3   1908
  6637   6640   6638  3   1908
  6638   6640   6641  3   1908
  6638   6641   2395  3   1908
  2395   6641   6642  3   1908
  6639   2397   6640  3   1908
  6640   2397   6643  3   1908
  6640   6643   6641  3   1908
  6641   6643   6644  3   1908
  6641   6644   6642  3   1908
  6642   6644   2396  3   1908
  2397   2400   6645  3   1910
  6645   2400   6647  3   1910
  6645   6647   6646  3   1910
  6646   6647   6648  3   1910
  6646   6648   2398  3   1910
  2398   6648   2399  3   1910
  2400   2403   6649  3   1912
  6649   2403   6650  3   1912
  6649   6650   2401  3   1912
  2401   6650   2402  3   1912
  2403   2146   6651  3   1913
  6651   2146   6652  3   1913
  6651   6652   2404  3   1913
  2404   6652   2148  3   1913
  2404   2152   2402  3   1914
  2402   2152   2154  3   1914
  2401   6654   6653  3   1915
  6653   6654   6655  3   1915
  6653   6655   2399  3   1915
  2399   6655   6656  3   1915
  6654   2158   6655  3   1915
  6655   2158   6657  3   1915
  6655   6657   6656  3   1915
  6656   6657   2160  3   1915
  2398   2406   2396  3   1917
  2396   2406   2405  3   1917
  2406   6658   2407  3   1919
  2407   6658   6659  3   1919
  6658   2409   6659  3   1919
  6659   2409   2408  3   1919
  2409   6661   6660  3   1921
  6660   6661   6662  3   1921
  6660   6662   2410  3   1921
  2410   6662   6663  3   1921
  6661   6664   6662  3   1921
  6662   6664   6665  3   1921
  6662   6665   6663  3   1921
  6663   6665   6666  3   1921
  6664   2412   6665  3   1921
  6665   2412   6667  3   1921
  6665   6667   6666  3   1921
  6666   6667   2411  3   1921
  2412   6668   2413  3   1923
  2413   6668   6669  3   1923
  6668   2415   6669  3   1923
  6669   2415   2414  3   1923
  2415   2161   2416  3   1924
  2416   2161   2163  3   1924
  2416   2418   2414  3   1926
  2414   2418   2417  3   1926
  2418   6670   2419  3   1928
  2419   6670   6671  3   1928
  6670   2421   6671  3   1928
  6671   2421   2420  3   1928
  2421   2424   2422  3   1930
  2422   2424   2423  3   1930
  2424   2167   2425  3   1931
  2425   2167   2169  3   1931
  2425   2170   2423  3   1932
  2423   2170   2172  3   1932
  2422   2427   2420  3   1934
  2420   2427   2426  3   1934
  2427   6672   2428  3   1936
  2428   6672   6673  3   1936
  6672   6674   6673  3   1936
  6673   6674   6675  3   1936
  6674   6676   6675  3   1936
  6675   6676   6677  3   1936
  6676   6678   6677  3   1936
  6677   6678   6679  3   1936
  6678   6680   6679  3   1936
  6679   6680   6681  3   1936
  6680   6682   6681  3   1936
  6681   6682   6683  3   1936
  6682   6684   6683  3   1936
  6683   6684   6685  3   1936
  6684   6686   6685  3   1936
  6685   6686   6687  3   1936
  6686   2430   6687  3   1936
  6687   2430   2429  3   1936
  2430   2433   2431  3   1938
  2431   2433   2432  3   1938
  2433   2393   2434  3   1939
  2434   2393   2395  3   1939
  2434   6688   2432  3   1941
  2432   6688   6689  3   1941
  6688   2436   6689  3   1941
  6689   2436   2435  3   1941
  2436   2439   2437  3   1943
  2437   2439   2438  3   1943
  2439   2405   2440  3   1944
  2440   2405   2407  3   1944
  2440   2442   2438  3   1946
  2438   2442   2441  3   1946
  2442   6690   2443  3   1948
  2443   6690   6691  3   1948
  6690   2445   6691  3   1948
  6691   2445   2444  3   1948
  2445   6692   2446  3   1950
  2446   6692   6693  3   1950
  6692   6694   6693  3   1950
  6693   6694   6695  3   1950
  6694   6696   6695  3   1950
  6695   6696   6697  3   1950
  6696   2448   6697  3   1950
  6697   2448   2447  3   1950
  2448   2408   2449  3   1951
  2449   2408   2410  3   1951
  2449   6698   2447  3   1953
  2447   6698   6699  3   1953
  6698   6700   6699  3   1953
  6699   6700   6701  3   1953
  6700   6702   6701  3   1953
  6701   6702   6703  3   1953
  6702   6704   6703  3   1953
  6703   6704   6705  3   1953
  6704   6706   6705  3   1953
  6705   6706   6707  3   1953
  6706   2451   6707  3   1953
  6707   2451   2450  3   1953
  2451   2411   2452  3   1954
  2452   2411   2413  3   1954
  2452   6708   2450  3   1956
  2450   6708   6709  3   1956
  6708   6710   6709  3   1956
  6709   6710   6711  3   1956
  6710   6712   6711  3   1956
  6711   6712   6713  3   1956
  6712   2454   6713  3   1956
  6713   2454   2453  3   1956
  2454   6714   2455  3   1958
  2455   6714   6715  3   1958
  6714   2457   6715  3   1958
  6715   2457   2456  3   1958
  2457   2460   2458  3   1960
  2458   2460   2459  3   1960
  2460   2417   6716  3   1961
  6716   2417   6717  3   1961
  6716   6717   2461  3   1961
  2461   6717   2419  3   1961
  2461   6718   2459  3   1963
  2459   6718   6719  3   1963
  6718   6720   6719  3   1963
  6719   6720   6721  3   1963
  6720   2463   6721  3   1963
  6721   2463   2462  3   1963
  2463   6722   2464  3   1964
  2464   6722   6723  3   1964
  6722   2426   6723  3   1964
  6723   2426   2428  3   1964
  2464   2466   6724  3   1966
  6724   2466   6725  3   1966
  6724   6725   2462  3   1966
  2462   6725   2465  3   1966
  2466   6727   6726  3   1968
  6726   6727   6728  3   1968
  6726   6728   2467  3   1968
  2467   6728   6729  3   1968
  6727   2469   6728  3   1968
  6728   2469   6730  3   1968
  6728   6730   6729  3   1968
  6729   6730   2468  3   1968
  2469   2472   6731  3   1970
  6731   2472   6732  3   1970
  6731   6732   2470  3   1970
  2470   6732   2471  3   1970
  2472   6733   2473  3   1971
  2473   6733   6734  3   1971
  6733   2429   6734  3   1971
  6734   2429   2431  3   1971
  2473   6735   2471  3   1972
  2471   6735   6736  3   1972
  6735   6737   6736  3   1972
  6736   6737   6738  3   1972
  6737   2435   6738  3   1972
  6738   2435   2437  3   1972
  2470   6739   2468  3   1974
  2468   6739   6740  3   1974
  6739   6741   6740  3   1974
  6740   6741   6742  3   1974
  6741   6743   6742  3   1974
  6742   6743   6744  3   1974
  6743   6745   6744  3   1974
  6744   6745   6746  3   1974
  6745   2475   6746  3   1974
  6746   2475   2474  3   1974
  2475   2478   2476  3   1976
  2476   2478   2477  3   1976
  2478   6747   2479  3   1977
  2479   6747   6748  3   1977
  6747   2441   6748  3   1977
  6748   2441   2443  3   1977
  2479   2481   2477  3   1979
  2477   2481   2480  3   1979
  2481   2444   2482  3   1980
  2482   2444   2446  3   1980
  2482   2484   6749  3   1982
  6749   2484   6750  3   1982
  6749   6750   2480  3   1982
  2480   6750   2483  3   1982
  2484   6752   6751  3   1984
  6751   6752   6753  3   1984
  6751   6753   2485  3   1984
  2485   6753   6754  3   1984
  6752   6755   6753  3   1984
  6753   6755   6756  3   1984
  6753   6756   6754  3   1984
  6754   6756   6757  3   1984
  6755   6758   6756  3   1984
  6756   6758   6759  3   1984
  6756   6759   6757  3   1984
  6757   6759   6760  3   1984
  6758   6761   6759  3   1984
  6759   6761   6762  3   1984
  6759   6762   6760  3   1984
  6760   6762   6763  3   1984
  6761   6764   6762  3   1984
  6762   6764   6765  3   1984
  6762   6765   6763  3   1984
  6763   6765   6766  3   1984
  6764   2487   6765  3   1984
  6765   2487   6767  3   1984
  6765   6767   6766  3   1984
  6766   6767   2486  3   1984
  2487   2490   6768  3   1986
  6768   2490   6769  3   1986
  6768   6769   2488  3   1986
  2488   6769   2489  3   1986
  2490   2453   2491  3   1987
  2491   2453   2455  3   1987
  2491   2493   2489  3   1989
  2489   2493   2492  3   1989
  2493   6770   2494  3   1990
  2494   6770   6771  3   1990
  6770   2456   6771  3   1990
  6771   2456   2458  3   1990
  2494   2496   2492  3   1992
  2492   2496   2495  3   1992
  2496   6772   2497  3   1993
  2497   6772   6773  3   1993
  6772   6774   6773  3   1993
  6773   6774   6775  3   1993
  6774   6776   6775  3   1993
  6775   6776   6777  3   1993
  6776   6778   6777  3   1993
  6777   6778   6779  3   1993
  6778   2465   6779  3   1993
  6779   2465   2467  3   1993
  2497   6781   6780  3   1994
  6780   6781   6782  3   1994
  6780   6782   2495  3   1994
  2495   6782   6783  3   1994
  6781   2474   6782  3   1994
  6782   2474   6784  3   1994
  6782   6784   6783  3   1994
  6783   6784   2476  3   1994
  2488   6786   6785  3   1995
  6785   6786   6787  3   1995
  6785   6787   2486  3   1995
  2486   6787   6788  3   1995
  6786   6789   6787  3   1995
  6787   6789   6790  3   1995
  6787   6790   6788  3   1995
  6788   6790   6791  3   1995
  6789   2483   6790  3   1995
  6790   2483   6792  3   1995
  6790   6792   6791  3   1995
  6791   6792   2485  3   1995
  2386   2499   6793  3   1997
  6793   2499   6794  3   1997
  6793   6794   2384  3   1997
  2384   6794   2498  3   1997
  2499   6797   6795  3   1999
  6795   6797   6798  3   1999
  6795   6798   6796  3   1999
  6796   6798   6799  3   1999
  6796   6799   2500  3   1999
  2500   6799   6800  3   1999
  6797   6801   6798  3   1999
  6798   6801   6802  3   1999
  6798   6802   6799  3   1999
  6799   6802   6803  3   1999
  6799   6803   6800  3   1999
  6800   6803   6804  3   1999
  6801   6805   6802  3   1999
  6802   6805   6806  3   1999
  6802   6806   6803  3   1999
  6803   6806   6807  3   1999
  6803   6807   6804  3   1999
  6804   6807   6808  3   1999
  6805   6809   6806  3   1999
  6806   6809   6810  3   1999
  6806   6810   6807  3   1999
  6807   6810   6811  3   1999
  6807   6811   6808  3   1999
  6808   6811   6812  3   1999
  6809   2502   6810  3   1999
  6810   2502   6813  3   1999
  6810   6813   6811  3   1999
  6811   6813   6814  3   1999
  6811   6814   6812  3   1999
  6812   6814   2501  3   1999
  2502   2179   6815  3   2000
  6815   2179   6817  3   2000
  6815   6817   6816  3   2000
  6816   6817   6818  3   2000
  6816   6818   2503  3   2000
  2503   6818   2181  3   2000
  2503   2182   2501  3   2001
  2501   2182   2184  3   2001
  2500   2381   6819  3   2002
  6819   2381   6821  3   2002
  6819   6821   6820  3   2002
  6820   6821   6822  3   2002
  6820   6822   2498  3   2002
  2498   6822   2383  3   2002
  2380   2505   2378  3   2004
  2378   2505   2504  3   2004
  2505   6824   6823  3   2006
  6823   6824   6825  3   2006
  6823   6825   2506  3   2006
  2506   6825   6826  3   2006
  6824   2508   6825  3   2006
  6825   2508   6827  3   2006
  6825   6827   6826  3   2006
  6826   6827   2507  3   2006
  2508   2511   6828  3   2008
  6828   2511   6830  3   2008
  6828   6830   6829  3   2008
  6829   6830   6831  3   2008
  6829   6831   2509  3   2008
  2509   6831   2510  3   2008
  2511   6835   6832  3   2009
  6832   6835   6836  3   2009
  6832   6836   6833  3   2009
  6833   6836   6837  3   2009
  6833   6837   6834  3   2009
  6834   6837   6838  3   2009
  6834   6838   2512  3   2009
  2512   6838   6839  3   2009
  6835   6840   6836  3   2009
  6836   6840   6841  3   2009
  6836   6841   6837  3   2009
  6837   6841   6842  3   2009
  6837   6842   6838  3   2009
  6838   6842   6843  3   2009
  6838   6843   6839  3   2009
  6839   6843   6844  3   2009
  6840   2185   6841  3   2009
  6841   2185   6845  3   2009
  6841   6845   6842  3   2009
  6842   6845   6846  3   2009
  6842   6846   6843  3   2009
  6843   6846   6847  3   2009
  6843   6847   6844  3   2009
  6844   6847   2187  3   2009
  2512   2514   6848  3   2011
  6848   2514   6851  3   2011
  6848   6851   6849  3   2011
  6849   6851   6852  3   2011
  6849   6852   6850  3   2011
  6850   6852   6853  3   2011
  6850   6853   2510  3   2011
  2510   6853   2513  3   2011
  2514   6854   2515  3   2013
  2515   6854   6855  3   2013
  6854   2517   6855  3   2013
  6855   2517   2516  3   2013
  2517   2520   6856  3   2015
  6856   2520   6857  3   2015
  6856   6857   2518  3   2015
  2518   6857   2519  3   2015
  2520   6858   2521  3   2017
  2521   6858   6859  3   2017
  6858   6860   6859  3   2017
  6859   6860   6861  3   2017
  6860   2523   6861  3   2017
  6861   2523   2522  3   2017
  2523   6863   6862  3   2019
  6862   6863   6864  3   2019
  6862   6864   2524  3   2019
  2524   6864   6865  3   2019
  6863   2526   6864  3   2019
  6864   2526   6866  3   2019
  6864   6866   6865  3   2019
  6865   6866   2525  3   2019
  2526   2190   6867  3   2020
  6867   2190   6868  3   2020
  6867   6868   2527  3   2020
  2527   6868   2192  3   2020
  2527   2529   6869  3   2022
  6869   2529   6870  3   2022
  6869   6870   2525  3   2022
  2525   6870   2528  3   2022
  2529   2193   2530  3   2023
  2530   2193   2195  3   2023
  2530   2532   6871  3   2025
  6871   2532   6872  3   2025
  6871   6872   2528  3   2025
  2528   6872   2531  3   2025
  2532   2202   6873  3   2026
  6873   2202   6874  3   2026
  6873   6874   2533  3   2026
  2533   6874   2204  3   2026
  2533   6875   2531  3   2028
  2531   6875   6876  3   2028
  6875   2535   6876  3   2028
  6876   2535   2534  3   2028
  2535   6877   2536  3   2030
  2536   6877   6878  3   2030
  6877   2538   6878  3   2030
  6878   2538   2537  3   2030
  2538   2220   2539  3   2031
  2539   2220   2222  3   2031
  2539   2223   2537  3   2032
  2537   2223   2225  3   2032
  2536   2522   6879  3   2033
  6879   2522   6880  3   2033
  6879   6880   2534  3   2033
  2534   6880   2524  3   2033
  2521   2541   2519  3   2035
  2519   2541   2540  3   2035
  2541   6881   2542  3   2037
  2542   6881   6882  3   2037
  6881   2544   6882  3   2037
  6882   2544   2543  3   2037
  2544   2229   2545  3   2038
  2545   2229   2231  3   2038
  2545   6883   2543  3   2040
  2543   6883   6884  3   2040
  6883   2547   6884  3   2040
  6884   2547   2546  3   2040
  2547   2550   2548  3   2042
  2548   2550   2549  3   2042
  2550   6885   2551  3   2043
  2551   6885   6886  3   2043
  6885   6887   6886  3   2043
  6886   6887   6888  3   2043
  6887   6889   6888  3   2043
  6888   6889   6890  3   2043
  6889   6891   6890  3   2043
  6890   6891   6892  3   2043
  6891   2232   6892  3   2043
  6892   2232   2234  3   2043
  2551   6894   6893  3   2045
  6893   6894   6895  3   2045
  6893   6895   2549  3   2045
  2549   6895   6896  3   2045
  6894   2553   6895  3   2045
  6895   2553   6897  3   2045
  6895   6897   6896  3   2045
  6896   6897   2552  3   2045
  2553   6898   2554  3   2046
  2554   6898   6899  3   2046
  6898   6900   6899  3   2046
  6899   6900   6901  3   2046
  6900   6902   6901  3   2046
  6901   6902   6903  3   2046
  6902   6904   6903  3   2046
  6903   6904   6905  3   2046
  6904   2235   6905  3   2046
  6905   2235   2237  3   2046
  2554   2556   2552  3   2048
  2552   2556   2555  3   2048
  2556   6906   2557  3   2050
  2557   6906   6907  3   2050
  6906   2559   6907  3   2050
  6907   2559   2558  3   2050
  2559   2562   2560  3   2052
  2560   2562   2561  3   2052
  2563   6908   2240  3   2053
  2240   6908   6909  3   2053
  6909   6908   2565  3   2053
  2562   2238   6910  3   2054
  6910   2238   6911  3   2054
  6910   6911   2564  3   2054
  2563   2567   6912  3   2056
  6912   2567   6915  3   2056
  6912   6915   6913  3   2056
  6913   6915   6916  3   2056
  6913   6916   6914  3   2056
  6914   6916   6917  3   2056
  6914   6917   2561  3   2056
  2561   6917   2566  3   2056
  2567   2570   2568  3   2058
  2568   2570   2569  3   2058
  2570   2573   6918  3   2060
  6918   2573   6919  3   2060
  6918   6919   2571  3   2060
  2571   6919   2572  3   2060
  2573   2241   6920  3   2061
  6920   2241   6921  3   2061
  6920   6921   2574  3   2061
  2574   6921   2243  3   2061
  2574   6922   2572  3   2062
  2572   6922   6923  3   2062
  6922   2261   6923  3   2062
  6923   2261   2263  3   2062
  2571   2576   6924  3   2064
  6924   2576   6925  3   2064
  6924   6925   2569  3   2064
  2569   6925   2575  3   2064
  2576   2579   6926  3   2066
  6926   2579   6929  3   2066
  6926   6929   6927  3   2066
  6927   6929   6930  3   2066
  6927   6930   6928  3   2066
  6928   6930   6931  3   2066
  6928   6931   2577  3   2066
  2577   6931   2578  3   2066
  2579   2582   6932  3   2068
  6932   2582   6936  3   2068
  6932   6936   6933  3   2068
  6933   6936   6937  3   2068
  6933   6937   6934  3   2068
  6934   6937   6938  3   2068
  6934   6938   6935  3   2068
  6935   6938   6939  3   2068
  6935   6939   2580  3   2068
  2580   6939   2581  3   2068
  2582   2264   6940  3   2069
  6940   2264   6943  3   2069
  6940   6943   6941  3   2069
  6941   6943   6944  3   2069
  6941   6944   6942  3   2069
  6942   6944   6945  3   2069
  6942   6945   2583  3   2069
  2583   6945   2266  3   2069
  2583   2585   2581  3   2071
  2581   2585   2584  3   2071
  2585   6946   2586  3   2073
  2586   6946   6947  3   2073
  6946   2588   6947  3   2073
  6947   2588   2587  3   2073
  2588   2303   2589  3   2074
  2589   2303   2305  3   2074
  2589   2591   2587  3   2076
  2587   2591   2590  3   2076
  2591   2594   2592  3   2078
  2592   2594   2593  3   2078
  2594   2597   6948  3   2080
  6948   2597   6949  3   2080
  6948   6949   2595  3   2080
  2595   6949   2596  3   2080
  2597   2600   2598  3   2082
  2598   2600   2599  3   2082
  2600   2327   6950  3   2083
  6950   2327   6952  3   2083
  6950   6952   6951  3   2083
  6951   6952   6953  3   2083
  6951   6953   2601  3   2083
  2601   6953   2329  3   2083
  2601   2603   6954  3   2085
  6954   2603   6956  3   2085
  6954   6956   6955  3   2085
  6955   6956   6957  3   2085
  6955   6957   2599  3   2085
  2599   6957   2602  3   2085
  2603   2345   6958  3   2086
  6958   2345   6960  3   2086
  6958   6960   6959  3   2086
  6959   6960   6961  3   2086
  6959   6961   2604  3   2086
  2604   6961   2347  3   2086
  2604   2596   2602  3   2087
  2602   2596   2598  3   2087
  2595   6962   2593  3   2089
  2593   6962   6963  3   2089
  6962   6964   6963  3   2089
  6963   6964   6965  3   2089
  6964   6966   6965  3   2089
  6965   6966   6967  3   2089
  6966   2606   6967  3   2089
  6967   2606   2605  3   2089
  2606   6969   6968  3   2091
  6968   6969   6970  3   2091
  6968   6970   2607  3   2091
  2607   6970   6971  3   2091
  6969   2609   6970  3   2091
  6970   2609   6972  3   2091
  6970   6972   6971  3   2091
  6971   6972   2608  3   2091
  2609   2351   6973  3   2092
  6973   2351   6975  3   2092
  6973   6975   6974  3   2092
  6974   6975   6976  3   2092
  6974   6976   2610  3   2092
  2610   6976   2353  3   2092
  2610   2612   6977  3   2094
  6977   2612   6978  3   2094
  6977   6978   2608  3   2094
  2608   6978   2611  3   2094
  2612   2363   6979  3   2095
  6979   2363   6980  3   2095
  6979   6980   2613  3   2095
  2613   6980   2365  3   2095
  2613   2615   6981  3   2097
  6981   2615   6982  3   2097
  6981   6982   2611  3   2097
  2611   6982   2614  3   2097
  2615   2618   6983  3   2099
  6983   2618   6984  3   2099
  6983   6984   2616  3   2099
  2616   6984   2617  3   2099
  2618   2507   2619  3   2100
  2619   2507   2509  3   2100
  2619   6985   2617  3   2102
  2617   6985   6986  3   2102
  6985   2621   6986  3   2102
  6986   2621   2620  3   2102
  2621   2624   2622  3   2104
  2622   2624   2623  3   2104
  2624   2627   6987  3   2106
  6987   2627   6988  3   2106
  6987   6988   2625  3   2106
  2625   6988   2626  3   2106
  2627   2513   6989  3   2107
  6989   2513   6992  3   2107
  6989   6992   6990  3   2107
  6990   6992   6993  3   2107
  6990   6993   6991  3   2107
  6991   6993   6994  3   2107
  6991   6994   2628  3   2107
  2628   6994   2515  3   2107
  2628   2566   6995  3   2108
  6995   2566   6998  3   2108
  6995   6998   6996  3   2108
  6996   6998   6999  3   2108
  6996   6999   6997  3   2108
  6997   6999   7000  3   2108
  6997   7000   2626  3   2108
  2626   7000   2568  3   2108
  2625   2630   7001  3   2110
  7001   2630   7002  3   2110
  7001   7002   2623  3   2110
  2623   7002   2629  3   2110
  2630   2575   7003  3   2111
  7003   2575   7005  3   2111
  7003   7005   7004  3   2111
  7004   7005   7006  3   2111
  7004   7006   2631  3   2111
  2631   7006   2577  3   2111
  2631   2620   2629  3   2112
  2629   2620   2622  3   2112
  2616   2633   2614  3   2114
  2614   2633   2632  3   2114
  2633   7007   2634  3   2115
  2634   7007   7008  3   2115
  7007   2578   7008  3   2115
  7008   2578   2580  3   2115
  2634   2605   7009  3   2116
  7009   2605   7010  3   2116
  7009   7010   2632  3   2116
  2632   7010   2607  3   2116
  2592   7011   2590  3   2117
  2590   7011   7012  3   2117
  7011   2584   7012  3   2117
  7012   2584   2586  3   2117
  2560   7013   2558  3   2119
  2558   7013   7014  3   2119
  7013   2636   7014  3   2119
  7014   2636   2635  3   2119
  2636   2516   2637  3   2120
  2637   2516   2518  3   2120
  2637   2555   2635  3   2121
  2635   2555   2557  3   2121
  2548   2540   2546  3   2122
  2546   2540   2542  3   2122
  2506   2639   2504  3   2124
  2504   2639   2638  3   2124
  2639   2366   7015  3   2125
  7015   2366   7016  3   2125
  7015   7016   2640  3   2125
  2640   7016   2368  3   2125
  2640   2375   2638  3   2126
  2638   2375   2377  3   2126
  2326   2306   2324  3   2127
  2324   2306   2308  3   2127
  2302   2642   7017  3   2129
  7017   2642   7020  3   2129
  7017   7020   7018  3   2129
  7018   7020   7021  3   2129
  7018   7021   7019  3   2129
  7019   7021   7022  3   2129
  7019   7022   2300  3   2129
  2300   7022   2641  3   2129
  2642   2267   7023  3   2130
  7023   2267   7026  3   2130
  7023   7026   7024  3   2130
  7024   7026   7027  3   2130
  7024   7027   7025  3   2130
  7025   7027   7028  3   2130
  7025   7028   2643  3   2130
  2643   7028   2269  3   2130
  2643   2270   2641  3   2131
  2641   2270   2272  3   2131
  2296   2285   7029  3   2132
  7029   2285   7030  3   2132
  7029   7030   2294  3   2132
  2294   7030   2287  3   2132
  2260   2249   2258  3   2133
  2258   2249   2251  3   2133
  2029   2024   7031  3   2134
  7031   2024   7033  3   2134
  7031   7033   7032  3   2134
  7032   7033   7034  3   2134
  7032   7034   2027  3   2134
  2027   7034   2026  3   2134
  2008   7036   7035  3   2135
  7035   7036   7037  3   2135
  7035   7037   2006  3   2135
  2006   7037   7038  3   2135
  7036   2000   7037  3   2135
  7037   2000   7039  3   2135
  7037   7039   7038  3   2135
  7038   7039   2002  3   2135
  1999   1991   1997  3   2136
  1997   1991   1993  3   2136
  1969   7040   1967  3   2137
  1967   7040   7041  3   2137
  7040   7042   7041  3   2137
  7041   7042   7043  3   2137
  7042   7044   7043  3   2137
  7043   7044   7045  3   2137
  7044   7046   7045  3   2137
  7045   7046   7047  3   2137
  7046   1964   7047  3   2137
  7047   1964   1966  3   2137
  1960   2645   1958  3   2139
  1958   2645   2644  3   2139
  2645   1943   7048  3   2140
  7048   1943   7050  3   2140
  7048   7050   7049  3   2140
  7049   7050   7051  3   2140
  7049   7051   2646  3   2140
  2646   7051   1945  3   2140
  2646   2648   7052  3   2142
  7052   2648   7053  3   2142
  7052   7053   2644  3   2142
  2644   7053   2647  3   2142
  2648   1952   2649  3   2143
  2649   1952   1954  3   2143
  2649   1955   7054  3   2144
  7054   1955   7055  3   2144
  7054   7055   2647  3   2144
  2647   7055   1957  3   2144
  1871   7056   1869  3   2145
  1869   7056   7057  3   2145
  7056   1860   7057  3   2145
  7057   1860   1862  3   2145
  1838   1827   1836  3   2146
  1836   1827   1829  3   2146
  1805   2651   7058  3   2148
  7058   2651   7059  3   2148
  7058   7059   1803  3   2148
  1803   7059   2650  3   2148
  2651   2654   7060  3   2150
  7060   2654   7062  3   2150
  7060   7062   7061  3   2150
  7061   7062   7063  3   2150
  7061   7063   2652  3   2150
  2652   7063   2653  3   2150
  2654   2657   7064  3   2152
  7064   2657   7066  3   2152
  7064   7066   7065  3   2152
  7065   7066   7067  3   2152
  7065   7067   2655  3   2152
  2655   7067   2656  3   2152
  2657   1764   7068  3   2153
  7068   1764   7070  3   2153
  7068   7070   7069  3   2153
  7069   7070   7071  3   2153
  7069   7071   2658  3   2153
  2658   7071   1766  3   2153
  2658   1767   7072  3   2154
  7072   1767   7074  3   2154
  7072   7074   7073  3   2154
  7073   7074   7075  3   2154
  7073   7075   2656  3   2154
  2656   7075   1769  3   2154
  2655   1776   2653  3   2155
  2653   1776   1778  3   2155
  2652   1800   7076  3   2156
  7076   1800   7078  3   2156
  7076   7078   7077  3   2156
  7077   7078   7079  3   2156
  7077   7079   2650  3   2156
  2650   7079   1802  3   2156
  1715   7080   1713  3   2157
  1713   7080   7081  3   2157
  7080   1707   7081  3   2157
  7081   1707   1709  3   2157
  1682   1674   7082  3   2158
  7082   1674   7084  3   2158
  7082   7084   7083  3   2158
  7083   7084   7085  3   2158
  7083   7085   1680  3   2158
  1680   7085   1676  3   2158
  1661   7086   1659  3   2159
  1659   7086   7087  3   2159
  7086   1641   7087  3   2159
  7087   1641   1643  3   2159
  1658   2660   7088  3   2161
  7088   2660   7090  3   2161
  7088   7090   7089  3   2161
  7089   7090   7091  3   2161
  7089   7091   1656  3   2161
  1656   7091   2659  3   2161
  2660   1644   2661  3   2162
  2661   1644   1646  3   2162
  2661   1647   7092  3   2163
  7092   1647   7094  3   2163
  7092   7094   7093  3   2163
  7093   7094   7095  3   2163
  7093   7095   2659  3   2163
  2659   7095   1649  3   2163
  1631   7096   1629  3   2164
  1629   7096   7097  3   2164
  7096   1623   7097  3   2164
  7097   1623   1625  3   2164
  1592   1577   1590  3   2165
  1590   1577   1579  3   2165
  1468   1442   7098  3   2166
  7098   1442   7101  3   2166
  7098   7101   7099  3   2166
  7099   7101   7102  3   2166
  7099   7102   7100  3   2166
  7100   7102   7103  3   2166
  7100   7103   1466  3   2166
  1466   7103   1444  3   2166
  1465   1445   1463  3   2167
  1463   1445   1447  3   2167
  1406   1398   1404  3   2168
  1404   1398   1400  3   2168
  1385   1377   1383  3   2169
  1383   1377   1379  3   2169
  1376   1368   1374  3   2170
  1374   1368   1370  3   2170
  1364   1359   7104  3   2171
  7104   1359   7105  3   2171
  7104   7105   1362  3   2171
  1362   7105   1361  3   2171
  1250   1242   1248  3   2172
  1248   1242   1244  3   2172
  1093   1085   1091  3   2173
  1091   1085   1087  3   2173
  1066   1055   1064  3   2174
  1064   1055   1057  3   2174
  1039   2663   7106  3   2176
  7106   2663   7107  3   2176
  7106   7107   1037  3   2176
  1037   7107   2662  3   2176
  2663   1019   7108  3   2177
  7108   1019   7109  3   2177
  7108   7109   2664  3   2177
  2664   7109   1021  3   2177
  2664   1022   2662  3   2178
  2662   1022   1024  3   2178
   985    972   7110  3   2179
  7110    972   7111  3   2179
  7110   7111    983  3   2179
   983   7111    974  3   2179
   905   2666    903  3   2181
   903   2666   2665  3   2181
  2666   7112   2667  3   2182
  2667   7112   7113  3   2182
  7112   7114   7113  3   2182
  7113   7114   7115  3   2182
  7114   7116   7115  3   2182
  7115   7116   7117  3   2182
  7116    707   7117  3   2182
  7117    707    709  3   2182
  2667   7118   2665  3   2183
  2665   7118   7119  3   2183
  7118    897   7119  3   2183
  7119    897    899  3   2183
   896    713   7120  3   2184
  7120    713   7123  3   2184
  7120   7123   7121  3   2184
  7121   7123   7124  3   2184
  7121   7124   7122  3   2184
  7122   7124   7125  3   2184
  7122   7125    894  3   2184
   894   7125    715  3   2184
   890   2669   7126  3   2186
  7126   2669   7127  3   2186
  7126   7127    888  3   2186
   888   7127   2668  3   2186
  2669    719   7128  3   2187
  7128    719   7130  3   2187
  7128   7130   7129  3   2187
  7129   7130   7131  3   2187
  7129   7131   2670  3   2187
  2670   7131    721  3   2187
  2670    879   2668  3   2188
  2668    879    881  3   2188
   878   2672    876  3   2190
   876   2672   2671  3   2190
  2672   2675   7132  3   2192
  7132   2675   7134  3   2192
  7132   7134   7133  3   2192
  7133   7134   7135  3   2192
  7133   7135   2673  3   2192
  2673   7135   2674  3   2192
  2675    728   2676  3   2193
  2676    728    730  3   2193
  2676   2678   7136  3   2195
  7136   2678   7138  3   2195
  7136   7138   7137  3   2195
  7137   7138   7139  3   2195
  7137   7139   2674  3   2195
  2674   7139   2677  3   2195
  2678    731   2679  3   2196
  2679    731    733  3   2196
  2679   2681   7140  3   2198
  7140   2681   7142  3   2198
  7140   7142   7141  3   2198
  7141   7142   7143  3   2198
  7141   7143   2677  3   2198
  2677   7143   2680  3   2198
  2681   7146   7144  3   2200
  7144   7146   7147  3   2200
  7144   7147   7145  3   2200
  7145   7147   7148  3   2200
  7145   7148   2682  3   2200
  2682   7148   7149  3   2200
  7146   2684   7147  3   2200
  7147   2684   7150  3   2200
  7147   7150   7148  3   2200
  7148   7150   7151  3   2200
  7148   7151   7149  3   2200
  7149   7151   2683  3   2200
  2684    746   7152  3   2201
  7152    746   7155  3   2201
  7152   7155   7153  3   2201
  7153   7155   7156  3   2201
  7153   7156   7154  3   2201
  7154   7156   7157  3   2201
  7154   7157   2685  3   2201
  2685   7157    748  3   2201
  2685   7159   7158  3   2203
  7158   7159   7160  3   2203
  7158   7160   2683  3   2203
  2683   7160   7161  3   2203
  7159   2687   7160  3   2203
  7160   2687   7162  3   2203
  7160   7162   7161  3   2203
  7161   7162   2686  3   2203
  2687   2690   7163  3   2205
  7163   2690   7165  3   2205
  7163   7165   7164  3   2205
  7164   7165   7166  3   2205
  7164   7166   2688  3   2205
  2688   7166   2689  3   2205
  2690   2693   7167  3   2207
  7167   2693   7169  3   2207
  7167   7169   7168  3   2207
  7168   7169   7170  3   2207
  7168   7170   2691  3   2207
  2691   7170   2692  3   2207
  2693   7171   2694  3   2208
  2694   7171   7172  3   2208
  7171   7173   7172  3   2208
  7172   7173   7174  3   2208
  7173    749   7174  3   2208
  7174    749    751  3   2208
  2694   2696   7175  3   2210
  7175   2696   7177  3   2210
  7175   7177   7176  3   2210
  7176   7177   7178  3   2210
  7176   7178   2692  3   2210
  2692   7178   2695  3   2210
  2696   7179   2697  3   2211
  2697   7179   7180  3   2211
  7179    761   7180  3   2211
  7180    761    763  3   2211
  2697   2699   7181  3   2213
  7181   2699   7183  3   2213
  7181   7183   7182  3   2213
  7182   7183   7184  3   2213
  7182   7184   2695  3   2213
  2695   7184   2698  3   2213
  2699   2702   7185  3   2215
  7185   2702   7188  3   2215
  7185   7188   7186  3   2215
  7186   7188   7189  3   2215
  7186   7189   7187  3   2215
  7187   7189   7190  3   2215
  7187   7190   2700  3   2215
  2700   7190   2701  3   2215
  2702   2705   7191  3   2217
  7191   2705   7193  3   2217
  7191   7193   7192  3   2217
  7192   7193   7194  3   2217
  7192   7194   2703  3   2217
  2703   7194   2704  3   2217
  2705    781   7195  3   2218
  7195    781   7196  3   2218
  7195   7196   2706  3   2218
  2706   7196    783  3   2218
  2706    784   7197  3   2219
  7197    784   7199  3   2219
  7197   7199   7198  3   2219
  7198   7199   7200  3   2219
  7198   7200   2704  3   2219
  2704   7200    786  3   2219
  2703   2708   2701  3   2221
  2701   2708   2707  3   2221
  2708   2711   7201  3   2223
  7201   2711   7202  3   2223
  7201   7202   2709  3   2223
  2709   7202   2710  3   2223
  2711    789   2712  3   2224
  2712    789    791  3   2224
  2712   2714   7203  3   2226
  7203   2714   7204  3   2226
  7203   7204   2710  3   2226
  2710   7204   2713  3   2226
  2714   2717   7205  3   2228
  7205   2717   7206  3   2228
  7205   7206   2715  3   2228
  2715   7206   2716  3   2228
  2717   2720   7207  3   2230
  7207   2720   7208  3   2230
  7207   7208   2718  3   2230
  2718   7208   2719  3   2230
  2720   2723   7209  3   2232
  7209   2723   7211  3   2232
  7209   7211   7210  3   2232
  7210   7211   7212  3   2232
  7210   7212   2721  3   2232
  2721   7212   2722  3   2232
  2723    792   7213  3   2233
  7213    792   7214  3   2233
  7213   7214   2724  3   2233
  2724   7214    794  3   2233
  2724   2726   7215  3   2235
  7215   2726   7217  3   2235
  7215   7217   7216  3   2235
  7216   7217   7218  3   2235
  7216   7218   2722  3   2235
  2722   7218   2725  3   2235
  2726   7220   7219  3   2237
  7219   7220   7221  3   2237
  7219   7221   2727  3   2237
  2727   7221   7222  3   2237
  7220   2729   7221  3   2237
  7221   2729   7223  3   2237
  7221   7223   7222  3   2237
  7222   7223   2728  3   2237
  2729   2732   2730  3   2239
  2730   2732   2731  3   2239
  2732   2735   7224  3   2241
  7224   2735   7227  3   2241
  7224   7227   7225  3   2241
  7225   7227   7228  3   2241
  7225   7228   7226  3   2241
  7226   7228   7229  3   2241
  7226   7229   2733  3   2241
  2733   7229   2734  3   2241
  2735    795   7230  3   2242
  7230    795   7232  3   2242
  7230   7232   7231  3   2242
  7231   7232   7233  3   2242
  7231   7233   2736  3   2242
  2736   7233    797  3   2242
  2736    804   2734  3   2243
  2734    804    806  3   2243
  2733   2738   7234  3   2245
  7234   2738   7237  3   2245
  7234   7237   7235  3   2245
  7235   7237   7238  3   2245
  7235   7238   7236  3   2245
  7236   7238   7239  3   2245
  7236   7239   2731  3   2245
  2731   7239   2737  3   2245
  2738   2741   7240  3   2247
  7240   2741   7242  3   2247
  7240   7242   7241  3   2247
  7241   7242   7243  3   2247
  7241   7243   2739  3   2247
  2739   7243   2740  3   2247
  2741    816   7244  3   2248
  7244    816   7246  3   2248
  7244   7246   7245  3   2248
  7245   7246   7247  3   2248
  7245   7247   2742  3   2248
  2742   7247    818  3   2248
  2742   2744   2740  3   2250
  2740   2744   2743  3   2250
  2744   2747   7248  3   2252
  7248   2747   7250  3   2252
  7248   7250   7249  3   2252
  7249   7250   7251  3   2252
  7249   7251   2745  3   2252
  2745   7251   2746  3   2252
  2747   2750   2748  3   2254
  2748   2750   2749  3   2254
  2750   2753   7252  3   2256
  7252   2753   7253  3   2256
  7252   7253   2751  3   2256
  2751   7253   2752  3   2256
  2753   2756   2754  3   2258
  2754   2756   2755  3   2258
  2756    822   7254  3   2259
  7254    822   7255  3   2259
  7254   7255   2757  3   2259
  2757   7255    824  3   2259
  2757   2759   2755  3   2261
  2755   2759   2758  3   2261
  2759   2762   2760  3   2263
  2760   2762   2761  3   2263
  2762   2765   7256  3   2265
  7256   2765   7259  3   2265
  7256   7259   7257  3   2265
  7257   7259   7260  3   2265
  7257   7260   7258  3   2265
  7258   7260   7261  3   2265
  7258   7261   2763  3   2265
  2763   7261   2764  3   2265
  2765   7262   2766  3   2267
  2766   7262   7263  3   2267
  7262   2768   7263  3   2267
  7263   2768   2767  3   2267
  2768   7264   2769  3   2268
  2769   7264   7265  3   2268
  7264    825   7265  3   2268
  7265    825    827  3   2268
  2769   2771   2767  3   2270
  2767   2771   2770  3   2270
  2771    831   2772  3   2271
  2772    831    833  3   2271
  2772    834   2770  3   2272
  2770    834    836  3   2272
  2766   2774   7266  3   2274
  7266   2774   7268  3   2274
  7266   7268   7267  3   2274
  7267   7268   7269  3   2274
  7267   7269   2764  3   2274
  2764   7269   2773  3   2274
  2774   7270   2775  3   2276
  2775   7270   7271  3   2276
  7270   2777   7271  3   2276
  7271   2777   2776  3   2276
  2777   2780   7272  3   2278
  7272   2780   7273  3   2278
  7272   7273   2778  3   2278
  2778   7273   2779  3   2278
  2780   7275   7274  3   2280
  7274   7275   7276  3   2280
  7274   7276   2781  3   2280
  2781   7276   7277  3   2280
  7275   2783   7276  3   2280
  7276   2783   7278  3   2280
  7276   7278   7277  3   2280
  7277   7278   2782  3   2280
  2783   7279   2784  3   2281
  2784   7279   7280  3   2281
  7279    837   7280  3   2281
  7280    837    839  3   2281
  2784   2786   7281  3   2283
  7281   2786   7282  3   2283
  7281   7282   2782  3   2283
  2782   7282   2785  3   2283
  2786    846   2787  3   2284
  2787    846    848  3   2284
  2787   2789   7283  3   2286
  7283   2789   7284  3   2286
  7283   7284   2785  3   2286
  2785   7284   2788  3   2286
  2789    849   7285  3   2287
  7285    849   7286  3   2287
  7285   7286   2790  3   2287
  2790   7286    851  3   2287
  2790   7287   2788  3   2289
  2788   7287   7288  3   2289
  7287   2792   7288  3   2289
  7288   2792   2791  3   2289
  2792   7289   2793  3   2291
  2793   7289   7290  3   2291
  7289   2795   7290  3   2291
  7290   2795   2794  3   2291
  2795    852   2796  3   2292
  2796    852    854  3   2292
  2796   2798   7291  3   2294
  7291   2798   7292  3   2294
  7291   7292   2794  3   2294
  2794   7292   2797  3   2294
  2798    855   7293  3   2295
  7293    855   7294  3   2295
  7293   7294   2799  3   2295
  2799   7294    857  3   2295
  2799   2801   7295  3   2297
  7295   2801   7297  3   2297
  7295   7297   7296  3   2297
  7296   7297   7298  3   2297
  7296   7298   2797  3   2297
  2797   7298   2800  3   2297
  2801    861   2802  3   2298
  2802    861    863  3   2298
  2802   2804   7299  3   2300
  7299   2804   7301  3   2300
  7299   7301   7300  3   2300
  7300   7301   7302  3   2300
  7300   7302   2800  3   2300
  2800   7302   2803  3   2300
  2804   2807   2805  3   2302
  2805   2807   2806  3   2302
  2807   2810   7303  3   2304
  7303   2810   7304  3   2304
  7303   7304   2808  3   2304
  2808   7304   2809  3   2304
  2810   7306   7305  3   2305
  7305   7306   7307  3   2305
  7305   7307   2811  3   2305
  2811   7307   7308  3   2305
  7306   7309   7307  3   2305
  7307   7309   7310  3   2305
  7307   7310   7308  3   2305
  7308   7310   7311  3   2305
  7309    864   7310  3   2305
  7310    864   7312  3   2305
  7310   7312   7311  3   2305
  7311   7312    866  3   2305
  2811   2813   7313  3   2307
  7313   2813   7315  3   2307
  7313   7315   7314  3   2307
  7314   7315   7316  3   2307
  7314   7316   2809  3   2307
  2809   7316   2812  3   2307
  2813    870   7317  3   2308
  7317    870   7318  3   2308
  7317   7318   2814  3   2308
  2814   7318    872  3   2308
  2814   7321   7319  3   2310
  7319   7321   7322  3   2310
  7319   7322   7320  3   2310
  7320   7322   7323  3   2310
  7320   7323   2812  3   2310
  2812   7323   7324  3   2310
  7321   2816   7322  3   2310
  7322   2816   7325  3   2310
  7322   7325   7323  3   2310
  7323   7325   7326  3   2310
  7323   7326   7324  3   2310
  7324   7326   2815  3   2310
  2816   2819   7327  3   2312
  7327   2819   7329  3   2312
  7327   7329   7328  3   2312
  7328   7329   7330  3   2312
  7328   7330   2817  3   2312
  2817   7330   2818  3   2312
  2819   7331   2820  3   2314
  2820   7331   7332  3   2314
  7331   2822   7332  3   2314
  7332   2822   2821  3   2314
  2822   2680   7333  3   2315
  7333   2680   7334  3   2315
  7333   7334   2823  3   2315
  2823   7334   2682  3   2315
  2823   2825   2821  3   2317
  2821   2825   2824  3   2317
  2825   2828   2826  3   2319
  2826   2828   2827  3   2319
  2828   2686   7335  3   2320
  7335   2686   7338  3   2320
  7335   7338   7336  3   2320
  7336   7338   7339  3   2320
  7336   7339   7337  3   2320
  7337   7339   7340  3   2320
  7337   7340   2829  3   2320
  2829   7340   2688  3   2320
  2829   2831   7341  3   2322
  7341   2831   7344  3   2322
  7341   7344   7342  3   2322
  7342   7344   7345  3   2322
  7342   7345   7343  3   2322
  7343   7345   7346  3   2322
  7343   7346   2827  3   2322
  2827   7346   2830  3   2322
  2831   7348   7347  3   2324
  7347   7348   7349  3   2324
  7347   7349   2832  3   2324
  2832   7349   7350  3   2324
  7348   2834   7349  3   2324
  7349   2834   7351  3   2324
  7349   7351   7350  3   2324
  7350   7351   2833  3   2324
  2834   2837   7352  3   2326
  7352   2837   7353  3   2326
  7352   7353   2835  3   2326
  2835   7353   2836  3   2326
  2837   2840   7354  3   2328
  7354   2840   7357  3   2328
  7354   7357   7355  3   2328
  7355   7357   7358  3   2328
  7355   7358   7356  3   2328
  7356   7358   7359  3   2328
  7356   7359   2838  3   2328
  2838   7359   2839  3   2328
  2840   2843   7360  3   2330
  7360   2843   7362  3   2330
  7360   7362   7361  3   2330
  7361   7362   7363  3   2330
  7361   7363   2841  3   2330
  2841   7363   2842  3   2330
  2843   2846   7364  3   2332
  7364   2846   7366  3   2332
  7364   7366   7365  3   2332
  7365   7366   7367  3   2332
  7365   7367   2844  3   2332
  2844   7367   2845  3   2332
  2846   2849   2847  3   2334
  2847   2849   2848  3   2334
  2849   7370   7368  3   2336
  7368   7370   7371  3   2336
  7368   7371   7369  3   2336
  7369   7371   7372  3   2336
  7369   7372   2850  3   2336
  2850   7372   7373  3   2336
  7370   7374   7371  3   2336
  7371   7374   7375  3   2336
  7371   7375   7372  3   2336
  7372   7375   7376  3   2336
  7372   7376   7373  3   2336
  7373   7376   7377  3   2336
  7374   2852   7375  3   2336
  7375   2852   7378  3   2336
  7375   7378   7376  3   2336
  7376   7378   7379  3   2336
  7376   7379   7377  3   2336
  7377   7379   2851  3   2336
  2852   7380   2853  3   2337
  2853   7380   7381  3   2337
  7380   2689   7381  3   2337
  7381   2689   2691  3   2337
  2853   2855   7382  3   2339
  7382   2855   7384  3   2339
  7382   7384   7383  3   2339
  7383   7384   7385  3   2339
  7383   7385   2851  3   2339
  2851   7385   2854  3   2339
  2855   7388   7386  3   2341
  7386   7388   7389  3   2341
  7386   7389   7387  3   2341
  7387   7389   7390  3   2341
  7387   7390   2856  3   2341
  2856   7390   7391  3   2341
  7388   2858   7389  3   2341
  7389   2858   7392  3   2341
  7389   7392   7390  3   2341
  7390   7392   7393  3   2341
  7390   7393   7391  3   2341
  7391   7393   2857  3   2341
  2858   2861   2859  3   2343
  2859   2861   2860  3   2343
  2861   2864   7394  3   2345
  7394   2864   7395  3   2345
  7394   7395   2862  3   2345
  2862   7395   2863  3   2345
  2864   2867   7396  3   2347
  7396   2867   7397  3   2347
  7396   7397   2865  3   2347
  2865   7397   2866  3   2347
  2867   2698   2868  3   2348
  2868   2698   2700  3   2348
  2868   7398   2866  3   2350
  2866   7398   7399  3   2350
  7398   2870   7399  3   2350
  7399   2870   2869  3   2350
  2870   2873   2871  3   2352
  2871   2873   2872  3   2352
  2873   2876   2874  3   2354
  2874   2876   2875  3   2354
  2876   7400   2877  3   2355
  2877   7400   7401  3   2355
  7400   7402   7401  3   2355
  7401   7402   7403  3   2355
  7402   2707   7403  3   2355
  7403   2707   2709  3   2355
  2877   2879   7404  3   2357
  7404   2879   7405  3   2357
  7404   7405   2875  3   2357
  2875   7405   2878  3   2357
  2879   2713   2880  3   2358
  2880   2713   2715  3   2358
  2880   2882   2878  3   2360
  2878   2882   2881  3   2360
  2882   2716   2883  3   2361
  2883   2716   2718  3   2361
  2883   2885   2881  3   2363
  2881   2885   2884  3   2363
  2885   2888   7406  3   2365
  7406   2888   7407  3   2365
  7406   7407   2886  3   2365
  2886   7407   2887  3   2365
  2888   2719   7408  3   2366
  7408   2719   7410  3   2366
  7408   7410   7409  3   2366
  7409   7410   7411  3   2366
  7409   7411   2889  3   2366
  2889   7411   2721  3   2366
  2889   2891   2887  3   2368
  2887   2891   2890  3   2368
  2891   2894   2892  3   2370
  2892   2894   2893  3   2370
  2894   2897   2895  3   2372
  2895   2897   2896  3   2372
  2897   2725   2898  3   2373
  2898   2725   2727  3   2373
  2898   2900   7412  3   2375
  7412   2900   7413  3   2375
  7412   7413   2896  3   2375
  2896   7413   2899  3   2375
  2900   2903   2901  3   2377
  2901   2903   2902  3   2377
  2903   2906   7414  3   2379
  7414   2906   7415  3   2379
  7414   7415   2904  3   2379
  2904   7415   2905  3   2379
  2906   2728   7416  3   2380
  7416   2728   7418  3   2380
  7416   7418   7417  3   2380
  7417   7418   7419  3   2380
  7417   7419   2907  3   2380
  2907   7419   2730  3   2380
  2907   2909   7420  3   2382
  7420   2909   7422  3   2382
  7420   7422   7421  3   2382
  7421   7422   7423  3   2382
  7421   7423   2905  3   2382
  2905   7423   2908  3   2382
  2909   2912   7424  3   2384
  7424   2912   7425  3   2384
  7424   7425   2910  3   2384
  2910   7425   2911  3   2384
  2912   2737   7426  3   2385
  7426   2737   7429  3   2385
  7426   7429   7427  3   2385
  7427   7429   7430  3   2385
  7427   7430   7428  3   2385
  7428   7430   7431  3   2385
  7428   7431   2913  3   2385
  2913   7431   2739  3   2385
  2913   2743   7432  3   2386
  7432   2743   7433  3   2386
  7432   7433   2911  3   2386
  2911   7433   2745  3   2386
  2910   2915   7434  3   2388
  7434   2915   7436  3   2388
  7434   7436   7435  3   2388
  7435   7436   7437  3   2388
  7435   7437   2908  3   2388
  2908   7437   2914  3   2388
  2915   2918   7438  3   2390
  7438   2918   7439  3   2390
  7438   7439   2916  3   2390
  2916   7439   2917  3   2390
  2918   2746   7440  3   2391
  7440   2746   7441  3   2391
  7440   7441   2919  3   2391
  2919   7441   2748  3   2391
  2919   2749   2917  3   2392
  2917   2749   2751  3   2392
  2916   2921   7442  3   2394
  7442   2921   7445  3   2394
  7442   7445   7443  3   2394
  7443   7445   7446  3   2394
  7443   7446   7444  3   2394
  7444   7446   7447  3   2394
  7444   7447   2914  3   2394
  2914   7447   2920  3   2394
  2921   2924   7448  3   2396
  7448   2924   7450  3   2396
  7448   7450   7449  3   2396
  7449   7450   7451  3   2396
  7449   7451   2922  3   2396
  2922   7451   2923  3   2396
  2924   2752   2925  3   2397
  2925   2752   2754  3   2397
  2925   2927   7452  3   2399
  7452   2927   7454  3   2399
  7452   7454   7453  3   2399
  7453   7454   7455  3   2399
  7453   7455   2923  3   2399
  2923   7455   2926  3   2399
  2927   2930   7456  3   2401
  7456   2930   7458  3   2401
  7456   7458   7457  3   2401
  7457   7458   7459  3   2401
  7457   7459   2928  3   2401
  2928   7459   2929  3   2401
  2930   2933   7460  3   2403
  7460   2933   7462  3   2403
  7460   7462   7461  3   2403
  7461   7462   7463  3   2403
  7461   7463   2931  3   2403
  2931   7463   2932  3   2403
  2933   2758   2934  3   2404
  2934   2758   2760  3   2404
  2934   2936   7464  3   2406
  7464   2936   7466  3   2406
  7464   7466   7465  3   2406
  7465   7466   7467  3   2406
  7465   7467   2932  3   2406
  2932   7467   2935  3   2406
  2936   2761   7468  3   2407
  7468   2761   7470  3   2407
  7468   7470   7469  3   2407
  7469   7470   7471  3   2407
  7469   7471   2937  3   2407
  2937   7471   2763  3   2407
  2937   7472   2935  3   2409
  2935   7472   7473  3   2409
  7472   2939   7473  3   2409
  7473   2939   2938  3   2409
  2939   2942   2940  3   2411
  2940   2942   2941  3   2411
  2942   2945   7474  3   2413
  7474   2945   7475  3   2413
  7474   7475   2943  3   2413
  2943   7475   2944  3   2413
  2945   7476   2946  3   2415
  2946   7476   7477  3   2415
  7476   7478   7477  3   2415
  7477   7478   7479  3   2415
  7478   7480   7479  3   2415
  7479   7480   7481  3   2415
  7480   2948   7481  3   2415
  7481   2948   2947  3   2415
  2948   2951   7482  3   2417
  7482   2951   7483  3   2417
  7482   7483   2949  3   2417
  2949   7483   2950  3   2417
  2951   2954   7484  3   2419
  7484   2954   7485  3   2419
  7484   7485   2952  3   2419
  2952   7485   2953  3   2419
  2954   2957   7486  3   2421
  7486   2957   7487  3   2421
  7486   7487   2955  3   2421
  2955   7487   2956  3   2421
  2957   7490   7488  3   2422
  7488   7490   7491  3   2422
  7488   7491   7489  3   2422
  7489   7491   7492  3   2422
  7489   7492   2958  3   2422
  2958   7492   7493  3   2422
  7490   2773   7491  3   2422
  7491   2773   7494  3   2422
  7491   7494   7492  3   2422
  7492   7494   7495  3   2422
  7492   7495   7493  3   2422
  7493   7495   2775  3   2422
  2958   2776   7496  3   2423
  7496   2776   7497  3   2423
  7496   7497   2956  3   2423
  2956   7497   2778  3   2423
  2955   2960   7498  3   2425
  7498   2960   7499  3   2425
  7498   7499   2953  3   2425
  2953   7499   2959  3   2425
  2960   2963   7500  3   2427
  7500   2963   7501  3   2427
  7500   7501   2961  3   2427
  2961   7501   2962  3   2427
  2963   2966   7502  3   2429
  7502   2966   7503  3   2429
  7502   7503   2964  3   2429
  2964   7503   2965  3   2429
  2966   2969   7504  3   2431
  7504   2969   7505  3   2431
  7504   7505   2967  3   2431
  2967   7505   2968  3   2431
  2969   2972   2970  3   2433
  2970   2972   2971  3   2433
  2972   7507   7506  3   2434
  7506   7507   7508  3   2434
  7506   7508   2973  3   2434
  2973   7508   7509  3   2434
  7507   2779   7508  3   2434
  7508   2779   7510  3   2434
  7508   7510   7509  3   2434
  7509   7510   2781  3   2434
  2973   2975   2971  3   2436
  2971   2975   2974  3   2436
  2975   2978   7511  3   2438
  7511   2978   7514  3   2438
  7511   7514   7512  3   2438
  7512   7514   7515  3   2438
  7512   7515   7513  3   2438
  7513   7515   7516  3   2438
  7513   7516   2976  3   2438
  2976   7516   2977  3   2438
  2978   2981   2979  3   2440
  2979   2981   2980  3   2440
  2981   2791   7517  3   2441
  7517   2791   7518  3   2441
  7517   7518   2982  3   2441
  2982   7518   2793  3   2441
  2982   2984   2980  3   2443
  2980   2984   2983  3   2443
  2984   2987   7519  3   2445
  7519   2987   7521  3   2445
  7519   7521   7520  3   2445
  7520   7521   7522  3   2445
  7520   7522   2985  3   2445
  2985   7522   2986  3   2445
  2987   2990   7523  3   2447
  7523   2990   7526  3   2447
  7523   7526   7524  3   2447
  7524   7526   7527  3   2447
  7524   7527   7525  3   2447
  7525   7527   7528  3   2447
  7525   7528   2988  3   2447
  2988   7528   2989  3   2447
  2990   2993   7529  3   2449
  7529   2993   7532  3   2449
  7529   7532   7530  3   2449
  7530   7532   7533  3   2449
  7530   7533   7531  3   2449
  7531   7533   7534  3   2449
  7531   7534   2991  3   2449
  2991   7534   2992  3   2449
  2994   7535   2997  3   2451
  2997   7535   7536  3   2451
  7536   7535   2996  3   2451
  2993   2998   7537  3   2452
  7537   2998   7538  3   2452
  7537   7538   2995  3   2452
  2998   2803   7539  3   2453
  7539   2803   7542  3   2453
  7539   7542   7540  3   2453
  7540   7542   7543  3   2453
  7540   7543   7541  3   2453
  7541   7543   7544  3   2453
  7541   7544   2999  3   2453
  2999   7544   2805  3   2453
  3002   2997   3001  3   2455
  2999   3003   3000  3   2456
  3003   3006   7545  3   2458
  7545   3006   7547  3   2458
  7545   7547   7546  3   2458
  7546   7547   7548  3   2458
  7546   7548   3004  3   2458
  3004   7548   3005  3   2458
  3006   3009   3007  3   2460
  3007   3009   3008  3   2460
  3009   2806   7549  3   2461
  7549   2806   7550  3   2461
  7549   7550   3010  3   2461
  3010   7550   2808  3   2461
  3010   3012   7551  3   2463
  7551   3012   7552  3   2463
  7551   7552   3008  3   2463
  3008   7552   3011  3   2463
  3012   3015   7553  3   2465
  7553   3015   7555  3   2465
  7553   7555   7554  3   2465
  7554   7555   7556  3   2465
  7554   7556   3013  3   2465
  3013   7556   3014  3   2465
  3015   3018   7557  3   2467
  7557   3018   7559  3   2467
  7557   7559   7558  3   2467
  7558   7559   7560  3   2467
  7558   7560   3016  3   2467
  3016   7560   3017  3   2467
  3018   2815   3019  3   2468
  3019   2815   2817  3   2468
  3019   3021   7561  3   2470
  7561   3021   7562  3   2470
  7561   7562   3017  3   2470
  3017   7562   3020  3   2470
  3021   3024   3022  3   2472
  3022   3024   3023  3   2472
  3024   3027   7563  3   2474
  7563   3027   7564  3   2474
  7563   7564   3025  3   2474
  3025   7564   3026  3   2474
  3027   2818   7565  3   2475
  7565   2818   7567  3   2475
  7565   7567   7566  3   2475
  7566   7567   7568  3   2475
  7566   7568   3028  3   2475
  3028   7568   2820  3   2475
  3028   3030   7569  3   2477
  7569   3030   7571  3   2477
  7569   7571   7570  3   2477
  7570   7571   7572  3   2477
  7570   7572   3026  3   2477
  3026   7572   3029  3   2477
  3030   2824   3031  3   2478
  3031   2824   2826  3   2478
  3031   2830   7573  3   2479
  7573   2830   7575  3   2479
  7573   7575   7574  3   2479
  7574   7575   7576  3   2479
  7574   7576   3029  3   2479
  3029   7576   2832  3   2479
  3025   3033   7577  3   2481
  7577   3033   7578  3   2481
  7577   7578   3023  3   2481
  3023   7578   3032  3   2481
  3033   3036   7579  3   2483
  7579   3036   7581  3   2483
  7579   7581   7580  3   2483
  7580   7581   7582  3   2483
  7580   7582   3034  3   2483
  3034   7582   3035  3   2483
  3036   3039   7583  3   2485
  7583   3039   7585  3   2485
  7583   7585   7584  3   2485
  7584   7585   7586  3   2485
  7584   7586   3037  3   2485
  3037   7586   3038  3   2485
  3039   3042   7587  3   2487
  7587   3042   7589  3   2487
  7587   7589   7588  3   2487
  7588   7589   7590  3   2487
  7588   7590   3040  3   2487
  3040   7590   3041  3   2487
  3042   2833   3043  3   2488
  3043   2833   2835  3   2488
  3043   2836   7591  3   2489
  7591   2836   7592  3   2489
  7591   7592   3041  3   2489
  3041   7592   2838  3   2489
  3040   3045   7593  3   2491
  7593   3045   7594  3   2491
  7593   7594   3038  3   2491
  3038   7594   3044  3   2491
  3045   3048   7595  3   2493
  7595   3048   7596  3   2493
  7595   7596   3046  3   2493
  3046   7596   3047  3   2493
  3048   3051   7597  3   2495
  7597   3051   7599  3   2495
  7597   7599   7598  3   2495
  7598   7599   7600  3   2495
  7598   7600   3049  3   2495
  3049   7600   3050  3   2495
  3051   3054   7601  3   2497
  7601   3054   7602  3   2497
  7601   7602   3052  3   2497
  3052   7602   3053  3   2497
  3054   3057   7603  3   2499
  7603   3057   7604  3   2499
  7603   7604   3055  3   2499
  3055   7604   3056  3   2499
  3057   3060   3058  3   2501
  3058   3060   3059  3   2501
  3060   2839   3061  3   2502
  3061   2839   2841  3   2502
  3061   3063   3059  3   2504
  3059   3063   3062  3   2504
  3063   3066   7605  3   2506
  7605   3066   7607  3   2506
  7605   7607   7606  3   2506
  7606   7607   7608  3   2506
  7606   7608   3064  3   2506
  3064   7608   3065  3   2506
  3066   3069   7609  3   2508
  7609   3069   7611  3   2508
  7609   7611   7610  3   2508
  7610   7611   7612  3   2508
  7610   7612   3067  3   2508
  3067   7612   3068  3   2508
  3069   7615   7613  3   2510
  7613   7615   7616  3   2510
  7613   7616   7614  3   2510
  7614   7616   7617  3   2510
  7614   7617   3070  3   2510
  3070   7617   7618  3   2510
  7615   3072   7616  3   2510
  7616   3072   7619  3   2510
  7616   7619   7617  3   2510
  7617   7619   7620  3   2510
  7617   7620   7618  3   2510
  7618   7620   3071  3   2510
  3072   2842   3073  3   2511
  3073   2842   2844  3   2511
  3073   3075   7621  3   2513
  7621   3075   7623  3   2513
  7621   7623   7622  3   2513
  7622   7623   7624  3   2513
  7622   7624   3071  3   2513
  3071   7624   3074  3   2513
  3076   7625   3079  3   2515
  3079   7625   7626  3   2515
  7626   7625   3078  3   2515
  3075   3080   7627  3   2516
  7627   3080   7628  3   2516
  7627   7628   3077  3   2516
  3080   2845   7629  3   2517
  7629   2845   7631  3   2517
  7629   7631   7630  3   2517
  7630   7631   7632  3   2517
  7630   7632   3081  3   2517
  3081   7632   2847  3   2517
  3081   2848   7633  3   2518
  7633   2848   7635  3   2518
  7633   7635   7634  3   2518
  7634   7635   7636  3   2518
  7634   7636   3079  3   2518
  3079   7636   2850  3   2518
  3076   3083   7637  3   2520
  7637   3083   7640  3   2520
  7637   7640   7638  3   2520
  7638   7640   7641  3   2520
  7638   7641   7639  3   2520
  7639   7641   7642  3   2520
  7639   7642   3074  3   2520
  3074   7642   3082  3   2520
  3083   7643   3084  3   2522
  3084   7643   7644  3   2522
  7643   7645   7644  3   2522
  7644   7645   7646  3   2522
  7645   7647   7646  3   2522
  7646   7647   7648  3   2522
  7647   7649   7648  3   2522
  7648   7649   7650  3   2522
  7649   3086   7650  3   2522
  7650   3086   3085  3   2522
  3086   7651   3087  3   2523
  3087   7651   7652  3   2523
  7651   7653   7652  3   2523
  7652   7653   7654  3   2523
  7653   7655   7654  3   2523
  7654   7655   7656  3   2523
  7655   7657   7656  3   2523
  7656   7657   7658  3   2523
  7657   2854   7658  3   2523
  7658   2854   2856  3   2523
  3087   3089   7659  3   2525
  7659   3089   7660  3   2525
  7659   7660   3085  3   2525
  3085   7660   3088  3   2525
  3089   3092   3090  3   2527
  3090   3092   3091  3   2527
  3092   3095   7661  3   2529
  7661   3095   7662  3   2529
  7661   7662   3093  3   2529
  3093   7662   3094  3   2529
  3095   7664   7663  3   2531
  7663   7664   7665  3   2531
  7663   7665   3096  3   2531
  3096   7665   7666  3   2531
  7664   3098   7665  3   2531
  7665   3098   7667  3   2531
  7665   7667   7666  3   2531
  7666   7667   3097  3   2531
  3098   3101   7668  3   2533
  7668   3101   7669  3   2533
  7668   7669   3099  3   2533
  3099   7669   3100  3   2533
  3101   2857   7670  3   2534
  7670   2857   7672  3   2534
  7670   7672   7671  3   2534
  7671   7672   7673  3   2534
  7671   7673   3102  3   2534
  3102   7673   2859  3   2534
  3102   2860   7674  3   2535
  7674   2860   7675  3   2535
  7674   7675   3100  3   2535
  3100   7675   2862  3   2535
  3099   7676   3097  3   2536
  3097   7676   7677  3   2536
  7676   7678   7677  3   2536
  7677   7678   7679  3   2536
  7678   7680   7679  3   2536
  7679   7680   7681  3   2536
  7680   3094   7681  3   2536
  7681   3094   3096  3   2536
  3093   3104   7682  3   2538
  7682   3104   7683  3   2538
  7682   7683   3091  3   2538
  3091   7683   3103  3   2538
  3104   3107   7684  3   2540
  7684   3107   7685  3   2540
  7684   7685   3105  3   2540
  3105   7685   3106  3   2540
  3107   7686   3108  3   2542
  3108   7686   7687  3   2542
  7686   3110   7687  3   2542
  7687   3110   3109  3   2542
  3110   3113   7688  3   2544
  7688   3113   7689  3   2544
  7688   7689   3111  3   2544
  3111   7689   3112  3   2544
  3113   3116   3114  3   2546
  3114   3116   3115  3   2546
  3116   3119   3117  3   2548
  3117   3119   3118  3   2548
  3119   7690   3120  3   2550
  3120   7690   7691  3   2550
  7690   7692   7691  3   2550
  7691   7692   7693  3   2550
  7692   3122   7693  3   2550
  7693   3122   3121  3   2550
  3122   2863   3123  3   2551
  3123   2863   2865  3   2551
  3123   7694   3121  3   2552
  3121   7694   7695  3   2552
  7694   2869   7695  3   2552
  7695   2869   2871  3   2552
  3120   7696   3118  3   2554
  3118   7696   7697  3   2554
  7696   3125   7697  3   2554
  7697   3125   3124  3   2554
  3125   3128   7698  3   2556
  7698   3128   7699  3   2556
  7698   7699   3126  3   2556
  3126   7699   3127  3   2556
  3128   2872   7700  3   2557
  7700   2872   7701  3   2557
  7700   7701   3129  3   2557
  3129   7701   2874  3   2557
  3129   7702   3127  3   2559
  3127   7702   7703  3   2559
  7702   7704   7703  3   2559
  7703   7704   7705  3   2559
  7704   3131   7705  3   2559
  7705   3131   3130  3   2559
  3131   3134   7706  3   2561
  7706   3134   7707  3   2561
  7706   7707   3132  3   2561
  3132   7707   3133  3   2561
  3134   3137   7708  3   2563
  7708   3137   7709  3   2563
  7708   7709   3135  3   2563
  3135   7709   3136  3   2563
  3137   3140   7710  3   2565
  7710   3140   7712  3   2565
  7710   7712   7711  3   2565
  7711   7712   7713  3   2565
  7711   7713   3138  3   2565
  3138   7713   3139  3   2565
  3140   2884   7714  3   2566
  7714   2884   7716  3   2566
  7714   7716   7715  3   2566
  7715   7716   7717  3   2566
  7715   7717   3141  3   2566
  3141   7717   2886  3   2566
  3141   2890   3139  3   2567
  3139   2890   2892  3   2567
  3138   7718   3136  3   2569
  3136   7718   7719  3   2569
  7718   3143   7719  3   2569
  7719   3143   3142  3   2569
  3143   7720   3144  3   2571
  3144   7720   7721  3   2571
  7720   3146   7721  3   2571
  7721   3146   3145  3   2571
  3146   2893   7722  3   2572
  7722   2893   7723  3   2572
  7722   7723   3147  3   2572
  3147   7723   2895  3   2572
  3147   3149   7724  3   2574
  7724   3149   7725  3   2574
  7724   7725   3145  3   2574
  3145   7725   3148  3   2574
  3149   7726   3150  3   2576
  3150   7726   7727  3   2576
  7726   7728   7727  3   2576
  7727   7728   7729  3   2576
  7728   3152   7729  3   2576
  7729   3152   3151  3   2576
  3152   3155   7730  3   2578
  7730   3155   7731  3   2578
  7730   7731   3153  3   2578
  3153   7731   3154  3   2578
  3155   3158   7732  3   2580
  7732   3158   7733  3   2580
  7732   7733   3156  3   2580
  3156   7733   3157  3   2580
  3158   3161   7734  3   2582
  7734   3161   7736  3   2582
  7734   7736   7735  3   2582
  7735   7736   7737  3   2582
  7735   7737   3159  3   2582
  3159   7737   3160  3   2582
  3161   3164   7738  3   2584
  7738   3164   7740  3   2584
  7738   7740   7739  3   2584
  7739   7740   7741  3   2584
  7739   7741   3162  3   2584
  3162   7741   3163  3   2584
  3164   3167   3165  3   2586
  3165   3167   3166  3   2586
  3167   2899   3168  3   2587
  3168   2899   2901  3   2587
  3168   3170   3166  3   2589
  3166   3170   3169  3   2589
  3170   2902   7742  3   2590
  7742   2902   7743  3   2590
  7742   7743   3171  3   2590
  3171   7743   2904  3   2590
  3171   3173   7744  3   2592
  7744   3173   7745  3   2592
  7744   7745   3169  3   2592
  3169   7745   3172  3   2592
  3173   3176   7746  3   2594
  7746   3176   7748  3   2594
  7746   7748   7747  3   2594
  7747   7748   7749  3   2594
  7747   7749   3174  3   2594
  3174   7749   3175  3   2594
  3176   3179   7750  3   2596
  7750   3179   7752  3   2596
  7750   7752   7751  3   2596
  7751   7752   7753  3   2596
  7751   7753   3177  3   2596
  3177   7753   3178  3   2596
  3179   3182   7754  3   2598
  7754   3182   7755  3   2598
  7754   7755   3180  3   2598
  3180   7755   3181  3   2598
  3182   2920   7756  3   2599
  7756   2920   7758  3   2599
  7756   7758   7757  3   2599
  7757   7758   7759  3   2599
  7757   7759   3183  3   2599
  3183   7759   2922  3   2599
  3183   3185   3181  3   2601
  3181   3185   3184  3   2601
  3185   3188   7760  3   2603
  7760   3188   7762  3   2603
  7760   7762   7761  3   2603
  7761   7762   7763  3   2603
  7761   7763   3186  3   2603
  3186   7763   3187  3   2603
  3188   3191   7764  3   2605
  7764   3191   7766  3   2605
  7764   7766   7765  3   2605
  7765   7766   7767  3   2605
  7765   7767   3189  3   2605
  3189   7767   3190  3   2605
  3191   2926   3192  3   2606
  3192   2926   2928  3   2606
  3192   3194   7768  3   2608
  7768   3194   7771  3   2608
  7768   7771   7769  3   2608
  7769   7771   7772  3   2608
  7769   7772   7770  3   2608
  7770   7772   7773  3   2608
  7770   7773   3190  3   2608
  3190   7773   3193  3   2608
  3194   7775   7774  3   2610
  7774   7775   7776  3   2610
  7774   7776   3195  3   2610
  3195   7776   7777  3   2610
  7775   3197   7776  3   2610
  7776   3197   7778  3   2610
  7776   7778   7777  3   2610
  7777   7778   3196  3   2610
  3197   3200   7779  3   2612
  7779   3200   7780  3   2612
  7779   7780   3198  3   2612
  3198   7780   3199  3   2612
  3200   3203   7781  3   2614
  7781   3203   7782  3   2614
  7781   7782   3201  3   2614
  3201   7782   3202  3   2614
  3203   7784   7783  3   2615
  7783   7784   7785  3   2615
  7783   7785   3204  3   2615
  3204   7785   7786  3   2615
  7784   2929   7785  3   2615
  7785   2929   7787  3   2615
  7785   7787   7786  3   2615
  7786   7787   2931  3   2615
  3204   2938   3202  3   2616
  3202   2938   2940  3   2616
  3201   2941   3199  3   2617
  3199   2941   2943  3   2617
  3207   3196   3206  3   2619
  3198   3208   3205  3   2620
  3208   3211   7788  3   2622
  7788   3211   7789  3   2622
  7788   7789   3209  3   2622
  3209   7789   3210  3   2622
  3211   7790   3212  3   2624
  3212   7790   7791  3   2624
  7790   3214   7791  3   2624
  7791   3214   3213  3   2624
  3214   2944   7792  3   2625
  7792   2944   7793  3   2625
  7792   7793   3215  3   2625
  3215   7793   2946  3   2625
  3215   3217   3213  3   2627
  3213   3217   3216  3   2627
  3217   3220   7794  3   2629
  7794   3220   7795  3   2629
  7794   7795   3218  3   2629
  3218   7795   3219  3   2629
  3220   2947   7796  3   2630
  7796   2947   7797  3   2630
  7796   7797   3221  3   2630
  3221   7797   2949  3   2630
  3221   3223   3219  3   2632
  3219   3223   3222  3   2632
  3223   3226   3224  3   2634
  3224   3226   3225  3   2634
  3226   2962   3227  3   2635
  3227   2962   2964  3   2635
  3227   2965   3225  3   2636
  3225   2965   2967  3   2636
  3224   7798   3222  3   2638
  3222   7798   7799  3   2638
  7798   7800   7799  3   2638
  7799   7800   7801  3   2638
  7800   3229   7801  3   2638
  7801   3229   3228  3   2638
  3229   7803   7802  3   2640
  7802   7803   7804  3   2640
  7802   7804   3230  3   2640
  3230   7804   7805  3   2640
  7803   3232   7804  3   2640
  7804   3232   7806  3   2640
  7804   7806   7805  3   2640
  7805   7806   3231  3   2640
  3232   3235   7807  3   2642
  7807   3235   7809  3   2642
  7807   7809   7808  3   2642
  7808   7809   7810  3   2642
  7808   7810   3233  3   2642
  3233   7810   3234  3   2642
  3235   3238   7811  3   2644
  7811   3238   7812  3   2644
  7811   7812   3236  3   2644
  3236   7812   3237  3   2644
  3238   7814   7813  3   2646
  7813   7814   7815  3   2646
  7813   7815   3239  3   2646
  3239   7815   7816  3   2646
  7814   7817   7815  3   2646
  7815   7817   7818  3   2646
  7815   7818   7816  3   2646
  7816   7818   7819  3   2646
  7817   7820   7818  3   2646
  7818   7820   7821  3   2646
  7818   7821   7819  3   2646
  7819   7821   7822  3   2646
  7820   3241   7821  3   2646
  7821   3241   7823  3   2646
  7821   7823   7822  3   2646
  7822   7823   3240  3   2646
  3241   3244   7824  3   2648
  7824   3244   7825  3   2648
  7824   7825   3242  3   2648
  3242   7825   3243  3   2648
  3244   7827   7826  3   2650
  7826   7827   7828  3   2650
  7826   7828   3245  3   2650
  3245   7828   7829  3   2650
  7827   7830   7828  3   2650
  7828   7830   7831  3   2650
  7828   7831   7829  3   2650
  7829   7831   7832  3   2650
  7830   3247   7831  3   2650
  7831   3247   7833  3   2650
  7831   7833   7832  3   2650
  7832   7833   3246  3   2650
  3247   7834   3248  3   2652
  3248   7834   7835  3   2652
  7834   3250   7835  3   2652
  7835   3250   3249  3   2652
  3250   2968   7836  3   2653
  7836   2968   7838  3   2653
  7836   7838   7837  3   2653
  7837   7838   7839  3   2653
  7837   7839   3251  3   2653
  3251   7839   2970  3   2653
  3251   2974   7840  3   2654
  7840   2974   7842  3   2654
  7840   7842   7841  3   2654
  7841   7842   7843  3   2654
  7841   7843   3249  3   2654
  3249   7843   2976  3   2654
  3248   2986   7844  3   2655
  7844   2986   7845  3   2655
  7844   7845   3246  3   2655
  3246   7845   2988  3   2655
  3245   7846   3243  3   2657
  3243   7846   7847  3   2657
  7846   7848   7847  3   2657
  7847   7848   7849  3   2657
  7848   7850   7849  3   2657
  7849   7850   7851  3   2657
  7850   3253   7851  3   2657
  7851   3253   3252  3   2657
  3253   3256   7852  3   2659
  7852   3256   7853  3   2659
  7852   7853   3254  3   2659
  3254   7853   3255  3   2659
  3256   2989   3257  3   2660
  3257   2989   2991  3   2660
  3257   2992   3255  3   2661
  3255   2992   2994  3   2661
  3254   7854   3252  3   2663
  3252   7854   7855  3   2663
  7854   7856   7855  3   2663
  7855   7856   7857  3   2663
  7856   7858   7857  3   2663
  7857   7858   7859  3   2663
  7858   7860   7859  3   2663
  7859   7860   7861  3   2663
  7860   3259   7861  3   2663
  7861   3259   3258  3   2663
  3259   3262   7862  3   2665
  7862   3262   7864  3   2665
  7862   7864   7863  3   2665
  7863   7864   7865  3   2665
  7863   7865   3260  3   2665
  3260   7865   3261  3   2665
  3262   7869   7866  3   2666
  7866   7869   7870  3   2666
  7866   7870   7867  3   2666
  7867   7870   7871  3   2666
  7867   7871   7868  3   2666
  7868   7871   7872  3   2666
  7868   7872   3263  3   2666
  3263   7872   7873  3   2666
  7869   3002   7870  3   2666
  7870   3002   7874  3   2666
  7870   7874   7871  3   2666
  7871   7874   7875  3   2666
  7871   7875   7872  3   2666
  7872   7875   7876  3   2666
  7872   7876   7873  3   2666
  7873   7876   3004  3   2666
  3263   7877   3261  3   2668
  3261   7877   7878  3   2668
  7877   7879   7878  3   2668
  7878   7879   7880  3   2668
  7879   3265   7880  3   2668
  7880   3265   3264  3   2668
  3265   7881   3266  3   2670
  3266   7881   7882  3   2670
  7881   3268   7882  3   2670
  7882   3268   3267  3   2670
  3268   3271   7883  3   2672
  7883   3271   7884  3   2672
  7883   7884   3269  3   2672
  3269   7884   3270  3   2672
  3271   7886   7885  3   2673
  7885   7886   7887  3   2673
  7885   7887   3272  3   2673
  3272   7887   7888  3   2673
  7886   3014   7887  3   2673
  7887   3014   7889  3   2673
  7887   7889   7888  3   2673
  7888   7889   3016  3   2673
  3272   7890   3270  3   2675
  3270   7890   7891  3   2675
  7890   7892   7891  3   2675
  7891   7892   7893  3   2675
  7892   3274   7893  3   2675
  7893   3274   3273  3   2675
  3274   3020   7894  3   2676
  7894   3020   7895  3   2676
  7894   7895   3275  3   2676
  3275   7895   3022  3   2676
  3275   3032   7896  3   2677
  7896   3032   7897  3   2677
  7896   7897   3273  3   2677
  3273   7897   3034  3   2677
  3269   3277   3267  3   2679
  3267   3277   3276  3   2679
  3277   3280   3278  3   2681
  3278   3280   3279  3   2681
  3280   7900   7898  3   2682
  7898   7900   7901  3   2682
  7898   7901   7899  3   2682
  7899   7901   7902  3   2682
  7899   7902   3281  3   2682
  3281   7902   7903  3   2682
  7900   3047   7901  3   2682
  7901   3047   7904  3   2682
  7901   7904   7902  3   2682
  7902   7904   7905  3   2682
  7902   7905   7903  3   2682
  7903   7905   3049  3   2682
  3281   3283   7906  3   2684
  7906   3283   7908  3   2684
  7906   7908   7907  3   2684
  7907   7908   7909  3   2684
  7907   7909   3279  3   2684
  3279   7909   3282  3   2684
  3283   3286   7910  3   2686
  7910   3286   7911  3   2686
  7910   7911   3284  3   2686
  3284   7911   3285  3   2686
  3286   7912   3287  3   2687
  3287   7912   7913  3   2687
  7912   7914   7913  3   2687
  7913   7914   7915  3   2687
  7914   7916   7915  3   2687
  7915   7916   7917  3   2687
  7916   3050   7917  3   2687
  7917   3050   3052  3   2687
  3287   3289   3285  3   2689
  3285   3289   3288  3   2689
  3289   7918   3290  3   2691
  3290   7918   7919  3   2691
  7918   7920   7919  3   2691
  7919   7920   7921  3   2691
  7920   7922   7921  3   2691
  7921   7922   7923  3   2691
  7922   3292   7923  3   2691
  7923   3292   3291  3   2691
  3292   3295   3293  3   2693
  3293   3295   3294  3   2693
  3295   7924   3296  3   2694
  3296   7924   7925  3   2694
  7924   7926   7925  3   2694
  7925   7926   7927  3   2694
  7926   3053   7927  3   2694
  7927   3053   3055  3   2694
  3296   3298   7928  3   2696
  7928   3298   7929  3   2696
  7928   7929   3294  3   2696
  3294   7929   3297  3   2696
  3298   3065   7930  3   2697
  7930   3065   7931  3   2697
  7930   7931   3299  3   2697
  3299   7931   3067  3   2697
  3299   3301   3297  3   2699
  3297   3301   3300  3   2699
  3301   3304   7932  3   2701
  7932   3304   7935  3   2701
  7932   7935   7933  3   2701
  7933   7935   7936  3   2701
  7933   7936   7934  3   2701
  7934   7936   7937  3   2701
  7934   7937   3302  3   2701
  3302   7937   3303  3   2701
  3304   3307   7938  3   2703
  7938   3307   7940  3   2703
  7938   7940   7939  3   2703
  7939   7940   7941  3   2703
  7939   7941   3305  3   2703
  3305   7941   3306  3   2703
  3307   3310   7942  3   2705
  7942   3310   7944  3   2705
  7942   7944   7943  3   2705
  7943   7944   7945  3   2705
  7943   7945   3308  3   2705
  3308   7945   3309  3   2705
  3070   3311   3313  3   2706
  3310   3068   3312  3   2707
  3311   3315   7946  3   2709
  7946   3315   7948  3   2709
  7946   7948   7947  3   2709
  7947   7948   7949  3   2709
  7947   7949   3309  3   2709
  3309   7949   3314  3   2709
  3315   3318   7950  3   2711
  7950   3318   7953  3   2711
  7950   7953   7951  3   2711
  7951   7953   7954  3   2711
  7951   7954   7952  3   2711
  7952   7954   7955  3   2711
  7952   7955   3316  3   2711
  3316   7955   3317  3   2711
  3322   3319   3321  3   2713
  3318   3323   3320  3   2714
  3323   3326   3324  3   2716
  3324   3326   3325  3   2716
  3326   3329   7956  3   2718
  7956   3329   7957  3   2718
  7956   7957   3327  3   2718
  3327   7957   3328  3   2718
  3329   3332   3330  3   2720
  3330   3332   3331  3   2720
  3332   3335   7958  3   2722
  7958   3335   7960  3   2722
  7958   7960   7959  3   2722
  7959   7960   7961  3   2722
  7959   7961   3333  3   2722
  3333   7961   3334  3   2722
  3335   7965   7962  3   2723
  7962   7965   7966  3   2723
  7962   7966   7963  3   2723
  7963   7966   7967  3   2723
  7963   7967   7964  3   2723
  7964   7967   7968  3   2723
  7964   7968   3336  3   2723
  3336   7968   7969  3   2723
  7965   7970   7966  3   2723
  7966   7970   7971  3   2723
  7966   7971   7967  3   2723
  7967   7971   7972  3   2723
  7967   7972   7968  3   2723
  7968   7972   7973  3   2723
  7968   7973   7969  3   2723
  7969   7973   7974  3   2723
  7970   3082   7971  3   2723
  7971   3082   7975  3   2723
  7971   7975   7972  3   2723
  7972   7975   7976  3   2723
  7972   7976   7973  3   2723
  7973   7976   7977  3   2723
  7973   7977   7974  3   2723
  7974   7977   3084  3   2723
  3336   7979   7978  3   2724
  7978   7979   7980  3   2724
  7978   7980   3334  3   2724
  3334   7980   7981  3   2724
  7979   3106   7980  3   2724
  7980   3106   7982  3   2724
  7980   7982   7981  3   2724
  7981   7982   3108  3   2724
  3333   3338   7983  3   2726
  7983   3338   7985  3   2726
  7983   7985   7984  3   2726
  7984   7985   7986  3   2726
  7984   7986   3331  3   2726
  3331   7986   3337  3   2726
  3338   3109   7987  3   2727
  7987   3109   7989  3   2727
  7987   7989   7988  3   2727
  7988   7989   7990  3   2727
  7988   7990   3339  3   2727
  3339   7990   3111  3   2727
  3339   3341   3337  3   2729
  3337   3341   3340  3   2729
  3341   7992   7991  3   2731
  7991   7992   7993  3   2731
  7991   7993   3342  3   2731
  3342   7993   7994  3   2731
  7992   3344   7993  3   2731
  7993   3344   7995  3   2731
  7993   7995   7994  3   2731
  7994   7995   3343  3   2731
  3344   3347   7996  3   2733
  7996   3347   7997  3   2733
  7996   7997   3345  3   2733
  3345   7997   3346  3   2733
  3347   3350   7998  3   2735
  7998   3350   7999  3   2735
  7998   7999   3348  3   2735
  3348   7999   3349  3   2735
  3350   3353   8000  3   2737
  8000   3353   8001  3   2737
  8000   8001   3351  3   2737
  3351   8001   3352  3   2737
  3353   3112   8002  3   2738
  8002   3112   8003  3   2738
  8002   8003   3354  3   2738
  3354   8003   3114  3   2738
  3354   3115   3352  3   2739
  3352   3115   3117  3   2739
  3351   3124   8004  3   2740
  8004   3124   8005  3   2740
  8004   8005   3349  3   2740
  3349   8005   3126  3   2740
  3348   3356   8006  3   2742
  8006   3356   8007  3   2742
  8006   8007   3346  3   2742
  3346   8007   3355  3   2742
  3356   3130   8008  3   2743
  8008   3130   8009  3   2743
  8008   8009   3357  3   2743
  3357   8009   3132  3   2743
  3357   3133   3355  3   2744
  3355   3133   3135  3   2744
  3345   8011   8010  3   2746
  8010   8011   8012  3   2746
  8010   8012   3343  3   2746
  3343   8012   8013  3   2746
  8011   3359   8012  3   2746
  8012   3359   8014  3   2746
  8012   8014   8013  3   2746
  8013   8014   3358  3   2746
  3359   8015   3360  3   2748
  3360   8015   8016  3   2748
  8015   3362   8016  3   2748
  8016   3362   3361  3   2748
  3362   3365   8017  3   2750
  8017   3365   8018  3   2750
  8017   8018   3363  3   2750
  3363   8018   3364  3   2750
  3365   3368   3366  3   2752
  3366   3368   3367  3   2752
  3368   3142   3369  3   2753
  3369   3142   3144  3   2753
  3369   3371   3367  3   2755
  3367   3371   3370  3   2755
  3371   3374   8019  3   2757
  8019   3374   8020  3   2757
  8019   8020   3372  3   2757
  3372   8020   3373  3   2757
  3374   3148   8021  3   2758
  8021   3148   8022  3   2758
  8021   8022   3375  3   2758
  3375   8022   3150  3   2758
  3375   3377   8023  3   2760
  8023   3377   8024  3   2760
  8023   8024   3373  3   2760
  3373   8024   3376  3   2760
  3377   3380   8025  3   2762
  8025   3380   8026  3   2762
  8025   8026   3378  3   2762
  3378   8026   3379  3   2762
  3380   3151   8027  3   2763
  8027   3151   8028  3   2763
  8027   8028   3381  3   2763
  3381   8028   3153  3   2763
  3381   3154   3379  3   2764
  3379   3154   3156  3   2764
  3378   3383   8029  3   2766
  8029   3383   8030  3   2766
  8029   8030   3376  3   2766
  3376   8030   3382  3   2766
  3383   3386   8031  3   2768
  8031   3386   8032  3   2768
  8031   8032   3384  3   2768
  3384   8032   3385  3   2768
  3386   8033   3387  3   2770
  3387   8033   8034  3   2770
  8033   3389   8034  3   2770
  8034   3389   3388  3   2770
  3389   3392   8035  3   2772
  8035   3392   8036  3   2772
  8035   8036   3390  3   2772
  3390   8036   3391  3   2772
  3392   3395   3393  3   2774
  3393   3395   3394  3   2774
  3395   3398   3396  3   2776
  3396   3398   3397  3   2776
  3398   8037   3399  3   2777
  3399   8037   8038  3   2777
  8037   8039   8038  3   2777
  8038   8039   8040  3   2777
  8039   3157   8040  3   2777
  8040   3157   3159  3   2777
  3399   8041   3397  3   2779
  3397   8041   8042  3   2779
  8041   3401   8042  3   2779
  8042   3401   3400  3   2779
  3401   3404   8043  3   2781
  8043   3404   8044  3   2781
  8043   8044   3402  3   2781
  3402   8044   3403  3   2781
  3404   3407   8045  3   2783
  8045   3407   8046  3   2783
  8045   8046   3405  3   2783
  3405   8046   3406  3   2783
  3407   3410   3408  3   2785
  3408   3410   3409  3   2785
  3410   3160   3411  3   2786
  3411   3160   3162  3   2786
  3411   3175   3409  3   2787
  3409   3175   3177  3   2787
  3408   3413   3406  3   2789
  3406   3413   3412  3   2789
  3413   8047   3414  3   2790
  3414   8047   8048  3   2790
  8047   3187   8048  3   2790
  8048   3187   3189  3   2790
  3414   3416   8049  3   2792
  8049   3416   8050  3   2792
  8049   8050   3412  3   2792
  3412   8050   3415  3   2792
  3416   3419   3417  3   2794
  3417   3419   3418  3   2794
  3419   3193   8051  3   2795
  8051   3193   8052  3   2795
  8051   8052   3420  3   2795
  3420   8052   3195  3   2795
  3420   3422   8053  3   2797
  8053   3422   8054  3   2797
  8053   8054   3418  3   2797
  3418   8054   3421  3   2797
  3422   3425   8055  3   2799
  8055   3425   8057  3   2799
  8055   8057   8056  3   2799
  8056   8057   8058  3   2799
  8056   8058   3423  3   2799
  3423   8058   3424  3   2799
  3425   8060   8059  3   2801
  8059   8060   8061  3   2801
  8059   8061   3426  3   2801
  3426   8061   8062  3   2801
  8060   3428   8061  3   2801
  8061   3428   8063  3   2801
  8061   8063   8062  3   2801
  8062   8063   3427  3   2801
  3428   8064   3429  3   2803
  3429   8064   8065  3   2803
  8064   8066   8065  3   2803
  8065   8066   8067  3   2803
  8066   3431   8067  3   2803
  8067   3431   3430  3   2803
  3431   3434   8068  3   2805
  8068   3434   8070  3   2805
  8068   8070   8069  3   2805
  8069   8070   8071  3   2805
  8069   8071   3432  3   2805
  3432   8071   3433  3   2805
  3434   3207   8072  3   2806
  8072   3207   8073  3   2806
  8072   8073   3435  3   2806
  3435   8073   3209  3   2806
  3435   3437   3433  3   2808
  3433   3437   3436  3   2808
  3437   3210   8074  3   2809
  8074   3210   8075  3   2809
  8074   8075   3438  3   2809
  3438   8075   3212  3   2809
  3438   3440   3436  3   2811
  3436   3440   3439  3   2811
  3440   3443   3441  3   2813
  3441   3443   3442  3   2813
  3443   3446   3444  3   2815
  3444   3446   3445  3   2815
  3446   8076   3447  3   2817
  3447   8076   8077  3   2817
  8076   8078   8077  3   2817
  8077   8078   8079  3   2817
  8078   3449   8079  3   2817
  8079   3449   3448  3   2817
  3449   3216   3450  3   2818
  3450   3216   3218  3   2818
  3450   8080   3448  3   2819
  3448   8080   8081  3   2819
  8080   3228   8081  3   2819
  8081   3228   3230  3   2819
  3447   3231   8082  3   2820
  8082   3231   8083  3   2820
  8082   8083   3445  3   2820
  3445   8083   3233  3   2820
  3444   3452   3442  3   2822
  3442   3452   3451  3   2822
  3452   3455   3453  3   2824
  3453   3455   3454  3   2824
  3455   3264   3456  3   2825
  3456   3264   3266  3   2825
  3456   3458   3454  3   2827
  3454   3458   3457  3   2827
  3458   3461   8084  3   2829
  8084   3461   8086  3   2829
  8084   8086   8085  3   2829
  8085   8086   8087  3   2829
  8085   8087   3459  3   2829
  3459   8087   3460  3   2829
  3461   8088   3462  3   2830
  3462   8088   8089  3   2830
  8088   3276   8089  3   2830
  8089   3276   3278  3   2830
  3462   3282   8090  3   2831
  8090   3282   8092  3   2831
  8090   8092   8091  3   2831
  8091   8092   8093  3   2831
  8091   8093   3460  3   2831
  3460   8093   3284  3   2831
  3459   3464   8094  3   2833
  8094   3464   8096  3   2833
  8094   8096   8095  3   2833
  8095   8096   8097  3   2833
  8095   8097   3457  3   2833
  3457   8097   3463  3   2833
  3464   8098   3465  3   2835
  3465   8098   8099  3   2835
  8098   8100   8099  3   2835
  8099   8100   8101  3   2835
  8100   3467   8101  3   2835
  8101   3467   3466  3   2835
  3467   8102   3468  3   2836
  3468   8102   8103  3   2836
  8102   3288   8103  3   2836
  8103   3288   3290  3   2836
  3468   3470   3466  3   2838
  3466   3470   3469  3   2838
  3470   3473   3471  3   2840
  3471   3473   3472  3   2840
  3473   8104   3474  3   2841
  3474   8104   8105  3   2841
  8104   8106   8105  3   2841
  8105   8106   8107  3   2841
  8106   3291   8107  3   2841
  8107   3291   3293  3   2841
  3474   8108   3472  3   2843
  3472   8108   8109  3   2843
  8108   8110   8109  3   2843
  8109   8110   8111  3   2843
  8110   3476   8111  3   2843
  8111   3476   3475  3   2843
  3476   3300   8112  3   2844
  8112   3300   8114  3   2844
  8112   8114   8113  3   2844
  8113   8114   8115  3   2844
  8113   8115   3477  3   2844
  3477   8115   3302  3   2844
  3477   3479   8116  3   2846
  8116   3479   8118  3   2846
  8116   8118   8117  3   2846
  8117   8118   8119  3   2846
  8117   8119   3475  3   2846
  3475   8119   3478  3   2846
  3479   3482   8120  3   2848
  8120   3482   8123  3   2848
  8120   8123   8121  3   2848
  8121   8123   8124  3   2848
  8121   8124   8122  3   2848
  8122   8124   8125  3   2848
  8122   8125   3480  3   2848
  3480   8125   3481  3   2848
  3482   8126   3483  3   2850
  3483   8126   8127  3   2850
  8126   3485   8127  3   2850
  8127   3485   3484  3   2850
  3485   3488   8128  3   2852
  8128   3488   8129  3   2852
  8128   8129   3486  3   2852
  3486   8129   3487  3   2852
  3488   3491   3489  3   2854
  3489   3491   3490  3   2854
  3491   3494   8130  3   2856
  8130   3494   8132  3   2856
  8130   8132   8131  3   2856
  8131   8132   8133  3   2856
  8131   8133   3492  3   2856
  3492   8133   3493  3   2856
  3494   3497   8134  3   2858
  8134   3497   8136  3   2858
  8134   8136   8135  3   2858
  8135   8136   8137  3   2858
  8135   8137   3495  3   2858
  3495   8137   3496  3   2858
  3497   3500   8138  3   2860
  8138   3500   8142  3   2860
  8138   8142   8139  3   2860
  8139   8142   8143  3   2860
  8139   8143   8140  3   2860
  8140   8143   8144  3   2860
  8140   8144   8141  3   2860
  8141   8144   8145  3   2860
  8141   8145   3498  3   2860
  3498   8145   3499  3   2860
  3500   3322   8146  3   2861
  8146   3322   8149  3   2861
  8146   8149   8147  3   2861
  8147   8149   8150  3   2861
  8147   8150   8148  3   2861
  8148   8150   8151  3   2861
  8148   8151   3501  3   2861
  3501   8151   3324  3   2861
  3501   3325   3499  3   2862
  3499   3325   3327  3   2862
  3498   3503   8152  3   2864
  8152   3503   8153  3   2864
  8152   8153   3496  3   2864
  3496   8153   3502  3   2864
  3503   8155   8154  3   2865
  8154   8155   8156  3   2865
  8154   8156   3504  3   2865
  3504   8156   8157  3   2865
  8155   3358   8156  3   2865
  8156   3358   8158  3   2865
  8156   8158   8157  3   2865
  8157   8158   3360  3   2865
  3504   3493   3502  3   2866
  3502   3493   3495  3   2866
  3492   3506   8159  3   2868
  8159   3506   8161  3   2868
  8159   8161   8160  3   2868
  8160   8161   8162  3   2868
  8160   8162   3490  3   2868
  3490   8162   3505  3   2868
  3506   3361   8163  3   2869
  8163   3361   8164  3   2869
  8163   8164   3507  3   2869
  3507   8164   3363  3   2869
  3507   3509   3505  3   2871
  3505   3509   3508  3   2871
  3509   8166   8165  3   2872
  8165   8166   8167  3   2872
  8165   8167   3510  3   2872
  3510   8167   8168  3   2872
  8166   3382   8167  3   2872
  8167   3382   8169  3   2872
  8167   8169   8168  3   2872
  8168   8169   3384  3   2872
  3510   8170   3508  3   2873
  3508   8170   8171  3   2873
  8170   3487   8171  3   2873
  8171   3487   3489  3   2873
  3486   8172   3484  3   2875
  3484   8172   8173  3   2875
  8172   3512   8173  3   2875
  8173   3512   3511  3   2875
  3512   3515   8174  3   2877
  8174   3515   8177  3   2877
  8174   8177   8175  3   2877
  8175   8177   8178  3   2877
  8175   8178   8176  3   2877
  8176   8178   8179  3   2877
  8176   8179   3513  3   2877
  3513   8179   3514  3   2877
  3515   3518   8180  3   2879
  8180   3518   8181  3   2879
  8180   8181   3516  3   2879
  3516   8181   3517  3   2879
  3518   8183   8182  3   2880
  8182   8183   8184  3   2880
  8182   8184   3519  3   2880
  3519   8184   8185  3   2880
  8183   3385   8184  3   2880
  8184   3385   8186  3   2880
  8184   8186   8185  3   2880
  8185   8186   3387  3   2880
  3519   3521   3517  3   2882
  3517   3521   3520  3   2882
  3521   3388   8187  3   2883
  8187   3388   8188  3   2883
  8187   8188   3522  3   2883
  3522   8188   3390  3   2883
  3522   3524   8189  3   2885
  8189   3524   8190  3   2885
  8189   8190   3520  3   2885
  3520   8190   3523  3   2885
  3524   3527   3525  3   2887
  3525   3527   3526  3   2887
  3527   8191   3528  3   2889
  3528   8191   8192  3   2889
  8191   8193   8192  3   2889
  8192   8193   8194  3   2889
  8193   8195   8194  3   2889
  8194   8195   8196  3   2889
  8195   3530   8196  3   2889
  8196   3530   3529  3   2889
  3530   8198   8197  3   2891
  8197   8198   8199  3   2891
  8197   8199   3531  3   2891
  3531   8199   8200  3   2891
  8198   3533   8199  3   2891
  8199   3533   8201  3   2891
  8199   8201   8200  3   2891
  8200   8201   3532  3   2891
  3533   3536   8202  3   2893
  8202   3536   8203  3   2893
  8202   8203   3534  3   2893
  3534   8203   3535  3   2893
  3536   3391   8204  3   2894
  8204   3391   8205  3   2894
  8204   8205   3537  3   2894
  3537   8205   3393  3   2894
  3537   3394   3535  3   2895
  3535   3394   3396  3   2895
  3534   8207   8206  3   2896
  8206   8207   8208  3   2896
  8206   8208   3532  3   2896
  3532   8208   8209  3   2896
  8207   3400   8208  3   2896
  8208   3400   8210  3   2896
  8208   8210   8209  3   2896
  8209   8210   3402  3   2896
  3531   3539   8211  3   2898
  8211   3539   8212  3   2898
  8211   8212   3529  3   2898
  3529   8212   3538  3   2898
  3539   3542   3540  3   2900
  3540   3542   3541  3   2900
  3542   8213   3543  3   2901
  3543   8213   8214  3   2901
  8213   8215   8214  3   2901
  8214   8215   8216  3   2901
  8215   8217   8216  3   2901
  8216   8217   8218  3   2901
  8217   3403   8218  3   2901
  8218   3403   3405  3   2901
  3543   8219   3541  3   2902
  3541   8219   8220  3   2902
  8219   8221   8220  3   2902
  8220   8221   8222  3   2902
  8221   3424   8222  3   2902
  8222   3424   3426  3   2902
  3540   8224   8223  3   2904
  8223   8224   8225  3   2904
  8223   8225   3538  3   2904
  3538   8225   8226  3   2904
  8224   8227   8225  3   2904
  8225   8227   8228  3   2904
  8225   8228   8226  3   2904
  8226   8228   8229  3   2904
  8227   3545   8228  3   2904
  8228   3545   8230  3   2904
  8228   8230   8229  3   2904
  8229   8230   3544  3   2904
  3545   3548   3546  3   2906
  3546   3548   3547  3   2906
  3548   3551   8231  3   2908
  8231   3551   8232  3   2908
  8231   8232   3549  3   2908
  3549   8232   3550  3   2908
  3551   3554   8233  3   2910
  8233   3554   8234  3   2910
  8233   8234   3552  3   2910
  3552   8234   3553  3   2910
  3554   8236   8235  3   2912
  8235   8236   8237  3   2912
  8235   8237   3555  3   2912
  3555   8237   8238  3   2912
  8236   8239   8237  3   2912
  8237   8239   8240  3   2912
  8237   8240   8238  3   2912
  8238   8240   8241  3   2912
  8239   3557   8240  3   2912
  8240   3557   8242  3   2912
  8240   8242   8241  3   2912
  8241   8242   3556  3   2912
  3557   3427   8243  3   2913
  8243   3427   8244  3   2913
  8243   8244   3558  3   2913
  3558   8244   3429  3   2913
  3558   8246   8245  3   2914
  8245   8246   8247  3   2914
  8245   8247   3556  3   2914
  3556   8247   8248  3   2914
  8246   3553   8247  3   2914
  8247   3553   8249  3   2914
  8247   8249   8248  3   2914
  8248   8249   3555  3   2914
  3552   3469   3550  3   2915
  3550   3469   3471  3   2915
  3549   3560   8250  3   2917
  8250   3560   8251  3   2917
  8250   8251   3547  3   2917
  3547   8251   3559  3   2917
  3560   3478   8252  3   2918
  8252   3478   8253  3   2918
  8252   8253   3561  3   2918
  3561   8253   3480  3   2918
  3561   8254   3559  3   2920
  3559   8254   8255  3   2920
  8254   3563   8255  3   2920
  8255   3563   3562  3   2920
  3563   3481   8256  3   2921
  8256   3481   8258  3   2921
  8256   8258   8257  3   2921
  8257   8258   8259  3   2921
  8257   8259   3564  3   2921
  3564   8259   3483  3   2921
  3564   3511   8260  3   2922
  8260   3511   8262  3   2922
  8260   8262   8261  3   2922
  8261   8262   8263  3   2922
  8261   8263   3562  3   2922
  3562   8263   3513  3   2922
  3546   8264   3544  3   2923
  3544   8264   8265  3   2923
  8264   8266   8265  3   2923
  8265   8266   8267  3   2923
  8266   3526   8267  3   2923
  8267   3526   3528  3   2923
  3525   3514   3523  3   2924
  3523   3514   3516  3   2924
  3465   3430   8268  3   2925
  8268   3430   8270  3   2925
  8268   8270   8269  3   2925
  8269   8270   8271  3   2925
  8269   8271   3463  3   2925
  3463   8271   3432  3   2925
  3453   3439   3451  3   2926
  3451   3439   3441  3   2926
  3423   3415   3421  3   2927
  3421   3415   3417  3   2927
  3372   3364   8272  3   2928
  8272   3364   8273  3   2928
  8272   8273   3370  3   2928
  3370   8273   3366  3   2928
  3342   8274   3340  3   2929
  3340   8274   8275  3   2929
  8274   3328   8275  3   2929
  8275   3328   3330  3   2929
  3319   3303   8276  3   2930
  8276   3303   8277  3   2930
  8276   8277   3317  3   2930
  3317   8277   3305  3   2930
  3316   3306   8278  3   2931
  8278   3306   8279  3   2931
  8278   8279   3314  3   2931
  3314   8279   3308  3   2931
  3260   8282   8280  3   2932
  8280   8282   8283  3   2932
  8280   8283   8281  3   2932
  8281   8283   8284  3   2932
  8281   8284   3258  3   2932
  3258   8284   8285  3   2932
  8282   3234   8283  3   2932
  8283   3234   8286  3   2932
  8283   8286   8284  3   2932
  8284   8286   8287  3   2932
  8284   8287   8285  3   2932
  8285   8287   3236  3   2932
  3242   3237   8288  3   2933
  8288   3237   8289  3   2933
  8288   8289   3240  3   2933
  3240   8289   3239  3   2933
  3186   3178   8290  3   2934
  8290   3178   8292  3   2934
  8290   8292   8291  3   2934
  8291   8292   8293  3   2934
  8291   8293   3184  3   2934
  3184   8293   3180  3   2934
  3174   3163   8294  3   2935
  8294   3163   8296  3   2935
  8294   8296   8295  3   2935
  8295   8296   8297  3   2935
  8295   8297   3172  3   2935
  3172   8297   3165  3   2935
  3105   3088   3103  3   2936
  3103   3088   3090  3   2936
  3064   3056   8298  3   2937
  8298   3056   8299  3   2937
  8298   8299   3062  3   2937
  3062   8299   3058  3   2937
  3046   3035   3044  3   2938
  3044   3035   3037  3   2938
  3013   3005   8300  3   2939
  8300   3005   8302  3   2939
  8300   8302   8301  3   2939
  8301   8302   8303  3   2939
  8301   8303   3011  3   2939
  3011   8303   3007  3   2939
  2985   2977   8304  3   2940
  8304   2977   8306  3   2940
  8304   8306   8305  3   2940
  8305   8306   8307  3   2940
  8305   8307   2983  3   2940
  2983   8307   2979  3   2940
  2961   2950   2959  3   2941
  2959   2950   2952  3   2941
  2673    873   8308  3   2942
  8308    873   8309  3   2942
  8308   8309   2671  3   2942
  2671   8309    875  3   2942
   778   3566   8310  3   2944
  8310   3566   8311  3   2944
  8310   8311    776  3   2944
   776   8311   3565  3   2944
  3566    764   8312  3   2945
  8312    764   8315  3   2945
  8312   8315   8313  3   2945
  8313   8315   8316  3   2945
  8313   8316   8314  3   2945
  8314   8316   8317  3   2945
  8314   8317   3567  3   2945
  3567   8317    766  3   2945
  3567    773   8318  3   2946
  8318    773   8320  3   2946
  8318   8320   8319  3   2946
  8319   8320   8321  3   2946
  8319   8321   3565  3   2946
  3565   8321    775  3   2946
   674    666    672  3   2947
   672    666    668  3   2947
   662    651   8322  3   2948
  8322    651   8323  3   2948
  8322   8323    660  3   2948
   660   8323    653  3   2948
   444   8325   8324  3   2950
  8324   8325   8326  3   2950
  8324   8326    442  3   2950
   442   8326   8327  3   2950
  8325   3569   8326  3   2950
  8326   3569   8328  3   2950
  8326   8328   8327  3   2950
  8327   8328   3568  3   2950
  3569    424   8329  3   2951
  8329    424   8330  3   2951
  8329   8330   3570  3   2951
  3570   8330    426  3   2951
  3570    427   3568  3   2952
  3568    427    429  3   2952
   384    376   8331  3   2953
  8331    376   8332  3   2953
  8331   8332    382  3   2953
   382   8332    378  3   2953
   354    346    352  3   2954
   352    346    348  3   2954
   187   8333    185  3   2955
   185   8333   8334  3   2955
  8333    176   8334  3   2955
  8334    176    178  3   2955
    98     93   8335  3   2956
  8335     93   8336  3   2956
  8335   8336     96  3   2956
    96   8336     95  3   2956
    62     54   8337  3   2957
  8337     54   8340  3   2957
  8337   8340   8338  3   2957
  8338   8340   8341  3   2957
  8338   8341   8339  3   2957
  8339   8341   8342  3   2957
  8339   8342     60  3   2957
    60   8342     56  3   2957
     3      1   3573  2      1
     3   3573      2  2      1
     6      4   3574  2      2
     6   3574      5  2      2
  3648      7   3577  2      4
  3648   3577      9  2      4
  3577      7      8  2      4
    12     10   3579  2      6
  3579     10   3578  2      6
  3579   3578     11  2      6
    15     13   3583  2      8
    15   3583   3584  2      8
  3584   3583     14  2      8
  3692     16   3588  2     10
  3692   3588   3589  2     10
  3692   3589     18  2     10
  3589   3588     17  2     10
    21     19   3593  2     12
    21   3593     20  2     12
  3702     22   3596  2     15
  3702   3596   3597  2     15
  3702   3597     24  2     15
  3596     22     23  2     15
  3601     25   3599  2     17
  3601   3599   3600  2     17
  3600   3599   3598  2     17
  3600   3598     27  2     17
    27   3598     26  2     17
  3706     28   8395  2     20
  3706   8395     30  2     20
    30   8395   3606  2     20
  3606   8395   3605  2     20
  3605   8395   8394  2     20
  3605   8394   3604  2     20
  3604   8394   3602  2     20
  3604   3602     29  2     20
  3602   8394   3603  2     20
  3603   8394     28  2     20
    28   8394   8395  2     20
    33     31   3609  2     22
    33   3609   3612  2     22
  3612   3609   3608  2     22
  3612   3608   3611  2     22
  3611   3608   3607  2     22
  3611   3607   3610  2     22
  3610   3607     32  2     22
    36     34   3618  2     24
  3618     34   3615  2     24
  3618   3615   3617  2     24
  3617   3615   3614  2     24
  3617   3614   3616  2     24
  3616   3614   3613  2     24
  3616   3613     35  2     24
  8397   8396   8398  2     26
  8397   8398   8400  2     26
  8400   8398   8401  2     26
  8398   8399   8401  2     26
  8402   8400   8403  2     26
  8400   8401   8403  2     26
  3757     37   8399  2     26
  3757   8399   8398  2     26
  3757   8398   3758  2     26
  3758   8398   8396  2     26
  3758   8396     39  2     26
    39   8396   3624  2     26
  3624   8396   8397  2     26
  3624   8397   3623  2     26
  3623   8397   8400  2     26
  3623   8400   8402  2     26
  3623   8402   3622  2     26
  3622   8402     38  2     26
    38   8402   3619  2     26
  3619   8402   8403  2     26
  3619   8403   3620  2     26
  3620   8403   8401  2     26
  3620   8401   3621  2     26
  3621   8401   8399  2     26
  3621   8399     37  2     26
  8404   8405   8407  2     28
  8407   8405   8408  2     28
  8405   8406   8408  2     28
  3761     40   8406  2     28
  3761   8406   8405  2     28
  3761   8405   3762  2     28
  3762   8405   8404  2     28
  3762   8404     42  2     28
    42   8404   3630  2     28
  3630   8404   8407  2     28
  3630   8407   3629  2     28
  3629   8407   8409  2     28
  3629   8409   3628  2     28
  3628   8409   3625  2     28
  3628   3625     41  2     28
  3625   8409   3626  2     28
  3626   8409   8408  2     28
  3626   8408   3627  2     28
  3627   8408   8406  2     28
  3627   8406     40  2     28
  8408   8409   8407  2     28
  3792     43   3638  2     30
  3792   3638   3793  2     30
  3793   3638   3637  2     30
  3793   3637     45  2     30
    45   3637   3639  2     30
  3639   3637   3636  2     30
  3639   3636     44  2     30
    48     46   3640  2     32
    48   3640     47  2     32
  3797     49   3645  2     35
  3797   3645     52  2     35
  3797     52   8343  2     35
  3797   8343   3798  2     35
  3798   8343     53  2     35
  3798     53   3643  2     35
  3798   3643   3799  2     35
  3799   3643     51  2     35
  3645     49     50  2     35
  8340     54   3644  2     37
  8340   3644   8341  2     37
  8341   3644     53  2     37
  8341     53   8343  2     37
  8341   8343   8342  2     37
  8342   8343     52  2     37
  8342     52   3646  2     37
  8342   3646     56  2     37
    56   3646     55  2     37
    59     57   3647  2     40
  3647     57     58  2     40
  8339     60     61  2     43
  8339     61   3649  2     43
  8339   3649   8338  2     43
  8338   3649   3650  2     43
  8338   3650   8337  2     43
  8337   3650     62  2     43
    65     63   3652  2     45
    65   3652   3654  2     45
  3654   3652   3651  2     45
  3654   3651   3653  2     45
  3653   3651     64  2     45
    68     66   3659  2     47
  3659     66   3656  2     47
  3659   3656   3658  2     47
  3658   3656   3655  2     47
  3658   3655   3657  2     47
  3657   3655     67  2     47
  3665     69   3662  2     49
  3665   3662   3661  2     49
  3665   3661   3664  2     49
  3664   3661   3660  2     49
  3664   3660   3663  2     49
  3663   3660     70  2     49
  3663     70     71  2     49
  3837     72   3668  2     52
  3837   3668   8410  2     52
  3837   8410     74  2     52
    74   8410   3670  2     52
  3670   8410   3667  2     52
  3670   3667   3666  2     52
  3670   3666   3669  2     52
  3669   3666     73  2     52
  3667   8410   3668  2     52
  3675     75   3672  2     54
  3675   3672   3671  2     54
  3675   3671     77  2     54
    77   3671     76  2     54
  3847     78   3676  2     57
  3847   3676     80  2     57
    80   3676     79  2     57
    83     81     82  2     59
    86     84     85  2     61
  3854     87     88  2     63
  3854     88   3681  2     63
  3854   3681   3855  2     63
  3855   3681   3682  2     63
  3855   3682     89  2     63
    92     90   3684  2     65
    92   3684   3685  2     65
  3685   3684   3683  2     65
  3685   3683     91  2     65
  8336     93   3686  2     67
  8336   3686     95  2     67
    95   3686   3687  2     67
  3687   3686     94  2     67
  8335     96   3689  2     69
  8335   3689     98  2     69
  3689     96   3688  2     69
  3689   3688     97  2     69
  3693     99   8411  2     71
  3693   8411    101  2     71
   101   8411   3691  2     71
  3691   8411   3690  2     71
  3691   3690    100  2     71
  3690   8411     99  2     71
  3875    102   3694  2     74
  3875   3694   3695  2     74
  3875   3695    104  2     74
  3695   3694    103  2     74
   107    105   3696  2     76
   107   3696   3697  2     76
  3697   3696    106  2     76
   110    108   3699  2     78
  3699    108   3698  2     78
  3699   3698    109  2     78
   113    111   3701  2     80
  3701    111   3700  2     80
  3701   3700    112  2     80
  3707    114   3705  2     83
  3707   3705    116  2     83
  3705    114    115  2     83
  3887    117   3711  2     86
  3887   3711   3712  2     86
  3887   3712    119  2     86
  3712   3711    118  2     86
   122    120   3716  2     88
   122   3716    121  2     88
   125    123   3719  2     90
  3719    123    124  2     90
   128    126   3720  2     92
   128   3720    127  2     92
  3898    129   3721  2     96
  3898   3721   3722  2     96
  3898   3722   3899  2     96
  3899   3722    131  2     96
  3721    129    130  2     96
   134    132   3724  2     98
   134   3724   3726  2     98
  3726   3724   3723  2     98
  3726   3723   3725  2     98
  3725   3723    133  2     98
  3908    135   8412  2    100
  3908   8412    139  2    100
  3908    139    137  2    100
   139   8412   8344  2    100
  8344   8412    138  2    100
   138   8412   3728  2    100
   138   3728   3727  2    100
   138   3727    136  2    100
  3728   8412    135  2    100
   142    140    139  2    102
   142    139   3731  2    102
  3731    139   8344  2    102
  3731   8344   3730  2    102
  3730   8344    138  2    102
  3730    138   3729  2    102
  3729    138    141  2    102
   145    143   3738  2    105
  3738    143   3734  2    105
  3738   3734   3737  2    105
  3737   3734   3733  2    105
  3737   3733   3736  2    105
  3736   3733   3732  2    105
  3736   3732   3735  2    105
  3735   3732    144  2    105
  8418   8414   8419  2    107
  8414   8415   8419  2    107
  8415   8416   8419  2    107
  8419   8416   8420  2    107
  8417   8418   8421  2    107
  8421   8418   8422  2    107
  8418   8419   8422  2    107
  8422   8419   8423  2    107
  8419   8420   8423  2    107
  8422   8423   8424  2    107
   326    146   8413  2    107
   326   8413   8345  2    107
  8345   8413   8415  2    107
  8345   8415   8414  2    107
  8345   8414   8346  2    107
  8346   8414   8418  2    107
  8346   8418   8417  2    107
  8346   8417    327  2    107
   327   8417    148  2    107
   148   8417   3744  2    107
  3744   8417   8421  2    107
  3744   8421   3743  2    107
  3743   8421   8424  2    107
  3743   8424    147  2    107
   147   8424   3739  2    107
  3739   8424   8423  2    107
  3739   8423   3740  2    107
  3740   8423   8420  2    107
  3740   8420   3741  2    107
  3741   8420   8416  2    107
  3741   8416   3742  2    107
  3742   8416   8413  2    107
  3742   8413    146  2    107
  8413   8416   8415  2    107
  8424   8421   8422  2    107
   151    149   3746  2    109
   151   3746   3748  2    109
  3748   3746   3745  2    109
  3748   3745   3747  2    109
  3747   3745    150  2    109
   154    152   3754  2    111
   154   3754   3756  2    111
  3756   3754   3753  2    111
  3756   3753   3755  2    111
  3755   3753    153  2    111
  3764    155    156  2    114
  3764    156   3759  2    114
  3764   3759   3763  2    114
  3763   3759   3760  2    114
  3763   3760    157  2    114
  3975    158   3766  2    117
  3975   3766   3976  2    117
  3976   3766   3765  2    117
  3976   3765    160  2    117
   160   3765    159  2    117
  3985    161   3771  2    119
  3985   3771   3772  2    119
  3985   3772   3986  2    119
  3986   3772    163  2    119
  3771    161    162  2    119
   166    164   3774  2    121
   166   3774   3776  2    121
  3776   3774   3773  2    121
  3776   3773   3775  2    121
  3775   3773    165  2    121
  8427   8425   8428  2    123
  8425   8426   8428  2    123
  3801    167   8425  2    123
  3801   8425   8427  2    123
  3801   8427   3800  2    123
  3800   8427   3781  2    123
  3800   3781    169  2    123
  3781   8427   8428  2    123
  3781   8428   3780  2    123
  3780   8428   3779  2    123
  3779   8428   8426  2    123
  3779   8426   3777  2    123
  3779   3777    168  2    123
  3777   8426   3778  2    123
  3778   8426   8425  2    123
  3778   8425    167  2    123
  8429   8430   8431  2    125
  3796    170   3789  2    125
  3796   3789   8429  2    125
  3796   8429   3795  2    125
  3795   8429   8431  2    125
  3795   8431   3794  2    125
  3794   8431   3791  2    125
  3794   3791    172  2    125
  3791   8431   8430  2    125
  3791   8430   3790  2    125
  3790   8430   3787  2    125
  3790   3787    171  2    125
  3787   8430   8429  2    125
  3787   8429   3788  2    125
  3788   8429   3789  2    125
  4032    173   3811  2    129
  4032   3811   4033  2    129
  4033   3811   3810  2    129
  4033   3810   3812  2    129
  4033   3812    175  2    129
  3812   3810    174  2    129
   178    176   3813  2    131
   178   3813    177  2    131
   181    179   3816  2    133
  3816    179    180  2    133
   184    182   3817  2    135
   184   3817    183  2    135
   187    185   3820  2    139
  3820    185    186  2    139
   190    188   3822  2    141
  3822    188   3821  2    141
  3822   3821    189  2    141
   193    191   3825  2    143
  3825    191   3823  2    143
  3825   3823   3824  2    143
  3824   3823    192  2    143
   196    194   3827  2    145
   196   3827   3828  2    145
  3828   3827   3826  2    145
  3828   3826    195  2    145
  3838    197   3832  2    147
  3838   3832   3833  2    147
  3838   3833    199  2    147
  3833   3832    198  2    147
   202    200   3839  2    150
   202   3839   3840  2    150
  3840   3839    201  2    150
  4073    203   3841  2    152
  4073   3841   3842  2    152
  4073   3842    205  2    152
  3842   3841    204  2    152
  3848    206   3843  2    154
  3848   3843   3844  2    154
  3848   3844    208  2    154
  3844   3843    207  2    154
   211    209   3845  2    156
   211   3845   3846  2    156
  3846   3845    210  2    156
  3850    212   3849  2    160
  3850   3849    214  2    160
   214   3849    213  2    160
   217    215   3851  2    163
   217   3851    216  2    163
   220    218    219  2    165
  3857    221   3852  2    167
  3857   3852   3853  2    167
  3857   3853   3856  2    167
  3856   3853    223  2    167
  3852    221    222  2    167
  4093    224   3859  2    170
  4093   3859   3858  2    170
  4093   3858    226  2    170
   226   3858    225  2    170
  4095    227   3860  2    172
  4095   3860   3861  2    172
  4095   3861    229  2    172
  3860    227    228  2    172
  4123    230   3863  2    174
  4123   3863    232  2    174
   232   3863   3862  2    174
   232   3862    231  2    174
   235    233   3864  2    176
  3864    233    234  2    176
   238    236   3865  2    178
   238   3865    237  2    178
   241    239   3866  2    180
  3866    239    240  2    180
   244    242   3868  2    182
  3868    242   3867  2    182
  3868   3867    243  2    182
  3874    245   3869  2    184
  3874   3869    246  2    184
  3874    246    247  2    184
   250    248    249  2    188
   253    251    252  2    190
  4140    254    255  2    194
  4140    255   3880  2    194
  4140   3880   4141  2    194
  4141   3880    256  2    194
  4161    257   3881  2    196
  4161   3881    259  2    196
   259   3881    258  2    196
  4166    260   3884  2    198
  4166   3884    262  2    198
  3884    260    261  2    198
  3888    263   8432  2    200
  3888   8432   3886  2    200
  3888   3886    265  2    200
  3886   8432    264  2    200
   264   8432   3885  2    200
  3885   8432    263  2    200
  4168    266   8433  2    203
  4168   8433   3890  2    203
  4168   3890    268  2    203
  3890   8433    267  2    203
   267   8433   3889  2    203
  3889   8433    266  2    203
   271    269   3891  2    205
   271   3891    270  2    205
   274    272   3892  2    207
  3892    272    273  2    207
   277    275   3894  2    209
  3894    275   3893  2    209
  3894   3893    276  2    209
  3897    278   3895  2    211
  3897   3895   3896  2    211
  3896   3895    279  2    211
  3896    279    280  2    211
  3909    281   3902  2    215
  3909   3902    283  2    215
  3902    281    282  2    215
  3907    284   3906  2    217
  3907   3906    286  2    217
   286   3906    285  2    217
  4188    287   8434  2    221
  4188   8434   3914  2    221
  4188   3914    289  2    221
  3914   8434    288  2    221
   288   8434   3913  2    221
  3913   8434    287  2    221
   292    290   3918  2    223
   292   3918    291  2    223
   295    293   3921  2    225
  3921    293    294  2    225
   298    296   3922  2    227
   298   3922    297  2    227
  4201    299   3923  2    231
  4201   3923   3924  2    231
  4201   3924   4202  2    231
  4202   3924    301  2    231
  3923    299    300  2    231
   304    302   3926  2    233
   304   3926   3928  2    233
  3928   3926   3925  2    233
  3928   3925   3927  2    233
  3927   3925    303  2    233
  4211    305   8435  2    235
  4211   8435   3934  2    235
  4211   3934    307  2    235
  3934   8435   3933  2    235
  3933   8435   8436  2    235
  3933   8436   3932  2    235
  3932   8436   3929  2    235
  3932   3929   3931  2    235
  3931   3929    306  2    235
  3929   8436   3930  2    235
  3930   8436    305  2    235
   305   8436   8435  2    235
   310    308   3938  2    237
   310   3938   3941  2    237
  3941   3938   3937  2    237
  3941   3937   3940  2    237
  3940   3937   3936  2    237
  3940   3936   3939  2    237
  3939   3936   3935  2    237
  3939   3935    309  2    237
   313    311   3944  2    239
   313   3944   3946  2    239
  3946   3944   3943  2    239
  3946   3943   3945  2    239
  3945   3943   3942  2    239
  3945   3942    312  2    239
  4243    314   3948  2    241
  4243   3948    316  2    241
   316   3948   3947  2    241
   316   3947   3949  2    241
  3949   3947    315  2    241
  4246    317   8438  2    243
  4246   8438   8437  2    243
  4246   8437   4247  2    243
  4247   8437   3953  2    243
  4247   3953    319  2    243
  3953   8437   3952  2    243
  3952   8437   8438  2    243
  3952   8438   3951  2    243
  3951   8438   3950  2    243
  3951   3950    318  2    243
  3950   8438    317  2    243
   322    320   3956  2    245
   322   3956   3958  2    245
  3958   3956   3955  2    245
  3958   3955   3957  2    245
  3957   3955   3954  2    245
  3957   3954    321  2    245
  3962    323   8440  2    247
  3962   8440   3961  2    247
  3961   8440    327  2    247
  3961    327    325  2    247
   327   8440   8346  2    247
  8346   8440   8345  2    247
  8345   8440   8439  2    247
  8345   8439    326  2    247
   326   8439   3959  2    247
   326   3959    324  2    247
  3959   8439   3960  2    247
  3960   8439   8440  2    247
  3960   8440    323  2    247
  4263    328   3964  2    251
  4263   3964   4264  2    251
  4264   3964   3963  2    251
  4264   3963   8441  2    251
  4264   8441   4265  2    251
  4265   8441   3965  2    251
  4265   3965    330  2    251
  3965   8441    329  2    251
   329   8441   3963  2    251
  3967    331   3966  2    253
  3967   3966    333  2    253
   333   3966    332  2    253
   336    334   3968  2    256
   336   3968    335  2    256
  3977    337   3969  2    258
  3977   3969   3970  2    258
  3977   3970    339  2    258
  3969    337    338  2    258
  4278    340   3978  2    261
  4278   3978   8442  2    261
  4278   8442   4279  2    261
  4279   8442   3979  2    261
  4279   3979    342  2    261
  3979   8442    341  2    261
   341   8442   3978  2    261
   345    343   3980  2    263
   345   3980   3981  2    263
  3981   3980    344  2    263
   348    346   3982  2    265
   348   3982    347  2    265
  3987    349   3983  2    267
  3987   3983   3984  2    267
  3987   3984    351  2    267
  3983    349    350  2    267
   354    352   3988  2    270
   354   3988   3989  2    270
  3989   3988    353  2    270
  4313    355   8444  2    272
  4313   8444   4314  2    272
  4314   8444   8443  2    272
  4314   8443   3991  2    272
  4314   3991    357  2    272
  3991   8443    356  2    272
   356   8443   3990  2    272
  3990   8443   8444  2    272
  3990   8444    355  2    272
   360    358   3995  2    274
   360   3995   3996  2    274
  3996   3995    359  2    274
   363    361   3997  2    276
   363   3997    362  2    276
  4338    364   3998  2    278
  4338   3998   3999  2    278
  4338   3999   4339  2    278
  4339   3999   4000  2    278
  4339   4000    366  2    278
  3998    364    365  2    278
  4012    367   4003  2    280
  4012   4003   4002  2    280
  4012   4002   4011  2    280
  4011   4002   4001  2    280
  4011   4001   4010  2    280
  4010   4001    368  2    280
  4010    368    369  2    280
   372    370   4015  2    283
   372   4015   4018  2    283
  4018   4015   4014  2    283
  4018   4014   4017  2    283
  4017   4014   4013  2    283
  4017   4013   4016  2    283
  4016   4013    371  2    283
  8446   8445   8447  2    285
  8449   8446   8450  2    285
  8446   8447   8450  2    285
  4379    373   8445  2    285
  4379   8445   8446  2    285
  4379   8446   4380  2    285
  4380   8446   8449  2    285
  4380   8449    375  2    285
   375   8449   4024  2    285
  4024   8449   8450  2    285
  4024   8450   4023  2    285
  4023   8450   8447  2    285
  4023   8447   8448  2    285
  4023   8448   4022  2    285
  4022   8448   4019  2    285
  4022   4019    374  2    285
  4019   8448   4020  2    285
  4020   8448   8447  2    285
  4020   8447   8445  2    285
  4020   8445   4021  2    285
  4021   8445    373  2    285
  8332    376   4027  2    287
  8332   4027    378  2    287
   378   4027   4026  2    287
   378   4026   4028  2    287
  4028   4026   4025  2    287
  4028   4025    377  2    287
  4034    379   8451  2    289
  4034   8451   8452  2    289
  4034   8452   4031  2    289
  4034   4031    381  2    289
  4031   8452   4030  2    289
  4030   8452   4029  2    289
  4030   4029    380  2    289
  4029   8452   8451  2    289
  4029   8451    379  2    289
  8331    382   4038  2    292
  8331   4038    384  2    292
  4038    382   4037  2    292
  4037    382   4035  2    292
  4037   4035   4036  2    292
  4036   4035    383  2    292
  4043    385   4041  2    294
  4043   4041   4040  2    294
  4043   4040   4042  2    294
  4042   4040   4039  2    294
  4042   4039    387  2    294
   387   4039    386  2    294
   390    388   4045  2    297
   390   4045   4047  2    297
  4047   4045   4044  2    297
  4047   4044   4046  2    297
  4046   4044    389  2    297
   393    391   4052  2    299
  4052    391   4049  2    299
  4052   4049   4051  2    299
  4051   4049   4048  2    299
  4051   4048   4050  2    299
  4050   4048    392  2    299
  4058    394   4055  2    301
  4058   4055   4054  2    301
  4058   4054   4057  2    301
  4057   4054   4053  2    301
  4057   4053   4056  2    301
  4056   4053    395  2    301
  4056    395    396  2    301
  4404    397   4061  2    304
  4404   4061    399  2    304
   399   4061   4060  2    304
   399   4060   4062  2    304
  4062   4060   4059  2    304
  4062   4059    398  2    304
  4066    400   4063  2    306
  4066   4063    402  2    306
   402   4063    401  2    306
  4414    403   4067  2    309
  4414   4067    405  2    309
   405   4067    404  2    309
   408    406    407  2    311
   411    409    410  2    313
  4426    412    413  2    315
  4426    413   4068  2    315
  4426   4068    414  2    315
   417    415   4070  2    317
  4070    415   4069  2    317
  4070   4069    416  2    317
  4072    418   4071  2    319
  4072   4071    420  2    319
   420   4071    419  2    319
  4437    421    422  2    323
  4437    422   4078  2    323
  4437   4078   4438  2    323
  4438   4078   4079  2    323
  4438   4079    423  2    323
  8330    424   4081  2    325
  8330   4081    426  2    325
   426   4081   4080  2    325
   426   4080    425  2    325
   429    427   4082  2    327
  4082    427    428  2    327
   432    430   4083  2    329
   432   4083    431  2    329
  4097    433    434  2    332
  4097    434   4084  2    332
  4097   4084   4096  2    332
  4096   4084   4085  2    332
  4096   4085    435  2    332
  4094    436   4087  2    334
  4094   4087   8453  2    334
  4094   8453    438  2    334
   438   8453   4089  2    334
  4089   8453   4088  2    334
  4088   8453   4086  2    334
  4088   4086    437  2    334
  4086   8453   4087  2    334
  4092    439   4091  2    336
  4092   4091   4090  2    336
  4092   4090    441  2    336
   441   4090    440  2    336
  8324    442   8455  2    341
  8324   8455   4102  2    341
  8324   4102    444  2    341
  4102   8455   4101  2    341
  4101   8455   8454  2    341
  4101   8454   4100  2    341
  4100   8454   4098  2    341
  4100   4098    443  2    341
  4098   8454   4099  2    341
  4099   8454   8455  2    341
  4099   8455    442  2    341
   447    445   4105  2    343
   447   4105   4107  2    343
  4107   4105   4104  2    343
  4107   4104   4106  2    343
  4106   4104   4103  2    343
  4106   4103    446  2    343
  4449    448   4109  2    345
  4449   4109   4450  2    345
  4450   4109   4108  2    345
  4450   4108    450  2    345
   450   4108    449  2    345
  4457    451   4112  2    347
  4457   4112   4113  2    347
  4457   4113   4458  2    347
  4458   4113    453  2    347
  4112    451    452  2    347
   456    454   4115  2    349
   456   4115   4117  2    349
  4117   4115   4114  2    349
  4117   4114   4116  2    349
  4116   4114    455  2    349
  4125    457   4119  2    351
  4125   4119   8456  2    351
  4125   8456   4124  2    351
  4124   8456    459  2    351
   459   8456   4120  2    351
  4120   8456   4118  2    351
  4120   4118    458  2    351
  4118   8456   4119  2    351
   462    460   4121  2    353
   462   4121   4122  2    353
  4122   4121    461  2    353
   465    463   4129  2    357
  4129    463   4127  2    357
  4129   4127   4128  2    357
  4128   4127   4126  2    357
  4128   4126    464  2    357
  4133    466   4131  2    359
  4133   4131   4130  2    359
  4133   4130   4132  2    359
  4132   4130    467  2    359
  4132    467    468  2    359
  4492    469   4135  2    362
  4492   4135   4493  2    362
  4493   4135   4134  2    362
  4493   4134   4494  2    362
  4494   4134    470  2    362
  4494    470    471  2    362
   474    472    473  2    364
  4143    475   4138  2    367
  4143   4138   4139  2    367
  4143   4139   4142  2    367
  4142   4139    477  2    367
  4138    475    476  2    367
  4500    478   4145  2    370
  4500   4145   4144  2    370
  4500   4144    480  2    370
   480   4144    479  2    370
  4502    481   4146  2    372
  4502   4146   4147  2    372
  4502   4147    483  2    372
  4146    481    482  2    372
  4518    484   4149  2    374
  4518   4149    486  2    374
   486   4149   4148  2    374
   486   4148    485  2    374
   489    487   4150  2    376
  4150    487    488  2    376
   492    490   4151  2    378
   492   4151    491  2    378
   495    493   4152  2    380
  4152    493    494  2    380
   498    496   4154  2    382
  4154    496   4153  2    382
  4154   4153    497  2    382
  4167    499   4155  2    384
  4167   4155    501  2    384
   501   4155    500  2    384
  4162    502   4160  2    386
  4162   4160    504  2    386
  4160    502    503  2    386
   507    505    506  2    391
   510    508    509  2    393
  4537    511    512  2    397
  4537    512   4175  2    397
  4537   4175   4538  2    397
  4538   4175   4176  2    397
  4538   4176    513  2    397
  4572    514   4178  2    399
  4572   4178   4177  2    399
  4572   4177    516  2    399
   516   4177    515  2    399
  4575    517   4183  2    401
  4575   4183   4184  2    401
  4575   4184   4576  2    401
  4576   4184    519  2    401
  4183    517    518  2    401
  4189    520   4186  2    403
  4189   4186   8457  2    403
  4189   8457    522  2    403
   522   8457   4187  2    403
  4187   8457   4185  2    403
  4187   4185    521  2    403
  4185   8457   4186  2    403
  4585    523   4190  2    406
  4585   4190   4191  2    406
  4585   4191    525  2    406
  4191   4190    524  2    406
   528    526   4192  2    408
   528   4192   4193  2    408
  4193   4192    527  2    408
   531    529   4195  2    410
  4195    529   4194  2    410
  4195   4194    530  2    410
   534    532   4197  2    412
  4197    532   4196  2    412
  4197   4196    533  2    412
  4200    535   4198  2    414
  4200   4198   4199  2    414
  4199   4198    536  2    414
  4199    536    537  2    414
  4212    538   4205  2    418
  4212   4205    540  2    418
  4205    538    539  2    418
  4210    541   4209  2    420
  4210   4209    543  2    420
   543   4209    542  2    420
  4594    544   8458  2    424
  4594   8458   4218  2    424
  4594   4218    546  2    424
  4218   8458   4217  2    424
  4217   8458   4216  2    424
  4217   4216    545  2    424
  4216   8458    544  2    424
  4607    547   4220  2    426
  4607   4220    549  2    426
   549   4220   4219  2    426
   549   4219   4221  2    426
  4221   4219    548  2    426
   552    550   4225  2    428
   552   4225    551  2    428
   555    553   4228  2    430
  4228    553    554  2    430
   558    556   4229  2    432
   558   4229    557  2    432
  4232    559    560  2    435
  4232    560    561  2    435
  8460   8459   8461  2    438
   569    562   4233  2    438
   569   4233   8459  2    438
   569   8459   8349  2    438
  8349   8459   8460  2    438
  8349   8460   8348  2    438
  8348   8460   8462  2    438
  8348   8462   8347  2    438
  8347   8462   4236  2    438
  8347   4236   8463  2    438
  8347   8463    568  2    438
   568   8463   4237  2    438
   568   4237    564  2    438
  4237   8463   4236  2    438
  4236   8462   4235  2    438
  4235   8462   8460  2    438
  4235   8460   8461  2    438
  4235   8461   4234  2    438
  4234   8461    563  2    438
   563   8461   8459  2    438
   563   8459   4233  2    438
  4245    565   4241  2    440
  4245   4241   8465  2    440
  4245   8465   4244  2    440
  4244   8465   8464  2    440
  4244   8464    567  2    440
   567   8464   4242  2    440
  4242   8464   4238  2    440
  4242   4238    566  2    440
  4238   8464   4239  2    440
  4239   8464   8465  2    440
  4239   8465   4240  2    440
  4240   8465   4241  2    440
  4654    570    569  2    444
  4654    569   8349  2    444
  4654   8349   4655  2    444
  4655   8349   4656  2    444
  4656   8349   8348  2    444
  4656   8348    572  2    444
   572   8348   8347  2    444
   572   8347   4248  2    444
  4248   8347    568  2    444
  4248    568    571  2    444
  4664    573   4249  2    447
  4664   4249   8466  2    447
  4664   8466   4665  2    447
  4665   8466   4666  2    447
  4666   8466   4250  2    447
  4666   4250    575  2    447
  4250   8466    574  2    447
   574   8466   4249  2    447
  4267    576   4251  2    449
  4267   4251   8467  2    449
  4267   8467   4266  2    449
  4266   8467   4253  2    449
  4266   4253    578  2    449
  4253   8467   4252  2    449
  4252   8467   4251  2    449
  4252   4251    577  2    449
  4262    579   4259  2    451
  4262   4259   4261  2    451
  4261   4259   4258  2    451
  4261   4258   4260  2    451
  4260   4258    580  2    451
  4260    580    581  2    451
  4694    582   4269  2    455
  4694   4269   4268  2    455
  4694   4268    584  2    455
   584   4268    583  2    455
  4281    585   4272  2    457
  4281   4272   4273  2    457
  4281   4273   4280  2    457
  4280   4273    587  2    457
  4272    585    586  2    457
  4277    588   4275  2    459
  4277   4275   4276  2    459
  4276   4275   4274  2    459
  4276   4274    590  2    459
   590   4274    589  2    459
   593    591   4287  2    463
   593   4287   4288  2    463
  4288   4287   4286  2    463
  4288   4286    592  2    463
  4703    594   4289  2    465
  4703   4289    596  2    465
   596   4289    595  2    465
   599    597   4290  2    467
  4290    597    598  2    467
  4724    600   4291  2    469
  4724   4291   8468  2    469
  4724   8468   4725  2    469
  4725   8468   4293  2    469
  4725   4293    602  2    469
  4293   8468   4292  2    469
  4292   8468   4291  2    469
  4292   4291    601  2    469
  4732    603   8470  2    471
  4732   8470   8469  2    471
  4732   8469   4733  2    471
  4733   8469    605  2    471
   605   8469   4298  2    471
  4298   8469   8470  2    471
  4298   8470   4297  2    471
  4297   8470   4296  2    471
  4296   8470   4295  2    471
  4296   4295   4294  2    471
  4296   4294    604  2    471
  4295   8470    603  2    471
  4315    606   4306  2    473
  4315   4306   8471  2    473
  4315   8471    608  2    473
   608   8471   8472  2    473
   608   8472   4308  2    473
  4308   8472   4307  2    473
  4307   8472   4304  2    473
  4307   4304    607  2    473
  4304   8472   4305  2    473
  4305   8472   8471  2    473
  4305   8471   4306  2    473
  4312    609   4310  2    475
  4312   4310   4309  2    475
  4312   4309   4311  2    475
  4311   4309    610  2    475
  4311    610    611  2    475
  4750    612   4319  2    479
  4750   4319   8473  2    479
  4750   8473   4751  2    479
  4751   8473   4321  2    479
  4751   4321    614  2    479
  4321   8473   4320  2    479
  4320   8473   4319  2    479
  4320   4319    613  2    479
   617    615   4325  2    481
  4325    615   4323  2    481
  4325   4323   4324  2    481
  4324   4323   4322  2    481
  4324   4322    616  2    481
  4329    618   4327  2    483
  4329   4327   4326  2    483
  4329   4326   4328  2    483
  4328   4326    619  2    483
  4328    619    620  2    483
  4340    621   4331  2    486
  4340   4331   8474  2    486
  4340   8474    623  2    486
   623   8474   4333  2    486
  4333   8474   8475  2    486
  4333   8475   4332  2    486
  4332   8475   4330  2    486
  4332   4330    622  2    486
  4330   8475   4331  2    486
  4331   8475   8474  2    486
  4337    624   4335  2    488
  4337   4335   4334  2    488
  4337   4334   4336  2    488
  4336   4334    625  2    488
  4336    625    626  2    488
  4777    627   4344  2    492
  4777   4344   8476  2    492
  4777   8476   4778  2    492
  4778   8476   4345  2    492
  4778   4345    629  2    492
  4345   8476    628  2    492
   628   8476   4344  2    492
   632    630   4348  2    494
  4348    630   4346  2    494
  4348   4346   4347  2    494
  4347   4346    631  2    494
  4356    633   4350  2    496
  4356   4350   4349  2    496
  4356   4349   4355  2    496
  4355   4349    634  2    496
  4355    634    635  2    496
   638    636   4358  2    499
   638   4358   4360  2    499
  4360   4358   4357  2    499
  4360   4357   4359  2    499
  4359   4357    637  2    499
   641    639   4362  2    501
   641   4362   4364  2    501
  4364   4362   4361  2    501
  4364   4361   4363  2    501
  4363   4361    640  2    501
  4813    642   4366  2    503
  4813   4366   4365  2    503
  4813   4365    978  2    503
   978   4365   8477  2    503
   978   8477   8353  2    503
  8353   8477    979  2    503
   979   8477   4367  2    503
   979   4367    644  2    503
  4367   8477    643  2    503
   643   8477   4365  2    503
  4381    645   4368  2    505
  4381   4368   4370  2    505
  4381   4370    647  2    505
  4370   4368   4369  2    505
  4369   4368    646  2    505
   650    648   4383  2    508
  4383    648   4382  2    508
  4383   4382    649  2    508
  8323    651   4384  2    510
  8323   4384    653  2    510
   653   4384    652  2    510
   656    654   4385  2    512
  4385    654    655  2    512
   659    657   4386  2    514
   659   4386    658  2    514
  8322    660   4387  2    518
  8322   4387    662  2    518
  4387    660    661  2    518
   665    663   4397  2    520
   665   4397   4398  2    520
  4398   4397    664  2    520
   668    666   4399  2    522
   668   4399    667  2    522
   671    669   4400  2    524
  4400    669    670  2    524
   674    672   4405  2    527
  4405    672    673  2    527
  4839    675   4406  2    529
  4839   4406   4407  2    529
  4839   4407   4840  2    529
  4840   4407    677  2    529
  4407   4406    676  2    529
   680    678   4409  2    531
  4409    678   4408  2    531
  4409   4408    679  2    531
  4415    681   4410  2    533
  4415   4410   4411  2    533
  4415   4411    683  2    533
  4411   4410    682  2    533
   686    684   4412  2    535
   686   4412   4413  2    535
  4413   4412    685  2    535
  4420    687   4419  2    539
  4420   4419    689  2    539
   689   4419    688  2    539
   692    690   4421  2    542
   692   4421    691  2    542
  4428    693    694  2    544
  4428    694   4422  2    544
  4428   4422   4427  2    544
  4427   4422    695  2    544
  4883    696   8478  2    547
  4883   8478   4431  2    547
  4883   4431    698  2    547
  4431   8478    700  2    547
   700   8478   8350  2    547
  8350   8478    699  2    547
   699   8478   8479  2    547
   699   8479   4433  2    547
  4433   8479   4429  2    547
  4433   4429    697  2    547
  4429   8479   4430  2    547
  4430   8479   8478  2    547
  4430   8478    696  2    547
  4439    701   4432  2    549
  4439   4432    703  2    549
   703   4432    700  2    549
   703    700   4436  2    549
  4436    700   8350  2    549
  4436   8350    699  2    549
  4436    699   4435  2    549
  4435    699   4434  2    549
  4435   4434    702  2    549
   706    704   4440  2    553
   706   4440    705  2    553
   709    707    708  2    555
   712    710    711  2    557
  7123    713    714  2    560
  7123    714   7124  2    560
  7124    714   4443  2    560
  7124   4443   7125  2    560
  7125   4443   4444  2    560
  7125   4444    715  2    560
   718    716   4448  2    562
  4448    716   4446  2    562
  4448   4446   4447  2    562
  4447   4446   4445  2    562
  4447   4445    717  2    562
  7130    719   4451  2    565
  7130   4451   4452  2    565
  7130   4452   7131  2    565
  7131   4452    721  2    565
  4451    719    720  2    565
  4459    722   4454  2    567
  4459   4454   4456  2    567
  4459   4456    724  2    567
  4456   4454   4453  2    567
  4456   4453   4455  2    567
  4455   4453    723  2    567
  4470    725   4463  2    570
  4470   4463    727  2    570
   727   4463    726  2    570
   730    728   4471  2    573
   730   4471    729  2    573
   733    731    732  2    575
   736    734    735  2    577
  4484    737    738  2    579
  4484    738    739  2    579
  4496    740   4488  2    582
  4496   4488   8480  2    582
  4496   8480   4495  2    582
  4495   8480   4491  2    582
  4495   4491    742  2    582
  4491   8480   4490  2    582
  4490   8480   4489  2    582
  4489   8480   4488  2    582
  4489   4488    741  2    582
  4501    743   4498  2    585
  4501   4498   8481  2    585
  4501   8481    745  2    585
   745   8481   4499  2    585
  4499   8481   8482  2    585
  4499   8482    744  2    585
   744   8482   4497  2    585
  4497   8482   8481  2    585
  4497   8481   4498  2    585
  7155    746    747  2    589
  7155    747   4503  2    589
  7155   4503   7156  2    589
  7156   4503   4504  2    589
  7156   4504   7157  2    589
  7157   4504   4505  2    589
  7157   4505    748  2    589
   751    749   4508  2    591
   751   4508   4511  2    591
  4511   4508   4507  2    591
  4511   4507   4510  2    591
  4510   4507   4506  2    591
  4510   4506   4509  2    591
  4509   4506    750  2    591
  4520    752   4514  2    593
  4520   4514   8483  2    593
  4520   8483   4519  2    593
  4519   8483    754  2    593
   754   8483   8484  2    593
   754   8484   4515  2    593
  4515   8484   4512  2    593
  4515   4512    753  2    593
  4512   8484   4513  2    593
  4513   8484   8483  2    593
  4513   8483   4514  2    593
   757    755   4516  2    595
   757   4516   4517  2    595
  4517   4516    756  2    595
  4528    758   4526  2    599
  4528   4526   4525  2    599
  4528   4525   4527  2    599
  4527   4525    759  2    599
  4527    759    760  2    599
   763    761   4532  2    602
  4532    761   4530  2    602
  4532   4530   4531  2    602
  4531   4530   4529  2    602
  4531   4529    762  2    602
  8315    764   4534  2    604
  8315   4534   8316  2    604
  8316   4534   4533  2    604
  8316   4533   8317  2    604
  8317   4533    765  2    604
  8317    765    766  2    604
   769    767    768  2    606
  4540    770   4535  2    609
  4540   4535   4536  2    609
  4540   4536   4539  2    609
  4539   4536    772  2    609
  4535    770    771  2    609
  8485   8486   8487  2    612
  8320    773   4542  2    612
  8320   4542   8487  2    612
  8320   8487   8321  2    612
  8321   8487   8486  2    612
  8321   8486    775  2    612
   775   8486   4544  2    612
  4544   8486   4543  2    612
  4543   8486   8485  2    612
  4543   8485    774  2    612
   774   8485   4541  2    612
  4541   8485   4542  2    612
  4542   8485   8487  2    612
  8310    776    780  2    614
  8310    780    778  2    614
   780    776   8351  2    614
  8351    776   4546  2    614
  8351   4546    779  2    614
   779   4546   4545  2    614
   779   4545    777  2    614
  7196    781    780  2    616
  7196    780    783  2    616
   783    780   8351  2    616
   783   8351   4548  2    616
  4548   8351    779  2    616
  4548    779   4547  2    616
  4547    779    782  2    616
  8490   8488   8491  2    619
  8491   8488   8492  2    619
  7199    784   8491  2    619
  7199   8491   8492  2    619
  7199   8492   7200  2    619
  7200   8492   4551  2    619
  7200   4551    786  2    619
  4551   8492    788  2    619
   788   8492   8488  2    619
   788   8488   8352  2    619
  8352   8488    787  2    619
   787   8488   8490  2    619
   787   8490   8489  2    619
   787   8489   4553  2    619
  4553   8489   4549  2    619
  4553   4549    785  2    619
  4549   8489   4550  2    619
  4550   8489   8490  2    619
  4550   8490    784  2    619
   784   8490   8491  2    619
   791    789   4552  2    621
   791   4552   4557  2    621
  4557   4552    788  2    621
  4557    788   4556  2    621
  4556    788   8352  2    621
  4556   8352    787  2    621
  4556    787   4555  2    621
  4555    787   4554  2    621
  4555   4554    790  2    621
  7214    792   8494  2    624
  7214   8494    794  2    624
   794   8494   4563  2    624
  4563   8494   8493  2    624
  4563   8493   4562  2    624
  4562   8493   4559  2    624
  4562   4559   4558  2    624
  4562   4558   4561  2    624
  4561   4558    793  2    624
  4559   8493   4560  2    624
  4560   8493   8494  2    624
  4560   8494    792  2    624
  7232    795   4566  2    626
  7232   4566   7233  2    626
  7233   4566   4565  2    626
  7233   4565    797  2    626
   797   4565   4564  2    626
   797   4564    796  2    626
  4577    798    799  2    628
  4577    799    800  2    628
  4574    801    802  2    630
  4574    802   4571  2    630
  4574   4571   4573  2    630
  4573   4571    803  2    630
   806    804   4578  2    634
   806   4578   4579  2    634
  4579   4578    805  2    634
   809    807   4581  2    636
  4581    807   4580  2    636
  4581   4580    808  2    636
   812    810    811  2    639
   815    813    814  2    641
  7246    816    817  2    645
  7246    817   4588  2    645
  7246   4588   7247  2    645
  7247   4588    818  2    645
   821    819   4589  2    647
   821   4589   4590  2    647
  4590   4589    820  2    647
  7255    822    823  2    650
  7255    823   4599  2    650
  7255   4599    824  2    650
   827    825   4601  2    652
  4601    825   4600  2    652
  4601   4600    826  2    652
  4608    828   4605  2    654
  4608   4605   4606  2    654
  4608   4606    830  2    654
  4606   4605    829  2    654
   833    831   4609  2    657
   833   4609    832  2    657
   836    834   4610  2    659
  4610    834    835  2    659
   839    837   4612  2    661
  4612    837   4611  2    661
  4612   4611    838  2    661
  4615    840   4613  2    663
  4615   4613   4614  2    663
  4614   4613    841  2    663
  4614    841    842  2    663
  4619    843   4617  2    666
  4619   4617   4616  2    666
  4619   4616   4618  2    666
  4618   4616    844  2    666
  4618    844    845  2    666
   848    846   4621  2    669
   848   4621   4623  2    669
  4623   4621   4620  2    669
  4623   4620   4622  2    669
  4622   4620    847  2    669
  7286    849   4629  2    671
  7286   4629    851  2    671
  4629    849   4628  2    671
  4628    849   4625  2    671
  4628   4625   4627  2    671
  4627   4625   4624  2    671
  4627   4624   4626  2    671
  4626   4624    850  2    671
   854    852   4633  2    673
   854   4633   4632  2    673
   854   4632   4636  2    673
  4636   4632   4631  2    673
  4636   4631   4635  2    673
  4635   4631   4630  2    673
  4635   4630   4634  2    673
  4634   4630    853  2    673
  8496   8495   8497  2    675
  7294    855   8495  2    675
  7294   8495   8496  2    675
  7294   8496    857  2    675
   857   8496   4642  2    675
  4642   8496   8497  2    675
  4642   8497   4641  2    675
  4641   8497   8498  2    675
  4641   8498   4640  2    675
  4640   8498   4637  2    675
  4640   4637    856  2    675
  4637   8498   4638  2    675
  4638   8498   4639  2    675
  4639   8498   8497  2    675
  4639   8497   8495  2    675
  4639   8495    855  2    675
  8499   8500   8502  2    677
  4657    858   4645  2    677
  4657   4645   8499  2    677
  4657   8499   8502  2    677
  4657   8502    860  2    677
   860   8502   4648  2    677
  4648   8502   4647  2    677
  4647   8502   8500  2    677
  4647   8500   8501  2    677
  4647   8501   4646  2    677
  4646   8501    859  2    677
   859   8501   4643  2    677
  4643   8501   8500  2    677
  4643   8500   4644  2    677
  4644   8500   8499  2    677
  4644   8499   4645  2    677
   863    861   4658  2    680
   863   4658   4659  2    680
  4659   4658    862  2    680
  7312    864   4660  2    682
  7312   4660    866  2    682
   866   4660    865  2    682
  4668    867   4661  2    684
  4668   4661   4662  2    684
  4668   4662   4667  2    684
  4667   4662   4663  2    684
  4667   4663    869  2    684
  4661    867    868  2    684
  7318    870   8503  2    687
  7318   8503   4680  2    687
  7318   4680    872  2    687
  4680   8503   4679  2    687
  4679   8503   4677  2    687
  4679   4677    871  2    687
  4677   8503   4678  2    687
  4678   8503    870  2    687
  8309    873   4682  2    689
  8309   4682   4681  2    689
  8309   4681    875  2    689
   875   4681    874  2    689
   878    876   4683  2    691
  4683    876    877  2    691
   881    879   4684  2    693
   881   4684    880  2    693
  4695    882   4685  2    695
  4695   4685   4686  2    695
  4695   4686    884  2    695
  4685    882    883  2    695
   887    885   4692  2    697
   887   4692   4693  2    697
  4693   4692   4691  2    697
  4693   4691    886  2    697
  7126    888   4696  2    701
  7126   4696   4697  2    701
  7126   4697    890  2    701
  4697   4696    889  2    701
  4705    891   4698  2    703
  4705   4698   8504  2    703
  4705   8504   4704  2    703
  4704   8504   4699  2    703
  4704   4699    893  2    703
  4699   8504    892  2    703
   892   8504   4698  2    703
  7122    894   4707  2    706
  7122   4707   7121  2    706
  7121   4707   4706  2    706
  7121   4706   7120  2    706
  7120   4706    895  2    706
  7120    895    896  2    706
   899    897    898  2    708
   902    900    901  2    710
   905    903   4710  2    713
  4710    903    904  2    713
   908    906   4712  2    715
  4712    906   4711  2    715
  4712   4711    907  2    715
  4920    909   4713  2    717
  4920   4713   8505  2    717
  4920   8505   4921  2    717
  4921   8505   4715  2    717
  4921   4715    911  2    717
  4715   8505   4714  2    717
  4714   8505    910  2    717
   910   8505   4713  2    717
   914    912   4719  2    719
  4719    912   4717  2    719
  4719   4717   4718  2    719
  4718   4717   4716  2    719
  4718   4716    913  2    719
   917    915   4721  2    721
   917   4721   4723  2    721
  4723   4721   4720  2    721
  4723   4720   4722  2    721
  4722   4720    916  2    721
  4936    918   4726  2    724
  4936   4726   4727  2    724
  4936   4727   4937  2    724
  4937   4727    920  2    724
  4726    918    919  2    724
   923    921   4729  2    726
   923   4729   4731  2    726
  4731   4729   4728  2    726
  4731   4728   4730  2    726
  4730   4728    922  2    726
   926    924    925  2    729
  4953    927    928  2    731
  4953    928    929  2    731
  4966    930    931  2    733
  4966    931   4744  2    733
  4966   4744   4967  2    733
  4967   4744   4745  2    733
  4967   4745    932  2    733
  4752    933   4747  2    735
  4752   4747   8506  2    735
  4752   8506   4749  2    735
  4752   4749    935  2    735
  4749   8506   4748  2    735
  4748   8506   4746  2    735
  4748   4746    934  2    735
  4746   8506   4747  2    735
  4970    936   4756  2    738
  4970   4756   8508  2    738
  4970   8508   8507  2    738
  4970   8507   4971  2    738
  4971   8507   4758  2    738
  4971   4758    938  2    738
  4758   8507   4757  2    738
  4757   8507   8508  2    738
  4757   8508    937  2    738
   937   8508   4756  2    738
  4988    939   8509  2    740
  4988   8509   8510  2    740
  4988   8510    941  2    740
   941   8510   4762  2    740
  4762   8510   4761  2    740
  4761   8510   4759  2    740
  4761   4759    940  2    740
  4759   8510   4760  2    740
  4760   8510   8509  2    740
  4760   8509    939  2    740
  4768    942   4764  2    742
  4768   4764   4763  2    742
  4768   4763   4767  2    742
  4767   4763    943  2    742
  4767    943    944  2    742
   947    945   4772  2    745
  4772    945   4770  2    745
  4772   4770   4771  2    745
  4771   4770   4769  2    745
  4771   4769    946  2    745
  4779    948   8511  2    747
  4779   8511    950  2    747
   950   8511   4776  2    747
  4776   8511   4773  2    747
  4776   4773   4775  2    747
  4775   4773    949  2    747
  4773   8511   4774  2    747
  4774   8511    948  2    747
  4781    951   4780  2    750
  4781   4780    952  2    750
  4781    952    953  2    750
  5013    954   4782  2    753
  5013   4782   5014  2    753
  5014   4782   4783  2    753
  5014   4783    956  2    753
  4783   4782    955  2    753
  4788    957   4787  2    755
  4788   4787    958  2    755
  4788    958    959  2    755
   962    960   4790  2    758
  4790    960   4789  2    758
  4790   4789    961  2    758
  4793    963   4791  2    760
  4793   4791   4792  2    760
  4792   4791    964  2    760
  4792    964    965  2    760
  1145    966   4795  2    763
  1145   4795   8514  2    763
  1145   8514   8354  2    763
  8354   8514   8513  2    763
  8354   8513   8355  2    763
  8355   8513   8512  2    763
  8355   8512   1146  2    763
  1146   8512   4797  2    763
  1146   4797    968  2    763
  4797   8512   4796  2    763
  4796   8512   8513  2    763
  4796   8513    967  2    763
   967   8513   4794  2    763
  4794   8513   8514  2    763
  4794   8514   4795  2    763
  5038    969   4802  2    765
  5038   4802   4803  2    765
  5038   4803    971  2    765
  4802    969   4799  2    765
  4802   4799   4801  2    765
  4801   4799   4798  2    765
  4801   4798   4800  2    765
  4800   4798    970  2    765
  7111    972   4807  2    767
  7111   4807   4806  2    767
  7111   4806   8515  2    767
  7111   8515    974  2    767
   974   8515   4809  2    767
  4809   8515   4805  2    767
  4809   4805   4808  2    767
  4808   4805   4804  2    767
  4808   4804    973  2    767
  4805   8515   4806  2    767
  4814    975    979  2    769
  4814    979    977  2    769
   979    975   8353  2    769
  8353    975   4811  2    769
  8353   4811    978  2    769
   978   4811   4810  2    769
   978   4810   4812  2    769
  4812   4810    976  2    769
  4816    980   4815  2    773
  4816   4815    982  2    773
   982   4815    981  2    773
  7110    983   4817  2    776
  7110   4817   4818  2    776
  7110   4818    985  2    776
  4818   4817    984  2    776
  5062    986   4828  2    778
  5062   4828    988  2    778
   988   4828    987  2    778
  5064    989   4831  2    780
  5064   4831   4832  2    780
  5064   4832    991  2    780
  4831    989    990  2    780
  5068    992   4834  2    782
  5068   4834   4833  2    782
  5068   4833    994  2    782
   994   4833    993  2    782
   997    995    996  2    784
  1000    998    999  2    786
  1003   1001   1002  2    788
  4843   1004   1005  2    791
  4843   1005   8516  2    791
  4843   8516   4842  2    791
  4842   8516   4837  2    791
  4842   4837   4838  2    791
  4842   4838   4841  2    791
  4841   4838   1006  2    791
  4837   8516   1005  2    791
  1009   1007   4851  2    794
  1009   4851   4853  2    794
  4853   4851   4850  2    794
  4853   4850   4852  2    794
  4852   4850   4849  2    794
  4852   4849   1008  2    794
  1012   1010   4858  2    796
  4858   1010   4855  2    796
  4858   4855   4857  2    796
  4857   4855   4854  2    796
  4857   4854   4856  2    796
  4856   4854   1011  2    796
  5094   1013   4861  2    798
  5094   4861   4860  2    798
  5094   4860   5095  2    798
  5095   4860   4859  2    798
  5095   4859   1015  2    798
  1015   4859   1014  2    798
  5097   1016   4862  2    800
  5097   4862   4863  2    800
  5097   4863   1018  2    800
  4862   1016   1017  2    800
  7109   1019   4865  2    802
  7109   4865   4864  2    802
  7109   4864   1021  2    802
  1021   4864   1020  2    802
  1024   1022   4866  2    804
  4866   1022   1023  2    804
  4874   1025   4867  2    806
  4874   4867   1027  2    806
  1027   4867   1026  2    806
  4884   1028   4877  2    809
  4884   4877   4878  2    809
  4884   4878   1030  2    809
  4877   1028   4876  2    809
  4876   1028   4875  2    809
  4876   4875   1029  2    809
  4882   1031   4881  2    811
  4882   4881   4880  2    811
  4882   4880   1033  2    811
  1033   4880   4879  2    811
  1033   4879   1032  2    811
  4892   1034   4885  2    815
  4892   4885   1036  2    815
  1036   4885   1035  2    815
  7106   1037   8517  2    818
  7106   8517   4895  2    818
  7106   4895   1039  2    818
  4895   8517   4894  2    818
  4894   8517   4893  2    818
  4894   4893   1038  2    818
  4893   8517   1037  2    818
  4905   1040   4897  2    820
  4905   4897   4896  2    820
  4905   4896   4904  2    820
  4904   4896   1041  2    820
  4904   1041   1042  2    820
  1045   1043   4909  2    823
  4909   1043   4907  2    823
  4909   4907   4908  2    823
  4908   4907   4906  2    823
  4908   4906   1044  2    823
  1048   1046   4914  2    825
  4914   1046   4911  2    825
  4914   4911   4913  2    825
  4913   4911   4910  2    825
  4913   4910   4912  2    825
  4912   4910   1047  2    825
  1051   1049   4917  2    827
  1051   4917   4919  2    827
  4919   4917   4916  2    827
  4919   4916   4918  2    827
  4918   4916   4915  2    827
  4918   4915   1050  2    827
  5123   1052   4924  2    830
  5123   4924   4925  2    830
  5123   4925   5124  2    830
  5124   4925   1054  2    830
  4924   1052   1053  2    830
  1057   1055   4927  2    832
  1057   4927   4929  2    832
  4929   4927   4926  2    832
  4929   4926   4928  2    832
  4928   4926   1056  2    832
  4932   1058   4931  2    834
  4932   4931   4930  2    834
  4932   4930   1060  2    834
  1060   4930   1059  2    834
  1063   1061   4935  2    837
  4935   1061   4933  2    837
  4935   4933   4934  2    837
  4934   4933   1062  2    837
  1066   1064   1065  2    840
  1069   1067   1068  2    842
  1072   1070   1071  2    844
  5151   1073   4946  2    847
  5151   4946   4947  2    847
  5151   4947   5152  2    847
  5152   4947   4948  2    847
  5152   4948   1075  2    847
  4946   1073   1074  2    847
  5188   1076   4951  2    849
  5188   4951   4950  2    849
  5188   4950   5189  2    849
  5189   4950   4949  2    849
  5189   4949   5190  2    849
  5190   4949   1077  2    849
  5190   1077   1078  2    849
  4954   1079   1080  2    851
  4954   1080   4952  2    851
  4954   4952   1081  2    851
  5201   1082   8518  2    854
  5201   8518   4957  2    854
  5201   4957   5202  2    854
  5202   4957   1084  2    854
  4957   8518   4956  2    854
  4956   8518   4955  2    854
  4956   4955   1083  2    854
  4955   8518   1082  2    854
  1087   1085   4959  2    856
  1087   4959   4961  2    856
  4961   4959   4958  2    856
  4961   4958   4960  2    856
  4960   4958   1086  2    856
  1090   1088   4963  2    858
  1090   4963   4965  2    858
  4965   4963   4962  2    858
  4965   4962   4964  2    858
  4964   4962   1089  2    858
  1093   1091   1092  2    861
  1096   1094   1095  2    863
  4973   1097   4968  2    865
  4973   4968   4969  2    865
  4973   4969   4972  2    865
  4972   4969   1099  2    865
  4968   1097   1098  2    865
  5215   1100   4975  2    868
  5215   4975   8519  2    868
  5215   8519   5216  2    868
  5216   8519   4976  2    868
  5216   4976   1102  2    868
  4976   8519   1101  2    868
  1101   8519   4974  2    868
  4974   8519   4975  2    868
  5239   1103   8520  2    870
  5239   8520   4982  2    870
  5239   4982   1105  2    870
  4982   8520   4981  2    870
  4981   8520   4980  2    870
  4981   4980   1104  2    870
  4980   8520   1103  2    870
  5245   1106   4984  2    872
  5245   4984   8521  2    872
  5245   8521   5246  2    872
  5246   8521   5247  2    872
  5247   8521   8522  2    872
  5247   8522   1108  2    872
  1108   8522   4985  2    872
  4985   8522   1107  2    872
  1107   8522   4983  2    872
  4983   8522   8521  2    872
  4983   8521   4984  2    872
  1111   1109   4987  2    874
  4987   1109   4986  2    874
  4987   4986   1110  2    874
  5251   1112   4989  2    877
  5251   4989   4990  2    877
  5251   4990   5252  2    877
  5252   4990   4991  2    877
  5252   4991   5253  2    877
  5253   4991   1114  2    877
  4989   1112   1113  2    877
  5259   1115   4994  2    879
  5259   4994   1117  2    879
  1117   4994   4993  2    879
  1117   4993   4996  2    879
  4996   4993   4992  2    879
  4996   4992   4995  2    879
  4995   4992   1116  2    879
  1120   1118   4998  2    881
  1120   4998   4999  2    881
  4999   4998   4997  2    881
  4999   4997   1119  2    881
  5006   1121   5000  2    883
  5006   5000   5005  2    883
  5005   5000   1122  2    883
  5005   1122   1123  2    883
  1126   1124   5008  2    886
  1126   5008   5009  2    886
  5009   5008   5007  2    886
  5009   5007   1125  2    886
  5015   1127   5010  2    888
  5015   5010   5012  2    888
  5015   5012   1129  2    888
  5012   5010   5011  2    888
  5011   5010   1128  2    888
  1132   1130   5016  2    891
  1132   5016   1131  2    891
  1135   1133   1134  2    894
  1138   1136   1137  2    896
  5309   1139   1140  2    898
  5309   1140   1141  2    898
  1148   1142   1143  2    900
  1148   1143   1145  2    900
  1148   1145   8358  2    900
  8358   1145   8354  2    900
  8358   8354   8357  2    900
  8357   8354   8355  2    900
  8357   8355   8356  2    900
  8356   8355   1146  2    900
  8356   1146   1147  2    900
  1147   1146   1144  2    900
  8524   8523   8525  2    904
  8526   8523   8524  2    904
  5319   1149   1148  2    904
  5319   1148   8528  2    904
  5319   8528   5320  2    904
  5320   8528   8527  2    904
  5320   8527   5321  2    904
  5321   8527   8526  2    904
  5321   8526   8524  2    904
  5321   8524   1151  2    904
  1151   8524   8525  2    904
  1151   8525   5035  2    904
  5035   8525   1147  2    904
  5035   1147   1150  2    904
  1147   8525   8356  2    904
  8356   8525   8523  2    904
  8356   8523   8357  2    904
  8357   8523   8526  2    904
  8357   8526   8527  2    904
  8357   8527   8358  2    904
  8358   8527   8528  2    904
  8358   8528   1148  2    904
  5041   1152   5036  2    907
  5041   5036   5040  2    907
  5040   5036   1153  2    907
  5040   1153   5037  2    907
  5040   5037   5039  2    907
  5039   5037   1154  2    907
  8530   8529   8531  2    910
  5327   1155   8529  2    910
  5327   8529   8530  2    910
  5327   8530   1157  2    910
  1157   8530   5047  2    910
  5047   8530   5046  2    910
  5046   8530   8531  2    910
  5046   8531   5045  2    910
  5045   8531   5042  2    910
  5045   5042   1156  2    910
  5042   8531   5043  2    910
  5043   8531   5044  2    910
  5044   8531   8529  2    910
  5044   8529   1155  2    910
  5347   1158   5055  2    912
  5347   5055   5054  2    912
  5347   5054   5348  2    912
  5348   5054   8532  2    912
  5348   8532   1160  2    912
  1160   8532   5056  2    912
  5056   8532   5053  2    912
  5056   5053   1159  2    912
  5053   8532   5054  2    912
  1163   1161   5057  2    914
  1163   5057   1162  2    914
  5063   1164   1165  2    916
  5063   1165   5058  2    916
  5063   5058   1166  2    916
  5378   1167   1168  2    920
  5378   1168   1169  2    920
  5069   1170   5067  2    922
  5069   5067   1172  2    922
  5067   1170   1171  2    922
  5071   1173   5070  2    925
  5071   5070   1174  2    925
  5071   1174   1175  2    925
  5391   1176   5072  2    928
  5391   5072   1178  2    928
  1178   5072   1177  2    928
  5393   1179   5073  2    930
  5393   5073   1181  2    930
  5073   1179   1180  2    930
  1184   1182   5074  2    932
  1184   5074   5075  2    932
  5075   5074   1183  2    932
  5082   1185   5079  2    934
  5082   5079   1187  2    934
  1187   5079   1186  2    934
  1190   1188   5083  2    937
  1190   5083   1189  2    937
  1193   1191   1192  2    939
  5433   1194   1195  2    943
  5433   1195   1196  2    943
  5435   1197   5084  2    945
  5435   5084   5085  2    945
  5435   5085   1199  2    945
  5084   1197   1198  2    945
  5098   1200   8533  2    947
  5098   8533   5089  2    947
  5098   5089   1202  2    947
  5089   8533   5088  2    947
  5088   8533   5086  2    947
  5088   5086   1201  2    947
  5086   8533   5087  2    947
  5087   8533   1200  2    947
  5096   1203   5091  2    949
  5096   5091   5093  2    949
  5096   5093   1205  2    949
  5093   5091   8534  2    949
  5093   8534   5092  2    949
  5092   8534   1204  2    949
  1204   8534   5090  2    949
  5090   8534   5091  2    949
  1208   1206   5102  2    953
  1208   5102   1207  2    953
  1211   1209   1210  2    956
  5437   1212   1213  2    959
  5437   1213   5109  2    959
  5437   5109   1214  2    959
  5439   1215   8535  2    961
  5439   8535   5111  2    961
  5439   5111   1217  2    961
  5111   8535   1216  2    961
  1216   8535   5110  2    961
  5110   8535   1215  2    961
  5454   1218   8536  2    963
  5454   8536   5113  2    963
  5454   5113   1220  2    963
  5113   8536   5112  2    963
  5113   5112   1219  2    963
  5112   8536   1218  2    963
  1223   1221   5122  2    965
  5122   1221   5120  2    965
  5122   5120   5121  2    965
  5121   5120   1222  2    965
  5465   1224   1225  2    968
  5465   1225   5125  2    968
  5465   5125   1226  2    968
  1229   1227   5127  2    970
  5127   1227   5126  2    970
  5127   5126   1228  2    970
  1232   1230   5130  2    972
  5130   1230   5128  2    972
  5130   5128   5129  2    972
  5129   5128   1231  2    972
  1235   1233   5134  2    974
  5134   1233   5132  2    974
  5134   5132   5133  2    974
  5133   5132   5131  2    974
  5133   5131   1234  2    974
  5138   1236   5136  2    976
  5138   5136   5137  2    976
  5137   5136   5135  2    976
  5137   5135   1238  2    976
  1238   5135   1237  2    976
  5488   1239   8537  2    979
  5488   8537   5142  2    979
  5488   5142   1241  2    979
  5142   8537   5141  2    979
  5141   8537   5139  2    979
  5141   5139   1240  2    979
  5139   8537   5140  2    979
  5140   8537   1239  2    979
  1244   1242   5144  2    981
  1244   5144   5146  2    981
  5146   5144   5143  2    981
  5146   5143   5145  2    981
  5145   5143   1243  2    981
  5153   1245   8538  2    983
  5153   8538   5150  2    983
  5153   5150   1247  2    983
  5150   8538   8539  2    983
  5150   8539   5149  2    983
  5149   8539   5147  2    983
  5149   5147   1246  2    983
  5147   8539   5148  2    983
  5148   8539   8538  2    983
  5148   8538   1245  2    983
  1250   1248   5156  2    986
  5156   1248   5154  2    986
  5156   5154   5155  2    986
  5155   5154   1249  2    986
  1253   1251   5158  2    988
  1253   5158   5159  2    988
  5159   5158   5157  2    988
  5159   5157   1252  2    988
  5524   1254   5160  2    990
  5524   5160   1256  2    990
  1256   5160   1255  2    990
  1259   1257   5161  2    992
  5161   1257   1258  2    992
  1262   1260   5162  2    994
  1262   5162   1261  2    994
  5546   1263   5163  2    996
  5546   5163   5164  2    996
  5546   5164   5547  2    996
  5547   5164   1265  2    996
  5163   1263   1264  2    996
  5549   1266   8361  2    998
  5549   8361   1270  2    998
  5549   1270   1268  2    998
  8361   1266   8360  2    998
  8360   1266   5166  2    998
  8360   5166   8359  2    998
  8359   5166   5165  2    998
  8359   5165   1269  2    998
  1269   5165   1267  2    998
  1273   1271   1270  2   1000
  1273   1270   8361  2   1000
  1273   8361   5167  2   1000
  5167   8361   8360  2   1000
  5167   8360   1275  2   1000
  1275   8360   8362  2   1000
  8362   8360   8359  2   1000
  8362   8359   1274  2   1000
  1274   8359   5169  2   1000
  5169   8359   1269  2   1000
  5169   1269   1272  2   1000
  1278   1276   5168  2   1003
  1278   5168   5173  2   1003
  5173   5168   1275  2   1003
  5173   1275   8362  2   1003
  5173   8362   5172  2   1003
  5172   8362   1274  2   1003
  5172   1274   5170  2   1003
  5172   5170   5171  2   1003
  5171   5170   1277  2   1003
  5578   1279   5176  2   1006
  5578   5176   5175  2   1006
  5578   5175   1281  2   1006
  1281   5175   5177  2   1006
  5177   5175   5174  2   1006
  5177   5174   1280  2   1006
  5580   1282   5180  2   1008
  5580   5180   5181  2   1008
  5580   5181   1284  2   1008
  5180   1282   5179  2   1008
  5179   1282   5178  2   1008
  5179   5178   1283  2   1008
  8543   8541   8544  2   1010
  8541   8542   8544  2   1010
  5192   1285   8543  2   1010
  5192   8543   5191  2   1010
  5191   8543   8544  2   1010
  5191   8544   8545  2   1010
  5191   8545   1287  2   1010
  1287   8545   5187  2   1010
  5187   8545   8544  2   1010
  5187   8544   5186  2   1010
  5186   8544   8542  2   1010
  5186   8542   8540  2   1010
  5186   8540   5185  2   1010
  5185   8540   1286  2   1010
  1286   8540   5182  2   1010
  5182   8540   5183  2   1010
  5183   8540   8542  2   1010
  5183   8542   8541  2   1010
  5183   8541   5184  2   1010
  5184   8541   8543  2   1010
  5184   8543   1285  2   1010
  1290   1288   5194  2   1013
  1290   5194   5196  2   1013
  5196   5194   5193  2   1013
  5196   5193   5195  2   1013
  5195   5193   1289  2   1013
  5583   1291   5203  2   1016
  5583   5203   5204  2   1016
  5583   5204   5584  2   1016
  5584   5204   1293  2   1016
  5203   1291   1292  2   1016
  5603   1294   5206  2   1018
  5603   5206   5205  2   1018
  5603   5205   5604  2   1018
  5604   5205   1295  2   1018
  5604   1295   1296  2   1018
  1588   1297   1298  2   1020
  1588   1298   1300  2   1020
  1588   1300   8392  2   1020
  8392   1300   8389  2   1020
  8392   8389   3571  2   1020
  8549   8546   8547  2   1022
  5219   1302   1301  2   1022
  5219   1301   8391  2   1022
  5219   8391   8548  2   1022
  5219   8548   5218  2   1022
  5218   8548   8549  2   1022
  5218   8549   5217  2   1022
  5217   8549   8547  2   1022
  5217   8547   1304  2   1022
  1304   8547   5210  2   1022
  5210   8547   8546  2   1022
  5210   8546   8389  2   1022
  5210   8389   5209  2   1022
  5209   8389   1300  2   1022
  5209   1300   1303  2   1022
  8389   8546   3571  2   1022
  3571   8546   8390  2   1022
  8390   8546   8549  2   1022
  8390   8549   8548  2   1022
  8390   8548   3572  2   1022
  3572   8548   8391  2   1022
  5214   1305   5212  2   1025
  5214   5212   5211  2   1025
  5214   5211   5213  2   1025
  5213   5211   1306  2   1025
  5213   1306   1307  2   1025
  8551   8550   8552  2   1029
  8553   8551   8554  2   1029
  8551   8552   8554  2   1029
  8554   8552   8555  2   1029
  5623   1308   8553  2   1029
  5623   8553   8554  2   1029
  5623   8554   5624  2   1029
  5624   8554   8555  2   1029
  5624   8555   5230  2   1029
  5624   5230   1310  2   1029
  5230   8555   5229  2   1029
  5229   8555   8552  2   1029
  5229   8552   5228  2   1029
  5228   8552   8550  2   1029
  5228   8550   5225  2   1029
  5228   5225   1309  2   1029
  5225   8550   5226  2   1029
  5226   8550   8551  2   1029
  5226   8551   5227  2   1029
  5227   8551   8553  2   1029
  5227   8553   1308  2   1029
  8558   8557   8559  2   1031
  8557   8556   8559  2   1031
  5629   1311   5233  2   1031
  5629   5233   8558  2   1031
  5629   8558   5630  2   1031
  5630   8558   8559  2   1031
  5630   8559   1313  2   1031
  1313   8559   5235  2   1031
  5235   8559   8556  2   1031
  5235   8556   5234  2   1031
  5234   8556   5231  2   1031
  5234   5231   1312  2   1031
  5231   8556   8557  2   1031
  5231   8557   5232  2   1031
  5232   8557   8558  2   1031
  5232   8558   5233  2   1031
  1316   1314   5237  2   1033
  1316   5237   5238  2   1033
  5238   5237   5236  2   1033
  5238   5236   1315  2   1033
  5254   1317   5240  2   1036
  5254   5240   1319  2   1036
  5240   1317   1318  2   1036
  8561   8560   8562  2   1038
  5250   1320   8561  2   1038
  5250   8561   8562  2   1038
  5250   8562   5249  2   1038
  5249   8562   8563  2   1038
  5249   8563   5248  2   1038
  5248   8563   5244  2   1038
  5248   5244   1322  2   1038
  5244   8563   5243  2   1038
  5243   8563   8562  2   1038
  5243   8562   5242  2   1038
  5242   8562   8560  2   1038
  5242   8560   1321  2   1038
  1321   8560   5241  2   1038
  5241   8560   8561  2   1038
  5241   8561   1320  2   1038
  1325   1323   5255  2   1042
  1325   5255   1324  2   1042
  5261   1326   1327  2   1044
  5261   1327   5256  2   1044
  5261   5256   5260  2   1044
  5260   5256   1328  2   1044
  1331   1329   5257  2   1046
  1331   5257   5258  2   1046
  5258   5257   1330  2   1046
  5643   1332   8564  2   1050
  5643   8564   1334  2   1050
  1334   8564   5265  2   1050
  5265   8564   5264  2   1050
  5264   8564   5262  2   1050
  5264   5262   1333  2   1050
  5262   8564   5263  2   1050
  5263   8564   1332  2   1050
  5270   1335   5267  2   1052
  5270   5267   5269  2   1052
  5269   5267   5266  2   1052
  5269   5266   5268  2   1052
  5268   5266   1336  2   1052
  5268   1336   1337  2   1052
  5276   1338   5273  2   1055
  5276   5273   5272  2   1055
  5276   5272   5275  2   1055
  5275   5272   5271  2   1055
  5275   5271   5274  2   1055
  5274   5271   1339  2   1055
  5274   1339   1340  2   1055
  5287   1341   5279  2   1058
  5287   5279   5286  2   1058
  5286   5279   5278  2   1058
  5286   5278   5285  2   1058
  5285   5278   5277  2   1058
  5285   5277   5284  2   1058
  5284   5277   1342  2   1058
  5284   1342   1343  2   1058
  5673   1344   5291  2   1061
  5673   5291   5290  2   1061
  5673   5290   5674  2   1061
  5674   5290   5289  2   1061
  5674   5289   5675  2   1061
  5675   5289   5288  2   1061
  5675   5288   1346  2   1061
  1346   5288   1345  2   1061
  5680   1347   5292  2   1063
  5680   5292   5293  2   1063
  5680   5293   5681  2   1063
  5681   5293   5294  2   1063
  5681   5294   1349  2   1063
  5292   1347   1348  2   1063
  5705   1350   5297  2   1065
  5705   5297   5296  2   1065
  5705   5296   5706  2   1065
  5706   5296   5295  2   1065
  5706   5295   1352  2   1065
  1352   5295   1351  2   1065
  5717   1353   5298  2   1067
  5717   5298   5299  2   1067
  5717   5299   5718  2   1067
  5718   5299   1355  2   1067
  5298   1353   1354  2   1067
  5727   1356   5301  2   1069
  5727   5301   5302  2   1069
  5727   5302   1358  2   1069
  5302   5301   5300  2   1069
  5302   5300   1357  2   1069
  7105   1359   5303  2   1071
  7105   5303   1361  2   1071
  1361   5303   5304  2   1071
  5304   5303   1360  2   1071
  7104   1362   5306  2   1073
  7104   5306   1364  2   1073
  5306   1362   5305  2   1073
  5306   5305   1363  2   1073
  5311   1365   5307  2   1075
  5311   5307   8565  2   1075
  5311   8565   5310  2   1075
  5310   8565   5308  2   1075
  5310   5308   1367  2   1075
  5308   8565   1366  2   1075
  1366   8565   5307  2   1075
  1370   1368   5313  2   1078
  1370   5313   5314  2   1078
  5314   5313   5312  2   1078
  5314   5312   1369  2   1078
  5322   1371   5318  2   1080
  5322   5318   1373  2   1080
  5318   1371   5317  2   1080
  5317   1371   5315  2   1080
  5317   5315   5316  2   1080
  5316   5315   1372  2   1080
  1376   1374   5324  2   1083
  5324   1374   5323  2   1083
  5324   5323   1375  2   1083
  1379   1377   5325  2   1085
  1379   5325   1378  2   1085
  5328   1380   5326  2   1087
  5328   5326   1382  2   1087
  5326   1380   1381  2   1087
  1385   1383   5331  2   1090
  5331   1383   8566  2   1090
  5331   8566   5330  2   1090
  5330   8566   5329  2   1090
  5330   5329   1384  2   1090
  5329   8566   1383  2   1090
  1388   1386   5333  2   1092
  1388   5333   5334  2   1092
  5334   5333   5332  2   1092
  5334   5332   1387  2   1092
  1391   1389   5339  2   1094
  5339   1389   5338  2   1094
  5339   5338   1390  2   1094
  5750   1392   5340  2   1096
  5750   5340   1394  2   1096
  1394   5340   1393  2   1096
  1397   1395   5343  2   1098
  5343   1395   1396  2   1098
  1400   1398   5344  2   1100
  1400   5344   1399  2   1100
  5349   1401   5345  2   1102
  5349   5345   5346  2   1102
  5349   5346   1403  2   1102
  5345   1401   1402  2   1102
  1406   1404   5352  2   1105
  5352   1404   5350  2   1105
  5352   5350   5351  2   1105
  5351   5350   1405  2   1105
  1409   1407   5354  2   1107
  1409   5354   5356  2   1107
  5356   5354   5353  2   1107
  5356   5353   5355  2   1107
  5355   5353   1408  2   1107
  1412   1410   5360  2   1109
  5360   1410   5358  2   1109
  5360   5358   5359  2   1109
  5359   5358   5357  2   1109
  5359   5357   1411  2   1109
  5769   1413   5366  2   1111
  5769   5366   8567  2   1111
  5769   8567   5770  2   1111
  5770   8567   5367  2   1111
  5770   5367   1415  2   1111
  5367   8567   1414  2   1111
  1414   8567   5365  2   1111
  5365   8567   5366  2   1111
  1418   1416   5369  2   1113
  5369   1416   5368  2   1113
  5369   5368   1417  2   1113
  5379   1419   5370  2   1115
  5379   5370   5371  2   1115
  5379   5371   1421  2   1115
  5371   5370   1420  2   1115
  1424   1422   5382  2   1118
  5382   1422   5380  2   1118
  5382   5380   5381  2   1118
  5381   5380   1423  2   1118
  5396   1425   5384  2   1120
  5396   5384   8568  2   1120
  5396   8568   5395  2   1120
  5395   8568   8569  2   1120
  5395   8569   5394  2   1120
  5394   8569   5385  2   1120
  5394   5385   1427  2   1120
  5385   8569   1426  2   1120
  1426   8569   5383  2   1120
  5383   8569   8568  2   1120
  5383   8568   5384  2   1120
  5392   1428   5389  2   1122
  5392   5389   5390  2   1122
  5392   5390   1430  2   1122
  5390   5389   1429  2   1122
  1433   1431   5402  2   1126
  5402   1431   5399  2   1126
  5402   5399   5401  2   1126
  5401   5399   5398  2   1126
  5401   5398   5400  2   1126
  5400   5398   5397  2   1126
  5400   5397   1432  2   1126
  1436   1434   5405  2   1128
  1436   5405   5408  2   1128
  5408   5405   5404  2   1128
  5408   5404   5407  2   1128
  5407   5404   5403  2   1128
  5407   5403   5406  2   1128
  5406   5403   1435  2   1128
  5787   1437   8570  2   1130
  5787   8570   1441  2   1130
  5787   1441   1439  2   1130
  1441   8570   8363  2   1130
  8363   8570   8571  2   1130
  8363   8571   1440  2   1130
  1440   8571   5412  2   1130
  5412   8571   5409  2   1130
  5412   5409   1438  2   1130
  5409   8571   5410  2   1130
  5410   8571   5411  2   1130
  5411   8571   8570  2   1130
  5411   8570   1437  2   1130
  7101   1442   1441  2   1132
  7101   1441   7102  2   1132
  7102   1441   8363  2   1132
  7102   8363   7103  2   1132
  7103   8363   1440  2   1132
  7103   1440   1444  2   1132
  1444   1440   5413  2   1132
  1444   5413   1443  2   1132
  1447   1445   1446  2   1135
  1450   1448   5416  2   1137
  5416   1448   1449  2   1137
  5424   1451   5417  2   1139
  5424   5417   1453  2   1139
  1453   5417   1452  2   1139
  5436   1454   5427  2   1142
  5436   5427   5428  2   1142
  5436   5428   1456  2   1142
  5427   1454   5426  2   1142
  5426   1454   5425  2   1142
  5426   5425   1455  2   1142
  5434   1457   5431  2   1144
  5434   5431   5430  2   1144
  5434   5430   1459  2   1144
  1459   5430   5429  2   1144
  1459   5429   5432  2   1144
  5432   5429   1458  2   1144
  5440   1460   5438  2   1149
  5440   5438   1462  2   1149
  5438   1460   1461  2   1149
  1465   1463   5442  2   1152
  5442   1463   5441  2   1152
  5442   5441   1464  2   1152
  8573   8574   8575  2   1154
  7100   1466   8575  2   1154
  7100   8575   8574  2   1154
  7100   8574   7099  2   1154
  7099   8574   8572  2   1154
  7099   8572   7098  2   1154
  7098   8572   5449  2   1154
  7098   5449   1468  2   1154
  5449   8572   5448  2   1154
  5448   8572   8574  2   1154
  5448   8574   5447  2   1154
  5447   8574   8573  2   1154
  5447   8573   1467  2   1154
  1467   8573   5446  2   1154
  5446   8573   8575  2   1154
  5446   8575   1466  2   1154
  5799   1469   5452  2   1156
  5799   5452   5451  2   1156
  5799   5451   5800  2   1156
  5800   5451   5450  2   1156
  5800   5450   5801  2   1156
  5801   5450   1470  2   1156
  5801   1470   1471  2   1156
  5455   1472   5453  2   1158
  5455   5453   1474  2   1158
  5453   1472   1473  2   1158
  5822   1475   5456  2   1161
  5822   5456   8576  2   1161
  5822   8576   5823  2   1161
  5823   8576   5457  2   1161
  5823   5457   1477  2   1161
  5457   8576   1476  2   1161
  1476   8576   5456  2   1161
  1480   1478   5459  2   1163
  5459   1478   5458  2   1163
  5459   5458   1479  2   1163
  1483   1481   5463  2   1165
  1483   5463   5464  2   1165
  5464   5463   1482  2   1165
  1486   1484   1485  2   1169
  1489   1487   1488  2   1171
  5849   1490   1491  2   1173
  5849   1491   5474  2   1173
  5849   5474   1492  2   1173
  1495   1493   5478  2   1175
  1495   5478   1494  2   1175
  1498   1496   1497  2   1178
  5491   1499   1500  2   1180
  5491   1500   1501  2   1180
  1504   1502   5483  2   1182
  5483   1502   1503  2   1182
  5487   1505   5484  2   1184
  5487   5484   1506  2   1184
  5487   1506   1507  2   1184
  1510   1508   5498  2   1189
  1510   5498   1509  2   1189
  1513   1511   1512  2   1191
  1516   1514   1515  2   1193
  5866   1517   1518  2   1195
  5866   1518   5499  2   1195
  5866   5499   5867  2   1195
  5867   5499   5500  2   1195
  5867   5500   1519  2   1195
  5890   1520   5502  2   1197
  5890   5502   8577  2   1197
  5890   8577   5891  2   1197
  5891   8577   1522  2   1197
  1522   8577   5503  2   1197
  5503   8577   5501  2   1197
  5503   5501   1521  2   1197
  5501   8577   5502  2   1197
  1525   1523   5505  2   1199
  5505   1523   5504  2   1199
  5505   5504   1524  2   1199
  5529   1526   5506  2   1201
  5529   5506   1527  2   1201
  5529   1527   5507  2   1201
  5529   5507   1528  2   1201
  5525   1529   5517  2   1203
  5525   5517   1530  2   1203
  5525   1530   5518  2   1203
  5525   5518   1531  2   1203
  1534   1532   5522  2   1205
  1534   5522   5523  2   1205
  5523   5522   1533  2   1205
  1537   1535   5530  2   1210
  5530   1535   1536  2   1210
  1540   1538   5537  2   1212
  1540   5537   1539  2   1212
  5903   1541   5540  2   1215
  5903   5540   5541  2   1215
  5903   5541   1543  2   1215
  5540   1541   1542  2   1215
  1546   1544   5543  2   1217
  1546   5543   5545  2   1217
  5545   5543   5542  2   1217
  5545   5542   5544  2   1217
  5544   5542   1545  2   1217
  5550   1547   1548  2   1220
  5550   1548   5548  2   1220
  5550   5548   1549  2   1220
  1552   1550   5554  2   1223
  1552   5554   5555  2   1223
  5555   5554   1551  2   1223
  5914   1553   5559  2   1225
  5914   5559   5560  2   1225
  5914   5560   1555  2   1225
  5560   5559   1554  2   1225
  1558   1556   5564  2   1227
  1558   5564   1557  2   1227
  1561   1559   5567  2   1229
  5567   1559   1560  2   1229
  1564   1562   5568  2   1231
  1564   5568   1563  2   1231
  5573   1565   1566  2   1234
  5573   1566   1567  2   1234
  5582   1568   5574  2   1237
  5582   5574   8578  2   1237
  5582   8578   5581  2   1237
  5581   8578   5575  2   1237
  5581   5575   1570  2   1237
  5575   8578   1569  2   1237
  1569   8578   5574  2   1237
  5579   1571   8579  2   1239
  5579   8579   5577  2   1239
  5579   5577   1573  2   1239
  5577   8579   5576  2   1239
  5577   5576   1572  2   1239
  5576   8579   1571  2   1239
  5934   1574   1575  2   1244
  5934   1575   5585  2   1244
  5934   5585   5935  2   1244
  5935   5585   5586  2   1244
  5935   5586   5936  2   1244
  5936   5586   1576  2   1244
  1579   1577   5598  2   1246
  5598   1577   5596  2   1246
  5598   5596   5597  2   1246
  5597   5596   5595  2   1246
  5597   5595   1578  2   1246
  8581   8580   8582  2   1248
  8583   8580   8581  2   1248
  8581   8582   8585  2   1248
  8585   8582   8586  2   1248
  8587   8583   8588  2   1248
  8583   8581   8588  2   1248
  8588   8581   8584  2   1248
  8584   8581   8585  2   1248
  1584   1580   8587  2   1248
  1584   8587   8588  2   1248
  1584   8588   8365  2   1248
  8365   8588   8584  2   1248
  8365   8584   8364  2   1248
  8364   8584   8585  2   1248
  8364   8585   1583  2   1248
  1583   8585   8586  2   1248
  1583   8586   5602  2   1248
  1583   5602   1582  2   1248
  5602   8586   5601  2   1248
  5601   8586   8582  2   1248
  5601   8582   8580  2   1248
  5601   8580   1581  2   1248
  1581   8580   5599  2   1248
  5599   8580   8583  2   1248
  5599   8583   8587  2   1248
  5599   8587   5600  2   1248
  5600   8587   1580  2   1248
  1587   1585   1589  2   1251
  1589   1585   8393  2   1251
  8393   1585   1584  2   1251
  8393   1584   3572  2   1251
  3572   1584   8589  2   1251
  3572   8589   8390  2   1251
  8390   8589   8365  2   1251
  8390   8365   8364  2   1251
  8390   8364   3571  2   1251
  3571   8364   1583  2   1251
  3571   1583   8392  2   1251
  8392   1583   1588  2   1251
  1588   1583   1586  2   1251
  8365   8589   1584  2   1251
  1592   1590   5605  2   1256
  5605   1590   1591  2   1256
  1595   1593   5606  2   1258
  1595   5606   1594  2   1258
  5958   1596   1597  2   1260
  5958   1597   5607  2   1260
  5958   5607   1598  2   1260
  1601   1599   5608  2   1262
  1601   5608   5609  2   1262
  5609   5608   1600  2   1262
  1604   1602   5618  2   1264
  5618   1602   5616  2   1264
  5618   5616   5617  2   1264
  5617   5616   1603  2   1264
  1607   1605   5622  2   1266
  5622   1605   5620  2   1266
  5622   5620   5621  2   1266
  5621   5620   5619  2   1266
  5621   5619   1606  2   1266
  5984   1608   1609  2   1269
  5984   1609   5625  2   1269
  5984   5625   1610  2   1269
  1613   1611   5628  2   1271
  5628   1611   5626  2   1271
  5628   5626   5627  2   1271
  5627   5626   1612  2   1271
  5631   1614   1615  2   1274
  5631   1615   1616  2   1274
  5986   1617   5632  2   1277
  5986   5632   1618  2   1277
  5986   1618   1619  2   1277
  5988   1620   5633  2   1279
  5988   5633   5634  2   1279
  5988   5634   1622  2   1279
  5633   1620   1621  2   1279
  1625   1623   5636  2   1281
  1625   5636   5635  2   1281
  1625   5635   5637  2   1281
  5637   5635   1624  2   1281
  1628   1626   5642  2   1283
  5642   1626   5641  2   1283
  5642   5641   1627  2   1283
  1631   1629   5644  2   1286
  5644   1629   1630  2   1286
  1634   1632   5645  2   1288
  1634   5645   1633  2   1288
  6010   1635   5646  2   1290
  6010   5646   1637  2   1290
  5646   1635   1636  2   1290
  6012   1638   5650  2   1292
  6012   5650   1640  2   1292
  5650   1638   5649  2   1292
  5649   1638   5647  2   1292
  5649   5647   5648  2   1292
  5648   5647   1639  2   1292
  1643   1641   5656  2   1294
  5656   1641   5653  2   1294
  5656   5653   5655  2   1294
  5655   5653   5652  2   1294
  5655   5652   5654  2   1294
  5654   5652   5651  2   1294
  5654   5651   1642  2   1294
  1646   1644   5659  2   1296
  1646   5659   5662  2   1296
  5662   5659   5658  2   1296
  5662   5658   5661  2   1296
  5661   5658   5657  2   1296
  5661   5657   5660  2   1296
  5660   5657   1645  2   1296
  7094   1647   5665  2   1298
  7094   5665   8591  2   1298
  7094   8591   7095  2   1298
  7095   8591   5667  2   1298
  7095   5667   1649  2   1298
  5667   8591   8590  2   1298
  5667   8590   5666  2   1298
  5666   8590   5663  2   1298
  5666   5663   1648  2   1298
  5663   8590   5664  2   1298
  5664   8590   8591  2   1298
  5664   8591   5665  2   1298
  5676   1650   8592  2   1300
  5676   8592   5672  2   1300
  5676   5672   1652  2   1300
  5672   8592   5671  2   1300
  5671   8592   5670  2   1300
  5670   8592   5668  2   1300
  5670   5668   1651  2   1300
  5668   8592   5669  2   1300
  5669   8592   1650  2   1300
  5683   1653   8593  2   1303
  5683   8593   5682  2   1303
  5682   8593   5679  2   1303
  5682   5679   1655  2   1303
  5679   8593   8594  2   1303
  5679   8594   5678  2   1303
  5678   8594   1654  2   1303
  1654   8594   5677  2   1303
  5677   8594   8593  2   1303
  5677   8593   1653  2   1303
  7089   1656   5685  2   1306
  7089   5685   8595  2   1306
  7089   8595   7088  2   1306
  7088   8595   5686  2   1306
  7088   5686   1658  2   1306
  5686   8595   1657  2   1306
  1657   8595   5684  2   1306
  5684   8595   5685  2   1306
  1661   1659   5690  2   1308
  1661   5690   5691  2   1308
  5691   5690   1660  2   1308
  6030   1662   5692  2   1310
  6030   5692   1664  2   1310
  1664   5692   1663  2   1310
  1667   1665   5693  2   1312
  5693   1665   1666  2   1312
  1670   1668   5694  2   1314
  1670   5694   1669  2   1314
  6080   1671   1672  2   1316
  6080   1672   5695  2   1316
  6080   5695   6081  2   1316
  6081   5695   5696  2   1316
  6081   5696   6082  2   1316
  6082   5696   5697  2   1316
  6082   5697   6083  2   1316
  6083   5697   1673  2   1316
  7084   1674   5700  2   1318
  7084   5700   7085  2   1318
  7085   5700   5699  2   1318
  7085   5699   8596  2   1318
  7085   8596   1676  2   1318
  1676   8596   5701  2   1318
  5701   8596   5698  2   1318
  5701   5698   1675  2   1318
  5698   8596   5699  2   1318
  5707   1677   5704  2   1320
  5707   5704   1679  2   1320
  5704   1677   5703  2   1320
  5703   1677   5702  2   1320
  5703   5702   1678  2   1320
  7083   1680   8598  2   1323
  7083   8598   8597  2   1323
  7083   8597   7082  2   1323
  7082   8597   5711  2   1323
  7082   5711   1682  2   1323
  5711   8597   5710  2   1323
  5710   8597   5709  2   1323
  5709   8597   8598  2   1323
  5709   8598   1681  2   1323
  1681   8598   5708  2   1323
  5708   8598   1680  2   1323
  5719   1683   5714  2   1325
  5719   5714   8599  2   1325
  5719   8599   1685  2   1325
  1685   8599   5716  2   1325
  5716   8599   5713  2   1325
  5716   5713   5712  2   1325
  5716   5712   5715  2   1325
  5715   5712   1684  2   1325
  5713   8599   5714  2   1325
  6095   1686   5723  2   1328
  6095   5723   6096  2   1328
  6096   5723   1687  2   1328
  6096   1687   1688  2   1328
  1691   1689   5724  2   1330
  5724   1689   1690  2   1330
  1694   1692   5726  2   1332
  5726   1692   5725  2   1332
  5726   5725   1693  2   1332
  6102   1695   1696  2   1336
  6102   1696   5738  2   1336
  6102   5738   1697  2   1336
  1700   1698   5739  2   1338
  1700   5739   5740  2   1338
  5740   5739   1699  2   1338
  5746   1701   5741  2   1340
  5746   5741   1702  2   1340
  5746   1702   1703  2   1340
  1706   1704   1705  2   1344
  1709   1707   1708  2   1346
  1712   1710   1711  2   1348
  1715   1713   1714  2   1351
  1718   1716   5753  2   1353
  5753   1716   1717  2   1353
  1721   1719   5754  2   1355
  1721   5754   1720  2   1355
  1724   1722   1723  2   1357
  1727   1725   1726  2   1361
  5772   1728   5767  2   1363
  5772   5767   5768  2   1363
  5772   5768   5771  2   1363
  5771   5768   1730  2   1363
  5767   1728   1729  2   1363
  5776   1731   5774  2   1366
  5776   5774   5773  2   1366
  5776   5773   5775  2   1366
  5775   5773   1732  2   1366
  5775   1732   1733  2   1366
  6169   1734   5778  2   1369
  6169   5778   6170  2   1369
  6170   5778   5777  2   1369
  6170   5777   6171  2   1369
  6171   5777   1735  2   1369
  6171   1735   1736  2   1369
  1739   1737   1738  2   1371
  1742   1740   1741  2   1373
  6173   1743   5779  2   1377
  6173   5779   1745  2   1377
  5779   1743   1744  2   1377
  5788   1746   5780  2   1379
  5788   5780   5781  2   1379
  5788   5781   1748  2   1379
  5781   5780   1747  2   1379
  5786   1749   5785  2   1381
  5786   5785   1751  2   1381
  1751   5785   1750  2   1381
  6179   1752   5789  2   1385
  6179   5789   1754  2   1385
  1754   5789   1753  2   1385
  5804   1755   5796  2   1387
  5804   5796   5797  2   1387
  5804   5797   5803  2   1387
  5803   5797   5798  2   1387
  5803   5798   5802  2   1387
  5802   5798   1757  2   1387
  5796   1755   1756  2   1387
  1760   1758   5807  2   1390
  1760   5807   5809  2   1390
  5809   5807   5806  2   1390
  5809   5806   5808  2   1390
  5808   5806   5805  2   1390
  5808   5805   1759  2   1390
  8601   8602   8604  2   1392
  8604   8602   8605  2   1392
  8602   8603   8605  2   1392
  2060   1761   5811  2   1392
  2060   5811   8605  2   1392
  2060   8605   8369  2   1392
  8369   8605   8603  2   1392
  8369   8603   8370  2   1392
  8370   8603   8602  2   1392
  8370   8602   8371  2   1392
  8371   8602   8600  2   1392
  8371   8600   2061  2   1392
  2061   8600   5813  2   1392
  2061   5813   1763  2   1392
  5813   8600   5812  2   1392
  5812   8600   8601  2   1392
  5812   8601   1762  2   1392
  1762   8601   8604  2   1392
  1762   8604   5810  2   1392
  5810   8604   8605  2   1392
  5810   8605   5811  2   1392
  8601   8600   8602  2   1392
  7070   1764   5815  2   1394
  7070   5815   7071  2   1394
  7071   5815   5814  2   1394
  7071   5814   1766  2   1394
  1766   5814   1765  2   1394
  7074   1767   5816  2   1396
  7074   5816   5817  2   1396
  7074   5817   7075  2   1396
  7075   5817   1769  2   1396
  5816   1767   1768  2   1396
  1772   1770   5819  2   1398
  1772   5819   5821  2   1398
  5821   5819   5818  2   1398
  5821   5818   5820  2   1398
  5820   5818   1771  2   1398
  5824   1773   1774  2   1401
  5824   1774   1775  2   1401
  1778   1776   5825  2   1404
  1778   5825   1777  2   1404
  1781   1779   5826  2   1406
  5826   1779   1780  2   1406
  1784   1782   5828  2   1408
  5828   1782   5827  2   1408
  5828   5827   1783  2   1408
  5838   1785   5829  2   1410
  5838   5829   1787  2   1410
  1787   5829   1786  2   1410
  5856   1788   5842  2   1413
  5856   5842   5843  2   1413
  5856   5843   1790  2   1413
  5843   5842   1789  2   1413
  1793   1791   5848  2   1415
  5848   1791   5847  2   1415
  5848   5847   1792  2   1415
  1796   1794   5857  2   1419
  1796   5857   1795  2   1419
  5870   1797   1798  2   1424
  5870   1798   8606  2   1424
  5870   8606   5869  2   1424
  5869   8606   5861  2   1424
  5869   5861   5868  2   1424
  5868   5861   1799  2   1424
  5861   8606   5860  2   1424
  5860   8606   1798  2   1424
  7078   1800   5873  2   1427
  7078   5873   5872  2   1427
  7078   5872   7079  2   1427
  7079   5872   5871  2   1427
  7079   5871   1802  2   1427
  1802   5871   1801  2   1427
  7058   1803   5874  2   1429
  7058   5874   5875  2   1429
  7058   5875   1805  2   1429
  5874   1803   1804  2   1429
  6216   1806   5877  2   1431
  6216   5877   1808  2   1431
  1808   5877   5876  2   1431
  1808   5876   1807  2   1431
  1811   1809   5878  2   1433
  5878   1809   1810  2   1433
  6226   1812   5879  2   1435
  6226   5879   1814  2   1435
  1814   5879   1813  2   1435
  5892   1815   1816  2   1437
  5892   1816   5886  2   1437
  5892   5886   1817  2   1437
  1820   1818   5889  2   1439
  5889   1818   5887  2   1439
  5889   5887   5888  2   1439
  5888   5887   1819  2   1439
  6235   1821   5893  2   1443
  6235   5893   1823  2   1443
  1823   5893   5894  2   1443
  5894   5893   1822  2   1443
  1826   1824   5896  2   1445
  5896   1824   5895  2   1445
  5896   5895   1825  2   1445
  1829   1827   5897  2   1447
  1829   5897   5898  2   1447
  5898   5897   1828  2   1447
  1832   1830   5900  2   1449
  5900   1830   5899  2   1449
  5900   5899   1831  2   1449
  1835   1833   5902  2   1451
  5902   1833   5901  2   1451
  5902   5901   1834  2   1451
  1838   1836   1837  2   1455
  1841   1839   1840  2   1457
  6246   1842   1843  2   1459
  6246   1843   5906  2   1459
  6246   5906   6247  2   1459
  6247   5906   1844  2   1459
  1847   1845   5907  2   1461
  1847   5907   5908  2   1461
  5908   5907   1846  2   1461
  5915   1848   8607  2   1463
  5915   8607   5913  2   1463
  5915   5913   1850  2   1463
  5913   8607   5912  2   1463
  5913   5912   1849  2   1463
  5912   8607   1848  2   1463
  6262   1851   5916  2   1466
  6262   5916   5917  2   1466
  6262   5917   1853  2   1466
  5917   5916   1852  2   1466
  1856   1854   5918  2   1468
  1856   5918   5919  2   1468
  5919   5918   1855  2   1468
  1859   1857   5921  2   1470
  5921   1857   5920  2   1470
  5921   5920   1858  2   1470
  1862   1860   5924  2   1472
  5924   1860   5922  2   1472
  5924   5922   5923  2   1472
  5923   5922   1861  2   1472
  5928   1863   5926  2   1474
  5928   5926   5925  2   1474
  5928   5925   5927  2   1474
  5927   5925   1864  2   1474
  5927   1864   1865  2   1474
  5937   1866   8608  2   1477
  5937   8608   5933  2   1477
  5937   5933   1868  2   1477
  5933   8608   5932  2   1477
  5932   8608   5931  2   1477
  5931   8608   5929  2   1477
  5931   5929   1867  2   1477
  5929   8608   5930  2   1477
  5930   8608   1866  2   1477
  1871   1869   5941  2   1480
  1871   5941   5942  2   1480
  5942   5941   1870  2   1480
  6286   1872   5945  2   1482
  6286   5945   5946  2   1482
  6286   5946   1874  2   1482
  5945   1872   8609  2   1482
  5945   8609   5944  2   1482
  5944   8609   5943  2   1482
  5944   5943   1873  2   1482
  5943   8609   1872  2   1482
  6300   1875   5949  2   1484
  6300   5949   5948  2   1484
  6300   5948   1877  2   1484
  1877   5948   5950  2   1484
  5950   5948   5947  2   1484
  5950   5947   1876  2   1484
  1880   1878   5954  2   1486
  1880   5954   1879  2   1486
  5959   1881   5957  2   1489
  5959   5957   1883  2   1489
  5957   1881   1882  2   1489
  6306   1884   5960  2   1492
  6306   5960   1885  2   1492
  6306   1885   1886  2   1492
  1889   1887   1888  2   1494
  1892   1890   1891  2   1496
  1895   1893   1894  2   1498
  6321   1896   1897  2   1502
  6321   1897   1898  2   1502
  6330   1899   1900  2   1504
  6330   1900   5975  2   1504
  6330   5975   1901  2   1504
  5991   1902   8366  2   1506
  5991   8366   8367  2   1506
  5991   8367   5990  2   1506
  5990   8367   8368  2   1506
  5990   8368   5989  2   1506
  5989   8368   1906  2   1506
  5989   1906   1904  2   1506
  8366   1902   5976  2   1506
  8366   5976   1905  2   1506
  1905   5976   1903  2   1506
  5987   1907   1906  2   1508
  5987   1906   8368  2   1508
  5987   8368   1909  2   1508
  1909   8368   5979  2   1508
  5979   8368   8367  2   1508
  5979   8367   8610  2   1508
  5979   8610   5978  2   1508
  5978   8610   8366  2   1508
  5978   8366   5977  2   1508
  5977   8366   1905  2   1508
  5977   1905   1908  2   1508
  8366   8610   8367  2   1508
  5985   1910   5982  2   1511
  5985   5982   5981  2   1511
  5985   5981   1912  2   1511
  1912   5981   8611  2   1511
  1912   8611   5983  2   1511
  5983   8611   5980  2   1511
  5983   5980   1911  2   1511
  5980   8611   5981  2   1511
  6351   1913   5994  2   1516
  6351   5994   5993  2   1516
  6351   5993   6352  2   1516
  6352   5993   5992  2   1516
  6352   5992   1915  2   1516
  1915   5992   1914  2   1516
  1918   1916   5995  2   1518
  5995   1916   1917  2   1518
  1921   1919   6002  2   1520
  1921   6002   1920  2   1520
  6367   1922   6006  2   1523
  6367   6006   1924  2   1523
  6006   1922   6005  2   1523
  6005   1922   1923  2   1523
  1927   1925   6008  2   1525
  1927   6008   6007  2   1525
  1927   6007   6009  2   1525
  6009   6007   1926  2   1525
  1930   1928   6011  2   1528
  6011   1928   1929  2   1528
  1933   1931   1932  2   1531
  1936   1934   1935  2   1533
  1939   1937   6019  2   1535
  6019   1937   1938  2   1535
  6377   1940   6020  2   1537
  6377   6020   6021  2   1537
  6377   6021   1942  2   1537
  6021   6020   1941  2   1537
  7050   1943   6022  2   1539
  7050   6022   7051  2   1539
  7051   6022   1944  2   1539
  7051   1944   1945  2   1539
  6032   1946   1947  2   1541
  6032   1947   6027  2   1541
  6032   6027   6031  2   1541
  6031   6027   1948  2   1541
  1951   1949   6028  2   1543
  1951   6028   6029  2   1543
  6029   6028   1950  2   1543
  1954   1952   6034  2   1547
  1954   6034   6035  2   1547
  6035   6034   6033  2   1547
  6035   6033   1953  2   1547
  7055   1955   8613  2   1549
  7055   8613   6038  2   1549
  7055   6038   1957  2   1549
  6038   8613   8612  2   1549
  6038   8612   6037  2   1549
  6037   8612   1956  2   1549
  1956   8612   6036  2   1549
  6036   8612   8613  2   1549
  6036   8613   1955  2   1549
  1960   1958   6042  2   1551
  6042   1958   6040  2   1551
  6042   6040   6041  2   1551
  6041   6040   6039  2   1551
  6041   6039   1959  2   1551
  1963   1961   6046  2   1553
  6046   1961   6044  2   1553
  6046   6044   6045  2   1553
  6045   6044   6043  2   1553
  6045   6043   1962  2   1553
  1966   1964   6051  2   1555
  6051   1964   6048  2   1555
  6051   6048   6050  2   1555
  6050   6048   6047  2   1555
  6050   6047   6049  2   1555
  6049   6047   1965  2   1555
  1969   1967   6054  2   1557
  1969   6054   6056  2   1557
  6056   6054   6053  2   1557
  6056   6053   6055  2   1557
  6055   6053   6052  2   1557
  6055   6052   1968  2   1557
  6415   1970   6058  2   1559
  6415   6058   8615  2   1559
  6415   8615   6416  2   1559
  6416   8615   8614  2   1559
  6416   8614   6417  2   1559
  6417   8614   8616  2   1559
  6417   8616   6059  2   1559
  6417   6059   1972  2   1559
  6059   8616   1971  2   1559
  1971   8616   6057  2   1559
  6057   8616   8614  2   1559
  6057   8614   8615  2   1559
  6057   8615   6058  2   1559
  6425   1973   6065  2   1561
  6425   6065   6066  2   1561
  6425   6066   1975  2   1561
  6065   1973   6064  2   1561
  6064   1973   6063  2   1561
  6064   6063   1974  2   1561
  6073   1976   6069  2   1563
  6073   6069   6068  2   1563
  6073   6068   6072  2   1563
  6072   6068   6067  2   1563
  6072   6067   1978  2   1563
  1978   6067   1977  2   1563
  6084   1979   8617  2   1566
  6084   8617   6079  2   1566
  6084   6079   1981  2   1566
  6079   8617   6078  2   1566
  6078   8617   8618  2   1566
  6078   8618   6077  2   1566
  6077   8618   6076  2   1566
  6076   8618   6074  2   1566
  6076   6074   1980  2   1566
  6074   8618   6075  2   1566
  6075   8618   8617  2   1566
  6075   8617   1979  2   1566
  1984   1982   6089  2   1569
  6089   1982   6088  2   1569
  6089   6088   1983  2   1569
  6453   1985   6090  2   1571
  6453   6090   1987  2   1571
  1987   6090   1986  2   1571
  1990   1988   6091  2   1573
  6091   1988   1989  2   1573
  1993   1991   6092  2   1575
  1993   6092   1992  2   1575
  6097   1994   6094  2   1577
  6097   6094   1996  2   1577
  6094   1994   6093  2   1577
  6093   1994   1995  2   1577
  1999   1997   6099  2   1580
  6099   1997   6098  2   1580
  6099   6098   1998  2   1580
  7039   2000   6100  2   1582
  7039   6100   2002  2   1582
  2002   6100   2001  2   1582
  6103   2003   2004  2   1584
  6103   2004   6101  2   1584
  6103   6101   2005  2   1584
  7035   2006   6110  2   1587
  7035   6110   2008  2   1587
  6110   2006   6109  2   1587
  6109   2006   6107  2   1587
  6109   6107   6108  2   1587
  6108   6107   2007  2   1587
  6460   2009   6113  2   1589
  6460   6113   8620  2   1589
  6460   8620   2011  2   1589
  2011   8620   8619  2   1589
  2011   8619   6115  2   1589
  6115   8619   6111  2   1589
  6115   6111   6114  2   1589
  6114   6111   2010  2   1589
  6111   8619   6112  2   1589
  6112   8619   8620  2   1589
  6112   8620   6113  2   1589
  6462   2012   6117  2   1591
  6462   6117   6118  2   1591
  6462   6118   2014  2   1591
  6118   6117   6116  2   1591
  6118   6116   2013  2   1591
  6143   2015   6119  2   1593
  6143   6119   6142  2   1593
  6142   6119   2016  2   1593
  6142   2016   2017  2   1593
  2020   2018   2019  2   1595
  2023   2021   2022  2   1598
  7033   2024   6149  2   1602
  7033   6149   6148  2   1602
  7033   6148   7034  2   1602
  7034   6148   2025  2   1602
  7034   2025   6150  2   1602
  7034   6150   2026  2   1602
  7032   2027   6157  2   1604
  7032   6157   2028  2   1604
  7032   2028   6158  2   1604
  7032   6158   7031  2   1604
  7031   6158   6159  2   1604
  7031   6159   2029  2   1604
  6174   2030   8621  2   1606
  6174   8621   6163  2   1606
  6174   6163   2032  2   1606
  6163   8621   6162  2   1606
  6162   8621   6161  2   1606
  6162   6161   6160  2   1606
  6162   6160   2031  2   1606
  6161   8621   2030  2   1606
  6172   2033   8622  2   1608
  6172   8622   2035  2   1608
  2035   8622   6168  2   1608
  6168   8622   8623  2   1608
  6168   8623   6167  2   1608
  6167   8623   6164  2   1608
  6167   6164   6166  2   1608
  6166   6164   2034  2   1608
  6164   8623   6165  2   1608
  6165   8623   8622  2   1608
  6165   8622   2033  2   1608
  2038   2036   6175  2   1612
  2038   6175   2037  2   1612
  2041   2039   6176  2   1614
  6176   2039   2040  2   1614
  6181   2042   6177  2   1616
  6181   6177   2043  2   1616
  6181   2043   6178  2   1616
  6181   6178   6180  2   1616
  6180   6178   2044  2   1616
  6189   2045   6183  2   1619
  6189   6183   6188  2   1619
  6188   6183   6182  2   1619
  6188   6182   2047  2   1619
  2047   6182   2046  2   1619
  8625   8624   8626  2   1622
  6489   2048   8624  2   1622
  6489   8624   8625  2   1622
  6489   8625   6490  2   1622
  6490   8625   6194  2   1622
  6490   6194   2050  2   1622
  6194   8625   6193  2   1622
  6193   8625   8626  2   1622
  6193   8626   6192  2   1622
  6192   8626   6190  2   1622
  6192   6190   2049  2   1622
  6190   8626   8624  2   1622
  6190   8624   6191  2   1622
  6191   8624   2048  2   1622
  6518   2051   6197  2   1624
  6518   6197   6196  2   1624
  6518   6196   6519  2   1624
  6519   6196   6195  2   1624
  6519   6195   2053  2   1624
  2053   6195   2052  2   1624
  6521   2054   6198  2   1626
  6521   6198   2056  2   1626
  6198   2054   2055  2   1626
  6205   2057   8369  2   1628
  6205   8369   8370  2   1628
  6205   8370   6204  2   1628
  6204   8370   8371  2   1628
  6204   8371   6203  2   1628
  6203   8371   2061  2   1628
  6203   2061   2059  2   1628
  8369   2057   6202  2   1628
  8369   6202   2060  2   1628
  2060   6202   2058  2   1628
  6524   2062   6208  2   1632
  6524   6208   8629  2   1632
  6524   8629   6525  2   1632
  6525   8629   8628  2   1632
  6525   8628   2064  2   1632
  2064   8628   6210  2   1632
  6210   8628   8627  2   1632
  6210   8627   6209  2   1632
  6209   8627   6206  2   1632
  6209   6206   2063  2   1632
  6206   8627   6207  2   1632
  6207   8627   8629  2   1632
  6207   8629   6208  2   1632
  8629   8627   8628  2   1632
  6217   2065   6212  2   1634
  6217   6212   8630  2   1634
  6217   8630   2067  2   1634
  2067   8630   6213  2   1634
  6213   8630   6211  2   1634
  6213   6211   2066  2   1634
  6211   8630   6212  2   1634
  2070   2068   6214  2   1636
  2070   6214   6215  2   1636
  6215   6214   2069  2   1636
  2073   2071   6220  2   1640
  6220   2071   6218  2   1640
  6220   6218   6219  2   1640
  6219   6218   2072  2   1640
  2076   2074   6222  2   1642
  2076   6222   6223  2   1642
  6223   6222   6221  2   1642
  6223   6221   2075  2   1642
  6546   2077   6224  2   1644
  6546   6224   6547  2   1644
  6547   6224   2078  2   1644
  6547   2078   2079  2   1644
  2082   2080   6225  2   1646
  6225   2080   2081  2   1646
  2085   2083   6227  2   1649
  6227   2083   2084  2   1649
  2088   2086   6229  2   1651
  6229   2086   6228  2   1651
  6229   6228   2087  2   1651
  2091   2089   6233  2   1653
  2091   6233   6234  2   1653
  6234   6233   2090  2   1653
  2094   2092   2093  2   1658
  6557   2095   6236  2   1660
  6557   6236   6237  2   1660
  6557   6237   2097  2   1660
  6236   2095   2096  2   1660
  2100   2098   6241  2   1662
  6241   2098   6239  2   1662
  6241   6239   6240  2   1662
  6240   6239   6238  2   1662
  6240   6238   2099  2   1662
  2103   2101   2102  2   1665
  2106   2104   6248  2   1667
  6248   2104   2105  2   1667
  2109   2107   6249  2   1669
  2109   6249   2108  2   1669
  2112   2110   6250  2   1671
  6250   2110   2111  2   1671
  6256   2113   6251  2   1673
  6256   6251   2114  2   1673
  6256   2114   2115  2   1673
  2118   2116   6258  2   1676
  6258   2116   6257  2   1676
  6258   6257   2117  2   1676
  2121   2119   2120  2   1679
  2124   2122   2123  2   1681
  2127   2125   2126  2   1685
  6592   2128   2129  2   1687
  6592   2129   6593  2   1687
  6593   2129   6269  2   1687
  6593   6269   2130  2   1687
  2133   2131   6271  2   1689
  6271   2131   6270  2   1689
  6271   6270   2132  2   1689
  2136   2134   6274  2   1691
  6274   2134   6272  2   1691
  6274   6272   6273  2   1691
  6273   6272   2135  2   1691
  6630   2137   6276  2   1693
  6630   6276   6275  2   1693
  6630   6275   2139  2   1693
  2139   6275   2138  2   1693
  6287   2140   6279  2   1695
  6287   6279   2142  2   1695
  6279   2140   2141  2   1695
  6632   2143   6288  2   1698
  6632   6288   2144  2   1698
  6632   2144   2145  2   1698
  6652   2146   6297  2   1700
  6652   6297   2148  2   1700
  6297   2146   2147  2   1700
  6301   2149   6298  2   1702
  6301   6298   8631  2   1702
  6301   8631   6299  2   1702
  6301   6299   2151  2   1702
  6299   8631   2150  2   1702
  2150   8631   6298  2   1702
  2154   2152   6303  2   1705
  6303   2152   6302  2   1705
  6303   6302   2153  2   1705
  2157   2155   6304  2   1707
  2157   6304   6305  2   1707
  6305   6304   2156  2   1707
  6657   2158   6307  2   1710
  6657   6307   2160  2   1710
  6307   2158   2159  2   1710
  2163   2161   6311  2   1712
  2163   6311   2162  2   1712
  6314   2164   2165  2   1714
  6314   2165   2166  2   1714
  2169   2167   6315  2   1717
  2169   6315   6316  2   1717
  6316   6315   2168  2   1717
  2172   2170   6318  2   1719
  6318   2170   6317  2   1719
  6318   6317   2171  2   1719
  6323   2173   6319  2   1721
  6323   6319   8632  2   1721
  6323   8632   6322  2   1721
  6322   8632   6320  2   1721
  6322   6320   2175  2   1721
  6320   8632   2174  2   1721
  2174   8632   6319  2   1721
  6333   2176   6325  2   1724
  6333   6325   8633  2   1724
  6333   8633   6332  2   1724
  6332   8633   6331  2   1724
  6331   8633   6326  2   1724
  6331   6326   2178  2   1724
  6326   8633   2177  2   1724
  2177   8633   6324  2   1724
  6324   8633   6325  2   1724
  6817   2179   6336  2   1727
  6817   6336   6335  2   1727
  6817   6335   6818  2   1727
  6818   6335   6334  2   1727
  6818   6334   2181  2   1727
  2181   6334   2180  2   1727
  2184   2182   6337  2   1729
  6337   2182   2183  2   1729
  6845   2185   8634  2   1731
  6845   8634   6846  2   1731
  6846   8634   2189  2   1731
  6846   2189   6847  2   1731
  6847   2189   6339  2   1731
  6847   6339   2187  2   1731
  2189   8634   8372  2   1731
  8372   8634   8635  2   1731
  8372   8635   2188  2   1731
  2188   8635   6341  2   1731
  6341   8635   6338  2   1731
  6341   6338   2186  2   1731
  6338   8635   8634  2   1731
  6338   8634   2185  2   1731
  6868   2190   6340  2   1733
  6868   6340   8636  2   1733
  6868   8636   2192  2   1733
  2192   8636   8637  2   1733
  2192   8637   6344  2   1733
  6344   8637   2188  2   1733
  6344   2188   6342  2   1733
  6344   6342   6343  2   1733
  6343   6342   2191  2   1733
  2188   8637   8372  2   1733
  8372   8637   2189  2   1733
  2189   8637   8636  2   1733
  2189   8636   6340  2   1733
  2195   2193   6346  2   1736
  2195   6346   6347  2   1736
  6347   6346   6345  2   1736
  6347   6345   2194  2   1736
  6353   2196   8638  2   1738
  6353   8638   6350  2   1738
  6353   6350   2198  2   1738
  6350   8638   6349  2   1738
  6349   8638   6348  2   1738
  6349   6348   2197  2   1738
  6348   8638   2196  2   1738
  6355   2199   6354  2   1741
  6355   6354   2201  2   1741
  2201   6354   2200  2   1741
  6874   2202   6356  2   1744
  6874   6356   6357  2   1744
  6874   6357   2204  2   1744
  6357   6356   2203  2   1744
  2207   2205   6358  2   1746
  2207   6358   6359  2   1746
  6359   6358   2206  2   1746
  2210   2208   6364  2   1748
  6364   2208   6363  2   1748
  6364   6363   2209  2   1748
  2213   2211   6365  2   1750
  2213   6365   6366  2   1750
  6366   6365   2212  2   1750
  2216   2214   2215  2   1755
  6378   2217   6376  2   1758
  6378   6376   2219  2   1758
  6376   2217   2218  2   1758
  2222   2220   6379  2   1761
  2222   6379   2221  2   1761
  2225   2223   2224  2   1763
  6388   2226   2227  2   1765
  6388   2227   2228  2   1765
  2231   2229   6389  2   1768
  2231   6389   2230  2   1768
  2234   2232   2233  2   1770
  2237   2235   2236  2   1772
  6911   2238   2239  2   1774
  6911   2239   6406  2   1774
  6911   6406   2564  2   1774
  2564   6406   6407  2   1774
  2564   6407   8376  2   1774
  8376   6407   2565  2   1774
  2565   6407   6408  2   1774
  2565   6408   6909  2   1774
  6909   6408   2240  2   1774
  6921   2241   8640  2   1776
  6921   8640   8639  2   1776
  6921   8639   2245  2   1776
  6921   2245   2243  2   1776
  2245   8639   8375  2   1776
  8375   8639   8640  2   1776
  8375   8640   8374  2   1776
  8374   8640   8642  2   1776
  8374   8642   8373  2   1776
  8373   8642   8641  2   1776
  8373   8641   2244  2   1776
  2244   8641   6409  2   1776
  2244   6409   2242  2   1776
  6409   8641   6410  2   1776
  6410   8641   8642  2   1776
  6410   8642   6411  2   1776
  6411   8642   8640  2   1776
  6411   8640   2241  2   1776
  6418   2246   2245  2   1778
  6418   2245   8375  2   1778
  6418   8375   2248  2   1778
  2248   8375   8374  2   1778
  2248   8374   6414  2   1778
  6414   8374   8373  2   1778
  6414   8373   6413  2   1778
  6413   8373   6412  2   1778
  6412   8373   2244  2   1778
  6412   2244   2247  2   1778
  2251   2249   6419  2   1782
  2251   6419   6420  2   1782
  6420   6419   2250  2   1782
  2254   2252   6422  2   1784
  6422   2252   6421  2   1784
  6422   6421   2253  2   1784
  2257   2255   6424  2   1786
  6424   2255   6423  2   1786
  6424   6423   2256  2   1786
  2260   2258   2259  2   1790
  2263   2261   2262  2   1792
  6943   2264   6428  2   1794
  6943   6428   6429  2   1794
  6943   6429   6944  2   1794
  6944   6429   6430  2   1794
  6944   6430   6945  2   1794
  6945   6430   6431  2   1794
  6945   6431   2266  2   1794
  6428   2264   2265  2   1794
  8645   8643   8646  2   1796
  8643   8644   8646  2   1796
  8646   8644   8647  2   1796
  8645   8646   8649  2   1796
  8646   8647   8649  2   1796
  8647   8648   8649  2   1796
  7026   2267   6435  2   1796
  7026   6435   8644  2   1796
  7026   8644   8643  2   1796
  7026   8643   7027  2   1796
  7027   8643   7028  2   1796
  7028   8643   8645  2   1796
  7028   8645   2269  2   1796
  2269   8645   6437  2   1796
  6437   8645   8649  2   1796
  6437   8649   6436  2   1796
  6436   8649   8648  2   1796
  6436   8648   2268  2   1796
  2268   8648   6432  2   1796
  6432   8648   8647  2   1796
  6432   8647   6433  2   1796
  6433   8647   6434  2   1796
  6434   8647   8644  2   1796
  6434   8644   6435  2   1796
  2272   2270   6441  2   1798
  6441   2270   6439  2   1798
  6441   6439   6440  2   1798
  6440   6439   6438  2   1798
  6440   6438   2271  2   1798
  6454   2273   6443  2   1800
  6454   6443   8650  2   1800
  6454   8650   2275  2   1800
  2275   8650   6444  2   1800
  6444   8650   6442  2   1800
  6444   6442   2274  2   1800
  6442   8650   6443  2   1800
  2278   2276   6451  2   1802
  2278   6451   6452  2   1802
  6452   6451   2277  2   1802
  2281   2279   6459  2   1806
  6459   2279   6458  2   1806
  6459   6458   2280  2   1806
  6463   2282   2283  2   1809
  6463   2283   6461  2   1809
  6463   6461   2284  2   1809
  7030   2285   6464  2   1812
  7030   6464   2287  2   1812
  2287   6464   2286  2   1812
  2290   2288   6465  2   1814
  6465   2288   2289  2   1814
  2293   2291   6466  2   1816
  2293   6466   2292  2   1816
  7029   2294   6472  2   1820
  7029   6472   2296  2   1820
  6472   2294   6471  2   1820
  6471   2294   2295  2   1820
  6492   2297   6474  2   1822
  6492   6474   8651  2   1822
  6492   8651   8652  2   1822
  6492   8652   6491  2   1822
  6491   8652   6476  2   1822
  6491   6476   2299  2   1822
  6476   8652   6475  2   1822
  6475   8652   8651  2   1822
  6475   8651   6473  2   1822
  6475   6473   2298  2   1822
  6473   8651   6474  2   1822
  7019   2300   6494  2   1825
  7019   6494   7018  2   1825
  7018   6494   6493  2   1825
  7018   6493   7017  2   1825
  7017   6493   2301  2   1825
  7017   2301   2302  2   1825
  2305   2303   6497  2   1827
  6497   2303   2304  2   1827
  2308   2306   6501  2   1829
  2308   6501   2307  2   1829
  6527   2309   6502  2   1831
  6527   6502   6503  2   1831
  6527   6503   6526  2   1831
  6526   6503   6504  2   1831
  6526   6504   2311  2   1831
  6502   2309   2310  2   1831
  2314   2312   6507  2   1833
  2314   6507   6509  2   1833
  6509   6507   6506  2   1833
  6509   6506   6508  2   1833
  6508   6506   6505  2   1833
  6508   6505   2313  2   1833
  8653   8654   8655  2   1835
  6523   2315   8653  2   1835
  6523   8653   8655  2   1835
  6523   8655   6522  2   1835
  6522   8655   6513  2   1835
  6522   6513   2317  2   1835
  6513   8655   6512  2   1835
  6512   8655   8654  2   1835
  6512   8654   6510  2   1835
  6512   6510   2316  2   1835
  6510   8654   6511  2   1835
  6511   8654   8653  2   1835
  6511   8653   2315  2   1835
  6520   2318   6515  2   1837
  6520   6515   6517  2   1837
  6520   6517   2320  2   1837
  6517   6515   6514  2   1837
  6517   6514   6516  2   1837
  6516   6514   2319  2   1837
  6531   2321   6529  2   1843
  6531   6529   6530  2   1843
  6530   6529   6528  2   1843
  6530   6528   2323  2   1843
  2323   6528   2322  2   1843
  2326   2324   8656  2   1846
  2326   8656   6535  2   1846
  6535   8656   6534  2   1846
  6534   8656   6532  2   1846
  6534   6532   2325  2   1846
  6532   8656   6533  2   1846
  6533   8656   2324  2   1846
  6952   2327   6541  2   1848
  6952   6541   6540  2   1848
  6952   6540   6953  2   1848
  6953   6540   2328  2   1848
  6953   2328   2329  2   1848
  6549   2330   2331  2   1850
  6549   2331   6544  2   1850
  6549   6544   6548  2   1850
  6548   6544   6545  2   1850
  6548   6545   2332  2   1850
  6553   2333   6551  2   1853
  6553   6551   6550  2   1853
  6553   6550   6552  2   1853
  6552   6550   2334  2   1853
  6552   2334   2335  2   1853
  6558   2336   6555  2   1856
  6558   6555   6554  2   1856
  6558   6554   6556  2   1856
  6558   6556   2338  2   1856
  6556   6554   2337  2   1856
  6560   2339   6559  2   1859
  6560   6559   2341  2   1859
  2341   6559   2340  2   1859
  6562   2342   6561  2   1862
  6562   6561   2343  2   1862
  6562   2343   2344  2   1862
  6960   2345   8658  2   1865
  6960   8658   6961  2   1865
  6961   8658   6566  2   1865
  6961   6566   2347  2   1865
  6566   8658   6565  2   1865
  6565   8658   8657  2   1865
  6565   8657   6564  2   1865
  6564   8657   2346  2   1865
  2346   8657   6563  2   1865
  6563   8657   8658  2   1865
  6563   8658   2345  2   1865
  6574   2348   6569  2   1867
  6574   6569   6573  2   1867
  6573   6569   6568  2   1867
  6573   6568   6572  2   1867
  6572   6568   6567  2   1867
  6572   6567   2350  2   1867
  2350   6567   2349  2   1867
  8659   8660   8662  2   1870
  6975   2351   8659  2   1870
  6975   8659   8662  2   1870
  6975   8662   6976  2   1870
  6976   8662   2353  2   1870
  2353   8662   6579  2   1870
  6579   8662   8661  2   1870
  6579   8661   6578  2   1870
  6578   8661   6575  2   1870
  6578   6575   2352  2   1870
  6575   8661   6576  2   1870
  6576   8661   8660  2   1870
  6576   8660   6577  2   1870
  6577   8660   8659  2   1870
  6577   8659   2351  2   1870
  8660   8661   8662  2   1870
  6587   2354   6581  2   1872
  6587   6581   6580  2   1872
  6587   6580   6586  2   1872
  6586   6580   2355  2   1872
  6586   2355   2356  2   1872
  2359   2357   2358  2   1874
  8665   8663   8666  2   1878
  6596   2360   8664  2   1878
  6596   8664   8665  2   1878
  6596   8665   6595  2   1878
  6595   8665   8666  2   1878
  6595   8666   6594  2   1878
  6594   8666   6591  2   1878
  6594   6591   2362  2   1878
  6591   8666   6590  2   1878
  6590   8666   8663  2   1878
  6590   8663   2361  2   1878
  2361   8663   6588  2   1878
  6588   8663   8665  2   1878
  6588   8665   8664  2   1878
  6588   8664   6589  2   1878
  6589   8664   2360  2   1878
  6980   2363   8667  2   1881
  6980   8667   8668  2   1881
  6980   8668   2365  2   1881
  2365   8668   6602  2   1881
  6602   8668   6601  2   1881
  6601   8668   8669  2   1881
  6601   8669   8670  2   1881
  6601   8670   6600  2   1881
  6600   8670   6597  2   1881
  6600   6597   2364  2   1881
  6597   8670   6598  2   1881
  6598   8670   8669  2   1881
  6598   8669   6599  2   1881
  6599   8669   8668  2   1881
  6599   8668   8667  2   1881
  6599   8667   2363  2   1881
  7016   2366   6605  2   1883
  7016   6605   6604  2   1883
  7016   6604   2368  2   1883
  2368   6604   6606  2   1883
  6606   6604   6603  2   1883
  6606   6603   2367  2   1883
  6608   2369   6607  2   1885
  6608   6607   2371  2   1885
  2371   6607   2370  2   1885
  6610   2372   6609  2   1888
  6610   6609   2373  2   1888
  6610   2373   2374  2   1888
  2377   2375   6613  2   1891
  6613   2375   6611  2   1891
  6613   6611   6612  2   1891
  6612   6611   2376  2   1891
  2380   2378   6617  2   1893
  6617   2378   6615  2   1893
  6617   6615   6616  2   1893
  6616   6615   6614  2   1893
  6616   6614   2379  2   1893
  6821   2381   6619  2   1895
  6821   6619   6822  2   1895
  6822   6619   6618  2   1895
  6822   6618   2383  2   1895
  2383   6618   2382  2   1895
  6793   2384   6620  2   1897
  6793   6620   2386  2   1897
  6620   2384   2385  2   1897
  6634   2387   6624  2   1899
  6634   6624   6633  2   1899
  6633   6624   2388  2   1899
  6633   2388   2389  2   1899
  6631   2390   2391  2   1901
  6631   2391   6629  2   1901
  6631   6629   2392  2   1901
  2395   2393   8671  2   1905
  2395   8671   6638  2   1905
  6638   8671   6637  2   1905
  6637   8671   6635  2   1905
  6637   6635   2394  2   1905
  6635   8671   6636  2   1905
  6636   8671   2393  2   1905
  2398   2396   6646  2   1907
  6646   2396   6644  2   1907
  6646   6644   6645  2   1907
  6645   6644   6643  2   1907
  6645   6643   2397  2   1907
  6653   2399   6648  2   1909
  6653   6648   2401  2   1909
  2401   6648   6647  2   1909
  2401   6647   6649  2   1909
  6649   6647   2400  2   1909
  2404   2402   6650  2   1911
  2404   6650   6651  2   1911
  6651   6650   2403  2   1911
  2407   2405   2406  2   1916
  2410   2408   6660  2   1918
  6660   2408   2409  2   1918
  2413   2411   6667  2   1920
  2413   6667   2412  2   1920
  2416   2414   2415  2   1922
  6717   2417   2418  2   1925
  6717   2418   2419  2   1925
  2422   2420   2421  2   1927
  2425   2423   2424  2   1929
  2428   2426   2427  2   1933
  2431   2429   2430  2   1935
  2434   2432   2433  2   1937
  2437   2435   2436  2   1940
  2440   2438   2439  2   1942
  2443   2441   2442  2   1945
  2446   2444   2445  2   1947
  2449   2447   2448  2   1949
  2452   2450   2451  2   1952
  2455   2453   2454  2   1955
  2458   2456   2457  2   1957
  2461   2459   6716  2   1959
  6716   2459   2460  2   1959
  6724   2462   2463  2   1962
  6724   2463   2464  2   1962
  2467   2465   6726  2   1965
  6726   2465   6725  2   1965
  6726   6725   2466  2   1965
  2470   2468   6730  2   1967
  2470   6730   6731  2   1967
  6731   6730   2469  2   1967
  2473   2471   6732  2   1969
  2473   6732   2472  2   1969
  6784   2474   2475  2   1973
  6784   2475   2476  2   1973
  2479   2477   2478  2   1975
  6749   2480   2481  2   1978
  6749   2481   2482  2   1978
  6792   2483   6750  2   1981
  6792   6750   6751  2   1981
  6792   6751   2485  2   1981
  6751   6750   2484  2   1981
  6785   2486   6767  2   1983
  6785   6767   6768  2   1983
  6785   6768   2488  2   1983
  6768   6767   2487  2   1983
  2491   2489   6769  2   1985
  2491   6769   2490  2   1985
  2494   2492   2493  2   1988
  6780   2495   2496  2   1991
  6780   2496   2497  2   1991
  6820   2498   6794  2   1996
  6820   6794   8673  2   1996
  6820   8673   8672  2   1996
  6820   8672   6819  2   1996
  6819   8672   6796  2   1996
  6819   6796   2500  2   1996
  6796   8672   6795  2   1996
  6795   8672   8673  2   1996
  6795   8673   2499  2   1996
  2499   8673   6794  2   1996
  2503   2501   6816  2   1998
  6816   2501   6814  2   1998
  6816   6814   6815  2   1998
  6815   6814   6813  2   1998
  6815   6813   2502  2   1998
  2506   2504   6823  2   2003
  6823   2504   2505  2   2003
  2509   2507   6829  2   2005
  6829   2507   6828  2   2005
  6828   2507   6827  2   2005
  6828   6827   2508  2   2005
  8674   8675   8677  2   2007
  8677   8675   8678  2   2007
  8675   8676   8678  2   2007
  8677   8678   8680  2   2007
  8678   8679   8680  2   2007
  6850   2510   8674  2   2007
  6850   8674   8677  2   2007
  6850   8677   8680  2   2007
  6850   8680   6849  2   2007
  6849   8680   8679  2   2007
  6849   8679   6848  2   2007
  6848   8679   2512  2   2007
  2512   8679   6834  2   2007
  6834   8679   8678  2   2007
  6834   8678   6833  2   2007
  6833   8678   8676  2   2007
  6833   8676   6832  2   2007
  6832   8676   8675  2   2007
  6832   8675   2511  2   2007
  2511   8675   6830  2   2007
  6830   8675   8674  2   2007
  6830   8674   6831  2   2007
  6831   8674   2510  2   2007
  6992   2513   6853  2   2010
  6992   6853   6852  2   2010
  6992   6852   6993  2   2010
  6993   6852   6851  2   2010
  6993   6851   6994  2   2010
  6994   6851   2514  2   2010
  6994   2514   2515  2   2010
  2518   2516   6856  2   2012
  6856   2516   2517  2   2012
  2521   2519   6857  2   2014
  2521   6857   2520  2   2014
  6880   2522   6862  2   2016
  6880   6862   2524  2   2016
  6862   2522   2523  2   2016
  6869   2525   6866  2   2018
  6869   6866   6867  2   2018
  6869   6867   2527  2   2018
  6867   6866   2526  2   2018
  6871   2528   6870  2   2021
  6871   6870   2529  2   2021
  6871   2529   2530  2   2021
  2533   2531   6872  2   2024
  2533   6872   6873  2   2024
  6873   6872   2532  2   2024
  6879   2534   2535  2   2027
  6879   2535   2536  2   2027
  2539   2537   2538  2   2029
  2542   2540   2541  2   2034
  2545   2543   2544  2   2036
  2548   2546   2547  2   2039
  6893   2549   2550  2   2041
  6893   2550   2551  2   2041
  2554   2552   6897  2   2044
  2554   6897   2553  2   2044
  2557   2555   2556  2   2047
  2560   2558   2559  2   2049
  6914   2561   8681  2   2051
  6914   8681   6913  2   2051
  6913   8681   8376  2   2051
  6913   8376   2565  2   2051
  6913   2565   6908  2   2051
  6913   6908   6912  2   2051
  6912   6908   2563  2   2051
  8376   8681   2564  2   2051
  2564   8681   6910  2   2051
  6910   8681   2561  2   2051
  6910   2561   2562  2   2051
  6998   2566   6917  2   2055
  6998   6917   6916  2   2055
  6998   6916   6999  2   2055
  6999   6916   6915  2   2055
  6999   6915   7000  2   2055
  7000   6915   2567  2   2055
  7000   2567   2568  2   2055
  6924   2569   2570  2   2057
  6924   2570   6918  2   2057
  6924   6918   2571  2   2057
  2574   2572   6920  2   2059
  6920   2572   6919  2   2059
  6920   6919   2573  2   2059
  7005   2575   8683  2   2063
  7005   8683   8682  2   2063
  7005   8682   7006  2   2063
  7006   8682   6928  2   2063
  7006   6928   2577  2   2063
  6928   8682   6927  2   2063
  6927   8682   8683  2   2063
  6927   8683   6926  2   2063
  6926   8683   6925  2   2063
  6926   6925   2576  2   2063
  6925   8683   2575  2   2063
  2580   2578   8684  2   2065
  2580   8684   6935  2   2065
  6935   8684   6934  2   2065
  6934   8684   8685  2   2065
  6934   8685   6933  2   2065
  6933   8685   6929  2   2065
  6933   6929   6932  2   2065
  6932   6929   2579  2   2065
  6929   8685   6930  2   2065
  6930   8685   6931  2   2065
  6931   8685   8684  2   2065
  6931   8684   2578  2   2065
  2583   2581   8686  2   2067
  2583   8686   6942  2   2067
  6942   8686   8687  2   2067
  6942   8687   6941  2   2067
  6941   8687   6937  2   2067
  6941   6937   6940  2   2067
  6940   6937   6936  2   2067
  6940   6936   2582  2   2067
  6937   8687   6938  2   2067
  6938   8687   6939  2   2067
  6939   8687   8686  2   2067
  6939   8686   2581  2   2067
  2586   2584   2585  2   2070
  2589   2587   2588  2   2072
  2592   2590   2591  2   2075
  2595   2593   6948  2   2077
  6948   2593   2594  2   2077
  2598   2596   6949  2   2079
  2598   6949   2597  2   2079
  6955   2599   6950  2   2081
  6955   6950   6951  2   2081
  6955   6951   6954  2   2081
  6954   6951   2601  2   2081
  6950   2599   2600  2   2081
  2604   2602   6959  2   2084
  6959   2602   6957  2   2084
  6959   6957   6958  2   2084
  6958   6957   6956  2   2084
  6958   6956   2603  2   2084
  7010   2605   6968  2   2088
  7010   6968   2607  2   2088
  6968   2605   2606  2   2088
  6977   2608   8688  2   2090
  6977   8688   6974  2   2090
  6977   6974   2610  2   2090
  6974   8688   6973  2   2090
  6973   8688   6972  2   2090
  6973   6972   2609  2   2090
  6972   8688   2608  2   2090
  6981   2611   6978  2   2093
  6981   6978   6979  2   2093
  6981   6979   2613  2   2093
  6979   6978   2612  2   2093
  2616   2614   6982  2   2096
  2616   6982   6983  2   2096
  6983   6982   2615  2   2096
  2619   2617   6984  2   2098
  2619   6984   2618  2   2098
  2622   2620   2621  2   2101
  7001   2623   6987  2   2103
  7001   6987   2625  2   2103
  6987   2623   2624  2   2103
  8689   8690   8692  2   2105
  8690   8691   8692  2   2105
  6997   2626   8689  2   2105
  6997   8689   8692  2   2105
  6997   8692   6996  2   2105
  6996   8692   8691  2   2105
  6996   8691   6995  2   2105
  6995   8691   6991  2   2105
  6995   6991   2628  2   2105
  6991   8691   6990  2   2105
  6990   8691   8690  2   2105
  6990   8690   6989  2   2105
  6989   8690   6988  2   2105
  6989   6988   2627  2   2105
  6988   8690   8689  2   2105
  6988   8689   2626  2   2105
  2631   2629   7004  2   2109
  7004   2629   7002  2   2109
  7004   7002   7003  2   2109
  7003   7002   2630  2   2109
  7009   2632   2633  2   2113
  7009   2633   2634  2   2113
  2637   2635   2636  2   2118
  2640   2638   7015  2   2123
  7015   2638   2639  2   2123
  2643   2641   7025  2   2128
  7025   2641   7022  2   2128
  7025   7022   7024  2   2128
  7024   7022   7021  2   2128
  7024   7021   7023  2   2128
  7023   7021   7020  2   2128
  7023   7020   2642  2   2128
  7052   2644   7048  2   2138
  7052   7048   7049  2   2138
  7052   7049   2646  2   2138
  7048   2644   2645  2   2138
  7054   2647   7053  2   2141
  7054   7053   2649  2   2141
  2649   7053   2648  2   2141
  7077   2650   8693  2   2147
  7077   8693   8694  2   2147
  7077   8694   7076  2   2147
  7076   8694   7061  2   2147
  7076   7061   2652  2   2147
  7061   8694   7060  2   2147
  7060   8694   2651  2   2147
  2651   8694   7059  2   2147
  7059   8694   8693  2   2147
  7059   8693   2650  2   2147
  2655   2653   7065  2   2149
  7065   2653   7063  2   2149
  7065   7063   7064  2   2149
  7064   7063   7062  2   2149
  7064   7062   2654  2   2149
  7073   2656   7067  2   2151
  7073   7067   8695  2   2151
  7073   8695   7072  2   2151
  7072   8695   7069  2   2151
  7072   7069   2658  2   2151
  7069   8695   7068  2   2151
  7068   8695   7066  2   2151
  7068   7066   2657  2   2151
  7066   8695   7067  2   2151
  7093   2659   7091  2   2160
  7093   7091   7092  2   2160
  7092   7091   7090  2   2160
  7092   7090   2661  2   2160
  2661   7090   2660  2   2160
  2664   2662   7107  2   2175
  2664   7107   7108  2   2175
  7108   7107   2663  2   2175
  2667   2665   2666  2   2180
  2670   2668   7129  2   2185
  7129   2668   7127  2   2185
  7129   7127   7128  2   2185
  7128   7127   2669  2   2185
  8308   2671   7132  2   2189
  8308   7132   7133  2   2189
  8308   7133   2673  2   2189
  7132   2671   2672  2   2189
  7137   2674   7135  2   2191
  7137   7135   7136  2   2191
  7136   7135   7134  2   2191
  7136   7134   2676  2   2191
  2676   7134   2675  2   2191
  7141   2677   7139  2   2194
  7141   7139   7138  2   2194
  7141   7138   7140  2   2194
  7140   7138   2678  2   2194
  7140   2678   2679  2   2194
  7334   2680   8696  2   2197
  7334   8696   7145  2   2197
  7334   7145   2682  2   2197
  7145   8696   7144  2   2197
  7144   8696   7142  2   2197
  7144   7142   2681  2   2197
  7142   8696   7143  2   2197
  7143   8696   2680  2   2197
  7158   2683   7154  2   2199
  7158   7154   2685  2   2199
  7154   2683   7153  2   2199
  7153   2683   7151  2   2199
  7153   7151   7152  2   2199
  7152   7151   7150  2   2199
  7152   7150   2684  2   2199
  7338   2686   7162  2   2202
  7338   7162   8698  2   2202
  7338   8698   8697  2   2202
  7338   8697   7339  2   2202
  7339   8697   7163  2   2202
  7339   7163   7340  2   2202
  7340   7163   7164  2   2202
  7340   7164   2688  2   2202
  7163   8697   2687  2   2202
  2687   8697   8698  2   2202
  2687   8698   7162  2   2202
  2691   2689   7168  2   2204
  7168   2689   7166  2   2204
  7168   7166   7167  2   2204
  7167   7166   7165  2   2204
  7167   7165   2690  2   2204
  7176   2692   7170  2   2206
  7176   7170   7175  2   2206
  7175   7170   7169  2   2206
  7175   7169   2694  2   2206
  2694   7169   2693  2   2206
  7182   2695   7178  2   2209
  7182   7178   7177  2   2209
  7182   7177   7181  2   2209
  7181   7177   2696  2   2209
  7181   2696   2697  2   2209
  2700   2698   7187  2   2212
  7187   2698   8699  2   2212
  7187   8699   7186  2   2212
  7186   8699   7184  2   2212
  7186   7184   7185  2   2212
  7185   7184   7183  2   2212
  7185   7183   2699  2   2212
  7184   8699   2698  2   2212
  2703   2701   7190  2   2214
  2703   7190   8700  2   2214
  2703   8700   7192  2   2214
  7192   8700   7189  2   2214
  7192   7189   7191  2   2214
  7191   7189   7188  2   2214
  7191   7188   2702  2   2214
  7189   8700   7190  2   2214
  7198   2704   7194  2   2216
  7198   7194   8702  2   2216
  7198   8702   7197  2   2216
  7197   8702   8701  2   2216
  7197   8701   2706  2   2216
  2706   8701   7195  2   2216
  7195   8701   7193  2   2216
  7195   7193   2705  2   2216
  7193   8701   8702  2   2216
  7193   8702   7194  2   2216
  2709   2707   7201  2   2220
  7201   2707   2708  2   2220
  7203   2710   7202  2   2222
  7203   7202   2711  2   2222
  7203   2711   2712  2   2222
  2715   2713   7204  2   2225
  2715   7204   7205  2   2225
  7205   7204   2714  2   2225
  2718   2716   7207  2   2227
  7207   2716   7206  2   2227
  7207   7206   2717  2   2227
  7410   2719   8704  2   2229
  7410   8704   8703  2   2229
  7410   8703   7411  2   2229
  7411   8703   7210  2   2229
  7411   7210   2721  2   2229
  7210   8703   7209  2   2229
  7209   8703   8704  2   2229
  7209   8704   2720  2   2229
  2720   8704   7208  2   2229
  7208   8704   2719  2   2229
  7216   2722   7212  2   2231
  7216   7212   7215  2   2231
  7215   7212   7211  2   2231
  7215   7211   7213  2   2231
  7215   7213   2724  2   2231
  7213   7211   2723  2   2231
  2727   2725   7218  2   2234
  2727   7218   7219  2   2234
  7219   7218   7217  2   2234
  7219   7217   2726  2   2234
  7418   2728   7223  2   2236
  7418   7223   7419  2   2236
  7419   7223   2729  2   2236
  7419   2729   2730  2   2236
  7236   2731   7224  2   2238
  7236   7224   7225  2   2238
  7236   7225   7235  2   2238
  7235   7225   7226  2   2238
  7235   7226   7234  2   2238
  7234   7226   2733  2   2238
  7224   2731   2732  2   2238
  2736   2734   7229  2   2240
  2736   7229   7228  2   2240
  2736   7228   7231  2   2240
  7231   7228   7227  2   2240
  7231   7227   7230  2   2240
  7230   7227   2735  2   2240
  8705   8706   8707  2   2244
  8707   8706   8708  2   2244
  7429   2737   7239  2   2244
  7429   7239   8708  2   2244
  7429   8708   7430  2   2244
  7430   8708   8706  2   2244
  7430   8706   7431  2   2244
  7431   8706   8705  2   2244
  7431   8705   2739  2   2244
  2739   8705   7241  2   2244
  7241   8705   7240  2   2244
  7240   8705   8707  2   2244
  7240   8707   7237  2   2244
  7240   7237   2738  2   2244
  7237   8707   7238  2   2244
  7238   8707   8708  2   2244
  7238   8708   7239  2   2244
  2742   2740   7245  2   2246
  7245   2740   7243  2   2246
  7245   7243   7244  2   2246
  7244   7243   7242  2   2246
  7244   7242   2741  2   2246
  7433   2743   7248  2   2249
  7433   7248   7249  2   2249
  7433   7249   2745  2   2249
  7248   2743   2744  2   2249
  7441   2746   7251  2   2251
  7441   7251   2748  2   2251
  2748   7251   7250  2   2251
  2748   7250   2747  2   2251
  2751   2749   7252  2   2253
  7252   2749   2750  2   2253
  2754   2752   7253  2   2255
  2754   7253   2753  2   2255
  2757   2755   7254  2   2257
  7254   2755   2756  2   2257
  2760   2758   2759  2   2260
  7470   2761   7256  2   2262
  7470   7256   7257  2   2262
  7470   7257   7471  2   2262
  7471   7257   7258  2   2262
  7471   7258   2763  2   2262
  7256   2761   2762  2   2262
  7267   2764   7261  2   2264
  7267   7261   7260  2   2264
  7267   7260   7266  2   2264
  7266   7260   7259  2   2264
  7266   7259   2766  2   2264
  2766   7259   2765  2   2264
  2769   2767   2768  2   2266
  2772   2770   2771  2   2269
  7494   2773   7269  2   2273
  7494   7269   7495  2   2273
  7495   7269   7268  2   2273
  7495   7268   2775  2   2273
  2775   7268   2774  2   2273
  7497   2776   7272  2   2275
  7497   7272   2778  2   2275
  7272   2776   2777  2   2275
  7510   2779   7273  2   2277
  7510   7273   8709  2   2277
  7510   8709   7274  2   2277
  7510   7274   2781  2   2277
  7274   8709   2780  2   2277
  2780   8709   7273  2   2277
  7281   2782   7278  2   2279
  7281   7278   2783  2   2279
  7281   2783   2784  2   2279
  7283   2785   7282  2   2282
  7283   7282   2787  2   2282
  2787   7282   2786  2   2282
  2790   2788   7284  2   2285
  2790   7284   7285  2   2285
  7285   7284   2789  2   2285
  7518   2791   2792  2   2288
  7518   2792   2793  2   2288
  7291   2794   2795  2   2290
  7291   2795   2796  2   2290
  7296   2797   7292  2   2293
  7296   7292   8710  2   2293
  7296   8710   7295  2   2293
  7295   8710   7293  2   2293
  7295   7293   2799  2   2293
  7293   8710   2798  2   2293
  2798   8710   7292  2   2293
  7300   2800   7298  2   2296
  7300   7298   7297  2   2296
  7300   7297   7299  2   2296
  7299   7297   2801  2   2296
  7299   2801   2802  2   2296
  7542   2803   7302  2   2299
  7542   7302   7543  2   2299
  7543   7302   7301  2   2299
  7543   7301   7544  2   2299
  7544   7301   2804  2   2299
  7544   2804   2805  2   2299
  7550   2806   2807  2   2301
  7550   2807   7303  2   2301
  7550   7303   2808  2   2301
  7314   2809   7304  2   2303
  7314   7304   7305  2   2303
  7314   7305   7313  2   2303
  7313   7305   2811  2   2303
  7305   7304   2810  2   2303
  7320   2812   7316  2   2306
  7320   7316   8711  2   2306
  7320   8711   7319  2   2306
  7319   8711   7317  2   2306
  7319   7317   2814  2   2306
  7317   8711   2813  2   2306
  2813   8711   7315  2   2306
  7315   8711   7316  2   2306
  2817   2815   7326  2   2309
  2817   7326   7328  2   2309
  7328   7326   7325  2   2309
  7328   7325   7327  2   2309
  7327   7325   2816  2   2309
  7567   2818   7330  2   2311
  7567   7330   7568  2   2311
  7568   7330   7329  2   2311
  7568   7329   2820  2   2311
  2820   7329   2819  2   2311
  2823   2821   7333  2   2313
  7333   2821   2822  2   2313
  2826   2824   2825  2   2316
  7343   2827   7335  2   2318
  7343   7335   7336  2   2318
  7343   7336   7342  2   2318
  7342   7336   7337  2   2318
  7342   7337   7341  2   2318
  7341   7337   2829  2   2318
  7335   2827   2828  2   2318
  7575   2830   7346  2   2321
  7575   7346   8712  2   2321
  7575   8712   7576  2   2321
  7576   8712   2832  2   2321
  2832   8712   7347  2   2321
  7347   8712   7344  2   2321
  7347   7344   2831  2   2321
  7344   8712   7345  2   2321
  7345   8712   7346  2   2321
  2835   2833   7351  2   2323
  2835   7351   7352  2   2323
  7352   7351   2834  2   2323
  7592   2836   7355  2   2325
  7592   7355   7356  2   2325
  7592   7356   2838  2   2325
  7355   2836   7354  2   2325
  7354   2836   7353  2   2325
  7354   7353   2837  2   2325
  2841   2839   7359  2   2327
  2841   7359   7361  2   2327
  7361   7359   7358  2   2327
  7361   7358   7360  2   2327
  7360   7358   7357  2   2327
  7360   7357   2840  2   2327
  2844   2842   7365  2   2329
  7365   2842   7363  2   2329
  7365   7363   7364  2   2329
  7364   7363   7362  2   2329
  7364   7362   2843  2   2329
  7631   2845   7367  2   2331
  7631   7367   7632  2   2331
  7632   7367   7366  2   2331
  7632   7366   2847  2   2331
  2847   7366   2846  2   2331
  7635   2848   7368  2   2333
  7635   7368   7369  2   2333
  7635   7369   7636  2   2333
  7636   7369   2850  2   2333
  7368   2848   2849  2   2333
  7383   2851   7379  2   2335
  7383   7379   7382  2   2335
  7382   7379   7378  2   2335
  7382   7378   2853  2   2335
  2853   7378   2852  2   2335
  2856   2854   7387  2   2338
  7387   2854   7385  2   2338
  7387   7385   7386  2   2338
  7386   7385   7384  2   2338
  7386   7384   2855  2   2338
  7672   2857   7393  2   2340
  7672   7393   7673  2   2340
  7673   7393   7392  2   2340
  7673   7392   2859  2   2340
  2859   7392   2858  2   2340
  7675   2860   7394  2   2342
  7675   7394   2862  2   2342
  7394   2860   2861  2   2342
  2865   2863   7395  2   2344
  2865   7395   7396  2   2344
  7396   7395   2864  2   2344
  2868   2866   7397  2   2346
  2868   7397   2867  2   2346
  2871   2869   2870  2   2349
  7701   2872   2873  2   2351
  7701   2873   2874  2   2351
  7404   2875   2876  2   2353
  7404   2876   2877  2   2353
  2880   2878   7405  2   2356
  2880   7405   2879  2   2356
  2883   2881   2882  2   2359
  7716   2884   2885  2   2362
  7716   2885   7406  2   2362
  7716   7406   7717  2   2362
  7717   7406   2886  2   2362
  2889   2887   7409  2   2364
  7409   2887   7407  2   2364
  7409   7407   7408  2   2364
  7408   7407   2888  2   2364
  2892   2890   2891  2   2367
  7723   2893   2894  2   2369
  7723   2894   2895  2   2369
  7412   2896   2897  2   2371
  7412   2897   2898  2   2371
  2901   2899   7413  2   2374
  2901   7413   2900  2   2374
  7743   2902   7414  2   2376
  7743   7414   2904  2   2376
  7414   2902   2903  2   2376
  7421   2905   8713  2   2378
  7421   8713   7420  2   2378
  7420   8713   7417  2   2378
  7420   7417   2907  2   2378
  7417   8713   7416  2   2378
  7416   8713   7415  2   2378
  7416   7415   2906  2   2378
  7415   8713   2905  2   2378
  7435   2908   7423  2   2381
  7435   7423   8714  2   2381
  7435   8714   7434  2   2381
  7434   8714   7424  2   2381
  7434   7424   2910  2   2381
  7424   8714   7422  2   2381
  7424   7422   2909  2   2381
  7422   8714   7423  2   2381
  7432   2911   7427  2   2383
  7432   7427   7428  2   2383
  7432   7428   2913  2   2383
  7427   2911   7425  2   2383
  7427   7425   7426  2   2383
  7426   7425   2912  2   2383
  7444   2914   7437  2   2387
  7444   7437   7436  2   2387
  7444   7436   7443  2   2387
  7443   7436   8715  2   2387
  7443   8715   7442  2   2387
  7442   8715   2915  2   2387
  7442   2915   7438  2   2387
  7442   7438   2916  2   2387
  2915   8715   7436  2   2387
  2919   2917   7439  2   2389
  2919   7439   7440  2   2389
  7440   7439   2918  2   2389
  8717   8718   8719  2   2393
  7758   2920   7447  2   2393
  7758   7447   8719  2   2393
  7758   8719   8718  2   2393
  7758   8718   7759  2   2393
  7759   8718   2922  2   2393
  2922   8718   8717  2   2393
  2922   8717   7449  2   2393
  7449   8717   8716  2   2393
  7449   8716   7448  2   2393
  7448   8716   7445  2   2393
  7448   7445   2921  2   2393
  7445   8716   7446  2   2393
  7446   8716   8717  2   2393
  7446   8717   8719  2   2393
  7446   8719   7447  2   2393
  7453   2923   7451  2   2395
  7453   7451   7452  2   2395
  7452   7451   7450  2   2395
  7452   7450   2925  2   2395
  2925   7450   2924  2   2395
  2928   2926   7457  2   2398
  7457   2926   7455  2   2398
  7457   7455   7456  2   2398
  7456   7455   7454  2   2398
  7456   7454   2927  2   2398
  7787   2929   8720  2   2400
  7787   8720   2931  2   2400
  2931   8720   7461  2   2400
  7461   8720   8721  2   2400
  7461   8721   7460  2   2400
  7460   8721   7458  2   2400
  7460   7458   2930  2   2400
  7458   8721   7459  2   2400
  7459   8721   8720  2   2400
  7459   8720   2929  2   2400
  7465   2932   7463  2   2402
  7465   7463   7464  2   2402
  7464   7463   7462  2   2402
  7464   7462   2934  2   2402
  2934   7462   2933  2   2402
  2937   2935   7469  2   2405
  7469   2935   7467  2   2405
  7469   7467   7468  2   2405
  7468   7467   7466  2   2405
  7468   7466   2936  2   2405
  2940   2938   2939  2   2408
  2943   2941   7474  2   2410
  7474   2941   2942  2   2410
  7793   2944   7475  2   2412
  7793   7475   2946  2   2412
  2946   7475   2945  2   2412
  7797   2947   7482  2   2414
  7797   7482   2949  2   2414
  7482   2947   2948  2   2414
  2952   2950   7483  2   2416
  2952   7483   7484  2   2416
  7484   7483   2951  2   2416
  7498   2953   7485  2   2418
  7498   7485   7486  2   2418
  7498   7486   2955  2   2418
  7486   7485   2954  2   2418
  7496   2956   7487  2   2420
  7496   7487   7489  2   2420
  7496   7489   2958  2   2420
  7489   7487   7488  2   2420
  7488   7487   2957  2   2420
  2961   2959   7500  2   2424
  7500   2959   7499  2   2424
  7500   7499   2960  2   2424
  2964   2962   7501  2   2426
  2964   7501   7502  2   2426
  7502   7501   2963  2   2426
  2967   2965   7504  2   2428
  7504   2965   7503  2   2428
  7504   7503   2966  2   2428
  7838   2968   7505  2   2430
  7838   7505   7839  2   2430
  7839   7505   2969  2   2430
  7839   2969   2970  2   2430
  2973   2971   7506  2   2432
  7506   2971   2972  2   2432
  7842   2974   7512  2   2435
  7842   7512   7513  2   2435
  7842   7513   7843  2   2435
  7843   7513   2976  2   2435
  7512   2974   7511  2   2435
  7511   2974   2975  2   2435
  8306   2977   7516  2   2437
  8306   7516   8307  2   2437
  8307   7516   7515  2   2437
  8307   7515   2979  2   2437
  2979   7515   7514  2   2437
  2979   7514   2978  2   2437
  2982   2980   7517  2   2439
  7517   2980   2981  2   2439
  8305   2983   2984  2   2442
  8305   2984   7519  2   2442
  8305   7519   8304  2   2442
  8304   7519   7520  2   2442
  8304   7520   2985  2   2442
  7845   2986   8722  2   2444
  7845   8722   7525  2   2444
  7845   7525   2988  2   2444
  7525   8722   7524  2   2444
  7524   8722   7522  2   2444
  7524   7522   7523  2   2444
  7523   7522   7521  2   2444
  7523   7521   2987  2   2444
  7522   8722   2986  2   2444
  2991   2989   7528  2   2446
  2991   7528   7531  2   2446
  7531   7528   7527  2   2446
  7531   7527   7530  2   2446
  7530   7527   7526  2   2446
  7530   7526   7529  2   2446
  7529   7526   2990  2   2446
  2994   2992   7535  2   2448
  7535   2992   7534  2   2448
  7535   7534   2996  2   2448
  2996   7534   8377  2   2448
  8377   7534   7533  2   2448
  8377   7533   2995  2   2448
  2995   7533   7537  2   2448
  7537   7533   7532  2   2448
  7537   7532   2993  2   2448
  8724   8723   8725  2   2450
  8725   8723   8726  2   2450
  8726   8723   8727  2   2450
  8728   8724   8729  2   2450
  8724   8725   8729  2   2450
  8729   8725   8730  2   2450
  8725   8726   8730  2   2450
  8730   8726   8731  2   2450
  8731   8726   8732  2   2450
  8726   8727   8732  2   2450
  8732   8727   8733  2   2450
  8729   8730   8734  2   2450
  8734   8730   8735  2   2450
  8730   8731   8735  2   2450
  8735   8731   8736  2   2450
  8736   8731   8737  2   2450
  8731   8732   8737  2   2450
  8737   8732   8738  2   2450
  8732   8733   8738  2   2450
  8735   8736   8739  2   2450
  8739   8736   8740  2   2450
  8736   8737   8740  2   2450
  8740   8737   8741  2   2450
  8737   8738   8741  2   2450
  8739   8740   8742  2   2450
  3001   2997   8728  2   2450
  3001   8728   8381  2   2450
  8381   8728   8729  2   2450
  8381   8729   8380  2   2450
  8380   8729   8734  2   2450
  8380   8734   8379  2   2450
  8379   8734   8735  2   2450
  8379   8735   8739  2   2450
  8379   8739   8378  2   2450
  8378   8739   8742  2   2450
  8378   8742   3000  2   2450
  3000   8742   2999  2   2450
  2999   8742   7541  2   2450
  7541   8742   8740  2   2450
  7541   8740   8741  2   2450
  7541   8741   7540  2   2450
  7540   8741   8738  2   2450
  7540   8738   7539  2   2450
  7539   8738   2998  2   2450
  2998   8738   8733  2   2450
  2998   8733   7538  2   2450
  7538   8733   8727  2   2450
  7538   8727   2995  2   2450
  2995   8727   8723  2   2450
  2995   8723   8377  2   2450
  8377   8723   2996  2   2450
  2996   8723   8724  2   2450
  2996   8724   7536  2   2450
  7536   8724   8728  2   2450
  7536   8728   2997  2   2450
  7874   3002   3001  2   2454
  7874   3001   8381  2   2454
  7874   8381   7875  2   2454
  7875   8381   8743  2   2454
  7875   8743   7876  2   2454
  7876   8743   8380  2   2454
  7876   8380   8744  2   2454
  7876   8744   3004  2   2454
  3004   8744   7546  2   2454
  7546   8744   8379  2   2454
  7546   8379   8378  2   2454
  7546   8378   7545  2   2454
  7545   8378   3000  2   2454
  7545   3000   3003  2   2454
  8379   8744   8380  2   2454
  8380   8743   8381  2   2454
  8302   3005   7548  2   2457
  8302   7548   8303  2   2457
  8303   7548   7547  2   2457
  8303   7547   3007  2   2457
  3007   7547   3006  2   2457
  7551   3008   7549  2   2459
  7551   7549   3010  2   2459
  7549   3008   3009  2   2459
  8301   3011   7552  2   2462
  8301   7552   7553  2   2462
  8301   7553   7554  2   2462
  8301   7554   8300  2   2462
  8300   7554   3013  2   2462
  7553   7552   3012  2   2462
  7889   3014   8745  2   2464
  7889   8745   3016  2   2464
  3016   8745   7558  2   2464
  7558   8745   8746  2   2464
  7558   8746   7557  2   2464
  7557   8746   7555  2   2464
  7557   7555   3015  2   2464
  7555   8746   7556  2   2464
  7556   8746   8745  2   2464
  7556   8745   3014  2   2464
  7561   3017   7560  2   2466
  7561   7560   7559  2   2466
  7561   7559   3019  2   2466
  3019   7559   3018  2   2466
  7895   3020   7562  2   2469
  7895   7562   3021  2   2469
  7895   3021   3022  2   2469
  7577   3023   7563  2   2471
  7577   7563   3025  2   2471
  7563   3023   3024  2   2471
  7570   3026   7564  2   2473
  7570   7564   8747  2   2473
  7570   8747   8748  2   2473
  7570   8748   7569  2   2473
  7569   8748   7566  2   2473
  7569   7566   3028  2   2473
  7566   8748   7565  2   2473
  7565   8748   8747  2   2473
  7565   8747   3027  2   2473
  3027   8747   7564  2   2473
  7574   3029   7572  2   2476
  7574   7572   7571  2   2476
  7574   7571   7573  2   2476
  7573   7571   3030  2   2476
  7573   3030   3031  2   2476
  7897   3032   8749  2   2480
  7897   8749   7580  2   2480
  7897   7580   3034  2   2480
  7580   8749   7579  2   2480
  7579   8749   7578  2   2480
  7579   7578   3033  2   2480
  7578   8749   3032  2   2480
  3037   3035   7582  2   2482
  3037   7582   7584  2   2482
  7584   7582   7581  2   2482
  7584   7581   7583  2   2482
  7583   7581   3036  2   2482
  7593   3038   8750  2   2484
  7593   8750   7588  2   2484
  7593   7588   3040  2   2484
  7588   8750   7587  2   2484
  7587   8750   7585  2   2484
  7587   7585   3039  2   2484
  7585   8750   7586  2   2484
  7586   8750   3038  2   2484
  7591   3041   7590  2   2486
  7591   7590   7589  2   2486
  7591   7589   3043  2   2486
  3043   7589   3042  2   2486
  3046   3044   7595  2   2490
  7595   3044   7594  2   2490
  7595   7594   3045  2   2490
  7904   3047   7596  2   2492
  7904   7596   8751  2   2492
  7904   8751   7905  2   2492
  7905   8751   7598  2   2492
  7905   7598   3049  2   2492
  7598   8751   7597  2   2492
  7597   8751   7596  2   2492
  7597   7596   3048  2   2492
  3052   3050   7600  2   2494
  3052   7600   7601  2   2494
  7601   7600   7599  2   2494
  7601   7599   3051  2   2494
  3055   3053   7603  2   2496
  7603   3053   7602  2   2496
  7603   7602   3054  2   2496
  8299   3056   7604  2   2498
  8299   7604   3058  2   2498
  3058   7604   3057  2   2498
  3061   3059   3060  2   2500
  8298   3062   7605  2   2503
  8298   7605   7606  2   2503
  8298   7606   3064  2   2503
  7605   3062   3063  2   2503
  7931   3065   7608  2   2505
  7931   7608   7610  2   2505
  7931   7610   3067  2   2505
  7610   7608   7607  2   2505
  7610   7607   7609  2   2505
  7609   7607   3066  2   2505
  3312   3068   7612  2   2507
  3312   7612   8384  2   2507
  8384   7612   7611  2   2507
  8384   7611   8385  2   2507
  8385   7611   3069  2   2507
  8385   3069   8386  2   2507
  8386   3069   7613  2   2507
  8386   7613   8387  2   2507
  8387   7613   7614  2   2507
  8387   7614   3313  2   2507
  3313   7614   3070  2   2507
  7622   3071   7620  2   2509
  7622   7620   7621  2   2509
  7621   7620   7619  2   2509
  7621   7619   3073  2   2509
  3073   7619   3072  2   2509
  8755   8752   8756  2   2512
  8752   8753   8756  2   2512
  8756   8753   8757  2   2512
  8753   8754   8757  2   2512
  8755   8756   8758  2   2512
  8758   8756   8759  2   2512
  8756   8757   8759  2   2512
  8758   8759   8760  2   2512
  7639   3074   8755  2   2512
  7639   8755   8758  2   2512
  7639   8758   7638  2   2512
  7638   8758   7637  2   2512
  7637   8758   8760  2   2512
  7637   8760   3076  2   2512
  3076   8760   7625  2   2512
  7625   8760   8759  2   2512
  7625   8759   3078  2   2512
  3078   8759   8757  2   2512
  3078   8757   8382  2   2512
  8382   8757   3077  2   2512
  3077   8757   8754  2   2512
  3077   8754   7627  2   2512
  7627   8754   3075  2   2512
  3075   8754   7623  2   2512
  7623   8754   8753  2   2512
  7623   8753   7624  2   2512
  7624   8753   8752  2   2512
  7624   8752   3074  2   2512
  3074   8752   8755  2   2512
  7634   3079   7626  2   2514
  7634   7626   7633  2   2514
  7633   7626   3078  2   2514
  7633   3078   8761  2   2514
  7633   8761   3081  2   2514
  3081   8761   7630  2   2514
  7630   8761   7629  2   2514
  7629   8761   7628  2   2514
  7629   7628   3080  2   2514
  7628   8761   3077  2   2514
  3077   8761   8382  2   2514
  8382   8761   3078  2   2514
  7975   3082   7642  2   2519
  7975   7642   7976  2   2519
  7976   7642   7641  2   2519
  7976   7641   7977  2   2519
  7977   7641   7640  2   2519
  7977   7640   3084  2   2519
  3084   7640   3083  2   2519
  7659   3085   3086  2   2521
  7659   3086   3087  2   2521
  3090   3088   7660  2   2524
  3090   7660   3089  2   2524
  7682   3091   7661  2   2526
  7682   7661   3093  2   2526
  7661   3091   3092  2   2526
  3096   3094   7663  2   2528
  7663   3094   7662  2   2528
  7663   7662   3095  2   2528
  3099   3097   7667  2   2530
  3099   7667   7668  2   2530
  7668   7667   3098  2   2530
  7674   3100   8762  2   2532
  7674   8762   7671  2   2532
  7674   7671   3102  2   2532
  7671   8762   7670  2   2532
  7670   8762   7669  2   2532
  7670   7669   3101  2   2532
  7669   8762   3100  2   2532
  3105   3103   7684  2   2537
  7684   3103   7683  2   2537
  7684   7683   3104  2   2537
  7982   3106   7685  2   2539
  7982   7685   3107  2   2539
  7982   3107   3108  2   2539
  7989   3109   3110  2   2541
  7989   3110   7688  2   2541
  7989   7688   7990  2   2541
  7990   7688   3111  2   2541
  8003   3112   7689  2   2543
  8003   7689   3114  2   2543
  3114   7689   3113  2   2543
  3117   3115   3116  2   2545
  3120   3118   3119  2   2547
  3123   3121   3122  2   2549
  8005   3124   3125  2   2553
  8005   3125   7698  2   2553
  8005   7698   3126  2   2553
  3129   3127   7699  2   2555
  3129   7699   7700  2   2555
  7700   7699   3128  2   2555
  8009   3130   7706  2   2558
  8009   7706   3132  2   2558
  7706   3130   3131  2   2558
  3135   3133   7708  2   2560
  7708   3133   7707  2   2560
  7708   7707   3134  2   2560
  3138   3136   7711  2   2562
  7711   3136   7709  2   2562
  7711   7709   7710  2   2562
  7710   7709   3137  2   2562
  3141   3139   7713  2   2564
  3141   7713   7715  2   2564
  7715   7713   7712  2   2564
  7715   7712   7714  2   2564
  7714   7712   3140  2   2564
  3144   3142   3143  2   2568
  7724   3145   3146  2   2570
  7724   3146   7722  2   2570
  7724   7722   3147  2   2570
  8022   3148   7725  2   2573
  8022   7725   3150  2   2573
  3150   7725   3149  2   2573
  8028   3151   7730  2   2575
  8028   7730   3153  2   2575
  7730   3151   3152  2   2575
  3156   3154   7732  2   2577
  7732   3154   7731  2   2577
  7732   7731   3155  2   2577
  3159   3157   7735  2   2579
  7735   3157   7733  2   2579
  7735   7733   7734  2   2579
  7734   7733   3158  2   2579
  3162   3160   7739  2   2581
  7739   3160   7737  2   2581
  7739   7737   7738  2   2581
  7738   7737   7736  2   2581
  7738   7736   3161  2   2581
  8296   3163   7741  2   2583
  8296   7741   8297  2   2583
  8297   7741   7740  2   2583
  8297   7740   3165  2   2583
  3165   7740   3164  2   2583
  3168   3166   3167  2   2585
  7744   3169   3170  2   2588
  7744   3170   7742  2   2588
  7744   7742   3171  2   2588
  8295   3172   8764  2   2591
  8295   8764   8294  2   2591
  8294   8764   7747  2   2591
  8294   7747   3174  2   2591
  7747   8764   8763  2   2591
  7747   8763   7746  2   2591
  7746   8763   3173  2   2591
  3173   8763   7745  2   2591
  7745   8763   8764  2   2591
  7745   8764   3172  2   2591
  3177   3175   7749  2   2593
  3177   7749   7751  2   2593
  7751   7749   7748  2   2593
  7751   7748   7750  2   2593
  7750   7748   3176  2   2593
  8292   3178   7753  2   2595
  8292   7753   8765  2   2595
  8292   8765   8293  2   2595
  8293   8765   3180  2   2595
  3180   8765   7754  2   2595
  7754   8765   3179  2   2595
  3179   8765   7752  2   2595
  7752   8765   7753  2   2595
  3183   3181   7757  2   2597
  7757   3181   7755  2   2597
  7757   7755   7756  2   2597
  7756   7755   3182  2   2597
  8291   3184   7760  2   2600
  8291   7760   7761  2   2600
  8291   7761   8290  2   2600
  8290   7761   3186  2   2600
  7760   3184   3185  2   2600
  3189   3187   7765  2   2602
  7765   3187   7763  2   2602
  7765   7763   7764  2   2602
  7764   7763   7762  2   2602
  7764   7762   3188  2   2602
  7770   3190   7767  2   2604
  7770   7767   7769  2   2604
  7769   7767   7766  2   2604
  7769   7766   7768  2   2604
  7768   7766   3191  2   2604
  7768   3191   3192  2   2604
  8052   3193   7773  2   2607
  8052   7773   3195  2   2607
  3195   7773   7772  2   2607
  3195   7772   7774  2   2607
  7774   7772   7771  2   2607
  7774   7771   3194  2   2607
  3206   3196   7778  2   2609
  3206   7778   8383  2   2609
  8383   7778   3197  2   2609
  8383   3197   3205  2   2609
  3205   3197   7779  2   2609
  3205   7779   3198  2   2609
  3201   3199   7780  2   2611
  3201   7780   7781  2   2611
  7781   7780   3200  2   2611
  3204   3202   7783  2   2613
  7783   3202   7782  2   2613
  7783   7782   3203  2   2613
  8073   3207   3206  2   2618
  8073   3206   8383  2   2618
  8073   8383   3209  2   2618
  3209   8383   3205  2   2618
  3209   3205   7788  2   2618
  7788   3205   3208  2   2618
  8075   3210   7789  2   2621
  8075   7789   3212  2   2621
  3212   7789   3211  2   2621
  3215   3213   7792  2   2623
  7792   3213   3214  2   2623
  3218   3216   7794  2   2626
  7794   3216   3217  2   2626
  3221   3219   7796  2   2628
  7796   3219   7795  2   2628
  7796   7795   3220  2   2628
  3224   3222   3223  2   2631
  3227   3225   3226  2   2633
  3230   3228   7802  2   2637
  7802   3228   3229  2   2637
  8083   3231   7806  2   2639
  8083   7806   7807  2   2639
  8083   7807   7808  2   2639
  8083   7808   3233  2   2639
  7807   7806   3232  2   2639
  8286   3234   7810  2   2641
  8286   7810   7809  2   2641
  8286   7809   8766  2   2641
  8286   8766   8287  2   2641
  8287   8766   7811  2   2641
  8287   7811   3236  2   2641
  7811   8766   3235  2   2641
  3235   8766   7809  2   2641
  8289   3237   7812  2   2643
  8289   7812   3238  2   2643
  8289   3238   7813  2   2643
  8289   7813   3239  2   2643
  8288   3240   7823  2   2645
  8288   7823   3241  2   2645
  8288   3241   7824  2   2645
  8288   7824   3242  2   2645
  3245   3243   7826  2   2647
  7826   3243   7825  2   2647
  7826   7825   3244  2   2647
  7844   3246   7833  2   2649
  7844   7833   3247  2   2649
  7844   3247   3248  2   2649
  7841   3249   3250  2   2651
  7841   3250   7836  2   2651
  7841   7836   7840  2   2651
  7840   7836   7837  2   2651
  7840   7837   3251  2   2651
  3254   3252   7852  2   2656
  7852   3252   3253  2   2656
  3257   3255   7853  2   2658
  3257   7853   3256  2   2658
  8281   3258   7862  2   2662
  8281   7862   7863  2   2662
  8281   7863   8280  2   2662
  8280   7863   3260  2   2662
  7862   3258   3259  2   2662
  3263   3261   7868  2   2664
  7868   3261   7865  2   2664
  7868   7865   7867  2   2664
  7867   7865   7864  2   2664
  7867   7864   7866  2   2664
  7866   7864   3262  2   2664
  3266   3264   3265  2   2667
  3269   3267   7883  2   2669
  7883   3267   3268  2   2669
  3272   3270   7884  2   2671
  3272   7884   7885  2   2671
  7885   7884   3271  2   2671
  7896   3273   7894  2   2674
  7896   7894   3275  2   2674
  7894   3273   3274  2   2674
  3278   3276   3277  2   2678
  7907   3279   7898  2   2680
  7907   7898   7899  2   2680
  7907   7899   7906  2   2680
  7906   7899   3281  2   2680
  7898   3279   3280  2   2680
  8092   3282   7909  2   2683
  8092   7909   8093  2   2683
  8093   7909   7908  2   2683
  8093   7908   7910  2   2683
  8093   7910   3284  2   2683
  7910   7908   3283  2   2683
  3287   3285   7911  2   2685
  3287   7911   3286  2   2685
  3290   3288   3289  2   2688
  3293   3291   3292  2   2690
  7928   3294   3295  2   2692
  7928   3295   3296  2   2692
  3299   3297   7930  2   2695
  7930   3297   7929  2   2695
  7930   7929   3298  2   2695
  8114   3300   7932  2   2698
  8114   7932   7933  2   2698
  8114   7933   8115  2   2698
  8115   7933   7934  2   2698
  8115   7934   3302  2   2698
  7932   3300   3301  2   2698
  8277   3303   7937  2   2700
  8277   7937   8767  2   2700
  8277   8767   3305  2   2700
  3305   8767   7939  2   2700
  7939   8767   7938  2   2700
  7938   8767   7936  2   2700
  7938   7936   7935  2   2700
  7938   7935   3304  2   2700
  7936   8767   7937  2   2700
  8279   3306   7941  2   2702
  8279   7941   8768  2   2702
  8279   8768   7943  2   2702
  8279   7943   3308  2   2702
  7943   8768   7942  2   2702
  7942   8768   7940  2   2702
  7942   7940   3307  2   2702
  7940   8768   7941  2   2702
  7947   3309   8386  2   2704
  7947   8386   8387  2   2704
  7947   8387   7946  2   2704
  7946   8387   3313  2   2704
  7946   3313   3311  2   2704
  8386   3309   8385  2   2704
  8385   3309   7945  2   2704
  8385   7945   8384  2   2704
  8384   7945   7944  2   2704
  8384   7944   3312  2   2704
  3312   7944   3310  2   2704
  8769   8770   8771  2   2708
  8278   3314   8770  2   2708
  8278   8770   8769  2   2708
  8278   8769   7952  2   2708
  8278   7952   3316  2   2708
  7952   8769   7951  2   2708
  7951   8769   8771  2   2708
  7951   8771   7950  2   2708
  7950   8771   7948  2   2708
  7950   7948   3315  2   2708
  7948   8771   7949  2   2708
  7949   8771   8770  2   2708
  7949   8770   3314  2   2708
  8276   3317   8772  2   2710
  8276   8772   3321  2   2710
  8276   3321   3319  2   2710
  3321   8772   8388  2   2710
  8388   8772   8773  2   2710
  8388   8773   7954  2   2710
  8388   7954   3320  2   2710
  3320   7954   7953  2   2710
  3320   7953   3318  2   2710
  7954   8773   7955  2   2710
  7955   8773   8772  2   2710
  7955   8772   3317  2   2710
  8149   3322   3321  2   2712
  8149   3321   8150  2   2712
  8150   3321   8388  2   2712
  8150   8388   8151  2   2712
  8151   8388   3320  2   2712
  8151   3320   3324  2   2712
  3324   3320   3323  2   2712
  3327   3325   7956  2   2715
  7956   3325   3326  2   2715
  3330   3328   7957  2   2717
  3330   7957   3329  2   2717
  7984   3331   7958  2   2719
  7984   7958   7959  2   2719
  7984   7959   7983  2   2719
  7983   7959   3333  2   2719
  7958   3331   3332  2   2719
  7978   3334   8775  2   2721
  7978   8775   7964  2   2721
  7978   7964   3336  2   2721
  7964   8775   7963  2   2721
  7963   8775   8774  2   2721
  7963   8774   7962  2   2721
  7962   8774   7960  2   2721
  7962   7960   3335  2   2721
  7960   8774   7961  2   2721
  7961   8774   8775  2   2721
  7961   8775   3334  2   2721
  3339   3337   7986  2   2725
  3339   7986   7988  2   2725
  7988   7986   7985  2   2725
  7988   7985   7987  2   2725
  7987   7985   3338  2   2725
  3342   3340   7991  2   2728
  7991   3340   3341  2   2728
  8010   3343   7995  2   2730
  8010   7995   7996  2   2730
  8010   7996   3345  2   2730
  7996   7995   3344  2   2730
  8006   3346   7997  2   2732
  8006   7997   7998  2   2732
  8006   7998   3348  2   2732
  7998   7997   3347  2   2732
  8004   3349   7999  2   2734
  8004   7999   8776  2   2734
  8004   8776   3351  2   2734
  3351   8776   8000  2   2734
  8000   8776   3350  2   2734
  3350   8776   7999  2   2734
  3354   3352   8001  2   2736
  3354   8001   8002  2   2736
  8002   8001   3353  2   2736
  3357   3355   8007  2   2741
  3357   8007   8008  2   2741
  8008   8007   3356  2   2741
  8158   3358   8014  2   2745
  8158   8014   3359  2   2745
  8158   3359   3360  2   2745
  8164   3361   3362  2   2747
  8164   3362   8017  2   2747
  8164   8017   3363  2   2747
  8273   3364   8018  2   2749
  8273   8018   3366  2   2749
  3366   8018   3365  2   2749
  3369   3367   3368  2   2751
  8272   3370   8019  2   2754
  8272   8019   3372  2   2754
  8019   3370   3371  2   2754
  8023   3373   8020  2   2756
  8023   8020   8021  2   2756
  8023   8021   3375  2   2756
  8021   8020   3374  2   2756
  8029   3376   8777  2   2759
  8029   8777   8025  2   2759
  8029   8025   3378  2   2759
  8025   8777   3377  2   2759
  3377   8777   8024  2   2759
  8024   8777   3376  2   2759
  3381   3379   8026  2   2761
  3381   8026   8027  2   2761
  8027   8026   3380  2   2761
  8169   3382   8030  2   2765
  8169   8030   8031  2   2765
  8169   8031   3384  2   2765
  8031   8030   3383  2   2765
  8186   3385   8032  2   2767
  8186   8032   3386  2   2767
  8186   3386   3387  2   2767
  8188   3388   3389  2   2769
  8188   3389   8035  2   2769
  8188   8035   3390  2   2769
  8205   3391   8036  2   2771
  8205   8036   3393  2   2771
  3393   8036   3392  2   2771
  3396   3394   3395  2   2773
  3399   3397   3398  2   2775
  8210   3400   3401  2   2778
  8210   3401   8043  2   2778
  8210   8043   3402  2   2778
  3405   3403   8045  2   2780
  8045   3403   8044  2   2780
  8045   8044   3404  2   2780
  3408   3406   8046  2   2782
  3408   8046   3407  2   2782
  3411   3409   3410  2   2784
  8049   3412   3413  2   2788
  8049   3413   3414  2   2788
  3417   3415   8050  2   2791
  3417   8050   3416  2   2791
  8053   3418   3419  2   2793
  8053   3419   8051  2   2793
  8053   8051   3420  2   2793
  3423   3421   8056  2   2796
  8056   3421   8055  2   2796
  8055   3421   8054  2   2796
  8055   8054   3422  2   2796
  3426   3424   8058  2   2798
  3426   8058   8059  2   2798
  8059   8058   8057  2   2798
  8059   8057   3425  2   2798
  8244   3427   8063  2   2800
  8244   8063   3429  2   2800
  3429   8063   3428  2   2800
  8270   3430   3431  2   2802
  8270   3431   8068  2   2802
  8270   8068   8271  2   2802
  8271   8068   8069  2   2802
  8271   8069   3432  2   2802
  3435   3433   8071  2   2804
  3435   8071   8072  2   2804
  8072   8071   8070  2   2804
  8072   8070   3434  2   2804
  3438   3436   8074  2   2807
  8074   3436   3437  2   2807
  3441   3439   3440  2   2810
  3444   3442   3443  2   2812
  8082   3445   3446  2   2814
  8082   3446   3447  2   2814
  3450   3448   3449  2   2816
  3453   3451   3452  2   2821
  3456   3454   3455  2   2823
  8095   3457   8084  2   2826
  8095   8084   8085  2   2826
  8095   8085   8094  2   2826
  8094   8085   3459  2   2826
  8084   3457   3458  2   2826
  8091   3460   8087  2   2828
  8091   8087   8090  2   2828
  8090   8087   8086  2   2828
  8090   8086   3462  2   2828
  3462   8086   3461  2   2828
  8269   3463   8097  2   2832
  8269   8097   8268  2   2832
  8268   8097   8096  2   2832
  8268   8096   3465  2   2832
  3465   8096   3464  2   2832
  3468   3466   3467  2   2834
  3471   3469   3470  2   2837
  3474   3472   3473  2   2839
  8117   3475   8112  2   2842
  8117   8112   8113  2   2842
  8117   8113   8116  2   2842
  8116   8113   3477  2   2842
  8112   3475   3476  2   2842
  8253   3478   8778  2   2845
  8253   8778   8122  2   2845
  8253   8122   3480  2   2845
  8122   8778   8121  2   2845
  8121   8778   8119  2   2845
  8121   8119   8118  2   2845
  8121   8118   8120  2   2845
  8120   8118   3479  2   2845
  8119   8778   3478  2   2845
  8258   3481   8125  2   2847
  8258   8125   8124  2   2847
  8258   8124   8259  2   2847
  8259   8124   8123  2   2847
  8259   8123   3483  2   2847
  3483   8123   3482  2   2847
  3486   3484   8128  2   2849
  8128   3484   3485  2   2849
  3489   3487   8129  2   2851
  3489   8129   3488  2   2851
  8160   3490   8130  2   2853
  8160   8130   8131  2   2853
  8160   8131   8159  2   2853
  8159   8131   3492  2   2853
  8130   3490   3491  2   2853
  3495   3493   8133  2   2855
  3495   8133   8135  2   2855
  8135   8133   8132  2   2855
  8135   8132   8134  2   2855
  8134   8132   3494  2   2855
  8152   3496   8780  2   2857
  8152   8780   8141  2   2857
  8152   8141   3498  2   2857
  8141   8780   8140  2   2857
  8140   8780   8779  2   2857
  8140   8779   8139  2   2857
  8139   8779   8136  2   2857
  8139   8136   8138  2   2857
  8138   8136   3497  2   2857
  8136   8779   8137  2   2857
  8137   8779   3496  2   2857
  3496   8779   8780  2   2857
  3501   3499   8145  2   2859
  3501   8145   8148  2   2859
  8148   8145   8144  2   2859
  8148   8144   8147  2   2859
  8147   8144   8143  2   2859
  8147   8143   8146  2   2859
  8146   8143   8142  2   2859
  8146   8142   3500  2   2859
  3504   3502   8154  2   2863
  8154   3502   8153  2   2863
  8154   8153   3503  2   2863
  3507   3505   8162  2   2867
  3507   8162   8163  2   2867
  8163   8162   8161  2   2867
  8163   8161   3506  2   2867
  3510   3508   8165  2   2870
  8165   3508   3509  2   2870
  8262   3511   8174  2   2874
  8262   8174   8175  2   2874
  8262   8175   8263  2   2874
  8263   8175   8176  2   2874
  8263   8176   3513  2   2874
  8174   3511   3512  2   2874
  3516   3514   8179  2   2876
  3516   8179   8178  2   2876
  3516   8178   8180  2   2876
  8180   8178   8177  2   2876
  8180   8177   3515  2   2876
  3519   3517   8182  2   2878
  8182   3517   8181  2   2878
  8182   8181   3518  2   2878
  8189   3520   8187  2   2881
  8189   8187   3522  2   2881
  8187   3520   3521  2   2881
  3525   3523   8190  2   2884
  3525   8190   3524  2   2884
  3528   3526   3527  2   2886
  8211   3529   3530  2   2888
  8211   3530   8197  2   2888
  8211   8197   3531  2   2888
  8206   3532   8781  2   2890
  8206   8781   8202  2   2890
  8206   8202   3534  2   2890
  8202   8781   8201  2   2890
  8202   8201   3533  2   2890
  8201   8781   3532  2   2890
  3537   3535   8203  2   2892
  3537   8203   8204  2   2892
  8204   8203   3536  2   2892
  8223   3538   8212  2   2897
  8223   8212   3540  2   2897
  3540   8212   3539  2   2897
  3543   3541   3542  2   2899
  3546   3544   8230  2   2903
  3546   8230   3545  2   2903
  8250   3547   3548  2   2905
  8250   3548   8231  2   2905
  8250   8231   3549  2   2905
  3552   3550   8233  2   2907
  8233   3550   8232  2   2907
  8233   8232   3551  2   2907
  8249   3553   8234  2   2909
  8249   8234   3554  2   2909
  8249   3554   8235  2   2909
  8249   8235   3555  2   2909
  8245   3556   8242  2   2911
  8245   8242   3557  2   2911
  8245   3557   8243  2   2911
  8245   8243   3558  2   2911
  3561   3559   8251  2   2916
  3561   8251   8252  2   2916
  8252   8251   3560  2   2916
  8261   3562   3563  2   2919
  8261   3563   8256  2   2919
  8261   8256   8260  2   2919
  8260   8256   8257  2   2919
  8260   8257   3564  2   2919
  8319   3565   8782  2   2943
  8319   8782   8313  2   2943
  8319   8313   8318  2   2943
  8318   8313   8314  2   2943
  8318   8314   3567  2   2943
  8313   8782   8312  2   2943
  8312   8782   8311  2   2943
  8312   8311   3566  2   2943
  8311   8782   3565  2   2943
  3570   3568   8328  2   2949
  3570   8328   8329  2   2949
  8329   8328   3569  2   2949
  8391   1301   8393  2   3546
  8391   8393   3572  2   3546
  8393   1301   1589  2   3546
  1589   1301   1299  2   3546
  8784   8789   8790  1   2958
  8785   8784   8790  1   2958
  8785   8790   8791  1   2958
  8786   8785   8791  1   2958
  8787   8786   8791  1   2958
  8783   8786   8787  1   2958
  8789   8788   8796  1   2958
  8789   8796   8797  1   2958
  8790   8789   8797  1   2958
  8791   8790   8797  1   2958
  8792   8791   8797  1   2958
  8787   8791   8792  1   2958
  8793   8792   8798  1   2958
  8794   8793   8798  1   2958
  8795   8794   8798  1   2958
  8796   8795   8798  1   2958
  8797   8796   8798  1   2958
  8792   8797   8798  1   2958
  8796   8788   8795  1   2958
  8795   8788     20  1   2958
  8795     20   3590  1   2958
  8795   3590   8794  1   2958
  8794   3590     17  1   2958
  8794     17   3585  1   2958
  8794   3585   8793  1   2958
  8793   3585     14  1   2958
  8793     14   3580  1   2958
  8793   3580   8792  1   2958
  8792   3580   8787  1   2958
  8787   3580   8783  1   2958
  8783   3580     11  1   2958
  8783     11      8  1   2958
  8783      8   8786  1   2958
  8786      8   3575  1   2958
  8786   3575   8785  1   2958
  8785   3575      5  1   2958
  8785      5   8784  1   2958
  8784      5      1  1   2958
  8784      1   8789  1   2958
  8789      1   3594  1   2958
  8789   3594   8788  1   2958
  8788   3594     20  1   2958
  8799   8800   8801  1   2959
  8800   8802   8803  1   2959
  8801   8800   8803  1   2959
  8801   8803   8804  1   2959
  8802   8805   8806  1   2959
  8803   8802   8806  1   2959
  8803   8806   8804  1   2959
  8804   8806      4  1   2959
  8804      4   3641  1   2959
  8804   3641     47  1   2959
  8804     47   8801  1   2959
  8801     47     44  1   2959
  8801     44   3631  1   2959
  8801   3631   8799  1   2959
  8799   3631     41  1   2959
  8799     41     38  1   2959
  8799     38     35  1   2959
  8799     35   8800  1   2959
  8800     35   8802  1   2959
  8802     35     32  1   2959
  8802     32   8805  1   2959
  8805     32   8807  1   2959
  8805   8807      2  1   2959
  8805      2   8806  1   2959
  8806      2      4  1   2959
     2   8807     27  1   2959
    27   8807     29  1   2959
    29   8807     32  1   2959
     7     58   3576  1   2960
  3576     58     55  1   2960
  3576     55   3642  1   2960
  3576   3642      6  1   2960
  3642     55     50  1   2960
  3642     50     48  1   2960
    61     59     64  1   2961
    10     70     67  1   2961
    10     67     64  1   2961
    10     64      9  1   2961
     9     64     59  1   2961
  3673     76   8808  1   2962
  3673   8808     13  1   2962
    13   8808   3582  1   2962
  3582   8808     73  1   2962
  3582     73     71  1   2962
  3582     71     12  1   2962
    73   8808     76  1   2962
  8811   8810   8812  1   2963
  8811   8812     97  1   2963
  8811     97     94  1   2963
  8811     94   3679  1   2963
  8811   3679     85  1   2963
  8811     85   8810  1   2963
  8810     85   3677  1   2963
  8810   3677   8809  1   2963
  8810   8809   8812  1   2963
  8812   8809   3674  1   2963
  8812   3674     15  1   2963
  8812     15   3587  1   2963
  8812   3587     97  1   2963
    97   3587     16  1   2963
    97     16    100  1   2963
  3674   8809     82  1   2963
  3674     82     79  1   2963
  3674     79     77  1   2963
    82   8809   3677  1   2963
  3679     94     91  1   2963
  3679     91     88  1   2963
    19     22    112  1   2964
    19    112    109  1   2964
    19    109   3592  1   2964
  3592    109    106  1   2964
  3592    106    103  1   2964
  3592    103    101  1   2964
  3592    101     18  1   2964
     3     26   3595  1   2965
  3595     26     23  1   2965
  3595     23     21  1   2965
    25     28   8813  1   2966
    25   8813     24  1   2966
    24   8813    113  1   2966
   113   8813   3703  1   2966
  3703   8813    115  1   2966
   115   8813     28  1   2966
  8814   8818   8819  1   2967
  8815   8814   8819  1   2967
  8815   8819   8820  1   2967
  8816   8815   8820  1   2967
  8816   8820   8821  1   2967
  8818   8817   8823  1   2967
  8818   8823   8824  1   2967
  8819   8818   8824  1   2967
  8819   8824   8825  1   2967
  8820   8819   8825  1   2967
  8820   8825   8826  1   2967
  8821   8820   8826  1   2967
  8823   8822   8827  1   2967
  8824   8823   8827  1   2967
  8824   8827   8828  1   2967
  8825   8824   8828  1   2967
  8826   8825   8828  1   2967
  8826   8828     30  1   2967
  8826     30   8821  1   2967
  8821     30     31  1   2967
  8821     31    127  1   2967
  8821    127   8816  1   2967
  8816    127    124  1   2967
  8816    124   8815  1   2967
  8815    124   3717  1   2967
  8815   3717   8814  1   2967
  8814   3717    121  1   2967
  8814    121   8817  1   2967
  8814   8817   8818  1   2967
  8817    121   3713  1   2967
  8817   3713   8823  1   2967
  8823   3713   8822  1   2967
  8822   3713    118  1   2967
  8822    118   3708  1   2967
  8822   3708   8827  1   2967
  8827   3708    116  1   2967
  8827    116   8828  1   2967
  8828    116     30  1   2967
    34    128     33  1   2968
  8829   8832   8830  1   2969
  8831   8834   8835  1   2969
  8832   8831   8835  1   2969
  8832   8835   8836  1   2969
  8830   8832   8836  1   2969
  8830   8836   8833  1   2969
  8836   8835   8837  1   2969
  8833   8836   8837  1   2969
  8833   8837     36  1   2969
  8833     36     37  1   2969
  8833     37    153  1   2969
  8833    153   3749  1   2969
  8833   3749   8830  1   2969
  8830   3749   8829  1   2969
  8829   3749    150  1   2969
  8829    150    147  1   2969
  8829    147    144  1   2969
  8829    144   8832  1   2969
  8832    144   8831  1   2969
  8831    144    141  1   2969
  8831    141   8834  1   2969
  8834    141    136  1   2969
  8834    136    133  1   2969
  8834    133    130  1   2969
  8834    130    125  1   2969
  8834    125   8835  1   2969
  8835    125   8837  1   2969
  8837    125    126  1   2969
  8837    126     36  1   2969
    40    156    154  1   2970
    40    154     39  1   2970
    43    171   3782  1   2971
    43   3782   8838  1   2971
    43   8838   3635  1   2971
  3635   8838   3767  1   2971
  3635   3767    159  1   2971
  3635    159    157  1   2971
  3635    157     42  1   2971
  3767   8838   3769  1   2971
  3769   8838    162  1   2971
   162   8838    165  1   2971
   165   8838    168  1   2971
   168   8838   3782  1   2971
    46     49    172  1   2972
    46    172     45  1   2972
  8839   8842   8843  1   2973
  8840   8839   8843  1   2973
  8840   8843   8844  1   2973
  8841   8840   8844  1   2973
  8842   8845   8846  1   2973
  8843   8842   8846  1   2973
  8843   8846   8847  1   2973
  8844   8843   8847  1   2973
  8846   8845   8848  1   2973
  8846   8848    183  1   2973
  8846    183   8847  1   2973
  8847    183    180  1   2973
  8847    180   3814  1   2973
  8847   3814   8844  1   2973
  8844   3814   8841  1   2973
  8841   3814    177  1   2973
  8841    177    174  1   2973
  8841    174   3806  1   2973
  8841   3806   8840  1   2973
  8840   3806   3802  1   2973
  8840   3802   8839  1   2973
  8839   3802    169  1   2973
  8839    169   3786  1   2973
  8839   3786   8842  1   2973
  8842   3786    170  1   2973
  8842    170   8845  1   2973
  8845    170     51  1   2973
  8845     51   8848  1   2973
  8848     51     54  1   2973
  8848     54     62  1   2973
  8848     62     63  1   2973
  8848     63    183  1   2973
    57     60     56  1   2974
    66    184     65  1   2975
  8849   8850   8854  1   2976
  8849   8854   8851  1   2976
  8852   8858   8859  1   2976
  8853   8852   8859  1   2976
  8853   8859   8860  1   2976
  8854   8853   8860  1   2976
  8855   8854   8860  1   2976
  8851   8854   8855  1   2976
  8856   8855   8861  1   2976
  8856   8861   8862  1   2976
  8857   8856   8862  1   2976
  8858   8865   8866  1   2976
  8859   8858   8866  1   2976
  8860   8859   8866  1   2976
  8861   8860   8866  1   2976
  8855   8860   8861  1   2976
  8862   8861   8867  1   2976
  8863   8862   8867  1   2976
  8864   8863   8867  1   2976
  8865   8864   8867  1   2976
  8866   8865   8867  1   2976
  8861   8866   8867  1   2976
  8865   8858     69  1   2976
  8865     69   8864  1   2976
  8864     69     72  1   2976
  8864     72   3834  1   2976
  8864   3834   8863  1   2976
  8863   3834    198  1   2976
  8863    198   8857  1   2976
  8863   8857   8862  1   2976
  8857    198   3829  1   2976
  8857   3829    195  1   2976
  8857    195   8856  1   2976
  8856    195    192  1   2976
  8856    192   8851  1   2976
  8856   8851   8855  1   2976
  8851    192   8849  1   2976
  8849    192    189  1   2976
  8849    189    186  1   2976
  8849    186   8850  1   2976
  8850    186   3818  1   2976
  8850   3818   8853  1   2976
  8850   8853   8854  1   2976
  8853   3818    181  1   2976
  8853    181   8852  1   2976
  8852    181    182  1   2976
  8852    182   8858  1   2976
  8858    182     68  1   2976
  8858     68     69  1   2976
    75     78   3836  1   2977
    75   3836     74  1   2977
  3836     78    210  1   2977
  3836    210    199  1   2977
   199    210    201  1   2977
   201    210    207  1   2977
   201    207    204  1   2977
    81    211     80  1   2978
    84    213   8868  1   2979
    84   8868   3678  1   2979
  3678   8868    209  1   2979
  3678    209     83  1   2979
   209   8868    208  1   2979
   208   8868    213  1   2979
    87    222   8870  1   2980
    87   8870   3680  1   2980
  3680   8870   8869  1   2980
  3680   8869     86  1   2980
    86   8869    214  1   2980
   214   8869    216  1   2980
   216   8869    219  1   2980
   219   8869   8870  1   2980
   219   8870    222  1   2980
   234    231    237  1   2981
  8873   8872   8874  1   2981
  8873   8874   8875  1   2981
  8873   8875    237  1   2981
  8873    237    231  1   2981
  8873    231   8872  1   2981
  8872    231    228  1   2981
  8872    228   8871  1   2981
  8872   8871   3872  1   2981
  8872   3872   8874  1   2981
  8874   3872   3870  1   2981
  8874   3870   8875  1   2981
  8875   3870    246  1   2981
  8875    246    243  1   2981
  8875    243    240  1   2981
  8875    240    237  1   2981
  3872   8871     90  1   2981
    90   8871     89  1   2981
    89   8871    223  1   2981
   223   8871    228  1   2981
   223    228    225  1   2981
    93     98   8876  1   2982
    93   8876   3873  1   2982
    93   3873     92  1   2982
  3873   8876   3871  1   2982
  3871   8876    247  1   2982
   247   8876   8877  1   2982
   247   8877    102  1   2982
   102   8877     99  1   2982
    99   8877     98  1   2982
    98   8877   8876  1   2982
  8879   8878   8880  1   2984
  8879   8880    252  1   2984
  8879    252    249  1   2984
  8879    249   3876  1   2984
  8879   3876   8878  1   2984
  8878   3876    244  1   2984
  8878    244    245  1   2984
  8878    245    104  1   2984
  8878    104   8880  1   2984
  8880    104    105  1   2984
  8880    105    252  1   2984
   108    253    107  1   2985
  8881   8883   8884  1   2986
  8883   8882   8885  1   2986
  8883   8885   8886  1   2986
  8884   8883   8886  1   2986
  8886   8885   8887  1   2986
  8886   8887   3704  1   2986
  8886   3704   8884  1   2986
  8884   3704    114  1   2986
  8884    114   3710  1   2986
  8884   3710   8881  1   2986
  8881   3710    117  1   2986
  8881    117    264  1   2986
  8881    264    261  1   2986
  8881    261   8883  1   2986
  8883    261   3882  1   2986
  8883   3882   8882  1   2986
  8882   3882   3878  1   2986
  8882   3878    250  1   2986
  8882    250   8885  1   2986
  8885    250    251  1   2986
  8885    251   8887  1   2986
  8887    251    110  1   2986
  8887    110    111  1   2986
  8887    111   3704  1   2986
  3878   3882    258  1   2986
  3878    258    255  1   2986
   120    279    276  1   2987
   120    276   3715  1   2987
  3715    276    273  1   2987
  3715    273    270  1   2987
  3715    270    267  1   2987
  3715    267    119  1   2987
   119    267    265  1   2987
   123    129   3718  1   2988
  3718    129    280  1   2988
  3718    280    122  1   2988
   132    285    131  1   2989
  3903    282   8888  1   2989
  3903   8888    131  1   2989
  3903    131    285  1   2989
   131   8888    278  1   2989
   278   8888    277  1   2989
   277   8888   3900  1   2989
  3900   8888    282  1   2989
   135    286    134  1   2990
  8889   8892   8893  1   2991
  8890   8889   8893  1   2991
  8890   8893   8894  1   2991
  8891   8897   8898  1   2991
  8892   8891   8898  1   2991
  8892   8898   8899  1   2991
  8893   8892   8899  1   2991
  8893   8899   8900  1   2991
  8894   8893   8900  1   2991
  8894   8900   8901  1   2991
  8895   8894   8901  1   2991
  8899   8898   8902  1   2991
  8899   8902   8903  1   2991
  8900   8899   8903  1   2991
  8900   8903   8904  1   2991
  8901   8900   8904  1   2991
  8901   8904   8896  1   2991
  8901   8896   8895  1   2991
  8895   8896    297  1   2991
  8895    297    294  1   2991
  8895    294   8894  1   2991
  8894    294   8890  1   2991
  8890    294   3919  1   2991
  8890   3919    291  1   2991
  8890    291   8889  1   2991
  8889    291   3915  1   2991
  8889   3915   8891  1   2991
  8889   8891   8892  1   2991
  8891   3915    288  1   2991
  8891    288   8897  1   2991
  8897    288   3910  1   2991
  8897   3910   8902  1   2991
  8897   8902   8898  1   2991
  8902   3910    283  1   2991
  8902    283   8903  1   2991
  8903    283   3905  1   2991
  8903   3905   8904  1   2991
  8904   3905    284  1   2991
  8904    284    137  1   2991
  8904    137   8896  1   2991
  8896    137    140  1   2991
  8896    140    297  1   2991
   143    298    142  1   2992
  8906   8905   8909  1   2993
  8906   8909   8910  1   2993
  8905   8907   8911  1   2993
  8905   8911   8908  1   2993
  8905   8908   8909  1   2993
  8909   8908   8913  1   2993
  8908   8911   8914  1   2993
  8908   8914   8912  1   2993
  8908   8912   8913  1   2993
  8913   8912    145  1   2993
  8913    145    146  1   2993
  8913    146    324  1   2993
  8913    324   8910  1   2993
  8913   8910   8909  1   2993
  8910    324    321  1   2993
  8910    321    318  1   2993
  8910    318    312  1   2993
  8910    312   8906  1   2993
  8906    312    309  1   2993
  8906    309   8905  1   2993
  8905    309   8907  1   2993
  8907    309    306  1   2993
  8907    306    303  1   2993
  8907    303    295  1   2993
  8907    295   8911  1   2993
  8911    295   8914  1   2993
  8914    295    296  1   2993
  8914    296    145  1   2993
  8914    145   8912  1   2993
   295    303    300  1   2993
   312    318    315  1   2993
   149    332    148  1   2994
   148    332    325  1   2994
   325    332    329  1   2994
   152    155    158  1   2995
   152    158   3752  1   2995
  3752    158   3971  1   2995
  3752   3971    151  1   2995
   151   3971    335  1   2995
   151    335    333  1   2995
   335   3971    338  1   2995
  8915   8916   8917  1   2996
  8915   8917    347  1   2996
  8915    347    344  1   2996
  8915    344    341  1   2996
  8915    341    339  1   2996
  8915    339   8916  1   2996
  8916    339   3974  1   2996
  8916   3974   3768  1   2996
  8916   3768   8917  1   2996
  8917   3768   3770  1   2996
  8917   3770    161  1   2996
  8917    161    350  1   2996
  8917    350    347  1   2996
  3768   3974    160  1   2996
  8919   8918   8922  1   2997
  8919   8922   8923  1   2997
  8920   8919   8923  1   2997
  8920   8923   4006  1   2997
  8920   4006   8921  1   2997
  8920   8921    365  1   2997
  8920    365    362  1   2997
  8920    362    359  1   2997
  8920    359   8919  1   2997
  8919    359   3992  1   2997
  8919   3992   8918  1   2997
  8918   3992    351  1   2997
  8918    351    163  1   2997
  8918    163   8922  1   2997
  8922    163    164  1   2997
  8922    164   4008  1   2997
  8922   4008   8923  1   2997
  8923   4008   4006  1   2997
   351   3992    353  1   2997
   353   3992    356  1   2997
   365   8921    368  1   2997
   368   8921   4004  1   2997
  4004   8921   4006  1   2997
  3809    173   8924  1   2998
  3809   8924   4005  1   2998
  3809   4005   4007  1   2998
  3809   4007   3805  1   2998
  3805   4007   4009  1   2998
  3805   4009    167  1   2998
   167   4009    166  1   2998
  4005   8924    371  1   2998
  4005    371    369  1   2998
   371   8924    374  1   2998
   374   8924    377  1   2998
   377   8924    380  1   2998
   380   8924    173  1   2998
  8333    187    386  1   2999
  8333    386    383  1   2999
  8333    383    176  1   2999
   176    383    381  1   2999
   176    381    175  1   2999
   386    187    188  1   2999
  3819    185   8334  1   3000
  3819   8334   3815  1   3000
  3819   3815    179  1   3000
  3815   8334    178  1   3000
   191    395    392  1   3001
   191    392    190  1   3001
   190    392    389  1   3001
   190    389    387  1   3001
  4064    401   8925  1   3002
  4064   8925    194  1   3002
   194   8925    193  1   3002
   193   8925    396  1   3002
   396   8925    398  1   3002
   398   8925    401  1   3002
  8926   8928   8929  1   3003
  8927   8926   8929  1   3003
  8929   8928   8930  1   3003
  8929   8930   8931  1   3003
  8929   8931    200  1   3003
  8929    200    419  1   3003
  8929    419   8927  1   3003
  8927    419    416  1   3003
  8927    416    410  1   3003
  8927    410    407  1   3003
  8927    407   8926  1   3003
  8926    407   4065  1   3003
  8926   4065   8928  1   3003
  8928   4065   8930  1   3003
  8930   4065    196  1   3003
  8930    196   3831  1   3003
  8930   3831    197  1   3003
  8930    197   8931  1   3003
  8931    197    200  1   3003
  4065    407    404  1   3003
  4065    404    402  1   3003
   410    416    413  1   3003
   203    420    202  1   3004
   428    425    431  1   3005
   206    212   8932  1   3005
   206   8932    418  1   3005
   206    418    205  1   3005
   418   8932    417  1   3005
   417   8932   4074  1   3005
  4074   8932   4076  1   3005
  4076   8932    431  1   3005
  4076    431    425  1   3005
  4076    425    422  1   3005
   431   8932    215  1   3005
   215   8932    212  1   3005
   218    440    437  1   3006
   218    437    434  1   3006
   218    434    432  1   3006
   218    432    217  1   3006
   221    224    220  1   3007
   220    224    441  1   3007
   227    438    439  1   3008
   227    439    226  1   3008
   230    461    229  1   3009
   461    458   8935  1   3009
   461   8935    229  1   3009
   229   8935    435  1   3009
   229    435    436  1   3009
   435   8935   8934  1   3009
   435   8934   8933  1   3009
   435   8933    443  1   3009
   443   8933    446  1   3009
   446   8933   4110  1   3009
   446   4110    449  1   3009
  4110   8933    452  1   3009
   452   8933    455  1   3009
   455   8933   8934  1   3009
   455   8934   8935  1   3009
   455   8935    458  1   3009
   233    462    232  1   3010
   460    235    459  1   3011
   236    467    464  1   3011
   236    464    235  1   3011
   235    464    459  1   3011
  4136    473   8936  1   3012
  4136   8936    239  1   3012
   239   8936    238  1   3012
   238   8936    468  1   3012
   468   8936    473  1   3012
   468    473    470  1   3012
  3877    248   3879  1   3013
  3877   3879    254  1   3013
  3877    254   8937  1   3013
  3877   8937   4137  1   3013
  3877   4137    241  1   3013
  3877    241    242  1   3013
  4137   8937    474  1   3013
   474   8937    476  1   3013
   476   8937    254  1   3013
   257    503   8938  1   3014
   257   8938    256  1   3014
   256   8938    477  1   3014
   477   8938    482  1   3014
   477    482    479  1   3014
   482   8938    485  1   3014
   485   8938    488  1   3014
   488   8938    491  1   3014
   491   8938   8939  1   3014
   491   8939    494  1   3014
   494   8939   4156  1   3014
   494   4156    497  1   3014
   497   4156    500  1   3014
  4156   8939   4158  1   3014
  4158   8939   8938  1   3014
  4158   8938    503  1   3014
  4163    504   3883  1   3015
  4163   3883    260  1   3015
  3883    504    259  1   3015
   263    266   8941  1   3016
   263   8941    262  1   3016
   262   8941   4165  1   3016
  4165   8941   8940  1   3016
  4165   8940   4159  1   3016
  4165   4159    502  1   3016
  4159   8940   4157  1   3016
  4157   8940   8941  1   3016
  4157   8941    501  1   3016
   501   8941    266  1   3016
   498    499   4169  1   3017
   269    509   8942  1   3017
   269   8942    268  1   3017
   268   8942    499  1   3017
   499   8942   4169  1   3017
  4169   8942    506  1   3017
   506   8942    509  1   3017
   272    510    271  1   3018
  8944   8943   8946  1   3019
  8944   8946   3901  1   3019
  8944   3901    281  1   3019
  8944    281   3912  1   3019
  8944   3912   8943  1   3019
  8943   3912   4181  1   3019
  8943   4181   8945  1   3019
  8943   8945   8946  1   3019
  8946   8945    508  1   3019
  8946    508   3901  1   3019
  3901    508    274  1   3019
  3901    274    275  1   3019
   508   8945    507  1   3019
   507   8945   4171  1   3019
  4171   8945   4179  1   3019
  4171   4179   4173  1   3019
  4173   4179    515  1   3019
  4173    515    512  1   3019
  4179   8945   4181  1   3019
  4181   3912    518  1   3019
   518   3912    287  1   3019
   518    287    521  1   3019
   522    289    524  1   3020
   290    536    533  1   3020
   290    533    530  1   3020
   290    530   3917  1   3020
  3917    530    527  1   3020
  3917    527    524  1   3020
  3917    524    289  1   3020
   293    299   3920  1   3021
  3920    299    537  1   3021
  3920    537    292  1   3021
   302    542    301  1   3022
   301    542   4206  1   3022
   301   4206   8947  1   3022
   301   8947    535  1   3022
   535   8947   4203  1   3022
   535   4203    534  1   3022
  4203   8947    539  1   3022
   539   8947   4206  1   3022
   305    543    304  1   3023
  8949   8951   8952  1   3024
  8949   8952   8953  1   3024
  8948   8949   8953  1   3024
  8948   8953   8950  1   3024
  8951   8955   8956  1   3024
  8952   8951   8956  1   3024
  8952   8956   8957  1   3024
  8953   8952   8957  1   3024
  8953   8957   8958  1   3024
  8950   8953   8958  1   3024
  8950   8958   8954  1   3024
  8956   8955   8960  1   3024
  8956   8960   8961  1   3024
  8957   8956   8961  1   3024
  8957   8961   8962  1   3024
  8958   8957   8962  1   3024
  8954   8958   8962  1   3024
  8954   8962   8959  1   3024
  8962   8961   8964  1   3024
  8963   8962   8964  1   3024
  8959   8962   8963  1   3024
  8963   8964    308  1   3024
  8963    308    557  1   3024
  8963    557   8959  1   3024
  8959    557   8954  1   3024
  8954    557    554  1   3024
  8954    554   8950  1   3024
  8950    554   4226  1   3024
  8950   4226   8948  1   3024
  8948   4226    551  1   3024
  8948    551   8949  1   3024
  8949    551   4222  1   3024
  8949   4222   8951  1   3024
  8951   4222    548  1   3024
  8951    548    545  1   3024
  8951    545   8955  1   3024
  8955    545   4213  1   3024
  8955   4213    540  1   3024
  8955    540   8960  1   3024
  8960    540   4208  1   3024
  8960   4208   8961  1   3024
  8961   4208   8964  1   3024
  8964   4208    541  1   3024
  8964    541    307  1   3024
  8964    307    308  1   3024
   311    560   4230  1   3025
   311   4230    310  1   3025
   310   4230    558  1   3025
   314    566    561  1   3026
   314    561    313  1   3026
   561    566    563  1   3026
   317    567    316  1   3027
   320    580   4254  1   3028
   320   4254    319  1   3028
   319   4254    564  1   3028
   319    564    565  1   3028
   564   4254    571  1   3028
   571   4254    577  1   3028
   571    577    574  1   3028
   323    328    581  1   3029
   323    581    322  1   3029
   583    578   4270  1   3030
   331    334   8966  1   3030
   331   8966    579  1   3030
   331    579    330  1   3030
   579   8966   4257  1   3030
  4257   8966   8965  1   3030
  4257   8965    578  1   3030
   578   8965   4270  1   3030
  4270   8965    586  1   3030
   586   8965   8966  1   3030
   586   8966    589  1   3030
   589   8966    334  1   3030
   337    340    336  1   3031
   336    340    590  1   3031
   343    610   8968  1   3032
   343   8968    342  1   3032
   342   8968    588  1   3032
   588   8968    587  1   3032
   587   8968    607  1   3032
   587    607   4299  1   3032
   587   4299   4282  1   3032
  4282   4299    592  1   3032
   592   4299   8967  1   3032
   592   8967    595  1   3032
   595   8967    598  1   3032
   598   8967    604  1   3032
   598    604    601  1   3032
   604   8967   4299  1   3032
   607   8968    610  1   3032
   346    354    355  1   3033
   346    355    611  1   3033
   346    611    345  1   3033
   349    352    348  1   3034
   358    619    616  1   3035
   358    616   8969  1   3035
   358   8969   3994  1   3035
  3994   8969    609  1   3035
  3994    609    357  1   3035
   609   8969   4316  1   3035
   609   4316    608  1   3035
  4316   8969    613  1   3035
   613   8969    616  1   3035
   361    625    622  1   3036
   361    622    620  1   3036
   361    620    360  1   3036
   364    626    363  1   3037
   367    370   4353  1   3038
   367   4353   8970  1   3038
   367   8970    366  1   3038
   366   8970   4341  1   3038
   366   4341    624  1   3038
   624   4341    623  1   3038
  4341   8970    628  1   3038
   628   8970   8971  1   3038
   628   8971    631  1   3038
   631   8971   4351  1   3038
   631   4351    634  1   3038
  4351   8971   4353  1   3038
  4353   8971   8970  1   3038
  4371    646    637  1   3039
  4371    637    635  1   3039
  4371    635   4352  1   3039
  4371   4352   4375  1   3039
  4375   4352   4354  1   3039
  4375   4354    373  1   3039
   373   4354    372  1   3039
   637    646    640  1   3039
   640    646    643  1   3039
  8974   8973   8976  1   3040
  8974   8976   8977  1   3040
  8975   8974   8977  1   3040
  8975   8977    655  1   3040
  8975    655    649  1   3040
  8975    649   8972  1   3040
  8975   8972   8974  1   3040
  8974   8972   4374  1   3040
  8974   4374   4378  1   3040
  8974   4378   8973  1   3040
  8973   4378    375  1   3040
  8973    375    376  1   3040
  8973    376    384  1   3040
  8973    384   8976  1   3040
  8976    384    385  1   3040
  8976    385    658  1   3040
  8976    658   8977  1   3040
  8977    658    655  1   3040
   658    385    388  1   3040
  4374   8972    647  1   3040
   647   8972    649  1   3040
   649    655    652  1   3040
   379    382    378  1   3041
   391    659    390  1   3042
  8979   8978   8984  1   3043
  8979   8984   8985  1   3043
  8980   8979   8985  1   3043
  8980   8985   8986  1   3043
  8981   8980   8986  1   3043
  8981   8986   8987  1   3043
  8982   8989   8990  1   3043
  8983   8982   8990  1   3043
  8984   8983   8990  1   3043
  8978   8983   8984  1   3043
  8985   8984   8991  1   3043
  8985   8991   8992  1   3043
  8986   8985   8992  1   3043
  8987   8986   8992  1   3043
  8987   8992   8993  1   3043
  8989   8988   8994  1   3043
  8990   8989   8994  1   3043
  8991   8990   8994  1   3043
  8984   8990   8991  1   3043
  8992   8991   8995  1   3043
  8993   8992   8995  1   3043
  8991   8994   8995  1   3043
  8995   8994    394  1   3043
  8995    394    397  1   3043
  8995    397   8993  1   3043
  8993    397   4401  1   3043
  8993   4401   8987  1   3043
  8987   4401    670  1   3043
  8987    670   8981  1   3043
  8981    670    667  1   3043
  8981    667    664  1   3043
  8981    664   8980  1   3043
  8980    664   4394  1   3043
  8980   4394   8979  1   3043
  8979   4394   4391  1   3043
  8979   4391   8978  1   3043
  8978   4391   4388  1   3043
  8978   4388   8983  1   3043
  8983   4388    661  1   3043
  8983    661   8982  1   3043
  8982    661    656  1   3043
  8982    656    657  1   3043
  8982    657   8989  1   3043
  8989    657   8988  1   3043
  8988    657    393  1   3043
  8988    393    394  1   3043
  8988    394   8994  1   3043
   400    403   4403  1   3044
   400   4403    399  1   3044
  4403    403    685  1   3044
  4403    685    671  1   3044
   671    685   8996  1   3044
   671   8996    673  1   3044
   673   8996    676  1   3044
   676   8996    679  1   3044
   679   8996    682  1   3044
   682   8996    685  1   3044
   406    686    405  1   3045
   409    688   8998  1   3046
   409   8998   8997  1   3046
   409   8997    408  1   3046
   408   8997    684  1   3046
   684   8997    683  1   3046
   683   8997   4416  1   3046
  4416   8997   8998  1   3046
  4416   8998    688  1   3046
  4423    694    691  1   3047
  4423    691    689  1   3047
  4423    689    411  1   3047
  4423    411    412  1   3047
  4077    421    702  1   3048
  4077    702    697  1   3048
  4077    697    695  1   3048
  4077    695   4425  1   3048
  4077   4425   4075  1   3048
  4075   4425    414  1   3048
  4075    414    415  1   3048
   708    705   4441  1   3049
   424   3569    423  1   3049
  8325    444   4441  1   3049
  8325   4441    705  1   3049
  8325    705   3569  1   3049
  3569    705    423  1   3049
   423    705    703  1   3049
  4441    444    445  1   3049
  4441    445    711  1   3049
   426    427   3570  1   3050
  3568    429   8327  1   3051
   430    433   8999  1   3051
   430   8999    429  1   3051
   429   8999   8327  1   3051
  8327   8999    433  1   3051
  8327    433    442  1   3051
   448    717    712  1   3052
   448    712    447  1   3052
   712    717    714  1   3052
   451    723   4111  1   3053
  4111    723    720  1   3053
  4111    720    718  1   3053
  4111    718    450  1   3053
  9000   9001   9002  1   3054
  9000   9002   4464  1   3054
  9000   4464    726  1   3054
  9000    726   4460  1   3054
  9000   4460   9001  1   3054
  9001   4460    453  1   3054
  9001    453    454  1   3054
  9001    454   4468  1   3054
  9001   4468   9002  1   3054
  9002   4468   4466  1   3054
  9002   4466   4464  1   3054
   453   4460    724  1   3054
   729    727    732  1   3055
   457    463   4469  1   3055
   457   4469    456  1   3055
  4469    463   4482  1   3055
  4469   4482   9007  1   3055
  4469   9007   4467  1   3055
  4467   9007   9004  1   3055
  4467   9004   4465  1   3055
  4465   9004   9003  1   3055
  4465   9003   4472  1   3055
  4465   4472    732  1   3055
  4465    732    727  1   3055
  4472   9003   4474  1   3055
  4474   9003   9006  1   3055
  4474   9006   4476  1   3055
  4476   9006   4478  1   3055
  4476   4478    735  1   3055
   735   4478    738  1   3055
  4478   9006   9005  1   3055
  4478   9005   4480  1   3055
  4480   9005   9004  1   3055
  4480   9004   9007  1   3055
  4480   9007   4482  1   3055
  9004   9005   9003  1   3055
  9003   9005   9006  1   3055
  9008   9009   9010  1   3056
  9008   9010   4485  1   3056
  9008   4485    739  1   3056
  9008    739   4479  1   3056
  9008   4479   4481  1   3056
  9008   4481   9009  1   3056
  9009   4481   4483  1   3056
  9009   4483    465  1   3056
  9009    465    466  1   3056
  9009    466   9010  1   3056
  9010    466    469  1   3056
  9010    469   4485  1   3056
  4485    469    741  1   3056
   472    475    471  1   3057
   471    475    478  1   3057
   471    478    742  1   3057
   742    478    744  1   3057
   481    745    480  1   3058
   484    756   4487  1   3059
   484   4487    483  1   3059
   483   4487    740  1   3059
   483    740    743  1   3059
  4487    756    753  1   3059
  4487    753    750  1   3059
  4487    750    737  1   3059
   737    750    736  1   3059
   736    750    747  1   3059
   487    757    486  1   3060
   490    759   4521  1   3061
   490   4521    489  1   3061
   489   4521    754  1   3061
   489    754    755  1   3061
   493    768    762  1   3062
   493    762    760  1   3062
   493    760    492  1   3062
   762    768    765  1   3062
  4170    505   4172  1   3063
  4170   4172   9012  1   3063
  4170   9012    495  1   3063
  4170    495    496  1   3063
   495   9012    769  1   3063
   769   9012   9011  1   3063
   769   9011    771  1   3063
   771   9011    511  1   3063
   511   9011   4174  1   3063
  4174   9011   9012  1   3063
  4174   9012   4172  1   3063
   777    774    782  1   3064
   514    802   9015  1   3064
   514   9015   9014  1   3064
   514   9014    513  1   3064
   513   9014    772  1   3064
   772   9014    782  1   3064
   772    782    774  1   3064
   782   9014    785  1   3064
   785   9014    790  1   3064
   790   9014   9015  1   3064
   790   9015   9013  1   3064
   790   9013    793  1   3064
   793   9013   4567  1   3064
   793   4567    796  1   3064
   796   4567    799  1   3064
  4567   9013   4569  1   3064
  4569   9013   9015  1   3064
  4569   9015    802  1   3064
   517    803   4182  1   3065
  4182    803   4180  1   3065
  4180    803    516  1   3065
   805    800    808  1   3066
  9017   9016   9018  1   3066
  9017   9018   9019  1   3066
  9017   9019    523  1   3066
  9017    523   4582  1   3066
  9017   4582   9016  1   3066
  9016   4582    808  1   3066
  9016    808   4568  1   3066
  9016   4568   4570  1   3066
  9016   4570   9018  1   3066
  9018   4570    801  1   3066
  9018    801   9019  1   3066
  9019    801    519  1   3066
  9019    519    520  1   3066
  9019    520    523  1   3066
  4568    808    800  1   3066
   526    814   9021  1   3067
   526   9021    525  1   3067
   525   9021   4584  1   3067
  4584   9021   9020  1   3067
  4584   9020    809  1   3067
   809   9020   4586  1   3067
  4586   9020   9021  1   3067
  4586   9021    811  1   3067
   811   9021    814  1   3067
   529    815    528  1   3068
  9023   9022   9024  1   3069
  9023   9024   4204  1   3069
  9023   4204    538  1   3069
  9023    538   4215  1   3069
  9023   4215   4591  1   3069
  9023   4591   9022  1   3069
  9022   4591    820  1   3069
  9022    820    812  1   3069
  9022    812   9024  1   3069
  9024    812    813  1   3069
  9024    813   4204  1   3069
  4204    813    531  1   3069
  4204    531    532  1   3069
   812    820    817  1   3069
  4591   4215    544  1   3069
   826    823   4602  1   3070
  9026   9025   9027  1   3070
  9026   9027    546  1   3070
  9026    546    547  1   3070
  9026    547    829  1   3070
  9026    829   4602  1   3070
  9026   4602   9025  1   3070
  9025   4602    823  1   3070
  9025    823   4597  1   3070
  9025   4597   4595  1   3070
  9025   4595   9027  1   3070
  9027   4595    821  1   3070
  9027    821   4593  1   3070
  9027   4593    546  1   3070
   550    841    838  1   3071
   550    838    835  1   3071
   550    835   4224  1   3071
  4224    835    832  1   3071
  4224    832    830  1   3071
  4224    830    549  1   3071
   553    844   4227  1   3072
  4227    844    842  1   3072
  4227    842    552  1   3072
  9029   9028   9031  1   3073
  9029   9031   9032  1   3073
  9028   9030   9031  1   3073
  9031   9030   9035  1   3073
  9031   9035   9036  1   3073
  9032   9031   9036  1   3073
  9032   9036   9037  1   3073
  9033   9032   9037  1   3073
  9030   9034   9035  1   3073
  9035   9034   9038  1   3073
  9035   9038   9039  1   3073
  9036   9035   9039  1   3073
  9036   9039   9040  1   3073
  9037   9036   9040  1   3073
  9037   9040   4649  1   3073
  9037   4649    859  1   3073
  9037    859   9033  1   3073
  9033    859    856  1   3073
  9033    856    853  1   3073
  9033    853    850  1   3073
  9033    850   9032  1   3073
  9032    850   9029  1   3073
  9029    850    847  1   3073
  9029    847   9028  1   3073
  9028    847    845  1   3073
  9028    845    555  1   3073
  9028    555   9030  1   3073
  9030    555    556  1   3073
  9030    556   9034  1   3073
  9034    556   9038  1   3073
  9038    556   4231  1   3073
  9038   4231   9039  1   3073
  9039   4231    559  1   3073
  9039    559    562  1   3073
  9039    562    570  1   3073
  9039    570   9040  1   3073
  9040    570   4649  1   3073
   573    868   4653  1   3074
   573   4653    572  1   3074
  4653    868    865  1   3074
  4653    865    862  1   3074
  4653    862    860  1   3074
   576    582    575  1   3075
  9042   9044   9045  1   3075
  9043   9042   9045  1   3075
  9043   9045    871  1   3075
  9043    871   4673  1   3075
  9043   4673   9042  1   3075
  9042   4673   9041  1   3075
  9042   9041   4687  1   3075
  9042   4687   9044  1   3075
  9044   4687    880  1   3075
  9044    880    877  1   3075
  9044    877   9045  1   3075
  9045    877    874  1   3075
  9045    874    871  1   3075
   880   4687    883  1   3075
  4687   9041    886  1   3075
   886   9041    869  1   3075
   886    869    582  1   3075
   582    869    575  1   3075
   869   9041   4669  1   3075
  4669   9041   4673  1   3075
  4285    591   4271  1   3076
  4285   4271    585  1   3076
  4271    591    887  1   3076
  4271    887    584  1   3076
  4700    892    884  1   3077
  4700    884   4690  1   3077
  4700   4690    594  1   3077
   594   4690    885  1   3077
   594    885    593  1   3077
   884    892    889  1   3077
   597    901    596  1   3078
   596    901   4702  1   3078
  4702    901   4708  1   3078
  4702   4708    898  1   3078
  4702    898    893  1   3078
   893    898    895  1   3078
   907    904    910  1   3079
   600    916    599  1   3079
   599    916   9046  1   3079
   599   9046    902  1   3079
   902   9046    904  1   3079
   904   9046    910  1   3079
   910   9046    913  1   3079
   913   9046    916  1   3079
   603    922    602  1   3080
   602    922    917  1   3080
   917    922    919  1   3080
  4318    612    931  1   3081
  4318    931   4742  1   3081
  4318   4742    606  1   3081
   606   4742   4740  1   3081
   606   4740   4303  1   3081
  4303   4740   9048  1   3081
  4303   9048   9047  1   3081
  4303   9047   4734  1   3081
  4303   4734    605  1   3081
   605   4734    923  1   3081
  4734   9047   4736  1   3081
  4736   9047    925  1   3081
   925   9047   9048  1   3081
   925   9048    928  1   3081
   928   9048   4738  1   3081
  4738   9048   4740  1   3081
   931    612    934  1   3081
  4765    943    937  1   3082
  4765    937   4753  1   3082
  4765   4753    614  1   3082
  4765    614    615  1   3082
   614   4753    935  1   3082
   937    943    940  1   3082
   618    621   9050  1   3083
   618   9050    617  1   3083
   617   9050   4766  1   3083
  4766   9050   9049  1   3083
  4766   9049    944  1   3083
   944   9049    946  1   3083
   946   9049   9050  1   3083
   946   9050   4343  1   3083
   946   4343    949  1   3083
   949   4343    627  1   3083
  4343   9050    621  1   3083
   630    952    629  1   3084
   629    952    950  1   3084
   633    636   4784  1   3085
   633   4784    632  1   3085
   632   4784    953  1   3085
   953   4784    955  1   3085
  4784    636    958  1   3085
   639    964    961  1   3086
   639    961    959  1   3086
   639    959    638  1   3086
   642    976    641  1   3087
   976    973    965  1   3087
   976    965    641  1   3087
   965    973    970  1   3087
   965    970    967  1   3087
   977    644    981  1   3088
   645    648    981  1   3088
   645    981    644  1   3088
   651    662   4822  1   3089
   651   4822    650  1   3089
   650   4822   4819  1   3089
   650   4819    982  1   3089
   982   4819    984  1   3089
  4822    662   4825  1   3089
  4825    662   4390  1   3089
  4825   4390    987  1   3089
   987   4390   4393  1   3089
   987   4393   4829  1   3089
  4829   4393   4396  1   3089
  4829   4396    663  1   3089
  4829    663   9051  1   3089
  4829   9051    990  1   3089
   990   9051    993  1   3089
   993   9051    996  1   3089
   996   9051   9052  1   3089
   996   9052    999  1   3089
   999   9052   4835  1   3089
   999   4835   1002  1   3089
  4835   9052    663  1   3089
   663   9052   9051  1   3089
   654    660    653  1   3090
   666    674   4836  1   3091
   666   4836    665  1   3091
  4836    674   1003  1   3091
  1003    674    675  1   3091
  1003    675   1005  1   3091
   669    672    668  1   3092
  9053   9055   9056  1   3093
  9054   9053   9056  1   3093
  9054   9056   4870  1   3093
  9054   4870   4868  1   3093
  9054   4868   1023  1   3093
  9054   1023   1020  1   3093
  9054   1020   1017  1   3093
  9054   1017   1014  1   3093
  9054   1014   1011  1   3093
  9054   1011   9053  1   3093
  9053   1011   1008  1   3093
  9053   1008   4844  1   3093
  9053   4844   9055  1   3093
  9055   4844   1006  1   3093
  9055   1006   9057  1   3093
  9055   9057   9056  1   3093
  9056   9057   4872  1   3093
  9056   4872   4870  1   3093
  4872   9057    678  1   3093
   678   9057    677  1   3093
   677   9057   1006  1   3093
  1023   4868   1026  1   3093
  9058   9061   9062  1   3094
  9059   9058   9062  1   3094
  9059   9062    690  1   3094
  9059    690   1032  1   3094
  9059   1032   1029  1   3094
  9059   1029   4869  1   3094
  9059   4869   9058  1   3094
  9058   4869   4871  1   3094
  9058   4871   9061  1   3094
  9061   4871   4873  1   3094
  9061   4873   9060  1   3094
  9061   9060   4418  1   3094
  9061   4418    687  1   3094
  9061    687   9062  1   3094
  9062    687    690  1   3094
  4418   9060    681  1   3094
   681   9060    680  1   3094
   680   9060   4873  1   3094
  4869   1029   1027  1   3094
   693    696    692  1   3095
   692    696   1033  1   3095
   701    704   9065  1   3096
   701   9065   9064  1   3096
   701   9064    698  1   3096
   698   9064   1031  1   3096
  1031   9064   9063  1   3096
  1031   9063   1030  1   3096
  1030   9063   4886  1   3096
  1030   4886   1035  1   3096
  4886   9063   4888  1   3096
  4888   9063   9064  1   3096
  4888   9064   4890  1   3096
  4890   9064   9065  1   3096
  4890   9065    704  1   3096
   706    707   4891  1   3097
   905    906   2666  1   3097
  9066   9067   9068  1   3097
  9066   9068   7112  1   3097
  9066   7112   4902  1   3097
  9066   4902   4900  1   3097
  9066   4900   9067  1   3097
  9067   4900   4889  1   3097
  9067   4889   4891  1   3097
  9067   4891   9068  1   3097
  9068   4891   7116  1   3097
  9068   7116   7114  1   3097
  9068   7114   7112  1   3097
  7116   4891    707  1   3097
  4889   4900   4887  1   3097
  4887   4900   4898  1   3097
  4887   4898   1036  1   3097
  1036   4898   1038  1   3097
  1038   4898   1041  1   3097
  4902   7112   2666  1   3097
  4902   2666    906  1   3097
   710    713   9070  1   3098
   710   9070   4442  1   3098
  4442   9070   7117  1   3098
  4442   7117    709  1   3098
  7117   9070   7115  1   3098
  7115   9070   9069  1   3098
  7115   9069   7113  1   3098
  7113   9069   7118  1   3098
  7113   7118   2667  1   3098
  7118   9069    897  1   3098
   897   9069    896  1   3098
   896   9069    713  1   3098
   713   9069   9070  1   3098
   716    719    715  1   3099
   715    719    894  1   3099
   894    719   2669  1   3099
   894   2669    891  1   3099
   891   2669    890  1   3099
   725    728   4462  1   3100
  4462    728   9072  1   3100
  4462   9072   9071  1   3100
  4462   9071    722  1   3100
   722   9071    721  1   3100
   721   9071   2670  1   3100
  2670   9071    879  1   3100
   879   9071    878  1   3100
   878   9071   9072  1   3100
   878   9072   2672  1   3100
  2672   9072   2675  1   3100
  2675   9072    728  1   3100
   731   2678   2676  1   3101
   731   2676    730  1   3101
   734    746   2684  1   3102
   734   2684   4477  1   3102
  4477   2684   7146  1   3102
  4477   7146   4475  1   3102
  4475   7146   2681  1   3102
  4475   2681   4473  1   3102
  4473   2681   2679  1   3102
  4473   2679    733  1   3102
  9073   9075   9076  1   3103
  9074   9073   9076  1   3103
  9074   9076   2693  1   3103
  9074   2693   2690  1   3103
  9074   2690   2687  1   3103
  9074   2687   7159  1   3103
  9074   7159   9073  1   3103
  9073   7159   2685  1   3103
  9073   2685   9075  1   3103
  9075   2685    748  1   3103
  9075    748    749  1   3103
  9075    749   7173  1   3103
  9075   7173   9076  1   3103
  9076   7173   7171  1   3103
  9076   7171   2693  1   3103
  4524    758   9077  1   3104
  4524   9077   7174  1   3104
  4524   7174    752  1   3104
   752   7174    751  1   3104
  7174   9077   7172  1   3104
  7172   9077   7179  1   3104
  7172   7179   2696  1   3104
  7172   2696   2694  1   3104
  7179   9077    758  1   3104
  7179    758    761  1   3104
  3566    778    764  1   3105
   764    778   9078  1   3105
   764   9078   9079  1   3105
   764   9079    763  1   3105
   763   9079   7180  1   3105
  7180   9079   2697  1   3105
  2697   9079   2699  1   3105
  2699   9079   9078  1   3105
  2699   9078   2702  1   3105
  2702   9078    781  1   3105
  2702    781   2705  1   3105
   781   9078    778  1   3105
   773   3567    770  1   3106
   767    770    766  1   3106
   766    770   3567  1   3106
   775    776   3565  1   3107
   784   2706    783  1   3108
   789   2711   2708  1   3109
   789   2708    786  1   3109
   786   2708   2704  1   3109
  2704   2708   2703  1   3109
   792   2723   2717  1   3110
   792   2717   2714  1   3110
   792   2714   2712  1   3110
   792   2712    791  1   3110
  2717   2723   2720  1   3110
   795   2735   9080  1   3111
   795   9080    794  1   3111
   794   9080   2724  1   3111
  2724   9080   2726  1   3111
  2726   9080   7220  1   3111
  7220   9080   2732  1   3111
  7220   2732   2729  1   3111
  2732   9080   2735  1   3111
   798    804    797  1   3112
   804   2736    797  1   3112
  4587    810    816  1   3113
  4587    816   2741  1   3113
  4587   2741   2733  1   3113
  4587   2733   2734  1   3113
  4587   2734    807  1   3113
   807   2734    806  1   3113
  2733   2741   2738  1   3113
  4598    822   9081  1   3114
  4598   9081   9082  1   3114
  4598   9082   4596  1   3114
  4596   9082   9084  1   3114
  4596   9084    819  1   3114
   819   9084    818  1   3114
   818   9084   2742  1   3114
  2742   9084   9083  1   3114
  2742   9083   2744  1   3114
  2744   9083   2747  1   3114
  2747   9083   2750  1   3114
  2750   9083   9082  1   3114
  2750   9082   2753  1   3114
  2753   9082   9081  1   3114
  2753   9081   2756  1   3114
  2756   9081    822  1   3114
  9082   9083   9084  1   3114
   824    825   2757  1   3115
  7264   2768   7262  1   3115
  7264   7262   9085  1   3115
  7264   9085   9086  1   3115
  7264   9086    825  1   3115
   825   9086   2757  1   3115
  2757   9086   2759  1   3115
  2759   9086   2762  1   3115
  2762   9086   9085  1   3115
  2762   9085   2765  1   3115
  2765   9085   7262  1   3115
   828    831   9088  1   3116
   828   9088   4604  1   3116
  4604   9088   9087  1   3116
  4604   9087    827  1   3116
   827   9087   7265  1   3116
  7265   9087   2769  1   3116
  2769   9087   9088  1   3116
  2769   9088   2771  1   3116
  2771   9088    831  1   3116
   834   2772    833  1   3117
  9089   9091   9092  1   3118
  9090   9089   9092  1   3118
  9090   9092   2783  1   3118
  9090   2783   7275  1   3118
  9090   7275   2780  1   3118
  9090   2780   2777  1   3118
  9090   2777   7270  1   3118
  9090   7270   9089  1   3118
  9089   7270   2767  1   3118
  9089   2767   9091  1   3118
  9091   2767   2770  1   3118
  9091   2770   7279  1   3118
  9091   7279   9092  1   3118
  9092   7279   2783  1   3118
  7279   2770    836  1   3118
  7279    836    837  1   3118
  2767   7270   7263  1   3118
  7263   7270   2774  1   3118
  7263   2774   2766  1   3118
   840    843   9093  1   3119
   840   9093    839  1   3119
   839   9093   7280  1   3119
  7280   9093   2784  1   3119
  2784   9093   2786  1   3119
  2786   9093    843  1   3119
  2786    843    846  1   3119
   849   2789    848  1   3120
   848   2789   2787  1   3120
   852   2795   7289  1   3121
   852   7289    851  1   3121
   851   7289   7287  1   3121
   851   7287   2790  1   3121
  7287   7289   2792  1   3121
   855   2798   2796  1   3122
   855   2796    854  1   3122
   858    861    857  1   3123
   857    861   2799  1   3123
  2799    861   2801  1   3123
  7306   2810   2807  1   3124
  7306   2807   2804  1   3124
  7306   2804   7309  1   3124
  7309   2804   2802  1   3124
  7309   2802    864  1   3124
   864   2802    863  1   3124
  4676    870   7308  1   3125
  4676   7308   7311  1   3125
  4676   7311   4672  1   3125
  4672   7311    866  1   3125
  4672    866    867  1   3125
  7308    870   2811  1   3125
  2811    870   2813  1   3125
  9096   9095   9098  1   3126
  9096   9098   9097  1   3126
  9096   9097   2816  1   3126
  9096   2816   7321  1   3126
  9096   7321   9095  1   3126
  9095   7321   9094  1   3126
  9095   9094    873  1   3126
  9095    873   2673  1   3126
  9095   2673   2674  1   3126
  9095   2674   9098  1   3126
  9098   2674   2677  1   3126
  9098   2677   2680  1   3126
  9098   2680   2822  1   3126
  9098   2822   9097  1   3126
  9097   2822   7331  1   3126
  9097   7331   2819  1   3126
  9097   2819   2816  1   3126
   873   9094    872  1   3126
   872   9094   2814  1   3126
  2814   9094   7321  1   3126
   876   2671    875  1   3127
   882    888   2668  1   3128
   882   2668    881  1   3128
   900    903   2665  1   3129
   900   2665   4709  1   3129
  4709   2665   7119  1   3129
  4709   7119    899  1   3129
   909   1050   9099  1   3130
   909   9099    908  1   3130
   908   9099   4903  1   3130
  4903   9099   4901  1   3130
  4901   9099   4899  1   3130
  4899   9099   1047  1   3130
  4899   1047   1044  1   3130
  4899   1044   1042  1   3130
  1047   9099   1050  1   3130
   912   1059   1056  1   3131
   912   1056    911  1   3131
   911   1056   1053  1   3131
   911   1053   4922  1   3131
   911   4922   1051  1   3131
   915    918   1062  1   3132
   915   1062    914  1   3132
   914   1062   1060  1   3132
  4737    924   4940  1   3133
  4737   4940   9100  1   3133
  4737   9100   9101  1   3133
  4737   9101   4735  1   3133
  4735   9101    921  1   3133
   921   9101   1063  1   3133
   921   1063    920  1   3133
  1063   9101   1065  1   3133
  1065   9101   9100  1   3133
  1065   9100   1068  1   3133
  1068   9100   1071  1   3133
  1071   9100   4938  1   3133
  4938   9100   4940  1   3133
   927   1080   9105  1   3134
   927   9105   9104  1   3134
   927   9104    926  1   3134
   926   9104   4941  1   3134
  4941   9104   9103  1   3134
  4941   9103   9102  1   3134
  4941   9102   4939  1   3134
  4939   9102   1072  1   3134
  1072   9102   4942  1   3134
  4942   9102   4944  1   3134
  4944   9102   9103  1   3134
  4944   9103   1074  1   3134
  1074   9103   9104  1   3134
  1074   9104   9105  1   3134
  1074   9105   1077  1   3134
  1077   9105   1080  1   3134
  9107   9106   9108  1   3135
  9107   9108   9109  1   3135
  9107   9109   1089  1   3135
  9107   1089   1086  1   3135
  9107   1086   1083  1   3135
  9107   1083   1081  1   3135
  9107   1081   9106  1   3135
  9106   1081    929  1   3135
  9106    929   4739  1   3135
  9106   4739   9108  1   3135
  9108   4739   4741  1   3135
  9108   4741   4743  1   3135
  9108   4743   9109  1   3135
  9109   4743    930  1   3135
  9109    930   1089  1   3135
  4755    936   9111  1   3136
  4755   9111   9110  1   3136
  4755   9110    933  1   3136
   933   9110    932  1   3136
   932   9110   1090  1   3136
  1090   9110   1092  1   3136
  1092   9110   1095  1   3136
  1095   9110   9111  1   3136
  1095   9111   1098  1   3136
  1098   9111    936  1   3136
   939   1110    938  1   3137
   938   1110   4977  1   3137
   938   4977   1099  1   3137
  1099   4977   1101  1   3137
  4977   1110   1104  1   3137
  1104   1110   1107  1   3137
   942    945   5003  1   3138
   942   5003   1111  1   3138
   942   1111    941  1   3138
  1111   5003   5001  1   3138
  1111   5001   1113  1   3138
  1113   5001   1116  1   3138
  1116   5001   1119  1   3138
  1119   5001   1122  1   3138
   948    951   9112  1   3139
   948   9112    947  1   3139
   947   9112   5004  1   3139
  5004   9112   9113  1   3139
  5004   9113   5002  1   3139
  5002   9113   1125  1   3139
  5002   1125   1123  1   3139
  1125   9113   1128  1   3139
  1128   9113    954  1   3139
   954   9113    951  1   3139
   951   9113   9112  1   3139
   957    960   5021  1   3140
   957   5021   4786  1   3140
  4786   5021   9114  1   3140
  4786   9114    956  1   3140
   956   9114   5017  1   3140
   956   5017   1129  1   3140
  1129   5017   1131  1   3140
  5017   9114   5019  1   3140
  5019   9114   5021  1   3140
  9116   9115   9117  1   3141
  9116   9117   5029  1   3141
  9116   5029   1137  1   3141
  9116   1137   5027  1   3141
  9116   5027   5025  1   3141
  9116   5025   9115  1   3141
  9115   5025   5023  1   3141
  9115   5023   5018  1   3141
  9115   5018   5020  1   3141
  9115   5020   9117  1   3141
  9117   5020   5031  1   3141
  9117   5031   5029  1   3141
  5031   5020   5022  1   3141
  5031   5022   5033  1   3141
  5033   5022    962  1   3141
  5033    962    963  1   3141
  5033    963    966  1   3141
  5033    966   1143  1   3141
  5018   5023   1134  1   3141
  5018   1134   1132  1   3141
  1137   5029   1140  1   3141
   969   1153    968  1   3142
   968   1153   1144  1   3142
  1144   1153   1150  1   3142
  9122   9121   9124  1   3143
  9123   9122   9124  1   3143
  9123   9124    986  1   3143
  9123    986   5059  1   3143
  9123   5059   9119  1   3143
  9123   9119   5048  1   3143
  9123   5048   9122  1   3143
  9122   5048   1156  1   3143
  9122   1156   9121  1   3143
  9121   1156   9118  1   3143
  9121   9118   4821  1   3143
  9121   4821   4824  1   3143
  9121   4824   9124  1   3143
  9124   4824   4827  1   3143
  9124   4827    986  1   3143
  4821   9118    971  1   3143
  4821    971    985  1   3143
   985    971    972  1   3143
   971   9118   1154  1   3143
  1154   9118   1156  1   3143
  5048   9119   1159  1   3143
  1159   9119   1162  1   3143
  1162   9119   9120  1   3143
  1162   9120   1165  1   3143
  1165   9120   5059  1   3143
  5059   9120   9119  1   3143
   975    980    974  1   3144
   974    980    983  1   3144
   989   1166   4830  1   3145
  4830   1166   5061  1   3145
  4830   5061    988  1   3145
   992   1171   5065  1   3146
   992   5065    991  1   3146
   991   5065   1164  1   3146
  1164   5065   1163  1   3146
  5065   1171   1168  1   3146
   995   1174   1172  1   3147
   995   1172    994  1   3147
  1183   1180   5076  1   3148
  5080   1186   9125  1   3148
  5080   9125    998  1   3148
   998   9125    997  1   3148
   997   9125   1175  1   3148
  1175   9125   1177  1   3148
  1177   9125   1180  1   3148
  1180   9125   5076  1   3148
  5076   9125   1186  1   3148
  1001   1004   5081  1   3149
  1001   5081   1000  1   3149
  5081   1004   4848  1   3149
  5081   4848   1187  1   3149
  1187   4848   1189  1   3149
  1189   4848   1007  1   3149
  1189   1007   1192  1   3149
  1010   1193   1009  1   3150
  1198   1195   1201  1   3151
  1013   1204   1201  1   3151
  1013   1201   1190  1   3151
  1013   1190   1012  1   3151
  1012   1190   1191  1   3151
  1190   1201   1195  1   3151
  1016   1205   1015  1   3152
  1019   2663   5099  1   3153
  1019   5099   1018  1   3153
  1018   5099   1202  1   3153
  1018   1202   1203  1   3153
  5099   2663   1040  1   3153
  5099   1040   1207  1   3153
  1207   1040   1043  1   3153
  1040   2663   1039  1   3153
  1022   2664   1021  1   3154
  1025   1028   1034  1   3155
  1025   1034   1024  1   3155
  1024   1034   1037  1   3155
  1024   1037   2662  1   3155
  1046   1210   1045  1   3156
  1045   1210   1208  1   3156
  4923   1052   1222  1   3157
  4923   1222   9127  1   3157
  4923   9127   1049  1   3157
  1049   9127   5103  1   3157
  1049   5103   1048  1   3157
  1048   5103   1211  1   3157
  5103   9127   9126  1   3157
  5103   9126   5105  1   3157
  5105   9126   5117  1   3157
  5105   5117   5114  1   3157
  5105   5114   5107  1   3157
  5107   5114   1219  1   3157
  5107   1219   1213  1   3157
  1213   1219   1216  1   3157
  5117   9126   1222  1   3157
  1222   9126   9127  1   3157
  1055   1066   9128  1   3158
  1055   9128   1054  1   3158
  1054   9128   1223  1   3158
  1223   9128   1228  1   3158
  1223   1228   1225  1   3158
  1228   9128   1231  1   3158
  1231   9128   1234  1   3158
  1234   9128   1066  1   3158
  1234   1066   1067  1   3158
  1234   1067   1237  1   3158
  1058   1061   1064  1   3159
  1058   1064   1057  1   3159
  4945   1073   1243  1   3160
  4945   1243   1240  1   3160
  4945   1240   4943  1   3160
  4943   1240   1238  1   3160
  4943   1238   1070  1   3160
  1070   1238   1069  1   3160
  1243   1073   1246  1   3160
  9129   9133   9134  1   3161
  9130   9129   9134  1   3161
  9132   9131   9135  1   3161
  9132   9135   9136  1   3161
  9133   9132   9136  1   3161
  9133   9136   9137  1   3161
  9134   9133   9137  1   3161
  9134   9137   1277  1   3161
  9134   1277   1272  1   3161
  9134   1272   9130  1   3161
  9130   1272   1267  1   3161
  9130   1267   1264  1   3161
  9130   1264   1261  1   3161
  9130   1261   9129  1   3161
  9129   1261   1258  1   3161
  9129   1258   9132  1   3161
  9129   9132   9133  1   3161
  9132   1258   9131  1   3161
  9131   1258   1255  1   3161
  9131   1255   1252  1   3161
  9131   1252   9135  1   3161
  9135   1252   1249  1   3161
  9135   1249   1075  1   3161
  9135   1075   1076  1   3161
  9135   1076   9136  1   3161
  9136   1076   9137  1   3161
  9137   1076   1283  1   3161
  9137   1283   1277  1   3161
  1277   1283   1280  1   3161
  1283   1076   1286  1   3161
  1075   1249   1247  1   3161
  1079   1082   5197  1   3162
  1079   5197   1078  1   3162
  1078   5197   1289  1   3162
  1078   1289   1287  1   3162
  1085   1093   5207  1   3163
  1085   5207   9138  1   3163
  1085   9138   1084  1   3163
  1084   9138   5200  1   3163
  5200   9138   1292  1   3163
  5200   1292   1290  1   3163
  1292   9138   1295  1   3163
  1295   9138   5207  1   3163
  5207   1093   1094  1   3163
  5207   1094   1298  1   3163
  1298   1094   1303  1   3163
  1303   1094   1306  1   3163
  1088   1091   1087  1   3164
  1097   1100   1307  1   3165
  1097   1307   1096  1   3165
  1103   1315   4979  1   3166
  4979   1315   9139  1   3166
  4979   9139   5220  1   3166
  4979   5220   1102  1   3166
  1102   5220   1305  1   3166
  1305   5220   1304  1   3166
  5220   9139   1309  1   3166
  1309   9139   1312  1   3166
  1312   9139   1315  1   3166
  1106   1321   1318  1   3167
  1106   1318   1105  1   3167
  1105   1318   1316  1   3167
  1109   1112   1108  1   3168
  1108   1112   1322  1   3168
  1115   1330   1114  1   3169
  1330   1327   1114  1   3169
  1114   1327   1324  1   3169
  1114   1324   1319  1   3169
  1114   1319   1320  1   3169
  1117   1118   1331  1   3170
  1121   1124   1336  1   3171
  1121   1336   1333  1   3171
  1121   1333   1328  1   3171
  1121   1328   1120  1   3171
  1120   1328   1329  1   3171
  1127   1130   1133  1   3172
  1127   1133   1337  1   3172
  1127   1337   1126  1   3172
  1337   1133   1339  1   3172
  5280   1342   9140  1   3173
  5280   9140   5282  1   3173
  5282   9140   5028  1   3173
  5282   5028   1136  1   3173
  5028   9140   5026  1   3173
  5026   9140   5024  1   3173
  5024   9140   1340  1   3173
  5024   1340   1135  1   3173
  1340   9140   1342  1   3173
  9142   9144   9145  1   3174
  9145   9144   9143  1   3174
  9145   9143   5283  1   3174
  9145   5283   1138  1   3174
  9145   1138   1139  1   3174
  9145   1139   1363  1   3174
  9145   1363   9142  1   3174
  9142   1363   1360  1   3174
  9142   1360   9141  1   3174
  9142   9141   9144  1   3174
  9144   9141   1351  1   3174
  9144   1351   1348  1   3174
  9144   1348   9143  1   3174
  9143   1348   5281  1   3174
  9143   5281   5283  1   3174
  5281   1348   1345  1   3174
  5281   1345   1343  1   3174
  1351   9141   1354  1   3174
  1354   9141   1357  1   3174
  1357   9141   1360  1   3174
  1363   1139   1366  1   3174
  1142   1149   1372  1   3175
  1142   1372   9146  1   3175
  1142   9146   5034  1   3175
  5034   9146   5032  1   3175
  5032   9146   9148  1   3175
  5032   9148   5030  1   3175
  5030   9148   9147  1   3175
  5030   9147   1141  1   3175
  1141   9147   1367  1   3175
  1367   9147   9148  1   3175
  1367   9148   1369  1   3175
  1369   9148   9146  1   3175
  1369   9146   1372  1   3175
  1152   1155   1373  1   3176
  1152   1373   1151  1   3176
  1373   1155   1375  1   3176
  1375   1155   1378  1   3176
  1378   1155   1381  1   3176
  9151   9150   9155  1   3177
  9152   9151   9155  1   3177
  9154   9153   9155  1   3177
  9150   9154   9155  1   3177
  9155   9153   5052  1   3177
  9155   5052   9152  1   3177
  9152   5052   1158  1   3177
  9152   1158   1402  1   3177
  9152   1402   1399  1   3177
  9152   1399   9151  1   3177
  9151   1399   1396  1   3177
  9151   1396   9150  1   3177
  9150   1396   9149  1   3177
  9150   9149   1390  1   3177
  9150   1390   9154  1   3177
  9154   1390   5335  1   3177
  9154   5335   1387  1   3177
  9154   1387   9153  1   3177
  9153   1387   1384  1   3177
  9153   1384   1382  1   3177
  9153   1382   1157  1   3177
  9153   1157   5052  1   3177
  1390   9149   1393  1   3177
  1393   9149   5341  1   3177
  5341   9149   1396  1   3177
  9156   9157   9158  1   3178
  9157   9159   9160  1   3178
  9158   9157   9160  1   3178
  9158   9160   5375  1   3178
  9158   5375   5372  1   3178
  9158   5372   9156  1   3178
  9156   5372   1420  1   3178
  9156   1420   1417  1   3178
  9156   1417   1414  1   3178
  9156   1414   5361  1   3178
  9156   5361   9157  1   3178
  9157   5361   1411  1   3178
  9157   1411   9159  1   3178
  9159   1411   1408  1   3178
  9159   1408   9161  1   3178
  9159   9161   5066  1   3178
  9159   5066   9160  1   3178
  9160   5066   1167  1   3178
  9160   1167   5375  1   3178
  5066   9161   1161  1   3178
  1161   9161   1405  1   3178
  1161   1405   1403  1   3178
  1161   1403   1160  1   3178
  1405   9161   1408  1   3178
  1170   1173   1169  1   3179
  1169   1173   5377  1   3179
  5377   1173   1176  1   3179
  5377   1176   1429  1   3179
  5377   1429   5386  1   3179
  5377   5386   5374  1   3179
  5374   5386   1423  1   3179
  5374   1423   1421  1   3179
  1423   5386   1426  1   3179
  1179   1430   1178  1   3180
  1181   1182   1428  1   3181
  9162   9164   9165  1   3181
  9162   9165   9166  1   3181
  9163   9162   9166  1   3181
  9165   9164   9167  1   3181
  9165   9167   5422  1   3181
  9165   5422   5420  1   3181
  9165   5420   9166  1   3181
  9166   5420   5418  1   3181
  9166   5418   9163  1   3181
  9163   5418   1446  1   3181
  9163   1446   5414  1   3181
  9163   5414   1443  1   3181
  9163   1443   9162  1   3181
  9162   1443   1438  1   3181
  9162   1438   1435  1   3181
  9162   1435   9164  1   3181
  9164   1435   1432  1   3181
  9164   1432   1427  1   3181
  9164   1427   5388  1   3181
  9164   5388   9167  1   3181
  9167   5388   1428  1   3181
  9167   1428   5422  1   3181
  5422   1428   1182  1   3181
  1446   5418   1449  1   3181
  1449   5418   1452  1   3181
  1194   1458   1188  1   3182
  9168   9170   9171  1   3182
  9168   9171   1455  1   3182
  9168   1455   5419  1   3182
  9168   5419   5421  1   3182
  9168   5421   9170  1   3182
  9170   5421   9169  1   3182
  9170   9169   1185  1   3182
  9170   1185   9171  1   3182
  9171   1185   1188  1   3182
  9171   1188   1458  1   3182
  9171   1458   1455  1   3182
  1185   9169   5078  1   3182
  5078   9169   5423  1   3182
  5078   5423   1184  1   3182
  5423   9169   5421  1   3182
  5419   1455   1453  1   3182
  1196   1197   1459  1   3183
  1457   1199   1456  1   3184
  9173   9172   9174  1   3184
  9173   9174   9175  1   3184
  9173   9175   5106  1   3184
  9173   5106   5108  1   3184
  9173   5108   9172  1   3184
  9172   5108   1212  1   3184
  9172   1212   1456  1   3184
  9172   1456   1199  1   3184
  9172   1199   9174  1   3184
  9174   1199   1200  1   3184
  9174   1200   5101  1   3184
  9174   5101   9175  1   3184
  9175   5101   1206  1   3184
  9175   1206   1209  1   3184
  9175   1209   5104  1   3184
  9175   5104   5106  1   3184
  1215   1461   1214  1   3185
  1461   1450   1214  1   3185
  1214   1450   1451  1   3185
  1214   1451   1454  1   3185
  1462   1217   1464  1   3186
  1218   1473   5443  1   3186
  1218   5443   1464  1   3186
  1218   1464   1217  1   3186
  5443   1473   1470  1   3186
  5443   1470   1467  1   3186
  1221   1224   5119  1   3187
  5119   1224   1482  1   3187
  5119   1482   5116  1   3187
  5116   1482   5460  1   3187
  5116   5460   1220  1   3187
  1220   5460   1474  1   3187
  1474   5460   1479  1   3187
  1474   1479   1476  1   3187
  5466   1483   1226  1   3188
  5466   1226   1227  1   3188
  1230   1494   1229  1   3189
  1229   1494   5467  1   3189
  5467   1494   5475  1   3189
  5467   5475   9176  1   3189
  5467   9176   1481  1   3189
  1481   9176   5472  1   3189
  1481   5472   5470  1   3189
  1481   5470   5462  1   3189
  5462   5470   5468  1   3189
  5462   5468   1480  1   3189
  1480   5468   1485  1   3189
  5472   9176   1488  1   3189
  1488   9176   1491  1   3189
  1491   9176   5475  1   3189
  5485   1506   5481  1   3190
  5485   5481   5479  1   3190
  5485   5479   1232  1   3190
  5485   1232   1233  1   3190
  1232   5479   1495  1   3190
  5481   1506   1497  1   3190
  1497   1506   1503  1   3190
  1497   1503   1500  1   3190
  1236   1239   9177  1   3191
  1236   9177   1235  1   3191
  1235   9177   5486  1   3191
  5486   9177   1507  1   3191
  1507   9177   1239  1   3191
  1242   1250   9178  1   3192
  1242   9178   1241  1   3192
  1241   9178   1505  1   3192
  1505   9178   5489  1   3192
  1505   5489   1504  1   3192
  5489   9178   1251  1   3192
  1251   9178   1250  1   3192
  1245   1248   1244  1   3193
  9180   9179   9181  1   3194
  9180   9181   5490  1   3194
  9180   5490   5519  1   3194
  9180   5519   1530  1   3194
  9180   1530   9179  1   3194
  9179   1530   5514  1   3194
  9179   5514   5492  1   3194
  9179   5492   9181  1   3194
  9181   5492   1501  1   3194
  9181   1501   1502  1   3194
  9181   1502   5490  1   3194
  5492   5514   5495  1   3194
  5495   5514   5511  1   3194
  5495   5511   1509  1   3194
  1509   5511   1512  1   3194
  1512   5511   5508  1   3194
  1512   5508   1515  1   3194
  1515   5508   1527  1   3194
  1515   1527   1524  1   3194
  1515   1524   1518  1   3194
  1518   1524   1521  1   3194
  5519   5490   1533  1   3194
  1533   5490   1254  1   3194
  1254   5490   1253  1   3194
  1257   1534   1256  1   3195
  9182   9183   9184  1   3196
  9182   9184   9185  1   3196
  9182   9185   9186  1   3196
  9182   9186   9187  1   3196
  9182   9187   9188  1   3196
  9182   9188   9183  1   3196
  9185   9189   9190  1   3196
  9186   9185   9190  1   3196
  9186   9190   9191  1   3196
  9187   9186   9191  1   3196
  9187   9191   9192  1   3196
  9187   9192   9193  1   3196
  9188   9187   9193  1   3196
  9190   9189   9194  1   3196
  9190   9194   9195  1   3196
  9191   9190   9195  1   3196
  9191   9195   9196  1   3196
  9192   9191   9196  1   3196
  9195   9194   9197  1   3196
  9195   9197   9196  1   3196
  9196   9197   1260  1   3196
  9196   1260   5538  1   3196
  9196   5538   9192  1   3196
  9192   5538   9193  1   3196
  9193   5538   1539  1   3196
  9193   1539   5534  1   3196
  9193   5534   9188  1   3196
  9188   5534   5531  1   3196
  9188   5531   9183  1   3196
  9183   5531   1536  1   3196
  9183   1536   9184  1   3196
  9184   1536   1526  1   3196
  9184   1526   5526  1   3196
  9184   5526   9185  1   3196
  9185   5526   9189  1   3196
  9189   5526   1531  1   3196
  9189   1531   9194  1   3196
  9194   1531   5521  1   3196
  9194   5521   9197  1   3196
  9197   5521   1532  1   3196
  9197   1532   1259  1   3196
  9197   1259   1260  1   3196
  1526   1536   1525  1   3196
  1263   1545   1262  1   3197
  1545   1542   5539  1   3197
  1545   5539   1262  1   3197
  5539   1542   1540  1   3197
  1546   1265   1548  1   3198
  1266   1548   1265  1   3198
  9198   9201   9202  1   3199
  9199   9198   9202  1   3199
  9199   9202   9203  1   3199
  9199   9203   9204  1   3199
  9200   9199   9204  1   3199
  9201   9205   9206  1   3199
  9202   9201   9206  1   3199
  9202   9206   9207  1   3199
  9203   9202   9207  1   3199
  9203   9207   9208  1   3199
  9203   9208   9209  1   3199
  9204   9203   9209  1   3199
  9205   9210   9211  1   3199
  9206   9205   9211  1   3199
  9206   9211   9212  1   3199
  9207   9206   9212  1   3199
  9207   9212   9213  1   3199
  9208   9207   9213  1   3199
  9208   9213   9209  1   3199
  9209   9213   5565  1   3199
  9209   5565   1557  1   3199
  9209   1557   5561  1   3199
  9209   5561   9204  1   3199
  9204   5561   9200  1   3199
  9200   5561   1554  1   3199
  9200   1554   5556  1   3199
  9200   5556   9199  1   3199
  9199   5556   1551  1   3199
  9199   1551   9198  1   3199
  9198   1551   5551  1   3199
  9198   5551   9201  1   3199
  9201   5551   1549  1   3199
  9201   1549   9205  1   3199
  9205   1549   1268  1   3199
  9205   1268   9210  1   3199
  9210   1268   1271  1   3199
  9210   1271   5569  1   3199
  9210   5569   1563  1   3199
  9210   1563   9211  1   3199
  9211   1563   9212  1   3199
  9212   1563   1560  1   3199
  9212   1560   9213  1   3199
  9213   1560   5565  1   3199
  1276   1566   5571  1   3200
  1276   5571   5570  1   3200
  1276   5570   1273  1   3200
  5570   5571   1564  1   3200
  1569   1567   1572  1   3201
  1279   1572   1567  1   3201
  1279   1567   1278  1   3201
  1282   1573   1281  1   3202
  1285   1288   1284  1   3203
  1284   1288   1291  1   3203
  1284   1291   1570  1   3203
  1284   1570   1571  1   3203
  1565   1568   5572  1   3204
  9215   9214   9217  1   3204
  9215   9217   9218  1   3204
  9216   9215   9218  1   3204
  9218   9217   9219  1   3204
  9218   9219   5591  1   3204
  9218   5591   5587  1   3204
  9218   5587   9216  1   3204
  9216   5587   1561  1   3204
  9216   1561   1562  1   3204
  9216   1562   9215  1   3204
  9215   1562   9214  1   3204
  9214   1562   5572  1   3204
  9214   5572   1293  1   3204
  9214   1293   9217  1   3204
  9217   1293   1294  1   3204
  9217   1294   9219  1   3204
  9219   1294   1578  1   3204
  9219   1578   5591  1   3204
  1578   1294   1581  1   3204
  1293   5572   1568  1   3204
  1561   5587   1575  1   3204
  1297   1586   9220  1   3205
  1297   9220   5208  1   3205
  5208   9220   1296  1   3205
  1296   9220   1582  1   3205
  1582   9220   1586  1   3205
  9222   9226   9227  1   3206
  9223   9222   9227  1   3206
  9224   9223   9227  1   3206
  9224   9227   9228  1   3206
  9225   9224   9228  1   3206
  9225   9228   5610  1   3206
  9225   5610   1600  1   3206
  9225   1600   1597  1   3206
  9225   1597   1594  1   3206
  9225   1594   9224  1   3206
  9224   1594   1591  1   3206
  9224   1591   9223  1   3206
  9223   1591   9221  1   3206
  9223   9221   9222  1   3206
  9222   9221   1299  1   3206
  9222   1299   1302  1   3206
  9222   1302   5224  1   3206
  9222   5224   9226  1   3206
  9226   5224   1308  1   3206
  9226   1308   1606  1   3206
  9226   1606   1603  1   3206
  9226   1603   5613  1   3206
  9226   5613   9227  1   3206
  9227   5613   9228  1   3206
  9228   5613   5610  1   3206
  1299   9221   1587  1   3206
  1587   9221   1591  1   3206
  1311   1612   1310  1   3207
  1612   1609   1607  1   3207
  1612   1607   1310  1   3207
  1613   1313   1615  1   3208
  1314   1317   1323  1   3208
  1314   1323   1615  1   3208
  1314   1615   1313  1   3208
  1326   1332   1627  1   3209
  1326   1627   1325  1   3209
  1325   1627   5638  1   3209
  1325   5638   1616  1   3209
  1616   5638   1624  1   3209
  1616   1624   1621  1   3209
  1616   1621   1618  1   3209
  1642   1639   1645  1   3210
  1335   1338   9229  1   3210
  1335   9229   1630  1   3210
  1335   1630   1628  1   3210
  1335   1628   1334  1   3210
  1630   9229   9232  1   3210
  1630   9232   1633  1   3210
  1633   9232   9231  1   3210
  1633   9231   9230  1   3210
  1633   9230   1636  1   3210
  1636   9230   1639  1   3210
  1639   9230   9231  1   3210
  1639   9231   1341  1   3210
  1639   1341   1645  1   3210
  1645   1341   1344  1   3210
  1645   1344   1651  1   3210
  1645   1651   1648  1   3210
  1341   9231   1338  1   3210
  1338   9231   9232  1   3210
  1338   9232   9229  1   3210
  1347   1654   1346  1   3211
  1346   1654   1652  1   3211
  9233   9235   9236  1   3212
  9234   9233   9236  1   3212
  9234   9236   9237  1   3212
  9236   9235   9238  1   3212
  9236   9238   9239  1   3212
  9237   9236   9239  1   3212
  9237   9239   9240  1   3212
  9237   9240   1350  1   3212
  9237   1350   1678  1   3212
  9237   1678   1675  1   3212
  9237   1675   9234  1   3212
  9234   1675   1672  1   3212
  9234   1672   9233  1   3212
  9233   1672   1669  1   3212
  9233   1669   9235  1   3212
  9235   1669   1666  1   3212
  9235   1666   1663  1   3212
  9235   1663   9238  1   3212
  9238   1663   1660  1   3212
  9238   1660   9239  1   3212
  9239   1660   9240  1   3212
  9240   1660   5687  1   3212
  9240   5687   1349  1   3212
  9240   1349   1350  1   3212
  1349   5687   1655  1   3212
  1655   5687   1657  1   3212
  1353   1684   1679  1   3213
  1353   1679   1352  1   3213
  1679   1684   1681  1   3213
  1356   1693   1355  1   3214
  1355   1693   5720  1   3214
  1355   5720   1685  1   3214
  5720   1693   1690  1   3214
  5720   1690   1687  1   3214
  1359   1364   9241  1   3215
  1359   9241   5728  1   3215
  1359   5728   1694  1   3215
  1359   1694   1358  1   3215
  5728   9241   5730  1   3215
  5730   9241   5732  1   3215
  5732   9241   9242  1   3215
  5732   9242   1386  1   3215
  1386   9242   1368  1   3215
  1386   1368   1385  1   3215
  1385   1368   1377  1   3215
  1377   1368   1376  1   3215
  1368   9242   1365  1   3215
  1365   9242   1364  1   3215
  1364   9242   9241  1   3215
  1371   1374   1370  1   3217
  1380   1383   1379  1   3218
  5742   1702   5736  1   3219
  5742   5736   5734  1   3219
  5742   5734   9243  1   3219
  5742   9243   5744  1   3219
  5744   9243   9244  1   3219
  5744   9244   5731  1   3219
  5744   5731   1389  1   3219
  1389   5731   5733  1   3219
  1389   5733   5337  1   3219
  5337   5733   1388  1   3219
  5731   9244   5729  1   3219
  5729   9244   1692  1   3219
  1692   9244   1691  1   3219
  1691   9244   9243  1   3219
  1691   9243   5734  1   3219
  5736   1702   1699  1   3219
  5736   1699   1696  1   3219
  5747   1703   5743  1   3220
  5747   5743   9245  1   3220
  5747   9245   1392  1   3220
  1392   9245   1391  1   3220
  1391   9245   5745  1   3220
  5745   9245   5743  1   3220
  1395   1711   5342  1   3221
  5342   1711   5751  1   3221
  5342   5751   5749  1   3221
  5342   5749   1394  1   3221
  5749   5751   1708  1   3221
  5749   1708   1701  1   3221
  1701   1708   1705  1   3221
  1701   1705   1700  1   3221
  9247   9246   9249  1   3222
  9248   9247   9249  1   3222
  9248   9249   9250  1   3222
  9248   9250   1407  1   3222
  9248   1407   1723  1   3222
  9248   1723   1720  1   3222
  9248   1720   9247  1   3222
  9247   1720   1717  1   3222
  9247   1717   9246  1   3222
  9246   1717   1714  1   3222
  9246   1714   1712  1   3222
  9246   1712   1397  1   3222
  9246   1397   9249  1   3222
  9249   1397   1398  1   3222
  9249   1398   9250  1   3222
  9250   1398   1406  1   3222
  9250   1406   1407  1   3222
  1401   1404   1400  1   3223
  1410   1724   1409  1   3224
  1413   1729   5364  1   3225
  5763   1726   5761  1   3225
  5763   5761   9251  1   3225
  5763   9251   5765  1   3225
  5765   9251   9252  1   3225
  5765   9252   1729  1   3225
  1729   9252   5364  1   3225
  5364   9252   5757  1   3225
  5364   5757   1412  1   3225
  1412   5757   5755  1   3225
  1412   5755   1722  1   3225
  1722   5755   1721  1   3225
  5757   9252   5759  1   3225
  5759   9252   9251  1   3225
  5759   9251   5761  1   3225
  1730   1415   1732  1   3226
  1416   1732   1415  1   3226
  1419   1422   1741  1   3227
  1419   1741   1418  1   3227
  1418   1741   1738  1   3227
  1418   1738   1733  1   3227
  1733   1738   1735  1   3227
  1425   1431   1424  1   3228
  1424   1431   1742  1   3228
  1434   1750   5782  1   3229
  1434   5782   1433  1   3229
  1433   5782   1740  1   3229
  1740   5782   9253  1   3229
  1740   9253   1739  1   3229
  1739   9253   1744  1   3229
  1744   9253   1747  1   3229
  1747   9253   5782  1   3229
  1437   1751   1436  1   3230
  9256   9255   9257  1   3231
  9256   9257   1468  1   3231
  9256   1468   1469  1   3231
  9256   1469   5794  1   3231
  9256   5794   5792  1   3231
  9256   5792   9255  1   3231
  9255   5792   5790  1   3231
  9255   5790   9254  1   3231
  9255   9254   5784  1   3231
  9255   5784   9257  1   3231
  9257   5784   1749  1   3231
  9257   1749   1439  1   3231
  9257   1439   1442  1   3231
  9257   1442   1468  1   3231
  5784   9254   1748  1   3231
  1748   9254   1753  1   3231
  1753   9254   5790  1   3231
  5794   1469   1756  1   3231
  1445   1465   5445  1   3232
  1445   5445   5415  1   3232
  5415   5445   1466  1   3232
  5415   1466   1444  1   3232
  1448   1460   1447  1   3233
  1447   1460   1463  1   3233
  1472   1475   1771  1   3234
  1472   1771   1471  1   3234
  1471   1771   1757  1   3234
  1757   1771   1768  1   3234
  1757   1768   1765  1   3234
  1757   1765   1759  1   3234
  1759   1765   1762  1   3234
  1478   1484   1477  1   3235
  1477   1484   1772  1   3235
  1772   1484   1774  1   3235
  1786   1783   5830  1   3236
  9258   9259   9260  1   3236
  9260   9259   9261  1   3236
  9260   9261   9262  1   3236
  9260   9262   5834  1   3236
  9260   5834   5832  1   3236
  9260   5832   5830  1   3236
  9260   5830   9258  1   3236
  9258   5830   1783  1   3236
  9258   1783   1780  1   3236
  9258   1780   1777  1   3236
  9258   1777   9259  1   3236
  9259   1777   1775  1   3236
  9259   1775   9261  1   3236
  9261   1775   1486  1   3236
  9261   1486   5469  1   3236
  9261   5469   9262  1   3236
  9262   5469   5471  1   3236
  9262   5471   5473  1   3236
  9262   5473   5836  1   3236
  9262   5836   5834  1   3236
  5836   5473   1487  1   3236
  9263   9264   9265  1   3237
  9265   9264   9266  1   3237
  9265   9266   1792  1   3237
  9265   1792   5844  1   3237
  9265   5844   9263  1   3237
  9263   5844   1789  1   3237
  9263   1789   5839  1   3237
  9263   5839   5831  1   3237
  9263   5831   5833  1   3237
  9263   5833   9264  1   3237
  9264   5833   5835  1   3237
  9264   5835   9266  1   3237
  9266   5835   5837  1   3237
  9266   5837   1489  1   3237
  9266   1489   1490  1   3237
  9266   1490   1792  1   3237
  5831   5839   1787  1   3237
  9268   9267   9271  1   3238
  9268   9271   9272  1   3238
  9269   9268   9272  1   3238
  9269   9272   9273  1   3238
  9270   9269   9273  1   3238
  9270   9273   5482  1   3238
  9270   5482   1496  1   3238
  9270   1496   5854  1   3238
  9270   5854   9269  1   3238
  9269   5854   5852  1   3238
  9269   5852   9268  1   3238
  9268   5852   5850  1   3238
  9268   5850   9267  1   3238
  9267   5850   1793  1   3238
  9267   1793   1492  1   3238
  9267   1492   9271  1   3238
  9271   1492   5477  1   3238
  9271   5477   9272  1   3238
  9272   5477   1493  1   3238
  9272   1493   5480  1   3238
  9272   5480   9273  1   3238
  9273   5480   5482  1   3238
  9274   9275   9276  1   3239
  9274   9276   9277  1   3239
  9274   9277   5497  1   3239
  9274   5497   1508  1   3239
  9274   1508   1795  1   3239
  9274   1795   5846  1   3239
  9274   5846   9275  1   3239
  9275   5846   1791  1   3239
  9275   1791   5851  1   3239
  9275   5851   9276  1   3239
  9276   5851   5853  1   3239
  9276   5853   9277  1   3239
  9277   5853   5855  1   3239
  9277   5855   5494  1   3239
  9277   5494   5497  1   3239
  5494   5855   1499  1   3239
  1499   5855   1498  1   3239
  5846   1795   1790  1   3239
  1511   1796   1510  1   3240
  1784   1785   5858  1   3241
  5858   1785   5841  1   3241
  5858   5841   9278  1   3241
  5858   9278   1514  1   3241
  1514   9278   1513  1   3241
  1513   9278   1794  1   3241
  1794   9278   1788  1   3241
  1788   9278   5841  1   3241
  5862   1798   1781  1   3242
  5862   1781   5859  1   3242
  5862   5859   1517  1   3242
  1517   5859   1516  1   3242
  5859   1781   1782  1   3242
  1520   1819   9279  1   3243
  1520   9279   9281  1   3243
  1520   9281   1519  1   3243
  1519   9281   5865  1   3243
  5865   9281   9280  1   3243
  5865   9280   9282  1   3243
  5865   9282   1799  1   3243
  1799   9282   1801  1   3243
  1801   9282   1804  1   3243
  1804   9282   1807  1   3243
  1807   9282   1810  1   3243
  1810   9282   5880  1   3243
  1810   5880   1813  1   3243
  5880   9282   9280  1   3243
  5880   9280   5882  1   3243
  5882   9280   5884  1   3243
  5884   9280   9281  1   3243
  5884   9281   9279  1   3243
  5884   9279   1816  1   3243
  1816   9279   1819  1   3243
  1523   1535   1820  1   3244
  1523   1820   1522  1   3244
  5528   1528   9283  1   3245
  5528   9283   1529  1   3245
  1529   9283   5516  1   3245
  5516   9283   5513  1   3245
  5513   9283   5510  1   3245
  5510   9283   1528  1   3245
  1825   1822   1828  1   3246
  1538   1541   1834  1   3246
  1538   1834   5536  1   3246
  5536   1834   1831  1   3246
  5536   1831   1828  1   3246
  5536   1828   5533  1   3246
  5533   1828   1822  1   3246
  5533   1822   1817  1   3246
  5533   1817   1537  1   3246
  1537   1817   1818  1   3246
  1544   1547   5553  1   3247
  1544   5553   1543  1   3247
  1543   5553   9284  1   3247
  1543   9284   1835  1   3247
  1835   9284   5904  1   3247
  5904   9284   1550  1   3247
  1550   9284   5553  1   3247
  9285   9286   9287  1   3248
  9285   9287   1840  1   3248
  9285   1840   1837  1   3248
  9285   1837   5905  1   3248
  9285   5905   9286  1   3248
  9286   5905   9288  1   3248
  9286   9288   5909  1   3248
  9286   5909   9287  1   3248
  9287   5909   1846  1   3248
  9287   1846   1840  1   3248
  1840   1846   1843  1   3248
  5909   9288   1849  1   3248
  1849   9288   5558  1   3248
  1849   5558   1553  1   3248
  5558   9288   1552  1   3248
  1552   9288   5905  1   3248
  5905   1837   1832  1   3248
  5905   1832   1833  1   3248
  1556   1864   1861  1   3249
  1556   1861   5563  1   3249
  5563   1861   1858  1   3249
  5563   1858   1855  1   3249
  5563   1855   1852  1   3249
  5563   1852   1555  1   3249
  1555   1852   1850  1   3249
  1559   1574   5566  1   3250
  5566   1574   1867  1   3250
  5566   1867   1865  1   3250
  5566   1865   1558  1   3250
  9289   9291   9292  1   3251
  9290   9289   9292  1   3251
  9290   9292   9293  1   3251
  9291   9295   9296  1   3251
  9292   9291   9296  1   3251
  9292   9296   9297  1   3251
  9293   9292   9297  1   3251
  9294   9298   9299  1   3251
  9295   9294   9299  1   3251
  9295   9299   9300  1   3251
  9296   9295   9300  1   3251
  9296   9300   9301  1   3251
  9297   9296   9301  1   3251
  9297   9301   1879  1   3251
  9297   1879   5951  1   3251
  9297   5951   9293  1   3251
  9293   5951   1876  1   3251
  9293   1876   9290  1   3251
  9290   1876   1870  1   3251
  9290   1870   5938  1   3251
  9290   5938   9289  1   3251
  9289   5938   1868  1   3251
  9289   1868   1576  1   3251
  9289   1576   9291  1   3251
  9291   1576   5590  1   3251
  9291   5590   9294  1   3251
  9291   9294   9295  1   3251
  9294   5590   5594  1   3251
  9294   5594   9298  1   3251
  9298   5594   1577  1   3251
  9298   1577   1592  1   3251
  9298   1592   1593  1   3251
  9298   1593   9299  1   3251
  9299   1593   9300  1   3251
  9300   1593   5955  1   3251
  9300   5955   9301  1   3251
  9301   5955   1879  1   3251
  1870   1876   1873  1   3251
  1580   1585   1579  1   3252
  1579   1585   1590  1   3252
  1596   1882   5956  1   3253
  1596   5956   1595  1   3253
  5956   1882   1880  1   3253
  5971   1894   5969  1   3254
  5971   5969   9303  1   3254
  5971   9303   5963  1   3254
  5971   5963   1888  1   3254
  5971   1888   9302  1   3254
  5971   9302   1599  1   3254
  1599   9302   1598  1   3254
  1598   9302   1883  1   3254
  1883   9302   1885  1   3254
  1885   9302   5961  1   3254
  5961   9302   1888  1   3254
  5963   9303   5965  1   3254
  5963   5965   1891  1   3254
  5965   9303   5967  1   3254
  5967   9303   5969  1   3254
  1602   1895   5615  1   3255
  5615   1895   5972  1   3255
  5615   5972   5612  1   3255
  5612   5972   1601  1   3255
  9305   9304   9307  1   3256
  9306   9305   9307  1   3256
  9306   9307   5973  1   3256
  9306   5973   5966  1   3256
  9306   5966   5968  1   3256
  9306   5968   5970  1   3256
  9306   5970   9305  1   3256
  9305   5970   1893  1   3256
  9305   1893   1605  1   3256
  9305   1605   1608  1   3256
  9305   1608   9304  1   3256
  9304   1608   1911  1   3256
  9304   1911   1908  1   3256
  9304   1908   1903  1   3256
  9304   1903   9307  1   3256
  9307   1903   1900  1   3256
  9307   1900   5973  1   3256
  1605   1893   1604  1   3256
  5966   5973   1892  1   3256
  1892   5973   1897  1   3256
  1617   1912   1614  1   3257
  1611   1614   1610  1   3257
  1610   1614   1912  1   3257
  1910   1619   1909  1   3258
  1620   1909   1619  1   3258
  9308   9313   9314  1   3259
  9309   9308   9314  1   3259
  9309   9314   9315  1   3259
  9310   9309   9315  1   3259
  9310   9315   9316  1   3259
  9311   9310   9316  1   3259
  9311   9316   9317  1   3259
  9312   9311   9317  1   3259
  9313   9318   9319  1   3259
  9314   9313   9319  1   3259
  9314   9319   9320  1   3259
  9315   9314   9320  1   3259
  9315   9320   9321  1   3259
  9316   9315   9321  1   3259
  9317   9316   9321  1   3259
  9317   9321   9322  1   3259
  9319   9318   9324  1   3259
  9319   9324   9325  1   3259
  9320   9319   9325  1   3259
  9320   9325   9326  1   3259
  9321   9320   9326  1   3259
  9322   9321   9326  1   3259
  9322   9326   9327  1   3259
  9323   9322   9327  1   3259
  9325   9324   9328  1   3259
  9326   9325   9328  1   3259
  9327   9326   9328  1   3259
  9327   9328   6003  1   3259
  9327   6003   1920  1   3259
  9327   1920   9323  1   3259
  9323   1920   5999  1   3259
  9323   5999   5996  1   3259
  9323   5996   9317  1   3259
  9323   9317   9322  1   3259
  9317   5996   9312  1   3259
  9312   5996   1917  1   3259
  9312   1917   1914  1   3259
  9312   1914   9311  1   3259
  9311   1914   1904  1   3259
  9311   1904   9310  1   3259
  9310   1904   9309  1   3259
  9309   1904   1907  1   3259
  9309   1907   1622  1   3259
  9309   1622   9308  1   3259
  9308   1622   1623  1   3259
  9308   1623   7096  1   3259
  9308   7096   9313  1   3259
  9313   7096   1631  1   3259
  9313   1631   9318  1   3259
  9318   1631   1632  1   3259
  9318   1632   9324  1   3259
  9324   1632   9328  1   3259
  9328   1632   6003  1   3259
  1626   1629   7097  1   3260
  1626   7097   5640  1   3260
  5640   7097   1625  1   3260
  1635   1926   6004  1   3261
  1635   6004   1634  1   3261
  6004   1926   1923  1   3261
  6004   1923   1921  1   3261
  1638   1929   1637  1   3262
  1637   1929   1927  1   3262
  1640   1641   1930  1   3263
  9330   9329   9332  1   3263
  9332   9333   9334  1   3263
  9334   9333   1935  1   3263
  9334   1935   1932  1   3263
  9334   1932   7086  1   3263
  9334   7086   9332  1   3263
  9332   7086   9330  1   3263
  9330   7086   1661  1   3263
  9330   1661   1662  1   3263
  9330   1662   9329  1   3263
  9329   1662   1950  1   3263
  9329   1950   6025  1   3263
  9329   6025   9332  1   3263
  9332   6025   9333  1   3263
  9333   6025   9331  1   3263
  9333   9331   6015  1   3263
  9333   6015   1935  1   3263
  6015   9331   6023  1   3263
  6015   6023   6017  1   3263
  6017   6023   1938  1   3263
  1938   6023   1944  1   3263
  1938   1944   1941  1   3263
  6023   9331   6025  1   3263
  6025   1950   1947  1   3263
  7086   1932   6013  1   3263
  7086   6013   1930  1   3263
  7086   1930   1641  1   3263
  1644   2660   1658  1   3264
  1644   1658   5689  1   3264
  1644   5689   1643  1   3264
  1643   5689   9335  1   3264
  1643   9335   7087  1   3264
  7087   9335   1659  1   3264
  1659   9335   5689  1   3264
  1647   2661   1646  1   3265
  1650   1653   2659  1   3266
  1650   2659   1649  1   3266
  2659   1653   1656  1   3266
  1665   1951   1664  1   3267
  1956   1953   1959  1   3268
  9337   9336   9339  1   3268
  9337   9339   9340  1   3268
  9336   9341   9338  1   3268
  9336   9338   9339  1   3268
  9339   9338   9343  1   3268
  9339   9343   9344  1   3268
  9340   9339   9344  1   3268
  9338   9341   9346  1   3268
  9338   9346   9342  1   3268
  9338   9342   9343  1   3268
  9343   9342   9347  1   3268
  9343   9347   9348  1   3268
  9344   9343   9348  1   3268
  9346   9345   9349  1   3268
  9347   9346   9349  1   3268
  9342   9346   9347  1   3268
  9348   9347   9350  1   3268
  9347   9349   9350  1   3268
  9350   9349   1948  1   3268
  9350   1948   1949  1   3268
  9350   1949   1667  1   3268
  9350   1667   9348  1   3268
  9348   1667   1668  1   3268
  9348   1668   9344  1   3268
  9344   1668   6070  1   3268
  9344   6070   9340  1   3268
  9340   6070   1977  1   3268
  9340   1977   1974  1   3268
  9340   1974   9337  1   3268
  9337   1974   6060  1   3268
  9337   6060   9336  1   3268
  9336   6060   1971  1   3268
  9336   1971   1968  1   3268
  9336   1968   9341  1   3268
  9341   1968   1965  1   3268
  9341   1965   9345  1   3268
  9341   9345   9346  1   3268
  9345   1965   1962  1   3268
  9345   1962   1959  1   3268
  9345   1959   1953  1   3268
  9345   1953   9349  1   3268
  9349   1953   1948  1   3268
  1671   1980   6071  1   3269
  1671   6071   1670  1   3269
  6071   1980   1978  1   3269
  9351   9354   9352  1   3270
  9351   9352   9353  1   3270
  9353   9352   9356  1   3270
  9352   9354   9357  1   3270
  9352   9357   9355  1   3270
  9352   9355   9356  1   3270
  9356   9355   9358  1   3270
  9356   9358   9359  1   3270
  9358   9357   9360  1   3270
  9355   9357   9358  1   3270
  9359   9358   9361  1   3270
  9358   9360   9361  1   3270
  9361   9360   1673  1   3270
  9361   1673   9362  1   3270
  9361   9362   5722  1   3270
  9361   5722   1686  1   3270
  9361   1686   9359  1   3270
  9359   1686   1995  1   3270
  9359   1995   9356  1   3270
  9356   1995   1992  1   3270
  9356   1992   9353  1   3270
  9353   1992   1989  1   3270
  9353   1989   9351  1   3270
  9351   1989   1986  1   3270
  9351   1986   1983  1   3270
  9351   1983   9354  1   3270
  9354   1983   6085  1   3270
  9354   6085   9357  1   3270
  9357   6085   1981  1   3270
  9357   1981   1673  1   3270
  9357   1673   9360  1   3270
  5722   9362   1683  1   3270
  1683   9362   1674  1   3270
  1683   1674   1682  1   3270
  1674   9362   1673  1   3270
  1677   1680   1676  1   3271
  5737   1695   2004  1   3272
  5737   2004   2001  1   3272
  5737   2001   1998  1   3272
  5737   1998   5735  1   3272
  5735   1998   1996  1   3272
  5735   1996   1688  1   3272
  5735   1688   1689  1   3272
  1704   2019   1698  1   3273
  1698   2019   1697  1   3273
  1697   2019   2005  1   3273
  2005   2019   6122  1   3273
  2005   6122   6104  1   3273
  6104   6122   6120  1   3273
  6104   6120   2007  1   3273
  2007   6120   2013  1   3273
  2007   2013   2010  1   3273
  2013   6120   2016  1   3273
  2020   1706   6124  1   3274
  9363   9365   9364  1   3274
  9364   9365   9366  1   3274
  9366   9365   7080  1   3274
  9366   7080   1715  1   3274
  9366   1715   6138  1   3274
  9366   6138   6136  1   3274
  9366   6136   9364  1   3274
  9364   6136   6134  1   3274
  9364   6134   9363  1   3274
  9363   6134   6132  1   3274
  9363   6132   6128  1   3274
  9363   6128   6126  1   3274
  9363   6126   9365  1   3274
  9365   6126   6124  1   3274
  9365   6124   1707  1   3274
  9365   1707   7080  1   3274
  1707   6124   1706  1   3274
  6128   6132   6130  1   3274
  6130   6132   2022  1   3274
  6138   1715   1716  1   3274
  1710   1713   7081  1   3275
  1710   7081   5752  1   3275
  5752   7081   1709  1   3275
  9367   9370   9371  1   3276
  9368   9367   9371  1   3276
  9368   9371   9372  1   3276
  9369   9368   9372  1   3276
  9369   9372   9373  1   3276
  9370   9374   9375  1   3276
  9371   9370   9375  1   3276
  9371   9375   9376  1   3276
  9372   9371   9376  1   3276
  9372   9376   9377  1   3276
  9373   9372   9377  1   3276
  9375   9374   9378  1   3276
  9375   9378   9379  1   3276
  9376   9375   9379  1   3276
  9376   9379   9380  1   3276
  9377   9376   9380  1   3276
  9377   9380   5756  1   3276
  9377   5756   5758  1   3276
  9377   5758   9373  1   3276
  9373   5758   5760  1   3276
  9373   5760   5762  1   3276
  9373   5762   9369  1   3276
  9369   5762   1725  1   3276
  9369   1725   6140  1   3276
  9369   6140   9368  1   3276
  9368   6140   9367  1   3276
  9367   6140   2023  1   3276
  9367   2023   6133  1   3276
  9367   6133   9370  1   3276
  9370   6133   6135  1   3276
  9370   6135   6137  1   3276
  9370   6137   9374  1   3276
  9374   6137   6139  1   3276
  9374   6139   9378  1   3276
  9378   6139   1718  1   3276
  9378   1718   9379  1   3276
  9379   1718   1719  1   3276
  9379   1719   9380  1   3276
  9380   1719   5756  1   3276
  9384   9383   9386  1   3277
  9381   9385   9387  1   3277
  9381   9387   6129  1   3277
  9381   6129   9382  1   3277
  9381   9382   6151  1   3277
  9381   6151   2025  1   3277
  9381   2025   6144  1   3277
  9381   6144   9385  1   3277
  9385   6144   2017  1   3277
  9385   2017   6121  1   3277
  9385   6121   9387  1   3277
  9387   6121   6123  1   3277
  9387   6123   6125  1   3277
  9387   6125   6127  1   3277
  9387   6127   6129  1   3277
  6125   6123   2018  1   3277
  6151   9382   2021  1   3277
  6151   2021   6141  1   3277
  6151   6141   6154  1   3277
  6154   6141   1727  1   3277
  6154   1727   9383  1   3277
  6154   9383   9384  1   3277
  6154   9384   2028  1   3277
  2028   9384   2031  1   3277
  2031   9384   2034  1   3277
  2034   9384   9386  1   3277
  2034   9386   1734  1   3277
  1734   9386   1731  1   3277
  1731   9386   5766  1   3277
  1731   5766   1728  1   3277
  5766   9386   5764  1   3277
  5764   9386   9383  1   3277
  5764   9383   1727  1   3277
  2021   9382   6131  1   3277
  6131   9382   6129  1   3277
  1737   1743   1736  1   3278
  1736   1743   2035  1   3278
  1746   1752   9388  1   3279
  1746   9388   1745  1   3279
  1745   9388   2037  1   3279
  1745   2037   2032  1   3279
  1745   2032   2033  1   3279
  2037   9388   2040  1   3279
  2040   9388   1752  1   3279
  2040   1752   2043  1   3279
  9389   9390   9391  1   3280
  9389   9391   9392  1   3280
  9392   9391   9393  1   3280
  9392   9393   9394  1   3280
  9392   9394   6186  1   3280
  9392   6186   6184  1   3280
  9392   6184   9389  1   3280
  9389   6184   2046  1   3280
  9389   2046   2044  1   3280
  9389   2044   9390  1   3280
  9390   2044   5791  1   3280
  9390   5791   9391  1   3280
  9391   5791   5793  1   3280
  9391   5793   9393  1   3280
  9393   5793   5795  1   3280
  9393   5795   1755  1   3280
  9393   1755   9394  1   3280
  9394   1755   1758  1   3280
  9394   1758   6186  1   3280
  5791   2044   1754  1   3280
  1761   2058   1760  1   3281
  1760   2058   6187  1   3281
  6187   2058   6199  1   3281
  6187   6199   6185  1   3281
  6185   6199   2055  1   3281
  6185   2055   2052  1   3281
  6185   2052   2049  1   3281
  6185   2049   2047  1   3281
  1764   2657   9396  1   3282
  1764   9396   1763  1   3282
  1763   9396   2059  1   3282
  2059   9396   2063  1   3282
  2063   9396   9395  1   3282
  2063   9395   2066  1   3282
  2066   9395   2069  1   3282
  2069   9395   1806  1   3282
  1806   9395   1805  1   3282
  1805   9395   2654  1   3282
  1805   2654   2651  1   3282
  2654   9395   9396  1   3282
  2654   9396   2657  1   3282
  1767   2658   1766  1   3283
  1770   1773   1769  1   3284
  1769   1773   1776  1   3284
  1769   1776   2655  1   3284
  1769   2655   2656  1   3284
  1779   1797   1800  1   3285
  1779   1800   2653  1   3285
  1779   2653   1778  1   3285
  2653   1800   2652  1   3285
  1803   2650   1802  1   3286
  1809   2070   1808  1   3287
  1812   2081   2075  1   3288
  1812   2075   2072  1   3288
  1812   2072   1811  1   3288
  1811   2072   2068  1   3288
  2068   2072   2067  1   3288
  2075   2081   2078  1   3288
  1821   2090   1815  1   3289
  9398   9399   9400  1   3289
  9400   9399   1814  1   3289
  9400   1814   5881  1   3289
  9400   5881   5883  1   3289
  9400   5883   9398  1   3289
  9398   5883   9397  1   3289
  9398   9397   2087  1   3289
  9398   2087   9399  1   3289
  9399   2087   2084  1   3289
  9399   2084   2082  1   3289
  9399   2082   1814  1   3289
  2087   9397   6230  1   3289
  6230   9397   2090  1   3289
  2090   9397   1815  1   3289
  1815   9397   5885  1   3289
  5885   9397   5883  1   3289
  1823   1824   2091  1   3290
  2089   1826   6232  1   3291
  1827   1838   9401  1   3291
  1827   9401   1826  1   3291
  1826   9401   6232  1   3291
  6232   9401   9402  1   3291
  6232   9402   2088  1   3291
  2088   9402   1839  1   3291
  1839   9402   9401  1   3291
  1839   9401   1838  1   3291
  1830   1836   1829  1   3292
  6242   2099   2093  1   3293
  6242   2093   2085  1   3293
  6242   2085   2086  1   3293
  6242   2086   1842  1   3293
  1842   2086   1841  1   3293
  2093   2099   2096  1   3293
  9404   9403   9405  1   3294
  9404   9405   6245  1   3294
  9404   6245   1844  1   3294
  9404   1844   1845  1   3294
  9404   1845   6254  1   3294
  9404   6254   9403  1   3294
  9403   6254   6252  1   3294
  9403   6252   9406  1   3294
  9403   9406   2108  1   3294
  9403   2108   9405  1   3294
  9405   2108   2105  1   3294
  9405   2105   2102  1   3294
  9405   2102   2100  1   3294
  9405   2100   6245  1   3294
  2108   9406   2111  1   3294
  2111   9406   2114  1   3294
  2114   9406   6252  1   3294
  1848   1851   9407  1   3295
  1848   9407   5911  1   3295
  5911   9407   6255  1   3295
  5911   6255   1847  1   3295
  6255   9407   6253  1   3295
  6253   9407   6259  1   3295
  6253   6259   2117  1   3295
  6253   2117   2115  1   3295
  6259   9407   1851  1   3295
  1854   2123   9408  1   3296
  1854   9408   1853  1   3296
  1853   9408   6261  1   3296
  6261   9408   9409  1   3296
  6261   9409   2118  1   3296
  2118   9409   6263  1   3296
  6263   9409   2120  1   3296
  2120   9409   9408  1   3296
  2120   9408   2123  1   3296
  1857   2124   1856  1   3297
  7056   1871   6283  1   3298
  7056   6283   6280  1   3298
  7056   6280   2122  1   3298
  7056   2122   1859  1   3298
  7056   1859   1860  1   3298
  2122   6280   2121  1   3298
  2121   6280   6265  1   3298
  6265   6280   2141  1   3298
  6265   2141   6267  1   3298
  6267   2141   6277  1   3298
  6267   6277   2126  1   3298
  2126   6277   2138  1   3298
  2126   2138   2135  1   3298
  2126   2135   2132  1   3298
  2126   2132   2129  1   3298
  6283   1871   1872  1   3298
  1863   1866   9410  1   3299
  1863   9410   1862  1   3299
  1862   9410   7057  1   3299
  7057   9410   5940  1   3299
  7057   5940   1869  1   3299
  5940   9410   1866  1   3299
  2150   2147   1875  1   3300
  1875   2147   6295  1   3300
  1875   6295   9411  1   3300
  1875   9411   1874  1   3300
  1874   9411   6285  1   3300
  6285   9411   6291  1   3300
  6285   6291   6282  1   3300
  6282   6291   6289  1   3300
  6282   6289   2142  1   3300
  2142   6289   2144  1   3300
  6291   9411   6293  1   3300
  6293   9411   6295  1   3300
  2153   2151   2156  1   3301
  1878   1881   1884  1   3301
  1878   1884   2156  1   3301
  1878   2156   5953  1   3301
  5953   2156   2151  1   3301
  5953   2151   1877  1   3301
  6312   2165   2162  1   3302
  6312   2162   6308  1   3302
  6312   6308   1887  1   3302
  1887   6308   9412  1   3302
  1887   9412   5962  1   3302
  5962   9412   1886  1   3302
  1886   9412   2159  1   3302
  1886   2159   2157  1   3302
  2159   9412   6308  1   3302
  1890   1896   9414  1   3303
  1890   9414   9413  1   3303
  1890   9413   5964  1   3303
  5964   9413   6313  1   3303
  5964   6313   1889  1   3303
  6313   9413   2166  1   3303
  2166   9413   9414  1   3303
  2166   9414   2168  1   3303
  2168   9414   2171  1   3303
  2171   9414   2174  1   3303
  2174   9414   1896  1   3303
  6327   2177   2175  1   3304
  6327   2175   9415  1   3304
  6327   9415   1899  1   3304
  1899   9415   5974  1   3304
  5974   9415   1898  1   3304
  1898   9415   2175  1   3304
  1902   1913   1901  1   3305
  1901   1913   6329  1   3305
  6329   1913   9416  1   3305
  6329   9416   2178  1   3305
  2178   9416   2180  1   3305
  2180   9416   2183  1   3305
  2183   9416   2194  1   3305
  2183   2194   2191  1   3305
  2183   2191   2186  1   3305
  2194   9416   2197  1   3305
  2197   9416   1913  1   3305
  1916   2200   1915  1   3306
  1915   2200   2198  1   3306
  1919   1922   2212  1   3307
  1919   2212   2209  1   3307
  1919   2209   6001  1   3307
  6001   2209   6360  1   3307
  6001   6360   5998  1   3307
  5998   6360   2206  1   3307
  5998   2206   2203  1   3307
  5998   2203   1918  1   3307
  1918   2203   2201  1   3307
  1925   1928   6014  1   3308
  1925   6014   1931  1   3308
  1925   1931   1924  1   3308
  1924   1931   2213  1   3308
  9418   9417   9419  1   3309
  9418   9419   1934  1   3309
  9418   1934   6368  1   3309
  9418   6368   2210  1   3309
  9418   2210   9417  1   3309
  9417   2210   2211  1   3309
  9417   2211   1933  1   3309
  9417   1933   9419  1   3309
  9419   1933   1934  1   3309
  6370   2215   9420  1   3310
  6370   9420   9421  1   3310
  6370   9421   6372  1   3310
  6372   9421   6018  1   3310
  6372   6018   1937  1   3310
  6018   9421   6016  1   3310
  6016   9421   6369  1   3310
  6016   6369   1936  1   3310
  6369   9421   9420  1   3310
  6369   9420   6362  1   3310
  6369   6362   2208  1   3310
  6362   9420   2215  1   3310
  6362   2215   2207  1   3310
  1940   2218   1939  1   3311
  1939   2218   6373  1   3311
  6373   2218   6374  1   3311
  6373   6374   6371  1   3311
  6371   6374   2216  1   3311
  1943   2645   9423  1   3312
  1943   9423   1942  1   3312
  1942   9423   9422  1   3312
  1942   9422   2219  1   3312
  2219   9422   2221  1   3312
  2221   9422   6380  1   3312
  2221   6380   2224  1   3312
  2224   6380   2227  1   3312
  6380   9422   6382  1   3312
  6382   9422   9423  1   3312
  6382   9423   6384  1   3312
  6384   9423   6386  1   3312
  6386   9423   2645  1   3312
  6386   2645   1960  1   3312
  6386   1960   1961  1   3312
  1952   2648   1946  1   3313
  1946   2648   9424  1   3313
  1946   9424   6026  1   3313
  6026   9424   6024  1   3313
  6024   9424   1945  1   3313
  1945   9424   2646  1   3313
  2646   9424   2648  1   3313
  1954   1955   2649  1   3314
  2647   1957   2644  1   3315
  1958   2644   1957  1   3315
  9429   9428   9430  1   3316
  9429   9430   9431  1   3316
  9429   9431   7046  1   3316
  9429   7046   7044  1   3316
  9429   7044   9426  1   3316
  9429   9426   6394  1   3316
  9429   6394   9428  1   3316
  9428   6394   6392  1   3316
  9428   6392   9427  1   3316
  9428   9427   6383  1   3316
  9428   6383   9430  1   3316
  9430   6383   6385  1   3316
  9430   6385   9431  1   3316
  9431   6385   6387  1   3316
  9431   6387   7046  1   3316
  7046   6387   1963  1   3316
  7046   1963   1964  1   3316
  6383   9427   6381  1   3316
  6381   9427   6390  1   3316
  6381   6390   2228  1   3316
  2228   6390   2230  1   3316
  6390   9427   6392  1   3316
  6394   9426   6396  1   3316
  6396   9426   7044  1   3316
  6396   7044   2233  1   3316
  2233   7044   7042  1   3316
  2233   7042   2236  1   3316
  2236   7042   7040  1   3316
  2236   7040   6398  1   3316
  6398   7040   9425  1   3316
  6398   9425   6400  1   3316
  6400   9425   6402  1   3316
  6402   9425   1970  1   3316
  6402   1970   2247  1   3316
  6402   2247   6404  1   3316
  6404   2247   2242  1   3316
  6404   2242   2239  1   3316
  1970   9425   1969  1   3316
  1969   9425   7040  1   3316
  7047   1966   9432  1   3317
  7047   9432   7045  1   3317
  7045   9432   7043  1   3317
  7043   9432   9433  1   3317
  7043   9433   7041  1   3317
  7041   9433   1967  1   3317
  1967   9433   1966  1   3317
  1966   9433   9432  1   3317
  1973   2256   6062  1   3318
  6062   2256   2253  1   3318
  6062   2253   1972  1   3318
  1972   2253   2250  1   3318
  1972   2250   2248  1   3318
  1976   1979   6087  1   3319
  1976   6087   1975  1   3319
  1975   6087   2257  1   3319
  2257   6087   1982  1   3319
  9434   9435   9436  1   3320
  9434   9436   9437  1   3320
  9434   9437   9438  1   3320
  9434   9439   9435  1   3320
  9436   9435   9441  1   3320
  9439   9442   9443  1   3320
  9435   9439   9443  1   3320
  9435   9443   9440  1   3320
  9435   9440   9441  1   3320
  9441   9440   9445  1   3320
  9443   9442   9446  1   3320
  9443   9446   9447  1   3320
  9440   9443   9447  1   3320
  9440   9447   9444  1   3320
  9440   9444   9445  1   3320
  9447   9446   9449  1   3320
  9447   9449   9450  1   3320
  9444   9447   9450  1   3320
  9444   9450   9448  1   3320
  9444   9448   9445  1   3320
  9445   9448   1985  1   3320
  9445   1985   2277  1   3320
  9445   2277   6448  1   3320
  9445   6448   9441  1   3320
  9441   6448   6445  1   3320
  9441   6445   9436  1   3320
  9436   6445   2274  1   3320
  9436   2274   9437  1   3320
  9437   2274   2271  1   3320
  9437   2271   2268  1   3320
  9437   2268   9438  1   3320
  9438   2268   2265  1   3320
  9438   2265   6426  1   3320
  9438   6426   9434  1   3320
  9434   6426   9439  1   3320
  9439   6426   2262  1   3320
  9439   2262   9442  1   3320
  9442   2262   2259  1   3320
  9442   2259   9446  1   3320
  9446   2259   9449  1   3320
  9449   2259   2254  1   3320
  9449   2254   2255  1   3320
  9449   2255   9450  1   3320
  9450   2255   1984  1   3320
  9450   1984   9448  1   3320
  9448   1984   1985  1   3320
  1988   2278   1987  1   3321
  9451   9452   9453  1   3322
  9453   9452   9455  1   3322
  9453   9455   9456  1   3322
  9452   9454   9455  1   3322
  9455   9454   9458  1   3322
  9455   9458   9459  1   3322
  9456   9455   9459  1   3322
  9454   9457   9458  1   3322
  9458   9457   9460  1   3322
  9458   9460   9459  1   3322
  9459   9460   7036  1   3322
  9459   7036   2008  1   3322
  9459   2008   9456  1   3322
  9456   2008   2009  1   3322
  9456   2009   2280  1   3322
  9456   2280   9453  1   3322
  9453   2280   6455  1   3322
  9453   6455   9451  1   3322
  9451   6455   2275  1   3322
  9451   2275   6447  1   3322
  9451   6447   9452  1   3322
  9452   6447   6450  1   3322
  9452   6450   9454  1   3322
  9454   6450   2276  1   3322
  9454   2276   1990  1   3322
  9454   1990   9457  1   3322
  9457   1990   1991  1   3322
  9457   1991   9460  1   3322
  9460   1991   1999  1   3322
  9460   1999   2000  1   3322
  9460   2000   7036  1   3322
  1994   1997   1993  1   3323
  6106   2006   7038  1   3324
  6106   7038   2003  1   3324
  2003   7038   2002  1   3324
  2012   2283   2281  1   3325
  2012   2281   2011  1   3325
  9462   9461   9464  1   3326
  9462   9464   9465  1   3326
  9461   9463   9464  1   3326
  9464   9463   6147  1   3326
  9464   6147   2024  1   3326
  9464   2024   9465  1   3326
  9465   2024   2029  1   3326
  9465   2029   6467  1   3326
  9465   6467   2292  1   3326
  9465   2292   9462  1   3326
  9462   2292   9461  1   3326
  9461   2292   2289  1   3326
  9461   2289   9463  1   3326
  9463   2289   2286  1   3326
  9463   2286   2284  1   3326
  9463   2284   9466  1   3326
  9463   9466   6147  1   3326
  6147   9466   2015  1   3326
  2015   9466   2014  1   3326
  2014   9466   2284  1   3326
  6467   2029   2036  1   3326
  2036   2029   2030  1   3326
  2027   2026   9468  1   3327
  2027   9468   6156  1   3327
  6156   9468   9467  1   3327
  6156   9467   6153  1   3327
  6153   9467   2026  1   3327
  2026   9467   9468  1   3327
  6469   2293   6468  1   3328
  6469   6468   2038  1   3328
  6469   2038   2039  1   3328
  9469   9470   9471  1   3329
  9469   9471   9472  1   3329
  9469   9472   9473  1   3329
  9469   9473   9474  1   3329
  9469   9474   9475  1   3329
  9469   9475   9470  1   3329
  9471   9476   9477  1   3329
  9472   9471   9477  1   3329
  9472   9477   9478  1   3329
  9472   9478   9479  1   3329
  9473   9472   9479  1   3329
  9473   9479   9480  1   3329
  9470   9475   9481  1   3329
  9470   9481   2290  1   3329
  9470   2290   2291  1   3329
  9470   2291   9471  1   3329
  9471   2291   9476  1   3329
  9476   2291   6470  1   3329
  9476   6470   9477  1   3329
  9477   6470   2041  1   3329
  9477   2041   9478  1   3329
  9478   2041   2042  1   3329
  9478   2042   9479  1   3329
  9479   2042   2045  1   3329
  9479   2045   9480  1   3329
  9480   2045   2048  1   3329
  9480   2048   6485  1   3329
  9480   6485   9473  1   3329
  9473   6485   9474  1   3329
  9474   6485   6481  1   3329
  9474   6481   9475  1   3329
  9475   6481   6477  1   3329
  9475   6477   9481  1   3329
  9481   6477   2298  1   3329
  9481   2298   2295  1   3329
  9481   2295   2290  1   3329
  2319   2316   2051  1   3330
  2051   2316   2313  1   3330
  2051   2313   2050  1   3330
  2050   2313   6488  1   3330
  6488   2313   2310  1   3330
  6488   2310   9482  1   3330
  6488   9482   6484  1   3330
  6484   9482   6498  1   3330
  6484   6498   2304  1   3330
  6484   2304   6480  1   3330
  6480   2304   6495  1   3330
  6480   6495   2299  1   3330
  2299   6495   2301  1   3330
  6498   9482   2307  1   3330
  2307   9482   2310  1   3330
  2054   2320   2053  1   3331
  2317   2318   2062  1   3332
  2057   2062   6201  1   3332
  6201   2062   2056  1   3332
  2056   2062   2318  1   3332
  2065   2071   2314  1   3333
  2065   2314   2064  1   3333
  2064   2314   2315  1   3333
  2074   2322   9483  1   3334
  2074   9483   2073  1   3334
  2073   9483   2312  1   3334
  2312   9483   2311  1   3334
  2311   9483   2322  1   3334
  2077   2331   6542  1   3335
  2077   6542   6536  1   3335
  2077   6536   2076  1   3335
  2076   6536   2325  1   3335
  2076   2325   2323  1   3335
  6536   6542   2328  1   3335
  2080   2083   2332  1   3336
  2080   2332   2079  1   3336
  2332   2083   2092  1   3336
  2332   2092   2334  1   3336
  2095   2337   2335  1   3337
  2095   2335   2094  1   3337
  2098   2101   2340  1   3338
  2098   2340   2097  1   3338
  2097   2340   2338  1   3338
  2104   2343   2103  1   3339
  2103   2343   2341  1   3339
  6570   2349   9484  1   3340
  6570   9484   2107  1   3340
  2107   9484   2106  1   3340
  2106   9484   2344  1   3340
  2344   9484   2346  1   3340
  2346   9484   2349  1   3340
  2110   2358   9485  1   3341
  2110   9485   6571  1   3341
  2110   6571   2109  1   3341
  6571   9485   9486  1   3341
  6571   9486   2350  1   3341
  2350   9486   2352  1   3341
  2352   9486   2355  1   3341
  2355   9486   6582  1   3341
  6582   9486   9485  1   3341
  6582   9485   2358  1   3341
  2113   2116   9487  1   3342
  2113   9487   2112  1   3342
  2112   9487   2359  1   3342
  2359   9487   9488  1   3342
  2359   9488   6584  1   3342
  6584   9488   6268  1   3342
  6584   6268   2125  1   3342
  6268   9488   6266  1   3342
  6266   9488   6264  1   3342
  6266   6264   2119  1   3342
  6264   9488   9487  1   3342
  6264   9487   2116  1   3342
  2128   2361   2356  1   3343
  2128   2356   2127  1   3343
  2127   2356   6583  1   3343
  2127   6583   6585  1   3343
  6585   6583   2357  1   3343
  2130   2131   2362  1   3344
  2364   2362   2367  1   3344
  2131   2370   2367  1   3344
  2131   2367   2362  1   3344
  2134   2373   2133  1   3345
  2133   2373   2371  1   3345
  2137   2391   2382  1   3346
  2137   2382   2379  1   3346
  2137   2379   2376  1   3346
  2137   2376   2374  1   3346
  2137   2374   2136  1   3346
  2382   2391   6627  1   3346
  2382   6627   2385  1   3346
  2385   6627   6625  1   3346
  2385   6625   6621  1   3346
  6621   6625   2388  1   3346
  2140   2143   6278  1   3347
  6278   2143   2392  1   3347
  6278   2392   2139  1   3347
  2146   2403   6296  1   3348
  9490   9492   9493  1   3348
  9491   9490   9493  1   3348
  9491   9493   9494  1   3348
  9491   9494   6626  1   3348
  9491   6626   9489  1   3348
  9491   9489   6290  1   3348
  9491   6290   9490  1   3348
  9490   6290   6292  1   3348
  9490   6292   9492  1   3348
  9492   6292   6294  1   3348
  9492   6294   6296  1   3348
  9492   6296   2400  1   3348
  9492   2400   2397  1   3348
  9492   2397   9493  1   3348
  9493   2397   6639  1   3348
  9493   6639   9494  1   3348
  9494   6639   2394  1   3348
  9494   2394   2389  1   3348
  9494   2389   6626  1   3348
  2400   6296   2403  1   3348
  6290   9489   2145  1   3348
  2145   9489   2390  1   3348
  2390   9489   6628  1   3348
  6628   9489   6626  1   3348
  2148   2149   2404  1   3349
  2404   2149   2152  1   3349
  2402   2154   2401  1   3350
  2155   2158   6654  1   3350
  2155   6654   2154  1   3350
  2154   6654   2401  1   3350
  2161   2415   6668  1   3351
  2161   6668   6310  1   3351
  6310   6668   2412  1   3351
  6310   2412   2160  1   3351
  2160   2412   6664  1   3351
  2160   6664   6656  1   3351
  6656   6664   6661  1   3351
  6656   6661   2399  1   3351
  2399   6661   2409  1   3351
  2399   2409   6658  1   3351
  2399   6658   2398  1   3351
  2398   6658   2406  1   3351
  2164   2167   9495  1   3352
  2164   9495   2416  1   3352
  2164   2416   2163  1   3352
  2416   9495   2418  1   3352
  2418   9495   6670  1   3352
  6670   9495   2421  1   3352
  2421   9495   2424  1   3352
  2424   9495   2167  1   3352
  2170   2425   2169  1   3353
  2173   2176   9502  1   3354
  2173   9502   9503  1   3354
  2173   9503   2172  1   3354
  2172   9503   2423  1   3354
  2423   9503   2422  1   3354
  2422   9503   2427  1   3354
  2427   9503   9502  1   3354
  2427   9502   6672  1   3354
  6672   9502   9501  1   3354
  6672   9501   6674  1   3354
  6674   9501   9500  1   3354
  6674   9500   6676  1   3354
  6676   9500   9499  1   3354
  6676   9499   6678  1   3354
  6678   9499   6809  1   3354
  6678   6809   6805  1   3354
  6678   6805   6680  1   3354
  6680   6805   6801  1   3354
  6680   6801   6682  1   3354
  6682   6801   9498  1   3354
  6682   9498   6684  1   3354
  6684   9498   9497  1   3354
  6684   9497   6686  1   3354
  6686   9497   9496  1   3354
  6686   9496   2430  1   3354
  2430   9496   6623  1   3354
  2430   6623   2433  1   3354
  2433   6623   2387  1   3354
  2433   2387   2393  1   3354
  6623   9496   2386  1   3354
  2386   9496   9497  1   3354
  2386   9497   2499  1   3354
  2499   9497   6797  1   3354
  6797   9497   9498  1   3354
  6797   9498   6801  1   3354
  6809   9499   2502  1   3354
  2502   9499   9500  1   3354
  2502   9500   2179  1   3354
  2179   9500   9501  1   3354
  2179   9501   2176  1   3354
  2176   9501   9502  1   3354
  2182   2503   2181  1   3355
  9504   9506   9505  1   3356
  9506   9508   9509  1   3356
  9505   9506   9509  1   3356
  9505   9509   9507  1   3356
  9509   9508   9510  1   3356
  9509   9510   6835  1   3356
  9509   6835   9507  1   3356
  9507   6835   2511  1   3356
  9507   2511   2508  1   3356
  9507   2508   6824  1   3356
  9507   6824   9505  1   3356
  9505   6824   9504  1   3356
  9504   6824   2505  1   3356
  9504   2505   2381  1   3356
  9504   2381   2500  1   3356
  9504   2500   9506  1   3356
  9506   2500   6800  1   3356
  9506   6800   9508  1   3356
  9508   6800   6804  1   3356
  9508   6804   9510  1   3356
  9510   6804   6808  1   3356
  9510   6808   6840  1   3356
  9510   6840   6835  1   3356
  6840   6808   6812  1   3356
  6840   6812   2185  1   3356
  2185   6812   2184  1   3356
  2184   6812   2501  1   3356
  2381   2505   2380  1   3356
  2190   2526   2187  1   3357
  2187   2526   6863  1   3357
  2187   6863   9512  1   3357
  2187   9512   6844  1   3357
  6844   9512   9511  1   3357
  6844   9511   2520  1   3357
  6844   2520   6839  1   3357
  6839   2520   2517  1   3357
  6839   2517   6854  1   3357
  6839   6854   2512  1   3357
  2512   6854   2514  1   3357
  2520   9511   6858  1   3357
  6858   9511   6860  1   3357
  6860   9511   9512  1   3357
  6860   9512   2523  1   3357
  2523   9512   6863  1   3357
  2193   2529   2527  1   3358
  2193   2527   2192  1   3358
  2196   2199   2532  1   3359
  2196   2532   2195  1   3359
  2195   2532   2530  1   3359
  2532   2199   2202  1   3359
  2205   2214   9515  1   3360
  2205   9515   6875  1   3360
  2205   6875   2204  1   3360
  2204   6875   2533  1   3360
  6875   9515   9513  1   3360
  6875   9513   2535  1   3360
  2535   9513   6877  1   3360
  6877   9513   9514  1   3360
  6877   9514   2538  1   3360
  2538   9514   2220  1   3360
  2220   9514   2217  1   3360
  2217   9514   6375  1   3360
  6375   9514   9513  1   3360
  6375   9513   9515  1   3360
  6375   9515   2214  1   3360
  2223   2539   2222  1   3361
  9517   9516   9518  1   3362
  9517   9518   9519  1   3362
  9517   9519   2544  1   3362
  9517   2544   6881  1   3362
  9517   6881   9516  1   3362
  9516   6881   2541  1   3362
  9516   2541   6859  1   3362
  9516   6859   6861  1   3362
  9516   6861   9518  1   3362
  9518   6861   2522  1   3362
  9518   2522   2536  1   3362
  9518   2536   6878  1   3362
  9518   6878   9519  1   3362
  9519   6878   2537  1   3362
  9519   2537   2225  1   3362
  9519   2225   2226  1   3362
  9519   2226   2229  1   3362
  9519   2229   2544  1   3362
  6859   2541   2521  1   3362
  9521   9520   9523  1   3363
  9521   9523   6393  1   3363
  9521   6393   9522  1   3363
  9521   9522   6887  1   3363
  9521   6887   9520  1   3363
  9520   6887   6885  1   3363
  9520   6885   6883  1   3363
  9520   6883   2545  1   3363
  9520   2545   9523  1   3363
  9523   2545   2231  1   3363
  9523   2231   6391  1   3363
  9523   6391   6393  1   3363
  6883   6885   2547  1   3363
  2547   6885   2550  1   3363
  6887   9522   6889  1   3363
  6889   9522   6395  1   3363
  6889   6395   6891  1   3363
  6891   6395   6397  1   3363
  6891   6397   2232  1   3363
  6395   9522   6393  1   3363
  9524   9525   9526  1   3364
  9524   9526   9527  1   3364
  9524   9528   9529  1   3364
  9524   9529   9525  1   3364
  9526   9525   9531  1   3364
  9526   9531   9532  1   3364
  9529   9528   9533  1   3364
  9529   9533   9534  1   3364
  9529   9534   9535  1   3364
  9525   9529   9535  1   3364
  9525   9535   9530  1   3364
  9525   9530   9531  1   3364
  9531   9530   9537  1   3364
  9535   9534   9538  1   3364
  9535   9538   9539  1   3364
  9530   9535   9539  1   3364
  9530   9539   9536  1   3364
  9530   9536   9537  1   3364
  9537   9536   2234  1   3364
  9537   2234   2235  1   3364
  9537   2235   6904  1   3364
  9537   6904   9531  1   3364
  9531   6904   9532  1   3364
  9532   6904   6902  1   3364
  9532   6902   6900  1   3364
  9532   6900   9526  1   3364
  9526   6900   9527  1   3364
  9527   6900   6898  1   3364
  9527   6898   2553  1   3364
  9527   2553   9524  1   3364
  9524   2553   9528  1   3364
  9528   2553   6894  1   3364
  9528   6894   9533  1   3364
  9533   6894   2551  1   3364
  9533   2551   6886  1   3364
  9533   6886   9534  1   3364
  9534   6886   6888  1   3364
  9534   6888   9538  1   3364
  9538   6888   6890  1   3364
  9538   6890   9539  1   3364
  9539   6890   6892  1   3364
  9539   6892   2234  1   3364
  9539   2234   9536  1   3364
  2238   2562   9543  1   3365
  2238   9543   6405  1   3365
  6405   9543   9541  1   3365
  6405   9541   6403  1   3365
  6403   9541   6401  1   3365
  6401   9541   6903  1   3365
  6401   6903   6905  1   3365
  6401   6905   6399  1   3365
  6399   6905   2237  1   3365
  6903   9541   6901  1   3365
  6901   9541   9540  1   3365
  6901   9540   6899  1   3365
  6899   9540   2556  1   3365
  6899   2556   2554  1   3365
  2556   9540   6906  1   3365
  6906   9540   9542  1   3365
  6906   9542   2559  1   3365
  2559   9542   9543  1   3365
  2559   9543   2562  1   3365
  9543   9542   9541  1   3365
  9541   9542   9540  1   3365
  2241   2573   2240  1   3366
  2240   2573   2563  1   3366
  2563   2573   2567  1   3366
  2567   2573   2570  1   3366
  2246   2249   9544  1   3367
  2246   9544   2243  1   3367
  2243   9544   2574  1   3367
  2574   9544   6922  1   3367
  6922   9544   2261  1   3367
  2261   9544   2260  1   3367
  2260   9544   2249  1   3367
  2252   2258   2251  1   3368
  2264   2582   6427  1   3369
  6427   2582   6923  1   3369
  6427   6923   2263  1   3369
  6923   2582   2579  1   3369
  6923   2579   2576  1   3369
  6923   2576   2571  1   3369
  6923   2571   2572  1   3369
  2267   2642   9546  1   3370
  2267   9546   2266  1   3370
  2266   9546   2585  1   3370
  2266   2585   2583  1   3370
  2585   9546   9545  1   3370
  2585   9545   6946  1   3370
  6946   9545   2588  1   3370
  2588   9545   6496  1   3370
  2588   6496   2303  1   3370
  6496   9545   2302  1   3370
  2302   9545   9546  1   3370
  2302   9546   2642  1   3370
  2270   2643   2269  1   3371
  6457   2279   2282  1   3372
  6457   2282   2285  1   3372
  6457   2285   2296  1   3372
  6457   2296   2273  1   3372
  2273   2296   2272  1   3372
  2272   2296   2300  1   3372
  2272   2300   2641  1   3372
  2300   2296   2297  1   3372
  2288   2294   2287  1   3373
  9547   9548   9549  1   3374
  9547   9549   9550  1   3374
  9547   9550   2327  1   3374
  9547   2327   2597  1   3374
  9547   2597   2594  1   3374
  9547   2594   9548  1   3374
  9548   2594   2591  1   3374
  9548   2591   2589  1   3374
  9548   2589   9549  1   3374
  9549   2589   2305  1   3374
  9549   2305   6500  1   3374
  9549   6500   9550  1   3374
  9550   6500   2306  1   3374
  9550   2306   6539  1   3374
  9550   6539   2327  1   3374
  6539   2306   2326  1   3374
  2597   2327   2600  1   3374
  2309   2321   2308  1   3375
  2308   2321   2324  1   3375
  2330   2333   9551  1   3376
  2330   9551   6543  1   3376
  6543   9551   2329  1   3376
  2329   9551   2601  1   3376
  2601   9551   2603  1   3376
  2603   9551   2345  1   3376
  2345   9551   2342  1   3376
  2342   9551   2339  1   3376
  2339   9551   2333  1   3376
  2339   2333   2336  1   3376
  9552   9554   9555  1   3377
  9552   9555   9553  1   3377
  9555   9554   9556  1   3377
  9555   9556   9557  1   3377
  9555   9557   9558  1   3377
  9553   9555   9558  1   3377
  9553   9558   6964  1   3377
  9553   6964   6962  1   3377
  9553   6962   2595  1   3377
  9553   2595   9552  1   3377
  9552   2595   2596  1   3377
  9552   2596   2347  1   3377
  9552   2347   9554  1   3377
  9554   2347   2348  1   3377
  9554   2348   9556  1   3377
  9556   2348   2351  1   3377
  9556   2351   2609  1   3377
  9556   2609   6969  1   3377
  9556   6969   9557  1   3377
  9557   6969   2606  1   3377
  9557   2606   6966  1   3377
  9557   6966   9558  1   3377
  9558   6966   6964  1   3377
  2347   2596   2604  1   3377
  2360   2363   2354  1   3378
  2354   2363   2612  1   3378
  2354   2612   2610  1   3378
  2354   2610   2353  1   3378
  2366   2639   2365  1   3379
  2365   2639   2613  1   3379
  2613   2639   2506  1   3379
  2613   2506   6826  1   3379
  2613   6826   2615  1   3379
  2615   6826   2507  1   3379
  2615   2507   2618  1   3379
  2369   2372   2640  1   3380
  2369   2640   2368  1   3380
  2640   2372   2375  1   3380
  2378   2504   2377  1   3381
  2377   2504   2638  1   3381
  2384   2498   2383  1   3382
  2396   2405   6642  1   3383
  6642   2405   2439  1   3383
  6642   2439   2436  1   3383
  6642   2436   6688  1   3383
  6642   6688   2395  1   3383
  2395   6688   2434  1   3383
  2408   2448   6659  1   3384
  6692   2445   6690  1   3384
  6692   6690   9561  1   3384
  6692   9561   6694  1   3384
  6694   9561   9559  1   3384
  6694   9559   9560  1   3384
  6694   9560   6696  1   3384
  6696   9560   6659  1   3384
  6696   6659   2448  1   3384
  6659   9560   2407  1   3384
  2407   9560   9559  1   3384
  2407   9559   2440  1   3384
  2440   9559   2442  1   3384
  2442   9559   9561  1   3384
  2442   9561   6690  1   3384
  2449   2410   6698  1   3385
  2411   2451   6666  1   3385
  9563   9562   9564  1   3385
  9563   9564   9565  1   3385
  9564   9566   9567  1   3385
  9565   9564   9567  1   3385
  9565   9567   6704  1   3385
  9565   6704   6702  1   3385
  9565   6702   6700  1   3385
  9565   6700   9563  1   3385
  9563   6700   6698  1   3385
  9563   6698   9562  1   3385
  9562   6698   2410  1   3385
  9562   2410   6663  1   3385
  9562   6663   9564  1   3385
  9564   6663   6666  1   3385
  9564   6666   9566  1   3385
  9566   6666   2451  1   3385
  9566   2451   6706  1   3385
  9566   6706   9567  1   3385
  9567   6706   6704  1   3385
  2414   2417   9570  1   3386
  2414   9570   9568  1   3386
  2414   9568   6669  1   3386
  6669   9568   6708  1   3386
  6669   6708   2452  1   3386
  6669   2452   2413  1   3386
  6708   9568   6710  1   3386
  6710   9568   9570  1   3386
  6710   9570   9569  1   3386
  6710   9569   6712  1   3386
  6712   9569   6714  1   3386
  6712   6714   2454  1   3386
  6714   9569   2457  1   3386
  2457   9569   9570  1   3386
  2457   9570   2460  1   3386
  2460   9570   2417  1   3386
  2420   2426   9571  1   3387
  2420   9571   6671  1   3387
  6671   9571   2461  1   3387
  6671   2461   2419  1   3387
  2461   9571   6718  1   3387
  6718   9571   6720  1   3387
  6720   9571   2426  1   3387
  6720   2426   6722  1   3387
  6720   6722   2463  1   3387
  9574   9575   9577  1   3388
  9574   9577   9576  1   3388
  9578   9577   9579  1   3388
  9576   9577   9578  1   3388
  9578   9579   9580  1   3388
  9578   9580   6675  1   3388
  9578   6675   6677  1   3388
  9578   6677   6679  1   3388
  9578   6679   9576  1   3388
  9576   6679   6681  1   3388
  9576   6681   9574  1   3388
  9574   6681   6683  1   3388
  9574   6683   9573  1   3388
  9574   9573   9575  1   3388
  9575   9573   2469  1   3388
  9575   2469   6727  1   3388
  9575   6727   9577  1   3388
  9577   6727   2466  1   3388
  9577   2466   9579  1   3388
  9579   2466   9580  1   3388
  9580   2466   2464  1   3388
  9580   2464   6723  1   3388
  9580   6723   6673  1   3388
  9580   6673   6675  1   3388
  6673   6723   2428  1   3388
  2469   9573   9572  1   3388
  2469   9572   2472  1   3388
  2472   9572   6733  1   3388
  6733   9572   6687  1   3388
  6733   6687   2429  1   3388
  6687   9572   6685  1   3388
  6685   9572   9573  1   3388
  6685   9573   6683  1   3388
  6689   2435   9581  1   3389
  6689   9581   2432  1   3389
  2432   9581   2431  1   3389
  2431   9581   6735  1   3389
  2431   6735   6734  1   3389
  6734   6735   2473  1   3389
  6735   9581   6737  1   3389
  6737   9581   2435  1   3389
  9582   9583   9584  1   3390
  9584   9583   9585  1   3390
  9584   9585   6743  1   3390
  9584   6743   6741  1   3390
  9584   6741   6736  1   3390
  9584   6736   9582  1   3390
  9582   6736   6738  1   3390
  9582   6738   2437  1   3390
  9582   2437   2441  1   3390
  9582   2441   9583  1   3390
  9583   2441   6747  1   3390
  9583   6747   9585  1   3390
  9585   6747   2478  1   3390
  9585   2478   6745  1   3390
  9585   6745   6743  1   3390
  6745   2478   2475  1   3390
  2441   2437   2438  1   3390
  6736   6741   6739  1   3390
  6736   6739   2471  1   3390
  2471   6739   2470  1   3390
  2444   2481   2479  1   3391
  2444   2479   6748  1   3391
  2444   6748   6691  1   3391
  6691   6748   2443  1   3391
  2490   2487   2453  1   3392
  9587   9586   9588  1   3392
  9591   9592   9593  1   3392
  9591   9593   6764  1   3392
  9591   6764   6761  1   3392
  9591   6761   9590  1   3392
  9591   9590   6705  1   3392
  9591   6705   6707  1   3392
  9591   6707   9592  1   3392
  9592   6707   6709  1   3392
  9592   6709   6711  1   3392
  9592   6711   9593  1   3392
  9593   6711   6713  1   3392
  9593   6713   6764  1   3392
  6764   6713   2453  1   3392
  6764   2453   2487  1   3392
  6709   6707   2450  1   3392
  6705   9590   6703  1   3392
  6703   9590   6758  1   3392
  6703   6758   9589  1   3392
  6703   9589   6701  1   3392
  6701   9589   9588  1   3392
  6701   9588   6699  1   3392
  6699   9588   9586  1   3392
  6699   9586   6697  1   3392
  6699   6697   2447  1   3392
  6697   9586   6695  1   3392
  6695   9586   9587  1   3392
  6695   9587   6693  1   3392
  6693   9587   6752  1   3392
  6693   6752   2446  1   3392
  2446   6752   2484  1   3392
  2446   2484   2482  1   3392
  6752   9587   9588  1   3392
  6752   9588   6755  1   3392
  6755   9588   9589  1   3392
  6755   9589   6758  1   3392
  6758   9590   6761  1   3392
  6770   2493   2455  1   3393
  6770   2455   6715  1   3393
  6770   6715   2456  1   3393
  2455   2493   2491  1   3393
  9594   9595   9596  1   3394
  9596   9595   9597  1   3394
  9596   9597   6721  1   3394
  9596   6721   6776  1   3394
  9596   6776   6774  1   3394
  9596   6774   9594  1   3394
  9594   6774   6772  1   3394
  9594   6772   2494  1   3394
  9594   2494   6771  1   3394
  9594   6771   9595  1   3394
  9595   6771   2458  1   3394
  9595   2458   9597  1   3394
  9597   2458   2459  1   3394
  9597   2459   6719  1   3394
  9597   6719   6721  1   3394
  2494   6772   2496  1   3394
  6776   6721   6778  1   3394
  6778   6721   2462  1   3394
  6778   2462   2465  1   3394
  9598   9601   9602  1   3395
  9599   9598   9602  1   3395
  9599   9602   9603  1   3395
  9600   9599   9603  1   3395
  9600   9603   9604  1   3395
  9601   9605   9606  1   3395
  9602   9601   9606  1   3395
  9602   9606   9607  1   3395
  9603   9602   9607  1   3395
  9603   9607   9608  1   3395
  9604   9603   9608  1   3395
  9606   9605   9609  1   3395
  9606   9609   9610  1   3395
  9607   9606   9610  1   3395
  9607   9610   9611  1   3395
  9608   9607   9611  1   3395
  9608   9611   2467  1   3395
  9608   2467   6729  1   3395
  9608   6729   9604  1   3395
  9604   6729   2468  1   3395
  9604   2468   9600  1   3395
  9600   2468   6740  1   3395
  9600   6740   6742  1   3395
  9600   6742   9599  1   3395
  9599   6742   6744  1   3395
  9599   6744   9598  1   3395
  9598   6744   6746  1   3395
  9598   6746   2474  1   3395
  9598   2474   9601  1   3395
  9601   2474   6781  1   3395
  9601   6781   9605  1   3395
  9605   6781   2497  1   3395
  9605   2497   9609  1   3395
  9609   2497   6773  1   3395
  9609   6773   6775  1   3395
  9609   6775   9610  1   3395
  9610   6775   6777  1   3395
  9610   6777   9611  1   3395
  9611   6777   6779  1   3395
  9611   6779   2467  1   3395
  2488   2489   6786  1   3396
  2477   2480   2483  1   3396
  2477   2483   9612  1   3396
  2477   9612   2476  1   3396
  2476   9612   6783  1   3396
  6783   9612   9613  1   3396
  6783   9613   9614  1   3396
  6783   9614   2495  1   3396
  2495   9614   2492  1   3396
  2492   9614   2489  1   3396
  2489   9614   6786  1   3396
  6786   9614   9613  1   3396
  6786   9613   6789  1   3396
  6789   9613   9612  1   3396
  6789   9612   2483  1   3396
  9615   9617   9618  1   3397
  9616   9615   9618  1   3397
  9618   9617   9619  1   3397
  9618   9619   9620  1   3397
  9618   9620   6788  1   3397
  9618   6788   6791  1   3397
  9618   6791   9616  1   3397
  9616   6791   2485  1   3397
  9616   2485   6754  1   3397
  9616   6754   9615  1   3397
  9615   6754   6757  1   3397
  9615   6757   9617  1   3397
  9617   6757   6760  1   3397
  9617   6760   6763  1   3397
  9617   6763   9619  1   3397
  9619   6763   6766  1   3397
  9619   6766   9620  1   3397
  9620   6766   2486  1   3397
  9620   2486   6788  1   3397
  2510   2513   2509  1   3398
  2509   2513   6985  1   3398
  2509   6985   2619  1   3398
  6985   2513   2627  1   3398
  6985   2627   2621  1   3398
  2621   2627   2624  1   3398
  2516   2636   6855  1   3399
  6855   2636   2515  1   3399
  2515   2636   7013  1   3399
  2515   7013   2628  1   3399
  2628   7013   2566  1   3399
  2566   7013   2560  1   3399
  2566   2560   2561  1   3399
  9622   9623   9624  1   3400
  9622   9624   2549  1   3400
  9622   2549   6896  1   3400
  9622   6896   2552  1   3400
  9622   2552   9621  1   3400
  9622   9621   9623  1   3400
  9623   9621   2518  1   3400
  9623   2518   2519  1   3400
  9623   2519   2540  1   3400
  9623   2540   9624  1   3400
  9624   2540   2548  1   3400
  9624   2548   2549  1   3400
  2518   9621   2637  1   3400
  2637   9621   2555  1   3400
  2555   9621   2552  1   3400
  2525   2528   6865  1   3401
  6865   2528   2531  1   3401
  6865   2531   6876  1   3401
  6865   6876   2524  1   3401
  2524   6876   2534  1   3401
  6884   2546   6882  1   3402
  6884   6882   2543  1   3402
  6882   2546   2542  1   3402
  7014   2635   2557  1   3403
  7014   2557   6907  1   3403
  7014   6907   2558  1   3403
  2569   2575   2630  1   3404
  2569   2630   2568  1   3404
  2568   2630   2625  1   3404
  2568   2625   2626  1   3404
  7007   2633   9626  1   3405
  7007   9626   2577  1   3405
  7007   2577   2578  1   3405
  2577   9626   2631  1   3405
  2631   9626   2620  1   3405
  2620   9626   9625  1   3405
  2620   9625   6986  1   3405
  6986   9625   2616  1   3405
  6986   2616   2617  1   3405
  2616   9625   2633  1   3405
  2633   9625   9626  1   3405
  9627   9628   9629  1   3406
  9627   9629   7011  1   3406
  9627   7011   2592  1   3406
  9627   2592   6965  1   3406
  9627   6965   6967  1   3406
  9627   6967   9628  1   3406
  9628   6967   2634  1   3406
  9628   2634   7008  1   3406
  9628   7008   9629  1   3406
  9629   7008   2580  1   3406
  9629   2580   2581  1   3406
  9629   2581   2584  1   3406
  9629   2584   7011  1   3406
  2634   6967   2605  1   3406
  6965   2592   6963  1   3406
  6963   2592   2593  1   3406
  2587   2590   6947  1   3407
  6947   2590   7012  1   3407
  6947   7012   2586  1   3407
  2599   2602   2598  1   3408
  2608   2611   6971  1   3409
  6971   2611   2614  1   3409
  6971   2614   2607  1   3409
  2607   2614   2632  1   3409
  2623   2629   2622  1   3410
  7161   2686   9630  1   3411
  7161   9630   9631  1   3411
  7161   9631   7149  1   3411
  7161   7149   2683  1   3411
  7149   9631   2682  1   3411
  2682   9631   2823  1   3411
  2823   9631   9630  1   3411
  2823   9630   2825  1   3411
  2825   9630   2828  1   3411
  2828   9630   2686  1   3411
  9633   9635   9636  1   3412
  9634   9633   9636  1   3412
  9634   9636   2852  1   3412
  9634   2852   7374  1   3412
  9634   7374   9632  1   3412
  9634   9632   9633  1   3412
  9633   9632   7348  1   3412
  9633   7348   2831  1   3412
  9633   2831   2829  1   3412
  9633   2829   2688  1   3412
  9633   2688   9635  1   3412
  9635   2688   2689  1   3412
  9635   2689   7380  1   3412
  9635   7380   9636  1   3412
  9636   7380   2852  1   3412
  7348   9632   2834  1   3412
  2834   9632   2837  1   3412
  2837   9632   7370  1   3412
  2837   7370   2840  1   3412
  2840   7370   2843  1   3412
  2843   7370   2849  1   3412
  2843   2849   2846  1   3412
  7370   9632   7374  1   3412
  2692   2695   9638  1   3413
  2692   9638   9639  1   3413
  2692   9639   9637  1   3413
  2692   9637   2691  1   3413
  2691   9637   7381  1   3413
  7381   9637   7388  1   3413
  7381   7388   2855  1   3413
  7381   2855   2853  1   3413
  7388   9637   9639  1   3413
  7388   9639   2858  1   3413
  2858   9639   2861  1   3413
  2861   9639   2864  1   3413
  2864   9639   9638  1   3413
  2864   9638   2867  1   3413
  2867   9638   2695  1   3413
  2867   2695   2698  1   3413
  2701   2707   7402  1   3414
  2701   7402   2700  1   3414
  2700   7402   9640  1   3414
  2700   9640   2868  1   3414
  2868   9640   7398  1   3414
  7398   9640   9642  1   3414
  7398   9642   9641  1   3414
  7398   9641   2870  1   3414
  2870   9641   2873  1   3414
  2873   9641   2876  1   3414
  2876   9641   7400  1   3414
  7400   9641   9642  1   3414
  7400   9642   7402  1   3414
  7402   9642   9640  1   3414
  2710   2713   9643  1   3415
  2710   9643   9644  1   3415
  2710   9644   2709  1   3415
  2709   9644   7403  1   3415
  7403   9644   7401  1   3415
  7401   9644   2877  1   3415
  2877   9644   9643  1   3415
  2877   9643   2879  1   3415
  2879   9643   2713  1   3415
  2716   2882   2715  1   3416
  2715   2882   2880  1   3416
  2719   2888   2718  1   3417
  2718   2888   2885  1   3417
  2718   2885   2883  1   3417
  2722   2725   9646  1   3418
  2722   9646   2889  1   3418
  2722   2889   2721  1   3418
  2889   9646   2891  1   3418
  2891   9646   9645  1   3418
  2891   9645   2894  1   3418
  2894   9645   2897  1   3418
  2897   9645   2725  1   3418
  2725   9645   9646  1   3418
  2728   2906   2903  1   3419
  2728   2903   2900  1   3419
  2728   2900   7222  1   3419
  7222   2900   2898  1   3419
  7222   2898   2727  1   3419
  2731   2737   2912  1   3420
  2731   2912   2730  1   3420
  2730   2912   2909  1   3420
  2730   2909   2907  1   3420
  2740   2743   2913  1   3421
  2740   2913   2739  1   3421
  2746   2918   2745  1   3422
  2745   2918   2910  1   3422
  2745   2910   2911  1   3422
  2910   2918   2915  1   3422
  2749   2919   2748  1   3423
  2752   2924   2921  1   3424
  2752   2921   2916  1   3424
  2752   2916   2751  1   3424
  2751   2916   2917  1   3424
  2755   2758   9647  1   3425
  2755   9647   2754  1   3425
  2754   9647   2925  1   3425
  2925   9647   2927  1   3425
  2927   9647   2930  1   3425
  2930   9647   2933  1   3425
  2933   9647   2758  1   3425
  2761   2936   2760  1   3426
  2760   2936   2934  1   3426
  2951   2948   2954  1   3427
  2954   2948   2957  1   3427
  2764   2773   9651  1   3427
  2764   9651   9650  1   3427
  2764   9650   2763  1   3427
  2763   9650   2937  1   3427
  2937   9650   7472  1   3427
  7472   9650   9649  1   3427
  7472   9649   2939  1   3427
  2939   9649   2942  1   3427
  2942   9649   2945  1   3427
  2945   9649   7476  1   3427
  7476   9649   9650  1   3427
  7476   9650   7478  1   3427
  7478   9650   9648  1   3427
  7478   9648   7480  1   3427
  7480   9648   7490  1   3427
  7480   7490   2957  1   3427
  7480   2957   2948  1   3427
  7490   9648   9651  1   3427
  7490   9651   2773  1   3427
  9651   9648   9650  1   3427
  2776   2958   7271  1   3428
  7271   2958   7493  1   3428
  7271   7493   2775  1   3428
  2960   2955   2963  1   3429
  7507   2972   2963  1   3429
  7507   2963   2955  1   3429
  7507   2955   2778  1   3429
  7507   2778   2779  1   3429
  2778   2955   2956  1   3429
  2963   2972   2966  1   3429
  2966   2972   2969  1   3429
  9653   9652   9656  1   3430
  9653   9656   9657  1   3430
  9654   9658   9659  1   3430
  9652   9654   9659  1   3430
  9652   9659   9655  1   3430
  9652   9655   9656  1   3430
  9656   9655   9661  1   3430
  9656   9661   9662  1   3430
  9657   9656   9662  1   3430
  9659   9658   9663  1   3430
  9659   9663   9664  1   3430
  9655   9659   9664  1   3430
  9655   9664   9660  1   3430
  9655   9660   9661  1   3430
  9661   9660   9666  1   3430
  9664   9663   9667  1   3430
  9660   9664   9667  1   3430
  9660   9667   9665  1   3430
  9660   9665   9666  1   3430
  9666   9665   9668  1   3430
  9665   9667   9668  1   3430
  9668   9667   2785  1   3430
  9668   2785   2788  1   3430
  9668   2788   7288  1   3430
  9668   7288   2791  1   3430
  9668   2791   9666  1   3430
  9666   2791   9662  1   3430
  9666   9662   9661  1   3430
  9662   2791   2981  1   3430
  9662   2981   9657  1   3430
  9657   2981   2978  1   3430
  9657   2978   2975  1   3430
  9657   2975   9653  1   3430
  9653   2975   2973  1   3430
  9653   2973   7509  1   3430
  9653   7509   9652  1   3430
  9652   7509   9654  1   3430
  9654   7509   2781  1   3430
  9654   2781   7277  1   3430
  9654   7277   9658  1   3430
  9658   7277   2782  1   3430
  9658   2782   9663  1   3430
  9663   2782   2785  1   3430
  9663   2785   9667  1   3430
  9669   9671   9672  1   3431
  9670   9669   9672  1   3431
  9670   9672   9673  1   3431
  9672   9671   9674  1   3431
  9672   9674   9675  1   3431
  9673   9672   9675  1   3431
  9673   9675   2993  1   3431
  9673   2993   2990  1   3431
  9673   2990   9670  1   3431
  9670   2990   2987  1   3431
  9670   2987   9669  1   3431
  9669   2987   2982  1   3431
  9669   2982   2793  1   3431
  9669   2793   9671  1   3431
  9671   2793   7290  1   3431
  9671   7290   9674  1   3431
  9674   7290   2794  1   3431
  9674   2794   2800  1   3431
  9674   2800   2803  1   3431
  9674   2803   9675  1   3431
  9675   2803   2993  1   3431
  2993   2803   2998  1   3431
  2800   2794   2797  1   3431
  2982   2987   2984  1   3431
  2806   3009   9676  1   3432
  2806   9676   2805  1   3432
  2805   9676   2999  1   3432
  2999   9676   3003  1   3432
  3003   9676   3009  1   3432
  3003   3009   3006  1   3432
  2809   2812   2808  1   3433
  2808   2812   9677  1   3433
  2808   9677   3010  1   3433
  3010   9677   9678  1   3433
  3010   9678   3012  1   3433
  3012   9678   3015  1   3433
  3015   9678   3018  1   3433
  3018   9678   2815  1   3433
  2815   9678   7324  1   3433
  7324   9678   9677  1   3433
  7324   9677   2812  1   3433
  2818   3027   3024  1   3434
  2818   3024   2817  1   3434
  2817   3024   3019  1   3434
  3019   3024   3021  1   3434
  2821   2824   7332  1   3435
  7332   2824   3030  1   3435
  7332   3030   3028  1   3435
  7332   3028   2820  1   3435
  2827   2830   2826  1   3436
  2826   2830   3031  1   3436
  2833   3042   9679  1   3437
  2833   9679   7350  1   3437
  7350   9679   3029  1   3437
  7350   3029   2832  1   3437
  3029   9679   3025  1   3437
  3029   3025   3026  1   3437
  3025   9679   3033  1   3437
  3033   9679   3036  1   3437
  3036   9679   3042  1   3437
  3036   3042   3039  1   3437
  2836   3043   2835  1   3438
  2839   3060   9680  1   3439
  2839   9680   2838  1   3439
  2838   9680   3041  1   3439
  3041   9680   3045  1   3439
  3041   3045   3040  1   3439
  3045   9680   3048  1   3439
  3048   9680   3051  1   3439
  3051   9680   3054  1   3439
  3054   9680   3060  1   3439
  3054   3060   3057  1   3439
  2842   3072   3061  1   3440
  2842   3061   2841  1   3440
  3061   3072   3063  1   3440
  3063   3072   7615  1   3440
  3063   7615   3066  1   3440
  3066   7615   3069  1   3440
  2845   3080   2844  1   3441
  2844   3080   3073  1   3441
  3073   3080   3075  1   3441
  2848   3081   2847  1   3442
  9681   9682   9683  1   3443
  9683   9682   9684  1   3443
  9683   9684   9685  1   3443
  9684   9686   9687  1   3443
  9685   9684   9687  1   3443
  9685   9687   9688  1   3443
  9685   9688   7647  1   3443
  9685   7647   7645  1   3443
  9685   7645   9683  1   3443
  9683   7645   7643  1   3443
  9683   7643   9681  1   3443
  9681   7643   3083  1   3443
  9681   3083   3076  1   3443
  9681   3076   3079  1   3443
  9681   3079   2850  1   3443
  9681   2850   7373  1   3443
  9681   7373   9682  1   3443
  9682   7373   9684  1   3443
  9684   7373   7377  1   3443
  9684   7377   9686  1   3443
  9686   7377   7657  1   3443
  9686   7657   7655  1   3443
  9686   7655   9687  1   3443
  9687   7655   7653  1   3443
  9687   7653   9688  1   3443
  9688   7653   7651  1   3443
  9688   7651   7649  1   3443
  9688   7649   7647  1   3443
  7649   7651   3086  1   3443
  7657   7377   2851  1   3443
  7657   2851   2854  1   3443
  9689   9694   9695  1   3444
  9690   9689   9695  1   3444
  9690   9695   9696  1   3444
  9691   9690   9696  1   3444
  9691   9696   9697  1   3444
  9692   9691   9697  1   3444
  9692   9697   9698  1   3444
  9693   9692   9698  1   3444
  9695   9694   9701  1   3444
  9695   9701   9702  1   3444
  9696   9695   9702  1   3444
  9697   9696   9702  1   3444
  9697   9702   9703  1   3444
  9698   9697   9703  1   3444
  9699   9698   9703  1   3444
  9699   9703   9704  1   3444
  9700   9699   9704  1   3444
  9702   9701   9705  1   3444
  9703   9702   9705  1   3444
  9704   9703   9705  1   3444
  9704   9705   3095  1   3444
  9704   3095   9700  1   3444
  9700   3095   3092  1   3444
  9700   3092   3089  1   3444
  9700   3089   9699  1   3444
  9699   3089   3087  1   3444
  9699   3087   9698  1   3444
  9698   3087   9693  1   3444
  9693   3087   7652  1   3444
  9693   7652   9692  1   3444
  9692   7652   7654  1   3444
  9692   7654   9691  1   3444
  9691   7654   7656  1   3444
  9691   7656   9690  1   3444
  9690   7656   7658  1   3444
  9690   7658   9689  1   3444
  9689   7658   2856  1   3444
  9689   2856   7391  1   3444
  9689   7391   9694  1   3444
  9694   7391   2857  1   3444
  9694   2857   3098  1   3444
  9694   3098   9701  1   3444
  9701   3098   7664  1   3444
  9701   7664   9705  1   3444
  9705   7664   3095  1   3444
  3098   2857   3101  1   3444
  2860   3102   2859  1   3445
  9706   9709   9710  1   3446
  9707   9706   9710  1   3446
  9707   9710   9711  1   3446
  9707   9711   3119  1   3446
  9707   3119   3116  1   3446
  9707   3116   7686  1   3446
  9707   7686   9706  1   3446
  9706   7686   9709  1   3446
  9709   7686   3107  1   3446
  9709   3107   3104  1   3446
  9709   3104   9708  1   3446
  9709   9708   7680  1   3446
  9709   7680   9710  1   3446
  9710   7680   9711  1   3446
  9711   7680   7690  1   3446
  9711   7690   3119  1   3446
  7690   7680   7678  1   3446
  7690   7678   7692  1   3446
  7692   7678   7676  1   3446
  7692   7676   3122  1   3446
  3122   7676   2863  1   3446
  2863   7676   3099  1   3446
  2863   3099   2862  1   3446
  2862   3099   3100  1   3446
  7680   9708   3094  1   3446
  3094   9708   3093  1   3446
  3093   9708   3104  1   3446
  7686   3116   3113  1   3446
  7686   3113   3110  1   3446
  7399   2869   7694  1   3447
  7399   7694   9712  1   3447
  7399   9712   2866  1   3447
  2866   9712   2865  1   3447
  2865   9712   3123  1   3447
  3123   9712   7694  1   3447
  2872   3128   9713  1   3448
  2872   9713   2871  1   3448
  2871   9713   9714  1   3448
  2871   9714   7695  1   3448
  7695   9714   7693  1   3448
  7695   7693   3121  1   3448
  7693   9714   7691  1   3448
  7691   9714   7696  1   3448
  7691   7696   3120  1   3448
  7696   9714   9713  1   3448
  7696   9713   3125  1   3448
  3125   9713   3128  1   3448
  9717   9716   9718  1   3449
  9717   9718   2875  1   3449
  9717   2875   2878  1   3449
  9717   2878   9715  1   3449
  9717   9715   9716  1   3449
  9716   9715   3137  1   3449
  9716   3137   3134  1   3449
  9716   3134   3131  1   3449
  9716   3131   7704  1   3449
  9716   7704   7702  1   3449
  9716   7702   9718  1   3449
  9718   7702   2874  1   3449
  9718   2874   2875  1   3449
  2874   7702   3129  1   3449
  3137   9715   3140  1   3449
  3140   9715   2884  1   3449
  2884   9715   2881  1   3449
  2881   9715   2878  1   3449
  2887   2890   2886  1   3450
  2886   2890   3141  1   3450
  2893   3146   7720  1   3451
  2893   7720   2892  1   3451
  2892   7720   9719  1   3451
  2892   9719   3139  1   3451
  3139   9719   3138  1   3451
  3138   9719   7718  1   3451
  7718   9719   7720  1   3451
  7718   7720   3143  1   3451
  9720   9721   9722  1   3452
  9720   9722   3167  1   3452
  9720   3167   3164  1   3452
  9720   3164   3161  1   3452
  9720   3161   3158  1   3452
  9720   3158   3155  1   3452
  9720   3155   3152  1   3452
  9720   3152   7728  1   3452
  9720   7728   9721  1   3452
  9721   7728   7726  1   3452
  9721   7726   9723  1   3452
  9721   9723   9722  1   3452
  9722   9723   2896  1   3452
  9722   2896   2899  1   3452
  9722   2899   3167  1   3452
  2896   9723   2895  1   3452
  2895   9723   3147  1   3452
  3147   9723   7726  1   3452
  3147   7726   3149  1   3452
  2902   3170   3168  1   3453
  2902   3168   2901  1   3453
  2905   2908   2904  1   3454
  2904   2908   2914  1   3454
  2904   2914   3171  1   3454
  3171   2914   3176  1   3454
  3171   3176   3173  1   3454
  3176   2914   2920  1   3454
  3176   2920   3182  1   3454
  3176   3182   3179  1   3454
  2923   2926   3188  1   3455
  2923   3188   3185  1   3455
  2923   3185   2922  1   3455
  2922   3185   3183  1   3455
  3188   2926   3191  1   3455
  7784   3203   3194  1   3456
  7784   3194   3192  1   3456
  7784   3192   2928  1   3456
  7784   2928   2929  1   3456
  3194   3203   7775  1   3456
  7775   3203   3200  1   3456
  7775   3200   3197  1   3456
  2932   2935   7473  1   3457
  2932   7473   2931  1   3457
  2931   7473   7786  1   3457
  7786   7473   3204  1   3457
  3204   7473   2938  1   3457
  2941   3201   2940  1   3458
  2940   3201   3202  1   3458
  2944   3214   9725  1   3459
  2944   9725   2943  1   3459
  2943   9725   3199  1   3459
  3199   9725   3198  1   3459
  3198   9725   9724  1   3459
  3198   9724   3208  1   3459
  3208   9724   3211  1   3459
  3211   9724   7790  1   3459
  7790   9724   3214  1   3459
  3214   9724   9725  1   3459
  9726   9727   9728  1   3460
  9726   9728   9729  1   3460
  9726   9729   3220  1   3460
  9726   3220   3217  1   3460
  9726   3217   9727  1   3460
  9727   3217   3215  1   3460
  9727   3215   7477  1   3460
  9727   7477   9728  1   3460
  9728   7477   7479  1   3460
  9728   7479   9729  1   3460
  9729   7479   7481  1   3460
  9729   7481   2947  1   3460
  9729   2947   3220  1   3460
  7477   3215   2946  1   3460
  2949   2950   3221  1   3461
  2950   2961   3221  1   3461
  2961   2962   9730  1   3461
  2961   9730   3221  1   3461
  3221   9730   3223  1   3461
  3223   9730   3226  1   3461
  3226   9730   2962  1   3461
  2952   2953   2959  1   3462
  2965   3227   2964  1   3463
  9731   9732   9733  1   3464
  9733   9732   9734  1   3464
  9733   9734   7830  1   3464
  9733   7830   7827  1   3464
  9733   7827   7820  1   3464
  9733   7820   9731  1   3464
  9731   7820   7817  1   3464
  9731   7817   7798  1   3464
  9731   7798   3224  1   3464
  9731   3224   9732  1   3464
  9732   3224   3225  1   3464
  9732   3225   7834  1   3464
  9732   7834   9734  1   3464
  9734   7834   3247  1   3464
  9734   3247   7830  1   3464
  7834   3225   2967  1   3464
  7834   2967   3250  1   3464
  3250   2967   2968  1   3464
  7798   7817   7800  1   3464
  7800   7817   7814  1   3464
  7800   7814   3229  1   3464
  3229   7814   7803  1   3464
  7803   7814   3238  1   3464
  7803   3238   3232  1   3464
  3232   3238   3235  1   3464
  7820   7827   3244  1   3464
  7820   3244   3241  1   3464
  2971   2974   3251  1   3465
  2971   3251   2970  1   3465
  2977   2985   7835  1   3466
  2977   7835   2976  1   3466
  2976   7835   3249  1   3466
  7835   2985   3248  1   3466
  3248   2985   2986  1   3466
  2980   2983   2979  1   3467
  9735   9737   9738  1   3468
  9737   9736   9740  1   3468
  9737   9740   9741  1   3468
  9738   9737   9741  1   3468
  9738   9741   9742  1   3468
  9736   9739   9740  1   3468
  9740   9739   9744  1   3468
  9740   9744   9745  1   3468
  9741   9740   9745  1   3468
  9741   9745   9746  1   3468
  9742   9741   9746  1   3468
  9739   9747   9743  1   3468
  9739   9743   9744  1   3468
  9744   9743   9748  1   3468
  9744   9748   9749  1   3468
  9745   9744   9749  1   3468
  9743   9747   9748  1   3468
  9748   9747   2989  1   3468
  9748   2989   3256  1   3468
  9748   3256   9749  1   3468
  9749   3256   3253  1   3468
  9749   3253   9745  1   3468
  9745   3253   9746  1   3468
  9746   3253   7850  1   3468
  9746   7850   9742  1   3468
  9742   7850   7848  1   3468
  9742   7848   9738  1   3468
  9738   7848   7846  1   3468
  9738   7846   9735  1   3468
  9735   7846   3245  1   3468
  9735   3245   7829  1   3468
  9735   7829   7832  1   3468
  9735   7832   9736  1   3468
  9735   9736   9737  1   3468
  9736   7832   3246  1   3468
  9736   3246   9739  1   3468
  9739   3246   9747  1   3468
  9747   3246   2988  1   3468
  9747   2988   2989  1   3468
  2992   3257   2991  1   3469
  9750   9756   9757  1   3470
  9751   9750   9757  1   3470
  9751   9757   9758  1   3470
  9752   9751   9758  1   3470
  9753   9752   9758  1   3470
  9753   9758   9759  1   3470
  9755   9754   9761  1   3470
  9755   9761   9762  1   3470
  9756   9755   9762  1   3470
  9757   9756   9762  1   3470
  9757   9762   9763  1   3470
  9758   9757   9763  1   3470
  9759   9758   9763  1   3470
  9759   9763   9764  1   3470
  9761   9760   9765  1   3470
  9754   9760   9761  1   3470
  9762   9761   9766  1   3470
  9763   9762   9766  1   3470
  9764   9763   9766  1   3470
  9761   9765   9766  1   3470
  9766   9765   3002  1   3470
  9766   3002   9764  1   3470
  9764   3002   7869  1   3470
  9764   7869   9759  1   3470
  9759   7869   3262  1   3470
  9759   3262   9753  1   3470
  9753   3262   3259  1   3470
  9753   3259   7860  1   3470
  9753   7860   9752  1   3470
  9752   7860   7858  1   3470
  9752   7858   9751  1   3470
  9751   7858   7856  1   3470
  9751   7856   9750  1   3470
  9750   7856   7854  1   3470
  9750   7854   3254  1   3470
  9750   3254   9756  1   3470
  9756   3254   9755  1   3470
  9755   3254   3255  1   3470
  9755   3255   9754  1   3470
  9754   3255   9760  1   3470
  9760   3255   2994  1   3470
  9760   2994   9765  1   3470
  9765   2994   2997  1   3470
  9765   2997   3002  1   3470
  3005   3013   7873  1   3471
  3005   7873   3004  1   3471
  7873   3013   3014  1   3471
  7873   3014   7886  1   3471
  7873   7886   9768  1   3471
  7873   9768   3263  1   3471
  3263   9768   7877  1   3471
  7877   9768   9767  1   3471
  7877   9767   7879  1   3471
  7879   9767   7881  1   3471
  7879   7881   3265  1   3471
  7881   9767   9769  1   3471
  7881   9769   3268  1   3471
  3268   9769   3271  1   3471
  3271   9769   7886  1   3471
  7886   9769   9768  1   3471
  9768   9769   9767  1   3471
  3008   3011   3007  1   3472
  3017   3020   9771  1   3473
  3017   9771   7888  1   3473
  3017   7888   3016  1   3473
  7888   9771   9770  1   3473
  7888   9770   3272  1   3473
  3272   9770   7890  1   3473
  7890   9770   7892  1   3473
  7892   9770   9771  1   3473
  7892   9771   3020  1   3473
  7892   3020   3274  1   3473
  3023   3032   3022  1   3474
  3022   3032   3275  1   3474
  3035   3046   7893  1   3475
  3035   7893   3034  1   3475
  3034   7893   3273  1   3475
  7893   3046   9773  1   3475
  7893   9773   7891  1   3475
  7891   9773   9772  1   3475
  7891   9772   3270  1   3475
  3270   9772   3269  1   3475
  3269   9772   3277  1   3475
  3277   9772   3280  1   3475
  3280   9772   7900  1   3475
  7900   9772   9773  1   3475
  7900   9773   3047  1   3475
  3047   9773   3046  1   3475
  3038   3044   3037  1   3476
  7912   3286   9774  1   3477
  7912   9774   7914  1   3477
  7914   9774   9775  1   3477
  7914   9775   7916  1   3477
  7916   9775   7903  1   3477
  7916   7903   3050  1   3477
  3050   7903   3049  1   3477
  7903   9775   3281  1   3477
  3281   9775   9774  1   3477
  3281   9774   3283  1   3477
  3283   9774   3286  1   3477
  9776   9777   9778  1   3478
  9776   9778   7922  1   3478
  9776   7922   7920  1   3478
  9776   7920   7918  1   3478
  9776   7918   7913  1   3478
  9776   7913   9777  1   3478
  9777   7913   7915  1   3478
  9777   7915   9779  1   3478
  9777   9779   9778  1   3478
  9778   9779   7924  1   3478
  9778   7924   3295  1   3478
  9778   3295   3292  1   3478
  9778   3292   7922  1   3478
  7924   9779   7926  1   3478
  7926   9779   7915  1   3478
  7926   7915   7917  1   3478
  7926   7917   3053  1   3478
  3053   7917   3052  1   3478
  7913   7918   3289  1   3478
  7913   3289   3287  1   3478
  3056   3064   9780  1   3479
  3056   9780   3055  1   3479
  3055   9780   7927  1   3479
  7927   9780   7925  1   3479
  7925   9780   9781  1   3479
  7925   9781   3296  1   3479
  3296   9781   3298  1   3479
  3298   9781   3065  1   3479
  3065   9781   3064  1   3479
  3064   9781   9780  1   3479
  3059   3062   3058  1   3480
  3068   3310   3304  1   3481
  3068   3304   3301  1   3481
  3068   3301   3299  1   3481
  3068   3299   3067  1   3481
  3304   3310   3307  1   3481
  9782   9783   9784  1   3482
  9782   9784   9785  1   3482
  9784   9783   9786  1   3482
  9784   9786   9787  1   3482
  9784   9787   9788  1   3482
  9785   9784   9788  1   3482
  9788   9787   9789  1   3482
  9788   9789   3326  1   3482
  9788   3326   9785  1   3482
  9785   3326   3323  1   3482
  9785   3323   9782  1   3482
  9782   3323   3318  1   3482
  9782   3318   3311  1   3482
  9782   3311   3070  1   3482
  9782   3070   7618  1   3482
  9782   7618   9783  1   3482
  9783   7618   3071  1   3482
  9783   3071   9786  1   3482
  9786   3071   3082  1   3482
  9786   3082   7970  1   3482
  9786   7970   9787  1   3482
  9787   7970   7965  1   3482
  9787   7965   9789  1   3482
  9789   7965   3329  1   3482
  9789   3329   3326  1   3482
  3329   7965   3335  1   3482
  3329   3335   3332  1   3482
  3082   3071   3074  1   3482
  3311   3318   3315  1   3482
  9790   9791   9792  1   3483
  9791   9793   9794  1   3483
  9792   9791   9794  1   3483
  9792   9794   9795  1   3483
  9793   9797   9798  1   3483
  9794   9793   9798  1   3483
  9794   9798   9799  1   3483
  9795   9794   9799  1   3483
  9795   9799   9800  1   3483
  9796   9795   9800  1   3483
  9798   9797   9801  1   3483
  9798   9801   9802  1   3483
  9799   9798   9802  1   3483
  9799   9802   9803  1   3483
  9800   9799   9803  1   3483
  9800   9803   3106  1   3483
  9800   3106   7979  1   3483
  9800   7979   9796  1   3483
  9796   7979   3336  1   3483
  9796   3336   7969  1   3483
  9796   7969   9795  1   3483
  9795   7969   9792  1   3483
  9792   7969   7974  1   3483
  9792   7974   9790  1   3483
  9790   7974   3084  1   3483
  9790   3084   7644  1   3483
  9790   7644   7646  1   3483
  9790   7646   9791  1   3483
  9791   7646   7648  1   3483
  9791   7648   9793  1   3483
  9793   7648   7650  1   3483
  9793   7650   9797  1   3483
  9797   7650   9801  1   3483
  9801   7650   3085  1   3483
  9801   3085   3088  1   3483
  9801   3088   9802  1   3483
  9802   3088   9803  1   3483
  9803   3088   3105  1   3483
  9803   3105   3106  1   3483
  3091   3103   3090  1   3484
  7681   3096   9805  1   3485
  7681   9805   7679  1   3485
  7679   9805   9804  1   3485
  7679   9804   7677  1   3485
  7677   9804   3097  1   3485
  3097   9804   7666  1   3485
  7666   9804   9805  1   3485
  7666   9805   3096  1   3485
  3109   3338   9806  1   3486
  3109   9806   7687  1   3486
  7687   9806   7981  1   3486
  7687   7981   3108  1   3486
  7981   9806   3333  1   3486
  7981   3333   3334  1   3486
  3333   9806   3338  1   3486
  3112   3353   7992  1   3487
  3112   7992   3341  1   3487
  3112   3341   3111  1   3487
  3111   3341   3339  1   3487
  7992   3353   3350  1   3487
  7992   3350   3344  1   3487
  3344   3350   3347  1   3487
  3115   3354   3114  1   3488
  7697   3124   9808  1   3489
  7697   9808   9807  1   3489
  7697   9807   3118  1   3489
  3118   9807   3117  1   3489
  3117   9807   3352  1   3489
  3352   9807   3351  1   3489
  3351   9807   9808  1   3489
  3351   9808   3124  1   3489
  7705   3130   9810  1   3490
  7705   9810   7703  1   3490
  7703   9810   3126  1   3490
  7703   3126   3127  1   3490
  3126   9810   9809  1   3490
  3126   9809   3349  1   3490
  3349   9809   3348  1   3490
  3348   9809   3356  1   3490
  3356   9809   9810  1   3490
  3356   9810   3130  1   3490
  3133   3357   3132  1   3491
  9812   9811   9814  1   3492
  9812   9814   7719  1   3492
  9812   7719   3142  1   3492
  9812   3142   3368  1   3492
  9812   3368   9811  1   3492
  9811   3368   8015  1   3492
  9811   8015   9813  1   3492
  9811   9813   9814  1   3492
  9814   9813   3355  1   3492
  9814   3355   3135  1   3492
  9814   3135   7719  1   3492
  7719   3135   3136  1   3492
  3355   9813   8011  1   3492
  3355   8011   3345  1   3492
  3355   3345   3346  1   3492
  8011   9813   3359  1   3492
  3359   9813   8015  1   3492
  8015   3368   3365  1   3492
  8015   3365   3362  1   3492
  3145   3148   9816  1   3493
  3145   9816   7721  1   3493
  7721   9816   3144  1   3493
  3144   9816   9815  1   3493
  3144   9815   3369  1   3493
  3369   9815   3371  1   3493
  3371   9815   3374  1   3493
  3374   9815   9816  1   3493
  3374   9816   3148  1   3493
  3151   3380   7729  1   3494
  7729   3380   9818  1   3494
  7729   9818   7727  1   3494
  7727   9818   3150  1   3494
  3150   9818   9817  1   3494
  3150   9817   3375  1   3494
  3375   9817   3377  1   3494
  3377   9817   3380  1   3494
  3380   9817   9818  1   3494
  3154   3381   3153  1   3495
  9820   9819   9821  1   3496
  9820   9821   9822  1   3496
  9820   9822   8037  1   3496
  9820   8037   3398  1   3496
  9820   3398   3395  1   3496
  9820   3395   9819  1   3496
  9819   3395   8033  1   3496
  9819   8033   3386  1   3496
  9819   3386   9821  1   3496
  9821   3386   9823  1   3496
  9821   9823   3379  1   3496
  9821   3379   9822  1   3496
  9822   3379   8039  1   3496
  9822   8039   8037  1   3496
  8039   3379   3156  1   3496
  8039   3156   3157  1   3496
  3379   9823   3378  1   3496
  3378   9823   3383  1   3496
  3383   9823   3386  1   3496
  8033   3395   3392  1   3496
  8033   3392   3389  1   3496
  3160   3410   9824  1   3497
  3160   9824   3159  1   3497
  3159   9824   8040  1   3497
  8040   9824   8041  1   3497
  8040   8041   8038  1   3497
  8038   8041   3399  1   3497
  8041   9824   3407  1   3497
  8041   3407   3404  1   3497
  8041   3404   3401  1   3497
  3407   9824   3410  1   3497
  3163   3174   3175  1   3498
  3163   3175   3411  1   3498
  3163   3411   3162  1   3498
  3166   3169   3165  1   3499
  3165   3169   3172  1   3499
  3178   3186   9825  1   3500
  3178   9825   3177  1   3500
  3177   9825   3409  1   3500
  3409   9825   8047  1   3500
  3409   8047   3408  1   3500
  3408   8047   3413  1   3500
  8047   9825   3187  1   3500
  3187   9825   3186  1   3500
  3181   3184   3180  1   3501
  3190   3193   8048  1   3502
  3190   8048   3189  1   3502
  8048   3193   3414  1   3502
  3414   3193   3416  1   3502
  3416   3193   3419  1   3502
  3196   3207   9827  1   3503
  3196   9827   9826  1   3503
  3196   9826   7777  1   3503
  7777   9826   3420  1   3503
  7777   3420   3195  1   3503
  3420   9826   3422  1   3503
  3422   9826   3425  1   3503
  3425   9826   8060  1   3503
  8060   9826   9827  1   3503
  8060   9827   9828  1   3503
  8060   9828   3428  1   3503
  3428   9828   8064  1   3503
  8064   9828   8066  1   3503
  8066   9828   9827  1   3503
  8066   9827   3434  1   3503
  8066   3434   3431  1   3503
  3434   9827   3207  1   3503
  3210   3437   3435  1   3504
  3210   3435   3209  1   3504
  3213   3216   9829  1   3505
  3213   9829   7791  1   3505
  7791   9829   9830  1   3505
  7791   9830   9831  1   3505
  7791   9831   3438  1   3505
  7791   3438   3212  1   3505
  3438   9831   9832  1   3505
  3438   9832   3440  1   3505
  3440   9832   3443  1   3505
  3443   9832   3446  1   3505
  3446   9832   8076  1   3505
  8076   9832   9831  1   3505
  8076   9831   9830  1   3505
  8076   9830   8078  1   3505
  8078   9830   9829  1   3505
  8078   9829   3449  1   3505
  3449   9829   3216  1   3505
  3219   3222   7799  1   3506
  3219   7799   9833  1   3506
  3219   9833   3218  1   3506
  3218   9833   3450  1   3506
  3450   9833   8080  1   3506
  8080   9833   7801  1   3506
  8080   7801   3228  1   3506
  7801   9833   7799  1   3506
  3231   3447   7805  1   3507
  7805   3447   9834  1   3507
  7805   9834   3230  1   3507
  3230   9834   8081  1   3507
  8081   9834   8079  1   3507
  8081   8079   3448  1   3507
  8079   9834   8077  1   3507
  8077   9834   3447  1   3507
  9835   9838   9839  1   3508
  9836   9835   9839  1   3508
  9836   9839   9840  1   3508
  9837   9836   9840  1   3508
  9837   9840   3455  1   3508
  9837   3455   3452  1   3508
  9837   3452   3444  1   3508
  9837   3444   3445  1   3508
  9837   3445   9836  1   3508
  9836   3445   9835  1   3508
  9835   3445   3233  1   3508
  9835   3233   3234  1   3508
  9835   3234   8282  1   3508
  9835   8282   9838  1   3508
  9838   8282   3260  1   3508
  9838   3260   7878  1   3508
  9838   7878   7880  1   3508
  9838   7880   9839  1   3508
  9839   7880   3264  1   3508
  9839   3264   9840  1   3508
  9840   3264   3455  1   3508
  7878   3260   3261  1   3508
  9841   9843   9844  1   3509
  9842   9841   9844  1   3509
  9842   9844   9845  1   3509
  9843   9846   9847  1   3509
  9844   9843   9847  1   3509
  9844   9847   9848  1   3509
  9845   9844   9848  1   3509
  9845   9848   9849  1   3509
  9845   9849   8285  1   3509
  9845   8285   3236  1   3509
  9845   3236   3237  1   3509
  9845   3237   9842  1   3509
  9842   3237   9841  1   3509
  9841   3237   3242  1   3509
  9841   3242   7847  1   3509
  9841   7847   9843  1   3509
  9843   7847   7849  1   3509
  9843   7849   9846  1   3509
  9846   7849   7851  1   3509
  9846   7851   7857  1   3509
  9846   7857   9847  1   3509
  9847   7857   7859  1   3509
  9847   7859   9848  1   3509
  9848   7859   7861  1   3509
  9848   7861   9849  1   3509
  9849   7861   3258  1   3509
  9849   3258   8285  1   3509
  7857   7851   7855  1   3509
  7855   7851   3252  1   3509
  7847   3242   3243  1   3509
  3240   3239   9851  1   3510
  3240   9851   9850  1   3510
  3240   9850   7822  1   3510
  7822   9850   7819  1   3510
  7819   9850   7816  1   3510
  7816   9850   9851  1   3510
  7816   9851   3239  1   3510
  3267   3276   7882  1   3511
  7882   3276   8088  1   3511
  7882   8088   3266  1   3511
  3266   8088   3461  1   3511
  3266   3461   3456  1   3511
  3456   3461   3458  1   3511
  3279   3282   8089  1   3512
  3279   8089   3278  1   3512
  8089   3282   3462  1   3512
  3285   3288   9853  1   3513
  3285   9853   3284  1   3513
  3284   9853   9852  1   3513
  3284   9852   3460  1   3513
  3460   9852   3459  1   3513
  3459   9852   3464  1   3513
  3464   9852   8098  1   3513
  8098   9852   9853  1   3513
  8098   9853   8100  1   3513
  8100   9853   8102  1   3513
  8100   8102   3467  1   3513
  8102   9853   3288  1   3513
  8104   3473   9855  1   3514
  8104   9855   8106  1   3514
  8106   9855   7923  1   3514
  8106   7923   3291  1   3514
  7923   9855   7921  1   3514
  7921   9855   9854  1   3514
  7921   9854   7919  1   3514
  7919   9854   8103  1   3514
  7919   8103   3290  1   3514
  8103   9854   3468  1   3514
  3468   9854   9855  1   3514
  3468   9855   3470  1   3514
  3470   9855   3473  1   3514
  9856   9857   9858  1   3515
  9858   9857   9859  1   3515
  9858   9859   9860  1   3515
  9858   9860   3476  1   3515
  9858   3476   8110  1   3515
  9858   8110   8108  1   3515
  9858   8108   9856  1   3515
  9856   8108   3474  1   3515
  9856   3474   8105  1   3515
  9856   8105   8107  1   3515
  9856   8107   9857  1   3515
  9857   8107   3293  1   3515
  9857   3293   9859  1   3515
  9859   3293   3294  1   3515
  9859   3294   3297  1   3515
  9859   3297   3300  1   3515
  9859   3300   9860  1   3515
  9860   3300   3476  1   3515
  9861   9862   9863  1   3516
  9862   9865   9866  1   3516
  9863   9862   9866  1   3516
  9863   9866   9867  1   3516
  9864   9863   9867  1   3516
  9867   9866   9868  1   3516
  9867   9868   9869  1   3516
  9867   9869   3488  1   3516
  9867   3488   9864  1   3516
  9864   3488   3485  1   3516
  9864   3485   8126  1   3516
  9864   8126   9863  1   3516
  9863   8126   9861  1   3516
  9861   8126   3482  1   3516
  9861   3482   3479  1   3516
  9861   3479   3477  1   3516
  9861   3477   9862  1   3516
  9862   3477   3302  1   3516
  9862   3302   9865  1   3516
  9865   3302   3322  1   3516
  9865   3322   3500  1   3516
  9865   3500   9868  1   3516
  9865   9868   9866  1   3516
  9868   3500   3497  1   3516
  9868   3497   9869  1   3516
  9869   3497   3494  1   3516
  9869   3494   3491  1   3516
  9869   3491   3488  1   3516
  3322   3302   3303  1   3516
  3322   3303   3319  1   3516
  3306   3316   3305  1   3517
  3305   3316   3317  1   3517
  3309   3314   3308  1   3518
  3325   3501   3324  1   3519
  9870   9872   9873  1   3520
  9871   9870   9873  1   3520
  9871   9873   9874  1   3520
  9872   9876   9877  1   3520
  9873   9872   9877  1   3520
  9873   9877   9878  1   3520
  9874   9873   9878  1   3520
  9874   9878   9879  1   3520
  9875   9874   9879  1   3520
  9877   9876   9880  1   3520
  9877   9880   9881  1   3520
  9878   9877   9881  1   3520
  9878   9881   9882  1   3520
  9879   9878   9882  1   3520
  9881   9880   9884  1   3520
  9881   9884   9885  1   3520
  9882   9881   9885  1   3520
  9883   9882   9885  1   3520
  9883   9885   7994  1   3520
  9883   7994   3343  1   3520
  9883   3343   8013  1   3520
  9883   8013   9879  1   3520
  9883   9879   9882  1   3520
  9879   8013   3358  1   3520
  9879   3358   9875  1   3520
  9875   3358   8155  1   3520
  9875   8155   9871  1   3520
  9875   9871   9874  1   3520
  9871   8155   3503  1   3520
  9871   3503   3498  1   3520
  9871   3498   3499  1   3520
  9871   3499   9870  1   3520
  9870   3499   3327  1   3520
  9870   3327   9872  1   3520
  9872   3327   3328  1   3520
  9872   3328   9876  1   3520
  9876   3328   9880  1   3520
  9880   3328   8274  1   3520
  9880   8274   9884  1   3520
  9884   8274   3342  1   3520
  9884   3342   7994  1   3520
  9884   7994   9885  1   3520
  3331   3337   8275  1   3521
  3331   8275   3330  1   3521
  8275   3337   3340  1   3521
  3361   3506   9886  1   3522
  3361   9886   8016  1   3522
  8016   9886   3360  1   3522
  3360   9886   8157  1   3522
  8157   9886   3492  1   3522
  8157   3492   3504  1   3522
  3504   3492   3493  1   3522
  3492   9886   3506  1   3522
  3364   3372   8166  1   3523
  3364   8166   3509  1   3523
  3364   3509   3363  1   3523
  3363   3509   3507  1   3523
  8166   3372   3373  1   3523
  8166   3373   3382  1   3523
  3382   3373   3376  1   3523
  3367   3370   3366  1   3524
  9887   9890   9891  1   3525
  9888   9887   9891  1   3525
  9888   9891   9892  1   3525
  9889   9888   9892  1   3525
  9889   9892   9893  1   3525
  9889   9893   9894  1   3525
  9891   9890   9895  1   3525
  9891   9895   9896  1   3525
  9892   9891   9896  1   3525
  9892   9896   9897  1   3525
  9893   9892   9897  1   3525
  9893   9897   9898  1   3525
  9894   9893   9898  1   3525
  9894   9898   9899  1   3525
  9896   9895   9900  1   3525
  9896   9900   9901  1   3525
  9897   9896   9901  1   3525
  9898   9897   9901  1   3525
  9898   9901   9902  1   3525
  9899   9898   9902  1   3525
  9899   9902   8168  1   3525
  9899   8168   3384  1   3525
  9899   3384   3385  1   3525
  9899   3385   9894  1   3525
  9894   3385   8183  1   3525
  9894   8183   9889  1   3525
  9889   8183   3518  1   3525
  9889   3518   9888  1   3525
  9888   3518   9887  1   3525
  9887   3518   3515  1   3525
  9887   3515   3512  1   3525
  9887   3512   8172  1   3525
  9887   8172   9890  1   3525
  9890   8172   3486  1   3525
  9890   3486   9895  1   3525
  9895   3486   3487  1   3525
  9895   3487   9900  1   3525
  9900   3487   8170  1   3525
  9900   8170   9901  1   3525
  9901   8170   3510  1   3525
  9901   3510   9902  1   3525
  9902   3510   8168  1   3525
  3388   3521   9903  1   3526
  3388   9903   8034  1   3526
  8034   9903   3387  1   3526
  3387   9903   8185  1   3526
  8185   9903   3521  1   3526
  8185   3521   3519  1   3526
  9904   9906   9907  1   3527
  9905   9904   9907  1   3527
  9905   9907   3536  1   3527
  9905   3536   3533  1   3527
  9905   3533   8198  1   3527
  9905   8198   8195  1   3527
  9905   8195   9904  1   3527
  9904   8195   8193  1   3527
  9904   8193   9906  1   3527
  9906   8193   9908  1   3527
  9906   9908   3522  1   3527
  9906   3522   3390  1   3527
  9906   3390   9907  1   3527
  9907   3390   3391  1   3527
  9907   3391   3536  1   3527
  3522   9908   3524  1   3527
  3524   9908   3527  1   3527
  3527   9908   8191  1   3527
  8191   9908   8193  1   3527
  8195   8198   3530  1   3527
  3394   3537   3393  1   3528
  8042   3400   9910  1   3529
  8042   9910   3397  1   3529
  3397   9910   9909  1   3529
  3397   9909   3396  1   3529
  3396   9909   3535  1   3529
  3535   9909   3534  1   3529
  3534   9909   8207  1   3529
  8207   9909   9910  1   3529
  8207   9910   3400  1   3529
  9913   9912   9914  1   3530
  9913   9914   9915  1   3530
  9913   9915   8217  1   3530
  9913   8217   8215  1   3530
  9913   8215   8213  1   3530
  9913   8213   9912  1   3530
  9912   8213   9911  1   3530
  9912   9911   3531  1   3530
  9912   3531   8200  1   3530
  9912   8200   9914  1   3530
  9914   8200   3532  1   3530
  9914   3532   8209  1   3530
  9914   8209   9915  1   3530
  9915   8209   3402  1   3530
  9915   3402   8217  1   3530
  8217   3402   3403  1   3530
  3531   9911   3539  1   3530
  3539   9911   3542  1   3530
  3542   9911   8213  1   3530
  9917   9916   9920  1   3531
  9916   9921   9919  1   3531
  9916   9919   9920  1   3531
  9919   9921   9922  1   3531
  9919   9922   3412  1   3531
  9919   3412   3415  1   3531
  9919   3415   9920  1   3531
  9920   3415   3423  1   3531
  9920   3423   3424  1   3531
  9920   3424   8221  1   3531
  9920   8221   9917  1   3531
  9917   8221   8219  1   3531
  9917   8219   9918  1   3531
  9917   9918   8214  1   3531
  9917   8214   9916  1   3531
  9916   8214   8216  1   3531
  9916   8216   9921  1   3531
  9921   8216   8218  1   3531
  9921   8218   9922  1   3531
  9922   8218   3405  1   3531
  9922   3405   3406  1   3531
  9922   3406   3412  1   3531
  8214   9918   3543  1   3531
  3543   9918   8219  1   3531
  3418   3421   3417  1   3532
  3554   3551   8236  1   3533
  3427   3557   8239  1   3533
  3427   8239   8220  1   3533
  3427   8220   8222  1   3533
  3427   8222   8062  1   3533
  8062   8222   3426  1   3533
  8220   8239   3541  1   3533
  3541   8239   8224  1   3533
  3541   8224   3540  1   3533
  8224   8239   8227  1   3533
  8227   8239   8236  1   3533
  8227   8236   3545  1   3533
  3545   8236   3551  1   3533
  3545   3551   3548  1   3533
  3552   3553   3469  1   3534
  3430   3465   8067  1   3534
  8067   3465   8099  1   3534
  8067   8099   8065  1   3534
  8065   8099   9923  1   3534
  8065   9923   3558  1   3534
  8065   3558   3429  1   3534
  3558   9923   8246  1   3534
  8246   9923   9924  1   3534
  8246   9924   3466  1   3534
  8246   3466   3469  1   3534
  8246   3469   3553  1   3534
  3466   9924   8101  1   3534
  8101   9924   9923  1   3534
  8101   9923   8099  1   3534
  3433   3436   3439  1   3535
  3433   3439   3432  1   3535
  3432   3439   3463  1   3535
  3463   3439   3453  1   3535
  3463   3453   3454  1   3535
  3463   3454   3457  1   3535
  3442   3451   3441  1   3536
  8111   3475   3478  1   3537
  8111   3478   3560  1   3537
  8111   3560   8109  1   3537
  8109   3560   3549  1   3537
  8109   3549   3472  1   3537
  3472   3549   3550  1   3537
  3472   3550   3471  1   3537
  3481   3563   8254  1   3538
  3481   8254   3480  1   3538
  3480   8254   3561  1   3538
  8173   3511   3564  1   3539
  8173   3564   8127  1   3539
  8173   8127   3484  1   3539
  8127   3564   3483  1   3539
  3490   3505   8171  1   3540
  3490   8171   3489  1   3540
  8171   3505   3508  1   3540
  3496   3502   3495  1   3541
  3514   3525   3513  1   3542
  3525   3526   3513  1   3542
  3513   3526   3562  1   3542
  3562   3526   8266  1   3542
  3562   8266   8255  1   3542
  8255   8266   8264  1   3542
  8255   8264   3559  1   3542
  3559   8264   3547  1   3542
  3547   8264   3546  1   3542
  3523   3516   3520  1   3543
  3517   3520   3516  1   3543
  9925   9927   9928  1   3544
  9926   9925   9928  1   3544
  9926   9928   9929  1   3544
  9928   9927   9930  1   3544
  9928   9930   9931  1   3544
  9928   9931   9929  1   3544
  9929   9931   8192  1   3544
  9929   8192   8194  1   3544
  9929   8194   8196  1   3544
  9929   8196   9926  1   3544
  9926   8196   3529  1   3544
  9926   3529   9925  1   3544
  9925   3529   3538  1   3544
  9925   3538   8226  1   3544
  9925   8226   8229  1   3544
  9925   8229   9927  1   3544
  9927   8229   3544  1   3544
  9927   3544   9930  1   3544
  9930   3544   8265  1   3544
  9930   8265   8267  1   3544
  9930   8267   9931  1   3544
  9931   8267   3528  1   3544
  9931   3528   8192  1   3544
  8248   3555   9932  1   3545
  8248   9932   3556  1   3545
  3556   9932   8241  1   3545
  8241   9932   8238  1   3545
  8238   9932   3555  1   3545
