ply
format ascii 1.0
comment Generated by PyMesh
element vertex 8786
property float x
property float y
property float z
property float nx
property float ny
property float nz
element face 17568
property list uchar int vertex_indices
end_header
64.891 57.519 57.442 0.187 -0.611 -0.769
65.921 57.423 55.28 -0.499 -0.547 0.672
65.534 57.294 57.569 -0.241 -0.461 -0.854
65.476 58.63 55.015 -0.817 0.315 0.482
64.446 58.726 57.176 -0.131 0.251 -0.959
65.229 59.808 56.629 -0.653 -0.47 -0.594
64.846 60.594 57.512 -0.972 0.185 0.142
64.03 59.58 58.136 -0.428 0.861 -0.274
64.863 60.608 57.779 -0.984 0.176 -0.036
65.266 60.589 59.05 -0.783 0.166 0.6
64.37 59.564 59.21 -0.185 0.85 0.493
65.138 59.807 60.252 -0.698 0.688 -0.201
64.781 58.527 60.814 -0.953 -0.227 0.201
64.012 58.284 59.773 -0.441 -0.065 0.895
64.541 58.158 60.202 -0.793 0.019 0.609
64.698 56.862 59.291 -0.706 -0.701 0.103
64.151 57.136 58.966 -0.341 -0.884 0.319
65.062 56.285 59.397 -0.948 -0.316 0.033
65.493 56.239 58.393 -0.64 -0.349 -0.684
64.583 57.09 57.962 -0.033 -0.917 -0.398
65.185 56.81 58.157 -0.435 -0.73 -0.527
66.861 56.59 58.04 0.337 -0.099 -0.936
66.731 57.206 57.759 0.424 -0.51 -0.748
67.185 57.701 57.429 0.121 -0.84 -0.529
67.149 57.715 57.401 0.096 -0.83 -0.549
66.691 57.222 57.726 0.402 -0.501 -0.767
66.945 57.359 55.42 0.232 -0.593 0.771
67.169 57.719 57.398 0.11 -0.827 -0.552
66.965 57.364 55.417 0.246 -0.59 0.769
67.721 57.884 56.212 -0.257 -0.936 0.239
67.778 57.86 56.173 -0.21 -0.956 0.207
67.027 57.338 55.374 0.291 -0.608 0.739
68.876 56.337 55.985 -0.941 0.059 0.332
68.831 56.025 55.626 -0.979 -0.201 0.033
66.978 56.999 54.984 0.256 -0.85 0.46
68.822 55.943 55.41 -0.973 -0.146 0.177
69.118 56.035 53.945 -0.825 -0.1 -0.556
67.229 57.077 53.747 0.435 -0.795 -0.424
69.205 56.437 53.546 -0.883 -0.368 -0.29
69.232 56.599 53.324 -0.87 -0.287 -0.401
67.251 57.214 53.559 0.451 -0.697 -0.558
68.898 56.964 51.9 -0.647 -0.53 0.548
68.717 57.045 51.706 -0.798 -0.462 0.386
67.054 57.302 53.348 0.31 -0.634 -0.709
68.002 57.744 52.565 -0.322 -0.928 -0.187
67.958 57.769 52.525 -0.354 -0.91 -0.216
67.01 57.327 53.308 0.278 -0.616 -0.737
67.276 57.757 52.831 0.1 -0.902 -0.419
65.744 58.411 52.898 -0.751 -0.539 -0.382
65.654 57.906 53.367 -0.69 -0.202 -0.695
65.433 58.855 52.463 -0.543 -0.834 -0.092
65.06 59.469 53.198 -0.81 -0.396 0.433
65.281 58.52 54.102 -0.957 0.236 -0.17
65.323 59.105 53.729 -0.985 -0.153 0.079
65.586 59.523 54.555 -0.839 0.079 0.538
65.513 58.89 54.834 -0.791 0.501 0.353
65.264 60.047 56.462 -0.624 -0.271 -0.733
65.845 60.385 54.402 -0.695 0.558 0.453
65.475 60.75 56.337 -0.448 0.315 -0.837
66.231 60.805 54.894 -0.952 0.278 0.125
66.355 61.074 54.972 -0.864 0.471 0.181
65.589 60.998 56.409 -0.353 0.521 -0.777
65.819 61.127 56.361 -0.506 0.435 -0.745
66.458 61.224 55.004 -0.79 0.578 0.204
65.941 61.305 56.398 -0.445 0.524 -0.726
66.441 61.524 56.06 -0.779 0.379 -0.5
66.648 62.221 56.815 -0.675 0.728 -0.123
66.148 62.003 57.154 -0.342 0.873 -0.348
66.823 62.402 56.725 -0.792 0.607 -0.063
66.999 62.546 57.078 -0.645 0.728 0.232
66.374 62.189 57.608 -0.228 0.966 -0.121
66.874 62.407 57.269 -0.562 0.821 0.105
67.786 62.173 58.465 -0.106 0.704 0.703
67.286 61.955 58.804 0.227 0.849 0.477
67.705 62.01 60.39 -0.052 0.813 -0.581
67.52 62.018 60.441 -0.184 0.818 -0.544
67.067 61.965 58.864 0.118 0.854 0.507
66.96 61.872 59.091 0.189 0.915 0.355
65.912 61.428 59.247 -0.684 0.545 0.485
65.72 61.393 59.064 -0.555 0.568 0.607
66.056 61.462 60.495 -0.779 0.522 -0.347
65.842 60.982 60.597 -0.958 0.121 -0.262
65.445 60.775 59.196 -0.693 0.259 0.673
65.29 59.964 60.375 -0.589 0.8 -0.113
65.843 60.855 61.26 -0.957 0.016 0.291
65.291 59.827 61.094 -0.589 0.702 0.401
65.334 59.932 62.399 -0.617 0.632 -0.469
65.026 59.467 62.457 -0.874 0.244 -0.42
64.957 59.322 61.157 -0.827 0.341 0.446
65.04 59.282 62.264 -0.883 0.368 -0.292
64.911 58.525 62.205 -0.947 -0.01 -0.322
64.848 58.683 61.107 -0.905 -0.115 0.41
64.697 57.96 62.426 -0.804 0.366 -0.469
64.687 57.821 62.347 -0.808 0.297 -0.508
64.84 58.565 61.041 -0.91 -0.199 0.363
64.539 57.608 62.412 -0.709 0.439 -0.552
64.553 57.41 62.279 -0.697 0.273 -0.663
64.856 58.35 60.896 -0.899 -0.353 0.259
64.626 57.958 60.294 -0.745 -0.092 0.66
64.779 56.685 62.121 -0.509 -0.331 -0.794
64.902 57.068 60.101 -0.592 -0.587 0.553
64.996 56.634 61.973 -0.654 -0.297 -0.696
64.997 56.632 61.972 -0.653 -0.298 -0.696
64.904 57.066 60.1 -0.591 -0.588 0.552
65.244 56.466 60.113 -0.818 -0.187 0.544
65.762 55.78 62.095 -0.271 -0.724 -0.635
65.89 55.746 60.216 -0.356 -0.701 0.618
66.286 55.457 62.04 -0.62 -0.508 -0.598
66.679 55.26 61.923 -0.339 -0.649 -0.681
66.283 55.55 60.1 -0.075 -0.842 0.535
66.807 54.588 62.226 -0.424 -0.201 -0.883
67.817 54.791 62.039 0.137 -0.088 -0.987
67.178 55.729 59.934 0.563 -0.714 0.417
67.573 55.44 61.758 0.3 -0.521 -0.799
67.676 55.526 61.749 0.374 -0.46 -0.806
67.281 55.815 59.925 0.637 -0.652 0.41
69.256 55.817 60.04 -0.679 -0.654 0.334
69.271 55.722 59.806 -0.667 -0.732 0.138
67.298 55.712 59.67 0.649 -0.726 0.228
69.246 55.678 59.58 -0.65 -0.703 0.289
69.065 56.221 57.973 -0.741 -0.431 -0.515
67.145 56.171 58.312 0.54 -0.398 -0.742
69.094 55.958 56.304 -0.76 -0.256 0.597
67.491 56.587 58.204 0.189 -0.418 -0.889
69.051 56.388 56.58 -0.923 -0.276 0.268
68.918 56.338 56.088 -0.907 0.06 0.417
66.953 56.583 58.078 0.403 -0.103 -0.909
67.277 57.695 57.467 0.187 -0.844 -0.502
68.49 57.59 56.896 -0.629 -0.765 -0.14
68.68 57.423 56.732 -0.756 -0.654 -0.03
68.908 56.351 56.064 -0.915 0.071 0.397
67.266 57.708 57.441 0.18 -0.835 -0.521
67.81 57.873 56.252 -0.183 -0.945 0.272
69.35 55.814 58.025 -0.598 -0.635 -0.489
69.316 55.641 56.345 -0.575 -0.52 0.631
69.446 55.45 56.333 -0.662 -0.393 0.639
69.727 55.489 58.116 -0.409 -0.797 -0.443
69.823 55.126 56.424 -0.473 -0.555 0.684
70.44 54.307 56.752 -0.885 -0.009 0.466
70.346 54.111 56.474 -0.952 -0.149 0.268
69.712 54.894 56.095 -0.529 -0.671 0.52
70.121 54.444 56.172 -0.802 -0.371 0.469
70.017 54.277 55.743 -0.853 -0.455 0.254
69.608 54.726 55.667 -0.581 -0.755 0.305
69.274 52.288 55.619 -0.358 0.871 0.337
69.203 52.299 55.487 -0.418 0.88 0.227
69.516 54.74 55.497 -0.626 -0.748 0.22
69.362 53.103 54.657 -0.523 0.344 0.78
69.288 54.049 52.825 -0.56 0.817 -0.137
69.442 55.687 53.664 -0.663 -0.275 -0.696
69.529 56.089 53.265 -0.721 -0.543 -0.43
69.338 54.064 52.728 -0.535 0.824 -0.185
69.58 56.103 53.169 -0.696 -0.535 -0.478
69.618 54.277 52.273 -0.722 0.682 0.119
69.646 54.318 52.192 -0.707 0.702 0.078
69.608 56.144 53.088 -0.682 -0.515 -0.519
69.19 56.61 51.717 -0.404 -0.825 0.395
69.575 54.237 51.836 -0.743 0.662 -0.1
69.135 56.546 51.44 -0.45 -0.878 0.164
68.247 56.014 50.426 0.142 -0.523 0.84
67.716 56.613 50.604 -0.237 -0.095 0.967
68.646 57.098 51.603 -0.857 -0.418 0.3
67.24 57.793 52.75 0.08 -0.882 -0.464
67.24 57.793 52.75 0.08 -0.882 -0.464
68.646 57.098 51.603 -0.857 -0.418 0.3
67.926 57.801 52.454 -0.377 -0.887 -0.267
67.037 57.138 50.136 -0.722 0.279 0.633
66.473 58.386 52.221 -0.346 -0.553 -0.758
66.078 58.833 51.864 -0.083 -0.85 -0.52
66.967 58.657 51.198 -0.66 -0.271 -0.701
67.275 58.113 50.644 -0.954 0.248 -0.171
67.349 57.925 49.537 -0.5 0.842 0.205
66.39 59.62 51.266 0.14 -0.288 -0.947
67.689 59.559 50.806 -0.727 -0.247 -0.641
67.68 59.743 50.76 -0.732 -0.156 -0.664
66.381 59.775 51.227 0.134 -0.177 -0.975
67.694 59.987 50.65 -0.741 -0.318 -0.591
67.763 61.213 51.128 -0.684 0.704 -0.192
66.456 61.107 51.746 0.187 0.774 -0.604
67.768 61.32 51.374 -0.687 0.633 -0.356
67.981 61.587 52.633 -0.581 0.767 0.273
66.636 61.333 52.81 0.316 0.936 0.155
67.345 61.536 53.91 -0.157 0.801 -0.578
66.296 61.007 54.683 -0.906 0.423 -0.026
65.587 60.804 53.583 -0.433 0.558 0.708
65.919 60.614 54.163 -0.654 0.685 0.321
68.198 61.687 52.75 -0.472 0.817 0.331
67.528 61.621 54.008 -0.026 0.861 -0.508
68.521 62.271 54.126 -0.688 0.428 -0.586
68.357 62.435 54.786 -0.825 0.564 -0.036
67.349 61.798 54.725 -0.153 0.988 0.004
67.483 62.388 55.881 -0.242 0.595 -0.766
67.108 62.262 55.994 -0.555 0.491 -0.671
66.942 61.663 54.849 -0.444 0.891 0.093
67.014 62.042 55.876 -0.492 0.638 -0.592
69.182 62.766 55.459 -0.138 0.84 0.524
68.308 62.719 56.554 0.445 0.872 -0.205
68.556 62.629 56.595 0.279 0.932 -0.233
69.582 62.617 55.635 0.196 0.715 0.671
69.071 62.437 56.82 0.537 0.835 -0.12
70.046 62.21 56.822 -0.113 0.986 -0.121
70.012 62.075 57.811 -0.13 0.918 0.374
69.038 62.301 57.81 0.52 0.768 0.375
69.493 62.011 58.113 0.217 0.961 0.172
69.071 61.786 58.704 -0.084 0.8 0.594
68.539 62.034 58.509 0.27 0.634 0.724
68.341 61.892 60.427 0.402 0.729 -0.554
69.579 61.485 58.938 0.279 0.585 0.761
68.85 61.592 60.661 0.765 0.514 -0.387
69.267 61.166 60.614 0.487 0.798 -0.356
69.327 61.274 61.504 0.517 0.851 0.09
68.9 61.682 61.413 0.802 0.579 0.15
69.615 61.205 62.089 0.325 0.897 -0.3
69.529 61.273 62.224 0.282 0.931 -0.233
68.828 61.74 61.527 0.75 0.62 0.232
69.593 61.343 62.475 0.24 0.885 -0.4
68.937 61.417 63.072 -0.307 0.947 0.097
68.115 61.821 62.176 0.241 0.678 0.695
68.686 61.369 62.992 -0.139 0.979 0.151
67.708 60.856 63.268 -0.629 0.722 0.289
67.289 61.387 62.409 -0.349 0.368 0.862
66.782 60.484 63.336 -0.011 0.97 0.244
66.265 60.465 63.002 -0.27 0.96 0.077
66.852 61.37 62.127 -0.661 0.356 0.66
66.488 61.311 61.892 -0.419 0.396 0.817
67.025 61.907 60.371 0.029 0.893 -0.45
67.435 62.018 60.476 -0.245 0.819 -0.519
66.882 61.873 59.124 0.124 0.916 0.382
66.13 60.425 62.943 -0.337 0.94 0.047
66.383 61.28 61.846 -0.506 0.37 0.779
65.875 60.357 62.985 -0.167 0.986 0.02
65.057 59.047 63.68 -0.874 0.251 0.416
65.04 59.285 63.558 -0.863 0.093 0.497
64.842 58.483 63.901 -0.731 0.627 0.268
64.651 58.354 63.385 -0.827 0.563 0.011
64.891 59.185 63.157 -0.987 0.009 0.163
64.866 58.918 63.164 -0.97 0.187 0.158
66.946 58.779 64.829 0.07 0.117 0.991
66.731 58.215 65.05 0.214 0.493 0.843
67.543 58.925 64.898 -0.328 0.02 0.945
67.92 58.538 64.927 -0.059 -0.256 0.965
67.177 57.757 65.084 0.437 0.264 0.86
67.919 56.808 65.717 -0.058 0.897 0.438
67.887 56.796 65.736 -0.08 0.888 0.452
67.14 57.743 65.107 0.418 0.257 0.871
66.95 57.63 65.258 0.544 0.332 0.77
65.905 56.568 65.254 -0.327 -0.553 0.767
65.796 56.377 65.101 -0.254 -0.426 0.869
66.752 55.642 65.731 -0.891 0.064 0.449
66.702 55.478 65.622 -0.927 -0.053 0.37
65.736 56.182 64.972 -0.284 -0.523 0.804
66.338 55.194 65.104 -0.685 0.136 0.716
66.188 55.082 64.96 -0.768 0.074 0.636
65.579 56.065 64.821 -0.362 -0.581 0.728
65.809 54.51 64.824 -0.515 0.455 0.726
65.943 54.223 62.587 -0.42 0.25 -0.872
65.738 55.725 62.172 -0.283 -0.751 -0.596
66.265 55.411 62.105 -0.634 -0.542 -0.551
66.273 54.076 62.447 -0.183 0.146 -0.972
66.596 55.264 61.965 -0.398 -0.646 -0.651
66.713 54.593 62.273 -0.477 -0.198 -0.856
66.768 53.581 65.157 0.17 -0.208 0.963
67.272 54.034 65.335 -0.166 -0.509 0.845
67.528 54.45 65.827 -0.337 -0.787 0.517
69.237 54.899 65.048 0.884 -0.466 -0.04
69.203 54.541 64.455 0.907 -0.227 0.356
70.939 55.375 64.136 -0.251 -0.784 0.568
70.576 55.484 62.294 -0.465 -0.72 -0.516
68.83 54.652 62.564 0.7 -0.165 -0.695
70.036 55.657 62.33 -0.104 -0.835 -0.54
69.951 55.736 62.235 -0.147 -0.796 -0.587
68.749 54.728 62.473 0.655 -0.123 -0.746
69.92 55.686 60.402 -0.126 -0.762 0.635
69.29 55.797 60.068 -0.651 -0.67 0.357
67.976 54.864 62.063 0.225 -0.048 -0.973
67.713 55.504 61.779 0.4 -0.475 -0.784
70.051 55.722 62.233 -0.097 -0.803 -0.588
69.998 55.675 60.4 -0.061 -0.771 0.633
70.59 55.545 62.204 -0.456 -0.684 -0.569
70.604 55.54 62.199 -0.448 -0.687 -0.572
70.009 55.671 60.396 -0.052 -0.775 0.63
71.029 54.805 60.362 -0.731 -0.197 0.653
70.876 54.638 60.042 -0.859 -0.336 0.387
69.856 55.504 60.077 -0.179 -0.914 0.364
69.999 55.398 59.929 -0.274 -0.843 0.463
70.918 54.443 59.251 -0.823 -0.498 -0.272
70.053 55.148 58.912 -0.246 -0.968 -0.046
70.922 54.539 58.908 -0.826 -0.562 -0.043
70.955 54.581 58.561 -0.806 -0.538 -0.247
70.089 55.193 58.539 -0.229 -0.945 -0.232
70.746 54.057 57.109 -0.667 -0.188 0.721
72.836 53.989 58.381 0.3 -0.886 -0.353
72.455 53.518 56.945 0.554 -0.573 0.604
73.174 54.081 58.315 0.074 -0.948 -0.309
73.66 54.519 57.899 0.479 -0.583 -0.656
72.982 53.994 56.493 0.931 -0.233 0.281
73.241 54.305 56.195 0.758 -0.441 0.48
73.236 54.173 56.062 0.756 -0.507 0.414
72.978 53.882 56.381 0.928 -0.313 0.201
73.83 54.088 55.457 0.361 -0.45 0.817
73.719 53.803 55.286 0.269 -0.688 0.674
72.859 53.572 56.195 0.843 -0.534 0.069
73.352 52.153 55.169 0.514 0.412 0.753
72.751 51.691 55.55 0.16 0.14 0.977
72.312 53.152 56.542 0.452 -0.834 0.316
71.846 51.537 56.118 0.763 0.243 0.598
71.809 51.535 56.164 0.742 0.243 0.625
72.279 53.151 56.583 0.428 -0.835 0.346
71.852 51.211 56.306 0.713 0.459 0.53
71.553 51.236 56.564 0.463 0.48 0.745
71.953 53.179 56.863 0.196 -0.815 0.546
71.451 51.566 56.472 0.531 0.261 0.806
69.685 52.388 55.839 -0.508 0.744 0.434
70.349 53.926 56.288 -0.95 -0.281 0.135
70.124 54.225 55.953 -0.8 -0.481 0.359
69.662 52.396 55.796 -0.521 0.749 0.409
70.099 54.234 55.906 -0.813 -0.476 0.336
69.338 52.255 55.746 -0.305 0.843 0.442
69.189 50.491 54.299 -0.8 -0.372 -0.472
68.942 50.661 54.493 -0.635 -0.485 -0.601
69.026 50.997 53.38 -0.691 -0.709 0.141
68.582 51.906 53.735 -0.913 -0.255 0.319
68.597 51.368 54.77 -0.923 0.104 -0.371
68.482 52.099 53.659 -0.846 -0.384 0.37
68.621 52.68 54.027 -0.73 0.1 0.676
68.736 51.949 55.138 -0.806 0.588 -0.064
68.762 52.652 54.208 -0.823 0.119 0.555
69.51 50.221 54.102 -0.611 -0.531 -0.588
69.371 50.706 53.168 -0.518 -0.854 0.035
69.694 50.381 53.571 -0.734 -0.638 -0.234
71.112 50.421 52.468 -0.025 -0.618 -0.786
70.789 50.746 52.064 0.19 -0.835 -0.517
71.068 50.959 51.609 0.004 -0.977 -0.213
71.148 50.422 52.466 -0.007 -0.618 -0.786
71.105 50.96 51.608 0.022 -0.977 -0.214
71.987 50.548 51.935 -0.566 -0.702 -0.432
72.011 50.56 51.886 -0.554 -0.696 -0.457
71.129 50.972 51.559 0.034 -0.97 -0.239
72.015 50.482 50.414 -0.557 -0.644 0.525
71.718 50.616 50.101 -0.804 -0.532 0.264
70.747 51.145 51.156 -0.157 -0.884 -0.44
71.546 50.82 50.076 -0.69 -0.668 0.28
71.326 51.004 49.859 -0.8 -0.576 0.171
70.527 51.329 50.939 -0.267 -0.792 -0.549
70.864 51.285 49.487 -0.492 -0.763 0.419
70.425 51.608 49.375 -0.711 -0.602 0.363
70.088 51.651 50.827 -0.486 -0.631 -0.605
70.229 51.788 49.355 -0.58 -0.722 0.377
69.84 53.01 49.271 -0.905 0.296 0.307
69.588 53.222 50.719 -0.737 0.155 -0.658
69.657 53.436 50.665 -0.783 0.012 -0.622
69.505 53.751 51.035 -0.909 0.275 -0.314
69.393 53.627 51.195 -0.834 0.357 -0.421
68.094 55.5 49.884 0.033 -0.891 0.453
69.589 53.667 50.807 -0.839 0.205 -0.504
68.184 55.408 49.637 0.097 -0.956 0.276
69.378 54.926 49.557 -0.699 -0.635 0.33
69.325 54.922 48.785 -0.737 -0.638 -0.222
68.131 55.404 48.864 0.059 -0.96 -0.275
69.583 54.58 48.342 -0.909 -0.41 0.073
69.573 54.595 48.291 -0.914 -0.403 0.048
68.122 55.416 48.822 0.053 -0.951 -0.306
68.749 55.378 48.519 -0.365 -0.925 -0.104
68.116 56.522 47.564 -0.716 -0.29 -0.635
67.562 56.429 47.976 -0.347 -0.227 -0.91
68.355 56.729 46.946 -0.876 -0.428 -0.223
68.222 57.629 47.107 -0.971 0.215 -0.109
67.429 57.328 48.137 -0.442 0.415 -0.795
67.966 57.539 47.745 -0.8 0.275 -0.534
68.254 58.408 48.939 -0.639 0.758 0.13
67.685 58.098 49.194 -0.26 0.965 -0.04
68.011 60.003 50.37 -0.477 -0.305 -0.824
67.844 59.943 50.516 -0.617 -0.355 -0.702
67.503 58.032 49.353 -0.39 0.918 0.073
67.872 59.686 50.588 -0.636 -0.184 -0.75
68.385 58.521 48.838 -0.567 0.821 0.074
68.118 60.095 50.288 -0.388 -0.228 -0.893
68.805 59.005 49.229 -0.847 0.498 -0.187
69.364 59.499 49.105 -0.448 0.851 -0.275
68.632 60.549 50.174 0.04 0.15 -0.988
68.885 60.466 50.147 -0.129 0.206 -0.97
69.48 59.554 49.106 -0.365 0.89 -0.274
69.023 60.531 50.148 -0.06 0.238 -0.969
69.578 60.299 49.914 -0.43 0.393 -0.813
69.949 60.906 50.191 -0.244 0.697 -0.675
69.394 61.138 50.425 0.126 0.542 -0.831
70.201 60.974 50.134 -0.412 0.651 -0.637
70.625 61.38 50.735 -0.059 0.989 -0.136
69.939 61.659 51.198 0.398 0.803 -0.445
70.493 61.427 50.963 0.028 0.957 -0.288
70.979 61.311 52.228 0.271 0.899 0.344
70.425 61.543 52.463 0.641 0.744 0.188
70.7 61.972 53.888 0.458 0.458 -0.762
70.453 62.148 53.888 0.282 0.583 -0.762
70.133 61.751 52.463 0.495 0.848 0.188
70.012 61.797 52.698 0.576 0.817 0.032
69.087 61.992 52.726 -0.195 0.979 0.056
68.944 62.001 52.499 -0.099 0.973 0.206
69.102 62.515 53.932 -0.204 0.631 -0.749
69.771 61.926 52.746 0.375 0.924 0.073
69.786 62.449 53.952 0.366 0.576 -0.731
70.192 62.287 53.941 0.095 0.683 -0.724
69.981 62.47 55.765 -0.055 0.814 0.578
69.592 62.617 55.631 0.204 0.716 0.668
70.059 62.211 56.817 -0.107 0.987 -0.123
70.807 62.321 55.604 0.534 0.707 0.463
71.036 62.034 56.627 0.382 0.898 -0.219
71.275 61.985 56.736 0.222 0.93 -0.291
71.299 61.929 57.568 0.242 0.883 0.402
71.066 61.961 57.696 0.397 0.862 0.316
72.14 61.978 58.799 -0.319 0.85 -0.419
71.589 61.698 59.444 -0.778 0.617 0.118
70.358 61.601 58.525 0.043 0.682 0.73
69.784 61.611 58.716 0.425 0.675 0.603
71.537 61.578 59.591 -0.822 0.516 0.241
69.727 61.48 58.876 0.384 0.581 0.717
70.862 61.056 60.458 -0.372 0.864 -0.338
70.752 61.03 60.53 -0.437 0.849 -0.296
69.627 61.457 58.941 0.313 0.565 0.764
69.323 61.133 60.618 0.515 0.781 -0.354
70.823 61.121 61.317 -0.395 0.903 0.167
69.4 61.231 61.463 0.553 0.83 0.069
69.688 61.163 62.048 0.361 0.876 -0.321
70.928 61.126 61.479 -0.333 0.906 0.262
69.801 61.168 62.222 0.418 0.878 -0.234
69.804 61.26 62.474 0.416 0.816 -0.401
71.43 60.874 62.141 -0.038 0.758 0.652
70.224 61.05 63.028 0.766 0.64 0.06
72.727 62.632 63.282 -0.903 -0.415 -0.109
70.337 60.926 63.06 0.762 0.62 0.189
72.79 62.461 63.311 -0.906 -0.423 0.019
72.809 62.466 63.495 -0.845 -0.533 0.043
70.299 60.897 63.224 0.829 0.513 0.224
71.408 60.351 62.851 0.09 0.877 0.473
71.407 60.206 63.081 0.089 0.804 0.588
70.298 60.783 63.403 0.828 0.419 0.374
70.436 60.555 63.418 0.736 0.571 0.364
71.364 59.508 63.681 0.067 0.455 0.888
70.393 59.856 64.018 0.714 0.222 0.664
70.941 58.963 64.326 0.349 0.818 0.458
69.674 58.415 64.989 -0.285 0.543 0.79
69.126 59.308 64.681 0.081 -0.052 0.995
68.603 59.058 64.83 0.429 0.115 0.896
67.588 60.027 64.291 -0.295 0.807 0.511
67.925 60.456 64.042 -0.52 0.522 0.676
66.999 60.084 64.11 0.097 0.77 0.631
69.242 57.788 65.079 -0.501 0.23 0.834
68.238 58.528 64.906 0.169 -0.263 0.95
68.237 56.798 65.696 0.169 0.89 0.423
70.47 55.629 64.441 0.113 -0.849 0.516
69.274 54.974 65.157 0.91 -0.413 0.038
70.98 55.458 64.257 -0.227 -0.735 0.639
71.297 56.891 65.053 0.527 -0.218 0.822
71.749 56.631 64.825 0.225 -0.045 0.973
73.179 57.384 65.665 -0.728 -0.547 0.413
73.327 57.186 65.598 -0.605 -0.712 0.358
71.926 56.395 64.745 0.329 -0.184 0.926
73.428 57.015 65.478 -0.672 -0.598 0.438
74.097 56.328 64.608 -0.337 -0.942 0.002
72.548 55.756 63.936 0.696 -0.56 0.45
74.597 56.029 64.612 -0.67 -0.742 -0
74.694 55.975 64.339 -0.613 -0.773 -0.161
72.645 55.703 63.664 0.753 -0.591 0.29
73.95 55.685 62.889 -0.117 -0.58 0.806
73.481 55.279 62.036 -0.452 -0.87 0.197
72.129 55.256 62.726 0.449 -0.854 -0.262
73.001 55.427 62.013 -0.132 -0.968 0.213
72.835 55.423 61.812 -0.215 -0.97 0.112
71.975 55.252 62.538 0.358 -0.856 -0.372
72.175 54.564 60.646 0.224 -0.398 0.89
73.014 55.384 61.735 -0.125 -0.989 0.074
72.315 54.534 60.586 0.341 -0.423 0.84
73.492 55.243 61.801 -0.444 -0.895 0.03
73.744 55.156 61.605 -0.264 -0.958 -0.111
72.547 54.453 60.405 0.534 -0.49 0.689
72.869 54.551 60.287 0.319 -0.555 0.768
74.433 55.299 61.11 0.228 -0.856 -0.464
73.627 54.709 59.742 0.765 -0.462 0.448
73.836 54.684 59.454 0.626 -0.446 0.64
74.445 55.306 61.103 0.236 -0.851 -0.469
73.847 54.69 59.448 0.635 -0.441 0.635
75.766 55.162 60.576 -0.645 -0.755 -0.118
76.232 55.396 59.597 -0.371 -0.618 -0.694
74.236 54.886 58.628 0.96 -0.277 -0.048
76.284 55.72 59.12 -0.406 -0.833 -0.376
76.077 56.498 58.397 -0.509 -0.444 -0.738
74.076 55.492 58.066 0.825 0.227 -0.517
73.987 56.518 57.431 0.884 -0.457 -0.094
73.799 56.314 57.147 0.773 -0.578 -0.261
73.918 55.321 57.828 0.694 0.085 -0.715
73.952 55.355 55.648 0.672 0.062 0.738
73.888 54.862 55.649 0.634 -0.228 0.739
73.865 54.908 57.829 0.65 -0.259 -0.715
74.038 54.58 55.49 0.534 -0.04 0.844
73.953 54.382 55.512 0.463 -0.205 0.862
73.779 54.71 57.85 0.579 -0.424 -0.697
73.395 54.551 56.132 0.835 -0.318 0.449
74.44 55.278 54.874 0.959 0.017 0.283
74.5 54.928 54.842 0.919 0.25 0.305
74.669 55.688 54.5 0.806 -0.256 0.533
74.767 55.217 53.759 0.856 -0.491 0.162
74.576 54.562 54.266 0.983 -0.055 -0.176
75.023 55.36 53.355 0.685 -0.587 0.431
74.931 55.151 53.131 0.62 -0.736 0.272
74.492 54.37 54.06 0.913 -0.215 -0.347
75.067 52.869 53.057 0.53 0.785 0.321
75.051 52.584 53.485 0.519 0.581 0.627
74.478 54.107 54.454 0.901 -0.434 -0.019
74.668 52.812 53.728 0.774 0.43 0.465
74.022 52.374 54.533 0.451 0.211 0.867
73.976 53.767 55.08 0.482 -0.718 0.502
73.658 52.11 54.922 0.694 0.387 0.608
72.456 50.08 52.563 -0.332 -0.936 -0.118
72.202 49.978 53.091 -0.163 -0.868 -0.469
71.617 49.954 53.095 0.227 -0.852 -0.472
71.748 49.792 54.462 0.293 -0.932 0.212
72.324 49.828 54.362 -0.091 -0.956 0.278
71.419 49.673 54.93 0.512 -0.853 -0.1
71.431 49.678 54.951 0.519 -0.85 -0.088
72.336 49.833 54.383 -0.084 -0.953 0.291
71.536 49.657 55.292 0.449 -0.836 -0.315
71.886 51.198 56.269 0.741 0.449 0.5
72.755 51.675 55.552 0.162 0.131 0.978
71.85 51.52 56.12 0.766 0.234 0.599
74.488 50.65 51.783 0.117 -0.8 -0.589
74.001 50.523 51.714 0.441 -0.715 -0.543
73.918 50.61 50.307 0.497 -0.773 0.395
73.412 50.391 50.323 0.244 -0.882 0.403
73.495 50.304 51.73 0.188 -0.824 -0.535
73.17 50.283 50.293 0.405 -0.81 0.424
75.017 51.089 51.598 0.494 -0.486 -0.721
74.544 51.129 50.088 0.809 -0.513 0.286
74.931 51.256 49.643 0.551 -0.597 0.583
74.313 50.722 48.584 0.109 -0.979 -0.174
73.812 50.497 48.834 0.444 -0.829 -0.341
74.224 50.723 48.155 0.169 -0.979 0.112
73.759 50.746 47.81 -0.219 -0.96 -0.176
73.214 50.527 48.39 0.145 -0.814 -0.563
72.545 50.511 47.423 0.591 -0.803 0.082
71.366 50.589 47.984 -0.392 -0.738 0.55
71.699 50.628 49.112 -0.613 -0.764 -0.202
71.237 50.909 48.74 -0.305 -0.951 0.046
70.669 51.523 47.047 -0.972 0.04 -0.231
70.341 52.109 47.536 -0.753 -0.351 -0.556
70.628 51.957 47.02 -0.945 -0.249 -0.213
70.77 52.766 46.724 -0.844 0.329 -0.424
70.509 53.067 47.185 -0.67 0.128 -0.732
70.338 54.288 46.793 -0.556 -0.685 -0.47
70.2 54.322 46.945 -0.671 -0.657 -0.344
70.331 53.112 47.38 -0.759 0.15 -0.634
70.139 54.221 47.186 -0.631 -0.589 -0.505
69.709 54.337 48.271 -0.846 -0.532 0.038
69.9 53.227 48.465 -0.974 0.208 -0.092
69.82 53.048 48.647 -0.921 0.327 -0.213
69.7 54.411 48.555 -0.85 -0.494 0.18
69.814 53.106 48.868 -0.926 0.376 -0.029
69.424 54.779 48.965 -0.666 -0.74 -0.094
69.477 54.764 49.379 -0.629 -0.751 0.202
69.862 53.092 49.249 -0.886 0.364 0.289
69.679 53.518 50.643 -0.764 0.08 -0.641
69.928 54.98 46.846 -0.898 -0.108 -0.427
69.789 55.067 47.058 -0.806 -0.166 -0.568
69.098 56.116 46.75 -0.345 -0.866 -0.363
69.005 56.103 46.903 -0.411 -0.875 -0.255
69.68 55.051 47.238 -0.861 -0.174 -0.478
68.851 55.814 47.514 -0.308 -0.683 -0.662
70.802 55.515 46.247 -0.169 0.337 -0.926
70.048 56.697 46.1 0.334 -0.451 -0.828
70.914 55.755 46.288 -0.244 0.177 -0.954
71.829 57 47.073 0.214 0.8 -0.561
70.821 57.749 46.763 0.886 0.3 -0.354
72.049 57.066 47.21 0.067 0.755 -0.652
72.055 57.142 47.307 0.073 0.818 -0.57
70.828 57.83 46.869 0.891 0.359 -0.278
72.192 58.131 47.932 -0.018 0.159 -0.987
71.796 58.715 48.301 -0.348 0.646 -0.68
70.398 58.465 47.27 0.584 0.812 0.008
70.61 58.972 48.424 0.442 0.474 -0.761
69.358 59.156 48.573 -0.452 0.606 -0.655
69.145 58.649 47.419 -0.311 0.943 0.115
69.009 58.691 48.098 -0.22 0.915 -0.338
71.915 59.027 48.705 -0.249 0.906 -0.344
70.74 59.311 48.862 0.535 0.716 -0.449
72.048 59.264 49.047 -0.338 0.748 -0.572
72.039 59.313 49.123 -0.344 0.783 -0.518
70.731 59.36 48.938 0.528 0.752 -0.395
71.064 60.324 49.764 0.306 0.109 -0.946
70.45 60.543 49.778 -0.205 0.292 -0.934
70.064 59.599 48.952 0.052 0.922 -0.384
70.269 60.352 49.732 -0.084 0.42 -0.904
72.696 59.6 49.724 0.125 0.988 -0.088
71.669 60.588 50.318 0.811 0.33 -0.484
71.836 60.41 50.427 0.699 0.448 -0.557
72.965 59.517 50.12 0.317 0.928 0.194
72.154 60.311 50.895 0.858 0.399 -0.323
72.924 59.749 51.209 0.345 0.773 -0.532
72.768 60.13 52.269 0.268 0.963 -0.002
71.999 60.691 51.955 0.781 0.589 0.208
72.257 60.398 52.442 0.609 0.785 -0.117
71.814 60.609 52.885 0.293 0.935 0.2
71.475 60.941 52.48 0.519 0.714 0.47
71.119 61.659 54.101 0.757 0.235 -0.61
72.109 60.218 53.392 0.504 0.656 0.562
71.414 61.268 54.608 0.968 -0.045 -0.248
72.723 60.124 55.269 0.095 0.718 -0.689
72.727 60.451 55.828 0.097 0.952 -0.29
71.417 61.596 55.166 0.97 0.189 0.151
71.758 61.176 56.109 0.743 0.469 -0.477
71.743 61.226 56.137 0.735 0.494 -0.464
71.405 61.638 55.19 0.961 0.219 0.168
71.825 61.357 56.355 0.681 0.407 -0.609
71.778 61.185 56.15 0.753 0.474 -0.457
71.852 61.325 56.365 0.703 0.38 -0.601
72.743 60.459 55.862 0.109 0.958 -0.265
73.034 60.424 56.473 0.316 0.933 0.171
72.119 61.293 56.928 0.926 0.354 -0.132
73.283 61.105 58.027 0.15 0.479 -0.865
73.105 61.454 58.26 0.045 0.685 -0.727
71.97 61.585 57.123 0.802 0.597 0.031
72.812 61.635 58.354 0.241 0.564 -0.79
73.371 61.927 59.192 0.202 0.963 -0.179
73.034 62.031 59.134 0.426 0.894 -0.14
74.74 63.529 59.965 -0.711 -0.105 -0.695
74.297 63.605 60.648 -0.933 -0.067 -0.354
72.689 62.09 59.664 0.139 0.943 0.302
73.886 62.732 60.939 -0.659 0.515 -0.548
73.352 62.304 61.579 -0.926 0.301 -0.228
72.274 61.757 60.162 -0.207 0.666 0.717
72.257 61.326 60.891 -0.196 0.953 0.231
72.239 61.323 60.888 -0.205 0.951 0.23
72.26 61.754 60.16 -0.219 0.664 0.715
71.727 61.267 61.139 0.136 0.989 0.062
72.25 61.32 60.911 -0.199 0.95 0.241
71.737 61.264 61.161 0.143 0.987 0.075
73.345 62.297 61.6 -0.929 0.298 -0.218
73.318 62.288 61.718 -0.943 0.293 -0.158
71.712 61.255 61.271 0.128 0.982 0.14
72.984 62.979 62.491 -0.72 -0.167 -0.674
73.768 62.941 61.402 -0.718 0.62 -0.317
73.364 63.531 62.224 -0.448 0.227 -0.865
74.179 63.815 61.11 -0.992 0.038 -0.122
74.253 64.333 61.319 -0.955 0.297 -0.018
73.427 63.968 62.4 -0.404 0.54 -0.739
73.526 64.367 62.55 -0.47 0.274 -0.839
73.065 64.181 64.165 -0.854 0.119 0.507
72.926 63.766 64.154 -0.761 0.395 0.514
73.193 64.207 65.419 -0.939 0.102 -0.329
73.19 63.746 65.588 -0.941 -0.282 -0.188
72.924 63.266 64.337 -0.763 0.038 0.645
73.159 63.612 65.817 -0.92 -0.193 -0.341
73.192 63.436 65.851 -0.903 -0.281 -0.324
72.952 63.117 64.366 -0.743 -0.068 0.666
73.067 62.922 66.219 -0.82 0.062 -0.569
73.35 62.075 66.077 -0.679 -0.361 -0.64
73.191 62.402 64.247 -0.572 -0.579 0.581
73.63 61.563 65.869 -0.865 -0.019 -0.501
73.676 61.463 65.805 -0.832 -0.091 -0.547
73.237 62.302 64.182 -0.539 -0.651 0.535
73.487 60.392 64.477 -0.706 0.622 0.338
73.296 60.304 64.028 -0.818 0.57 0.073
73.064 62.222 63.774 -0.663 -0.708 0.243
71.709 60.062 63.181 0.24 0.732 0.638
73.143 59.69 64.519 -0.908 0.209 0.362
71.544 59.401 63.709 0.158 0.402 0.902
71.122 58.857 64.354 0.439 0.764 0.472
73.148 59.675 64.539 -0.906 0.2 0.374
71.127 58.841 64.375 0.441 0.756 0.483
73.067 59.219 64.887 -0.852 0.504 0.142
73.023 58.664 65.463 -0.874 0.227 0.43
71.083 58.286 64.952 0.42 0.479 0.771
73.013 58.469 65.587 -0.867 0.357 0.348
73.32 58.755 65.867 -0.726 0.272 0.632
73.243 58.539 65.901 -0.675 0.416 0.61
73.587 59.762 67.05 -0.904 -0.399 -0.156
73.62 59.663 67.143 -0.887 -0.448 -0.11
73.269 58.463 65.973 -0.653 0.352 0.67
73.706 59.421 67.217 -0.945 -0.287 -0.159
74.17 58.779 67.548 -0.558 -0.821 0.117
73.733 57.821 66.305 -0.267 -0.182 0.946
73.949 57.832 66.387 -0.411 -0.19 0.892
74.539 58.624 67.625 -0.251 -0.951 0.182
74.423 57.632 66.486 -0.174 -0.289 0.941
75.581 57.677 67.992 -0.946 -0.319 -0.063
75.903 57.157 67.771 -0.756 -0.625 -0.193
74.77 57.073 66.247 -0.001 -0.569 0.822
76.177 56.654 67.756 -0.939 -0.29 -0.183
76.185 56.638 67.745 -0.936 -0.298 -0.189
74.777 57.057 66.236 0.003 -0.577 0.817
75.229 56.706 66.126 -0.299 -0.343 0.89
77.106 55.786 67.123 -0.475 -0.724 -0.5
76.085 55.914 65.548 0.205 -0.809 0.55
77.125 55.343 65.233 -0.488 -0.429 0.76
76.793 55.108 64.135 -0.765 -0.625 -0.155
75.688 55.633 64.235 -0.029 -0.975 -0.222
76.646 55.288 63.863 -0.667 -0.744 0.026
76.641 55.292 63.847 -0.67 -0.742 0.016
75.683 55.637 64.219 -0.032 -0.972 -0.231
76.14 55.591 63.848 -0.336 -0.942 0.016
75.915 55.704 63.57 -0.449 -0.885 -0.123
75.474 55.742 63.96 -0.155 -0.911 -0.383
74.659 55.473 62.544 0.389 -0.731 0.56
76.165 55.666 63.261 -0.324 -0.904 -0.278
74.87 55.441 62.283 0.54 -0.754 0.374
76.234 55.311 61.874 -0.37 -0.668 0.646
76.176 55.209 61.72 -0.403 -0.727 0.555
74.818 55.349 62.143 0.503 -0.82 0.273
75.844 55.341 61.728 -0.182 -0.815 0.549
75.506 55.295 60.786 -0.464 -0.854 -0.236
74.45 55.299 61.119 0.24 -0.856 -0.458
75.772 55.154 60.593 -0.641 -0.76 -0.107
76.2 55.652 63.266 -0.307 -0.911 -0.276
76.266 55.298 61.879 -0.351 -0.675 0.649
76.696 55.348 63.306 -0.638 -0.709 -0.302
77.32 55.07 63.127 -0.271 -0.872 -0.407
76.89 55.02 61.701 0.016 -0.839 0.544
77.244 54.984 61.713 -0.22 -0.815 0.536
77.987 55.141 60.337 0.399 -0.684 -0.611
77.778 55.208 60.056 0.539 -0.728 -0.424
78.512 55.613 59.411 0.049 -0.999 0.006
78.203 55.646 59.09 -0.106 -0.982 -0.155
77.49 55.239 59.757 0.369 -0.71 -0.599
77.637 55.55 59.293 0.271 -0.918 -0.29
77.518 56.883 57.767 -0.449 -0.364 -0.816
76.952 56.786 57.969 -0.071 -0.3 -0.951
76.597 57.531 57.415 0.165 -0.797 -0.582
75.831 57.379 57.702 -0.218 -0.872 -0.438
76.186 56.635 58.257 -0.455 -0.376 -0.808
75.767 57.027 58.171 -0.175 -0.637 -0.751
75.691 56.964 58.249 -0.22 -0.674 -0.705
76.104 56.567 58.34 -0.496 -0.41 -0.766
74.012 56.582 57.379 0.899 -0.42 -0.125
75.712 57.04 58.174 -0.208 -0.629 -0.749
74.034 56.659 57.304 0.912 -0.375 -0.169
75.772 57.394 57.705 -0.247 -0.865 -0.436
75.694 57.863 57.135 -0.286 -0.631 -0.721
73.961 57.095 56.774 0.869 -0.118 -0.481
74.318 56.61 54.931 0.631 0.205 0.748
74.286 56.3 55.008 0.615 0.05 0.787
73.931 56.806 56.846 0.851 -0.288 -0.438
74.084 55.847 55.347 0.75 0.351 0.561
74.111 57.161 55.125 0.846 0.287 0.45
75.211 58.163 56.887 0.015 -0.47 -0.882
75.654 58.576 56.755 -0.306 -0.274 -0.912
74.279 57.323 54.55 0.611 0.561 0.558
73.848 58.658 55.825 0.898 -0.329 -0.292
73.687 59.074 55.364 0.783 -0.031 -0.621
74.088 57.816 54.004 0.516 0.808 0.285
73.735 58.674 53.507 0.751 0.236 0.617
73.983 58.578 53.165 0.875 0.188 0.446
74.336 57.72 53.663 0.64 0.76 0.114
74.114 58.635 52.938 0.788 0.149 0.597
74.269 58.498 52.697 0.918 0.035 0.396
74.536 57.543 53.352 0.74 0.672 -0.041
74.827 57.325 53.012 0.546 0.817 0.186
74.159 58.198 51.596 0.826 -0.215 -0.522
74.707 57 51.816 0.46 0.585 -0.668
74.041 58.016 51.439 0.904 -0.093 -0.417
73.971 57.925 51.323 0.869 -0.139 -0.475
74.648 56.923 51.717 0.418 0.53 -0.738
73.85 57.976 50.216 0.949 -0.172 0.263
73.771 57.605 49.998 0.893 -0.437 0.107
74.569 56.552 51.5 0.361 0.265 -0.894
73.679 57.259 50.482 0.955 -0.206 -0.215
73.528 56.887 50.369 0.879 -0.392 -0.272
74.441 56.238 51.404 0.27 0.041 -0.962
73.738 55.429 49.448 0.739 0.58 0.342
73.835 55.271 49.48 0.788 0.501 0.358
74.524 56.104 51.431 0.329 -0.055 -0.943
74.194 54.797 50.289 0.549 0.816 -0.181
74.732 54.314 50.736 0.818 0.574 0.043
74.978 55.695 51.809 0.654 -0.347 -0.673
74.888 54.126 50.846 0.714 0.7 -0.031
74.931 53.645 51.591 0.75 0.299 0.59
75.025 55.173 52.618 0.687 -0.72 -0.095
75.161 52.891 52.544 0.597 0.801 -0.045
75.097 52.745 50.772 0.888 -0.45 -0.092
75.341 51.915 51.654 0.725 0.103 -0.681
75.255 52.081 49.699 0.782 -0.008 0.623
75.095 53.46 50.357 0.887 0.145 -0.438
75.254 52.858 49.248 0.781 0.547 0.301
74.999 53.458 50.107 0.951 0.147 -0.272
74.613 53.938 49.6 0.758 0.386 -0.526
74.928 53.263 48.82 0.548 0.836 -0.005
74.254 54.411 48.791 0.997 0.071 0.014
74.225 54.374 48.41 0.983 0.053 -0.177
74.903 53.232 48.498 0.531 0.814 -0.235
74.199 54.439 48.152 1 0.009 -0.005
74.07 54.233 47.654 0.893 -0.163 -0.42
74.763 53.008 47.956 0.431 0.654 -0.622
74.639 52.827 47.578 0.514 0.774 -0.369
73.509 54.033 47.146 0.425 -0.329 -0.843
74.078 52.628 47.07 0.046 0.608 -0.792
73.011 52.902 46.624 0.757 0.426 -0.495
72.826 51.649 46.444 0.625 -0.469 -0.624
73.907 51.475 46.904 -0.096 -0.353 -0.931
72.692 51.239 46.517 0.714 -0.196 -0.673
73.357 54.148 47.048 0.298 -0.234 -0.925
72.846 53.026 46.517 0.639 0.514 -0.572
73.142 53.999 46.99 0.442 -0.135 -0.887
72.687 54.202 46.811 0.214 -0.033 -0.976
72.461 53.197 46.367 0.364 0.637 -0.68
72.319 54.687 46.568 0.459 -0.357 -0.814
71.586 54.614 46.365 0.093 -0.393 -0.915
71.842 53.136 46.196 -0.078 0.593 -0.802
71.325 54.628 46.307 0.267 -0.402 -0.876
72.973 54.467 46.906 0.357 0.099 -0.929
72.606 54.952 46.663 0.602 -0.224 -0.766
73.226 54.512 46.983 0.189 0.07 -0.98
73.732 55.312 47.811 0.611 0.737 -0.289
73.257 55.982 47.728 0.928 0.291 -0.234
73.624 55.497 47.972 0.683 0.614 -0.396
73.587 55.744 48.519 0.664 0.738 -0.123
73.219 56.229 48.275 0.909 0.414 0.04
73.517 57.557 49.118 0.711 -0.471 -0.522
73.502 57.591 49.071 0.701 -0.447 -0.555
73.203 56.268 48.219 0.901 0.434 0.012
73.254 57.486 48.726 0.867 -0.378 -0.326
73.25 57.494 48.708 0.864 -0.372 -0.341
73.198 56.278 48.197 0.899 0.439 0.001
73.114 56.505 48.083 0.955 0.288 0.076
73.724 55.52 49.301 0.732 0.626 0.268
73.632 57.368 49.778 0.794 -0.606 -0.05
73.514 56.978 50.221 0.872 -0.346 -0.345
73.995 58.166 51.327 0.881 -0.019 -0.473
73.87 58.179 50.219 0.964 -0.027 0.265
74.123 58.314 51.509 0.796 -0.118 -0.594
73.929 59.026 51.49 0.634 0.475 -0.61
73.66 58.951 50.199 0.814 0.525 0.251
73.746 59.08 51.303 0.756 0.439 -0.485
72.874 60.036 55.215 0.202 0.656 -0.728
72.773 59.812 53.331 0.27 0.805 0.529
72.26 60.13 53.338 0.612 0.593 0.524
75.713 59.251 56.66 -0.276 0.064 -0.959
73.898 59.228 55.745 0.934 0.079 -0.349
76.261 60.126 56.069 -0.641 -0.519 -0.565
74.672 59.883 56.474 0.24 0.327 -0.914
75.169 60.065 56.532 -0.203 0.164 -0.965
75.943 60.928 56.272 -0.906 0.149 -0.396
73.553 60.099 55.966 0.687 0.701 -0.192
74.97 60.445 56.944 -0.258 0.47 -0.844
74.549 60.733 57.452 -0.559 0.676 -0.481
73.132 60.387 56.474 0.386 0.906 0.171
73.391 61.064 58.027 0.213 0.455 -0.864
74.958 61.13 57.994 -0.266 0.959 -0.094
73.841 61.501 58.624 0.478 0.712 -0.514
76.017 62.26 58.024 -0.972 0.206 -0.114
76.037 62.395 58.272 -0.962 0.273 0.01
73.86 61.626 58.854 0.489 0.786 -0.378
75.18 62.606 59.653 -0.391 0.133 -0.911
75.05 62.713 59.738 -0.483 0.209 -0.85
73.717 61.744 58.948 0.405 0.855 -0.323
75.113 63.332 59.702 -0.525 -0.204 -0.826
75.206 62.688 59.657 -0.372 0.191 -0.908
75.297 63.302 59.606 -0.433 -0.218 -0.874
76.067 62.492 58.276 -0.947 0.322 0.012
76.082 62.534 58.259 -0.94 0.342 0.004
75.311 63.344 59.589 -0.426 -0.198 -0.883
76.134 63.032 57.924 -0.974 0.01 0.227
76.275 63.655 57.855 -0.873 0.455 0.177
75.479 64.08 59.507 -0.342 0.171 -0.924
76.02 64.25 59.185 -0.703 0.058 -0.709
76.051 65.358 59.82 -0.687 0.612 -0.392
75.51 65.189 60.142 -0.326 0.725 -0.607
75.31 65.266 60.302 -0.193 0.674 -0.713
74.37 64.709 61.238 -0.975 0.21 0.067
74.303 64.473 61.346 -0.93 0.367 -0.005
73.564 64.476 62.571 -0.438 0.365 -0.821
74.886 65.329 61.659 -0.546 0.727 0.417
74.08 65.096 62.992 -0.008 0.882 -0.471
75.137 65.588 62.931 -0.712 0.554 -0.431
75.092 65.73 63.712 -0.745 0.655 0.127
74.039 65.227 63.71 -0.043 0.991 0.128
75.216 66.526 64.723 -0.828 0.125 -0.547
75.063 66.439 65.009 -0.937 0.062 -0.343
73.898 65.147 63.973 -0.16 0.924 0.347
74.232 65.446 65.354 -0.383 0.724 -0.573
73.636 65.096 65.533 -0.682 0.549 -0.483
73.434 64.875 64.113 -0.547 0.697 0.463
73.561 64.901 65.367 -0.632 0.68 -0.372
75.254 66.83 66.178 -0.801 0.341 0.492
74.458 65.909 66.738 -0.27 0.955 0.119
74.558 65.931 66.984 -0.337 0.94 -0.046
74.399 65.242 68.003 -0.47 0.366 0.803
74.253 65.023 68.047 -0.373 0.512 0.774
74.495 64.54 69.416 -0.534 0.834 -0.139
74.262 64.348 69.395 -0.701 0.697 -0.153
73.977 64.795 68.023 -0.511 0.399 0.762
73.852 64.28 68.39 -0.428 0.742 0.517
73.26 64.069 67.893 -0.724 0.636 0.268
73.385 64.584 67.526 -0.807 0.293 0.513
73.085 63.879 67.962 -0.607 0.763 0.222
72.805 63.539 67.389 -0.84 0.48 -0.255
73.026 64.147 66.79 -0.987 0.074 0.145
72.901 63.632 67.157 -0.903 0.417 -0.1
72.799 62.372 67.945 -0.845 -0.492 0.208
72.892 62.132 67.871 -0.907 -0.332 0.257
72.842 61.546 68.982 -0.874 0.059 -0.483
73.02 61.14 68.805 -0.725 -0.279 -0.63
73.122 61.611 67.644 -0.792 -0.593 0.144
73.416 60.653 67.646 -0.989 0.046 0.142
73.5 60.676 66.731 -0.947 0.058 -0.315
73.205 61.635 66.729 -0.751 -0.581 -0.314
73.508 61.191 66.42 -0.952 -0.285 -0.108
73.63 60.508 66.421 -0.882 -0.026 -0.47
73.618 61.049 66.158 -0.874 -0.386 -0.295
73.422 59.937 64.866 -0.744 0.355 0.566
73.624 60.475 66.434 -0.885 -0.043 -0.464
73.417 59.906 64.878 -0.747 0.337 0.573
73.357 59.468 65.252 -0.707 0.629 0.324
73.021 61.123 68.812 -0.724 -0.293 -0.624
73.417 60.63 67.656 -0.989 0.035 0.147
73.187 60.735 68.699 -0.835 -0.034 -0.548
73.419 59.912 68.9 -0.67 -0.622 -0.405
73.691 59.656 67.894 -0.851 -0.452 0.266
73.762 59.415 67.801 -0.898 -0.292 0.328
74.189 59.399 69.334 -0.12 -0.988 -0.095
74.471 58.944 68.2 -0.308 -0.684 0.661
74.603 59.05 68.408 -0.396 -0.755 0.523
74.705 58.976 68.371 -0.344 -0.792 0.504
74.55 58.887 68.172 -0.241 -0.732 0.637
75.595 57.991 68.645 -0.937 -0.135 0.321
74.737 59.034 68.476 -0.328 -0.763 0.557
75.624 58.044 68.743 -0.92 -0.103 0.379
74.303 59.386 69.392 -0.039 -0.998 -0.054
74.518 59.424 69.765 0.115 -0.97 0.213
75.861 58.087 69.153 -0.781 -0.078 0.62
75.052 59.313 69.523 -0.241 -0.896 0.374
76.248 59.849 70.16 0.357 -0.628 0.692
76.973 58.585 69.745 -0.127 0.215 0.968
76.5 59.938 70.145 0.189 -0.687 0.702
77.371 60.468 69.688 0.915 -0.245 0.321
78.014 59.219 69.198 0.486 0.588 0.647
78.181 59.663 68.849 0.375 0.292 0.88
78.303 59.589 68.815 0.436 0.255 0.863
78.128 59.15 69.167 0.553 0.547 0.628
78.571 58.798 69.258 0.258 0.782 0.568
77.615 57.972 69.929 -0.22 0.369 0.903
77.239 58.383 69.79 0.03 0.096 0.995
77.608 57.485 70.253 -0.216 0.694 0.687
77.604 57.484 70.253 -0.218 0.693 0.687
77.236 58.381 69.791 0.028 0.095 0.995
77.319 57.318 70.391 -0.028 0.804 0.595
76.209 56.313 69.319 -0.954 -0.034 -0.299
75.908 57.179 68.509 -0.753 -0.612 0.241
76.183 56.678 68.55 -0.937 -0.278 0.214
76.211 56.302 69.314 -0.952 -0.043 -0.303
76.186 56.665 68.544 -0.935 -0.285 0.21
76.279 56.269 68.965 -0.997 -0.021 -0.07
78.244 55.057 67.962 0.159 -0.734 -0.66
78.3 55.361 67.465 0.122 -0.936 -0.329
78.757 55.427 67.085 -0.183 -0.98 -0.076
78.507 55.545 66.789 -0.33 -0.91 -0.25
78.031 55.489 67.147 -0.012 -0.873 -0.488
77.845 55.112 65.251 0.112 -0.622 0.775
78.976 55.518 66.581 -0.054 -0.927 -0.372
78.237 55.089 65.077 0.439 -0.641 0.63
79.276 55.395 66.73 -0.254 -0.844 -0.472
79.728 55.619 66.404 0.123 -0.658 -0.743
78.69 55.313 64.752 0.815 -0.454 0.359
79.664 56.062 65.666 0.166 -0.954 -0.251
79.7 56.085 65.609 0.183 -0.943 -0.279
78.717 55.33 64.707 0.838 -0.44 0.322
78.946 55.553 64.547 0.686 -0.588 0.428
79.902 56.214 65.398 0.284 -0.878 -0.385
79.134 55.673 64.351 0.796 -0.518 0.313
80.29 56.367 65.112 0.026 -0.981 -0.195
80.475 56.551 64.68 0.158 -0.849 -0.503
79.338 55.875 63.875 0.916 -0.399 0.033
79.467 56.042 63.588 0.83 -0.51 0.225
78.933 55.686 62.78 0.385 -0.806 -0.449
78.7 55.45 62.909 0.541 -0.649 -0.535
78.399 55.302 61.531 0.742 -0.55 0.384
79.198 56.104 62.538 0.606 -0.458 -0.65
78.664 55.72 61.289 0.962 -0.202 0.182
79.56 56.335 60.51 0.365 -0.612 0.702
79.42 55.977 60.067 0.248 -0.91 0.333
78.524 55.362 60.846 0.846 -0.5 -0.187
79.202 55.898 60.066 0.394 -0.857 0.333
80.017 56.368 59.285 0.746 -0.585 -0.32
79.97 56.399 59.06 0.777 -0.606 -0.17
81.997 56.715 58.701 -0.574 -0.816 0.069
81.839 57.079 57.946 -0.686 -0.555 -0.47
79.783 56.831 58.166 0.684 -0.39 -0.616
79.865 57.267 57.804 0.63 -0.68 -0.375
77.622 57.339 57.384 -0.492 -0.645 -0.585
77.54 56.903 57.746 -0.437 -0.354 -0.827
76.619 57.551 57.394 0.177 -0.786 -0.592
77.772 58.076 56.822 -0.417 -0.276 -0.866
76.77 58.288 56.832 0.252 -0.418 -0.873
77.343 58.486 56.76 -0.13 -0.55 -0.825
77.322 58.537 56.731 -0.142 -0.52 -0.842
76.747 58.342 56.801 0.241 -0.391 -0.888
77.4 58.99 56.271 -0.194 -0.822 -0.535
76.407 59.864 56.117 -0.691 -0.385 -0.612
75.754 59.217 56.647 -0.256 0.047 -0.966
76.292 60.099 56.059 -0.615 -0.542 -0.574
76.916 61.553 55.793 -0.436 0.46 -0.774
76.689 61.413 55.807 -0.284 0.553 -0.783
77.061 62.657 55.833 -0.533 -0.276 -0.8
76.581 62.788 56.408 -0.932 -0.166 -0.321
76.209 61.545 56.382 -0.684 0.663 -0.304
76.38 62.787 56.796 -0.798 -0.165 -0.579
76.272 62.735 56.991 -0.875 -0.202 -0.44
76.11 61.497 56.562 -0.767 0.623 -0.154
76.172 61.661 56.764 -0.808 0.514 -0.288
76.043 61.505 56.898 -0.873 0.435 -0.221
76.009 61.375 56.667 -0.85 0.522 -0.067
75.043 60.932 57.373 -0.206 0.818 -0.538
76.063 61.613 57.08 -0.862 0.489 -0.131
75.06 61.023 57.526 -0.193 0.883 -0.428
76.181 62.694 57.258 -0.94 -0.232 -0.249
76.142 62.742 57.392 -0.968 -0.197 -0.154
75.021 61.07 57.66 -0.221 0.917 -0.333
76.091 62.19 57.629 -0.935 0.17 -0.312
77.688 64.177 56.633 -0.01 0.991 -0.134
77.582 64.295 57.04 0.061 0.912 -0.405
78.802 65.741 55.448 -0.753 -0.051 0.656
79.553 65.643 55.977 -0.377 -0.1 0.921
78.217 64.213 57.487 0.514 0.853 -0.086
79.448 64.291 58.129 -0.307 0.801 -0.514
79.349 64.35 58.311 -0.378 0.843 -0.383
78.118 64.271 57.67 0.443 0.895 0.045
78.201 64.98 58.965 0.388 0.423 -0.819
79.559 64.495 58.526 -0.228 0.946 -0.23
78.45 65.151 59.219 0.512 0.509 -0.692
79.856 65.388 59.433 -0.425 0.35 -0.835
79.705 65.988 60.137 -0.533 0.779 -0.331
78.271 65.861 60.053 0.423 0.863 -0.275
78.202 65.993 60.275 0.469 0.775 -0.423
77.172 66.027 61.324 -0.389 0.803 0.451
76.947 65.904 61.402 -0.239 0.885 0.399
76.354 65.981 62.794 0.157 0.834 -0.529
76.222 65.963 62.74 0.063 0.821 -0.567
76.792 65.883 61.338 -0.317 0.874 0.368
76.251 65.714 61.66 0.044 0.987 0.153
75.807 65.65 60.883 -0.178 0.955 -0.236
76.348 65.819 60.56 -0.538 0.842 -0.021
75.541 65.624 60.878 -0 0.972 -0.233
75.455 65.574 61.719 -0.354 0.917 0.182
75.267 65.565 61.528 -0.228 0.923 0.309
75.55 65.845 62.789 -0.417 0.737 -0.532
77.586 65.987 61.547 -0.044 0.77 0.637
76.803 65.937 63.036 0.478 0.803 -0.356
77.211 66.185 63.615 0.206 0.638 -0.742
76.718 66.433 63.822 -0.068 0.776 -0.627
76.367 66.157 63.219 0.166 0.96 -0.225
76.491 66.953 64.23 0.083 0.429 -0.899
77.93 66.462 64.801 0.605 0.792 -0.083
77.564 66.979 65.097 0.849 0.448 -0.28
78.547 66.178 64.688 0.194 0.981 -0.008
78.645 65.868 65.532 0.264 0.759 0.595
77.662 66.668 65.941 0.919 0.226 0.323
78.041 66.111 65.755 0.667 0.597 0.447
77.227 65.453 66.659 0.214 0.231 0.949
76.941 66.085 66.741 0.405 -0.191 0.894
76.456 65.027 67.404 0.728 0.515 0.452
75.917 65.415 67.573 0.459 0.708 0.536
76.486 66.413 66.883 0.079 0.043 0.996
75.693 65.547 67.634 0.608 0.62 0.496
75.742 65.15 67.956 0.372 0.576 0.728
75.557 65.341 67.932 0.495 0.449 0.744
75.753 64.648 69.339 0.364 0.911 -0.194
75.788 65.13 67.948 0.394 0.566 0.724
75.791 64.631 69.332 0.392 0.898 -0.198
76.067 64.528 68.811 0.208 0.967 0.149
76.575 64.223 69.217 0.462 0.814 0.351
76.221 64.373 69.675 0.698 0.714 0.046
76.438 64.227 70.026 0.554 0.811 -0.188
74.923 62.95 71.041 -0.709 -0.253 0.658
74.575 62.985 70.778 -0.477 -0.277 0.834
73.877 61.962 70.658 -0.011 0.405 0.914
73.215 62.458 69.694 -0.563 0.819 0.111
73.856 63.525 69.731 -0.99 0.108 0.086
73.172 63.285 68.657 -0.534 0.268 0.802
73.25 63.62 68.527 -0.469 0.548 0.693
73.942 63.889 69.589 -0.93 0.368 -0.015
73.473 63.737 68.62 -0.617 0.47 0.631
75.209 62.623 71.102 -0.47 -0.526 0.709
74.163 61.635 70.719 0.227 0.133 0.965
74.428 61.291 70.77 0.051 0.363 0.931
75.406 62.506 71.115 -0.306 -0.623 0.72
74.642 61.164 70.784 0.203 0.272 0.941
75.199 61.371 70.729 -0.168 0.134 0.977
76.802 62.725 70.57 0.857 -0.441 0.266
76.993 61.652 70.029 0.73 0.274 0.626
77.043 62.291 69.917 0.697 -0.152 0.701
77.56 62.044 68.738 0.955 -0.275 0.112
77.51 61.405 68.85 0.988 0.151 0.037
78.323 60.537 68.127 0.446 0.729 0.519
78.297 60.204 68.498 0.433 0.563 0.704
77.484 61.072 69.221 0.975 -0.016 0.222
77.461 60.889 69.415 0.99 0.106 0.093
77.6 62.152 68.523 0.975 -0.222 0.005
78.364 60.645 67.913 0.466 0.783 0.412
78.307 61.37 67.316 0.504 0.3 0.81
78.581 61.256 67.151 0.642 0.243 0.728
78.638 60.531 67.748 0.604 0.726 0.33
79.069 60.514 67.346 0.316 0.737 0.597
79.463 59.481 67.811 0.513 0.221 0.83
79.031 59.498 68.213 0.8 0.209 0.562
79.299 58.707 68.656 0.622 0.737 0.267
79.514 59.445 67.788 0.539 0.202 0.818
79.351 58.671 68.633 0.647 0.718 0.255
79.898 58.986 67.794 0.282 0.508 0.814
80.325 58.395 67.851 0.496 0.212 0.842
79.778 58.08 68.689 0.861 0.423 0.283
80.131 57.954 68.223 0.625 0.506 0.594
80.168 56.721 68.456 0.647 -0.219 0.73
79.818 56.753 68.939 0.881 -0.24 0.408
79.655 56.352 69.333 0.989 0.027 0.146
80.172 56.648 68.427 0.65 -0.262 0.714
79.66 56.278 69.304 0.992 -0.016 0.129
79.7 55.924 69.282 0.965 0.22 0.144
78.562 54.882 68.196 0.017 -0.648 -0.761
78.3 55.032 68.006 0.192 -0.749 -0.635
79.139 55.297 67.188 -0.368 -0.925 -0.09
79.103 55.316 67.157 -0.398 -0.91 -0.116
78.256 55.055 67.968 0.166 -0.736 -0.657
78.769 55.424 67.091 -0.176 -0.982 -0.072
79.703 55.915 69.276 0.967 0.213 0.139
80.28 56.331 68.268 0.582 -0.065 0.81
80.176 56.637 68.42 0.652 -0.268 0.709
80.732 56.946 67.531 0.979 -0.086 0.187
80.745 56.59 67.525 0.97 0.151 0.191
80.971 57.311 67.106 0.819 -0.329 0.47
80.957 56.839 66.457 0.812 -0.565 0.145
80.734 56.223 67.019 0.961 -0.154 -0.23
81.181 56.896 66.007 0.662 -0.603 0.444
80.554 56.373 65.422 0.214 -0.976 0.026
80.156 55.741 66.481 0.479 -0.555 -0.68
80.214 56.22 65.764 0.441 -0.875 -0.202
80.558 59.273 65.27 0.612 0.651 -0.448
80.844 58.951 65.005 0.421 0.865 -0.271
80.013 60.189 64.924 0.975 0.04 -0.217
79.626 59.852 64.196 0.747 -0.158 -0.645
80.492 58.645 64.344 0.17 0.646 -0.744
79.358 59.382 62.711 0.926 0.155 0.345
79.345 58.48 62.339 0.918 -0.375 0.126
80.48 57.826 64.006 0.162 0.061 -0.985
79.472 57.216 62.967 0.834 0.468 -0.292
79.304 58.357 62.109 0.894 -0.447 -0.009
79.438 57.113 62.774 0.805 0.382 -0.453
79.69 57.654 60.94 0.637 0.021 0.77
79.696 56.881 60.751 0.64 -0.365 0.676
79.442 56.512 62.628 0.809 -0.119 -0.575
79.804 56.742 60.6 0.568 -0.272 0.777
80.151 57.267 60.33 0.868 -0.172 0.466
80.158 57.042 60.273 0.864 -0.022 0.504
82.15 57.447 59.774 -0.464 -0.293 0.836
80.057 58.449 60.175 0.821 0.419 0.388
82.07 58.446 59.643 -0.521 0.421 0.742
80.139 58.885 59.813 0.766 0.128 0.629
80.165 59.025 59.742 0.78 0.198 0.594
82.093 58.564 59.583 -0.505 0.505 0.7
81.461 59.617 59.168 -0.084 -0.197 0.977
81.651 59.741 59.19 0.052 -0.109 0.993
82.283 58.687 59.606 -0.369 0.593 0.715
82.256 59.313 59.299 -0.351 0.176 0.92
83.882 59.056 59.143 0.552 0.033 0.833
83.723 58.46 59.467 0.659 0.431 0.617
84.387 59.508 58.984 0.216 -0.268 0.939
84.852 58.901 58.307 0.548 -0.702 0.455
84.188 57.853 58.79 0.991 -0.003 0.133
84.408 58.37 58.378 0.844 -0.348 0.408
81.781 57.63 57.259 -0.615 -0.759 -0.214
81.863 57.198 57.8 -0.669 -0.471 -0.575
79.893 57.407 57.631 0.644 -0.61 -0.462
81.578 58.346 56.594 -0.728 -0.361 -0.583
79.681 58.158 56.934 0.537 -0.235 -0.81
80.857 59.167 56.226 -0.247 -0.908 -0.338
80.625 59.321 56.06 -0.363 -0.832 -0.421
79.449 58.311 56.768 0.421 -0.158 -0.893
79.523 59.325 56.04 0.372 -0.834 -0.408
78.787 59.316 55.882 -0.154 -0.84 -0.521
78.577 58.301 56.581 -0.014 -0.163 -0.986
78.227 59.161 56.061 0.219 -0.736 -0.64
77.465 58.976 56.269 -0.161 -0.829 -0.536
77.816 58.117 56.789 -0.395 -0.256 -0.882
77.383 58.524 56.73 -0.106 -0.527 -0.843
78.648 60.944 55.334 -0.253 0.323 -0.912
78.062 61.087 55.412 0.137 0.227 -0.964
78.987 61.462 55.282 -0.479 -0.023 -0.877
78.826 61.91 55.429 -0.56 0.201 -0.804
77.901 61.535 55.559 0.057 0.451 -0.891
77.827 62.643 55.651 0.106 -0.288 -0.952
79.082 62.296 55.414 -0.432 0.394 -0.811
78.026 62.943 55.639 0.272 -0.037 -0.962
79.237 64.154 54.17 -0.535 -0.845 0.018
80.413 62.014 55.16 0.234 0.253 -0.939
80.568 63.872 53.916 0.131 -0.985 -0.11
81.015 61.79 55.101 -0.167 0.403 -0.9
81.63 62.964 56.932 0.14 0.99 0.016
81.183 65.046 55.747 0.438 -0.398 0.806
81.028 63.189 56.99 0.542 0.84 -0.023
80.955 63.234 57.05 0.505 0.863 0.006
81.11 65.092 55.806 0.401 -0.375 0.835
80.763 63.826 57.984 0.632 0.469 -0.617
80.751 63.875 58.011 0.624 0.503 -0.598
81.095 65.15 55.837 0.394 -0.347 0.851
81.416 65.605 56.006 0.181 -0.65 0.738
82.39 65.591 54.757 0.754 -0.657 0.003
82.143 65.136 54.493 0.918 -0.354 0.179
82.764 65.841 54.373 0.504 -0.824 0.259
82.676 65.761 53.444 0.46 -0.864 -0.205
82.055 65.056 53.564 0.874 -0.394 -0.285
82.626 65.739 52.853 0.493 -0.849 0.189
82.625 65.738 52.851 0.493 -0.85 0.188
82.054 65.055 53.563 0.873 -0.394 -0.286
82.244 65.321 52.623 0.747 -0.572 0.34
81.69 64.746 52.348 0.469 -0.859 0.202
81.5 64.48 53.287 0.596 -0.682 -0.424
81.315 64.495 52.732 0.72 -0.692 -0.054
78.775 66.747 52.856 -0.774 0.633 0.02
78.768 66.902 53.421 -0.77 0.529 -0.357
78.958 67.168 52.482 -0.896 0.352 0.269
79.478 67.774 52.759 -0.636 0.655 0.408
79.288 67.507 53.698 -0.51 0.832 -0.218
79.859 68.191 52.987 -0.89 0.377 0.256
79.863 68.195 52.995 -0.888 0.379 0.26
79.292 67.512 53.706 -0.508 0.835 -0.214
79.913 68.217 53.586 -0.922 0.364 -0.134
80.036 68.267 54.515 -0.86 0.389 0.33
79.415 67.562 54.635 -0.446 0.859 0.25
79.853 67.847 54.888 -0.739 0.669 0.081
80.54 66.223 56.277 -0.335 -0.286 0.898
80.153 65.815 56.129 -0.077 -0.014 0.997
79.955 64.437 58.257 0.055 0.905 -0.422
80.277 64.317 57.52 0.542 0.829 -0.14
80.637 65.352 56.322 0.209 -0.129 0.969
80.543 68.499 55.083 -0.607 0.505 0.614
80.325 68.063 55.416 -0.461 0.796 0.391
81.107 69.116 55.767 -0.983 0.094 0.158
81.387 68.64 56.488 -0.843 -0.144 0.519
80.585 67.62 56.087 -0.308 0.536 0.786
81.466 68.408 56.598 -0.895 0.01 0.446
82.407 67.455 56.796 -0.11 -0.784 0.611
81.711 66.481 56.325 0.354 -0.134 0.926
83.432 67.124 57.367 -0.794 -0.563 0.23
84.056 66.652 56.682 -0.348 -0.901 -0.259
82.397 65.961 55.57 0.758 -0.44 0.482
83.955 66.726 56.094 -0.281 -0.95 0.133
84.126 66.674 55.648 -0.196 -0.976 -0.091
82.555 65.912 55.155 0.851 -0.469 0.238
82.942 66.186 54.802 0.593 -0.651 0.473
84.66 66.958 54.737 0.071 -0.835 -0.546
83.477 66.47 53.891 0.86 -0.51 0.018
84.901 67.016 54.634 -0.089 -0.874 -0.478
84.972 67.188 54.39 -0.03 -0.731 -0.682
83.568 66.69 53.576 0.906 -0.399 -0.139
84.117 67.338 53.165 0.54 -0.831 0.135
84.031 67.264 52.932 0.497 -0.868 0.019
83.482 66.617 53.344 0.863 -0.436 -0.256
83.431 66.594 52.752 0.896 -0.421 0.139
84.062 67.439 52.176 0.512 -0.78 -0.359
83.463 66.77 51.996 0.912 -0.334 -0.239
83.717 67.268 51.75 0.742 -0.666 -0.075
83.086 67.226 50.821 0.371 -0.69 -0.621
82.784 66.725 50.998 0.572 -0.356 -0.739
82.184 66.237 50.237 0.972 -0.031 -0.232
82.191 66.064 50.34 0.976 -0.132 -0.171
82.791 66.539 51.109 0.576 -0.449 -0.683
82.411 66.123 50.881 0.83 -0.171 -0.531
80.553 64.599 50.812 0.013 -0.994 0.106
80.649 64.546 51.388 -0.051 -0.959 -0.278
80.347 64.31 51.839 0.151 -0.801 -0.579
80.525 64.598 50.806 -0.004 -0.995 0.103
80.319 64.309 51.833 0.134 -0.802 -0.582
80.22 64.538 50.629 0.199 -0.955 0.22
78.831 65.771 50.698 -0.958 0.072 0.277
78.658 65.782 51.915 -0.843 0.065 -0.534
78.865 66.072 50.887 -0.98 -0.128 0.151
78.862 66.098 50.894 -0.982 -0.112 0.155
78.656 65.809 51.922 -0.844 0.08 -0.53
78.83 66.159 51.476 -0.96 -0.153 -0.233
80.097 67.922 50.442 -0.255 0.96 -0.111
80.158 68.121 50.99 -0.296 0.828 -0.476
80.539 68.537 51.218 -0.55 0.55 -0.628
80.249 67.94 50.34 -0.166 0.971 -0.171
80.702 68.557 51.108 -0.468 0.56 -0.684
81.151 68.929 50.924 -0.767 0.311 -0.561
81.169 69.512 51.886 -0.757 0.654 0.005
80.722 69.183 52.143 -0.459 0.873 -0.166
81.321 69.853 52.323 -0.858 0.427 -0.286
81.197 69.761 53.079 -0.92 0.381 0.092
80.598 69.091 52.899 -0.521 0.827 0.212
80.648 69.113 53.49 -0.554 0.812 -0.182
81.446 69.928 53.675 -0.795 0.464 0.39
80.897 69.281 54.086 -0.429 0.896 0.115
81.462 69.897 54.77 -0.806 0.485 -0.341
81.464 69.956 53.675 -0.787 0.479 0.39
81.479 69.926 54.771 -0.797 0.499 -0.34
81.604 70.485 54.947 -0.88 0.126 -0.458
81.855 70.365 56.585 -0.701 0.041 0.712
81.776 69.784 56.709 -0.648 0.429 0.629
82.157 70.645 57.044 -0.902 -0.145 0.406
82.729 70.172 57.609 -0.616 -0.381 0.689
82.348 69.311 57.275 -0.362 0.192 0.912
83.294 69.659 58.812 -0.993 -0.04 -0.112
83.338 69.346 58.862 -0.962 -0.264 -0.077
82.4 68.941 57.334 -0.336 0.007 0.942
83.24 68.657 58.151 -0.897 0.196 0.397
83.199 68.387 58.112 -0.93 -0.029 0.365
82.348 68.594 57.285 -0.363 -0.167 0.917
82.213 68.373 57.217 -0.273 -0.019 0.962
83.336 67.797 57.972 -0.817 -0.52 0.248
82.349 67.783 57.077 -0.159 -0.511 0.845
83.368 67.48 57.672 -0.839 -0.309 0.448
84.848 67.777 58.534 0.444 -0.538 0.717
85.012 67.458 58.283 0.335 -0.325 0.884
87.006 67.081 59.713 -0.995 -0.074 -0.069
87.129 66.746 59.459 -0.893 -0.353 -0.28
85.145 67.094 58.008 0.43 -0.585 0.688
87.047 65.407 59.16 -0.838 0.54 -0.081
85.66 66.922 57.722 0.673 -0.618 0.407
87.103 65.642 58.596 -0.689 0.591 -0.419
87.61 65.457 58.304 -0.436 0.575 -0.692
85.708 67.144 57.152 0.832 -0.549 0.076
87.891 66.79 58.34 -0.623 -0.314 -0.716
87.998 66.966 58.193 -0.57 -0.225 -0.79
85.798 67.293 57.027 0.896 -0.443 -0.013
87.702 67.95 57.442 -0.373 -0.882 -0.29
87.702 67.951 57.439 -0.372 -0.881 -0.293
85.798 67.294 57.023 0.897 -0.442 -0.016
86.018 67.486 56.498 0.75 -0.571 0.334
88.047 68.557 56.683 -0.085 -0.376 -0.923
86.461 68.265 55.526 0.972 -0.181 -0.152
86.725 68.862 55.561 0.796 -0.579 -0.175
85.93 69.291 54.228 0.398 -0.365 -0.842
85.666 68.694 54.193 0.574 0.033 -0.818
85.031 68.853 52.935 0.997 -0.073 0.02
84.992 68.578 52.92 0.977 -0.211 0.013
85.627 68.418 54.178 0.554 -0.104 -0.826
85.653 68.152 54.2 0.537 0.073 -0.84
85.921 69.66 54.109 0.394 -0.181 -0.901
85.023 69.222 52.816 0.993 0.111 -0.039
85.989 69.914 54.061 0.349 -0.35 -0.869
85.988 69.919 54.059 0.349 -0.346 -0.871
85.022 69.228 52.813 0.993 0.114 -0.041
86.201 70.867 52.726 0.207 -0.978 0.018
85.104 71.776 51.653 -0.576 -0.329 -0.748
83.725 70.304 51.544 0.344 0.652 -0.675
84.511 72.122 51.744 -0.181 -0.56 -0.809
83.195 72.628 52.66 -0.912 -0.278 -0.3
82.345 70.834 52.504 -0.346 0.918 -0.196
82.933 72.204 53.222 -0.738 0.004 -0.674
82.593 72.002 53.98 -0.981 -0.14 -0.133
81.943 70.595 53.401 -0.547 0.798 0.253
82.008 71.024 54.715 -0.591 0.512 -0.624
82.589 72.018 53.998 -0.984 -0.128 -0.12
82.004 71.041 54.733 -0.594 0.523 -0.61
82.384 72.03 54.586 -0.848 -0.136 -0.512
82.123 72.176 56.004 -0.979 -0.062 0.196
81.783 71.165 55.931 -0.752 0.612 0.245
82.072 71.591 56.27 -0.945 0.328 0.019
83.572 72.728 57.498 -0.254 0.213 0.943
83.521 72.143 57.763 -0.22 0.604 0.766
84.561 72.478 58.696 -0.914 0.38 0.144
84.542 72.407 58.744 -0.927 0.329 0.179
83.498 72.058 57.82 -0.231 0.561 0.794
83.566 71.873 58.001 -0.277 0.685 0.674
83.087 71.009 58.074 -0.677 -0.035 0.735
82.881 70.947 57.914 -0.54 0.006 0.842
83.423 70.314 59.069 -0.901 0.428 0.072
83.566 71.518 58.246 -0.278 0.389 0.878
83.943 70.868 59.256 -0.529 0.823 0.205
84.541 72.022 59.01 -0.928 0.054 0.369
84.854 71.961 59.488 -0.704 0.011 0.71
84.257 70.807 59.734 -0.305 0.78 0.546
84.725 71.288 59.596 -0.618 0.459 0.638
85.25 70.834 60.107 -0.326 0.207 0.922
84.721 70.405 60.186 0.027 0.493 0.87
85.413 70.075 62.315 -0.435 0.713 -0.549
84.866 69.637 62.407 -0.709 0.494 -0.504
84.259 70.035 60.264 -0.304 0.229 0.925
84.691 69.516 62.499 -0.592 0.575 -0.565
84.56 68.653 62.339 -0.701 -0.144 -0.698
84.116 69.098 60.09 -0.405 -0.441 0.801
84.697 68.527 62.201 -0.793 -0.06 -0.606
85.39 67.882 61.797 -0.447 -0.383 -0.809
84.701 68.552 59.749 0.012 -0.83 0.557
85.808 67.93 61.407 -0.725 -0.416 -0.549
86.257 67.822 61.051 -0.501 -0.47 -0.727
85.081 68.461 59.448 0.283 -0.896 0.342
87.002 67.146 59.869 -0.998 -0.02 0.061
87.004 67.103 59.73 -0.997 -0.056 -0.054
85.082 68.413 59.297 0.284 -0.93 0.234
84.846 67.798 58.552 0.442 -0.52 0.731
85.838 67.932 58.505 -0.218 -0.625 0.75
86.678 67.66 58.964 -0.778 -0.444 0.444
86.634 67.083 61.616 -0.313 -0.84 -0.444
87.295 66.571 60.308 -0.754 -0.499 0.428
87.228 65.217 60.082 -0.709 0.404 0.578
86.84 66.898 61.912 -0.209 -0.932 -0.296
87.402 65.061 60.333 -0.584 0.293 0.757
87.413 65.204 62.642 -0.591 0.197 -0.782
87.54 64.189 62.684 -0.516 -0.4 -0.758
87.518 64.138 60.371 -0.501 -0.366 0.784
87.958 64.087 62.311 -0.794 -0.332 -0.509
88.895 63.385 62.022 -0.325 -0.683 -0.654
88.31 63.545 60.127 0.064 -0.79 0.61
89.866 62.366 61.389 -0.973 -0.004 -0.232
90.096 62.18 60.943 -0.781 -0.158 -0.604
88.56 63.344 59.642 0.243 -0.934 0.263
89.24 63.321 59.532 -0.21 -0.918 0.336
88.892 63.466 58.262 -0.403 -0.837 -0.369
88.252 63.473 58.518 0.023 -0.842 -0.54
89.287 63.328 57.711 -0.667 -0.745 -0.002
88.962 64.136 57.149 -0.899 -0.168 -0.404
87.927 64.28 57.955 -0.209 -0.265 -0.941
88.524 64.379 57.627 -0.608 -0.33 -0.722
88.299 65.68 57.927 -0.733 0.393 -0.555
87.727 65.433 58.221 -0.352 0.558 -0.751
88.03 66.762 58.242 -0.554 -0.328 -0.765
88.593 65.813 57.71 -0.57 0.467 -0.676
88.338 66.901 58.014 -0.4 -0.258 -0.879
88.772 66.547 57.781 -0.69 -0.023 -0.724
88.791 66.582 57.763 -0.676 0.002 -0.737
88.36 66.942 57.993 -0.389 -0.238 -0.89
87.984 67.931 57.287 -0.138 -0.897 -0.419
89.592 66.981 57.461 -0.104 0.287 -0.952
88.721 68.299 57.009 0.476 -0.591 -0.651
88.964 68.342 57.112 0.314 -0.62 -0.719
88.361 69.246 56.578 0.012 -0.168 -0.986
88.251 69.002 56.594 0.085 -0.005 -0.996
86.988 69.434 55.447 0.927 -0.293 -0.232
88.206 70.885 57.039 -0.065 0.652 -0.755
86.834 71.074 55.908 0.85 0.526 -0.001
87.094 70.893 56.435 0.677 0.647 -0.352
86.903 71.129 56.633 0.54 0.815 -0.211
86.607 71.353 56.143 0.737 0.666 0.116
86.744 72.142 57.443 0.646 0.14 -0.751
86.686 72.208 57.41 0.604 0.187 -0.774
86.539 71.431 56.104 0.703 0.705 0.096
86.114 72.606 56.026 0.986 -0.079 0.148
86.1 72.595 55.599 0.974 -0.088 -0.208
86.521 71.417 55.554 0.694 0.698 -0.178
86.069 72.394 55.426 0.995 0.046 -0.093
86.057 72.373 55.315 0.988 0.036 -0.148
86.508 71.396 55.444 0.687 0.688 -0.234
86.697 72.328 53.856 0.561 0.066 0.825
86.937 71.605 53.415 0.733 -0.451 0.51
86.792 70.54 54.922 0.829 0.259 -0.495
86.666 70.598 54.693 0.913 0.22 -0.342
86.044 72.52 55.304 0.982 0.109 -0.154
86.686 72.452 53.846 0.554 0.155 0.818
86.08 72.693 55.504 0.958 -0.006 -0.287
86.08 72.693 55.504 0.958 -0.005 -0.287
86.686 72.453 53.846 0.554 0.155 0.818
86.299 72.887 54.222 0.812 -0.134 0.568
86.441 73.173 54.015 0.891 0.025 0.453
86.812 72.706 53.664 0.644 0.336 0.688
86.448 73.799 54.328 0.886 -0.393 0.245
86.498 74.353 53.443 0.922 0.003 -0.387
86.862 73.26 52.779 0.679 0.732 0.056
86.497 73.799 53.016 0.922 0.372 -0.102
83.862 74.707 54.137 -0.961 0.255 0.108
83.519 74.198 53.8 -0.732 0.594 0.333
83.132 73.894 54.861 -0.474 0.797 -0.375
82.689 73.188 54.48 -0.695 0.443 -0.566
83.097 73.524 53.435 -0.967 0.219 0.131
82.847 72.997 53.908 -0.8 0.571 -0.184
85.567 74.688 55.295 0.257 0.242 0.936
85.151 73.872 56.232 0.535 0.785 0.311
85.385 73.745 56.226 0.379 0.87 0.314
85.38 73.563 56.552 0.374 0.719 0.586
85.143 73.639 56.651 0.531 0.669 0.52
85.888 73.248 57.98 0.035 0.93 -0.367
86.321 73.704 54.536 0.795 -0.461 0.394
86.079 72.839 55.528 0.957 0.116 -0.268
86.297 73.066 54.251 0.811 -0.035 0.584
86.955 71.103 56.675 0.577 0.797 -0.18
86.796 72.116 57.485 0.683 0.121 -0.72
88.041 71.134 57.324 -0.147 0.776 -0.613
88.169 71.273 57.496 -0.083 0.846 -0.527
86.904 72.234 57.631 0.76 0.205 -0.617
88.422 71.351 57.536 -0.252 0.794 -0.553
88.63 71.588 58.321 -0.079 0.992 0.101
87.129 72.491 58.483 0.921 0.39 -0.008
88.436 71.578 58.505 0.05 0.999 -0.022
88.02 71.168 59.726 -0.158 0.793 0.588
86.778 72.145 59.514 0.67 0.142 0.729
87.426 71.081 59.905 0.238 0.851 0.469
86.954 70.904 60.205 -0.1 0.724 0.683
86.306 71.967 59.814 0.333 0.015 0.943
86.999 70.606 61.775 -0.13 0.922 -0.364
86.762 70.582 61.84 -0.249 0.91 -0.332
86.105 71.946 59.869 0.189 0 0.982
86.138 71.271 60.026 0.167 0.45 0.877
86.046 70.254 61.953 -0.606 0.746 -0.275
85.455 70.958 60.134 -0.212 0.276 0.937
85.628 70.205 62.343 -0.328 0.779 -0.535
87.144 70.641 63.179 -0.057 0.94 0.338
86.726 70.592 63.569 0.221 0.972 0.078
88.021 73.092 64.172 -0.642 -0.695 -0.324
87.252 70.573 63.862 -0.168 0.986 -0.013
88.282 72.621 64.339 -0.859 -0.388 -0.333
87.96 73.084 64.338 -0.678 -0.699 -0.226
86.66 70.583 63.748 0.189 0.968 0.167
87.563 72.453 65.3 -0.413 -0.279 -0.867
87.103 72.286 65.816 -0.796 -0.419 -0.437
86.069 70.368 64.412 -0.107 0.86 0.499
86.205 70.198 64.987 -0.198 0.973 0.116
84.715 68.886 64.952 -0.943 0.318 0.098
84.578 69.056 64.377 -0.852 0.204 0.482
84.588 68.646 65.38 -0.859 0.477 -0.187
84.6 67.538 65.049 -0.85 -0.314 -0.423
84.593 67.744 63.986 -0.845 -0.452 0.286
84.729 67.574 64.561 -0.936 -0.338 -0.098
85.854 66.56 63.994 -0.374 -0.846 -0.381
85.717 66.73 63.419 -0.283 -0.959 0.003
86.757 65.093 63.68 -0.976 0.132 -0.172
87.192 65.215 62.846 -0.721 0.204 -0.663
86.185 66.861 62.521 -0.049 -0.894 -0.446
86.603 66.91 62.131 -0.328 -0.926 -0.186
85.816 66.457 64.351 -0.393 -0.897 -0.203
86.722 64.997 64.012 -0.997 0.076 0.023
85.981 64.886 65.324 -0.502 0.15 -0.851
86.047 64.306 65.325 -0.455 -0.263 -0.851
86.795 64.36 64.013 -0.954 -0.299 0.024
86.448 64.125 65.064 -0.723 -0.142 -0.676
86.728 63.577 65.021 -0.583 -0.416 -0.698
87.055 63.851 63.973 -0.801 -0.598 0.001
87.082 63.61 64.53 -0.819 -0.438 -0.37
88.058 62.99 64.118 -0.331 -0.747 -0.576
87.962 63.275 63.591 -0.267 -0.937 -0.224
88.412 63.104 63.286 -0.567 -0.823 -0.021
88.737 62.7 64.367 0.008 -0.892 -0.451
89.091 62.814 63.535 -0.228 -0.968 0.103
89.307 62.551 64.415 -0.372 -0.793 -0.483
89.424 62.524 64.378 -0.313 -0.806 -0.502
89.208 62.787 63.498 -0.169 -0.982 0.085
90.349 61.857 63.527 -0.93 -0.362 0.065
90.35 61.85 63.287 -0.929 -0.365 -0.055
89.209 62.781 63.258 -0.169 -0.985 -0.035
90.245 61.825 62.643 -0.859 -0.348 0.375
90.138 61.872 62.389 -0.913 -0.324 0.248
89.102 62.828 63.004 -0.222 -0.961 -0.162
90.027 61.933 62.154 -0.839 -0.364 0.405
90.552 62.071 60.551 -0.706 -0.225 -0.672
90.349 62.087 60.724 -0.57 -0.236 -0.787
89.55 63.206 59.263 -0.038 -0.982 0.187
90.736 62.049 60.388 -0.614 -0.236 -0.753
89.725 63.185 59.107 0.06 -0.993 0.1
90.715 62.84 59.619 -0.6 -0.763 -0.241
90.841 62.843 59.374 -0.538 -0.761 -0.363
89.845 63.188 58.874 0.126 -0.992 -0.029
90.131 63.082 58.253 -0.064 -0.921 0.385
91.389 62.791 58.985 -0.264 -0.787 -0.558
90.594 63.038 57.924 0.266 -0.952 0.15
91.613 62.788 58.839 -0.413 -0.786 -0.46
92.456 63.71 58.243 0.289 -0.017 -0.957
91.509 64.04 57.276 0.92 -0.237 -0.313
92.472 63.976 58.219 0.278 -0.194 -0.941
92.087 65.547 58.496 0.085 0.591 -0.802
91.184 65.367 57.511 0.688 0.711 -0.145
90.934 66.509 58.069 0.854 -0.05 -0.518
89.379 66.474 57.445 -0.256 -0.075 -0.964
89.629 65.332 56.886 -0.423 0.687 -0.591
89.278 65.731 57.33 -0.189 0.421 -0.887
92.216 65.85 58.794 0.15 0.742 -0.653
91.043 66.765 58.321 0.932 0.133 -0.338
92.387 65.984 58.949 0.035 0.653 -0.756
92.403 66.16 59.139 0.048 0.8 -0.598
91.06 66.956 58.527 0.944 0.269 -0.191
91.855 67.23 59.6 0.414 0.086 -0.906
91.808 67.366 59.6 0.381 0.183 -0.906
91.013 67.092 58.527 0.911 0.366 -0.191
91.144 68.389 58.647 0.823 -0.498 -0.271
90.718 68.509 58.027 0.468 -0.398 -0.789
90.55 67.222 57.853 0.58 0.459 -0.672
90.524 68.334 57.969 0.598 -0.282 -0.75
89.951 68.324 57.658 0.312 -0.287 -0.906
90.066 67.213 57.59 0.235 0.453 -0.86
89.526 68.616 57.264 0.595 -0.482 -0.643
90.315 68.95 57.731 0.493 0.026 -0.869
89.89 69.243 57.337 0.777 -0.169 -0.607
90.555 68.988 57.841 0.333 0.001 -0.943
90.714 69.759 58.244 0.465 0.644 -0.608
90.093 70.235 57.854 0.879 0.327 -0.348
90.518 69.942 58.248 0.595 0.522 -0.611
89.647 70.835 59.851 0.159 0.969 0.191
89.222 71.128 59.457 0.443 0.774 0.453
89.567 70.861 60.469 0.213 0.952 -0.221
88.614 70.762 60.865 -0.468 0.882 0.062
88.094 71.012 59.927 -0.121 0.715 0.688
87.488 70.949 60.074 0.282 0.757 0.59
88.532 70.703 60.968 -0.526 0.839 0.136
87.406 70.89 60.177 0.224 0.714 0.663
87.535 70.591 61.742 0.138 0.914 -0.381
89.01 70.688 61.518 -0.185 0.828 0.529
88.101 70.573 62.394 0.421 0.905 -0.055
89.12 70.5 62.082 -0.258 0.954 0.153
89.17 70.478 62.249 -0.233 0.943 0.237
88.151 70.551 62.561 0.446 0.895 0.029
88.957 73.009 63.597 -0.092 -0.744 -0.662
87.982 70.912 63.37 -0.04 0.977 -0.207
88.486 72.409 63.972 -0.505 -0.403 -0.763
89.268 72.594 63.852 0.2 -0.802 -0.563
89.457 70.548 62.791 0.04 0.94 0.34
89.951 70.203 62.919 0.157 0.805 0.572
89.683 72.752 64.22 0.335 -0.894 -0.296
89.663 70.011 63.909 0.349 0.933 -0.088
89.061 72.093 64.496 0.815 -0.479 -0.326
89.026 70.649 64.346 0.838 0.497 -0.224
89.754 69.981 64.18 0.394 0.918 0.048
89.768 72.724 64.473 0.385 -0.911 -0.147
89.76 70.964 65.575 0.39 0.262 -0.883
90.027 71.09 65.784 0.582 0.352 -0.733
90.062 72.863 64.703 0.558 -0.83 -0.012
91.93 71.779 65.763 -0.687 -0.107 -0.719
92.268 72.121 65.531 -0.445 0.138 -0.885
90.434 73.24 64.447 0.777 -0.608 -0.162
90.775 73.576 64.102 0.55 -0.832 0.068
87.717 74.993 63.642 -0.979 -0.124 -0.161
87.591 74.556 64.02 -0.895 0.167 -0.413
87.276 74.704 64.488 -0.685 0.068 -0.725
87.46 73.348 64.887 -0.593 -0.609 -0.526
87.762 73.296 64.391 -0.795 -0.575 -0.195
87.288 72.974 65.299 -0.479 -0.36 -0.801
87.308 72.946 65.3 -0.467 -0.376 -0.801
87.782 73.269 64.391 -0.783 -0.591 -0.195
87.413 72.608 65.344 -0.537 -0.15 -0.83
86.821 72.473 66.539 -0.753 -0.654 -0.072
87.006 72.212 66.38 -0.877 -0.48 0.034
86.589 70.887 67.469 -0.599 0.404 -0.692
86.637 70.807 67.389 -0.559 0.337 -0.758
87.054 72.132 66.301 -0.837 -0.547 -0.033
86.143 70 65.611 -0.229 0.875 0.427
86.266 70.414 67.702 -0.867 0.009 -0.498
85.666 69.495 66.012 -0.467 0.622 0.628
85.392 69.161 66.275 -0.284 0.845 0.453
86.181 70.05 68.083 -0.939 -0.294 -0.18
85.299 68.765 66.689 -0.351 0.562 0.749
85.731 68.456 67.784 -0.639 0.769 0.019
85.368 67.935 67.796 -0.942 0.335 0.029
84.904 68.2 66.702 -0.633 0.158 0.758
85.319 67.893 68.147 -0.909 0.363 -0.205
85.46 66.633 67.784 -0.826 -0.378 -0.418
85.033 67.055 66.372 -0.541 -0.659 0.522
85.495 65.347 66.825 -0.849 0.48 0.221
85.586 65.087 65.752 -0.785 0.294 -0.546
85.123 66.795 65.299 -0.476 -0.845 -0.244
85.348 66.695 64.857 -0.626 -0.778 0.051
86.245 65.741 68.885 -0.364 -0.903 0.229
86.209 64.536 67.825 -0.34 -0.099 0.935
87.075 64.117 68.695 -0.917 0.18 0.356
87.035 63.608 68.503 -0.95 -0.243 0.196
86.166 63.984 67.618 -0.37 -0.494 0.787
86.589 63.743 67.777 -0.652 -0.333 0.681
87.273 63.111 68.33 -0.751 -0.658 0.052
86.895 63.104 67.554 -0.499 -0.653 0.569
87.298 62.991 67.995 -0.768 -0.578 0.275
88.189 62.362 67.179 -0.244 -0.948 -0.205
87.854 62.427 66.677 -0.02 -0.991 0.13
88.728 62.103 67.155 -0.603 -0.775 -0.189
89.1 62.152 66.508 -0.417 -0.751 -0.512
88.226 62.476 66.03 0.166 -0.967 -0.193
88.58 62.508 65.539 -0.07 -0.988 0.134
89.107 62.151 66.504 -0.413 -0.752 -0.514
88.588 62.507 65.534 -0.067 -0.989 0.132
89.157 62.357 65.582 -0.446 -0.889 0.1
90.042 61.94 66.508 0.054 -0.857 -0.513
90.092 62.147 65.586 0.021 -0.995 0.102
90.401 62.088 66.082 -0.185 -0.956 -0.229
90.418 62.088 66.072 -0.175 -0.956 -0.235
90.11 62.146 65.575 0.03 -0.995 0.096
90.987 61.377 64.702 -0.554 -0.482 0.678
90.518 61.566 63.924 -0.945 -0.325 0.03
89.507 62.388 64.575 -0.271 -0.874 -0.403
90.433 61.722 63.724 -0.888 -0.429 0.164
91.626 61.373 64.936 -0.022 -0.486 0.874
91.857 61.474 65.026 -0.176 -0.553 0.814
91.182 62.083 66.352 0.274 -0.959 -0.07
92.122 62.761 66.559 0.827 -0.56 0.051
92.868 62.203 65.247 0.329 -0.188 0.925
93.449 62.082 65.146 -0.058 -0.107 0.992
93.361 61.029 64.453 -0.121 -0.859 0.497
92.763 60.958 64.427 0.277 -0.811 0.515
93.512 60.756 64.147 -0.222 -0.677 0.701
93.306 60.492 63.541 -0.394 -0.898 0.196
92.498 60.617 63.647 0.145 -0.982 0.125
92.563 60.025 62.63 0.101 -0.587 0.803
91.537 60.228 62.275 -0.754 -0.417 0.507
91.179 60.878 63.19 -0.515 -0.851 -0.103
91.074 60.853 62.546 -0.445 -0.834 0.326
91.615 60.43 60.849 -0.689 -0.249 -0.681
91.174 61.113 60.714 -0.395 -0.704 -0.59
91.657 60.777 60.586 -0.717 -0.48 -0.505
92.04 61.329 60.045 -0.444 -0.086 -0.892
91.627 61.766 60.073 -0.168 -0.377 -0.911
91.607 62.557 59.304 -0.155 -0.904 -0.398
92.101 61.333 60.016 -0.4 -0.083 -0.913
91.679 62.561 59.27 -0.119 -0.902 -0.415
91.839 62.61 59.061 -0.225 -0.934 -0.276
93.279 61.649 60.054 0.442 0.143 -0.886
92.923 62.901 59.096 0.679 -0.692 -0.247
93.073 62.936 59.314 0.579 -0.715 -0.393
93.482 61.762 60.204 0.586 0.224 -0.779
93.313 63.07 59.492 0.699 -0.648 -0.304
93.558 62.852 60.054 0.536 -0.503 -0.679
93.959 63.465 60.116 0.736 -0.197 -0.648
93.715 63.682 59.554 0.899 -0.342 -0.273
94.157 63.504 60.292 0.604 -0.223 -0.765
94.283 64.29 60.542 0.709 0.433 -0.557
93.876 64.693 59.875 0.98 0.164 -0.113
94.121 64.476 60.437 0.817 0.309 -0.487
93.505 65.555 61.123 0.509 0.849 -0.144
93.26 65.773 60.561 0.672 0.704 0.23
92.822 66.928 61.295 0.964 -0.066 -0.259
92.806 66.961 61.234 0.95 -0.038 -0.31
93.239 65.816 60.482 0.661 0.725 0.191
93.183 65.957 60.262 0.698 0.631 0.338
92.774 67.034 61.146 0.923 0.022 -0.383
93.151 66.03 60.175 0.672 0.692 0.265
92.667 67.089 60.726 0.995 -0.015 -0.102
92.28 68.037 61.549 0.511 0.858 -0.048
92.13 68.179 61.163 0.611 0.763 0.21
91.585 69.01 61.606 0.974 0.209 -0.085
91.36 69.168 60.939 0.861 0.288 -0.418
91.94 68.312 60.6 0.475 0.859 -0.192
91.227 69.3 59.951 0.95 0.201 0.241
91.325 68.992 59.422 0.999 0.047 -0.024
92.022 68.053 60.153 0.534 0.674 -0.511
91.341 69.021 59.157 0.988 0.028 0.153
90.734 70.144 61.153 0.549 0.776 -0.312
90.602 70.275 60.164 0.637 0.688 0.347
90.374 70.387 60.733 0.789 0.614 -0.032
92.286 68.033 61.662 0.517 0.855 0.047
91.594 69.005 61.751 0.978 0.207 -0.012
91.609 69.064 62.012 0.968 0.167 -0.186
90.832 69.697 63.008 0.321 0.694 0.644
90.595 69.819 63.032 0.479 0.613 0.628
90.307 69.627 64.022 0.671 0.741 -0.032
90.992 69.53 63.071 0.455 0.555 0.697
90.514 69.412 64.103 0.774 0.633 0.009
90.872 69.102 64.261 0.535 0.84 -0.096
90.827 69.136 64.455 0.502 0.864 0.042
90.46 69.452 64.332 0.747 0.654 0.124
91.565 70.163 65.994 0.01 0.179 -0.984
91.391 70.324 66.046 -0.135 0.313 -0.94
90.235 69.658 64.4 0.635 0.757 0.157
91.394 70.584 66.107 -0.138 0.139 -0.981
91.362 70.608 66.115 -0.153 0.151 -0.977
90.204 69.682 64.408 0.619 0.769 0.161
90.14 70.712 65.768 0.662 0.082 -0.745
91.365 70.681 66.127 -0.152 0.188 -0.97
90.142 70.774 65.778 0.663 0.126 -0.738
92.044 71.462 65.757 -0.605 -0.333 -0.723
91.464 70.583 66.098 -0.102 0.139 -0.985
92.128 71.379 65.732 -0.545 -0.392 -0.741
91.445 70.323 66.039 -0.09 0.312 -0.946
92.138 69.873 66.129 0.487 -0.062 -0.871
92.88 70.891 65.83 -0.008 -0.741 -0.672
92.355 70.005 66.213 0.343 -0.15 -0.927
93.201 69.88 66.855 0.766 -0.212 -0.606
93.596 70.786 66.372 0.503 -0.816 -0.284
94.066 69.966 67.362 0.19 -0.269 -0.944
94.101 69.988 67.363 0.208 -0.258 -0.944
93.626 70.804 66.373 0.525 -0.803 -0.284
94.021 70.935 66.508 0.261 -0.89 -0.374
93.899 72.943 66.236 0.16 0.783 -0.601
93.493 72.985 66.077 0.43 0.755 -0.495
93.477 74.748 66.523 0.441 -0.421 -0.793
92.749 74.775 66.289 0.077 -0.407 -0.91
92.878 73.007 65.879 -0.009 0.771 -0.637
91.497 74.626 64.513 0.911 -0.308 0.274
92.885 75.348 66.145 0.145 -0.121 -0.982
91.633 75.199 64.369 0.979 -0.021 0.202
92.403 76.426 64.253 0.466 -0.84 0.279
92.363 76.425 63.415 0.437 -0.841 -0.32
91.586 75.197 63.377 0.956 -0.022 -0.294
91.522 75.088 62.881 0.998 0.051 0.036
89.297 75.639 61.889 -0.591 0.445 -0.673
88.953 75.85 62.202 -0.361 0.304 -0.881
89.367 76.859 61.896 -0.637 -0.368 -0.677
89.173 76.998 62.053 -0.799 -0.252 -0.546
88.703 76.029 62.405 -0.486 0.394 -0.78
88.999 77.021 62.254 -0.683 -0.268 -0.68
88.8 77.11 62.45 -0.782 -0.223 -0.582
88.505 76.118 62.601 -0.585 0.438 -0.682
88.216 78.076 62.038 -0.393 -0.867 -0.307
88.063 78.109 62.217 -0.52 -0.839 -0.158
88.308 76.16 62.831 -0.684 0.46 -0.567
87.959 78.019 62.632 -0.451 -0.78 -0.434
87.665 78.062 63.299 -0.661 -0.749 0.042
87.96 76.211 63.62 -0.857 0.485 -0.172
87.788 76.89 64.365 -0.743 0.032 -0.669
87.585 76.486 64.686 -0.844 -0.17 -0.508
87.757 75.807 63.941 -0.959 0.283 -0.012
87.316 75.518 64.787 -0.665 0.476 -0.576
87.563 76.496 64.719 -0.855 -0.165 -0.492
87.295 75.527 64.82 -0.676 0.48 -0.559
87.325 76.091 65.048 -0.696 0.104 -0.711
86.772 75.463 66.681 -0.972 -0.21 0.106
86.742 74.899 66.454 -0.952 0.166 0.258
86.621 74.415 66.756 -0.871 0.488 0.056
86.881 75.473 67.15 -0.918 -0.205 0.341
86.722 74.425 67.192 -0.811 0.494 0.312
86.776 74.379 67.542 -0.848 0.525 0.079
86.8 73.176 67.802 -0.827 -0.477 0.296
86.751 72.988 67.503 -0.794 -0.351 0.496
86.53 71.317 68.276 -0.647 0.762 -0.019
86.914 73.23 68.077 -0.733 -0.433 0.525
86.644 71.371 68.55 -0.553 0.807 0.21
86.857 71.504 68.804 -0.695 0.718 0.04
86.83 71.475 68.841 -0.71 0.701 0.061
86.622 71.347 68.581 -0.571 0.787 0.235
86.686 71.451 69.428 -0.614 0.717 -0.33
86.191 70.816 69.459 -0.861 0.4 -0.315
86.237 70.853 68.604 -0.891 0.375 0.254
85.879 70.638 69.816 -0.652 0.518 -0.553
85.795 69.789 69.615 -0.712 -0.089 -0.696
86.16 70.071 68.42 -0.956 -0.277 0.101
85.728 68.541 68.535 -0.668 0.744 0.024
85.751 68.513 68.148 -0.655 0.728 -0.204
86.179 70.048 68.096 -0.94 -0.296 -0.169
85.729 68.454 67.797 -0.641 0.767 0.03
85.586 69.404 70.092 -0.861 -0.363 -0.356
85.499 68.117 69.06 -0.803 0.495 0.332
85.458 67.933 69.363 -0.775 0.618 0.131
86.137 66.084 69.597 -0.209 -0.922 0.325
86.311 65.908 69.34 -0.325 -0.805 0.497
87.038 65.472 70.508 -0.81 -0.514 -0.282
87.139 65.381 70.411 -0.751 -0.567 -0.339
86.412 65.818 69.243 -0.266 -0.858 0.44
87.224 65.412 69.81 -0.807 -0.587 0.062
87.242 65.383 69.763 -0.798 -0.601 0.039
86.429 65.791 69.2 -0.256 -0.873 0.415
87.228 64.158 68.958 -0.789 0.215 0.575
87.271 65.35 69.814 -0.783 -0.618 0.064
87.251 64.132 68.998 -0.77 0.193 0.608
87.183 65.324 70.415 -0.725 -0.601 -0.337
87.877 64.736 70.881 -0.317 -0.946 -0.062
87.831 63.641 69.388 -0.287 -0.216 0.933
88.305 64.461 71.141 -0.603 -0.763 -0.235
88.427 64.369 71.149 -0.541 -0.808 -0.231
87.926 63.57 69.394 -0.207 -0.275 0.939
88.894 63.197 70.021 -0.853 -0.027 0.521
89.01 62.444 69.394 -0.757 -0.654 -0.001
88.042 62.817 68.768 -0.111 -0.902 0.416
89.072 62.309 69.07 -0.798 -0.563 0.215
89.073 62.296 69.043 -0.797 -0.57 0.2
88.043 62.807 68.746 -0.11 -0.911 0.398
88.218 62.628 68.492 -0.227 -0.792 0.567
89.092 62.254 68.988 -0.786 -0.596 0.167
88.237 62.585 68.437 -0.216 -0.817 0.535
88.779 62.343 68.508 -0.577 -0.655 0.487
91.353 62.047 67.964 0.544 -0.717 -0.435
91.211 62.121 67.406 0.639 -0.767 -0.063
91.663 62.127 68.122 0.338 -0.771 -0.54
91.677 62.14 68.113 0.349 -0.76 -0.548
91.229 62.137 67.395 0.648 -0.758 -0.069
91.505 62.271 66.907 0.464 -0.848 0.256
92.214 63.695 68.433 0.797 0.536 -0.281
92.147 64.13 67.29 0.841 0.245 0.481
92.247 65.425 68.216 0.774 -0.618 -0.135
92.25 65.911 67.535 0.776 -0.332 -0.536
92.15 64.616 66.609 0.843 0.531 0.081
92.933 64.814 65.443 0.321 0.399 0.859
93.143 63.871 65.345 0.496 -0.387 0.777
92.401 63.489 66.493 0.991 -0.132 0.012
93.06 63.62 65.304 0.552 -0.22 0.804
93.048 63.544 65.289 0.546 -0.258 0.797
92.39 63.418 66.479 0.985 -0.174 0.004
93.693 62.679 65.074 0.116 0.319 0.941
93.126 63.609 65.254 0.585 -0.225 0.779
93.759 62.734 65.044 0.163 0.359 0.919
93.195 63.863 65.306 0.539 -0.394 0.745
93.706 64.284 64.721 0.965 -0.043 0.257
94.315 63.192 64.409 0.56 0.685 0.466
93.784 64.151 64.502 0.914 0.046 0.403
93.932 64.243 63.445 0.988 0.092 -0.125
94.44 63.269 63.516 0.649 0.741 -0.172
94.159 64.157 62.466 0.836 0.149 0.528
94.381 63.653 62.018 0.947 -0.103 0.304
94.627 62.844 63.138 0.783 0.437 -0.442
94.485 63.65 61.772 0.878 -0.101 0.468
94.492 63.362 61.598 0.883 -0.34 0.323
94.634 62.531 62.949 0.788 0.214 -0.577
94.684 62.139 62.762 0.754 0.475 -0.453
94.351 63 61.24 0.766 -0.642 0.025
94.544 61.777 62.404 0.638 0.173 -0.751
94.032 61.733 61.287 0.979 0.203 -0.005
93.762 60.61 61.503 0.787 -0.599 0.15
94.296 60.744 62.604 0.431 -0.688 -0.584
93.553 60.277 61.693 0.926 -0.377 0.023
94.188 63.033 60.641 0.63 -0.615 -0.474
93.855 61.768 60.636 0.853 0.228 -0.47
93.999 62.859 60.565 0.756 -0.499 -0.423
93.554 65.186 63.274 0.799 0.563 -0.21
93.781 65.1 62.296 0.647 0.621 0.442
93.421 65.384 62.717 0.888 0.431 0.161
93.195 65.732 62.356 0.727 0.68 -0.097
93.515 65.512 61.868 0.514 0.827 0.228
92.83 66.894 61.875 0.97 -0.094 0.224
92.906 65.893 62.928 0.52 0.795 0.311
92.564 67.042 62.401 0.749 0.029 0.662
92.945 65.789 63.523 0.495 0.865 -0.086
92.52 65.972 63.842 0.282 0.957 0.073
92.233 67.185 62.648 0.473 0.148 0.869
91.485 67.676 64.181 0.972 -0.179 -0.153
91.421 68.229 63.964 0.927 0.215 -0.308
92.175 67.694 62.448 0.424 0.572 0.702
91.498 68.725 62.798 0.876 -0.116 0.469
92.46 65.828 64.48 0.252 0.885 0.392
91.434 67.554 64.72 0.936 -0.266 0.232
91.613 67.065 65.93 0.816 0.061 -0.575
91.608 67.461 66.098 0.811 0.391 -0.435
91.428 67.985 64.903 0.931 0.042 0.362
91.693 67.548 66.295 0.754 0.333 -0.566
91.673 67.639 66.326 0.745 0.378 -0.55
91.411 68.062 64.93 0.919 0.096 0.381
92.31 69.106 66.601 0.32 -0.6 -0.733
92.322 69.185 66.545 0.326 -0.56 -0.762
91.421 68.129 64.882 0.927 0.144 0.347
92.112 69.236 66.387 0.466 -0.594 -0.656
92.121 67.292 67.14 0.968 0.205 -0.143
92.757 68.759 67.415 0.544 -0.773 -0.326
93.094 68.631 67.904 0.32 -0.687 -0.652
93.305 68.847 67.833 0.471 -0.533 -0.703
93.008 69.015 67.331 0.669 -0.645 -0.368
93.872 69.1 67.838 0.093 -0.702 -0.706
93.391 68.53 68.293 0.532 -0.759 -0.374
93.974 68.725 68.383 0.144 -0.89 -0.434
94.113 67.176 69.215 0.051 0.143 -0.988
94.904 67.395 69.578 0.615 0.299 -0.729
94.909 68.983 68.812 0.612 -0.76 -0.219
95.129 68.811 69.393 0.465 -0.645 -0.606
95.721 69.609 69.405 0.762 -0.246 -0.599
95.502 69.781 68.825 0.908 -0.361 -0.212
95.541 69.938 68.612 0.882 -0.466 -0.07
94.82 70.244 67.573 0.282 -0.211 -0.936
94.576 70.174 67.489 0.445 -0.165 -0.88
94.39 71.08 66.607 0.569 -0.769 -0.292
95.309 71.199 68.183 0.689 0.585 -0.428
94.878 72.036 67.217 0.976 0.027 0.216
95.126 72.5 68.311 0.811 -0.282 -0.513
94.7 73.453 67.959 0.506 0.399 -0.764
94.486 72.914 66.893 0.649 0.759 -0.054
94.232 74.711 67.368 0.818 -0.439 -0.371
94.759 73.51 68.033 0.549 0.439 -0.711
94.302 74.777 67.456 0.854 -0.406 -0.327
95.32 74.619 68.372 0.175 -0.301 -0.938
95.36 74.733 68.349 0.204 -0.219 -0.954
94.35 74.912 67.428 0.877 -0.338 -0.34
94.465 75.154 67.415 0.801 -0.499 -0.331
94.112 76.02 66.812 0.506 0.222 -0.833
93.896 76.026 66.654 0.65 0.218 -0.728
94.308 77.69 65.179 0.376 -0.891 0.255
93.984 77.567 64.933 0.106 -0.993 0.05
93.48 75.868 66.337 0.443 0.14 -0.886
93.726 77.513 64.885 0.278 -0.957 0.083
93.613 77.48 64.827 0.221 -0.974 0.054
93.366 75.835 66.28 0.386 0.123 -0.914
92.81 76.838 64.368 0.756 -0.546 0.36
93.778 77.547 64.41 0.304 -0.94 -0.155
92.95 76.895 64.015 0.856 -0.505 0.109
93.377 77.344 63.936 0.571 -0.805 0.161
92.598 77.353 62.471 0.182 -0.8 -0.571
92.291 76.902 62.777 0.386 -0.5 -0.775
91.796 76.754 62.471 0.716 -0.401 -0.571
91.768 76.478 62.682 0.702 -0.539 -0.466
92.267 76.669 62.956 0.369 -0.666 -0.648
91.426 75.332 62.422 0.929 0.225 -0.292
90.884 76.825 61.827 0.26 -0.366 -0.894
90.68 75.625 61.699 0.396 0.435 -0.809
90.64 76.845 61.72 0.423 -0.379 -0.823
90.876 77.278 61.701 0.256 -0.139 -0.957
90.633 77.198 61.623 0.418 -0.085 -0.905
91.987 78.379 60.192 -0.485 -0.873 0.049
91.764 78.531 60.109 -0.644 -0.765 -0.011
90.428 77.337 61.546 0.247 0.031 -0.969
90.461 78.79 59.692 0.224 -0.937 0.267
89.443 78.853 59.786 -0.285 -0.906 0.314
89.636 77.386 61.619 -0.413 0.072 -0.908
89.272 78.944 59.97 -0.17 -0.967 0.192
89.263 78.946 59.974 -0.177 -0.965 0.195
89.628 77.389 61.623 -0.42 0.074 -0.904
88.825 78.397 61.455 0.115 -0.599 -0.793
88.362 78.097 61.862 -0.27 -0.849 -0.454
89.165 77.088 62.029 -0.806 -0.177 -0.565
88.988 77.137 62.224 -0.688 -0.209 -0.695
88.333 79.945 60.069 -0.953 -0.132 0.274
87.894 79.396 61.55 -0.66 0.234 -0.714
88.236 80.14 59.913 -0.888 -0.262 0.378
88.231 80.357 60.014 -0.89 -0.154 0.428
87.891 79.565 61.628 -0.663 0.374 -0.648
87.861 80.773 59.708 -0.644 -0.431 0.632
87.954 81.192 59.985 -0.597 -0.222 0.771
87.963 79.891 61.844 -0.603 0.646 -0.468
87.879 81.748 60.254 -0.547 -0.593 0.592
88.286 82.144 60.708 -0.256 -0.31 0.916
88.338 80.255 62.262 -0.291 0.949 -0.12
88.258 80.351 62.681 -0.237 0.885 -0.4
88.61 80.377 61.847 -0.4 0.898 0.183
88.624 81.312 60.819 -0.41 0.273 0.87
88.392 82.183 60.745 -0.18 -0.282 0.942
88.364 80.39 62.718 -0.162 0.914 -0.373
88.835 83.008 61.729 -0.476 -0.831 0.287
88.91 80.598 62.682 -0.48 0.866 -0.14
89.342 82.601 61.931 -0.776 -0.507 0.375
88.936 83.123 62.093 -0.426 -0.774 0.469
88.449 80.487 63.026 -0.101 0.983 -0.153
89.459 81.035 63.003 -0.774 0.618 -0.137
89.453 81.05 63.142 -0.778 0.625 -0.067
88.444 80.5 63.144 -0.105 0.992 -0.069
88.96 80.695 63.394 -0.449 0.862 -0.235
88.098 79.143 64.798 -0.88 0.086 0.467
87.715 79.189 64.33 -0.625 0.055 0.779
87.847 78.223 65.586 -0.713 0.699 -0.059
88.573 79.458 65.317 -0.642 0.244 0.727
88.323 78.539 66.106 -0.475 0.857 0.201
88.762 79.5 65.503 -0.768 0.216 0.603
88.898 79.529 65.64 -0.654 0.241 0.717
88.499 78.577 66.282 -0.387 0.875 0.289
88.704 78.672 66.33 -0.524 0.812 0.257
88.761 78.558 66.631 -0.477 0.717 0.509
88.572 78.43 66.669 -0.351 0.802 0.483
87.776 79.029 68.74 0.18 0.403 -0.897
87.123 78.548 68.657 -0.287 0.06 -0.956
87.799 77.861 66.572 -0.737 0.518 0.434
87.56 77.457 66.9 -0.578 0.787 0.215
86.739 77.982 68.942 -0.561 -0.345 -0.753
87.106 76.787 67.237 -0.805 0.452 0.384
86.762 77.489 69.039 -0.576 -0.016 -0.817
86.83 76.306 69.513 -0.542 -0.608 -0.58
87.174 75.603 67.711 -0.771 -0.14 0.621
87.004 74.48 67.978 -0.658 0.609 0.443
86.926 75.955 69.92 -0.494 -0.784 -0.376
87.078 74.207 68.295 -0.596 0.382 0.707
86.722 75.244 70.677 -0.358 -0.31 -0.881
87.662 74.529 69.287 -0.882 -0.353 0.313
87.629 74.729 69.759 -0.855 -0.515 -0.069
87.165 74.459 71.041 -0.136 -0.702 -0.699
87.423 73.597 68.578 -0.308 -0.127 0.943
87.735 74.243 70.967 -0.516 -0.558 -0.65
87.744 74.233 70.968 -0.512 -0.563 -0.649
87.43 73.589 68.58 -0.302 -0.134 0.944
87.378 71.943 70.035 -0.268 0.963 -0.027
86.742 71.504 69.444 -0.586 0.744 -0.323
86.935 73.247 68.119 -0.715 -0.418 0.56
86.883 71.524 68.855 -0.68 0.73 0.07
87.731 74.23 70.981 -0.518 -0.565 -0.642
87.366 71.94 70.048 -0.274 0.962 -0.02
87.162 74.446 71.055 -0.138 -0.709 -0.692
87.129 73.888 72.437 -0.154 -0.988 -0
87.333 71.382 71.431 -0.29 0.683 0.671
87.699 73.672 72.364 -0.534 -0.844 0.049
88.059 73.519 72.597 -0.354 -0.92 0.166
87.693 71.229 71.664 -0.11 0.606 0.788
88.225 71.15 71.96 -0.465 0.659 0.591
87.904 70.223 72.288 -0.626 0.196 0.755
87.372 70.303 71.993 -0.271 0.143 0.952
86.876 70.205 71.957 0.06 0.209 0.976
87.879 68.969 72.054 -0.638 -0.431 0.638
86.855 69.145 71.759 0.045 -0.548 0.835
87.622 67.395 72.062 -0.467 0.618 0.633
86.896 66.99 71.391 -0.894 0.38 0.238
86.195 68.777 71.149 -0.427 -0.812 0.399
86.018 67.355 70.336 -0.309 0.136 0.941
88.216 68.911 72.285 -0.47 -0.46 0.754
87.936 67.342 72.277 -0.283 0.586 0.759
88.368 67.264 72.642 -0.571 0.639 0.516
88.437 68.963 72.431 -0.359 -0.434 0.826
88.589 67.315 72.788 -0.46 0.665 0.588
88.598 69.053 72.57 -0.466 -0.494 0.734
88.679 69.06 72.62 -0.399 -0.488 0.776
88.693 67.324 72.853 -0.409 0.669 0.621
88.521 67.522 74.969 -0.295 0.537 -0.79
88.471 65.716 75.28 -0.331 -0.753 -0.569
88.632 65.186 73.22 -0.439 -0.4 0.805
89.018 65.288 75.244 -0.696 -0.468 -0.545
89.366 64.962 75.197 -0.502 -0.65 -0.571
88.998 64.844 73.171 -0.256 -0.571 0.78
89.122 64.965 73.323 -0.339 -0.652 0.678
89.363 64.849 73.287 -0.138 -0.749 0.648
89.308 64.694 73.124 -0.101 -0.646 0.757
89.663 64.819 75.153 -0.337 -0.729 -0.596
90.045 64.75 75.092 -0.125 -0.767 -0.629
89.709 64.623 73.061 0.1 -0.682 0.725
90.956 64.592 74.393 -0.732 -0.661 -0.164
91.222 64.422 74.141 -0.599 -0.746 -0.29
89.975 64.453 72.808 0.232 -0.767 0.599
91.255 64.275 73.046 -0.621 -0.648 0.44
91.404 63.991 72.292 -0.515 -0.852 -0.099
90.151 64.116 71.915 0.32 -0.935 0.152
91.231 64.019 71.713 -0.4 -0.87 0.287
91.209 63.997 71.602 -0.411 -0.882 0.232
90.128 64.094 71.805 0.309 -0.946 0.097
90.217 62.983 70.531 0.25 -0.205 0.946
91.441 63.882 71.488 -0.295 -0.939 0.175
90.398 62.893 70.442 0.4 -0.28 0.873
90.731 62.845 70.323 0.178 -0.248 0.952
92.125 63.762 71.16 0.047 -0.999 0.011
91.367 62.734 70.017 0.552 -0.313 0.773
91.675 62.702 69.839 0.347 -0.292 0.891
92.851 64.003 70.647 0.41 -0.878 -0.245
92.24 62.889 69.441 0.818 -0.136 0.559
92.887 64.065 70.389 0.387 -0.919 -0.073
92.866 64.873 69.402 0.369 -0.246 -0.896
92.219 63.697 68.453 0.801 0.538 -0.264
92.254 65.428 68.24 0.778 -0.616 -0.121
93.074 65.215 69.47 0.542 0.039 -0.839
92.501 65.837 68.321 0.924 -0.376 -0.073
93.092 65.482 69.465 0.53 -0.139 -0.836
93.092 65.484 69.466 0.531 -0.138 -0.836
92.502 65.839 68.321 0.924 -0.375 -0.073
94.129 65.785 69.602 -0.161 -0.339 -0.927
94.151 65.847 69.578 -0.143 -0.288 -0.947
92.528 65.913 68.292 0.939 -0.331 -0.09
93.991 66.223 69.42 -0.036 -0.538 -0.842
93.997 67.108 69.206 -0.032 0.094 -0.995
92.534 66.887 68.057 0.943 0.242 -0.229
93.275 68.461 68.284 0.449 -0.808 -0.381
93.107 68.593 67.953 0.33 -0.714 -0.617
92.35 67.031 67.692 0.835 0.327 -0.443
92.137 67.247 67.198 0.977 0.183 -0.114
92.015 66.274 66.9 0.916 -0.304 -0.263
92.237 66.127 67.415 0.768 -0.205 -0.606
92.922 64.994 65.342 0.311 0.55 0.775
91.938 66.695 66.484 0.877 -0.094 -0.471
92.862 65.322 65.019 0.261 0.822 0.506
92.698 65.485 64.885 0.371 0.713 0.595
91.821 66.895 66.277 0.819 0.006 -0.574
92.58 65.685 64.678 0.312 0.813 0.492
91.707 66.953 66.085 0.894 -0.032 -0.446
95.169 66.494 71.508 0.706 0.252 0.662
95.097 66.925 71.517 0.754 -0.036 0.656
94.962 67.628 72.774 0.844 -0.505 -0.182
95.065 68.08 72.533 0.917 -0.182 -0.354
95.2 67.377 71.276 0.827 0.286 0.483
95.48 68.79 71.402 0.641 -0.656 0.399
95.161 68.488 72.847 0.985 0.11 -0.13
95.593 69.274 71.774 0.697 -0.414 0.585
95.639 69.673 73.107 0.667 -0.68 -0.304
95.95 70.5 72.906 0.889 -0.09 -0.448
95.962 70.252 71.535 0.882 0.075 0.466
96.014 70.5 71.447 0.847 -0.09 0.524
95.78 71.355 70.299 0.652 0.623 -0.433
95.661 71.352 70.059 0.731 0.625 -0.273
95.327 72.603 69.329 0.954 -0.209 0.214
95.332 72.537 69.212 0.958 -0.256 0.13
95.667 71.274 69.92 0.735 0.586 -0.342
95.448 71.447 69.34 0.881 0.471 0.045
95.663 70.726 69.045 0.988 0.111 -0.103
95.882 70.554 69.625 0.842 0.226 -0.49
95.666 70.673 68.783 0.987 0.147 0.072
95.355 71.389 68.594 0.834 0.443 -0.328
95.426 71.189 68.432 0.787 0.576 -0.22
95.254 72.489 68.581 0.902 -0.29 -0.32
95.762 71.447 70.426 0.636 0.699 -0.327
95.307 72.702 69.467 0.94 -0.138 0.313
95.431 73.269 69.944 0.857 -0.516 -0.005
95.491 73.397 69.77 0.89 -0.445 -0.102
95.36 72.815 69.313 0.978 -0.057 0.203
95.92 73.925 69.652 0.604 -0.797 -0.023
95.231 74.203 71.153 0.745 0.003 0.667
95.689 74.638 70.877 0.439 -0.287 0.851
94.93 73.956 71.734 0.945 0.168 0.28
94.426 74.714 71.891 0.585 0.71 0.392
95.185 75.397 71.034 0.079 0.255 0.964
94.661 75.06 71.331 0.429 0.479 0.766
94.149 75.662 70.965 0.145 0.814 0.562
94.732 75.93 70.71 -0.244 0.636 0.732
93.121 77.373 71.131 0.83 -0.326 0.452
93.223 77.516 71.023 0.882 -0.254 0.398
94.819 76.051 70.619 -0.182 0.722 0.667
93.619 77.514 70.503 0.618 -0.253 0.744
93.889 77.711 70.293 0.753 -0.154 0.64
95.047 76.218 70.442 -0.019 0.841 0.54
94.079 77.705 70.105 0.626 -0.151 0.765
94.522 77.836 69.3 0.995 -0.042 0.095
95.528 76.359 69.568 0.324 0.942 -0.084
95.193 78.387 68.347 0.547 -0.409 0.73
95.211 77.8 67.368 0.559 -0.828 0.031
95.545 75.773 68.589 0.337 0.523 -0.783
94.636 76.111 67.636 0.943 0.298 -0.147
94.769 77.811 66.601 0.244 -0.821 -0.517
94.229 76.121 66.929 0.604 0.306 -0.736
94.425 77.791 65.296 0.473 -0.807 0.353
95.433 78.781 66.366 0.718 -0.128 -0.684
95.036 78.683 65.081 0.983 -0.063 0.173
95.079 78.948 65.074 0.954 -0.24 0.178
95.197 79.942 66.689 0.549 0.702 -0.454
94.799 80.323 65.456 0.815 0.448 0.368
94.75 80.469 66.607 0.847 0.35 -0.399
94.581 80.747 66.566 0.753 0.505 -0.422
94.622 80.614 65.413 0.726 0.594 0.347
94.497 81.392 66.808 0.809 0.075 -0.582
94.177 81.767 66.589 0.581 0.343 -0.739
94.243 81.058 65.155 0.537 0.815 0.218
94.255 81.146 64.902 0.528 0.756 0.386
94.394 80.622 63.605 0.645 0.319 -0.695
94.422 80.383 63.487 0.626 0.478 -0.616
93.941 81.355 62.152 0.947 -0.17 0.274
93.817 80.876 61.824 0.858 -0.512 0.039
94.275 79.816 63.098 0.553 0.194 -0.811
93.838 79.506 62.419 0.844 0.4 -0.358
93.967 78.816 62.543 0.951 -0.175 -0.254
94.441 78.928 63.258 0.635 -0.25 -0.731
94.04 78.725 62.784 0.903 -0.115 -0.415
93.478 78.33 62.119 0.543 -0.58 -0.607
93.41 78.1 62.24 0.588 -0.427 -0.687
93.451 78.568 60.648 0.561 -0.739 0.374
92.528 78.254 60.475 -0.099 -0.963 0.251
92.318 77.729 62.036 0.041 -0.613 -0.789
91.516 77.129 62.036 0.576 -0.213 -0.789
93.818 79.471 62.341 0.827 0.371 -0.423
93.821 79.807 60.888 0.825 0.147 0.546
93.624 80.284 61.353 0.957 -0.172 0.236
93.626 80.291 61.347 0.958 -0.168 0.232
93.823 79.813 60.883 0.827 0.151 0.542
93.798 80.843 61.734 0.844 -0.536 -0.025
93.81 81.395 61.065 0.853 -0.141 -0.503
93.836 80.366 60.214 0.836 0.545 0.065
93.641 80.915 60.592 0.966 0.179 -0.187
92.616 81.123 59.364 0.397 0.294 -0.869
92.929 80.55 59.128 0.188 0.677 -0.712
91.84 81.179 58.53 0.914 0.257 -0.313
91.61 80.173 58.058 0.799 -0.245 -0.549
92.734 79.7 58.729 0.049 0.07 -0.996
91.498 79.956 57.95 0.873 -0.1 -0.477
90.919 78.973 58.46 0.391 -0.919 -0.052
92.105 78.633 59.283 -0.4 -0.692 -0.6
90.865 78.91 58.715 0.427 -0.877 -0.221
90.213 79.118 57.839 -0.197 -0.798 -0.569
89.958 79.097 57.916 -0.027 -0.784 -0.621
89.753 79.201 56.22 0.109 -0.853 0.51
89.12 79.334 56.281 -0.344 -0.758 0.554
89.208 79.254 57.989 -0.402 -0.705 -0.584
87.654 79.026 56.3 0.633 -0.553 0.541
87.097 79.228 56.74 0.169 -0.385 0.907
88.491 79.514 58.554 -0.761 -0.575 -0.302
88.121 79.93 58.248 -0.514 -0.852 -0.098
87.085 79.235 56.745 0.16 -0.379 0.911
88.106 79.938 58.254 -0.521 -0.848 -0.095
87.958 80.024 58.048 -0.422 -0.906 0.043
87.278 80.93 58.026 -0.988 -0.151 0.024
87.232 81.103 58.225 -0.958 -0.266 -0.109
86.233 80.441 56.651 -0.292 0.176 0.94
86.227 80.466 56.645 -0.295 0.188 0.937
87.226 81.128 58.218 -0.961 -0.253 -0.112
85.511 81.972 57.227 0.183 -0.816 0.549
85.509 82.773 57.912 0.182 -0.415 0.891
87.224 81.929 58.904 -0.962 0.147 0.23
87.262 82.371 59.341 -0.987 -0.148 -0.061
85.501 82.818 57.934 0.178 -0.393 0.902
87.256 82.409 59.359 -0.992 -0.12 -0.048
87.081 82.939 59.137 -0.875 -0.473 0.1
87.655 83.352 60.465 -0.588 -0.267 0.763
87.741 82.758 60.48 -0.645 0.129 0.753
88.065 83.688 61.415 -0.861 -0.491 0.13
87.548 83.561 60.437 -0.642 -0.162 0.749
87.958 83.898 61.387 -0.915 -0.386 0.116
87.341 84.471 60.969 -0.504 -0.769 0.395
87.364 84.898 61.522 -0.492 -0.555 0.671
87.981 84.325 61.94 -0.904 -0.173 0.392
87.561 85.128 62.029 -0.623 -0.708 0.333
87.971 85.272 62.662 -0.418 -0.635 0.649
88.391 84.47 62.572 -0.698 -0.1 0.709
88.453 84.96 62.855 -0.739 -0.427 0.52
91.004 86.48 61.205 0.761 0.466 -0.45
91.136 86.104 60.798 0.674 0.717 -0.179
90.715 86.907 60.887 0.954 0.182 -0.238
90.388 86.815 60.169 0.79 0.136 -0.597
90.808 86.012 60.079 0.51 0.671 -0.538
90.191 86.586 59.662 0.922 0.289 -0.259
90.179 86.47 59.52 0.915 0.231 -0.33
90.796 85.896 59.938 0.504 0.613 -0.608
90.91 85.529 58.6 0.428 0.858 0.284
91.506 84.945 58.811 0.727 0.566 0.389
91.393 85.312 60.149 0.802 0.321 -0.503
91.662 84.739 58.881 0.623 0.703 0.342
91.864 83.915 59.204 0.791 0.016 0.611
91.652 84.252 60.564 0.932 -0.209 -0.295
92.826 82.726 60.973 0.15 0.809 -0.568
92.124 82.439 62.77 -0.351 0.604 0.715
90.822 83.913 62.691 0.517 -0.378 0.768
91.295 81.883 63.709 0.201 0.976 0.089
90.337 81.648 63.826 -0.598 0.78 0.186
89.589 83.612 62.84 -0.099 -0.529 0.843
90.112 81.525 63.75 -0.448 0.862 0.236
90.973 81.329 64.629 -0.068 0.514 0.855
90.93 81.114 64.783 -0.039 0.657 0.753
91.69 80.843 65.925 -0.546 0.838 -0.009
91.387 80.566 66.076 -0.762 0.64 0.099
90.572 80.786 64.961 -0.218 0.493 0.842
90.079 80.431 65.213 0.11 0.73 0.674
91.328 80.464 66.184 -0.804 0.567 0.177
90.009 80.311 65.341 0.075 0.67 0.739
89.878 80.162 65.521 0.162 0.769 0.619
91.252 80.128 66.491 -0.858 0.327 0.395
89.808 79.852 65.803 0.104 0.51 0.854
91.11 79.929 67.766 -0.763 0.459 -0.455
90.965 79.736 67.868 -0.867 0.322 -0.382
89.675 79.675 65.897 -0.007 0.362 0.932
89.668 79.192 68.389 -0.002 0.684 -0.729
89.678 78.886 66.608 -0.22 0.861 0.459
89.676 78.725 67.435 -0.218 0.97 -0.105
89.394 79.129 68.376 -0.231 0.632 -0.74
89.4 79.612 65.884 -0.235 0.31 0.921
89.206 78.755 66.574 -0.106 0.881 0.461
89.002 78.951 68.454 -0.557 0.483 -0.675
88.815 78.577 66.652 -0.432 0.733 0.526
87.834 79.049 68.763 0.222 0.418 -0.881
89.291 79.509 69.229 -0.317 0.948 -0.029
88.148 79.655 69.605 0.445 0.851 -0.279
90.084 80.336 69.721 -0.846 0.397 -0.357
90.054 80.326 70.511 -0.871 0.388 0.301
88.115 79.644 70.463 0.422 0.843 0.333
88.39 79.457 70.839 0.238 0.968 0.083
86.367 78.744 71.011 -0.773 0.611 0.169
86.405 79.041 70.609 -0.799 0.412 0.438
85.82 78.311 71.498 -0.409 0.899 -0.155
85.561 77.805 70.942 -0.625 0.477 -0.618
86.124 78.491 70.005 -1 0.019 0.006
86.034 78.092 70.297 -0.94 0.285 -0.188
85.563 77.128 70.751 -0.623 -0.087 -0.777
86.037 77.222 70.051 -0.939 -0.15 -0.311
85.791 76.961 70.533 -0.775 0.024 -0.632
86.519 75.837 70.436 -0.346 -0.637 -0.689
86.82 76.013 69.947 -0.547 -0.754 -0.363
86.616 75.303 70.703 -0.411 -0.281 -0.867
85.581 76.233 71.312 -0.898 -0.403 -0.174
85.607 75.729 71.646 -0.916 -0.067 -0.396
85.387 76.519 71.403 -0.77 -0.594 -0.234
85.261 76.727 71.969 -0.875 -0.421 0.238
85.443 75.996 72.374 -0.997 0.066 -0.032
85.328 75.769 72.812 -0.921 0.217 -0.325
86.898 74.129 73.578 0.201 -0.954 0.222
87.301 74.055 73.28 -0.068 -0.905 0.421
87.871 73.839 73.206 -0.448 -0.761 0.47
87.303 74.928 74.363 0.49 -0.383 0.783
88.35 74.785 74.136 -0.208 -0.288 0.935
87.781 75.001 74.209 0.171 -0.432 0.886
88.541 77.358 73.179 0.552 0.747 0.371
89.111 77.142 73.106 0.172 0.891 0.42
89.459 77.382 72.717 -0.06 0.732 0.679
90.908 75.107 72.615 0.664 -0.405 0.628
90.56 74.868 73.004 0.896 -0.246 0.369
92.785 74.097 72.411 -0.587 0.268 0.764
92.358 73.22 71.728 -0.892 -0.358 0.275
90.054 73.831 72.194 0.643 -0.765 -0.036
90.715 71.501 71.27 0.203 0.789 0.58
90.538 71.371 71.47 0.115 0.724 0.68
89.878 73.702 72.394 0.555 -0.829 0.064
90.044 71.332 71.756 0.444 0.751 0.489
89.934 71.282 71.913 0.389 0.726 0.567
89.767 73.652 72.551 0.5 -0.854 0.142
89.711 73.635 72.775 0.538 -0.843 -0.007
88.874 73.497 73.069 -0.16 -0.958 0.238
88.691 73.474 72.929 -0.038 -0.943 0.331
88.858 71.105 72.291 -0.149 0.637 0.756
90.606 71.256 71.571 0.148 0.667 0.73
90.111 71.217 71.857 0.478 0.693 0.54
91.556 71.121 73.323 -0.485 0.757 -0.438
90.875 70.378 74.041 -0.971 0.226 0.075
89.306 70.337 72.707 0.075 0.253 0.964
89.274 70.122 72.784 0.097 0.397 0.913
90.954 69.518 74.092 -0.915 -0.388 0.111
89.346 69.33 72.831 0.157 -0.263 0.952
89.247 67.815 75.199 0.223 0.747 -0.627
89.099 68.892 72.84 -0.217 -0.21 0.953
89.002 67.641 74.747 -0.138 0.799 -0.585
90.169 68.001 75.275 -0.257 0.947 -0.195
91 68.83 74.737 -0.931 0.275 0.242
91.216 69.743 74.841 -0.728 -0.227 0.647
89.508 68.04 75.948 0.41 0.907 -0.091
90.19 67.915 75.999 -0.044 0.991 -0.125
89.976 67.71 77.037 -0.163 0.877 0.451
89.319 67.859 76.867 0.275 0.778 0.565
90.461 67.727 77.538 -0.486 0.866 0.118
90.043 66.986 78.103 -0.784 0.336 0.521
88.901 67.118 77.432 -0.023 0.248 0.968
89.504 66.872 77.676 -0.425 0.412 0.806
91.678 65.224 77.451 0.383 -0.922 0.056
91.351 64.882 76.94 0.601 -0.694 0.397
92.324 64.73 76.329 -0.048 -0.592 0.804
92.126 64.479 76.082 -0.147 -0.718 0.68
91.162 64.642 76.703 0.495 -0.827 0.266
92.23 64.283 75.932 -0.217 -0.587 0.78
91.791 64.072 75.334 -0.583 -0.762 0.282
90.623 64.384 75.97 0.196 -0.97 -0.142
91.561 64.209 75.313 -0.429 -0.853 0.296
92.522 66.434 77.585 0.987 -0.058 0.152
93.324 66.162 76.488 0.452 0.124 0.883
93.443 66.393 76.422 0.373 -0.03 0.927
94.071 66.96 75.312 0.897 0.442 0.002
94.132 66.891 75.061 0.856 0.488 0.17
94.571 67.991 74.133 0.564 -0.246 0.788
94.644 67.88 74.033 0.617 -0.325 0.717
94.219 66.759 74.942 0.9 0.422 0.111
94.42 66.822 74.331 0.766 0.38 0.518
94.605 66.11 74.319 0.859 0.025 0.512
94.405 66.047 74.93 0.992 0.066 0.105
94.749 65.986 74.13 0.763 0.107 0.638
94.58 65.156 73.99 0.622 -0.585 0.521
94.188 64.98 74.75 0.884 -0.467 0.014
94.388 65.043 74.139 0.75 -0.509 0.422
92.721 64.078 73.493 -0.083 -0.992 0.099
92.521 64.015 74.104 0.05 -0.95 -0.309
92.352 63.931 73.015 0.162 -0.894 0.418
93.509 64.304 72.568 0.31 -0.878 -0.364
93.018 64.123 72.233 0.638 -0.757 -0.141
93.142 64.175 71.643 0.555 -0.792 0.253
93.989 64.704 72.322 0.55 -0.678 -0.487
93.621 64.575 71.397 0.795 -0.592 0.13
94.541 65.078 71.104 0.182 -0.928 0.325
94.432 65.024 70.462 0.092 -0.973 -0.21
93.482 64.505 70.571 0.725 -0.627 -0.283
93.377 64.455 70.33 0.795 -0.594 -0.122
94.13 65.784 69.602 -0.16 -0.34 -0.927
93.075 65.215 69.47 0.543 0.039 -0.839
93.093 65.482 69.466 0.531 -0.139 -0.836
94.512 65.1 72.633 0.812 -0.48 -0.331
94.948 65.386 71.346 0.522 -0.671 0.527
94.677 65.2 72.819 0.702 -0.547 -0.455
94.896 66.276 72.995 0.885 0.349 -0.308
95.167 66.462 71.522 0.704 0.225 0.673
94.794 66.483 72.859 0.953 0.211 -0.218
94.788 66.505 72.857 0.95 0.222 -0.219
95.163 66.479 71.521 0.701 0.239 0.672
94.955 67.612 72.788 0.839 -0.516 -0.172
94.796 66.506 72.893 0.954 0.222 -0.201
94.962 67.613 72.818 0.843 -0.516 -0.151
94.898 66.294 73.021 0.886 0.364 -0.286
94.868 66.382 73.673 0.862 0.437 0.257
94.93 67.708 73.526 0.821 -0.448 0.355
94.758 66.619 73.732 0.935 0.279 0.218
93.784 67.312 75.507 0.657 0.736 0.165
94.258 68.374 74.345 0.341 0.028 0.94
94.179 69.096 74.556 0.394 -0.454 0.799
94.506 69.17 74.388 0.575 -0.413 0.706
94.547 68.439 74.196 0.547 0.074 0.834
95.025 69.624 74.457 0.229 -0.716 0.66
93.633 70.421 74.836 0.091 0.282 0.955
94.253 70.731 74.854 -0.323 0.075 0.944
92.976 70.439 75.062 0.529 0.27 0.805
92.694 71.262 74.49 0.328 0.858 0.395
93.971 71.554 74.281 -0.524 0.663 0.534
93.315 71.351 74.189 -0.086 0.799 0.596
93.334 71.621 73.672 -0.076 0.948 0.308
93.988 71.793 73.824 -0.512 0.833 0.208
93.42 73.394 72.69 -0.133 -0.234 0.963
94.857 73.208 71.708 0.893 -0.366 0.262
95.425 71.608 72.842 0.514 0.701 -0.494
95.531 71.52 71.388 0.444 0.76 0.475
94.924 73.274 71.499 0.941 -0.32 0.112
95.593 71.58 71.195 0.495 0.81 0.314
95.224 73.432 70.888 0.741 -0.425 0.519
92.907 71.572 73.534 -0.313 0.921 0.232
93.042 73.35 72.568 -0.403 -0.265 0.876
92.333 71.457 73.91 0.07 0.997 -0.019
91.78 71.168 73.21 -0.325 0.791 -0.519
92.49 73.061 71.868 -0.798 -0.471 0.376
92.278 71.307 72.002 -0.657 0.698 0.286
92.277 71.307 72.001 -0.657 0.698 0.285
92.489 73.061 71.866 -0.798 -0.471 0.375
90.87 71.312 71.435 0.281 0.695 0.662
92.277 71.306 72.002 -0.657 0.697 0.286
90.87 71.311 71.436 0.281 0.694 0.663
91.779 71.167 73.209 -0.326 0.79 -0.519
93.503 69.361 74.83 0.018 -0.307 0.951
92.86 69.501 75.056 0.446 -0.4 0.8
93.233 67.527 75.73 0.198 0.915 0.351
93.068 67.52 75.803 0.061 0.909 0.412
92.681 69.493 75.135 0.319 -0.406 0.857
92.842 67.612 75.692 0.211 0.848 0.485
92.523 67.613 75.773 0.052 0.849 0.526
92.411 69.494 75.204 0.126 -0.405 0.906
91.846 67.66 76.982 0.503 0.818 -0.28
91.793 68.629 75.324 0.075 0.351 0.933
91.583 67.947 75.985 0.236 0.872 0.428
91.161 67.854 76.964 0.014 0.956 -0.292
91.727 69.688 75.186 -0.363 -0.267 0.893
90.768 67.853 76.389 0.277 0.957 0.091
92.73 67.502 75.898 0.155 0.794 0.588
92.02 67.566 77.087 0.628 0.751 -0.204
92.98 67.435 75.963 -0.012 0.838 0.545
91.351 75.923 72.286 0.886 0.003 0.463
93.16 74.786 72.133 -0.319 0.761 0.565
92.171 76.78 71.858 0.34 -0.569 0.749
92.667 76.998 71.596 0.754 -0.387 0.531
93.699 75.023 71.849 0.066 0.93 0.362
93.839 75.408 71.284 -0.028 0.673 0.739
92.781 77.107 71.484 0.849 -0.297 0.438
93.979 75.541 71.147 0.05 0.747 0.663
92.942 77.246 71.321 0.741 -0.39 0.547
91.763 77.435 72.159 -0 -0.024 1
91.633 77.667 72.188 0.087 -0.179 0.98
90.827 76.764 72.673 0.624 0.423 0.657
89.753 77.595 72.435 0.087 0.839 0.538
90.56 78.498 71.95 -0.45 0.237 0.861
89.04 78.282 72.141 0.563 0.38 0.734
89.033 78.319 72.127 0.559 0.398 0.727
90.553 78.534 71.936 -0.454 0.255 0.854
90.636 79.132 71.944 -0.509 -0.144 0.849
92.68 79.685 71.006 0.951 0.251 0.179
92.973 79.189 70.826 0.756 0.582 0.299
93.368 79.187 70.306 0.493 0.583 0.646
92.524 80.081 70.615 0.84 0.534 -0.101
93.183 79.655 69.842 0.4 0.818 0.414
93.566 81.091 68.994 0.145 -0.14 0.98
93.724 81.025 68.95 0.257 -0.187 0.948
93.37 79.577 69.79 0.493 0.778 0.388
93.707 80.333 68.987 0.268 0.274 0.923
94.302 79.853 68.767 0.598 0.008 0.801
93.993 79.074 69.56 0.805 0.527 0.273
94.801 79.397 68.601 0.266 0.312 0.912
94.946 79.108 68.616 0.37 0.106 0.923
94.165 78.732 69.578 0.891 0.356 0.282
94.294 78.499 69.549 0.805 0.511 0.301
94.703 80.403 68.184 0.821 0.313 0.477
95.155 79.883 68.084 0.52 0.66 0.543
94.605 81.087 68.239 0.887 -0.143 0.44
94.732 81.262 67.328 0.977 -0.018 -0.211
95.283 80.059 67.174 0.611 0.785 -0.107
94.847 80.601 67.155 0.901 0.423 -0.095
92.206 80.433 70.63 0.613 0.785 -0.09
93.249 81.443 69.009 -0.082 0.112 0.99
92 80.638 70.303 0.751 0.648 0.128
90.858 80.671 69.299 -0.201 0.676 -0.709
92.009 81.479 67.919 -0.968 0.137 0.211
91.396 80.444 68.322 -0.559 0.827 -0.057
91.366 80.402 68.167 -0.58 0.797 -0.168
91.979 81.437 67.764 -0.989 0.107 0.101
91.736 80.798 67.647 -0.827 0.533 0.179
91.833 80.927 66.977 -0.773 0.604 -0.193
92.065 81.55 67.171 -0.928 0.188 -0.323
91.595 80.714 66.299 -0.614 0.746 0.259
92.043 80.999 65.784 -0.294 0.95 -0.109
92.513 81.836 66.656 -0.608 0.392 -0.691
92.274 81.139 65.234 -0.448 0.856 0.257
93.613 81.356 65.005 0.221 0.965 0.143
93.644 82.019 66.463 0.2 0.523 -0.829
93.765 81.379 64.786 0.12 0.95 0.289
93.183 81.412 64.475 0.007 0.993 -0.122
93.431 81.422 64.374 -0.159 0.986 -0.054
92.895 82.224 62.987 0.199 0.451 0.87
92.793 81.382 64.526 -0.188 0.977 -0.096
92.565 82.199 63.03 -0.036 0.433 0.901
91.702 81.661 63.949 0.54 0.791 0.288
92.273 81.139 65.233 -0.448 0.856 0.257
91.297 81.473 64.499 0.202 0.634 0.747
92.042 80.999 65.783 -0.294 0.949 -0.11
91.514 80.388 67.22 -0.951 0.305 -0.058
91.312 80.238 66.514 -0.816 0.405 0.412
91.169 80.039 67.789 -0.721 0.538 -0.438
90.483 80.262 69.202 -0.513 0.335 -0.79
90.988 80 68.216 -0.85 0.51 -0.133
89.69 79.435 68.71 0.016 0.887 -0.462
90.184 80.027 71.109 -0.832 0.495 0.252
90.138 80.264 70.744 -0.801 0.337 0.495
88.498 79.378 71.138 0.292 0.928 0.232
89.451 77.395 72.701 -0.064 0.738 0.671
88.737 78.082 72.407 0.412 0.28 0.867
88.533 77.372 73.164 0.548 0.754 0.363
87.786 77.664 73.237 0.174 0.9 0.399
87.99 78.375 72.48 0.038 0.426 0.904
87.606 78.032 72.791 0.293 0.655 0.697
86.522 78.432 72.113 -0.345 0.89 0.298
86.823 78.805 71.751 -0.546 0.642 0.539
86.175 78.359 72.073 -0.114 0.939 0.325
86.31 77.702 72.887 -0.47 0.461 0.753
85.997 77.748 72.721 -0.261 0.43 0.864
86.391 77.309 73.34 -0.524 0.723 0.451
85.909 76.863 73.252 -0.765 0.5 0.407
85.622 77.401 72.652 -0.574 0.141 0.807
85.721 76.502 73.554 -0.64 0.741 0.205
91.986 83.574 58.903 0.894 -0.268 0.36
92.959 82.355 60.646 0.245 0.544 -0.802
92.679 82 60.118 0.432 0.781 -0.45
91.978 83.359 58.619 0.886 -0.446 0.123
92.668 81.737 59.769 0.426 0.635 -0.644
92.1 82.008 59.376 0.805 0.455 -0.382
92.05 81.485 59.023 0.769 0.081 -0.635
92.612 81.146 59.37 0.394 0.307 -0.866
91.835 81.203 58.536 0.912 0.269 -0.31
92.042 81.503 59.016 0.763 0.094 -0.639
91.826 81.224 58.528 0.907 0.28 -0.314
91.758 81.993 57.762 0.953 -0.233 0.196
91.749 81.89 57.66 0.948 -0.284 0.146
91.817 81.122 58.426 0.902 0.229 -0.365
91.779 81.783 57.417 0.927 -0.212 0.308
91.484 81.167 56.925 0.681 -0.725 -0.102
91.437 80.33 57.794 0.712 -0.167 -0.682
91.364 80.078 57.744 0.761 0.001 -0.648
91.38 81.1 56.819 0.595 -0.781 -0.19
91.26 80.01 57.639 0.675 -0.055 -0.736
90.89 80.17 56.003 0.921 -0.161 0.355
91.366 81.776 56.108 0.584 -0.217 -0.782
90.876 80.905 55.23 0.911 0.363 -0.197
90.746 81.549 54.991 0.997 -0.066 -0.037
90.639 81.332 54.531 0.938 -0.186 -0.293
90.781 80.713 54.823 0.843 0.226 -0.488
90.729 81.764 53.991 0.878 -0.474 0.067
90.215 81.311 53.451 0.511 -0.798 -0.32
90.267 80.26 54.282 0.476 -0.097 -0.874
90.058 80.82 53.92 0.615 -0.471 -0.632
89.322 80.41 53.825 0.206 -0.699 -0.685
89.616 79.897 54.198 0.011 -0.357 -0.934
88.339 79.449 53.552 0.862 -0.058 -0.503
88.249 78.78 54.139 0.788 -0.616 -0.014
89.519 79.17 54.835 -0.059 -0.876 -0.479
88.311 78.813 54.397 0.747 -0.638 -0.187
87.839 79.004 56.104 0.511 -0.543 0.666
89.121 79.331 56.277 -0.343 -0.761 0.551
87.655 79.023 56.296 0.634 -0.556 0.538
86.346 80.06 56.714 -0.236 -0.015 0.972
86.493 79.845 56.771 -0.334 0.129 0.934
87.366 80.634 58.075 -0.915 -0.397 0.065
87.1 78.705 53.298 -0.17 -0.678 -0.715
86.833 78.718 53.316 0.008 -0.686 -0.727
86.088 78.947 52.529 0.505 -0.839 -0.202
85.916 78.831 52.657 0.419 -0.898 -0.138
86.661 78.601 53.445 -0.078 -0.744 -0.663
86.037 78.634 53.27 0.338 -0.766 -0.547
85.884 78.333 53.759 0.262 -0.917 -0.302
86.508 78.3 53.934 -0.154 -0.895 -0.419
85.723 75.608 53.657 0.369 0.9 -0.234
86.203 77.899 54.471 -0.2 -0.973 -0.114
85.65 75.93 54.201 0.334 0.931 0.147
85.452 75.546 54.669 0.175 0.855 0.488
86.187 78.226 55.131 -0.315 -0.932 0.18
85.337 78.177 54.862 0.252 -0.899 0.359
85.289 78.226 54.993 0.212 -0.858 0.469
86.125 78.29 55.3 -0.346 -0.9 0.264
85.501 78.322 55.125 0.07 -0.922 0.381
85.246 80.056 56.357 -0.057 -0.055 0.997
85.87 80.023 56.532 -0.473 -0.033 0.88
84.926 80.571 56.496 0.156 -0.398 0.904
85.1 80.899 56.555 0.281 -0.164 0.946
86.076 80.411 56.601 -0.37 0.161 0.915
85.36 81.917 57.183 0.107 -0.843 0.527
83.973 81.146 56.423 -0.524 0.012 0.852
84.026 82.209 57.027 -0.559 -0.697 0.449
83.569 81.576 56.31 -0.255 -0.274 0.927
83.024 82.145 56.154 -0.528 0.011 0.849
83.481 82.779 56.871 -0.832 -0.412 0.371
82.66 83.105 56.344 -0.285 -0.629 0.723
82.678 83.764 56.724 -0.277 -0.3 0.913
83.498 83.438 57.252 -0.824 -0.082 0.561
83.123 84.37 57.465 -0.574 -0.704 0.419
83.149 84.372 57.502 -0.561 -0.703 0.438
83.524 83.44 57.289 -0.811 -0.081 0.58
83.559 83.924 57.594 -0.834 -0.404 0.377
85.509 83.359 58.268 0.142 -0.686 0.713
85.475 82.876 57.963 0.165 -0.364 0.917
87.055 82.996 59.166 -0.889 -0.444 0.114
85.425 84.242 58.77 0.099 -0.245 0.964
86.97 83.879 59.669 -0.931 -0.003 0.365
86.763 84.789 60.201 -0.793 -0.61 0.01
85.205 84.605 58.837 -0.011 -0.063 0.998
86.543 85.152 60.268 -0.903 -0.428 0.044
86.251 85.453 59.853 -0.709 -0.629 0.32
86.18 85.698 60.072 -0.751 -0.485 0.449
86.465 85.415 60.502 -0.941 -0.296 0.161
85.885 86.138 60.302 -0.554 -0.778 0.295
86.143 86.578 61.137 -0.425 -0.559 0.712
86.724 85.855 61.337 -0.812 -0.077 0.579
86.921 86.084 61.844 -0.943 -0.229 0.241
86.142 86.611 61.161 -0.425 -0.542 0.725
86.919 86.117 61.869 -0.944 -0.213 0.253
86.713 86.661 62.045 -0.806 -0.576 0.135
88.239 86.773 63.481 -0.044 -0.52 0.853
88.445 86.229 63.305 -0.181 -0.157 0.971
88.894 85.85 63.453 -0.48 0.096 0.872
88.766 87.128 63.602 0.22 -0.343 0.913
89.384 86.179 63.565 -0.192 0.29 0.938
88.854 87.568 63.84 0.161 -0.636 0.755
89.978 88.229 63.079 0.964 -0.164 0.211
90.62 86.907 62.728 0.536 0.718 0.445
90.096 87.911 62.701 0.885 0.049 0.463
90.284 87.982 62.144 0.979 0.084 0.185
90.795 86.973 62.21 0.638 0.757 0.141
90.49 87.437 61.968 0.842 0.447 0.302
89.459 88.3 60.2 0.566 0.243 -0.787
89.665 87.756 60.024 0.429 0.606 -0.67
89.468 87.526 59.517 0.56 0.759 -0.332
89.44 88.309 60.19 0.557 0.248 -0.793
89.449 87.535 59.506 0.551 0.764 -0.337
88.868 88.258 59.305 0.938 0.282 -0.203
88.594 87.82 58.52 0.8 0.063 -0.596
89.175 87.097 58.72 0.413 0.545 -0.73
88.698 87.261 58.415 0.731 0.435 -0.526
88.705 87.169 58.353 0.734 0.38 -0.562
89.181 86.997 58.654 0.417 0.495 -0.763
89.899 86.257 57.298 -0.062 0.988 0.142
90.592 85.934 57.785 0.433 0.757 0.49
90.001 86.614 59.231 0.826 0.303 -0.474
90.732 85.674 58.311 0.339 0.93 0.139
90.933 84.506 56.136 0.677 -0.263 -0.688
91.136 83.983 56.359 0.542 0.085 -0.836
91.05 83.403 56.075 0.599 0.472 -0.647
91.773 82.391 57.925 0.96 -0.034 0.278
91.859 82.971 58.21 0.903 -0.421 0.089
92.055 81.839 59.154 0.772 0.334 -0.541
92.086 81.966 59.304 0.795 0.425 -0.434
91.896 83.122 58.387 0.921 -0.346 0.178
91.965 83.321 58.552 0.876 -0.478 0.068
90.796 84.5 56.02 0.579 -0.267 -0.771
90.888 83.396 55.938 0.517 0.469 -0.716
90.545 83.235 54.364 0.746 0.576 0.333
90.814 82.243 54.346 0.938 -0.132 0.32
91.206 82.222 55.915 0.677 -0.118 -0.727
90.735 81.873 54.931 0.991 0.115 -0.071
90.74 81.831 54.943 0.994 0.091 -0.064
91.212 82.178 55.928 0.679 -0.14 -0.72
91.361 82.006 56.069 0.579 -0.025 -0.815
90.388 84.923 55.759 0.287 0.035 -0.957
90.136 83.658 54.103 0.455 0.879 0.147
89.999 84.848 55.573 0.546 0.085 -0.833
88.694 84.769 55.565 -0.542 0.02 -0.84
88.719 83.573 54.094 -0.558 0.818 0.14
86.709 84.287 55.086 0.782 0.342 -0.521
86.47 84.103 54.717 0.662 0.25 -0.706
88.517 83.418 53.782 -0.702 0.707 -0.083
86.399 83.48 53.311 0.709 0.666 0.231
86.556 82.797 52.393 0.84 0.097 -0.533
88.688 82.676 52.785 -0.58 0.177 -0.795
86.51 82.585 52.236 0.871 0.238 -0.429
86.549 82.135 52.186 0.891 0.013 -0.454
88.72 82.296 52.743 -0.557 -0.094 -0.825
86.682 81.499 52.117 0.802 0.437 -0.408
86.832 81.132 52.115 0.877 0.253 -0.409
88.847 81.986 52.741 -0.466 -0.316 -0.826
86.849 80.917 51.959 0.866 0.397 -0.305
86.97 80.605 52.067 0.967 0.138 -0.214
88.979 81.648 52.859 -0.372 -0.557 -0.742
87.733 80.503 53.042 0.458 0.206 -0.865
88.122 80.137 53.256 0.652 0.024 -0.758
89.307 81.339 53.039 -0.138 -0.778 -0.613
89.032 80.852 53.455 0.045 -0.453 -0.89
88.34 79.796 53.508 0.761 -0.147 -0.631
89.241 80.526 53.696 0.161 -0.634 -0.756
88.272 79.544 53.447 0.807 0.021 -0.591
87.64 79.772 52.976 0.411 -0.159 -0.898
87.727 79.526 53.033 0.353 0.005 -0.936
86.897 80.037 52.015 0.906 -0.336 -0.257
86.571 79.557 52.04 0.634 -0.736 -0.237
87.401 79.045 53.058 0.081 -0.395 -0.915
86.475 79.384 52.22 0.698 -0.621 -0.356
85.067 81.938 51.124 0.15 -0.085 -0.985
85.2 81.303 51.055 0.061 0.338 -0.939
84.578 82.214 50.903 0.475 -0.269 -0.838
83.829 81.783 50.935 -0.06 -0.577 -0.815
84.313 80.793 51.093 -0.383 0.083 -0.92
83.828 80.43 51.129 -0.06 0.325 -0.944
84.234 78.62 52.588 0.23 -0.968 0.099
84.794 78.65 52.82 -0.143 -0.988 -0.056
84.915 78.453 53.433 -0.223 -0.857 -0.465
84.16 78.611 52.645 0.177 -0.974 0.139
84.826 78.442 53.501 -0.267 -0.862 -0.431
84.764 78.319 53.73 -0.226 -0.78 -0.584
84.931 78.262 53.765 -0.087 -0.827 -0.555
85.041 78.369 53.546 -0.16 -0.899 -0.409
85.011 75.639 53.477 -0.14 0.921 -0.363
85.295 77.655 54.2 0.189 -0.515 -0.836
85.256 76.203 54.105 0.219 0.608 -0.763
85.141 76.22 54.155 0.163 0.986 0.017
85.093 77.61 54.281 0.231 -0.96 -0.16
83.801 78.641 52.859 -0.079 -0.953 0.292
84.434 78.347 53.927 -0.501 -0.757 -0.42
83.505 78.696 53.176 0.119 -0.99 0.081
83.08 79.003 53.843 -0.235 -0.734 0.638
84.009 78.654 54.595 -0.855 -0.501 0.137
83.856 78.872 54.613 -0.752 -0.647 0.125
82.808 79.665 54.12 -0.461 -0.182 0.868
83.507 79.724 54.969 -0.927 -0.221 0.303
82.957 80.563 55.008 -0.561 -0.78 0.276
83.162 80.675 55.484 -0.458 -0.725 0.515
83.712 79.836 55.445 -0.825 -0.165 0.541
83.629 80.385 55.726 -0.77 -0.531 0.353
82.417 79.98 53.811 -0.788 0.081 0.611
82.454 80.968 54.61 -0.812 -0.578 0.078
82.289 81.143 54.491 -0.702 -0.694 0.157
82.093 81.972 54.904 -0.866 -0.003 0.501
82.202 82.035 55.141 -0.938 -0.045 0.343
81.839 82.995 55.33 -0.696 -0.685 0.216
81.963 82.063 54.56 -0.974 0.073 0.214
81.672 83.112 54.889 -0.78 -0.626 -0.005
81.471 83.232 54.448 -0.646 -0.706 0.289
81.355 85.158 54.242 -0.729 0.67 0.142
81.534 85.392 54.645 -0.848 0.514 -0.127
81.646 86.142 55.031 -0.923 0.014 -0.384
81.6 85.895 55.726 -0.962 -0.192 0.195
81.474 85.074 55.538 -0.878 0.355 0.32
81.646 85.562 55.845 -0.993 0.03 0.116
82.271 84.873 56.811 -0.625 -0.375 0.684
82.146 84.333 56.578 -0.542 -0.015 0.84
82.592 84.939 57.319 -0.839 -0.419 0.346
82.106 86.189 56.608 -0.722 0.399 0.565
82.415 86.355 57.1 -0.928 0.289 0.237
81.985 86.42 56.365 -0.641 0.246 0.727
82.185 86.876 56.236 -0.474 0.625 0.62
82.673 86.941 56.934 -0.799 0.582 0.154
82.886 87.307 57.211 -0.941 0.337 -0.03
84.022 86.549 58.611 -0.129 -0.204 0.97
84.018 86.043 58.592 -0.126 0.133 0.983
85.185 86.865 59.915 -0.904 -0.415 0.101
85.442 86.453 59.943 -0.775 -0.621 0.116
84.275 85.632 58.621 0.003 -0.073 0.997
84.685 85.183 58.713 -0.27 0.226 0.936
85.744 86.17 60.05 -0.624 -0.763 0.169
84.987 84.9 58.82 -0.119 0.084 0.989
86.049 85.727 59.837 -0.827 -0.468 0.311
83.992 86.622 58.62 -0.151 -0.152 0.977
85.149 86.951 59.925 -0.922 -0.372 0.107
84.844 87.299 59.569 -0.719 -0.604 0.344
85.162 88.696 60.375 -0.532 0.218 0.818
85.491 88.454 60.792 -0.751 0.379 0.54
85.787 88.697 61.259 -0.949 0.218 0.229
86.13 87.602 61.736 -0.747 -0.426 0.51
85.86 87.277 61.306 -0.567 -0.209 0.797
86.431 87.327 62.19 -0.948 -0.243 0.207
86.43 88.877 62.152 -0.571 0.323 0.755
86.754 88.698 62.638 -0.786 0.443 0.431
86.398 89.214 62.04 -0.549 0.098 0.83
86.805 89.641 62.083 -0.21 0.454 0.866
87.277 89.247 62.693 -0.524 0.717 0.459
87.597 89.358 63.072 -0.737 0.643 0.206
87.501 90.058 61.607 0.37 0.802 0.469
88.352 89.811 62.555 -0.198 0.967 -0.163
88.172 89.783 62.081 -0.077 0.985 0.153
87.786 90.048 61.095 0.607 0.793 0.042
88.538 89.77 61.423 0.106 0.979 -0.176
88.089 89.874 61.023 0.405 0.91 0.09
88.646 89.117 60.024 0.733 0.464 -0.497
89.137 88.956 60.348 0.405 0.572 -0.713
88.566 88.905 59.464 0.786 0.605 -0.124
87.497 89.812 60.048 0.057 0.874 -0.483
87.33 89.654 59.49 0.169 0.979 -0.111
86.872 89.812 59.164 0.474 0.874 0.106
86.852 87.904 57.537 0.462 -0.248 -0.851
87.308 87.601 57.739 0.158 -0.047 -0.986
86.564 87.777 57.368 0.654 -0.164 -0.739
86.559 87.759 57.368 0.65 -0.179 -0.738
87.303 87.578 57.74 0.155 -0.058 -0.986
87.498 87.037 57.689 0.025 0.303 -0.953
86.521 87.702 57.351 0.618 -0.226 -0.753
87.452 86.969 57.669 -0.002 0.263 -0.965
86.496 86.236 56.487 0.635 0.752 -0.177
86.722 86.001 56.453 0.748 0.634 -0.194
87.663 86.751 57.637 0.121 0.135 -0.983
88.678 85.726 56.39 -0.555 0.818 -0.152
89.018 85.898 56.513 -0.272 0.961 -0.05
88.069 86.956 57.784 0.361 0.256 -0.897
89.322 86.064 56.78 -0.474 0.85 -0.228
86.662 85.033 55.482 0.718 0.151 -0.679
88.631 84.974 55.635 -0.594 0.19 -0.781
86.628 84.549 55.177 0.741 0.473 -0.476
85.744 85.388 55.024 0.259 0.328 -0.908
85.71 84.904 54.719 0.282 0.651 -0.705
84.889 85.23 54.191 0.829 0.433 -0.353
84.911 84.905 53.957 0.84 0.271 -0.47
85.731 84.579 54.485 0.293 0.488 -0.822
85.569 83.939 53.184 0.401 0.915 0.045
85.605 83.923 53.188 0.419 0.907 0.047
85.767 84.563 54.488 0.311 0.48 -0.82
85.852 83.837 53.133 0.254 0.964 0.083
84.17 84.974 53.241 0.47 0.305 -0.829
84.828 84.007 52.468 0.031 0.949 -0.313
84.065 84.187 52.214 0.54 0.829 -0.144
84.103 84.103 52.013 0.571 0.759 -0.312
84.877 83.899 52.209 0.055 0.895 -0.442
84.418 83.87 51.82 0.361 0.915 -0.183
82.427 82.514 52.416 -0.825 -0.565 0.024
82.598 82.145 52.258 -0.939 -0.318 0.13
82.269 81.839 53.481 -0.719 -0.114 -0.685
82.303 81.744 53.467 -0.691 -0.193 -0.697
82.636 82.042 52.243 -0.912 -0.392 0.119
82.431 80.581 52.786 -0.776 0.582 -0.243
82.474 80.479 52.534 -0.74 0.497 -0.453
82.682 81.931 51.969 -0.879 -0.471 -0.076
82.682 80.578 52.163 -0.879 0.431 -0.205
82.332 82.697 52.518 -0.904 -0.413 0.109
82.173 82.021 53.582 -0.799 0.038 -0.6
81.7 83.186 53.386 -0.483 -0.739 -0.47
83.265 84.343 52.082 -0.127 0.959 -0.254
82.714 84.974 52.913 0.241 0.538 -0.808
83.142 85.174 53.071 -0.045 0.405 -0.913
82.103 85.759 54.014 -0.564 0.697 -0.442
81.836 85.468 53.709 -0.386 0.891 -0.239
82.089 86.427 54.54 -0.554 0.252 -0.793
82.958 86.046 53.85 -0.136 0.841 -0.524
82.754 86.65 54.413 0 0.438 -0.899
83.026 86.465 54.275 -0.181 0.562 -0.807
83.484 87.091 55.042 0.088 0.93 -0.356
83.137 87.175 55.055 0.32 0.875 -0.365
83.897 87.326 55.416 -0.187 0.774 -0.605
83.466 87.516 56.05 -0.402 0.869 -0.288
82.802 87.323 55.548 0.04 0.998 0.047
83.556 87.793 56.464 -0.462 0.684 -0.564
84.992 87.573 56.118 0.361 0.897 -0.254
84.845 87.841 56.521 0.459 0.718 -0.523
85.67 88.393 57.135 -0.091 0.35 -0.932
85.266 88.687 57.438 -0.428 0.595 -0.68
84.406 88.16 56.85 0.145 0.947 -0.288
85.3 88.992 57.62 -0.451 0.392 -0.802
85.999 86.734 56.316 0.865 0.478 -0.155
86.453 87.741 57.289 0.562 -0.194 -0.804
86.409 86.285 56.408 0.592 0.777 -0.217
85.333 85.84 54.933 0.531 0.031 -0.846
85.743 85.392 55.025 0.258 0.33 -0.908
84.888 85.234 54.192 0.828 0.435 -0.353
84.809 86.389 54.799 0.269 0.305 -0.913
84.364 85.783 54.059 0.566 0.709 -0.42
84.332 86.22 54.469 0.587 0.418 -0.693
87.479 89.821 60.061 0.046 0.879 -0.475
86.854 89.82 59.177 0.463 0.879 0.114
87.275 90.004 60.29 0.182 0.756 -0.628
87.232 90.024 60.304 0.145 0.773 -0.617
86.801 89.844 59.193 0.432 0.893 0.123
86.509 90.018 59.305 0.627 0.778 0.049
85.154 89.129 60.282 -0.503 0.036 0.864
85.181 88.781 60.362 -0.521 0.268 0.811
85.806 88.782 61.245 -0.938 0.268 0.221
85.161 89.15 60.285 -0.497 0.054 0.866
85.814 88.808 61.249 -0.933 0.283 0.224
85.883 89.156 61.284 -0.978 0.05 0.2
93.624 80.286 61.355 0.957 -0.17 0.237
93.795 80.839 61.74 0.842 -0.539 -0.02
93.818 79.473 62.342 0.827 0.372 -0.422
80.355 67.925 50.203 -0.104 0.962 -0.252
81.256 68.914 50.787 -0.705 0.302 -0.641
80.611 67.931 49.954 -0.275 0.958 -0.086
82.114 66.603 49.884 0.978 -0.15 -0.145
83.053 67.326 50.703 0.352 -0.632 -0.691
82.151 66.336 50.119 0.953 0.028 -0.301
81.037 63.183 57.1 0.546 0.837 0.032
80.833 63.782 58.027 0.682 0.437 -0.586
81.639 62.958 57.042 0.144 0.987 0.071
81.754 62.925 57.167 0.202 0.97 0.133
80.93 63.754 58.132 0.751 0.417 -0.511
82.017 62.889 57.209 0.027 0.994 0.105
82.284 62.677 57.705 0.25 0.818 0.519
81.221 63.524 58.672 0.959 0.253 -0.126
81.463 63.706 59.365 0.798 0.132 -0.588
81.26 64.144 59.301 0.686 0.376 -0.623
81.042 63.912 58.615 0.831 0.53 -0.166
81.338 64.806 59.522 0.634 -0.066 -0.771
81.749 63.811 60.815 0.957 0.19 0.218
81.771 64.511 60.862 0.943 -0.277 0.187
81.983 63.202 61.069 0.801 0.596 0.049
81.474 63.25 61.897 0.438 0.631 0.641
81.262 64.559 61.691 0.579 -0.242 0.778
81.174 63.865 61.751 0.638 0.221 0.738
80.487 64.029 62.07 0.256 0.312 0.915
80.654 64.705 61.973 0.145 -0.138 0.98
79.529 64.656 64.092 0.895 -0.106 -0.433
78.653 65.652 63.65 0.27 0.605 -0.749
79.778 65.7 61.531 -0.48 0.573 0.664
78.358 65.52 61.702 0.467 0.693 0.55
78.358 65.521 61.701 0.466 0.694 0.549
79.778 65.701 61.529 -0.481 0.574 0.663
78.269 65.729 61.557 0.525 0.555 0.645
78.356 65.522 61.702 0.465 0.694 0.55
78.268 65.729 61.558 0.524 0.555 0.646
78.651 65.653 63.65 0.268 0.606 -0.749
78.315 65.8 63.715 0.028 0.711 -0.703
77.958 65.864 61.617 0.266 0.668 0.695
77.668 66.035 63.702 0.459 0.554 -0.694
80.364 63.481 62.191 0.188 0.007 0.982
79.42 64.171 64.199 0.817 -0.453 -0.357
80.757 62.91 62.286 -0.074 0.388 0.919
79.243 63.893 63.315 0.706 -0.658 0.261
79.894 63.279 62.384 0.222 -0.202 0.954
80.32 62.442 62.289 -0.387 0.054 0.921
78.983 63.703 64.202 0.505 -0.787 -0.355
78.343 62.967 63.349 0.931 -0.296 0.214
78.341 62.963 63.354 0.929 -0.299 0.217
78.98 63.7 64.207 0.503 -0.79 -0.351
79.088 61.393 64.436 0.431 0.748 -0.504
79.322 61.516 65.379 0.569 0.821 0.05
79.193 63.812 65.063 0.655 -0.709 0.26
78.942 61.9 65.558 0.822 0.565 -0.069
78.231 62.318 66.552 0.467 0.774 0.428
78.592 64.165 65.903 0.226 -0.457 0.86
77.617 63.139 67.832 0.876 0.227 -0.426
77.545 63.446 67.962 0.816 0.483 -0.318
78.514 64.499 66.044 0.17 -0.219 0.961
77.892 64.565 66.334 0.584 -0.262 0.768
77.22 63.862 68.202 0.545 0.83 -0.117
77.493 65.076 66.628 0.362 0.021 0.932
77.014 64.031 68.235 0.682 0.718 -0.139
76.899 64.137 68.27 0.625 0.771 -0.122
77.384 65.177 66.661 0.302 0.078 0.95
76.62 64.739 67.407 0.811 0.37 0.453
77.682 62.431 68.411 0.93 -0.363 0.056
77.609 62.19 68.503 0.979 -0.202 -0.005
78.315 61.408 67.296 0.508 0.319 0.8
79.376 61.027 66.306 0.6 0.533 0.596
79 61.374 66.556 0.851 0.302 0.43
79.488 60.633 66.751 0.525 0.796 0.3
80.019 60.416 65.476 0.979 0.174 0.108
80.18 59.975 65.858 0.872 0.468 -0.147
80.564 59.517 65.864 0.616 0.773 -0.151
78.341 62.96 63.349 0.929 -0.302 0.213
79.088 61.389 64.43 0.431 0.746 -0.508
80.317 62.435 62.288 -0.388 0.049 0.92
79.398 61.055 63.507 0.894 0.409 -0.181
79.973 61.571 62.522 0.231 -0.185 0.955
80.74 61.375 61.981 -0.086 -0.708 0.701
79.553 60.223 64.092 0.705 0.06 -0.707
79.286 59.753 62.607 0.883 0.373 0.283
80.836 60.969 61.071 -0.018 -0.999 0.05
79.392 59.306 61.605 0.946 0.11 -0.306
79.784 58.674 60.397 0.684 0.531 0.499
80.844 60.968 61.06 -0.012 -0.999 0.043
79.793 58.673 60.385 0.689 0.531 0.493
79.875 59.109 60.023 0.634 0.241 0.735
81.053 60.99 60.835 0.137 -0.983 -0.118
80.122 59.135 59.756 0.758 0.253 0.601
81.424 59.71 59.179 -0.11 -0.13 0.985
81.298 61.046 60.846 0.312 -0.944 -0.11
81.669 59.766 59.191 0.065 -0.091 0.994
82.276 59.342 59.301 -0.34 0.192 0.921
82.04 61.711 60.627 0.842 -0.469 -0.267
83.115 60.093 59.053 0.126 0.61 0.783
83.708 60.427 58.904 -0.27 0.388 0.882
83.005 60.716 58.786 0.236 0.536 0.811
81.941 61.535 59.884 0.998 -0.051 0.023
82.07 62.151 60.327 0.863 -0.154 -0.481
83.737 60.866 58.605 -0.249 0.702 0.668
82.501 61.518 58.447 0.576 0.267 0.773
82.726 61.825 58.084 0.688 0.42 0.592
83.927 61.125 58.298 -0.113 0.887 0.449
82.773 62.033 57.922 0.657 0.281 0.699
83.095 62.038 56.783 0.925 0.285 -0.25
84.277 61.13 57.061 0.137 0.89 -0.435
83.14 61.83 56.62 0.895 0.423 -0.141
82.879 60.533 55.693 0.764 -0.226 -0.604
84.056 60.034 56.278 -0.021 0.107 -0.994
83.508 59.649 56.086 0.345 0.363 -0.866
82.552 60.209 55.503 0.601 -0.388 -0.699
83.197 59.341 55.904 0.172 0.191 -0.966
82.371 60.22 55.307 0.722 -0.395 -0.568
81.656 59.685 55.356 0.126 -0.841 -0.527
82.319 58.684 55.965 -0.316 -0.173 -0.933
81.633 59.521 55.567 0.142 -0.731 -0.667
82.321 62.156 58.198 0.485 0.586 0.649
82.457 62.291 58.011 0.394 0.496 0.773
81.675 63.232 59.74 0.916 -0.131 -0.379
82.325 62.128 58.22 0.488 0.572 0.66
81.679 63.205 59.761 0.918 -0.146 -0.368
81.921 62.666 60.136 0.757 0.213 -0.617
79.904 60.628 55.242 -0.021 -0.44 -0.898
80.506 60.403 55.183 -0.422 -0.29 -0.859
79.423 60.239 55.3 0.3 -0.181 -0.937
66.071 54.254 65.074 -0.328 0.273 0.904
66.831 55.123 65.744 -0.835 -0.306 0.458
66.485 54.794 65.242 -0.603 -0.087 0.793
85.291 77.637 54.21 0.681 -0.719 0.139
85.255 76.213 54.113 0.716 0.658 0.233
65.232 57.921 57.001 -0.04 -0.879 -0.475
65.561 58.046 56.41 -0.26 -0.962 -0.081
65.808 57.867 55.793 -0.424 -0.843 0.33
65.02 58.498 56.874 -0.513 0.404 -0.757
65.432 58.397 56.332 -0.788 0.471 -0.396
65.595 58.444 55.666 -0.897 0.439 0.048
64.92 59.29 57.066 -0.447 -0.125 -0.886
64.068 59.202 57.539 -0.401 0.591 -0.7
64.616 59.672 57.358 -0.767 0.277 -0.579
64.881 60.246 56.962 -0.943 -0.105 -0.315
64.586 59.977 57.838 -0.799 0.597 -0.075
64.578 59.997 57.986 -0.794 0.583 -0.174
64.125 59.668 58.698 -0.36 0.924 0.128
64.671 60.083 58.531 -0.724 0.648 0.239
64.976 60.713 58.444 -0.927 0.228 0.297
64.908 59.982 59.028 -0.544 0.571 0.615
64.829 59.555 59.706 -0.491 0.856 0.163
64.015 59.02 59.599 -0.439 0.461 0.771
64.517 59.077 60.048 -0.773 0.423 0.472
64.784 59.263 60.64 -0.951 0.299 0.077
64.515 58.43 60.2 -0.776 -0.162 0.61
64.002 57.604 59.506 -0.448 -0.55 0.705
64.529 57.391 59.901 -0.799 -0.407 0.442
64.716 56.813 59.151 -0.718 -0.668 0.196
65.095 56.772 58.27 -0.375 -0.705 -0.602
65.915 56.956 57.737 -0.03 -0.649 -0.76
66.139 56.368 58.021 -0.179 -0.257 -0.95
66.544 57.605 57.21 0.5 -0.756 -0.422
66.541 57.768 56.571 0.501 -0.865 0.004
66.684 57.681 55.933 0.406 -0.807 0.429
65.858 57.647 57.117 -0.458 -0.697 -0.552
66.051 57.799 56.504 -0.586 -0.797 -0.144
66.073 57.719 55.85 -0.601 -0.744 0.292
66.933 57.807 55.999 0.24 -0.891 0.385
67.007 57.936 56.717 0.191 -0.977 -0.094
66.946 57.81 55.998 0.259 -0.887 0.382
67.02 57.939 56.715 0.21 -0.973 -0.096
67.344 57.731 55.744 -0.006 -0.834 0.551
67.397 57.709 55.707 0.045 -0.855 0.517
67.615 57.251 55.239 -0.101 -0.55 0.829
68.177 57.028 55.308 -0.476 -0.401 0.783
68.622 56.706 55.572 -0.772 -0.186 0.607
67.585 57.047 55.004 -0.149 -0.882 0.447
68.156 56.877 55.134 -0.529 -0.768 0.36
68.595 56.516 55.354 -0.822 -0.528 0.214
67.577 57.005 54.924 -0.143 -0.854 0.501
68.14 56.804 54.984 -0.519 -0.72 0.461
68.579 56.431 55.155 -0.811 -0.471 0.347
67.019 56.847 54.336 0.285 -0.959 -0.003
67.606 56.895 54.458 -0.106 -0.991 -0.084
68.167 56.705 54.56 -0.481 -0.864 -0.151
68.612 56.306 54.625 -0.777 -0.598 -0.195
68.87 55.763 54.643 -0.949 -0.236 -0.207
67.756 57.06 54.034 0.083 -0.784 -0.615
68.304 56.855 54.173 -0.282 -0.647 -0.708
68.784 56.494 54.142 -0.602 -0.406 -0.687
67.973 57.176 53.869 -0.062 -0.861 -0.505
68.694 56.943 53.795 -0.542 -0.705 -0.456
67.99 57.274 53.734 -0.041 -0.737 -0.674
68.712 57.05 53.648 -0.523 -0.588 -0.617
67.684 57.571 53.194 0.163 -0.935 -0.314
68.165 57.65 52.734 -0.158 -0.987 -0.008
68.598 57.433 52.273 -0.447 -0.843 0.3
67.588 57.614 53.092 -0.046 -0.842 -0.538
68.109 57.675 52.675 -0.393 -0.882 -0.26
68.512 57.471 52.18 -0.661 -0.747 0.07
67.529 57.653 53.031 -0.006 -0.867 -0.497
67.49 57.675 52.996 -0.042 -0.847 -0.529
66.283 57.521 53.156 -0.241 -0.477 -0.845
66.456 57.977 52.66 -0.356 -0.78 -0.514
65.65 58.47 52.983 -0.688 -0.578 -0.439
65.323 59.008 53.627 -0.985 -0.089 0.147
65.761 59.206 55.441 -0.956 0.29 -0.052
65.671 59.625 56.03 -0.896 0.011 -0.445
65.737 59.042 55.556 -0.992 0.041 0.122
65.648 59.468 56.139 -0.932 -0.243 -0.268
65.7 59.923 55.897 -0.915 -0.188 -0.356
65.816 59.734 55.208 -0.993 -0.062 0.103
65.854 60.435 55.807 -0.701 0.525 -0.483
65.987 60.303 55.107 -0.79 0.613 -0.017
66.054 60.692 55.718 -0.834 0.353 -0.424
66.147 60.894 55.776 -0.725 0.591 -0.355
65.192 61.212 57.095 -0.684 0.7 -0.205
65.308 61.403 57.243 -0.761 0.573 -0.303
66.243 60.997 55.731 -0.789 0.522 -0.325
66.34 61.139 55.761 -0.712 0.635 -0.301
66.801 62.215 58.256 -0.015 0.979 0.203
67.301 62.433 57.917 -0.348 0.834 0.429
67.47 61.74 59.612 0.105 0.993 -0.062
67.304 61.747 59.658 -0.039 0.999 -0.022
66.036 61.307 59.751 -0.766 0.625 0.149
65.826 60.836 59.851 -0.947 0.218 0.236
65.502 60.258 59.726 -0.731 0.603 0.319
65.357 60.109 59.609 -0.843 0.487 0.227
65.667 60.412 60.51 -0.841 0.501 -0.204
65.668 60.294 61.132 -0.84 0.391 0.376
65.413 59.768 61.752 -0.67 0.741 -0.038
65.134 59.346 61.805 -0.945 0.326 0.014
65.096 59.261 61.702 -0.92 0.382 0.083
64.986 58.611 61.651 -0.997 -0.068 0.048
64.974 58.292 61.773 -0.989 0.145 -0.034
64.967 58.182 61.711 -0.995 0.056 -0.084
64.972 58.221 61.512 -0.998 0.03 0.048
64.866 57.884 61.994 -0.928 0.255 -0.273
64.985 58.057 61.401 -0.984 -0.158 -0.078
64.878 57.726 61.888 -0.913 0.063 -0.402
64.962 57.739 60.926 -0.97 0.054 0.239
64.936 57.539 61.648 -0.952 0.187 -0.242
65.137 57.175 60.804 -0.749 -0.658 0.084
65.092 57.035 61.538 -0.719 -0.565 -0.406
65.183 57.107 60.73 -0.779 -0.613 0.133
65.217 56.951 61.401 -0.801 -0.509 -0.314
65.184 57.105 60.729 -0.778 -0.614 0.133
65.218 56.949 61.401 -0.8 -0.51 -0.315
65.443 56.611 60.739 -0.95 -0.284 0.126
65.355 56.67 61.403 -0.892 -0.324 -0.317
65.968 56.027 60.823 -0.408 -0.888 0.213
65.922 56.039 61.494 -0.377 -0.896 -0.234
66.203 55.884 60.798 -0.565 -0.793 0.23
66.344 55.781 61.45 -0.659 -0.724 -0.205
66.489 55.741 60.713 -0.213 -0.969 0.125
66.631 55.637 61.365 -0.307 -0.9 -0.309
66.58 55.715 60.695 -0.273 -0.952 0.138
66.791 55.582 61.334 -0.414 -0.863 -0.288
66.872 55.178 61.882 -0.468 -0.594 -0.654
67.065 55.812 60.606 0.638 -0.769 -0.031
67.153 55.655 61.267 0.58 -0.664 -0.472
67.422 55.289 61.781 0.4 -0.42 -0.815
67.14 55.871 60.593 0.588 -0.808 -0.023
67.281 55.768 61.245 0.494 -0.739 -0.457
67.216 55.934 60.587 0.681 -0.732 -0.031
67.357 55.83 61.239 0.587 -0.663 -0.465
67.922 56.101 59.799 0.21 -0.843 0.494
68.634 56.102 59.841 -0.264 -0.844 0.467
67.932 56.034 59.634 0.226 -0.941 0.253
68.644 56.038 59.682 -0.249 -0.943 0.22
67.922 56.001 59.533 0.233 -0.918 0.32
68.622 55.989 59.501 -0.234 -0.91 0.342
67.235 55.703 58.91 0.604 -0.732 -0.315
67.872 55.994 58.936 0.179 -0.926 -0.333
68.569 55.981 58.853 -0.285 -0.917 -0.278
69.172 55.668 58.679 -0.687 -0.708 -0.162
67.802 56.361 58.467 0.102 -0.525 -0.845
68.492 56.379 58.345 -0.359 -0.537 -0.764
67.066 57.218 57.89 0.328 -0.527 -0.784
66.985 57.224 57.857 0.255 -0.522 -0.814
68.931 56.929 56.377 -0.916 -0.334 0.224
68.928 56.933 56.37 -0.928 -0.317 0.193
67.922 57.786 57.237 -0.243 -0.905 -0.349
67.919 57.79 57.229 -0.255 -0.889 -0.379
67.539 57.942 56.867 -0.002 -0.99 -0.138
67.458 57.951 56.831 -0.082 -0.981 -0.174
68.372 57.55 56.064 -0.557 -0.729 0.397
68.764 57.006 55.997 -0.819 -0.366 0.442
68.35 57.541 56.01 -0.591 -0.743 0.315
68.742 56.997 55.943 -0.852 -0.38 0.36
69.294 56.14 56.833 -0.893 -0.377 0.244
69.284 56.232 57.42 -0.886 -0.439 -0.147
69.491 55.859 56.869 -0.692 -0.665 0.281
69.503 55.919 57.46 -0.7 -0.706 -0.113
69.603 55.721 56.858 -0.766 -0.574 0.289
69.569 55.85 57.455 -0.744 -0.659 -0.109
69.924 55.446 56.936 -0.54 -0.768 0.343
69.89 55.574 57.533 -0.518 -0.854 -0.055
69.923 54.147 55.391 -0.791 -0.369 0.489
69.969 53.442 55.282 -0.821 0.101 0.562
69.735 52.772 55.364 -0.665 0.548 0.507
69.879 54.154 55.31 -0.868 -0.357 0.345
69.946 53.445 55.241 -0.913 0.116 0.391
69.703 52.777 55.304 -0.751 0.562 0.348
69.672 54.285 55.048 -0.73 -0.444 0.519
69.617 53.702 54.749 -0.693 -0.056 0.719
69.154 55.063 54.934 -0.808 -0.586 -0.061
69.374 54.55 54.586 -0.954 -0.245 0.171
69.319 53.967 54.287 -0.918 0.144 0.37
68.999 53.425 54.095 -0.705 0.505 0.498
69.127 55.404 54.274 -0.821 -0.416 -0.391
69.352 54.83 54.044 -0.971 -0.034 -0.237
69.297 54.247 53.745 -0.934 0.355 -0.038
68.972 53.766 53.435 -0.718 0.676 0.168
69.611 55.063 53.542 -0.776 0.141 -0.615
69.556 54.479 53.243 -0.739 0.53 -0.416
69.793 55.368 53.276 -0.897 -0.062 -0.438
69.705 54.624 53.115 -0.838 0.434 -0.33
69.83 55.379 53.205 -0.863 -0.052 -0.503
69.742 54.634 53.044 -0.804 0.444 -0.395
69.931 55.486 52.97 -0.93 -0.124 -0.346
69.945 54.824 52.645 -0.939 0.318 -0.129
69.952 55.517 52.908 -0.912 -0.097 -0.399
69.966 54.855 52.583 -0.921 0.344 -0.183
69.527 56.534 52.417 -0.628 -0.775 -0.072
69.243 56.878 52.595 -0.877 -0.473 0.085
69.689 56.147 51.653 -0.736 -0.517 0.437
69.958 55.523 51.725 -0.916 -0.101 0.389
69.943 54.869 51.918 -0.905 0.335 0.261
69.659 56.113 51.505 -0.799 -0.589 0.121
69.935 55.497 51.607 -0.983 -0.178 0.053
69.905 54.825 51.726 -0.963 0.27 -0.026
68.724 56.43 50.826 -0.176 -0.8 0.574
68.298 56.91 50.968 -0.625 -0.293 0.724
68.357 57.59 52.005 -0.664 -0.747 0.033
67.852 57.84 52.417 -0.328 -0.913 -0.242
68.357 57.59 52.005 -0.664 -0.747 0.033
67.852 57.84 52.417 -0.328 -0.913 -0.242
68.391 57.56 52.026 -0.687 -0.727 0.019
68.455 57.512 52.119 -0.623 -0.774 0.111
67.413 57.969 52.064 -0.035 -0.999 -0.007
67.573 57.791 51.375 -0.141 -0.88 0.453
67.682 57.3 50.846 -0.215 -0.553 0.805
67.066 58.237 51.825 -0.742 -0.453 -0.494
67.397 57.926 51.254 -0.963 -0.246 -0.113
67.386 57.529 50.643 -0.955 0.019 0.295
67.25 57.631 50.335 -0.865 -0.049 0.5
67.368 57.927 50.11 -0.512 0.84 -0.177
66.567 58.838 51.566 -0.409 -0.854 -0.321
66.685 59.134 51.341 -0.057 0.036 -0.998
67.095 59.64 51.186 -0.331 -0.302 -0.894
67.087 59.79 51.149 -0.337 -0.187 -0.923
67.103 59.934 51.106 -0.347 -0.283 -0.894
66.305 60.524 51.289 0.079 0.358 -0.93
67.041 60.535 51.156 -0.411 0.351 -0.841
67.624 60.677 50.708 -0.8 0.256 -0.543
67.163 61.003 51.522 -0.284 0.844 -0.455
67.16 61.08 51.651 -0.282 0.792 -0.541
66.541 61.337 52.254 0.248 0.938 -0.241
67.241 61.302 52.143 -0.219 0.961 -0.167
67.868 61.591 51.975 -0.637 0.769 -0.056
67.334 61.299 52.681 -0.149 0.959 0.241
66.977 61.286 53.396 0.089 0.968 -0.235
66.026 61.266 53.215 -0.12 0.888 0.445
66.442 61.226 53.752 -0.397 0.914 0.087
66.735 61.468 54.315 -0.592 0.752 -0.289
66.057 60.822 54.074 -0.746 0.547 0.38
65.172 60.154 53.539 -0.73 0.093 0.677
65.449 59.879 54.114 -0.915 0.277 0.294
67.739 61.401 53.303 -0.419 0.891 -0.173
67.914 61.482 53.397 -0.283 0.954 -0.1
68.073 61.859 54.141 -0.389 0.702 -0.596
67.919 62.012 54.758 -0.533 0.846 -0.017
67.449 61.962 55.366 -0.22 0.879 -0.423
67.108 61.848 55.469 -0.555 0.767 -0.321
68.025 62.297 55.412 -0.604 0.656 -0.454
68.715 62.575 55.975 0.174 0.968 0.181
67.802 62.79 57.237 0.023 0.931 0.365
67.906 62.721 57.474 -0.046 0.977 0.207
68.857 62.551 56.003 0.079 0.984 0.162
69.266 62.398 56.182 0.407 0.861 0.306
68.338 61.71 59.089 0.404 0.85 0.338
68.267 61.659 59.777 0.451 0.884 -0.121
67.792 61.811 59.057 -0.11 0.945 0.308
67.763 61.752 59.748 -0.091 0.984 -0.153
68.516 61.573 59.866 0.285 0.941 -0.18
68.777 61.535 59.251 0.111 0.967 0.23
68.89 61.353 60.037 0.739 0.673 0.029
69.15 61.315 59.422 0.565 0.699 0.439
69.132 61.422 62.015 0.547 0.832 -0.093
68.531 61.49 62.561 -0.036 0.898 0.438
67.07 60.807 62.766 -0.204 0.755 0.624
66.648 60.791 62.494 -0.525 0.742 0.416
66.981 61.903 61.714 -0.569 0.737 0.365
66.607 61.801 61.512 -0.32 0.804 0.5
67.195 62.141 61.107 -0.416 0.907 -0.068
66.804 62.021 60.953 -0.155 0.987 0.035
67.172 61.755 59.815 -0.069 0.995 -0.079
67.24 61.754 59.787 0.003 0.994 -0.108
66.942 61.753 59.753 0.084 0.996 -0.037
66.095 61.364 59.861 -0.806 0.588 0.076
66.446 60.752 62.357 -0.39 0.768 0.507
66.341 60.721 62.311 -0.478 0.743 0.468
66.214 60.647 62.314 -0.393 0.792 0.466
65.787 60.312 61.852 -0.92 0.379 -0.104
65.642 59.945 63.772 -0.361 0.643 0.676
65.831 59.896 63.955 -0.487 0.675 0.554
65.185 58.539 64.378 -0.559 0.656 0.507
65.4 59.104 64.157 -0.703 0.279 0.654
65.643 58.511 64.749 -0.33 0.641 0.693
65.858 59.075 64.528 -0.474 0.265 0.84
66.175 58.399 64.98 -0.065 0.585 0.808
66.389 58.963 64.759 -0.208 0.209 0.956
67.513 57.176 65.281 0.212 0.652 0.728
67.483 57.164 65.3 0.189 0.643 0.742
67.042 57.684 65.177 0.483 0.296 0.824
66.109 58.206 65.098 -0.098 0.489 0.867
66.129 58.095 65.17 -0.111 0.563 0.819
66.148 57.99 65.251 -0.124 0.633 0.764
65.316 57.4 65.094 -0.494 0.086 0.865
65.427 57.381 65.167 -0.568 0.099 0.817
65.532 57.364 65.249 -0.638 0.111 0.762
65.852 56.475 65.173 -0.292 -0.491 0.821
66.379 56.043 65.296 -0.643 -0.203 0.739
66.33 55.883 65.189 -0.679 -0.323 0.659
66.099 55.713 64.941 -0.526 -0.21 0.824
65.956 55.606 64.803 -0.613 -0.276 0.74
65.809 55.304 64.633 -0.515 -0.074 0.854
65.036 55.951 64.237 -0.634 -0.638 0.436
65.386 55.215 64.178 -0.867 -0.148 0.475
65.35 54.413 64.331 -0.843 0.387 0.374
64.87 55.837 63.457 -0.717 -0.696 0.046
65.257 55.126 63.571 -0.975 -0.222 -0.03
65.21 54.317 63.672 -0.943 0.318 -0.097
65.128 55.754 62.698 -0.588 -0.737 -0.333
65.457 55.062 62.98 -0.808 -0.276 -0.521
65.427 54.247 63.031 -0.788 0.268 -0.555
65.932 55.039 62.571 -0.413 -0.294 -0.862
66.194 54.842 62.467 -0.587 -0.162 -0.793
66.484 54.713 62.345 -0.324 -0.279 -0.904
67.214 54.109 62.264 -0.198 -0.467 -0.862
66.717 53.648 62.439 0.133 -0.16 -0.978
67.668 53.669 62.554 0.054 -0.712 -0.7
67.119 53.258 62.696 0.42 -0.438 -0.794
67.988 53.357 63.089 0.232 -0.885 -0.404
67.401 52.982 63.168 0.622 -0.636 -0.457
68.111 53.234 63.763 0.3 -0.954 -0.029
67.51 52.873 63.765 0.7 -0.713 -0.031
68.013 53.323 64.446 0.246 -0.904 0.351
67.424 52.953 64.37 0.638 -0.657 0.401
67.714 53.608 65.007 0.08 -0.745 0.662
67.159 53.205 64.866 0.449 -0.476 0.756
68.027 53.854 65.168 0.253 -0.609 0.752
68.196 54.291 65.679 0.14 -0.901 0.411
68.73 54.038 64.847 0.644 -0.507 0.574
68.818 54.454 65.395 0.584 -0.784 0.209
69.621 55.021 64.159 0.628 -0.548 0.553
70.245 55.321 64.044 0.212 -0.748 0.629
69.229 54.248 63.809 0.921 -0.39 -0.003
69.64 54.8 63.671 0.646 -0.758 0.088
70.264 55.103 63.563 0.23 -0.96 0.161
70.964 55.091 63.507 -0.236 -0.951 0.198
69.092 54.289 63.114 0.845 -0.367 -0.389
69.537 54.831 63.147 0.548 -0.728 -0.412
70.162 55.134 63.046 0.131 -0.93 -0.344
70.831 55.131 62.831 -0.315 -0.928 -0.2
69.34 55.105 62.732 0.36 -0.467 -0.808
69.968 55.404 62.635 -0.059 -0.667 -0.743
69.353 55.289 62.612 0.351 -0.59 -0.728
69.282 55.355 62.532 0.299 -0.542 -0.786
68.712 55.265 62.184 0.68 -0.482 -0.553
68.843 55.682 61.758 0.592 -0.76 -0.269
69.122 55.91 61.264 0.406 -0.912 0.06
69.502 55.912 60.786 0.153 -0.913 0.379
68.373 55.325 62.004 -0.04 -0.355 -0.934
68.76 55.697 61.713 -0.298 -0.603 -0.74
69.073 55.919 61.238 -0.507 -0.751 -0.423
69.26 55.955 60.658 -0.631 -0.775 -0.036
68.148 55.951 61.541 0.11 -0.773 -0.625
68.615 56.169 61.117 -0.201 -0.918 -0.343
69.023 56.114 60.591 -0.473 -0.881 0.008
68.13 55.962 61.526 0.072 -0.75 -0.657
68.604 56.175 61.108 -0.245 -0.893 -0.378
69.006 56.123 60.578 -0.513 -0.858 -0.025
69.978 55.975 60.984 -0.164 -0.955 0.247
69.989 55.993 61.636 -0.172 -0.967 -0.188
70.042 55.966 60.983 -0.091 -0.965 0.245
70.061 55.983 61.635 -0.103 -0.976 -0.19
70.289 55.917 60.967 -0.255 -0.932 0.256
70.501 55.87 61.612 -0.397 -0.901 -0.175
70.297 55.914 60.964 -0.244 -0.937 0.252
70.51 55.867 61.609 -0.386 -0.905 -0.178
70.588 55.323 60.266 -0.437 -0.543 0.717
70.457 55.181 59.994 -0.58 -0.698 0.42
70.51 55.093 59.931 -0.615 -0.64 0.461
70.554 54.889 59.102 -0.581 -0.796 -0.172
70.484 55.063 57.98 -0.492 -0.859 0.141
70.72 54.655 57.466 -0.65 -0.587 0.483
70.223 55.277 57.674 -0.74 -0.656 -0.149
70.479 54.853 57.184 -0.911 -0.373 0.178
71.039 54.412 57.774 -0.862 -0.425 0.278
71.206 53.59 57.196 -0.338 -0.522 0.784
71.442 54.002 57.851 -0.495 -0.797 0.347
71.462 54.067 58.657 -0.508 -0.84 -0.191
71.834 53.392 57.136 0.111 -0.663 0.74
71.993 53.829 57.798 0.005 -0.954 0.299
72.153 53.849 58.591 -0.102 -0.968 -0.23
72.536 53.94 57.631 0.5 -0.854 0.147
72.722 54.024 57.586 0.376 -0.91 0.176
73.113 54.377 57.251 0.843 -0.488 -0.224
73.303 54.044 55.839 0.712 -0.421 0.562
73.202 53.783 55.682 0.614 -0.675 0.41
72.786 53.136 55.724 0.891 -0.243 0.383
72.961 52.631 55.359 0.774 0.093 0.626
72.349 52.8 56.001 0.428 -0.599 0.677
72.505 52.281 55.648 0.324 -0.253 0.912
71.979 52.718 56.268 0.674 -0.544 0.499
71.815 52.148 56.118 0.784 -0.164 0.598
71.951 52.717 56.302 0.647 -0.545 0.533
71.786 52.147 56.154 0.757 -0.165 0.632
71.882 52.618 56.294 0.693 -0.479 0.538
71.727 51.916 56.194 0.796 -0.011 0.605
71.675 52.636 56.472 0.382 -0.452 0.806
71.53 51.933 56.364 0.478 0.016 0.878
71.682 52.74 56.534 0.377 -0.522 0.765
71.504 52.171 56.396 0.495 -0.143 0.857
71.299 53.355 57.04 -0.271 -0.689 0.672
71.14 52.886 56.68 -0.165 -0.376 0.912
70.939 52.323 56.549 -0.032 -0.001 1
70.731 51.76 56.667 0.107 0.375 0.921
70.695 53.637 56.824 -0.703 -0.488 0.518
70.639 53.119 56.501 -0.666 -0.143 0.732
70.417 52.566 56.362 -0.518 0.225 0.825
70.066 52.069 56.429 -0.283 0.557 0.781
70.353 53.359 56.058 -0.952 0.097 0.289
70.118 52.816 55.899 -0.796 0.459 0.394
70.234 53.585 55.764 -0.873 -0.054 0.484
70.077 52.928 55.724 -0.769 0.384 0.511
70.214 53.592 55.728 -0.89 -0.048 0.454
70.058 52.934 55.689 -0.785 0.39 0.481
70.167 53.505 55.64 -0.858 0.009 0.513
69.888 52.781 55.581 -0.672 0.493 0.552
70.117 53.531 55.54 -0.92 0.042 0.39
69.845 52.803 55.495 -0.739 0.527 0.42
69.33 51.72 56.251 -0.312 0.398 0.863
69.652 51.757 56.399 -0.527 0.373 0.764
69.232 50.992 56.289 -0.394 -0.209 0.895
69.535 50.887 56.446 -0.596 -0.139 0.791
69.091 50.425 55.843 -0.511 -0.682 0.524
69.366 50.209 55.913 -0.695 -0.538 0.477
68.975 50.293 55.129 -0.607 -0.791 -0.071
69.229 50.052 55.059 -0.776 -0.63 -0.025
69.069 50.906 53.966 -0.72 -0.648 -0.25
68.707 51.646 54.256 -0.996 -0.082 -0.028
68.694 51.758 54.214 -0.988 -0.156 -0.001
68.813 52.254 54.529 -0.858 0.384 0.342
68.853 52.255 54.642 -0.884 0.383 0.266
69.342 52.623 55.008 -0.511 0.664 0.546
68.778 53.569 53.197 -0.815 0.577 0.049
68.634 53.393 53.24 -0.719 0.694 0.021
68.506 52.439 52.481 -0.951 0.012 -0.309
68.422 52.514 52.683 -0.896 -0.038 -0.443
69.775 50.555 52.723 -0.316 -0.93 -0.188
70.098 50.23 53.126 -0.532 -0.713 -0.456
70.264 50.569 52.342 -0.072 -0.923 -0.378
70.587 50.244 52.746 -0.288 -0.706 -0.647
70.197 50.923 51.783 -0.106 -0.746 -0.657
70.476 51.136 51.328 -0.292 -0.888 -0.354
69.652 51.295 51.623 -0.378 -0.56 -0.737
69.932 51.509 51.168 -0.564 -0.702 -0.434
69.221 51.819 51.603 -0.594 -0.298 -0.747
69.5 52.032 51.148 -0.78 -0.441 -0.444
68.953 52.43 51.726 -0.727 0.008 -0.686
69.233 52.644 51.271 -0.914 -0.135 -0.383
68.882 53.057 51.976 -0.763 0.321 -0.561
69.162 53.271 51.521 -0.95 0.179 -0.258
69.016 53.624 52.324 -0.696 0.605 -0.387
69.296 53.838 51.869 -0.883 0.462 -0.084
71.635 50.923 50.951 -0.304 -0.938 0.166
71.349 51.053 50.65 -0.559 -0.823 -0.102
71.227 51.13 50.632 -0.477 -0.874 -0.09
71.028 51.296 50.434 -0.601 -0.771 -0.213
70.782 51.485 50.227 -0.437 -0.896 -0.075
70.394 51.77 50.128 -0.69 -0.71 -0.139
70.279 51.873 50.117 -0.614 -0.779 -0.131
69.597 52.361 50.79 -0.732 -0.276 -0.623
69.907 52.412 50.089 -0.938 -0.309 -0.156
69.847 52.341 49.326 -0.898 -0.262 0.353
69.899 53.065 50.035 -0.944 0.259 -0.202
69.586 54.191 50.97 -0.962 -0.018 -0.271
69.519 54.749 50.673 -0.918 -0.39 -0.073
69.204 55.202 50.356 -0.708 -0.692 0.138
68.699 55.468 50.076 -0.371 -0.87 0.325
69.663 54.45 51.244 -0.802 0.52 0.295
69.535 54.804 50.731 -0.716 0.284 0.637
69.214 55.234 50.389 -0.502 -0.003 0.865
68.757 55.663 50.282 -0.198 -0.289 0.937
68.808 55.412 50.067 -0.444 -0.833 0.331
69.359 55.019 50.371 -0.811 -0.571 0.128
69.612 54.416 50.722 -0.98 -0.169 -0.106
68.834 55.386 49.995 -0.336 -0.941 0.038
69.36 55.018 50.367 -0.687 -0.696 -0.21
69.634 54.394 50.662 -0.87 -0.28 -0.407
68.83 55.296 49.548 -0.333 -0.881 0.336
68.783 55.292 48.865 -0.376 -0.885 -0.276
68.731 55.347 48.726 -0.341 -0.922 -0.183
69.244 55.056 48.542 -0.683 -0.728 -0.06
68.723 55.358 48.69 -0.348 -0.912 -0.218
69.236 55.068 48.502 -0.689 -0.718 -0.093
67.814 55.788 48.257 -0.167 -0.685 -0.709
68.401 55.799 47.881 -0.558 -0.692 -0.459
68.065 56.636 47.56 -0.683 -0.366 -0.632
67.949 57.424 47.701 -0.789 0.352 -0.504
67.495 57.847 48.583 -0.395 0.785 -0.476
68.04 58.124 48.249 -0.758 0.6 -0.254
67.972 58.336 49.709 -0.451 0.806 -0.383
68.137 58.792 50.121 -0.561 0.502 -0.658
68.151 59.383 50.355 -0.57 0.108 -0.814
67.871 58.3 49.797 -0.635 0.74 -0.223
68.068 58.767 50.181 -0.766 0.428 -0.479
68.058 59.349 50.436 -0.76 0.04 -0.649
67.89 58.364 49.923 -0.648 0.697 -0.307
68.025 58.967 50.374 -0.738 0.295 -0.607
67.78 58.287 50.055 -0.787 0.6 -0.14
67.905 58.884 50.518 -0.87 0.203 -0.449
68.338 59.529 50.212 -0.695 0.011 -0.719
68.5 59.057 49.883 -0.803 0.326 -0.499
68.47 58.663 49.435 -0.783 0.588 -0.201
68.411 59.591 50.156 -0.584 0.107 -0.805
68.565 59.113 49.832 -0.687 0.426 -0.589
68.556 58.737 49.369 -0.681 0.677 -0.28
68.508 59.705 50.09 -0.648 0.032 -0.761
68.749 59.322 49.718 -0.809 0.287 -0.513
68.924 60.074 49.997 -0.155 0.468 -0.87
69.182 59.705 49.622 -0.326 0.714 -0.62
68.483 61.305 50.615 -0.084 0.78 -0.62
68.693 61.438 50.715 -0.225 0.692 -0.686
69.192 59.86 49.77 -0.333 0.61 -0.719
69.301 59.911 49.771 -0.245 0.651 -0.718
70.226 61.714 51.824 0.542 0.83 -0.132
70.781 61.483 51.589 0.172 0.985 0.025
70.432 61.615 53.244 0.636 0.696 -0.333
70.201 61.779 53.244 0.45 0.829 -0.332
69.06 62.062 53.282 -0.177 0.932 -0.315
68.501 61.828 53.469 -0.675 0.723 -0.148
69.128 62.118 53.387 -0.222 0.896 -0.386
69.716 62.061 53.405 0.412 0.834 -0.366
69.886 62.77 54.476 0.449 0.843 -0.295
70.301 62.636 54.51 0.173 0.932 -0.318
69.815 62.832 55.091 0.39 0.895 0.218
70.224 62.703 55.178 0.118 0.98 0.159
69.817 62.264 56.176 0.054 0.951 0.304
69.807 62.264 56.18 0.046 0.951 0.307
71.594 61.758 58.261 0.046 0.997 -0.06
71.064 61.489 58.879 -0.428 0.756 0.494
70.436 61.369 58.799 -0.009 0.836 0.548
71.085 61.4 59.06 -0.442 0.815 0.374
70.398 61.282 58.905 -0.063 0.713 0.698
71.049 61.317 59.162 -0.496 0.69 0.527
70.087 61.02 59.296 0.145 0.888 0.437
70.497 60.867 59.868 -0.129 0.99 0.056
70.014 61.003 59.344 0.054 0.867 0.495
70.42 60.849 59.918 -0.216 0.97 0.113
69.404 61.15 59.422 0.461 0.769 0.443
69.297 61.036 60.014 0.532 0.845 0.049
69.364 61.175 59.419 0.423 0.792 0.441
69.253 61.062 60.011 0.496 0.867 0.046
70.029 60.912 60.642 0.044 0.928 -0.37
70.095 60.996 61.366 0.09 0.987 0.134
70.258 60.982 61.696 -0.019 0.996 -0.086
70.357 60.986 61.848 0.048 0.999 0.016
70.357 60.991 61.992 0.048 0.996 -0.08
70.741 60.798 62.501 0.421 0.808 0.412
70.78 60.512 62.981 0.509 0.77 0.386
70.778 60.396 63.165 0.508 0.677 0.533
69.754 60.839 63.917 0.375 0.465 0.802
69.737 60.627 64.079 0.386 0.607 0.694
69.09 61.149 63.756 -0.179 0.723 0.667
68.883 61.024 63.871 -0.041 0.806 0.59
69.801 59.657 64.49 0.418 0.122 0.9
70.35 58.763 64.799 0.053 0.718 0.694
68.599 60.061 64.546 -0.183 0.325 0.928
68.158 59.694 64.716 0.111 0.569 0.814
66.871 59.508 64.6 0.033 0.481 0.876
67.48 59.54 64.705 -0.373 0.459 0.806
69.128 58.686 64.781 0.08 0.363 0.929
68.766 58.161 64.856 -0.183 -0.018 0.983
68.172 57.851 64.892 0.213 0.188 0.959
68.172 57.232 65.175 0.213 0.601 0.77
67.942 57.858 64.907 -0.074 0.197 0.978
67.942 57.239 65.19 -0.073 0.61 0.789
68.781 57.154 65.231 -0.193 0.653 0.733
68.701 56.436 65.931 0.501 0.632 0.592
69.213 56.818 65.451 0.16 0.377 0.912
69.792 57.36 65.358 -0.226 0.016 0.974
69.083 55.93 65.906 0.773 0.27 0.574
69.567 56.347 65.427 0.45 -0.008 0.893
70.243 56.761 65.328 -0 -0.283 0.959
69.29 55.401 65.626 0.921 -0.108 0.373
69.76 55.855 65.166 0.608 -0.411 0.679
70.489 56.134 64.996 0.122 -0.597 0.793
69.745 55.458 64.73 0.596 -0.735 0.323
69.667 55.384 64.718 0.648 -0.686 0.331
70.283 55.559 64.394 0.238 -0.802 0.547
69.64 55.33 64.639 0.615 -0.753 0.233
70.255 55.501 64.31 0.205 -0.868 0.452
71.358 55.971 64.703 -0.005 -0.434 0.901
70.877 56.18 64.921 0.316 -0.574 0.755
72.296 56.975 64.858 -0.139 -0.275 0.951
72.805 57.243 65.157 -0.478 -0.453 0.752
72.425 56.804 64.8 -0.003 -0.457 0.89
72.923 57.085 65.103 -0.335 -0.644 0.688
72.466 56.722 64.762 -0.031 -0.402 0.915
72.998 56.941 65.021 -0.385 -0.548 0.742
72.245 55.974 64.427 0.517 -0.432 0.739
72.735 56.367 64.494 0.191 -0.694 0.695
73.276 56.576 64.745 -0.17 -0.833 0.527
73.771 56.563 65.136 -0.5 -0.824 0.266
72.99 56.183 64.08 0.401 -0.845 0.354
73.539 56.386 64.318 0.035 -0.98 0.196
73.009 56.144 63.977 0.388 -0.819 0.423
73.564 56.333 64.122 0.018 -0.945 0.327
74.124 56.293 64.345 -0.355 -0.918 0.178
73.077 56.107 63.785 0.464 -0.861 0.209
73.623 56.301 63.958 0.101 -0.99 0.094
74.192 56.255 64.153 -0.279 -0.96 -0.036
73.222 55.834 63.145 0.368 -0.679 0.635
72.806 55.473 62.389 -0.002 -0.999 -0.037
72.546 55.452 62.372 0.171 -0.985 -0.027
72.396 55.448 62.191 0.077 -0.987 -0.141
71.902 55.328 61.813 0.407 -0.907 0.112
71.974 55.078 61.128 0.358 -0.741 0.569
71.017 55.513 61.594 -0.723 -0.67 -0.168
71.171 55.247 60.929 -0.826 -0.492 0.275
72.504 55.178 61.094 0.005 -0.807 0.591
72.635 55.149 61.037 0.127 -0.833 0.539
72.712 54.993 60.825 0.076 -0.729 0.68
73.131 55.246 61.257 -0.204 -0.897 0.392
72.885 54.933 60.69 0.309 -0.81 0.499
73.311 55.183 61.117 0.024 -0.976 0.214
72.392 54.013 59.961 0.405 -0.857 0.319
72.684 54.025 59.756 0.211 -0.865 0.456
71.953 53.843 59.523 0.039 -0.998 -0.046
72.158 53.822 59.232 -0.099 -0.984 0.148
71.392 54.007 59.253 -0.429 -0.862 -0.271
71.488 54.018 58.909 -0.493 -0.869 -0.042
73.145 54.96 60.621 0.135 -0.828 0.545
73.453 55.173 61.085 -0.07 -0.969 0.236
73.749 55.085 60.188 0.684 -0.714 0.151
74.032 55.293 60.669 0.495 -0.852 -0.17
73.194 54.056 59.238 0.51 -0.846 0.151
73.474 54.138 59.032 0.324 -0.901 0.289
73.871 55.121 59.954 0.602 -0.737 0.306
74.084 55.34 60.545 0.46 -0.883 -0.088
73.879 55.125 59.95 0.613 -0.731 0.3
74.092 55.345 60.54 0.471 -0.877 -0.094
74.281 55.15 59.548 0.345 -0.748 0.568
74.81 55.406 59.804 -0.008 -0.918 0.397
75.337 55.41 60.169 -0.359 -0.921 0.154
74.511 55.266 59.066 0.777 -0.531 -0.34
74.998 55.5 59.41 0.452 -0.687 -0.569
75.609 55.546 59.599 0.045 -0.718 -0.695
74.537 55.397 58.862 0.759 -0.618 -0.204
75.042 55.74 59.041 0.422 -0.847 -0.323
75.662 55.855 59.133 0.009 -0.923 -0.384
74.434 55.781 58.505 0.586 0.034 -0.809
74.952 56.08 58.725 0.241 -0.165 -0.956
75.534 56.334 58.687 -0.147 -0.335 -0.931
73.912 56.021 57.791 0.934 -0.126 -0.334
73.756 55.852 57.556 0.802 -0.269 -0.533
73.58 55.291 57.326 0.919 0.104 -0.38
73.468 55.288 56.73 0.994 0.107 0.017
73.599 55.31 56.139 0.907 0.092 0.411
73.545 55.021 57.326 0.863 -0.334 -0.379
73.437 55.052 56.73 0.935 -0.355 0.018
73.558 54.996 56.139 0.854 -0.317 0.412
73.492 54.939 57.265 0.898 -0.28 -0.339
73.393 54.885 56.598 0.964 -0.244 0.106
73.589 54.756 55.964 0.834 -0.158 0.529
73.456 54.856 57.274 0.794 -0.521 -0.313
73.375 54.843 56.603 0.848 -0.512 0.135
73.553 54.673 55.973 0.73 -0.399 0.555
73.432 54.776 57.334 0.81 -0.468 -0.353
73.296 54.72 56.726 0.901 -0.43 0.052
73.329 54.612 57.376 0.7 -0.645 -0.307
73.181 54.536 56.773 0.798 -0.595 0.095
74.665 55.013 53.79 0.924 -0.355 0.142
74.588 54.837 53.602 0.849 -0.527 -0.042
74.399 53.778 53.743 0.974 0.179 -0.136
74.605 53.241 53.384 0.837 0.537 0.103
74.389 53.59 54.026 0.96 -0.089 0.266
74.594 53.045 53.679 0.823 0.274 0.497
74.379 53.46 54.04 0.966 -0.002 0.257
73.891 53.129 54.648 0.539 -0.292 0.79
73.707 53.277 54.873 0.661 -0.391 0.641
73.596 52.694 54.817 0.735 -0.002 0.678
73.49 53.307 55.047 0.421 -0.357 0.834
73.361 52.727 55.006 0.508 0.03 0.861
73.893 51.591 54.822 0.832 0.081 0.549
74.274 51.815 54.426 0.578 -0.068 0.813
73.962 51.054 54.617 0.873 -0.235 0.428
74.349 51.238 54.205 0.615 -0.357 0.703
73.858 50.562 54.331 0.811 -0.524 0.26
74.236 50.709 53.897 0.559 -0.622 0.549
73.592 50.172 53.996 0.654 -0.753 0.063
73.95 50.289 53.537 0.416 -0.831 0.369
73.195 49.929 53.651 0.421 -0.896 -0.14
73.523 50.028 53.166 0.202 -0.962 0.184
72.713 49.862 53.338 0.138 -0.936 -0.324
73.005 49.955 52.829 -0.057 -0.998 0.015
72.242 49.779 53.714 -0.139 -0.985 -0.103
71.66 49.739 53.765 0.249 -0.959 -0.137
71.91 49.872 54.839 0.2 -0.98 -0.014
72.841 50.183 54.96 0.213 -0.747 0.63
72.328 50.162 55.316 0.556 -0.733 0.392
71.959 49.95 55.774 0.802 -0.592 0.087
73 50.882 55.403 0.307 -0.336 0.891
72.459 50.74 55.682 0.668 -0.241 0.705
72.092 50.535 56.145 0.912 -0.104 0.396
72.256 51.395 55.805 0.495 0.317 0.809
70.99 49.465 55.566 -0.006 -0.996 -0.086
70.778 49.448 55.279 0.135 -0.985 0.105
70.556 49.6 56.018 -0.367 -0.884 0.29
70.259 49.61 55.82 -0.17 -0.89 0.423
70.395 50.013 56.482 -0.502 -0.539 0.676
70.067 50.103 56.373 -0.283 -0.6 0.748
70.566 50.551 56.785 -0.359 -0.091 0.929
70.271 50.747 56.736 -0.163 -0.221 0.962
71.006 51.016 56.816 0.007 0.297 0.955
70.797 51.303 56.773 0.147 0.106 0.984
70.957 49.55 54.602 0.241 -0.925 -0.294
71.251 49.66 54.109 0.045 -0.998 0.035
70.446 49.609 54.335 -0.06 -0.891 -0.45
70.701 49.723 53.822 -0.231 -0.967 -0.108
69.944 49.841 54.162 -0.355 -0.754 -0.552
70.161 49.973 53.636 -0.5 -0.842 -0.202
74.626 52.147 54.099 0.754 0.098 0.65
75.016 52.023 53.798 0.494 0.181 0.851
74.515 51.393 54.117 0.698 -0.279 0.659
74.923 51.386 53.813 0.427 -0.274 0.862
74.361 50.728 53.779 0.621 -0.612 0.49
74.792 50.824 53.527 0.334 -0.676 0.657
74.2 50.309 53.163 0.54 -0.821 0.182
74.656 50.47 53.007 0.236 -0.929 0.286
74.07 50.235 52.416 0.475 -0.859 -0.192
74.546 50.407 52.376 0.158 -0.974 -0.165
73.866 50.715 51.025 0.531 -0.843 -0.084
73.411 50.518 51.04 0.245 -0.967 -0.074
73.267 50.475 51.024 0.341 -0.938 -0.064
72.724 50.232 51.858 -0.198 -0.86 -0.47
72.679 50.42 51.121 -0.168 -0.986 0.021
72.569 50.227 50.392 -0.095 -0.857 0.507
72.136 50.67 51.142 -0.638 -0.769 0.039
72.907 50.114 49.487 0.187 -0.951 -0.247
73.075 50.174 49.288 0.075 -0.991 -0.114
72.072 50.306 49.377 -0.509 -0.791 -0.339
72.001 50.42 49.146 -0.462 -0.867 -0.185
74.122 50.839 51.07 0.361 -0.926 -0.114
74.607 51.242 50.901 0.767 -0.588 -0.256
74.211 50.623 49.538 0.643 -0.766 0.011
74.65 50.828 49.178 0.35 -0.903 0.251
72.831 50.625 47.938 0.4 -0.879 -0.261
72.472 50.336 48.818 -0.226 -0.909 -0.349
72.228 50.469 48.286 -0.063 -0.998 0.006
71.968 50.362 47.755 0.11 -0.927 0.36
71.598 50.706 48.525 -0.546 -0.816 0.189
70.683 51.197 48.454 -0.583 -0.807 -0.097
70.935 50.813 47.762 -0.751 -0.551 0.365
70.363 51.626 48.024 -0.743 -0.592 -0.312
70.686 51.147 47.427 -0.958 -0.273 0.086
70.523 53.723 47.087 -0.679 -0.309 -0.666
70.381 53.758 47.242 -0.792 -0.281 -0.542
70.32 53.693 47.353 -0.751 -0.237 -0.616
70.028 53.149 47.89 -0.91 0.169 -0.379
70.036 53.728 47.831 -0.915 -0.217 -0.34
69.837 54.258 47.696 -0.782 -0.571 -0.25
69.916 53.802 48.371 -0.984 -0.175 -0.029
70.051 52.017 48.271 -0.898 -0.397 -0.188
69.938 52.107 48.497 -0.823 -0.457 -0.338
69.923 53.711 48.475 -0.989 -0.114 -0.098
69.916 53.769 48.698 -0.994 -0.066 0.084
69.921 53.701 48.917 -0.998 -0.021 -0.062
69.784 54.291 48.952 -0.906 -0.414 -0.085
69.96 53.69 49.219 -0.951 -0.035 0.309
69.824 54.279 49.265 -0.86 -0.428 0.278
69.953 53.256 49.985 -0.946 0.254 -0.202
69.934 53.189 50.003 -0.968 0.177 -0.181
69.84 54.029 50.306 -0.871 -0.261 -0.416
69.769 54.471 49.858 -0.823 -0.556 -0.117
69.771 54.144 50.432 -0.961 -0.113 -0.254
69.696 54.59 49.989 -0.911 -0.41 0.042
69.537 55.676 46.98 -0.638 -0.572 -0.516
69.446 55.662 47.13 -0.705 -0.582 -0.406
69.339 55.487 47.448 -0.634 -0.465 -0.618
69.565 54.759 47.73 -0.918 -0.321 -0.232
69.234 55.22 47.897 -0.698 -0.628 -0.344
68.741 55.535 47.984 -0.369 -0.838 -0.401
69.242 55.07 48.408 -0.693 -0.72 -0.031
69.637 55.645 46.877 -0.704 -0.552 -0.448
69.496 56.35 46.261 -0.061 -0.699 -0.713
69.96 55.835 46.479 -0.37 -0.356 -0.858
70.294 55.195 46.395 -0.593 0.071 -0.802
70.409 56.117 46.348 0.093 -0.064 -0.994
70.474 56.248 46.339 0.05 -0.151 -0.987
70.552 57.248 46.254 0.694 -0.057 -0.718
70.971 56.791 46.491 0.415 0.247 -0.876
71.511 56.407 46.471 0.055 0.504 -0.862
71.235 57.285 46.992 0.609 0.61 -0.507
71.329 57.29 47.098 0.547 0.606 -0.578
71.335 57.355 47.183 0.553 0.676 -0.487
71.134 57.847 47.409 0.687 0.348 -0.638
71.616 57.953 47.785 0.366 0.277 -0.889
70.813 58.32 47.707 0.307 0.909 -0.284
71.308 58.408 48.072 -0.023 0.85 -0.527
70.423 58.617 47.907 0.567 0.711 -0.416
69.786 58.713 47.274 0.147 0.989 0.01
69.88 58.837 47.91 0.084 0.907 -0.414
69.998 59.22 48.428 0.005 0.651 -0.759
69.312 58.78 48.039 -0.422 0.856 -0.298
68.541 58.266 47.271 -0.743 0.67 0.008
68.326 58.258 47.93 -0.599 0.675 -0.431
71.196 58.764 48.465 0.051 0.613 -0.789
71.307 59.054 48.84 0.156 0.887 -0.434
71.377 59.162 49.042 0.11 0.815 -0.568
71.369 59.206 49.108 0.103 0.855 -0.508
70.827 59.77 49.464 0.464 0.479 -0.745
70.27 59.969 49.476 -0.085 0.675 -0.733
71.556 59.707 49.626 -0.022 0.521 -0.854
72.066 59.93 50.093 0.546 0.768 -0.334
71.398 61.163 50.818 0.585 0.808 -0.068
71.488 61.148 51.069 0.526 0.818 -0.235
72.189 59.87 50.136 0.464 0.808 -0.363
72.449 59.789 50.519 0.661 0.747 -0.072
72.131 60.568 51.409 0.847 0.527 -0.065
72.901 60.006 51.723 0.334 0.902 -0.275
71.146 61.013 53.027 0.739 0.666 0.106
71.019 61.268 53.602 0.823 0.495 -0.277
70.767 61.296 52.834 0.413 0.909 -0.059
70.667 61.531 53.423 0.479 0.752 -0.452
71.182 61.14 53.771 0.714 0.581 -0.39
71.428 60.769 53.341 0.551 0.828 -0.104
71.412 60.835 54.166 0.969 0.244 0.046
71.658 60.464 53.737 0.805 0.492 0.332
71.641 60.777 54.992 0.816 0.283 -0.504
72.108 60.369 55.227 0.505 0.555 -0.661
71.644 61.019 55.405 0.819 0.573 -0.008
72.111 60.611 55.641 0.508 0.845 -0.165
71.487 61.449 55.807 0.906 0.346 -0.244
70.982 62.026 56.157 0.418 0.904 0.095
72.226 60.774 56.19 0.454 0.748 -0.484
72.467 60.745 56.697 0.694 0.719 0.022
72.551 61.083 57.616 0.638 0.494 -0.591
72.419 61.341 57.789 0.502 0.76 -0.413
72.271 61.477 57.825 0.601 0.669 -0.437
71.728 61.755 58.186 -0.044 0.999 -0.01
73.518 62.06 59.634 0.103 0.874 -0.474
74.035 62.372 59.981 -0.241 0.666 -0.705
74.474 62.899 60.1 -0.534 0.315 -0.785
73.345 62.089 59.9 -0.298 0.943 0.145
73.904 62.394 60.183 -0.671 0.74 -0.044
74.246 62.939 60.451 -0.899 0.377 -0.223
73.17 62.029 60.119 -0.181 0.983 -0.001
73.596 62.258 60.574 -0.466 0.831 -0.305
72.828 61.756 60.529 -0.577 0.667 0.473
73.213 61.951 61.034 -0.833 0.537 0.136
71.999 61.394 60.595 -0.045 0.904 0.425
71.284 61.219 60.031 -0.653 0.755 -0.053
72.42 61.32 61.332 -0.312 0.949 -0.039
72.998 61.692 61.49 -0.698 0.701 -0.144
72.4 61.314 61.418 -0.331 0.943 0.042
72.978 61.685 61.579 -0.716 0.695 -0.066
72.236 61.292 61.759 -0.221 0.958 -0.185
72.683 61.656 62.183 -0.519 0.715 -0.468
72.953 62.265 62.447 -0.699 0.309 -0.645
72.104 61.114 62.163 -0.488 0.597 0.636
72.612 61.559 62.404 -0.826 0.301 0.476
72.836 62.107 62.807 -0.976 -0.064 0.207
73.915 63.646 61.765 -0.816 0.15 -0.559
73.975 64.067 61.934 -0.769 0.474 -0.429
72.947 63.955 62.87 -0.746 0.53 -0.403
73.085 64.355 62.983 -0.838 0.264 -0.478
72.764 63.881 63.512 -0.877 0.477 0.056
72.916 64.287 63.574 -0.978 0.207 0.014
73.216 63.941 64.769 -0.955 0.279 0.104
73.214 63.529 64.92 -0.957 -0.137 0.257
73.249 63.458 65.04 -0.98 -0.09 0.177
73.275 63.32 65.067 -0.959 -0.203 0.199
73.277 63.056 64.944 -0.959 -0.027 0.281
73.318 62.986 65.605 -0.987 0.02 -0.16
73.472 62.47 64.846 -0.76 -0.624 0.181
73.529 62.353 65.5 -0.798 -0.546 -0.255
73.602 62.245 64.753 -0.846 -0.474 0.243
73.758 61.945 65.333 -0.951 -0.274 -0.143
73.636 62.171 64.706 -0.805 -0.564 0.185
73.792 61.872 65.286 -0.91 -0.364 -0.201
73.577 61.696 64.094 -0.766 -0.247 0.593
73.667 61.01 64.2 -0.826 0.211 0.523
73.448 61.636 63.789 -0.919 -0.318 0.232
73.532 60.947 63.88 -0.975 0.142 0.172
73.053 61.866 63.252 -0.656 -0.471 0.59
72.867 61.384 62.888 -0.532 -0.15 0.833
72.541 60.863 62.745 -0.314 0.197 0.929
72.13 60.395 62.848 -0.041 0.51 0.859
72.952 61.962 63.142 -0.94 -0.198 0.279
72.845 61.406 62.863 -0.868 0.173 0.465
72.507 60.896 62.707 -0.643 0.513 0.568
71.998 60.522 62.703 -0.304 0.763 0.571
72.319 59.918 63.333 -0.167 0.827 0.536
72.883 60.004 63.634 -0.542 0.77 0.336
72.187 59.39 63.755 -0.271 0.409 0.871
72.755 59.493 64.043 -0.65 0.34 0.68
71.703 58.795 64.177 0.052 0.805 0.591
72.296 58.934 64.146 -0.344 0.713 0.611
72.804 59.249 64.267 -0.682 0.503 0.531
71.706 58.784 64.192 0.055 0.794 0.605
72.299 58.924 64.159 -0.34 0.701 0.627
72.808 59.238 64.281 -0.679 0.491 0.546
71.844 58.656 64.387 -0.037 0.879 0.475
72.548 58.794 64.573 -0.506 0.788 0.351
71.811 58.236 64.824 -0.066 0.512 0.856
72.515 58.373 65.01 -0.535 0.421 0.733
71.806 58.142 64.885 -0.062 0.574 0.816
72.506 58.209 65.115 -0.529 0.53 0.663
71.1 57.589 65.199 0.428 0.13 0.894
71.817 57.688 65.045 -0.05 0.064 0.997
72.515 57.81 65.256 -0.516 -0.017 0.856
73.026 57.926 65.779 -0.856 -0.095 0.508
71.946 57.233 64.95 0.095 -0.446 0.89
72.628 57.411 65.172 -0.361 -0.565 0.742
73.583 58.933 66.207 -0.901 0.154 0.405
73.704 59.364 66.612 -0.982 -0.133 0.136
73.606 58.865 66.271 -0.878 0.084 0.472
73.729 59.288 66.683 -0.96 -0.198 0.197
73.717 58.932 66.522 -0.952 0.039 0.305
74.07 58.444 66.774 -0.491 -0.598 0.634
74.175 58.426 66.847 -0.561 -0.586 0.585
74.532 58.276 66.922 -0.246 -0.719 0.651
75.012 57.765 66.799 -0.566 -0.378 0.732
75.426 57.781 67.338 -0.843 -0.389 0.373
75.28 57.331 66.614 -0.341 -0.742 0.578
75.686 57.362 67.16 -0.611 -0.762 0.214
75.468 57.17 66.555 -0.466 -0.634 0.617
75.982 57.017 67.106 -0.809 -0.532 0.25
75.473 57.158 66.547 -0.461 -0.645 0.61
75.988 57.005 67.098 -0.804 -0.543 0.242
74.414 56.673 65.831 -0.178 -0.769 0.614
74.892 56.349 65.748 -0.497 -0.553 0.668
74.177 56.419 65.263 -0.297 -0.896 0.33
74.672 56.113 65.22 -0.627 -0.692 0.358
75.769 56.805 66.514 -0.658 -0.409 0.632
76.11 56.781 67.092 -0.886 -0.393 0.246
75.574 56.181 65.89 -0.096 -0.652 0.752
76.048 56.378 66.322 -0.413 -0.784 0.463
76.399 56.34 66.895 -0.647 -0.758 0.082
76.555 56.073 67.491 -0.75 -0.581 -0.316
76.464 56.162 66.044 -0.048 -0.975 0.219
76.829 56.116 66.607 -0.291 -0.944 -0.156
76.626 55.718 65.296 -0.155 -0.679 0.718
75.788 55.625 64.953 0.03 -0.979 0.201
76.38 55.479 64.805 -0.364 -0.882 0.299
76.877 55.102 64.736 -0.695 -0.63 0.345
76.297 55.486 64.212 -0.435 -0.876 -0.206
75.031 55.853 63.226 0.14 -0.984 0.106
74.431 56.032 63.517 -0.438 -0.811 0.387
75.296 55.823 62.994 -0.036 -0.965 0.261
75.486 55.794 62.758 0.129 -0.99 0.057
75.534 55.522 61.974 0.097 -0.809 0.58
75.487 55.439 61.846 0.056 -0.88 0.471
75.313 55.438 61.889 0.172 -0.88 0.443
74.991 55.394 60.992 -0.12 -0.92 -0.373
75.152 55.393 60.915 -0.228 -0.919 -0.321
75.147 55.399 60.9 -0.232 -0.914 -0.334
76.271 55.651 62.529 -0.395 -0.895 0.209
76.301 55.639 62.534 -0.374 -0.903 0.212
76.594 55.481 62.553 -0.57 -0.797 0.2
77.134 55.24 62.398 -0.147 -0.986 0.079
77.141 54.77 60.735 0.164 -0.986 -0.024
77.455 54.775 60.905 -0.045 -0.989 -0.137
76.861 55.231 59.587 -0 -0.715 -0.699
76.961 55.542 59.11 -0.067 -0.922 -0.381
77.39 55.783 58.713 0.147 -0.802 -0.579
77.955 55.879 58.51 -0.23 -0.866 -0.444
77.152 56.212 58.254 0.028 -0.587 -0.809
77.718 56.308 58.051 -0.349 -0.651 -0.674
75.51 56.827 58.401 -0.1 -0.583 -0.806
74.889 56.923 58.233 0.315 -0.647 -0.695
74.356 56.836 57.87 0.67 -0.589 -0.452
75.493 56.782 58.438 -0.119 -0.633 -0.765
74.875 56.887 58.263 0.293 -0.703 -0.648
74.339 56.793 57.905 0.65 -0.64 -0.41
74.413 56.926 57.826 0.632 -0.649 -0.423
75.015 57.063 58.138 0.23 -0.741 -0.631
74.429 56.985 57.769 0.648 -0.592 -0.479
75.031 57.121 58.081 0.246 -0.684 -0.687
74.456 57.146 57.555 0.63 -0.7 -0.337
75.08 57.41 57.699 0.214 -0.876 -0.433
74.398 57.493 57.134 0.577 -0.384 -0.721
75.02 57.769 57.263 0.163 -0.568 -0.807
73.766 56.921 56.128 0.999 -0.003 -0.05
73.894 56.747 55.466 0.913 0.113 0.391
73.743 56.693 56.185 0.977 -0.213 0.002
73.87 56.511 55.525 0.892 -0.091 0.442
73.721 56.486 56.342 0.992 -0.075 -0.102
73.775 56.147 55.811 0.956 0.152 0.252
73.613 56.088 56.586 0.897 -0.427 0.113
73.668 55.748 56.055 0.861 -0.201 0.467
73.85 57.707 54.908 0.897 0.305 0.319
73.696 58.184 55.364 1 -0.013 0.015
73.709 58.07 54.506 0.768 0.638 -0.049
73.566 58.52 54.992 0.864 0.338 -0.373
74.13 58.117 53.253 0.778 0.495 0.387
74.292 57.973 53.001 0.903 0.385 0.193
74.811 57.099 53.77 0.877 0.45 0.168
75.059 56.95 53.365 0.712 0.549 0.438
74.953 56.487 53.998 0.949 0.144 0.282
75.18 56.433 53.557 0.798 0.18 0.576
74.938 55.819 53.994 0.941 -0.19 0.28
75.167 55.868 53.553 0.788 -0.223 0.573
74.42 57.837 52.803 0.817 0.476 0.325
74.928 57.218 52.382 0.618 0.741 -0.263
74.504 57.748 52.281 0.901 0.388 -0.196
74.362 58.4 52.118 0.995 -0.047 -0.087
74.32 57.567 51.81 0.718 0.207 -0.665
74.267 57.47 51.712 0.753 0.271 -0.599
74.209 57.393 51.615 0.71 0.216 -0.67
74.083 57.178 51.346 0.794 0.359 -0.49
73.795 57.558 50.803 0.986 0.106 -0.129
74.03 56.928 51.198 0.721 0.015 -0.693
73.742 57.308 50.656 0.913 -0.239 -0.331
73.965 56.899 51.125 0.764 0.034 -0.644
73.845 56.605 51.036 0.667 -0.204 -0.716
74.005 55.885 51.132 0.561 0.276 -0.78
73.714 55.603 50.657 0.755 0.464 -0.463
73.62 55.442 50.061 0.818 0.572 -0.066
74.061 55.793 51.15 0.637 0.152 -0.755
73.764 55.522 50.673 0.835 0.333 -0.437
73.684 55.337 50.082 0.889 0.457 -0.043
74.279 55.562 51.239 0.492 0.307 -0.815
74.162 55.1 50.835 0.57 0.615 -0.545
74.667 55.213 51.562 0.861 -0.025 -0.508
74.58 54.724 51.182 0.919 0.301 -0.255
74.706 55.127 51.624 0.835 0.032 -0.549
74.674 54.568 51.281 0.856 0.404 -0.321
74.74 54.756 52.199 0.878 -0.442 0.184
74.706 54.211 51.834 0.9 -0.079 0.428
74.668 54.636 52.644 0.925 -0.362 -0.112
74.568 53.999 52.638 0.992 0.062 -0.108
74.743 53.379 52.603 0.876 0.476 -0.085
74.615 54.623 52.936 0.831 -0.385 0.402
74.529 53.99 52.852 0.888 0.038 0.458
74.689 53.367 52.895 0.781 0.453 0.429
74.948 53.188 52.027 0.739 0.603 0.299
75.444 52.439 52.098 0.799 0.478 -0.364
75.189 52.803 51.648 0.97 0.236 -0.063
75.192 53.229 51.181 0.968 -0.048 0.248
75.101 52.355 51.27 0.885 -0.19 -0.424
74.99 51.947 51.041 0.959 0.081 -0.272
74.959 52.007 50.337 0.979 0.042 0.198
74.765 51.375 51.002 0.662 -0.677 -0.323
74.735 51.435 50.298 0.682 -0.717 0.146
75.045 52.449 50.194 0.922 -0.253 0.293
75.044 53.105 49.813 0.921 0.382 -0.076
74.456 53.758 48.805 0.862 0.506 0.005
74.432 53.728 48.49 0.844 0.484 -0.23
74.39 53.749 48.35 0.872 0.469 -0.137
74.278 53.569 47.914 0.754 0.28 -0.594
75.25 52.424 48.014 0.779 0.237 -0.581
75.087 52.289 47.63 0.887 0.326 -0.326
75.331 51.683 48.178 0.837 -0.292 -0.464
75.162 51.608 47.782 0.95 -0.242 -0.199
74.978 51.042 48.393 0.584 -0.75 -0.31
74.837 51.018 47.979 0.679 -0.733 -0.035
74.186 53.457 47.71 0.815 0.354 -0.458
73.737 53.297 47.304 0.273 0.162 -0.948
73.491 52.696 46.933 0.438 0.563 -0.701
74.047 52.065 46.833 0.021 0.139 -0.99
73.462 52.169 46.711 0.411 0.07 -0.909
72.978 52.291 46.367 0.734 -0.011 -0.679
73.331 51.617 46.778 0.288 -0.448 -0.847
73.249 51.402 46.841 0.342 -0.304 -0.889
73.889 50.979 47.261 -0.111 -0.766 -0.634
73.234 50.974 47.149 0.326 -0.762 -0.56
72.675 50.744 46.873 0.699 -0.609 -0.376
73.122 50.772 47.624 0.206 -0.977 -0.052
72.155 51.311 46.179 0.266 -0.136 -0.954
72.242 51.727 46.077 0.208 -0.413 -0.886
71.522 51.398 46.168 -0.261 -0.063 -0.963
71.555 51.822 46.065 -0.283 -0.346 -0.895
70.975 51.476 46.488 -0.718 0.002 -0.696
70.96 51.907 46.413 -0.708 -0.285 -0.646
73.156 53.459 47.004 0.661 0.054 -0.748
73.018 53.562 46.915 0.524 0.157 -0.837
72.931 53.49 46.839 0.583 0.205 -0.787
72.54 53.664 46.686 0.312 0.325 -0.893
72.293 53.909 46.643 0.477 0.162 -0.864
71.712 53.851 46.483 0.008 0.115 -0.993
71.558 53.856 46.474 0.111 0.112 -0.987
71.231 52.928 46.291 -0.515 0.444 -0.733
71.092 53.698 46.547 -0.422 -0.069 -0.904
70.762 54.436 46.395 -0.202 -0.561 -0.803
70.74 53.574 46.878 -0.824 -0.21 -0.527
73.008 55.599 47.021 0.803 0.1 -0.587
73.538 55.015 47.261 0.449 0.489 -0.748
73.146 56.901 48.762 0.958 -0.034 -0.285
73.133 56.931 48.719 0.947 -0.008 -0.321
73.078 56.872 48.499 0.984 0.031 -0.175
73.074 56.88 48.481 0.981 0.037 -0.189
72.795 56.275 47.058 0.697 0.437 -0.568
72.8 56.503 47.198 0.693 0.285 -0.662
73.063 57.005 48.413 0.989 -0.046 -0.144
72.771 56.912 47.514 0.669 0.627 -0.399
72.758 57.368 47.906 0.678 0.323 -0.66
72.908 57.901 48.139 0.578 -0.032 -0.815
72.12 57.572 47.722 0.03 0.531 -0.847
73.246 58.053 48.515 0.86 0.094 -0.502
73.494 58.206 48.841 0.695 -0.008 -0.719
72.963 58.581 48.433 0.624 0.535 -0.57
73.186 58.78 48.752 0.475 0.402 -0.783
72.478 58.936 48.502 0.22 0.83 -0.512
72.66 59.165 48.828 0.099 0.677 -0.729
73.268 56.923 49.052 0.877 -0.048 -0.478
73.293 56.273 48.838 0.86 0.385 -0.335
73.361 56.771 49.582 0.975 -0.208 0.081
73.394 56.11 49.411 0.953 0.233 0.195
73.341 56.465 49.935 0.988 -0.004 -0.155
73.415 55.95 49.61 0.939 0.339 0.062
73.352 56.387 50.06 0.996 -0.059 -0.066
73.426 55.872 49.735 0.947 0.284 0.151
74.126 54.888 49.127 0.934 0.309 0.181
74.485 54.414 49.935 0.694 0.625 -0.358
73.805 57.968 50.782 0.979 -0.168 -0.114
73.826 58.175 50.785 0.993 -0.025 -0.112
73.846 58.259 50.892 0.98 -0.081 -0.183
73.671 58.903 50.875 0.806 0.557 -0.2
73.612 58.96 50.764 0.846 0.519 -0.126
72.906 59.535 50.684 0.357 0.916 -0.182
73.675 59.577 52.46 0.721 0.687 0.093
73.874 59.412 52.39 0.588 0.797 0.14
73.422 58.763 54.104 0.96 0.176 0.219
73.405 58.906 54.769 0.971 0.081 -0.224
73.421 59.377 53.373 0.594 0.587 0.55
73.191 59.28 54.005 0.748 0.652 0.128
73.191 59.385 54.677 0.747 0.582 -0.32
73.422 59.668 55.251 0.594 0.393 -0.702
72.714 59.601 53.974 0.309 0.946 0.1
72.75 59.681 54.649 0.285 0.892 -0.35
72.279 59.827 53.983 0.6 0.795 0.094
72.5 59.793 54.66 0.452 0.817 -0.357
72.175 59.887 54.02 0.46 0.876 0.144
72.396 59.853 54.697 0.313 0.899 -0.307
74.283 58.775 56.408 0.608 -0.407 -0.681
74.937 58.746 56.745 0.172 -0.387 -0.906
74.32 59.202 56.349 0.653 0.097 -0.752
74.978 59.21 56.681 0.214 0.091 -0.973
75.752 60.162 56.396 -0.302 -0.544 -0.783
75.642 60.438 56.466 -0.706 0.475 -0.525
74.184 59.576 56.198 0.743 -0.153 -0.651
74.065 59.875 56.274 0.345 0.85 -0.397
73.944 60.029 56.443 0.426 0.748 -0.51
74.445 60.152 56.789 0.092 0.666 -0.74
73.617 60.253 56.838 0.063 0.995 -0.072
74.118 60.376 57.184 -0.271 0.914 -0.302
73.129 60.408 57.078 0.388 0.892 -0.231
73.22 60.647 57.625 0.327 0.733 -0.596
73.047 60.44 57.077 0.308 0.923 -0.231
73.135 60.679 57.625 0.249 0.763 -0.596
74 60.799 57.858 -0.193 0.631 -0.751
74.381 61.169 58.362 0.119 0.933 -0.339
74.498 61.342 58.714 0.041 0.818 -0.574
75.168 61.437 58.627 -0.406 0.755 -0.516
75.711 61.766 58.38 -0.768 0.535 -0.351
74.51 61.419 58.856 0.056 0.923 -0.38
75.177 61.499 58.741 -0.388 0.87 -0.303
75.724 61.848 58.531 -0.753 0.637 -0.163
74.268 61.782 59.335 0.217 0.681 -0.699
74.738 62.131 59.619 -0.096 0.449 -0.888
74.16 61.871 59.406 0.11 0.77 -0.629
74.634 62.216 59.687 -0.206 0.54 -0.816
74.066 61.919 59.441 0.173 0.738 -0.652
74.461 62.29 59.763 -0.09 0.491 -0.866
74.831 62.79 59.855 -0.337 0.158 -0.928
73.823 62.048 59.612 -0.1 0.882 -0.46
74.249 62.401 59.911 -0.384 0.647 -0.659
74.574 62.926 60.036 -0.601 0.297 -0.742
75.754 63.025 59.306 -0.738 -0.033 -0.674
76.026 62.739 58.836 -0.919 0.157 -0.361
75.766 63.06 59.291 -0.729 -0.008 -0.684
76.038 62.774 58.822 -0.91 0.182 -0.371
75.84 63.279 59.178 -0.778 -0.154 -0.609
76.134 63.168 58.583 -0.974 -0.08 -0.212
75.964 63.826 59.117 -0.666 0.341 -0.664
76.248 63.673 58.527 -0.855 0.442 -0.271
75.435 64.68 59.748 -0.364 0.471 -0.804
75.975 64.85 59.425 -0.725 0.358 -0.589
74.65 64.481 60.278 -0.757 0.371 -0.538
74.64 64.715 60.408 -0.75 0.215 -0.625
74.075 64.399 62.044 -0.778 0.416 -0.47
74.037 64.291 62.023 -0.81 0.325 -0.488
74.153 64.517 62.004 -0.83 0.338 -0.443
74.556 65.002 62.332 -0.325 0.945 -0.032
74.655 65.25 63.019 -0.391 0.779 -0.49
74.616 65.373 63.695 -0.427 0.893 0.138
74.619 65.379 64.132 -0.43 0.89 -0.153
75.046 65.849 64.499 -0.714 0.576 -0.398
74.528 65.327 64.303 -0.581 0.804 0.128
74.95 65.795 64.678 -0.862 0.492 -0.122
74.123 65.12 64.688 -0.311 0.942 -0.129
73.666 64.852 64.825 -0.702 0.712 -0.011
73.587 64.782 64.733 -0.65 0.759 0.05
73.266 64.177 64.778 -0.988 0.122 0.098
74.764 65.874 65.262 -0.738 0.44 -0.512
74.188 65.768 66.041 -0.406 0.885 -0.229
74.727 66.138 65.829 -0.765 0.638 -0.088
75.025 66.711 65.59 -0.964 0.256 0.072
74.95 66.255 66.404 -0.599 0.725 0.341
74.474 64.633 68.661 -0.52 0.772 0.364
74.253 64.451 68.642 -0.695 0.628 0.349
73.019 63.798 66.3 -0.99 -0.1 -0.1
72.894 63.283 66.667 -0.907 0.243 -0.345
72.721 62.704 67.138 -0.993 -0.046 -0.109
72.666 62.817 67.375 -0.956 -0.122 -0.267
73.002 61.86 68.444 -0.981 -0.151 -0.124
73.186 61.442 68.261 -0.835 -0.48 -0.268
73.79 60.694 65.7 -0.989 -0.149 0.01
73.721 60.302 65.245 -0.943 0.112 0.314
73.839 61.039 65.406 -0.94 0.192 -0.281
73.772 60.661 64.938 -0.896 0.443 0.031
73.71 60.078 65.357 -0.935 0.261 0.239
73.783 60.278 65.904 -0.984 0.127 -0.125
73.705 60.051 65.368 -0.939 0.24 0.247
73.778 60.251 65.914 -0.987 0.107 -0.118
73.7 59.895 65.861 -0.935 0.344 -0.082
73.667 59.275 66.396 -0.957 -0.075 0.28
73.364 60.916 68.267 -0.954 -0.129 -0.272
73.364 60.899 68.275 -0.953 -0.144 -0.265
73.709 59.732 68.357 -0.863 -0.503 -0.042
74.362 59.298 68.724 -0.235 -0.921 0.312
75.199 58.532 68.305 -0.674 -0.496 0.548
75.188 58.287 67.796 -0.684 -0.726 0.068
75.266 58.568 68.433 -0.718 -0.519 0.463
75.294 58.618 68.524 -0.7 -0.486 0.524
75.417 58.719 68.877 -0.781 -0.553 0.289
74.94 59.204 69.112 -0.463 -0.876 0.133
75.581 58.749 69.162 -0.594 -0.52 0.614
75.096 59.232 69.383 -0.271 -0.842 0.467
75.578 58.815 69.22 -0.592 -0.564 0.576
76.37 58.276 69.588 -0.481 0.033 0.876
76.038 58.987 69.613 -0.26 -0.441 0.859
75.599 59.517 69.991 0.032 -0.794 0.607
76.583 59.266 69.755 0.133 -0.239 0.962
76.729 59.315 69.755 0.036 -0.272 0.962
77.591 58.868 69.618 0.237 0.381 0.894
77.207 59.534 69.657 0.493 -0.062 0.868
77.017 60.174 70.039 0.62 -0.49 0.613
77.533 59.805 69.333 0.807 0.197 0.557
77.73 58.81 69.598 0.319 0.347 0.882
78.143 58.432 69.722 0.043 0.599 0.8
77.277 57.786 69.977 -0 0.492 0.871
76.446 58.173 69.628 -0.437 -0.027 0.899
76.625 57.614 69.843 -0.556 0.346 0.756
76.659 57.144 70.255 -0.579 0.659 0.481
75.943 57.719 69.143 -0.732 -0.295 0.614
76.21 57.238 69.442 -0.91 0.026 0.415
76.238 56.764 69.849 -0.929 0.342 0.143
76.18 56.792 68.918 -0.935 -0.354 -0.032
76.389 56.132 68.047 -0.834 -0.551 -0.038
76.468 55.774 68.503 -0.886 -0.313 -0.342
76.87 55.691 67.662 -0.593 -0.771 -0.23
76.915 55.364 68.146 -0.623 -0.553 -0.553
77.545 55.419 67.457 -0.255 -0.908 -0.333
77.543 55.111 67.954 -0.254 -0.702 -0.665
77.951 55.677 66.48 0.041 -0.998 -0.044
77.884 55.542 65.799 0.086 -0.908 0.41
77.311 55.883 66.464 -0.612 -0.788 -0.06
77.318 55.724 65.785 -0.617 -0.682 0.392
78.092 55.48 65.671 -0.053 -0.867 0.496
78.326 55.633 66.213 -0.208 -0.969 0.134
78.419 55.461 65.526 0.317 -0.889 0.331
78.68 55.612 66.056 0.143 -0.989 -0.022
78.529 55.511 65.571 0.244 -0.922 0.301
78.904 55.621 66.167 -0.006 -0.995 -0.096
78.817 55.653 65.364 0.73 -0.681 -0.049
79.191 55.764 65.96 0.481 -0.755 -0.447
79.057 55.86 65.195 0.571 -0.819 0.063
79.083 55.877 65.153 0.594 -0.804 0.025
78.513 54.975 64.187 0.668 -0.736 -0.111
78.702 55.128 63.926 0.542 -0.838 0.063
77.975 54.786 63.851 0.22 -0.894 -0.392
78.058 54.902 63.524 0.164 -0.971 -0.174
77.315 54.837 63.831 -0.33 -0.851 -0.408
77.27 54.963 63.5 -0.3 -0.935 -0.188
79.237 55.971 65.063 0.492 -0.866 0.085
79.411 56.082 64.881 0.612 -0.79 -0.041
79.608 56.208 64.717 0.48 -0.875 0.069
79.772 56.37 64.337 0.627 -0.729 -0.275
78.419 55.497 62.235 0.728 -0.68 -0.086
78.07 55.062 63.055 0.171 -0.877 -0.45
77.923 55.192 62.35 0.268 -0.963 0.02
77.872 54.978 61.652 0.303 -0.82 0.485
77.332 55.198 62.407 -0.279 -0.958 0.073
78.553 55.63 62.162 0.639 -0.769 -0.037
78.774 55.978 61.96 0.889 -0.374 -0.265
78.995 56.099 60.822 0.741 -0.455 0.494
78.876 55.794 60.444 0.611 -0.787 0.081
78.784 55.716 60.446 0.672 -0.736 0.08
78.221 55.485 59.913 0.243 -0.913 -0.328
80.561 56.866 58.972 0.383 -0.917 -0.111
81.3 56.981 58.841 -0.11 -0.994 -0.024
80.437 57.154 58.377 0.248 -0.605 -0.756
81.186 57.244 58.297 -0.251 -0.665 -0.703
79.284 56.672 57.862 0.434 -0.47 -0.769
79.365 57.108 57.499 0.38 -0.76 -0.527
78.706 56.63 57.681 0.145 -0.491 -0.859
78.788 57.066 57.318 0.091 -0.781 -0.618
78.106 56.71 57.641 -0.155 -0.451 -0.879
78.188 57.145 57.279 -0.209 -0.741 -0.638
77.097 57.302 57.663 -0.142 -0.62 -0.772
77.076 57.283 57.683 -0.154 -0.631 -0.76
76.219 58.725 56.619 -0.023 -0.199 -0.98
76.871 59.373 56.089 -0.458 -0.631 -0.626
76.082 59.691 56.456 -0.474 -0.27 -0.838
76.048 59.719 56.466 -0.5 -0.248 -0.83
76.737 60.616 55.591 -0.244 -0.111 -0.963
76.979 60.529 55.515 -0.405 -0.053 -0.913
76.942 62.012 55.95 -0.453 0.154 -0.878
76.528 62.126 56.446 -0.897 0.275 -0.347
76.421 62.123 56.664 -0.825 0.277 -0.492
76.331 62.08 56.827 -0.914 0.234 -0.331
75.609 61.048 57.068 -0.584 0.74 -0.334
75.548 60.638 56.706 -0.643 0.342 -0.685
75.623 61.125 57.192 -0.593 0.689 -0.417
75.641 61.215 57.345 -0.58 0.754 -0.307
75.687 61.401 57.602 -0.611 0.631 -0.479
76.093 62.006 57.504 -0.882 0.227 -0.414
75.661 61.432 57.69 -0.648 0.675 -0.353
76.067 62.038 57.593 -0.918 0.272 -0.288
75.702 61.493 57.725 -0.675 0.635 -0.376
75.643 61.549 58.035 -0.723 0.68 -0.121
76.468 63.504 56.791 -0.735 0.347 -0.583
76.663 63.449 56.404 -0.865 0.384 -0.324
76.915 64.065 56.882 -0.416 0.748 -0.518
77.074 63.965 56.487 -0.522 0.814 -0.255
78.139 64.246 56.588 -0.311 0.945 -0.103
78.589 64.524 56.1 -0.611 0.76 0.222
78.828 65.063 55.688 -0.77 0.4 0.496
78.45 64.206 56.806 0.359 0.858 0.368
78.806 64.495 56.252 0.121 0.665 0.737
79.205 65.014 55.953 -0.145 0.319 0.937
78.812 64.093 57.866 0.117 0.934 -0.338
78.727 64.143 58.023 0.037 0.981 -0.191
78.066 64.478 58.404 0.478 0.758 -0.445
77.412 64.415 57.599 -0.061 0.998 -0.006
77.399 64.614 58.337 -0.052 0.866 -0.498
77.365 65.15 58.882 -0.03 0.508 -0.861
76.729 64.187 57.668 -0.549 0.835 0.043
76.753 64.398 58.402 -0.565 0.694 -0.446
76.556 64.88 58.963 -0.434 0.373 -0.82
76.324 63.895 58.579 -0.905 0.295 -0.306
78.774 64.527 58.77 0.006 0.725 -0.689
78.973 64.664 58.973 0.163 0.833 -0.528
79.143 65.179 59.486 0.05 0.49 -0.87
78.999 65.751 60.159 -0.063 0.936 -0.346
77.136 66.083 60.257 -0.144 0.974 -0.173
77.319 66.166 60.434 -0.266 0.919 -0.291
76.66 65.738 62.113 -0.048 0.996 -0.075
76.537 65.721 62.063 -0.147 0.982 -0.116
75.464 65.563 62.178 -0.36 0.925 -0.124
75.119 65.349 62.296 -0.701 0.713 -0.008
75.547 65.615 62.274 -0.415 0.89 -0.188
76.23 65.735 62.224 0.058 0.973 -0.223
76.651 65.77 62.328 -0.042 0.975 -0.218
76.939 65.786 61.811 -0.233 0.964 0.126
76.997 65.736 62.514 0.349 0.937 -0.008
77.272 65.753 61.991 0.165 0.926 0.341
76.409 66.442 63.816 0.138 0.77 -0.623
75.63 66.106 63.35 -0.36 0.924 -0.132
75.758 66.397 63.931 -0.445 0.73 -0.519
75.755 66.902 64.361 -0.443 0.393 -0.806
75.281 66.065 64.252 -0.871 0.432 -0.233
77.127 67.052 64.538 0.537 0.5 -0.679
77.436 66.546 64.17 0.331 0.838 -0.434
77.965 66.454 64.918 0.582 0.797 -0.161
78.051 66.182 65.656 0.66 0.55 0.512
77.407 66.376 66.435 0.737 0.017 0.676
77.753 65.781 66.313 0.507 0.413 0.757
76.599 65.528 66.954 0.633 0.181 0.753
76.154 65.847 67.093 0.301 0.42 0.856
76.023 65.916 67.114 0.388 0.375 0.842
75.84 66.815 66.697 -0.382 0.331 0.863
75.495 66.244 66.962 -0.152 0.711 0.686
75.098 65.918 67.462 0.113 0.929 0.353
75.016 66.256 66.538 -0.643 0.724 0.252
75.541 64.815 68.562 0.505 0.8 0.324
74.97 65.445 68.053 0.006 0.535 0.845
75.054 64.9 68.663 -0.05 0.897 0.438
75.116 64.76 69.47 -0.091 0.991 -0.1
74.58 64.732 68.621 -0.591 0.706 0.391
75.666 64.735 68.588 0.422 0.853 0.306
75.703 64.718 68.582 0.451 0.84 0.302
75.672 64.583 70.167 0.307 0.865 0.398
75.933 64.421 70.479 0.133 0.973 0.19
75.09 64.346 70.605 -0.11 0.695 0.711
75.396 64.203 70.882 -0.314 0.79 0.526
74.676 63.743 70.835 -0.405 0.264 0.875
75.015 63.648 71.094 -0.631 0.328 0.703
74.262 62.464 70.588 -0.268 0.071 0.961
74.083 63.346 70.393 -0.829 -0.019 0.559
73.843 62.771 70.26 -0.669 0.365 0.647
73.423 62.294 70.303 -0.389 0.683 0.619
73.651 62.922 69.698 -0.853 0.51 0.108
73.639 63.374 69.121 -0.845 0.209 0.492
73.71 63.68 69.003 -0.775 0.508 0.376
73.288 62.778 69.097 -0.611 0.606 0.509
72.806 62.87 68.342 -0.839 -0.077 0.539
72.975 62.423 68.827 -0.951 0.221 0.215
72.849 62.043 69.378 -0.867 0.474 -0.152
72.968 61.996 68.487 -0.958 -0.242 -0.153
74.482 62.438 70.67 -0.415 0.088 0.906
74.714 62.174 70.719 -0.14 -0.226 0.964
73.667 61.299 70.727 -0.186 -0.147 0.972
73.889 60.926 70.779 -0.334 0.102 0.937
73.212 61.03 70.445 -0.565 -0.371 0.737
73.395 60.634 70.473 -0.687 -0.107 0.718
72.912 60.896 69.944 -0.815 -0.483 0.32
73.069 60.488 69.929 -0.92 -0.211 0.33
72.842 60.929 69.35 -0.873 -0.455 -0.176
72.993 60.525 69.284 -0.974 -0.185 -0.131
74.874 61.979 70.719 -0.247 -0.096 0.964
75.037 61.881 70.73 -0.06 -0.207 0.977
74.816 60.437 70.743 0.328 -0.247 0.912
75.405 60.511 70.682 -0.064 -0.297 0.953
74.77 59.792 70.366 0.295 -0.708 0.642
75.351 59.748 70.235 -0.092 -0.678 0.729
75.336 61.973 70.803 -0.259 -0.268 0.928
75.891 61.29 70.735 0.179 0.093 0.979
75.895 61.908 70.807 0.176 -0.318 0.931
75.945 62.443 71.119 0.143 -0.675 0.723
76.534 61.391 70.484 0.5 0.144 0.854
76.415 61.989 70.604 0.58 -0.255 0.774
76.445 62.522 70.924 0.56 -0.61 0.561
76.786 62.2 70.237 0.868 -0.091 0.488
77.355 61.529 69.485 0.911 0.212 0.355
77.405 62.168 69.373 0.877 -0.214 0.429
77.778 60.886 68.435 0.809 0.496 0.314
77.754 60.586 68.769 0.795 0.309 0.523
77.032 61.401 70.067 0.749 0.149 0.646
77.11 61.145 70.073 0.697 0.319 0.642
76.398 60.773 70.549 0.432 -0.165 0.887
76.616 60.657 70.448 0.286 -0.088 0.954
77.735 60.479 68.876 0.807 0.379 0.452
77.646 60.061 69.147 0.732 0.027 0.681
77.845 60.949 68.22 0.764 0.455 0.457
77.575 61.483 68.437 0.945 0.099 0.313
77.879 61.038 68.041 0.789 0.521 0.326
77.609 61.573 68.258 0.97 0.164 0.182
78.891 60.062 68.039 0.73 0.491 0.475
79.322 60.045 67.637 0.443 0.503 0.743
79.309 59.034 68.165 0.615 0.519 0.594
79.358 59 68.143 0.643 0.499 0.581
79.884 57.437 68.908 0.914 0.101 0.392
80.23 57.356 68.426 0.684 0.155 0.713
79.573 57.278 69.425 0.759 0.022 0.651
79.428 56.839 69.784 0.855 0.314 0.411
79.062 57.699 69.788 0.503 0.233 0.833
78.952 57.231 70.122 0.576 0.545 0.61
78.369 57.945 69.966 0.157 0.355 0.922
78.309 57.459 70.287 0.197 0.679 0.707
79.35 56.033 70.045 0.81 -0.16 0.565
79.441 55.719 69.902 0.749 0.05 0.661
78.765 55.53 70.375 0.465 -0.456 0.759
78.951 55.299 70.178 0.341 -0.301 0.89
78.163 54.992 70.148 0.111 -0.773 0.625
78.448 54.848 69.987 -0.079 -0.677 0.732
77.811 54.656 69.464 -0.096 -0.97 0.223
78.153 54.567 69.415 -0.324 -0.911 0.255
77.864 54.672 68.626 -0.065 -0.961 -0.27
78.198 54.58 68.715 -0.287 -0.9 -0.329
78.732 55.28 67.647 -0.096 -0.914 -0.395
78.696 55.298 67.616 -0.127 -0.898 -0.422
78.876 55.204 67.754 -0.193 -0.863 -0.467
79.787 55.252 67.541 0.172 -0.964 0.204
79.446 55.164 68.064 0.4 -0.905 -0.144
79.21 54.836 68.548 0.557 -0.687 -0.467
80.236 55.658 67.966 0.546 -0.625 0.558
79.84 55.521 68.437 0.81 -0.534 0.244
79.659 55.242 68.973 0.931 -0.348 -0.114
79.879 56.112 68.703 0.85 0.081 0.521
80.825 56.621 66.496 0.9 -0.42 0.119
80.298 56.182 66.004 0.384 -0.849 -0.362
81.432 57.535 66.114 0.841 -0.147 0.521
81.253 57.596 66.583 0.96 -0.187 0.208
81.452 58.207 65.94 0.855 0.334 0.396
81.277 58.391 66.377 0.972 0.211 0.105
81.236 58.727 65.533 0.701 0.705 0.106
81.022 59.007 65.895 0.844 0.518 -0.136
80.268 59.467 65.02 0.805 0.522 -0.282
79.953 59.193 64.429 0.529 0.281 -0.801
79.832 58.659 63.935 0.61 0.637 -0.472
79.417 58.929 63.338 0.886 0.457 -0.073
79.825 58.119 63.713 0.599 -0.134 -0.79
79.409 58.359 63.103 0.876 -0.294 -0.383
79.846 57.452 63.653 0.584 0.311 -0.75
80.68 57.115 64.207 0.304 -0.446 -0.842
80 56.907 63.807 0.758 -0.307 -0.575
79.656 56.562 63.152 0.987 -0.077 -0.138
79.842 56.474 64.17 0.58 -0.798 -0.164
79.231 57.839 62.67 0.994 0.053 -0.094
79.199 57.742 62.488 0.964 -0.037 -0.262
79.225 57.204 62.122 0.947 0.321 -0.018
79.316 57.398 61.463 0.887 0.192 0.421
79.229 56.728 62.006 0.951 -0.263 -0.161
79.32 56.861 61.332 0.891 -0.351 0.288
79.207 56.684 61.932 0.966 -0.234 -0.111
79.339 56.768 61.194 0.878 -0.289 0.381
79.067 56.449 61.88 0.694 -0.688 -0.212
79.198 56.533 61.142 0.606 -0.744 0.28
80.686 57.253 59.763 0.512 -0.163 0.844
81.413 57.401 59.581 0.027 -0.262 0.965
80.162 56.516 59.897 0.867 -0.461 0.191
80.688 56.935 59.535 0.516 -0.74 0.431
81.415 57.066 59.342 0.031 -0.828 0.561
82.154 56.876 59.366 -0.461 -0.701 0.544
80.601 56.845 59.165 0.357 -0.903 -0.24
81.323 56.972 58.952 -0.125 -0.987 -0.098
81.411 57.51 59.615 0.029 -0.334 0.942
80.682 57.444 59.818 0.514 -0.29 0.807
81.353 58.23 59.521 -0.043 0.565 0.824
80.619 58.231 59.714 0.446 0.564 0.695
81.398 58.464 59.393 -0.073 0.409 0.91
80.701 58.622 59.454 0.391 0.303 0.869
81.416 58.555 59.346 -0.054 0.511 0.858
80.72 58.721 59.404 0.41 0.401 0.819
81.825 59.066 59.239 -0.327 0.171 0.93
81.993 59.174 59.258 -0.176 0.269 0.947
83.038 58.703 59.694 0.17 0.604 0.778
83.109 59.331 59.399 0.123 0.186 0.975
83.979 58.97 59.09 0.488 0.09 0.868
84.386 58.438 58.497 0.859 -0.393 0.328
84.094 57.432 58.282 0.925 -0.304 -0.23
84.303 57.894 57.804 0.786 -0.612 0.089
83.707 57.1 57.853 0.648 -0.541 -0.536
83.865 57.52 57.319 0.543 -0.82 -0.181
83.114 56.933 57.6 0.224 -0.66 -0.717
83.195 57.331 57.033 0.17 -0.925 -0.339
82.449 56.968 57.581 -0.251 -0.635 -0.731
82.443 57.37 57.012 -0.247 -0.903 -0.351
81.239 57.505 57.976 -0.254 -0.676 -0.692
80.528 57.581 57.915 0.22 -0.726 -0.651
81.221 57.414 58.089 -0.274 -0.779 -0.565
80.509 57.482 58.037 0.201 -0.824 -0.53
80.492 57.76 57.65 0.244 -0.846 -0.475
81.17 57.84 57.517 -0.208 -0.899 -0.386
80.328 58.34 57.111 0.106 -0.357 -0.928
81.009 58.408 56.989 -0.348 -0.402 -0.847
80.02 58.648 56.869 0.311 -0.562 -0.766
80.434 59.004 56.619 0.035 -0.799 -0.6
79.821 58.78 56.726 0.173 -0.471 -0.865
80.235 59.135 56.477 -0.103 -0.708 -0.699
79.426 58.892 56.502 0.436 -0.546 -0.715
78.695 58.884 56.345 -0.092 -0.552 -0.829
78.009 59.68 55.597 0.11 -0.477 -0.872
78.602 59.754 55.49 -0.285 -0.527 -0.801
77.95 60.369 55.365 0.081 -0.133 -0.988
78.553 60.336 55.294 -0.321 -0.111 -0.941
77.855 62.08 55.711 0.088 0.088 -0.992
77.044 62.094 55.904 -0.522 0.099 -0.847
78.361 62.283 55.674 -0.25 -0.048 -0.967
78.566 62.592 55.662 -0.088 0.196 -0.977
78.375 63.469 55.578 0.04 -0.388 -0.921
78.734 63.89 55.271 -0.2 -0.669 -0.716
79.039 64.133 54.772 -0.403 -0.831 -0.383
77.556 63.41 55.679 -0.12 0.351 -0.928
78.073 63.768 55.604 -0.465 0.112 -0.878
78.465 64.157 55.293 -0.726 -0.147 -0.671
78.663 64.506 54.803 -0.859 -0.379 -0.345
78.632 64.754 54.221 -0.838 -0.545 0.043
77.417 63.915 56.086 -0.236 0.773 -0.589
77.984 64.093 55.865 -0.613 0.655 -0.442
78.386 64.445 55.526 -0.882 0.42 -0.216
78.553 64.91 55.129 -0.993 0.11 0.049
78.454 65.404 54.745 -0.927 -0.22 0.305
78.157 64.261 56.216 -0.323 0.935 0.144
78.54 64.595 55.838 -0.579 0.713 0.397
78.769 65.119 55.565 -0.731 0.363 0.578
79.472 63.86 54.673 -0.692 -0.649 -0.318
79.525 63.395 55.092 -0.727 -0.339 -0.597
79.387 62.842 55.355 -0.635 0.03 -0.772
79.851 63.912 53.885 -0.228 -0.966 -0.125
79.914 63.685 54.468 -0.27 -0.815 -0.513
79.907 63.245 54.915 -0.265 -0.521 -0.811
79.829 62.667 55.149 -0.214 -0.136 -0.967
79.696 62.054 55.129 -0.125 0.273 -0.954
80.431 63.657 54.49 0.222 -0.842 -0.492
80.353 63.22 54.934 0.274 -0.551 -0.788
80.346 62.639 55.171 0.279 -0.163 -0.946
80.681 63.646 54.574 0.056 -0.835 -0.548
80.812 63.144 55.05 -0.031 -0.5 -0.866
80.932 62.476 55.24 -0.112 -0.054 -0.992
81.279 64.098 54.044 0.486 -0.873 -0.046
81.111 63.783 54.651 0.598 -0.663 -0.451
81.141 63.248 55.11 0.578 -0.306 -0.756
81.362 62.612 55.317 0.431 0.118 -0.895
81.726 62.015 55.229 0.188 0.516 -0.836
81.706 64.474 54.543 0.7 -0.685 0.204
81.37 64.01 54.954 0.924 -0.376 -0.07
81.339 63.422 55.341 0.945 0.016 -0.328
81.621 62.84 55.62 0.757 0.405 -0.514
82.153 62.391 55.729 0.402 0.704 -0.586
81.669 64.842 55.204 0.681 -0.501 0.534
81.347 64.233 55.353 0.896 -0.095 0.434
81.322 63.593 55.647 0.913 0.332 0.239
81.598 63.062 56.02 0.728 0.685 -0.01
82.116 62.759 56.389 0.383 0.888 -0.256
81.053 64.357 55.682 0.525 0.061 0.849
81.097 63.688 55.899 0.496 0.508 0.704
81.304 63.187 56.348 0.358 0.842 0.405
80.875 64.503 55.809 0.644 -0.036 0.764
80.735 63.95 56.073 0.737 0.332 0.589
80.79 63.485 56.491 0.701 0.643 0.31
80.822 64.536 55.852 0.593 -0.005 0.805
80.689 63.979 56.109 0.682 0.367 0.633
80.737 63.518 56.533 0.65 0.674 0.35
80.628 64.847 56.072 0.723 -0.212 0.658
80.321 64.55 56.498 0.927 -0.014 0.374
80.239 64.25 57.014 0.982 0.186 0.03
80.395 63.995 57.538 0.878 0.356 -0.319
80.62 64.877 56.089 0.711 -0.164 0.684
80.317 64.564 56.506 0.913 0.044 0.406
80.236 64.262 57.021 0.967 0.246 0.062
80.389 64.019 57.551 0.865 0.407 -0.291
81.727 64.983 55.251 0.71 -0.43 0.558
82.003 65.449 55.461 0.526 -0.741 0.418
82.257 65.473 53.215 0.739 -0.672 -0.052
82.256 65.472 53.213 0.738 -0.672 -0.053
80.944 64.083 53.43 0.319 -0.88 -0.352
80.798 64.127 52.865 0.416 -0.909 0.025
80.278 63.928 53.56 -0.015 -0.958 -0.287
80.178 63.982 52.986 0.051 -0.994 0.096
79.596 64.035 53.659 -0.356 -0.904 -0.238
79.545 64.082 53.077 -0.321 -0.935 0.149
78.999 64.391 53.711 -0.654 -0.726 -0.212
78.989 64.413 53.125 -0.648 -0.741 0.178
78.573 64.943 53.709 -0.867 -0.45 -0.213
78.593 64.926 53.124 -0.881 -0.439 0.177
78.38 65.61 53.654 -0.964 -0.116 -0.241
78.414 65.546 53.072 -0.986 -0.074 0.147
78.448 66.297 53.553 -0.929 0.227 -0.291
78.478 66.185 52.979 -0.949 0.302 0.092
79.658 67.776 53.34 -0.757 0.654 0.02
79.662 67.78 53.348 -0.754 0.656 0.025
79.338 67.233 55.197 -0.485 0.695 0.531
79.782 67.541 55.411 -0.781 0.49 0.388
79.448 66.794 55.671 -0.429 0.475 0.768
79.885 67.133 55.852 -0.72 0.249 0.647
79.732 66.3 55.995 -0.287 0.228 0.93
80.149 66.674 56.153 -0.565 -0.021 0.825
80.13 65.223 56.24 -0.061 0.381 0.923
80.091 64.723 56.575 -0.036 0.714 0.699
80.045 64.397 57.08 -0.005 0.932 0.363
79.996 64.296 57.673 0.028 0.999 -0.032
79.817 65.133 56.161 -0.553 0.24 0.798
79.948 64.682 56.539 -0.64 0.541 0.546
79.923 64.362 57.049 -0.623 0.754 0.206
79.747 64.224 57.609 -0.506 0.846 -0.168
80.847 68.508 55.542 -0.81 0.499 0.308
81.091 68.094 56.169 -0.645 0.22 0.732
81.122 67.97 56.244 -0.666 0.302 0.682
81.029 66.979 56.427 -0.047 0.159 0.986
81.484 67.448 56.521 -0.35 -0.154 0.924
81.837 67.872 56.882 -0.586 -0.437 0.683
82.039 67.042 56.437 0.135 -0.508 0.851
82.376 66.874 56.342 -0.089 -0.396 0.914
83.005 67.109 56.724 -0.509 -0.553 0.66
82.812 66.543 55.862 0.481 -0.828 0.287
83.419 66.796 56.269 0.077 -0.997 0.016
82.819 66.443 55.635 0.477 -0.762 0.439
83.372 66.715 55.821 0.108 -0.943 0.315
82.951 66.403 55.289 0.587 -0.796 0.149
83.508 66.674 55.464 0.215 -0.976 0.032
83.485 66.63 55.178 0.231 -0.947 0.223
83.954 66.879 54.379 0.542 -0.782 -0.307
83.829 66.843 54.197 0.625 -0.758 -0.186
84.33 67.035 54.458 0.291 -0.886 -0.361
83.899 67.011 53.956 0.685 -0.613 -0.393
84.393 67.186 54.242 0.356 -0.73 -0.583
83.145 66.126 53.391 0.694 -0.681 -0.232
83.094 66.104 52.8 0.728 -0.666 0.162
83.183 66.673 51.459 0.772 -0.382 -0.508
83.457 67.178 51.251 0.59 -0.719 -0.368
82.911 66.143 51.633 0.636 -0.647 -0.421
82.53 65.727 51.405 0.89 -0.369 -0.269
82.853 65.865 52.237 0.607 -0.786 -0.119
82.472 65.449 52.009 0.861 -0.508 0.033
82.226 65.503 50.995 0.738 -0.481 -0.474
82.019 65.488 50.447 0.875 -0.471 -0.109
81.834 64.994 51.129 0.541 -0.736 -0.407
81.655 65.015 50.571 0.661 -0.75 -0.035
81.285 64.66 51.266 0.267 -0.902 -0.339
81.144 64.705 50.698 0.361 -0.932 0.04
81.24 64.53 51.816 0.245 -0.968 -0.064
80.896 64.294 52.237 0.474 -0.81 -0.345
80.245 64.55 51.257 0.183 -0.963 -0.198
79.481 64.402 51.871 -0.359 -0.747 -0.56
79.554 64.628 51.289 -0.407 -0.897 -0.172
79.52 64.616 50.661 -0.384 -0.89 0.247
78.851 64.962 51.902 -0.729 -0.418 -0.542
79.034 65.089 51.314 -0.851 -0.503 -0.15
78.993 65.084 50.687 -0.824 -0.5 0.268
78.875 65.767 51.325 -0.987 0.075 -0.141
78.598 66.332 52.35 -0.878 0.388 -0.279
78.768 66.722 51.937 -0.992 0.128 -0.003
78.862 66.808 51.384 -0.945 0.172 -0.28
78.891 66.702 50.808 -0.964 0.243 0.104
79.12 67.4 51.261 -0.816 0.468 -0.341
79.131 67.252 50.694 -0.823 0.566 0.037
79.571 67.857 51.124 -0.59 0.696 -0.409
79.551 67.677 50.567 -0.576 0.816 -0.038
79.78 68.166 51.539 -0.486 0.851 -0.202
80.16 68.583 51.767 -0.739 0.573 -0.354
79.544 68.046 52.152 -0.604 0.79 0.105
79.924 68.462 52.38 -0.857 0.513 -0.047
80.629 68.922 51.595 -0.505 0.743 -0.44
81.082 69.269 51.377 -0.808 0.511 -0.294
80.162 68.699 52.95 -0.738 0.631 0.238
80.212 68.722 53.542 -0.772 0.616 -0.157
80.623 68.958 54.603 -0.566 0.734 0.374
81.188 69.574 55.287 -0.943 0.324 -0.082
81.287 69.827 55.436 -0.893 0.45 -0.008
81.441 70.401 55.509 -0.996 0.067 -0.057
81.392 69.776 56.125 -0.84 0.425 0.337
81.531 70.359 56.091 -0.932 0.036 0.359
82.891 69.397 57.629 -0.724 0.135 0.676
83.228 69.521 58.176 -0.949 0.053 0.311
82.931 69.116 57.674 -0.69 -0.11 0.715
83.264 69.261 58.218 -0.913 -0.207 0.353
82.905 68.785 57.65 -0.673 0.111 0.731
82.863 68.504 57.61 -0.706 -0.107 0.7
82.811 68.384 57.549 -0.671 -0.027 0.741
82.927 67.88 57.429 -0.545 -0.576 0.61
82.929 67.69 57.283 -0.546 -0.449 0.707
82.984 67.385 57.022 -0.495 -0.737 0.46
83.826 67.233 58.037 -0.512 -0.485 0.709
83.757 67.57 58.308 -0.466 -0.71 0.528
84.421 67.225 58.258 -0.087 -0.491 0.867
84.305 67.563 58.512 -0.009 -0.716 0.698
85.729 67.548 58.242 -0.143 -0.385 0.912
86.396 67.503 58.52 -0.588 -0.355 0.727
86.857 67.335 59.051 -0.896 -0.243 0.372
85.775 67.422 58.147 0.01 -0.804 0.595
86.408 67.47 58.495 -0.412 -0.836 0.363
86.897 67.225 58.969 -0.738 -0.673 0.047
86.084 67.461 57.7 0.581 -0.761 -0.289
86.67 67.502 58.143 0.191 -0.788 -0.585
87.325 67.259 58.375 -0.246 -0.626 -0.74
86.124 67.527 57.644 0.679 -0.599 -0.424
86.695 67.544 58.108 0.298 -0.611 -0.733
87.374 67.341 58.307 -0.155 -0.475 -0.866
86.274 67.83 57.234 0.579 -0.801 -0.151
86.966 68.069 57.385 0.118 -0.961 -0.251
86.275 67.831 57.232 0.579 -0.8 -0.155
86.966 68.07 57.383 0.118 -0.96 -0.256
85.373 66.824 56.756 0.593 -0.778 -0.207
85.515 66.93 56.181 0.499 -0.849 0.176
84.739 66.59 56.631 0.14 -0.945 -0.295
84.764 66.653 56.034 0.123 -0.987 0.103
86.473 67.955 56.789 0.447 -0.884 0.14
87.08 68.123 57.129 0.042 -0.995 -0.086
86.772 68.481 56.133 0.765 -0.326 -0.556
87.344 68.587 56.55 0.383 -0.396 -0.835
86.198 68.426 54.762 0.84 -0.101 -0.533
86.461 69.023 54.797 0.664 -0.499 -0.557
85.19 68.778 53.645 0.891 -0.022 -0.453
85.155 68.53 53.631 0.869 -0.179 -0.461
86.25 67.953 55.09 0.866 -0.337 -0.369
86.137 67.791 54.91 0.941 -0.229 -0.249
85.62 67 55.455 0.551 -0.813 -0.187
85.647 67.049 55.193 0.533 -0.846 -0.012
85.146 68.381 53.656 0.875 -0.08 -0.478
85.403 67.584 54.182 0.329 -0.401 -0.855
84.904 67.829 53.639 0.662 -0.564 -0.493
84.672 67.847 52.898 0.817 -0.576 0.001
84.485 67.444 53.841 0.295 -0.902 -0.316
85.279 69.136 53.7 0.832 -0.261 -0.49
85.272 69.451 53.598 0.827 -0.041 -0.561
85.139 69.481 53.352 0.916 -0.061 -0.397
85.479 69.725 53.791 0.689 -0.224 -0.689
85.138 69.485 53.35 0.915 -0.057 -0.399
85.479 69.729 53.789 0.688 -0.22 -0.691
85.117 69.953 52.791 0.929 -0.369 -0.026
85.544 70.546 52.759 0.645 -0.764 -0.005
84.814 69.367 52.054 0.889 0.184 -0.42
84.973 70.049 52.265 0.782 -0.271 -0.561
85.412 70.634 52.276 0.49 -0.661 -0.568
86.025 70.984 52.085 0.081 -0.894 -0.44
84.323 69.775 51.574 0.643 0.388 -0.661
84.633 70.331 51.933 0.436 0.017 -0.9
85.099 70.894 51.971 0.125 -0.358 -0.925
85.61 71.328 51.678 -0.215 -0.648 -0.73
84.219 70.698 51.912 0.014 0.39 -0.921
84.719 71.23 51.952 -0.319 0.035 -0.947
83.94 70.864 51.94 0.2 0.279 -0.939
84.224 71.52 52.012 0.011 -0.159 -0.987
83.154 70.546 51.633 0.058 0.773 -0.631
83.509 71.047 52.007 -0.178 0.44 -0.88
83.802 71.699 52.077 -0.374 0.005 -0.928
83.967 72.353 51.829 -0.483 -0.431 -0.762
82.664 70.734 51.974 -0.187 0.868 -0.461
83.138 71.189 52.264 -0.503 0.565 -0.654
83.44 71.838 52.329 -0.704 0.132 -0.698
83.499 72.533 52.154 -0.743 -0.331 -0.581
82.898 71.265 52.664 -0.714 0.631 -0.303
83.204 71.912 52.721 -0.919 0.199 -0.34
82.801 71.382 52.992 -0.65 0.553 -0.522
82.496 71.2 53.672 -0.916 0.394 0.072
82.084 70.685 54.093 -0.642 0.738 -0.209
81.693 70.163 54.318 -0.939 0.341 -0.038
82.444 71.479 54.416 -0.881 0.208 -0.424
82.44 71.494 54.432 -0.885 0.221 -0.41
81.776 71.177 55.303 -0.757 0.62 -0.204
82.114 72.19 55.26 -0.983 -0.055 -0.175
82.331 71.865 56.924 -0.815 0.465 0.346
82.382 72.45 56.658 -0.849 0.075 0.523
82.84 72.059 57.448 -0.561 0.562 0.608
82.891 72.644 57.182 -0.595 0.171 0.785
84.159 72.208 58.135 -0.646 0.56 0.519
84.141 72.139 58.18 -0.66 0.507 0.554
83.299 70.586 58.399 -0.819 0.246 0.519
83.176 69.959 58.152 -0.914 -0.239 0.328
83.375 70.631 58.51 -0.869 0.216 0.444
83.816 71.1 58.668 -0.445 0.668 0.597
84.367 71.369 59.084 -0.812 0.489 0.319
84.642 71.316 59.504 -0.562 0.44 0.7
84.995 69.982 60.573 -0.156 0.776 0.612
85.227 69.767 61.125 -0.311 0.919 0.244
85.376 69.8 61.743 -0.41 0.897 -0.168
84.689 69.736 60.625 -0.59 0.428 0.684
84.959 69.552 61.17 -0.771 0.551 0.321
85.022 69.517 61.802 -0.813 0.574 -0.1
84.648 69.656 60.644 -0.564 0.481 0.671
84.873 69.418 61.221 -0.713 0.64 0.287
84.888 69.368 61.883 -0.723 0.673 -0.154
84.578 69.19 60.558 -0.713 -0.502 0.489
84.83 69.135 61.169 -0.881 -0.466 0.082
84.823 68.944 61.804 -0.877 -0.338 -0.342
84.594 69.114 60.51 -0.724 -0.452 0.521
84.877 69.009 61.069 -0.912 -0.382 0.148
84.913 68.801 61.669 -0.937 -0.243 -0.252
84.982 68.753 60.283 -0.175 -0.964 0.201
85.216 68.693 60.871 -0.331 -0.924 -0.192
85.36 68.384 61.408 -0.427 -0.718 -0.549
85.239 68.679 60.273 -0.346 -0.915 0.207
85.642 68.453 60.878 -0.615 -0.764 -0.196
85.511 68.614 60.057 -0.004 -0.998 -0.064
85.94 68.381 60.642 -0.29 -0.843 -0.454
85.754 68.486 59.401 -0.166 -0.913 0.373
86.377 68.234 59.469 -0.581 -0.745 0.328
86.824 67.755 59.636 -0.879 -0.425 0.217
85.755 68.464 59.331 -0.164 -0.963 0.212
86.378 68.221 59.429 -0.58 -0.802 0.147
86.824 67.735 59.572 -0.877 -0.477 0.052
84.333 68.455 59.468 -0.251 -0.9 0.357
84.156 67.837 58.709 -0.133 -0.488 0.863
83.67 68.81 59.303 -0.725 -0.647 0.239
83.546 68.163 58.557 -0.642 -0.216 0.736
86.819 67.546 60.544 -0.876 -0.286 -0.389
87.099 66.996 60.964 -0.623 -0.782 -0.01
87.399 65.903 60.101 -0.823 -0.053 0.566
87.25 66.059 59.343 -0.974 0.105 -0.203
87.542 65.811 60.357 -0.919 0.008 0.395
87.535 66.407 60.77 -0.913 -0.389 0.12
87.206 66.867 61.225 -0.694 -0.696 -0.184
87.625 65.737 60.475 -0.732 -0.158 0.662
87.59 66.357 60.85 -0.709 -0.572 0.412
87.307 66.777 61.37 -0.52 -0.851 0.066
87.776 64.938 60.857 -0.833 0.375 0.408
87.91 64.922 61.498 -0.923 0.385 -0.02
87.781 65.017 62.134 -0.837 0.322 -0.443
87.844 64.391 60.88 -0.718 -0.535 0.445
87.965 64.491 61.516 -0.799 -0.601 0.021
87.856 64.419 62.158 -0.726 -0.553 -0.407
87.948 64.278 60.929 -0.787 -0.459 0.412
88.106 64.259 61.629 -0.893 -0.447 -0.055
88.555 63.822 60.742 -0.099 -0.975 0.199
88.766 63.764 61.426 -0.24 -0.936 -0.257
88.95 63.537 60.287 -0.362 -0.785 0.503
89.485 63.302 60.593 -0.719 -0.628 0.299
89.811 62.884 60.986 -0.936 -0.35 0.037
89.076 63.436 60.042 -0.101 -0.995 -0.004
89.563 63.239 60.441 -0.426 -0.864 -0.27
89.926 62.792 60.762 -0.668 -0.566 -0.484
88.43 63.283 59.059 0.15 -0.977 -0.153
89.092 63.252 58.874 -0.292 -0.956 -0.03
88.825 63.535 58.161 -0.359 -0.884 -0.301
88.539 64.245 57.667 -0.617 -0.241 -0.749
87.79 64.88 57.96 -0.307 0.163 -0.938
88.37 65.056 57.633 -0.693 0.046 -0.719
87.962 66.076 58.371 -0.508 0.129 -0.851
87.848 66.099 58.452 -0.595 0.147 -0.79
88.246 66.217 58.168 -0.697 0.035 -0.716
88.526 66.344 57.96 -0.526 0.113 -0.843
88.213 67.525 57.742 -0.291 -0.627 -0.723
87.923 67.545 57.902 -0.521 -0.611 -0.596
88.507 67.388 57.694 -0.486 -0.535 -0.691
89.102 67.684 57.47 0.222 -0.182 -0.958
87.685 69.188 56.415 0.463 -0.129 -0.877
87.238 69.341 56.01 0.761 -0.231 -0.607
87.509 68.805 56.492 0.274 -0.541 -0.795
87.041 68.912 56.095 0.585 -0.613 -0.531
87.278 69.448 56.011 0.734 -0.303 -0.608
87.764 69.382 56.412 0.41 -0.258 -0.875
87.076 70.025 55.439 0.972 0.002 -0.236
87.352 69.943 56.004 0.788 0.057 -0.613
87.838 69.876 56.405 0.464 0.101 -0.88
88.449 69.836 56.57 0.057 0.128 -0.99
87.023 70.598 55.6 0.945 0.288 -0.156
87.307 70.422 56.138 0.755 0.405 -0.515
87.793 70.356 56.539 0.431 0.45 -0.782
88.395 70.409 56.731 0.03 0.414 -0.91
87.149 70.82 56.397 0.64 0.695 -0.327
87.635 70.754 56.797 0.316 0.74 -0.594
86.508 71.649 56.87 0.803 0.468 -0.369
86.454 71.711 56.839 0.759 0.518 -0.394
86.199 71.971 56.047 0.929 0.345 0.134
86.185 71.96 55.606 0.918 0.336 -0.213
86.344 71.561 54.826 0.797 0.578 0.178
86.412 71.893 54.261 0.752 0.356 0.555
86.558 70.917 54.434 0.985 0.008 -0.17
86.609 71.297 53.897 0.951 -0.245 0.188
86.558 71.136 54.029 0.985 -0.138 0.1
86.467 70.168 54.324 0.747 -0.138 -0.65
86.398 70.789 53.732 0.793 -0.553 -0.255
86.72 71.137 53.014 0.578 -0.785 0.223
86.012 70.588 53.518 0.333 -0.793 -0.511
86.167 72.337 54.494 0.915 0.06 0.4
86.157 72.45 54.485 0.907 0.156 0.392
86.247 72.506 54.296 0.847 0.119 0.518
86.032 72.591 54.883 0.99 0.062 0.127
86.247 72.506 54.296 0.847 0.119 0.518
86.032 72.592 54.883 0.99 0.062 0.127
86.498 73.258 53.915 0.854 -0.032 0.52
86.541 73.743 53.14 0.893 0.41 -0.185
86.633 73.318 52.183 0.515 0.773 -0.37
86.238 73.864 52.342 0.778 0.409 -0.477
86.259 73.142 51.692 0.248 0.647 -0.721
85.816 73.666 51.788 0.544 0.298 -0.784
85.819 72.77 51.41 -0.066 0.382 -0.922
85.318 73.246 51.47 0.267 0.065 -0.961
85.405 72.281 51.396 -0.361 0.032 -0.932
84.851 72.692 51.454 0.008 -0.243 -0.97
86.124 74.209 52.555 0.715 0.6 -0.359
86.167 74.716 53.035 0.686 0.262 -0.679
85.527 74.54 52.322 0.383 0.784 -0.488
85.639 75.009 52.829 0.309 0.472 -0.826
84.831 74.724 52.365 -0.003 0.886 -0.464
85.023 75.171 52.867 -0.131 0.587 -0.799
84.18 74.721 52.676 -0.365 0.884 -0.291
84.447 75.169 53.142 -0.543 0.586 -0.602
83.71 74.533 53.19 -0.626 0.78 -0.006
84.031 75.002 53.597 -0.84 0.467 -0.277
83.403 73.957 54.333 -0.655 0.755 -0.023
83 73.313 53.986 -0.903 0.36 -0.236
83.617 74.212 54.521 -0.798 0.585 -0.148
83.419 74.179 55.419 -0.33 0.939 -0.096
83.855 74.448 54.984 -0.621 0.759 0.194
84.105 74.947 54.607 -0.787 0.427 0.445
83.916 74.275 55.885 -0.082 0.987 0.137
84.268 74.529 55.371 -0.317 0.818 0.48
84.524 75.028 55.001 -0.488 0.485 0.726
84.531 74.166 56.174 0.226 0.933 0.281
84.779 74.438 55.611 0.061 0.752 0.657
85.044 74.936 55.245 -0.116 0.419 0.9
85.293 74.194 55.659 0.441 0.571 0.693
85.442 73.234 57.295 0.332 0.939 0.09
84.527 73.641 57.027 0.223 0.67 0.708
84.962 73.235 57.588 -0.067 0.94 0.334
85.368 73.249 58.298 -0.337 0.931 -0.14
83.961 73.313 57.332 -0.06 0.506 0.861
84.522 72.98 57.826 -0.434 0.728 0.531
84.89 72.972 58.556 -0.679 0.733 0.044
84.219 72.525 57.954 -0.686 0.349 0.639
85.583 73.198 57.239 0.238 0.963 0.128
86.478 72.885 57.675 0.456 0.671 -0.585
86.039 72.917 57.002 0.748 0.649 -0.137
85.922 73.229 56.27 0.826 0.441 0.351
86.2 72.393 56.797 0.929 0.063 -0.366
85.42 74.118 55.651 0.355 0.621 0.698
85.922 73.365 55.97 0.826 0.554 0.101
85.904 73.776 55.42 0.838 0.28 0.468
86.15 74.276 55.017 0.674 -0.052 0.737
86.046 73.302 55.021 0.979 -0.193 0.07
86.039 72.945 54.863 0.983 0.045 0.176
86.04 72.802 54.839 0.985 -0.078 0.156
86.725 71.556 57.118 0.659 0.53 -0.534
86.771 71.533 57.155 0.7 0.51 -0.5
87.346 71.503 57.585 0.316 0.53 -0.787
87.445 71.611 57.718 0.399 0.62 -0.675
87.316 71.793 57.782 0.486 0.499 -0.718
87.853 71.48 57.749 0.128 0.707 -0.695
87.483 71.984 58.416 0.685 0.728 0.037
88.014 71.665 58.359 0.331 0.941 0.075
87.651 71.847 58.498 0.573 0.819 -0.018
87.036 72.407 59.057 0.854 0.329 0.402
87.566 71.769 59.023 0.501 0.754 0.424
88.326 71.478 59.184 -0.005 0.948 0.317
87.329 71.53 59.442 0.302 0.552 0.777
87.026 71.531 59.61 0.504 0.551 0.665
86.61 71.374 59.875 0.129 0.41 0.903
86.368 71.266 59.989 0.291 0.482 0.826
86.533 70.734 60.454 0.181 0.837 0.517
86.761 70.496 61.099 0.029 0.996 0.086
86.273 71.256 60.015 0.077 0.46 0.884
86.468 70.728 60.471 -0.053 0.813 0.58
86.645 70.484 61.131 -0.171 0.975 0.141
85.432 71.949 59.833 -0.291 0.002 0.957
85.378 71.274 59.986 -0.255 0.452 0.855
86.356 70.724 60.473 0.022 0.815 0.579
86.582 70.474 61.131 -0.129 0.982 0.141
85.84 70.488 60.555 -0.469 0.59 0.657
86.055 70.232 61.214 -0.612 0.76 0.217
85.672 70.442 60.493 -0.357 0.621 0.698
85.784 70.108 61.058 -0.431 0.843 0.321
85.768 70.024 61.718 -0.421 0.899 -0.119
85.538 70.36 60.476 -0.518 0.523 0.677
85.673 70.041 61.044 -0.608 0.736 0.298
85.629 69.939 61.7 -0.578 0.804 -0.139
85.951 70.497 62.727 -0.166 0.924 -0.344
86.37 70.546 62.337 -0.445 0.892 -0.084
86.328 70.63 63.148 0.023 0.991 -0.133
86.747 70.679 62.758 -0.256 0.958 0.127
86.908 70.57 64.318 0.024 0.977 -0.213
87.162 70.807 64.833 -0.146 0.818 -0.556
87.378 71.256 65.205 -0.29 0.52 -0.804
87.52 71.838 65.37 -0.384 0.132 -0.914
86.648 70.475 64.61 -0.493 0.789 0.367
87.1 70.785 64.902 -0.795 0.582 0.173
87.348 71.245 65.238 -0.96 0.275 -0.052
87.349 71.775 65.561 -0.96 -0.078 -0.267
85.434 70.107 64.486 -0.425 0.73 0.536
85.57 69.937 65.061 -0.516 0.843 0.152
84.915 69.651 64.473 -0.684 0.502 0.53
85.052 69.481 65.049 -0.775 0.615 0.146
84.439 68.408 64.151 -0.922 -0.12 0.369
84.471 68.098 65.189 -0.942 0.086 -0.323
85.036 67.11 63.693 -0.624 -0.769 0.14
85.172 66.94 64.268 -0.715 -0.656 -0.244
86.317 66.381 63.539 -0.683 -0.727 -0.077
86.691 65.792 63.632 -0.932 -0.334 -0.14
86.67 66.48 62.86 -0.373 -0.64 -0.672
87.032 65.888 62.977 -0.615 -0.245 -0.75
85.725 67.267 62.08 -0.279 -0.691 -0.667
86.144 67.315 61.69 -0.558 -0.723 -0.407
87.005 66.513 62.533 -0.596 -0.662 -0.454
87.217 65.905 62.79 -0.737 -0.256 -0.625
87.187 66.504 62.366 -0.44 -0.67 -0.598
87.392 65.896 62.628 -0.577 -0.264 -0.773
86.673 65.677 63.867 -0.92 -0.257 -0.296
86.353 66.195 63.978 -0.707 -0.603 -0.37
86.643 65.595 64.149 -0.944 -0.323 -0.068
86.323 66.111 64.269 -0.73 -0.667 -0.148
86.529 64.915 64.766 -0.868 0.131 -0.479
86.588 64.4 64.767 -0.816 -0.325 -0.478
86.722 64.269 64.577 -0.905 -0.238 -0.352
86.974 63.775 64.539 -0.747 -0.548 -0.376
87.453 63.482 63.771 -0.567 -0.815 -0.118
87.51 63.213 64.312 -0.605 -0.636 -0.479
87.696 63.628 63.059 -0.424 -0.729 -0.537
88.125 63.485 62.714 -0.71 -0.633 -0.307
89.9 62.471 63.496 -0.631 -0.771 0.086
89.901 62.465 63.283 -0.63 -0.775 -0.052
89.854 62.468 62.909 -0.599 -0.776 0.197
89.76 62.509 62.686 -0.661 -0.749 0.05
89.696 62.546 62.549 -0.618 -0.773 0.141
89.542 62.961 61.816 -0.757 -0.4 -0.517
90.284 61.471 61.402 -0.624 -0.749 -0.221
90.469 61.279 61.423 -0.748 -0.621 -0.235
90.233 62.723 60.395 -0.493 -0.659 -0.568
89.944 63.127 59.867 -0.3 -0.929 -0.216
90.049 62.79 60.554 -0.75 -0.565 -0.345
89.74 63.203 60.044 -0.543 -0.839 -0.005
90.036 63.111 59.782 -0.361 -0.919 -0.159
90.397 62.702 60.247 -0.603 -0.646 -0.469
90.172 63.095 59.662 -0.238 -0.933 -0.269
90.536 62.686 60.124 -0.481 -0.66 -0.577
90.255 63.125 59.372 -0.293 -0.953 -0.076
90.369 63.128 59.149 -0.223 -0.951 -0.213
90.54 63.113 58.812 -0.337 -0.941 0.012
90.991 63.07 58.491 0.002 -0.974 -0.228
91.118 63.081 58.412 -0.083 -0.981 -0.175
91.138 63.351 57.432 0.655 -0.728 -0.202
91.562 63.337 58.01 0.372 -0.719 -0.587
92.114 63.076 58.386 0.004 -0.545 -0.838
91.865 63.9 57.883 0.682 -0.143 -0.717
91.883 64.047 57.86 0.671 -0.241 -0.702
91.497 64.759 57.287 0.911 0.277 -0.305
91.871 64.748 57.87 0.662 0.285 -0.694
92.457 64.828 58.231 0.271 0.231 -0.934
91.566 65.34 58.088 0.433 0.729 -0.53
90.933 65.884 57.844 0.855 0.367 -0.367
90.508 65.5 56.937 0.205 0.806 -0.555
90.336 66.001 57.337 0.32 0.472 -0.822
90.258 66.642 57.496 0.371 0.045 -0.927
89.559 65.853 57.292 -0.377 0.339 -0.862
89.15 64.793 56.916 -0.765 0.301 -0.57
88.737 65.121 57.364 -0.489 0.082 -0.868
91.39 65.959 58.452 0.55 0.317 -0.773
91.49 66.195 58.685 0.633 0.512 -0.58
91.346 66.404 58.675 0.729 0.373 -0.573
91.819 66.129 58.895 0.414 0.556 -0.72
91.359 66.551 58.834 0.744 0.539 -0.395
91.832 66.271 59.048 0.429 0.725 -0.538
91.332 67.06 59.165 0.762 0.199 -0.616
91.292 67.179 59.164 0.725 0.308 -0.616
90.934 67.751 58.626 0.964 -0.073 -0.257
90.547 67.86 58.062 0.583 0.034 -0.812
90.469 67.768 57.994 0.635 0.096 -0.767
89.977 67.759 57.727 0.294 0.089 -0.952
89.694 67.918 57.613 0.483 -0.017 -0.875
89.252 67.702 57.493 0.122 -0.194 -0.973
89.967 70.722 58.352 0.815 0.57 -0.099
90.392 70.429 58.746 0.532 0.766 -0.362
89.663 71.033 58.911 0.663 0.726 0.18
90.088 70.741 59.305 0.38 0.921 -0.082
88.069 70.698 60.407 -0.105 0.924 0.368
87.998 70.647 60.496 -0.171 0.876 0.45
87.421 70.518 60.921 0.214 0.963 0.167
87.008 70.53 60.947 -0.136 0.973 0.188
88.064 70.511 61.374 -0.214 0.967 -0.135
88.537 70.496 61.919 0.13 0.956 0.261
89.567 72.331 65.087 0.519 -0.649 -0.557
89.564 71.69 65.488 0.521 -0.221 -0.824
89.759 72.421 65.237 0.76 -0.535 -0.368
89.747 71.776 65.631 0.769 -0.105 -0.631
90.521 72.972 65.208 0.252 -0.902 -0.349
91.061 72.794 65.602 -0.107 -0.784 -0.612
91.566 72.366 65.802 -0.444 -0.498 -0.745
90.715 73.168 65.076 0.591 -0.56 -0.581
91.183 72.918 65.518 0.278 -0.393 -0.876
91.741 72.542 65.682 -0.093 -0.143 -0.985
90.097 73.088 64.004 0.579 -0.697 -0.423
90.412 73.413 63.624 0.369 -0.914 -0.17
89.644 73.07 63.645 0.313 -0.707 -0.634
89.925 73.394 63.239 0.125 -0.923 -0.363
89.129 73.189 63.414 0.009 -0.638 -0.77
89.371 73.522 62.99 -0.152 -0.86 -0.488
88.609 73.429 63.336 -0.296 -0.496 -0.816
88.812 73.78 62.906 -0.431 -0.73 -0.529
88.146 73.764 63.42 -0.569 -0.299 -0.766
88.314 74.141 62.997 -0.68 -0.55 -0.484
87.793 74.155 63.658 -0.776 -0.069 -0.627
87.934 74.561 63.252 -0.87 -0.34 -0.356
87.552 73.897 64.165 -0.918 -0.221 -0.328
87.234 73.995 64.644 -0.706 -0.286 -0.648
87.691 72.99 64.94 -0.722 -0.405 -0.561
87.838 72.838 64.896 -0.597 -0.535 -0.598
87.04 72.441 65.807 -0.848 -0.289 -0.444
86.861 72.747 65.854 -0.729 -0.493 -0.475
87.103 71.796 66.835 -0.941 -0.202 -0.27
86.955 71.327 67.22 -0.843 0.11 -0.526
87.138 71.737 66.777 -0.893 -0.283 -0.35
86.991 71.268 67.162 -0.795 0.029 -0.607
87.26 71.539 65.999 -0.974 -0.151 0.169
87.15 70.896 65.751 -0.901 0.277 0.334
86.749 70.344 65.612 -0.633 0.645 0.427
87.284 71.615 65.756 -0.917 0.028 -0.397
87.169 70.954 65.568 -0.84 0.469 -0.272
86.781 70.445 65.292 -0.582 0.808 -0.087
86.483 69.977 66.255 -0.456 0.89 -0.002
86.662 70.269 66.898 -0.575 0.695 -0.431
86.167 69.642 66.521 -0.801 0.524 0.289
86.384 69.975 67.132 -0.946 0.303 -0.118
85.102 69.374 65.457 -0.75 0.561 0.351
84.915 69.058 65.806 -0.625 0.772 0.118
85.971 69.336 66.74 -0.67 0.728 0.143
86.29 69.793 67.26 -0.883 0.424 -0.204
85.916 69.103 66.983 -0.762 0.337 0.553
86.237 69.572 67.492 -0.977 0.025 0.214
85.585 68.517 67.182 -0.541 0.728 0.42
85.247 68.032 67.193 -0.861 0.27 0.431
85.3 67.982 67.357 -0.897 0.303 0.322
84.827 67.598 66.583 -0.688 -0.271 0.673
85.232 67.451 67.252 -0.958 -0.173 0.228
85.234 67.231 68.016 -0.959 -0.026 -0.282
85.414 66.971 67.065 -0.795 -0.603 0.06
85.422 66.536 66.39 -0.801 -0.313 0.511
85.587 65.928 66.55 -0.91 0.092 0.404
85.491 66.34 65.582 -0.721 -0.541 -0.433
85.655 65.733 65.743 -0.831 -0.136 -0.54
85.68 66.265 65.235 -0.847 -0.491 -0.201
85.765 65.692 65.554 -0.904 -0.109 -0.414
86.031 66.086 64.855 -0.536 -0.65 -0.539
86.09 65.526 65.202 -0.575 -0.277 -0.77
85.708 65.976 67.332 -0.991 0.06 -0.117
85.64 64.879 67.426 -0.746 0.146 0.65
85.833 65.573 67.85 -0.875 -0.316 0.367
85.619 66.119 68.445 -0.732 -0.681 -0.029
86.324 65.277 68.195 -0.416 -0.593 0.689
86.744 64.32 68.155 -0.697 0.045 0.716
86.708 63.856 67.98 -0.732 -0.409 0.545
86.03 63.57 67.074 -0.467 -0.789 0.399
86.429 63.253 67.134 -0.733 -0.578 0.359
85.955 63.487 66.386 -0.521 -0.849 -0.093
86.34 63.155 66.32 -0.777 -0.628 -0.048
85.961 63.757 65.745 -0.516 -0.656 -0.551
86.347 63.475 65.56 -0.773 -0.468 -0.428
87.289 62.639 67.12 -0.302 -0.886 0.352
87.664 62.559 67.591 -0.553 -0.833 0.038
87.63 62.6 65.608 -0.132 -0.905 -0.404
87.985 62.632 65.117 -0.368 -0.927 -0.077
87.106 62.985 65.255 -0.394 -0.712 -0.581
87.46 63.017 64.764 -0.63 -0.734 -0.253
88.871 62.439 66.047 -0.264 -0.943 -0.205
88.878 62.438 66.043 -0.26 -0.943 -0.207
88.641 62.515 64.933 -0.04 -0.985 -0.168
89.21 62.366 64.981 -0.42 -0.885 -0.2
90.605 61.921 65.055 -0.3 -0.845 0.443
90.144 62.106 64.29 -0.696 -0.686 -0.213
90.088 62.188 64.174 -0.659 -0.74 -0.136
90.013 62.309 63.997 -0.706 -0.663 -0.248
91.113 60.909 63.463 -0.548 -0.836 0.033
91.047 60.933 63.721 -0.504 -0.852 -0.139
91.912 60.769 64.193 -0.148 -0.905 0.398
91.669 60.825 64.289 0.014 -0.942 0.334
91.506 61.988 65.586 0.058 -0.896 0.441
92.419 61.74 65.2 0.105 -0.42 0.902
91.967 62.206 65.729 0.407 -0.73 0.549
91.705 62.331 66.515 0.581 -0.813 0.025
92.334 62.586 65.768 0.685 -0.443 0.578
92.752 61.489 64.983 0.271 -0.545 0.793
93.351 61.479 64.923 -0.128 -0.538 0.833
92.515 60.424 63.078 0.134 -0.853 0.505
91.776 60.632 63.534 -0.217 -0.974 0.068
91.927 60.436 62.985 -0.317 -0.843 0.434
92.002 60.037 62.542 -0.367 -0.577 0.73
91.441 60.636 62.706 -0.69 -0.69 0.22
90.684 61.294 63.255 -0.763 -0.643 -0.071
90.579 61.269 62.61 -0.693 -0.626 0.358
90.838 60.868 61.931 -0.563 -0.826 0.019
91.354 60.24 61.796 -0.907 -0.407 0.108
90.874 60.961 61.28 -0.545 -0.78 -0.307
91.382 60.312 61.29 -0.884 -0.348 -0.314
91.893 62.057 59.824 -0.345 -0.571 -0.745
91.95 62.061 59.796 -0.299 -0.569 -0.766
92.058 62.114 59.705 -0.371 -0.604 -0.705
92.412 62.657 58.951 0.252 -0.895 -0.367
92.526 62.152 59.615 0.176 -0.559 -0.81
92.723 61.384 59.897 0.045 -0.047 -0.998
92.944 62.352 59.734 0.665 -0.326 -0.672
92.99 63.44 58.632 0.734 -0.243 -0.634
93.159 63.628 58.718 0.622 -0.368 -0.691
93.058 62.358 59.832 0.589 -0.33 -0.738
93.249 62.465 59.973 0.742 -0.245 -0.625
93.677 65.307 60.199 0.881 0.471 0.049
93.922 65.09 60.761 0.718 0.616 -0.325
92.87 66.284 60.931 0.932 0.363 -0.016
92.854 66.317 60.871 0.918 0.391 -0.068
93.566 65.414 59.68 0.825 0.524 -0.21
93.438 65.645 59.638 0.911 0.37 -0.182
93.071 65.43 58.863 0.578 0.533 -0.619
93.053 65.658 59.003 0.59 0.381 -0.712
92.819 66.396 60.745 0.941 0.338 0.016
92.793 66.456 60.673 0.911 0.407 -0.067
92.775 66.505 60.437 0.923 0.375 0.09
92.915 66.217 59.572 0.475 0.847 -0.237
92.56 66.676 59.887 0.712 0.541 -0.447
92.411 67.292 60.071 0.811 0.13 -0.57
92.092 66.624 59.491 0.256 0.49 -0.833
92.533 67.724 60.886 0.899 0.438 0.012
92.651 67.618 61.294 0.82 0.509 -0.26
91.449 68.706 60.271 0.802 0.597 0.027
91.529 68.454 59.838 0.863 0.406 -0.301
91.491 68.449 59.7 0.888 0.41 -0.209
91.325 67.917 59.271 0.703 -0.184 -0.687
91.113 69.708 58.899 0.797 0.601 -0.062
91.031 69.875 59.09 0.852 0.489 -0.19
90.994 69.839 60.054 0.833 0.47 0.292
91.126 69.708 61.042 0.744 0.558 -0.367
89.81 70.726 61.259 0.387 0.856 0.344
90.067 70.545 61.775 0.215 0.977 -0.001
91.832 68.451 61.586 0.81 0.582 -0.072
91.838 68.447 61.704 0.815 0.579 0.019
91.103 69.919 62.076 0.733 0.664 0.15
91.227 69.775 62.264 0.65 0.76 0.024
90.509 69.574 63.477 0.536 0.776 0.331
90.678 69.398 63.544 0.664 0.643 0.382
90.603 69.45 65.094 0.651 0.655 -0.384
91.008 69.71 65.702 0.381 0.481 -0.789
90.465 69.577 65.135 0.482 0.811 -0.333
90.888 69.82 65.738 0.2 0.648 -0.735
90.353 69.608 65.022 0.556 0.79 -0.258
90.62 69.77 65.575 0.378 0.682 -0.626
90.989 70.116 65.96 0.132 0.451 -0.883
90.331 69.625 65.028 0.535 0.807 -0.252
90.601 69.785 65.58 0.354 0.7 -0.62
90.967 70.134 65.966 0.11 0.468 -0.877
89.999 69.894 64.932 0.755 0.628 -0.188
89.977 70.256 65.411 0.771 0.386 -0.507
89.643 70.13 64.752 0.468 0.818 -0.334
89.645 70.476 65.243 0.467 0.588 -0.661
90.711 70.642 66.077 0.281 0.129 -0.951
90.713 70.703 66.087 0.282 0.174 -0.943
90.735 71.042 66.115 0.268 -0.052 -0.962
91.424 71.291 66.107 -0.191 -0.219 -0.957
90.659 71.252 66.119 0.161 0.244 -0.956
91.348 71.501 66.111 -0.299 0.078 -0.951
91.838 70.857 66.023 -0.352 -0.044 -0.935
92.47 70.447 66.105 0.266 -0.445 -0.855
93.766 70.476 66.981 0.39 -0.61 -0.69
93.795 70.494 66.982 0.411 -0.596 -0.689
93.701 71.218 65.876 0.579 -0.507 -0.639
94.09 71.316 66.051 0.32 -0.572 -0.755
93.701 71.823 65.633 0.579 -0.075 -0.812
94.09 71.873 65.827 0.32 -0.109 -0.941
93.626 72.466 65.706 0.525 0.384 -0.76
94.021 72.465 65.895 0.261 0.385 -0.885
93.339 73.496 66.441 0.533 0.414 -0.738
93.333 74.122 66.599 0.537 -0.004 -0.844
92.825 73.515 66.275 0.026 0.433 -0.901
92.779 74.143 66.421 0.057 0.014 -0.998
92.156 73.137 65.756 0.472 0.685 -0.555
91.608 73.519 65.429 0.838 0.43 -0.337
91.369 74.059 64.977 0.997 0.07 -0.036
91.898 72.761 65.609 -0.198 -0.289 -0.937
91.454 73.295 65.341 0.098 -0.645 -0.758
91.047 73.591 64.794 0.369 -0.842 -0.393
91.534 74.84 65.078 0.887 -0.45 -0.103
91.787 74.944 65.617 0.718 -0.52 -0.463
92.215 74.921 66.044 0.433 -0.504 -0.747
91.636 75.268 64.97 0.978 -0.068 -0.199
91.876 75.321 65.522 0.817 -0.103 -0.567
92.317 75.349 65.937 0.524 -0.122 -0.843
91.863 75.905 64.26 0.826 -0.492 0.275
91.825 75.904 63.462 0.796 -0.493 -0.351
91.452 74.471 63.468 0.889 -0.385 -0.249
91.409 74.474 62.959 0.917 -0.387 0.091
91.02 73.867 63.416 0.673 -0.687 -0.274
91.044 73.964 62.915 0.657 -0.752 0.06
90.387 73.521 63.233 0.356 -0.86 -0.366
90.509 73.672 62.76 0.274 -0.96 -0.05
89.694 73.512 62.961 0.01 -0.865 -0.502
89.924 73.664 62.53 -0.143 -0.966 -0.215
89.099 73.84 62.659 -0.288 -0.7 -0.653
89.421 73.941 62.275 -0.503 -0.768 -0.397
88.733 74.434 62.396 -0.471 -0.404 -0.784
89.112 74.442 62.053 -0.723 -0.41 -0.556
88.681 75.158 62.232 -0.497 -0.042 -0.867
89.068 75.054 61.914 -0.755 0.027 -0.655
89.22 76.358 62.142 -0.539 -0.034 -0.841
89.015 76.505 62.308 -0.694 0.077 -0.716
88.655 76.847 62.667 -0.686 -0.048 -0.726
88.55 77.559 62.462 -0.616 -0.522 -0.59
88.529 76.875 62.815 -0.831 -0.017 -0.557
88.439 77.583 62.592 -0.771 -0.489 -0.408
88.417 76.819 62.962 -0.756 0.02 -0.654
88.292 77.485 62.891 -0.673 -0.423 -0.607
88.161 76.856 63.542 -0.991 0.054 -0.12
88.055 77.519 63.427 -0.921 -0.388 -0.044
86.921 75.353 65.302 -0.863 0.393 -0.318
86.951 75.917 65.529 -0.883 0.017 -0.47
86.73 75.136 65.866 -0.958 0.285 -0.036
86.76 75.7 66.093 -0.978 -0.091 -0.188
86.646 74.569 65.932 -1 0.001 -0.003
86.531 74.108 66.271 -0.923 0.308 -0.229
86.745 74.169 65.463 -0.951 -0.199 -0.238
86.623 73.736 65.835 -0.869 0.089 -0.486
87.027 73.745 65.1 -0.81 -0.411 -0.419
86.885 73.343 65.498 -0.715 -0.142 -0.684
86.515 73.684 67.266 -0.933 0.058 0.356
86.603 73.759 67.604 -0.991 0.008 0.131
86.94 72.376 67.666 -0.92 0.056 0.387
86.861 71.781 67.941 -0.868 0.453 0.204
86.99 72.008 66.976 -0.866 -0.344 -0.363
86.907 71.443 67.307 -0.811 0.033 -0.584
86.92 71.855 68.067 -0.907 0.404 0.12
87.017 72.522 67.897 -0.972 -0.041 0.233
86.994 71.89 68.248 -0.787 0.461 0.411
87.091 72.557 68.078 -0.851 0.016 0.525
86.181 70.675 69.234 -0.854 0.494 -0.165
86.11 69.959 69.065 -0.922 -0.202 -0.329
86.164 69.243 68.461 -0.958 0.276 0.073
86.181 69.222 68.173 -0.942 0.255 -0.22
86.252 69.466 68.018 -0.989 0.092 -0.117
86.094 68.905 67.913 -0.883 0.466 -0.047
86.253 69.468 68.008 -0.987 0.094 -0.131
86.095 68.907 67.903 -0.882 0.468 -0.06
85.967 69.067 69.175 -0.827 0.393 -0.403
85.79 68.741 69.58 -0.997 0.079 -0.014
85.201 67.477 68.784 -0.978 0.118 0.17
85.208 67.397 69.132 -0.983 0.172 -0.062
85.276 66.724 68.744 -0.934 -0.325 0.146
85.271 66.767 69.098 -0.931 -0.354 -0.09
85.696 66.129 68.954 -0.687 -0.675 0.27
85.623 66.269 69.274 -0.638 -0.768 0.057
86.795 65.829 69.901 -0.648 -0.752 0.123
86.883 65.75 69.816 -0.58 -0.813 0.058
86.869 65.381 68.949 -0.55 -0.599 0.582
87.154 64.8 68.863 -0.739 -0.212 0.639
86.737 65.344 68.721 -0.692 -0.638 0.338
87.032 64.766 68.654 -0.888 -0.253 0.383
87.409 64.813 69.294 -0.91 -0.221 0.352
87.431 64.787 69.332 -0.89 -0.243 0.385
87.499 64.589 69.405 -0.935 -0.111 0.337
87.475 65.014 69.91 -0.919 -0.394 -0
87.955 64.203 69.712 -0.369 -0.591 0.718
87.971 64.593 70.244 -0.38 -0.851 0.363
88.181 64.122 69.792 -0.52 -0.537 0.664
88.353 64.418 70.424 -0.634 -0.734 0.242
88.254 64.068 69.797 -0.426 -0.607 0.671
88.435 64.356 70.43 -0.546 -0.8 0.248
88.484 63.404 69.605 -0.58 -0.165 0.798
88.586 62.74 69.052 -0.474 -0.851 0.227
88.617 62.661 68.877 -0.495 -0.798 0.344
88.619 62.651 68.855 -0.494 -0.806 0.325
88.184 62.355 67.83 -0.247 -0.953 0.178
88.722 62.095 67.856 -0.605 -0.779 0.161
89.248 61.881 68.157 -0.342 -0.886 0.312
89.529 61.824 68.662 -0.529 -0.848 -0.025
89.882 61.675 67.82 -0.025 -0.989 0.144
90.118 61.633 68.349 -0.183 -0.961 -0.209
90.575 61.76 67.556 0.321 -0.947 0.011
90.762 61.711 68.103 0.196 -0.915 -0.354
90.657 61.88 66.958 0.362 -0.887 -0.287
90.973 62.033 66.501 0.151 -0.988 0.017
91.533 62.321 67.531 0.446 -0.881 -0.16
92.053 62.763 66.919 0.786 -0.559 0.263
91.985 62.727 67.541 0.831 -0.535 -0.151
92.135 62.551 68.123 0.731 -0.418 -0.539
92.288 63.446 67.06 0.925 -0.157 0.346
92.18 63.291 67.657 0.997 -0.054 -0.052
92.333 63.122 68.241 0.896 0.058 -0.441
92.063 63.856 67.847 0.897 0.428 0.11
91.978 64.828 67.706 0.954 -0.22 0.204
91.981 65.237 67.134 0.956 0.118 -0.269
92.423 64.621 65.931 0.661 0.528 0.533
92.622 63.732 65.839 0.844 -0.294 0.448
92.588 63.587 65.823 0.866 -0.197 0.459
92.578 63.52 65.81 0.86 -0.242 0.45
92.534 63.147 65.799 0.889 0.007 0.458
93.007 62.878 65.288 0.574 0.186 0.798
92.355 62.709 65.852 0.671 -0.526 0.522
92.837 62.462 65.339 0.35 -0.361 0.864
93.42 63.301 65.041 0.389 -0.019 0.921
93.888 63.686 64.507 0.844 0.356 0.4
94.153 63.625 62.956 0.84 0.504 0.201
94.334 63.215 62.592 0.979 0.189 -0.078
94.332 63.202 62.451 0.98 0.198 0.015
94.337 62.964 62.307 0.986 -0.075 -0.15
94.903 62.269 63.481 0.98 0.026 -0.197
94.932 61.898 63.252 0.961 0.274 -0.045
94.865 61.893 64.011 0.953 -0.242 0.182
94.897 61.552 63.74 0.932 -0.014 0.363
94.531 61.498 64.407 0.714 -0.524 0.464
94.589 61.188 64.104 0.675 -0.317 0.666
93.983 61.184 64.568 0.323 -0.749 0.579
94.085 60.899 64.252 0.255 -0.558 0.789
94.39 62.516 62.403 0.951 0.224 -0.214
94.322 62.947 61.993 0.996 -0.063 0.059
94.283 62.24 62.13 0.812 -0.135 -0.568
94.215 62.671 61.72 0.857 -0.422 -0.295
94.171 61.728 61.9 0.886 0.206 -0.414
94.536 61.22 62.442 0.631 -0.29 -0.719
94.164 61.212 61.935 0.88 -0.285 -0.381
94.023 61.128 61.327 0.973 -0.229 0.024
93.941 60.77 62.085 0.668 -0.705 -0.238
93.82 60.592 62.192 0.748 -0.587 -0.31
93.896 60.391 63.111 0.097 -0.982 -0.161
93.471 60.285 62.634 0.38 -0.911 0.157
93.153 59.924 62.201 0.593 -0.671 0.446
92.957 60.373 63.008 -0.161 -0.819 0.551
93.296 60.07 61.141 0.712 -0.549 -0.437
93.483 60.385 60.903 0.587 -0.76 -0.279
92.783 60.026 60.755 0.284 -0.586 -0.759
92.926 60.338 60.484 0.189 -0.793 -0.579
92.163 60.159 60.647 -0.233 -0.475 -0.849
92.252 60.483 60.367 -0.292 -0.69 -0.662
94.046 62.403 61.262 0.97 -0.244 0.011
93.898 62.433 60.717 0.824 -0.215 -0.525
94.462 64.37 61.352 0.859 0.499 0.118
94.352 64.578 61.478 0.932 0.36 0.034
92.988 66.112 61.815 0.865 0.427 0.264
92.98 66.144 61.259 0.858 0.456 -0.235
92.871 66.264 62.105 0.943 0.326 0.07
92.629 66.399 62.583 0.705 0.458 0.541
92.504 66.504 62.679 0.789 0.388 0.477
92.638 66.062 63.075 0.699 0.682 0.213
92.214 66.629 62.895 0.485 0.519 0.704
92.315 66.202 63.316 0.418 0.804 0.423
91.761 67.349 63.029 0.788 0.039 0.615
91.496 67.522 63.572 0.964 -0.077 0.253
91.716 67.741 62.875 0.73 0.541 0.418
91.449 67.93 63.412 0.908 0.414 0.06
91.733 68.173 62.53 0.719 0.252 0.648
91.829 68.467 61.848 0.821 0.565 -0.077
91.319 68.469 63.369 0.995 0.055 0.089
90.855 69.208 63.619 0.546 0.77 0.331
91.52 66.95 64.092 0.948 0.305 -0.094
91.895 66.333 63.969 0.698 0.716 -0.012
91.482 66.859 64.497 0.903 0.198 0.381
91.854 66.234 64.41 0.656 0.614 0.439
91.375 67.327 65.354 0.975 -0.114 -0.191
91.37 67.686 65.507 0.97 0.241 -0.04
91.37 67.724 65.622 0.969 0.215 -0.117
91.355 67.797 65.647 0.957 0.273 -0.097
91.31 68.424 65.398 0.987 -0.146 0.069
91.446 68.752 65.883 0.896 -0.364 -0.254
91.799 68.992 66.307 0.661 -0.524 -0.537
91.317 68.473 65.364 0.996 -0.085 0.026
91.453 68.796 65.852 0.906 -0.3 -0.3
91.807 69.047 66.268 0.67 -0.468 -0.577
91.331 68.583 65.432 0.987 -0.158 -0.02
91.58 68.983 65.975 0.821 -0.425 -0.382
90.948 69.231 65.157 0.421 0.801 -0.426
91.215 69.602 65.713 0.243 0.554 -0.796
91.841 68.403 66.646 0.633 -0.132 -0.763
92.225 68.106 67.344 0.899 -0.338 -0.279
93.988 68.342 68.875 0.134 -0.634 -0.762
94.038 67.794 69.169 0.101 -0.269 -0.958
94.715 68.542 69.208 0.741 -0.466 -0.483
94.713 67.98 69.479 0.743 -0.092 -0.664
94.974 69.53 68.07 0.644 -0.487 -0.59
95.13 69.743 68.025 0.54 -0.629 -0.559
94.403 70.701 67.141 0.56 -0.516 -0.648
94.024 70.552 67.04 0.259 -0.635 -0.728
94.529 70.75 67.2 0.476 -0.549 -0.687
94.802 71.534 66.815 0.913 -0.391 -0.118
94.88 71.135 67.377 0.861 -0.126 -0.493
95.233 70.697 67.781 0.626 0.167 -0.762
94.944 71.563 67.719 0.932 0.343 -0.118
94.877 72.286 67.784 0.977 -0.139 -0.162
94.512 73.102 67.483 0.632 0.633 -0.447
94.13 73.432 67.125 0.886 0.414 -0.208
94.039 74.073 67.294 0.947 -0.014 -0.322
93.651 73.455 66.589 0.325 0.441 -0.837
93.5 74.1 66.691 0.425 0.011 -0.905
94.321 74.086 67.788 0.759 -0.023 -0.65
94.377 74.14 67.858 0.804 0.019 -0.595
94.714 74.765 68.034 0.579 -0.398 -0.712
94.753 74.875 68.011 0.609 -0.314 -0.729
93.692 76.595 66.458 0.786 -0.161 -0.597
93.7 77.121 66.101 0.781 -0.512 -0.359
93.919 77.509 65.648 0.635 -0.77 -0.057
93.435 76.498 66.262 0.472 -0.28 -0.836
93.518 77.052 65.962 0.417 -0.649 -0.636
93.712 77.431 65.491 0.288 -0.902 -0.322
93.345 76.458 66.22 0.532 -0.253 -0.808
93.345 76.983 65.899 0.532 -0.604 -0.593
93.48 77.356 65.427 0.443 -0.852 -0.279
93.261 76.433 66.178 0.455 -0.276 -0.846
93.272 76.962 65.862 0.448 -0.629 -0.636
93.396 77.331 65.385 0.366 -0.875 -0.318
92.927 76.178 65.999 0.678 -0.106 -0.727
92.664 76.493 65.53 0.854 -0.316 -0.414
92.623 76.727 64.952 0.881 -0.472 -0.029
92.608 75.855 65.91 0.329 -0.459 -0.825
92.417 76.244 65.46 0.457 -0.718 -0.526
92.345 76.446 64.874 0.505 -0.853 -0.135
93.153 77.249 64.573 0.527 -0.82 0.224
93.295 77.306 64.215 0.626 -0.78 -0.025
92.778 76.826 63.312 0.734 -0.554 -0.394
93.174 77.263 63.104 0.47 -0.845 -0.255
91.819 76.295 62.909 0.667 -0.417 -0.617
91.524 75.825 62.722 0.864 -0.104 -0.492
91.897 76.098 63.28 0.748 -0.622 -0.23
91.601 75.628 63.093 0.945 -0.309 -0.105
91.48 75.927 62.606 0.893 -0.172 -0.415
91.133 75.494 61.985 0.72 0.341 -0.605
91.187 76.089 62.17 0.683 -0.056 -0.728
91.42 76.67 62.165 0.528 -0.443 -0.725
90.735 76.22 61.885 0.36 0.038 -0.932
90.602 76.231 61.826 0.449 0.031 -0.893
89.959 75.62 61.579 -0.119 0.432 -0.894
89.985 76.227 61.723 -0.136 0.027 -0.99
89.976 76.841 61.61 -0.13 -0.382 -0.915
89.42 76.243 61.988 -0.673 0.042 -0.739
90.957 77.757 61.564 0.202 -0.458 -0.866
91.338 78.187 61.263 -0.052 -0.745 -0.665
91.704 78.409 60.776 -0.296 -0.893 -0.34
90.849 77.83 61.524 -0.034 -0.297 -0.954
91.261 78.239 61.235 -0.309 -0.57 -0.761
91.586 78.489 60.731 -0.526 -0.736 -0.426
90.275 77.968 61.372 0.348 -0.389 -0.853
90.227 78.481 60.942 0.38 -0.731 -0.566
90.294 78.775 60.342 0.336 -0.927 -0.166
89.83 77.995 61.413 -0.543 -0.334 -0.771
89.861 78.504 60.976 -0.563 -0.673 -0.479
89.723 78.81 60.394 -0.471 -0.877 -0.092
89.734 78.01 61.469 -0.478 -0.344 -0.808
89.697 78.538 61.092 -0.454 -0.696 -0.557
89.533 78.87 60.559 -0.344 -0.917 -0.202
89.73 78.011 61.471 -0.488 -0.341 -0.803
89.694 78.538 61.094 -0.464 -0.693 -0.552
89.529 78.871 60.561 -0.354 -0.914 -0.197
89.252 77.936 61.678 -0.169 -0.291 -0.942
88.852 77.677 62.029 -0.597 -0.569 -0.565
88.741 77.69 62.122 -0.523 -0.578 -0.627
88.588 77.667 62.305 -0.641 -0.595 -0.485
89.053 78.899 60.801 -0.037 -0.933 -0.357
88.176 78.737 61.389 -0.426 -0.316 -0.848
88.562 79.156 60.751 -0.683 -0.596 -0.423
88.614 79.286 59.907 -0.718 -0.682 0.14
88.348 79.656 60.873 -0.963 0.061 -0.263
88.274 79.641 61.081 -0.913 0.071 -0.401
88.395 79.905 60.498 -0.994 -0.106 -0.013
88.271 79.782 61.146 -0.917 0.23 -0.327
88.392 80.063 60.572 -0.998 0.042 0.056
88.267 79.854 61.201 -0.914 0.182 -0.363
88.394 80.191 60.674 -0.999 -0.044 -0.012
88.25 80.518 60.145 -0.903 -0.261 0.341
88.312 80.06 61.337 -0.836 0.533 -0.13
88.434 80.373 60.795 -0.917 0.324 0.231
88.307 80.775 60.315 -0.832 0.056 0.551
88.406 80.276 61.447 -0.898 0.389 -0.203
88.549 80.791 60.982 -0.993 0.046 0.107
88.359 81.321 60.552 -0.867 -0.308 0.393
88.546 80.411 61.603 -0.43 0.845 0.319
88.61 80.851 61.051 -0.472 0.552 0.687
88.516 81.474 60.728 -0.41 0.136 0.902
87.788 79.882 62.195 -0.749 0.639 -0.175
87.66 79.946 62.609 -0.664 0.596 -0.451
87.522 79.27 62.161 -0.97 0.129 -0.204
87.372 79.281 62.571 -0.87 0.121 -0.478
87.625 78.61 62.169 -0.885 -0.421 -0.198
87.483 78.564 62.58 -0.791 -0.39 -0.472
89.008 80.662 63.032 -0.474 0.867 -0.157
89.003 80.675 63.152 -0.478 0.876 -0.074
88.129 80.333 63.745 -0.329 0.873 0.361
88.588 80.497 64.105 -0.635 0.763 0.121
87.863 79.854 64.178 -0.519 0.531 0.67
88.273 79.93 64.618 -0.792 0.48 0.377
87.961 78.605 64.861 -0.789 0.445 0.425
87.48 78.8 64.035 -0.793 -0.222 0.568
87.746 78.249 64.591 -0.97 0.145 0.197
87.569 77.764 65.236 -0.852 0.469 -0.233
87.463 78.401 63.669 -0.805 -0.507 0.307
87.729 77.883 64.256 -0.983 -0.162 -0.084
87.548 77.291 64.804 -0.862 0.233 -0.45
87.915 77.572 63.916 -0.827 -0.423 -0.37
88.089 78.626 65.162 -0.874 0.431 0.224
88.53 78.918 65.644 -0.613 0.604 0.509
88.63 78.944 65.748 -0.68 0.587 0.44
88.772 78.974 65.89 -0.569 0.61 0.551
88.446 78.194 67.261 -0.267 0.96 0.089
88.245 78.228 67.877 -0.133 0.937 -0.322
88.007 78.524 68.403 0.026 0.74 -0.672
87.962 77.838 67.199 -0.846 0.533 0.016
87.887 77.964 67.832 -0.796 0.449 -0.406
87.589 78.217 68.35 -0.597 0.281 -0.751
87.49 77.647 66.084 -0.892 0.411 0.19
87.251 77.243 66.412 -0.733 0.68 -0.029
87.34 77.326 65.58 -0.966 0.25 -0.062
87.102 76.922 65.908 -0.807 0.52 -0.28
87.366 76.929 65.11 -0.954 0.052 -0.297
87.127 76.525 65.438 -0.794 0.321 -0.516
87.656 77.573 67.658 -0.642 0.71 -0.29
87.496 77.972 68.301 -0.535 0.444 -0.719
87.36 77.137 67.878 -0.975 0.219 -0.043
87.226 77.574 68.501 -0.885 -0.073 -0.459
87.292 76.918 67.906 -0.929 0.364 -0.062
87.168 77.171 68.555 -0.847 0.196 -0.495
87.001 76.179 67.454 -0.858 0.148 0.492
87.209 76.441 68.077 -0.997 -0.026 0.077
87.085 76.694 68.725 -0.914 -0.195 -0.355
86.657 76.882 69.255 -0.629 -0.32 -0.709
87.345 75.988 68.279 -0.885 -0.396 0.243
87.221 76.241 68.928 -0.803 -0.565 -0.19
87.18 75.012 67.777 -0.776 0.255 0.577
86.942 74.905 67.319 -0.958 0.173 0.228
87.4 74.883 68.367 -0.922 0.341 0.184
87.507 75.392 68.813 -0.994 0.001 -0.114
87.303 75.902 69.224 -0.857 -0.339 -0.387
87.439 74.738 68.534 -0.836 0.027 0.547
87.538 75.279 68.945 -0.902 -0.333 0.274
87.354 75.714 69.442 -0.78 -0.623 -0.057
87.302 75.013 70.328 -0.745 -0.156 -0.649
87.453 74.746 70.452 -0.328 -0.894 -0.306
87.477 74.331 68.74 -0.862 0.299 0.41
87.595 74.122 68.837 -0.423 -0.477 0.77
87.854 74.038 68.966 -0.595 -0.422 0.684
88.073 74.331 69.597 -0.742 -0.617 0.264
88.03 74.405 70.321 -0.713 -0.666 -0.219
87.856 74.035 68.967 -0.587 -0.431 0.686
88.075 74.329 69.597 -0.732 -0.627 0.265
88.034 74.401 70.321 -0.705 -0.675 -0.217
87.566 72.999 68.672 -0.393 0.259 0.882
87.605 72.474 68.985 -0.419 0.609 0.674
87.538 72.102 69.466 -0.374 0.858 0.353
87.229 72.766 68.359 -0.911 -0.098 0.401
87.296 72.261 68.698 -0.955 0.239 0.175
87.124 71.816 69.081 -0.84 0.536 -0.081
87.178 72.635 68.239 -0.877 -0.01 0.481
87.159 72.02 68.501 -0.864 0.4 0.306
87.161 72.622 68.206 -0.898 -0.027 0.439
87.141 72.005 68.465 -0.884 0.383 0.266
87.804 72.261 70.538 -0.551 0.752 -0.362
88.033 72.846 70.911 -0.704 0.361 -0.611
88.012 73.56 71.067 -0.69 -0.115 -0.715
87.797 72.259 70.545 -0.561 0.749 -0.352
88.028 72.845 70.917 -0.716 0.359 -0.599
88.005 73.558 71.074 -0.7 -0.117 -0.705
87.586 72.171 70.637 -0.42 0.808 -0.413
87.68 72.643 71.103 -0.483 0.493 -0.724
87.629 73.263 71.352 -0.45 0.08 -0.89
87.445 73.907 71.335 -0.326 -0.35 -0.878
86.92 71.635 70.718 -0.497 0.809 0.315
87.412 72.052 70.899 -0.825 0.531 0.195
87.657 72.628 71.137 -0.989 0.147 0.036
87.607 73.248 71.386 -0.955 -0.267 -0.13
87.271 73.788 71.596 -0.731 -0.627 -0.27
86.716 74.14 71.725 -0.361 -0.862 -0.356
87.573 71.953 71.176 -0.45 0.302 0.84
87.678 72.615 71.173 -0.52 -0.139 0.843
87.628 73.235 71.422 -0.487 -0.553 0.676
87.432 73.689 71.873 -0.356 -0.856 0.376
87.779 71.949 71.312 -0.587 0.304 0.75
88.015 72.625 71.461 -0.745 -0.146 0.651
87.987 73.249 71.841 -0.726 -0.562 0.397
87.979 71.865 71.442 -0.301 0.183 0.936
88.157 72.565 71.553 -0.42 -0.284 0.862
88.186 73.164 71.971 -0.439 -0.683 0.583
87.19 70.927 71.717 -0.361 0.455 0.814
86.723 70.732 71.723 -0.049 0.585 0.81
86.926 71.345 71.213 -0.493 0.664 0.562
86.5 71.085 71.298 -0.209 0.837 0.506
86.633 71.472 70.584 -0.64 0.728 0.247
86.252 71.193 70.766 -0.386 0.914 0.126
86.371 71.283 69.957 -0.771 0.633 -0.066
86.03 71.033 70.236 -0.544 0.8 -0.253
87.187 68.57 71.556 -0.177 -0.165 0.97
87.463 67.942 71.665 -0.36 0.254 0.898
86.69 68.293 71.096 -0.757 -0.489 0.434
86.941 67.651 71.183 -0.924 -0.061 0.376
86.215 68.165 70.545 -0.44 -0.404 0.802
85.684 69.068 70.726 -0.791 -0.604 0.097
85.836 68.381 70.231 -0.892 -0.146 0.427
85.548 67.623 69.946 -0.7 0.36 0.617
85.763 68.631 69.761 -0.979 0.152 -0.135
86.579 67.12 70.744 -0.683 0.293 0.669
85.888 66.608 70.128 -0.416 -0.486 0.768
86.457 66.417 70.548 -0.796 -0.359 0.488
86.741 66.097 71.143 -0.985 -0.146 0.092
86.691 65.924 70.048 -0.579 -0.815 0.025
87.9 68.157 71.886 -0.652 0.11 0.75
88.178 68.11 72.077 -0.444 0.075 0.893
87.676 66.831 72.438 -0.435 0.286 0.854
88.089 66.714 72.815 -0.71 0.364 0.602
87.502 66.263 72.418 -0.538 -0.048 0.842
87.901 66.103 72.793 -0.804 0.059 0.591
87.433 65.707 72.218 -0.578 -0.375 0.724
87.827 65.505 72.579 -0.841 -0.24 0.484
87.478 65.231 71.865 -0.552 -0.655 0.516
87.876 64.993 72.199 -0.817 -0.496 0.294
87.633 64.894 71.4 -0.461 -0.854 0.243
88.042 64.63 71.699 -0.734 -0.678 0.044
88.465 67.772 72.349 -0.635 0.299 0.712
88.411 68.352 72.223 -0.6 -0.087 0.795
88.655 67.817 72.473 -0.504 0.33 0.798
88.601 68.397 72.348 -0.469 -0.056 0.882
88.735 67.851 72.514 -0.557 0.308 0.771
88.738 68.465 72.437 -0.56 -0.102 0.822
88.812 67.857 72.562 -0.489 0.313 0.814
88.808 68.471 72.48 -0.485 -0.096 0.869
88.835 67.049 73.571 -0.504 0.852 0.142
88.772 67.122 74.346 -0.462 0.804 -0.375
88.141 66.677 72.895 -0.684 0.346 0.642
88.481 66.634 73.598 -0.911 0.374 0.174
88.45 66.743 74.371 -0.89 0.302 -0.342
88.056 66.975 75.005 -0.627 0.147 -0.765
88.118 65.839 73.039 -0.696 -0.074 0.714
88.466 66.096 73.69 -0.928 -0.245 0.28
88.436 66.253 74.456 -0.908 -0.349 -0.23
88.036 66.267 75.127 -0.642 -0.359 -0.678
88.796 65.676 73.807 -0.548 -0.727 0.414
88.737 65.87 74.562 -0.509 -0.856 -0.09
89.039 65.436 73.799 -0.71 -0.567 0.419
89.179 65.473 74.535 -0.803 -0.591 -0.072
89.305 65.187 73.763 -0.461 -0.8 0.385
89.439 65.23 74.5 -0.55 -0.828 -0.106
89.061 64.907 73.244 -0.299 -0.613 0.731
89.336 64.774 73.203 -0.12 -0.699 0.705
89.531 65.078 73.73 -0.249 -0.902 0.353
89.659 65.123 74.467 -0.335 -0.932 -0.138
89.822 65.026 73.683 0.024 -0.95 0.31
89.945 65.072 74.422 -0.058 -0.981 -0.183
90.22 64.845 73.393 -0.241 -0.83 0.503
90.664 64.834 73.867 -0.537 -0.823 0.187
90.44 64.704 73.184 -0.078 -0.934 0.348
90.883 64.694 73.658 -0.373 -0.927 0.032
90.648 64.483 72.84 -0.216 -0.787 0.578
90.794 64.204 72.099 -0.108 -0.994 0.03
90.079 63.895 71.245 0.342 -0.814 0.47
90.11 63.504 70.797 0.321 -0.553 0.769
89.152 64.021 71.715 -0.179 -0.982 0.052
89.33 63.84 71.177 -0.298 -0.861 0.411
89.438 63.454 70.736 -0.37 -0.605 0.705
89.458 62.926 70.461 -0.383 -0.252 0.888
88.774 64.107 70.743 -0.773 -0.633 0.04
88.939 63.694 70.346 -0.882 -0.358 0.305
90.563 63.484 70.688 0.019 -0.54 0.842
90.914 63.844 71.067 -0.215 -0.779 0.589
90.718 63.408 70.612 0.187 -0.623 0.759
91.087 63.758 70.983 -0.06 -0.857 0.512
90.075 62.33 70.174 0.131 -0.749 0.649
90.345 62.171 70.002 -0.049 -0.644 0.764
89.532 62.154 69.764 -0.322 -0.896 0.307
89.696 61.962 69.512 -0.431 -0.767 0.475
90.978 63.353 70.537 0.013 -0.587 0.81
91.228 63.718 70.947 -0.153 -0.83 0.536
91.525 63.257 70.274 0.447 -0.662 0.602
91.793 63.62 70.676 0.269 -0.904 0.333
91.222 62.031 69.561 0.467 -0.727 0.504
91.553 62.114 69.457 0.246 -0.782 0.573
91.217 61.761 68.754 0.464 -0.885 0.029
91.549 61.888 68.782 0.242 -0.97 0.01
91.759 63.244 70.127 0.291 -0.653 0.699
91.919 63.618 70.594 0.185 -0.903 0.388
92.248 63.406 69.782 0.812 -0.48 0.331
92.464 63.799 70.209 0.668 -0.742 0.047
92.387 63.632 69.844 0.72 -0.63 0.29
92.44 63.226 68.887 0.985 0.145 0.098
92.538 63.886 69.425 0.919 -0.296 -0.261
93.087 64.401 69.836 0.553 -0.639 -0.534
92.371 64.242 69.097 0.699 0.174 -0.693
91.99 64.269 68.443 0.954 0.156 -0.257
92.002 64.88 68.367 0.946 -0.251 -0.207
91.986 64.267 68.426 0.949 0.154 -0.276
91.997 64.878 68.349 0.941 -0.253 -0.225
92.442 65.239 68.925 0.652 -0.49 -0.578
92.637 65.56 68.989 0.833 -0.191 -0.519
92.669 65.705 68.973 0.812 -0.287 -0.508
92.67 65.706 68.973 0.812 -0.286 -0.508
92.826 66.003 68.982 0.708 -0.484 -0.514
93.418 65.983 69.448 0.313 -0.471 -0.825
92.842 66.049 68.964 0.73 -0.422 -0.538
93.433 66.025 69.432 0.336 -0.406 -0.85
92.83 66.174 68.829 0.737 -0.506 -0.448
93.353 66.285 69.231 0.389 -0.58 -0.716
92.835 66.895 68.654 0.742 0.236 -0.627
93.357 66.974 69.064 0.394 0.183 -0.901
92.558 67.483 68.225 0.927 -0.156 -0.341
92.82 68.04 68.305 0.752 -0.527 -0.394
92.415 67.596 67.941 0.792 -0.05 -0.609
92.682 68.148 68.033 0.613 -0.418 -0.671
91.942 65.738 66.894 0.964 0.054 -0.259
91.975 65.368 66.284 0.942 0.3 0.147
92.328 65.1 65.725 0.707 0.479 0.52
91.948 65.644 66.946 0.978 -0.154 -0.143
91.978 65.325 66.308 0.958 0.059 0.282
92.333 65.026 65.766 0.721 0.258 0.643
92.39 65.22 65.56 0.666 0.399 0.63
92.028 65.546 65.937 0.907 0.182 0.379
91.895 65.919 66.41 0.996 -0.067 0.063
92.35 65.44 65.342 0.603 0.743 0.29
91.991 65.746 65.739 0.842 0.539 0.026
91.846 66.19 66.142 0.939 0.243 -0.243
93.493 65.05 64.602 0.788 0.595 0.159
93.509 65.135 64.349 0.777 0.538 0.327
92.226 65.614 65.221 0.685 0.627 0.371
91.916 65.89 65.645 0.892 0.443 0.089
91.814 66.27 66.089 0.96 0.19 -0.207
92.137 65.766 65.064 0.608 0.759 0.234
91.836 66.026 65.504 0.808 0.586 -0.059
91.725 66.423 65.931 0.882 0.321 -0.344
91.99 65.885 65.113 0.706 0.679 0.201
91.672 66.348 65.626 0.918 0.371 -0.14
91.914 65.976 64.988 0.616 0.786 0.054
91.605 66.427 65.517 0.821 0.486 -0.299
92.225 67.772 67.567 0.918 -0.167 -0.36
92.57 68.251 67.835 0.688 -0.486 -0.539
92.213 67.806 67.523 0.907 -0.138 -0.398
92.558 68.282 67.795 0.676 -0.455 -0.579
93.44 68.141 68.806 0.339 -0.595 -0.729
93.696 67.661 69.133 0.169 -0.275 -0.947
93.529 68.194 68.814 0.44 -0.535 -0.721
93.785 67.714 69.14 0.27 -0.215 -0.938
94.601 66.442 69.432 0.399 -0.381 -0.834
94.712 66.049 69.588 0.325 -0.119 -0.938
95.115 66.673 69.752 0.766 -0.217 -0.605
95.185 66.261 69.883 0.719 0.058 -0.692
95.405 66.857 70.302 0.974 -0.085 -0.212
95.452 66.431 70.39 0.942 0.199 -0.27
95.399 66.949 70.944 0.969 -0.019 0.246
95.446 66.515 70.98 0.937 0.27 0.222
94.86 67.334 72.096 0.912 -0.309 0.271
94.947 67.717 71.891 0.996 0.06 0.074
95.184 68.123 71.245 0.838 -0.211 0.504
95.383 67.369 70.684 0.958 0.281 0.06
95.359 68.115 70.681 0.974 -0.217 0.062
95.696 68.781 70.701 0.749 -0.661 0.049
95.276 67.375 70.073 0.882 0.285 -0.376
95.257 68.121 70.099 0.895 -0.212 -0.393
95.57 68.788 69.978 0.686 -0.657 -0.313
94.901 68.14 69.627 0.617 -0.198 -0.762
95.12 68.517 71.963 0.88 -0.474 0.025
95.212 68.911 72.266 0.951 -0.172 0.257
95.484 69.58 72.414 0.77 -0.618 0.159
95.784 70.378 72.219 1 -0.008 0.01
96.168 70.397 70.423 0.985 0.147 -0.091
96.175 70.612 70.582 0.98 0.004 -0.197
95.303 71.93 69.7 0.97 0.24 -0.034
95.308 71.868 69.59 0.974 0.19 -0.122
95.196 71.814 68.552 0.94 0.159 -0.301
95.09 71.824 68.327 0.835 0.169 -0.524
95.318 71.918 69.846 0.96 0.247 -0.131
95.303 71.992 69.949 0.942 0.335 -0.008
95.512 73.439 69.468 0.876 -0.473 0.099
95.284 73.093 68.53 0.924 0.141 -0.356
95.445 73.684 68.775 0.816 -0.253 -0.52
95.844 74.202 68.869 0.55 -0.598 -0.583
94.981 74.053 68.336 0.401 0.077 -0.913
95.919 74.152 70.361 0.603 -0.634 0.483
95.49 73.653 70.571 0.889 -0.302 0.343
95.189 74.307 71.207 0.773 -0.067 0.631
94.748 74.972 71.345 0.371 0.538 0.757
94.212 76.176 70.495 0.103 0.471 0.876
93.718 76.541 70.5 0.432 0.228 0.872
93.333 76.964 70.725 0.689 -0.053 0.723
94.273 76.261 70.431 0.182 0.582 0.792
93.773 76.617 70.443 0.515 0.345 0.785
93.402 77.061 70.652 0.762 0.049 0.645
94.35 76.431 70.31 0.131 0.469 0.873
93.92 76.954 70.268 0.417 0.121 0.901
94.534 76.565 70.167 0.323 0.61 0.724
94.12 77.099 70.113 0.599 0.253 0.759
94.633 76.582 70.114 0.257 0.598 0.759
94.29 77.11 69.995 0.486 0.246 0.839
94.982 76.684 69.48 0.688 0.726 -0.025
94.625 77.209 69.385 0.926 0.376 0.038
95.139 76.614 69.064 0.583 0.772 0.252
94.933 77.111 68.64 0.721 0.441 0.535
94.952 77.746 68.382 0.707 0.018 0.707
95.147 76.331 68.591 0.602 0.151 -0.784
94.938 76.936 68.348 0.742 -0.252 -0.622
94.961 77.463 67.909 0.726 -0.603 -0.33
94.973 75.867 68.198 0.718 0.461 -0.522
94.82 75.009 68 0.564 -0.403 -0.721
94.57 76.744 67.569 0.987 -0.124 -0.102
94.774 77.344 67.474 0.851 -0.524 -0.039
94.261 76.752 67.033 0.583 -0.115 -0.805
94.453 77.352 66.916 0.455 -0.515 -0.727
93.914 76.659 66.693 0.814 -0.053 -0.578
93.84 77.182 66.286 0.863 -0.401 -0.307
94.023 77.585 65.787 0.742 -0.67 0.026
93.862 76.614 66.641 0.673 -0.174 -0.719
93.811 77.157 66.257 0.706 -0.535 -0.463
93.971 77.541 65.735 0.6 -0.791 -0.115
94.533 77.947 65.963 0.402 -0.911 -0.092
95.082 78.749 65.769 0.952 -0.107 -0.286
94.89 78.375 64.398 0.861 -0.32 -0.396
94.891 78.552 64.196 0.86 -0.438 -0.261
94.369 77.822 64.325 0.426 -0.781 -0.457
94.22 77.841 64.102 0.525 -0.793 -0.308
95.106 78.897 65.766 0.937 -0.206 -0.284
95.094 79.685 65.199 0.962 0.129 0.24
95.118 79.504 65.869 0.946 0.25 -0.206
95.446 79.403 66.472 0.727 0.317 -0.609
94.876 80.029 66.08 0.764 0.644 -0.048
94.669 80.345 66.033 0.901 0.433 -0.017
94.508 80.611 65.995 0.802 0.596 -0.04
94.349 80.911 66.143 0.908 0.395 -0.139
94.057 81.254 65.943 0.661 0.685 -0.308
94.849 80.486 64.471 0.839 0.529 -0.124
94.726 80.701 64.371 0.921 0.385 -0.057
94.036 80.653 63.105 0.883 0.298 -0.361
93.867 80.995 62.634 0.996 0.07 -0.048
93.92 80.205 62.798 0.789 -0.066 -0.611
93.759 80.579 62.349 0.897 -0.315 -0.311
94.383 78.338 63.559 0.606 -0.544 -0.58
93.982 78.136 63.086 0.873 -0.409 -0.264
94.153 77.86 63.959 0.491 -0.784 -0.38
93.752 77.657 63.485 0.758 -0.649 -0.064
93.258 78.509 61.491 0.689 -0.7 -0.188
92.431 78.228 61.336 -0.034 -0.946 -0.323
91.627 77.68 61.814 0.502 -0.58 -0.642
91.861 78.089 61.437 0.346 -0.853 -0.39
92.178 78.291 60.966 0.135 -0.988 -0.076
91.187 77.782 61.584 0.049 -0.475 -0.879
91.509 78.171 61.253 -0.166 -0.734 -0.658
91.791 78.381 60.763 -0.354 -0.874 -0.332
93.338 78.6 61.41 0.636 -0.76 -0.134
93.83 79.134 60.745 0.832 -0.334 0.444
93.638 79.047 61.487 0.96 -0.277 -0.051
93.827 78.851 62.209 0.834 -0.146 -0.532
93.631 79.58 61.6 0.952 0.298 0.071
93.664 80.362 61.263 0.933 -0.215 0.289
93.675 80.845 60.678 0.943 0.226 -0.245
93.495 80.601 59.601 0.592 0.714 -0.373
93.256 81.182 59.899 0.752 0.327 -0.572
92.278 80.774 58.928 0.622 0.527 -0.579
92.09 79.954 58.543 0.479 -0.099 -0.872
92.012 79.831 58.506 0.53 -0.017 -0.848
92.503 79.038 58.853 -0.116 -0.403 -0.908
91.829 79.306 58.604 0.333 -0.582 -0.742
91.285 79.346 58.064 0.696 -0.608 -0.382
91.513 78.985 58.945 -0.006 -0.927 -0.375
91.483 78.923 59.078 0.015 -0.886 -0.464
91.153 78.825 59.875 -0.237 -0.961 0.145
89.88 79.367 57.382 0.025 -0.964 -0.265
89.808 79.404 56.785 0.073 -0.988 0.133
89.287 79.492 57.44 -0.455 -0.863 -0.219
89.256 79.52 56.839 -0.434 -0.882 0.182
88.788 79.595 57.624 -0.122 -0.932 -0.341
88.333 79.671 57.163 0.181 -0.983 -0.034
87.93 79.469 56.692 0.45 -0.848 0.28
88.363 79.749 57.959 -0.675 -0.732 0.095
88.044 79.776 57.391 -0.462 -0.75 0.473
87.593 79.591 56.957 -0.162 -0.626 0.762
88.267 79.691 59.066 -0.873 -0.486 -0.046
87.897 80.107 58.76 -0.626 -0.764 0.158
88.178 79.981 59.567 -0.917 -0.342 0.205
87.807 80.397 59.261 -0.67 -0.619 0.409
87.865 79.966 57.594 -0.343 -0.876 0.338
87.497 79.714 57.052 -0.098 -0.708 0.699
87.855 79.972 57.599 -0.354 -0.871 0.342
87.488 79.719 57.056 -0.109 -0.702 0.704
87.187 80.911 57.54 -0.927 -0.138 0.348
86.826 80.673 56.973 -0.687 0.021 0.726
87.182 80.931 57.535 -0.931 -0.122 0.344
86.822 80.692 56.967 -0.691 0.037 0.722
87.023 81.58 57.886 -0.825 -0.554 0.109
86.623 81.9 57.58 -0.559 -0.768 0.314
86.091 82.038 57.348 -0.204 -0.86 0.468
87.021 82.187 58.405 -0.826 -0.025 0.562
86.622 82.439 58.041 -0.56 -0.192 0.806
86.09 82.645 57.867 -0.206 -0.33 0.921
87.442 81.454 59.471 -0.853 -0.09 0.514
87.446 81.97 59.82 -0.856 -0.434 0.281
87.116 82.634 58.765 -0.89 -0.323 0.322
86.72 82.806 58.281 -0.626 -0.437 0.645
86.149 82.855 57.977 -0.245 -0.47 0.848
87.112 82.658 58.777 -0.896 -0.286 0.34
86.717 82.827 58.291 -0.632 -0.399 0.664
86.144 82.884 57.991 -0.251 -0.437 0.864
87.355 82.623 59.97 -0.921 0.032 0.388
87.198 83.192 59.86 -0.817 -0.347 0.461
88.04 83.256 60.867 -0.845 -0.203 0.495
88.673 82.697 61.125 -0.368 -0.624 0.689
88.886 84.252 62.89 -0.451 -0.209 0.868
88.913 84.759 63.151 -0.469 -0.546 0.694
89.481 84.159 63.064 -0.154 -0.256 0.954
89.466 84.671 63.312 -0.144 -0.597 0.789
90.106 84.2 63.073 0.159 -0.235 0.959
90.047 84.709 63.32 0.198 -0.575 0.794
90.688 84.37 62.916 0.45 -0.15 0.88
90.588 84.868 63.174 0.517 -0.482 0.708
91.159 84.651 62.611 0.685 -0.01 0.728
91.026 85.129 62.892 0.774 -0.328 0.541
91.462 85.008 62.196 0.837 0.169 0.52
91.308 85.461 62.505 0.94 -0.133 0.314
91.563 85.399 61.717 0.888 0.365 0.281
91.402 85.825 62.06 0.995 0.081 0.052
91.45 85.78 61.232 0.831 0.555 0.039
91.297 86.178 61.609 0.933 0.289 -0.213
90.763 85.57 59.3 0.526 0.83 -0.183
91.302 85.043 59.491 0.863 0.501 -0.064
91.383 84.922 59.531 0.809 0.581 -0.091
91.584 84.103 59.852 0.978 -0.109 0.179
91.794 83.634 60.881 0.838 0.203 -0.507
92.217 83.085 61.029 0.556 0.57 -0.605
91.78 84.494 61.189 0.996 -0.088 0.017
91.885 83.807 61.326 0.926 0.37 -0.075
92.301 83.243 61.439 0.649 0.746 -0.15
92.934 82.93 61.501 0.227 0.955 -0.191
91.654 84.512 61.858 0.933 -0.079 0.352
91.795 83.819 61.803 0.838 0.382 0.388
92.218 83.255 61.878 0.557 0.759 0.338
92.827 82.945 62.067 0.151 0.965 0.213
91.305 84.3 62.405 0.758 -0.185 0.625
91.547 83.669 62.193 0.597 0.236 0.766
91.989 83.116 62.237 0.303 0.605 0.737
92.532 82.766 62.528 -0.06 0.838 0.542
91.203 83.393 62.396 0.263 -0.031 0.964
91.672 82.862 62.425 -0.05 0.323 0.945
90.698 83.269 62.644 0.599 0.051 0.799
90.747 82.639 62.829 0.567 0.471 0.676
90.96 82.145 63.208 0.425 0.8 0.423
89.979 83.093 62.732 -0.359 -0.183 0.915
90.265 82.521 62.887 -0.55 0.198 0.811
90.393 82.006 63.277 -0.635 0.541 0.552
89.886 83.037 62.689 -0.297 -0.146 0.944
90.095 82.42 62.815 -0.436 0.265 0.86
90.175 81.88 63.193 -0.49 0.625 0.608
89.447 82.709 62.187 -0.766 -0.498 0.407
89.732 82.148 62.4 -0.956 -0.124 0.265
89.737 81.552 62.691 -0.959 0.273 0.071
91.367 80.832 65.281 -0.331 0.845 0.421
91.075 80.565 65.426 -0.554 0.64 0.532
90.091 81.111 64.478 -0.458 0.655 0.6
89.598 80.755 64.729 -0.13 0.892 0.433
89.699 81.203 63.839 -0.655 0.702 0.281
89.206 80.848 64.091 -0.326 0.938 0.114
90.818 80.319 65.543 -0.383 0.805 0.454
90.764 80.226 65.643 -0.428 0.727 0.538
89.072 80.258 65.178 -0.393 0.643 0.657
89.149 80.121 65.394 -0.445 0.735 0.513
90.694 80.124 65.74 -0.382 0.794 0.473
90.637 79.871 65.97 -0.448 0.498 0.743
90.321 79.54 66.104 -0.238 0.719 0.653
90.763 79.443 66.6 -0.532 0.783 0.322
91.044 79.582 67.194 -0.72 0.69 -0.074
90.258 79.456 66.148 -0.396 0.508 0.765
90.723 79.39 66.629 -0.705 0.552 0.444
90.975 79.49 67.243 -0.873 0.486 0.035
89.323 79.114 66.149 -0.184 0.642 0.745
88.87 79.039 65.928 -0.635 0.567 0.525
89.327 78.604 67.204 -0.186 0.982 0.041
89.394 78.737 67.846 -0.231 0.893 -0.387
89.052 78.479 67.259 -0.591 0.798 0.121
89.119 78.613 67.901 -0.635 0.709 -0.306
88.671 78.277 67.244 -0.337 0.932 0.131
88.425 78.264 67.877 -0.172 0.941 -0.29
88.125 78.54 68.42 0.028 0.757 -0.653
88.647 78.269 67.235 -0.401 0.91 0.106
88.41 78.259 67.871 -0.243 0.916 -0.318
88.098 78.531 68.41 -0.035 0.735 -0.677
88.442 78.937 68.717 -0.183 0.493 -0.851
88.71 79.456 69.439 0.07 0.983 -0.169
88.863 79.563 69.799 -0.032 0.912 -0.409
89.567 79.81 69.842 -0.501 0.747 -0.437
88.843 79.556 70.321 -0.064 0.902 0.428
89.548 79.804 70.339 -0.533 0.736 0.416
87.532 79.627 70.775 0.006 0.831 0.556
87.701 79.437 71.208 -0.107 0.958 0.268
86.91 79.408 70.828 -0.438 0.674 0.594
86.965 79.178 71.271 -0.475 0.828 0.299
86.211 78.57 71.03 -0.669 0.727 0.157
85.974 78.108 70.523 -0.9 0.275 -0.339
86.283 78.145 69.432 -0.886 -0.228 -0.403
86.222 77.683 69.618 -0.846 0.08 -0.527
86.339 76.569 69.891 -0.787 -0.476 -0.391
86.072 76.354 70.383 -0.609 -0.333 -0.72
86.011 75.43 71.106 -0.714 -0.217 -0.666
85.957 75.955 70.81 -0.677 -0.567 -0.469
85.531 75.338 72.144 -0.954 -0.263 -0.147
85.402 75.213 72.618 -0.868 -0.18 -0.463
85.836 74.705 72.141 -0.801 -0.58 -0.149
85.66 74.678 72.616 -0.684 -0.562 -0.465
86.296 74.224 72.365 -0.571 -0.82 -0.036
86.049 74.272 72.805 -0.406 -0.852 -0.33
86.82 73.992 72.772 -0.309 -0.936 0.167
86.491 74.076 73.149 -0.09 -0.992 -0.084
88.151 74.194 73.77 -0.308 -0.583 0.752
87.134 74.429 74.054 0.37 -0.74 0.562
88.568 75.319 74.256 -0.099 -0.021 0.995
87.999 75.535 74.329 0.28 -0.165 0.946
88.77 75.869 74.2 0.001 0.255 0.967
88.2 76.085 74.274 0.381 0.111 0.918
88.937 76.387 73.974 0.085 0.513 0.854
88.367 76.603 74.048 0.465 0.369 0.805
89.054 76.824 73.598 0.143 0.732 0.666
88.484 77.04 73.672 0.523 0.588 0.617
89.571 76.847 73.335 0.402 0.743 0.535
89.919 77.086 72.947 0.17 0.584 0.794
89.978 76.43 73.444 0.606 0.535 0.589
90.326 76.67 73.055 0.374 0.376 0.848
90.296 75.931 73.421 0.765 0.285 0.578
90.644 76.17 73.033 0.533 0.126 0.837
90.496 75.394 73.27 0.865 0.017 0.502
90.844 75.633 72.881 0.633 -0.142 0.761
90.928 74.69 72.434 0.651 -0.127 0.748
91.509 74.471 72.11 0.263 0.019 0.964
92.177 74.257 72.102 -0.182 0.161 0.97
90.293 74.189 72.813 0.763 -0.585 0.273
90.785 74.325 72.332 0.436 -0.676 0.594
91.419 74.239 72.045 0.013 -0.619 0.785
92.057 73.951 72.016 -0.412 -0.427 0.805
92.56 73.523 72.25 -0.748 -0.141 0.649
90.656 74.132 71.999 0.242 -0.966 0.094
91.337 74.117 71.835 -0.212 -0.956 0.204
91.949 73.79 71.737 -0.62 -0.737 0.269
89.773 73.445 71.797 0.831 -0.507 0.229
89.706 72.928 71.458 0.875 -0.163 0.455
89.865 72.369 71.236 0.77 0.21 0.603
90.221 71.865 71.17 0.532 0.546 0.647
89.677 73.375 71.905 0.689 -0.611 0.39
89.655 72.89 71.516 0.704 -0.288 0.649
89.813 72.332 71.295 0.598 0.084 0.797
90.125 71.795 71.278 0.39 0.442 0.808
89.502 73.217 72.027 0.805 -0.506 0.308
89.401 72.561 71.765 0.873 -0.069 0.483
89.596 71.881 71.668 0.743 0.384 0.548
89.438 73.188 72.12 0.72 -0.545 0.43
89.353 72.539 71.834 0.777 -0.112 0.62
89.531 71.852 71.76 0.657 0.346 0.669
89.737 73.647 72.662 0.52 -0.851 0.068
90.049 74.471 73.517 0.641 -0.445 0.626
89.987 74.373 73.519 0.683 -0.38 0.624
89.93 74.272 73.526 0.72 -0.312 0.62
88.839 74.271 73.942 0.036 -0.544 0.838
88.914 74.197 73.896 -0.014 -0.494 0.869
88.989 74.117 73.857 -0.064 -0.442 0.895
88.783 73.49 72.997 -0.099 -0.953 0.285
88.804 73.084 72.342 -0.113 -0.682 0.722
88.879 72.461 72.001 -0.163 -0.267 0.95
88.898 71.747 71.982 -0.176 0.209 0.962
88.432 73.11 72.147 -0.603 -0.648 0.466
88.6 72.481 71.855 -0.715 -0.228 0.661
88.526 71.774 71.787 -0.666 0.243 0.706
89.003 71.768 72.001 -0.246 0.195 0.95
89.059 72.502 72.056 -0.283 -0.295 0.913
89.013 73.129 72.444 -0.252 -0.713 0.655
89.459 71.843 71.841 0.705 0.351 0.616
89.241 72.532 71.993 0.851 -0.108 0.514
89.333 73.182 72.331 0.79 -0.541 0.289
90.573 70.825 72.298 0.171 0.954 0.245
91.098 70.79 72.831 -0.18 0.978 -0.11
89.606 70.956 72.369 0.225 0.562 0.796
90.231 70.648 72.644 -0.192 0.767 0.612
90.785 70.628 73.148 -0.561 0.781 0.276
91.129 70.9 73.756 -0.79 0.599 -0.129
90.028 70.231 72.872 -0.407 0.324 0.854
90.599 70.245 73.357 -0.787 0.315 0.531
89.999 70.05 72.942 -0.387 0.445 0.808
90.58 70.143 73.398 -0.775 0.383 0.504
90.045 69.55 72.971 -0.308 -0.41 0.859
90.629 69.618 73.429 -0.698 -0.455 0.553
89.908 67.651 77.143 -0.118 0.917 0.381
89.542 67.001 77.638 -0.451 0.326 0.831
88.617 66.519 77.416 -0.227 -0.179 0.957
89.183 66.196 77.658 -0.604 0.036 0.796
88.395 65.981 77.099 -0.385 -0.564 0.731
88.932 65.588 77.3 -0.743 -0.302 0.597
88.285 65.624 76.551 -0.463 -0.818 0.34
88.808 65.185 76.681 -0.812 -0.526 0.253
88.312 65.529 75.896 -0.444 -0.887 -0.129
88.839 65.077 75.94 -0.795 -0.586 -0.158
89.541 66.213 77.869 -0.405 0.046 0.913
90.075 66.402 78.273 -0.761 -0.081 0.643
89.81 65.58 77.876 -0.256 -0.306 0.917
90.313 65.842 78.28 -0.591 -0.481 0.648
90.262 65.093 77.696 -0.005 -0.576 0.817
90.713 65.411 78.121 -0.306 -0.788 0.534
90.81 64.845 77.363 0.3 -0.714 0.632
91.199 65.192 77.826 0.041 -0.945 0.323
91.803 64.887 76.559 0.3 -0.697 0.651
91.622 64.658 76.333 0.189 -0.837 0.513
91.67 64.593 76.221 0.157 -0.794 0.587
91.243 64.388 75.639 -0.217 -0.973 0.079
91.107 64.412 75.632 -0.127 -0.988 0.084
90.311 64.48 75.51 0.023 -0.917 -0.397
90.808 64.503 75.192 -0.309 -0.933 -0.185
91.234 64.308 74.831 -0.593 -0.803 0.055
90.555 64.761 74.793 -0.464 -0.774 -0.43
91.981 63.983 74.446 -0.219 -0.966 -0.138
92.118 63.897 74.66 -0.31 -0.908 -0.28
92.965 64.028 74.345 0.273 -0.944 -0.188
92.883 63.932 74.582 0.328 -0.879 -0.345
93.53 64.298 75.113 0.555 -0.809 0.196
93.322 64.142 75.179 0.693 -0.704 0.152
93.11 64.523 75.981 0.345 -0.696 0.63
92.995 64.317 75.854 0.421 -0.558 0.715
91.969 65.122 76.808 0.189 -0.854 0.485
93.011 65.302 76.531 0.295 -0.306 0.905
92.53 65.59 76.973 0.616 -0.498 0.61
92.258 65.708 77.622 0.798 -0.577 0.178
92.786 66.292 76.937 0.811 0.037 0.583
94.111 66.1 75.773 0.845 0.092 0.526
94.055 66.344 75.866 0.883 -0.071 0.464
94.186 67.413 74.485 0.821 0.14 0.554
94.255 67.308 74.391 0.876 0.056 0.478
93.766 64.445 74.557 0.673 -0.735 -0.082
93.967 64.507 73.945 0.539 -0.777 0.325
93.185 64.109 74.331 0.382 -0.903 -0.195
93.385 64.171 73.72 0.249 -0.945 0.213
92.424 64.078 73.553 0.114 -0.992 0.059
91.831 64.085 74.171 -0.295 -0.915 -0.275
91.831 64.138 73.61 -0.295 -0.95 0.098
91.769 63.99 73.071 -0.254 -0.852 0.458
91.308 64.428 73.585 -0.656 -0.75 0.081
92.511 63.866 72.155 0.276 -0.941 -0.196
92.541 63.871 71.551 0.255 -0.945 0.207
91.939 63.819 72.176 -0.133 -0.974 -0.181
91.865 63.816 71.576 -0.083 -0.972 0.219
93.843 64.848 70.419 0.484 -0.856 -0.182
93.297 64.73 69.782 0.729 -0.365 -0.579
93.773 65.091 69.934 0.412 -0.606 -0.68
94.352 65.298 69.914 0.025 -0.745 -0.667
93.576 65.52 69.658 0.209 -0.165 -0.964
94.194 65.046 71.728 0.413 -0.906 -0.091
94.602 65.354 71.97 0.752 -0.65 0.11
94.668 65.437 72.074 0.708 -0.705 0.041
95.213 65.889 71.458 0.743 -0.253 0.62
94.881 65.841 72.164 0.964 -0.221 0.15
94.942 65.703 72.931 0.923 -0.129 -0.362
94.844 66.302 72.216 0.919 0.332 0.211
94.821 66.431 72.147 0.935 0.246 0.257
94.817 66.448 72.145 0.931 0.26 0.256
94.873 66.886 71.859 0.894 -0.032 0.447
94.8 67.285 72.305 0.943 -0.298 0.149
94.878 66.898 71.849 0.9 -0.018 0.435
94.805 67.298 72.295 0.949 -0.284 0.138
94.767 67.076 72.845 0.965 -0.159 -0.211
94.773 67.077 72.876 0.969 -0.158 -0.189
94.778 66.967 72.958 0.966 -0.085 -0.244
94.752 67.046 73.546 0.94 -0.006 0.342
94.741 67.174 73.595 0.947 -0.091 0.309
94.451 67.348 74.11 0.745 0.03 0.666
94.107 67.446 74.606 0.873 0.117 0.473
93.874 67.731 74.764 0.596 0.456 0.66
94.722 69.085 74.203 0.431 -0.356 0.829
95.055 68.363 73.609 0.91 0.02 0.414
95.17 69.018 73.685 0.833 -0.416 0.364
95.533 69.548 73.87 0.591 -0.77 0.241
95.263 69.128 73.013 0.917 -0.317 -0.241
94.623 70.104 74.829 -0.058 -0.373 0.926
94.051 69.712 74.809 0.323 -0.112 0.94
93.597 70.555 74.807 0.115 0.192 0.975
93.35 71.277 74.305 -0.109 0.848 0.518
93.963 72.158 73.179 -0.496 0.59 0.637
93.757 72.739 72.768 -0.358 0.203 0.911
94.951 72 73.634 0.176 0.982 0.072
94.594 72.294 73.055 0.414 0.786 0.458
94.388 72.874 72.644 0.552 0.399 0.732
94.383 73.601 72.501 0.555 -0.086 0.828
94.904 72.036 72.537 0.862 0.415 -0.291
94.698 72.617 72.126 0.999 0.028 -0.016
95.374 71.405 72.117 0.549 0.836 -0.011
95.794 70.52 72.168 0.994 -0.103 0.044
95.075 71.993 71.36 0.747 0.444 0.494
94.836 72.595 71.474 0.907 0.043 0.418
95.121 72.038 71.217 0.81 0.505 0.3
94.883 72.641 71.325 0.968 0.102 0.228
95.229 72.098 70.931 0.738 0.464 0.49
95.097 72.761 70.821 0.826 0.022 0.564
95.36 71.995 70.337 0.904 0.333 -0.267
95.241 72.648 70.164 0.983 -0.102 -0.152
93.442 72.659 72.702 -0.148 0.256 0.955
93.411 72.017 73.058 -0.127 0.684 0.718
93.169 72.628 72.614 -0.488 0.217 0.846
93.12 71.983 72.964 -0.455 0.647 0.612
93.016 72.652 72.531 -0.385 0.201 0.901
92.863 72.019 72.789 -0.284 0.623 0.729
92.617 71.59 73.284 -0.12 0.909 0.399
92.768 72.522 72.218 -0.983 -0.112 0.142
92.725 71.947 72.614 -0.955 0.272 -0.122
92.37 71.46 72.971 -0.718 0.596 -0.36
92.652 72.459 71.806 -0.906 -0.07 0.417
92.577 71.838 71.854 -0.856 0.344 0.385
92.652 72.459 71.805 -0.907 -0.07 0.416
92.577 71.838 71.853 -0.857 0.344 0.384
92.332 72.591 71.374 -0.694 -0.158 0.703
91.949 72.07 71.11 -0.439 0.189 0.879
91.424 71.611 71.132 -0.089 0.496 0.864
92.261 72.677 71.299 -0.828 0.004 0.561
91.895 72.136 71.053 -0.584 0.365 0.725
91.34 71.713 71.043 -0.214 0.647 0.732
91.619 71.144 71.605 -0.218 0.807 0.549
91.618 71.143 71.606 -0.218 0.806 0.55
91.171 70.93 71.97 0.08 0.948 0.307
91.499 70.878 72.61 -0.139 0.983 -0.12
90.985 70.892 72.064 -0.104 0.91 0.401
91.329 70.843 72.697 -0.333 0.943 -0.021
92.111 71.112 72.625 -0.547 0.827 -0.13
92.112 71.112 72.626 -0.546 0.828 -0.13
92.802 68.734 74.956 0.485 0.111 0.867
92.938 68.012 75.202 0.394 0.592 0.703
92.7 68.73 75.001 0.306 0.103 0.946
92.842 68.008 75.245 0.212 0.584 0.784
92.618 68.796 75.024 0.36 0.059 0.931
92.676 68.118 75.224 0.322 0.511 0.797
92.409 68.796 75.077 0.128 0.06 0.99
92.449 68.119 75.282 0.101 0.512 0.853
91.547 69.031 75.093 -0.243 0.171 0.955
91.29 68.429 75.301 -0.072 0.573 0.817
91.011 68.007 75.765 0.114 0.854 0.507
91.271 69.061 74.907 -0.765 0.227 0.603
91.085 68.451 75.162 -0.641 0.634 0.432
90.698 68.04 75.554 -0.383 0.908 0.171
92.131 67.477 76.354 0.313 0.94 0.139
92.3 67.386 76.456 0.441 0.871 0.216
92.431 67.321 76.486 0.354 0.914 0.196
92.405 67.111 77.452 0.903 0.426 0.056
92.736 66.96 76.776 0.683 0.526 0.507
93.335 67.016 76.299 0.283 0.489 0.825
92.829 66.423 76.882 0.782 -0.051 0.621
93.265 67.959 75.119 0.177 0.627 0.759
93.363 68.626 74.792 0.111 0.183 0.977
93.647 67.809 74.964 0.748 0.404 0.527
93.791 68.458 74.618 0.652 -0.029 0.758
92.169 74.456 72.081 -0.176 0.029 0.984
91.48 74.826 72.156 0.283 -0.218 0.934
92.427 74.929 71.89 0.169 0.665 0.727
91.763 75.347 71.946 0.612 0.387 0.69
92.931 75.183 71.703 -0.167 0.496 0.852
92.658 75.71 71.497 0.015 0.144 0.989
92.389 76.276 71.552 0.195 -0.233 0.953
93.236 75.317 71.542 0.374 0.734 0.567
92.872 75.805 71.384 0.617 0.408 0.673
92.671 76.4 71.403 0.751 0.012 0.66
93.301 75.851 71.096 0.332 0.377 0.865
92.877 76.426 71.209 0.614 -0.006 0.789
93.393 75.939 71.005 0.441 0.481 0.758
92.96 76.505 71.127 0.729 0.104 0.676
93.468 76.004 70.927 0.391 0.438 0.809
93.093 76.62 70.99 0.641 0.027 0.767
93.599 76.097 70.788 0.512 0.524 0.681
93.227 76.716 70.848 0.759 0.112 0.641
92.502 77.785 71.918 0.521 -0.12 0.845
92.439 77.526 71.949 0.563 0.052 0.825
91.171 77.196 72.295 0.394 0.136 0.909
91.111 78.137 72.194 -0.175 0.056 0.983
90.692 77.626 72.3 0.104 0.396 0.912
90.304 77.234 72.679 0.363 0.658 0.66
90.187 77.958 72.077 -0.202 0.597 0.777
89.786 78.313 71.846 0.066 0.36 0.931
89.78 78.345 71.833 0.062 0.381 0.923
91.329 78.509 72.164 -0.065 0.242 0.968
91.292 79.111 72.137 -0.04 -0.16 0.986
92.115 78.635 72.016 0.328 0.305 0.894
91.956 79.218 72.012 0.434 -0.083 0.897
92.713 78.883 71.529 0.627 0.429 0.651
92.461 79.427 71.6 0.795 0.066 0.603
93.19 78.673 70.994 0.865 0.324 0.383
93.586 78.67 70.473 0.602 0.325 0.73
93.277 78.098 71.061 0.908 0.036 0.417
93.672 78.096 70.541 0.645 0.038 0.764
93.229 80.022 69.366 0.37 0.573 0.732
93.364 80.528 69.068 0.28 0.235 0.931
93.376 79.96 69.325 0.489 0.523 0.698
93.501 80.471 69.029 0.406 0.183 0.895
93.491 79.889 69.307 0.412 0.57 0.71
94.06 79.43 69.096 0.76 0.29 0.582
94.309 79.167 68.984 0.594 0.465 0.657
94.453 78.882 68.999 0.699 0.256 0.668
94.525 78.754 68.983 0.651 0.342 0.678
94.733 78.148 68.757 0.854 -0.25 0.457
94.758 80.44 68.076 0.785 0.288 0.549
94.869 80.594 67.279 0.886 0.428 -0.177
94.239 81.03 68.685 0.625 -0.183 0.759
94.29 80.339 68.688 0.592 0.278 0.757
93.082 80.762 69.143 0.468 0.079 0.88
92.711 80.453 69.506 0.715 0.286 0.638
92.514 80.212 70.025 0.846 0.446 0.292
92.878 80.988 69.153 0.165 0.415 0.895
92.547 80.634 69.514 0.385 0.651 0.654
92.311 80.438 70.035 0.543 0.781 0.307
92.705 81.021 69.181 0.281 0.393 0.876
92.255 80.731 69.647 0.581 0.586 0.565
92.527 81.851 68.593 -0.598 0.403 0.693
92.233 81.288 68.909 -0.402 0.779 0.482
91.803 80.986 69.387 -0.115 0.98 0.164
91.335 81.014 69.92 0.197 0.962 -0.192
91.894 81.045 68.468 -0.891 0.427 -0.155
91.479 80.754 68.965 -0.615 0.621 -0.487
91.821 80.887 68.108 -0.842 0.532 0.085
91.794 80.849 67.971 -0.866 0.499 -0.037
91.956 81.056 66.741 -0.855 0.518 -0.035
92.352 81.308 66.285 -0.5 0.744 -0.444
92.538 81.317 66.004 -0.624 0.738 -0.256
93.048 82.043 66.488 -0.226 0.54 -0.811
93.026 81.506 65.851 -0.211 0.898 -0.386
92.907 81.384 65.035 -0.132 0.979 0.158
93.571 81.484 65.828 0.249 0.88 -0.405
93.63 81.568 66.011 0.21 0.823 -0.528
93.673 81.341 65.417 0.181 0.975 -0.131
94.018 81.384 66.103 0.686 0.597 -0.415
94.046 81.164 65.505 0.668 0.744 -0.016
93.251 81.481 63.81 -0.039 0.946 0.321
93.063 81.764 63.323 0.087 0.758 0.646
94.125 81.245 64.023 0.42 0.839 -0.347
93.809 81.34 63.529 0.631 0.776 -0.017
93.641 81.617 63.03 0.742 0.591 0.315
93.649 82.033 62.606 0.738 0.314 0.598
94.025 80.839 63.193 0.891 0.174 -0.42
93.866 81.097 62.682 0.997 0.002 -0.079
92.958 81.75 63.359 0.157 0.767 0.622
93.06 81.464 63.884 0.089 0.958 0.272
92.672 81.728 63.397 -0.107 0.747 0.656
92.752 81.44 63.924 -0.161 0.939 0.305
92.087 81.816 63.379 0.283 0.688 0.668
91.724 82.014 63.165 -0.084 0.888 0.452
92.22 81.385 64.223 0.194 0.975 0.106
91.804 81.191 64.788 -0.136 0.822 0.554
91.681 81.034 65.06 -0.054 0.926 0.373
91.41 80.913 65.169 -0.359 0.791 0.495
91.366 80.061 67.154 -0.852 0.523 -0.014
91.314 79.964 67.133 -0.899 0.436 -0.033
91.173 80.467 68.857 -0.41 0.812 -0.414
90.818 80.08 68.765 -0.737 0.457 -0.499
90.436 79.556 68.532 -0.481 0.806 -0.343
90.417 79.348 68.257 -0.502 0.581 -0.641
90.124 79.757 69.049 -0.273 0.672 -0.688
89.774 79.822 69.504 -0.639 0.739 -0.212
91.427 80.858 70.73 0.273 0.832 0.483
91.584 80.672 71.093 0.169 0.956 0.241
90.713 80.715 70.899 -0.321 0.712 0.624
90.809 80.516 71.277 -0.385 0.845 0.372
89.711 79.732 70.728 -0.517 0.691 0.505
89.124 79.415 70.869 -0.125 0.903 0.411
89.644 79.782 70.541 -0.597 0.751 0.281
89.048 79.471 70.659 -0.2 0.958 0.203
89.132 79.348 71.047 -0.131 0.947 0.293
89.731 79.579 71.037 -0.53 0.794 0.3
88.695 78.974 71.805 0.39 0.726 0.566
89.283 79.04 71.558 -0.001 0.682 0.731
89.87 79.292 71.511 -0.393 0.514 0.763
90.35 79.686 71.672 -0.713 0.251 0.655
89.541 78.538 71.804 0.221 0.252 0.942
90.11 78.827 71.739 -0.159 0.059 0.986
87.403 78.715 72.194 -0.255 0.597 0.761
87.061 78.349 72.525 -0.027 0.841 0.54
85.768 76.882 73.023 -0.671 0.487 0.559
85.326 77.082 72.353 -0.821 -0.125 0.558
85.496 76.59 72.75 -0.934 0.204 0.294
85.4 76.156 73.23 -0.869 0.493 -0.027
85.436 76.264 72.398 -0.992 -0.113 -0.048
86.118 76.564 73.977 -0.356 0.785 0.507
86.379 76.936 73.752 -0.53 0.536 0.657
86.554 76.384 74.322 -0.045 0.656 0.753
86.894 76.723 74.16 -0.272 0.43 0.861
86.942 75.997 74.521 0.232 0.38 0.895
87.354 76.265 74.396 -0.042 0.201 0.979
87.209 75.478 74.535 0.423 0.009 0.906
87.67 75.651 74.413 0.116 -0.106 0.988
87.074 77.576 73.407 -0.182 0.856 0.484
86.945 77.95 72.949 -0.096 0.606 0.789
91.247 77.069 72.289 0.344 0.22 0.913
91.667 76.395 71.979 0.676 -0.312 0.668
92.301 82.718 60.565 0.5 0.814 -0.296
91.924 82.951 60.07 0.751 0.659 0.034
91.768 83.378 59.584 0.856 0.374 0.358
92.367 82.535 60.404 0.64 0.424 -0.641
91.963 82.841 59.972 0.909 0.221 -0.353
91.828 83.211 59.437 1 -0.026 0.004
93.49 81.911 60.723 0.625 0.227 -0.747
93.279 81.498 60.205 0.765 0.503 -0.402
92.104 82.361 59.757 0.815 0.54 -0.209
91.851 82.937 59.313 0.984 0.157 0.087
92.098 82.201 59.544 0.806 0.326 -0.494
91.845 82.794 59.123 0.974 -0.069 -0.213
92.144 81.139 59.025 0.706 0.312 -0.636
92.148 81.117 59.019 0.709 0.298 -0.639
91.671 81.451 57.926 0.999 0.009 -0.031
91.364 80.811 57.414 0.761 -0.487 -0.428
91.29 80.69 57.404 0.811 -0.406 -0.422
91.202 80.632 57.315 0.713 -0.47 -0.52
90.919 80.092 57.161 0.902 -0.109 -0.418
90.789 80.148 56.586 0.989 -0.147 -0.034
90.899 79.358 57.671 0.374 -0.598 -0.709
90.628 79.567 57.187 0.554 -0.737 -0.386
90.487 79.604 56.613 0.648 -0.762 -0.004
90.498 79.462 56.038 0.641 -0.667 0.38
90.076 79.374 57.322 -0.106 -0.969 -0.225
89.915 79.403 56.753 0.001 -0.988 0.155
91.003 80.717 56.397 0.846 -0.526 0.092
90.991 81.328 55.754 0.834 0.081 -0.546
90.603 81.26 54.444 0.962 -0.139 -0.235
90.154 80.864 53.972 0.552 -0.501 -0.667
88.876 79.721 54.042 0.504 -0.239 -0.83
88.799 79.148 54.544 0.421 -0.861 -0.285
88.855 79.124 54.674 0.384 -0.845 -0.372
89.337 79.024 55.586 -0.189 -0.98 0.057
88.676 78.981 55.409 0.251 -0.952 0.176
88.095 78.64 55.286 0.639 -0.725 0.257
88.465 79.281 56.084 0.094 -0.728 0.679
88.354 79.329 56.161 0.168 -0.76 0.628
88.353 79.332 56.164 0.167 -0.757 0.632
86.903 78.61 56.174 0.008 -0.9 0.436
86.873 78.473 55.947 0.028 -0.808 0.588
86.233 79.085 56.449 -0.551 -0.504 0.665
86.011 79.083 56.3 -0.403 -0.503 0.764
86.969 80.142 57.038 -0.651 -0.069 0.756
87.277 80.421 57.499 -0.856 -0.255 0.449
87.408 79.689 57.018 -0.055 -0.682 0.729
87.716 79.968 57.479 -0.261 -0.868 0.422
87.226 80.517 57.465 -0.822 -0.319 0.471
86.864 80.313 56.983 -0.581 -0.183 0.793
87.152 80.768 57.424 -0.904 -0.043 0.425
86.781 80.595 56.936 -0.657 0.073 0.75
87.378 78.269 54.165 0.281 -0.911 -0.303
87.524 78.356 53.958 0.184 -0.969 -0.165
86.431 78.92 52.975 0.276 -0.821 -0.5
86.269 78.81 53.097 0.183 -0.884 -0.431
85.972 78.687 55.919 -0.422 -0.702 0.574
85.348 78.719 55.744 -0.006 -0.723 0.69
85.883 79.295 56.351 -0.467 -0.398 0.79
85.259 79.327 56.176 -0.051 -0.419 0.906
85.886 81.005 56.562 -0.244 -0.235 0.941
85.633 81.538 56.768 -0.074 -0.59 0.804
86.013 81.051 56.599 -0.152 -0.202 0.967
85.76 81.584 56.805 0.017 -0.557 0.83
85.202 81.48 56.764 0.213 -0.552 0.806
84.666 82.016 57.248 -0.24 -0.793 0.559
84.617 81.564 56.819 -0.207 -0.492 0.846
84.514 80.983 56.61 -0.138 -0.105 0.985
84.077 81.727 56.632 -0.593 -0.375 0.712
84.043 83.126 57.729 -0.551 -0.239 0.8
84.078 83.61 58.034 -0.574 -0.561 0.596
84.727 82.928 57.965 -0.209 -0.338 0.918
84.762 83.412 58.27 -0.232 -0.66 0.714
86.141 83.094 58.117 -0.279 -0.51 0.814
86.711 83.138 58.552 -0.66 -0.539 0.524
86.162 83.05 58.095 -0.262 -0.547 0.795
86.732 83.093 58.529 -0.642 -0.576 0.505
86.686 83.308 58.734 -0.642 -0.652 0.402
86.136 83.437 58.415 -0.276 -0.738 0.615
86.616 84.039 59.15 -0.694 -0.11 0.711
86.066 84.168 58.83 -0.328 -0.196 0.924
86.502 84.819 59.512 -0.619 -0.63 0.47
86.017 84.62 58.993 -0.295 -0.497 0.816
86.334 85.095 59.563 -0.764 -0.39 0.514
85.849 84.897 59.044 -0.441 -0.258 0.86
86.976 85.34 61.473 -0.686 -0.334 0.646
87.173 85.569 61.98 -0.817 -0.487 0.308
86.619 86.381 61.43 -0.742 -0.427 0.517
86.618 86.412 61.453 -0.743 -0.409 0.53
87.254 86.034 62.516 -0.776 -0.255 0.577
87.048 86.578 62.693 -0.639 -0.617 0.459
87.788 86.073 63.018 -0.51 -0.235 0.828
87.582 86.617 63.195 -0.372 -0.598 0.71
88.136 85.732 63.064 -0.335 -0.405 0.85
88.606 85.388 63.229 -0.649 -0.176 0.74
88.597 86.337 63.364 -0.283 -0.229 0.931
89.073 86.657 63.472 0.015 -0.029 0.999
89.123 86.914 63.502 -0.018 -0.2 0.98
90.158 86.538 63.373 0.264 0.501 0.825
89.749 87.204 63.347 0.537 0.056 0.842
89.558 87.893 63.665 0.664 -0.403 0.63
90.122 87.503 62.826 0.868 0.321 0.38
90.273 87.363 62.66 0.767 0.414 0.49
90.443 87.427 62.158 0.873 0.454 0.176
90.972 86.791 61.691 0.742 0.649 -0.165
90.681 87.241 61.41 0.937 0.349 0.023
90.463 87.659 61.253 0.828 0.558 -0.055
90.257 88.203 61.43 0.965 0.195 -0.172
90.174 87.77 60.572 0.683 0.614 -0.395
89.968 88.315 60.749 0.821 0.251 -0.513
90.094 87.33 60.05 0.643 0.394 -0.657
89.897 87.101 59.543 0.775 0.546 -0.319
89.363 86.546 58.304 0.295 0.796 -0.529
89.616 86.285 57.826 0.127 0.969 -0.21
90.012 86.242 58.76 0.819 0.551 -0.161
90.22 86.003 58.251 0.68 0.711 0.179
90.23 86 58.81 0.674 0.713 -0.194
90.387 85.872 59.065 0.777 0.629 -0.027
91.304 85.37 57.924 0.625 0.779 -0.054
91.075 85.677 57.458 0.778 0.574 0.257
91.591 84.92 57.392 0.769 0.554 -0.32
91.317 85.297 57.009 0.951 0.302 -0.065
91.531 84.422 56.829 0.739 0.304 -0.601
91.267 84.876 56.533 0.915 0.001 -0.404
91.552 83.751 56.709 0.749 -0.031 -0.661
91.466 83.17 56.425 0.806 0.356 -0.472
91.825 83.489 57.163 0.886 -0.162 -0.435
91.739 82.908 56.879 0.943 0.225 -0.245
91.93 83.221 57.679 0.939 -0.296 -0.177
91.845 82.64 57.395 0.996 0.091 0.013
91.766 82.415 58.733 0.964 -0.05 -0.26
91.796 82.535 58.875 0.988 0.046 -0.148
92.004 84.246 57.964 0.976 0.216 -0.034
92.049 84.195 58.223 0.946 0.25 -0.207
91.814 82.65 58.974 0.976 -0.031 -0.214
91.824 82.682 59.03 0.988 0.005 -0.151
91.751 82.086 58.564 0.974 0.169 -0.148
91.739 81.761 58.43 0.965 -0.078 -0.249
90.919 83.942 56.182 0.686 0.113 -0.718
90.779 83.937 56.064 0.59 0.109 -0.8
90.538 83.169 55.205 0.75 0.621 -0.227
91.17 82.843 55.914 0.658 0.192 -0.728
90.755 82.744 55.186 0.935 0.258 -0.243
90.783 82.767 54.344 0.916 0.242 0.319
90.783 82.268 55.188 0.959 -0.149 -0.242
90.868 82.048 55.472 0.902 -0.002 -0.431
90.873 82.008 55.484 0.905 -0.026 -0.424
91.765 82.583 56.797 0.956 0.063 -0.286
91.792 82.321 56.745 0.938 0.237 -0.252
90.922 81.914 55.578 0.873 0.037 -0.487
90.927 81.686 55.617 0.877 -0.157 -0.455
90.274 83.555 55.006 0.927 0.363 -0.095
90.365 84.017 55.61 0.866 0.055 -0.498
90.02 83.818 54.843 0.532 0.772 -0.347
90.112 84.28 55.448 0.471 0.464 -0.75
89.9 83.854 54.707 0.613 0.748 -0.256
89.85 84.28 55.233 0.645 0.464 -0.607
89.416 83.825 53.916 -0.06 0.998 0.013
89.403 83.97 54.579 -0.051 0.902 -0.429
89.375 84.39 55.11 -0.032 0.621 -0.783
89.336 85.002 55.401 -0.007 0.214 -0.977
88.923 83.796 54.701 -0.694 0.669 -0.265
88.914 84.224 55.227 -0.688 0.384 -0.615
88.196 83.34 54.443 -0.21 0.973 -0.093
87.611 83.398 54.765 0.18 0.934 -0.307
87.08 83.736 54.995 0.534 0.709 -0.46
88.075 83.247 54.256 -0.408 0.821 -0.399
87.512 83.322 54.611 -0.032 0.771 -0.636
86.938 83.628 54.776 0.35 0.567 -0.745
88.032 83.091 53.638 -0.379 0.925 0.013
87.456 82.987 53.496 0.005 0.994 0.107
86.88 83.124 53.381 0.389 0.903 0.184
88.645 83.242 53.146 -0.611 0.582 -0.537
88.111 82.983 53.247 -0.255 0.754 -0.605
87.515 82.906 53.202 0.142 0.806 -0.575
86.953 83.024 53.018 0.517 0.727 -0.452
86.517 83.318 52.725 0.808 0.531 -0.257
88.137 82.636 53.026 -0.213 0.205 -0.955
87.535 82.645 53.036 0.188 0.199 -0.962
86.978 82.701 52.813 0.559 0.161 -0.813
88.114 82.539 53.007 -0.198 0.269 -0.942
87.487 82.472 52.979 0.22 0.314 -0.924
86.919 82.489 52.706 0.598 0.303 -0.742
88.136 82.283 52.978 -0.167 -0.085 -0.982
87.507 82.247 52.953 0.252 -0.061 -0.966
86.945 82.194 52.673 0.627 -0.027 -0.779
88.19 82.015 52.967 -0.203 0.093 -0.975
87.603 81.76 52.924 0.188 0.263 -0.946
87.068 81.577 52.623 0.545 0.385 -0.745
88.273 81.812 52.966 -0.083 -0.2 -0.976
87.675 81.584 52.924 0.315 -0.048 -0.948
87.164 81.343 52.622 0.656 0.113 -0.747
88.26 81.72 52.983 -0.075 -0.139 -0.988
87.649 81.411 52.913 0.332 0.068 -0.941
87.143 81.123 52.546 0.669 0.26 -0.696
88.318 81.572 53.035 0.069 -0.506 -0.86
87.679 81.335 52.939 0.495 -0.349 -0.796
87.195 80.989 52.592 0.817 -0.118 -0.565
88.563 81.327 53.147 -0.095 -0.343 -0.935
88.125 80.924 53.211 0.197 -0.074 -0.978
88.85 81.057 53.305 0.167 -0.59 -0.79
88.432 80.634 53.381 0.445 -0.308 -0.841
88.532 80.522 53.463 0.379 -0.233 -0.895
88.73 80.212 53.693 0.501 -0.424 -0.754
88.661 80.095 53.704 0.547 -0.347 -0.762
88.725 80.004 53.805 0.604 -0.428 -0.672
87.187 79.814 52.643 0.713 -0.187 -0.676
86.915 79.413 52.664 0.405 -0.641 -0.652
86.875 79.297 52.742 0.432 -0.563 -0.705
86.567 78.95 52.988 0.185 -0.841 -0.508
85.892 79.519 51.479 0.407 -0.553 -0.727
86.118 79.662 51.464 0.256 -0.648 -0.717
85.772 80.373 51.074 0.346 -0.127 -0.93
86.024 80.326 51.149 0.178 -0.095 -0.979
86.226 81.152 51.381 0.573 0.263 -0.776
86.377 80.932 51.388 0.473 0.41 -0.78
87.171 79.941 52.581 0.724 -0.272 -0.634
87.246 80.529 52.634 0.783 0.189 -0.593
86.309 81.476 51.605 0.615 0.425 -0.664
86.176 82.112 51.674 0.704 0.002 -0.71
85.797 81.409 51.238 0.359 0.391 -0.847
85.664 82.044 51.307 0.448 -0.032 -0.893
84.858 81.754 51.081 0.289 0.037 -0.957
84.096 81.316 51.114 -0.239 -0.266 -0.934
84.735 80.075 51.041 -0.172 -0.276 -0.946
84.185 79.824 51.085 0.195 -0.108 -0.975
84.991 79.36 51.387 -0.044 -0.633 -0.773
84.401 79.22 51.377 0.349 -0.539 -0.766
85.012 78.839 52.038 -0.033 -0.894 -0.448
84.419 78.779 51.927 0.362 -0.854 -0.374
85.364 78.659 52.711 0.143 -0.984 -0.111
85.485 78.462 53.324 0.062 -0.852 -0.52
84.466 78.603 53.223 -0.027 -0.969 -0.246
84.163 78.628 53.403 -0.32 -0.945 -0.07
83.998 78.651 53.577 -0.21 -0.96 -0.186
83.626 78.92 54.161 -0.599 -0.679 0.426
84.537 78.512 55.232 -0.415 -0.619 0.667
84.535 78.691 55.431 -0.413 -0.738 0.534
84.407 79.745 56.07 -0.477 -0.211 0.853
84.217 80.308 56.254 -0.35 -0.586 0.731
83.706 80.753 56.135 -0.715 -0.269 0.646
83.253 81.11 55.969 -0.413 -0.507 0.757
82.963 80.189 54.475 -0.564 -0.531 0.632
82.56 80.513 54.157 -0.883 -0.274 0.38
82.531 82.045 55.719 -0.774 -0.04 0.632
82.167 83.005 55.909 -0.532 -0.68 0.505
82.06 82.525 55.074 -0.844 -0.372 0.387
81.923 82.621 54.712 -0.948 -0.299 0.113
81.313 83.845 55.125 -0.959 -0.26 0.114
81.168 83.851 54.648 -0.863 -0.264 0.432
81.262 84.688 55.035 -0.984 0.162 0.068
81.125 84.564 54.572 -0.893 0.245 0.377
81.68 84.674 56.121 -0.776 0.155 0.612
81.837 85.19 56.387 -0.881 -0.189 0.435
82.396 85.65 57.312 -0.937 -0.064 0.343
82.089 85.533 56.805 -0.733 0.014 0.681
82.729 86.507 57.672 -0.77 0.365 0.523
82.934 86.941 57.834 -0.907 0.076 0.415
83.227 86.175 58.286 -0.521 0.198 0.83
83.355 86.66 58.353 -0.606 -0.125 0.786
84.606 86.365 58.79 -0.518 -0.082 0.851
85.026 86.66 59.265 -0.798 -0.279 0.534
84.81 86.039 58.813 -0.354 -0.345 0.869
85.229 86.335 59.288 -0.633 -0.542 0.553
83.784 85.15 58.462 -0.243 -0.314 0.918
84.194 84.702 58.554 -0.516 -0.015 0.856
83.392 84.711 58.072 -0.439 -0.533 0.723
83.801 84.263 58.164 -0.712 -0.234 0.662
85.138 85.67 58.896 -0.573 -0.099 0.814
85.41 86.126 59.337 -0.754 -0.402 0.52
85.38 85.443 58.981 -0.381 -0.279 0.882
85.651 85.899 59.422 -0.562 -0.582 0.587
85.463 85.221 58.968 -0.437 -0.131 0.89
85.837 85.512 59.326 -0.686 -0.325 0.651
85.644 84.976 58.983 -0.304 -0.311 0.901
86.012 85.275 59.34 -0.549 -0.51 0.662
84.974 86.862 59.323 -0.764 -0.413 0.496
84.563 86.75 58.861 -0.489 -0.338 0.804
84.946 86.929 59.331 -0.787 -0.357 0.503
84.537 86.812 58.869 -0.514 -0.279 0.811
85.12 87.395 60.346 -0.936 -0.15 0.317
84.817 87.712 59.961 -0.735 -0.361 0.574
85.239 87.915 60.647 -0.877 0.11 0.467
84.927 88.196 60.24 -0.67 -0.077 0.739
85.559 87.85 61.098 -0.717 0.078 0.693
85.851 88.136 61.543 -0.911 -0.113 0.396
86.481 88.003 62.523 -0.923 0.095 0.374
86.176 88.231 62.045 -0.72 -0.057 0.692
87.113 88.589 63.164 -0.606 0.388 0.694
87.458 88.802 63.47 -0.836 0.246 0.49
87.371 87.895 63.53 -0.478 0.041 0.878
87.676 88.216 63.779 -0.681 -0.173 0.712
87.978 87.358 63.691 -0.174 -0.227 0.958
88.189 87.762 63.915 -0.315 -0.497 0.809
87.278 89.41 62.49 -0.525 0.609 0.595
87.913 89.79 62.056 0.096 0.981 0.17
89.033 89.741 62.395 0.288 0.917 -0.277
88.977 89.7 61.892 0.326 0.944 0.058
89.631 89.377 62.449 0.716 0.656 -0.239
89.685 89.269 61.955 0.68 0.728 0.09
89.979 88.821 62.7 0.964 0.259 -0.059
90.097 88.611 62.253 0.885 0.399 0.239
88.935 89.479 60.852 0.304 0.833 -0.462
88.458 89.603 60.492 0.622 0.751 -0.222
88.011 89.387 59.396 0.509 0.846 -0.158
88.131 89.564 59.961 0.43 0.728 -0.534
87.642 89.384 58.859 0.324 0.844 -0.426
87.162 89.561 58.578 0.644 0.726 -0.239
87.747 88.892 58.299 0.377 0.599 -0.707
87.26 89.104 58.057 0.702 0.458 -0.545
87.63 88.263 57.903 0.318 0.284 -0.905
87.15 88.518 57.689 0.638 0.113 -0.762
88.016 87.772 57.995 0.511 0.039 -0.858
88.161 87.217 57.927 0.415 0.409 -0.813
86.98 87.389 57.65 0.37 0.068 -0.927
86.942 87.333 57.633 0.338 0.02 -0.941
87.054 86.59 57.445 0.263 0.516 -0.815
86.718 86.332 57.029 0.487 0.688 -0.538
87.237 86.401 57.417 0.405 0.368 -0.837
86.906 86.137 57.001 0.626 0.544 -0.559
88.073 86.235 57.459 -0.152 0.478 -0.865
88.437 85.868 57.013 -0.395 0.723 -0.567
88.356 86.378 57.562 0.169 0.641 -0.749
88.696 86 57.107 -0.057 0.894 -0.445
88.493 86.475 57.658 0.078 0.577 -0.813
88.938 86.157 57.301 -0.219 0.788 -0.575
88.971 86.635 58.087 0.557 0.736 -0.385
89.396 86.31 57.712 0.273 0.953 -0.134
89.763 85.975 56.263 -0.159 0.786 -0.597
89.424 85.816 56.037 0.067 0.892 -0.446
90.155 85.555 55.888 0.121 0.487 -0.865
89.785 85.43 55.692 0.368 0.57 -0.734
88.01 85.497 56.486 -0.11 0.97 -0.216
87.306 85.596 56.508 0.359 0.904 -0.231
87.974 84.918 55.905 -0.157 0.227 -0.961
87.265 84.94 55.85 0.316 0.213 -0.924
87.956 84.663 55.823 -0.144 0.397 -0.906
87.225 84.508 55.655 0.343 0.501 -0.795
88 84.52 55.773 -0.079 0.186 -0.979
87.275 84.344 55.598 0.404 0.304 -0.863
85.575 84.107 53.919 0.397 0.803 -0.445
85.607 84.093 53.922 0.418 0.794 -0.443
85.74 84.021 53.902 0.329 0.841 -0.429
86.265 83.678 54.072 0.799 0.534 -0.277
86.025 83.515 52.314 0.397 0.695 -0.599
85.826 83.508 52.134 0.529 0.7 -0.48
85.118 84.306 53.612 0.702 0.671 -0.241
84.45 84.367 52.967 0.283 0.709 -0.646
85.257 83.418 51.664 0.245 0.655 -0.715
84.739 83.464 51.359 0.59 0.624 -0.512
85.326 82.703 51.268 0.279 0.297 -0.913
84.797 82.86 51.025 0.632 0.193 -0.751
83.955 83.756 51.302 0.03 0.833 -0.553
83.676 83.998 51.536 0.216 0.671 -0.709
83.387 83.409 51.069 -0.376 0.585 -0.719
83.153 83.678 51.322 -0.22 0.405 -0.887
82.884 82.931 51.191 -0.735 0.244 -0.632
82.69 83.238 51.434 -0.606 0.039 -0.794
82.592 82.464 51.63 -0.944 -0.09 -0.319
82.421 82.808 51.838 -0.83 -0.32 -0.457
82.571 82.027 52.915 -0.921 -0.24 -0.308
82.602 81.941 52.903 -0.89 -0.325 -0.321
82.754 81.287 52.531 -0.991 0.112 -0.073
82.789 81.202 52.321 -0.95 0.016 -0.311
82.845 81.258 52.092 -0.987 -0.022 -0.158
83.073 81.829 51.254 -0.6 -0.544 -0.587
83.184 81.17 51.471 -0.673 -0.104 -0.732
83.073 80.476 51.448 -0.599 0.358 -0.716
83.84 81.13 51.195 -0.067 -0.141 -0.988
82.595 79.885 51.985 -0.941 -0.064 -0.332
82.394 79.841 52.37 -0.807 -0.035 -0.59
82.808 79.201 52.072 -0.788 -0.553 -0.27
82.59 79.212 52.451 -0.643 -0.559 -0.523
83.257 78.739 52.397 -0.468 -0.883 -0.038
83.003 78.786 52.75 -0.299 -0.914 -0.274
82.5 81.128 53.211 -0.822 0.218 -0.527
82.245 80.267 53.288 -0.931 0.32 0.175
82.341 80.861 53.638 -0.995 -0.075 -0.058
82.117 81.43 53.969 -0.846 -0.455 -0.279
82.488 80.617 54.082 -0.835 -0.344 0.43
82.468 82.229 53 -0.852 -0.375 -0.365
82.385 82.388 53.089 -0.94 -0.207 -0.271
82.037 82.659 53.568 -0.708 -0.387 -0.591
81.844 82.697 54.465 -0.895 -0.35 0.278
82.107 83.017 52.976 -0.755 -0.626 -0.196
81.596 83.678 53.016 -0.557 -0.388 -0.734
82.018 83.442 52.656 -0.838 -0.23 -0.495
82.236 83.15 52.177 -0.984 -0.035 -0.175
81.77 84.231 52.782 -0.433 0.007 -0.901
82.168 83.918 52.454 -0.698 0.215 -0.683
82.396 83.658 51.962 -0.851 0.388 -0.354
82.177 84.703 52.745 -0.142 0.344 -0.928
82.519 84.326 52.422 -0.37 0.595 -0.713
82.771 84.093 51.927 -0.538 0.751 -0.383
82.982 84.56 52.568 0.062 0.814 -0.577
82.308 85.374 53.253 -0.049 0.823 -0.565
82.661 85.647 53.473 -0.285 0.641 -0.712
82.039 85.855 54.209 -0.521 0.633 -0.572
81.635 85.595 54.656 -0.916 0.379 -0.135
83.212 87.426 56.046 -0.233 0.93 -0.286
82.429 87.205 55.903 -0.271 0.9 0.342
82.87 87.318 56.371 -0.565 0.825 0.03
83.151 87.665 56.849 -0.752 0.593 -0.289
82.647 87.016 56.677 -0.782 0.532 0.326
84.204 87.903 56.348 0.001 0.763 -0.647
84.233 87.646 55.913 -0.019 0.934 -0.357
85.234 88.048 56.922 0.2 0.58 -0.79
84.854 88.325 57.206 -0.153 0.837 -0.526
84.885 88.435 57.35 -0.174 0.763 -0.622
83.881 88.191 57.388 -0.23 0.968 0.096
84.41 88.463 57.838 -0.582 0.787 -0.204
84.722 89.026 58.213 -0.79 0.412 -0.454
83.59 87.853 57.993 -0.438 0.727 0.529
84.145 88.156 58.387 -0.809 0.525 0.266
84.401 88.654 58.879 -0.979 0.193 -0.062
83.631 87.262 58.457 -0.408 0.305 0.86
84.183 87.621 58.808 -0.776 0.066 0.627
84.447 88.004 59.39 -0.952 -0.19 0.239
84.51 87.041 58.955 -0.496 -0.431 0.754
86.277 88.753 57.352 0.124 0.251 -0.96
86.083 88.487 57.213 0.253 0.428 -0.867
85.301 87.845 56.758 0.155 0.716 -0.681
86.068 87.206 56.909 0.819 0.163 -0.551
86.275 87.186 57.149 0.681 0.176 -0.711
86.259 86.674 56.839 0.691 0.518 -0.504
86.335 87.152 57.203 0.743 0.141 -0.654
86.326 86.636 56.899 0.749 0.485 -0.452
86.312 86.08 55.84 0.543 0.674 -0.501
85.902 86.528 55.747 0.816 0.375 -0.439
86.083 85.772 55.363 0.428 0.52 -0.739
85.673 86.221 55.271 0.701 0.221 -0.677
85.24 85.261 54.696 0.593 0.418 -0.688
85.242 85.257 54.695 0.594 0.416 -0.689
83.694 85.992 53.832 0.231 0.814 -0.533
83.709 86.414 54.258 0.221 0.532 -0.817
83.96 86.758 54.678 0.368 0.734 -0.571
84.409 86.967 55.024 0.069 0.594 -0.801
83.218 84.647 52.672 -0.095 0.756 -0.647
84.035 84.488 52.807 0.56 0.629 -0.539
87.02 89.799 59.769 0.352 0.893 -0.281
86.977 89.819 59.783 0.316 0.91 -0.27
86.375 89.919 58.476 0.182 0.937 -0.299
86.153 90.08 58.705 0.33 0.829 -0.451
85.633 89.734 58.136 -0.254 0.828 -0.499
85.532 89.926 58.42 -0.187 0.701 -0.689
84.902 89.372 58.321 -0.685 0.615 -0.39
84.92 89.623 58.575 -0.697 0.448 -0.559
84.502 88.992 58.951 -0.92 0.392 -0.019
84.586 89.305 59.102 -0.976 0.183 -0.12
84.611 88.761 59.748 -0.856 0.256 0.45
84.677 89.112 59.769 -0.9 0.022 0.436
85.581 88.934 60.688 -0.788 0.166 0.593
85.588 88.955 60.691 -0.782 0.184 0.596
85.629 89.146 60.707 -0.809 0.057 0.585
86.115 89.836 61.112 -0.785 0.617 0.057
85.833 89.743 60.556 -0.597 0.679 0.427
85.393 89.83 60.113 -0.303 0.621 0.723
86.645 90.178 60.727 -0.343 0.901 -0.265
86.299 90.043 60.217 -0.112 0.991 0.075
85.923 90.171 59.728 0.138 0.905 0.401
86.814 89.908 59.845 0.424 0.851 -0.312
93.615 80.175 62.092 0.962 -0.096 -0.255
93.633 80.204 62.158 0.981 -0.065 -0.184
93.576 79.863 61.864 0.988 0.112 -0.102
93.576 79.861 61.862 0.988 0.11 -0.104
89.657 65.111 74.543 -0.334 -0.923 -0.189
89.55 65.121 73.876 -0.263 -0.93 0.255
89.448 65.211 74.575 -0.557 -0.816 -0.156
89.361 65.212 73.905 -0.499 -0.817 0.291
88.578 79.294 59.414 -0.717 -0.685 0.129
88.599 79.287 59.681 -0.731 -0.681 -0.049
91.367 61.94 65.526 0.151 -0.864 0.48
90.809 61.944 65.322 -0.436 -0.86 0.265
89.306 71.306 58.838 0.485 0.863 0.144
89.306 71.377 58.579 0.484 0.816 0.316
89.913 70.783 58.292 0.789 0.601 -0.129
89.779 70.97 58.155 0.878 0.477 -0.038
89.676 70.511 57.392 0.67 0.465 -0.579
89.594 70.758 57.455 0.724 0.3 -0.621
88.82 70.751 57.002 0.242 0.585 -0.774
88.929 70.945 57.151 0.17 0.456 -0.874
87.465 70.997 57.061 0.237 0.867 -0.437
87.603 70.789 56.822 0.337 0.716 -0.611
84.377 68.132 63.095 -0.953 -0.258 -0.16
84.311 68.345 63.034 -0.908 -0.401 -0.119
84.335 68.871 63.808 -0.974 0.112 0.197
84.278 68.92 63.589 -0.936 0.079 0.343
84.626 69.768 63.398 -0.828 0.56 -0.008
84.504 69.618 63.27 -0.747 0.66 0.077
84.159 71.731 58.518 -0.674 0.248 0.696
84.16 72.051 58.297 -0.673 0.566 0.476
81.713 70.144 51.927 -0.662 0.573 -0.484
81.533 69.783 51.518 -0.542 0.813 -0.211
82.219 70.256 51.572 -0.409 0.629 -0.662
82.004 69.887 51.188 -0.265 0.875 -0.405
82.78 70.176 51.299 -0.129 0.589 -0.798
82.525 69.812 50.934 0.041 0.831 -0.555
83.328 69.913 51.14 0.146 0.457 -0.878
83.035 69.568 50.786 0.341 0.687 -0.642
83.8 69.498 51.115 0.381 0.249 -0.89
83.473 69.182 50.763 0.599 0.46 -0.655
84.139 68.98 51.226 0.551 -0.01 -0.835
83.788 68.7 50.866 0.784 0.177 -0.595
84.304 68.42 51.46 0.634 -0.289 -0.717
83.942 68.18 51.084 0.875 -0.129 -0.467
84.278 67.886 51.79 0.62 -0.557 -0.553
83.918 67.683 51.391 0.86 -0.422 -0.286
80.801 68.295 50.711 -0.534 0.734 -0.419
80.893 68.282 50.592 -0.463 0.724 -0.511
81.036 68.29 50.447 -0.558 0.718 -0.415
81.843 68.849 50.356 -0.36 0.264 -0.895
81.496 68.24 50.109 -0.129 0.671 -0.73
81.101 67.877 49.594 0.134 0.913 -0.386
82.448 68.482 50.179 -0.004 0.048 -0.999
81.97 67.952 49.971 0.315 0.402 -0.86
81.608 67.57 49.445 0.556 0.656 -0.51
82.895 67.919 50.307 0.259 -0.283 -0.923
82.32 67.511 50.071 0.643 -0.011 -0.766
81.982 67.099 49.552 0.868 0.264 -0.42
82.444 67.046 50.381 0.758 -0.445 -0.476
82.46 66.897 50.519 0.747 -0.346 -0.568
82.489 66.81 50.622 0.769 -0.413 -0.488
81.791 65.96 49.539 0.741 -0.194 -0.643
81.813 66.287 49.398 0.727 -0.412 -0.549
81.157 65.958 49.085 0.368 -0.195 -0.909
81.282 66.286 49.019 0.285 -0.413 -0.865
80.49 66.333 48.932 -0.024 0.026 -0.999
80.724 66.599 48.891 -0.18 -0.152 -0.972
80.046 66.94 49.137 -0.285 0.383 -0.879
80.353 67.107 49.062 -0.489 0.271 -0.829
79.994 67.548 49.622 -0.316 0.741 -0.593
80.309 67.616 49.468 -0.526 0.695 -0.491
78.921 66.37 50.092 -0.947 0.048 -0.317
78.878 66.021 50.032 -0.919 0.281 -0.277
79.378 66.267 49.382 -0.678 -0.013 -0.735
79.261 65.934 49.438 -0.6 0.208 -0.772
80.028 65.808 49.08 -0.296 -0.283 -0.912
79.805 65.551 49.186 -0.147 -0.111 -0.983
80.575 65.204 49.323 0.026 -0.638 -0.769
80.263 65.045 49.389 0.235 -0.533 -0.813
80.771 64.728 50.001 0.141 -0.918 -0.37
80.426 64.647 49.956 0.371 -0.864 -0.34
80.792 63.452 57.553 0.613 0.718 -0.329
80.863 63.408 57.596 0.662 0.687 -0.299
81.137 63.2 57.596 0.479 0.825 -0.299
81.228 63.174 57.695 0.553 0.804 -0.219
81.177 63.283 57.888 0.587 0.731 -0.348
81.559 62.979 57.563 0.332 0.934 -0.132
81.403 63.105 58.305 0.838 0.532 0.119
81.776 62.807 57.966 0.589 0.731 0.345
81.068 64.321 59.147 0.814 0.258 -0.521
80.384 64.383 58.366 0.361 0.867 -0.344
80.488 64.736 58.927 0.291 0.632 -0.718
80.68 65.277 59.273 0.164 0.271 -0.949
79.762 64.834 59.068 -0.363 0.72 -0.591
81.736 64.613 60.124 0.918 -0.203 -0.341
81.71 63.926 59.981 0.935 0.255 -0.246
81.722 63.828 60.945 0.975 0.179 0.132
81.278 63.87 61.668 0.568 0.217 0.794
80.023 64.784 62.239 0.566 -0.191 0.802
79.571 64.803 62.759 0.867 -0.204 0.455
79.394 64.757 63.424 0.985 -0.173 0.012
80.449 65.465 61.881 -0.001 0.405 0.914
79.926 65.144 62.195 0.347 0.618 0.705
79.513 65.02 62.733 0.623 0.701 0.346
79.297 65.117 63.38 0.767 0.636 -0.085
79.324 65.417 64.001 0.749 0.437 -0.499
79.608 65.256 62.029 -0.367 0.869 0.331
79.321 65.087 62.633 -0.176 0.982 -0.071
78.979 65.229 63.214 0.052 0.887 -0.458
79.07 65.477 61.489 -0.008 0.722 0.692
79.069 65.478 61.488 -0.008 0.723 0.691
79.018 65.582 61.389 0.026 0.653 0.757
79.759 66.082 60.881 -0.495 0.846 0.2
79.003 65.881 60.88 0.009 0.98 0.201
78.251 66.08 60.96 0.51 0.847 0.148
78.961 65.807 60.295 -0.037 0.899 -0.437
78.169 65.383 62.25 0.59 0.786 0.185
78.31 65.355 63.016 0.496 0.805 -0.326
77.99 65.461 62.284 0.245 0.937 0.251
78.12 65.437 63.052 0.158 0.952 -0.261
77.67 65.588 62.278 0.458 0.852 0.255
77.564 65.651 63.04 0.529 0.81 -0.253
77.424 65.67 62.231 0.064 0.982 0.18
77.287 65.742 62.988 0.156 0.933 -0.324
78.397 65.328 63.071 0.438 0.823 -0.363
78.29 65.281 62.369 0.509 0.854 0.105
78.399 65.327 63.071 0.439 0.822 -0.363
78.292 65.28 62.369 0.51 0.853 0.105
79.373 64.45 63.486 0.999 0.031 -0.029
79.506 64.253 62.871 0.91 0.163 0.381
79.903 64.103 62.367 0.646 0.263 0.717
79.308 64.16 63.55 0.892 -0.446 0.076
79.454 64.02 62.922 0.795 -0.352 0.494
79.83 63.778 62.438 0.544 -0.191 0.817
78.546 63.423 63.787 0.796 -0.6 -0.078
78.544 63.42 63.791 0.794 -0.603 -0.074
78.706 63.198 64.532 0.686 -0.455 -0.568
78.629 62.564 64.692 0.737 -0.033 -0.675
78.765 61.922 64.658 0.646 0.396 -0.652
78.831 63.263 65.035 0.896 -0.344 0.28
78.727 62.616 65.086 0.966 0.088 0.245
78.902 61.994 65.209 0.849 0.503 0.163
78.783 63.233 65.179 0.928 -0.324 0.184
78.693 62.543 65.357 0.989 0.136 0.065
79.004 63.982 65.566 0.52 -0.588 0.619
78.638 63.364 65.564 0.764 -0.176 0.621
78.535 62.685 65.776 0.833 0.277 0.479
78.719 62.101 66.153 0.71 0.666 0.228
78.322 63.504 65.823 0.406 -0.017 0.914
78.192 62.838 66.057 0.493 0.428 0.758
77.977 64.022 66.171 0.636 -0.362 0.682
77.561 63.765 66.653 0.913 -0.191 0.36
77.432 63.449 67.249 0.999 0.02 -0.037
77.942 64.17 66.234 0.551 0.001 0.834
77.543 63.842 66.686 0.817 0.22 0.533
77.401 63.582 67.305 0.912 0.393 0.12
78.624 65.251 65.98 0.249 0.318 0.915
78.017 65.414 66.261 0.653 0.21 0.728
77.461 64.157 66.75 0.872 0.009 0.49
77.336 63.753 67.339 0.955 0.279 0.098
77.198 64.493 66.944 0.559 0.41 0.721
77.1 64.055 67.513 0.625 0.702 0.342
77.112 64.58 66.969 0.616 0.352 0.704
76.939 64.204 67.548 0.732 0.603 0.318
77.027 64.66 66.995 0.54 0.423 0.728
76.852 64.285 67.575 0.656 0.673 0.341
76.933 64.93 66.946 0.603 0.243 0.76
76.782 65.194 66.944 0.511 0.404 0.759
77.417 63.262 69.173 0.883 0.333 0.33
77.533 63.264 68.932 0.806 0.332 0.491
77.758 61.783 67.79 0.88 0.069 0.47
77.75 61.75 67.808 0.875 0.046 0.482
77.789 61.926 67.728 0.859 -0.026 0.511
77.729 62.583 67.192 0.802 0.598 0.001
79.023 61.703 66.088 0.863 0.466 0.196
79.397 61.333 65.872 0.613 0.713 0.34
79.936 60.349 66.351 0.75 0.654 0.099
79.792 60.763 65.934 0.846 0.378 0.377
80.154 59.964 66.595 0.859 0.462 0.222
80.538 59.506 66.602 0.603 0.768 0.217
79.921 59.778 67.271 0.742 0.369 0.559
80.305 59.32 67.277 0.486 0.675 0.555
80.198 59.911 65.673 0.86 0.511 -0.024
80.192 59.69 65.136 0.856 0.373 -0.359
78.518 61.783 64.161 0.812 0.488 -0.321
78.246 62.353 63.769 0.992 0.108 -0.059
78.518 61.781 64.158 0.812 0.485 -0.326
78.246 62.351 63.765 0.992 0.104 -0.064
79.209 59.93 63.405 0.934 0.255 -0.249
79.27 59.617 63.493 0.984 -0.002 -0.177
79.381 60.216 62.179 0.82 0.065 0.569
79.698 60.696 61.905 0.609 -0.256 0.751
80.18 61.108 61.835 0.287 -0.53 0.798
79.446 59.939 61.559 0.909 -0.312 -0.275
79.747 60.488 61.439 0.709 -0.678 -0.195
80.24 60.854 61.265 0.38 -0.922 -0.079
79.423 58.925 60.982 0.925 0.364 0.11
79.342 58.049 61.447 0.869 -0.242 0.432
79.632 59.265 60.241 0.785 0.138 0.603
79.688 59.892 60.245 0.748 -0.281 0.601
79.941 60.445 60.407 0.579 -0.649 0.493
80.348 60.826 60.699 0.308 -0.904 0.298
79.636 59.264 60.236 0.794 0.137 0.593
79.689 59.892 60.243 0.758 -0.281 0.588
79.942 60.445 60.406 0.589 -0.65 0.48
80.351 60.826 60.695 0.317 -0.904 0.287
79.885 59.774 59.997 0.627 -0.203 0.752
80.081 60.379 60.193 0.497 -0.606 0.621
80.423 60.805 60.573 0.269 -0.89 0.368
80.034 59.789 59.837 0.817 -0.183 0.547
80.187 60.39 60.079 0.715 -0.583 0.386
80.55 60.818 60.435 0.473 -0.869 0.148
80.693 59.408 59.272 0.377 0.072 0.923
80.727 59.321 59.261 0.405 0.001 0.914
81.299 60.423 59.465 -0.027 -0.606 0.795
81.163 60.892 60.071 0.064 -0.918 0.391
81.447 60.457 59.472 0.213 -0.551 0.807
81.311 60.926 60.078 0.303 -0.864 0.403
82.077 60.045 59.274 -0.207 -0.276 0.938
81.804 60.65 59.582 -0.025 -0.68 0.733
81.522 61.012 60.151 0.163 -0.921 0.354
82.451 60.381 59.163 0.568 0.418 0.709
81.99 60.817 59.527 0.875 0.128 0.466
81.842 61.298 60.057 0.975 -0.193 0.113
83.491 59.581 59.236 0.335 0.325 0.884
84.041 59.973 59.066 -0.032 0.064 0.997
83.087 61.096 58.383 0.185 0.548 0.815
83.27 61.345 58.088 0.326 0.74 0.589
83.285 61.44 57.973 0.316 0.677 0.665
84.221 61.277 57.714 0.097 0.995 0.031
83.515 61.559 57.515 0.568 0.807 0.164
83.043 62.173 57.384 0.883 0.397 0.251
83.559 61.444 57.004 0.616 0.681 -0.397
83.606 61.35 56.897 0.584 0.743 -0.326
84.244 60.671 56.523 0.113 0.562 -0.819
83.574 60.908 56.38 0.56 0.404 -0.724
83.101 61.287 55.983 0.875 0.151 -0.459
83.394 60.295 56.144 0.421 -0.067 -0.905
84.489 59.446 56.403 0.289 -0.313 -0.905
83.998 58.986 56.227 0.616 -0.006 -0.787
84.818 58.989 56.882 0.524 -0.64 -0.563
84.37 58.469 56.768 0.823 -0.293 -0.487
84.952 58.788 57.582 0.619 -0.783 -0.063
84.52 58.242 57.559 0.907 -0.419 -0.047
83.124 60.082 55.981 0.601 0.074 -0.796
82.826 59.787 55.808 0.418 -0.106 -0.902
82.704 59.798 55.743 0.5 -0.114 -0.858
82.004 59.275 55.791 -0.106 -0.567 -0.817
81.987 59.159 55.866 -0.094 -0.49 -0.867
81.278 58.836 56.467 -0.528 -0.688 -0.499
80.803 59.916 55.301 -0.274 -0.534 -0.8
81.01 59.992 55.149 -0.412 -0.585 -0.699
80.741 60.823 55.003 -0.304 -0.081 -0.949
80.962 60.698 54.917 -0.452 0.003 -0.892
81.506 61.395 54.95 0.078 0.206 -0.976
81.557 61.143 54.876 0.044 0.374 -0.926
82.383 61.098 55.192 0.517 0.057 -0.854
82.239 60.912 55.065 0.613 0.181 -0.769
82.38 62.589 56.299 0.515 0.803 -0.301
82.503 62.628 56.534 0.433 0.777 -0.458
81.851 62.49 58.452 0.798 0.364 0.48
81.565 62.834 59.084 0.989 0.134 0.058
81.737 62.744 58.25 0.615 0.773 0.155
81.437 63.12 58.858 0.815 0.522 -0.25
81.57 62.787 59.188 0.986 0.166 -0.011
81.803 62.399 58.631 0.831 0.424 0.36
81.573 62.766 59.204 0.989 0.147 0.004
81.806 62.377 58.648 0.834 0.406 0.375
81.754 62.308 59.515 0.868 0.452 -0.204
81.901 62.113 58.821 0.771 0.582 0.259
81.865 61.922 59.658 0.999 -0.002 -0.035
82.022 61.693 58.977 0.895 0.151 0.42
79.707 62.631 62.174 0.019 -0.082 0.996
79.102 62.804 62.342 0.422 -0.197 0.885
78.616 62.921 62.76 0.746 -0.275 0.606
79.708 62.635 62.174 0.021 -0.075 0.997
79.102 62.806 62.342 0.425 -0.189 0.885
78.617 62.924 62.76 0.748 -0.268 0.607
80.746 61.093 54.998 -0.302 0.055 -0.952
80.143 61.318 55.056 0.099 -0.095 -0.991
80.6 59.768 55.501 -0.375 -0.608 -0.7
79.502 59.703 55.568 0.357 -0.564 -0.745
80.782 57.889 67.543 0.725 -0.04 0.688
80.556 57.484 67.937 0.875 0.23 0.425
79.825 56.28 68.788 0.885 -0.031 0.464
79.823 56.289 68.794 0.883 -0.023 0.469
77.257 62.975 69.642 0.804 0.19 0.564
76.968 63.257 70.356 0.996 0.002 0.088
77.087 63.678 69.387 0.718 0.541 0.437
76.836 63.803 70.158 0.886 0.458 -0.077
76.49 55.492 69.251 -0.873 -0.478 0.098
76.388 55.652 69.553 -0.804 -0.585 -0.104
77.005 55.118 69.821 -0.57 -0.698 0.433
76.818 55.339 70.03 -0.445 -0.846 0.294
77.587 55.318 70.414 -0.228 -0.581 0.782
77.305 55.507 70.526 -0.04 -0.706 0.707
77.969 56.001 70.758 -0.003 -0.179 0.984
77.625 56.078 70.814 0.227 -0.23 0.946
77.976 56.853 70.694 0.001 0.323 0.947
77.63 56.791 70.761 0.231 0.364 0.902
75.828 62.515 59.097 -0.787 0.306 -0.535
75.805 62.441 59.093 -0.807 0.242 -0.538
72.957 61.632 61.252 -0.671 0.742 0.014
72.963 61.638 61.235 -0.667 0.745 0.002
72.197 60.716 56.06 0.473 0.786 -0.397
72.181 60.708 56.025 0.462 0.781 -0.422
69.942 61.97 53.399 0.262 0.894 -0.363
70.16 61.854 53.355 0.477 0.779 -0.406
67.162 54.103 65.362 -0.094 -0.555 0.826
66.553 54.692 65.29 -0.649 -0.018 0.761
66.436 56.148 65.385 -0.681 -0.273 0.679
67.251 56.285 66.031 -0.535 0.524 0.663
66.85 56.682 65.633 -0.268 0.26 0.928
66.364 57.16 65.53 0.056 -0.059 0.997
67.378 57.105 65.389 0.259 0.683 0.683
64.81 55.988 62.884 -0.747 -0.62 -0.24
64.634 56.183 62.83 -0.63 -0.749 -0.204
64.436 56.623 63.743 -0.934 -0.302 0.19
64.343 56.677 63.498 -0.872 -0.338 0.353
64.363 57.707 63.426 -0.97 0.24 0.031
64.287 57.52 63.251 -0.919 0.365 0.147
68.095 56.789 58.067 -0.241 -0.562 -0.791
68.625 56.822 57.691 -0.62 -0.585 -0.524
68.969 56.678 57.158 -0.864 -0.482 -0.143
68.59 57.512 56.815 -0.696 -0.713 -0.085
67.197 58.386 50.962 -0.88 -0.013 -0.475
70.844 60.679 62.672 0.417 0.788 0.453
71.484 60.683 62.429 -0.018 0.785 0.619
72.119 60.937 62.383 -0.45 0.612 0.65
72.61 61.387 62.544 -0.783 0.307 0.541
72.851 61.934 62.877 -0.947 -0.065 0.314
73.91 57.464 55.713 0.998 0.058 0.005
74.069 57.788 56.304 0.878 -0.187 -0.441
74.546 58.044 56.734 0.517 -0.381 -0.767
74.92 59.966 56.534 0.019 0.252 -0.967
80.248 64.64 56.69 0.569 0.53 0.629
86.099 67.284 58.032 0.259 -0.959 0.114
86.641 67.265 58.387 -0.253 -0.942 -0.221
87.082 66.874 58.654 -0.669 -0.572 -0.474
87.258 66.256 58.734 -0.836 0.012 -0.549
86.303 67.844 58.681 -0.528 -0.566 0.633
87.828 70.826 64.085 -0.555 0.816 -0.163
88.238 71.323 64.259 -0.83 0.483 -0.28
88.4 71.964 64.35 -0.939 0.053 -0.34
88.295 71.215 63.835 -0.328 0.698 -0.636
88.484 71.779 64.062 -0.503 0.178 -0.846
88.9 72.117 64.085 0.514 -0.396 -0.761
88.714 71.5 64.048 0.672 0.13 -0.729
88.766 70.928 63.751 0.627 0.616 -0.477
89.042 70.575 63.285 0.393 0.916 -0.081
88.863 71.369 64.481 0.949 0.01 -0.316
88.695 80.731 61.231 -0.458 0.661 0.595
89.456 81.11 62.37 -0.854 0.515 0.074
89.617 81.855 62.09 -0.964 0.005 0.266
87.669 74.641 69.52 -0.887 -0.444 0.125
89.691 78.746 67.01 -0.229 0.956 0.185
89.33 68.226 72.962 -0.403 0.327 0.855
89.395 67.695 73.436 -0.455 0.755 0.472
89.272 67.476 74.106 -0.356 0.932 -0.068
90.712 68.285 75.001 -0.697 0.717 0.028
91.672 68.226 75.586 0.168 0.659 0.733
79.481 63.667 62.735 0.529 -0.49 0.693
79.468 61.27 62.865 0.813 0.162 0.559
82.235 61.032 59.174 0.788 0.31 0.532
85.713 77.888 54.339 0.273 -0.962 0.014
85.436 76.047 54.151 0.541 0.818 0.196
85.293 77.646 54.205 0.191 -0.508 -0.84
85.255 76.208 54.109 0.22 0.605 -0.766
85.198 76.214 54.134 0.084 0.995 0.046
85.191 77.631 54.247 0.093 -0.989 -0.112
65.635 58.816 56.235 -0.924 0.191 -0.331
65.31 58.952 56.788 -0.707 0.101 -0.7
68.988 57.229 52.722 -0.707 -0.707 0
68.988 57.061 53.296 -0.707 -0.595 -0.382
68.502 57.417 53.323 -0.383 -0.832 -0.401
65.791 60.59 60.205 -0.924 0.383 0
68.237 56.336 60.541 0 -1 0
67.663 56.222 60.541 0.383 -0.924 0
67.663 56.085 61.142 0.383 -0.832 -0.401
68.618 57.321 57.287 -0.707 -0.595 -0.382
68.132 57.293 57.797 -0.383 -0.576 -0.722
67.558 57.489 57.775 0 -0.707 -0.707
67.558 57.003 58.1 0 -0.383 -0.924
68.11 57.842 56.66 -0.383 -0.924 0
70.174 55.186 56.877 -0.707 -0.595 0.382
70.085 55.372 52.309 -1 0 0
69.971 55.946 52.309 -0.924 -0.383 0
69.847 54.943 51.19 -0.924 0.191 0.331
69.847 55.517 51.19 -0.924 -0.191 0.331
69.521 55.67 50.722 -0.707 -0.294 0.643
69.521 56.122 51.113 -0.707 -0.595 0.382
69.035 56.094 50.603 -0.383 -0.576 0.722
68.421 57.363 51.48 -0.707 -0.595 0.382
67.935 57.719 51.452 -0.383 -0.832 0.401
67.66 59.037 50.894 -0.707 0.101 -0.7
67.66 58.493 50.646 -0.707 0.463 -0.534
67.11 61.238 53.043 0 1 -0
68.063 61.664 53.848 -0.383 0.832 -0.401
69.157 55.791 61.955 0.383 -0.832 -0.401
70.506 55.758 60.74 -0.383 -0.832 0.401
70.807 54.836 58.191 -0.707 -0.707 0
73.062 53.212 55.333 0.707 -0.294 0.643
70.878 61.104 59.35 -0.383 0.832 0.401
70.096 60.804 60.087 0 1 -0
68.491 57.559 64.945 0 0.383 0.924
73.774 56.201 63.524 0 -0.924 0.383
73.2 56.064 63.497 0.383 -0.832 0.401
74.799 55.529 60.4 0 -1 0
74.253 56.273 58.256 0.707 -0.294 -0.643
73.573 55.735 57.253 0.924 -0.191 -0.331
74.361 54.046 53.539 1 -0 0
70.034 53.637 49.682 -1 0 0
69.92 54.211 49.682 -0.924 -0.383 0
71.591 57.505 47.535 0.383 0.576 -0.722
71.805 60.184 54.534 0.707 0.678 -0.199
71.805 60.184 53.937 0.707 0.678 0.199
73.928 61.326 64.984 -1 0 0
73.814 61.039 64.487 -0.924 0.191 0.331
73.814 61.613 64.487 -0.924 -0.191 0.331
73.13 60.465 63.336 -0.707 0.463 0.534
73.13 61.008 63.088 -0.707 0.101 0.7
72.643 60.295 63.054 -0.383 0.576 0.722
75.223 58.09 67.324 -0.707 -0.595 0.382
76.967 55.949 65.772 -0.383 -0.832 0.401
75.679 55.695 62.269 0 -0.924 0.383
74.621 58.473 56.738 0.383 -0.206 -0.901
73.81 57.877 55.884 0.924 0.191 -0.331
73.81 57.59 55.387 0.924 0.383 0
73.476 58.453 54.432 0.924 0.383 0
73.786 56.148 51.011 0.707 0.101 -0.7
73.461 56.012 50.458 0.924 0.191 -0.331
74.671 53.806 51.979 0.924 0.191 0.331
73.711 60.361 57.305 0 0.924 -0.383
75.655 62.11 59.088 -0.707 0.463 -0.534
75.168 61.94 59.37 -0.383 0.576 -0.722
79.562 64.107 57.358 -0.383 0.924 -0
79.562 64.244 56.757 -0.383 0.832 0.401
79.562 64.629 56.274 -0.383 0.576 0.722
78.988 63.993 57.358 0 1 -0
78.988 64.107 56.784 0 0.924 0.383
79.218 64.853 59.241 0 0.707 -0.707
78.002 61.125 67.729 0.707 0.463 0.534
79.686 58.92 64.03 0.707 0.463 -0.534
79.361 59.328 63.725 0.924 0.191 -0.331
79.662 57.767 63.579 0.707 0.101 -0.7
79.146 57.686 62.095 1 -0 0
81.061 58.669 56.803 -0.383 -0.576 -0.722
79.008 63.751 55.28 -0.383 -0.576 -0.722
79.008 63.195 55.548 -0.383 -0.206 -0.901
87.29 66.216 59.039 -1 0 0
87.176 66.79 59.039 -0.924 -0.383 0
87.53 66.628 58.617 -0.383 -0.206 -0.901
87.53 66.011 58.617 -0.383 0.206 -0.901
87.142 67.688 58.069 0 -0.707 -0.707
86.568 67.876 57.609 0.383 -0.832 -0.401
85.45 70.292 53.326 0.707 -0.595 -0.382
84.209 71.408 58.761 -0.707 0.463 0.534
86.566 68.177 59.961 -0.707 -0.707 0
86.566 68.009 60.534 -0.707 -0.595 -0.382
86.08 68.502 59.961 -0.383 -0.924 0
86.082 68.268 59.048 -0.383 -0.832 0.401
88.026 65.5 61.469 -1 0 0
87.912 66.074 61.469 -0.924 -0.383 0
87.912 65.787 61.966 -0.924 -0.191 -0.331
87.912 65.213 60.972 -0.924 0.191 0.331
87.912 65.787 60.972 -0.924 -0.191 0.331
87.587 66.561 61.469 -0.707 -0.707 0
87.587 66.392 62.042 -0.707 -0.595 -0.382
89.467 63.421 61.041 -0.707 -0.707 0
89.467 63.252 61.614 -0.707 -0.595 -0.382
88.981 63.746 61.041 -0.383 -0.924 0
86.153 71.854 55.093 0.924 0.383 0
88.118 71.033 63.985 -0.707 0.678 -0.199
87.632 70.665 63.686 -0.383 0.924 -0
88.004 72.476 64.964 -0.707 -0.294 -0.643
88.004 71.884 65.049 -0.707 0.101 -0.7
88.004 71.34 64.8 -0.707 0.463 -0.534
87.517 70.786 64.6 -0.383 0.832 -0.401
86.613 65.398 64.544 -0.924 -0.191 -0.331
86.288 66.003 64.62 -0.707 -0.595 -0.382
91.154 65.74 58.095 0.707 0.463 -0.534
87.742 70.462 61.171 0 1 -0
88.82 70.507 63.178 0 0.924 -0.383
89.126 70.393 63.478 0.707 0.678 0.199
89.284 72.25 64.825 0.707 -0.595 -0.382
89.284 71.798 65.217 0.707 -0.294 -0.643
89.284 71.207 65.302 0.707 0.101 -0.7
89.284 70.663 65.053 0.707 0.463 -0.534
88.959 71.071 64.749 0.924 0.191 -0.331
91.474 71.927 66.036 -0.383 -0.206 -0.901
90.9 72.193 66.07 0 -0.383 -0.924
90.326 72.483 65.768 0.383 -0.576 -0.722
90.326 71.927 66.036 0.383 -0.206 -0.901
87.299 71.312 66.252 -1 0 0
87.185 71.025 66.749 -0.924 0.191 -0.331
87.185 70.738 66.252 -0.924 0.383 0
86.86 70.294 66.551 -0.707 0.678 -0.199
86.86 70.294 65.953 -0.707 0.678 0.199
85.607 66.64 67.156 -0.924 -0.383 0
86.76 64.828 68.264 -0.707 -0.294 0.643
92.29 74.472 66.275 0.383 -0.206 -0.901
92.29 73.856 66.275 0.383 0.206 -0.901
92.29 73.3 66.007 0.383 0.576 -0.722
91.804 74.605 65.888 0.707 -0.294 -0.643
91.804 74.013 65.973 0.707 0.101 -0.7
91.478 74.451 65.421 0.924 -0.191 -0.331
92.041 76.227 64.672 0.707 -0.707 0
92.041 76.059 65.245 0.707 -0.595 -0.382
91.716 75.741 64.672 0.924 -0.383 0
88.06 77.225 63.859 -0.924 -0.191 -0.331
86.112 69.369 69.068 -0.924 0.191 -0.331
87.105 65.374 69.248 -0.707 -0.595 0.382
88.676 64.049 70.229 -0.707 -0.595 0.382
91.909 64.498 68.013 1 -0 0
91.882 66.39 63.653 0.707 0.678 0.199
91.882 66.713 63.15 0.707 0.463 0.534
91.556 67.12 63.454 0.924 0.191 0.331
91.425 68.265 63.004 0.924 0.191 0.331
91.777 66.138 64.769 0.707 0.678 0.199
91.452 66.581 65.068 0.924 0.383 0
94.956 71.79 68.038 0.924 0.191 -0.331
92.884 77.08 64.908 0.707 -0.707 0
92.884 76.911 65.482 0.707 -0.595 -0.382
90.798 78.884 60.093 0 -1 0
90.798 78.77 60.667 0 -0.924 -0.383
90.798 78.445 61.153 0 -0.707 -0.707
89.507 81.474 61.662 -0.924 0.191 0.331
89.507 82.048 61.662 -0.924 -0.191 0.331
89.182 80.743 61.86 -0.707 0.678 0.199
89.182 81.066 61.357 -0.707 0.463 0.534
89.182 81.61 61.109 -0.707 0.101 0.7
89.182 82.201 61.194 -0.707 -0.294 0.643
87.403 75.107 68.146 -0.924 0.191 0.331
87.245 75.671 69.929 -0.707 -0.595 -0.382
88.477 73.388 69.995 -1 0 0
88.362 73.962 69.995 -0.924 -0.383 0
88.362 73.675 70.492 -0.924 -0.191 -0.331
88.362 73.101 70.492 -0.924 0.191 -0.331
88.362 72.814 69.995 -0.924 0.383 0
88.362 73.101 69.498 -0.924 0.191 0.331
88.362 73.675 69.498 -0.924 -0.191 0.331
88.037 72.37 70.294 -0.707 0.678 -0.199
88.037 72.37 69.696 -0.707 0.678 0.199
88.037 72.694 69.194 -0.707 0.463 0.534
88.037 73.237 68.945 -0.707 0.101 0.7
87.496 68.631 71.66 -0.383 -0.206 0.901
86.615 68 70.783 -0.707 -0.294 0.643
89.14 67.31 73.485 -0.707 0.678 0.199
89.14 67.633 72.982 -0.707 0.463 0.534
89.14 68.177 72.734 -0.707 0.101 0.7
90.432 64.986 74.148 -0.383 -0.924 0
90.592 64.061 71.376 0 -0.924 0.383
93.375 67.557 69.064 0.383 -0.206 -0.901
92.888 67.689 68.678 0.707 -0.294 -0.643
95.253 69.227 72.652 0.924 -0.383 0
94.628 77.486 68.945 0.924 0.191 0.331
94.665 76.845 67.912 0.924 -0.191 -0.331
94.075 77.472 66.399 0.707 -0.595 -0.382
94.075 77.021 66.791 0.707 -0.294 -0.643
88.604 79.583 56.538 0 -0.924 0.383
86.846 81.189 57.085 -0.707 -0.294 0.643
86.359 81.057 56.699 -0.383 -0.206 0.901
86.359 81.612 56.967 -0.383 -0.576 0.722
91.665 83.365 60.121 0.924 0.383 0
91.597 82.285 62.782 0 0.707 0.707
91.023 83.038 62.492 0.383 0.206 0.901
90.726 79.201 67.594 -0.707 0.678 -0.199
90.239 78.97 67.897 -0.383 0.832 -0.401
90.239 78.833 67.295 -0.383 0.924 -0
90.239 78.97 66.694 -0.383 0.832 0.401
88.741 78.428 68.042 -0.383 0.832 -0.401
92.08 73.124 71.176 -0.707 -0.294 0.643
91.593 72.375 70.79 -0.383 0.206 0.901
91.593 72.992 70.79 -0.383 -0.206 0.901
91.593 73.548 71.057 -0.383 -0.576 0.722
91.019 72.11 70.755 0 0.383 0.924
91.019 72.684 70.641 0 -0 1
91.019 73.258 70.755 0 -0.383 0.924
91.019 73.745 71.08 0 -0.707 0.707
91.019 74.07 71.567 0 -0.924 0.383
90.445 72.375 70.79 0.383 0.206 0.901
90.445 72.992 70.79 0.383 -0.206 0.901
90.445 73.548 71.057 0.383 -0.576 0.722
90.445 73.932 71.539 0.383 -0.832 0.401
89.959 73.124 71.176 0.707 -0.294 0.643
89.959 73.576 71.567 0.707 -0.595 0.382
90.968 68.361 74.259 -0.924 0.383 0
90.968 68.648 73.762 -0.924 0.191 0.331
90.968 69.222 73.762 -0.924 -0.191 0.331
90.643 67.918 74.558 -0.707 0.678 -0.199
90.643 67.918 73.96 -0.707 0.678 0.199
90.643 68.241 73.457 -0.707 0.463 0.534
90.643 68.784 73.209 -0.707 0.101 0.7
90.156 67.687 74.86 -0.383 0.832 -0.401
90.156 67.55 74.259 -0.383 0.924 -0
90.156 67.687 73.658 -0.383 0.832 0.401
90.156 68.071 73.176 -0.383 0.576 0.722
90.156 68.627 72.908 -0.383 0.206 0.901
90.156 69.244 72.908 -0.383 -0.206 0.901
89.582 67.55 74.833 0 0.924 -0.383
89.582 67.435 74.259 0 1 -0
89.582 68.361 72.873 0 0.383 0.924
89.582 68.935 72.759 0 -0 1
94.714 66.838 72.529 1 -0 0
95.136 71.641 72.4 0.707 0.678 -0.199
95.136 71.641 71.802 0.707 0.678 0.199
94.811 72.085 72.101 0.924 0.383 0
92.352 71.659 71.627 -0.707 0.463 0.534
91.866 71.49 71.345 -0.383 0.576 0.722
91.865 70.967 72.43 -0.383 0.924 -0
92.026 67.638 75.961 0.383 0.832 0.401
92.026 68.022 75.479 0.383 0.576 0.722
92.106 75.618 71.63 0.383 0.206 0.901
91.618 80.668 68.534 -0.707 0.678 -0.199
86.635 84.315 59.252 -0.707 -0.294 0.643
88.455 83.936 55.388 -0.383 0.576 -0.722
88.455 83.551 54.905 -0.383 0.832 -0.401
87.881 83.739 55.365 0 0.707 -0.707
87.307 83.936 55.388 0.383 0.576 -0.722
87.463 83.093 54.232 0 0.924 -0.383
86.889 83.23 54.259 0.383 0.832 -0.401
87.847 81.121 53.096 0.383 -0.206 -0.901
87.845 85.892 57.223 0 0.707 -0.707
84.301 84.183 52.599 0.383 0.832 -0.401
82.653 81.168 52.919 -0.924 0.191 -0.331
79.058 65.174 61.952 0 0.924 0.383
79.166 63.387 62.586 0.383 -0.576 0.722
78.679 63.415 63.096 0.707 -0.595 0.382
78.349 62.802 64.177 0.924 -0.191 -0.331
77.87 62.785 66.392 0.707 0.463 0.534
77.87 63.328 66.144 0.707 0.101 0.7
77.545 63.192 66.697 0.924 0.191 0.331
79.735 61.934 62.283 0 0.383 0.924
79.161 61.644 62.585 0.383 0.576 0.722
79.161 62.2 62.318 0.383 0.206 0.901
78.674 61.49 63.968 0.707 0.678 -0.199
78.674 61.49 63.37 0.707 0.678 0.199
78.674 61.813 62.867 0.707 0.463 0.534
78.674 62.357 62.619 0.707 0.101 0.7
78.349 61.934 63.669 0.924 0.383 0
78.349 62.221 63.172 0.924 0.191 0.331
79.225 60.887 63.031 0.924 -0.383 0
79.225 60.6 63.529 0.924 -0.191 -0.331
79.225 60.6 62.534 0.924 -0.191 0.331
79.111 60.313 63.031 1 -0 0
79.424 60.045 61.146 0.924 -0.383 0
79.424 59.184 60.649 0.924 0.191 0.331
79.424 59.758 60.649 0.924 -0.191 0.331
79.31 59.471 61.146 1 -0 0
80.685 59.823 59.306 0.383 -0.206 0.901
80.685 60.379 59.574 0.383 -0.576 0.722
80.685 60.764 60.056 0.383 -0.832 0.401
82.304 61.225 58.805 0.707 0.463 0.534
64.317 57.523 57.452 -0.223 -0.608 -0.762
63.756 59.469 58.519 -0.623 0.782 0
63.756 59.295 59.111 -0.623 0.658 0.423
63.756 57.324 58.827 -0.623 -0.75 0.22
63.756 57.324 58.211 -0.623 -0.75 -0.22
63.756 57.657 57.692 -0.623 -0.512 -0.591
63.756 58.218 57.436 -0.623 -0.111 -0.774
63.756 58.829 57.523 -0.623 0.325 -0.711
63.368 58.981 58.519 -0.901 0.434 0
63.368 58.678 59.045 -0.901 0.217 0.376
63.368 58.07 59.045 -0.901 -0.217 0.376
63.368 57.767 58.519 -0.901 -0.434 -0
63.368 58.07 57.993 -0.901 -0.217 -0.376
63.368 58.678 57.993 -0.901 0.217 -0.376
63.229 58.374 58.519 -1 0 0
66.308 56.959 54.932 -0.223 -0.878 0.423
66.308 56.824 54.34 -0.223 -0.975 0
66.308 56.959 53.748 -0.223 -0.878 -0.423
65.747 57.139 54.648 -0.623 -0.75 0.22
65.747 57.139 54.032 -0.623 -0.75 -0.22
65.747 57.472 53.513 -0.623 -0.512 -0.591
65.359 57.582 54.34 -0.901 -0.434 -0
65.22 58.189 54.34 -1 0 0
64.974 60.672 56.821 -0.866 0.25 -0.433
65.655 61.875 57.85 -0.588 0.809 0
65.655 61.752 58.469 -0.588 0.747 0.31
65.655 61.752 57.231 -0.588 0.747 -0.31
65.213 61.433 57.85 -0.809 0.588 0
65.213 61.275 58.438 -0.809 0.509 0.294
66.701 55.363 59.351 0.223 -0.975 0
66.701 55.498 58.759 0.223 -0.878 -0.423
66.701 55.877 58.284 0.223 -0.608 -0.762
66.077 55.363 59.351 -0.223 -0.975 0
66.077 55.498 58.759 -0.223 -0.878 -0.423
66.077 55.877 58.284 -0.223 -0.608 -0.762
65.516 55.678 59.659 -0.623 -0.75 0.22
65.516 55.678 59.043 -0.623 -0.75 -0.22
65.882 61.388 52.592 -0.223 0.975 0
65.882 59.719 51.261 -0.223 -0.217 -0.95
65.882 60.327 51.261 -0.223 0.217 -0.95
65.882 60.874 51.525 -0.223 0.608 -0.762
65.882 61.253 52 -0.223 0.878 -0.423
65.321 61.118 52.592 -0.623 0.782 0
65.321 60.944 53.184 -0.623 0.658 0.423
65.321 59.306 51.765 -0.623 -0.512 -0.591
65.321 59.867 51.509 -0.623 -0.111 -0.774
65.321 60.478 51.596 -0.623 0.325 -0.711
65.321 60.944 52 -0.623 0.658 -0.423
64.933 60.63 52.592 -0.901 0.434 0
64.933 60.327 53.118 -0.901 0.217 0.376
64.933 59.416 52.592 -0.901 -0.434 -0
64.933 59.719 52.066 -0.901 -0.217 -0.376
64.933 60.327 52.066 -0.901 0.217 -0.376
64.794 60.023 52.592 -1 0 0
67.774 62.873 56.8 -0 1 0
67.174 62.712 56.8 -0.5 0.866 0
67.174 62.547 56.238 -0.5 0.729 -0.468
68.616 62.565 57.678 0.309 0.9 0.309
67.998 62.418 58.187 -0 0.826 0.563
68.651 61.967 61.203 0.623 0.782 0
68.09 62.237 61.203 0.223 0.975 0
68.09 62.102 61.795 0.223 0.878 0.423
67.466 62.102 61.795 -0.223 0.878 0.423
66.391 61.875 60.911 -0.5 0.866 0
65.952 61.436 60.911 -0.866 0.5 0
65.475 60.048 63.523 -0.5 0.729 0.468
65.036 59.774 62.961 -0.866 0.5 0
65.128 57.847 64.859 -0.588 0.31 0.747
65.128 56.609 64.859 -0.588 -0.31 0.747
64.686 57.816 64.382 -0.809 0.294 0.509
64.686 57.228 64.54 -0.809 -0 0.588
64.686 56.64 64.382 -0.809 -0.294 0.509
64.686 56.21 63.952 -0.809 -0.509 0.294
64.351 56.482 63.074 -0.866 -0.5 -0
64.351 56.782 62.554 -0.866 -0.25 -0.433
64.19 57.082 63.074 -1 0 0
68.95 53.948 64.394 0.766 -0.557 0.321
68.95 53.793 63.815 0.766 -0.643 0
68.95 53.948 63.236 0.766 -0.557 -0.321
68.471 53.51 64.412 0.5 -0.8 0.331
68.471 53.391 63.815 0.5 -0.866 0
68.471 53.51 63.218 0.5 -0.8 -0.331
68.471 53.848 62.713 0.5 -0.612 -0.612
67.884 54.064 62.28 0.174 -0.492 -0.853
68.665 51.543 55.735 -0.866 0.25 0.433
68.665 50.943 55.735 -0.866 -0.25 0.433
68.665 50.643 55.215 -0.866 -0.5 -0
68.504 51.243 55.215 -1 0 0
69.79 50.742 52.193 -0.309 -0.836 -0.453
69.232 50.92 52.479 -0.588 -0.747 -0.31
69.232 51.271 51.954 -0.588 -0.572 -0.572
68.79 51.239 53.098 -0.809 -0.588 0
68.79 51.397 52.51 -0.809 -0.509 -0.294
68.79 51.827 52.08 -0.809 -0.294 -0.509
67.736 55.896 50.317 -0.223 -0.608 0.762
67.736 55.382 49.25 -0.223 -0.975 0
67.175 56.03 50.077 -0.623 -0.512 0.591
67.175 55.697 49.558 -0.623 -0.75 0.22
67.175 55.697 48.942 -0.623 -0.75 -0.22
67.175 56.03 48.423 -0.623 -0.512 -0.591
67.175 56.591 48.167 -0.623 -0.111 -0.774
67.175 57.668 48.658 -0.623 0.658 -0.423
66.787 57.354 49.25 -0.901 0.434 0
66.787 56.443 49.776 -0.901 -0.217 0.376
66.787 56.14 49.25 -0.901 -0.434 -0
66.787 56.443 48.724 -0.901 -0.217 -0.376
66.787 57.051 48.724 -0.901 0.217 -0.376
66.648 56.747 49.25 -1 0 0
67.984 60.801 50.414 -0.5 0.36 -0.788
69.761 61.853 51.469 0.309 0.9 -0.309
69.143 61.706 50.96 -0 0.826 -0.563
69.143 61.965 51.497 -0 0.956 -0.295
68.525 61.956 52.087 -0.309 0.951 0
68.525 61.853 51.469 -0.309 0.9 -0.309
69.347 62.958 54.83 -0 1 0
69.347 62.821 54.272 -0 0.885 -0.465
68.747 62.632 54.268 -0.5 0.729 -0.468
69.905 61.155 63.517 0.5 0.729 0.468
69.305 61.344 63.513 -0 0.885 0.465
68.347 60.913 63.858 -0.309 0.751 0.584
66.187 59.585 64.44 -0.309 0.52 0.796
68.873 55.396 66.186 0.623 -0.111 0.774
68.873 54.835 65.93 0.623 -0.512 0.591
68.312 56.403 66.17 0.223 0.608 0.762
68.312 55.856 66.434 0.223 0.217 0.95
68.312 55.248 66.434 0.223 -0.217 0.95
68.312 54.701 66.17 0.223 -0.608 0.762
67.688 55.856 66.434 -0.223 0.217 0.95
67.688 55.248 66.434 -0.223 -0.217 0.95
67.688 54.701 66.17 -0.223 -0.608 0.762
67.127 55.396 66.186 -0.623 -0.111 0.774
66.842 53.021 64.875 0.223 -0.608 0.762
66.842 52.642 64.4 0.223 -0.878 0.423
66.842 52.507 63.808 0.223 -0.975 0
66.842 52.642 63.216 0.223 -0.878 -0.423
66.842 53.021 62.741 0.223 -0.608 -0.762
66.218 53.568 65.139 -0.223 -0.217 0.95
66.218 53.021 64.875 -0.223 -0.608 0.762
66.218 52.642 64.4 -0.223 -0.878 0.423
66.218 52.507 63.808 -0.223 -0.975 0
66.218 52.642 63.216 -0.223 -0.878 -0.423
66.218 53.021 62.741 -0.223 -0.608 -0.762
66.218 53.568 62.477 -0.223 -0.217 -0.95
65.657 53.716 64.891 -0.623 -0.111 0.774
65.657 53.155 64.635 -0.623 -0.512 0.591
65.657 52.822 64.116 -0.623 -0.75 0.22
65.657 52.822 63.5 -0.623 -0.75 -0.22
65.657 53.155 62.981 -0.623 -0.512 -0.591
65.657 53.716 62.725 -0.623 -0.111 -0.774
65.269 53.568 64.334 -0.901 -0.217 0.376
65.269 53.265 63.808 -0.901 -0.434 -0
65.269 53.568 63.282 -0.901 -0.217 -0.376
65.13 53.872 63.808 -1 0 0
72.216 55.517 64.036 0.5 -0.701 0.509
71.661 55.699 64.507 0.174 -0.593 0.786
71.661 55.285 64.052 0.174 -0.837 0.518
71.661 55.062 63.479 0.174 -0.968 0.181
71.661 55.062 62.863 0.174 -0.968 -0.181
71.906 54.143 60.374 -0 -0.749 0.663
71.906 53.876 59.865 -0 -0.971 0.239
71.306 54.044 59.871 -0.5 -0.831 0.244
73.176 54.304 59.846 0.5 -0.701 0.509
73.685 54.222 58.393 0.5 -0.831 -0.244
74.436 54.328 54.997 0.866 -0.25 0.433
73.329 51.299 55.353 0.5 -0.091 0.861
73.329 50.717 55.164 0.5 -0.433 0.75
73.329 50.262 54.754 0.5 -0.701 0.509
73.329 50.013 54.195 0.5 -0.847 0.18
72.774 49.807 54.197 0.174 -0.968 0.181
71.597 50.512 56.699 0.5 -0.123 0.857
71.597 49.979 56.455 0.5 -0.567 0.654
71.597 49.663 55.963 0.5 -0.831 0.244
70.997 50.234 56.792 -0 -0.355 0.935
70.997 49.762 56.466 -0 -0.749 0.663
70.997 49.495 55.957 -0 -0.971 0.239
70.253 51.277 56.768 -0.174 0.091 0.981
70.253 49.477 54.793 -0.174 -0.968 -0.181
69.698 49.932 55.966 -0.5 -0.701 0.509
69.698 49.683 55.407 -0.5 -0.847 0.18
69.698 49.683 54.795 -0.5 -0.847 -0.18
68.458 53.16 53.215 -0.866 0.5 0
68.458 52.86 53.735 -0.866 0.25 0.433
68.297 52.56 53.215 -1 0 0
71.162 49.855 53.171 -0 -0.901 -0.434
70.544 49.984 53.134 -0.309 -0.836 -0.453
73.737 50.076 52.486 0.309 -0.938 -0.157
73.119 49.974 52.501 -0 -0.989 -0.149
72.683 50.09 50.071 -0 -0.971 0.239
72.083 50.258 50.077 -0.5 -0.831 0.244
73.543 50.279 49.203 0.309 -0.938 -0.157
69.886 52.055 48.903 -0.866 -0.5 -0
69.725 52.655 48.903 -1 0 0
70.454 57.783 46.263 0.623 0.325 -0.711
70.454 58.249 46.667 0.623 0.658 -0.423
69.893 57.024 45.928 0.223 -0.217 -0.95
69.893 57.632 45.928 0.223 0.217 -0.95
69.893 58.179 46.192 0.223 0.608 -0.762
69.893 58.558 46.667 0.223 0.878 -0.423
69.269 57.024 45.928 -0.223 -0.217 -0.95
69.269 57.632 45.928 -0.223 0.217 -0.95
69.269 58.179 46.192 -0.223 0.608 -0.762
69.269 58.558 46.667 -0.223 0.878 -0.423
68.708 56.611 46.432 -0.623 -0.512 -0.591
68.708 57.172 46.176 -0.623 -0.111 -0.774
68.708 57.783 46.263 -0.623 0.325 -0.711
68.708 58.249 46.667 -0.623 0.658 -0.423
68.32 57.632 46.733 -0.901 0.217 -0.376
71.296 61.067 50.337 0.5 0.729 -0.468
70.696 60.875 49.911 -0 0.568 -0.823
71.613 61.131 51.54 0.588 0.809 0
70.932 62.426 54.955 0.623 0.782 0
70.932 62.252 54.363 0.623 0.658 -0.423
72.731 62.909 63.96 -0.901 -0.217 0.376
72.731 63.517 62.908 -0.901 0.217 -0.376
72.592 63.213 63.434 -1 0 0
70.244 58.059 65.272 -0 0.365 0.931
70.244 57.477 65.404 -0 0.075 0.997
74.153 56.923 66.002 -0.309 -0.644 0.7
75.442 55.867 65.493 -0.174 -0.837 0.518
75.442 55.644 64.92 -0.174 -0.968 0.181
74.887 55.85 64.918 -0.5 -0.847 0.18
74.426 55.267 62.352 0.223 -0.878 0.423
77.157 55.023 59.895 0.174 -0.837 -0.518
76.567 54.8 61.084 -0.174 -0.968 0.181
76.567 54.8 60.468 -0.174 -0.968 -0.181
76.567 55.023 59.895 -0.174 -0.837 -0.518
75.463 56.181 52.751 1 0 0
75.324 56.788 52.751 0.901 0.434 0
75.324 56.485 53.277 0.901 0.217 0.376
75.324 55.877 53.277 0.901 -0.217 0.376
75.324 55.574 52.751 0.901 -0.434 -0
75.324 55.877 52.225 0.901 -0.217 -0.376
75.324 56.485 52.225 0.901 0.217 -0.376
74.936 56.636 51.755 0.623 0.325 -0.711
75.725 51.77 52.607 1 0 0
75.586 52.377 52.607 0.901 0.434 0
75.586 52.074 53.133 0.901 0.217 0.376
75.586 51.466 53.133 0.901 -0.217 0.376
75.586 51.163 52.607 0.901 -0.434 -0
75.586 51.466 52.081 0.901 -0.217 -0.376
75.198 51.053 53.434 0.623 -0.512 0.591
75.198 50.72 52.915 0.623 -0.75 0.22
75.198 50.72 52.299 0.623 -0.75 -0.22
75.56 52.092 48.827 1 0 0
75.421 52.699 48.827 0.901 0.434 0
75.421 51.788 49.353 0.901 -0.217 0.376
75.421 51.485 48.827 0.901 -0.434 -0
75.033 51.042 49.135 0.623 -0.75 0.22
74.622 50.901 47.728 0.5 -0.831 -0.244
74.622 51.217 47.236 0.5 -0.567 -0.654
74.622 51.75 46.992 0.5 -0.123 -0.857
74.622 52.33 47.076 0.5 0.36 -0.788
71.836 50.309 47.037 -0 -0.971 -0.239
71.836 50.576 46.528 -0 -0.749 -0.663
71.836 51.048 46.202 -0 -0.355 -0.935
71.236 50.477 47.617 -0.5 -0.831 0.244
71.236 50.477 47.031 -0.5 -0.831 -0.244
71.236 50.793 46.539 -0.5 -0.567 -0.654
70.797 51.174 46.804 -0.866 -0.25 -0.433
72.263 52.61 45.987 0.223 0.217 -0.95
71.639 52.61 45.987 -0.223 0.217 -0.95
72.577 56.019 46.7 0.588 0.31 -0.747
72.019 55.243 46.299 0.309 -0.079 -0.948
72.019 55.867 46.351 0.309 0.233 -0.922
72.019 56.44 46.603 0.309 0.52 -0.796
72.814 58.372 48.172 0.5 0.36 -0.788
73.921 58.217 49.848 1 0 0
73.782 58.824 49.848 0.901 0.434 0
73.782 57.913 49.322 0.901 -0.217 -0.376
73.782 58.521 49.322 0.901 0.217 -0.376
73.394 59.312 49.848 0.623 0.782 0
73.394 59.138 49.256 0.623 0.658 -0.423
72.833 59.447 49.256 0.223 0.878 -0.423
73.409 59.698 52.892 0.588 0.747 0.31
74.987 64.358 59.86 -0.588 0.31 -0.747
73.49 65.077 63.557 -0.5 0.866 0
73.49 64.912 62.995 -0.5 0.729 -0.468
73.051 64.638 63.557 -0.866 0.5 0
73.823 65.616 66.5 -0.588 0.809 0
73.823 65.493 65.881 -0.588 0.747 -0.31
73.381 65.174 66.5 -0.809 0.588 0
73.381 65.016 67.088 -0.809 0.509 0.294
73.097 64.616 66.5 -0.951 0.309 0
72.805 62.488 66.822 -0.951 -0.155 -0.268
78.311 54.861 64.614 0.5 -0.831 0.244
77.711 54.693 64.608 -0 -0.971 0.239
77.111 54.861 64.614 -0.5 -0.831 0.244
78.109 54.965 60.777 0.5 -0.831 -0.244
79.591 56.116 58.78 0.588 -0.747 -0.31
79.033 55.735 59.086 0.309 -0.938 -0.157
79.033 55.938 58.494 0.309 -0.836 -0.453
79.033 56.323 58 0.309 -0.644 -0.7
78.415 55.809 58.531 -0 -0.901 -0.434
78.415 56.145 58.039 -0 -0.733 -0.68
76.266 57.658 57.218 -0 -0.733 -0.68
76.266 58.124 56.846 -0 -0.5 -0.866
74.207 59.056 52.222 0.866 0.5 0
74.038 54.728 47.638 0.866 0.25 -0.433
76.43 60.601 55.718 -0.5 -0.123 -0.857
76.236 63.322 57.081 -0.901 0.217 -0.376
77.425 65.786 59.476 -0 0.826 -0.563
76.807 65.635 59.435 -0.309 0.751 -0.584
76.807 65.933 59.985 -0.309 0.9 -0.309
76.249 65.278 59.459 -0.588 0.572 -0.572
74.941 65.496 61.158 -0.5 0.866 0
74.941 65.331 60.596 -0.5 0.729 -0.468
77.248 67.447 65.489 0.623 0.782 0
77.248 67.273 66.081 0.623 0.658 0.423
77.248 66.807 66.485 0.623 0.325 0.711
76.687 67.717 65.489 0.223 0.975 0
76.687 67.582 66.081 0.223 0.878 0.423
76.687 67.203 66.556 0.223 0.608 0.762
76.687 67.582 64.897 0.223 0.878 -0.423
76.063 67.717 65.489 -0.223 0.975 0
76.063 67.582 66.081 -0.223 0.878 0.423
76.063 67.203 66.556 -0.223 0.608 0.762
76.063 67.582 64.897 -0.223 0.878 -0.423
75.502 67.447 65.489 -0.623 0.782 0
75.502 67.273 66.081 -0.623 0.658 0.423
75.502 67.273 64.897 -0.623 0.658 -0.423
74.931 64.603 70.202 -0.223 0.878 0.423
74.37 64.294 70.202 -0.623 0.658 0.423
74.37 63.828 70.606 -0.623 0.325 0.711
72.774 63.263 68.215 -0.866 0.25 0.433
72.613 62.963 67.695 -1 0 0
73.29 61.907 70.506 -0.5 0.36 0.788
72.851 61.775 70.081 -0.866 0.25 0.433
72.69 61.475 69.561 -1 0 0
74.045 60.479 70.798 -0.223 -0.217 0.95
74.045 59.932 70.534 -0.223 -0.608 0.762
74.045 59.553 70.059 -0.223 -0.878 0.423
73.484 60.066 70.294 -0.623 -0.512 0.591
73.484 59.733 69.775 -0.623 -0.75 0.22
73.096 60.176 69.467 -0.901 -0.434 -0
76.873 60.614 70.332 0.5 -0.123 0.857
78.607 60.223 68.233 0.588 0.572 0.572
79.674 57.822 69.141 0.809 0.294 0.509
79.232 58.378 69.267 0.588 0.572 0.572
78.674 58.274 69.715 0.309 0.52 0.796
78.824 56.76 70.485 0.5 0.268 0.824
78.824 56.151 70.549 0.5 -0.091 0.861
78.269 57.051 70.584 0.174 0.439 0.882
78.269 55.847 70.695 0.174 -0.27 0.947
77.679 54.882 68.204 -0.174 -0.837 -0.518
77.124 54.865 69.391 -0.5 -0.847 0.18
77.124 54.865 68.779 -0.5 -0.847 -0.18
76.672 55.257 68.777 -0.766 -0.617 -0.181
77.353 56.499 70.869 -0 0.121 0.993
76.753 56.786 70.623 -0.5 0.36 0.788
76.753 56.206 70.707 -0.5 -0.123 0.857
76.753 55.673 70.463 -0.5 -0.567 0.654
76.314 56.054 70.198 -0.866 -0.25 0.433
80.62 56.108 67.816 0.866 -0.25 0.433
80.62 55.808 67.296 0.866 -0.5 -0
80.181 55.411 67.003 0.5 -0.831 -0.244
79.581 55.243 67.009 -0 -0.971 -0.239
81.654 57.74 65.385 1 0 0
81.515 58.347 65.385 0.901 0.434 0
81.515 57.133 65.385 0.901 -0.434 -0
81.515 57.436 64.859 0.901 -0.217 -0.376
81.515 58.044 64.859 0.901 0.217 -0.376
81.127 56.69 65.077 0.623 -0.75 -0.22
81.127 57.023 64.558 0.623 -0.512 -0.591
81.127 57.584 64.302 0.623 -0.111 -0.774
81.127 58.195 64.389 0.623 0.325 -0.711
81.127 58.661 64.793 0.623 0.658 -0.423
84.061 57.553 59.13 0.901 -0.217 0.376
84.061 57.25 58.604 0.901 -0.434 -0
83.673 57.701 59.687 0.623 -0.111 0.774
83.673 57.14 59.431 0.623 -0.512 0.591
83.673 56.807 58.912 0.623 -0.75 0.22
83.673 56.807 58.296 0.623 -0.75 -0.22
83.112 58.161 59.935 0.223 0.217 0.95
83.112 57.553 59.935 0.223 -0.217 0.95
83.112 57.006 59.671 0.223 -0.608 0.762
83.112 56.627 59.196 0.223 -0.878 0.423
83.112 56.492 58.604 0.223 -0.975 0
83.112 56.627 58.012 0.223 -0.878 -0.423
82.488 58.161 59.935 -0.223 0.217 0.95
82.488 57.553 59.935 -0.223 -0.217 0.95
82.488 56.627 59.196 -0.223 -0.878 0.423
82.488 56.492 58.604 -0.223 -0.975 0
82.488 56.627 58.012 -0.223 -0.878 -0.423
79.224 57.34 57.155 0.309 -0.644 -0.7
79.224 57.864 56.812 0.309 -0.382 -0.871
78.606 57.628 56.822 -0 -0.5 -0.866
77.17 59.87 55.599 -0.309 -0.382 -0.871
77.1 63.42 55.848 -0.5 0.36 -0.788
81.925 64.667 54.135 0.809 -0.588 0
79.131 66.462 55.63 -0.588 0.31 0.747
78.689 67.019 54.135 -0.809 0.588 0
78.689 66.861 54.723 -0.809 0.509 0.294
78.689 66.431 55.153 -0.809 0.294 0.509
78.405 66.461 54.135 -0.951 0.309 0
78.405 66.152 54.67 -0.951 0.155 0.268
78.307 65.843 54.135 -1 -0 -0
81.851 64.898 60.601 1 0 0
81.712 65.505 60.601 0.901 0.434 0
81.712 65.202 61.127 0.901 0.217 0.376
81.712 65.202 60.075 0.901 0.217 -0.376
81.324 65.993 60.601 0.623 0.782 0
81.324 65.819 61.193 0.623 0.658 0.423
81.324 65.353 61.597 0.623 0.325 0.711
81.324 65.353 59.605 0.623 0.325 -0.711
81.324 65.819 60.009 0.623 0.658 -0.423
80.763 66.263 60.601 0.223 0.975 0
80.763 66.128 61.193 0.223 0.878 0.423
80.763 65.749 61.668 0.223 0.608 0.762
80.763 65.749 59.534 0.223 0.608 -0.762
80.763 66.128 60.009 0.223 0.878 -0.423
80.139 66.263 60.601 -0.223 0.975 0
80.139 66.128 61.193 -0.223 0.878 0.423
80.139 65.749 59.534 -0.223 0.608 -0.762
80.139 66.128 60.009 -0.223 0.878 -0.423
77.639 66.263 60.783 -0 1 0
79.676 64.805 64.699 1 0 0
79.537 65.412 64.699 0.901 0.434 0
79.537 65.109 65.225 0.901 0.217 0.376
79.537 64.501 65.225 0.901 -0.217 0.376
79.537 64.198 64.699 0.901 -0.434 -0
79.149 65.9 64.699 0.623 0.782 0
79.149 65.726 65.291 0.623 0.658 0.423
79.149 65.26 65.695 0.623 0.325 0.711
79.149 64.649 65.782 0.623 -0.111 0.774
76.812 63.554 70.771 0.866 0.25 0.433
76.373 64.128 70.813 0.5 0.729 0.468
76.373 63.686 71.196 0.5 0.36 0.788
76.373 63.106 71.28 0.5 -0.123 0.857
75.773 63.936 71.239 -0 0.568 0.823
75.773 63.399 71.442 -0 0.121 0.993
75.773 62.828 71.373 -0 -0.355 0.935
75.173 63.106 71.28 -0.5 -0.123 0.857
79.613 60.184 67.296 0.588 0.572 0.572
80.951 58.988 66.755 0.809 0.509 0.294
80.951 58.558 67.185 0.809 0.294 0.509
79.581 55.36 69.629 0.866 -0.25 0.433
79.142 54.979 69.894 0.5 -0.567 0.654
79.142 54.663 69.402 0.5 -0.831 0.244
78.542 54.495 69.396 -0 -0.971 0.239
78.542 54.495 68.822 -0 -0.971 -0.239
79.952 60.702 65.293 0.94 0.342 0
79.657 61.214 65.293 0.766 0.643 0
85.485 59.884 57.67 1 0 0
85.346 60.491 57.67 0.901 0.434 0
85.346 60.188 58.196 0.901 0.217 0.376
85.346 59.58 58.196 0.901 -0.217 0.376
85.346 59.277 57.67 0.901 -0.434 -0
85.346 59.58 57.144 0.901 -0.217 -0.376
85.346 60.188 57.144 0.901 0.217 -0.376
84.958 60.979 57.67 0.623 0.782 0
84.958 60.805 58.262 0.623 0.658 0.423
84.958 60.339 58.666 0.623 0.325 0.711
84.958 59.728 58.753 0.623 -0.111 0.774
84.958 59.728 56.587 0.623 -0.111 -0.774
84.958 60.339 56.674 0.623 0.325 -0.711
84.958 60.805 57.078 0.623 0.658 -0.423
84.397 61.114 58.262 0.223 0.878 0.423
84.397 60.735 58.737 0.223 0.608 0.762
84.397 60.188 59.001 0.223 0.217 0.95
84.267 57.994 57.065 0.766 -0.557 -0.321
83.788 57.894 56.542 0.5 -0.612 -0.612
83.788 58.399 56.204 0.5 -0.331 -0.8
83.201 57.638 56.505 0.174 -0.754 -0.633
83.201 58.11 56.109 0.174 -0.492 -0.853
83.201 58.688 55.898 0.174 -0.171 -0.97
82.575 57.638 56.505 -0.174 -0.754 -0.633
82.575 58.11 56.109 -0.174 -0.492 -0.853
81.988 57.894 56.542 -0.5 -0.612 -0.612
82.526 61.603 55.406 0.588 0.31 -0.747
82.526 62.128 55.757 0.588 0.572 -0.572
80.259 67.164 56.151 -0.5 0.268 0.824
83.257 66.419 51.887 0.809 -0.509 -0.294
81.927 64.847 51.943 0.588 -0.809 0
80.386 64.026 52.515 0.174 -0.968 -0.181
79.796 64.026 52.515 -0.174 -0.968 -0.181
79.241 64.232 52.517 -0.5 -0.847 -0.18
78.789 64.624 52.515 -0.766 -0.617 -0.181
78.494 65.381 52.319 -0.94 -0.171 -0.296
79.133 67.641 51.943 -0.809 0.588 0
84.855 66.548 57.045 0.223 -0.975 0
84.231 66.683 57.637 -0.223 -0.878 0.423
84.231 66.548 57.045 -0.223 -0.975 0
85.694 67.009 55.829 0.588 -0.809 0
85.608 67.068 54.915 0.5 -0.831 -0.244
85.608 67.384 54.423 0.5 -0.567 -0.654
84.939 68.69 52.36 0.951 -0.155 -0.268
84.655 67.981 52.307 0.809 -0.509 -0.294
84.655 68.411 51.877 0.809 -0.294 -0.509
84.655 68.999 51.719 0.809 -0 -0.588
82.419 70.5 51.727 -0.309 0.751 -0.584
81.861 70.494 52.276 -0.588 0.747 -0.31
81.419 70.175 52.895 -0.809 0.588 0
83.757 67.684 51.051 0.766 -0.421 -0.486
83.305 68.246 50.413 0.5 -0.091 -0.861
83.305 68.855 50.477 0.5 0.268 -0.824
82.75 69.146 50.378 0.174 0.439 -0.882
82.16 69.146 50.378 -0.174 0.439 -0.882
82.16 69.637 50.749 -0.174 0.728 -0.663
81.605 69.385 50.783 -0.5 0.579 -0.644
81.833 65.573 49.805 0.766 -0.421 -0.486
81.381 64.849 50.325 0.5 -0.847 -0.18
81.381 65.098 49.766 0.5 -0.701 -0.509
81.381 65.553 49.356 0.5 -0.433 -0.75
79.681 66.744 49.231 -0.5 0.268 -0.824
79.681 67.634 50.032 -0.5 0.791 -0.352
79.229 66.743 49.637 -0.766 0.267 -0.585
79.229 67.208 50.04 -0.766 0.541 -0.348
79.981 64.519 50.078 -0 -0.971 -0.239
79.981 64.786 49.569 -0 -0.749 -0.663
79.381 64.687 50.072 -0.5 -0.831 -0.244
79.381 65.003 49.58 -0.5 -0.567 -0.654
78.942 65.084 50.365 -0.866 -0.5 -0
78.942 65.384 49.845 -0.866 -0.25 -0.433
81.575 70.915 55.588 -0.901 0.434 0
82.343 71.523 57.249 -0.809 0.294 0.509
82.343 70.935 57.407 -0.809 -0 0.588
83.811 70.636 59.561 -0.623 0.658 0.423
83.811 70.17 59.965 -0.623 0.325 0.711
83.811 68.998 59.796 -0.623 -0.512 0.591
83.423 70.019 59.495 -0.901 0.217 0.376
83.423 69.411 59.495 -0.901 -0.217 0.376
87.908 63.421 59.865 -0.223 -0.878 0.423
87.908 63.286 59.273 -0.223 -0.975 0
87.908 63.421 58.681 -0.223 -0.878 -0.423
87.347 63.934 60.1 -0.623 -0.512 0.591
87.347 63.601 59.581 -0.623 -0.75 0.22
87.347 63.601 58.965 -0.623 -0.75 -0.22
87.347 63.934 58.446 -0.623 -0.512 -0.591
87.347 64.495 58.19 -0.623 -0.111 -0.774
86.959 64.955 59.799 -0.901 0.217 0.376
86.959 64.347 59.799 -0.901 -0.217 0.376
86.959 64.044 59.273 -0.901 -0.434 -0
86.959 64.347 58.747 -0.901 -0.217 -0.376
86.82 64.651 59.273 -1 0 0
86.751 69.433 54.893 0.809 -0.294 -0.509
87.311 72.236 52.701 1 0 0
87.172 72.843 52.701 0.901 0.434 0
87.172 72.54 53.227 0.901 0.217 0.376
87.172 71.932 53.227 0.901 -0.217 0.376
87.172 71.629 52.701 0.901 -0.434 -0
87.172 71.932 52.175 0.901 -0.217 -0.376
87.172 72.54 52.175 0.901 0.217 -0.376
86.784 71.186 52.393 0.623 -0.75 -0.22
86.784 71.519 51.874 0.623 -0.512 -0.591
86.784 72.08 51.618 0.623 -0.111 -0.774
86.784 72.691 51.705 0.623 0.325 -0.711
86.223 71.385 51.634 0.223 -0.608 -0.762
86.223 71.932 51.37 0.223 -0.217 -0.95
86.223 72.54 51.37 0.223 0.217 -0.95
85.599 71.932 51.37 -0.223 -0.217 -0.95
85.737 74.231 52.098 0.5 0.612 -0.612
85.15 74.015 51.665 0.174 0.492 -0.853
84.524 72.821 51.454 -0.174 -0.171 -0.97
84.524 73.437 51.454 -0.174 0.171 -0.97
84.524 74.015 51.665 -0.174 0.492 -0.853
84.524 74.487 52.061 -0.174 0.754 -0.633
83.937 73.129 51.641 -0.5 0 -0.866
83.937 73.726 51.76 -0.5 0.331 -0.8
83.937 74.231 52.098 -0.5 0.612 -0.612
83.458 73.129 52.043 -0.766 -0 -0.643
83.458 73.708 52.198 -0.766 0.321 -0.557
83.458 74.131 52.621 -0.766 0.557 -0.321
83.146 73.437 52.667 -0.94 0.171 -0.296
84.08 73.953 56.738 -0 0.826 0.563
83.462 74.1 56.229 -0.309 0.9 0.309
83.462 73.802 56.779 -0.309 0.751 0.584
83.462 73.341 57.203 -0.309 0.52 0.796
82.904 73.919 55.611 -0.588 0.809 0
82.904 73.796 56.23 -0.588 0.747 0.31
82.904 73.445 56.755 -0.588 0.572 0.572
82.462 73.477 55.611 -0.809 0.588 0
82.462 73.319 56.199 -0.809 0.509 0.294
82.462 72.889 56.629 -0.809 0.294 0.509
82.462 73.319 55.023 -0.809 0.509 -0.294
82.178 72.919 55.611 -0.951 0.309 0
82.178 72.61 56.146 -0.951 0.155 0.268
82.178 72.61 55.076 -0.951 0.155 -0.268
86.713 73.041 58.494 0.623 0.782 0
86.713 72.867 59.086 0.623 0.658 0.423
86.152 73.311 58.494 0.223 0.975 0
86.152 73.176 59.086 0.223 0.878 0.423
86.152 72.797 59.561 0.223 0.608 0.762
85.528 73.176 59.086 -0.223 0.878 0.423
85.528 72.797 59.561 -0.223 0.608 0.762
84.967 72.867 59.086 -0.623 0.658 0.423
84.967 72.401 59.49 -0.623 0.325 0.711
85.665 70.55 63.414 -0.309 0.951 0
85.665 70.447 64.032 -0.309 0.9 0.309
85.665 66.975 62.509 -0.309 -0.836 -0.453
85.107 70.266 63.414 -0.588 0.809 0
85.107 70.143 64.033 -0.588 0.747 0.31
85.107 67.153 62.795 -0.588 -0.747 -0.31
85.107 67.504 62.27 -0.588 -0.572 -0.572
85.107 70.143 62.795 -0.588 0.747 -0.31
84.665 69.666 64.002 -0.809 0.509 0.294
84.665 67.472 63.414 -0.809 -0.588 0
84.665 67.63 62.826 -0.809 -0.509 -0.294
84.201 68.826 63.177 -1 0 0
87.115 64.152 63.146 -0.766 -0.421 -0.486
86.82 64.577 63.468 -0.94 -0.171 -0.296
89.994 61.77 61.668 -0.866 -0.5 -0
91.094 63.654 56.887 0.623 -0.512 -0.591
91.094 64.215 56.631 0.623 -0.111 -0.774
91.094 64.826 56.718 0.623 0.325 -0.711
90.533 63.141 57.122 0.223 -0.878 -0.423
90.533 63.52 56.647 0.223 -0.608 -0.762
90.533 64.067 56.383 0.223 -0.217 -0.95
90.533 64.675 56.383 0.223 0.217 -0.95
90.533 65.222 56.647 0.223 0.608 -0.762
89.909 63.006 57.714 -0.223 -0.975 0
89.909 63.141 57.122 -0.223 -0.878 -0.423
89.909 63.52 56.647 -0.223 -0.608 -0.762
89.909 64.067 56.383 -0.223 -0.217 -0.95
89.909 64.675 56.383 -0.223 0.217 -0.95
89.348 63.654 56.887 -0.623 -0.512 -0.591
89.348 64.215 56.631 -0.623 -0.111 -0.774
89.512 69.581 56.932 0.588 0 -0.809
89.512 70.2 57.055 0.588 0.31 -0.747
88.954 69.424 56.654 0.309 -0.079 -0.948
88.954 70.048 56.706 0.309 0.233 -0.922
86.468 74.956 53.985 0.901 0.434 0
86.468 74.653 54.511 0.901 0.217 0.376
86.08 74.804 54.981 0.623 0.325 0.711
86.08 75.27 53.393 0.623 0.658 -0.423
85.519 75.2 55.052 0.223 0.608 0.762
84.334 75.27 54.577 -0.623 0.658 0.423
89.325 71.437 58.2 0.5 0.866 0
89.325 71.272 57.638 0.5 0.729 -0.468
87.811 73.557 63.897 -0.766 -0.421 -0.486
84.917 68.899 66.233 -0.623 0.658 0.423
84.529 68.282 66.167 -0.901 0.217 0.376
84.529 67.674 66.167 -0.901 -0.217 0.376
84.529 67.371 65.641 -0.901 -0.434 -0
84.39 67.978 65.641 -1 0 0
85.811 63.958 67.343 -0.623 -0.512 0.591
85.423 64.371 67.042 -0.901 -0.217 0.376
85.423 64.068 66.516 -0.901 -0.434 -0
85.423 64.371 65.99 -0.901 -0.217 -0.376
85.284 64.675 66.516 -1 0 0
87.276 62.534 66.103 -0.309 -0.938 -0.157
86.718 62.915 67.035 -0.588 -0.747 0.31
86.718 62.792 66.416 -0.588 -0.809 0
86.718 62.915 65.797 -0.588 -0.747 -0.31
92.709 63.05 58.607 0.5 -0.567 -0.654
93.534 63.777 59.082 0.809 -0.294 -0.509
93.534 64.365 58.924 0.809 -0 -0.588
93.534 64.953 59.082 0.809 0.294 -0.509
93.092 64.365 58.482 0.588 0 -0.809
93.092 64.984 58.605 0.588 0.31 -0.747
91.195 69.287 58.453 0.866 0.25 -0.433
90.946 70.074 59.47 0.809 0.588 0
90.504 70.516 59.47 0.588 0.809 0
90.813 70.21 61.776 0.588 0.809 0
93.203 71.077 65.703 0.223 -0.608 -0.762
93.203 71.624 65.439 0.223 -0.217 -0.95
93.203 72.232 65.439 0.223 0.217 -0.95
92.579 71.624 65.439 -0.223 -0.217 -0.95
91.577 74.623 63.965 0.951 -0.309 -0
88.057 75.241 62.789 -0.809 -0 -0.588
88.057 75.829 62.947 -0.809 0.294 -0.509
87.773 75.55 63.43 -0.951 0.155 -0.268
87.028 74.567 64.763 -0.809 -0 -0.588
87.028 75.155 64.921 -0.809 0.294 -0.509
86.744 74.876 65.404 -0.951 0.155 -0.268
86.504 73.004 66.661 -0.94 -0.342 -0
86.504 73.294 66.157 -0.94 -0.171 -0.296
86.401 73.585 66.661 -1 0 0
86.268 71.003 68.299 -0.866 0.5 0
85.267 67.857 68.495 -0.94 0.342 0
87.575 63.219 69.053 -0.5 -0.567 0.654
89.933 61.676 67.235 -0 -0.989 -0.149
89.315 61.778 67.22 -0.309 -0.938 -0.157
91.052 60.959 64.181 -0.5 -0.831 0.244
94.792 62.839 63.757 0.901 0.434 0
94.792 62.536 64.283 0.901 0.217 0.376
94.404 62.687 64.753 0.623 0.325 0.711
94.404 62.076 64.84 0.623 -0.111 0.774
93.843 61.928 65.088 0.223 -0.217 0.95
93.843 61.381 64.824 0.223 -0.608 0.762
94.818 60.969 63.305 0.866 -0.5 -0
94.818 61.269 62.785 0.866 -0.25 -0.433
94.379 60.572 63.598 0.5 -0.831 0.244
93.042 59.732 61.373 0.5 -0.831 -0.244
92.442 59.564 61.953 -0 -0.971 0.239
92.442 59.564 61.379 -0 -0.971 -0.239
92.442 59.831 60.87 -0 -0.749 -0.663
91.842 59.732 61.959 -0.5 -0.831 0.244
91.842 59.732 61.373 -0.5 -0.831 -0.244
93.922 61.145 60.768 0.901 -0.217 -0.376
93.534 60.732 60.467 0.623 -0.512 -0.591
93.534 61.293 60.211 0.623 -0.111 -0.774
92.973 60.598 60.227 0.223 -0.608 -0.762
94.632 63.771 61.21 1 0 0
94.471 63.471 60.69 0.866 -0.25 -0.433
94.105 65.034 61.411 0.809 0.588 0
94.105 64.876 61.999 0.809 0.509 0.294
92.845 69.161 66.924 0.588 -0.572 -0.572
94.304 69.216 67.851 0.309 -0.644 -0.7
94.746 71.703 66.437 0.866 -0.25 -0.433
94.746 72.303 66.437 0.866 0.25 -0.433
91.386 74.712 62.305 0.901 -0.217 -0.376
90.998 73.966 62.523 0.623 -0.75 -0.22
90.998 74.299 62.004 0.623 -0.512 -0.591
90.998 74.86 61.748 0.623 -0.111 -0.774
90.437 73.786 62.239 0.223 -0.878 -0.423
90.437 74.165 61.764 0.223 -0.608 -0.762
90.437 74.712 61.5 0.223 -0.217 -0.95
89.813 74.165 61.764 -0.223 -0.608 -0.762
89.813 74.712 61.5 -0.223 -0.217 -0.95
88.087 78.435 61.621 -0.5 -0.567 -0.654
87.717 80.206 63.24 -0.623 0.782 0
87.717 80.032 63.832 -0.623 0.658 0.423
87.329 79.718 63.24 -0.901 0.434 0
87.329 79.415 63.766 -0.901 0.217 0.376
87.329 78.504 63.24 -0.901 -0.434 -0
87.19 79.111 63.24 -1 0 0
86.814 76.501 66.469 -0.951 0.309 0
86.814 76.192 67.004 -0.951 0.155 0.268
86.814 76.192 65.934 -0.951 0.155 -0.268
86.754 74.049 67.967 -0.866 0.25 0.433
86.737 71.635 70.089 -0.588 0.809 0
86.48 70.217 71.921 -0.223 0.217 0.95
86.48 69.609 71.921 -0.223 -0.217 0.95
85.919 70.834 71.182 -0.623 0.658 0.423
85.919 70.368 71.586 -0.623 0.325 0.711
85.919 69.757 71.673 -0.623 -0.111 0.774
85.919 69.196 71.417 -0.623 -0.512 0.591
85.531 70.52 70.59 -0.901 0.434 0
85.531 70.217 71.116 -0.901 0.217 0.376
85.531 69.609 71.116 -0.901 -0.217 0.376
85.531 70.217 70.064 -0.901 0.217 -0.376
85.392 69.913 70.59 -1 0 0
85.349 66.891 69.726 -0.866 -0.25 0.433
87.114 66.799 71.981 -0.766 0.267 0.585
87.114 66.189 72.069 -0.766 -0.091 0.636
87.114 65.629 71.813 -0.766 -0.421 0.486
87.114 65.297 71.295 -0.766 -0.617 0.181
86.819 66.054 71.491 -0.94 -0.171 0.296
89.51 64.184 72.479 -0 -0.901 0.434
88.892 64.313 72.516 -0.309 -0.836 0.453
88.334 64.842 72.755 -0.588 -0.572 0.572
88.334 64.491 72.23 -0.588 -0.747 0.31
89.318 62.548 70.18 -0.5 -0.567 0.654
90.723 61.843 69.585 0.174 -0.837 0.518
90.723 61.62 69.012 0.174 -0.968 0.181
90.133 61.62 69.012 -0.174 -0.968 0.181
89.578 61.826 69.01 -0.5 -0.847 0.18
92.297 62.452 68.77 0.866 -0.5 -0
91.858 62.055 69.063 0.5 -0.831 0.244
93.587 64.635 64.932 0.866 0.25 0.433
93.574 65.235 63.695 0.809 0.588 0
96.1 69.793 71.139 0.951 -0.155 0.268
96.1 69.484 70.604 0.951 -0.309 -0
96.1 69.793 70.069 0.951 -0.155 -0.268
95.816 69.084 71.192 0.809 -0.509 0.294
95.816 69.084 70.016 0.809 -0.509 -0.294
95.521 70.197 68.176 0.866 -0.25 -0.433
96.474 75.04 69.685 1 0 0
96.335 75.647 69.685 0.901 0.434 0
96.335 75.344 70.211 0.901 0.217 0.376
96.335 74.736 70.211 0.901 -0.217 0.376
96.335 74.433 69.685 0.901 -0.434 -0
96.335 74.736 69.159 0.901 -0.217 -0.376
96.335 75.344 69.159 0.901 0.217 -0.376
95.947 76.135 69.685 0.623 0.782 0
95.947 75.961 70.277 0.623 0.658 0.423
95.947 75.495 70.681 0.623 0.325 0.711
95.947 74.884 70.768 0.623 -0.111 0.774
95.947 74.884 68.602 0.623 -0.111 -0.774
95.947 75.495 68.689 0.623 0.325 -0.711
95.386 75.891 70.752 0.223 0.608 0.762
95.17 79.427 64.719 1 0 0
95.072 80.045 64.719 0.951 0.309 0
95.072 79.118 64.184 0.951 -0.155 -0.268
95.072 79.736 64.184 0.951 0.155 -0.268
94.788 78.839 63.701 0.809 -0.294 -0.509
94.788 79.427 63.543 0.809 -0 -0.588
93.411 77.81 62.47 0.588 -0.572 -0.572
94.066 79.602 60.124 1 0 0
93.927 78.995 60.124 0.901 -0.434 -0
93.927 79.298 59.598 0.901 -0.217 -0.376
93.927 79.906 59.598 0.901 0.217 -0.376
93.539 78.552 59.816 0.623 -0.75 -0.22
93.539 78.885 59.297 0.623 -0.512 -0.591
93.539 79.446 59.041 0.623 -0.111 -0.774
93.539 80.057 59.128 0.623 0.325 -0.711
92.978 78.237 60.124 0.223 -0.975 0
92.978 78.372 59.532 0.223 -0.878 -0.423
92.978 78.751 59.057 0.223 -0.608 -0.762
92.354 78.372 59.532 -0.223 -0.878 -0.423
90.012 78.686 58.859 -0 -0.989 -0.149
89.394 78.788 58.844 -0.309 -0.938 -0.157
87.53 81.047 59.461 -0.809 -0.294 0.509
87.53 80.617 59.031 -0.809 -0.509 0.294
87.246 81.326 58.978 -0.951 -0.155 0.268
87.383 82.274 59.952 -0.901 -0.217 0.376
91.69 85.288 61.155 0.951 0.309 0
91.69 84.979 61.69 0.951 0.155 0.268
91.406 85.688 60.567 0.809 0.509 -0.294
88.612 83.526 62.299 -0.588 -0.572 0.572
87.212 79.829 69.996 -0.223 0.975 0
87.212 79.315 68.929 -0.223 0.608 -0.762
87.212 79.694 69.404 -0.223 0.878 -0.423
86.651 79.559 69.996 -0.623 0.782 0
86.651 78.919 69 -0.623 0.325 -0.711
86.651 79.385 69.404 -0.623 0.658 -0.423
86.263 79.071 69.996 -0.901 0.434 0
86.263 78.768 69.47 -0.901 0.217 -0.376
86.262 74.369 71.819 -0.588 -0.747 -0.31
86.262 74.72 71.294 -0.588 -0.572 -0.572
89.943 75.979 73.761 0.588 0.31 0.747
89.943 75.36 73.884 0.588 -0 0.809
89.385 76.4 73.858 0.309 0.52 0.796
89.385 75.827 74.11 0.309 0.233 0.922
89.385 75.203 74.162 0.309 -0.079 0.948
88.767 74.915 74.216 -0 -0.223 0.975
88.622 68.135 76.076 -0.223 0.975 0
88.622 68 76.668 -0.223 0.878 0.423
88.622 67.621 77.143 -0.223 0.608 0.762
88.061 67.865 76.076 -0.623 0.782 0
88.061 67.691 76.668 -0.623 0.658 0.423
88.061 67.225 77.072 -0.623 0.325 0.711
88.061 66.614 77.159 -0.623 -0.111 0.774
88.061 66.053 76.903 -0.623 -0.512 0.591
88.061 65.72 75.768 -0.623 -0.75 -0.22
88.061 67.691 75.484 -0.623 0.658 -0.423
87.673 67.377 76.076 -0.901 0.434 0
87.673 67.074 76.602 -0.901 0.217 0.376
87.673 66.466 76.602 -0.901 -0.217 0.376
87.673 66.163 76.076 -0.901 -0.434 -0
87.673 66.466 75.55 -0.901 -0.217 -0.376
87.673 67.074 75.55 -0.901 0.217 -0.376
87.534 66.77 76.076 -1 0 0
90.583 64.465 76.831 0.174 -0.925 0.337
89.957 64.773 77.364 -0.174 -0.754 0.633
89.957 64.465 76.831 -0.174 -0.925 0.337
89.957 64.358 76.225 -0.174 -0.985 0
89.957 64.465 75.619 -0.174 -0.925 -0.337
89.37 65.534 77.665 -0.5 -0.331 0.8
89.37 65.029 77.327 -0.5 -0.612 0.612
89.37 64.691 76.822 -0.5 -0.8 0.331
89.37 64.572 76.225 -0.5 -0.866 0
89.37 64.691 75.628 -0.5 -0.8 -0.331
94.038 65.327 75.739 0.809 -0.294 0.509
94.038 64.897 75.309 0.809 -0.509 0.294
93.596 65.296 76.216 0.588 -0.31 0.747
93.596 64.771 75.865 0.588 -0.572 0.572
93.207 64.142 71.138 0.588 -0.809 0
95.361 65.592 70.714 0.866 -0.5 -0
95.361 65.892 70.194 0.866 -0.25 -0.433
94.922 65.195 70.421 0.5 -0.831 -0.244
94.922 65.511 69.929 0.5 -0.567 -0.654
95.042 68.031 73.555 0.901 -0.217 0.376
96.105 70.626 73.533 1 0 0
95.966 71.233 73.533 0.901 0.434 0
95.966 70.93 74.059 0.901 0.217 0.376
95.966 70.322 74.059 0.901 -0.217 0.376
95.966 70.019 73.533 0.901 -0.434 -0
95.578 71.721 73.533 0.623 0.782 0
95.578 71.547 74.125 0.623 0.658 0.423
95.578 71.081 74.529 0.623 0.325 0.711
95.578 70.47 74.616 0.623 -0.111 0.774
95.578 69.909 74.36 0.623 -0.512 0.591
95.017 71.856 74.125 0.223 0.878 0.423
95.017 71.477 74.6 0.223 0.608 0.762
95.017 70.93 74.864 0.223 0.217 0.95
95.017 70.322 74.864 0.223 -0.217 0.95
94.393 71.477 74.6 -0.223 0.608 0.762
96.037 71.208 70.818 0.866 0.5 0
94.48 74.176 72.338 0.623 0.325 0.711
93.919 74.572 72.409 0.223 0.608 0.762
93.919 74.025 72.673 0.223 0.217 0.95
93.295 74.025 72.673 -0.223 0.217 0.95
93.078 78.025 71.404 0.809 -0 0.588
95.828 78.96 67.324 1 0 0
95.689 79.567 67.324 0.901 0.434 0
95.689 79.264 67.85 0.901 0.217 0.376
95.689 78.656 67.85 0.901 -0.217 0.376
95.689 78.353 67.324 0.901 -0.434 -0
95.689 78.656 66.798 0.901 -0.217 -0.376
95.689 79.264 66.798 0.901 0.217 -0.376
95.301 79.415 68.32 0.623 0.325 0.711
94.625 81.894 67.623 0.901 0.434 0
94.625 81.591 68.149 0.901 0.217 0.376
94.237 82.382 67.623 0.623 0.782 0
94.237 82.208 68.215 0.623 0.658 0.423
94.237 81.742 68.619 0.623 0.325 0.711
94.237 82.208 67.031 0.623 0.658 -0.423
93.676 82.652 67.623 0.223 0.975 0
93.676 82.517 68.215 0.223 0.878 0.423
93.676 82.138 68.69 0.223 0.608 0.762
93.676 81.591 68.954 0.223 0.217 0.95
93.676 82.517 67.031 0.223 0.878 -0.423
93.052 82.652 67.623 -0.223 0.975 0
93.052 82.517 68.215 -0.223 0.878 0.423
93.052 82.138 68.69 -0.223 0.608 0.762
93.052 82.517 67.031 -0.223 0.878 -0.423
92.491 82.382 67.623 -0.623 0.782 0
92.491 82.208 68.215 -0.623 0.658 0.423
92.491 82.208 67.031 -0.623 0.658 -0.423
92.103 81.894 67.623 -0.901 0.434 0
94.221 81.278 64.439 0.5 0.866 0
94.016 81.593 61.769 1 0 0
93.877 82.2 61.769 0.901 0.434 0
93.877 81.897 61.243 0.901 0.217 -0.376
93.489 82.688 61.769 0.623 0.782 0
93.489 82.514 62.361 0.623 0.658 0.423
93.489 82.514 61.177 0.623 0.658 -0.423
90.862 79.789 55.506 0.901 -0.434 -0
90.862 80.092 54.98 0.901 -0.217 -0.376
90.474 79.346 55.198 0.623 -0.75 -0.22
90.474 79.679 54.679 0.623 -0.512 -0.591
89.913 79.031 55.506 0.223 -0.975 0
89.913 79.166 54.914 0.223 -0.878 -0.423
86.894 78.792 56.447 -0 -0.749 0.663
87.435 78.214 55.084 0.309 -0.938 0.157
86.817 78.288 55.639 -0 -0.901 0.434
84.527 82.315 57.528 -0.309 -0.644 0.7
86.73 84.99 60.768 -0.809 -0.509 0.294
91.307 86.268 61.971 0.94 0.342 0
91.307 85.978 62.475 0.94 0.171 0.296
91.012 86.606 62.562 0.766 0.541 0.348
91.012 86.141 62.965 0.766 0.267 0.585
91.012 85.531 63.053 0.766 -0.091 0.636
90.56 86.142 63.371 0.5 0.268 0.824
90.56 85.533 63.435 0.5 -0.091 0.861
90.005 85.841 63.638 0.174 0.091 0.981
90.005 85.229 63.581 0.174 -0.27 0.947
89.415 85.841 63.638 -0.174 0.091 0.981
89.415 85.229 63.581 -0.174 -0.27 0.947
91.955 84.122 57.497 0.951 0.155 -0.268
90.499 80.899 70.15 -0.5 0.866 0
90.499 80.734 69.588 -0.5 0.729 -0.468
88.532 78.562 72.265 0.309 0.52 0.796
87.914 79.174 71.8 -0 0.826 0.563
87.296 79.023 71.841 -0.309 0.751 0.584
85.711 78.106 72.246 -0.5 0.729 0.468
85.272 77.832 71.684 -0.866 0.5 0
85.272 77.532 72.204 -0.866 0.25 0.433
85.272 77.532 71.164 -0.866 0.25 -0.433
85.111 77.232 71.684 -1 0 0
86.929 75.161 74.598 0.223 -0.217 0.95
86.305 75.769 74.598 -0.223 0.217 0.95
86.305 75.161 74.598 -0.223 -0.217 0.95
86.305 74.614 74.334 -0.223 -0.608 0.762
86.305 74.235 73.859 -0.223 -0.878 0.423
85.744 75.92 74.263 -0.623 0.325 0.711
85.744 75.309 74.35 -0.623 -0.111 0.774
85.744 74.748 74.094 -0.623 -0.512 0.591
85.744 74.415 73.575 -0.623 -0.75 0.22
85.356 75.769 73.793 -0.901 0.217 0.376
85.356 75.161 73.793 -0.901 -0.217 0.376
85.356 74.858 73.267 -0.901 -0.434 -0
85.217 75.465 73.267 -1 0 0
88.056 77.365 73.606 0.309 0.751 0.584
88.056 76.904 74.03 0.309 0.52 0.796
87.438 77.111 74.002 -0 0.623 0.782
89.666 73.966 73.568 0.5 -0.567 0.654
89.066 73.749 73.579 -0 -0.749 0.663
92.547 70.365 75.267 0.223 0.217 0.95
91.923 71.291 74.528 -0.223 0.878 0.423
91.923 70.912 75.003 -0.223 0.608 0.762
91.923 70.365 75.267 -0.223 0.217 0.95
91.362 71.156 73.936 -0.623 0.782 0
91.362 70.982 74.528 -0.623 0.658 0.423
91.362 70.516 74.932 -0.623 0.325 0.711
90.974 70.365 74.462 -0.901 0.217 0.376
92.402 66.819 77.899 0.901 0.217 0.376
92.014 67.436 77.965 0.623 0.658 0.423
92.014 66.97 78.369 0.623 0.325 0.711
92.014 66.359 78.456 0.623 -0.111 0.774
92.014 65.798 78.2 0.623 -0.512 0.591
91.453 67.745 77.965 0.223 0.878 0.423
91.453 67.366 78.44 0.223 0.608 0.762
91.453 66.819 78.704 0.223 0.217 0.95
91.453 66.211 78.704 0.223 -0.217 0.95
91.453 65.664 78.44 0.223 -0.608 0.762
90.829 67.745 77.965 -0.223 0.878 0.423
90.829 67.366 78.44 -0.223 0.608 0.762
90.829 66.819 78.704 -0.223 0.217 0.95
90.829 66.211 78.704 -0.223 -0.217 0.95
90.829 65.664 78.44 -0.223 -0.608 0.762
90.268 66.97 78.369 -0.623 0.325 0.711
93.09 63.99 75.289 0.5 -0.831 0.244
92.49 64.089 75.792 -0 -0.749 0.663
92.49 63.822 75.283 -0 -0.971 0.239
94.034 66.729 75.829 0.866 0.25 0.433
95.034 65.857 73.365 1 0 0
94.873 65.257 73.365 0.866 -0.5 -0
94.064 64.443 73.295 0.588 -0.809 0
94.064 64.566 72.676 0.588 -0.747 -0.31
92.221 80.255 71.348 0.623 0.658 0.423
92.221 79.789 71.752 0.623 0.325 0.711
91.66 80.185 71.823 0.223 0.608 0.762
91.66 79.638 72.087 0.223 0.217 0.95
91.036 80.185 71.823 -0.223 0.608 0.762
91.036 79.638 72.087 -0.223 0.217 0.95
86.813 78.156 72.735 -0.174 0.728 0.663
91.705 81.737 56.527 0.866 -0.25 -0.433
90.9 82.428 53.898 1 0 0
90.761 83.035 53.898 0.901 0.434 0
90.761 82.124 53.372 0.901 -0.217 -0.376
90.761 82.732 53.372 0.901 0.217 -0.376
90.373 81.711 53.071 0.623 -0.512 -0.591
90.373 82.272 52.815 0.623 -0.111 -0.774
90.373 82.883 52.902 0.623 0.325 -0.711
90.373 83.349 53.306 0.623 0.658 -0.423
89.812 81.577 52.831 0.223 -0.608 -0.762
89.812 82.124 52.567 0.223 -0.217 -0.95
89.812 82.732 52.567 0.223 0.217 -0.95
89.812 83.279 52.831 0.223 0.608 -0.762
89.812 83.658 53.306 0.223 0.878 -0.423
89.188 82.124 52.567 -0.223 -0.217 -0.95
89.188 82.732 52.567 -0.223 0.217 -0.95
89.188 83.279 52.831 -0.223 0.608 -0.762
89.188 83.658 53.306 -0.223 0.878 -0.423
87.904 78.522 53.863 0.5 -0.831 -0.244
87.904 78.838 53.371 0.5 -0.567 -0.654
85.697 78.953 52.028 0.309 -0.836 -0.453
85.079 80.181 50.983 -0 -0.223 -0.975
85.079 80.775 50.939 -0 0.075 -0.997
84.743 79.402 56.105 -0.309 -0.382 0.871
84.743 78.878 55.762 -0.309 -0.644 0.7
82.903 81.505 55.95 -0.588 -0.31 0.747
82.461 81.536 55.473 -0.809 -0.294 0.509
82.055 83.745 56.393 -0.588 -0.31 0.747
81.613 83.776 55.916 -0.809 -0.294 0.509
81.613 83.346 55.486 -0.809 -0.509 0.294
81.329 84.673 55.433 -0.951 0.155 0.268
83.652 85.621 58.522 -0.309 -0.079 0.948
83.094 85.778 58.244 -0.588 -0 0.809
83.094 85.159 58.121 -0.588 -0.31 0.747
82.652 85.778 57.802 -0.809 -0 0.588
82.652 85.19 57.644 -0.809 -0.294 0.509
84.608 84.575 58.737 -0.309 -0.079 0.948
84.608 83.968 58.583 -0.309 -0.382 0.871
85.375 87.107 60.73 -0.809 -0.294 0.509
85.375 86.677 60.3 -0.809 -0.509 0.294
87.708 87.049 63.517 -0.309 -0.382 0.871
87.15 87.194 63.27 -0.588 -0.31 0.747
86.708 87.813 62.951 -0.809 -0 0.588
86.708 87.225 62.793 -0.809 -0.294 0.509
89.89 88.762 63.309 0.901 0.217 0.376
89.502 89.553 62.783 0.623 0.782 0
89.502 89.379 63.375 0.623 0.658 0.423
89.502 88.913 63.779 0.623 0.325 0.711
89.502 88.302 63.866 0.623 -0.111 0.774
88.941 89.823 62.783 0.223 0.975 0
88.941 89.688 63.375 0.223 0.878 0.423
88.941 89.309 63.85 0.223 0.608 0.762
88.941 88.762 64.114 0.223 0.217 0.95
88.941 88.154 64.114 0.223 -0.217 0.95
88.317 89.688 63.375 -0.223 0.878 0.423
88.317 89.309 63.85 -0.223 0.608 0.762
88.317 88.762 64.114 -0.223 0.217 0.95
88.317 88.154 64.114 -0.223 -0.217 0.95
87.756 89.379 63.375 -0.623 0.658 0.423
87.756 88.913 63.779 -0.623 0.325 0.711
89.944 88.831 61.187 0.809 0.509 -0.294
89.502 88.957 60.631 0.588 0.572 -0.572
89.502 89.308 61.156 0.588 0.747 -0.31
88.169 88.314 58.217 0.588 0.31 -0.747
88.169 88.839 58.568 0.588 0.572 -0.572
90.859 85.969 57.099 0.623 0.782 0
90.859 85.329 56.103 0.623 0.325 -0.711
90.859 85.795 56.507 0.623 0.658 -0.423
90.298 86.239 57.099 0.223 0.975 0
90.298 86.104 56.507 0.223 0.878 -0.423
89.344 85.427 55.585 -0 0.568 -0.823
85.943 82.728 51.599 0.588 0.31 -0.747
86.41 79.759 51.539 0.5 -0.567 -0.654
86.41 80.292 51.295 0.5 -0.123 -0.857
84.225 82.894 50.745 0.223 0.217 -0.95
84.225 83.441 51.009 0.223 0.608 -0.762
83.601 82.286 50.745 -0.223 -0.217 -0.95
83.601 82.894 50.745 -0.223 0.217 -0.95
83.04 82.434 50.993 -0.623 -0.111 -0.774
83.6 78.745 51.858 -0.223 -0.878 -0.423
83.6 79.124 51.383 -0.223 -0.608 -0.762
83.6 79.671 51.119 -0.223 -0.217 -0.95
83.039 79.258 51.623 -0.623 -0.512 -0.591
83.039 79.819 51.367 -0.623 -0.111 -0.774
82.762 78.886 53.371 -0.5 -0.831 0.244
82.323 79.583 53.598 -0.866 -0.25 0.433
82.323 79.283 53.078 -0.866 -0.5 -0
82.162 79.883 53.078 -1 0 0
82.064 85.072 52.977 -0.223 0.608 -0.762
81.503 84.676 53.048 -0.623 0.325 -0.711
81.503 85.142 53.452 -0.623 0.658 -0.423
81.115 84.828 54.044 -0.901 0.434 0
81.115 83.614 54.044 -0.901 -0.434 -0
81.115 83.917 53.518 -0.901 -0.217 -0.376
81.115 84.525 53.518 -0.901 0.217 -0.376
80.976 84.221 54.044 -1 0 0
82.754 87.188 54.934 -0 0.885 -0.465
82.154 87.164 55.492 -0.5 0.866 0
82.154 86.999 54.93 -0.5 0.729 -0.468
81.715 86.725 55.492 -0.866 0.5 0
81.715 86.425 56.012 -0.866 0.25 0.433
83.891 88.065 56.661 -0.223 0.878 -0.423
83.33 87.93 57.253 -0.623 0.782 0
86.916 88.781 57.584 0.5 0.268 -0.824
86.916 89.311 57.89 0.5 0.579 -0.644
86.916 89.671 58.385 0.5 0.791 -0.352
86.361 89.072 57.485 0.174 0.439 -0.882
86.361 89.563 57.856 0.174 0.728 -0.663
85.771 89.563 57.856 -0.174 0.728 -0.663
87.057 90.296 61.044 -0 1 0
86.457 89.97 61.606 -0.5 0.729 0.468
88.25 89.672 60.27 0.5 0.791 -0.352
84.407 85.508 53.754 0.588 0.572 -0.572
83.231 85.611 53.334 -0 0.623 -0.782
85.446 86.922 55.482 0.588 0.572 -0.572
84.888 87.279 55.458 0.309 0.751 -0.584
84.27 87.43 55.499 -0 0.826 -0.563
85.757 90.285 59.246 -0 1 0
85.157 90.124 59.246 -0.5 0.866 0
85.157 89.959 59.808 -0.5 0.729 0.468
85.157 89.959 58.684 -0.5 0.729 -0.468
84.718 89.685 59.246 -0.866 0.5 0
81.54 66.634 49.028 0.5 -0.123 -0.857
81.54 67.214 49.112 0.5 0.36 -0.788
80.94 66.927 48.866 -0 0.121 -0.993
80.94 67.464 49.069 -0 0.568 -0.823
82.584 62.735 57.083 0.5 0.866 0
82.261 62.367 61 1 0 0
82.122 62.671 61.526 0.901 0.217 0.376
82.122 62.063 61.526 0.901 -0.217 0.376
81.734 62.822 61.996 0.623 0.325 0.711
81.734 62.211 62.083 0.623 -0.111 0.774
81.734 61.65 61.827 0.623 -0.512 0.591
81.734 61.317 61.308 0.623 -0.75 0.22
81.173 62.671 62.331 0.223 0.217 0.95
77.605 63.466 68.343 0.866 0.5 0
82.104 60.546 54.959 0.5 -0.123 -0.857
81.504 60.268 54.866 -0 -0.355 -0.935
81.504 60.839 54.797 -0 0.121 -0.993
3 0 4 3054
3 3054 4 3057
3 3054 3057 3055
3 3055 3057 3058
3 3055 3058 3056
3 3056 3058 3059
3 3056 3059 1
3 1 3059 3
3 4 3061 3060
3 3060 3061 3062
3 3060 3062 5
3 5 3062 3063
3 3061 7 3062
3 3062 7 3064
3 3062 3064 3063
3 3063 3064 6
3 7 3066 3065
3 3065 3066 3067
3 3065 3067 8
3 8 3067 3068
3 3066 10 3067
3 3067 10 3069
3 3067 3069 3068
3 3068 3069 9
3 10 3071 3070
3 3070 3071 3072
3 3070 3072 11
3 11 3072 3073
3 3071 13 3072
3 3072 13 3074
3 3072 3074 3073
3 3073 3074 12
3 13 3075 14
3 14 3075 3076
3 3075 16 3076
3 3076 16 15
3 16 19 3077
3 3077 19 3078
3 3077 3078 17
3 17 3078 18
3 19 0 20
3 20 0 2
3 20 3079 18
3 18 3079 3080
3 3079 22 3080
3 3080 22 21
3 22 25 23
3 23 25 24
3 25 2 3081
3 3081 2 3084
3 3081 3084 3082
3 3082 3084 3085
3 3082 3085 3083
3 3083 3085 3086
3 3083 3086 26
3 26 3086 1
3 26 28 3087
3 3087 28 3089
3 3087 3089 3088
3 3088 3089 3090
3 3088 3090 24
3 24 3090 27
3 28 31 3091
3 3091 31 3092
3 3091 3092 29
3 29 3092 30
3 31 34 3093
3 3093 34 3096
3 3093 3096 3094
3 3094 3096 3097
3 3094 3097 3095
3 3095 3097 3098
3 3095 3098 32
3 32 3098 33
3 34 3102 3099
3 3099 3102 3103
3 3099 3103 3100
3 3100 3103 3104
3 3100 3104 3101
3 3101 3104 3105
3 3101 3105 35
3 35 3105 3106
3 3102 37 3103
3 3103 37 3107
3 3103 3107 3104
3 3104 3107 3108
3 3104 3108 3105
3 3105 3108 3109
3 3105 3109 3106
3 3106 3109 36
3 37 40 3110
3 3110 40 3112
3 3110 3112 3111
3 3111 3112 3113
3 3111 3113 38
3 38 3113 39
3 40 43 3114
3 3114 43 3117
3 3114 3117 3115
3 3115 3117 3118
3 3115 3118 3116
3 3116 3118 3119
3 3116 3119 41
3 41 3119 42
3 43 46 3120
3 3120 46 3121
3 3120 3121 44
3 44 3121 45
3 46 3122 47
3 47 3122 3123
3 3122 49 3123
3 3123 49 48
3 49 52 3124
3 3124 52 3125
3 3124 3125 50
3 50 3125 51
3 52 55 53
3 53 55 54
3 55 3 3126
3 3126 3 3128
3 3126 3128 3127
3 3127 3128 3129
3 3127 3129 56
3 56 3129 5
3 56 58 3130
3 3130 58 3132
3 3130 3132 3131
3 3131 3132 3133
3 3131 3133 54
3 54 3133 57
3 58 61 3134
3 3134 61 3135
3 3134 3135 59
3 59 3135 60
3 61 3136 62
3 62 3136 3137
3 3136 6 3137
3 3137 6 8
3 62 64 3138
3 3138 64 3139
3 3138 3139 60
3 60 3139 63
3 64 67 65
3 65 67 66
3 67 70 68
3 68 70 69
3 70 3140 71
3 71 3140 3141
3 3140 73 3141
3 3141 73 72
3 73 76 3142
3 3142 76 3143
3 3142 3143 74
3 74 3143 75
3 76 79 77
3 77 79 78
3 79 82 3144
3 3144 82 3145
3 3144 3145 80
3 80 3145 81
3 82 9 3146
3 3146 9 3147
3 3146 3147 83
3 83 3147 11
3 83 85 3148
3 3148 85 3149
3 3148 3149 81
3 81 3149 84
3 85 88 3150
3 3150 88 3151
3 3150 3151 86
3 86 3151 87
3 88 91 3152
3 3152 91 3153
3 3152 3153 89
3 89 3153 90
3 91 94 3154
3 3154 94 3155
3 3154 3155 92
3 92 3155 93
3 94 97 3156
3 3156 97 3158
3 3156 3158 3157
3 3157 3158 3159
3 3157 3159 95
3 95 3159 96
3 97 12 98
3 98 12 14
3 98 100 3160
3 3160 100 3162
3 3160 3162 3161
3 3161 3162 3163
3 3161 3163 96
3 96 3163 99
3 100 103 3164
3 3164 103 3166
3 3164 3166 3165
3 3165 3166 3167
3 3165 3167 101
3 101 3167 102
3 103 15 104
3 104 15 17
3 104 106 3168
3 3168 106 3170
3 3168 3170 3169
3 3169 3170 3171
3 3169 3171 102
3 102 3171 105
3 106 109 3172
3 3172 109 3174
3 3172 3174 3173
3 3173 3174 3175
3 3173 3175 107
3 107 3175 108
3 109 112 3176
3 3176 112 3179
3 3176 3179 3177
3 3177 3179 3180
3 3177 3180 3178
3 3178 3180 3181
3 3178 3181 110
3 110 3181 111
3 112 115 3182
3 3182 115 3184
3 3182 3184 3183
3 3183 3184 3185
3 3183 3185 113
3 113 3185 114
3 115 118 3186
3 3186 118 3188
3 3186 3188 3187
3 3187 3188 3189
3 3187 3189 116
3 116 3189 117
3 118 3192 3190
3 3190 3192 3193
3 3190 3193 3191
3 3191 3193 3194
3 3191 3194 119
3 119 3194 3195
3 3192 121 3193
3 3193 121 3196
3 3193 3196 3194
3 3194 3196 3197
3 3194 3197 3195
3 3195 3197 120
3 125 122 124
3 121 126 123
3 126 21 3198
3 3198 21 3199
3 3198 3199 127
3 127 3199 23
3 125 3200 130
3 130 3200 3201
3 3201 3200 129
3 127 131 3202
3 3202 131 3203
3 3202 3203 128
3 131 27 3204
3 3204 27 3205
3 3204 3205 132
3 132 3205 29
3 132 30 3206
3 3206 30 3208
3 3206 3208 3207
3 3207 3208 3209
3 3207 3209 130
3 130 3209 32
3 122 134 3210
3 3210 134 3212
3 3210 3212 3211
3 3211 3212 3213
3 3211 3213 120
3 120 3213 133
3 134 33 135
3 135 33 35
3 135 137 3214
3 3214 137 3216
3 3214 3216 3215
3 3215 3216 3217
3 3215 3217 133
3 133 3217 136
3 137 140 138
3 138 140 139
3 140 143 141
3 141 143 142
3 143 146 3218
3 3218 146 3221
3 3218 3221 3219
3 3219 3221 3222
3 3219 3222 3220
3 3220 3222 3223
3 3220 3223 144
3 144 3223 145
3 146 3226 3224
3 3224 3226 3227
3 3224 3227 3225
3 3225 3227 3228
3 3225 3228 147
3 147 3228 3229
3 3226 3230 3227
3 3227 3230 3231
3 3227 3231 3228
3 3228 3231 3232
3 3228 3232 3229
3 3229 3232 3233
3 3230 149 3231
3 3231 149 3234
3 3231 3234 3232
3 3232 3234 3235
3 3232 3235 3233
3 3233 3235 148
3 149 36 150
3 150 36 38
3 150 152 3236
3 3236 152 3238
3 3236 3238 3237
3 3237 3238 3239
3 3237 3239 148
3 148 3239 151
3 152 155 3240
3 3240 155 3242
3 3240 3242 3241
3 3241 3242 3243
3 3241 3243 153
3 153 3243 154
3 155 39 3244
3 3244 39 3245
3 3244 3245 156
3 156 3245 41
3 156 158 3246
3 3246 158 3249
3 3246 3249 3247
3 3247 3249 3250
3 3247 3250 3248
3 3248 3250 3251
3 3248 3251 154
3 154 3251 157
3 158 161 3252
3 3252 161 3253
3 3252 3253 159
3 159 3253 160
3 161 164 3254
3 3254 164 3256
3 3254 3256 3255
3 3255 3256 3257
3 3255 3257 162
3 162 3257 163
3 164 42 3258
3 3258 42 3259
3 3258 3259 165
3 165 3259 44
3 165 45 163
3 163 45 47
3 162 167 3260
3 3260 167 3263
3 3260 3263 3261
3 3261 3263 3264
3 3261 3264 3262
3 3262 3264 3265
3 3262 3265 160
3 160 3265 166
3 167 48 168
3 168 48 50
3 166 3266 171
3 171 3266 3267
3 3267 3266 170
3 168 172 3268
3 3268 172 3269
3 3268 3269 169
3 172 175 3270
3 3270 175 3271
3 3270 3271 173
3 173 3271 174
3 175 3273 3272
3 3272 3273 3274
3 3272 3274 176
3 176 3274 3275
3 3273 178 3274
3 3274 178 3276
3 3274 3276 3275
3 3275 3276 177
3 178 3278 3277
3 3277 3278 3279
3 3277 3279 179
3 179 3279 3280
3 3278 181 3279
3 3279 181 3281
3 3279 3281 3280
3 3280 3281 180
3 181 3283 3282
3 3282 3283 3284
3 3282 3284 182
3 182 3284 3285
3 3283 184 3284
3 3284 184 3286
3 3284 3286 3285
3 3285 3286 183
3 184 3287 185
3 185 3287 3288
3 3287 51 3288
3 3288 51 53
3 185 57 183
3 183 57 59
3 182 187 3289
3 3289 187 3290
3 3289 3290 180
3 180 3290 186
3 187 190 3291
3 3291 190 3292
3 3291 3292 188
3 188 3292 189
3 190 193 3293
3 3293 193 3294
3 3293 3294 191
3 191 3294 192
3 193 63 194
3 194 63 65
3 194 66 192
3 192 66 68
3 191 196 3295
3 3295 196 3296
3 3295 3296 189
3 189 3296 195
3 196 3297 197
3 197 3297 3298
3 3297 69 3298
3 3298 69 71
3 197 199 3299
3 3299 199 3300
3 3299 3300 195
3 195 3300 198
3 199 202 200
3 200 202 201
3 202 205 203
3 203 205 204
3 205 72 3301
3 3301 72 3303
3 3301 3303 3302
3 3302 3303 3304
3 3302 3304 206
3 206 3304 74
3 206 208 3305
3 3305 208 3307
3 3305 3307 3306
3 3306 3307 3308
3 3306 3308 204
3 204 3308 207
3 208 211 209
3 209 211 210
3 211 214 212
3 212 214 213
3 214 217 3309
3 3309 217 3310
3 3309 3310 215
3 215 3310 216
3 217 220 218
3 218 220 219
3 220 223 3311
3 3311 223 3312
3 3311 3312 221
3 221 3312 222
3 223 3313 224
3 224 3313 3314
3 3313 3315 3314
3 3314 3315 3316
3 3315 226 3316
3 3316 226 225
3 226 75 3317
3 3317 75 3318
3 3317 3318 227
3 227 3318 77
3 227 78 3319
3 3319 78 3320
3 3319 3320 225
3 225 3320 80
3 224 229 3321
3 3321 229 3322
3 3321 3322 222
3 222 3322 228
3 229 84 3323
3 3323 84 3324
3 3323 3324 230
3 230 3324 86
3 230 3325 228
3 228 3325 3326
3 3325 232 3326
3 3326 232 231
3 232 235 233
3 233 235 234
3 235 87 236
3 236 87 89
3 236 90 234
3 234 90 92
3 233 3327 231
3 231 3327 3328
3 3327 3329 3328
3 3328 3329 3330
3 3329 3331 3330
3 3330 3331 3332
3 3331 238 3332
3 3332 238 237
3 238 241 239
3 239 241 240
3 241 244 3333
3 3333 244 3334
3 3333 3334 242
3 242 3334 243
3 244 3336 3335
3 3335 3336 3337
3 3335 3337 245
3 245 3337 3338
3 3336 3339 3337
3 3337 3339 3340
3 3337 3340 3338
3 3338 3340 3341
3 3339 247 3340
3 3340 247 3342
3 3340 3342 3341
3 3341 3342 246
3 247 250 3343
3 3343 250 3344
3 3343 3344 248
3 248 3344 249
3 250 253 3345
3 3345 253 3346
3 3345 3346 251
3 251 3346 252
3 253 3348 3347
3 3347 3348 3349
3 3347 3349 254
3 254 3349 3350
3 3348 3351 3349
3 3349 3351 3352
3 3349 3352 3350
3 3350 3352 3353
3 3351 3354 3352
3 3352 3354 3355
3 3352 3355 3353
3 3353 3355 3356
3 3354 256 3355
3 3355 256 3357
3 3355 3357 3356
3 3356 3357 255
3 256 105 257
3 257 105 107
3 257 259 3358
3 3358 259 3359
3 3358 3359 255
3 255 3359 258
3 259 108 260
3 260 108 110
3 260 3360 258
3 258 3360 3361
3 3360 3362 3361
3 3361 3362 3363
3 3362 3364 3363
3 3363 3364 3365
3 3364 3366 3365
3 3365 3366 3367
3 3366 3368 3367
3 3367 3368 3369
3 3368 3370 3369
3 3369 3370 3371
3 3370 262 3371
3 3371 262 261
3 262 3372 263
3 263 3372 3373
3 3372 3374 3373
3 3373 3374 3375
3 3374 265 3375
3 3375 265 264
3 265 3378 3376
3 3376 3378 3379
3 3376 3379 3377
3 3377 3379 3380
3 3377 3380 266
3 266 3380 3381
3 3378 3382 3379
3 3379 3382 3383
3 3379 3383 3380
3 3380 3383 3384
3 3380 3384 3381
3 3381 3384 3385
3 3382 268 3383
3 3383 268 3386
3 3383 3386 3384
3 3384 3386 3387
3 3384 3387 3385
3 3385 3387 267
3 268 271 3388
3 3388 271 3389
3 3388 3389 269
3 269 3389 270
3 271 274 3390
3 3390 274 3394
3 3390 3394 3391
3 3391 3394 3395
3 3391 3395 3392
3 3392 3395 3396
3 3392 3396 3393
3 3393 3396 3397
3 3393 3397 272
3 272 3397 273
3 274 111 275
3 275 111 113
3 275 114 3398
3 3398 114 3401
3 3398 3401 3399
3 3399 3401 3402
3 3399 3402 3400
3 3400 3402 3403
3 3400 3403 273
3 273 3403 116
3 272 277 3404
3 3404 277 3406
3 3404 3406 3405
3 3405 3406 3407
3 3405 3407 270
3 270 3407 276
3 277 280 3408
3 3408 280 3410
3 3408 3410 3409
3 3409 3410 3411
3 3409 3411 278
3 278 3411 279
3 280 283 3412
3 3412 283 3413
3 3412 3413 281
3 281 3413 282
3 283 117 284
3 284 117 119
3 284 286 3414
3 3414 286 3415
3 3414 3415 282
3 282 3415 285
3 286 289 287
3 287 289 288
3 289 136 3416
3 3416 136 3418
3 3416 3418 3417
3 3417 3418 3419
3 3417 3419 290
3 290 3419 138
3 290 3421 3420
3 3420 3421 3422
3 3420 3422 288
3 288 3422 3423
3 3421 3424 3422
3 3422 3424 3425
3 3422 3425 3423
3 3423 3425 3426
3 3424 292 3425
3 3425 292 3427
3 3425 3427 3426
3 3426 3427 291
3 292 295 3428
3 3428 295 3429
3 3428 3429 293
3 293 3429 294
3 295 298 296
3 296 298 297
3 298 301 3430
3 3430 301 3431
3 3430 3431 299
3 299 3431 300
3 301 304 3432
3 3432 304 3434
3 3432 3434 3433
3 3433 3434 3435
3 3433 3435 302
3 302 3435 303
3 304 307 3436
3 3436 307 3438
3 3436 3438 3437
3 3437 3438 3439
3 3437 3439 305
3 305 3439 306
3 307 310 3440
3 3440 310 3442
3 3440 3442 3441
3 3441 3442 3443
3 3441 3443 308
3 308 3443 309
3 310 3446 3444
3 3444 3446 3447
3 3444 3447 3445
3 3445 3447 3448
3 3445 3448 311
3 311 3448 3449
3 3446 3450 3447
3 3447 3450 3451
3 3447 3451 3448
3 3448 3451 3452
3 3448 3452 3449
3 3449 3452 3453
3 3450 313 3451
3 3451 313 3454
3 3451 3454 3452
3 3452 3454 3455
3 3452 3455 3453
3 3453 3455 312
3 313 139 314
3 314 139 141
3 314 316 3456
3 3456 316 3458
3 3456 3458 3457
3 3457 3458 3459
3 3457 3459 312
3 312 3459 315
3 316 142 3460
3 3460 142 3462
3 3460 3462 3461
3 3461 3462 3463
3 3461 3463 317
3 317 3463 144
3 317 3464 315
3 315 3464 3465
3 3464 3466 3465
3 3465 3466 3467
3 3466 3468 3467
3 3467 3468 3469
3 3468 3470 3469
3 3469 3470 3471
3 3470 319 3471
3 3471 319 318
3 319 322 3472
3 3472 322 3473
3 3472 3473 320
3 320 3473 321
3 322 325 3474
3 3474 325 3475
3 3474 3475 323
3 323 3475 324
3 325 145 3476
3 3476 145 3477
3 3476 3477 326
3 326 3477 147
3 326 3478 324
3 324 3478 3479
3 3478 3480 3479
3 3479 3480 3481
3 3480 321 3481
3 3481 321 323
3 320 328 318
3 318 328 327
3 328 3482 329
3 329 3482 3483
3 3482 3484 3483
3 3483 3484 3485
3 3484 331 3485
3 3485 331 330
3 331 3486 332
3 332 3486 3487
3 3486 3488 3487
3 3487 3488 3489
3 3488 3490 3489
3 3489 3490 3491
3 3490 3492 3491
3 3491 3492 3493
3 3492 3494 3493
3 3493 3494 3495
3 3494 3496 3495
3 3495 3496 3497
3 3496 151 3497
3 3497 151 153
3 332 334 330
3 330 334 333
3 334 337 335
3 335 337 336
3 337 340 3498
3 3498 340 3499
3 3498 3499 338
3 338 3499 339
3 340 343 3500
3 3500 343 3501
3 3500 3501 341
3 341 3501 342
3 343 346 3502
3 3502 346 3503
3 3502 3503 344
3 344 3503 345
3 346 3505 3504
3 3504 3505 3506
3 3504 3506 347
3 347 3506 3507
3 3505 349 3506
3 3506 349 3508
3 3506 3508 3507
3 3507 3508 348
3 349 352 350
3 350 352 351
3 352 157 3509
3 3509 157 3513
3 3509 3513 3510
3 3510 3513 3514
3 3510 3514 3511
3 3511 3514 3515
3 3511 3515 3512
3 3512 3515 3516
3 3512 3516 353
3 353 3516 159
3 353 355 3517
3 3517 355 3520
3 3517 3520 3518
3 3518 3520 3521
3 3518 3521 3519
3 3519 3521 3522
3 3519 3522 351
3 351 3522 354
3 355 358 3523
3 3523 358 3524
3 3523 3524 356
3 356 3524 357
3 358 361 3525
3 3525 361 3527
3 3525 3527 3526
3 3526 3527 3528
3 3526 3528 359
3 359 3528 360
3 361 3529 362
3 362 3529 3530
3 3529 364 3530
3 3530 364 363
3 364 367 3531
3 3531 367 3532
3 3531 3532 365
3 365 3532 366
3 367 3533 368
3 368 3533 3534
3 3533 370 3534
3 3534 370 369
3 370 373 3535
3 3535 373 3538
3 3535 3538 3536
3 3536 3538 3539
3 3536 3539 3537
3 3537 3539 3540
3 3537 3540 371
3 371 3540 372
3 373 171 3541
3 3541 171 3543
3 3541 3543 3542
3 3542 3543 3544
3 3542 3544 374
3 374 3544 173
3 374 174 372
3 372 174 176
3 371 376 3545
3 3545 376 3548
3 3545 3548 3546
3 3546 3548 3549
3 3546 3549 3547
3 3547 3549 3550
3 3547 3550 369
3 369 3550 375
3 376 379 3551
3 3551 379 3553
3 3551 3553 3552
3 3552 3553 3554
3 3552 3554 377
3 377 3554 378
3 379 3555 380
3 380 3555 3556
3 3555 177 3556
3 3556 177 179
3 380 382 3557
3 3557 382 3558
3 3557 3558 378
3 378 3558 381
3 382 385 383
3 383 385 384
3 385 388 386
3 386 388 387
3 388 3559 389
3 389 3559 3560
3 3559 391 3560
3 3560 391 390
3 391 394 3561
3 3561 394 3562
3 3561 3562 392
3 392 3562 393
3 394 397 395
3 395 397 396
3 397 186 3563
3 3563 186 3564
3 3563 3564 398
3 398 3564 188
3 398 400 3565
3 3565 400 3566
3 3565 3566 396
3 396 3566 399
3 400 3567 401
3 401 3567 3568
3 3567 3569 3568
3 3568 3569 3570
3 3569 403 3570
3 3570 403 402
3 403 198 3571
3 3571 198 3572
3 3571 3572 404
3 404 3572 200
3 404 406 402
3 402 406 405
3 406 409 407
3 407 409 408
3 409 412 3573
3 3573 412 3574
3 3573 3574 410
3 410 3574 411
3 412 201 413
3 413 201 203
3 413 415 3575
3 3575 415 3577
3 3575 3577 3576
3 3576 3577 3578
3 3576 3578 411
3 411 3578 414
3 415 418 3579
3 3579 418 3581
3 3579 3581 3580
3 3580 3581 3582
3 3580 3582 416
3 416 3582 417
3 418 207 3583
3 3583 207 3585
3 3583 3585 3584
3 3584 3585 3586
3 3584 3586 419
3 419 3586 209
3 419 421 3587
3 3587 421 3588
3 3587 3588 417
3 417 3588 420
3 421 210 422
3 422 210 212
3 422 424 3589
3 3589 424 3590
3 3589 3590 420
3 420 3590 423
3 424 213 425
3 425 213 215
3 425 427 3591
3 3591 427 3592
3 3591 3592 423
3 423 3592 426
3 431 428 430
3 427 432 429
3 432 435 3593
3 3593 435 3594
3 3593 3594 433
3 433 3594 434
3 435 3595 436
3 436 3595 3596
3 3595 3597 3596
3 3596 3597 3598
3 3597 216 3598
3 3598 216 218
3 436 438 434
3 434 438 437
3 438 3599 439
3 439 3599 3600
3 3599 441 3600
3 3600 441 440
3 441 3601 442
3 442 3601 3602
3 3601 444 3602
3 3602 444 443
3 444 219 445
3 445 219 221
3 445 3603 443
3 443 3603 3604
3 3603 237 3604
3 3604 237 239
3 442 447 3605
3 3605 447 3606
3 3605 3606 440
3 440 3606 446
3 447 240 3607
3 3607 240 3609
3 3607 3609 3608
3 3608 3609 3610
3 3608 3610 448
3 448 3610 242
3 448 3612 3611
3 3611 3612 3613
3 3611 3613 446
3 446 3613 3614
3 3612 3615 3613
3 3613 3615 3616
3 3613 3616 3614
3 3614 3616 3617
3 3615 3618 3616
3 3616 3618 3619
3 3616 3619 3617
3 3617 3619 3620
3 3618 450 3619
3 3619 450 3621
3 3619 3621 3620
3 3620 3621 449
3 450 264 3622
3 3622 264 3624
3 3622 3624 3623
3 3623 3624 3625
3 3623 3625 451
3 451 3625 266
3 451 3626 449
3 449 3626 3627
3 3626 453 3627
3 3627 453 452
3 453 456 3628
3 3628 456 3630
3 3628 3630 3629
3 3629 3630 3631
3 3629 3631 454
3 454 3631 455
3 456 3634 3632
3 3632 3634 3635
3 3632 3635 3633
3 3633 3635 3636
3 3633 3636 457
3 457 3636 3637
3 3634 459 3635
3 3635 459 3638
3 3635 3638 3636
3 3636 3638 3639
3 3636 3639 3637
3 3637 3639 458
3 459 462 3640
3 3640 462 3643
3 3640 3643 3641
3 3641 3643 3644
3 3641 3644 3642
3 3642 3644 3645
3 3642 3645 460
3 460 3645 461
3 462 465 3646
3 3646 465 3647
3 3646 3647 463
3 463 3647 464
3 465 468 3648
3 3648 468 3649
3 3648 3649 466
3 466 3649 467
3 468 279 3650
3 3650 279 3652
3 3650 3652 3651
3 3651 3652 3653
3 3651 3653 469
3 469 3653 281
3 469 471 3654
3 3654 471 3655
3 3654 3655 467
3 467 3655 470
3 471 474 3656
3 3656 474 3658
3 3656 3658 3657
3 3657 3658 3659
3 3657 3659 472
3 472 3659 473
3 474 3660 475
3 475 3660 3661
3 3660 3662 3661
3 3661 3662 3663
3 3662 3664 3663
3 3663 3664 3665
3 3664 285 3665
3 3665 285 287
3 475 477 3666
3 3666 477 3668
3 3666 3668 3667
3 3667 3668 3669
3 3667 3669 473
3 473 3669 476
3 477 3670 478
3 478 3670 3671
3 3670 291 3671
3 3671 291 293
3 478 480 3672
3 3672 480 3674
3 3672 3674 3673
3 3673 3674 3675
3 3673 3675 476
3 476 3675 479
3 480 483 3676
3 3676 483 3679
3 3676 3679 3677
3 3677 3679 3680
3 3677 3680 3678
3 3678 3680 3681
3 3678 3681 481
3 481 3681 482
3 483 486 3682
3 3682 486 3685
3 3682 3685 3683
3 3683 3685 3686
3 3683 3686 3684
3 3684 3686 3687
3 3684 3687 484
3 484 3687 485
3 486 489 3688
3 3688 489 3689
3 3688 3689 487
3 487 3689 488
3 489 492 3690
3 3690 492 3693
3 3690 3693 3691
3 3691 3693 3694
3 3691 3694 3692
3 3692 3694 3695
3 3692 3695 490
3 490 3695 491
3 492 495 3696
3 3696 495 3699
3 3696 3699 3697
3 3697 3699 3700
3 3697 3700 3698
3 3698 3700 3701
3 3698 3701 493
3 493 3701 494
3 495 294 3702
3 3702 294 3704
3 3702 3704 3703
3 3703 3704 3705
3 3703 3705 496
3 496 3705 296
3 496 297 494
3 494 297 299
3 493 498 491
3 491 498 497
3 498 501 499
3 499 501 500
3 501 504 3706
3 3706 504 3707
3 3706 3707 502
3 502 3707 503
3 504 507 3708
3 3708 507 3710
3 3708 3710 3709
3 3709 3710 3711
3 3709 3711 505
3 505 3711 506
3 507 510 3712
3 3712 510 3713
3 3712 3713 508
3 508 3713 509
3 510 300 3714
3 3714 300 3716
3 3714 3716 3715
3 3715 3716 3717
3 3715 3717 511
3 511 3717 302
3 511 3718 509
3 509 3718 3719
3 3718 3720 3719
3 3719 3720 3721
3 3720 3722 3721
3 3721 3722 3723
3 3722 3724 3723
3 3723 3724 3725
3 3724 3726 3725
3 3725 3726 3727
3 3726 3728 3727
3 3727 3728 3729
3 3728 513 3729
3 3729 513 512
3 513 3730 514
3 514 3730 3731
3 3730 516 3731
3 3731 516 515
3 516 519 517
3 517 519 518
3 519 3733 3732
3 3732 3733 3734
3 3732 3734 520
3 520 3734 3735
3 3733 3736 3734
3 3734 3736 3737
3 3734 3737 3735
3 3735 3737 3738
3 3736 522 3737
3 3737 522 3739
3 3737 3739 3738
3 3738 3739 521
3 522 303 523
3 523 303 305
3 523 306 521
3 521 306 308
3 520 3740 518
3 518 3740 3741
3 3740 3742 3741
3 3741 3742 3743
3 3742 3744 3743
3 3743 3744 3745
3 3744 3746 3745
3 3745 3746 3747
3 3746 3748 3747
3 3747 3748 3749
3 3748 309 3749
3 3749 309 311
3 517 3750 515
3 515 3750 3751
3 3750 3752 3751
3 3751 3752 3753
3 3752 3754 3753
3 3753 3754 3755
3 3754 327 3755
3 3755 327 329
3 514 333 512
3 512 333 335
3 508 3756 506
3 506 3756 3757
3 3756 3758 3757
3 3757 3758 3759
3 3758 3760 3759
3 3759 3760 3761
3 3760 3762 3761
3 3761 3762 3763
3 3762 3764 3763
3 3763 3764 3765
3 3764 525 3765
3 3765 525 524
3 525 528 3766
3 3766 528 3767
3 3766 3767 526
3 526 3767 527
3 528 3769 3768
3 3768 3769 3770
3 3768 3770 529
3 529 3770 3771
3 3769 336 3770
3 3770 336 3772
3 3770 3772 3771
3 3771 3772 338
3 529 3773 527
3 527 3773 3774
3 3773 3775 3774
3 3774 3775 3776
3 3775 339 3776
3 3776 339 341
3 526 531 3777
3 3777 531 3778
3 3777 3778 524
3 524 3778 530
3 531 3779 532
3 532 3779 3780
3 3779 534 3780
3 3780 534 533
3 534 537 535
3 535 537 536
3 537 3782 3781
3 3781 3782 3783
3 3781 3783 538
3 538 3783 3784
3 3782 540 3783
3 3783 540 3785
3 3783 3785 3784
3 3784 3785 539
3 540 342 541
3 541 342 344
3 541 3786 539
3 539 3786 3787
3 3786 3788 3787
3 3787 3788 3789
3 3788 543 3789
3 3789 543 542
3 543 546 544
3 544 546 545
3 546 549 3790
3 3790 549 3791
3 3790 3791 547
3 547 3791 548
3 549 3793 3792
3 3792 3793 3794
3 3792 3794 550
3 550 3794 3795
3 3793 552 3794
3 3794 552 3796
3 3794 3796 3795
3 3795 3796 551
3 552 3797 553
3 553 3797 3798
3 3797 345 3798
3 3798 345 347
3 553 555 3799
3 3799 555 3800
3 3799 3800 551
3 551 3800 554
3 555 558 3801
3 3801 558 3803
3 3801 3803 3802
3 3802 3803 3804
3 3802 3804 556
3 556 3804 557
3 558 348 3805
3 3805 348 3806
3 3805 3806 559
3 559 3806 350
3 559 354 3807
3 3807 354 3809
3 3807 3809 3808
3 3808 3809 3810
3 3808 3810 557
3 557 3810 356
3 556 357 554
3 554 357 359
3 550 561 548
3 548 561 560
3 561 564 3811
3 3811 564 3812
3 3811 3812 562
3 562 3812 563
3 564 3814 3813
3 3813 3814 3815
3 3813 3815 565
3 565 3815 3816
3 3814 360 3815
3 3815 360 3817
3 3815 3817 3816
3 3816 3817 362
3 565 363 563
3 563 363 365
3 562 3819 3818
3 3818 3819 3820
3 3818 3820 560
3 560 3820 3821
3 3819 567 3820
3 3820 567 3822
3 3820 3822 3821
3 3821 3822 566
3 567 3824 3823
3 3823 3824 3825
3 3823 3825 568
3 568 3825 3826
3 3824 570 3825
3 3825 570 3827
3 3825 3827 3826
3 3826 3827 569
3 570 573 3828
3 3828 573 3829
3 3828 3829 571
3 571 3829 572
3 573 576 3830
3 3830 576 3832
3 3830 3832 3831
3 3831 3832 3833
3 3831 3833 574
3 574 3833 575
3 576 3835 3834
3 3834 3835 3836
3 3834 3836 577
3 577 3836 3837
3 3835 579 3836
3 3836 579 3838
3 3836 3838 3837
3 3837 3838 578
3 579 3839 580
3 580 3839 3840
3 3839 366 3840
3 3840 366 368
3 580 375 578
3 578 375 377
3 577 582 3841
3 3841 582 3842
3 3841 3842 575
3 575 3842 581
3 582 585 3843
3 3843 585 3844
3 3843 3844 583
3 583 3844 584
3 585 588 3845
3 3845 588 3846
3 3845 3846 586
3 586 3846 587
3 588 381 589
3 589 381 383
3 589 384 587
3 587 384 386
3 586 591 3847
3 3847 591 3848
3 3847 3848 584
3 584 3848 590
3 591 3849 592
3 592 3849 3850
3 3849 387 3850
3 3850 387 389
3 592 594 3851
3 3851 594 3852
3 3851 3852 590
3 590 3852 593
3 594 3853 595
3 595 3853 3854
3 3853 597 3854
3 3854 597 596
3 597 600 598
3 598 600 599
3 600 390 3855
3 3855 390 3857
3 3855 3857 3856
3 3856 3857 3858
3 3856 3858 601
3 601 3858 392
3 601 603 3859
3 3859 603 3861
3 3859 3861 3860
3 3860 3861 3862
3 3860 3862 599
3 599 3862 602
3 603 606 3863
3 3863 606 3865
3 3863 3865 3864
3 3864 3865 3866
3 3864 3866 604
3 604 3866 605
3 606 609 607
3 607 609 608
3 609 405 3867
3 3867 405 3868
3 3867 3868 610
3 610 3868 407
3 610 612 608
3 608 612 611
3 612 615 3869
3 3869 615 3870
3 3869 3870 613
3 613 3870 614
3 615 618 3871
3 3871 618 3872
3 3871 3872 616
3 616 3872 617
3 618 408 3873
3 3873 408 3874
3 3873 3874 619
3 619 3874 410
3 619 621 617
3 617 621 620
3 621 624 3875
3 3875 624 3878
3 3875 3878 3876
3 3876 3878 3879
3 3876 3879 3877
3 3877 3879 3880
3 3877 3880 622
3 622 3880 623
3 624 627 3881
3 3881 627 3883
3 3881 3883 3882
3 3882 3883 3884
3 3882 3884 625
3 625 3884 626
3 627 630 628
3 628 630 629
3 630 414 3885
3 3885 414 3886
3 3885 3886 631
3 631 3886 416
3 631 633 629
3 629 633 632
3 633 636 3887
3 3887 636 3889
3 3887 3889 3888
3 3888 3889 3890
3 3888 3890 634
3 634 3890 635
3 636 426 3891
3 3891 426 3894
3 3891 3894 3892
3 3892 3894 3895
3 3892 3895 3893
3 3893 3895 3896
3 3893 3896 637
3 637 3896 428
3 637 639 635
3 635 639 638
3 639 642 3897
3 3897 642 3898
3 3897 3898 640
3 640 3898 641
3 642 3899 643
3 643 3899 3900
3 3899 3901 3900
3 3900 3901 3902
3 3901 645 3902
3 3902 645 644
3 645 648 3903
3 3903 648 3904
3 3903 3904 646
3 646 3904 647
3 648 651 3905
3 3905 651 3906
3 3905 3906 649
3 649 3906 650
3 651 654 3907
3 3907 654 3909
3 3907 3909 3908
3 3908 3909 3910
3 3908 3910 652
3 652 3910 653
3 654 657 3911
3 3911 657 3913
3 3911 3913 3912
3 3912 3913 3914
3 3912 3914 655
3 655 3914 656
3 657 660 3915
3 3915 660 3917
3 3915 3917 3916
3 3916 3917 3918
3 3916 3918 658
3 658 3918 659
3 660 431 3919
3 3919 431 3923
3 3919 3923 3920
3 3920 3923 3924
3 3920 3924 3921
3 3921 3924 3925
3 3921 3925 3922
3 3922 3925 3926
3 3922 3926 661
3 661 3926 433
3 661 663 3927
3 3927 663 3929
3 3927 3929 3928
3 3928 3929 3930
3 3928 3930 659
3 659 3930 662
3 663 437 664
3 664 437 439
3 664 666 3931
3 3931 666 3934
3 3931 3934 3932
3 3932 3934 3935
3 3932 3935 3933
3 3933 3935 3936
3 3933 3936 662
3 662 3936 665
3 666 669 3937
3 3937 669 3939
3 3937 3939 3938
3 3938 3939 3940
3 3938 3940 667
3 667 3940 668
3 669 3943 3941
3 3941 3943 3944
3 3941 3944 3942
3 3942 3944 3945
3 3942 3945 670
3 670 3945 3946
3 3943 452 3944
3 3944 452 3947
3 3944 3947 3945
3 3945 3947 3948
3 3945 3948 3946
3 3946 3948 454
3 670 672 668
3 668 672 671
3 672 675 3949
3 3949 675 3951
3 3949 3951 3950
3 3950 3951 3952
3 3950 3952 673
3 673 3952 674
3 675 678 3953
3 3953 678 3954
3 3953 3954 676
3 676 3954 677
3 678 455 679
3 679 455 457
3 679 681 3955
3 3955 681 3956
3 3955 3956 677
3 677 3956 680
3 681 684 3957
3 3957 684 3959
3 3957 3959 3958
3 3958 3959 3960
3 3958 3960 682
3 682 3960 683
3 684 687 3961
3 3961 687 3963
3 3961 3963 3962
3 3962 3963 3964
3 3962 3964 685
3 685 3964 686
3 687 3965 688
3 688 3965 3966
3 3965 3967 3966
3 3966 3967 3968
3 3967 458 3968
3 3968 458 460
3 688 3971 3969
3 3969 3971 3972
3 3969 3972 3970
3 3970 3972 3973
3 3970 3973 686
3 686 3973 3974
3 3971 690 3972
3 3972 690 3975
3 3972 3975 3973
3 3973 3975 3976
3 3973 3976 3974
3 3974 3976 689
3 690 3978 3977
3 3977 3978 3979
3 3977 3979 691
3 691 3979 3980
3 3978 693 3979
3 3979 693 3981
3 3979 3981 3980
3 3980 3981 692
3 693 696 694
3 694 696 695
3 696 699 697
3 697 699 698
3 699 461 3982
3 3982 461 3983
3 3982 3983 700
3 700 3983 463
3 700 702 3984
3 3984 702 3985
3 3984 3985 698
3 698 3985 701
3 702 705 3986
3 3986 705 3987
3 3986 3987 703
3 703 3987 704
3 705 708 3988
3 3988 708 3989
3 3988 3989 706
3 706 3989 707
3 708 479 3990
3 3990 479 3991
3 3990 3991 709
3 709 3991 481
3 709 704 707
3 707 704 706
3 703 711 3992
3 3992 711 3993
3 3992 3993 701
3 701 3993 710
3 711 714 3994
3 3994 714 3995
3 3994 3995 712
3 712 3995 713
3 714 3996 715
3 715 3996 3997
3 3996 717 3997
3 3997 717 716
3 717 720 718
3 718 720 719
3 720 3998 721
3 721 3998 3999
3 3998 482 3999
3 3999 482 484
3 721 4000 719
3 719 4000 4001
3 4000 4002 4001
3 4001 4002 4003
3 4002 723 4003
3 4003 723 722
3 723 726 724
3 724 726 725
3 726 729 727
3 727 729 728
3 729 485 4004
3 4004 485 4007
3 4004 4007 4005
3 4005 4007 4008
3 4005 4008 4006
3 4006 4008 4009
3 4006 4009 730
3 730 4009 487
3 730 732 4010
3 4010 732 4012
3 4010 4012 4011
3 4011 4012 4013
3 4011 4013 728
3 728 4013 731
3 732 735 4014
3 4014 735 4016
3 4014 4016 4015
3 4015 4016 4017
3 4015 4017 733
3 733 4017 734
3 735 738 4018
3 4018 738 4020
3 4018 4020 4019
3 4019 4020 4021
3 4019 4021 736
3 736 4021 737
3 738 488 4022
3 4022 488 4024
3 4022 4024 4023
3 4023 4024 4025
3 4023 4025 739
3 739 4025 490
3 739 497 737
3 737 497 499
3 742 734 741
3 736 743 740
3 743 746 4026
3 4026 746 4028
3 4026 4028 4027
3 4027 4028 4029
3 4027 4029 744
3 744 4029 745
3 746 749 747
3 747 749 748
3 749 752 4030
3 4030 752 4031
3 4030 4031 750
3 750 4031 751
3 752 4032 753
3 753 4032 4033
3 4032 4034 4033
3 4033 4034 4035
3 4034 4036 4035
3 4035 4036 4037
3 4036 500 4037
3 4037 500 502
3 753 4039 4038
3 4038 4039 4040
3 4038 4040 751
3 751 4040 4041
3 4039 755 4040
3 4040 755 4042
3 4040 4042 4041
3 4041 4042 754
3 755 758 4043
3 4043 758 4044
3 4043 4044 756
3 756 4044 757
3 758 761 4045
3 4045 761 4047
3 4045 4047 4046
3 4046 4047 4048
3 4046 4048 759
3 759 4048 760
3 761 764 4049
3 4049 764 4050
3 4049 4050 762
3 762 4050 763
3 764 767 4051
3 4051 767 4054
3 4051 4054 4052
3 4052 4054 4055
3 4052 4055 4053
3 4053 4055 4056
3 4053 4056 765
3 765 4056 766
3 767 770 4057
3 4057 770 4059
3 4057 4059 4058
3 4058 4059 4060
3 4058 4060 768
3 768 4060 769
3 770 773 4061
3 4061 773 4063
3 4061 4063 4062
3 4062 4063 4064
3 4062 4064 771
3 771 4064 772
3 773 503 4065
3 4065 503 4068
3 4065 4068 4066
3 4066 4068 4069
3 4066 4069 4067
3 4067 4069 4070
3 4067 4070 774
3 774 4070 505
3 774 4072 4071
3 4071 4072 4073
3 4071 4073 772
3 772 4073 4074
3 4072 776 4073
3 4073 776 4075
3 4073 4075 4074
3 4074 4075 775
3 776 530 4076
3 4076 530 4078
3 4076 4078 4077
3 4077 4078 4079
3 4077 4079 777
3 777 4079 532
3 777 779 4080
3 4080 779 4081
3 4080 4081 775
3 775 4081 778
3 779 782 780
3 780 782 781
3 782 785 4082
3 4082 785 4083
3 4082 4083 783
3 783 4083 784
3 785 788 4084
3 4084 788 4085
3 4084 4085 786
3 786 4085 787
3 788 4086 789
3 789 4086 4087
3 4086 4088 4087
3 4087 4088 4089
3 4088 4090 4089
3 4089 4090 4091
3 4090 533 4091
3 4091 533 535
3 789 791 4092
3 4092 791 4093
3 4092 4093 787
3 787 4093 790
3 791 4095 4094
3 4094 4095 4096
3 4094 4096 792
3 792 4096 4097
3 4095 794 4096
3 4096 794 4098
3 4096 4098 4097
3 4097 4098 793
3 794 4100 4099
3 4099 4100 4101
3 4099 4101 795
3 795 4101 4102
3 4100 536 4101
3 4101 536 4103
3 4101 4103 4102
3 4102 4103 538
3 795 4104 793
3 793 4104 4105
3 4104 4106 4105
3 4105 4106 4107
3 4106 4108 4107
3 4107 4108 4109
3 4108 542 4109
3 4109 542 544
3 792 797 4110
3 4110 797 4111
3 4110 4111 790
3 790 4111 796
3 797 800 4112
3 4112 800 4113
3 4112 4113 798
3 798 4113 799
3 800 803 4114
3 4114 803 4115
3 4114 4115 801
3 801 4115 802
3 803 4117 4116
3 4116 4117 4118
3 4116 4118 804
3 804 4118 4119
3 4117 545 4118
3 4118 545 4120
3 4118 4120 4119
3 4119 4120 547
3 804 566 802
3 802 566 568
3 801 806 799
3 799 806 805
3 806 4121 807
3 807 4121 4122
3 4121 809 4122
3 4122 809 808
3 809 812 810
3 810 812 811
3 812 815 4123
3 4123 815 4124
3 4123 4124 813
3 813 4124 814
3 815 818 4125
3 4125 818 4126
3 4125 4126 816
3 816 4126 817
3 818 4127 819
3 819 4127 4128
3 4127 569 4128
3 4128 569 571
3 819 4130 4129
3 4129 4130 4131
3 4129 4131 817
3 817 4131 4132
3 4130 572 4131
3 4131 572 4133
3 4131 4133 4132
3 4132 4133 574
3 816 4134 814
3 814 4134 4135
3 4134 4136 4135
3 4135 4136 4137
3 4136 4138 4137
3 4137 4138 4139
3 4138 581 4139
3 4139 581 583
3 813 821 4140
3 4140 821 4142
3 4140 4142 4141
3 4141 4142 4143
3 4141 4143 811
3 811 4143 820
3 821 760 822
3 822 760 762
3 822 763 4144
3 4144 763 4146
3 4144 4146 4145
3 4145 4146 4147
3 4145 4147 820
3 820 4147 765
3 810 784 808
3 808 784 786
3 807 796 805
3 805 796 798
3 783 4148 781
3 781 4148 4149
3 4148 766 4149
3 4149 766 768
3 780 769 778
3 778 769 771
3 759 824 4150
3 4150 824 4151
3 4150 4151 757
3 757 4151 823
3 824 827 4152
3 4152 827 4153
3 4152 4153 825
3 825 4153 826
3 827 593 4154
3 4154 593 4155
3 4154 4155 828
3 828 4155 595
3 828 4156 826
3 826 4156 4157
3 4156 748 4157
3 4157 748 750
3 825 754 823
3 823 754 756
3 747 4160 4158
3 4158 4160 4161
3 4158 4161 4159
3 4159 4161 4162
3 4159 4162 745
3 745 4162 4163
3 4160 830 4161
3 4161 830 4164
3 4161 4164 4162
3 4162 4164 4165
3 4162 4165 4163
3 4163 4165 829
3 830 596 831
3 831 596 598
3 831 602 4166
3 4166 602 4168
3 4166 4168 4167
3 4167 4168 4169
3 4167 4169 829
3 829 4169 604
3 744 833 4170
3 4170 833 4172
3 4170 4172 4171
3 4171 4172 4173
3 4171 4173 742
3 742 4173 832
3 834 4174 837
3 837 4174 4175
3 4175 4174 836
3 833 838 4176
3 4176 838 4177
3 4176 4177 835
3 838 841 4178
3 4178 841 4180
3 4178 4180 4179
3 4179 4180 4181
3 4179 4181 839
3 839 4181 840
3 841 614 4182
3 4182 614 4184
3 4182 4184 4183
3 4183 4184 4185
3 4183 4185 842
3 842 4185 616
3 842 844 4186
3 4186 844 4187
3 4186 4187 840
3 840 4187 843
3 844 847 4188
3 4188 847 4191
3 4188 4191 4189
3 4189 4191 4192
3 4189 4192 4190
3 4190 4192 4193
3 4190 4193 845
3 845 4193 846
3 847 850 4194
3 4194 850 4196
3 4194 4196 4195
3 4195 4196 4197
3 4195 4197 848
3 848 4197 849
3 850 620 4198
3 4198 620 4201
3 4198 4201 4199
3 4199 4201 4202
3 4199 4202 4200
3 4200 4202 4203
3 4200 4203 851
3 851 4203 622
3 851 853 849
3 849 853 852
3 853 856 4204
3 4204 856 4206
3 4204 4206 4205
3 4205 4206 4207
3 4205 4207 854
3 854 4207 855
3 856 859 4208
3 4208 859 4210
3 4208 4210 4209
3 4209 4210 4211
3 4209 4211 857
3 857 4211 858
3 859 4212 860
3 860 4212 4213
3 4212 862 4213
3 4213 862 861
3 862 4214 863
3 863 4214 4215
3 4214 865 4215
3 4215 865 864
3 865 641 4216
3 4216 641 4217
3 4216 4217 866
3 866 4217 643
3 866 868 4218
3 4218 868 4219
3 4218 4219 864
3 864 4219 867
3 868 871 4220
3 4220 871 4221
3 4220 4221 869
3 869 4221 870
3 871 874 4222
3 4222 874 4224
3 4222 4224 4223
3 4223 4224 4225
3 4223 4225 872
3 872 4225 873
3 874 877 4226
3 4226 877 4227
3 4226 4227 875
3 875 4227 876
3 877 644 4228
3 4228 644 4229
3 4228 4229 878
3 878 4229 646
3 878 647 876
3 876 647 649
3 875 4231 4230
3 4230 4231 4232
3 4230 4232 873
3 873 4232 4233
3 4231 880 4232
3 4232 880 4234
3 4232 4234 4233
3 4233 4234 879
3 880 883 881
3 881 883 882
3 883 886 4235
3 4235 886 4236
3 4235 4236 884
3 884 4236 885
3 886 889 887
3 887 889 888
3 889 892 890
3 890 892 891
3 892 4237 893
3 893 4237 4238
3 4237 650 4238
3 4238 650 652
3 893 4239 891
3 891 4239 4240
3 4239 895 4240
3 4240 895 894
3 895 898 4241
3 4241 898 4242
3 4241 4242 896
3 896 4242 897
3 898 901 899
3 899 901 900
3 901 653 902
3 902 653 655
3 902 904 900
3 900 904 903
3 904 656 4243
3 4243 656 4245
3 4243 4245 4244
3 4244 4245 4246
3 4244 4246 905
3 905 4246 658
3 905 907 4247
3 4247 907 4249
3 4247 4249 4248
3 4248 4249 4250
3 4248 4250 903
3 903 4250 906
3 907 665 908
3 908 665 667
3 908 671 4251
3 4251 671 4252
3 4251 4252 906
3 906 4252 673
3 899 910 4253
3 4253 910 4254
3 4253 4254 897
3 897 4254 909
3 910 913 911
3 911 913 912
3 913 674 914
3 914 674 676
3 914 916 4255
3 4255 916 4256
3 4255 4256 912
3 912 4256 915
3 916 919 917
3 917 919 918
3 919 680 4257
3 4257 680 4258
3 4257 4258 920
3 920 4258 682
3 920 922 4259
3 4259 922 4260
3 4259 4260 918
3 918 4260 921
3 922 925 4261
3 4261 925 4263
3 4261 4263 4262
3 4262 4263 4264
3 4262 4264 923
3 923 4264 924
3 925 4266 4265
3 4265 4266 4267
3 4265 4267 926
3 926 4267 4268
3 4266 928 4267
3 4267 928 4269
3 4267 4269 4268
3 4268 4269 927
3 928 4271 4270
3 4270 4271 4272
3 4270 4272 929
3 929 4272 4273
3 4271 931 4272
3 4272 931 4274
3 4272 4274 4273
3 4273 4274 930
3 931 934 932
3 932 934 933
3 934 4275 935
3 935 4275 4276
3 4275 937 4276
3 4276 937 936
3 937 940 938
3 938 940 939
3 940 4278 4277
3 4277 4278 4279
3 4277 4279 941
3 941 4279 4280
3 4278 4281 4279
3 4279 4281 4282
3 4279 4282 4280
3 4280 4282 4283
3 4281 943 4282
3 4282 943 4284
3 4282 4284 4283
3 4283 4284 942
3 943 683 944
3 944 683 685
3 944 946 942
3 942 946 945
3 946 4285 947
3 947 4285 4286
3 4285 4287 4286
3 4286 4287 4288
3 4287 4289 4288
3 4288 4289 4290
3 4289 949 4290
3 4290 949 948
3 949 952 950
3 950 952 951
3 952 689 4291
3 4291 689 4293
3 4291 4293 4292
3 4292 4293 4294
3 4292 4294 953
3 953 4294 691
3 953 955 4295
3 4295 955 4297
3 4295 4297 4296
3 4296 4297 4298
3 4296 4298 951
3 951 4298 954
3 955 958 4299
3 4299 958 4301
3 4299 4301 4300
3 4300 4301 4302
3 4300 4302 956
3 956 4302 957
3 958 961 4303
3 4303 961 4304
3 4303 4304 959
3 959 4304 960
3 961 4305 962
3 962 4305 4306
3 4305 4307 4306
3 4306 4307 4308
3 4307 4309 4308
3 4308 4309 4310
3 4309 692 4310
3 4310 692 694
3 962 964 4311
3 4311 964 4312
3 4311 4312 960
3 960 4312 963
3 964 967 4313
3 4313 967 4314
3 4313 4314 965
3 965 4314 966
3 967 970 968
3 968 970 969
3 970 4316 4315
3 4315 4316 4317
3 4315 4317 971
3 971 4317 4318
3 4316 713 4317
3 4317 713 4319
3 4317 4319 4318
3 4318 4319 715
3 971 973 4320
3 4320 973 4321
3 4320 4321 969
3 969 4321 972
3 973 976 4322
3 4322 976 4323
3 4322 4323 974
3 974 4323 975
3 976 716 4324
3 4324 716 4325
3 4324 4325 977
3 977 4325 718
3 977 979 975
3 975 979 978
3 979 982 4326
3 4326 982 4328
3 4326 4328 4327
3 4327 4328 4329
3 4327 4329 980
3 980 4329 981
3 982 4330 983
3 983 4330 4331
3 4330 4332 4331
3 4331 4332 4333
3 4332 4334 4333
3 4333 4334 4335
3 4334 985 4335
3 4335 985 984
3 985 722 4336
3 4336 722 4337
3 4336 4337 986
3 986 4337 724
3 986 988 984
3 984 988 987
3 988 991 989
3 989 991 990
3 991 4338 992
3 992 4338 4339
3 4338 994 4339
3 4339 994 993
3 994 832 4340
3 4340 832 4341
3 4340 4341 995
3 995 4341 834
3 995 4342 993
3 993 4342 4343
3 4342 997 4343
3 4343 997 996
3 997 1000 4344
3 4344 1000 4345
3 4344 4345 998
3 998 4345 999
3 1000 1003 4346
3 4346 1003 4347
3 4346 4347 1001
3 1001 4347 1002
3 1003 1006 1004
3 1004 1006 1005
3 1006 837 4348
3 4348 837 4349
3 4348 4349 1007
3 1007 4349 839
3 1007 1009 4350
3 4350 1009 4351
3 4350 4351 1005
3 1005 4351 1008
3 1009 1012 4352
3 4352 1012 4354
3 4352 4354 4353
3 4353 4354 4355
3 4353 4355 1010
3 1010 4355 1011
3 1012 843 4356
3 4356 843 4357
3 4356 4357 1013
3 1013 4357 845
3 1013 855 1011
3 1011 855 857
3 1010 1002 1008
3 1008 1002 1004
3 1001 4358 999
3 999 4358 4359
3 4358 4360 4359
3 4359 4360 4361
3 4360 1015 4361
3 4361 1015 1014
3 1015 1018 4362
3 4362 1018 4365
3 4362 4365 4363
3 4363 4365 4366
3 4363 4366 4364
3 4364 4366 4367
3 4364 4367 1016
3 1016 4367 1017
3 1018 1021 4368
3 4368 1021 4369
3 4368 4369 1019
3 1019 4369 1020
3 1021 4371 4370
3 4370 4371 4372
3 4370 4372 1022
3 1022 4372 4373
3 4371 4374 4372
3 4372 4374 4375
3 4372 4375 4373
3 4373 4375 4376
3 4374 858 4375
3 4375 858 4377
3 4375 4377 4376
3 4376 4377 860
3 1022 1024 4378
3 4378 1024 4379
3 4378 4379 1020
3 1020 4379 1023
3 1024 1027 4380
3 4380 1027 4381
3 4380 4381 1025
3 1025 4381 1026
3 1027 4382 1028
3 1028 4382 4383
3 4382 1030 4383
3 4383 1030 1029
3 1030 1033 4384
3 4384 1033 4385
3 4384 4385 1031
3 1031 4385 1032
3 1033 1036 1034
3 1034 1036 1035
3 1036 861 1037
3 1037 861 863
3 1037 1039 1035
3 1035 1039 1038
3 1039 867 4386
3 4386 867 4387
3 4386 4387 1040
3 1040 4387 869
3 1040 1032 4388
3 4388 1032 4389
3 4388 4389 1038
3 1038 4389 1034
3 1031 1042 4390
3 4390 1042 4392
3 4390 4392 4391
3 4391 4392 4393
3 4391 4393 1029
3 1029 4393 1041
3 1042 1045 1043
3 1043 1045 1044
3 1045 4395 4394
3 4394 4395 4396
3 4394 4396 1046
3 1046 4396 4397
3 4395 870 4396
3 4396 870 4398
3 4396 4398 4397
3 4397 4398 872
3 1046 4399 1044
3 1044 4399 4400
3 4399 1048 4400
3 4400 1048 1047
3 1048 1051 4401
3 4401 1051 4402
3 4401 4402 1049
3 1049 4402 1050
3 1051 4403 1052
3 1052 4403 4404
3 4403 1054 4404
3 4404 1054 1053
3 1054 1057 4405
3 4405 1057 4406
3 4405 4406 1055
3 1055 4406 1056
3 1057 4408 4407
3 4407 4408 4409
3 4407 4409 1058
3 1058 4409 4410
3 4408 879 4409
3 4409 879 4411
3 4409 4411 4410
3 4410 4411 881
3 1058 1060 1056
3 1056 1060 1059
3 1060 4413 4412
3 4412 4413 4414
3 4412 4414 1061
3 1061 4414 4415
3 4413 882 4414
3 4414 882 4416
3 4414 4416 4415
3 4415 4416 884
3 1061 1063 4417
3 4417 1063 4418
3 4417 4418 1059
3 1059 4418 1062
3 1063 1066 1064
3 1064 1066 1065
3 1066 4419 1067
3 1067 4419 4420
3 4419 4421 4420
3 4420 4421 4422
3 4421 4423 4422
3 4422 4423 4424
3 4423 1069 4424
3 4424 1069 1068
3 1069 4426 4425
3 4425 4426 4427
3 4425 4427 1070
3 1070 4427 4428
3 4426 1072 4427
3 4427 1072 4429
3 4427 4429 4428
3 4428 4429 1071
3 1072 1075 4430
3 4430 1075 4431
3 4430 4431 1073
3 1073 4431 1074
3 1075 885 1076
3 1076 885 887
3 1076 888 1074
3 1074 888 890
3 1073 4433 4432
3 4432 4433 4434
3 4432 4434 1071
3 1071 4434 4435
3 4433 894 4434
3 4434 894 4436
3 4434 4436 4435
3 4435 4436 896
3 1070 1078 4437
3 4437 1078 4438
3 4437 4438 1068
3 1068 4438 1077
3 1078 4439 1079
3 1079 4439 4440
3 4439 4441 4440
3 4440 4441 4442
3 4441 4443 4442
3 4442 4443 4444
3 4443 4445 4444
3 4444 4445 4446
3 4445 909 4446
3 4446 909 911
3 1079 1081 4447
3 4447 1081 4448
3 4447 4448 1077
3 1077 4448 1080
3 1081 4449 1082
3 1082 4449 4450
3 4449 4451 4450
3 4450 4451 4452
3 4451 924 4452
3 4452 924 926
3 1082 4454 4453
3 4453 4454 4455
3 4453 4455 1080
3 1080 4455 4456
3 4454 4457 4455
3 4455 4457 4458
3 4455 4458 4456
3 4456 4458 4459
3 4457 1084 4458
3 4458 1084 4460
3 4458 4460 4459
3 4459 4460 1083
3 1084 4461 1085
3 1085 4461 4462
3 4461 1087 4462
3 4462 1087 1086
3 1087 1090 4463
3 4463 1090 4464
3 4463 4464 1088
3 1088 4464 1089
3 1090 4465 1091
3 1091 4465 4466
3 4465 4467 4466
3 4466 4467 4468
3 4467 927 4468
3 4468 927 929
3 1091 930 4469
3 4469 930 4470
3 4469 4470 1089
3 1089 4470 932
3 1088 1093 4471
3 4471 1093 4473
3 4471 4473 4472
3 4472 4473 4474
3 4472 4474 1086
3 1086 4474 1092
3 1093 1096 1094
3 1094 1096 1095
3 1096 4475 1097
3 1097 4475 4476
3 4475 1099 4476
3 4476 1099 1098
3 1099 933 1100
3 1100 933 935
3 1100 1102 4477
3 4477 1102 4478
3 4477 4478 1098
3 1098 4478 1101
3 1102 1105 1103
3 1103 1105 1104
3 1105 4479 1106
3 1106 4479 4480
3 4479 1108 4480
3 4480 1108 1107
3 1108 4481 1109
3 1109 4481 4482
3 4481 4483 4482
3 4482 4483 4484
3 4483 4485 4484
3 4484 4485 4486
3 4485 936 4486
3 4486 936 938
3 1109 1111 1107
3 1107 1111 1110
3 1111 4487 1112
3 1112 4487 4488
3 4487 4489 4488
3 4488 4489 4490
3 4489 4491 4490
3 4490 4491 4492
3 4491 4493 4492
3 4492 4493 4494
3 4493 4495 4494
3 4494 4495 4496
3 4495 1114 4496
3 4496 1114 1113
3 1114 1117 4497
3 4497 1117 4498
3 4497 4498 1115
3 1115 4498 1116
3 1117 948 1118
3 1118 948 950
3 1118 954 1116
3 1116 954 956
3 1115 4500 4499
3 4499 4500 4501
3 4499 4501 1113
3 1113 4501 4502
3 4500 4503 4501
3 4501 4503 4504
3 4501 4504 4502
3 4502 4504 4505
3 4503 1120 4504
3 4504 1120 4506
3 4504 4506 4505
3 4505 4506 1119
3 1120 1123 1121
3 1121 1123 1122
3 1123 1126 1124
3 1124 1126 1125
3 1126 1129 4507
3 4507 1129 4508
3 4507 4508 1127
3 1127 4508 1128
3 1129 957 1130
3 1130 957 959
3 1130 963 1128
3 1128 963 965
3 1127 4509 1125
3 1125 4509 4510
3 4509 4511 4510
3 4510 4511 4512
3 4511 4513 4512
3 4512 4513 4514
3 4513 1132 4514
3 4514 1132 1131
3 1132 1135 4515
3 4515 1135 4516
3 4515 4516 1133
3 1133 4516 1134
3 1135 1138 4517
3 4517 1138 4519
3 4517 4519 4518
3 4518 4519 4520
3 4518 4520 1136
3 1136 4520 1137
3 1138 4522 4521
3 4521 4522 4523
3 4521 4523 1139
3 1139 4523 4524
3 4522 966 4523
3 4523 966 4525
3 4523 4525 4524
3 4524 4525 968
3 1139 1141 4526
3 4526 1141 4527
3 4526 4527 1137
3 1137 4527 1140
3 1141 1144 4528
3 4528 1144 4530
3 4528 4530 4529
3 4529 4530 4531
3 4529 4531 1142
3 1142 4531 1143
3 1144 972 4532
3 4532 972 4534
3 4532 4534 4533
3 4533 4534 4535
3 4533 4535 1145
3 1145 4535 974
3 1145 1147 1143
3 1143 1147 1146
3 1147 4538 4536
3 4536 4538 4539
3 4536 4539 4537
3 4537 4539 4540
3 4537 4540 1148
3 1148 4540 4541
3 4538 978 4539
3 4539 978 4542
3 4539 4542 4540
3 4540 4542 4543
3 4540 4543 4541
3 4541 4543 980
3 1148 1150 4544
3 4544 1150 4546
3 4544 4546 4545
3 4545 4546 4547
3 4545 4547 1146
3 1146 4547 1149
3 1150 1153 4548
3 4548 1153 4550
3 4548 4550 4549
3 4549 4550 4551
3 4549 4551 1151
3 1151 4551 1152
3 1153 1156 4552
3 4552 1156 4553
3 4552 4553 1154
3 1154 4553 1155
3 1156 4554 1157
3 1157 4554 4555
3 4554 1159 4555
3 4555 1159 1158
3 1159 1162 4556
3 4556 1162 4557
3 4556 4557 1160
3 1160 4557 1161
3 1162 4558 1163
3 1163 4558 4559
3 4558 4560 4559
3 4559 4560 4561
3 4560 4562 4561
3 4561 4562 4563
3 4562 4564 4563
3 4563 4564 4565
3 4564 1165 4565
3 4565 1165 1164
3 1165 981 4566
3 4566 981 4568
3 4566 4568 4567
3 4567 4568 4569
3 4567 4569 1166
3 1166 4569 983
3 1166 1168 4570
3 4570 1168 4572
3 4570 4572 4571
3 4571 4572 4573
3 4571 4573 1164
3 1164 4573 1167
3 1168 1171 4574
3 4574 1171 4576
3 4574 4576 4575
3 4575 4576 4577
3 4575 4577 1169
3 1169 4577 1170
3 1171 1174 4578
3 4578 1174 4579
3 4578 4579 1172
3 1172 4579 1173
3 1174 1177 1175
3 1175 1177 1176
3 1177 987 1178
3 1178 987 989
3 1178 990 1176
3 1176 990 992
3 1175 4580 1173
3 1173 4580 4581
3 4580 4582 4581
3 4581 4582 4583
3 4582 1180 4583
3 4583 1180 1179
3 1180 1183 1181
3 1181 1183 1182
3 1183 996 4584
3 4584 996 4585
3 4584 4585 1184
3 1184 4585 998
3 1184 1186 4586
3 4586 1186 4587
3 4586 4587 1182
3 1182 4587 1185
3 1186 4591 4588
3 4588 4591 4592
3 4588 4592 4589
3 4589 4592 4593
3 4589 4593 4590
3 4590 4593 4594
3 4590 4594 1187
3 1187 4594 4595
3 4591 4596 4592
3 4592 4596 4597
3 4592 4597 4593
3 4593 4597 4598
3 4593 4598 4594
3 4594 4598 4599
3 4594 4599 4595
3 4595 4599 4600
3 4596 1014 4597
3 4597 1014 4601
3 4597 4601 4598
3 4598 4601 4602
3 4598 4602 4599
3 4599 4602 4603
3 4599 4603 4600
3 4600 4603 1016
3 1187 4607 4604
3 4604 4607 4608
3 4604 4608 4605
3 4605 4608 4609
3 4605 4609 4606
3 4606 4609 4610
3 4606 4610 1185
3 1185 4610 4611
3 4607 1189 4608
3 4608 1189 4612
3 4608 4612 4609
3 4609 4612 4613
3 4609 4613 4610
3 4610 4613 4614
3 4610 4614 4611
3 4611 4614 1188
3 1189 4618 4615
3 4615 4618 4619
3 4615 4619 4616
3 4616 4619 4620
3 4616 4620 4617
3 4617 4620 4621
3 4617 4621 1190
3 1190 4621 4622
3 4618 4623 4619
3 4619 4623 4624
3 4619 4624 4620
3 4620 4624 4625
3 4620 4625 4621
3 4621 4625 4626
3 4621 4626 4622
3 4622 4626 4627
3 4623 4628 4624
3 4624 4628 4629
3 4624 4629 4625
3 4625 4629 4630
3 4625 4630 4626
3 4626 4630 4631
3 4626 4631 4627
3 4627 4631 4632
3 4628 1192 4629
3 4629 1192 4633
3 4629 4633 4630
3 4630 4633 4634
3 4630 4634 4631
3 4631 4634 4635
3 4631 4635 4632
3 4632 4635 1191
3 1192 1195 4636
3 4636 1195 4639
3 4636 4639 4637
3 4637 4639 4640
3 4637 4640 4638
3 4638 4640 4641
3 4638 4641 1193
3 1193 4641 1194
3 1195 1198 4642
3 4642 1198 4646
3 4642 4646 4643
3 4643 4646 4647
3 4643 4647 4644
3 4644 4647 4648
3 4644 4648 4645
3 4645 4648 4649
3 4645 4649 1196
3 1196 4649 1197
3 1198 4650 1199
3 1199 4650 4651
3 4650 1201 4651
3 4651 1201 1200
3 1201 1204 1202
3 1202 1204 1203
3 1204 1207 4652
3 4652 1207 4653
3 4652 4653 1205
3 1205 4653 1206
3 1207 1210 1208
3 1208 1210 1209
3 1210 4654 1211
3 1211 4654 4655
3 4654 4656 4655
3 4655 4656 4657
3 4656 4658 4657
3 4657 4658 4659
3 4658 4660 4659
3 4659 4660 4661
3 4660 4662 4661
3 4661 4662 4663
3 4662 4664 4663
3 4663 4664 4665
3 4664 4666 4665
3 4665 4666 4667
3 4666 1213 4667
3 4667 1213 1212
3 1213 1216 1214
3 1214 1216 1215
3 1216 1219 4668
3 4668 1219 4669
3 4668 4669 1217
3 1217 4669 1218
3 1219 1222 1220
3 1220 1222 1221
3 1222 4670 1223
3 1223 4670 4671
3 4670 4672 4671
3 4671 4672 4673
3 4672 4674 4673
3 4673 4674 4675
3 4674 1225 4675
3 4675 1225 1224
3 1225 1017 4676
3 4676 1017 4680
3 4676 4680 4677
3 4677 4680 4681
3 4677 4681 4678
3 4678 4681 4682
3 4678 4682 4679
3 4679 4682 4683
3 4679 4683 1226
3 1226 4683 1019
3 1199 1224 1228
3 1226 1197 1227
3 1223 1230 1221
3 1221 1230 1229
3 1230 1233 4684
3 4684 1233 4685
3 4684 4685 1231
3 1231 4685 1232
3 1233 4687 4686
3 4686 4687 4688
3 4686 4688 1234
3 1234 4688 4689
3 4687 1236 4688
3 4688 1236 4690
3 4688 4690 4689
3 4689 4690 1235
3 1236 1239 4691
3 4691 1239 4693
3 4691 4693 4692
3 4692 4693 4694
3 4692 4694 1237
3 1237 4694 1238
3 1239 1242 4695
3 4695 1242 4697
3 4695 4697 4696
3 4696 4697 4698
3 4696 4698 1240
3 1240 4698 1241
3 1242 1200 1243
3 1243 1200 1202
3 1243 1245 4699
3 4699 1245 4700
3 4699 4700 1241
3 1241 4700 1244
3 1245 1248 4701
3 4701 1248 4703
3 4701 4703 4702
3 4702 4703 4704
3 4702 4704 1246
3 1246 4704 1247
3 1248 1251 1249
3 1249 1251 1250
3 1251 4705 1252
3 1252 4705 4706
3 4705 1203 4706
3 4706 1203 1205
3 1252 1254 1250
3 1250 1254 1253
3 1254 4707 1255
3 1255 4707 4708
3 4707 1257 4708
3 4708 1257 1256
3 1257 1260 1258
3 1258 1260 1259
3 1260 4709 1261
3 1261 4709 4710
3 4709 4711 4710
3 4710 4711 4712
3 4711 1206 4712
3 4712 1206 1208
3 1261 4713 1259
3 1259 4713 4714
3 4713 4715 4714
3 4714 4715 4716
3 4715 4717 4716
3 4716 4717 4718
3 4717 1263 4718
3 4718 1263 1262
3 1263 4719 1264
3 1264 4719 4720
3 4719 1209 4720
3 4720 1209 1211
3 1264 1266 1262
3 1262 1266 1265
3 1266 4722 4721
3 4721 4722 4723
3 4721 4723 1267
3 1267 4723 4724
3 4722 4725 4723
3 4723 4725 4726
3 4723 4726 4724
3 4724 4726 4727
3 4725 1269 4726
3 4726 1269 4728
3 4726 4728 4727
3 4727 4728 1268
3 1269 1272 1270
3 1270 1272 1271
3 1272 4729 1273
3 1273 4729 4730
3 4729 1212 4730
3 4730 1212 1214
3 1273 4731 1271
3 1271 4731 4732
3 4731 4733 4732
3 4732 4733 4734
3 4733 4735 4734
3 4734 4735 4736
3 4735 1275 4736
3 4736 1275 1274
3 1275 4737 1276
3 1276 4737 4738
3 4737 4739 4738
3 4738 4739 4740
3 4739 1215 4740
3 4740 1215 1217
3 1276 1278 1274
3 1274 1278 1277
3 1278 4741 1279
3 1279 4741 4742
3 4741 1281 4742
3 4742 1281 1280
3 1281 1284 1282
3 1282 1284 1283
3 1284 4743 1285
3 1285 4743 4744
3 4743 1218 4744
3 4744 1218 1220
3 1285 1287 1283
3 1283 1287 1286
3 1287 4745 1288
3 1288 4745 4746
3 4745 1229 4746
3 4746 1229 1231
3 1288 1290 1286
3 1286 1290 1289
3 1290 4747 1291
3 1291 4747 4748
3 4747 4749 4748
3 4748 4749 4750
3 4749 1293 4750
3 4750 1293 1292
3 1293 1296 1294
3 1294 1296 1295
3 1296 1299 4751
3 4751 1299 4753
3 4751 4753 4752
3 4752 4753 4754
3 4752 4754 1297
3 1297 4754 1298
3 1299 1302 4755
3 4755 1302 4756
3 4755 4756 1300
3 1300 4756 1301
3 1302 1232 1303
3 1303 1232 1234
3 1303 1305 4757
3 4757 1305 4758
3 4757 4758 1301
3 1301 4758 1304
3 1305 1235 4759
3 4759 1235 4760
3 4759 4760 1306
3 1306 4760 1237
3 1306 4761 1304
3 1304 4761 4762
3 4761 4763 4762
3 4762 4763 4764
3 4763 1308 4764
3 4764 1308 1307
3 1308 1311 4765
3 4765 1311 4768
3 4765 4768 4766
3 4766 4768 4769
3 4766 4769 4767
3 4767 4769 4770
3 4767 4770 1309
3 1309 4770 1310
3 1315 1312 1314
3 1311 1316 1313
3 1316 1319 4771
3 4771 1319 4774
3 4771 4774 4772
3 4772 4774 4775
3 4772 4775 4773
3 4773 4775 4776
3 4773 4776 1317
3 1317 4776 1318
3 1319 1322 4777
3 4777 1322 4779
3 4777 4779 4778
3 4778 4779 4780
3 4778 4780 1320
3 1320 4780 1321
3 1322 4781 1323
3 1323 4781 4782
3 4781 4783 4782
3 4782 4783 4784
3 4783 1238 4784
3 4784 1238 1240
3 1323 1325 4785
3 4785 1325 4787
3 4785 4787 4786
3 4786 4787 4788
3 4786 4788 1321
3 1321 4788 1324
3 1325 4789 1326
3 1326 4789 4790
3 4789 1328 4790
3 4790 1328 1327
3 1328 1331 4791
3 4791 1331 4792
3 4791 4792 1329
3 1329 4792 1330
3 1331 4793 1332
3 1332 4793 4794
3 4793 4795 4794
3 4794 4795 4796
3 4795 1244 4796
3 4796 1244 1246
3 1332 4798 4797
3 4797 4798 4799
3 4797 4799 1330
3 1330 4799 4800
3 4798 1247 4799
3 4799 1247 4801
3 4799 4801 4800
3 4800 4801 1249
3 1329 1334 4802
3 4802 1334 4803
3 4802 4803 1327
3 1327 4803 1333
3 1334 1337 4804
3 4804 1337 4806
3 4804 4806 4805
3 4805 4806 4807
3 4805 4807 1335
3 1335 4807 1336
3 1337 4810 4808
3 4808 4810 4811
3 4808 4811 4809
3 4809 4811 4812
3 4809 4812 1338
3 1338 4812 4813
3 4810 4814 4811
3 4811 4814 4815
3 4811 4815 4812
3 4812 4815 4816
3 4812 4816 4813
3 4813 4816 4817
3 4814 1340 4815
3 4815 1340 4818
3 4815 4818 4816
3 4816 4818 4819
3 4816 4819 4817
3 4817 4819 1339
3 1340 4822 4820
3 4820 4822 4823
3 4820 4823 4821
3 4821 4823 4824
3 4821 4824 1341
3 1341 4824 4825
3 4822 4826 4823
3 4823 4826 4827
3 4823 4827 4824
3 4824 4827 4828
3 4824 4828 4825
3 4825 4828 4829
3 4826 1343 4827
3 4827 1343 4830
3 4827 4830 4828
3 4828 4830 4831
3 4828 4831 4829
3 4829 4831 1342
3 1343 1346 4832
3 4832 1346 4833
3 4832 4833 1344
3 1344 4833 1345
3 1346 1289 4834
3 4834 1289 4835
3 4834 4835 1347
3 1347 4835 1291
3 1347 1349 4836
3 4836 1349 4837
3 4836 4837 1345
3 1345 4837 1348
3 1349 4838 1350
3 1350 4838 4839
3 4838 1352 4839
3 4839 1352 1351
3 1352 1292 1353
3 1353 1292 1294
3 1353 4840 1351
3 1351 4840 4841
3 4840 4842 4841
3 4841 4842 4843
3 4842 1355 4843
3 4843 1355 1354
3 1355 1358 4844
3 4844 1358 4845
3 4844 4845 1356
3 1356 4845 1357
3 1358 1361 1359
3 1359 1361 1360
3 1361 1295 4846
3 4846 1295 4847
3 4846 4847 1362
3 1362 4847 1297
3 1362 1364 4848
3 4848 1364 4849
3 4848 4849 1360
3 1360 4849 1363
3 1364 1367 4850
3 4850 1367 4851
3 4850 4851 1365
3 1365 4851 1366
3 1367 1370 1368
3 1368 1370 1369
3 1370 1373 4852
3 4852 1373 4855
3 4852 4855 4853
3 4853 4855 4856
3 4853 4856 4854
3 4854 4856 4857
3 4854 4857 1371
3 1371 4857 1372
3 1373 1376 4858
3 4858 1376 4861
3 4858 4861 4859
3 4859 4861 4862
3 4859 4862 4860
3 4860 4862 4863
3 4860 4863 1374
3 1374 4863 1375
3 1376 1379 4864
3 4864 1379 4867
3 4864 4867 4865
3 4865 4867 4868
3 4865 4868 4866
3 4866 4868 4869
3 4866 4869 1377
3 1377 4869 1378
3 1379 1382 4870
3 4870 1382 4872
3 4870 4872 4871
3 4871 4872 4873
3 4871 4873 1380
3 1380 4873 1381
3 1382 1385 4874
3 4874 1385 4877
3 4874 4877 4875
3 4875 4877 4878
3 4875 4878 4876
3 4876 4878 4879
3 4876 4879 1383
3 1383 4879 1384
3 1385 4880 1386
3 1386 4880 4881
3 4880 4882 4881
3 4881 4882 4883
3 4882 1298 4883
3 4883 1298 1300
3 1309 1384 1388
3 1386 1307 1387
3 1383 1390 4884
3 4884 1390 4885
3 4884 4885 1381
3 1381 4885 1389
3 1390 1310 4886
3 4886 1310 4887
3 4886 4887 1391
3 1391 4887 1312
3 1391 1393 4888
3 4888 1393 4891
3 4888 4891 4889
3 4889 4891 4892
3 4889 4892 4890
3 4890 4892 4893
3 4890 4893 1389
3 1389 4893 1392
3 1393 1396 4894
3 4894 1396 4897
3 4894 4897 4895
3 4895 4897 4898
3 4895 4898 4896
3 4896 4898 4899
3 4896 4899 1394
3 1394 4899 1395
3 1396 1399 4900
3 4900 1399 4902
3 4900 4902 4901
3 4901 4902 4903
3 4901 4903 1397
3 1397 4903 1398
3 1399 1402 4904
3 4904 1402 4907
3 4904 4907 4905
3 4905 4907 4908
3 4905 4908 4906
3 4906 4908 4909
3 4906 4909 1400
3 1400 4909 1401
3 1402 4910 1403
3 1403 4910 4911
3 4910 1405 4911
3 4911 1405 1404
3 1405 1408 4912
3 4912 1408 4913
3 4912 4913 1406
3 1406 4913 1407
3 1408 4914 1409
3 1409 4914 4915
3 4914 1411 4915
3 4915 1411 1410
3 1411 1315 4916
3 4916 1315 4917
3 4916 4917 1412
3 1412 4917 1317
3 1412 1414 4918
3 4918 1414 4919
3 4918 4919 1410
3 1410 4919 1413
3 1414 1417 1415
3 1415 1417 1416
3 1417 1318 4920
3 4920 1318 4921
3 4920 4921 1418
3 1418 4921 1320
3 1418 1420 4922
3 4922 1420 4923
3 4922 4923 1416
3 1416 4923 1419
3 1420 1423 1421
3 1421 1423 1422
3 1423 1324 4924
3 4924 1324 4926
3 4924 4926 4925
3 4925 4926 4927
3 4925 4927 1424
3 1424 4927 1326
3 1424 4930 4928
3 4928 4930 4931
3 4928 4931 4929
3 4929 4931 4932
3 4929 4932 1422
3 1422 4932 4933
3 4930 4934 4931
3 4931 4934 4935
3 4931 4935 4932
3 4932 4935 4936
3 4932 4936 4933
3 4933 4936 4937
3 4934 1426 4935
3 4935 1426 4938
3 4935 4938 4936
3 4936 4938 4939
3 4936 4939 4937
3 4937 4939 1425
3 1426 1429 1427
3 1427 1429 1428
3 1429 1432 4940
3 4940 1432 4941
3 4940 4941 1430
3 1430 4941 1431
3 1432 1435 4942
3 4942 1435 4943
3 4942 4943 1433
3 1433 4943 1434
3 1435 1438 1436
3 1436 1438 1437
3 1438 1441 4944
3 4944 1441 4946
3 4944 4946 4945
3 4945 4946 4947
3 4945 4947 1439
3 1439 4947 1440
3 1441 1333 1442
3 1442 1333 1335
3 1442 4949 4948
3 4948 4949 4950
3 4948 4950 1440
3 1440 4950 4951
3 4949 1336 4950
3 4950 1336 4952
3 4950 4952 4951
3 4951 4952 1338
3 1439 1444 4953
3 4953 1444 4954
3 4953 4954 1437
3 1437 4954 1443
3 1444 1447 4955
3 4955 1447 4957
3 4955 4957 4956
3 4956 4957 4958
3 4956 4958 1445
3 1445 4958 1446
3 1447 1450 1448
3 1448 1450 1449
3 1450 1453 4959
3 4959 1453 4960
3 4959 4960 1451
3 1451 4960 1452
3 1453 4961 1454
3 1454 4961 4962
3 4961 4963 4962
3 4962 4963 4964
3 4963 4965 4964
3 4964 4965 4966
3 4965 4967 4966
3 4966 4967 4968
3 4967 1339 4968
3 4968 1339 1341
3 1454 4969 1452
3 1452 4969 4970
3 4969 4971 4970
3 4970 4971 4972
3 4971 4973 4972
3 4972 4973 4974
3 4973 4975 4974
3 4974 4975 4976
3 4975 4977 4976
3 4976 4977 4978
3 4977 1456 4978
3 4978 1456 1455
3 1456 1459 4979
3 4979 1459 4980
3 4979 4980 1457
3 1457 4980 1458
3 1459 1342 1460
3 1460 1342 1344
3 1460 1348 1458
3 1458 1348 1350
3 1457 4982 4981
3 4981 4982 4983
3 4981 4983 1455
3 1455 4983 4984
3 4982 4985 4983
3 4983 4985 4986
3 4983 4986 4984
3 4984 4986 4987
3 4985 4988 4986
3 4986 4988 4989
3 4986 4989 4987
3 4987 4989 4990
3 4988 1462 4989
3 4989 1462 4991
3 4989 4991 4990
3 4990 4991 1461
3 1462 1465 1463
3 1463 1465 1464
3 1465 4993 4992
3 4992 4993 4994
3 4992 4994 1466
3 1466 4994 4995
3 4993 4996 4994
3 4994 4996 4997
3 4994 4997 4995
3 4995 4997 4998
3 4996 1354 4997
3 4997 1354 4999
3 4997 4999 4998
3 4998 4999 1356
3 1466 5001 5000
3 5000 5001 5002
3 5000 5002 1464
3 1464 5002 5003
3 5001 1431 5002
3 5002 1431 5004
3 5002 5004 5003
3 5003 5004 1433
3 1463 5006 5005
3 5005 5006 5007
3 5005 5007 1461
3 1461 5007 5008
3 5006 1468 5007
3 5007 1468 5009
3 5007 5009 5008
3 5008 5009 1467
3 1468 1446 5010
3 5010 1446 5011
3 5010 5011 1469
3 1469 5011 1448
3 1469 1449 1467
3 1467 1449 1451
3 1445 1434 1443
3 1443 1434 1436
3 1430 1471 5012
3 5012 1471 5013
3 5012 5013 1428
3 1428 5013 1470
3 1471 1474 5014
3 5014 1474 5015
3 5014 5015 1472
3 1472 5015 1473
3 1474 1477 5016
3 5016 1477 5018
3 5016 5018 5017
3 5017 5018 5019
3 5017 5019 1475
3 1475 5019 1476
3 1477 5021 5020
3 5020 5021 5022
3 5020 5022 1478
3 1478 5022 5023
3 5021 1480 5022
3 5022 1480 5024
3 5022 5024 5023
3 5023 5024 1479
3 1480 1483 5025
3 5025 1483 5026
3 5025 5026 1481
3 1481 5026 1482
3 1483 1486 5027
3 5027 1486 5030
3 5027 5030 5028
3 5028 5030 5031
3 5028 5031 5029
3 5029 5031 5032
3 5029 5032 1484
3 1484 5032 1485
3 1486 5033 1487
3 1487 5033 5034
3 5033 1366 5034
3 5034 1366 1368
3 1487 1489 5035
3 5035 1489 5037
3 5035 5037 5036
3 5036 5037 5038
3 5036 5038 1485
3 1485 5038 1488
3 1489 1369 5039
3 5039 1369 5042
3 5039 5042 5040
3 5040 5042 5043
3 5040 5043 5041
3 5041 5043 5044
3 5041 5044 1490
3 1490 5044 1371
3 1490 5045 1488
3 1488 5045 5046
3 5045 5047 5046
3 5046 5047 5048
3 5047 1492 5048
3 5048 1492 1491
3 1496 1493 1495
3 1492 1497 1494
3 1497 1500 5049
3 5049 1500 5053
3 5049 5053 5050
3 5050 5053 5054
3 5050 5054 5051
3 5051 5054 5055
3 5051 5055 5052
3 5052 5055 5056
3 5052 5056 1498
3 1498 5056 1499
3 1500 5057 1501
3 1501 5057 5058
3 5057 5059 5058
3 5058 5059 5060
3 5059 1503 5060
3 5060 1503 1502
3 1503 5061 1504
3 1504 5061 5062
3 5061 1506 5062
3 5062 1506 1505
3 1506 5063 1507
3 1507 5063 5064
3 5063 1509 5064
3 5064 1509 1508
3 1509 1512 5065
3 5065 1512 5067
3 5065 5067 5066
3 5066 5067 5068
3 5066 5068 1510
3 1510 5068 1511
3 1512 5069 1513
3 1513 5069 5070
3 5069 1378 5070
3 5070 1378 1380
3 1513 1392 5071
3 5071 1392 5073
3 5071 5073 5072
3 5072 5073 5074
3 5072 5074 1511
3 1511 5074 1394
3 1510 1515 5075
3 5075 1515 5077
3 5075 5077 5076
3 5076 5077 5078
3 5076 5078 1508
3 1508 5078 1514
3 1515 1518 5079
3 5079 1518 5080
3 5079 5080 1516
3 1516 5080 1517
3 1518 1521 5081
3 5081 1521 5082
3 5081 5082 1519
3 1519 5082 1520
3 1521 5083 1522
3 1522 5083 5084
3 5083 1524 5084
3 5084 1524 1523
3 1524 5085 1525
3 1525 5085 5086
3 5085 1395 5086
3 5086 1395 1397
3 1525 1527 1523
3 1523 1527 1526
3 1527 1530 1528
3 1528 1530 1529
3 1530 1533 5087
3 5087 1533 5088
3 5087 5088 1531
3 1531 5088 1532
3 1533 1536 5089
3 5089 1536 5090
3 5089 5090 1534
3 1534 5090 1535
3 1536 1398 5091
3 5091 1398 5092
3 5091 5092 1537
3 1537 5092 1400
3 1537 5093 1535
3 1535 5093 5094
3 5093 1539 5094
3 5094 1539 1538
3 1539 1401 5095
3 5095 1401 5097
3 5095 5097 5096
3 5096 5097 5098
3 5096 5098 1540
3 1540 5098 1403
3 1540 1542 5099
3 5099 1542 5101
3 5099 5101 5100
3 5100 5101 5102
3 5100 5102 1538
3 1538 5102 1541
3 1542 1545 5103
3 5103 1545 5104
3 5103 5104 1543
3 1543 5104 1544
3 1545 1404 1546
3 1546 1404 1406
3 1546 1548 5105
3 5105 1548 5106
3 5105 5106 1544
3 1544 5106 1547
3 1548 5108 5107
3 5107 5108 5109
3 5107 5109 1549
3 1549 5109 5110
3 5108 1551 5109
3 5109 1551 5111
3 5109 5111 5110
3 5110 5111 1550
3 1551 5113 5112
3 5112 5113 5114
3 5112 5114 1552
3 1552 5114 5115
3 5113 1554 5114
3 5114 1554 5116
3 5114 5116 5115
3 5115 5116 1553
3 1554 5118 5117
3 5117 5118 5119
3 5117 5119 1555
3 1555 5119 5120
3 5118 1557 5119
3 5119 1557 5121
3 5119 5121 5120
3 5120 5121 1556
3 1557 5122 1558
3 1558 5122 5123
3 5122 1407 5123
3 5123 1407 1409
3 1558 1413 1556
3 1556 1413 1415
3 1555 1560 5124
3 5124 1560 5125
3 5124 5125 1553
3 1553 5125 1559
3 1560 1563 5126
3 5126 1563 5128
3 5126 5128 5127
3 5127 5128 5129
3 5127 5129 1561
3 1561 5129 1562
3 1563 1566 5130
3 5130 1566 5131
3 5130 5131 1564
3 1564 5131 1565
3 1566 1569 5132
3 5132 1569 5133
3 5132 5133 1567
3 1567 5133 1568
3 1569 1572 5134
3 5134 1572 5135
3 5134 5135 1570
3 1570 5135 1571
3 1572 1419 5136
3 5136 1419 5137
3 5136 5137 1573
3 1573 5137 1421
3 1573 1575 1571
3 1571 1575 1574
3 1575 1578 1576
3 1576 1578 1577
3 1578 5138 1579
3 1579 5138 5139
3 5138 5140 5139
3 5139 5140 5141
3 5140 1581 5141
3 5141 1581 1580
3 1581 1584 1582
3 1582 1584 1583
3 1584 1479 1585
3 1585 1479 1481
3 1585 1587 5142
3 5142 1587 5143
3 5142 5143 1583
3 1583 5143 1586
3 1587 1482 5144
3 5144 1482 5145
3 5144 5145 1588
3 1588 5145 1484
3 1588 1590 5146
3 5146 1590 5147
3 5146 5147 1586
3 1586 5147 1589
3 1590 1593 1591
3 1591 1593 1592
3 1493 1594 1596
3 1593 1491 1595
3 1599 1592 1598
3 1594 1600 1597
3 1604 1601 1603
3 1600 1605 1602
3 1605 1608 5148
3 5148 1608 5150
3 5148 5150 5149
3 5149 5150 5151
3 5149 5151 1606
3 1606 5151 1607
3 1608 1611 5152
3 5152 1611 5155
3 5152 5155 5153
3 5153 5155 5156
3 5153 5156 5154
3 5154 5156 5157
3 5154 5157 1609
3 1609 5157 1610
3 1611 5158 1612
3 1612 5158 5159
3 5158 5160 5159
3 5159 5160 5161
3 5160 5162 5161
3 5161 5162 5163
3 5162 5164 5163
3 5163 5164 5165
3 5164 5166 5165
3 5165 5166 5167
3 5166 5168 5167
3 5167 5168 5169
3 5168 1614 5169
3 5169 1614 1613
3 1614 5170 1615
3 1615 5170 5171
3 5170 1617 5171
3 5171 1617 1616
3 1617 1620 1618
3 1618 1620 1619
3 1620 1496 5172
3 5172 1496 5173
3 5172 5173 1621
3 1621 5173 1498
3 1621 5174 1619
3 1619 5174 5175
3 5174 1623 5175
3 5175 1623 1622
3 1623 1626 5176
3 5176 1626 5178
3 5176 5178 5177
3 5177 5178 5179
3 5177 5179 1624
3 1624 5179 1625
3 1626 1499 5180
3 5180 1499 5183
3 5180 5183 5181
3 5181 5183 5184
3 5181 5184 5182
3 5182 5184 5185
3 5182 5185 1627
3 1627 5185 1501
3 1627 1629 5186
3 5186 1629 5188
3 5186 5188 5187
3 5187 5188 5189
3 5187 5189 1625
3 1625 5189 1628
3 1629 5190 1630
3 1630 5190 5191
3 5190 1502 5191
3 5191 1502 1504
3 1630 1632 5192
3 5192 1632 5194
3 5192 5194 5193
3 5193 5194 5195
3 5193 5195 1628
3 1628 5195 1631
3 1632 1635 5196
3 5196 1635 5197
3 5196 5197 1633
3 1633 5197 1634
3 1635 5199 5198
3 5198 5199 5200
3 5198 5200 1636
3 1636 5200 5201
3 5199 1638 5200
3 5200 1638 5202
3 5200 5202 5201
3 5201 5202 1637
3 1638 1641 5203
3 5203 1641 5205
3 5203 5205 5204
3 5204 5205 5206
3 5204 5206 1639
3 1639 5206 1640
3 1641 1505 1642
3 1642 1505 1507
3 1642 1514 5207
3 5207 1514 5209
3 5207 5209 5208
3 5208 5209 5210
3 5208 5210 1640
3 1640 5210 1516
3 1639 5212 5211
3 5211 5212 5213
3 5211 5213 1637
3 1637 5213 5214
3 5212 1644 5213
3 5213 1644 5215
3 5213 5215 5214
3 5214 5215 1643
3 1644 1647 5216
3 5216 1647 5217
3 5216 5217 1645
3 1645 5217 1646
3 1647 5218 1648
3 1648 5218 5219
3 5218 5220 5219
3 5219 5220 5221
3 5220 5222 5221
3 5221 5222 5223
3 5222 1517 5223
3 5223 1517 1519
3 1648 1650 1646
3 1646 1650 1649
3 1650 5224 1651
3 1651 5224 5225
3 5224 1653 5225
3 5225 1653 1652
3 1653 1656 1654
3 1654 1656 1655
3 1656 5226 1657
3 1657 5226 5227
3 5226 5228 5227
3 5227 5228 5229
3 5228 1520 5229
3 5229 1520 1522
3 1657 1659 5230
3 5230 1659 5231
3 5230 5231 1655
3 1655 5231 1658
3 1659 5232 1660
3 1660 5232 5233
3 5232 1526 5233
3 5233 1526 1528
3 1660 1662 1658
3 1658 1662 1661
3 1662 1665 1663
3 1663 1665 1664
3 1665 1668 5234
3 5234 1668 5235
3 5234 5235 1666
3 1666 5235 1667
3 1668 1529 5236
3 5236 1529 5237
3 5236 5237 1669
3 1669 5237 1531
3 1669 5238 1667
3 1667 5238 5239
3 5238 5240 5239
3 5239 5240 5241
3 5240 1671 5241
3 5241 1671 1670
3 1671 5243 5242
3 5242 5243 5244
3 5242 5244 1672
3 1672 5244 5245
3 5243 1674 5244
3 5244 1674 5246
3 5244 5246 5245
3 5245 5246 1673
3 1674 5247 1675
3 1675 5247 5248
3 5247 1677 5248
3 5248 1677 1676
3 1677 1680 1678
3 1678 1680 1679
3 1680 5250 5249
3 5249 5250 5251
3 5249 5251 1681
3 1681 5251 5252
3 5250 1683 5251
3 5251 1683 5253
3 5251 5253 5252
3 5252 5253 1682
3 1683 5254 1684
3 1684 5254 5255
3 5254 1532 5255
3 5255 1532 1534
3 1684 5256 1682
3 1682 5256 5257
3 5256 5258 5257
3 5257 5258 5259
3 5258 1686 5259
3 5259 1686 1685
3 1686 1689 1687
3 1687 1689 1688
3 1689 1541 1690
3 1690 1541 1543
3 1690 1692 5260
3 5260 1692 5261
3 5260 5261 1688
3 1688 5261 1691
3 1692 1547 1693
3 1693 1547 1549
3 1693 5263 5262
3 5262 5263 5264
3 5262 5264 1691
3 1691 5264 5265
3 5263 1695 5264
3 5264 1695 5266
3 5264 5266 5265
3 5265 5266 1694
3 1695 5267 1696
3 1696 5267 5268
3 5267 1550 5268
3 5268 1550 1552
3 1696 1698 5269
3 5269 1698 5270
3 5269 5270 1694
3 1694 5270 1697
3 1698 1701 1699
3 1699 1701 1700
3 1701 1704 1702
3 1702 1704 1703
3 1704 5271 1705
3 1705 5271 5272
3 5271 1707 5272
3 5272 1707 1706
3 1707 1710 5273
3 5273 1710 5274
3 5273 5274 1708
3 1708 5274 1709
3 1710 5275 1711
3 1711 5275 5276
3 5275 5277 5276
3 5276 5277 5278
3 5277 1559 5278
3 5278 1559 1561
3 1711 1713 5279
3 5279 1713 5280
3 5279 5280 1709
3 1709 5280 1712
3 1713 5282 5281
3 5281 5282 5283
3 5281 5283 1714
3 1714 5283 5284
3 5282 1562 5283
3 5283 1562 5285
3 5283 5285 5284
3 5284 5285 1564
3 1714 5286 1712
3 1712 5286 5287
3 5286 1716 5287
3 5287 1716 1715
3 1716 1719 1717
3 1717 1719 1718
3 1719 1722 5288
3 5288 1722 5289
3 5288 5289 1720
3 1720 5289 1721
3 1722 1565 5290
3 5290 1565 5291
3 5290 5291 1723
3 1723 5291 1567
3 1723 5292 1721
3 1721 5292 5293
3 5292 1577 5293
3 5293 1577 1579
3 1720 5294 1718
3 1718 5294 5295
3 5294 1725 5295
3 5295 1725 1724
3 1725 1580 1726
3 1726 1580 1582
3 1726 5296 1724
3 1724 5296 5297
3 5296 1589 5297
3 5297 1589 1591
3 1717 1728 5298
3 5298 1728 5299
3 5298 5299 1715
3 1715 5299 1727
3 1728 5300 1729
3 1729 5300 5301
3 5300 1731 5301
3 5301 1731 1730
3 1731 1599 1732
3 1732 1599 1601
3 1732 1734 5302
3 5302 1734 5303
3 5302 5303 1730
3 1730 5303 1733
3 1734 1737 1735
3 1735 1737 1736
3 1737 1740 5304
3 5304 1740 5306
3 5304 5306 5305
3 5305 5306 5307
3 5305 5307 1738
3 1738 5307 1739
3 1740 1743 5308
3 5308 1743 5311
3 5308 5311 5309
3 5309 5311 5312
3 5309 5312 5310
3 5310 5312 5313
3 5310 5313 1741
3 1741 5313 1742
3 1743 1604 5314
3 5314 1604 5316
3 5314 5316 5315
3 5315 5316 5317
3 5315 5317 1744
3 1744 5317 1606
3 1744 1746 5318
3 5318 1746 5319
3 5318 5319 1742
3 1742 5319 1745
3 1746 1607 5320
3 5320 1607 5322
3 5320 5322 5321
3 5321 5322 5323
3 5321 5323 1747
3 1747 5323 1609
3 1747 1749 1745
3 1745 1749 1748
3 1749 1752 5324
3 5324 1752 5325
3 5324 5325 1750
3 1750 5325 1751
3 1752 1755 1753
3 1753 1755 1754
3 1755 1758 5326
3 5326 1758 5327
3 5326 5327 1756
3 1756 5327 1757
3 1758 5328 1759
3 1759 5328 5329
3 5328 5330 5329
3 5329 5330 5331
3 5330 5332 5331
3 5331 5332 5333
3 5332 1761 5333
3 5333 1761 1760
3 1761 1764 5334
3 5334 1764 5336
3 5334 5336 5335
3 5335 5336 5337
3 5335 5337 1762
3 1762 5337 1763
3 1764 1610 5338
3 5338 1610 5341
3 5338 5341 5339
3 5339 5341 5342
3 5339 5342 5340
3 5340 5342 5343
3 5340 5343 1765
3 1765 5343 1612
3 1765 1767 5344
3 5344 1767 5347
3 5344 5347 5345
3 5345 5347 5348
3 5345 5348 5346
3 5346 5348 5349
3 5346 5349 1763
3 1763 5349 1766
3 1767 1770 5350
3 5350 1770 5351
3 5350 5351 1768
3 1768 5351 1769
3 1770 5352 1771
3 1771 5352 5353
3 5352 5354 5353
3 5353 5354 5355
3 5354 5356 5355
3 5355 5356 5357
3 5356 5358 5357
3 5357 5358 5359
3 5358 5360 5359
3 5359 5360 5361
3 5360 5362 5361
3 5361 5362 5363
3 5362 5364 5363
3 5363 5364 5365
3 5364 1773 5365
3 5365 1773 1772
3 1773 1776 5366
3 5366 1776 5367
3 5366 5367 1774
3 1774 5367 1775
3 1776 1779 1777
3 1777 1779 1778
3 1779 1782 5368
3 5368 1782 5370
3 5368 5370 5369
3 5369 5370 5371
3 5369 5371 1780
3 1780 5371 1781
3 1782 1785 5372
3 5372 1785 5374
3 5372 5374 5373
3 5373 5374 5375
3 5373 5375 1783
3 1783 5375 1784
3 1785 1788 1786
3 1786 1788 1787
3 1788 1613 1789
3 1789 1613 1615
3 1789 1791 1787
3 1787 1791 1790
3 1791 5376 1792
3 1792 5376 5377
3 5376 5378 5377
3 5377 5378 5379
3 5378 1794 5379
3 5379 1794 1793
3 1794 5380 1795
3 1795 5380 5381
3 5380 5382 5381
3 5381 5382 5383
3 5382 5384 5383
3 5383 5384 5385
3 5384 1616 5385
3 5385 1616 1618
3 1795 1797 1793
3 1793 1797 1796
3 1797 5386 1798
3 1798 5386 5387
3 5386 1800 5387
3 5387 1800 1799
3 1800 1622 5388
3 5388 1622 5390
3 5388 5390 5389
3 5389 5390 5391
3 5389 5391 1801
3 1801 5391 1624
3 1801 1803 5392
3 5392 1803 5394
3 5392 5394 5393
3 5393 5394 5395
3 5393 5395 1799
3 1799 5395 1802
3 1803 1806 1804
3 1804 1806 1805
3 1806 1809 1807
3 1807 1809 1808
3 1809 1812 5396
3 5396 1812 5397
3 5396 5397 1810
3 1810 5397 1811
3 1812 1815 5398
3 5398 1815 5399
3 5398 5399 1813
3 1813 5399 1814
3 1815 1631 5400
3 5400 1631 5402
3 5400 5402 5401
3 5401 5402 5403
3 5401 5403 1816
3 1816 5403 1633
3 1816 1634 1814
3 1814 1634 1636
3 1813 1818 5404
3 5404 1818 5405
3 5404 5405 1811
3 1811 5405 1817
3 1818 5406 1819
3 1819 5406 5407
3 5406 5408 5407
3 5407 5408 5409
3 5408 5410 5409
3 5409 5410 5411
3 5410 1821 5411
3 5411 1821 1820
3 1821 1824 5412
3 5412 1824 5413
3 5412 5413 1822
3 1822 5413 1823
3 1824 1827 1825
3 1825 1827 1826
3 1827 1643 5414
3 5414 1643 5416
3 5414 5416 5415
3 5415 5416 5417
3 5415 5417 1828
3 1828 5417 1645
3 1828 1830 5418
3 5418 1830 5419
3 5418 5419 1826
3 1826 5419 1829
3 1830 1833 5420
3 5420 1833 5422
3 5420 5422 5421
3 5421 5422 5423
3 5421 5423 1831
3 1831 5423 1832
3 1833 1836 5424
3 5424 1836 5426
3 5424 5426 5425
3 5425 5426 5427
3 5425 5427 1834
3 1834 5427 1835
3 1836 1839 5428
3 5428 1839 5429
3 5428 5429 1837
3 1837 5429 1838
3 1839 1842 5430
3 5430 1842 5431
3 5430 5431 1840
3 1840 5431 1841
3 1842 1649 1843
3 1843 1649 1651
3 1843 1845 1841
3 1841 1845 1844
3 1845 5432 1846
3 1846 5432 5433
3 5432 1652 5433
3 5433 1652 1654
3 1846 5434 1844
3 1844 5434 5435
3 5434 5436 5435
3 5435 5436 5437
3 5436 5438 5437
3 5437 5438 5439
3 5438 1848 5439
3 5439 1848 1847
3 1848 1851 1849
3 1849 1851 1850
3 1851 5440 1852
3 1852 5440 5441
3 5440 1661 5441
3 5441 1661 1663
3 1852 5443 5442
3 5442 5443 5444
3 5442 5444 1850
3 1850 5444 5445
3 5443 5446 5444
3 5444 5446 5447
3 5444 5447 5445
3 5445 5447 5448
3 5446 1854 5447
3 5447 1854 5449
3 5447 5449 5448
3 5448 5449 1853
3 1854 1857 5450
3 5450 1857 5451
3 5450 5451 1855
3 1855 5451 1856
3 1857 1860 5452
3 5452 1860 5453
3 5452 5453 1858
3 1858 5453 1859
3 1860 1863 5454
3 5454 1863 5455
3 5454 5455 1861
3 1861 5455 1862
3 1863 1673 5456
3 5456 1673 5458
3 5456 5458 5457
3 5457 5458 5459
3 5457 5459 1864
3 1864 5459 1675
3 1864 1866 1862
3 1862 1866 1865
3 1866 1869 5460
3 5460 1869 5461
3 5460 5461 1867
3 1867 5461 1868
3 1869 1872 1870
3 1870 1872 1871
3 1872 1875 5462
3 5462 1875 5463
3 5462 5463 1873
3 1873 5463 1874
3 1875 1878 5464
3 5464 1878 5465
3 5464 5465 1876
3 1876 5465 1877
3 1878 5466 1879
3 1879 5466 5467
3 5466 5468 5467
3 5467 5468 5469
3 5468 5470 5469
3 5469 5470 5471
3 5470 5472 5471
3 5471 5472 5473
3 5472 1676 5473
3 5473 1676 1678
3 1879 1881 5474
3 5474 1881 5476
3 5474 5476 5475
3 5475 5476 5477
3 5475 5477 1877
3 1877 5477 1880
3 1881 5479 5478
3 5478 5479 5480
3 5478 5480 1882
3 1882 5480 5481
3 5479 1884 5480
3 5480 1884 5482
3 5480 5482 5481
3 5481 5482 1883
3 1884 5484 5483
3 5483 5484 5485
3 5483 5485 1885
3 1885 5485 5486
3 5484 1679 5485
3 5485 1679 5487
3 5485 5487 5486
3 5486 5487 1681
3 1885 5488 1883
3 1883 5488 5489
3 5488 5490 5489
3 5489 5490 5491
3 5490 5492 5491
3 5491 5492 5493
3 5492 1685 5493
3 5493 1685 1687
3 1882 1887 5494
3 5494 1887 5495
3 5494 5495 1880
3 1880 5495 1886
3 1887 1697 1888
3 1888 1697 1699
3 1888 1700 1886
3 1886 1700 1702
3 1876 5496 1874
3 1874 5496 5497
3 5496 1703 5497
3 5497 1703 1705
3 1873 1890 1871
3 1871 1890 1889
3 1890 1893 1891
3 1891 1893 1892
3 1893 1706 5498
3 5498 1706 5499
3 5498 5499 1894
3 1894 5499 1708
3 1894 1896 5500
3 5500 1896 5501
3 5500 5501 1892
3 1892 5501 1895
3 1896 1899 5502
3 5502 1899 5504
3 5502 5504 5503
3 5503 5504 5505
3 5503 5505 1897
3 1897 5505 1898
3 1899 1902 5506
3 5506 1902 5508
3 5506 5508 5507
3 5507 5508 5509
3 5507 5509 1900
3 1900 5509 1901
3 1902 1727 5510
3 5510 1727 5511
3 5510 5511 1903
3 1903 5511 1729
3 1903 1733 5512
3 5512 1733 5513
3 5512 5513 1901
3 1901 5513 1735
3 1900 1905 5514
3 5514 1905 5516
3 5514 5516 5515
3 5515 5516 5517
3 5515 5517 1898
3 1898 5517 1904
3 1905 1908 5518
3 5518 1908 5519
3 5518 5519 1906
3 1906 5519 1907
3 1908 1911 5520
3 5520 1911 5521
3 5520 5521 1909
3 1909 5521 1910
3 1911 1914 5522
3 5522 1914 5525
3 5522 5525 5523
3 5523 5525 5526
3 5523 5526 5524
3 5524 5526 5527
3 5524 5527 1912
3 1912 5527 1913
3 1914 1736 5528
3 5528 1736 5530
3 5528 5530 5529
3 5529 5530 5531
3 5529 5531 1915
3 1915 5531 1738
3 1915 1751 1913
3 1913 1751 1753
3 1912 1917 5532
3 5532 1917 5533
3 5532 5533 1910
3 1910 5533 1916
3 1917 1920 1918
3 1918 1920 1919
3 1920 1754 1921
3 1921 1754 1756
3 1921 1923 1919
3 1919 1923 1922
3 1923 1926 5534
3 5534 1926 5536
3 5534 5536 5535
3 5535 5536 5537
3 5535 5537 1924
3 1924 5537 1925
3 1926 1929 1927
3 1927 1929 1928
3 1929 5538 1930
3 1930 5538 5539
3 5538 1932 5539
3 5539 1932 1931
3 1932 1757 5540
3 5540 1757 5541
3 5540 5541 1933
3 1933 5541 1759
3 1933 5543 5542
3 5542 5543 5544
3 5542 5544 1931
3 1931 5544 5545
3 5543 1935 5544
3 5544 1935 5546
3 5544 5546 5545
3 5545 5546 1934
3 1935 1938 5547
3 5547 1938 5548
3 5547 5548 1936
3 1936 5548 1937
3 1938 1760 5549
3 5549 1760 5551
3 5549 5551 5550
3 5550 5551 5552
3 5550 5552 1939
3 1939 5552 1762
3 1939 1941 5553
3 5553 1941 5554
3 5553 5554 1937
3 1937 5554 1940
3 1941 1944 5555
3 5555 1944 5556
3 5555 5556 1942
3 1942 5556 1943
3 1944 1947 1945
3 1945 1947 1946
3 1947 1950 5557
3 5557 1950 5560
3 5557 5560 5558
3 5558 5560 5561
3 5558 5561 5559
3 5559 5561 5562
3 5559 5562 1948
3 1948 5562 1949
3 1950 1953 5563
3 5563 1953 5566
3 5563 5566 5564
3 5564 5566 5567
3 5564 5567 5565
3 5565 5567 5568
3 5565 5568 1951
3 1951 5568 1952
3 1953 1766 5569
3 5569 1766 5572
3 5569 5572 5570
3 5570 5572 5573
3 5570 5573 5571
3 5571 5573 5574
3 5571 5574 1954
3 1954 5574 1768
3 1954 1956 5575
3 5575 1956 5576
3 5575 5576 1952
3 1952 5576 1955
3 1956 5577 1957
3 1957 5577 5578
3 5577 1959 5578
3 5578 1959 1958
3 1959 1962 1960
3 1960 1962 1961
3 1962 1769 5579
3 5579 1769 5581
3 5579 5581 5580
3 5580 5581 5582
3 5580 5582 1963
3 1963 5582 1771
3 1963 5584 5583
3 5583 5584 5585
3 5583 5585 1961
3 1961 5585 5586
3 5584 1965 5585
3 5585 1965 5587
3 5585 5587 5586
3 5586 5587 1964
3 1965 5589 5588
3 5588 5589 5590
3 5588 5590 1966
3 1966 5590 5591
3 5589 1772 5590
3 5590 1772 5592
3 5590 5592 5591
3 5591 5592 1774
3 1966 1968 1964
3 1964 1968 1967
3 1968 1971 5593
3 5593 1971 5596
3 5593 5596 5594
3 5594 5596 5597
3 5594 5597 5595
3 5595 5597 5598
3 5595 5598 1969
3 1969 5598 1970
3 1971 1974 5599
3 5599 1974 5602
3 5599 5602 5600
3 5600 5602 5603
3 5600 5603 5601
3 5601 5603 5604
3 5601 5604 1972
3 1972 5604 1973
3 1974 1977 5605
3 5605 1977 5608
3 5605 5608 5606
3 5606 5608 5609
3 5606 5609 5607
3 5607 5609 5610
3 5607 5610 1975
3 1975 5610 1976
3 1977 1980 5611
3 5611 1980 5612
3 5611 5612 1978
3 1978 5612 1979
3 1980 1775 1981
3 1981 1775 1777
3 1981 1778 5613
3 5613 1778 5614
3 5613 5614 1979
3 1979 5614 1780
3 1978 5616 5615
3 5615 5616 5617
3 5615 5617 1976
3 1976 5617 5618
3 5616 1983 5617
3 5617 1983 5619
3 5617 5619 5618
3 5618 5619 1982
3 1983 1986 5620
3 5620 1986 5622
3 5620 5622 5621
3 5621 5622 5623
3 5621 5623 1984
3 1984 5623 1985
3 1986 1989 5624
3 5624 1989 5627
3 5624 5627 5625
3 5625 5627 5628
3 5625 5628 5626
3 5626 5628 5629
3 5626 5629 1987
3 1987 5629 1988
3 1989 1992 5630
3 5630 1992 5633
3 5630 5633 5631
3 5631 5633 5634
3 5631 5634 5632
3 5632 5634 5635
3 5632 5635 1990
3 1990 5635 1991
3 1992 5636 1993
3 1993 5636 5637
3 5636 5638 5637
3 5637 5638 5639
3 5638 5640 5639
3 5639 5640 5641
3 5640 1781 5641
3 5641 1781 1783
3 1996 1991 1995
3 1993 1997 1994
3 2001 1998 2000
3 1997 2002 1999
3 2002 2005 5642
3 5642 2005 5643
3 5642 5643 2003
3 2003 5643 2004
3 2005 5644 2006
3 2006 5644 5645
3 5644 5646 5645
3 5645 5646 5647
3 5646 2008 5647
3 5647 2008 2007
3 2008 5649 5648
3 5648 5649 5650
3 5648 5650 2009
3 2009 5650 5651
3 5649 5652 5650
3 5650 5652 5653
3 5650 5653 5651
3 5651 5653 5654
3 5652 1784 5653
3 5653 1784 5655
3 5653 5655 5654
3 5654 5655 1786
3 2009 2011 5656
3 5656 2011 5657
3 5656 5657 2007
3 2007 5657 2010
3 2011 2014 5658
3 5658 2014 5659
3 5658 5659 2012
3 2012 5659 2013
3 2014 2017 2015
3 2015 2017 2016
3 2017 2020 5660
3 5660 2020 5663
3 5660 5663 5661
3 5661 5663 5664
3 5661 5664 5662
3 5662 5664 5665
3 5662 5665 2018
3 2018 5665 2019
3 2020 5666 2021
3 2021 5666 5667
3 5666 5668 5667
3 5667 5668 5669
3 5668 5670 5669
3 5669 5670 5671
3 5670 1790 5671
3 5671 1790 1792
3 2021 2023 5672
3 5672 2023 5674
3 5672 5674 5673
3 5673 5674 5675
3 5673 5675 2019
3 2019 5675 2022
3 2023 5678 5676
3 5676 5678 5679
3 5676 5679 5677
3 5677 5679 5680
3 5677 5680 2024
3 2024 5680 5681
3 5678 2026 5679
3 5679 2026 5682
3 5679 5682 5680
3 5680 5682 5683
3 5680 5683 5681
3 5681 5683 2025
3 2026 1796 5684
3 5684 1796 5685
3 5684 5685 2027
3 2027 5685 1798
3 2027 2029 5686
3 5686 2029 5689
3 5686 5689 5687
3 5687 5689 5690
3 5687 5690 5688
3 5688 5690 5691
3 5688 5691 2025
3 2025 5691 2028
3 2030 5692 2033
3 2033 5692 5693
3 5693 5692 2032
3 2029 2034 5694
3 5694 2034 5695
3 5694 5695 2031
3 2034 2037 5696
3 5696 2037 5699
3 5696 5699 5697
3 5697 5699 5700
3 5697 5700 5698
3 5698 5700 5701
3 5698 5701 2035
3 2035 5701 2036
3 2037 2040 5702
3 5702 2040 5705
3 5702 5705 5703
3 5703 5705 5706
3 5703 5706 5704
3 5704 5706 5707
3 5704 5707 2038
3 2038 5707 2039
3 2040 1802 5708
3 5708 1802 5710
3 5708 5710 5709
3 5709 5710 5711
3 5709 5711 2041
3 2041 5711 1804
3 2041 1805 2039
3 2039 1805 1807
3 2038 2043 5712
3 5712 2043 5715
3 5712 5715 5713
3 5713 5715 5716
3 5713 5716 5714
3 5714 5716 5717
3 5714 5717 2036
3 2036 5717 2042
3 2043 5722 5718
3 5718 5722 5723
3 5718 5723 5719
3 5719 5723 5724
3 5719 5724 5720
3 5720 5724 5725
3 5720 5725 5721
3 5721 5725 5726
3 5721 5726 2044
3 2044 5726 5727
3 5722 2046 5723
3 5723 2046 5728
3 5723 5728 5724
3 5724 5728 5729
3 5724 5729 5725
3 5725 5729 5730
3 5725 5730 5726
3 5726 5730 5731
3 5726 5731 5727
3 5727 5731 2045
3 2046 2049 5732
3 5732 2049 5735
3 5732 5735 5733
3 5733 5735 5736
3 5733 5736 5734
3 5734 5736 5737
3 5734 5737 2047
3 2047 5737 2048
3 2049 2052 2050
3 2050 2052 2051
3 2052 5738 2053
3 2053 5738 5739
3 5738 5740 5739
3 5739 5740 5741
3 5740 5742 5741
3 5741 5742 5743
3 5742 5744 5743
3 5743 5744 5745
3 5744 1808 5745
3 5745 1808 1810
3 2053 2055 2051
3 2051 2055 2054
3 2055 2058 5746
3 5746 2058 5748
3 5746 5748 5747
3 5747 5748 5749
3 5747 5749 2056
3 2056 5749 2057
3 2058 5751 5750
3 5750 5751 5752
3 5750 5752 2059
3 2059 5752 5753
3 5751 1817 5752
3 5752 1817 5754
3 5752 5754 5753
3 5753 5754 1819
3 2059 5756 5755
3 5755 5756 5757
3 5755 5757 2057
3 2057 5757 5758
3 5756 1820 5757
3 5757 1820 5759
3 5757 5759 5758
3 5758 5759 1822
3 2056 2061 5760
3 5760 2061 5761
3 5760 5761 2054
3 2054 5761 2060
3 2061 5762 2062
3 2062 5762 5763
3 5762 5764 5763
3 5763 5764 5765
3 5764 5766 5765
3 5765 5766 5767
3 5766 5768 5767
3 5767 5768 5769
3 5768 5770 5769
3 5769 5770 5771
3 5770 1832 5771
3 5771 1832 1834
3 2062 2064 5772
3 5772 2064 5774
3 5772 5774 5773
3 5773 5774 5775
3 5773 5775 2060
3 2060 5775 2063
3 2064 2067 5776
3 5776 2067 5778
3 5776 5778 5777
3 5777 5778 5779
3 5777 5779 2065
3 2065 5779 2066
3 2067 5782 5780
3 5780 5782 5783
3 5780 5783 5781
3 5781 5783 5784
3 5781 5784 2068
3 2068 5784 5785
3 5782 5786 5783
3 5783 5786 5787
3 5783 5787 5784
3 5784 5787 5788
3 5784 5788 5785
3 5785 5788 5789
3 5786 2070 5787
3 5787 2070 5790
3 5787 5790 5788
3 5788 5790 5791
3 5788 5791 5789
3 5789 5791 2069
3 2070 2073 5792
3 5792 2073 5794
3 5792 5794 5793
3 5793 5794 5795
3 5793 5795 2071
3 2071 5795 2072
3 2073 2076 5796
3 5796 2076 5797
3 5796 5797 2074
3 2074 5797 2075
3 2076 2079 5798
3 5798 2079 5800
3 5798 5800 5799
3 5799 5800 5801
3 5799 5801 2077
3 2077 5801 2078
3 2079 2082 5802
3 5802 2082 5804
3 5802 5804 5803
3 5803 5804 5805
3 5803 5805 2080
3 2080 5805 2081
3 2082 2085 5806
3 5806 2085 5807
3 5806 5807 2083
3 2083 5807 2084
3 2085 2088 2086
3 2086 2088 2087
3 2088 5810 5808
3 5808 5810 5811
3 5808 5811 5809
3 5809 5811 5812
3 5809 5812 2089
3 2089 5812 5813
3 5810 1835 5811
3 5811 1835 5814
3 5811 5814 5812
3 5812 5814 5815
3 5812 5815 5813
3 5813 5815 1837
3 2089 2091 5816
3 5816 2091 5818
3 5816 5818 5817
3 5817 5818 5819
3 5817 5819 2087
3 2087 5819 2090
3 2091 5820 2092
3 2092 5820 5821
3 5820 5822 5821
3 5821 5822 5823
3 5822 1838 5823
3 5823 1838 1840
3 2092 2094 5824
3 5824 2094 5826
3 5824 5826 5825
3 5825 5826 5827
3 5825 5827 2090
3 2090 5827 2093
3 2094 5828 2095
3 2095 5828 5829
3 5828 5830 5829
3 5829 5830 5831
3 5830 1847 5831
3 5831 1847 1849
3 2095 2097 5832
3 5832 2097 5834
3 5832 5834 5833
3 5833 5834 5835
3 5833 5835 2093
3 2093 5835 2096
3 2097 5837 5836
3 5836 5837 5838
3 5836 5838 2098
3 2098 5838 5839
3 5837 2100 5838
3 5838 2100 5840
3 5838 5840 5839
3 5839 5840 2099
3 2100 1853 5841
3 5841 1853 5843
3 5841 5843 5842
3 5842 5843 5844
3 5842 5844 2101
3 2101 5844 1855
3 2101 2103 5845
3 5845 2103 5846
3 5845 5846 2099
3 2099 5846 2102
3 2103 2106 5847
3 5847 2106 5848
3 5847 5848 2104
3 2104 5848 2105
3 2106 2109 5849
3 5849 2109 5851
3 5849 5851 5850
3 5850 5851 5852
3 5850 5852 2107
3 2107 5852 2108
3 2109 2112 5853
3 5853 2112 5855
3 5853 5855 5854
3 5854 5855 5856
3 5854 5856 2110
3 2110 5856 2111
3 2112 2115 5857
3 5857 2115 5859
3 5857 5859 5858
3 5858 5859 5860
3 5858 5860 2113
3 2113 5860 2114
3 2115 2118 2116
3 2116 2118 2117
3 2118 1856 5861
3 5861 1856 5864
3 5861 5864 5862
3 5862 5864 5865
3 5862 5865 5863
3 5863 5865 5866
3 5863 5866 2119
3 2119 5866 1858
3 2119 2121 5867
3 5867 2121 5870
3 5867 5870 5868
3 5868 5870 5871
3 5868 5871 5869
3 5869 5871 5872
3 5869 5872 2117
3 2117 5872 2120
3 2121 5873 2122
3 2122 5873 5874
3 5873 1868 5874
3 5874 1868 1870
3 2122 2124 5875
3 5875 2124 5878
3 5875 5878 5876
3 5876 5878 5879
3 5876 5879 5877
3 5877 5879 5880
3 5877 5880 2120
3 2120 5880 2123
3 2124 1904 5881
3 5881 1904 5883
3 5881 5883 5882
3 5882 5883 5884
3 5882 5884 2125
3 2125 5884 1906
3 2125 1907 2123
3 2123 1907 1909
3 2116 1916 5885
3 5885 1916 5887
3 5885 5887 5886
3 5886 5887 5888
3 5886 5888 2114
3 2114 5888 1918
3 2113 1922 5889
3 5889 1922 5891
3 5889 5891 5890
3 5890 5891 5892
3 5890 5892 2111
3 2111 5892 1924
3 2110 5893 2108
3 2108 5893 5894
3 5893 5895 5894
3 5894 5895 5896
3 5895 5897 5896
3 5896 5897 5898
3 5897 5899 5898
3 5898 5899 5900
3 5899 2127 5900
3 5900 2127 2126
3 2127 2130 5901
3 5901 2130 5902
3 5901 5902 2128
3 2128 5902 2129
3 2130 5904 5903
3 5903 5904 5905
3 5903 5905 2131
3 2131 5905 5906
3 5904 5907 5905
3 5905 5907 5908
3 5905 5908 5906
3 5906 5908 5909
3 5907 1925 5908
3 5908 1925 5910
3 5908 5910 5909
3 5909 5910 1927
3 2131 2133 5911
3 5911 2133 5912
3 5911 5912 2129
3 2129 5912 2132
3 2133 2136 5913
3 5913 2136 5914
3 5913 5914 2134
3 2134 5914 2135
3 2136 5915 2137
3 2137 5915 5916
3 5915 2139 5916
3 5916 2139 2138
3 2139 2142 5917
3 5917 2142 5918
3 5917 5918 2140
3 2140 5918 2141
3 2142 2145 2143
3 2143 2145 2144
3 2145 1928 2146
3 2146 1928 1930
3 2146 2148 2144
3 2144 2148 2147
3 2148 1934 5919
3 5919 1934 5920
3 5919 5920 2149
3 2149 5920 1936
3 2149 2141 2147
3 2147 2141 2143
3 2140 2151 5921
3 5921 2151 5922
3 5921 5922 2138
3 2138 5922 2150
3 2151 2154 2152
3 2152 2154 2153
3 2154 5924 5923
3 5923 5924 5925
3 5923 5925 2155
3 2155 5925 5926
3 5924 1940 5925
3 5925 1940 5927
3 5925 5927 5926
3 5926 5927 1942
3 2155 5928 2153
3 2153 5928 5929
3 5928 2157 5929
3 5929 2157 2156
3 2157 2160 5930
3 5930 2160 5931
3 5930 5931 2158
3 2158 5931 2159
3 2160 2163 2161
3 2161 2163 2162
3 2163 2166 5932
3 5932 2166 5935
3 5932 5935 5933
3 5933 5935 5936
3 5933 5936 5934
3 5934 5936 5937
3 5934 5937 2164
3 2164 5937 2165
3 2166 2169 5938
3 5938 2169 5940
3 5938 5940 5939
3 5939 5940 5941
3 5939 5941 2167
3 2167 5941 2168
3 2169 2172 5942
3 5942 2172 5944
3 5942 5944 5943
3 5943 5944 5945
3 5943 5945 2170
3 2170 5945 2171
3 2172 2175 5946
3 5946 2175 5949
3 5946 5949 5947
3 5947 5949 5950
3 5947 5950 5948
3 5948 5950 5951
3 5948 5951 2173
3 2173 5951 2174
3 2175 1943 5952
3 5952 1943 5953
3 5952 5953 2176
3 2176 5953 1945
3 2176 2178 5954
3 5954 2178 5956
3 5954 5956 5955
3 5955 5956 5957
3 5955 5957 2174
3 2174 5957 2177
3 2178 1946 5958
3 5958 1946 5961
3 5958 5961 5959
3 5959 5961 5962
3 5959 5962 5960
3 5960 5962 5963
3 5960 5963 2179
3 2179 5963 1948
3 2179 2181 5964
3 5964 2181 5965
3 5964 5965 2177
3 2177 5965 2180
3 2181 5966 2182
3 2182 5966 5967
3 5966 5968 5967
3 5967 5968 5969
3 5968 1949 5969
3 5969 1949 1951
3 2182 5971 5970
3 5970 5971 5972
3 5970 5972 2180
3 2180 5972 5973
3 5971 2184 5972
3 5972 2184 5974
3 5972 5974 5973
3 5973 5974 2183
3 2184 2187 5975
3 5975 2187 5976
3 5975 5976 2185
3 2185 5976 2186
3 2187 2190 5977
3 5977 2190 5978
3 5977 5978 2188
3 2188 5978 2189
3 2190 5979 2191
3 2191 5979 5980
3 5979 2193 5980
3 5980 2193 2192
3 2193 2196 5981
3 5981 2196 5983
3 5981 5983 5982
3 5982 5983 5984
3 5982 5984 2194
3 2194 5984 2195
3 2196 2199 2197
3 2197 2199 2198
3 2199 5985 2200
3 2200 5985 5986
3 5985 5987 5986
3 5986 5987 5988
3 5987 1955 5988
3 5988 1955 1957
3 2200 2202 2198
3 2198 2202 2201
3 2202 2205 5989
3 5989 2205 5990
3 5989 5990 2203
3 2203 5990 2204
3 2205 1958 2206
3 2206 1958 1960
3 2206 1967 5991
3 5991 1967 5994
3 5991 5994 5992
3 5992 5994 5995
3 5992 5995 5993
3 5993 5995 5996
3 5993 5996 2204
3 2204 5996 1969
3 2203 5998 5997
3 5997 5998 5999
3 5997 5999 2201
3 2201 5999 6000
3 5998 2208 5999
3 5999 2208 6001
3 5999 6001 6000
3 6000 6001 2207
3 2208 2211 2209
3 2209 2211 2210
3 2211 2214 6002
3 6002 2214 6003
3 6002 6003 2212
3 2212 6003 2213
3 2214 6004 2215
3 2215 6004 6005
3 6004 2217 6005
3 6005 2217 2216
3 2217 2220 6006
3 6006 2220 6007
3 6006 6007 2218
3 2218 6007 2219
3 2220 6009 6008
3 6008 6009 6010
3 6008 6010 2221
3 2221 6010 6011
3 6009 2223 6010
3 6010 2223 6012
3 6010 6012 6011
3 6011 6012 2222
3 2223 1970 6013
3 6013 1970 6014
3 6013 6014 2224
3 2224 6014 1972
3 2224 2226 2222
3 2222 2226 2225
3 2226 2229 6015
3 6015 2229 6017
3 6015 6017 6016
3 6016 6017 6018
3 6016 6018 2227
3 2227 6018 2228
3 2229 2232 6019
3 6019 2232 6022
3 6019 6022 6020
3 6020 6022 6023
3 6020 6023 6021
3 6021 6023 6024
3 6021 6024 2230
3 2230 6024 2231
3 2232 6025 2233
3 2233 6025 6026
3 6025 6027 6026
3 6026 6027 6028
3 6027 1985 6028
3 6028 1985 1987
3 2233 2235 6029
3 6029 2235 6031
3 6029 6031 6030
3 6030 6031 6032
3 6030 6032 2231
3 2231 6032 2234
3 2235 2238 2236
3 2236 2238 2237
3 2238 2241 6033
3 6033 2241 6035
3 6033 6035 6034
3 6034 6035 6036
3 6034 6036 2239
3 2239 6036 2240
3 2241 2244 6037
3 6037 2244 6040
3 6037 6040 6038
3 6038 6040 6041
3 6038 6041 6039
3 6039 6041 6042
3 6039 6042 2242
3 2242 6042 2243
3 2244 6043 2245
3 2245 6043 6044
3 6043 1988 6044
3 6044 1988 1990
3 2245 2247 6045
3 6045 2247 6048
3 6045 6048 6046
3 6046 6048 6049
3 6046 6049 6047
3 6047 6049 6050
3 6047 6050 2243
3 2243 6050 2246
3 2247 6051 2248
3 2248 6051 6052
3 6051 2250 6052
3 6052 2250 2249
3 2250 1996 6053
3 6053 1996 6054
3 6053 6054 2251
3 2251 6054 1998
3 2251 2253 2249
3 2249 2253 2252
3 2253 2256 2254
3 2254 2256 2255
3 2256 2259 2257
3 2257 2259 2258
3 2259 6055 2260
3 2260 6055 6056
3 6055 6057 6056
3 6056 6057 6058
3 6057 6059 6058
3 6058 6059 6060
3 6059 6061 6060
3 6060 6061 6062
3 6061 6063 6062
3 6062 6063 6064
3 6063 6065 6064
3 6064 6065 6066
3 6065 6067 6066
3 6066 6067 6068
3 6067 6069 6068
3 6068 6069 6070
3 6069 2262 6070
3 6070 2262 2261
3 2262 2265 2263
3 2263 2265 2264
3 2265 2268 2266
3 2266 2268 2267
3 2268 2271 6071
3 6071 2271 6072
3 6071 6072 2269
3 2269 6072 2270
3 2271 2274 6073
3 6073 2274 6074
3 6073 6074 2272
3 2272 6074 2273
3 2274 6077 6075
3 6075 6077 6078
3 6075 6078 6076
3 6076 6078 6079
3 6076 6079 2275
3 2275 6079 6080
3 6077 6081 6078
3 6078 6081 6082
3 6078 6082 6079
3 6079 6082 6083
3 6079 6083 6080
3 6080 6083 6084
3 6081 6085 6082
3 6082 6085 6086
3 6082 6086 6083
3 6083 6086 6087
3 6083 6087 6084
3 6084 6087 6088
3 6085 2277 6086
3 6086 2277 6089
3 6086 6089 6087
3 6087 6089 6090
3 6087 6090 6088
3 6088 6090 2276
3 2277 2280 6091
3 6091 2280 6094
3 6091 6094 6092
3 6092 6094 6095
3 6092 6095 6093
3 6093 6095 6096
3 6093 6096 2278
3 2278 6096 2279
3 2280 2001 6097
3 6097 2001 6100
3 6097 6100 6098
3 6098 6100 6101
3 6098 6101 6099
3 6099 6101 6102
3 6099 6102 2281
3 2281 6102 2003
3 2281 2283 2279
3 2279 2283 2282
3 2283 2286 6103
3 6103 2286 6104
3 6103 6104 2284
3 2284 6104 2285
3 2286 6105 2287
3 2287 6105 6106
3 6105 6107 6106
3 6106 6107 6108
3 6107 2004 6108
3 6108 2004 2006
3 2287 2289 6109
3 6109 2289 6110
3 6109 6110 2285
3 2285 6110 2288
3 2289 6111 2290
3 2290 6111 6112
3 6111 2010 6112
3 6112 2010 2012
3 2290 2292 6113
3 6113 2292 6114
3 6113 6114 2288
3 2288 6114 2291
3 2292 2295 6115
3 6115 2295 6118
3 6115 6118 6116
3 6116 6118 6119
3 6116 6119 6117
3 6117 6119 6120
3 6117 6120 2293
3 2293 6120 2294
3 2299 2296 2298
3 2295 2300 2297
3 2300 2013 6121
3 6121 2013 6122
3 6121 6122 2301
3 2301 6122 2015
3 2301 2303 6123
3 6123 2303 6125
3 6123 6125 6124
3 6124 6125 6126
3 6124 6126 2299
3 2299 6126 2302
3 2303 2016 6127
3 6127 2016 6130
3 6127 6130 6128
3 6128 6130 6131
3 6128 6131 6129
3 6129 6131 6132
3 6129 6132 2304
3 2304 6132 2018
3 2304 2306 6133
3 6133 2306 6134
3 6133 6134 2302
3 2302 6134 2305
3 2306 2309 6135
3 6135 2309 6137
3 6135 6137 6136
3 6136 6137 6138
3 6136 6138 2307
3 2307 6138 2308
3 2309 6139 2310
3 2310 6139 6140
3 6139 6141 6140
3 6140 6141 6142
3 6141 2312 6142
3 6142 2312 2311
3 2312 2315 6143
3 6143 2315 6144
3 6143 6144 2313
3 2313 6144 2314
3 2315 6145 2316
3 2316 6145 6146
3 6145 2022 6146
3 6146 2022 2024
3 2316 2318 2314
3 2314 2318 2317
3 2318 6147 2319
3 2319 6147 6148
3 6147 2321 6148
3 6148 2321 2320
3 2321 2028 2322
3 2322 2028 2030
3 2322 6149 2320
3 2320 6149 6150
3 6149 2324 6150
3 6150 2324 2323
3 2324 2327 2325
3 2325 2327 2326
3 2327 6151 2328
3 2328 6151 6152
3 6151 6153 6152
3 6152 6153 6154
3 6153 6155 6154
3 6154 6155 6156
3 6155 6157 6156
3 6156 6157 6158
3 6157 2330 6158
3 6158 2330 2329
3 2330 2045 2331
3 2331 2045 2047
3 2331 6159 2329
3 2329 6159 6160
3 6159 2333 6160
3 6160 2333 2332
3 2333 6161 2334
3 2334 6161 6162
3 6161 6163 6162
3 6162 6163 6164
3 6163 6165 6164
3 6164 6165 6166
3 6165 6167 6166
3 6166 6167 6168
3 6167 2336 6168
3 6168 2336 2335
3 2336 6169 2337
3 2337 6169 6170
3 6169 6171 6170
3 6170 6171 6172
3 6171 6173 6172
3 6172 6173 6174
3 6173 6175 6174
3 6174 6175 6176
3 6175 2339 6176
3 6176 2339 2338
3 2339 6180 6177
3 6177 6180 6181
3 6177 6181 6178
3 6178 6181 6182
3 6178 6182 6179
3 6179 6182 6183
3 6179 6183 2340
3 2340 6183 6184
3 6180 2342 6181
3 6181 2342 6185
3 6181 6185 6182
3 6182 6185 6186
3 6182 6186 6183
3 6183 6186 6187
3 6183 6187 6184
3 6184 6187 2341
3 2342 2345 6188
3 6188 2345 6192
3 6188 6192 6189
3 6189 6192 6193
3 6189 6193 6190
3 6190 6193 6194
3 6190 6194 6191
3 6191 6194 6195
3 6191 6195 2343
3 2343 6195 2344
3 2345 2348 6196
3 6196 2348 6199
3 6196 6199 6197
3 6197 6199 6200
3 6197 6200 6198
3 6198 6200 6201
3 6198 6201 2346
3 2346 6201 2347
3 2348 6203 6202
3 6202 6203 6204
3 6202 6204 2349
3 2349 6204 6205
3 6203 6206 6204
3 6204 6206 6207
3 6204 6207 6205
3 6205 6207 6208
3 6206 2351 6207
3 6207 2351 6209
3 6207 6209 6208
3 6208 6209 2350
3 2351 2048 6210
3 6210 2048 6213
3 6210 6213 6211
3 6211 6213 6214
3 6211 6214 6212
3 6212 6214 6215
3 6212 6215 2352
3 2352 6215 2050
3 2352 2347 6216
3 6216 2347 6219
3 6216 6219 6217
3 6217 6219 6220
3 6217 6220 6218
3 6218 6220 6221
3 6218 6221 2350
3 2350 6221 2349
3 2346 2354 2344
3 2344 2354 2353
3 2354 6224 6222
3 6222 6224 6225
3 6222 6225 6223
3 6223 6225 6226
3 6223 6226 2355
3 2355 6226 6227
3 6224 2357 6225
3 6225 2357 6228
3 6225 6228 6226
3 6226 6228 6229
3 6226 6229 6227
3 6227 6229 2356
3 2357 2063 2358
3 2358 2063 2065
3 2358 2360 6230
3 6230 2360 6232
3 6230 6232 6231
3 6231 6232 6233
3 6231 6233 2356
3 2356 6233 2359
3 2068 2361 2363
3 2360 2066 2362
3 2366 2359 2365
3 2361 2367 2364
3 2367 2370 2368
3 2368 2370 2369
3 2370 2373 6234
3 6234 2373 6235
3 6234 6235 2371
3 2371 6235 2372
3 2373 6236 2374
3 2374 6236 6237
3 6236 6238 6237
3 6237 6238 6239
3 6238 6240 6239
3 6239 6240 6241
3 6240 6242 6241
3 6241 6242 6243
3 6242 2069 6243
3 6243 2069 2071
3 2374 6244 2372
3 2372 6244 6245
3 6244 6246 6245
3 6245 6246 6247
3 6246 6248 6247
3 6247 6248 6249
3 6248 6250 6249
3 6249 6250 6251
3 6250 2376 6251
3 6251 2376 2375
3 2376 2379 6252
3 6252 2379 6253
3 6252 6253 2377
3 2377 6253 2378
3 2379 2382 6254
3 6254 2382 6255
3 6254 6255 2380
3 2380 6255 2381
3 2382 6257 6256
3 6256 6257 6258
3 6256 6258 2383
3 2383 6258 6259
3 6257 2078 6258
3 6258 2078 6260
3 6258 6260 6259
3 6259 6260 2080
3 2383 6261 2381
3 2381 6261 6262
3 6261 6263 6262
3 6262 6263 6264
3 6263 6265 6264
3 6264 6265 6266
3 6265 6267 6266
3 6266 6267 6268
3 6267 2378 6268
3 6268 2378 2380
3 2377 6270 6269
3 6269 6270 6271
3 6269 6271 2375
3 2375 6271 6272
3 6270 2385 6271
3 6271 2385 6273
3 6271 6273 6272
3 6272 6273 2384
3 2385 6274 2386
3 2386 6274 6275
3 6274 2388 6275
3 6275 2388 2387
3 2388 2391 6276
3 6276 2391 6277
3 6276 6277 2389
3 2389 6277 2390
3 2391 2394 2392
3 2392 2394 2393
3 2394 2397 2395
3 2395 2397 2396
3 2397 6278 2398
3 2398 6278 6279
3 6278 6280 6279
3 6279 6280 6281
3 6280 2400 6281
3 6281 2400 2399
3 2400 6283 6282
3 6282 6283 6284
3 6282 6284 2401
3 2401 6284 6285
3 6283 2081 6284
3 6284 2081 6286
3 6284 6286 6285
3 6285 6286 2083
3 2401 2403 2399
3 2399 2403 2402
3 2403 6287 2404
3 2404 6287 6288
3 6287 6289 6288
3 6288 6289 6290
3 6289 2084 6290
3 6290 2084 2086
3 2404 2406 2402
3 2402 2406 2405
3 2406 2409 2407
3 2407 2409 2408
3 2409 2096 2410
3 2410 2096 2098
3 2410 6292 6291
3 6291 6292 6293
3 6291 6293 2408
3 2408 6293 6294
3 6292 2412 6293
3 6293 2412 6295
3 6293 6295 6294
3 6294 6295 2411
3 2412 2102 2413
3 2413 2102 2104
3 2413 2105 2411
3 2411 2105 2107
3 2407 2415 6296
3 6296 2415 6297
3 6296 6297 2405
3 2405 6297 2414
3 2415 6299 6298
3 6298 6299 6300
3 6298 6300 2416
3 2416 6300 6301
3 6299 2418 6300
3 6300 2418 6302
3 6300 6302 6301
3 6301 6302 2417
3 2418 2421 6303
3 6303 2421 6304
3 6303 6304 2419
3 2419 6304 2420
3 2421 2126 6305
3 6305 2126 6307
3 6305 6307 6306
3 6306 6307 6308
3 6306 6308 2422
3 2422 6308 2128
3 2422 2424 6309
3 6309 2424 6310
3 6309 6310 2420
3 2420 6310 2423
3 2424 2427 6311
3 6311 2427 6312
3 6311 6312 2425
3 2425 6312 2426
3 2427 2390 6313
3 6313 2390 6314
3 6313 6314 2428
3 2428 6314 2392
3 2428 2393 2426
3 2426 2393 2395
3 2425 2417 2423
3 2423 2417 2419
3 2416 2396 2414
3 2414 2396 2398
3 2389 2430 6315
3 6315 2430 6316
3 6315 6316 2387
3 2387 6316 2429
3 2430 2433 2431
3 2431 2433 2432
3 2433 6318 6317
3 6317 6318 6319
3 6317 6319 2434
3 2434 6319 6320
3 6318 2132 6319
3 6319 2132 6321
3 6319 6321 6320
3 6320 6321 2134
3 2434 6322 2432
3 2432 6322 6323
3 6322 2436 6323
3 6323 2436 2435
3 2436 2439 6324
3 6324 2439 6325
3 6324 6325 2437
3 2437 6325 2438
3 2439 2442 2440
3 2440 2442 2441
3 2442 6328 6326
3 6326 6328 6329
3 6326 6329 6327
3 6327 6329 6330
3 6327 6330 2443
3 2443 6330 6331
3 6328 2445 6329
3 6329 2445 6332
3 6329 6332 6330
3 6330 6332 6333
3 6330 6333 6331
3 6331 6333 2444
3 2445 2135 6334
3 6334 2135 6335
3 6334 6335 2446
3 2446 6335 2137
3 2446 2448 6336
3 6336 2448 6338
3 6336 6338 6337
3 6337 6338 6339
3 6337 6339 2444
3 2444 6339 2447
3 2448 2150 6340
3 6340 2150 6342
3 6340 6342 6341
3 6341 6342 6343
3 6341 6343 2449
3 2449 6343 2152
3 2449 2156 2447
3 2447 2156 2158
3 2443 2451 6344
3 6344 2451 6346
3 6344 6346 6345
3 6345 6346 6347
3 6345 6347 2441
3 2441 6347 2450
3 2451 2454 6348
3 6348 2454 6351
3 6348 6351 6349
3 6349 6351 6352
3 6349 6352 6350
3 6350 6352 6353
3 6350 6353 2452
3 2452 6353 2453
3 2454 2457 6354
3 6354 2457 6356
3 6354 6356 6355
3 6355 6356 6357
3 6355 6357 2455
3 2455 6357 2456
3 2457 2341 6358
3 6358 2341 6361
3 6358 6361 6359
3 6359 6361 6362
3 6359 6362 6360
3 6360 6362 6363
3 6360 6363 2458
3 2458 6363 2343
3 2458 2460 6364
3 6364 2460 6365
3 6364 6365 2456
3 2456 6365 2459
3 2460 2353 6366
3 6366 2353 6368
3 6366 6368 6367
3 6367 6368 6369
3 6367 6369 2461
3 2461 6369 2355
3 2461 2453 6370
3 6370 2453 6371
3 6370 6371 2459
3 2459 6371 2455
3 2452 2438 2450
3 2450 2438 2440
3 2437 2463 2435
3 2435 2463 2462
3 2463 2466 6372
3 6372 2466 6374
3 6372 6374 6373
3 6373 6374 6375
3 6373 6375 2464
3 2464 6375 2465
3 2466 2469 6376
3 6376 2469 6378
3 6376 6378 6377
3 6377 6378 6379
3 6377 6379 2467
3 2467 6379 2468
3 2473 2470 2472
3 2469 2474 2471
3 2474 2366 6380
3 6380 2366 6383
3 6380 6383 6381
3 6381 6383 6384
3 6381 6384 6382
3 6382 6384 6385
3 6382 6385 2475
3 2475 6385 2368
3 2475 2369 2473
3 2473 2369 2371
3 2470 2477 6386
3 6386 2477 6387
3 6386 6387 2468
3 2468 6387 2476
3 2477 6389 6388
3 6388 6389 6390
3 6388 6390 2478
3 2478 6390 6391
3 6389 2384 6390
3 6390 2384 6392
3 6390 6392 6391
3 6391 6392 2386
3 2478 2465 2476
3 2476 2465 2467
3 2464 2429 6393
3 6393 2429 6395
3 6393 6395 6394
3 6394 6395 6396
3 6394 6396 2462
3 2462 6396 2431
3 2340 2480 6397
3 6397 2480 6399
3 6397 6399 6398
3 6398 6399 6400
3 6398 6400 2338
3 2338 6400 2479
3 2480 2483 6401
3 6401 2483 6404
3 6401 6404 6402
3 6402 6404 6405
3 6402 6405 6403
3 6403 6405 6406
3 6403 6406 2481
3 2481 6406 2482
3 2483 2159 2484
3 2484 2159 2161
3 2484 2486 6407
3 6407 2486 6409
3 6407 6409 6408
3 6408 6409 6410
3 6408 6410 2482
3 2482 6410 2485
3 2486 2162 6411
3 6411 2162 6413
3 6411 6413 6412
3 6412 6413 6414
3 6412 6414 2487
3 2487 6414 2164
3 2487 6415 2485
3 2485 6415 6416
3 6415 2489 6416
3 6416 2489 2488
3 2489 6418 6417
3 6417 6418 6419
3 6417 6419 2490
3 2490 6419 6420
3 6418 2492 6419
3 6419 2492 6421
3 6419 6421 6420
3 6420 6421 2491
3 2492 2495 6422
3 6422 2495 6423
3 6422 6423 2493
3 2493 6423 2494
3 2495 6424 2496
3 2496 6424 6425
3 6424 6426 6425
3 6425 6426 6427
3 6426 6428 6427
3 6427 6428 6429
3 6428 2498 6429
3 6429 2498 2497
3 2498 6430 2499
3 2499 6430 6431
3 6430 6432 6431
3 6431 6432 6433
3 6432 2165 6433
3 6433 2165 2167
3 2499 2501 2497
3 2497 2501 2500
3 2501 2504 6434
3 6434 2504 6436
3 6434 6436 6435
3 6435 6436 6437
3 6435 6437 2502
3 2502 6437 2503
3 2504 2507 6438
3 6438 2507 6439
3 6438 6439 2505
3 2505 6439 2506
3 2507 2510 6440
3 6440 2510 6441
3 6440 6441 2508
3 2508 6441 2509
3 2510 2168 2511
3 2511 2168 2170
3 2511 2171 6442
3 6442 2171 6443
3 6442 6443 2509
3 2509 6443 2173
3 2508 2513 2506
3 2506 2513 2512
3 2513 2516 6444
3 6444 2516 6445
3 6444 6445 2514
3 2514 6445 2515
3 2516 2183 2517
3 2517 2183 2185
3 2517 2186 2515
3 2515 2186 2188
3 2514 6446 2512
3 2512 6446 6447
3 6446 2503 6447
3 6447 2503 2505
3 2502 2519 6448
3 6448 2519 6451
3 6448 6451 6449
3 6449 6451 6452
3 6449 6452 6450
3 6450 6452 6453
3 6450 6453 2500
3 2500 6453 2518
3 2519 6456 6454
3 6454 6456 6457
3 6454 6457 6455
3 6455 6457 6458
3 6455 6458 2520
3 2520 6458 6459
3 6456 2522 6457
3 6457 2522 6460
3 6457 6460 6458
3 6458 6460 6461
3 6458 6461 6459
3 6459 6461 2521
3 2522 2525 6462
3 6462 2525 6463
3 6462 6463 2523
3 2523 6463 2524
3 2525 2528 2526
3 2526 2528 2527
3 2528 2531 6464
3 6464 2531 6465
3 6464 6465 2529
3 2529 6465 2530
3 2531 6467 6466
3 6466 6467 6468
3 6466 6468 2532
3 2532 6468 6469
3 6467 2534 6468
3 6468 2534 6470
3 6468 6470 6469
3 6469 6470 2533
3 2534 2189 6471
3 6471 2189 6473
3 6471 6473 6472
3 6472 6473 6474
3 6472 6474 2535
3 2535 6474 2191
3 2535 2537 2533
3 2533 2537 2536
3 2537 6477 6475
3 6475 6477 6478
3 6475 6478 6476
3 6476 6478 6479
3 6476 6479 2538
3 2538 6479 6480
3 6477 2192 6478
3 6478 2192 6481
3 6478 6481 6479
3 6479 6481 6482
3 6479 6482 6480
3 6480 6482 2194
3 2538 2540 6483
3 6483 2540 6485
3 6483 6485 6484
3 6484 6485 6486
3 6484 6486 2536
3 2536 6486 2539
3 2540 2276 6487
3 6487 2276 6488
3 6487 6488 2541
3 2541 6488 2278
3 2541 2543 6489
3 6489 2543 6490
3 6489 6490 2539
3 2539 6490 2542
3 2543 2282 6491
3 6491 2282 6492
3 6491 6492 2544
3 2544 6492 2284
3 2544 2530 2542
3 2542 2530 2532
3 2529 2546 2527
3 2527 2546 2545
3 2546 2291 6493
3 6493 2291 6494
3 6493 6494 2547
3 2547 6494 2293
3 2547 2524 2545
3 2545 2524 2526
3 2523 2549 6495
3 6495 2549 6496
3 6495 6496 2521
3 2521 6496 2548
3 2549 2294 6497
3 6497 2294 6498
3 6497 6498 2550
3 2550 6498 2296
3 2550 2305 6499
3 6499 2305 6500
3 6499 6500 2548
3 2548 6500 2307
3 2520 6501 2518
3 2518 6501 6502
3 6501 6503 6502
3 6502 6503 6504
3 6503 2552 6504
3 6504 2552 2551
3 2552 2308 6505
3 6505 2308 6507
3 6505 6507 6506
3 6506 6507 6508
3 6506 6508 2553
3 2553 6508 2310
3 2553 6511 6509
3 6509 6511 6512
3 6509 6512 6510
3 6510 6512 6513
3 6510 6513 2551
3 2551 6513 6514
3 6511 2494 6512
3 6512 2494 6515
3 6512 6515 6513
3 6513 6515 6516
3 6513 6516 6514
3 6514 6516 2496
3 2493 2555 2491
3 2491 2555 2554
3 2555 2558 2556
3 2556 2558 2557
3 2558 6517 2559
3 2559 6517 6518
3 6517 2561 6518
3 6518 2561 2560
3 2561 2311 2562
3 2562 2311 2313
3 2562 2564 2560
3 2560 2564 2563
3 2564 2567 2565
3 2565 2567 2566
3 2567 6520 6519
3 6519 6520 6521
3 6519 6521 2568
3 2568 6521 6522
3 6520 2326 6521
3 6521 2326 6523
3 6521 6523 6522
3 6522 6523 2328
3 2568 6524 2566
3 2566 6524 6525
3 6524 6526 6525
3 6525 6526 6527
3 6526 6528 6527
3 6527 6528 6529
3 6528 6530 6529
3 6529 6530 6531
3 6530 2332 6531
3 6531 2332 2334
3 2565 6532 2563
3 2563 6532 6533
3 6532 2557 6533
3 6533 2557 2559
3 2556 2335 2554
3 2554 2335 2337
3 2490 2479 6534
3 6534 2479 6535
3 6534 6535 2488
3 2488 6535 2481
3 2325 2317 2323
3 2323 2317 2319
3 2275 2570 6536
3 6536 2570 6539
3 6536 6539 6537
3 6537 6539 6540
3 6537 6540 6538
3 6538 6540 6541
3 6538 6541 2273
3 2273 6541 2569
3 2570 6542 2571
3 2571 6542 6543
3 6542 2213 6543
3 6543 2213 2215
3 2571 2573 6544
3 6544 2573 6546
3 6544 6546 6545
3 6545 6546 6547
3 6545 6547 2569
3 2569 6547 2572
3 2573 2576 2574
3 2574 2576 2575
3 2576 2216 6548
3 6548 2216 6549
3 6548 6549 2577
3 2577 6549 2218
3 2577 2579 2575
3 2575 2579 2578
3 2579 2582 2580
3 2580 2582 2581
3 2582 2585 6550
3 6550 2585 6551
3 6550 6551 2583
3 2583 6551 2584
3 2585 2219 2586
3 2586 2219 2221
3 2586 2588 6552
3 6552 2588 6553
3 6552 6553 2584
3 2584 6553 2587
3 2588 6556 6554
3 6554 6556 6557
3 6554 6557 6555
3 6555 6557 6558
3 6555 6558 2589
3 2589 6558 6559
3 6556 2225 6557
3 6557 2225 6560
3 6557 6560 6558
3 6558 6560 6561
3 6558 6561 6559
3 6559 6561 2227
3 2589 2591 6562
3 6562 2591 6563
3 6562 6563 2587
3 2587 6563 2590
3 2591 2594 2592
3 2592 2594 2593
3 2594 2597 6564
3 6564 2597 6565
3 6564 6565 2595
3 2595 6565 2596
3 2597 2600 2598
3 2598 2600 2599
3 2600 2603 6566
3 6566 2603 6567
3 6566 6567 2601
3 2601 6567 2602
3 2603 6569 6568
3 6568 6569 6570
3 6568 6570 2604
3 2604 6570 6571
3 6569 2606 6570
3 6570 2606 6572
3 6570 6572 6571
3 6571 6572 2605
3 2606 2228 6573
3 6573 2228 6574
3 6573 6574 2607
3 2607 6574 2230
3 2607 6575 2605
3 2605 6575 6576
3 6575 6577 6576
3 6576 6577 6578
3 6577 2609 6578
3 6578 2609 2608
3 2609 2234 6579
3 6579 2234 6581
3 6579 6581 6580
3 6580 6581 6582
3 6580 6582 2610
3 2610 6582 2236
3 2610 2237 6583
3 6583 2237 6585
3 6583 6585 6584
3 6584 6585 6586
3 6584 6586 2608
3 2608 6586 2239
3 2604 6587 2602
3 2602 6587 6588
3 6587 2612 6588
3 6588 2612 2611
3 2612 2615 6589
3 6589 2615 6590
3 6589 6590 2613
3 2613 6590 2614
3 2615 2618 2616
3 2616 2618 2617
3 2622 2619 2621
3 2618 2623 2620
3 2623 2626 2624
3 2624 2626 2625
3 2626 6591 2627
3 2627 6591 6592
3 6591 6593 6592
3 6592 6593 6594
3 6593 2629 6594
3 6594 2629 2628
3 2629 2632 2630
3 2630 2632 2631
3 2632 2240 6595
3 6595 2240 6597
3 6595 6597 6596
3 6596 6597 6598
3 6596 6598 2633
3 2633 6598 2242
3 2633 6600 6599
3 6599 6600 6601
3 6599 6601 2631
3 2631 6601 6602
3 6600 2635 6601
3 6601 2635 6603
3 6601 6603 6602
3 6602 6603 2634
3 2635 2638 2636
3 2636 2638 2637
3 2638 2641 2639
3 2639 2641 2640
3 2641 2644 2642
3 2642 2644 2643
3 2644 6604 2645
3 2645 6604 6605
3 6604 6606 6605
3 6605 6606 6607
3 6606 2647 6607
3 6607 2647 2646
3 2647 2246 6608
3 6608 2246 6610
3 6608 6610 6609
3 6609 6610 6611
3 6609 6611 2648
3 2648 6611 2248
3 2648 2650 6612
3 6612 2650 6614
3 6612 6614 6613
3 6613 6614 6615
3 6613 6615 2646
3 2646 6615 2649
3 2650 2252 2651
3 2651 2252 2254
3 2651 2653 6616
3 6616 2653 6618
3 6616 6618 6617
3 6617 6618 6619
3 6617 6619 2649
3 2649 6619 2652
3 2653 2656 2654
3 2654 2656 2655
3 2656 2659 2657
3 2657 2659 2658
3 2659 6620 2660
3 2660 6620 6621
3 6620 2255 6621
3 6621 2255 2257
3 2660 2662 6622
3 6622 2662 6623
3 6622 6623 2658
3 2658 6623 2661
3 2662 6624 2663
3 2663 6624 6625
3 6624 6626 6625
3 6625 6626 6627
3 6626 2665 6627
3 6627 2665 2664
3 2665 6628 2666
3 2666 6628 6629
3 6628 2258 6629
3 6629 2258 2260
3 2666 2668 6630
3 6630 2668 6631
3 6630 6631 2664
3 2664 6631 2667
3 2668 6633 6632
3 6632 6633 6634
3 6632 6634 2669
3 2669 6634 6635
3 6633 2671 6634
3 6634 2671 6636
3 6634 6636 6635
3 6635 6636 2670
3 2671 2674 6637
3 6637 2674 6638
3 6637 6638 2672
3 2672 6638 2673
3 2674 6639 2675
3 2675 6639 6640
3 6639 2261 6640
3 6640 2261 2263
3 2675 6641 2673
3 2673 6641 6642
3 6641 6643 6642
3 6642 6643 6644
3 6643 2677 6644
3 6644 2677 2676
3 2677 6645 2678
3 2678 6645 6646
3 6645 2264 6646
3 6646 2264 2266
3 2678 2680 2676
3 2676 2680 2679
3 2680 2683 2681
3 2681 2683 2682
3 2683 2686 2684
3 2684 2686 2685
3 2686 2689 6647
3 6647 2689 6649
3 6647 6649 6648
3 6648 6649 6650
3 6648 6650 2687
3 2687 6650 2688
3 2689 2267 6651
3 6651 2267 6652
3 6651 6652 2690
3 2690 6652 2269
3 2690 6653 2688
3 2688 6653 6654
3 6653 6655 6654
3 6654 6655 6656
3 6655 6657 6656
3 6656 6657 6658
3 6657 2692 6658
3 6658 2692 2691
3 2692 6659 2693
3 2693 6659 6660
3 6659 6661 6660
3 6660 6661 6662
3 6661 6663 6662
3 6662 6663 6664
3 6663 2695 6664
3 6664 2695 2694
3 2695 2698 6665
3 6665 2698 6666
3 6665 6666 2696
3 2696 6666 2697
3 2698 6667 2699
3 2699 6667 6668
3 6667 2270 6668
3 6668 2270 2272
3 2699 2572 6669
3 6669 2572 6670
3 6669 6670 2697
3 2697 6670 2574
3 2696 2578 6671
3 6671 2578 6672
3 6671 6672 2694
3 2694 6672 2580
3 2693 2701 6673
3 6673 2701 6674
3 6673 6674 2691
3 2691 6674 2700
3 2701 6676 6675
3 6675 6676 6677
3 6675 6677 2702
3 2702 6677 6678
3 6676 2704 6677
3 6677 2704 6679
3 6677 6679 6678
3 6678 6679 2703
3 2704 2707 6680
3 6680 2707 6681
3 6680 6681 2705
3 2705 6681 2706
3 2707 6682 2708
3 2708 6682 6683
3 6682 2581 6683
3 6683 2581 2583
3 2708 2590 6684
3 6684 2590 6685
3 6684 6685 2706
3 2706 6685 2592
3 2705 2593 2703
3 2703 2593 2595
3 2702 2710 6686
3 6686 2710 6688
3 6686 6688 6687
3 6687 6688 6689
3 6687 6689 2700
3 2700 6689 2709
3 2710 6692 6690
3 6690 6692 6693
3 6690 6693 6691
3 6691 6693 6694
3 6691 6694 2711
3 2711 6694 6695
3 6692 2713 6693
3 6693 2713 6696
3 6693 6696 6694
3 6694 6696 6697
3 6694 6697 6695
3 6695 6697 2712
3 2713 2716 6698
3 6698 2716 6701
3 6698 6701 6699
3 6699 6701 6702
3 6699 6702 6700
3 6700 6702 6703
3 6700 6703 2714
3 2714 6703 2715
3 2716 6707 6704
3 6704 6707 6708
3 6704 6708 6705
3 6705 6708 6709
3 6705 6709 6706
3 6706 6709 6710
3 6706 6710 2717
3 2717 6710 6711
3 6707 2719 6708
3 6708 2719 6712
3 6708 6712 6709
3 6709 6712 6713
3 6709 6713 6710
3 6710 6713 6714
3 6710 6714 6711
3 6711 6714 2718
3 2719 2722 6715
3 6715 2722 6718
3 6715 6718 6716
3 6716 6718 6719
3 6716 6719 6717
3 6717 6719 6720
3 6717 6720 2720
3 2720 6720 2721
3 2722 2725 6721
3 6721 2725 6724
3 6721 6724 6722
3 6722 6724 6725
3 6722 6725 6723
3 6723 6725 6726
3 6723 6726 2723
3 2723 6726 2724
3 2725 2728 6727
3 6727 2728 6730
3 6727 6730 6728
3 6728 6730 6731
3 6728 6731 6729
3 6729 6731 6732
3 6729 6732 2726
3 2726 6732 2727
3 2728 2731 6733
3 6733 2731 6735
3 6733 6735 6734
3 6734 6735 6736
3 6734 6736 2729
3 2729 6736 2730
3 2731 2596 2732
3 2732 2596 2598
3 2732 2734 6737
3 6737 2734 6738
3 6737 6738 2730
3 2730 6738 2733
3 2734 2599 6739
3 6739 2599 6740
3 6739 6740 2735
3 2735 6740 2601
3 2735 2737 2733
3 2733 2737 2736
3 2737 2740 6741
3 6741 2740 6742
3 6741 6742 2738
3 2738 6742 2739
3 2740 2611 6743
3 6743 2611 6744
3 6743 6744 2741
3 2741 6744 2613
3 2741 6745 2739
3 2739 6745 6746
3 6745 6747 6746
3 6746 6747 6748
3 6747 6749 6748
3 6748 6749 6750
3 6749 2724 6750
3 6750 2724 2726
3 2738 2727 6751
3 6751 2727 6752
3 6751 6752 2736
3 2736 6752 2729
3 2723 6753 2721
3 2721 6753 6754
3 6753 6755 6754
3 6754 6755 6756
3 6755 2743 6756
3 6756 2743 2742
3 2743 2746 6757
3 6757 2746 6758
3 6757 6758 2744
3 2744 6758 2745
3 2746 6759 2747
3 2747 6759 6760
3 6759 6761 6760
3 6760 6761 6762
3 6761 6763 6762
3 6762 6763 6764
3 6763 2749 6764
3 6764 2749 2748
3 2749 6765 2750
3 2750 6765 6766
3 6765 2614 6766
3 6766 2614 2616
3 2750 2752 2748
3 2748 2752 2751
3 2752 2755 2753
3 2753 2755 2754
3 2619 2756 2758
3 2755 2617 2757
3 2624 2754 2760
3 2756 2622 2759
3 2753 2762 6767
3 6767 2762 6768
3 6767 6768 2751
3 2751 6768 2761
3 2762 2765 6769
3 6769 2765 6770
3 6769 6770 2763
3 2763 6770 2764
3 2765 6771 2766
3 2766 6771 6772
3 6771 2625 6772
3 6772 2625 2627
3 2766 2768 2764
3 2764 2768 2767
3 2768 2771 2769
3 2769 2771 2770
3 2771 6773 2772
3 2772 6773 6774
3 6773 2628 6774
3 6774 2628 2630
3 2772 6775 2770
3 2770 6775 6776
3 6775 2634 6776
3 6776 2634 2636
3 2769 2774 6777
3 6777 2774 6778
3 6777 6778 2767
3 2767 6778 2773
3 2774 2777 2775
3 2775 2777 2776
3 2777 6779 2778
3 2778 6779 6780
3 6779 2637 6780
3 6780 2637 2639
3 2778 2780 6781
3 6781 2780 6782
3 6781 6782 2776
3 2776 6782 2779
3 2780 6783 2781
3 2781 6783 6784
3 6783 6785 6784
3 6784 6785 6786
3 6785 2783 6786
3 6786 2783 2782
3 2783 2786 2784
3 2784 2786 2785
3 2786 6787 2787
3 2787 6787 6788
3 6787 2789 6788
3 6788 2789 2788
3 2789 2640 2790
3 2790 2640 2642
3 2790 6789 2788
3 2788 6789 6790
3 6789 2792 6790
3 6790 2792 2791
3 2792 2795 2793
3 2793 2795 2794
3 2795 6791 2796
3 2796 6791 6792
3 6791 6793 6792
3 6792 6793 6794
3 6793 2798 6794
3 6794 2798 2797
3 2798 2801 6795
3 6795 2801 6797
3 6795 6797 6796
3 6796 6797 6798
3 6796 6798 2799
3 2799 6798 2800
3 2801 6799 2802
3 2802 6799 6800
3 6799 6801 6800
3 6800 6801 6802
3 6801 2643 6802
3 6802 2643 2645
3 2802 2804 6803
3 6803 2804 6805
3 6803 6805 6804
3 6804 6805 6806
3 6804 6806 2800
3 2800 6806 2803
3 2804 2652 6807
3 6807 2652 6809
3 6807 6809 6808
3 6808 6809 6810
3 6808 6810 2805
3 2805 6810 2654
3 2805 2655 2803
3 2803 2655 2657
3 2799 2807 6811
3 6811 2807 6813
3 6811 6813 6812
3 6812 6813 6814
3 6812 6814 2797
3 2797 6814 2806
3 2807 6815 2808
3 2808 6815 6816
3 6815 6817 6816
3 6816 6817 6818
3 6817 2810 6818
3 6818 2810 2809
3 2810 6819 2811
3 2811 6819 6820
3 6819 2813 6820
3 6820 2813 2812
3 2813 2661 2814
3 2814 2661 2663
3 2814 6821 2812
3 2812 6821 6822
3 6821 2816 6822
3 6822 2816 2815
3 2816 2819 2817
3 2817 2819 2818
3 2819 6823 2820
3 2820 6823 6824
3 6823 6825 6824
3 6824 6825 6826
3 6825 6827 6826
3 6826 6827 6828
3 6827 2667 6828
3 6828 2667 2669
3 2820 2822 6829
3 6829 2822 6830
3 6829 6830 2818
3 2818 6830 2821
3 2822 6831 2823
3 2823 6831 6832
3 6831 6833 6832
3 6832 6833 6834
3 6833 6835 6834
3 6834 6835 6836
3 6835 2670 6836
3 6836 2670 2672
3 2823 2825 2821
3 2821 2825 2824
3 2825 6837 2826
3 2826 6837 6838
3 6837 2828 6838
3 6838 2828 2827
3 2828 2679 2829
3 2829 2679 2681
3 2829 6839 2827
3 2827 6839 6840
3 6839 2831 6840
3 6840 2831 2830
3 2831 6841 2832
3 2832 6841 6842
3 6841 6843 6842
3 6842 6843 6844
3 6843 6845 6844
3 6844 6845 6846
3 6845 2834 6846
3 6846 2834 2833
3 2834 2837 2835
3 2835 2837 2836
3 2837 6847 2838
3 2838 6847 6848
3 6847 2682 6848
3 6848 2682 2684
3 2838 2840 6849
3 6849 2840 6850
3 6849 6850 2836
3 2836 6850 2839
3 2840 2843 6851
3 6851 2843 6853
3 6851 6853 6852
3 6852 6853 6854
3 6852 6854 2841
3 2841 6854 2842
3 2843 2846 6855
3 6855 2846 6857
3 6855 6857 6856
3 6856 6857 6858
3 6856 6858 2844
3 2844 6858 2845
3 2846 2685 6859
3 6859 2685 6861
3 6859 6861 6860
3 6860 6861 6862
3 6860 6862 2847
3 2847 6862 2687
3 2847 6863 2845
3 2845 6863 6864
3 6863 6865 6864
3 6864 6865 6866
3 6865 2709 6866
3 6866 2709 2711
3 2844 2849 6867
3 6867 2849 6869
3 6867 6869 6868
3 6868 6869 6870
3 6868 6870 2842
3 2842 6870 2848
3 2849 2712 6871
3 6871 2712 6873
3 6871 6873 6872
3 6872 6873 6874
3 6872 6874 2850
3 2850 6874 2714
3 2850 2852 2848
3 2848 2852 2851
3 2852 2855 2853
3 2853 2855 2854
3 2855 2858 6875
3 6875 2858 6876
3 6875 6876 2856
3 2856 6876 2857
3 2858 2715 6877
3 6877 2715 6878
3 6877 6878 2859
3 2859 6878 2717
3 2859 6879 2857
3 2857 6879 6880
3 6879 2718 6880
3 6880 2718 2720
3 2856 2861 6881
3 6881 2861 6882
3 6881 6882 2854
3 2854 6882 2860
3 2861 2864 2862
3 2862 2864 2863
3 2864 6883 2865
3 2865 6883 6884
3 6883 6885 6884
3 6884 6885 6886
3 6885 2742 6886
3 6886 2742 2744
3 2865 6887 2863
3 2863 6887 6888
3 6887 6889 6888
3 6888 6889 6890
3 6889 6891 6890
3 6890 6891 6892
3 6891 6893 6892
3 6892 6893 6894
3 6893 2867 6894
3 6894 2867 2866
3 2867 2870 6895
3 6895 2870 6896
3 6895 6896 2868
3 2868 6896 2869
3 2870 2873 6897
3 6897 2873 6898
3 6897 6898 2871
3 2871 6898 2872
3 2873 6900 6899
3 6899 6900 6901
3 6899 6901 2874
3 2874 6901 6902
3 6900 2745 6901
3 6901 2745 6903
3 6901 6903 6902
3 6902 6903 2747
3 2874 6904 2872
3 2872 6904 6905
3 6904 6906 6905
3 6905 6906 6907
3 6906 6908 6907
3 6907 6908 6909
3 6908 2761 6909
3 6909 2761 2763
3 2871 6911 6910
3 6910 6911 6912
3 6910 6912 2869
3 2869 6912 6913
3 6911 2773 6912
3 6912 2773 6914
3 6912 6914 6913
3 6913 6914 2775
3 2868 2876 6915
3 6915 2876 6916
3 6915 6916 2866
3 2866 6916 2875
3 2876 2779 6917
3 6917 2779 6918
3 6917 6918 2877
3 2877 6918 2781
3 2877 6920 6919
3 6919 6920 6921
3 6919 6921 2875
3 2875 6921 6922
3 6920 6923 6921
3 6921 6923 6924
3 6921 6924 6922
3 6922 6924 6925
3 6923 6926 6924
3 6924 6926 6927
3 6924 6927 6925
3 6925 6927 6928
3 6926 2879 6927
3 6927 2879 6929
3 6927 6929 6928
3 6928 6929 2878
3 2879 6930 2880
3 2880 6930 6931
3 6930 2882 6931
3 6931 2882 2881
3 2882 2782 6932
3 6932 2782 6933
3 6932 6933 2883
3 2883 6933 2784
3 2883 2885 2881
3 2881 2885 2884
3 2885 2888 2886
3 2886 2888 2887
3 2888 2891 2889
3 2889 2891 2890
3 2891 6935 6934
3 6934 6935 6936
3 6934 6936 2892
3 2892 6936 6937
3 6935 2794 6936
3 6936 2794 6938
3 6936 6938 6937
3 6937 6938 2796
3 2892 6939 2890
3 2890 6939 6940
3 6939 2894 6940
3 6940 2894 2893
3 2894 2897 6941
3 6941 2897 6942
3 6941 6942 2895
3 2895 6942 2896
3 2897 6944 6943
3 6943 6944 6945
3 6943 6945 2898
3 2898 6945 6946
3 6944 6947 6945
3 6945 6947 6948
3 6945 6948 6946
3 6946 6948 6949
3 6947 6950 6948
3 6948 6950 6951
3 6948 6951 6949
3 6949 6951 6952
3 6950 2806 6951
3 6951 2806 6953
3 6951 6953 6952
3 6952 6953 2808
3 2898 6954 2896
3 2896 6954 6955
3 6954 2833 6955
3 6955 2833 2835
3 2895 2900 6956
3 6956 2900 6957
3 6956 6957 2893
3 2893 6957 2899
3 2900 2839 6958
3 6958 2839 6960
3 6958 6960 6959
3 6959 6960 6961
3 6959 6961 2901
3 2901 6961 2841
3 2901 6962 2899
3 2899 6962 6963
3 6962 6964 6963
3 6963 6964 6965
3 6964 2903 6965
3 6965 2903 2902
3 2903 2851 6966
3 6966 2851 6967
3 6966 6967 2904
3 2904 6967 2853
3 2904 2906 2902
3 2902 2906 2905
3 2906 6968 2907
3 2907 6968 6969
3 6968 2884 6969
3 6969 2884 2886
3 2907 6970 2905
3 2905 6970 6971
3 6970 2887 6971
3 6971 2887 2889
3 2880 2860 6972
3 6972 2860 6973
3 6972 6973 2878
3 2878 6973 2862
3 2832 2909 2830
3 2830 2909 2908
3 2909 2912 6974
3 6974 2912 6975
3 6974 6975 2910
3 2910 6975 2911
3 2912 6976 2913
3 2913 6976 6977
3 6976 6978 6977
3 6977 6978 6979
3 6978 6980 6979
3 6979 6980 6981
3 6980 6982 6981
3 6981 6982 6983
3 6982 6984 6983
3 6983 6984 6985
3 6984 2915 6985
3 6985 2915 2914
3 2915 2809 2916
3 2916 2809 2811
3 2916 2918 6986
3 6986 2918 6987
3 6986 6987 2914
3 2914 6987 2917
3 2918 2815 2919
3 2919 2815 2817
3 2919 6989 6988
3 6988 6989 6990
3 6988 6990 2917
3 2917 6990 6991
3 6989 6992 6990
3 6990 6992 6993
3 6990 6993 6991
3 6991 6993 6994
3 6992 2911 6993
3 6993 2911 6995
3 6993 6995 6994
3 6994 6995 2913
3 2910 2824 2908
3 2908 2824 2826
3 2793 2785 2791
3 2791 2785 2787
3 2212 2921 2210
3 2210 2921 2920
3 2921 2195 6996
3 6996 2195 6997
3 6996 6997 2922
3 2922 6997 2197
3 2922 2207 6998
3 6998 2207 6999
3 6998 6999 2920
3 2920 6999 2209
3 2077 2072 7000
3 7000 2072 7002
3 7000 7002 7001
3 7001 7002 7003
3 7001 7003 2075
3 2075 7003 2074
3 2044 2033 2042
3 2042 2033 2035
3 1984 7004 1982
3 1982 7004 7005
3 7004 1973 7005
3 7005 1973 1975
3 1897 1889 1895
3 1895 1889 1891
3 1867 1859 1865
3 1865 1859 1861
3 1831 1823 1829
3 1829 1823 1825
3 1750 1739 1748
3 1748 1739 1741
3 1672 1664 7006
3 7006 1664 7007
3 7006 7007 1670
3 1670 7007 1666
3 1576 1568 1574
3 1574 1568 1570
3 1478 7008 1476
3 1476 7008 7009
3 7008 7010 7009
3 7009 7010 7011
3 7010 7012 7011
3 7011 7012 7013
3 7012 7014 7013
3 7013 7014 7015
3 7014 1473 7015
3 7015 1473 1475
3 1472 1425 7016
3 7016 1425 7017
3 7016 7017 1470
3 1470 7017 1427
3 1377 7018 1375
3 1375 7018 7019
3 7018 7020 7019
3 7019 7020 7021
3 7020 7022 7021
3 7021 7022 7023
3 7022 1372 7023
3 7023 1372 1374
3 1365 1357 7024
3 7024 1357 7025
3 7024 7025 1363
3 1363 7025 1359
3 1282 7026 1280
3 1280 7026 7027
3 7026 7028 7027
3 7027 7028 7029
3 7028 7030 7029
3 7029 7030 7031
3 7030 7032 7031
3 7031 7032 7033
3 7032 7034 7033
3 7033 7034 7035
3 7034 7036 7035
3 7035 7036 7037
3 7036 7038 7037
3 7037 7038 7039
3 7038 7040 7039
3 7039 7040 7041
3 7040 1253 7041
3 7041 1253 1255
3 1279 2924 7042
3 7042 2924 7043
3 7042 7043 1277
3 1277 7043 2923
3 2924 7045 7044
3 7044 7045 7046
3 7044 7046 2925
3 2925 7046 7047
3 7045 7048 7046
3 7046 7048 7049
3 7046 7049 7047
3 7047 7049 7050
3 7048 7051 7049
3 7049 7051 7052
3 7049 7052 7050
3 7050 7052 7053
3 7051 2927 7052
3 7052 2927 7054
3 7052 7054 7053
3 7053 7054 2926
3 2927 1256 7055
3 7055 1256 7056
3 7055 7056 2928
3 2928 7056 1258
3 2928 7057 2926
3 2926 7057 7058
3 7057 7059 7058
3 7058 7059 7060
3 7059 7061 7060
3 7060 7061 7062
3 7061 7063 7062
3 7062 7063 7064
3 7063 7065 7064
3 7064 7065 7066
3 7065 2923 7066
3 7066 2923 2925
3 1270 7067 1268
3 1268 7067 7068
3 7067 7069 7068
3 7068 7069 7070
3 7069 7071 7070
3 7070 7071 7072
3 7071 7073 7072
3 7072 7073 7074
3 7073 7075 7074
3 7074 7075 7076
3 7075 1265 7076
3 7076 1265 1267
3 1196 2930 7077
3 7077 2930 7078
3 7077 7078 1194
3 1194 7078 2929
3 2930 2933 7079
3 7079 2933 7080
3 7079 7080 2931
3 2931 7080 2932
3 2933 2936 7081
3 7081 2936 7083
3 7081 7083 7082
3 7082 7083 7084
3 7082 7084 2934
3 2934 7084 2935
3 2936 2939 2937
3 2937 2939 2938
3 2939 7086 7085
3 7085 7086 7087
3 7085 7087 2940
3 2940 7087 7088
3 7086 1023 7087
3 7087 1023 7089
3 7087 7089 7088
3 7088 7089 1025
3 2940 7090 2938
3 2938 7090 7091
3 7090 2942 7091
3 7091 2942 2941
3 2942 2945 7092
3 7092 2945 7093
3 7092 7093 2943
3 2943 7093 2944
3 2945 2948 2946
3 2946 2948 2947
3 2948 7097 7094
3 7094 7097 7098
3 7094 7098 7095
3 7095 7098 7099
3 7095 7099 7096
3 7096 7099 7100
3 7096 7100 2949
3 2949 7100 7101
3 7097 2951 7098
3 7098 2951 7102
3 7098 7102 7099
3 7099 7102 7103
3 7099 7103 7100
3 7100 7103 7104
3 7100 7104 7101
3 7101 7104 2950
3 2951 2954 7105
3 7105 2954 7106
3 7105 7106 2952
3 2952 7106 2953
3 2954 7108 7107
3 7107 7108 7109
3 7107 7109 2955
3 2955 7109 7110
3 7108 1026 7109
3 7109 1026 7111
3 7109 7111 7110
3 7110 7111 1028
3 2955 2957 2953
3 2953 2957 2956
3 2957 2960 7112
3 7112 2960 7114
3 7112 7114 7113
3 7113 7114 7115
3 7113 7115 2958
3 2958 7115 2959
3 2960 1041 7116
3 7116 1041 7118
3 7116 7118 7117
3 7117 7118 7119
3 7117 7119 2961
3 2961 7119 1043
3 2961 1047 2959
3 2959 1047 1049
3 2958 2950 7120
3 7120 2950 7122
3 7120 7122 7121
3 7121 7122 7123
3 7121 7123 2956
3 2956 7123 2952
3 2949 2963 7124
3 7124 2963 7127
3 7124 7127 7125
3 7125 7127 7128
3 7125 7128 7126
3 7126 7128 7129
3 7126 7129 2947
3 2947 7129 2962
3 2967 2964 2966
3 2963 2968 2965
3 2968 2971 7130
3 7130 2971 7131
3 7130 7131 2969
3 2969 7131 2970
3 2971 2974 7132
3 7132 2974 7135
3 7132 7135 7133
3 7133 7135 7136
3 7133 7136 7134
3 7134 7136 7137
3 7134 7137 2972
3 2972 7137 2973
3 2974 7140 7138
3 7138 7140 7141
3 7138 7141 7139
3 7139 7141 7142
3 7139 7142 2975
3 2975 7142 7143
3 7140 2977 7141
3 7141 2977 7144
3 7141 7144 7142
3 7142 7144 7145
3 7142 7145 7143
3 7143 7145 2976
3 2977 2980 7146
3 7146 2980 7149
3 7146 7149 7147
3 7147 7149 7150
3 7147 7150 7148
3 7148 7150 7151
3 7148 7151 2978
3 2978 7151 2979
3 2980 7152 2981
3 2981 7152 7153
3 7152 1050 7153
3 7153 1050 1052
3 2981 2983 7154
3 7154 2983 7156
3 7154 7156 7155
3 7155 7156 7157
3 7155 7157 2979
3 2979 7157 2982
3 2983 2986 7158
3 7158 2986 7160
3 7158 7160 7159
3 7159 7160 7161
3 7159 7161 2984
3 2984 7161 2985
3 2986 1053 7162
3 7162 1053 7163
3 7162 7163 2987
3 2987 7163 1055
3 2987 1062 2985
3 2985 1062 1064
3 2984 7164 2982
3 2982 7164 7165
3 7164 2989 7165
3 7165 2989 2988
3 2989 1092 7166
3 7166 1092 7167
3 7166 7167 2990
3 2990 7167 1094
3 2990 2976 7168
3 7168 2976 7169
3 7168 7169 2988
3 2988 7169 2978
3 2975 7170 2973
3 2973 7170 7171
3 7170 2992 7171
3 7171 2992 2991
3 2992 1095 2993
3 2993 1095 1097
3 2993 7172 2991
3 2991 7172 7173
3 7172 2995 7173
3 7173 2995 2994
3 2995 7174 2996
3 2996 7174 7175
3 7174 7176 7175
3 7175 7176 7177
3 7176 1101 7177
3 7177 1101 1103
3 2996 1131 7178
3 7178 1131 7179
3 7178 7179 2994
3 2994 7179 1133
3 2972 2998 7180
3 7180 2998 7182
3 7180 7182 7181
3 7181 7182 7183
3 7181 7183 2970
3 2970 7183 2997
3 3002 2999 3001
3 2998 3003 3000
3 3003 1134 7184
3 7184 1134 7185
3 7184 7185 3004
3 3004 7185 1136
3 3004 3006 7186
3 7186 3006 7189
3 7186 7189 7187
3 7187 7189 7190
3 7187 7190 7188
3 7188 7190 7191
3 7188 7191 3002
3 3002 7191 3005
3 3006 1140 7192
3 7192 1140 7193
3 7192 7193 3007
3 3007 7193 1142
3 3007 3009 7194
3 7194 3009 7198
3 7194 7198 7195
3 7195 7198 7199
3 7195 7199 7196
3 7196 7199 7200
3 7196 7200 7197
3 7197 7200 7201
3 7197 7201 3005
3 3005 7201 3008
3 3009 1149 3010
3 3010 1149 1151
3 3010 3012 7202
3 7202 3012 7205
3 7202 7205 7203
3 7203 7205 7206
3 7203 7206 7204
3 7204 7206 7207
3 7204 7207 3008
3 3008 7207 3011
3 3012 1152 7208
3 7208 1152 7209
3 7208 7209 3013
3 3013 7209 1154
3 3013 3015 7210
3 7210 3015 7212
3 7210 7212 7211
3 7211 7212 7213
3 7211 7213 3011
3 3011 7213 3014
3 3015 1155 3016
3 3016 1155 1157
3 3016 3018 7214
3 7214 3018 7217
3 7214 7217 7215
3 7215 7217 7218
3 7215 7218 7216
3 7216 7218 7219
3 7216 7219 3014
3 3014 7219 3017
3 3018 7220 3019
3 3019 7220 7221
3 7220 1158 7221
3 7221 1158 1160
3 3022 3017 3021
3 3019 3023 3020
3 3023 3026 7222
3 7222 3026 7223
3 7222 7223 3024
3 3024 7223 3025
3 3026 7225 7224
3 7224 7225 7226
3 7224 7226 3027
3 3027 7226 7227
3 7225 3029 7226
3 7226 3029 7228
3 7226 7228 7227
3 7227 7228 3028
3 3029 7230 7229
3 7229 7230 7231
3 7229 7231 3030
3 3030 7231 7232
3 7230 3032 7231
3 7231 3032 7233
3 7231 7233 7232
3 7232 7233 3031
3 3032 7234 3033
3 3033 7234 7235
3 7234 7236 7235
3 7235 7236 7237
3 7236 7238 7237
3 7237 7238 7239
3 7238 1161 7239
3 7239 1161 1163
3 3033 3035 7240
3 7240 3035 7241
3 7240 7241 3031
3 3031 7241 3034
3 3035 3038 7242
3 7242 3038 7243
3 7242 7243 3036
3 3036 7243 3037
3 3038 1167 7244
3 7244 1167 7245
3 7244 7245 3039
3 3039 7245 1169
3 3039 7246 3037
3 3037 7246 7247
3 7246 7248 7247
3 7247 7248 7249
3 7248 7250 7249
3 7249 7250 7251
3 7250 7252 7251
3 7251 7252 7253
3 7252 3034 7253
3 7253 3034 3036
3 3030 7254 3028
3 3028 7254 7255
3 7254 2932 7255
3 7255 2932 2934
3 3027 3041 3025
3 3025 3041 3040
3 3041 2935 7256
3 7256 2935 7258
3 7256 7258 7257
3 7257 7258 7259
3 7257 7259 3042
3 3042 7259 2937
3 3042 3044 7260
3 7260 3044 7262
3 7260 7262 7261
3 7261 7262 7263
3 7261 7263 3040
3 3040 7263 3043
3 3044 2941 3045
3 3045 2941 2943
3 3045 3022 7264
3 7264 3022 7266
3 7264 7266 7265
3 7265 7266 7267
3 7265 7267 3043
3 3043 7267 3024
3 2999 2967 7268
3 7268 2967 7271
3 7268 7271 7269
3 7269 7271 7272
3 7269 7272 7270
3 7270 7272 7273
3 7270 7273 2997
3 2997 7273 2969
3 2964 2944 2962
3 2962 2944 2946
3 2931 1191 2929
3 2929 1191 1193
3 1190 7274 1188
3 1188 7274 7275
3 7274 3047 7275
3 7275 3047 3046
3 3047 7276 3048
3 3048 7276 7277
3 7276 1170 7277
3 7277 1170 1172
3 3048 1179 3046
3 3046 1179 1181
3 1124 7278 1122
3 1122 7278 7279
3 7278 1104 7279
3 7279 1104 1106
3 1121 1110 7280
3 7280 1110 7281
3 7280 7281 1119
3 1119 7281 1112
3 1085 7282 1083
3 1083 7282 7283
3 7282 7284 7283
3 7283 7284 7285
3 7284 1065 7285
3 7285 1065 1067
3 947 7286 945
3 945 7286 7287
3 7286 7288 7287
3 7287 7288 7289
3 7288 7290 7289
3 7289 7290 7291
3 7290 7292 7291
3 7291 7292 7293
3 7292 7294 7293
3 7293 7294 7295
3 7294 939 7295
3 7295 939 941
3 923 915 921
3 921 915 917
3 854 846 7296
3 7296 846 7297
3 7296 7297 852
3 852 7297 848
3 733 725 731
3 731 725 727
3 712 695 710
3 710 695 697
3 640 623 638
3 638 623 625
3 634 626 7298
3 7298 626 7299
3 7298 7299 632
3 632 7299 628
3 613 605 7300
3 7300 605 7301
3 7300 7301 611
3 611 7301 607
3 472 464 470
3 470 464 466
3 401 393 7302
3 7302 393 7303
3 7302 7303 399
3 399 7303 395
3 278 267 276
3 276 267 269
3 263 3050 7304
3 7304 3050 7305
3 7304 7305 261
3 261 7305 3049
3 3050 249 3051
3 3051 249 251
3 3051 252 3049
3 3049 252 254
3 248 7307 7306
3 7306 7307 7308
3 7306 7308 246
3 246 7308 7309
3 7307 243 7308
3 7308 243 7310
3 7308 7310 7309
3 7309 7310 245
3 101 7311 99
3 99 7311 7312
3 7311 7313 7312
3 7312 7313 7314
3 7313 7315 7314
3 7314 7315 7316
3 7315 93 7316
3 7316 93 95
3 2 0 3054
3 2 3054 3084
3 3084 3054 3055
3 3084 3055 3085
3 3085 3055 3056
3 3085 3056 3086
3 3086 3056 1
3 3128 3 3059
3 3128 3059 7366
3 3128 7366 3129
3 3129 7366 7367
3 3129 7367 5
3 5 7367 3060
3 3060 7367 3057
3 3060 3057 4
3 3057 7367 3058
3 3058 7367 7366
3 3058 7366 3059
3 8 6 3064
3 8 3064 3065
3 3065 3064 7
3 3147 9 3069
3 3147 3069 3070
3 3147 3070 11
3 3070 3069 10
3 14 12 3074
3 14 3074 13
3 17 15 3077
3 3077 15 16
3 20 18 3078
3 20 3078 19
3 3199 21 22
3 3199 22 23
3 3088 24 3081
3 3088 3081 3082
3 3088 3082 3087
3 3087 3082 3083
3 3087 3083 26
3 3081 24 25
3 3205 27 3090
3 3205 3090 29
3 29 3090 3089
3 29 3089 3091
3 3091 3089 28
3 3208 30 3092
3 3208 3092 3093
3 3208 3093 3094
3 3208 3094 3209
3 3209 3094 3095
3 3209 3095 32
3 3093 3092 31
3 35 33 3098
3 35 3098 3101
3 3101 3098 3097
3 3101 3097 3100
3 3100 3097 3096
3 3100 3096 3099
3 3099 3096 34
3 38 36 3109
3 38 3109 3111
3 3111 3109 3108
3 3111 3108 3110
3 3110 3108 3107
3 3110 3107 37
3 7368 7369 7370
3 3245 39 7369
3 3245 7369 7368
3 3245 7368 41
3 41 7368 3116
3 3116 7368 3115
3 3115 7368 7370
3 3115 7370 3114
3 3114 7370 3112
3 3114 3112 40
3 3112 7370 3113
3 3113 7370 7369
3 3113 7369 39
3 3259 42 3119
3 3259 3119 3118
3 3259 3118 44
3 44 3118 3120
3 3120 3118 3117
3 3120 3117 43
3 47 45 3121
3 47 3121 46
3 50 48 3124
3 3124 48 49
3 53 51 3125
3 53 3125 52
3 3131 54 3126
3 3131 3126 3127
3 3131 3127 3130
3 3130 3127 56
3 3126 54 55
3 59 57 3133
3 59 3133 3134
3 3134 3133 3132
3 3134 3132 58
3 3138 60 3135
3 3138 3135 62
3 62 3135 61
3 65 63 3139
3 65 3139 64
3 68 66 67
3 71 69 70
3 3303 72 73
3 3303 73 3142
3 3303 3142 3304
3 3304 3142 74
3 3318 75 3143
3 3318 3143 77
3 77 3143 76
3 3320 78 3144
3 3320 3144 80
3 3144 78 79
3 3148 81 7371
3 3148 7371 3146
3 3148 3146 83
3 3146 7371 3145
3 3146 3145 82
3 3145 7371 81
3 3324 84 3149
3 3324 3149 3150
3 3324 3150 86
3 3150 3149 85
3 89 87 3151
3 89 3151 3152
3 3152 3151 88
3 92 90 3154
3 3154 90 3153
3 3154 3153 91
3 95 93 3157
3 3157 93 3155
3 3157 3155 3156
3 3156 3155 94
3 3161 96 3159
3 3161 3159 3158
3 3161 3158 3160
3 3160 3158 97
3 3160 97 98
3 101 99 3163
3 101 3163 3165
3 3165 3163 3162
3 3165 3162 3164
3 3164 3162 100
3 3169 102 3167
3 3169 3167 3168
3 3168 3167 3166
3 3168 3166 104
3 104 3166 103
3 107 105 3173
3 3173 105 3171
3 3173 3171 3172
3 3172 3171 3170
3 3172 3170 106
3 110 108 3178
3 3178 108 3177
3 3177 108 3175
3 3177 3175 3176
3 3176 3175 3174
3 3176 3174 109
3 113 111 3181
3 113 3181 3180
3 113 3180 3183
3 3183 3180 3179
3 3183 3179 3182
3 3182 3179 112
3 3401 114 7374
3 3401 7374 3402
3 3402 7374 7372
3 3402 7372 3403
3 3403 7372 3187
3 3403 3187 116
3 3187 7372 3186
3 3186 7372 7373
3 3186 7373 115
3 115 7373 3184
3 3184 7373 7374
3 3184 7374 3185
3 3185 7374 114
3 7374 7373 7372
3 119 117 3189
3 119 3189 3191
3 3191 3189 3188
3 3191 3188 3190
3 3190 3188 118
3 3211 120 7318
3 3211 7318 7319
3 3211 7319 3210
3 3210 7319 124
3 3210 124 122
3 7318 120 3197
3 7318 3197 7317
3 7317 3197 3196
3 7317 3196 123
3 123 3196 121
3 7377 7376 7378
3 3200 125 124
3 3200 124 7319
3 3200 7319 129
3 129 7319 7375
3 129 7375 7320
3 7320 7375 128
3 128 7375 3202
3 3202 7375 7376
3 3202 7376 7377
3 3202 7377 127
3 127 7377 3198
3 3198 7377 7378
3 3198 7378 126
3 126 7378 123
3 123 7378 7317
3 7317 7378 7376
3 7317 7376 7318
3 7318 7376 7375
3 7318 7375 7319
3 3207 130 3201
3 3207 3201 129
3 3207 129 3206
3 3206 129 7320
3 3206 7320 7379
3 3206 7379 132
3 132 7379 3204
3 3204 7379 3203
3 3204 3203 131
3 3203 7379 128
3 128 7379 7320
3 3215 133 3213
3 3215 3213 3212
3 3215 3212 3214
3 3214 3212 134
3 3214 134 135
3 3418 136 3217
3 3418 3217 3216
3 3418 3216 7380
3 3418 7380 3419
3 3419 7380 138
3 138 7380 137
3 137 7380 3216
3 141 139 140
3 3462 142 3218
3 3462 3218 3219
3 3462 3219 3463
3 3463 3219 3220
3 3463 3220 144
3 3218 142 143
3 3477 145 3223
3 3477 3223 147
3 147 3223 3222
3 147 3222 3225
3 3225 3222 3221
3 3225 3221 3224
3 3224 3221 146
3 3237 148 3235
3 3237 3235 3234
3 3237 3234 3236
3 3236 3234 149
3 3236 149 150
3 153 151 3239
3 153 3239 3241
3 3241 3239 3238
3 3241 3238 3240
3 3240 3238 152
3 3248 154 3243
3 3248 3243 7381
3 3248 7381 3247
3 3247 7381 7382
3 3247 7382 3246
3 3246 7382 3244
3 3246 3244 156
3 3244 7382 155
3 155 7382 3242
3 3242 7382 7381
3 3242 7381 3243
3 7385 7384 7386
3 7385 7386 7387
3 3513 157 3251
3 3513 3251 7383
3 3513 7383 3514
3 3514 7383 7384
3 3514 7384 7385
3 3514 7385 3515
3 3515 7385 3516
3 3516 7385 7387
3 3516 7387 159
3 159 7387 3252
3 3252 7387 7386
3 3252 7386 158
3 158 7386 3249
3 3249 7386 7384
3 3249 7384 3250
3 3250 7384 7383
3 3250 7383 3251
3 3262 160 3253
3 3262 3253 7388
3 3262 7388 7389
3 3262 7389 3261
3 3261 7389 3260
3 3260 7389 3255
3 3260 3255 162
3 3255 7389 3254
3 3254 7389 7388
3 3254 7388 161
3 161 7388 3253
3 165 163 3257
3 165 3257 3256
3 165 3256 3258
3 3258 3256 164
3 3266 166 3265
3 3266 3265 170
3 170 3265 3264
3 170 3264 7321
3 7321 3264 3263
3 7321 3263 169
3 169 3263 3268
3 3268 3263 167
3 3268 167 168
3 3543 171 3267
3 3543 3267 170
3 3543 170 7391
3 3543 7391 3544
3 3544 7391 7390
3 3544 7390 173
3 173 7390 3270
3 3270 7390 169
3 3270 169 3269
3 3270 3269 172
3 169 7390 7321
3 7321 7390 7391
3 7321 7391 170
3 176 174 3272
3 3272 174 3271
3 3272 3271 175
3 179 177 3276
3 179 3276 3277
3 3277 3276 178
3 3289 180 3281
3 3289 3281 7392
3 3289 7392 3282
3 3289 3282 182
3 3282 7392 181
3 181 7392 3281
3 185 183 3286
3 185 3286 184
3 3564 186 3290
3 3564 3290 7393
3 3564 7393 3291
3 3564 3291 188
3 3291 7393 187
3 187 7393 3290
3 3295 189 3292
3 3295 3292 3293
3 3295 3293 191
3 3293 3292 190
3 194 192 3294
3 194 3294 193
3 3299 195 3296
3 3299 3296 197
3 197 3296 196
3 3572 198 3300
3 3572 3300 199
3 3572 199 200
3 203 201 202
3 3306 204 3301
3 3306 3301 3302
3 3306 3302 3305
3 3305 3302 206
3 3301 204 205
3 3585 207 3308
3 3585 3308 3586
3 3586 3308 3307
3 3586 3307 209
3 209 3307 208
3 212 210 211
3 215 213 3309
3 3309 213 214
3 218 216 3310
3 218 3310 217
3 221 219 3311
3 3311 219 220
3 3321 222 3312
3 3321 3312 223
3 3321 223 224
3 3319 225 3317
3 3319 3317 227
3 3317 225 226
3 230 228 3323
3 3323 228 3322
3 3323 3322 229
3 233 231 232
3 236 234 235
3 239 237 238
3 3609 240 241
3 3609 241 3333
3 3609 3333 3610
3 3610 3333 242
3 7310 243 3334
3 7310 3334 3335
3 7310 3335 245
3 3335 3334 244
3 7306 246 3342
3 7306 3342 3343
3 7306 3343 248
3 3343 3342 247
3 251 249 3344
3 251 3344 3345
3 3345 3344 250
3 254 252 3347
3 3347 252 3346
3 3347 3346 253
3 3358 255 3357
3 3358 3357 257
3 257 3357 256
3 260 258 3359
3 260 3359 259
3 7304 261 262
3 7304 262 263
3 3624 264 265
3 3624 265 3376
3 3624 3376 3625
3 3625 3376 3377
3 3625 3377 266
3 269 267 3387
3 269 3387 3388
3 3388 3387 3386
3 3388 3386 268
3 3405 270 7394
3 3405 7394 3392
3 3405 3392 3404
3 3404 3392 3393
3 3404 3393 272
3 3392 7394 3391
3 3391 7394 3390
3 3390 7394 3389
3 3390 3389 271
3 3389 7394 270
3 3400 273 3397
3 3400 3397 3396
3 3400 3396 3399
3 3399 3396 3395
3 3399 3395 3398
3 3398 3395 3394
3 3398 3394 275
3 275 3394 274
3 278 276 3409
3 3409 276 3407
3 3409 3407 3408
3 3408 3407 3406
3 3408 3406 277
3 3652 279 3411
3 3652 3411 7395
3 3652 7395 3653
3 3653 7395 3412
3 3653 3412 281
3 3412 7395 280
3 280 7395 3410
3 3410 7395 3411
3 3414 282 3413
3 3414 3413 284
3 284 3413 283
3 287 285 3415
3 287 3415 286
3 3420 288 7396
3 3420 7396 3417
3 3420 3417 290
3 3417 7396 3416
3 3416 7396 289
3 289 7396 288
3 293 291 3428
3 3428 291 3427
3 3428 3427 292
3 3704 294 3429
3 3704 3429 3705
3 3705 3429 295
3 3705 295 296
3 299 297 3430
3 3430 297 298
3 3716 300 3431
3 3716 3431 7397
3 3716 7397 3717
3 3717 7397 3433
3 3717 3433 302
3 3433 7397 3432
3 3432 7397 3431
3 3432 3431 301
3 305 303 3435
3 305 3435 3437
3 3437 3435 3434
3 3437 3434 3436
3 3436 3434 304
3 308 306 3441
3 3441 306 3439
3 3441 3439 3440
3 3440 3439 3438
3 3440 3438 307
3 311 309 3443
3 311 3443 3445
3 3445 3443 3442
3 3445 3442 3444
3 3444 3442 310
3 3457 312 3455
3 3457 3455 3454
3 3457 3454 3456
3 3456 3454 313
3 3456 313 314
3 317 315 3461
3 3461 315 3459
3 3461 3459 3460
3 3460 3459 3458
3 3460 3458 316
3 320 318 3472
3 3472 318 319
3 323 321 3474
3 3474 321 3473
3 3474 3473 322
3 326 324 3475
3 326 3475 3476
3 3476 3475 325
3 329 327 328
3 332 330 331
3 335 333 334
3 3772 336 3498
3 3772 3498 338
3 3498 336 337
3 341 339 3499
3 341 3499 3500
3 3500 3499 340
3 344 342 3502
3 3502 342 3501
3 3502 3501 343
3 347 345 3503
3 347 3503 3504
3 3504 3503 346
3 3806 348 3508
3 3806 3508 350
3 350 3508 349
3 3519 351 3509
3 3519 3509 3510
3 3519 3510 3518
3 3518 3510 3511
3 3518 3511 3517
3 3517 3511 3512
3 3517 3512 353
3 3509 351 352
3 3809 354 3522
3 3809 3522 3810
3 3810 3522 3521
3 3810 3521 356
3 356 3521 3520
3 356 3520 3523
3 3523 3520 355
3 359 357 3526
3 3526 357 3524
3 3526 3524 3525
3 3525 3524 358
3 3817 360 3528
3 3817 3528 362
3 362 3528 3527
3 362 3527 361
3 365 363 3531
3 3531 363 364
3 368 366 3532
3 368 3532 367
3 3547 369 3535
3 3547 3535 3536
3 3547 3536 3546
3 3546 3536 3537
3 3546 3537 3545
3 3545 3537 371
3 3535 369 370
3 374 372 3540
3 374 3540 3542
3 3542 3540 3539
3 3542 3539 3541
3 3541 3539 3538
3 3541 3538 373
3 377 375 3550
3 377 3550 3549
3 377 3549 3552
3 3552 3549 3548
3 3552 3548 3551
3 3551 3548 376
3 3557 378 3554
3 3557 3554 3553
3 3557 3553 380
3 380 3553 379
3 383 381 3558
3 383 3558 382
3 386 384 385
3 389 387 388
3 3857 390 391
3 3857 391 3561
3 3857 3561 3858
3 3858 3561 392
3 7303 393 3562
3 7303 3562 395
3 395 3562 394
3 3565 396 3563
3 3565 3563 398
3 3563 396 397
3 7302 399 3566
3 7302 3566 400
3 7302 400 401
3 404 402 3571
3 3571 402 403
3 3868 405 406
3 3868 406 407
3 3874 408 3573
3 3874 3573 410
3 3573 408 409
3 3576 411 3574
3 3576 3574 3575
3 3575 3574 412
3 3575 412 413
3 3886 414 7398
3 3886 7398 3580
3 3886 3580 416
3 3580 7398 3579
3 3579 7398 3577
3 3579 3577 415
3 3577 7398 3578
3 3578 7398 414
3 3587 417 7399
3 3587 7399 3584
3 3587 3584 419
3 3584 7399 3581
3 3584 3581 3583
3 3583 3581 418
3 3581 7399 3582
3 3582 7399 417
3 3589 420 3588
3 3589 3588 422
3 422 3588 421
3 3591 423 3590
3 3591 3590 424
3 3591 424 425
3 3894 426 7324
3 3894 7324 7325
3 3894 7325 3895
3 3895 7325 7326
3 3895 7326 3896
3 3896 7326 430
3 3896 430 428
3 7324 426 7323
3 7323 426 3592
3 7323 3592 7322
3 7322 3592 429
3 429 3592 427
3 3923 431 430
3 3923 430 7326
3 3923 7326 3924
3 3924 7326 7325
3 3924 7325 3925
3 3925 7325 7324
3 3925 7324 3926
3 3926 7324 7323
3 3926 7323 433
3 433 7323 7322
3 433 7322 3593
3 3593 7322 429
3 3593 429 432
3 436 434 3594
3 436 3594 435
3 439 437 438
3 3605 440 441
3 3605 441 442
3 445 443 444
3 3611 446 7400
3 3611 7400 3608
3 3611 3608 448
3 3608 7400 3607
3 3607 7400 3606
3 3607 3606 447
3 3606 7400 446
3 451 449 3623
3 3623 449 3621
3 3623 3621 3622
3 3622 3621 450
3 3947 452 453
3 3947 453 3628
3 3947 3628 3948
3 3948 3628 3629
3 3948 3629 454
3 457 455 3631
3 457 3631 3633
3 3633 3631 3630
3 3633 3630 3632
3 3632 3630 456
3 460 458 3642
3 3642 458 3639
3 3642 3639 3641
3 3641 3639 3638
3 3641 3638 3640
3 3640 3638 459
3 3983 461 3645
3 3983 3645 7401
3 3983 7401 463
3 463 7401 3646
3 3646 7401 7402
3 3646 7402 462
3 462 7402 3643
3 3643 7402 3644
3 3644 7402 7401
3 3644 7401 3645
3 466 464 3647
3 466 3647 3648
3 3648 3647 465
3 3654 467 3650
3 3654 3650 3651
3 3654 3651 469
3 3650 467 3649
3 3650 3649 468
3 472 470 3657
3 3657 470 3655
3 3657 3655 3656
3 3656 3655 471
3 3667 473 3659
3 3667 3659 3666
3 3666 3659 3658
3 3666 3658 475
3 475 3658 474
3 3673 476 3669
3 3673 3669 3668
3 3673 3668 3672
3 3672 3668 477
3 3672 477 478
3 3991 479 7403
3 3991 7403 3678
3 3991 3678 481
3 3678 7403 3677
3 3677 7403 3675
3 3677 3675 3674
3 3677 3674 3676
3 3676 3674 480
3 3675 7403 479
3 484 482 3681
3 484 3681 3684
3 3684 3681 3680
3 3684 3680 3683
3 3683 3680 3679
3 3683 3679 3682
3 3682 3679 483
3 4007 485 3687
3 4007 3687 3686
3 4007 3686 4008
3 4008 3686 7404
3 4008 7404 4009
3 4009 7404 3688
3 4009 3688 487
3 3688 7404 486
3 486 7404 3685
3 3685 7404 3686
3 4024 488 7405
3 4024 7405 3691
3 4024 3691 4025
3 4025 3691 3692
3 4025 3692 490
3 3691 7405 3690
3 3690 7405 3689
3 3690 3689 489
3 3689 7405 488
3 493 491 3698
3 3698 491 3695
3 3698 3695 3697
3 3697 3695 3694
3 3697 3694 3696
3 3696 3694 3693
3 3696 3693 492
3 496 494 3701
3 496 3701 3700
3 496 3700 3703
3 3703 3700 3699
3 3703 3699 3702
3 3702 3699 495
3 499 497 498
3 502 500 3706
3 3706 500 501
3 4068 503 3707
3 4068 3707 7406
3 4068 7406 4069
3 4069 7406 3709
3 4069 3709 4070
3 4070 3709 505
3 3709 7406 3708
3 3708 7406 504
3 504 7406 3707
3 508 506 3711
3 508 3711 3712
3 3712 3711 3710
3 3712 3710 507
3 511 509 3715
3 3715 509 3713
3 3715 3713 3714
3 3714 3713 510
3 514 512 513
3 517 515 516
3 520 518 3732
3 3732 518 519
3 523 521 3739
3 523 3739 522
3 3777 524 525
3 3777 525 3766
3 3777 3766 526
3 529 527 3768
3 3768 527 3767
3 3768 3767 528
3 4078 530 3778
3 4078 3778 4079
3 4079 3778 531
3 4079 531 532
3 535 533 534
3 4103 536 537
3 4103 537 3781
3 4103 3781 538
3 541 539 3785
3 541 3785 540
3 544 542 543
3 4120 545 546
3 4120 546 3790
3 4120 3790 547
3 550 548 3791
3 550 3791 3792
3 3792 3791 549
3 3799 551 3796
3 3799 3796 552
3 3799 552 553
3 556 554 3802
3 3802 554 3800
3 3802 3800 3801
3 3801 3800 555
3 3808 557 3804
3 3808 3804 7408
3 3808 7408 3807
3 3807 7408 7407
3 3807 7407 3805
3 3807 3805 559
3 3805 7407 558
3 558 7407 3803
3 3803 7407 7408
3 3803 7408 3804
3 3818 560 561
3 3818 561 3811
3 3818 3811 562
3 565 563 3812
3 565 3812 3813
3 3813 3812 564
3 568 566 3822
3 568 3822 3823
3 3823 3822 567
3 571 569 3828
3 3828 569 3827
3 3828 3827 570
3 4133 572 7409
3 4133 7409 3831
3 4133 3831 574
3 3831 7409 3830
3 3830 7409 3829
3 3830 3829 573
3 3829 7409 572
3 3841 575 3833
3 3841 3833 3834
3 3841 3834 577
3 3834 3833 3832
3 3834 3832 576
3 580 578 3838
3 580 3838 579
3 583 581 3843
3 3843 581 3842
3 3843 3842 582
3 3847 584 3844
3 3847 3844 3845
3 3847 3845 586
3 3845 3844 585
3 589 587 3846
3 589 3846 588
3 3851 590 3848
3 3851 3848 592
3 592 3848 591
3 4155 593 3852
3 4155 3852 595
3 595 3852 594
3 598 596 597
3 3860 599 3855
3 3860 3855 3856
3 3860 3856 3859
3 3859 3856 601
3 3855 599 600
3 4168 602 7411
3 4168 7411 7410
3 4168 7410 4169
3 4169 7410 3864
3 4169 3864 604
3 3864 7410 3863
3 3863 7410 3861
3 3863 3861 603
3 3861 7410 7411
3 3861 7411 3862
3 3862 7411 602
3 7301 605 3866
3 7301 3866 607
3 607 3866 3865
3 607 3865 606
3 610 608 3867
3 3867 608 609
3 7300 611 3869
3 7300 3869 613
3 3869 611 612
3 4184 614 3870
3 4184 3870 3871
3 4184 3871 4185
3 4185 3871 616
3 3871 3870 615
3 619 617 3872
3 619 3872 3873
3 3873 3872 618
3 4201 620 3875
3 4201 3875 3876
3 4201 3876 4202
3 4202 3876 3877
3 4202 3877 4203
3 4203 3877 622
3 3875 620 621
3 625 623 3880
3 625 3880 3879
3 625 3879 3882
3 3882 3879 3878
3 3882 3878 3881
3 3881 3878 624
3 7299 626 3884
3 7299 3884 3883
3 7299 3883 628
3 628 3883 627
3 631 629 3885
3 3885 629 630
3 7298 632 3887
3 7298 3887 3888
3 7298 3888 634
3 3887 632 633
3 637 635 3893
3 3893 635 3892
3 3892 635 3890
3 3892 3890 3891
3 3891 3890 3889
3 3891 3889 636
3 640 638 3897
3 3897 638 639
3 4217 641 3898
3 4217 3898 642
3 4217 642 643
3 4229 644 3903
3 4229 3903 646
3 3903 644 645
3 649 647 3905
3 3905 647 3904
3 3905 3904 648
3 652 650 3908
3 3908 650 3906
3 3908 3906 3907
3 3907 3906 651
3 655 653 3912
3 3912 653 3910
3 3912 3910 3911
3 3911 3910 3909
3 3911 3909 654
3 7413 7412 7414
3 4245 656 3914
3 4245 3914 7412
3 4245 7412 4246
3 4246 7412 7413
3 4246 7413 658
3 658 7413 3916
3 3916 7413 7414
3 3916 7414 3915
3 3915 7414 3913
3 3915 3913 657
3 3913 7414 3914
3 3914 7414 7412
3 3928 659 7415
3 3928 7415 7417
3 3928 7417 3927
3 3927 7417 3922
3 3927 3922 661
3 3922 7417 3921
3 3921 7417 7416
3 3921 7416 3920
3 3920 7416 3919
3 3919 7416 3917
3 3919 3917 660
3 3917 7416 3918
3 3918 7416 7415
3 3918 7415 659
3 7415 7416 7417
3 3933 662 3930
3 3933 3930 3932
3 3932 3930 3929
3 3932 3929 3931
3 3931 3929 663
3 3931 663 664
3 667 665 3936
3 667 3936 3938
3 3938 3936 3935
3 3938 3935 3937
3 3937 3935 3934
3 3937 3934 666
3 670 668 3940
3 670 3940 3942
3 3942 3940 3939
3 3942 3939 3941
3 3941 3939 669
3 4252 671 3949
3 4252 3949 3950
3 4252 3950 673
3 3949 671 672
3 676 674 3952
3 676 3952 3953
3 3953 3952 3951
3 3953 3951 675
3 3955 677 3954
3 3955 3954 679
3 679 3954 678
3 4258 680 7418
3 4258 7418 3958
3 4258 3958 682
3 3958 7418 3957
3 3957 7418 3956
3 3957 3956 681
3 3956 7418 680
3 685 683 3962
3 3962 683 3960
3 3962 3960 3961
3 3961 3960 3959
3 3961 3959 684
3 3970 686 3964
3 3970 3964 3969
3 3969 3964 3963
3 3969 3963 688
3 688 3963 687
3 4293 689 3976
3 4293 3976 7419
3 4293 7419 4294
3 4294 7419 691
3 691 7419 3977
3 3977 7419 3975
3 3977 3975 690
3 3975 7419 3976
3 694 692 3981
3 694 3981 693
3 697 695 696
3 3984 698 3982
3 3984 3982 700
3 3982 698 699
3 3992 701 3985
3 3992 3985 7420
3 3992 7420 703
3 703 7420 3986
3 3986 7420 702
3 702 7420 3985
3 706 704 3987
3 706 3987 3988
3 3988 3987 705
3 709 707 3990
3 3990 707 3989
3 3990 3989 708
3 712 710 3994
3 3994 710 3993
3 3994 3993 711
3 4319 713 3995
3 4319 3995 715
3 715 3995 714
3 4325 716 717
3 4325 717 718
3 721 719 720
3 4337 722 723
3 4337 723 724
3 727 725 726
3 4011 728 4004
3 4011 4004 4005
3 4011 4005 4010
3 4010 4005 4006
3 4010 4006 730
3 4004 728 729
3 733 731 4015
3 4015 731 4013
3 4015 4013 4014
3 4014 4013 4012
3 4014 4012 732
3 741 734 4017
3 741 4017 7329
3 7329 4017 4016
3 7329 4016 7328
3 7328 4016 735
3 7328 735 4018
3 7328 4018 7327
3 7327 4018 4019
3 7327 4019 740
3 740 4019 736
3 739 737 4021
3 739 4021 4023
3 4023 4021 4020
3 4023 4020 4022
3 4022 4020 738
3 4171 742 741
3 4171 741 7421
3 4171 7421 4170
3 4170 7421 7329
3 4170 7329 7328
3 4170 7328 744
3 744 7328 7422
3 744 7422 4027
3 4027 7422 7423
3 4027 7423 4026
3 4026 7423 740
3 4026 740 743
3 740 7423 7327
3 7327 7423 7422
3 7327 7422 7328
3 7329 7421 741
3 4159 745 4029
3 4159 4029 7424
3 4159 7424 4158
3 4158 7424 747
3 747 7424 746
3 746 7424 4028
3 4028 7424 4029
3 750 748 4030
3 4030 748 749
3 4038 751 4031
3 4038 4031 752
3 4038 752 753
3 756 754 4042
3 756 4042 4043
3 4043 4042 755
3 4150 757 4046
3 4150 4046 759
3 4046 757 4045
3 4045 757 4044
3 4045 4044 758
3 762 760 4048
3 762 4048 4049
3 4049 4048 4047
3 4049 4047 761
3 4146 763 7426
3 4146 7426 4147
3 4147 7426 4053
3 4147 4053 765
3 4053 7426 4052
3 4052 7426 7425
3 4052 7425 4051
3 4051 7425 764
3 764 7425 4050
3 4050 7425 7426
3 4050 7426 763
3 768 766 4056
3 768 4056 4058
3 4058 4056 4055
3 4058 4055 4057
3 4057 4055 4054
3 4057 4054 767
3 771 769 4062
3 4062 769 4060
3 4062 4060 4061
3 4061 4060 4059
3 4061 4059 770
3 4071 772 7427
3 4071 7427 4067
3 4071 4067 774
3 4067 7427 4066
3 4066 7427 4064
3 4066 4064 4063
3 4066 4063 4065
3 4065 4063 773
3 4064 7427 772
3 4080 775 4077
3 4080 4077 777
3 4077 775 4076
3 4076 775 4075
3 4076 4075 776
3 780 778 4081
3 780 4081 779
3 783 781 4082
3 4082 781 782
3 786 784 4084
3 4084 784 4083
3 4084 4083 785
3 4092 787 4085
3 4092 4085 788
3 4092 788 789
3 4110 790 4093
3 4110 4093 4094
3 4110 4094 792
3 4094 4093 791
3 795 793 4099
3 4099 793 4098
3 4099 4098 794
3 798 796 4111
3 798 4111 4112
3 4112 4111 797
3 801 799 4114
3 4114 799 4113
3 4114 4113 800
3 804 802 4116
3 4116 802 4115
3 4116 4115 803
3 807 805 806
3 810 808 809
3 4141 811 812
3 4141 812 4123
3 4141 4123 4140
3 4140 4123 813
3 816 814 4124
3 816 4124 4125
3 4125 4124 815
3 4129 817 4126
3 4129 4126 819
3 819 4126 818
3 4145 820 4143
3 4145 4143 4144
3 4144 4143 4142
3 4144 4142 822
3 822 4142 821
3 825 823 4152
3 4152 823 4151
3 4152 4151 824
3 828 826 4153
3 828 4153 4154
3 4154 4153 827
3 4167 829 4165
3 4167 4165 4164
3 4167 4164 4166
3 4166 4164 830
3 4166 830 831
3 4341 832 836
3 4341 836 4174
3 4341 4174 834
3 836 832 4173
3 836 4173 7330
3 7330 4173 835
3 835 4173 4172
3 835 4172 4176
3 4176 4172 833
3 4349 837 4175
3 4349 4175 836
3 4349 836 839
3 839 836 7330
3 839 7330 4179
3 4179 7330 835
3 4179 835 4177
3 4179 4177 4178
3 4178 4177 838
3 4186 840 4181
3 4186 4181 7428
3 4186 7428 4183
3 4186 4183 842
3 4183 7428 4182
3 4182 7428 4180
3 4182 4180 841
3 4180 7428 4181
3 4357 843 4189
3 4357 4189 4190
3 4357 4190 845
3 4189 843 4187
3 4189 4187 4188
3 4188 4187 844
3 7297 846 4193
3 7297 4193 7429
3 7297 7429 848
3 848 7429 7430
3 848 7430 4195
3 4195 7430 4194
3 4194 7430 4191
3 4194 4191 847
3 4191 7430 4192
3 4192 7430 7429
3 4192 7429 4193
3 851 849 4200
3 4200 849 4197
3 4200 4197 4199
3 4199 4197 4196
3 4199 4196 4198
3 4198 4196 850
3 7296 852 4204
3 7296 4204 4205
3 7296 4205 854
3 4204 852 853
3 857 855 4209
3 4209 855 4207
3 4209 4207 4208
3 4208 4207 4206
3 4208 4206 856
3 4377 858 4211
3 4377 4211 4210
3 4377 4210 860
3 860 4210 859
3 863 861 862
3 4218 864 865
3 4218 865 4216
3 4218 4216 866
3 4387 867 4219
3 4387 4219 4220
3 4387 4220 869
3 4220 4219 868
3 4398 870 4223
3 4398 4223 872
3 4223 870 4222
3 4222 870 4221
3 4222 4221 871
3 4230 873 4225
3 4230 4225 875
3 875 4225 4226
3 4226 4225 4224
3 4226 4224 874
3 878 876 4227
3 878 4227 4228
3 4228 4227 877
3 4411 879 4234
3 4411 4234 880
3 4411 880 881
3 4416 882 883
3 4416 883 4235
3 4416 4235 884
3 887 885 4236
3 887 4236 886
3 890 888 889
3 893 891 892
3 4436 894 895
3 4436 895 4241
3 4436 4241 896
3 4253 897 4242
3 4253 4242 898
3 4253 898 899
3 902 900 901
3 4248 903 4243
3 4248 4243 4244
3 4248 4244 4247
3 4247 4244 905
3 4243 903 904
3 4251 906 4250
3 4251 4250 4249
3 4251 4249 908
3 908 4249 907
3 911 909 4254
3 911 4254 910
3 4255 912 913
3 4255 913 914
3 917 915 4256
3 917 4256 916
3 4259 918 4257
3 4259 4257 920
3 4257 918 919
3 923 921 4262
3 4262 921 4261
3 4261 921 4260
3 4261 4260 922
3 926 924 4264
3 926 4264 4265
3 4265 4264 4263
3 4265 4263 925
3 929 927 4269
3 929 4269 4270
3 4270 4269 928
3 4470 930 4274
3 4470 4274 932
3 932 4274 931
3 935 933 934
3 938 936 937
3 941 939 4277
3 4277 939 940
3 944 942 4284
3 944 4284 943
3 947 945 946
3 950 948 949
3 4296 951 4291
3 4296 4291 4292
3 4296 4292 4295
3 4295 4292 953
3 4291 951 952
3 956 954 4300
3 4300 954 4298
3 4300 4298 4299
3 4299 4298 4297
3 4299 4297 955
3 959 957 4302
3 959 4302 4303
3 4303 4302 4301
3 4303 4301 958
3 4311 960 4304
3 4311 4304 962
3 962 4304 961
3 965 963 4313
3 4313 963 4312
3 4313 4312 964
3 4525 966 4314
3 4525 4314 967
3 4525 967 968
3 4320 969 4315
3 4320 4315 971
3 4315 969 970
3 4534 972 4321
3 4534 4321 973
3 4534 973 4535
3 4535 973 4322
3 4535 4322 974
3 977 975 4323
3 977 4323 4324
3 4324 4323 976
3 4542 978 979
3 4542 979 4326
3 4542 4326 4543
3 4543 4326 4327
3 4543 4327 980
3 4568 981 4329
3 4568 4329 4569
3 4569 4329 4328
3 4569 4328 983
3 983 4328 982
3 986 984 4336
3 4336 984 985
3 989 987 988
3 992 990 991
3 995 993 4340
3 4340 993 994
3 4585 996 4344
3 4585 4344 998
3 4344 996 997
3 1001 999 4346
3 4346 999 4345
3 4346 4345 1000
3 1004 1002 4347
3 1004 4347 1003
3 4350 1005 4348
3 4350 4348 1007
3 4348 1005 1006
3 1010 1008 4353
3 4353 1008 4352
3 4352 1008 4351
3 4352 4351 1009
3 1013 1011 4355
3 1013 4355 4356
3 4356 4355 4354
3 4356 4354 1012
3 4601 1014 4362
3 4601 4362 4363
3 4601 4363 4602
3 4602 4363 4364
3 4602 4364 4603
3 4603 4364 1016
3 4362 1014 1015
3 7434 7431 7435
3 7431 7432 7435
3 4680 1017 4367
3 4680 4367 7433
3 4680 7433 4681
3 4681 7433 7432
3 4681 7432 4682
3 4682 7432 7431
3 4682 7431 4683
3 4683 7431 1019
3 1019 7431 4368
3 4368 7431 7434
3 4368 7434 1018
3 1018 7434 4365
3 4365 7434 7435
3 4365 7435 4366
3 4366 7435 7433
3 4366 7433 4367
3 7433 7435 7432
3 4378 1020 4369
3 4378 4369 4370
3 4378 4370 1022
3 4370 4369 1021
3 7089 1023 4379
3 7089 4379 7436
3 7089 7436 1025
3 1025 7436 4380
3 4380 7436 1024
3 1024 7436 4379
3 7111 1026 4381
3 7111 4381 1027
3 7111 1027 1028
3 4391 1029 1030
3 4391 1030 4384
3 4391 4384 4390
3 4390 4384 1031
3 4389 1032 4385
3 4389 4385 1034
3 1034 4385 1033
3 1037 1035 1036
3 4388 1038 4386
3 4388 4386 1040
3 4386 1038 1039
3 7118 1041 4393
3 7118 4393 4392
3 7118 4392 7119
3 7119 4392 1042
3 7119 1042 1043
3 1046 1044 4394
3 4394 1044 1045
3 1049 1047 4401
3 4401 1047 1048
3 1052 1050 4402
3 1052 4402 1051
3 7163 1053 4405
3 7163 4405 1055
3 4405 1053 1054
3 1058 1056 4407
3 4407 1056 4406
3 4407 4406 1057
3 4417 1059 4412
3 4417 4412 1061
3 4412 1059 1060
3 1064 1062 4418
3 1064 4418 1063
3 1067 1065 1066
3 4437 1068 1069
3 4437 1069 4425
3 4437 4425 1070
3 4432 1071 4429
3 4432 4429 4430
3 4432 4430 1073
3 4430 4429 1072
3 1076 1074 4431
3 1076 4431 1075
3 4447 1077 4438
3 4447 4438 1078
3 4447 1078 1079
3 4453 1080 4448
3 4453 4448 1082
3 1082 4448 1081
3 1085 1083 4460
3 1085 4460 1084
3 4472 1086 1087
3 4472 1087 4463
3 4472 4463 4471
3 4471 4463 1088
3 4469 1089 4464
3 4469 4464 1090
3 4469 1090 1091
3 7167 1092 4474
3 7167 4474 4473
3 7167 4473 7437
3 7167 7437 1094
3 1094 7437 1093
3 1093 7437 4473
3 1097 1095 1096
3 4477 1098 1099
3 4477 1099 1100
3 1103 1101 4478
3 1103 4478 1102
3 1106 1104 1105
3 1109 1107 1108
3 7281 1110 1111
3 7281 1111 1112
3 4499 1113 1114
3 4499 1114 4497
3 4499 4497 1115
3 1118 1116 4498
3 1118 4498 1117
3 7280 1119 4506
3 7280 4506 1121
3 1121 4506 1120
3 1124 1122 1123
3 1127 1125 4507
3 4507 1125 1126
3 1130 1128 4508
3 1130 4508 1129
3 7179 1131 4515
3 7179 4515 1133
3 4515 1131 1132
3 7185 1134 7439
3 7185 7439 4518
3 7185 4518 1136
3 4518 7439 7438
3 4518 7438 4517
3 4517 7438 4516
3 4517 4516 1135
3 4516 7438 1134
3 1134 7438 7439
3 4526 1137 4520
3 4526 4520 7440
3 4526 7440 1139
3 1139 7440 4521
3 4521 7440 4519
3 4521 4519 1138
3 4519 7440 4520
3 7193 1140 7441
3 7193 7441 4529
3 7193 4529 1142
3 4529 7441 4528
3 4528 7441 4527
3 4528 4527 1141
3 4527 7441 1140
3 1145 1143 4533
3 4533 1143 4531
3 4533 4531 4532
3 4532 4531 4530
3 4532 4530 1144
3 4545 1146 4536
3 4545 4536 4537
3 4545 4537 4544
3 4544 4537 1148
3 4536 1146 1147
3 1151 1149 4547
3 1151 4547 4549
3 4549 4547 4546
3 4549 4546 4548
3 4548 4546 1150
3 7209 1152 4551
3 7209 4551 4550
3 7209 4550 1154
3 1154 4550 4552
3 4552 4550 1153
3 1157 1155 4553
3 1157 4553 1156
3 1160 1158 4556
3 4556 1158 1159
3 1163 1161 4557
3 1163 4557 1162
3 4571 1164 4566
3 4571 4566 4567
3 4571 4567 4570
3 4570 4567 1166
3 4566 1164 1165
3 7245 1167 7442
3 7245 7442 1169
3 1169 7442 4575
3 4575 7442 4572
3 4575 4572 4574
3 4574 4572 1168
3 4572 7442 4573
3 4573 7442 1167
3 1172 1170 4577
3 1172 4577 4578
3 4578 4577 4576
3 4578 4576 1171
3 1175 1173 4579
3 1175 4579 1174
3 1178 1176 1177
3 1181 1179 1180
3 4586 1182 1183
3 4586 1183 4584
3 4586 4584 1184
3 4606 1185 4587
3 4606 4587 7444
3 4606 7444 4605
3 4605 7444 7443
3 4605 7443 4604
3 4604 7443 4590
3 4604 4590 1187
3 4590 7443 4589
3 4589 7443 4588
3 4588 7443 7444
3 4588 7444 4587
3 4588 4587 1186
3 1190 1188 4617
3 4617 1188 4614
3 4617 4614 4616
3 4616 4614 4613
3 4616 4613 4615
3 4615 4613 4612
3 4615 4612 1189
3 1193 1191 4635
3 1193 4635 4638
3 4638 4635 4634
3 4638 4634 4637
3 4637 4634 4633
3 4637 4633 4636
3 4636 4633 1192
3 7077 1194 4641
3 7077 4641 4645
3 7077 4645 1196
3 4645 4641 4644
3 4644 4641 4640
3 4644 4640 4643
3 4643 4640 4639
3 4643 4639 4642
3 4642 4639 1195
3 1227 1197 4649
3 1227 4649 4648
3 1227 4648 7331
3 7331 4648 4647
3 7331 4647 1228
3 1228 4647 4646
3 1228 4646 1198
3 1228 1198 1199
3 1202 1200 1201
3 1205 1203 4652
3 4652 1203 1204
3 1208 1206 4653
3 1208 4653 1207
3 1211 1209 1210
3 1214 1212 1213
3 1217 1215 4668
3 4668 1215 1216
3 1220 1218 4669
3 1220 4669 1219
3 1223 1221 1222
3 1228 1224 1225
3 1228 1225 4676
3 1228 4676 4677
3 1228 4677 7331
3 7331 4677 4678
3 7331 4678 1227
3 1227 4678 4679
3 1227 4679 1226
3 1231 1229 4684
3 4684 1229 1230
3 1234 1232 4685
3 1234 4685 4686
3 4686 4685 1233
3 4760 1235 4692
3 4760 4692 1237
3 4692 1235 4691
3 4691 1235 4690
3 4691 4690 1236
3 1240 1238 4694
3 1240 4694 4696
3 4696 4694 4693
3 4696 4693 4695
3 4695 4693 1239
3 4699 1241 4698
3 4699 4698 4697
3 4699 4697 1243
3 1243 4697 1242
3 1246 1244 4702
3 4702 1244 4700
3 4702 4700 4701
3 4701 4700 1245
3 4801 1247 4704
3 4801 4704 4703
3 4801 4703 1249
3 1249 4703 1248
3 1252 1250 1251
3 1255 1253 1254
3 7056 1256 1257
3 7056 1257 1258
3 1261 1259 1260
3 1264 1262 1263
3 1267 1265 4721
3 4721 1265 1266
3 1270 1268 4728
3 1270 4728 1269
3 1273 1271 1272
3 1276 1274 1275
3 7042 1277 1278
3 7042 1278 1279
3 1282 1280 1281
3 1285 1283 1284
3 1288 1286 1287
3 4835 1289 1290
3 4835 1290 1291
3 1294 1292 1293
3 4847 1295 4751
3 4847 4751 4752
3 4847 4752 1297
3 4751 1295 1296
3 1300 1298 4754
3 1300 4754 4753
3 1300 4753 4755
3 4755 4753 1299
3 4757 1301 4756
3 4757 4756 1302
3 4757 1302 1303
3 1306 1304 4758
3 1306 4758 4759
3 4759 4758 1305
3 1387 1307 4765
3 1387 4765 4766
3 1387 4766 7336
3 7336 4766 1388
3 1388 4766 4767
3 1388 4767 1309
3 4765 1307 1308
3 4887 1310 7445
3 4887 7445 1312
3 1312 7445 1314
3 1314 7445 7335
3 7335 7445 7446
3 7335 7446 7334
3 7334 7446 4770
3 7334 4770 7333
3 7333 4770 4769
3 7333 4769 7332
3 7332 4769 4768
3 7332 4768 1313
3 1313 4768 1311
3 4770 7446 1310
3 1310 7446 7445
3 4917 1315 7448
3 4917 7448 7447
3 4917 7447 1317
3 1317 7447 4773
3 4773 7447 7334
3 4773 7334 7333
3 4773 7333 4772
3 4772 7333 7332
3 4772 7332 4771
3 4771 7332 1313
3 4771 1313 1316
3 7334 7447 7335
3 7335 7447 7448
3 7335 7448 1314
3 1314 7448 1315
3 4921 1318 4776
3 4921 4776 7449
3 4921 7449 1320
3 1320 7449 4778
3 4778 7449 7450
3 4778 7450 4777
3 4777 7450 4774
3 4777 4774 1319
3 4774 7450 4775
3 4775 7450 7449
3 4775 7449 4776
3 4786 1321 4780
3 4786 4780 4785
3 4785 4780 4779
3 4785 4779 1323
3 1323 4779 1322
3 4926 1324 4788
3 4926 4788 4927
3 4927 4788 4787
3 4927 4787 1326
3 1326 4787 1325
3 4802 1327 1328
3 4802 1328 4791
3 4802 4791 1329
3 4797 1330 4792
3 4797 4792 1331
3 4797 1331 1332
3 1335 1333 4805
3 4805 1333 4803
3 4805 4803 4804
3 4804 4803 1334
3 4952 1336 7451
3 4952 7451 4809
3 4952 4809 1338
3 4809 7451 4808
3 4808 7451 4806
3 4808 4806 1337
3 4806 7451 4807
3 4807 7451 1336
3 1341 1339 4819
3 1341 4819 4821
3 4821 4819 4818
3 4821 4818 4820
3 4820 4818 1340
3 1344 1342 4831
3 1344 4831 4832
3 4832 4831 4830
3 4832 4830 1343
3 4836 1345 4833
3 4836 4833 4834
3 4836 4834 1347
3 4834 4833 1346
3 1350 1348 4837
3 1350 4837 1349
3 1353 1351 1352
3 4999 1354 1355
3 4999 1355 4844
3 4999 4844 1356
3 7025 1357 4845
3 7025 4845 1359
3 1359 4845 1358
3 4848 1360 4846
3 4848 4846 1362
3 4846 1360 1361
3 7024 1363 4849
3 7024 4849 7452
3 7024 7452 1365
3 1365 7452 4850
3 4850 7452 1364
3 1364 7452 4849
3 1368 1366 4851
3 1368 4851 1367
3 5042 1369 1370
3 5042 1370 4852
3 5042 4852 5043
3 5043 4852 4853
3 5043 4853 5044
3 5044 4853 4854
3 5044 4854 1371
3 1374 1372 4860
3 4860 1372 4857
3 4860 4857 4859
3 4859 4857 4856
3 4859 4856 4858
3 4858 4856 4855
3 4858 4855 1373
3 1377 1375 4863
3 1377 4863 4866
3 4866 4863 4862
3 4866 4862 4865
3 4865 4862 4861
3 4865 4861 4864
3 4864 4861 1376
3 1380 1378 4869
3 1380 4869 4871
3 4871 4869 4868
3 4871 4868 4870
3 4870 4868 4867
3 4870 4867 1379
3 4884 1381 7454
3 4884 7454 7453
3 4884 7453 4876
3 4884 4876 1383
3 4876 7453 4875
3 4875 7453 7455
3 4875 7455 4874
3 4874 7455 4872
3 4874 4872 1382
3 4872 7455 4873
3 4873 7455 7454
3 4873 7454 1381
3 7454 7455 7453
3 1388 1384 4879
3 1388 4879 4878
3 1388 4878 7336
3 7336 4878 7456
3 7336 7456 1387
3 1387 7456 4877
3 1387 4877 1385
3 1387 1385 1386
3 4877 7456 4878
3 4890 1389 4885
3 4890 4885 4889
3 4889 4885 1390
3 4889 1390 4888
3 4888 1390 4886
3 4888 4886 1391
3 7458 7457 7459
3 7460 7457 7461
3 7461 7457 7458
3 7458 7459 7463
3 7462 7458 7463
3 5073 1392 7463
3 5073 7463 5074
3 5074 7463 7459
3 5074 7459 1394
3 1394 7459 4896
3 4896 7459 7457
3 4896 7457 4895
3 4895 7457 7460
3 4895 7460 4894
3 4894 7460 1393
3 1393 7460 4891
3 4891 7460 7461
3 4891 7461 4892
3 4892 7461 7458
3 4892 7458 7462
3 4892 7462 4893
3 4893 7462 7463
3 4893 7463 1392
3 1397 1395 4899
3 1397 4899 4901
3 4901 4899 4898
3 4901 4898 4900
3 4900 4898 4897
3 4900 4897 1396
3 5092 1398 7465
3 5092 7465 4906
3 5092 4906 1400
3 4906 7465 7464
3 4906 7464 4905
3 4905 7464 7466
3 4905 7466 4904
3 4904 7466 4902
3 4904 4902 1399
3 4902 7466 4903
3 4903 7466 7465
3 4903 7465 1398
3 7465 7466 7464
3 5097 1401 4909
3 5097 4909 4908
3 5097 4908 5098
3 5098 4908 4907
3 5098 4907 1403
3 1403 4907 1402
3 1406 1404 4912
3 4912 1404 1405
3 1409 1407 4913
3 1409 4913 1408
3 4918 1410 4916
3 4918 4916 1412
3 4916 1410 1411
3 1415 1413 4919
3 1415 4919 1414
3 4922 1416 1417
3 4922 1417 4920
3 4922 4920 1418
3 5137 1419 4923
3 5137 4923 1421
3 1421 4923 1420
3 4929 1422 1423
3 4929 1423 4924
3 4929 4924 4928
3 4928 4924 4925
3 4928 4925 1424
3 7017 1425 4939
3 7017 4939 4938
3 7017 4938 1427
3 1427 4938 1426
3 5012 1428 4940
3 5012 4940 1430
3 4940 1428 1429
3 5004 1431 4941
3 5004 4941 4942
3 5004 4942 1433
3 4942 4941 1432
3 1436 1434 4943
3 1436 4943 1435
3 4953 1437 7467
3 4953 7467 4944
3 4953 4944 4945
3 4953 4945 1439
3 4944 7467 1438
3 1438 7467 1437
3 4948 1440 4947
3 4948 4947 4946
3 4948 4946 1442
3 1442 4946 1441
3 1445 1443 4956
3 4956 1443 4954
3 4956 4954 4955
3 4955 4954 1444
3 5011 1446 4958
3 5011 4958 4957
3 5011 4957 1448
3 1448 4957 1447
3 1451 1449 4959
3 4959 1449 1450
3 1454 1452 4960
3 1454 4960 1453
3 4981 1455 1456
3 4981 1456 4979
3 4981 4979 1457
3 1460 1458 4980
3 1460 4980 1459
3 5005 1461 4991
3 5005 4991 1462
3 5005 1462 1463
3 5000 1464 4992
3 5000 4992 1466
3 4992 1464 1465
3 1469 1467 5009
3 1469 5009 5010
3 5010 5009 1468
3 7016 1470 5013
3 7016 5013 5014
3 7016 5014 1472
3 5014 5013 1471
3 1475 1473 5017
3 5017 1473 5015
3 5017 5015 5016
3 5016 5015 1474
3 1478 1476 5019
3 1478 5019 5020
3 5020 5019 5018
3 5020 5018 1477
3 1481 1479 5024
3 1481 5024 5025
3 5025 5024 1480
3 5145 1482 5028
3 5145 5028 5029
3 5145 5029 1484
3 5028 1482 5027
3 5027 1482 5026
3 5027 5026 1483
3 5036 1485 5032
3 5036 5032 5031
3 5036 5031 5035
3 5035 5031 5030
3 5035 5030 1487
3 1487 5030 1486
3 1490 1488 5041
3 5041 1488 5038
3 5041 5038 5040
3 5040 5038 5037
3 5040 5037 5039
3 5039 5037 1489
3 1595 1491 7469
3 1595 7469 7468
3 1595 7468 7340
3 7340 7468 7338
3 7340 7338 7341
3 7341 7338 7339
3 7341 7339 1596
3 1596 7339 1495
3 1596 1495 1493
3 7338 7468 7337
3 7337 7468 7469
3 7337 7469 1494
3 1494 7469 1491
3 1494 1491 1492
3 5173 1496 1495
3 5173 1495 7470
3 5173 7470 1498
3 1498 7470 7471
3 1498 7471 5052
3 5052 7471 5051
3 5051 7471 7472
3 5051 7472 7473
3 5051 7473 5050
3 5050 7473 5049
3 5049 7473 1494
3 5049 1494 1497
3 1494 7473 7337
3 7337 7473 7472
3 7337 7472 7338
3 7338 7472 7339
3 7339 7472 7471
3 7339 7471 7470
3 7339 7470 1495
3 5183 1499 5056
3 5183 5056 5055
3 5183 5055 5184
3 5184 5055 5054
3 5184 5054 5185
3 5185 5054 5053
3 5185 5053 1501
3 1501 5053 1500
3 1504 1502 1503
3 1507 1505 1506
3 5076 1508 5065
3 5076 5065 5066
3 5076 5066 5075
3 5075 5066 1510
3 5065 1508 1509
3 5072 1511 5068
3 5072 5068 5071
3 5071 5068 5067
3 5071 5067 1513
3 1513 5067 1512
3 5209 1514 7475
3 5209 7475 5210
3 5210 7475 7474
3 5210 7474 5079
3 5210 5079 1516
3 5079 7474 1515
3 1515 7474 5077
3 5077 7474 7475
3 5077 7475 5078
3 5078 7475 1514
3 1519 1517 5080
3 1519 5080 5081
3 5081 5080 1518
3 1522 1520 5082
3 1522 5082 1521
3 1525 1523 1524
3 1528 1526 1527
3 5237 1529 5087
3 5237 5087 1531
3 5087 1529 1530
3 1534 1532 5089
3 5089 1532 5088
3 5089 5088 1533
3 1537 1535 5091
3 5091 1535 5090
3 5091 5090 1536
3 5100 1538 5095
3 5100 5095 5096
3 5100 5096 5099
3 5099 5096 1540
3 5095 1538 1539
3 1543 1541 5102
3 1543 5102 5101
3 1543 5101 5103
3 5103 5101 1542
3 5105 1544 5104
3 5105 5104 1545
3 5105 1545 1546
3 1549 1547 5107
3 5107 1547 5106
3 5107 5106 1548
3 1552 1550 5111
3 1552 5111 5112
3 5112 5111 1551
3 5124 1553 5116
3 5124 5116 7476
3 5124 7476 1555
3 1555 7476 5117
3 5117 7476 1554
3 1554 7476 5116
3 1558 1556 5121
3 1558 5121 1557
3 1561 1559 5127
3 5127 1559 5125
3 5127 5125 5126
3 5126 5125 1560
3 5285 1562 5129
3 5285 5129 5130
3 5285 5130 1564
3 5130 5129 5128
3 5130 5128 1563
3 5291 1565 5131
3 5291 5131 5132
3 5291 5132 1567
3 5132 5131 1566
3 1570 1568 5133
3 1570 5133 5134
3 5134 5133 1569
3 1573 1571 5136
3 5136 1571 5135
3 5136 5135 1572
3 1576 1574 1575
3 1579 1577 1578
3 1582 1580 1581
3 5142 1583 1584
3 5142 1584 1585
3 5146 1586 7477
3 5146 7477 1588
3 1588 7477 5144
3 5144 7477 5143
3 5144 5143 1587
3 5143 7477 1586
3 1591 1589 5147
3 1591 5147 1590
3 1598 1592 7478
3 1598 7478 7345
3 7345 7478 7344
3 7344 7478 1595
3 7344 1595 7340
3 7344 7340 7343
3 7343 7340 7341
3 7343 7341 7342
3 7342 7341 1596
3 7342 1596 1597
3 1597 1596 1594
3 1595 7478 1593
3 1593 7478 1592
3 1601 1599 7479
3 1601 7479 1603
3 1603 7479 7344
3 1603 7344 7346
3 7346 7344 7343
3 7346 7343 1602
3 1602 7343 7342
3 1602 7342 1597
3 1602 1597 1600
3 7344 7479 7345
3 7345 7479 1598
3 1598 7479 1599
3 7482 7483 7484
3 5316 1604 1603
3 5316 1603 7483
3 5316 7483 5317
3 5317 7483 1606
3 1606 7483 7482
3 1606 7482 5149
3 5149 7482 7481
3 5149 7481 5148
3 5148 7481 7480
3 5148 7480 1605
3 1605 7480 1602
3 1602 7480 7481
3 1602 7481 7346
3 7346 7481 7484
3 7346 7484 1603
3 1603 7484 7483
3 7484 7481 7482
3 7487 7486 7488
3 5322 1607 7488
3 5322 7488 7486
3 5322 7486 5323
3 5323 7486 7485
3 5323 7485 1609
3 1609 7485 5154
3 5154 7485 7486
3 5154 7486 5153
3 5153 7486 7487
3 5153 7487 5152
3 5152 7487 5150
3 5152 5150 1608
3 5150 7487 5151
3 5151 7487 7488
3 5151 7488 1607
3 5341 1610 5157
3 5341 5157 5156
3 5341 5156 5342
3 5342 5156 5155
3 5342 5155 5343
3 5343 5155 1611
3 5343 1611 1612
3 1615 1613 1614
3 1618 1616 1617
3 1621 1619 5172
3 5172 1619 1620
3 5390 1622 1623
3 5390 1623 5176
3 5390 5176 5391
3 5391 5176 5177
3 5391 5177 1624
3 7490 7489 7491
3 7490 7491 7492
3 7492 7491 7493
3 5187 1625 7490
3 5187 7490 7492
3 5187 7492 5186
3 5186 7492 7493
3 5186 7493 5182
3 5186 5182 1627
3 5182 7493 5181
3 5181 7493 7491
3 5181 7491 7489
3 5181 7489 5180
3 5180 7489 5178
3 5180 5178 1626
3 5178 7489 7490
3 5178 7490 5179
3 5179 7490 1625
3 5193 1628 5189
3 5193 5189 5188
3 5193 5188 5192
3 5192 5188 1629
3 5192 1629 1630
3 5402 1631 5195
3 5402 5195 5403
3 5403 5195 5194
3 5403 5194 5196
3 5403 5196 1633
3 5196 5194 1632
3 1636 1634 5198
3 5198 1634 5197
3 5198 5197 1635
3 5211 1637 7494
3 5211 7494 5204
3 5211 5204 1639
3 5204 7494 5203
3 5203 7494 5202
3 5203 5202 1638
3 5202 7494 1637
3 5208 1640 5206
3 5208 5206 5205
3 5208 5205 5207
3 5207 5205 1641
3 5207 1641 1642
3 5416 1643 5215
3 5416 5215 7495
3 5416 7495 5417
3 5417 7495 5216
3 5417 5216 1645
3 5216 7495 1644
3 1644 7495 5215
3 1648 1646 5217
3 1648 5217 1647
3 1651 1649 1650
3 1654 1652 1653
3 5230 1655 1656
3 5230 1656 1657
3 1660 1658 5231
3 1660 5231 1659
3 1663 1661 1662
3 7007 1664 1665
3 7007 1665 5234
3 7007 5234 1666
3 1669 1667 5235
3 1669 5235 5236
3 5236 5235 1668
3 7006 1670 1671
3 7006 1671 5242
3 7006 5242 1672
3 5458 1673 5246
3 5458 5246 5459
3 5459 5246 1674
3 5459 1674 1675
3 1678 1676 1677
3 5487 1679 1680
3 5487 1680 5249
3 5487 5249 1681
3 1684 1682 5253
3 1684 5253 1683
3 1687 1685 1686
3 5260 1688 1689
3 5260 1689 1690
3 5262 1691 5261
3 5262 5261 1692
3 5262 1692 1693
3 5269 1694 5266
3 5269 5266 1696
3 1696 5266 1695
3 1699 1697 5270
3 1699 5270 1698
3 1702 1700 1701
3 1705 1703 1704
3 5499 1706 1707
3 5499 1707 5273
3 5499 5273 1708
3 5279 1709 5274
3 5279 5274 1710
3 5279 1710 1711
3 1714 1712 5280
3 1714 5280 5281
3 5281 5280 1713
3 5298 1715 1716
3 5298 1716 1717
3 1720 1718 5288
3 5288 1718 1719
3 1723 1721 5290
3 5290 1721 5289
3 5290 5289 1722
3 1726 1724 1725
3 5511 1727 5299
3 5511 5299 1728
3 5511 1728 1729
3 5302 1730 1731
3 5302 1731 1732
3 5513 1733 5303
3 5513 5303 1734
3 5513 1734 1735
3 5530 1736 5304
3 5530 5304 5305
3 5530 5305 5531
3 5531 5305 1738
3 5304 1736 1737
3 1741 1739 5310
3 5310 1739 5307
3 5310 5307 5309
3 5309 5307 5306
3 5309 5306 5308
3 5308 5306 1740
3 5318 1742 5313
3 5318 5313 5312
3 5318 5312 1744
3 1744 5312 5315
3 5315 5312 5311
3 5315 5311 5314
3 5314 5311 1743
3 1747 1745 5321
3 5321 1745 5320
3 5320 1745 5319
3 5320 5319 1746
3 1750 1748 5324
3 5324 1748 1749
3 1753 1751 5325
3 1753 5325 1752
3 1756 1754 5326
3 5326 1754 1755
3 5541 1757 5327
3 5541 5327 1759
3 1759 5327 1758
3 5551 1760 1761
3 5551 1761 5334
3 5551 5334 5552
3 5552 5334 5335
3 5552 5335 1762
3 7499 7496 7500
3 7496 7497 7500
3 7499 7500 7501
3 5346 1763 7496
3 5346 7496 7499
3 5346 7499 5345
3 5345 7499 7501
3 5345 7501 5344
3 5344 7501 5340
3 5344 5340 1765
3 5340 7501 5339
3 5339 7501 7500
3 5339 7500 5338
3 5338 7500 7498
3 5338 7498 1764
3 1764 7498 5336
3 5336 7498 7497
3 5336 7497 5337
3 5337 7497 7496
3 5337 7496 1763
3 7497 7498 7500
3 7502 7503 7504
3 5572 1766 5349
3 5572 5349 7503
3 5572 7503 5573
3 5573 7503 5574
3 5574 7503 7502
3 5574 7502 1768
3 1768 7502 5350
3 5350 7502 7504
3 5350 7504 1767
3 1767 7504 5347
3 5347 7504 7503
3 5347 7503 5348
3 5348 7503 5349
3 5581 1769 5351
3 5581 5351 5582
3 5582 5351 1770
3 5582 1770 1771
3 5592 1772 1773
3 5592 1773 5366
3 5592 5366 1774
3 1777 1775 5367
3 1777 5367 1776
3 5614 1778 5369
3 5614 5369 1780
3 5369 1778 5368
3 5368 1778 1779
3 1783 1781 5371
3 1783 5371 5373
3 5373 5371 5370
3 5373 5370 5372
3 5372 5370 1782
3 5655 1784 5375
3 5655 5375 7505
3 5655 7505 1786
3 1786 7505 5374
3 1786 5374 1785
3 5374 7505 5375
3 1789 1787 1788
3 1792 1790 1791
3 1795 1793 1794
3 5685 1796 1797
3 5685 1797 1798
3 5393 1799 1800
3 5393 1800 5388
3 5393 5388 5392
3 5392 5388 5389
3 5392 5389 1801
3 5710 1802 5395
3 5710 5395 5711
3 5711 5395 5394
3 5711 5394 1804
3 1804 5394 1803
3 1807 1805 1806
3 1810 1808 5396
3 5396 1808 1809
3 5404 1811 7506
3 5404 7506 5398
3 5404 5398 1813
3 5398 7506 5397
3 5398 5397 1812
3 5397 7506 1811
3 1816 1814 5401
3 5401 1814 5399
3 5401 5399 5400
3 5400 5399 1815
3 5754 1817 5405
3 5754 5405 1819
3 1819 5405 1818
3 5759 1820 5412
3 5759 5412 1822
3 5412 1820 1821
3 1825 1823 5413
3 1825 5413 1824
3 5418 1826 7507
3 5418 7507 5415
3 5418 5415 1828
3 5415 7507 5414
3 5414 7507 1827
3 1827 7507 1826
3 1831 1829 5421
3 5421 1829 5419
3 5421 5419 5420
3 5420 5419 1830
3 1834 1832 5425
3 5425 1832 5423
3 5425 5423 5424
3 5424 5423 5422
3 5424 5422 1833
3 5814 1835 5427
3 5814 5427 7508
3 5814 7508 5815
3 5815 7508 5428
3 5815 5428 1837
3 5428 7508 5426
3 5428 5426 1836
3 5426 7508 5427
3 1840 1838 5429
3 1840 5429 5430
3 5430 5429 1839
3 1843 1841 5431
3 1843 5431 1842
3 1846 1844 1845
3 1849 1847 1848
3 5442 1850 1851
3 5442 1851 1852
3 5843 1853 5449
3 5843 5449 7509
3 5843 7509 5844
3 5844 7509 5450
3 5844 5450 1855
3 5450 7509 1854
3 1854 7509 5449
3 5864 1856 5451
3 5864 5451 5865
3 5865 5451 1857
3 5865 1857 5452
3 5865 5452 5866
3 5866 5452 1858
3 1861 1859 5453
3 1861 5453 5454
3 5454 5453 1860
3 1864 1862 5457
3 5457 1862 5456
3 5456 1862 5455
3 5456 5455 1863
3 1867 1865 5460
3 5460 1865 1866
3 1870 1868 5461
3 1870 5461 1869
3 1873 1871 5462
3 5462 1871 1872
3 1876 1874 5464
3 5464 1874 5463
3 5464 5463 1875
3 5475 1877 5465
3 5475 5465 5474
3 5474 5465 1878
3 5474 1878 1879
3 5494 1880 5477
3 5494 5477 5476
3 5494 5476 5478
3 5494 5478 1882
3 5478 5476 1881
3 1885 1883 5483
3 5483 1883 5482
3 5483 5482 1884
3 1888 1886 5495
3 1888 5495 1887
3 1891 1889 1890
3 5500 1892 5498
3 5500 5498 1894
3 5498 1892 1893
3 1897 1895 5503
3 5503 1895 5501
3 5503 5501 5502
3 5502 5501 1896
3 7510 7511 7512
3 5515 1898 7510
3 5515 7510 5514
3 5514 7510 7512
3 5514 7512 5507
3 5514 5507 1900
3 5507 7512 5506
3 5506 7512 7511
3 5506 7511 1899
3 1899 7511 5504
3 5504 7511 5505
3 5505 7511 7510
3 5505 7510 1898
3 5512 1901 5509
3 5512 5509 7513
3 5512 7513 1903
3 1903 7513 5510
3 5510 7513 5508
3 5510 5508 1902
3 5508 7513 5509
3 5883 1904 7514
3 5883 7514 7515
3 5883 7515 5884
3 5884 7515 5518
3 5884 5518 1906
3 5518 7515 5516
3 5518 5516 1905
3 5516 7515 7514
3 5516 7514 5517
3 5517 7514 1904
3 1909 1907 5520
3 5520 1907 5519
3 5520 5519 1908
3 5532 1910 5523
3 5532 5523 5524
3 5532 5524 1912
3 5523 1910 5521
3 5523 5521 5522
3 5522 5521 1911
3 1915 1913 5527
3 1915 5527 5529
3 5529 5527 5526
3 5529 5526 5528
3 5528 5526 5525
3 5528 5525 1914
3 5887 1916 5533
3 5887 5533 5888
3 5888 5533 1917
3 5888 1917 1918
3 1921 1919 1920
3 5891 1922 1923
3 5891 1923 5534
3 5891 5534 5892
3 5892 5534 5535
3 5892 5535 1924
3 5910 1925 5537
3 5910 5537 5536
3 5910 5536 1927
3 1927 5536 1926
3 1930 1928 1929
3 5542 1931 1932
3 5542 1932 5540
3 5542 5540 1933
3 5920 1934 7516
3 5920 7516 1936
3 1936 7516 5547
3 5547 7516 5546
3 5547 5546 1935
3 5546 7516 1934
3 5553 1937 5548
3 5553 5548 5549
3 5553 5549 5550
3 5553 5550 1939
3 5549 5548 1938
3 5927 1940 5554
3 5927 5554 5555
3 5927 5555 1942
3 5555 5554 1941
3 5953 1943 5556
3 5953 5556 1945
3 1945 5556 1944
3 5961 1946 1947
3 5961 1947 5557
3 5961 5557 5962
3 5962 5557 5558
3 5962 5558 5963
3 5963 5558 5559
3 5963 5559 1948
3 1951 1949 5562
3 1951 5562 5565
3 5565 5562 5561
3 5565 5561 5564
3 5564 5561 5560
3 5564 5560 5563
3 5563 5560 1950
3 5575 1952 5568
3 5575 5568 7517
3 5575 7517 1954
3 1954 7517 5571
3 5571 7517 7518
3 5571 7518 5570
3 5570 7518 5567
3 5570 5567 5569
3 5569 5567 5566
3 5569 5566 1953
3 5567 7518 5568
3 5568 7518 7517
3 1957 1955 5576
3 1957 5576 1956
3 1960 1958 1959
3 5583 1961 5579
3 5583 5579 5580
3 5583 5580 1963
3 5579 1961 1962
3 1966 1964 5587
3 1966 5587 5588
3 5588 5587 1965
3 5994 1967 5593
3 5994 5593 5594
3 5994 5594 5995
3 5995 5594 5595
3 5995 5595 5996
3 5996 5595 1969
3 5593 1967 1968
3 6014 1970 5598
3 6014 5598 7520
3 6014 7520 7519
3 6014 7519 1972
3 1972 7519 5601
3 5601 7519 7520
3 5601 7520 5600
3 5600 7520 7521
3 5600 7521 5599
3 5599 7521 5596
3 5599 5596 1971
3 5596 7521 5597
3 5597 7521 5598
3 5598 7521 7520
3 1975 1973 5604
3 1975 5604 5607
3 5607 5604 5603
3 5607 5603 5606
3 5606 5603 5602
3 5606 5602 5605
3 5605 5602 1974
3 5615 1976 5610
3 5615 5610 5609
3 5615 5609 1978
3 1978 5609 5611
3 5611 5609 5608
3 5611 5608 1977
3 5613 1979 5612
3 5613 5612 1981
3 1981 5612 1980
3 1984 1982 5621
3 5621 1982 5619
3 5621 5619 5620
3 5620 5619 1983
3 1987 1985 5626
3 5626 1985 5623
3 5626 5623 5625
3 5625 5623 5622
3 5625 5622 5624
3 5624 5622 1986
3 1990 1988 5632
3 5632 1988 5629
3 5632 5629 5631
3 5631 5629 5628
3 5631 5628 5630
3 5630 5628 5627
3 5630 5627 1989
3 1995 1991 5635
3 1995 5635 5634
3 1995 5634 7347
3 7347 5634 5633
3 7347 5633 1994
3 1994 5633 1992
3 1994 1992 1993
3 7524 7522 7525
3 7525 7522 7526
3 7522 7523 7526
3 7526 7523 7527
3 6054 1996 7527
3 6054 7527 1998
3 1998 7527 2000
3 2000 7527 7523
3 2000 7523 7349
3 7349 7523 7522
3 7349 7522 7348
3 7348 7522 7524
3 7348 7524 1999
3 1999 7524 1994
3 1999 1994 1997
3 1994 7524 7347
3 7347 7524 7525
3 7347 7525 1995
3 1995 7525 7526
3 1995 7526 1996
3 1996 7526 7527
3 6100 2001 2000
3 6100 2000 6101
3 6101 2000 7349
3 6101 7349 6102
3 6102 7349 7348
3 6102 7348 2003
3 2003 7348 1999
3 2003 1999 5642
3 5642 1999 2002
3 2006 2004 5643
3 2006 5643 2005
3 5656 2007 5648
3 5656 5648 2009
3 5648 2007 2008
3 2012 2010 5657
3 2012 5657 5658
3 5658 5657 2011
3 6122 2013 5659
3 6122 5659 2015
3 2015 5659 2014
3 6130 2016 2017
3 6130 2017 5660
3 6130 5660 6131
3 6131 5660 5661
3 6131 5661 6132
3 6132 5661 5662
3 6132 5662 2018
3 5673 2019 5665
3 5673 5665 5664
3 5673 5664 5672
3 5672 5664 5663
3 5672 5663 2021
3 2021 5663 2020
3 2024 2022 5675
3 2024 5675 5677
3 5677 5675 5674
3 5677 5674 5676
3 5676 5674 2023
3 5688 2025 5683
3 5688 5683 5687
3 5687 5683 5682
3 5687 5682 7528
3 5687 7528 5686
3 5686 7528 5684
3 5686 5684 2027
3 5684 7528 2026
3 2026 7528 5682
3 2030 2028 7529
3 2030 7529 5692
3 5692 7529 2032
3 2032 7529 5691
3 2032 5691 5690
3 2032 5690 7350
3 7350 5690 2031
3 2031 5690 5689
3 2031 5689 5694
3 5694 5689 2029
3 5691 7529 2028
3 2035 2033 5693
3 2035 5693 5698
3 5698 5693 2032
3 5698 2032 5697
3 5697 2032 7350
3 5697 7350 2031
3 5697 2031 5696
3 5696 2031 5695
3 5696 5695 2034
3 7531 7530 7532
3 7532 7530 7533
3 7533 7530 7534
3 7534 7530 7535
3 7535 7530 7536
3 7536 7530 7531
3 7533 7534 7537
3 7537 7534 7538
3 7534 7535 7538
3 7538 7535 7539
3 7539 7535 7540
3 7535 7536 7540
3 5714 2036 7532
3 5714 7532 7533
3 5714 7533 5713
3 5713 7533 7537
3 5713 7537 5712
3 5712 7537 2038
3 2038 7537 7538
3 2038 7538 5704
3 5704 7538 7539
3 5704 7539 5703
3 5703 7539 5702
3 5702 7539 7540
3 5702 7540 2037
3 2037 7540 5699
3 5699 7540 7536
3 5699 7536 5700
3 5700 7536 7531
3 5700 7531 5701
3 5701 7531 7532
3 5701 7532 2036
3 2041 2039 5707
3 2041 5707 5709
3 5709 5707 5706
3 5709 5706 5708
3 5708 5706 5705
3 5708 5705 2040
3 2044 2042 5721
3 5721 2042 5717
3 5721 5717 5720
3 5720 5717 5716
3 5720 5716 5719
3 5719 5716 5715
3 5719 5715 5718
3 5718 5715 2043
3 2047 2045 5731
3 2047 5731 5734
3 5734 5731 5730
3 5734 5730 5733
3 5733 5730 5729
3 5733 5729 5732
3 5732 5729 5728
3 5732 5728 2046
3 6213 2048 5737
3 6213 5737 6214
3 6214 5737 5736
3 6214 5736 6215
3 6215 5736 5735
3 6215 5735 2050
3 2050 5735 2049
3 2053 2051 2052
3 5760 2054 7541
3 5760 7541 5747
3 5760 5747 2056
3 5747 7541 5746
3 5746 7541 2055
3 2055 7541 2054
3 5755 2057 5749
3 5755 5749 7542
3 5755 7542 2059
3 2059 7542 5750
3 5750 7542 5748
3 5750 5748 2058
3 5748 7542 5749
3 5773 2060 5761
3 5773 5761 5772
3 5772 5761 2061
3 5772 2061 2062
3 2065 2063 5777
3 5777 2063 5775
3 5777 5775 5776
3 5776 5775 5774
3 5776 5774 2064
3 2362 2066 5779
3 2362 5779 7545
3 2362 7545 7352
3 7352 7545 7544
3 7352 7544 7353
3 7353 7544 7543
3 7353 7543 7354
3 7354 7543 5780
3 7354 5780 5781
3 7354 5781 2363
3 2363 5781 2068
3 5780 7543 2067
3 2067 7543 7544
3 2067 7544 5778
3 5778 7544 7545
3 5778 7545 5779
3 2071 2069 5791
3 2071 5791 5793
3 5793 5791 5790
3 5793 5790 5792
3 5792 5790 2070
3 7002 2072 5795
3 7002 5795 7003
3 7003 5795 5794
3 7003 5794 2074
3 2074 5794 5796
3 5796 5794 2073
3 7001 2075 5798
3 7001 5798 5799
3 7001 5799 7000
3 7000 5799 2077
3 5798 2075 5797
3 5798 5797 2076
3 6260 2078 5801
3 6260 5801 7546
3 6260 7546 2080
3 2080 7546 5803
3 5803 7546 5802
3 5802 7546 5800
3 5802 5800 2079
3 5800 7546 5801
3 6286 2081 5805
3 6286 5805 2083
3 2083 5805 5806
3 5806 5805 5804
3 5806 5804 2082
3 2086 2084 5807
3 2086 5807 2085
3 5817 2087 7547
3 5817 7547 5808
3 5817 5808 5816
3 5816 5808 5809
3 5816 5809 2089
3 5808 7547 2088
3 2088 7547 2087
3 5825 2090 5819
3 5825 5819 5824
3 5824 5819 5818
3 5824 5818 2092
3 2092 5818 2091
3 5833 2093 5827
3 5833 5827 5826
3 5833 5826 5832
3 5832 5826 2094
3 5832 2094 2095
3 2098 2096 5835
3 2098 5835 5836
3 5836 5835 5834
3 5836 5834 2097
3 5845 2099 5840
3 5845 5840 5842
3 5845 5842 2101
3 5842 5840 5841
3 5841 5840 2100
3 2104 2102 5846
3 2104 5846 5847
3 5847 5846 2103
3 2107 2105 5850
3 5850 2105 5849
3 5849 2105 5848
3 5849 5848 2106
3 2110 2108 5852
3 2110 5852 5854
3 5854 5852 5851
3 5854 5851 5853
3 5853 5851 2109
3 5890 2111 7548
3 5890 7548 5889
3 5889 7548 7549
3 5889 7549 5858
3 5889 5858 2113
3 5858 7549 5857
3 5857 7549 5855
3 5857 5855 2112
3 5855 7549 5856
3 5856 7549 7548
3 5856 7548 2111
3 5886 2114 5860
3 5886 5860 5859
3 5886 5859 5885
3 5885 5859 2115
3 5885 2115 2116
3 5869 2117 5861
3 5869 5861 5862
3 5869 5862 5868
3 5868 5862 5863
3 5868 5863 5867
3 5867 5863 2119
3 5861 2117 2118
3 5877 2120 5872
3 5877 5872 5876
3 5876 5872 5871
3 5876 5871 5875
3 5875 5871 5870
3 5875 5870 2122
3 2122 5870 2121
3 2125 2123 5880
3 2125 5880 5882
3 5882 5880 5879
3 5882 5879 5881
3 5881 5879 5878
3 5881 5878 2124
3 6307 2126 2127
3 6307 2127 5901
3 6307 5901 6308
3 6308 5901 2128
3 5911 2129 5902
3 5911 5902 5903
3 5911 5903 2131
3 5903 5902 2130
3 6321 2132 7550
3 6321 7550 2134
3 2134 7550 5913
3 5913 7550 5912
3 5913 5912 2133
3 5912 7550 2132
3 6335 2135 5914
3 6335 5914 2136
3 6335 2136 2137
3 5921 2138 2139
3 5921 2139 5917
3 5921 5917 2140
3 2143 2141 5918
3 2143 5918 2142
3 2146 2144 2145
3 2149 2147 5919
3 5919 2147 2148
3 6342 2150 5922
3 6342 5922 6343
3 6343 5922 2151
3 6343 2151 2152
3 2155 2153 5923
3 5923 2153 2154
3 2158 2156 5930
3 5930 2156 2157
3 2161 2159 5931
3 2161 5931 2160
3 6413 2162 5932
3 6413 5932 5933
3 6413 5933 6414
3 6414 5933 5934
3 6414 5934 2164
3 5932 2162 2163
3 2167 2165 5937
3 2167 5937 5939
3 5939 5937 5936
3 5939 5936 5938
3 5938 5936 5935
3 5938 5935 2166
3 2170 2168 5941
3 2170 5941 5943
3 5943 5941 5940
3 5943 5940 5942
3 5942 5940 2169
3 6443 2171 7551
3 6443 7551 5948
3 6443 5948 2173
3 5948 7551 5947
3 5947 7551 5945
3 5947 5945 5946
3 5946 5945 5944
3 5946 5944 2172
3 5945 7551 2171
3 5955 2174 5951
3 5955 5951 7552
3 5955 7552 5954
3 5954 7552 2176
3 2176 7552 5952
3 5952 7552 5949
3 5952 5949 2175
3 5949 7552 5950
3 5950 7552 5951
3 5964 2177 7553
3 5964 7553 5960
3 5964 5960 2179
3 5960 7553 5959
3 5959 7553 7554
3 5959 7554 5958
3 5958 7554 5956
3 5958 5956 2178
3 5956 7554 5957
3 5957 7554 7553
3 5957 7553 2177
3 5970 2180 5965
3 5970 5965 2181
3 5970 2181 2182
3 2185 2183 5974
3 2185 5974 5975
3 5975 5974 2184
3 2188 2186 5977
3 5977 2186 5976
3 5977 5976 2187
3 6473 2189 5978
3 6473 5978 6474
3 6474 5978 2190
3 6474 2190 2191
3 6481 2192 5981
3 6481 5981 5982
3 6481 5982 6482
3 6482 5982 2194
3 5981 2192 2193
3 6997 2195 5984
3 6997 5984 5983
3 6997 5983 2197
3 2197 5983 2196
3 2200 2198 2199
3 5997 2201 5989
3 5997 5989 2203
3 5989 2201 2202
3 5993 2204 5990
3 5993 5990 5992
3 5992 5990 2205
3 5992 2205 5991
3 5991 2205 2206
3 6999 2207 6001
3 6999 6001 2209
3 2209 6001 2208
3 2212 2210 6002
3 6002 2210 2211
3 2215 2213 6003
3 2215 6003 2214
3 6549 2216 6006
3 6549 6006 2218
3 6006 2216 2217
3 2221 2219 6008
3 6008 2219 6007
3 6008 6007 2220
3 2224 2222 6012
3 2224 6012 6013
3 6013 6012 2223
3 6560 2225 6015
3 6560 6015 6016
3 6560 6016 6561
3 6561 6016 2227
3 6015 2225 2226
3 6574 2228 7555
3 6574 7555 6021
3 6574 6021 2230
3 6021 7555 6020
3 6020 7555 6018
3 6020 6018 6019
3 6019 6018 6017
3 6019 6017 2229
3 6018 7555 2228
3 6030 2231 6024
3 6030 6024 6023
3 6030 6023 6029
3 6029 6023 6022
3 6029 6022 2233
3 2233 6022 2232
3 6581 2234 6032
3 6581 6032 6582
3 6582 6032 6031
3 6582 6031 2236
3 2236 6031 2235
3 6585 2237 6033
3 6585 6033 6034
3 6585 6034 6586
3 6586 6034 2239
3 6033 2237 2238
3 7557 7556 7558
3 6597 2240 7557
3 6597 7557 7558
3 6597 7558 6598
3 6598 7558 6039
3 6598 6039 2242
3 6039 7558 6038
3 6038 7558 7556
3 6038 7556 6037
3 6037 7556 6035
3 6037 6035 2241
3 6035 7556 6036
3 6036 7556 7557
3 6036 7557 2240
3 6047 2243 6042
3 6047 6042 6041
3 6047 6041 6046
3 6046 6041 6040
3 6046 6040 6045
3 6045 6040 2244
3 6045 2244 2245
3 6610 2246 6050
3 6610 6050 6049
3 6610 6049 6611
3 6611 6049 6048
3 6611 6048 2248
3 2248 6048 2247
3 2251 2249 6053
3 6053 2249 2250
3 2254 2252 2253
3 2257 2255 2256
3 2260 2258 2259
3 2263 2261 2262
3 2266 2264 2265
3 6652 2267 2268
3 6652 2268 6071
3 6652 6071 2269
3 2272 2270 6073
3 6073 2270 6072
3 6073 6072 2271
3 6538 2273 6074
3 6538 6074 7559
3 6538 7559 6537
3 6537 7559 6076
3 6537 6076 6536
3 6536 6076 2275
3 6076 7559 6075
3 6075 7559 2274
3 2274 7559 6074
3 6488 2276 7560
3 6488 7560 6093
3 6488 6093 2278
3 6093 7560 6092
3 6092 7560 7561
3 6092 7561 6091
3 6091 7561 6089
3 6091 6089 2277
3 6089 7561 6090
3 6090 7561 7560
3 6090 7560 2276
3 2281 2279 6099
3 6099 2279 6096
3 6099 6096 6098
3 6098 6096 6095
3 6098 6095 6097
3 6097 6095 6094
3 6097 6094 2280
3 6492 2282 2283
3 6492 2283 6103
3 6492 6103 2284
3 6109 2285 6104
3 6109 6104 2286
3 6109 2286 2287
3 6113 2288 6110
3 6113 6110 2289
3 6113 2289 2290
3 6494 2291 6117
3 6494 6117 2293
3 6117 2291 6116
3 6116 2291 6114
3 6116 6114 6115
3 6115 6114 2292
3 7563 7562 7564
3 6498 2294 7562
3 6498 7562 7563
3 6498 7563 2296
3 2296 7563 2298
3 2298 7563 7564
3 2298 7564 7351
3 7351 7564 7565
3 7351 7565 2297
3 2297 7565 6118
3 2297 6118 2295
3 6118 7565 6119
3 6119 7565 7564
3 6119 7564 7562
3 6119 7562 6120
3 6120 7562 2294
3 6124 2299 2298
3 6124 2298 6123
3 6123 2298 7351
3 6123 7351 2301
3 2301 7351 2297
3 2301 2297 6121
3 6121 2297 2300
3 6133 2302 7566
3 6133 7566 6129
3 6133 6129 2304
3 6129 7566 6128
3 6128 7566 6127
3 6127 7566 6125
3 6127 6125 2303
3 6125 7566 6126
3 6126 7566 2302
3 6500 2305 6136
3 6500 6136 2307
3 6136 2305 6135
3 6135 2305 6134
3 6135 6134 2306
3 6507 2308 6138
3 6507 6138 6508
3 6508 6138 6137
3 6508 6137 2310
3 2310 6137 2309
3 2313 2311 6143
3 6143 2311 2312
3 2316 2314 6144
3 2316 6144 2315
3 2319 2317 2318
3 2322 2320 2321
3 2325 2323 2324
3 6523 2326 2327
3 6523 2327 2328
3 2331 2329 2330
3 2334 2332 2333
3 2337 2335 2336
3 6398 2338 6177
3 6398 6177 6178
3 6398 6178 6397
3 6397 6178 6179
3 6397 6179 2340
3 6177 2338 2339
3 7569 7567 7570
3 7571 7568 7572
3 7568 7569 7572
3 7572 7569 7573
3 7569 7570 7573
3 7573 7570 7574
3 7571 7572 7576
3 7576 7572 7577
3 7572 7573 7577
3 7577 7573 7578
3 7573 7574 7578
3 7578 7574 7579
3 7574 7575 7579
3 7577 7578 7580
3 7580 7578 7581
3 7578 7579 7581
3 6361 2341 7567
3 6361 7567 7569
3 6361 7569 7568
3 6361 7568 6362
3 6362 7568 6363
3 6363 7568 7571
3 6363 7571 2343
3 2343 7571 6191
3 6191 7571 7576
3 6191 7576 6190
3 6190 7576 7577
3 6190 7577 7580
3 6190 7580 6189
3 6189 7580 7581
3 6189 7581 6188
3 6188 7581 2342
3 2342 7581 7579
3 2342 7579 6185
3 6185 7579 7575
3 6185 7575 6186
3 6186 7575 7570
3 6186 7570 6187
3 6187 7570 7567
3 6187 7567 2341
3 7570 7575 7574
3 2346 2344 6195
3 2346 6195 6198
3 6198 6195 6194
3 6198 6194 6197
3 6197 6194 6193
3 6197 6193 6196
3 6196 6193 6192
3 6196 6192 2345
3 6219 2347 6201
3 6219 6201 6200
3 6219 6200 6220
3 6220 6200 6199
3 6220 6199 6221
3 6221 6199 2348
3 6221 2348 6202
3 6221 6202 2349
3 6218 2350 6209
3 6218 6209 2351
3 6218 2351 6210
3 6218 6210 6217
3 6217 6210 6211
3 6217 6211 6216
3 6216 6211 6212
3 6216 6212 2352
3 6368 2353 6222
3 6368 6222 6223
3 6368 6223 6369
3 6369 6223 2355
3 6222 2353 2354
3 6231 2356 6229
3 6231 6229 6230
3 6230 6229 6228
3 6230 6228 2358
3 2358 6228 2357
3 7585 7582 7586
3 7582 7583 7586
3 7586 7583 7587
3 7587 7583 7588
3 7583 7584 7588
3 7589 7585 7590
3 7585 7586 7590
3 7590 7586 7591
3 7586 7587 7591
3 7591 7587 7592
3 7592 7587 7593
3 7587 7588 7593
3 7593 7588 7594
3 7589 7590 7595
3 7595 7590 7596
3 7592 7593 7597
3 7597 7593 7598
3 7593 7594 7598
3 2365 2359 7584
3 2365 7584 7583
3 2365 7583 7582
3 2365 7582 7355
3 7355 7582 7585
3 7355 7585 7589
3 7355 7589 2364
3 2364 7589 7595
3 2364 7595 2361
3 2361 7595 2363
3 2363 7595 7596
3 2363 7596 7354
3 7354 7596 7353
3 7353 7596 7591
3 7353 7591 7592
3 7353 7592 7352
3 7352 7592 7597
3 7352 7597 2362
3 2362 7597 7598
3 2362 7598 2360
3 2360 7598 6232
3 6232 7598 7594
3 6232 7594 6233
3 6233 7594 7588
3 6233 7588 7584
3 6233 7584 2359
3 7591 7596 7590
3 6383 2366 2365
3 6383 2365 6384
3 6384 2365 7355
3 6384 7355 6385
3 6385 7355 2364
3 6385 2364 2368
3 2368 2364 2367
3 2371 2369 6234
3 6234 2369 2370
3 2374 2372 6235
3 2374 6235 2373
3 6269 2375 2376
3 6269 2376 6252
3 6269 6252 2377
3 2380 2378 6254
3 6254 2378 6253
3 6254 6253 2379
3 2383 2381 6255
3 2383 6255 6256
3 6256 6255 2382
3 6392 2384 6273
3 6392 6273 2385
3 6392 2385 2386
3 6315 2387 2388
3 6315 2388 6276
3 6315 6276 2389
3 6314 2390 6277
3 6314 6277 2392
3 2392 6277 2391
3 2395 2393 2394
3 2398 2396 2397
3 2401 2399 6282
3 6282 2399 2400
3 2404 2402 2403
3 6296 2405 2406
3 6296 2406 2407
3 6291 2408 2409
3 6291 2409 2410
3 2413 2411 6295
3 2413 6295 2412
3 2416 2414 6298
3 6298 2414 6297
3 6298 6297 2415
3 2419 2417 6302
3 2419 6302 6303
3 6303 6302 2418
3 6309 2420 7599
3 6309 7599 6306
3 6309 6306 2422
3 6306 7599 6305
3 6305 7599 6304
3 6305 6304 2421
3 6304 7599 2420
3 2425 2423 6311
3 6311 2423 6310
3 6311 6310 2424
3 2428 2426 6312
3 2428 6312 6313
3 6313 6312 2427
3 6395 2429 6316
3 6395 6316 6396
3 6396 6316 2430
3 6396 2430 2431
3 2434 2432 6317
3 6317 2432 2433
3 2437 2435 6324
3 6324 2435 2436
3 2440 2438 6325
3 2440 6325 2439
3 6345 2441 6326
3 6345 6326 6327
3 6345 6327 6344
3 6344 6327 2443
3 6326 2441 2442
3 7600 7601 7602
3 6337 2444 6333
3 6337 6333 7602
3 6337 7602 6336
3 6336 7602 7601
3 6336 7601 2446
3 2446 7601 6334
3 6334 7601 7600
3 6334 7600 2445
3 2445 7600 6332
3 6332 7600 7602
3 6332 7602 6333
3 2449 2447 6341
3 6341 2447 6339
3 6341 6339 6340
3 6340 6339 6338
3 6340 6338 2448
3 2452 2450 6350
3 6350 2450 6347
3 6350 6347 6349
3 6349 6347 6346
3 6349 6346 6348
3 6348 6346 2451
3 6371 2453 6353
3 6371 6353 2455
3 2455 6353 6352
3 2455 6352 6355
3 6355 6352 6351
3 6355 6351 6354
3 6354 6351 2454
3 6364 2456 7604
3 6364 7604 6360
3 6364 6360 2458
3 6360 7604 6359
3 6359 7604 7603
3 6359 7603 6358
3 6358 7603 6357
3 6358 6357 6356
3 6358 6356 2457
3 6357 7603 2456
3 2456 7603 7604
3 6370 2459 7605
3 6370 7605 6367
3 6370 6367 2461
3 6367 7605 6366
3 6366 7605 6365
3 6366 6365 2460
3 6365 7605 2459
3 6394 2462 6372
3 6394 6372 6373
3 6394 6373 6393
3 6393 6373 2464
3 6372 2462 2463
3 2467 2465 6375
3 2467 6375 6377
3 6377 6375 6374
3 6377 6374 6376
3 6376 6374 2466
3 6386 2468 7606
3 6386 7606 2472
3 6386 2472 2470
3 2472 7606 7607
3 2472 7607 7356
3 7356 7607 2471
3 2471 7607 6379
3 2471 6379 6378
3 2471 6378 2469
3 6379 7607 2468
3 2468 7607 7606
3 2475 2473 2472
3 2475 2472 6382
3 6382 2472 7356
3 6382 7356 6381
3 6381 7356 2471
3 6381 2471 6380
3 6380 2471 2474
3 2478 2476 6388
3 6388 2476 6387
3 6388 6387 2477
3 6535 2479 6400
3 6535 6400 7608
3 6535 7608 6403
3 6535 6403 2481
3 6403 7608 6402
3 6402 7608 6399
3 6402 6399 6401
3 6401 6399 2480
3 6399 7608 6400
3 6408 2482 6406
3 6408 6406 6405
3 6408 6405 6407
3 6407 6405 6404
3 6407 6404 2484
3 2484 6404 2483
3 2487 2485 6412
3 6412 2485 6410
3 6412 6410 6411
3 6411 6410 6409
3 6411 6409 2486
3 6534 2488 6417
3 6534 6417 2490
3 6417 2488 2489
3 2493 2491 6422
3 6422 2491 6421
3 6422 6421 2492
3 6515 2494 6423
3 6515 6423 6516
3 6516 6423 2495
3 6516 2495 2496
3 2499 2497 2498
3 6450 2500 2501
3 6450 2501 6449
3 6449 2501 6434
3 6449 6434 6448
3 6448 6434 6435
3 6448 6435 2502
3 2505 2503 6437
3 2505 6437 6436
3 2505 6436 6438
3 6438 6436 2504
3 2508 2506 6440
3 6440 2506 6439
3 6440 6439 2507
3 6442 2509 6441
3 6442 6441 2511
3 2511 6441 2510
3 2514 2512 6444
3 6444 2512 2513
3 2517 2515 6445
3 2517 6445 2516
3 2520 2518 6453
3 2520 6453 6455
3 6455 6453 6452
3 6455 6452 6454
3 6454 6452 6451
3 6454 6451 2519
3 6495 2521 6461
3 6495 6461 7609
3 6495 7609 2523
3 2523 7609 6462
3 6462 7609 6460
3 6462 6460 2522
3 6460 7609 6461
3 2526 2524 6463
3 2526 6463 2525
3 2529 2527 6464
3 6464 2527 2528
3 2532 2530 6466
3 6466 2530 6465
3 6466 6465 2531
3 2535 2533 6472
3 6472 2533 6470
3 6472 6470 6471
3 6471 6470 2534
3 6484 2536 2537
3 6484 2537 6475
3 6484 6475 6483
3 6483 6475 6476
3 6483 6476 2538
3 6489 2539 6486
3 6489 6486 6487
3 6489 6487 2541
3 6487 6486 6485
3 6487 6485 2540
3 2544 2542 6491
3 6491 2542 6490
3 6491 6490 2543
3 2547 2545 6493
3 6493 2545 2546
3 6499 2548 6496
3 6499 6496 6497
3 6499 6497 2550
3 6497 6496 2549
3 6510 2551 6505
3 6510 6505 6506
3 6510 6506 6509
3 6509 6506 2553
3 6505 2551 2552
3 2556 2554 2555
3 2559 2557 2558
3 2562 2560 2561
3 2565 2563 2564
3 2568 2566 6519
3 6519 2566 2567
3 6545 2569 6541
3 6545 6541 6540
3 6545 6540 6544
3 6544 6540 6539
3 6544 6539 2571
3 2571 6539 2570
3 6670 2572 6547
3 6670 6547 6546
3 6670 6546 2574
3 2574 6546 2573
3 2577 2575 6548
3 6548 2575 2576
3 6672 2578 2579
3 6672 2579 2580
3 2583 2581 6550
3 6550 2581 2582
3 6552 2584 6551
3 6552 6551 2585
3 6552 2585 2586
3 6562 2587 6553
3 6562 6553 6555
3 6562 6555 2589
3 6555 6553 6554
3 6554 6553 2588
3 6685 2590 6563
3 6685 6563 2592
3 2592 6563 2591
3 2595 2593 6564
3 6564 2593 2594
3 2598 2596 6565
3 2598 6565 2597
3 6740 2599 6566
3 6740 6566 2601
3 6566 2599 2600
3 2604 2602 6567
3 2604 6567 6568
3 6568 6567 2603
3 2607 2605 6573
3 6573 2605 6572
3 6573 6572 2606
3 6584 2608 2609
3 6584 2609 6579
3 6584 6579 6583
3 6583 6579 6580
3 6583 6580 2610
3 6744 2611 2612
3 6744 2612 6589
3 6744 6589 2613
3 2616 2614 6590
3 2616 6590 2615
3 2757 2617 7360
3 2757 7360 7362
3 7362 7360 3052
3 7360 2617 2620
3 2620 2617 2618
3 2759 2622 7361
3 2759 7361 7364
3 7364 7361 3053
3 7361 2622 2621
3 2627 2625 2626
3 2630 2628 2629
3 6599 2631 6595
3 6599 6595 6596
3 6599 6596 2633
3 6595 2631 2632
3 2636 2634 6603
3 2636 6603 2635
3 2639 2637 2638
3 2642 2640 2641
3 2645 2643 2644
3 6613 2646 6608
3 6613 6608 6609
3 6613 6609 6612
3 6612 6609 2648
3 6608 2646 2647
3 6617 2649 6615
3 6617 6615 7610
3 6617 7610 6616
3 6616 7610 2651
3 2651 7610 2650
3 2650 7610 6614
3 6614 7610 6615
3 6809 2652 6619
3 6809 6619 6810
3 6810 6619 6618
3 6810 6618 2654
3 2654 6618 2653
3 2657 2655 2656
3 6622 2658 2659
3 6622 2659 2660
3 2663 2661 6623
3 2663 6623 2662
3 6630 2664 2665
3 6630 2665 2666
3 2669 2667 6632
3 6632 2667 6631
3 6632 6631 2668
3 2672 2670 6636
3 2672 6636 6637
3 6637 6636 2671
3 2675 2673 6638
3 2675 6638 2674
3 2678 2676 2677
3 2681 2679 2680
3 2684 2682 2683
3 6861 2685 2686
3 6861 2686 6647
3 6861 6647 6862
3 6862 6647 6648
3 6862 6648 2687
3 2690 2688 6650
3 2690 6650 6651
3 6651 6650 6649
3 6651 6649 2689
3 6673 2691 2692
3 6673 2692 2693
3 6671 2694 6665
3 6671 6665 2696
3 6665 2694 2695
3 6669 2697 6666
3 6669 6666 2698
3 6669 2698 2699
3 6687 2700 6674
3 6687 6674 2701
3 6687 2701 6675
3 6687 6675 6686
3 6686 6675 2702
3 2705 2703 6679
3 2705 6679 6680
3 6680 6679 2704
3 6684 2706 6681
3 6684 6681 2707
3 6684 2707 2708
3 2711 2709 6689
3 2711 6689 6691
3 6691 6689 6688
3 6691 6688 6690
3 6690 6688 2710
3 7611 7612 7613
3 6873 2712 7611
3 6873 7611 7613
3 6873 7613 6874
3 6874 7613 7614
3 6874 7614 2714
3 2714 7614 6700
3 6700 7614 6699
3 6699 7614 7613
3 6699 7613 7612
3 6699 7612 6698
3 6698 7612 2713
3 2713 7612 6696
3 6696 7612 7611
3 6696 7611 6697
3 6697 7611 2712
3 6878 2715 6703
3 6878 6703 7616
3 6878 7616 6706
3 6878 6706 2717
3 6706 7616 6705
3 6705 7616 7615
3 6705 7615 6704
3 6704 7615 6701
3 6704 6701 2716
3 6701 7615 6702
3 6702 7615 7616
3 6702 7616 6703
3 2720 2718 6717
3 6717 2718 6714
3 6717 6714 6716
3 6716 6714 6713
3 6716 6713 6715
3 6715 6713 6712
3 6715 6712 2719
3 2723 2721 6723
3 6723 2721 6720
3 6723 6720 6722
3 6722 6720 6719
3 6722 6719 6721
3 6721 6719 6718
3 6721 6718 2722
3 2726 2724 6729
3 6729 2724 6726
3 6729 6726 6728
3 6728 6726 6725
3 6728 6725 6727
3 6727 6725 6724
3 6727 6724 2725
3 6752 2727 6732
3 6752 6732 2729
3 2729 6732 7617
3 2729 7617 6734
3 6734 7617 6730
3 6734 6730 6733
3 6733 6730 2728
3 6730 7617 6731
3 6731 7617 6732
3 6737 2730 6736
3 6737 6736 6735
3 6737 6735 2732
3 2732 6735 2731
3 2735 2733 6739
3 6739 2733 6738
3 6739 6738 2734
3 6751 2736 6741
3 6751 6741 2738
3 6741 2736 2737
3 2741 2739 6742
3 2741 6742 6743
3 6743 6742 2740
3 2744 2742 6757
3 6757 2742 2743
3 6903 2745 6758
3 6903 6758 2746
3 6903 2746 2747
3 2750 2748 2749
3 6767 2751 2752
3 6767 2752 2753
3 2760 2754 7365
3 7365 2754 2757
3 7365 2757 7362
3 7365 7362 3052
3 2757 2754 2755
3 2763 2761 6768
3 2763 6768 6769
3 6769 6768 2762
3 2766 2764 6770
3 2766 6770 2765
3 6777 2767 2768
3 6777 2768 2769
3 2772 2770 2771
3 6914 2773 6778
3 6914 6778 2774
3 6914 2774 2775
3 6781 2776 2777
3 6781 2777 2778
3 6918 2779 6782
3 6918 6782 2780
3 6918 2780 2781
3 6933 2782 2783
3 6933 2783 2784
3 2787 2785 2786
3 2790 2788 2789
3 2793 2791 2792
3 6938 2794 2795
3 6938 2795 2796
3 6812 2797 6795
3 6812 6795 6796
3 6812 6796 6811
3 6811 6796 2799
3 6795 2797 2798
3 6804 2800 6798
3 6804 6798 6803
3 6803 6798 6797
3 6803 6797 2802
3 2802 6797 2801
3 2805 2803 6806
3 2805 6806 6808
3 6808 6806 6805
3 6808 6805 6807
3 6807 6805 2804
3 6953 2806 6814
3 6953 6814 6813
3 6953 6813 2808
3 2808 6813 2807
3 2811 2809 2810
3 2814 2812 2813
3 2817 2815 2816
3 6829 2818 2819
3 6829 2819 2820
3 2823 2821 6830
3 2823 6830 2822
3 2826 2824 2825
3 2829 2827 2828
3 2832 2830 2831
3 2835 2833 2834
3 6849 2836 2837
3 6849 2837 2838
3 6960 2839 6850
3 6960 6850 6851
3 6960 6851 6961
3 6961 6851 6852
3 6961 6852 2841
3 6851 6850 2840
3 6868 2842 6854
3 6868 6854 7618
3 6868 7618 6867
3 6867 7618 6856
3 6867 6856 2844
3 6856 7618 6855
3 6855 7618 6853
3 6855 6853 2843
3 6853 7618 6854
3 2847 2845 6858
3 2847 6858 6860
3 6860 6858 6857
3 6860 6857 6859
3 6859 6857 2846
3 2850 2848 6872
3 6872 2848 6870
3 6872 6870 6871
3 6871 6870 6869
3 6871 6869 2849
3 6967 2851 2852
3 6967 2852 2853
3 6881 2854 6875
3 6881 6875 2856
3 6875 2854 2855
3 2859 2857 6877
3 6877 2857 6876
3 6877 6876 2858
3 6973 2860 6882
3 6973 6882 7619
3 6973 7619 2862
3 2862 7619 2861
3 2861 7619 6882
3 2865 2863 2864
3 6915 2866 6895
3 6915 6895 2868
3 6895 2866 2867
3 6910 2869 6896
3 6910 6896 7620
3 6910 7620 2871
3 2871 7620 6897
3 6897 7620 6896
3 6897 6896 2870
3 2874 2872 6898
3 2874 6898 6899
3 6899 6898 2873
3 6919 2875 6916
3 6919 6916 6917
3 6919 6917 2877
3 6917 6916 2876
3 6972 2878 6929
3 6972 6929 2879
3 6972 2879 2880
3 2883 2881 6932
3 6932 2881 2882
3 2886 2884 2885
3 2889 2887 2888
3 2892 2890 6934
3 6934 2890 2891
3 6956 2893 2894
3 6956 2894 6941
3 6956 6941 2895
3 2898 2896 6943
3 6943 2896 6942
3 6943 6942 2897
3 2901 2899 6959
3 6959 2899 6957
3 6959 6957 6958
3 6958 6957 2900
3 2904 2902 6966
3 6966 2902 2903
3 2907 2905 2906
3 2910 2908 6974
3 6974 2908 2909
3 6995 2911 6975
3 6995 6975 2912
3 6995 2912 2913
3 6986 2914 2915
3 6986 2915 2916
3 6988 2917 6987
3 6988 6987 2918
3 6988 2918 2919
3 6998 2920 6996
3 6998 6996 2922
3 6996 2920 2921
3 2925 2923 7043
3 2925 7043 7044
3 7044 7043 2924
3 2928 2926 7055
3 7055 2926 7054
3 7055 7054 2927
3 2931 2929 7079
3 7079 2929 7078
3 7079 7078 2930
3 2934 2932 7082
3 7082 2932 7080
3 7082 7080 7081
3 7081 7080 2933
3 7258 2935 7084
3 7258 7084 7083
3 7258 7083 7259
3 7259 7083 2936
3 7259 2936 2937
3 2940 2938 7085
3 7085 2938 2939
3 2943 2941 7092
3 7092 2941 2942
3 2946 2944 7093
3 2946 7093 2945
3 7126 2947 7094
3 7126 7094 7095
3 7126 7095 7125
3 7125 7095 7096
3 7125 7096 7124
3 7124 7096 2949
3 7094 2947 2948
3 7122 2950 7104
3 7122 7104 7103
3 7122 7103 7123
3 7123 7103 7621
3 7123 7621 2952
3 2952 7621 7105
3 7105 7621 7102
3 7105 7102 2951
3 7102 7621 7103
3 2955 2953 7107
3 7107 2953 7106
3 7107 7106 2954
3 7121 2956 7112
3 7121 7112 7113
3 7121 7113 7120
3 7120 7113 2958
3 7112 2956 2957
3 2961 2959 7115
3 2961 7115 7117
3 7117 7115 7114
3 7117 7114 7116
3 7116 7114 2960
3 2964 2962 2966
3 2966 2962 7129
3 2966 7129 7357
3 7357 7129 7128
3 7357 7128 2965
3 2965 7128 7127
3 2965 7127 2963
3 7271 2967 2966
3 7271 2966 7272
3 7272 2966 7622
3 7272 7622 7273
3 7273 7622 7623
3 7273 7623 2969
3 2969 7623 7130
3 7130 7623 2965
3 7130 2965 2968
3 2965 7623 7622
3 2965 7622 7357
3 7357 7622 2966
3 7181 2970 7624
3 7181 7624 7180
3 7180 7624 7133
3 7180 7133 7134
3 7180 7134 2972
3 7133 7624 7132
3 7132 7624 7131
3 7132 7131 2971
3 7131 7624 2970
3 2975 2973 7137
3 2975 7137 7139
3 7139 7137 7136
3 7139 7136 7138
3 7138 7136 7135
3 7138 7135 2974
3 7625 7626 7627
3 7169 2976 7625
3 7169 7625 7627
3 7169 7627 7148
3 7169 7148 2978
3 7148 7627 7147
3 7147 7627 7626
3 7147 7626 7146
3 7146 7626 7144
3 7146 7144 2977
3 7144 7626 7145
3 7145 7626 7625
3 7145 7625 2976
3 7155 2979 7151
3 7155 7151 7150
3 7155 7150 7154
3 7154 7150 7149
3 7154 7149 2981
3 2981 7149 2980
3 2984 2982 7157
3 2984 7157 7159
3 7159 7157 7156
3 7159 7156 7158
3 7158 7156 2983
3 2987 2985 7161
3 2987 7161 7160
3 2987 7160 7162
3 7162 7160 2986
3 7168 2988 2989
3 7168 2989 7166
3 7168 7166 2990
3 2993 2991 2992
3 7178 2994 2995
3 7178 2995 2996
3 7629 7628 7630
3 7629 7630 7633
3 7633 7630 7634
3 7631 7632 7635
3 7635 7632 7636
3 7632 7633 7636
3 7633 7634 7636
3 7270 2997 7636
3 7270 7636 7634
3 7270 7634 7269
3 7269 7634 7630
3 7269 7630 7268
3 7268 7630 7628
3 7268 7628 2999
3 2999 7628 3001
3 3001 7628 7629
3 3001 7629 7358
3 7358 7629 7632
3 7358 7632 3000
3 3000 7632 7631
3 3000 7631 2998
3 2998 7631 7182
3 7182 7631 7635
3 7182 7635 7183
3 7183 7635 7636
3 7183 7636 2997
3 7632 7629 7633
3 7637 7638 7640
3 7639 7637 7640
3 7188 3002 3001
3 7188 3001 7187
3 7187 3001 7358
3 7187 7358 7639
3 7187 7639 7186
3 7186 7639 3004
3 3004 7639 7640
3 3004 7640 7184
3 7184 7640 7638
3 7184 7638 3003
3 3003 7638 3000
3 3000 7638 7637
3 3000 7637 7358
3 7358 7637 7639
3 7642 7643 7644
3 7643 7641 7644
3 7197 3005 7191
3 7197 7191 7196
3 7196 7191 7190
3 7196 7190 7641
3 7196 7641 7643
3 7196 7643 7195
3 7195 7643 7194
3 7194 7643 7642
3 7194 7642 3007
3 3007 7642 7192
3 7192 7642 7644
3 7192 7644 3006
3 3006 7644 7189
3 7189 7644 7641
3 7189 7641 7190
3 7204 3008 7201
3 7204 7201 7200
3 7204 7200 7203
3 7203 7200 7199
3 7203 7199 7202
3 7202 7199 7198
3 7202 7198 3010
3 3010 7198 3009
3 7211 3011 7207
3 7211 7207 7647
3 7211 7647 7646
3 7211 7646 7210
3 7210 7646 7645
3 7210 7645 3013
3 3013 7645 7208
3 7208 7645 7205
3 7208 7205 3012
3 7205 7645 7646
3 7205 7646 7206
3 7206 7646 7647
3 7206 7647 7207
3 7216 3014 7213
3 7216 7213 7215
3 7215 7213 7212
3 7215 7212 7214
3 7214 7212 3015
3 7214 3015 3016
3 3021 3017 7219
3 3021 7219 7218
3 3021 7218 7359
3 7359 7218 7217
3 7359 7217 3020
3 3020 7217 3018
3 3020 3018 3019
3 7266 3022 3021
3 7266 3021 7267
3 7267 3021 7359
3 7267 7359 7648
3 7267 7648 3024
3 3024 7648 7222
3 7222 7648 3020
3 7222 3020 3023
3 3020 7648 7359
3 3027 3025 7224
3 7224 3025 7223
3 7224 7223 3026
3 3030 3028 7228
3 3030 7228 7229
3 7229 7228 3029
3 7240 3031 7233
3 7240 7233 3033
3 3033 7233 3032
3 3036 3034 7242
3 7242 3034 7241
3 7242 7241 3035
3 3039 3037 7243
3 3039 7243 7244
3 7244 7243 3038
3 7261 3040 7256
3 7261 7256 7257
3 7261 7257 7260
3 7260 7257 3042
3 7256 3040 3041
3 7265 3043 7263
3 7265 7263 7262
3 7265 7262 7264
3 7264 7262 3044
3 7264 3044 3045
3 3048 3046 3047
3 3051 3049 7305
3 3051 7305 3050
3 7361 2621 2619
3 7361 2619 2758
3 7361 2758 7363
3 7361 7363 3053
3 2623 2624 7360
3 2623 7360 2620
3 7360 2624 7365
3 7360 7365 3052
3 7365 2624 2760
3 7363 2758 7364
3 7363 7364 3053
3 7364 2758 2756
3 7364 2756 2759
3 7651 7650 7657
3 7651 7657 7658
3 7652 7659 7660
3 7653 7652 7660
3 7653 7660 7661
3 7654 7653 7661
3 7655 7654 7661
3 7655 7661 7662
3 7656 7655 7662
3 7658 7657 7663
3 7659 7658 7663
3 7660 7659 7663
3 7661 7660 7663
3 7662 7661 7663
3 7657 7662 7663
3 7662 7657 7650
3 7662 7650 7
3 7662 7 7656
3 7656 7 3061
3 7656 3061 4
3 7656 4 7655
3 7655 4 7649
3 7655 7649 7654
3 7654 7649 7653
3 7653 7649 19
3 7653 19 16
3 7653 16 7652
3 7652 16 3075
3 7652 3075 7659
3 7659 3075 13
3 7659 13 7658
3 7658 13 3071
3 7658 3071 7651
3 7651 3071 10
3 7651 10 3066
3 7651 3066 7650
3 7650 3066 7
3 19 7649 0
3 0 7649 4
3 28 26 31
3 7665 7664 7667
3 7665 7667 7668
3 7666 7665 7668
3 7666 7668 7669
3 7668 7667 7670
3 7668 7670 7669
3 7669 7670 49
3 7669 49 3122
3 7669 3122 7666
3 7666 3122 46
3 7666 46 43
3 7666 43 37
3 7666 37 3102
3 7666 3102 7665
3 7665 3102 7664
3 7664 3102 34
3 7664 34 26
3 7664 26 1
3 7664 1 7667
3 7667 1 7670
3 7670 1 3
3 7670 3 7671
3 7670 7671 49
3 49 7671 52
3 52 7671 55
3 55 7671 3
3 26 34 31
3 37 43 40
3 3136 61 7672
3 3136 7672 6
3 6 7672 3063
3 3063 7672 56
3 3063 56 5
3 56 7672 58
3 58 7672 61
3 7674 7673 7676
3 7674 7676 7677
3 7673 7675 7676
3 7676 7675 3137
3 7676 3137 8
3 7676 8 3068
3 7676 3068 7677
3 7677 3068 9
3 7677 9 82
3 7677 82 79
3 7677 79 7674
3 7674 79 76
3 7674 76 3140
3 7674 3140 70
3 7674 70 7673
3 7673 70 67
3 7673 67 7675
3 7675 67 64
3 7675 64 3137
3 3137 64 62
3 3140 76 73
3 12 97 94
3 12 94 91
3 12 91 3073
3 3073 91 88
3 3073 88 85
3 3073 85 11
3 11 85 83
3 103 100 15
3 15 100 3076
3 3076 100 98
3 3076 98 14
3 7678 7681 7682
3 7679 7678 7682
3 7679 7682 7683
3 7680 7679 7683
3 7681 7684 7685
3 7682 7681 7685
3 7682 7685 7683
3 7683 7685 18
3 7683 18 3080
3 7683 3080 7680
3 7680 3080 21
3 7680 21 121
3 7680 121 3192
3 7680 3192 7679
3 7679 3192 7678
3 7678 3192 118
3 7678 118 112
3 7678 112 109
3 7678 109 7681
3 7681 109 7684
3 7684 109 106
3 7684 106 104
3 7684 104 17
3 7684 17 7685
3 7685 17 18
3 112 118 115
3 121 21 126
3 2 25 3079
3 2 3079 20
3 3079 25 22
3 24 27 23
3 27 131 23
3 23 131 127
3 30 132 29
3 33 134 122
3 33 122 32
3 32 122 125
3 32 125 130
3 36 149 3230
3 36 3230 3106
3 3106 3230 3226
3 3106 3226 35
3 35 3226 146
3 35 146 135
3 135 146 143
3 135 143 140
3 135 140 137
3 39 155 150
3 39 150 38
3 150 155 152
3 164 161 42
3 42 161 158
3 42 158 156
3 42 156 41
3 45 165 44
3 162 163 167
3 48 167 3123
3 3123 167 163
3 3123 163 47
3 7687 7693 7694
3 7688 7687 7694
3 7688 7694 7695
3 7689 7688 7695
3 7689 7695 7696
3 7690 7689 7696
3 7691 7690 7696
3 7686 7690 7691
3 7692 7691 7697
3 7692 7697 7698
3 7694 7693 7700
3 7694 7700 7701
3 7695 7694 7701
3 7696 7695 7701
3 7697 7696 7701
3 7691 7696 7697
3 7698 7697 7702
3 7700 7699 7702
3 7701 7700 7702
3 7697 7701 7702
3 7702 7699 51
3 7702 51 7698
3 7698 51 3287
3 7698 3287 7692
3 7692 3287 184
3 7692 184 3283
3 7692 3283 7686
3 7692 7686 7691
3 7686 3283 181
3 7686 181 3278
3 7686 3278 7690
3 7690 3278 178
3 7690 178 7689
3 7689 178 3273
3 7689 3273 7688
3 7688 3273 175
3 7688 175 7687
3 7687 175 172
3 7687 172 168
3 7687 168 7693
3 7693 168 50
3 7693 50 7699
3 7693 7699 7700
3 7699 50 51
3 54 57 3288
3 54 3288 53
3 3288 57 185
3 60 63 183
3 60 183 59
3 183 63 3285
3 3285 63 193
3 3285 193 190
3 3285 190 182
3 182 190 187
3 66 194 65
3 3297 196 7703
3 3297 7703 7704
3 3297 7704 69
3 69 7704 68
3 68 7704 7705
3 68 7705 192
3 192 7705 191
3 191 7705 7703
3 191 7703 196
3 7703 7705 7704
3 72 205 7707
3 72 7707 3141
3 3141 7707 3298
3 3141 3298 71
3 3298 7707 7706
3 3298 7706 197
3 197 7706 199
3 199 7706 202
3 202 7706 205
3 205 7706 7707
3 7708 7709 7710
3 7710 7709 7711
3 7710 7711 217
3 7710 217 214
3 7710 214 7708
3 7708 214 211
3 7708 211 208
3 7708 208 206
3 7708 206 7709
3 7709 206 74
3 7709 74 75
3 7709 75 3315
3 7709 3315 7711
3 7711 3315 3313
3 7711 3313 220
3 7711 220 217
3 220 3313 223
3 3315 75 226
3 78 227 77
3 81 84 7713
3 81 7713 80
3 80 7713 7712
3 80 7712 225
3 225 7712 3316
3 3316 7712 3314
3 3314 7712 7713
3 3314 7713 229
3 3314 229 224
3 229 7713 84
3 87 235 7715
3 87 7715 86
3 86 7715 230
3 230 7715 7714
3 230 7714 3325
3 3325 7714 232
3 232 7714 7715
3 232 7715 235
3 90 236 89
3 101 102 7311
3 7716 7718 7719
3 7717 7719 7720
3 7717 7720 3348
3 7717 3348 253
3 7717 253 250
3 7717 250 247
3 7717 247 3339
3 7717 3339 7719
3 7719 3339 7716
3 7716 3339 3336
3 7716 3336 3329
3 7716 3329 3327
3 7716 3327 7718
3 7718 3327 233
3 7718 233 7315
3 7718 7315 7719
3 7719 7315 7313
3 7719 7313 7720
3 7720 7313 7721
3 7720 7721 3348
3 3348 7721 3351
3 3351 7721 7313
3 3351 7313 7311
3 3351 7311 3354
3 3354 7311 102
3 3354 102 105
3 3354 105 256
3 7315 233 234
3 7315 234 92
3 7315 92 93
3 3329 3336 3331
3 3331 3336 238
3 238 3336 244
3 238 244 241
3 7723 7722 7724
3 7723 7724 96
3 7723 96 99
3 7723 99 7312
3 7723 7312 7722
3 7722 7312 7314
3 7722 7314 7724
3 7724 7314 7316
3 7724 7316 95
3 7724 95 96
3 108 259 107
3 107 259 257
3 7726 7725 7728
3 7726 7728 7729
3 7726 7729 7730
3 7727 7726 7730
3 7727 7730 7731
3 7727 7731 3382
3 7727 3382 3378
3 7727 3378 7726
3 7726 3378 7725
3 7725 3378 265
3 7725 265 3374
3 7725 3374 7728
3 7728 3374 3372
3 7728 3372 3368
3 7728 3368 7729
3 7729 3368 3366
3 7729 3366 7730
3 7730 3366 3364
3 7730 3364 7731
3 7731 3364 3362
3 7731 3362 7732
3 7731 7732 271
3 7731 271 268
3 7731 268 3382
3 271 7732 274
3 274 7732 111
3 111 7732 3360
3 111 3360 110
3 110 3360 260
3 3360 7732 3362
3 3368 3372 3370
3 3370 3372 262
3 114 275 113
3 280 277 283
3 117 283 273
3 117 273 116
3 273 283 272
3 272 283 277
3 120 133 3195
3 3195 133 136
3 3195 136 289
3 3195 289 286
3 3195 286 119
3 119 286 284
3 139 313 3450
3 139 3450 138
3 138 3450 290
3 290 3450 3421
3 3421 3450 3446
3 3421 3446 3424
3 3424 3446 310
3 3424 310 292
3 292 310 307
3 292 307 304
3 292 304 301
3 292 301 298
3 292 298 295
3 142 316 141
3 141 316 314
3 7734 7733 7736
3 7735 7734 7736
3 7735 7736 322
3 7735 322 319
3 7735 319 3470
3 7735 3470 3468
3 7735 3468 7734
3 7734 3468 3466
3 7734 3466 7733
3 7733 3466 3464
3 7733 3464 317
3 7733 317 144
3 7733 144 145
3 7733 145 325
3 7733 325 7736
3 7736 325 322
3 7737 7738 7739
3 7738 7740 7741
3 7739 7738 7741
3 7739 7741 7742
3 7739 7742 3490
3 7739 3490 3488
3 7739 3488 7737
3 7737 3488 3486
3 7737 3486 3484
3 7737 3484 3482
3 7737 3482 7738
3 7738 3482 328
3 7738 328 7740
3 7740 328 320
3 7740 320 321
3 7740 321 3480
3 7740 3480 7741
3 7741 3480 7742
3 7742 3480 3492
3 7742 3492 3490
3 3492 3480 3494
3 3494 3480 3496
3 3496 3480 3478
3 3496 3478 148
3 3496 148 151
3 148 3478 3233
3 3233 3478 3229
3 3229 3478 326
3 3229 326 147
3 3484 3486 331
3 154 157 153
3 153 157 3497
3 3497 157 352
3 3497 352 3495
3 3495 352 349
3 3495 349 3493
3 3493 349 3505
3 3493 3505 3491
3 3491 3505 346
3 3491 346 3489
3 3489 346 343
3 3489 343 3487
3 3487 343 340
3 3487 340 332
3 332 340 337
3 332 337 334
3 7744 7746 7747
3 7746 7745 7752
3 7746 7752 7753
3 7747 7746 7753
3 7747 7753 7754
3 7748 7747 7754
3 7749 7748 7754
3 7749 7754 7755
3 7751 7750 7755
3 7753 7752 7756
3 7754 7753 7756
3 7755 7754 7756
3 7751 7755 7756
3 7756 7752 166
3 7756 166 7751
3 7751 166 171
3 7751 171 7750
3 7750 171 373
3 7750 373 3533
3 7750 3533 367
3 7750 367 7755
3 7755 367 7749
3 7749 367 364
3 7749 364 7748
3 7748 364 3529
3 7748 3529 7747
3 7747 3529 361
3 7747 361 7744
3 7744 361 358
3 7744 358 355
3 7744 355 353
3 7744 353 7746
3 7746 353 7743
3 7746 7743 7745
3 7745 7743 160
3 7745 160 166
3 7745 166 7752
3 160 7743 159
3 159 7743 353
3 3533 373 370
3 174 374 173
3 3555 379 7757
3 3555 7757 177
3 177 7757 3275
3 3275 7757 371
3 3275 371 372
3 3275 372 176
3 371 7757 376
3 376 7757 379
3 7758 7759 7760
3 7760 7759 7762
3 7761 7760 7762
3 7761 7762 3280
3 7761 3280 180
3 7761 180 186
3 7761 186 397
3 7761 397 7760
3 7760 397 7758
3 7758 397 394
3 7758 394 3559
3 7758 3559 388
3 7758 388 7759
3 7759 388 385
3 7759 385 3556
3 7759 3556 7762
3 7762 3556 179
3 7762 179 3280
3 3556 385 382
3 3556 382 380
3 3559 394 391
3 198 403 195
3 189 195 7763
3 189 7763 7765
3 189 7765 188
3 188 7765 398
3 398 7765 7764
3 398 7764 400
3 400 7764 3567
3 3567 7764 7763
3 3567 7763 3569
3 3569 7763 195
3 3569 195 403
3 7763 7764 7765
3 404 200 406
3 201 412 409
3 201 409 200
3 200 409 406
3 204 207 413
3 204 413 203
3 413 207 415
3 415 207 418
3 210 421 209
3 209 421 419
3 213 424 212
3 212 424 422
3 3595 435 7766
3 3595 7766 7767
3 3595 7767 3597
3 3597 7767 216
3 216 7767 215
3 215 7767 7766
3 215 7766 425
3 425 7766 427
3 427 7766 432
3 432 7766 435
3 219 444 7768
3 219 7768 218
3 218 7768 3598
3 3598 7768 3601
3 3598 3601 3596
3 3596 3601 3599
3 3596 3599 438
3 3596 438 436
3 3599 3601 441
3 3601 7768 444
3 222 228 3326
3 222 3326 221
3 221 3326 445
3 445 3326 7769
3 445 7769 3603
3 3603 7769 3332
3 3603 3332 237
3 3332 7769 3330
3 3330 7769 3328
3 3328 7769 3326
3 3328 3326 231
3 240 447 442
3 240 442 239
3 239 442 3602
3 239 3602 3604
3 3604 3602 443
3 7770 7773 7774
3 7771 7770 7774
3 7771 7774 7775
3 7773 7772 7776
3 7773 7776 7777
3 7774 7773 7777
3 7774 7777 7778
3 7775 7774 7778
3 7777 7776 7779
3 7777 7779 7778
3 7778 7779 3050
3 7778 3050 263
3 7778 263 3373
3 7778 3373 7775
3 7775 3373 7771
3 7771 3373 3375
3 7771 3375 450
3 7771 450 3618
3 7771 3618 7770
3 7770 3618 3615
3 7770 3615 7773
3 7773 3615 3612
3 7773 3612 7772
3 7772 3612 448
3 7772 448 243
3 7772 243 7307
3 7772 7307 7776
3 7776 7307 7779
3 7779 7307 248
3 7779 248 3050
3 3050 248 249
3 243 448 242
3 450 3375 264
3 7309 245 3338
3 7309 3338 3341
3 7309 3341 246
3 252 3051 251
3 7780 7786 7787
3 7781 7780 7787
3 7781 7787 7788
3 7782 7781 7788
3 7782 7788 7789
3 7783 7782 7789
3 7783 7789 7790
3 7784 7783 7790
3 7785 7792 7793
3 7786 7785 7793
3 7787 7786 7793
3 7787 7793 7794
3 7788 7787 7794
3 7788 7794 7795
3 7789 7788 7795
3 7789 7795 7796
3 7790 7789 7796
3 7791 7790 7796
3 7791 7796 7797
3 7793 7792 7798
3 7794 7793 7798
3 7794 7798 7799
3 7795 7794 7799
3 7795 7799 7800
3 7796 7795 7800
3 7797 7796 7800
3 7799 7798 7801
3 7800 7799 7801
3 7800 7801 3353
3 7800 3353 3356
3 7800 3356 7797
3 7797 3356 255
3 7797 255 7791
3 7791 255 258
3 7791 258 3361
3 7791 3361 7790
3 7790 3361 7784
3 7784 3361 3363
3 7784 3363 3365
3 7784 3365 7783
3 7783 3365 3367
3 7783 3367 7782
3 7782 3367 3369
3 7782 3369 7781
3 7781 3369 7780
3 7780 3369 3371
3 7780 3371 261
3 7780 261 7786
3 7786 261 7785
3 7785 261 3049
3 7785 3049 7792
3 7792 3049 254
3 7792 254 3350
3 7792 3350 7798
3 7798 3350 7801
3 7801 3350 3353
3 278 279 267
3 7802 7803 7804
3 7802 7804 7805
3 7802 7805 462
3 7802 462 459
3 7802 459 3634
3 7802 3634 7803
3 7803 3634 456
3 7803 456 3626
3 7803 3626 451
3 7803 451 7804
3 7804 451 266
3 7804 266 3381
3 7804 3381 7805
3 7805 3381 7806
3 7805 7806 465
3 7805 465 462
3 465 7806 468
3 468 7806 279
3 279 7806 3385
3 279 3385 267
3 3385 7806 3381
3 3626 456 453
3 270 276 269
3 7808 7807 7809
3 7808 7809 3662
3 7808 3662 3660
3 7808 3660 7807
3 7807 3660 474
3 7807 474 471
3 7807 471 469
3 7807 469 281
3 7807 281 7809
3 7809 281 282
3 7809 282 285
3 7809 285 3664
3 7809 3664 3662
3 3426 291 3663
3 3426 3663 3665
3 3426 3665 3423
3 3423 3665 287
3 3423 287 288
3 3663 291 3670
3 3663 3670 3661
3 3661 3670 7810
3 3661 7810 475
3 475 7810 477
3 477 7810 3670
3 480 478 483
3 294 495 7811
3 294 7811 293
3 293 7811 3671
3 3671 7811 483
3 3671 483 478
3 483 7811 495
3 483 495 492
3 483 492 486
3 486 492 489
3 297 496 296
3 300 510 299
3 299 510 7812
3 299 7812 494
3 494 7812 493
3 493 7812 498
3 498 7812 501
3 501 7812 507
3 501 507 504
3 507 7812 510
3 303 522 302
3 3733 519 7817
3 3733 7817 7815
3 3733 7815 7814
3 3733 7814 3736
3 3736 7814 7813
3 3736 7813 522
3 522 7813 302
3 302 7813 511
3 511 7813 3718
3 3718 7813 3720
3 3720 7813 7814
3 3720 7814 3722
3 3722 7814 7815
3 3722 7815 7816
3 3722 7816 3724
3 3724 7816 3726
3 3726 7816 7817
3 3726 7817 3728
3 3728 7817 3730
3 3728 3730 513
3 3730 7817 516
3 516 7817 519
3 7817 7816 7815
3 523 305 306
3 7819 7818 7821
3 7819 7821 7822
3 7820 7819 7822
3 7820 7822 7823
3 7820 7823 3740
3 7820 3740 520
3 7820 520 3735
3 7820 3735 7819
3 7819 3735 3738
3 7819 3738 7818
3 7818 3738 308
3 7818 308 309
3 7818 309 3748
3 7818 3748 7821
3 7821 3748 3746
3 7821 3746 3744
3 7821 3744 7822
3 7822 3744 3742
3 7822 3742 7823
3 7823 3742 3740
3 308 3738 521
3 312 315 3465
3 312 3465 3453
3 3453 3465 7824
3 3453 7824 3449
3 3449 7824 3749
3 3449 3749 311
3 3749 7824 3747
3 3747 7824 3467
3 3747 3467 3745
3 3745 3467 3469
3 3745 3469 7826
3 3745 7826 3743
3 3743 7826 7827
3 3743 7827 7825
3 3743 7825 3741
3 3741 7825 3750
3 3741 3750 517
3 3741 517 518
3 3750 7825 3752
3 3752 7825 3754
3 3754 7825 7828
3 3754 7828 327
3 327 7828 3471
3 327 3471 318
3 3471 7828 7827
3 3471 7827 3469
3 3469 7827 7826
3 7827 7828 7825
3 3467 7824 3465
3 7830 7829 7831
3 7830 7831 323
3 7830 323 324
3 7830 324 3479
3 7830 3479 7829
3 7829 3479 3481
3 7829 3481 7831
3 7831 3481 323
3 330 333 7832
3 330 7832 3485
3 3485 7832 7833
3 3485 7833 3483
3 3483 7833 3755
3 3483 3755 329
3 3755 7833 3753
3 3753 7833 7832
3 3753 7832 3751
3 3751 7832 3731
3 3751 3731 515
3 3731 7832 514
3 514 7832 333
3 3769 528 7835
3 3769 7835 512
3 3769 512 335
3 3769 335 336
3 512 7835 3729
3 3729 7835 3727
3 3727 7835 7834
3 3727 7834 3762
3 3727 3762 3725
3 3725 3762 3760
3 3725 3760 3723
3 3723 3760 3721
3 3721 3760 3758
3 3721 3758 3719
3 3719 3758 3756
3 3719 3756 509
3 509 3756 508
3 3762 7834 3764
3 3764 7834 528
3 3764 528 525
3 528 7834 7835
3 3773 529 7836
3 3773 7836 3775
3 3775 7836 7837
3 3775 7837 339
3 339 7837 338
3 338 7837 3771
3 3771 7837 7836
3 3771 7836 529
3 342 540 341
3 341 540 3776
3 3776 540 3782
3 3776 3782 3774
3 3774 3782 537
3 3774 537 7838
3 3774 7838 527
3 527 7838 526
3 526 7838 3779
3 526 3779 531
3 3779 7838 534
3 534 7838 537
3 3797 552 3793
3 3797 3793 543
3 3797 543 3788
3 3797 3788 3786
3 3797 3786 345
3 345 3786 344
3 344 3786 541
3 543 3793 549
3 543 549 546
3 348 558 555
3 348 555 7840
3 348 7840 3507
3 3507 7840 7839
3 3507 7839 347
3 347 7839 3798
3 3798 7839 7840
3 3798 7840 553
3 553 7840 555
3 351 354 350
3 350 354 559
3 357 556 356
3 356 556 557
3 3814 564 3795
3 3814 3795 551
3 3814 551 360
3 360 551 359
3 359 551 554
3 3795 564 550
3 550 564 561
3 363 565 3530
3 3530 565 3816
3 3530 3816 362
3 7841 7844 7845
3 7842 7841 7845
3 7842 7845 7846
3 7843 7847 7848
3 7844 7843 7848
3 7844 7848 7849
3 7845 7844 7849
3 7845 7849 7850
3 7846 7845 7850
3 7847 7851 7852
3 7848 7847 7852
3 7848 7852 7853
3 7849 7848 7853
3 7849 7853 7854
3 7850 7849 7854
3 7853 7852 7855
3 7854 7853 7855
3 7854 7855 3839
3 7854 3839 579
3 7854 579 7850
3 7850 579 3835
3 7850 3835 7846
3 7846 3835 576
3 7846 576 7842
3 7842 576 573
3 7842 573 570
3 7842 570 7841
3 7841 570 3824
3 7841 3824 7844
3 7844 3824 7843
3 7843 3824 567
3 7843 567 3819
3 7843 3819 7847
3 7847 3819 7851
3 7851 3819 562
3 7851 562 563
3 7851 563 365
3 7851 365 7852
3 7852 365 7855
3 7855 365 366
3 7855 366 3839
3 369 375 3534
3 3534 375 3840
3 3534 3840 368
3 3840 375 580
3 378 381 578
3 378 578 377
3 578 381 588
3 578 588 3837
3 3837 588 582
3 3837 582 577
3 582 588 585
3 384 589 383
3 3849 591 7856
3 3849 7856 387
3 387 7856 7857
3 387 7857 386
3 386 7857 587
3 587 7857 586
3 586 7857 7856
3 586 7856 591
3 390 600 7858
3 390 7858 3560
3 3560 7858 3850
3 3560 3850 389
3 3850 7858 3853
3 3850 3853 594
3 3850 594 592
3 3853 7858 597
3 597 7858 600
3 393 401 3568
3 393 3568 7860
3 393 7860 392
3 392 7860 601
3 601 7860 606
3 601 606 603
3 606 7860 609
3 609 7860 7859
3 609 7859 405
3 405 7859 3570
3 405 3570 402
3 3570 7859 3568
3 3568 7859 7860
3 396 399 395
3 408 618 407
3 407 618 610
3 610 618 615
3 610 615 612
3 630 627 414
3 411 414 627
3 411 627 624
3 411 624 410
3 410 624 621
3 410 621 619
3 417 420 416
3 416 420 631
3 631 420 423
3 631 423 636
3 631 636 633
3 636 423 426
3 431 660 7861
3 431 7861 428
3 428 7861 7863
3 428 7863 7862
3 428 7862 637
3 637 7862 639
3 639 7862 3899
3 639 3899 642
3 3899 7862 3901
3 3901 7862 7863
3 3901 7863 645
3 645 7863 7861
3 645 7861 648
3 648 7861 651
3 651 7861 654
3 654 7861 660
3 654 660 657
3 434 437 661
3 434 661 433
3 661 437 663
3 440 446 7864
3 440 7864 3600
3 3600 7864 669
3 3600 669 666
3 3600 666 439
3 439 666 664
3 669 7864 3943
3 3943 7864 7865
3 3943 7865 3617
3 3943 3617 452
3 452 3617 3627
3 3627 3617 3620
3 3627 3620 449
3 3617 7865 3614
3 3614 7865 7864
3 3614 7864 446
3 455 678 454
3 454 678 3946
3 3946 678 675
3 3946 675 670
3 670 675 672
3 3965 687 7866
3 3965 7866 3967
3 3967 7866 3637
3 3967 3637 458
3 3637 7866 457
3 457 7866 679
3 679 7866 681
3 681 7866 684
3 684 7866 687
3 696 693 699
3 7868 7867 7869
3 7868 7869 461
3 7868 461 693
3 7868 693 3978
3 7868 3978 7867
3 7867 3978 690
3 7867 690 3971
3 7867 3971 3966
3 7867 3966 3968
3 7867 3968 7869
3 7869 3968 460
3 7869 460 461
3 3966 3971 688
3 693 461 699
3 479 708 476
3 476 708 473
3 464 472 473
3 464 473 7870
3 464 7870 463
3 463 7870 700
3 700 7870 702
3 702 7870 705
3 705 7870 708
3 708 7870 473
3 467 470 466
3 3998 720 7871
3 3998 7871 7874
3 3998 7874 482
3 482 7874 481
3 481 7874 7873
3 481 7873 709
3 709 7873 7872
3 709 7872 704
3 704 7872 714
3 704 714 711
3 704 711 703
3 714 7872 3996
3 3996 7872 7873
3 3996 7873 7871
3 3996 7871 717
3 717 7871 720
3 7871 7873 7874
3 485 729 726
3 485 726 4002
3 485 4002 484
3 484 4002 3999
3 3999 4002 4000
3 3999 4000 721
3 4002 726 723
3 488 738 732
3 488 732 730
3 488 730 487
3 732 738 735
3 491 497 490
3 490 497 739
3 4032 752 749
3 4032 749 743
3 4032 743 4034
3 4034 743 736
3 4034 736 499
3 4034 499 4036
3 4036 499 500
3 499 736 737
3 743 749 746
3 7875 7876 7877
3 7875 7877 7878
3 7875 7878 7879
3 7875 7879 7880
3 7875 7880 7881
3 7875 7881 7876
3 7876 7881 4039
3 7876 4039 753
3 7876 753 4033
3 7876 4033 7877
3 7877 4033 4035
3 7877 4035 7878
3 7878 4035 4037
3 7878 4037 502
3 7878 502 7879
3 7879 502 503
3 7879 503 773
3 7879 773 7880
3 7880 773 770
3 7880 770 7882
3 7880 7882 7881
3 7881 7882 4039
3 4039 7882 755
3 755 7882 758
3 758 7882 761
3 761 7882 767
3 761 767 764
3 767 7882 770
3 7883 7884 7885
3 7883 7885 7886
3 7883 7886 7887
3 7883 7887 7888
3 7886 7889 7890
3 7887 7886 7890
3 7887 7890 7891
3 7888 7887 7891
3 7888 7891 530
3 7888 530 776
3 7888 776 4072
3 7888 4072 7883
3 7883 4072 7884
3 7884 4072 774
3 7884 774 505
3 7884 505 7885
3 7885 505 506
3 7885 506 3757
3 7885 3757 7886
3 7886 3757 3759
3 7886 3759 7889
3 7889 3759 3761
3 7889 3761 7890
3 7890 3761 3763
3 7890 3763 3765
3 7890 3765 7891
3 7891 3765 524
3 7891 524 530
3 7892 7894 7895
3 7895 7894 7896
3 7895 7896 4090
3 7895 4090 4088
3 7895 4088 7892
3 7892 4088 4086
3 7892 4086 7893
3 7892 7893 779
3 7892 779 777
3 7892 777 7894
3 7894 777 532
3 7894 532 7896
3 7896 532 3780
3 7896 3780 4090
3 4090 3780 533
3 779 7893 782
3 782 7893 785
3 785 7893 4086
3 785 4086 788
3 4100 794 7898
3 4100 7898 7897
3 4100 7897 536
3 536 7897 535
3 535 7897 4091
3 4091 7897 7898
3 4091 7898 4089
3 4089 7898 7899
3 4089 7899 4087
3 4087 7899 7900
3 4087 7900 789
3 789 7900 791
3 791 7900 4095
3 4095 7900 7899
3 4095 7899 794
3 794 7899 7898
3 7902 7901 7905
3 7902 7905 7906
3 7903 7902 7906
3 7906 7905 7907
3 7906 7907 4108
3 7906 4108 4106
3 7906 4106 7903
3 7903 4106 4104
3 7903 4104 7902
3 7902 4104 795
3 7902 795 4102
3 7902 4102 7901
3 7901 4102 538
3 7901 538 3784
3 7901 3784 7904
3 7901 7904 7905
3 7905 7904 3787
3 7905 3787 3789
3 7905 3789 7907
3 7907 3789 542
3 7907 542 4108
3 3787 7904 539
3 539 7904 3784
3 4117 803 7909
3 4117 7909 4109
3 4117 4109 545
3 545 4109 544
3 4109 7909 4107
3 4107 7909 7908
3 4107 7908 4105
3 4105 7908 4097
3 4105 4097 793
3 4097 7908 797
3 4097 797 792
3 797 7908 800
3 800 7908 803
3 803 7908 7909
3 548 560 547
3 547 560 3821
3 547 3821 4119
3 4119 3821 566
3 4119 566 804
3 7910 7912 7913
3 7910 7913 4127
3 7910 4127 4121
3 7910 4121 806
3 7910 806 7911
3 7910 7911 7912
3 7912 7911 568
3 7912 568 3826
3 7912 3826 7913
3 7913 3826 569
3 7913 569 4127
3 568 7911 802
3 802 7911 801
3 801 7911 806
3 4121 4127 809
3 809 4127 818
3 809 818 812
3 812 818 815
3 4130 819 4128
3 4130 4128 571
3 4130 571 572
3 816 817 4134
3 575 581 4138
3 575 4138 574
3 574 4138 7914
3 574 7914 4132
3 4132 7914 4134
3 4132 4134 817
3 4134 7914 4136
3 4136 7914 4138
3 7915 7917 7918
3 7915 7918 7916
3 7916 7918 7920
3 7916 7920 7919
3 7919 7920 7921
3 7919 7921 590
3 7919 590 593
3 7919 593 827
3 7919 827 7916
3 7916 827 824
3 7916 824 7915
3 7915 824 759
3 7915 759 760
3 7915 760 7917
3 7917 760 821
3 7917 821 813
3 7917 813 814
3 7917 814 4135
3 7917 4135 7918
3 7918 4135 4137
3 7918 4137 7920
3 7920 4137 4139
3 7920 4139 7921
3 7921 4139 584
3 7921 584 590
3 584 4139 583
3 596 830 7922
3 596 7922 4156
3 596 4156 3854
3 3854 4156 828
3 3854 828 595
3 4156 7922 4160
3 4156 4160 748
3 748 4160 747
3 4160 7922 830
3 599 602 831
3 599 831 598
3 605 613 838
3 605 838 829
3 605 829 604
3 829 838 4163
3 4163 838 833
3 4163 833 745
3 745 833 744
3 838 613 841
3 841 613 614
3 608 611 607
3 617 620 850
3 617 850 844
3 617 844 842
3 617 842 616
3 844 850 847
3 623 640 4214
3 623 4214 622
3 622 4214 7923
3 622 7923 859
3 622 859 851
3 851 859 856
3 851 856 853
3 859 7923 4212
3 4212 7923 862
3 862 7923 4214
3 4214 640 641
3 4214 641 865
3 626 634 635
3 626 635 638
3 626 638 625
3 629 632 628
3 7924 7925 7926
3 7926 7925 3900
3 7926 3900 3902
3 7926 3902 644
3 7926 644 877
3 7926 877 7924
3 7924 877 874
3 7924 874 871
3 7924 871 868
3 7924 868 7925
3 7925 868 866
3 7925 866 3900
3 3900 866 643
3 647 878 646
3 7927 7928 7929
3 7930 7929 7931
3 7930 7931 892
3 7930 892 889
3 7930 889 886
3 7930 886 883
3 7930 883 880
3 7930 880 7927
3 7930 7927 7929
3 7927 880 4231
3 7927 4231 7928
3 7928 4231 875
3 7928 875 876
3 7928 876 7929
3 7929 876 7931
3 7931 876 649
3 7931 649 4237
3 7931 4237 892
3 4237 649 650
3 653 901 7932
3 653 7932 652
3 652 7932 4238
3 4238 7932 4239
3 4238 4239 893
3 4239 7932 895
3 895 7932 898
3 898 7932 901
3 656 904 655
3 655 904 902
3 659 662 658
3 658 662 905
3 905 662 665
3 905 665 907
3 668 671 908
3 668 908 667
3 674 913 910
3 674 910 673
3 673 910 900
3 673 900 906
3 906 900 903
3 900 910 899
3 677 680 919
3 677 919 916
3 677 916 914
3 677 914 676
3 940 937 4278
3 683 943 682
3 682 943 920
3 920 943 4281
3 920 4281 922
3 922 4281 925
3 925 4281 4278
3 925 4278 4266
3 4266 4278 928
3 928 4278 937
3 928 937 4271
3 4271 937 4275
3 4271 4275 931
3 931 4275 934
3 946 944 4285
3 3974 689 4287
3 3974 4287 4285
3 3974 4285 686
3 686 4285 685
3 685 4285 944
3 4287 689 4289
3 4289 689 952
3 4289 952 949
3 4305 961 7933
3 4305 7933 4307
3 4307 7933 7934
3 4307 7934 4309
3 4309 7934 7935
3 4309 7935 692
3 692 7935 3980
3 3980 7935 691
3 691 7935 953
3 953 7935 7934
3 953 7934 955
3 955 7934 7933
3 955 7933 958
3 958 7933 961
3 694 695 4310
3 695 712 4310
3 4310 712 713
3 4310 713 4308
3 4308 713 4316
3 4308 4316 970
3 4308 970 4306
3 4306 970 967
3 4306 967 964
3 4306 964 962
3 698 701 710
3 698 710 697
3 716 976 7936
3 716 7936 3997
3 3997 7936 4318
3 3997 4318 715
3 4318 7936 971
3 971 7936 976
3 971 976 973
3 7937 7938 7939
3 7939 7938 7941
3 7939 7941 7942
3 7940 7939 7942
3 7940 7942 4332
3 7940 4332 4330
3 7940 4330 982
3 7940 982 7937
3 7940 7937 7939
3 7937 982 979
3 7937 979 977
3 7937 977 7938
3 7938 977 718
3 7938 718 719
3 7938 719 7941
3 7941 719 4001
3 7941 4001 7942
3 7942 4001 4003
3 7942 4003 4334
3 7942 4334 4332
3 4334 4003 722
3 4334 722 985
3 725 733 734
3 725 734 7943
3 725 7943 724
3 724 7943 986
3 986 7943 988
3 988 7943 7944
3 988 7944 991
3 991 7944 4338
3 4338 7944 742
3 4338 742 994
3 994 742 832
3 742 7944 734
3 734 7944 7943
3 728 731 727
3 4041 754 825
3 4041 825 826
3 4041 826 7945
3 4041 7945 751
3 751 7945 750
3 750 7945 4157
3 4157 7945 826
3 757 823 756
3 763 822 762
3 4148 783 784
3 4148 784 810
3 4148 810 811
3 4148 811 820
3 4148 820 766
3 766 820 765
3 769 780 4149
3 769 4149 768
3 4149 780 781
3 4074 775 778
3 4074 778 771
3 4074 771 772
3 787 790 7946
3 787 7946 786
3 786 7946 808
3 808 7946 4122
3 4122 7946 790
3 4122 790 807
3 807 790 796
3 799 805 798
3 837 1006 1003
3 837 1003 1000
3 837 1000 997
3 837 997 7947
3 837 7947 834
3 834 7947 995
3 995 7947 4342
3 4342 7947 997
3 840 843 1012
3 840 1012 1009
3 840 1009 1007
3 840 1007 839
3 846 854 855
3 846 855 845
3 845 855 1013
3 849 852 848
3 4371 1021 1015
3 4371 1015 4360
3 4371 4360 4374
3 4374 4360 4358
3 4374 4358 7948
3 4374 7948 858
3 858 7948 857
3 857 7948 1011
3 1011 7948 1010
3 1010 7948 1002
3 1002 7948 1001
3 1001 7948 4358
3 1015 1021 1018
3 7949 7950 7951
3 7949 7951 4382
3 7949 4382 1027
3 7949 1027 1024
3 7949 1024 1022
3 7949 1022 4373
3 7949 4373 7950
3 7950 4373 4376
3 7950 4376 7952
3 7950 7952 861
3 7950 861 7951
3 7951 861 1036
3 7951 1036 4382
3 4382 1036 1033
3 4382 1033 1030
3 861 7952 4213
3 4213 7952 4376
3 4213 4376 860
3 864 867 7953
3 864 7953 7954
3 864 7954 4215
3 4215 7954 863
3 863 7954 1037
3 1037 7954 7953
3 1037 7953 1039
3 1039 7953 867
3 4395 1045 1032
3 4395 1032 1040
3 4395 1040 869
3 4395 869 870
3 1032 1045 1031
3 1031 1045 1042
3 7956 7955 7959
3 7956 7959 7960
3 7957 7956 7960
3 7955 7961 7958
3 7955 7958 7959
3 7959 7958 7963
3 7959 7963 7964
3 7960 7959 7964
3 7958 7961 7965
3 7958 7965 7962
3 7958 7962 7963
3 7963 7962 7966
3 7963 7966 7967
3 7964 7963 7967
3 7966 7965 7968
3 7962 7965 7966
3 7966 7968 4233
3 7966 4233 7967
3 7967 4233 879
3 7967 879 4408
3 7967 4408 7964
3 7964 4408 1057
3 7964 1057 7960
3 7960 1057 7957
3 7957 1057 1054
3 7957 1054 4403
3 7957 4403 1051
3 7957 1051 7956
3 7956 1051 7955
3 7955 1051 1048
3 7955 1048 4399
3 7955 4399 7961
3 7961 4399 1046
3 7961 1046 7965
3 7965 1046 4397
3 7965 4397 7968
3 7968 4397 872
3 7968 872 873
3 7968 873 4233
3 4413 1060 4410
3 4413 4410 882
3 882 4410 881
3 4410 1060 1058
3 885 1075 7970
3 885 7970 884
3 884 7970 7969
3 884 7969 4415
3 4415 7969 4419
3 4415 4419 1061
3 1061 4419 1063
3 1063 4419 1066
3 4419 7969 4421
3 4421 7969 7970
3 4421 7970 7971
3 4421 7971 4423
3 4423 7971 1069
3 1069 7971 4426
3 4426 7971 7970
3 4426 7970 1072
3 1072 7970 1075
3 888 1076 887
3 4240 894 7973
3 4240 7973 891
3 891 7973 7972
3 891 7972 890
3 890 7972 1074
3 1074 7972 1073
3 1073 7972 4433
3 4433 7972 7973
3 4433 7973 894
3 897 909 896
3 4439 1078 1070
3 4439 1070 7974
3 4439 7974 4441
3 4441 7974 7975
3 4441 7975 4443
3 4443 7975 7976
3 4443 7976 4445
3 4445 7976 896
3 4445 896 909
3 896 7976 4435
3 4435 7976 7975
3 4435 7975 1071
3 1071 7975 4428
3 4428 7975 7974
3 4428 7974 1070
3 7978 7977 7980
3 7979 7978 7980
3 7979 7980 7981
3 7979 7981 915
3 7979 915 923
3 7979 923 924
3 7979 924 4451
3 7979 4451 7978
3 7978 4451 4449
3 7978 4449 7977
3 7977 4449 1081
3 7977 1081 4440
3 7977 4440 4442
3 7977 4442 7980
3 7980 4442 4444
3 7980 4444 7981
3 7981 4444 7982
3 7981 7982 912
3 7981 912 915
3 912 7982 4446
3 912 4446 911
3 4446 7982 4444
3 4440 1081 1079
3 918 921 917
3 4465 1090 4461
3 4465 4461 1084
3 4465 1084 4457
3 4465 4457 4467
3 4467 4457 4454
3 4467 4454 4450
3 4467 4450 927
3 927 4450 4452
3 927 4452 4268
3 4268 4452 926
3 4450 4454 1082
3 4461 1090 1087
3 930 1091 4466
3 930 4466 7983
3 930 7983 4273
3 4273 7983 929
3 929 7983 4468
3 4468 7983 4466
3 933 1099 7984
3 933 7984 1089
3 933 1089 932
3 1089 7984 1088
3 1088 7984 1096
3 1088 1096 1093
3 1096 7984 4475
3 4475 7984 1099
3 4481 1108 4479
3 4481 4479 7985
3 4481 7985 4483
3 4483 7985 7986
3 4483 7986 7987
3 4483 7987 4485
3 4485 7987 4276
3 4485 4276 936
3 4276 7987 935
3 935 7987 7986
3 935 7986 1100
3 1100 7986 1102
3 1102 7986 1105
3 1105 7986 7985
3 1105 7985 4479
3 938 939 4486
3 948 1117 4290
3 7994 7993 7995
3 7994 7995 4288
3 7994 4288 7992
3 7994 7992 4495
3 7994 4495 4493
3 7994 4493 7993
3 7993 4493 7288
3 7993 7288 7286
3 7993 7286 7995
3 7995 7286 4286
3 7995 4286 4288
3 4286 7286 947
3 7288 4493 7290
3 7290 4493 4491
3 7290 4491 7991
3 7290 7991 7292
3 7292 7991 7989
3 7292 7989 7294
3 7294 7989 7988
3 7294 7988 7990
3 7294 7990 939
3 939 7990 4486
3 4486 7990 4484
3 4484 7990 7988
3 4484 7988 4482
3 4482 7988 4487
3 4482 4487 1109
3 1109 4487 1111
3 4487 7988 7989
3 4487 7989 4489
3 4489 7989 7991
3 4489 7991 4491
3 4495 7992 1114
3 1114 7992 1117
3 1117 7992 4290
3 4290 7992 4288
3 942 945 4283
3 7996 7997 7998
3 7999 7998 8000
3 7999 8000 7289
3 7999 7289 7291
3 7999 7291 7998
3 7998 7291 7293
3 7998 7293 7996
3 7996 7293 7295
3 7996 7295 7997
3 7997 7295 941
3 7997 941 4280
3 7997 4280 4283
3 7997 4283 8000
3 7997 8000 7998
3 8000 4283 945
3 8000 945 7287
3 8000 7287 7289
3 1118 950 954
3 951 954 950
3 957 1129 8003
3 957 8003 8004
3 957 8004 956
3 956 8004 1115
3 956 1115 1116
3 1115 8004 4500
3 4500 8004 8003
3 4500 8003 4503
3 4503 8003 8002
3 4503 8002 8001
3 4503 8001 1120
3 1120 8001 1123
3 1123 8001 1126
3 1126 8001 8002
3 1126 8002 1129
3 1129 8002 8003
3 960 963 1130
3 960 1130 959
3 8005 8007 8008
3 8005 8008 8009
3 8005 8009 8006
3 8008 8007 8010
3 8008 8010 8011
3 8008 8011 8012
3 8009 8008 8012
3 8009 8012 8013
3 8009 8013 8014
3 8006 8009 8014
3 8006 8014 4513
3 8006 4513 4511
3 8006 4511 8005
3 8005 4511 4509
3 8005 4509 8007
3 8007 4509 1127
3 8007 1127 8010
3 8010 1127 1128
3 8010 1128 966
3 8010 966 8011
3 8011 966 4522
3 8011 4522 8012
3 8012 4522 1138
3 8012 1138 8013
3 8013 1138 1135
3 8013 1135 8014
3 8014 1135 1132
3 8014 1132 4513
3 966 1128 965
3 969 972 968
3 968 972 4524
3 4524 972 1144
3 4524 1144 1141
3 4524 1141 1139
3 975 978 4538
3 975 4538 974
3 974 4538 1145
3 1145 4538 1147
3 8015 8017 8018
3 8015 8018 8019
3 8016 8015 8019
3 8016 8019 8020
3 8017 8021 8022
3 8018 8017 8022
3 8018 8022 8023
3 8018 8023 8024
3 8019 8018 8024
3 8019 8024 8025
3 8020 8019 8025
3 8020 8025 8026
3 8021 8027 8028
3 8022 8021 8028
3 8024 8023 8029
3 8024 8029 8030
3 8025 8024 8030
3 8025 8030 8031
3 8026 8025 8031
3 8026 8031 4562
3 8026 4562 4560
3 8026 4560 8020
3 8020 4560 4558
3 8020 4558 8016
3 8016 4558 1162
3 8016 1162 8015
3 8015 1162 1159
3 8015 1159 8017
3 8017 1159 8021
3 8021 1159 4554
3 8021 4554 8027
3 8027 4554 1156
3 8027 1156 1150
3 8027 1150 1148
3 8027 1148 8028
3 8028 1148 4541
3 8028 4541 8023
3 8028 8023 8022
3 8023 4541 8029
3 8029 4541 980
3 8029 980 8030
3 8030 980 8031
3 8031 980 981
3 8031 981 4564
3 8031 4564 4562
3 4564 981 1165
3 1150 1156 1153
3 8033 8032 8034
3 8033 8034 1174
3 8033 1174 1171
3 8033 1171 1168
3 8033 1168 8032
3 8032 1168 1166
3 8032 1166 4331
3 8032 4331 4333
3 8032 4333 8034
3 8034 4333 4335
3 8034 4335 987
3 8034 987 1177
3 8034 1177 1174
3 987 4335 984
3 4331 1166 983
3 990 1178 989
3 4343 996 1183
3 4343 1183 1180
3 4343 1180 4582
3 4343 4582 8035
3 4343 8035 993
3 993 8035 4339
3 4339 8035 992
3 992 8035 4580
3 992 4580 1176
3 1176 4580 1175
3 4580 8035 4582
3 4361 1014 4596
3 4361 4596 8036
3 4361 8036 4359
3 4359 8036 999
3 999 8036 998
3 998 8036 4591
3 998 4591 1184
3 1184 4591 1186
3 4591 8036 4596
3 1005 1008 1004
3 1207 1204 1210
3 1219 1216 1222
3 8040 8039 8042
3 8040 8042 8043
3 8041 8040 8043
3 8043 8042 8044
3 8043 8044 4600
3 8043 4600 1016
3 8043 1016 8041
3 8041 1016 8038
3 8041 8038 4670
3 8041 4670 8040
3 8040 4670 1222
3 8040 1222 8039
3 8039 1222 1216
3 8039 1216 1213
3 8039 1213 8042
3 8042 1213 4666
3 8042 4666 8044
3 8044 4666 4664
3 8044 4664 4662
3 8044 4662 4595
3 8044 4595 4600
3 4595 4662 4660
3 4595 4660 1187
3 1187 4660 4658
3 1187 4658 4607
3 4607 4658 4656
3 4607 4656 1189
3 1189 4656 4654
3 1189 4654 4618
3 4618 4654 1210
3 4618 1210 8037
3 4618 8037 4623
3 4623 8037 1201
3 4623 1201 4628
3 4628 1201 4650
3 4628 4650 1192
3 1192 4650 1198
3 1192 1198 1195
3 1201 8037 1204
3 1204 8037 1210
3 4670 8038 4672
3 4672 8038 4674
3 4674 8038 1017
3 4674 1017 1225
3 1017 8038 1016
3 1020 1023 1019
3 1019 1023 1226
3 1226 1023 7086
3 1226 7086 1197
3 1197 7086 2939
3 1197 2939 2933
3 1197 2933 2930
3 1197 2930 1196
3 2933 2939 2936
3 2954 2951 7108
3 8045 8046 8047
3 8045 8048 8046
3 8047 8046 8050
3 8047 8050 8051
3 8048 8052 8053
3 8046 8048 8053
3 8046 8053 8049
3 8046 8049 8050
3 8050 8049 8055
3 8050 8055 8056
3 8051 8050 8056
3 8053 8052 8057
3 8053 8057 8058
3 8049 8053 8058
3 8049 8058 8054
3 8049 8054 8055
3 8055 8054 8060
3 8057 8061 8062
3 8058 8057 8062
3 8054 8058 8062
3 8054 8062 8059
3 8054 8059 8060
3 8060 8059 7108
3 8060 7108 2951
3 8060 2951 7097
3 8060 7097 8056
3 8060 8056 8055
3 8056 7097 8051
3 8051 7097 2948
3 8051 2948 2945
3 8051 2945 8047
3 8047 2945 2942
3 8047 2942 8045
3 8045 2942 7090
3 8045 7090 8048
3 8048 7090 2940
3 8048 2940 8052
3 8052 2940 7088
3 8052 7088 8057
3 8057 7088 8061
3 8061 7088 1025
3 8061 1025 1026
3 8061 1026 8062
3 8062 1026 8059
3 8059 1026 7108
3 2957 2955 2960
3 1029 1041 8063
3 1029 8063 4383
3 4383 8063 1028
3 1028 8063 7110
3 7110 8063 1041
3 7110 1041 2960
3 7110 2960 2955
3 1035 1038 1034
3 4400 1047 2961
3 4400 2961 1043
3 4400 1043 1044
3 2950 2958 7101
3 2971 2968 2974
3 8064 8065 8066
3 8064 8066 8067
3 8064 8067 8068
3 8066 8065 8070
3 8066 8070 8071
3 8066 8071 8072
3 8067 8066 8072
3 8065 8069 8070
3 8070 8069 1049
3 8070 1049 1050
3 8070 1050 8071
3 8071 1050 7152
3 8071 7152 8072
3 8072 7152 2980
3 8072 2980 2977
3 8072 2977 7140
3 8072 7140 8067
3 8067 7140 2974
3 8067 2974 8068
3 8068 2974 2968
3 8068 2968 2963
3 8068 2963 2949
3 8068 2949 8064
3 8064 2949 8065
3 8065 2949 7101
3 8065 7101 8069
3 8069 7101 2958
3 8069 2958 1049
3 1049 2958 2959
3 1053 2986 4404
3 4404 2986 2983
3 4404 2983 7153
3 4404 7153 1052
3 7153 2983 2981
3 1056 1059 1062
3 1056 1062 1055
3 1055 1062 2987
3 7282 1085 4462
3 7282 4462 7164
3 7282 7164 7284
3 7284 7164 2984
3 7284 2984 2985
3 7284 2985 1065
3 1065 2985 1064
3 7164 4462 1086
3 7164 1086 2989
3 2989 1086 1092
3 8073 8074 8075
3 8073 8075 8076
3 8075 8074 8077
3 8075 8077 8078
3 8076 8075 8078
3 8076 8078 8079
3 8079 8078 8080
3 8079 8080 1077
3 8079 1077 1080
3 8079 1080 4456
3 8079 4456 8076
3 8076 4456 4459
3 8076 4459 1083
3 8076 1083 8073
3 8073 1083 7283
3 8073 7283 7285
3 8073 7285 8074
3 8074 7285 1067
3 8074 1067 4420
3 8074 4420 8077
3 8077 4420 4422
3 8077 4422 4424
3 8077 4424 8078
3 8078 4424 8080
3 8080 4424 1068
3 8080 1068 1077
3 1095 2992 2976
3 1095 2976 2990
3 1095 2990 1094
3 2976 2992 7143
3 7143 2992 7170
3 7143 7170 2975
3 1098 1101 4476
3 4476 1101 7176
3 4476 7176 8081
3 4476 8081 1097
3 1097 8081 2993
3 2993 8081 7174
3 2993 7174 7172
3 7172 7174 2995
3 7174 8081 7176
3 7278 1124 4510
3 7278 4510 8083
3 7278 8083 1104
3 1104 8083 7177
3 1104 7177 1103
3 7177 8083 8082
3 7177 8082 7175
3 7175 8082 4514
3 7175 4514 2996
3 2996 4514 1131
3 4514 8082 4512
3 4512 8082 8083
3 4512 8083 4510
3 4510 1124 1125
3 1110 1121 1107
3 1107 1121 1122
3 1107 1122 7279
3 1107 7279 4480
3 4480 7279 1106
3 1119 1112 4505
3 8084 8085 8086
3 8086 8087 8088
3 8086 8088 4502
3 8086 4502 4505
3 8086 4505 8084
3 8084 4505 1112
3 8084 1112 4488
3 8084 4488 8085
3 8085 4488 4490
3 8085 4490 4492
3 8085 4492 8086
3 8086 4492 8087
3 8087 4492 4494
3 8087 4494 8088
3 8088 4494 4496
3 8088 4496 1113
3 8088 1113 4502
3 2998 2972 3003
3 1134 3003 1133
3 1133 3003 8089
3 1133 8089 2994
3 2994 8089 7173
3 7173 8089 8090
3 7173 8090 7171
3 7173 7171 2991
3 7171 8090 2973
3 2973 8090 2972
3 2972 8090 8089
3 2972 8089 3003
3 1137 1140 3006
3 1137 3006 1136
3 1136 3006 3004
3 3009 3007 1149
3 1143 1146 1142
3 1142 1146 1149
3 1142 1149 3007
3 1152 3012 1151
3 1151 3012 3010
3 1155 3015 3013
3 1155 3013 1154
3 7220 3018 4555
3 7220 4555 1158
3 4555 3018 3016
3 4555 3016 1157
3 8091 8092 8093
3 8091 8093 8094
3 8091 8094 8095
3 8091 8095 8096
3 8091 8096 8097
3 8091 8097 8092
3 8093 8092 8099
3 8093 8099 8100
3 8093 8100 8101
3 8094 8093 8101
3 8097 8096 8102
3 8097 8102 8103
3 8097 8103 8104
3 8092 8097 8104
3 8092 8104 8098
3 8092 8098 8099
3 8099 8098 8105
3 8099 8105 8106
3 8100 8099 8106
3 8100 8106 8107
3 8101 8100 8107
3 8101 8107 1160
3 8101 1160 1161
3 8101 1161 8094
3 8094 1161 8095
3 8095 1161 7238
3 8095 7238 7236
3 8095 7236 8096
3 8096 7236 8102
3 8102 7236 7234
3 8102 7234 3032
3 8102 3032 8103
3 8103 3032 7230
3 8103 7230 8104
3 8104 7230 3029
3 8104 3029 8098
3 8098 3029 7225
3 8098 7225 8105
3 8105 7225 3026
3 8105 3026 8106
3 8106 3026 3023
3 8106 3023 3019
3 8106 3019 8107
3 8107 3019 7221
3 8107 7221 1160
3 8109 8111 8112
3 8110 8109 8112
3 8110 8112 8113
3 8112 8111 8114
3 8112 8114 8115
3 8115 8114 8116
3 8115 8116 3038
3 8115 3038 8113
3 8115 8113 8112
3 8113 3038 3035
3 8113 3035 7235
3 8113 7235 8110
3 8110 7235 7237
3 8110 7237 8109
3 8109 7237 8108
3 8109 8108 4561
3 8109 4561 4563
3 8109 4563 8111
3 8111 4563 8114
3 8114 4563 4565
3 8114 4565 8116
3 8116 4565 1164
3 8116 1164 1167
3 8116 1167 3038
3 4561 8108 4559
3 4559 8108 7239
3 4559 7239 1163
3 7239 8108 7237
3 7235 3035 3033
3 7276 3047 7246
3 7276 7246 3039
3 7276 3039 1170
3 1170 3039 1169
3 7246 3047 7248
3 7248 3047 7274
3 7248 7274 7250
3 7250 7274 1190
3 7250 1190 4622
3 7250 4622 7252
3 7252 4622 8117
3 7252 8117 7232
3 7252 7232 3031
3 7252 3031 3034
3 7232 8117 8118
3 7232 8118 3030
3 3030 8118 7254
3 7254 8118 4627
3 7254 4627 4632
3 7254 4632 2932
3 2932 4632 1191
3 2932 1191 2931
3 4627 8118 4622
3 4622 8118 8117
3 4583 1179 3048
3 4583 3048 4581
3 4581 3048 7277
3 4581 7277 1173
3 1173 7277 1172
3 1182 1185 4611
3 1182 4611 1181
3 1181 4611 7275
3 1181 7275 3046
3 7275 4611 1188
3 1194 2929 1193
3 1200 1242 4651
3 4651 1242 1239
3 4651 1239 1199
3 1199 1239 1236
3 1199 1236 1224
3 1224 1236 4687
3 1224 4687 4675
3 4675 4687 8119
3 4675 8119 4673
3 4673 8119 1233
3 4673 1233 4671
3 4671 1233 1230
3 4671 1230 1223
3 1233 8119 4687
3 4705 1251 1245
3 4705 1245 1202
3 4705 1202 1203
3 1202 1245 1243
3 1245 1251 1248
3 1205 1206 4706
3 4709 1260 4707
3 4709 4707 8120
3 4709 8120 4711
3 4711 8120 4706
3 4711 4706 1206
3 4706 8120 1252
3 1252 8120 1254
3 1254 8120 4707
3 4707 1260 1257
3 4719 1263 4717
3 4719 4717 8121
3 4719 8121 1209
3 1209 8121 1208
3 1208 8121 4712
3 4712 8121 4715
3 4712 4715 4713
3 4712 4713 4710
3 4710 4713 1261
3 4715 8121 4717
3 4729 1272 8126
3 4729 8126 4667
3 4729 4667 1212
3 4667 8126 4665
3 4665 8126 4663
3 4663 8126 8125
3 4663 8125 4661
3 4661 8125 8124
3 4661 8124 4659
3 4659 8124 8123
3 4659 8123 4657
3 4657 8123 8122
3 4657 8122 4655
3 4655 8122 4720
3 4655 4720 1211
3 4720 8122 1264
3 1264 8122 1266
3 1266 8122 8123
3 1266 8123 4722
3 4722 8123 8124
3 4722 8124 8125
3 4722 8125 4725
3 4725 8125 8126
3 4725 8126 1269
3 1269 8126 1272
3 4737 1275 4735
3 4737 4735 8127
3 4737 8127 4739
3 4739 8127 1215
3 1215 8127 1214
3 1214 8127 4730
3 4730 8127 4731
3 4730 4731 1273
3 4731 8127 4733
3 4733 8127 4735
3 1217 1218 4740
3 4743 1284 1281
3 4743 1281 4740
3 4743 4740 1218
3 4740 1281 4738
3 4738 1281 4741
3 4738 4741 1276
3 1276 4741 1278
3 1221 1229 4745
3 1221 4745 4744
3 1221 4744 1220
3 4744 4745 1287
3 4744 1287 1285
3 1232 1302 1299
3 1232 1299 1296
3 1232 1296 1293
3 1232 1293 4749
3 1232 4749 1231
3 1231 4749 4747
3 1231 4747 4746
3 4746 4747 1288
3 1288 4747 1290
3 1235 1305 4689
3 4689 1305 1303
3 4689 1303 1234
3 1322 1319 4781
3 4781 1319 1316
3 4781 1316 8128
3 4781 8128 4783
3 4783 8128 8130
3 4783 8130 1238
3 1238 8130 1237
3 1237 8130 8129
3 1237 8129 4761
3 1237 4761 1306
3 4761 8129 4763
3 4763 8129 1311
3 4763 1311 1308
3 1311 8129 8128
3 1311 8128 1316
3 8128 8129 8130
3 1241 1244 4784
3 1241 4784 1240
3 4784 1244 4795
3 4784 4795 8131
3 4784 8131 4782
3 4782 8131 1323
3 1323 8131 4793
3 1323 4793 1325
3 1325 4793 4789
3 4789 4793 1331
3 4789 1331 1328
3 4793 8131 4795
3 4798 1332 8133
3 4798 8133 1247
3 1247 8133 8132
3 1247 8132 1246
3 1246 8132 4796
3 4796 8132 4794
3 4794 8132 8133
3 4794 8133 1332
3 1337 1334 4810
3 8134 8135 8136
3 8134 8136 8137
3 8134 8137 4810
3 8134 4810 1334
3 8134 1334 1329
3 8134 1329 1330
3 8134 1330 8135
3 8135 1330 4800
3 8135 4800 1253
3 8135 1253 7040
3 8135 7040 8136
3 8136 7040 7038
3 8136 7038 8137
3 8137 7038 7036
3 8137 7036 4814
3 8137 4814 4810
3 4814 7036 7034
3 4814 7034 1340
3 1340 7034 7032
3 1340 7032 4822
3 4822 7032 7030
3 4822 7030 8138
3 4822 8138 4826
3 4826 8138 1343
3 1343 8138 8139
3 1343 8139 1346
3 1346 8139 8140
3 1346 8140 1289
3 1289 8140 1283
3 1289 1283 1286
3 1283 8140 1282
3 1282 8140 8139
3 1282 8139 7026
3 7026 8139 7028
3 7028 8139 8138
3 7028 8138 7030
3 1253 4800 1250
3 1250 4800 1249
3 8144 8145 8146
3 8146 8145 8147
3 8146 8147 7029
3 8146 7029 7031
3 8146 7031 8144
3 8144 7031 7033
3 8144 7033 7035
3 8144 7035 8143
3 8144 8143 7048
3 8144 7048 8145
3 8145 7048 7045
3 8145 7045 8147
3 8147 7045 2924
3 8147 2924 1279
3 8147 1279 4742
3 8147 4742 7027
3 8147 7027 7029
3 7027 4742 1280
3 7048 8143 8142
3 7048 8142 7051
3 7051 8142 2927
3 2927 8142 8141
3 2927 8141 1256
3 1256 8141 4708
3 4708 8141 7041
3 4708 7041 1255
3 7041 8141 7039
3 7039 8141 8142
3 7039 8142 7037
3 7037 8142 8143
3 7037 8143 7035
3 8148 8150 8151
3 8148 8151 7057
3 8148 7057 2928
3 8148 2928 1258
3 8148 1258 1259
3 8148 1259 4714
3 8148 4714 4716
3 8148 4716 8150
3 8150 4716 8149
3 8150 8149 7075
3 8150 7075 7073
3 8150 7073 8151
3 8151 7073 7059
3 8151 7059 7057
3 7059 7073 7071
3 7059 7071 7061
3 7061 7071 8152
3 7061 8152 7063
3 7063 8152 7065
3 7065 8152 8154
3 7065 8154 8155
3 7065 8155 8153
3 7065 8153 2923
3 2923 8153 1277
3 1277 8153 1274
3 1274 8153 4736
3 4736 8153 8155
3 4736 8155 4734
3 4734 8155 4732
3 4732 8155 7067
3 4732 7067 1271
3 1271 7067 1270
3 7067 8155 8154
3 7067 8154 7069
3 7069 8154 8152
3 7069 8152 7071
3 7075 8149 4718
3 7075 4718 1262
3 7075 1262 1265
3 4718 8149 4716
3 8157 8156 8158
3 8157 8158 8159
3 8158 8160 8161
3 8159 8158 8161
3 8159 8161 7070
3 8159 7070 7072
3 8159 7072 8157
3 8157 7072 7074
3 8157 7074 7076
3 8157 7076 8156
3 8156 7076 1267
3 8156 1267 4724
3 8156 4724 8158
3 8158 4724 8160
3 8160 4724 4727
3 8160 4727 1268
3 8160 1268 8161
3 8161 1268 7068
3 8161 7068 7070
3 1292 1352 4750
3 4750 1352 8162
3 4750 8162 4748
3 4748 8162 1291
3 1291 8162 4838
3 1291 4838 1349
3 1291 1349 1347
3 4838 8162 1352
3 1295 1361 8164
3 1295 8164 1294
3 1294 8164 8163
3 1294 8163 1353
3 1353 8163 4840
3 4840 8163 4842
3 4842 8163 1361
3 4842 1361 1358
3 4842 1358 1355
3 1361 8163 8164
3 8166 8165 8168
3 8166 8168 8169
3 8166 8169 8167
3 8166 8167 1376
3 8166 1376 1373
3 8166 1373 1367
3 8166 1367 8165
3 8165 1367 1364
3 8165 1364 1362
3 8165 1362 8168
3 8168 1362 1297
3 8168 1297 8169
3 8169 1297 1298
3 8169 1298 4882
3 8169 4882 8167
3 8167 4882 4880
3 8167 4880 1376
3 1376 4880 1379
3 1379 4880 1382
3 1382 4880 1385
3 1367 1373 1370
3 1301 1304 4883
3 1301 4883 1300
3 4883 1304 4762
3 4883 4762 4881
3 4881 4762 4764
3 4881 4764 1386
3 1386 4764 1307
3 1310 1390 1309
3 1309 1390 1383
3 1309 1383 1384
3 8170 8173 8174
3 8171 8170 8174
3 8171 8174 8175
3 8172 8171 8175
3 8172 8175 8176
3 8174 8173 8179
3 8174 8179 8180
3 8175 8174 8180
3 8175 8180 8181
3 8176 8175 8181
3 8177 8176 8181
3 8179 8178 8182
3 8180 8179 8182
3 8181 8180 8182
3 8181 8182 1312
3 8181 1312 8177
3 8177 1312 1315
3 8177 1315 4914
3 8177 4914 1408
3 8177 1408 8176
3 8176 1408 1405
3 8176 1405 8172
3 8172 1405 4910
3 8172 4910 8171
3 8171 4910 1402
3 8171 1402 8170
3 8170 1402 1399
3 8170 1399 1396
3 8170 1396 8173
3 8173 1396 8179
3 8179 1396 1393
3 8179 1393 8178
3 8178 1393 1391
3 8178 1391 1312
3 8178 1312 8182
3 4914 1315 1411
3 1318 1417 1414
3 1318 1414 1412
3 1318 1412 1317
3 1320 1321 1418
3 1321 1324 1418
3 1418 1324 1420
3 1420 1324 1423
3 1327 1333 8183
3 1327 8183 4790
3 4790 8183 1326
3 1326 8183 1424
3 1424 8183 4930
3 4930 8183 1441
3 4930 1441 4934
3 4934 1441 1438
3 4934 1438 1426
3 1426 1438 1435
3 1426 1435 1432
3 1426 1432 1429
3 1441 8183 1333
3 1335 1336 1442
3 1336 4949 1442
3 1447 1444 1450
3 8184 8185 8186
3 8184 8186 8187
3 8184 8187 8188
3 8184 8188 8189
3 8184 8189 8190
3 8184 8190 8185
3 8189 8188 8191
3 8189 8191 8192
3 8189 8192 8193
3 8190 8189 8193
3 8190 8193 8194
3 8192 8195 8196
3 8193 8192 8196
3 8193 8196 8197
3 8194 8193 8197
3 8196 8195 8198
3 8196 8198 8197
3 8197 8198 4967
3 8197 4967 4965
3 8197 4965 4963
3 8197 4963 8194
3 8194 4963 4961
3 8194 4961 8190
3 8190 4961 8185
3 8185 4961 1453
3 8185 1453 8186
3 8186 1453 1450
3 8186 1450 1439
3 8186 1439 8187
3 8187 1439 1440
3 8187 1440 8188
3 8188 1440 4951
3 8188 4951 8191
3 8191 4951 1338
3 8191 1338 4813
3 8191 4813 8192
3 8192 4813 8195
3 8195 4813 4817
3 8195 4817 8198
3 8198 4817 1339
3 8198 1339 4967
3 1439 1450 1444
3 8200 8203 8204
3 8202 8201 8205
3 8202 8205 8206
3 8203 8202 8206
3 8203 8206 8207
3 8204 8203 8207
3 8206 8205 8208
3 8206 8208 8209
3 8207 8206 8209
3 8207 8209 8210
3 8209 8208 8211
3 8210 8209 8211
3 8210 8211 1459
3 8210 1459 4977
3 8210 4977 4975
3 8210 4975 8207
3 8207 4975 8204
3 8204 4975 4973
3 8204 4973 8200
3 8200 4973 4971
3 8200 4971 8199
3 8200 8199 4964
3 8200 4964 4966
3 8200 4966 8202
3 8200 8202 8203
3 8202 4966 4968
3 8202 4968 8201
3 8201 4968 1341
3 8201 1341 4825
3 8201 4825 8205
3 8205 4825 4829
3 8205 4829 8208
3 8208 4829 1342
3 8208 1342 8211
3 8211 1342 1459
3 4964 8199 4962
3 4962 8199 4969
3 4962 4969 1454
3 4969 8199 4971
3 4977 1459 1456
3 1345 1348 1344
3 1344 1348 1460
3 8212 8213 8214
3 8213 8216 8217
3 8214 8213 8217
3 8214 8217 8218
3 8215 8214 8218
3 8217 8216 8219
3 8217 8219 8220
3 8218 8217 8220
3 8218 8220 8221
3 8220 8219 8223
3 8220 8223 8224
3 8221 8220 8224
3 8223 8222 8225
3 8219 8222 8223
3 8223 8225 4839
3 8223 4839 1351
3 8223 1351 8224
3 8224 1351 4841
3 8224 4841 8221
3 8221 4841 4843
3 8221 4843 8218
3 8218 4843 8215
3 8215 4843 1354
3 8215 1354 4996
3 8215 4996 8214
3 8214 4996 8212
3 8212 4996 4993
3 8212 4993 4988
3 8212 4988 4985
3 8212 4985 8213
3 8213 4985 4982
3 8213 4982 8216
3 8216 4982 1457
3 8216 1457 8222
3 8216 8222 8219
3 8222 1457 1458
3 8222 1458 8225
3 8225 1458 1350
3 8225 1350 4839
3 4988 4993 1465
3 4988 1465 1462
3 8227 8226 8229
3 8227 8229 8230
3 8226 8228 8229
3 8229 8228 8231
3 8229 8231 8232
3 8230 8229 8232
3 8232 8231 8233
3 8232 8233 8234
3 8232 8234 5033
3 8232 5033 1486
3 8232 1486 8230
3 8230 1486 1483
3 8230 1483 1480
3 8230 1480 8227
3 8227 1480 5021
3 8227 5021 1477
3 8227 1477 8226
3 8226 1477 5001
3 8226 5001 8228
3 8228 5001 1466
3 8228 1466 4995
3 8228 4995 8231
3 8231 4995 4998
3 8231 4998 8233
3 8233 4998 1356
3 8233 1356 1357
3 8233 1357 8234
3 8234 1357 1365
3 8234 1365 1366
3 8234 1366 5033
3 5001 1477 1474
3 5001 1474 1431
3 1431 1474 1430
3 1430 1474 1471
3 1360 1363 1359
3 1369 1489 5034
3 1369 5034 1368
3 5034 1489 1487
3 8236 8235 8238
3 8236 8238 8239
3 8237 8240 8241
3 8240 8244 8245
3 8241 8240 8245
3 8241 8245 1377
3 8241 1377 1378
3 8241 1378 5069
3 8241 5069 8237
3 8237 5069 1512
3 8237 1512 1509
3 8237 1509 8240
3 8240 1509 5063
3 8240 5063 8244
3 8244 5063 1506
3 8244 1506 7018
3 8244 7018 8245
3 8245 7018 1377
3 7018 1506 5061
3 7018 5061 7020
3 7020 5061 1503
3 7020 1503 8243
3 7020 8243 7022
3 7022 8243 8239
3 7022 8239 8238
3 7022 8238 8242
3 7022 8242 1372
3 1372 8242 1371
3 1371 8242 1490
3 1490 8242 5045
3 5045 8242 8235
3 5045 8235 5047
3 5047 8235 1497
3 5047 1497 1492
3 1497 8235 8236
3 1497 8236 1500
3 1500 8236 5057
3 5057 8236 8239
3 5057 8239 5059
3 5059 8239 8243
3 5059 8243 1503
3 8235 8242 8238
3 7023 1374 8246
3 7023 8246 7021
3 7021 8246 7019
3 7019 8246 1375
3 1375 8246 1374
3 1381 1389 5070
3 1381 5070 1380
3 5070 1389 1513
3 1513 1389 1392
3 5085 1524 5083
3 5085 5083 8247
3 5085 8247 1395
3 1395 8247 1511
3 1395 1511 1394
3 1511 8247 8248
3 1511 8248 1510
3 1510 8248 1515
3 1515 8248 1518
3 1518 8248 1521
3 1521 8248 8247
3 1521 8247 5083
3 1398 1536 5086
3 1398 5086 1397
3 5086 1536 1525
3 1525 1536 1527
3 1527 1536 1533
3 1527 1533 1530
3 1401 1539 5093
3 1401 5093 8249
3 1401 8249 1400
3 1400 8249 1537
3 1537 8249 5093
3 1404 1545 4911
3 4911 1545 1542
3 4911 1542 1540
3 4911 1540 1403
3 8250 8253 8254
3 8250 8254 8255
3 8251 8250 8255
3 8251 8255 8256
3 8252 8251 8256
3 8252 8256 8257
3 8253 8259 8260
3 8254 8253 8260
3 8254 8260 8261
3 8255 8254 8261
3 8255 8261 8262
3 8256 8255 8262
3 8260 8259 8263
3 8261 8260 8263
3 8261 8263 8264
3 8262 8261 8264
3 8262 8264 5122
3 8262 5122 1557
3 8262 1557 8257
3 8262 8257 8256
3 8257 1557 5118
3 8257 5118 8252
3 8252 5118 1554
3 8252 1554 5113
3 8252 5113 8251
3 8251 5113 1551
3 8251 1551 8250
3 8250 1551 5108
3 8250 5108 8253
3 8253 5108 1548
3 8253 1548 8258
3 8253 8258 8259
3 8259 8258 1406
3 8259 1406 8263
3 8263 1406 1407
3 8263 1407 8264
3 8264 1407 5122
3 1406 8258 1546
3 1546 8258 1548
3 1410 1413 4915
3 4915 1413 5123
3 4915 5123 1409
3 5123 1413 1558
3 1416 1419 1556
3 1416 1556 1415
3 1556 1419 5120
3 5120 1419 1572
3 5120 1572 1569
3 5120 1569 1555
3 1555 1569 1560
3 1560 1569 1566
3 1560 1566 1563
3 8265 8267 8268
3 8266 8265 8268
3 8266 8268 7014
3 8266 7014 7012
3 8266 7012 1578
3 8266 1578 1575
3 8266 1575 8265
3 8265 1575 1573
3 8265 1573 8267
3 8267 1573 1421
3 8267 1421 1422
3 8267 1422 4933
3 8267 4933 8268
3 8268 4933 4937
3 8268 4937 7014
3 7014 4937 1425
3 7014 1425 1473
3 1473 1425 1472
3 1578 7012 7010
3 1578 7010 5138
3 5138 7010 5140
3 5140 7010 7008
3 5140 7008 1581
3 1581 7008 5023
3 1581 5023 1479
3 1581 1479 1584
3 5023 7008 1478
3 1428 1470 1427
3 1445 1446 1434
3 1434 1446 1468
3 1434 1468 1433
3 1433 1468 5006
3 1433 5006 5003
3 5003 5006 1463
3 5003 1463 1464
3 1437 1443 1436
3 1449 1469 1448
3 2622 2756 8274
3 2622 8274 4987
3 2622 4987 4990
3 2622 4990 8273
3 2622 8273 8271
3 2622 8271 8269
3 2622 8269 2619
3 2619 8269 8272
3 2619 8272 4972
3 2619 4972 2756
3 2756 4972 4974
3 2756 4974 4976
3 2756 4976 4978
3 2756 4978 8274
3 8274 4978 1455
3 8274 1455 4984
3 8274 4984 4987
3 4972 8272 4970
3 4970 8272 8269
3 4970 8269 1452
3 1452 8269 8270
3 1452 8270 1451
3 1451 8270 5008
3 1451 5008 1467
3 5008 8270 8271
3 5008 8271 1461
3 1461 8271 8273
3 1461 8273 4990
3 8271 8270 8269
3 7015 1475 8276
3 7015 8276 7013
3 7013 8276 7011
3 7011 8276 8275
3 7011 8275 7009
3 7009 8275 1476
3 1476 8275 8276
3 1476 8276 1475
3 1482 1587 1481
3 1481 1587 1585
3 1485 1488 5046
3 1485 5046 5048
3 1485 5048 1484
3 1484 5048 1588
3 1588 5048 1590
3 1590 5048 1491
3 1590 1491 1593
3 1496 1620 1493
3 1493 1620 1617
3 1493 1617 8277
3 1493 8277 5164
3 1493 5164 1594
3 1594 5164 5162
3 1594 5162 5160
3 1594 5160 1600
3 1600 5160 5158
3 1600 5158 1605
3 1605 5158 1608
3 1608 5158 1611
3 5164 8277 5166
3 5166 8277 5168
3 5168 8277 5170
3 5168 5170 1614
3 5170 8277 1617
3 1499 1626 5174
3 1499 5174 1621
3 1499 1621 1498
3 5174 1626 1623
3 5190 1629 5058
3 5190 5058 5060
3 5190 5060 1502
3 5058 1629 1627
3 5058 1627 1501
3 8280 8279 8282
3 8281 8280 8282
3 8281 8282 1505
3 8281 1505 1641
3 8281 1641 1638
3 8281 1638 8280
3 8280 1638 5199
3 8280 5199 1635
3 8280 1635 8279
3 8279 1635 8278
3 8279 8278 5191
3 8279 5191 1504
3 8279 1504 8282
3 8282 1504 5062
3 8282 5062 1505
3 5191 8278 1630
3 1630 8278 1632
3 1632 8278 1635
3 1508 1514 5064
3 5064 1514 1642
3 5064 1642 1507
3 8285 8284 8287
3 8286 8285 8287
3 8286 8287 1640
3 8286 1640 1516
3 8286 1516 1517
3 8286 1517 5222
3 8286 5222 8285
3 8285 5222 5220
3 8285 5220 5218
3 8285 5218 8283
3 8285 8283 8284
3 8284 8283 5212
3 8284 5212 1639
3 8284 1639 8287
3 8287 1639 1640
3 5212 8283 1644
3 1644 8283 1647
3 1647 8283 5218
3 8288 8290 8291
3 8288 8291 5228
3 8288 5228 5226
3 8288 5226 1656
3 8288 1656 1653
3 8288 1653 5224
3 8288 5224 8290
3 8290 5224 8289
3 8290 8289 5221
3 8290 5221 8291
3 8291 5221 5223
3 8291 5223 5228
3 5228 5223 1520
3 1520 5223 1519
3 5221 8289 5219
3 5219 8289 1650
3 5219 1650 1648
3 1650 8289 5224
3 1659 1657 5232
3 1523 1526 5227
3 1523 5227 5229
3 1523 5229 5084
3 5084 5229 1522
3 5227 1526 5232
3 5227 5232 1657
3 1529 1668 1528
3 1528 1668 5233
3 5233 1668 1662
3 5233 1662 1660
3 1662 1668 1665
3 5254 1683 5238
3 5254 5238 1669
3 5254 1669 1531
3 5254 1531 1532
3 5238 1683 5250
3 5238 5250 5240
3 5240 5250 1680
3 5240 1680 1677
3 5240 1677 1671
3 1671 1677 5247
3 1671 5247 5243
3 5243 5247 1674
3 5094 1538 1686
3 5094 1686 5258
3 5094 5258 5256
3 5094 5256 5255
3 5094 5255 1535
3 1535 5255 1534
3 5255 5256 1684
3 1686 1538 1541
3 1686 1541 1689
3 1544 1547 1690
3 1544 1690 1543
3 1690 1547 1692
3 5267 1695 8292
3 5267 8292 1550
3 1550 8292 5110
3 5110 8292 5263
3 5110 5263 1693
3 5110 1693 1549
3 5263 8292 1695
3 8294 8296 8297
3 8295 8294 8297
3 8295 8297 5277
3 8295 5277 5275
3 8295 5275 1704
3 8295 1704 8294
3 8294 1704 1701
3 8294 1701 8293
3 8294 8293 5268
3 8294 5268 8296
3 8296 5268 1552
3 8296 1552 5115
3 8296 5115 8297
3 8297 5115 1553
3 8297 1553 5277
3 5277 1553 1559
3 5268 8293 1698
3 5268 1698 1696
3 1698 8293 1701
3 1704 5275 5271
3 5271 5275 1710
3 5271 1710 1707
3 5282 1713 5276
3 5282 5276 5278
3 5282 5278 1562
3 1562 5278 1561
3 5276 1713 1711
3 1565 1722 5284
3 1565 5284 1564
3 5284 1722 5286
3 5284 5286 1714
3 5286 1722 1719
3 5286 1719 1716
3 1568 1576 8298
3 1568 8298 1567
3 1567 8298 1723
3 1723 8298 5292
3 5292 8298 1577
3 1577 8298 1576
3 1571 1574 1570
3 1580 1725 8300
3 1580 8300 5141
3 5141 8300 5139
3 5139 8300 8299
3 5139 8299 5293
3 5139 5293 1579
3 5293 8299 1720
3 5293 1720 1721
3 1720 8299 5294
3 5294 8299 1725
3 1725 8299 8300
3 1583 1586 1589
3 1583 1589 1582
3 1582 1589 5296
3 1582 5296 1726
3 1592 1599 5297
3 1592 5297 1591
3 5297 1599 8301
3 5297 8301 1724
3 1724 8301 5295
3 5295 8301 5300
3 5295 5300 1717
3 5295 1717 1718
3 1717 5300 1728
3 5300 8301 1731
3 1731 8301 1599
3 1604 1743 1732
3 1604 1732 1601
3 1732 1743 1740
3 1732 1740 1737
3 1732 1737 1734
3 1607 1746 1606
3 1606 1746 1744
3 8303 8302 8305
3 8303 8305 8304
3 8303 8304 5330
3 8303 5330 5328
3 8303 5328 8302
3 8302 5328 1755
3 8302 1755 1752
3 8302 1752 8305
3 8305 1752 1749
3 8305 1749 1747
3 8305 1747 1609
3 8305 1609 1610
3 8305 1610 8304
3 8304 1610 1764
3 8304 1764 5332
3 8304 5332 5330
3 5332 1764 1761
3 1755 5328 1758
3 8308 8307 8309
3 8308 8309 1785
3 8308 1785 1782
3 8308 1782 1779
3 8308 1779 8307
3 8307 1779 1776
3 8307 1776 5364
3 8307 5364 5362
3 8307 5362 5167
3 8307 5167 5169
3 8307 5169 1613
3 8307 1613 8309
3 8309 1613 1788
3 8309 1788 1785
3 5167 5362 5165
3 5165 5362 5360
3 5165 5360 5163
3 5163 5360 5358
3 5163 5358 5161
3 5161 5358 5356
3 5161 5356 5159
3 5159 5356 5354
3 5159 5354 1612
3 1612 5354 8306
3 1612 8306 1765
3 1765 8306 1767
3 1767 8306 1770
3 1770 8306 5352
3 5352 8306 5354
3 5364 1776 1773
3 8311 8310 8312
3 8311 8312 5376
3 8311 5376 1791
3 8311 1791 1789
3 8311 1789 1615
3 8311 1615 8310
3 8310 1615 5171
3 8310 5171 5384
3 8310 5384 5382
3 8310 5382 8312
3 8312 5382 5380
3 8312 5380 5378
3 8312 5378 5376
3 5378 5380 1794
3 5384 5171 1616
3 8314 8313 8315
3 8314 8315 5381
3 8314 5381 5383
3 8314 5383 5385
3 8314 5385 5175
3 8314 5175 8313
3 8313 5175 1622
3 8313 1622 1800
3 8313 1800 5386
3 8313 5386 8315
3 8315 5386 1795
3 8315 1795 5381
3 1795 5386 1797
3 5175 5385 1618
3 5175 1618 1619
3 1631 1815 1628
3 1625 1628 1624
3 1624 1628 8316
3 1624 8316 1801
3 1801 8316 1806
3 1801 1806 1803
3 1806 8316 1809
3 1809 8316 1812
3 1812 8316 1815
3 1815 8316 1628
3 1816 1633 1634
3 5214 1643 5410
3 5214 5410 5408
3 5214 5408 1637
3 1637 5408 5201
3 5201 5408 5406
3 5201 5406 8317
3 5201 8317 1636
3 1636 8317 1813
3 1636 1813 1814
3 1813 8317 1818
3 1818 8317 5406
3 5410 1643 1821
3 1821 1643 1824
3 1824 1643 1827
3 1842 1839 1649
3 1646 1649 8318
3 1646 8318 1830
3 1646 1830 1645
3 1645 1830 1828
3 1830 8318 1833
3 1833 8318 1836
3 1836 8318 1839
3 1839 8318 1649
3 5432 1845 5225
3 5432 5225 1652
3 5225 1845 1651
3 1651 1845 1843
3 1655 1658 1654
3 1658 1661 8320
3 1658 8320 1654
3 1654 8320 5433
3 5433 8320 5434
3 5433 5434 1846
3 5434 8320 5436
3 5436 8320 8319
3 5436 8319 5438
3 5438 8319 5440
3 5438 5440 1848
3 1848 5440 1851
3 5440 8319 1661
3 1661 8319 8320
3 1664 1672 5441
3 1664 5441 1663
3 5441 1672 1852
3 1852 1672 5245
3 1852 5245 5443
3 5443 5245 1673
3 5443 1673 1863
3 5443 1863 5446
3 5446 1863 1860
3 5446 1860 1854
3 1854 1860 1857
3 5241 1670 1666
3 5241 1666 8321
3 5241 8321 5239
3 5239 8321 1667
3 1667 8321 1666
3 8323 8324 8325
3 8323 8325 5468
3 8323 5468 5466
3 8323 5466 8322
3 8323 8322 1869
3 8323 1869 8324
3 8324 1869 1866
3 8324 1866 8325
3 8325 1866 8326
3 8325 8326 8327
3 8325 8327 5470
3 8325 5470 5468
3 5470 8327 5472
3 5472 8327 1676
3 1676 8327 5248
3 5248 8327 8326
3 5248 8326 1675
3 1675 8326 1864
3 1864 8326 1866
3 1869 8322 1872
3 1872 8322 1875
3 1875 8322 5466
3 1875 5466 1878
3 5484 1884 8330
3 5484 8330 1679
3 1679 8330 1678
3 1678 8330 5473
3 5473 8330 5471
3 5471 8330 8328
3 5471 8328 5469
3 5469 8328 5467
3 5467 8328 8329
3 5467 8329 1879
3 1879 8329 1881
3 1881 8329 5479
3 5479 8329 1884
3 1884 8329 8328
3 1884 8328 8330
3 8331 8333 8334
3 8332 8335 8336
3 8333 8332 8336
3 8334 8333 8336
3 8334 8336 5492
3 8334 5492 5490
3 8334 5490 8331
3 8331 5490 5488
3 8331 5488 1885
3 8331 1885 5486
3 8331 5486 8332
3 8331 8332 8333
3 8332 5486 1681
3 8332 1681 5252
3 8332 5252 8335
3 8335 5252 1682
3 8335 1682 5257
3 8335 5257 8336
3 8336 5257 5259
3 8336 5259 1685
3 8336 1685 5492
3 8337 8338 8339
3 8337 8339 1887
3 8337 1887 1882
3 8337 1882 5481
3 8337 5481 1883
3 8337 1883 5489
3 8337 5489 8338
3 8338 5489 5491
3 8338 5491 8340
3 8338 8340 8339
3 8339 8340 5265
3 8339 5265 1694
3 8339 1694 1697
3 8339 1697 1887
3 5265 8340 5493
3 5265 5493 1691
3 1691 5493 1688
3 1688 5493 1687
3 5493 8340 5491
3 1700 1888 1699
3 5496 1876 8341
3 5496 8341 1703
3 1703 8341 8342
3 1703 8342 1702
3 1702 8342 1886
3 1886 8342 1880
3 1880 8342 8341
3 1880 8341 1877
3 1877 8341 1876
3 1706 1893 8343
3 1706 8343 5272
3 5272 8343 5497
3 5272 5497 1705
3 5497 8343 8344
3 5497 8344 1873
3 5497 1873 1874
3 1873 8344 1890
3 1890 8344 1893
3 1893 8344 8343
3 1709 1712 5287
3 1709 5287 1708
3 1708 5287 1894
3 1894 5287 1896
3 1896 5287 1727
3 1896 1727 1902
3 1896 1902 1899
3 1727 5287 1715
3 1730 1733 5301
3 5301 1733 1903
3 5301 1903 1729
3 1736 1914 1735
3 1735 1914 1901
3 1901 1914 1900
3 1900 1914 1908
3 1900 1908 1905
3 1908 1914 1911
3 1739 1750 1738
3 1738 1750 1751
3 1738 1751 1915
3 1742 1745 1741
3 1741 1745 1748
3 1754 1920 8345
3 1754 8345 1913
3 1754 1913 1753
3 1913 8345 1912
3 1912 8345 1917
3 1917 8345 1920
3 1757 1932 8346
3 1757 8346 1756
3 1756 8346 1921
3 1921 8346 1923
3 1923 8346 1926
3 1926 8346 5538
3 1926 5538 1929
3 5538 8346 1932
3 1760 1938 8348
3 1760 8348 5333
3 5333 8348 5331
3 5331 8348 8347
3 5331 8347 5329
3 5329 8347 1933
3 5329 1933 1759
3 1933 8347 5543
3 5543 8347 1935
3 1935 8347 8348
3 1935 8348 1938
3 1763 1766 1762
3 1762 1766 1953
3 1762 1953 1950
3 1762 1950 1947
3 1762 1947 1944
3 1762 1944 1939
3 1939 1944 1941
3 1769 1962 5577
3 1769 5577 1956
3 1769 1956 1768
3 1768 1956 1954
3 5577 1962 1959
3 8349 8350 8351
3 8349 8351 8352
3 8351 8350 8353
3 8351 8353 8354
3 8351 8354 8355
3 8352 8351 8355
3 8354 8353 8356
3 8354 8356 8357
3 8355 8354 8357
3 8355 8357 5589
3 8355 5589 1965
3 8355 1965 8352
3 8352 1965 5584
3 8352 5584 8349
3 8349 5584 1963
3 8349 1963 1771
3 8349 1771 5353
3 8349 5353 8350
3 8350 5353 5355
3 8350 5355 5357
3 8350 5357 8353
3 8353 5357 5359
3 8353 5359 8356
3 8356 5359 5361
3 8356 5361 5363
3 8356 5363 8357
3 8357 5363 5365
3 8357 5365 1772
3 8357 1772 5589
3 1977 1974 1980
3 1775 1980 1774
3 1774 1980 1974
3 1774 1974 5591
3 5591 1974 1971
3 5591 1971 1966
3 1966 1971 1968
3 1778 1981 1777
3 5636 1992 1989
3 5636 1989 1986
3 5636 1986 5638
3 5638 1986 1983
3 5638 1983 5640
3 5640 1983 5616
3 5640 5616 8358
3 5640 8358 1781
3 1781 8358 1780
3 1780 8358 1979
3 1979 8358 1978
3 1978 8358 5616
3 8360 8359 8361
3 8360 8361 8362
3 8362 8361 8364
3 8362 8364 5649
3 8362 5649 2008
3 8362 2008 5646
3 8362 5646 8360
3 8360 5646 5644
3 8360 5644 8359
3 8359 5644 2005
3 8359 2005 2002
3 8359 2002 1993
3 8359 1993 5637
3 8359 5637 8361
3 8361 5637 5639
3 8361 5639 8364
3 8364 5639 5641
3 8364 5641 8363
3 8364 8363 5652
3 8364 5652 5649
3 5652 8363 1784
3 1784 8363 5641
3 1784 5641 1783
3 1993 2002 1997
3 1787 1790 1786
3 1786 1790 5654
3 5654 1790 5670
3 5654 5670 5668
3 5654 5668 5651
3 5651 5668 5666
3 5651 5666 2009
3 2009 5666 2020
3 2009 2020 2011
3 2011 2020 2017
3 2011 2017 2014
3 1793 1796 8366
3 1793 8366 5379
3 5379 8366 8365
3 5379 8365 8367
3 5379 8367 5377
3 5377 8367 5671
3 5377 5671 1792
3 5671 8367 5669
3 5669 8367 8365
3 5669 8365 5667
3 5667 8365 2023
3 5667 2023 2021
3 2023 8365 8366
3 2023 8366 5678
3 5678 8366 1796
3 5678 1796 2026
3 2037 2034 2040
3 1799 1802 5387
3 5387 1802 8368
3 5387 8368 1798
3 1798 8368 2027
3 2027 8368 2029
3 2029 8368 2040
3 2029 2040 2034
3 2040 8368 1802
3 1805 2041 1804
3 5738 2052 2049
3 5738 2049 2046
3 5738 2046 5740
3 5740 2046 5722
3 5740 5722 5742
3 5742 5722 8369
3 5742 8369 5744
3 5744 8369 2039
3 5744 2039 1807
3 5744 1807 1808
3 2039 8369 2043
3 2039 2043 2038
3 2043 8369 5722
3 8370 8373 8374
3 8371 8370 8374
3 8371 8374 8375
3 8372 8376 8377
3 8373 8372 8377
3 8374 8373 8377
3 8374 8377 8378
3 8375 8374 8378
3 8377 8376 8380
3 8378 8377 8380
3 8376 8379 8380
3 8380 8379 1817
3 8380 1817 5751
3 8380 5751 8378
3 8378 5751 8375
3 8375 5751 2058
3 8375 2058 2055
3 8375 2055 8371
3 8371 2055 2053
3 8371 2053 8370
3 8370 2053 5739
3 8370 5739 8373
3 8373 5739 5741
3 8373 5741 8372
3 8372 5741 5743
3 8372 5743 5745
3 8372 5745 8376
3 8376 5745 1810
3 8376 1810 8379
3 8379 1810 1811
3 8379 1811 1817
3 5756 2059 8381
3 5756 8381 5411
3 5756 5411 1820
3 5411 8381 5409
3 5409 8381 5407
3 5407 8381 5753
3 5407 5753 1819
3 5753 8381 2059
3 8384 8383 8386
3 8385 8384 8386
3 8385 8386 5758
3 8385 5758 1822
3 8385 1822 1831
3 8385 1831 1832
3 8385 1832 5770
3 8385 5770 5768
3 8385 5768 8384
3 8384 5768 5766
3 8384 5766 8383
3 8383 5766 5764
3 8383 5764 8382
3 8383 8382 8386
3 8386 8382 2057
3 8386 2057 5758
3 2057 8382 2056
3 2056 8382 5762
3 2056 5762 2061
3 5762 8382 5764
3 1831 1822 1823
3 1826 1829 1825
3 8388 8389 8390
3 8388 8390 5810
3 8388 5810 8387
3 8388 8387 2076
3 8388 2076 2073
3 8388 2073 8389
3 8389 2073 2070
3 8389 2070 5786
3 8389 5786 5767
3 8389 5767 5769
3 8389 5769 8390
3 8390 5769 5771
3 8390 5771 1835
3 8390 1835 5810
3 1835 5771 1834
3 5767 5786 5765
3 5765 5786 5782
3 5765 5782 5763
3 5763 5782 2062
3 2062 5782 2064
3 2064 5782 2067
3 2076 8387 2079
3 2079 8387 2082
3 2082 8387 2085
3 2085 8387 2088
3 2088 8387 5810
3 5820 2091 2089
3 5820 2089 5813
3 5820 5813 8391
3 5820 8391 5822
3 5822 8391 1838
3 1838 8391 1837
3 1837 8391 5813
3 1841 1844 1840
3 1840 1844 8395
3 1840 8395 5823
3 5823 8395 8394
3 5823 8394 8392
3 5823 8392 5821
3 5821 8392 5828
3 5821 5828 2094
3 5821 2094 2092
3 5828 8392 8393
3 5828 8393 5830
3 5830 8393 5439
3 5830 5439 1847
3 5439 8393 5437
3 5437 8393 8394
3 5437 8394 5435
3 5435 8394 8395
3 5435 8395 1844
3 8394 8393 8392
3 1849 1850 5831
3 1853 2100 5448
3 5448 2100 5837
3 5448 5837 8396
3 5448 8396 5445
3 5445 8396 1850
3 1850 8396 5831
3 5831 8396 8397
3 5831 8397 5829
3 5829 8397 2097
3 5829 2097 2095
3 2097 8397 8396
3 2097 8396 5837
3 2106 2103 2109
3 1856 2118 2109
3 1856 2109 2103
3 1856 2103 1855
3 1855 2103 2101
3 2109 2118 2112
3 2112 2118 2115
3 1859 1867 1858
3 1858 1867 8398
3 1858 8398 2119
3 2119 8398 5873
3 2119 5873 2121
3 5873 8398 1868
3 1868 8398 1867
3 1862 1865 1861
3 1871 1889 8399
3 1871 8399 5874
3 1871 5874 1870
3 5874 8399 1897
3 5874 1897 2124
3 5874 2124 2122
3 2124 1897 1904
3 1904 1897 1898
3 1897 8399 1889
3 1892 1895 1891
3 1907 2125 1906
3 1910 1916 1909
3 1909 1916 2123
3 2123 1916 2120
3 2120 1916 2116
3 2120 2116 2117
3 1919 1922 2114
3 1919 2114 1918
3 2114 1922 2113
3 5904 2130 5899
3 5904 5899 5897
3 5904 5897 5907
3 5907 5897 5895
3 5907 5895 1925
3 1925 5895 5893
3 1925 5893 1924
3 1924 5893 2111
3 2111 5893 2110
3 5899 2130 2127
3 8401 8400 8403
3 8402 8401 8404
3 8402 8404 1928
3 8402 1928 2145
3 8402 2145 5915
3 8402 5915 8401
3 8401 5915 8400
3 8400 5915 2136
3 8400 2136 2133
3 8400 2133 8403
3 8403 2133 2131
3 8403 2131 5906
3 8403 5906 8401
3 8401 5906 8404
3 8404 5906 5909
3 8404 5909 1927
3 8404 1927 1928
3 5915 2145 2142
3 5915 2142 2139
3 5545 1934 2148
3 5545 2148 8405
3 5545 8405 1931
3 1931 8405 5539
3 5539 8405 1930
3 1930 8405 2146
3 2146 8405 2148
3 1937 1940 5924
3 1937 5924 1936
3 1936 5924 2149
3 2149 5924 2141
3 2141 5924 2154
3 2141 2154 2140
3 2140 2154 2151
3 8406 8407 8408
3 8406 8408 8409
3 8406 8409 8410
3 8406 8410 8411
3 8406 8411 8412
3 8406 8412 8407
3 8408 8407 8414
3 8408 8414 8415
3 8408 8415 8416
3 8409 8408 8416
3 8412 8411 8417
3 8412 8417 8418
3 8407 8413 8414
3 8415 8414 8419
3 8415 8419 2160
3 8415 2160 8416
3 8416 2160 2157
3 8416 2157 5928
3 8416 5928 8409
3 8409 5928 8410
3 8410 5928 2155
3 8410 2155 5926
3 8410 5926 8411
3 8411 5926 8417
3 8417 5926 1942
3 8417 1942 1943
3 8417 1943 8418
3 8418 1943 2175
3 8418 2175 8413
3 8418 8413 8412
3 8412 8413 8407
3 8413 2175 2172
3 8413 2172 8414
3 8414 2172 2169
3 8414 2169 8419
3 8419 2169 2166
3 8419 2166 2163
3 8419 2163 2160
3 1946 2178 1945
3 1945 2178 2176
3 5966 2181 2179
3 5966 2179 5968
3 5968 2179 1948
3 5968 1948 1949
3 8420 8422 8423
3 8420 8423 8421
3 8422 8424 8425
3 8423 8422 8425
3 8423 8425 2193
3 8423 2193 5979
3 8423 5979 8421
3 8421 5979 2184
3 8421 2184 5971
3 8421 5971 8420
3 8420 5971 2182
3 8420 2182 8422
3 8422 2182 5967
3 8422 5967 8424
3 8424 5967 5985
3 8424 5985 2199
3 8424 2199 8425
3 8425 2199 2196
3 8425 2196 2193
3 5985 5967 5969
3 5985 5969 5987
3 5987 5969 1955
3 1955 5969 1951
3 1955 1951 1952
3 2184 5979 2187
3 2187 5979 2190
3 1958 2205 8426
3 1958 8426 5578
3 5578 8426 5988
3 5578 5988 1957
3 5988 8426 5986
3 5986 8426 2202
3 5986 2202 2200
3 2202 8426 2205
3 5586 1964 2206
3 5586 2206 1960
3 5586 1960 1961
3 2206 1964 1967
3 2211 2208 2214
3 8427 8428 8429
3 8427 8429 8430
3 8429 8428 8431
3 8429 8431 8432
3 8429 8432 8433
3 8430 8429 8433
3 8430 8433 8434
3 8431 8435 8436
3 8432 8431 8436
3 8432 8436 8437
3 8436 8435 8438
3 8436 8438 8437
3 8437 8438 2223
3 8437 2223 6009
3 8437 6009 2220
3 8437 2220 8433
3 8437 8433 8432
3 8433 2220 8434
3 8434 2220 2217
3 8434 2217 6004
3 8434 6004 8430
3 8430 6004 2214
3 8430 2214 8427
3 8427 2214 2208
3 8427 2208 5998
3 8427 5998 8428
3 8428 5998 2203
3 8428 2203 8431
3 8431 2203 8435
3 8435 2203 2204
3 8435 2204 8438
3 8438 2204 1969
3 8438 1969 1970
3 8438 1970 2223
3 7004 1984 6027
3 7004 6027 6025
3 7004 6025 2232
3 7004 2232 8440
3 7004 8440 1973
3 1973 8440 8439
3 1973 8439 1972
3 1972 8439 2224
3 2224 8439 2226
3 2226 8439 8440
3 2226 8440 2229
3 2229 8440 2232
3 6027 1984 1985
3 1975 1976 7005
3 5618 1982 7005
3 5618 7005 1976
3 8442 8441 8443
3 8442 8443 2238
3 8442 2238 6026
3 8442 6026 6028
3 8442 6028 8441
3 8441 6028 1987
3 8441 1987 1988
3 8441 1988 6043
3 8441 6043 8443
3 8443 6043 2244
3 8443 2244 2241
3 8443 2241 2238
3 6026 2238 2235
3 6026 2235 2233
3 1991 1996 2250
3 1991 2250 1990
3 1990 2250 8444
3 1990 8444 6044
3 6044 8444 2245
3 2245 8444 2247
3 2247 8444 6051
3 6051 8444 2250
3 2001 2280 8448
3 2001 8448 1998
3 1998 8448 2251
3 2251 8448 2256
3 2251 2256 2253
3 2256 8448 2259
3 2259 8448 6055
3 6055 8448 2280
3 6055 2280 6057
3 6057 2280 6059
3 6059 2280 2277
3 6059 2277 6061
3 6061 2277 6085
3 6061 6085 6063
3 6063 6085 6065
3 6065 6085 6081
3 6065 6081 8446
3 6065 8446 6067
3 6067 8446 8445
3 6067 8445 6069
3 6069 8445 8447
3 6069 8447 2262
3 2262 8447 2265
3 2265 8447 2268
3 2268 8447 2271
3 2271 8447 8445
3 2271 8445 2274
3 2274 8445 6077
3 6077 8445 8446
3 6077 8446 6081
3 6105 2286 2283
3 6105 2283 2281
3 6105 2281 6107
3 6107 2281 2004
3 2004 2281 2003
3 2007 2010 5647
3 5647 2010 6111
3 5647 6111 5645
3 5645 6111 6108
3 5645 6108 2006
3 6108 6111 6106
3 6106 6111 2289
3 6106 2289 2287
3 2013 2300 6112
3 2013 6112 2012
3 6112 2300 2292
3 6112 2292 2290
3 2292 2300 2295
3 2016 2303 2015
3 2015 2303 2301
3 8450 8453 8454
3 8451 8450 8454
3 8452 8451 8454
3 8449 8451 8452
3 8454 8453 8456
3 8455 8454 8456
3 8452 8454 8455
3 8455 8456 2315
3 8455 2315 2312
3 8455 2312 8452
3 8452 2312 6141
3 8452 6141 8449
3 8449 6141 6139
3 8449 6139 2309
3 8449 2309 2306
3 8449 2306 8451
3 8451 2306 8450
3 8450 2306 2304
3 8450 2304 2018
3 8450 2018 2019
3 8450 2019 8453
3 8453 2019 2022
3 8453 2022 6145
3 8453 6145 8456
3 8456 6145 2315
3 2025 2028 2321
3 2025 2321 6147
3 2025 6147 5681
3 5681 6147 2318
3 5681 2318 6146
3 5681 6146 2024
3 6146 2318 2316
3 2033 2044 8458
3 2033 8458 2030
3 2030 8458 2322
3 2322 8458 6149
3 6149 8458 6153
3 6149 6153 6151
3 6149 6151 2324
3 2324 6151 2327
3 6153 8458 8457
3 6153 8457 6155
3 6155 8457 5727
3 6155 5727 2045
3 6155 2045 6157
3 6157 2045 2330
3 5727 8457 8458
3 5727 8458 2044
3 2035 2036 2042
3 8459 8461 8462
3 8460 8459 8462
3 8460 8462 8463
3 8460 8463 6203
3 8460 6203 6175
3 8460 6175 6173
3 8460 6173 8459
3 8459 6173 6171
3 8459 6171 8461
3 8461 6171 6169
3 8461 6169 6167
3 8461 6167 6165
3 8461 6165 8462
3 8462 6165 6163
3 8462 6163 8463
3 8463 6163 6161
3 8463 6161 8464
3 8463 8464 6206
3 8463 6206 6203
3 6206 8464 2333
3 6206 2333 6159
3 6206 6159 2351
3 2351 6159 2331
3 2351 2331 2048
3 2048 2331 2047
3 2333 8464 6161
3 6167 6169 2336
3 6175 6203 2339
3 2339 6203 6180
3 6180 6203 2348
3 6180 2348 2345
3 6180 2345 2342
3 2051 2054 2060
3 2051 2060 2063
3 2051 2063 2357
3 2051 2357 2352
3 2051 2352 2050
3 2352 2357 6224
3 2352 6224 2347
3 2347 6224 2354
3 2347 2354 2346
3 2066 2360 2358
3 2066 2358 2065
3 8466 8465 8468
3 8466 8468 8469
3 8467 8466 8469
3 8467 8469 8470
3 8469 8468 8475
3 8469 8475 8476
3 8470 8469 8476
3 8471 8470 8476
3 8471 8476 8477
3 8472 8471 8477
3 8473 8478 8479
3 8475 8474 8480
3 8468 8474 8475
3 8476 8475 8481
3 8477 8476 8481
3 8478 8477 8481
3 8479 8478 8481
3 8480 8479 8481
3 8475 8480 8481
3 8480 8474 5785
3 8480 5785 8479
3 8479 5785 5789
3 8479 5789 8473
3 8473 5789 2069
3 8473 2069 6242
3 8473 6242 6240
3 8473 6240 8478
3 8478 6240 8472
3 8478 8472 8477
3 8472 6240 6238
3 8472 6238 8471
3 8471 6238 6236
3 8471 6236 8470
3 8470 6236 2373
3 8470 2373 8467
3 8467 2373 2370
3 8467 2370 8466
3 8466 2370 8465
3 8465 2370 2367
3 8465 2367 2361
3 8465 2361 8474
3 8465 8474 8468
3 8474 2361 2068
3 8474 2068 5785
3 8482 8484 8485
3 8483 8488 8489
3 8484 8483 8489
3 8484 8489 8490
3 8485 8484 8490
3 8486 8485 8490
3 8486 8490 8491
3 8486 8491 2077
3 8486 2077 2078
3 8486 2078 6257
3 8486 6257 2382
3 8486 2382 8485
3 8485 2382 8482
3 8482 2382 2379
3 8482 2379 6250
3 8482 6250 8483
3 8482 8483 8484
3 8483 6250 6248
3 8483 6248 6246
3 8483 6246 8488
3 8488 6246 8487
3 8488 8487 6239
3 8488 6239 6241
3 8488 6241 8489
3 8489 6241 8490
3 8490 6241 6243
3 8490 6243 8491
3 8491 6243 2071
3 8491 2071 2072
3 8491 2072 2077
3 6239 8487 6237
3 6237 8487 6244
3 6237 6244 2374
3 6244 8487 6246
3 6250 2379 2376
3 8492 8494 8495
3 8493 8492 8495
3 8493 8495 6265
3 8493 6265 6278
3 8493 6278 2397
3 8493 2397 2394
3 8493 2394 8492
3 8492 2394 6274
3 8492 6274 8494
3 8494 6274 2385
3 8494 2385 6270
3 8494 6270 6267
3 8494 6267 8495
3 8495 6267 6265
3 6267 6270 2377
3 6267 2377 2378
3 6274 2394 2391
3 6274 2391 2388
3 6278 6265 6280
3 6280 6265 6263
3 6280 6263 2400
3 2400 6263 6261
3 2400 6261 6283
3 6283 6261 6259
3 6283 6259 2081
3 2081 6259 2080
3 6259 6261 2383
3 6287 2403 2401
3 6287 2401 6289
3 6289 2401 6285
3 6289 6285 2084
3 2084 6285 2083
3 2087 2090 2086
3 2086 2090 6290
3 6290 2090 2093
3 6290 2093 6288
3 6288 2093 2096
3 6288 2096 8496
3 6288 8496 2404
3 2404 8496 2406
3 2406 8496 2409
3 2409 8496 2096
3 2102 2412 2099
3 2099 2412 6292
3 2099 6292 5839
3 5839 6292 2410
3 5839 2410 2098
3 2104 2105 2413
3 2411 2107 6294
3 2421 2418 2126
3 2126 2418 5900
3 8498 8497 8499
3 8498 8499 8500
3 8498 8500 5896
3 8498 5896 5898
3 8498 5898 8497
3 8497 5898 5900
3 8497 5900 6299
3 8497 6299 2415
3 8497 2415 8499
3 8499 2415 2407
3 8499 2407 2408
3 8499 2408 6294
3 8499 6294 8500
3 8500 6294 5894
3 8500 5894 5896
3 5894 6294 2107
3 5894 2107 2108
3 6299 5900 2418
3 2422 2128 2424
3 2129 2132 2424
3 2129 2424 2128
3 2424 2132 8501
3 2424 8501 2427
3 2427 8501 2390
3 2390 8501 6318
3 2390 6318 2389
3 2389 6318 2433
3 2389 2433 2430
3 6318 8501 2132
3 8502 8503 8504
3 8502 8504 8505
3 8502 8505 8506
3 8504 8503 8508
3 8504 8508 8509
3 8504 8509 8510
3 8505 8504 8510
3 8505 8510 8511
3 8503 8507 8508
3 8508 8507 8512
3 8508 8512 8513
3 8509 8508 8513
3 8509 8513 8514
3 8510 8509 8514
3 8510 8514 8515
3 8511 8510 8515
3 8513 8512 8516
3 8513 8516 8514
3 8514 8516 2436
3 8514 2436 8515
3 8515 2436 6322
3 8515 6322 2434
3 8515 2434 8511
3 8511 2434 6320
3 8511 6320 8505
3 8505 6320 8506
3 8506 6320 2134
3 8506 2134 2135
3 8506 2135 8502
3 8502 2135 8503
3 8503 2135 2445
3 8503 2445 8507
3 8507 2445 6328
3 8507 6328 8512
3 8512 6328 2442
3 8512 2442 2439
3 8512 2439 8516
3 8516 2439 2436
3 2138 2150 8517
3 2138 8517 5916
3 5916 8517 2137
3 2137 8517 2446
3 2446 8517 2448
3 2448 8517 2150
3 2144 2147 2143
3 5929 2156 2449
3 5929 2449 2152
3 5929 2152 2153
3 2457 2454 2341
3 8518 8519 8520
3 8520 8519 8521
3 8520 8521 2443
3 8520 2443 6331
3 8520 6331 8518
3 8518 6331 2158
3 8518 2158 2159
3 8518 2159 8519
3 8519 2159 2483
3 8519 2483 2480
3 8519 2480 8521
3 8521 2480 2340
3 8521 2340 2451
3 8521 2451 2443
3 2451 2340 6184
3 2451 6184 2454
3 2454 6184 2341
3 2158 6331 2444
3 2158 2444 2447
3 2162 2486 2161
3 2161 2486 2484
3 6430 2498 6428
3 6430 6428 8522
3 6430 8522 6432
3 6432 8522 2165
3 2165 8522 2164
3 2164 8522 2487
3 2487 8522 6415
3 6415 8522 6428
3 6415 6428 6426
3 6415 6426 2489
3 2489 6426 6424
3 2489 6424 6418
3 6418 6424 2492
3 2492 6424 2495
3 2168 2510 6433
3 2168 6433 2167
3 6433 2510 6431
3 6431 2510 2507
3 6431 2507 2499
3 2499 2507 2504
3 2499 2504 2501
3 2171 2511 2170
3 8523 8524 8525
3 8523 8525 8526
3 8523 8526 8527
3 8523 8527 8528
3 8523 8528 8529
3 8523 8529 8524
3 8524 8529 2183
3 8524 2183 2516
3 8524 2516 2513
3 8524 2513 8525
3 8525 2513 8530
3 8525 8530 8526
3 8526 8530 2173
3 8526 2173 2174
3 8526 2174 8527
3 8527 2174 8528
3 8528 2174 2177
3 8528 2177 2180
3 8528 2180 8529
3 8529 2180 5973
3 8529 5973 2183
3 2173 8530 2509
3 2509 8530 2508
3 2508 8530 2513
3 2186 2517 2185
3 8532 8531 8534
3 8532 8534 8535
3 8531 8536 8533
3 8531 8533 8534
3 8534 8533 8538
3 8534 8538 8539
3 8535 8534 8539
3 8535 8539 8540
3 8533 8536 8541
3 8533 8541 8537
3 8533 8537 8538
3 8538 8537 8543
3 8538 8543 8544
3 8539 8538 8544
3 8537 8541 8545
3 8537 8545 8542
3 8537 8542 8543
3 8543 8542 8546
3 8543 8546 8547
3 8544 8543 8547
3 8546 8545 8548
3 8542 8545 8546
3 8547 8546 8549
3 8546 8548 8549
3 8549 8548 2528
3 8549 2528 2525
3 8549 2525 2522
3 8549 2522 8547
3 8547 2522 6456
3 8547 6456 8544
3 8544 6456 2519
3 8544 2519 8540
3 8544 8540 8539
3 8540 2519 2502
3 8540 2502 2503
3 8540 2503 6446
3 8540 6446 8535
3 8535 6446 2514
3 8535 2514 8532
3 8532 2514 2515
3 8532 2515 8531
3 8531 2515 2188
3 8531 2188 8536
3 8536 2188 2189
3 8536 2189 2534
3 8536 2534 8541
3 8541 2534 6467
3 8541 6467 8545
3 8545 6467 8548
3 8548 6467 2531
3 8548 2531 2528
3 6477 2537 8550
3 6477 8550 5980
3 6477 5980 2192
3 5980 8550 2191
3 2191 8550 2535
3 2535 8550 2537
3 2921 2212 2195
3 8551 8553 8552
3 8552 8553 8556
3 8552 8556 8554
3 8552 8554 8555
3 8555 8554 6084
3 8555 6084 6088
3 8555 6088 2538
3 8555 2538 6480
3 8555 6480 8552
3 8552 6480 8551
3 8551 6480 2194
3 8551 2194 2195
3 8551 2195 2212
3 8551 2212 2213
3 8551 2213 8553
3 8553 2213 6542
3 8553 6542 8556
3 8556 6542 2570
3 8556 2570 2275
3 8556 2275 6080
3 8556 6080 8554
3 8554 6080 6084
3 2538 6088 2540
3 2540 6088 2276
3 2207 2922 6000
3 2198 2201 6000
3 2198 6000 2922
3 2198 2922 2197
3 2209 2210 2920
3 2216 2576 6005
3 6005 2576 2573
3 6005 2573 6543
3 6005 6543 2215
3 6543 2573 2571
3 2219 2585 2582
3 2219 2582 2218
3 2218 2582 2579
3 2218 2579 2577
3 2222 2225 6556
3 2222 6556 6011
3 6011 6556 2588
3 6011 2588 2221
3 2221 2588 2586
3 2228 2606 2227
3 8558 8557 8559
3 8558 8559 8560
3 8559 8561 8562
3 8560 8559 8562
3 8560 8562 2600
3 8560 2600 2597
3 8560 2597 8558
3 8558 2597 2594
3 8558 2594 2591
3 8558 2591 2589
3 8558 2589 8557
3 8557 2589 6559
3 8557 6559 8559
3 8559 6559 8561
3 8561 6559 2227
3 8561 2227 6569
3 8561 6569 2603
3 8561 2603 8562
3 8562 2603 2600
3 6569 2227 2606
3 2607 2230 6575
3 2231 2234 2230
3 2234 2609 6577
3 2234 6577 8563
3 2234 8563 2230
3 2230 8563 6575
3 6575 8563 6577
3 2237 2610 2236
3 2240 2632 2239
3 2239 2632 2608
3 2608 2632 2629
3 2608 2629 6593
3 2608 6593 6578
3 6578 6593 6591
3 6578 6591 6576
3 6576 6591 8565
3 6576 8565 8564
3 6576 8564 2605
3 2605 8564 6571
3 6571 8564 2604
3 2604 8564 6587
3 6587 8564 2623
3 6587 2623 2618
3 6587 2618 2615
3 6587 2615 2612
3 2623 8564 8565
3 2623 8565 2626
3 2626 8565 6591
3 2243 2246 2647
3 2243 2647 6606
3 2243 6606 8566
3 2243 8566 2633
3 2243 2633 2242
3 2633 8566 6600
3 6600 8566 2635
3 2635 8566 6604
3 2635 6604 2638
3 2638 6604 2644
3 2638 2644 2641
3 6604 8566 6606
3 2249 2252 6052
3 6052 2252 2650
3 6052 2650 2648
3 6052 2648 2248
3 6620 2659 8567
3 6620 8567 2255
3 2255 8567 2254
3 2254 8567 2651
3 2651 8567 2653
3 2653 8567 2656
3 2656 8567 2659
3 6628 2665 6626
3 6628 6626 2258
3 2258 6626 6624
3 2258 6624 6621
3 2258 6621 2257
3 6621 6624 2662
3 6621 2662 2660
3 8569 8568 8570
3 8569 8570 8571
3 8569 8571 8572
3 8572 8571 8573
3 8572 8573 8574
3 8574 8573 8575
3 8574 8575 8576
3 8575 8577 8578
3 8576 8575 8578
3 8576 8578 6058
3 8576 6058 6060
3 8576 6060 6062
3 8576 6062 8574
3 8574 6062 8572
3 8572 6062 6064
3 8572 6064 6066
3 8572 6066 8569
3 8569 6066 6068
3 8569 6068 8568
3 8568 6068 6070
3 8568 6070 6639
3 8568 6639 2674
3 8568 2674 8570
3 8570 2674 2671
3 8570 2671 8571
3 8571 2671 8573
3 8573 2671 6633
3 8573 6633 8575
3 8575 6633 2668
3 8575 2668 8577
3 8577 2668 2666
3 8577 2666 8578
3 8578 2666 6629
3 8578 6629 6056
3 8578 6056 6058
3 6056 6629 2260
3 6639 6070 2261
3 6645 2677 6643
3 6645 6643 2264
3 2264 6643 2263
3 2263 6643 6641
3 2263 6641 6640
3 6640 6641 2675
3 2267 2689 2266
3 2266 2689 6646
3 6646 2689 2683
3 6646 2683 2678
3 2678 2683 2680
3 2683 2689 2686
3 6667 2698 6663
3 6667 6663 8579
3 6667 8579 6655
3 6667 6655 6653
3 6667 6653 2270
3 2270 6653 2269
3 2269 6653 2690
3 6655 8579 6657
3 6657 8579 6659
3 6657 6659 2692
3 6659 8579 6661
3 6661 8579 6663
3 6663 2698 2695
3 2273 2569 6668
3 2273 6668 2272
3 6668 2569 2572
3 6668 2572 2699
3 2279 2282 2543
3 2279 2543 2278
3 2278 2543 2541
3 2530 2544 2529
3 2285 2288 2529
3 2285 2529 2284
3 2284 2529 2544
3 2529 2288 2546
3 2546 2288 2291
3 2294 2549 2293
3 2293 2549 2547
3 2547 2549 2524
3 2524 2549 2523
3 2299 2302 2305
3 2299 2305 2550
3 2299 2550 2296
3 2308 2552 6503
3 2308 6503 8580
3 2308 8580 2307
3 2307 8580 8581
3 2307 8581 2548
3 2548 8581 2521
3 2521 8581 6459
3 6459 8581 8580
3 6459 8580 6501
3 6459 6501 2520
3 6501 8580 6503
3 2311 2561 6142
3 6142 2561 8584
3 6142 8584 6140
3 6140 8584 8583
3 6140 8583 2553
3 6140 2553 2310
3 2553 8583 6511
3 6511 8583 8582
3 6511 8582 2494
3 2494 8582 2555
3 2494 2555 2493
3 2555 8582 2558
3 2558 8582 8583
3 2558 8583 6517
3 6517 8583 8584
3 6517 8584 2561
3 8585 8586 8587
3 8587 8586 8589
3 8586 8588 8589
3 8589 8588 2325
3 8589 2325 2326
3 8589 2326 6520
3 8589 6520 8587
3 8587 6520 2567
3 8587 2567 8585
3 8585 2567 2564
3 8585 2564 2562
3 8585 2562 2313
3 8585 2313 8586
3 8586 2313 2314
3 8586 2314 8588
3 8588 2314 2317
3 8588 2317 2325
3 6150 2323 2319
3 6150 2319 6148
3 6150 6148 2320
3 8590 8592 8593
3 8591 8595 8596
3 8592 8591 8596
3 8592 8596 8597
3 8593 8592 8597
3 8594 8593 8597
3 8594 8597 8598
3 8596 8595 8599
3 8596 8599 8600
3 8597 8596 8600
3 8598 8597 8600
3 8598 8600 8601
3 8600 8599 8602
3 8601 8600 8602
3 8601 8602 6152
3 8601 6152 6154
3 8601 6154 8598
3 8598 6154 6156
3 8598 6156 6158
3 8598 6158 8594
3 8594 6158 2329
3 8594 2329 6160
3 8594 6160 8593
3 8593 6160 8590
3 8590 6160 2332
3 8590 2332 6530
3 8590 6530 6528
3 8590 6528 8591
3 8590 8591 8592
3 8591 6528 6526
3 8591 6526 8595
3 8595 6526 6524
3 8595 6524 2568
3 8595 2568 8599
3 8599 2568 6522
3 8599 6522 8602
3 8602 6522 2328
3 8602 2328 6152
3 8604 8603 8605
3 8604 8605 6529
3 8604 6529 6164
3 8604 6164 6166
3 8604 6166 6168
3 8604 6168 8603
3 8603 6168 2335
3 8603 2335 2556
3 8603 2556 2557
3 8603 2557 8605
3 8605 2557 6532
3 8605 6532 6525
3 8605 6525 6527
3 8605 6527 6529
3 6525 6532 2565
3 6525 2565 2566
3 6164 6529 6531
3 6164 6531 6162
3 6162 6531 2334
3 2338 2479 6176
3 6176 2479 6174
3 6174 2479 2490
3 6174 2490 6172
3 6172 2490 6420
3 6172 6420 6170
3 6170 6420 2491
3 6170 2491 2337
3 2337 2491 2554
3 2460 2458 2353
3 2344 2353 2458
3 2344 2458 2343
3 2350 2349 8607
3 2350 8607 6208
3 6208 8607 8606
3 6208 8606 6205
3 6205 8606 2349
3 2349 8606 8607
3 2453 2461 2452
3 8609 8612 8613
3 8610 8609 8613
3 8610 8613 8614
3 8611 8610 8614
3 8614 8613 8615
3 8614 8615 2366
3 8614 2366 2474
3 8614 2474 8611
3 8611 2474 2469
3 8611 2469 8608
3 8611 8608 8610
3 8610 8608 2438
3 8610 2438 8609
3 8609 2438 2452
3 8609 2452 8612
3 8612 2452 2355
3 8612 2355 6227
3 8612 6227 8613
3 8613 6227 2356
3 8613 2356 8615
3 8615 2356 2359
3 8615 2359 2366
3 2355 2452 2461
3 2438 8608 2437
3 2437 8608 2463
3 2463 8608 2466
3 2466 8608 2469
3 2369 2475 2368
3 8616 8617 8618
3 8616 8618 8619
3 8617 8621 8622
3 8618 8617 8622
3 8618 8622 8623
3 8619 8618 8623
3 8619 8623 8624
3 8620 8619 8624
3 8620 8624 8625
3 8621 8626 8627
3 8622 8621 8627
3 8622 8627 8628
3 8623 8622 8628
3 8623 8628 8629
3 8624 8623 8629
3 8624 8629 8630
3 8625 8624 8630
3 8628 8627 8631
3 8628 8631 6245
3 8628 6245 8629
3 8629 6245 6247
3 8629 6247 8630
3 8630 6247 6249
3 8630 6249 8625
3 8625 6249 6251
3 8625 6251 8620
3 8620 6251 2375
3 8620 2375 6272
3 8620 6272 2384
3 8620 2384 8619
3 8619 2384 8616
3 8616 2384 6389
3 8616 6389 8617
3 8617 6389 2477
3 8617 2477 8621
3 8621 2477 2470
3 8621 2470 2473
3 8621 2473 8626
3 8626 2473 2371
3 8626 2371 2372
3 8626 2372 8631
3 8626 8631 8627
3 8631 2372 6245
3 8632 8633 8634
3 8632 8634 6264
3 8632 6264 6266
3 8632 6266 6268
3 8632 6268 8633
3 8633 6268 2380
3 8633 2380 2381
3 8633 2381 8634
3 8634 2381 6262
3 8634 6262 6264
3 2387 2429 8635
3 2387 8635 6275
3 6275 8635 2386
3 2386 8635 6391
3 6391 8635 2429
3 6391 2429 2464
3 6391 2464 2478
3 2478 2464 2465
3 2393 2428 2392
3 2396 2416 8637
3 2396 8637 2395
3 2395 8637 8636
3 2395 8636 2426
3 2426 8636 2425
3 2425 8636 2417
3 2417 8636 6301
3 6301 8636 8637
3 6301 8637 2416
3 2399 2402 6281
3 6281 2402 8638
3 6281 8638 6279
3 6279 8638 2398
3 2398 8638 2414
3 2414 8638 8639
3 2414 8639 2405
3 2405 8639 2402
3 2402 8639 8638
3 2420 2423 2419
3 6323 2435 2462
3 6323 2462 2431
3 6323 2431 2432
3 2441 2450 2440
3 2455 2456 2459
3 2468 2476 2467
3 2482 2485 6416
3 2482 6416 2481
3 2481 6416 2488
3 8641 8640 8642
3 8641 8642 8643
3 8642 8644 8645
3 8643 8642 8645
3 8643 8645 6425
3 8643 6425 6427
3 8643 6427 8641
3 8641 6427 6429
3 8641 6429 2497
3 8641 2497 8640
3 8640 2497 2500
3 8640 2500 2518
3 8640 2518 6502
3 8640 6502 8642
3 8642 6502 8644
3 8644 6502 6504
3 8644 6504 6514
3 8644 6514 8645
3 8645 6514 2496
3 8645 2496 6425
3 6514 6504 2551
3 2506 2512 6447
3 2506 6447 2505
3 2527 2545 2526
3 2542 2532 2539
3 2533 2536 6469
3 6469 2536 2539
3 6469 2539 2532
3 2560 2563 8646
3 2560 8646 6518
3 6518 8646 6533
3 6518 6533 2559
3 6533 8646 2563
3 2575 2578 2574
3 2578 2696 2697
3 2578 2697 2574
3 6682 2707 2704
3 6682 2704 6676
3 6682 6676 6660
3 6682 6660 6662
3 6682 6662 6664
3 6682 6664 2581
3 2581 6664 2580
3 2580 6664 2694
3 6660 6676 2693
3 2693 6676 2701
3 2584 2587 8647
3 2584 8647 2583
3 2583 8647 6683
3 6683 8647 2708
3 2708 8647 2590
3 2590 8647 2587
3 2593 2705 2706
3 2593 2706 2592
3 8648 8650 8651
3 8648 8651 8649
3 8650 8652 8653
3 8651 8650 8653
3 8651 8653 8654
3 8651 8654 8655
3 8649 8651 8655
3 8652 8656 8657
3 8653 8652 8657
3 8653 8657 8658
3 8654 8653 8658
3 8654 8658 8659
3 8655 8654 8659
3 8655 8659 8660
3 8657 8656 8661
3 8657 8661 8662
3 8658 8657 8662
3 8658 8662 8663
3 8659 8658 8663
3 8659 8663 8664
3 8660 8659 8664
3 8660 8664 6692
3 8660 6692 2710
3 8660 2710 8655
3 8655 2710 8649
3 8649 2710 2702
3 8649 2702 6678
3 8649 6678 8648
3 8648 6678 2703
3 8648 2703 2595
3 8648 2595 8650
3 8650 2595 8652
3 8652 2595 2596
3 8652 2596 8656
3 8656 2596 2731
3 8656 2731 2728
3 8656 2728 8661
3 8661 2728 2725
3 8661 2725 2722
3 8661 2722 8662
3 8662 2722 2719
3 8662 2719 8663
3 8663 2719 6707
3 8663 6707 8664
3 8664 6707 2716
3 8664 2716 2713
3 8664 2713 6692
3 2599 2734 2598
3 2598 2734 2732
3 6588 2611 8666
3 6588 8666 8665
3 6588 8665 2602
3 2602 8665 8666
3 2602 8666 2601
3 2601 8666 2735
3 2735 8666 2737
3 2737 8666 2740
3 2740 8666 2611
3 6765 2749 6763
3 6765 6763 8667
3 6765 8667 2614
3 2614 8667 2613
3 2613 8667 2741
3 2741 8667 6745
3 6745 8667 6761
3 6745 6761 8668
3 6745 8668 6747
3 6747 8668 8669
3 6747 8669 6755
3 6747 6755 6749
3 6749 6755 6753
3 6749 6753 2724
3 2724 6753 2723
3 6755 8669 2743
3 2743 8669 2746
3 2746 8669 6759
3 6759 8669 8668
3 6759 8668 6761
3 6761 8667 6763
3 2617 2755 6766
3 2617 6766 2616
3 6766 2755 2750
3 2750 2755 2752
3 6771 2765 2762
3 6771 2762 2624
3 6771 2624 2625
3 2624 2762 2754
3 2754 2762 2753
3 6773 2771 6772
3 6773 6772 8671
3 6773 8671 8670
3 6773 8670 2628
3 2628 8670 6594
3 6594 8670 8671
3 6594 8671 6592
3 6592 8671 6772
3 6592 6772 2627
3 6772 2771 2766
3 2766 2771 2768
3 6602 2634 6774
3 6602 6774 2630
3 6602 2630 2631
3 6774 2634 6775
3 6774 6775 2772
3 6779 2777 8673
3 6779 8673 8672
3 6779 8672 2637
3 2637 8672 2636
3 2636 8672 6776
3 6776 8672 2770
3 2770 8672 8673
3 2770 8673 2769
3 2769 8673 2774
3 2774 8673 2777
3 2640 2789 8674
3 2640 8674 2639
3 2639 8674 6780
3 6780 8674 8675
3 6780 8675 8676
3 6780 8676 2778
3 2778 8676 2780
3 2780 8676 6783
3 6783 8676 8675
3 6783 8675 8677
3 6783 8677 6785
3 6785 8677 2786
3 6785 2786 2783
3 2786 8677 6787
3 6787 8677 8675
3 6787 8675 8674
3 6787 8674 2789
3 8678 8679 8680
3 8680 8679 8681
3 8680 8681 8682
3 8680 8682 2643
3 8680 2643 6801
3 8680 6801 6799
3 8680 6799 8678
3 8678 6799 2801
3 8678 2801 2798
3 8678 2798 6793
3 8678 6793 8679
3 8679 6793 8681
3 8681 6793 6791
3 8681 6791 2792
3 8681 2792 6789
3 8681 6789 8682
3 8682 6789 2790
3 8682 2790 2643
3 2643 2790 2642
3 2792 6791 2795
3 2646 2649 8684
3 2646 8684 6607
3 6607 8684 6605
3 6605 8684 6802
3 6605 6802 2645
3 6802 8684 6800
3 6800 8684 8683
3 6800 8683 2802
3 2802 8683 2804
3 2804 8683 2652
3 2652 8683 8684
3 2652 8684 2649
3 2655 2805 2654
3 2658 2661 8685
3 2658 8685 8686
3 2658 8686 2657
3 2657 8686 2803
3 2803 8686 2800
3 2800 8686 2799
3 2799 8686 2807
3 2807 8686 6815
3 6815 8686 8685
3 6815 8685 6817
3 6817 8685 6819
3 6817 6819 2810
3 6819 8685 2813
3 2813 8685 2661
3 8688 8689 8690
3 8688 8690 6625
3 8688 6625 6627
3 8688 6627 8687
3 8688 8687 6825
3 8688 6825 8689
3 8689 6825 6823
3 8689 6823 2816
3 8689 2816 6821
3 8689 6821 8690
3 8690 6821 2814
3 8690 2814 2663
3 8690 2663 6625
3 2816 6823 2819
3 6825 8687 6827
3 6827 8687 2664
3 6827 2664 2667
3 2664 8687 6627
3 8691 8693 8694
3 8691 8694 8695
3 8693 8692 8697
3 8693 8697 8698
3 8694 8693 8698
3 8694 8698 8699
3 8695 8694 8699
3 8695 8699 8700
3 8692 8696 8697
3 8697 8696 8701
3 8697 8701 8702
3 8698 8697 8702
3 8698 8702 8703
3 8699 8698 8703
3 8699 8703 8704
3 8700 8699 8704
3 8702 8701 8705
3 8702 8705 8706
3 8703 8702 8706
3 8703 8706 6826
3 8703 6826 8704
3 8704 6826 6828
3 8704 6828 2669
3 8704 2669 8700
3 8700 2669 6635
3 8700 6635 8695
3 8695 6635 2670
3 8695 2670 8691
3 8691 2670 6835
3 8691 6835 8693
3 8693 6835 8692
3 8692 6835 6833
3 8692 6833 6831
3 8692 6831 8696
3 8696 6831 2822
3 8696 2822 8701
3 8701 2822 2820
3 8701 2820 8705
3 8705 2820 6824
3 8705 6824 8706
3 8706 6824 6826
3 8707 8708 8709
3 8707 8709 6834
3 8707 6834 6836
3 8707 6836 6642
3 8707 6642 6644
3 8707 6644 8708
3 8708 6644 2676
3 8708 2676 2679
3 8708 2679 2828
3 8708 2828 6837
3 8708 6837 8709
3 8709 6837 6832
3 8709 6832 6834
3 6832 6837 2825
3 6832 2825 2823
3 6642 6836 2673
3 2673 6836 2672
3 6847 2837 2834
3 6847 2834 6845
3 6847 6845 8710
3 6847 8710 2682
3 2682 8710 8711
3 2682 8711 2681
3 2681 8711 2829
3 2829 8711 6839
3 6839 8711 6841
3 6839 6841 2831
3 6841 8711 6843
3 6843 8711 8710
3 6843 8710 6845
3 2685 2846 6848
3 2685 6848 2684
3 6848 2846 2838
3 2838 2846 2843
3 2838 2843 2840
3 8712 8714 8716
3 8712 8716 8715
3 8712 8715 2688
3 8712 2688 6654
3 8712 6654 6656
3 8712 6656 8714
3 8714 6656 6658
3 8714 6658 8713
3 8714 8713 6865
3 8714 6865 8716
3 8716 6865 6863
3 8716 6863 2847
3 8716 2847 2687
3 8716 2687 8715
3 8715 2687 2688
3 6865 8713 2709
3 2709 8713 2700
3 2700 8713 2691
3 2691 8713 6658
3 2712 2849 6695
3 6695 2849 8717
3 6695 8717 6866
3 6695 6866 2711
3 6866 8717 6864
3 6864 8717 2844
3 6864 2844 2845
3 2844 8717 2849
3 2715 2858 2850
3 2715 2850 2714
3 2850 2858 2852
3 2852 2858 2855
3 6879 2859 6711
3 6879 6711 2718
3 6711 2859 2717
3 6756 2742 6885
3 6756 6885 8718
3 6756 8718 6754
3 6754 8718 2720
3 6754 2720 2721
3 2720 8718 6880
3 6880 8718 6883
3 6880 6883 2864
3 6880 2864 2861
3 6880 2861 2856
3 6880 2856 2857
3 6883 8718 6885
3 2727 2738 8720
3 2727 8720 2726
3 2726 8720 6750
3 6750 8720 6748
3 6748 8720 6746
3 6746 8720 8719
3 6746 8719 2739
3 2739 8719 2738
3 2738 8719 8720
3 2730 2733 2736
3 2730 2736 2729
3 8724 8723 8725
3 8724 8725 6891
3 8724 6891 6889
3 8724 6889 8722
3 8724 8722 8721
3 8724 8721 8723
3 8723 8721 2744
3 8723 2744 2745
3 8723 2745 6900
3 8723 6900 8725
3 8725 6900 6893
3 8725 6893 6891
3 6893 6900 2873
3 6893 2873 2867
3 2867 2873 2870
3 2744 8721 6886
3 6886 8721 8722
3 6886 8722 6884
3 6884 8722 6887
3 6884 6887 2865
3 6887 8722 6889
3 8727 8726 8729
3 8728 8727 8729
3 8728 8729 8730
3 8728 8730 2747
3 8728 2747 6760
3 8728 6760 6762
3 8728 6762 8727
3 8727 6762 6764
3 8727 6764 8726
3 8726 6764 2748
3 8726 2748 2751
3 8726 2751 6908
3 8726 6908 6906
3 8726 6906 8729
3 8729 6906 6904
3 8729 6904 8730
3 8730 6904 6902
3 8730 6902 2747
3 6902 6904 2874
3 6908 2751 2761
3 8731 8732 8733
3 8733 8732 8734
3 8733 8734 6905
3 8733 6905 6907
3 8733 6907 6909
3 8733 6909 8731
3 8731 6909 2763
3 8731 2763 2764
3 8731 2764 8732
3 8732 2764 2767
3 8732 2767 2773
3 8732 2773 6911
3 8732 6911 8734
3 8734 6911 2871
3 8734 2871 2872
3 8734 2872 6905
3 2776 2779 2775
3 2775 2779 6913
3 6913 2779 2876
3 6913 2876 2868
3 6913 2868 2869
3 8735 8736 8737
3 8737 8736 8741
3 8738 8737 8741
3 8740 8739 8742
3 8741 8740 8742
3 8738 8741 8742
3 8742 8739 6784
3 8742 6784 6786
3 8742 6786 8738
3 8738 6786 2782
3 8738 2782 8737
3 8737 2782 2882
3 8737 2882 6930
3 8737 6930 8735
3 8735 6930 2879
3 8735 2879 6926
3 8735 6926 8736
3 8736 6926 6923
3 8736 6923 8740
3 8736 8740 8741
3 8740 6923 6920
3 8740 6920 2877
3 8740 2877 8739
3 8739 2877 2781
3 8739 2781 6784
3 8744 8743 8745
3 8744 8745 8746
3 8746 8745 2784
3 8746 2784 2785
3 8746 2785 8747
3 8746 8747 2794
3 8746 2794 8744
3 8744 2794 6935
3 8744 6935 2891
3 8744 2891 8743
3 8743 2891 2888
3 8743 2888 2885
3 8743 2885 8745
3 8745 2885 2883
3 8745 2883 2784
3 2794 8747 2793
3 2793 8747 2785
3 6790 2791 2787
3 6790 2787 6788
3 6790 6788 2788
3 2797 2806 6794
3 6794 2806 6950
3 6794 6950 6792
3 6792 6950 6947
3 6792 6947 2796
3 2796 6947 8749
3 2796 8749 6937
3 6937 8749 2892
3 2892 8749 8748
3 2892 8748 6939
3 6939 8748 2897
3 6939 2897 2894
3 2897 8748 6944
3 6944 8748 8749
3 6944 8749 6947
3 8751 8750 8753
3 8751 8753 8754
3 8752 8751 8754
3 8754 8753 8755
3 8754 8755 6978
3 8754 6978 6976
3 8754 6976 8752
3 8752 6976 2832
3 8752 2832 6842
3 8752 6842 6844
3 8752 6844 8751
3 8751 6844 8750
3 8750 6844 6846
3 8750 6846 2833
3 8750 2833 6954
3 8750 6954 8753
3 8753 6954 2898
3 8753 2898 8755
3 8755 2898 6978
3 6978 2898 6980
3 6980 2898 6946
3 6980 6946 6982
3 6982 6946 6949
3 6982 6949 6984
3 6984 6949 6952
3 6984 6952 6818
3 6984 6818 2809
3 6984 2809 2915
3 6818 6952 6816
3 6816 6952 2808
3 2832 6976 2912
3 2832 2912 2909
3 6822 2815 2811
3 6822 2811 6820
3 6822 6820 2812
3 2811 2815 2918
3 2811 2918 2916
3 2818 2821 8757
3 2818 8757 2817
3 2817 8757 2919
3 2919 8757 6989
3 6989 8757 6992
3 6992 8757 8756
3 6992 8756 2911
3 2911 8756 2824
3 2911 2824 2910
3 2824 8756 2821
3 2821 8756 8757
3 6840 2830 8758
3 6840 8758 2827
3 2827 8758 6838
3 6838 8758 2826
3 2826 8758 2908
3 2908 8758 2830
3 2835 2836 6955
3 2836 2839 2900
3 2836 2900 6955
3 6955 2900 2895
3 6955 2895 2896
3 2851 2903 2848
3 2842 2848 6962
3 2842 6962 2901
3 2842 2901 2841
3 6962 2848 6964
3 6964 2848 2903
3 2904 2853 2906
3 2854 2860 8759
3 2854 8759 2853
3 2853 8759 2906
3 2906 8759 6968
3 6968 8759 8760
3 6968 8760 2884
3 2884 8760 6931
3 2884 6931 2881
3 6931 8760 2880
3 2880 8760 2860
3 2860 8760 8759
3 6894 2866 2875
3 6894 2875 6922
3 6894 6922 6892
3 6892 6922 6925
3 6892 6925 6890
3 6890 6925 6928
3 6890 6928 6888
3 6888 6928 2878
3 6888 2878 2863
3 2863 2878 2862
3 6970 2907 6969
3 6970 6969 2886
3 6970 2886 2887
3 6940 2893 8762
3 6940 8762 8763
3 6940 8763 2889
3 6940 2889 2890
3 2889 8763 6971
3 6971 8763 8762
3 6971 8762 2905
3 2905 8762 8761
3 2905 8761 6965
3 2905 6965 2902
3 6965 8761 6963
3 6963 8761 2899
3 2899 8761 2893
3 2893 8761 8762
3 2914 2917 6985
3 8766 8765 8768
3 8765 8767 8768
3 8768 8767 6981
3 8768 6981 6983
3 8768 6983 6985
3 8768 6985 8766
3 8766 6985 2917
3 8766 2917 6991
3 8766 6991 6994
3 8766 6994 8764
3 8766 8764 8765
3 8765 8764 8767
3 8767 8764 6979
3 8767 6979 6981
3 6979 8764 6977
3 6977 8764 2913
3 2913 8764 6994
3 8770 8769 8771
3 8770 8771 8772
3 8770 8772 7050
3 8770 7050 7053
3 8770 7053 8769
3 8769 7053 7058
3 8769 7058 7060
3 8769 7060 8771
3 8771 7060 7062
3 8771 7062 7064
3 8771 7064 8772
3 8772 7064 7066
3 8772 7066 7047
3 8772 7047 7050
3 7047 7066 2925
3 7058 7053 2926
3 2935 3041 7227
3 2935 7227 8773
3 2935 8773 2934
3 2934 8773 7255
3 7255 8773 3028
3 3028 8773 7227
3 7227 3041 3027
3 7091 2941 3044
3 7091 3044 3042
3 7091 3042 2937
3 7091 2937 2938
3 3005 3008 3002
3 2967 2999 2964
3 8774 8775 8776
3 8775 8777 8778
3 8776 8775 8778
3 8776 8778 8779
3 8776 8779 8780
3 8778 8777 8781
3 8778 8781 3002
3 8778 3002 8779
3 8779 3002 8780
3 8780 3002 3008
3 8780 3008 3014
3 8780 3014 3017
3 8780 3017 8776
3 8776 3017 8774
3 8774 3017 3022
3 8774 3022 3045
3 8774 3045 2943
3 8774 2943 8775
3 8775 2943 2944
3 8775 2944 8777
3 8777 2944 8781
3 8781 2944 2964
3 8781 2964 2999
3 8781 2999 3002
3 3014 3008 3011
3 2947 2962 2946
3 2952 2953 2956
3 2969 2970 2997
3 2979 2982 8782
3 2979 8782 2978
3 2978 8782 2988
3 2988 8782 7165
3 7165 8782 2982
3 3025 3040 3043
3 3025 3043 3024
3 8783 8784 8785
3 8783 8785 7253
3 8783 7253 3036
3 8783 3036 8784
3 8784 3036 3037
3 8784 3037 7247
3 8784 7247 7249
3 8784 7249 8785
3 8785 7249 7251
3 8785 7251 7253
