ply
format ascii 1.0
comment Generated by PyMesh
element vertex 2464
property float x
property float y
property float z
property float nx
property float ny
property float nz
element face 4924
property list uchar int vertex_indices
end_header
30.406 11.055 60.865 -0.326 0.843 -0.427
30.604 11.28 61.059 -0.458 0.694 -0.556
31.282 11.712 60.357 -0.91 0.405 -0.088
31.364 9.241 60.539 -0.011 -0.506 -0.863
31.042 9.349 60.43 0.204 -0.578 -0.79
32.042 9.673 59.836 -0.463 -0.794 -0.394
31.394 9.217 60.553 0.007 -0.52 -0.854
32.073 9.649 59.851 -0.445 -0.808 -0.386
31.908 9.369 60.334 -0.335 -0.621 -0.708
33.256 9.171 60.539 0.338 -0.72 -0.605
33.325 9.465 60.042 0.292 -0.916 -0.274
33.883 9.566 59.873 -0.08 -0.984 -0.161
32.701 12.911 60.742 -0.671 0.689 0.273
32.226 12.575 60.849 -0.355 0.913 0.201
32.074 12.517 61.408 -0.253 0.952 -0.171
31.07 11.62 60.909 -0.755 0.504 -0.42
31.293 11.742 60.386 -0.903 0.423 -0.071
30.615 11.31 61.088 -0.451 0.711 -0.539
31.573 11.578 63.183 -0.503 0.483 0.717
31.082 11.27 63.202 -0.176 0.688 0.704
31.993 11.616 63.628 -0.784 0.457 0.42
31.995 11.254 63.902 -0.783 0.276 0.557
31.084 10.933 63.457 -0.175 0.49 0.854
31.026 10.645 63.66 -0.137 0.682 0.719
31.7 8.814 63.19 0.424 -0.845 0.326
31.889 8.744 62.894 0.298 -0.798 0.523
32.862 8.899 63.297 -0.35 -0.902 0.255
33.048 8.771 62.876 -0.257 -0.965 0.045
32.063 8.625 62.503 0.4 -0.868 0.293
32.627 8.732 62.432 0.024 -0.94 0.341
34.294 9.224 61.657 0.367 -0.739 -0.565
33.873 9.185 61.212 0.647 -0.713 -0.269
34.809 9.436 61.518 0.023 -0.881 -0.473
34.819 9.467 61.463 0.028 -0.865 -0.5
33.883 9.216 61.157 0.652 -0.698 -0.296
34.511 9.611 60.491 0.233 -0.961 0.148
35.478 9.741 61.295 0.358 -0.728 -0.585
35.17 9.885 60.323 0.563 -0.824 0.063
36.16 10.133 60.584 -0.097 -0.989 -0.111
36.326 10.955 59.174 -0.013 -0.578 -0.816
35.337 10.708 58.912 0.646 -0.413 -0.642
36.363 11.157 59.002 -0.038 -0.712 -0.701
36.351 11.192 58.968 -0.048 -0.682 -0.729
35.321 10.753 58.869 0.639 -0.39 -0.663
35.262 11.086 58.485 0.678 -0.612 -0.407
34.173 13.335 59.035 -0.099 0.995 -0.014
34.032 13.415 59.521 -0.006 0.941 -0.338
35.118 14.301 59.895 -0.729 0.351 -0.587
34.765 14.378 60.737 -0.906 0.389 -0.166
33.679 13.492 60.363 -0.182 0.98 0.084
34.738 14.481 60.983 -0.888 0.32 -0.329
34.657 14.198 61.717 -0.956 0.084 0.283
33.575 13.128 61.307 -0.234 0.798 0.556
33.884 12.985 62.279 -0.44 0.893 -0.092
33.628 12.84 62.339 -0.568 0.821 -0.062
33.32 12.983 61.367 -0.362 0.725 0.586
32.692 12.589 62.033 0.056 0.988 0.142
33.627 12.839 62.343 -0.568 0.821 -0.06
32.691 12.588 62.037 0.056 0.988 0.144
33.111 12.627 62.482 -0.225 0.962 -0.153
34.477 12.027 64.262 -0.143 0.414 0.899
33.962 11.814 64.4 0.201 0.556 0.807
35.52 11.943 66.026 -0.838 0.47 -0.278
35.296 11.299 66.323 -0.998 0.01 -0.066
33.697 11.052 64.751 0.068 0.175 0.982
35.099 10.573 66.335 -0.866 0.494 -0.073
35.036 10.449 66.355 -0.919 0.391 -0.057
33.616 10.893 64.777 0.028 0.095 0.995
33.499 10.697 64.817 0.106 0.226 0.968
32.5 10.273 64.465 -0.727 -0.127 0.675
32.331 10.348 64.324 -0.615 -0.177 0.769
31.288 9.94 63.989 0.081 0.095 0.992
32.723 9.668 64.321 -0.541 -0.632 0.555
31.511 9.335 63.845 0.267 -0.41 0.872
32.618 9.569 64.139 -0.471 -0.566 0.676
33.08 9.485 64.341 -0.243 -0.784 0.571
33.078 9.335 64.165 -0.242 -0.684 0.689
34.187 8.079 65.377 -0.981 0.154 -0.12
34.187 8.036 65.332 -0.981 0.117 -0.157
33.078 9.279 64.107 -0.241 -0.712 0.66
33.562 7.283 65.917 -0.564 0.619 -0.547
34.047 8.699 64.604 -0.878 -0.425 0.221
34.204 8.048 65.193 -0.984 0.013 -0.177
33.594 7.119 65.727 -0.548 0.537 -0.641
33.11 9.115 63.917 -0.225 -0.794 0.565
34.212 7.908 65.185 -0.96 0.011 -0.28
34.287 7.781 65.005 -0.898 -0.095 -0.43
33.206 8.951 63.686 -0.178 -0.875 0.45
34.331 7.534 64.911 -0.928 0.069 -0.367
35.47 7.459 63.78 -0.358 0.032 -0.933
34.345 8.877 62.555 0.392 -0.913 -0.116
35.965 7.36 63.458 -0.689 0.098 -0.719
36.16 7.484 63.324 -0.549 0.187 -0.814
34.575 9.023 62.396 0.507 -0.839 -0.196
35.09 9.236 62.257 0.164 -0.981 -0.103
36.245 7.506 63.276 -0.489 0.202 -0.849
35.191 9.262 62.201 0.214 -0.968 -0.132
36.581 7.97 63.043 -0.713 -0.106 -0.693
37.244 8.389 62.593 -0.381 0.103 -0.919
35.854 9.681 61.75 0.545 -0.758 -0.357
37.022 9.997 61.344 -0.233 -0.969 -0.086
36.964 10.033 61.201 -0.274 -0.943 -0.189
35.786 9.724 61.58 0.511 -0.737 -0.442
36.467 10.115 60.87 0.057 -0.998 0.032
38.034 10.747 60.406 0.49 -0.433 -0.756
37.734 10.96 59.929 0.69 -0.575 -0.438
38.592 11.016 60.444 0.118 -0.612 -0.782
38.735 11.639 60.138 0.19 -0.301 -0.935
37.877 11.584 59.623 0.762 -0.264 -0.591
38.998 12.621 59.18 0.014 -0.955 -0.296
38.627 12.881 58.772 -0.251 -0.77 -0.587
37.438 11.891 59.14 0.542 -0.11 -0.833
37.227 11.884 58.975 0.683 -0.106 -0.723
38.525 13.003 58.676 -0.324 -0.682 -0.656
37.133 11.997 58.887 0.604 -0.011 -0.797
37.783 13.053 58.708 0.171 -0.715 -0.677
37.056 13.472 58.534 -0.435 -0.367 -0.822
36.406 12.415 58.713 -0.002 0.337 -0.942
35.322 12.415 58.208 0.721 0.338 -0.605
37.013 13.545 58.528 -0.471 -0.306 -0.827
35.275 12.494 58.202 0.688 0.394 -0.61
36.614 13.698 58.622 -0.205 -0.408 -0.89
35.646 14.536 59.307 -0.897 0.19 -0.4
34.307 13.332 58.887 -0.004 0.993 -0.12
35.276 14.297 59.72 -0.65 0.349 -0.675
36.844 15.619 60.234 -0.041 0.964 0.262
36.694 15.58 60.817 0.059 0.99 -0.126
38.216 16.651 60.476 -0.956 0.276 0.101
38.221 16.655 60.508 -0.952 0.278 0.124
36.7 15.584 60.855 0.061 0.992 -0.107
37.948 17.503 61.547 -0.771 -0.287 -0.569
37.726 17.388 62.363 -0.929 -0.37 0.014
36.437 15.447 61.821 -0.07 0.924 0.376
37.527 17.577 62.904 -0.796 -0.496 -0.346
37.522 17.563 62.937 -0.799 -0.503 -0.33
36.432 15.433 61.854 -0.072 0.917 0.392
36.896 15.427 62.317 -0.381 0.921 0.084
36.007 14.027 63.189 -0.825 0.221 0.52
35.544 14.033 62.726 -0.516 0.217 0.828
34.767 13.004 63.324 0.002 0.903 0.43
34.523 13.071 63.123 -0.12 0.937 0.329
35.301 14.1 62.525 -0.638 0.251 0.728
35.155 14.265 62.373 -0.541 0.14 0.829
36.049 13.987 63.267 -0.805 0.201 0.559
34.808 12.964 63.402 0.023 0.883 0.469
36.178 13.972 63.501 -0.891 0.211 0.403
36.445 13.62 63.905 -0.668 -0.083 0.74
35.152 12.511 63.922 0.194 0.657 0.729
36.09 12.352 65.739 -0.431 0.762 -0.483
36.767 13.835 64.112 -0.4 0.096 0.912
36.439 12.586 65.963 -0.181 0.929 -0.323
37.011 12.746 65.617 -0.562 0.822 -0.092
37.129 12.827 65.863 -0.497 0.867 0.045
36.544 12.657 66.181 -0.106 0.98 -0.167
37.687 14.808 66.232 -0.868 -0.454 -0.201
37.704 14.759 66.996 -0.86 -0.478 0.181
36.558 12.616 66.826 -0.096 0.951 0.294
37.86 14.407 67.435 -0.964 -0.243 -0.112
38.572 13.553 68.279 -0.545 -0.745 0.385
37.205 11.84 67.594 0.366 0.397 0.842
37.876 11.904 67.459 -0.082 0.354 0.932
37.907 10.955 67.551 -0.064 -0.174 0.983
37.233 11 67.675 0.385 -0.204 0.9
37.436 9.669 67.996 0.25 0.683 0.686
37.39 9.667 68.014 0.226 0.682 0.696
37.193 10.998 67.691 0.357 -0.205 0.911
36.901 10.017 68.004 0.553 0.449 0.703
35.068 10.294 67.159 -0.756 0.647 0.099
35.361 11.275 66.846 -0.952 -0.007 0.308
35.158 10.551 66.816 -0.816 0.476 0.327
34.839 9.832 66.697 -0.92 0.317 -0.231
34.947 10.126 66.391 -0.992 0.121 -0.027
33.411 10.373 64.853 0.032 -0.044 0.999
34.785 9.468 66.629 -0.959 0.057 -0.279
33.361 10.038 64.79 -0.009 -0.323 0.946
34.468 8.632 65.827 -0.747 0.614 0.255
34.769 9.425 66.68 -0.97 0.026 -0.243
34.453 8.592 65.874 -0.759 0.581 0.294
33.862 8.231 66.973 -0.365 0.821 -0.438
33.619 7.878 66.718 -0.539 0.569 -0.621
34.229 8.267 65.639 -0.946 0.31 0.098
33.616 7.58 66.311 -0.537 0.768 -0.35
35.192 7.25 68.709 0.585 0.121 0.802
35.479 6.837 68.668 0.394 0.396 0.829
36.673 7.706 68.567 -0.402 -0.183 0.897
37.414 6.877 68.011 0.215 -0.875 0.435
36.431 5.771 67.955 0.871 -0.137 0.472
37.088 5.294 67.339 0.433 0.181 0.883
36.756 4.654 67.479 0.267 -0.139 0.954
36.099 5.131 68.096 0.705 -0.457 0.543
36.509 4.149 67.59 0.432 0.198 0.88
36.449 4.106 67.627 0.402 0.176 0.899
36.04 5.088 68.133 0.675 -0.479 0.561
35.956 4.111 67.984 0.731 0.172 0.661
35.322 4.093 68.454 0.414 0.164 0.896
35.406 5.07 68.603 0.358 -0.487 0.797
35.066 4.589 68.606 0.584 -0.167 0.794
32.942 5.165 66.021 -0.665 0.172 -0.727
33.121 5.689 65.822 -0.784 -0.178 -0.594
33.037 4.712 65.673 -0.729 0.473 -0.495
33.754 4.741 65.082 -0.37 0.488 -0.791
33.838 5.718 65.231 -0.426 -0.164 -0.89
34.495 5.241 64.614 -0.864 0.154 -0.479
34.688 5.645 64.507 -0.768 0.357 -0.532
34.031 6.122 65.123 -0.33 0.039 -0.943
34.672 6.701 64.539 -0.757 -0.347 -0.554
34.314 7.516 64.953 -0.936 0.061 -0.347
33.673 6.938 65.537 -0.509 0.446 -0.736
34.273 7.767 65.037 -0.909 -0.107 -0.403
35.5 5.677 63.863 -0.362 0.372 -0.855
35.484 6.733 63.894 -0.351 -0.331 -0.876
35.977 6.746 63.555 -0.68 -0.34 -0.649
36.605 5.224 63.631 0.191 0.146 -0.971
36.911 6.364 63.359 -0.013 -0.614 -0.789
37.881 6.326 62.876 -0.66 -0.588 -0.468
37.717 6.97 62.581 -0.742 -0.266 -0.616
36.772 6.908 63.109 -0.112 -0.225 -0.968
37.205 7.262 62.845 -0.401 -0.46 -0.792
38.148 8.066 62.208 -0.526 0.282 -0.802
37.636 8.358 62.472 -0.185 0.088 -0.979
37.353 9.971 61.243 0.004 -0.987 -0.159
39.046 8.387 62.025 -0.077 0.443 -0.893
38.112 10.242 61.089 0.546 -0.794 -0.269
38.684 10.418 61.252 0.164 -0.911 -0.378
39.651 8.55 62.169 0.225 0.524 -0.821
39.289 10.581 61.396 0.466 -0.83 -0.306
39.516 10.333 61.953 0.315 -0.665 -0.677
40.457 11.486 62.084 0.786 -0.088 -0.612
40.23 11.734 61.526 0.937 -0.253 -0.24
40.25 11.906 61.322 0.924 -0.368 -0.104
39.616 11.912 60.435 0.396 -0.363 -0.843
39.415 11.742 60.386 0.53 -0.25 -0.811
39.573 12.707 59.389 0.425 -0.893 -0.146
40.001 12.174 60.629 0.717 -0.145 -0.682
39.991 12.992 59.6 0.724 -0.69 0.004
41.005 13.217 60.416 0.048 -0.84 -0.54
41.259 13.828 59.933 0.229 -0.404 -0.886
40.245 13.603 59.116 0.905 -0.254 -0.341
40.675 13.904 59.566 0.618 -0.455 -0.641
40.123 15.088 59.049 0.311 0.203 -0.928
39.756 14.651 58.659 0.556 0.495 -0.668
40.613 16.12 58.969 -0.015 -0.485 -0.875
40.358 16.275 58.913 -0.142 -0.407 -0.902
39.541 14.782 58.612 0.402 0.588 -0.701
39.839 15.975 58.995 0.204 -0.207 -0.957
38.801 16.182 59.157 -0.538 -0.059 -0.841
38.503 14.989 58.774 -0.339 0.736 -0.586
37.429 15.15 58.915 0.377 0.629 -0.68
37.391 15.012 58.787 0.35 0.531 -0.772
38.466 14.851 58.645 -0.366 0.638 -0.678
37.729 14.755 58.68 0.126 0.702 -0.701
39.031 17.67 59.687 -0.806 0.29 -0.516
38.718 17.154 59.648 -0.597 0.635 -0.49
38.824 18.178 60.027 -0.668 -0.048 -0.743
38.32 17.843 60.858 -0.92 -0.215 -0.327
38.292 16.871 60.35 -0.901 0.433 0.011
38.019 17.719 61.389 -0.72 -0.133 -0.681
38.268 18.863 61.24 -0.946 0.295 -0.136
37.976 18.581 61.712 -0.751 0.483 -0.451
37.822 18.99 62.133 -0.649 0.21 -0.731
38.763 19.698 61.369 -0.699 0.712 -0.072
38.317 19.824 62.262 -0.402 0.628 -0.667
38.869 20.782 62.219 -0.77 -0.011 -0.638
38.576 21.073 63.056 -0.98 0.197 -0.04
37.969 20.168 63.253 -0.575 0.8 -0.171
37.79 20.11 63.444 -0.456 0.839 -0.298
37.188 18.969 64.121 -0.957 -0.113 0.266
37.196 18.701 64.124 -0.962 0.066 0.264
37.061 18.393 65.13 -0.873 0.271 -0.406
37.38 17.081 64.771 -0.713 -0.385 -0.586
37.514 17.389 63.765 -0.803 -0.59 0.085
37.794 16.422 64.098 -0.989 0.054 -0.137
37.812 16.387 63.98 -0.98 0.037 -0.196
37.533 17.353 63.648 -0.794 -0.608 0.026
36.906 15.218 63.028 -0.376 0.816 0.439
37.806 15.97 64.497 -0.983 -0.172 0.063
36.9 14.801 63.545 -0.379 0.608 0.698
36.84 14.605 63.717 -0.339 0.738 0.583
37.849 15.844 64.658 -0.962 -0.235 0.143
36.874 14.507 63.842 -0.311 0.657 0.687
37.699 15.588 65.628 -0.862 -0.064 -0.503
37.736 14.832 66.023 -0.844 -0.441 -0.306
36.902 13.92 64.15 -0.288 0.167 0.943
37.176 12.851 65.663 -0.471 0.88 -0.066
37.843 15.873 64.665 -0.964 -0.22 0.147
37.693 15.617 65.634 -0.865 -0.049 -0.5
37.429 16.533 65.338 -0.688 -0.659 -0.302
37.168 16.724 66.163 -0.819 -0.563 0.11
37.433 15.809 66.459 -0.995 0.047 -0.087
37.332 16.365 66.604 -0.928 -0.324 -0.184
37.669 16.218 67.845 -0.73 -0.411 0.546
37.795 15.65 67.794 -0.814 -0.032 0.58
37.945 15.235 68.177 -0.914 0.245 0.325
37.689 16.236 67.884 -0.718 -0.4 0.569
37.964 15.253 68.216 -0.902 0.256 0.348
38.061 15.297 68.557 -0.967 0.227 0.12
39.767 15.922 68.993 0.455 0.748 0.484
40.003 16.001 68.737 0.297 0.695 0.654
39.727 16.984 68.405 0.481 0.04 0.876
39.767 16.988 68.382 0.504 0.042 0.863
40.043 16.005 68.715 0.321 0.697 0.641
40.052 16.478 68.372 0.314 0.382 0.869
41.279 15.066 67.003 0.928 -0.324 0.184
41.183 14.692 67.441 0.991 -0.075 -0.108
41.474 14.921 66.441 0.798 -0.228 0.559
41.366 14.481 66.317 0.744 -0.448 0.496
41.083 14.282 67.325 0.932 -0.316 -0.176
41.005 13.935 67.29 0.985 -0.085 -0.153
39.461 13.125 68.165 -0.302 -0.76 0.576
39.238 13.314 68.37 -0.153 -0.886 0.439
39.003 12.155 67.538 0.003 -0.113 0.994
38.632 12.254 67.497 -0.262 -0.043 0.964
38.829 13.422 68.325 -0.393 -0.822 0.412
38.141 11.77 67.506 0.066 0.279 0.958
39.38 11.624 67.304 0.273 -0.493 0.826
38.986 11.059 67.288 0.535 -0.116 0.837
39.311 10.372 67.217 0.319 0.342 0.884
38.852 10.112 67.363 -0.008 0.157 0.988
38.469 10.765 67.452 0.248 -0.279 0.928
38.583 9.597 67.571 0.171 0.5 0.849
38.49 9.59 67.591 0.125 0.497 0.859
38.38 10.759 67.471 0.198 -0.282 0.939
37.932 9.464 67.912 0.497 0.581 0.645
38.88 7.615 67.494 0.319 -0.491 0.81
38.321 7.489 67.815 0.692 -0.407 0.596
39.116 7.546 67.389 0.162 -0.446 0.88
39.096 7.44 67.331 0.145 -0.534 0.833
38.295 7.352 67.742 0.679 -0.476 0.559
40.234 6.213 67.475 -0.614 0.284 0.737
39.917 5.704 67.196 -0.84 -0.08 0.537
37.92 6.749 67.41 0.491 -0.777 0.394
37.614 5.305 66.96 0.695 0.186 0.694
37.151 5.295 67.306 0.464 0.181 0.867
37.457 6.739 67.757 0.26 -0.782 0.567
37.463 6.877 67.987 0.256 -0.874 0.414
36.66 7.75 68.569 -0.413 -0.147 0.899
36.425 7.861 68.505 -0.256 -0.221 0.941
35.178 7.298 68.712 0.575 0.155 0.803
34.876 7.868 68.63 0.359 0.562 0.745
36.067 8.536 68.409 -0.435 0.116 0.893
35.783 9.061 68.337 -0.246 -0.234 0.941
40.23 4.713 66.453 -0.617 -0.787 0.007
37.984 4.132 66.081 0.88 -0.4 0.255
40.09 4.602 65.764 -0.524 -0.713 0.466
40.08 4.467 65.493 -0.529 -0.788 0.316
37.974 3.991 65.797 0.875 -0.47 0.113
40.323 3.931 65.095 -0.691 -0.43 0.581
40.032 4.033 63.923 -0.898 -0.357 -0.256
37.63 4.112 64.411 0.703 -0.41 -0.581
37.736 4.312 64.367 0.633 -0.544 -0.551
37.397 4.759 63.924 0.35 -0.172 -0.921
37.194 4.685 63.841 0.486 -0.123 -0.865
38.47 5.787 63.087 -0.365 -0.858 -0.363
37.589 4.649 64.046 0.51 -0.263 -0.819
38.717 5.646 63.244 -0.242 -0.928 -0.284
38.945 5.306 63.71 -0.394 -0.701 -0.595
39.249 5.302 63.579 -0.177 -0.704 -0.688
39.076 5.641 63.089 -0.062 -0.93 -0.361
40.176 4.394 63.444 -0.795 -0.099 -0.598
41.292 5.11 63.006 0.001 0.412 -0.911
40.396 6.489 62.57 0.598 -0.507 -0.621
41.175 5.8 63.133 0.079 -0.047 -0.996
41.321 5.978 63.151 0.16 0.051 -0.986
40.549 6.675 62.589 0.675 -0.413 -0.611
41.737 6.554 63.076 -0.117 -0.332 -0.936
41.93 7.949 63.34 0.021 0.664 -0.747
40.778 8.327 62.902 0.789 0.413 -0.455
40.854 8.474 63.113 0.739 0.315 -0.596
40.654 8.733 63.078 0.572 0.531 -0.625
40.521 8.66 62.857 0.661 0.579 -0.478
40.323 10.258 62.691 0.793 -0.486 -0.367
39.77 10.188 62.207 0.332 -0.545 -0.77
39.81 8.57 62.235 0.305 0.534 -0.789
39.675 10.353 62.019 0.395 -0.655 -0.645
40.491 10.412 63.151 0.933 -0.358 0.017
40.603 10.641 63.233 0.859 -0.511 -0.037
40.822 8.886 63.539 0.713 0.659 -0.241
40.668 8.95 64.296 0.584 0.712 0.39
40.405 10.722 64.207 0.76 -0.47 0.449
40.158 9.953 65.449 0.924 0.043 -0.379
40.14 10.426 65.762 0.911 0.381 -0.155
40.383 11.282 64.577 0.749 -0.19 0.635
40.209 11.679 65.849 0.865 -0.454 -0.213
40.326 12.293 65.703 0.948 -0.015 -0.317
40.521 12.01 64.405 0.818 0.174 0.548
40.505 12.277 64.387 0.828 -0.004 0.56
40.653 12.634 63.615 0.952 0.294 -0.083
40.712 12.47 63.412 0.913 0.404 0.052
41.49 13.757 62.292 0.394 -0.454 0.799
41.321 13.047 61.221 0.273 -0.961 0.034
40.511 11.63 62.144 0.813 -0.016 -0.582
40.292 12.018 61.369 0.959 -0.275 -0.065
40.633 12.703 63.661 0.935 0.352 -0.045
41.468 13.832 62.341 0.378 -0.401 0.834
41.111 14.151 64.335 0.616 -0.613 -0.495
41.515 15.005 64.236 0.818 -0.186 -0.544
41.809 14.553 62.257 0.622 0.115 0.775
41.469 15.406 63.828 0.849 -0.454 -0.272
41.553 15.794 63.625 0.891 -0.26 -0.373
41.88 14.881 62.086 0.673 0.349 0.652
41.991 16.055 62.054 0.599 -0.433 0.674
42.24 16.029 61.7 0.806 -0.455 0.378
42.15 14.853 61.702 0.866 0.328 0.378
43.519 16.645 61.522 -0.047 -0.866 0.497
43.501 16.542 60.356 -0.059 -0.94 -0.335
42.133 14.749 60.536 0.853 0.255 -0.455
42.226 15.97 60.224 0.791 -0.559 -0.247
41.42 15.752 59.45 0.388 -0.669 -0.634
41.452 14.565 59.882 0.367 0.123 -0.922
40.893 14.736 59.509 0.74 0.008 -0.673
43.344 17.253 59.587 -0.172 -0.432 -0.885
42.039 16.812 59.313 0.698 -0.139 -0.703
41.992 17.043 59.187 0.729 -0.293 -0.618
41.539 18.406 59.441 0.352 0.843 -0.406
41.456 18.565 59.64 0.407 0.738 -0.539
42.785 19.403 60.121 -0.479 0.179 -0.859
42.727 19.466 60.169 -0.511 0.214 -0.833
41.396 18.631 59.691 0.377 0.771 -0.514
41.189 19.139 60.031 0.515 0.432 -0.74
40.406 19.051 59.686 0.123 0.389 -0.913
40.613 18.543 59.345 -0.015 0.727 -0.686
40.234 19.253 59.722 0.238 0.254 -0.937
39.645 19.035 59.689 -0.252 0.073 -0.965
39.857 18.264 59.303 -0.393 0.587 -0.708
39.65 18.771 59.643 -0.255 0.249 -0.934
39.271 19.93 60.715 -0.564 0.818 -0.11
39.168 19.922 60.963 -0.496 0.824 -0.275
39.505 21.074 61.587 -0.72 0.056 -0.691
39.403 21.042 61.707 -0.806 0.029 -0.592
39.037 19.881 61.116 -0.561 0.803 -0.198
39.101 20.937 62.005 -0.604 0.1 -0.791
41.224 21.625 62.991 0.711 0.515 0.478
41.078 21.57 63.4 0.808 0.552 0.206
41.452 21.157 63.631 0.559 0.827 0.052
39.219 20.793 64.572 -0.557 0.645 0.523
39.192 21.262 64.195 -0.539 0.332 0.774
38.356 20.321 65.775 0.018 0.96 -0.279
38.068 20.209 65.556 -0.188 0.88 -0.436
38.904 21.151 63.976 -0.745 0.253 0.617
38.358 20.261 64.342 -0.381 0.846 0.373
38.303 20.265 64.27 -0.409 0.848 0.337
38.858 21.155 63.915 -0.778 0.255 0.574
38.05 20.186 64.235 -0.24 0.901 0.361
38.301 20.24 64.328 -0.409 0.836 0.366
38.048 20.166 64.28 -0.241 0.885 0.398
38.02 20.192 65.544 -0.222 0.868 -0.444
37.115 19.092 65.482 -0.869 0.082 -0.488
37.214 19.153 64.223 -0.935 0.041 0.351
37.095 18.63 65.261 -0.856 0.39 -0.341
39.38 19.851 66.474 0.75 0.624 0.22
39.777 19.529 66.434 0.485 0.839 0.246
40.663 20.157 65.451 -0.105 0.421 0.901
41.445 19.058 65.18 0.547 -0.495 0.675
40.783 18.116 66.086 0.989 0.133 0.071
41.438 18.824 65.05 0.552 -0.339 0.762
41.456 18.682 64.965 0.561 -0.41 0.719
40.801 17.975 66 0.998 0.062 0.029
41.215 17.315 65.327 0.722 0.501 0.477
41.204 17.118 65.513 0.716 0.403 0.57
40.79 17.778 66.186 0.992 -0.037 0.121
41.054 16.862 66.482 0.816 0.574 -0.076
40.771 17.041 67.286 0.674 0.663 0.326
40.507 17.956 66.99 0.85 0.052 0.524
40.436 17.51 67.373 0.898 0.35 0.269
41.225 17.087 65.508 0.727 0.387 0.568
41.076 16.83 66.477 0.826 0.558 -0.079
41.271 16.685 65.916 0.696 0.654 0.296
41.682 18.563 64.666 0.675 -0.469 0.57
41.442 17.197 65.029 0.835 0.442 0.328
42.05 18.256 64.225 0.429 -0.264 0.864
42.191 18.057 64.071 0.5 -0.363 0.786
41.583 16.998 64.874 0.905 0.343 0.251
42.274 17.836 63.946 0.445 -0.215 0.869
42.297 17.036 63.009 0.464 -0.881 0.088
41.613 15.971 63.668 0.92 -0.171 -0.352
42.038 16.192 62.088 0.637 -0.319 0.702
42.422 17.107 62.909 0.568 -0.823 0.005
42.162 16.263 61.989 0.741 -0.26 0.619
43.434 16.899 61.835 -0.107 -0.685 0.721
42.56 17.225 63.018 0.683 -0.724 0.096
43.584 17.028 61.954 0 -0.593 0.805
43.613 17.476 62.483 -0.019 -0.892 0.453
43.82 17.477 62.466 0.096 -0.891 0.443
43.768 17.029 61.939 0.131 -0.592 0.795
44.134 17.629 63.065 -0.113 -0.993 0.044
44.943 17.817 62.703 0.465 -0.859 -0.215
44.577 17.216 61.576 0.709 -0.458 0.536
46.19 16.723 60.998 -0.366 -0.13 0.921
45.959 16.288 60.764 -0.482 -0.347 0.804
44.381 16.849 61.378 0.57 -0.721 0.395
45.897 16.089 60.663 -0.441 -0.215 0.872
45.35 15.824 59.709 -0.897 -0.436 0.077
43.787 16.56 60.342 0.145 -0.927 -0.346
45.256 15.947 59.537 -0.834 -0.518 0.191
45.097 17.405 58.457 -0.913 0.211 -0.349
43.653 17.792 59.429 0.05 -0.047 -0.998
45.058 17.964 58.583 -0.887 -0.161 -0.434
45.022 18.774 58.751 -0.905 0.244 -0.35
43.623 18.477 59.571 0.028 0.442 -0.897
44.02 19.703 59.57 -0.237 -0.375 -0.896
43.633 19.828 59.692 -0.514 -0.285 -0.809
43.236 18.603 59.693 -0.249 0.532 -0.809
43.219 19.255 59.928 -0.238 0.097 -0.966
42.992 19.22 59.997 -0.364 0.077 -0.928
43.035 18.571 59.754 -0.392 0.509 -0.766
41.708 18.257 59.34 0.492 0.719 -0.491
43.248 20.265 59.965 -0.788 0.026 -0.615
42.784 19.748 60.236 -0.479 0.371 -0.796
42.107 19.949 60.499 -0.027 0.237 -0.971
42.039 19.769 60.471 -0.076 0.108 -0.991
42.708 19.545 60.204 -0.522 0.258 -0.813
41.169 19.221 60.068 0.504 0.474 -0.722
41.65 20.277 60.728 -0.354 0.472 -0.808
40.708 19.823 60.372 0.274 0.775 -0.57
40.468 19.853 60.256 0.434 0.754 -0.493
41.554 20.396 60.857 -0.422 0.556 -0.716
40.381 19.963 60.374 0.36 0.845 -0.394
40.615 21.106 61.247 0.204 0.083 -0.975
41.96 20.802 61.137 -0.132 0.846 -0.516
40.989 21.48 61.504 0.516 0.394 -0.761
43.149 21.75 60.835 -0.925 0.214 -0.315
43.194 22.135 61.18 -0.902 0.407 -0.143
41.023 21.78 61.772 0.545 0.644 -0.538
43.246 22.358 61.319 -0.937 0.258 -0.235
43.45 22.349 62.311 -0.766 0.251 0.591
41.228 21.771 62.764 0.715 0.637 0.289
43.457 22.124 62.455 -0.771 0.401 0.495
43.52 21.89 62.687 -0.739 0.285 0.611
41.277 21.589 62.944 0.756 0.485 0.439
41.521 21.11 63.57 0.594 0.804 0.022
43.972 21.293 63.181 -0.513 -0.014 0.858
41.972 20.514 64.065 0.82 0.506 0.269
43.766 20.107 63.711 -0.376 0.777 0.505
43.768 19.684 64.119 -0.374 0.475 0.796
41.975 20.013 64.548 0.821 0.256 0.51
41.864 19.983 64.789 0.895 0.276 0.349
40.624 20.211 65.419 -0.137 0.466 0.874
40.382 20.306 65.358 0.024 0.402 0.915
39.339 19.91 66.438 0.72 0.666 0.195
43.705 18.999 64.275 -0.419 -0.014 0.908
41.806 19.352 64.933 0.847 -0.25 0.469
41.901 19.202 64.732 0.784 -0.15 0.603
43.652 18.652 64.194 -0.457 -0.262 0.85
41.838 18.792 64.637 0.752 -0.355 0.555
42.206 18.484 64.196 0.507 -0.15 0.849
43.698 18.324 64.064 -0.424 -0.496 0.757
42.26 18.096 64.042 0.534 -0.344 0.772
42.327 17.865 63.924 0.49 -0.191 0.851
43.974 17.663 63.144 -0.227 -0.969 0.1
42.582 17.257 63.077 0.701 -0.698 0.145
43.64 17.515 62.555 -0.004 -0.87 0.493
44.759 21.23 63.449 -0.119 -0.045 0.992
44.431 20.054 63.937 0.099 0.739 0.666
44.99 21.103 63.494 -0.273 0.04 0.961
46.122 20.321 62.845 0.671 -0.612 0.42
45.661 19.205 63.231 0.978 0.133 0.162
46.215 20.225 62.614 0.608 -0.548 0.574
46.25 19.981 62.264 0.626 -0.67 0.399
45.69 18.998 62.936 0.999 -0.015 -0.049
47.035 18.68 61.4 0.102 0.197 0.975
46.448 17.462 61.232 -0.192 -0.412 0.891
45.194 17.969 62.794 0.644 -0.75 -0.15
46.487 16.904 61.105 -0.218 -0.04 0.975
48.668 17.87 60.123 0.918 -0.208 0.337
48.707 17.312 59.997 0.892 0.164 0.421
49.089 17.151 59.546 0.638 0.271 0.721
48.521 15.539 59.638 0.354 -0.535 0.767
48.139 15.699 60.089 0.608 -0.642 0.467
48.569 15.009 59.396 0.322 -0.182 0.929
48.192 14.75 59.409 0.1 -0.335 0.937
47.734 15.42 60.103 0.405 -0.782 0.474
47.934 14.503 59.394 0.272 -0.171 0.947
47.063 14.3 59.245 -0.454 -0.34 0.823
46.614 15.158 59.912 -0.155 -0.913 0.379
46.406 15.21 60.001 -0.016 -0.947 0.32
46.607 14.336 58.805 -0.834 -0.31 0.457
45.951 15.247 59.561 -0.396 -0.917 -0.047
46.028 15.205 59.346 -0.448 -0.889 0.096
46.43 14.571 58.075 -0.982 -0.114 -0.152
45.8 15.507 58.408 -0.562 -0.738 -0.374
46.394 14.83 57.833 -0.958 -0.287 0.01
46.368 15.076 57.506 -0.973 -0.143 -0.182
45.772 15.771 58.056 -0.575 -0.606 -0.549
46.154 15.611 57.606 -0.83 -0.499 -0.249
46.331 17.486 57.089 -0.742 0.438 -0.508
45.949 17.646 57.539 -0.487 0.332 -0.808
46.568 18.437 56.912 -0.9 -0.196 -0.39
46.556 18.459 56.929 -0.906 -0.184 -0.382
45.937 17.669 57.556 -0.493 0.343 -0.8
45.897 18.227 57.682 -0.467 -0.029 -0.884
46.487 19.1 57.067 -0.94 0.136 -0.313
45.829 18.868 57.82 -0.501 0.291 -0.815
45.879 20.329 57.344 -0.534 -0.683 -0.498
45.532 20.449 57.674 -0.707 -0.624 -0.333
45.483 18.987 58.15 -0.674 0.351 -0.65
45.012 20.616 58.036 -0.36 -0.735 -0.574
45.01 20.615 58.038 -0.362 -0.735 -0.573
45.48 18.987 58.152 -0.675 0.35 -0.649
44.753 20.661 58.099 -0.191 -0.766 -0.614
44.429 20.56 58.532 -0.461 -0.851 -0.253
45.063 18.856 58.709 -0.884 0.285 -0.371
44.055 19.772 59.535 -0.212 -0.325 -0.922
43.792 21.493 58.964 -0.991 -0.074 0.108
43.364 20.785 60.005 -0.706 0.398 -0.586
43.774 21.684 59.151 -0.979 -0.201 -0.017
43.759 21.769 59.234 -0.987 -0.159 0.025
43.351 20.857 60.075 -0.715 0.449 -0.536
43.444 21.441 60.212 -0.777 0.06 -0.627
43.296 21.408 60.419 -0.851 0.043 -0.523
43.226 20.829 60.25 -0.804 0.429 -0.411
42.084 20.513 60.785 -0.043 0.64 -0.767
43.851 22.65 59.559 -0.941 0.282 0.188
43.536 22.322 60.537 -0.731 0.5 -0.464
43.878 23.253 59.457 -0.959 -0.121 0.256
43.932 23.459 59.644 -0.92 0.026 0.39
43.6 22.565 60.759 -0.699 0.622 -0.353
43.562 22.692 60.991 -0.673 0.537 -0.508
44.761 24.06 60.256 -0.328 0.456 0.827
44.325 23.246 61.555 -0.037 0.999 -0.038
44.582 23.277 61.483 -0.208 0.978 0.009
44.959 24.089 60.301 -0.187 0.477 0.859
44.815 23.311 61.536 -0.091 0.995 0.035
45.307 23.508 61.171 -0.419 0.864 0.279
46.017 23.234 61.981 -0.063 0.727 0.683
45.526 23.037 62.346 0.264 0.858 0.44
46.243 23.356 61.906 -0.214 0.645 0.733
46.386 23.23 62.029 -0.095 0.54 0.836
45.709 22.875 62.504 0.356 0.777 0.52
46.2 23.071 62.14 0.028 0.646 0.763
47.076 20.898 62.149 0.466 -0.441 0.767
46.584 20.702 62.514 0.793 -0.31 0.524
47.42 20.473 61.862 0.236 -0.157 0.959
47.143 19.868 61.649 0.038 -0.589 0.807
46.256 19.986 62.262 0.629 -0.668 0.399
47.041 18.685 61.398 0.105 0.2 0.974
48.011 19.946 61.264 0.658 -0.534 0.532
48.069 18.777 60.942 0.619 0.246 0.746
48.401 19.778 60.838 0.397 -0.421 0.815
49.007 19.499 60.091 0.701 -0.561 0.441
48.675 18.498 60.194 0.922 0.106 0.372
49.333 18.731 59.441 0.483 -0.049 0.874
49.366 18.182 59.3 0.5 -0.323 0.804
48.708 17.949 60.053 0.938 -0.168 0.302
49.129 17.231 59.477 0.658 0.311 0.686
49.903 17.917 58.594 0.768 -0.456 0.45
49.666 16.966 58.77 0.926 0.178 0.333
49.848 17.366 58.388 0.805 -0.088 0.587
49.912 16.604 57.48 0.842 -0.536 0.053
49.735 16.146 57.793 0.96 -0.231 -0.155
49.697 15.574 57.68 0.985 0.15 -0.08
49.908 16.594 57.426 0.84 -0.542 0.021
49.693 15.565 57.626 0.983 0.144 -0.112
49.724 15.403 57.308 0.963 0.252 0.099
48.324 15.455 56.069 -0.204 0.295 -0.933
48.02 15.626 56.144 -0.001 0.181 -0.984
48.234 16.656 55.944 -0.144 -0.506 -0.85
48.182 16.667 55.947 -0.175 -0.499 -0.849
47.968 15.638 56.147 -0.032 0.187 -0.982
47.874 16.215 56.144 0.03 -0.197 -0.98
47.211 17.63 56.264 -0.746 0.067 -0.662
46.83 17.249 56.485 -0.492 0.32 -0.81
47.067 18.2 56.309 -0.65 -0.314 -0.692
49.532 20.192 59.534 0.963 -0.214 0.163
49.859 19.424 58.884 0.746 0.298 0.596
49.626 20.415 59.419 0.901 -0.362 0.239
49.718 20.786 58.887 0.978 -0.054 -0.204
49.977 19.901 58.201 0.805 0.536 0.254
50.027 20.186 57.781 0.771 0.346 0.534
48.089 20.141 56.018 -0.613 0.313 -0.725
47.683 19.847 56.114 -0.342 0.509 -0.79
46.887 21.07 56.329 0.189 -0.306 -0.933
46.04 20.57 56.898 -0.516 -0.723 -0.459
46.595 19.204 56.845 -0.886 0.188 -0.424
45.986 20.433 57.122 -0.48 -0.632 -0.609
47.093 21.341 56.334 0.361 -0.08 -0.929
47.34 21.424 56.397 0.196 -0.136 -0.971
48.313 20.435 56.023 -0.453 0.524 -0.722
48.894 20.865 56.255 -0.038 0.831 -0.555
48.027 21.933 56.672 0.54 0.119 -0.833
48.346 22.423 56.805 0.327 -0.208 -0.922
47.473 23.246 56.87 -0.297 0.38 -0.876
46.993 22.908 56.749 0.023 0.606 -0.795
47.302 23.621 57.018 -0.183 0.131 -0.974
46.925 23.758 57.188 -0.497 0.245 -0.833
46.509 23.084 56.967 -0.219 0.694 -0.686
45.523 23.826 57.253 0.438 0.2 -0.876
44.789 23.068 57.243 -0.173 -0.432 -0.885
45.565 22.11 56.954 -0.691 0.207 -0.693
45.045 22.277 57.316 -0.344 0.096 -0.934
44.926 20.925 57.769 -0.403 -0.58 -0.707
45.446 20.758 57.407 -0.75 -0.469 -0.466
44.688 20.903 57.89 -0.245 -0.565 -0.788
44.752 20.669 58.09 -0.191 -0.76 -0.621
45.529 20.457 57.664 -0.709 -0.619 -0.337
45.009 20.625 58.027 -0.362 -0.731 -0.579
43.838 23.315 58.46 -0.966 -0.226 0.129
43.823 22.595 58.881 -0.955 0.254 -0.151
43.854 23.207 58.884 -0.976 -0.154 -0.153
45.607 24.617 58.23 0.508 0.859 -0.063
45.775 24.621 58.634 0.396 0.856 -0.332
47.009 24.549 58.164 -0.427 0.904 -0.019
47.402 24.185 59.139 -0.1 0.601 0.793
46.202 24.226 59.692 0.7 0.574 0.424
46.777 23.669 60.451 0.317 0.945 -0.082
46.752 23.679 60.477 0.304 0.95 -0.068
46.18 24.234 59.714 0.685 0.58 0.44
46.815 23.703 60.736 0.262 0.934 -0.241
46.249 23.751 61.132 -0.209 0.974 0.088
45.566 24.286 60.144 0.247 0.617 0.747
46.025 23.741 60.986 -0.059 0.981 0.186
46.819 23.656 60.465 0.338 0.938 -0.074
46.867 23.685 60.727 0.306 0.919 -0.249
47.434 24.175 59.15 -0.072 0.592 0.802
47.866 23.941 59.233 0.288 0.397 0.871
47.299 23.451 60.81 0.666 0.724 -0.18
47.375 23.355 60.572 0.615 0.788 -0.021
48.081 23.737 59.213 0.466 0.227 0.855
47.651 23.093 60.546 0.753 0.657 -0.034
48.319 23.372 59.254 0.307 0.47 0.827
48.545 23.044 59.288 0.468 0.236 0.852
47.917 22.704 60.586 0.887 0.462 -0.014
48.544 22.207 59.984 0.469 0.794 0.388
48.594 21.24 60.833 0.494 0.31 0.812
47.967 21.737 61.435 0.912 -0.021 0.411
48.173 21.182 61.259 0.774 0.349 0.528
49.029 22.776 58.907 0.814 0.044 0.579
49.117 21.89 59.532 0.755 0.635 0.162
49.303 21.736 59.418 0.631 0.738 0.238
49.227 22.323 57.966 0.956 -0.28 -0.093
49.485 21.318 58.551 0.783 0.39 -0.484
49.774 20.765 57.416 0.591 0.759 0.273
40.639 12.688 63.688 0.94 0.34 -0.022
41.12 14.132 64.37 0.62 -0.623 -0.477
41.043 13.943 64.479 0.671 -0.497 -0.55
40.968 13.677 65.541 0.609 -0.719 0.335
41.024 13.789 65.735 0.572 -0.794 0.206
40.39 12.451 66.097 0.995 0.098 -0.036
40.383 12.492 66.242 0.99 0.127 0.068
41.015 13.838 65.907 0.568 -0.77 0.291
40.732 13.435 66.972 0.757 -0.501 -0.419
40.909 13.545 65.178 0.56 -0.828 0.032
40.326 12.309 65.703 0.948 -0.004 -0.317
40.505 12.291 64.387 0.829 0.008 0.56
40.702 8.862 64.387 0.613 0.638 0.466
40.195 9.858 65.548 0.951 -0.025 -0.308
41.766 8.371 64.724 -0.096 0.966 0.241
41.786 8.073 65.301 -0.081 0.753 0.653
40.216 9.559 66.125 0.966 -0.238 0.104
40.197 8.942 66.106 0.978 0.173 0.117
41.767 7.805 65.537 -0.095 0.561 0.822
40.174 8.626 66.385 0.967 0.014 0.256
41.349 7.182 66.601 0.183 0.977 0.112
41.162 7.081 67.039 0.05 0.904 0.425
39.953 8.505 66.903 0.856 -0.046 0.515
39.951 8.239 66.929 0.857 0.132 0.498
42.869 6.777 65.368 0.692 -0.173 0.701
42.451 6.155 66.432 0.97 0.243 -0.009
42.6 6.231 65.74 0.871 0.192 0.453
42.236 4.784 65.688 0.668 -0.612 0.424
42.128 4.875 66.386 0.74 -0.672 -0.042
42.23 4.211 65.267 0.672 -0.23 0.704
40.61 3.88 65.316 -0.486 -0.466 0.739
40.508 4.543 66.435 -0.418 -0.908 -0.007
40.404 4.41 65.743 -0.349 -0.819 0.454
42.701 5.501 64.368 0.927 -0.213 -0.309
42.642 4.846 64.099 0.966 0.224 -0.13
42.958 6.132 64.153 0.756 -0.634 -0.166
41.924 6.429 63.116 0.017 -0.421 -0.907
41.609 5.144 63.062 0.228 0.436 -0.871
41.533 5.837 63.197 0.278 -0.026 -0.96
39.097 5.095 63.926 -0.285 -0.851 -0.44
40.025 4.188 63.791 -0.904 -0.247 -0.35
37.729 4.455 64.245 0.627 -0.425 -0.653
33.79 4.598 64.986 -0.352 0.416 -0.838
34.531 5.098 64.519 -0.846 0.083 -0.527
34.283 4.593 64.629 -0.681 0.42 -0.6
33.767 2.971 64.978 -0.364 -0.397 -0.842
34.26 2.966 64.621 -0.692 -0.394 -0.604
33.484 2.51 65.185 -0.175 -0.09 -0.98
33.738 2.127 65.239 -0.025 -0.315 -0.949
34.533 2.554 64.679 -0.556 -0.6 -0.575
33.88 1.805 65.298 -0.12 -0.1 -0.988
34.606 1.287 65.65 0.485 -0.532 -0.694
35.467 1.888 65.132 -0.089 -0.933 -0.349
35.694 1.862 65.092 -0.24 -0.916 -0.322
36.007 1.768 65.606 0.021 -0.994 0.106
35.87 1.767 65.793 0.112 -0.993 -0.019
34.919 1.192 66.164 0.746 -0.61 -0.266
35.007 1.376 66.897 0.82 -0.457 0.345
35.983 2.003 66.736 0.169 -0.875 0.453
35.086 1.615 67.151 0.767 -0.617 0.176
35.131 1.835 67.469 0.794 -0.487 0.363
36.032 2.24 67.078 0.194 -0.757 0.624
35.539 2.245 67.435 0.522 -0.76 0.386
33.607 3 68.509 -0.102 0.198 0.975
33.9 3.498 68.553 -0.298 -0.134 0.945
33.744 4.036 68.699 -0.194 -0.492 0.849
33.551 3.009 68.5 -0.136 0.204 0.97
33.687 4.045 68.69 -0.227 -0.487 0.843
33.197 2.965 68.504 0.1 0.233 0.967
32.159 3.378 66.995 -0.764 0.577 -0.29
32.448 4.538 66.887 -0.956 -0.197 -0.217
32.311 3.502 66.697 -0.865 0.494 -0.091
32.323 3.511 66.641 -0.858 0.499 -0.124
32.46 4.547 66.831 -0.949 -0.192 -0.25
32.519 4.048 66.544 -0.988 0.141 -0.059
30.509 11.159 60.968 -0.395 0.774 -0.495
29.918 10.859 61.339 -0.732 0.68 -0.033
29.978 10.946 61.483 -0.772 0.622 -0.129
30.021 11.046 61.625 -0.801 0.556 -0.224
29.651 10.279 61.642 -0.955 0.197 0.22
29.686 10.314 61.814 -0.979 0.174 0.106
29.701 10.353 61.988 -0.989 0.148 -0.01
29.723 9.576 61.639 -0.895 -0.389 0.218
29.765 9.548 61.811 -0.923 -0.371 0.104
29.788 9.512 61.984 -0.938 -0.347 -0.012
30.103 9.065 61.332 -0.578 -0.815 -0.038
30.179 8.991 61.476 -0.629 -0.766 -0.134
30.242 8.901 61.617 -0.671 -0.706 -0.228
30.62 8.976 60.858 -0.147 -0.889 -0.434
30.743 8.894 60.959 -0.229 -0.835 -0.501
30.86 8.795 61.05 -0.307 -0.768 -0.562
31.202 9.301 60.493 0.097 -0.546 -0.832
31.56 9.606 60.215 -0.141 -0.749 -0.647
30.671 9.908 60.192 -0.105 -0.112 -0.988
31.192 10.16 59.98 -0.453 -0.28 -0.846
31.599 10.341 59.552 -0.724 -0.401 -0.562
30.429 10.557 60.358 -0.307 0.428 -0.85
30.952 10.803 60.144 -0.656 0.264 -0.707
31.31 11.116 59.75 -0.894 0.055 -0.445
30.93 11.297 60.647 -0.675 0.682 -0.282
32.688 9.439 59.905 -0.083 -0.932 -0.354
32.57 9.143 60.392 -0.004 -0.734 -0.679
33.089 9.689 59.485 0.153 -0.784 -0.601
33.629 9.807 59.275 -0.208 -0.863 -0.461
32.81 10.104 59.077 -0.011 -0.541 -0.841
33.329 10.253 58.835 -0.357 -0.64 -0.68
32.53 10.649 58.876 -0.176 -0.22 -0.96
33.028 10.839 58.619 -0.508 -0.347 -0.788
32.288 11.246 58.911 -0.318 0.131 -0.939
32.768 11.482 58.657 -0.638 -0.026 -0.77
32.12 11.809 59.177 -0.417 0.463 -0.782
32.587 12.087 58.943 -0.729 0.277 -0.626
32.049 12.257 59.636 -0.459 0.726 -0.512
32.511 12.569 59.437 -0.766 0.518 -0.38
32.087 12.525 60.221 -0.437 0.884 -0.168
32.551 12.858 60.066 -0.746 0.662 -0.065
31.666 12.256 60.631 -0.684 0.726 0.073
31.471 12.174 61.173 -0.554 0.781 -0.288
30.617 11.567 61.612 -0.45 0.863 -0.231
31.072 11.897 61.473 -0.754 0.643 -0.138
30.703 11.649 62.184 -0.399 0.911 0.105
31.165 11.985 62.088 -0.707 0.687 0.169
30.865 11.546 62.736 -0.304 0.85 0.43
31.339 11.875 62.682 -0.62 0.631 0.466
30.37 10.733 63.216 -0.596 0.372 0.712
30.429 10.477 63.458 -0.635 0.542 0.55
29.946 10.152 62.913 -0.845 0.03 0.534
30.074 9.992 63.205 -0.931 0.137 0.339
29.974 9.413 62.664 -0.828 -0.404 0.388
30.098 9.374 62.997 -0.911 -0.378 0.166
30.444 8.799 62.565 -0.552 -0.766 0.33
30.491 8.859 62.914 -0.583 -0.806 0.097
31.175 8.543 62.653 -0.122 -0.916 0.381
31.103 8.645 62.988 -0.073 -0.985 0.158
31.99 8.515 61.941 0.358 -0.933 -0.038
32.549 8.614 61.827 -0.015 -0.999 0.039
31.842 8.585 61.387 0.27 -0.892 -0.363
32.39 8.69 61.231 -0.095 -0.961 -0.259
31.635 8.829 60.906 0.149 -0.748 -0.646
32.167 8.952 60.714 -0.206 -0.83 -0.518
33.079 8.693 62.007 0.25 -0.96 0.129
33.5 8.731 62.452 -0.031 -0.985 -0.168
33.509 8.849 61.587 0.465 -0.882 -0.082
33.93 8.887 62.031 0.184 -0.907 -0.378
35.28 10.015 59.785 0.618 -0.759 -0.206
36.269 10.263 60.046 -0.042 -0.924 -0.38
35.337 10.298 59.3 0.646 -0.618 -0.448
36.327 10.546 59.562 -0.013 -0.783 -0.622
35.814 10.998 59.036 0.328 -0.606 -0.724
35.801 11.036 59 0.319 -0.578 -0.751
34.704 10.483 58.627 0.33 -0.525 -0.784
34.74 10.857 58.28 0.306 -0.775 -0.553
34.006 10.515 58.475 -0.019 -0.509 -0.861
34.15 10.885 58.152 -0.115 -0.755 -0.645
33.371 10.844 58.443 -0.337 -0.345 -0.876
33.614 11.162 58.125 -0.499 -0.557 -0.664
32.931 11.4 58.539 -0.556 -0.067 -0.828
33.243 11.632 58.206 -0.764 -0.221 -0.606
32.778 12.068 58.743 -0.633 0.268 -0.726
33.113 12.197 58.378 -0.856 0.182 -0.483
32.943 12.711 59.012 -0.55 0.589 -0.592
33.253 12.739 58.606 -0.757 0.57 -0.321
33.392 13.193 59.291 -0.326 0.83 -0.453
33.632 13.147 58.841 -0.486 0.861 -0.153
34.654 13.72 59.806 -0.42 0.738 -0.528
34.338 13.789 60.559 -0.622 0.782 -0.047
34.349 13.816 60.705 -0.629 0.764 -0.145
34.273 13.547 61.402 -0.699 0.518 0.493
32.233 12.44 62.483 -0.173 0.914 0.367
32.654 12.479 62.927 -0.454 0.888 0.07
31.846 12.09 62.88 -0.366 0.739 0.565
32.267 12.129 63.324 -0.647 0.714 0.269
33.254 12.659 63.06 -0.154 0.979 0.137
33.769 12.872 62.922 -0.497 0.837 0.229
33.456 12.524 63.605 -0.053 0.911 0.409
33.971 12.736 63.467 -0.396 0.769 0.501
33.7 12.233 64.066 0.069 0.766 0.64
34.215 12.446 63.928 -0.274 0.624 0.732
34.496 11.55 64.616 -0.155 0.732 0.663
34.988 11.481 65.008 -0.483 0.778 0.401
35.351 11.62 65.508 -0.725 0.685 0.068
34.324 11.055 64.844 -0.35 0.173 0.921
34.857 11.104 65.182 -0.705 0.141 0.695
35.202 11.191 65.706 -0.935 0.083 0.346
34.215 10.777 64.887 -0.277 0.359 0.892
34.665 10.588 65.239 -0.577 0.484 0.657
34.977 10.517 65.748 -0.785 0.532 0.318
34.161 10.671 64.905 -0.335 0.243 0.91
34.625 10.508 65.252 -0.645 0.352 0.679
34.933 10.43 65.762 -0.85 0.404 0.338
31.844 10.149 64.043 -0.29 -0.045 0.956
31.57 10.888 63.699 -0.5 0.52 0.693
31.951 10.11 64.079 -0.361 -0.018 0.932
32.141 9.594 63.956 -0.154 -0.583 0.798
32.078 9.515 63.892 -0.111 -0.53 0.841
32.276 8.969 63.206 0.041 -0.948 0.316
33.739 9.069 64.407 -0.682 -0.506 0.527
34.143 8.612 64.848 -0.951 -0.202 0.233
33.739 9.033 64.37 -0.682 -0.548 0.485
34.143 8.581 64.816 -0.951 -0.246 0.187
33.996 7.613 65.599 -0.853 0.399 -0.335
34.008 7.551 65.528 -0.824 0.249 -0.508
33.645 9.064 64.283 -0.619 -0.568 0.542
33.657 9.002 64.212 -0.59 -0.718 0.369
33.76 8.928 64.249 -0.658 -0.669 0.344
34.161 8.489 64.71 -0.926 -0.377 0.037
33.821 8.824 64.101 -0.587 -0.79 0.173
34.214 8.398 64.581 -0.85 -0.507 -0.147
33.744 8.834 63.944 -0.536 -0.797 0.278
34.149 8.52 64.27 -0.806 -0.588 0.06
34.356 8.062 64.612 -0.945 -0.283 -0.167
33.65 8.716 63.007 0.044 -0.993 0.11
34.074 8.659 63.438 -0.239 -0.955 -0.177
34.44 8.366 63.825 -0.483 -0.76 -0.436
34.687 7.887 64.105 -0.647 -0.44 -0.622
34.775 7.299 64.232 -0.706 -0.048 -0.707
34.592 8.778 63.101 0.227 -0.847 -0.48
34.896 8.472 63.529 0.025 -0.643 -0.766
35.205 8.006 63.768 -0.182 -0.333 -0.925
34.811 8.84 63.059 0.081 -0.888 -0.452
35.302 8.523 63.421 -0.247 -0.677 -0.694
35.716 7.993 63.564 -0.522 -0.323 -0.789
34.94 8.922 62.969 0.264 -0.772 -0.578
35.389 8.578 63.361 -0.035 -0.542 -0.839
35.826 8.062 63.488 -0.327 -0.199 -0.924
35.451 9.095 62.785 -0.077 -0.887 -0.455
35.79 8.7 63.183 -0.303 -0.624 -0.721
36.042 8.127 63.375 -0.471 -0.242 -0.848
35.513 9.111 62.75 -0.001 -0.867 -0.498
35.835 8.712 63.157 -0.216 -0.601 -0.77
36.096 8.141 63.345 -0.389 -0.22 -0.894
35.76 9.126 62.679 -0.166 -0.877 -0.451
36.266 8.655 62.986 -0.503 -0.563 -0.655
36.254 9.438 62.344 0.279 -0.596 -0.753
36.76 8.967 62.651 -0.059 -0.282 -0.958
36.413 9.975 61.582 0.173 -0.954 -0.245
36.356 10.011 61.44 0.131 -0.928 -0.349
37.084 10.348 60.207 0.365 -0.881 -0.3
37.485 10.23 60.64 0.098 -0.802 -0.589
38.333 12.266 59.521 0.458 -0.719 -0.523
37.993 12.504 59.147 0.172 -0.519 -0.837
37.616 12.337 59.105 0.424 -0.407 -0.809
38.11 12.688 59.033 0.094 -0.642 -0.761
37.542 12.426 59.035 0.332 -0.297 -0.895
38.033 12.781 58.96 0.004 -0.534 -0.846
37.4 12.58 58.909 0.427 -0.4 -0.811
36.764 12.946 58.757 -0.24 -0.017 -0.971
35.815 12.369 58.566 0.392 0.368 -0.843
36.444 11.765 58.669 0.03 -0.205 -0.978
35.851 11.762 58.524 0.426 -0.203 -0.882
35.363 11.708 58.16 0.751 -0.167 -0.639
35.763 11.227 58.803 0.344 -0.706 -0.62
35.803 12.758 58.666 0.401 0.108 -0.91
36.433 13.142 58.784 -0.02 -0.148 -0.989
35.774 12.806 58.662 0.355 0.186 -0.916
36.406 13.188 58.78 -0.066 -0.069 -0.995
35.619 12.884 58.605 0.458 0.134 -0.879
36.096 13.313 58.755 0.14 -0.152 -0.978
34.743 13.048 58.312 0.308 0.79 -0.531
35.223 13.296 58.687 -0.013 0.624 -0.781
35.7 13.725 58.837 -0.331 0.338 -0.881
36.082 14.251 58.732 -0.585 -0.013 -0.811
34.899 13.507 59.116 -0.399 0.876 -0.272
35.376 13.936 59.265 -0.717 0.59 -0.372
34.881 13.631 59.412 -0.387 0.794 -0.47
34.759 13.634 59.547 -0.49 0.796 -0.356
35.447 14.96 60.135 -0.565 0.68 -0.467
35.79 15.095 59.658 -0.793 0.59 -0.149
35.962 15.425 60.533 -0.308 0.913 -0.268
36.225 15.488 59.995 -0.483 0.871 0.091
37.355 15.681 60.712 -0.382 0.922 -0.056
37.899 16.064 60.59 -0.745 0.667 0.025
37.359 15.684 60.74 -0.378 0.925 -0.031
37.903 16.067 60.616 -0.741 0.67 0.052
37.233 15.752 61.252 -0.294 0.88 -0.373
37.673 16.196 61.534 -0.588 0.584 -0.56
37.93 16.823 61.639 -0.759 0.166 -0.63
37.084 15.675 61.799 -0.501 0.772 0.39
37.574 16.144 61.9 -0.827 0.459 0.323
37.804 16.758 62.102 -0.981 0.05 0.188
37.039 15.574 61.978 -0.471 0.839 0.271
37.515 15.926 62.209 -0.788 0.604 0.117
37.778 16.441 62.47 -0.964 0.261 -0.057
37.783 17.027 62.717 -0.967 -0.129 -0.222
37.037 15.567 61.995 -0.475 0.828 0.298
37.513 15.923 62.216 -0.793 0.59 0.151
37.777 16.438 62.478 -0.969 0.247 -0.024
37.78 17.019 62.733 -0.971 -0.141 -0.194
36.031 15.116 62.252 -0.273 0.759 0.591
36.494 15.111 62.715 -0.582 0.762 0.283
35.723 14.632 62.554 -0.427 0.516 0.742
36.186 14.626 63.017 -0.736 0.52 0.434
35.208 13.404 62.897 -0.292 0.636 0.714
34.989 13.465 62.716 -0.43 0.674 0.6
35.784 15.084 62.149 -0.396 0.743 0.54
35.531 15.031 62.081 -0.227 0.778 0.586
35.455 15.255 61.051 -0.561 0.828 -0.009
35.275 15.163 61.226 -0.441 0.889 -0.126
34.922 13.534 62.603 -0.385 0.628 0.676
34.445 13.469 61.974 -0.814 0.57 0.111
35.502 13.359 63.123 -0.488 0.666 0.563
35.538 13.324 63.191 -0.464 0.643 0.61
35.376 13.134 63.31 -0.356 0.769 0.531
35.858 13.489 63.345 -0.677 0.533 0.507
35.639 12.788 63.707 -0.13 0.472 0.872
36.094 13.179 63.701 -0.434 0.211 0.876
35.509 12.112 64.44 -0.043 0.923 0.383
35.849 12.054 65.1 -0.271 0.961 -0.057
35.05 11.783 64.671 -0.525 0.577 0.626
35.429 11.752 65.312 -0.777 0.597 0.199
36.485 12.443 65.252 -0.695 0.702 -0.158
36.695 12.722 64.722 -0.834 0.516 0.195
36.681 13.139 64.245 -0.825 0.238 0.513
36.68 12.573 65.377 -0.342 0.937 0.068
36.829 12.812 64.809 -0.441 0.778 0.447
36.86 13.259 64.36 -0.462 0.48 0.746
37.178 12.921 66.337 -0.529 0.804 -0.271
37.637 13.451 66.403 -0.835 0.451 -0.315
37.82 14.13 66.366 -0.957 -0.001 -0.29
37.185 12.9 66.677 -0.514 0.762 0.394
37.642 13.435 66.657 -0.819 0.405 0.407
37.829 14.104 66.772 -0.943 -0.041 0.33
37.175 12.801 66.907 -0.507 0.828 0.24
37.649 13.218 67.055 -0.823 0.55 0.141
37.892 13.788 67.243 -0.985 0.17 0.016
36.731 12.285 67.394 0.027 0.714 0.699
37.279 12.6 67.251 -0.338 0.504 0.795
37.733 13.057 67.331 -0.64 0.2 0.742
38.007 13.569 67.618 -0.823 -0.142 0.55
38.05 14.042 68.06 -0.852 -0.457 0.256
37.566 12.331 67.372 0.125 0.07 0.99
37.963 12.841 67.428 -0.139 -0.27 0.953
38.32 13.275 67.75 -0.377 -0.56 0.738
37.274 10.289 67.684 0.358 0.27 0.894
37.236 10.287 67.699 0.329 0.269 0.905
36.476 11.246 67.797 -0.155 -0.028 0.987
36.183 10.265 68.11 0.04 0.626 0.779
35.786 11.35 67.479 -0.648 0.047 0.76
35.493 10.37 67.792 -0.453 0.7 0.552
34.843 10.162 65.792 -0.923 0.097 0.372
34.511 10.223 65.286 -0.702 0.057 0.71
34.006 10.297 64.954 -0.365 0.007 0.931
34.894 10.348 65.772 -0.824 0.459 0.332
34.549 10.359 65.27 -0.594 0.451 0.666
34.057 10.483 64.934 -0.266 0.369 0.891
34.049 10.155 64.981 -0.394 0.102 0.914
34.564 9.968 65.395 -0.737 0.226 0.637
34.847 9.852 66.01 -0.925 0.303 0.227
34.028 10.009 64.953 -0.454 -0.304 0.838
34.552 9.885 65.38 -0.803 -0.221 0.553
34.823 9.691 65.98 -0.984 -0.092 0.153
33.904 9.517 64.817 -0.371 0.024 0.928
34.306 9.006 65.194 -0.639 0.365 0.677
33.741 9.197 64.557 -0.684 -0.592 0.428
34.144 8.685 64.934 -0.952 -0.251 0.176
34.743 9.004 66.23 -0.931 0.366 -0.013
34.73 8.967 66.274 -0.943 0.331 0.028
34.25 8.296 66.436 -0.623 0.778 -0.08
34.046 8 66.221 -0.823 0.488 -0.29
34.013 7.858 65.99 -0.801 0.583 -0.136
33.969 7.615 65.667 -0.835 0.398 -0.38
33.085 7.199 66.704 -0.802 0.577 -0.153
33.17 7.556 67.05 -0.859 0.339 -0.384
32.859 6.793 67.309 -0.915 0.374 0.149
32.979 7.213 67.561 -0.995 0.094 -0.019
32.991 6.459 67.982 -0.849 0.207 0.486
33.091 6.93 68.129 -0.916 -0.108 0.387
33.45 6.276 68.563 -0.62 0.115 0.776
33.479 6.776 68.62 -0.639 -0.218 0.738
34.127 6.287 68.914 -0.281 0.121 0.952
34.051 6.785 68.917 -0.23 -0.211 0.95
34.862 6.49 68.952 0.086 0.223 0.971
34.671 6.957 68.949 0.213 -0.088 0.973
36.077 7.248 68.423 -0.004 0.122 0.992
35.994 6.2 68.519 0.652 0.078 0.754
36.468 6.764 68.31 0.336 -0.298 0.894
37.074 7.211 68.45 -0.068 -0.596 0.8
36.801 6.437 67.881 0.624 -0.582 0.521
36.23 4.657 67.75 0.618 -0.141 0.774
36.174 4.616 67.784 0.586 -0.165 0.794
34.879 5.409 68.897 0.094 -0.318 0.943
34.576 4.905 68.879 0.296 0.019 0.955
34.272 5.738 68.942 -0.209 -0.153 0.966
34.012 5.21 68.921 -0.036 0.198 0.979
33.672 6.01 68.731 -0.509 -0.018 0.86
33.454 5.463 68.725 -0.364 0.347 0.864
33.164 6.186 68.295 -0.763 0.07 0.642
32.982 5.626 68.32 -0.642 0.443 0.626
32.822 6.24 67.696 -0.934 0.098 0.343
32.664 5.677 67.763 -0.829 0.473 0.298
32.694 6.166 67.02 -0.998 0.06 0.005
32.545 5.608 67.135 -0.899 0.432 -0.071
32.799 5.973 66.364 -0.946 -0.036 -0.323
32.642 5.429 66.525 -0.842 0.327 -0.43
34.059 7.332 65.357 -0.766 0.184 -0.616
33.995 7.48 65.512 -0.815 0.296 -0.498
35.811 6.209 63.814 -0.569 0.018 -0.822
36.745 5.827 63.617 0.097 -0.256 -0.962
37.37 7.8 62.573 -0.318 -0.191 -0.929
37.882 7.509 62.308 -0.659 0.003 -0.752
37.59 9.091 62.359 -0.154 -0.401 -0.903
37.488 9.677 61.912 -0.086 -0.791 -0.605
37.323 9.112 62.44 -0.434 -0.379 -0.817
37.242 9.696 61.987 -0.38 -0.768 -0.515
37.687 9.752 61.745 -0.219 -0.842 -0.494
37.961 9.302 62.112 -0.401 -0.542 -0.739
38.124 8.704 62.276 -0.51 -0.143 -0.848
38.183 9.929 61.644 0.499 -0.585 -0.639
38.39 9.456 62.025 0.36 -0.27 -0.893
38.697 8.909 62.16 0.156 0.095 -0.983
38.744 10.08 61.761 0.125 -0.686 -0.717
38.834 9.569 62.09 0.064 -0.345 -0.936
38.941 8.972 62.183 -0.007 0.053 -0.999
39.19 10.2 61.867 0.533 -0.576 -0.62
39.224 9.674 62.183 0.51 -0.225 -0.83
39.387 9.092 62.289 0.401 0.163 -0.901
39.863 11.082 61.385 0.753 -0.58 -0.311
40.089 10.834 61.943 0.602 -0.414 -0.683
39.401 12.336 59.981 0.539 -0.646 -0.541
38.847 12.252 59.779 0.115 -0.71 -0.695
39.525 12.416 59.996 0.457 -0.699 -0.55
39.875 12.653 60.171 0.801 -0.464 -0.377
40.432 13.235 60.054 0.43 -0.852 -0.299
40.655 13.771 59.63 0.632 -0.366 -0.683
40.122 14.149 58.81 0.817 0.137 -0.56
40.536 14.521 59.219 0.541 -0.112 -0.834
39.953 15.125 58.988 0.424 0.179 -0.888
40.255 15.643 59.097 0.223 -0.167 -0.96
39.767 15.238 58.948 0.252 0.284 -0.925
40.055 15.765 59.054 0.06 -0.067 -0.996
39.642 15.348 58.937 0.336 0.211 -0.918
38.723 15.531 59.081 -0.485 0.375 -0.79
38.503 14.261 58.313 -0.34 0.217 -0.915
37.763 14.212 58.374 0.154 0.25 -0.956
38.524 13.583 58.324 -0.324 -0.268 -0.907
37.782 13.587 58.384 0.17 -0.271 -0.948
37.3 14.218 58.395 -0.232 0.255 -0.939
36.926 14.429 58.476 0.018 0.114 -0.993
37.897 15.398 59.222 0.065 0.463 -0.884
38.381 15.763 59.307 -0.258 0.22 -0.941
37 15.598 59.438 0.07 0.949 -0.306
37.559 15.751 59.632 -0.303 0.847 -0.436
38.044 16.115 59.718 -0.626 0.605 -0.493
38.372 16.63 59.68 -0.844 0.261 -0.468
37.437 15.767 60.258 -0.437 0.865 0.246
37.921 16.131 60.343 -0.759 0.622 0.189
39.47 16.482 58.955 -0.06 0.155 -0.986
39.921 16.875 58.865 -0.361 -0.107 -0.926
39.068 16.905 59.189 -0.347 0.457 -0.819
39.445 17.376 59.142 -0.599 0.143 -0.788
38.306 17.267 60.932 -0.911 0.169 -0.377
38.244 17.08 61.069 -0.968 -0.005 -0.25
37.667 18.02 62.032 -0.972 0.082 -0.222
37.457 18.326 62.512 -0.832 -0.122 -0.542
38.66 20.268 62.314 -0.63 0.332 -0.702
38.361 20.564 63.167 -0.836 0.536 -0.114
37.3 19.242 63.113 -0.91 0.337 -0.241
37.269 19.39 63.335 -0.89 0.238 -0.389
37.224 18.02 63.92 -0.948 -0.275 0.162
37.09 17.712 64.926 -0.858 -0.069 -0.509
37.76 16.81 63.363 -0.945 -0.246 0.216
37.717 16.197 63.14 -0.917 0.163 0.365
37.414 15.63 63.02 -0.714 0.541 0.444
37.753 16.954 62.875 -0.953 -0.097 -0.289
37.711 16.317 62.731 -0.925 0.327 -0.193
37.406 15.774 62.532 -0.722 0.69 -0.06
37.41 15.463 63.298 -0.712 0.653 0.259
37.73 15.876 63.634 -0.926 0.377 0.035
37.405 15.111 63.734 -0.716 0.401 0.572
37.725 15.524 64.071 -0.929 0.126 0.347
37.386 14.944 63.854 -0.704 0.513 0.492
37.73 15.43 64.131 -0.933 0.189 0.307
37.414 14.862 63.957 -0.672 0.42 0.61
37.762 15.338 64.248 -0.903 0.103 0.417
37.389 14.585 64.194 -0.655 0.605 0.452
37.732 14.822 64.665 -0.884 0.447 0.138
37.842 15.177 65.173 -0.957 0.21 -0.2
37.408 14.203 64.394 -0.625 -0.021 0.78
37.749 14.48 64.844 -0.853 -0.206 0.48
37.865 14.703 65.421 -0.93 -0.355 0.096
37.131 13.381 64.473 -0.441 0.526 0.727
37.229 13 65.013 -0.506 0.781 0.367
37.024 13.314 64.443 -0.571 0.443 0.691
37.111 12.925 64.98 -0.629 0.702 0.332
37.697 13.366 65.874 -0.818 0.537 -0.207
37.901 14.088 66.006 -0.954 0.055 -0.294
37.663 13.348 66.021 -0.852 0.519 -0.06
37.866 14.071 66.155 -0.988 0.038 -0.15
37.492 15.671 67.153 -0.965 -0.022 0.26
37.387 16.237 67.249 -0.896 -0.399 0.196
37.649 15.207 67.404 -0.887 -0.254 0.385
37.809 14.822 67.815 -0.994 0.002 0.112
38.023 15.273 68.384 -0.941 0.243 0.236
38.066 14.449 68.462 -0.843 -0.218 0.492
38.115 14.539 68.608 -0.876 -0.278 0.395
38.146 14.624 68.763 -0.896 -0.335 0.292
38.647 13.934 68.801 -0.5 -0.521 0.692
38.645 14.07 68.917 -0.499 -0.611 0.614
38.633 14.193 69.047 -0.49 -0.693 0.528
39.448 13.942 69.08 -0.03 -0.516 0.856
39.375 14.077 69.172 0.019 -0.606 0.795
39.302 14.2 69.28 0.067 -0.688 0.723
40.105 14.469 69.174 0.357 -0.206 0.911
39.974 14.557 69.257 0.445 -0.265 0.856
39.852 14.64 69.359 0.526 -0.32 0.788
40.323 15.277 69.039 0.485 0.269 0.832
40.172 15.294 69.134 0.586 0.258 0.768
40.034 15.316 69.246 0.678 0.243 0.694
39.881 15.954 68.859 0.379 0.727 0.573
40.553 15.818 68.508 0.62 0.588 0.519
40.6 16.278 68.15 0.589 0.282 0.758
40.939 15.512 68.201 0.848 0.408 0.339
41.016 15.948 67.82 0.797 0.117 0.593
41.158 15.121 67.832 0.977 0.178 0.121
41.252 15.528 67.422 0.914 -0.093 0.394
40.871 14.019 68.23 0.807 -0.47 0.356
40.827 13.715 68.047 0.837 -0.268 0.478
40.106 13.618 68.663 0.358 -0.706 0.611
40.187 13.38 68.41 0.304 -0.548 0.78
39.136 12.84 67.803 -0.085 -0.57 0.817
38.8 12.929 67.765 -0.374 -0.494 0.785
38.68 13.01 67.768 -0.294 -0.548 0.784
38.432 12.415 67.473 -0.128 -0.151 0.98
38.484 13.11 67.733 -0.487 -0.449 0.749
38.234 12.516 67.438 -0.32 -0.054 0.946
38.499 10.167 67.395 0.228 0.12 0.966
38.414 10.16 67.413 0.176 0.117 0.978
38.083 10.08 67.526 0.396 0.17 0.902
37.652 10.259 67.598 0.106 0.29 0.951
38.18 8.834 68.097 0.621 0.265 0.737
38.739 8.96 67.776 0.249 0.181 0.951
38.316 8.146 68.063 0.689 -0.079 0.72
38.875 8.272 67.742 0.317 -0.163 0.934
38.713 7.151 67.305 0.4 -0.342 0.85
39.239 6.858 67.099 0.05 -0.146 0.988
39.778 6.525 67.159 -0.31 0.076 0.948
38.471 6.763 67.092 0.124 -0.786 0.606
39.056 6.563 66.937 -0.266 -0.653 0.709
39.568 6.188 66.974 -0.607 -0.403 0.685
37.619 6.101 67.049 0.692 -0.344 0.634
37.213 6.092 67.353 0.422 -0.35 0.836
38.224 7.372 67.838 0.644 -0.466 0.607
38.06 7.369 68.05 0.753 -0.464 0.466
38.083 8.264 68.261 0.573 -0.019 0.819
37.95 8.063 68.379 0.662 0.114 0.741
37.177 8.511 68.598 0.12 0.104 0.987
37.245 8.255 68.641 0.074 0.274 0.959
35.771 7.586 68.442 0.18 -0.037 0.983
35.479 8.137 68.363 -0.043 0.382 0.923
36.822 9.079 68.463 -0.057 0.388 0.92
36.421 9.521 68.382 0.21 0.094 0.973
35.316 8.425 68.279 0.066 0.191 0.979
35.189 9.444 68.058 -0.67 0.039 0.742
34.825 8.741 68.048 -0.427 0.508 0.748
34.282 8.25 68.352 -0.065 0.835 0.546
34.8 9.584 67.422 -0.948 0.139 0.287
34.503 8.856 67.522 -0.75 0.624 0.22
33.893 8.39 67.715 -0.343 0.935 0.091
34.478 8.725 66.909 -0.775 0.492 -0.396
35.899 7.523 68.423 0.095 0.005 0.995
35.91 7.486 68.422 0.107 -0.036 0.994
37.251 6.472 67.57 0.397 -0.604 0.692
37.141 5.913 67.329 0.47 -0.231 0.852
37.209 6.471 67.591 0.352 -0.604 0.715
37.094 5.912 67.354 0.429 -0.231 0.873
38.175 5.357 66.599 0.322 0.151 0.935
38.831 5.455 66.517 -0.116 0.086 0.99
39.453 5.579 66.73 -0.531 0.003 0.847
37.789 4.542 66.753 0.783 -0.195 0.59
38.279 4.904 66.475 0.457 -0.437 0.775
38.905 5.136 66.43 0.04 -0.591 0.806
39.543 5.191 66.624 -0.386 -0.628 0.676
40.065 5.059 67.02 -0.734 -0.54 0.412
38.395 4.66 66.076 0.607 -0.752 0.258
38.986 4.964 66.148 0.212 -0.954 0.21
39.642 4.983 66.283 -0.225 -0.967 0.12
38.373 4.521 65.827 0.621 -0.659 0.425
38.915 4.748 65.676 0.26 -0.81 0.525
39.52 4.776 65.654 -0.144 -0.829 0.54
38.366 4.418 65.62 0.614 -0.755 0.231
38.908 4.66 65.499 0.252 -0.916 0.312
39.513 4.677 65.454 -0.151 -0.928 0.342
38.412 4.344 65.362 0.583 -0.705 0.403
39.046 4.459 65.063 0.16 -0.782 0.603
39.735 4.31 64.966 -0.299 -0.683 0.667
37.775 3.767 65.086 0.776 -0.582 -0.243
38.309 4.228 64.994 0.42 -0.889 -0.181
38.984 4.389 64.84 -0.03 -0.996 -0.079
39.649 4.214 64.66 -0.474 -0.88 0.041
40.155 3.742 64.494 -0.811 -0.565 0.152
38.234 4.406 64.644 0.301 -0.606 -0.736
38.939 4.496 64.629 -0.169 -0.666 -0.726
39.587 4.362 64.369 -0.601 -0.577 -0.553
37.584 5.215 63.818 0.226 -0.476 -0.85
38.038 5.607 63.549 -0.077 -0.738 -0.671
37.099 5.658 63.645 -0.139 -0.143 -0.98
37.554 6.05 63.376 -0.442 -0.404 -0.801
38.125 5.601 63.542 -0.135 -0.734 -0.666
37.747 5.239 63.837 0.117 -0.492 -0.862
38.313 5.494 63.662 0.027 -0.826 -0.563
37.916 5.143 63.944 0.292 -0.592 -0.751
39.554 5.383 63.34 -0.381 -0.759 -0.529
39.942 4.945 63.465 -0.639 -0.466 -0.612
39.689 5.994 62.593 0.244 -0.754 -0.61
40.04 5.663 62.947 0.01 -0.533 -0.846
40.394 5.205 63.099 -0.226 -0.228 -0.947
40.694 4.692 63.024 -0.426 0.114 -0.898
40.601 6.056 62.929 0.462 -0.218 -0.86
40.917 5.57 63.082 0.251 0.106 -0.962
40.741 6.181 62.958 0.368 -0.301 -0.879
40.88 6.35 62.975 0.454 -0.197 -0.869
41.098 6.674 62.957 0.309 -0.413 -0.857
40.72 7.537 62.513 0.76 0.018 -0.65
41.24 7.393 62.893 0.413 0.114 -0.904
41.881 7.282 63.011 -0.014 0.188 -0.982
41.289 8.051 63.218 0.449 0.596 -0.666
40.217 9.446 62.893 0.863 0.055 -0.502
39.7 9.381 62.441 0.378 -0.006 -0.926
39.65 9.165 62.403 0.412 0.137 -0.901
39.602 9.798 62.327 0.444 -0.285 -0.85
39.517 9.148 62.349 0.314 0.125 -0.941
39.469 9.781 62.272 0.346 -0.297 -0.89
40.415 10.05 63.378 0.984 -0.117 -0.134
40.493 9.428 63.486 0.932 0.298 -0.206
40.269 10.111 64.097 0.851 -0.062 0.522
40.362 9.482 64.129 0.788 0.357 0.501
40.092 10.386 64.82 0.969 -0.245 0.04
40.075 10.833 65.116 0.955 0.11 0.276
40.153 11.538 65.176 0.903 -0.36 0.236
40.266 12.138 65.033 0.988 0.089 0.129
40.718 12.893 62.893 0.909 0.122 0.398
40.996 13.353 62.493 0.724 -0.184 0.665
40.805 11.938 62.822 0.96 0.138 -0.243
40.787 12.497 62.454 0.972 -0.235 0.002
41.06 12.986 62.086 0.79 -0.561 0.247
41.569 13.308 61.793 0.451 -0.775 0.443
40.569 12.268 61.95 0.775 -0.442 -0.452
40.858 12.774 61.62 0.582 -0.779 -0.232
40.672 12.667 61.298 0.706 -0.708 -0.018
40.42 12.803 60.656 0.438 -0.564 -0.7
40.95 13.429 62.571 0.755 -0.236 0.612
40.65 13.027 63.046 0.955 0.033 0.296
40.935 13.48 62.605 0.734 -0.166 0.659
40.635 13.075 63.078 0.933 0.104 0.343
41.11 14.182 62.893 0.617 -0.634 0.467
40.981 14.298 63.617 0.703 -0.711 -0.016
41.362 14.715 62.831 0.92 0.007 0.392
41.256 14.878 63.549 0.991 -0.102 -0.087
41.448 14.886 62.678 0.863 -0.107 0.494
41.327 15.189 63.236 0.943 -0.309 0.122
41.507 15.16 62.535 0.921 0.163 0.353
41.391 15.485 63.081 0.999 -0.053 -0.011
41.852 15.474 61.983 0.691 -0.046 0.721
42.085 15.449 61.651 0.909 -0.069 0.411
42.221 15.412 61.408 0.818 -0.045 0.573
42.513 15.96 61.269 0.624 -0.41 0.666
42.973 16.397 61.309 0.317 -0.701 0.639
42.211 15.352 60.724 0.801 -0.147 -0.581
42.506 15.914 60.756 0.605 -0.522 -0.602
42.963 16.336 60.626 0.3 -0.803 -0.515
42.053 15.383 60.434 0.907 -0.168 -0.387
41.378 15.2 59.786 0.417 -0.301 -0.858
41.087 15.285 59.56 0.61 -0.357 -0.707
40.349 15.621 59.12 0.16 -0.152 -0.975
42.791 16.404 60.348 0.414 -0.848 -0.33
42.159 16.3 59.679 0.758 -0.394 -0.519
42.737 16.673 59.904 0.373 -0.642 -0.67
43.445 16.821 59.896 -0.099 -0.741 -0.664
42.639 17.089 59.607 0.298 -0.323 -0.898
41.023 16.957 58.759 0.19 -0.066 -0.98
41.202 17.156 58.756 0.071 -0.198 -0.978
40.661 18.047 58.962 0.009 0.479 -0.878
40.92 18.004 58.914 -0.164 0.508 -0.846
42.131 18.85 60.085 -0.043 0.548 -0.836
42.081 18.905 60.127 -0.08 0.589 -0.804
38.851 19.144 60.276 -0.655 0.435 -0.618
39.024 19.325 60.181 -0.77 0.314 -0.555
39.447 20.418 61.362 -0.681 0.493 -0.541
39.344 20.386 61.483 -0.766 0.467 -0.442
39.18 20.323 61.655 -0.657 0.509 -0.557
38.955 20.173 61.861 -0.827 0.395 -0.4
39.168 21.56 62.234 -0.557 0.545 -0.627
39.465 21.616 61.918 -0.755 0.507 -0.416
39.51 22.016 62.58 -0.312 0.871 -0.38
39.78 22.036 62.236 -0.492 0.857 -0.151
40.037 22.185 62.952 0.064 0.991 -0.114
40.265 22.191 62.579 -0.087 0.987 0.135
40.611 22.022 63.252 0.474 0.875 0.1
40.793 22.041 62.855 0.352 0.862 0.365
40.762 21.631 63.886 0.582 0.596 0.553
41.078 21.23 64.206 0.372 0.864 0.339
40.282 21.593 64.214 0.239 0.569 0.787
40.509 21.184 64.594 0.088 0.841 0.534
39.724 21.462 64.324 -0.159 0.475 0.865
39.849 21.029 64.724 -0.242 0.764 0.598
39.047 20.66 64.584 -0.443 0.734 0.515
38.745 20.319 65.155 -0.241 0.961 0.134
38.855 20.586 64.438 -0.713 0.629 0.31
38.553 20.245 65.01 -0.511 0.857 -0.072
38.695 20.643 64.103 -0.606 0.591 0.533
38.648 20.647 64.041 -0.638 0.594 0.49
38.537 20.575 63.998 -0.565 0.642 0.519
38.301 20.506 63.278 -0.797 0.575 -0.188
38.07 20.044 64.915 -0.255 0.967 -0.025
37.468 19.794 64.258 -0.724 0.575 0.38
37.536 19.702 64.896 -0.77 0.636 -0.044
37.39 19.788 65.521 -0.672 0.579 -0.461
37.304 19.113 64.863 -0.995 0.068 -0.076
37.27 18.864 64.742 -0.972 0.234 0.006
37.242 18.671 64.635 -0.993 0.086 -0.076
36.889 18.418 65.895 -0.959 0.283 -0.024
36.94 18.912 66.018 -0.993 -0.046 -0.106
36.969 18.315 66.582 -0.919 0.232 0.319
37.008 18.826 66.598 -0.945 -0.108 0.309
37.319 18.343 67.186 -0.744 0.246 0.622
37.304 18.849 67.109 -0.734 -0.091 0.673
37.87 18.496 67.588 -0.468 0.323 0.823
37.77 18.979 67.448 -0.401 0.001 0.916
38.513 18.744 67.709 -0.147 0.446 0.883
38.313 19.188 67.55 -0.013 0.15 0.989
39.12 19.037 67.523 0.157 0.593 0.79
38.826 19.435 67.393 0.353 0.327 0.876
39.571 19.317 67.068 0.383 0.733 0.563
39.207 19.672 67.009 0.625 0.496 0.602
40.178 19.705 65.817 0.218 0.722 0.657
40.432 18.87 66.506 0.813 0.51 0.282
40.678 19.202 65.872 0.649 0.288 0.704
41.172 19.644 65.507 0.319 -0.006 0.948
40.946 18.627 65.551 0.88 -0.208 0.428
40.956 18.491 65.484 0.874 -0.117 0.472
40.972 18.363 65.407 0.884 -0.197 0.424
40.091 18.334 67.398 0.642 0.241 0.727
40.049 17.862 67.752 0.67 0.556 0.492
39.498 18.561 67.68 0.346 0.355 0.868
39.498 18.073 68.014 0.346 0.681 0.646
38.815 18.606 67.795 0.004 0.377 0.926
38.863 18.114 68.121 -0.028 0.705 0.709
38.139 18.46 67.728 -0.333 0.304 0.892
38.235 17.979 68.058 -0.397 0.625 0.672
37.569 18.146 67.487 -0.619 0.147 0.772
37.705 17.687 67.834 -0.709 0.453 0.54
37.186 17.708 67.107 -0.81 -0.071 0.582
37.349 17.28 67.481 -0.918 0.214 0.333
37.046 17.21 66.644 -0.88 -0.32 0.35
37.218 16.817 67.05 -0.995 -0.058 0.079
40.204 17.274 67.958 0.761 0.211 0.613
40.522 16.786 67.916 0.55 0.536 0.641
41.336 16.293 66.706 0.957 0.289 0.036
41.532 16.148 66.145 0.826 0.385 0.411
41.407 15.683 66.888 0.992 -0.016 0.127
41.602 15.538 66.327 0.861 0.081 0.501
41.627 16.327 65.524 0.874 0.475 0.1
41.581 16.729 65.116 0.905 0.208 0.372
41.795 15.897 65.082 0.958 0.26 -0.121
41.749 16.298 64.674 0.989 -0.007 0.151
41.756 15.44 64.637 0.939 0.031 -0.344
41.71 15.841 64.229 0.969 -0.236 -0.072
41.202 17.989 65.022 0.73 0.052 0.681
41.405 17.883 64.754 0.859 -0.016 0.511
41.609 17.707 64.497 0.724 0.102 0.682
41.734 17.53 64.36 0.804 -0.012 0.594
41.789 17.404 64.295 0.767 0.072 0.637
41.771 16.374 64.37 1 0.031 -0.001
41.935 16.923 63.906 0.89 -0.335 0.308
42.42 17.35 63.554 0.567 -0.62 0.543
41.812 16.612 63.366 0.787 -0.598 -0.15
41.594 16.154 62.826 0.933 -0.293 0.21
41.551 16.027 62.795 0.892 -0.415 0.18
42.081 16.709 62.486 0.608 -0.663 0.436
42.189 16.77 62.4 0.723 -0.598 0.345
42.733 16.679 61.774 0.361 -0.538 0.762
42.801 16.473 61.521 0.432 -0.752 0.498
42.875 17.175 62.289 0.266 -0.869 0.418
42.994 17.277 62.383 0.394 -0.759 0.519
43.949 17.466 62.43 0.01 -0.884 0.468
44.658 17.63 62.112 0.655 -0.734 0.179
45.042 17.152 61.154 0.399 -0.416 0.817
45.614 16.978 60.949 0.018 -0.299 0.954
44.877 16.84 60.986 0.24 -0.716 0.656
45.435 16.642 60.768 -0.133 -0.583 0.801
44.847 16.769 60.924 0.259 -0.668 0.697
45.386 16.499 60.67 -0.1 -0.488 0.867
44.423 16.564 60.186 -0.279 -0.93 -0.241
44.98 16.302 59.96 -0.65 -0.755 -0.091
44.373 16.596 60.107 -0.245 -0.951 -0.189
44.893 16.379 59.822 -0.592 -0.806 0.001
43.588 17.025 59.701 0.003 -0.595 -0.804
44.204 16.99 59.563 -0.407 -0.572 -0.712
44.711 16.803 59.236 -0.746 -0.447 -0.494
45.02 16.497 58.778 -0.952 -0.243 -0.189
44.259 17.641 59.333 -0.354 0.054 -0.934
44.771 17.504 58.988 -0.695 0.146 -0.704
44.479 17.909 59.217 -0.501 -0.124 -0.856
44.452 18.524 59.345 -0.525 0.411 -0.746
43.839 19.084 59.715 -0.116 0.037 -0.993
43.496 19.196 59.823 -0.422 0.136 -0.896
42.361 18.288 59.675 0.057 0.698 -0.714
43.255 17.953 59.469 -0.235 0.068 -0.97
42.539 17.788 59.445 0.242 0.177 -0.954
41.91 17.687 59.078 0.661 0.244 -0.709
42.611 17.222 59.541 0.317 -0.412 -0.854
42.104 18.449 59.765 0.228 0.591 -0.774
42.557 18.789 59.997 -0.074 0.364 -0.928
41.961 18.575 59.851 0.07 0.731 -0.679
42.401 18.927 60.091 -0.223 0.496 -0.839
41.94 19.286 60.339 -0.01 0.43 -0.903
41.958 19.217 60.308 0.002 0.38 -0.925
41.579 19.462 60.367 0.23 0.313 -0.921
41.183 19.98 60.628 -0.043 0.67 -0.741
41.052 19.957 60.607 0.045 0.685 -0.727
40.973 20.055 60.714 -0.034 0.784 -0.62
40.437 20.434 60.958 0.323 0.531 -0.783
39.782 20.055 60.414 -0.138 0.922 -0.361
39.946 20.51 60.991 -0.247 0.619 -0.745
40.017 21.199 61.286 -0.294 0.16 -0.942
39.527 20.407 61.238 -0.735 0.5 -0.458
41.101 20.704 61.176 -0.12 0.351 -0.929
41.446 21.05 61.415 0.211 0.681 -0.701
41.596 21.36 61.673 0.111 0.474 -0.873
42.233 21.37 61.602 -0.314 0.468 -0.826
42.785 21.509 61.305 -0.682 0.375 -0.628
41.618 21.548 61.841 0.148 0.799 -0.583
42.252 21.535 61.749 -0.275 0.807 -0.523
42.812 21.743 61.515 -0.648 0.668 -0.366
41.648 21.61 61.927 0.128 0.757 -0.641
42.311 21.664 61.892 -0.314 0.721 -0.618
42.881 21.931 61.675 -0.694 0.543 -0.473
41.74 21.606 62.372 0.374 0.746 0.551
42.362 21.662 62.142 -0.041 0.709 0.704
42.972 21.927 62.12 -0.448 0.533 0.718
41.746 21.542 62.462 0.37 0.789 0.49
42.365 21.53 62.294 -0.043 0.797 0.602
42.972 21.736 62.292 -0.448 0.66 0.604
41.777 21.428 62.574 0.423 0.592 0.685
42.392 21.43 62.393 0.013 0.591 0.806
43.011 21.594 62.433 -0.399 0.482 0.78
42.014 20.937 63.171 0.265 0.92 0.288
42.583 21.028 62.854 -0.114 0.859 0.499
43.12 21.368 62.682 -0.472 0.633 0.614
42.321 20.53 63.507 0.587 0.494 0.641
42.839 20.69 63.135 0.242 0.388 0.889
43.427 20.962 63.018 -0.15 0.207 0.967
42.466 20.144 63.807 0.49 0.752 0.441
43.107 19.999 63.681 0.063 0.849 0.525
42.469 19.772 64.167 0.492 0.417 0.764
43.109 19.654 64.014 0.065 0.495 0.866
41.221 20.735 64.827 0.444 0.617 0.65
41.277 20.545 65.007 0.406 0.744 0.531
39.766 19.973 65.757 0.435 0.624 0.649
39.834 20.728 65.026 -0.25 0.613 0.749
39.337 20.303 65.498 0.082 0.897 0.435
38.876 20.267 66.158 0.389 0.921 -0.005
38.856 20.354 65.143 -0.315 0.938 0.142
39.677 19.855 65.964 0.494 0.703 0.511
40.129 19.96 65.606 0.193 0.633 0.75
39.709 19.809 65.991 0.53 0.652 0.542
40.16 19.917 65.632 0.23 0.581 0.781
42.344 19.706 64.299 0.575 0.46 0.676
43.035 19.598 64.056 0.114 0.533 0.839
42.307 19.304 64.39 0.513 -0.217 0.831
42.996 19.175 64.152 0.053 -0.132 0.99
42.413 19.167 64.305 0.442 -0.127 0.888
43.057 19.095 64.141 0.013 -0.078 0.997
42.366 18.862 64.233 0.4 -0.402 0.824
43.014 18.812 64.075 -0.032 -0.368 0.929
42.924 18.613 64.012 0.029 -0.236 0.971
42.967 18.3 63.888 0.063 -0.481 0.875
43.006 18.168 63.822 0.037 -0.393 0.919
43.227 17.638 63.084 0.271 -0.952 0.14
43.062 17.494 62.772 0.381 -0.856 0.348
43.04 17.463 62.712 0.363 -0.882 0.3
43.944 20.635 63.331 -0.495 0.424 0.758
44.597 20.583 63.553 -0.011 0.386 0.922
44.724 20.518 63.589 -0.096 0.43 0.898
44.968 19.79 63.957 0.483 0.551 0.681
45.178 20.295 63.607 0.343 0.214 0.914
45.484 20.86 63.513 0.139 -0.163 0.977
45.414 19.482 63.701 0.802 0.331 0.498
45.555 20.035 63.39 0.708 -0.038 0.705
45.895 20.576 63.278 0.481 -0.399 0.781
45.763 19.8 62.993 0.909 -0.264 0.321
45.804 19.75 62.86 0.882 -0.231 0.41
45.833 19.547 62.57 0.904 -0.381 0.195
45.841 18.851 62.214 0.898 0.083 0.432
46.331 18.736 61.656 0.572 0.16 0.805
45.479 18.1 62.111 0.454 -0.837 0.305
45.935 17.916 61.542 0.15 -0.714 0.684
45.329 18.013 62.128 0.554 -0.779 0.293
45.636 17.816 61.553 0.35 -0.648 0.677
46.05 17.419 61.187 0.074 -0.383 0.921
45.184 17.925 62.075 0.304 -0.931 0.203
45.519 17.745 61.511 0.081 -0.811 0.579
45.879 17.315 61.125 -0.159 -0.524 0.836
47.164 16.944 61.14 0.121 -0.02 0.993
47.125 17.502 61.266 0.147 -0.392 0.908
47.809 17.033 60.947 0.443 0.025 0.896
47.77 17.591 61.074 0.469 -0.347 0.812
48.345 17.161 60.55 0.711 0.089 0.698
48.305 17.719 60.677 0.737 -0.283 0.613
48.645 16.746 60.145 0.861 -0.119 0.495
49.026 16.585 59.694 0.606 -0.012 0.795
48.449 16.191 60.177 0.763 -0.396 0.511
48.831 16.031 59.726 0.509 -0.289 0.811
47.79 15.024 59.656 0.368 -0.518 0.772
46.878 14.811 59.5 -0.331 -0.681 0.653
46.777 14.871 59.52 -0.264 -0.721 0.64
46.39 14.902 59.146 -0.689 -0.687 0.229
46.401 14.849 59.04 -0.697 -0.652 0.3
46.216 15.094 58.276 -0.839 -0.463 -0.286
45.65 16.36 57.744 -0.636 -0.311 -0.706
46.032 16.2 57.293 -0.891 -0.205 -0.405
45.712 17.011 57.564 -0.606 0.014 -0.796
46.093 16.851 57.113 -0.86 0.121 -0.495
46.35 18.032 57.305 -0.755 0.074 -0.652
46.339 18.054 57.321 -0.761 0.086 -0.643
45.44 17.547 57.937 -0.741 0.282 -0.609
45.401 18.106 58.064 -0.715 -0.09 -0.693
45.982 19.647 57.744 -0.603 -0.229 -0.764
45.678 19.752 58.033 -0.804 -0.159 -0.572
45.477 19.569 58.286 -0.67 -0.038 -0.741
45.311 20.142 58.246 -0.56 -0.42 -0.714
45.475 19.569 58.288 -0.672 -0.038 -0.74
45.309 20.142 58.248 -0.561 -0.42 -0.713
45.396 19.598 58.353 -0.619 -0.058 -0.783
45.137 20.194 58.334 -0.447 -0.455 -0.771
45.092 19.503 58.76 -0.903 -0.146 -0.405
44.866 20.109 58.697 -0.752 -0.55 -0.363
44.707 19.32 59.296 -0.647 -0.024 -0.762
44.675 19.256 59.329 -0.673 -0.077 -0.735
44.3 20.268 59.135 -0.375 -0.656 -0.655
43.552 20.215 59.676 -0.571 -0.01 -0.821
43.882 20.636 59.253 -0.791 -0.291 -0.538
43.965 20.967 58.662 -0.847 -0.511 -0.144
43.725 21.111 59.526 -0.947 0.181 -0.267
43.709 21.218 59.628 -0.936 0.109 -0.335
43.696 21.289 59.697 -0.945 0.162 -0.283
42.725 20.583 60.614 -0.47 0.593 -0.654
42.744 20.085 60.362 -0.453 0.146 -0.88
42.803 20.874 60.764 -0.522 0.399 -0.754
42.688 21.142 61.091 -0.617 0.62 -0.485
43.893 22.746 60.02 -0.969 0.218 -0.119
43.944 22.941 60.197 -0.928 0.371 0.021
43.963 22.999 60.334 -0.941 0.332 -0.07
44.593 23.457 60.799 -0.216 0.858 0.466
44.138 22.93 62.38 -0.193 0.735 0.65
44.341 22.871 62.545 -0.328 0.775 0.54
44.73 23.511 60.778 -0.307 0.822 0.479
44.918 23.539 60.82 -0.16 0.844 0.513
45.164 23.249 61.972 0.083 0.964 0.253
45.655 23.445 61.607 -0.244 0.833 0.497
46.069 22.423 62.745 0.535 0.551 0.64
46.56 22.619 62.381 0.208 0.42 0.883
46.352 21.872 62.83 0.677 0.276 0.683
46.843 22.068 62.465 0.349 0.145 0.926
46.53 21.278 62.75 0.766 -0.022 0.643
47.021 21.474 62.385 0.438 -0.152 0.886
46.398 19.637 61.773 0.534 -0.435 0.725
46.675 19.177 61.468 0.349 -0.129 0.928
46.392 19.633 61.774 0.531 -0.438 0.726
46.67 19.173 61.469 0.346 -0.132 0.929
47.082 19.304 61.399 0.078 -0.213 0.974
47.95 19.382 61.013 0.698 -0.157 0.699
49.8 16.515 58.323 0.993 -0.047 0.109
49.972 16.947 57.972 0.878 -0.335 0.343
49.699 16.007 58.392 0.943 -0.301 0.144
49.664 15.445 58.237 0.966 0.074 0.247
49.464 15.847 58.938 0.825 -0.381 0.417
49.446 15.296 58.745 0.837 -0.014 0.546
49.056 15.685 59.37 0.621 -0.462 0.633
49.066 15.145 59.146 0.614 -0.102 0.782
49.698 15.482 57.467 0.98 0.2 -0.006
49.624 14.751 57.848 0.942 -0.334 0.019
49.635 14.74 57.67 0.935 -0.327 0.138
49.666 14.723 57.494 0.914 -0.315 0.254
49.16 14.063 57.682 0.669 -0.739 -0.079
49.212 14.113 57.518 0.634 -0.772 0.03
49.278 14.147 57.356 0.591 -0.795 0.139
48.509 13.81 57.203 0.287 -0.887 -0.361
48.619 13.883 57.082 0.213 -0.936 -0.28
48.734 13.936 56.955 0.137 -0.971 -0.195
47.966 14.107 56.625 -0.033 -0.713 -0.7
48.124 14.153 56.556 -0.138 -0.744 -0.654
48.279 14.184 56.472 -0.242 -0.764 -0.598
47.774 14.819 56.21 -0.146 -0.294 -0.945
47.949 14.802 56.177 -0.263 -0.283 -0.922
48.118 14.78 56.124 -0.376 -0.268 -0.887
48.173 15.538 56.117 -0.104 0.239 -0.965
47.401 15.524 56.247 -0.365 0.121 -0.923
47.265 16.092 56.252 -0.274 -0.258 -0.926
46.909 15.381 56.532 -0.655 0.036 -0.755
46.736 15.939 56.559 -0.539 -0.335 -0.773
46.551 15.226 56.969 -0.865 -0.055 -0.498
46.35 15.771 57.029 -0.732 -0.419 -0.538
47.267 16.69 56.182 -0.273 0.04 -0.961
47.618 17.109 55.982 -0.507 -0.239 -0.828
47.614 18.341 55.905 -0.377 -0.244 -0.894
47.72 17.76 55.889 -0.447 0.143 -0.883
48.279 18.438 55.733 -0.044 -0.195 -0.98
48.338 17.85 55.729 -0.084 0.197 -0.977
48.966 18.477 55.817 0.3 -0.175 -0.938
48.977 17.887 55.807 0.292 0.218 -0.931
49.577 18.454 56.145 0.605 -0.187 -0.774
49.545 17.866 56.112 0.626 0.206 -0.752
50.023 18.372 56.669 0.828 -0.228 -0.512
49.96 17.789 56.599 0.871 0.16 -0.465
50.241 18.241 57.315 0.937 -0.293 -0.189
50.162 17.668 57.199 0.99 0.089 -0.112
50.199 18.082 57.989 0.916 -0.373 0.148
50.123 17.52 57.826 0.967 0.002 0.256
48.303 16.07 56.131 -0.191 -0.115 -0.975
49.079 16.679 56.037 0.352 -0.492 -0.796
49.004 16.09 56.208 0.403 -0.099 -0.91
49.031 15.474 56.146 0.385 0.311 -0.869
49.715 16.656 56.6 0.727 -0.506 -0.465
49.531 16.07 56.674 0.85 -0.115 -0.514
49.563 15.455 56.617 0.828 0.295 -0.476
49.69 16.019 57.359 0.985 -0.159 0.066
49.64 19.924 59.1 0.891 -0.035 0.452
49.737 20.313 58.541 0.965 0.261 0.027
50.294 19.359 57.762 0.964 0.265 0.034
50.295 19.728 57.41 0.963 0.019 0.269
50.29 18.898 57.149 0.962 0.035 -0.272
50.292 19.34 56.892 0.961 -0.259 -0.1
49.967 18.63 56.509 0.8 -0.099 -0.592
50.018 19.113 56.351 0.765 -0.421 -0.487
49.4 18.617 55.994 0.517 -0.106 -0.85
49.54 19.101 55.916 0.423 -0.429 -0.798
48.725 18.862 55.726 0.179 0.017 -0.984
48.97 19.309 55.69 0.016 -0.281 -0.96
48.104 19.307 55.769 -0.132 0.24 -0.962
48.445 19.685 55.726 -0.359 -0.012 -0.933
47.302 20.436 56.413 -0.088 0.117 -0.989
47.065 19.461 56.313 -0.651 0.317 -0.69
46.832 20.142 56.565 -0.495 -0.137 -0.858
46.406 20.77 56.484 -0.212 -0.556 -0.804
46.474 19.946 56.97 -0.805 -0.307 -0.507
46.424 19.862 57.084 -0.772 -0.251 -0.584
46.327 19.768 57.285 -0.833 -0.309 -0.458
45.512 21.53 56.955 -0.717 -0.083 -0.692
45.672 21.423 56.768 -0.824 -0.012 -0.567
46.406 22.185 56.477 -0.271 0.244 -0.931
46.367 21.932 56.396 -0.244 0.413 -0.877
47.853 20.889 56.387 -0.146 0.221 -0.964
48.408 21.3 56.609 0.286 0.541 -0.791
47.484 22.406 56.548 0.268 0.355 -0.896
47.888 22.822 56.7 -0.001 0.077 -0.997
45.999 23.386 57.231 0.121 0.493 -0.862
46.04 22.597 56.801 -0.454 0.45 -0.769
45.623 22.996 57.098 -0.176 0.184 -0.967
45.158 23.447 57.124 0.134 -0.116 -0.984
45.244 22.607 57.22 -0.477 -0.124 -0.87
45.424 21.406 57.076 -0.762 -0.145 -0.632
44.904 21.573 57.438 -0.415 -0.256 -0.873
44.093 21.687 58.036 -0.741 0.088 -0.666
44.161 21.933 57.957 -0.786 -0.076 -0.614
44.423 22.183 57.676 -0.655 0.049 -0.754
44.305 22.995 57.523 -0.577 -0.493 -0.652
43.983 22.298 58.24 -0.875 0.106 -0.472
43.963 23.084 57.961 -0.862 -0.418 -0.286
43.925 23.945 59.017 -0.926 0.374 -0.058
43.903 23.995 58.582 -0.911 0.341 0.231
44.385 24.542 59.01 -0.597 0.8 -0.063
44.327 24.544 58.576 -0.558 0.798 0.226
45.08 24.795 58.866 -0.101 0.981 -0.166
44.967 24.778 58.444 -0.025 0.993 0.116
46.395 24.434 58.429 -0.017 0.981 -0.195
46.005 24.576 59.213 0.56 0.824 0.082
46.587 24.397 58.912 0.173 0.943 0.283
47.221 24.508 58.698 -0.25 0.87 0.426
46.75 24.105 59.311 0.335 0.654 0.678
46.418 23.841 60.208 0.527 0.843 0.111
45.905 23.884 60.568 0.021 0.885 0.465
47.015 23.612 60.133 0.207 0.967 0.147
47.215 23.786 59.576 0.074 0.852 0.519
47.337 23.438 60.194 0.641 0.732 0.23
47.537 23.611 59.637 0.507 0.617 0.602
47.544 23.036 61.406 0.87 0.379 0.317
47.689 22.822 61.338 0.773 0.522 0.362
47.089 22.927 62.013 0.491 0.287 0.823
47.105 22.681 62.119 0.48 0.451 0.752
47.508 23.5 59.796 0.526 0.691 0.496
47.714 23.305 59.777 0.711 0.515 0.478
47.866 23.106 59.811 0.61 0.648 0.456
48.078 22.795 59.843 0.779 0.401 0.482
48.03 22.27 61.062 0.943 0.245 0.224
48.657 21.773 60.459 0.525 0.577 0.626
47.589 21.364 61.933 0.723 -0.207 0.659
47.854 20.867 61.679 0.546 0.124 0.828
48.231 20.546 61.317 0.815 -0.105 0.57
48.662 20.487 60.902 0.528 -0.066 0.847
49.364 21.051 60.058 0.879 0.216 0.425
49.495 21.083 59.827 0.792 0.194 0.579
49.068 22.203 59.108 0.787 0.426 0.445
49.239 21.813 58.297 0.947 0.06 -0.314
49.517 20.948 58.001 0.762 0.637 -0.117
49.73 20.462 58.307 0.97 0.162 0.183
49.363 21.196 57.566 0.865 0.472 0.173
49.17 21.746 57.76 0.994 0.105 0.044
49.528 20.931 56.699 0.415 0.878 -0.239
49.17 21.327 57.004 0.653 0.614 -0.443
48.977 21.877 57.198 0.782 0.248 -0.572
48.98 22.489 57.248 0.78 -0.161 -0.605
48.673 21.275 56.657 0.109 0.558 -0.823
48.48 21.825 56.851 0.238 0.191 -0.952
48.72 23.63 58.752 0.594 0.654 0.468
48.45 23.974 58.75 0.774 0.425 0.469
48.819 23.76 58.079 0.664 0.747 -0.012
48.541 24.094 58.13 0.85 0.525 -0.047
48.588 23.726 57.427 0.499 0.723 -0.478
48.328 24.062 57.53 0.672 0.498 -0.547
48.092 23.537 56.981 0.145 0.588 -0.796
47.871 23.888 57.121 0.292 0.353 -0.889
47.094 23.725 59.717 0.155 0.892 0.424
47.062 23.735 59.706 0.127 0.901 0.415
46.3 24.409 58.205 0.046 0.998 -0.046
46.969 24.314 57.545 -0.46 0.709 -0.535
46.266 24.213 57.688 0.008 0.777 -0.63
45.566 24.382 57.611 0.475 0.664 -0.578
46.23 23.748 57.39 -0.033 0.252 -0.967
47.715 20.832 56.387 -0.054 0.259 -0.964
47.541 20.604 56.383 -0.248 0.004 -0.969
46.743 14.28 57.398 -0.753 -0.611 -0.246
46.722 14.111 57.711 -0.739 -0.498 -0.455
47.373 13.819 57.35 -0.382 -0.883 -0.274
47.249 13.724 57.671 -0.299 -0.82 -0.488
48.042 13.623 57.706 0.012 -0.998 -0.064
47.809 13.56 57.969 0.167 -0.956 -0.24
48.492 13.768 58.33 0.276 -0.912 0.303
48.185 13.682 58.491 0.481 -0.855 0.195
48.549 14.199 58.982 0.31 -0.659 0.686
48.233 14.043 59.036 0.521 -0.554 0.649
46.451 21.245 62.837 0.727 -0.038 0.686
46.306 21.114 63.019 0.824 0.049 0.565
45.655 21.794 63.294 0.329 0.237 0.914
45.686 21.541 63.374 0.308 0.405 0.861
38.208 20.089 64.942 -0.347 0.937 -0.043
38.256 20.106 64.954 -0.313 0.949 -0.034
40.747 13.716 64.189 0.859 -0.323 -0.397
40.579 13.208 63.952 0.971 0.015 -0.239
40.754 13.702 64.216 0.864 -0.336 -0.374
40.585 13.195 63.977 0.977 0.002 -0.215
40.518 13.204 65.896 0.91 -0.404 0.099
40.511 13.243 66.031 0.904 -0.373 0.209
40.788 13.719 66.447 0.72 -0.69 -0.069
41.073 14.243 66.781 0.939 -0.289 0.187
40.428 12.992 66.633 0.96 -0.205 -0.193
40.563 13.093 67.521 0.617 -0.786 0.039
40.272 12.676 67.14 0.81 -0.508 0.293
40.2 12.121 66.838 0.859 -0.138 0.494
40.083 12.976 67.971 0.217 -0.884 0.414
39.829 12.567 67.556 0.386 -0.611 0.691
39.679 11.994 67.328 0.486 -0.229 0.843
39.254 12.705 67.735 -0.164 -0.48 0.862
40.504 13.132 65.786 0.919 -0.355 0.171
40.452 13.018 65.471 0.864 -0.477 -0.163
40.262 12.299 65.024 0.991 0.002 0.135
40.262 12.287 65.024 0.991 -0.01 0.135
40.536 13.019 64.709 0.808 -0.477 0.345
40.642 13.335 64.154 0.938 -0.092 -0.333
40.04 11.058 65.834 0.978 -0.04 -0.203
40.068 11.626 66.731 0.764 -0.492 0.417
39.914 11.011 66.62 0.867 -0.082 0.491
39.999 10.373 66.645 0.811 0.343 0.475
39.3 11.009 67.131 0.326 -0.083 0.942
40.203 9.347 64.871 0.894 0.447 0.006
40.231 9.274 64.946 0.927 0.363 0.093
40.276 9.228 65.385 0.897 0.394 -0.2
40.614 8.711 65.165 0.672 0.739 -0.053
41.144 8.406 64.929 0.318 0.942 0.104
40.287 9.064 65.702 0.918 0.091 0.386
40.622 8.596 65.389 0.695 0.404 0.595
41.156 8.242 65.246 0.339 0.639 0.69
39.977 9.619 66.783 0.795 -0.195 0.574
39.915 9.014 66.885 0.837 0.208 0.506
39.479 9.822 67.236 0.439 -0.051 0.897
39.325 9.253 67.42 0.542 0.328 0.774
40.507 8.46 65.679 0.771 0.494 0.401
41.08 8.147 65.389 0.389 0.703 0.595
40.491 8.236 65.876 0.755 0.274 0.596
41.065 7.94 65.57 0.372 0.471 0.8
40.338 7.977 66.386 0.857 0.447 0.256
40.757 7.462 66.463 0.578 0.79 0.204
40.173 7.887 66.772 0.709 0.366 0.603
40.605 7.379 66.82 0.421 0.705 0.57
40.219 7.721 66.838 0.679 0.477 0.559
40.645 7.314 66.876 0.395 0.748 0.533
39.567 7.891 67.326 0.538 -0.158 0.828
39.909 7.44 67.158 0.309 0.142 0.94
40.324 7.023 67.208 0.033 0.421 0.907
40.746 6.703 67.469 -0.248 0.634 0.732
39.529 7.076 67.162 -0.144 -0.292 0.946
39.929 6.645 67.213 -0.411 -0.004 0.912
41.551 7.367 65.992 0.049 0.854 0.519
42.054 6.81 66.66 0.686 0.711 0.154
42.172 7.038 66.044 0.608 0.558 0.565
42.471 7.433 65.595 0.408 0.295 0.864
42.523 6.46 65.843 0.922 0.039 0.384
42.45 5.474 66.401 0.969 -0.243 -0.031
42.599 5.462 65.705 0.87 -0.235 0.433
42.062 4.618 65.772 0.784 -0.5 0.368
41.376 4.45 66.569 0.202 -0.975 0.089
41.399 4.243 65.933 0.187 -0.838 0.513
41.478 3.786 65.45 0.134 -0.533 0.835
40.634 4.326 65.815 -0.502 -0.763 0.407
42.61 4.532 64.746 0.943 -0.001 0.332
42.665 5.146 65.099 0.907 -0.41 0.097
42.652 5.524 64.152 0.959 -0.228 -0.165
42.293 4.961 63.404 0.717 0.306 -0.627
42.346 5.625 63.542 0.682 -0.137 -0.719
42.609 6.247 63.458 0.506 -0.551 -0.663
41.745 5.785 63.242 0.136 0.008 -0.991
43.062 6.368 64.818 0.83 -0.465 0.308
42.819 5.768 65.119 0.992 -0.065 0.108
41.197 8.503 64.505 0.283 0.878 0.387
41.972 8.359 63.986 0.051 0.957 -0.286
41.374 8.493 63.874 0.45 0.868 -0.211
40.892 8.851 63.708 0.771 0.629 -0.1
41.338 8.142 63.322 0.416 0.536 -0.735
40.429 9.608 63.376 0.975 0.178 -0.133
40.299 9.49 63.022 0.809 0.026 -0.588
39.793 4.914 63.618 -0.54 -0.446 -0.714
39.66 4.732 63.924 -0.66 -0.61 -0.439
39.609 4.475 64.233 -0.626 -0.438 -0.645
39.005 4.631 64.481 -0.224 -0.542 -0.81
38.333 4.624 64.485 0.224 -0.537 -0.813
39.612 4.401 64.296 -0.618 -0.603 -0.504
39.007 4.588 64.517 -0.215 -0.728 -0.652
38.336 4.556 64.543 0.232 -0.707 -0.668
38.371 4.934 64.222 0.199 -0.744 -0.638
38.253 5.098 64.054 0.068 -0.562 -0.824
39.681 16.398 68.604 0.512 0.431 0.743
38.905 17.014 68.613 -0.003 0.057 0.998
39 16.422 68.776 -0.066 0.452 0.89
39.079 15.947 69.168 -0.119 0.768 0.629
38.13 16.729 68.415 -0.459 -0.11 0.882
38.359 16.187 68.612 -0.611 0.252 0.751
38.431 15.709 69.002 -0.659 0.57 0.491
37.993 15.779 68.172 -0.921 -0.095 0.377
34.883 4.831 64.091 -0.67 -0.05 -0.741
34.635 4.326 64.201 -0.505 0.286 -0.814
35.351 4.541 63.815 -0.436 -0.195 -0.878
35.103 4.037 63.926 -0.271 0.141 -0.952
35.888 4.257 63.719 -0.168 -0.337 -0.926
35.64 3.752 63.83 -0.002 -0.001 -1
36.442 4.006 63.813 0.109 -0.463 -0.88
36.194 3.501 63.924 0.274 -0.127 -0.953
36.958 3.812 64.086 0.367 -0.56 -0.743
36.71 3.308 64.197 0.532 -0.223 -0.817
37.385 3.696 64.513 0.581 -0.618 -0.529
37.138 3.191 64.624 0.746 -0.281 -0.603
37.683 3.668 65.051 0.73 -0.632 -0.261
37.435 3.163 65.162 0.895 -0.295 -0.334
37.82 3.731 65.647 0.799 -0.601 0.038
37.573 3.226 65.758 0.964 -0.264 -0.036
37.785 3.879 66.243 0.781 -0.527 0.336
37.537 3.374 66.354 0.946 -0.19 0.262
37.58 4.097 66.781 0.679 -0.417 0.604
37.332 3.592 66.891 0.844 -0.081 0.531
37.226 4.364 67.207 0.501 -0.284 0.817
36.978 3.86 67.317 0.666 0.053 0.744
34.168 3.782 64.482 -0.739 0.014 -0.674
33.675 3.787 64.839 -0.41 0.01 -0.912
34.25 2.225 65.09 -0.367 -0.38 -0.849
35.016 2.165 64.79 -0.314 -0.794 -0.52
34.644 1.908 65.18 -0.066 -0.623 -0.78
34.255 1.502 65.384 0.193 -0.352 -0.916
35.011 1.682 65.458 0.215 -0.795 -0.567
35.581 1.879 65.113 -0.165 -0.927 -0.337
35.804 2.349 64.416 0.08 -0.703 -0.707
35.88 2.288 64.479 0.029 -0.662 -0.749
35.956 2.22 64.535 -0.022 -0.617 -0.787
36.654 2.684 64.475 0.505 -0.535 -0.677
36.634 2.584 64.531 0.519 -0.469 -0.715
36.617 2.481 64.581 0.529 -0.4 -0.748
37.125 2.542 65.248 0.74 -0.606 -0.291
37.051 2.459 65.216 0.79 -0.551 -0.27
36.984 2.371 65.182 0.835 -0.492 -0.247
36.723 2.072 65.923 0.539 -0.841 0.046
36.695 2.042 65.815 0.558 -0.821 0.119
36.671 2.005 65.707 0.574 -0.796 0.19
35.938 1.772 65.699 0.067 -0.997 0.044
35.339 1.583 65.997 0.466 -0.871 -0.154
35.431 1.776 66.765 0.537 -0.724 0.433
36.3 2.765 67.44 0.328 -0.494 0.805
35.807 2.77 67.797 0.656 -0.498 0.567
36.445 3.414 67.631 0.4 -0.17 0.901
35.952 3.419 67.988 0.729 -0.173 0.663
35.305 2.489 67.971 0.405 -0.639 0.654
34.913 2.061 67.968 0.666 -0.354 0.657
34.921 2.805 68.364 0.213 -0.481 0.851
34.556 2.355 68.333 0.456 -0.181 0.871
34.433 3.155 68.566 -0.031 -0.305 0.952
34.102 2.681 68.521 0.189 0.011 0.982
34.65 3.729 68.657 0.077 -0.019 0.997
34.441 4.25 68.794 0.216 -0.366 0.905
33.451 3.523 68.473 -0.069 -0.139 0.988
32.945 4.373 68.425 -0.663 -0.294 0.688
32.834 3.795 68.253 -0.59 0.091 0.803
32.576 3.24 68.283 -0.417 0.461 0.783
32.473 4.561 67.739 -0.941 -0.184 0.284
32.443 3.951 67.684 -0.92 0.223 0.321
32.181 3.397 67.709 -0.746 0.592 0.305
32.421 3.932 66.976 -0.938 0.207 -0.277
32.62 4.852 66.374 -0.855 -0.012 -0.519
32.691 4.376 66.054 -0.902 0.305 -0.305
32.624 3.881 65.966 -0.936 0.057 -0.348
32.421 3.356 66.104 -0.8 0.407 -0.44
32.889 3.626 65.479 -0.803 -0.07 -0.592
32.667 3.118 65.651 -0.655 0.268 -0.706
33.285 3.311 65.137 -0.605 -0.228 -0.763
33.035 2.826 65.333 -0.439 0.096 -0.894
32.126 2.712 66.468 -0.974 0.029 -0.226
32.004 2.717 66.804 -0.893 0.026 -0.449
32.262 1.914 66.702 -0.893 -0.441 -0.088
32.119 2.049 66.999 -0.798 -0.531 -0.286
32.66 1.464 67.294 -0.659 -0.705 0.26
32.452 1.673 67.495 -0.52 -0.845 0.127
33.141 1.564 67.98 -0.376 -0.647 0.664
32.854 1.756 68.068 -0.185 -0.775 0.605
33.49 2.169 68.452 -0.171 -0.29 0.941
33.146 2.263 68.464 0.058 -0.353 0.934
34.48 1.249 67.485 0.411 -0.832 0.372
34.501 1.07 67.177 0.398 -0.713 0.578
33.73 1.05 67.388 -0.03 -0.949 0.315
33.873 0.904 67.095 -0.126 -0.851 0.51
33.123 1.096 66.896 -0.387 -0.922 0.026
33.366 0.942 66.684 -0.549 -0.819 0.168
32.893 1.368 66.2 -0.523 -0.762 -0.384
33.173 1.17 66.102 -0.709 -0.629 -0.318
33.128 1.763 65.567 -0.384 -0.53 -0.756
33.369 1.5 65.572 -0.545 -0.354 -0.76
35.394 1.625 65.899 0.43 -0.899 -0.09
35.128 1.705 65.462 0.137 -0.811 -0.569
34.193 8.388 64.897 -0.976 -0.216 0.023
36.672 9.605 62.275 0 -0.707 -0.707
38.446 12.052 59.819 0.383 -0.576 -0.722
38.178 16.785 61.191 -0.924 0.191 -0.331
37.852 16.054 60.993 -0.707 0.678 -0.199
36.504 12.801 64.213 -0.707 0.463 0.534
36.017 12.247 64.414 -0.383 0.832 0.401
36.017 12.632 63.931 -0.383 0.576 0.722
34.733 9.266 65.713 -0.924 0.191 0.331
34.408 9.402 65.16 -0.707 0.101 0.7
37.907 15.492 64.873 -1 0 0
37.97 14.171 65.564 -1 0 0
37.856 13.597 65.564 -0.924 0.383 0
37.856 13.884 65.067 -0.924 0.191 0.331
37.531 13.153 65.265 -0.707 0.678 0.199
37.531 13.476 64.762 -0.707 0.463 0.534
39.231 5.892 66.65 -0.383 -0.206 0.901
38.657 6.158 66.615 0 -0.383 0.924
38.083 5.892 66.65 0.383 -0.206 0.901
38.083 6.448 66.917 0.383 -0.576 0.722
40.159 9.731 64.383 0.924 0.191 0.331
40.007 10.998 65.529 1 -0 0
40.649 13.805 63.593 0.924 -0.383 0
40.649 13.518 63.096 0.924 -0.191 0.331
40.535 13.231 63.593 1 -0 0
41.503 15.692 62.568 0.924 -0.191 0.331
44.239 18.832 59.577 -0.383 0.206 -0.901
43.202 20.211 63.408 0 0.707 0.707
46.128 19.417 61.898 0.707 -0.294 0.643
45.802 19.263 62.366 0.924 -0.191 0.331
44.798 19.725 59.117 -0.707 -0.294 -0.643
46.678 23.838 59.727 0.383 0.832 0.401
40.482 13.257 66.344 0.924 -0.383 0
41.05 7.399 66.168 0.383 0.832 0.401
30.197 9.362 60.593 -0.5 -0.567 -0.654
30.197 9.895 60.349 -0.5 -0.123 -0.857
29.758 9.743 60.858 -0.866 -0.25 -0.433
29.758 10.343 60.858 -0.866 0.25 -0.433
29.597 10.043 61.378 -1 0 0
31.677 8.455 62.313 0.174 -0.968 0.181
31.087 8.455 62.313 -0.174 -0.968 0.181
31.087 8.455 61.697 -0.174 -0.968 -0.181
30.532 11.446 62.604 -0.5 0.791 0.352
30.08 11.194 62.005 -0.766 0.643 0
30.08 11.02 62.596 -0.766 0.541 0.348
29.785 10.392 62.509 -0.94 0.171 0.296
32.534 10.014 59.171 -0.174 -0.593 -0.786
31.979 10.287 59.232 -0.5 -0.433 -0.75
31.979 10.869 59.043 -0.5 -0.091 -0.861
31.527 11.477 59.513 -0.766 0.267 -0.585
31.527 11.942 59.916 -0.766 0.541 -0.348
33.197 8.736 61.437 0.309 -0.938 -0.157
33.197 8.939 60.845 0.309 -0.836 -0.453
34.662 9.657 59.883 0.309 -0.938 -0.157
34.662 9.86 59.291 0.309 -0.836 -0.453
34.044 9.731 59.328 -0 -0.901 -0.434
34.044 10.067 58.836 -0 -0.733 -0.68
32.868 13.151 60.196 -0.588 0.809 0
32.868 13.028 59.577 -0.588 0.747 -0.31
31.403 12.23 61.75 -0.588 0.809 0
32.943 12.501 63.405 -0.309 0.9 0.309
32.943 12.203 63.955 -0.309 0.751 0.584
32.943 11.742 64.379 -0.309 0.52 0.796
32.385 11.846 63.931 -0.588 0.572 0.572
32.385 11.321 64.282 -0.588 0.31 0.747
31.191 8.929 63.594 -0 -0.749 0.663
30.591 10.259 63.743 -0.5 0.36 0.788
30.591 9.679 63.827 -0.5 -0.123 0.857
30.591 9.146 63.583 -0.5 -0.567 0.654
34.624 11.091 57.988 0.223 -0.608 -0.762
34.624 11.638 57.724 0.223 -0.217 -0.95
34.624 12.246 57.724 0.223 0.217 -0.95
34.624 12.793 57.988 0.223 0.608 -0.762
34 11.638 57.724 -0.223 -0.217 -0.95
34 12.246 57.724 -0.223 0.217 -0.95
34 12.793 57.988 -0.223 0.608 -0.762
34 13.172 58.463 -0.223 0.878 -0.423
33.439 11.786 57.972 -0.623 -0.111 -0.774
33.439 12.397 58.059 -0.623 0.325 -0.711
35.959 15.501 61.069 -0.309 0.951 0
35.204 14.971 61.94 -0.5 0.729 0.468
36.381 12.136 67.482 -0.223 0.608 0.762
35.82 12.38 66.415 -0.623 0.782 0
35.82 12.206 67.007 -0.623 0.658 0.423
35.82 11.74 67.411 -0.623 0.325 0.711
32.772 10.278 64.684 -0.5 -0.123 0.857
35.866 5.426 68.505 0.588 -0.31 0.747
35.308 5.888 68.906 0.309 -0.079 0.948
33.514 6.045 65.392 -0.588 0 -0.809
33.072 6.633 65.992 -0.809 0.294 -0.509
32.788 6.354 66.475 -0.951 0.155 -0.268
39.532 11.097 60.863 0.588 -0.572 -0.572
38.974 10.953 60.608 0.309 -0.644 -0.7
39.851 13.241 58.767 0.623 -0.512 -0.591
39.851 13.802 58.511 0.623 -0.111 -0.774
39.29 13.107 58.527 0.223 -0.608 -0.762
39.29 13.654 58.263 0.223 -0.217 -0.95
39.29 14.262 58.263 0.223 0.217 -0.95
36.589 14.573 58.536 -0.223 0.217 -0.95
36.589 15.12 58.8 -0.223 0.608 -0.762
36.589 15.499 59.275 -0.223 0.878 -0.423
36.028 14.724 58.871 -0.623 0.325 -0.711
36.028 15.19 59.275 -0.623 0.658 -0.423
37.502 19.157 62.578 -0.809 0.294 -0.509
37.218 18.26 63.061 -0.951 -0.155 -0.268
41.095 14.528 68.129 0.94 -0.171 0.296
40.8 15.273 68.619 0.766 0.267 0.585
40.8 14.663 68.707 0.766 -0.091 0.636
40.348 14.083 68.9 0.5 -0.433 0.75
37.555 9.343 68.215 0.309 0.52 0.796
35.815 9.693 68.351 -0.223 0.217 0.95
35.254 9.844 68.016 -0.623 0.325 0.711
34.685 7.385 68.918 0.223 0.217 0.95
34.061 7.932 68.654 -0.223 0.608 0.762
34.061 7.385 68.918 -0.223 0.217 0.95
33.5 8.176 67.587 -0.623 0.782 0
33.5 8.002 68.179 -0.623 0.658 0.423
33.5 7.536 68.583 -0.623 0.325 0.711
33.112 7.688 67.587 -0.901 0.434 0
33.112 7.385 68.113 -0.901 0.217 0.376
37.756 7.778 68.519 0.5 -0.123 0.857
37.756 7.245 68.275 0.5 -0.567 0.654
37.399 4.932 67.19 0.588 -0 0.809
36.223 4.487 63.622 -0 -0.223 -0.975
35.605 4.775 63.676 -0.309 -0.079 -0.948
37.263 3.166 66.848 0.809 -0.294 0.509
37.263 2.736 66.418 0.809 -0.509 0.294
37.263 2.578 65.83 0.809 -0.588 0
36.821 3.135 67.325 0.588 -0.31 0.747
36.821 2.61 66.974 0.588 -0.572 0.572
36.821 2.259 66.449 0.588 -0.747 0.31
36.263 2.99 64.088 0.309 -0.382 -0.871
35.645 2.754 64.098 -0 -0.5 -0.866
35.645 3.309 63.88 -0 -0.223 -0.975
35.027 2.466 64.431 -0.309 -0.644 -0.7
35.027 2.99 64.088 -0.309 -0.382 -0.871
35.027 3.597 63.934 -0.309 -0.079 -0.948
34.469 3.135 64.335 -0.588 -0.31 -0.747
34.469 3.754 64.212 -0.588 0 -0.809
35.671 3.766 68.281 0.588 -0 0.809
35.671 3.147 68.158 0.588 -0.31 0.747
33.778 4.415 68.866 -0.174 -0.27 0.947
33.223 4.719 68.72 -0.5 -0.091 0.861
32.771 5.327 68.25 -0.766 0.267 0.585
32.476 5.164 67.76 -0.94 0.171 0.296
32.476 5.164 66.752 -0.94 0.171 -0.296
33.319 3.766 65.045 -0.588 0 -0.809
33.319 4.385 65.168 -0.588 0.31 -0.747
40.376 7.502 62.194 0.588 0 -0.809
40.376 8.121 62.317 0.588 0.31 -0.747
39.818 6.738 62.07 0.309 -0.382 -0.871
39.818 7.345 61.916 0.309 -0.079 -0.948
39.818 7.969 61.968 0.309 0.233 -0.922
39.2 6.036 62.452 -0 -0.733 -0.68
39.2 6.502 62.08 -0 -0.5 -0.866
39.2 7.057 61.862 -0 -0.223 -0.975
39.2 7.651 61.818 -0 0.075 -0.997
38.582 6.214 62.413 -0.309 -0.644 -0.7
38.582 6.738 62.07 -0.309 -0.382 -0.871
38.582 7.345 61.916 -0.309 -0.079 -0.948
38.024 6.883 62.317 -0.588 -0.31 -0.747
40.885 11.662 63.308 1 0 0
40.787 11.353 63.843 0.951 -0.155 0.268
40.787 11.044 63.308 0.951 -0.309 -0
40.787 11.353 62.773 0.951 -0.155 -0.268
40.503 11.074 62.29 0.809 -0.294 -0.509
42.199 14.089 61.699 0.901 -0.217 0.376
42.199 13.786 61.173 0.901 -0.434 -0
42.199 14.089 60.647 0.901 -0.217 -0.376
41.811 13.343 61.481 0.623 -0.75 0.22
41.811 13.343 60.865 0.623 -0.75 -0.22
41.811 13.676 60.346 0.623 -0.512 -0.591
41.811 14.237 60.09 0.623 -0.111 -0.774
41.261 16.325 58.976 0.309 -0.382 -0.871
40.643 16.644 58.768 -0 -0.223 -0.975
40.025 17.556 58.874 -0.309 0.233 -0.922
38.542 18.862 60.494 -0.809 0.294 -0.509
38.542 19.292 60.924 -0.809 0.509 -0.294
40.259 22.027 63.704 0.223 0.878 0.423
39.635 22.162 63.112 -0.223 0.975 0
39.635 22.027 63.704 -0.223 0.878 0.423
39.074 21.892 63.112 -0.623 0.782 0
39.074 21.718 63.704 -0.623 0.658 0.423
37.298 19.704 63.802 -0.866 0.5 0
40.424 18.439 66.961 0.809 0.294 0.509
39.982 18.995 67.087 0.588 0.572 0.572
36.904 17.542 66.478 -0.951 -0.155 0.268
36.904 17.233 65.943 -0.951 -0.309 -0
36.904 17.542 65.408 -0.951 -0.155 -0.268
36.904 18.16 65.408 -0.951 0.155 -0.268
36.806 17.851 65.943 -1 -0 -0
39.76 17.371 68.316 0.5 0.268 0.824
39.205 17.662 68.415 0.174 0.439 0.882
38.615 17.662 68.415 -0.174 0.439 0.882
38.06 17.371 68.316 -0.5 0.268 0.824
37.608 16.76 67.998 -0.766 -0.091 0.636
37.313 16.625 67.42 -0.94 -0.171 0.296
39.221 15.707 69.401 -0 0.568 0.823
39.221 15.17 69.604 -0 0.121 0.993
39.221 14.599 69.535 -0 -0.355 0.935
38.621 15.457 69.358 -0.5 0.36 0.788
38.621 14.877 69.442 -0.5 -0.123 0.857
41.325 16.024 67.169 0.951 0.155 0.268
41.041 16.733 67.222 0.809 0.509 0.294
41.041 16.303 67.652 0.809 0.294 0.509
41.879 15.377 65.324 1 0 0
41.781 15.686 65.859 0.951 0.155 0.268
41.781 15.068 65.859 0.951 -0.155 0.268
41.781 14.759 65.324 0.951 -0.309 -0
41.781 15.068 64.789 0.951 -0.155 -0.268
41.497 14.359 65.912 0.809 -0.509 0.294
40.862 13.437 67.474 0.866 -0.5 -0
42.354 6.119 66.97 0.901 0.217 0.376
42.354 5.511 66.97 0.901 -0.217 0.376
41.966 6.736 67.036 0.623 0.658 0.423
41.966 6.27 67.44 0.623 0.325 0.711
41.966 5.659 67.527 0.623 -0.111 0.774
41.966 5.098 67.271 0.623 -0.512 0.591
41.405 6.666 67.511 0.223 0.608 0.762
41.405 6.119 67.775 0.223 0.217 0.95
41.405 5.511 67.775 0.223 -0.217 0.95
41.405 4.964 67.511 0.223 -0.608 0.762
41.405 4.585 67.036 0.223 -0.878 0.423
40.781 6.119 67.775 -0.223 0.217 0.95
40.781 5.511 67.775 -0.223 -0.217 0.95
40.781 4.964 67.511 -0.223 -0.608 0.762
40.781 4.585 67.036 -0.223 -0.878 0.423
42.551 3.926 64.281 0.901 -0.434 -0
42.551 4.229 63.755 0.901 -0.217 -0.376
42.163 3.816 65.108 0.623 -0.512 0.591
42.163 3.483 64.589 0.623 -0.75 0.22
42.163 3.483 63.973 0.623 -0.75 -0.22
42.163 3.816 63.454 0.623 -0.512 -0.591
42.163 4.377 63.198 0.623 -0.111 -0.774
41.602 3.303 64.873 0.223 -0.878 0.423
41.602 3.168 64.281 0.223 -0.975 0
41.602 3.303 63.689 0.223 -0.878 -0.423
41.602 3.682 63.214 0.223 -0.608 -0.762
41.602 4.229 62.95 0.223 -0.217 -0.95
40.978 3.303 64.873 -0.223 -0.878 0.423
40.978 3.168 64.281 -0.223 -0.975 0
40.978 3.303 63.689 -0.223 -0.878 -0.423
40.978 3.682 63.214 -0.223 -0.608 -0.762
40.978 4.229 62.95 -0.223 -0.217 -0.95
40.417 3.483 63.973 -0.623 -0.75 -0.22
40.417 3.816 63.454 -0.623 -0.512 -0.591
43.3 7.019 64.386 1 0 0
43.161 7.626 64.386 0.901 0.434 0
43.161 7.323 64.912 0.901 0.217 0.376
43.161 6.715 63.86 0.901 -0.217 -0.376
43.161 7.323 63.86 0.901 0.217 -0.376
42.773 8.114 64.386 0.623 0.782 0
42.773 7.94 64.978 0.623 0.658 0.423
42.773 6.863 63.303 0.623 -0.111 -0.774
42.773 7.474 63.39 0.623 0.325 -0.711
42.773 7.94 63.794 0.623 0.658 -0.423
42.212 8.249 64.978 0.223 0.878 0.423
42.212 6.715 63.055 0.223 -0.217 -0.95
42.212 7.323 63.055 0.223 0.217 -0.95
39.948 19.63 59.859 -0 0.568 -0.823
39.348 19.38 59.902 -0.5 0.36 -0.788
39.348 19.822 60.285 -0.5 0.729 -0.468
40.37 21.689 61.429 -0 0.568 -0.823
40.37 22.07 61.859 -0 0.885 -0.465
41.509 20.997 64.146 0.588 0.747 0.31
38.643 20.207 66.758 0.223 0.878 0.423
38.643 19.828 67.233 0.223 0.608 0.762
38.019 20.342 66.166 -0.223 0.975 0
38.019 20.207 66.758 -0.223 0.878 0.423
38.019 19.828 67.233 -0.223 0.608 0.762
37.458 20.072 66.166 -0.623 0.782 0
37.458 19.898 66.758 -0.623 0.658 0.423
37.458 19.432 67.162 -0.623 0.325 0.711
37.07 19.584 66.166 -0.901 0.434 0
37.07 19.281 66.692 -0.901 0.217 0.376
41.389 20.084 65.315 0.5 0.36 0.788
45.553 18.715 63.53 0.901 -0.217 0.376
45.165 18.863 64.087 0.623 -0.111 0.774
45.165 18.302 63.831 0.623 -0.512 0.591
45.165 17.969 63.312 0.623 -0.75 0.22
44.604 19.323 64.335 0.223 0.217 0.95
44.604 18.715 64.335 0.223 -0.217 0.95
44.604 18.168 64.071 0.223 -0.608 0.762
44.604 17.789 63.596 0.223 -0.878 0.423
48.099 16.364 60.65 0.588 -0.31 0.747
47.541 16.219 60.897 0.309 -0.382 0.871
47.541 15.695 60.554 0.309 -0.644 0.7
46.923 16.538 61.105 -0 -0.223 0.975
46.923 15.983 60.887 -0 -0.5 0.866
45.826 15.35 59.91 -0.5 -0.831 0.244
45.305 15.965 58.567 -0.809 -0.509 -0.294
45.305 16.395 58.137 -0.809 -0.294 -0.509
45.305 16.983 57.979 -0.809 -0 -0.588
43.77 22.922 62.163 -0.5 0.729 0.468
45.616 22.361 63.057 0.309 0.52 0.796
44.998 22.973 62.592 -0 0.826 0.563
44.998 22.568 63.029 -0 0.623 0.782
44.998 22.052 63.327 -0 0.365 0.931
44.38 22.361 63.057 -0.309 0.52 0.796
44.38 21.788 63.309 -0.309 0.233 0.922
48.449 18.286 60.626 0.809 -0 0.588
48.007 18.286 61.068 0.588 -0 0.809
47.449 18.129 61.346 0.309 -0.079 0.948
49.716 16.3 58.639 0.951 -0.155 0.268
49.432 16.609 59.28 0.809 -0 0.588
49.619 15.028 58.32 0.94 -0.171 0.296
49.324 14.603 58.642 0.766 -0.421 0.486
49.324 14.271 58.124 0.766 -0.617 0.181
48.872 14.583 59.091 0.5 -0.433 0.75
48.872 14.128 58.681 0.5 -0.701 0.509
48.872 13.879 58.122 0.5 -0.847 0.18
48.317 13.673 57.508 0.174 -0.968 -0.181
47.727 13.896 56.935 -0.174 -0.837 -0.518
47.172 14.128 56.951 -0.5 -0.701 -0.509
47.172 14.583 56.541 -0.5 -0.433 -0.75
46.72 14.603 56.99 -0.766 -0.421 -0.486
47.608 13.81 59.053 -0 -0.749 0.663
47.608 13.543 58.544 -0 -0.971 0.239
47.008 13.711 58.55 -0.5 -0.831 0.244
47.008 13.711 57.964 -0.5 -0.831 -0.244
46.569 14.108 58.257 -0.866 -0.5 -0
46.638 16.609 56.486 -0.588 0 -0.809
50.367 18.828 57.693 1 0 0
50.269 19.137 58.228 0.951 0.155 0.268
50.269 18.519 58.228 0.951 -0.155 0.268
49.985 18.828 58.869 0.809 -0 0.588
47.191 18.828 56.075 -0.588 0 -0.809
46.749 18.828 56.517 -0.809 -0 -0.588
46.947 22.427 56.477 -0 0.365 -0.931
44.382 20.9 58.05 -0.5 -0.567 -0.654
43.943 21.281 58.315 -0.866 -0.25 -0.433
45.533 24.787 59.098 0.223 0.975 0
45.533 24.652 59.69 0.223 0.878 0.423
44.909 24.652 59.69 -0.223 0.878 0.423
44.348 24.343 59.69 -0.623 0.658 0.423
47.1 23.456 61.588 0.5 0.729 0.468
46.5 23.645 61.584 -0 0.885 0.465
47.762 22.367 61.632 0.809 0.294 0.509
47.32 21.779 62.232 0.588 -0 0.809
47.963 20.537 61.602 0.623 -0.111 0.774
49.224 20.62 60.384 0.809 -0 0.588
49.224 20.032 60.226 0.809 -0.294 0.509
50.077 16.935 57.39 0.94 -0.342 -0
50.077 17.225 56.886 0.94 -0.171 -0.296
49.782 17.36 56.308 0.766 -0.091 -0.636
49.33 17.362 55.926 0.5 -0.091 -0.861
48.775 17.058 55.78 0.174 -0.27 -0.947
48.185 17.058 55.78 -0.174 -0.27 -0.947
49.608 14.501 57.189 0.866 -0.5 -0
49.608 14.801 56.669 0.866 -0.25 -0.433
49.169 14.104 56.896 0.5 -0.831 -0.244
49.169 14.42 56.404 0.5 -0.567 -0.654
49.169 14.953 56.16 0.5 -0.123 -0.857
48.569 14.675 56.067 -0 -0.355 -0.935
50.208 20.309 57.033 0.901 0.434 0
50.208 20.006 56.507 0.901 0.217 -0.376
49.82 19.546 55.95 0.623 -0.111 -0.774
49.82 20.157 56.037 0.623 0.325 -0.711
49.82 20.623 56.441 0.623 0.658 -0.423
49.259 20.006 55.702 0.223 0.217 -0.95
49.259 20.553 55.966 0.223 0.608 -0.762
48.635 20.006 55.702 -0.223 0.217 -0.95
46.06 21.289 56.42 -0.5 -0.123 -0.857
49.15 23.321 58.096 0.901 0.434 0
49.15 23.018 57.57 0.901 0.217 -0.376
48.762 23.169 57.1 0.623 0.325 -0.711
48.201 23.018 56.765 0.223 0.217 -0.95
48.121 24.503 58.187 0.5 0.866 0
48.121 24.338 58.749 0.5 0.729 0.468
48.121 24.338 57.625 0.5 0.729 -0.468
47.521 24.664 58.187 -0 1 0
47.521 24.146 57.199 -0 0.568 -0.823
47.521 24.527 57.629 -0 0.885 -0.465
44.997 24.268 57.317 -0 0.568 -0.823
44.997 24.649 57.747 -0 0.885 -0.465
44.397 23.438 57.276 -0.5 -0.123 -0.857
44.397 24.018 57.36 -0.5 0.36 -0.788
44.397 24.46 57.743 -0.5 0.729 -0.468
43.958 23.886 57.785 -0.866 0.25 -0.433
34.076 2.205 68.462 0.174 -0.27 0.947
34.076 1.654 68.188 0.174 -0.593 0.786
33.486 1.24 67.733 -0.174 -0.837 0.518
32.931 1.223 67.158 -0.5 -0.847 0.18
32.931 2.509 65.388 -0.5 -0.091 -0.861
32.479 1.615 66.544 -0.766 -0.617 -0.181
32.479 1.947 66.026 -0.766 -0.421 -0.486
32.479 2.507 65.77 -0.766 -0.091 -0.636
34.624 0.928 66.776 0.5 -0.831 0.244
34.624 0.928 66.19 0.5 -0.831 -0.244
34.024 0.76 66.77 -0 -0.971 0.239
34.024 0.76 66.196 -0 -0.971 -0.239
34.024 1.027 65.687 -0 -0.749 -0.663
33.424 0.928 66.19 -0.5 -0.831 -0.244
36.582 1.964 65.186 0.5 -0.831 -0.244
32.476 2.538 68.372 -0.5 -0.123 0.857
32.476 2.005 68.128 -0.5 -0.567 0.654
32.037 2.986 67.863 -0.866 0.25 0.433
32.037 2.386 67.863 -0.866 -0.25 0.433
32.037 2.086 67.343 -0.866 -0.5 -0
31.876 2.686 67.343 -1 0 0
3 0 807 806
3 806 807 808
3 806 808 1
3 1 808 809
3 807 810 808
3 808 810 811
3 808 811 809
3 809 811 812
3 810 813 811
3 811 813 814
3 811 814 812
3 812 814 815
3 813 816 814
3 814 816 817
3 814 817 815
3 815 817 818
3 816 819 817
3 817 819 820
3 817 820 818
3 818 820 821
3 819 4 820
3 820 4 822
3 820 822 821
3 821 822 3
3 4 824 823
3 823 824 825
3 823 825 5
3 5 825 826
3 824 827 825
3 825 827 828
3 825 828 826
3 826 828 829
3 827 0 828
3 828 0 830
3 828 830 829
3 829 830 2
3 5 7 3
3 3 7 6
3 7 831 8
3 8 831 832
3 831 10 832
3 832 10 9
3 10 833 11
3 11 833 834
3 833 835 834
3 834 835 836
3 835 837 836
3 836 837 838
3 837 839 838
3 838 839 840
3 839 841 840
3 840 841 842
3 841 843 842
3 842 843 844
3 843 845 844
3 844 845 846
3 845 13 846
3 846 13 12
3 13 847 14
3 14 847 848
3 847 16 848
3 848 16 15
3 16 2 17
3 17 2 1
3 17 849 15
3 15 849 850
3 849 851 850
3 850 851 852
3 851 853 852
3 852 853 854
3 853 19 854
3 854 19 18
3 19 22 20
3 20 22 21
3 22 855 23
3 23 855 856
3 855 857 856
3 856 857 858
3 857 859 858
3 858 859 860
3 859 861 860
3 860 861 862
3 861 863 862
3 862 863 864
3 863 25 864
3 864 25 24
3 25 28 26
3 26 28 27
3 28 865 29
3 29 865 866
3 865 867 866
3 866 867 868
3 867 869 868
3 868 869 870
3 869 6 870
3 870 6 8
3 29 871 27
3 27 871 872
3 871 873 872
3 872 873 874
3 873 31 874
3 874 31 30
3 31 34 32
3 32 34 33
3 34 9 35
3 35 9 11
3 35 37 33
3 33 37 36
3 37 875 38
3 38 875 876
3 875 877 876
3 876 877 878
3 877 40 878
3 878 40 39
3 40 43 879
3 879 43 880
3 879 880 41
3 41 880 42
3 43 881 44
3 44 881 882
3 881 883 882
3 882 883 884
3 883 885 884
3 884 885 886
3 885 887 886
3 886 887 888
3 887 889 888
3 888 889 890
3 889 891 890
3 890 891 892
3 891 893 892
3 892 893 894
3 893 46 894
3 894 46 45
3 46 49 895
3 895 49 896
3 895 896 47
3 47 896 48
3 49 52 897
3 897 52 898
3 897 898 50
3 50 898 51
3 52 55 53
3 53 55 54
3 55 12 56
3 56 12 14
3 56 58 54
3 54 58 57
3 58 899 59
3 59 899 900
3 899 901 900
3 900 901 902
3 901 18 902
3 902 18 20
3 59 903 57
3 57 903 904
3 903 905 904
3 904 905 906
3 905 907 906
3 906 907 908
3 907 61 908
3 908 61 60
3 61 64 909
3 909 64 912
3 909 912 910
3 910 912 913
3 910 913 911
3 911 913 914
3 911 914 62
3 62 914 63
3 64 67 915
3 915 67 918
3 915 918 916
3 916 918 919
3 916 919 917
3 917 919 920
3 917 920 65
3 65 920 66
3 67 70 68
3 68 70 69
3 70 21 921
3 921 21 922
3 921 922 71
3 71 922 23
3 71 73 923
3 923 73 924
3 923 924 69
3 69 924 72
3 73 24 925
3 925 24 926
3 925 926 74
3 74 926 26
3 74 76 72
3 72 76 75
3 76 79 927
3 927 79 929
3 927 929 928
3 928 929 930
3 928 930 77
3 77 930 78
3 80 931 83
3 83 931 932
3 932 931 82
3 79 84 933
3 933 84 934
3 933 934 81
3 84 87 935
3 935 87 937
3 935 937 936
3 936 937 938
3 936 938 85
3 85 938 86
3 87 942 939
3 939 942 943
3 939 943 940
3 940 943 944
3 940 944 941
3 941 944 945
3 941 945 88
3 88 945 946
3 942 90 943
3 943 90 947
3 943 947 944
3 944 947 948
3 944 948 945
3 945 948 949
3 945 949 946
3 946 949 89
3 90 93 950
3 950 93 953
3 950 953 951
3 951 953 954
3 951 954 952
3 952 954 955
3 952 955 91
3 91 955 92
3 93 30 94
3 94 30 32
3 94 96 956
3 956 96 959
3 956 959 957
3 957 959 960
3 957 960 958
3 958 960 961
3 958 961 92
3 92 961 95
3 96 99 962
3 962 99 964
3 962 964 963
3 963 964 965
3 963 965 97
3 97 965 98
3 99 102 966
3 966 102 967
3 966 967 100
3 100 967 101
3 102 36 103
3 103 36 38
3 103 968 101
3 101 968 969
3 968 105 969
3 969 105 104
3 105 108 106
3 106 108 107
3 108 111 970
3 970 111 971
3 970 971 109
3 109 971 110
3 111 39 112
3 112 39 41
3 112 114 972
3 972 114 974
3 972 974 973
3 973 974 975
3 973 975 110
3 110 975 113
3 114 117 976
3 976 117 977
3 976 977 115
3 115 977 116
3 117 979 978
3 978 979 980
3 978 980 118
3 118 980 981
3 979 42 980
3 980 42 982
3 980 982 981
3 981 982 44
3 118 120 983
3 983 120 985
3 983 985 984
3 984 985 986
3 984 986 116
3 116 986 119
3 120 989 987
3 987 989 990
3 987 990 988
3 988 990 991
3 988 991 121
3 121 991 992
3 989 123 990
3 990 123 993
3 990 993 991
3 991 993 994
3 991 994 992
3 992 994 122
3 123 45 995
3 995 45 996
3 995 996 124
3 124 996 47
3 124 997 122
3 122 997 998
3 997 999 998
3 998 999 1000
3 999 126 1000
3 1000 126 125
3 126 129 1001
3 1001 129 1003
3 1001 1003 1002
3 1002 1003 1004
3 1002 1004 127
3 127 1004 128
3 129 132 1005
3 1005 132 1008
3 1005 1008 1006
3 1006 1008 1009
3 1006 1009 1007
3 1007 1009 1010
3 1007 1010 130
3 130 1010 131
3 132 135 1011
3 1011 135 1015
3 1011 1015 1012
3 1012 1015 1016
3 1012 1016 1013
3 1013 1016 1017
3 1013 1017 1014
3 1014 1017 1018
3 1014 1018 133
3 133 1018 134
3 135 1019 136
3 136 1019 1020
3 1019 1021 1020
3 1020 1021 1022
3 1021 138 1022
3 1022 138 137
3 138 141 1023
3 1023 141 1024
3 1023 1024 139
3 139 1024 140
3 141 1025 142
3 142 1025 1026
3 1025 1027 1026
3 1026 1027 1028
3 1027 48 1028
3 1028 48 50
3 142 51 1029
3 1029 51 1030
3 1029 1030 140
3 140 1030 53
3 139 144 1031
3 1031 144 1032
3 1031 1032 137
3 137 1032 143
3 144 147 1033
3 1033 147 1035
3 1033 1035 1034
3 1034 1035 1036
3 1034 1036 145
3 145 1036 146
3 147 60 1037
3 1037 60 1039
3 1037 1039 1038
3 1038 1039 1040
3 1038 1040 148
3 148 1040 62
3 148 150 1041
3 1041 150 1044
3 1041 1044 1042
3 1042 1044 1045
3 1042 1045 1043
3 1043 1045 1046
3 1043 1046 146
3 146 1046 149
3 150 153 151
3 151 153 152
3 153 156 1047
3 1047 156 1050
3 1047 1050 1048
3 1048 1050 1051
3 1048 1051 1049
3 1049 1051 1052
3 1049 1052 154
3 154 1052 155
3 156 1056 1053
3 1053 1056 1057
3 1053 1057 1054
3 1054 1057 1058
3 1054 1058 1055
3 1055 1058 1059
3 1055 1059 157
3 157 1059 1060
3 1056 159 1057
3 1057 159 1061
3 1057 1061 1058
3 1058 1061 1062
3 1058 1062 1059
3 1059 1062 1063
3 1059 1063 1060
3 1060 1063 158
3 159 162 160
3 160 162 161
3 162 165 1064
3 1064 165 1065
3 1064 1065 163
3 163 1065 164
3 165 1066 166
3 166 1066 1067
3 1066 1068 1067
3 1067 1068 1069
3 1068 168 1069
3 1069 168 167
3 168 63 169
3 169 63 65
3 169 171 167
3 167 171 170
3 171 66 1070
3 1070 66 1073
3 1070 1073 1071
3 1071 1073 1074
3 1071 1074 1072
3 1072 1074 1075
3 1072 1075 172
3 172 1075 68
3 172 174 1076
3 1076 174 1079
3 1076 1079 1077
3 1077 1079 1080
3 1077 1080 1078
3 1078 1080 1081
3 1078 1081 170
3 170 1081 173
3 174 75 1082
3 1082 75 1084
3 1082 1084 1083
3 1083 1084 1085
3 1083 1085 175
3 175 1085 77
3 175 177 1086
3 1086 177 1087
3 1086 1087 173
3 173 1087 176
3 177 180 1088
3 1088 180 1089
3 1088 1089 178
3 178 1089 179
3 180 78 1090
3 1090 78 1091
3 1090 1091 181
3 181 1091 80
3 181 1092 179
3 179 1092 1093
3 1092 1094 1093
3 1093 1094 1095
3 1094 1096 1095
3 1095 1096 1097
3 1096 1098 1097
3 1097 1098 1099
3 1098 1100 1099
3 1099 1100 1101
3 1100 1102 1101
3 1101 1102 1103
3 1102 183 1103
3 1103 183 182
3 183 1105 1104
3 1104 1105 1106
3 1104 1106 184
3 184 1106 1107
3 1105 186 1106
3 1106 186 1108
3 1106 1108 1107
3 1107 1108 185
3 186 189 187
3 187 189 188
3 189 192 1109
3 1109 192 1110
3 1109 1110 190
3 190 1110 191
3 192 195 193
3 193 195 194
3 195 1111 196
3 196 1111 1112
3 1111 1113 1112
3 1112 1113 1114
3 1113 1115 1114
3 1114 1115 1116
3 1115 1117 1116
3 1116 1117 1118
3 1117 1119 1118
3 1118 1119 1120
3 1119 1121 1120
3 1120 1121 1122
3 1121 1123 1122
3 1122 1123 1124
3 1123 198 1124
3 1124 198 197
3 198 201 199
3 199 201 200
3 201 204 202
3 202 204 203
3 204 207 205
3 205 207 206
3 207 83 1125
3 1125 83 1126
3 1125 1126 208
3 208 1126 85
3 208 86 206
3 206 86 88
3 205 210 203
3 203 210 209
3 210 89 211
3 211 89 91
3 211 213 1127
3 1127 213 1128
3 1127 1128 209
3 209 1128 212
3 213 216 214
3 214 216 215
3 216 95 217
3 217 95 97
3 217 1129 215
3 215 1129 1130
3 1129 219 1130
3 1130 219 218
3 219 98 1131
3 1131 98 1133
3 1131 1133 1132
3 1132 1133 1134
3 1132 1134 220
3 220 1134 100
3 220 222 1135
3 1135 222 1138
3 1135 1138 1136
3 1136 1138 1139
3 1136 1139 1137
3 1137 1139 1140
3 1137 1140 218
3 218 1140 221
3 222 104 223
3 223 104 106
3 223 225 1141
3 1141 225 1144
3 1141 1144 1142
3 1142 1144 1145
3 1142 1145 1143
3 1143 1145 1146
3 1143 1146 221
3 221 1146 224
3 225 1147 226
3 226 1147 1148
3 1147 228 1148
3 1148 228 227
3 228 231 229
3 229 231 230
3 231 107 1149
3 1149 107 1150
3 1149 1150 232
3 232 1150 109
3 232 234 1151
3 1151 234 1152
3 1151 1152 230
3 230 1152 233
3 234 237 1153
3 1153 237 1154
3 1153 1154 235
3 235 1154 236
3 237 1155 238
3 238 1155 1156
3 1155 240 1156
3 1156 240 239
3 240 243 1157
3 1157 243 1159
3 1157 1159 1158
3 1158 1159 1160
3 1158 1160 241
3 241 1160 242
3 243 246 1161
3 1161 246 1162
3 1161 1162 244
3 244 1162 245
3 246 249 247
3 247 249 248
3 249 1163 250
3 250 1163 1164
3 1163 1165 1164
3 1164 1165 1166
3 1165 113 1166
3 1166 113 115
3 250 1167 248
3 248 1167 1168
3 1167 119 1168
3 1168 119 121
3 247 1171 1169
3 1169 1171 1172
3 1169 1172 1170
3 1170 1172 1173
3 1170 1173 245
3 245 1173 1174
3 1171 125 1172
3 1172 125 1175
3 1172 1175 1173
3 1173 1175 1176
3 1173 1176 1174
3 1174 1176 127
3 244 1177 242
3 242 1177 1178
3 1177 1179 1178
3 1178 1179 1180
3 1179 252 1180
3 1180 252 251
3 252 255 253
3 253 255 254
3 255 128 1181
3 1181 128 1182
3 1181 1182 256
3 256 1182 130
3 256 258 254
3 254 258 257
3 258 1183 259
3 259 1183 1184
3 1183 131 1184
3 1184 131 133
3 259 261 257
3 257 261 260
3 261 264 1185
3 1185 264 1186
3 1185 1186 262
3 262 1186 263
3 264 1187 265
3 265 1187 1188
3 1187 267 1188
3 1188 267 266
3 267 1189 268
3 268 1189 1190
3 1189 270 1190
3 1190 270 269
3 270 273 271
3 271 273 272
3 273 134 1191
3 1191 134 1194
3 1191 1194 1192
3 1192 1194 1195
3 1192 1195 1193
3 1193 1195 1196
3 1193 1196 274
3 274 1196 136
3 274 276 1197
3 1197 276 1199
3 1197 1199 1198
3 1198 1199 1200
3 1198 1200 272
3 272 1200 275
3 276 143 277
3 277 143 145
3 277 279 1201
3 1201 279 1203
3 1201 1203 1202
3 1202 1203 1204
3 1202 1204 275
3 275 1204 278
3 279 282 1205
3 1205 282 1208
3 1205 1208 1206
3 1206 1208 1209
3 1206 1209 1207
3 1207 1209 1210
3 1207 1210 280
3 280 1210 281
3 282 149 1211
3 1211 149 1213
3 1211 1213 1212
3 1212 1213 1214
3 1212 1214 283
3 283 1214 151
3 283 152 1215
3 1215 152 1217
3 1215 1217 1216
3 1216 1217 1218
3 1216 1218 281
3 281 1218 154
3 280 285 278
3 278 285 284
3 285 288 286
3 286 288 287
3 288 1219 289
3 289 1219 1220
3 1219 291 1220
3 1220 291 290
3 291 1221 292
3 292 1221 1222
3 1221 155 1222
3 1222 155 157
3 292 294 290
3 290 294 293
3 294 1224 1223
3 1223 1224 1225
3 1223 1225 295
3 295 1225 1226
3 1224 1227 1225
3 1225 1227 1228
3 1225 1228 1226
3 1226 1228 1229
3 1227 1230 1228
3 1228 1230 1231
3 1228 1231 1229
3 1229 1231 1232
3 1230 1233 1231
3 1231 1233 1234
3 1231 1234 1232
3 1232 1234 1235
3 1233 1236 1234
3 1234 1236 1237
3 1234 1237 1235
3 1235 1237 1238
3 1236 297 1237
3 1237 297 1239
3 1237 1239 1238
3 1238 1239 296
3 297 300 298
3 298 300 299
3 300 1240 301
3 301 1240 1241
3 1240 1242 1241
3 1241 1242 1243
3 1242 1244 1243
3 1243 1244 1245
3 1244 303 1245
3 1245 303 302
3 303 306 304
3 304 306 305
3 306 1246 307
3 307 1246 1247
3 1246 1248 1247
3 1247 1248 1249
3 1248 309 1249
3 1249 309 308
3 309 312 1250
3 1250 312 1251
3 1250 1251 310
3 310 1251 311
3 312 158 1252
3 1252 158 1254
3 1252 1254 1253
3 1253 1254 1255
3 1253 1255 313
3 313 1255 160
3 313 315 311
3 311 315 314
3 315 318 316
3 316 318 317
3 318 321 1256
3 1256 321 1257
3 1256 1257 319
3 319 1257 320
3 321 161 1258
3 1258 161 1259
3 1258 1259 322
3 322 1259 163
3 322 1260 320
3 320 1260 1261
3 1260 1262 1261
3 1261 1262 1263
3 1262 324 1263
3 1263 324 323
3 324 327 325
3 325 327 326
3 327 330 1264
3 1264 330 1267
3 1264 1267 1265
3 1265 1267 1268
3 1265 1268 1266
3 1266 1268 1269
3 1266 1269 328
3 328 1269 329
3 330 333 1270
3 1270 333 1271
3 1270 1271 331
3 331 1271 332
3 333 1272 334
3 334 1272 1273
3 1272 1274 1273
3 1273 1274 1275
3 1274 1276 1275
3 1275 1276 1277
3 1276 336 1277
3 1277 336 335
3 336 339 1278
3 1278 339 1279
3 1278 1279 337
3 337 1279 338
3 339 1280 340
3 340 1280 1281
3 1280 164 1281
3 1281 164 166
3 340 1283 1282
3 1282 1283 1284
3 1282 1284 338
3 338 1284 1285
3 1283 1286 1284
3 1284 1286 1287
3 1284 1287 1285
3 1285 1287 1288
3 1286 176 1287
3 1287 176 1289
3 1287 1289 1288
3 1288 1289 178
3 337 182 1290
3 1290 182 1291
3 1290 1291 335
3 335 1291 184
3 334 185 1292
3 1292 185 1294
3 1292 1294 1293
3 1293 1294 1295
3 1293 1295 332
3 332 1295 187
3 331 1299 1296
3 1296 1299 1300
3 1296 1300 1297
3 1297 1300 1301
3 1297 1301 1298
3 1298 1301 1302
3 1298 1302 329
3 329 1302 1303
3 1299 342 1300
3 1300 342 1304
3 1300 1304 1301
3 1301 1304 1305
3 1301 1305 1302
3 1302 1305 1306
3 1302 1306 1303
3 1303 1306 341
3 342 345 1307
3 1307 345 1310
3 1307 1310 1308
3 1308 1310 1311
3 1308 1311 1309
3 1309 1311 1312
3 1309 1312 343
3 343 1312 344
3 345 1316 1313
3 1313 1316 1317
3 1313 1317 1314
3 1314 1317 1318
3 1314 1318 1315
3 1315 1318 1319
3 1315 1319 346
3 346 1319 1320
3 1316 348 1317
3 1317 348 1321
3 1317 1321 1318
3 1318 1321 1322
3 1318 1322 1319
3 1319 1322 1323
3 1319 1323 1320
3 1320 1323 347
3 348 351 349
3 349 351 350
3 351 212 1324
3 1324 212 1326
3 1324 1326 1325
3 1325 1326 1327
3 1325 1327 352
3 352 1327 214
3 352 354 1328
3 1328 354 1330
3 1328 1330 1329
3 1329 1330 1331
3 1329 1331 350
3 350 1331 353
3 354 357 355
3 355 357 356
3 357 1334 1332
3 1332 1334 1335
3 1332 1335 1333
3 1333 1335 1336
3 1333 1336 358
3 358 1336 1337
3 1334 360 1335
3 1335 360 1338
3 1335 1338 1336
3 1336 1338 1339
3 1336 1339 1337
3 1337 1339 359
3 360 363 1340
3 1340 363 1341
3 1340 1341 361
3 361 1341 362
3 363 1343 1342
3 1342 1343 1344
3 1342 1344 364
3 364 1344 1345
3 1343 366 1344
3 1344 366 1346
3 1344 1346 1345
3 1345 1346 365
3 366 369 367
3 367 369 368
3 369 372 1347
3 1347 372 1348
3 1347 1348 370
3 370 1348 371
3 372 224 1349
3 1349 224 1351
3 1349 1351 1350
3 1350 1351 1352
3 1350 1352 373
3 373 1352 226
3 373 375 371
3 371 375 374
3 375 378 1353
3 1353 378 1355
3 1353 1355 1354
3 1354 1355 1356
3 1354 1356 376
3 376 1356 377
3 378 381 1357
3 1357 381 1358
3 1357 1358 379
3 379 1358 380
3 381 384 1359
3 1359 384 1360
3 1359 1360 382
3 382 1360 383
3 384 387 385
3 385 387 386
3 387 1363 1361
3 1361 1363 1364
3 1361 1364 1362
3 1362 1364 1365
3 1362 1365 388
3 388 1365 1366
3 1363 390 1364
3 1364 390 1367
3 1364 1367 1365
3 1365 1367 1368
3 1365 1368 1366
3 1366 1368 389
3 390 227 391
3 391 227 229
3 391 233 1369
3 1369 233 1370
3 1369 1370 389
3 389 1370 235
3 388 393 1371
3 1371 393 1373
3 1371 1373 1372
3 1372 1373 1374
3 1372 1374 386
3 386 1374 392
3 393 396 1375
3 1375 396 1377
3 1375 1377 1376
3 1376 1377 1378
3 1376 1378 394
3 394 1378 395
3 396 399 1379
3 1379 399 1381
3 1379 1381 1380
3 1380 1381 1382
3 1380 1382 397
3 397 1382 398
3 399 402 1383
3 1383 402 1384
3 1383 1384 400
3 400 1384 401
3 402 405 1385
3 1385 405 1388
3 1385 1388 1386
3 1386 1388 1389
3 1386 1389 1387
3 1387 1389 1390
3 1387 1390 403
3 403 1390 404
3 405 408 1391
3 1391 408 1392
3 1391 1392 406
3 406 1392 407
3 408 236 409
3 409 236 238
3 409 239 1393
3 1393 239 1394
3 1393 1394 407
3 407 1394 241
3 406 1396 1395
3 1395 1396 1397
3 1395 1397 404
3 404 1397 1398
3 1396 411 1397
3 1397 411 1399
3 1397 1399 1398
3 1398 1399 410
3 411 1400 412
3 412 1400 1401
3 1400 1402 1401
3 1401 1402 1403
3 1402 414 1403
3 1403 414 413
3 414 417 1404
3 1404 417 1405
3 1404 1405 415
3 415 1405 416
3 417 420 418
3 418 420 419
3 420 423 421
3 421 423 422
3 423 251 424
3 424 251 253
3 424 1406 422
3 422 1406 1407
3 1406 426 1407
3 1407 426 425
3 426 429 1408
3 1408 429 1409
3 1408 1409 427
3 427 1409 428
3 429 260 1410
3 1410 260 1411
3 1410 1411 430
3 430 1411 262
3 430 1412 428
3 428 1412 1413
3 1412 1414 1413
3 1413 1414 1415
3 1414 1416 1415
3 1415 1416 1417
3 1416 1418 1417
3 1417 1418 1419
3 1418 432 1419
3 1419 432 431
3 432 1420 433
3 433 1420 1421
3 1420 1422 1421
3 1421 1422 1423
3 1422 1424 1423
3 1423 1424 1425
3 1424 435 1425
3 1425 435 434
3 435 438 1426
3 1426 438 1428
3 1426 1428 1427
3 1427 1428 1429
3 1427 1429 436
3 436 1429 437
3 438 441 1430
3 1430 441 1431
3 1430 1431 439
3 439 1431 440
3 441 263 1432
3 1432 263 1433
3 1432 1433 442
3 442 1433 265
3 442 444 440
3 440 444 443
3 444 1435 1434
3 1434 1435 1436
3 1434 1436 445
3 445 1436 1437
3 1435 447 1436
3 1436 447 1438
3 1436 1438 1437
3 1437 1438 446
3 447 266 1439
3 1439 266 1440
3 1439 1440 448
3 448 1440 268
3 448 1441 446
3 446 1441 1442
3 1441 1443 1442
3 1442 1443 1444
3 1443 1445 1444
3 1444 1445 1446
3 1445 1447 1446
3 1446 1447 1448
3 1447 1449 1448
3 1448 1449 1450
3 1449 1451 1450
3 1450 1451 1452
3 1451 1453 1452
3 1452 1453 1454
3 1453 450 1454
3 1454 450 449
3 450 1456 1455
3 1455 1456 1457
3 1455 1457 451
3 451 1457 1458
3 1456 453 1457
3 1457 453 1459
3 1457 1459 1458
3 1458 1459 452
3 453 456 1460
3 1460 456 1461
3 1460 1461 454
3 454 1461 455
3 456 459 457
3 457 459 458
3 459 462 460
3 460 462 461
3 462 1462 463
3 463 1462 1463
3 1462 1464 1463
3 1463 1464 1465
3 1464 1466 1465
3 1465 1466 1467
3 1466 1468 1467
3 1467 1468 1469
3 1468 1470 1469
3 1469 1470 1471
3 1470 1472 1471
3 1471 1472 1473
3 1472 1474 1473
3 1473 1474 1475
3 1474 287 1475
3 1475 287 289
3 463 1476 461
3 461 1476 1477
3 1476 299 1477
3 1477 299 301
3 460 465 458
3 458 465 464
3 465 1478 466
3 466 1478 1479
3 1478 1480 1479
3 1479 1480 1481
3 1480 302 1481
3 1481 302 304
3 466 1482 464
3 464 1482 1483
3 1482 1484 1483
3 1483 1484 1485
3 1484 1486 1485
3 1485 1486 1487
3 1486 395 1487
3 1487 395 397
3 457 468 1488
3 1488 468 1489
3 1488 1489 455
3 455 1489 467
3 468 471 1490
3 1490 471 1491
3 1490 1491 469
3 469 1491 470
3 471 1493 1492
3 1492 1493 1494
3 1492 1494 472
3 472 1494 1495
3 1493 474 1494
3 1494 474 1496
3 1494 1496 1495
3 1495 1496 473
3 474 398 1497
3 1497 398 1498
3 1497 1498 475
3 475 1498 400
3 475 477 1499
3 1499 477 1500
3 1499 1500 473
3 473 1500 476
3 477 401 1501
3 1501 401 1502
3 1501 1502 478
3 478 1502 403
3 478 480 1503
3 1503 480 1504
3 1503 1504 476
3 476 1504 479
3 480 483 481
3 481 483 482
3 483 486 1505
3 1505 486 1506
3 1505 1506 484
3 484 1506 485
3 486 489 1507
3 1507 489 1509
3 1507 1509 1508
3 1508 1509 1510
3 1508 1510 487
3 487 1510 488
3 489 492 1511
3 1511 492 1513
3 1511 1513 1512
3 1512 1513 1514
3 1512 1514 490
3 490 1514 491
3 492 1517 1515
3 1515 1517 1518
3 1515 1518 1516
3 1516 1518 1519
3 1516 1519 493
3 493 1519 1520
3 1517 495 1518
3 1518 495 1521
3 1518 1521 1519
3 1519 1521 1522
3 1519 1522 1520
3 1520 1522 494
3 495 498 1523
3 1523 498 1524
3 1523 1524 496
3 496 1524 497
3 498 501 1525
3 1525 501 1526
3 1525 1526 499
3 499 1526 500
3 501 504 502
3 502 504 503
3 504 1528 1527
3 1527 1528 1529
3 1527 1529 505
3 505 1529 1530
3 1528 410 1529
3 1529 410 1531
3 1529 1531 1530
3 1530 1531 412
3 505 413 1532
3 1532 413 1534
3 1532 1534 1533
3 1533 1534 1535
3 1533 1535 503
3 503 1535 415
3 502 507 500
3 500 507 506
3 507 510 508
3 508 510 509
3 510 416 1536
3 1536 416 1537
3 1536 1537 511
3 511 1537 418
3 511 513 1538
3 1538 513 1539
3 1538 1539 509
3 509 1539 512
3 513 419 514
3 514 419 421
3 514 516 1540
3 1540 516 1541
3 1540 1541 512
3 512 1541 515
3 516 1543 1542
3 1542 1543 1544
3 1542 1544 517
3 517 1544 1545
3 1543 425 1544
3 1544 425 1546
3 1544 1546 1545
3 1545 1546 427
3 517 519 1547
3 1547 519 1548
3 1547 1548 515
3 515 1548 518
3 519 522 1549
3 1549 522 1552
3 1549 1552 1550
3 1550 1552 1553
3 1550 1553 1551
3 1551 1553 1554
3 1551 1554 520
3 520 1554 521
3 522 525 1555
3 1555 525 1558
3 1555 1558 1556
3 1556 1558 1559
3 1556 1559 1557
3 1557 1559 1560
3 1557 1560 523
3 523 1560 524
3 525 528 1561
3 1561 528 1564
3 1561 1564 1562
3 1562 1564 1565
3 1562 1565 1563
3 1563 1565 1566
3 1563 1566 526
3 526 1566 527
3 528 431 529
3 529 431 433
3 529 531 1567
3 1567 531 1570
3 1567 1570 1568
3 1568 1570 1571
3 1568 1571 1569
3 1569 1571 1572
3 1569 1572 527
3 527 1572 530
3 531 534 1573
3 1573 534 1575
3 1573 1575 1574
3 1574 1575 1576
3 1574 1576 532
3 532 1576 533
3 534 1577 535
3 535 1577 1578
3 1577 537 1578
3 1578 537 536
3 537 1580 1579
3 1579 1580 1581
3 1579 1581 538
3 538 1581 1582
3 1580 434 1581
3 1581 434 1583
3 1581 1583 1582
3 1582 1583 436
3 538 449 1584
3 1584 449 1586
3 1584 1586 1585
3 1585 1586 1587
3 1585 1587 536
3 536 1587 451
3 535 540 1588
3 1588 540 1590
3 1588 1590 1589
3 1589 1590 1591
3 1589 1591 533
3 533 1591 539
3 540 452 541
3 541 452 454
3 541 543 1592
3 1592 543 1594
3 1592 1594 1593
3 1593 1594 1595
3 1593 1595 539
3 539 1595 542
3 543 467 544
3 544 467 469
3 544 546 1596
3 1596 546 1597
3 1596 1597 542
3 542 1597 545
3 546 470 547
3 547 470 472
3 547 549 1598
3 1598 549 1599
3 1598 1599 545
3 545 1599 548
3 549 479 1600
3 1600 479 1601
3 1600 1601 550
3 550 1601 481
3 550 482 548
3 548 482 484
3 532 552 1602
3 1602 552 1603
3 1602 1603 530
3 530 1603 551
3 552 1605 1604
3 1604 1605 1606
3 1604 1606 553
3 553 1606 1607
3 1605 1608 1606
3 1606 1608 1609
3 1606 1609 1607
3 1607 1609 1610
3 1608 555 1609
3 1609 555 1611
3 1609 1611 1610
3 1610 1611 554
3 555 558 1612
3 1612 558 1613
3 1612 1613 556
3 556 1613 557
3 558 561 1614
3 1614 561 1616
3 1614 1616 1615
3 1615 1616 1617
3 1615 1617 559
3 559 1617 560
3 561 485 1618
3 1618 485 1621
3 1618 1621 1619
3 1619 1621 1622
3 1619 1622 1620
3 1620 1622 1623
3 1620 1623 562
3 562 1623 487
3 562 1624 560
3 560 1624 1625
3 1624 1626 1625
3 1625 1626 1627
3 1626 1628 1627
3 1627 1628 1629
3 1628 564 1629
3 1629 564 563
3 564 1630 565
3 565 1630 1631
3 1630 1632 1631
3 1631 1632 1633
3 1632 567 1633
3 1633 567 566
3 567 570 568
3 568 570 569
3 570 573 1634
3 1634 573 1635
3 1634 1635 571
3 571 1635 572
3 573 488 574
3 574 488 490
3 574 576 1636
3 1636 576 1637
3 1636 1637 572
3 572 1637 575
3 576 491 577
3 577 491 493
3 577 579 1638
3 1638 579 1639
3 1638 1639 575
3 575 1639 578
3 579 582 580
3 580 582 581
3 582 1640 583
3 583 1640 1641
3 1640 1642 1641
3 1641 1642 1643
3 1642 585 1643
3 1643 585 584
3 585 588 1644
3 1644 588 1645
3 1644 1645 586
3 586 1645 587
3 588 1646 589
3 589 1646 1647
3 1646 494 1647
3 1647 494 496
3 589 591 587
3 587 591 590
3 591 594 1648
3 1648 594 1649
3 1648 1649 592
3 592 1649 593
3 594 597 1650
3 1650 597 1652
3 1650 1652 1651
3 1651 1652 1653
3 1651 1653 595
3 595 1653 596
3 597 600 1654
3 1654 600 1656
3 1654 1656 1655
3 1655 1656 1657
3 1655 1657 598
3 598 1657 599
3 600 497 1658
3 1658 497 1659
3 1658 1659 601
3 601 1659 499
3 601 1661 1660
3 1660 1661 1662
3 1660 1662 599
3 599 1662 1663
3 1661 603 1662
3 1662 603 1664
3 1662 1664 1663
3 1663 1664 602
3 603 606 1665
3 1665 606 1666
3 1665 1666 604
3 604 1666 605
3 606 609 607
3 607 609 608
3 609 506 1667
3 1667 506 1668
3 1667 1668 610
3 610 1668 508
3 610 518 1669
3 1669 518 1670
3 1669 1670 608
3 608 1670 520
3 607 612 605
3 605 612 611
3 612 615 1671
3 1671 615 1672
3 1671 1672 613
3 613 1672 614
3 615 521 616
3 616 521 523
3 616 618 1673
3 1673 618 1674
3 1673 1674 614
3 614 1674 617
3 618 1675 619
3 619 1675 1676
3 1675 524 1676
3 1676 524 526
3 619 621 1677
3 1677 621 1678
3 1677 1678 617
3 617 1678 620
3 621 1679 622
3 622 1679 1680
3 1679 624 1680
3 1680 624 623
3 624 627 625
3 625 627 626
3 627 1681 628
3 628 1681 1682
3 1681 1683 1682
3 1682 1683 1684
3 1683 1685 1684
3 1684 1685 1686
3 1685 630 1686
3 1686 630 629
3 630 633 631
3 631 633 632
3 633 557 1687
3 1687 557 1689
3 1687 1689 1688
3 1688 1689 1690
3 1688 1690 634
3 634 1690 559
3 634 636 1691
3 1691 636 1692
3 1691 1692 632
3 632 1692 635
3 636 639 637
3 637 639 638
3 639 642 640
3 640 642 641
3 642 563 643
3 643 563 565
3 643 645 641
3 641 645 644
3 645 1693 646
3 646 1693 1694
3 1693 648 1694
3 1694 648 647
3 648 1695 649
3 649 1695 1696
3 1695 1697 1696
3 1696 1697 1698
3 1697 1699 1698
3 1698 1699 1700
3 1699 566 1700
3 1700 566 568
3 649 651 647
3 647 651 650
3 651 1702 1701
3 1701 1702 1703
3 1701 1703 652
3 652 1703 1704
3 1702 1705 1703
3 1703 1705 1706
3 1703 1706 1704
3 1704 1706 1707
3 1705 1708 1706
3 1706 1708 1709
3 1706 1709 1707
3 1707 1709 1710
3 1708 1711 1709
3 1709 1711 1712
3 1709 1712 1710
3 1710 1712 1713
3 1711 1714 1712
3 1712 1714 1715
3 1712 1715 1713
3 1713 1715 1716
3 1714 654 1715
3 1715 654 1717
3 1715 1717 1716
3 1716 1717 653
3 654 657 655
3 655 657 656
3 657 1718 658
3 658 1718 1719
3 1718 1720 1719
3 1719 1720 1721
3 1720 1722 1721
3 1721 1722 1723
3 1722 581 1723
3 1723 581 583
3 658 1724 656
3 656 1724 1725
3 1724 660 1725
3 1725 660 659
3 660 584 661
3 661 584 586
3 661 1726 659
3 659 1726 1727
3 1726 1728 1727
3 1727 1728 1729
3 1728 1730 1729
3 1729 1730 1731
3 1730 1732 1731
3 1731 1732 1733
3 1732 1734 1733
3 1733 1734 1735
3 1734 1736 1735
3 1735 1736 1737
3 1736 1738 1737
3 1737 1738 1739
3 1738 644 1739
3 1739 644 646
3 655 1741 1740
3 1740 1741 1742
3 1740 1742 653
3 653 1742 1743
3 1741 1744 1742
3 1742 1744 1745
3 1742 1745 1743
3 1743 1745 1746
3 1744 650 1745
3 1745 650 1747
3 1745 1747 1746
3 1746 1747 652
3 640 663 638
3 638 663 662
3 663 666 1748
3 1748 666 1749
3 1748 1749 664
3 664 1749 665
3 666 1750 667
3 667 1750 1751
3 1750 1752 1751
3 1751 1752 1753
3 1752 1754 1753
3 1753 1754 1755
3 1754 1756 1755
3 1755 1756 1757
3 1756 1758 1757
3 1757 1758 1759
3 1758 1760 1759
3 1759 1760 1761
3 1760 669 1761
3 1761 669 668
3 669 1763 1762
3 1762 1763 1764
3 1762 1764 670
3 670 1764 1765
3 1763 672 1764
3 1764 672 1766
3 1764 1766 1765
3 1765 1766 671
3 672 590 1767
3 1767 590 1768
3 1767 1768 673
3 673 1768 592
3 673 1769 671
3 671 1769 1770
3 1769 1771 1770
3 1770 1771 1772
3 1771 675 1772
3 1772 675 674
3 675 678 1773
3 1773 678 1774
3 1773 1774 676
3 676 1774 677
3 678 1775 679
3 679 1775 1776
3 1775 681 1776
3 1776 681 680
3 681 684 682
3 682 684 683
3 684 1778 1777
3 1777 1778 1779
3 1777 1779 685
3 685 1779 1780
3 1778 687 1779
3 1779 687 1781
3 1779 1781 1780
3 1780 1781 686
3 687 1782 688
3 688 1782 1783
3 1782 690 1783
3 1783 690 689
3 690 693 691
3 691 693 692
3 693 593 694
3 694 593 595
3 694 596 692
3 692 596 598
3 691 1784 689
3 689 1784 1785
3 1784 602 1785
3 1785 602 604
3 688 1786 686
3 686 1786 1787
3 1786 1788 1787
3 1787 1788 1789
3 1788 696 1789
3 1789 696 695
3 696 611 697
3 697 611 613
3 697 1790 695
3 695 1790 1791
3 1790 1792 1791
3 1791 1792 1793
3 1792 1794 1793
3 1793 1794 1795
3 1794 699 1795
3 1795 699 698
3 699 1797 1796
3 1796 1797 1798
3 1796 1798 700
3 700 1798 1799
3 1797 702 1798
3 1798 702 1800
3 1798 1800 1799
3 1799 1800 701
3 702 705 703
3 703 705 704
3 705 708 1801
3 1801 708 1802
3 1801 1802 706
3 706 1802 707
3 708 620 709
3 709 620 622
3 709 623 707
3 707 623 625
3 706 711 704
3 704 711 710
3 711 714 1803
3 1803 714 1805
3 1803 1805 1804
3 1804 1805 1806
3 1804 1806 712
3 712 1806 713
3 714 1807 715
3 715 1807 1808
3 1807 1809 1808
3 1808 1809 1810
3 1809 626 1810
3 1810 626 628
3 715 717 1811
3 1811 717 1812
3 1811 1812 713
3 713 1812 716
3 717 720 1813
3 1813 720 1814
3 1813 1814 718
3 718 1814 719
3 720 1815 721
3 721 1815 1816
3 1815 723 1816
3 1816 723 722
3 723 1817 724
3 724 1817 1818
3 1817 629 1818
3 1818 629 631
3 724 1819 722
3 722 1819 1820
3 1819 635 1820
3 1820 635 637
3 721 726 719
3 719 726 725
3 726 1821 727
3 727 1821 1822
3 1821 662 1822
3 1822 662 664
3 727 729 1823
3 1823 729 1824
3 1823 1824 725
3 725 1824 728
3 729 665 1825
3 1825 665 1826
3 1825 1826 730
3 730 1826 667
3 730 1829 1827
3 1827 1829 1830
3 1827 1830 1828
3 1828 1830 1831
3 1828 1831 728
3 728 1831 1832
3 1829 677 1830
3 1830 677 1833
3 1830 1833 1831
3 1831 1833 1834
3 1831 1834 1832
3 1832 1834 679
3 718 1835 716
3 716 1835 1836
3 1835 1837 1836
3 1836 1837 1838
3 1837 1839 1838
3 1838 1839 1840
3 1839 1841 1840
3 1840 1841 1842
3 1841 680 1842
3 1842 680 682
3 712 701 1843
3 1843 701 1844
3 1843 1844 710
3 710 1844 703
3 700 1846 1845
3 1845 1846 1847
3 1845 1847 698
3 698 1847 1848
3 1846 683 1847
3 1847 683 1849
3 1847 1849 1848
3 1848 1849 685
3 676 668 1850
3 1850 668 1851
3 1850 1851 674
3 674 1851 670
3 580 1852 578
3 578 1852 1853
3 1852 1854 1853
3 1853 1854 1855
3 1854 1856 1855
3 1855 1856 1857
3 1856 1858 1857
3 1857 1858 1859
3 1858 1860 1859
3 1859 1860 1861
3 1860 569 1861
3 1861 569 571
3 556 1862 554
3 554 1862 1863
3 1862 1864 1863
3 1863 1864 1865
3 1864 551 1865
3 1865 551 553
3 445 437 1866
3 1866 437 1867
3 1866 1867 443
3 443 1867 439
3 394 732 1868
3 1868 732 1870
3 1868 1870 1869
3 1869 1870 1871
3 1869 1871 392
3 392 1871 731
3 732 735 733
3 733 735 734
3 735 738 1872
3 1872 738 1873
3 1872 1873 736
3 736 1873 737
3 738 305 1874
3 1874 305 1875
3 1874 1875 739
3 739 1875 307
3 739 1877 1876
3 1876 1877 1878
3 1876 1878 737
3 737 1878 1879
3 1877 1880 1878
3 1878 1880 1881
3 1878 1881 1879
3 1879 1881 1882
3 1880 308 1881
3 1881 308 1883
3 1881 1883 1882
3 1882 1883 310
3 736 741 1884
3 1884 741 1885
3 1884 1885 734
3 734 1885 740
3 741 383 1886
3 1886 383 1887
3 1886 1887 742
3 742 1887 385
3 742 731 1888
3 1888 731 1889
3 1888 1889 740
3 740 1889 733
3 382 1891 1890
3 1890 1891 1892
3 1890 1892 380
3 380 1892 1893
3 1891 314 1892
3 1892 314 1894
3 1892 1894 1893
3 1893 1894 316
3 379 744 1895
3 1895 744 1896
3 1895 1896 377
3 377 1896 743
3 744 747 1897
3 1897 747 1900
3 1897 1900 1898
3 1898 1900 1901
3 1898 1901 1899
3 1899 1901 1902
3 1899 1902 745
3 745 1902 746
3 747 1903 748
3 748 1903 1904
3 1903 1905 1904
3 1904 1905 1906
3 1905 317 1906
3 1906 317 319
3 748 750 1907
3 1907 750 1909
3 1907 1909 1908
3 1908 1909 1910
3 1908 1910 746
3 746 1910 749
3 750 753 1911
3 1911 753 1913
3 1911 1913 1912
3 1912 1913 1914
3 1912 1914 751
3 751 1914 752
3 753 323 754
3 754 323 325
3 754 1917 1915
3 1915 1917 1918
3 1915 1918 1916
3 1916 1918 1919
3 1916 1919 752
3 752 1919 1920
3 1917 326 1918
3 1918 326 1921
3 1918 1921 1919
3 1919 1921 1922
3 1919 1922 1920
3 1920 1922 328
3 751 1924 1923
3 1923 1924 1925
3 1923 1925 749
3 749 1925 1926
3 1924 756 1925
3 1925 756 1927
3 1925 1927 1926
3 1926 1927 755
3 756 1928 757
3 757 1928 1929
3 1928 759 1929
3 1929 759 758
3 759 1931 1930
3 1930 1931 1932
3 1930 1932 760
3 760 1932 1933
3 1931 762 1932
3 1932 762 1934
3 1932 1934 1933
3 1933 1934 761
3 762 341 763
3 763 341 343
3 763 344 761
3 761 344 346
3 760 1935 758
3 758 1935 1936
3 1935 765 1936
3 1936 765 764
3 765 1938 1937
3 1937 1938 1939
3 1937 1939 766
3 766 1939 1940
3 1938 768 1939
3 1939 768 1941
3 1939 1941 1940
3 1940 1941 767
3 768 359 769
3 769 359 361
3 769 362 767
3 767 362 364
3 766 1942 764
3 764 1942 1943
3 1942 755 1943
3 1943 755 757
3 745 1945 1944
3 1944 1945 1946
3 1944 1946 743
3 743 1946 1947
3 1945 365 1946
3 1946 365 1948
3 1946 1948 1947
3 1947 1948 367
3 376 368 1949
3 1949 368 1950
3 1949 1950 374
3 374 1950 370
3 358 771 1951
3 1951 771 1952
3 1951 1952 356
3 356 1952 770
3 771 347 1953
3 1953 347 1956
3 1953 1956 1954
3 1954 1956 1957
3 1954 1957 1955
3 1955 1957 1958
3 1955 1958 772
3 772 1958 349
3 772 353 1959
3 1959 353 1960
3 1959 1960 770
3 770 1960 355
3 298 1962 1961
3 1961 1962 1963
3 1961 1963 296
3 296 1963 1964
3 1962 1965 1963
3 1963 1965 1966
3 1963 1966 1964
3 1964 1966 1967
3 1965 293 1966
3 1966 293 1968
3 1966 1968 1967
3 1967 1968 295
3 286 269 284
3 284 269 271
3 202 774 200
3 200 774 773
3 774 1969 775
3 775 1969 1970
3 1969 1971 1970
3 1970 1971 1972
3 1971 1973 1972
3 1972 1973 1974
3 1973 1975 1974
3 1974 1975 1976
3 1975 1977 1976
3 1976 1977 1978
3 1977 1979 1978
3 1978 1979 1980
3 1979 1981 1980
3 1980 1981 1982
3 1981 1983 1982
3 1982 1983 1984
3 1983 1985 1984
3 1984 1985 1986
3 1985 1987 1986
3 1986 1987 1988
3 1987 1989 1988
3 1988 1989 1990
3 1989 188 1990
3 1990 188 190
3 775 1991 773
3 773 1991 1992
3 1991 777 1992
3 1992 777 776
3 777 780 778
3 778 780 779
3 780 1994 1993
3 1993 1994 1995
3 1993 1995 781
3 781 1995 1996
3 1994 783 1995
3 1995 783 1997
3 1995 1997 1996
3 1996 1997 782
3 783 1999 1998
3 1998 1999 2000
3 1998 2000 784
3 784 2000 2001
3 1999 2002 2000
3 2000 2002 2003
3 2000 2003 2001
3 2001 2003 2004
3 2002 2005 2003
3 2003 2005 2006
3 2003 2006 2004
3 2004 2006 2007
3 2005 2008 2006
3 2006 2008 2009
3 2006 2009 2007
3 2007 2009 2010
3 2008 786 2009
3 2009 786 2011
3 2009 2011 2010
3 2010 2011 785
3 786 789 2012
3 2012 789 2013
3 2012 2013 787
3 787 2013 788
3 789 792 790
3 790 792 791
3 792 2014 793
3 793 2014 2015
3 2014 2016 2015
3 2015 2016 2017
3 2016 191 2017
3 2017 191 193
3 793 2018 791
3 791 2018 2019
3 2018 2020 2019
3 2019 2020 2021
3 2020 2022 2021
3 2021 2022 2023
3 2022 795 2023
3 2023 795 794
3 795 2024 796
3 796 2024 2025
3 2024 194 2025
3 2025 194 196
3 796 798 794
3 794 798 797
3 798 2027 2026
3 2026 2027 2028
3 2026 2028 799
3 799 2028 2029
3 2027 2030 2028
3 2028 2030 2031
3 2028 2031 2029
3 2029 2031 2032
3 2030 801 2031
3 2031 801 2033
3 2031 2033 2032
3 2032 2033 800
3 801 804 802
3 802 804 803
3 804 2034 805
3 805 2034 2035
3 2034 197 2035
3 2035 197 199
3 805 2036 803
3 803 2036 2037
3 2036 2038 2037
3 2037 2038 2039
3 2038 2040 2039
3 2039 2040 2041
3 2040 776 2041
3 2041 776 778
3 802 2042 800
3 800 2042 2043
3 2042 2044 2043
3 2043 2044 2045
3 2044 2046 2045
3 2045 2046 2047
3 2046 2048 2047
3 2047 2048 2049
3 2048 2050 2049
3 2049 2050 2051
3 2050 797 2051
3 2051 797 799
3 790 2052 788
3 788 2052 2053
3 2052 2054 2053
3 2053 2054 2055
3 2054 2056 2055
3 2055 2056 2057
3 2056 2058 2057
3 2057 2058 2059
3 2058 2060 2059
3 2059 2060 2061
3 2060 779 2061
3 2061 779 781
3 787 782 2062
3 2062 782 2063
3 2062 2063 785
3 785 2063 784
3 830 0 806
3 830 806 1
3 830 1 2
3 5 3 823
3 823 3 822
3 823 822 4
3 8 6 7
3 11 9 10
3 14 12 13
3 17 15 16
3 20 18 19
3 922 21 22
3 922 22 23
3 926 24 25
3 926 25 26
3 29 27 28
3 32 30 31
3 35 33 34
3 38 36 37
3 41 39 879
3 879 39 40
3 982 42 880
3 982 880 43
3 982 43 44
3 996 45 46
3 996 46 895
3 996 895 47
3 50 48 897
3 897 48 896
3 897 896 49
3 1030 51 898
3 1030 898 53
3 53 898 52
3 56 54 55
3 59 57 58
3 1039 60 909
3 1039 909 910
3 1039 910 1040
3 1040 910 911
3 1040 911 62
3 909 60 61
3 65 63 914
3 65 914 917
3 917 914 913
3 917 913 916
3 916 913 912
3 916 912 915
3 915 912 64
3 1073 66 920
3 1073 920 919
3 1073 919 1074
3 1074 919 918
3 1074 918 1075
3 1075 918 67
3 1075 67 68
3 923 69 70
3 923 70 921
3 923 921 71
3 74 72 924
3 74 924 925
3 925 924 73
3 1084 75 927
3 1084 927 928
3 1084 928 1085
3 1085 928 77
3 927 75 76
3 1091 78 931
3 1091 931 80
3 931 78 82
3 82 78 2064
3 2064 78 930
3 2064 930 81
3 81 930 929
3 81 929 933
3 933 929 79
3 1126 83 932
3 1126 932 85
3 85 932 82
3 85 82 2064
3 85 2064 936
3 936 2064 81
3 936 81 935
3 935 81 934
3 935 934 84
3 88 86 941
3 941 86 938
3 941 938 940
3 940 938 937
3 940 937 939
3 939 937 87
3 91 89 952
3 952 89 949
3 952 949 951
3 951 949 948
3 951 948 950
3 950 948 947
3 950 947 90
3 958 92 955
3 958 955 957
3 957 955 954
3 957 954 956
3 956 954 953
3 956 953 94
3 94 953 93
3 97 95 961
3 97 961 963
3 963 961 960
3 963 960 962
3 962 960 959
3 962 959 96
3 1133 98 965
3 1133 965 2065
3 1133 2065 1134
3 1134 2065 966
3 1134 966 100
3 966 2065 964
3 966 964 99
3 964 2065 965
3 103 101 967
3 103 967 102
3 106 104 105
3 1150 107 2066
3 1150 2066 970
3 1150 970 109
3 970 2066 108
3 108 2066 107
3 973 110 971
3 973 971 972
3 972 971 111
3 972 111 112
3 115 113 975
3 115 975 976
3 976 975 974
3 976 974 114
3 984 116 977
3 984 977 117
3 984 117 983
3 983 117 978
3 983 978 118
3 121 119 986
3 121 986 988
3 988 986 985
3 988 985 987
3 987 985 120
3 124 122 994
3 124 994 995
3 995 994 993
3 995 993 123
3 1175 125 1001
3 1175 1001 1002
3 1175 1002 1176
3 1176 1002 127
3 1001 125 126
3 1182 128 2067
3 1182 2067 1007
3 1182 1007 130
3 1007 2067 1006
3 1006 2067 2068
3 1006 2068 1005
3 1005 2068 1003
3 1005 1003 129
3 1003 2068 1004
3 1004 2068 128
3 128 2068 2067
3 133 131 1014
3 1014 131 1010
3 1014 1010 1013
3 1013 1010 1009
3 1013 1009 1012
3 1012 1009 1008
3 1012 1008 1011
3 1011 1008 132
3 1194 134 1018
3 1194 1018 1017
3 1194 1017 1195
3 1195 1017 1016
3 1195 1016 1196
3 1196 1016 1015
3 1196 1015 136
3 136 1015 135
3 1031 137 138
3 1031 138 1023
3 1031 1023 139
3 1029 140 1024
3 1029 1024 141
3 1029 141 142
3 145 143 1034
3 1034 143 1032
3 1034 1032 1033
3 1033 1032 144
3 2070 2069 2071
3 1043 146 1036
3 1043 1036 2069
3 1043 2069 1042
3 1042 2069 2070
3 1042 2070 1041
3 1041 2070 1038
3 1041 1038 148
3 1038 2070 1037
3 1037 2070 2071
3 1037 2071 147
3 147 2071 1035
3 1035 2071 1036
3 1036 2071 2069
3 1213 149 1046
3 1213 1046 1045
3 1213 1045 1214
3 1214 1045 1044
3 1214 1044 151
3 151 1044 150
3 1217 152 1047
3 1217 1047 1048
3 1217 1048 1218
3 1218 1048 1049
3 1218 1049 154
3 1047 152 153
3 157 155 1052
3 157 1052 1055
3 1055 1052 1051
3 1055 1051 1054
3 1054 1051 1050
3 1054 1050 1053
3 1053 1050 156
3 1254 158 1063
3 1254 1063 1062
3 1254 1062 1255
3 1255 1062 1061
3 1255 1061 160
3 160 1061 159
3 1259 161 162
3 1259 162 1064
3 1259 1064 163
3 166 164 1065
3 166 1065 165
3 169 167 168
3 1078 170 171
3 1078 171 1070
3 1078 1070 1077
3 1077 1070 1071
3 1077 1071 1076
3 1076 1071 1072
3 1076 1072 172
3 1086 173 1081
3 1086 1081 2072
3 1086 2072 175
3 175 2072 1083
3 1083 2072 2073
3 1083 2073 1082
3 1082 2073 1079
3 1082 1079 174
3 1079 2073 1080
3 1080 2073 2072
3 1080 2072 1081
3 1289 176 1087
3 1289 1087 1088
3 1289 1088 178
3 1088 1087 177
3 181 179 1089
3 181 1089 1090
3 1090 1089 180
3 1291 182 183
3 1291 183 1104
3 1291 1104 184
3 1294 185 1108
3 1294 1108 1295
3 1295 1108 186
3 1295 186 187
3 190 188 1109
3 1109 188 189
3 193 191 1110
3 193 1110 192
3 196 194 195
3 199 197 198
3 202 200 201
3 205 203 204
3 208 206 1125
3 1125 206 207
3 1127 209 210
3 1127 210 211
3 1326 212 1128
3 1326 1128 213
3 1326 213 1327
3 1327 213 214
3 217 215 216
3 1137 218 219
3 1137 219 1131
3 1137 1131 1136
3 1136 1131 1132
3 1136 1132 1135
3 1135 1132 220
3 1143 221 1140
3 1143 1140 1142
3 1142 1140 1139
3 1142 1139 1141
3 1141 1139 1138
3 1141 1138 223
3 223 1138 222
3 1351 224 1146
3 1351 1146 1145
3 1351 1145 1352
3 1352 1145 1144
3 1352 1144 226
3 226 1144 225
3 229 227 228
3 1151 230 1149
3 1151 1149 232
3 1149 230 231
3 1370 233 1152
3 1370 1152 1153
3 1370 1153 235
3 1153 1152 234
3 238 236 1154
3 238 1154 237
3 1394 239 1158
3 1394 1158 241
3 1158 239 1157
3 1157 239 240
3 244 242 1160
3 244 1160 1161
3 1161 1160 1159
3 1161 1159 243
3 1170 245 1162
3 1170 1162 1169
3 1169 1162 246
3 1169 246 247
3 250 248 249
3 253 251 252
3 256 254 1181
3 1181 254 255
3 259 257 258
3 1411 260 261
3 1411 261 1185
3 1411 1185 262
3 1433 263 1186
3 1433 1186 264
3 1433 264 265
3 1440 266 267
3 1440 267 268
3 271 269 270
3 1198 272 1192
3 1198 1192 1193
3 1198 1193 1197
3 1197 1193 274
3 1192 272 1191
3 1191 272 273
3 1202 275 1200
3 1202 1200 1199
3 1202 1199 1201
3 1201 1199 276
3 1201 276 277
3 280 278 2074
3 280 2074 1207
3 1207 2074 1206
3 1206 2074 1204
3 1206 1204 1203
3 1206 1203 1205
3 1205 1203 279
3 1204 2074 278
3 2076 2075 2077
3 2076 2077 2078
3 2078 2077 2079
3 1216 281 2075
3 1216 2075 2076
3 1216 2076 1215
3 1215 2076 2078
3 1215 2078 283
3 283 2078 1212
3 1212 2078 2079
3 1212 2079 1211
3 1211 2079 1208
3 1211 1208 282
3 1208 2079 2077
3 1208 2077 1209
3 1209 2077 2075
3 1209 2075 1210
3 1210 2075 281
3 286 284 285
3 289 287 288
3 292 290 291
3 1968 293 294
3 1968 294 1223
3 1968 1223 295
3 1961 296 1239
3 1961 1239 297
3 1961 297 298
3 301 299 300
3 304 302 303
3 1875 305 306
3 1875 306 307
3 1883 308 1250
3 1883 1250 310
3 1250 308 309
3 313 311 1253
3 1253 311 1251
3 1253 1251 1252
3 1252 1251 312
3 1894 314 315
3 1894 315 316
3 319 317 1256
3 1256 317 318
3 322 320 1258
3 1258 320 1257
3 1258 1257 321
3 325 323 324
3 1921 326 1265
3 1921 1265 1266
3 1921 1266 1922
3 1922 1266 328
3 1265 326 1264
3 1264 326 327
3 2082 2081 2083
3 1298 329 1269
3 1298 1269 2080
3 1298 2080 1297
3 1297 2080 2081
3 1297 2081 2082
3 1297 2082 1296
3 1296 2082 331
3 331 2082 1270
3 1270 2082 2083
3 1270 2083 330
3 330 2083 1267
3 1267 2083 2081
3 1267 2081 1268
3 1268 2081 2080
3 1268 2080 1269
3 1293 332 1271
3 1293 1271 1292
3 1292 1271 333
3 1292 333 334
3 1290 335 336
3 1290 336 1278
3 1290 1278 337
3 1282 338 1279
3 1282 1279 339
3 1282 339 340
3 343 341 1306
3 343 1306 1309
3 1309 1306 1305
3 1309 1305 1308
3 1308 1305 1304
3 1308 1304 1307
3 1307 1304 342
3 346 344 1315
3 1315 344 1312
3 1315 1312 1314
3 1314 1312 1311
3 1314 1311 1313
3 1313 1311 1310
3 1313 1310 345
3 1956 347 1323
3 1956 1323 1957
3 1957 1323 1322
3 1957 1322 1958
3 1958 1322 1321
3 1958 1321 349
3 349 1321 348
3 1329 350 1324
3 1329 1324 1325
3 1329 1325 1328
3 1328 1325 352
3 1324 350 351
3 1960 353 1331
3 1960 1331 1330
3 1960 1330 355
3 355 1330 354
3 1951 356 1332
3 1951 1332 1333
3 1951 1333 358
3 1332 356 357
3 361 359 1339
3 361 1339 1340
3 1340 1339 1338
3 1340 1338 360
3 364 362 1342
3 1342 362 1341
3 1342 1341 363
3 1948 365 1346
3 1948 1346 367
3 367 1346 366
3 1950 368 1347
3 1950 1347 370
3 1347 368 369
3 373 371 1350
3 1350 371 1348
3 1350 1348 1349
3 1349 1348 372
3 1949 374 1353
3 1949 1353 1354
3 1949 1354 376
3 1353 374 375
3 1895 377 1356
3 1895 1356 2084
3 1895 2084 1357
3 1895 1357 379
3 1357 2084 1355
3 1357 1355 378
3 1355 2084 1356
3 1890 380 2085
3 1890 2085 382
3 382 2085 1359
3 1359 2085 1358
3 1359 1358 381
3 1358 2085 380
3 1887 383 1360
3 1887 1360 385
3 385 1360 384
3 1372 386 387
3 1372 387 1361
3 1372 1361 1371
3 1371 1361 1362
3 1371 1362 388
3 1369 389 1368
3 1369 1368 1367
3 1369 1367 391
3 391 1367 390
3 2087 2086 2088
3 1869 392 2088
3 1869 2088 2086
3 1869 2086 1868
3 1868 2086 1376
3 1868 1376 394
3 1376 2086 1375
3 1375 2086 2087
3 1375 2087 1373
3 1375 1373 393
3 1373 2087 1374
3 1374 2087 2088
3 1374 2088 392
3 397 395 1378
3 397 1378 1380
3 1380 1378 1377
3 1380 1377 1379
3 1379 1377 396
3 1498 398 1382
3 1498 1382 2089
3 1498 2089 400
3 400 2089 1383
3 1383 2089 1381
3 1383 1381 399
3 1381 2089 1382
3 1502 401 1386
3 1502 1386 1387
3 1502 1387 403
3 1386 401 1385
3 1385 401 1384
3 1385 1384 402
3 1395 404 1390
3 1395 1390 1389
3 1395 1389 406
3 406 1389 1391
3 1391 1389 1388
3 1391 1388 405
3 1393 407 1392
3 1393 1392 409
3 409 1392 408
3 1531 410 1399
3 1531 1399 411
3 1531 411 412
3 1534 413 414
3 1534 414 1404
3 1534 1404 1535
3 1535 1404 415
3 1537 416 1405
3 1537 1405 418
3 418 1405 417
3 421 419 420
3 424 422 423
3 1546 425 426
3 1546 426 1408
3 1546 1408 427
3 430 428 1410
3 1410 428 1409
3 1410 1409 429
3 433 431 432
3 1583 434 1426
3 1583 1426 1427
3 1583 1427 436
3 1426 434 435
3 1867 437 1429
3 1867 1429 439
3 439 1429 1428
3 439 1428 1430
3 1430 1428 438
3 442 440 1432
3 1432 440 1431
3 1432 1431 441
3 1866 443 1434
3 1866 1434 445
3 1434 443 444
3 448 446 1438
3 448 1438 1439
3 1439 1438 447
3 1586 449 450
3 1586 450 1455
3 1586 1455 1587
3 1587 1455 451
3 454 452 1459
3 454 1459 1460
3 1460 1459 453
3 1488 455 1461
3 1488 1461 456
3 1488 456 457
3 460 458 459
3 463 461 462
3 466 464 465
3 469 467 1490
3 1490 467 1489
3 1490 1489 468
3 472 470 1491
3 472 1491 1492
3 1492 1491 471
3 1499 473 1496
3 1499 1496 1497
3 1499 1497 475
3 1497 1496 474
3 1503 476 1500
3 1503 1500 1501
3 1503 1501 478
3 1501 1500 477
3 1601 479 1504
3 1601 1504 481
3 481 1504 480
3 484 482 1505
3 1505 482 483
3 1621 485 1506
3 1621 1506 1622
3 1622 1506 486
3 1622 486 1507
3 1622 1507 1623
3 1623 1507 1508
3 1623 1508 487
3 490 488 1512
3 1512 488 1510
3 1512 1510 1511
3 1511 1510 1509
3 1511 1509 489
3 493 491 1514
3 493 1514 1516
3 1516 1514 1513
3 1516 1513 1515
3 1515 1513 492
3 496 494 1522
3 496 1522 1523
3 1523 1522 1521
3 1523 1521 495
3 1659 497 1524
3 1659 1524 2090
3 1659 2090 499
3 499 2090 1525
3 1525 2090 498
3 498 2090 1524
3 502 500 1526
3 502 1526 501
3 1533 503 504
3 1533 504 1527
3 1533 1527 1532
3 1532 1527 505
3 1668 506 507
3 1668 507 508
3 1538 509 1536
3 1538 1536 511
3 1536 509 510
3 1540 512 1539
3 1540 1539 513
3 1540 513 514
3 1547 515 1541
3 1547 1541 1542
3 1547 1542 517
3 1542 1541 516
3 1670 518 1550
3 1670 1550 1551
3 1670 1551 520
3 1550 518 1549
3 1549 518 1548
3 1549 1548 519
3 523 521 1557
3 1557 521 1554
3 1557 1554 1556
3 1556 1554 1553
3 1556 1553 1555
3 1555 1553 1552
3 1555 1552 522
3 526 524 1560
3 526 1560 1563
3 1563 1560 1559
3 1563 1559 1562
3 1562 1559 1558
3 1562 1558 1561
3 1561 1558 525
3 1569 527 1566
3 1569 1566 1565
3 1569 1565 1568
3 1568 1565 1564
3 1568 1564 1567
3 1567 1564 528
3 1567 528 529
3 1602 530 1572
3 1602 1572 2091
3 1602 2091 532
3 532 2091 1574
3 1574 2091 1573
3 1573 2091 1570
3 1573 1570 531
3 1570 2091 1571
3 1571 2091 1572
3 1589 533 1576
3 1589 1576 1575
3 1589 1575 1588
3 1588 1575 534
3 1588 534 535
3 1585 536 537
3 1585 537 1579
3 1585 1579 1584
3 1584 1579 538
3 1593 539 1591
3 1593 1591 1592
3 1592 1591 1590
3 1592 1590 541
3 541 1590 540
3 1596 542 1595
3 1596 1595 1594
3 1596 1594 544
3 544 1594 543
3 1598 545 1597
3 1598 1597 547
3 547 1597 546
3 550 548 1599
3 550 1599 1600
3 1600 1599 549
3 553 551 1603
3 553 1603 1604
3 1604 1603 552
3 556 554 1612
3 1612 554 1611
3 1612 1611 555
3 1689 557 2092
3 1689 2092 1690
3 1690 2092 1615
3 1690 1615 559
3 1615 2092 1614
3 1614 2092 2093
3 1614 2093 558
3 558 2093 1613
3 1613 2093 2092
3 1613 2092 557
3 562 560 1620
3 1620 560 1617
3 1620 1617 1619
3 1619 1617 1616
3 1619 1616 1618
3 1618 1616 561
3 565 563 564
3 568 566 567
3 571 569 1634
3 1634 569 570
3 1636 572 1635
3 1636 1635 573
3 1636 573 574
3 1638 575 1637
3 1638 1637 577
3 577 1637 576
3 580 578 1639
3 580 1639 579
3 583 581 582
3 586 584 1644
3 1644 584 585
3 589 587 1645
3 589 1645 588
3 1768 590 1648
3 1768 1648 592
3 1648 590 591
3 595 593 1651
3 1651 593 1649
3 1651 1649 1650
3 1650 1649 594
3 598 596 1655
3 1655 596 1653
3 1655 1653 1654
3 1654 1653 1652
3 1654 1652 597
3 1660 599 1657
3 1660 1657 2094
3 1660 2094 601
3 601 2094 1658
3 1658 2094 1656
3 1658 1656 600
3 1656 2094 1657
3 604 602 1664
3 604 1664 1665
3 1665 1664 603
3 607 605 1666
3 607 1666 606
3 1669 608 609
3 1669 609 1667
3 1669 1667 610
3 613 611 1671
3 1671 611 612
3 1673 614 1672
3 1673 1672 615
3 1673 615 616
3 1677 617 1674
3 1677 1674 619
3 619 1674 618
3 622 620 1678
3 622 1678 621
3 625 623 624
3 628 626 627
3 631 629 630
3 1691 632 1687
3 1691 1687 1688
3 1691 1688 634
3 1687 632 633
3 637 635 1692
3 637 1692 636
3 640 638 639
3 643 641 642
3 646 644 645
3 649 647 648
3 1747 650 651
3 1747 651 1701
3 1747 1701 652
3 1740 653 1717
3 1740 1717 654
3 1740 654 655
3 658 656 657
3 661 659 660
3 664 662 1748
3 1748 662 663
3 1826 665 1749
3 1826 1749 666
3 1826 666 667
3 1851 668 669
3 1851 669 1762
3 1851 1762 670
3 673 671 1766
3 673 1766 1767
3 1767 1766 672
3 1850 674 675
3 1850 675 1773
3 1850 1773 676
3 1833 677 1774
3 1833 1774 1834
3 1834 1774 678
3 1834 678 679
3 682 680 681
3 1849 683 684
3 1849 684 1777
3 1849 1777 685
3 688 686 1781
3 688 1781 687
3 691 689 690
3 694 692 693
3 697 695 696
3 1845 698 699
3 1845 699 1796
3 1845 1796 700
3 1844 701 1800
3 1844 1800 2095
3 1844 2095 703
3 703 2095 702
3 702 2095 1800
3 706 704 1801
3 1801 704 705
3 709 707 1802
3 709 1802 708
3 1843 710 1803
3 1843 1803 1804
3 1843 1804 712
3 1803 710 711
3 1811 713 1806
3 1811 1806 1805
3 1811 1805 715
3 715 1805 714
3 718 716 1812
3 718 1812 1813
3 1813 1812 717
3 721 719 1814
3 721 1814 720
3 724 722 723
3 1823 725 726
3 1823 726 727
3 1828 728 1824
3 1828 1824 1825
3 1828 1825 1827
3 1827 1825 730
3 1825 1824 729
3 1889 731 1871
3 1889 1871 1870
3 1889 1870 733
3 733 1870 732
3 1884 734 1872
3 1884 1872 736
3 1872 734 735
3 1876 737 2096
3 1876 2096 739
3 739 2096 1874
3 1874 2096 1873
3 1874 1873 738
3 1873 2096 737
3 1888 740 1885
3 1888 1885 1886
3 1888 1886 742
3 1886 1885 741
3 1944 743 1899
3 1944 1899 745
3 1899 743 1898
3 1898 743 1896
3 1898 1896 1897
3 1897 1896 744
3 1908 746 1902
3 1908 1902 1901
3 1908 1901 1907
3 1907 1901 1900
3 1907 1900 748
3 748 1900 747
3 1923 749 1910
3 1923 1910 2097
3 1923 2097 751
3 751 2097 1912
3 1912 2097 1909
3 1912 1909 1911
3 1911 1909 750
3 1909 2097 1910
3 1916 752 1914
3 1916 1914 1915
3 1915 1914 1913
3 1915 1913 754
3 754 1913 753
3 757 755 1927
3 757 1927 756
3 760 758 1930
3 1930 758 759
3 763 761 1934
3 763 1934 762
3 766 764 1937
3 1937 764 765
3 769 767 1941
3 769 1941 768
3 1959 770 1954
3 1959 1954 1955
3 1959 1955 772
3 1954 770 1953
3 1953 770 1952
3 1953 1952 771
3 775 773 774
3 778 776 777
3 781 779 1993
3 1993 779 780
3 2063 782 1997
3 2063 1997 783
3 2063 783 1998
3 2063 1998 784
3 2062 785 2011
3 2062 2011 786
3 2062 786 2012
3 2062 2012 787
3 790 788 2013
3 790 2013 789
3 793 791 792
3 796 794 795
3 799 797 2026
3 2026 797 798
3 802 800 2033
3 802 2033 801
3 805 803 804
3 2099 2098 2100
3 2099 2100 2101
3 2101 2100 2102
3 2101 2102 810
3 2101 810 807
3 2101 807 0
3 2101 0 827
3 2101 827 2099
3 2099 827 824
3 2099 824 2098
3 2098 824 4
3 2098 4 819
3 2098 819 816
3 2098 816 2100
3 2100 816 813
3 2100 813 2102
3 2102 813 810
3 2103 2104 2105
3 2106 2107 2108
3 2106 2108 855
3 2106 855 19
3 2106 19 853
3 2106 853 851
3 2106 851 2107
3 2107 851 849
3 2107 849 809
3 2107 809 812
3 2107 812 2109
3 2107 2109 2108
3 2108 2109 857
3 2108 857 855
3 857 2109 859
3 859 2109 815
3 859 815 861
3 861 815 818
3 861 818 2104
3 861 2104 863
3 863 2104 2103
3 863 2103 25
3 25 2103 28
3 28 2103 865
3 865 2103 2105
3 865 2105 867
3 867 2105 869
3 869 2105 821
3 869 821 6
3 6 821 3
3 821 2105 818
3 818 2105 2104
3 815 2109 812
3 809 849 17
3 809 17 1
3 19 855 22
3 2 16 2114
3 2 2114 829
3 829 2114 2113
3 829 2113 2112
3 829 2112 826
3 826 2112 2111
3 826 2111 5
3 5 2111 2110
3 5 2110 7
3 7 2110 831
3 831 2110 833
3 831 833 10
3 833 2110 835
3 835 2110 837
3 837 2110 2111
3 837 2111 2112
3 837 2112 839
3 839 2112 2113
3 839 2113 841
3 841 2113 843
3 843 2113 2114
3 843 2114 845
3 845 2114 847
3 845 847 13
3 847 2114 16
3 9 34 2116
3 9 2116 832
3 832 2116 868
3 832 868 870
3 832 870 8
3 868 2116 2115
3 868 2115 866
3 866 2115 871
3 866 871 29
3 871 2115 873
3 873 2115 2116
3 873 2116 31
3 31 2116 34
3 2118 2117 2119
3 2118 2119 2120
3 2118 2120 881
3 2118 881 877
3 2118 877 875
3 2118 875 2117
3 2117 875 37
3 2117 37 35
3 2117 35 11
3 2117 11 2119
3 2119 11 834
3 2119 834 2120
3 2120 834 836
3 2120 836 883
3 2120 883 881
3 883 836 885
3 885 836 838
3 885 838 887
3 887 838 840
3 887 840 889
3 889 840 842
3 889 842 891
3 891 842 844
3 891 844 2122
3 891 2122 893
3 893 2122 2121
3 893 2121 49
3 893 49 46
3 49 2121 12
3 49 12 52
3 52 12 55
3 12 2121 846
3 846 2121 2122
3 846 2122 844
3 877 881 40
3 40 881 43
3 58 56 899
3 854 18 901
3 854 901 852
3 852 901 899
3 852 899 2123
3 852 2123 850
3 850 2123 848
3 850 848 15
3 848 2123 14
3 14 2123 899
3 14 899 56
3 2126 2125 2127
3 2126 2127 2128
3 2126 2128 67
3 2126 67 64
3 2126 64 61
3 2126 61 907
3 2126 907 2125
3 2125 907 905
3 2125 905 2124
3 2125 2124 902
3 2125 902 2127
3 2127 902 20
3 2127 20 21
3 2127 21 2128
3 2128 21 70
3 2128 70 67
3 902 2124 900
3 900 2124 903
3 900 903 59
3 903 2124 905
3 24 73 2129
3 24 2129 864
3 864 2129 2132
3 864 2132 862
3 862 2132 860
3 860 2132 2131
3 860 2131 858
3 858 2131 2130
3 858 2130 856
3 856 2130 23
3 23 2130 71
3 71 2130 2131
3 71 2131 73
3 73 2131 2132
3 73 2132 2129
3 874 30 93
3 874 93 90
3 874 90 872
3 872 90 942
3 872 942 27
3 27 942 26
3 26 942 87
3 26 87 84
3 26 84 74
3 74 84 79
3 74 79 76
3 33 36 32
3 32 36 96
3 32 96 94
3 96 36 102
3 96 102 99
3 39 111 105
3 39 105 878
3 878 105 968
3 878 968 876
3 876 968 103
3 876 103 38
3 105 111 108
3 979 117 114
3 979 114 112
3 979 112 42
3 42 112 41
3 2134 2133 2137
3 2134 2137 2138
3 2135 2134 2138
3 2135 2138 2139
3 2136 2135 2139
3 2136 2139 2140
3 2138 2137 2141
3 2138 2141 2142
3 2139 2138 2142
3 2139 2142 892
3 2139 892 2140
3 2140 892 894
3 2140 894 45
3 2140 45 123
3 2140 123 989
3 2140 989 2136
3 2136 989 120
3 2136 120 2135
3 2135 120 118
3 2135 118 981
3 2135 981 2134
3 2134 981 2133
3 2133 981 44
3 2133 44 882
3 2133 882 884
3 2133 884 2137
3 2137 884 886
3 2137 886 2141
3 2141 886 888
3 2141 888 890
3 2141 890 2142
3 2142 890 892
3 1025 141 1021
3 1025 1021 1019
3 1025 1019 135
3 1025 135 132
3 1025 132 2143
3 1025 2143 1027
3 1027 2143 999
3 1027 999 997
3 1027 997 48
3 48 997 47
3 47 997 124
3 999 2143 126
3 126 2143 129
3 129 2143 132
3 1021 141 138
3 51 142 2144
3 51 2144 50
3 50 2144 1028
3 1028 2144 1026
3 1026 2144 142
3 54 57 53
3 908 60 147
3 908 147 144
3 908 144 906
3 906 144 139
3 906 139 140
3 906 140 904
3 904 140 53
3 904 53 57
3 2145 2147 2148
3 2145 2148 1066
3 2145 1066 159
3 2145 159 1056
3 2145 1056 156
3 2145 156 2147
3 2147 156 2146
3 2147 2146 62
3 2147 62 168
3 2147 168 2148
3 2148 168 1068
3 2148 1068 1066
3 168 62 63
3 62 2146 148
3 148 2146 150
3 150 2146 153
3 153 2146 156
3 159 1066 165
3 159 165 162
3 66 171 169
3 66 169 65
3 69 72 2149
3 69 2149 68
3 68 2149 172
3 172 2149 174
3 174 2149 72
3 174 72 75
3 78 180 77
3 77 180 175
3 175 180 177
3 83 207 2153
3 83 2153 80
3 80 2153 1092
3 80 1092 181
3 1092 2153 2154
3 1092 2154 1094
3 1094 2154 1121
3 1094 1121 1119
3 1094 1119 1096
3 1096 1119 1117
3 1096 1117 1098
3 1098 1117 1115
3 1098 1115 1100
3 1100 1115 1113
3 1100 1113 1102
3 1102 1113 2151
3 1102 2151 183
3 183 2151 1105
3 1105 2151 2150
3 1105 2150 186
3 186 2150 189
3 189 2150 192
3 192 2150 195
3 195 2150 2151
3 195 2151 1111
3 1111 2151 1113
3 1121 2154 1123
3 1123 2154 2153
3 1123 2153 198
3 198 2153 2152
3 198 2152 201
3 201 2152 204
3 204 2152 207
3 207 2152 2153
3 86 208 85
3 89 210 946
3 946 210 205
3 946 205 88
3 88 205 206
3 92 95 216
3 92 216 211
3 92 211 91
3 211 216 213
3 98 219 1129
3 98 1129 97
3 97 1129 217
3 969 104 222
3 969 222 220
3 969 220 101
3 101 220 100
3 107 231 2156
3 107 2156 106
3 106 2156 223
3 223 2156 225
3 225 2156 2155
3 225 2155 1147
3 1147 2155 228
3 228 2155 231
3 231 2155 2156
3 2157 2159 2160
3 2158 2157 2160
3 2158 2160 2161
3 2158 2161 240
3 2158 240 1155
3 2158 1155 237
3 2158 237 2157
3 2157 237 234
3 2157 234 232
3 2157 232 2159
3 2159 232 109
3 2159 109 110
3 2159 110 113
3 2159 113 1165
3 2159 1165 2160
3 2160 1165 1163
3 2160 1163 2161
3 2161 1163 249
3 2161 249 243
3 2161 243 240
3 243 249 246
3 116 119 1166
3 116 1166 115
3 1166 119 1167
3 1166 1167 1164
3 1164 1167 250
3 2163 2162 2165
3 2163 2165 2166
3 2164 2163 2166
3 2164 2166 1000
3 2164 1000 1171
3 2164 1171 247
3 2164 247 2163
3 2163 247 248
3 2163 248 1168
3 2163 1168 2162
3 2162 1168 121
3 2162 121 992
3 2162 992 2165
3 2165 992 122
3 2165 122 2166
3 2166 122 998
3 2166 998 1000
3 1171 1000 125
3 128 255 127
3 127 255 1174
3 1174 255 252
3 1174 252 1179
3 1174 1179 245
3 245 1179 1177
3 245 1177 244
3 1183 258 256
3 1183 256 130
3 1183 130 131
3 134 273 1189
3 134 1189 2168
3 134 2168 133
3 133 2168 1184
3 1184 2168 2167
3 1184 2167 259
3 259 2167 261
3 261 2167 264
3 264 2167 1187
3 1187 2167 2168
3 1187 2168 267
3 267 2168 1189
3 1189 273 270
3 137 143 1022
3 1022 143 276
3 1022 276 274
3 1022 274 1020
3 1020 274 136
3 146 149 145
3 145 149 279
3 145 279 277
3 279 149 282
3 152 283 151
3 1221 291 1219
3 1221 1219 155
3 155 1219 288
3 155 288 154
3 154 288 281
3 281 288 280
3 280 288 285
3 158 312 1227
3 158 1227 1060
3 1060 1227 1224
3 1060 1224 1222
3 1060 1222 157
3 1222 1224 292
3 292 1224 294
3 1227 312 309
3 1227 309 1230
3 1230 309 1248
3 1230 1248 2172
3 1230 2172 1233
3 1233 2172 2171
3 1233 2171 1236
3 1236 2171 2170
3 1236 2170 1240
3 1236 1240 300
3 1236 300 297
3 1240 2170 1242
3 1242 2170 1244
3 1244 2170 2169
3 1244 2169 303
3 303 2169 306
3 306 2169 1246
3 1246 2169 2171
3 1246 2171 2172
3 1246 2172 1248
3 2171 2169 2170
3 161 321 313
3 161 313 160
3 313 321 318
3 313 318 315
3 1280 339 1276
3 1280 1276 2173
3 1280 2173 164
3 164 2173 163
3 163 2173 322
3 322 2173 1260
3 1260 2173 1276
3 1260 1276 1274
3 1260 1274 1262
3 1262 1274 1272
3 1262 1272 324
3 324 1272 327
3 327 1272 330
3 330 1272 333
3 1276 339 336
3 167 170 1286
3 167 1286 2175
3 167 2175 1069
3 1069 2175 2174
3 1069 2174 1067
3 1067 2174 1281
3 1067 1281 166
3 1281 2174 340
3 340 2174 1283
3 1283 2174 2175
3 1283 2175 1286
3 1286 170 176
3 176 170 173
3 2177 2180 2181
3 2178 2177 2181
3 2180 2179 2182
3 2180 2182 2183
3 2181 2180 2183
3 2181 2183 1097
3 2181 1097 1099
3 2181 1099 2178
3 2178 1099 1101
3 2178 1101 1103
3 2178 1103 2176
3 2178 2176 2177
3 2177 2176 338
3 2177 338 1285
3 2177 1285 2180
3 2180 1285 1288
3 2180 1288 2179
3 2179 1288 178
3 2179 178 179
3 2179 179 1093
3 2179 1093 2182
3 2182 1093 1095
3 2182 1095 2183
3 2183 1095 1097
3 338 2176 337
3 337 2176 182
3 182 2176 1103
3 185 334 2185
3 185 2185 1107
3 1107 2185 2184
3 1107 2184 1277
3 1107 1277 184
3 184 1277 335
3 1277 2184 1275
3 1275 2184 1273
3 1273 2184 2185
3 1273 2185 334
3 1969 774 203
3 1969 203 209
3 1969 209 2188
3 1969 2188 1971
3 1971 2188 1973
3 1973 2188 2187
3 1973 2187 1975
3 1975 2187 351
3 1975 351 1977
3 1977 351 348
3 1977 348 1979
3 1979 348 1981
3 1981 348 1316
3 1981 1316 1983
3 1983 1316 345
3 1983 345 1985
3 1985 345 342
3 1985 342 1299
3 1985 1299 1987
3 1987 1299 1989
3 1989 1299 2186
3 1989 2186 188
3 188 2186 187
3 187 2186 332
3 332 2186 331
3 331 2186 1299
3 351 2187 212
3 212 2187 2188
3 212 2188 209
3 203 774 202
3 2189 2192 2193
3 2190 2189 2193
3 2190 2193 2194
3 2191 2190 2194
3 2195 2196 2197
3 2196 2198 2199
3 2197 2196 2199
3 2197 2199 2200
3 2199 2198 2201
3 2200 2199 2201
3 2200 2201 2202
3 2200 2202 1972
3 2200 1972 1974
3 2200 1974 2197
3 2197 1974 1976
3 2197 1976 2195
3 2195 1976 1978
3 2195 1978 2002
3 2195 2002 1999
3 2195 1999 2196
3 2196 1999 2198
3 2198 1999 1994
3 2198 1994 780
3 2198 780 2201
3 2201 780 777
3 2201 777 1991
3 2201 1991 2202
3 2202 1991 1970
3 2202 1970 1972
3 1970 1991 775
3 1994 1999 783
3 2002 1978 1980
3 2002 1980 2005
3 2005 1980 1982
3 2005 1982 2191
3 2005 2191 2008
3 2008 2191 2194
3 2008 2194 789
3 2008 789 786
3 789 2194 792
3 792 2194 2193
3 792 2193 2014
3 2014 2193 2192
3 2014 2192 2016
3 2016 2192 1990
3 2016 1990 191
3 191 1990 190
3 1990 2192 1988
3 1988 2192 2189
3 1988 2189 1986
3 1986 2189 2190
3 1986 2190 1984
3 1984 2190 2191
3 1984 2191 1982
3 2024 795 2022
3 2024 2022 2020
3 2024 2020 2204
3 2024 2204 2203
3 2024 2203 194
3 194 2203 193
3 193 2203 2017
3 2017 2203 2204
3 2017 2204 2015
3 2015 2204 2018
3 2015 2018 793
3 2018 2204 2020
3 2034 804 2209
3 2034 2209 1124
3 2034 1124 197
3 1124 2209 1122
3 1122 2209 2208
3 1122 2208 1120
3 1120 2208 2207
3 1120 2207 1118
3 1118 2207 1116
3 1116 2207 2206
3 1116 2206 1114
3 1114 2206 2205
3 1114 2205 1112
3 1112 2205 2025
3 1112 2025 196
3 2025 2205 796
3 796 2205 798
3 798 2205 2206
3 798 2206 2027
3 2027 2206 2207
3 2027 2207 2030
3 2030 2207 2208
3 2030 2208 801
3 801 2208 2209
3 801 2209 804
3 200 773 2211
3 200 2211 199
3 199 2211 2038
3 199 2038 2035
3 2035 2038 2036
3 2035 2036 805
3 2038 2211 2210
3 2038 2210 2040
3 2040 2210 1992
3 2040 1992 776
3 1992 2210 2211
3 1992 2211 773
3 2212 2215 2216
3 2213 2212 2216
3 2214 2218 2219
3 2215 2214 2219
3 2215 2219 2220
3 2216 2215 2220
3 2218 2217 2221
3 2218 2221 2222
3 2219 2218 2222
3 2219 2222 2223
3 2220 2219 2223
3 2222 2221 2224
3 2223 2222 2224
3 2223 2224 1130
3 2223 1130 218
3 2223 218 221
3 2223 221 2220
3 2220 221 2216
3 2216 221 224
3 2216 224 372
3 2216 372 2213
3 2213 372 369
3 2213 369 366
3 2213 366 1343
3 2213 1343 2212
3 2212 1343 363
3 2212 363 2214
3 2212 2214 2215
3 2214 363 360
3 2214 360 1334
3 2214 1334 2218
3 2218 1334 2217
3 2217 1334 357
3 2217 357 352
3 2217 352 2221
3 2221 352 214
3 2221 214 2224
3 2224 214 215
3 2224 215 1130
3 352 357 354
3 2225 2226 2227
3 2225 2227 2228
3 2225 2228 1363
3 2225 1363 387
3 2225 387 384
3 2225 384 2226
3 2226 384 381
3 2226 381 378
3 2226 378 2227
3 2227 378 375
3 2227 375 2228
3 2228 375 2229
3 2228 2229 390
3 2228 390 1363
3 390 2229 227
3 227 2229 1148
3 1148 2229 375
3 1148 375 373
3 1148 373 226
3 230 233 229
3 229 233 391
3 2231 2230 2233
3 2231 2233 2234
3 2232 2231 2234
3 2232 2234 2235
3 2232 2235 2236
3 2232 2236 405
3 2232 405 402
3 2232 402 2230
3 2232 2230 2231
3 2230 402 396
3 2230 396 393
3 2230 393 388
3 2230 388 1366
3 2230 1366 2233
3 2233 1366 389
3 2233 389 2234
3 2234 389 235
3 2234 235 2235
3 2235 235 236
3 2235 236 2236
3 2236 236 408
3 2236 408 405
3 396 402 399
3 239 409 1156
3 1156 409 238
3 1180 251 423
3 1180 423 2239
3 1180 2239 1178
3 1178 2239 2238
3 1178 2238 242
3 242 2238 241
3 241 2238 2237
3 241 2237 407
3 407 2237 1396
3 407 1396 406
3 1396 2237 411
3 411 2237 1400
3 1400 2237 2238
3 1400 2238 2239
3 1400 2239 1402
3 1402 2239 423
3 1402 423 420
3 1402 420 414
3 414 420 417
3 254 257 2240
3 254 2240 253
3 253 2240 1406
3 253 1406 424
3 1406 2240 2241
3 1406 2241 426
3 426 2241 429
3 429 2241 260
3 260 2241 257
3 257 2241 2240
3 2244 2243 2245
3 2244 2245 2246
3 2244 2246 1424
3 2244 1424 1422
3 2244 1422 2242
3 2244 2242 2243
3 2243 2242 1416
3 2243 1416 1414
3 2243 1414 2245
3 2245 1414 1412
3 2245 1412 263
3 2245 263 2246
3 2246 263 441
3 2246 441 438
3 2246 438 435
3 2246 435 1424
3 263 1412 262
3 262 1412 430
3 1416 2242 1418
3 1418 2242 1420
3 1418 1420 432
3 1420 2242 1422
3 266 447 2247
3 266 2247 1188
3 1188 2247 265
3 265 2247 1435
3 265 1435 442
3 442 1435 444
3 1435 2247 447
3 2251 2250 2254
3 2252 2251 2254
3 2253 2252 2254
3 2253 2254 1441
3 2253 1441 448
3 2253 448 268
3 2253 268 1190
3 2253 1190 2252
3 2252 1190 269
3 2252 269 286
3 2252 286 2251
3 2251 286 287
3 2251 287 1474
3 2251 1474 2250
3 2250 1474 1472
3 2250 1472 1443
3 2250 1443 2254
3 2254 1443 1441
3 1443 1472 1445
3 1445 1472 1470
3 1445 1470 1447
3 1447 1470 1468
3 1447 1468 1449
3 1449 1468 1466
3 1449 1466 1451
3 1451 1466 1464
3 1451 1464 1453
3 1453 1464 2249
3 1453 2249 450
3 450 2249 1456
3 1456 2249 2248
3 1456 2248 453
3 453 2248 462
3 453 462 459
3 453 459 456
3 462 2248 1462
3 1462 2248 2249
3 1462 2249 1464
3 272 275 271
3 271 275 284
3 284 275 278
3 290 293 2259
3 290 2259 2260
3 290 2260 1220
3 1220 2260 1475
3 1220 1475 289
3 1475 2260 1473
3 1473 2260 2259
3 1473 2259 1471
3 1471 2259 2258
3 1471 2258 1469
3 1469 2258 2257
3 1469 2257 1467
3 1467 2257 2256
3 1467 2256 1465
3 1465 2256 2255
3 1465 2255 1463
3 1463 2255 1476
3 1463 1476 463
3 1476 2255 299
3 299 2255 298
3 298 2255 2256
3 298 2256 1962
3 1962 2256 2257
3 1962 2257 2258
3 1962 2258 1965
3 1965 2258 2259
3 1965 2259 293
3 2262 2261 2264
3 2262 2264 2265
3 2263 2262 2265
3 2263 2265 1229
3 2263 1229 1232
3 2263 1232 1235
3 2263 1235 2262
3 2262 1235 1238
3 2262 1238 2261
3 2261 1238 296
3 2261 296 1964
3 2261 1964 2264
3 2264 1964 1967
3 2264 1967 295
3 2264 295 2265
3 2265 295 1226
3 2265 1226 1229
3 2266 2267 2268
3 2266 2268 1243
3 2266 1243 1245
3 2266 1245 1480
3 2266 1480 1478
3 2266 1478 2267
3 2267 1478 465
3 2267 465 460
3 2267 460 461
3 2267 461 1477
3 2267 1477 2268
3 2268 1477 1241
3 2268 1241 1243
3 1241 1477 301
3 1480 1245 302
3 2269 2270 2271
3 2269 2271 2272
3 2269 2272 2273
3 2272 2271 2274
3 2272 2274 735
3 2272 735 732
3 2272 732 2273
3 2273 732 395
3 2273 395 1486
3 2273 1486 2269
3 2269 1486 1484
3 2269 1484 2270
3 2270 1484 1482
3 2270 1482 1479
3 2270 1479 1481
3 2270 1481 2271
3 2271 1481 304
3 2271 304 305
3 2271 305 2274
3 2274 305 738
3 2274 738 735
3 1479 1482 466
3 395 732 394
3 1877 739 2275
3 1877 2275 1247
3 1877 1247 1249
3 1877 1249 1880
3 1880 1249 308
3 1247 2275 307
3 307 2275 739
3 383 741 382
3 311 314 310
3 310 314 1882
3 1882 314 1891
3 1882 1891 1879
3 1879 1891 382
3 1879 382 737
3 737 382 736
3 736 382 741
3 1903 747 1893
3 1903 1893 1905
3 1905 1893 316
3 1905 316 317
3 1893 747 380
3 380 747 744
3 380 744 379
3 1263 323 753
3 1263 753 1906
3 1263 1906 1261
3 1261 1906 319
3 1261 319 320
3 1906 753 1904
3 1904 753 750
3 1904 750 748
3 1917 754 325
3 1917 325 326
3 2276 2278 2279
3 2276 2279 2280
3 2277 2276 2280
3 2277 2280 2281
3 2279 2278 2282
3 2279 2282 2283
3 2280 2279 2283
3 2280 2283 2284
3 2281 2280 2284
3 2281 2284 2285
3 2281 2285 2286
3 2283 2282 2287
3 2283 2287 2288
3 2284 2283 2288
3 2284 2288 2289
3 2285 2284 2289
3 2285 2289 2290
3 2286 2285 2290
3 2286 2290 1931
3 2286 1931 759
3 2286 759 2281
3 2281 759 2277
3 2277 759 1928
3 2277 1928 756
3 2277 756 2276
3 2276 756 1924
3 2276 1924 2278
3 2278 1924 751
3 2278 751 752
3 2278 752 2282
3 2282 752 1920
3 2282 1920 2287
3 2287 1920 328
3 2287 328 2288
3 2288 328 329
3 2288 329 1303
3 2288 1303 2289
3 2289 1303 2290
3 2290 1303 341
3 2290 341 762
3 2290 762 1931
3 344 763 343
3 2291 2294 2295
3 2292 2291 2295
3 2292 2295 2296
3 2292 2296 2297
3 2294 2293 2298
3 2294 2298 2299
3 2295 2294 2299
3 2295 2299 2300
3 2296 2295 2300
3 2296 2300 2301
3 2296 2301 2302
3 2297 2296 2302
3 2298 2303 2304
3 2299 2298 2304
3 2299 2304 2305
3 2300 2299 2305
3 2300 2305 2306
3 2301 2300 2306
3 2301 2306 2307
3 2302 2301 2307
3 2305 2304 2308
3 2305 2308 2309
3 2306 2305 2309
3 2307 2306 2309
3 2307 2309 358
3 2307 358 1337
3 2307 1337 359
3 2307 359 2302
3 2302 359 768
3 2302 768 2297
3 2297 768 1938
3 2297 1938 2292
3 2292 1938 765
3 2292 765 2291
3 2291 765 1935
3 2291 1935 2293
3 2291 2293 2294
3 2293 1935 760
3 2293 760 1933
3 2293 1933 2298
3 2298 1933 2303
3 2303 1933 761
3 2303 761 346
3 2303 346 1320
3 2303 1320 2304
3 2304 1320 2308
3 2308 1320 347
3 2308 347 2309
3 2309 347 771
3 2309 771 358
3 350 353 349
3 349 353 772
3 356 770 355
3 362 769 361
3 2310 2311 2312
3 2310 2313 2314
3 2310 2314 2311
3 2312 2311 2316
3 2314 2313 2317
3 2314 2317 2318
3 2314 2318 2319
3 2311 2314 2319
3 2311 2319 2315
3 2311 2315 2316
3 2316 2315 2320
3 2317 2321 2322
3 2318 2317 2322
3 2318 2322 365
3 2318 365 2319
3 2319 365 1945
3 2319 1945 2315
3 2315 1945 2320
3 2320 1945 745
3 2320 745 746
3 2320 746 1926
3 2320 1926 2316
3 2316 1926 2312
3 2312 1926 755
3 2312 755 1942
3 2312 1942 2310
3 2310 1942 766
3 2310 766 2313
3 2313 766 1940
3 2313 1940 2317
3 2317 1940 2321
3 2321 1940 767
3 2321 767 364
3 2321 364 1345
3 2321 1345 2322
3 2322 1345 365
3 1926 746 749
3 368 376 367
3 367 376 1947
3 1947 376 377
3 1947 377 743
3 371 374 370
3 742 385 731
3 386 392 731
3 386 731 385
3 398 474 1487
3 398 1487 397
3 1487 474 1493
3 1487 1493 1485
3 1485 1493 471
3 1485 471 1483
3 1483 471 468
3 1483 468 464
3 464 468 457
3 464 457 458
3 401 477 400
3 400 477 475
3 1398 410 1517
3 1398 1517 492
3 1398 492 404
3 404 492 403
3 403 492 489
3 403 489 483
3 403 483 478
3 478 483 480
3 483 489 486
3 1517 410 495
3 495 410 1528
3 495 1528 498
3 498 1528 501
3 501 1528 504
3 413 505 1403
3 1403 505 1530
3 1403 1530 1401
3 1401 1530 412
3 416 510 415
3 415 510 507
3 415 507 502
3 415 502 503
3 419 513 511
3 419 511 418
3 2323 2324 2325
3 2323 2325 1543
3 2323 1543 516
3 2323 516 514
3 2323 514 421
3 2323 421 422
3 2323 422 2324
3 2324 422 1407
3 2324 1407 2325
3 2325 1407 425
3 2325 425 1543
3 1419 431 525
3 1419 525 522
3 1419 522 2327
3 1419 2327 1417
3 1417 2327 1415
3 1415 2327 1413
3 1413 2327 2326
3 1413 2326 1545
3 1413 1545 427
3 1413 427 428
3 1545 2326 517
3 517 2326 519
3 519 2326 522
3 522 2326 2327
3 525 431 528
3 1580 537 1423
3 1580 1423 1425
3 1580 1425 434
3 1423 537 1577
3 1423 1577 1421
3 1421 1577 2328
3 1421 2328 433
3 433 2328 529
3 529 2328 531
3 531 2328 1577
3 531 1577 534
3 2329 2332 2333
3 2330 2329 2333
3 2332 2331 2334
3 2332 2334 2335
3 2333 2332 2335
3 2333 2335 2336
3 2335 2334 2337
3 2335 2337 2338
3 2336 2335 2338
3 2336 2338 1446
3 2336 1446 1448
3 2336 1448 2333
3 2333 1448 1450
3 2333 1450 2330
3 2330 1450 1452
3 2330 1452 1454
3 2330 1454 2329
3 2329 1454 538
3 2329 538 1582
3 2329 1582 2331
3 2329 2331 2332
3 2331 1582 436
3 2331 436 437
3 2331 437 445
3 2331 445 2334
3 2334 445 1437
3 2334 1437 2337
3 2337 1437 446
3 2337 446 1442
3 2337 1442 2338
3 2338 1442 1444
3 2338 1444 1446
3 538 1454 449
3 440 443 439
3 452 540 1458
3 1458 540 2339
3 1458 2339 451
3 451 2339 1578
3 451 1578 536
3 1578 2339 535
3 535 2339 540
3 455 467 543
3 455 543 454
3 454 543 541
3 470 546 469
3 469 546 544
3 473 476 479
3 473 479 549
3 473 549 1495
3 1495 549 547
3 1495 547 472
3 482 550 481
3 2340 2341 2342
3 2340 2342 2343
3 2341 2344 2345
3 2342 2341 2345
3 2342 2345 2346
3 2342 2346 2347
3 2343 2342 2347
3 2343 2347 485
3 2343 485 561
3 2343 561 2340
3 2340 561 558
3 2340 558 555
3 2340 555 1608
3 2340 1608 2341
3 2341 1608 1605
3 2341 1605 2344
3 2344 1605 552
3 2344 552 533
3 2344 533 539
3 2344 539 2345
3 2345 539 542
3 2345 542 545
3 2345 545 2346
3 2346 545 2347
3 2347 545 548
3 2347 548 484
3 2347 484 485
3 533 552 532
3 2348 2349 2350
3 2349 2351 2352
3 2350 2349 2352
3 2350 2352 573
3 2350 573 570
3 2350 570 567
3 2350 567 2348
3 2348 567 1632
3 2348 1632 1630
3 2348 1630 1628
3 2348 1628 1626
3 2348 1626 2349
3 2349 1626 1624
3 2349 1624 2351
3 2351 1624 562
3 2351 562 487
3 2351 487 2352
3 2352 487 488
3 2352 488 573
3 1628 1630 564
3 491 576 2353
3 491 2353 490
3 490 2353 574
3 574 2353 576
3 1646 588 585
3 1646 585 1642
3 1646 1642 2356
3 1646 2356 494
3 494 2356 1520
3 1520 2356 2355
3 1520 2355 2354
3 1520 2354 493
3 493 2354 577
3 577 2354 579
3 579 2354 582
3 582 2354 2355
3 582 2355 1640
3 1640 2355 2356
3 1640 2356 1642
3 597 594 600
3 497 600 1647
3 497 1647 496
3 1647 600 594
3 1647 594 591
3 1647 591 589
3 500 506 1661
3 500 1661 601
3 500 601 499
3 1661 506 603
3 603 506 609
3 603 609 606
3 509 512 508
3 508 512 610
3 610 512 515
3 610 515 518
3 521 615 612
3 521 612 520
3 520 612 608
3 608 612 607
3 1675 618 2357
3 1675 2357 524
3 524 2357 523
3 523 2357 616
3 616 2357 618
3 557 633 556
3 2358 2360 2361
3 2361 2360 2362
3 2361 2362 2363
3 2361 2363 551
3 2361 551 1864
3 2361 1864 2358
3 2358 1864 1683
3 2358 1683 1681
3 2358 1681 627
3 2358 627 2360
3 2360 627 2359
3 2360 2359 1676
3 2360 1676 2362
3 2362 1676 526
3 2362 526 527
3 2362 527 2363
3 2363 527 530
3 2363 530 551
3 1676 2359 1679
3 1676 1679 619
3 619 1679 621
3 1679 2359 624
3 624 2359 627
3 1683 1864 1862
3 1683 1862 1685
3 1685 1862 630
3 630 1862 556
3 630 556 633
3 1865 553 1607
3 1865 1607 1610
3 1865 1610 1863
3 1863 1610 554
3 634 559 636
3 1629 563 2364
3 1629 2364 2365
3 1629 2365 1627
3 1627 2365 2366
3 1627 2366 1625
3 1625 2366 559
3 1625 559 560
3 559 2366 636
3 636 2366 2365
3 636 2365 2364
3 636 2364 639
3 639 2364 642
3 642 2364 563
3 1695 648 1693
3 1695 1693 2367
3 1695 2367 1697
3 1697 2367 2368
3 1697 2368 1699
3 1699 2368 1633
3 1699 1633 566
3 1633 2368 1631
3 1631 2368 565
3 565 2368 643
3 643 2368 645
3 645 2368 2367
3 645 2367 1693
3 2369 2370 2371
3 2370 2372 2373
3 2371 2370 2373
3 2371 2373 2374
3 2378 2377 2379
3 2378 2379 1720
3 2378 1720 1718
3 2378 1718 1714
3 2378 1714 1711
3 2378 1711 2377
3 2377 1711 2376
3 2377 2376 1854
3 2377 1854 1852
3 2377 1852 2379
3 2379 1852 581
3 2379 581 1722
3 2379 1722 1720
3 581 1852 580
3 1854 2376 1856
3 1856 2376 2375
3 1856 2375 1858
3 1858 2375 2374
3 1858 2374 2373
3 1858 2373 1860
3 1860 2373 2372
3 1860 2372 569
3 569 2372 568
3 568 2372 1700
3 1700 2372 2370
3 1700 2370 1698
3 1698 2370 2369
3 1698 2369 1696
3 1696 2369 1702
3 1696 1702 649
3 649 1702 651
3 1702 2369 2371
3 1702 2371 1705
3 1705 2371 2374
3 1705 2374 2375
3 1705 2375 1708
3 1708 2375 2376
3 1708 2376 1711
3 1714 1718 657
3 1714 657 654
3 2381 2380 2382
3 2381 2382 2383
3 2383 2382 2384
3 2383 2384 1853
3 2383 1853 1855
3 2383 1855 1857
3 2383 1857 2381
3 2381 1857 1859
3 2381 1859 2380
3 2380 1859 1861
3 2380 1861 571
3 2380 571 572
3 2380 572 2382
3 2382 572 575
3 2382 575 2384
3 2384 575 578
3 2384 578 1853
3 584 660 1643
3 1643 660 2385
3 1643 2385 1641
3 1641 2385 1723
3 1641 1723 583
3 1723 2385 1721
3 1721 2385 1719
3 1719 2385 1724
3 1719 1724 658
3 1724 2385 660
3 2386 2387 2388
3 2388 2387 2389
3 2388 2389 644
3 2388 644 1738
3 2388 1738 2386
3 2386 1738 1736
3 2386 1736 1752
3 2386 1752 1750
3 2386 1750 2387
3 2387 1750 666
3 2387 666 663
3 2387 663 2389
3 2389 663 640
3 2389 640 641
3 2389 641 644
3 1752 1736 1734
3 1752 1734 1754
3 1754 1734 1732
3 1754 1732 1756
3 1756 1732 1730
3 1756 1730 1758
3 1758 1730 1728
3 1758 1728 1760
3 1760 1728 1726
3 1760 1726 2390
3 1760 2390 669
3 669 2390 1763
3 1763 2390 2391
3 1763 2391 672
3 672 2391 590
3 590 2391 587
3 587 2391 586
3 586 2391 661
3 661 2391 2390
3 661 2390 1726
3 593 693 592
3 693 690 592
3 592 690 673
3 673 690 1782
3 673 1782 1769
3 1769 1782 687
3 1769 687 1771
3 1771 687 1778
3 1771 1778 2392
3 1771 2392 675
3 675 2392 1775
3 675 1775 678
3 1775 2392 681
3 681 2392 684
3 684 2392 1778
3 595 596 694
3 692 598 691
3 1663 602 2394
3 1663 2394 2393
3 1663 2393 599
3 599 2393 598
3 598 2393 691
3 691 2393 1784
3 1784 2393 2394
3 1784 2394 602
3 605 611 696
3 605 696 604
3 604 696 1788
3 604 1788 1785
3 1785 1788 1786
3 1785 1786 1783
3 1785 1783 689
3 1783 1786 688
3 2396 2395 2397
3 2396 2397 708
3 2396 708 705
3 2396 705 1797
3 2396 1797 2395
3 2395 1797 699
3 2395 699 1794
3 2395 1794 2397
3 2397 1794 1792
3 2397 1792 2398
3 2397 2398 617
3 2397 617 620
3 2397 620 708
3 617 2398 614
3 614 2398 1790
3 614 1790 613
3 613 1790 697
3 1790 2398 1792
3 1797 705 702
3 623 709 1680
3 1680 709 622
3 1807 714 2399
3 1807 2399 1809
3 1809 2399 626
3 626 2399 2400
3 626 2400 625
3 625 2400 707
3 707 2400 706
3 706 2400 2399
3 706 2399 711
3 711 2399 714
3 1817 723 2402
3 1817 2402 1686
3 1817 1686 629
3 1686 2402 1684
3 1684 2402 1810
3 1684 1810 1682
3 1682 1810 628
3 1810 2402 2401
3 1810 2401 1808
3 1808 2401 1815
3 1808 1815 720
3 1808 720 717
3 1808 717 715
3 1815 2401 723
3 723 2401 2402
3 632 635 631
3 631 635 2403
3 631 2403 1818
3 1818 2403 1819
3 1818 1819 724
3 1819 2403 635
3 638 662 2405
3 638 2405 637
3 637 2405 1820
3 1820 2405 2404
3 1820 2404 722
3 722 2404 1821
3 722 1821 1816
3 1816 1821 726
3 1816 726 721
3 1821 2404 662
3 662 2404 2405
3 647 650 2406
3 647 2406 1694
3 1694 2406 1739
3 1694 1739 646
3 1739 2406 1737
3 1737 2406 2407
3 1737 2407 1735
3 1735 2407 2408
3 1735 2408 1733
3 1733 2408 2409
3 1733 2409 1731
3 1731 2409 2410
3 1731 2410 1729
3 1729 2410 2411
3 1729 2411 1727
3 1727 2411 1725
3 1727 1725 659
3 1725 2411 656
3 656 2411 655
3 655 2411 2410
3 655 2410 1741
3 1741 2410 2409
3 1741 2409 2408
3 1741 2408 1744
3 1744 2408 2407
3 1744 2407 2406
3 1744 2406 650
3 2413 2412 2414
3 2413 2414 2415
3 2413 2415 2416
3 2416 2415 2417
3 2416 2417 1743
3 2416 1743 1746
3 2416 1746 2413
3 2413 1746 652
3 2413 652 1704
3 2413 1704 2412
3 2412 1704 1707
3 2412 1707 2414
3 2414 1707 1710
3 2414 1710 2415
3 2415 1710 1713
3 2415 1713 2417
3 2417 1713 1716
3 2417 1716 653
3 2417 653 1743
3 665 729 727
3 665 727 1822
3 665 1822 664
3 2419 2420 2421
3 2419 2421 2422
3 2418 2419 2422
3 2421 2420 2423
3 2421 2423 2424
3 2422 2421 2424
3 2422 2424 1829
3 2422 1829 2418
3 2418 1829 730
3 2418 730 667
3 2418 667 1751
3 2418 1751 2419
3 2419 1751 1753
3 2419 1753 1755
3 2419 1755 2420
3 2420 1755 1757
3 2420 1757 1759
3 2420 1759 2423
3 2423 1759 2425
3 2423 2425 2424
3 2424 2425 676
3 2424 676 677
3 2424 677 1829
3 676 2425 668
3 668 2425 1761
3 1761 2425 1759
3 1772 674 670
3 1772 670 2426
3 1772 2426 1770
3 1770 2426 671
3 671 2426 1765
3 1765 2426 670
3 1835 718 719
3 1835 719 725
3 1835 725 2427
3 1835 2427 1837
3 1837 2427 1839
3 1839 2427 2428
3 1839 2428 2429
3 1839 2429 1841
3 1841 2429 2430
3 1841 2430 680
3 680 2430 1776
3 1776 2430 679
3 679 2430 2429
3 679 2429 1832
3 1832 2429 2428
3 1832 2428 728
3 728 2428 2427
3 728 2427 725
3 2433 2435 2436
3 2431 2433 2436
3 2431 2436 2434
3 2431 2434 2432
3 2431 2432 1838
3 2431 1838 2433
3 2433 1838 1840
3 2433 1840 1842
3 2433 1842 2435
3 2435 1842 682
3 2435 682 683
3 2435 683 1846
3 2435 1846 2436
3 2436 1846 700
3 2436 700 2434
3 2434 700 1799
3 2434 1799 2432
3 2432 1799 712
3 2432 712 713
3 2432 713 716
3 2432 716 1836
3 2432 1836 1838
3 712 1799 701
3 2437 2440 2441
3 2438 2437 2441
3 2440 2439 2442
3 2441 2440 2442
3 2441 2442 1791
3 2441 1791 1793
3 2441 1793 1795
3 2441 1795 2438
3 2438 1795 698
3 2438 698 1848
3 2438 1848 2437
3 2437 1848 685
3 2437 685 1780
3 2437 1780 2440
3 2440 1780 2439
3 2439 1780 686
3 2439 686 1787
3 2439 1787 1789
3 2439 1789 2442
3 2442 1789 695
3 2442 695 1791
3 704 710 703
3 734 740 733
3 1936 764 1943
3 1936 1943 1929
3 1936 1929 758
3 1929 1943 757
3 2052 790 791
3 2052 791 2019
3 2052 2019 2444
3 2052 2444 2445
3 2052 2445 2054
3 2054 2445 2446
3 2054 2446 2056
3 2056 2446 2448
3 2056 2448 2058
3 2058 2448 2449
3 2058 2449 2060
3 2060 2449 2447
3 2060 2447 778
3 2060 778 779
3 778 2447 2041
3 2041 2447 2039
3 2039 2447 2450
3 2039 2450 2037
3 2037 2450 2042
3 2037 2042 803
3 803 2042 802
3 2042 2450 2449
3 2042 2449 2044
3 2044 2449 2448
3 2044 2448 2046
3 2046 2448 2446
3 2046 2446 2048
3 2048 2446 2445
3 2048 2445 2444
3 2048 2444 2050
3 2050 2444 2443
3 2050 2443 2023
3 2050 2023 794
3 2050 794 797
3 2023 2443 2021
3 2021 2443 2444
3 2021 2444 2019
3 2449 2450 2447
3 2451 2453 2454
3 2452 2451 2454
3 2452 2454 2455
3 2455 2454 2456
3 2455 2456 2061
3 2455 2061 781
3 2455 781 1996
3 2455 1996 782
3 2455 782 2452
3 2452 782 787
3 2452 787 2451
3 2451 787 788
3 2451 788 2053
3 2451 2053 2453
3 2453 2053 2055
3 2453 2055 2057
3 2453 2057 2454
3 2454 2057 2456
3 2456 2057 2059
3 2456 2059 2061
3 785 784 2457
3 785 2457 2010
3 2010 2457 2007
3 2007 2457 2004
3 2004 2457 2001
3 2001 2457 784
3 2458 2460 2461
3 2459 2458 2461
3 2461 2460 2463
3 2462 2461 2463
3 2462 2463 2045
3 2462 2045 2047
3 2462 2047 2459
3 2462 2459 2461
3 2459 2047 2049
3 2459 2049 2051
3 2459 2051 2458
3 2458 2051 799
3 2458 799 2029
3 2458 2029 2460
3 2460 2029 2032
3 2460 2032 2463
3 2463 2032 800
3 2463 800 2043
3 2463 2043 2045
