ply
format ascii 1.0
comment Generated by PyMesh
element vertex 4514
property float x
property float y
property float z
property float nx
property float ny
property float nz
element face 9024
property list uchar int vertex_indices
end_header
18.289 22.005 17.358 -0.376 0.313 -0.872
18.735 21.388 16.269 -0.674 0.724 -0.146
18.501 21.521 16.909 -0.518 0.635 -0.573
19.63 21.772 16.418 -0.035 0.999 -0.04
19.183 22.389 17.507 0.263 0.587 -0.766
19.512 21.955 17.078 0.044 0.877 -0.479
20.117 22.002 17.576 0.38 0.903 -0.202
19.719 22.43 17.948 0.645 0.617 -0.451
21.983 23.214 18.013 -0.864 0.095 -0.494
21.94 23.23 19.311 -0.895 0.107 0.433
19.675 22.447 19.246 0.615 0.629 0.476
22.087 23.215 19.988 -0.993 0.117 -0.018
20.861 22.148 19.162 -0.178 0.815 0.551
21.406 22.303 19.317 -0.541 0.712 0.447
22.084 23.194 20.018 -0.994 0.105 -0.001
19.673 22.429 19.273 0.613 0.615 0.496
20.682 21.855 20.051 -0.06 0.998 -0.023
20.573 21.844 20.182 -0.114 0.993 0.042
19.581 22.42 19.383 0.547 0.609 0.574
20.438 21.843 20.413 -0.024 0.993 -0.112
19.432 21.128 20.924 -0.862 0.398 0.314
18.489 21.643 19.938 -0.233 0.055 0.971
19.28 20.925 20.839 -0.761 0.533 0.37
18.81 19.889 20.287 -0.995 0.015 0.095
18.092 20.767 19.472 -0.517 -0.571 0.638
18.279 20.123 19.298 -0.641 -0.141 0.754
19.023 18.96 19.93 -0.889 -0.45 -0.084
18.482 19.236 18.956 -0.529 -0.634 0.565
19.084 18.755 20.091 -0.93 -0.313 -0.192
19.412 18.393 19.796 -0.656 -0.615 -0.438
18.885 18.792 18.594 -0.305 -0.88 0.363
19.445 18.495 19.55 -0.678 -0.682 -0.274
20.366 18.302 18.92 -0.218 -0.778 -0.589
19.764 18.608 17.993 0.184 -0.983 0.029
21.474 17.475 17.765 -0.957 -0.227 0.182
21.479 17.682 16.857 -0.954 -0.123 -0.272
19.768 18.806 17.127 0.186 -0.873 -0.452
19.857 18.985 16.462 0.127 -0.992 -0.008
22.704 19.232 16.048 -0.342 0.652 -0.676
20.891 20.295 15.778 0.866 -0.056 -0.497
23.601 20.472 15.472 -0.94 -0.174 -0.293
21.524 20.516 16.342 0.437 -0.017 -0.899
22.982 20.628 16.237 -0.552 -0.093 -0.828
23.575 20.793 15.454 -0.953 -0.014 -0.302
20.869 20.566 15.763 0.85 0.137 -0.508
23.522 20.995 15.552 -0.918 -0.149 -0.368
21.415 20.655 16.305 0.57 0.604 -0.557
23.106 20.929 16.141 -0.824 0.378 -0.422
23.487 21.543 16.112 -0.946 0.308 0.098
20.832 21.161 16.37 0.824 0.562 -0.074
22.65 22.561 17.524 -0.388 -0.371 -0.844
21.395 21.696 17.564 0.169 0.539 -0.825
21.477 21.759 17.615 0.109 0.492 -0.864
22.222 22.969 17.703 -0.694 -0.08 -0.716
20.404 21.569 16.549 0.518 0.854 0.053
20.387 21.726 17.225 0.53 0.749 -0.397
23.985 22.188 15.921 -0.532 0.845 -0.061
23.19 23.261 17.317 -0.002 0.129 -0.992
24.17 22.326 15.927 -0.655 0.752 -0.065
25.242 22.761 16.482 -0.119 0.97 0.212
24.096 23.629 17.786 0.645 0.391 -0.657
25.548 22.806 16.966 -0.323 0.94 -0.11
25.744 22.873 17.258 -0.225 0.974 0.036
24.261 23.686 18.032 0.763 0.432 -0.481
26.684 24.882 17.874 -0.852 -0.365 -0.375
24.794 23.871 18.6 0.311 0.582 -0.751
26.276 24.603 18.504 -0.727 0.07 -0.683
26.522 25.238 18.083 -0.968 -0.111 -0.226
24.099 24.042 18.241 0.647 0.686 -0.331
24.526 24.132 18.779 0.362 0.627 -0.69
23.441 24.625 19.37 -0.241 0.901 -0.362
23.138 24.479 18.764 -0.039 0.998 0.042
23.439 25.028 19.933 -0.24 0.632 -0.737
22.624 24.628 20.331 -0.822 0.346 -0.453
22.323 24.078 19.162 -0.621 0.712 0.327
22.52 24.173 19.82 -0.752 0.649 -0.112
22.54 23.695 21.449 -0.882 -0.32 0.346
22.425 23.119 21.083 -0.805 0.064 0.59
22.331 22.419 21.353 -0.742 0.53 0.41
22.212 22.36 21.169 -0.827 0.488 0.279
22.29 23.052 20.876 -0.88 0.026 0.475
20.691 21.736 21.01 0.187 0.904 0.385
20.531 21.847 20.475 0.054 0.997 -0.061
22.094 23.188 20.219 -0.989 0.102 0.11
20.693 21.849 20.261 -0.054 0.995 0.082
22.301 22.004 21.622 -0.763 0.234 0.602
20.773 21.408 21.427 0.255 0.631 0.732
21.004 21.285 21.485 0.102 0.713 0.694
22.34 21.922 21.696 -0.735 0.175 0.655
21.05 21.187 21.572 0.125 0.664 0.737
21.646 21.051 21.783 -0.272 0.755 0.597
21.338 20.359 22.204 -0.426 0.409 0.807
20.743 20.496 21.993 -0.029 0.318 0.948
21.49 20.228 22.38 -0.527 0.497 0.689
21.313 19.536 22.433 -0.675 -0.08 0.734
20.515 19.606 22.061 -0.143 -0.126 0.982
21.11 19.47 22.272 -0.54 -0.036 0.841
21.209 17.833 20.935 -0.49 -0.854 0.173
20.614 17.969 20.724 -0.094 -0.945 0.313
21.566 17.415 20.637 -0.728 -0.576 0.371
21.591 17.43 19.53 -0.71 -0.566 -0.42
20.644 17.986 19.413 -0.079 -0.936 -0.342
21.753 17.159 18.258 -0.818 -0.385 0.428
22.195 16.925 19.763 -0.278 -0.927 -0.253
22.468 16.561 18.534 -0.46 -0.684 0.566
22.723 16.681 19.594 -0.63 -0.764 -0.14
23.501 16.314 19.448 -0.241 -0.947 -0.213
23.246 16.194 18.388 -0.071 -0.867 0.493
24.11 15.93 18.645 -0.647 -0.691 0.322
24.227 15.696 18.012 -0.589 -0.808 0.005
23.363 15.96 17.754 -0.013 -0.984 0.177
24.141 15.61 17.431 -0.531 -0.751 0.392
23.851 15.639 16.704 -0.676 -0.737 0.028
23.074 15.989 17.027 -0.157 -0.97 -0.187
23.346 15.928 16.527 -0.339 -0.929 0.146
22.999 18.601 15.361 -0.543 0.643 -0.54
22.7 18.863 15.773 -0.344 0.468 -0.814
23.546 19.991 14.089 -0.908 -0.284 0.308
23.569 20.244 14.263 -0.889 -0.073 0.452
22.73 19.189 15.995 -0.329 0.631 -0.703
23.627 20.429 15.42 -0.927 -0.196 -0.319
23.564 20.595 14.191 -0.893 0.22 0.392
23.62 20.88 15.327 -0.93 0.03 -0.365
23.557 21.063 15.454 -0.888 -0.092 -0.45
23.815 21.167 13.98 -0.684 0.697 0.217
23.808 21.635 15.244 -0.679 0.384 -0.625
23.943 21.616 15.057 -0.769 0.397 -0.501
24.487 21.52 13.664 -0.125 0.991 -0.047
24.806 22.07 14.649 -0.337 0.625 -0.704
25.749 22.783 13.276 -0.966 0.149 0.211
26.9 23.384 14.303 -0.289 0.502 0.815
26.044 22.716 15.754 0.282 0.947 -0.152
27.865 23.599 15.436 -0.932 0.358 0.059
27.891 23.61 15.61 -0.913 0.365 0.183
26.076 22.728 15.959 0.298 0.953 -0.05
26.382 22.773 16.443 0.094 0.923 -0.372
27.926 23.64 15.702 -0.888 0.387 0.25
26.423 22.809 16.553 0.115 0.941 -0.317
27.258 24.827 17.278 -0.442 -0.404 -0.801
28.552 24.352 15.431 -0.44 0.896 0.056
27.884 25.54 17.007 0.005 0.105 -0.994
29.115 25.425 16.339 -0.816 0.181 -0.549
29.203 25.864 16.45 -0.772 0.4 -0.494
27.958 25.91 17.1 0.058 0.369 -0.928
29.354 26.002 16.278 -0.873 0.308 -0.379
29.471 26.357 16.507 -0.775 0.603 -0.189
28.085 26.295 17.349 0.149 0.644 -0.75
29.354 26.32 16.744 -0.697 0.628 -0.347
29.648 26.734 17.481 -0.549 0.835 0.022
28.334 26.645 17.972 0.326 0.895 -0.305
28.885 26.761 18.375 -0.041 0.818 -0.574
27.927 26.764 19.402 -0.573 0.819 -0.004
27.486 26.648 18.88 -0.279 0.897 0.344
28.007 27.017 20.04 -0.627 0.65 -0.429
27.501 26.271 20.506 -0.988 0.117 -0.097
26.98 25.901 19.346 -0.641 0.363 0.676
27.355 25.92 19.928 -0.891 0.351 0.288
27.297 25.694 19.968 -0.924 0.225 0.31
26.928 25.701 19.381 -0.678 0.22 0.701
24.806 25.055 20.708 0.737 0.651 -0.183
26.062 24.84 19.534 -0.428 0.885 0.183
25.59 24.697 19.83 -0.06 0.997 -0.047
24.422 25.002 20.068 0.462 0.613 -0.641
26.544 25.648 18.741 -0.952 0.182 0.244
24.551 24.596 19.522 0.376 0.884 -0.277
25.642 24.556 20.405 0.205 0.974 0.095
26.672 24.784 20.096 -0.483 0.822 0.301
27.338 25.673 20.091 -0.901 0.214 0.379
24.843 25.037 20.817 0.763 0.638 -0.106
27.486 26.052 20.65 -0.999 -0.039 0.006
25.244 24.708 20.872 0.54 0.838 0.083
27.416 25.543 20.734 -0.947 0.267 0.177
27.529 25.993 20.972 -0.968 -0.082 0.236
24.886 24.977 21.139 0.794 0.595 0.125
26.286 24.385 21.351 -0.139 0.99 -0.017
25.947 23.819 22.264 -0.421 0.519 0.744
24.519 24.363 22.131 0.531 0.156 0.833
25.736 23.657 22.289 -0.28 0.627 0.727
24.97 22.545 22.325 -0.663 0.07 0.745
23.872 23.423 22.161 0.069 -0.515 0.854
23.662 22.147 22.065 0.209 0.336 0.919
25.118 21.948 22.385 -0.59 -0.228 0.775
23.787 21.642 22.115 0.298 -0.025 0.954
25.152 21.683 22.364 -0.613 -0.052 0.789
25.153 21.665 22.363 -0.612 -0.067 0.788
23.787 21.623 22.114 0.298 -0.038 0.954
24.619 20.538 22.521 -0.256 0.685 0.682
24.368 20.359 22.556 -0.435 0.557 0.707
23.537 21.444 22.149 0.119 -0.166 0.979
24.121 20.048 22.74 -0.271 0.764 0.585
23.917 19.957 22.729 -0.441 0.688 0.577
23.315 21.345 22.138 -0.039 -0.237 0.971
22.627 20.235 22.46 0.42 0.502 0.756
22.208 20.47 22.407 0.071 0.699 0.712
22.86 21.6 22.081 -0.364 -0.055 0.93
22.261 20.671 22.239 0.035 0.565 0.824
23.633 18.731 22.824 -0.677 -0.334 0.656
22.343 19.009 22.555 0.183 -0.519 0.835
22.434 18.792 22.428 0.122 -0.375 0.919
23.766 18.247 22.479 -0.567 -0.737 0.369
22.605 18.17 21.986 0.207 -0.686 0.698
23.373 17.598 21.679 -0.305 -0.305 0.902
23.041 17.306 21.391 -0.471 -0.451 0.758
22.273 17.878 21.698 0.041 -0.832 0.554
22.464 17.454 21.281 -0.086 -0.549 0.831
24.441 18.001 22.44 -0.004 -0.942 0.336
24.241 17.282 21.628 0.129 -0.463 0.877
24.438 17.123 21.542 -0.002 -0.357 0.934
24.479 16.365 20.597 0.032 -0.989 0.147
24.294 16.307 20.413 0.155 -0.95 0.27
25.715 14.367 20.061 -0.793 0.343 0.504
25.514 14.284 19.644 -0.936 0.285 0.206
24.055 16.21 19.919 0.036 -0.999 0.022
24.665 15.826 19.116 -0.37 -0.743 0.558
25.473 14.02 19.02 -0.966 0.096 -0.24
24.616 15.513 18.377 -0.395 -0.899 0.188
25.462 13.745 18.591 -0.959 0.28 0.046
25.455 13.719 18.405 -0.963 0.267 -0.047
24.608 15.487 18.192 -0.398 -0.912 0.095
25.315 13.554 17.856 -0.87 0.377 0.319
25.266 13.568 17.67 -0.899 0.384 0.209
24.555 15.502 17.991 -0.425 -0.905 -0.005
24.468 15.416 17.411 -0.367 -0.848 0.382
25.331 13.425 16.616 -0.861 0.3 -0.411
24.538 15.262 16.277 -0.332 -0.925 -0.185
24.998 15.028 15.963 -0.639 -0.769 0.024
24.767 15.372 15.369 -0.754 -0.597 -0.272
24.307 15.606 15.683 -0.448 -0.753 -0.482
24.851 15.338 14.794 -0.81 -0.575 0.111
24.758 15.468 14.696 -0.865 -0.499 0.054
24.208 15.745 15.579 -0.498 -0.683 -0.534
23.678 16.027 15.482 -0.144 -0.871 -0.469
24.706 15.563 14.557 -0.896 -0.443 -0.028
23.625 16.121 15.342 -0.175 -0.816 -0.551
24.557 15.782 14.317 -0.797 -0.589 0.132
24.54 17.025 13.707 -0.811 0.447 -0.377
23.604 17.607 14.612 -0.187 0.058 -0.981
24.311 18.781 13.451 -0.658 -0.724 -0.206
23.906 19.265 13.694 -0.896 -0.439 -0.063
23.2 18.092 14.856 -0.425 0.343 -0.837
23.714 19.565 13.667 -0.768 -0.639 -0.045
24.574 20.606 12.459 -0.503 0.35 -0.79
24.273 20.687 12.633 -0.302 0.297 -0.906
25.257 21.509 11.475 -0.958 -0.252 -0.134
25.512 22.571 12.704 -0.831 0.279 0.481
24.471 21.512 13.589 -0.137 0.985 -0.109
25.73 22.774 13.188 -0.977 0.144 0.159
27.823 23.904 11.691 0.324 0.946 -0.026
27.879 24.014 12.245 0.287 0.873 -0.395
28.482 23.987 12.313 -0.115 0.89 -0.44
28.262 24.126 13.525 -0.225 0.96 0.166
27.675 24.143 13.372 0.167 0.949 0.268
28.598 24.248 14.012 -0.449 0.879 -0.159
28.266 24.057 14.501 -0.615 0.784 0.086
27.366 23.966 13.827 -0.015 0.844 0.535
28.288 24.128 15.004 -0.63 0.736 -0.249
29.025 24.423 14.526 -0.236 0.967 0.098
28.929 24.438 15.025 -0.172 0.957 -0.234
29.632 25.74 15.818 -0.641 0.089 -0.763
29.45 25.725 16.007 -0.793 0.077 -0.605
28.731 24.422 15.231 -0.313 0.946 -0.087
29.326 25.508 16.102 -0.71 0.222 -0.668
30.031 24.409 14.165 0.267 0.96 -0.082
30.415 25.729 15.537 0.011 0.08 -0.997
30.567 25.513 15.497 -0.09 0.224 -0.97
30.523 24.195 14.144 0.513 0.853 -0.092
31.059 25.299 15.476 0.156 0.117 -0.981
31.708 25.257 15.43 -0.277 0.145 -0.95
31.876 26.729 16.465 -0.193 0.881 -0.432
31.227 26.77 16.511 0.24 0.853 -0.463
32.227 27.117 16.802 -0.427 0.622 -0.657
32.113 27.256 17.062 -0.509 0.721 -0.471
31.091 26.935 16.82 0.172 0.935 -0.309
31.725 28.218 17.803 -0.25 0.08 -0.965
31.018 28.296 18.157 -0.604 0.119 -0.788
30.384 27.013 17.174 -0.182 0.974 -0.132
30.9 28.1 18.195 -0.526 0.249 -0.813
30.5 27.971 18.581 -0.859 0.141 -0.492
29.869 26.846 17.67 -0.439 0.891 0.116
29.097 26.867 18.555 0.076 0.877 -0.474
30.422 28.071 18.799 -0.924 0.225 -0.31
29.001 26.99 18.823 0.024 0.945 -0.326
30.404 28.258 18.934 -0.911 0.1 -0.4
30.279 28.352 19.381 -0.973 0.147 -0.176
28.883 27.08 19.249 -0.042 0.995 -0.089
28.853 27.298 19.905 -0.023 0.85 -0.526
30.273 28.415 19.491 -0.977 0.178 -0.121
28.848 27.35 19.998 -0.026 0.888 -0.459
30.207 28.881 19.815 -0.932 -0.133 -0.337
31.4 27.726 21.726 -0.335 -0.71 0.619
29.857 26.374 21.613 0.694 0.191 0.694
31.467 27.26 21.402 -0.38 -0.399 0.835
31.656 26.854 21.224 -0.285 -0.602 0.746
30.016 26.031 21.463 0.808 -0.054 0.587
31.911 25.304 21.175 -0.456 0.431 0.779
31.657 24.633 21.12 -0.667 -0.128 0.734
29.74 25.303 21.404 0.611 -0.574 0.545
29.836 24.089 21.015 0.547 0.235 0.804
28.904 23.934 21.269 -0.119 0.124 0.985
28.808 25.148 21.658 -0.055 -0.685 0.726
28.246 23.158 21.7 0.319 0.641 0.698
28.201 23.171 21.707 0.297 0.647 0.702
28.77 25.159 21.664 -0.082 -0.677 0.731
27.64 23.397 21.935 0.671 0.497 0.55
27.489 23.506 22.003 0.596 0.551 0.584
28.643 25.25 21.721 -0.173 -0.612 0.772
27.311 23.702 22.041 0.715 0.42 0.559
28.098 22.467 22.15 0.245 0.295 0.923
27.536 22.693 22.378 0.62 0.145 0.771
28.305 22.299 22.175 0.107 0.407 0.907
28.094 21.673 22.275 -0.069 -0.115 0.991
27.265 21.887 22.507 0.484 -0.258 0.836
27.827 21.662 22.279 0.109 -0.108 0.988
27.399 20.865 22.015 -0.104 -0.506 0.856
26.837 21.091 22.243 0.27 -0.657 0.704
26.071 19.834 22.403 0.781 0.181 0.598
25.498 20.183 22.717 0.372 0.431 0.822
26.159 21.504 22.616 -0.069 -0.45 0.89
25.962 21.338 22.543 0.063 -0.339 0.939
27.678 20.051 21.115 0.035 -0.913 0.406
26.307 19.146 21.643 0.949 -0.31 0.055
27.544 19.688 20.628 0.124 -0.671 0.731
27.484 19.535 20.473 0.081 -0.78 0.62
26.247 18.993 21.487 0.906 -0.419 -0.056
27.098 17.744 20.135 0.339 0.413 0.845
26.611 17.159 20.392 0.053 0.069 0.996
25.805 18.461 21.72 0.59 -0.799 0.11
25.441 17.422 21.072 0.833 -0.107 0.543
25.203 17.343 21.325 0.635 -0.173 0.753
25.546 18.374 21.995 0.406 -0.861 0.306
25.206 18.221 22.222 0.633 -0.759 0.154
26.237 16.29 20.196 -0.168 -0.442 0.881
25.128 16.696 20.908 0.572 -0.712 0.406
26.42 14.727 20.4 -0.289 0.6 0.745
27.022 16.361 20.173 0.294 -0.401 0.868
27.133 14.791 20.379 0.22 0.646 0.731
28.319 14.714 20.824 -0.57 0.698 0.434
28.237 14.472 21.009 -0.638 0.496 0.589
27.044 14.528 20.58 0.157 0.459 0.875
28.025 13.942 22.158 -0.497 0.85 -0.177
27.519 13.464 22.294 -0.858 0.508 -0.079
26.539 14.05 20.717 -0.204 0.117 0.972
27.325 13.288 21.752 -0.728 0.625 0.282
26.791 12.225 21.25 -0.995 0.093 0.031
26.088 13.152 20.292 -0.527 -0.525 0.669
26.741 11.974 21.172 -0.962 0.261 0.083
26.717 11.888 21.075 -0.982 0.189 0.003
26.062 13.058 20.188 -0.545 -0.591 0.594
26.159 12.606 19.974 -0.61 -0.29 0.737
27.309 10.889 20.365 -0.488 -0.644 -0.589
26.921 11.321 19.06 -0.23 -0.932 0.281
27.521 10.83 20.213 -0.63 -0.604 -0.488
27.686 10.767 20.101 -0.548 -0.636 -0.544
27.085 11.258 18.948 -0.147 -0.963 0.224
27.903 10.704 18.67 -0.693 -0.594 0.41
27.807 10.681 18.435 -0.74 -0.605 0.293
26.99 11.235 18.713 -0.195 -0.975 0.107
27.01 10.795 17.822 -0.209 -0.681 0.702
26.217 11.132 17.637 -0.605 -0.513 0.61
26.197 11.572 18.529 -0.591 -0.806 0.015
26.006 11.559 17.971 -0.464 -0.797 0.387
25.48 11.739 16.603 -0.974 -0.209 0.092
25.32 12.124 17.01 -0.867 -0.465 -0.179
25.328 11.657 16.045 -0.872 -0.154 0.464
25.311 11.697 16.025 -0.882 -0.13 0.452
25.303 12.164 16.99 -0.877 -0.441 -0.191
25.123 11.917 15.816 -0.757 -0.277 0.592
25.151 12.968 15.49 -0.734 0.599 0.32
25.336 13.42 16.6 -0.858 0.297 -0.42
25.004 15.023 15.946 -0.636 -0.772 0.016
25.136 13.047 15.072 -0.747 0.665 -0.028
24.985 15.125 15.409 -0.646 -0.721 -0.253
25.054 15.109 14.83 -0.691 -0.71 0.133
25.857 12.893 14.108 -0.146 0.537 -0.831
25.916 14.925 13.678 -0.184 -0.818 -0.544
27 14.11 13.338 -0.908 -0.275 -0.317
27.547 15.011 12.7 -0.517 0.368 -0.773
26.517 15.916 12.977 0.17 -0.235 -0.957
26.851 15.796 13.021 -0.053 -0.155 -0.987
27.228 16.431 13.137 0.262 0.374 -0.89
26.968 16.675 13.116 0.435 0.211 -0.875
28.116 18.165 11.009 -0.33 -0.782 0.529
27.021 17.309 13.141 0.11 -0.034 -0.993
27.916 18.429 11.49 -0.526 -0.831 0.181
27.687 18.424 10.953 -0.637 -0.596 0.489
26.496 16.961 13.054 0.157 0.379 -0.912
26.214 18.682 12.494 0.345 -0.768 -0.539
25.783 18.613 12.465 -0.014 -0.826 -0.563
25.981 16.878 13.019 -0.146 0.33 -0.932
25.624 16.882 13.031 0.092 0.328 -0.94
25.197 18.713 12.609 -0.502 -0.742 -0.444
25.038 16.983 13.174 -0.397 0.412 -0.821
24.906 18.73 12.815 -0.308 -0.753 -0.581
25.293 19.696 12.057 -0.422 0.077 -0.903
25.021 19.905 12.155 -0.241 -0.062 -0.969
25.737 20.755 11.148 -0.718 -0.629 -0.297
25.461 19.562 11.991 -0.283 -0.035 -0.959
25.953 20.582 11.062 -0.611 -0.715 -0.34
26.44 19.98 10.307 -0.935 -0.314 0.164
26.334 20.303 9.982 -0.988 -0.153 0.001
25.847 20.904 10.737 -0.664 -0.554 -0.502
26.284 20.466 9.776 -0.955 -0.262 0.139
26.233 20.838 9.554 -0.998 0.049 -0.046
25.781 21.383 10.453 -0.697 -0.315 -0.645
25.64 21.563 10.49 -0.603 -0.434 -0.669
25.838 22.081 10.214 -0.438 -0.003 -0.899
26.035 22.049 10.098 -0.569 0.018 -0.822
26.431 21.356 9.278 -0.833 0.48 -0.275
26.653 21.584 9.174 -0.648 0.67 -0.363
26.321 22.342 9.963 -0.427 0.164 -0.889
27.093 22.219 8.286 -0.942 0.246 0.229
28.319 23.089 8.656 -0.067 0.867 0.493
27.771 23.371 10.401 0.299 0.679 -0.67
28.638 22.971 9.15 -0.28 0.946 0.163
29.212 22.939 9.559 0.007 0.93 0.367
28.345 23.339 10.809 0.586 0.663 -0.466
29.244 23.117 10.986 -0.014 0.811 -0.584
29.221 23.339 11.385 -0.026 0.923 -0.385
28.322 23.562 11.208 0.574 0.774 -0.267
28.981 23.644 11.831 0.134 0.719 -0.682
30.239 23.238 12.004 0.484 0.872 -0.076
29.999 23.543 12.449 0.644 0.669 -0.373
31.089 23.147 12.417 -0.083 0.933 -0.351
31.092 23.154 12.435 -0.082 0.936 -0.342
30.002 23.55 12.467 0.645 0.672 -0.364
30.338 23.672 12.953 0.421 0.591 -0.688
31.553 23.256 13.003 0.149 0.987 -0.058
30.799 23.774 13.521 0.651 0.642 -0.404
31.311 23.445 13.519 0.31 0.862 -0.402
31.399 23.55 13.986 0.362 0.924 -0.127
30.893 23.887 14.024 0.699 0.699 -0.153
32.255 24.813 15.257 -0.209 0.082 -0.974
32.162 24.905 15.292 -0.286 0.158 -0.945
30.774 24.005 14.069 0.639 0.758 -0.13
31.959 25.067 15.356 -0.151 0.05 -0.987
33.343 24.086 15.839 0.697 -0.524 -0.489
33.477 24.015 16.059 0.608 -0.476 -0.636
34.119 23.199 16.577 0.18 0.068 -0.981
34.687 23.867 17.111 0.586 0.545 -0.6
34.15 24.805 16.69 0.944 -0.081 -0.32
35.013 23.944 17.393 0.369 0.493 -0.788
35.045 24.046 17.482 0.396 0.579 -0.713
34.192 24.937 16.806 0.965 -0.015 -0.262
34.733 25.425 17.493 0.604 -0.341 -0.72
34.336 26.381 17.127 0.406 0.137 -0.904
33.795 25.893 16.439 0.766 0.463 -0.445
33.848 26.411 16.78 0.731 0.117 -0.672
33.679 27.633 17.65 0.077 0.763 -0.642
33.293 27.469 17.222 0.334 0.873 -0.356
33.122 28.469 17.993 0.448 0.206 -0.87
34.14 27.784 18.034 0.308 0.838 -0.45
33.584 28.62 18.376 0.679 0.281 -0.678
34.532 28.443 18.732 0.047 0.399 -0.916
34.476 29.127 19.221 0.019 0.741 -0.671
33.528 29.304 18.865 0.651 0.623 -0.434
33.914 29.949 19.563 0.394 0.193 -0.899
33.904 29.957 19.56 0.389 0.197 -0.9
33.518 29.312 18.863 0.646 0.627 -0.435
33.452 29.779 19.186 0.69 0.316 -0.651
32.082 31.255 21.146 -0.522 0.846 -0.107
31.629 31.077 20.772 -0.221 0.965 0.142
32.233 31.502 21.56 -0.623 0.682 -0.383
31.777 30.843 22.426 -0.949 0.212 0.235
31.09 30.298 21.797 -0.491 0.575 0.654
31.542 30.476 22.17 -0.792 0.457 0.405
32.493 27.889 22.253 -0.316 -0.837 0.447
32.041 27.711 21.88 -0.015 -0.718 0.696
32.108 27.244 21.556 -0.059 -0.407 0.912
32.518 27.878 22.25 -0.304 -0.842 0.445
32.132 27.233 21.553 -0.047 -0.412 0.91
33.081 27.056 21.909 -0.679 -0.294 0.672
33.088 26.759 21.743 -0.676 -0.443 0.589
32.139 26.936 21.386 -0.043 -0.561 0.827
32.541 25.528 21.319 -0.311 0.378 0.872
32.394 25.488 21.276 -0.385 0.358 0.851
31.992 26.896 21.344 -0.117 -0.581 0.805
32.173 25.337 21.268 -0.238 0.458 0.856
32.086 23.853 20.987 -0.539 -0.46 0.706
31.934 24.065 21.043 -0.437 -0.601 0.669
30.887 22.579 20.721 0.261 0.389 0.883
30.765 22.668 20.707 0.159 0.463 0.872
31.812 24.154 21.029 -0.538 -0.527 0.657
30.004 23.569 20.916 0.667 -0.137 0.733
30.497 22.408 20.821 -0.064 0.247 0.967
29.713 23.286 21.04 0.459 -0.339 0.821
29.166 22.241 21.613 0.824 0.358 0.439
28.839 22.508 21.804 0.551 0.581 0.599
29.358 23.577 21.248 0.205 -0.132 0.97
28.784 22.736 21.674 0.588 0.429 0.686
30.527 21.467 20.672 -0.039 -0.537 0.842
29.195 21.3 21.464 0.848 -0.426 0.315
30.416 21.082 20.497 0.035 -0.281 0.959
30.398 21.04 20.484 0.022 -0.311 0.95
29.179 21.261 21.452 0.835 -0.458 0.305
29.221 21.133 21.221 0.807 -0.372 0.459
30.218 20.574 20.215 -0.107 -0.644 0.758
29.008 20.58 20.902 0.7 -0.648 0.3
29.283 20.002 20.129 0.517 -0.263 0.815
28.365 19.475 20.196 0.058 -0.526 0.849
28.09 20.054 20.969 0.241 -0.912 0.333
27.892 19.69 20.505 0.373 -0.669 0.643
28.146 19.258 20.041 -0.052 -0.634 0.771
27.707 19.507 20.374 0.241 -0.8 0.549
27.343 17.714 20.026 0.483 0.395 0.781
28.514 19.064 19.837 0.132 -0.731 0.669
27.685 17.533 19.836 0.684 0.289 0.67
28.176 17.353 19.581 0.357 0.409 0.84
27.873 16.367 19.852 0.205 -0.084 0.975
27.403 16.617 20.088 0.518 -0.25 0.818
28.637 14.928 20.753 -0.305 0.876 0.375
28.715 16.501 19.461 0.626 -0.016 0.779
29.293 15.032 20.448 0.241 0.963 0.121
28.883 16.392 19.346 0.514 0.057 0.856
29.053 16.345 19.225 0.656 0.017 0.755
29.462 14.985 20.327 0.383 0.924 0.02
29.703 14.913 20.236 0.222 0.972 0.081
29.203 14.483 21.381 -0.028 0.757 0.653
29.073 14.651 21.218 0.059 0.645 0.762
28.933 14.136 22.384 0.152 0.988 -0.015
30.108 14.024 21.547 0.424 0.527 0.736
29.697 13.748 22.524 0.698 0.711 0.085
30.905 13.524 21.903 -0.107 0.86 0.499
30.942 13.471 21.996 -0.089 0.833 0.546
29.729 13.703 22.603 0.72 0.679 0.141
29.981 13.472 22.875 0.552 0.833 -0.041
28.58 11.804 23.593 -0.615 -0.557 0.557
28.207 11.891 23.382 -0.367 -0.615 0.698
28.559 10.356 23.398 -0.601 0.408 0.687
28.434 10.325 23.29 -0.705 0.383 0.597
28.071 11.857 23.264 -0.464 -0.639 0.614
27.978 11.387 22.901 -0.402 -0.325 0.856
28.25 9.507 22.073 -0.858 -0.299 -0.418
27.742 10.335 21.336 -0.519 -0.851 0.074
28.212 9.882 21.335 -0.832 -0.549 0.074
28.414 10.094 20.148 -0.731 -0.443 -0.519
27.945 10.548 20.15 -0.418 -0.745 -0.52
28.162 10.485 18.719 -0.563 -0.703 0.434
28.626 9.901 20.058 -0.625 -0.539 -0.564
28.374 10.292 18.629 -0.457 -0.8 0.389
28.818 9.746 19.952 -0.753 -0.436 -0.493
29.679 9.472 19.648 -0.035 -0.665 -0.746
29.481 9.939 18.238 0.097 -0.976 0.194
30.922 8.693 17.805 -0.864 -0.146 0.482
30.801 8.653 17.491 -0.95 -0.174 0.258
29.338 9.892 17.866 0.025 -1 0.008
29.094 9.772 17.361 0.187 -0.92 0.345
27.576 10.537 17.91 -0.572 -0.537 0.62
27.819 10.657 18.416 -0.734 -0.617 0.283
27.021 10.771 17.802 -0.203 -0.693 0.692
27.684 9.981 16.149 -0.518 -0.815 -0.26
27.13 10.215 16.041 -0.149 -0.971 -0.188
26.862 10.24 15.523 0.03 -0.987 0.157
27.966 9.991 15.771 -0.377 -0.81 -0.45
27.124 10.249 15.171 0.184 -0.982 -0.05
27.286 10.252 14.853 0.076 -0.984 0.162
27.226 11.838 13.529 0.027 0.337 -0.941
27.053 12.144 13.589 0.142 0.133 -0.981
27.786 13.456 12.978 -0.347 -0.742 -0.574
27.007 14.098 13.329 -0.903 -0.284 -0.324
26.196 12.85 13.974 -0.362 0.548 -0.754
25.864 12.882 14.1 -0.14 0.527 -0.838
27.345 11.794 13.524 0.126 0.301 -0.945
27.915 13.409 12.973 -0.254 -0.775 -0.578
28.314 13.108 13.053 -0.52 -0.575 -0.631
28.374 13.167 12.957 -0.49 -0.546 -0.68
27.966 13.459 12.892 -0.218 -0.74 -0.636
28.826 12.824 12.721 -0.792 -0.317 -0.522
28.978 13.142 12.405 -0.716 -0.158 -0.68
28.094 13.727 12.625 -0.126 -0.548 -0.827
28.797 13.14 10.203 -0.595 -0.157 0.788
28.862 14.001 11.746 -0.794 0.03 -0.607
29.039 13.853 11.135 -0.982 0.187 0.039
28.996 14.226 9.997 -0.453 0.619 0.641
28.293 14.814 12.419 0.015 0.228 -0.974
29.676 15.584 11.423 -0.907 -0.286 -0.31
29.541 16.337 11.854 -0.986 0.157 -0.057
28.17 15.498 12.81 -0.072 0.716 -0.694
28.927 17.145 12.852 -0.577 -0.382 -0.722
28.897 17.158 12.87 -0.602 -0.371 -0.707
28.137 15.512 12.83 -0.096 0.727 -0.68
27.394 16.258 13.14 0.4 0.23 -0.887
28.805 17.315 12.885 -0.678 -0.24 -0.695
27.302 16.415 13.155 0.324 0.361 -0.875
28.197 18.147 11.028 -0.272 -0.794 0.543
27.315 16.773 13.255 0.26 0.135 -0.956
28.112 18.342 11.37 -0.272 -0.913 0.303
28.838 17.29 12.863 -0.651 -0.261 -0.713
28.233 18.119 11.004 -0.247 -0.814 0.526
28.575 17.682 10.731 -0.475 -0.522 0.708
27.581 18.265 9.421 -0.971 -0.231 0.053
27.393 18.612 9.898 -0.846 -0.462 -0.265
27.061 19.071 9.706 -0.625 -0.769 -0.137
26.963 19.218 10.48 -0.673 -0.696 0.251
27.311 18.735 10.552 -0.905 -0.374 0.203
25.868 18.969 12.125 0.057 -0.53 -0.846
27.625 18.543 8.713 -0.949 -0.092 -0.301
27.105 19.35 8.998 -0.602 -0.63 -0.491
27.487 18.913 7.679 -0.857 -0.338 0.388
27.338 19.718 7.313 -0.963 0.236 0.127
26.929 20.302 8.565 -0.69 -0.153 -0.707
26.747 20.465 8.674 -0.569 -0.262 -0.779
27.382 19.881 7.243 -0.932 0.353 0.077
26.787 20.616 8.609 -0.536 -0.137 -0.833
27.239 21.168 7.673 -0.838 -0.505 -0.209
27.709 20.164 6.503 -0.699 0.555 -0.451
27.567 21.451 6.933 -0.604 -0.303 -0.737
27.353 19.753 5.356 -0.462 0.83 0.314
27.426 19.816 5.277 -0.409 0.875 0.258
27.639 21.515 6.854 -0.552 -0.257 -0.793
27.905 20.102 5.687 -0.729 0.684 -0.015
28.211 20.344 5.474 -0.56 0.818 -0.133
27.91 21.728 6.666 -0.359 -0.105 -0.928
28.224 21.944 6.452 -0.568 -0.249 -0.784
29.009 23.28 7.987 0.085 0.865 0.495
28.762 23.179 8.334 0.25 0.932 0.263
29.163 23.078 8.769 -0.017 0.999 -0.027
29.052 23.28 7.978 0.122 0.865 0.487
29.219 23.078 8.758 0.01 0.999 -0.033
30.203 24.34 7.587 -0.645 0.158 0.748
30.727 24.246 7.926 -0.383 0.111 0.917
29.743 22.984 9.097 0.273 0.952 0.136
31.323 23.491 9.134 -0.781 0.614 0.112
31.362 23.372 9.523 -0.753 0.529 0.39
29.789 22.843 9.558 0.296 0.882 0.367
29.821 23.021 10.986 0.274 0.763 -0.585
31.844 23.388 10.006 -0.409 0.541 0.735
30.391 23.04 11.557 0.559 0.773 -0.299
32.439 23.327 10.946 -0.806 0.582 0.108
32.453 23.336 10.998 -0.799 0.586 0.134
30.405 23.049 11.608 0.566 0.777 -0.273
32.571 23.496 11.177 -0.878 0.479 0.015
32.572 23.498 11.184 -0.877 0.481 0.021
30.406 23.051 11.618 0.567 0.779 -0.268
31.256 22.96 12.031 0.001 0.839 -0.544
33.505 23.418 12.245 -0.099 0.414 0.905
32.456 22.857 13.395 0.6 0.788 0.138
33.654 23.235 12.371 -0.198 0.536 0.821
33.758 23.132 12.455 -0.146 0.485 0.862
32.56 22.754 13.479 0.652 0.736 0.18
33.067 22.459 13.486 0.314 0.933 0.175
33.045 22.421 13.668 0.301 0.911 0.283
32.536 22.714 13.675 0.641 0.716 0.278
32.946 24.303 15.389 0.367 -0.344 -0.864
32.762 24.477 15.278 0.213 -0.199 -0.957
32.298 22.937 13.533 0.522 0.828 0.207
32.004 23.148 14.011 0.718 0.687 -0.112
33.182 22.329 13.779 0.382 0.856 0.348
33.061 24.225 15.482 0.463 -0.408 -0.787
33.338 22.191 14.069 0.278 0.948 0.154
33.551 21.981 14.413 0.455 0.773 0.441
33.274 24.016 15.825 0.64 -0.583 -0.501
34.044 23.122 16.562 0.127 0.013 -0.992
32.961 20.916 15.075 -0.036 -0.114 0.993
33.403 21.965 17.282 -0.331 -0.813 -0.478
32.03 21.505 15.614 0.585 -0.507 0.634
31.845 21.521 15.76 0.431 -0.494 0.755
33.203 21.982 17.44 -0.474 -0.801 -0.365
32.613 22.139 17.518 -0.081 -0.906 -0.416
32.639 22.021 17.839 -0.068 -0.964 -0.256
33.225 21.883 17.712 -0.458 -0.872 -0.171
31.415 21.04 18.334 0.749 -0.31 -0.586
31.693 21.027 19.124 0.947 -0.32 -0.022
33.503 21.869 18.501 -0.26 -0.882 0.393
32.968 22.005 18.773 0.097 -0.973 0.212
33.58 22.479 19.44 0.402 -0.735 0.545
34.02 22.27 19.065 0.109 -0.596 0.796
34.237 22.875 20.261 -0.036 -0.999 -0.002
34.41 22.88 20.227 0.087 -0.996 -0.026
34.192 22.275 19.031 0.232 -0.592 0.771
34.557 22.478 19.16 -0.011 -0.728 0.685
35.512 24.488 19.619 0.874 0.153 -0.461
35.572 23.958 18.6 0.835 0.505 0.219
35.524 25.461 18.855 0.867 -0.497 0.049
35.281 25.594 18.029 0.665 -0.386 -0.64
35.329 24.091 17.774 0.633 0.616 -0.47
35.098 25.483 17.869 0.787 -0.312 -0.533
35.382 26.7 18.328 0.748 0.536 -0.391
35.227 26.906 18.253 0.851 0.399 -0.341
35.619 27.565 18.951 0.59 -0.04 -0.806
35.513 26.568 18.45 0.857 0.426 -0.289
35.787 27.395 19.108 0.674 -0.125 -0.728
36.115 27.101 19.347 0.456 0.071 -0.887
36.487 27.771 21.177 0.722 0.55 0.42
36.228 28.188 21.274 0.894 0.272 0.355
36.086 28.815 21.829 0.989 -0.146 -0.014
35.936 29.327 21.345 0.864 0.28 -0.418
36.035 28.847 20.652 0.798 0.601 0.044
35.835 29.286 21.005 0.932 0.308 -0.191
34.938 29.74 20.121 0.405 0.575 -0.711
35.071 29.335 19.701 0.316 0.845 -0.431
34.509 30.157 20.043 0.691 0.297 -0.659
35.253 30.135 21.362 0.59 0.807 0.019
34.847 30.582 21.377 0.86 0.51 0.008
35.449 30.038 21.643 0.459 0.872 -0.169
35.311 30.067 22.181 0.344 0.897 0.279
34.669 30.62 22.068 0.772 0.528 0.354
34.419 30.965 22.339 0.939 0.298 0.173
34.919 29.493 22.936 0.017 0.418 0.908
33.993 30.341 23.159 0.634 -0.147 0.759
34.165 29.882 23.039 0.52 0.159 0.839
34.722 28.964 23.033 -0.147 -0.023 0.989
33.912 29.201 23.163 0.393 -0.181 0.902
34.383 28.852 23.022 0.078 0.052 0.996
33.637 27.819 22.604 -0.36 -0.555 0.75
33.109 28.091 22.713 -0.008 -0.736 0.677
33.672 27.269 22.372 -0.384 -0.188 0.904
34.963 27.998 22.67 0.42 -0.45 0.788
35.098 27.461 22.443 0.33 -0.092 0.94
35.207 28.25 22.738 0.257 -0.618 0.743
35.823 28.412 22.347 0.77 -0.483 0.417
35.89 27.669 21.941 0.725 0.012 0.688
36.201 27.332 21.74 0.518 0.237 0.822
35.586 26.346 21.821 0.079 -0.468 0.88
35.162 26.501 22.037 0.361 -0.572 0.736
35.041 25.184 21.877 0.442 0.306 0.843
33.843 25.146 21.806 -0.556 0.275 0.784
33.622 26.452 21.946 -0.409 -0.596 0.691
33.075 25.221 21.522 -0.044 0.225 0.973
33.929 24.248 21.747 -0.485 -0.474 0.735
33.185 24.066 21.446 0.011 -0.353 0.936
33.763 23.918 21.512 -0.375 -0.254 0.892
33.964 22.927 20.468 -0.231 -0.962 0.146
33.423 22.893 20.21 0.13 -0.939 0.318
33.256 22.541 19.685 0.241 -0.704 0.668
32.854 22.569 19.794 0.04 -0.691 0.722
33.021 22.921 20.319 -0.072 -0.925 0.372
31.614 21.855 20.202 0.867 -0.214 0.451
32.889 22.319 19.502 0.057 -0.815 0.576
31.641 21.66 19.974 0.889 -0.376 0.261
31.626 21.292 19.739 0.899 -0.131 0.418
35.689 24.742 20.648 0.982 -0.061 -0.181
35.675 24.456 20.318 0.991 0.13 0.039
36.29 25.866 20.486 0.581 -0.811 -0.073
36.163 25.991 19.905 0.491 -0.722 -0.489
35.548 24.58 19.737 0.9 0.219 -0.377
35.557 25.547 18.964 0.894 -0.425 0.139
32.447 22.129 17.592 -0.164 -0.911 -0.379
31.252 21.131 18.125 0.632 -0.246 -0.735
31.716 21.513 15.818 0.323 -0.5 0.803
31.662 21.45 15.797 0.279 -0.552 0.786
31.194 21.063 18.102 0.591 -0.294 -0.751
30.823 21.113 17.63 0.838 -0.327 -0.436
30.725 20.844 17.693 0.789 -0.462 -0.405
31.112 20.836 18.155 0.532 -0.456 -0.713
32.143 19.023 16.125 -0.156 0.752 0.64
30.884 20.531 18.112 0.652 -0.566 -0.505
31.785 18.883 16.294 0.009 0.61 0.793
32.024 18.583 16.465 -0.226 0.494 0.84
31.003 20.436 18.464 0.455 -0.742 -0.493
30.383 19.303 16.981 0.868 0.014 0.496
30.228 19.12 17.186 0.758 -0.117 0.642
30.849 20.253 18.669 0.344 -0.873 -0.347
29.949 19.388 18.373 0.944 -0.295 -0.15
29.722 19.302 19.206 0.754 -0.367 0.545
30.601 20.16 19.574 0.167 -0.939 0.3
29.737 19.512 19.37 0.744 -0.507 0.436
29.165 18.909 19.342 0.29 -0.694 0.659
29.022 19.007 19.546 0.386 -0.76 0.523
28.684 17.296 19.29 0.611 0.381 0.694
29.62 18.856 18.653 0.67 -0.738 0.084
29.269 17.229 18.403 0.904 0.347 0.251
30.808 16.467 18.023 -0.122 0.855 0.505
30.779 16.269 18.278 -0.143 0.713 0.687
29.235 16.993 18.705 0.887 0.23 0.402
29.288 16.774 18.759 0.851 0.375 0.366
30.699 15.757 18.599 -0.2 0.347 0.916
29.214 16.303 19.054 0.79 -0.017 0.613
29.911 14.86 20.016 0.326 0.945 -0.029
31.293 15.403 18.674 0.224 0.095 0.97
30.613 14.442 20.105 0.677 0.736 0.016
31.13 14.133 20.044 0.332 0.941 0.057
31.154 13.991 20.546 0.349 0.84 0.416
30.641 14.273 20.701 0.691 0.651 0.313
31.439 13.774 21.056 0.159 0.984 0.076
31.571 13.856 20.2 0.647 0.744 0.169
31.932 13.614 20.646 0.406 0.905 -0.129
33.207 14.06 19.465 -0.444 0.608 0.659
33.818 13.594 19.889 -0.007 0.275 0.961
32.656 13.063 21.148 0.768 0.629 0.122
33.149 12.733 20.888 0.439 0.849 0.295
33.166 12.079 21.751 0.447 0.521 0.727
32.673 12.408 22.011 0.776 0.302 0.553
32.527 12.466 22.228 0.874 0.263 0.409
31.38 13.106 22.455 -0.082 0.797 0.598
31.199 13.232 22.303 0.039 0.713 0.7
30.18 13.286 23.115 0.718 0.677 0.159
31.475 12.003 22.928 -0.003 -0.123 0.992
30.275 12.182 23.587 0.797 -0.242 0.553
30.698 11.04 23.393 0.515 0.519 0.682
29.418 10.582 23.693 -0.4 0.191 0.896
29.096 11.76 23.863 -0.185 -0.594 0.783
29.075 10.312 23.669 -0.171 0.372 0.913
30.133 8.974 22.063 0.112 -0.957 -0.268
29.734 8.832 22.169 0.378 -0.862 -0.338
30.119 9.013 21.458 0.121 -0.983 0.136
30.728 9.175 22.123 0.536 -0.813 -0.225
30.823 9.251 21.528 0.473 -0.864 0.171
31.849 9.275 21.148 -0.211 -0.88 0.425
31.574 9.164 20.401 -0.348 -0.936 0.051
30.548 9.14 20.781 0.336 -0.92 -0.202
31.875 8.529 19.486 -0.549 -0.512 0.661
31.611 8.535 19.211 -0.695 -0.509 0.508
30.272 9.146 20.493 0.198 -0.917 -0.347
30.098 9.159 20.289 0.314 -0.926 -0.211
31.242 8.736 18.622 -0.9 -0.397 0.181
29.797 9.323 19.81 0.064 -0.789 -0.611
30.894 9.247 19.04 -0.667 -0.738 -0.098
30.832 9.325 18.945 -0.711 -0.683 -0.165
29.741 9.394 19.723 0.016 -0.73 -0.684
30.989 8.609 17.887 -0.816 -0.206 0.54
30.87 9.279 18.982 -0.684 -0.716 -0.139
31.027 8.563 17.923 -0.789 -0.238 0.566
31.215 8.772 18.556 -0.915 -0.377 0.144
32.483 7.691 18.275 -0.211 -0.978 -0.012
32.149 7.607 17.674 0.013 -0.921 0.389
32.93 7.426 18.732 -0.509 -0.801 -0.317
33.703 7.56 18.185 0.043 -0.705 -0.708
32.921 7.741 17.126 0.564 -0.825 -0.003
33.356 7.843 17.656 0.274 -0.893 -0.356
33.799 8.588 17.025 0.521 -0.479 -0.707
33.313 8.401 16.568 0.844 -0.354 -0.402
34.96 9.231 15.465 -0.253 -0.908 0.334
34.939 9.225 15.429 -0.27 -0.913 0.304
33.291 8.394 16.529 0.829 -0.359 -0.429
34.677 9.267 15.4 -0.095 -0.942 0.323
34.443 9.225 15.091 -0.213 -0.963 0.168
33.093 8.358 16.267 0.687 -0.385 -0.616
34.34 8.373 13.982 -0.144 -0.394 0.908
33.136 8.909 15.287 0.16 -0.935 -0.316
33.536 8.913 14.554 -0.174 -0.939 0.297
33.571 8.383 13.562 -0.693 -0.387 0.608
32.324 8.368 15.848 0.138 -0.378 -0.916
33.099 8.89 13.612 -0.378 -0.725 0.575
32.439 9.482 13.541 -0.745 -0.396 0.536
31.74 8.892 15.786 -0.279 -0.003 -0.96
31.887 9.555 13.128 -0.378 -0.445 0.812
32.223 9.312 15.466 -0.7 -0.028 -0.714
32.324 9.763 13.655 -0.769 -0.341 0.541
31.784 9.926 13.214 -0.452 -0.18 0.874
31.636 9.263 15.873 -0.353 0.262 -0.898
32.442 10.285 14.26 -0.89 -0.42 0.177
32.416 10.362 14.295 -0.909 -0.365 0.202
31.61 9.34 15.908 -0.372 0.316 -0.873
29.997 10.518 15.399 0.704 -0.469 -0.533
29.457 9.957 15.75 0.254 -0.937 -0.241
31.024 8.73 16.289 -0.791 -0.119 -0.6
29.359 9.863 15.938 0.319 -0.874 -0.366
28.99 10.315 15.13 -0.135 -0.638 -0.758
28.759 10.323 15.14 0.019 -0.644 -0.765
27.902 10.511 14.362 0.59 -0.769 -0.246
29.207 10.67 14.913 0.046 -0.342 -0.938
28.119 10.866 14.146 0.771 -0.473 -0.427
29.761 11.572 13.617 -0.324 -0.943 -0.075
28.806 12.734 12.814 -0.801 -0.362 -0.476
27.376 11.77 13.521 0.152 0.281 -0.948
28.354 13.077 13.049 -0.5 -0.59 -0.633
29.597 10.586 15.04 0.371 -0.412 -0.832
30.263 11.463 13.781 -0.073 -0.997 0.007
31.323 10.076 12.861 -0.78 -0.073 0.621
31.043 10.43 11.89 -0.981 0.18 -0.072
29.93 11.882 12.632 -0.239 -0.788 -0.567
29.97 11.991 12.432 -0.266 -0.861 -0.434
29.484 12.516 12.223 -0.672 -0.423 -0.608
29.304 12.557 12.363 -0.552 -0.45 -0.701
29.073 12.646 10.167 -0.398 -0.51 0.763
29.838 12.265 12.14 -0.377 -0.633 -0.676
29.457 12.373 10.077 -0.123 -0.705 0.699
29.967 11.922 9.943 -0.463 -0.404 0.789
29.55 11.685 9.386 -0.695 -0.536 0.479
29.088 12.163 9.585 -0.387 -0.854 0.347
29.655 11.042 9.152 -0.765 -0.107 0.635
29.326 11.216 8.269 -1 0.018 0.004
28.759 12.337 8.702 -0.622 -0.73 -0.284
29.179 11.882 8.388 -0.901 -0.427 -0.075
29.2 12.459 7.722 -0.889 -0.106 -0.445
28.779 12.848 8.112 -0.608 -0.365 -0.705
28.641 13.419 6.424 -0.517 -0.746 0.421
28.377 13.849 6.584 -0.737 -0.387 0.554
28.491 13.315 8.286 -0.813 -0.031 -0.581
28.395 14.032 6.779 -0.749 -0.509 0.424
28.321 14.31 6.921 -0.786 -0.37 0.495
28.429 13.55 8.406 -0.858 0.137 -0.495
27.986 14.847 7.077 -0.563 -0.728 0.391
28.014 15.506 7.763 -0.549 -0.398 0.735
28.452 14.107 8.986 -0.841 0.534 -0.081
28.113 15.664 7.955 -0.615 -0.503 0.607
28.441 15.986 8.319 -0.342 -0.235 0.91
28.809 14.457 9.381 -0.587 0.784 0.202
28.613 16.959 9.525 -0.456 -0.884 0.106
28.893 16.947 9.972 -0.316 -0.89 0.329
29.046 14.447 9.759 -0.417 0.777 0.471
29.731 15.827 11.162 -0.874 -0.143 -0.464
28.697 17.535 10.69 -0.414 -0.596 0.688
29.549 16.374 11.829 -0.981 0.178 -0.071
28.933 17.175 12.832 -0.571 -0.356 -0.739
27.895 16.471 7.923 -0.797 0.169 0.58
27.91 17.583 9.017 -0.807 -0.572 -0.149
27.734 16.544 7.723 -0.689 0.121 0.714
27.579 17.146 7.26 -0.767 0.422 0.483
27.755 18.185 8.554 -0.885 -0.271 -0.38
27.596 18.611 7.545 -0.779 -0.554 0.293
27.418 17.267 6.734 -0.848 0.483 0.22
27.46 18.713 7.101 -0.876 -0.481 -0.024
27.104 18.301 5.953 -0.639 -0.207 0.741
27.18 16.785 6.127 -0.967 0.242 -0.084
26.903 17.894 5.44 -0.783 -0.498 0.374
27.156 16.702 5.873 -0.951 0.297 0.085
27.935 16.331 4.627 -0.302 -0.012 -0.953
27.75 17.491 4.086 -0.178 -0.785 -0.593
28.181 16.308 4.524 -0.466 0.003 -0.885
28.968 16.566 4.317 -0.073 0.132 -0.989
28.414 17.709 3.911 0.296 -0.63 -0.718
29.73 15.99 3.777 -0.581 0.516 -0.629
29.743 16 3.774 -0.572 0.524 -0.631
28.427 17.72 3.907 0.306 -0.622 -0.72
30.289 17.144 3.216 -0.936 -0.239 -0.259
30.555 18.555 2.994 -0.803 0.467 -0.37
28.652 18.912 3.72 0.466 0.229 -0.854
29.291 19.081 3.927 0.04 0.117 -0.992
29.25 19.206 3.945 0.018 0.186 -0.982
28.616 19.023 3.736 0.441 0.309 -0.843
29.767 19.665 3.878 -0.327 -0.119 -0.937
29.279 20.436 4.354 -0.676 0.432 -0.597
28.127 19.794 4.212 0.092 0.86 -0.503
28.698 20.078 4.483 -0.289 0.671 -0.683
29.251 20.821 5.007 -0.696 0.706 -0.131
28.667 20.512 5.221 -0.306 0.912 -0.274
28.595 22.081 6.245 -0.259 -0.134 -0.957
29.299 20.862 4.99 -0.662 0.736 -0.143
28.639 22.119 6.229 -0.222 -0.102 -0.97
29.553 22.535 5.384 -0.831 -0.379 -0.406
29.417 23.562 5.8 -0.929 0.354 -0.109
28.514 23.065 6.612 -0.327 0.686 -0.651
29.51 24.064 5.832 -0.991 0.019 -0.13
30.945 22.485 4.7 0.163 -0.415 -0.895
31.319 22.789 4.529 -0.087 -0.618 -0.781
30.69 20.812 4.305 0.332 0.7 -0.632
31.211 20.6 4.559 0.704 0.549 -0.451
31.935 22.538 4.829 0.221 -0.743 -0.631
33.156 21.28 5.082 -0.593 0.095 -0.8
34.16 22.157 5.247 0.125 0.721 -0.681
33.124 23.576 5.025 0.816 -0.225 -0.533
33.963 23.97 5.477 0.256 -0.487 -0.835
33.879 24.376 5.278 0.215 -0.284 -0.934
33.041 23.982 4.826 0.774 -0.021 -0.633
33.32 24.911 4.618 0.588 -0.641 -0.494
32.61 25.002 4.069 0.233 -0.595 -0.769
32.331 24.073 4.277 0.419 0.024 -0.908
32.182 24.611 4.095 0.518 -0.335 -0.787
30.279 25.759 6.662 -0.601 0.34 0.723
30.284 25.307 7.038 -0.605 0.641 0.473
30.563 26.235 6.83 -0.791 0.022 0.611
31.24 26.157 7.39 -0.452 -0.017 0.892
30.961 25.228 7.598 -0.266 0.602 0.753
31.8 25.622 8.05 -0.825 0.339 0.452
31.91 24.96 8.423 -0.77 0.008 0.638
31.071 24.567 7.97 -0.211 0.271 0.939
31.614 23.762 9.171 -0.573 0.808 0.139
32.755 25.055 9.019 -0.348 0.055 0.936
32.328 23.841 9.675 -0.063 0.865 0.499
33.012 23.863 10.555 -0.519 0.85 -0.088
32.921 23.81 10.625 -0.565 0.823 -0.052
32.251 23.796 9.735 -0.119 0.832 0.541
32.935 23.865 10.887 -0.574 0.787 -0.227
32.604 23.552 11.112 -0.85 0.526 -0.04
31.892 23.456 9.979 -0.375 0.589 0.716
32.496 23.407 10.914 -0.778 0.622 0.092
34.379 25.243 8.893 0.464 0.15 0.873
34.636 24.051 10.428 0.293 0.944 -0.151
35.183 23.972 10.168 -0.072 0.997 0.023
35.19 23.972 10.183 -0.066 0.997 0.034
34.645 24.052 10.447 0.297 0.944 -0.142
35.79 24.187 10.58 -0.466 0.854 -0.231
35.879 22.591 12.632 -0.416 -0.032 0.909
34.739 22.38 12.596 0.344 0.108 0.933
34.005 21.715 13.933 0.833 0.552 0.041
33.577 22.107 13.929 0.477 0.878 0.038
34.189 22.884 12.591 0.069 0.36 0.93
33.467 22.228 13.612 0.55 0.797 0.249
35.93 22.505 12.649 -0.388 -0.08 0.918
34.047 21.645 13.947 0.868 0.493 0.053
36.11 21.865 12.843 -0.507 0.347 0.789
36.206 20.791 12.851 -0.439 -0.42 0.794
34.135 20.656 13.955 0.942 -0.331 0.059
34.743 18.945 14.395 0.537 0.81 -0.235
33.522 19.093 15.786 -0.073 0.884 0.461
33.186 20.771 15.036 0.151 -0.235 0.96
32.941 19.165 15.802 0.314 0.836 0.45
32.597 19.237 15.828 0.111 0.878 0.465
32.898 20.831 15.058 -0.089 -0.185 0.979
31.966 21.42 15.597 0.532 -0.577 0.619
32.121 19.126 15.985 -0.169 0.813 0.558
31.568 21.327 15.729 0.2 -0.655 0.729
30.701 20.954 17.542 0.777 -0.406 -0.48
30.412 20.206 17.158 0.99 0.028 -0.137
31.312 19.096 16.202 0.387 0.772 0.504
33.094 17.399 16.778 -0.287 0.037 0.957
32.543 17.59 16.725 0.08 -0.09 0.993
31.792 16.325 17.749 0.581 0.753 0.31
31.083 16.63 17.636 0.075 0.971 0.228
31.764 17.926 16.6 -0.379 0.107 0.919
30.146 18.706 17.104 0.699 -0.413 0.583
30.926 16.594 17.772 -0.038 0.945 0.326
29.988 18.669 17.24 0.587 -0.439 0.68
29.729 18.973 18.422 0.76 -0.641 -0.108
29.438 18.458 18.197 0.892 -0.394 0.22
30.266 16.746 17.724 0.328 0.773 0.543
33.401 17.055 16.828 -0.134 -0.134 0.982
32.052 16.035 17.791 0.766 0.546 0.339
33.26 15.647 17.412 -0.039 0.805 0.592
33.256 15.308 17.723 -0.042 0.523 0.852
32.048 15.667 18.129 0.763 0.283 0.581
33.14 15.113 17.864 0.035 0.652 0.757
33.119 15.047 17.92 0.025 0.619 0.785
32.03 15.611 18.176 0.751 0.243 0.614
33.504 14.544 18.811 -0.232 0.954 0.191
33.098 14.211 19.193 -0.522 0.716 0.464
31.624 15.277 18.559 0.461 0.005 0.888
32.593 14.224 18.866 -0.185 0.707 0.683
32.56 14.198 18.883 -0.202 0.694 0.691
31.596 15.256 18.573 0.44 -0.011 0.898
31.433 13.985 19.942 0.549 0.836 -0.015
32.573 14.189 18.896 -0.195 0.69 0.697
31.445 13.978 19.953 0.557 0.83 -0.008
33.081 14.181 19.218 -0.534 0.695 0.482
33.239 15.077 17.887 0.085 0.634 0.769
33.605 14.57 18.783 -0.159 0.972 0.171
33.333 15.28 17.741 0.022 0.499 0.866
33.681 15.3 17.658 0.312 0.516 0.798
33.983 14.592 18.694 0.111 0.988 0.108
34.373 14.634 18.501 -0.149 0.96 0.236
35.23 12.635 18.73 0.565 -0.706 0.428
34.914 12.421 18.943 0.776 -0.563 0.286
34.944 11.055 18.539 0.755 0.348 0.555
34.771 10.984 18.764 0.631 0.298 0.716
34.74 12.351 19.168 0.652 -0.613 0.447
34.241 11.262 20.035 0.985 0.113 -0.131
34.763 10.489 18.851 0.626 -0.055 0.778
34.232 10.676 20.138 0.98 -0.18 -0.08
34.637 9.444 19.582 0.71 0.641 0.29
34.309 8.918 20.35 0.476 0.265 0.838
33.844 10.053 21.046 0.786 -0.492 0.374
33.709 9.943 21.249 0.877 -0.418 0.239
32.634 10.247 22.146 -0.019 -0.164 0.986
32.462 10.445 22.199 0.095 -0.296 0.951
31.245 10.163 23.011 0.906 -0.108 0.409
31.236 10.309 23.05 0.899 -0.003 0.437
32.45 10.618 22.246 0.09 -0.209 0.974
31.957 10.948 22.505 0.419 -0.429 0.801
32.401 11.669 22.434 0.641 -0.068 0.765
32.895 11.34 22.174 0.312 0.152 0.938
32.316 11.891 22.556 0.698 -0.216 0.683
31.608 11.545 22.826 0.244 -0.13 0.961
31.699 11.794 22.862 0.184 -0.296 0.937
30.941 10.814 23.321 0.689 0.357 0.631
32.373 9.471 21.605 -0.236 -0.811 0.536
30.963 9.32 22.424 0.704 -0.71 -0.01
32.127 9.447 21.504 -0.072 -0.795 0.603
32.601 9.3 21.32 -0.047 -0.953 0.298
32.419 9.227 21.138 0.074 -0.905 0.42
33.105 8.22 20.427 -0.383 -0.233 0.894
32.489 8.138 19.856 -0.824 -0.292 0.486
31.689 9.129 20.462 -0.291 -0.953 0.082
31.984 8.496 19.545 -0.488 -0.531 0.693
34.84 9.565 17.544 0.681 -0.716 -0.156
34.713 8.52 18.275 0.765 -0.019 -0.644
34.498 8.928 17.759 0.909 -0.291 -0.299
34.77 9.55 17.379 0.631 -0.726 -0.274
34.419 8.911 17.572 0.865 -0.3 -0.403
35.465 9.494 15.91 0.167 -0.689 0.705
35.118 9.945 17.52 0.879 -0.444 -0.173
35.785 9.857 16.041 0.434 -0.386 0.814
35.764 10.08 16.187 0.448 -0.535 0.716
36.061 9.573 14.452 0.597 -0.788 -0.151
36.016 9.463 14.691 0.627 -0.715 -0.311
35.707 8.667 13.442 0.833 -0.184 0.522
34.593 8.337 13.98 0.037 -0.42 0.907
34.991 9.159 15.187 -0.228 -0.968 0.102
34.743 9.182 15.089 -0.062 -0.984 0.168
36.217 10.483 13.437 0.674 -0.334 -0.659
35.839 9.435 12.585 0.927 0.365 -0.09
36.818 11.418 12.305 0.274 -0.957 0.096
36.814 11.412 12.247 0.27 -0.962 0.048
35.833 9.429 12.522 0.923 0.36 -0.135
35.901 10.616 12.009 0.878 -0.431 0.207
35.029 10.171 10.865 0.256 -0.749 -0.611
34.962 8.984 11.377 0.301 0.042 -0.953
34.671 9.569 11.143 0.495 -0.348 -0.796
33.297 8.79 11.559 -0.268 -0.78 -0.565
33.746 8.295 11.746 -0.568 -0.45 -0.689
32.647 8.943 11.373 0.165 -0.882 -0.441
32.27 8.811 12.256 -0.104 -0.976 0.189
33.369 8.163 12.628 -0.837 -0.544 -0.059
32.871 8.641 12.556 -0.505 -0.863 -0.011
33.553 9.471 10.944 -0.126 -0.402 -0.907
32.873 9.546 10.829 0.327 -0.452 -0.83
33.377 10.33 9.248 -0.009 -0.975 0.223
32.925 10.404 9.134 -0.386 -0.913 0.129
32.382 9.626 10.705 -0.024 -0.395 -0.919
31.508 10.15 8.777 0.558 -0.744 0.367
30.258 10.938 9.558 -0.335 -0.18 0.925
31.132 10.414 11.486 -0.917 0.169 -0.361
30.231 11.569 9.844 -0.317 -0.601 0.734
30.233 11.769 9.986 -0.316 -0.489 0.813
31.133 10.592 11.612 -0.916 0.295 -0.271
30.054 12.14 12.176 -0.197 -0.737 -0.647
33.151 10.618 8.201 -0.197 -0.735 -0.649
31.754 10.382 7.763 0.734 -0.578 -0.357
33.076 10.781 8.003 -0.147 -0.843 -0.517
32.869 11.645 7.284 -0.251 -0.412 -0.876
31.579 11.112 7.156 0.609 -0.056 -0.791
31.809 12.221 6.568 0.456 -0.796 -0.399
30.245 12.502 6.486 -0.661 -0.595 -0.457
30.015 11.393 7.074 -0.508 0.145 -0.849
29.957 12.083 7.038 -0.469 -0.315 -0.825
30.244 12.503 6.486 -0.662 -0.594 -0.457
29.956 12.084 7.038 -0.469 -0.315 -0.825
29.527 13.085 5.856 -0.183 -0.982 -0.037
29.511 13.088 5.864 -0.191 -0.981 -0.033
29.942 12.086 7.045 -0.477 -0.313 -0.821
29.245 13.115 5.872 -0.013 -0.999 -0.039
28.022 14.363 6.095 -0.936 -0.343 0.082
28.086 14.107 6.052 -0.979 -0.173 0.111
27.687 14.9 6.251 -0.713 -0.701 -0.022
27.709 14.88 6.366 -0.702 -0.711 0.036
28.103 14.091 6.142 -0.965 -0.186 0.186
28.043 14.343 6.21 -0.925 -0.353 0.14
28.98 15.507 4.211 -0.456 0.228 -0.86
28.646 16.043 4.367 -0.233 -0.129 -0.964
29.459 15.548 3.819 -0.775 0.201 -0.599
30.05 13.713 4.452 0.079 -0.669 -0.739
30.363 14.032 4.023 -0.13 -0.882 -0.453
30.926 13.833 3.987 -0.505 -0.749 -0.429
30.976 15.389 3.092 -0.48 0.03 -0.877
30.405 15.347 3.267 -0.1 0.057 -0.993
31.072 16.371 2.616 -0.544 -0.625 -0.559
31.06 15.359 3.048 -0.438 0.015 -0.899
31.156 16.341 2.572 -0.502 -0.64 -0.582
31.751 15.667 2.292 -0.899 -0.19 -0.395
31.962 16.03 1.865 -0.793 -0.009 -0.609
31.367 16.705 2.144 -0.397 -0.458 -0.795
32.045 16.528 1.559 -0.848 -0.34 -0.405
32.04 17.286 1.323 -0.851 0.039 -0.523
31.362 17.463 1.908 -0.4 -0.079 -0.913
31.748 17.745 1.596 -0.657 -0.267 -0.705
31.699 19.417 2.586 -0.686 0.717 -0.123
31.309 19.262 2.973 -0.426 0.821 -0.381
30.44 20.151 3.844 0.154 0.228 -0.961
29.826 19.598 3.868 -0.285 -0.167 -0.944
30.583 18.607 3.002 -0.789 0.493 -0.366
29.317 19.131 3.935 0.055 0.144 -0.988
32.602 19.791 3.326 -0.155 0.937 0.312
31.26 20.491 4.516 0.739 0.471 -0.481
33.205 21.171 5.039 -0.558 0.017 -0.83
34.165 19.111 3.4 0.765 0.537 0.356
34.626 20.553 5.107 0.457 -0.424 -0.782
34.639 18.756 3.264 0.449 0.774 0.447
34.553 18.055 3.99 0.406 0.423 0.81
34.554 19.961 5.72 0.405 -0.847 -0.343
34.213 19.695 5.788 0.632 -0.67 -0.389
34.306 19.655 6.224 0.71 -0.704 -0.026
34.655 19.917 6.193 0.478 -0.878 -0.006
34.733 17.929 7.365 0.425 0.447 -0.787
34.818 17.981 7.448 0.486 0.484 -0.728
34.739 19.969 6.276 0.538 -0.841 0.053
34.859 19.618 7.33 0.458 -0.607 -0.65
35.121 19.828 7.362 0.588 -0.502 -0.634
34.96 20.146 6.302 0.696 -0.715 0.072
35.173 20.241 6.857 0.554 -0.778 -0.297
34.399 22.631 5.665 0.166 0.417 -0.894
34.306 22.165 5.295 0.229 0.727 -0.647
34.135 23.98 5.534 0.342 -0.482 -0.806
35.431 22.915 6.51 0.682 0.559 -0.471
35.167 24.264 6.379 0.858 -0.34 -0.384
35.594 22.936 6.721 0.574 0.545 -0.612
35.767 23.118 7.479 0.717 0.697 0.02
35.389 24.498 7.353 0.969 -0.223 0.103
37.283 23.627 8.838 -0.294 0.357 -0.887
37.291 23.986 9.05 -0.289 0.613 -0.735
35.397 24.922 7.604 0.973 -0.011 0.229
35.362 24.877 7.829 0.997 0.019 0.079
34.573 25.128 8.83 0.339 0.227 0.913
34.382 25.244 8.891 0.466 0.15 0.872
35.185 23.972 10.167 -0.07 0.997 0.022
34.592 25.129 8.822 0.355 0.228 0.907
35.206 23.974 10.158 -0.055 0.998 0.016
35.808 24.188 10.552 -0.456 0.855 -0.247
35.061 25.145 8.479 0.746 0.242 0.62
36.384 24.208 10.13 -0.136 0.866 -0.481
36.964 24.276 9.756 -0.522 0.821 -0.231
38.663 22.352 10.729 0.691 -0.553 0.465
38.303 22.034 11.231 0.931 -0.342 0.13
38.21 21.448 11.588 0.993 0.049 -0.108
38.235 21.84 9.965 0.386 -0.919 -0.081
37.783 20.936 10.824 0.688 -0.316 -0.654
37.82 21.456 10.367 0.662 -0.663 -0.349
37.052 21.165 10.069 0.235 -0.824 -0.515
37.102 20.679 10.56 0.202 -0.5 -0.842
35.959 20.295 9.137 0.964 -0.244 0.107
35.602 19.858 9.527 0.667 -0.607 0.432
36.715 20.205 10.984 -0.075 -0.839 -0.54
35.121 18.828 10.378 0.987 0.08 -0.136
34.856 18.68 11.412 0.798 -0.025 0.602
36.45 20.058 12.017 -0.264 -0.944 0.199
35.177 17.674 13.053 0.584 0.646 -0.492
36.14 20.14 12.294 0.012 -0.958 0.287
35.003 18.069 13.221 0.801 0.48 -0.357
35.287 17.8 13.469 0.649 0.72 -0.247
36.55 20.172 12.395 -0.193 -0.862 0.469
35.15 18.213 13.855 0.74 0.444 -0.505
35.951 20.26 12.601 -0.038 -0.607 0.794
34.873 18.874 13.67 0.845 0.529 -0.081
35.281 15.847 14.964 0.646 -0.429 0.632
35.144 16.113 15.463 0.737 -0.606 0.299
34.887 14.606 16.1 0.908 0.399 -0.125
34.438 15.087 17.055 0.684 0.639 0.352
34.695 16.593 16.418 0.513 -0.365 0.777
34.266 15.287 17.093 0.799 0.505 0.327
34.416 15.056 17.145 0.673 0.624 0.397
34.249 15.264 17.163 0.785 0.485 0.385
34.941 14.597 18.005 0.324 0.93 -0.176
34.952 14.433 16.61 0.941 0.312 0.13
35.357 14.113 17.59 0.671 0.526 -0.523
35.588 13.674 16.431 0.517 0.818 0.25
36.012 13.097 16.796 0.729 0.53 0.432
35.687 13.664 17.873 0.946 0.152 -0.286
36.15 12.884 16.88 0.637 0.672 0.376
35.814 11.86 17.527 0.358 -0.181 0.916
35.351 12.64 18.521 0.666 -0.701 0.254
35.076 11.06 18.312 0.849 0.352 0.393
35.981 11.473 17.276 0.496 -0.504 0.707
35.257 10.639 18.04 0.979 0.052 0.198
35.794 11.283 17.306 0.621 -0.377 0.687
35.713 10.629 16.751 0.58 -0.704 0.41
35.188 10.087 17.571 0.929 -0.343 -0.136
35.848 10.249 16.247 0.49 -0.451 0.746
36.303 11.225 16.46 0.875 -0.406 0.264
36.438 10.845 15.955 0.785 -0.153 0.601
36.376 11.428 16.618 0.826 -0.541 0.159
36.568 11.982 16.252 0.986 -0.079 -0.147
36.685 11.558 15.484 0.908 0.204 0.365
36.55 11.938 15.989 0.998 -0.05 0.029
36.306 12.765 15.3 0.876 0.364 -0.316
36.441 12.385 14.795 0.786 0.618 0.021
36.954 13.352 13.483 0.444 -0.027 0.896
37.172 12.965 13.266 0.599 -0.304 0.741
36.698 11.927 14.539 0.915 0.388 -0.108
37.193 12.541 13.161 0.586 -0.021 0.81
37.102 13.056 11.108 0.549 -0.238 -0.801
37.128 12.625 11.174 0.532 0.049 -0.846
36.432 12.616 9.795 0.996 0.055 0.074
36.091 11.75 9.972 0.712 -0.666 0.222
36.787 11.759 11.352 0.248 -0.672 -0.698
35.872 10.993 11.037 0.858 -0.162 -0.488
35.831 11.508 9.739 0.495 -0.868 0.028
35.59 10.73 10.784 0.656 -0.35 -0.669
35.646 11.38 9.884 0.619 -0.783 -0.068
34.986 11.063 9.665 0.288 -0.941 -0.178
35.032 10.463 10.599 0.258 -0.541 -0.801
34.541 10.859 9.243 0.585 -0.805 0.103
34.326 10.729 9.286 0.478 -0.87 0.125
34.85 10.353 10.635 0.128 -0.619 -0.775
34.123 10.577 9.199 0.613 -0.769 0.183
34.013 10.51 9.244 0.521 -0.825 0.22
34.731 10.28 10.684 0.043 -0.671 -0.74
34.333 9.692 10.939 0.307 -0.279 -0.91
35.382 11.503 9.034 0.486 -0.721 -0.493
34.937 11.298 8.612 0.783 -0.585 -0.212
35.626 11.604 9.079 0.324 -0.789 -0.523
35.74 12.153 8.692 0.42 -0.331 -0.845
35.085 12.005 8.115 0.857 -0.232 -0.461
35.529 12.209 8.537 0.56 -0.368 -0.742
35.345 13.167 8.267 0.468 0.111 -0.877
34.9 12.962 7.845 0.765 0.247 -0.595
34.859 14.243 7.053 0.792 -0.607 -0.067
34.831 14.215 7.008 0.769 -0.63 -0.105
34.865 12.926 7.788 0.747 0.229 -0.624
34.662 13.959 6.697 0.882 -0.459 0.103
34.39 13.6 6.382 0.688 -0.716 -0.121
34.542 12.501 7.415 0.586 0.017 -0.81
34.395 12.682 7.283 0.684 -0.104 -0.722
33.769 12.409 7.035 0.162 -0.331 -0.929
33.738 12.15 7.096 0.183 -0.159 -0.97
33.71 13.303 6.112 0.202 -0.928 -0.314
33.296 13.287 6.089 -0.094 -0.939 -0.331
33.248 12.131 7.068 -0.062 -0.168 -0.984
32.129 12.632 6.386 0.684 -0.502 -0.529
33.23 13.347 5.963 -0.141 -0.896 -0.421
32.063 12.692 6.26 0.637 -0.459 -0.619
32.673 13.401 4.911 0.231 -0.932 0.28
32.317 13.329 4.706 -0.066 -0.992 0.11
31.676 12.614 6.038 0.361 -0.515 -0.777
32.097 13.336 4.86 0.08 -0.997 0.008
31.354 13.423 4.686 -0.291 -0.953 -0.079
31.048 12.687 5.891 -0.088 -0.463 -0.882
30.478 13.303 5.152 0.293 -0.873 -0.39
32.269 13.6 3.812 -0.106 -0.765 -0.635
32.036 13.686 3.711 0.049 -0.822 -0.567
33.089 13.586 2.917 -0.653 -0.756 -0.038
32.792 14.096 2.43 -0.829 -0.457 -0.324
31.715 14.233 3.187 -0.111 -0.548 -0.829
32.406 14.541 2.432 -0.571 -0.754 -0.325
33.051 14.288 1.872 -0.676 -0.343 -0.652
32.685 14.748 1.832 -0.431 -0.65 -0.626
33.367 14.258 1.391 -0.886 -0.324 -0.332
33.553 15.014 0.841 -0.793 0.054 -0.607
32.871 15.503 1.281 -0.338 -0.272 -0.901
33.382 16.009 0.544 -0.679 -0.61 -0.409
33.364 16.03 0.545 -0.688 -0.6 -0.409
32.853 15.523 1.283 -0.348 -0.262 -0.9
32.936 16.021 0.977 -0.403 -0.594 -0.697
33.22 18.153 0.447 -0.76 0.462 -0.457
32.793 18.144 0.879 -0.475 0.468 -0.745
32.448 18.542 1.183 -0.245 0.203 -0.948
33.551 18.624 0.562 -0.594 0.697 -0.4
32.756 18.98 1.29 -0.064 0.46 -0.886
33.895 18.886 0.292 -0.824 0.522 -0.221
34.903 19.368 1.285 -0.104 0.866 0.489
33.865 19.51 2.383 0.588 0.771 -0.243
34.744 19.193 1.737 0.002 0.982 0.188
35.043 18.986 2.269 0.152 0.878 0.454
34.143 19.316 2.877 0.752 0.658 0.048
34.615 18.977 2.701 0.437 0.884 0.166
35.847 17.173 3.027 0.553 -0.028 0.832
35.419 17.164 3.459 0.838 -0.022 0.544
36.018 16.178 3.324 0.439 0.636 0.634
36 16.163 3.35 0.43 0.629 0.648
35.401 17.15 3.485 0.83 -0.029 0.558
35.318 16.653 3.791 0.885 0.302 0.354
34.483 17.188 4.434 0.467 0.57 0.676
34.566 17.685 4.129 0.412 0.239 0.879
33.888 17.862 4.714 0.864 0.121 0.489
33.87 18.222 4.583 0.854 0.3 0.424
34.547 18.045 3.998 0.403 0.418 0.814
34.208 19.687 5.795 0.629 -0.677 -0.383
33.721 17.982 4.933 0.78 0.18 0.599
34.093 19.501 6.067 0.532 -0.832 -0.157
34.502 17.762 7.195 0.26 0.327 -0.909
33.796 17.71 4.884 0.817 0.045 0.574
34.565 17.532 7.153 0.305 0.163 -0.938
34.39 17.036 4.605 0.421 0.494 0.761
34.63 16.496 4.704 0.541 0.224 0.811
34.767 17.076 7.237 0.45 -0.163 -0.878
34.59 15.798 6.594 0.568 0.689 -0.45
34.991 15.18 7.606 0.903 0.174 0.394
35.203 16.405 8.337 0.761 -0.642 -0.093
35.332 14.903 9.163 0.675 0.36 -0.644
35.422 15.014 9.351 0.74 0.439 -0.509
35.294 16.516 8.525 0.826 -0.563 0.041
35.709 15.316 9.789 0.549 0.237 -0.801
35.77 16.244 10.56 0.579 0.701 -0.416
35.345 17.3 9.176 0.862 -0.003 0.506
35.917 16.286 10.779 0.481 0.673 -0.562
35.816 16.439 10.913 0.397 0.8 -0.451
35.235 17.465 9.321 0.784 0.115 0.61
35.029 18.196 10.409 0.921 -0.372 -0.114
35.038 18.227 10.39 0.928 -0.35 -0.128
35.245 17.496 9.303 0.791 0.137 0.597
35.032 17.987 9.737 0.933 -0.19 0.307
35.146 18.484 9.153 0.996 0.086 -0.018
35.346 17.936 8.786 0.863 0.451 0.228
35.619 19.71 9.061 0.681 -0.731 0.044
35.637 19.729 8.922 0.695 -0.715 -0.072
35.365 17.957 8.634 0.876 0.466 0.12
35.507 19.589 8.734 0.782 -0.622 0.053
35.973 20.649 8.755 0.976 0.052 -0.211
35.94 20.772 8.52 0.998 -0.03 -0.055
37.069 21.601 9.601 0.245 -0.582 -0.775
37.069 21.626 9.582 0.245 -0.568 -0.786
35.94 20.799 8.5 0.998 -0.016 -0.065
37.57 21.991 9.27 -0.089 -0.811 -0.578
37.555 22.099 9.139 -0.1 -0.734 -0.671
35.922 20.926 8.345 0.989 0.047 -0.142
35.974 21.34 7.841 0.954 -0.229 0.194
37.633 22.495 8.831 -0.045 -0.451 -0.891
36.066 21.809 7.476 1 0.006 0.012
36.088 22.076 7.472 0.985 -0.172 0.014
35.1 18.546 9.562 0.97 0.12 0.21
35.581 19.76 9.395 0.649 -0.689 0.321
35.099 18.721 10.235 0.971 0.003 -0.239
35.734 16.597 11.641 0.328 0.932 0.156
34.94 18.368 11.199 0.858 -0.249 0.45
35.269 17.33 12.819 0.638 0.443 -0.63
36.204 15.819 12.215 0.72 0.283 0.634
35.831 16.399 13.505 0.969 -0.104 -0.226
36.138 15.643 12.406 0.764 0.4 0.507
36.135 15.468 12.526 0.762 0.313 0.567
35.827 16.237 13.617 0.967 -0.199 -0.16
36.274 14.938 12.884 0.669 0.667 0.328
35.857 14.282 13.869 0.46 0.339 0.82
35.44 15.627 14.532 0.739 -0.558 0.378
35.693 13.61 15.456 0.57 0.787 -0.238
35.652 13.678 15.613 0.549 0.82 -0.159
35.401 15.69 14.679 0.716 -0.521 0.464
35.222 14.085 15.415 0.835 0.549 -0.026
35.121 14.2 15.646 0.763 0.631 0.139
35.29 15.817 14.933 0.651 -0.447 0.614
34.896 14.573 16.067 0.913 0.382 -0.142
35.144 14.159 15.694 0.78 0.602 0.173
34.924 14.525 16.123 0.927 0.358 -0.113
35.559 13.765 15.943 0.503 0.864 0.006
36.18 13.94 13.757 0.622 0.168 0.765
36.016 13.268 15.344 0.732 0.616 -0.293
36.71 13.777 13.521 0.269 0.276 0.923
36.33 14.91 12.822 0.697 0.653 0.297
36.836 14.597 12.73 0.359 0.862 0.358
36.19 15.441 12.463 0.79 0.299 0.536
36.312 15.459 12.243 0.851 0.308 0.426
36.939 14.612 12.544 0.433 0.873 0.225
36.339 15.676 12.089 0.833 0.164 0.529
36.538 15.515 11.401 0.999 0.03 -0.045
37.155 14.437 11.797 0.587 0.748 -0.309
36.568 15.252 11.359 0.979 0.205 -0.017
36.353 14.488 10.475 0.871 -0.177 -0.458
36.973 13.792 11.051 0.457 0.287 -0.842
36.266 13.675 9.888 0.929 0.365 -0.067
36.406 12.95 9.912 0.999 0.002 -0.054
37.091 13.179 11.071 0.542 -0.151 -0.827
36.422 12.729 9.761 0.988 0.149 0.046
35.903 14.973 9.871 0.646 0.065 -0.761
35.816 14.16 9.283 0.704 0.607 -0.369
35.586 14.723 9.42 0.857 0.232 -0.46
35.369 14.728 9.123 0.702 0.235 -0.672
35.559 14.166 8.931 0.575 0.61 -0.545
35.025 15.02 7.57 0.931 0.041 0.363
34.949 15.773 4.484 0.7 -0.137 0.7
34.838 15.236 6.423 0.775 0.221 -0.593
35.156 15.241 4.337 0.562 0.217 0.798
35.2 15.046 4.345 0.588 0.102 0.802
34.874 15.072 6.429 0.805 0.084 -0.587
34.709 14.89 6.068 0.915 0.206 -0.346
34.043 13.504 3.978 -0.093 -0.805 0.586
33.657 13.489 5.734 0.164 -0.795 -0.584
33.066 13.532 4.7 0.558 -0.823 0.105
35.104 15.873 4.327 0.778 -0.088 0.622
35.301 15.334 4.191 0.647 0.272 0.712
35.786 15.383 3.886 0.324 0.239 0.916
35.681 13.951 3.727 0.271 -0.477 0.836
35.203 14.003 4.043 0.59 -0.511 0.625
35.908 13.164 3.493 0.119 0.048 0.992
34.694 12.569 2.24 -0.892 -0.448 -0.052
33.752 13.291 2.546 -0.264 -0.93 -0.256
34.12 13.186 2.116 -0.509 -0.86 0.03
34.695 12.568 2.234 -0.892 -0.449 -0.058
34.121 13.185 2.108 -0.509 -0.86 0.026
34.547 12.797 2.003 -0.793 -0.602 0.096
35.754 14.003 0.156 -0.083 0.108 -0.991
35.419 14.482 0.121 0.14 -0.212 -0.967
35.525 15.029 -0.109 0.07 -0.576 -0.814
34.301 15.473 0.1 -0.65 -0.315 -0.692
34.103 14.96 0.345 -0.518 0.027 -0.855
33.932 15.956 0.048 -0.404 -0.637 -0.657
35.397 16.108 -0.421 -0.006 0.059 -0.998
35.11 16.638 -0.513 0.185 -0.295 -0.937
35.746 16.052 -0.469 -0.238 0.095 -0.966
36.159 16.429 -0.397 0.106 0.409 -0.906
35.642 17.122 -0.42 0.451 -0.054 -0.891
35.661 17.618 -0.537 0.438 -0.384 -0.813
36.804 16.741 0.244 0.643 0.669 -0.372
36.362 17.957 0.159 0.938 -0.142 -0.316
36.471 17.523 0.404 0.865 0.147 -0.479
36.996 16.645 0.798 0.803 0.589 0.089
36.717 17.4 1.116 0.989 0.086 -0.123
36.891 16.816 1.093 0.873 0.475 -0.108
36.566 16.547 2.396 0.682 0.317 0.659
36.368 17.111 2.517 0.814 -0.059 0.578
36.539 16.115 2.814 0.7 0.605 0.38
37.077 15.791 1.501 0.983 -0.128 0.132
37.089 15.302 1.852 0.975 0.198 -0.101
37.306 14.765 1.766 0.83 0.556 -0.044
35.999 13.51 3.508 0.061 -0.182 0.981
35.683 13.952 3.727 0.272 -0.477 0.836
35.91 13.164 3.493 0.12 0.048 0.992
37.083 15.772 1.424 0.986 -0.139 0.087
37.312 14.746 1.688 0.834 0.545 -0.089
37.157 15.772 1.075 0.937 -0.139 0.32
37.157 15.77 1.072 0.938 -0.14 0.317
37.313 14.745 1.685 0.834 0.544 -0.091
37.423 14.602 1.376 0.761 0.639 0.115
36.185 13.987 0.094 -0.27 0.125 -0.955
35.834 14.009 0.152 -0.036 0.111 -0.993
35.92 15.154 -0.211 -0.093 -0.653 -0.752
35.889 15.157 -0.209 -0.12 -0.651 -0.75
35.796 14.012 0.154 -0.058 0.113 -0.992
35.567 15.038 -0.111 0.095 -0.571 -0.816
31.257 26.185 7.399 -0.444 -0.003 0.896
31.816 25.651 8.059 -0.817 0.353 0.456
31.739 26.146 7.778 -0.765 0.023 0.643
33.824 24.894 4.996 0.278 -0.603 -0.748
33.902 24.398 5.277 0.226 -0.273 -0.935
33.343 24.933 4.617 0.599 -0.629 -0.495
34.132 26.711 4.793 0.432 0.305 -0.849
33.65 26.75 4.415 0.753 0.279 -0.596
33.433 27.235 4.178 0.898 -0.044 -0.438
31.555 26.429 3.513 -0.207 -0.519 -0.83
31.63 25.883 3.699 -0.257 -0.154 -0.954
31.271 25.431 3.752 -0.018 0.147 -0.989
31.495 26.448 3.518 -0.242 -0.508 -0.827
31.211 25.449 3.757 -0.053 0.158 -0.986
31.186 26.614 3.454 -0.036 -0.619 -0.785
30.131 27.253 4.868 -0.915 -0.087 0.393
29.95 26.213 5.446 -0.795 0.607 0.008
30.234 27.211 5.207 -0.984 -0.059 0.167
30.244 27.222 5.265 -0.978 -0.052 0.201
29.96 26.224 5.504 -0.789 0.613 0.042
30.22 26.736 5.584 -0.962 0.272 -0.011
31.801 28.22 6.356 -0.063 0.534 0.843
31.895 27.809 6.757 -0.125 0.808 0.575
32.376 27.769 7.136 -0.446 0.835 0.323
32.151 28.409 6.198 0.144 0.646 0.75
32.753 27.973 6.966 -0.258 0.937 0.238
32.402 28.605 6.037 -0.024 0.515 0.857
33.163 28.662 5.679 0.61 0.562 0.558
33.732 28.046 6.505 0.231 0.973 0.007
33.953 28.011 6.566 0.084 0.996 -0.033
34.313 27.795 6.087 0.384 0.816 -0.433
34.195 27.768 5.889 0.463 0.834 -0.301
33.524 28.445 5.2 0.91 0.382 0.159
33.53 27.923 4.531 0.916 -0.053 -0.398
34.203 27.096 5.029 0.467 0.498 -0.731
33.499 27.594 4.397 0.936 0.166 -0.309
31.444 10.447 13.197 -0.618 -0.382 0.687
29.993 10.848 14.996 0.425 -0.671 -0.607
29.98 10.54 15.36 0.69 -0.451 -0.566
31.74 10.026 13.207 -0.483 -0.108 0.869
32.398 10.386 14.253 -0.922 -0.348 0.172
32.021 10.949 14.757 -0.658 -0.741 -0.135
30.614 11.014 15.386 0.28 -0.784 -0.554
21.782 20.543 16.438 0.262 -0.035 -0.965
22.588 20.607 16.424 -0.444 0.484 -0.754
35.301 19.912 12.584 0.594 -0.8 0.085
35.011 19.632 12.746 0.849 -0.248 0.466
18.603 21.607 16.902 -0.586 0.578 -0.568
19.387 21.943 17.032 0.127 0.884 -0.449
20.298 22.343 18.308 0.259 0.675 -0.691
20.96 22.468 18.45 -0.182 0.592 -0.785
21.564 22.78 18.345 -0.585 0.383 -0.715
20.278 22.351 18.928 0.213 0.693 0.689
20.947 22.473 18.826 -0.233 0.612 0.756
21.543 22.788 18.964 -0.63 0.401 0.664
21.877 22.687 19.618 -0.853 0.469 0.229
21.876 22.68 19.628 -0.856 0.448 0.259
20.237 22.193 19.132 0.24 0.798 0.553
20.236 22.187 19.141 0.238 0.777 0.583
20.123 21.984 19.616 0.313 0.912 0.267
20.035 21.976 19.722 0.245 0.905 0.348
19.953 21.958 19.848 0.299 0.917 0.264
18.97 22.225 19.805 0.111 0.47 0.876
19.465 21.802 20.185 -0.218 0.752 0.622
19.876 21.664 20.801 -0.493 0.844 0.211
19.079 21.337 20.292 -0.627 0.259 0.735
18.981 21.227 20.258 -0.561 0.332 0.758
18.217 21.194 19.789 -0.427 -0.266 0.864
18.719 20.794 20.113 -0.762 0.001 0.648
18.958 20.394 20.662 -0.921 0.267 0.282
18.599 20.382 19.808 -0.854 -0.314 0.414
17.65 20.854 18.884 -0.832 -0.51 0.218
17.779 20.22 18.633 -0.919 -0.087 0.385
17.529 21.15 18.215 -0.919 -0.298 -0.26
17.643 20.555 17.878 -0.995 0.099 -0.035
17.764 21.573 17.654 -0.751 0.004 -0.661
17.908 21.033 17.244 -0.847 0.365 -0.387
18.646 20.013 19.74 -0.886 -0.068 0.459
18.84 19.165 19.413 -0.767 -0.586 0.26
18.919 19.084 19.489 -0.82 -0.532 0.21
19.238 18.732 19.202 -0.54 -0.84 -0.042
19.226 18.74 19.067 -0.532 -0.846 0.048
19.302 18.616 18.287 -0.073 -0.979 0.193
19.625 18.571 18.773 -0.288 -0.949 -0.131
19.882 18.31 19.229 -0.459 -0.775 -0.435
20.067 18.564 18.491 -0.018 -0.953 -0.303
20.502 18.551 17.867 -0.309 -0.944 0.113
21.124 18.139 17.784 -0.723 -0.67 0.169
20.505 18.699 17.223 -0.305 -0.801 -0.516
21.128 18.29 17.125 -0.72 -0.528 -0.45
19.001 18.905 16.998 -0.24 -0.818 -0.523
19.178 19.073 16.348 -0.358 -0.929 -0.09
18.375 19.365 16.892 -0.588 -0.562 -0.582
18.624 19.48 16.254 -0.753 -0.639 -0.157
18.045 20.074 16.835 -0.771 -0.168 -0.614
18.331 20.107 16.204 -0.963 -0.191 -0.193
18.09 20.856 16.841 -0.746 0.266 -0.61
18.372 20.8 16.209 -0.934 0.304 -0.189
20.597 18.877 16.664 -0.367 -0.919 -0.143
21.191 18.4 16.809 -0.762 -0.601 -0.239
20.15 19.204 15.867 0.336 -0.836 -0.434
20.803 19.03 16.246 -0.099 -0.72 -0.687
21.416 18.568 16.351 -0.508 -0.412 -0.757
21.826 17.941 16.152 -0.781 0.006 -0.624
20.551 19.711 15.602 0.623 -0.473 -0.623
21.084 19.386 16.06 0.267 -0.256 -0.929
21.724 18.958 16.147 -0.16 0.029 -0.987
22.3 18.541 15.839 -0.544 0.307 -0.781
21.323 19.795 16.184 0.578 0.277 -0.767
21.986 19.407 16.283 0.136 0.536 -0.833
22.063 22.181 17.748 0.003 -0.118 -0.993
21.94 22.298 17.799 -0.506 0.368 -0.78
20.984 21.35 17.063 0.723 0.436 -0.536
20.861 21.467 17.114 0.213 0.922 -0.324
20.848 21.81 17.658 0.223 0.693 -0.686
21.369 22.083 17.904 -0.125 0.511 -0.85
21.857 22.494 17.92 -0.45 0.237 -0.861
20.678 21.983 17.878 0.005 0.915 -0.404
21.242 22.213 18.07 -0.37 0.762 -0.532
21.704 22.649 18.118 -0.678 0.471 -0.564
23.19 22.248 17.223 -0.748 -0.162 -0.643
23.491 21.882 16.716 -0.949 0.081 -0.305
23.554 22.719 17.084 -0.244 0.491 -0.836
23.839 22.333 16.583 -0.435 0.748 -0.502
23.64 22.78 17.09 -0.302 0.45 -0.84
23.992 22.444 16.591 -0.537 0.674 -0.508
23.646 23.548 17.465 0.323 0.334 -0.885
23.999 23.006 17.207 0.087 0.695 -0.713
24.381 22.689 16.718 -0.167 0.907 -0.387
24.709 22.666 16.103 -0.386 0.922 0.023
24.355 23.069 17.46 0.472 0.764 -0.439
24.766 22.758 16.992 0.198 0.972 -0.127
24.504 23.122 17.662 0.372 0.729 -0.574
25.022 22.828 17.37 0.027 0.925 -0.379
24.64 23.169 17.864 0.51 0.777 -0.369
25.169 22.879 17.588 0.158 0.97 -0.185
23.664 24.381 18.486 0.337 0.929 -0.156
24.035 24.515 19.056 0.09 0.839 -0.536
23.313 24.613 19.408 -0.156 0.909 -0.387
22.598 24.262 19.758 -0.805 0.59 -0.07
22.242 23.642 20.431 -0.907 0.355 0.228
22.378 24.159 20.872 -0.998 0.01 -0.066
21.959 22.396 20.699 -0.659 0.464 0.593
21.376 21.917 20.748 -0.27 0.783 0.56
21.836 22.481 20.288 -0.816 0.574 0.064
21.267 21.993 20.381 -0.437 0.899 0.002
21.86 22.533 20.193 -0.832 0.539 0.127
21.357 22.052 20.208 -0.497 0.86 0.117
21.852 22.537 20.034 -0.84 0.543 -0.012
21.348 22.057 20.046 -0.504 0.864 -0.02
21.546 21.841 20.991 -0.384 0.833 0.398
21.613 21.578 21.326 -0.304 0.518 0.799
20.002 20.983 21.603 -0.387 0.277 0.879
20.013 20.738 21.712 -0.394 0.44 0.807
21.728 21.537 21.406 -0.381 0.546 0.746
21.765 21.459 21.475 -0.352 0.483 0.802
20.441 18.909 21.821 -0.18 -0.475 0.861
21.036 18.773 22.032 -0.577 -0.384 0.721
20.475 18.336 21.353 -0.163 -0.761 0.627
21.071 18.2 21.564 -0.56 -0.671 0.487
21.136 17.778 20.642 -0.442 -0.818 0.368
20.536 17.877 20.065 -0.132 -0.991 -0.016
21.07 17.699 20.075 -0.488 -0.873 -0.023
21.5 17.338 20.08 -0.775 -0.632 -0.026
21.162 17.793 19.515 -0.424 -0.808 -0.41
21.151 17.94 19.026 -0.417 -0.905 -0.084
21.544 17.646 18.616 -0.679 -0.709 0.189
20.919 18.203 18.615 -0.587 -0.712 -0.385
21.312 17.909 18.205 -0.849 -0.516 -0.112
21.8 17.374 18.893 -0.849 -0.528 0.005
22.393 16.878 19.122 -0.411 -0.895 0.174
22.588 16.233 16.704 -0.4 -0.848 -0.349
22.895 16.155 16.227 -0.605 -0.796 -0.031
22.237 16.649 16.381 -0.575 -0.639 -0.51
22.569 16.542 15.927 -0.796 -0.568 -0.207
22.065 17.187 16.097 -0.662 -0.37 -0.652
22.409 17.042 15.663 -0.891 -0.274 -0.362
22.09 17.783 15.886 -0.649 -0.073 -0.757
22.432 17.596 15.467 -0.877 0.052 -0.478
22.311 18.365 15.774 -0.539 0.218 -0.814
22.637 18.137 15.362 -0.756 0.37 -0.539
23.217 19.072 15.521 -0.688 0.329 -0.647
23.562 19.362 15.108 -0.919 0.135 -0.371
23.678 19.687 14.603 -0.996 -0.081 -0.035
23.236 19.284 15.666 -0.667 0.567 -0.484
23.576 19.521 15.217 -0.894 0.409 -0.184
23.694 19.86 14.721 -0.972 0.184 0.146
23.36 19.746 15.855 -0.749 0.259 -0.609
23.338 19.783 15.9 -0.765 0.285 -0.578
23.716 20.354 14.833 -0.987 -0.146 0.072
23.711 20.721 14.757 -0.991 0.135 0.015
23.72 20.818 14.828 -0.997 0.071 -0.032
23.934 21.304 14.648 -0.763 0.605 -0.229
23.973 21.32 14.537 -0.789 0.594 -0.154
24.676 21.69 14.205 -0.251 0.878 -0.408
25.331 22.169 14.29 -0.687 0.558 -0.465
25.665 22.423 13.802 -0.91 0.39 -0.14
25.269 22.632 15.237 -0.106 0.906 -0.411
25.701 22.619 14.76 -0.394 0.914 -0.093
26.024 22.858 14.258 -0.609 0.755 0.242
26.179 23.306 13.822 -0.713 0.456 0.532
26.321 22.686 15.174 0.097 0.967 0.235
26.625 22.923 14.658 -0.106 0.809 0.578
26.783 22.678 15.675 -0.211 0.972 -0.1
27.444 22.999 15.56 -0.651 0.759 -0.023
26.805 22.686 15.815 -0.188 0.981 0.046
27.464 23.007 15.688 -0.627 0.768 0.131
27.029 22.785 16.213 -0.338 0.915 -0.219
27.57 23.085 15.914 -0.698 0.715 -0.02
27.059 22.811 16.293 -0.309 0.94 -0.144
27.598 23.109 15.989 -0.669 0.741 0.059
26.712 23.095 17.061 -0.078 0.751 -0.656
26.978 23.593 17.384 -0.255 0.419 -0.871
27.172 24.209 17.461 -0.385 0.008 -0.923
26.288 23.135 17.501 -0.588 0.799 -0.126
26.666 23.622 17.708 -0.84 0.474 -0.265
26.807 24.244 17.841 -0.934 0.06 -0.353
27.814 24.454 16.92 -0.812 -0.156 -0.562
28.057 24.022 16.345 -0.975 0.133 -0.179
28.209 24.904 16.748 -0.211 0.528 -0.822
28.452 24.471 16.174 -0.374 0.817 -0.439
28.58 25.454 16.826 -0.459 0.162 -0.874
28.651 25.811 16.916 -0.404 0.435 -0.804
28.771 25.86 16.874 -0.484 0.402 -0.777
28.867 26.149 17.061 -0.372 0.742 -0.558
28.774 26.182 17.155 -0.31 0.72 -0.621
29.013 26.519 17.755 -0.126 0.979 -0.16
27.918 26.792 18.433 0.029 0.999 0.024
28.415 26.926 18.896 -0.302 0.91 -0.285
27.825 26.7 19.468 -0.505 0.862 -0.048
27.38 26.045 19.876 -0.908 0.267 0.323
25.129 24.764 20.253 0.521 0.845 0.12
24.995 24.746 20.03 0.08 0.784 -0.616
26.551 25.197 19.363 -0.427 0.556 0.713
26.417 25.179 19.14 -0.868 0.495 -0.023
26.31 25.033 18.925 -0.797 0.592 0.121
25.828 24.603 19.148 -0.475 0.879 -0.027
25.198 24.446 19.361 -0.055 0.984 -0.17
26.298 24.809 18.565 -0.818 0.175 -0.547
25.819 24.434 18.877 -0.499 0.425 -0.755
25.185 24.191 18.953 -0.076 0.587 -0.806
27.066 25.178 20.001 -0.77 0.569 0.288
27.083 25.17 20.05 -0.73 0.549 0.406
25.506 24.487 21.232 0.381 0.922 0.063
25.22 24.008 22.004 0.064 0.393 0.917
25.102 23.931 22.053 0.142 0.444 0.885
24.202 23.893 22.274 0.305 -0.18 0.935
24.798 23.48 22.191 -0.093 0.096 0.991
25.361 23.101 22.459 -0.468 0.348 0.812
24.481 23.029 22.082 -0.337 -0.252 0.907
23.744 22.8 21.968 0.154 -0.099 0.983
23.084 23.562 22.034 -0.494 -0.416 0.764
23.048 22.922 21.856 -0.47 0.011 0.883
22.874 22.286 21.938 -0.354 0.435 0.828
22.568 23.04 21.339 -0.901 0.116 0.419
24.36 22.307 22.034 -0.256 0.229 0.939
24.48 21.82 22.083 -0.165 -0.143 0.976
24.5 21.67 22.072 -0.178 -0.043 0.983
24.5 21.654 22.071 -0.177 -0.059 0.982
24.199 21.015 22.15 0.024 0.367 0.93
23.985 20.862 22.18 -0.18 0.222 0.958
23.85 20.661 22.222 -0.09 0.356 0.93
23.684 20.587 22.214 -0.285 0.268 0.92
22.937 20.766 22.145 0.213 0.148 0.966
22.56 20.978 22.098 -0.164 0.36 0.918
22.58 21.106 22.058 -0.177 0.275 0.945
22.052 21.432 21.667 -0.543 0.501 0.674
23.274 19.989 22.475 -0.012 0.666 0.746
22.448 19.646 22.708 0.271 0.012 0.963
23.122 19.488 22.686 -0.178 0.117 0.977
23.739 19.368 22.977 -0.59 0.197 0.783
23.032 18.946 22.556 -0.277 -0.477 0.834
23.076 18.816 22.505 -0.306 -0.39 0.868
23.213 18.318 22.15 -0.198 -0.784 0.588
21.67 17.797 21.419 -0.26 -0.872 0.415
21.955 17.385 21.046 -0.45 -0.598 0.663
22.388 17.057 20.868 -0.14 -0.832 0.536
22.952 16.837 20.902 -0.516 -0.686 0.514
22.293 16.869 20.33 -0.209 -0.966 0.152
22.839 16.615 20.265 -0.572 -0.797 0.195
24.854 16.118 20.034 -0.218 -0.825 0.522
25.342 15.659 19.827 -0.544 -0.518 0.66
25.652 15.029 19.837 -0.75 -0.098 0.654
24.726 16.066 19.77 -0.411 -0.903 0.122
25.262 15.626 19.66 -0.768 -0.61 0.195
25.545 14.985 19.615 -0.957 -0.183 0.225
25.168 15.41 19.152 -0.706 -0.466 0.534
25.47 14.861 19.34 -0.907 -0.1 0.408
25.131 15.174 18.593 -0.738 -0.673 0.044
25.436 14.643 18.822 -0.942 -0.319 -0.108
25.18 15.082 18.395 -0.771 -0.612 0.177
25.485 14.445 18.472 -0.974 -0.187 0.125
25.174 15.062 18.25 -0.776 -0.629 0.057
25.479 14.425 18.326 -0.979 -0.204 0.006
25.162 15.012 17.978 -0.767 -0.595 0.238
25.42 14.307 17.855 -0.939 -0.126 0.32
25.124 15.022 17.836 -0.805 -0.585 0.099
25.383 14.317 17.719 -0.977 -0.115 0.177
25.023 14.937 17.353 -0.737 -0.528 0.421
25.312 14.267 17.447 -0.93 -0.082 0.358
25.074 14.825 16.526 -0.69 -0.633 -0.351
25.361 14.159 16.649 -0.881 -0.189 -0.433
24.005 15.598 16.125 -0.599 -0.757 -0.261
23.489 15.89 15.989 -0.255 -0.952 -0.171
24.325 15.893 15.133 -0.576 -0.782 -0.237
24.279 15.976 15.011 -0.612 -0.719 -0.331
24.191 16.096 14.872 -0.553 -0.798 -0.239
23.38 16.792 14.836 -0.319 -0.421 -0.849
23.999 16.623 14.475 -0.731 -0.309 -0.608
24.353 16.343 13.894 -0.968 -0.122 -0.221
24.175 17.264 14.299 -0.568 0.287 -0.772
23.972 18.096 14.433 -0.432 -0.267 -0.861
24.222 18.512 14.021 -0.599 -0.545 -0.587
23.646 18.486 14.629 -0.723 0.081 -0.686
23.896 18.902 14.218 -0.89 -0.197 -0.412
23.619 18.626 14.663 -0.705 -0.013 -0.709
23.804 19.156 14.235 -0.828 -0.366 -0.424
23.484 18.969 15.004 -0.867 0.397 -0.302
23.681 19.469 14.546 -0.998 0.064 0.004
23.928 19.889 12.858 -0.59 -0.368 -0.719
24.162 19.653 12.727 -0.746 -0.211 -0.632
24.779 20.946 12.412 -0.64 0.123 -0.759
25.126 21.237 12.004 -0.871 -0.07 -0.486
24.227 21.226 13.032 -0.341 0.745 -0.573
24.739 21.417 12.761 -0.681 0.618 -0.392
25.081 21.761 12.393 -0.91 0.388 -0.147
25.198 22.202 11.988 -0.988 0.095 0.123
24.952 21.667 13.248 -0.458 0.881 0.119
25.319 22.041 12.936 -0.702 0.632 0.327
25.07 21.724 13.451 -0.536 0.844 -0.017
25.518 22.172 13.308 -0.835 0.545 0.079
25.082 21.73 13.51 -0.522 0.851 0.055
25.531 22.179 13.373 -0.821 0.552 0.147
25.876 23.302 12.928 -0.891 0.454 0.007
25.669 23.138 12.426 -0.753 0.563 0.342
26.216 23.735 12.675 -0.691 0.709 -0.142
26.034 23.604 12.153 -0.57 0.796 0.206
26.706 24.018 12.46 -0.403 0.875 -0.269
26.562 23.908 11.922 -0.306 0.948 0.09
27.285 24.115 12.31 -0.062 0.932 -0.357
27.184 24.013 11.761 0.005 1 0.01
27.802 24.176 12.802 0.242 0.968 -0.068
28.399 24.161 12.912 -0.156 0.978 -0.141
28.153 24.087 13.685 -0.152 0.987 0.059
27.853 23.914 14.127 -0.34 0.879 0.335
27.902 23.862 14.382 -0.372 0.913 0.165
27.525 23.391 14.767 -0.705 0.497 0.505
29.269 24.716 15.419 -0.398 0.771 -0.497
29.516 25.174 15.698 -0.563 0.466 -0.683
29.116 24.704 15.578 -0.57 0.758 -0.318
29.368 25.162 15.851 -0.738 0.452 -0.5
29.15 24.826 15.756 -0.593 0.676 -0.437
28.983 24.761 15.944 -0.728 0.624 -0.286
29.619 25.099 15.541 -0.632 0.516 -0.579
29.401 24.626 15.077 -0.486 0.831 -0.269
30.234 25.091 15.321 0.132 0.506 -0.853
30.096 24.617 14.828 0.224 0.822 -0.524
30.784 26.426 15.918 0.319 0.661 -0.679
31.042 26.409 15.988 0.147 0.673 -0.725
30.23 26.795 16.488 -0.143 0.968 -0.204
30.329 26.883 16.72 -0.209 0.91 -0.359
30.364 24.957 15.246 0.045 0.595 -0.802
30.174 24.565 14.772 0.172 0.856 -0.487
30.773 24.779 15.228 0.347 0.464 -0.815
30.583 24.387 14.755 0.474 0.725 -0.5
31.11 25.894 15.655 0.181 0.415 -0.892
31.759 25.852 15.609 -0.251 0.443 -0.861
31.168 26.402 16.012 0.21 0.669 -0.713
31.817 26.36 15.966 -0.222 0.697 -0.682
31.308 27.197 17.329 0.028 0.76 -0.649
31.532 27.65 17.677 -0.121 0.458 -0.88
30.707 27.264 17.63 -0.397 0.807 -0.437
30.931 27.717 17.977 -0.546 0.505 -0.668
30.735 27.395 17.809 -0.416 0.72 -0.556
30.356 27.272 18.175 -0.763 0.607 -0.221
29.507 26.742 18.136 -0.197 0.961 -0.195
29.305 26.64 17.964 -0.321 0.898 -0.3
29.677 27.058 18.72 -0.31 0.75 -0.585
30.174 27.449 18.729 -0.642 0.489 -0.591
29.606 27.149 18.918 -0.38 0.839 -0.389
30.11 27.532 18.91 -0.715 0.584 -0.384
29.622 27.197 18.998 -0.39 0.808 -0.442
30.124 27.65 19.038 -0.725 0.505 -0.469
29.526 27.27 19.342 -0.471 0.869 -0.151
30.026 27.724 19.389 -0.804 0.566 -0.182
29.491 27.458 19.862 -0.448 0.743 -0.497
29.999 27.834 19.675 -0.786 0.493 -0.373
29.486 27.502 19.939 -0.452 0.787 -0.42
29.994 27.881 19.758 -0.791 0.534 -0.299
29.517 27.651 20.137 -0.473 0.688 -0.551
30.011 28.207 20.07 -0.802 0.317 -0.507
28.739 27.499 20.683 -0.104 0.994 0.03
29.437 27.76 20.64 -0.57 0.82 0.059
29.924 28.327 20.619 -0.894 0.442 0.073
30.078 29.057 20.625 -0.997 -0.045 0.069
28.942 27.32 21.339 0.04 0.866 0.498
29.586 27.628 21.122 -0.389 0.66 0.642
30.086 28.183 21.145 -0.723 0.291 0.627
30.317 28.845 21.401 -0.877 -0.151 0.457
29.373 26.886 21.697 0.348 0.556 0.754
29.903 27.309 21.386 -0.005 0.274 0.962
30.432 27.835 21.433 -0.358 -0.076 0.931
30.828 28.332 21.826 -0.622 -0.408 0.669
30.259 26.933 21.324 0.425 -0.181 0.887
30.82 27.424 21.365 0.051 -0.509 0.859
30.319 26.697 21.271 0.386 -0.024 0.922
30.892 27.012 21.196 0.004 -0.234 0.972
30.45 26.414 21.147 0.519 -0.309 0.797
31.034 26.707 21.062 0.129 -0.504 0.854
30.533 25.707 21.036 0.463 0.162 0.871
31.221 25.443 20.931 0.004 0.338 0.941
30.364 25.262 21 0.195 -0.547 0.814
31.061 25.019 20.897 -0.27 -0.385 0.883
29.697 24.723 21.103 0.64 -0.188 0.745
28.87 24.585 21.328 -0.096 -0.31 0.946
28.563 24.526 21.312 0.108 -0.271 0.956
28.358 23.802 21.327 0.244 0.211 0.946
28.535 24.534 21.317 0.074 -0.261 0.962
28.328 23.811 21.333 0.212 0.221 0.952
28.252 24.649 21.405 0.263 -0.338 0.904
27.839 24.005 21.504 0.538 0.092 0.838
28.163 24.713 21.445 0.147 -0.254 0.956
27.741 24.076 21.548 0.428 0.171 0.887
28.083 24.806 21.488 0.201 -0.316 0.927
27.598 24.242 21.604 0.524 0.06 0.85
27.983 25.787 21.663 -0.644 -0.229 0.73
27.686 25.129 21.453 -0.446 0.21 0.87
27.22 24.55 21.571 -0.135 0.596 0.791
26.704 24.196 21.987 0.209 0.832 0.514
27.413 25.252 21.037 -0.891 0.412 0.193
26.961 24.668 21.175 -0.589 0.802 0.101
26.666 23.512 22.509 0.177 0.263 0.948
26.66 23.262 22.605 0.181 0.429 0.885
26.336 20.516 22.177 0.604 -0.273 0.748
25.795 20.846 22.474 0.174 -0.011 0.985
25.697 20.753 22.497 0.239 0.05 0.97
24.952 21.055 22.33 -0.478 0.34 0.81
26.401 20.215 22.063 0.561 -0.073 0.825
26.869 20.579 21.926 0.249 -0.316 0.916
26.605 19.62 21.404 0.75 -0.626 0.214
27.089 19.939 21.218 0.428 -0.838 0.338
26.558 19.458 21.204 0.782 -0.518 0.347
26.993 19.649 20.848 0.492 -0.645 0.585
26.51 19.336 21.08 0.731 -0.648 0.215
26.945 19.526 20.723 0.44 -0.775 0.453
26.223 18.596 20.869 0.922 -0.155 0.356
26.532 18.144 20.379 0.716 0.147 0.682
25.91 18.219 21.035 0.52 -0.638 0.567
26.202 17.747 20.553 0.326 -0.324 0.888
25.51 18.013 21.345 0.787 -0.501 0.361
25.292 17.94 21.576 0.575 -0.572 0.585
25.644 18.847 22.555 0.476 -0.524 0.707
25.296 18.656 22.738 0.708 -0.396 0.585
25.418 19.466 22.89 0.314 -0.081 0.946
25.087 19.226 23.047 0.534 0.079 0.842
24.941 20.032 22.891 -0.026 0.323 0.946
24.648 19.746 23.047 0.169 0.513 0.842
25.108 17.852 21.705 0.698 -0.513 0.5
24.44 17.66 21.895 -0.004 -0.715 0.699
25.942 17.294 20.586 0.499 -0.022 0.866
25.644 16.602 20.43 0.228 -0.65 0.725
25.306 16.305 20.365 0.453 -0.451 0.769
25.63 15.768 20.068 0.237 -0.094 0.967
26.029 15.202 20.08 -0.029 0.284 0.959
25.036 16.167 20.235 -0.34 -0.857 0.388
25.485 15.694 19.998 -0.639 -0.542 0.546
25.728 15.048 19.936 -0.801 -0.111 0.588
26.39 15.487 20.08 -0.269 0.093 0.959
27.009 15.543 20.062 0.303 0.145 0.942
27.753 14.648 20.511 -0.193 0.741 0.643
27.678 14.426 20.681 -0.266 0.527 0.807
27.429 14.067 20.94 -0.1 0.766 0.635
27.782 13.856 21.507 -0.335 0.907 0.257
27.075 13.732 21.036 -0.561 0.33 0.759
27.427 13.521 21.602 -0.796 0.47 0.381
27.042 13.582 21.087 -0.539 0.429 0.725
26.232 13.601 20.592 -0.424 -0.204 0.883
26.753 13.16 20.97 -0.771 0.09 0.63
26.961 12.756 21.604 -0.91 0.359 0.208
26.618 12.739 20.689 -0.88 -0.249 0.404
26.62 12.599 20.628 -0.882 -0.156 0.445
26.601 12.529 20.549 -0.905 -0.238 0.354
25.671 13.227 19.797 -0.824 -0.471 0.315
25.697 12.806 19.511 -0.842 -0.19 0.506
25.461 13.57 19.381 -0.974 -0.226 0.018
25.449 13.211 19.019 -0.966 0.013 0.26
26.602 12.257 20.448 -0.905 -0.057 0.421
26.289 11.834 19.49 -0.546 -0.676 0.496
26.701 11.662 20.076 -0.821 -0.561 0.105
26.817 11.287 20.699 -0.898 -0.312 -0.311
27.189 11.267 19.744 -0.408 -0.896 -0.175
27.304 11.223 19.657 -0.485 -0.867 -0.117
27.452 11.167 19.555 -0.392 -0.902 -0.18
25.775 12 18.64 -0.802 -0.593 0.07
25.613 11.956 18.075 -0.694 -0.564 0.447
25.493 12.541 18.656 -0.944 -0.322 0.078
25.351 12.459 18.089 -0.849 -0.267 0.456
25.382 13.136 18.574 -0.999 -0.024 0.038
25.248 13.013 18.014 -0.91 0.058 0.412
25.57 11.749 17.503 -0.72 -0.685 0.111
25.749 11.337 17.133 -0.839 -0.41 0.357
25.328 12.091 16.375 -0.893 -0.392 0.219
25.164 12.811 16.843 -0.959 -0.061 -0.277
25.212 12.627 16.253 -0.991 0.062 0.116
25.007 12.458 15.694 -0.854 0.174 0.49
25.355 13.131 16.052 -0.87 0.49 -0.054
25.463 14.012 16.452 -0.942 -0.098 -0.321
25.345 14.579 16.221 -0.864 -0.476 -0.167
25.458 14.016 16.465 -0.946 -0.094 -0.311
25.341 14.584 16.234 -0.867 -0.472 -0.157
25.42 14.418 15.711 -0.914 -0.368 0.173
25.474 13.666 15.544 -0.949 0.133 0.284
25.408 14.481 15.378 -0.928 -0.291 -0.232
25.464 13.721 15.255 -0.965 0.215 -0.15
25.448 14.465 14.88 -0.955 -0.281 0.1
25.478 13.714 14.968 -0.975 0.22 0.041
25.982 14.351 14.168 -0.228 -0.436 -0.871
25.96 13.611 14.324 -0.214 0.058 -0.975
26.565 14.624 13.592 -0.617 -0.618 -0.487
26.124 15.379 13.189 -0.062 -0.551 -0.832
26.738 15.003 13.185 -0.472 -0.3 -0.829
27.19 14.523 12.893 -0.772 0.02 -0.635
27.066 15.45 13.008 -0.196 0.075 -0.978
26.318 17.583 13.127 0.276 -0.036 -0.96
26.217 18.195 12.928 0.343 -0.444 -0.828
25.945 17.523 13.101 -0.122 -0.1 -0.988
25.875 18.14 12.904 -0.075 -0.511 -0.856
25.833 16.12 12.962 -0.233 -0.115 -0.966
25.5 16.248 12.983 -0.011 -0.201 -0.98
25.477 15.523 13.302 -0.442 -0.467 -0.766
25.203 15.749 13.268 -0.26 -0.617 -0.743
25.047 15.31 13.91 -0.695 -0.592 -0.408
24.843 15.571 13.776 -0.559 -0.765 -0.319
25.662 17.526 13.109 0.067 -0.102 -0.993
25.718 18.141 12.908 0.029 -0.512 -0.858
25.245 17.598 13.211 -0.534 0.002 -0.845
25.302 18.213 13.01 -0.572 -0.409 -0.711
25.11 17.603 13.287 -0.445 -0.002 -0.896
25.064 18.222 13.159 -0.413 -0.415 -0.811
24.706 17.637 13.719 -0.922 0.039 -0.385
24.625 18.259 13.629 -0.868 -0.376 -0.325
24.787 19.289 12.404 -0.378 -0.425 -0.823
25.097 19.181 12.265 -0.586 -0.352 -0.73
25.49 20.41 11.799 -0.554 -0.399 -0.731
25.085 21.046 12.074 -0.844 0.057 -0.533
25.64 20.286 11.734 -0.654 -0.316 -0.688
25.805 20.154 11.669 -0.512 -0.43 -0.744
26.165 20.735 10.279 -0.875 -0.441 -0.197
26.111 21.127 10.046 -0.916 -0.144 -0.373
25.713 21.475 10.474 -0.652 -0.376 -0.659
25.183 21.872 11.609 -0.995 -0.071 -0.067
25.184 21.908 11.499 -0.996 -0.094 0.007
25.175 21.943 11.389 -0.99 -0.118 0.08
25.628 23.035 10.99 -0.773 0.511 -0.376
25.578 22.938 10.95 -0.74 0.575 -0.35
25.521 22.847 10.908 -0.702 0.636 -0.321
25.939 22.065 10.16 -0.505 0.008 -0.863
26.319 21.672 9.756 -0.758 0.269 -0.594
26.552 21.912 9.645 -0.581 0.451 -0.677
26.815 22.229 9.542 -0.756 0.24 -0.609
27.091 22.185 8.944 -0.94 0.269 -0.21
26.869 23.134 10.114 -0.152 0.561 -0.814
27.228 22.824 9.655 -0.391 0.767 -0.508
27.473 22.737 9.049 -0.555 0.826 -0.104
27.557 22.889 8.413 -0.611 0.724 0.32
27.906 23.003 9.871 0.209 0.925 -0.317
28.101 22.902 9.249 0.079 0.992 0.097
28.202 22.959 9.842 0.011 0.955 -0.298
28.701 22.931 10.197 0.348 0.936 -0.058
29.521 23.673 12.102 0.404 0.734 -0.546
29.761 23.368 11.657 0.244 0.937 -0.249
30.509 23.244 12.479 0.304 0.868 -0.392
30.511 23.25 12.495 0.306 0.872 -0.383
29.469 23.996 12.724 0.379 0.895 -0.235
29.805 24.118 13.21 0.155 0.814 -0.559
28.86 24.198 13.094 0.074 0.996 -0.05
29.196 24.319 13.58 -0.15 0.915 -0.374
31.205 23.988 14.696 0.491 0.632 -0.6
31.7 24.325 15.144 0.161 0.407 -0.899
31.128 24.065 14.725 0.403 0.719 -0.567
31.633 24.391 15.169 0.066 0.501 -0.863
31.033 24.147 14.751 0.467 0.664 -0.584
31.463 24.532 15.218 0.18 0.407 -0.896
30.843 24.29 14.808 0.3 0.79 -0.535
31.273 24.676 15.275 0.013 0.533 -0.846
32.834 25.467 15.48 0.286 0.25 -0.925
32.843 25.216 15.389 0.281 0.418 -0.864
33.579 24.951 15.825 0.659 -0.008 -0.752
33.422 24.814 15.657 0.763 0.083 -0.64
33.748 23.633 16.42 0.427 -0.221 -0.877
34.322 24.306 16.959 0.83 0.251 -0.499
34.451 24.334 17.151 0.743 0.233 -0.627
34.484 24.436 17.241 0.77 0.319 -0.552
34.055 25.42 16.57 0.897 0.227 -0.38
34.597 25.909 17.257 0.536 -0.099 -0.838
33.213 26.246 16.121 0.475 0.639 -0.604
33.356 26.709 16.511 0.38 0.33 -0.864
32.524 26.546 16.131 0.131 0.789 -0.6
32.774 26.963 16.519 -0.036 0.511 -0.859
33.689 27.027 16.943 0.617 0.557 -0.556
34.148 27.11 17.319 0.311 0.501 -0.807
33.146 27.884 17.704 0.432 0.595 -0.677
32.697 27.467 17.046 -0.091 0.871 -0.482
32.557 27.883 17.53 0.002 0.594 -0.804
32.417 28.467 17.785 0.095 0.205 -0.974
31.979 27.674 17.545 -0.419 0.442 -0.793
32.944 29.472 18.515 0.359 0.707 -0.609
32.878 29.939 18.838 0.404 0.396 -0.825
32.276 29.496 18.343 0.025 0.719 -0.695
32.21 29.962 18.667 0.069 0.408 -0.91
31.597 29.38 18.371 -0.315 0.661 -0.681
31.53 29.847 18.694 -0.27 0.35 -0.897
30.989 29.14 18.593 -0.618 0.541 -0.57
30.923 29.606 18.916 -0.574 0.23 -0.786
30.529 28.804 18.982 -0.848 0.373 -0.375
30.463 29.271 19.306 -0.804 0.062 -0.591
33.167 30.305 19.28 0.548 0.579 -0.604
33.619 30.483 19.654 0.247 0.46 -0.853
32.806 30.731 19.513 0.368 0.792 -0.487
33.258 30.909 19.887 0.066 0.673 -0.737
32.404 31.017 19.863 0.167 0.935 -0.312
32.856 31.196 20.237 -0.135 0.816 -0.562
31.999 31.137 20.297 -0.036 0.995 -0.096
32.451 31.315 20.67 -0.337 0.876 -0.345
31.233 30.778 21.287 -0.419 0.816 0.399
31.898 31.249 21.995 -0.862 0.501 -0.073
31.053 29.767 22.094 -0.509 0.31 0.803
31.505 29.946 22.468 -0.81 0.191 0.554
31.144 29.188 22.26 -0.463 0.02 0.886
31.597 29.366 22.634 -0.765 -0.098 0.637
31.355 28.616 22.278 -0.358 -0.265 0.895
31.807 28.795 22.652 -0.66 -0.384 0.646
31.664 28.107 22.147 -0.204 -0.52 0.83
32.116 28.286 22.521 -0.505 -0.639 0.581
32.379 26.252 21.166 -0.203 -0.105 0.973
32.248 26.216 21.128 -0.288 -0.128 0.949
32.128 26.133 21.089 -0.208 -0.072 0.975
31.88 26.101 21.001 -0.435 -0.1 0.895
32.297 24.609 21.416 -0.134 -0.148 0.98
32.553 24.552 21.467 -0.305 -0.11 0.946
31.628 23.625 20.662 -0.233 -0.308 0.922
31.255 23.095 20.548 0.015 0.045 0.999
31.543 23.687 20.653 -0.359 -0.216 0.908
31.17 23.158 20.538 -0.11 0.137 0.984
31.207 24.096 20.721 -0.135 -0.488 0.862
30.56 23.886 20.681 0.296 -0.349 0.889
31.096 24.438 20.787 -0.293 0.002 0.956
30.444 24.243 20.749 0.141 0.132 0.981
30.329 23.096 20.702 0.45 0.178 0.875
30.078 22.854 20.809 0.215 -0.05 0.975
29.332 22.762 21.221 0.713 0.011 0.701
29.035 23.005 21.394 0.421 0.25 0.872
29.734 22.247 21.038 0.445 0.354 0.823
29.758 21.507 20.92 0.473 -0.564 0.677
29.69 21.283 20.814 0.518 -0.415 0.748
29.677 21.251 20.804 0.503 -0.451 0.737
28.507 21.013 21.92 0.275 -0.665 0.695
28.357 20.814 21.822 0.375 -0.532 0.76
29.73 21.152 20.717 0.468 -0.385 0.795
29.556 20.702 20.456 0.335 -0.729 0.597
28.581 20.268 20.984 0.486 -0.805 0.341
28.856 19.689 20.211 0.303 -0.419 0.856
27.457 19.004 20.019 0.407 -0.465 0.786
27.328 18.365 19.895 0.493 -0.039 0.869
27.283 19.026 20.096 0.215 -0.441 0.871
27.145 18.387 19.976 0.307 -0.016 0.952
27.538 18.25 19.796 0.353 0.038 0.935
27.821 18.795 19.802 0.164 -0.326 0.931
27.83 18.095 19.634 0.588 -0.086 0.804
28.122 18.636 19.634 0.393 -0.446 0.804
27.628 16.071 19.931 0.368 0.114 0.923
27.945 15.553 20.003 0.157 0.459 0.875
28.301 15.15 20.293 -0.081 0.728 0.681
27.388 15.91 19.984 0.05 -0.1 0.994
27.767 15.434 20.043 -0.202 0.218 0.955
28.095 15.012 20.339 -0.421 0.499 0.757
28.41 15.246 20.216 -0.153 0.664 0.732
28.137 15.759 19.895 0.029 0.321 0.946
28.948 15.332 19.966 0.471 0.763 0.442
28.742 15.856 19.614 0.608 0.414 0.677
29.036 15.303 19.931 0.413 0.783 0.466
28.89 15.785 19.54 0.509 0.461 0.726
29.158 15.268 19.843 0.585 0.735 0.342
29.013 15.751 19.452 0.682 0.413 0.603
28.986 14.263 21.741 0.117 0.903 0.413
28.221 14.1 21.551 -0.628 0.744 0.228
30.246 13.488 22.158 0.332 0.884 0.329
30.276 13.445 22.234 0.355 0.851 0.387
29.325 13.795 23.117 0.432 0.745 0.509
29.609 13.557 23.349 0.243 0.903 0.354
28.862 13.572 23.531 0.101 0.585 0.804
29.183 13.352 23.73 -0.113 0.732 0.672
28.458 13.091 23.738 -0.187 0.242 0.952
28.811 12.909 23.92 -0.422 0.364 0.83
28.219 12.478 23.683 -0.358 -0.196 0.913
28.591 12.345 23.87 -0.606 -0.107 0.789
28.51 11.15 23.209 -0.569 -0.122 0.814
28.406 11.125 23.118 -0.687 -0.151 0.711
27.547 12.269 22.997 -0.838 -0.345 0.423
27.357 11.874 22.584 -0.712 -0.082 0.698
27.344 12.859 22.64 -0.983 0.076 0.168
27.117 12.573 22.162 -0.832 0.267 0.486
28.284 10.852 22.993 -0.606 0.031 0.795
27.617 11.022 22.459 -0.582 -0.508 0.635
27.992 10.557 22.635 -0.833 -0.198 0.517
28.153 10.041 22.946 -0.939 0.146 0.31
27.533 10.647 21.9 -0.624 -0.696 0.356
27.925 10.254 22.185 -0.885 -0.434 0.166
28.087 9.749 22.512 -0.994 -0.097 -0.052
28.094 10.003 21.729 -0.754 -0.63 -0.188
27.777 10.373 20.719 -0.502 -0.832 -0.235
28.247 9.92 20.718 -0.815 -0.53 -0.234
28.158 10.671 19.443 -0.56 -0.827 -0.049
27.926 10.866 19.4 -0.708 -0.702 -0.077
28.439 10.423 19.443 -0.748 -0.662 -0.049
28.626 10.253 19.364 -0.625 -0.774 -0.101
28.736 10.162 19.302 -0.698 -0.713 -0.06
29.573 9.895 19.007 0.036 -0.947 -0.319
30.104 9.776 17.957 -0.319 -0.868 0.381
30.622 9.328 17.801 -0.664 -0.569 0.485
30.001 9.742 17.69 -0.417 -0.9 0.126
30.527 9.297 17.555 -0.768 -0.603 0.215
28.78 9.975 18.115 -0.254 -0.958 0.132
28.537 9.855 17.609 -0.092 -0.878 0.47
28.257 10.239 18.304 -0.516 -0.826 0.227
28.013 10.119 17.798 -0.353 -0.746 0.564
26.971 10.41 17.277 -0.228 -0.874 0.43
27.525 10.176 17.385 -0.597 -0.718 0.358
27.008 10.217 16.669 -0.209 -0.97 0.125
27.563 9.983 16.777 -0.579 -0.814 0.053
26.581 10.348 16.305 -0.423 -0.904 -0.056
26.351 10.364 15.768 -0.27 -0.914 0.301
26.086 10.675 16.5 -0.67 -0.741 0.041
25.892 10.667 15.95 -0.541 -0.736 0.408
25.705 11.158 16.603 -0.861 -0.5 0.093
25.537 11.116 16.045 -0.749 -0.472 0.464
26.466 10.366 14.655 -0.203 -0.913 -0.353
26.735 10.35 14.421 -0.383 -0.903 -0.197
26.19 10.89 14.053 -0.365 -0.605 -0.708
26.504 10.788 13.917 -0.575 -0.537 -0.617
26.42 11.587 13.635 -0.23 -0.195 -0.953
26.696 11.372 13.568 -0.415 -0.051 -0.909
27.448 12.886 13.504 -0.122 -0.362 -0.924
26.781 13.437 13.804 -0.752 0.157 -0.641
25.861 12.006 13.849 -0.559 0.052 -0.828
25.584 12.175 13.995 -0.374 -0.061 -0.926
25.483 11.347 14.362 -0.781 -0.336 -0.526
25.267 11.624 14.425 -0.638 -0.521 -0.568
25.26 11.222 15.243 -0.912 -0.409 -0.008
25.081 11.52 15.161 -0.793 -0.608 0.046
26.416 13.23 14.057 -0.508 0.295 -0.809
26.823 13.663 13.782 -0.78 0.006 -0.626
26.411 13.239 14.063 -0.515 0.306 -0.801
26.818 13.672 13.789 -0.786 0.017 -0.618
27.658 13.001 13.407 -0.262 -0.438 -0.86
27.46 12.427 13.602 -0.129 -0.056 -0.99
27.752 12.967 13.403 -0.146 -0.48 -0.865
27.55 12.394 13.598 -0.011 -0.099 -0.995
29.01 13.55 10.604 -0.737 -0.43 0.521
29.081 13.938 10.53 -0.51 0.811 0.286
28.53 13.951 12.258 -0.417 -0.698 -0.582
28.601 14.34 12.185 -0.19 0.544 -0.818
28.902 15.072 12.336 -0.391 0.055 -0.919
29.396 15.347 11.981 -0.72 -0.128 -0.682
28.807 15.606 12.642 -0.497 0.644 -0.582
29.296 15.906 12.3 -0.823 0.444 -0.354
28.524 15.972 13.064 -0.308 0.4 -0.863
28.793 16.557 13.079 -0.487 0.01 -0.873
28.5 15.983 13.078 -0.338 0.413 -0.846
28.77 16.567 13.092 -0.518 0.023 -0.855
27.911 16.571 13.307 0.055 0.021 -0.998
28.443 16.89 13.211 -0.3 -0.192 -0.935
27.844 16.686 13.318 -0.038 0.18 -0.983
28.376 17.005 13.222 -0.392 -0.033 -0.919
28.651 18.168 11.659 -0.576 -0.808 0.123
28.874 17.864 12.339 -0.724 -0.605 -0.33
28.672 18.153 11.645 -0.54 -0.836 0.099
28.894 17.849 12.326 -0.687 -0.634 -0.355
27.706 18.179 10.449 -0.623 -0.772 0.129
27.951 17.752 10.073 -0.786 -0.487 0.38
27.184 19.005 11.066 -0.821 -0.554 -0.14
26.865 19.145 11.547 -0.607 -0.647 -0.461
26.402 19.132 11.92 -0.299 -0.638 -0.709
27.42 18.81 11.317 -0.459 -0.854 0.246
27.045 18.995 11.74 -0.209 -0.977 -0.036
26.621 18.95 12.154 0.074 -0.947 -0.312
26.356 19.322 11.733 -0.268 -0.765 -0.585
26.752 19.412 11.139 -0.532 -0.825 -0.189
26.046 19.774 11.631 -0.673 -0.177 -0.719
26.4 19.925 11.023 -0.908 -0.277 -0.313
27.449 19.233 8.349 -0.832 -0.552 -0.058
27.308 20.001 8 -0.943 0.047 -0.33
27.144 20.226 8.319 -0.833 -0.103 -0.543
27.351 19.964 7.842 -0.972 0.072 -0.225
27.176 20.349 8.267 -0.795 0.041 -0.605
27.385 20.091 7.787 -0.934 0.213 -0.285
27.103 20.934 8.209 -0.747 -0.349 -0.566
26.587 21.12 8.825 -0.702 0.283 -0.653
26.916 21.407 8.412 -0.922 0.092 -0.377
27.022 21.716 7.908 -0.993 -0.114 -0.041
26.977 21.842 8.738 -0.864 0.498 -0.073
27.474 20.539 7.47 -0.994 -0.085 -0.074
27.758 20.784 6.828 -0.731 0.142 -0.667
27.864 20.902 6.718 -0.802 0.064 -0.594
27.927 20.371 6.33 -0.844 0.418 -0.335
27.745 19.961 5.845 -0.723 0.691 -0.012
27.903 20.936 6.676 -0.727 0.129 -0.674
27.954 20.394 6.301 -0.762 0.49 -0.424
27.784 19.995 5.802 -0.649 0.756 -0.092
27.956 20.983 6.624 -0.763 0.097 -0.64
28.05 20.48 6.208 -0.826 0.432 -0.362
28.172 21.154 6.474 -0.534 0.278 -0.799
28.279 20.661 6.049 -0.605 0.607 -0.516
27.677 22.389 6.89 -0.525 0.367 -0.768
28.01 22.553 6.658 -0.747 0.259 -0.613
27.78 22.959 7.344 -0.451 0.774 -0.443
28.105 23.077 7.076 -0.668 0.696 -0.264
28.185 23.254 7.883 -0.162 0.985 -0.058
28.477 23.348 7.572 -0.357 0.922 0.149
29.673 23.226 8.226 -0.293 0.901 0.322
30.028 23.681 7.804 -0.529 0.597 0.603
30.082 23.153 8.49 0.047 0.84 0.541
30.437 23.608 8.068 -0.19 0.536 0.822
30.324 22.94 9.076 -0.115 0.982 0.151
30.878 23.118 9.089 -0.484 0.863 0.142
30.361 22.827 9.446 -0.086 0.893 0.442
30.913 23.012 9.434 -0.454 0.769 0.45
29.745 22.76 10.295 0.325 0.938 -0.124
29.229 22.846 10.295 -0.004 0.992 -0.124
30.289 22.788 10.699 -0.038 0.919 -0.393
30.748 22.773 10.318 -0.344 0.929 -0.14
31.126 22.979 9.905 -0.596 0.792 0.136
30.686 22.801 11.097 0.362 0.932 0.007
31.068 22.784 10.639 0.108 0.944 0.313
31.475 22.991 10.255 -0.164 0.806 0.569
30.919 22.776 11.464 0.207 0.949 -0.237
31.496 22.738 11.314 -0.177 0.974 -0.138
32.031 22.932 11.132 -0.534 0.845 -0.016
30.929 22.783 11.503 0.217 0.955 -0.203
31.505 22.744 11.349 -0.167 0.981 -0.1
32.042 22.938 11.171 -0.525 0.851 0.018
30.982 22.791 11.585 0.182 0.949 -0.258
31.608 22.787 11.492 -0.236 0.952 -0.196
32.171 23.037 11.348 -0.611 0.785 -0.1
30.983 22.793 11.591 0.183 0.951 -0.25
31.609 22.788 11.497 -0.234 0.954 -0.187
32.172 23.038 11.353 -0.61 0.787 -0.091
32.045 23.032 11.686 -0.525 0.791 -0.313
31.751 23.197 12.828 0.248 0.958 -0.146
32.4 23.202 12.257 -0.185 0.954 0.235
32.957 23.682 11.803 -0.556 0.634 0.537
32.906 22.958 12.664 0.301 0.72 0.625
32.998 22.859 12.748 0.239 0.786 0.57
33.087 22.771 12.82 0.301 0.725 0.619
32.274 22.935 14.26 0.815 0.568 -0.112
32.262 23.331 14.811 0.823 0.304 -0.479
32.503 23.82 15.215 0.663 -0.022 -0.748
32.144 23.058 14.182 0.625 0.747 -0.226
32.181 23.408 14.762 0.6 0.514 -0.613
32.402 23.915 15.154 0.453 0.176 -0.874
32.04 23.464 14.653 0.694 0.476 -0.54
32.313 23.944 15.11 0.512 0.157 -0.845
31.639 23.731 14.636 0.202 0.803 -0.561
31.948 24.187 15.095 -0.004 0.499 -0.866
32.683 23.758 15.352 0.543 0.019 -0.84
32.552 23.219 15.109 0.63 0.379 -0.678
32.576 22.772 14.7 0.614 0.677 -0.406
32.749 22.491 14.192 0.498 0.864 -0.067
32.727 23.728 15.388 0.685 -0.077 -0.724
32.561 23.213 15.116 0.796 0.267 -0.544
32.59 22.762 14.712 0.777 0.567 -0.274
32.809 22.45 14.241 0.631 0.775 0.04
32.797 23.548 15.453 0.639 0.043 -0.768
32.758 22.886 15.153 0.665 0.485 -0.568
32.954 22.395 14.653 0.534 0.812 -0.234
32.854 23.491 15.546 0.92 -0.233 -0.314
32.759 22.885 15.155 0.984 0.171 -0.053
33.011 22.338 14.745 0.816 0.535 0.22
33.585 23.624 16.338 0.433 -0.322 -0.842
33.646 23.687 16.35 0.495 -0.257 -0.83
33.687 22.536 16.333 0.365 0.404 -0.839
33.457 22.091 15.811 0.518 0.7 -0.491
33.408 21.89 15.117 0.551 0.834 -0.028
34.319 22.233 16.953 0.323 -0.622 -0.713
33.782 22.229 16.468 0.681 -0.62 -0.39
33.482 22.009 15.847 0.881 -0.473 0.024
33.49 21.623 15.234 0.875 -0.216 0.433
33.804 21.163 14.772 0.666 0.091 0.74
33.466 22.137 16.581 -0.373 -0.928 -0.011
33.398 21.984 15.877 -0.327 -0.826 0.458
33.215 21.543 15.333 -0.206 -0.532 0.821
33.024 22.21 16.862 -0.079 -0.977 -0.198
32.626 22.208 16.392 0.187 -0.976 0.115
32.274 21.959 15.952 0.422 -0.809 0.409
32.906 22.22 16.956 -0.276 -0.96 -0.042
32.54 22.216 16.46 -0.032 -0.957 0.289
32.165 21.968 16.038 0.218 -0.792 0.57
32.574 21.925 18.107 -0.024 -0.9 -0.435
31.914 21.618 18.334 0.416 -0.695 -0.586
32.748 21.916 18.602 0.243 -0.913 0.326
32.088 21.609 18.829 0.684 -0.709 0.175
34.122 22.718 19.591 0.041 -0.895 0.445
34.272 22.722 19.561 0.179 -0.891 0.418
34.573 22.026 18.497 0.505 -0.77 0.39
34.908 22.249 18.669 0.282 -0.919 0.276
34.877 22.137 17.875 0.721 -0.69 -0.054
35.187 22.352 18.096 0.514 -0.833 -0.202
35.014 22.577 17.345 0.819 -0.377 -0.433
35.313 22.756 17.608 0.619 -0.497 -0.608
34.944 23.215 17.063 0.769 0.079 -0.634
35.249 23.344 17.348 0.566 -0.007 -0.825
34.478 22.786 19.653 0.041 -0.933 0.357
35.229 22.741 19.133 0.55 -0.509 0.662
35.113 23.034 19.627 0.627 -0.704 0.333
35.14 23.165 20.198 0.609 -0.792 -0.047
35.62 23.31 18.918 0.875 -0.035 0.483
35.481 23.571 19.424 0.967 -0.208 0.145
35.565 23.784 19.964 0.912 -0.35 -0.214
35.436 24.182 19.125 0.925 0.356 -0.131
35.342 24.709 18.696 0.988 0.005 0.155
35.149 24.814 18.036 0.753 0.133 -0.644
35.071 24.756 17.922 0.805 0.172 -0.568
34.789 24.712 17.632 0.567 0.135 -0.813
34.755 27.408 18.043 0.615 0.651 -0.445
35.147 28.067 18.742 0.354 0.211 -0.911
36.157 28.009 19.607 0.859 0.182 -0.478
36.427 27.62 19.769 0.679 0.442 -0.586
36.321 28.305 20.413 0.941 0.33 -0.075
36.565 27.869 20.45 0.778 0.62 -0.1
35.661 29.16 20.103 0.611 0.757 -0.23
35.487 29.577 20.494 0.727 0.479 -0.491
34.756 30.482 20.654 0.815 0.459 -0.353
35.168 30.042 20.69 0.54 0.753 -0.377
34.486 31.02 21.529 0.68 0.728 0.084
34.264 31.303 21.884 0.828 0.54 -0.152
34.03 31.328 21.103 0.452 0.883 -0.128
33.879 31.563 21.524 0.553 0.726 -0.409
33.391 31.485 20.876 0.133 0.961 -0.242
33.339 31.696 21.332 0.167 0.821 -0.546
32.696 31.459 20.891 -0.215 0.948 -0.235
32.752 31.674 21.345 -0.252 0.805 -0.537
34.764 30.422 22.224 0.708 0.66 0.25
34.279 30.722 22.84 0.838 0.125 0.53
34.646 30.217 22.647 0.594 0.462 0.659
35.182 29.844 22.641 0.236 0.711 0.663
34.405 29.896 22.916 0.36 0.15 0.921
33.481 30.159 23.389 0.268 -0.277 0.923
33.558 29.666 23.31 0.216 0.051 0.975
32.891 30.126 23.415 -0.153 -0.301 0.942
32.861 29.627 23.341 -0.132 0.032 0.991
32.343 30.25 23.234 -0.544 -0.212 0.812
32.213 29.774 23.127 -0.457 0.106 0.883
31.945 30.507 22.88 -0.828 -0.029 0.56
31.741 30.077 22.709 -0.692 0.257 0.674
33.486 28.606 23.079 0.18 -0.478 0.86
33.988 28.299 22.944 -0.154 -0.273 0.95
34.39 27.282 22.53 -0.024 -0.182 0.983
34.305 27.831 22.751 0.032 -0.548 0.836
35.529 27.096 22.149 0.545 -0.274 0.792
35.896 26.848 21.916 0.3 -0.109 0.948
35.032 25.866 21.819 0.448 -0.148 0.882
34.379 26.499 22.202 -0.03 -0.573 0.819
34.414 25.864 21.949 -0.054 -0.15 0.987
34.432 25.182 22.005 -0.066 0.305 0.95
33.816 25.827 21.747 -0.539 -0.179 0.823
33.394 25.874 21.567 -0.257 -0.211 0.943
32.913 26.15 21.384 -0.559 -0.037 0.828
33.158 23.321 20.951 -0.003 -0.726 0.688
33.741 23.288 21.094 -0.391 -0.704 0.593
32.441 22.757 20.151 0.315 -0.816 0.484
31.943 22.38 20.11 0.647 -0.564 0.512
32.626 23.323 20.844 -0.269 -0.725 0.634
32.146 23.057 20.543 0.051 -0.547 0.835
31.679 22.648 20.46 0.362 -0.275 0.891
31.307 22.167 20.61 0.611 0.046 0.791
31.743 23.452 20.649 -0.31 -0.193 0.931
31.319 23.002 20.555 -0.027 0.108 0.994
32.131 22.315 19.865 0.522 -0.521 0.675
32.157 22.125 19.643 0.545 -0.686 0.482
31.182 21.436 20.444 0.506 -0.564 0.653
31.127 21.048 20.249 0.543 -0.305 0.782
32.117 21.945 19.475 0.572 -0.566 0.594
32.177 21.706 18.921 0.624 -0.773 0.114
33.61 22.832 20.029 0.005 -0.899 0.439
33.887 22.779 19.819 0.197 -0.936 0.293
34.418 23.651 21.511 0.093 -0.445 0.891
34.531 24.001 21.746 0.017 -0.679 0.734
35.075 23.668 21.251 0.562 -0.433 0.705
35.136 24.018 21.507 0.521 -0.665 0.535
35.54 23.966 20.81 0.894 -0.22 0.39
35.564 24.292 21.1 0.878 -0.437 0.196
35.785 25.246 20.407 0.917 -0.397 -0.02
35.681 25.349 19.93 0.812 -0.293 -0.505
35.421 25.079 19.368 0.985 -0.113 -0.13
35.39 25 19.268 0.956 -0.189 -0.226
35.765 25.848 19.458 0.756 -0.626 -0.191
35.674 26.032 18.644 0.992 -0.021 -0.128
35.873 26.3 19.16 0.859 -0.2 -0.472
36.29 26.518 19.557 0.581 -0.345 -0.737
35.723 26.8 18.98 0.717 0.271 -0.642
35.864 25.374 20.587 0.865 -0.482 -0.141
36.172 26.022 21.308 0.497 -0.699 0.513
35.766 25.505 21.279 0.768 -0.355 0.532
35.581 24.886 21.404 0.892 0.058 0.449
35.272 25.778 21.711 0.288 -0.089 0.953
35.907 27.892 21.943 0.714 -0.136 0.687
36.147 28.26 21.47 0.948 0.224 0.225
31.927 21.718 18.21 0.407 -0.762 -0.503
31.781 21.8 18.022 0.28 -0.691 -0.666
31.013 21.482 17.591 0.792 -0.48 -0.378
31.02 21.684 16.938 0.787 -0.614 0.057
31.272 21.695 16.304 0.619 -0.622 0.48
30.987 21.451 17.58 0.729 -0.553 -0.403
31.006 21.668 16.933 0.716 -0.697 0.028
31.248 21.667 16.294 0.555 -0.697 0.454
30.52 20.231 17.989 0.777 -0.605 -0.176
30.297 19.822 17.455 0.926 -0.333 0.18
30.413 20.104 18.131 0.635 -0.773 0.012
30.189 19.696 17.597 0.784 -0.501 0.368
30.296 19.914 18.56 0.712 -0.646 -0.275
30.088 19.835 19.323 0.51 -0.722 0.467
28.756 18.514 19.272 0.563 -0.431 0.706
28.637 17.908 19.182 0.642 -0.027 0.766
28.328 18.562 19.518 0.256 -0.396 0.882
28.208 17.956 19.428 0.335 0.007 0.942
28.715 17.862 19.12 0.59 0.004 0.807
28.884 18.429 19.138 0.477 -0.374 0.795
29.165 17.81 18.438 0.973 -0.041 0.228
29.289 18.383 18.526 0.891 -0.422 0.169
29.645 16.796 18.163 0.653 0.636 0.411
30.189 16.526 18.028 0.29 0.815 0.501
29.618 16.612 18.398 0.631 0.483 0.607
30.164 16.356 18.247 0.267 0.654 0.708
29.929 16.361 18.363 0.424 0.651 0.63
29.87 15.982 18.601 0.353 0.197 0.915
29.232 15.668 19.256 0.778 0.407 0.478
29.48 15.153 19.599 0.613 0.75 0.249
29.1 15.702 19.395 0.624 0.446 0.641
29.332 15.191 19.756 0.47 0.787 0.401
30.142 14.915 19.4 0.172 0.908 0.382
30.423 15.235 18.895 -0.016 0.695 0.719
30.669 14.601 19.467 0.64 0.629 0.441
30.911 14.944 18.957 0.478 0.401 0.781
32.35 13.509 20.178 0.128 0.975 0.183
32.802 13.667 19.759 -0.174 0.869 0.463
32.906 13.086 20.564 0.601 0.614 0.512
33.318 13.274 20.117 0.326 0.488 0.809
32.11 13.216 21.918 0.495 0.706 0.507
32.089 13.094 22.156 0.509 0.787 0.349
30.627 13.144 22.638 0.421 0.772 0.477
30.423 13.334 22.394 0.257 0.925 0.28
30.72 13.056 22.713 0.359 0.83 0.427
30.319 12.805 23.498 0.834 0.276 0.478
30.836 12.651 23.036 0.489 0.379 0.786
31.518 12.625 22.838 0.034 0.396 0.918
30.799 12.127 23.111 0.448 -0.206 0.87
30.391 11.591 23.4 0.72 0.152 0.677
29.739 11.945 23.916 0.351 -0.44 0.826
29.895 11.371 23.705 0.247 -0.058 0.967
30.117 10.783 23.75 0.1 0.335 0.937
29.299 11.2 23.656 -0.321 -0.221 0.921
29.124 11.06 23.582 -0.204 -0.127 0.971
28.701 11.096 23.36 -0.696 -0.086 0.712
29.459 9.74 23.754 0.149 -0.105 0.983
29.835 9.961 23.785 -0.102 -0.252 0.962
29.752 9.191 23.447 0.393 -0.562 0.727
30.153 9.365 23.452 0.126 -0.678 0.724
29.855 8.85 22.852 0.479 -0.847 0.231
30.265 8.994 22.805 0.206 -0.943 0.262
29.184 8.848 21.946 -0.08 -0.848 -0.524
29.412 9.035 21.171 -0.232 -0.973 -0.007
28.645 9.094 21.911 -0.53 -0.644 -0.553
28.719 9.351 21.126 -0.579 -0.815 -0.03
31.018 9.245 20.27 0.023 -0.99 0.138
31.495 9.026 19.805 -0.295 -0.844 0.449
30.805 9.25 20.048 -0.158 -0.986 -0.051
31.287 9.03 19.587 -0.479 -0.84 0.257
29.163 9.166 20.74 -0.357 -0.907 -0.223
29.235 9.175 20.482 -0.405 -0.913 -0.051
30.663 9.265 19.881 -0.063 -0.996 0.061
31.208 9.04 19.493 -0.426 -0.846 0.32
30.438 9.388 19.521 -0.363 -0.832 -0.419
30.958 9.177 19.094 -0.71 -0.691 -0.134
30.399 9.421 19.487 -0.337 -0.854 -0.396
30.348 9.485 19.409 -0.388 -0.79 -0.475
30.289 9.537 19.363 -0.349 -0.825 -0.444
30.733 9.433 18.871 -0.645 -0.755 -0.115
30.983 9.101 18.343 -0.812 -0.534 0.236
30.26 9.574 19.328 -0.423 -0.733 -0.533
30.714 9.456 18.848 -0.726 -0.655 -0.213
30.951 9.141 18.304 -0.883 -0.445 0.15
31.033 9.038 18.386 -0.845 -0.492 0.208
31.067 8.998 18.418 -0.816 -0.528 0.236
31.492 7.94 17.927 -0.456 -0.684 0.569
31.742 8.067 18.561 -0.622 -0.769 0.147
32.582 7.665 18.197 -0.277 -0.96 0.04
33.259 7.783 17.717 0.339 -0.853 -0.396
33.548 8.894 16.332 0.688 -0.683 -0.244
33.945 9.226 16.038 0.424 -0.905 -0.049
34.441 9.345 15.733 0.092 -0.984 0.155
33.534 8.89 16.308 0.667 -0.69 -0.282
33.934 9.223 16.02 0.4 -0.912 -0.09
34.428 9.341 15.711 0.07 -0.991 0.116
33.571 8.963 16.192 0.642 -0.739 -0.205
34.071 9.278 15.785 0.309 -0.949 0.067
33.419 8.936 15.991 0.47 -0.77 -0.432
33.906 9.248 15.566 0.145 -0.978 -0.149
33.923 8.711 14.183 0.134 -0.62 0.773
33.634 8.715 14.026 -0.735 -0.608 0.299
33.035 8.701 15.811 0.726 -0.613 -0.312
32.746 8.704 15.654 -0.143 -0.602 -0.786
32.587 8.907 15.488 -0.037 -0.736 -0.675
32.837 9.205 14.908 -0.204 -0.935 -0.289
33.021 9.199 14.233 -0.327 -0.931 0.161
32.287 9.175 15.456 -0.644 -0.192 -0.74
32.625 9.396 14.885 -0.869 -0.339 -0.36
32.679 9.506 14.197 -0.906 -0.413 0.099
32.208 9.628 15.543 -0.734 0.018 -0.678
32.501 10 14.956 -0.93 -0.23 -0.287
32.192 9.677 15.566 -0.759 0.091 -0.644
32.485 10.049 14.978 -0.955 -0.157 -0.253
31.014 9.753 16.097 0.026 0.041 -0.999
30.427 10.181 15.912 0.417 -0.245 -0.875
30.659 9.384 16.328 -0.548 -0.555 -0.626
30.09 9.83 16.132 -0.168 -0.852 -0.495
30.608 9.332 16.412 -0.513 -0.52 -0.682
30.004 9.743 16.285 -0.111 -0.794 -0.597
30.802 8.548 16.861 -0.949 -0.249 -0.192
30.444 9.197 16.836 -0.71 -0.682 -0.176
29.824 9.596 16.746 -0.297 -0.948 -0.116
29.096 9.647 16.614 0.188 -0.982 -0.028
30.442 9.275 17.303 -0.712 -0.589 0.384
29.823 9.681 17.256 -0.299 -0.859 0.415
28.291 10.508 14.817 0.331 -0.767 -0.549
27.645 10.238 15.33 -0.163 -0.974 -0.156
28.406 10.538 14.836 0.255 -0.787 -0.562
28.59 10.841 14.651 0.457 -0.456 -0.764
28.565 11.353 14.068 0.473 -0.797 -0.375
29.151 11.604 13.879 0.083 -0.965 -0.249
27.769 11.196 13.632 0.479 -0.198 -0.855
28.277 11.624 13.645 0.14 -0.483 -0.865
28.828 11.909 13.404 -0.227 -0.673 -0.704
29.311 11.996 12.956 -0.549 -0.731 -0.405
27.955 12.095 13.554 -0.234 0.064 -0.97
28.465 12.439 13.302 -0.574 -0.165 -0.802
27.743 12.237 13.592 -0.092 -0.031 -0.995
28.087 12.698 13.426 -0.322 -0.337 -0.885
27.715 12.259 13.595 -0.121 -0.008 -0.993
28.056 12.722 13.429 -0.348 -0.317 -0.882
29.619 11.454 14.175 -0.229 -0.865 -0.447
29.425 11.138 14.63 -0.099 -0.654 -0.75
30.006 11.371 14.302 0.098 -0.935 -0.34
29.772 11.062 14.744 0.254 -0.73 -0.635
30.788 11.253 13.35 -0.423 -0.857 0.295
31.17 10.753 13.018 -0.678 -0.524 0.516
29.964 11.588 13.214 -0.222 -0.935 -0.276
30.576 11.341 12.947 -0.63 -0.77 -0.098
30.975 10.834 12.647 -0.896 -0.433 0.102
31.072 10.182 12.381 -0.96 0.003 0.279
30.551 11.55 12.534 -0.654 -0.567 -0.502
30.952 11.027 12.266 -0.921 -0.218 -0.323
29.504 12.832 11.849 -0.686 -0.634 -0.358
29.53 12.946 11.243 -0.703 -0.71 0.045
29.378 12.88 10.649 -0.601 -0.666 0.441
29.285 13.225 11.877 -0.92 -0.213 -0.328
29.358 13.254 11.265 -0.969 -0.233 0.08
29.186 13.224 10.674 -0.854 -0.213 0.474
29.487 12.852 10.778 -0.674 -0.647 0.355
29.637 12.805 11.529 -0.774 -0.616 -0.145
29.711 12.693 10.726 -0.292 -0.919 0.266
29.85 12.654 11.479 -0.385 -0.892 -0.236
29.471 11.685 9.283 -0.642 -0.536 0.548
29.183 11.838 8.51 -0.904 -0.397 -0.156
28.917 13.213 7.613 -0.701 -0.609 -0.372
28.869 13.416 7.015 -0.668 -0.744 0.026
28.707 13.556 7.741 -0.957 -0.192 -0.217
28.666 13.745 7.138 -0.93 -0.318 0.185
28.672 13.621 7.818 -0.934 -0.235 -0.269
28.638 13.873 7.289 -0.911 -0.403 0.084
28.617 13.828 7.924 -0.984 -0.049 -0.174
28.579 14.095 7.403 -0.958 -0.227 0.174
28.566 14.082 8 -0.95 -0.218 -0.224
28.408 14.547 7.524 -0.844 -0.528 0.093
28.585 14.529 8.465 -0.93 0.253 0.267
28.428 15.03 8.027 -0.825 -0.081 0.559
28.625 14.601 8.553 -0.956 0.205 0.208
28.503 15.158 8.185 -0.875 -0.166 0.454
28.87 14.842 8.825 -0.627 0.528 0.572
28.739 15.389 8.445 -0.54 0.163 0.826
29.244 15.042 9.272 -0.877 0.394 0.275
29.362 15.77 9.261 -0.955 -0.091 0.282
29.133 16.465 9.353 -0.802 -0.555 0.22
29.349 15.038 9.438 -0.62 0.383 0.685
29.427 15.767 9.366 -0.672 -0.104 0.733
29.262 16.46 9.559 -0.562 -0.565 0.604
29.597 14.721 10.203 -0.785 0.594 0.175
29.847 15.225 10.714 -0.952 0.258 -0.165
29.563 14.571 10.364 -0.832 0.389 0.396
29.811 15.067 10.884 -0.997 0.059 0.049
29.67 16.369 10.802 -0.834 -0.505 -0.224
29.372 16.768 10.379 -0.635 -0.77 0.058
29.519 16.821 11.354 -0.962 -0.12 0.246
29.216 17.234 10.949 -0.76 -0.396 0.516
29.399 16.793 12.413 -0.882 -0.101 -0.46
29.393 16.764 12.433 -0.888 -0.128 -0.442
29.13 17.5 12.357 -0.702 -0.572 -0.423
29.154 17.683 11.779 -0.718 -0.695 -0.037
29.001 17.695 11.191 -0.617 -0.703 0.355
29.065 17.578 12.379 -0.801 -0.453 -0.39
29.094 17.756 11.799 -0.821 -0.571 -0.004
28.921 17.792 11.217 -0.706 -0.596 0.384
28.629 16.616 8.792 -0.467 -0.655 0.595
28.108 17.079 8.415 -0.938 -0.236 0.253
28.056 17.307 8.52 -0.904 -0.388 0.182
27.994 16.942 8.066 -0.862 -0.144 0.485
27.921 17.828 8.121 -0.995 -0.032 -0.091
27.859 17.463 7.666 -0.954 0.211 0.212
27.77 18.445 8.055 -0.895 -0.444 -0.047
27.659 18.753 8.191 -0.972 -0.231 0.047
27.765 17.894 7.314 -0.891 -0.076 0.447
27.636 17.99 6.895 -0.994 0.001 0.113
27.4 18.561 6.471 -0.836 -0.38 0.396
27.32 19.508 6.86 -0.977 0.086 -0.197
27.275 19.267 6.257 -0.947 0.247 0.205
26.964 19.096 5.712 -0.739 0.361 0.568
27.621 19.851 5.94 -0.64 0.764 -0.076
27.391 17.76 6.26 -0.83 0.154 0.536
27.194 17.362 5.758 -0.976 -0.143 0.162
27.17 17.314 5.619 -0.961 -0.111 0.255
26.932 17.686 4.881 -0.762 -0.647 -0.025
27.194 17.139 5.15 -0.937 -0.282 -0.204
27.182 16.51 5.359 -0.929 0.137 -0.343
27.239 17.539 4.391 -0.543 -0.751 -0.375
27.452 17.016 4.738 -0.685 -0.402 -0.607
27.464 16.375 4.907 -0.694 0.025 -0.72
27.881 16.976 4.482 -0.266 -0.442 -0.857
28.022 16.968 4.434 -0.359 -0.437 -0.825
28.671 17.181 4.263 0.125 -0.278 -0.952
28.785 17.345 4.215 0.049 -0.387 -0.921
29.168 16.888 4.297 -0.206 -0.082 -0.975
29.501 16.41 4.142 -0.428 0.236 -0.872
28.793 17.352 4.213 0.062 -0.377 -0.924
29.175 16.893 4.295 -0.193 -0.072 -0.979
29.509 16.417 4.14 -0.416 0.246 -0.876
29.178 17.754 3.935 -0.195 -0.645 -0.739
29.856 17.544 3.683 -0.647 -0.506 -0.571
28.485 18.298 3.636 0.347 -0.209 -0.914
29.221 18.175 3.737 -0.143 -0.127 -0.981
29.902 18.005 3.467 -0.598 -0.013 -0.802
30.358 17.829 2.895 -0.902 0.104 -0.42
29.342 18.623 3.798 0.006 0.422 -0.907
30.035 18.493 3.534 -0.456 0.509 -0.73
29.182 19.328 3.96 0.063 0.106 -0.992
28.753 20.004 4.378 -0.326 0.72 -0.613
27.754 19.956 4.727 -0.175 0.975 -0.135
28.276 20.261 5.064 -0.523 0.772 -0.36
28.749 20.871 5.779 -0.361 0.672 -0.646
28.724 21.432 6.145 -0.344 0.299 -0.89
28.426 20.752 5.96 -0.703 0.546 -0.456
28.43 21.323 6.309 -0.706 0.165 -0.689
28.987 21.568 6.053 -0.52 0.208 -0.829
29.221 21.117 5.611 -0.676 0.508 -0.534
29.019 21.595 6.042 -0.475 0.247 -0.845
29.254 21.146 5.599 -0.632 0.547 -0.549
29.185 22.368 5.922 -0.586 -0.268 -0.765
28.493 22.618 6.331 -0.344 0.313 -0.885
29.052 22.82 6.014 -0.717 0.178 -0.674
29.394 23.076 5.494 -0.945 0.007 -0.328
29.071 23.226 6.27 -0.698 0.578 -0.422
29.196 23.466 6.331 -0.782 0.418 -0.463
28.632 23.408 7.317 -0.228 0.972 -0.063
29.307 23.787 6.992 -0.678 0.718 0.154
29.662 24.505 6.738 -0.915 0.24 0.323
29.7 23.667 7.61 -0.31 0.606 0.732
29.741 23.979 5.129 -0.876 -0.023 -0.481
29.611 23.49 5.207 -0.79 0.303 -0.533
30.191 23.69 4.611 -0.651 -0.167 -0.74
29.991 23.246 4.769 -0.518 0.129 -0.845
30.759 23.261 4.395 -0.367 -0.382 -0.848
30.472 22.884 4.587 -0.175 -0.13 -0.976
31.055 22.14 4.825 0.089 -0.185 -0.979
30.826 21.419 4.743 0.241 0.296 -0.924
31.465 21.973 5.024 0.535 -0.367 -0.761
31.2 21.267 4.926 0.711 0.105 -0.696
32.388 22.235 5.138 -0.081 -0.541 -0.837
32.82 21.79 5.227 -0.369 -0.244 -0.897
32.556 23.071 4.692 0.531 -0.477 -0.7
32.87 22.648 5.031 0.322 -0.195 -0.926
33.268 22.173 5.128 0.057 0.122 -0.991
33.681 21.73 4.966 -0.218 0.417 -0.882
33.31 23.039 5.29 0.692 0.133 -0.71
33.676 22.536 5.368 0.447 0.468 -0.762
31.691 23.87 4.108 0.099 -0.077 -0.992
31.587 24.423 3.938 0.168 -0.446 -0.879
31.006 23.79 4.167 -0.244 -0.118 -0.963
30.95 24.348 3.993 -0.206 -0.49 -0.847
30.374 23.843 4.444 -0.56 -0.091 -0.824
30.363 24.398 4.251 -0.552 -0.461 -0.695
29.886 24.023 4.901 -0.803 -0.001 -0.595
29.909 24.565 4.676 -0.819 -0.362 -0.445
29.612 24.303 5.472 -0.941 0.139 -0.31
29.654 24.825 5.207 -0.969 -0.209 -0.133
29.591 24.643 6.075 -0.951 0.309 -0.009
29.635 25.141 5.767 -0.98 -0.023 0.196
29.826 24.994 6.623 -0.833 0.485 0.265
29.853 25.468 6.277 -0.852 0.169 0.496
31.441 24.029 8.436 -0.457 0.629 0.629
31.17 23.778 8.401 -0.679 0.423 0.6
31.904 24.275 8.715 -0.766 0.465 0.443
32.585 24.351 9.195 -0.234 0.525 0.818
32.704 23.753 10.091 -0.314 0.923 0.221
32.625 23.707 10.152 -0.368 0.892 0.263
32.654 23.687 10.283 -0.387 0.905 0.176
32.356 23.405 10.485 -0.685 0.623 0.378
32.26 23.361 10.4 -0.621 0.652 0.435
32.212 23.293 10.427 -0.655 0.605 0.454
33.622 24.12 11.119 -0.002 0.999 -0.033
33.804 24.138 10.924 -0.124 0.988 0.097
33.906 23.897 11.797 0.235 0.813 0.532
34.17 23.851 11.796 0.06 0.844 0.533
33.115 24.051 9.882 -0.588 0.724 0.36
33.022 24.48 9.33 -0.526 0.438 0.729
33.814 24.147 10.64 -0.119 0.992 -0.045
33.745 24.275 9.95 -0.073 0.907 0.416
33.653 24.704 9.397 -0.011 0.621 0.784
33.556 25.339 9.105 0.053 0.197 0.979
34.393 24.2 9.783 0.455 0.845 0.279
34.3 24.629 9.23 0.517 0.559 0.648
35.228 24.005 10.537 -0.091 0.975 -0.202
34.58 24.063 11.06 0.264 0.95 0.165
35.168 24.016 11.096 -0.128 0.982 0.14
35.727 24.198 11.166 -0.501 0.861 0.094
34.556 23.869 11.644 0.253 0.853 0.457
35.147 23.838 11.629 -0.141 0.873 0.467
35.704 24.012 11.724 -0.513 0.757 0.404
34.577 23.49 12.131 0.263 0.664 0.7
35.166 23.493 12.073 -0.129 0.662 0.739
35.725 23.651 12.188 -0.502 0.557 0.662
34.641 22.973 12.461 0.295 0.405 0.865
35.224 23.022 12.374 -0.094 0.373 0.923
35.785 23.157 12.503 -0.468 0.282 0.837
35.313 22.48 12.497 -0.039 0.041 0.998
34.343 22.075 12.899 0.608 0.311 0.731
34.085 21.842 13.369 0.78 0.467 0.417
33.917 22.466 12.895 0.25 0.639 0.727
33.702 22.193 13.365 0.393 0.821 0.414
33.766 22.44 12.983 0.35 0.656 0.668
33.396 22.654 12.867 0.095 0.803 0.588
34.248 21.699 13.269 0.671 0.562 0.484
34.715 21.871 12.766 0.359 0.448 0.819
35.302 22.192 12.537 -0.032 0.234 0.972
34.267 21.668 13.275 0.721 0.478 0.501
34.727 21.851 12.771 0.414 0.357 0.837
35.326 22.152 12.545 0.015 0.156 0.988
34.384 21.411 13.419 0.643 0.65 0.405
34.913 21.371 13.011 0.29 0.676 0.677
35.53 21.533 12.806 -0.12 0.568 0.814
34.426 20.939 13.422 0.748 -0.519 0.414
34.941 21.066 13.013 0.405 -0.604 0.686
35.576 21.013 12.809 -0.019 -0.569 0.822
34.057 20.017 14.129 0.994 0.095 -0.057
34.274 19.406 14.286 0.849 0.502 -0.162
33.873 20.798 14.673 0.723 -0.212 0.657
33.842 20.134 14.717 0.743 0.231 0.628
34.032 19.537 14.947 0.617 0.628 0.474
34.405 19.127 15.318 0.368 0.902 0.227
33.28 20.112 15.015 0.088 0.205 0.975
33.4 19.513 15.282 0.008 0.605 0.796
33.03 20.154 15.051 0.254 0.177 0.951
32.944 19.584 15.322 0.312 0.557 0.77
32.797 20.202 15.069 -0.022 0.234 0.972
32.69 19.637 15.342 0.049 0.611 0.79
32.4 21.18 15.213 0.242 -0.418 0.876
32.456 21.255 15.228 0.3 -0.34 0.891
31.915 20.839 15.323 0.566 -0.19 0.802
32.02 20.206 15.271 0.496 0.232 0.837
32.262 19.637 15.451 0.334 0.611 0.717
31.683 20.785 15.4 0.123 -0.294 0.948
31.832 20.162 15.333 0.024 0.122 0.992
31.987 19.573 15.541 -0.08 0.515 0.854
31.054 21.466 16.246 0.542 -0.748 0.384
30.74 21.331 16.904 0.751 -0.657 -0.055
31.124 21.556 16.296 0.638 -0.623 0.453
30.819 21.434 16.961 0.841 -0.541 0.009
32.878 18.762 16.315 0.276 0.599 0.752
33.453 18.659 16.337 -0.108 0.668 0.737
32.738 18.21 16.638 0.194 0.274 0.942
33.303 18.065 16.685 -0.183 0.371 0.911
32.192 17.073 16.841 0.314 0.254 0.915
31.926 16.625 17.205 0.491 0.553 0.673
31.594 17.331 16.746 -0.266 0.504 0.822
31.353 16.871 17.113 -0.105 0.81 0.577
31.185 18.233 16.486 0.007 -0.098 0.995
30.608 18.511 16.665 0.392 -0.283 0.875
31.378 18.722 16.385 0.205 0.401 0.893
30.793 18.978 16.57 0.595 0.23 0.77
30.1 18.059 16.954 0.73 0.018 0.683
30.268 17.418 17.006 0.618 0.445 0.648
30.619 16.908 17.249 0.384 0.785 0.486
30.016 18.04 17.026 0.568 -0.02 0.823
30.211 17.405 17.055 0.438 0.404 0.803
30.536 16.889 17.321 0.222 0.748 0.626
29.758 18.902 17.788 0.74 -0.594 0.315
29.961 19.285 17.742 0.936 -0.227 0.271
32.148 16.504 17.174 0.343 0.634 0.693
32.616 16.89 16.825 0.031 0.377 0.926
32.352 16.276 17.207 0.566 0.385 0.729
32.837 16.643 16.861 0.242 0.141 0.96
32.593 15.725 17.522 0.405 0.753 0.519
32.59 15.418 17.803 0.402 0.449 0.798
32.534 15.32 17.896 0.439 0.515 0.736
32.516 15.264 17.943 0.427 0.474 0.77
32.398 15.027 18.217 0.506 0.632 0.587
32.926 14.644 18.445 0.153 0.887 0.436
32.109 14.79 18.489 0.137 0.33 0.934
32.637 14.407 18.716 -0.215 0.585 0.782
32.078 14.673 18.541 0.158 0.408 0.899
32.052 14.652 18.554 0.136 0.391 0.91
31.359 14.693 18.849 0.598 0.364 0.714
31.301 14.24 19.338 0.637 0.666 0.388
31.137 14.802 18.923 0.328 0.496 0.804
31.079 14.348 19.412 0.367 0.798 0.478
31.952 13.895 19.326 0.203 0.896 0.396
31.963 13.888 19.336 0.212 0.89 0.404
31.969 13.788 19.637 0.208 0.957 0.203
32.549 13.861 19.376 -0.179 0.909 0.377
32.064 13.696 19.825 0.318 0.851 0.419
32.645 13.768 19.564 -0.069 0.802 0.593
33.48 14.806 18.178 -0.076 0.815 0.575
33.798 14.825 18.103 0.234 0.833 0.501
34.351 14.292 19.26 0.374 0.773 0.512
34.712 14.357 19.022 0.133 0.729 0.671
34.697 13.695 19.528 0.62 0.347 0.703
35.03 13.808 19.268 0.398 0.272 0.876
34.907 12.996 19.409 0.771 -0.152 0.619
35.224 13.164 19.159 0.56 -0.265 0.785
34.772 11.76 18.655 0.87 -0.122 0.478
34.624 11.7 18.847 0.729 -0.179 0.661
34.307 11.862 19.566 0.941 -0.287 0.181
34.636 12.774 19.6 0.577 -0.311 0.755
34.209 12.263 19.975 0.862 0.03 0.505
34.118 11.763 20.546 0.923 0.364 0.124
34.305 13.221 19.859 0.341 0.009 0.94
33.895 12.685 20.22 0.614 0.366 0.7
33.725 12.292 20.853 0.727 0.628 0.278
33.435 13.038 20.248 0.248 0.646 0.722
34.346 11.082 19.342 0.915 0.233 0.331
34.339 10.606 19.425 0.909 -0.133 0.395
34.266 10.014 19.839 0.958 0.261 0.119
33.95 9.508 20.577 0.715 -0.128 0.687
33.485 10.729 21.858 0.607 -0.153 0.78
33.43 10.468 21.88 0.644 0.02 0.765
31.739 10.35 22.45 0.577 -0.232 0.783
31.731 10.488 22.487 0.57 -0.122 0.813
31.246 11.299 22.957 0.486 0.034 0.873
31.043 11.488 23.018 0.285 0.221 0.933
31.222 11.166 22.983 0.502 0.122 0.856
31.522 10.653 22.707 0.709 -0.232 0.666
31.811 10.245 22.376 0.529 -0.162 0.833
31.6 9.616 21.938 0.279 -0.908 0.314
31.473 9.555 21.896 0.364 -0.867 0.341
31.251 9.418 21.613 0.187 -0.976 0.115
32.793 8.837 20.651 -0.175 -0.645 0.744
32.2 8.758 20.102 -0.631 -0.706 0.322
31.885 8.905 19.955 -0.422 -0.804 0.42
31.78 8.937 19.899 -0.486 -0.784 0.386
32.066 7.964 18.926 -0.442 -0.826 0.349
32.561 7.668 19.308 -0.772 -0.628 0.095
32.902 8.895 20.738 -0.248 -0.684 0.687
33.79 8.446 20.565 0.106 -0.072 0.992
33.444 9.074 20.846 0.336 -0.491 0.804
33.231 9.508 21.447 0.478 -0.78 0.404
33.855 9.448 20.676 0.779 -0.088 0.62
34.594 9.92 19.132 0.739 0.324 0.591
34.959 8.967 18.956 0.941 0.3 -0.157
34.88 9.497 18.577 0.994 -0.053 0.096
35.086 10.012 18.225 0.856 -0.397 0.331
34.662 9.101 17.973 0.8 -0.406 -0.442
34.291 7.966 18.08 0.464 -0.415 -0.783
34.021 8.302 17.538 0.644 -0.638 -0.422
34.499 9.339 16.969 0.811 -0.585 -0
34.879 9.55 16.366 0.558 -0.726 0.402
34.103 9.132 16.619 0.318 -0.842 -0.436
34.525 9.366 16.053 0.037 -0.998 -0.058
35.004 9.724 16.583 0.475 -0.842 0.257
35.264 10.019 16.689 0.781 -0.494 0.381
36.331 9.871 15.378 0.889 -0.375 0.262
36.466 10.097 15.335 0.799 -0.526 0.291
35.688 9.172 14.042 0.845 -0.521 0.123
35.578 9.164 15.003 0.262 -0.964 -0.051
35.315 8.917 14.307 0.437 -0.799 0.413
35.231 8.343 13.781 0.493 -0.416 0.764
34.815 8.912 14.464 -0.11 -0.804 0.584
34.671 8.898 14.429 -0.014 -0.794 0.608
34.426 8.932 14.43 -0.202 -0.768 0.609
35.743 9.216 13.911 0.808 -0.55 0.21
35.904 9.031 13.015 0.973 0.075 0.217
35.933 9.566 13.499 0.954 -0.282 -0.106
36.294 10.004 13.946 0.713 -0.573 -0.404
35.87 9.956 13.084 0.906 0.017 -0.424
35.732 10.046 12.52 0.998 -0.043 -0.047
35.884 10.646 12.442 0.897 -0.443 0.004
36.268 11.131 12.366 0.64 -0.766 0.055
35.729 10.043 12.483 0.993 -0.049 -0.11
35.882 10.643 12.417 0.891 -0.449 -0.065
36.265 11.128 12.333 0.635 -0.772 -0.009
35.72 10.028 12.26 0.998 -0.039 0.04
35.6 9.14 11.821 0.757 0.153 -0.636
35.514 9.773 11.641 0.814 -0.269 -0.515
35.668 10.327 11.309 0.712 -0.638 -0.294
34.95 9.635 11.248 0.309 -0.392 -0.867
34.319 8.598 11.368 -0.158 -0.234 -0.959
33.944 9.133 11.132 0.091 -0.59 -0.802
33.232 8.734 11.657 -0.224 -0.743 -0.631
32.901 8.619 12.431 -0.525 -0.848 0.073
32.619 8.939 13.137 -0.645 -0.698 0.312
32.047 9.075 12.77 -0.264 -0.788 0.556
32.98 10.049 10.426 0.256 -0.787 -0.562
33.159 10.328 9.864 0.136 -0.973 -0.187
32.629 10.106 10.338 -0.189 -0.715 -0.674
32.822 10.382 9.779 -0.317 -0.899 -0.301
32.048 10.033 10.405 0.199 -0.666 -0.719
31.762 10.277 9.93 0.389 -0.829 -0.402
31.572 10.318 9.356 0.516 -0.856 -0.019
31.499 9.607 11.1 -0.655 -0.408 -0.636
31.484 10.021 10.658 -0.645 -0.684 -0.341
31.311 10.268 10.132 -0.529 -0.848 0.009
31.008 10.306 9.608 -0.327 -0.874 0.359
30.625 10.131 9.172 -0.072 -0.757 0.649
31.249 10.537 10.904 -0.996 0.087 0.027
31.123 10.68 10.329 -0.912 -0.008 0.411
30.774 10.822 9.854 -0.679 -0.103 0.727
31.249 10.789 11.016 -0.996 -0.081 -0.047
31.117 11.144 10.533 -0.908 -0.318 0.275
30.758 11.419 10.12 -0.668 -0.501 0.55
31.25 10.91 11.101 -0.994 0.083 0.07
31.118 11.249 10.608 -0.906 -0.143 0.399
30.759 11.552 10.214 -0.667 -0.345 0.661
31.029 11.182 11.991 -0.846 -0.098 -0.523
30.64 11.74 12.194 -0.587 -0.47 -0.659
30.969 11.076 12.172 -0.932 -0.251 -0.261
30.583 11.639 12.368 -0.675 -0.626 -0.391
30.235 12.391 11.635 -0.317 -0.904 -0.286
30.333 12.408 11.02 -0.383 -0.916 0.124
30.332 12.188 10.436 -0.382 -0.769 0.513
30.097 12.471 11.612 -0.549 -0.77 -0.324
30.213 12.477 11 -0.627 -0.774 0.084
30.168 12.283 10.409 -0.597 -0.645 0.477
32.197 10.464 8.9 0.099 -0.953 0.285
32.392 10.648 8.096 0.309 -0.755 -0.578
32.357 10.721 7.969 0.332 -0.804 -0.494
32.189 11.424 7.384 0.203 -0.265 -0.943
31.61 11.734 6.955 0.589 -0.471 -0.657
30.787 11.123 6.866 0.043 -0.049 -0.998
30.907 11.743 6.698 -0.037 -0.462 -0.886
31.017 12.232 6.278 -0.11 -0.788 -0.606
30.222 11.983 6.883 -0.646 -0.249 -0.722
29.51 11.329 7.583 -0.868 0.098 -0.486
29.386 12.01 7.613 -0.786 -0.356 -0.506
29.832 12.764 6.566 -0.386 -0.768 -0.511
29.819 12.766 6.573 -0.396 -0.766 -0.506
29.787 12.608 6.789 -0.374 -0.661 -0.65
29.541 12.971 6.376 -0.211 -0.903 -0.375
29.222 12.893 7.305 -0.903 -0.395 -0.167
29.025 13.231 6.848 -0.772 -0.62 0.138
28.911 13.413 5.208 -0.292 -0.751 -0.593
29.081 13.471 5.01 -0.406 -0.789 -0.461
28.306 13.931 5.302 -0.796 -0.319 -0.514
28.304 14.137 5.13 -0.794 -0.457 -0.4
27.68 15.075 5.631 -0.717 -0.614 -0.332
28.014 14.538 5.475 -0.939 -0.256 -0.228
27.853 15.345 5.072 -0.63 -0.479 -0.611
28.187 14.808 4.916 -0.853 -0.121 -0.508
28.187 15.68 4.634 -0.463 -0.311 -0.83
28.521 15.143 4.479 -0.686 0.046 -0.726
29.536 14.918 3.751 -0.72 -0.249 -0.648
29.072 14.761 4.13 -0.411 -0.145 -0.9
29.861 14.373 3.825 -0.488 -0.638 -0.595
29.456 14.116 4.217 -0.218 -0.467 -0.857
30.415 14.575 3.448 -0.092 -0.494 -0.865
30.989 14.475 3.305 -0.474 -0.427 -0.77
30.8 15.913 3.09 -0.363 -0.32 -0.875
30.012 15.681 3.431 -0.38 0.296 -0.877
30.42 16.236 3.248 -0.652 -0.074 -0.755
30.608 16.766 2.81 -0.777 -0.428 -0.463
30.16 16.545 3.58 -0.85 0.161 -0.502
31.1 18.12 2.115 -0.531 0.25 -0.81
31.504 18.356 1.788 -0.8 0.093 -0.592
31.081 18.754 2.49 -0.54 0.567 -0.622
31.487 18.945 2.137 -0.811 0.439 -0.387
30.907 19.581 3.569 -0.158 0.608 -0.778
30.333 19.064 3.592 -0.622 0.189 -0.76
30.06 18.774 3.671 -0.44 0.382 -0.812
30.037 18.731 3.664 -0.457 0.35 -0.817
30.951 19.725 3.659 -0.187 0.512 -0.838
31.403 19.462 3.208 -0.488 0.687 -0.538
31.572 19.983 4.169 0.531 0.81 -0.25
32.054 19.732 3.742 0.21 0.977 0.035
31.826 20.572 5.045 0.362 0.417 -0.834
32.539 20.821 5.236 -0.113 0.251 -0.961
31.796 20.638 5.07 0.313 0.524 -0.792
32.509 20.887 5.262 -0.162 0.358 -0.92
33.283 20.576 4.809 -0.609 0.414 -0.676
33.192 20.095 4.392 -0.549 0.735 -0.399
32.95 19.816 3.865 -0.387 0.921 -0.048
34.043 21.126 4.802 0.041 -0.015 -0.999
33.799 20.548 4.663 0.204 0.37 -0.906
33.61 20.072 4.274 0.33 0.688 -0.647
33.512 19.786 3.707 0.395 0.879 -0.269
33.524 19.742 3.065 0.387 0.908 0.159
34.157 20.195 4.85 0.77 -0.186 -0.611
33.901 19.786 4.426 0.941 0.087 -0.328
33.903 19.402 3.911 0.939 0.344 0.015
34.23 20.108 4.955 0.721 -0.128 -0.681
34.016 19.631 4.633 0.864 0.19 -0.466
34.019 19.202 4.193 0.862 0.476 -0.172
34.239 18.893 3.709 0.715 0.683 0.15
34.197 19.838 5.235 0.643 -0.766 -0.02
34.002 19.523 4.745 0.773 -0.555 0.307
34.002 19.068 4.332 0.773 -0.252 0.582
34.197 18.55 4.065 0.643 0.093 0.76
34.39 19.608 6.704 0.655 -0.672 -0.346
34.311 19.107 7.116 0.707 -0.338 -0.621
34.433 18.509 7.351 0.626 0.06 -0.778
34.436 19.636 6.749 0.74 -0.619 -0.263
34.344 19.127 7.148 0.801 -0.28 -0.528
34.48 18.538 7.397 0.711 0.113 -0.694
34.741 19.878 6.837 0.536 -0.78 -0.321
34.966 20.058 6.865 0.692 -0.656 -0.302
35.292 20.684 6.002 0.933 -0.331 -0.142
35.566 20.877 6.501 0.75 -0.46 -0.475
35.276 21.305 5.68 0.921 0.113 -0.372
35.547 21.613 6.121 0.741 -0.092 -0.666
34.916 21.846 5.422 0.664 0.5 -0.556
35.121 22.253 5.815 0.527 0.228 -0.818
34.15 22.707 5.628 0.332 0.367 -0.869
34.089 23.352 5.713 0.373 -0.064 -0.926
34.03 22.699 5.588 0.212 0.36 -0.909
33.959 23.345 5.67 0.259 -0.071 -0.963
34.219 23.312 5.761 0.287 -0.037 -0.957
34.736 24.128 5.851 0.643 -0.408 -0.648
34.763 23.446 6.047 0.625 0.047 -0.779
35 22.779 5.981 0.467 0.491 -0.735
35.153 23.569 6.526 0.868 0.123 -0.481
35.231 23.578 6.654 0.816 0.117 -0.567
35.402 23.758 7.403 0.96 0.27 0.07
35.409 24.299 7.929 0.956 -0.091 -0.28
35.666 24.078 8.435 0.784 0.057 -0.618
36.117 23.871 8.788 0.484 0.195 -0.853
36.687 23.712 8.93 0.103 0.301 -0.948
35.413 24.513 8.055 0.962 0.262 -0.072
35.668 24.169 8.488 0.793 0.491 -0.361
36.118 23.946 8.832 0.492 0.64 -0.59
36.691 23.881 9.03 0.111 0.683 -0.722
34.553 24.588 9.105 0.352 0.587 0.729
34.842 24.13 9.565 0.159 0.892 0.423
34.551 24.588 9.106 0.35 0.587 0.73
34.84 24.13 9.566 0.157 0.892 0.424
34.938 24.117 9.564 0.095 0.901 0.424
34.72 24.529 9.086 0.241 0.626 0.742
34.953 24.118 9.558 0.114 0.902 0.416
34.734 24.53 9.081 0.26 0.627 0.734
35.568 24.056 9.957 -0.296 0.943 0.15
35.243 24.194 9.404 -0.079 0.851 0.519
34.896 24.576 9 0.152 0.597 0.788
35.895 24.068 9.717 0.19 0.96 -0.205
35.461 24.202 9.245 0.48 0.871 0.11
35.164 24.585 8.804 0.678 0.615 0.404
36.776 24.418 10.695 0.082 0.983 -0.167
37.31 24.462 10.256 -0.275 0.953 0.126
37.264 24.319 11.213 0.354 0.928 0.12
37.743 24.374 10.713 0.034 0.891 0.453
37.749 23.932 11.575 0.623 0.713 0.322
38.172 24.032 11.035 0.341 0.646 0.683
38.13 23.338 11.709 0.835 0.383 0.396
38.51 23.506 11.153 0.582 0.271 0.767
38.329 22.659 11.586 0.945 0.005 0.328
38.685 22.905 11.044 0.707 -0.159 0.689
38.202 22.364 11.821 0.874 -0.158 0.459
38.12 21.74 12.111 0.929 0.258 0.266
37.827 22.61 12.338 0.666 -0.022 0.746
37.788 21.958 12.568 0.692 0.413 0.592
37.248 22.725 12.684 0.344 0.042 0.938
37.276 22.059 12.874 0.326 0.486 0.811
36.574 22.688 12.795 -0.03 0.022 0.999
36.679 22.026 12.972 -0.101 0.462 0.881
38.291 21.944 11.128 0.939 -0.281 0.199
37.916 21.495 10.458 0.598 -0.689 -0.41
36.52 20.692 10.237 0.59 -0.509 -0.627
36.112 20.555 9.73 0.862 -0.417 -0.289
36.248 20.359 10.535 0.236 -0.941 -0.24
35.851 20.236 10.015 0.501 -0.859 0.106
36.118 20.087 11.02 0.323 -0.76 -0.564
35.6 19.781 10.916 0.668 -0.556 -0.495
35.249 19.336 10.69 0.902 -0.259 -0.344
35.95 19.994 11.673 0.069 -0.901 0.428
35.467 19.707 11.436 0.391 -0.71 0.586
35.081 19.243 11.343 0.648 -0.401 0.648
35.534 17.831 14.351 0.933 0.254 -0.257
35.644 17.445 13.93 0.859 0.511 0.024
35.669 17.295 14.833 1 -0.015 -0.015
35.769 16.946 14.378 0.933 0.218 0.288
35.531 16.689 15.225 0.931 -0.317 0.181
35.641 16.383 14.743 0.857 -0.113 0.502
34.77 15.391 15.755 0.987 -0.124 0.104
35.014 16.355 15.984 0.672 -0.484 0.56
34.659 15.597 16.198 0.909 0.021 0.417
34.757 14.849 16.62 0.843 0.52 0.135
34.388 15.799 16.568 0.718 0.164 0.677
34.32 15.923 16.62 0.763 0.081 0.642
34.126 16.914 16.767 0.229 -0.205 0.952
33.894 16.163 16.882 0.383 0.296 0.875
33.823 15.537 17.365 0.43 0.713 0.553
33.352 16.269 16.927 -0.101 0.39 0.915
34.507 14.819 17.568 0.613 0.782 0.115
34.014 14.851 17.998 0.09 0.816 0.572
34.622 14.738 17.562 0.536 0.836 0.119
35.063 14.225 17.122 0.867 0.451 -0.211
35.382 13.791 17.031 0.655 0.741 -0.15
35.721 13.329 17.323 0.923 0.376 0.08
35.777 13.201 17.368 0.886 0.461 0.05
35.703 13.148 18.286 0.959 -0.278 0.057
35.79 12.761 17.72 0.9 -0.02 0.435
36.165 12.368 17.292 0.65 0.242 0.72
35.491 12.329 17.92 0.573 -0.494 0.654
35.001 11.899 18.326 0.9 -0.207 0.384
34.902 11.895 18.497 0.784 -0.212 0.584
35.338 11.445 17.804 0.675 0.096 0.732
35.488 11.096 17.578 0.825 -0.253 0.506
35.434 10.98 17.622 0.861 -0.175 0.477
35.363 10.418 17.145 0.813 -0.564 0.147
35.356 10.258 16.839 0.817 -0.457 0.351
35.29 10.124 16.792 0.764 -0.564 0.313
36.638 11.996 15.142 0.885 0.423 0.194
36.503 12.376 15.646 0.975 0.169 -0.142
36.43 12.613 14.238 0.793 0.465 0.392
36.611 12.954 13.776 0.673 0.238 0.7
36.634 12.251 14.035 0.958 0.172 0.228
36.8 12.616 13.587 0.847 -0.071 0.527
36.745 12.185 13.756 0.884 0.216 0.414
36.747 11.038 14.079 0.94 -0.056 -0.337
36.781 11.531 13.418 0.917 -0.384 0.103
37.231 11.85 12.804 0.617 -0.597 0.513
36.391 11.123 12.946 0.559 -0.76 -0.331
37.634 12.655 12.541 0.953 0.074 0.293
37.651 13.089 12.592 0.942 -0.215 0.259
37.609 12.688 11.772 0.932 0.101 -0.347
37.624 13.124 11.757 0.922 -0.19 -0.337
36.589 12.607 10.581 0.891 0.061 -0.45
36.319 11.922 10.722 0.56 -0.781 -0.277
36.249 11.437 11.281 0.606 -0.458 -0.65
36.273 11.116 12.109 0.63 -0.764 0.14
35.847 11.443 10.528 0.875 -0.462 -0.148
35.612 11.224 10.317 0.642 -0.679 -0.357
35.545 11.12 10.376 0.686 -0.61 -0.397
34.977 10.848 10.188 0.294 -0.797 -0.527
34.689 10.816 10.001 0.486 -0.776 -0.402
34.519 10.712 10.036 0.349 -0.859 -0.375
34.382 10.663 10.002 0.441 -0.826 -0.352
34.292 10.608 10.038 0.335 -0.89 -0.309
34.068 10.172 10.53 0.485 -0.599 -0.637
33.953 10.465 9.923 0.561 -0.794 -0.233
33.523 10.018 10.534 -0.106 -0.766 -0.634
33.46 10.325 9.927 -0.064 -0.971 -0.229
33.955 10.621 8.392 0.473 -0.732 -0.49
34.11 10.785 8.248 0.369 -0.841 -0.394
34.697 13.645 7.527 0.9 -0.208 -0.383
34.67 13.617 7.483 0.877 -0.232 -0.421
34.569 13.47 7.304 0.944 -0.134 -0.302
34.314 13.134 7.01 0.738 -0.405 -0.54
34.465 12.592 7.354 0.637 -0.044 -0.769
33.752 12.281 7.071 0.173 -0.246 -0.954
33.678 12.856 6.757 0.223 -0.63 -0.744
33.29 12.841 6.735 -0.09 -0.642 -0.762
32.627 12.448 6.876 0.352 -0.379 -0.856
32.319 12.052 7.051 0.116 -0.683 -0.721
32.657 13.094 6.317 0.332 -0.81 -0.483
32.6 13.146 6.208 0.279 -0.762 -0.585
32.241 13.25 5.634 0.518 -0.831 -0.202
31.953 13.191 5.469 0.176 -0.9 -0.399
31.84 13.135 5.53 0.252 -0.862 -0.439
31.241 13.205 5.39 -0.216 -0.808 -0.548
30.751 13.073 5.595 0.11 -0.72 -0.685
29.935 12.886 6.2 -0.455 -0.85 -0.266
32.614 13.771 3.366 -0.336 -0.879 -0.337
32.334 14.251 2.908 -0.523 -0.56 -0.642
31.319 14.746 3.035 -0.309 -0.292 -0.905
32.01 15.054 2.279 -0.769 -0.497 -0.402
32.349 15.748 1.51 -0.599 -0.15 -0.786
32.433 16.245 1.205 -0.655 -0.482 -0.583
32.692 16.688 0.749 -0.525 -0.26 -0.81
33.12 16.697 0.317 -0.81 -0.266 -0.522
32.642 17.432 0.715 -0.55 0.112 -0.828
33.069 17.441 0.283 -0.835 0.106 -0.54
32.366 17.711 1.008 -0.688 0.251 -0.681
32.052 18.14 1.303 -0.478 -0.034 -0.878
32.895 18.308 0.9 -0.543 0.359 -0.759
33.193 18.732 1.003 -0.356 0.625 -0.695
33.431 18.816 0.923 -0.515 0.569 -0.641
33.251 19.5 1.772 0.227 0.766 -0.602
33.831 19.235 1.312 -0.159 0.942 -0.295
34.345 19.359 0.731 -0.502 0.86 0.093
34.326 19.243 1.805 0.281 0.949 0.143
34.269 19.246 2.063 0.319 0.947 -0.03
34.538 19.058 2.543 0.488 0.83 0.271
35.043 18.532 3.115 0.65 0.662 0.373
35.471 18.541 2.683 0.365 0.656 0.661
35.324 17.897 3.381 0.791 0.345 0.505
35.752 17.906 2.949 0.506 0.339 0.793
35.637 16.632 3.317 0.693 0.333 0.639
35.621 16.619 3.341 0.683 0.325 0.654
35.047 17.444 3.867 0.652 0.118 0.749
34.964 16.947 4.173 0.708 0.449 0.545
34.051 18.509 4.214 0.734 0.109 0.671
33.803 19.01 4.656 0.899 -0.225 0.376
33.859 19.435 5.226 0.861 -0.508 -0.004
34.053 18.514 4.21 0.739 0.118 0.664
33.804 19.012 4.654 0.905 -0.215 0.367
33.862 19.438 5.223 0.867 -0.499 -0.012
33.798 19.294 5.398 0.902 -0.415 -0.119
33.676 18.768 4.963 0.983 -0.064 0.171
33.706 19.146 5.614 0.79 -0.596 0.146
33.573 18.601 5.207 0.879 -0.232 0.417
34.008 19.086 6.713 0.589 -0.555 -0.587
34.158 18.45 7.126 0.489 -0.132 -0.862
34.134 19.177 6.806 0.825 -0.385 -0.414
34.291 18.546 7.223 0.721 0.036 -0.693
33.945 17.623 6.811 0.631 0.42 -0.653
33.589 17.617 6.22 0.868 0.424 -0.258
33.509 17.746 5.546 0.922 0.338 0.191
33.98 17.495 6.788 0.694 0.188 -0.695
33.616 17.517 6.201 0.937 0.173 -0.304
33.55 17.594 5.519 0.981 0.122 0.151
34.197 17.145 6.828 0.55 0.421 -0.721
33.972 16.868 6.314 0.699 0.606 -0.379
33.931 16.748 5.701 0.727 0.686 0.03
34.078 16.808 5.096 0.629 0.646 0.433
34.282 16.954 6.863 0.773 -0.082 -0.629
33.998 16.811 6.324 0.963 0.014 -0.269
33.965 16.672 5.715 0.985 0.107 0.136
34.188 16.56 5.142 0.836 0.181 0.519
34.571 16.382 7.056 0.58 0.3 -0.757
35.188 16.76 7.718 0.75 -0.389 -0.535
34.91 16.127 7.443 0.936 0.033 -0.351
34.977 15.507 7.037 0.891 0.447 -0.081
34.922 15.842 7.94 0.948 -0.267 0.171
35.035 15.96 8.712 0.873 -0.345 -0.343
35.08 15.43 9.003 0.843 0.008 -0.537
35.106 16.048 8.861 0.951 -0.25 -0.183
35.151 15.518 9.152 0.921 0.103 -0.377
35.203 16.182 9.057 0.887 -0.34 -0.314
35.35 15.757 9.506 0.788 -0.057 -0.613
35.246 16.845 9.608 0.928 0.3 0.219
35.396 16.47 10.098 0.828 0.55 -0.108
35.233 16.828 9.701 0.937 0.311 0.157
35.439 16.463 10.279 0.8 0.555 -0.229
35.161 16.936 9.795 0.833 0.468 0.295
35.371 16.566 10.369 0.693 0.715 -0.088
34.985 17.853 9.822 0.95 -0.143 0.276
34.994 17.88 9.806 0.958 -0.118 0.261
35.171 18.555 8.828 0.979 0.038 0.199
35.268 19.185 8.926 0.915 -0.382 0.134
35.185 18.571 8.719 0.996 0.057 0.063
35.282 19.2 8.821 0.932 -0.362 -0.005
35.194 18.796 8.659 0.99 -0.093 0.103
35.256 17.982 7.965 0.798 0.484 -0.358
35.096 18.818 8.056 0.905 -0.073 -0.419
35.378 19.618 7.943 0.717 -0.607 -0.343
34.701 18.818 7.59 0.563 -0.074 -0.823
36.108 21.137 9 0.886 -0.273 -0.375
36.508 21.43 9.383 0.62 -0.468 -0.63
36.108 21.159 8.984 0.886 -0.256 -0.387
36.507 21.452 9.367 0.619 -0.452 -0.642
36.089 21.274 8.833 0.898 -0.333 -0.287
36.454 21.67 9.098 0.655 -0.597 -0.463
36.975 21.922 9.252 0.308 -0.765 -0.566
36.076 21.363 8.726 0.885 -0.244 -0.396
36.443 21.74 9.012 0.641 -0.496 -0.586
36.964 22 9.157 0.294 -0.668 -0.683
35.806 20.496 7.98 0.931 -0.168 -0.324
35.858 20.909 7.476 0.896 -0.444 0.012
35.531 20.119 7.643 0.793 -0.357 -0.493
35.583 20.532 7.138 0.759 -0.632 -0.157
36.117 21.757 8.257 0.858 -0.507 -0.083
36.472 22.05 8.654 0.622 -0.702 -0.347
36.978 22.17 8.964 0.284 -0.782 -0.555
36.18 22.078 8.008 0.923 -0.173 -0.342
36.522 22.305 8.455 0.696 -0.324 -0.641
37.034 22.452 8.745 0.355 -0.422 -0.834
36.329 22.374 8.136 0.824 -0.37 -0.428
36.893 22.527 8.632 0.448 -0.472 -0.759
36.136 23 8.14 0.471 0.775 -0.421
36.69 23.186 8.636 0.102 0.651 -0.752
36.546 21.365 9.462 0.594 -0.425 -0.683
36.161 21.031 9.165 0.851 -0.202 -0.485
36.532 21.03 9.823 0.582 -0.734 -0.351
36.148 20.724 9.495 0.838 -0.53 -0.132
35.24 19.151 9.105 0.933 -0.359 0.014
35.203 19.201 9.434 0.901 -0.317 0.296
35.175 19.31 9.806 0.92 -0.389 0.047
35.194 19.396 9.923 0.939 -0.3 0.168
34.986 17.539 10.696 0.95 0.066 -0.306
35.27 16.905 10.878 0.76 0.489 -0.427
34.929 17.65 11.205 0.865 0.23 0.446
35.215 17.01 11.365 0.674 0.656 0.34
34.731 17.994 11.756 0.997 0 0.079
34.849 17.621 12.338 0.918 0.249 -0.309
34.668 18.228 11.914 0.923 0.276 0.267
34.784 17.866 12.504 0.846 0.518 -0.126
35.396 16.813 12.282 0.553 0.787 -0.271
35.682 16.959 13.182 0.881 0.225 -0.416
35.717 16.525 12.564 0.857 0.515 -0.004
36.079 16.287 11.945 0.616 0.673 0.409
35.833 16.089 12.815 0.967 0.102 0.234
35.823 15.993 12.929 0.973 0.166 0.158
35.82 15.842 13.033 0.971 0.064 0.229
35.842 15.528 13.229 0.957 0.273 0.098
35.741 15.934 14.121 0.916 -0.378 0.136
35.765 15.256 13.68 0.9 0.074 0.43
36.181 14.611 13.426 0.622 0.504 0.599
35.495 14.983 14.048 0.701 -0.128 0.701
35.136 15.108 14.702 0.941 -0.212 0.265
35.078 14.534 14.941 0.98 0.171 0.105
35.275 14.004 15.208 0.848 0.524 -0.072
35.109 15.152 14.806 0.911 -0.163 0.38
35.054 14.572 15.032 0.947 0.224 0.229
35.246 14.051 15.318 0.819 0.572 0.038
35.096 15.167 14.846 0.92 -0.172 0.353
35.032 14.599 15.107 0.962 0.206 0.179
35.01 15.265 15.043 0.838 -0.079 0.541
34.95 14.692 15.296 0.877 0.303 0.372
34.931 15.424 15.23 0.89 -0.185 0.416
34.792 14.985 15.63 0.983 0.107 0.15
34.923 15.45 15.256 0.884 -0.164 0.437
34.784 15.013 15.657 0.977 0.128 0.17
35.592 13.66 14.855 0.637 0.754 0.163
35.65 13.897 14.296 0.598 0.596 0.536
35.867 13.369 14.761 0.831 0.549 0.096
35.925 13.606 14.201 0.792 0.391 0.469
36.005 13.223 14.616 0.739 0.646 0.192
36.256 13.407 13.956 0.572 0.523 0.632
36.206 12.874 14.585 0.943 0.292 0.161
36.44 13.086 13.928 0.786 0.15 0.599
36.786 14.273 13.217 0.324 0.631 0.705
36.27 14.527 13.398 0.667 0.461 0.585
36.535 15.058 12.254 0.703 0.575 0.418
36.716 14.912 11.628 0.88 0.432 -0.196
36.492 13.673 10.553 0.778 0.366 -0.51
36.606 13.078 10.573 0.865 -0.083 -0.495
36.568 12.954 10.513 0.891 -0.001 -0.455
36.576 12.859 10.541 0.9 -0.107 -0.423
36.16 12.802 8.982 0.769 0.21 -0.603
36.069 13.043 8.91 0.83 0.049 -0.555
35.174 14.351 8.516 0.831 0.487 -0.268
34.986 14.652 8.037 0.957 0.287 0.052
35.01 13.585 8.007 0.691 -0.168 -0.703
34.839 13.964 7.579 0.805 -0.421 -0.418
34.968 14.836 8.39 0.969 0.164 -0.184
34.94 14.966 8.42 0.937 0.317 -0.148
34.345 15.809 5.907 0.731 0.682 0.008
34.36 16.061 5.224 0.721 0.514 0.464
34.531 15.388 5.779 0.979 0.119 -0.163
34.571 15.582 5.077 0.952 -0.01 0.304
34.578 15.12 5.706 0.948 0.298 -0.115
34.695 15.121 4.944 0.87 0.297 0.394
34.602 15.014 5.71 0.986 0.123 -0.108
34.721 15.004 4.948 0.907 0.13 0.4
34.618 14.889 5.436 0.976 0.206 0.075
34.792 14.944 4.825 0.859 0.17 0.482
34.662 14.229 6.007 0.882 -0.267 -0.389
34.58 14.356 5.388 0.936 -0.351 0.024
34.753 14.387 4.775 0.821 -0.372 0.433
35.148 14.318 4.279 0.558 -0.326 0.763
34.269 13.706 5.883 0.601 -0.64 -0.478
34.263 13.933 5.287 0.605 -0.792 -0.081
34.422 13.946 4.67 0.499 -0.801 0.331
34.716 13.742 4.142 0.303 -0.665 0.683
33.77 13.759 5.167 0.089 -0.974 -0.206
33.906 13.764 4.544 -0.002 -0.978 0.209
33.313 13.619 5.249 0.394 -0.881 -0.261
32.945 13.497 5.446 0.049 -0.996 -0.077
33.522 13.632 4.29 0.255 -0.89 0.378
32.679 13.404 4.233 0.236 -0.929 -0.284
33.138 13.506 3.829 -0.071 -0.997 -0.014
33.58 13.351 3.42 -0.365 -0.895 0.258
32.732 13.7 3.412 -0.415 -0.832 -0.368
35.348 14.65 4.215 0.676 -0.13 0.726
35.838 14.648 3.911 0.349 -0.129 0.928
35.505 13.617 3.652 0.389 -0.254 0.886
34.562 13.489 3.901 0.213 -0.814 0.541
34.975 13.192 3.534 -0.063 -0.616 0.785
35.372 12.734 3.374 -0.327 -0.311 0.892
34.013 13.22 3.334 -0.11 -0.972 0.208
34.522 12.97 3.066 -0.449 -0.805 0.386
34.913 12.509 2.9 -0.71 -0.498 0.497
34.306 13.029 2.415 -0.633 -0.755 -0.169
33.328 13.686 2.131 -0.513 -0.698 -0.5
33.665 13.61 1.67 -0.737 -0.648 -0.193
34.118 13.33 1.366 -0.51 -0.788 -0.345
34.544 12.932 1.314 -0.794 -0.522 -0.31
34.368 13.632 0.72 -0.385 -0.637 -0.668
34.777 13.213 0.713 -0.658 -0.357 -0.663
34.828 14.039 0.28 -0.155 -0.433 -0.888
35.204 13.591 0.304 -0.406 -0.135 -0.904
34.715 14.651 0.117 -0.212 -0.128 -0.969
34.87 15.185 -0.112 -0.315 -0.484 -0.816
34.465 16.277 -0.375 -0.138 -0.476 -0.869
34.796 15.771 -0.293 -0.359 -0.139 -0.923
34.844 17.21 -0.635 0.052 -0.009 -0.999
34.988 17.692 -0.719 -0.043 -0.331 -0.943
34.104 17.564 -0.504 -0.318 0.167 -0.933
34.362 17.991 -0.608 -0.49 -0.117 -0.864
33.629 18.084 -0.064 -0.556 0.427 -0.713
33.961 18.43 -0.237 -0.777 0.196 -0.598
35.866 17.021 -0.326 0.302 0.014 -0.953
36.454 17.306 0.258 0.877 0.292 -0.382
36.425 18.386 0.707 0.983 0.165 0.075
36.546 18.031 1.052 0.903 0.401 -0.155
36.137 18.844 1.148 0.778 0.492 0.391
36.205 18.574 1.575 0.732 0.672 0.106
35.578 19.205 1.361 0.378 0.75 0.543
35.543 19.001 1.826 0.402 0.886 0.232
36.674 17.324 1.863 0.967 0.047 0.251
36.85 16.745 1.788 0.849 0.433 0.301
36.934 15.721 2.392 0.898 0.407 0.168
36.933 16.18 2.003 0.898 0.101 0.428
37.054 15.132 2.587 0.957 0.113 0.266
37.273 14.607 2.449 0.811 0.463 0.358
36.769 14.811 3.21 0.815 -0.048 0.577
37.009 14.308 3.028 0.655 0.287 0.699
36.285 14.394 3.612 0.573 -0.256 0.779
36.559 13.921 3.402 0.39 0.059 0.919
36.505 12.878 3.219 0.617 -0.191 0.764
36.711 13.168 3.181 0.48 -0.384 0.789
36.721 12.479 2.666 0.797 -0.523 0.302
36.969 12.691 2.52 0.632 -0.664 0.4
36.458 12.151 2.087 0.578 -0.796 -0.18
36.654 12.299 1.828 0.447 -0.895 -0.007
35.837 12.045 1.749 0.06 -0.885 -0.462
35.912 12.172 1.423 0.01 -0.969 -0.245
35.143 12.209 1.806 -0.519 -0.748 -0.414
35.082 12.368 1.492 -0.478 -0.854 -0.204
37.112 15.231 1.366 0.967 0.222 0.126
37.113 15.23 1.363 0.967 0.221 0.124
37.359 14.667 1.531 0.803 0.596 0.012
37.583 13.992 1.941 0.993 0.101 0.06
37.606 13.981 1.764 0.978 0.108 0.178
37.649 13.973 1.591 0.949 0.114 0.293
37.466 13.172 1.8 0.924 -0.381 -0.024
37.499 13.234 1.635 0.902 -0.422 0.086
37.551 13.287 1.472 0.868 -0.458 0.195
37.014 12.649 1.323 0.658 -0.689 -0.304
37.087 12.757 1.201 0.609 -0.761 -0.223
37.173 12.849 1.073 0.552 -0.822 -0.138
36.427 12.655 0.722 0.313 -0.685 -0.658
36.551 12.762 0.653 0.229 -0.757 -0.611
36.681 12.854 0.571 0.143 -0.818 -0.557
35.965 13.186 0.264 0.041 -0.373 -0.927
36.131 13.247 0.236 -0.069 -0.413 -0.908
36.295 13.299 0.188 -0.179 -0.448 -0.876
36.011 13.996 0.133 -0.154 0.119 -0.981
35.886 14.619 0.091 -0.071 -0.296 -0.953
35.855 14.622 0.092 -0.097 -0.293 -0.951
36.079 14.609 0.066 -0.2 -0.289 -0.936
36.638 15.334 -0.15 0.505 -0.504 -0.701
36.71 14.766 0.12 0.457 -0.126 -0.88
36.904 14.166 0.155 0.328 0.275 -0.904
37.126 15.576 0.355 0.912 -0.301 -0.28
37.138 14.98 0.563 0.903 0.096 -0.418
37.391 14.408 0.66 0.735 0.477 -0.483
37.166 15.15 1.193 0.932 0.274 0.237
33.71 12.957 6.673 0.201 -0.697 -0.688
34.283 13.207 6.9 0.759 -0.454 -0.467
36.458 24.036 9.319 -0.185 0.981 0.06
35.889 24.126 8.903 0.194 0.921 0.338
35.386 24.525 8.6 0.529 0.655 0.539
36.583 23.925 9.048 0.183 0.654 -0.734
35.937 24.084 8.8 0.614 0.548 -0.569
35.497 24.427 8.361 0.907 0.319 -0.276
32.251 25.921 8.415 -0.599 0.488 0.634
32.174 26.416 8.134 -0.548 0.158 0.822
32.802 26.126 8.625 -0.324 0.591 0.739
32.724 26.621 8.343 -0.272 0.261 0.926
33.413 26.245 8.666 -0.019 0.65 0.759
33.335 26.74 8.385 0.033 0.32 0.947
34.022 26.266 8.535 0.286 0.661 0.694
33.945 26.761 8.253 0.338 0.331 0.881
34.569 26.187 8.244 0.559 0.621 0.549
34.491 26.682 7.963 0.611 0.291 0.736
34.997 26.015 7.824 0.773 0.536 0.339
34.919 26.511 7.543 0.825 0.205 0.526
35.264 25.769 7.317 0.907 0.413 0.085
35.186 26.265 7.036 0.959 0.082 0.273
35.342 25.473 6.774 0.946 0.265 -0.187
35.265 25.969 6.493 0.998 -0.066 0.001
35.224 25.157 6.249 0.887 0.107 -0.449
35.147 25.652 5.968 0.939 -0.224 -0.262
34.922 24.853 5.796 0.736 -0.046 -0.675
34.845 25.348 5.515 0.788 -0.376 -0.488
34.466 24.591 5.461 0.508 -0.177 -0.843
34.388 25.086 5.18 0.56 -0.507 -0.656
33.567 25.489 4.389 0.711 -0.352 -0.609
34.049 25.449 4.768 0.39 -0.325 -0.861
33.673 26.117 4.319 0.764 -0.038 -0.644
34.155 26.077 4.698 0.443 -0.011 -0.896
33.315 26.427 4.002 0.585 0.117 -0.803
33.121 26.935 3.794 0.714 -0.221 -0.664
32.827 26.155 3.727 0.341 -0.019 -0.94
32.667 26.682 3.539 0.447 -0.37 -0.814
32.243 25.966 3.622 0.049 -0.113 -0.992
32.124 26.507 3.441 0.128 -0.473 -0.872
32.159 25.432 3.757 0.007 -0.38 -0.925
31.762 25.012 3.806 0.271 -0.1 -0.957
31.205 26.063 3.727 -0.048 -0.252 -0.967
30.411 25.555 4.034 -0.523 0.22 -0.823
30.541 26.151 3.957 -0.61 -0.178 -0.772
30.517 26.702 3.686 -0.594 -0.545 -0.592
29.931 25.845 4.676 -0.806 0.391 -0.445
30.142 26.392 4.491 -0.947 0.026 -0.321
30.115 26.945 4.224 -0.928 -0.343 -0.143
30.158 26.697 5.129 -0.934 0.284 0.219
30.027 26.059 6.136 -0.75 0.517 0.414
30.292 26.559 6.264 -0.926 0.184 0.329
30.411 27.073 6.071 -0.867 0.441 0.232
30.421 27.536 5.717 -0.874 0.132 0.467
30.784 27.388 6.455 -0.68 0.598 0.424
30.769 27.828 6.075 -0.67 0.304 0.677
31.299 27.643 6.693 -0.423 0.725 0.543
31.247 28.065 6.296 -0.388 0.444 0.808
31.578 27.378 7.114 -0.283 0.593 0.754
32.06 27.339 7.493 -0.604 0.619 0.501
31.358 26.817 7.336 -0.393 0.312 0.865
31.84 26.777 7.715 -0.715 0.339 0.612
32.596 28.194 6.43 -0.153 0.789 0.595
33.392 28.253 6.055 0.457 0.834 0.307
33.842 28.024 6.536 0.158 0.987 -0.013
33.871 27.794 7.368 0.301 0.847 0.438
33.965 27.801 7.3 0.238 0.842 0.483
34.061 27.815 7.237 0.174 0.833 0.526
34.546 27.214 7.553 0.639 0.557 0.531
34.563 27.287 7.464 0.627 0.509 0.59
34.586 27.364 7.381 0.612 0.457 0.646
35.06 26.906 6.869 0.896 0.403 0.189
35.019 27.013 6.858 0.923 0.331 0.196
34.986 27.124 6.849 0.945 0.257 0.203
34.881 27.187 6.023 0.806 0.543 -0.234
34.861 27.263 6.109 0.82 0.493 -0.291
34.847 27.343 6.191 0.829 0.439 -0.346
34.252 27.777 5.99 0.425 0.827 -0.368
33.769 28.027 5.554 0.747 0.661 -0.077
33.776 27.48 4.854 0.752 0.242 -0.614
33.065 27.995 3.883 0.681 0.402 -0.611
33.167 28.259 4.101 0.613 0.226 -0.757
32.453 28.478 3.814 0.321 0.687 -0.652
32.655 28.663 4.043 0.187 0.563 -0.805
31.898 28.857 4.216 -0.005 0.909 -0.416
32.191 28.98 4.379 -0.2 0.828 -0.525
31.615 28.986 4.935 -0.172 0.985 0.007
31.954 29.088 4.98 -0.398 0.917 -0.024
31.711 28.814 5.692 -0.115 0.884 0.453
32.034 28.944 5.614 -0.33 0.798 0.504
33.801 28.012 5.668 0.725 0.671 -0.153
33.495 28.195 6.075 0.389 0.873 0.294
30.378 28.035 5.093 -0.899 0.426 0.1
30.251 27.942 4.773 -0.815 0.488 0.314
30.805 28.562 4.591 -0.648 0.736 -0.196
30.608 28.383 4.352 -0.517 0.855 -0.037
31.323 28.556 3.924 -0.344 0.732 -0.588
31.041 28.378 3.794 -0.156 0.851 -0.501
31.7 28.02 3.392 -0.122 0.417 -0.901
31.357 27.93 3.349 0.107 0.477 -0.872
31.767 27.194 3.233 -0.082 -0.069 -0.994
31.414 27.239 3.216 0.154 -0.099 -0.983
30.698 21.31 4.663 0.327 0.368 -0.87
30.788 21.901 4.802 0.267 -0.026 -0.963
29.867 20.919 4.383 -0.255 0.776 -0.576
30.052 21.394 4.724 -0.379 0.46 -0.803
30.142 21.985 4.863 -0.439 0.066 -0.896
30.122 22.592 4.778 -0.425 -0.339 -0.839
29.606 21.35 5.2 -0.866 0.411 -0.283
29.696 21.94 5.339 -0.926 0.017 -0.376
27.792 15.445 5.061 -0.661 -0.428 -0.617
27.632 15.659 5.044 -0.554 -0.571 -0.605
27.232 15.712 5.956 -0.94 -0.295 -0.169
27.197 15.867 5.741 -0.917 -0.399 -0.025
32.182 10.243 13.647 -0.777 -0.253 0.576
32.22 10.154 13.653 -0.743 -0.332 0.582
31.912 22.037 16.286 0.192 -0.849 0.492
32.177 22.259 16.927 0.016 -0.998 0.064
32.009 22.042 16.242 0.322 -0.841 0.434
32.287 22.266 16.878 0.137 -0.991 0.01
26.243 21.677 9.847 -0.708 0.266 -0.654
26.073 21.234 10.083 -0.892 -0.215 -0.399
27.518 10.493 21.323 -0.632 -0.772 0.067
27.306 10.627 21.228 -0.491 -0.862 0.13
27.068 11.351 21.961 -0.856 -0.343 0.386
26.957 11.294 21.724 -0.782 -0.305 0.544
20.246 17.946 19.918 -0.277 -0.956 -0.09
20.035 17.967 20.082 -0.137 -0.97 -0.199
20.472 18.067 20.924 -0.164 -0.896 0.413
20.212 18.061 20.864 0.01 -0.892 0.453
19.875 18.725 21.46 -0.463 -0.567 0.681
19.747 18.573 21.282 -0.378 -0.465 0.801
19.111 19.195 20.937 -0.845 -0.332 0.419
19.153 18.938 20.874 -0.873 -0.161 0.461
21.144 22.203 19.225 -0.366 0.779 0.509
21.436 21.727 17.591 0.139 0.516 -0.845
25.602 24.131 18.785 -0.255 0.4 -0.88
25.834 24.737 19.68 -0.25 0.966 0.07
26.173 24.569 20.228 -0.149 0.966 0.213
25.868 24.501 20.75 0.112 0.98 0.166
26.526 24.594 20.678 -0.338 0.916 0.215
27.081 24.967 20.673 -0.718 0.661 0.219
27.453 17.975 12.924 -0.196 -0.508 -0.839
27.789 18.397 12.303 -0.436 -0.808 -0.397
29.006 13.92 11.458 -0.946 0.116 -0.303
27.491 17.518 13.202 0.142 -0.363 -0.921
27.723 18.121 12.786 -0.013 -0.766 -0.643
27.95 18.422 12.116 -0.164 -0.967 -0.196
30.515 20.257 17.628 0.915 -0.371 -0.159
30.437 19.865 17.094 0.971 -0.091 0.222
30.667 19.445 16.63 0.807 0.209 0.553
31.153 19.091 16.342 0.46 0.461 0.759
33.337 8.986 14.921 -0.007 -1 -0.01
32.548 9.53 14.92 -0.925 -0.179 -0.336
32.584 9.692 14.27 -0.95 -0.292 0.115
30.632 19.518 16.619 0.843 0.49 0.224
29.43 17.827 17.876 0.898 0.036 0.439
29.729 17.208 17.705 0.694 0.458 0.556
31.217 10.996 13.548 -0.455 -0.778 0.434
30.834 11.279 14.049 -0.18 -0.981 0.074
30.39 11.225 14.574 0.14 -0.942 -0.304
31.364 11.171 15.157 -0.22 -0.889 -0.402
21.651 20.53 16.396 0.351 -0.026 -0.936
22.19 20.529 16.499 -0.059 0.56 -0.826
22.792 20.619 16.345 -0.424 -0.087 -0.902
21.591 20.587 16.382 0.424 0.66 -0.62
22.877 20.743 16.309 -0.635 0.532 -0.56
35.697 20.095 12.424 0.319 -0.927 0.196
35.138 19.783 12.65 0.713 -0.41 0.569
34.761 18.87 13.042 0.969 -0.076 -0.233
35.612 20.114 12.545 0.239 -0.487 0.84
34.799 19.213 13.153 0.906 0.251 0.342
20.592 21.966 19.442 0 0.924 0.383
23.251 20.06 16.083 -0.707 0.101 -0.7
22.765 19.902 16.384 -0.383 0.206 -0.901
22.191 20.211 16.533 0 0 -1
22.191 19.637 16.419 0 0.383 -0.924
21.616 19.902 16.384 0.383 0.206 -0.901
23.128 21.854 17.309 -0.707 0.101 -0.7
23.128 21.31 17.06 -0.707 0.463 -0.534
23.128 20.987 16.558 -0.707 0.678 -0.199
22.642 21.696 17.61 -0.383 0.206 -0.901
22.642 21.14 17.342 -0.383 0.576 -0.722
22.642 20.756 16.86 -0.383 0.832 -0.401
22.068 21.43 17.645 0 0.383 -0.924
22.068 20.944 17.319 0 0.707 -0.707
22.068 20.619 16.833 0 0.924 -0.383
21.494 21.14 17.342 0.383 0.576 -0.722
21.494 20.756 16.86 0.383 0.832 -0.401
26.467 24.183 18.361 -0.707 0.101 -0.7
26.467 23.639 18.113 -0.707 0.463 -0.534
25.98 24.026 18.662 -0.383 0.206 -0.901
25.98 23.47 18.395 -0.383 0.576 -0.722
25.98 23.085 17.913 -0.383 0.832 -0.401
25.406 23.76 18.697 0 0.383 -0.924
25.406 23.273 18.372 0 0.707 -0.707
25.406 22.948 17.885 0 0.924 -0.383
24.832 23.47 18.395 0.383 0.576 -0.722
23.622 19.848 15.438 -0.924 0.191 -0.331
25.36 21.989 13.892 -0.707 0.678 -0.199
27.528 23.119 15.227 -0.707 0.678 0.199
27.041 22.888 14.924 -0.383 0.832 0.401
27.656 24.07 17.127 -0.707 0.101 -0.7
27.656 23.526 16.878 -0.707 0.463 -0.534
27.656 23.203 16.376 -0.707 0.678 -0.199
27.169 23.357 17.16 -0.383 0.576 -0.722
27.169 22.972 16.678 -0.383 0.832 -0.401
26.972 25.337 19.631 -0.707 0.463 0.534
26.485 24.783 19.832 -0.383 0.832 0.401
25.115 24.536 19.681 0 0.924 -0.383
27.048 24.976 20.36 -0.707 0.678 0.199
23.256 20.415 22.208 0 0.383 0.924
24.384 18.136 14.106 -0.707 -0.294 -0.643
24.384 17.544 14.191 -0.707 0.101 -0.7
29.785 26.934 18.444 -0.383 0.832 -0.401
31.228 25.951 20.843 0 -0 1
30.082 24.749 20.87 0.383 -0.206 0.901
27.032 19.228 20.32 0.383 -0.576 0.722
26.545 18.805 20.438 0.707 -0.294 0.643
25.63 17.702 20.921 0.707 -0.294 0.643
27.463 15.186 20.089 0 0.383 0.924
25.55 13.866 15.971 -1 0 0
26.7 14.138 13.826 -0.707 -0.294 -0.643
27.306 18.778 12.287 -0.383 -0.832 -0.401
27.306 18.393 12.769 -0.383 -0.576 -0.722
26.732 18.59 12.747 0 -0.707 -0.707
26.732 18.103 13.072 0 -0.383 -0.924
26.732 17.529 13.186 0 0 -1
33.93 29.374 19.298 0.383 0.576 -0.722
32.648 26.403 21.276 -0.383 -0.206 0.901
29.484 20.472 20.268 0.383 -0.576 0.722
30.2 9.86 18.529 -0.383 -0.924 0
29.702 14.868 11.456 -0.924 0.191 -0.331
29.702 14.581 10.958 -0.924 0.383 0
29.376 15.004 12.008 -0.707 0.101 -0.7
29.376 14.46 11.76 -0.707 0.463 -0.534
29.376 14.137 11.257 -0.707 0.678 -0.199
29.376 14.137 10.66 -0.707 0.678 0.199
29.122 16.421 12.819 -0.707 0.101 -0.7
27.994 16.028 13.195 0 0.383 -0.924
28.362 18.342 11.843 -0.383 -0.924 0
28.362 18.204 12.445 -0.383 -0.832 -0.401
28.362 17.82 12.927 -0.383 -0.576 -0.722
27.788 17.53 13.229 0 -0.383 -0.924
27.369 20.698 7.857 -0.924 -0.191 -0.331
30.726 23.164 8.7 -0.383 0.832 0.401
30.726 23.548 8.218 -0.383 0.576 0.722
30.232 22.666 10.109 0 1 -0
31.804 22.951 10.506 -0.383 0.832 0.401
33.174 23.582 16.039 0.707 -0.294 -0.643
33.174 22.99 16.124 0.707 0.101 -0.7
33.174 22.447 15.876 0.707 0.463 -0.534
33.174 22.124 15.373 0.707 0.678 -0.199
32.849 22.854 15.572 0.924 0.191 -0.331
32.907 21.806 15.504 0 -0.707 0.707
32.907 22.131 15.991 0 -0.924 0.383
31.627 22.148 17.023 0.383 -0.924 0
31.627 22.011 17.624 0.383 -0.832 -0.401
31.627 22.011 16.422 0.383 -0.832 0.401
29.825 15.029 19.372 0.383 0.832 0.401
29.825 15.413 18.89 0.383 0.576 0.722
34.124 9.167 14.769 0 -0.924 0.383
33.55 9.167 15.343 0.383 -0.924 0
32.113 10.707 15.173 -0.707 -0.595 -0.382
32.113 10.255 15.564 -0.707 -0.294 -0.643
31.627 10.679 15.683 -0.383 -0.576 -0.722
31.627 10.123 15.95 -0.383 -0.206 -0.901
31.053 10.875 15.66 0 -0.707 -0.707
31.053 10.389 15.985 0 -0.383 -0.924
30.479 10.679 15.683 0.383 -0.576 -0.722
30.727 11.353 13.792 -0.383 -0.924 0
28.99 15.483 8.634 -0.707 0.101 0.7
28.99 16.074 8.719 -0.707 -0.294 0.643
29.919 15.612 10.466 -1 0 0
29.805 16.186 10.466 -0.924 -0.383 0
29.805 15.325 9.969 -0.924 0.191 0.331
29.805 15.899 9.969 -0.924 -0.191 0.331
29.48 16.504 9.892 -0.707 -0.595 0.382
29.462 17.215 11.723 -0.924 -0.383 0
27.532 18.278 6.568 -0.924 -0.191 0.331
29.946 17.226 3.792 -0.707 -0.294 -0.643
29.946 16.635 3.877 -0.707 0.101 -0.7
29.46 17.094 4.178 -0.383 -0.206 -0.901
29.367 21.815 5.825 -0.707 0.101 -0.7
32.266 21.423 5.382 0 0 -1
31.692 21.732 5.233 0.383 -0.206 -0.901
31.692 21.115 5.233 0.383 0.206 -0.901
35.349 21.811 12.641 0 0.383 0.924
35.548 20.734 12.657 0 -0.383 0.924
34.974 20.469 12.692 0.383 -0.206 0.901
34.488 19.143 13.744 0.707 0.678 0.199
34.488 19.466 13.241 0.707 0.463 0.534
34.488 20.009 12.993 0.707 0.101 0.7
34.488 20.601 13.078 0.707 -0.294 0.643
34.162 19.873 13.546 0.924 0.191 0.331
34.162 20.447 13.546 0.924 -0.191 0.331
32.19 20.862 15.175 0.383 -0.206 0.901
31.293 19.48 15.738 0.383 0.576 0.722
31.293 20.036 15.471 0.383 0.206 0.901
31.293 20.653 15.471 0.383 -0.206 0.901
30.807 19.65 16.02 0.707 0.463 0.534
30.807 20.194 15.772 0.707 0.101 0.7
30.807 20.785 15.857 0.707 -0.294 0.643
30.807 21.237 16.248 0.707 -0.595 0.382
30.481 20.919 16.822 0.924 -0.383 0
30.481 20.057 16.325 0.924 0.191 0.331
30.481 20.632 16.325 0.924 -0.191 0.331
30.367 20.344 16.822 1 -0 0
31.195 17.512 16.593 0 0.383 0.924
30.621 17.222 16.895 0.383 0.576 0.722
30.621 17.778 16.627 0.383 0.206 0.901
29.808 17.316 17.459 0.707 0.463 0.534
29.808 17.86 17.211 0.707 0.101 0.7
29.482 18.298 17.763 0.924 -0.191 0.331
32.627 15.99 17.217 0.383 0.576 0.722
31.682 14.375 18.836 0.383 0.576 0.722
34.317 10.119 19.521 0.924 0.191 0.331
35.843 10.269 12.946 0.924 -0.191 -0.331
32.346 10.534 9.327 0 -1 0
32.346 10.419 9.901 0 -0.924 -0.383
30.816 11.108 9.98 -0.707 -0.294 0.643
31.145 11.609 11.205 -0.924 -0.383 0
31.145 11.322 11.703 -0.924 -0.191 -0.331
30.82 12.095 11.205 -0.707 -0.707 0
30.82 11.927 11.779 -0.707 -0.595 -0.382
30.82 11.927 10.632 -0.707 -0.595 0.382
31.919 11.892 7.053 0.383 -0.576 -0.722
32.943 20.333 4.878 -0.383 0.576 -0.722
32.369 20.137 4.855 0 0.707 -0.707
32.369 19.812 4.368 0 0.924 -0.383
31.795 19.949 4.395 0.383 0.832 -0.401
36.269 23.299 8.591 0.383 0.576 -0.722
35.782 23.468 8.309 0.707 0.463 -0.534
35.457 23.876 8.005 0.924 0.191 -0.331
35.542 20.008 10.174 0.707 -0.707 0
34.993 19.703 12.315 0.707 -0.707 0
34.993 19.534 11.742 0.707 -0.595 0.382
34.667 19.216 12.315 0.924 -0.383 0
34.667 18.929 12.812 0.924 -0.191 -0.331
34.667 18.355 12.812 0.924 0.191 -0.331
34.667 18.929 11.818 0.924 -0.191 0.331
34.553 18.642 12.315 1 -0 0
35.29 12.029 17.937 0.707 -0.294 0.643
36.098 11.643 10.879 0.707 -0.595 -0.382
32.445 13.252 5.932 0.383 -0.832 -0.401
33.83 18.102 6.882 0.707 0.101 -0.7
33.505 18.827 5.832 0.924 -0.383 0
33.505 18.54 6.329 0.924 -0.191 -0.331
33.505 17.966 6.329 0.924 0.191 -0.331
33.391 18.253 5.832 1 -0 0
33.961 17.082 4.944 0.707 0.463 0.534
33.636 17.203 5.746 0.924 0.383 0
34.381 16.681 6.97 0.707 0.101 -0.7
34.056 16.258 5.92 0.924 0.383 0
34.845 15.442 8.197 1 -0 0
35.025 17.064 10.237 0.924 0.383 0
34.911 17.638 10.237 1 -0 0
35.165 16.977 12.173 0.707 0.678 -0.199
34.84 17.421 11.875 0.924 0.383 0
35.162 14.503 14.602 0.924 0.191 0.331
32.076 10.756 13.937 -0.707 -0.595 0.382
31.59 11.249 14.511 -0.383 -0.924 0
31.59 10.728 13.427 -0.383 -0.576 0.722
31.59 11.112 13.91 -0.383 -0.832 0.401
31.016 11.364 14.511 0 -1 0
30.441 11.112 15.112 0.383 -0.832 -0.401
19.127 22.932 18.579 0.223 0.975 0
19.127 22.797 19.171 0.223 0.878 0.423
19.127 22.797 17.987 0.223 0.878 -0.423
18.503 22.932 18.579 -0.223 0.975 0
18.503 22.797 19.171 -0.223 0.878 0.423
18.503 22.418 19.646 -0.223 0.608 0.762
18.503 22.797 17.987 -0.223 0.878 -0.423
17.942 22.662 18.579 -0.623 0.782 0
17.942 22.488 19.171 -0.623 0.658 0.423
17.942 22.022 19.575 -0.623 0.325 0.711
17.942 21.411 19.662 -0.623 -0.111 0.774
17.942 22.488 17.987 -0.623 0.658 -0.423
17.554 22.174 18.579 -0.901 0.434 0
17.554 21.871 19.105 -0.901 0.217 0.376
17.554 21.263 19.105 -0.901 -0.217 0.376
17.554 21.871 18.053 -0.901 0.217 -0.376
17.415 21.567 18.579 -1 0 0
20.552 20.218 15.391 0.623 -0.111 -0.774
20.552 20.829 15.478 0.623 0.325 -0.711
19.991 19.523 15.407 0.223 -0.608 -0.762
19.991 20.07 15.143 0.223 -0.217 -0.95
19.991 20.678 15.143 0.223 0.217 -0.95
19.991 21.225 15.407 0.223 0.608 -0.762
19.991 21.604 15.882 0.223 0.878 -0.423
19.367 19.144 15.882 -0.223 -0.878 -0.423
19.367 19.523 15.407 -0.223 -0.608 -0.762
19.367 20.07 15.143 -0.223 -0.217 -0.95
19.367 20.678 15.143 -0.223 0.217 -0.95
19.367 21.225 15.407 -0.223 0.608 -0.762
19.367 21.604 15.882 -0.223 0.878 -0.423
18.806 19.657 15.647 -0.623 -0.512 -0.591
18.806 20.218 15.391 -0.623 -0.111 -0.774
18.806 20.829 15.478 -0.623 0.325 -0.711
18.806 21.295 15.882 -0.623 0.658 -0.423
23.505 23.932 17.638 0.223 0.608 -0.762
23.505 24.311 18.113 0.223 0.878 -0.423
22.881 23.932 17.638 -0.223 0.608 -0.762
22.881 24.311 18.113 -0.223 0.878 -0.423
22.32 24.176 18.705 -0.623 0.782 0
22.32 23.536 17.709 -0.623 0.325 -0.711
22.32 24.002 18.113 -0.623 0.658 -0.423
20.183 20.326 21.942 -0.309 0.233 0.922
20.183 19.702 21.994 -0.309 -0.079 0.948
19.625 19.859 21.716 -0.588 -0 0.809
19.183 20.447 21.116 -0.809 0.294 0.509
19.183 19.859 21.274 -0.809 -0 0.588
18.899 19.55 20.633 -0.951 -0.155 0.268
19.12 18.604 17.94 -0.174 -0.985 0
19.12 18.711 17.334 -0.174 -0.925 -0.337
18.533 18.818 17.94 -0.5 -0.866 0
18.533 18.937 17.343 -0.5 -0.8 -0.331
18.054 19.798 18.942 -0.766 -0.321 0.557
18.054 19.375 18.519 -0.766 -0.557 0.321
18.054 19.22 17.94 -0.766 -0.643 0
18.054 19.375 17.361 -0.766 -0.557 -0.321
17.742 19.761 17.94 -0.94 -0.342 -0
17.742 20.069 17.407 -0.94 -0.171 -0.296
19.6 18.134 20.614 -0.5 -0.831 0.244
22.77 16.052 17.714 -0.309 -0.938 0.157
22.212 16.433 18.02 -0.588 -0.747 0.31
22.212 16.31 17.401 -0.588 -0.809 0
21.77 16.91 17.989 -0.809 -0.509 0.294
21.77 16.752 17.401 -0.809 -0.588 0
21.77 16.91 16.813 -0.809 -0.509 -0.294
21.77 17.34 16.383 -0.809 -0.294 -0.509
24.863 22.62 15.44 -0.309 0.9 -0.309
27.565 26.244 17.332 -0.223 0.608 -0.762
27.565 26.623 17.807 -0.223 0.878 -0.423
27.004 26.488 18.399 -0.623 0.782 0
27.004 25.237 17.316 -0.623 -0.111 -0.774
27.004 25.848 17.403 -0.623 0.325 -0.711
27.004 26.314 17.807 -0.623 0.658 -0.423
26.616 26 18.399 -0.901 0.434 0
26.616 25.697 17.873 -0.901 0.217 -0.376
24.087 25.509 20.965 0.223 0.975 0
24.087 25.374 21.557 0.223 0.878 0.423
24.087 24.995 22.032 0.223 0.608 0.762
24.087 24.448 22.296 0.223 0.217 0.95
24.087 25.374 20.373 0.223 0.878 -0.423
23.463 25.509 20.965 -0.223 0.975 0
23.463 25.374 21.557 -0.223 0.878 0.423
23.463 24.995 22.032 -0.223 0.608 0.762
23.463 24.448 22.296 -0.223 0.217 0.95
23.463 23.84 22.296 -0.223 -0.217 0.95
23.463 25.374 20.373 -0.223 0.878 -0.423
22.902 25.239 20.965 -0.623 0.782 0
22.902 25.065 21.557 -0.623 0.658 0.423
22.902 24.599 21.961 -0.623 0.325 0.711
22.902 23.988 22.048 -0.623 -0.111 0.774
22.514 24.751 20.965 -0.901 0.434 0
22.514 24.448 21.491 -0.901 0.217 0.376
22.123 19.777 22.744 -0 0.121 0.993
21.572 18.253 21.989 -0.309 -0.644 0.7
23.365 16.92 21.273 -0.309 -0.644 0.7
23.365 16.535 20.779 -0.309 -0.836 0.453
23.365 16.332 20.187 -0.309 -0.938 0.157
23.073 16.068 15.973 -0.5 -0.847 -0.18
23.073 16.317 15.414 -0.5 -0.701 -0.509
23.073 16.772 15.004 -0.5 -0.433 -0.75
23.073 17.354 14.815 -0.5 -0.091 -0.861
22.621 16.792 15.453 -0.766 -0.421 -0.486
22.621 17.352 15.197 -0.766 -0.091 -0.636
23.597 20.931 13.72 -0.866 0.5 0
23.597 20.031 13.2 -0.866 -0.25 -0.433
23.597 20.631 13.2 -0.866 0.25 -0.433
23.436 20.331 13.72 -1 0 0
27.096 24.204 12.917 -0.174 0.985 0
27.096 24.091 13.522 -0.174 0.918 0.356
26.541 24.002 12.917 -0.5 0.866 0
26.541 23.875 13.516 -0.5 0.791 0.352
30.401 26.315 15.745 -0 0.568 -0.823
29.801 26.507 16.171 -0.5 0.729 -0.468
29.197 26.411 21.972 0.223 0.217 0.95
29.197 25.803 21.972 0.223 -0.217 0.95
28.573 26.958 21.708 -0.223 0.608 0.762
28.573 26.411 21.972 -0.223 0.217 0.95
28.573 25.803 21.972 -0.223 -0.217 0.95
28.012 27.202 20.641 -0.623 0.782 0
28.012 27.028 21.233 -0.623 0.658 0.423
28.012 26.562 21.637 -0.623 0.325 0.711
27.624 26.411 21.167 -0.901 0.217 0.376
26.453 23.879 22.359 -0 0.568 0.823
26.915 22.871 22.679 0.309 0.233 0.922
26.915 22.247 22.731 0.309 -0.079 0.948
26.297 22.553 22.829 -0 0.075 0.997
26.297 21.959 22.785 -0 -0.223 0.975
25.679 22.871 22.679 -0.309 0.233 0.922
25.679 22.247 22.731 -0.309 -0.079 0.948
25.851 19.424 22.649 0.623 -0.111 0.774
25.046 18.45 22.822 0.5 -0.567 0.654
24.446 19.276 23.228 -0 0.121 0.993
24.446 18.705 23.159 -0 -0.355 0.935
24.446 18.233 22.833 -0 -0.749 0.663
25.952 13.73 20.439 -0.623 -0.111 0.774
25.564 13.582 19.882 -0.901 -0.217 0.376
25.762 12.167 19.087 -0.809 -0.509 0.294
25.197 12.333 17.314 -0.94 -0.342 -0
25.094 12.914 17.314 -1 0 0
24.914 16.341 13.13 -0.5 -0.123 -0.857
24.58 19.857 12.338 -0.5 -0.091 -0.861
27.792 23.812 11.124 0.309 0.9 -0.309
27.174 23.665 10.615 -0 0.826 -0.563
27.174 23.924 11.152 -0 0.956 -0.295
26.556 23.514 10.574 -0.309 0.751 -0.584
26.556 23.812 11.124 -0.309 0.9 -0.309
25.998 23.631 11.742 -0.588 0.809 0
25.998 23.508 11.123 -0.588 0.747 -0.31
25.556 23.189 11.742 -0.809 0.588 0
30.114 24.288 13.711 0.309 0.9 -0.309
33.88 24.967 16.154 0.809 -0 -0.588
33.438 25.586 15.835 0.588 0.31 -0.747
32.88 26.007 15.738 0.309 0.52 -0.796
32.262 26.214 15.766 -0 0.623 -0.782
33.137 27.098 16.654 0.223 0.608 -0.762
32.844 29.098 18.141 0.309 0.52 -0.796
32.226 28.789 17.871 -0 0.365 -0.931
31.608 29.098 18.141 -0.309 0.52 -0.796
32.071 30.394 18.924 -0 0.623 -0.782
32.071 30.799 19.361 -0 0.826 -0.563
31.453 30.187 18.896 -0.309 0.52 -0.796
31.453 30.648 19.32 -0.309 0.751 -0.584
31.453 30.946 19.87 -0.309 0.9 -0.309
30.895 30.765 20.488 -0.588 0.809 0
30.895 30.642 21.107 -0.588 0.747 0.31
30.895 30.291 19.344 -0.588 0.572 -0.572
30.895 30.642 19.869 -0.588 0.747 -0.31
30.453 30.323 20.488 -0.809 0.588 0
30.453 30.165 21.076 -0.809 0.509 0.294
30.453 29.735 21.506 -0.809 0.294 0.509
30.453 29.147 21.664 -0.809 -0 0.588
30.453 29.735 19.47 -0.809 0.294 -0.509
30.453 30.165 19.9 -0.809 0.509 -0.294
30.169 29.765 20.488 -0.951 0.309 0
30.169 29.456 21.023 -0.951 0.155 0.268
30.169 29.456 19.953 -0.951 0.155 -0.268
28.777 22.243 22.031 0.5 0.36 0.788
28.777 21.663 22.115 0.5 -0.123 0.857
29.032 13.982 22.997 0.223 0.878 0.423
28.408 13.982 22.997 -0.223 0.878 0.423
28.408 13.603 23.472 -0.223 0.608 0.762
27.847 13.673 22.997 -0.623 0.658 0.423
27.847 13.207 23.401 -0.623 0.325 0.711
27.847 12.596 23.488 -0.623 -0.111 0.774
27.459 13.056 22.931 -0.901 0.217 0.376
26.856 11.061 21.072 -0.866 -0.5 -0
26.251 10.662 17.037 -0.588 -0.747 0.31
25.961 10.478 15.562 -0.5 -0.847 0.18
25.961 10.478 14.95 -0.5 -0.847 -0.18
25.509 10.87 15.564 -0.766 -0.617 0.181
25.509 10.87 14.948 -0.766 -0.617 -0.181
24.993 11.949 14.586 -0.866 -0.25 -0.433
24.993 12.549 14.586 -0.866 0.25 -0.433
24.832 12.249 15.106 -1 0 0
27.398 14.339 12.699 -0.623 -0.111 -0.774
26.692 19.433 9.979 -0.809 -0.588 0
26.692 19.591 9.391 -0.809 -0.509 -0.294
26.391 20.48 9.089 -0.866 -0.25 -0.433
25.324 21.784 10.773 -0.866 -0.25 -0.433
25.324 22.384 10.773 -0.866 0.25 -0.433
27.539 22.97 7.965 -0.623 0.782 0
27.151 22.482 7.965 -0.901 0.434 0
27.151 21.571 7.439 -0.901 -0.217 -0.376
27.151 22.179 7.439 -0.901 0.217 -0.376
34.74 22.387 17.124 0.623 -0.512 -0.591
34.74 22.948 16.868 0.623 -0.111 -0.774
34.179 21.874 18.543 0.223 -0.878 0.423
34.179 21.739 17.951 0.223 -0.975 0
35.77 23.352 18.338 1 0 0
35.609 22.752 18.338 0.866 -0.5 -0
35.609 23.052 17.818 0.866 -0.25 -0.433
35.609 23.652 17.818 0.866 0.25 -0.433
34.701 26.726 17.439 0.588 0.31 -0.747
36.057 28.663 19.976 0.809 0.509 -0.294
35.615 28.264 19.069 0.588 0.31 -0.747
35.615 28.789 19.42 0.588 0.572 -0.572
35.057 28.685 18.972 0.309 0.52 -0.796
34.302 30.707 20.216 0.588 0.572 -0.572
34.302 31.058 20.741 0.588 0.747 -0.31
33.744 31.064 20.192 0.309 0.751 -0.584
33.978 31.642 22.097 0.623 0.782 0
33.978 31.468 22.689 0.623 0.658 0.423
33.978 31.002 23.093 0.623 0.325 0.711
33.417 31.912 22.097 0.223 0.975 0
33.417 31.777 22.689 0.223 0.878 0.423
33.417 31.398 23.164 0.223 0.608 0.762
33.417 30.851 23.428 0.223 0.217 0.95
32.793 31.912 22.097 -0.223 0.975 0
32.793 31.777 22.689 -0.223 0.878 0.423
32.793 31.398 23.164 -0.223 0.608 0.762
32.793 30.851 23.428 -0.223 0.217 0.95
32.232 31.642 22.097 -0.623 0.782 0
32.232 31.468 22.689 -0.623 0.658 0.423
32.232 31.002 23.093 -0.623 0.325 0.711
33.126 29.118 23.31 -0 -0.223 0.975
32.508 28.799 23.102 -0.309 -0.382 0.871
32.508 28.275 22.759 -0.309 -0.644 0.7
35.057 26.881 22.306 0.309 -0.382 0.871
33.821 26.881 22.306 -0.309 -0.382 0.871
31.24 20.758 19.981 0.623 -0.512 0.591
31.24 20.425 19.462 0.623 -0.75 0.22
31.24 20.425 18.846 0.623 -0.75 -0.22
30.679 20.624 20.221 0.223 -0.608 0.762
32.296 13.3 21.523 0.588 0.747 0.31
31.738 13.604 21.522 0.309 0.9 0.309
29.918 13.347 23.486 0.5 0.729 0.468
29.918 12.905 23.869 0.5 0.36 0.788
29.318 12.618 24.115 -0 0.121 0.993
29.28 8.968 23.37 -0 -0.749 0.663
29.28 8.701 22.861 -0 -0.971 0.239
29.28 8.701 22.287 -0 -0.971 -0.239
28.68 9.718 23.603 -0.5 -0.123 0.857
28.68 9.185 23.359 -0.5 -0.567 0.654
28.68 8.869 22.867 -0.5 -0.831 0.244
28.68 8.869 22.281 -0.5 -0.831 -0.244
28.241 9.566 23.094 -0.866 -0.25 0.433
28.241 9.266 22.574 -0.866 -0.5 -0
32.443 7.667 16.538 0.223 -0.878 -0.423
31.819 7.532 17.13 -0.223 -0.975 0
31.819 7.667 16.538 -0.223 -0.878 -0.423
31.819 8.046 16.063 -0.223 -0.608 -0.762
31.258 7.847 17.438 -0.623 -0.75 0.22
31.258 7.847 16.822 -0.623 -0.75 -0.22
31.258 8.18 16.303 -0.623 -0.512 -0.591
28.72 9.633 16.968 -0 -0.989 0.149
28.72 9.633 16.372 -0 -0.989 -0.149
28.102 9.735 16.983 -0.309 -0.938 0.157
28.102 9.735 16.357 -0.309 -0.938 -0.157
27.194 10.268 14.371 -0 -0.971 -0.239
27.194 10.535 13.862 -0 -0.749 -0.663
27.194 11.007 13.536 -0 -0.355 -0.935
28.757 12.642 9.926 -0.623 -0.512 0.591
28.369 13.663 9.625 -0.901 0.217 0.376
28.369 13.055 9.625 -0.901 -0.217 0.376
28.369 12.752 9.099 -0.901 -0.434 -0
28.369 13.055 8.573 -0.901 -0.217 -0.376
28.23 13.359 9.099 -1 0 0
28.348 17.232 9.933 -0.588 -0.747 0.31
27.687 17.74 3.849 -0.223 -0.608 -0.762
27.687 18.287 3.585 -0.223 -0.217 -0.95
27.687 18.895 3.585 -0.223 0.217 -0.95
27.687 19.442 3.849 -0.223 0.608 -0.762
27.126 19.686 4.916 -0.623 0.782 0
27.126 17.874 4.089 -0.623 -0.512 -0.591
27.126 18.435 3.833 -0.623 -0.111 -0.774
27.126 19.046 3.92 -0.623 0.325 -0.711
27.126 19.512 4.324 -0.623 0.658 -0.423
26.738 19.198 4.916 -0.901 0.434 0
26.738 18.895 5.442 -0.901 0.217 0.376
26.738 18.287 5.442 -0.901 -0.217 0.376
26.738 18.287 4.39 -0.901 -0.217 -0.376
26.738 18.895 4.39 -0.901 0.217 -0.376
26.599 18.591 4.916 -1 0 0
32.111 23.261 4.35 0.309 -0.382 -0.871
33.624 23.984 11.717 -0 0.885 0.465
35.161 23.224 20.572 0.623 -0.75 0.22
34.6 23.044 20.856 0.223 -0.878 0.423
36.876 27.001 20.589 1 0 0
36.737 27.608 20.589 0.901 0.434 0
36.737 27.305 21.115 0.901 0.217 0.376
36.737 26.697 21.115 0.901 -0.217 0.376
36.737 26.394 20.589 0.901 -0.434 -0
36.737 26.697 20.063 0.901 -0.217 -0.376
36.737 27.305 20.063 0.901 0.217 -0.376
36.349 26.845 21.672 0.623 -0.111 0.774
35.938 29.591 21.846 0.866 0.5 0
35.938 29.291 22.366 0.866 0.25 0.433
35.499 29.423 22.791 0.5 0.36 0.788
35.499 28.843 22.875 0.5 -0.123 0.857
35.55 24.516 21.385 0.866 -0.25 0.433
35.111 24.668 21.894 0.5 -0.123 0.857
34.511 24.39 21.987 -0 -0.355 0.935
31.291 16.122 18.383 0.223 0.608 0.762
34.14 14.06 19.61 0.223 0.608 0.762
34.173 11.345 20.833 0.951 0.155 0.268
34.173 10.727 20.833 0.951 -0.155 0.268
33.889 11.624 21.316 0.809 0.294 0.509
33.889 11.036 21.474 0.809 -0 0.588
33.447 11.655 21.793 0.588 0.31 0.747
32.078 12.582 22.682 0.5 0.36 0.788
30.85 10.158 23.521 0.623 -0.111 0.774
30.85 9.597 23.265 0.623 -0.512 0.591
30.289 10.01 23.769 0.223 -0.217 0.95
35.042 8.547 19.176 1 0 0
34.903 8.851 19.702 0.901 0.217 0.376
34.903 8.243 19.702 0.901 -0.217 0.376
34.903 7.94 19.176 0.901 -0.434 -0
34.903 8.243 18.65 0.901 -0.217 -0.376
34.515 8.391 20.259 0.623 -0.111 0.774
34.515 7.83 20.003 0.623 -0.512 0.591
34.515 7.497 19.484 0.623 -0.75 0.22
34.515 7.497 18.868 0.623 -0.75 -0.22
34.515 7.83 18.349 0.623 -0.512 -0.591
33.954 7.696 20.243 0.223 -0.608 0.762
33.954 7.317 19.768 0.223 -0.878 0.423
33.954 7.182 19.176 0.223 -0.975 0
33.954 7.317 18.584 0.223 -0.878 -0.423
33.33 7.696 20.243 -0.223 -0.608 0.762
33.33 7.317 19.768 -0.223 -0.878 0.423
33.33 7.182 19.176 -0.223 -0.975 0
32.769 7.83 20.003 -0.623 -0.512 0.591
32.769 7.497 19.484 -0.623 -0.75 0.22
35.864 9.324 15.357 0.5 -0.831 0.244
35.802 8.318 12.711 0.901 -0.434 -0
35.802 8.621 12.185 0.901 -0.217 -0.376
35.414 7.875 13.019 0.623 -0.75 0.22
35.414 7.875 12.403 0.623 -0.75 -0.22
35.414 8.208 11.884 0.623 -0.512 -0.591
34.853 7.695 13.303 0.223 -0.878 0.423
34.853 7.56 12.711 0.223 -0.975 0
34.853 7.695 12.119 0.223 -0.878 -0.423
34.853 8.074 11.644 0.223 -0.608 -0.762
34.229 7.695 13.303 -0.223 -0.878 0.423
34.229 7.56 12.711 -0.223 -0.975 0
34.229 7.695 12.119 -0.223 -0.878 -0.423
34.229 8.074 11.644 -0.223 -0.608 -0.762
33.668 7.875 13.019 -0.623 -0.75 0.22
33.668 7.875 12.403 -0.623 -0.75 -0.22
32.104 8.948 11.399 -0.223 -0.878 -0.423
31.543 9.461 12.818 -0.623 -0.512 0.591
31.543 9.128 12.299 -0.623 -0.75 0.22
31.543 9.128 11.683 -0.623 -0.75 -0.22
31.155 9.571 11.991 -0.901 -0.434 -0
31.038 9.826 8.263 0.223 -0.975 0
31.038 9.961 7.671 0.223 -0.878 -0.423
31.038 10.34 7.196 0.223 -0.608 -0.762
30.414 9.961 8.855 -0.223 -0.878 0.423
30.414 9.826 8.263 -0.223 -0.975 0
30.414 9.961 7.671 -0.223 -0.878 -0.423
30.414 10.34 7.196 -0.223 -0.608 -0.762
29.853 10.474 9.09 -0.623 -0.512 0.591
29.853 10.141 8.571 -0.623 -0.75 0.22
29.853 10.141 7.955 -0.623 -0.75 -0.22
29.853 10.474 7.436 -0.623 -0.512 -0.591
29.853 11.035 7.18 -0.623 -0.111 -0.774
29.465 10.584 8.263 -0.901 -0.434 -0
29.465 10.887 7.737 -0.901 -0.217 -0.376
28.661 13.317 5.626 -0.5 -0.831 -0.244
28.222 13.714 5.919 -0.866 -0.5 -0
27.495 15.714 7.312 -0.809 -0.294 0.509
27.495 15.284 6.882 -0.809 -0.509 0.294
27.211 16.611 6.829 -0.951 0.155 0.268
27.211 15.993 6.829 -0.951 -0.155 0.268
27.258 16.045 5.251 -0.866 -0.25 -0.433
30.985 17.002 2.24 -0.588 -0.31 -0.747
30.543 17.621 2.559 -0.809 -0 -0.588
34.859 20.991 5.118 0.623 -0.111 -0.774
34.859 21.602 5.205 0.623 0.325 -0.711
34.298 21.451 4.87 0.223 0.217 -0.95
35.45 24.944 7.147 1 0 0
34.068 25.984 8.739 0.309 0.52 0.796
33.45 25.675 9.009 -0 0.365 0.931
32.274 25.563 8.642 -0.588 0.31 0.747
33.321 25.573 4.112 0.588 -0.31 -0.747
32.763 25.428 3.865 0.309 -0.382 -0.871
31.596 24.723 3.823 0.174 -0.27 -0.947
31.006 24.723 3.823 -0.174 -0.27 -0.947
30.451 25.027 3.969 -0.5 -0.091 -0.861
29.999 25.025 4.351 -0.766 -0.091 -0.636
29.704 25.762 5.433 -0.94 0.342 0
29.704 25.472 4.929 -0.94 0.171 -0.296
30.969 26.811 7.102 -0.588 0.31 0.747
30.527 26.78 6.625 -0.809 0.294 0.509
38.007 23.228 11.998 0.766 0.321 0.557
37.528 23.751 12.098 0.5 0.612 0.612
37.528 23.246 12.436 0.5 0.331 0.8
36.941 24.315 11.602 0.174 0.925 0.337
36.941 24.007 12.135 0.174 0.754 0.633
36.941 23.535 12.531 0.174 0.492 0.853
36.315 24.422 10.996 -0.174 0.985 0
36.315 24.315 11.602 -0.174 0.925 0.337
36.315 24.007 12.135 -0.174 0.754 0.633
36.315 23.535 12.531 -0.174 0.492 0.853
38.081 21.075 12.265 0.901 -0.217 0.376
38.081 20.772 11.739 0.901 -0.434 -0
37.693 21.223 12.822 0.623 -0.111 0.774
37.693 20.662 12.566 0.623 -0.512 0.591
37.693 20.329 12.047 0.623 -0.75 0.22
37.693 20.329 11.431 0.623 -0.75 -0.22
37.132 21.683 13.07 0.223 0.217 0.95
37.132 21.075 13.07 0.223 -0.217 0.95
37.132 20.528 12.806 0.223 -0.608 0.762
37.132 20.149 12.331 0.223 -0.878 0.423
37.132 20.014 11.739 0.223 -0.975 0
37.132 20.149 11.147 0.223 -0.878 -0.423
35.571 17.942 14.864 0.951 0.309 0
35.571 17.633 15.399 0.951 0.155 0.268
35.287 18.5 14.864 0.809 0.588 0
35.287 18.342 15.452 0.809 0.509 0.294
35.287 17.912 15.882 0.809 0.294 0.509
35.287 17.324 16.04 0.809 -0 0.588
35.287 16.736 15.882 0.809 -0.294 0.509
34.845 18.819 15.483 0.588 0.747 0.31
34.845 18.468 16.008 0.588 0.572 0.572
34.845 17.943 16.359 0.588 0.31 0.747
34.845 17.324 16.482 0.588 -0 0.809
34.287 18.825 16.032 0.309 0.751 0.584
34.287 18.364 16.456 0.309 0.52 0.796
34.287 17.791 16.708 0.309 0.233 0.922
33.669 18.055 16.726 -0 0.365 0.931
33.669 17.473 16.858 -0 0.075 0.997
35.591 14.082 18.217 0.866 0.5 0
35.591 13.782 18.737 0.866 0.25 0.433
35.591 13.182 18.737 0.866 -0.25 0.433
35.152 14.356 18.779 0.5 0.729 0.468
33.257 9.763 21.747 0.5 -0.567 0.654
36.868 11.15 14.754 1 0 0
36.77 10.841 15.289 0.951 -0.155 0.268
36.77 10.532 14.754 0.951 -0.309 -0
36.486 10.562 15.772 0.809 -0.294 0.509
37.529 12.266 12.709 0.866 -0.25 0.433
37.529 11.966 12.189 0.866 -0.5 -0
37.529 12.266 11.669 0.866 -0.25 -0.433
33.388 10.335 8.693 -0 -0.971 -0.239
34.547 11.324 7.892 0.588 -0.572 -0.572
34.547 11.849 7.541 0.588 -0.31 -0.747
33.989 11.18 7.637 0.309 -0.644 -0.7
33.989 11.704 7.294 0.309 -0.382 -0.871
33.371 11.468 7.304 -0 -0.5 -0.866
29.893 13.248 5.063 -0 -0.901 -0.434
29.275 13.762 4.532 -0.309 -0.644 -0.7
28.717 14.431 4.436 -0.588 -0.31 -0.747
28.275 14.462 4.913 -0.809 -0.294 -0.509
31.319 13.657 3.94 -0.309 -0.836 -0.453
31.319 14.042 3.446 -0.309 -0.644 -0.7
33.16 19.759 2.19 0.174 0.918 -0.356
32.57 19.872 2.795 -0.174 0.985 0
32.57 19.435 1.667 -0.174 0.728 -0.663
32.57 19.759 2.19 -0.174 0.918 -0.356
32.015 18.653 1.395 -0.5 0.268 -0.824
32.015 19.183 1.701 -0.5 0.579 -0.644
32.015 19.543 2.196 -0.5 0.791 -0.352
35.538 17.304 8.467 1 0 0
35.399 17 7.941 0.901 -0.217 -0.376
35.399 17.608 7.941 0.901 0.217 -0.376
35.968 21.488 6.917 0.951 -0.155 -0.268
39.095 23.127 10.079 1 0 0
38.956 23.734 10.079 0.901 0.434 0
38.956 23.431 10.605 0.901 0.217 0.376
38.956 22.823 10.605 0.901 -0.217 0.376
38.956 22.52 10.079 0.901 -0.434 -0
38.956 22.823 9.553 0.901 -0.217 -0.376
38.956 23.431 9.553 0.901 0.217 -0.376
38.568 24.222 10.079 0.623 0.782 0
38.568 24.048 10.671 0.623 0.658 0.423
38.568 22.077 9.771 0.623 -0.75 -0.22
38.568 22.41 9.252 0.623 -0.512 -0.591
38.568 22.971 8.996 0.623 -0.111 -0.774
38.568 23.582 9.083 0.623 0.325 -0.711
38.568 24.048 9.487 0.623 0.658 -0.423
38.007 24.492 10.079 0.223 0.975 0
38.007 22.276 9.012 0.223 -0.608 -0.762
38.007 22.823 8.748 0.223 -0.217 -0.95
38.007 23.431 8.748 0.223 0.217 -0.95
38.007 23.978 9.012 0.223 0.608 -0.762
38.007 24.357 9.487 0.223 0.878 -0.423
35.884 16.576 13.889 1 0 0
35.781 16.285 14.393 0.94 -0.171 0.296
36.171 13.213 15.931 0.809 0.588 0
36.424 12.377 16.948 0.866 0.25 0.433
36.424 11.777 16.948 0.866 -0.25 0.433
37.594 13.997 12.229 0.901 0.434 0
37.594 13.694 12.755 0.901 0.217 0.376
37.594 13.694 11.703 0.901 0.217 -0.376
37.206 14.311 12.821 0.623 0.658 0.423
37.206 13.845 13.225 0.623 0.325 0.711
36.276 12.25 9.186 0.866 -0.25 -0.433
36.027 13.533 9.003 0.809 0.294 -0.509
33.35 13.432 2.675 -0.5 -0.847 -0.18
33.963 13.762 0.911 -0.588 -0.572 -0.572
33.963 14.287 0.56 -0.588 -0.31 -0.747
34.122 16.465 -0.38 -0.309 -0.382 -0.871
34.122 17.072 -0.534 -0.309 -0.079 -0.948
33.564 16.61 -0.133 -0.588 -0.31 -0.747
33.564 17.229 -0.256 -0.588 0 -0.809
36.309 18.762 0.601 0.901 0.434 0
36.309 18.459 0.075 0.901 0.217 -0.376
35.921 19.25 0.601 0.623 0.782 0
35.921 18.61 -0.395 0.623 0.325 -0.711
35.921 19.076 0.009 0.623 0.658 -0.423
35.36 19.52 0.601 0.223 0.975 0
35.36 18.459 -0.73 0.223 0.217 -0.95
35.36 19.006 -0.466 0.223 0.608 -0.762
35.36 19.385 0.009 0.223 0.878 -0.423
34.736 19.52 0.601 -0.223 0.975 0
34.736 18.459 -0.73 -0.223 0.217 -0.95
34.736 19.006 -0.466 -0.223 0.608 -0.762
34.736 19.385 0.009 -0.223 0.878 -0.423
34.175 18.61 -0.395 -0.623 0.325 -0.711
34.175 19.076 0.009 -0.623 0.658 -0.423
36.642 17.847 1.362 0.951 0.309 0
36.358 18.247 1.95 0.809 0.509 0.294
36.358 17.817 2.38 0.809 0.294 0.509
35.916 18.373 2.506 0.588 0.572 0.572
36.757 15.494 3.073 0.809 0.294 0.509
36.315 15.525 3.55 0.588 0.31 0.747
36.315 14.906 3.673 0.588 -0 0.809
36.379 16.079 11.454 0.866 0.5 0
36.365 12.426 3.088 0.5 -0.567 0.654
36.365 12.11 2.596 0.5 -0.831 0.244
35.765 12.209 3.099 -0 -0.749 0.663
35.765 11.942 2.59 -0 -0.971 0.239
35.765 11.942 2.016 -0 -0.971 -0.239
35.165 12.11 2.596 -0.5 -0.831 0.244
37.492 14.111 2.344 0.94 0.171 0.296
37.492 13.529 2.344 0.94 -0.171 0.296
37.197 13.664 2.922 0.766 -0.091 0.636
37.197 13.104 2.666 0.766 -0.421 0.486
37.197 12.772 2.148 0.766 -0.617 0.181
36.745 13.666 3.304 0.5 -0.091 0.861
36.19 12.397 0.959 0.174 -0.837 -0.518
35.6 12.397 0.959 -0.174 -0.837 -0.518
35.6 12.811 0.504 -0.174 -0.593 -0.786
35.045 12.629 0.975 -0.5 -0.701 -0.509
37.071 16.238 0.171 0.866 0.25 -0.433
36.632 15.79 -0.338 0.5 -0.123 -0.857
37.71 13.836 1.239 1 0 0
37.549 13.536 0.719 0.866 -0.25 -0.433
37.11 13.155 0.454 0.5 -0.567 -0.654
37.11 13.688 0.21 0.5 -0.123 -0.857
35.171 26.409 5.956 0.951 0.155 -0.268
34.887 26.1 5.315 0.809 -0 -0.588
34.887 26.688 5.473 0.809 0.294 -0.509
34.445 25.481 4.996 0.588 -0.31 -0.747
34.445 26.1 4.873 0.588 0 -0.809
34.445 26.719 4.996 0.588 0.31 -0.747
33.887 27.14 8.083 0.309 0.52 0.796
33.269 27.752 7.618 -0 0.826 0.563
33.269 27.347 8.055 -0 0.623 0.782
32.651 27.601 7.659 -0.309 0.751 0.584
32.651 27.14 8.083 -0.309 0.52 0.796
32.093 26.719 7.986 -0.588 0.31 0.747
32.757 27.157 3.459 0.5 -0.091 -0.861
32.757 27.766 3.523 0.5 0.268 -0.824
32.202 26.853 3.313 0.174 -0.27 -0.947
32.202 27.465 3.256 0.174 0.091 -0.981
32.202 28.057 3.424 0.174 0.439 -0.882
31.057 28.783 4.923 -0.5 0.866 0
31.057 28.656 5.522 -0.5 0.791 0.352
31.057 28.296 6.017 -0.5 0.579 0.644
30.605 28.23 5.514 -0.766 0.541 0.348
30.629 27.209 3.367 -0.5 -0.123 -0.857
30.629 27.789 3.451 -0.5 0.36 -0.788
30.629 28.231 3.834 -0.5 0.729 -0.468
30.19 27.957 4.396 -0.866 0.5 0
30.19 27.657 3.876 -0.866 0.25 -0.433
33.031 29.026 5.009 0.5 0.866 0
33.031 28.861 4.447 0.5 0.729 -0.468
32.431 29.187 5.009 -0 1 0
32.431 29.05 5.567 -0 0.885 0.465
34.891 27.416 6.606 0.866 0.5 0
34.452 27.855 6.606 0.5 0.866 0
34.452 27.69 7.168 0.5 0.729 0.468
3 0 4 1532
3 1532 4 1533
3 1532 1533 1
3 1 1533 3
3 4 7 5
3 5 7 6
3 7 10 1534
3 1534 10 1537
3 1534 1537 1535
3 1535 1537 1538
3 1535 1538 1536
3 1536 1538 1539
3 1536 1539 8
3 8 1539 9
3 11 1540 14
3 14 1540 1541
3 1541 1540 13
3 10 15 1542
3 1542 15 1543
3 1542 1543 12
3 15 18 1544
3 1544 18 1545
3 1544 1545 16
3 16 1545 17
3 18 1547 1546
3 1546 1547 1548
3 1546 1548 19
3 19 1548 1549
3 1547 21 1548
3 1548 21 1550
3 1548 1550 1549
3 1549 1550 20
3 21 1552 1551
3 1551 1552 1553
3 1551 1553 22
3 22 1553 1554
3 1552 24 1553
3 1553 24 1555
3 1553 1555 1554
3 1554 1555 23
3 24 1556 25
3 25 1556 1557
3 1556 1558 1557
3 1557 1558 1559
3 1558 1560 1559
3 1559 1560 1561
3 1560 0 1561
3 1561 0 2
3 25 27 1562
3 1562 27 1563
3 1562 1563 23
3 23 1563 26
3 27 30 1564
3 1564 30 1565
3 1564 1565 28
3 28 1565 29
3 30 1567 1566
3 1566 1567 1568
3 1566 1568 31
3 31 1568 1569
3 1567 33 1568
3 1568 33 1570
3 1568 1570 1569
3 1569 1570 32
3 33 36 1571
3 1571 36 1573
3 1571 1573 1572
3 1572 1573 1574
3 1572 1574 34
3 34 1574 35
3 36 1575 37
3 37 1575 1576
3 1575 1577 1576
3 1576 1577 1578
3 1577 1579 1578
3 1578 1579 1580
3 1579 1581 1580
3 1580 1581 1582
3 1581 2 1582
3 1582 2 1
3 37 1585 1583
3 1583 1585 1586
3 1583 1586 1584
3 1584 1586 1587
3 1584 1587 35
3 35 1587 1588
3 1585 1589 1586
3 1586 1589 1590
3 1586 1590 1587
3 1587 1590 1591
3 1587 1591 1588
3 1588 1591 1592
3 1589 39 1590
3 1590 39 1593
3 1590 1593 1591
3 1591 1593 1594
3 1591 1594 1592
3 1592 1594 38
3 43 40 42
3 39 44 41
3 48 45 47
3 44 49 46
3 50 1595 53
3 53 1595 1596
3 1596 1595 52
3 49 54 1597
3 1597 54 1598
3 1597 1598 51
3 54 3 55
3 55 3 5
3 55 6 1599
3 1599 6 1602
3 1599 1602 1600
3 1600 1602 1603
3 1600 1603 1601
3 1601 1603 1604
3 1601 1604 53
3 53 1604 8
3 50 57 1605
3 1605 57 1607
3 1605 1607 1606
3 1606 1607 1608
3 1606 1608 48
3 48 1608 56
3 57 1611 1609
3 1609 1611 1612
3 1609 1612 1610
3 1610 1612 1613
3 1610 1613 58
3 58 1613 1614
3 1611 60 1612
3 1612 60 1615
3 1612 1615 1613
3 1613 1615 1616
3 1613 1616 1614
3 1614 1616 59
3 60 63 1617
3 1617 63 1619
3 1617 1619 1618
3 1618 1619 1620
3 1618 1620 61
3 61 1620 62
3 67 64 66
3 63 68 65
3 68 1621 69
3 69 1621 1622
3 1621 71 1622
3 1622 71 70
3 71 74 1623
3 1623 74 1624
3 1623 1624 72
3 72 1624 73
3 74 9 75
3 75 9 11
3 75 1625 73
3 73 1625 1626
3 1625 77 1626
3 1626 77 76
3 77 80 78
3 78 80 79
3 80 83 1627
3 1627 83 1629
3 1627 1629 1628
3 1628 1629 1630
3 1628 1630 81
3 81 1630 82
3 83 14 1631
3 1631 14 1633
3 1631 1633 1632
3 1632 1633 1634
3 1632 1634 84
3 84 1634 16
3 84 17 82
3 82 17 19
3 81 86 1635
3 1635 86 1636
3 1635 1636 79
3 79 1636 85
3 86 1637 87
3 87 1637 1638
3 1637 20 1638
3 1638 20 22
3 87 89 1639
3 1639 89 1640
3 1639 1640 85
3 85 1640 88
3 89 92 90
3 90 92 91
3 92 95 93
3 93 95 94
3 95 1641 96
3 96 1641 1642
3 1641 1643 1642
3 1642 1643 1644
3 1643 98 1644
3 1644 98 97
3 98 1646 1645
3 1645 1646 1647
3 1645 1647 99
3 99 1647 1648
3 1646 101 1647
3 1647 101 1649
3 1647 1649 1648
3 1648 1649 100
3 101 32 1650
3 1650 32 1652
3 1650 1652 1651
3 1651 1652 1653
3 1651 1653 102
3 102 1653 34
3 102 104 1654
3 1654 104 1655
3 1654 1655 100
3 100 1655 103
3 104 107 105
3 105 107 106
3 107 110 108
3 108 110 109
3 110 113 111
3 111 113 112
3 113 1656 114
3 114 1656 1657
3 1656 1658 1657
3 1657 1658 1659
3 1658 1660 1659
3 1659 1660 1661
3 1660 1662 1661
3 1661 1662 1663
3 1662 1664 1663
3 1663 1664 1665
3 1664 116 1665
3 1665 116 115
3 116 119 1666
3 1666 119 1669
3 1666 1669 1667
3 1667 1669 1670
3 1667 1670 1668
3 1668 1670 1671
3 1668 1671 117
3 117 1671 118
3 119 38 1672
3 1672 38 1673
3 1672 1673 120
3 120 1673 40
3 120 122 1674
3 1674 122 1675
3 1674 1675 118
3 118 1675 121
3 122 43 123
3 123 43 45
3 123 125 1676
3 1676 125 1677
3 1676 1677 121
3 121 1677 124
3 125 56 126
3 126 56 58
3 126 128 1678
3 1678 128 1679
3 1678 1679 124
3 124 1679 127
3 128 1682 1680
3 1680 1682 1683
3 1680 1683 1681
3 1681 1683 1684
3 1681 1684 129
3 129 1684 1685
3 1682 131 1683
3 1683 131 1686
3 1683 1686 1684
3 1684 1686 1687
3 1684 1687 1685
3 1685 1687 130
3 131 134 1688
3 1688 134 1690
3 1688 1690 1689
3 1689 1690 1691
3 1689 1691 132
3 132 1691 133
3 134 59 135
3 135 59 61
3 135 137 1692
3 1692 137 1694
3 1692 1694 1693
3 1693 1694 1695
3 1693 1695 133
3 133 1695 136
3 137 62 1696
3 1696 62 1699
3 1696 1699 1697
3 1697 1699 1700
3 1697 1700 1698
3 1698 1700 1701
3 1698 1701 138
3 138 1701 64
3 138 140 1702
3 1702 140 1704
3 1702 1704 1703
3 1703 1704 1705
3 1703 1705 136
3 136 1705 139
3 140 143 1706
3 1706 143 1707
3 1706 1707 141
3 141 1707 142
3 143 146 1708
3 1708 146 1709
3 1708 1709 144
3 144 1709 145
3 146 149 1710
3 1710 149 1711
3 1710 1711 147
3 147 1711 148
3 149 1712 150
3 150 1712 1713
3 1712 152 1713
3 1713 152 151
3 152 155 1714
3 1714 155 1715
3 1714 1715 153
3 153 1715 154
3 155 158 156
3 156 158 157
3 159 1716 162
3 162 1716 1717
3 1717 1716 161
3 158 163 1718
3 1718 163 1719
3 1718 1719 160
3 163 67 1720
3 1720 67 1723
3 1720 1723 1721
3 1721 1723 1724
3 1721 1724 1722
3 1722 1724 1725
3 1722 1725 164
3 164 1725 69
3 164 70 162
3 162 70 72
3 157 1726 167
3 167 1726 1727
3 1727 1726 166
3 159 168 165
3 172 169 171
3 168 173 170
3 173 176 1728
3 1728 176 1729
3 1728 1729 174
3 174 1729 175
3 176 1731 1730
3 1730 1731 1732
3 1730 1732 177
3 177 1732 1733
3 1731 179 1732
3 1732 179 1734
3 1732 1734 1733
3 1733 1734 178
3 179 1736 1735
3 1735 1736 1737
3 1735 1737 180
3 180 1737 1738
3 1736 76 1737
3 1737 76 1739
3 1737 1739 1738
3 1738 1739 78
3 180 182 1740
3 1740 182 1741
3 1740 1741 178
3 178 1741 181
3 182 185 1742
3 1742 185 1743
3 1742 1743 183
3 183 1743 184
3 185 188 1744
3 1744 188 1745
3 1744 1745 186
3 186 1745 187
3 188 191 1746
3 1746 191 1747
3 1746 1747 189
3 189 1747 190
3 191 194 1748
3 1748 194 1749
3 1748 1749 192
3 192 1749 193
3 194 88 1750
3 1750 88 1751
3 1750 1751 195
3 195 1751 90
3 195 91 193
3 193 91 93
3 192 1753 1752
3 1752 1753 1754
3 1752 1754 190
3 190 1754 1755
3 1753 197 1754
3 1754 197 1756
3 1754 1756 1755
3 1755 1756 196
3 197 94 198
3 198 94 96
3 198 200 1757
3 1757 200 1758
3 1757 1758 196
3 196 1758 199
3 200 203 201
3 201 203 202
3 203 1759 204
3 204 1759 1760
3 1759 97 1760
3 1760 97 99
3 204 1761 202
3 202 1761 1762
3 1761 1763 1762
3 1762 1763 1764
3 1763 103 1764
3 1764 103 105
3 201 206 199
3 199 206 205
3 206 209 207
3 207 209 208
3 209 212 1765
3 1765 212 1768
3 1765 1768 1766
3 1766 1768 1769
3 1766 1769 1767
3 1767 1769 1770
3 1767 1770 210
3 210 1770 211
3 212 106 213
3 213 106 108
3 213 215 1771
3 1771 215 1773
3 1771 1773 1772
3 1772 1773 1774
3 1772 1774 211
3 211 1774 214
3 215 218 1775
3 1775 218 1777
3 1775 1777 1776
3 1776 1777 1778
3 1776 1778 216
3 216 1778 217
3 218 221 1779
3 1779 221 1781
3 1779 1781 1780
3 1780 1781 1782
3 1780 1782 219
3 219 1782 220
3 221 109 222
3 222 109 111
3 222 224 1783
3 1783 224 1785
3 1783 1785 1784
3 1784 1785 1786
3 1784 1786 220
3 220 1786 223
3 224 227 225
3 225 227 226
3 227 230 228
3 228 230 229
3 230 1787 231
3 231 1787 1788
3 1787 112 1788
3 1788 112 114
3 231 233 1789
3 1789 233 1790
3 1789 1790 229
3 229 1790 232
3 233 1792 1791
3 1791 1792 1793
3 1791 1793 234
3 234 1793 1794
3 1792 236 1793
3 1793 236 1795
3 1793 1795 1794
3 1794 1795 235
3 236 239 1796
3 1796 239 1798
3 1796 1798 1797
3 1797 1798 1799
3 1797 1799 237
3 237 1799 238
3 239 115 1800
3 1800 115 1802
3 1800 1802 1801
3 1801 1802 1803
3 1801 1803 240
3 240 1803 117
3 240 1804 238
3 238 1804 1805
3 1804 242 1805
3 1805 242 241
3 242 1808 1806
3 1806 1808 1809
3 1806 1809 1807
3 1807 1809 1810
3 1807 1810 243
3 243 1810 1811
3 1808 245 1809
3 1809 245 1812
3 1809 1812 1810
3 1810 1812 1813
3 1810 1813 1811
3 1811 1813 244
3 245 127 1814
3 1814 127 1816
3 1814 1816 1815
3 1815 1816 1817
3 1815 1817 246
3 246 1817 129
3 246 1818 244
3 244 1818 1819
3 1818 1820 1819
3 1819 1820 1821
3 1820 1822 1821
3 1821 1822 1823
3 1822 1824 1823
3 1823 1824 1825
3 1824 248 1825
3 1825 248 247
3 248 1826 249
3 249 1826 1827
3 1826 251 1827
3 1827 251 250
3 251 254 1828
3 1828 254 1829
3 1828 1829 252
3 252 1829 253
3 254 130 1830
3 1830 130 1831
3 1830 1831 255
3 255 1831 132
3 255 257 253
3 253 257 256
3 257 260 1832
3 1832 260 1834
3 1832 1834 1833
3 1833 1834 1835
3 1833 1835 258
3 258 1835 259
3 260 139 1836
3 1836 139 1837
3 1836 1837 261
3 261 1837 141
3 261 142 259
3 259 142 144
3 258 263 1838
3 1838 263 1840
3 1838 1840 1839
3 1839 1840 1841
3 1839 1841 256
3 256 1841 262
3 263 1842 264
3 264 1842 1843
3 1842 1844 1843
3 1843 1844 1845
3 1844 145 1845
3 1845 145 147
3 264 266 1846
3 1846 266 1848
3 1846 1848 1847
3 1847 1848 1849
3 1847 1849 262
3 262 1849 265
3 266 1850 267
3 267 1850 1851
3 1850 1852 1851
3 1851 1852 1853
3 1852 269 1853
3 1853 269 268
3 269 272 270
3 270 272 271
3 272 275 1854
3 1854 275 1856
3 1854 1856 1855
3 1855 1856 1857
3 1855 1857 273
3 273 1857 274
3 275 278 1858
3 1858 278 1859
3 1858 1859 276
3 276 1859 277
3 278 148 1860
3 1860 148 1861
3 1860 1861 279
3 279 1861 150
3 279 281 1862
3 1862 281 1864
3 1862 1864 1863
3 1863 1864 1865
3 1863 1865 277
3 277 1865 280
3 281 284 1866
3 1866 284 1868
3 1866 1868 1867
3 1867 1868 1869
3 1867 1869 282
3 282 1869 283
3 284 151 285
3 285 151 153
3 285 287 1870
3 1870 287 1872
3 1870 1872 1871
3 1871 1872 1873
3 1871 1873 283
3 283 1873 286
3 287 1876 1874
3 1874 1876 1877
3 1874 1877 1875
3 1875 1877 1878
3 1875 1878 288
3 288 1878 1879
3 1876 1880 1877
3 1877 1880 1881
3 1877 1881 1878
3 1878 1881 1882
3 1878 1882 1879
3 1879 1882 1883
3 1880 1884 1881
3 1881 1884 1885
3 1881 1885 1882
3 1882 1885 1886
3 1882 1886 1883
3 1883 1886 1887
3 1884 290 1885
3 1885 290 1888
3 1885 1888 1886
3 1886 1888 1889
3 1886 1889 1887
3 1887 1889 289
3 290 293 1890
3 1890 293 1892
3 1890 1892 1891
3 1891 1892 1893
3 1891 1893 291
3 291 1893 292
3 293 296 1894
3 1894 296 1896
3 1894 1896 1895
3 1895 1896 1897
3 1895 1897 294
3 294 1897 295
3 296 299 1898
3 1898 299 1899
3 1898 1899 297
3 297 1899 298
3 299 302 1900
3 1900 302 1902
3 1900 1902 1901
3 1901 1902 1903
3 1901 1903 300
3 300 1903 301
3 302 305 1904
3 1904 305 1906
3 1904 1906 1905
3 1905 1906 1907
3 1905 1907 303
3 303 1907 304
3 305 1910 1908
3 1908 1910 1911
3 1908 1911 1909
3 1909 1911 1912
3 1909 1912 306
3 306 1912 1913
3 1910 172 1911
3 1911 172 1914
3 1911 1914 1912
3 1912 1914 1915
3 1912 1915 1913
3 1913 1915 174
3 306 1916 304
3 304 1916 1917
3 1916 175 1917
3 1917 175 177
3 303 308 301
3 301 308 307
3 308 311 309
3 309 311 310
3 311 314 312
3 312 314 313
3 314 317 1918
3 1918 317 1919
3 1918 1919 315
3 315 1919 316
3 317 181 318
3 318 181 183
3 318 184 1920
3 1920 184 1921
3 1920 1921 316
3 316 1921 186
3 315 320 1922
3 1922 320 1924
3 1922 1924 1923
3 1923 1924 1925
3 1923 1925 313
3 313 1925 319
3 320 323 1926
3 1926 323 1928
3 1926 1928 1927
3 1927 1928 1929
3 1927 1929 321
3 321 1929 322
3 323 326 1930
3 1930 326 1932
3 1930 1932 1931
3 1931 1932 1933
3 1931 1933 324
3 324 1933 325
3 326 329 1934
3 1934 329 1935
3 1934 1935 327
3 327 1935 328
3 329 1936 330
3 330 1936 1937
3 1936 1938 1937
3 1937 1938 1939
3 1938 1940 1939
3 1939 1940 1941
3 1940 187 1941
3 1941 187 189
3 330 205 1942
3 1942 205 1943
3 1942 1943 328
3 328 1943 207
3 327 332 1944
3 1944 332 1945
3 1944 1945 325
3 325 1945 331
3 332 208 1946
3 1946 208 1949
3 1946 1949 1947
3 1947 1949 1950
3 1947 1950 1948
3 1948 1950 1951
3 1948 1951 333
3 333 1951 210
3 333 335 1952
3 1952 335 1953
3 1952 1953 331
3 331 1953 334
3 335 338 1954
3 1954 338 1955
3 1954 1955 336
3 336 1955 337
3 338 341 1956
3 1956 341 1958
3 1956 1958 1957
3 1957 1958 1959
3 1957 1959 339
3 339 1959 340
3 341 1961 1960
3 1960 1961 1962
3 1960 1962 342
3 342 1962 1963
3 1961 344 1962
3 1962 344 1964
3 1962 1964 1963
3 1963 1964 343
3 344 347 1965
3 1965 347 1966
3 1965 1966 345
3 345 1966 346
3 347 1967 348
3 348 1967 1968
3 1967 1969 1968
3 1968 1969 1970
3 1969 214 1970
3 1970 214 216
3 348 1972 1971
3 1971 1972 1973
3 1971 1973 346
3 346 1973 1974
3 1972 350 1973
3 1973 350 1975
3 1973 1975 1974
3 1974 1975 349
3 350 353 1976
3 1976 353 1977
3 1976 1977 351
3 351 1977 352
3 353 356 354
3 354 356 355
3 356 359 357
3 357 359 358
3 359 1978 360
3 360 1978 1979
3 1978 1980 1979
3 1979 1980 1981
3 1980 1982 1981
3 1981 1982 1983
3 1982 217 1983
3 1983 217 219
3 360 1984 358
3 358 1984 1985
3 1984 362 1985
3 1985 362 361
3 362 365 363
3 363 365 364
3 365 1987 1986
3 1986 1987 1988
3 1986 1988 366
3 366 1988 1989
3 1987 368 1988
3 1988 368 1990
3 1988 1990 1989
3 1989 1990 367
3 368 223 1991
3 1991 223 1993
3 1991 1993 1992
3 1992 1993 1994
3 1992 1994 369
3 369 1994 225
3 369 371 1995
3 1995 371 1997
3 1995 1997 1996
3 1996 1997 1998
3 1996 1998 367
3 367 1998 370
3 371 226 372
3 372 226 228
3 372 374 1999
3 1999 374 2001
3 1999 2001 2000
3 2000 2001 2002
3 2000 2002 370
3 370 2002 373
3 374 2004 2003
3 2003 2004 2005
3 2003 2005 375
3 375 2005 2006
3 2004 377 2005
3 2005 377 2007
3 2005 2007 2006
3 2006 2007 376
3 377 380 378
3 378 380 379
3 384 381 383
3 380 385 382
3 385 388 2008
3 2008 388 2010
3 2008 2010 2009
3 2009 2010 2011
3 2009 2011 386
3 386 2011 387
3 388 2012 389
3 389 2012 2013
3 2012 2014 2013
3 2013 2014 2015
3 2014 2016 2015
3 2015 2016 2017
3 2016 232 2017
3 2017 232 234
3 389 391 2018
3 2018 391 2020
3 2018 2020 2019
3 2019 2020 2021
3 2019 2021 387
3 387 2021 390
3 391 235 2022
3 2022 235 2024
3 2022 2024 2023
3 2023 2024 2025
3 2023 2025 392
3 392 2025 237
3 392 2026 390
3 390 2026 2027
3 2026 394 2027
3 2027 394 393
3 394 241 2028
3 2028 241 2029
3 2028 2029 395
3 395 2029 243
3 395 397 2030
3 2030 397 2031
3 2030 2031 393
3 393 2031 396
3 397 400 398
3 398 400 399
3 400 403 2032
3 2032 403 2033
3 2032 2033 401
3 401 2033 402
3 403 2035 2034
3 2034 2035 2036
3 2034 2036 404
3 404 2036 2037
3 2035 2038 2036
3 2036 2038 2039
3 2036 2039 2037
3 2037 2039 2040
3 2038 406 2039
3 2039 406 2041
3 2039 2041 2040
3 2040 2041 405
3 406 409 2042
3 2042 409 2043
3 2042 2043 407
3 407 2043 408
3 409 2046 2044
3 2044 2046 2047
3 2044 2047 2045
3 2045 2047 2048
3 2045 2048 410
3 410 2048 2049
3 2046 412 2047
3 2047 412 2050
3 2047 2050 2048
3 2048 2050 2051
3 2048 2051 2049
3 2049 2051 411
3 412 415 2052
3 2052 415 2053
3 2052 2053 413
3 413 2053 414
3 415 418 416
3 416 418 417
3 418 247 419
3 419 247 249
3 419 2054 417
3 417 2054 2055
3 2054 421 2055
3 2055 421 420
3 421 424 2056
3 2056 424 2057
3 2056 2057 422
3 422 2057 423
3 424 2058 425
3 425 2058 2059
3 2058 2060 2059
3 2059 2060 2061
3 2060 250 2061
3 2061 250 252
3 425 427 423
3 423 427 426
3 427 430 428
3 428 430 429
3 430 433 2062
3 2062 433 2064
3 2062 2064 2063
3 2063 2064 2065
3 2063 2065 431
3 431 2065 432
3 433 265 2066
3 2066 265 2068
3 2066 2068 2067
3 2067 2068 2069
3 2067 2069 434
3 434 2069 267
3 434 2070 432
3 432 2070 2071
3 2070 2072 2071
3 2071 2072 2073
3 2072 436 2073
3 2073 436 435
3 436 439 2074
3 2074 439 2075
3 2074 2075 437
3 437 2075 438
3 439 442 2076
3 2076 442 2077
3 2076 2077 440
3 440 2077 441
3 442 2078 443
3 443 2078 2079
3 2078 445 2079
3 2079 445 444
3 445 2080 446
3 446 2080 2081
3 2080 2082 2081
3 2081 2082 2083
3 2082 268 2083
3 2083 268 270
3 446 2084 444
3 444 2084 2085
3 2084 448 2085
3 2085 448 447
3 448 2087 2086
3 2086 2087 2088
3 2086 2088 449
3 449 2088 2089
3 2087 271 2088
3 2088 271 2090
3 2088 2090 2089
3 2089 2090 273
3 449 451 447
3 447 451 450
3 451 454 452
3 452 454 453
3 454 457 455
3 455 457 456
3 457 2091 458
3 458 2091 2092
3 2091 2093 2092
3 2092 2093 2094
3 2093 2095 2094
3 2094 2095 2096
3 2095 2097 2096
3 2096 2097 2098
3 2097 2099 2098
3 2098 2099 2100
3 2099 286 2100
3 2100 286 288
3 458 2101 456
3 456 2101 2102
3 2101 2103 2102
3 2102 2103 2104
3 2103 2105 2104
3 2104 2105 2106
3 2105 2107 2106
3 2106 2107 2108
3 2107 460 2108
3 2108 460 459
3 460 2109 461
3 461 2109 2110
3 2109 463 2110
3 2110 463 462
3 463 2111 464
3 464 2111 2112
3 2111 2113 2112
3 2112 2113 2114
3 2113 2115 2114
3 2114 2115 2116
3 2115 2117 2116
3 2116 2117 2118
3 2117 466 2118
3 2118 466 465
3 466 289 467
3 467 289 291
3 467 469 465
3 465 469 468
3 469 472 470
3 470 472 471
3 472 475 2119
3 2119 475 2120
3 2119 2120 473
3 473 2120 474
3 475 292 2121
3 2121 292 2122
3 2121 2122 476
3 476 2122 294
3 476 2123 474
3 474 2123 2124
3 2123 478 2124
3 2124 478 477
3 478 481 2125
3 2125 481 2127
3 2125 2127 2126
3 2126 2127 2128
3 2126 2128 479
3 479 2128 480
3 481 295 2129
3 2129 295 2131
3 2129 2131 2130
3 2130 2131 2132
3 2130 2132 482
3 482 2132 297
3 482 484 2133
3 2133 484 2134
3 2133 2134 480
3 480 2134 483
3 484 487 2135
3 2135 487 2136
3 2135 2136 485
3 485 2136 486
3 487 298 488
3 488 298 300
3 488 307 486
3 486 307 309
3 485 490 2137
3 2137 490 2138
3 2137 2138 483
3 483 2138 489
3 490 493 2139
3 2139 493 2140
3 2139 2140 491
3 491 2140 492
3 493 2141 494
3 494 2141 2142
3 2141 310 2142
3 2142 310 312
3 494 496 2143
3 2143 496 2144
3 2143 2144 492
3 492 2144 495
3 496 2145 497
3 497 2145 2146
3 2145 499 2146
3 2146 499 498
3 499 319 500
3 500 319 321
3 500 502 498
3 498 502 501
3 502 322 2147
3 2147 322 2149
3 2147 2149 2148
3 2148 2149 2150
3 2148 2150 503
3 503 2150 324
3 503 505 2151
3 2151 505 2153
3 2151 2153 2152
3 2152 2153 2154
3 2152 2154 501
3 501 2154 504
3 505 508 506
3 506 508 507
3 508 334 2155
3 2155 334 2158
3 2155 2158 2156
3 2156 2158 2159
3 2156 2159 2157
3 2157 2159 2160
3 2157 2160 509
3 509 2160 336
3 509 511 2161
3 2161 511 2163
3 2161 2163 2162
3 2162 2163 2164
3 2162 2164 507
3 507 2164 510
3 511 514 2165
3 2165 514 2167
3 2165 2167 2166
3 2166 2167 2168
3 2166 2168 512
3 512 2168 513
3 514 517 515
3 515 517 516
3 517 337 2169
3 2169 337 2170
3 2169 2170 518
3 518 2170 339
3 518 520 516
3 516 520 519
3 520 523 2171
3 2171 523 2172
3 2171 2172 521
3 521 2172 522
3 523 2173 524
3 524 2173 2174
3 2173 2175 2174
3 2174 2175 2176
3 2175 2177 2176
3 2176 2177 2178
3 2177 2179 2178
3 2178 2179 2180
3 2179 526 2180
3 2180 526 525
3 526 529 2181
3 2181 529 2182
3 2181 2182 527
3 527 2182 528
3 529 2183 530
3 530 2183 2184
3 2183 2185 2184
3 2184 2185 2186
3 2185 340 2186
3 2186 340 342
3 530 2188 2187
3 2187 2188 2189
3 2187 2189 528
3 528 2189 2190
3 2188 2191 2189
3 2189 2191 2192
3 2189 2192 2190
3 2190 2192 2193
3 2191 532 2192
3 2192 532 2194
3 2192 2194 2193
3 2193 2194 531
3 532 2195 533
3 533 2195 2196
3 2195 535 2196
3 2196 535 534
3 535 352 2197
3 2197 352 2198
3 2197 2198 536
3 536 2198 354
3 536 538 2199
3 2199 538 2200
3 2199 2200 534
3 534 2200 537
3 538 541 2201
3 2201 541 2202
3 2201 2202 539
3 539 2202 540
3 541 544 2203
3 2203 544 2205
3 2203 2205 2204
3 2204 2205 2206
3 2204 2206 542
3 542 2206 543
3 544 2207 545
3 545 2207 2208
3 2207 2209 2208
3 2208 2209 2210
3 2209 547 2210
3 2210 547 546
3 547 355 548
3 548 355 357
3 548 2211 546
3 546 2211 2212
3 2211 2213 2212
3 2212 2213 2214
3 2213 550 2214
3 2214 550 549
3 550 2215 551
3 551 2215 2216
3 2215 2217 2216
3 2216 2217 2218
3 2217 2219 2218
3 2218 2219 2220
3 2219 361 2220
3 2220 361 363
3 551 553 549
3 549 553 552
3 553 2221 554
3 554 2221 2222
3 2221 2223 2222
3 2222 2223 2224
3 2223 2225 2224
3 2224 2225 2226
3 2225 556 2226
3 2226 556 555
3 556 559 2227
3 2227 559 2228
3 2227 2228 557
3 557 2228 558
3 559 2229 560
3 560 2229 2230
3 2229 2231 2230
3 2230 2231 2232
3 2231 2233 2232
3 2232 2233 2234
3 2233 364 2234
3 2234 364 366
3 560 373 2235
3 2235 373 2237
3 2235 2237 2236
3 2236 2237 2238
3 2236 2238 558
3 558 2238 375
3 557 562 2239
3 2239 562 2241
3 2239 2241 2240
3 2240 2241 2242
3 2240 2242 555
3 555 2242 561
3 562 565 563
3 563 565 564
3 565 568 566
3 566 568 567
3 569 2243 572
3 572 2243 2244
3 2244 2243 571
3 568 573 2245
3 2245 573 2246
3 2245 2246 570
3 573 576 2247
3 2247 576 2249
3 2247 2249 2248
3 2248 2249 2250
3 2248 2250 574
3 574 2250 575
3 576 579 2251
3 2251 579 2253
3 2251 2253 2252
3 2252 2253 2254
3 2252 2254 577
3 577 2254 578
3 579 376 580
3 580 376 378
3 580 582 2255
3 2255 582 2257
3 2255 2257 2256
3 2256 2257 2258
3 2256 2258 578
3 578 2258 581
3 381 583 585
3 582 379 584
3 583 587 2259
3 2259 587 2261
3 2259 2261 2260
3 2260 2261 2262
3 2260 2262 581
3 581 2262 586
3 587 2263 588
3 588 2263 2264
3 2263 590 2264
3 2264 590 589
3 590 593 591
3 591 593 592
3 593 384 2265
3 2265 384 2268
3 2265 2268 2266
3 2266 2268 2269
3 2266 2269 2267
3 2267 2269 2270
3 2267 2270 594
3 594 2270 386
3 594 396 2271
3 2271 396 2273
3 2271 2273 2272
3 2272 2273 2274
3 2272 2274 592
3 592 2274 398
3 591 596 589
3 589 596 595
3 596 599 2275
3 2275 599 2276
3 2275 2276 597
3 597 2276 598
3 599 399 600
3 600 399 401
3 600 602 2277
3 2277 602 2279
3 2277 2279 2278
3 2278 2279 2280
3 2278 2280 598
3 598 2280 601
3 602 2282 2281
3 2281 2282 2283
3 2281 2283 603
3 603 2283 2284
3 2282 408 2283
3 2283 408 2285
3 2283 2285 2284
3 2284 2285 410
3 603 605 2286
3 2286 605 2287
3 2286 2287 601
3 601 2287 604
3 605 608 2288
3 2288 608 2291
3 2288 2291 2289
3 2289 2291 2292
3 2289 2292 2290
3 2290 2292 2293
3 2290 2293 606
3 606 2293 607
3 608 611 2294
3 2294 611 2296
3 2294 2296 2295
3 2295 2296 2297
3 2295 2297 609
3 609 2297 610
3 611 2298 612
3 612 2298 2299
3 2298 2300 2299
3 2299 2300 2301
3 2300 2302 2301
3 2301 2302 2303
3 2302 614 2303
3 2303 614 613
3 614 411 615
3 615 411 413
3 615 617 613
3 613 617 616
3 617 620 2304
3 2304 620 2306
3 2304 2306 2305
3 2305 2306 2307
3 2305 2307 618
3 618 2307 619
3 620 623 2308
3 2308 623 2310
3 2308 2310 2309
3 2309 2310 2311
3 2309 2311 621
3 621 2311 622
3 623 414 2312
3 2312 414 2313
3 2312 2313 624
3 624 2313 416
3 624 626 2314
3 2314 626 2317
3 2314 2317 2315
3 2315 2317 2318
3 2315 2318 2316
3 2316 2318 2319
3 2316 2319 622
3 622 2319 625
3 626 629 2320
3 2320 629 2323
3 2320 2323 2321
3 2321 2323 2324
3 2321 2324 2322
3 2322 2324 2325
3 2322 2325 627
3 627 2325 628
3 629 632 2326
3 2326 632 2329
3 2326 2329 2327
3 2327 2329 2330
3 2327 2330 2328
3 2328 2330 2331
3 2328 2331 630
3 630 2331 631
3 632 420 633
3 633 420 422
3 633 2333 2332
3 2332 2333 2334
3 2332 2334 631
3 631 2334 2335
3 2333 635 2334
3 2334 635 2336
3 2334 2336 2335
3 2335 2336 634
3 635 638 2337
3 2337 638 2338
3 2337 2338 636
3 636 2338 637
3 638 641 639
3 639 641 640
3 641 644 2339
3 2339 644 2342
3 2339 2342 2340
3 2340 2342 2343
3 2340 2343 2341
3 2341 2343 2344
3 2341 2344 642
3 642 2344 643
3 644 426 645
3 645 426 428
3 645 429 2345
3 2345 429 2347
3 2345 2347 2346
3 2346 2347 2348
3 2346 2348 643
3 643 2348 431
3 642 647 2349
3 2349 647 2353
3 2349 2353 2350
3 2350 2353 2354
3 2350 2354 2351
3 2351 2354 2355
3 2351 2355 2352
3 2352 2355 2356
3 2352 2356 640
3 640 2356 646
3 647 650 2357
3 2357 650 2360
3 2357 2360 2358
3 2358 2360 2361
3 2358 2361 2359
3 2359 2361 2362
3 2359 2362 648
3 648 2362 649
3 650 435 2363
3 2363 435 2364
3 2363 2364 651
3 651 2364 437
3 651 2368 2365
3 2365 2368 2369
3 2365 2369 2366
3 2366 2369 2370
3 2366 2370 2367
3 2367 2370 2371
3 2367 2371 649
3 649 2371 2372
3 2368 653 2369
3 2369 653 2373
3 2369 2373 2370
3 2370 2373 2374
3 2370 2374 2371
3 2371 2374 2375
3 2371 2375 2372
3 2372 2375 652
3 653 656 2376
3 2376 656 2379
3 2376 2379 2377
3 2377 2379 2380
3 2377 2380 2378
3 2378 2380 2381
3 2378 2381 654
3 654 2381 655
3 656 659 657
3 657 659 658
3 659 662 2382
3 2382 662 2384
3 2382 2384 2383
3 2383 2384 2385
3 2383 2385 660
3 660 2385 661
3 662 665 663
3 663 665 664
3 665 668 2386
3 2386 668 2387
3 2386 2387 666
3 666 2387 667
3 668 2388 669
3 669 2388 2389
3 2388 2390 2389
3 2389 2390 2391
3 2390 2392 2391
3 2391 2392 2393
3 2392 2394 2393
3 2393 2394 2395
3 2394 438 2395
3 2395 438 440
3 669 2397 2396
3 2396 2397 2398
3 2396 2398 667
3 667 2398 2399
3 2397 2400 2398
3 2398 2400 2401
3 2398 2401 2399
3 2399 2401 2402
3 2400 671 2401
3 2401 671 2403
3 2401 2403 2402
3 2402 2403 670
3 671 674 2404
3 2404 674 2405
3 2404 2405 672
3 672 2405 673
3 674 441 2406
3 2406 441 2407
3 2406 2407 675
3 675 2407 443
3 675 677 673
3 673 677 676
3 677 2408 678
3 678 2408 2409
3 2408 450 2409
3 2409 450 452
3 678 680 676
3 676 680 679
3 680 2410 681
3 681 2410 2411
3 2410 2412 2411
3 2411 2412 2413
3 2412 683 2413
3 2413 683 682
3 683 686 684
3 684 686 685
3 686 2414 687
3 687 2414 2415
3 2414 689 2415
3 2415 689 688
3 689 453 690
3 690 453 455
3 690 2416 688
3 688 2416 2417
3 2416 692 2417
3 2417 692 691
3 692 695 693
3 693 695 694
3 695 2418 696
3 696 2418 2419
3 2418 2420 2419
3 2419 2420 2421
3 2420 2422 2421
3 2421 2422 2423
3 2422 2424 2423
3 2423 2424 2425
3 2424 459 2425
3 2425 459 461
3 696 2427 2426
3 2426 2427 2428
3 2426 2428 694
3 694 2428 2429
3 2427 698 2428
3 2428 698 2430
3 2428 2430 2429
3 2429 2430 697
3 698 2431 699
3 699 2431 2432
3 2431 2433 2432
3 2432 2433 2434
3 2433 2435 2434
3 2434 2435 2436
3 2435 2437 2436
3 2436 2437 2438
3 2437 462 2438
3 2438 462 464
3 699 701 697
3 697 701 700
3 701 2439 702
3 702 2439 2440
3 2439 704 2440
3 2440 704 703
3 704 468 705
3 705 468 470
3 705 2441 703
3 703 2441 2442
3 2441 707 2442
3 2442 707 706
3 707 710 708
3 708 710 709
3 710 2443 711
3 711 2443 2444
3 2443 713 2444
3 2444 713 712
3 713 2446 2445
3 2445 2446 2447
3 2445 2447 714
3 714 2447 2448
3 2446 716 2447
3 2447 716 2449
3 2447 2449 2448
3 2448 2449 715
3 716 471 2450
3 2450 471 2451
3 2450 2451 717
3 717 2451 473
3 717 719 715
3 715 719 718
3 719 2452 720
3 720 2452 2453
3 2452 722 2453
3 2453 722 721
3 722 725 723
3 723 725 724
3 725 2456 2454
3 2454 2456 2457
3 2454 2457 2455
3 2455 2457 2458
3 2455 2458 726
3 726 2458 2459
3 2456 477 2457
3 2457 477 2460
3 2457 2460 2458
3 2458 2460 2461
3 2458 2461 2459
3 2459 2461 479
3 726 728 2462
3 2462 728 2463
3 2462 2463 724
3 724 2463 727
3 728 2464 729
3 729 2464 2465
3 2464 489 2465
3 2465 489 491
3 729 661 2466
3 2466 661 2467
3 2466 2467 727
3 727 2467 663
3 723 664 2468
3 2468 664 2469
3 2468 2469 721
3 721 2469 666
3 720 2470 718
3 718 2470 2471
3 2470 2472 2471
3 2471 2472 2473
3 2472 2474 2473
3 2473 2474 2475
3 2474 731 2475
3 2475 731 730
3 731 734 2476
3 2476 734 2477
3 2476 2477 732
3 732 2477 733
3 734 670 2478
3 2478 670 2479
3 2478 2479 735
3 735 2479 672
3 735 2481 2480
3 2480 2481 2482
3 2480 2482 733
3 733 2482 2483
3 2481 679 2482
3 2482 679 2484
3 2482 2484 2483
3 2483 2484 681
3 732 2486 2485
3 2485 2486 2487
3 2485 2487 730
3 730 2487 2488
3 2486 712 2487
3 2487 712 2489
3 2487 2489 2488
3 2488 2489 714
3 711 682 2490
3 2490 682 2491
3 2490 2491 709
3 709 2491 684
3 708 700 706
3 706 700 702
3 693 685 691
3 691 685 687
3 660 737 2492
3 2492 737 2493
3 2492 2493 658
3 658 2493 736
3 737 740 2494
3 2494 740 2497
3 2494 2497 2495
3 2495 2497 2498
3 2495 2498 2496
3 2496 2498 2499
3 2496 2499 738
3 738 2499 739
3 740 743 741
3 741 743 742
3 747 744 746
3 743 748 745
3 748 751 2500
3 2500 751 2502
3 2500 2502 2501
3 2501 2502 2503
3 2501 2503 749
3 749 2503 750
3 751 754 2504
3 2504 754 2505
3 2504 2505 752
3 752 2505 753
3 754 495 755
3 755 495 497
3 755 757 753
3 753 757 756
3 757 504 2506
3 2506 504 2508
3 2506 2508 2507
3 2507 2508 2509
3 2507 2509 758
3 758 2509 506
3 758 760 2510
3 2510 760 2512
3 2510 2512 2511
3 2511 2512 2513
3 2511 2513 756
3 756 2513 759
3 760 763 2514
3 2514 763 2516
3 2514 2516 2515
3 2515 2516 2517
3 2515 2517 761
3 761 2517 762
3 763 510 764
3 764 510 512
3 764 766 2518
3 2518 766 2519
3 2518 2519 762
3 762 2519 765
3 766 513 2520
3 2520 513 2522
3 2520 2522 2521
3 2521 2522 2523
3 2521 2523 767
3 767 2523 515
3 767 769 2524
3 2524 769 2526
3 2524 2526 2525
3 2525 2526 2527
3 2525 2527 765
3 765 2527 768
3 769 772 770
3 770 772 771
3 772 519 773
3 773 519 521
3 773 775 771
3 771 775 774
3 775 778 2528
3 2528 778 2530
3 2528 2530 2529
3 2529 2530 2531
3 2529 2531 776
3 776 2531 777
3 778 781 779
3 779 781 780
3 781 2532 782
3 782 2532 2533
3 2532 784 2533
3 2533 784 783
3 784 522 2534
3 2534 522 2535
3 2534 2535 785
3 785 2535 524
3 785 2537 2536
3 2536 2537 2538
3 2536 2538 783
3 783 2538 2539
3 2537 787 2538
3 2538 787 2540
3 2538 2540 2539
3 2539 2540 786
3 787 2542 2541
3 2541 2542 2543
3 2541 2543 788
3 788 2543 2544
3 2542 790 2543
3 2543 790 2545
3 2543 2545 2544
3 2544 2545 789
3 790 525 2546
3 2546 525 2547
3 2546 2547 791
3 791 2547 527
3 791 2548 789
3 789 2548 2549
3 2548 2550 2549
3 2549 2550 2551
3 2550 2552 2551
3 2551 2552 2553
3 2552 793 2553
3 2553 793 792
3 793 2554 794
3 794 2554 2555
3 2554 2556 2555
3 2555 2556 2557
3 2556 531 2557
3 2557 531 533
3 794 796 792
3 792 796 795
3 796 799 797
3 797 799 798
3 799 802 2558
3 2558 802 2560
3 2558 2560 2559
3 2559 2560 2561
3 2559 2561 800
3 800 2561 801
3 802 2562 803
3 803 2562 2563
3 2562 537 2563
3 2563 537 539
3 803 805 2564
3 2564 805 2566
3 2564 2566 2565
3 2565 2566 2567
3 2565 2567 801
3 801 2567 804
3 805 808 2568
3 2568 808 2569
3 2568 2569 806
3 806 2569 807
3 808 540 2570
3 2570 540 2573
3 2570 2573 2571
3 2571 2573 2574
3 2571 2574 2572
3 2572 2574 2575
3 2572 2575 809
3 809 2575 542
3 809 811 2576
3 2576 811 2577
3 2576 2577 807
3 807 2577 810
3 811 2578 812
3 812 2578 2579
3 2578 814 2579
3 2579 814 813
3 814 817 2580
3 2580 817 2581
3 2580 2581 815
3 815 2581 816
3 817 820 818
3 818 820 819
3 820 823 2582
3 2582 823 2585
3 2582 2585 2583
3 2583 2585 2586
3 2583 2586 2584
3 2584 2586 2587
3 2584 2587 821
3 821 2587 822
3 823 826 2588
3 2588 826 2590
3 2588 2590 2589
3 2589 2590 2591
3 2589 2591 824
3 824 2591 825
3 827 2592 830
3 830 2592 2593
3 2593 2592 829
3 826 831 2594
3 2594 831 2595
3 2594 2595 828
3 831 834 2596
3 2596 834 2599
3 2596 2599 2597
3 2597 2599 2600
3 2597 2600 2598
3 2598 2600 2601
3 2598 2601 832
3 832 2601 833
3 838 835 837
3 834 839 836
3 839 842 2602
3 2602 842 2604
3 2602 2604 2603
3 2603 2604 2605
3 2603 2605 840
3 840 2605 841
3 842 845 2606
3 2606 845 2608
3 2606 2608 2607
3 2607 2608 2609
3 2607 2609 843
3 843 2609 844
3 845 2612 2610
3 2610 2612 2613
3 2610 2613 2611
3 2611 2613 2614
3 2611 2614 846
3 846 2614 2615
3 2612 543 2613
3 2613 543 2616
3 2613 2616 2614
3 2614 2616 2617
3 2614 2617 2615
3 2615 2617 545
3 846 848 844
3 844 848 847
3 848 552 2618
3 2618 552 2619
3 2618 2619 849
3 849 2619 554
3 849 851 2620
3 2620 851 2621
3 2620 2621 847
3 847 2621 850
3 851 2624 2622
3 2622 2624 2625
3 2622 2625 2623
3 2623 2625 2626
3 2623 2626 852
3 852 2626 2627
3 2624 854 2625
3 2625 854 2628
3 2625 2628 2626
3 2626 2628 2629
3 2626 2629 2627
3 2627 2629 853
3 854 561 2630
3 2630 561 2632
3 2630 2632 2631
3 2631 2632 2633
3 2631 2633 855
3 855 2633 563
3 855 564 853
3 853 564 566
3 852 857 2634
3 2634 857 2636
3 2634 2636 2635
3 2635 2636 2637
3 2635 2637 850
3 850 2637 856
3 857 2640 2638
3 2638 2640 2641
3 2638 2641 2639
3 2639 2641 2642
3 2639 2642 858
3 858 2642 2643
3 2640 860 2641
3 2641 860 2644
3 2641 2644 2642
3 2642 2644 2645
3 2642 2645 2643
3 2643 2645 859
3 860 863 861
3 861 863 862
3 863 567 2646
3 2646 567 2649
3 2646 2649 2647
3 2647 2649 2650
3 2647 2650 2648
3 2648 2650 2651
3 2648 2651 864
3 864 2651 569
3 864 866 2652
3 2652 866 2654
3 2652 2654 2653
3 2653 2654 2655
3 2653 2655 862
3 862 2655 865
3 866 869 867
3 867 869 868
3 869 872 2656
3 2656 872 2657
3 2656 2657 870
3 870 2657 871
3 872 875 873
3 873 875 874
3 875 878 2658
3 2658 878 2660
3 2658 2660 2659
3 2659 2660 2661
3 2659 2661 876
3 876 2661 877
3 878 881 2662
3 2662 881 2664
3 2662 2664 2663
3 2663 2664 2665
3 2663 2665 879
3 879 2665 880
3 881 884 2666
3 2666 884 2668
3 2666 2668 2667
3 2667 2668 2669
3 2667 2669 882
3 882 2669 883
3 884 887 2670
3 2670 887 2672
3 2670 2672 2671
3 2671 2672 2673
3 2671 2673 885
3 885 2673 886
3 887 890 2674
3 2674 890 2677
3 2674 2677 2675
3 2675 2677 2678
3 2675 2678 2676
3 2676 2678 2679
3 2676 2679 888
3 888 2679 889
3 890 572 2680
3 2680 572 2682
3 2680 2682 2681
3 2681 2682 2683
3 2681 2683 891
3 891 2683 574
3 891 893 2684
3 2684 893 2686
3 2684 2686 2685
3 2685 2686 2687
3 2685 2687 889
3 889 2687 892
3 893 575 2688
3 2688 575 2689
3 2688 2689 894
3 894 2689 577
3 894 586 2690
3 2690 586 2693
3 2690 2693 2691
3 2691 2693 2694
3 2691 2694 2692
3 2692 2694 2695
3 2692 2695 892
3 892 2695 588
3 888 896 2696
3 2696 896 2697
3 2696 2697 886
3 886 2697 895
3 896 899 2698
3 2698 899 2700
3 2698 2700 2699
3 2699 2700 2701
3 2699 2701 897
3 897 2701 898
3 899 595 2702
3 2702 595 2703
3 2702 2703 900
3 900 2703 597
3 900 902 2704
3 2704 902 2705
3 2704 2705 898
3 898 2705 901
3 902 2707 2706
3 2706 2707 2708
3 2706 2708 903
3 903 2708 2709
3 2707 604 2708
3 2708 604 2710
3 2708 2710 2709
3 2709 2710 606
3 903 905 2711
3 2711 905 2712
3 2711 2712 901
3 901 2712 904
3 905 2714 2713
3 2713 2714 2715
3 2713 2715 906
3 906 2715 2716
3 2714 2717 2715
3 2715 2717 2718
3 2715 2718 2716
3 2716 2718 2719
3 2717 908 2718
3 2718 908 2720
3 2718 2720 2719
3 2719 2720 907
3 908 911 2721
3 2721 911 2722
3 2721 2722 909
3 909 2722 910
3 911 914 2723
3 2723 914 2726
3 2723 2726 2724
3 2724 2726 2727
3 2724 2727 2725
3 2725 2727 2728
3 2725 2728 912
3 912 2728 913
3 914 2731 2729
3 2729 2731 2732
3 2729 2732 2730
3 2730 2732 2733
3 2730 2733 915
3 915 2733 2734
3 2731 917 2732
3 2732 917 2735
3 2732 2735 2733
3 2733 2735 2736
3 2733 2736 2734
3 2734 2736 916
3 917 920 918
3 918 920 919
3 920 923 2737
3 2737 923 2738
3 2737 2738 921
3 921 2738 922
3 923 2739 924
3 924 2739 2740
3 2739 607 2740
3 2740 607 609
3 924 926 922
3 922 926 925
3 926 610 2741
3 2741 610 2743
3 2741 2743 2742
3 2742 2743 2744
3 2742 2744 927
3 927 2744 612
3 927 929 2745
3 2745 929 2747
3 2745 2747 2746
3 2746 2747 2748
3 2746 2748 925
3 925 2748 928
3 929 2750 2749
3 2749 2750 2751
3 2749 2751 930
3 930 2751 2752
3 2750 932 2751
3 2751 932 2753
3 2751 2753 2752
3 2752 2753 931
3 932 2755 2754
3 2754 2755 2756
3 2754 2756 933
3 933 2756 2757
3 2755 616 2756
3 2756 616 2758
3 2756 2758 2757
3 2757 2758 618
3 933 2759 931
3 931 2759 2760
3 2759 2761 2760
3 2760 2761 2762
3 2761 2763 2762
3 2762 2763 2764
3 2763 935 2764
3 2764 935 934
3 935 938 2765
3 2765 938 2767
3 2765 2767 2766
3 2766 2767 2768
3 2766 2768 936
3 936 2768 937
3 938 2771 2769
3 2769 2771 2772
3 2769 2772 2770
3 2770 2772 2773
3 2770 2773 939
3 939 2773 2774
3 2771 941 2772
3 2772 941 2775
3 2772 2775 2773
3 2773 2775 2776
3 2773 2776 2774
3 2774 2776 940
3 941 944 942
3 942 944 943
3 944 947 945
3 945 947 946
3 947 2777 948
3 948 2777 2778
3 2777 2779 2778
3 2778 2779 2780
3 2779 2781 2780
3 2780 2781 2782
3 2781 2783 2782
3 2782 2783 2784
3 2783 2785 2784
3 2784 2785 2786
3 2785 2787 2786
3 2786 2787 2788
3 2787 2789 2788
3 2788 2789 2790
3 2789 950 2790
3 2790 950 949
3 950 953 951
3 951 953 952
3 953 956 954
3 954 956 955
3 956 619 2791
3 2791 619 2792
3 2791 2792 957
3 957 2792 621
3 957 959 2793
3 2793 959 2794
3 2793 2794 955
3 955 2794 958
3 959 962 2795
3 2795 962 2796
3 2795 2796 960
3 960 2796 961
3 962 965 2797
3 2797 965 2798
3 2797 2798 963
3 963 2798 964
3 965 625 2799
3 2799 625 2800
3 2799 2800 966
3 966 2800 627
3 966 628 964
3 964 628 630
3 963 2801 961
3 961 2801 2802
3 2801 2803 2802
3 2802 2803 2804
3 2803 634 2804
3 2804 634 636
3 960 2807 2805
3 2805 2807 2808
3 2805 2808 2806
3 2806 2808 2809
3 2806 2809 958
3 958 2809 2810
3 2807 968 2808
3 2808 968 2811
3 2808 2811 2809
3 2809 2811 2812
3 2809 2812 2810
3 2810 2812 967
3 968 971 969
3 969 971 970
3 971 2814 2813
3 2813 2814 2815
3 2813 2815 972
3 972 2815 2816
3 2814 2817 2815
3 2815 2817 2818
3 2815 2818 2816
3 2816 2818 2819
3 2817 2820 2818
3 2818 2820 2821
3 2818 2821 2819
3 2819 2821 2822
3 2820 2823 2821
3 2821 2823 2824
3 2821 2824 2822
3 2822 2824 2825
3 2823 974 2824
3 2824 974 2826
3 2824 2826 2825
3 2825 2826 973
3 974 977 2827
3 2827 977 2829
3 2827 2829 2828
3 2828 2829 2830
3 2828 2830 975
3 975 2830 976
3 977 637 2831
3 2831 637 2832
3 2831 2832 978
3 978 2832 639
3 978 646 976
3 976 646 648
3 975 980 2833
3 2833 980 2836
3 2833 2836 2834
3 2834 2836 2837
3 2834 2837 2835
3 2835 2837 2838
3 2835 2838 973
3 973 2838 979
3 980 983 2839
3 2839 983 2842
3 2839 2842 2840
3 2840 2842 2843
3 2840 2843 2841
3 2841 2843 2844
3 2841 2844 981
3 981 2844 982
3 983 2847 2845
3 2845 2847 2848
3 2845 2848 2846
3 2846 2848 2849
3 2846 2849 984
3 984 2849 2850
3 2847 986 2848
3 2848 986 2851
3 2848 2851 2849
3 2849 2851 2852
3 2849 2852 2850
3 2850 2852 985
3 986 989 2853
3 2853 989 2855
3 2853 2855 2854
3 2854 2855 2856
3 2854 2856 987
3 987 2856 988
3 989 652 2857
3 2857 652 2858
3 2857 2858 990
3 990 2858 654
3 990 992 2859
3 2859 992 2862
3 2859 2862 2860
3 2860 2862 2863
3 2860 2863 2861
3 2861 2863 2864
3 2861 2864 988
3 988 2864 991
3 992 739 2865
3 2865 739 2867
3 2865 2867 2866
3 2866 2867 2868
3 2866 2868 993
3 993 2868 741
3 744 991 995
3 993 742 994
3 987 2869 985
3 985 2869 2870
3 2869 2871 2870
3 2870 2871 2872
3 2871 997 2872
3 2872 997 996
3 997 1000 2873
3 2873 1000 2875
3 2873 2875 2874
3 2874 2875 2876
3 2874 2876 998
3 998 2876 999
3 1000 747 2877
3 2877 747 2879
3 2877 2879 2878
3 2878 2879 2880
3 2878 2880 1001
3 1001 2880 749
3 1001 1003 2881
3 2881 1003 2884
3 2881 2884 2882
3 2882 2884 2885
3 2882 2885 2883
3 2883 2885 2886
3 2883 2886 999
3 999 2886 1002
3 1003 750 2887
3 2887 750 2888
3 2887 2888 1004
3 1004 2888 752
3 761 1002 1006
3 1004 759 1005
3 998 1008 2889
3 2889 1008 2891
3 2889 2891 2890
3 2890 2891 2892
3 2890 2892 996
3 996 2892 1007
3 1008 1011 2893
3 2893 1011 2894
3 2893 2894 1009
3 1009 2894 1010
3 1011 1014 2895
3 2895 1014 2896
3 2895 2896 1012
3 1012 2896 1013
3 1014 1017 2897
3 2897 1017 2899
3 2897 2899 2898
3 2898 2899 2900
3 2898 2900 1015
3 1015 2900 1016
3 1017 1020 2901
3 2901 1020 2902
3 2901 2902 1018
3 1018 2902 1019
3 1020 768 2903
3 2903 768 2905
3 2903 2905 2904
3 2904 2905 2906
3 2904 2906 1021
3 1021 2906 770
3 1021 1023 2907
3 2907 1023 2908
3 2907 2908 1019
3 1019 2908 1022
3 1023 774 2909
3 2909 774 2911
3 2909 2911 2910
3 2910 2911 2912
3 2910 2912 1024
3 1024 2912 776
3 1024 1016 1022
3 1022 1016 1018
3 1015 1026 1013
3 1013 1026 1025
3 1026 1029 2913
3 2913 1029 2914
3 2913 2914 1027
3 1027 2914 1028
3 1029 2915 1030
3 1030 2915 2916
3 2915 2917 2916
3 2916 2917 2918
3 2917 2919 2918
3 2918 2919 2920
3 2919 1032 2920
3 2920 1032 1031
3 1032 1035 2921
3 2921 1035 2922
3 2921 2922 1033
3 1033 2922 1034
3 1035 2924 2923
3 2923 2924 2925
3 2923 2925 1036
3 1036 2925 2926
3 2924 2927 2925
3 2925 2927 2928
3 2925 2928 2926
3 2926 2928 2929
3 2927 777 2928
3 2928 777 2930
3 2928 2930 2929
3 2929 2930 779
3 1036 1038 2931
3 2931 1038 2932
3 2931 2932 1034
3 1034 2932 1037
3 1038 1041 2933
3 2933 1041 2934
3 2933 2934 1039
3 1039 2934 1040
3 1041 2935 1042
3 1042 2935 2936
3 2935 1044 2936
3 2936 1044 1043
3 1044 1047 2937
3 2937 1047 2938
3 2937 2938 1045
3 1045 2938 1046
3 1047 1050 1048
3 1048 1050 1049
3 1050 780 1051
3 1051 780 782
3 1051 1053 1049
3 1049 1053 1052
3 1053 786 2939
3 2939 786 2940
3 2939 2940 1054
3 1054 2940 788
3 1054 1046 2941
3 2941 1046 2942
3 2941 2942 1052
3 1052 2942 1048
3 1045 1056 2943
3 2943 1056 2944
3 2943 2944 1043
3 1043 2944 1055
3 1056 795 2945
3 2945 795 2946
3 2945 2946 1057
3 1057 2946 797
3 1057 1059 1055
3 1055 1059 1058
3 1059 1062 2947
3 2947 1062 2948
3 2947 2948 1060
3 1060 2948 1061
3 1062 798 2949
3 2949 798 2950
3 2949 2950 1063
3 1063 2950 800
3 1063 2951 1061
3 1061 2951 2952
3 2951 813 2952
3 2952 813 815
3 1060 2954 2953
3 2953 2954 2955
3 2953 2955 1058
3 1058 2955 2956
3 2954 1040 2955
3 2955 1040 2957
3 2955 2957 2956
3 2956 2957 1042
3 1039 2959 2958
3 2958 2959 2960
3 2958 2960 1037
3 1037 2960 2961
3 2959 1065 2960
3 2960 1065 2962
3 2960 2962 2961
3 2961 2962 1064
3 1065 2963 1066
3 1066 2963 2964
3 2963 816 2964
3 2964 816 818
3 1066 1068 1064
3 1064 1068 1067
3 1068 819 2965
3 2965 819 2967
3 2965 2967 2966
3 2966 2967 2968
3 2966 2968 1069
3 1069 2968 821
3 1069 1071 2969
3 2969 1071 2970
3 2969 2970 1067
3 1067 2970 1070
3 1071 2971 1072
3 1072 2971 2972
3 2971 1074 2972
3 2972 1074 1073
3 1074 2974 2973
3 2973 2974 2975
3 2973 2975 1075
3 1075 2975 2976
3 2974 1077 2975
3 2975 1077 2977
3 2975 2977 2976
3 2976 2977 1076
3 1077 822 1078
3 1078 822 824
3 1078 825 2978
3 2978 825 2979
3 2978 2979 1076
3 1076 2979 827
3 1075 2981 2980
3 2980 2981 2982
3 2980 2982 1073
3 1073 2982 2983
3 2981 1080 2982
3 2982 1080 2984
3 2982 2984 2983
3 2983 2984 1079
3 1080 1083 2985
3 2985 1083 2988
3 2985 2988 2986
3 2986 2988 2989
3 2986 2989 2987
3 2987 2989 2990
3 2987 2990 1081
3 1081 2990 1082
3 1083 2992 2991
3 2991 2992 2993
3 2991 2993 1084
3 1084 2993 2994
3 2992 1086 2993
3 2993 1086 2995
3 2993 2995 2994
3 2994 2995 1085
3 1086 2996 1087
3 1087 2996 2997
3 2996 1089 2997
3 2997 1089 1088
3 1089 1092 2998
3 2998 1092 2999
3 2998 2999 1090
3 1090 2999 1091
3 1092 830 1093
3 1093 830 832
3 1093 3000 1091
3 1091 3000 3001
3 3000 833 3001
3 3001 833 835
3 1090 1095 1088
3 1088 1095 1094
3 1095 1098 3002
3 3002 1098 3004
3 3002 3004 3003
3 3003 3004 3005
3 3003 3005 1096
3 1096 3005 1097
3 1098 3009 3006
3 3006 3009 3010
3 3006 3010 3007
3 3007 3010 3011
3 3007 3011 3008
3 3008 3011 3012
3 3008 3012 1099
3 1099 3012 3013
3 3009 1101 3010
3 3010 1101 3014
3 3010 3014 3011
3 3011 3014 3015
3 3011 3015 3012
3 3012 3015 3016
3 3012 3016 3013
3 3013 3016 1100
3 1101 1104 3017
3 3017 1104 3020
3 3017 3020 3018
3 3018 3020 3021
3 3018 3021 3019
3 3019 3021 3022
3 3019 3022 1102
3 1102 3022 1103
3 1104 859 3023
3 3023 859 3025
3 3023 3025 3024
3 3024 3025 3026
3 3024 3026 1105
3 1105 3026 861
3 1105 865 3027
3 3027 865 3030
3 3027 3030 3028
3 3028 3030 3031
3 3028 3031 3029
3 3029 3031 3032
3 3029 3032 1103
3 1103 3032 867
3 1102 868 1100
3 1100 868 870
3 1099 1107 3033
3 3033 1107 3034
3 3033 3034 1097
3 1097 3034 1106
3 1107 1110 3035
3 3035 1110 3036
3 3035 3036 1108
3 1108 3036 1109
3 1110 3038 3037
3 3037 3038 3039
3 3037 3039 1111
3 1111 3039 3040
3 3038 1113 3039
3 3039 1113 3041
3 3039 3041 3040
3 3040 3041 1112
3 1113 3042 1114
3 1114 3042 3043
3 3042 871 3043
3 3043 871 873
3 1114 1116 1112
3 1112 1116 1115
3 1116 1119 3044
3 3044 1119 3045
3 3044 3045 1117
3 1117 3045 1118
3 1119 874 3046
3 3046 874 3048
3 3046 3048 3047
3 3047 3048 3049
3 3047 3049 1120
3 1120 3049 876
3 1120 3050 1118
3 1118 3050 3051
3 3050 3052 3051
3 3051 3052 3053
3 3052 1122 3053
3 3053 1122 1121
3 1122 1125 1123
3 1123 1125 1124
3 1125 877 1126
3 1126 877 879
3 1126 880 1124
3 1124 880 882
3 1123 3054 1121
3 1121 3054 3055
3 3054 3056 3055
3 3055 3056 3057
3 3056 3058 3057
3 3057 3058 3059
3 3058 1128 3059
3 3059 1128 1127
3 1128 910 1129
3 1129 910 912
3 1129 3060 1127
3 1127 3060 3061
3 3060 3062 3061
3 3061 3062 3063
3 3062 1131 3063
3 3063 1131 1130
3 1131 3064 1132
3 1132 3064 3065
3 3064 1134 3065
3 3065 1134 1133
3 1134 3067 3066
3 3066 3067 3068
3 3066 3068 1135
3 1135 3068 3069
3 3067 913 3068
3 3068 913 3070
3 3068 3070 3069
3 3069 3070 915
3 1135 1137 1133
3 1133 1137 1136
3 1137 1140 1138
3 1138 1140 1139
3 1140 1143 1141
3 1141 1143 1142
3 1143 3071 1144
3 1144 3071 3072
3 3071 3073 3072
3 3072 3073 3074
3 3073 1146 3074
3 3074 1146 1145
3 1146 1149 3075
3 3075 1149 3076
3 3075 3076 1147
3 1147 3076 1148
3 1149 916 3077
3 3077 916 3078
3 3077 3078 1150
3 1150 3078 918
3 1150 919 1148
3 1148 919 921
3 1147 1152 3079
3 3079 1152 3081
3 3079 3081 3080
3 3080 3081 3082
3 3080 3082 1145
3 1145 3082 1151
3 1152 937 3083
3 3083 937 3085
3 3083 3085 3084
3 3084 3085 3086
3 3084 3086 1153
3 1153 3086 939
3 1153 3090 3087
3 3087 3090 3091
3 3087 3091 3088
3 3088 3091 3092
3 3088 3092 3089
3 3089 3092 3093
3 3089 3093 1151
3 1151 3093 3094
3 3090 1155 3091
3 3091 1155 3095
3 3091 3095 3092
3 3092 3095 3096
3 3092 3096 3093
3 3093 3096 3097
3 3093 3097 3094
3 3094 3097 1154
3 1155 1158 3098
3 3098 1158 3102
3 3098 3102 3099
3 3099 3102 3103
3 3099 3103 3100
3 3100 3103 3104
3 3100 3104 3101
3 3101 3104 3105
3 3101 3105 1156
3 1156 3105 1157
3 1158 1161 1159
3 1159 1161 1160
3 1161 1164 3106
3 3106 1164 3109
3 3106 3109 3107
3 3107 3109 3110
3 3107 3110 3108
3 3108 3110 3111
3 3108 3111 1162
3 1162 3111 1163
3 1164 1167 3112
3 3112 1167 3113
3 3112 3113 1165
3 1165 3113 1166
3 1167 3114 1168
3 1168 3114 3115
3 3114 3116 3115
3 3115 3116 3117
3 3116 3118 3117
3 3117 3118 3119
3 3118 1170 3119
3 3119 1170 1169
3 1170 940 3120
3 3120 940 3122
3 3120 3122 3121
3 3121 3122 3123
3 3121 3123 1171
3 1171 3123 942
3 1171 3125 3124
3 3124 3125 3126
3 3124 3126 1169
3 1169 3126 3127
3 3125 1173 3126
3 3126 1173 3128
3 3126 3128 3127
3 3127 3128 1172
3 1173 1176 3129
3 3129 1176 3130
3 3129 3130 1174
3 1174 3130 1175
3 1176 1179 3131
3 3131 1179 3135
3 3131 3135 3132
3 3132 3135 3136
3 3132 3136 3133
3 3133 3136 3137
3 3133 3137 3134
3 3134 3137 3138
3 3134 3138 1177
3 1177 3138 1178
3 1179 1182 1180
3 1180 1182 1181
3 1182 967 3139
3 3139 967 3141
3 3139 3141 3140
3 3140 3141 3142
3 3140 3142 1183
3 1183 3142 969
3 1183 1185 3143
3 3143 1185 3145
3 3143 3145 3144
3 3144 3145 3146
3 3144 3146 1181
3 1181 3146 1184
3 1185 970 1186
3 1186 970 972
3 1186 1188 3147
3 3147 1188 3150
3 3147 3150 3148
3 3148 3150 3151
3 3148 3151 3149
3 3149 3151 3152
3 3149 3152 1184
3 1184 3152 1187
3 1188 3153 1189
3 1189 3153 3154
3 3153 3155 3154
3 3154 3155 3156
3 3155 3157 3156
3 3156 3157 3158
3 3157 3159 3158
3 3158 3159 3160
3 3159 3161 3160
3 3160 3161 3162
3 3161 1191 3162
3 3162 1191 1190
3 1191 3163 1192
3 1192 3163 3164
3 3163 3165 3164
3 3164 3165 3166
3 3165 3167 3166
3 3166 3167 3168
3 3167 3169 3168
3 3168 3169 3170
3 3169 979 3170
3 3170 979 981
3 1192 1194 3171
3 3171 1194 3172
3 3171 3172 1190
3 1190 3172 1193
3 1194 1197 1195
3 1195 1197 1196
3 1197 1200 3173
3 3173 1200 3175
3 3173 3175 3174
3 3174 3175 3176
3 3174 3176 1198
3 1198 3176 1199
3 1200 1203 3177
3 3177 1203 3180
3 3177 3180 3178
3 3178 3180 3181
3 3178 3181 3179
3 3179 3181 3182
3 3179 3182 1201
3 1201 3182 1202
3 1207 1204 1206
3 1203 1208 1205
3 984 1209 1211
3 1208 982 1210
3 1209 3183 1207
3 1207 3183 3184
3 3183 3185 3184
3 3184 3185 3186
3 3185 3187 3186
3 3186 3187 3188
3 3187 1213 3188
3 3188 1213 1212
3 1213 3190 3189
3 3189 3190 3191
3 3189 3191 1214
3 1214 3191 3192
3 3190 1216 3191
3 3191 1216 3193
3 3191 3193 3192
3 3192 3193 1215
3 1216 3195 3194
3 3194 3195 3196
3 3194 3196 1217
3 1217 3196 3197
3 3195 1007 3196
3 3196 1007 3198
3 3196 3198 3197
3 3197 3198 1009
3 1217 1219 1215
3 1215 1219 1218
3 1219 1028 3199
3 3199 1028 3200
3 3199 3200 1220
3 1220 3200 1030
3 1220 1222 3201
3 3201 1222 3202
3 3201 3202 1218
3 1218 3202 1221
3 1222 1225 3203
3 3203 1225 3204
3 3203 3204 1223
3 1223 3204 1224
3 1225 3206 3205
3 3205 3206 3207
3 3205 3207 1226
3 1226 3207 3208
3 3206 1228 3207
3 3207 1228 3209
3 3207 3209 3208
3 3208 3209 1227
3 1228 1031 3210
3 3210 1031 3211
3 3210 3211 1229
3 1229 3211 1033
3 1229 1231 3212
3 3212 1231 3213
3 3212 3213 1227
3 1227 3213 1230
3 1231 1234 3214
3 3214 1234 3215
3 3214 3215 1232
3 1232 3215 1233
3 1234 1070 3216
3 3216 1070 3217
3 3216 3217 1235
3 1235 3217 1072
3 1235 1237 1233
3 1233 1237 1236
3 1237 1240 1238
3 1238 1240 1239
3 1240 3218 1241
3 1241 3218 3219
3 3218 1243 3219
3 3219 1243 1242
3 1243 1246 3220
3 3220 1246 3222
3 3220 3222 3221
3 3221 3222 3223
3 3221 3223 1244
3 1244 3223 1245
3 1246 3225 3224
3 3224 3225 3226
3 3224 3226 1247
3 1247 3226 3227
3 3225 1079 3226
3 3226 1079 3228
3 3226 3228 3227
3 3227 3228 1081
3 1247 3229 1245
3 1245 3229 3230
3 3229 3231 3230
3 3230 3231 3232
3 3231 1249 3232
3 3232 1249 1248
3 1249 1252 3233
3 3233 1252 3234
3 3233 3234 1250
3 1250 3234 1251
3 1252 1082 3235
3 3235 1082 3236
3 3235 3236 1253
3 1253 3236 1084
3 1253 1255 3237
3 3237 1255 3238
3 3237 3238 1251
3 1251 3238 1254
3 1255 1258 3239
3 3239 1258 3240
3 3239 3240 1256
3 1256 3240 1257
3 1258 1261 3241
3 3241 1261 3242
3 3241 3242 1259
3 1259 3242 1260
3 1261 1264 3243
3 3243 1264 3244
3 3243 3244 1262
3 1262 3244 1263
3 1264 1085 1265
3 1265 1085 1087
3 1265 1094 3245
3 3245 1094 3247
3 3245 3247 3246
3 3246 3247 3248
3 3246 3248 1263
3 1263 3248 1096
3 1262 3249 1260
3 1260 3249 3250
3 3249 1106 3250
3 3250 1106 1108
3 1259 1267 1257
3 1257 1267 1266
3 1267 1270 1268
3 1268 1270 1269
3 1270 1273 1271
3 1271 1273 1272
3 1273 1276 3251
3 3251 1276 3252
3 3251 3252 1274
3 1274 3252 1275
3 1276 1279 3253
3 3253 1279 3254
3 3253 3254 1277
3 1277 3254 1278
3 1279 1282 3255
3 3255 1282 3256
3 3255 3256 1280
3 1280 3256 1281
3 1282 1285 3257
3 3257 1285 3258
3 3257 3258 1283
3 1283 3258 1284
3 1285 1109 3259
3 3259 1109 3260
3 3259 3260 1286
3 1286 3260 1111
3 1286 1288 3261
3 3261 1288 3262
3 3261 3262 1284
3 1284 3262 1287
3 1288 1291 3263
3 3263 1291 3264
3 3263 3264 1289
3 1289 3264 1290
3 1291 1294 3265
3 3265 1294 3266
3 3265 3266 1292
3 1292 3266 1293
3 1294 1115 3267
3 3267 1115 3268
3 3267 3268 1295
3 1295 3268 1117
3 1295 1130 1293
3 1293 1130 1132
3 1292 1297 1290
3 1290 1297 1296
3 1297 1300 3269
3 3269 1300 3270
3 3269 3270 1298
3 1298 3270 1299
3 1300 3271 1301
3 1301 3271 3272
3 3271 1136 3272
3 3272 1136 1138
3 1301 1303 1299
3 1299 1303 1302
3 1303 1306 1304
3 1304 1306 1305
3 1306 1309 1307
3 1307 1309 1308
3 1309 3273 1310
3 1310 3273 3274
3 3273 1139 3274
3 3274 1139 1141
3 1310 3275 1308
3 1308 3275 3276
3 3275 3277 3276
3 3276 3277 3278
3 3277 1312 3278
3 3278 1312 1311
3 1312 3279 1313
3 1313 3279 3280
3 3279 1142 3280
3 3280 1142 1144
3 1313 1315 3281
3 3281 1315 3282
3 3281 3282 1311
3 1311 3282 1314
3 1315 3284 3283
3 3283 3284 3285
3 3283 3285 1316
3 1316 3285 3286
3 3284 1318 3285
3 3285 1318 3287
3 3285 3287 3286
3 3286 3287 1317
3 1318 1321 3288
3 3288 1321 3289
3 3288 3289 1319
3 1319 3289 1320
3 1321 1154 1322
3 1322 1154 1156
3 1322 3290 1320
3 1320 3290 3291
3 3290 3292 3291
3 3291 3292 3293
3 3292 1324 3293
3 3293 1324 1323
3 1324 1327 3294
3 3294 1327 3295
3 3294 3295 1325
3 1325 3295 1326
3 1327 3296 1328
3 1328 3296 3297
3 3296 1330 3297
3 3297 1330 1329
3 1330 1333 1331
3 1331 1333 1332
3 1333 1157 3298
3 3298 1157 3301
3 3298 3301 3299
3 3299 3301 3302
3 3299 3302 3300
3 3300 3302 3303
3 3300 3303 1334
3 1334 3303 1159
3 1334 1336 3304
3 3304 1336 3306
3 3304 3306 3305
3 3305 3306 3307
3 3305 3307 1332
3 1332 3307 1335
3 1336 1160 3308
3 3308 1160 3310
3 3308 3310 3309
3 3309 3310 3311
3 3309 3311 1337
3 1337 3311 1162
3 1337 1339 3312
3 3312 1339 3315
3 3312 3315 3313
3 3313 3315 3316
3 3313 3316 3314
3 3314 3316 3317
3 3314 3317 1335
3 1335 3317 1338
3 1339 1342 3318
3 3318 1342 3322
3 3318 3322 3319
3 3319 3322 3323
3 3319 3323 3320
3 3320 3323 3324
3 3320 3324 3321
3 3321 3324 3325
3 3321 3325 1340
3 1340 3325 1341
3 1342 3327 3326
3 3326 3327 3328
3 3326 3328 1343
3 1343 3328 3329
3 3327 1345 3328
3 3328 1345 3330
3 3328 3330 3329
3 3329 3330 1344
3 1345 1348 3331
3 3331 1348 3333
3 3331 3333 3332
3 3332 3333 3334
3 3332 3334 1346
3 1346 3334 1347
3 1348 1351 3335
3 3335 1351 3337
3 3335 3337 3336
3 3336 3337 3338
3 3336 3338 1349
3 1349 3338 1350
3 1351 1354 3339
3 3339 1354 3341
3 3339 3341 3340
3 3340 3341 3342
3 3340 3342 1352
3 1352 3342 1353
3 1354 1357 3343
3 3343 1357 3344
3 3343 3344 1355
3 1355 3344 1356
3 1357 1360 1358
3 1358 1360 1359
3 1360 1363 3345
3 3345 1363 3347
3 3345 3347 3346
3 3346 3347 3348
3 3346 3348 1361
3 1361 3348 1362
3 1363 3350 3349
3 3349 3350 3351
3 3349 3351 1364
3 1364 3351 3352
3 3350 1163 3351
3 3351 1163 3353
3 3351 3353 3352
3 3352 3353 1165
3 1364 1366 1362
3 1362 1366 1365
3 1366 1369 3354
3 3354 1369 3356
3 3354 3356 3355
3 3355 3356 3357
3 3355 3357 1367
3 1367 3357 1368
3 1369 1372 3358
3 3358 1372 3361
3 3358 3361 3359
3 3359 3361 3362
3 3359 3362 3360
3 3360 3362 3363
3 3360 3363 1370
3 1370 3363 1371
3 1372 3364 1373
3 1373 3364 3365
3 3364 3366 3365
3 3365 3366 3367
3 3366 1166 3367
3 3367 1166 1168
3 1373 1375 3368
3 3368 1375 3371
3 3368 3371 3369
3 3369 3371 3372
3 3369 3372 3370
3 3370 3372 3373
3 3370 3373 1371
3 1371 3373 1374
3 1375 1172 1376
3 1376 1172 1174
3 1376 1175 3374
3 3374 1175 3376
3 3374 3376 3375
3 3375 3376 3377
3 3375 3377 1374
3 1374 3377 1177
3 1370 1193 1368
3 1368 1193 1195
3 1367 1196 3378
3 3378 1196 3380
3 3378 3380 3379
3 3379 3380 3381
3 3379 3381 1365
3 1365 3381 1198
3 1361 1378 3382
3 3382 1378 3383
3 3382 3383 1359
3 1359 3383 1377
3 1378 1199 3384
3 3384 1199 3385
3 3384 3385 1379
3 1379 3385 1201
3 1379 1356 1377
3 1377 1356 1358
3 1355 1381 3386
3 3386 1381 3388
3 3386 3388 3387
3 3387 3388 3389
3 3387 3389 1353
3 1353 3389 1380
3 1381 1202 3390
3 3390 1202 3392
3 3390 3392 3391
3 3391 3392 3393
3 3391 3393 1382
3 1382 3393 1204
3 1382 3395 3394
3 3394 3395 3396
3 3394 3396 1380
3 1380 3396 3397
3 3395 1384 3396
3 3396 1384 3398
3 3396 3398 3397
3 3397 3398 1383
3 1384 1387 3399
3 3399 1387 3400
3 3399 3400 1385
3 1385 3400 1386
3 1387 3402 3401
3 3401 3402 3403
3 3401 3403 1388
3 1388 3403 3404
3 3402 1390 3403
3 3403 1390 3405
3 3403 3405 3404
3 3404 3405 1389
3 1390 1393 3406
3 3406 1393 3409
3 3406 3409 3407
3 3407 3409 3410
3 3407 3410 3408
3 3408 3410 3411
3 3408 3411 1391
3 1391 3411 1392
3 1393 1396 3412
3 3412 1396 3414
3 3412 3414 3413
3 3413 3414 3415
3 3413 3415 1394
3 1394 3415 1395
3 1396 1212 3416
3 3416 1212 3418
3 3416 3418 3417
3 3417 3418 3419
3 3417 3419 1397
3 1397 3419 1214
3 1397 1399 1395
3 1395 1399 1398
3 1399 1221 1400
3 1400 1221 1223
3 1400 1392 1398
3 1398 1392 1394
3 1391 1402 3420
3 3420 1402 3422
3 3420 3422 3421
3 3421 3422 3423
3 3421 3423 1389
3 1389 3423 1401
3 1402 1242 3424
3 3424 1242 3426
3 3424 3426 3425
3 3425 3426 3427
3 3425 3427 1403
3 1403 3427 1244
3 1403 3428 1401
3 1401 3428 3429
3 3428 1405 3429
3 3429 1405 1404
3 1405 1408 1406
3 1406 1408 1407
3 1408 1411 3430
3 3430 1411 3431
3 3430 3431 1409
3 1409 3431 1410
3 1411 1414 1412
3 1412 1414 1413
3 1414 1417 3432
3 3432 1417 3433
3 3432 3433 1415
3 1415 3433 1416
3 1417 1248 3434
3 3434 1248 3435
3 3434 3435 1418
3 1418 3435 1250
3 1418 3436 1416
3 1416 3436 3437
3 3436 1269 3437
3 3437 1269 1271
3 1415 1420 1413
3 1413 1420 1419
3 1420 1423 1421
3 1421 1423 1422
3 1423 1272 3438
3 3438 1272 3440
3 3438 3440 3439
3 3439 3440 3441
3 3439 3441 1424
3 1424 3441 1274
3 1424 1344 3442
3 3442 1344 3443
3 3442 3443 1422
3 1422 3443 1346
3 1421 1347 1419
3 1419 1347 1349
3 1412 1350 1410
3 1410 1350 1352
3 1409 1383 1407
3 1407 1383 1385
3 1406 1386 1404
3 1404 1386 1388
3 1343 1426 3444
3 3444 1426 3446
3 3444 3446 3445
3 3445 3446 3447
3 3445 3447 1341
3 1341 3447 1425
3 1426 1429 3448
3 3448 1429 3450
3 3448 3450 3449
3 3449 3450 3451
3 3449 3451 1427
3 1427 3451 1428
3 1429 1275 1430
3 1430 1275 1277
3 1430 3454 3452
3 3452 3454 3455
3 3452 3455 3453
3 3453 3455 3456
3 3453 3456 1428
3 1428 3456 3457
3 3454 3458 3455
3 3455 3458 3459
3 3455 3459 3456
3 3456 3459 3460
3 3456 3460 3457
3 3457 3460 3461
3 3458 1432 3459
3 3459 1432 3462
3 3459 3462 3460
3 3460 3462 3463
3 3460 3463 3461
3 3461 3463 1431
3 1432 1287 3464
3 3464 1287 3465
3 3464 3465 1433
3 1433 3465 1289
3 1433 3467 3466
3 3466 3467 3468
3 3466 3468 1431
3 1431 3468 3469
3 3467 1296 3468
3 3468 1296 3470
3 3468 3470 3469
3 3469 3470 1298
3 1427 1435 1425
3 1425 1435 1434
3 1435 3471 1436
3 1436 3471 3472
3 3471 1438 3472
3 3472 1438 1437
3 1438 3474 3473
3 3473 3474 3475
3 3473 3475 1439
3 1439 3475 3476
3 3474 3477 3475
3 3475 3477 3478
3 3475 3478 3476
3 3476 3478 3479
3 3477 1441 3478
3 3478 1441 3480
3 3478 3480 3479
3 3479 3480 1440
3 1441 3481 1442
3 1442 3481 3482
3 3481 1302 3482
3 3482 1302 1304
3 1442 1444 1440
3 1440 1444 1443
3 1444 3483 1445
3 1445 3483 3484
3 3483 3485 3484
3 3484 3485 3486
3 3485 3487 3486
3 3486 3487 3488
3 3487 1447 3488
3 3488 1447 1446
3 1447 3489 1448
3 1448 3489 3490
3 3489 1450 3490
3 3490 1450 1449
3 1450 1305 1451
3 1451 1305 1307
3 1451 3491 1449
3 1449 3491 3492
3 3491 1453 3492
3 3492 1453 1452
3 1453 1456 1454
3 1454 1456 1455
3 1456 3493 1457
3 1457 3493 3494
3 3493 3495 3494
3 3494 3495 3496
3 3495 3497 3496
3 3496 3497 3498
3 3497 1314 3498
3 3498 1314 1316
3 1457 1459 3499
3 3499 1459 3500
3 3499 3500 1455
3 1455 3500 1458
3 1459 3501 1460
3 1460 3501 3502
3 3501 3503 3502
3 3502 3503 3504
3 3503 3505 3504
3 3504 3505 3506
3 3505 1317 3506
3 3506 1317 1319
3 1460 1462 1458
3 1458 1462 1461
3 1462 3507 1463
3 1463 3507 3508
3 3507 1465 3508
3 3508 1465 1464
3 1465 1323 1466
3 1466 1323 1325
3 1466 3509 1464
3 1464 3509 3510
3 3509 1468 3510
3 3510 1468 1467
3 1468 3511 1469
3 1469 3511 3512
3 3511 3513 3512
3 3512 3513 3514
3 3513 3515 3514
3 3514 3515 3516
3 3515 1471 3516
3 3516 1471 1470
3 1471 1437 1472
3 1472 1437 1439
3 1472 3517 1470
3 1470 3517 3518
3 3517 3519 3518
3 3518 3519 3520
3 3519 3521 3520
3 3520 3521 3522
3 3521 3523 3522
3 3522 3523 3524
3 3523 3525 3524
3 3524 3525 3526
3 3525 1443 3526
3 3526 1443 1445
3 1469 1474 1467
3 1467 1474 1473
3 1474 1477 3527
3 3527 1477 3528
3 3527 3528 1475
3 1475 3528 1476
3 1477 3530 3529
3 3529 3530 3531
3 3529 3531 1478
3 1478 3531 3532
3 3530 3533 3531
3 3531 3533 3534
3 3531 3534 3532
3 3532 3534 3535
3 3533 3536 3534
3 3534 3536 3537
3 3534 3537 3535
3 3535 3537 3538
3 3536 3539 3537
3 3537 3539 3540
3 3537 3540 3538
3 3538 3540 3541
3 3539 3542 3540
3 3540 3542 3543
3 3540 3543 3541
3 3541 3543 3544
3 3542 1480 3543
3 3543 1480 3545
3 3543 3545 3544
3 3544 3545 1479
3 1480 1483 3546
3 3546 1483 3547
3 3546 3547 1481
3 1481 3547 1482
3 1483 1446 1484
3 1484 1446 1448
3 1484 1452 1482
3 1482 1452 1454
3 1481 3549 3548
3 3548 3549 3550
3 3548 3550 1479
3 1479 3550 3551
3 3549 3552 3550
3 3550 3552 3553
3 3550 3553 3551
3 3551 3553 3554
3 3552 1476 3553
3 3553 1476 3555
3 3553 3555 3554
3 3554 3555 1478
3 1475 1461 1473
3 1473 1461 1463
3 1436 1326 1434
3 1434 1326 1328
3 1340 1329 1338
3 1338 1329 1331
3 1283 1278 3556
3 3556 1278 3557
3 3556 3557 1281
3 1281 3557 1280
3 1268 1254 1266
3 1266 1254 1256
3 1241 1224 1239
3 1239 1224 1226
3 1238 1230 1236
3 1236 1230 1232
3 1189 1178 3558
3 3558 1178 3561
3 3558 3561 3559
3 3559 3561 3562
3 3559 3562 3560
3 3560 3562 3563
3 3560 3563 1187
3 1187 3563 1180
3 1027 1010 1025
3 1025 1010 1012
3 954 1486 952
3 952 1486 1485
3 1486 3564 1487
3 1487 3564 3565
3 3564 3566 3565
3 3565 3566 3567
3 3566 3568 3567
3 3567 3568 3569
3 3568 3570 3569
3 3569 3570 3571
3 3570 3572 3571
3 3571 3572 3573
3 3572 3574 3573
3 3573 3574 3575
3 3574 3576 3575
3 3575 3576 3577
3 3576 3578 3577
3 3577 3578 3579
3 3578 3580 3579
3 3579 3580 3581
3 3580 3582 3581
3 3581 3582 3583
3 3582 3584 3583
3 3583 3584 3585
3 3584 1489 3585
3 3585 1489 1488
3 1489 943 1490
3 1490 943 945
3 1490 3586 1488
3 1488 3586 3587
3 3586 3588 3587
3 3587 3588 3589
3 3588 1492 3589
3 3589 1492 1491
3 1492 3590 1493
3 1493 3590 3591
3 3590 3592 3591
3 3591 3592 3593
3 3592 3594 3593
3 3593 3594 3595
3 3594 1495 3595
3 3595 1495 1494
3 1495 3596 1496
3 1496 3596 3597
3 3596 946 3597
3 3597 946 948
3 1496 1498 1494
3 1494 1498 1497
3 1498 3599 3598
3 3598 3599 3600
3 3598 3600 1499
3 1499 3600 3601
3 3599 3602 3600
3 3600 3602 3603
3 3600 3603 3601
3 3601 3603 3604
3 3602 1501 3603
3 3603 1501 3605
3 3603 3605 3604
3 3604 3605 1500
3 1501 1504 1502
3 1502 1504 1503
3 1504 3606 1505
3 1505 3606 3607
3 3606 949 3607
3 3607 949 951
3 1505 3608 1503
3 1503 3608 3609
3 3608 3610 3609
3 3609 3610 3611
3 3610 3612 3611
3 3611 3612 3613
3 3612 1507 3613
3 3613 1507 1506
3 1507 3614 1508
3 1508 3614 3615
3 3614 3616 3615
3 3615 3616 3617
3 3616 1485 3617
3 3617 1485 1487
3 1508 1510 1506
3 1506 1510 1509
3 1510 1513 3618
3 3618 1513 3619
3 3618 3619 1511
3 1511 3619 1512
3 1513 3621 3620
3 3620 3621 3622
3 3620 3622 1514
3 1514 3622 3623
3 3621 3624 3622
3 3622 3624 3625
3 3622 3625 3623
3 3623 3625 3626
3 3624 3627 3625
3 3625 3627 3628
3 3625 3628 3626
3 3626 3628 3629
3 3627 3630 3628
3 3628 3630 3631
3 3628 3631 3629
3 3629 3631 3632
3 3630 1516 3631
3 3631 1516 3633
3 3631 3633 3632
3 3632 3633 1515
3 1516 1519 3634
3 3634 1519 3635
3 3634 3635 1517
3 1517 3635 1518
3 1519 1491 1520
3 1520 1491 1493
3 1520 3636 1518
3 1518 3636 3637
3 3636 3638 3637
3 3637 3638 3639
3 3638 3640 3639
3 3639 3640 3641
3 3640 3642 3641
3 3641 3642 3643
3 3642 3644 3643
3 3643 3644 3645
3 3644 1509 3645
3 3645 1509 1511
3 1517 1512 3646
3 3646 1512 3647
3 3646 3647 1515
3 1515 3647 1514
3 1502 3648 1500
3 1500 3648 3649
3 3648 3650 3649
3 3649 3650 3651
3 3650 3652 3651
3 3651 3652 3653
3 3652 3654 3653
3 3653 3654 3655
3 3654 3656 3655
3 3655 3656 3657
3 3656 1497 3657
3 3657 1497 1499
3 936 3660 3658
3 3658 3660 3661
3 3658 3661 3659
3 3659 3661 3662
3 3659 3662 934
3 934 3662 3663
3 3660 928 3661
3 3661 928 3664
3 3661 3664 3662
3 3662 3664 3665
3 3662 3665 3663
3 3663 3665 930
3 909 3666 907
3 907 3666 3667
3 3666 3668 3667
3 3667 3668 3669
3 3668 904 3669
3 3669 904 906
3 897 883 895
3 895 883 885
3 1523 856 1522
3 858 1524 1521
3 1524 838 3670
3 3670 838 3671
3 3670 3671 1525
3 1525 3671 840
3 843 1523 1527
3 1525 841 1526
3 812 804 810
3 810 804 806
3 738 655 3672
3 3672 655 3674
3 3672 3674 3673
3 3673 3674 3675
3 3673 3675 736
3 736 3675 657
3 407 402 3676
3 3676 402 3677
3 3676 3677 405
3 405 3677 404
3 351 3678 349
3 349 3678 3679
3 3678 3680 3679
3 3679 3680 3681
3 3680 343 3681
3 3681 343 345
3 282 274 280
3 280 274 276
3 169 154 167
3 167 154 156
3 31 3682 29
3 29 3682 3683
3 3682 3684 3683
3 3683 3684 3685
3 3684 3686 3685
3 3685 3686 3687
3 3686 3688 3687
3 3687 3688 3689
3 3688 26 3689
3 3689 26 28
3 2 0 1532
3 2 1532 1
3 5 3 1533
3 5 1533 4
3 1602 6 1534
3 1602 1534 1535
3 1602 1535 1603
3 1603 1535 1536
3 1603 1536 1604
3 1604 1536 8
3 1534 6 7
3 11 9 1540
3 1540 9 1539
3 1540 1539 13
3 13 1539 1538
3 13 1538 3690
3 3690 1538 12
3 12 1538 1537
3 12 1537 1542
3 1542 1537 10
3 1633 14 1541
3 1633 1541 13
3 1633 13 1634
3 1634 13 3690
3 1634 3690 3728
3 1634 3728 16
3 16 3728 1544
3 1544 3728 1543
3 1544 1543 15
3 1543 3728 12
3 12 3728 3690
3 19 17 1546
3 1546 17 1545
3 1546 1545 18
3 22 20 1550
3 22 1550 1551
3 1551 1550 21
3 1562 23 1555
3 1562 1555 25
3 25 1555 24
3 28 26 1564
3 1564 26 1563
3 1564 1563 27
3 31 29 1565
3 31 1565 1566
3 1566 1565 30
3 1652 32 1570
3 1652 1570 1571
3 1652 1571 1572
3 1652 1572 1653
3 1653 1572 34
3 1571 1570 33
3 1584 35 1574
3 1584 1574 1573
3 1584 1573 1583
3 1583 1573 36
3 1583 36 37
3 3731 3730 3732
3 3731 3732 3733
3 1673 38 3730
3 1673 3730 3729
3 1673 3729 40
3 40 3729 42
3 42 3729 3730
3 42 3730 3720
3 3720 3730 1529
3 1529 3730 3731
3 1529 3731 3719
3 3719 3731 1528
3 1528 3731 3733
3 1528 3733 3718
3 3718 3733 41
3 41 3733 1593
3 41 1593 39
3 1593 3733 1594
3 1594 3733 3732
3 1594 3732 38
3 38 3732 3730
3 45 43 47
3 47 43 42
3 47 42 3722
3 3722 42 3720
3 3722 3720 1529
3 3734 3735 3737
3 3737 3735 3738
3 3738 3735 3739
3 3735 3736 3739
3 3737 3738 3740
3 3740 3738 3741
3 3738 3739 3741
3 3741 3739 3742
3 3740 3741 3743
3 3743 3741 3744
3 3741 3742 3744
3 1606 48 3736
3 1606 3736 3735
3 1606 3735 3734
3 1606 3734 1605
3 1605 3734 50
3 50 3734 3737
3 50 3737 1595
3 1595 3737 3740
3 1595 3740 52
3 52 3740 3691
3 3691 3740 3743
3 3691 3743 51
3 51 3743 1597
3 1597 3743 3744
3 1597 3744 49
3 49 3744 46
3 46 3744 3721
3 3721 3744 1528
3 1528 3744 3742
3 1528 3742 3719
3 3719 3742 3739
3 3719 3739 1529
3 1529 3739 3722
3 3722 3739 3736
3 3722 3736 47
3 47 3736 48
3 1601 53 1596
3 1601 1596 1600
3 1600 1596 52
3 1600 52 3691
3 1600 3691 51
3 1600 51 1599
3 1599 51 1598
3 1599 1598 55
3 55 1598 54
3 58 56 1610
3 1610 56 1608
3 1610 1608 1609
3 1609 1608 1607
3 1609 1607 57
3 61 59 1616
3 61 1616 1618
3 1618 1616 1615
3 1618 1615 1617
3 1617 1615 60
3 3745 3746 3747
3 3747 3746 3748
3 3748 3746 3749
3 3747 3748 3750
3 3750 3748 3751
3 3748 3749 3751
3 3751 3749 3752
3 3750 3751 3753
3 1699 62 3749
3 1699 3749 3746
3 1699 3746 1700
3 1700 3746 1701
3 1701 3746 3745
3 1701 3745 64
3 64 3745 66
3 66 3745 3747
3 66 3747 3692
3 3692 3747 3750
3 3692 3750 65
3 65 3750 3753
3 65 3753 63
3 63 3753 1619
3 1619 3753 3751
3 1619 3751 3752
3 1619 3752 1620
3 1620 3752 62
3 62 3752 3749
3 1723 67 66
3 1723 66 1724
3 1724 66 3692
3 1724 3692 1725
3 1725 3692 65
3 1725 65 69
3 69 65 68
3 72 70 1623
3 1623 70 71
3 75 73 1624
3 75 1624 74
3 1739 76 77
3 1739 77 78
3 1635 79 1627
3 1635 1627 1628
3 1635 1628 81
3 1627 79 80
3 84 82 1630
3 84 1630 1632
3 1632 1630 1629
3 1632 1629 1631
3 1631 1629 83
3 1639 85 1636
3 1639 1636 87
3 87 1636 86
3 1751 88 1640
3 1751 1640 90
3 90 1640 89
3 93 91 92
3 96 94 95
3 99 97 1645
3 1645 97 98
3 1654 100 1650
3 1654 1650 1651
3 1654 1651 102
3 1650 100 1649
3 1650 1649 101
3 105 103 1655
3 105 1655 104
3 108 106 107
3 111 109 110
3 114 112 113
3 1802 115 1666
3 1802 1666 1667
3 1802 1667 1803
3 1803 1667 1668
3 1803 1668 117
3 1666 115 116
3 1674 118 1671
3 1674 1671 3754
3 1674 3754 120
3 120 3754 1672
3 1672 3754 1669
3 1672 1669 119
3 1669 3754 1670
3 1670 3754 1671
3 1676 121 1675
3 1676 1675 122
3 1676 122 123
3 1678 124 1677
3 1678 1677 126
3 126 1677 125
3 1816 127 1679
3 1816 1679 3755
3 1816 3755 1817
3 1817 3755 1681
3 1817 1681 129
3 1681 3755 1680
3 1680 3755 1679
3 1680 1679 128
3 1831 130 3757
3 1831 3757 3756
3 1831 3756 132
3 132 3756 1689
3 1689 3756 3757
3 1689 3757 1688
3 1688 3757 1686
3 1688 1686 131
3 1686 3757 1687
3 1687 3757 130
3 1693 133 1691
3 1693 1691 1692
3 1692 1691 1690
3 1692 1690 135
3 135 1690 134
3 3761 3759 3762
3 3759 3760 3762
3 1703 136 3760
3 1703 3760 3759
3 1703 3759 3758
3 1703 3758 1702
3 1702 3758 138
3 138 3758 1698
3 1698 3758 1697
3 1697 3758 3761
3 1697 3761 1696
3 1696 3761 3762
3 1696 3762 137
3 137 3762 1694
3 1694 3762 3760
3 1694 3760 1695
3 1695 3760 136
3 3761 3758 3759
3 1837 139 1705
3 1837 1705 1704
3 1837 1704 141
3 141 1704 1706
3 1706 1704 140
3 144 142 1708
3 1708 142 1707
3 1708 1707 143
3 147 145 1709
3 147 1709 1710
3 1710 1709 146
3 1861 148 1711
3 1861 1711 150
3 150 1711 149
3 153 151 1714
3 1714 151 152
3 156 154 1715
3 156 1715 155
3 1726 157 3763
3 1726 3763 3764
3 1726 3764 166
3 166 3764 3694
3 3694 3764 3693
3 3694 3693 161
3 3694 161 165
3 165 161 1716
3 165 1716 159
3 3693 3764 160
3 160 3764 1718
3 1718 3764 3763
3 1718 3763 158
3 158 3763 157
3 164 162 1717
3 164 1717 3765
3 164 3765 1722
3 1722 3765 161
3 1722 161 3693
3 1722 3693 1721
3 1721 3693 160
3 1721 160 1720
3 1720 160 1719
3 1720 1719 163
3 161 3765 1717
3 169 167 171
3 171 167 1727
3 171 1727 3766
3 171 3766 3697
3 3697 3766 3696
3 3696 3766 166
3 3696 166 3694
3 3696 3694 3695
3 3695 3694 165
3 3695 165 170
3 170 165 168
3 166 3766 1727
3 1914 172 171
3 1914 171 3697
3 1914 3697 1915
3 1915 3697 3696
3 1915 3696 174
3 174 3696 3695
3 174 3695 1728
3 1728 3695 170
3 1728 170 173
3 177 175 1729
3 177 1729 1730
3 1730 1729 176
3 1740 178 1734
3 1740 1734 1735
3 1740 1735 180
3 1735 1734 179
3 183 181 1741
3 183 1741 1742
3 1742 1741 182
3 1921 184 1743
3 1921 1743 1744
3 1921 1744 186
3 1744 1743 185
3 189 187 1746
3 1746 187 1745
3 1746 1745 188
3 1752 190 1747
3 1752 1747 3767
3 1752 3767 192
3 192 3767 1748
3 1748 3767 1747
3 1748 1747 191
3 195 193 1749
3 195 1749 1750
3 1750 1749 194
3 1757 196 1756
3 1757 1756 198
3 198 1756 197
3 201 199 1758
3 201 1758 200
3 204 202 203
3 1943 205 206
3 1943 206 207
3 1949 208 1765
3 1949 1765 1766
3 1949 1766 1950
3 1950 1766 1767
3 1950 1767 1951
3 1951 1767 210
3 1765 208 209
3 1772 211 1770
3 1772 1770 1771
3 1771 1770 1769
3 1771 1769 213
3 213 1769 1768
3 213 1768 212
3 216 214 1776
3 1776 214 1774
3 1776 1774 1775
3 1775 1774 1773
3 1775 1773 215
3 219 217 1780
3 1780 217 1778
3 1780 1778 1779
3 1779 1778 1777
3 1779 1777 218
3 1784 220 1782
3 1784 1782 1783
3 1783 1782 1781
3 1783 1781 222
3 222 1781 221
3 1993 223 1786
3 1993 1786 1994
3 1994 1786 1785
3 1994 1785 225
3 225 1785 224
3 228 226 227
3 1789 229 230
3 1789 230 231
3 234 232 1790
3 234 1790 1791
3 1791 1790 233
3 2024 235 3769
3 2024 3769 3768
3 2024 3768 2025
3 2025 3768 1797
3 2025 1797 237
3 1797 3768 1796
3 1796 3768 3769
3 1796 3769 1795
3 1796 1795 236
3 1795 3769 235
3 240 238 1801
3 1801 238 1799
3 1801 1799 1800
3 1800 1799 1798
3 1800 1798 239
3 2029 241 1806
3 2029 1806 1807
3 2029 1807 243
3 1806 241 242
3 246 244 1815
3 1815 244 1813
3 1815 1813 1814
3 1814 1813 1812
3 1814 1812 245
3 249 247 248
3 252 250 1828
3 1828 250 251
3 255 253 1830
3 1830 253 1829
3 1830 1829 254
3 1839 256 257
3 1839 257 1832
3 1839 1832 1838
3 1838 1832 1833
3 1838 1833 258
3 261 259 1835
3 261 1835 1836
3 1836 1835 1834
3 1836 1834 260
3 1847 262 1841
3 1847 1841 1846
3 1846 1841 1840
3 1846 1840 264
3 264 1840 263
3 2068 265 1849
3 2068 1849 1848
3 2068 1848 2069
3 2069 1848 266
3 2069 266 267
3 270 268 269
3 2090 271 1854
3 2090 1854 1855
3 2090 1855 273
3 1854 271 272
3 276 274 1857
3 276 1857 1858
3 1858 1857 1856
3 1858 1856 275
3 1863 277 1859
3 1863 1859 3770
3 1863 3770 1862
3 1862 3770 279
3 279 3770 1860
3 1860 3770 278
3 278 3770 1859
3 282 280 1867
3 1867 280 1865
3 1867 1865 1866
3 1866 1865 1864
3 1866 1864 281
3 1871 283 1869
3 1871 1869 1870
3 1870 1869 1868
3 1870 1868 285
3 285 1868 284
3 288 286 1875
3 1875 286 1873
3 1875 1873 1874
3 1874 1873 1872
3 1874 1872 287
3 291 289 1889
3 291 1889 1891
3 1891 1889 1888
3 1891 1888 1890
3 1890 1888 290
3 2122 292 1893
3 2122 1893 3771
3 2122 3771 1895
3 2122 1895 294
3 1895 3771 1894
3 1894 3771 1892
3 1894 1892 293
3 1892 3771 1893
3 2131 295 1897
3 2131 1897 2132
3 2132 1897 3772
3 2132 3772 297
3 297 3772 1898
3 1898 3772 296
3 296 3772 1896
3 1896 3772 1897
3 300 298 1901
3 1901 298 1900
3 1900 298 1899
3 1900 1899 299
3 303 301 1905
3 1905 301 1903
3 1905 1903 1904
3 1904 1903 1902
3 1904 1902 302
3 306 304 1907
3 306 1907 1909
3 1909 1907 1906
3 1909 1906 1908
3 1908 1906 305
3 309 307 308
3 312 310 311
3 1923 313 314
3 1923 314 1918
3 1923 1918 1922
3 1922 1918 315
3 1920 316 1919
3 1920 1919 318
3 318 1919 317
3 321 319 1925
3 321 1925 1927
3 1927 1925 1924
3 1927 1924 1926
3 1926 1924 320
3 2149 322 3773
3 2149 3773 3774
3 2149 3774 2150
3 2150 3774 1931
3 2150 1931 324
3 1931 3774 1930
3 1930 3774 1928
3 1930 1928 323
3 1928 3774 1929
3 1929 3774 3773
3 1929 3773 322
3 1944 325 1933
3 1944 1933 3775
3 1944 3775 327
3 327 3775 1934
3 1934 3775 1932
3 1934 1932 326
3 1932 3775 1933
3 1942 328 1935
3 1942 1935 330
3 330 1935 329
3 1952 331 1947
3 1952 1947 1948
3 1952 1948 333
3 1947 331 1945
3 1947 1945 1946
3 1946 1945 332
3 2158 334 1953
3 2158 1953 3776
3 2158 3776 2159
3 2159 3776 2160
3 2160 3776 1954
3 2160 1954 336
3 1954 3776 335
3 335 3776 1953
3 2170 337 1957
3 2170 1957 339
3 1957 337 1956
3 1956 337 1955
3 1956 1955 338
3 342 340 1959
3 342 1959 1960
3 1960 1959 1958
3 1960 1958 341
3 345 343 1965
3 1965 343 1964
3 1965 1964 344
3 1971 346 1966
3 1971 1966 348
3 348 1966 347
3 351 349 1975
3 351 1975 1976
3 1976 1975 350
3 2198 352 1977
3 2198 1977 353
3 2198 353 354
3 357 355 356
3 360 358 359
3 363 361 362
3 366 364 1986
3 1986 364 365
3 1996 367 1990
3 1996 1990 3777
3 1996 3777 1995
3 1995 3777 1992
3 1995 1992 369
3 1992 3777 1991
3 1991 3777 368
3 368 3777 1990
3 2000 370 1998
3 2000 1998 1999
3 1999 1998 1997
3 1999 1997 372
3 372 1997 371
3 2237 373 2002
3 2237 2002 2238
3 2238 2002 3778
3 2238 3778 375
3 375 3778 2003
3 2003 3778 2001
3 2003 2001 374
3 2001 3778 2002
3 378 376 2007
3 378 2007 377
3 584 379 380
3 584 380 382
3 584 382 3701
3 3701 382 3698
3 3701 3698 3702
3 3702 3698 3699
3 3702 3699 3703
3 3703 3699 383
3 3703 383 585
3 585 383 381
3 3779 3780 3781
3 3781 3780 3782
3 2268 384 383
3 2268 383 3779
3 2268 3779 2269
3 2269 3779 2270
3 2270 3779 3781
3 2270 3781 386
3 386 3781 2009
3 2009 3781 3782
3 2009 3782 2008
3 2008 3782 3783
3 2008 3783 385
3 385 3783 382
3 382 3783 3698
3 3698 3783 3782
3 3698 3782 3780
3 3698 3780 3699
3 3699 3780 3779
3 3699 3779 383
3 2019 387 2011
3 2019 2011 2018
3 2018 2011 2010
3 2018 2010 389
3 389 2010 388
3 392 390 2021
3 392 2021 2023
3 2023 2021 2020
3 2023 2020 2022
3 2022 2020 391
3 2030 393 2028
3 2030 2028 395
3 2028 393 394
3 2273 396 2031
3 2273 2031 2274
3 2274 2031 397
3 2274 397 398
3 401 399 2032
3 2032 399 400
3 3677 402 2033
3 3677 2033 403
3 3677 403 2034
3 3677 2034 404
3 3676 405 2041
3 3676 2041 406
3 3676 406 2042
3 3676 2042 407
3 2285 408 2045
3 2285 2045 410
3 2045 408 2044
3 2044 408 2043
3 2044 2043 409
3 413 411 2051
3 413 2051 2052
3 2052 2051 2050
3 2052 2050 412
3 2313 414 2053
3 2313 2053 416
3 416 2053 415
3 419 417 418
3 422 420 2056
3 2056 420 421
3 425 423 2057
3 425 2057 424
3 428 426 427
3 2347 429 2062
3 2347 2062 2063
3 2347 2063 2348
3 2348 2063 431
3 2062 429 430
3 434 432 2065
3 434 2065 2067
3 2067 2065 2064
3 2067 2064 2066
3 2066 2064 433
3 2364 435 436
3 2364 436 2074
3 2364 2074 437
3 440 438 2076
3 2076 438 2075
3 2076 2075 439
3 2407 441 2077
3 2407 2077 442
3 2407 442 443
3 446 444 445
3 449 447 2086
3 2086 447 448
3 452 450 451
3 455 453 3784
3 455 3784 454
3 454 3784 453
3 458 456 457
3 461 459 460
3 464 462 463
3 467 465 466
3 470 468 469
3 2451 471 3785
3 2451 3785 2119
3 2451 2119 473
3 2119 3785 472
3 472 3785 471
3 476 474 2121
3 2121 474 2120
3 2121 2120 475
3 2460 477 2125
3 2460 2125 2126
3 2460 2126 2461
3 2461 2126 479
3 2125 477 478
3 2133 480 2128
3 2133 2128 2130
3 2133 2130 482
3 2130 2128 2129
3 2129 2128 2127
3 2129 2127 481
3 2137 483 2134
3 2137 2134 2135
3 2137 2135 485
3 2135 2134 484
3 488 486 2136
3 488 2136 487
3 491 489 2139
3 2139 489 2138
3 2139 2138 490
3 2143 492 2140
3 2143 2140 494
3 494 2140 493
3 497 495 3786
3 497 3786 496
3 496 3786 2144
3 2144 3786 495
3 500 498 499
3 2152 501 2147
3 2152 2147 2148
3 2152 2148 2151
3 2151 2148 503
3 2147 501 502
3 2508 504 2154
3 2508 2154 2153
3 2508 2153 2509
3 2509 2153 505
3 2509 505 506
3 2162 507 2155
3 2162 2155 2156
3 2162 2156 2161
3 2161 2156 2157
3 2161 2157 509
3 2155 507 508
3 512 510 2164
3 512 2164 2166
3 2166 2164 2163
3 2166 2163 2165
3 2165 2163 511
3 2522 513 2168
3 2522 2168 2167
3 2522 2167 2523
3 2523 2167 514
3 2523 514 515
3 518 516 2169
3 2169 516 517
3 521 519 2171
3 2171 519 520
3 2535 522 2172
3 2535 2172 524
3 524 2172 523
3 2547 525 2181
3 2547 2181 527
3 2181 525 526
3 2187 528 2182
3 2187 2182 530
3 530 2182 529
3 533 531 2194
3 533 2194 532
3 2199 534 535
3 2199 535 2197
3 2199 2197 536
3 539 537 2200
3 539 2200 2201
3 2201 2200 538
3 2573 540 2202
3 2573 2202 3787
3 2573 3787 2574
3 2574 3787 2575
3 2575 3787 2204
3 2575 2204 542
3 2204 3787 2203
3 2203 3787 541
3 541 3787 2202
3 2616 543 2206
3 2616 2206 2205
3 2616 2205 2617
3 2617 2205 544
3 2617 544 545
3 548 546 547
3 551 549 550
3 2619 552 553
3 2619 553 554
3 2240 555 556
3 2240 556 2227
3 2240 2227 2239
3 2239 2227 557
3 2236 558 2228
3 2236 2228 2235
3 2235 2228 559
3 2235 559 560
3 2632 561 2242
3 2632 2242 2633
3 2633 2242 2241
3 2633 2241 563
3 563 2241 562
3 566 564 565
3 2649 567 570
3 2649 570 3700
3 2649 3700 2650
3 2650 3700 571
3 2650 571 2651
3 2651 571 2243
3 2651 2243 569
3 570 567 2245
3 2245 567 568
3 3790 3788 3791
3 3791 3788 3792
3 3788 3789 3792
3 3792 3789 3793
3 2682 572 3793
3 2682 3793 3789
3 2682 3789 2683
3 2683 3789 3788
3 2683 3788 574
3 574 3788 2248
3 2248 3788 3790
3 2248 3790 2247
3 2247 3790 3791
3 2247 3791 2246
3 2247 2246 573
3 2246 3791 570
3 570 3791 3700
3 3700 3791 3792
3 3700 3792 571
3 571 3792 3793
3 571 3793 2244
3 2244 3793 572
3 2689 575 2250
3 2689 2250 3794
3 2689 3794 577
3 577 3794 2252
3 2252 3794 2251
3 2251 3794 2249
3 2251 2249 576
3 2249 3794 2250
3 2256 578 2254
3 2256 2254 2255
3 2255 2254 2253
3 2255 2253 3795
3 2255 3795 580
3 580 3795 579
3 579 3795 2253
3 2260 581 3798
3 2260 3798 3797
3 2260 3797 3796
3 2260 3796 2259
3 2259 3796 585
3 2259 585 583
3 585 3796 3703
3 3703 3796 3797
3 3703 3797 3702
3 3702 3797 3798
3 3702 3798 3799
3 3702 3799 3701
3 3701 3799 2257
3 3701 2257 584
3 584 2257 582
3 2257 3799 2258
3 2258 3799 3798
3 2258 3798 581
3 2693 586 2262
3 2693 2262 2694
3 2694 2262 2261
3 2694 2261 2695
3 2695 2261 587
3 2695 587 588
3 591 589 590
3 2272 592 2265
3 2272 2265 2266
3 2272 2266 2271
3 2271 2266 2267
3 2271 2267 594
3 2265 592 593
3 2703 595 2275
3 2703 2275 597
3 2275 595 596
3 2278 598 2276
3 2278 2276 2277
3 2277 2276 599
3 2277 599 600
3 2286 601 2280
3 2286 2280 3800
3 2286 3800 603
3 603 3800 2281
3 2281 3800 2279
3 2281 2279 602
3 2279 3800 2280
3 2710 604 2290
3 2710 2290 606
3 2290 604 2289
3 2289 604 2287
3 2289 2287 2288
3 2288 2287 605
3 609 607 2293
3 609 2293 2292
3 609 2292 2295
3 2295 2292 2291
3 2295 2291 2294
3 2294 2291 608
3 2743 610 2297
3 2743 2297 2296
3 2743 2296 2744
3 2744 2296 611
3 2744 611 612
3 615 613 614
3 2758 616 2304
3 2758 2304 2305
3 2758 2305 618
3 2304 616 617
3 2792 619 3802
3 2792 3802 3801
3 2792 3801 621
3 621 3801 2309
3 2309 3801 2308
3 2308 3801 2306
3 2308 2306 620
3 2306 3801 3802
3 2306 3802 2307
3 2307 3802 619
3 2316 622 2311
3 2316 2311 2310
3 2316 2310 2315
3 2315 2310 3803
3 2315 3803 2314
3 2314 3803 2312
3 2314 2312 624
3 2312 3803 623
3 623 3803 2310
3 2800 625 3804
3 2800 3804 2322
3 2800 2322 627
3 2322 3804 2321
3 2321 3804 2318
3 2321 2318 2320
3 2320 2318 2317
3 2320 2317 626
3 2318 3804 2319
3 2319 3804 625
3 630 628 2328
3 2328 628 2325
3 2328 2325 2327
3 2327 2325 2324
3 2327 2324 2326
3 2326 2324 2323
3 2326 2323 629
3 2332 631 2331
3 2332 2331 2330
3 2332 2330 633
3 633 2330 2329
3 633 2329 632
3 636 634 2336
3 636 2336 2337
3 2337 2336 635
3 2832 637 2338
3 2832 2338 639
3 639 2338 638
3 2352 640 641
3 2352 641 2339
3 2352 2339 2351
3 2351 2339 2340
3 2351 2340 2350
3 2350 2340 2341
3 2350 2341 2349
3 2349 2341 642
3 2346 643 2344
3 2346 2344 2343
3 2346 2343 2345
3 2345 2343 2342
3 2345 2342 645
3 645 2342 644
3 648 646 2356
3 648 2356 2359
3 2359 2356 2355
3 2359 2355 2358
3 2358 2355 2354
3 2358 2354 2357
3 2357 2354 2353
3 2357 2353 647
3 3806 3807 3809
3 3807 3808 3809
3 2367 649 2362
3 2367 2362 3808
3 2367 3808 2366
3 2366 3808 3807
3 2366 3807 2365
3 2365 3807 3806
3 2365 3806 651
3 651 3806 2363
3 2363 3806 3805
3 2363 3805 650
3 650 3805 2360
3 2360 3805 3806
3 2360 3806 3809
3 2360 3809 2361
3 2361 3809 3808
3 2361 3808 2362
3 2858 652 2375
3 2858 2375 3810
3 2858 3810 654
3 654 3810 2378
3 2378 3810 3811
3 2378 3811 2377
3 2377 3811 2373
3 2377 2373 2376
3 2376 2373 653
3 2373 3811 2374
3 2374 3811 3810
3 2374 3810 2375
3 3674 655 2381
3 3674 2381 2380
3 3674 2380 3675
3 3675 2380 2379
3 3675 2379 657
3 657 2379 656
3 2492 658 2382
3 2492 2382 2383
3 2492 2383 660
3 2382 658 659
3 2467 661 2385
3 2467 2385 2384
3 2467 2384 663
3 663 2384 662
3 2469 664 2386
3 2469 2386 666
3 2386 664 665
3 2396 667 2387
3 2396 2387 669
3 669 2387 668
3 2479 670 2403
3 2479 2403 2404
3 2479 2404 672
3 2404 2403 671
3 675 673 2405
3 675 2405 2406
3 2406 2405 674
3 678 676 677
3 2484 679 680
3 2484 680 681
3 2491 682 683
3 2491 683 684
3 687 685 686
3 690 688 689
3 693 691 692
3 2426 694 695
3 2426 695 696
3 699 697 2430
3 699 2430 698
3 702 700 701
3 705 703 704
3 708 706 707
3 2490 709 710
3 2490 710 711
3 2489 712 2445
3 2489 2445 714
3 2445 712 713
3 717 715 2450
3 2450 715 2449
3 2450 2449 716
3 720 718 719
3 2468 721 722
3 2468 722 723
3 2462 724 2454
3 2462 2454 2455
3 2462 2455 726
3 2454 724 725
3 2466 727 2463
3 2466 2463 728
3 2466 728 729
3 2485 730 2476
3 2485 2476 732
3 2476 730 731
3 2480 733 2477
3 2480 2477 2478
3 2480 2478 735
3 2478 2477 734
3 3673 736 3813
3 3673 3813 3812
3 3673 3812 3814
3 3673 3814 3672
3 3672 3814 738
3 738 3814 2496
3 2496 3814 2495
3 2495 3814 3812
3 2495 3812 3813
3 2495 3813 2494
3 2494 3813 2493
3 2494 2493 737
3 2493 3813 736
3 2867 739 2499
3 2867 2499 2498
3 2867 2498 2868
3 2868 2498 2497
3 2868 2497 741
3 741 2497 740
3 994 742 3704
3 994 3704 3705
3 994 3705 3711
3 3711 3705 3706
3 3711 3706 3707
3 3711 3707 995
3 995 3707 746
3 995 746 744
3 3704 742 745
3 745 742 743
3 2879 747 746
3 2879 746 3707
3 2879 3707 2880
3 2880 3707 3706
3 2880 3706 749
3 749 3706 3705
3 749 3705 2501
3 2501 3705 3704
3 2501 3704 2500
3 2500 3704 745
3 2500 745 748
3 2888 750 2503
3 2888 2503 752
3 752 2503 2502
3 752 2502 2504
3 2504 2502 751
3 755 753 2505
3 755 2505 754
3 2511 756 2506
3 2511 2506 2507
3 2511 2507 2510
3 2510 2507 758
3 2506 756 757
3 1005 759 2513
3 1005 2513 2512
3 1005 2512 3712
3 3712 2512 760
3 3712 760 3713
3 3713 760 2514
3 3713 2514 1006
3 1006 2514 2515
3 1006 2515 761
3 2518 762 2517
3 2518 2517 2516
3 2518 2516 764
3 764 2516 763
3 2525 765 2519
3 2525 2519 3816
3 2525 3816 3815
3 2525 3815 2524
3 2524 3815 767
3 767 3815 2521
3 2521 3815 3816
3 2521 3816 2520
3 2520 3816 2519
3 2520 2519 766
3 2905 768 2527
3 2905 2527 2526
3 2905 2526 2906
3 2906 2526 769
3 2906 769 770
3 773 771 772
3 2911 774 775
3 2911 775 2528
3 2911 2528 2912
3 2912 2528 2529
3 2912 2529 776
3 2930 777 2531
3 2930 2531 2530
3 2930 2530 779
3 779 2530 778
3 782 780 781
3 2536 783 784
3 2536 784 2534
3 2536 2534 785
3 2940 786 2540
3 2940 2540 2541
3 2940 2541 788
3 2541 2540 787
3 791 789 2546
3 2546 789 2545
3 2546 2545 790
3 794 792 793
3 2946 795 796
3 2946 796 797
3 2950 798 2559
3 2950 2559 800
3 2559 798 2558
3 2558 798 799
3 2565 801 2561
3 2565 2561 2560
3 2565 2560 2564
3 2564 2560 802
3 2564 802 803
3 806 804 2567
3 806 2567 2566
3 806 2566 2568
3 2568 2566 805
3 2576 807 2572
3 2576 2572 809
3 2572 807 2571
3 2571 807 2569
3 2571 2569 2570
3 2570 2569 808
3 812 810 2577
3 812 2577 811
3 815 813 2580
3 2580 813 814
3 818 816 2581
3 818 2581 817
3 2967 819 2582
3 2967 2582 2583
3 2967 2583 2968
3 2968 2583 2584
3 2968 2584 821
3 2582 819 820
3 824 822 2587
3 824 2587 2589
3 2589 2587 2586
3 2589 2586 2588
3 2588 2586 2585
3 2588 2585 823
3 2979 825 3817
3 2979 3817 2592
3 2979 2592 827
3 2592 3817 829
3 829 3817 3708
3 3708 3817 3818
3 3708 3818 828
3 828 3818 2590
3 828 2590 2594
3 2594 2590 826
3 2590 3818 2591
3 2591 3818 3817
3 2591 3817 825
3 832 830 2593
3 832 2593 2598
3 2598 2593 829
3 2598 829 3708
3 2598 3708 2597
3 2597 3708 828
3 2597 828 2596
3 2596 828 2595
3 2596 2595 831
3 835 833 837
3 837 833 2601
3 837 2601 3710
3 3710 2601 2600
3 3710 2600 3709
3 3709 2600 2599
3 3709 2599 836
3 836 2599 834
3 3671 838 837
3 3671 837 840
3 840 837 3710
3 840 3710 2603
3 2603 3710 3709
3 2603 3709 2602
3 2602 3709 836
3 2602 836 839
3 3819 3820 3821
3 3821 3820 3822
3 3823 3821 3824
3 3821 3822 3824
3 3823 3824 3825
3 1526 841 3819
3 1526 3819 3717
3 3717 3819 3821
3 3717 3821 3823
3 3717 3823 1527
3 1527 3823 3825
3 1527 3825 843
3 843 3825 2607
3 2607 3825 3824
3 2607 3824 2606
3 2606 3824 3822
3 2606 3822 842
3 842 3822 2604
3 2604 3822 3820
3 2604 3820 2605
3 2605 3820 3819
3 2605 3819 841
3 846 844 2609
3 846 2609 2611
3 2611 2609 2608
3 2611 2608 2610
3 2610 2608 845
3 2620 847 848
3 2620 848 2618
3 2620 2618 849
3 2635 850 2621
3 2635 2621 2622
3 2635 2622 2623
3 2635 2623 2634
3 2634 2623 852
3 2622 2621 851
3 855 853 2629
3 855 2629 2631
3 2631 2629 2628
3 2631 2628 2630
3 2630 2628 854
3 1522 856 2637
3 1522 2637 3716
3 3716 2637 2636
3 3716 2636 857
3 3716 857 3715
3 3715 857 3826
3 3715 3826 3714
3 3714 3826 2638
3 3714 2638 2639
3 3714 2639 1521
3 1521 2639 858
3 2638 3826 857
3 3025 859 2645
3 3025 2645 3026
3 3026 2645 2644
3 3026 2644 861
3 861 2644 860
3 2653 862 2646
3 2653 2646 2647
3 2653 2647 2652
3 2652 2647 2648
3 2652 2648 864
3 2646 862 863
3 3030 865 2655
3 3030 2655 3031
3 3031 2655 2654
3 3031 2654 3032
3 3032 2654 866
3 3032 866 867
3 870 868 2656
3 2656 868 869
3 873 871 2657
3 873 2657 872
3 3048 874 2658
3 3048 2658 2659
3 3048 2659 3049
3 3049 2659 876
3 2658 874 875
3 879 877 2661
3 879 2661 2663
3 2663 2661 2660
3 2663 2660 2662
3 2662 2660 878
3 882 880 2667
3 2667 880 2665
3 2667 2665 2666
3 2666 2665 2664
3 2666 2664 881
3 885 883 2669
3 885 2669 2671
3 2671 2669 2668
3 2671 2668 2670
3 2670 2668 884
3 2696 886 3828
3 2696 3828 2676
3 2696 2676 888
3 2676 3828 2675
3 2675 3828 3827
3 2675 3827 2674
3 2674 3827 2672
3 2674 2672 887
3 2672 3827 2673
3 2673 3827 886
3 886 3827 3828
3 3831 3829 3832
3 3832 3829 3830
3 3832 3830 3833
3 2685 889 3833
3 2685 3833 3830
3 2685 3830 2684
3 2684 3830 891
3 891 3830 3829
3 891 3829 2681
3 2681 3829 3831
3 2681 3831 2680
3 2680 3831 2677
3 2680 2677 890
3 2677 3831 2678
3 2678 3831 3832
3 2678 3832 2679
3 2679 3832 3833
3 2679 3833 889
3 2692 892 2687
3 2692 2687 3834
3 2692 3834 2691
3 2691 3834 2690
3 2690 3834 2688
3 2690 2688 894
3 2688 3834 893
3 893 3834 2686
3 2686 3834 2687
3 897 895 2699
3 2699 895 2697
3 2699 2697 2698
3 2698 2697 896
3 2704 898 2701
3 2704 2701 2700
3 2704 2700 2702
3 2704 2702 900
3 2702 2700 899
3 2711 901 2705
3 2711 2705 3835
3 2711 3835 903
3 903 3835 2706
3 2706 3835 902
3 902 3835 2705
3 906 904 2712
3 906 2712 2713
3 2713 2712 905
3 909 907 2721
3 2721 907 2720
3 2721 2720 908
3 912 910 2725
3 2725 910 2724
3 2724 910 2722
3 2724 2722 2723
3 2723 2722 911
3 3836 3837 3838
3 3070 913 3837
3 3070 3837 3836
3 3070 3836 915
3 915 3836 2730
3 2730 3836 3838
3 2730 3838 2729
3 2729 3838 2726
3 2729 2726 914
3 2726 3838 2727
3 2727 3838 2728
3 2728 3838 3837
3 2728 3837 913
3 3078 916 2736
3 3078 2736 2735
3 3078 2735 918
3 918 2735 917
3 921 919 2737
3 2737 919 920
3 924 922 2738
3 924 2738 923
3 2746 925 926
3 2746 926 2741
3 2746 2741 2745
3 2745 2741 2742
3 2745 2742 927
3 3664 928 2748
3 3664 2748 3839
3 3664 3839 3665
3 3665 3839 930
3 930 3839 2749
3 2749 3839 2747
3 2749 2747 929
3 2747 3839 2748
3 933 931 2754
3 2754 931 2753
3 2754 2753 932
3 3659 934 2765
3 3659 2765 2766
3 3659 2766 3658
3 3658 2766 936
3 2765 934 935
3 3841 3840 3842
3 3085 937 2768
3 3085 2768 3842
3 3085 3842 3086
3 3086 3842 3840
3 3086 3840 939
3 939 3840 2770
3 2770 3840 2769
3 2769 3840 3841
3 2769 3841 938
3 938 3841 2767
3 2767 3841 2768
3 2768 3841 3842
3 3122 940 2776
3 3122 2776 2775
3 3122 2775 3123
3 3123 2775 941
3 3123 941 942
3 945 943 944
3 948 946 947
3 951 949 950
3 954 952 953
3 2793 955 2791
3 2793 2791 957
3 2791 955 956
3 2806 958 2794
3 2806 2794 2805
3 2805 2794 959
3 2805 959 2795
3 2805 2795 960
3 963 961 2797
3 2797 961 2796
3 2797 2796 962
3 966 964 2798
3 966 2798 2799
3 2799 2798 965
3 3141 967 2812
3 3141 2812 2811
3 3141 2811 3142
3 3142 2811 968
3 3142 968 969
3 972 970 2813
3 2813 970 971
3 2835 973 2826
3 2835 2826 974
3 2835 974 2834
3 2834 974 2827
3 2834 2827 2833
3 2833 2827 2828
3 2833 2828 975
3 978 976 2830
3 978 2830 2831
3 2831 2830 2829
3 2831 2829 977
3 981 979 2838
3 981 2838 3843
3 981 3843 2841
3 2841 3843 2840
3 2840 3843 2837
3 2840 2837 2836
3 2840 2836 2839
3 2839 2836 980
3 2837 3843 2838
3 3848 3845 3849
3 3846 3847 3850
3 3847 3848 3850
3 3850 3848 3851
3 3848 3849 3851
3 1210 982 3844
3 1210 3844 3726
3 3726 3844 3845
3 3726 3845 1530
3 1530 3845 3724
3 3724 3845 3848
3 3724 3848 1531
3 1531 3848 3847
3 1531 3847 3727
3 3727 3847 3846
3 3727 3846 1211
3 1211 3846 984
3 984 3846 2846
3 2846 3846 3850
3 2846 3850 2845
3 2845 3850 3851
3 2845 3851 983
3 983 3851 2842
3 2842 3851 3849
3 2842 3849 2843
3 2843 3849 3845
3 2843 3845 3844
3 2843 3844 2844
3 2844 3844 982
3 987 985 2852
3 987 2852 2854
3 2854 2852 2851
3 2854 2851 2853
3 2853 2851 986
3 2861 988 2856
3 2861 2856 2855
3 2861 2855 2860
3 2860 2855 3852
3 2860 3852 2859
3 2859 3852 2857
3 2859 2857 990
3 2857 3852 989
3 989 3852 2855
3 3853 3854 3856
3 3856 3854 3857
3 3854 3855 3857
3 3857 3855 3858
3 3856 3857 3861
3 3861 3857 3862
3 3857 3858 3862
3 3858 3859 3862
3 3859 3860 3862
3 3861 3862 3863
3 3862 3860 3863
3 995 991 3853
3 995 3853 3856
3 995 3856 3711
3 3711 3856 3861
3 3711 3861 3863
3 3711 3863 994
3 994 3863 3860
3 994 3860 993
3 993 3860 2866
3 2866 3860 3859
3 2866 3859 2865
3 2865 3859 3858
3 2865 3858 992
3 992 3858 3855
3 992 3855 2862
3 2862 3855 2863
3 2863 3855 3854
3 2863 3854 2864
3 2864 3854 3853
3 2864 3853 991
3 2890 996 997
3 2890 997 2873
3 2890 2873 2889
3 2889 2873 2874
3 2889 2874 998
3 3865 3864 3866
3 2883 999 2876
3 2883 2876 3865
3 2883 3865 2882
3 2882 3865 3866
3 2882 3866 2881
3 2881 3866 2878
3 2881 2878 1001
3 2878 3866 2877
3 2877 3866 3864
3 2877 3864 1000
3 1000 3864 2875
3 2875 3864 2876
3 2876 3864 3865
3 1006 1002 2886
3 1006 2886 3867
3 1006 3867 3713
3 3713 3867 3712
3 3712 3867 3868
3 3712 3868 3869
3 3712 3869 1005
3 1005 3869 2887
3 1005 2887 1004
3 2887 3869 1003
3 1003 3869 3868
3 1003 3868 2884
3 2884 3868 2885
3 2885 3868 3867
3 2885 3867 2886
3 3198 1007 2892
3 3198 2892 3870
3 3198 3870 1009
3 1009 3870 2893
3 2893 3870 2891
3 2893 2891 1008
3 2891 3870 2892
3 1012 1010 2894
3 1012 2894 2895
3 2895 2894 1011
3 1015 1013 2898
3 2898 1013 2897
3 2897 1013 2896
3 2897 2896 1014
3 1018 1016 2900
3 1018 2900 2901
3 2901 2900 2899
3 2901 2899 1017
3 2907 1019 3871
3 2907 3871 2904
3 2907 2904 1021
3 2904 3871 2903
3 2903 3871 2902
3 2903 2902 1020
3 2902 3871 1019
3 1024 1022 2910
3 2910 1022 2908
3 2910 2908 2909
3 2909 2908 1023
3 1027 1025 2913
3 2913 1025 1026
3 3200 1028 2914
3 3200 2914 1030
3 1030 2914 1029
3 3211 1031 1032
3 3211 1032 2921
3 3211 2921 1033
3 2931 1034 2922
3 2931 2922 2923
3 2931 2923 1036
3 2923 2922 1035
3 2958 1037 2932
3 2958 2932 3872
3 2958 3872 1039
3 1039 3872 2933
3 2933 3872 2932
3 2933 2932 1038
3 2957 1040 2934
3 2957 2934 1041
3 2957 1041 1042
3 2943 1043 1044
3 2943 1044 2937
3 2943 2937 1045
3 2942 1046 2938
3 2942 2938 1048
3 1048 2938 1047
3 1051 1049 1050
3 2941 1052 2939
3 2941 2939 1054
3 2939 1052 1053
3 1057 1055 2944
3 1057 2944 2945
3 2945 2944 1056
3 2953 1058 1059
3 2953 1059 2947
3 2953 2947 1060
3 1063 1061 2948
3 1063 2948 2949
3 2949 2948 1062
3 1066 1064 2962
3 1066 2962 1065
3 2969 1067 2965
3 2969 2965 2966
3 2969 2966 1069
3 2965 1067 1068
3 3217 1070 2970
3 3217 2970 1072
3 1072 2970 1071
3 2980 1073 2973
3 2980 2973 1075
3 2973 1073 1074
3 2978 1076 2977
3 2978 2977 1078
3 1078 2977 1077
3 3228 1079 3873
3 3228 3873 2986
3 3228 2986 2987
3 3228 2987 1081
3 2986 3873 2985
3 2985 3873 2984
3 2985 2984 1080
3 2984 3873 1079
3 3236 1082 2990
3 3236 2990 2989
3 3236 2989 1084
3 1084 2989 2991
3 2991 2989 2988
3 2991 2988 1083
3 1087 1085 2995
3 1087 2995 1086
3 1090 1088 2998
3 2998 1088 1089
3 1093 1091 2999
3 1093 2999 1092
3 3247 1094 1095
3 3247 1095 3002
3 3247 3002 3248
3 3248 3002 3003
3 3248 3003 1096
3 3033 1097 3874
3 3033 3874 3008
3 3033 3008 1099
3 3008 3874 3007
3 3007 3874 3875
3 3007 3875 3006
3 3006 3875 3004
3 3006 3004 1098
3 3004 3875 3005
3 3005 3875 3874
3 3005 3874 1097
3 1102 1100 3876
3 1102 3876 3019
3 3019 3876 3018
3 3018 3876 3015
3 3018 3015 3017
3 3017 3015 3014
3 3017 3014 1101
3 3015 3876 3016
3 3016 3876 1100
3 3877 3878 3880
3 3881 3877 3879
3 3879 3877 3880
3 3029 1103 3022
3 3029 3022 3881
3 3029 3881 3028
3 3028 3881 3879
3 3028 3879 3027
3 3027 3879 3880
3 3027 3880 1105
3 1105 3880 3024
3 3024 3880 3023
3 3023 3880 3878
3 3023 3878 1104
3 1104 3878 3020
3 3020 3878 3877
3 3020 3877 3021
3 3021 3877 3881
3 3021 3881 3022
3 1108 1106 3034
3 1108 3034 3035
3 3035 3034 1107
3 3260 1109 3036
3 3260 3036 3882
3 3260 3882 1111
3 1111 3882 3037
3 3037 3882 3036
3 3037 3036 1110
3 1114 1112 3041
3 1114 3041 1113
3 3268 1115 3044
3 3268 3044 1117
3 3044 1115 1116
3 1120 1118 3047
3 3047 1118 3045
3 3047 3045 3046
3 3046 3045 1119
3 1123 1121 1122
3 1126 1124 1125
3 1129 1127 1128
3 1132 1130 1131
3 1135 1133 3066
3 3066 1133 1134
3 1138 1136 1137
3 1141 1139 1140
3 1144 1142 1143
3 3080 1145 1146
3 3080 1146 3075
3 3080 3075 3079
3 3079 3075 1147
3 1150 1148 3077
3 3077 1148 3076
3 3077 3076 1149
3 3884 3885 3886
3 3089 1151 3082
3 3089 3082 3885
3 3089 3885 3088
3 3088 3885 3883
3 3088 3883 3087
3 3087 3883 3084
3 3087 3084 1153
3 3084 3883 3884
3 3084 3884 3083
3 3083 3884 3886
3 3083 3886 1152
3 1152 3886 3081
3 3081 3886 3082
3 3082 3886 3885
3 3884 3883 3885
3 1156 1154 3101
3 3101 1154 3097
3 3101 3097 3100
3 3100 3097 3096
3 3100 3096 3099
3 3099 3096 3095
3 3099 3095 3098
3 3098 3095 1155
3 3301 1157 3105
3 3301 3105 3104
3 3301 3104 3302
3 3302 3104 3103
3 3302 3103 3303
3 3303 3103 3102
3 3303 3102 1159
3 1159 3102 1158
3 3310 1160 3106
3 3310 3106 3107
3 3310 3107 3311
3 3311 3107 3108
3 3311 3108 1162
3 3106 1160 1161
3 3353 1163 3111
3 3353 3111 3110
3 3353 3110 1165
3 1165 3110 3109
3 1165 3109 3112
3 3112 3109 1164
3 1168 1166 3113
3 1168 3113 1167
3 3124 1169 3120
3 3124 3120 3121
3 3124 3121 1171
3 3120 1169 1170
3 1174 1172 3129
3 3129 1172 3128
3 3129 3128 1173
3 3376 1175 3888
3 3376 3888 3887
3 3376 3887 3377
3 3377 3887 3134
3 3377 3134 1177
3 3134 3887 3133
3 3133 3887 3888
3 3133 3888 3132
3 3132 3888 3889
3 3132 3889 3131
3 3131 3889 3130
3 3131 3130 1176
3 3130 3889 1175
3 1175 3889 3888
3 3561 1178 3138
3 3561 3138 3137
3 3561 3137 3562
3 3562 3137 3136
3 3562 3136 3563
3 3563 3136 3135
3 3563 3135 1180
3 1180 3135 1179
3 3144 1181 3139
3 3144 3139 3140
3 3144 3140 3143
3 3143 3140 1183
3 3139 1181 1182
3 3149 1184 3146
3 3149 3146 3148
3 3148 3146 3145
3 3148 3145 3147
3 3147 3145 1185
3 3147 1185 1186
3 3560 1187 3152
3 3560 3152 3151
3 3560 3151 3559
3 3559 3151 3150
3 3559 3150 3558
3 3558 3150 1188
3 3558 1188 1189
3 3171 1190 1191
3 3171 1191 1192
3 1195 1193 3172
3 1195 3172 1194
3 3380 1196 3173
3 3380 3173 3174
3 3380 3174 3381
3 3381 3174 1198
3 3173 1196 1197
3 3385 1199 3890
3 3385 3890 3179
3 3385 3179 1201
3 3179 3890 3178
3 3178 3890 3175
3 3178 3175 3177
3 3177 3175 1200
3 3175 3890 3176
3 3176 3890 1199
3 3892 3893 3896
3 3892 3891 3893
3 3893 3894 3897
3 3894 3895 3897
3 3896 3893 3897
3 3392 1202 3896
3 3392 3896 3897
3 3392 3897 3393
3 3393 3897 3895
3 3393 3895 1206
3 3393 1206 1204
3 1206 3895 3725
3 3725 3895 3894
3 3725 3894 1531
3 1531 3894 3893
3 1531 3893 3891
3 1531 3891 3724
3 3724 3891 1530
3 1530 3891 3723
3 3723 3891 3181
3 3723 3181 3180
3 3723 3180 1205
3 1205 3180 1203
3 3181 3891 3892
3 3181 3892 3182
3 3182 3892 3896
3 3182 3896 1202
3 1209 1207 1206
3 1209 1206 1211
3 1211 1206 3725
3 1211 3725 3727
3 3727 3725 1531
3 3418 1212 1213
3 3418 1213 3189
3 3418 3189 3419
3 3419 3189 1214
3 1217 1215 3193
3 1217 3193 3194
3 3194 3193 1216
3 3201 1218 3199
3 3201 3199 1220
3 3199 1218 1219
3 1223 1221 3203
3 3203 1221 3202
3 3203 3202 1222
3 1226 1224 3205
3 3205 1224 3204
3 3205 3204 1225
3 3212 1227 3898
3 3212 3898 3210
3 3212 3210 1229
3 3210 3898 1228
3 1228 3898 3209
3 3209 3898 1227
3 1232 1230 3213
3 1232 3213 3214
3 3214 3213 1231
3 1235 1233 3216
3 3216 1233 3215
3 3216 3215 1234
3 1238 1236 1237
3 1241 1239 1240
3 3426 1242 1243
3 3426 1243 3220
3 3426 3220 3427
3 3427 3220 3221
3 3427 3221 1244
3 1247 1245 3223
3 1247 3223 3224
3 3224 3223 3222
3 3224 3222 1246
3 3435 1248 3233
3 3435 3233 1250
3 3233 1248 1249
3 3237 1251 3234
3 3237 3234 3899
3 3237 3899 1253
3 1253 3899 3235
3 3235 3899 3234
3 3235 3234 1252
3 1256 1254 3238
3 1256 3238 3239
3 3239 3238 1255
3 1259 1257 3241
3 3241 1257 3240
3 3241 3240 1258
3 1262 1260 3243
3 3243 1260 3242
3 3243 3242 1261
3 3246 1263 3244
3 3246 3244 3245
3 3245 3244 1264
3 3245 1264 1265
3 1268 1266 1267
3 1271 1269 1270
3 3440 1272 1273
3 3440 1273 3251
3 3440 3251 3441
3 3441 3251 1274
3 1277 1275 3253
3 3253 1275 3252
3 3253 3252 1276
3 3557 1278 3254
3 3557 3254 1280
3 1280 3254 3255
3 3255 3254 1279
3 3556 1281 3257
3 3556 3257 1283
3 3257 1281 3256
3 3257 3256 1282
3 3261 1284 3258
3 3261 3258 3259
3 3261 3259 1286
3 3259 3258 1285
3 3465 1287 3900
3 3465 3900 3263
3 3465 3263 1289
3 3263 3900 1288
3 1288 3900 3262
3 3262 3900 1287
3 1292 1290 3264
3 1292 3264 3265
3 3265 3264 1291
3 1295 1293 3266
3 1295 3266 3267
3 3267 3266 1294
3 3470 1296 3269
3 3470 3269 1298
3 3269 1296 1297
3 1301 1299 3270
3 1301 3270 1300
3 1304 1302 1303
3 1307 1305 1306
3 1310 1308 1309
3 3281 1311 1312
3 3281 1312 1313
3 1316 1314 3283
3 3283 1314 3282
3 3283 3282 1315
3 1319 1317 3287
3 1319 3287 3288
3 3288 3287 1318
3 1322 1320 3289
3 1322 3289 1321
3 1325 1323 3294
3 3294 1323 1324
3 1328 1326 3295
3 1328 3295 1327
3 1331 1329 1330
3 3305 1332 3299
3 3305 3299 3300
3 3305 3300 3304
3 3304 3300 1334
3 3299 1332 3298
3 3298 1332 1333
3 3903 3901 3904
3 3902 3903 3905
3 3903 3904 3905
3 3314 1335 3307
3 3314 3307 3905
3 3314 3905 3313
3 3313 3905 3904
3 3313 3904 3312
3 3312 3904 3901
3 3312 3901 1337
3 1337 3901 3309
3 3309 3901 3308
3 3308 3901 3903
3 3308 3903 3902
3 3308 3902 1336
3 1336 3902 3306
3 3306 3902 3307
3 3307 3902 3905
3 1340 1338 3906
3 1340 3906 3321
3 3321 3906 3907
3 3321 3907 3320
3 3320 3907 3319
3 3319 3907 3316
3 3319 3316 3315
3 3319 3315 3318
3 3318 3315 1339
3 3316 3907 3317
3 3317 3907 3906
3 3317 3906 1338
3 3445 1341 3325
3 3445 3325 3909
3 3445 3909 3444
3 3444 3909 1343
3 1343 3909 3323
3 1343 3323 3908
3 1343 3908 3326
3 3326 3908 1342
3 1342 3908 3322
3 3322 3908 3323
3 3323 3909 3324
3 3324 3909 3325
3 3443 1344 3910
3 3443 3910 3332
3 3443 3332 1346
3 3332 3910 3331
3 3331 3910 3330
3 3331 3330 1345
3 3330 3910 1344
3 1349 1347 3336
3 3336 1347 3334
3 3336 3334 3335
3 3335 3334 3333
3 3335 3333 1348
3 1352 1350 3340
3 3340 1350 3338
3 3340 3338 3339
3 3339 3338 3337
3 3339 3337 1351
3 3387 1353 3342
3 3387 3342 3911
3 3387 3911 3386
3 3386 3911 3912
3 3386 3912 1355
3 1355 3912 3343
3 3343 3912 3341
3 3343 3341 1354
3 3341 3912 3911
3 3341 3911 3342
3 1358 1356 3344
3 1358 3344 1357
3 3382 1359 3345
3 3382 3345 3346
3 3382 3346 1361
3 3345 1359 1360
3 1364 1362 3348
3 1364 3348 3349
3 3349 3348 3347
3 3349 3347 1363
3 3379 1365 3354
3 3379 3354 3355
3 3379 3355 3378
3 3378 3355 1367
3 3354 1365 1366
3 1370 1368 3360
3 3360 1368 3357
3 3360 3357 3359
3 3359 3357 3356
3 3359 3356 3358
3 3358 3356 1369
3 3370 1371 3363
3 3370 3363 3362
3 3370 3362 3369
3 3369 3362 3361
3 3369 3361 3368
3 3368 3361 1372
3 3368 1372 1373
3 3375 1374 3373
3 3375 3373 3372
3 3375 3372 3374
3 3374 3372 3371
3 3374 3371 1376
3 1376 3371 1375
3 1379 1377 3384
3 3384 1377 3383
3 3384 3383 1378
3 3394 1380 3913
3 3394 3913 1382
3 1382 3913 3391
3 3391 3913 3914
3 3391 3914 3390
3 3390 3914 3388
3 3390 3388 1381
3 3388 3914 3389
3 3389 3914 3913
3 3389 3913 1380
3 1385 1383 3398
3 1385 3398 3399
3 3399 3398 1384
3 1388 1386 3401
3 3401 1386 3400
3 3401 3400 1387
3 3421 1389 3915
3 3421 3915 3420
3 3420 3915 3408
3 3420 3408 1391
3 3408 3915 3407
3 3407 3915 3406
3 3406 3915 3405
3 3406 3405 1390
3 3405 3915 1389
3 1394 1392 3411
3 1394 3411 3413
3 3413 3411 3410
3 3413 3410 3412
3 3412 3410 3409
3 3412 3409 1393
3 1397 1395 3415
3 1397 3415 3417
3 3417 3415 3414
3 3417 3414 3416
3 3416 3414 1396
3 1400 1398 1399
3 1403 1401 3425
3 3425 1401 3423
3 3425 3423 3424
3 3424 3423 3422
3 3424 3422 1402
3 1406 1404 1405
3 1409 1407 3430
3 3430 1407 1408
3 1412 1410 3431
3 1412 3431 1411
3 1415 1413 3432
3 3432 1413 1414
3 1418 1416 3434
3 3434 1416 3433
3 3434 3433 1417
3 1421 1419 1420
3 3442 1422 3438
3 3442 3438 3439
3 3442 3439 1424
3 3438 1422 1423
3 1427 1425 3449
3 3449 1425 3447
3 3449 3447 3448
3 3448 3447 3446
3 3448 3446 1426
3 3453 1428 3451
3 3453 3451 3452
3 3452 3451 3450
3 3452 3450 1430
3 1430 3450 1429
3 3466 1431 3463
3 3466 3463 1433
3 1433 3463 3462
3 1433 3462 3464
3 3464 3462 1432
3 1436 1434 1435
3 1439 1437 3473
3 3473 1437 1438
3 1442 1440 3480
3 1442 3480 1441
3 1445 1443 1444
3 1448 1446 1447
3 1451 1449 1450
3 1454 1452 1453
3 3499 1455 1456
3 3499 1456 1457
3 1460 1458 3500
3 1460 3500 1459
3 1463 1461 1462
3 1466 1464 1465
3 1469 1467 1468
3 1472 1470 1471
3 1475 1473 3527
3 3527 1473 1474
3 3555 1476 3528
3 3555 3528 3529
3 3555 3529 1478
3 3529 3528 1477
3 3548 1479 3545
3 3548 3545 3546
3 3548 3546 1481
3 3546 3545 1480
3 1484 1482 3547
3 1484 3547 1483
3 1487 1485 1486
3 1490 1488 1489
3 1493 1491 1492
3 1496 1494 1495
3 1499 1497 3598
3 3598 1497 1498
3 1502 1500 3605
3 1502 3605 1501
3 1505 1503 1504
3 1508 1506 1507
3 1511 1509 3618
3 3618 1509 1510
3 3647 1512 3619
3 3647 3619 1513
3 3647 1513 3620
3 3647 3620 1514
3 3646 1515 3633
3 3646 3633 1516
3 3646 1516 3634
3 3646 3634 1517
3 1520 1518 3635
3 1520 3635 1519
3 3918 3916 3919
3 1527 1523 3921
3 1527 3921 3717
3 3717 3921 3920
3 3717 3920 3917
3 3717 3917 1526
3 1526 3917 3916
3 1526 3916 1525
3 1525 3916 3670
3 3670 3916 3918
3 3670 3918 1524
3 1524 3918 1521
3 1521 3918 3714
3 3714 3918 3919
3 3714 3919 3715
3 3715 3919 3920
3 3715 3920 3716
3 3716 3920 3921
3 3716 3921 1522
3 1522 3921 1523
3 3920 3919 3917
3 3917 3919 3916
3 3721 1528 3718
3 3721 3718 41
3 3721 41 46
3 46 41 44
3 3726 1530 3723
3 3726 3723 1210
3 1210 3723 1205
3 1210 1205 1208
3 3923 3922 3926
3 3923 3926 3927
3 3922 3924 3928
3 3922 3928 3925
3 3922 3925 3926
3 3926 3925 3929
3 3926 3929 3930
3 3927 3926 3930
3 3927 3930 3931
3 3929 3928 3933
3 3925 3928 3929
3 3930 3929 3934
3 3930 3934 3935
3 3931 3930 3935
3 3932 3931 3935
3 3932 3935 3936
3 3934 3933 3937
3 3929 3933 3934
3 3935 3934 3938
3 3936 3935 3938
3 3934 3937 3938
3 3938 3937 1558
3 3938 1558 1556
3 3938 1556 3936
3 3936 1556 24
3 3936 24 3932
3 3932 24 1552
3 3932 1552 21
3 3932 21 3931
3 3931 21 3927
3 3927 21 1547
3 3927 1547 3923
3 3923 1547 18
3 3923 18 10
3 3923 10 3922
3 3922 10 7
3 3922 7 3924
3 3924 7 4
3 3924 4 3928
3 3928 4 0
3 3928 0 3933
3 3933 0 1560
3 3933 1560 3937
3 3937 1560 1558
3 10 18 15
3 3939 3942 3943
3 3940 3939 3943
3 3940 3943 3944
3 3941 3947 3948
3 3942 3941 3948
3 3942 3948 3949
3 3943 3942 3949
3 3943 3949 3950
3 3944 3943 3950
3 3944 3950 3951
3 3945 3944 3951
3 3947 3946 3952
3 3948 3947 3952
3 3948 3952 3953
3 3949 3948 3953
3 3949 3953 3954
3 3950 3949 3954
3 3950 3954 3955
3 3951 3950 3955
3 3951 3955 1
3 3951 1 3
3 3951 3 3945
3 3945 3 54
3 3945 54 49
3 3945 49 3940
3 3945 3940 3944
3 3940 49 44
3 3940 44 3939
3 3939 44 39
3 3939 39 1589
3 3939 1589 3942
3 3942 1589 3941
3 3941 1589 1585
3 3941 1585 3946
3 3941 3946 3947
3 3946 1585 37
3 3946 37 1576
3 3946 1576 1578
3 3946 1578 3952
3 3952 1578 1580
3 3952 1580 3953
3 3953 1580 1582
3 3953 1582 3954
3 3954 1582 3955
3 3955 1582 1
3 6 55 5
3 3956 3958 3959
3 3957 3956 3959
3 3958 3961 3962
3 3959 3958 3962
3 3960 3959 3962
3 3960 3962 8
3 3960 8 9
3 3960 9 74
3 3960 74 71
3 3960 71 3959
3 3959 71 3957
3 3957 71 1621
3 3957 1621 68
3 3957 68 3956
3 3956 68 60
3 3956 60 1611
3 3956 1611 57
3 3956 57 3958
3 3958 57 3961
3 3961 57 53
3 3961 53 8
3 3961 8 3962
3 53 57 50
3 60 68 63
3 14 83 11
3 11 83 1625
3 11 1625 75
3 1625 83 80
3 1625 80 77
3 17 84 16
3 1637 86 1549
3 1637 1549 20
3 1549 86 81
3 1549 81 82
3 1549 82 19
3 3964 3963 3965
3 3964 3965 3686
3 3964 3686 1641
3 3964 1641 95
3 3964 95 3963
3 3963 95 92
3 3963 92 1638
3 3963 1638 3965
3 3965 1638 3966
3 3965 3966 3967
3 3965 3967 3688
3 3965 3688 3686
3 3688 3967 3968
3 3688 3968 26
3 26 3968 23
3 23 3968 1554
3 1554 3968 3967
3 1554 3967 3966
3 1554 3966 22
3 22 3966 1638
3 1638 92 89
3 1638 89 87
3 1641 3686 1643
3 1643 3686 3684
3 1643 3684 98
3 98 3684 3682
3 98 3682 1646
3 1646 3682 101
3 101 3682 1569
3 101 1569 32
3 1569 3682 31
3 3970 3969 3971
3 3970 3971 3972
3 3972 3971 3975
3 3972 3975 3976
3 3975 3974 3977
3 3976 3975 3977
3 3976 3977 3978
3 3976 3978 1579
3 3976 1579 1577
3 3976 1577 3972
3 3972 1577 1575
3 3972 1575 3970
3 3970 1575 36
3 3970 36 33
3 3970 33 3969
3 3969 33 1567
3 3969 1567 30
3 3969 30 3971
3 3971 30 3974
3 3971 3974 3975
3 3974 30 27
3 3974 27 3973
3 3974 3973 1557
3 3974 1557 3977
3 3977 1557 1559
3 3977 1559 3978
3 3978 1559 1561
3 3978 1561 1581
3 3978 1581 1579
3 1581 1561 2
3 1557 3973 25
3 25 3973 27
3 3689 28 3979
3 3689 3979 3687
3 3687 3979 3685
3 3685 3979 3683
3 3683 3979 29
3 29 3979 28
3 3980 3981 3982
3 3981 3983 3984
3 3982 3981 3984
3 3982 3984 3985
3 3982 3985 1658
3 3982 1658 1656
3 3982 1656 113
3 3982 113 3980
3 3980 113 110
3 3980 110 107
3 3980 107 104
3 3980 104 3981
3 3981 104 3983
3 3983 104 102
3 3983 102 34
3 3983 34 3984
3 3984 34 35
3 3984 35 3985
3 3985 35 3986
3 3985 3986 1660
3 3985 1660 1658
3 1660 3986 1662
3 1662 3986 1588
3 1662 1588 1664
3 1664 1588 1592
3 1664 1592 116
3 116 1592 119
3 119 1592 38
3 1588 3986 35
3 43 122 120
3 43 120 40
3 48 56 125
3 48 125 123
3 48 123 45
3 59 134 131
3 59 131 1682
3 59 1682 3987
3 59 3987 1614
3 1614 3987 58
3 58 3987 126
3 126 3987 128
3 128 3987 1682
3 62 137 61
3 61 137 135
3 3988 3992 3993
3 3989 3988 3993
3 3990 3989 3993
3 3992 3991 3995
3 3993 3992 3995
3 3994 3993 3995
3 3990 3993 3994
3 3994 3995 67
3 3994 67 163
3 3994 163 155
3 3994 155 3990
3 3990 155 152
3 3990 152 1712
3 3990 1712 3989
3 3989 1712 149
3 3989 149 146
3 3989 146 3988
3 3988 146 143
3 3988 143 140
3 3988 140 3992
3 3992 140 3991
3 3991 140 138
3 3991 138 64
3 3991 64 67
3 3991 67 3995
3 155 163 158
3 70 164 1622
3 1622 164 69
3 3997 3996 4002
3 3997 4002 4003
3 3998 3997 4003
3 3998 4003 4004
3 3999 3998 4004
3 3999 4004 4005
3 3996 4000 4006
3 3996 4006 4001
3 3996 4001 4002
3 4002 4001 4007
3 4002 4007 4008
3 4003 4002 4008
3 4003 4008 4009
3 4004 4003 4009
3 4004 4009 4010
3 4005 4004 4010
3 4001 4006 4007
3 4008 4007 4011
3 4008 4011 4012
3 4009 4008 4012
3 4010 4009 4012
3 4010 4012 76
3 4010 76 1736
3 4010 1736 4005
3 4005 1736 179
3 4005 179 1731
3 4005 1731 3999
3 3999 1731 176
3 3999 176 3998
3 3998 176 173
3 3998 173 3997
3 3997 173 3996
3 3996 173 168
3 3996 168 159
3 3996 159 4000
3 4000 159 162
3 4000 162 72
3 4000 72 4006
3 4006 72 73
3 4006 73 4007
3 4007 73 4011
3 4011 73 1626
3 4011 1626 4012
3 4012 1626 76
3 185 182 188
3 79 85 78
3 78 85 1738
3 1738 85 88
3 1738 88 194
3 1738 194 180
3 180 194 188
3 180 188 182
3 188 194 191
3 91 195 90
3 94 197 4013
3 94 4013 93
3 93 4013 193
3 193 4013 192
3 192 4013 1753
3 1753 4013 197
3 1759 203 4014
3 1759 4014 1644
3 1759 1644 97
3 1644 4014 1642
3 1642 4014 198
3 1642 198 96
3 198 4014 200
3 200 4014 203
3 100 103 1648
3 1648 103 1763
3 1648 1763 99
3 99 1763 1761
3 99 1761 1760
3 1760 1761 204
3 106 212 4017
3 106 4017 105
3 105 4017 1764
3 1764 4017 4016
3 1764 4016 1762
3 1762 4016 4015
3 1762 4015 202
3 202 4015 201
3 201 4015 206
3 206 4015 209
3 209 4015 4016
3 209 4016 4017
3 209 4017 212
3 109 221 218
3 109 218 215
3 109 215 108
3 108 215 213
3 1787 230 227
3 1787 227 224
3 1787 224 112
3 112 224 222
3 112 222 111
3 4020 4019 4022
3 4020 4022 4023
3 4021 4020 4023
3 4021 4023 239
3 4021 239 236
3 4021 236 1792
3 4021 1792 4020
3 4020 1792 4019
3 4019 1792 233
3 4019 233 231
3 4019 231 4018
3 4019 4018 1659
3 4019 1659 4022
3 4022 1659 1661
3 4022 1661 4023
3 4023 1661 1663
3 4023 1663 1665
3 4023 1665 239
3 239 1665 115
3 1659 4018 1657
3 1657 4018 114
3 114 4018 1788
3 1788 4018 231
3 4026 4025 4027
3 4024 4026 4027
3 4027 4025 240
3 4027 240 117
3 4027 117 118
3 4027 118 121
3 4027 121 4024
3 4024 121 124
3 4024 124 1808
3 4024 1808 4026
3 4026 1808 242
3 4026 242 1804
3 4026 1804 4025
3 4025 1804 240
3 1808 124 245
3 245 124 127
3 4029 4028 4030
3 4029 4030 4031
3 4029 4031 254
3 4029 254 251
3 4029 251 4028
3 4028 251 1826
3 4028 1826 1824
3 4028 1824 1822
3 4028 1822 4030
3 4030 1822 1820
3 4030 1820 4031
3 4031 1820 1818
3 4031 1818 1685
3 4031 1685 130
3 4031 130 254
3 1685 1818 129
3 129 1818 246
3 1824 1826 248
3 133 136 132
3 132 136 255
3 255 136 139
3 255 139 260
3 255 260 257
3 142 261 141
3 1842 263 4032
3 1842 4032 1844
3 1844 4032 4033
3 1844 4033 145
3 145 4033 144
3 144 4033 258
3 144 258 259
3 258 4033 4032
3 258 4032 263
3 148 278 275
3 148 275 1845
3 148 1845 147
3 1845 275 272
3 1845 272 269
3 1845 269 1843
3 1843 269 1852
3 1843 1852 1850
3 1843 1850 264
3 264 1850 266
3 151 284 1713
3 1713 284 281
3 1713 281 150
3 150 281 279
3 4034 4037 4038
3 4035 4034 4038
3 4036 4040 4041
3 4037 4036 4041
3 4041 4040 4042
3 4041 4042 1910
3 4041 1910 4037
3 4037 1910 4038
3 4038 1910 305
3 4038 305 4035
3 4035 305 299
3 4035 299 296
3 4035 296 293
3 4035 293 290
3 4035 290 4034
3 4034 290 1884
3 4034 1884 4036
3 4034 4036 4037
3 4036 1884 1880
3 4036 1880 4040
3 4040 1880 1876
3 4040 1876 4039
3 4040 4039 4042
3 4042 4039 154
3 4042 154 169
3 4042 169 172
3 4042 172 1910
3 154 4039 153
3 153 4039 287
3 153 287 285
3 287 4039 1876
3 299 305 302
3 157 167 156
3 1916 306 4043
3 1916 4043 175
3 175 4043 1913
3 175 1913 174
3 1913 4043 306
3 4045 4044 4046
3 4045 4046 4047
3 4046 4048 4049
3 4047 4046 4049
3 4047 4049 317
3 4047 317 311
3 4047 311 4045
3 4045 311 308
3 4045 308 4044
3 4044 308 304
3 4044 304 1917
3 4044 1917 4046
3 4046 1917 4048
3 4048 1917 177
3 4048 177 1733
3 4048 1733 178
3 4048 178 4049
3 4049 178 181
3 4049 181 317
3 304 308 303
3 311 317 314
3 183 184 318
3 1936 329 326
3 1936 326 320
3 1936 320 4050
3 1936 4050 1938
3 1938 4050 316
3 1938 316 1940
3 1940 316 186
3 1940 186 187
3 316 4050 315
3 315 4050 320
3 320 326 323
3 4051 4053 4054
3 4051 4054 205
3 4051 205 330
3 4051 330 1937
3 4051 1937 1939
3 4051 1939 4053
3 4053 1939 4052
3 4053 4052 1755
3 4053 1755 196
3 4053 196 4054
3 4054 196 199
3 4054 199 205
3 1755 4052 190
3 190 4052 1941
3 190 1941 189
3 1941 4052 1939
3 208 332 207
3 207 332 328
3 328 332 327
3 211 214 1969
3 211 1969 4056
3 211 4056 210
3 210 4056 4055
3 210 4055 341
3 210 341 333
3 333 341 338
3 333 338 335
3 341 4055 1961
3 1961 4055 344
3 344 4055 4056
3 344 4056 1967
3 344 1967 347
3 1967 4056 1969
3 1978 359 4057
3 1978 4057 1980
3 1980 4057 1968
3 1980 1968 1970
3 1980 1970 1982
3 1982 1970 216
3 1982 216 217
3 1968 4057 348
3 348 4057 1972
3 1972 4057 359
3 1972 359 350
3 350 359 356
3 350 356 353
3 223 368 220
3 220 368 4059
3 220 4059 1983
3 220 1983 219
3 1983 4059 1981
3 1981 4059 4058
3 1981 4058 1979
3 1979 4058 1984
3 1979 1984 360
3 1984 4058 362
3 362 4058 365
3 365 4058 1987
3 1987 4058 4059
3 1987 4059 368
3 226 371 369
3 226 369 225
3 229 232 2016
3 229 2016 228
3 228 2016 372
3 372 2016 374
3 374 2016 2014
3 374 2014 2004
3 2004 2014 2012
3 2004 2012 377
3 377 2012 388
3 377 388 385
3 377 385 380
3 235 391 4060
3 235 4060 1794
3 1794 4060 2017
3 1794 2017 234
3 2017 4060 2015
3 2015 4060 2013
3 2013 4060 391
3 2013 391 389
3 1805 241 4061
3 1805 4061 2026
3 1805 2026 392
3 1805 392 237
3 1805 237 238
3 2026 4061 394
3 394 4061 241
3 4062 4063 4064
3 4063 4065 4066
3 4064 4063 4066
3 4066 4065 4068
3 4067 4066 4068
3 4067 4068 4069
3 4069 4068 2038
3 4069 2038 1811
3 4069 1811 1819
3 4069 1819 1821
3 4069 1821 4067
3 4067 1821 1823
3 4067 1823 4066
3 4066 1823 1825
3 4066 1825 4064
3 4064 1825 247
3 4064 247 4062
3 4062 247 418
3 4062 418 415
3 4062 415 412
3 4062 412 4063
3 4063 412 2046
3 4063 2046 4065
3 4065 2046 409
3 4065 409 2038
3 4065 2038 4068
3 2038 409 406
3 1819 1811 244
3 1811 2038 2035
3 1811 2035 243
3 243 2035 403
3 243 403 400
3 243 400 395
3 395 400 397
3 2058 424 2054
3 2058 2054 249
3 2058 249 2060
3 2060 249 1827
3 2060 1827 250
3 249 2054 419
3 2054 424 421
3 253 256 252
3 252 256 2061
3 2061 256 262
3 2061 262 4070
3 2061 4070 2059
3 2059 4070 425
3 425 4070 427
3 427 4070 433
3 427 433 430
3 433 4070 265
3 265 4070 262
3 2080 445 4072
3 2080 4072 4073
3 2080 4073 2082
3 2082 4073 4074
3 2082 4074 1853
3 2082 1853 268
3 1853 4074 1851
3 1851 4074 2070
3 1851 2070 434
3 1851 434 267
3 2070 4074 4073
3 2070 4073 4072
3 2070 4072 2072
3 2072 4072 4071
3 2072 4071 436
3 436 4071 439
3 439 4071 2078
3 439 2078 442
3 2078 4071 4072
3 2078 4072 445
3 2087 448 4075
3 2087 4075 2083
3 2087 2083 270
3 2087 270 271
3 2083 4075 2081
3 2081 4075 2084
3 2081 2084 446
3 2084 4075 448
3 457 454 2091
3 274 282 2099
3 274 2099 2097
3 274 2097 4078
3 274 4078 273
3 273 4078 4077
3 273 4077 2089
3 2089 4077 4076
3 2089 4076 449
3 449 4076 451
3 451 4076 2091
3 451 2091 454
3 2091 4076 2093
3 2093 4076 4077
3 2093 4077 4078
3 2093 4078 2095
3 2095 4078 2097
3 2099 282 283
3 2099 283 286
3 277 280 276
3 4079 4081 4082
3 4080 4079 4082
3 4080 4082 4083
3 4082 4081 4086
3 4082 4086 4087
3 4083 4082 4087
3 4084 4083 4087
3 4085 4084 4088
3 4085 4088 4089
3 4086 4092 4093
3 4087 4086 4093
3 4088 4087 4093
3 4084 4087 4088
3 4089 4088 4094
3 4089 4094 4095
3 4090 4089 4095
3 4091 4090 4095
3 4093 4092 4096
3 4094 4093 4096
3 4088 4093 4094
3 4094 4096 1879
3 4094 1879 4095
3 4095 1879 1883
3 4095 1883 4091
3 4091 1883 1887
3 4091 1887 2113
3 4091 2113 2111
3 4091 2111 4090
3 4090 2111 463
3 4090 463 4089
3 4089 463 4085
3 4085 463 2109
3 4085 2109 4084
3 4084 2109 460
3 4084 460 4083
3 4083 460 2107
3 4083 2107 2105
3 4083 2105 4080
3 4080 2105 2103
3 4080 2103 4079
3 4079 2103 2092
3 4079 2092 2094
3 4079 2094 2096
3 4079 2096 4081
3 4081 2096 2098
3 4081 2098 4086
3 4086 2098 4092
3 4092 2098 2100
3 4092 2100 4096
3 4096 2100 288
3 4096 288 1879
3 2092 2103 2101
3 2092 2101 458
3 2113 1887 2115
3 2115 1887 2117
3 2117 1887 289
3 2117 289 466
3 292 475 291
3 291 475 467
3 467 475 472
3 467 472 469
3 295 481 2123
3 295 2123 294
3 294 2123 476
3 2123 481 478
3 298 487 297
3 297 487 482
3 482 487 484
3 301 307 300
3 300 307 488
3 2141 493 4098
3 2141 4098 310
3 310 4098 309
3 309 4098 4097
3 309 4097 486
3 486 4097 485
3 485 4097 4098
3 485 4098 490
3 490 4098 493
3 313 319 2142
3 313 2142 312
3 2142 319 499
3 2142 499 2145
3 2142 2145 496
3 2142 496 494
3 322 502 321
3 321 502 500
3 325 331 334
3 325 334 508
3 325 508 324
3 324 508 503
3 503 508 505
3 337 517 336
3 336 517 509
3 509 517 511
3 511 517 514
3 4101 4100 4102
3 4101 4102 4103
3 4103 4102 4105
3 4104 4103 4105
3 4104 4105 2183
3 4104 2183 529
3 4104 529 526
3 4104 526 2179
3 4104 2179 2177
3 4104 2177 4103
3 4103 2177 4101
3 4101 2177 2175
3 4101 2175 4100
3 4100 2175 4099
3 4100 4099 518
3 4100 518 339
3 4100 339 4102
3 4102 339 340
3 4102 340 4105
3 4105 340 2185
3 4105 2185 2183
3 518 4099 520
3 520 4099 2173
3 520 2173 523
3 2173 4099 2175
3 3678 351 2195
3 3678 2195 532
3 3678 532 2191
3 3678 2191 3680
3 3680 2191 2188
3 3680 2188 2184
3 3680 2184 2186
3 3680 2186 343
3 343 2186 1963
3 1963 2186 342
3 2184 2188 530
3 2195 351 535
3 535 351 352
3 1974 349 4106
3 1974 4106 346
3 346 4106 3681
3 346 3681 345
3 3681 4106 3679
3 3679 4106 349
3 355 547 354
3 354 547 536
3 536 547 2209
3 536 2209 538
3 538 2209 2207
3 538 2207 541
3 541 2207 544
3 1985 361 2219
3 1985 2219 4107
3 1985 4107 358
3 358 4107 548
3 358 548 357
3 548 4107 2211
3 2211 4107 2213
3 2213 4107 2215
3 2213 2215 550
3 2215 4107 2217
3 2217 4107 2219
3 4108 4110 4111
3 4109 4108 4111
3 4109 4111 2223
3 4109 2223 2221
3 4109 2221 551
3 4109 551 2216
3 4109 2216 4108
3 4108 2216 2218
3 4108 2218 4110
3 4110 2218 2220
3 4110 2220 2233
3 4110 2233 4111
3 4111 2233 2231
3 4111 2231 2223
3 2223 2231 2229
3 2223 2229 2225
3 2225 2229 556
3 556 2229 559
3 2233 2220 363
3 2233 363 364
3 551 2221 553
3 373 560 370
3 4113 4112 4114
3 4113 4114 370
3 4113 370 560
3 4113 560 2230
3 4113 2230 4112
3 4112 2230 2232
3 4112 2232 2234
3 4112 2234 4114
3 4114 2234 366
3 4114 366 1989
3 4114 1989 367
3 4114 367 370
3 558 375 557
3 376 579 576
3 376 576 573
3 376 573 4115
3 376 4115 2006
3 2006 4115 375
3 375 4115 557
3 557 4115 568
3 557 568 565
3 557 565 562
3 568 4115 573
3 379 582 580
3 379 580 378
3 384 593 2263
3 384 2263 381
3 381 2263 587
3 381 587 583
3 2263 593 590
3 387 390 594
3 387 594 386
3 594 390 2027
3 594 2027 396
3 396 2027 393
3 399 599 4117
3 399 4117 4116
3 399 4116 398
3 398 4116 592
3 592 4116 591
3 591 4116 4117
3 591 4117 596
3 596 4117 599
3 402 407 2282
3 402 2282 4118
3 402 4118 401
3 401 4118 600
3 600 4118 602
3 602 4118 2282
3 2282 407 408
3 405 404 4119
3 405 4119 4120
3 405 4120 2040
3 2040 4120 2037
3 2037 4120 4119
3 2037 4119 404
3 411 614 2302
3 411 2302 2049
3 2049 2302 4121
3 2049 4121 4122
3 2049 4122 410
3 410 4122 2284
3 2284 4122 4124
3 2284 4124 4123
3 2284 4123 603
3 603 4123 605
3 605 4123 4124
3 605 4124 608
3 608 4124 2298
3 608 2298 611
3 2298 4124 2300
3 2300 4124 4122
3 2300 4122 4121
3 2300 4121 2302
3 414 623 620
3 414 620 617
3 414 617 615
3 414 615 413
3 632 629 420
3 2055 420 629
3 2055 629 626
3 2055 626 624
3 2055 624 417
3 417 624 416
3 423 426 2333
3 423 2333 633
3 423 633 422
3 2333 426 644
3 2333 644 635
3 635 644 638
3 638 644 641
3 429 645 428
3 2073 435 647
3 2073 647 642
3 2073 642 643
3 2073 643 2071
3 2071 643 431
3 2071 431 432
3 647 435 650
3 2388 668 4127
3 2388 4127 4128
3 2388 4128 2390
3 2390 4128 2368
3 2390 2368 4125
3 2390 4125 2392
3 2392 4125 4126
3 2392 4126 2394
3 2394 4126 437
3 2394 437 438
3 437 4126 651
3 651 4126 2368
3 2368 4126 4125
3 2368 4128 653
3 653 4128 659
3 653 659 656
3 659 4128 662
3 662 4128 4127
3 662 4127 665
3 665 4127 668
3 4129 4130 4131
3 4129 4131 4132
3 4129 4132 671
3 4129 671 2400
3 4129 2400 4130
3 4130 2400 2397
3 4130 2397 2389
3 4130 2389 2391
3 4130 2391 2393
3 4130 2393 4131
3 4131 2393 2395
3 4131 2395 4132
3 4132 2395 440
3 4132 440 674
3 4132 674 671
3 674 440 441
3 2389 2397 669
3 2085 447 450
3 2085 450 2408
3 2085 2408 4133
3 2085 4133 444
3 444 4133 2079
3 2079 4133 675
3 2079 675 443
3 675 4133 677
3 677 4133 2408
3 4136 4135 4137
3 4136 4137 689
3 4136 689 2414
3 4136 2414 4134
3 4136 4134 2410
3 4136 2410 4135
3 4135 2410 678
3 4135 678 2409
3 4135 2409 4137
3 4137 2409 452
3 4137 452 453
3 4137 453 689
3 678 2410 680
3 2410 4134 2412
3 2412 4134 686
3 2412 686 683
3 686 4134 2414
3 455 456 690
3 4139 4138 4140
3 4139 4140 2420
3 4139 2420 2418
3 4139 2418 692
3 4139 692 2416
3 4139 2416 4138
3 4138 2416 690
3 4138 690 2102
3 4138 2102 4140
3 4140 2102 2104
3 4140 2104 2106
3 4140 2106 2422
3 4140 2422 2420
3 2422 2106 2424
3 2424 2106 2108
3 2424 2108 459
3 2102 690 456
3 692 2418 695
3 4142 4141 4145
3 4142 4145 4146
3 4143 4142 4146
3 4143 4146 4147
3 4141 4144 4145
3 4145 4144 4149
3 4145 4149 4150
3 4146 4145 4150
3 4146 4150 4151
3 4147 4146 4151
3 4144 4148 4149
3 4149 4148 4152
3 4149 4152 4153
3 4150 4149 4153
3 4150 4153 4154
3 4151 4150 4154
3 4151 4154 2435
3 4151 2435 2433
3 4151 2433 4147
3 4147 2433 2431
3 4147 2431 698
3 4147 698 4143
3 4143 698 2427
3 4143 2427 4142
3 4142 2427 696
3 4142 696 4141
3 4141 696 2419
3 4141 2419 2421
3 4141 2421 4144
3 4144 2421 2423
3 4144 2423 4148
3 4148 2423 2425
3 4148 2425 461
3 4148 461 4152
3 4152 461 2110
3 4152 2110 4153
3 4153 2110 462
3 4153 462 4154
3 4154 462 2437
3 4154 2437 2435
3 465 468 4157
3 465 4157 2118
3 2118 4157 4156
3 2118 4156 2116
3 2116 4156 2436
3 2116 2436 2114
3 2114 2436 2438
3 2114 2438 2112
3 2112 2438 464
3 2436 4156 2434
3 2434 4156 4155
3 2434 4155 2432
3 2432 4155 701
3 2432 701 699
3 701 4155 2439
3 2439 4155 4156
3 2439 4156 704
3 704 4156 4157
3 704 4157 468
3 471 716 470
3 470 716 4159
3 470 4159 705
3 705 4159 2441
3 2441 4159 2446
3 2441 2446 4158
3 2441 4158 707
3 707 4158 2443
3 707 2443 710
3 2443 4158 713
3 713 4158 2446
3 2446 4159 716
3 2124 477 719
3 2124 719 717
3 2124 717 473
3 2124 473 474
3 719 477 2456
3 719 2456 2452
3 2452 2456 725
3 2452 725 722
3 480 483 479
3 479 483 2459
3 2459 483 489
3 2459 489 2464
3 2459 2464 726
3 726 2464 728
3 492 495 4163
3 492 4163 491
3 491 4163 2465
3 2465 4163 4160
3 2465 4160 729
3 729 4160 4161
3 729 4161 661
3 661 4161 4162
3 661 4162 660
3 660 4162 748
3 660 748 743
3 660 743 740
3 660 740 737
3 748 4162 751
3 751 4162 4161
3 751 4161 754
3 754 4161 4160
3 754 4160 4163
3 754 4163 495
3 498 501 504
3 498 504 2146
3 2146 504 757
3 2146 757 497
3 497 757 755
3 507 510 506
3 506 510 758
3 758 510 763
3 758 763 760
3 513 766 764
3 513 764 512
3 516 519 515
3 515 519 772
3 515 772 767
3 767 772 769
3 522 784 4165
3 522 4165 521
3 521 4165 773
3 773 4165 775
3 775 4165 4164
3 775 4164 778
3 778 4164 781
3 781 4164 2532
3 2532 4164 4165
3 2532 4165 784
3 525 790 2180
3 2180 790 4168
3 2180 4168 2178
3 2178 4168 2176
3 2176 4168 4167
3 2176 4167 4166
3 2176 4166 2174
3 2174 4166 524
3 524 4166 785
3 785 4166 2537
3 2537 4166 4167
3 2537 4167 787
3 787 4167 2542
3 2542 4167 4168
3 2542 4168 790
3 4169 4173 4174
3 4170 4169 4174
3 4170 4174 4175
3 4171 4170 4175
3 4173 4172 4176
3 4174 4173 4176
3 4174 4176 4177
3 4175 4174 4177
3 4175 4177 2556
3 4175 2556 2554
3 4175 2554 4171
3 4171 2554 793
3 4171 793 2552
3 4171 2552 4170
3 4170 2552 4169
3 4169 2552 2550
3 4169 2550 2548
3 4169 2548 4172
3 4169 4172 4173
3 4172 2548 791
3 4172 791 527
3 4172 527 528
3 4172 528 4176
3 4176 528 2190
3 4176 2190 2193
3 4176 2193 4177
3 4177 2193 531
3 4177 531 2556
3 534 537 2196
3 2196 537 2557
3 2196 2557 533
3 2557 537 2562
3 2557 2562 2555
3 2555 2562 802
3 2555 802 794
3 794 802 799
3 794 799 796
3 540 808 2563
3 540 2563 539
3 2563 808 805
3 2563 805 803
3 4178 4180 4181
3 4179 4182 4183
3 4180 4179 4183
3 4180 4183 4184
3 4181 4180 4184
3 4181 4184 834
3 4181 834 831
3 4181 831 4178
3 4178 831 826
3 4178 826 817
3 4178 817 4179
3 4178 4179 4180
3 4179 817 814
3 4179 814 4182
3 4182 814 2578
3 4182 2578 811
3 4182 811 543
3 4182 543 2612
3 4182 2612 4183
3 4183 2612 4184
3 4184 2612 845
3 4184 845 834
3 834 845 839
3 839 845 842
3 543 811 809
3 543 809 542
3 817 826 823
3 817 823 820
3 4185 4187 4188
3 4186 4185 4188
3 4186 4188 552
3 4186 552 848
3 4186 848 846
3 4186 846 2615
3 4186 2615 4185
3 4185 2615 545
3 4185 545 2208
3 4185 2208 4187
3 4187 2208 2210
3 4187 2210 2212
3 4187 2212 2214
3 4187 2214 4188
3 4188 2214 549
3 4188 549 552
3 2212 2210 546
3 555 561 854
3 555 854 4191
3 555 4191 2226
3 2226 4191 2224
3 2224 4191 4190
3 2224 4190 2222
3 2222 4190 4189
3 2222 4189 554
3 554 4189 849
3 849 4189 4190
3 849 4190 851
3 851 4190 2624
3 2624 4190 4191
3 2624 4191 854
3 564 855 563
3 567 863 566
3 566 863 853
3 853 863 2627
3 2627 863 860
3 2627 860 2640
3 2627 2640 852
3 852 2640 857
3 4194 4193 4197
3 4195 4194 4197
3 4196 4195 4197
3 4196 4197 881
3 4196 881 878
3 4196 878 875
3 4196 875 872
3 4196 872 4195
3 4195 872 869
3 4195 869 4192
3 4195 4192 4194
3 4194 4192 569
3 4194 569 4193
3 4193 569 572
3 4193 572 887
3 4193 887 884
3 4193 884 4197
3 4197 884 881
3 887 572 890
3 569 4192 864
3 864 4192 869
3 864 869 866
3 575 893 891
3 575 891 574
3 578 581 586
3 578 586 894
3 578 894 577
3 589 595 899
3 589 899 896
3 589 896 2264
3 2264 896 4198
3 2264 4198 588
3 588 4198 892
3 892 4198 889
3 889 4198 888
3 888 4198 896
3 598 601 2707
3 598 2707 597
3 597 2707 902
3 597 902 900
3 2707 601 604
3 914 911 2731
3 4200 4199 4204
3 4200 4204 4205
3 4201 4200 4205
3 4201 4205 4206
3 4202 4201 4206
3 4202 4206 4207
3 4205 4204 4211
3 4205 4211 4212
3 4206 4205 4212
3 4207 4206 4212
3 4208 4207 4212
3 4203 4207 4208
3 4209 4208 4213
3 4210 4209 4213
3 4212 4211 4213
3 4208 4212 4213
3 4213 4211 2714
3 4213 2714 4210
3 4210 2714 905
3 4210 905 903
3 4210 903 4209
3 4209 903 2709
3 4209 2709 4208
3 4208 2709 4203
3 4203 2709 606
3 4203 606 607
3 4203 607 2739
3 4203 2739 4207
3 4207 2739 4202
3 4202 2739 923
3 4202 923 920
3 4202 920 4201
3 4201 920 917
3 4201 917 2731
3 4201 2731 4200
3 4200 2731 911
3 4200 911 4199
3 4199 911 908
3 4199 908 4204
3 4204 908 2717
3 4204 2717 2714
3 4204 2714 4211
3 610 926 2740
3 610 2740 609
3 2740 926 924
3 613 616 2755
3 613 2755 2303
3 2303 2755 2301
3 2301 2755 932
3 2301 932 2299
3 2299 932 2750
3 2299 2750 612
3 612 2750 927
3 927 2750 929
3 619 956 618
3 618 956 953
3 618 953 950
3 618 950 2757
3 2757 950 2789
3 2757 2789 2787
3 2757 2787 933
3 933 2787 2785
3 933 2785 2759
3 2759 2785 2783
3 2759 2783 2761
3 2761 2783 2781
3 2761 2781 2763
3 2763 2781 2779
3 2763 2779 935
3 935 2779 2777
3 935 2777 4214
3 935 4214 938
3 938 4214 2771
3 2771 4214 947
3 2771 947 944
3 2771 944 941
3 947 4214 2777
3 622 625 965
3 622 965 957
3 622 957 621
3 957 965 962
3 957 962 959
3 628 966 627
3 630 631 964
3 2335 634 4215
3 2335 4215 2801
3 2335 2801 963
3 2335 963 964
3 2335 964 631
3 2801 4215 2803
3 2803 4215 634
3 637 977 2820
3 637 2820 636
3 636 2820 2804
3 2804 2820 2817
3 2804 2817 2814
3 2804 2814 2802
3 2802 2814 2807
3 2802 2807 960
3 2802 960 961
3 2807 2814 971
3 2807 971 968
3 2820 977 2823
3 2823 977 974
3 640 646 639
3 639 646 978
3 2372 652 986
3 2372 986 2847
3 2372 2847 980
3 2372 980 649
3 649 980 975
3 649 975 976
3 649 976 648
3 980 2847 983
3 986 652 989
3 655 738 739
3 655 739 990
3 655 990 654
3 990 739 992
3 658 736 657
3 664 723 727
3 664 727 663
3 727 723 724
3 2402 670 734
3 2402 734 731
3 2402 731 2474
3 2402 2474 4216
3 2402 4216 2399
3 2399 4216 667
3 667 4216 4217
3 667 4217 666
3 666 4217 721
3 721 4217 2453
3 2453 4217 2470
3 2453 2470 720
3 2470 4217 2472
3 2472 4217 4216
3 2472 4216 2474
3 673 676 679
3 673 679 2481
3 673 2481 672
3 672 2481 735
3 4218 4219 4220
3 4218 4220 4221
3 4218 4221 4222
3 4218 4222 4223
3 4218 4223 4224
3 4218 4224 4219
3 4221 4220 4225
3 4221 4225 2486
3 4221 2486 4222
3 4222 2486 732
3 4222 732 733
3 4222 733 4223
3 4223 733 2483
3 4223 2483 681
3 4223 681 4224
3 4224 681 2411
3 4224 2411 2413
3 4224 2413 4219
3 4219 2413 682
3 4219 682 4220
3 4220 682 711
3 4220 711 4225
3 4225 711 2444
3 4225 2444 712
3 4225 712 2486
3 4227 4228 4229
3 4227 4229 709
3 4227 709 684
3 4227 684 4226
3 4227 4226 694
3 4227 694 4228
3 4228 694 2429
3 4228 2429 697
3 4228 697 4229
3 4229 697 700
3 4229 700 708
3 4229 708 709
3 694 4226 693
3 693 4226 685
3 685 4226 684
3 2417 691 687
3 2417 687 2415
3 2417 2415 688
3 2442 706 2440
3 2442 2440 703
3 2440 706 702
3 715 718 4232
3 715 4232 2448
3 2448 4232 4231
3 2448 4231 714
3 714 4231 2488
3 2488 4231 4230
3 2488 4230 730
3 730 4230 2475
3 2475 4230 2473
3 2473 4230 4231
3 2473 4231 4232
3 2473 4232 2471
3 2471 4232 718
3 742 993 741
3 747 1000 2871
3 747 2871 2869
3 747 2869 744
3 744 2869 988
3 744 988 991
3 988 2869 987
3 2871 1000 997
3 750 1003 1001
3 750 1001 749
3 753 756 759
3 753 759 752
3 752 759 1004
3 762 765 4233
3 762 4233 761
3 761 4233 1002
3 1002 4233 999
3 999 4233 998
3 998 4233 1008
3 1008 4233 1011
3 1011 4233 1014
3 1014 4233 1017
3 1017 4233 768
3 1017 768 1020
3 768 4233 765
3 1023 1021 774
3 771 774 770
3 770 774 1021
3 2924 1035 2919
3 2924 2919 2927
3 2927 2919 2917
3 2927 2917 4234
3 2927 4234 777
3 777 4234 776
3 776 4234 1015
3 776 1015 1016
3 776 1016 1024
3 1015 4234 1026
3 1026 4234 2915
3 1026 2915 1029
3 2915 4234 2917
3 2919 1035 1032
3 4235 4237 4238
3 4236 4235 4238
3 4238 4237 4239
3 4238 4239 2935
3 4238 2935 1041
3 4238 1041 4236
3 4236 1041 1038
3 4236 1038 1036
3 4236 1036 4235
3 4235 1036 2926
3 4235 2926 4237
3 4237 2926 2929
3 4237 2929 780
3 4237 780 4239
3 4239 780 1050
3 4239 1050 2935
3 2935 1050 1047
3 2935 1047 1044
3 780 2929 779
3 2539 786 4240
3 2539 4240 783
3 783 4240 2533
3 2533 4240 782
3 782 4240 1051
3 1051 4240 1053
3 1053 4240 786
3 4242 4241 4243
3 4242 4243 2551
3 4242 2551 2553
3 4242 2553 1056
3 4242 1056 1045
3 4242 1045 4241
3 4241 1045 1046
3 4241 1046 1054
3 4241 1054 788
3 4241 788 2544
3 4241 2544 4243
3 4243 2544 2549
3 4243 2549 2551
3 2549 2544 789
3 1056 2553 795
3 795 2553 792
3 798 1062 797
3 797 1062 1059
3 797 1059 1057
3 801 804 2579
3 801 2579 2951
3 801 2951 800
3 800 2951 1063
3 2951 2579 813
3 2579 804 812
3 807 810 806
3 4244 4245 4246
3 4244 4246 4247
3 4244 4247 4248
3 4246 4245 4249
3 4246 4249 4250
3 4246 4250 4251
3 4247 4246 4251
3 4247 4251 4252
3 4248 4247 4252
3 4248 4252 4253
3 4250 4254 4255
3 4251 4250 4255
3 4251 4255 4256
3 4252 4251 4256
3 4252 4256 4257
3 4253 4252 4257
3 4254 4258 4259
3 4255 4254 4259
3 4255 4259 4260
3 4256 4255 4260
3 4259 4258 4261
3 4259 4261 4262
3 4260 4259 4262
3 4260 4262 815
3 4260 815 4257
3 4260 4257 4256
3 4257 815 816
3 4257 816 4253
3 4253 816 2963
3 4253 2963 1065
3 4253 1065 4248
3 4248 1065 2959
3 4248 2959 4244
3 4244 2959 4245
3 4245 2959 1039
3 4245 1039 1040
3 4245 1040 4249
3 4249 1040 2954
3 4249 2954 4254
3 4249 4254 4250
3 4254 2954 4258
3 4258 2954 1060
3 4258 1060 4261
3 4261 1060 1061
3 4261 1061 2952
3 4261 2952 4262
3 4262 2952 815
3 819 1068 2964
3 819 2964 818
3 2964 1068 1066
3 822 1077 821
3 821 1077 2974
3 821 2974 4263
3 821 4263 1069
3 1069 4263 1071
3 1071 4263 2971
3 2971 4263 1074
3 1074 4263 2974
3 825 1078 824
3 4264 4266 4267
3 4265 4264 4267
3 4265 4267 4268
3 4266 4269 4270
3 4267 4266 4270
3 4267 4270 4271
3 4268 4267 4271
3 4268 4271 4272
3 4269 4273 4274
3 4270 4269 4274
3 4270 4274 4275
3 4271 4270 4275
3 4271 4275 4276
3 4272 4271 4276
3 4274 4273 4277
3 4274 4277 4278
3 4275 4274 4278
3 4275 4278 1089
3 4275 1089 4276
3 4276 1089 2996
3 4276 2996 4272
3 4272 2996 1086
3 4272 1086 4268
3 4268 1086 2992
3 4268 2992 4265
3 4265 2992 1083
3 4265 1083 2981
3 4265 2981 4264
3 4264 2981 1075
3 4264 1075 4266
3 4266 1075 2976
3 4266 2976 4269
3 4269 2976 1076
3 4269 1076 4273
3 4273 1076 827
3 4273 827 830
3 4273 830 4277
3 4277 830 1092
3 4277 1092 4278
3 4278 1092 1089
3 2981 1083 1080
3 3000 1093 832
3 3000 832 833
3 4282 4281 4283
3 4282 4283 3009
3 4282 3009 4279
3 4282 4279 1091
3 4282 1091 4281
3 4281 1091 3001
3 4281 3001 4280
3 4281 4280 4283
3 4283 4280 2643
3 4283 2643 859
3 4283 859 1101
3 4283 1101 3009
3 1101 859 1104
3 2643 4280 858
3 858 4280 838
3 858 838 1524
3 838 4280 835
3 835 4280 3001
3 1091 4279 1090
3 1090 4279 1098
3 1090 1098 1095
3 1098 4279 3009
3 841 1525 840
3 844 847 856
3 844 856 1523
3 844 1523 843
3 856 847 850
3 862 865 861
3 861 865 1105
3 868 1102 867
3 867 1102 1103
3 4284 4288 4289
3 4285 4284 4289
3 4285 4289 4290
3 4286 4285 4290
3 4287 4291 4292
3 4288 4287 4292
3 4288 4292 4293
3 4289 4288 4293
3 4289 4293 4294
3 4290 4289 4294
3 4293 4292 4296
3 4293 4296 4297
3 4294 4293 4297
3 4295 4294 4297
3 4295 4297 3042
3 4295 3042 1113
3 4295 1113 3038
3 4295 3038 4290
3 4295 4290 4294
3 4290 3038 4286
3 4286 3038 1110
3 4286 1110 1107
3 4286 1107 4285
3 4285 1107 4284
3 4284 1107 1099
3 4284 1099 3013
3 4284 3013 4287
3 4284 4287 4288
3 4287 3013 4291
3 4291 3013 1100
3 4291 1100 870
3 4291 870 4296
3 4291 4296 4292
3 4296 870 871
3 4296 871 4297
3 4297 871 3042
3 1116 1114 1119
3 1119 1114 874
3 874 1114 3043
3 874 3043 873
3 877 1125 4299
3 877 4299 876
3 876 4299 4298
3 876 4298 1120
3 1120 4298 3050
3 3050 4298 3052
3 3052 4298 4299
3 3052 4299 1122
3 1122 4299 1125
3 880 1126 879
3 4301 4300 4303
3 4301 4303 3668
3 4301 3668 1123
3 4301 1123 1124
3 4301 1124 882
3 4301 882 4300
3 4300 882 883
3 4300 883 897
3 4300 897 4303
3 4303 897 4302
3 4303 4302 904
3 4303 904 3668
3 904 4302 901
3 901 4302 898
3 898 4302 897
3 1123 3668 3054
3 3054 3668 3666
3 3054 3666 3056
3 3056 3666 3058
3 3058 3666 909
3 3058 909 1128
3 1128 909 910
3 886 895 885
3 3669 906 2716
3 3669 2716 4304
3 3669 4304 3667
3 3667 4304 2719
3 3667 2719 907
3 2719 4304 2716
3 912 913 1129
3 3067 1134 3060
3 3067 3060 1129
3 3067 1129 913
3 3060 1134 3064
3 3060 3064 3062
3 3062 3064 1131
3 916 1149 3073
3 916 3073 3071
3 916 3071 4306
3 916 4306 2734
3 2734 4306 915
3 915 4306 3069
3 3069 4306 4305
3 3069 4305 1135
3 1135 4305 1140
3 1135 1140 1137
3 1140 4305 1143
3 1143 4305 4306
3 1143 4306 3071
3 3073 1149 1146
3 919 1150 918
3 922 925 928
3 922 928 3660
3 922 3660 1147
3 922 1147 921
3 921 1147 1148
3 1147 3660 936
3 1147 936 1152
3 1152 936 937
3 2764 934 3663
3 2764 3663 2762
3 2762 3663 930
3 2762 930 2752
3 2762 2752 2760
3 2760 2752 931
3 4308 4307 4309
3 4308 4309 1170
3 4308 1170 3118
3 4308 3118 3116
3 4308 3116 4307
3 4307 3116 3114
3 4307 3114 1155
3 4307 1155 3090
3 4307 3090 4309
3 4309 3090 2774
3 4309 2774 940
3 4309 940 1170
3 2774 3090 1153
3 2774 1153 939
3 1155 3114 1158
3 1158 3114 1167
3 1158 1167 1161
3 1161 1167 1164
3 967 1182 2810
3 943 1489 942
3 942 1489 1171
3 1171 1489 3584
3 1171 3584 3125
3 3125 3584 3582
3 3125 3582 1173
3 1173 3582 3580
3 1173 3580 4310
3 1173 4310 1176
3 1176 4310 1179
3 1179 4310 3576
3 1179 3576 3574
3 1179 3574 1182
3 1182 3574 3572
3 1182 3572 4311
3 1182 4311 2810
3 2810 4311 4312
3 2810 4312 958
3 958 4312 3566
3 958 3566 4313
3 958 4313 955
3 955 4313 954
3 954 4313 1486
3 1486 4313 3564
3 3564 4313 3566
3 3566 4312 3568
3 3568 4312 4311
3 3568 4311 3570
3 3570 4311 3572
3 3576 4310 3578
3 3578 4310 3580
3 3596 1495 3594
3 3596 3594 4315
3 3596 4315 946
3 946 4315 4314
3 946 4314 945
3 945 4314 1490
3 1490 4314 3586
3 3586 4314 3588
3 3588 4314 3590
3 3588 3590 1492
3 3590 4314 3592
3 3592 4314 4315
3 3592 4315 3594
3 3606 1504 4320
3 3606 4320 2790
3 3606 2790 949
3 2790 4320 2788
3 2788 4320 4321
3 2788 4321 2786
3 2786 4321 2784
3 2784 4321 4319
3 2784 4319 2782
3 2782 4319 4318
3 2782 4318 4317
3 2782 4317 2780
3 2780 4317 2778
3 2778 4317 4316
3 2778 4316 948
3 948 4316 3597
3 3597 4316 1496
3 1496 4316 4317
3 1496 4317 1498
3 1498 4317 4318
3 1498 4318 3599
3 3599 4318 4319
3 3599 4319 3602
3 3602 4319 4321
3 3602 4321 4320
3 3602 4320 1501
3 1501 4320 1504
3 952 1485 4322
3 952 4322 951
3 951 4322 4323
3 951 4323 3607
3 3607 4323 3608
3 3607 3608 1505
3 3608 4323 3610
3 3610 4323 4322
3 3610 4322 3612
3 3612 4322 3614
3 3612 3614 1507
3 3614 4322 3616
3 3616 4322 1485
3 969 970 1183
3 1183 970 1185
3 4324 4325 4326
3 4325 4328 4329
3 4326 4325 4329
3 4327 4331 4332
3 4328 4327 4332
3 4328 4332 4333
3 4329 4328 4333
3 4329 4333 3169
3 4329 3169 3167
3 4329 3167 4326
3 4326 3167 3165
3 4326 3165 4324
3 4324 3165 3163
3 4324 3163 3161
3 4324 3161 3159
3 4324 3159 4325
3 4325 3159 3157
3 4325 3157 4327
3 4325 4327 4328
3 4327 3157 3155
3 4327 3155 3153
3 4327 3153 4330
3 4327 4330 4331
3 4331 4330 2816
3 4331 2816 2819
3 4331 2819 4332
3 4332 2819 2822
3 4332 2822 4333
3 4333 2822 2825
3 4333 2825 3169
3 3169 2825 973
3 3169 973 979
3 2816 4330 972
3 972 4330 1186
3 1186 4330 1188
3 1188 4330 3153
3 3161 3163 1191
3 4334 4336 4337
3 4334 4337 4338
3 4335 4334 4338
3 4335 4338 4339
3 4336 4340 4341
3 4337 4336 4341
3 4337 4341 4342
3 4337 4342 4343
3 4338 4337 4343
3 4338 4343 4344
3 4339 4338 4344
3 4339 4344 4345
3 4339 4345 1194
3 4339 1194 4335
3 4335 1194 1192
3 4335 1192 4334
3 4334 1192 3164
3 4334 3164 4336
3 4336 3164 3166
3 4336 3166 4340
3 4340 3166 3168
3 4340 3168 3170
3 4340 3170 4341
3 4341 3170 981
3 4341 981 982
3 4341 982 4342
3 4342 982 1208
3 4342 1208 4343
3 4343 1208 1203
3 4343 1203 4344
3 4344 1203 1200
3 4344 1200 4345
3 4345 1200 1197
3 4345 1197 1194
3 4347 4346 4349
3 4347 4349 4350
3 4347 4350 4351
3 4346 4348 4349
3 4349 4348 4353
3 4349 4353 4354
3 4350 4349 4354
3 4350 4354 4355
3 4351 4350 4355
3 4351 4355 4356
3 4354 4353 4357
3 4354 4357 4358
3 4355 4354 4358
3 4355 4358 4359
3 4356 4355 4359
3 4359 4358 4360
3 4359 4360 4361
3 4359 4361 3195
3 4359 3195 4356
3 4356 3195 1216
3 4356 1216 4352
3 4356 4352 4351
3 4351 4352 4347
3 4347 4352 3187
3 4347 3187 3185
3 4347 3185 4346
3 4346 3185 3183
3 4346 3183 4348
3 4348 3183 1209
3 4348 1209 984
3 4348 984 4353
3 4353 984 2850
3 4353 2850 4357
3 4357 2850 985
3 4357 985 2870
3 4357 2870 4358
3 4358 2870 4360
3 4360 2870 2872
3 4360 2872 4361
3 4361 2872 996
3 4361 996 1007
3 4361 1007 3195
3 3187 4352 1213
3 1213 4352 3190
3 3190 4352 1216
3 1010 1027 1009
3 1009 1027 1028
3 1009 1028 3197
3 3197 1028 1219
3 3197 1219 1217
3 1013 1025 1012
3 1019 1022 1018
3 4363 4362 4365
3 4363 4365 2918
3 4363 2918 2920
3 4363 2920 4364
3 4363 4364 3206
3 4363 3206 1225
3 4363 1225 4362
3 4362 1225 1222
3 4362 1222 1220
3 4362 1220 4365
3 4365 1220 1030
3 4365 1030 2916
3 4365 2916 2918
3 3206 4364 1228
3 1228 4364 1031
3 1031 4364 2920
3 1034 1037 1033
3 1033 1037 1231
3 1033 1231 1229
3 1231 1037 2961
3 1231 2961 1234
3 1234 2961 1070
3 1070 2961 1064
3 1070 1064 1067
3 1043 1055 4366
3 1043 4366 2936
3 2936 4366 1042
3 1042 4366 2956
3 2956 4366 1055
3 2956 1055 1058
3 1049 1052 1048
3 4367 4368 4369
3 4367 4369 3225
3 4367 3225 1246
3 4367 1246 3218
3 4367 3218 1240
3 4367 1240 4368
3 4368 1240 1237
3 4368 1237 4370
3 4368 4370 2972
3 4368 2972 4369
3 4369 2972 1073
3 4369 1073 2983
3 4369 2983 3225
3 3225 2983 1079
3 2972 4370 1072
3 1072 4370 1235
3 1235 4370 1237
3 3218 1246 1243
3 1082 1252 4372
3 1082 4372 1081
3 1081 4372 3227
3 3227 4372 4371
3 3227 4371 1247
3 1247 4371 3229
3 3229 4371 4372
3 3229 4372 3231
3 3231 4372 4373
3 3231 4373 1249
3 1249 4373 1252
3 1252 4373 4372
3 1085 1264 1261
3 1085 1261 1258
3 1085 1258 1255
3 1085 1255 2994
3 2994 1255 1253
3 2994 1253 1084
3 1088 1094 2997
3 2997 1094 1265
3 2997 1265 1087
3 1097 1106 4374
3 1097 4374 1096
3 1096 4374 1263
3 1263 4374 3249
3 1263 3249 1262
3 3249 4374 1106
3 4376 4375 4377
3 4376 4377 4378
3 4378 4377 4379
3 4378 4379 1282
3 4378 1282 1279
3 4378 1279 4376
3 4376 1279 1270
3 4376 1270 4375
3 4375 1270 1267
3 4375 1267 3250
3 4375 3250 4377
3 4377 3250 1108
3 4377 1108 4379
3 4379 1108 1109
3 4379 1109 1285
3 4379 1285 1282
3 3250 1267 1259
3 3250 1259 1260
3 1270 1279 1276
3 1270 1276 1273
3 1112 1115 3040
3 1115 1294 3040
3 3040 1294 1291
3 3040 1291 1111
3 1111 1291 1288
3 1111 1288 1286
3 3053 1121 3055
3 3053 3055 4383
3 3053 4383 4382
3 3053 4382 4381
3 3053 4381 3051
3 3051 4381 4380
3 3051 4380 1117
3 3051 1117 1118
3 1117 4380 1295
3 1295 4380 1130
3 1130 4380 4381
3 1130 4381 3063
3 3063 4381 4382
3 3063 4382 3061
3 3061 4382 3059
3 3061 3059 1127
3 3059 4382 3057
3 3057 4382 4383
3 3057 4383 3055
3 1133 1136 3271
3 1133 3271 3065
3 3065 3271 1300
3 3065 1300 4385
3 3065 4385 1132
3 1132 4385 4384
3 1132 4384 1293
3 1293 4384 1297
3 1293 1297 1292
3 1297 4384 4385
3 1297 4385 1300
3 3273 1309 1303
3 3273 1303 3272
3 3273 3272 1138
3 3273 1138 1139
3 3272 1303 1301
3 1303 1309 1306
3 3279 1312 3277
3 3279 3277 1142
3 1142 3277 3275
3 1142 3275 1141
3 1141 3275 3274
3 3274 3275 1310
3 4388 4391 4392
3 4389 4388 4392
3 4389 4392 4387
3 4389 4387 4386
3 4389 4386 4388
3 4388 4386 3284
3 4388 3284 1315
3 4388 1315 4391
3 4391 1315 4390
3 4391 4390 3074
3 4391 3074 4392
3 4392 3074 1145
3 4392 1145 4387
3 4387 1145 1151
3 4387 1151 3094
3 4387 3094 4386
3 4386 3094 1318
3 4386 1318 3284
3 1318 3094 1321
3 1321 3094 1154
3 3074 4390 3072
3 3072 4390 3280
3 3072 3280 1144
3 3280 4390 1313
3 1313 4390 1315
3 1157 1333 1156
3 1333 1330 3296
3 1333 3296 3292
3 1333 3292 3290
3 1333 3290 1156
3 1156 3290 1322
3 3292 3296 1324
3 1324 3296 1327
3 1334 1159 1336
3 1160 1336 1159
3 4393 4394 4395
3 4393 4395 1363
3 4393 1363 1360
3 4393 1360 1351
3 4393 1351 1348
3 4393 1348 4394
3 4394 1348 1345
3 4394 1345 3327
3 4394 3327 1342
3 4394 1342 4395
3 4395 1342 1163
3 4395 1163 3350
3 4395 3350 1363
3 1163 1342 1162
3 1162 1342 1339
3 1162 1339 1337
3 1351 1360 1357
3 1351 1357 1354
3 3364 1372 1369
3 3364 1369 1366
3 3364 1366 1364
3 3364 1364 3352
3 3364 3352 3366
3 3366 3352 1166
3 1166 3352 1165
3 3127 1172 3119
3 3127 3119 1169
3 3119 1172 3117
3 3117 1172 4396
3 3117 4396 3115
3 3115 4396 3365
3 3115 3365 3367
3 3115 3367 1168
3 3365 4396 1373
3 1373 4396 1375
3 1375 4396 1172
3 1175 1376 1174
3 4397 4398 4399
3 4397 4399 4400
3 4397 4400 4401
3 4397 4401 4402
3 4397 4402 4403
3 4397 4403 4398
3 4399 4398 4405
3 4402 4401 4406
3 4402 4406 4407
3 4402 4407 4408
3 4403 4402 4408
3 4403 4408 4409
3 4403 4409 4410
3 4398 4403 4410
3 4398 4410 4404
3 4398 4404 4405
3 4407 4412 4413
3 4408 4407 4413
3 4408 4413 4414
3 4409 4408 4414
3 4409 4414 4415
3 4410 4409 4415
3 4410 4415 4416
3 4404 4410 4416
3 4404 4416 4411
3 4404 4411 4405
3 4405 4411 3156
3 4405 3156 3158
3 4405 3158 3160
3 4405 3160 4399
3 4399 3160 3162
3 4399 3162 4400
3 4400 3162 1190
3 4400 1190 4401
3 4401 1190 4406
3 4406 1190 1193
3 4406 1193 4412
3 4406 4412 4407
3 4412 1193 1370
3 4412 1370 1371
3 4412 1371 1374
3 4412 1374 4413
3 4413 1374 1177
3 4413 1177 4414
3 4414 1177 4415
3 4415 1177 1178
3 4415 1178 4416
3 4416 1178 1189
3 4416 1189 3154
3 4416 3154 4411
3 4411 3154 3156
3 1181 1184 1180
3 1184 1187 1180
3 1196 1367 1195
3 1195 1367 1368
3 1199 1378 1198
3 1198 1378 1361
3 1198 1361 1362
3 1198 1362 1365
3 1202 1381 1201
3 1201 1381 1356
3 1201 1356 1379
3 1356 1381 1355
3 3188 1212 1396
3 3188 1396 1393
3 3188 1393 4418
3 3188 4418 3186
3 3186 4418 4417
3 3186 4417 3184
3 3184 4417 3395
3 3184 3395 1207
3 1207 3395 1204
3 1204 3395 1382
3 3395 4417 1384
3 1384 4417 1387
3 1387 4417 3402
3 3402 4417 4418
3 3402 4418 1390
3 1390 4418 1393
3 1215 1218 3192
3 3192 1218 1221
3 3192 1221 1214
3 1214 1221 1399
3 1214 1399 1397
3 1224 1241 3219
3 1224 3219 4419
3 1224 4419 1223
3 1223 4419 1400
3 1400 4419 1392
3 1392 4419 1391
3 1391 4419 1402
3 1402 4419 1242
3 1242 4419 3219
3 1227 1230 4421
3 1227 4421 3208
3 3208 4421 4420
3 3208 4420 1226
3 1226 4420 1239
3 1239 4420 4421
3 1239 4421 1238
3 1238 4421 1230
3 1233 1236 1232
3 4423 4422 4425
3 4423 4425 4426
3 4423 4426 1245
3 4423 1245 3230
3 4423 3230 4422
3 4422 3230 4424
3 4422 4424 1411
3 4422 1411 1408
3 4422 1408 4425
3 4425 1408 1405
3 4425 1405 3428
3 4425 3428 4426
3 4426 3428 1403
3 4426 1403 1244
3 4426 1244 1245
3 1411 4424 1414
3 1414 4424 1417
3 1417 4424 3232
3 1417 3232 1248
3 3232 4424 3230
3 1251 1254 4427
3 1251 4427 1250
3 1250 4427 1418
3 1418 4427 3436
3 3436 4427 1269
3 1269 4427 1268
3 1268 4427 1254
3 1257 1266 1256
3 1272 1423 4428
3 1272 4428 3437
3 1272 3437 1271
3 3437 4428 1416
3 1416 4428 1415
3 1415 4428 1420
3 1420 4428 1423
3 1275 1429 1274
3 1274 1429 1424
3 1424 1429 3329
3 1424 3329 1344
3 3329 1429 1426
3 3329 1426 1343
3 1278 1283 3458
3 1278 3458 3454
3 1278 3454 1277
3 1277 3454 1430
3 3458 1283 1432
3 1432 1283 1284
3 1432 1284 1287
3 1290 1296 3467
3 1290 3467 1289
3 1289 3467 1433
3 1299 1302 3481
3 1299 3481 1298
3 1298 3481 4429
3 1298 4429 3469
3 3469 4429 1441
3 3469 1441 3477
3 3469 3477 1431
3 1431 3477 3474
3 1431 3474 3461
3 3461 3474 1438
3 3461 1438 3457
3 3457 1438 3471
3 3457 3471 1428
3 1428 3471 1435
3 1428 1435 1427
3 1441 4429 3481
3 1444 1442 3483
3 1305 1450 4431
3 1305 4431 1304
3 1304 4431 4430
3 1304 4430 3482
3 3482 4430 3483
3 3482 3483 1442
3 3483 4430 3485
3 3485 4430 4431
3 3485 4431 3487
3 3487 4431 3489
3 3487 3489 1447
3 3489 4431 1450
3 4433 4432 4434
3 4433 4434 4435
3 4433 4435 3495
3 4433 3495 3493
3 4433 3493 3491
3 4433 3491 4432
3 4432 3491 1451
3 4432 1451 4434
3 4434 1451 1308
3 4434 1308 3276
3 4434 3276 4435
3 4435 3276 3278
3 4435 3278 3497
3 4435 3497 3495
3 3497 3278 1311
3 3497 1311 1314
3 1308 1451 1307
3 3491 3493 1453
3 1453 3493 1456
3 4437 4439 4440
3 4436 4437 4440
3 4436 4440 4438
3 4439 4442 4443
3 4440 4439 4443
3 4440 4443 4444
3 4438 4440 4444
3 4438 4444 4441
3 4442 4446 4447
3 4443 4442 4447
3 4443 4447 4448
3 4444 4443 4448
3 4441 4444 4448
3 4441 4448 4445
3 4447 4446 4449
3 4447 4449 4450
3 4448 4447 4450
3 4448 4450 3286
3 4448 3286 4445
3 4445 3286 1317
3 4445 1317 4441
3 4441 1317 3505
3 4441 3505 4438
3 4438 3505 3503
3 4438 3503 4436
3 4436 3503 3501
3 4436 3501 4437
3 4437 3501 1459
3 4437 1459 4439
3 4439 1459 1457
3 4439 1457 4442
3 4442 1457 3494
3 4442 3494 4446
3 4446 3494 3496
3 4446 3496 4449
3 4449 3496 3498
3 4449 3498 4450
3 4450 3498 1316
3 4450 1316 3286
3 4453 4452 4454
3 4453 4454 3293
3 4453 3293 1323
3 4453 1323 1465
3 4453 1465 3507
3 4453 3507 4452
3 4452 3507 4451
3 4452 4451 3504
3 4452 3504 4454
3 4454 3504 3506
3 4454 3506 3291
3 4454 3291 3293
3 3291 3506 1320
3 1320 3506 1319
3 3504 4451 3502
3 3502 4451 1462
3 3502 1462 1460
3 1462 4451 3507
3 1437 1471 3472
3 1326 1436 4456
3 1326 4456 1325
3 1325 4456 1466
3 1466 4456 4455
3 1466 4455 3509
3 3509 4455 3511
3 3509 3511 1468
3 3511 4455 3513
3 3513 4455 4456
3 3513 4456 4457
3 3513 4457 3515
3 3515 4457 3472
3 3515 3472 1471
3 3472 4457 1436
3 1436 4457 4456
3 1329 1340 3297
3 3297 1340 1341
3 3297 1341 1434
3 3297 1434 1328
3 1434 1341 1425
3 1332 1335 1331
3 1331 1335 1338
3 1347 1421 1346
3 1346 1421 1422
3 1350 1412 1419
3 1350 1419 1349
3 1419 1412 1413
3 1353 1380 4458
3 1353 4458 1352
3 1352 4458 1410
3 1410 4458 1409
3 1409 4458 3397
3 1409 3397 1383
3 3397 4458 1380
3 1359 1377 1358
3 1386 1406 1385
3 1385 1406 1407
3 1389 1401 3429
3 1389 3429 3404
3 3404 3429 1388
3 1388 3429 1404
3 1395 1398 1394
3 1472 1439 3517
3 1440 1443 3479
3 4460 4459 4461
3 4460 4461 4462
3 4460 4462 4463
3 4462 4461 4464
3 4462 4464 4463
3 4463 4464 3525
3 4463 3525 3523
3 4463 3523 3521
3 4463 3521 4460
3 4460 3521 3519
3 4460 3519 4459
3 4459 3519 3517
3 4459 3517 1439
3 4459 1439 4461
3 4461 1439 3476
3 4461 3476 3479
3 4461 3479 4464
3 4464 3479 1443
3 4464 1443 3525
3 1477 1474 3530
3 4466 4465 4467
3 4466 4467 4468
3 4466 4468 4469
3 4471 4472 4473
3 4473 4472 4474
3 4473 4474 3486
3 4473 3486 3488
3 4473 3488 3542
3 4473 3542 3539
3 4473 3539 4471
3 4471 3539 3536
3 4471 3536 3522
3 4471 3522 3524
3 4471 3524 4472
3 4472 3524 3526
3 4472 3526 4474
3 4474 3526 3484
3 4474 3484 3486
3 3484 3526 1445
3 3522 3536 4469
3 3522 4469 3520
3 3520 4469 4468
3 3520 4468 3518
3 3518 4468 4467
3 3518 4467 4470
3 3518 4470 1470
3 1470 4470 3516
3 3516 4470 3514
3 3514 4470 4467
3 3514 4467 4465
3 3514 4465 3512
3 3512 4465 1469
3 1469 4465 3530
3 1469 3530 1474
3 3530 4465 4466
3 3530 4466 3533
3 3533 4466 4469
3 3533 4469 3536
3 3542 3488 1446
3 3542 1446 1480
3 1480 1446 1483
3 3492 1452 1448
3 3492 1448 3490
3 3492 3490 1449
3 1448 1452 1484
3 1475 1476 1461
3 1455 1458 4475
3 1455 4475 4476
3 1455 4476 1454
3 1454 4476 1481
3 1454 1481 1482
3 1481 4476 3549
3 3549 4476 3552
3 3552 4476 4475
3 3552 4475 1476
3 1476 4475 1461
3 1461 4475 1458
3 3510 1467 3508
3 3510 3508 1464
3 3508 1467 1463
3 1463 1467 1473
3 4478 4479 4480
3 4478 4480 3554
3 4478 3554 4477
3 4478 4477 3535
3 4478 3535 3538
3 4478 3538 4479
3 4479 3538 3541
3 4479 3541 3544
3 4479 3544 4480
3 4480 3544 1479
3 4480 1479 3551
3 4480 3551 3554
3 3535 4477 3532
3 3532 4477 1478
3 1478 4477 3554
3 4481 4482 4483
3 4482 4484 4485
3 4482 4485 4486
3 4483 4482 4486
3 4489 4488 4490
3 4489 4490 4491
3 4489 4491 3569
3 4489 3569 4487
3 4489 4487 4488
3 4488 4487 3621
3 4488 3621 1510
3 4488 1510 4490
3 4490 1510 1508
3 4490 1508 3615
3 4490 3615 4491
3 4491 3615 4492
3 4491 4492 3567
3 4491 3567 3569
3 3567 4492 3565
3 3565 4492 1487
3 1487 4492 3617
3 3617 4492 3615
3 1510 3621 1513
3 3621 4487 3624
3 3624 4487 3573
3 3624 3573 3575
3 3624 3575 3627
3 3627 3575 3577
3 3627 3577 3579
3 3627 3579 4481
3 3627 4481 3630
3 3630 4481 4483
3 3630 4483 1519
3 3630 1519 1516
3 1519 4483 4486
3 1519 4486 1491
3 1491 4486 4485
3 1491 4485 3589
3 3589 4485 4484
3 3589 4484 3587
3 3587 4484 3585
3 3587 3585 1488
3 3585 4484 3583
3 3583 4484 4482
3 3583 4482 3581
3 3581 4482 4481
3 3581 4481 3579
3 3573 4487 3571
3 3571 4487 3569
3 4493 4495 4496
3 4494 4493 4496
3 4494 4496 4497
3 4500 4499 4501
3 4500 4501 3611
3 4500 3611 3613
3 4500 3613 1506
3 4500 1506 3644
3 4500 3644 4499
3 4499 3644 3642
3 4499 3642 4498
3 4499 4498 4501
3 4501 4498 3650
3 4501 3650 3648
3 4501 3648 3609
3 4501 3609 3611
3 3609 3648 1503
3 1503 3648 1502
3 3650 4498 3652
3 3652 4498 3640
3 3652 3640 3638
3 3652 3638 3654
3 3654 3638 4497
3 3654 4497 4496
3 3654 4496 3656
3 3656 4496 4495
3 3656 4495 1494
3 3656 1494 1497
3 1494 4495 3595
3 3595 4495 3593
3 3593 4495 4493
3 3593 4493 3591
3 3591 4493 4494
3 3591 4494 3636
3 3591 3636 1493
3 1493 3636 1520
3 3636 4494 3638
3 3638 4494 4497
3 3640 4498 3642
3 3644 1506 1509
3 4503 4502 4506
3 4504 4503 4506
3 4505 4504 4506
3 4505 4506 3604
3 4505 3604 1500
3 4505 1500 3649
3 4505 3649 3651
3 4505 3651 4504
3 4504 3651 3653
3 4504 3653 4503
3 4503 3653 3655
3 4503 3655 3657
3 4503 3657 4502
3 4502 3657 1499
3 4502 1499 3601
3 4502 3601 4506
3 4506 3601 3604
3 4507 4509 4510
3 4510 4509 3643
3 4510 3643 3645
3 4510 3645 1511
3 4510 1511 1512
3 4510 1512 4507
3 4507 1512 1517
3 4507 1517 4508
3 4507 4508 4509
3 4509 4508 3641
3 4509 3641 3643
3 3641 4508 3639
3 3639 4508 3637
3 3637 4508 1518
3 1518 4508 1517
3 4511 4512 4513
3 4513 4512 3623
3 4513 3623 3626
3 4513 3626 4511
3 4511 3626 3629
3 4511 3629 3632
3 4511 3632 4512
3 4512 3632 1515
3 4512 1515 1514
3 4512 1514 3623
