ply
format ascii 1.0
comment Generated by PyMesh
element vertex 4985
property float x
property float y
property float z
property float nx
property float ny
property float nz
element face 9970
property list uchar int vertex_indices
end_header
-16.621 -27.375 7.329 -0.43 -0.432 -0.793
-16.349 -26.958 6.665 -0.611 -0.71 -0.351
-16.268 -27.402 7.072 -0.665 -0.414 -0.622
-15.225 -25.95 9.321 -0.049 -0.206 0.977
-15.746 -26.592 9.394 0.299 0.221 0.928
-15.318 -26.551 9.315 0.013 0.194 0.981
-15.296 -26.79 9.341 0.029 0.024 0.999
-15.726 -26.811 9.418 0.316 0.038 0.948
-13.916 -27.274 10.401 -0.891 0.346 0.293
-14.084 -28.308 10.09 -0.976 -0.171 0.137
-15.857 -27.616 9.176 0.206 -0.632 0.747
-14.095 -28.479 9.934 -0.969 -0.057 0.241
-14.103 -28.647 9.762 -0.976 -0.197 0.098
-15.865 -27.784 9.004 0.2 -0.772 0.603
-15.448 -27.846 8.891 -0.079 -0.731 0.678
-13.893 -28.957 9.177 -0.801 -0.455 -0.39
-15.22 -28.182 8.256 0.084 -0.971 0.224
-14.127 -28.789 7.821 -0.644 -0.567 0.514
-14.377 -28.702 6.998 -0.852 -0.494 -0.173
-15.491 -28.088 7.361 -0.11 -0.903 -0.415
-14.395 -28.629 6.741 -0.84 -0.542 -0.001
-14.49 -28.396 6.392 -0.888 -0.425 -0.175
-15.571 -27.89 7.067 -0.167 -0.762 -0.625
-14.775 -27.969 5.984 -0.698 -0.71 0.097
-15.091 -27.584 5.745 -0.856 -0.517 -0.022
-15.838 -27.565 6.865 -0.358 -0.53 -0.769
-15.84 -27.15 6.421 -0.356 -0.806 -0.473
-15.111 -27.547 5.7 -0.865 -0.499 -0.045
-15.86 -27.114 6.376 -0.366 -0.788 -0.495
-15.131 -27.536 5.434 -0.852 -0.506 0.132
-15.166 -26.615 4.804 -0.882 0.262 -0.393
-15.905 -25.929 5.565 -0.389 -0.195 -0.9
-15.156 -26.362 4.89 -0.888 0.093 -0.45
-15.141 -26.309 4.873 -0.88 0.12 -0.459
-15.89 -25.876 5.548 -0.381 -0.169 -0.909
-16.096 -25.708 5.577 -0.244 -0.281 -0.928
-15.911 -25.268 5.5 -0.089 0.086 -0.992
-15.652 -25.31 5.449 -0.262 0.114 -0.958
-14.902 -25.743 4.774 -0.761 0.403 -0.508
-14.803 -25.575 4.777 -0.711 0.487 -0.507
-15.552 -25.142 5.452 -0.212 0.198 -0.957
-14.965 -25.094 5.187 -0.603 0.166 -0.78
-14.795 -24.032 5.756 -0.518 0.697 -0.496
-15.382 -24.08 6.021 -0.127 0.729 -0.673
-14.582 -23.881 5.698 -0.66 0.596 -0.457
-14.362 -23.541 6.247 -0.476 0.879 0.001
-15.098 -23.643 6.727 0.015 0.947 -0.32
-14.512 -23.595 6.462 -0.376 0.915 -0.143
-13.637 -24.164 8.293 0.061 0.631 0.773
-14.223 -24.212 8.559 0.452 0.663 0.596
-13.134 -24.379 8.599 -0.274 0.775 0.57
-13.201 -25.192 9.099 -0.321 0.194 0.927
-14.302 -25.174 9.151 0.413 0.182 0.892
-13.018 -26.214 10.201 -0.443 0.876 0.192
-13.804 -27.015 10.367 -0.835 0.476 0.276
-15.087 -25.974 9.317 0.02 -0.218 0.976
-15.202 -26.571 9.313 0.097 0.18 0.979
-12.93 -25.093 9.139 -0.128 0.265 0.956
-12.698 -26.097 10.248 -0.282 0.935 0.216
-11.955 -25.53 10.133 -0.777 0.557 0.293
-11.805 -25.641 10.558 -0.702 0.502 0.506
-12.547 -26.207 10.673 -0.207 0.879 0.429
-11.781 -25.905 11.08 -0.718 0.678 0.158
-11.903 -26.394 11.671 -0.778 0.434 0.454
-12.669 -26.696 11.265 -0.268 0.635 0.724
-12.307 -26.848 11.683 -0.509 0.737 0.445
-10.559 -29.404 10.286 0.52 -0.767 -0.376
-10.788 -29.445 9.762 0.672 -0.74 -0.027
-10.022 -29.144 10.169 0.162 -0.941 -0.298
-9.84 -28.762 9.541 0.253 -0.75 -0.611
-10.606 -29.064 9.135 0.764 -0.549 -0.34
-9.864 -28.497 9.02 0.269 -0.926 -0.264
-10.054 -28.343 8.55 0.173 -0.849 -0.499
-10.797 -28.909 8.665 0.668 -0.472 -0.576
-10.88 -29.048 6.936 0.724 -0.379 0.577
-11.2 -29.398 6.968 0.495 -0.629 0.599
-11.175 -29.323 8.702 0.479 -0.679 -0.557
-10.122 -31.743 7.449 -0.223 0.934 0.278
-11.362 -29.737 8.899 0.265 -0.608 -0.748
-10.447 -31.84 7.81 -0.399 0.916 0.041
-10.739 -32.011 7.449 -0.532 0.8 0.278
-11.792 -29.592 8.702 0.17 -0.813 -0.557
-11.721 -29.625 6.968 0.123 -0.791 0.599
-12.067 -29.639 6.948 -0.125 -0.802 0.585
-12.202 -29.609 8.678 -0.035 -0.822 -0.569
-12.451 -29.429 7.361 0.131 -0.942 0.309
-13.226 -29.314 7.523 -0.256 -0.884 0.39
-12.977 -29.494 8.84 -0.422 -0.764 -0.488
-13.468 -29.234 7.607 -0.095 -0.938 0.335
-13.669 -29.157 7.696 -0.263 -0.874 0.41
-13.236 -29.396 8.956 -0.551 -0.715 -0.43
-13.435 -29.325 9.052 -0.419 -0.762 -0.494
-12.808 -29.289 5.404 -0.653 -0.552 -0.518
-13.328 -29.015 5.533 -0.307 -0.735 -0.605
-13.491 -28.853 3.876 -0.198 -0.843 0.5
-13.929 -28.611 3.928 -0.512 -0.67 0.538
-13.847 -28.728 5.596 -0.567 -0.592 -0.574
-14.133 -28.301 5.187 -0.376 -0.876 -0.301
-14.137 -28.474 3.856 -0.66 -0.572 0.487
-14.379 -28.14 5.102 -0.499 -0.795 -0.344
-14.561 -27.997 4.969 -0.378 -0.89 -0.255
-14.443 -27.006 3.206 -0.879 0.477 0.022
-14.843 -26.645 4.37 -0.612 0.236 -0.754
-14.741 -26.401 4.332 -0.68 0.074 -0.729
-14.412 -26.951 3.184 -0.857 0.516 0.006
-14.704 -26.337 4.306 -0.662 0.106 -0.742
-14.203 -26.293 3.252 -0.996 0.077 -0.039
-14.145 -25.953 3.292 -0.964 0.266 -0.017
-14.643 -25.981 4.347 -0.632 0.284 -0.721
-14.143 -25.394 2.908 -0.965 -0.107 0.238
-14.007 -24.858 3.151 -0.869 0.276 0.411
-14.483 -25.346 4.634 -0.551 0.602 -0.578
-14.645 -24.865 5.044 -0.443 0.281 -0.851
-13.744 -24.455 3.229 -0.681 0.564 0.467
-14.334 -24.388 5.137 -0.288 0.519 -0.805
-14.224 -24.157 5.217 -0.361 0.365 -0.858
-12.55 -24.236 3.515 0.172 0.72 0.672
-13.124 -23.956 5.48 0.555 0.533 -0.638
-12.356 -24.643 4.707 0.043 0.992 -0.122
-12.353 -24.643 4.709 0.046 0.992 -0.12
-13.121 -23.956 5.483 0.557 0.534 -0.636
-12.917 -24.128 5.479 0.421 0.649 -0.634
-12.263 -24.643 4.775 0.11 0.991 -0.074
-12.81 -24.129 5.557 0.475 0.648 -0.595
-10.685 -23.658 4.712 -0.942 0.334 -0.032
-10.501 -23.418 5.309 -0.85 0.455 0.266
-12.626 -23.889 6.154 0.567 0.769 -0.297
-10.333 -23.142 5.778 -0.961 0.271 -0.046
-10.138 -23.241 6.687 -0.846 0.213 0.488
-12.415 -23.995 7.131 0.672 0.715 0.192
-12.102 -24.237 7.617 0.463 0.876 -0.132
-9.945 -23.349 6.985 -0.733 0.149 0.663
-11.928 -24.335 7.887 0.588 0.806 0.062
-10.343 -24.361 8.459 -0.468 0.824 -0.32
-10.648 -24.488 9.241 -0.647 0.749 0.14
-12.205 -24.45 8.597 0.39 0.724 0.569
-11.097 -24.77 9.492 -0.348 0.937 -0.028
-10.444 -24.454 9.616 -0.527 0.769 0.361
-10.878 -24.733 9.896 -0.238 0.955 0.174
-10.075 -24.238 10 -0.773 0.625 0.105
-9.957 -24.615 10.884 -0.714 0.436 0.547
-10.759 -25.111 10.78 -0.179 0.767 0.616
-10.736 -25.375 11.302 -0.195 0.943 0.269
-9.952 -24.616 10.891 -0.712 0.436 0.551
-10.731 -25.377 11.309 -0.192 0.943 0.272
-10.252 -25.25 11.668 -0.512 0.858 0.033
-10.73 -27.003 12.923 -0.751 -0.018 0.66
-11.209 -27.129 12.563 -0.431 0.066 0.9
-11.662 -27.531 12.513 -0.129 0.335 0.933
-10.507 -27.509 13.041 -0.639 -0.271 0.72
-11.455 -28.002 12.623 -0.008 0.058 0.998
-10.18 -27.658 13.392 -0.857 -0.171 0.486
-9.443 -28.738 12.788 -0.331 -0.942 0.054
-10.644 -29.19 11.958 0.47 -0.641 0.607
-9.634 -28.787 12.326 -0.203 -0.91 0.362
-9.405 -28.945 11.839 -0.088 -0.989 0.118
-10.43 -29.337 11.505 0.595 -0.728 0.341
-9.884 -29.072 11.48 0.231 -0.905 0.358
-8.377 -28.051 10.153 0.426 -0.542 -0.725
-8.856 -28.178 9.794 0.745 -0.458 -0.485
-8.88 -27.913 9.272 0.761 -0.634 -0.137
-8.351 -28.018 10.143 0.438 -0.525 -0.729
-8.854 -27.879 9.263 0.774 -0.618 -0.142
-8.051 -27.384 9.367 0.238 -0.948 -0.212
-8.186 -26.985 8.508 0.171 -0.748 -0.641
-8.989 -27.48 8.404 0.706 -0.418 -0.571
-8.688 -27.008 8.229 0.506 -0.733 -0.455
-8.885 -26.961 7.997 0.39 -0.705 -0.592
-9.2 -27.43 8.154 0.6 -0.393 -0.697
-8.691 -28.672 5.816 0.261 0.435 0.862
-9.782 -27.858 7.274 0.747 -0.664 0.018
-9.52 -28.372 6.311 0.531 -0.24 0.813
-9.248 -29.293 5.997 -0.137 -0.009 0.991
-9.859 -28.166 8.367 0.271 -0.761 -0.59
-10.715 -28.898 6.783 0.841 -0.272 0.467
-9.371 -29.619 5.932 -0.224 -0.242 0.944
-10.838 -29.224 6.717 0.754 -0.505 0.42
-9.197 -31.335 6.95 -0.34 0.902 0.265
-10.694 -30.159 6.232 0.56 0.048 0.827
-10.11 -30.957 6.282 0.167 0.586 0.793
-9.374 -31.456 7.077 -0.429 0.841 0.329
-10.987 -29.327 6.825 0.647 -0.578 0.497
-9.871 -31.658 7.28 -0.097 0.976 0.193
-8.806 -31.935 7.99 -0.145 0.602 0.785
-9.303 -32.138 8.193 0.187 0.737 0.65
-9.286 -32.441 8.723 0.176 0.939 0.297
-11.044 -32.942 8.49 -0.703 0.688 0.18
-11.061 -32.639 7.96 -0.692 0.486 0.534
-11.47 -33.271 8.717 -0.419 0.907 0.029
-11.742 -33.449 8.431 -0.579 0.803 -0.139
-11.353 -32.83 7.653 -0.839 0.391 0.38
-11.999 -33.613 8.247 -0.408 0.913 -0.016
-12.24 -34.063 7.566 -0.608 0.539 -0.583
-11.662 -33.407 6.778 -0.993 0.102 -0.058
-11.664 -33.382 6.548 -0.992 0.085 0.095
-11.572 -33.925 6.237 -0.915 -0.368 -0.164
-11.544 -34.106 6.377 -0.934 -0.247 -0.258
-12.148 -34.606 7.255 -0.531 0.086 -0.843
-11.711 -35.33 7.259 -0.168 -0.517 -0.839
-10.983 -35.037 6.383 -0.653 -0.713 -0.255
-11.398 -35.5 7.251 -0.377 -0.404 -0.834
-11.058 -35.755 7.285 -0.177 -0.554 -0.814
-10.617 -35.311 6.419 -0.47 -0.85 -0.237
-10.601 -35.614 6.95 -0.481 -0.648 -0.59
-8.744 -35.611 6.894 0.447 -0.647 -0.618
-8.76 -35.308 6.364 0.458 -0.849 -0.265
-8.263 -35.106 6.161 0.127 -0.984 -0.129
-9.637 -33.133 4.763 -0.56 0.003 -0.828
-10.134 -33.335 4.966 -0.229 0.138 -0.964
-9.784 -31.902 3.007 -0.463 -0.818 0.343
-10.072 -31.055 3.524 -0.669 -0.213 0.712
-10.476 -32.333 5.578 -0.4 0.639 -0.657
-9.843 -30.699 4.07 -0.822 -0.451 0.349
-9.844 -30.692 4.077 -0.822 -0.447 0.353
-10.476 -32.326 5.586 -0.4 0.643 -0.653
-10.032 -30.286 4.608 -0.696 -0.718 -0.001
-10.122 -30.169 4.806 -0.761 -0.634 0.14
-10.583 -32.187 5.82 -0.453 0.712 -0.536
-11.589 -29.773 5.591 0.217 -0.897 -0.384
-10.245 -30.013 4.497 -0.849 -0.523 -0.081
-11.712 -29.618 5.283 0.129 -0.786 -0.604
-11.633 -29.4 4.912 0.076 -0.931 -0.357
-12.28 -29.215 4.828 -0.463 -0.777 -0.427
-12.415 -29.416 5.192 -0.373 -0.642 -0.669
-13.098 -28.98 3.664 0.082 -0.933 0.349
-11.771 -29.138 4.5 -0.039 -0.713 -0.7
-12.545 -28.896 3.307 0.477 -0.874 0.094
-10.437 -30.492 2.972 -0.929 0.19 0.318
-11.722 -28.801 2.938 -0.107 -0.985 -0.138
-10.627 -29.629 2.764 -0.933 -0.36 -0.007
-10.469 -30.394 2.302 -0.952 0.259 -0.161
-12.578 -28.799 2.637 0.454 -0.804 -0.384
-11.121 -28.768 1.719 -0.518 -0.824 0.228
-11.416 -28.525 1.241 -0.764 -0.622 -0.171
-12.899 -28.535 2.117 0.224 -0.616 -0.755
-11.605 -28.355 1.325 -0.638 -0.735 -0.227
-12.132 -27.102 0.943 -0.902 -0.109 -0.418
-13.344 -27.477 1.795 -0.094 0.14 -0.986
-12.996 -26.887 1.683 -0.326 -0.253 -0.911
-13.422 -26.631 1.848 -0.562 -0.111 -0.819
-13.721 -27.25 1.941 -0.363 0.302 -0.881
-13.503 -25.994 1.631 -0.509 -0.535 -0.674
-14.106 -25.697 2.409 -0.939 -0.323 -0.119
-14.324 -26.953 2.719 -0.793 0.514 -0.326
-14.103 -26.295 2.727 -0.941 0.076 -0.331
-12.981 -26.628 1.627 -0.317 -0.109 -0.942
-13.113 -25.992 1.435 -0.23 -0.533 -0.814
-12.116 -26.832 0.885 -0.894 0.026 -0.447
-11.895 -26.382 0.643 -0.784 0.251 -0.568
-12.926 -25.612 1.231 -0.097 -0.262 -0.96
-11.79 -26.151 0.558 -0.854 0.097 -0.512
-10.934 -25.089 1.02 -0.14 0.982 -0.127
-11.996 -24.458 1.732 0.568 0.562 -0.602
-10.795 -25.016 1.237 -0.233 0.934 -0.271
-10.601 -24.91 1.615 -0.137 0.987 -0.082
-11.833 -24.368 2.052 0.684 0.626 -0.374
-9.662 -24.352 1.789 -0.763 0.615 -0.198
-9.629 -24.271 2.065 -0.74 0.673 -0.001
-11.8 -24.287 2.328 0.708 0.684 -0.176
-9.908 -23.718 3.226 -0.554 0.305 -0.775
-10.682 -23.669 4.609 -0.941 0.329 -0.083
-12.454 -24.246 3.496 0.241 0.713 0.658
-12.261 -24.653 4.688 0.112 0.984 -0.136
-9.07 -23.899 1.986 -0.34 0.939 -0.058
-9.247 -23.278 3.133 -0.223 0.525 -0.822
-8.637 -23.594 2.277 -0.629 0.735 -0.251
-8.109 -23.222 2.515 -0.366 0.921 -0.132
-8.719 -22.906 3.371 0.041 0.711 -0.702
-8.183 -23.012 3.125 -0.316 0.781 -0.538
-8.163 -22.982 3.157 -0.304 0.799 -0.52
-8.697 -22.874 3.405 0.052 0.726 -0.685
-7.81 -22.549 3.384 -0.539 0.51 -0.671
-7.932 -22.181 3.927 -0.599 0.694 -0.399
-8.818 -22.506 3.949 -0.009 0.91 -0.414
-8.218 -21.987 4.405 -0.409 0.564 -0.717
-8.736 -21.897 4.983 -0.667 0.61 -0.428
-9.336 -22.416 4.528 -0.267 0.956 -0.124
-9.25 -22.211 5.052 -0.324 0.819 -0.473
-8.785 -21.72 6.207 -0.692 0.698 0.184
-9.296 -22.047 6.19 -0.351 0.916 0.196
-8.494 -21.358 6.602 -0.886 0.457 -0.079
-8.57 -21.6 7.124 -0.924 0.336 0.182
-9.367 -22.271 6.675 -0.393 0.784 0.481
-8.512 -21.444 7.609 -0.962 0.232 -0.141
-8.466 -22.108 8.197 -0.929 -0.242 0.279
-9.315 -23.002 7.323 -0.363 0.354 0.862
-9.289 -23.764 9.119 -0.38 0.862 -0.335
-9.461 -23.869 9.076 -0.467 0.809 -0.357
-9.476 -23.1 7.283 -0.457 0.296 0.839
-9.874 -24.112 8.758 -0.192 0.971 -0.144
-8.465 -22.106 8.202 -0.929 -0.241 0.283
-9.288 -23.762 9.124 -0.38 0.863 -0.333
-8.803 -23.478 8.967 -0.703 0.674 -0.228
-7.521 -23.877 10.879 0.051 0.439 0.897
-7.909 -24.191 11.181 0.309 0.648 0.696
-7.87 -24.544 11.665 0.283 0.883 0.373
-9.205 -24.766 11.755 -0.502 0.753 0.426
-9.345 -24.43 11.278 -0.409 0.529 0.744
-9.645 -25.064 12.054 -0.209 0.952 0.226
-8.181 -25.26 12.529 0.101 0.462 0.881
-8.543 -25.596 12.887 0.342 0.686 0.642
-7.824 -25.259 12.536 -0.137 0.461 0.876
-7.49 -25.7 12.667 0.141 0.095 0.986
-8.114 -26.162 13.055 0.557 0.403 0.727
-8.159 -26.52 13.404 0.586 0.642 0.494
-6.98 -26.436 12.253 0.566 -0.519 0.641
-7.605 -27.32 12.954 0.982 0.071 0.173
-7.458 -27.108 12.523 0.885 -0.071 0.461
-6.854 -26.656 11.771 0.671 -0.702 0.239
-7.297 -27.391 11.903 0.966 -0.212 0.151
-7.022 -26.93 11.614 0.782 -0.52 0.343
-7.438 -27.312 10.359 0.538 -0.745 -0.395
-7.744 -27.803 10.553 0.742 -0.418 -0.524
-7.444 -27.169 9.777 0.542 -0.84 -0.007
-6.695 -26.269 10.723 0.975 -0.131 -0.181
-6.645 -26.047 10.168 0.941 -0.279 0.189
-6.346 -25.602 9.937 0.742 -0.576 0.343
-7.256 -25.605 8.012 0.207 -0.578 -0.79
-7.624 -26.05 8.097 0.452 -0.281 -0.846
-7.741 -25.552 5.948 0.53 -0.613 0.586
-8.127 -25.835 5.904 0.337 -0.754 0.564
-8.01 -26.332 8.053 0.259 -0.422 -0.869
-8.524 -26.401 7.806 0.602 -0.376 -0.704
-8.457 -26.021 5.782 0.172 -0.847 0.503
-8.831 -26.574 7.693 0.422 -0.478 -0.771
-8.643 -28.32 5.54 0.296 0.686 0.664
-9.372 -27.021 7.431 0.788 -0.445 -0.427
-9.205 -28.224 5.93 0.67 0.399 0.626
-8.299 -26.026 5.704 0.251 -0.85 0.464
-8.509 -28.325 5.474 0.391 0.683 0.617
-7.143 -28.418 5.772 -0.52 0.745 0.418
-7.267 -29.275 6.208 -0.623 0.03 0.782
-8.644 -29.256 5.947 0.295 0.018 0.955
-7.295 -29.541 6.226 -0.604 0.207 0.769
-7.361 -29.833 6.224 -0.637 0.062 0.768
-8.7 -29.503 5.945 0.255 -0.158 0.954
-7.16 -30.608 6.977 -0.771 0.579 0.266
-7.174 -30.626 6.978 -0.78 0.566 0.266
-8.713 -29.52 5.946 0.246 -0.171 0.954
-8.418 -31.218 6.966 0.049 0.961 0.274
-6.942 -31.024 7.636 -0.615 0.281 0.737
-8.144 -31.689 7.746 0.186 0.725 0.663
-7.637 -32.073 8.555 -0.152 0.98 0.124
-8.253 -32.334 8.818 -0.461 0.85 0.256
-8.761 -31.95 8.009 -0.122 0.594 0.795
-9.241 -32.456 8.742 0.198 0.931 0.306
-8.255 -32.781 9.563 -0.461 0.626 0.628
-9.243 -32.903 9.487 0.197 0.707 0.679
-8.737 -33.094 9.706 -0.14 0.834 0.533
-9.249 -34.129 10.276 -0.441 0.226 0.869
-9.794 -34.016 10.101 -0.078 0.151 0.985
-10.307 -34.27 10.215 0.265 0.32 0.91
-9.242 -34.188 10.294 -0.437 0.19 0.879
-10.3 -34.33 10.232 0.269 0.285 0.92
-10.356 -34.644 10.392 0.306 0.495 0.814
-10.087 -36.254 9.467 0.53 -0.847 0.043
-9.979 -36.254 9.127 0.458 -0.847 0.27
-8.921 -36.112 9.188 -0.247 -0.941 0.229
-8.915 -36.127 9.128 -0.244 -0.95 0.194
-9.973 -36.269 9.067 0.461 -0.856 0.235
-9.434 -36.166 8.866 0.102 -0.924 0.368
-8.251 -36.009 8.032 0.147 -0.88 -0.451
-8.72 -36.039 7.688 0.459 -0.86 -0.221
-7.731 -35.917 7.763 -0.2 -0.941 -0.272
-7.725 -35.488 6.99 -0.197 -0.727 -0.658
-8.713 -35.61 6.915 0.462 -0.646 -0.608
-8.233 -35.105 6.182 0.142 -0.983 -0.119
-7.379 -35.378 6.826 -0.024 -0.672 -0.74
-7.887 -34.994 6.017 0.315 -0.928 -0.201
-6.321 -35.424 5.354 -0.729 -0.641 0.241
-6.478 -35.263 4.835 -0.841 -0.526 -0.13
-8.072 -34.803 5.403 0.222 -0.832 -0.508
-6.895 -34.83 4.852 -0.563 -0.815 -0.141
-7.204 -34.197 4.16 -0.718 -0.498 -0.487
-8.382 -34.171 4.711 0.067 -0.516 -0.854
-7.313 -33.979 4.048 -0.645 -0.644 -0.412
-7.494 -33.377 3.836 -0.796 -0.142 -0.589
-8.614 -33.397 4.438 -0.049 -0.129 -0.99
-8.92 -32.125 2.732 0.155 -0.977 0.147
-6.814 -33.025 3.388 -0.23 0.152 -0.961
-8.181 -31.742 2.247 0.682 -0.704 -0.2
-6.563 -32.97 3.312 -0.397 0.115 -0.911
-6.534 -32.939 3.304 -0.382 0.131 -0.915
-8.157 -31.715 2.24 0.699 -0.685 -0.205
-7.084 -31.656 2.966 -0.016 -0.724 -0.689
-6.896 -31.178 2.648 0.119 -0.383 -0.916
-7.968 -31.237 1.922 0.834 -0.343 -0.432
-7.466 -30.904 2.26 0.499 -0.565 -0.657
-7.666 -30.273 1.828 0.388 -0.214 -0.897
-8.146 -30.679 1.54 0.707 0.056 -0.705
-7.429 -29.606 1.558 0.23 -0.659 -0.716
-8.16 -29.114 1.293 -0.292 -0.307 -0.906
-8.877 -30.186 1.275 0.185 0.408 -0.894
-8.702 -28.307 0.731 0.069 -0.845 -0.531
-8.969 -28.292 0.707 -0.065 -0.837 -0.543
-9.102 -30.173 1.255 0.024 0.417 -0.909
-9.607 -28.406 0.701 0.361 -0.761 -0.539
-9.781 -28.464 0.681 0.273 -0.79 -0.549
-9.25 -30.222 1.238 -0.081 0.382 -0.921
-9.998 -28.61 0.74 0.418 -0.692 -0.588
-9.042 -27.855 0.235 -0.102 -0.618 -0.779
-9.681 -27.969 0.229 0.324 -0.542 -0.775
-8.837 -27.754 0.097 -0.239 -0.686 -0.688
-8.961 -27.042 -0.2 -0.342 -0.093 -0.935
-9.84 -27.054 -0.153 0.244 -0.085 -0.966
-9.202 -26.94 -0.147 -0.182 -0.161 -0.97
-9.543 -25.078 0.729 -0.352 0.77 -0.532
-10.181 -25.192 0.723 0.073 0.846 -0.528
-9.307 -24.59 1.036 -0.509 0.445 -0.737
-8.319 -25.236 0.444 0.26 0.691 -0.674
-8.273 -24.724 0.795 0.23 0.35 -0.908
-7.693 -24.57 0.867 -0.157 0.247 -0.956
-7.831 -25.645 0.366 0.504 0.486 -0.714
-7.204 -24.98 0.788 0.087 0.043 -0.995
-6.566 -25.806 0.39 -0.339 0.594 -0.73
-5.981 -25.536 0.601 0.149 0.819 -0.554
-6.452 -24.632 1.06 0.463 0.217 -0.86
-6.296 -24.442 1.164 0.359 0.09 -0.929
-6.504 -23.416 1.951 0.186 0.944 -0.273
-6.719 -23.314 2.072 0.329 0.876 -0.353
-5.867 -22.619 2.861 -0.239 0.412 -0.879
-5.984 -22.553 2.931 -0.308 0.451 -0.838
-6.846 -23.243 2.148 0.266 0.911 -0.316
-6.569 -22.602 2.982 0.082 0.483 -0.872
-7.776 -22.56 3.349 -0.521 0.505 -0.688
-8.052 -23.201 2.515 -0.337 0.932 -0.132
-8.13 -22.992 3.125 -0.285 0.793 -0.538
-5.953 -21.991 3.416 -0.29 0.781 -0.552
-6.536 -21.998 3.503 0.099 0.786 -0.611
-5.723 -21.55 3.716 -0.443 0.487 -0.752
-6.133 -21.18 4.506 -0.648 0.672 -0.357
-6.946 -21.628 4.293 -0.106 0.971 -0.216
-7.232 -21.434 4.771 0.085 0.841 -0.534
-6.131 -21.17 4.522 -0.648 0.677 -0.349
-7.23 -21.423 4.787 0.085 0.846 -0.526
-6.939 -21.062 5.182 -0.109 0.605 -0.789
-5.73 -20.757 4.946 -0.447 0.884 -0.137
-6.538 -20.649 5.605 0.092 0.812 -0.577
-5.939 -20.641 5.497 -0.308 0.807 -0.504
-5.588 -20.38 6.795 -0.101 0.96 0.259
-6.161 -20.368 7.002 0.28 0.952 0.121
-5.295 -20.36 6.998 -0.297 0.947 0.124
-5.232 -20.569 7.552 -0.244 0.773 0.586
-6.08 -20.637 7.715 0.321 0.818 0.478
-6.409 -20.63 8.108 0.54 0.813 0.216
-4.934 -21.31 8.034 0.004 0.155 0.988
-6.085 -21.435 8.632 0.772 0.238 0.59
-5.697 -21.59 8.335 0.513 0.341 0.788
-5.9 -22.284 8.582 0.411 -0.006 0.912
-6.257 -22.022 8.841 0.649 -0.181 0.739
-6.198 -23.481 9.893 0.61 0.792 0.038
-6.788 -23.294 10.205 0.119 0.947 0.297
-6.897 -21.819 9.179 0.191 -0.036 0.981
-7.078 -23.162 10.043 0.312 0.859 0.405
-7.127 -23.899 10.905 -0.164 0.444 0.881
-7.483 -23.885 10.88 0.073 0.434 0.898
-7.532 -24.666 11.814 0.106 0.956 0.275
-7.553 -24.664 11.815 0.089 0.957 0.276
-7.508 -23.882 10.881 0.059 0.436 0.898
-7.857 -24.549 11.667 0.291 0.88 0.374
-6.168 -25.312 10.139 0.635 -0.734 0.242
-6.573 -26.079 11.048 0.905 -0.222 -0.364
-6.337 -25.574 9.964 0.747 -0.559 0.359
-6.338 -25.576 9.963 0.747 -0.56 0.358
-6.574 -26.081 11.047 0.904 -0.223 -0.364
-6.687 -26.243 10.749 0.979 -0.116 -0.166
-5.855 -24.326 9.326 0.896 0.087 -0.435
-5.963 -24.396 8.992 0.968 0.134 -0.213
-5.458 -23.371 7.852 0.632 -0.55 0.547
-5.854 -24.039 7.112 0.434 -0.883 0.177
-6.33 -25.017 8.304 0.751 -0.232 -0.618
-6.145 -24.401 6.718 0.628 -0.642 0.439
-6.367 -24.65 6.598 0.517 -0.767 0.379
-6.536 -25.249 8.192 0.63 -0.368 -0.683
-6.08 -24.845 6.12 0.326 -0.638 0.698
-6.467 -25.095 5.99 0.133 -0.763 0.633
-6.896 -25.482 8.071 0.419 -0.505 -0.755
-6.754 -24.901 6.468 0.324 -0.892 0.314
-7.113 -25.015 6.398 0.144 -0.949 0.279
-7.23 -25.588 8.006 0.222 -0.567 -0.793
-7.713 -25.534 5.942 0.544 -0.603 0.583
-7.058 -25.023 6.335 0.172 -0.953 0.248
-7.658 -25.542 5.879 0.572 -0.607 0.552
-6.772 -25.217 5.857 -0.019 -0.824 0.566
-6.751 -25.278 5.763 -0.009 -0.855 0.519
-7.638 -25.603 5.785 0.582 -0.638 0.504
-6.533 -26.574 5.06 -0.155 0.009 0.988
-6.586 -26.627 5.049 -0.199 -0.036 0.979
-7.706 -25.672 5.772 0.548 -0.672 0.498
-6.85 -26.589 5.022 -0.023 -0.061 0.998
-7.088 -26.778 4.981 -0.142 -0.156 0.978
-7.944 -25.861 5.731 0.429 -0.767 0.478
-6.867 -28.29 5.793 -0.29 0.852 0.436
-7.684 -26.767 5.018 0.05 -0.266 0.963
-7.262 -27.688 5.109 -0.239 0.364 0.9
-6.86 -26.734 5.007 -0.028 -0.134 0.991
-6.689 -28.256 5.814 -0.142 0.88 0.453
-6.594 -26.74 5.038 -0.205 -0.13 0.97
-6.195 -26.759 5.051 0.128 -0.145 0.981
-6.29 -28.274 5.827 0.191 0.865 0.464
-6.038 -28.254 5.736 0.024 0.851 0.524
-5.264 -26.866 4.305 0.903 -0.235 0.359
-4.842 -28.392 4.777 0.622 0.782 0.045
-5.15 -26.896 4.065 0.827 -0.215 0.519
-5.007 -27.049 3.684 0.898 -0.291 0.329
-4.7 -28.544 4.396 0.693 0.706 -0.146
-4.685 -28.58 4.131 0.683 0.729 0.031
-4.531 -28.755 4.134 0.812 0.583 0.033
-4.502 -28.77 4.399 0.792 0.593 -0.144
-2.45 -29.017 4.643 -0.576 0.758 -0.307
-2.56 -29.015 5.577 -0.631 0.759 0.16
-4.612 -28.768 5.334 0.737 0.594 0.323
-4.058 -29.272 5.808 0.367 0.93 0.007
-4.178 -29.247 5.989 0.267 0.951 0.157
-4.766 -28.736 5.566 0.66 0.61 0.439
-4.415 -29.144 5.918 0.425 0.882 0.204
-6.171 -29.801 6.909 -0.452 0.553 0.7
-6.522 -29.393 6.557 -0.218 0.281 0.934
-6.452 -30.237 7.259 -0.265 0.844 0.467
-4.795 -30.832 7.452 0.236 0.038 0.971
-5.289 -31.108 7.717 0.565 0.222 0.794
-5.135 -31.655 7.911 0.462 0.586 0.665
-6.316 -31.678 8.197 -0.129 0.575 0.808
-6.288 -31.127 7.959 -0.148 0.208 0.967
-6.862 -32.195 8.937 0.235 0.919 0.315
-5.615 -32.127 8.401 0.222 0.35 0.91
-6.16 -32.644 9.14 0.586 0.695 0.417
-5.786 -32.943 9.322 0.336 0.894 0.296
-5.465 -35.089 8.176 0.565 -0.638 -0.523
-5.781 -35.184 7.783 0.775 -0.575 -0.261
-4.971 -35.26 6.163 0.235 -0.524 0.819
-5.283 -34.916 8.206 0.695 -0.515 -0.502
-4.789 -35.087 6.193 0.366 -0.4 0.84
-5.019 -34.462 7.08 0.52 -0.817 0.249
-4.874 -34.37 7.049 0.592 -0.771 0.234
-4.666 -35.009 6.168 0.454 -0.344 0.822
-4.761 -34.25 7.26 0.517 -0.851 0.094
-4.524 -34.068 7.159 0.715 -0.699 0.009
-4.409 -34.812 6.057 0.637 -0.204 0.743
-4.036 -34.786 5.83 0.389 -0.221 0.894
-4.763 -34.689 3.598 -0.217 -0.14 -0.966
-5.199 -34.706 3.632 0.073 -0.128 -0.989
-5.38 -34.171 3.428 0.194 -0.485 -0.853
-4.523 -34.448 3.559 -0.017 0.061 -0.998
-5.072 -33.861 3.378 0.349 -0.33 -0.877
-4.634 -33.402 3.217 0.057 -0.636 -0.77
-5.783 -32.36 3.061 -0.518 -0.115 -0.848
-6.221 -32.819 3.223 -0.226 0.191 -0.955
-6.819 -31.554 2.897 0.173 -0.652 -0.738
-5.538 -32.058 2.922 -0.396 0.037 -0.918
-6.613 -31.299 2.779 0.321 -0.469 -0.823
-5.307 -32.003 2.798 -0.549 0 -0.836
-5.108 -31.646 2.752 -0.384 0.298 -0.874
-6.397 -30.911 2.729 0.475 -0.192 -0.859
-5.856 -30.666 2.832 0.115 -0.355 -0.928
-6.024 -30.302 2.719 0.031 -0.173 -0.984
-6.539 -30.603 2.633 0.374 0.028 -0.927
-6.895 -29.591 1.925 0.612 -0.648 -0.455
-6.918 -29.605 1.915 0.595 -0.658 -0.461
-6.562 -30.618 2.624 0.357 0.017 -0.934
-7.089 -30.272 2.232 0.709 -0.214 -0.672
-5.618 -29.702 2.76 0.234 0.127 -0.964
-6.552 -29.084 1.959 0.857 -0.285 -0.43
-5.572 -28.088 1.675 0.203 -0.949 -0.24
-5.987 -27.836 1.126 -0.093 -0.769 -0.632
-6.967 -28.832 1.411 0.56 -0.105 -0.822
-6.145 -27.617 0.782 0.012 -0.915 -0.403
-6.458 -27.485 0.619 -0.249 -0.805 -0.539
-7.307 -28.688 1.233 0.317 -0.003 -0.948
-7.786 -27.714 0.428 0.637 -0.652 -0.412
-8.175 -27.935 0.381 0.312 -0.836 -0.45
-7.73 -28.928 1.183 0.015 -0.174 -0.985
-8.192 -28.087 0.6 0.324 -0.735 -0.596
-6.592 -26.329 0.163 -0.36 0.158 -0.919
-7.92 -26.558 -0.028 0.525 0.311 -0.792
-7.863 -26.317 0.073 0.488 0.15 -0.86
-5.151 -25.671 1.483 0.503 0.777 -0.377
-5.376 -25.624 1.111 0.653 0.746 -0.129
-5.691 -24.529 1.674 0.863 0.016 -0.505
-5.003 -25.659 1.864 0.609 0.786 -0.105
-5.555 -24.518 2.024 0.977 0.026 -0.212
-4.732 -23.936 2.948 0.428 -0.362 -0.828
-4.706 -26.1 2.461 0.822 0.471 0.321
-4.405 -24.422 3.605 0.621 -0.648 -0.441
-4.901 -25.853 2.979 0.952 0.306 -0.024
-5.182 -26.238 4.174 0.811 0.114 0.574
-4.666 -24.779 4.716 0.467 -0.858 0.212
-5.289 -26.354 4.39 0.882 0.192 0.43
-5.508 -26.34 4.695 0.7 0.204 0.684
-4.927 -24.762 5.081 0.313 -0.848 0.427
-5.432 -24.978 5.294 0.65 -0.704 0.285
-5.417 -24.923 5.385 0.658 -0.677 0.33
-4.913 -24.711 5.165 0.322 -0.818 0.476
-4.604 -24.475 5.597 0.116 -0.975 0.188
-3.69 -23.996 4.497 0.573 -0.735 -0.362
-4.063 -24.265 4.142 0.822 -0.556 -0.125
-3.01 -23.623 4.152 0.12 -0.984 -0.132
-3.584 -22.164 3.225 -0.358 0.232 -0.904
-4.749 -22.521 3.034 0.418 0.47 -0.777
-4.427 -22.12 3.305 0.204 0.203 -0.958
-3.583 -22.159 3.226 -0.358 0.236 -0.903
-4.427 -22.113 3.306 0.205 0.206 -0.957
-3.864 -21.969 3.339 -0.171 0.11 -0.979
-3.937 -20.535 5.368 -0.214 0.953 0.214
-4.506 -20.571 5.488 0.165 0.977 0.134
-4.801 -20.468 6.001 0.362 0.909 -0.208
-3.879 -20.543 5.447 -0.18 0.948 0.261
-4.743 -20.476 6.08 0.396 0.904 -0.161
-4.588 -20.44 6.4 0.293 0.88 -0.374
-3.87 -20.543 5.454 -0.175 0.948 0.265
-4.58 -20.44 6.406 0.299 0.88 -0.369
-3.602 -20.514 5.688 -0.353 0.929 0.109
-2.919 -21.457 6.717 0.216 0.143 0.966
-3.898 -21.383 7.434 0.868 0.094 0.488
-1.525 -21.78 7.263 -0.714 0.359 0.602
-1.526 -21.788 7.267 -0.715 0.352 0.605
-3.899 -21.391 7.438 0.867 0.087 0.491
-1.607 -22.099 7.423 -0.661 0.559 0.501
-1.84 -22.793 7.564 -0.798 0.151 0.583
-4.094 -21.972 7.555 0.704 -0.396 0.589
-1.851 -23.12 7.706 -0.791 0.369 0.488
-3.229 -22.371 6.964 0.121 -0.145 0.982
-2.612 -22.688 7.005 -0.291 0.066 0.954
-1.861 -23.14 7.704 -0.799 0.353 0.487
-4.104 -21.991 7.554 0.696 -0.413 0.587
-4.164 -22.331 7.459 0.736 -0.187 0.65
-4.875 -22.153 7.96 0.318 -0.083 0.944
-4.699 -21.843 7.972 0.2 -0.289 0.936
-5.394 -22.275 8.255 0.664 -0.001 0.748
-4.856 -23.334 7.266 0.329 -0.777 0.537
-5.374 -23.545 7.509 0.674 -0.636 0.375
-4.565 -23.653 6.849 0.135 -0.564 0.815
-4.995 -24.131 6.401 -0.08 -0.803 0.59
-5.804 -24.023 7.06 0.459 -0.875 0.151
-6.095 -24.385 6.666 0.653 -0.634 0.414
-4.996 -24.139 6.39 -0.08 -0.807 0.585
-6.095 -24.392 6.655 0.653 -0.638 0.408
-5.809 -24.586 6.178 0.462 -0.509 0.727
-4.333 -22.886 7.331 0.637 -0.513 0.575
-4.003 -23.171 6.919 0.417 -0.323 0.85
-2.002 -23.604 7.597 -0.917 -0.034 0.398
-1.744 -24.298 6.683 -0.701 -0.613 -0.364
-3.67 -24.063 5.744 0.583 -0.769 0.262
-1.712 -24.201 6.341 -0.723 -0.678 -0.136
-1.654 -24.208 6.153 -0.689 -0.682 -0.246
-3.609 -24.071 5.542 0.614 -0.773 0.161
-1.193 -25.106 5.781 -0.997 -0.083 0.002
-1.14 -25.09 5.314 -0.97 -0.075 -0.231
-3.556 -24.055 5.076 0.64 -0.765 -0.072
-3.054 -23.774 4.984 0.306 -0.952 -0.012
-3.153 -23.721 4.493 0.247 -0.921 -0.301
-3.662 -23.998 4.547 0.587 -0.737 -0.337
-2.989 -23.625 4.191 0.138 -0.986 -0.099
-2.927 -23.678 4.612 0.38 -0.896 -0.231
-2.799 -23.588 4.29 0.295 -0.955 -0.016
-1.004 -24.986 4.913 -0.902 -0.023 -0.432
-0.929 -24.952 4.771 -0.865 -0.006 -0.502
-2.742 -23.561 4.18 0.344 -0.933 -0.108
-1.075 -24.358 4.768 -0.767 -0.402 -0.5
-0.463 -23.372 4.003 -0.461 0.092 -0.883
-2.265 -22.794 3.585 0.741 -0.293 -0.604
0.212 -23.193 3.296 -0.911 -0.027 -0.412
0.241 -22.965 3.25 -0.896 0.087 -0.435
-2.242 -22.616 3.549 0.76 -0.145 -0.634
-0.089 -22.774 3.702 -0.676 -0.04 -0.736
-0.088 -21.785 4.101 -0.676 0.541 -0.501
-2.242 -21.79 3.883 0.76 0.544 -0.356
-2.26 -21.528 4.125 0.772 0.369 -0.517
-0.036 -21.414 4.812 -0.645 0.76 -0.082
-2.208 -21.156 4.837 0.803 0.588 -0.098
-0.818 -21.35 5.718 -0.124 0.717 -0.686
-0.822 -21.342 5.726 -0.127 0.723 -0.679
-2.213 -21.147 4.847 0.8 0.593 -0.093
-2.216 -21.02 5.18 0.802 0.508 -0.315
1.166 -21.502 6.149 0.062 0.708 0.704
0.188 -21.424 6.836 0.714 0.655 0.246
0.443 -21.663 6.908 0.545 0.815 0.198
1.218 -21.549 6.188 0.093 0.68 0.727
0.495 -21.71 6.948 0.575 0.788 0.221
0.972 -21.826 6.631 0.257 0.865 0.432
0.791 -23.882 7.713 0.166 -0.163 0.972
0.326 -23.622 7.953 0.476 -0.337 0.812
0.937 -24.475 7.716 0.069 0.232 0.97
0.599 -24.721 7.754 -0.101 0.11 0.989
0.012 -23.85 7.988 0.291 -0.471 0.833
-0.302 -24.004 8.061 0.5 -0.368 0.784
-0.229 -25.42 7.422 -0.515 -0.24 0.823
-0.946 -24.549 7.803 -0.037 -0.821 0.569
-0.24 -25.646 7.371 -0.507 -0.09 0.857
-0.632 -25.741 6.972 -0.834 -0.169 0.525
-1.338 -24.644 7.404 -0.364 -0.901 0.237
-0.734 -25.543 6.909 -0.767 -0.302 0.567
-1.177 -25.175 5.97 -0.988 -0.117 0.097
-1.683 -24.357 6.674 -0.651 -0.662 -0.372
-1.639 -24.272 6.33 -0.68 -0.719 -0.142
-0.607 -26.221 6.485 -0.813 -0.57 0.119
-0.701 -26.16 6.283 -0.751 -0.61 0.253
-0.928 -28.096 6.03 -0.6 0.68 0.422
-0.762 -28.065 4.879 -0.461 0.706 -0.537
-0.488 -26.121 4.803 -0.644 -0.59 -0.487
-0.826 -28.228 4.676 -0.419 0.814 -0.402
-0.591 -28.252 4.45 -0.301 0.802 -0.516
-0.253 -26.145 4.576 -0.527 -0.602 -0.6
-0.065 -28.168 3.478 -0.652 0.746 0.132
-0.053 -28.153 3.453 -0.643 0.757 0.114
-0.239 -26.127 4.547 -0.519 -0.594 -0.615
0.176 -26.304 4.186 -0.796 -0.476 -0.374
0.293 -24.934 3.65 -0.738 0.209 -0.642
-0.122 -24.757 4.011 -0.461 0.091 -0.883
-0.268 -24.164 4.007 -0.364 -0.304 -0.88
0.302 -24.924 3.642 -0.733 0.214 -0.646
-0.259 -24.154 4 -0.359 -0.299 -0.884
0.416 -23.975 3.294 -0.809 -0.418 -0.413
0.838 -25.161 3.174 -0.465 0.096 -0.88
0.952 -24.212 2.825 -0.541 -0.537 -0.648
1.624 -25.229 1.914 -0.989 0.141 -0.041
2.503 -24.296 1.319 -0.361 0.808 -0.465
1.992 -23.108 2.121 -0.021 0.016 -1
2.626 -23.863 1.717 -0.443 0.519 -0.731
2.641 -23.85 1.717 -0.436 0.526 -0.731
2.007 -23.095 2.121 -0.013 0.022 -1
2.305 -22.692 2.04 -0.212 -0.246 -0.946
3.931 -22.199 3.778 0.949 0.106 0.295
3.932 -22.511 4.178 0.949 0.314 0.029
4.617 -23.177 3.579 0.492 0.758 0.428
4.638 -23.285 3.716 0.51 0.667 0.543
3.959 -22.651 4.354 0.963 0.244 0.117
4.593 -23.406 3.951 0.54 0.748 0.386
4.569 -23.589 4.256 0.528 0.656 0.539
3.935 -22.833 4.659 0.951 0.153 0.27
5.327 -24.093 4.887 0.023 0.993 0.118
4.794 -24.625 5.707 -0.358 0.613 0.704
3.304 -23.463 5.631 0.635 -0.162 0.755
3.19 -24.411 5.98 0.711 0.47 0.523
2.842 -24.276 6.233 0.537 0.538 0.65
2.956 -23.328 5.885 0.461 -0.094 0.882
2.281 -23.506 6.591 0.911 0.024 0.411
2.037 -22.63 6.578 0.789 0.462 0.405
2.712 -22.452 5.872 0.339 0.343 0.876
2.208 -22.297 6.139 0.675 0.24 0.698
2.832 -24.294 6.256 0.532 0.529 0.661
2.271 -23.524 6.613 0.906 0.016 0.423
2.417 -24.117 6.617 0.809 0.411 0.42
2.402 -26.134 6.662 0.317 -0.391 0.864
1.988 -25.957 7.023 0.594 -0.509 0.623
2.434 -27.515 6.766 0.296 0.53 0.795
1.478 -27.895 6.819 -0.5 0.213 0.839
0.759 -26.446 7.092 -0.021 -0.753 0.658
0.528 -26.443 7.114 0.133 -0.755 0.643
1.463 -27.903 6.812 -0.512 0.206 0.834
0.514 -26.452 7.107 0.12 -0.761 0.637
0.401 -28.563 6.956 0.195 0.646 0.738
-0.945 -28.332 6.354 -0.478 0.762 0.437
-0.534 -26.271 6.639 -0.752 -0.611 0.247
-0.854 -28.146 6.184 -0.538 0.638 0.55
-1.297 -28.391 5.858 -0.654 0.733 0.189
-1.128 -28.192 5.798 -0.767 0.6 0.228
-1.858 -28.681 5.762 -0.28 0.926 0.253
-1.744 -28.615 4.905 -0.223 0.959 -0.176
-1.04 -28.141 5.132 -0.693 0.643 -0.327
-1.183 -28.325 5.001 -0.597 0.765 -0.24
-1.47 -28.889 4.13 -0.086 0.822 -0.563
-0.909 -28.599 4.227 -0.46 0.629 -0.627
-0.333 -28.461 3.29 -0.844 0.537 -0.002
-1.526 -28.996 3.997 -0.114 0.769 -0.63
-0.38 -28.552 3.177 -0.877 0.472 -0.083
-1.738 -29.1 3.871 0.028 0.838 -0.545
-1.779 -29.527 3.474 -0.007 0.482 -0.876
-0.425 -29.016 2.746 -0.91 0.141 -0.391
-0.463 -28.9 1.466 -0.885 0.064 0.462
0.333 -27.871 1.537 -0.316 0.799 0.512
0.371 -27.987 2.816 -0.341 0.876 -0.341
0.683 -27.914 2.13 -0.549 0.827 0.116
0.687 -27.911 2.131 -0.547 0.829 0.117
0.374 -27.985 2.817 -0.339 0.877 -0.34
0.681 -26.104 3.433 -0.544 -0.376 -0.75
0.693 -27.906 2.124 -0.544 0.832 0.113
0.688 -26.099 3.426 -0.54 -0.373 -0.754
0.342 -27.864 1.532 -0.31 0.803 0.508
0.499 -27.737 1.381 -0.198 0.895 0.401
0.873 -25.948 3.247 -0.447 -0.298 -0.843
1.54 -26.917 1.549 -0.892 0.348 0.289
1.559 -26.846 1.517 -0.883 0.383 0.272
0.892 -25.877 3.215 -0.438 -0.263 -0.86
1.67 -25.835 1.949 -0.957 -0.291 -0.016
2.081 -26.207 0.281 -0.622 0.703 -0.345
2.111 -25.294 0.905 -0.642 0.095 -0.761
2.371 -25.662 0.467 -0.815 0.34 -0.469
3.537 -24.533 0.688 -0.232 0.904 -0.358
3.096 -24.341 1.092 0.062 0.776 -0.628
3.327 -23.916 1.448 -0.092 0.493 -0.865
4.835 -24.556 1.064 0.417 0.893 -0.17
4.625 -23.938 1.825 0.557 0.481 -0.677
5.855 -24.491 1.495 -0.263 0.85 -0.457
5.987 -24.358 1.738 -0.169 0.944 -0.283
4.781 -23.782 2.113 0.635 0.56 -0.533
4.785 -23.578 2.287 0.632 0.424 -0.649
4.249 -23.247 2.237 0.186 0.699 -0.69
4.093 -23.356 2.049 0.29 0.772 -0.565
3.532 -22.276 2.32 0.664 0.052 -0.746
6.341 -24.354 2.57 0.084 0.947 0.311
5.111 -23.574 3.052 0.904 0.427 -0.011
6.215 -24.218 3.769 0.168 0.856 -0.489
5.919 -24.049 4.376 -0.078 0.997 0.017
4.815 -23.405 3.659 0.658 0.568 0.495
4.821 -23.56 3.878 0.654 0.671 0.349
5.842 -24.071 4.534 -0.142 0.979 0.148
4.722 -23.588 4.08 0.605 0.657 0.45
5.456 -24.092 4.738 0.115 0.993 0.012
6.636 -25.168 5.379 0.519 0.064 0.852
6.318 -25.284 5.656 0.731 0.142 0.668
7.792 -25.666 5.333 -0.252 0.396 0.883
7.711 -26.063 5.408 -0.32 0.066 0.945
6.23 -25.716 5.737 0.668 -0.166 0.726
7.895 -26.23 5.507 -0.443 0.177 0.879
7.836 -26.414 5.504 -0.472 0.085 0.877
6.18 -25.871 5.734 0.632 -0.277 0.724
8.143 -26.85 5.871 -0.677 0.376 0.633
7.928 -27.274 5.801 -0.785 0.165 0.598
5.998 -26.228 5.675 0.502 -0.532 0.682
7.676 -27.842 5.843 -0.617 0.543 0.57
7.32 -28.235 5.627 -0.871 0.263 0.415
5.642 -26.621 5.459 0.248 -0.813 0.527
5.329 -27.048 5.175 0.456 -0.528 0.716
4.281 -26.28 5.717 -0.068 -0.144 0.987
4.756 -25.972 5.917 -0.385 -0.35 0.854
3.146 -26.006 6.228 0.689 -0.327 0.647
4.226 -26.442 5.682 -0.095 -0.225 0.97
3.091 -26.168 6.193 0.661 -0.408 0.629
3.338 -27.667 6.184 0.497 0.592 0.635
3.245 -27.684 6.264 0.43 0.58 0.692
2.981 -26.187 6.287 0.606 -0.418 0.677
2.884 -27.556 6.474 0.671 0.495 0.552
3.218 -28.089 6.505 0.411 0.29 0.864
2.859 -27.93 6.696 0.651 0.183 0.737
3.088 -28.908 7.453 0.498 0.836 0.233
2.4 -28.853 7.733 -0.075 0.882 0.466
2.171 -27.875 6.976 0.078 0.229 0.97
2.174 -28.78 7.61 0.076 0.833 0.548
1.267 -28.822 7.403 -0.378 0.813 0.444
1.466 -27.907 6.815 -0.51 0.203 0.836
0.405 -28.568 6.96 0.197 0.644 0.739
1.005 -29.196 7.699 -0.508 0.625 0.592
0.143 -28.943 7.255 0.066 0.457 0.887
0.44 -29.365 7.594 -0.132 0.738 0.661
-0.346 -30.142 7.644 -0.693 0.184 0.697
-0.786 -29.862 7.315 -0.399 -0.003 0.917
-1.347 -30.152 7.219 -0.025 0.191 0.981
-0.262 -30.94 7.607 -0.633 -0.387 0.671
-1.249 -31.097 7.174 0.025 -0.282 0.959
-0.03 -32.089 7.884 -0.788 0.379 0.486
-0.224 -32.426 7.746 -0.885 0.21 0.416
-1.442 -31.434 7.036 -0.072 -0.451 0.89
-0.333 -32.397 7.543 -0.812 0.191 0.551
-0.494 -32.787 7.234 -0.947 -0.133 0.294
-1.65 -31.935 6.638 -0.176 -0.701 0.691
-2.722 -32.727 6.438 0.539 -0.173 0.824
-3.17 -32.224 6.625 0.219 0.186 0.958
-2.18 -31.34 6.859 -0.441 -0.404 0.802
-2.294 -31.112 6.941 -0.365 -0.556 0.747
-2.486 -29.614 6.639 -0.525 0.693 0.495
-2.427 -29.414 6.47 -0.564 0.56 0.607
-3.954 -29.582 6.503 0.454 0.672 0.585
-2.523 -30.013 6.944 -0.556 0.36 0.75
-3.991 -29.982 6.808 0.423 0.339 0.84
-4.175 -30.088 6.972 0.546 0.41 0.731
-2.383 -31.041 6.943 -0.439 -0.497 0.748
-3.995 -31.41 6.97 0.635 -0.251 0.73
-3.267 -32.148 6.627 0.15 0.24 0.959
-3.276 -32.159 6.631 0.143 0.232 0.962
-4.006 -31.423 6.975 0.63 -0.258 0.733
-4.346 -32.246 7.434 0.856 0.291 0.427
-3.207 -32.591 6.654 0.192 -0.076 0.978
-4.264 -32.758 7.461 0.897 0.035 0.44
-4.287 -32.996 7.581 0.912 0.194 0.36
-4.7 -32.961 8.098 0.569 0.223 0.792
-4.795 -32.713 8.126 0.632 0.058 0.773
-5.093 -33.438 9.09 0.831 0.541 0.13
-4.823 -34.278 7.314 0.466 -0.874 0.138
-5.227 -34.868 8.239 0.735 -0.481 -0.478
-4.953 -34.406 7.118 0.553 -0.789 0.269
-3.315 -33.571 6.151 0.115 -0.777 0.619
-4.387 -33.899 7.118 0.829 -0.558 -0.025
-3.898 -34.617 5.789 0.503 -0.08 0.86
-3.294 -33.579 6.138 0.13 -0.782 0.61
-3.878 -34.623 5.777 0.52 -0.085 0.85
-2.486 -34.47 5.712 -0.409 -0.188 0.893
-2.741 -34.551 3.386 -0.591 -0.246 -0.768
-4.113 -34.698 3.636 0.324 -0.148 -0.934
-2.997 -33.943 3.181 -0.42 -0.652 -0.632
-3.072 -33.855 3.147 -0.462 -0.603 -0.651
-4.174 -34.627 3.608 0.273 -0.088 -0.958
-3.152 -33.456 2.59 -0.408 -0.869 -0.279
-3.441 -33.252 2.54 -0.614 -0.723 -0.315
-4.44 -34.439 3.561 0.052 0.068 -0.996
-4.527 -33.391 3.22 0.11 -0.63 -0.769
-3.644 -32.801 2.265 -0.759 -0.402 -0.512
-4.768 -32.858 2.894 -0.01 -0.364 -0.931
-4.708 -32.626 2.777 -0.05 -0.519 -0.853
-3.445 -31.338 2.346 -0.617 0.643 -0.453
-4.525 -31.279 2.852 0.103 0.604 -0.791
-5.106 -30.195 2.961 0.49 -0.119 -0.863
-3.205 -31.083 2.497 -0.446 0.826 -0.346
-4.822 -29.892 3.139 0.632 0.032 -0.774
-4.78 -29.628 3.154 0.604 -0.144 -0.784
-5.17 -29.427 2.942 0.279 0.023 -0.96
-5.323 -29.633 2.868 0.381 0.161 -0.91
-5.323 -28.03 1.765 0.381 -0.908 -0.175
-4.639 -28.664 3.84 0.721 0.659 -0.211
-4.746 -27.201 2.741 0.793 -0.316 0.521
-4.949 -27.157 3.31 0.928 -0.345 0.142
-2.964 -30.918 2.718 -0.273 0.943 -0.188
-4.558 -29.476 3.358 0.789 -0.018 -0.614
-2.483 -29.837 3.597 -0.594 0.223 -0.773
-2.443 -29.135 4.306 -0.56 0.808 -0.183
-4.517 -28.774 4.066 0.823 0.567 -0.023
-2.432 -29.041 4.557 -0.567 0.746 -0.35
-2.225 -30.997 2.441 0.254 0.887 -0.386
-1.803 -29.91 3.341 -0.027 0.162 -0.986
-0.489 -29.316 1.323 -0.903 -0.234 0.359
-0.458 -30.183 1.614 -0.869 -0.432 -0.24
-1.347 -31.045 2.187 0.095 0.501 -0.86
-1.661 -31.881 1.988 0.657 0.256 -0.709
0.075 -30.2 0.87 -0.501 -0.865 0.036
0.391 -30.545 1.377 -0.711 -0.635 -0.302
0.805 -30.677 0.99 -0.482 -0.708 -0.517
0.441 -30.317 0.528 -0.239 -0.948 -0.208
1.192 -31.24 1.092 -0.74 -0.333 -0.585
2.048 -30.889 0.527 -0.129 -0.082 -0.988
1.297 -29.966 -0.037 0.372 -0.698 -0.612
1.772 -30.281 0.352 0.055 -0.488 -0.871
2.108 -29.864 0.235 0.242 -0.256 -0.936
1.594 -29.597 -0.14 0.584 -0.434 -0.686
2.836 -29.118 -0.251 -0.244 -0.753 -0.612
2.252 -27.989 -0.674 -0.536 -0.188 -0.823
1.1 -28.643 -0.497 0.232 0.247 -0.941
2.08 -27.788 -0.636 -0.421 -0.322 -0.848
1.515 -26.858 0.401 -0.891 0.453 0.017
0.488 -27.632 0.63 -0.206 0.969 -0.136
1.527 -26.793 0.66 -0.899 0.41 -0.156
2.382 -30.034 0.391 0.394 -0.351 -0.85
3.123 -29.297 -0.088 -0.1 -0.842 -0.53
2.588 -30.671 0.562 0.257 0.074 -0.964
3.207 -30.782 0.91 0.699 -0.006 -0.715
3.857 -29.429 0.324 0.266 -0.908 -0.324
4.825 -30.716 1.224 -0.379 -0.05 -0.924
4.891 -30.685 1.197 -0.346 -0.034 -0.937
3.923 -29.398 0.297 0.299 -0.892 -0.337
4.135 -29.303 0.165 0.158 -0.955 -0.25
4.583 -28.124 -0.551 0.531 0.028 -0.847
4.498 -27.881 -0.625 0.587 -0.134 -0.798
6.258 -27.632 -0.692 -0.586 -0.3 -0.753
6.191 -27.022 -0.704 -0.634 0.136 -0.762
4.419 -27.159 -0.639 0.548 0.227 -0.805
4.787 -26.368 -0.489 0.302 -0.3 -0.905
4.301 -26.059 -0.596 -0.103 -0.042 -0.994
3.794 -26.761 -0.776 0.235 0.426 -0.874
4.084 -26.216 -0.59 0.041 0.063 -0.997
5.106 -25.094 0.225 0.568 0.763 -0.31
5.12 -24.975 0.465 0.559 0.684 -0.47
6.675 -25.024 0.522 -0.478 0.716 -0.508
6.674 -24.978 0.593 -0.479 0.742 -0.469
5.118 -24.926 0.539 0.558 0.708 -0.433
6.094 -24.803 1.051 -0.092 0.626 -0.774
6.816 -24.827 0.723 -0.4 0.826 -0.397
6.22 -24.67 1.166 -0.002 0.722 -0.692
7.361 -24.419 0.625 -0.763 0.555 -0.332
8.029 -24.301 2.088 -0.286 0.639 0.714
6.888 -24.551 2.629 0.475 0.806 0.353
8.106 -24.732 3.412 -0.337 0.926 -0.169
8.083 -24.734 3.446 -0.349 0.925 -0.151
6.869 -24.553 2.659 0.461 0.805 0.374
6.701 -24.401 3.851 0.573 0.703 -0.421
8.227 -25.158 5.038 -0.277 0.713 0.644
6.813 -24.731 5.089 0.666 0.428 0.611
7.969 -25.229 5.043 -0.105 0.76 0.641
8.939 -24.256 1.992 0.364 0.672 0.645
9.183 -24.678 3.298 0.201 0.953 -0.226
9.441 -24.721 3.24 0.029 0.982 -0.187
10.313 -25.244 3.899 0.756 0.545 0.362
10.304 -25.351 4.145 0.762 0.617 0.198
12.327 -25.394 5.176 -0.587 0.645 -0.489
11.916 -25.476 5.979 -0.792 0.604 -0.088
9.893 -25.434 4.948 0.557 0.575 0.599
10.2 -25.87 5.315 0.352 0.866 0.355
10.185 -25.87 5.329 0.344 0.867 0.362
9.877 -25.433 4.962 0.549 0.575 0.606
10.255 -25.969 5.567 0.297 0.933 0.203
9.763 -26.041 5.893 -0.112 0.873 0.474
9.246 -25.525 5.381 0.233 0.529 0.816
9.553 -25.962 5.748 0.028 0.821 0.571
10.19 -27.198 6.483 0.244 -0.091 0.966
10.102 -27.449 6.506 0.303 0.077 0.95
11.818 -27.056 7.17 -0.841 -0.186 0.507
12.026 -27.717 7.025 -0.738 -0.516 0.435
10.31 -28.111 6.361 0.406 -0.254 0.878
11.252 -28.659 6.225 -0.222 0.112 0.969
11.062 -28.996 6.164 -0.358 -0.129 0.925
10.085 -28.509 6.289 0.294 -0.453 0.842
9.833 -29.483 6.254 0.462 0.196 0.865
9.071 -29.292 6.43 0.081 0.291 0.953
9.323 -28.319 6.465 -0.087 -0.358 0.93
8.855 -28.725 6.405 0.225 -0.087 0.97
7.674 -29.548 6.063 -0.617 0.164 0.769
7.674 -28.941 6.094 -0.618 -0.241 0.749
5.678 -30.315 6.933 0.713 0.675 0.189
5.362 -30.038 6.635 0.487 0.873 -0.024
7.358 -28.664 5.796 -0.843 -0.043 0.535
6.361 -29.269 5.225 -0.179 0.36 0.916
6.269 -28.856 4.98 -0.224 0.566 0.793
7.281 -28.315 5.589 -0.899 0.206 0.388
5.283 -27.143 5.13 0.433 -0.576 0.693
5.966 -29.031 4.98 -0.376 0.479 0.793
4.979 -27.318 5.13 0.282 -0.663 0.694
3.975 -28.407 5.718 0.951 0.063 0.302
5.954 -29.125 5.028 -0.382 0.432 0.817
3.964 -28.486 5.757 0.944 0.006 0.33
5.018 -29.916 6.468 0.241 0.96 -0.143
4.728 -29.89 6.951 0.034 0.979 0.202
3.674 -28.46 6.241 0.737 0.025 0.676
3.597 -29.29 6.938 0.788 0.579 0.211
3.524 -29.222 7.008 0.751 0.612 0.247
3.612 -28.403 6.301 0.692 0.066 0.718
3.451 -29.197 7.265 0.8 0.595 0.076
3.584 -29.314 7.04 0.781 0.567 0.263
3.498 -29.268 7.29 0.839 0.536 0.096
4.717 -29.91 7.038 0.026 0.964 0.264
4.611 -30.338 7.719 -0.05 0.659 0.751
3.4 -29.661 7.917 0.757 0.208 0.619
4.228 -30.531 7.974 0.206 0.788 0.581
3.634 -30.967 8.446 -0.091 0.569 0.817
2.938 -30.001 8.284 0.373 -0.075 0.925
2.865 -30.256 8.319 0.421 0.095 0.902
3.015 -31.613 8.577 -0.401 0.246 0.882
2.246 -30.902 8.45 0.112 -0.228 0.967
2.041 -31.931 8.62 0.248 0.458 0.854
0.806 -31.723 8.393 -0.369 0.562 0.74
1.011 -30.695 8.223 -0.506 -0.124 0.854
0.445 -30.631 8.037 -0.128 -0.166 0.978
3.267 -32.367 8.717 -0.275 -0.13 0.953
2.293 -32.684 8.761 0.374 0.081 0.924
3.03 -33.378 8.9 -0.117 0.544 0.831
3.009 -33.398 8.91 -0.127 0.534 0.836
2.272 -32.704 8.771 0.364 0.071 0.929
2.416 -33.25 8.875 0.268 0.435 0.859
-0.116 -34.221 7.264 -0.997 -0.05 0.054
-0.259 -33.675 7.16 -0.902 -0.414 0.123
-1.768 -34.25 5.854 0.104 -0.031 0.994
-1.829 -34.096 5.855 0.06 0.079 0.995
-0.331 -33.493 7.161 -0.938 -0.323 0.124
-1.967 -33.429 5.971 0.152 -0.366 0.918
-2.027 -33.141 6.066 0.119 -0.206 0.971
-0.394 -33.192 7.262 -0.969 -0.172 0.174
-0.465 -32.993 7.167 -0.922 -0.305 0.237
-2.042 -33.078 6.08 0.11 -0.171 0.979
-0.478 -32.941 7.178 -0.933 -0.262 0.247
-2.704 -32.894 6.377 0.551 -0.293 0.781
-2.225 -33.488 5.969 0.009 -0.399 0.917
-2.865 -33.257 6.279 0.436 -0.552 0.71
-2.057 -34.148 5.853 -0.102 0.042 0.994
-0.01 -34.778 7.133 -0.944 -0.328 -0.012
-1.679 -34.721 5.743 0.168 -0.367 0.915
0.045 -34.992 7.201 -0.981 -0.186 -0.057
0.407 -35.446 6.705 -0.679 -0.564 -0.47
-1.285 -35.214 5.204 0.449 -0.719 0.53
0.456 -35.362 6.495 -0.711 -0.62 -0.33
1.324 -34.23 5.238 -0.278 -0.055 -0.959
-0.552 -34.258 4.142 0.973 -0.036 -0.229
1.181 -33.684 5.134 -0.182 -0.419 -0.89
1.133 -33.374 5.028 -0.206 -0.263 -0.942
-0.592 -33.995 4.053 0.944 0.151 -0.292
-0.569 -33.315 3.934 0.929 -0.303 -0.213
-1.685 -33.676 2.865 0.309 -0.503 -0.807
-1.58 -34.315 3.107 0.239 -0.077 -0.968
-1.925 -33.297 2.341 0.469 -0.756 -0.457
-2.936 -33.51 2.513 -0.254 -0.908 -0.334
-2.591 -34.528 3.279 -0.484 -0.229 -0.845
-2.828 -33.916 3.06 -0.326 -0.637 -0.699
-0.965 -32.754 3.048 0.709 0.009 -0.705
-1.288 -32.481 2.503 0.924 -0.173 -0.342
1.2 -31.723 1.949 -0.734 -0.678 0.027
-0.8 -31.697 2.585 0.499 -0.462 -0.733
0.447 -31.316 2.307 -0.414 -0.74 -0.53
0.991 -31.325 1.556 -0.884 -0.393 -0.254
-1.497 -32.082 2.109 0.775 0.112 -0.623
0.577 -30.773 1.514 -0.608 -0.761 -0.226
0.424 -31.58 2.882 -0.137 -0.852 -0.505
-0.065 -31.798 3.146 0.193 -0.705 -0.683
-0.831 -32.867 3.204 0.783 -0.054 -0.619
1.319 -31.824 2.087 -0.65 -0.75 0.125
0.709 -31.843 3.22 -0.243 -0.737 -0.63
1.098 -32.025 3.436 0.082 -0.889 -0.451
1.742 -32.021 2.32 -0.347 -0.891 0.292
2.659 -33.005 2.995 -0.959 -0.235 -0.157
2.672 -33.024 2.95 -0.952 -0.246 -0.183
1.753 -32.038 2.28 -0.339 -0.903 0.264
2.597 -32.748 2.736 -0.902 -0.43 -0.04
3.818 -32.218 1.592 0.115 0.012 -0.993
3.079 -31.462 1.038 0.608 -0.492 -0.624
4.131 -32.39 1.583 -0.094 0.127 -0.987
4.246 -32.247 1.601 -0.026 0.211 -0.977
3.184 -31.333 1.054 0.683 -0.399 -0.612
4.797 -31.367 1.394 -0.393 -0.376 -0.839
4.595 -32.475 1.595 0.18 0.077 -0.981
5.173 -31.612 1.387 -0.206 -0.498 -0.842
5.097 -32.18 1.595 -0.155 -0.12 -0.981
6.832 -32.2 2.178 0.713 -0.13 -0.689
6.908 -31.632 1.97 0.662 -0.508 -0.551
7.394 -31.364 2.108 0.338 -0.687 -0.643
6.862 -30.038 1.4 0.072 -0.024 -0.997
6.376 -30.307 1.262 0.396 0.155 -0.905
7.026 -28.594 0.141 -0.037 -0.987 -0.158
6.531 -28.46 0.037 -0.39 -0.891 -0.232
5.791 -30.148 1.139 0.103 0.234 -0.967
4.835 -28.886 0.12 0.741 -0.607 -0.288
7.525 -29.944 1.564 0.403 0.022 -0.915
7.586 -28.515 0.28 0.363 -0.93 -0.059
8.848 -29.628 1.478 -0.479 -0.188 -0.857
9.558 -28.933 1.411 0.113 0.391 -0.913
8.357 -27.76 0.207 0.914 -0.391 -0.111
8.731 -27.423 0.675 0.664 -0.616 -0.423
8.525 -26.438 -0.061 0.55 -0.069 -0.832
8.175 -26.889 -0.445 0.784 0.232 -0.576
8.874 -25.845 -0.069 0.318 -0.464 -0.827
7.988 -25.19 -0.24 -0.315 0.004 -0.949
7.29 -26.234 -0.616 0.151 0.699 -0.699
7.525 -25.698 -0.254 -0.006 0.342 -0.94
6.766 -25.591 -0.021 -0.427 0.402 -0.81
6.618 -26.139 -0.409 -0.329 0.767 -0.551
5.18 -25.555 -0.218 0.63 0.378 -0.679
9.25 -26.678 1.029 0.953 -0.202 -0.227
9.515 -26.058 0.896 0.776 -0.616 -0.138
10.65 -27.579 2.064 0.019 0.399 -0.917
10.689 -27.533 2.086 0.039 0.422 -0.906
9.548 -26.019 0.915 0.799 -0.588 -0.125
10.938 -27.439 2.115 -0.127 0.359 -0.925
11.146 -27.024 2.374 0.046 0.705 -0.708
9.774 -25.568 1.197 0.961 -0.266 0.077
10.172 -26.232 2.357 0.696 0.176 -0.696
10.207 -25.943 2.503 0.713 0.321 -0.623
9.804 -25.325 1.32 0.982 -0.092 0.165
10.237 -25.705 2.622 0.693 0.162 -0.703
10.361 -26.017 2.662 0.79 0.283 -0.543
10.357 -25.763 2.746 0.793 0.114 -0.599
11.293 -26.858 2.612 0.169 0.844 -0.51
11.473 -26.753 3.011 0.318 0.931 -0.178
10.537 -25.658 3.145 0.943 0.201 -0.267
11.377 -26.651 3.239 0.383 0.863 -0.33
11.414 -26.573 3.582 0.401 0.902 -0.158
10.566 -25.597 3.411 0.967 0.252 -0.045
12.653 -25.847 4.549 -0.424 0.419 -0.803
11.43 -26.582 3.568 0.409 0.897 -0.165
12.669 -25.857 4.536 -0.416 0.414 -0.81
12.712 -26.578 3.378 -0.445 0.894 -0.038
13.038 -26.467 3.312 -0.213 0.973 -0.086
13.054 -25.726 4.457 -0.224 0.479 -0.849
13.306 -25.653 4.404 -0.391 0.431 -0.813
13.838 -25.032 5.004 0.052 0.948 -0.313
13.738 -24.927 5.229 0.119 0.878 -0.463
14.869 -23.107 5.578 -0.635 -0.335 -0.696
14.243 -22.902 6.536 -0.948 -0.233 -0.217
13.112 -24.722 6.187 -0.194 0.981 0.016
13.47 -24.396 6.932 -0.433 0.763 -0.48
13.049 -24.598 7.289 -0.783 0.594 -0.183
12.572 -24.983 6.646 -0.465 0.851 0.245
12.905 -24.786 7.165 -0.687 0.72 -0.101
12.469 -26.605 8.132 -0.904 -0.189 0.382
12.136 -26.801 7.612 -0.682 -0.059 0.729
12.604 -27.005 8.594 -0.994 0.077 0.074
12.694 -27.626 8.461 -0.93 -0.366 -0.021
12.242 -27.536 7.455 -0.629 -0.426 0.65
12.585 -28.931 8.585 -0.858 0.504 -0.104
12.514 -29.266 8.193 -0.893 0.336 -0.3
12.172 -27.872 7.062 -0.665 -0.594 0.454
11.376 -28.79 6.256 -0.134 0.018 0.991
12.915 -30.625 7.524 -0.693 -0.344 -0.634
11.714 -29.938 5.692 0.108 -0.802 0.588
12.777 -30.621 5.492 -0.601 -0.346 0.721
12.676 -30.732 5.331 -0.673 -0.425 0.606
11.613 -30.048 5.531 0.036 -0.881 0.473
10.392 -30.86 5.634 0.85 -0.339 0.403
10.097 -30.385 6.104 0.604 0.057 0.795
11.292 -29.532 6.041 -0.193 -0.512 0.837
10.105 -30.117 6.108 0.598 -0.121 0.792
9.333 -30.78 6.304 -0.032 -0.272 0.962
9.124 -30.625 6.365 0.107 -0.375 0.921
8.803 -31.829 6.479 0.321 0.428 0.845
8.45 -31.742 6.513 0.069 0.49 0.869
8.706 -30.522 6.405 -0.101 -0.324 0.941
8.09 -31.392 6.443 0.31 0.256 0.916
7.289 -30.83 6.289 -0.091 0.536 0.839
7.905 -29.961 6.252 -0.502 -0.043 0.864
5.874 -30.664 7.093 0.853 0.426 0.303
7.245 -32 6.596 -0.113 -0.049 0.992
5.837 -31.653 7.352 0.826 -0.28 0.488
5.679 -32.087 7.539 0.932 0.009 0.364
7.247 -32.089 6.59 -0.112 -0.093 0.989
5.68 -32.176 7.533 0.932 -0.035 0.36
5.908 -32.993 7.53 0.781 0.51 0.362
5.619 -33.129 7.987 0.54 0.397 0.742
5.31 -32.351 8.119 0.747 -0.122 0.654
5.353 -32.948 8.141 0.718 0.276 0.639
4.172 -33.125 8.728 0.023 0.172 0.985
4.039 -32.541 8.751 0.111 -0.218 0.97
3.802 -33.553 8.934 0.269 0.457 0.848
5.113 -33.977 8.325 0.577 -0.329 0.748
4.814 -34.469 8.5 0.776 -0.001 0.631
5.419 -33.99 8.141 0.373 -0.321 0.871
5.577 -34.36 7.805 0.505 -0.629 0.591
5.018 -34.944 8.069 0.878 -0.239 0.415
4.984 -35.449 8.055 0.9 0.097 0.424
2.775 -36.338 8.163 -0.678 -0.538 0.502
2.403 -35.996 8.197 -0.43 -0.765 0.479
1.81 -35.848 8.162 -0.034 -0.864 0.503
2.787 -36.55 7.073 -0.669 -0.689 -0.277
1.824 -36.1 6.871 -0.028 -0.989 -0.142
2.417 -36.248 6.906 -0.423 -0.891 -0.166
2.811 -35.032 5.374 -0.226 -0.283 -0.932
2.218 -34.884 5.339 0.169 -0.382 -0.909
3.421 -34.319 3.739 -0.633 -0.758 0.158
3.065 -33.848 3.605 -0.929 -0.366 0.046
1.76 -34.279 5.166 -0.06 -0.079 -0.995
2.898 -33.558 3.48 -0.819 -0.56 0.128
2.824 -33.438 3.481 -0.862 -0.49 0.129
1.68 -34.151 5.166 -0.1 -0.015 -0.995
1.537 -33.605 5.062 -0.004 -0.379 -0.925
2.68 -33.136 3.393 -0.947 -0.312 0.077
1.382 -33.28 4.967 -0.082 -0.216 -0.973
1.115 -32.134 3.768 0.096 -0.98 -0.174
0.937 -32.143 3.796 -0.053 -0.987 -0.151
1.152 -33.291 5.003 -0.196 -0.222 -0.955
-0.551 -33.235 3.91 0.939 -0.259 -0.227
4.949 -34.256 3.187 0.641 -0.706 -0.302
5.151 -34.045 2.982 0.506 -0.846 -0.165
6.106 -34.022 3.469 -0.131 -0.862 -0.49
6.121 -34.006 3.439 -0.122 -0.853 -0.507
5.166 -34.03 2.951 0.515 -0.837 -0.183
5.71 -33.852 3.054 0.152 -0.956 -0.251
7.05 -33.24 2.922 0.425 -0.402 -0.811
6.71 -33.027 2.499 0.652 -0.544 -0.529
7.595 -33.011 2.951 0.062 -0.554 -0.83
7.734 -32.194 2.65 0.131 -0.145 -0.981
6.849 -32.21 2.198 0.721 -0.135 -0.679
7.411 -31.374 2.128 0.347 -0.692 -0.633
8.094 -32.012 2.714 0.311 -0.054 -0.949
7.771 -31.192 2.192 0.527 -0.601 -0.601
9.115 -31.017 2.176 -0.369 -0.718 -0.59
9.007 -30.231 1.666 -0.423 -0.325 -0.846
7.663 -30.406 1.681 0.473 -0.208 -0.856
8.956 -29.987 1.569 -0.389 -0.488 -0.782
9.893 -28.787 1.522 0.02 0.397 -0.917
9.645 -28.864 1.458 0.185 0.448 -0.874
8.837 -27.338 0.733 0.723 -0.569 -0.391
10.16 -28.486 1.712 0.153 0.548 -0.822
9.092 -27.05 0.914 0.865 -0.409 -0.29
10.485 -27.97 1.944 -0.064 0.204 -0.977
11.339 -29.373 2.034 0.743 0.105 -0.661
11.664 -28.856 2.266 0.526 -0.24 -0.816
12.91 -28.499 2.278 -0.304 -0.478 -0.824
12.79 -28.008 2.155 -0.39 -0.127 -0.912
11.523 -28.275 2.12 0.455 0.051 -0.889
11.586 -28.016 2.141 0.413 -0.122 -0.903
12.678 -26.638 3.106 -0.47 0.851 -0.233
11.483 -26.755 3.016 0.327 0.929 -0.173
11.39 -26.654 3.245 0.389 0.862 -0.326
11.44 -29.578 2.139 0.793 0.002 -0.609
12.995 -28.672 2.367 -0.243 -0.602 -0.761
11.612 -30.154 2.163 0.679 0.386 -0.625
11.81 -30.359 2.31 0.82 0.24 -0.52
13.193 -28.877 2.514 -0.102 -0.748 -0.656
13.085 -29.427 2.916 -0.03 -0.382 -0.924
13.386 -29.455 2.946 0.137 -0.397 -0.907
13.459 -28.902 2.54 0.088 -0.766 -0.637
13.605 -30.095 3.084 -0.009 0.03 -1
14.528 -29.806 3.472 0.65 0.237 -0.722
14.382 -28.612 2.928 0.747 -0.559 -0.36
14.428 -29.128 3.384 0.716 -0.215 -0.664
14.792 -28.102 4.261 0.918 0.355 -0.177
14.704 -27.704 3.704 0.977 0.09 0.194
16.01 -26.991 5.37 0.106 -0.386 -0.917
16.01 -26.969 5.361 0.106 -0.375 -0.921
14.703 -27.686 3.696 0.977 0.103 0.189
16.124 -26.749 5.258 0.03 -0.521 -0.853
16.004 -26.284 5.096 -0.07 -0.133 -0.989
14.573 -27.18 3.519 0.884 0.464 0.062
14.871 -26.57 4.702 0.685 0.057 -0.726
14.755 -26.376 4.628 0.627 0.154 -0.764
14.475 -27.016 3.456 0.814 0.581 0.017
14.628 -26.159 4.537 0.711 0.009 -0.703
14.814 -26.306 4.695 0.657 0.189 -0.73
14.675 -26.105 4.589 0.75 0.054 -0.659
15.96 -26.079 5.09 -0.107 0.037 -0.994
15.861 -25.457 5.311 -0.189 0.556 -0.81
14.576 -25.483 4.809 0.668 0.573 -0.475
15.672 -25.308 5.428 -0.063 0.456 -0.888
15.626 -25.217 5.481 -0.086 0.502 -0.861
14.54 -25.412 4.851 0.638 0.632 -0.441
15.772 -23.596 5.382 -0.183 -0.579 -0.794
15.766 -25.23 5.465 -0.016 0.495 -0.869
15.912 -23.609 5.365 -0.113 -0.586 -0.802
15.934 -25.397 5.34 -0.128 0.606 -0.785
15.987 -25.396 5.333 -0.084 0.606 -0.791
15.98 -23.608 5.357 -0.08 -0.586 -0.807
16.952 -24.691 5.155 -0.728 0.136 -0.672
16.992 -24.65 5.123 -0.7 0.165 -0.695
16.026 -23.56 5.319 -0.056 -0.561 -0.826
16.076 -23.359 5.15 -0.09 -0.696 -0.713
16.993 -22.664 5.13 0.674 -0.117 -0.729
17.205 -22.667 5.293 0.533 -0.115 -0.838
17.988 -23.895 5.101 0.011 0.704 -0.71
18.612 -23.674 5.79 0.457 0.862 -0.218
17.944 -22.405 6.109 0.902 0.016 -0.431
18.289 -22.653 6.54 0.672 0.182 -0.718
18.311 -22.514 6.607 0.687 0.281 -0.67
17.969 -22.24 6.188 0.915 0.098 -0.391
18.559 -21.216 6.534 0.522 -0.584 -0.621
18.366 -20.993 6.268 0.361 -0.399 -0.843
17.721 -21.954 5.846 0.791 0.242 -0.562
18.138 -20.97 6.131 0.513 -0.414 -0.752
17.755 -20.722 5.832 0.322 -0.289 -0.901
17.339 -21.705 5.547 0.6 0.366 -0.711
17.957 -19.689 4.626 0.187 -0.977 -0.098
17.106 -19.52 4.343 -0.42 -0.856 -0.3
16.331 -21.504 5.211 0.096 0.467 -0.879
16.215 -20.887 5.367 0.174 0.055 -0.983
15.593 -21.001 5.353 -0.138 -0.001 -0.99
15.709 -21.617 5.197 -0.215 0.41 -0.886
15.416 -20.8 5.353 -0.02 -0.135 -0.991
14.755 -20.993 5.623 -0.571 -0.296 -0.766
14.859 -21.865 5.544 -0.64 0.286 -0.713
14.742 -21.249 5.7 -0.563 -0.125 -0.817
14.07 -21.845 7.557 -0.899 -0.424 0.112
14.186 -22.462 7.401 -0.976 -0.012 0.216
13.919 -21.68 8.144 -0.798 -0.534 -0.279
13.974 -21.818 8.316 -0.758 -0.633 -0.156
14.252 -22.625 7.605 -0.944 -0.094 0.318
14.262 -22.891 7.631 -0.95 0.083 0.301
14.205 -22.966 7.354 -0.997 0.021 0.07
14.179 -22.721 7.25 -0.98 -0.142 0.14
13.42 -24.255 7.487 -0.474 0.88 -0.018
14.34 -22.999 7.828 -0.885 -0.007 0.465
13.555 -24.288 7.961 -0.362 0.853 0.377
14.059 -21.935 8.531 -0.698 -0.716 -0.003
14.454 -22.131 8.964 -0.416 -0.856 0.306
13.918 -24.468 8.359 -0.059 0.702 0.71
14.703 -23.179 8.227 -0.582 -0.157 0.798
14.729 -23.194 8.243 -0.561 -0.169 0.811
13.944 -24.483 8.375 -0.037 0.69 0.723
14.055 -24.638 8.562 -0.111 0.794 0.598
14.747 -23.2 8.254 -0.546 -0.174 0.82
14.078 -24.646 8.576 -0.1 0.79 0.605
14.876 -23.022 8.406 -0.632 -0.292 0.718
15.27 -23.195 8.604 -0.434 -0.379 0.817
14.473 -24.819 8.775 0.097 0.704 0.704
15.514 -24.477 8.861 -0.597 0.476 0.646
15.607 -24.778 9.086 -0.53 0.261 0.807
14.584 -25.175 9.041 0.153 0.525 0.837
14.986 -25.77 9.741 -0.115 0.922 0.37
14.041 -26.251 9.875 -0.587 0.681 0.437
13.639 -25.656 9.175 -0.319 0.285 0.904
13.593 -26.204 9.475 -0.288 0.65 0.704
13.424 -27.757 9.875 -0.896 -0.072 0.438
13.071 -27.476 9.476 -0.661 -0.26 0.704
13.031 -28.754 9.787 -0.635 0.592 0.497
13.543 -27.822 10.076 -0.836 -0.105 0.538
13.15 -28.819 9.987 -0.575 0.56 0.597
13.558 -28.448 10.235 -0.846 0.312 0.432
13.563 -28.474 10.264 -0.843 0.297 0.449
13.157 -28.846 10.018 -0.572 0.546 0.613
13.7 -28.556 10.847 -0.934 0.352 0.06
13.615 -29.287 11.158 -0.976 -0.013 0.216
13.072 -29.577 10.33 -0.614 0.181 0.768
13.232 -30.263 11.075 -0.721 0.638 0.271
13.205 -30.287 11.059 -0.734 0.626 0.263
13.045 -29.6 10.313 -0.627 0.169 0.76
12.968 -30.134 10.513 -0.576 0.524 0.627
12.838 -31.159 7.724 -0.641 0.012 -0.767
12.915 -30.626 7.524 -0.692 -0.344 -0.634
12.777 -30.622 5.492 -0.601 -0.346 0.721
14.83 -31.558 7.427 0.355 -0.188 -0.916
14.46 -30.959 5.241 0.602 -0.587 0.542
14.907 -31.025 7.228 0.304 -0.543 -0.783
15.338 -30.323 7.127 0.519 -0.193 -0.833
14.824 -30.366 5.156 0.861 -0.164 0.481
16.159 -29.314 6.628 -0.029 -0.866 -0.5
16.279 -28.735 6.123 0.071 -0.383 -0.921
14.954 -29.738 4.608 0.954 0.285 0.089
14.91 -29.051 4.668 0.984 -0.173 0.049
16.302 -28.501 6.055 0.091 -0.188 -0.978
14.939 -28.763 4.584 1 -0.013 0.003
16.342 -28.245 5.985 0.065 -0.359 -0.931
16.321 -27.953 5.896 0.054 -0.212 -0.976
14.919 -28.484 4.499 0.989 0.142 -0.045
16.143 -27.392 5.62 0.173 -0.586 -0.792
17.28 -27.521 6.156 0.534 0.004 -0.846
17.102 -26.96 5.88 0.652 -0.37 -0.662
18.025 -26.153 5.512 0.038 -0.908 -0.416
17.863 -26.045 5.325 -0.078 -0.832 -0.55
16.911 -26.833 5.659 0.557 -0.307 -0.772
16.825 -26.644 5.49 0.614 -0.433 -0.66
17.851 -27.54 6.7 0.819 -0.006 -0.573
18.507 -26.169 5.972 0.382 -0.92 -0.088
18.287 -27.552 7.114 0.528 0.002 -0.849
18.721 -27.196 7.628 0.838 0.256 -0.482
18.941 -25.813 6.486 0.692 -0.666 0.279
19.334 -25.753 7.75 0.429 -0.706 -0.563
19.747 -24.872 7.579 0.724 -0.077 -0.685
19.354 -24.933 6.315 0.987 -0.037 0.157
19.418 -24.746 6.982 0.944 -0.162 -0.287
18.595 -23.328 6.401 0.487 0.626 -0.609
18.626 -23.678 5.802 0.467 0.859 -0.209
18.303 -22.657 6.552 0.682 0.178 -0.709
19.036 -23.265 7.795 0.732 0.661 0.165
18.694 -22.602 7.785 0.961 0.218 0.172
19.41 -23.562 8.299 0.483 0.859 -0.171
19.283 -23.48 8.63 0.393 0.917 0.066
18.567 -22.519 8.117 0.87 0.277 0.408
18.676 -21.216 8.912 0.797 -0.592 -0.122
18.696 -21.169 8.831 0.807 -0.568 -0.162
18.583 -22.48 8.049 0.882 0.305 0.36
18.708 -21.217 8.18 0.799 -0.537 0.272
18.791 -21.2 7.883 0.84 -0.528 0.124
18.653 -22.465 7.798 0.932 0.315 0.181
18.874 -21.172 7.631 0.784 -0.547 0.292
18.984 -20.792 7.903 0.936 -0.324 0.134
19.024 -20.854 7.646 0.909 -0.283 0.305
19.866 -20.139 7.28 0.348 -0.76 0.549
19.167 -20.243 5.769 -0.152 -0.834 -0.53
18.38 -20.95 6.255 0.373 -0.363 -0.854
18.156 -20.915 6.114 0.522 -0.386 -0.76
18.982 -20.045 5.583 -0.284 -0.693 -0.663
17.937 -20.681 5.895 0.413 -0.269 -0.87
18.111 -19.655 4.679 0.297 -0.953 -0.06
19.9 -18.773 5.247 0.372 0.216 -0.903
19.029 -18.383 4.343 0.953 -0.044 -0.3
19.386 -18.326 4.934 0.715 -0.083 -0.694
18.576 -16.89 5.019 0.265 0.715 -0.647
18.312 -17.113 4.418 0.441 0.863 -0.246
18.644 -16.325 5.421 0.22 0.338 -0.915
17.477 -16.246 5.745 -0.614 0.395 -0.684
17.145 -17.034 4.742 -0.393 0.92 -0.015
17.257 -16.801 5.385 -0.468 0.764 -0.444
16.384 -17.859 5.741 -0.953 0.177 -0.246
16.372 -17.97 5.057 -0.945 0.251 0.21
15.981 -18.24 6.253 -0.685 0.431 -0.588
15.917 -18.636 6.143 -0.731 0.148 -0.667
16.308 -18.366 4.946 -0.991 -0.032 0.131
15.165 -19.649 5.92 -0.229 0.824 -0.518
15.628 -20.529 5.362 0.157 0.091 -0.983
16.811 -19.321 4.34 -0.631 -0.714 -0.302
15.866 -20.652 5.364 -0.001 0.173 -0.985
15.776 -18.577 6.346 -0.832 0.19 -0.522
15.035 -19.596 6.107 -0.338 0.869 -0.363
15.102 -19.452 6.322 -0.383 0.773 -0.506
15.609 -18.42 6.974 -0.95 0.302 -0.073
14.906 -19.265 7.065 -0.481 0.866 -0.134
14.784 -18.816 7.944 -0.4 0.567 -0.72
13.901 -19.783 8.315 -0.841 0.084 -0.535
14.023 -20.232 7.436 -0.922 0.383 0.051
13.879 -20.316 8.042 -0.826 0.44 -0.352
13.749 -19.933 8.587 -0.917 0.009 -0.399
13.751 -20.444 8.271 -0.918 0.349 -0.188
12.923 -19.287 9.233 -0.366 -0.422 -0.829
12.844 -19.476 9.392 -0.422 -0.557 -0.715
13.672 -20.632 8.431 -0.974 0.214 -0.074
12.999 -19.93 9.538 -0.525 -0.254 -0.812
13.586 -21.26 10.521 -0.232 -0.918 -0.32
14.168 -21.755 9.262 -0.62 -0.588 0.519
14.349 -21.921 10.749 -0.741 -0.478 -0.472
14.953 -22.385 10.593 -0.439 -0.71 -0.551
14.678 -22.148 9.13 -0.256 -0.868 0.425
15.085 -23.016 8.568 -0.527 -0.29 0.799
14.861 -23.005 8.399 -0.639 -0.284 0.715
14.489 -22.139 8.987 -0.391 -0.862 0.323
14.735 -23.187 8.248 -0.556 -0.163 0.815
15.183 -22.549 10.659 -0.323 -0.792 -0.518
15.316 -23.18 8.634 -0.412 -0.372 0.832
15.552 -24.465 8.886 -0.569 0.485 0.664
16.377 -22.794 11.098 0.274 -0.915 -0.298
16.561 -24.671 9.257 0.151 0.337 0.929
17.21 -24.297 9.218 -0.282 0.087 0.955
17.238 -24.343 9.229 -0.267 0.062 0.962
16.585 -24.712 9.267 0.168 0.308 0.936
17.818 -24.516 9.568 -0.654 0.177 0.736
17.863 -24.891 9.627 -0.621 -0.091 0.778
16.63 -25.087 9.326 0.201 0.04 0.979
16.172 -26.184 10.215 0.506 0.771 0.386
15.592 -25.988 10.177 0.022 0.935 0.354
16 -24.874 9.285 -0.25 0.192 0.949
15.45 -25.883 9.976 0.117 0.865 0.488
15.2 -26.636 10.792 -0.304 0.395 0.867
14.946 -26.716 10.767 -0.135 0.449 0.883
15.498 -27.285 11.722 -0.503 0.828 0.247
15.361 -27.387 11.743 -0.601 0.755 0.262
14.783 -26.837 10.792 -0.216 0.388 0.896
14.934 -27.543 11.532 -0.317 0.859 0.403
13.714 -28.52 10.849 -0.927 0.371 0.061
13.564 -27.814 10.109 -0.826 -0.1 0.554
13.577 -28.44 10.266 -0.835 0.317 0.45
16.281 -28.869 12.708 0.055 -0.303 0.951
16.023 -29.297 12.674 0.227 -0.018 0.974
16.002 -30.108 12.909 0.241 0.523 0.817
15.3 -30.178 12.907 -0.344 0.465 0.816
15.12 -29.386 12.672 -0.224 -0.063 0.973
15.057 -29.976 12.742 -0.182 0.33 0.926
13.962 -30.059 11.998 -0.826 0.281 0.489
13.942 -29.476 11.872 -0.813 -0.107 0.573
13.559 -30.452 11.789 -0.557 0.543 0.628
14.671 -30.967 12.658 -0.409 -0.253 0.877
14.322 -31.429 12.499 -0.176 0.055 0.983
14.977 -31.007 12.837 -0.612 -0.226 0.757
15.28 -31.394 12.834 -0.36 -0.548 0.755
14.711 -31.926 12.495 0.019 -0.193 0.981
14.667 -32.428 12.483 0.048 0.142 0.989
13.519 -33.345 10.573 -0.772 -0.513 -0.375
13.352 -33.011 10.234 -0.661 -0.736 -0.149
13.115 -32.858 9.688 -0.503 -0.838 0.215
14.315 -33.618 10.152 -0.204 -0.708 -0.677
14.057 -33.181 9.189 -0.032 -0.999 -0.035
14.294 -33.333 9.735 -0.19 -0.897 -0.399
16.317 -31.354 9.41 0.822 0.093 -0.562
16.08 -31.201 8.864 0.98 -0.009 -0.198
16.158 -30.668 8.664 0.929 -0.365 -0.064
16.325 -31.337 9.424 0.826 0.101 -0.555
16.165 -30.651 8.678 0.932 -0.357 -0.058
16.708 -30.361 9.507 0.57 -0.55 -0.61
16.782 -30.063 9.354 0.607 -0.401 -0.686
16.238 -30.353 8.525 0.969 -0.207 -0.134
17.058 -29.32 8.12 0.423 -0.896 0.136
16.759 -29.386 7.348 0.274 -0.929 -0.249
15.94 -30.419 7.754 0.82 -0.24 -0.52
16.627 -29.388 7.115 0.362 -0.928 -0.094
16.955 -29.949 9.461 0.694 -0.344 -0.633
17.231 -29.206 8.227 0.51 -0.839 0.19
17.76 -29.018 8.83 0.157 -0.965 -0.212
17.838 -28.983 8.754 0.222 -0.935 -0.276
17.332 -29.161 8.129 0.56 -0.817 0.141
17.849 -28.921 8.321 0.215 -0.977 0.013
18.702 -27.52 9.302 0.942 0.284 0.181
18.787 -27.332 8.916 0.885 0.158 0.438
19.4 -25.889 9.037 0.476 -0.804 0.357
17.614 -27.003 9.923 0.035 0.715 0.698
18.218 -25.327 9.712 -0.368 -0.402 0.838
16.499 -26.585 10.293 0.778 0.437 0.451
17.613 -27.019 9.939 0.034 0.702 0.712
16.498 -26.602 10.31 0.778 0.423 0.465
16.909 -27.248 11.198 0.504 0.854 -0.127
18.224 -28.351 9.965 0.543 -0.409 0.733
17.572 -28.695 11.226 0.978 -0.179 -0.107
17.551 -29.091 10.92 0.992 0.085 0.097
16.86 -29.586 12.219 0.646 -0.162 0.746
16.988 -29.113 12.323 0.56 -0.478 0.677
16.653 -30.333 12.555 0.784 0.336 0.522
17.188 -30.102 11.545 0.81 -0.421 0.409
16.908 -30.735 12.03 0.996 0.001 0.085
16.979 -30.641 11.694 0.949 -0.061 0.31
16.588 -31.631 11.613 0.719 -0.644 0.262
16.581 -31.563 11.963 0.724 -0.689 0.029
16.384 -32.144 11.375 0.855 -0.302 0.421
15.971 -32.366 11.81 0.649 -0.414 0.639
16.259 -31.736 12.302 0.456 -0.834 0.311
15.732 -32.801 11.905 0.808 -0.124 0.576
16.816 -31.048 10.441 0.853 -0.3 -0.427
16.629 -31.516 10.114 0.978 0.012 -0.209
17.012 -30.539 10.197 0.722 -0.639 -0.265
17.255 -24.287 9.229 -0.257 0.093 0.962
17.833 -24.466 9.568 -0.643 0.213 0.736
16.424 -22.783 11.11 0.297 -0.909 -0.292
17.698 -23.41 9.663 -0.288 -0.418 0.862
17.204 -22.764 10.2 0.06 -0.874 0.483
16.905 -22.617 11.352 0.537 -0.826 -0.171
18.24 -24.325 9.773 -0.352 0.313 0.882
17.089 -22.502 11.271 0.415 -0.902 -0.117
17.896 -23.457 9.661 0.259 0.067 0.963
17.328 -22.57 10.423 0.694 -0.611 0.38
17.555 -22.07 11.116 0.803 -0.542 -0.247
18.746 -23.856 9.603 0.009 0.649 0.761
18.083 -21.705 10.109 0.451 -0.785 0.424
18.549 -21.407 9.51 0.84 -0.537 -0.075
19.253 -23.532 8.953 0.371 0.88 0.296
18.641 -21.278 9.293 0.779 -0.623 0.069
18.332 -20.951 10.482 0.659 -0.157 0.735
18.362 -20.692 10.544 0.64 -0.329 0.694
17.825 -21.091 11.632 0.998 -0.063 -0.031
17.748 -20.419 11.841 0.959 0.273 0.073
18.285 -20.02 10.753 0.602 0.007 0.799
18.448 -19.442 10.776 0.493 -0.379 0.783
19.102 -19.2 9.415 0.96 -0.206 -0.189
19.059 -19.734 9.142 0.989 0.15 -0.007
19.941 -19.285 7.776 0.401 -0.15 0.904
19.878 -19.954 7.479 0.357 -0.628 0.692
18.986 -20.526 8.79 0.952 -0.247 -0.182
18.998 -20.573 8.139 0.944 -0.215 0.252
19.112 -18.699 9.394 0.967 0.152 -0.204
19.95 -18.783 7.755 0.408 0.208 0.889
19.065 -18.399 9.079 0.999 -0.048 0.006
18.979 -17.93 8.895 0.928 0.342 -0.148
19.858 -18.274 7.555 0.342 0.572 0.746
19.319 -17.097 7.654 0.702 -0.213 0.68
19.668 -16.821 6.271 0.951 -0.016 -0.308
20.207 -17.998 6.172 0.592 0.769 -0.242
19.733 -17.45 5.98 0.908 0.404 -0.114
17.057 -17.5 8.793 -0.674 0.701 -0.232
17.23 -16.63 7.544 -0.79 0.121 0.601
16.508 -17.687 7.737 -0.309 0.826 0.472
16.24 -17.631 7.044 -0.5 0.866 -0.023
16.962 -16.574 6.851 -0.981 0.161 0.106
16.676 -17.171 6.634 -0.79 0.559 0.25
17.013 -17.534 8.822 -0.711 0.672 -0.208
16.461 -17.725 7.768 -0.342 0.799 0.495
15.574 -17.928 8.891 0.249 0.935 -0.254
14.857 -18.394 8.282 -0.349 0.547 -0.761
15.682 -18.23 7.107 -0.899 0.438 0.022
14.869 -18.592 8.102 -0.357 0.679 -0.641
14.476 -18.476 8.508 -0.666 0.478 -0.572
14.379 -18.698 8.393 -0.602 0.626 -0.496
13.455 -18.244 9.069 0.014 0.323 -0.946
15.189 -17.876 9.426 -0.071 0.979 0.193
14.23 -17.591 10.066 0.568 0.789 -0.234
14.64 -17.7 10.335 0.295 0.862 -0.413
12.77 -17.949 11.597 -0.64 0.737 0.217
12.651 -17.802 11.132 -0.56 0.639 0.527
12.46 -18.12 12.367 -0.433 0.851 -0.296
12.005 -18.72 12.163 -0.812 0.351 -0.466
12.157 -18.453 10.911 -0.913 0.173 0.369
12.185 -18.72 11.335 -0.932 0.351 0.086
11.919 -19.406 12.227 -0.884 -0.22 -0.412
12.075 -19.602 11.418 -0.988 -0.09 0.128
12.036 -19.665 12.011 -0.962 -0.048 -0.268
12.634 -20.86 12.037 -0.611 -0.75 -0.253
12.717 -20.887 11.445 -0.666 -0.732 0.142
12.816 -21.297 12.413 -0.732 -0.459 -0.503
13.448 -21.705 12.175 -0.416 -0.664 -0.622
13.35 -21.296 11.208 -0.35 -0.936 0.023
14.112 -21.957 11.436 -0.859 -0.496 -0.129
13.46 -21.729 12.194 -0.41 -0.676 -0.613
14.124 -21.981 11.454 -0.853 -0.508 -0.12
13.954 -22.04 12 -0.74 -0.468 -0.483
16.111 -19.221 12.979 0.339 0.941 0.006
16.281 -19.162 12.433 0.225 0.901 0.37
15.616 -18.911 13.173 0.668 0.734 -0.123
15.593 -18.894 13.146 0.656 0.742 -0.136
16.257 -19.146 12.407 0.214 0.91 0.356
15.494 -18.485 12.179 0.722 0.469 0.508
15.684 -18.42 11.731 0.817 0.501 0.284
16.447 -19.081 11.959 0.309 0.942 0.132
17.349 -18.312 10.876 -0.292 0.429 0.855
15.225 -17.851 10.779 0.588 0.786 -0.191
16.961 -17.83 10.072 -0.57 0.773 0.28
15.882 -18.076 10.018 0.15 0.937 0.316
15.883 -18.014 9.789 0.15 0.968 0.202
16.962 -17.778 9.878 -0.569 0.81 0.142
17.085 -17.551 9.525 -0.651 0.659 0.378
15.815 -17.968 9.523 0.116 0.991 0.069
17.031 -17.515 9.319 -0.695 0.689 0.206
15.592 -17.909 9.387 0.264 0.951 0.16
15.616 -17.986 9.761 0.016 0.982 0.188
15.438 -17.922 9.572 0.135 0.94 0.314
14.959 -17.76 10.523 0.454 0.831 -0.32
14.959 -18.497 13.379 0.339 0.94 -0.02
14.86 -18.088 12.411 0.405 0.668 0.625
14.626 -18.257 12.935 0.561 0.78 0.275
13.375 -17.917 12.615 -0.174 0.981 0.087
13.515 -17.722 12.067 -0.268 0.851 0.452
13.039 -17.944 12.732 0.05 0.999 0.009
13.472 -18.338 13.606 -0.118 0.733 0.67
13.12 -18.296 13.561 0.117 0.705 0.699
13.717 -18.584 14.1 -0.282 0.897 0.34
13.223 -18.96 14.353 -0.528 0.709 0.467
12.736 -18.588 13.758 -0.203 0.461 0.864
13.142 -19.191 14.795 -0.474 0.863 0.173
12.439 -20.107 14.483 -0.977 0.209 -0.05
12.088 -19.431 13.471 -0.743 -0.241 0.624
12.391 -20.044 13.984 -0.945 0.167 0.283
12.282 -20.458 13.453 -0.999 -0.04 0.017
12.004 -19.753 13.059 -0.814 -0.509 0.28
12.137 -20.08 13.005 -0.903 -0.292 0.316
14.162 -21.603 15.174 0.254 -0.859 0.444
14.431 -21.814 14.802 0.075 -0.718 0.692
14.925 -22.125 14.608 -0.254 -0.511 0.821
14.811 -20.751 15.462 0.718 -0.25 0.649
15.693 -21.116 14.949 0.13 -0.007 0.991
15.199 -20.806 15.143 0.46 -0.214 0.862
18.317 -21.082 10.457 0.647 -0.266 0.715
17.806 -21.26 11.6 0.988 -0.148 -0.047
17.79 -21.447 11.464 0.999 -0.023 0.043
13.16 -29.533 2.963 0.012 -0.441 -0.898
13.406 -30.165 3.099 -0.152 -0.02 -0.988
12.158 -30.475 2.68 0.68 0.187 -0.709
11.481 -31.084 4.659 0.116 -0.321 0.94
12.67 -30.826 5.249 -0.677 -0.492 0.547
10.386 -30.947 5.559 0.845 -0.412 0.341
11.291 -31.43 4.481 -0.042 -0.609 0.792
10.197 -31.294 5.381 0.687 -0.7 0.192
9.741 -32.388 5.476 0.991 0.029 0.129
11.188 -31.824 3.92 -0.129 -0.937 0.325
9.628 -32.815 4.867 0.911 -0.276 -0.306
10.823 -31.918 3.698 0.115 -0.874 0.472
10.523 -32.067 3.278 -0.1 -0.98 0.172
9.328 -32.963 4.446 0.697 -0.382 -0.607
9.129 -32.837 3.997 0.829 -0.467 -0.307
7.37 -33.584 5.69 -0.051 -0.841 0.539
7.842 -33.595 5.877 -0.365 -0.833 0.415
6.003 -34.156 6.831 0.86 -0.459 -0.221
6.036 -33.228 7.499 0.888 0.314 0.336
7.878 -32.587 6.603 -0.34 -0.113 0.934
7.412 -32.391 6.55 -0.029 -0.244 0.969
7.269 -33.667 5.532 -0.101 -0.882 0.46
5.925 -34.22 6.708 0.795 -0.513 -0.323
6.748 -33.849 5.322 0.247 -0.761 0.601
6.243 -34.113 4.978 -0.05 -0.916 0.398
5.503 -34.442 6.42 0.443 -0.697 -0.563
4.923 -35.05 6.288 0.83 -0.292 -0.475
5.038 -35.21 6.694 0.888 -0.372 -0.272
5.592 -34.566 6.736 0.518 -0.801 -0.3
5.001 -35.673 6.894 0.912 -0.063 -0.405
5.805 -34.163 4.489 -0.307 -0.945 0.11
4.452 -35.103 5.762 0.595 -0.318 -0.738
4.697 -34.374 4.041 0.431 -0.804 0.409
9.808 -31.494 2.268 -0.61 -0.571 -0.549
8.283 -32.159 2.801 0.406 -0.128 -0.905
9.305 -31.164 2.264 -0.275 -0.791 -0.547
12.115 -30.422 2.656 0.644 0.231 -0.729
11.83 -30.396 2.325 0.834 0.214 -0.509
13.107 -29.468 2.933 -0.018 -0.405 -0.914
10.183 -27.142 6.488 0.237 -0.044 0.97
11.808 -26.984 7.177 -0.846 -0.15 0.511
11.66 -26.822 7.025 -0.747 -0.258 0.613
11.741 -25.652 6.103 -0.679 0.717 -0.156
11.913 -25.479 5.991 -0.794 0.602 -0.082
10.264 -25.972 5.566 0.305 0.931 0.202
10.265 -25.972 5.563 0.306 0.931 0.2
11.914 -25.479 5.988 -0.794 0.603 -0.083
10.198 -25.873 5.324 0.35 0.865 0.359
-11.644 -29.355 4.807 0.066 -0.893 -0.444
-10.299 -30.727 3.306 -0.831 0.021 0.556
-10.258 -29.964 4.383 -0.858 -0.488 -0.162
-10.044 -30.274 4.595 -0.705 -0.709 -0.011
-10.085 -31.037 3.518 -0.678 -0.2 0.708
-9.857 -30.678 4.062 -0.83 -0.44 0.344
-16.98 -27.01 7.473 -0.729 -0.127 -0.673
-16.811 -26.488 6.85 -0.841 -0.475 -0.258
-17.181 -26.637 7.795 -0.896 0.183 -0.404
-17.069 -26.009 7.265 -0.971 -0.236 -0.05
-17.183 -26.333 8.232 -0.899 0.437 -0.04
-17.073 -25.618 7.826 -0.972 -0.04 0.23
-16.988 -26.157 8.694 -0.735 0.583 0.345
-16.821 -25.392 8.421 -0.846 0.073 0.527
-16.632 -26.146 9.09 -0.439 0.593 0.675
-16.364 -25.378 8.93 -0.618 0.08 0.782
-16.189 -26.301 9.34 -0.07 0.463 0.883
-15.794 -25.577 9.251 -0.333 -0.019 0.943
-14.996 -27.062 9.394 -0.171 0.205 0.964
-14.334 -27.231 9.754 -0.612 0.318 0.724
-15.087 -27.618 9.227 -0.307 -0.631 0.712
-14.439 -27.871 9.561 -0.739 -0.462 0.49
-15.094 -27.706 9.153 -0.302 -0.573 0.762
-14.45 -28.021 9.43 -0.732 -0.362 0.577
-15.099 -27.799 9.057 -0.312 -0.762 0.567
-14.455 -28.114 9.334 -0.741 -0.552 0.383
-16.121 -28.051 8.396 -0.013 -0.995 0.097
-15.725 -28.137 8.231 -0.277 -0.938 0.206
-16.407 -27.897 7.763 -0.251 -0.867 -0.431
-16.035 -27.969 7.543 -0.499 -0.819 -0.285
-14.841 -27.953 9.045 -0.484 -0.66 0.575
-14.364 -28.237 9.354 -0.801 -0.47 0.37
-14.674 -28.199 8.58 -0.28 -0.96 0.008
-14.204 -28.473 8.907 -0.593 -0.777 -0.21
-14.625 -28.354 7.975 -0.312 -0.857 0.411
-14.851 -28.275 7.23 -0.536 -0.778 -0.327
-14.854 -28.224 7.09 -0.534 -0.813 -0.234
-14.932 -28.032 6.804 -0.593 -0.668 -0.45
-15.096 -27.798 6.572 -0.484 -0.824 -0.296
-15.356 -27.481 6.376 -0.679 -0.586 -0.443
-15.402 -27.226 5.933 -0.672 -0.713 -0.2
-16.049 -26.564 5.917 -0.461 -0.513 -0.724
-15.553 -26.785 5.566 -0.791 -0.365 -0.49
-15.278 -27.109 5.078 -0.975 -0.15 -0.165
-15.438 -26.277 5.284 -0.7 0.037 -0.713
-15.991 -25.791 5.568 -0.314 -0.226 -0.922
-16.643 -26.177 6.227 -0.757 -0.32 -0.569
-16.658 -26.057 6.17 -0.747 -0.4 -0.531
-16.682 -25.942 6.105 -0.732 -0.476 -0.488
-17.049 -25.405 6.825 -0.96 0.067 -0.27
-17.017 -25.373 6.699 -0.981 0.046 -0.186
-16.998 -25.341 6.57 -0.995 0.025 -0.101
-16.643 -24.442 6.657 -0.758 0.548 -0.354
-16.658 -24.521 6.55 -0.748 0.601 -0.283
-16.682 -24.593 6.44 -0.732 0.648 -0.209
-15.891 -24.391 5.916 -0.381 0.574 -0.725
-15.992 -24.476 5.894 -0.314 0.63 -0.71
-16.097 -24.553 5.863 -0.244 0.682 -0.69
-15.78 -25.289 5.481 -0.176 0.1 -0.979
-15.505 -24.564 5.66 -0.189 0.487 -0.853
-14.918 -24.516 5.395 -0.58 0.455 -0.676
-14.801 -23.565 7.398 0.163 0.986 0.016
-14.215 -23.517 7.133 -0.228 0.954 0.193
-14.495 -23.764 8.039 0.316 0.887 0.336
-13.908 -23.716 7.774 -0.075 0.855 0.513
-13.885 -25.731 9.257 0.135 0.554 0.822
-13.423 -26.106 9.634 -0.173 0.803 0.57
-14.504 -26.362 9.388 -0.369 0.04 0.929
-14.042 -26.736 9.766 -0.677 0.29 0.677
-14.627 -26.824 9.442 -0.287 0.348 0.892
-14.131 -26.982 9.817 -0.617 0.453 0.643
-14.706 -27.008 9.466 -0.364 0.169 0.916
-14.216 -27.18 9.843 -0.691 0.283 0.665
-13.019 -25.83 9.517 -0.442 0.62 0.648
-12.765 -25.737 9.554 -0.237 0.695 0.679
-13.025 -27.186 11.427 -0.446 0.39 0.806
-12.638 -27.304 11.834 -0.704 0.468 0.534
-13.225 -27.778 11.481 -0.546 0.094 0.832
-12.825 -27.854 11.884 -0.813 0.145 0.564
-13.247 -28.402 11.419 -0.557 -0.218 0.801
-12.845 -28.434 11.826 -0.825 -0.197 0.53
-13.087 -28.984 11.249 -0.477 -0.509 0.716
-12.696 -28.976 11.668 -0.738 -0.515 0.437
-12.764 -29.456 10.991 -0.316 -0.745 0.587
-12.396 -29.414 11.429 -0.561 -0.773 0.296
-12.316 -29.763 10.675 -0.092 -0.898 0.43
-11.98 -29.699 11.135 -0.316 -0.941 0.123
-11.797 -29.867 10.339 0.168 -0.95 0.262
-11.497 -29.796 10.823 -0.032 -0.998 -0.061
-11.267 -29.757 10.023 0.433 -0.895 0.103
-11.004 -29.694 10.528 0.258 -0.937 -0.234
-11.033 -28.826 8.106 0.825 -0.527 -0.203
-11.062 -28.875 7.495 0.845 -0.494 0.204
-11.329 -29.151 8.135 0.582 -0.794 -0.179
-11.338 -29.177 7.523 0.587 -0.776 0.229
-11.813 -29.361 8.135 0.184 -0.966 -0.179
-11.788 -29.373 7.523 0.168 -0.959 0.229
-12.135 -29.375 8.116 -0.08 -0.978 -0.194
-12.087 -29.386 7.505 -0.111 -0.971 0.213
-12.335 -29.36 8.043 0.054 -0.988 -0.146
-13.041 -29.255 8.191 -0.38 -0.923 -0.055
-13.176 -29.21 8.237 -0.29 -0.953 -0.086
-13.379 -29.133 8.328 -0.456 -0.89 -0.011
-13.313 -29.58 9.799 -0.59 -0.807 -0.009
-13.495 -29.469 9.708 -0.469 -0.882 0.052
-13.725 -29.053 10.349 -0.796 -0.543 0.267
-13.815 -29.058 10.136 -0.736 -0.54 0.409
-13.487 -29.085 8.382 -0.384 -0.922 -0.048
-13.872 -28.775 8.487 -0.815 -0.576 0.07
-12.963 -29.527 6.833 -0.124 -0.991 0.045
-12.5 -29.723 6.501 -0.433 -0.861 0.266
-13.277 -29.379 6.178 -0.282 -0.917 -0.283
-12.765 -29.597 5.948 -0.623 -0.772 -0.129
-13.312 -28.747 5.01 -0.318 -0.913 -0.256
-13.369 -28.691 4.427 -0.279 -0.951 0.132
-13.727 -28.518 5.06 -0.647 -0.731 -0.216
-13.756 -28.477 4.474 -0.627 -0.759 0.174
-13.956 -28.326 4.538 -0.494 -0.86 0.132
-14.16 -28.192 4.467 -0.645 -0.76 0.079
-14.267 -28.119 4.394 -0.574 -0.809 0.128
-14.884 -27.646 4.707 -0.647 -0.597 -0.474
-14.562 -27.798 4.154 -0.862 -0.496 -0.105
-14.488 -28.093 3.571 -0.911 -0.3 0.283
-14.986 -27.157 4.49 -0.732 -0.19 -0.654
-14.656 -27.35 3.956 -0.953 -0.061 -0.298
-14.599 -27.561 3.336 -0.99 0.08 0.115
-14.524 -26.882 3.846 -0.825 0.394 -0.405
-14.461 -26.75 3.828 -0.867 0.306 -0.393
-14.431 -26.696 3.807 -0.845 0.346 -0.409
-14.347 -26.327 3.83 -0.9 0.099 -0.424
-14.292 -26.002 3.867 -0.866 0.299 -0.401
-14.163 -25.713 3.697 -0.952 0.106 -0.288
-14.041 -25.228 3.916 -0.846 0.523 -0.099
-14.145 -24.988 4.539 -0.777 0.363 -0.514
-13.914 -24.986 3.855 -0.93 0.362 -0.058
-13.927 -24.654 4.604 -0.559 0.697 -0.45
-13.714 -24.679 3.915 -0.701 0.713 0.01
-13.809 -24.486 4.683 -0.638 0.584 -0.502
-13.635 -24.594 3.96 -0.754 0.657 -0.02
-13.124 -24.36 4.847 0.555 0.803 -0.216
-12.915 -24.462 4.132 0.416 0.871 0.261
-12.788 -24.422 5.155 0.331 0.844 -0.421
-12.786 -24.422 5.157 0.334 0.845 -0.419
-13.379 -23.47 6.303 0.343 0.938 0.047
-13.248 -23.504 6.534 0.256 0.961 -0.107
-12.183 -24.346 5.574 0.057 0.793 -0.607
-11.54 -24.33 5.413 -0.372 0.782 -0.499
-11.005 -24.085 5.106 -0.728 0.619 -0.295
-12.059 -24.184 5.975 0.189 0.966 -0.178
-11.437 -24.197 5.745 -0.225 0.974 -0.024
-10.882 -23.923 5.507 -0.596 0.792 0.134
-11.967 -24.137 6.207 0.128 0.934 -0.333
-11.267 -24.076 6.151 -0.339 0.893 -0.295
-10.679 -23.718 5.996 -0.731 0.655 -0.192
-11.848 -24.198 6.764 0.293 0.85 0.437
-11.183 -24.118 6.543 -0.15 0.797 0.585
-10.567 -23.774 6.515 -0.56 0.568 0.603
-13.039 -23.842 7.733 0.36 0.792 0.493
-12.629 -24.108 8.125 0.087 0.969 0.232
-11.53 -24.411 7.282 0.082 0.992 0.091
-10.932 -24.274 6.977 -0.317 0.901 0.295
-10.433 -23.855 6.763 -0.65 0.622 0.437
-11.437 -24.463 7.426 0.261 0.892 0.369
-10.865 -24.312 7.08 -0.12 0.791 0.6
-10.331 -23.913 6.922 -0.476 0.525 0.705
-11.431 -24.569 8.109 0.257 0.963 -0.086
-10.874 -24.579 8.31 -0.114 0.969 -0.22
-11.665 -24.667 8.708 0.03 0.868 0.495
-11.117 -24.68 8.934 -0.335 0.877 0.344
-11.656 -24.79 8.986 0.024 0.951 0.31
-12.584 -24.683 8.951 0.119 0.558 0.821
-12.016 -25.011 9.322 -0.259 0.777 0.574
-11.546 -25.045 9.91 -0.573 0.799 0.182
-12.344 -25.4 9.501 -0.518 0.471 0.715
-11.327 -25.304 10.708 -0.463 0.67 0.58
-11.303 -25.569 11.229 -0.479 0.847 0.233
-10.288 -25.084 11.041 -0.493 0.749 0.443
-10.283 -25.085 11.048 -0.491 0.748 0.447
-10.993 -25.649 11.754 -0.323 0.806 0.495
-10.514 -25.523 12.113 -0.643 0.722 0.256
-11.169 -26.058 12.133 -0.411 0.602 0.684
-10.689 -25.931 12.492 -0.731 0.518 0.445
-11.243 -26.566 12.411 -0.448 0.348 0.823
-10.764 -26.44 12.77 -0.768 0.264 0.584
-11.599 -26.686 12.213 -0.626 0.288 0.724
-12.025 -27.12 12.187 -0.343 0.577 0.742
-11.141 -27.286 12.619 -0.476 0.171 0.862
-10.941 -27.742 12.726 -0.35 -0.115 0.93
-10.712 -27.816 12.827 -0.502 -0.066 0.862
-11.133 -28.751 12.466 0.182 -0.383 0.906
-10.454 -28.419 12.701 -0.271 -0.604 0.749
-9.888 -28.339 13.249 -0.649 -0.657 0.384
-10.06 -28.772 12.293 0.081 -0.92 0.384
-10.155 -28.892 12.082 0.144 -0.839 0.524
-9.949 -29.035 11.644 0.274 -0.929 0.248
-10.425 -29.462 10.893 0.598 -0.801 -0.019
-9.878 -29.206 10.822 0.234 -0.972 0.029
-9.433 -29.039 10.867 0.456 -0.888 0.052
-8.954 -28.912 11.226 0.137 -0.973 -0.188
-9.073 -28.725 10.275 0.637 -0.731 -0.244
-8.594 -28.598 10.635 0.317 -0.816 -0.484
-9.3 -28.536 9.632 0.523 -0.637 -0.566
-9.323 -28.271 9.11 0.539 -0.814 -0.218
-9.588 -27.614 7.763 0.858 -0.27 -0.436
-9.85 -27.907 7.848 0.265 -0.933 -0.243
-10.365 -28.186 7.885 0.608 -0.747 -0.268
-10.672 -28.449 7.316 0.813 -0.572 0.111
-10.505 -28.313 8.017 0.474 -0.869 -0.143
-10.802 -28.567 7.437 0.672 -0.7 0.243
-10.342 -28.986 6.318 0.592 -0.214 0.777
-9.825 -29.125 6.041 0.248 -0.121 0.961
-10.439 -29.244 6.266 0.488 -0.492 0.721
-9.922 -29.384 5.989 0.144 -0.399 0.906
-9.649 -31.251 6.55 -0.039 0.846 0.532
-9.717 -31.298 6.599 -0.2 0.736 0.647
-11.081 -29.894 6.556 0.709 -0.2 0.676
-10.984 -30.515 6.47 0.645 0.214 0.734
-10.714 -31.079 6.58 0.465 0.59 0.66
-10.32 -31.484 6.867 0.202 0.86 0.469
-11.163 -29.921 6.612 0.47 -0.28 0.837
-10.999 -30.52 6.48 0.362 0.119 0.925
-10.739 -31.087 6.596 0.188 0.497 0.847
-10.428 -31.52 6.94 -0.019 0.786 0.618
-9.598 -31.822 7.784 0.039 0.895 0.445
-9.101 -31.62 7.58 -0.293 0.76 0.581
-9.939 -32.133 8.215 -0.132 0.739 0.661
-9.923 -32.436 8.745 -0.142 0.941 0.307
-10.546 -32.307 8.134 -0.435 0.652 0.621
-10.53 -32.61 8.665 -0.446 0.854 0.267
-11.595 -33.307 7.926 -0.677 0.709 0.198
-11.846 -33.777 7.214 -0.87 0.348 -0.348
-11.659 -33.395 6.663 -0.995 0.093 0.019
-11.038 -32.493 5.947 -0.681 0.559 -0.473
-11.105 -32.584 5.927 -0.636 0.62 -0.459
-11.178 -32.67 5.902 -0.587 0.678 -0.443
-10.836 -33.681 5.265 -0.58 -0.035 -0.814
-10.927 -33.637 5.323 -0.52 -0.064 -0.852
-11.022 -33.594 5.372 -0.456 -0.093 -0.885
-11.554 -34.014 6.308 -0.927 -0.309 -0.212
-11.75 -34.345 6.888 -0.797 -0.088 -0.598
-11.293 -35.103 6.892 -0.446 -0.669 -0.595
-10.012 -35.491 6.298 -0.168 -0.94 -0.297
-9.996 -35.794 6.828 -0.179 -0.738 -0.651
-9.37 -35.49 6.279 0.153 -0.939 -0.307
-9.354 -35.793 6.809 0.142 -0.737 -0.66
-9.033 -35.177 5.828 0.322 -0.783 -0.533
-8.535 -34.974 5.625 -0.01 -0.918 -0.397
-9.336 -34.878 5.383 0.17 -0.633 -0.755
-8.839 -34.676 5.18 -0.161 -0.768 -0.619
-9.64 -34.441 5.074 0.018 -0.415 -0.91
-9.143 -34.239 4.871 -0.313 -0.55 -0.774
-9.915 -33.909 4.93 -0.12 -0.149 -0.982
-9.418 -33.707 4.727 -0.451 -0.284 -0.846
-9.777 -32.746 4.79 -0.467 -0.255 -0.847
-9.577 -32.243 4.329 -0.601 -0.59 -0.539
-9.579 -31.939 3.687 -0.599 -0.793 -0.111
-9.954 -32.227 5.108 -0.748 0.568 -0.343
-9.684 -31.93 4.521 -0.928 0.37 0.048
-9.726 -31.507 3.95 -0.899 0.088 0.428
-9.949 -32.027 5.338 -0.751 0.435 -0.497
-9.637 -31.596 4.956 -0.959 0.148 -0.242
-9.599 -31.124 4.504 -0.984 -0.168 0.059
-9.95 -32.022 5.343 -0.752 0.44 -0.492
-9.637 -31.592 4.96 -0.96 0.154 -0.236
-9.6 -31.119 4.509 -0.985 -0.162 0.065
-10.035 -31.846 5.571 -0.694 0.322 -0.643
-9.791 -31.274 5.374 -0.857 -0.059 -0.512
-9.79 -30.719 5.031 -0.858 -0.429 -0.283
-10.101 -31.76 5.717 -0.774 0.427 -0.467
-9.84 -31.211 5.48 -0.949 0.061 -0.31
-9.847 -30.645 5.156 -0.944 -0.316 -0.094
-10.626 -31.712 6.238 -0.424 0.395 -0.815
-10.784 -31.13 6.437 -0.319 0.007 -0.948
-11.027 -30.547 6.382 -0.157 -0.382 -0.911
-11.312 -30.066 6.082 0.033 -0.702 -0.711
-10.694 -31.636 6.94 -0.562 0.55 0.618
-10.799 -31.113 6.596 -0.492 0.201 0.847
-11.036 -30.536 6.48 -0.334 -0.183 0.925
-11.363 -30.009 6.612 -0.116 -0.535 0.837
-11.035 -29.68 5.372 -0.152 -0.959 -0.238
-10.519 -29.82 5.095 -0.496 -0.867 -0.053
-11.133 -29.557 5.127 -0.257 -0.827 -0.501
-10.616 -29.696 4.85 -0.601 -0.734 -0.316
-12.593 -29.041 4.745 -0.255 -0.893 -0.372
-12.834 -28.887 4.206 -0.094 -0.995 -0.012
-12.902 -28.941 4.912 -0.591 -0.784 -0.19
-13.143 -28.787 4.373 -0.43 -0.887 0.169
-12.649 -28.917 4.254 -0.217 -0.975 -0.044
-12.204 -28.85 3.967 0.25 -0.905 -0.345
-12.097 -28.549 2.363 0.133 -0.97 -0.201
-11.583 -28.539 2.039 -0.21 -0.978 0.014
-12.339 -28.35 1.97 -0.149 -0.739 -0.657
-11.817 -28.346 1.661 -0.497 -0.741 -0.451
-12.201 -28.281 1.84 -0.241 -0.785 -0.571
-13.166 -28.063 1.831 0.033 -0.278 -0.96
-12.451 -27.84 1.573 -0.444 -0.427 -0.788
-11.921 -27.796 0.986 -0.797 -0.456 -0.396
-12.617 -27.293 1.54 -0.578 0.018 -0.815
-13.539 -26.602 1.917 -0.485 -0.13 -0.865
-14.069 -26.341 2.601 -0.963 0.106 -0.247
-12.502 -26.361 1.287 -0.637 -0.288 -0.715
-12.322 -25.996 1.09 -0.499 -0.006 -0.867
-12.261 -25.865 1.045 -0.54 -0.094 -0.836
-12.539 -24.871 1.249 0.18 0.267 -0.947
-11.948 -25.266 1.06 -0.214 0.53 -0.821
-11.434 -25.469 0.575 -0.557 0.665 -0.497
-11.509 -24.932 1.451 0.243 0.877 -0.414
-11.429 -24.888 1.572 0.19 0.848 -0.495
-11.272 -24.801 1.879 0.31 0.915 -0.258
-11.319 -24.682 2.138 0.341 0.835 -0.431
-10.72 -24.789 2.118 -0.057 0.907 -0.418
-10.136 -24.673 1.995 -0.447 0.829 -0.336
-11.298 -24.63 2.314 0.373 0.913 -0.167
-10.704 -24.748 2.258 -0.023 0.991 -0.13
-10.115 -24.621 2.17 -0.416 0.907 -0.071
-11.407 -24.403 2.769 0.446 0.761 -0.471
-10.906 -24.335 3.097 0.112 0.716 -0.689
-10.378 -24.094 3.258 -0.24 0.555 -0.796
-12.165 -24.031 2.883 0.447 0.867 0.22
-11.669 -24.22 3.167 0.116 0.993 0.03
-11.144 -24.168 3.459 -0.234 0.958 -0.164
-10.676 -23.884 3.711 -0.546 0.769 -0.332
-10.34 -23.415 3.883 -0.77 0.456 -0.447
-11.876 -24.374 3.607 -0.145 0.798 0.584
-11.333 -24.308 3.859 -0.507 0.755 0.416
-10.912 -24.06 4.212 -0.787 0.589 0.181
-12.385 -24.583 4.051 0.194 0.938 0.288
-12.47 -24.574 4.068 0.119 0.945 0.303
-11.602 -24.576 4.702 -0.328 0.933 -0.146
-11.039 -24.226 4.674 -0.703 0.7 -0.127
-11.603 -24.569 4.774 -0.33 0.941 -0.073
-11.041 -24.217 4.751 -0.705 0.707 -0.058
-9.66 -24.077 2.711 -0.719 0.544 -0.432
-9.111 -23.712 2.634 -0.313 0.814 -0.489
-9.857 -22.63 4.72 -0.528 0.849 -0.028
-9.735 -22.41 5.231 -0.61 0.702 -0.368
-10.26 -22.976 4.99 -0.729 0.676 0.107
-10.11 -22.731 5.482 -0.83 0.513 -0.221
-9.308 -22.036 5.606 -0.358 0.922 -0.148
-8.798 -21.709 5.579 -0.699 0.704 -0.13
-8.821 -21.785 6.389 -0.668 0.741 0.063
-8.889 -22.003 6.86 -0.711 0.605 0.358
-8.779 -21.978 7.102 -0.784 0.588 0.197
-8.738 -22.568 7.625 -0.748 0.064 0.661
-9.151 -23.501 7.787 -0.472 0.687 0.553
-9.141 -23.776 8.433 -0.479 0.869 0.122
-9.277 -23.578 7.756 -0.589 0.615 0.523
-9.272 -23.855 8.401 -0.593 0.8 0.094
-9.491 -23.647 7.637 -0.447 0.661 0.603
-9.632 -24.007 8.161 -0.353 0.901 0.253
-9.864 -23.845 7.4 -0.788 0.48 0.387
-10.006 -24.205 7.924 -0.693 0.72 0.037
-10.19 -24.2 9.199 -0.378 0.919 0.115
-9.802 -23.965 9.551 -0.637 0.762 -0.119
-8.698 -23.393 8.84 -0.775 0.615 -0.149
-8.398 -22.791 8.505 -0.974 0.213 0.074
-8.697 -23.392 8.844 -0.774 0.616 -0.145
-8.398 -22.789 8.508 -0.974 0.215 0.078
-9.145 -23.586 9.775 -0.309 0.951 -0.008
-8.671 -23.314 9.571 -0.625 0.77 0.128
-8.836 -23.605 10.39 -0.154 0.942 0.3
-8.383 -23.332 10.143 -0.456 0.759 0.464
-8.403 -23.817 10.882 0.062 0.836 0.546
-7.981 -23.529 10.601 -0.219 0.644 0.733
-8.646 -24.174 11.293 -0.059 0.657 0.752
-8.555 -24.528 11.769 -0.119 0.893 0.434
-9.129 -25.227 12.583 0.049 0.87 0.49
-8.726 -24.917 12.246 -0.22 0.664 0.715
-8.881 -25.974 13.303 0.173 0.497 0.85
-8.807 -26.362 13.613 0.124 0.755 0.644
-9.674 -26.193 13.391 -0.223 0.387 0.895
-9.477 -26.546 13.688 -0.355 0.623 0.697
-10.272 -26.757 13.295 -0.522 0.105 0.846
-9.982 -27.023 13.606 -0.716 0.283 0.639
-7.883 -26.169 12.916 0.403 0.408 0.819
-7.417 -26.842 12.538 0.857 -0.248 0.451
-7.647 -27.845 12.75 0.952 -0.304 0.027
-7.508 -27.73 12.281 0.86 -0.381 0.34
-7.916 -28.324 12.615 0.76 -0.646 -0.069
-7.827 -28.296 12.122 0.701 -0.664 0.26
-8.362 -28.668 12.575 0.441 -0.892 -0.098
-8.355 -28.703 12.074 0.437 -0.868 0.236
-8.904 -28.815 12.636 0.054 -0.997 -0.054
-8.997 -28.878 12.146 0.116 -0.955 0.272
-7.408 -27.706 11.224 0.91 -0.37 -0.189
-7.126 -27.222 10.983 0.721 -0.692 -0.028
-6.925 -26.676 9.924 0.802 -0.594 0.067
-6.955 -26.854 10.497 0.822 -0.475 -0.314
-6.7 -26.276 9.599 0.914 -0.394 -0.096
-6.397 -25.815 9.408 0.712 -0.701 0.032
-6.898 -26.356 9.021 0.815 -0.434 -0.384
-6.581 -25.889 8.871 0.604 -0.745 -0.284
-7.218 -26.277 8.501 0.655 -0.395 -0.644
-6.879 -25.816 8.387 0.429 -0.702 -0.569
-7.91 -25.7 7.678 0.643 -0.514 -0.567
-8.034 -25.481 7.116 0.726 -0.66 -0.192
-7.974 -25.429 6.505 0.686 -0.695 0.215
-8.194 -25.908 7.646 0.382 -0.705 -0.597
-8.282 -25.662 7.087 0.441 -0.869 -0.225
-8.258 -25.636 6.472 0.425 -0.886 0.185
-8.619 -25.955 7.232 0.665 -0.674 -0.322
-8.475 -25.75 6.543 0.569 -0.811 0.137
-8.851 -26.086 7.147 0.435 -0.803 -0.406
-8.716 -25.886 6.455 0.345 -0.937 0.055
-8.75 -27.755 5.222 0.368 0.309 0.877
-8.752 -27.101 5.156 0.369 -0.127 0.921
-8.648 -26.483 5.356 0.299 -0.539 0.788
-8.667 -27.758 5.18 0.497 0.305 0.813
-8.682 -27.103 5.121 0.506 -0.132 0.852
-8.551 -26.487 5.307 0.419 -0.543 0.728
-7.813 -28.512 5.521 -0.073 0.807 0.585
-7.923 -29.271 5.907 -0.185 0.027 0.982
-7.939 -29.421 5.916 -0.175 0.127 0.976
-7.992 -29.658 5.914 -0.216 -0.055 0.975
-8.222 -29.858 5.884 -0.063 0.078 0.995
-7.76 -30.194 6.059 -0.371 0.303 0.878
-7.386 -30.458 6.444 -0.62 0.479 0.621
-8.231 -29.869 5.884 -0.075 0.061 0.995
-7.767 -30.203 6.06 -0.385 0.284 0.878
-7.395 -30.47 6.444 -0.633 0.462 0.622
-8.686 -30.242 5.992 0.228 0.31 0.923
-8.579 -30.855 6.361 0.157 0.719 0.677
-9.187 -30.317 5.982 -0.347 0.224 0.911
-9.124 -30.937 6.35 -0.389 0.637 0.666
-7.727 -31.066 6.921 -0.412 0.859 0.304
-7.503 -31.452 7.559 -0.242 0.566 0.788
-9.565 -33.381 9.895 0.037 0.468 0.883
-9.036 -33.538 10.085 -0.315 0.573 0.756
-10.109 -33.52 9.903 -0.235 0.399 0.886
-10.6 -33.809 10.03 0.092 0.591 0.801
-10.448 -33.151 9.538 -0.405 0.584 0.704
-10.916 -33.465 9.691 -0.093 0.793 0.602
-10.772 -32.95 9.048 -0.567 0.684 0.459
-11.217 -33.279 9.236 -0.271 0.903 0.334
-10.331 -34.491 10.303 0.289 0.393 0.873
-11.144 -34.353 10.258 -0.228 0.271 0.935
-11.1 -34.512 10.326 -0.257 0.378 0.89
-11.062 -34.663 10.414 -0.283 0.479 0.831
-11.794 -34.834 10.015 -0.61 -0.011 0.792
-11.693 -34.95 10.105 -0.678 0.066 0.732
-11.606 -35.066 10.21 -0.736 0.143 0.662
-11.96 -35.557 9.612 -0.708 -0.437 0.555
-11.844 -35.61 9.738 -0.785 -0.402 0.471
-11.744 -35.671 9.873 -0.851 -0.361 0.381
-11.566 -36.199 9.23 -0.476 -0.815 0.331
-11.485 -36.195 9.389 -0.53 -0.818 0.224
-11.415 -36.209 9.554 -0.577 -0.809 0.115
-10.79 -36.472 9.04 -0.019 -0.976 0.219
-10.777 -36.444 9.216 -0.028 -0.994 0.101
-10.766 -36.437 9.395 -0.035 -0.999 -0.018
-10.038 -36.245 9.295 0.497 -0.853 0.158
-10.168 -36.403 8.539 0.347 -0.935 -0.076
-9.643 -36.311 8.298 -0.003 -0.996 0.084
-10.434 -36.355 8.028 0.19 -0.907 -0.377
-9.93 -36.259 7.749 -0.146 -0.971 -0.191
-10.743 -36.131 7.593 0.008 -0.775 -0.632
-10.262 -36.018 7.281 -0.312 -0.85 -0.425
-9.088 -36.237 8.256 0.275 -0.959 0.063
-8.593 -36.193 8.561 -0.055 -0.989 -0.14
-7.317 -34.891 5.796 -0.065 -0.996 -0.054
-6.763 -35.043 5.562 -0.434 -0.895 0.102
-7.461 -34.742 5.318 -0.185 -0.873 -0.451
-6.898 -34.905 5.117 -0.561 -0.765 -0.318
-7.455 -34.681 5.181 -0.189 -0.914 -0.36
-7.74 -34.101 4.546 -0.361 -0.563 -0.744
-7.802 -33.984 4.478 -0.319 -0.64 -0.699
-7.988 -33.366 4.26 -0.466 -0.15 -0.872
-8.709 -32.84 4.251 0.014 -0.5 -0.866
-8.801 -32.401 3.86 0.076 -0.793 -0.605
-8.875 -32.15 3.325 0.125 -0.961 -0.249
-9.424 -32.655 4.478 -0.702 -0.315 -0.638
-9.378 -32.252 4.043 -0.733 -0.584 -0.348
-9.504 -31.987 3.525 -0.649 -0.761 -0.003
-8.429 -32.12 3.098 -0.172 -0.98 -0.097
-7.982 -32.359 3.439 -0.47 -0.821 -0.324
-7.652 -32.803 3.699 -0.69 -0.525 -0.498
-7.988 -31.891 2.807 0.553 -0.604 -0.574
-7.656 -32.19 3.224 0.332 -0.405 -0.852
-7.242 -32.59 3.43 0.056 -0.138 -0.989
-7.905 -31.838 2.825 0.498 -0.64 -0.586
-7.49 -32.113 3.239 0.221 -0.456 -0.862
-7.013 -32.515 3.412 -0.097 -0.188 -0.977
-7.89 -31.821 2.82 0.521 -0.614 -0.592
-7.477 -32.098 3.235 0.246 -0.429 -0.869
-6.995 -32.495 3.407 -0.075 -0.165 -0.983
-7.676 -31.571 2.676 0.379 -0.781 -0.496
-7.51 -31.148 2.395 0.528 -0.403 -0.748
-7.863 -30.094 1.664 0.519 -0.334 -0.787
-8.51 -29.658 1.429 -0.059 0.056 -0.997
-8.875 -29.491 1.406 0.184 -0.055 -0.981
-8.812 -28.815 1.21 0.142 -0.506 -0.851
-9.051 -29.481 1.39 -0.01 -0.044 -0.999
-9.003 -28.804 1.193 -0.042 -0.496 -0.867
-9.341 -29.538 1.367 0.183 -0.007 -0.983
-9.522 -28.904 1.168 0.304 -0.429 -0.851
-9.459 -29.576 1.353 0.058 -0.048 -0.997
-9.649 -28.946 1.153 0.185 -0.468 -0.864
-9.55 -29.648 1.347 0.119 -0.001 -0.993
-9.817 -29.074 1.169 0.297 -0.383 -0.875
-10.061 -30.495 1.509 -0.661 0.187 -0.727
-10.127 -29.842 1.539 -0.617 -0.248 -0.747
-10.37 -29.26 1.354 -0.454 -0.636 -0.624
-10.745 -28.861 0.989 -0.205 -0.902 -0.381
-10.417 -29.77 2.102 -0.987 -0.157 -0.028
-10.649 -29.191 1.895 -0.833 -0.543 0.111
-10.882 -28.334 0.454 -0.32 -0.463 -0.827
-10.919 -28.11 0.313 -0.295 -0.613 -0.733
-9.969 -26.338 -0.111 0.18 0.273 -0.945
-9.331 -26.224 -0.105 -0.246 0.197 -0.949
-10.088 -25.687 0.195 0.12 0.599 -0.792
-9.45 -25.573 0.201 -0.305 0.523 -0.796
-9.719 -24.964 0.951 -0.235 0.694 -0.68
-10.081 -24.722 1.718 -0.484 0.862 -0.151
-8.487 -24.245 1.061 0.077 0.691 -0.719
-7.946 -24.004 1.181 -0.284 0.53 -0.799
-8.77 -23.952 1.484 -0.126 0.901 -0.416
-8.281 -23.657 1.682 -0.452 0.704 -0.548
-6.871 -25.43 0.69 -0.136 0.343 -0.93
-6.252 -25.144 0.913 0.33 0.558 -0.762
-6.926 -23.822 1.279 0.226 0.622 -0.75
-6.665 -23.811 1.335 0.052 0.615 -0.787
-6.301 -23.083 2.578 0.05 0.722 -0.69
-6.411 -23.021 2.644 -0.024 0.763 -0.646
-7.465 -23.133 2.268 -0.043 0.966 -0.255
-7.189 -22.492 3.102 -0.228 0.538 -0.811
-7.464 -21.829 4.064 -0.366 0.87 -0.33
-7.751 -21.635 4.542 -0.175 0.741 -0.649
-6.647 -21.402 4.694 -0.306 0.82 -0.483
-6.645 -21.393 4.71 -0.305 0.826 -0.474
-7.871 -21.299 5.147 -0.235 0.908 -0.346
-7.58 -20.938 5.541 -0.429 0.667 -0.609
-8.415 -21.403 5.644 -0.507 0.856 -0.098
-8.124 -21.042 6.038 -0.701 0.615 -0.36
-6.386 -20.359 6.283 0.168 0.957 -0.238
-5.797 -20.372 6.127 -0.224 0.965 -0.134
-6.726 -20.347 7.302 -0.002 0.962 0.272
-6.955 -20.386 7.759 0.15 0.988 -0.033
-7.492 -20.445 7.025 -0.385 0.913 0.133
-7.601 -20.469 7.526 -0.312 0.929 -0.2
-8.168 -20.905 6.96 -0.723 0.684 0.101
-8.172 -20.857 7.47 -0.72 0.652 -0.24
-5.845 -20.731 7.764 0.164 0.88 0.445
-5.573 -21.405 8.203 0.431 0.218 0.876
-6.447 -22.594 9.051 0.775 0.2 0.599
-6.426 -23.112 9.425 0.762 0.546 0.35
-6.913 -22.446 9.298 0.202 0.382 0.902
-6.874 -22.97 9.662 0.176 0.731 0.659
-7.057 -22.604 9.42 0.298 0.488 0.821
-7.588 -21.733 9.14 -0.302 0.026 0.953
-7.652 -22.53 9.386 -0.259 0.557 0.789
-7.838 -23.067 10 -0.135 0.915 0.38
-8.172 -21.84 8.776 -0.719 -0.051 0.693
-8.156 -22.622 9.072 -0.73 0.471 0.495
-8.481 -23.185 9.599 -0.514 0.846 0.144
-8.409 -22.852 8.577 -0.966 0.256 0.032
-7.52 -24.374 11.264 0.098 0.761 0.642
-7.541 -24.372 11.265 0.081 0.762 0.642
-7.325 -24.389 11.272 -0.032 0.771 0.637
-6.869 -24.984 11.842 0.658 0.691 0.298
-6.746 -24.666 11.296 0.577 0.479 0.662
-6.464 -24.216 10.933 0.388 0.179 0.904
-6.492 -25.539 11.54 0.972 0.228 0.047
-6.417 -25.151 11.033 0.922 -0.03 0.385
-6.087 -24.771 10.631 0.702 -0.284 0.653
-6.488 -25.623 10.602 0.848 -0.526 -0.067
-6.572 -25.771 10.506 0.904 -0.427 -0.003
-6.573 -25.773 10.505 0.903 -0.429 -0.004
-5.994 -25.156 9.33 0.949 -0.314 -0.014
-5.881 -24.962 9.609 0.874 -0.443 -0.199
-5.934 -23.825 8.376 0.949 -0.247 0.198
-6.258 -24.372 7.77 0.703 -0.661 -0.262
-6.47 -24.691 7.816 0.844 -0.449 -0.293
-6.405 -24.474 7.257 0.801 -0.594 0.08
-6.647 -24.891 7.72 0.704 -0.607 -0.369
-6.588 -24.68 7.158 0.664 -0.747 0.006
-6.666 -24.911 7.716 0.717 -0.594 -0.366
-6.625 -24.714 7.152 0.689 -0.725 0.01
-6.418 -24.691 6.59 0.552 -0.74 0.385
-6.933 -25.083 7.626 0.443 -0.771 -0.458
-6.864 -24.869 7.071 0.397 -0.913 -0.088
-6.7 -24.873 6.495 0.288 -0.911 0.296
-6.957 -25.092 7.615 0.46 -0.765 -0.451
-6.907 -24.887 7.051 0.426 -0.902 -0.074
-7.245 -25.183 7.559 0.232 -0.837 -0.495
-7.204 -24.981 6.993 0.205 -0.972 -0.117
-7.593 -25.25 7.409 0.464 -0.793 -0.395
-7.77 -25.23 6.654 0.582 -0.806 0.109
-7.612 -25.262 7.413 0.444 -0.806 -0.391
-7.789 -25.243 6.658 0.563 -0.819 0.113
-7.148 -25.997 5.205 0.255 -0.376 0.891
-7.197 -26.046 5.196 0.208 -0.423 0.882
-7.335 -26.05 5.234 0.3 -0.42 0.856
-7.547 -26.219 5.198 0.164 -0.528 0.833
-7.859 -26.253 5.28 0.372 -0.506 0.778
-7.998 -26.317 5.269 0.05 -0.656 0.753
-6.874 -27.904 5.32 -0.285 0.595 0.752
-6.952 -27.371 5.033 -0.233 0.239 0.943
-6.719 -27.875 5.338 -0.122 0.626 0.77
-6.78 -27.338 5.053 -0.082 0.268 0.96
-6.609 -27.872 5.359 -0.196 0.624 0.756
-6.575 -27.339 5.086 -0.218 0.269 0.938
-6.304 -27.886 5.369 0.201 0.606 0.769
-6.271 -27.352 5.096 0.179 0.25 0.951
-6.477 -28.922 6.404 0.035 0.325 0.945
-6.279 -29.086 6.478 -0.097 0.435 0.895
-6.139 -27.611 5.17 0.091 0.423 0.902
-5.3 -28.271 5.425 0.393 0.842 0.369
-5.608 -27.624 4.947 0.599 0.411 0.687
-5.62 -26.772 4.809 0.607 -0.157 0.779
-5.28 -27.71 4.481 0.913 0.327 0.242
-5.143 -27.986 4.468 0.822 0.511 0.251
-5.251 -27.46 4.218 0.894 0.16 0.418
-5.02 -28.117 4.14 0.907 0.421 0.025
-5.128 -27.591 3.889 0.979 0.07 0.192
-3.905 -29.196 4.593 0.395 0.877 -0.273
-3.158 -29.286 4.682 -0.104 0.937 -0.332
-3.987 -29.195 5.286 0.32 0.879 0.354
-3.24 -29.285 5.375 -0.178 0.939 0.295
-5.302 -28.753 6.08 0.392 0.601 0.696
-4.95 -29.161 6.433 0.158 0.873 0.461
-5.917 -28.983 6.427 0.085 0.486 0.87
-5.565 -29.391 6.78 -0.15 0.758 0.635
-5.796 -30.501 7.624 0.204 0.655 0.728
-5.394 -30.113 7.341 -0.064 0.397 0.916
-6.586 -31.805 8.284 0.051 0.659 0.75
-7.192 -31.709 7.986 -0.449 0.738 0.504
-6.54 -32.9 9.751 0.396 0.567 0.722
-6.107 -33.159 9.838 0.107 0.74 0.664
-6.854 -33.461 10.162 0.239 0.287 0.928
-6.372 -33.633 10.185 -0.083 0.401 0.912
-7.028 -34.195 10.276 0.152 -0.08 0.985
-6.519 -34.253 10.282 -0.188 -0.042 0.981
-7.021 -34.929 10.067 0.155 -0.447 0.881
-6.513 -34.873 10.106 -0.183 -0.484 0.855
-6.835 -35.489 9.585 0.249 -0.728 0.639
-6.355 -35.347 9.698 -0.071 -0.823 0.564
-6.513 -35.745 8.941 0.409 -0.855 0.318
-6.084 -35.562 9.154 0.123 -0.977 0.176
-6.132 -35.634 8.29 0.6 -0.8 -0.008
-5.762 -35.469 8.604 0.353 -0.91 -0.217
-5.691 -35.022 7.166 0.715 -0.683 0.15
-5.404 -35.05 6.591 0.524 -0.664 0.533
-6.572 -35.624 7.361 0.38 -0.795 -0.473
-6.295 -35.359 6.844 0.195 -0.972 -0.128
-5.964 -35.362 6.292 -0.026 -0.97 0.24
-5.64 -35.633 5.806 -0.242 -0.79 0.564
-6.911 -35.17 6.436 -0.336 -0.81 -0.48
-6.535 -35.187 5.913 -0.586 -0.799 -0.132
-5.334 -34.907 6.727 0.477 -0.759 0.443
-5.514 -34.845 7.46 0.597 -0.801 -0.046
-5.218 -34.798 6.746 0.652 -0.593 0.472
-5.398 -34.735 7.479 0.772 -0.635 -0.017
-4.955 -34.705 6.574 0.477 -0.655 0.586
-4.83 -34.626 6.548 0.563 -0.6 0.568
-4.798 -34.525 6.634 0.542 -0.667 0.511
-4.585 -34.361 6.542 0.755 -0.504 0.42
-4.51 -35.436 5.731 0.565 -0.649 0.51
-4.129 -35.36 5.529 0.311 -0.699 0.644
-4.7 -35.785 5.141 0.43 -0.899 0.088
-4.304 -35.682 4.986 0.165 -0.968 0.191
-4.92 -35.756 4.465 0.272 -0.878 -0.394
-4.506 -35.655 4.364 -0.003 -0.945 -0.327
-5.105 -35.356 3.906 0.14 -0.592 -0.793
-4.676 -35.287 3.85 -0.145 -0.638 -0.756
-5.809 -34.934 3.778 -0.363 -0.291 -0.885
-6.103 -34.441 3.6 -0.167 -0.62 -0.767
-6.272 -35.136 4.213 -0.694 -0.435 -0.574
-6.651 -34.68 4.116 -0.441 -0.739 -0.509
-5.662 -33.38 3.144 0.054 -0.09 -0.995
-5.224 -32.922 2.983 -0.238 -0.395 -0.887
-6.514 -32.139 3.236 -0.03 -0.262 -0.965
-6.767 -32.236 3.302 -0.227 -0.338 -0.913
-6.271 -31.892 3.115 -0.192 -0.427 -0.884
-6.069 -31.641 2.999 -0.042 -0.241 -0.97
-5.934 -31.598 2.976 -0.131 -0.27 -0.954
-5.763 -31.29 2.936 0.053 0.061 -0.997
-6.796 -30.047 2.39 0.545 -0.343 -0.765
-6.816 -30.06 2.381 0.527 -0.355 -0.772
-6.52 -29.869 2.457 0.362 -0.462 -0.81
-6.188 -29.378 2.491 0.614 -0.089 -0.784
-6.17 -28.459 1.886 0.602 -0.702 -0.381
-6.525 -28.244 1.417 0.265 -0.497 -0.826
-6.634 -28.086 1.263 0.338 -0.603 -0.723
-6.892 -27.977 1.128 0.04 -0.477 -0.878
-7.632 -28.142 0.953 0.534 -0.367 -0.762
-7.982 -28.34 0.911 0.183 -0.566 -0.804
-7.981 -28.454 0.984 0.183 -0.49 -0.852
-8.418 -28.643 1.096 -0.121 -0.621 -0.775
-7.158 -27.466 0.611 0.218 -0.817 -0.533
-7.814 -27.205 0.014 0.613 -0.228 -0.756
-7.182 -27.034 0.26 0.191 -0.341 -0.92
-6.487 -26.976 0.205 -0.272 -0.381 -0.884
-7.271 -26.486 0.224 0.093 0.263 -0.96
-7.238 -26.347 0.258 0.071 0.17 -0.983
-7.211 -25.811 0.491 0.091 0.597 -0.797
-5.558 -27.341 0.632 0.502 -0.685 -0.528
-5.349 -27.536 0.962 0.362 -0.555 -0.749
-5.17 -26.799 0.648 0.825 -0.233 -0.515
-4.928 -26.947 0.98 0.663 -0.135 -0.736
-5.103 -26.161 0.826 0.881 0.299 -0.367
-4.854 -26.254 1.174 0.716 0.361 -0.598
-5.652 -25.136 1.442 0.837 0.421 -0.35
-6.178 -25.06 0.998 0.28 0.502 -0.818
-5.529 -25.163 1.648 0.755 0.439 -0.487
-5.404 -25.152 1.969 0.876 0.449 -0.175
-5.273 -24.196 2.582 0.789 -0.189 -0.584
-5.873 -23.843 1.819 0.712 0.588 -0.384
-5.577 -23.551 2.386 0.515 0.393 -0.762
-5.112 -23.129 2.702 0.205 0.112 -0.972
-6.18 -23.143 2.513 -0.03 0.762 -0.647
-5.074 -24.589 2.832 0.656 0.073 -0.751
-5.172 -25.215 2.439 0.722 0.49 -0.488
-4.856 -24.912 3.27 0.922 -0.321 -0.218
-4.965 -25.522 2.855 0.995 0.086 0.059
-4.882 -25.088 3.359 0.939 -0.204 -0.278
-4.422 -24.653 4.17 0.611 -0.784 -0.109
-4.896 -25.29 3.854 0.927 -0.36 0.103
-4.919 -26.102 3.587 0.943 0.182 0.28
-5.11 -25.4 4.33 0.763 -0.444 0.469
-5.067 -25.191 4.516 0.734 -0.584 0.346
-5.287 -25.746 4.401 0.881 -0.214 0.423
-5.265 -25.177 4.792 0.538 -0.571 0.62
-5.469 -25.734 4.656 0.675 -0.2 0.71
-4.391 -24.599 4.686 0.629 -0.753 0.194
-4.042 -24.356 5.081 0.397 -0.915 -0.069
-3.605 -23.832 4.166 0.516 -0.845 -0.141
-4.2 -23.944 3.4 0.741 -0.367 -0.562
-3.718 -23.567 3.553 0.42 -0.618 -0.664
-3.125 -23.354 3.531 0.025 -0.76 -0.649
-4.458 -23.287 2.982 0.589 0.02 -0.808
-3.931 -23.025 3.209 0.238 -0.155 -0.959
-3.341 -22.804 3.181 -0.156 -0.302 -0.941
-4.171 -22.394 3.252 0.033 0.385 -0.922
-5.339 -22.155 3.123 0.071 0.685 -0.725
-5.062 -21.726 3.4 -0.113 0.399 -0.91
-4.582 -21.433 3.564 0.127 0.546 -0.828
-4.008 -21.336 3.579 -0.256 0.482 -0.838
-4.652 -20.896 4.075 0.092 0.815 -0.573
-4.073 -20.837 4.054 -0.294 0.775 -0.559
-4.625 -20.592 4.754 0.105 0.967 -0.233
-4.048 -20.554 4.685 -0.279 0.942 -0.188
-5.113 -20.545 5.166 -0.139 0.99 -0.027
-5.366 -20.444 5.701 0.03 0.923 -0.384
-4.241 -20.614 5.931 0.061 0.996 -0.062
-4.234 -20.614 5.937 0.068 0.996 -0.057
-4.087 -20.604 6.065 -0.03 0.989 -0.143
-4.111 -20.656 7.069 0.69 0.7 0.183
-3.673 -20.795 6.651 0.398 0.792 0.462
-3.132 -20.73 6.352 0.038 0.749 0.661
-3.485 -21.437 6.973 0.593 0.13 0.795
-3.433 -21.64 6.987 0.559 0.266 0.786
-2.79 -21.812 6.792 0.13 0.381 0.916
-2.105 -21.862 6.891 -0.327 0.414 0.85
-3.434 -21.643 6.989 0.557 0.256 0.79
-2.79 -21.814 6.793 0.128 0.369 0.921
-2.106 -21.866 6.893 -0.328 0.404 0.854
-3.469 -21.785 7.071 0.58 0.35 0.735
-2.855 -22.067 6.936 0.171 0.538 0.825
-2.188 -22.18 7.062 -0.274 0.613 0.741
-3.562 -22.063 7.127 0.35 -0.336 0.874
-2.92 -22.26 6.975 -0.078 -0.205 0.976
-2.303 -22.521 7.131 -0.49 -0.03 0.871
-2.168 -22.93 7.271 -0.579 0.242 0.778
-2.172 -22.937 7.27 -0.592 0.218 0.776
-3.71 -22.141 7.168 0.449 -0.284 0.847
-3.714 -22.148 7.167 0.436 -0.309 0.845
-5.33 -22.983 8.007 0.696 -0.355 0.624
-4.816 -22.811 7.73 0.353 -0.47 0.809
-5.581 -24.167 6.47 0.311 -0.779 0.544
-5.582 -24.174 6.46 0.31 -0.783 0.538
-3.424 -23.183 6.771 0.031 -0.315 0.949
-2.838 -23.27 6.848 -0.36 -0.257 0.897
-2.338 -23.419 7.139 -0.693 -0.158 0.703
-3.201 -23.781 5.983 0.27 -0.957 0.102
-2.668 -23.727 6.247 -0.085 -0.994 -0.074
-2.155 -23.909 6.493 -0.427 -0.872 -0.238
-3.012 -23.751 5.903 0.144 -0.977 0.156
-2.301 -23.801 6.12 -0.33 -0.944 0.011
-2.968 -23.757 5.758 0.187 -0.982 0.017
-2.258 -23.806 5.98 -0.287 -0.949 -0.13
-3.031 -23.798 5.497 0.229 -0.954 0.192
-2.391 -23.787 5.503 -0.198 -0.962 0.187
-1.805 -24.038 5.561 -0.588 -0.795 0.149
-1.38 -24.506 5.66 -0.872 -0.483 0.083
-3.005 -23.791 5.268 0.273 -0.941 -0.2
-2.38 -23.783 5.405 -0.143 -0.946 -0.292
-1.794 -24.034 5.463 -0.534 -0.778 -0.331
-1.354 -24.498 5.431 -0.827 -0.469 -0.309
-2.193 -23.564 4.582 -0.109 -0.971 -0.211
-1.62 -23.833 4.81 -0.491 -0.792 -0.363
-1.195 -24.341 4.928 -0.774 -0.453 -0.442
-2.161 -23.549 4.52 -0.044 -0.941 -0.335
-1.594 -23.821 4.759 -0.422 -0.76 -0.494
-1.153 -24.322 4.849 -0.715 -0.426 -0.554
-2.121 -23.542 4.494 -0.071 -0.946 -0.317
-1.522 -23.828 4.705 -0.469 -0.755 -0.458
-1.745 -22.938 4.025 0.394 -0.198 -0.898
-1.098 -23.145 4.175 -0.037 -0.059 -0.998
-1.652 -22.729 4 0.332 -0.337 -0.881
-0.918 -22.789 4.091 -0.158 -0.297 -0.942
-0.241 -22.957 3.836 -0.609 -0.185 -0.771
-1.644 -22.664 3.987 0.361 -0.113 -0.926
-0.913 -22.753 4.084 -0.127 -0.054 -0.99
-0.229 -22.863 3.817 -0.583 0.019 -0.812
-1.771 -22.606 3.922 0.446 -0.152 -0.882
-1.193 -22.633 4.082 0.06 -0.134 -0.989
-0.601 -22.692 4.004 -0.335 -0.095 -0.937
-1.771 -22.056 4.144 0.446 0.721 -0.53
-1.193 -22.149 4.277 0.061 0.783 -0.619
-0.6 -22.054 4.262 -0.334 0.72 -0.608
-2.93 -21.671 3.419 0.187 0.643 -0.743
-3.082 -21.385 3.57 0.289 0.453 -0.844
-1.79 -21.819 4.38 0.459 0.563 -0.687
-1.207 -21.971 4.465 0.071 0.665 -0.744
-0.607 -21.96 4.367 -0.33 0.657 -0.678
-1.754 -21.559 4.877 0.5 0.857 -0.126
-1.176 -21.751 4.887 0.115 0.985 -0.132
-0.57 -21.7 4.864 -0.289 0.95 -0.117
-1.614 -21.448 5.395 0.407 0.783 -0.471
-1.618 -21.442 5.402 0.403 0.789 -0.463
-3.038 -20.547 4.865 0.315 0.946 -0.082
-2.906 -20.518 5.196 0.227 0.926 -0.302
-1.601 -21.331 5.575 0.392 0.716 -0.578
-2.39 -20.752 5.782 0.657 0.73 0.186
-1.74 -21.119 6.054 0.224 0.975 0.005
-0.996 -21.075 6.328 -0.272 0.946 -0.178
-2.664 -20.923 6.381 0.428 0.588 0.686
-1.958 -21.254 6.531 -0.042 0.809 0.586
-1.27 -21.246 6.927 -0.501 0.804 0.322
-2.161 -21.68 6.799 -0.29 0.292 0.912
-0.374 -21.482 5.317 -0.419 0.805 -0.419
-0.264 -21.119 6.249 0.338 0.909 -0.244
0.176 -21.253 5.845 0.045 0.999 0.026
0.626 -21.138 5.447 -0.256 0.922 0.291
0.624 -21.556 6.428 0.423 0.743 0.518
-0.232 -21.496 7.401 0.364 0.595 0.716
-0.06 -21.75 7.583 0.249 0.764 0.595
-0.904 -21.639 7.57 -0.196 0.476 0.857
-0.863 -21.92 7.785 -0.224 0.664 0.714
0.66 -22.077 7.372 0.672 0.572 0.47
1.15 -22.22 7.087 0.345 0.667 0.66
0.686 -22.557 7.704 0.687 0.29 0.666
1.178 -22.736 7.445 0.359 0.409 0.839
0.57 -23.093 7.906 0.619 -0.026 0.785
1.053 -23.313 7.662 0.297 0.121 0.947
-0.444 -23.181 8.266 0.023 -0.078 0.997
-0.683 -23.445 8.294 0.182 0.098 0.978
-1.173 -22.765 8.099 -0.406 0.167 0.898
-1.293 -23.097 8.154 -0.326 0.388 0.862
0.122 -24.345 7.788 0.218 -0.141 0.966
-0.551 -24.913 7.519 -0.3 -0.578 0.759
-0.542 -25.012 7.454 -0.306 -0.513 0.802
-0.873 -25.092 7.117 -0.674 -0.602 0.428
-0.96 -25.013 7.103 -0.616 -0.655 0.438
-1.32 -24.714 6.341 -0.893 -0.425 -0.15
-0.484 -26.795 6.057 -0.895 -0.187 0.404
-0.565 -27.492 5.966 -0.841 0.277 0.465
-0.821 -26.081 5.512 -0.811 -0.571 -0.132
-0.566 -26.741 5.531 -0.981 -0.131 -0.145
-0.638 -27.444 5.502 -0.933 0.338 -0.125
-1.021 -28.034 5.431 -0.677 0.731 -0.078
-0.338 -26.768 5.047 -0.744 -0.159 -0.649
-0.437 -27.468 5.074 -0.678 0.308 -0.668
-0.296 -26.851 5.013 -0.772 -0.104 -0.627
-0.42 -27.624 4.967 -0.69 0.412 -0.596
-0.127 -26.868 4.851 -0.611 -0.12 -0.783
-0.251 -27.641 4.804 -0.528 0.395 -0.752
0.159 -26.643 4.477 -0.801 -0.27 -0.534
0.342 -27.218 4.226 -0.924 0.113 -0.366
0.263 -27.76 3.871 -0.871 0.475 -0.129
0.168 -26.632 4.459 -0.79 -0.257 -0.556
0.349 -27.21 4.213 -0.911 0.128 -0.392
0.27 -27.751 3.855 -0.859 0.489 -0.153
-0.28 -25.473 4.179 -0.54 -0.266 -0.798
0.135 -25.649 3.818 -0.817 -0.149 -0.558
-0.58 -24.868 4.33 -0.69 0.036 -0.723
-0.726 -24.275 4.327 -0.592 -0.36 -0.721
1.472 -24.673 2.452 -0.888 -0.229 -0.399
1.293 -23.591 2.318 -0.37 -0.226 -0.901
1.742 -24.182 2.052 -0.669 0.169 -0.724
1.913 -24.704 1.486 -0.783 0.516 -0.346
2.293 -23.801 1.896 -0.222 0.478 -0.85
1.53 -22.624 2.254 -0.252 0.258 -0.933
1.902 -22.295 2.153 -0.5 0.038 -0.865
1.257 -22.099 2.598 -0.389 0.52 -0.761
1.671 -21.852 2.443 -0.665 0.355 -0.658
1.241 -21.621 3.087 -0.396 0.759 -0.516
1.658 -21.447 2.856 -0.674 0.643 -0.363
1.485 -21.28 3.627 -0.274 0.93 -0.246
1.864 -21.159 3.313 -0.527 0.849 -0.037
1.943 -21.141 4.116 -0.046 0.999 -0.002
2.251 -21.042 3.726 -0.251 0.933 0.258
2.527 -21.231 4.461 0.246 0.954 0.171
2.744 -21.118 4.017 0.102 0.879 0.466
3.126 -21.532 4.596 0.546 0.803 0.238
3.25 -21.372 4.131 0.463 0.697 0.548
3.626 -21.988 4.495 0.796 0.576 0.187
3.673 -21.757 4.046 0.765 0.422 0.487
4.189 -22.907 3.851 0.778 0.578 0.246
4.211 -23.022 3.996 0.795 0.492 0.356
4.196 -23.457 4.658 0.777 0.569 0.271
4.694 -23.908 4.739 0.445 0.869 0.216
3.678 -23.039 5.254 0.822 0.05 0.567
4.006 -23.609 5.098 0.604 0.43 0.671
4.518 -24.048 5.146 0.262 0.723 0.639
5.11 -24.267 5.389 -0.132 0.869 0.477
3.73 -23.922 5.376 0.351 0.144 0.925
4.262 -24.338 5.404 -0.004 0.421 0.907
2.677 -21.877 5.532 0.322 0.631 0.706
2.176 -21.763 5.823 0.656 0.554 0.512
2.479 -21.436 5.07 0.223 0.851 0.475
1.992 -21.353 5.393 0.548 0.795 0.26
2.143 -21.188 4.548 0.055 0.975 0.214
1.679 -21.122 4.908 0.364 0.931 -0.026
1.715 -21.166 4.035 -0.16 0.986 -0.042
1.281 -21.102 4.431 0.129 0.943 -0.306
1.251 -21.374 3.601 -0.392 0.883 -0.26
0.85 -21.294 4.027 -0.124 0.83 -0.544
0.813 -21.782 3.302 -0.61 0.678 -0.409
0.443 -21.674 3.75 -0.364 0.606 -0.707
0.461 -22.337 3.18 -0.786 0.401 -0.47
0.116 -22.19 3.636 -0.556 0.303 -0.774
1.76 -21.867 6.256 0.411 0.493 0.767
1.555 -22.168 6.704 0.548 0.693 0.468
1.908 -23.61 7.145 0.725 -0.027 0.689
2.054 -24.204 7.149 0.627 0.368 0.686
1.396 -23.734 7.526 0.468 -0.089 0.879
1.542 -24.327 7.529 0.371 0.306 0.877
2.426 -24.715 6.919 0.813 0.112 0.572
2.841 -24.892 6.558 0.536 0.23 0.812
2.277 -25.354 7.06 0.738 -0.207 0.642
2.692 -25.53 6.699 0.462 -0.089 0.883
2.081 -26.739 6.688 0.532 0.012 0.847
1.38 -26.197 7.219 0.29 -0.628 0.722
1.643 -26.912 6.829 0.115 -0.152 0.982
1.961 -27.701 6.919 -0.097 0.374 0.922
1.194 -27.091 6.737 -0.311 -0.322 0.894
0.892 -26.828 6.788 -0.11 -0.498 0.86
1.228 -27.341 6.684 -0.334 -0.156 0.93
0.881 -26.834 6.783 -0.125 -0.506 0.853
1.217 -27.347 6.679 -0.349 -0.164 0.923
0.392 -27.09 6.683 0.202 -0.336 0.92
0.351 -27.862 6.628 0.229 0.179 0.957
-0.094 -26.39 7.05 -0.386 -0.71 0.589
-0.025 -27.047 6.644 -0.432 -0.272 0.86
-0.13 -27.814 6.582 -0.362 0.239 0.901
-0.38 -28.484 6.883 -0.195 0.686 0.701
-0.327 -26.966 6.362 -0.89 -0.148 0.432
-0.477 -27.72 6.257 -0.789 0.354 0.501
-0.363 -26.877 6.325 -0.865 -0.207 0.456
-0.479 -27.552 6.161 -0.789 0.242 0.565
-0.411 -26.845 6.225 -0.944 -0.154 0.292
-0.526 -27.519 6.062 -0.867 0.296 0.401
-0.546 -28.597 3.794 -0.701 0.627 -0.339
-0.274 -28.298 3.986 -0.513 0.833 -0.206
-0.798 -28.827 3.773 -0.534 0.781 -0.325
-0.842 -28.912 3.666 -0.57 0.713 -0.409
-0.939 -29.011 3.612 -0.505 0.778 -0.373
-0.973 -29.359 3.288 -0.544 0.37 -0.753
-0.3 -28.974 2.1 -0.993 0.113 0.039
-0.17 -28.391 2.795 -0.727 0.587 -0.356
-0.075 -28.421 2.144 -0.791 0.607 0.078
-0.207 -28.276 1.516 -0.702 0.51 0.497
0.405 -28.063 2.162 -0.364 0.927 0.095
0.673 -27.498 3.262 -0.538 0.553 -0.636
0.784 -26.819 3.484 -0.612 0.1 -0.785
0.348 -27.627 3.746 -0.91 0.406 -0.081
0.43 -26.958 4.011 -0.965 -0.04 -0.258
0.98 -26.637 3.311 -0.743 -0.021 -0.669
1.087 -27.175 3.016 -0.814 0.338 -0.472
0.983 -27.626 2.599 -0.745 0.638 -0.194
0.985 -26.633 3.306 -0.738 -0.017 -0.674
1.091 -27.172 3.012 -0.809 0.342 -0.478
0.988 -27.622 2.594 -0.74 0.642 -0.2
1.039 -26.587 3.241 -0.774 -0.048 -0.631
1.186 -27.087 2.889 -0.873 0.286 -0.396
1.103 -27.513 2.433 -0.817 0.569 -0.092
0.804 -27.788 1.952 -0.618 0.753 0.228
1.122 -26.519 3.161 -0.613 0.083 -0.786
1.209 -27.069 2.867 -0.671 0.449 -0.59
1.119 -27.5 2.417 -0.611 0.737 -0.29
0.868 -27.736 1.891 -0.444 0.894 0.061
1.422 -26.269 2.847 -0.813 -0.084 -0.576
1.665 -26.621 2.229 -0.975 0.151 -0.164
1.436 -26.216 2.822 -0.801 -0.037 -0.598
1.679 -26.568 2.204 -0.962 0.198 -0.186
1.439 -25.793 2.681 -0.803 -0.319 -0.504
1.396 -25.222 2.648 -0.837 0.136 -0.53
1.719 -26.346 1.718 -0.989 0.05 0.138
1.751 -25.559 1.371 -0.899 -0.094 -0.429
1.801 -26.065 1.13 -0.932 0.243 -0.268
1.655 -26.52 0.833 -0.835 0.547 -0.07
2.168 -25.796 0.656 -0.679 0.429 -0.595
2.569 -24.749 0.828 -0.314 0.484 -0.816
2.914 -25.016 0.375 -0.544 0.663 -0.515
3.999 -23.828 1.563 0.244 0.536 -0.808
4.209 -24.446 0.802 0.104 0.948 -0.301
5.212 -24.342 1.769 0.166 0.751 -0.64
5.339 -24.214 2.004 0.263 0.848 -0.46
3.741 -22.878 2.282 0.525 0.453 -0.721
3.403 -23.576 1.685 -0.055 0.663 -0.747
3.161 -23.062 1.977 0.106 0.32 -0.941
2.949 -22.461 2.012 0.248 -0.081 -0.965
2.521 -23.292 2.004 -0.356 0.154 -0.922
3.831 -22.814 2.378 0.465 0.41 -0.785
3.922 -22.071 2.988 0.943 0.198 -0.269
4.166 -22.638 2.951 0.78 0.576 -0.244
4.608 -23.059 2.852 0.485 0.856 -0.178
4.174 -22.748 3.628 0.788 0.472 0.395
5.329 -24.136 2.127 0.27 0.796 -0.542
5.605 -24.133 2.774 0.575 0.799 0.174
5.546 -24.037 3.465 0.615 0.735 -0.286
5.304 -23.898 3.962 0.332 0.896 0.294
5.322 -23.942 4.097 0.32 0.925 0.203
5.244 -23.964 4.257 0.257 0.908 0.332
5.048 -23.934 4.382 0.387 0.888 0.249
4.917 -23.935 4.534 0.297 0.887 0.353
5.937 -24.466 5.439 0.458 0.726 0.513
6.284 -24.415 5.179 0.226 0.692 0.686
6.994 -25.544 5.297 0.28 0.315 0.907
6.926 -25.877 5.36 0.203 -0.059 0.977
6.733 -25.884 5.413 0.332 -0.054 0.942
7.322 -26.066 5.332 -0.061 0.067 0.996
6.69 -26.016 5.411 0.292 -0.18 0.939
7.276 -26.208 5.329 -0.099 -0.052 0.994
6.638 -26.119 5.412 0.327 -0.111 0.939
7.177 -26.395 5.325 -0.033 0.073 0.997
7.709 -26.654 5.487 -0.387 0.245 0.889
6.51 -26.37 5.371 0.16 -0.438 0.885
7.062 -26.622 5.288 -0.208 -0.27 0.94
7.563 -26.941 5.44 -0.541 -0.058 0.839
6.409 -26.592 5.303 0.227 -0.29 0.93
6.888 -27.04 5.204 -0.091 0.009 0.996
7.339 -27.486 5.397 -0.392 0.306 0.867
6.22 -26.801 5.188 -0.138 -0.693 0.708
6.757 -27.184 5.125 -0.496 -0.438 0.75
7.149 -27.695 5.281 -0.758 -0.097 0.645
5.166 -26.4 5.771 -0.092 -0.655 0.75
4.766 -26.787 5.545 0.175 -0.397 0.901
3.907 -25.891 5.854 0.182 -0.404 0.897
4.788 -25.269 6.008 -0.362 0.153 0.919
3.935 -25.256 5.936 0.206 0.145 0.968
3.183 -25.173 6.336 0.708 0.09 0.701
3.94 -24.676 5.664 0.211 0.647 0.733
3.664 -26.106 5.844 0.343 -0.26 0.903
3.614 -26.255 5.812 0.313 -0.349 0.883
3.076 -26.939 6.037 0.671 0.107 0.733
2.989 -26.955 6.112 0.601 0.094 0.794
2.81 -26.879 6.263 0.72 0.043 0.692
2.359 -26.837 6.556 0.346 0.078 0.935
2.886 -28.497 7.001 0.632 0.561 0.534
2.286 -28.448 7.245 0.001 0.612 0.791
2.164 -28.388 7.207 0.082 0.572 0.816
1.417 -28.422 7.036 -0.477 0.546 0.688
0.959 -28.302 6.767 -0.172 0.466 0.868
0.956 -28.298 6.765 -0.175 0.469 0.865
-0.399 -29.319 7.363 -0.205 0.269 0.941
-0.018 -29.683 7.685 -0.459 0.511 0.727
-1.068 -29.226 7.042 -0.54 0.315 0.781
-1.629 -29.516 6.946 -0.166 0.509 0.845
-1.247 -28.71 6.532 -0.629 0.573 0.525
-1.808 -29 6.435 -0.255 0.766 0.59
-0.742 -31.432 7.191 -0.313 -0.059 0.948
-0.312 -31.782 7.441 -0.6 0.175 0.781
-0.907 -31.72 7.073 -0.429 -0.26 0.865
-0.477 -32.07 7.323 -0.716 -0.027 0.698
-0.775 -31.883 7.107 -0.517 -0.152 0.842
-0.929 -32.255 6.811 -0.656 -0.488 0.576
-2.218 -32.253 6.403 0.203 -0.489 0.848
-2.655 -31.763 6.585 -0.124 -0.122 0.985
-1.543 -30.676 7.236 -0.122 -0.071 0.99
-1.798 -30.595 7.234 0.048 -0.125 0.991
-1.667 -29.708 7.04 -0.184 0.412 0.892
-1.895 -29.843 7.082 -0.032 0.502 0.864
-3.177 -29.65 6.339 -0.064 0.717 0.694
-3.277 -29.352 5.672 -0.154 0.983 0.097
-3.212 -29.75 6.45 -0.041 0.783 0.62
-3.242 -30.075 6.7 -0.076 0.401 0.913
-3.347 -30.165 6.738 -0.006 0.461 0.887
-4.11 -30.753 7.135 0.578 0.077 0.812
-3.301 -30.642 6.855 0.038 0.004 0.999
-2.473 -30.53 7.071 -0.514 -0.071 0.855
-3.218 -31.114 6.736 0.118 -0.449 0.886
-4.351 -31.113 7.277 0.457 -0.103 0.883
-4.691 -31.936 7.736 0.684 0.446 0.577
-3.899 -32.249 6.91 0.559 0.292 0.776
-3.832 -32.671 6.932 0.609 -0.023 0.793
-5.052 -33.119 8.542 0.804 0.329 0.496
-5.742 -32.627 8.772 0.306 0.684 0.662
-4.986 -33.248 8.535 0.76 0.415 0.5
-4.874 -33.97 8.906 0.987 0.16 -0.001
-4.797 -33.709 8.376 0.936 -0.014 0.353
-4.498 -33.452 7.929 0.736 -0.186 0.651
-4.923 -34.488 8.598 0.952 -0.21 -0.221
-4.839 -34.157 8.109 0.897 -0.43 0.105
-4.543 -33.928 7.645 0.699 -0.583 0.414
-5.102 -34.486 7.798 0.652 -0.735 -0.184
-5.185 -34.543 7.694 0.708 -0.697 -0.115
-5.241 -34.59 7.661 0.667 -0.732 -0.139
-3.871 -32.807 6.967 0.635 0.068 0.77
-3.957 -33.585 6.568 0.543 -0.767 0.342
-4.321 -34.172 6.342 0.785 -0.376 0.492
-4.428 -34.304 6.374 0.65 -0.542 0.532
-3.653 -34.03 5.859 0.34 -0.471 0.814
-3.635 -34.036 5.848 0.357 -0.477 0.803
-3.193 -34.52 5.573 0.063 -0.154 0.986
-3.841 -35.274 5.416 0.551 -0.628 0.549
-3.16 -35.096 5.254 0.097 -0.747 0.658
-2.445 -35.177 5.321 -0.379 -0.693 0.613
-3.886 -35.55 4.725 0.513 -0.858 -0.026
-3.2 -35.34 4.643 0.056 -0.998 0.029
-2.494 -35.477 4.57 -0.414 -0.907 0.077
-3.993 -35.323 4.024 0.424 -0.669 -0.611
-3.295 -35.139 4.022 -0.042 -0.791 -0.61
-2.611 -35.23 3.808 -0.498 -0.731 -0.467
-3.401 -34.586 3.679 -0.151 -0.223 -0.963
-3.546 -34.239 3.568 -0.055 -0.454 -0.889
-3.604 -34.171 3.541 -0.107 -0.393 -0.913
-3.821 -34.076 3.505 0.038 -0.455 -0.889
-3.457 -33.659 3.142 -0.205 -0.734 -0.648
-4.016 -33.938 3.471 -0.231 -0.266 -0.936
-3.66 -33.515 3.107 -0.468 -0.548 -0.693
-4.493 -33.883 3.491 0.087 -0.302 -0.949
-4.581 -33.892 3.489 0.021 -0.309 -0.951
-3.943 -33.212 2.967 -0.279 -0.75 -0.6
-4.144 -32.768 2.696 -0.426 -0.424 -0.799
-4.121 -32.651 2.613 -0.441 -0.502 -0.744
-4.697 -31.929 2.604 -0.041 0.061 -0.997
-4.111 -32.001 2.452 -0.432 0.109 -0.895
-3.632 -32.045 2.077 -0.751 0.138 -0.646
-3.95 -31.393 2.683 -0.28 0.68 -0.678
-4.858 -30.772 3.027 0.325 0.266 -0.907
-5.463 -31.152 2.924 -0.147 -0.031 -0.989
-4.545 -30.698 3.12 0.116 0.217 -0.969
-3.938 -31.116 2.895 -0.288 0.495 -0.819
-4.359 -30.501 3.237 0.323 0.437 -0.839
-3.768 -30.936 3.002 -0.071 0.727 -0.683
-5.482 -28.964 2.741 0.487 -0.285 -0.826
-5.482 -28.388 2.344 0.487 -0.669 -0.562
-5.694 -29.014 2.663 0.285 -0.332 -0.899
-5.677 -28.434 2.273 0.274 -0.719 -0.639
-5.389 -28.325 2.343 0.425 -0.711 -0.56
-5.334 -28.822 2.761 0.389 -0.38 -0.839
-4.796 -27.662 2.152 0.757 -0.645 0.101
-5.012 -28.062 2.62 0.901 -0.379 -0.211
-4.972 -28.57 3.027 0.875 -0.04 -0.483
-4.685 -29.089 3.298 0.683 0.305 -0.663
-4.976 -27.732 3.041 0.946 0.038 0.322
-4.938 -28.253 3.432 0.921 0.385 0.061
-4.634 -26.633 2.682 0.873 0.09 0.479
-4.816 -26.484 3.24 0.994 -0.009 0.107
-5.029 -27.955 3.585 0.982 0.187 -0.041
-5.072 -27.877 3.856 0.941 0.261 0.214
-4.469 -30.148 3.321 0.396 0.202 -0.896
-4.053 -30.614 3.253 0.119 0.513 -0.85
-3.605 -30.945 2.961 -0.179 0.734 -0.656
-4.342 -30.061 3.437 0.646 0.372 -0.667
-3.956 -30.548 3.342 0.388 0.697 -0.603
-3.468 -30.852 3.087 0.063 0.899 -0.433
-3.954 -29.647 3.813 0.387 0.096 -0.917
-3.195 -29.779 3.901 -0.119 0.184 -0.976
-3.932 -29.265 4.199 0.433 0.895 -0.111
-3.173 -29.397 4.286 -0.073 0.983 -0.169
-4.104 -29.156 4.269 0.547 0.822 -0.158
-3.559 -29.341 4.434 0.184 0.946 -0.268
-2.971 -29.301 4.536 -0.208 0.919 -0.336
-4.113 -29.142 4.317 0.533 0.841 -0.089
-3.568 -29.329 4.478 0.17 0.966 -0.197
-2.983 -29.285 4.593 -0.221 0.936 -0.274
-2.627 -30.507 3.264 -0.498 0.67 -0.551
-2.04 -30.57 3.043 0.13 0.602 -0.788
-1.119 -29.751 3.172 -0.483 0.056 -0.874
-0.603 -29.572 2.698 -0.828 -0.064 -0.558
-0.375 -29.415 2.03 -0.979 -0.168 -0.112
-1.111 -29.625 3.216 -0.452 0.547 -0.704
-0.6 -29.532 2.712 -0.793 0.485 -0.369
-0.366 -29.27 2.08 -0.949 0.311 0.053
0.9 -30.67 0.878 -0.545 -0.713 -0.441
1.652 -30.361 0.381 0.136 -0.434 -0.891
2.185 -29.253 -0.082 0.19 -0.663 -0.724
1.371 -29.151 -0.437 0.425 -0.116 -0.898
1.968 -28.818 -0.372 0.028 -0.338 -0.941
2.573 -28.591 -0.602 -0.376 -0.489 -0.787
1.703 -28.321 -0.431 -0.17 0.033 -0.985
1.606 -28.209 -0.418 -0.105 -0.041 -0.994
0.749 -28.196 -0.334 -0.02 0.566 -0.824
1.311 -27.836 -0.281 -0.395 0.326 -0.859
1.756 -27.378 -0.486 -0.691 0.02 -0.723
0.527 -27.831 0.074 -0.178 0.827 -0.533
1.126 -27.53 0.06 -0.577 0.627 -0.523
1.552 -27.041 -0.11 -0.861 0.301 -0.41
1.093 -27.364 0.525 -0.61 0.79 -0.066
1.104 -27.334 0.67 -0.617 0.77 -0.163
1.115 -27.436 1.405 -0.609 0.694 0.385
2.223 -26.274 -0.025 -0.551 0.669 -0.499
2.057 -26.454 -0.132 -0.44 0.79 -0.428
2.638 -26.959 -0.789 -0.343 0.327 -0.881
2.38 -26.987 -0.726 -0.171 0.346 -0.923
2.472 -29.428 0.088 -0.001 -0.546 -0.838
2.734 -29.591 0.237 0.159 -0.646 -0.747
2.834 -29.877 0.445 0.093 -0.455 -0.885
3.398 -29.978 0.762 0.572 -0.541 -0.616
4.189 -29.672 0.836 0.045 -0.745 -0.665
4.534 -30.131 1.157 -0.185 -0.44 -0.879
4.243 -29.647 0.814 0.086 -0.726 -0.682
4.588 -30.105 1.134 -0.144 -0.421 -0.896
3.746 -28.742 -0.624 0.211 -0.565 -0.798
3.997 -28.794 -0.551 0.043 -0.531 -0.847
5.066 -27.731 -0.397 0.209 -0.234 -0.95
5.69 -27.643 -0.421 -0.207 -0.292 -0.934
5.005 -27.173 -0.408 0.157 0.237 -0.959
5.633 -27.125 -0.432 -0.261 0.205 -0.943
3.142 -26.457 -0.65 -0.091 0.578 -0.811
3.433 -25.912 -0.464 -0.285 0.215 -0.934
2.544 -26.263 -0.28 -0.39 0.675 -0.626
2.834 -25.718 -0.095 -0.584 0.312 -0.749
4.045 -25.068 -0.137 0.021 0.637 -0.771
4.27 -25.166 -0.243 -0.129 0.702 -0.7
5.887 -25.178 0.618 0.047 0.819 -0.572
5.886 -25.137 0.681 0.047 0.848 -0.527
5.58 -24.941 0.864 0.251 0.718 -0.649
5.336 -24.623 1.315 0.083 0.938 -0.338
6.852 -24.647 0.978 -0.424 0.707 -0.567
6.493 -24.326 1.902 0.193 0.967 -0.166
7.094 -24.343 1.629 -0.207 0.978 0.016
7.634 -24.076 1.361 -0.568 0.8 0.194
7.443 -24.542 2.273 0.105 0.8 0.591
7.482 -24.829 3.001 0.079 0.991 0.106
7.464 -24.831 3.028 0.064 0.99 0.127
6.712 -24.583 3.258 0.565 0.824 -0.026
6.26 -24.413 3.182 0.138 0.986 -0.098
7.367 -24.75 3.713 0.129 0.936 -0.329
6.847 -24.396 4.507 0.695 0.708 0.126
7.51 -24.744 4.354 0.253 0.94 0.228
8.271 -24.727 4.29 -0.254 0.929 0.271
7.476 -25.072 4.923 0.224 0.656 0.721
7.348 -25.071 4.97 0.309 0.655 0.689
7.194 -25.452 5.223 0.147 0.254 0.956
8.128 -24.668 2.697 -0.352 0.884 0.308
9.006 -24.624 2.604 0.319 0.918 0.237
10.708 -25.731 4.463 0.493 0.87 -0.014
11.246 -25.875 4.777 0.134 0.966 -0.223
11.821 -25.755 5.03 -0.249 0.886 -0.392
10.418 -25.79 5.03 0.207 0.813 0.545
10.999 -25.924 5.26 -0.18 0.902 0.392
11.53 -25.813 5.597 -0.535 0.828 0.167
8.741 -25.731 5.558 -0.02 0.426 0.904
9.048 -26.168 5.925 -0.224 0.717 0.66
8.257 -26.036 5.6 -0.261 0.274 0.926
8.564 -26.473 5.967 -0.466 0.565 0.681
9.37 -26.734 6.403 -0.064 0.435 0.898
9.621 -26.642 6.402 -0.231 0.373 0.899
10.755 -27.302 6.445 -0.133 -0.021 0.991
11.368 -27.162 6.682 -0.541 -0.115 0.833
10.924 -27.839 6.327 -0.003 -0.435 0.9
11.537 -27.698 6.565 -0.412 -0.529 0.742
8.603 -27.66 6.394 -0.447 -0.029 0.894
8.246 -28.169 6.344 -0.209 0.31 0.927
8.241 -28.894 6.382 -0.213 -0.208 0.955
8.344 -29.493 6.404 -0.282 0.191 0.94
7.309 -29.351 5.827 -0.374 0.032 0.927
6.851 -29.753 5.79 -0.068 0.3 0.951
6.375 -30.08 5.99 0.249 0.518 0.818
5.962 -30.278 6.393 0.524 0.651 0.549
7.187 -29.244 5.712 -0.73 0.344 0.591
6.835 -29.739 5.775 -0.495 0.674 0.549
6.359 -30.066 5.975 -0.178 0.892 0.416
5.84 -30.172 6.278 0.169 0.962 0.214
6.943 -28.992 5.391 -0.567 0.176 0.805
6.867 -28.649 5.188 -0.623 0.428 0.655
6.997 -27.928 5.116 -0.709 -0.053 0.703
6.499 -27.557 4.855 -0.377 -0.3 0.876
5.886 -27.276 4.861 0.031 -0.487 0.873
7.02 -27.881 5.138 -0.671 0.027 0.741
6.517 -27.518 4.874 -0.336 -0.215 0.917
5.913 -27.221 4.887 0.067 -0.413 0.908
5.552 -27.689 4.754 0.254 -0.212 0.944
5.908 -28.307 4.7 0.017 0.2 0.98
5.315 -27.825 4.754 0.058 -0.325 0.944
5.671 -28.443 4.7 -0.18 0.087 0.98
4.31 -27.781 5.289 0.728 -0.354 0.587
4.691 -26.874 5.517 0.137 -0.441 0.887
4.087 -27.438 5.588 0.54 -0.065 0.839
3.731 -28.032 6.044 0.777 0.331 0.535
3.728 -27.104 5.716 0.237 0.216 0.947
4.273 -28.693 5.258 0.752 0.253 0.608
4.763 -28.915 4.954 0.426 0.401 0.811
5.361 -29.034 4.856 0.027 0.481 0.876
4.266 -28.748 5.286 0.743 0.181 0.645
4.756 -28.964 4.979 0.416 0.325 0.849
5.353 -29.097 4.887 0.018 0.413 0.91
4.068 -29.136 5.948 0.875 0.44 0.203
4.445 -29.649 6.203 0.623 0.781 0.033
3.86 -29.117 6.295 0.613 0.464 0.64
4.237 -29.63 6.55 0.361 0.805 0.47
3.418 -28.85 6.722 0.822 0.364 0.438
3.084 -28.585 6.895 0.5 0.62 0.604
4.022 -29.736 7.128 0.489 0.848 0.204
3.936 -30.085 7.683 0.4 0.49 0.774
3.748 -30.164 7.863 0.526 0.543 0.655
3.267 -30.518 8.246 0.154 0.27 0.951
2.332 -29.458 8.274 -0.133 0.378 0.916
2.085 -29.558 8.305 0.032 0.445 0.895
1.612 -30.777 8.444 -0.205 -0.165 0.965
1.408 -31.806 8.615 -0.069 0.521 0.851
1.032 -29.877 8.156 -0.495 0.285 0.821
0.462 -29.94 7.981 -0.116 0.328 0.938
0.66 -31.204 8.097 -0.271 0.216 0.938
-0.049 -31.514 7.666 -0.776 -0.004 0.631
1.694 -32.83 8.907 0.074 0.009 0.997
1.837 -33.376 9.012 -0.021 0.373 0.928
1.11 -32.992 8.86 -0.218 -0.073 0.973
1.253 -33.538 8.964 -0.313 0.291 0.904
0.577 -33.175 8.632 -0.484 -0.164 0.86
0.72 -33.721 8.736 -0.579 0.2 0.79
0.146 -33.362 8.246 -0.7 -0.257 0.667
0.289 -33.908 8.35 -0.795 0.107 0.597
-0.142 -33.534 7.739 -0.843 -0.343 0.413
0.001 -34.08 7.843 -0.939 0.021 0.344
-0.534 -33.744 6.459 -0.718 -0.368 0.591
-1.084 -33.953 5.983 -0.352 -0.228 0.908
-0.583 -33.623 6.46 -0.77 -0.237 0.592
-1.129 -33.842 5.984 -0.407 -0.09 0.909
-0.668 -33.31 6.536 -0.714 -0.445 0.541
-1.26 -33.287 6.105 -0.319 -0.46 0.828
-0.715 -33.087 6.611 -0.756 -0.243 0.608
-1.306 -33.068 6.178 -0.362 -0.255 0.897
-0.806 -32.939 6.573 -0.695 -0.341 0.633
-1.366 -32.992 6.179 -0.322 -0.306 0.896
-0.816 -32.899 6.582 -0.707 -0.29 0.645
-1.377 -32.948 6.189 -0.333 -0.258 0.907
-0.839 -32.739 6.645 -0.692 -0.397 0.603
-1.411 -32.657 6.294 -0.31 -0.452 0.836
-2.078 -32.712 6.199 0.134 -0.415 0.9
-0.847 -32.667 6.67 -0.711 -0.213 0.67
-1.416 -32.613 6.31 -0.332 -0.249 0.91
-2.086 -32.634 6.227 0.115 -0.235 0.965
-2.488 -33.663 5.932 0.184 -0.282 0.942
-2.868 -33.948 5.807 -0.154 -0.536 0.83
-1.168 -34.223 5.914 -0.295 -0.049 0.954
-0.64 -34.208 6.205 -0.647 -0.059 0.76
-0.269 -34.208 6.681 -0.895 -0.059 0.443
-1.104 -34.56 5.834 -0.215 -0.474 0.854
-0.582 -34.515 6.133 -0.563 -0.504 0.655
-0.197 -34.591 6.59 -0.82 -0.453 0.35
-1.051 -34.619 5.818 -0.25 -0.435 0.865
-0.492 -34.635 6.129 -0.623 -0.424 0.658
-0.103 -34.768 6.62 -0.882 -0.335 0.33
-0.837 -34.887 5.524 0.15 -0.936 0.317
-0.347 -34.817 5.931 -0.176 -0.983 0.046
0.094 -35.015 6.35 -0.47 -0.851 -0.233
-0.823 -34.913 5.449 0.141 -0.919 0.367
-0.326 -34.835 5.782 -0.19 -0.971 0.145
0.125 -34.994 6.151 -0.49 -0.866 -0.101
-0.786 -35.035 4.496 0.806 -0.591 0.024
-0.465 -34.785 4.941 0.592 -0.758 -0.273
-0.001 -34.719 5.321 0.283 -0.802 -0.526
0.532 -34.848 5.573 -0.072 -0.716 -0.694
1.047 -35.15 5.656 -0.416 -0.515 -0.75
-0.298 -34.229 4.688 0.803 -0.056 -0.593
0.151 -34.213 5.091 0.504 -0.066 -0.861
0.723 -34.214 5.284 0.123 -0.066 -0.99
-0.204 -33.959 4.743 0.741 -0.235 -0.629
0.428 -33.75 5.104 0.32 -0.375 -0.87
-0.232 -33.769 4.679 0.705 0 -0.71
0.396 -33.543 5.034 0.286 -0.151 -0.946
-0.958 -34.14 3.441 0.683 0.048 -0.729
-0.983 -33.478 3.243 0.699 -0.393 -0.597
-1.813 -33.735 2.845 0.394 -0.464 -0.794
-2.701 -33.922 2.997 -0.41 -0.633 -0.656
-1.128 -31.497 2.378 0.529 -0.278 -0.802
-0.566 -31.014 2.352 0.154 -0.601 -0.785
0.053 -30.751 2.039 -0.259 -0.776 -0.575
-1.194 -31.416 2.33 0.346 -0.054 -0.937
-0.6 -30.972 2.327 -0.05 -0.35 -0.935
-0.025 -30.655 1.981 -0.434 -0.561 -0.705
-0.584 -32.223 3.222 0.455 -0.345 -0.821
-0.537 -32.263 3.276 0.588 -0.457 -0.668
0.88 -31.548 2.456 -0.521 -0.795 -0.311
0.922 -31.583 2.504 -0.385 -0.91 -0.153
1.085 -31.714 2.694 -0.494 -0.823 -0.28
1.441 -31.88 2.891 -0.147 -0.985 -0.088
2.353 -32.382 2.642 -0.755 -0.651 0.078
2.364 -32.397 2.606 -0.746 -0.664 0.046
2.259 -32.303 2.493 -0.677 -0.726 0.122
2.045 -32.134 1.634 -0.131 -0.971 -0.198
2.51 -32.386 1.937 -0.441 -0.804 -0.4
2.866 -32.837 2.141 -0.678 -0.503 -0.536
2.543 -31.918 1.168 0.225 -0.817 -0.531
2.938 -32.2 1.536 -0.039 -0.629 -0.776
3.324 -32.638 1.712 -0.296 -0.337 -0.894
3.4 -31.808 1.424 0.394 -0.261 -0.881
3.545 -31.883 1.499 0.297 -0.211 -0.931
3.638 -31.768 1.513 0.38 -0.109 -0.919
3.948 -31.235 1.438 0.173 -0.464 -0.869
3.969 -30.741 1.31 0.192 -0.033 -0.981
5.8 -31.692 1.4 0.108 -0.538 -0.836
5.724 -32.259 1.607 0.159 -0.16 -0.974
6.399 -31.699 1.601 0.408 -0.541 -0.735
6.323 -32.266 1.809 0.458 -0.163 -0.874
6.711 -31.02 1.47 0.564 -0.202 -0.801
7.197 -30.751 1.608 0.24 -0.381 -0.893
6.439 -29.716 1.26 0.354 -0.239 -0.904
6.585 -29.181 1.046 0.257 -0.596 -0.761
6.791 -28.787 0.652 0.119 -0.859 -0.499
6.029 -29.604 1.174 -0.055 -0.128 -0.99
6.254 -29.091 0.976 -0.206 -0.47 -0.858
6.431 -28.689 0.576 -0.323 -0.738 -0.592
5.324 -29.672 1.048 0.414 -0.083 -0.906
4.983 -29.221 0.684 0.642 -0.384 -0.664
4.684 -30.054 1.09 -0.208 -0.455 -0.866
4.414 -29.561 0.721 -0.028 -0.784 -0.62
5.329 -28.518 0.173 0.411 -0.853 -0.323
5.929 -28.367 0.144 0.011 -0.953 -0.303
5.133 -27.923 -0.351 0.164 -0.106 -0.981
5.725 -27.749 -0.401 -0.23 -0.222 -0.948
6.966 -28.854 0.777 0.003 -0.813 -0.582
6.908 -29.372 1.228 0.042 -0.468 -0.883
7.412 -28.791 0.887 0.478 -0.746 -0.463
7.39 -29.304 1.348 0.493 -0.405 -0.77
8.017 -28.588 0.891 0.075 -0.882 -0.466
8.476 -28.993 1.327 -0.231 -0.612 -0.757
8.481 -28.133 0.847 0.831 -0.142 -0.538
8.918 -28.56 1.285 0.54 0.142 -0.83
8.372 -27.332 -0.158 0.925 -0.085 -0.372
8.748 -26.938 0.263 0.674 -0.347 -0.652
8.432 -26.348 -0.139 0.612 -0.129 -0.78
7.653 -25.771 -0.29 -0.091 0.391 -0.916
5.86 -25.995 -0.155 0.176 0.671 -0.72
5.532 -26.674 -0.382 -0.194 -0.096 -0.976
5.946 -25.679 0.083 0.119 0.461 -0.88
5.878 -25.26 0.485 0.053 0.874 -0.483
7.052 -25.209 0.101 -0.268 0.614 -0.742
7.57 -24.758 0.074 -0.614 0.313 -0.725
9.27 -26.033 0.346 0.601 -0.598 -0.531
8.973 -26.65 0.407 0.799 -0.187 -0.572
9.554 -26.343 1.449 0.75 -0.426 -0.507
9.788 -26.738 1.871 0.594 -0.162 -0.788
10.176 -27.176 2.089 0.336 0.13 -0.933
9.577 -26.316 1.462 0.78 -0.389 -0.489
9.808 -26.715 1.882 0.626 -0.124 -0.77
10.202 -27.145 2.103 0.364 0.163 -0.917
9.644 -26.263 1.518 0.736 -0.425 -0.527
9.951 -26.63 1.97 0.531 -0.18 -0.828
10.413 -27.049 2.182 0.223 0.099 -0.97
9.758 -26.034 1.662 0.971 0.044 -0.233
10.023 -26.487 2.059 0.795 0.346 -0.498
10.518 -26.84 2.313 0.465 0.581 -0.667
9.812 -25.891 1.837 0.936 -0.051 -0.35
9.841 -25.656 1.956 0.957 0.129 -0.259
9.85 -25.522 2.026 0.951 0.04 -0.305
9.578 -24.604 1.626 0.821 0.423 0.384
9.667 -24.939 2.273 0.762 0.646 -0.048
10.03 -25.041 2.904 0.52 0.715 -0.468
9.15 -24.657 2.569 0.224 0.939 0.26
10.723 -26.412 2.797 0.549 0.546 -0.633
10.871 -26.325 3.125 0.72 0.646 -0.254
10.847 -26.242 3.241 0.736 0.591 -0.331
10.877 -26.18 3.513 0.759 0.641 -0.113
10.831 -25.894 3.969 0.79 0.45 -0.416
11.343 -26.051 4.396 0.449 0.554 -0.701
11.996 -26.034 4.604 0.014 0.543 -0.84
10.697 -25.707 4.227 0.5 0.854 0.143
11.237 -25.903 4.6 0.14 0.985 -0.105
11.821 -25.791 4.94 -0.249 0.91 -0.332
12.255 -26.279 4.379 -0.159 0.706 -0.69
11.818 -26.535 4.038 0.132 0.877 -0.462
12.269 -26.287 4.368 -0.15 0.7 -0.698
11.832 -26.543 4.027 0.141 0.871 -0.47
12.77 -26.338 4.035 -0.484 0.734 -0.476
13.086 -26.23 3.971 -0.245 0.815 -0.525
14.125 -24.647 5.597 -0.139 0.692 -0.709
14.477 -24.2 5.794 -0.374 0.394 -0.84
14.74 -23.658 5.787 -0.549 0.032 -0.835
13.655 -24.494 6.317 -0.556 0.828 -0.07
14.062 -24.064 6.429 -0.828 0.542 -0.146
14.269 -23.504 6.507 -0.966 0.168 -0.197
12.203 -25.464 7.064 -0.649 0.61 0.455
12.536 -25.268 7.584 -0.871 0.479 0.108
12.051 -26.1 7.402 -0.725 0.292 0.624
12.384 -25.904 7.922 -0.947 0.161 0.277
12.465 -26.904 8.057 -0.902 0.01 0.432
12.557 -27.536 7.922 -0.839 -0.426 0.338
12.61 -27.999 7.724 -0.875 -0.118 0.47
12.732 -28.495 8.126 -0.956 0.213 0.202
12.552 -28.276 7.4 -0.918 -0.324 0.228
12.674 -28.772 7.802 -0.999 0.006 -0.04
11.86 -28.268 6.503 -0.457 -0.329 0.826
11.743 -28.144 6.473 -0.549 -0.232 0.803
11.946 -29.005 6.479 -0.514 0.162 0.843
12.372 -29.175 6.937 -0.798 0.275 0.537
12.574 -29.268 7.547 -0.932 0.337 0.13
11.342 -29.477 6.083 -0.158 -0.473 0.867
11.924 -29.445 6.368 -0.546 -0.494 0.677
12.353 -29.552 6.842 -0.832 -0.422 0.361
12.549 -29.778 7.418 -0.962 -0.272 -0.023
12.475 -30.08 7.987 -0.913 -0.071 -0.403
12.163 -29.741 6.117 -0.191 -0.933 0.304
12.557 -29.805 6.627 -0.454 -0.89 -0.036
12.825 -30.12 7.128 -0.633 -0.68 -0.37
12.285 -30.189 5.488 -0.272 -0.635 0.723
12.195 -30.286 5.345 -0.352 -0.722 0.596
10.905 -30.319 5.486 0.508 -0.7 0.502
10.649 -29.908 5.892 0.236 -0.261 0.936
10.664 -29.77 5.934 0.226 -0.353 0.908
10.439 -29.245 6.055 0.058 0.037 0.998
8.931 -31.231 6.289 0.236 0.029 0.971
8.581 -31.145 6.323 -0.018 0.091 0.996
7.341 -30.238 6.075 -0.126 0.142 0.982
6.741 -30.475 6.177 0.274 0.3 0.914
6.218 -30.626 6.539 0.623 0.401 0.672
7.198 -29.982 5.958 -0.3 0.453 0.84
6.636 -30.287 6.091 0.075 0.657 0.751
6.095 -30.406 6.438 0.435 0.736 0.519
6.471 -30.886 6.525 0.454 0.574 0.681
5.921 -31.139 7.305 0.886 0.086 0.455
6.514 -31.315 6.717 0.491 0.204 0.847
7.345 -31.392 6.541 -0.063 0.255 0.965
6.438 -31.779 6.759 0.426 -0.196 0.883
5.521 -31.255 7.788 0.6 0.003 0.8
5.305 -31.617 8.055 0.744 0.244 0.621
5.074 -30.776 7.921 0.281 0.346 0.895
4.776 -31.05 8.213 0.48 0.528 0.701
6.041 -32.052 6.999 0.69 -0.014 0.724
6.598 -32.021 6.664 0.319 -0.034 0.947
6.042 -32.126 6.994 0.691 -0.069 0.72
6.599 -32.095 6.659 0.319 -0.089 0.943
4.732 -32.408 8.564 0.458 -0.151 0.876
4.817 -33.002 8.554 0.402 0.244 0.882
4.354 -34.025 8.855 0.546 0.221 0.808
4.685 -33.564 8.655 0.325 -0.087 0.942
4.601 -35.006 8.623 0.669 -0.27 0.692
4.632 -35.501 8.523 0.649 0.06 0.759
4.011 -35.184 8.948 0.374 -0.359 0.855
4.134 -35.651 8.798 0.293 -0.047 0.955
3.366 -35.444 8.98 0.051 -0.489 0.871
3.588 -35.871 8.825 -0.097 -0.204 0.974
2.792 -35.733 8.712 -0.235 -0.634 0.737
3.104 -36.116 8.598 -0.443 -0.379 0.812
2.47 -35.616 8.67 -0.396 -0.575 0.716
1.877 -35.468 8.634 -0.001 -0.673 0.739
2.576 -35.114 9.001 -0.344 -0.324 0.881
1.983 -34.966 8.966 0.052 -0.423 0.905
2.709 -34.54 9.158 -0.277 -0.037 0.96
2.116 -34.392 9.123 0.119 -0.135 0.984
2.859 -33.948 9.127 -0.202 0.259 0.945
2.266 -33.801 9.092 0.193 0.16 0.968
1.731 -36.079 7.536 -0.074 -0.979 0.19
2.708 -36.532 7.635 -0.726 -0.677 0.124
1.916 -35.886 6.217 0.018 -0.883 -0.47
2.509 -36.034 6.252 -0.377 -0.784 -0.493
2.053 -35.463 5.684 0.087 -0.671 -0.736
2.646 -35.611 5.719 -0.308 -0.573 -0.76
2.719 -34.412 5.023 -0.165 -0.696 -0.698
3.157 -34.206 4.44 -0.457 -0.834 -0.31
2.429 -34.028 4.914 -0.505 -0.246 -0.827
2.904 -33.871 4.345 -0.822 -0.351 -0.448
2.234 -33.958 4.992 -0.376 -0.293 -0.879
2.619 -33.708 4.609 -0.632 -0.46 -0.624
2.852 -33.567 4.077 -0.788 -0.554 -0.269
2.176 -33.865 4.992 -0.43 -0.205 -0.879
2.569 -33.628 4.609 -0.692 -0.363 -0.623
2.797 -33.478 4.077 -0.845 -0.463 -0.269
2.158 -33.34 4.752 -0.418 -0.555 -0.719
2.625 -33.28 4.178 -0.73 -0.595 -0.336
2.046 -33.105 4.684 -0.524 -0.333 -0.784
2.517 -33.053 4.112 -0.838 -0.367 -0.403
1.293 -32.744 4.736 -0.023 -0.574 -0.819
1.2 -32.341 4.315 0.04 -0.842 -0.538
1.117 -32.752 4.763 -0.173 -0.581 -0.796
1.041 -32.349 4.339 -0.122 -0.85 -0.513
0.434 -33.16 4.932 0.282 -0.309 -0.908
-0.182 -33.14 4.537 0.693 -0.322 -0.644
0.42 -33.222 4.951 0.27 -0.365 -0.891
-0.196 -33.2 4.555 0.681 -0.379 -0.627
-0.231 -32.66 3.941 0.726 -0.642 -0.247
0.299 -32.271 3.9 0.372 -0.902 -0.22
-0.432 -32.396 3.433 0.518 -0.369 -0.772
0.116 -32.031 3.439 0.152 -0.612 -0.776
1.782 -32.207 3.666 -0.348 -0.931 -0.106
2.342 -32.566 3.532 -0.721 -0.692 -0.016
1.768 -32.123 3.411 -0.365 -0.823 -0.435
2.327 -32.474 3.254 -0.738 -0.589 -0.33
3.183 -33.826 2.841 -0.651 -0.718 -0.248
3.303 -34.073 3.07 -0.731 -0.553 -0.4
3.808 -34.039 2.485 -0.284 -0.843 -0.457
3.825 -34.251 2.772 -0.295 -0.702 -0.648
4.551 -34.122 2.538 0.154 -0.892 -0.426
4.447 -34.32 2.816 0.223 -0.759 -0.611
5.166 -33.798 2.424 0.515 -0.701 -0.493
5.711 -33.602 2.487 0.152 -0.831 -0.535
5.061 -33.431 1.992 0.454 -0.486 -0.747
5.598 -33.208 2.022 0.096 -0.634 -0.767
4.864 -32.973 1.704 0.337 -0.216 -0.916
5.385 -32.715 1.713 -0.01 -0.388 -0.922
6.23 -33.534 2.673 0.412 -0.797 -0.441
6.605 -33.711 3.084 0.163 -0.679 -0.716
8.429 -30.985 2.292 0.088 -0.739 -0.668
8.331 -30.27 1.828 0.028 -0.299 -0.954
8.302 -30.132 1.776 0.047 -0.391 -0.919
8.193 -29.771 1.684 -0.043 -0.093 -0.995
9.574 -29.611 1.335 0.126 -0.174 -0.977
9.802 -29.748 1.365 -0.026 -0.083 -0.996
9.216 -28.351 1.46 0.471 0.106 -0.876
8.928 -27.806 1.201 0.663 -0.257 -0.703
9.148 -28.406 1.423 0.387 0.039 -0.921
8.853 -27.866 1.16 0.583 -0.32 -0.746
9.017 -27.765 1.264 0.603 -0.284 -0.745
9.397 -28.287 1.548 0.35 0.064 -0.935
9.217 -27.54 1.406 0.781 -0.083 -0.618
9.602 -28.056 1.693 0.525 0.261 -0.81
9.367 -27.301 1.514 0.682 -0.242 -0.69
9.868 -27.632 1.885 0.348 -0.022 -0.937
9.491 -27.008 1.604 0.792 0.018 -0.61
9.995 -27.333 1.977 0.456 0.234 -0.858
11.132 -28.387 1.967 0.26 -0.005 -0.966
10.807 -28.903 1.735 0.477 0.339 -0.811
12.269 -28.619 2.406 0.123 -0.398 -0.909
12.151 -28.136 2.285 0.036 -0.042 -0.998
12.187 -27.995 2.273 0.013 -0.136 -0.991
11.571 -27.462 2.203 0.4 0.34 -0.851
12.172 -27.478 2.33 -0.001 0.351 -0.936
12.773 -27.406 2.222 -0.402 0.303 -0.864
11.533 -27.005 2.52 0.369 0.721 -0.587
12.137 -27.052 2.626 -0.034 0.752 -0.658
12.733 -26.91 2.567 -0.431 0.657 -0.618
12.09 -26.819 3.089 -0.078 0.972 -0.222
12.04 -26.786 3.221 -0.045 0.95 -0.31
12.074 -26.726 3.49 -0.02 0.993 -0.113
12.329 -28.717 2.452 0.083 -0.332 -0.94
11.771 -29.028 2.365 0.455 -0.125 -0.882
12.401 -28.863 2.526 0.153 -0.475 -0.867
11.848 -29.184 2.445 0.521 -0.26 -0.813
12.45 -29.093 2.635 0.12 -0.321 -0.939
11.948 -29.63 2.561 0.455 0.037 -0.89
12.58 -29.227 2.731 0.307 -0.515 -0.801
12.078 -29.765 2.657 0.641 -0.156 -0.751
13.526 -29.436 2.951 0.044 -0.41 -0.911
14.336 -29.182 3.292 0.778 -0.179 -0.602
14.681 -28.199 3.307 0.96 -0.264 -0.089
14.766 -28.661 3.812 0.904 0.044 -0.426
14.7 -27.461 4.28 0.979 -0.072 -0.19
14.952 -27.237 4.807 0.811 -0.222 -0.541
15.416 -27.071 5.192 0.502 -0.333 -0.798
14.7 -27.449 4.275 0.979 -0.055 -0.197
14.952 -27.226 4.802 0.811 -0.203 -0.549
15.415 -27.056 5.186 0.502 -0.317 -0.805
14.705 -27.345 4.254 0.975 -0.124 -0.183
14.985 -27.04 4.76 0.789 -0.328 -0.521
15.49 -26.828 5.117 0.452 -0.469 -0.759
14.638 -27.083 4.163 0.84 0.4 -0.366
14.942 -26.873 4.701 0.637 0.259 -0.726
15.428 -26.588 5.034 0.313 0.069 -0.947
14.578 -26.923 4.172 0.881 0.293 -0.373
14.482 -26.764 4.111 0.809 0.413 -0.419
14.405 -26.644 4.062 0.86 0.333 -0.387
13.849 -26.548 3.199 0.366 0.915 -0.167
13.893 -26.261 3.851 0.337 0.724 -0.602
14.052 -25.728 4.299 0.231 0.368 -0.901
13.23 -26.195 3.944 -0.341 0.792 -0.507
15.256 -26.101 4.996 0.362 0.052 -0.931
15.173 -25.577 5.182 0.27 0.635 -0.724
15.077 -25.475 5.225 0.334 0.568 -0.752
15.04 -25.403 5.268 0.305 0.626 -0.718
14.688 -25.017 5.325 0.54 0.369 -0.757
14.979 -24.524 5.597 0.345 0.04 -0.938
15.364 -24.02 5.617 0.089 -0.296 -0.951
14.238 -24.774 5.423 -0.214 0.776 -0.593
14.58 -24.308 5.684 -0.443 0.466 -0.766
14.804 -23.717 5.739 -0.592 0.072 -0.803
15.738 -24.395 5.669 -0.161 -0.046 -0.986
15.858 -24.407 5.655 -0.077 -0.054 -0.996
15.959 -24.189 5.616 -0.144 -0.199 -0.969
15.966 -24.823 5.607 -0.15 0.223 -0.963
16.009 -24.189 5.61 -0.099 -0.199 -0.975
16.011 -24.823 5.601 -0.101 0.224 -0.969
16.555 -24.1 5.419 -0.463 -0.258 -0.848
16.592 -24.061 5.388 -0.434 -0.227 -0.872
16.052 -23.456 5.239 -0.073 -0.631 -0.772
15.256 -22.817 5.216 -0.441 -0.19 -0.877
15.37 -22.798 5.148 -0.517 -0.203 -0.832
15.477 -22.781 5.07 -0.589 -0.214 -0.779
15.624 -21.809 5.142 -0.258 0.314 -0.914
15.695 -21.905 5.083 -0.305 0.378 -0.874
15.763 -21.997 5.012 -0.351 0.439 -0.827
16.695 -21.727 5.185 0.278 0.355 -0.893
16.644 -21.833 5.12 0.312 0.425 -0.85
16.596 -21.933 5.045 0.344 0.492 -0.8
17.095 -22.665 5.216 0.606 -0.116 -0.787
17.536 -23.346 5.368 0.312 0.338 -0.888
18.128 -23.136 6.021 0.78 0.504 -0.372
18.16 -21.693 6.435 0.788 -0.266 -0.555
17.96 -21.462 6.159 0.632 -0.086 -0.77
17.856 -21.452 6.063 0.702 -0.093 -0.706
17.495 -21.218 5.781 0.496 0.041 -0.867
17.234 -21.064 5.591 0.669 -0.061 -0.74
17.319 -20.441 5.425 0.613 -0.476 -0.63
17.576 -19.952 5.082 0.442 -0.802 -0.402
16.605 -20.939 5.381 -0.086 0.09 -0.992
16.855 -20.349 5.271 -0.253 -0.304 -0.919
17.033 -19.844 4.902 -0.371 -0.64 -0.673
14.397 -22.081 6.054 -0.871 0.178 -0.458
14.281 -21.464 6.21 -0.793 -0.233 -0.562
14.163 -22.289 6.702 -0.988 0.074 -0.134
14.046 -21.673 6.858 -0.911 -0.337 -0.238
14.154 -22.039 7.776 -0.955 -0.294 -0.034
14.211 -22.18 7.951 -0.916 -0.391 0.087
14.149 -23.327 7.308 -0.96 0.262 0.101
13.881 -23.868 7.392 -0.781 0.622 0.045
14.197 -23.464 6.768 -0.918 0.142 -0.371
13.925 -23.991 6.907 -0.736 0.493 -0.464
13.988 -23.717 7.414 -0.852 0.522 0.03
14.096 -23.744 7.794 -0.722 0.49 0.488
14.112 -23.834 7.927 -0.733 0.55 0.4
14.416 -23.19 8.031 -0.936 0.12 0.331
14.397 -22.504 8.249 -0.923 -0.337 0.185
14.235 -23.895 8.062 -0.27 0.32 0.908
14.459 -23.211 8.077 -0.42 -0.136 0.897
14.538 -22.574 8.403 -0.472 -0.561 0.68
14.387 -23.889 8.114 -0.371 0.316 0.873
14.408 -23.9 8.127 -0.346 0.302 0.888
13.165 -24.689 8.121 -0.686 0.518 0.51
13.054 -24.904 8.235 -0.612 0.661 0.434
14.488 -24.005 8.202 -0.4 0.372 0.838
14.505 -24.01 8.212 -0.384 0.367 0.847
14.46 -24.207 8.296 -0.354 0.498 0.792
14.743 -23.63 8.235 -0.543 0.113 0.832
14.787 -24.351 8.46 -0.112 0.392 0.913
15.071 -23.774 8.4 -0.301 0.007 0.954
14.093 -25.364 9.162 -0.093 0.431 0.898
14.495 -25.959 9.862 -0.361 0.827 0.431
12.843 -25.96 8.735 -0.717 0.133 0.684
12.92 -26.46 9.103 -0.769 0.466 0.438
13.27 -26.814 9.649 -0.519 0.213 0.828
13.659 -26.974 10.08 -0.779 0.32 0.54
13.16 -28.143 9.53 -0.721 0.185 0.668
12.775 -27.558 9.009 -0.872 -0.318 0.371
12.87 -28.224 9.072 -0.936 0.125 0.329
12.68 -28.851 9.235 -0.81 0.544 0.221
12.79 -28.29 8.534 -0.995 0.076 -0.069
12.6 -29.719 9.824 -0.85 0.109 0.516
12.523 -30.253 10.024 -0.798 0.465 0.383
12.349 -29.905 9.23 -0.976 0.016 0.219
12.271 -30.439 9.43 -0.924 0.372 0.085
12.319 -30.137 8.6 -0.99 -0.099 -0.096
12.242 -30.67 8.8 -0.939 0.256 -0.229
12.516 -30.387 8.009 -0.892 -0.224 -0.392
12.439 -30.92 8.208 -0.841 0.131 -0.525
13.182 -30.459 6.856 -0.87 -0.455 -0.189
13.132 -30.457 6.119 -0.837 -0.456 0.303
13.182 -30.458 6.856 -0.87 -0.455 -0.189
13.132 -30.457 6.119 -0.837 -0.456 0.303
13.172 -30.64 6.007 -0.864 -0.334 0.378
13.324 -30.751 6.627 -0.965 -0.26 -0.036
13.205 -30.936 7.238 -0.886 -0.137 -0.443
13.504 -31.29 5.269 -0.081 -0.823 0.562
13.637 -31.068 5.864 -0.17 -0.972 0.165
13.723 -31.118 6.505 -0.227 -0.938 -0.262
13.744 -31.432 7.073 -0.241 -0.729 -0.641
13.698 -31.95 7.461 -0.211 -0.383 -0.899
14.25 -30.856 5.846 0.742 -0.656 0.138
14.247 -30.936 6.49 0.744 -0.602 -0.291
14.454 -31.186 7.052 0.606 -0.436 -0.666
14.385 -30.708 5.932 0.652 -0.754 0.081
14.547 -30.732 6.653 0.544 -0.738 -0.399
14.656 -30.267 5.869 0.973 -0.23 0.006
14.842 -30.251 6.584 0.849 -0.24 -0.471
14.89 -29.838 5.494 0.817 -0.516 0.256
15.172 -29.446 5.899 0.629 -0.777 -0.014
15.622 -29.26 6.301 0.329 -0.901 -0.282
14.963 -29.484 5.185 0.948 0.116 -0.296
15.224 -29.199 5.684 0.775 -0.074 -0.628
15.69 -28.934 6.016 0.464 -0.251 -0.85
14.863 -29.726 3.991 0.889 0.293 -0.351
14.807 -29.038 3.971 0.927 -0.166 -0.338
15.099 -28.819 5.336 0.858 -0.327 -0.397
15.594 -28.705 5.863 0.527 -0.403 -0.748
15.118 -28.632 5.282 0.881 -0.1 -0.463
15.611 -28.537 5.814 0.552 -0.164 -0.818
15.125 -28.507 5.257 0.876 -0.184 -0.446
15.634 -28.319 5.766 0.536 -0.309 -0.785
15.11 -28.298 5.193 0.861 0.018 -0.507
15.619 -28.105 5.701 0.522 -0.111 -0.846
15.052 -28.037 5.043 0.9 -0.156 -0.407
15.494 -27.643 5.447 0.605 -0.419 -0.677
14.954 -27.74 4.858 0.81 0.113 -0.575
15.393 -27.339 5.258 0.517 -0.154 -0.842
17.509 -26.455 5.781 0.381 -0.707 -0.596
17.349 -26.349 5.597 0.265 -0.629 -0.731
17.307 -26.257 5.492 0.293 -0.691 -0.661
16.403 -26.058 5.126 0.262 0.055 -0.963
16.914 -25.711 5.153 -0.078 -0.176 -0.981
17.404 -25.41 4.929 -0.405 -0.378 -0.833
16.526 -25.095 5.346 -0.444 0.405 -0.799
17.704 -26.471 5.896 0.251 -0.696 -0.672
17.442 -26.952 6.122 0.426 -0.376 -0.823
18.127 -26.485 6.3 0.635 -0.709 -0.306
17.897 -26.967 6.556 0.789 -0.388 -0.477
18.283 -26.461 6.498 0.531 -0.725 -0.438
18.205 -26.952 6.903 0.583 -0.398 -0.708
18.613 -26.19 6.889 0.91 -0.414 0.011
18.535 -26.681 7.294 0.962 -0.087 -0.259
19.041 -25.665 7.142 0.625 -0.765 -0.158
19.403 -24.893 6.993 0.954 -0.064 -0.294
19.189 -24.19 6.059 0.869 0.494 -0.025
19.231 -23.906 6.692 0.841 0.305 -0.448
18.369 -23.254 6.253 0.638 0.576 -0.51
18.357 -23.25 6.243 0.627 0.58 -0.52
18.646 -22.593 7.12 0.926 0.224 -0.303
18.982 -23.255 7.044 0.702 0.666 -0.252
18.932 -23.171 8.042 0.802 0.598 0
18.82 -23.098 8.334 0.701 0.663 0.263
18.418 -21.829 8.479 0.969 -0.183 0.167
18.434 -21.792 8.416 0.982 -0.153 0.115
18.513 -21.83 8.065 0.928 -0.128 0.349
18.583 -21.816 7.817 0.979 -0.118 0.168
18.617 -21.799 7.674 0.956 -0.129 0.264
18.642 -22.534 7.159 0.923 0.267 -0.276
18.607 -21.855 7.141 0.947 -0.185 -0.264
18.864 -21.234 7.042 0.776 -0.599 -0.198
18.332 -21.839 6.681 0.674 -0.169 -0.719
19.365 -20.43 7.408 0.682 -0.566 0.463
18.982 -21.081 7.14 0.874 -0.472 -0.116
19.325 -20.644 6.933 0.645 -0.764 0.022
19.82 -20.385 6.731 0.315 -0.936 0.157
18.748 -21.116 6.637 0.68 -0.501 -0.536
19.106 -20.676 6.459 0.441 -0.794 -0.418
19.567 -20.423 6.184 0.134 -0.963 -0.234
18.759 -20.52 6.1 0.12 -0.649 -0.751
18.633 -20.485 6.041 0.204 -0.673 -0.711
18.449 -20.289 5.857 0.071 -0.53 -0.845
17.927 -20.001 5.414 0.419 -0.722 -0.55
17.787 -20.032 5.366 0.301 -0.749 -0.59
18.545 -19.711 5.192 0.007 -0.916 -0.402
18.709 -19.173 4.31 0.725 -0.609 -0.323
19.072 -19.287 4.868 0.483 -0.532 -0.695
19.58 -19.563 5.214 0.144 -0.349 -0.926
19.353 -18.593 4.897 0.737 0.095 -0.669
18.841 -17.648 4.322 0.819 0.48 -0.315
19.173 -17.496 4.911 0.597 0.379 -0.707
18.422 -16.821 5.018 0.368 0.669 -0.646
17.712 -16.948 4.488 0.012 0.98 -0.197
17.894 -16.677 5.079 -0.11 0.799 -0.591
18.043 -16.161 5.491 -0.209 0.456 -0.865
17.396 -16.751 5.303 -0.56 0.731 -0.389
16.649 -17.404 4.92 -0.747 0.655 0.112
16.697 -17.22 5.587 -0.779 0.532 -0.332
16.308 -18.16 5.685 -0.902 0.377 -0.209
16.251 -18.51 5.588 -0.953 0.064 -0.296
16.208 -18.949 5.342 -0.925 0.357 -0.133
15.797 -19.411 5.693 -0.65 0.665 -0.367
16.536 -19.571 4.947 -0.448 -0.547 -0.707
16.11 -20.007 5.315 -0.164 -0.257 -0.952
16.636 -19.638 4.929 -0.515 -0.503 -0.695
16.297 -20.116 5.296 -0.289 -0.184 -0.94
16.871 -19.796 4.931 -0.263 -0.672 -0.692
16.551 -20.287 5.299 -0.05 -0.345 -0.937
15.617 -19.22 6.126 -0.531 0.538 -0.655
15.498 -19.171 6.297 -0.647 0.585 -0.489
14.358 -20.288 6.158 -0.901 0.291 -0.32
14.233 -20.343 6.387 -0.818 0.328 -0.473
14.369 -19.68 7.203 -0.749 0.659 -0.066
14.247 -19.231 8.082 -0.668 0.359 -0.652
13.869 -21.053 7.375 -0.999 -0.027 0.02
13.749 -21.01 7.99 -0.919 -0.056 -0.39
13.67 -20.058 8.731 -0.864 0.092 -0.495
13.378 -19.651 9.07 -0.67 -0.18 -0.721
13.608 -20.208 8.857 -0.931 -0.069 -0.359
13.316 -19.8 9.196 -0.736 -0.341 -0.585
13.502 -20.277 9.083 -0.861 -0.023 -0.509
13.717 -21.296 8.829 -0.942 -0.26 0.21
13.544 -20.906 9.46 -0.827 -0.521 -0.21
13.052 -20.717 10.009 -0.499 -0.647 -0.577
13.971 -21.34 9.87 -0.489 -0.865 0.114
14.418 -21.713 10 -0.787 -0.616 0.027
14.897 -22.081 9.876 -0.401 -0.913 -0.073
14.927 -22.516 8.779 -0.421 -0.623 0.659
14.734 -22.506 8.634 -0.555 -0.617 0.558
14.691 -22.578 8.523 -0.526 -0.569 0.632
14.661 -22.571 8.504 -0.554 -0.563 0.613
15.31 -22.54 9.141 -0.677 -0.607 0.417
15.261 -22.309 9.882 -0.644 -0.761 -0.077
15.477 -22.659 9.189 -0.519 -0.719 0.462
15.428 -22.428 9.93 -0.486 -0.873 -0.032
15.519 -23.832 8.63 -0.547 0.063 0.835
15.482 -23.844 8.606 -0.575 0.054 0.816
15.945 -24.006 9.093 -0.831 0.178 0.527
16.112 -23.498 9.443 -0.943 -0.16 0.293
16.023 -23.034 9.872 -0.883 -0.469 0.007
15.693 -22.697 10.304 -0.663 -0.694 -0.281
16.317 -24.082 9.229 0.314 -0.056 0.948
16.158 -23.507 9.459 0.42 -0.439 0.794
16.114 -23.052 9.906 0.449 -0.742 0.497
16.191 -22.799 10.487 0.397 -0.911 0.109
17.24 -24.653 9.284 -0.268 0.268 0.925
17.28 -24.985 9.337 -0.233 -0.028 0.972
16.321 -25.728 9.617 0.406 0.467 0.785
15.821 -25.558 9.584 -0.131 0.648 0.75
15.736 -25.472 9.503 -0.074 0.591 0.803
15.354 -25.378 9.309 -0.361 0.661 0.658
15.269 -27.094 11.161 -0.351 0.701 0.621
15.133 -27.197 11.182 -0.449 0.628 0.636
14.26 -27.075 10.672 -0.478 0.269 0.836
14.41 -27.781 11.412 -0.579 0.74 0.343
13.839 -27.411 10.436 -0.688 0.101 0.718
13.99 -28.117 11.177 -0.789 0.572 0.225
14.895 -27.936 12.065 -0.337 0.663 0.669
15.327 -27.719 12.193 -0.625 0.518 0.584
15.092 -28.416 12.476 -0.238 0.422 0.875
15.495 -28.125 12.541 -0.506 0.228 0.832
15.492 -28.899 12.693 -0.038 0.181 0.983
15.833 -28.533 12.723 -0.265 -0.063 0.962
14.452 -29.381 12.383 -0.558 -0.06 0.828
14.436 -29.97 12.473 -0.547 0.333 0.768
13.842 -30.94 12.251 -0.416 0.3 0.859
14.225 -30.512 12.427 -0.671 0.014 0.741
14.01 -31.94 12.377 -0.331 -0.201 0.922
14.075 -32.441 12.383 -0.375 0.133 0.917
13.431 -32.099 11.997 -0.621 -0.28 0.732
13.586 -32.575 12.063 -0.725 0.037 0.688
13.092 -32.369 11.433 -0.791 -0.415 0.45
13.3 -32.803 11.587 -0.929 -0.126 0.348
13.064 -32.696 10.803 -0.805 -0.578 0.135
13.276 -33.079 11.053 -0.946 -0.323 -0.032
12.971 -32.589 10.518 -0.851 -0.525 -0.008
12.734 -32.436 9.972 -0.693 -0.626 0.356
12.752 -32.045 10.764 -0.961 -0.253 0.116
12.515 -31.893 10.218 -0.803 -0.355 0.48
12.719 -31.438 10.948 -0.977 0.051 0.208
12.482 -31.285 10.402 -0.819 -0.051 0.572
12.876 -30.83 11.05 -0.899 0.354 0.259
12.639 -30.678 10.504 -0.741 0.253 0.623
14.643 -33.09 8.96 0.261 -0.954 -0.149
14.88 -33.243 9.506 0.103 -0.852 -0.513
15.19 -32.81 8.801 0.535 -0.813 -0.229
15.427 -32.962 9.347 0.377 -0.712 -0.593
15.641 -32.368 8.729 0.761 -0.593 -0.265
15.878 -32.521 9.275 0.603 -0.491 -0.629
15.949 -31.813 8.75 0.914 -0.315 -0.254
16.186 -31.965 9.296 0.756 -0.213 -0.618
15.843 -31.391 8.265 0.861 -0.104 -0.497
15.92 -30.858 8.065 0.81 -0.46 -0.364
15.409 -31.515 7.766 0.644 -0.166 -0.746
15.486 -30.982 7.567 0.593 -0.522 -0.613
16.516 -29.732 8.322 0.784 -0.621 0.001
16.246 -29.792 7.624 0.616 -0.658 -0.433
16.169 -29.79 7.494 0.667 -0.659 -0.346
15.701 -29.716 7.007 0.277 -0.597 -0.753
16.925 -28.882 6.496 0.61 -0.506 -0.61
17.142 -28.736 6.552 0.465 -0.604 -0.647
16.807 -29.549 8.797 0.59 -0.743 -0.315
16.961 -29.448 8.893 0.69 -0.678 -0.254
17.584 -28.913 7.402 0.686 -0.693 -0.222
18.062 -28.712 7.707 0.367 -0.827 -0.426
17.773 -28.324 6.883 0.781 -0.398 -0.482
18.222 -28.214 7.268 0.481 -0.471 -0.739
18.48 -28.591 8.431 0.665 -0.741 0.091
18.419 -28.679 8.855 0.706 -0.682 -0.191
18.828 -28.001 8.652 0.914 -0.319 0.249
18.74 -28.136 9.059 0.973 -0.229 -0.022
18.916 -26.526 8.873 0.799 -0.379 0.466
18.93 -27.337 8.255 0.987 0.155 -0.034
19.032 -26.531 8.336 0.92 -0.383 -0.088
19.543 -25.894 8.377 0.579 -0.807 -0.115
18.862 -26.415 7.826 0.744 -0.264 -0.614
18.942 -26.33 9.034 0.782 -0.51 0.359
18.694 -26.908 9.128 0.947 -0.124 0.296
18.95 -25.616 9.628 0.155 -0.609 0.778
18.612 -26.13 9.466 0.379 -0.266 0.886
18.378 -26.717 9.543 0.536 0.125 0.835
18.287 -27.269 9.845 0.596 0.493 0.633
18.078 -25.919 9.527 -0.274 -0.007 0.962
17.864 -26.513 9.602 -0.132 0.389 0.912
17.719 -25.622 9.503 -0.035 -0.205 0.978
17.211 -25.969 9.541 0.303 0.026 0.953
16.78 -26.309 9.82 0.59 0.253 0.766
17.51 -25.365 9.453 -0.386 0.225 0.895
17.059 -25.781 9.504 -0.085 0.503 0.86
16.586 -26.071 9.774 0.23 0.696 0.681
16.996 -26.88 10.022 0.447 0.633 0.632
16.995 -26.894 10.037 0.446 0.618 0.647
16.62 -27.008 10.732 0.696 0.694 0.183
15.894 -26.432 10.686 0.274 0.565 0.778
16.053 -26.849 11.085 0.168 0.842 0.512
16.253 -27.064 11.607 0.036 0.986 0.165
15.401 -27.039 11.185 -0.439 0.665 0.605
17.202 -27.303 10.505 0.308 0.891 0.335
17.476 -27.86 11.381 0.909 0.417 0.003
17.656 -27.792 10.651 0.789 0.371 0.49
18.135 -27.583 10.108 0.469 0.232 0.852
17.733 -28.459 10.527 0.871 -0.337 0.358
17.407 -29.021 11.798 0.86 -0.412 0.301
17.356 -29.477 11.597 0.894 -0.108 0.435
16.712 -29.711 12.343 0.744 -0.078 0.664
16.117 -29.506 12.666 0.164 0.122 0.979
15.9 -32.196 12.036 0.696 -0.527 0.488
15.813 -31.649 12.701 0.084 -0.761 0.644
15.488 -32.115 12.404 0.3 -0.449 0.841
15.246 -32.705 12.338 0.462 -0.056 0.885
14.997 -31.88 12.527 -0.172 -0.224 0.959
15.892 -33.074 11.401 0.923 -0.319 0.216
16.161 -32.689 11.214 0.744 -0.575 0.341
15.786 -33.338 10.879 0.847 -0.508 -0.157
16.035 -33.002 10.596 0.681 -0.732 0.031
15.434 -33.541 10.444 0.596 -0.653 -0.468
15.619 -33.242 10.081 0.473 -0.852 -0.226
14.908 -33.641 10.184 0.22 -0.724 -0.654
14.996 -33.361 9.773 0.162 -0.911 -0.38
16.629 -31.906 10.73 0.978 -0.183 0.099
16.816 -31.41 11.014 0.853 -0.514 -0.09
17.242 -30.347 10.861 0.837 -0.543 0.067
17.03 -30.869 11.058 0.979 -0.195 -0.064
17.742 -28.691 10.364 0.865 -0.182 0.468
17.448 -29.74 10.241 0.94 -0.24 -0.243
17.661 -29.196 9.834 0.798 -0.602 0.028
18.143 -28.856 9.436 0.476 -0.829 0.293
17.277 -29.359 9.226 0.479 -0.737 -0.476
16.809 -22.649 10.653 0.04 -0.999 0.012
16.995 -22.584 10.747 0.477 -0.847 0.232
18.454 -23.332 9.347 0.204 0.299 0.932
18.219 -22.723 9.355 0.36 -0.107 0.927
18.087 -22.144 9.626 0.448 -0.493 0.746
18.717 -23.163 9.009 0.728 0.634 0.259
18.389 -22.615 9.138 0.948 0.268 0.173
18.329 -21.99 9.316 0.987 -0.148 0.054
18.723 -23.12 8.903 0.725 0.605 0.329
18.412 -22.525 8.953 0.932 0.208 0.296
18.383 -21.867 9.093 0.952 -0.23 0.203
18.74 -23.089 8.712 0.754 0.657 0.011
18.426 -22.499 8.797 0.964 0.264 -0.045
18.403 -21.83 8.868 0.979 -0.182 -0.093
17.964 -20.86 11.036 0.905 -0.217 0.367
17.894 -20.242 11.228 0.862 0.154 0.482
18.885 -20.039 10.021 0.902 -0.003 0.433
18.955 -19.459 10.157 0.855 -0.39 0.342
19.152 -19.588 8.574 0.927 0.053 0.371
19.462 -19.43 8.094 0.72 -0.053 0.692
19.093 -20.219 8.295 0.88 -0.451 0.148
19.407 -20.018 7.834 0.671 -0.585 0.455
19.338 -20.199 7.737 0.717 -0.465 0.52
19.326 -20.382 7.539 0.708 -0.598 0.376
19.429 -19.194 8.177 0.742 -0.21 0.636
19.131 -19.164 8.76 0.941 -0.23 0.248
19.437 -18.82 8.161 0.751 0.233 0.618
19.138 -18.79 8.745 0.95 0.213 0.229
19.303 -18.614 8.287 0.84 0.096 0.534
19.234 -18.235 8.138 0.758 0.546 0.357
19.503 -17.715 7.487 0.579 0.199 0.791
20.234 -18.05 6.932 0.611 0.732 0.301
19.835 -17.517 6.937 0.877 0.377 0.297
19.695 -16.872 7.031 0.971 -0.052 0.235
19.811 -17.472 6.267 0.856 0.418 -0.305
20.133 -18.306 5.617 0.539 0.549 -0.639
19.649 -17.798 5.352 0.861 0.21 -0.462
19.302 -17.136 5.342 0.668 0.578 -0.468
19.286 -16.543 5.706 0.679 0.183 -0.711
18.949 -17.53 8.209 0.948 0.075 0.309
18.804 -16.448 7.974 0.334 0.251 0.909
18.548 -17.024 8.459 0.504 0.635 0.586
18.505 -17.332 9.19 0.533 0.841 0.098
17.937 -16.254 7.928 -0.285 0.389 0.876
17.874 -16.873 8.423 -0.242 0.802 0.546
17.708 -17.154 9.148 -0.132 0.989 0.063
17.323 -17.165 8.123 -0.852 0.478 0.215
16.959 -17.235 7.553 -0.609 0.525 0.595
16.722 -17.186 6.941 -0.821 0.569 0.046
17.084 -16.368 6.247 -0.894 0.308 -0.325
16.814 -16.938 5.953 -0.714 0.688 -0.129
16.85 -17.699 8.249 -0.537 0.834 0.131
16.81 -17.731 8.276 -0.575 0.803 0.156
16.027 -18.01 8.304 -0.053 0.989 0.138
15.401 -18.416 7.772 -0.712 0.562 -0.422
15.385 -18.509 7.659 -0.701 0.624 -0.346
15.315 -18.694 7.528 -0.754 0.485 -0.443
13.96 -18.54 8.836 -0.322 0.52 -0.791
14.001 -19.306 8.344 -0.791 0.322 -0.52
13.641 -19.052 8.795 -0.551 0.152 -0.82
13.135 -18.757 9.028 -0.214 -0.044 -0.976
13.429 -19.58 8.999 -0.703 -0.227 -0.674
14.009 -18.413 8.89 -0.355 0.436 -0.827
13.812 -17.721 9.463 0.269 0.697 -0.665
14.316 -17.963 9.229 -0.067 0.858 -0.509
14.804 -17.995 8.871 -0.392 0.879 -0.27
14.677 -17.851 9.749 0.27 0.962 -0.022
13.826 -17.368 10.601 0.28 0.949 0.148
14.162 -17.436 10.968 0.056 0.994 -0.097
13.245 -17.445 10.994 -0.136 0.893 0.428
13.473 -17.527 11.433 -0.288 0.948 0.136
12.635 -18.081 11.731 -0.55 0.825 0.128
12.22 -18.629 11.545 -0.955 0.291 -0.053
12.072 -19.009 10.453 -0.974 -0.223 0.042
12.085 -19.378 10.793 -0.983 0.023 -0.184
12.326 -19.387 9.891 -0.792 -0.494 -0.359
12.386 -19.826 10.128 -0.832 -0.201 -0.517
12.271 -20.308 11.387 -0.89 -0.443 0.113
12.219 -20.321 11.983 -0.855 -0.434 -0.285
14.517 -22.464 11.525 -0.656 -0.75 -0.085
14.347 -22.523 12.07 -0.543 -0.71 -0.448
15.033 -22.799 11.649 -0.399 -0.917 -0.022
14.863 -22.858 12.195 -0.285 -0.877 -0.386
15.619 -22.95 11.816 -0.106 -0.993 0.061
15.448 -23.009 12.361 0.008 -0.953 -0.303
16.214 -22.903 12.007 0.192 -0.969 0.156
16.044 -22.962 12.552 0.305 -0.929 -0.207
16.759 -22.661 12.203 0.464 -0.848 0.254
16.589 -22.721 12.748 0.578 -0.809 -0.109
17.197 -22.251 12.384 0.684 -0.643 0.345
17.027 -22.31 12.929 0.797 -0.604 -0.018
17.484 -21.713 12.532 0.827 -0.374 0.419
17.314 -21.773 13.077 0.941 -0.335 0.056
17.591 -21.103 12.632 0.881 -0.069 0.469
17.421 -21.162 13.177 0.994 -0.03 0.105
17.506 -20.483 12.673 0.838 0.241 0.489
17.336 -20.542 13.218 0.952 0.28 0.126
17.239 -19.916 12.651 0.704 0.524 0.478
17.069 -19.975 13.196 0.818 0.564 0.115
16.816 -19.46 12.568 0.493 0.752 0.437
16.646 -19.519 13.113 0.606 0.792 0.074
16.896 -18.885 11.281 0.01 0.811 0.584
16.996 -19.406 12.153 0.583 0.779 0.229
17.318 -19.136 11.431 0.368 0.599 0.711
17.812 -18.586 11.039 0.039 0.233 0.972
17.459 -19.883 12.111 0.815 0.541 0.208
17.675 -19.503 11.398 0.671 0.288 0.684
18.204 -18.989 11.004 0.318 -0.055 0.946
17.898 -19.916 11.19 0.86 -0.063 0.507
16.716 -18.52 10.938 0.129 0.568 0.813
16.122 -18.559 11.244 0.526 0.594 0.609
16.399 -18.127 10.282 -0.195 0.971 0.14
15.78 -18.135 10.535 0.218 0.976 -0.029
16.445 -18.051 10.011 -0.226 0.92 0.321
16.446 -17.997 9.814 -0.225 0.957 0.185
17.632 -17.604 10.161 -0.09 0.935 0.344
17.702 -17.39 9.786 -0.137 0.792 0.595
18.366 -17.745 10.158 0.434 0.833 0.342
18.378 -17.521 9.783 0.426 0.683 0.593
18.921 -18.156 9.871 0.83 0.54 0.137
18.888 -17.899 9.518 0.852 0.369 0.372
16.526 -17.92 9.608 -0.278 0.905 0.322
16.472 -17.883 9.398 -0.322 0.934 0.153
16.361 -17.9 9.311 -0.249 0.945 0.211
16.347 -17.916 8.91 -0.266 0.926 -0.266
14.219 -17.764 12.266 0.085 0.83 0.552
14.03 -17.956 12.8 0.211 0.958 0.196
12.991 -18.992 14.196 -0.374 0.731 0.571
12.307 -18.957 13.698 -0.561 0.154 0.814
12.597 -19.331 14.141 -0.754 0.403 0.518
12.676 -19.592 14.729 -0.807 0.577 0.126
12.396 -19.767 13.933 -0.948 -0.018 0.317
12.273 -20.549 12.527 -0.823 -0.567 0.035
12.428 -20.962 12.939 -0.926 -0.292 -0.24
12.392 -20.741 13.971 -0.944 -0.181 0.276
12.44 -20.696 14.472 -0.976 -0.211 -0.058
12.673 -21.37 14.076 -0.804 -0.496 0.329
12.677 -21.228 14.561 -0.806 -0.591 0.006
13.177 -21.808 14.278 -0.552 -0.715 0.43
13.103 -21.597 14.731 -0.502 -0.855 0.127
13.804 -21.966 14.537 -0.238 -0.794 0.559
13.633 -21.731 14.95 -0.124 -0.951 0.284
14.081 -22.114 14.392 -0.099 -0.868 0.486
14.575 -22.425 14.198 -0.429 -0.661 0.616
13.784 -22.262 13.871 -0.248 -0.942 0.226
14.278 -22.573 13.677 -0.578 -0.735 0.356
13.569 -22.243 13.293 -0.356 -0.932 -0.063
14.063 -22.554 13.099 -0.685 -0.725 0.067
13.457 -22.059 12.715 -0.412 -0.841 -0.352
13.951 -22.37 12.521 -0.741 -0.633 -0.223
15.369 -21.698 14.874 -0.032 -0.298 0.954
14.537 -21.242 15.399 0.522 -0.602 0.604
15.975 -20.589 14.821 0.271 0.257 0.928
15.481 -20.278 15.015 0.6 0.05 0.798
16.171 -20.091 14.525 0.369 0.506 0.779
15.677 -19.78 14.719 0.699 0.299 0.65
16.264 -19.672 14.089 0.415 0.716 0.562
15.77 -19.361 14.283 0.745 0.508 0.432
16.243 -19.372 13.556 0.405 0.865 0.295
15.749 -19.061 13.75 0.734 0.658 0.166
15.219 -20.112 15.165 0.469 0.133 0.873
14.828 -20.164 15.48 0.73 0.168 0.662
14.96 -19.474 15.069 0.34 0.452 0.825
14.609 -19.626 15.399 0.574 0.553 0.605
14.472 -19.019 14.874 0.096 0.679 0.727
14.197 -19.242 15.235 0.28 0.827 0.487
13.853 -18.836 14.619 -0.213 0.771 0.6
13.674 -19.086 15.019 -0.094 0.938 0.333
14.374 -18.42 13.816 0.047 0.979 0.199
14.083 -18.186 13.342 0.242 0.823 0.515
17.951 -21.004 11.003 0.914 -0.121 0.388
17.936 -21.14 10.977 0.901 -0.228 0.368
17.942 -21.245 10.91 0.897 -0.158 0.413
17.734 -21.798 10.6 0.684 -0.723 0.097
16.543 -22.69 10.525 0.217 -0.971 0.098
16.715 -22.834 9.964 0.102 -0.876 0.472
16.913 -23.191 9.518 -0.029 -0.638 0.77
17.103 -23.703 9.259 -0.156 -0.296 0.942
16.517 -22.696 10.518 0.181 -0.98 0.089
16.7 -22.837 9.96 0.058 -0.886 0.461
16.898 -23.194 9.514 -0.074 -0.648 0.758
17.078 -23.708 9.252 -0.194 -0.305 0.932
19.738 -24.109 7.816 0.718 0.468 -0.516
19.407 -23.883 7.249 0.938 0.317 -0.138
14.331 -22.407 8.141 -0.879 -0.402 0.257
14.26 -22.309 7.961 -0.949 -0.305 0.08
17.399 -23.358 5.307 0.403 0.346 -0.847
17.491 -24.279 4.926 -0.344 0.43 -0.835
17.02 -23.651 5.173 -0.03 0.011 -0.999
16.535 -23.017 4.969 0.293 -0.411 -0.863
16.639 -23.934 5.323 -0.465 -0.312 -0.828
15.347 -26.209 5.017 0.301 0.124 -0.945
15.393 -26.421 5.024 0.337 -0.042 -0.941
12.734 -30.335 3.043 0.296 0.094 -0.951
13.495 -30.942 3.344 -0.088 -0.575 -0.813
12.808 -30.978 3.245 0.37 -0.552 -0.747
12.241 -31.191 2.906 0.749 -0.41 -0.521
13.341 -31.419 3.994 -0.198 -0.916 -0.349
12.681 -31.372 3.782 0.243 -0.947 -0.208
12.099 -31.63 3.504 0.631 -0.776 -0.023
13.016 -31.373 4.745 -0.43 -0.883 0.187
12.412 -31.334 4.404 -0.028 -0.909 0.415
11.799 -31.587 4.195 0.381 -0.74 0.554
12.126 -30.882 4.82 -0.314 -0.455 0.833
12.106 -30.571 5.041 -0.301 -0.663 0.686
11.457 -30.503 5.028 0.132 -0.707 0.695
10.845 -30.637 5.212 0.54 -0.618 0.572
12.109 -30.522 5.083 -0.295 -0.565 0.771
11.459 -30.472 5.055 0.138 -0.598 0.79
10.848 -30.592 5.251 0.546 -0.518 0.659
10.836 -30.941 4.978 0.546 -0.416 0.727
10.678 -31.228 4.83 0.366 -0.744 0.559
9.856 -31.796 5.407 0.914 -0.366 0.175
9.907 -31.098 6.009 0.446 -0.537 0.716
9.585 -31.612 5.995 0.66 -0.194 0.726
9.426 -32.175 6.159 0.767 0.181 0.616
9.049 -31.315 6.271 0.157 0.085 0.984
9.991 -31.935 4.925 0.824 -0.273 0.496
10.556 -31.586 4.562 0.448 -0.505 0.738
9.924 -32.19 4.561 0.714 -0.693 -0.103
10.492 -31.829 4.217 0.335 -0.934 0.127
9.814 -32.305 4.46 0.787 -0.616 -0.035
10.241 -31.985 4.042 0.502 -0.83 0.244
9.597 -32.413 4.155 0.518 -0.749 -0.413
10.024 -32.092 3.737 0.233 -0.963 -0.134
8.954 -33.452 4.554 0.429 -0.731 -0.53
8.687 -33.415 4.124 0.608 -0.756 -0.244
8.519 -33.755 4.882 0.118 -0.948 -0.296
8.171 -33.774 4.513 0.35 -0.935 -0.049
8.118 -33.807 5.358 -0.168 -0.985 0.045
7.697 -33.835 5.076 0.113 -0.966 0.233
7.303 -33.414 6.049 -0.006 -0.954 0.3
6.763 -33.458 6.291 0.354 -0.925 0.138
6.306 -33.719 6.566 0.659 -0.751 -0.045
7.985 -33.209 6.398 -0.263 -0.558 0.787
7.393 -33.172 6.376 0.132 -0.583 0.802
6.832 -33.272 6.542 0.506 -0.516 0.691
6.389 -33.493 6.871 0.801 -0.369 0.472
6.135 -33.801 7.311 0.97 -0.163 0.179
7.325 -32.781 6.505 0.029 0.017 0.999
6.78 -32.972 6.641 0.392 0.144 0.909
6.326 -33.129 6.991 0.694 0.248 0.675
6.811 -32.673 6.614 0.371 -0.056 0.927
6.32 -32.972 6.953 0.699 0.143 0.701
6.692 -32.457 6.642 0.257 0.152 0.954
6.215 -32.78 6.978 0.576 0.367 0.73
6.293 -33.732 6.405 0.667 -0.742 0.063
6.781 -33.528 5.998 0.342 -0.878 0.334
6.229 -33.784 6.304 0.593 -0.804 -0.054
6.709 -33.587 5.885 0.273 -0.935 0.225
6.181 -33.845 5.974 0.625 -0.763 0.166
5.815 -34.037 5.723 0.236 -0.967 -0.099
5.186 -35.053 6.87 0.789 -0.477 -0.389
5.704 -34.536 7.286 0.611 -0.775 0.159
5.289 -35.025 7.375 0.888 -0.449 0.1
5.123 -35.64 7.492 0.999 -0.039 0.022
5.172 -34.863 7.852 0.775 -0.293 0.56
4.66 -35.899 6.468 0.668 -0.224 -0.709
4.634 -35.477 6.19 0.686 -0.506 -0.524
4.166 -36.144 6.256 0.316 -0.4 -0.86
4.05 -35.768 5.939 0.394 -0.651 -0.649
3.619 -36.361 6.301 -0.075 -0.554 -0.829
3.402 -36.024 5.992 0.07 -0.779 -0.623
3.126 -36.506 6.592 -0.427 -0.658 -0.621
2.819 -36.196 6.337 -0.222 -0.865 -0.45
5.142 -34.441 5.891 0.685 -0.698 -0.211
5.623 -34.099 5.414 0.364 -0.925 0.107
4.808 -34.478 5.519 0.357 -0.735 -0.576
5.301 -34.136 5.055 0.029 -0.963 -0.267
4.337 -34.656 5.271 0.672 -0.616 -0.411
4.424 -34.396 4.656 0.613 -0.79 -0.001
3.638 -35.356 5.487 0.188 -0.445 -0.876
3.758 -34.836 5.075 0.108 -0.791 -0.602
3.91 -34.555 4.482 0.006 -0.978 -0.206
4.064 -34.571 3.827 -0.096 -0.968 0.231
3.17 -34.606 4.995 -0.465 -0.567 -0.68
3.388 -34.351 4.411 -0.61 -0.737 -0.29
5.243 -34.146 4.228 0.068 -0.956 0.284
5.492 -34.029 3.384 0.279 -0.857 -0.433
7.026 -34.049 4.717 0.411 -0.878 0.245
7.569 -33.882 4.881 0.049 -0.99 0.135
7.183 -34.002 4.041 0.503 -0.851 -0.153
7.737 -33.832 4.155 0.133 -0.964 -0.228
7.191 -33.717 3.408 0.508 -0.683 -0.525
7.746 -33.525 3.473 0.138 -0.811 -0.569
9.469 -32.367 3.785 0.603 -0.78 -0.166
9.961 -32.095 3.531 0.275 -0.961 0.003
8.722 -32.704 3.271 0.625 -0.401 -0.67
9.15 -32.263 3.218 0.34 -0.694 -0.634
9.664 -31.999 3.004 -0.003 -0.871 -0.492
10.178 -31.955 2.665 -0.346 -0.9 -0.266
8.807 -31.837 2.851 0.057 -0.342 -0.938
9.346 -31.603 2.663 -0.302 -0.499 -0.812
8.778 -31.551 2.708 0.076 -0.533 -0.842
8.611 -31.421 2.631 -0.034 -0.448 -0.893
9.68 -30.739 1.735 -0.087 -0.579 -0.811
10.125 -31.136 1.821 -0.383 -0.315 -0.868
10.252 -30.262 1.519 0.199 -0.34 -0.919
10.608 -30.732 1.639 -0.039 -0.027 -0.999
10.887 -29.843 1.665 0.517 -0.13 -0.846
11.145 -30.378 1.762 0.345 0.226 -0.911
11.227 -31.972 3.142 0.403 -0.912 0.075
11.56 -31.873 3.408 0.181 -0.978 -0.103
11.591 -31.665 2.643 0.664 -0.693 -0.282
11.895 -31.59 2.948 0.461 -0.743 -0.486
11.813 -31.085 2.342 0.822 -0.279 -0.496
12.099 -31.056 2.672 0.631 -0.298 -0.716
12.129 -30.068 2.721 0.634 -0.004 -0.773
12.579 -29.742 2.935 0.335 -0.222 -0.916
12.113 -30.037 2.709 0.618 0.025 -0.785
12.561 -29.709 2.922 0.319 -0.193 -0.928
12.549 -29.928 2.957 0.354 -0.098 -0.93
12.591 -29.979 2.98 0.392 -0.144 -0.909
10.754 -26.523 2.717 0.528 0.621 -0.58
10.603 -26.695 2.472 0.409 0.485 -0.773
3.627 -33.003 1.748 -0.39 -0.234 -0.891
3.396 -32.731 1.73 -0.237 -0.415 -0.878
3.063 -33.248 2.277 -0.722 -0.378 -0.58
2.924 -32.936 2.172 -0.63 -0.586 -0.51
1.241 -36.003 7.378 -0.319 -0.941 0.111
1.018 -35.945 7.391 -0.17 -0.98 0.102
0.603 -35.205 8.251 -0.638 -0.542 0.547
0.522 -35.324 8.07 -0.584 -0.462 0.668
4.086 -29.733 6.997 0.446 0.846 0.291
4.097 -29.713 6.912 0.454 0.861 0.229
5.345 -29.928 5.876 0.023 0.968 0.251
5.68 -29.645 5.361 -0.2 0.779 0.594
5.624 -30.027 6.011 0.313 0.865 0.392
5.981 -29.752 5.507 0.075 0.682 0.727
11.387 -27.058 6.714 -0.554 -0.184 0.812
10.811 -27.108 6.47 -0.17 -0.151 0.974
11.38 -27.004 6.719 -0.561 -0.136 0.817
10.805 -27.06 6.475 -0.177 -0.099 0.979
11.739 -26.902 7.098 -0.8 -0.205 0.564
12.024 -25.787 7.162 -0.738 0.448 0.504
11.93 -25.842 7.085 -0.676 0.485 0.555
11.827 -25.891 7.013 -0.607 0.517 0.603
11.831 -25.569 6.048 -0.74 0.662 -0.119
11.458 -25.882 5.835 -0.491 0.871 0.023
10.874 -26.057 5.684 -0.102 0.987 0.123
11.459 -25.882 5.832 -0.49 0.871 0.02
10.875 -26.057 5.682 -0.101 0.988 0.12
11.446 -25.882 5.723 -0.482 0.871 0.093
10.833 -26.023 5.486 -0.073 0.965 0.251
11.448 -25.88 5.716 -0.48 0.873 0.088
10.835 -26.021 5.478 -0.071 0.967 0.246
11.054 -26.038 5.828 -0.221 0.975 0.027
10.097 -26.365 6.26 0.166 0.603 0.78
10.925 -26.341 6.363 -0.386 0.587 0.711
11.574 -26.044 6.797 -0.818 0.39 0.422
10.991 -26.94 6.539 -0.302 -0.179 0.937
-2.794 -31.567 6.603 -0.165 -0.147 0.975
-2.716 -31.628 6.601 -0.083 -0.211 0.974
-1.257 -24.388 5.067 -0.733 -0.422 -0.534
-1.729 -23.916 5.062 -0.418 -0.737 -0.531
-2.325 -23.662 4.9 -0.021 -0.906 -0.423
-1.344 -24.454 5.322 -0.834 -0.499 -0.236
-1.796 -23.966 5.259 -0.533 -0.824 -0.195
-2.406 -23.724 5.139 -0.126 -0.985 -0.114
-2.397 -23.225 7.144 -0.654 -0.288 0.7
-3.013 -22.942 6.926 -0.243 -0.476 0.845
-3.71 -22.82 6.994 0.222 -0.557 0.8
-2.338 -23.031 7.188 -0.481 0.28 0.831
-2.978 -22.827 6.953 -0.054 0.144 0.988
-3.636 -22.575 7.05 0.384 -0.024 0.923
-5.624 -25.602 4.884 0.778 -0.288 0.558
-6.023 -25.167 5.697 0.355 -0.799 0.486
-6.072 -25.745 5.189 0.387 -0.413 0.824
-5.967 -26.487 5.008 0.317 0.081 0.945
-6.624 -25.829 5.239 -0.094 -0.487 0.868
-5.84 -23.603 8.309 0.886 -0.395 0.242
-5.981 -23.941 8.832 0.98 -0.169 -0.106
-5.503 -22.784 8.259 0.61 -0.256 0.75
-5.873 -23.17 8.61 0.856 0.001 0.517
-6.01 -23.555 9.1 0.947 0.257 0.19
-5.889 -23.87 9.642 0.867 0.468 -0.172
-6.166 -22.801 8.848 0.588 0.338 0.735
-6.272 -23.225 9.313 0.659 0.621 0.425
-6.688 -33.861 3.484 -0.459 -0.33 -0.825
-6.912 -33.717 3.522 -0.31 -0.425 -0.85
-7.426 -36.031 8.376 -0.047 -0.998 0.035
-7.967 -36.114 8.602 0.314 -0.942 -0.116
-7.208 -35.898 9.021 0.062 -0.932 0.358
-7.764 -35.991 9.202 0.433 -0.87 0.237
-7.109 -35.537 9.606 0.112 -0.752 0.65
-7.672 -35.655 9.746 0.487 -0.673 0.557
-7.142 -35.001 10.046 0.095 -0.484 0.87
-7.703 -35.157 10.155 0.469 -0.38 0.798
-7.304 -34.367 10.278 0.014 -0.167 0.986
-7.854 -34.568 10.37 0.38 -0.033 0.924
-7.571 -33.726 10.268 -0.119 0.154 0.981
-8.101 -33.972 10.361 0.234 0.318 0.919
-7.904 -33.171 10.017 -0.286 0.431 0.856
-8.411 -33.456 10.128 0.052 0.621 0.782
-9.523 -36.059 9.309 0.154 -0.977 0.148
-8.838 -35.723 9.943 -0.199 -0.712 0.673
-9.455 -35.736 9.935 0.212 -0.703 0.678
-10.018 -35.928 10.099 0.587 -0.575 0.569
-8.961 -34.991 10.364 -0.271 -0.282 0.92
-9.557 -35.129 10.284 0.126 -0.189 0.974
-10.121 -35.316 10.451 0.502 -0.065 0.862
-9.79 -34.464 10.226 -0.071 0.374 0.925
-10.233 -25.52 0.319 0.047 0.682 -0.73
-10.498 -25.481 0.306 0.224 0.655 -0.721
-10.939 -26.396 -0.062 -0.306 0.244 -0.92
-11.047 -26.162 0.01 -0.234 0.088 -0.968
-12.472 -26.725 1.344 -0.657 -0.045 -0.753
-12.487 -26.972 1.397 -0.665 -0.196 -0.72
-10.346 -29.989 3.458 -0.989 -0.146 -0.006
-10.583 -29.534 3.941 -0.831 -0.449 -0.328
-11.096 -29.228 4.316 -0.489 -0.653 -0.578
-10.291 -30.082 3.59 -0.836 -0.409 0.367
-10.561 -29.572 3.996 -0.656 -0.749 0.096
-11.048 -29.311 4.434 -0.331 -0.923 -0.196
-10.134 -30.306 3.811 -0.94 -0.26 0.22
-9.946 -30.578 3.997 -0.77 -0.506 0.388
-10.848 -29.479 4.674 -0.465 -0.811 -0.356
-10.838 -29.517 4.762 -0.454 -0.853 -0.257
-11.758 -35.897 7.822 -0.589 -0.637 -0.498
-12.013 -35.662 7.737 -0.419 -0.794 -0.441
-12.117 -35.822 8.514 -0.8 -0.593 -0.09
-12.313 -35.599 8.316 -0.669 -0.742 0.042
-12.337 -35.305 9.06 -0.929 -0.289 0.231
-12.497 -35.166 8.773 -0.822 -0.381 0.423
-12.332 -34.545 9.25 -0.926 0.158 0.342
-12.493 -34.53 8.931 -0.819 0.149 0.554
-12.104 -33.835 9.009 -0.792 0.576 0.201
-12.302 -33.936 8.73 -0.66 0.644 0.387
-11.729 -34.24 6.837 -0.81 -0.158 -0.564
-11.807 -33.778 7.101 -0.896 0.349 -0.273
-15.333 -25.548 5.267 -0.474 0.273 -0.837
-15.521 -25.995 5.345 -0.627 -0.09 -0.774
-11.514 -29.389 8.343 0.375 -0.861 -0.345
-11.542 -29.324 7.673 0.395 -0.908 0.141
-11.44 -29.557 7.049 0.321 -0.739 0.593
-11.233 -30.034 6.621 0.171 -0.393 0.903
-10.969 -30.639 6.489 -0.02 0.046 0.999
-10.712 -31.23 6.686 -0.206 0.474 0.856
-10.523 -31.665 7.164 -0.343 0.789 0.509
-9.75 -28.045 6.728 0.721 -0.51 0.469
-10.435 -30.586 6.184 0.386 0.336 0.859
-11.056 -29.062 2.868 -0.61 -0.788 -0.085
-9.648 -27.394 6.907 0.981 -0.183 -0.059
-9.588 -27.83 6.363 0.939 0.123 0.322
-7.464 -27.232 4.973 -0.101 0.052 0.994
-2.917 -22.528 6.944 -0.088 -0.041 0.995
-0.729 -30.629 2.147 -0.575 0.051 -0.816
-0.185 -31.387 2.572 0.049 -0.688 -0.724
0.179 -31.665 3.033 0.028 -0.795 -0.606
17.462 -23.027 9.87 -0.121 -0.688 0.716
17.517 -22.959 9.908 0.549 -0.314 0.774
-12.098 -24.542 5.238 0 0.924 -0.383
-10.471 -24.511 7.98 -0.383 0.924 -0
-10.471 -24.374 7.379 -0.383 0.832 0.401
-10.027 -28.443 6.399 0.383 -0.576 0.722
-10.027 -28.058 6.881 0.383 -0.832 0.401
-10.514 -28.414 6.909 0.707 -0.595 0.382
-9.707 -30.556 5.962 0 0.383 0.924
-9.707 -29.982 5.848 0 -0 1
-10.281 -30.29 5.997 0.383 0.206 0.901
-10.281 -29.673 5.997 0.383 -0.206 0.901
-9.691 -30.788 4.606 -0.924 -0.383 0
-10.202 -30.227 5.589 -0.707 -0.595 -0.382
-10.202 -30.679 5.98 -0.707 -0.294 -0.643
-10.202 -31.27 6.065 -0.707 0.101 -0.7
-10.689 -29.871 5.617 -0.383 -0.832 -0.401
-10.689 -30.255 6.099 -0.383 -0.576 -0.722
-10.769 -29.147 3.449 -0.707 -0.707 0
-11.256 -28.821 3.449 -0.383 -0.924 0
-11.256 -28.959 4.05 -0.383 -0.832 -0.401
-11.83 -28.707 3.449 0 -1 0
-10.837 -29.113 2.634 -0.707 -0.595 -0.382
-11.324 -28.757 2.662 -0.383 -0.832 -0.401
-10.165 -24.51 2.665 -0.383 0.832 -0.401
-10.739 -24.647 2.637 0 0.924 -0.383
-12.093 -24.562 3.91 0 0.924 0.383
-8.474 -22.759 8.119 -0.924 0.191 0.331
-8.799 -23.489 8.317 -0.707 0.678 0.199
-8.799 -23.166 7.815 -0.707 0.463 0.534
-9.259 -26.23 6.537 0.707 -0.707 0
-9.259 -26.399 7.11 0.707 -0.595 -0.382
-9.259 -27.986 5.735 0.707 0.463 0.534
-9.259 -27.442 5.487 0.707 0.101 0.7
-9.259 -26.85 5.572 0.707 -0.294 0.643
-9.259 -26.399 5.964 0.707 -0.595 0.382
-9.584 -26.717 6.537 0.924 -0.383 0
-9.584 -27.004 7.034 0.924 -0.191 -0.331
-9.584 -27.578 6.04 0.924 0.191 0.331
-9.584 -27.004 6.04 0.924 -0.191 0.331
-9.699 -27.291 6.537 1 -0 0
-7.922 -27.875 5.013 0 0.383 0.924
-7.922 -27.301 4.899 0 -0 1
-7.77 -30.641 6.293 -0.383 0.576 0.722
-8.344 -30.351 5.991 0 0.383 0.924
-7.415 -35 6.289 0 -0.924 -0.383
-8.114 -32.726 4.036 -0.383 -0.576 -0.722
-7.471 -25.053 6.817 0.383 -0.924 0
-7.405 -27.828 0.894 0.383 -0.576 -0.722
-1.003 -21.66 5.263 0 0.924 -0.383
0.017 -27.743 4.478 -0.707 0.463 -0.534
0.017 -28.066 3.976 -0.707 0.678 -0.199
0.694 -27.594 6.563 0 -0 1
5.894 -24.32 3.036 0.383 0.924 -0
-3.099 -34.177 5.666 0 -0.383 0.924
-3.374 -30.077 3.823 0 0.383 -0.924
-3.374 -30.564 3.498 0 0.707 -0.707
-0.458 -29.954 2.359 -0.924 0.191 -0.331
-0.783 -30.362 2.663 -0.707 0.463 -0.534
-1.27 -30.531 2.945 -0.383 0.576 -0.722
4.256 -30.216 1.224 0 -0.383 -0.924
3.682 -29.926 0.922 0.383 -0.576 -0.722
7.6 -24.728 2.585 0 0.924 0.383
6.986 -24.732 3.22 0.383 0.924 -0
6.667 -29.592 5.515 -0.383 0.576 0.722
6.507 -28.315 4.819 -0.383 0.206 0.901
4.828 -28.621 4.819 0.383 0.206 0.901
4.828 -28.004 4.819 0.383 -0.206 0.901
5.38 -29.537 5.192 0 0.707 0.707
4.806 -29.725 5.652 0.383 0.832 0.401
4.806 -29.341 5.169 0.383 0.576 0.722
4.32 -29.171 5.451 0.707 0.463 0.534
-0.963 -32.3 2.955 0.707 -0.294 -0.643
0.239 -31.051 2.259 -0.383 -0.576 -0.722
5.946 -28.736 0.749 0 -0.707 -0.707
5.372 -28.932 0.772 0.383 -0.576 -0.722
8.129 -29.336 1.578 0 -0.383 -0.924
12.236 -28.322 6.778 -0.707 -0.294 0.643
12.937 -30.08 6.573 -0.707 -0.707 0
12.45 -29.892 5.972 -0.383 -0.832 0.401
2.32 -32.712 4.081 -0.707 -0.595 -0.382
1.834 -32.356 4.109 -0.383 -0.832 -0.401
1.834 -32.74 4.591 -0.383 -0.576 -0.722
0.284 -32.759 4.654 0.383 -0.576 -0.722
16.434 -24.795 5.498 -0.383 0.206 -0.901
15.055 -29.72 6.451 0.707 -0.595 -0.382
18.918 -25.92 7.479 0.707 -0.595 -0.382
15.759 -22.677 9.883 -0.707 -0.707 0
15.759 -23.297 8.918 -0.707 -0.294 0.643
15.759 -22.846 9.309 -0.707 -0.595 0.382
16.788 -24.166 9.151 0 -0 1
17.443 -23.839 9.321 -0.383 -0.206 0.901
17.699 -22.442 9.78 0.707 -0.294 0.643
17.699 -21.991 10.172 0.707 -0.595 0.382
17.106 -17.466 8.147 -0.707 0.678 0.199
16.521 -17.912 8.51 -0.383 0.924 -0
16.336 -18.917 11.556 0.383 0.832 0.401
4.77 -34.195 4.654 0.383 -0.924 0
-16.105 -26.712 9.471 -0 0.121 0.993
-16.705 -26.425 9.225 -0.5 0.36 0.788
-16.705 -27.005 9.309 -0.5 -0.123 0.857
-16.705 -27.538 9.065 -0.5 -0.567 0.654
-16.705 -27.854 8.573 -0.5 -0.831 0.244
-16.705 -27.854 7.987 -0.5 -0.831 -0.244
-17.144 -26.557 8.8 -0.866 0.25 0.433
-17.144 -27.157 8.8 -0.866 -0.25 0.433
-17.144 -27.457 8.28 -0.866 -0.5 -0
-17.144 -27.157 7.76 -0.866 -0.25 -0.433
-17.305 -26.857 8.28 -1 0 0
-15.128 -23.627 7.956 -0 0.956 0.295
-15.128 -23.886 8.493 -0 0.826 0.563
-15.128 -24.291 8.93 -0 0.623 0.782
-15.128 -24.807 9.228 -0 0.365 0.931
-15.128 -25.389 9.36 -0 0.075 0.997
-15.746 -23.636 7.366 -0.309 0.951 0
-15.746 -23.739 7.984 -0.309 0.9 0.309
-15.746 -24.037 8.534 -0.309 0.751 0.584
-15.746 -24.498 8.958 -0.309 0.52 0.796
-15.746 -25.071 9.21 -0.309 0.233 0.922
-15.746 -24.037 6.198 -0.309 0.751 -0.584
-15.746 -23.739 6.748 -0.309 0.9 -0.309
-16.304 -23.92 7.366 -0.588 0.809 0
-16.304 -24.043 7.985 -0.588 0.747 0.31
-16.304 -24.394 8.51 -0.588 0.572 0.572
-16.304 -24.919 8.861 -0.588 0.31 0.747
-16.304 -24.043 6.747 -0.588 0.747 -0.31
-16.746 -24.362 7.366 -0.809 0.588 0
-16.746 -24.52 7.954 -0.809 0.509 0.294
-16.746 -24.95 8.384 -0.809 0.294 0.509
-17.03 -24.92 7.366 -0.951 0.309 0
-12.133 -29.944 10.114 -0 -0.989 0.149
-12.133 -29.944 9.518 -0 -0.989 -0.149
-12.751 -29.842 10.129 -0.309 -0.938 0.157
-12.751 -29.842 9.503 -0.309 -0.938 -0.157
-13.309 -26.822 10.96 -0.588 0.572 0.572
-13.309 -29.11 10.96 -0.588 -0.572 0.572
-13.751 -27.378 10.834 -0.809 0.294 0.509
-13.751 -27.966 10.992 -0.809 -0 0.588
-13.751 -28.554 10.834 -0.809 -0.294 0.509
-13.89 -29.04 6.124 -0.588 -0.747 -0.31
-16.404 -25.519 5.662 -0.5 -0.123 -0.857
-16.404 -24.939 5.746 -0.5 0.36 -0.788
-16.843 -25.071 6.171 -0.866 0.25 -0.433
-13.79 -23.533 5.688 -0 0.885 -0.465
-13.141 -23.627 7.365 0.309 0.9 0.309
-13.759 -23.515 7.337 -0 0.956 0.295
-12.439 -24.234 8.393 0.223 0.878 0.423
-11.522 -26.118 11.908 -0.588 0.572 0.572
-11.147 -29.523 11.807 0.174 -0.837 0.518
-11.147 -29.746 11.234 0.174 -0.968 0.181
-11.737 -28.558 12.536 -0.174 -0.27 0.947
-11.737 -29.109 12.262 -0.174 -0.593 0.786
-11.737 -29.523 11.807 -0.174 -0.837 0.518
-12.292 -27.645 12.326 -0.5 0.268 0.824
-12.292 -28.254 12.39 -0.5 -0.091 0.861
-12.292 -28.836 12.201 -0.5 -0.433 0.75
-12.292 -29.291 11.791 -0.5 -0.701 0.509
-9.676 -35.077 5.533 -0 -0.733 -0.68
-10.294 -35.284 5.988 -0.309 -0.836 -0.453
-10.294 -34.899 5.494 -0.309 -0.644 -0.7
-10.294 -34.375 5.151 -0.309 -0.382 -0.871
-10.852 -34.755 5.749 -0.588 -0.572 -0.572
-12.205 -29.747 5.537 -0.223 -0.878 -0.423
-13.525 -29.038 3.175 -0.223 -0.975 0
-13.525 -28.903 2.583 -0.223 -0.878 -0.423
-13.525 -28.524 2.108 -0.223 -0.608 -0.762
-14.086 -28.723 3.483 -0.623 -0.75 0.22
-14.086 -28.723 2.867 -0.623 -0.75 -0.22
-14.086 -28.39 2.348 -0.623 -0.512 -0.591
-14.086 -27.829 2.092 -0.623 -0.111 -0.774
-14.474 -28.28 3.175 -0.901 -0.434 -0
-14.474 -27.977 2.649 -0.901 -0.217 -0.376
-14.474 -27.369 2.649 -0.901 0.217 -0.376
-12.479 -23.88 2.575 0.223 0.975 0
-12.479 -24.015 1.983 0.223 0.878 -0.423
-13.103 -23.88 2.575 -0.223 0.975 0
-13.103 -24.941 1.244 -0.223 0.217 -0.95
-13.103 -24.394 1.508 -0.223 0.608 -0.762
-13.103 -24.015 1.983 -0.223 0.878 -0.423
-13.664 -24.15 2.575 -0.623 0.782 0
-13.664 -25.401 1.492 -0.623 -0.111 -0.774
-13.664 -24.79 1.579 -0.623 0.325 -0.711
-13.664 -24.324 1.983 -0.623 0.658 -0.423
-14.052 -24.638 2.575 -0.901 0.434 0
-14.052 -24.941 2.049 -0.901 0.217 -0.376
-9.419 -22.826 3.608 -0.309 0.751 -0.584
-9.977 -23.183 3.632 -0.588 0.572 -0.572
-9.977 -22.832 4.157 -0.588 0.747 -0.31
-10.001 -22.51 5.857 -0.766 0.643 0
-10.001 -22.684 6.448 -0.766 0.541 0.348
-9.146 -23.987 10.958 -0.309 0.751 0.584
-9.704 -23.993 10.409 -0.588 0.747 0.31
-9.228 -25.72 13.166 -0 0.623 0.782
-9.846 -25.466 12.77 -0.309 0.751 0.584
-9.846 -25.927 13.194 -0.309 0.52 0.796
-10.404 -25.823 12.746 -0.588 0.572 0.572
-10.404 -26.348 13.097 -0.588 0.31 0.747
-7.719 -27.723 13.238 0.901 -0.217 0.376
-8.107 -26.964 13.708 0.623 0.325 0.711
-8.107 -27.575 13.795 0.623 -0.111 0.774
-8.107 -28.136 13.539 0.623 -0.512 0.591
-8.107 -28.469 13.02 0.623 -0.75 0.22
-8.668 -27.115 14.043 0.223 0.217 0.95
-8.668 -27.723 14.043 0.223 -0.217 0.95
-8.668 -28.27 13.779 0.223 -0.608 0.762
-8.668 -28.649 13.304 0.223 -0.878 0.423
-9.292 -27.115 14.043 -0.223 0.217 0.95
-9.292 -27.723 14.043 -0.223 -0.217 0.95
-9.292 -28.27 13.779 -0.223 -0.608 0.762
-9.292 -28.649 13.304 -0.223 -0.878 0.423
-9.853 -27.575 13.795 -0.623 -0.111 0.774
-7.61 -28.143 11.602 0.809 -0.588 0
-8.052 -28.585 11.602 0.588 -0.809 0
-8.052 -28.462 10.983 0.588 -0.747 -0.31
-8.61 -28.843 11.289 0.309 -0.938 -0.157
-7.352 -26.983 9.171 0.588 -0.747 -0.31
-7.352 -26.632 8.646 0.588 -0.572 -0.572
-9.638 -32.666 9.257 -0 0.826 0.563
-10.256 -32.817 9.298 -0.309 0.751 0.584
-11.052 -36.46 8.36 -0.174 -0.968 -0.181
-11.052 -36.237 7.787 -0.174 -0.837 -0.518
-11.607 -33.469 9.267 -0.5 0.791 0.352
-11.607 -33.829 9.762 -0.5 0.579 0.644
-11.607 -36.254 8.362 -0.5 -0.847 -0.18
-12.059 -34.36 9.662 -0.766 0.267 0.585
-12.059 -35.862 8.976 -0.766 -0.617 0.181
-12.11 -35.39 7.481 -0.5 -0.567 -0.654
-12.549 -34.109 8.266 -0.866 0.5 0
-12.549 -35.309 8.266 -0.866 -0.5 -0
-12.549 -35.009 7.746 -0.866 -0.25 -0.433
-12.549 -34.409 7.746 -0.866 0.25 -0.433
-12.71 -34.709 8.266 -1 0 0
-11.513 -33.783 5.914 -0.866 -0.25 -0.433
-11.513 -33.183 5.914 -0.866 0.25 -0.433
-9.02 -35.991 7.225 0.309 -0.836 -0.453
-9.638 -36.12 7.262 -0 -0.901 -0.434
-8.263 -31.474 1.7 0.623 -0.512 -0.591
-8.824 -31.987 1.935 0.223 -0.878 -0.423
-8.824 -31.608 1.46 0.223 -0.608 -0.762
-8.824 -31.061 1.196 0.223 -0.217 -0.95
-9.448 -31.987 1.935 -0.223 -0.878 -0.423
-9.448 -31.608 1.46 -0.223 -0.608 -0.762
-9.448 -31.061 1.196 -0.223 -0.217 -0.95
-10.009 -31.807 2.219 -0.623 -0.75 -0.22
-10.009 -31.474 1.7 -0.623 -0.512 -0.591
-10.009 -30.913 1.444 -0.623 -0.111 -0.774
-10.397 -31.061 3.053 -0.901 -0.217 0.376
-10.397 -31.364 2.527 -0.901 -0.434 -0
-10.397 -31.061 2.001 -0.901 -0.217 -0.376
-10.328 -27.884 0.047 -0 -0.5 -0.866
-10.328 -27.329 -0.171 -0 -0.223 -0.975
-10.328 -26.735 -0.215 -0 0.075 -0.997
-10.946 -27.648 0.037 -0.309 -0.382 -0.871
-10.946 -27.041 -0.117 -0.309 -0.079 -0.948
-11.504 -27.503 0.284 -0.588 -0.31 -0.747
-11.366 -25.835 0.227 -0.5 0.36 -0.788
-7.378 -24.334 0.917 -0 0.365 -0.931
-7.378 -23.818 1.215 -0 0.623 -0.782
-7.378 -23.413 1.652 -0 0.826 -0.563
-7.351 -22.068 3.557 -0.309 0.751 -0.584
-6.722 -20.272 6.759 -0 1 0
-7.34 -20.473 6.141 -0.309 0.9 -0.309
-7.898 -20.777 6.14 -0.588 0.747 -0.31
-6.853 -20.539 8.398 0.223 0.878 0.423
-6.853 -20.918 8.873 0.223 0.608 0.762
-6.853 -21.465 9.137 0.223 0.217 0.95
-7.477 -20.539 8.398 -0.223 0.878 0.423
-7.477 -20.918 8.873 -0.223 0.608 0.762
-8.038 -20.674 7.806 -0.623 0.782 0
-8.038 -20.848 8.398 -0.623 0.658 0.423
-8.038 -21.314 8.802 -0.623 0.325 0.711
-8.426 -21.465 8.332 -0.901 0.217 0.376
-6.62 -25.513 12.004 0.866 0.25 0.433
-6.62 -26.113 12.004 0.866 -0.25 0.433
-7.059 -25.381 12.429 0.5 0.36 0.788
-6.306 -25.339 8.528 0.766 -0.421 -0.486
-5.468 -28.455 5.856 0.309 0.751 0.584
-6.393 -30.567 7.672 -0.223 0.608 0.762
-6.714 -32.533 9.474 0.309 0.751 0.584
-6.714 -35.91 8.619 0.309 -0.938 0.157
-6.714 -35.91 7.993 0.309 -0.938 -0.157
-7.332 -32.382 9.433 -0 0.826 0.563
-7.332 -32.787 9.87 -0 0.623 0.782
-7.332 -33.303 10.168 -0 0.365 0.931
-7.332 -35.836 7.438 -0 -0.901 -0.434
-7.95 -32.533 9.474 -0.309 0.751 0.584
-8.205 -34.97 10.409 0.174 -0.27 0.947
-8.205 -35.521 10.135 0.174 -0.593 0.786
-8.205 -35.935 9.68 0.174 -0.837 0.518
-8.205 -36.158 9.107 0.174 -0.968 0.181
-8.795 -33.766 10.298 -0.174 0.439 0.882
-8.795 -34.358 10.466 -0.174 0.091 0.981
-10.723 -35.093 10.607 -0 0.121 0.993
-10.723 -35.664 10.538 -0 -0.355 0.935
-10.723 -36.136 10.212 -0 -0.749 0.663
-10.723 -36.403 9.703 -0 -0.971 0.239
-11.323 -35.386 10.445 -0.5 -0.123 0.857
-11.323 -35.919 10.201 -0.5 -0.567 0.654
-4.989 -35.757 5.609 0.223 -0.878 0.423
-5.613 -35.892 5.017 -0.223 -0.975 0
-5.613 -35.757 4.425 -0.223 -0.878 -0.423
-5.613 -35.378 3.95 -0.223 -0.608 -0.762
-6.174 -35.577 4.709 -0.623 -0.75 -0.22
-8.55 -27.357 -0.2 -0 -0.355 -0.935
-8.839 -25.887 -0.069 -0 0.365 -0.931
-5.56 -26.667 0.237 0.5 -0.123 -0.857
-5.56 -26.087 0.321 0.5 0.36 -0.788
-6.16 -26.374 0.075 -0 0.121 -0.993
-5.165 -22.574 2.856 0.174 0.439 -0.882
-5.454 -21.024 4.052 -0.309 0.751 -0.584
-5.454 -20.726 4.602 -0.309 0.9 -0.309
-4.339 -20.622 7.411 0.5 0.729 0.468
-4.339 -21.064 7.794 0.5 0.36 0.788
-4.339 -21.644 7.878 0.5 -0.123 0.857
-4.939 -20.433 7.407 -0 0.885 0.465
-5.73 -24.431 9.848 1 0 0
-5.891 -24.131 10.368 0.866 0.25 0.433
-6.33 -23.557 10.41 0.5 0.729 0.468
-4.648 -29.867 7.102 0.309 0.52 0.796
-4.648 -30.44 7.354 0.309 0.233 0.922
-5.266 -29.66 7.074 -0 0.623 0.782
-4.883 -32.209 8.076 0.588 0.31 0.747
-4.995 -33.891 9.434 0.901 0.217 0.376
-4.995 -34.499 9.434 0.901 -0.217 0.376
-4.995 -34.802 8.908 0.901 -0.434 -0
-5.383 -33.74 9.904 0.623 0.325 0.711
-5.383 -34.351 9.991 0.623 -0.111 0.774
-5.383 -34.912 9.735 0.623 -0.512 0.591
-5.383 -35.245 9.216 0.623 -0.75 0.22
-5.383 -35.245 8.6 0.623 -0.75 -0.22
-5.944 -33.891 10.239 0.223 0.217 0.95
-5.944 -34.499 10.239 0.223 -0.217 0.95
-5.944 -35.046 9.975 0.223 -0.608 0.762
-4.456 -26.759 2.011 1 0 0
-4.595 -27.366 2.011 0.901 -0.434 -0
-4.595 -27.063 1.485 0.901 -0.217 -0.376
-4.595 -26.455 1.485 0.901 0.217 -0.376
-4.218 -24.198 6.125 0.309 -0.836 0.453
-2.554 -22.59 3.281 0.5 -0.123 -0.857
-2.554 -22.01 3.365 0.5 0.36 -0.788
-3.154 -22.297 3.119 -0 0.121 -0.993
-2.723 -20.81 4.405 0.5 0.791 -0.352
-3.278 -20.918 3.876 0.174 0.728 -0.663
-3.278 -20.594 4.399 0.174 0.918 -0.356
-0.669 -21.01 6.541 -0 1 0
-0.669 -21.147 7.099 -0 0.885 0.465
0.367 -22.064 7.666 0.5 0.579 0.644
0.367 -22.594 7.972 0.5 0.268 0.824
-0.188 -22.303 8.071 0.174 0.439 0.882
-0.188 -22.895 8.239 0.174 0.091 0.981
-0.778 -22.303 8.071 -0.174 0.439 0.882
-0.902 -23.989 8.242 -0 -0.355 0.935
-1.502 -23.711 8.149 -0.5 -0.123 0.857
-1.502 -24.244 7.905 -0.5 -0.567 0.654
-0.818 -25.528 4.758 -0.809 -0.294 -0.509
-1.102 -25.558 5.776 -0.951 -0.309 -0
3.652 -22.551 5.138 0.809 0.294 0.509
3.21 -21.995 5.264 0.588 0.572 0.572
3.21 -22.52 5.615 0.588 0.31 0.747
0.858 -23.139 2.502 -0.588 0 -0.809
0.858 -22.52 2.625 -0.588 0.31 -0.747
0.416 -23.139 2.944 -0.809 -0 -0.588
1.356 -21.144 5.557 0.174 0.918 0.356
0.766 -21.031 4.952 -0.174 0.985 0
0.766 -21.144 4.347 -0.174 0.918 -0.356
0.211 -21.36 4.353 -0.5 0.791 -0.352
1.635 -22.936 7.263 0.588 0.31 0.747
1.976 -24.94 7.394 0.588 -0 0.809
1.418 -25.097 7.672 0.309 -0.079 0.948
1.418 -25.704 7.518 0.309 -0.382 0.871
0.8 -25.385 7.726 -0 -0.223 0.975
3.863 -21.741 3.364 0.901 0.434 0
3.475 -21.253 3.364 0.623 0.782 0
3.475 -21.893 2.368 0.623 0.325 -0.711
3.475 -21.427 2.772 0.623 0.658 -0.423
2.914 -20.983 3.364 0.223 0.975 0
2.914 -22.044 2.033 0.223 0.217 -0.95
2.914 -21.497 2.297 0.223 0.608 -0.762
2.914 -21.118 2.772 0.223 0.878 -0.423
2.29 -20.983 3.364 -0.223 0.975 0
2.29 -22.044 2.033 -0.223 0.217 -0.95
2.29 -21.497 2.297 -0.223 0.608 -0.762
2.29 -21.118 2.772 -0.223 0.878 -0.423
5.607 -24.632 5.788 0.223 0.608 0.762
5.607 -25.179 6.052 0.223 0.217 0.95
5.607 -25.787 6.052 0.223 -0.217 0.95
-0.607 -28.816 7.073 -0.309 0.52 0.796
1.088 -29.293 -0.511 0.223 -0.217 -0.95
0.464 -29.84 -0.247 -0.223 -0.608 -0.762
0.464 -29.293 -0.511 -0.223 -0.217 -0.95
0.464 -28.685 -0.511 -0.223 0.217 -0.95
-0.097 -27.894 0.82 -0.623 0.782 0
-0.097 -29.706 -0.007 -0.623 -0.512 -0.591
-0.097 -29.145 -0.263 -0.623 -0.111 -0.774
-0.097 -28.534 -0.176 -0.623 0.325 -0.711
-0.097 -28.068 0.228 -0.623 0.658 -0.423
-0.485 -28.382 0.82 -0.901 0.434 0
-0.485 -29.293 0.294 -0.901 -0.217 -0.376
-0.485 -28.685 0.294 -0.901 0.217 -0.376
-0.624 -28.989 0.82 -1 0 0
3.942 -27.77 -0.924 0.309 -0.079 -0.948
3.324 -29.079 -0.388 -0 -0.733 -0.68
3.324 -28.613 -0.76 -0 -0.5 -0.866
3.324 -28.058 -0.978 -0 -0.223 -0.975
3.324 -27.464 -1.022 -0 0.075 -0.997
3.324 -26.882 -0.89 -0 0.365 -0.931
4.002 -24.69 0.277 -0 0.826 -0.563
3.384 -25.302 -0.188 -0.309 0.52 -0.796
9.398 -24.785 4.367 0.309 0.9 0.309
9.398 -25.083 4.917 0.309 0.751 0.584
8.78 -24.584 3.749 -0 1 0
8.78 -24.673 4.339 -0 0.956 0.295
8.78 -24.932 4.876 -0 0.826 0.563
8.78 -25.337 5.313 -0 0.623 0.782
8.879 -26.563 6.198 -0.309 0.52 0.796
8.879 -27.136 6.45 -0.309 0.233 0.922
3.091 -29.479 8.119 0.5 0.36 0.788
2.022 -30.298 8.509 -0 0.075 0.997
1.404 -29.407 8.107 -0.309 0.52 0.796
1.404 -29.98 8.359 -0.309 0.233 0.922
0.927 -32.38 8.757 -0.309 0.233 0.922
0.369 -32.228 8.408 -0.588 0.31 0.747
0.369 -32.847 8.531 -0.588 -0 0.809
-0.073 -32.847 8.089 -0.809 -0 0.588
-1.041 -35.257 4.154 0.623 -0.75 -0.22
-1.041 -34.924 3.635 0.623 -0.512 -0.591
-1.602 -35.437 5.054 0.223 -0.878 0.423
-1.602 -35.572 4.462 0.223 -0.975 0
-1.602 -35.437 3.87 0.223 -0.878 -0.423
-1.602 -35.058 3.395 0.223 -0.608 -0.762
-2.226 -35.437 3.87 -0.223 -0.878 -0.423
-2.226 -35.058 3.395 -0.223 -0.608 -0.762
-1.708 -32.395 1.898 0.623 -0.111 -0.774
-2.269 -33.09 1.914 0.223 -0.608 -0.762
-2.269 -32.543 1.65 0.223 -0.217 -0.95
-2.269 -31.935 1.65 0.223 0.217 -0.95
-2.893 -33.09 1.914 -0.223 -0.608 -0.762
-2.893 -32.543 1.65 -0.223 -0.217 -0.95
-2.893 -31.935 1.65 -0.223 0.217 -0.95
-2.893 -31.388 1.914 -0.223 0.608 -0.762
2.54 -31.625 0.844 0.223 -0.608 -0.762
2.54 -31.078 0.58 0.223 -0.217 -0.95
1.916 -31.625 0.844 -0.223 -0.608 -0.762
1.985 -26.97 -0.564 -0.5 0.36 -0.788
6.202 -31.38 1.33 0.309 -0.382 -0.871
6.202 -30.773 1.176 0.309 -0.079 -0.948
5.584 -31.061 1.122 -0 -0.223 -0.975
7.951 -27.93 -0.465 0.623 -0.512 -0.591
7.951 -27.369 -0.721 0.623 -0.111 -0.774
7.39 -28.443 -0.23 0.223 -0.878 -0.423
7.39 -28.064 -0.705 0.223 -0.608 -0.762
7.39 -27.517 -0.969 0.223 -0.217 -0.95
7.39 -26.909 -0.969 0.223 0.217 -0.95
6.766 -28.064 -0.705 -0.223 -0.608 -0.762
6.766 -27.517 -0.969 -0.223 -0.217 -0.95
6.766 -26.909 -0.969 -0.223 0.217 -0.95
9.69 -24.589 1.089 0.901 0.434 0
9.69 -25.5 0.563 0.901 -0.217 -0.376
9.69 -24.892 0.563 0.901 0.217 -0.376
9.302 -24.101 1.089 0.623 0.782 0
9.302 -25.352 0.006 0.623 -0.111 -0.774
9.302 -24.741 0.093 0.623 0.325 -0.711
9.302 -24.275 0.497 0.623 0.658 -0.423
8.741 -23.831 1.089 0.223 0.975 0
8.741 -23.966 1.681 0.223 0.878 0.423
8.741 -24.892 -0.242 0.223 0.217 -0.95
8.741 -24.345 0.022 0.223 0.608 -0.762
8.741 -23.966 0.497 0.223 0.878 -0.423
8.117 -23.831 1.089 -0.223 0.975 0
8.117 -23.966 1.681 -0.223 0.878 0.423
8.117 -24.345 0.022 -0.223 0.608 -0.762
8.117 -23.966 0.497 -0.223 0.878 -0.423
10.006 -24.86 3.465 0.5 0.866 0
12.883 -24.885 5.537 -0.309 0.9 -0.309
12.325 -25.066 6.155 -0.588 0.809 0
8.909 -29.726 6.518 -0 0.075 0.997
5.553 -30.805 7.664 0.623 0.325 0.711
4.434 -31.639 8.656 0.309 0.233 0.922
3.816 -31.375 8.674 -0 0.365 0.931
3.816 -31.957 8.806 -0 0.075 0.997
3.881 -33.999 9.082 0.309 0.233 0.922
3.881 -34.623 9.134 0.309 -0.079 0.948
3.263 -33.735 9.1 -0 0.365 0.931
3.263 -34.317 9.232 -0 0.075 0.997
3.263 -34.911 9.188 -0 -0.223 0.975
1.879 -33.972 9.15 -0 0.075 0.997
1.261 -34.278 9.052 -0.309 -0.079 0.948
1.261 -34.885 8.898 -0.309 -0.382 0.871
1.261 -35.409 8.555 -0.309 -0.644 0.7
1.261 -35.794 6.251 -0.309 -0.836 -0.453
0.703 -34.121 8.774 -0.588 -0 0.809
0.703 -34.74 8.651 -0.588 -0.31 0.747
0.622 -35.766 7.562 -0.5 -0.831 0.244
4.585 -33.615 1.926 0.174 -0.593 -0.786
3.995 -33.615 1.926 -0.174 -0.593 -0.786
6.024 -33.228 2.157 0.309 -0.644 -0.7
6.024 -32.704 1.814 0.309 -0.382 -0.871
14.597 -28.134 2.906 0.901 -0.217 -0.376
14.597 -27.526 2.906 0.901 0.217 -0.376
14.209 -27.986 2.349 0.623 -0.111 -0.774
14.209 -27.375 2.436 0.623 0.325 -0.711
14.209 -26.909 2.84 0.623 0.658 -0.423
13.648 -28.134 2.101 0.223 -0.217 -0.95
13.648 -27.526 2.101 0.223 0.217 -0.95
13.648 -26.979 2.365 0.223 0.608 -0.762
13.648 -26.6 2.84 0.223 0.878 -0.423
13.024 -26.6 2.84 -0.223 0.878 -0.423
14.521 -22.437 5.794 -0.809 -0 -0.588
13.66 -25.186 8.959 -0.309 0.52 0.796
12.66 -25.208 7.955 -0.809 0.509 0.294
12.66 -25.638 8.385 -0.809 0.294 0.509
12.682 -29.35 9.811 -0.809 0.294 0.509
12.398 -29.32 8.793 -0.951 0.309 0
14.879 -30.744 4.483 0.901 -0.434 -0
14.879 -30.441 3.957 0.901 -0.217 -0.376
14.491 -31.187 4.791 0.623 -0.75 0.22
14.491 -31.187 4.175 0.623 -0.75 -0.22
14.491 -30.854 3.656 0.623 -0.512 -0.591
14.491 -30.293 3.4 0.623 -0.111 -0.774
13.93 -31.502 4.483 0.223 -0.975 0
13.93 -31.367 3.891 0.223 -0.878 -0.423
13.93 -30.988 3.416 0.223 -0.608 -0.762
13.93 -30.441 3.152 0.223 -0.217 -0.95
9.614 -32.732 5.822 0.901 -0.217 0.376
9.614 -33.035 5.296 0.901 -0.434 -0
9.226 -32.584 6.379 0.623 -0.111 0.774
9.226 -33.145 6.123 0.623 -0.512 0.591
9.226 -33.478 5.604 0.623 -0.75 0.22
9.226 -33.478 4.988 0.623 -0.75 -0.22
8.665 -32.124 6.627 0.223 0.217 0.95
8.665 -32.732 6.627 0.223 -0.217 0.95
8.665 -33.279 6.363 0.223 -0.608 0.762
8.665 -33.658 5.888 0.223 -0.878 0.423
8.665 -33.793 5.296 0.223 -0.975 0
4.985 -35.889 7.987 0.901 -0.217 0.376
4.985 -36.192 7.461 0.901 -0.434 -0
4.597 -36.302 8.288 0.623 -0.512 0.591
4.597 -36.635 7.769 0.623 -0.75 0.22
4.597 -36.635 7.153 0.623 -0.75 -0.22
4.597 -36.302 6.634 0.623 -0.512 -0.591
4.036 -36.436 8.528 0.223 -0.608 0.762
4.036 -36.815 8.053 0.223 -0.878 0.423
4.036 -36.95 7.461 0.223 -0.975 0
4.036 -36.815 6.869 0.223 -0.878 -0.423
3.412 -36.436 8.528 -0.223 -0.608 0.762
3.412 -36.815 8.053 -0.223 -0.878 0.423
3.412 -36.95 7.461 -0.223 -0.975 0
3.412 -36.815 6.869 -0.223 -0.878 -0.423
4.18 -34.574 3.263 -0 -0.971 -0.239
3.58 -34.406 3.257 -0.5 -0.831 -0.244
6.623 -34.202 4.609 0.174 -0.968 0.181
6.623 -34.202 3.993 0.174 -0.968 -0.181
6.623 -33.979 3.42 0.174 -0.837 -0.518
8.089 -33.576 3.706 0.309 -0.836 -0.453
8.089 -33.191 3.212 0.309 -0.644 -0.7
8.089 -32.667 2.869 0.309 -0.382 -0.871
10.472 -29.115 1.513 0.309 0.233 -0.922
11.535 -30.851 1.954 0.623 -0.111 -0.774
10.974 -31.925 2.445 0.223 -0.878 -0.423
10.974 -31.546 1.97 0.223 -0.608 -0.762
10.974 -30.999 1.706 0.223 -0.217 -0.95
10.35 -31.546 1.97 -0.223 -0.608 -0.762
19.233 -25.185 5.569 0.901 -0.217 -0.376
19.233 -24.577 5.569 0.901 0.217 -0.376
18.845 -25.931 5.787 0.623 -0.75 -0.22
18.845 -25.598 5.268 0.623 -0.512 -0.591
18.845 -25.037 5.012 0.623 -0.111 -0.774
18.845 -24.426 5.099 0.623 0.325 -0.711
18.845 -23.96 5.503 0.623 0.658 -0.423
18.284 -25.732 5.028 0.223 -0.608 -0.762
18.284 -25.185 4.764 0.223 -0.217 -0.95
18.284 -24.577 4.764 0.223 0.217 -0.95
17.66 -25.185 4.764 -0.223 -0.217 -0.95
17.66 -24.577 4.764 -0.223 0.217 -0.95
16.184 -22.379 4.814 -0 0.121 -0.993
18.568 -19.038 3.936 0.623 -0.512 -0.591
18.568 -18.477 3.68 0.623 -0.111 -0.774
18.568 -17.866 3.767 0.623 0.325 -0.711
18.007 -19.551 4.171 0.223 -0.878 -0.423
18.007 -19.172 3.696 0.223 -0.608 -0.762
18.007 -18.625 3.432 0.223 -0.217 -0.95
18.007 -18.017 3.432 0.223 0.217 -0.95
18.007 -17.47 3.696 0.223 0.608 -0.762
17.383 -19.172 3.696 -0.223 -0.608 -0.762
17.383 -18.625 3.432 -0.223 -0.217 -0.95
17.383 -18.017 3.432 -0.223 0.217 -0.95
17.383 -17.47 3.696 -0.223 0.608 -0.762
17.383 -17.091 4.171 -0.223 0.878 -0.423
16.822 -19.038 3.936 -0.623 -0.512 -0.591
16.822 -18.477 3.68 -0.623 -0.111 -0.774
16.822 -17.866 3.767 -0.623 0.325 -0.711
16.822 -17.4 4.171 -0.623 0.658 -0.423
16.434 -18.017 4.237 -0.901 0.217 -0.376
14.84 -20.206 5.597 -0.5 0.36 -0.788
13.966 -21.307 6.799 -0.951 -0.155 -0.268
13.966 -20.689 6.799 -0.951 0.155 -0.268
13.775 -21.539 8.535 -0.901 -0.434 -0
14.598 -26.112 10.168 -0.309 0.751 0.584
14.392 -28.117 11.871 -0.588 0.572 0.572
14.392 -28.642 12.222 -0.588 0.31 0.747
13.95 -28.673 11.745 -0.809 0.294 0.509
13.497 -31.539 12.151 -0.588 -0 0.809
13.055 -30.951 11.551 -0.809 0.294 0.509
13.055 -31.539 11.709 -0.809 -0 0.588
15.738 -31.771 8.241 0.809 -0.294 -0.509
15.296 -32.327 8.115 0.588 -0.572 -0.572
14.738 -32.856 8.354 0.309 -0.836 -0.453
14.738 -32.471 7.86 0.309 -0.644 -0.7
14.12 -32.985 8.391 -0 -0.901 -0.434
14.12 -32.649 7.899 -0 -0.733 -0.68
13.502 -33.059 8.946 -0.309 -0.938 -0.157
13.502 -32.856 8.354 -0.309 -0.836 -0.453
13.502 -32.471 7.86 -0.309 -0.644 -0.7
12.944 -32.801 9.259 -0.588 -0.809 0
12.944 -32.678 8.64 -0.588 -0.747 -0.31
12.944 -32.327 8.115 -0.588 -0.572 -0.572
12.502 -32.359 9.259 -0.809 -0.588 0
12.502 -32.201 8.671 -0.809 -0.509 -0.294
12.502 -31.771 8.241 -0.809 -0.294 -0.509
12.218 -30.874 9.794 -0.951 0.155 0.268
12.218 -31.492 9.794 -0.951 -0.155 0.268
12.218 -31.801 9.259 -0.951 -0.309 -0
12.218 -31.492 8.724 -0.951 -0.155 -0.268
12.12 -31.183 9.259 -1 -0 -0
17.388 -28.147 6.352 0.588 -0.31 -0.747
18.809 -27.858 7.777 0.901 -0.217 -0.376
18.421 -28.604 7.995 0.623 -0.75 -0.22
20.133 -24.764 8.538 1 0 0
19.994 -24.157 8.538 0.901 0.434 0
19.994 -24.46 9.064 0.901 0.217 0.376
19.994 -25.068 9.064 0.901 -0.217 0.376
19.994 -25.371 8.538 0.901 -0.434 -0
19.994 -25.068 8.012 0.901 -0.217 -0.376
19.994 -24.46 8.012 0.901 0.217 -0.376
19.606 -23.843 9.13 0.623 0.658 0.423
19.606 -24.309 9.534 0.623 0.325 0.711
19.606 -24.92 9.621 0.623 -0.111 0.774
19.606 -25.481 9.365 0.623 -0.512 0.591
19.045 -24.46 9.869 0.223 0.217 0.95
19.045 -25.068 9.869 0.223 -0.217 0.95
18.984 -20.342 9.69 0.951 -0.155 0.268
18.984 -20.651 9.155 0.951 -0.309 -0
20.779 -19.075 6.511 1 0 0
20.64 -18.468 6.511 0.901 0.434 0
20.64 -18.771 7.037 0.901 0.217 0.376
20.64 -19.379 7.037 0.901 -0.217 0.376
20.64 -19.682 6.511 0.901 -0.434 -0
20.64 -19.379 5.985 0.901 -0.217 -0.376
20.64 -18.771 5.985 0.901 0.217 -0.376
20.252 -18.62 7.507 0.623 0.325 0.711
20.252 -19.231 7.594 0.623 -0.111 0.774
20.252 -19.792 7.338 0.623 -0.512 0.591
20.252 -20.125 6.819 0.623 -0.75 0.22
20.252 -20.125 6.203 0.623 -0.75 -0.22
20.252 -19.792 5.684 0.623 -0.512 -0.591
20.252 -19.231 5.428 0.623 -0.111 -0.774
19.691 -19.926 5.444 0.223 -0.608 -0.762
19.597 -16.192 6.702 0.901 0.434 0
19.597 -16.495 7.228 0.901 0.217 0.376
19.209 -15.704 6.702 0.623 0.782 0
19.209 -15.878 7.294 0.623 0.658 0.423
19.209 -16.344 7.698 0.623 0.325 0.711
19.209 -15.878 6.11 0.623 0.658 -0.423
18.648 -15.434 6.702 0.223 0.975 0
18.648 -15.569 7.294 0.223 0.878 0.423
18.648 -15.948 7.769 0.223 0.608 0.762
18.648 -15.948 5.635 0.223 0.608 -0.762
18.648 -15.569 6.11 0.223 0.878 -0.423
18.024 -15.434 6.702 -0.223 0.975 0
18.024 -15.569 7.294 -0.223 0.878 0.423
18.024 -15.948 7.769 -0.223 0.608 0.762
18.024 -15.569 6.11 -0.223 0.878 -0.423
17.463 -15.704 6.702 -0.623 0.782 0
17.463 -15.878 7.294 -0.623 0.658 0.423
17.463 -15.878 6.11 -0.623 0.658 -0.423
17.075 -16.192 6.702 -0.901 0.434 0
13.123 -17.331 10.394 -0.223 0.975 0
13.123 -17.845 9.327 -0.223 0.608 -0.762
13.123 -17.466 9.802 -0.223 0.878 -0.423
12.562 -17.601 10.394 -0.623 0.782 0
12.562 -18.852 9.311 -0.623 -0.111 -0.774
12.562 -18.241 9.398 -0.623 0.325 -0.711
12.562 -17.775 9.802 -0.623 0.658 -0.423
12.174 -18.089 10.394 -0.901 0.434 0
12.174 -19 9.868 -0.901 -0.217 -0.376
12.174 -18.392 9.868 -0.901 0.217 -0.376
12.874 -20.918 10.543 -0.588 -0.747 -0.31
12.432 -20.441 10.574 -0.809 -0.509 -0.294
17.732 -20.656 12.229 0.951 0.155 0.268
17.732 -21.274 12.229 0.951 -0.155 0.268
14.654 -22.46 11.075 -0.588 -0.747 -0.31
17.464 -28.14 11.902 0.901 0.217 0.376
17.076 -27.523 11.968 0.623 0.658 0.423
17.076 -27.989 12.372 0.623 0.325 0.711
17.076 -28.6 12.459 0.623 -0.111 0.774
16.515 -27.214 11.968 0.223 0.878 0.423
16.515 -27.593 12.443 0.223 0.608 0.762
16.515 -28.14 12.707 0.223 0.217 0.95
15.891 -27.593 12.443 -0.223 0.608 0.762
15.891 -28.14 12.707 -0.223 0.217 0.95
16.751 -31.036 12.448 0.866 -0.25 0.433
16.312 -30.884 12.957 0.5 -0.123 0.857
16.312 -31.417 12.713 0.5 -0.567 0.654
15.712 -30.591 13.119 -0 0.121 0.993
15.712 -31.162 13.05 -0 -0.355 0.935
15.473 -33.344 11.926 0.623 -0.512 0.591
15.473 -33.677 11.407 0.623 -0.75 0.22
15.473 -33.677 10.791 0.623 -0.75 -0.22
14.912 -32.931 12.43 0.223 -0.217 0.95
14.912 -33.478 12.166 0.223 -0.608 0.762
14.912 -33.857 11.691 0.223 -0.878 0.423
14.912 -33.992 11.099 0.223 -0.975 0
14.912 -33.857 10.507 0.223 -0.878 -0.423
14.288 -32.931 12.43 -0.223 -0.217 0.95
14.288 -33.478 12.166 -0.223 -0.608 0.762
14.288 -33.857 11.691 -0.223 -0.878 0.423
14.288 -33.992 11.099 -0.223 -0.975 0
14.288 -33.857 10.507 -0.223 -0.878 -0.423
13.727 -33.344 11.926 -0.623 -0.512 0.591
13.727 -33.677 11.407 -0.623 -0.75 0.22
13.727 -33.677 10.791 -0.623 -0.75 -0.22
16.575 -31.848 9.998 0.951 -0.155 -0.268
16.291 -32.715 10.533 0.809 -0.588 0
16.291 -32.557 9.945 0.809 -0.509 -0.294
17.47 -29.879 10.727 0.951 -0.309 -0
18.611 -28.161 9.605 0.866 -0.25 0.433
19.019 -18.608 10.205 0.901 0.217 0.376
18.631 -18.457 10.675 0.623 0.325 0.711
18.631 -19.068 10.762 0.623 -0.111 0.774
18.07 -18.061 10.746 0.223 0.608 0.762
15.226 -17.928 11.781 0.588 0.747 0.31
14.668 -17.521 11.162 0.309 0.951 0
14.668 -17.624 11.78 0.309 0.9 0.309
14.05 -17.512 11.752 -0 0.956 0.295
12.38 -18.103 12.722 -0.5 0.866 0
12.38 -18.268 13.284 -0.5 0.729 0.468
11.941 -18.542 12.722 -0.866 0.5 0
11.941 -18.842 13.242 -0.866 0.25 0.433
11.78 -19.142 12.722 -1 0 0
13.104 -21.996 13.419 -0.588 -0.809 0
13.104 -21.873 12.8 -0.588 -0.747 -0.31
12.662 -21.554 13.419 -0.809 -0.588 0
12.378 -20.996 13.419 -0.951 -0.309 -0
17.335 -21.412 13.501 0.951 -0.155 0.268
17.051 -20.085 13.554 0.809 0.509 0.294
17.051 -20.515 13.984 0.809 0.294 0.509
17.051 -21.103 14.142 0.809 -0 0.588
17.051 -21.691 13.984 0.809 -0.294 0.509
17.051 -22.121 13.554 0.809 -0.509 0.294
16.609 -19.608 13.585 0.588 0.747 0.31
16.609 -19.959 14.11 0.588 0.572 0.572
16.609 -20.484 14.461 0.588 0.31 0.747
16.609 -21.103 14.584 0.588 -0 0.809
16.609 -21.722 14.461 0.588 -0.31 0.747
16.609 -22.247 14.11 0.588 -0.572 0.572
16.609 -22.598 13.585 0.588 -0.747 0.31
16.051 -21.26 14.862 0.309 -0.079 0.948
16.051 -21.867 14.708 0.309 -0.382 0.871
16.051 -22.391 14.365 0.309 -0.644 0.7
16.051 -22.776 13.871 0.309 -0.836 0.453
16.051 -22.979 13.279 0.309 -0.938 0.157
15.433 -22.569 14.326 -0 -0.733 0.68
15.433 -22.905 13.834 -0 -0.901 0.434
15.433 -23.081 13.264 -0 -0.989 0.149
14.815 -22.776 13.871 -0.309 -0.836 0.453
14.815 -22.979 13.279 -0.309 -0.938 0.157
14.815 -22.979 12.653 -0.309 -0.938 -0.157
15.456 -18.883 14.038 0.588 0.747 0.31
15.456 -19.234 14.563 0.588 0.572 0.572
14.898 -18.579 14.037 0.309 0.9 0.309
14.898 -18.877 14.587 0.309 0.751 0.584
14.118 -19.549 15.62 0.223 0.608 0.762
14.118 -20.096 15.884 0.223 0.217 0.95
14.118 -20.704 15.884 0.223 -0.217 0.95
14.118 -21.251 15.62 0.223 -0.608 0.762
13.494 -19.549 15.62 -0.223 0.608 0.762
13.494 -20.096 15.884 -0.223 0.217 0.95
13.494 -20.704 15.884 -0.223 -0.217 0.95
13.494 -21.251 15.62 -0.223 -0.608 0.762
12.933 -19.479 15.145 -0.623 0.658 0.423
12.933 -19.945 15.549 -0.623 0.325 0.711
12.933 -20.556 15.636 -0.623 -0.111 0.774
12.933 -21.117 15.38 -0.623 -0.512 0.591
12.545 -20.096 15.079 -0.901 0.217 0.376
12.545 -20.704 15.079 -0.901 -0.217 0.376
3 0 1740 1
3 1 1740 1741
3 1740 1742 1741
3 1741 1742 1743
3 1742 1744 1743
3 1743 1744 1745
3 1744 1746 1745
3 1745 1746 1747
3 1746 1748 1747
3 1747 1748 1749
3 1748 1750 1749
3 1749 1750 1751
3 1750 4 1751
3 1751 4 3
3 4 7 5
3 5 7 6
3 7 10 1752
3 1752 10 1754
3 1752 1754 1753
3 1753 1754 1755
3 1753 1755 8
3 8 1755 9
3 10 13 1756
3 1756 13 1758
3 1756 1758 1757
3 1757 1758 1759
3 1757 1759 11
3 11 1759 12
3 13 1760 14
3 14 1760 1761
3 1760 1762 1761
3 1761 1762 1763
3 1762 0 1763
3 1763 0 2
3 14 16 1764
3 1764 16 1766
3 1764 1766 1765
3 1765 1766 1767
3 1765 1767 12
3 12 1767 15
3 16 19 1768
3 1768 19 1769
3 1768 1769 17
3 17 1769 18
3 19 22 1770
3 1770 22 1771
3 1770 1771 20
3 20 1771 21
3 22 25 1772
3 1772 25 1773
3 1772 1773 23
3 23 1773 24
3 25 2 26
3 26 2 1
3 26 28 24
3 24 28 27
3 28 1775 1774
3 1774 1775 1776
3 1774 1776 29
3 29 1776 1777
3 1775 31 1776
3 1776 31 1778
3 1776 1778 1777
3 1777 1778 30
3 31 34 32
3 32 34 33
3 34 1780 1779
3 1779 1780 1781
3 1779 1781 35
3 35 1781 1782
3 1780 1783 1781
3 1781 1783 1784
3 1781 1784 1782
3 1782 1784 1785
3 1783 1786 1784
3 1784 1786 1787
3 1784 1787 1785
3 1785 1787 1788
3 1786 1789 1787
3 1787 1789 1790
3 1787 1790 1788
3 1788 1790 1791
3 1789 37 1790
3 1790 37 1792
3 1790 1792 1791
3 1791 1792 36
3 37 40 38
3 38 40 39
3 40 1793 41
3 41 1793 1794
3 1793 43 1794
3 1794 43 42
3 43 46 44
3 44 46 45
3 46 1795 47
3 47 1795 1796
3 1795 1797 1796
3 1796 1797 1798
3 1797 49 1798
3 1798 49 48
3 49 52 50
3 50 52 51
3 52 55 1799
3 1799 55 1801
3 1799 1801 1800
3 1800 1801 1802
3 1800 1802 53
3 53 1802 54
3 55 3 56
3 56 3 5
3 56 6 1803
3 1803 6 1805
3 1803 1805 1804
3 1804 1805 1806
3 1804 1806 54
3 54 1806 8
3 53 58 1807
3 1807 58 1808
3 1807 1808 51
3 51 1808 57
3 58 61 59
3 59 61 60
3 61 64 62
3 62 64 63
3 64 1809 65
3 65 1809 1810
3 1809 1811 1810
3 1810 1811 1812
3 1811 1813 1812
3 1812 1813 1814
3 1813 1815 1814
3 1814 1815 1816
3 1815 1817 1816
3 1816 1817 1818
3 1817 1819 1818
3 1818 1819 1820
3 1819 1821 1820
3 1820 1821 1822
3 1821 1823 1822
3 1822 1823 1824
3 1823 67 1824
3 1824 67 66
3 67 70 68
3 68 70 69
3 70 73 71
3 71 73 72
3 73 76 1825
3 1825 76 1827
3 1825 1827 1826
3 1826 1827 1828
3 1826 1828 74
3 74 1828 75
3 80 77 79
3 76 81 78
3 81 84 1829
3 1829 84 1831
3 1829 1831 1830
3 1830 1831 1832
3 1830 1832 82
3 82 1832 83
3 84 87 1833
3 1833 87 1834
3 1833 1834 85
3 85 1834 86
3 87 90 1835
3 1835 90 1836
3 1835 1836 88
3 88 1836 89
3 90 1837 91
3 91 1837 1838
3 1837 1839 1838
3 1838 1839 1840
3 1839 9 1840
3 1840 9 11
3 91 15 1841
3 1841 15 1842
3 1841 1842 89
3 89 1842 17
3 88 18 86
3 86 18 20
3 85 1843 83
3 83 1843 1844
3 1843 1845 1844
3 1844 1845 1846
3 1845 93 1846
3 1846 93 92
3 93 96 1847
3 1847 96 1849
3 1847 1849 1848
3 1848 1849 1850
3 1848 1850 94
3 94 1850 95
3 96 21 97
3 97 21 23
3 97 99 1851
3 1851 99 1852
3 1851 1852 95
3 95 1852 98
3 99 27 100
3 100 27 29
3 100 1854 1853
3 1853 1854 1855
3 1853 1855 98
3 98 1855 1856
3 1854 1857 1855
3 1855 1857 1858
3 1855 1858 1856
3 1856 1858 1859
3 1857 102 1858
3 1858 102 1860
3 1858 1860 1859
3 1859 1860 101
3 102 30 103
3 103 30 32
3 103 105 1861
3 1861 105 1862
3 1861 1862 101
3 101 1862 104
3 105 108 1863
3 1863 108 1864
3 1863 1864 106
3 106 1864 107
3 108 111 1865
3 1865 111 1866
3 1865 1866 109
3 109 1866 110
3 111 39 112
3 112 39 41
3 112 114 1867
3 1867 114 1869
3 1867 1869 1868
3 1868 1869 1870
3 1868 1870 110
3 110 1870 113
3 114 42 115
3 115 42 44
3 115 117 1871
3 1871 117 1873
3 1871 1873 1872
3 1872 1873 1874
3 1872 1874 113
3 113 1874 116
3 117 120 1875
3 1875 120 1876
3 1875 1876 118
3 118 1876 119
3 120 1877 121
3 121 1877 1878
3 1877 45 1878
3 1878 45 47
3 121 123 119
3 119 123 122
3 123 126 1879
3 1879 126 1882
3 1879 1882 1880
3 1880 1882 1883
3 1880 1883 1881
3 1881 1883 1884
3 1881 1884 124
3 124 1884 125
3 126 129 1885
3 1885 129 1888
3 1885 1888 1886
3 1886 1888 1889
3 1886 1889 1887
3 1887 1889 1890
3 1887 1890 127
3 127 1890 128
3 129 1891 130
3 130 1891 1892
3 1891 48 1892
3 1892 48 50
3 130 132 1893
3 1893 132 1896
3 1893 1896 1894
3 1894 1896 1897
3 1894 1897 1895
3 1895 1897 1898
3 1895 1898 128
3 128 1898 131
3 132 135 1899
3 1899 135 1901
3 1899 1901 1900
3 1900 1901 1902
3 1900 1902 133
3 133 1902 134
3 135 1904 1903
3 1903 1904 1905
3 1903 1905 136
3 136 1905 1906
3 1904 57 1905
3 1905 57 1907
3 1905 1907 1906
3 1906 1907 59
3 136 138 134
3 134 138 137
3 138 141 139
3 139 141 140
3 141 1908 142
3 142 1908 1909
3 1908 60 1909
3 1909 60 62
3 142 144 1910
3 1910 144 1911
3 1910 1911 140
3 140 1911 143
3 144 1912 145
3 145 1912 1913
3 1912 1914 1913
3 1913 1914 1915
3 1914 1916 1915
3 1915 1916 1917
3 1916 147 1917
3 1917 147 146
3 147 1918 148
3 148 1918 1919
3 1918 63 1919
3 1919 63 65
3 148 150 1920
3 1920 150 1921
3 1920 1921 146
3 146 1921 149
3 150 1923 1922
3 1922 1923 1924
3 1922 1924 151
3 151 1924 1925
3 1923 153 1924
3 1924 153 1926
3 1924 1926 1925
3 1925 1926 152
3 153 156 1927
3 1927 156 1928
3 1927 1928 154
3 154 1928 155
3 156 1929 157
3 157 1929 1930
3 1929 66 1930
3 1930 66 68
3 157 1931 155
3 155 1931 1932
3 1931 1933 1932
3 1932 1933 1934
3 1933 159 1934
3 1934 159 158
3 159 1935 160
3 160 1935 1936
3 1935 69 1936
3 1936 69 71
3 160 162 158
3 158 162 161
3 162 165 163
3 163 165 164
3 165 168 166
3 166 168 167
3 172 169 171
3 168 173 1937
3 1937 173 1938
3 1937 1938 170
3 173 72 1939
3 1939 72 1941
3 1939 1941 1940
3 1940 1941 1942
3 1940 1942 174
3 174 1942 74
3 174 176 1943
3 1943 176 1945
3 1943 1945 1944
3 1944 1945 1946
3 1944 1946 172
3 172 1946 175
3 177 1947 180
3 180 1947 1948
3 1948 1947 179
3 176 181 178
3 181 75 1949
3 1949 75 1953
3 1949 1953 1950
3 1950 1953 1954
3 1950 1954 1951
3 1951 1954 1955
3 1951 1955 1952
3 1952 1955 1956
3 1952 1956 182
3 182 1956 77
3 182 1957 180
3 180 1957 1958
3 1957 184 1958
3 1958 184 183
3 184 1959 185
3 185 1959 1960
3 1959 1961 1960
3 1960 1961 1962
3 1961 187 1962
3 1962 187 186
3 187 190 188
3 188 190 189
3 190 193 1963
3 1963 193 1964
3 1963 1964 191
3 191 1964 192
3 193 1966 1965
3 1965 1966 1967
3 1965 1967 194
3 194 1967 1968
3 1966 1969 1967
3 1967 1969 1970
3 1967 1970 1968
3 1968 1970 1971
3 1969 196 1970
3 1970 196 1972
3 1970 1972 1971
3 1971 1972 195
3 196 199 1973
3 1973 199 1974
3 1973 1974 197
3 197 1974 198
3 199 202 200
3 200 202 201
3 202 1975 203
3 203 1975 1976
3 1975 1977 1976
3 1976 1977 1978
3 1977 205 1978
3 1978 205 204
3 205 1979 206
3 206 1979 1980
3 1979 1981 1980
3 1980 1981 1982
3 1981 1983 1982
3 1982 1983 1984
3 1983 1985 1984
3 1984 1985 1986
3 1985 208 1986
3 1986 208 207
3 208 211 1987
3 1987 211 1990
3 1987 1990 1988
3 1988 1990 1991
3 1988 1991 1989
3 1989 1991 1992
3 1989 1992 209
3 209 1992 210
3 211 214 1993
3 1993 214 1996
3 1993 1996 1994
3 1994 1996 1997
3 1994 1997 1995
3 1995 1997 1998
3 1995 1998 212
3 212 1998 213
3 214 217 1999
3 1999 217 2002
3 1999 2002 2000
3 2000 2002 2003
3 2000 2003 2001
3 2001 2003 2004
3 2001 2004 215
3 215 2004 216
3 217 80 2005
3 2005 80 2009
3 2005 2009 2006
3 2006 2009 2010
3 2006 2010 2007
3 2007 2010 2011
3 2007 2011 2008
3 2008 2011 2012
3 2008 2012 218
3 218 2012 82
3 218 220 2013
3 2013 220 2015
3 2013 2015 2014
3 2014 2015 2016
3 2014 2016 216
3 216 2016 219
3 220 223 221
3 221 223 222
3 223 92 2017
3 2017 92 2019
3 2017 2019 2018
3 2018 2019 2020
3 2018 2020 224
3 224 2020 94
3 224 226 2021
3 2021 226 2022
3 2021 2022 222
3 222 2022 225
3 230 227 229
3 226 231 228
3 231 234 2023
3 2023 234 2025
3 2023 2025 2024
3 2024 2025 2026
3 2024 2026 232
3 232 2026 233
3 234 2028 2027
3 2027 2028 2029
3 2027 2029 235
3 235 2029 2030
3 2028 237 2029
3 2029 237 2031
3 2029 2031 2030
3 2030 2031 236
3 237 240 238
3 238 240 239
3 240 243 2032
3 2032 243 2033
3 2032 2033 241
3 241 2033 242
3 243 104 244
3 244 104 106
3 244 107 242
3 242 107 109
3 241 246 239
3 239 246 245
3 246 249 2034
3 2034 249 2035
3 2034 2035 247
3 247 2035 248
3 249 2037 2036
3 2036 2037 2038
3 2036 2038 250
3 250 2038 2039
3 2037 252 2038
3 2038 252 2040
3 2038 2040 2039
3 2039 2040 251
3 252 255 2041
3 2041 255 2042
3 2041 2042 253
3 253 2042 254
3 255 258 2043
3 2043 258 2046
3 2043 2046 2044
3 2044 2046 2047
3 2044 2047 2045
3 2045 2047 2048
3 2045 2048 256
3 256 2048 257
3 258 2052 2049
3 2049 2052 2053
3 2049 2053 2050
3 2050 2053 2054
3 2050 2054 2051
3 2051 2054 2055
3 2051 2055 259
3 259 2055 2056
3 2052 261 2053
3 2053 261 2057
3 2053 2057 2054
3 2054 2057 2058
3 2054 2058 2055
3 2055 2058 2059
3 2055 2059 2056
3 2056 2059 260
3 261 116 2060
3 2060 116 2061
3 2060 2061 262
3 262 2061 118
3 262 122 2062
3 2062 122 2064
3 2062 2064 2063
3 2063 2064 2065
3 2063 2065 260
3 260 2065 124
3 259 264 2066
3 2066 264 2067
3 2066 2067 257
3 257 2067 263
3 264 267 265
3 265 267 266
3 267 270 268
3 268 270 269
3 270 273 271
3 271 273 272
3 273 276 274
3 274 276 275
3 276 2068 277
3 277 2068 2069
3 2068 2070 2069
3 2069 2070 2071
3 2070 125 2071
3 2071 125 127
3 277 2072 275
3 275 2072 2073
3 2072 279 2073
3 2073 279 278
3 279 282 2074
3 2074 282 2075
3 2074 2075 280
3 280 2075 281
3 282 285 2076
3 2076 285 2077
3 2076 2077 283
3 283 2077 284
3 285 288 2078
3 2078 288 2080
3 2078 2080 2079
3 2079 2080 2081
3 2079 2081 286
3 286 2081 287
3 288 131 2082
3 2082 131 2084
3 2082 2084 2083
3 2083 2084 2085
3 2083 2085 289
3 289 2085 133
3 289 2086 287
3 287 2086 2087
3 2086 137 2087
3 2087 137 139
3 286 291 2088
3 2088 291 2090
3 2088 2090 2089
3 2089 2090 2091
3 2089 2091 284
3 284 2091 290
3 291 2092 292
3 292 2092 2093
3 2092 2094 2093
3 2093 2094 2095
3 2094 2096 2095
3 2095 2096 2097
3 2096 294 2097
3 2097 294 293
3 294 2098 295
3 295 2098 2099
3 2098 297 2099
3 2099 297 296
3 297 143 298
3 298 143 145
3 298 2100 296
3 296 2100 2101
3 2100 300 2101
3 2101 300 299
3 300 303 301
3 301 303 302
3 303 2102 304
3 304 2102 2103
3 2102 2104 2103
3 2103 2104 2105
3 2104 2106 2105
3 2105 2106 2107
3 2106 149 2107
3 2107 149 151
3 304 306 2108
3 2108 306 2109
3 2108 2109 302
3 302 2109 305
3 306 2110 307
3 307 2110 2111
3 2110 2112 2111
3 2111 2112 2113
3 2112 2114 2113
3 2113 2114 2115
3 2114 2116 2115
3 2115 2116 2117
3 2116 152 2117
3 2117 152 154
3 307 309 305
3 305 309 308
3 309 2118 310
3 310 2118 2119
3 2118 312 2119
3 2119 312 311
3 312 161 313
3 313 161 163
3 313 2120 311
3 311 2120 2121
3 2120 315 2121
3 2121 315 314
3 315 2122 316
3 316 2122 2123
3 2122 2124 2123
3 2123 2124 2125
3 2124 2126 2125
3 2125 2126 2127
3 2126 318 2127
3 2127 318 317
3 318 321 2128
3 2128 321 2131
3 2128 2131 2129
3 2129 2131 2132
3 2129 2132 2130
3 2130 2132 2133
3 2130 2133 319
3 319 2133 320
3 321 164 322
3 322 164 166
3 322 324 2134
3 2134 324 2136
3 2134 2136 2135
3 2135 2136 2137
3 2135 2137 320
3 320 2137 323
3 169 325 327
3 324 167 326
3 325 329 2138
3 2138 329 2141
3 2138 2141 2139
3 2139 2141 2142
3 2139 2142 2140
3 2140 2142 2143
3 2140 2143 323
3 323 2143 328
3 329 332 2144
3 2144 332 2145
3 2144 2145 330
3 330 2145 331
3 332 335 2146
3 2146 335 2147
3 2146 2147 333
3 333 2147 334
3 335 338 2148
3 2148 338 2151
3 2148 2151 2149
3 2149 2151 2152
3 2149 2152 2150
3 2150 2152 2153
3 2150 2153 336
3 336 2153 337
3 338 175 2154
3 2154 175 2156
3 2154 2156 2155
3 2155 2156 2157
3 2155 2157 339
3 339 2157 177
3 339 341 2158
3 2158 341 2159
3 2158 2159 337
3 337 2159 340
3 341 344 342
3 342 344 343
3 344 183 345
3 345 183 185
3 345 347 343
3 343 347 346
3 347 2160 348
3 348 2160 2161
3 2160 350 2161
3 2161 350 349
3 350 2162 351
3 351 2162 2163
3 2162 2164 2163
3 2163 2164 2165
3 2164 2166 2165
3 2165 2166 2167
3 2166 186 2167
3 2167 186 188
3 351 353 349
3 349 353 352
3 353 2169 2168
3 2168 2169 2170
3 2168 2170 354
3 354 2170 2171
3 2169 2172 2170
3 2170 2172 2173
3 2170 2173 2171
3 2171 2173 2174
3 2172 2175 2173
3 2173 2175 2176
3 2173 2176 2174
3 2174 2176 2177
3 2175 2178 2176
3 2176 2178 2179
3 2176 2179 2177
3 2177 2179 2180
3 2178 2181 2179
3 2179 2181 2182
3 2179 2182 2180
3 2180 2182 2183
3 2181 356 2182
3 2182 356 2184
3 2182 2184 2183
3 2183 2184 355
3 356 359 357
3 357 359 358
3 359 2185 360
3 360 2185 2186
3 2185 2187 2186
3 2186 2187 2188
3 2187 2189 2188
3 2188 2189 2190
3 2189 201 2190
3 2190 201 203
3 360 2191 358
3 358 2191 2192
3 2191 362 2192
3 2192 362 361
3 362 365 363
3 363 365 364
3 365 204 366
3 366 204 206
3 366 368 364
3 364 368 367
3 368 371 2193
3 2193 371 2195
3 2193 2195 2194
3 2194 2195 2196
3 2194 2196 369
3 369 2196 370
3 371 374 2197
3 2197 374 2198
3 2197 2198 372
3 372 2198 373
3 374 377 2199
3 2199 377 2200
3 2199 2200 375
3 375 2200 376
3 377 207 2201
3 2201 207 2204
3 2201 2204 2202
3 2202 2204 2205
3 2202 2205 2203
3 2203 2205 2206
3 2203 2206 378
3 378 2206 209
3 378 380 2207
3 2207 380 2210
3 2207 2210 2208
3 2208 2210 2211
3 2208 2211 2209
3 2209 2211 2212
3 2209 2212 376
3 376 2212 379
3 380 383 2213
3 2213 383 2216
3 2213 2216 2214
3 2214 2216 2217
3 2214 2217 2215
3 2215 2217 2218
3 2215 2218 381
3 381 2218 382
3 383 386 2219
3 2219 386 2220
3 2219 2220 384
3 384 2220 385
3 386 389 387
3 387 389 388
3 389 392 2221
3 2221 392 2222
3 2221 2222 390
3 390 2222 391
3 392 395 2223
3 2223 395 2225
3 2223 2225 2224
3 2224 2225 2226
3 2224 2226 393
3 393 2226 394
3 395 398 2227
3 2227 398 2229
3 2227 2229 2228
3 2228 2229 2230
3 2228 2230 396
3 396 2230 397
3 398 2233 2231
3 2231 2233 2234
3 2231 2234 2232
3 2232 2234 2235
3 2232 2235 399
3 399 2235 2236
3 2233 230 2234
3 2234 230 2237
3 2234 2237 2235
3 2235 2237 2238
3 2235 2238 2236
3 2236 2238 232
3 399 2239 397
3 397 2239 2240
3 2239 233 2240
3 2240 233 235
3 396 401 394
3 394 401 400
3 401 404 402
3 402 404 403
3 404 2241 405
3 405 2241 2242
3 2241 2243 2242
3 2242 2243 2244
3 2243 407 2244
3 2244 407 406
3 407 254 2245
3 2245 254 2246
3 2245 2246 408
3 408 2246 256
3 408 410 406
3 406 410 409
3 410 2247 411
3 411 2247 2248
3 2247 2249 2248
3 2248 2249 2250
3 2249 263 2250
3 2250 263 265
3 411 413 409
3 409 413 412
3 413 416 2251
3 2251 416 2252
3 2251 2252 414
3 414 2252 415
3 416 2253 417
3 417 2253 2254
3 2253 419 2254
3 2254 419 418
3 419 422 2255
3 2255 422 2256
3 2255 2256 420
3 420 2256 421
3 422 2257 423
3 423 2257 2258
3 2257 425 2258
3 2258 425 424
3 425 266 426
3 426 266 268
3 426 269 424
3 424 269 271
3 423 428 421
3 421 428 427
3 428 431 429
3 429 431 430
3 431 2259 432
3 432 2259 2260
3 2259 272 2260
3 2260 272 274
3 432 434 2261
3 2261 434 2262
3 2261 2262 430
3 430 2262 433
3 434 2263 435
3 435 2263 2264
3 2263 2265 2264
3 2264 2265 2266
3 2265 278 2266
3 2266 278 280
3 435 437 433
3 433 437 436
3 437 2267 438
3 438 2267 2268
3 2267 440 2268
3 2268 440 439
3 440 443 441
3 441 443 442
3 443 2269 444
3 444 2269 2270
3 2269 2271 2270
3 2270 2271 2272
3 2271 2273 2272
3 2272 2273 2274
3 2273 281 2274
3 2274 281 283
3 444 446 2275
3 2275 446 2276
3 2275 2276 442
3 442 2276 445
3 446 449 447
3 447 449 448
3 449 452 2277
3 2277 452 2279
3 2277 2279 2278
3 2278 2279 2280
3 2278 2280 450
3 450 2280 451
3 452 2282 2281
3 2281 2282 2283
3 2281 2283 453
3 453 2283 2284
3 2282 2285 2283
3 2283 2285 2286
3 2283 2286 2284
3 2284 2286 2287
3 2285 290 2286
3 2286 290 2288
3 2286 2288 2287
3 2287 2288 292
3 453 455 451
3 451 455 454
3 455 458 2289
3 2289 458 2290
3 2289 2290 456
3 456 2290 457
3 458 293 459
3 459 293 295
3 459 299 457
3 457 299 301
3 456 2292 2291
3 2291 2292 2293
3 2291 2293 454
3 454 2293 2294
3 2292 2295 2293
3 2293 2295 2296
3 2293 2296 2294
3 2294 2296 2297
3 2295 461 2296
3 2296 461 2298
3 2296 2298 2297
3 2297 2298 460
3 461 464 2299
3 2299 464 2300
3 2299 2300 462
3 462 2300 463
3 464 308 465
3 465 308 310
3 465 314 463
3 463 314 316
3 462 2301 460
3 460 2301 2302
3 2301 467 2302
3 2302 467 466
3 467 470 2303
3 2303 470 2304
3 2303 2304 468
3 468 2304 469
3 470 473 2305
3 2305 473 2307
3 2305 2307 2306
3 2306 2307 2308
3 2306 2308 471
3 471 2308 472
3 473 476 2309
3 2309 476 2312
3 2309 2312 2310
3 2310 2312 2313
3 2310 2313 2311
3 2311 2313 2314
3 2311 2314 474
3 474 2314 475
3 476 479 2315
3 2315 479 2317
3 2315 2317 2316
3 2316 2317 2318
3 2316 2318 477
3 477 2318 478
3 479 317 2319
3 2319 317 2321
3 2319 2321 2320
3 2320 2321 2322
3 2320 2322 480
3 480 2322 319
3 480 482 478
3 478 482 481
3 482 485 483
3 483 485 484
3 485 488 2323
3 2323 488 2324
3 2323 2324 486
3 486 2324 487
3 488 491 2325
3 2325 491 2326
3 2325 2326 489
3 489 2326 490
3 330 492 494
3 491 328 2327
3 2327 328 2328
3 2327 2328 493
3 492 496 2329
3 2329 496 2331
3 2329 2331 2330
3 2330 2331 2332
3 2330 2332 490
3 490 2332 495
3 496 499 2333
3 2333 499 2335
3 2333 2335 2334
3 2334 2335 2336
3 2334 2336 497
3 497 2336 498
3 499 2337 500
3 500 2337 2338
3 2337 331 2338
3 2338 331 333
3 500 2340 2339
3 2339 2340 2341
3 2339 2341 498
3 498 2341 2342
3 2340 502 2341
3 2341 502 2343
3 2341 2343 2342
3 2342 2343 501
3 502 505 2344
3 2344 505 2346
3 2344 2346 2345
3 2345 2346 2347
3 2345 2347 503
3 503 2347 504
3 505 508 506
3 506 508 507
3 508 511 2348
3 2348 511 2350
3 2348 2350 2349
3 2349 2350 2351
3 2349 2351 509
3 509 2351 510
3 511 514 512
3 512 514 513
3 514 2352 515
3 515 2352 2353
3 2352 2354 2353
3 2353 2354 2355
3 2354 517 2355
3 2355 517 516
3 517 334 518
3 518 334 336
3 518 2356 516
3 516 2356 2357
3 2356 520 2357
3 2357 520 519
3 520 523 521
3 521 523 522
3 523 340 2358
3 2358 340 2359
3 2358 2359 524
3 524 2359 342
3 524 526 522
3 522 526 525
3 526 2360 527
3 527 2360 2361
3 2360 2362 2361
3 2361 2362 2363
3 2362 2364 2363
3 2363 2364 2365
3 2364 2366 2365
3 2365 2366 2367
3 2366 2368 2367
3 2367 2368 2369
3 2368 2370 2369
3 2369 2370 2371
3 2370 2372 2371
3 2371 2372 2373
3 2372 529 2373
3 2373 529 528
3 529 2376 2374
3 2374 2376 2377
3 2374 2377 2375
3 2375 2377 2378
3 2375 2378 530
3 530 2378 2379
3 2376 367 2377
3 2377 367 2380
3 2377 2380 2378
3 2378 2380 2381
3 2378 2381 2379
3 2379 2381 369
3 530 532 2382
3 2382 532 2384
3 2382 2384 2383
3 2383 2384 2385
3 2383 2385 528
3 528 2385 531
3 532 535 2386
3 2386 535 2387
3 2386 2387 533
3 533 2387 534
3 535 538 2388
3 2388 538 2389
3 2388 2389 536
3 536 2389 537
3 538 2390 539
3 539 2390 2391
3 2390 2392 2391
3 2391 2392 2393
3 2392 2394 2393
3 2393 2394 2395
3 2394 2396 2395
3 2395 2396 2397
3 2396 541 2397
3 2397 541 540
3 541 2398 542
3 542 2398 2399
3 2398 2400 2399
3 2399 2400 2401
3 2400 370 2401
3 2401 370 372
3 542 544 540
3 540 544 543
3 544 2402 545
3 545 2402 2403
3 2402 547 2403
3 2403 547 546
3 547 382 2404
3 2404 382 2405
3 2404 2405 548
3 548 2405 384
3 548 550 2406
3 2406 550 2407
3 2406 2407 546
3 546 2407 549
3 550 553 2408
3 2408 553 2409
3 2408 2409 551
3 551 2409 552
3 553 556 554
3 554 556 555
3 556 559 2410
3 2410 559 2411
3 2410 2411 557
3 557 2411 558
3 559 385 560
3 560 385 387
3 560 388 558
3 558 388 390
3 557 562 2412
3 2412 562 2413
3 2412 2413 555
3 555 2413 561
3 562 565 2414
3 2414 565 2415
3 2414 2415 563
3 563 2415 564
3 565 568 2416
3 2416 568 2417
3 2416 2417 566
3 566 2417 567
3 568 571 2418
3 2418 571 2419
3 2418 2419 569
3 569 2419 570
3 571 391 2420
3 2420 391 2421
3 2420 2421 572
3 572 2421 393
3 572 400 570
3 570 400 402
3 569 2423 2422
3 2422 2423 2424
3 2422 2424 567
3 567 2424 2425
3 2423 574 2424
3 2424 574 2426
3 2424 2426 2425
3 2425 2426 573
3 574 403 575
3 575 403 405
3 575 412 2427
3 2427 412 2428
3 2427 2428 573
3 573 2428 414
3 566 2429 564
3 564 2429 2430
3 2429 2431 2430
3 2430 2431 2432
3 2431 2433 2432
3 2432 2433 2434
3 2433 577 2434
3 2434 577 576
3 577 415 2435
3 2435 415 2436
3 2435 2436 578
3 578 2436 417
3 578 580 2437
3 2437 580 2438
3 2437 2438 576
3 576 2438 579
3 580 2440 2439
3 2439 2440 2441
3 2439 2441 581
3 581 2441 2442
3 2440 418 2441
3 2441 418 2443
3 2441 2443 2442
3 2442 2443 420
3 581 583 2444
3 2444 583 2446
3 2444 2446 2445
3 2445 2446 2447
3 2445 2447 579
3 579 2447 582
3 583 2449 2448
3 2448 2449 2450
3 2448 2450 584
3 584 2450 2451
3 2449 586 2450
3 2450 586 2452
3 2450 2452 2451
3 2451 2452 585
3 586 589 2453
3 2453 589 2455
3 2453 2455 2454
3 2454 2455 2456
3 2454 2456 587
3 587 2456 588
3 589 592 590
3 590 592 591
3 592 2457 593
3 593 2457 2458
3 2457 595 2458
3 2458 595 594
3 595 2460 2459
3 2459 2460 2461
3 2459 2461 596
3 596 2461 2462
3 2460 2463 2461
3 2461 2463 2464
3 2461 2464 2462
3 2462 2464 2465
3 2463 598 2464
3 2464 598 2466
3 2464 2466 2465
3 2465 2466 597
3 598 2467 599
3 599 2467 2468
3 2467 427 2468
3 2468 427 429
3 599 601 597
3 597 601 600
3 601 2469 602
3 602 2469 2470
3 2469 2471 2470
3 2470 2471 2472
3 2471 2473 2472
3 2472 2473 2474
3 2473 604 2474
3 2474 604 603
3 604 2475 605
3 605 2475 2476
3 2475 436 2476
3 2476 436 438
3 605 607 603
3 603 607 606
3 607 439 608
3 608 439 441
3 608 610 2477
3 2477 610 2478
3 2477 2478 606
3 606 2478 609
3 610 2480 2479
3 2479 2480 2481
3 2479 2481 611
3 611 2481 2482
3 2480 613 2481
3 2481 613 2483
3 2481 2483 2482
3 2482 2483 612
3 613 616 2484
3 2484 616 2487
3 2484 2487 2485
3 2485 2487 2488
3 2485 2488 2486
3 2486 2488 2489
3 2486 2489 614
3 614 2489 615
3 616 619 2490
3 2490 619 2493
3 2490 2493 2491
3 2491 2493 2494
3 2491 2494 2492
3 2492 2494 2495
3 2492 2495 617
3 617 2495 618
3 620 2496 623
3 623 2496 2497
3 2497 2496 622
3 619 624 2498
3 2498 624 2499
3 2498 2499 621
3 624 627 625
3 625 627 626
3 627 445 628
3 628 445 447
3 628 2500 626
3 626 2500 2501
3 2500 630 2501
3 2501 630 629
3 630 633 631
3 631 633 632
3 633 469 634
3 634 469 471
3 634 636 2502
3 2502 636 2503
3 2502 2503 632
3 632 2503 635
3 636 472 637
3 637 472 474
3 637 591 635
3 635 591 593
3 631 639 629
3 629 639 638
3 639 642 2504
3 2504 642 2507
3 2504 2507 2505
3 2505 2507 2508
3 2505 2508 2506
3 2506 2508 2509
3 2506 2509 640
3 640 2509 641
3 642 645 2510
3 2510 645 2512
3 2510 2512 2511
3 2511 2512 2513
3 2511 2513 643
3 643 2513 644
3 645 648 2514
3 2514 648 2518
3 2514 2518 2515
3 2515 2518 2519
3 2515 2519 2516
3 2516 2519 2520
3 2516 2520 2517
3 2517 2520 2521
3 2517 2521 646
3 646 2521 647
3 648 651 649
3 649 651 650
3 651 594 652
3 652 594 596
3 652 654 650
3 650 654 653
3 654 657 2522
3 2522 657 2525
3 2522 2525 2523
3 2523 2525 2526
3 2523 2526 2524
3 2524 2526 2527
3 2524 2527 655
3 655 2527 656
3 657 660 2528
3 2528 660 2530
3 2528 2530 2529
3 2529 2530 2531
3 2529 2531 658
3 658 2531 659
3 660 663 2532
3 2532 663 2535
3 2532 2535 2533
3 2533 2535 2536
3 2533 2536 2534
3 2534 2536 2537
3 2534 2537 661
3 661 2537 662
3 663 666 2538
3 2538 666 2541
3 2538 2541 2539
3 2539 2541 2542
3 2539 2542 2540
3 2540 2542 2543
3 2540 2543 664
3 664 2543 665
3 666 2544 667
3 667 2544 2545
3 2544 600 2545
3 2545 600 602
3 667 669 2546
3 2546 669 2549
3 2546 2549 2547
3 2547 2549 2550
3 2547 2550 2548
3 2548 2550 2551
3 2548 2551 665
3 665 2551 668
3 669 672 2552
3 2552 672 2553
3 2552 2553 670
3 670 2553 671
3 672 2554 673
3 673 2554 2555
3 2554 609 2555
3 2555 609 611
3 673 2557 2556
3 2556 2557 2558
3 2556 2558 671
3 671 2558 2559
3 2557 2560 2558
3 2558 2560 2561
3 2558 2561 2559
3 2559 2561 2562
3 2560 612 2561
3 2561 612 2563
3 2561 2563 2562
3 2562 2563 614
3 670 2565 2564
3 2564 2565 2566
3 2564 2566 668
3 668 2566 2567
3 2565 675 2566
3 2566 675 2568
3 2566 2568 2567
3 2567 2568 674
3 675 2569 676
3 676 2569 2570
3 2569 2571 2570
3 2570 2571 2572
3 2571 615 2572
3 2572 615 617
3 676 678 674
3 674 678 677
3 678 2573 679
3 679 2573 2574
3 2573 2575 2574
3 2574 2575 2576
3 2575 2577 2576
3 2576 2577 2578
3 2577 681 2578
3 2578 681 680
3 681 684 682
3 682 684 683
3 684 2579 685
3 685 2579 2580
3 2579 2581 2580
3 2580 2581 2582
3 2581 618 2582
3 2582 618 620
3 685 687 2583
3 2583 687 2584
3 2583 2584 683
3 683 2584 686
3 687 690 2585
3 2585 690 2586
3 2585 2586 688
3 688 2586 689
3 690 693 2587
3 2587 693 2588
3 2587 2588 691
3 691 2588 692
3 693 641 694
3 694 641 643
3 694 644 692
3 692 644 646
3 691 696 689
3 689 696 695
3 696 2591 2589
3 2589 2591 2592
3 2589 2592 2590
3 2590 2592 2593
3 2590 2593 697
3 697 2593 2594
3 2591 699 2592
3 2592 699 2595
3 2592 2595 2593
3 2593 2595 2596
3 2593 2596 2594
3 2594 2596 698
3 699 702 2597
3 2597 702 2599
3 2597 2599 2598
3 2598 2599 2600
3 2598 2600 700
3 700 2600 701
3 702 705 2601
3 2601 705 2604
3 2601 2604 2602
3 2602 2604 2605
3 2602 2605 2603
3 2603 2605 2606
3 2603 2606 703
3 703 2606 704
3 705 2607 706
3 706 2607 2608
3 2607 708 2608
3 2608 708 707
3 708 2609 709
3 709 2609 2610
3 2609 656 2610
3 2610 656 658
3 709 711 707
3 707 711 710
3 711 659 712
3 712 659 661
3 712 714 710
3 710 714 713
3 714 2612 2611
3 2611 2612 2613
3 2611 2613 715
3 715 2613 2614
3 2612 717 2613
3 2613 717 2615
3 2613 2615 2614
3 2614 2615 716
3 717 720 718
3 718 720 719
3 720 2616 721
3 721 2616 2617
3 2616 2618 2617
3 2617 2618 2619
3 2618 2620 2619
3 2619 2620 2621
3 2620 2622 2621
3 2621 2622 2623
3 2622 2624 2623
3 2623 2624 2625
3 2624 2626 2625
3 2625 2626 2627
3 2626 2628 2627
3 2627 2628 2629
3 2628 2630 2629
3 2629 2630 2631
3 2630 723 2631
3 2631 723 722
3 723 726 2632
3 2632 726 2633
3 2632 2633 724
3 724 2633 725
3 726 729 727
3 727 729 728
3 729 2636 2634
3 2634 2636 2637
3 2634 2637 2635
3 2635 2637 2638
3 2635 2638 730
3 730 2638 2639
3 2636 732 2637
3 2637 732 2640
3 2637 2640 2638
3 2638 2640 2641
3 2638 2641 2639
3 2639 2641 731
3 732 735 733
3 733 735 734
3 735 738 736
3 736 738 737
3 738 2642 739
3 739 2642 2643
3 2642 2644 2643
3 2643 2644 2645
3 2644 2646 2645
3 2645 2646 2647
3 2646 2648 2647
3 2647 2648 2649
3 2648 2650 2649
3 2649 2650 2651
3 2650 2652 2651
3 2651 2652 2653
3 2652 2654 2653
3 2653 2654 2655
3 2654 662 2655
3 2655 662 664
3 739 2656 737
3 737 2656 2657
3 2656 677 2657
3 2657 677 679
3 736 741 734
3 734 741 740
3 741 2658 742
3 742 2658 2659
3 2658 2660 2659
3 2659 2660 2661
3 2660 680 2661
3 2661 680 682
3 742 2662 740
3 740 2662 2663
3 2662 2664 2663
3 2663 2664 2665
3 2664 744 2665
3 2665 744 743
3 744 2667 2666
3 2666 2667 2668
3 2666 2668 745
3 745 2668 2669
3 2667 747 2668
3 2668 747 2670
3 2668 2670 2669
3 2669 2670 746
3 747 686 748
3 748 686 688
3 748 750 2671
3 2671 750 2673
3 2671 2673 2672
3 2672 2673 2674
3 2672 2674 746
3 746 2674 749
3 750 2677 2675
3 2675 2677 2678
3 2675 2678 2676
3 2676 2678 2679
3 2676 2679 751
3 751 2679 2680
3 2677 753 2678
3 2678 753 2681
3 2678 2681 2679
3 2679 2681 2682
3 2679 2682 2680
3 2680 2682 752
3 753 695 2683
3 2683 695 2685
3 2683 2685 2684
3 2684 2685 2686
3 2684 2686 754
3 754 2686 697
3 754 756 752
3 752 756 755
3 756 759 757
3 757 759 758
3 759 698 760
3 760 698 700
3 760 762 758
3 758 762 761
3 762 701 2687
3 2687 701 2688
3 2687 2688 763
3 763 2688 703
3 763 765 2689
3 2689 765 2690
3 2689 2690 761
3 761 2690 764
3 765 768 2691
3 2691 768 2692
3 2691 2692 766
3 766 2692 767
3 768 2694 2693
3 2693 2694 2695
3 2693 2695 769
3 769 2695 2696
3 2694 771 2695
3 2695 771 2697
3 2695 2697 2696
3 2696 2697 770
3 771 774 772
3 772 774 773
3 774 704 2698
3 2698 704 2700
3 2698 2700 2699
3 2699 2700 2701
3 2699 2701 775
3 775 2701 706
3 775 777 2702
3 2702 777 2705
3 2702 2705 2703
3 2703 2705 2706
3 2703 2706 2704
3 2704 2706 2707
3 2704 2707 773
3 773 2707 776
3 777 780 2708
3 2708 780 2712
3 2708 2712 2709
3 2709 2712 2713
3 2709 2713 2710
3 2710 2713 2714
3 2710 2714 2711
3 2711 2714 2715
3 2711 2715 778
3 778 2715 779
3 780 783 2716
3 2716 783 2718
3 2716 2718 2717
3 2717 2718 2719
3 2717 2719 781
3 781 2719 782
3 783 713 2720
3 2720 713 2721
3 2720 2721 784
3 784 2721 715
3 784 2723 2722
3 2722 2723 2724
3 2722 2724 782
3 782 2724 2725
3 2723 786 2724
3 2724 786 2726
3 2724 2726 2725
3 2725 2726 785
3 786 2727 787
3 787 2727 2728
3 2727 789 2728
3 2728 789 788
3 789 716 790
3 790 716 718
3 790 2729 788
3 788 2729 2730
3 2729 792 2730
3 2730 792 791
3 792 795 2731
3 2731 795 2732
3 2731 2732 793
3 793 2732 794
3 795 798 796
3 796 798 797
3 798 2734 2733
3 2733 2734 2735
3 2733 2735 799
3 799 2735 2736
3 2734 719 2735
3 2735 719 2737
3 2735 2737 2736
3 2736 2737 721
3 799 2739 2738
3 2738 2739 2740
3 2738 2740 797
3 797 2740 2741
3 2739 722 2740
3 2740 722 2742
3 2740 2742 2741
3 2741 2742 724
3 796 801 2743
3 2743 801 2744
3 2743 2744 794
3 794 2744 800
3 801 804 2745
3 2745 804 2746
3 2745 2746 802
3 802 2746 803
3 804 725 805
3 805 725 727
3 805 807 2747
3 2747 807 2748
3 2747 2748 803
3 803 2748 806
3 807 728 2749
3 2749 728 2750
3 2749 2750 808
3 808 2750 730
3 808 2751 806
3 806 2751 2752
3 2751 810 2752
3 2752 810 809
3 810 813 2753
3 2753 813 2754
3 2753 2754 811
3 811 2754 812
3 813 816 2755
3 2755 816 2757
3 2755 2757 2756
3 2756 2757 2758
3 2756 2758 814
3 814 2758 815
3 816 819 2759
3 2759 819 2762
3 2759 2762 2760
3 2760 2762 2763
3 2760 2763 2761
3 2761 2763 2764
3 2761 2764 817
3 817 2764 818
3 819 822 2765
3 2765 822 2768
3 2765 2768 2766
3 2766 2768 2769
3 2766 2769 2767
3 2767 2769 2770
3 2767 2770 820
3 820 2770 821
3 822 2771 823
3 823 2771 2772
3 2771 825 2772
3 2772 825 824
3 825 2774 2773
3 2773 2774 2775
3 2773 2775 826
3 826 2775 2776
3 2774 731 2775
3 2775 731 2777
3 2775 2777 2776
3 2776 2777 733
3 826 828 2778
3 2778 828 2779
3 2778 2779 824
3 824 2779 827
3 828 831 2780
3 2780 831 2781
3 2780 2781 829
3 829 2781 830
3 831 743 2782
3 2782 743 2783
3 2782 2783 832
3 832 2783 745
3 832 834 830
3 830 834 833
3 834 837 2784
3 2784 837 2785
3 2784 2785 835
3 835 2785 836
3 837 840 2786
3 2786 840 2787
3 2786 2787 838
3 838 2787 839
3 840 749 2788
3 2788 749 2789
3 2788 2789 841
3 841 2789 751
3 841 843 839
3 839 843 842
3 843 2790 844
3 844 2790 2791
3 2790 846 2791
3 2791 846 845
3 846 2792 847
3 847 2792 2793
3 2792 2794 2793
3 2793 2794 2795
3 2794 755 2795
3 2795 755 757
3 847 849 845
3 845 849 848
3 849 852 2796
3 2796 852 2798
3 2796 2798 2797
3 2797 2798 2799
3 2797 2799 850
3 850 2799 851
3 852 855 2800
3 2800 855 2801
3 2800 2801 853
3 853 2801 854
3 855 858 2802
3 2802 858 2803
3 2802 2803 856
3 856 2803 857
3 858 2804 859
3 859 2804 2805
3 2804 2806 2805
3 2805 2806 2807
3 2806 861 2807
3 2807 861 860
3 861 510 2808
3 2808 510 2809
3 2808 2809 862
3 862 2809 512
3 862 864 2810
3 2810 864 2811
3 2810 2811 860
3 860 2811 863
3 864 513 865
3 865 513 515
3 865 2813 2812
3 2812 2813 2814
3 2812 2814 863
3 863 2814 2815
3 2813 867 2814
3 2814 867 2816
3 2814 2816 2815
3 2815 2816 866
3 867 870 868
3 868 870 869
3 870 2817 871
3 871 2817 2818
3 2817 519 2818
3 2818 519 521
3 871 873 2819
3 2819 873 2820
3 2819 2820 869
3 869 2820 872
3 873 876 874
3 874 876 875
3 876 525 2821
3 2821 525 2822
3 2821 2822 877
3 877 2822 527
3 877 2824 2823
3 2823 2824 2825
3 2823 2825 875
3 875 2825 2826
3 2824 2827 2825
3 2825 2827 2828
3 2825 2828 2826
3 2826 2828 2829
3 2827 879 2828
3 2828 879 2830
3 2828 2830 2829
3 2829 2830 878
3 879 531 2831
3 2831 531 2832
3 2831 2832 880
3 880 2832 533
3 880 534 878
3 878 534 536
3 874 882 2833
3 2833 882 2834
3 2833 2834 872
3 872 2834 881
3 882 537 2835
3 2835 537 2836
3 2835 2836 883
3 883 2836 539
3 883 885 2837
3 2837 885 2838
3 2837 2838 881
3 881 2838 884
3 885 2840 2839
3 2839 2840 2841
3 2839 2841 886
3 886 2841 2842
3 2840 2843 2841
3 2841 2843 2844
3 2841 2844 2842
3 2842 2844 2845
3 2843 2846 2844
3 2844 2846 2847
3 2844 2847 2845
3 2845 2847 2848
3 2846 888 2847
3 2847 888 2849
3 2847 2849 2848
3 2848 2849 887
3 888 891 2850
3 2850 891 2851
3 2850 2851 889
3 889 2851 890
3 891 894 2852
3 2852 894 2854
3 2852 2854 2853
3 2853 2854 2855
3 2853 2855 892
3 892 2855 893
3 894 543 2856
3 2856 543 2857
3 2856 2857 895
3 895 2857 545
3 895 897 2858
3 2858 897 2859
3 2858 2859 893
3 893 2859 896
3 897 549 898
3 898 549 551
3 898 2861 2860
3 2860 2861 2862
3 2860 2862 896
3 896 2862 2863
3 2861 900 2862
3 2862 900 2864
3 2862 2864 2863
3 2863 2864 899
3 900 552 2865
3 2865 552 2866
3 2865 2866 901
3 901 2866 554
3 901 903 2867
3 2867 903 2869
3 2867 2869 2868
3 2868 2869 2870
3 2868 2870 899
3 899 2870 902
3 903 906 904
3 904 906 905
3 906 561 2871
3 2871 561 2873
3 2871 2873 2872
3 2872 2873 2874
3 2872 2874 907
3 907 2874 563
3 907 2877 2875
3 2875 2877 2878
3 2875 2878 2876
3 2876 2878 2879
3 2876 2879 905
3 905 2879 2880
3 2877 909 2878
3 2878 909 2881
3 2878 2881 2879
3 2879 2881 2882
3 2879 2882 2880
3 2880 2882 908
3 909 2883 910
3 910 2883 2884
3 2883 582 2884
3 2884 582 584
3 910 504 2885
3 2885 504 2886
3 2885 2886 908
3 908 2886 506
3 904 912 2887
3 2887 912 2890
3 2887 2890 2888
3 2888 2890 2891
3 2888 2891 2889
3 2889 2891 2892
3 2889 2892 902
3 902 2892 911
3 912 915 2893
3 2893 915 2895
3 2893 2895 2894
3 2894 2895 2896
3 2894 2896 913
3 913 2896 914
3 915 507 2897
3 2897 507 2900
3 2897 2900 2898
3 2898 2900 2901
3 2898 2901 2899
3 2899 2901 2902
3 2899 2902 916
3 916 2902 509
3 916 764 914
3 914 764 766
3 913 918 2903
3 2903 918 2904
3 2903 2904 911
3 911 2904 917
3 918 767 2905
3 2905 767 2908
3 2905 2908 2906
3 2906 2908 2909
3 2906 2909 2907
3 2907 2909 2910
3 2907 2910 919
3 919 2910 769
3 922 917 921
3 919 923 920
3 923 926 924
3 924 926 925
3 926 929 2911
3 2911 929 2912
3 2911 2912 927
3 927 2912 928
3 929 932 930
3 930 932 931
3 932 2914 2913
3 2913 2914 2915
3 2913 2915 933
3 933 2915 2916
3 2914 935 2915
3 2915 935 2917
3 2915 2917 2916
3 2916 2917 934
3 935 2919 2918
3 2918 2919 2920
3 2918 2920 936
3 936 2920 2921
3 2919 2922 2920
3 2920 2922 2923
3 2920 2923 2921
3 2921 2923 2924
3 2922 938 2923
3 2923 938 2925
3 2923 2925 2924
3 2924 2925 937
3 938 779 2926
3 2926 779 2927
3 2926 2927 939
3 939 2927 781
3 939 2928 937
3 937 2928 2929
3 2928 2930 2929
3 2929 2930 2931
3 2930 934 2931
3 2931 934 936
3 933 941 2932
3 2932 941 2933
3 2932 2933 931
3 931 2933 940
3 941 944 2934
3 2934 944 2935
3 2934 2935 942
3 942 2935 943
3 944 947 2936
3 2936 947 2938
3 2936 2938 2937
3 2937 2938 2939
3 2937 2939 945
3 945 2939 946
3 947 2940 948
3 948 2940 2941
3 2940 950 2941
3 2941 950 949
3 950 953 2942
3 2942 953 2944
3 2942 2944 2943
3 2943 2944 2945
3 2943 2945 951
3 951 2945 952
3 953 956 954
3 954 956 955
3 956 2946 957
3 957 2946 2947
3 2946 2948 2947
3 2947 2948 2949
3 2948 785 2949
3 2949 785 787
3 957 2950 955
3 955 2950 2951
3 2950 959 2951
3 2951 959 958
3 959 962 2952
3 2952 962 2953
3 2952 2953 960
3 960 2953 961
3 962 791 2954
3 2954 791 2955
3 2954 2955 963
3 963 2955 793
3 963 965 961
3 961 965 964
3 965 2957 2956
3 2956 2957 2958
3 2956 2958 966
3 966 2958 2959
3 2957 968 2958
3 2958 968 2960
3 2958 2960 2959
3 2959 2960 967
3 968 971 2961
3 2961 971 2962
3 2961 2962 969
3 969 2962 970
3 971 800 2963
3 2963 800 2964
3 2963 2964 972
3 972 2964 802
3 972 2966 2965
3 2965 2966 2967
3 2965 2967 970
3 970 2967 2968
3 2966 974 2967
3 2967 974 2969
3 2967 2969 2968
3 2968 2969 973
3 974 809 2970
3 2970 809 2971
3 2970 2971 975
3 975 2971 811
3 975 812 973
3 973 812 814
3 969 977 2972
3 2972 977 2973
3 2972 2973 967
3 967 2973 976
3 977 980 978
3 978 980 979
3 980 983 2974
3 2974 983 2977
3 2974 2977 2975
3 2975 2977 2978
3 2975 2978 2976
3 2976 2978 2979
3 2976 2979 981
3 981 2979 982
3 983 986 984
3 984 986 985
3 986 989 987
3 987 989 988
3 989 2980 990
3 990 2980 2981
3 2980 2982 2981
3 2981 2982 2983
3 2982 815 2983
3 2983 815 817
3 990 2984 988
3 988 2984 2985
3 2984 992 2985
3 2985 992 991
3 992 995 2986
3 2986 995 2988
3 2986 2988 2987
3 2987 2988 2989
3 2987 2989 993
3 993 2989 994
3 995 998 996
3 996 998 997
3 998 1001 999
3 999 1001 1000
3 1001 2990 1002
3 1002 2990 2991
3 2990 818 2991
3 2991 818 820
3 1002 2992 1000
3 1000 2992 2993
3 2992 1004 2993
3 2993 1004 1003
3 1004 1007 2994
3 2994 1007 2998
3 2994 2998 2995
3 2995 2998 2999
3 2995 2999 2996
3 2996 2999 3000
3 2996 3000 2997
3 2997 3000 3001
3 2997 3001 1005
3 1005 3001 1006
3 1007 1010 3002
3 3002 1010 3003
3 3002 3003 1008
3 1008 3003 1009
3 1010 821 3004
3 3004 821 3007
3 3004 3007 3005
3 3005 3007 3008
3 3005 3008 3006
3 3006 3008 3009
3 3006 3009 1011
3 1011 3009 823
3 1011 1013 3010
3 3010 1013 3012
3 3010 3012 3011
3 3011 3012 3013
3 3011 3013 1009
3 1009 3013 1012
3 1013 3015 3014
3 3014 3015 3016
3 3014 3016 1014
3 1014 3016 3017
3 3015 827 3016
3 3016 827 3018
3 3016 3018 3017
3 3017 3018 829
3 1014 1016 3019
3 3019 1016 3022
3 3019 3022 3020
3 3020 3022 3023
3 3020 3023 3021
3 3021 3023 3024
3 3021 3024 1012
3 1012 3024 1015
3 1016 1019 3025
3 3025 1019 3027
3 3025 3027 3026
3 3026 3027 3028
3 3026 3028 1017
3 1017 3028 1018
3 1019 1022 1020
3 1020 1022 1021
3 1022 833 3029
3 3029 833 3030
3 3029 3030 1023
3 1023 3030 835
3 1023 1025 1021
3 1021 1025 1024
3 1025 1028 3031
3 3031 1028 3032
3 3031 3032 1026
3 1026 3032 1027
3 1028 1031 3033
3 3033 1031 3034
3 3033 3034 1029
3 1029 3034 1030
3 1031 3035 1032
3 1032 3035 3036
3 3035 836 3036
3 3036 836 838
3 1032 1034 1030
3 1030 1034 1033
3 1034 3037 1035
3 1035 3037 3038
3 3037 1037 3038
3 3038 1037 1036
3 1037 3039 1038
3 1038 3039 3040
3 3039 842 3040
3 3040 842 844
3 1038 848 3041
3 3041 848 3042
3 3041 3042 1036
3 1036 3042 850
3 1035 1040 1033
3 1033 1040 1039
3 1040 1043 1041
3 1041 1043 1042
3 1043 3043 1044
3 1044 3043 3044
3 3043 3045 3044
3 3044 3045 3046
3 3045 3047 3046
3 3046 3047 3048
3 3047 3049 3048
3 3048 3049 3050
3 3049 3051 3050
3 3050 3051 3052
3 3051 1046 3052
3 3052 1046 1045
3 1046 1049 3053
3 3053 1049 3055
3 3053 3055 3054
3 3054 3055 3056
3 3054 3056 1047
3 1047 3056 1048
3 1049 1052 3057
3 3057 1052 3059
3 3057 3059 3058
3 3058 3059 3060
3 3058 3060 1050
3 1050 3060 1051
3 1052 851 1053
3 1053 851 853
3 1053 1055 3061
3 3061 1055 3063
3 3061 3063 3062
3 3062 3063 3064
3 3062 3064 1051
3 1051 3064 1054
3 1055 854 3065
3 3065 854 3068
3 3065 3068 3066
3 3066 3068 3069
3 3066 3069 3067
3 3067 3069 3070
3 3067 3070 1056
3 1056 3070 856
3 1056 1058 1054
3 1054 1058 1057
3 1058 884 3071
3 3071 884 3072
3 3071 3072 1059
3 1059 3072 886
3 1059 1048 1057
3 1057 1048 1050
3 1047 1061 3073
3 3073 1061 3076
3 3073 3076 3074
3 3074 3076 3077
3 3074 3077 3075
3 3075 3077 3078
3 3075 3078 1045
3 1045 3078 1060
3 1061 1064 3079
3 3079 1064 3082
3 3079 3082 3080
3 3080 3082 3083
3 3080 3083 3081
3 3081 3083 3084
3 3081 3084 1062
3 1062 3084 1063
3 1064 3088 3085
3 3085 3088 3089
3 3085 3089 3086
3 3086 3089 3090
3 3086 3090 3087
3 3087 3090 3091
3 3087 3091 1065
3 1065 3091 3092
3 3088 1067 3089
3 3089 1067 3093
3 3089 3093 3090
3 3090 3093 3094
3 3090 3094 3091
3 3091 3094 3095
3 3091 3095 3092
3 3092 3095 1066
3 1067 1070 3096
3 3096 1070 3098
3 3096 3098 3097
3 3097 3098 3099
3 3097 3099 1068
3 1068 3099 1069
3 1070 3100 1071
3 1071 3100 3101
3 3100 1073 3101
3 3101 1073 1072
3 1073 1076 3102
3 3102 1076 3103
3 3102 3103 1074
3 1074 3103 1075
3 1076 887 1077
3 1077 887 889
3 1077 890 1075
3 1075 890 892
3 1074 1079 1072
3 1072 1079 1078
3 1083 1080 1082
3 1079 1084 1081
3 1084 922 3104
3 3104 922 3107
3 3104 3107 3105
3 3105 3107 3108
3 3105 3108 3106
3 3106 3108 3109
3 3106 3109 1085
3 1085 3109 924
3 1085 925 1083
3 1083 925 927
3 1078 3110 1088
3 1088 3110 3111
3 3111 3110 1087
3 1080 1089 3112
3 3112 1089 3113
3 3112 3113 1086
3 1089 1092 3114
3 3114 1092 3115
3 3114 3115 1090
3 1090 3115 1091
3 1092 1095 3116
3 3116 1095 3117
3 3116 3117 1093
3 1093 3117 1094
3 1095 3119 3118
3 3118 3119 3120
3 3118 3120 1096
3 1096 3120 3121
3 3119 3122 3120
3 3120 3122 3123
3 3120 3123 3121
3 3121 3123 3124
3 3122 1098 3123
3 3123 1098 3125
3 3123 3125 3124
3 3124 3125 1097
3 1098 1101 3126
3 3126 1101 3127
3 3126 3127 1099
3 1099 3127 1100
3 1101 943 3128
3 3128 943 3129
3 3128 3129 1102
3 1102 3129 945
3 1102 1104 1100
3 1100 1104 1103
3 1104 3130 1105
3 1105 3130 3131
3 3130 3132 3131
3 3131 3132 3133
3 3132 1107 3133
3 3133 1107 1106
3 1107 3134 1108
3 1108 3134 3135
3 3134 1110 3135
3 3135 1110 1109
3 1110 1113 3136
3 3136 1113 3139
3 3136 3139 3137
3 3137 3139 3140
3 3137 3140 3138
3 3138 3140 3141
3 3138 3141 1111
3 1111 3141 1112
3 1113 946 3142
3 3142 946 3144
3 3142 3144 3143
3 3143 3144 3145
3 3143 3145 1114
3 1114 3145 948
3 1114 949 3146
3 3146 949 3148
3 3146 3148 3147
3 3147 3148 3149
3 3147 3149 1112
3 1112 3149 951
3 1111 1116 3150
3 3150 1116 3152
3 3150 3152 3151
3 3151 3152 3153
3 3151 3153 1109
3 1109 3153 1115
3 1116 1119 3154
3 3154 1119 3156
3 3154 3156 3155
3 3155 3156 3157
3 3155 3157 1117
3 1117 3157 1118
3 1119 3158 1120
3 1120 3158 3159
3 3158 1122 3159
3 3159 1122 1121
3 1122 1125 3160
3 3160 1125 3161
3 3160 3161 1123
3 1123 3161 1124
3 1125 1128 1126
3 1126 1128 1127
3 1128 952 3162
3 3162 952 3163
3 3162 3163 1129
3 1129 3163 954
3 1129 958 3164
3 3164 958 3165
3 3164 3165 1127
3 1127 3165 960
3 1126 3166 1124
3 1124 3166 3167
3 3166 964 3167
3 3167 964 966
3 1123 3168 1121
3 1121 3168 3169
3 3168 1131 3169
3 3169 1131 1130
3 1131 1134 3170
3 3170 1134 3173
3 3170 3173 3171
3 3171 3173 3174
3 3171 3174 3172
3 3172 3174 3175
3 3172 3175 1132
3 1132 3175 1133
3 1134 1137 3176
3 3176 1137 3179
3 3176 3179 3177
3 3177 3179 3180
3 3177 3180 3178
3 3178 3180 3181
3 3178 3181 1135
3 1135 3181 1136
3 1137 1140 3182
3 3182 1140 3183
3 3182 3183 1138
3 1138 3183 1139
3 1140 3185 3184
3 3184 3185 3186
3 3184 3186 1141
3 1141 3186 3187
3 3185 976 3186
3 3186 976 3188
3 3186 3188 3187
3 3187 3188 978
3 1141 1143 1139
3 1139 1143 1142
3 1143 1146 3189
3 3189 1146 3190
3 3189 3190 1144
3 1144 3190 1145
3 1146 1149 3191
3 3191 1149 3192
3 3191 3192 1147
3 1147 3192 1148
3 1149 979 3193
3 3193 979 3196
3 3193 3196 3194
3 3194 3196 3197
3 3194 3197 3195
3 3195 3197 3198
3 3195 3198 1150
3 1150 3198 981
3 1150 1152 3199
3 3199 1152 3201
3 3199 3201 3200
3 3200 3201 3202
3 3200 3202 1148
3 1148 3202 1151
3 1152 1155 3203
3 3203 1155 3204
3 3203 3204 1153
3 1153 3204 1154
3 1155 1158 1156
3 1156 1158 1157
3 1158 1161 3205
3 3205 1161 3208
3 3205 3208 3206
3 3206 3208 3209
3 3206 3209 3207
3 3207 3209 3210
3 3207 3210 1159
3 1159 3210 1160
3 1161 1164 1162
3 1162 1164 1163
3 1164 3211 1165
3 1165 3211 3212
3 3211 3213 3212
3 3212 3213 3214
3 3213 1167 3214
3 3214 1167 1166
3 1167 1170 3215
3 3215 1170 3216
3 3215 3216 1168
3 1168 3216 1169
3 1170 1173 3217
3 3217 1173 3219
3 3217 3219 3218
3 3218 3219 3220
3 3218 3220 1171
3 1171 3220 1172
3 1173 994 3221
3 3221 994 3222
3 3221 3222 1174
3 1174 3222 996
3 1174 3226 3223
3 3223 3226 3227
3 3223 3227 3224
3 3224 3227 3228
3 3224 3228 3225
3 3225 3228 3229
3 3225 3229 1172
3 1172 3229 3230
3 3226 1176 3227
3 3227 1176 3231
3 3227 3231 3228
3 3228 3231 3232
3 3228 3232 3229
3 3229 3232 3233
3 3229 3233 3230
3 3230 3233 1175
3 1176 1179 3234
3 3234 1179 3235
3 3234 3235 1177
3 1177 3235 1178
3 1179 1182 3236
3 3236 1182 3237
3 3236 3237 1180
3 1180 3237 1181
3 1182 997 3238
3 3238 997 3239
3 3238 3239 1183
3 1183 3239 999
3 1183 1185 1181
3 1181 1185 1184
3 1185 1188 3240
3 3240 1188 3241
3 3240 3241 1186
3 1186 3241 1187
3 1188 1191 1189
3 1189 1191 1190
3 1191 1003 3242
3 3242 1003 3245
3 3242 3245 3243
3 3243 3245 3246
3 3243 3246 3244
3 3244 3246 3247
3 3244 3247 1192
3 1192 3247 1005
3 1192 3249 3248
3 3248 3249 3250
3 3248 3250 1190
3 1190 3250 3251
3 3249 1194 3250
3 3250 1194 3252
3 3250 3252 3251
3 3251 3252 1193
3 1194 3253 1195
3 1195 3253 3254
3 3253 3255 3254
3 3254 3255 3256
3 3255 1027 3256
3 3256 1027 1029
3 1195 1197 3257
3 3257 1197 3259
3 3257 3259 3258
3 3258 3259 3260
3 3258 3260 1193
3 1193 3260 1196
3 1197 1200 1198
3 1198 1200 1199
3 1200 3261 1201
3 1201 3261 3262
3 3261 1203 3262
3 3262 1203 1202
3 1203 1039 1204
3 1204 1039 1041
3 1204 3263 1202
3 1202 3263 3264
3 3263 1206 3264
3 3264 1206 1205
3 1206 1209 1207
3 1207 1209 1208
3 1209 3265 1210
3 1210 3265 3266
3 3265 3267 3266
3 3266 3267 3268
3 3267 3269 3268
3 3268 3269 3270
3 3269 3271 3270
3 3270 3271 3272
3 3271 1212 3272
3 3272 1212 1211
3 1212 3273 1213
3 1213 3273 3274
3 3273 3275 3274
3 3274 3275 3276
3 3275 3277 3276
3 3276 3277 3278
3 3277 3279 3278
3 3278 3279 3280
3 3279 1042 3280
3 3280 1042 1044
3 1213 3281 1211
3 1211 3281 3282
3 3281 1215 3282
3 3282 1215 1214
3 1215 3283 1216
3 1216 3283 3284
3 3283 3285 3284
3 3284 3285 3286
3 3285 1218 3286
3 3286 1218 1217
3 1218 1221 3287
3 3287 1221 3289
3 3287 3289 3288
3 3288 3289 3290
3 3288 3290 1219
3 1219 3290 1220
3 1221 1224 3291
3 3291 1224 3294
3 3291 3294 3292
3 3292 3294 3295
3 3292 3295 3293
3 3293 3295 3296
3 3293 3296 1222
3 1222 3296 1223
3 1224 1066 1225
3 1225 1066 1068
3 1225 1227 3297
3 3297 1227 3299
3 3297 3299 3298
3 3298 3299 3300
3 3298 3300 1223
3 1223 3300 1226
3 1227 1230 3301
3 3301 1230 3303
3 3301 3303 3302
3 3302 3303 3304
3 3302 3304 1228
3 1228 3304 1229
3 1230 1069 3305
3 3305 1069 3307
3 3305 3307 3306
3 3306 3307 3308
3 3306 3308 1231
3 1231 3308 1071
3 1231 1088 3309
3 3309 1088 3311
3 3309 3311 3310
3 3310 3311 3312
3 3310 3312 1229
3 1229 3312 1090
3 1228 1091 3313
3 3313 1091 3315
3 3313 3315 3314
3 3314 3315 3316
3 3314 3316 1226
3 1226 3316 1093
3 1222 3317 1220
3 1220 3317 3318
3 3317 3319 3318
3 3318 3319 3320
3 3319 3321 3320
3 3320 3321 3322
3 3321 1233 3322
3 3322 1233 1232
3 1233 1236 1234
3 1234 1236 1235
3 1236 3323 1237
3 1237 3323 3324
3 3323 3325 3324
3 3324 3325 3326
3 3325 3327 3326
3 3326 3327 3328
3 3327 1103 3328
3 3328 1103 1105
3 1237 3329 1235
3 1235 3329 3330
3 3329 1239 3330
3 3330 1239 1238
3 1239 1242 1240
3 1240 1242 1241
3 1242 1106 1243
3 1243 1106 1108
3 1243 1245 1241
3 1241 1245 1244
3 1245 1248 3331
3 3331 1248 3332
3 3331 3332 1246
3 1246 3332 1247
3 1248 1115 3333
3 3333 1115 3334
3 3333 3334 1249
3 1249 3334 1117
3 1249 3335 1247
3 1247 3335 3336
3 3335 1251 3336
3 3336 1251 1250
3 1251 1118 3337
3 3337 1118 3339
3 3337 3339 3338
3 3338 3339 3340
3 3338 3340 1252
3 1252 3340 1120
3 1252 1254 3341
3 3341 1254 3343
3 3341 3343 3342
3 3342 3343 3344
3 3342 3344 1250
3 1250 3344 1253
3 1254 1130 3345
3 3345 1130 3347
3 3345 3347 3346
3 3346 3347 3348
3 3346 3348 1255
3 1255 3348 1132
3 1255 3349 1253
3 1253 3349 3350
3 3349 1257 3350
3 3350 1257 1256
3 1257 1260 3351
3 3351 1260 3352
3 3351 3352 1258
3 1258 3352 1259
3 1260 1133 1261
3 1261 1133 1135
3 1261 3354 3353
3 3353 3354 3355
3 3353 3355 1259
3 1259 3355 3356
3 3354 3357 3355
3 3355 3357 3358
3 3355 3358 3356
3 3356 3358 3359
3 3357 1263 3358
3 3358 1263 3360
3 3358 3360 3359
3 3359 3360 1262
3 1263 1145 1264
3 1264 1145 1147
3 1264 1151 3361
3 3361 1151 3362
3 3361 3362 1262
3 1262 3362 1153
3 1258 1266 3363
3 3363 1266 3365
3 3363 3365 3364
3 3364 3365 3366
3 3364 3366 1256
3 1256 3366 1265
3 1266 1269 3367
3 3367 1269 3369
3 3367 3369 3368
3 3368 3369 3370
3 3368 3370 1267
3 1267 3370 1268
3 1269 1272 1270
3 1270 1272 1271
3 1272 1275 3371
3 3371 1275 3372
3 3371 3372 1273
3 1273 3372 1274
3 1275 3373 1276
3 1276 3373 3374
3 3373 1278 3374
3 3374 1278 1277
3 1278 1281 3375
3 3375 1281 3378
3 3375 3378 3376
3 3376 3378 3379
3 3376 3379 3377
3 3377 3379 3380
3 3377 3380 1279
3 1279 3380 1280
3 1281 1284 3381
3 3381 1284 3384
3 3381 3384 3382
3 3382 3384 3385
3 3382 3385 3383
3 3383 3385 3386
3 3383 3386 1282
3 1282 3386 1283
3 1284 1287 3387
3 3387 1287 3388
3 3387 3388 1285
3 1285 3388 1286
3 1287 3390 3389
3 3389 3390 3391
3 3389 3391 1288
3 1288 3391 3392
3 3390 1154 3391
3 3391 1154 3393
3 3391 3393 3392
3 3392 3393 1156
3 1288 1290 1286
3 1286 1290 1289
3 1290 1293 3394
3 3394 1293 3395
3 3394 3395 1291
3 1291 3395 1292
3 1293 1296 3396
3 3396 1296 3397
3 3396 3397 1294
3 1294 3397 1295
3 1296 1157 3398
3 3398 1157 3401
3 3398 3401 3399
3 3399 3401 3402
3 3399 3402 3400
3 3400 3402 3403
3 3400 3403 1297
3 1297 3403 1159
3 1297 1299 3404
3 3404 1299 3405
3 3404 3405 1295
3 1295 3405 1298
3 1299 1302 3406
3 3406 1302 3408
3 3406 3408 3407
3 3407 3408 3409
3 3407 3409 1300
3 1300 3409 1301
3 1302 1305 3410
3 3410 1305 3411
3 3410 3411 1303
3 1303 3411 1304
3 1305 3413 3412
3 3412 3413 3414
3 3412 3414 1306
3 1306 3414 3415
3 3413 3416 3414
3 3414 3416 3417
3 3414 3417 3415
3 3415 3417 3418
3 3416 3419 3417
3 3417 3419 3420
3 3417 3420 3418
3 3418 3420 3421
3 3419 1308 3420
3 3420 1308 3422
3 3420 3422 3421
3 3421 3422 1307
3 1308 1311 3423
3 3423 1311 3424
3 3423 3424 1309
3 1309 3424 1310
3 1311 1314 1312
3 1312 1314 1313
3 1314 1317 3425
3 3425 1317 3426
3 3425 3426 1315
3 1315 3426 1316
3 1317 1320 3427
3 3427 1320 3428
3 3427 3428 1318
3 1318 3428 1319
3 1320 1323 3429
3 3429 1323 3432
3 3429 3432 3430
3 3430 3432 3433
3 3430 3433 3431
3 3431 3433 3434
3 3431 3434 1321
3 1321 3434 1322
3 1323 1326 1324
3 1324 1326 1325
3 1326 1329 1327
3 1327 1329 1328
3 1329 3435 1330
3 1330 3435 3436
3 3435 3437 3436
3 3436 3437 3438
3 3437 1332 3438
3 3438 1332 1331
3 1332 1335 3439
3 3439 1335 3440
3 3439 3440 1333
3 1333 3440 1334
3 1335 1338 1336
3 1336 1338 1337
3 1338 1160 3441
3 3441 1160 3443
3 3441 3443 3442
3 3442 3443 3444
3 3442 3444 1339
3 1339 3444 1162
3 1339 1341 3445
3 3445 1341 3446
3 3445 3446 1337
3 1337 3446 1340
3 1341 1344 3447
3 3447 1344 3450
3 3447 3450 3448
3 3448 3450 3451
3 3448 3451 3449
3 3449 3451 3452
3 3449 3452 1342
3 1342 3452 1343
3 1344 1347 3453
3 3453 1347 3454
3 3453 3454 1345
3 1345 3454 1346
3 1347 3455 1348
3 1348 3455 3456
3 3455 1163 3456
3 3456 1163 1165
3 1348 1350 3457
3 3457 1350 3458
3 3457 3458 1346
3 1346 3458 1349
3 1350 1353 3459
3 3459 1353 3461
3 3459 3461 3460
3 3460 3461 3462
3 3460 3462 1351
3 1351 3462 1352
3 1353 1356 1354
3 1354 1356 1355
3 1356 3463 1357
3 1357 3463 3464
3 3463 1359 3464
3 3464 1359 1358
3 1359 3465 1360
3 1360 3465 3466
3 3465 1166 3466
3 3466 1166 1168
3 1360 3467 1358
3 1358 3467 3468
3 3467 1362 3468
3 3468 1362 1361
3 1362 3470 3469
3 3469 3470 3471
3 3469 3471 1363
3 1363 3471 3472
3 3470 1169 3471
3 3471 1169 3473
3 3471 3473 3472
3 3472 3473 1171
3 1363 1365 1361
3 1361 1365 1364
3 1365 1368 1366
3 1366 1368 1367
3 1368 1371 1369
3 1369 1371 1370
3 1371 1374 1372
3 1372 1374 1373
3 1374 3474 1375
3 1375 3474 3475
3 3474 3476 3475
3 3475 3476 3477
3 3476 3478 3477
3 3477 3478 3479
3 3478 3480 3479
3 3479 3480 3481
3 3480 1377 3481
3 3481 1377 1376
3 1377 1175 3482
3 3482 1175 3484
3 3482 3484 3483
3 3483 3484 3485
3 3483 3485 1378
3 1378 3485 1177
3 1378 3489 3486
3 3486 3489 3490
3 3486 3490 3487
3 3487 3490 3491
3 3487 3491 3488
3 3488 3491 3492
3 3488 3492 1376
3 1376 3492 3493
3 3489 1380 3490
3 3490 1380 3494
3 3490 3494 3491
3 3491 3494 3495
3 3491 3495 3492
3 3492 3495 3496
3 3492 3496 3493
3 3493 3496 1379
3 1380 1383 3497
3 3497 1383 3499
3 3497 3499 3498
3 3498 3499 3500
3 3498 3500 1381
3 1381 3500 1382
3 1383 1386 3501
3 3501 1386 3504
3 3501 3504 3502
3 3502 3504 3505
3 3502 3505 3503
3 3503 3505 3506
3 3503 3506 1384
3 1384 3506 1385
3 1386 3507 1387
3 1387 3507 3508
3 3507 1274 3508
3 3508 1274 1276
3 1387 1389 3509
3 3509 1389 3511
3 3509 3511 3510
3 3510 3511 3512
3 3510 3512 1385
3 1385 3512 1388
3 1389 1392 3513
3 3513 1392 3515
3 3513 3515 3514
3 3514 3515 3516
3 3514 3516 1390
3 1390 3516 1391
3 1392 1277 3517
3 3517 1277 3519
3 3517 3519 3518
3 3518 3519 3520
3 3518 3520 1393
3 1393 3520 1279
3 1393 1395 1391
3 1391 1395 1394
3 1395 1398 3521
3 3521 1398 3522
3 3521 3522 1396
3 1396 3522 1397
3 1398 1280 1399
3 1399 1280 1282
3 1399 3524 3523
3 3523 3524 3525
3 3523 3525 1397
3 1397 3525 3526
3 3524 1301 3525
3 3525 1301 3527
3 3525 3527 3526
3 3526 3527 1303
3 1396 1401 3528
3 3528 1401 3530
3 3528 3530 3529
3 3529 3530 3531
3 3529 3531 1394
3 1394 3531 1400
3 1401 1404 3532
3 3532 1404 3534
3 3532 3534 3533
3 3533 3534 3535
3 3533 3535 1402
3 1402 3535 1403
3 1404 1407 3536
3 3536 1407 3537
3 3536 3537 1405
3 1405 3537 1406
3 1407 3538 1408
3 1408 3538 3539
3 3538 1410 3539
3 3539 1410 1409
3 1410 1310 3540
3 3540 1310 3541
3 3540 3541 1411
3 1411 3541 1312
3 1411 3542 1409
3 1409 3542 3543
3 3542 1413 3543
3 3543 1413 1412
3 1413 1416 3544
3 3544 1416 3545
3 3544 3545 1414
3 1414 3545 1415
3 1416 1419 3546
3 3546 1419 3547
3 3546 3547 1417
3 1417 3547 1418
3 1419 1422 3548
3 3548 1422 3549
3 3548 3549 1420
3 1420 3549 1421
3 1422 3551 3550
3 3550 3551 3552
3 3550 3552 1423
3 1423 3552 3553
3 3551 1313 3552
3 3552 1313 3554
3 3552 3554 3553
3 3553 3554 1315
3 1423 1425 1421
3 1421 1425 1424
3 1425 3556 3555
3 3555 3556 3557
3 3555 3557 1426
3 1426 3557 3558
3 3556 3559 3557
3 3557 3559 3560
3 3557 3560 3558
3 3558 3560 3561
3 3559 1428 3560
3 3560 1428 3562
3 3560 3562 3561
3 3561 3562 1427
3 1428 1316 1429
3 1429 1316 1318
3 1429 1431 3563
3 3563 1431 3564
3 3563 3564 1427
3 1427 3564 1430
3 1431 1319 3565
3 3565 1319 3566
3 3565 3566 1432
3 1432 3566 1321
3 1432 3568 3567
3 3567 3568 3569
3 3567 3569 1430
3 1430 3569 3570
3 3568 1434 3569
3 3569 1434 3571
3 3569 3571 3570
3 3570 3571 1433
3 1434 3572 1435
3 1435 3572 3573
3 3572 1437 3573
3 3573 1437 1436
3 1437 3575 3574
3 3574 3575 3576
3 3574 3576 1438
3 1438 3576 3577
3 3575 1440 3576
3 3576 1440 3578
3 3576 3578 3577
3 3577 3578 1439
3 1440 3579 1441
3 1441 3579 3580
3 3579 1443 3580
3 3580 1443 1442
3 1443 1446 3581
3 3581 1446 3582
3 3581 3582 1444
3 1444 3582 1445
3 1446 1449 3583
3 3583 1449 3585
3 3583 3585 3584
3 3584 3585 3586
3 3584 3586 1447
3 1447 3586 1448
3 1449 1322 3587
3 3587 1322 3589
3 3587 3589 3588
3 3588 3589 3590
3 3588 3590 1450
3 1450 3590 1324
3 1450 1325 1448
3 1448 1325 1327
3 1447 1452 3591
3 3591 1452 3592
3 3591 3592 1445
3 1445 3592 1451
3 1452 3593 1453
3 1453 3593 3594
3 3593 1328 3594
3 3594 1328 1330
3 1453 1455 1451
3 1451 1455 1454
3 1455 3595 1456
3 1456 3595 3596
3 3595 1458 3596
3 3596 1458 1457
3 1458 3597 1459
3 1459 3597 3598
3 3597 1331 3598
3 3598 1331 1333
3 1459 1461 1457
3 1457 1461 1460
3 1461 1464 3599
3 3599 1464 3601
3 3599 3601 3600
3 3600 3601 3602
3 3600 3602 1462
3 1462 3602 1463
3 1464 3604 3603
3 3603 3604 3605
3 3603 3605 1465
3 1465 3605 3606
3 3604 1467 3605
3 3605 1467 3607
3 3605 3607 3606
3 3606 3607 1466
3 1467 1470 3608
3 3608 1470 3609
3 3608 3609 1468
3 1468 3609 1469
3 1470 1473 3610
3 3610 1473 3611
3 3610 3611 1471
3 1471 3611 1472
3 1473 1343 3612
3 3612 1343 3613
3 3612 3613 1474
3 1474 3613 1345
3 1474 1349 1472
3 1472 1349 1351
3 1471 1476 3614
3 3614 1476 3616
3 3614 3616 3615
3 3615 3616 3617
3 3615 3617 1469
3 1469 3617 1475
3 1476 1352 3618
3 3618 1352 3619
3 3618 3619 1477
3 1477 3619 1354
3 1477 1479 3620
3 3620 1479 3624
3 3620 3624 3621
3 3621 3624 3625
3 3621 3625 3622
3 3622 3625 3626
3 3622 3626 3623
3 3623 3626 3627
3 3623 3627 1475
3 1475 3627 1478
3 1479 1482 1480
3 1480 1482 1481
3 1482 1485 3628
3 3628 1485 3629
3 3628 3629 1483
3 1483 3629 1484
3 1485 1488 3630
3 3630 1488 3631
3 3630 3631 1486
3 1486 3631 1487
3 1488 1355 3632
3 3632 1355 3633
3 3632 3633 1489
3 1489 3633 1357
3 1489 1491 1487
3 1487 1491 1490
3 1491 1494 3634
3 3634 1494 3635
3 3634 3635 1492
3 1492 3635 1493
3 1494 3636 1495
3 1495 3636 3637
3 3636 3638 3637
3 3637 3638 3639
3 3638 1497 3639
3 3639 1497 1496
3 1497 1364 1498
3 1498 1364 1366
3 1498 1367 1496
3 1496 1367 1369
3 1495 3640 1493
3 1493 3640 3641
3 3640 3642 3641
3 3641 3642 3643
3 3642 3644 3643
3 3643 3644 3645
3 3644 1500 3645
3 3645 1500 1499
3 1500 1503 1501
3 1501 1503 1502
3 1503 3646 1504
3 1504 3646 3647
3 3646 1506 3647
3 3647 1506 1505
3 1506 1370 1507
3 1507 1370 1372
3 1507 3648 1505
3 1505 3648 3649
3 3648 1509 3649
3 3649 1509 1508
3 1509 1512 1510
3 1510 1512 1511
3 1512 3650 1513
3 1513 3650 3651
3 3650 3652 3651
3 3651 3652 3653
3 3652 3654 3653
3 3653 3654 3655
3 3654 3656 3655
3 3655 3656 3657
3 3656 1515 3657
3 3657 1515 1514
3 1515 3658 1516
3 1516 3658 3659
3 3658 3660 3659
3 3659 3660 3661
3 3660 3662 3661
3 3661 3662 3663
3 3662 3664 3663
3 3663 3664 3665
3 3664 1373 3665
3 3665 1373 1375
3 1516 1518 1514
3 1514 1518 1517
3 1518 3666 1519
3 1519 3666 3667
3 3666 3668 3667
3 3667 3668 3669
3 3668 3670 3669
3 3669 3670 3671
3 3670 3672 3671
3 3671 3672 3673
3 3672 1521 3673
3 3673 1521 1520
3 1521 3674 1522
3 1522 3674 3675
3 3674 3676 3675
3 3675 3676 3677
3 3676 1379 3677
3 3677 1379 1381
3 1522 1524 1520
3 1520 1524 1523
3 1524 1527 1525
3 1525 1527 1526
3 1527 1530 3678
3 3678 1530 3679
3 3678 3679 1528
3 1528 3679 1529
3 1530 1382 3680
3 3680 1382 3681
3 3680 3681 1531
3 1531 3681 1384
3 1531 3682 1529
3 1529 3682 3683
3 3682 1388 3683
3 3683 1388 1390
3 1528 1533 3684
3 3684 1533 3685
3 3684 3685 1526
3 1526 3685 1532
3 1533 1536 1534
3 1534 1536 1535
3 1536 3686 1537
3 1537 3686 3687
3 3686 3688 3687
3 3687 3688 3689
3 3688 1400 3689
3 3689 1400 1402
3 1537 3690 1535
3 1535 3690 3691
3 3690 3692 3691
3 3691 3692 3693
3 3692 1539 3693
3 3693 1539 1538
3 1539 3695 3694
3 3694 3695 3696
3 3694 3696 1540
3 1540 3696 3697
3 3695 1403 3696
3 3696 1403 3698
3 3696 3698 3697
3 3697 3698 1405
3 1540 3701 3699
3 3699 3701 3702
3 3699 3702 3700
3 3700 3702 3703
3 3700 3703 1538
3 1538 3703 3704
3 3701 1542 3702
3 3702 1542 3705
3 3702 3705 3703
3 3703 3705 3706
3 3703 3706 3704
3 3704 3706 1541
3 1542 1484 3707
3 3707 1484 3710
3 3707 3710 3708
3 3708 3710 3711
3 3708 3711 3709
3 3709 3711 3712
3 3709 3712 1543
3 1543 3712 1486
3 1543 1545 3713
3 3713 1545 3714
3 3713 3714 1541
3 1541 3714 1544
3 1545 3716 3715
3 3715 3716 3717
3 3715 3717 1546
3 1546 3717 3718
3 3716 1490 3717
3 3717 1490 3719
3 3717 3719 3718
3 3718 3719 1492
3 1546 3721 3720
3 3720 3721 3722
3 3720 3722 1544
3 1544 3722 3723
3 3721 1548 3722
3 3722 1548 3724
3 3722 3724 3723
3 3723 3724 1547
3 1548 3725 1549
3 1549 3725 3726
3 3725 1551 3726
3 3726 1551 1550
3 1551 1499 3727
3 3727 1499 3728
3 3727 3728 1552
3 1552 3728 1501
3 1552 1554 1550
3 1550 1554 1553
3 1554 1557 1555
3 1555 1557 1556
3 1557 1560 1558
3 1558 1560 1559
3 1560 3730 3729
3 3729 3730 3731
3 3729 3731 1561
3 1561 3731 3732
3 3730 1511 3731
3 3731 1511 3733
3 3731 3733 3732
3 3732 3733 1513
3 1561 3734 1559
3 1559 3734 3735
3 3734 3736 3735
3 3735 3736 3737
3 3736 3738 3737
3 3737 3738 3739
3 3738 3740 3739
3 3739 3740 3741
3 3740 1517 3741
3 3741 1517 1519
3 1558 3742 1556
3 1556 3742 3743
3 3742 1563 3743
3 3743 1563 1562
3 1563 1523 1564
3 1564 1523 1525
3 1564 3744 1562
3 1562 3744 3745
3 3744 1553 3745
3 3745 1553 1555
3 1549 3747 3746
3 3746 3747 3748
3 3746 3748 1547
3 1547 3748 3749
3 3747 1532 3748
3 3748 1532 3750
3 3748 3750 3749
3 3749 3750 1534
3 1510 1502 1508
3 1508 1502 1504
3 1483 1566 1481
3 1481 1566 1565
3 1567 3751 1570
3 1570 3751 3752
3 3752 3751 1569
3 1566 1571 1568
3 1575 1572 1574
3 1571 1576 1573
3 1576 1579 3753
3 3753 1579 3756
3 3753 3756 3754
3 3754 3756 3757
3 3754 3757 3755
3 3755 3757 3758
3 3755 3758 1577
3 1577 3758 1578
3 1579 1415 3759
3 3759 1415 3762
3 3759 3762 3760
3 3760 3762 3763
3 3760 3763 3761
3 3761 3763 3764
3 3761 3764 1580
3 1580 3764 1417
3 1580 1582 1578
3 1578 1582 1581
3 1582 1585 3765
3 3765 1585 3766
3 3765 3766 1583
3 1583 3766 1584
3 1585 3767 1586
3 1586 3767 3768
3 3767 1588 3768
3 3768 1588 1587
3 1588 1591 3769
3 3769 1591 3771
3 3769 3771 3770
3 3770 3771 3772
3 3770 3772 1589
3 1589 3772 1590
3 1591 1418 1592
3 1592 1418 1420
3 1592 1424 3773
3 3773 1424 3774
3 3773 3774 1590
3 1590 3774 1426
3 1589 1594 3775
3 3775 1594 3777
3 3775 3777 3776
3 3776 3777 3778
3 3776 3778 1587
3 1587 3778 1593
3 1594 1597 3779
3 3779 1597 3780
3 3779 3780 1595
3 1595 3780 1596
3 1597 3782 3781
3 3781 3782 3783
3 3781 3783 1598
3 1598 3783 3784
3 3782 1600 3783
3 3783 1600 3785
3 3783 3785 3784
3 3784 3785 1599
3 1600 3786 1601
3 1601 3786 3787
3 3786 1433 3787
3 3787 1433 1435
3 1601 3788 1599
3 1599 3788 3789
3 3788 1436 3789
3 3789 1436 1438
3 1598 3791 3790
3 3790 3791 3792
3 3790 3792 1596
3 1596 3792 3793
3 3791 3794 3792
3 3792 3794 3795
3 3792 3795 3793
3 3793 3795 3796
3 3794 1603 3795
3 3795 1603 3797
3 3795 3797 3796
3 3796 3797 1602
3 1603 1606 3798
3 3798 1606 3799
3 3798 3799 1604
3 1604 3799 1605
3 1606 3800 1607
3 1607 3800 3801
3 3800 1439 3801
3 3801 1439 1441
3 1607 1442 1605
3 1605 1442 1444
3 1604 1609 3802
3 3802 1609 3803
3 3802 3803 1602
3 1602 3803 1608
3 1609 1612 3804
3 3804 1612 3805
3 3804 3805 1610
3 1610 3805 1611
3 1612 1454 3806
3 3806 1454 3807
3 3806 3807 1613
3 1613 3807 1456
3 1613 1615 1611
3 1611 1615 1614
3 1615 3809 3808
3 3808 3809 3810
3 3808 3810 1616
3 1616 3810 3811
3 3809 1460 3810
3 3810 1460 3812
3 3810 3812 3811
3 3811 3812 1462
3 1616 3814 3813
3 3813 3814 3815
3 3813 3815 1614
3 1614 3815 3816
3 3814 1618 3815
3 3815 1618 3817
3 3815 3817 3816
3 3816 3817 1617
3 1618 3818 1619
3 1619 3818 3819
3 3818 3820 3819
3 3819 3820 3821
3 3820 1621 3821
3 3821 1621 1620
3 1621 1624 3822
3 3822 1624 3823
3 3822 3823 1622
3 1622 3823 1623
3 1624 3824 1625
3 1625 3824 3825
3 3824 3826 3825
3 3825 3826 3827
3 3826 1463 3827
3 3827 1463 1465
3 1625 1627 1623
3 1623 1627 1626
3 1627 3828 1628
3 1628 3828 3829
3 3828 1630 3829
3 3829 1630 1629
3 1630 1633 1631
3 1631 1633 1632
3 1633 1466 1634
3 1634 1466 1468
3 1634 1636 1632
3 1632 1636 1635
3 1636 3830 1637
3 1637 3830 3831
3 3830 3832 3831
3 3831 3832 3833
3 3832 3834 3833
3 3833 3834 3835
3 3834 3836 3835
3 3835 3836 3837
3 3836 3838 3837
3 3837 3838 3839
3 3838 3840 3839
3 3839 3840 3841
3 3840 3842 3841
3 3841 3842 3843
3 3842 3844 3843
3 3843 3844 3845
3 3844 3846 3845
3 3845 3846 3847
3 3846 3848 3847
3 3847 3848 3849
3 3848 3850 3849
3 3849 3850 3851
3 3850 1639 3851
3 3851 1639 1638
3 1639 1642 1640
3 1640 1642 1641
3 1642 1645 1643
3 1643 1645 1644
3 1645 3853 3852
3 3852 3853 3854
3 3852 3854 1646
3 1646 3854 3855
3 3853 3856 3854
3 3854 3856 3857
3 3854 3857 3855
3 3855 3857 3858
3 3856 1584 3857
3 3857 1584 3859
3 3857 3859 3858
3 3858 3859 1586
3 1646 1648 3860
3 3860 1648 3862
3 3860 3862 3861
3 3861 3862 3863
3 3861 3863 1644
3 1644 3863 1647
3 1648 1651 3864
3 3864 1651 3865
3 3864 3865 1649
3 1649 3865 1650
3 1651 3866 1652
3 1652 3866 3867
3 3866 3868 3867
3 3867 3868 3869
3 3868 3870 3869
3 3869 3870 3871
3 3870 1593 3871
3 3871 1593 1595
3 1652 1654 3872
3 3872 1654 3873
3 3872 3873 1650
3 1650 3873 1653
3 1654 1608 3874
3 3874 1608 3875
3 3874 3875 1655
3 1655 3875 1610
3 1655 1657 1653
3 1653 1657 1656
3 1657 1617 1658
3 1658 1617 1619
3 1658 1647 1656
3 1656 1647 1649
3 1643 1660 1641
3 1641 1660 1659
3 1660 3876 1661
3 1661 3876 3877
3 3876 1663 3877
3 3877 1663 1662
3 1663 1620 1664
3 1664 1620 1622
3 1664 1666 1662
3 1662 1666 1665
3 1666 1669 1667
3 1667 1669 1668
3 1669 3879 3878
3 3878 3879 3880
3 3878 3880 1670
3 1670 3880 3881
3 3879 1672 3880
3 3880 1672 3882
3 3880 3882 3881
3 3881 3882 1671
3 1672 1675 1673
3 1673 1675 1674
3 1675 1626 1676
3 1676 1626 1628
3 1676 3883 1674
3 1674 3883 3884
3 3883 1629 3884
3 3884 1629 1631
3 1673 3885 1671
3 1671 3885 3886
3 3885 3887 3886
3 3886 3887 3888
3 3887 3889 3888
3 3888 3889 3890
3 3889 3891 3890
3 3890 3891 3892
3 3891 1678 3892
3 3892 1678 1677
3 1678 3893 1679
3 1679 3893 3894
3 3893 3895 3894
3 3894 3895 3896
3 3895 3897 3896
3 3896 3897 3898
3 3897 3899 3898
3 3898 3899 3900
3 3899 1635 3900
3 3900 1635 1637
3 1679 3901 1677
3 1677 3901 3902
3 3901 1681 3902
3 3902 1681 1680
3 1681 3903 1682
3 1682 3903 3904
3 3903 3905 3904
3 3904 3905 3906
3 3905 3907 3906
3 3906 3907 3908
3 3907 3909 3908
3 3908 3909 3910
3 3909 1638 3910
3 3910 1638 1640
3 1682 3911 1680
3 1680 3911 3912
3 3911 3913 3912
3 3912 3913 3914
3 3913 3915 3914
3 3914 3915 3916
3 3915 3917 3916
3 3916 3917 3918
3 3917 1668 3918
3 3918 1668 1670
3 1667 3919 1665
3 1665 3919 3920
3 3919 1659 3920
3 3920 1659 1661
3 1583 1684 3921
3 3921 1684 3922
3 3921 3922 1581
3 1581 3922 1683
3 1684 1570 1685
3 1685 1570 1572
3 1685 1575 3923
3 3923 1575 3924
3 3923 3924 1683
3 1683 3924 1577
3 1567 1478 3925
3 3925 1478 3929
3 3925 3929 3926
3 3926 3929 3930
3 3926 3930 3927
3 3927 3930 3931
3 3927 3931 3928
3 3928 3931 3932
3 3928 3932 1565
3 1565 3932 1480
3 1414 3933 1412
3 1412 3933 3934
3 3933 1406 3934
3 3934 1406 1408
3 1342 1334 3935
3 3935 1334 3936
3 3935 3936 1340
3 1340 3936 1336
3 1309 3938 3937
3 3937 3938 3939
3 3937 3939 1307
3 1307 3939 3940
3 3938 1304 3939
3 3939 1304 3941
3 3939 3941 3940
3 3940 3941 1306
3 1300 1292 1298
3 1298 1292 1294
3 1291 1283 3942
3 3942 1283 3943
3 3942 3943 1289
3 1289 3943 1285
3 1273 1687 1271
3 1271 1687 1686
3 1687 3945 3944
3 3944 3945 3946
3 3944 3946 1688
3 1688 3946 3947
3 3945 3948 3946
3 3946 3948 3949
3 3946 3949 3947
3 3947 3949 3950
3 3948 3951 3949
3 3949 3951 3952
3 3949 3952 3950
3 3950 3952 3953
3 3951 1690 3952
3 3952 1690 3954
3 3952 3954 3953
3 3953 3954 1689
3 1690 1178 3955
3 3955 1178 3958
3 3955 3958 3956
3 3956 3958 3959
3 3956 3959 3957
3 3957 3959 3960
3 3957 3960 1691
3 1691 3960 1180
3 1691 1693 3961
3 3961 1693 3962
3 3961 3962 1689
3 1689 3962 1692
3 1693 3964 3963
3 3963 3964 3965
3 3963 3965 1694
3 1694 3965 3966
3 3964 1184 3965
3 3965 1184 3967
3 3965 3967 3966
3 3966 3967 1186
3 1694 1696 3968
3 3968 1696 3970
3 3968 3970 3969
3 3969 3970 3971
3 3969 3971 1692
3 1692 3971 1695
3 1696 1699 3972
3 3972 1699 3974
3 3972 3974 3973
3 3973 3974 3975
3 3973 3975 1697
3 1697 3975 1698
3 1699 3976 1700
3 1700 3976 3977
3 3976 3978 3977
3 3977 3978 3979
3 3978 3980 3979
3 3979 3980 3981
3 3980 1702 3981
3 3981 1702 1701
3 1702 3985 3982
3 3982 3985 3986
3 3982 3986 3983
3 3983 3986 3987
3 3983 3987 3984
3 3984 3987 3988
3 3984 3988 1703
3 1703 3988 3989
3 3985 1705 3986
3 3986 1705 3990
3 3986 3990 3987
3 3987 3990 3991
3 3987 3991 3988
3 3988 3991 3992
3 3988 3992 3989
3 3989 3992 1704
3 1705 1187 1706
3 1706 1187 1189
3 1706 1196 3993
3 3993 1196 3995
3 3993 3995 3994
3 3994 3995 3996
3 3994 3996 1704
3 1704 3996 1198
3 1703 1708 3997
3 3997 1708 3999
3 3997 3999 3998
3 3998 3999 4000
3 3998 4000 1701
3 1701 4000 1707
3 1708 1711 4001
3 4001 1711 4002
3 4001 4002 1709
3 1709 4002 1710
3 1711 1714 1712
3 1712 1714 1713
3 1714 4004 4003
3 4003 4004 4005
3 4003 4005 1715
3 1715 4005 4006
3 4004 1208 4005
3 4005 1208 4007
3 4005 4007 4006
3 4006 4007 1210
3 1715 4008 1713
3 1713 4008 4009
3 4008 4010 4009
3 4009 4010 4011
3 4010 4012 4011
3 4011 4012 4013
3 4012 4014 4013
3 4013 4014 4015
3 4014 1214 4015
3 4015 1214 1216
3 1712 1717 4016
3 4016 1717 4018
3 4016 4018 4017
3 4017 4018 4019
3 4017 4019 1710
3 1710 4019 1716
3 1717 4022 4020
3 4020 4022 4023
3 4020 4023 4021
3 4021 4023 4024
3 4021 4024 1718
3 1718 4024 4025
3 4022 1217 4023
3 4023 1217 4026
3 4023 4026 4024
3 4024 4026 4027
3 4024 4027 4025
3 4025 4027 1219
3 1718 1232 4028
3 4028 1232 4029
3 4028 4029 1716
3 1716 4029 1234
3 1709 4030 1707
3 1707 4030 4031
3 4030 4032 4031
3 4031 4032 4033
3 4032 4034 4033
3 4033 4034 4035
3 4034 1238 4035
3 4035 1238 1240
3 1700 4038 4036
3 4036 4038 4039
3 4036 4039 4037
3 4037 4039 4040
3 4037 4040 1698
3 1698 4040 4041
3 4038 1720 4039
3 4039 1720 4042
3 4039 4042 4040
3 4040 4042 4043
3 4040 4043 4041
3 4041 4043 1719
3 1720 1244 4044
3 4044 1244 4045
3 4044 4045 1721
3 1721 4045 1246
3 1721 4046 1719
3 1719 4046 4047
3 4046 4048 4047
3 4047 4048 4049
3 4048 4050 4049
3 4049 4050 4051
3 4050 1265 4051
3 4051 1265 1267
3 1697 4052 1695
3 1695 4052 4053
3 4052 4054 4053
3 4053 4054 4055
3 4054 4056 4055
3 4055 4056 4057
3 4056 1723 4057
3 4057 1723 1722
3 1723 1268 4058
3 4058 1268 4060
3 4058 4060 4059
3 4059 4060 4061
3 4059 4061 1724
3 1724 4061 1270
3 1724 1686 4062
3 4062 1686 4063
3 4062 4063 1722
3 1722 4063 1688
3 1207 1199 1205
3 1205 1199 1201
3 1144 1136 4064
3 4064 1136 4065
3 4064 4065 1142
3 1142 4065 1138
3 1099 4066 1097
3 1097 4066 4067
3 4066 4068 4067
3 4067 4068 4069
3 4068 1094 4069
3 4069 1094 1096
3 1065 4070 1063
3 1063 4070 4071
3 4070 4072 4071
3 4071 4072 4073
3 4072 1060 4073
3 4073 1060 1062
3 1026 1018 4074
3 4074 1018 4075
3 4074 4075 1024
3 1024 4075 1020
3 1017 1006 4076
3 4076 1006 4078
3 4076 4078 4077
3 4077 4078 4079
3 4077 4079 1015
3 1015 4079 1008
3 993 1726 4080
3 4080 1726 4082
3 4080 4082 4081
3 4081 4082 4083
3 4081 4083 991
3 991 4083 1725
3 1726 4085 4084
3 4084 4085 4086
3 4084 4086 1727
3 1727 4086 4087
3 4085 1729 4086
3 4086 1729 4088
3 4086 4088 4087
3 4087 4088 1728
3 1729 1732 4089
3 4089 1732 4091
3 4089 4091 4090
3 4090 4091 4092
3 4090 4092 1730
3 1730 4092 1731
3 1732 982 4093
3 4093 982 4095
3 4093 4095 4094
3 4094 4095 4096
3 4094 4096 1733
3 1733 4096 984
3 1733 985 1731
3 1731 985 987
3 1730 4098 4097
3 4097 4098 4099
3 4097 4099 1728
3 1728 4099 4100
3 4098 1725 4099
3 4099 1725 4101
3 4099 4101 4100
3 4100 4101 1727
3 942 928 940
3 940 928 930
3 868 857 4102
3 4102 857 4103
3 4102 4103 866
3 866 4103 859
3 778 770 776
3 776 770 772
3 655 647 4104
3 4104 647 4107
3 4104 4107 4105
3 4105 4107 4108
3 4105 4108 4106
3 4106 4108 4109
3 4106 4109 653
3 653 4109 649
3 640 623 4110
3 4110 623 4113
3 4110 4113 4111
3 4111 4113 4114
3 4111 4114 4112
3 4112 4114 4115
3 4112 4115 638
3 638 4115 625
3 590 4117 4116
3 4116 4117 4118
3 4116 4118 588
3 588 4118 4119
3 4117 484 4118
3 4118 484 4120
3 4118 4120 4119
3 4119 4120 486
3 587 501 585
3 585 501 503
3 497 487 495
3 495 487 489
3 483 475 481
3 481 475 477
3 468 4123 4121
3 4121 4123 4124
3 4121 4124 4122
3 4122 4124 4125
3 4122 4125 466
3 466 4125 4126
3 4123 448 4124
3 4124 448 4127
3 4124 4127 4125
3 4125 4127 4128
3 4125 4128 4126
3 4126 4128 450
3 381 4129 379
3 379 4129 4130
3 4129 373 4130
3 4130 373 375
3 363 4131 361
3 361 4131 4132
3 4131 4133 4132
3 4132 4133 4134
3 4133 4135 4134
3 4134 4135 4136
3 4135 4137 4136
3 4136 4137 4138
3 4137 4139 4138
3 4138 4139 4140
3 4139 4141 4140
3 4140 4141 4142
3 4141 4143 4142
3 4142 4143 4144
3 4143 346 4144
3 4144 346 348
3 357 4146 4145
3 4145 4146 4147
3 4145 4147 355
3 355 4147 4148
3 4146 4149 4147
3 4147 4149 4150
3 4147 4150 4148
3 4148 4150 4151
3 4149 352 4150
3 4150 352 4152
3 4150 4152 4151
3 4151 4152 354
3 253 4153 251
3 251 4153 4154
3 4153 4155 4154
3 4154 4155 4156
3 4155 248 4156
3 4156 248 250
3 247 236 4157
3 4157 236 4158
3 4157 4158 245
3 245 4158 238
3 227 1735 4159
3 4159 1735 4162
3 4159 4162 4160
3 4160 4162 4163
3 4160 4163 4161
3 4161 4163 4164
3 4161 4164 225
3 225 4164 1734
3 1735 1738 4165
3 4165 1738 4166
3 4165 4166 1736
3 1736 4166 1737
3 1738 210 1739
3 1739 210 212
3 1739 213 1737
3 1737 213 215
3 1736 219 4167
3 4167 219 4168
3 4167 4168 1734
3 1734 4168 221
3 200 4169 198
3 198 4169 4170
3 4169 4171 4170
3 4170 4171 4172
3 4171 4173 4172
3 4172 4173 4174
3 4173 4175 4174
3 4174 4175 4176
3 4175 4177 4176
3 4176 4177 4178
3 4177 189 4178
3 4178 189 191
3 197 192 4179
3 4179 192 4180
3 4179 4180 195
3 195 4180 194
3 38 33 4181
3 4181 33 4182
3 4181 4182 36
3 36 4182 35
3 2 0 1
3 5 3 4
3 1805 6 1752
3 1805 1752 1753
3 1805 1753 1806
3 1806 1753 8
3 1752 6 7
3 11 9 1755
3 11 1755 1757
3 1757 1755 1754
3 1757 1754 1756
3 1756 1754 10
3 1765 12 1759
3 1765 1759 1764
3 1764 1759 1758
3 1764 1758 14
3 14 1758 13
3 1842 15 1767
3 1842 1767 1766
3 1842 1766 1768
3 1842 1768 17
3 1768 1766 16
3 20 18 1770
3 1770 18 1769
3 1770 1769 19
3 23 21 1771
3 23 1771 1772
3 1772 1771 22
3 26 24 1773
3 26 1773 25
3 29 27 1774
3 1774 27 28
3 32 30 1778
3 32 1778 31
3 4182 33 34
3 4182 34 1779
3 4182 1779 35
3 4181 36 1792
3 4181 1792 37
3 4181 37 38
3 41 39 40
3 44 42 43
3 47 45 46
3 50 48 49
3 1807 51 1799
3 1807 1799 1800
3 1807 1800 53
3 1799 51 52
3 1804 54 1802
3 1804 1802 1803
3 1803 1802 1801
3 1803 1801 56
3 56 1801 55
3 1907 57 1808
3 1907 1808 59
3 59 1808 58
3 62 60 61
3 65 63 64
3 68 66 67
3 71 69 70
3 1941 72 73
3 1941 73 1825
3 1941 1825 1942
3 1942 1825 1826
3 1942 1826 74
3 1953 75 4185
3 1953 4185 4186
3 1953 4186 1954
3 1954 4186 4187
3 1954 4187 1955
3 1955 4187 4188
3 1955 4188 1956
3 1956 4188 4189
3 1956 4189 77
3 77 4189 79
3 4185 75 1828
3 4185 1828 4184
3 4184 1828 1827
3 4184 1827 4183
3 4183 1827 76
3 4183 76 78
3 2009 80 4189
3 2009 4189 4188
3 2009 4188 2010
3 2010 4188 4187
3 2010 4187 2011
3 2011 4187 4186
3 2011 4186 2012
3 2012 4186 4185
3 2012 4185 82
3 82 4185 1830
3 1830 4185 4184
3 1830 4184 1829
3 1829 4184 4183
3 1829 4183 81
3 81 4183 78
3 4189 80 79
3 85 83 1832
3 85 1832 1833
3 1833 1832 1831
3 1833 1831 84
3 88 86 1835
3 1835 86 1834
3 1835 1834 87
3 1841 89 1836
3 1841 1836 90
3 1841 90 91
3 2019 92 93
3 2019 93 1847
3 2019 1847 2020
3 2020 1847 1848
3 2020 1848 94
3 1851 95 1850
3 1851 1850 1849
3 1851 1849 97
3 97 1849 96
3 1853 98 1852
3 1853 1852 100
3 100 1852 99
3 1861 101 1860
3 1861 1860 102
3 1861 102 103
3 106 104 1862
3 106 1862 1863
3 1863 1862 105
3 109 107 1865
3 1865 107 1864
3 1865 1864 108
3 1868 110 1866
3 1868 1866 1867
3 1867 1866 111
3 1867 111 112
3 1872 113 1870
3 1872 1870 1869
3 1872 1869 1871
3 1871 1869 114
3 1871 114 115
3 2061 116 1874
3 2061 1874 118
3 118 1874 1873
3 118 1873 1875
3 1875 1873 117
3 121 119 1876
3 121 1876 120
3 2064 122 4202
3 2064 4202 1880
3 2064 1880 2065
3 2065 1880 1881
3 2065 1881 124
3 1880 4202 1879
3 1879 4202 123
3 123 4202 122
3 127 125 1887
3 1887 125 1884
3 1887 1884 1886
3 1886 1884 1883
3 1886 1883 1885
3 1885 1883 1882
3 1885 1882 126
3 1895 128 1890
3 1895 1890 1894
3 1894 1890 1889
3 1894 1889 1893
3 1893 1889 1888
3 1893 1888 130
3 130 1888 129
3 2084 131 1898
3 2084 1898 4204
3 2084 4204 2085
3 2085 4204 4203
3 2085 4203 133
3 133 4203 1900
3 1900 4203 1899
3 1899 4203 1896
3 1899 1896 132
3 1896 4203 4204
3 1896 4204 1897
3 1897 4204 1898
3 136 134 1902
3 136 1902 1903
3 1903 1902 1901
3 1903 1901 135
3 139 137 138
3 1910 140 141
3 1910 141 142
3 145 143 1911
3 145 1911 144
3 1920 146 147
3 1920 147 148
3 151 149 1922
3 1922 149 1921
3 1922 1921 150
3 154 152 1926
3 154 1926 1927
3 1927 1926 153
3 157 155 1928
3 157 1928 156
3 160 158 159
3 163 161 162
3 166 164 165
3 326 167 168
3 326 168 1937
3 326 1937 4193
3 4193 1937 170
3 4193 170 4190
3 4193 4190 4194
3 4194 4190 171
3 4194 171 327
3 327 171 169
3 4205 4206 4207
3 1944 172 171
3 1944 171 4205
3 1944 4205 1943
3 1943 4205 4207
3 1943 4207 174
3 174 4207 1940
3 1940 4207 4206
3 1940 4206 1939
3 1939 4206 170
3 1939 170 1938
3 1939 1938 173
3 170 4206 4190
3 4190 4206 4205
3 4190 4205 171
3 4208 4209 4210
3 4210 4209 4211
3 2156 175 4209
3 2156 4209 4208
3 2156 4208 2157
3 2157 4208 1947
3 2157 1947 177
3 1947 4208 179
3 179 4208 4191
3 4191 4208 4210
3 4191 4210 178
3 178 4210 4211
3 178 4211 1945
3 178 1945 176
3 1945 4211 1946
3 1946 4211 4209
3 1946 4209 175
3 182 180 1948
3 182 1948 1952
3 1952 1948 179
3 1952 179 1951
3 1951 179 4191
3 1951 4191 1950
3 1950 4191 178
3 1950 178 1949
3 1949 178 181
3 185 183 184
3 188 186 187
3 191 189 1963
3 1963 189 190
3 4180 192 1964
3 4180 1964 193
3 4180 193 1965
3 4180 1965 194
3 4179 195 1972
3 4179 1972 196
3 4179 196 1973
3 4179 1973 197
3 200 198 1974
3 200 1974 199
3 203 201 202
3 206 204 205
3 2204 207 1987
3 2204 1987 1988
3 2204 1988 2205
3 2205 1988 1989
3 2205 1989 2206
3 2206 1989 209
3 1987 207 208
3 212 210 1992
3 212 1992 1995
3 1995 1992 1991
3 1995 1991 1994
3 1994 1991 1990
3 1994 1990 1993
3 1993 1990 211
3 215 213 4212
3 215 4212 2001
3 2001 4212 1998
3 2001 1998 1997
3 2001 1997 2000
3 2000 1997 1996
3 2000 1996 1999
3 1999 1996 214
3 1998 4212 213
3 4216 4213 4217
3 4213 4214 4217
3 2014 216 4213
3 2014 4213 4216
3 2014 4216 2013
3 2013 4216 2008
3 2013 2008 218
3 2008 4216 4217
3 2008 4217 2007
3 2007 4217 4214
3 2007 4214 2006
3 2006 4214 4215
3 2006 4215 2005
3 2005 4215 2002
3 2005 2002 217
3 2002 4215 2003
3 2003 4215 4214
3 2003 4214 2004
3 2004 4214 4213
3 2004 4213 216
3 4168 219 2016
3 4168 2016 2015
3 4168 2015 221
3 221 2015 220
3 2021 222 2017
3 2021 2017 2018
3 2021 2018 224
3 2017 222 223
3 4219 4218 4220
3 4161 225 4220
3 4161 4220 4160
3 4160 4220 4218
3 4160 4218 4159
3 4159 4218 229
3 4159 229 227
3 229 4218 4192
3 4192 4218 4219
3 4192 4219 228
3 228 4219 4221
3 228 4221 226
3 226 4221 2022
3 2022 4221 4220
3 2022 4220 225
3 4220 4221 4219
3 2237 230 229
3 2237 229 4222
3 2237 4222 2238
3 2238 4222 232
3 232 4222 4223
3 232 4223 2024
3 2024 4223 2023
3 2023 4223 228
3 2023 228 231
3 228 4223 4192
3 4192 4223 4222
3 4192 4222 229
3 235 233 2026
3 235 2026 2027
3 2027 2026 2025
3 2027 2025 234
3 4158 236 2031
3 4158 2031 238
3 238 2031 237
3 241 239 2032
3 2032 239 240
3 244 242 2033
3 244 2033 243
3 4157 245 2034
3 4157 2034 247
3 2034 245 246
3 250 248 2036
3 2036 248 2035
3 2036 2035 249
3 253 251 2040
3 253 2040 2041
3 2041 2040 252
3 2246 254 2045
3 2246 2045 256
3 2045 254 2044
3 2044 254 2042
3 2044 2042 2043
3 2043 2042 255
3 2066 257 4224
3 2066 4224 2051
3 2066 2051 259
3 2051 4224 2050
3 2050 4224 4225
3 2050 4225 2049
3 2049 4225 2046
3 2049 2046 258
3 2046 4225 2047
3 2047 4225 4224
3 2047 4224 2048
3 2048 4224 257
3 2063 260 2059
3 2063 2059 2058
3 2063 2058 2062
3 2062 2058 4226
3 2062 4226 262
3 262 4226 2060
3 2060 4226 261
3 261 4226 2057
3 2057 4226 2058
3 265 263 2067
3 265 2067 264
3 268 266 267
3 271 269 270
3 274 272 273
3 277 275 276
3 280 278 2074
3 2074 278 279
3 283 281 2076
3 2076 281 2075
3 2076 2075 282
3 4228 4227 4229
3 2089 284 4227
3 2089 4227 4228
3 2089 4228 2088
3 2088 4228 2079
3 2088 2079 286
3 2079 4228 2078
3 2078 4228 4229
3 2078 4229 285
3 285 4229 2077
3 2077 4229 4227
3 2077 4227 284
3 289 287 2081
3 289 2081 2083
3 2083 2081 2080
3 2083 2080 2082
3 2082 2080 288
3 2288 290 2091
3 2288 2091 2090
3 2288 2090 292
3 292 2090 291
3 295 293 294
3 298 296 297
3 301 299 300
3 2108 302 303
3 2108 303 304
3 307 305 2109
3 307 2109 306
3 310 308 309
3 313 311 312
3 316 314 315
3 2321 317 2128
3 2321 2128 2129
3 2321 2129 2322
3 2322 2129 2130
3 2322 2130 319
3 2128 317 318
3 2135 320 2133
3 2135 2133 2132
3 2135 2132 2134
3 2134 2132 2131
3 2134 2131 322
3 322 2131 321
3 4230 4231 4236
3 4236 4231 4237
3 4232 4233 4238
3 4238 4233 4239
3 4233 4234 4239
3 4234 4235 4239
3 4235 4236 4239
3 4235 4230 4236
3 4236 4237 4240
3 4238 4239 4240
3 4239 4236 4240
3 2140 323 4235
3 2140 4235 4234
3 2140 4234 2139
3 2139 4234 4233
3 2139 4233 2138
3 2138 4233 4232
3 2138 4232 325
3 325 4232 327
3 327 4232 4194
3 4194 4232 4238
3 4194 4238 4240
3 4194 4240 4193
3 4193 4240 4237
3 4193 4237 326
3 326 4237 4231
3 326 4231 324
3 324 4231 2136
3 2136 4231 4230
3 2136 4230 2137
3 2137 4230 4235
3 2137 4235 323
3 2328 328 2143
3 2328 2143 493
3 493 2143 2142
3 493 2142 4242
3 493 4242 4195
3 4195 4242 4241
3 4195 4241 494
3 494 4241 2144
3 494 2144 330
3 2144 4241 329
3 329 4241 2141
3 2141 4241 4242
3 2141 4242 2142
3 333 331 2146
3 2146 331 2145
3 2146 2145 332
3 336 334 2150
3 2150 334 2149
3 2149 334 2147
3 2149 2147 2148
3 2148 2147 335
3 2158 337 2153
3 2158 2153 4243
3 2158 4243 2155
3 2158 2155 339
3 2155 4243 4244
3 2155 4244 2154
3 2154 4244 2151
3 2154 2151 338
3 2151 4244 2152
3 2152 4244 4243
3 2152 4243 2153
3 2359 340 2159
3 2359 2159 341
3 2359 341 342
3 345 343 344
3 348 346 347
3 351 349 350
3 4152 352 353
3 4152 353 2168
3 4152 2168 354
3 4145 355 2184
3 4145 2184 356
3 4145 356 357
3 360 358 359
3 363 361 362
3 366 364 365
3 2380 367 4245
3 2380 4245 2193
3 2380 2193 2381
3 2381 2193 2194
3 2381 2194 369
3 2193 4245 368
3 368 4245 367
3 372 370 2196
3 372 2196 2197
3 2197 2196 2195
3 2197 2195 371
3 375 373 2198
3 375 2198 2199
3 2199 2198 374
3 2209 376 2200
3 2209 2200 4246
3 2209 4246 2208
3 2208 4246 2202
3 2208 2202 2207
3 2207 2202 2203
3 2207 2203 378
3 2202 4246 2201
3 2201 4246 2200
3 2201 2200 377
3 381 379 2215
3 2215 379 2212
3 2215 2212 2214
3 2214 2212 2211
3 2214 2211 2213
3 2213 2211 2210
3 2213 2210 380
3 2405 382 2218
3 2405 2218 2217
3 2405 2217 384
3 384 2217 2219
3 2219 2217 2216
3 2219 2216 383
3 387 385 2220
3 387 2220 386
3 390 388 2221
3 2221 388 389
3 2421 391 2224
3 2421 2224 393
3 2224 391 2223
3 2223 391 2222
3 2223 2222 392
3 396 394 2226
3 396 2226 2228
3 2228 2226 2225
3 2228 2225 2227
3 2227 2225 395
3 399 397 2230
3 399 2230 2232
3 2232 2230 2229
3 2232 2229 2231
3 2231 2229 398
3 402 400 401
3 405 403 404
3 408 406 2245
3 2245 406 407
3 411 409 410
3 2428 412 413
3 2428 413 2251
3 2428 2251 414
3 2436 415 2252
3 2436 2252 416
3 2436 416 417
3 2443 418 419
3 2443 419 2255
3 2443 2255 420
3 423 421 2256
3 423 2256 422
3 426 424 425
3 429 427 428
3 2261 430 431
3 2261 431 432
3 435 433 2262
3 435 2262 434
3 438 436 437
3 441 439 440
3 2275 442 443
3 2275 443 444
3 447 445 2276
3 447 2276 446
3 4127 448 449
3 4127 449 2277
3 4127 2277 4128
3 4128 2277 2278
3 4128 2278 450
3 453 451 2280
3 453 2280 2281
3 2281 2280 2279
3 2281 2279 452
3 2291 454 455
3 2291 455 2289
3 2291 2289 456
3 459 457 2290
3 459 2290 458
3 462 460 2298
3 462 2298 2299
3 2299 2298 461
3 465 463 2300
3 465 2300 464
3 4122 466 467
3 4122 467 2303
3 4122 2303 4121
3 4121 2303 468
3 471 469 2306
3 2306 469 2304
3 2306 2304 2305
3 2305 2304 470
3 474 472 2311
3 2311 472 2308
3 2311 2308 2310
3 2310 2308 2307
3 2310 2307 2309
3 2309 2307 473
3 477 475 2314
3 477 2314 2316
3 2316 2314 2313
3 2316 2313 2315
3 2315 2313 2312
3 2315 2312 476
3 480 478 2320
3 2320 478 4247
3 2320 4247 2319
3 2319 4247 2318
3 2319 2318 2317
3 2319 2317 479
3 2318 4247 478
3 483 481 482
3 4120 484 2323
3 4120 2323 486
3 2323 484 485
3 489 487 2324
3 489 2324 2325
3 2325 2324 488
3 2330 490 4195
3 2330 4195 494
3 2330 494 2329
3 2329 494 492
3 4195 490 493
3 493 490 2326
3 493 2326 2327
3 2327 2326 491
3 497 495 2332
3 497 2332 2334
3 2334 2332 2331
3 2334 2331 2333
3 2333 2331 496
3 2339 498 2336
3 2339 2336 2335
3 2339 2335 500
3 500 2335 499
3 503 501 2345
3 2345 501 2343
3 2345 2343 2344
3 2344 2343 502
3 2886 504 2347
3 2886 2347 2346
3 2886 2346 506
3 506 2346 505
3 2900 507 508
3 2900 508 2348
3 2900 2348 2901
3 2901 2348 2349
3 2901 2349 2902
3 2902 2349 509
3 2809 510 2351
3 2809 2351 2350
3 2809 2350 512
3 512 2350 511
3 515 513 514
3 518 516 517
3 521 519 520
3 524 522 2358
3 2358 522 523
3 2822 525 526
3 2822 526 527
3 2383 528 529
3 2383 529 2374
3 2383 2374 2382
3 2382 2374 2375
3 2382 2375 530
3 2832 531 2385
3 2832 2385 533
3 533 2385 2384
3 533 2384 2386
3 2386 2384 532
3 536 534 2388
3 2388 534 2387
3 2388 2387 535
3 2836 537 2389
3 2836 2389 538
3 2836 538 539
3 542 540 541
3 2857 543 544
3 2857 544 545
3 2406 546 2404
3 2406 2404 548
3 2404 546 547
3 551 549 2408
3 2408 549 2407
3 2408 2407 550
3 2866 552 2409
3 2866 2409 554
3 554 2409 553
3 2412 555 556
3 2412 556 2410
3 2412 2410 557
3 560 558 2411
3 560 2411 559
3 2873 561 2413
3 2873 2413 2414
3 2873 2414 2874
3 2874 2414 563
3 2414 2413 562
3 566 564 2416
3 2416 564 2415
3 2416 2415 565
3 2422 567 2417
3 2422 2417 4248
3 2422 4248 569
3 569 4248 2418
3 2418 4248 2417
3 2418 2417 568
3 572 570 2419
3 572 2419 2420
3 2420 2419 571
3 2427 573 2426
3 2427 2426 575
3 575 2426 574
3 2437 576 577
3 2437 577 2435
3 2437 2435 578
3 2445 579 2438
3 2445 2438 580
3 2445 580 2444
3 2444 580 2439
3 2444 2439 581
3 584 582 2447
3 584 2447 2448
3 2448 2447 2446
3 2448 2446 583
3 587 585 2454
3 2454 585 2452
3 2454 2452 2453
3 2453 2452 586
3 4116 588 2456
3 4116 2456 2455
3 4116 2455 590
3 590 2455 589
3 593 591 592
3 596 594 2459
3 2459 594 595
3 599 597 2466
3 599 2466 598
3 602 600 601
3 605 603 604
3 2477 606 607
3 2477 607 608
3 611 609 2479
3 2479 609 2478
3 2479 2478 610
3 2563 612 2485
3 2563 2485 2486
3 2563 2486 614
3 2485 612 2484
3 2484 612 2483
3 2484 2483 613
3 617 615 2489
3 617 2489 2492
3 2492 2489 2488
3 2492 2488 2491
3 2491 2488 2487
3 2491 2487 2490
3 2490 2487 616
3 620 618 2496
3 2496 618 2495
3 2496 2495 622
3 622 2495 2494
3 622 2494 4196
3 4196 2494 621
3 621 2494 2493
3 621 2493 2498
3 2498 2493 619
3 4113 623 2497
3 4113 2497 622
3 4113 622 4114
3 4114 622 4196
3 4114 4196 621
3 4114 621 4115
3 4115 621 2499
3 4115 2499 625
3 625 2499 624
3 628 626 627
3 631 629 630
3 2502 632 633
3 2502 633 634
3 637 635 2503
3 637 2503 636
3 4112 638 639
3 4112 639 2504
3 4112 2504 4111
3 4111 2504 2505
3 4111 2505 4110
3 4110 2505 2506
3 4110 2506 640
3 643 641 2509
3 643 2509 2511
3 2511 2509 2508
3 2511 2508 2510
3 2510 2508 2507
3 2510 2507 642
3 646 644 2517
3 2517 644 2516
3 2516 644 2513
3 2516 2513 2515
3 2515 2513 2512
3 2515 2512 2514
3 2514 2512 645
3 4107 647 2521
3 4107 2521 2520
3 4107 2520 4108
3 4108 2520 2519
3 4108 2519 4109
3 4109 2519 2518
3 4109 2518 649
3 649 2518 648
3 652 650 651
3 4106 653 2522
3 4106 2522 2523
3 4106 2523 4105
3 4105 2523 2524
3 4105 2524 4104
3 4104 2524 655
3 2522 653 654
3 658 656 2527
3 658 2527 2529
3 2529 2527 2526
3 2529 2526 2528
3 2528 2526 2525
3 2528 2525 657
3 661 659 2534
3 2534 659 2533
3 2533 659 2531
3 2533 2531 2532
3 2532 2531 2530
3 2532 2530 660
3 664 662 2537
3 664 2537 2540
3 2540 2537 2536
3 2540 2536 2539
3 2539 2536 2535
3 2539 2535 2538
3 2538 2535 663
3 2548 665 2543
3 2548 2543 2542
3 2548 2542 2547
3 2547 2542 2541
3 2547 2541 2546
3 2546 2541 666
3 2546 666 667
3 2564 668 2551
3 2564 2551 4249
3 2564 4249 670
3 670 4249 2552
3 2552 4249 2550
3 2552 2550 2549
3 2552 2549 669
3 2550 4249 2551
3 2556 671 2553
3 2556 2553 673
3 673 2553 672
3 676 674 2568
3 676 2568 675
3 679 677 678
3 682 680 681
3 2583 683 684
3 2583 684 685
3 688 686 2585
3 2585 686 2584
3 2585 2584 687
3 691 689 2586
3 691 2586 2587
3 2587 2586 690
3 694 692 2588
3 694 2588 693
3 2685 695 2589
3 2685 2589 2590
3 2685 2590 2686
3 2686 2590 697
3 2589 695 696
3 700 698 2598
3 2598 698 2596
3 2598 2596 2597
3 2597 2596 2595
3 2597 2595 699
3 2688 701 4250
3 2688 4250 4251
3 2688 4251 703
3 703 4251 2603
3 2603 4251 4250
3 2603 4250 2602
3 2602 4250 2599
3 2602 2599 2601
3 2601 2599 702
3 2599 4250 2600
3 2600 4250 701
3 2700 704 2606
3 2700 2606 2605
3 2700 2605 2701
3 2701 2605 2604
3 2701 2604 706
3 706 2604 705
3 709 707 708
3 712 710 711
3 2721 713 2611
3 2721 2611 715
3 2611 713 714
3 718 716 2615
3 718 2615 717
3 2737 719 720
3 2737 720 721
3 2742 722 723
3 2742 723 2632
3 2742 2632 724
3 727 725 2633
3 727 2633 726
3 2750 728 2635
3 2750 2635 730
3 2635 728 2634
3 2634 728 729
3 2777 731 2641
3 2777 2641 2640
3 2777 2640 733
3 733 2640 732
3 736 734 735
3 739 737 738
3 742 740 741
3 2783 743 2666
3 2783 2666 745
3 2666 743 744
3 2672 746 2670
3 2672 2670 2671
3 2671 2670 747
3 2671 747 748
3 2789 749 4252
3 2789 4252 2676
3 2789 2676 751
3 2676 4252 2675
3 2675 4252 2673
3 2675 2673 750
3 2673 4252 2674
3 2674 4252 749
3 754 752 2682
3 754 2682 2684
3 2684 2682 2681
3 2684 2681 2683
3 2683 2681 753
3 757 755 756
3 760 758 759
3 2689 761 762
3 2689 762 2687
3 2689 2687 763
3 766 764 2691
3 2691 764 2690
3 2691 2690 765
3 2908 767 2692
3 2908 2692 2909
3 2909 2692 768
3 2909 768 2910
3 2910 768 2693
3 2910 2693 769
3 772 770 2697
3 772 2697 771
3 2704 773 774
3 2704 774 2698
3 2704 2698 2703
3 2703 2698 2699
3 2703 2699 2702
3 2702 2699 775
3 778 776 2711
3 2711 776 2710
3 2710 776 2707
3 2710 2707 2709
3 2709 2707 2706
3 2709 2706 2708
3 2708 2706 2705
3 2708 2705 777
3 2927 779 2715
3 2927 2715 2714
3 2927 2714 781
3 781 2714 2717
3 2717 2714 2713
3 2717 2713 2716
3 2716 2713 2712
3 2716 2712 780
3 2722 782 2719
3 2722 2719 784
3 784 2719 2720
3 2720 2719 2718
3 2720 2718 783
3 787 785 2726
3 787 2726 786
3 790 788 789
3 2955 791 2731
3 2955 2731 793
3 2731 791 792
3 2743 794 2732
3 2743 2732 795
3 2743 795 796
3 2738 797 2733
3 2738 2733 799
3 2733 797 798
3 2964 800 4253
3 2964 4253 802
3 802 4253 2745
3 2745 4253 2744
3 2745 2744 801
3 2744 4253 800
3 2747 803 2746
3 2747 2746 805
3 805 2746 804
3 808 806 2748
3 808 2748 2749
3 2749 2748 807
3 2971 809 2753
3 2971 2753 811
3 2753 809 810
3 814 812 2756
3 2756 812 2754
3 2756 2754 2755
3 2755 2754 813
3 817 815 2761
3 2761 815 2758
3 2761 2758 2760
3 2760 2758 2757
3 2760 2757 2759
3 2759 2757 816
3 820 818 2767
3 2767 818 2764
3 2767 2764 2766
3 2766 2764 2763
3 2766 2763 2765
3 2765 2763 2762
3 2765 2762 819
3 3007 821 2770
3 3007 2770 2769
3 3007 2769 3008
3 3008 2769 2768
3 3008 2768 3009
3 3009 2768 822
3 3009 822 823
3 2778 824 2773
3 2778 2773 826
3 2773 824 825
3 3018 827 2779
3 3018 2779 2780
3 3018 2780 829
3 2780 2779 828
3 832 830 2781
3 832 2781 2782
3 2782 2781 831
3 3030 833 834
3 3030 834 2784
3 3030 2784 835
3 838 836 2785
3 838 2785 2786
3 2786 2785 837
3 841 839 2788
3 2788 839 2787
3 2788 2787 840
3 844 842 843
3 847 845 846
3 3042 848 2796
3 3042 2796 2797
3 3042 2797 850
3 2796 848 849
3 853 851 2799
3 853 2799 2800
3 2800 2799 2798
3 2800 2798 852
3 3068 854 2801
3 3068 2801 3069
3 3069 2801 855
3 3069 855 2802
3 3069 2802 3070
3 3070 2802 856
3 4103 857 2803
3 4103 2803 858
3 4103 858 859
3 2810 860 2808
3 2810 2808 862
3 2808 860 861
3 2812 863 2811
3 2812 2811 864
3 2812 864 865
3 4102 866 2816
3 4102 2816 868
3 868 2816 867
3 2819 869 870
3 2819 870 871
3 2833 872 2820
3 2833 2820 873
3 2833 873 874
3 2823 875 2821
3 2823 2821 877
3 2821 875 876
3 880 878 2831
3 2831 878 2830
3 2831 2830 879
3 2837 881 2834
3 2837 2834 2835
3 2837 2835 883
3 2835 2834 882
3 3072 884 4254
3 3072 4254 886
3 886 4254 2839
3 2839 4254 2838
3 2839 2838 885
3 2838 4254 884
3 889 887 2850
3 2850 887 2849
3 2850 2849 888
3 892 890 2853
3 2853 890 2851
3 2853 2851 2852
3 2852 2851 891
3 2858 893 2855
3 2858 2855 895
3 895 2855 2854
3 895 2854 2856
3 2856 2854 894
3 2860 896 2859
3 2860 2859 898
3 898 2859 897
3 2868 899 2864
3 2868 2864 900
3 2868 900 2867
3 2867 900 2865
3 2867 2865 901
3 2889 902 2870
3 2889 2870 2888
3 2888 2870 2869
3 2888 2869 2887
3 2887 2869 903
3 2887 903 904
3 2876 905 2871
3 2876 2871 2872
3 2876 2872 2875
3 2875 2872 907
3 2871 905 906
3 2885 908 2882
3 2885 2882 2881
3 2885 2881 910
3 910 2881 909
3 2903 911 2892
3 2903 2892 4256
3 2903 4256 4255
3 2903 4255 913
3 913 4255 2894
3 2894 4255 2893
3 2893 4255 2891
3 2893 2891 2890
3 2893 2890 912
3 2891 4255 4256
3 2891 4256 2892
3 916 914 2899
3 2899 914 2896
3 2899 2896 2898
3 2898 2896 2895
3 2898 2895 2897
3 2897 2895 915
3 921 917 4259
3 921 4259 4258
3 921 4258 4197
3 4197 4258 4257
3 4197 4257 920
3 920 4257 2907
3 920 2907 919
3 2907 4257 2906
3 2906 4257 4258
3 2906 4258 2905
3 2905 4258 4259
3 2905 4259 918
3 918 4259 2904
3 2904 4259 917
3 3107 922 921
3 3107 921 3108
3 3108 921 4197
3 3108 4197 3109
3 3109 4197 920
3 3109 920 924
3 924 920 923
3 927 925 2911
3 2911 925 926
3 930 928 2912
3 930 2912 929
3 2932 931 2913
3 2932 2913 933
3 2913 931 932
3 936 934 2917
3 936 2917 2918
3 2918 2917 935
3 939 937 2926
3 2926 937 2925
3 2926 2925 938
3 942 940 2934
3 2934 940 2933
3 2934 2933 941
3 3129 943 4261
3 3129 4261 4260
3 3129 4260 945
3 945 4260 2937
3 2937 4260 2936
3 2936 4260 4261
3 2936 4261 944
3 944 4261 2935
3 2935 4261 943
3 3144 946 2939
3 3144 2939 2938
3 3144 2938 3145
3 3145 2938 947
3 3145 947 948
3 3148 949 2942
3 3148 2942 2943
3 3148 2943 3149
3 3149 2943 951
3 2942 949 950
3 3163 952 2945
3 3163 2945 2944
3 3163 2944 954
3 954 2944 953
3 957 955 956
3 3165 958 959
3 3165 959 2952
3 3165 2952 960
3 963 961 2953
3 963 2953 2954
3 2954 2953 962
3 966 964 2956
3 2956 964 965
3 2972 967 4262
3 2972 4262 2961
3 2972 2961 969
3 2961 4262 968
3 968 4262 2960
3 2960 4262 967
3 2965 970 2962
3 2965 2962 4263
3 2965 4263 972
3 972 4263 2963
3 2963 4263 971
3 971 4263 2962
3 975 973 2969
3 975 2969 2970
3 2970 2969 974
3 3188 976 2973
3 3188 2973 977
3 3188 977 978
3 3196 979 980
3 3196 980 2974
3 3196 2974 3197
3 3197 2974 2975
3 3197 2975 3198
3 3198 2975 2976
3 3198 2976 981
3 4095 982 2979
3 4095 2979 2978
3 4095 2978 4096
3 4096 2978 2977
3 4096 2977 984
3 984 2977 983
3 987 985 986
3 990 988 989
3 4081 991 2986
3 4081 2986 2987
3 4081 2987 4080
3 4080 2987 993
3 2986 991 992
3 3222 994 2989
3 3222 2989 2988
3 3222 2988 996
3 996 2988 995
3 3239 997 998
3 3239 998 999
3 1002 1000 1001
3 3245 1003 2994
3 3245 2994 2995
3 3245 2995 3246
3 3246 2995 2996
3 3246 2996 3247
3 3247 2996 2997
3 3247 2997 1005
3 2994 1003 1004
3 4078 1006 3001
3 4078 3001 3000
3 4078 3000 4079
3 4079 3000 4264
3 4079 4264 1008
3 1008 4264 3002
3 3002 4264 2998
3 3002 2998 1007
3 2998 4264 2999
3 2999 4264 3000
3 3011 1009 4265
3 3011 4265 3005
3 3011 3005 3010
3 3010 3005 3006
3 3010 3006 1011
3 3005 4265 3004
3 3004 4265 3003
3 3004 3003 1010
3 3003 4265 1009
3 3021 1012 3013
3 3021 3013 4266
3 3021 4266 3020
3 3020 4266 3019
3 3019 4266 4267
3 3019 4267 3014
3 3019 3014 1014
3 3014 4267 1013
3 1013 4267 3012
3 3012 4267 3013
3 3013 4267 4266
3 4269 4268 4270
3 4269 4270 4271
3 4077 1015 4268
3 4077 4268 4076
3 4076 4268 4269
3 4076 4269 1017
3 1017 4269 3026
3 3026 4269 4271
3 3026 4271 3025
3 3025 4271 3022
3 3025 3022 1016
3 3022 4271 3023
3 3023 4271 4270
3 3023 4270 3024
3 3024 4270 4268
3 3024 4268 1015
3 4075 1018 3028
3 4075 3028 1020
3 1020 3028 3027
3 1020 3027 1019
3 1023 1021 3029
3 3029 1021 1022
3 4074 1024 3031
3 4074 3031 1026
3 3031 1024 1025
3 1029 1027 3032
3 1029 3032 3033
3 3033 3032 1028
3 1032 1030 3034
3 1032 3034 1031
3 1035 1033 1034
3 3041 1036 1037
3 3041 1037 1038
3 1041 1039 1040
3 1044 1042 1043
3 3075 1045 1046
3 3075 1046 3053
3 3075 3053 3074
3 3074 3053 3054
3 3074 3054 3073
3 3073 3054 1047
3 1050 1048 3056
3 1050 3056 3058
3 3058 3056 3055
3 3058 3055 3057
3 3057 3055 1049
3 3062 1051 3060
3 3062 3060 3061
3 3061 3060 3059
3 3061 3059 1053
3 1053 3059 1052
3 1056 1054 3067
3 3067 1054 3064
3 3067 3064 3066
3 3066 3064 3063
3 3066 3063 3065
3 3065 3063 1055
3 1059 1057 3071
3 3071 1057 1058
3 1062 1060 3081
3 3081 1060 3078
3 3081 3078 3080
3 3080 3078 3077
3 3080 3077 3079
3 3079 3077 3076
3 3079 3076 1061
3 1065 1063 3084
3 1065 3084 3087
3 3087 3084 3083
3 3087 3083 3086
3 3086 3083 3082
3 3086 3082 3085
3 3085 3082 1064
3 1068 1066 3095
3 1068 3095 3097
3 3097 3095 3094
3 3097 3094 3096
3 3096 3094 3093
3 3096 3093 1067
3 3307 1069 3099
3 3307 3099 3308
3 3308 3099 3098
3 3308 3098 1071
3 1071 3098 1070
3 1074 1072 3102
3 3102 1072 1073
3 1077 1075 3103
3 1077 3103 1076
3 3110 1078 4272
3 3110 4272 1081
3 3110 1081 1087
3 1087 1081 4198
3 1087 4198 4199
3 4199 4198 1086
3 1086 4198 1082
3 1086 1082 3112
3 3112 1082 1080
3 1081 4272 1079
3 1079 4272 1078
3 1085 1083 1082
3 1085 1082 4273
3 1085 4273 3106
3 3106 4273 3105
3 3105 4273 4198
3 3105 4198 1081
3 3105 1081 3104
3 3104 1081 1084
3 4198 4273 1082
3 3311 1088 3111
3 3311 3111 3312
3 3312 3111 1087
3 3312 1087 4199
3 3312 4199 1090
3 1090 4199 1086
3 1090 1086 3114
3 3114 1086 3113
3 3114 3113 1089
3 3315 1091 3115
3 3315 3115 3116
3 3315 3116 3316
3 3316 3116 1093
3 3116 3115 1092
3 1096 1094 3117
3 1096 3117 3118
3 3118 3117 1095
3 1099 1097 3126
3 3126 1097 3125
3 3126 3125 1098
3 1102 1100 3128
3 3128 1100 3127
3 3128 3127 1101
3 1105 1103 1104
3 1108 1106 1107
3 3151 1109 3136
3 3151 3136 3137
3 3151 3137 3150
3 3150 3137 3138
3 3150 3138 1111
3 3136 1109 1110
3 3147 1112 3141
3 3147 3141 4274
3 3147 4274 3146
3 3146 4274 4275
3 3146 4275 1114
3 1114 4275 3143
3 3143 4275 3142
3 3142 4275 3139
3 3142 3139 1113
3 3139 4275 3140
3 3140 4275 4274
3 3140 4274 3141
3 3334 1115 4276
3 3334 4276 1117
3 1117 4276 3155
3 3155 4276 3154
3 3154 4276 3153
3 3154 3153 3152
3 3154 3152 1116
3 3153 4276 1115
3 3339 1118 3157
3 3339 3157 3340
3 3340 3157 3156
3 3340 3156 1120
3 1120 3156 1119
3 1123 1121 3160
3 3160 1121 1122
3 1126 1124 3161
3 1126 3161 1125
3 3164 1127 1128
3 3164 1128 3162
3 3164 3162 1129
3 3347 1130 3170
3 3347 3170 3171
3 3347 3171 3348
3 3348 3171 3172
3 3348 3172 1132
3 3170 1130 1131
3 1135 1133 3178
3 3178 1133 3175
3 3178 3175 3177
3 3177 3175 3174
3 3177 3174 3176
3 3176 3174 3173
3 3176 3173 1134
3 4065 1136 3181
3 4065 3181 1138
3 1138 3181 3180
3 1138 3180 3182
3 3182 3180 3179
3 3182 3179 1137
3 1141 1139 3184
3 3184 1139 3183
3 3184 3183 1140
3 4064 1142 3189
3 4064 3189 1144
3 3189 1142 1143
3 1147 1145 3190
3 1147 3190 3191
3 3191 3190 1146
3 3200 1148 3194
3 3200 3194 3195
3 3200 3195 3199
3 3199 3195 1150
3 3194 1148 3193
3 3193 1148 3192
3 3193 3192 1149
3 3362 1151 3202
3 3362 3202 3203
3 3362 3203 1153
3 3203 3202 3201
3 3203 3201 1152
3 3393 1154 3204
3 3393 3204 1155
3 3393 1155 1156
3 3401 1157 1158
3 3401 1158 3205
3 3401 3205 3402
3 3402 3205 3206
3 3402 3206 3403
3 3403 3206 3207
3 3403 3207 1159
3 3443 1160 3210
3 3443 3210 3209
3 3443 3209 3444
3 3444 3209 3208
3 3444 3208 1162
3 1162 3208 1161
3 1165 1163 1164
3 1168 1166 3215
3 3215 1166 1167
3 3473 1169 3217
3 3473 3217 3218
3 3473 3218 1171
3 3217 1169 3216
3 3217 3216 1170
3 3225 1172 3220
3 3225 3220 3224
3 3224 3220 3219
3 3224 3219 4277
3 3224 4277 3223
3 3223 4277 3221
3 3223 3221 1174
3 3221 4277 1173
3 1173 4277 3219
3 3484 1175 3233
3 3484 3233 4278
3 3484 4278 3485
3 3485 4278 4279
3 3485 4279 1177
3 1177 4279 3234
3 3234 4279 1176
3 1176 4279 3231
3 3231 4279 3232
3 3232 4279 4278
3 3232 4278 3233
3 3958 1178 3235
3 3958 3235 3959
3 3959 3235 1179
3 3959 1179 3236
3 3959 3236 3960
3 3960 3236 1180
3 1183 1181 3237
3 1183 3237 3238
3 3238 3237 1182
3 3967 1184 3240
3 3967 3240 1186
3 3240 1184 1185
3 1189 1187 3241
3 1189 3241 1188
3 3248 1190 3243
3 3248 3243 3244
3 3248 3244 1192
3 3243 1190 3242
3 3242 1190 1191
3 3258 1193 3252
3 3258 3252 3257
3 3257 3252 1194
3 3257 1194 1195
3 3995 1196 3260
3 3995 3260 3259
3 3995 3259 3996
3 3996 3259 1197
3 3996 1197 1198
3 1201 1199 1200
3 1204 1202 1203
3 1207 1205 1206
3 4007 1208 1209
3 4007 1209 1210
3 1213 1211 1212
3 1216 1214 1215
3 4026 1217 3287
3 4026 3287 3288
3 4026 3288 4027
3 4027 3288 1219
3 3287 1217 1218
3 1222 1220 3293
3 3293 1220 3290
3 3293 3290 3292
3 3292 3290 3289
3 3292 3289 3291
3 3291 3289 1221
3 3298 1223 3296
3 3298 3296 3295
3 3298 3295 3297
3 3297 3295 3294
3 3297 3294 1225
3 1225 3294 1224
3 4281 4280 4282
3 3314 1226 3300
3 3314 3300 4280
3 3314 4280 4281
3 3314 4281 3313
3 3313 4281 1228
3 1228 4281 3302
3 3302 4281 4282
3 3302 4282 3301
3 3301 4282 1227
3 1227 4282 3299
3 3299 4282 4280
3 3299 4280 3300
3 3310 1229 3304
3 3310 3304 4283
3 3310 4283 3309
3 3309 4283 3306
3 3309 3306 1231
3 3306 4283 3305
3 3305 4283 3303
3 3305 3303 1230
3 3303 4283 3304
3 4029 1232 1233
3 4029 1233 1234
3 1237 1235 1236
3 1240 1238 1239
3 1243 1241 1242
3 4045 1244 1245
3 4045 1245 3331
3 4045 3331 1246
3 1249 1247 3333
3 3333 1247 3332
3 3333 3332 1248
3 3342 1250 1251
3 3342 1251 3337
3 3342 3337 3341
3 3341 3337 3338
3 3341 3338 1252
3 1255 1253 3346
3 3346 1253 3344
3 3346 3344 3345
3 3345 3344 3343
3 3345 3343 1254
3 3364 1256 1257
3 3364 1257 3351
3 3364 3351 3363
3 3363 3351 1258
3 3353 1259 3352
3 3353 3352 1261
3 1261 3352 1260
3 3361 1262 3360
3 3361 3360 1263
3 3361 1263 1264
3 1267 1265 3368
3 3368 1265 3366
3 3368 3366 3367
3 3367 3366 3365
3 3367 3365 1266
3 4060 1268 3370
3 4060 3370 4061
3 4061 3370 3369
3 4061 3369 1270
3 1270 3369 1269
3 1273 1271 3371
3 3371 1271 1272
3 1276 1274 3372
3 1276 3372 1275
3 3519 1277 3375
3 3519 3375 3376
3 3519 3376 3520
3 3520 3376 3377
3 3520 3377 1279
3 3375 1277 1278
3 1282 1280 3383
3 3383 1280 3380
3 3383 3380 3382
3 3382 3380 3379
3 3382 3379 3381
3 3381 3379 3378
3 3381 3378 1281
3 3943 1283 3386
3 3943 3386 1285
3 1285 3386 3385
3 1285 3385 3387
3 3387 3385 3384
3 3387 3384 1284
3 1288 1286 3389
3 3389 1286 3388
3 3389 3388 1287
3 3942 1289 3394
3 3942 3394 1291
3 3394 1289 1290
3 1294 1292 3395
3 1294 3395 3396
3 3396 3395 1293
3 3404 1295 3399
3 3404 3399 3400
3 3404 3400 1297
3 3399 1295 3397
3 3399 3397 3398
3 3398 3397 1296
3 1300 1298 3407
3 3407 1298 3405
3 3407 3405 3406
3 3406 3405 1299
3 3527 1301 3409
3 3527 3409 4284
3 3527 4284 1303
3 1303 4284 3410
3 3410 4284 3408
3 3410 3408 1302
3 3408 4284 3409
3 3941 1304 3411
3 3941 3411 1305
3 3941 1305 3412
3 3941 3412 1306
3 3937 1307 3422
3 3937 3422 1308
3 3937 1308 3423
3 3937 3423 1309
3 3541 1310 3424
3 3541 3424 1312
3 1312 3424 1311
3 3554 1313 1314
3 3554 1314 3425
3 3554 3425 1315
3 1318 1316 3426
3 1318 3426 3427
3 3427 3426 1317
3 3566 1319 3430
3 3566 3430 3431
3 3566 3431 1321
3 3430 1319 3429
3 3429 1319 3428
3 3429 3428 1320
3 3589 1322 3434
3 3589 3434 3433
3 3589 3433 3590
3 3590 3433 3432
3 3590 3432 1324
3 1324 3432 1323
3 1327 1325 1326
3 1330 1328 1329
3 1333 1331 3439
3 3439 1331 1332
3 3936 1334 3440
3 3936 3440 1335
3 3936 1335 1336
3 3445 1337 3441
3 3445 3441 3442
3 3445 3442 1339
3 3441 1337 1338
3 3935 1340 3449
3 3935 3449 1342
3 3449 1340 3448
3 3448 1340 3446
3 3448 3446 3447
3 3447 3446 1341
3 3613 1343 3452
3 3613 3452 1345
3 1345 3452 3451
3 1345 3451 3453
3 3453 3451 3450
3 3453 3450 1344
3 3457 1346 3454
3 3457 3454 1347
3 3457 1347 1348
3 1351 1349 3460
3 3460 1349 3458
3 3460 3458 3459
3 3459 3458 1350
3 3619 1352 3462
3 3619 3462 3461
3 3619 3461 1354
3 1354 3461 1353
3 3633 1355 1356
3 3633 1356 1357
3 1360 1358 1359
3 1363 1361 3469
3 3469 1361 1362
3 1366 1364 1365
3 1369 1367 1368
3 1372 1370 1371
3 1375 1373 1374
3 3488 1376 1377
3 3488 1377 3482
3 3488 3482 3487
3 3487 3482 3483
3 3487 3483 3486
3 3486 3483 1378
3 1381 1379 3496
3 1381 3496 3498
3 3498 3496 3495
3 3498 3495 3497
3 3497 3495 3494
3 3497 3494 1380
3 3681 1382 4285
3 3681 4285 3503
3 3681 3503 1384
3 3503 4285 3502
3 3502 4285 3499
3 3502 3499 3501
3 3501 3499 1383
3 3499 4285 3500
3 3500 4285 1382
3 3510 1385 3506
3 3510 3506 3505
3 3510 3505 3509
3 3509 3505 3504
3 3509 3504 1387
3 1387 3504 1386
3 1390 1388 3514
3 3514 1388 3512
3 3514 3512 3513
3 3513 3512 3511
3 3513 3511 1389
3 1393 1391 3516
3 1393 3516 3518
3 3518 3516 3515
3 3518 3515 3517
3 3517 3515 1392
3 3529 1394 1395
3 3529 1395 3521
3 3529 3521 3528
3 3528 3521 1396
3 3523 1397 3522
3 3523 3522 1399
3 1399 3522 1398
3 1402 1400 3533
3 3533 1400 3531
3 3533 3531 3532
3 3532 3531 3530
3 3532 3530 1401
3 3698 1403 3535
3 3698 3535 4286
3 3698 4286 1405
3 1405 4286 3536
3 3536 4286 3534
3 3536 3534 1404
3 3534 4286 3535
3 1408 1406 3537
3 1408 3537 1407
3 1411 1409 3540
3 3540 1409 1410
3 1414 1412 3544
3 3544 1412 1413
3 3762 1415 3545
3 3762 3545 1416
3 3762 1416 3763
3 3763 1416 3546
3 3763 3546 3764
3 3764 3546 1417
3 1420 1418 3547
3 1420 3547 3548
3 3548 3547 1419
3 1423 1421 3550
3 3550 1421 3549
3 3550 3549 1422
3 3774 1424 1425
3 3774 1425 3555
3 3774 3555 1426
3 3563 1427 3562
3 3563 3562 1428
3 3563 1428 1429
3 3567 1430 3564
3 3567 3564 3565
3 3567 3565 1432
3 3565 3564 1431
3 1435 1433 3571
3 1435 3571 1434
3 1438 1436 3574
3 3574 1436 1437
3 1441 1439 3578
3 1441 3578 1440
3 1444 1442 3581
3 3581 1442 1443
3 3591 1445 3584
3 3591 3584 1447
3 3584 1445 3583
3 3583 1445 3582
3 3583 3582 1446
3 1450 1448 3586
3 1450 3586 3588
3 3588 3586 3585
3 3588 3585 3587
3 3587 3585 1449
3 1453 1451 3592
3 1453 3592 1452
3 3807 1454 1455
3 3807 1455 1456
3 1459 1457 1458
3 3812 1460 3599
3 3812 3599 3600
3 3812 3600 1462
3 3599 1460 1461
3 1465 1463 3602
3 1465 3602 3603
3 3603 3602 3601
3 3603 3601 1464
3 1468 1466 3608
3 3608 1466 3607
3 3608 3607 1467
3 3615 1469 3609
3 3615 3609 3614
3 3614 3609 1470
3 3614 1470 3610
3 3614 3610 1471
3 1474 1472 3612
3 3612 1472 3611
3 3612 3611 1473
3 3623 1475 3617
3 3623 3617 4287
3 3623 4287 3622
3 3622 4287 4289
3 3622 4289 3621
3 3621 4289 4288
3 3621 4288 3620
3 3620 4288 3618
3 3620 3618 1477
3 3618 4288 1476
3 1476 4288 3616
3 3616 4288 4289
3 3616 4289 4287
3 3616 4287 3617
3 3929 1478 3627
3 3929 3627 3930
3 3930 3627 3626
3 3930 3626 3931
3 3931 3626 3625
3 3931 3625 3932
3 3932 3625 3624
3 3932 3624 4290
3 3932 4290 1480
3 1480 4290 1479
3 1479 4290 3624
3 1483 1481 3628
3 3628 1481 1482
3 3710 1484 3629
3 3710 3629 3711
3 3711 3629 1485
3 3711 1485 3630
3 3711 3630 3712
3 3712 3630 1486
3 1489 1487 3631
3 1489 3631 3632
3 3632 3631 1488
3 3719 1490 3634
3 3719 3634 1492
3 3634 1490 1491
3 1495 1493 3635
3 1495 3635 1494
3 1498 1496 1497
3 3728 1499 1500
3 3728 1500 1501
3 1504 1502 1503
3 1507 1505 1506
3 1510 1508 1509
3 3733 1511 1512
3 3733 1512 1513
3 1516 1514 1515
3 1519 1517 1518
3 1522 1520 1521
3 1525 1523 1524
3 3684 1526 1527
3 3684 1527 3678
3 3684 3678 1528
3 1531 1529 3680
3 3680 1529 3679
3 3680 3679 1530
3 3750 1532 3685
3 3750 3685 1534
3 1534 3685 1533
3 1537 1535 1536
3 3700 1538 1539
3 3700 1539 3694
3 3700 3694 3699
3 3699 3694 1540
3 3713 1541 3706
3 3713 3706 3709
3 3713 3709 1543
3 3709 3706 3708
3 3708 3706 3705
3 3708 3705 3707
3 3707 3705 1542
3 3720 1544 3714
3 3720 3714 3715
3 3720 3715 1546
3 3715 3714 1545
3 3746 1547 3724
3 3746 3724 1549
3 1549 3724 1548
3 1552 1550 3727
3 3727 1550 1551
3 1555 1553 1554
3 1558 1556 1557
3 1561 1559 3729
3 3729 1559 1560
3 1564 1562 1563
3 3928 1565 4291
3 3928 4291 1568
3 3928 1568 3927
3 3927 1568 4200
3 3927 4200 3926
3 3926 4200 1569
3 3926 1569 3751
3 3926 3751 3925
3 3925 3751 1567
3 1568 4291 1566
3 1566 4291 1565
3 1572 1570 3752
3 1572 3752 1574
3 1574 3752 1569
3 1574 1569 4201
3 4201 1569 4200
3 4201 4200 1568
3 4201 1568 1573
3 1573 1568 1571
3 3924 1575 1574
3 3924 1574 4293
3 3924 4293 1577
3 1577 4293 3755
3 3755 4293 4292
3 3755 4292 3754
3 3754 4292 4201
3 3754 4201 1573
3 3754 1573 3753
3 3753 1573 1576
3 4201 4292 1574
3 1574 4292 4293
3 1580 1578 3761
3 3761 1578 3758
3 3761 3758 3760
3 3760 3758 3757
3 3760 3757 3759
3 3759 3757 3756
3 3759 3756 1579
3 3921 1581 3765
3 3921 3765 1583
3 3765 1581 1582
3 3859 1584 3766
3 3859 3766 1585
3 3859 1585 1586
3 3776 1587 1588
3 3776 1588 3769
3 3776 3769 3775
3 3775 3769 3770
3 3775 3770 1589
3 3773 1590 3772
3 3773 3772 3771
3 3773 3771 1592
3 1592 3771 1591
3 1595 1593 3778
3 1595 3778 3779
3 3779 3778 3777
3 3779 3777 1594
3 3790 1596 3780
3 3790 3780 3781
3 3790 3781 1598
3 3781 3780 1597
3 1601 1599 3785
3 1601 3785 1600
3 3802 1602 4294
3 3802 4294 1604
3 1604 4294 3798
3 3798 4294 3797
3 3798 3797 1603
3 3797 4294 1602
3 1607 1605 3799
3 1607 3799 1606
3 3875 1608 4295
3 3875 4295 3804
3 3875 3804 1610
3 3804 4295 1609
3 1609 4295 3803
3 3803 4295 1608
3 1613 1611 3805
3 1613 3805 3806
3 3806 3805 1612
3 3813 1614 3808
3 3813 3808 1616
3 3808 1614 1615
3 1619 1617 3817
3 1619 3817 1618
3 1622 1620 3822
3 3822 1620 1621
3 1625 1623 3823
3 1625 3823 1624
3 1628 1626 1627
3 1631 1629 1630
3 1634 1632 1633
3 1637 1635 1636
3 1640 1638 1639
3 1643 1641 1642
3 3861 1644 4296
3 3861 4296 3860
3 3860 4296 3852
3 3860 3852 1646
3 3852 4296 1645
3 1645 4296 1644
3 1649 1647 3863
3 1649 3863 3862
3 1649 3862 3864
3 3864 3862 1648
3 3872 1650 3865
3 3872 3865 1651
3 3872 1651 1652
3 1655 1653 3874
3 3874 1653 3873
3 3874 3873 1654
3 1658 1656 1657
3 1661 1659 1660
3 1664 1662 1663
3 1667 1665 1666
3 1670 1668 3878
3 3878 1668 1669
3 1673 1671 3882
3 1673 3882 1672
3 1676 1674 1675
3 1679 1677 1678
3 1682 1680 1681
3 3923 1683 3922
3 3923 3922 1685
3 1685 3922 1684
3 4063 1686 1687
3 4063 1687 3944
3 4063 3944 1688
3 3961 1689 3956
3 3961 3956 3957
3 3961 3957 1691
3 3956 1689 3954
3 3956 3954 3955
3 3955 3954 1690
3 3969 1692 3962
3 3969 3962 1693
3 3969 1693 3968
3 3968 1693 3963
3 3968 3963 1694
3 1697 1695 3971
3 1697 3971 3973
3 3973 3971 3970
3 3973 3970 3972
3 3972 3970 1696
3 4037 1698 3975
3 4037 3975 4036
3 4036 3975 3974
3 4036 3974 1700
3 1700 3974 1699
3 3998 1701 3982
3 3998 3982 3983
3 3998 3983 3997
3 3997 3983 3984
3 3997 3984 1703
3 3982 1701 1702
3 3994 1704 3992
3 3994 3992 3991
3 3994 3991 3993
3 3993 3991 3990
3 3993 3990 1706
3 1706 3990 1705
3 1709 1707 4000
3 1709 4000 4001
3 4001 4000 3999
3 4001 3999 1708
3 4017 1710 4002
3 4017 4002 4016
3 4016 4002 1711
3 4016 1711 1712
3 1715 1713 4003
3 4003 1713 1714
3 4028 1716 4019
3 4028 4019 4297
3 4028 4297 1718
3 1718 4297 4021
3 4021 4297 4020
3 4020 4297 4018
3 4020 4018 1717
3 4018 4297 4019
3 1721 1719 4043
3 1721 4043 4044
3 4044 4043 4042
3 4044 4042 1720
3 4062 1722 4058
3 4062 4058 4059
3 4062 4059 1724
3 4058 1722 1723
3 4101 1725 4083
3 4101 4083 4082
3 4101 4082 1727
3 1727 4082 4084
3 4084 4082 1726
3 4097 1728 4089
3 4097 4089 4090
3 4097 4090 1730
3 4089 1728 4088
3 4089 4088 1729
3 1733 1731 4094
3 4094 1731 4092
3 4094 4092 4093
3 4093 4092 4091
3 4093 4091 1732
3 4167 1734 4164
3 4167 4164 4163
3 4167 4163 1736
3 1736 4163 4162
3 1736 4162 4165
3 4165 4162 1735
3 1739 1737 4166
3 1739 4166 1738
3 4298 4299 4300
3 4300 4299 4304
3 4300 4304 4305
3 4301 4300 4305
3 4302 4301 4305
3 4302 4305 4306
3 4303 4302 4306
3 4303 4306 4307
3 4305 4304 4308
3 4306 4305 4308
3 4307 4306 4308
3 4307 4308 1742
3 4307 1742 1740
3 4307 1740 0
3 4307 0 4303
3 4303 0 1762
3 4303 1762 1760
3 4303 1760 4302
3 4302 1760 13
3 4302 13 4301
3 4301 13 10
3 4301 10 4300
3 4300 10 4298
3 4298 10 7
3 4298 7 4
3 4298 4 1750
3 4298 1750 4299
3 4299 1750 1748
3 4299 1748 1746
3 4299 1746 4304
3 4304 1746 1744
3 4304 1744 4308
3 4308 1744 1742
3 4309 4314 4315
3 4310 4309 4315
3 4310 4315 4316
3 4311 4310 4316
3 4311 4316 4317
3 4312 4311 4317
3 4312 4317 4318
3 4313 4312 4318
3 4315 4314 4321
3 4315 4321 4322
3 4316 4315 4322
3 4316 4322 4323
3 4317 4316 4323
3 4317 4323 4324
3 4318 4317 4324
3 4320 4319 4325
3 4321 4320 4325
3 4314 4320 4321
3 4322 4321 4326
3 4322 4326 4327
3 4323 4322 4327
3 4323 4327 4328
3 4324 4323 4328
3 4321 4325 4326
3 4327 4326 4329
3 4327 4329 4328
3 4328 4329 1745
3 4328 1745 1747
3 4328 1747 1749
3 4328 1749 4324
3 4324 1749 4318
3 4318 1749 1751
3 4318 1751 4313
3 4313 1751 3
3 4313 3 55
3 4313 55 52
3 4313 52 4312
3 4312 52 4311
3 4311 52 49
3 4311 49 4310
3 4310 49 1797
3 4310 1797 4309
3 4309 1797 1795
3 4309 1795 4314
3 4314 1795 46
3 4314 46 4320
3 4320 46 4319
3 4319 46 43
3 4319 43 1789
3 4319 1789 4325
3 4325 1789 1786
3 4325 1786 4326
3 4326 1786 4329
3 4329 1786 1783
3 4329 1783 1745
3 1745 1783 1743
3 1743 1783 1741
3 1741 1783 1780
3 1741 1780 1
3 1 1780 1775
3 1 1775 28
3 1 28 26
3 1775 1780 31
3 31 1780 34
3 1789 43 1793
3 1789 1793 40
3 1789 40 37
3 6 56 5
3 4330 4332 4333
3 4331 4330 4333
3 4331 4333 84
3 4331 84 81
3 4331 81 1823
3 4331 1823 4330
3 4330 1823 1821
3 4330 1821 1819
3 4330 1819 4332
3 4332 1819 1817
3 4332 1817 4335
3 4332 4335 1837
3 4332 1837 4333
3 4333 1837 90
3 4333 90 87
3 4333 87 84
3 1837 4335 1839
3 1839 4335 4338
3 1839 4338 9
3 9 4338 4337
3 9 4337 8
3 8 4337 4336
3 8 4336 54
3 54 4336 4334
3 54 4334 53
3 53 4334 61
3 53 61 58
3 61 4334 64
3 64 4334 1809
3 1809 4334 4336
3 1809 4336 1811
3 1811 4336 4337
3 1811 4337 1813
3 1813 4337 4338
3 1813 4338 4335
3 1813 4335 1815
3 1815 4335 1817
3 1823 81 76
3 1823 76 67
3 67 76 70
3 70 76 73
3 12 15 1840
3 12 1840 11
3 1840 15 1838
3 1838 15 91
3 2 25 1763
3 1763 25 22
3 1763 22 19
3 1763 19 1761
3 1761 19 16
3 1761 16 14
3 18 88 89
3 18 89 17
3 21 96 4339
3 21 4339 20
3 20 4339 86
3 86 4339 1843
3 86 1843 85
3 1843 4339 1845
3 1845 4339 93
3 93 4339 96
3 24 27 99
3 24 99 23
3 23 99 97
3 30 102 1857
3 30 1857 1777
3 1777 1857 1854
3 1777 1854 29
3 29 1854 100
3 33 38 108
3 33 108 105
3 33 105 103
3 33 103 32
3 108 38 39
3 108 39 111
3 4341 4340 4342
3 4341 4342 1788
3 4341 1788 1791
3 4341 1791 36
3 4341 36 4340
3 4340 36 35
3 4340 35 1782
3 4340 1782 4342
3 4342 1782 1785
3 4342 1785 1788
3 42 114 1794
3 1794 114 112
3 1794 112 41
3 120 117 1877
3 1877 117 4343
3 1877 4343 45
3 45 4343 44
3 44 4343 115
3 115 4343 117
3 1891 129 4344
3 1891 4344 1798
3 1891 1798 48
3 1798 4344 4345
3 1798 4345 1796
3 1796 4345 1878
3 1796 1878 47
3 1878 4345 4344
3 1878 4344 129
3 1878 129 126
3 1878 126 121
3 121 126 123
3 51 57 50
3 50 57 1904
3 50 1904 4346
3 50 4346 1892
3 1892 4346 132
3 1892 132 130
3 132 4346 135
3 135 4346 1904
3 1908 141 138
3 1908 138 1906
3 1908 1906 59
3 1908 59 60
3 1906 138 136
3 144 142 1912
3 1918 147 1916
3 1918 1916 4347
3 1918 4347 63
3 63 4347 62
3 62 4347 1909
3 1909 4347 1912
3 1909 1912 142
3 1912 4347 1914
3 1914 4347 1916
3 4349 4348 4352
3 4350 4354 4355
3 4351 4350 4355
3 4351 4355 4356
3 4352 4351 4356
3 4352 4356 1818
3 4352 1818 1820
3 4352 1820 4349
3 4349 1820 1822
3 4349 1822 1824
3 4349 1824 1929
3 4349 1929 156
3 4349 156 4348
3 4348 156 153
3 4348 153 1923
3 4348 1923 4351
3 4348 4351 4352
3 4351 1923 4350
3 4350 1923 150
3 4350 150 4354
3 4354 150 148
3 4354 148 4353
3 4354 4353 1812
3 4354 1812 1814
3 4354 1814 4355
3 4355 1814 1816
3 4355 1816 4356
3 4356 1816 1818
3 1812 4353 1810
3 1810 4353 1919
3 1810 1919 65
3 1919 4353 148
3 1929 1824 66
3 1935 159 1933
3 1935 1933 69
3 69 1933 68
3 68 1933 1931
3 68 1931 1930
3 1930 1931 157
3 72 173 71
3 71 173 1936
3 1936 173 165
3 1936 165 160
3 160 165 162
3 165 173 168
3 75 181 74
3 74 181 176
3 74 176 174
3 214 211 217
3 4357 4358 4359
3 4359 4358 4361
3 4359 4361 4360
3 4359 4360 1983
3 4359 1983 4357
3 4357 1983 1981
3 4357 1981 1979
3 4357 1979 1977
3 4357 1977 1975
3 4357 1975 4358
3 4358 1975 202
3 4358 202 199
3 4358 199 4361
3 4361 199 196
3 4361 196 1969
3 4361 1969 4360
3 4360 1969 1985
3 4360 1985 1983
3 1985 1969 208
3 208 1969 211
3 211 1969 1966
3 211 1966 217
3 217 1966 80
3 80 1966 190
3 80 190 187
3 80 187 1961
3 80 1961 77
3 77 1961 1959
3 77 1959 1957
3 77 1957 182
3 1957 1959 184
3 190 1966 193
3 1977 1979 205
3 1846 92 4362
3 1846 4362 1844
3 1844 4362 218
3 1844 218 82
3 1844 82 83
3 218 4362 220
3 220 4362 223
3 223 4362 92
3 4363 4366 4367
3 4364 4363 4367
3 4364 4367 4368
3 4365 4364 4368
3 4367 4366 4370
3 4367 4370 4371
3 4368 4367 4371
3 4369 4368 4371
3 4369 4371 4372
3 4369 4372 240
3 4369 240 237
3 4369 237 2028
3 4369 2028 4365
3 4369 4365 4368
3 4365 2028 234
3 4365 234 4364
3 4364 234 231
3 4364 231 4363
3 4363 231 226
3 4363 226 224
3 4363 224 94
3 4363 94 4366
3 4366 94 95
3 4366 95 98
3 4366 98 1856
3 4366 1856 4370
3 4370 1856 1859
3 4370 1859 4371
3 4371 1859 4372
3 4372 1859 101
3 4372 101 243
3 4372 243 240
3 243 101 104
3 107 244 106
3 4373 4374 4378
3 4373 4378 4375
3 4376 4380 4381
3 4377 4376 4381
3 4377 4381 4382
3 4378 4377 4382
3 4379 4378 4382
3 4375 4378 4379
3 4381 4380 4384
3 4382 4381 4384
3 4383 4382 4384
3 4379 4382 4383
3 4383 4384 109
3 4383 109 110
3 4383 110 113
3 4383 113 4379
3 4379 113 4375
3 4375 113 116
3 4375 116 4373
3 4373 116 2052
3 4373 2052 258
3 4373 258 4374
3 4374 258 255
3 4374 255 252
3 4374 252 4377
3 4374 4377 4378
3 4377 252 2037
3 4377 2037 4376
3 4376 2037 249
3 4376 249 4380
3 4380 249 246
3 4380 246 241
3 4380 241 242
3 4380 242 4384
3 4384 242 109
3 2052 116 261
3 118 119 262
3 119 122 262
3 4385 4386 4387
3 4385 4387 276
3 4385 276 273
3 4385 273 270
3 4385 270 267
3 4385 267 264
3 4385 264 4386
3 4386 264 259
3 4386 259 2056
3 4386 2056 4387
3 4387 2056 260
3 4387 260 2070
3 4387 2070 2068
3 4387 2068 276
3 2070 260 124
3 2070 124 125
3 128 131 4389
3 128 4389 127
3 127 4389 4388
3 127 4388 2071
3 2071 4388 2069
3 2069 4388 2072
3 2069 2072 277
3 2072 4388 279
3 279 4388 4389
3 279 4389 282
3 282 4389 288
3 282 288 285
3 288 4389 131
3 134 137 2086
3 134 2086 133
3 133 2086 289
3 291 286 2092
3 140 143 139
3 143 297 4390
3 143 4390 4391
3 143 4391 139
3 139 4391 2087
3 2087 4391 2092
3 2087 2092 286
3 2087 286 287
3 2092 4391 2094
3 2094 4391 4390
3 2094 4390 2096
3 2096 4390 2098
3 2096 2098 294
3 2098 4390 297
3 4392 4393 4394
3 4394 4393 4395
3 4394 4395 4396
3 4394 4396 2104
3 4394 2104 4392
3 4392 2104 2102
3 4392 2102 300
3 4392 300 2100
3 4392 2100 4393
3 4393 2100 298
3 4393 298 1913
3 4393 1913 4395
3 4395 1913 1915
3 4395 1915 1917
3 4395 1917 4396
3 4396 1917 146
3 4396 146 2106
3 4396 2106 2104
3 2106 146 149
3 1913 298 145
3 300 2102 303
3 4397 4399 4400
3 4397 4400 4401
3 4399 4398 4402
3 4399 4402 4403
3 4400 4399 4403
3 4400 4403 4404
3 4400 4404 4405
3 4401 4400 4405
3 4402 4406 4407
3 4403 4402 4407
3 4403 4407 4408
3 4404 4403 4408
3 4404 4408 4409
3 4405 4404 4409
3 4407 4406 4410
3 4407 4410 4408
3 4408 4410 1925
3 4408 1925 4409
3 4409 1925 152
3 4409 152 2116
3 4409 2116 4405
3 4405 2116 2114
3 4405 2114 4401
3 4401 2114 2112
3 4401 2112 2110
3 4401 2110 4397
3 4397 2110 306
3 4397 306 4398
3 4397 4398 4399
3 4398 306 304
3 4398 304 2103
3 4398 2103 4402
3 4402 2103 4406
3 4406 2103 2105
3 4406 2105 2107
3 4406 2107 4410
3 4410 2107 151
3 4410 151 1925
3 4411 4412 4413
3 4413 4412 4414
3 4413 4414 1934
3 4413 1934 158
3 4413 158 312
3 4413 312 2118
3 4413 2118 4411
3 4411 2118 309
3 4411 309 2111
3 4411 2111 2113
3 4411 2113 4412
3 4412 2113 2115
3 4412 2115 4414
3 4414 2115 2117
3 4414 2117 1932
3 4414 1932 1934
3 1932 2117 155
3 155 2117 154
3 2111 309 307
3 312 158 161
3 164 321 4416
3 164 4416 4415
3 164 4415 163
3 163 4415 313
3 313 4415 2120
3 2120 4415 2124
3 2120 2124 2122
3 2120 2122 315
3 2124 4415 4416
3 2124 4416 2126
3 2126 4416 318
3 318 4416 321
3 167 324 322
3 167 322 166
3 338 335 175
3 172 175 335
3 172 335 332
3 172 332 169
3 169 332 329
3 169 329 325
3 1958 183 341
3 1958 341 339
3 1958 339 177
3 1958 177 180
3 341 183 344
3 2162 350 2160
3 2162 2160 2164
3 2164 2160 4418
3 2164 4418 2166
3 2166 4418 1962
3 2166 1962 186
3 1962 4418 1960
3 1960 4418 4417
3 1960 4417 185
3 185 4417 345
3 345 4417 347
3 347 4417 2160
3 2160 4417 4418
3 4420 4419 4423
3 4420 4423 4169
3 4420 4169 201
3 4420 201 2189
3 4420 2189 2187
3 4420 2187 4419
3 4419 2187 2185
3 4419 2185 2181
3 4419 2181 2178
3 4419 2178 4423
3 4423 2178 4425
3 4423 4425 4171
3 4423 4171 4169
3 4171 4425 4173
3 4173 4425 2175
3 4173 2175 4175
3 4175 2175 2172
3 4175 2172 4424
3 4175 4424 4177
3 4177 4424 4422
3 4177 4422 4421
3 4177 4421 189
3 189 4421 188
3 188 4421 2167
3 2167 4421 2165
3 2165 4421 4422
3 2165 4422 2163
3 2163 4422 2169
3 2163 2169 351
3 351 2169 353
3 2169 4422 2172
3 2172 4422 4424
3 2175 4425 2178
3 2181 2185 359
3 2181 359 356
3 201 4169 200
3 4429 4428 4431
3 4430 4429 4431
3 4427 4430 4431
3 4431 4428 4174
3 4431 4174 4176
3 4431 4176 4427
3 4427 4176 4178
3 4427 4178 191
3 4427 191 192
3 4427 192 4430
3 4430 192 197
3 4430 197 4429
3 4429 197 4426
3 4429 4426 4170
3 4429 4170 4428
3 4428 4170 4172
3 4428 4172 4174
3 4170 4426 198
3 198 4426 197
3 195 194 4432
3 195 4432 1971
3 1971 4432 4433
3 1971 4433 1968
3 1968 4433 194
3 194 4433 4432
3 204 365 4434
3 204 4434 1978
3 1978 4434 4435
3 1978 4435 1976
3 1976 4435 2190
3 1976 2190 203
3 2190 4435 2188
3 2188 4435 2191
3 2188 2191 2186
3 2186 2191 360
3 2191 4435 362
3 362 4435 4434
3 362 4434 365
3 207 377 1986
3 1986 377 1984
3 1984 377 374
3 1984 374 1982
3 1982 374 371
3 1982 371 1980
3 1980 371 368
3 1980 368 206
3 206 368 366
3 4436 4437 4438
3 4436 4438 4439
3 4437 4440 4441
3 4438 4437 4441
3 4438 4441 4442
3 4439 4438 4442
3 4440 4443 4444
3 4441 4440 4444
3 4442 4441 4444
3 4442 4444 4445
3 4443 4447 4448
3 4444 4443 4448
3 4445 4444 4448
3 4445 4448 2233
3 4445 2233 4442
3 4442 2233 398
3 4442 398 4439
3 4439 398 395
3 4439 395 392
3 4439 392 389
3 4439 389 4436
3 4436 389 386
3 4436 386 383
3 4436 383 380
3 4436 380 4437
3 4437 380 378
3 4437 378 4440
3 4440 378 209
3 4440 209 4443
3 4443 209 4447
3 4447 209 4446
3 4447 4446 230
3 4447 230 4448
3 4448 230 2233
3 230 4446 227
3 227 4446 1735
3 1735 4446 1738
3 1738 4446 210
3 210 4446 209
3 212 213 1739
3 1737 215 1736
3 216 219 215
3 215 219 1736
3 222 225 1734
3 222 1734 221
3 2239 399 2236
3 2239 2236 233
3 233 2236 232
3 4450 4449 4452
3 4450 4452 4453
3 4451 4450 4453
3 4453 4452 4454
3 4453 4454 248
3 4453 248 4155
3 4453 4155 4451
3 4451 4155 2241
3 4451 2241 404
3 4451 404 4450
3 4450 404 401
3 4450 401 4449
3 4449 401 397
3 4449 397 2240
3 4449 2240 4452
3 4452 2240 4454
3 4454 2240 2030
3 4454 2030 236
3 4454 236 247
3 4454 247 248
3 2030 2240 235
3 397 401 396
3 2241 4155 2243
3 2243 4155 4153
3 2243 4153 407
3 407 4153 253
3 407 253 254
3 239 245 238
3 4156 250 4455
3 4156 4455 4154
3 4154 4455 2039
3 4154 2039 251
3 2039 4455 250
3 257 263 256
3 256 263 2249
3 256 2249 408
3 408 2249 2247
3 408 2247 410
3 266 425 2250
3 266 2250 265
3 2250 425 2257
3 2250 2257 4458
3 2250 4458 2248
3 2248 4458 4457
3 2248 4457 4456
3 2248 4456 411
3 411 4456 413
3 413 4456 416
3 416 4456 2253
3 2253 4456 4457
3 2253 4457 4458
3 2253 4458 419
3 419 4458 422
3 422 4458 2257
3 269 426 268
3 2259 431 4459
3 2259 4459 272
3 272 4459 271
3 271 4459 424
3 424 4459 2258
3 2258 4459 428
3 2258 428 423
3 428 4459 431
3 2073 278 2265
3 2073 2265 275
3 275 2265 2263
3 275 2263 274
3 274 2263 2260
3 2260 2263 434
3 2260 434 432
3 2269 443 440
3 2269 440 4460
3 2269 4460 2271
3 2271 4460 4461
3 2271 4461 4462
3 2271 4462 2273
3 2273 4462 2266
3 2273 2266 280
3 2273 280 281
3 2266 4462 2264
3 2264 4462 4461
3 2264 4461 437
3 2264 437 435
3 437 4461 2267
3 2267 4461 4460
3 2267 4460 440
3 284 290 283
3 4463 4466 4467
3 4464 4463 4467
3 4466 4468 4469
3 4467 4466 4469
3 4467 4469 4470
3 4470 4469 4471
3 4470 4471 2285
3 4470 2285 2282
3 4470 2282 4467
3 4467 2282 4465
3 4467 4465 4464
3 4464 4465 446
3 4464 446 444
3 4464 444 4463
3 4463 444 2270
3 4463 2270 4466
3 4466 2270 2272
3 4466 2272 4468
3 4468 2272 2274
3 4468 2274 283
3 4468 283 4471
3 4468 4471 4469
3 4471 283 290
3 4471 290 2285
3 446 4465 449
3 449 4465 452
3 452 4465 2282
3 293 458 2097
3 458 455 2097
3 2097 455 453
3 2097 453 2284
3 2097 2284 2095
3 2095 2284 2287
3 2095 2287 2093
3 2093 2287 292
3 459 295 299
3 2101 299 295
3 2101 295 2099
3 2101 2099 296
3 456 457 2292
3 464 461 308
3 302 305 4474
3 302 4474 301
3 301 4474 457
3 457 4474 2292
3 2292 4474 4472
3 2292 4472 2295
3 2295 4472 4473
3 2295 4473 461
3 461 4473 308
3 308 4473 305
3 305 4473 4474
3 4474 4473 4472
3 2121 314 2119
3 2121 2119 311
3 2119 314 310
3 310 314 465
3 462 463 2301
3 317 479 2127
3 2127 479 476
3 2127 476 473
3 2127 473 4475
3 2127 4475 2125
3 2125 4475 2123
3 2123 4475 2301
3 2123 2301 316
3 316 2301 463
3 2301 4475 467
3 467 4475 470
3 470 4475 473
3 320 323 328
3 320 328 491
3 320 491 319
3 319 491 488
3 319 488 482
3 319 482 480
3 482 488 485
3 2337 499 496
3 2337 496 492
3 2337 492 330
3 2337 330 331
3 334 517 333
3 333 517 2338
3 2338 517 2354
3 2338 2354 500
3 500 2354 4476
3 500 4476 2340
3 2340 4476 514
3 2340 514 511
3 2340 511 502
3 502 511 508
3 502 508 505
3 514 4476 2352
3 2352 4476 2354
3 336 337 518
3 337 340 518
3 518 340 4477
3 518 4477 2356
3 2356 4477 523
3 2356 523 520
3 523 4477 340
3 4478 4481 4482
3 4482 4481 4485
3 4482 4485 4143
3 4482 4143 4483
3 4482 4483 2362
3 4482 2362 2360
3 4482 2360 4478
3 4478 2360 526
3 4478 526 524
3 4478 524 4481
3 4481 524 342
3 4481 342 4485
3 4485 342 343
3 4485 343 346
3 4485 346 4143
3 2362 4483 4141
3 2362 4141 2364
3 2364 4141 4139
3 2364 4139 2366
3 2366 4139 4137
3 2366 4137 2368
3 2368 4137 4135
3 2368 4135 4133
3 2368 4133 2370
3 2370 4133 4479
3 2370 4479 2372
3 2372 4479 4480
3 2372 4480 2376
3 2372 2376 529
3 2376 4480 4484
3 2376 4484 367
3 367 4484 364
3 364 4484 363
3 363 4484 4131
3 4131 4484 4480
3 4131 4480 4479
3 4131 4479 4133
3 4141 4483 4143
3 349 352 4491
3 349 4491 4490
3 349 4490 2161
3 2161 4490 4144
3 2161 4144 348
3 4144 4490 4142
3 4142 4490 4491
3 4142 4491 4140
3 4140 4491 4486
3 4140 4486 4138
3 4138 4486 4487
3 4138 4487 4136
3 4136 4487 4488
3 4136 4488 4134
3 4134 4488 4489
3 4134 4489 4132
3 4132 4489 2192
3 4132 2192 361
3 2192 4489 358
3 358 4489 357
3 357 4489 4488
3 357 4488 4146
3 4146 4488 4487
3 4146 4487 4149
3 4149 4487 4486
3 4149 4486 4491
3 4149 4491 352
3 4493 4492 4496
3 4493 4496 4497
3 4494 4493 4497
3 4494 4497 4495
3 4494 4495 4148
3 4494 4148 4493
3 4493 4148 4151
3 4493 4151 4492
3 4492 4151 354
3 4492 354 2171
3 4492 2171 4496
3 4496 2171 2174
3 4496 2174 2177
3 4496 2177 4497
3 4497 2177 2180
3 4497 2180 4495
3 4495 2180 2183
3 4495 2183 355
3 4495 355 4148
3 4500 4499 4502
3 4500 4502 2400
3 4500 2400 4501
3 4500 4501 2396
3 4500 2396 2394
3 4500 2394 4499
3 4499 2394 2392
3 4499 2392 4498
3 4499 4498 2379
3 4499 2379 369
3 4499 369 4502
3 4502 369 370
3 4502 370 2400
3 2379 4498 530
3 530 4498 2390
3 530 2390 532
3 532 2390 535
3 535 2390 538
3 2390 4498 2392
3 2396 4501 541
3 541 4501 2398
3 2398 4501 2400
3 4129 381 2402
3 4129 2402 2399
3 4129 2399 2401
3 4129 2401 373
3 373 2401 372
3 2399 2402 542
3 542 2402 544
3 2402 381 547
3 547 381 382
3 376 379 4130
3 376 4130 375
3 385 559 553
3 385 553 550
3 385 550 548
3 385 548 384
3 553 559 556
3 388 560 387
3 391 571 390
3 390 571 568
3 390 568 565
3 390 565 558
3 558 565 557
3 557 565 562
3 394 400 393
3 393 400 572
3 403 574 4503
3 403 4503 402
3 402 4503 570
3 570 4503 2423
3 570 2423 569
3 2423 4503 574
3 406 409 2244
3 2244 409 4504
3 2244 4504 2242
3 2242 4504 405
3 405 4504 575
3 575 4504 412
3 412 4504 409
3 4506 4505 4507
3 4506 4507 415
3 4506 415 577
3 4506 577 2433
3 4506 2433 2431
3 4506 2431 4505
3 4505 2431 2429
3 4505 2429 2425
3 4505 2425 4507
3 4507 2425 573
3 4507 573 414
3 4507 414 415
3 2425 2429 567
3 567 2429 566
3 2440 580 578
3 2440 578 417
3 2440 417 2254
3 2440 2254 418
3 421 427 2467
3 421 2467 420
3 420 2467 4508
3 420 4508 2442
3 2442 4508 598
3 2442 598 2463
3 2442 2463 581
3 581 2463 2460
3 581 2460 583
3 583 2460 595
3 583 595 2449
3 2449 595 2457
3 2449 2457 586
3 586 2457 592
3 586 592 589
3 598 4508 2467
3 601 599 2469
3 430 433 4509
3 430 4509 429
3 429 4509 2468
3 2468 4509 2469
3 2468 2469 599
3 2469 4509 2471
3 2471 4509 4510
3 2471 4510 2473
3 2473 4510 2475
3 2473 2475 604
3 2475 4510 436
3 436 4510 433
3 433 4510 4509
3 439 607 605
3 439 605 2268
3 2268 605 2476
3 2268 2476 438
3 610 608 2480
3 616 613 619
3 624 619 627
3 442 445 4512
3 442 4512 4514
3 442 4514 441
3 441 4514 608
3 608 4514 2480
3 2480 4514 4511
3 2480 4511 613
3 613 4511 4512
3 613 4512 4513
3 613 4513 619
3 619 4513 627
3 627 4513 445
3 445 4513 4512
3 4512 4511 4514
3 4123 468 2500
3 4123 2500 628
3 4123 628 448
3 448 628 447
3 2500 468 630
3 630 468 469
3 630 469 633
3 451 454 4517
3 451 4517 450
3 450 4517 4516
3 450 4516 4126
3 4126 4516 4515
3 4126 4515 466
3 466 4515 2302
3 2302 4515 460
3 460 4515 2297
3 2297 4515 4516
3 2297 4516 2294
3 2294 4516 4517
3 2294 4517 454
3 636 634 472
3 472 634 471
3 475 483 484
3 475 484 4117
3 475 4117 474
3 474 4117 637
3 637 4117 591
3 591 4117 590
3 478 481 477
3 487 497 486
3 486 497 498
3 486 498 4119
3 4119 498 2342
3 4119 2342 588
3 588 2342 587
3 587 2342 501
3 490 495 489
3 504 910 2884
3 504 2884 2451
3 504 2451 503
3 503 2451 585
3 2451 2884 584
3 507 915 506
3 506 915 908
3 908 915 2880
3 2880 915 912
3 2880 912 904
3 2880 904 905
3 510 861 2795
3 510 2795 757
3 510 757 758
3 510 758 509
3 509 758 916
3 916 758 761
3 916 761 764
3 2795 861 2793
3 2793 861 2806
3 2793 2806 847
3 847 2806 2804
3 847 2804 849
3 849 2804 852
3 852 2804 858
3 852 858 855
3 513 864 862
3 513 862 512
3 2357 519 4519
3 2357 4519 4518
3 2357 4518 4520
3 2357 4520 516
3 516 4520 2355
3 2355 4520 2353
3 2353 4520 4518
3 2353 4518 865
3 2353 865 515
3 865 4518 4519
3 865 4519 2813
3 2813 4519 2817
3 2813 2817 867
3 867 2817 870
3 2817 4519 519
3 522 525 521
3 521 525 4521
3 521 4521 2818
3 2818 4521 871
3 871 4521 876
3 871 876 873
3 876 4521 525
3 4522 4525 4526
3 4523 4522 4526
3 4523 4526 4527
3 4523 4527 4528
3 4524 4523 4528
3 4524 4528 4529
3 4526 4525 4530
3 4526 4530 4531
3 4527 4526 4531
3 4527 4531 4532
3 4527 4532 4528
3 4528 4532 2371
3 4528 2371 2373
3 4528 2373 4529
3 4529 2373 528
3 4529 528 531
3 4529 531 879
3 4529 879 4524
3 4524 879 2827
3 4524 2827 4523
3 4523 2827 2824
3 4523 2824 4522
3 4522 2824 877
3 4522 877 4525
3 4525 877 527
3 4525 527 2361
3 4525 2361 4530
3 4530 2361 2363
3 4530 2363 2365
3 4530 2365 4531
3 4531 2365 2367
3 4531 2367 4532
3 4532 2367 2369
3 4532 2369 2371
3 534 880 533
3 537 882 2829
3 537 2829 536
3 536 2829 878
3 2829 882 2826
3 2826 882 874
3 2826 874 875
3 885 883 2840
3 540 543 891
3 540 891 888
3 540 888 2397
3 2397 888 2846
3 2397 2846 2395
3 2395 2846 2843
3 2395 2843 2393
3 2393 2843 2840
3 2393 2840 2391
3 2391 2840 539
3 539 2840 883
3 891 543 894
3 546 549 2403
3 2403 549 897
3 2403 897 545
3 545 897 895
3 552 900 2861
3 552 2861 551
3 551 2861 898
3 555 561 901
3 555 901 554
3 901 561 906
3 901 906 903
3 4533 4534 4535
3 4533 4535 4536
3 4533 4536 582
3 4533 582 2883
3 4533 2883 909
3 4533 909 4534
3 4534 909 2877
3 4534 2877 907
3 4534 907 4535
3 4535 907 2430
3 4535 2430 2432
3 4535 2432 4536
3 4536 2432 2434
3 4536 2434 579
3 4536 579 582
3 579 2434 576
3 2430 907 563
3 2430 563 564
3 632 635 631
3 594 651 2458
3 2458 651 648
3 2458 648 645
3 2458 645 642
3 2458 642 593
3 593 642 4537
3 593 4537 635
3 635 4537 631
3 631 4537 639
3 639 4537 642
3 597 600 2465
3 4539 4538 4540
3 4539 4540 2544
3 4539 2544 666
3 4539 666 663
3 4539 663 4538
3 4538 663 660
3 4538 660 2462
3 4538 2462 2465
3 4538 2465 4540
3 4540 2465 600
3 4540 600 2544
3 2462 660 657
3 2462 657 596
3 596 657 652
3 652 657 654
3 672 669 2554
3 606 609 603
3 4541 4542 4543
3 4541 4543 2554
3 4541 2554 669
3 4541 669 667
3 4541 667 2545
3 4541 2545 4542
3 4542 2545 2470
3 4542 2470 2472
3 4542 2472 4543
3 4543 2472 2474
3 4543 2474 2554
3 2554 2474 603
3 2554 603 609
3 2470 2545 602
3 2557 673 2555
3 2557 2555 2482
3 2557 2482 2560
3 2560 2482 612
3 2482 2555 611
3 614 615 2562
3 670 671 2565
3 2569 675 4545
3 2569 4545 2571
3 2571 4545 2562
3 2571 2562 615
3 2562 4545 4544
3 2562 4544 2559
3 2559 4544 2565
3 2559 2565 671
3 2565 4544 675
3 675 4544 4545
3 4547 4546 4548
3 4547 4548 4549
3 4547 4549 2577
3 4547 2577 2575
3 4547 2575 4546
3 4546 2575 2573
3 4546 2573 678
3 4546 678 2570
3 4546 2570 4548
3 4548 2570 2572
3 4548 2572 4550
3 4548 4550 4549
3 4549 4550 2579
3 4549 2579 681
3 4549 681 2577
3 681 2579 684
3 2579 4550 2581
3 2581 4550 617
3 2581 617 618
3 617 4550 2572
3 2570 678 676
3 620 623 2582
3 4551 4552 4553
3 4551 4553 687
3 4551 687 685
3 4551 685 2580
3 4551 2580 4552
3 4552 2580 2582
3 4552 2582 623
3 4552 623 640
3 4552 640 4553
3 4553 640 641
3 4553 641 690
3 4553 690 687
3 690 641 693
3 2501 629 638
3 2501 638 625
3 2501 625 626
3 644 694 643
3 647 655 4554
3 647 4554 4555
3 647 4555 646
3 646 4555 692
3 692 4555 691
3 691 4555 696
3 696 4555 2591
3 2591 4555 4554
3 2591 4554 699
3 699 4554 705
3 699 705 702
3 705 4554 2607
3 2607 4554 2609
3 2607 2609 708
3 2609 4554 656
3 656 4554 655
3 650 653 649
3 711 709 659
3 659 709 2610
3 659 2610 658
3 4556 4557 4558
3 4560 4559 4561
3 4560 4561 2654
3 4560 2654 2652
3 4560 2652 2618
3 4560 2618 2616
3 4560 2616 4559
3 4559 2616 2612
3 4559 2612 714
3 4559 714 4561
3 4561 714 712
3 4561 712 661
3 4561 661 662
3 4561 662 2654
3 2612 2616 717
3 717 2616 720
3 2618 2652 2620
3 2620 2652 2650
3 2620 2650 2622
3 2622 2650 2648
3 2622 2648 2624
3 2624 2648 2646
3 2624 2646 2626
3 2626 2646 2644
3 2626 2644 2628
3 2628 2644 4557
3 2628 4557 2630
3 2630 4557 4556
3 2630 4556 729
3 2630 729 726
3 2630 726 723
3 729 4556 2636
3 2636 4556 4558
3 2636 4558 732
3 732 4558 735
3 735 4558 738
3 738 4558 2642
3 2642 4558 4557
3 2642 4557 2644
3 665 668 4565
3 665 4565 2653
3 665 2653 2655
3 665 2655 664
3 2653 4565 2651
3 2651 4565 4564
3 2651 4564 2649
3 2649 4564 4563
3 2649 4563 2647
3 2647 4563 4562
3 2647 4562 2645
3 2645 4562 2643
3 2643 4562 2656
3 2643 2656 739
3 2656 4562 677
3 677 4562 674
3 674 4562 2567
3 2567 4562 4563
3 2567 4563 668
3 668 4563 4565
3 4565 4563 4564
3 2658 741 4566
3 2658 4566 2660
3 2660 4566 2578
3 2660 2578 680
3 2578 4566 2576
3 2576 4566 2574
3 2574 4566 2657
3 2574 2657 679
3 2657 4566 737
3 737 4566 741
3 737 741 736
3 4569 4568 4570
3 4569 4570 747
3 4569 747 2667
3 4569 2667 744
3 4569 744 2664
3 4569 2664 4567
3 4569 4567 4568
3 4568 4567 2661
3 4568 2661 682
3 4568 682 683
3 4568 683 4570
3 4570 683 686
3 4570 686 747
3 2661 4567 2659
3 2659 4567 2662
3 2659 2662 742
3 2662 4567 2664
3 750 748 2677
3 689 695 753
3 689 753 2677
3 689 2677 688
3 688 2677 748
3 698 759 2594
3 2594 759 756
3 2594 756 697
3 697 756 754
3 701 762 700
3 700 762 760
3 774 771 704
3 704 771 2694
3 704 2694 763
3 704 763 703
3 763 2694 765
3 765 2694 768
3 777 775 780
3 707 710 2608
3 710 713 2608
3 2608 713 783
3 2608 783 775
3 2608 775 706
3 775 783 780
3 716 789 2727
3 716 2727 2614
3 2614 2727 786
3 2614 786 2723
3 2614 2723 715
3 715 2723 784
3 2734 798 2729
3 2734 2729 790
3 2734 790 719
3 719 790 718
3 2729 798 792
3 792 798 795
3 4571 4574 4572
3 4573 4576 4577
3 4574 4573 4577
3 4574 4577 4578
3 4572 4574 4578
3 4572 4578 4575
3 4576 4580 4581
3 4577 4576 4581
3 4577 4581 4582
3 4578 4577 4582
3 4575 4578 4582
3 4575 4582 4579
3 4575 4579 2625
3 4575 2625 2627
3 4575 2627 2629
3 4575 2629 4572
3 4572 2629 2631
3 4572 2631 4571
3 4571 2631 722
3 4571 722 2739
3 4571 2739 4574
3 4574 2739 4573
3 4573 2739 799
3 4573 799 4576
3 4576 799 2736
3 4576 2736 4580
3 4580 2736 721
3 4580 721 2617
3 4580 2617 2619
3 4580 2619 4581
3 4581 2619 2621
3 4581 2621 4582
3 4582 2621 2623
3 4582 2623 4579
3 4579 2623 2625
3 725 804 724
3 724 804 801
3 724 801 2741
3 2741 801 796
3 2741 796 797
3 728 807 727
3 727 807 805
3 2774 825 4585
3 2774 4585 4584
3 2774 4584 731
3 731 4584 4583
3 731 4583 2639
3 2639 4583 2751
3 2639 2751 730
3 730 2751 808
3 2751 4583 810
3 810 4583 4584
3 810 4584 813
3 813 4584 4585
3 813 4585 816
3 816 4585 819
3 819 4585 2771
3 819 2771 822
3 2771 4585 825
3 734 740 733
3 733 740 2663
3 733 2663 2776
3 2776 2663 2665
3 2776 2665 826
3 826 2665 831
3 826 831 828
3 831 2665 743
3 749 840 746
3 746 840 2669
3 840 837 2669
3 2669 837 745
3 745 837 834
3 745 834 832
3 841 751 843
3 752 755 2794
3 752 2794 4586
3 752 4586 2680
3 2680 4586 843
3 2680 843 751
3 843 4586 2790
3 2790 4586 2792
3 2790 2792 846
3 2792 4586 2794
3 767 918 913
3 767 913 766
3 766 913 914
3 770 778 2696
3 4587 4589 4590
3 4589 4588 4592
3 4589 4592 4593
3 4590 4589 4593
3 4590 4593 4594
3 4593 4592 4597
3 4593 4597 4598
3 4594 4593 4598
3 4595 4594 4598
3 4596 4595 4598
3 4591 4595 4596
3 4598 4597 4599
3 4596 4598 4599
3 4599 4597 919
3 4599 919 769
3 4599 769 4596
3 4596 769 2696
3 4596 2696 4591
3 4591 2696 778
3 4591 778 779
3 4591 779 938
3 4591 938 4595
3 4595 938 2922
3 4595 2922 4594
3 4594 2922 2919
3 4594 2919 4590
3 4590 2919 935
3 4590 935 4587
3 4587 935 2914
3 4587 2914 932
3 4587 932 929
3 4587 929 4588
3 4587 4588 4589
3 4588 929 926
3 4588 926 4592
3 4592 926 923
3 4592 923 4597
3 4597 923 919
3 772 773 776
3 4600 4603 4604
3 4600 4604 956
3 4600 956 953
3 4600 953 950
3 4600 950 2940
3 4600 2940 4603
3 4603 2940 4602
3 4603 4602 2916
3 4603 2916 934
3 4603 934 4604
3 4604 934 2930
3 4604 2930 4605
3 4604 4605 956
3 956 4605 2946
3 2946 4605 2930
3 2946 2930 2948
3 2948 2930 2928
3 2948 2928 785
3 785 2928 939
3 785 939 2725
3 2725 939 782
3 782 939 781
3 2916 4602 933
3 933 4602 4601
3 933 4601 941
3 941 4601 944
3 944 4601 947
3 947 4601 2940
3 2940 4601 4602
3 2730 791 962
3 2730 962 4606
3 2730 4606 788
3 788 4606 2728
3 2728 4606 4607
3 2728 4607 2949
3 2728 2949 787
3 2949 4607 2947
3 2947 4607 2950
3 2947 2950 957
3 2950 4607 4606
3 2950 4606 959
3 959 4606 962
3 794 800 2957
3 794 2957 965
3 794 965 793
3 793 965 963
3 2957 800 968
3 968 800 971
3 803 806 2966
3 803 2966 802
3 802 2966 972
3 2966 806 2752
3 2966 2752 974
3 974 2752 809
3 812 975 811
3 4608 4611 4612
3 4609 4608 4612
3 4609 4612 4613
3 4609 4613 989
3 4609 989 986
3 4609 986 983
3 4609 983 4608
3 4608 983 980
3 4608 980 977
3 4608 977 4610
3 4608 4610 4611
3 4611 4610 2968
3 4611 2968 4612
3 4612 2968 973
3 4612 973 4613
3 4613 973 2980
3 4613 2980 989
3 2980 973 2982
3 2982 973 814
3 2982 814 815
3 2968 4610 970
3 970 4610 969
3 969 4610 977
3 2990 1001 4615
3 2990 4615 817
3 2990 817 818
3 817 4615 2983
3 2983 4615 4614
3 2983 4614 2981
3 2981 4614 2984
3 2981 2984 990
3 2984 4614 4615
3 2984 4615 992
3 992 4615 1001
3 992 1001 995
3 995 1001 998
3 821 1010 1007
3 821 1007 820
3 820 1007 2991
3 2991 1007 1004
3 2991 1004 2992
3 2991 2992 1002
3 824 827 2772
3 2772 827 3015
3 2772 3015 823
3 823 3015 1013
3 823 1013 1011
3 830 833 829
3 829 833 3017
3 3017 833 1022
3 3017 1022 1019
3 3017 1019 1016
3 3017 1016 1014
3 3035 1031 4616
3 3035 4616 836
3 836 4616 835
3 835 4616 1028
3 835 1028 1025
3 835 1025 1023
3 1028 4616 1031
3 839 842 4618
3 839 4618 838
3 838 4618 3036
3 3036 4618 4619
3 3036 4619 4617
3 3036 4617 1032
3 1032 4617 1034
3 1034 4617 3037
3 3037 4617 4619
3 3037 4619 1037
3 1037 4619 3039
3 3039 4619 4618
3 3039 4618 842
3 845 848 1038
3 845 1038 3040
3 845 3040 2791
3 2791 3040 844
3 4620 4621 4622
3 4622 4621 4623
3 4622 4623 3049
3 4622 3049 3047
3 4622 3047 3045
3 4622 3045 4620
3 4620 3045 3043
3 4620 3043 3038
3 4620 3038 1036
3 4620 1036 4621
3 4621 1036 850
3 4621 850 4623
3 4623 850 851
3 4623 851 1052
3 4623 1052 3051
3 4623 3051 3049
3 3051 1052 1049
3 3051 1049 1046
3 3038 3043 1035
3 1035 3043 1043
3 1035 1043 1040
3 854 1055 1053
3 854 1053 853
3 868 869 857
3 857 869 872
3 857 872 856
3 856 872 1056
3 1056 872 1058
3 1058 872 881
3 1058 881 884
3 860 863 2807
3 2807 863 2815
3 2807 2815 2805
3 2805 2815 866
3 2805 866 859
3 4624 4627 4628
3 4625 4624 4628
3 4625 4628 4629
3 4628 4627 4630
3 4628 4630 4631
3 4629 4628 4631
3 4629 4631 1073
3 4629 1073 4625
3 4625 1073 3100
3 4625 3100 1067
3 4625 1067 3088
3 4625 3088 4624
3 4624 3088 4627
3 4627 3088 1064
3 4627 1064 4626
3 4627 4626 2845
3 4627 2845 4630
3 4630 2845 2848
3 4630 2848 4631
3 4631 2848 887
3 4631 887 1076
3 4631 1076 1073
3 2845 4626 2842
3 2842 4626 1061
3 2842 1061 886
3 886 1061 1059
3 1059 1061 1047
3 1059 1047 1048
3 1061 4626 1064
3 1067 3100 1070
3 890 1077 889
3 4632 4634 4635
3 4633 4636 4637
3 4634 4633 4637
3 4634 4637 4638
3 4635 4634 4638
3 4635 4638 4639
3 4635 4639 917
3 4635 917 922
3 4635 922 4632
3 4632 922 1084
3 4632 1084 1079
3 4632 1079 1074
3 4632 1074 4633
3 4632 4633 4634
3 4633 1074 1075
3 4633 1075 4636
3 4636 1075 892
3 4636 892 893
3 4636 893 896
3 4636 896 4637
3 4637 896 2863
3 4637 2863 4638
3 4638 2863 4639
3 4639 2863 899
3 4639 899 902
3 4639 902 911
3 4639 911 917
3 925 1085 924
3 928 942 4641
3 928 4641 4642
3 928 4642 927
3 927 4642 1080
3 927 1080 1083
3 1080 4642 3119
3 1080 3119 1089
3 1089 3119 1095
3 1089 1095 1092
3 3119 4642 3122
3 3122 4642 4640
3 3122 4640 1098
3 1098 4640 4641
3 1098 4641 1101
3 1101 4641 943
3 943 4641 942
3 4641 4640 4642
3 931 940 930
3 2931 936 4643
3 2931 4643 2929
3 2929 4643 2924
3 2929 2924 937
3 2924 4643 2921
3 2921 4643 936
3 4645 4644 4646
3 4645 4646 1113
3 4645 1113 1110
3 4645 1110 3134
3 4645 3134 4644
3 4644 3134 3132
3 4644 3132 3130
3 4644 3130 4646
3 4646 3130 1104
3 4646 1104 1102
3 4646 1102 946
3 4646 946 1113
3 946 1102 945
3 3132 3134 1107
3 949 1114 2941
3 2941 1114 948
3 4647 4649 4650
3 4647 4650 4651
3 4648 4647 4651
3 4648 4651 4652
3 4650 4649 4653
3 4650 4653 4654
3 4651 4650 4654
3 4651 4654 4655
3 4652 4651 4655
3 4652 4655 1125
3 4652 1125 1122
3 4652 1122 4648
3 4648 1122 3158
3 4648 3158 4647
3 4647 3158 1119
3 4647 1119 1116
3 4647 1116 4649
3 4649 1116 1111
3 4649 1111 1112
3 4649 1112 4653
3 4653 1112 951
3 4653 951 4654
3 4654 951 952
3 4654 952 4655
3 4655 952 1128
3 4655 1128 1125
3 2951 958 1129
3 2951 1129 955
3 955 1129 954
3 961 964 960
3 960 964 3166
3 960 3166 1127
3 1127 3166 1126
3 4658 4657 4660
3 4658 4660 4661
3 4658 4661 4662
3 4656 4658 4662
3 4656 4662 4659
3 4661 4660 4665
3 4661 4665 4666
3 4662 4661 4666
3 4662 4666 4667
3 4659 4662 4667
3 4659 4667 4663
3 4659 4663 4664
3 4664 4663 4669
3 4666 4665 4670
3 4666 4670 4671
3 4667 4666 4671
3 4663 4667 4671
3 4663 4671 4668
3 4663 4668 4669
3 4669 4668 2959
3 4669 2959 967
3 4669 967 4664
3 4664 967 976
3 4664 976 4659
3 4659 976 3185
3 4659 3185 4656
3 4656 3185 1140
3 4656 1140 4658
3 4658 1140 4657
3 4657 1140 1137
3 4657 1137 1134
3 4657 1134 3168
3 4657 3168 4660
3 4660 3168 1123
3 4660 1123 4665
3 4665 1123 1124
3 4665 1124 4670
3 4670 1124 3167
3 4670 3167 966
3 4670 966 4671
3 4671 966 2959
3 4671 2959 4668
3 3168 1134 1131
3 979 1149 4672
3 979 4672 978
3 978 4672 3187
3 3187 4672 1149
3 3187 1149 1146
3 3187 1146 1143
3 3187 1143 1141
3 1732 1729 982
3 982 1729 981
3 4085 1726 3213
3 4085 3213 3211
3 4085 3211 1729
3 1729 3211 4674
3 1729 4674 981
3 981 4674 4673
3 981 4673 1155
3 981 1155 1150
3 1150 1155 1152
3 1155 4673 1158
3 1158 4673 1161
3 1161 4673 4674
3 1161 4674 1164
3 1164 4674 3211
3 3213 1726 1167
3 1167 1726 993
3 1167 993 1170
3 1170 993 994
3 1170 994 1173
3 1733 984 985
3 1731 987 1730
3 1730 987 4098
3 2985 991 1725
3 2985 1725 4098
3 2985 4098 988
3 988 4098 987
3 997 1182 3226
3 997 3226 1174
3 997 1174 996
3 3226 1182 1176
3 1176 1182 1179
3 2993 1003 1191
3 2993 1191 1188
3 2993 1188 4675
3 2993 4675 1000
3 1000 4675 999
3 999 4675 1185
3 999 1185 1183
3 1185 4675 1188
3 1006 1017 1018
3 1006 1018 1026
3 1006 1026 1005
3 1005 1026 1027
3 1005 1027 4676
3 1005 4676 1192
3 1192 4676 3249
3 3249 4676 3253
3 3249 3253 1194
3 3253 4676 3255
3 3255 4676 1027
3 1009 1012 1015
3 1009 1015 1008
3 1021 1024 1020
3 4677 4678 4679
3 4677 4679 1203
3 4677 1203 3261
3 4677 3261 3254
3 4677 3254 3256
3 4677 3256 4678
3 4678 3256 1030
3 4678 1030 1033
3 4678 1033 4679
3 4679 1033 1039
3 4679 1039 1203
3 1030 3256 1029
3 3254 3261 1200
3 3254 1200 1195
3 1195 1200 1197
3 4680 4682 4683
3 4681 4680 4683
3 4681 4683 4684
3 4681 4684 3267
3 4681 3267 3265
3 4681 3265 3263
3 4681 3263 4680
3 4680 3263 1204
3 4680 1204 4682
3 4682 1204 1041
3 4682 1041 1042
3 4682 1042 3279
3 4682 3279 4683
3 4683 3279 3277
3 4683 3277 4684
3 4684 3277 3275
3 4684 3275 3269
3 4684 3269 3267
3 3269 3275 3271
3 3271 3275 3273
3 3271 3273 1212
3 3263 3265 1206
3 1206 3265 1209
3 4686 4690 4691
3 4687 4686 4691
3 4688 4687 4691
3 4688 4691 4072
3 4688 4072 4070
3 4688 4070 1213
3 4688 1213 3274
3 4688 3274 4687
3 4687 3274 3276
3 4687 3276 4686
3 4686 3276 3278
3 4686 3278 4685
3 4686 4685 3046
3 4686 3046 4690
3 4690 3046 3048
3 4690 3048 3050
3 4690 3050 4691
3 4691 3050 3052
3 4691 3052 4072
3 4072 3052 1060
3 1060 3052 1045
3 3046 4685 3044
3 3044 4685 3280
3 3044 3280 1044
3 3280 4685 3278
3 1213 4070 3281
3 3281 4070 1215
3 1215 4070 4689
3 1215 4689 3283
3 3283 4689 3285
3 3285 4689 3092
3 3285 3092 1218
3 1218 3092 1221
3 1221 3092 1066
3 1221 1066 1224
3 3092 4689 1065
3 1065 4689 4070
3 1051 1054 1057
3 1051 1057 1050
3 4073 1062 4692
3 4073 4692 4071
3 4071 4692 1063
3 1063 4692 1062
3 1069 1230 1227
3 1069 1227 1225
3 1069 1225 1068
3 1072 1078 3101
3 3101 1078 1088
3 3101 1088 1231
3 3101 1231 1071
3 1091 1228 1229
3 1091 1229 1090
3 4066 1099 3327
3 4066 3327 4694
3 4066 4694 4068
3 4068 4694 3319
3 4068 3319 3317
3 4068 3317 1094
3 1094 3317 1223
3 1094 1223 1226
3 1094 1226 1093
3 1223 3317 1222
3 3319 4694 3321
3 3321 4694 4693
3 3321 4693 3323
3 3321 3323 1236
3 3321 1236 1233
3 3323 4693 3325
3 3325 4693 3327
3 3327 4693 4694
3 3327 1099 1103
3 1103 1099 1100
3 4069 1096 3121
3 4069 3121 3124
3 4069 3124 4067
3 4067 3124 1097
3 1106 1242 1239
3 1106 1239 3133
3 3133 1239 4696
3 3133 4696 3131
3 3131 4696 3328
3 3131 3328 1105
3 3328 4696 3326
3 3326 4696 4695
3 3326 4695 3324
3 3324 4695 3329
3 3324 3329 1237
3 3329 4695 1239
3 1239 4695 4696
3 1109 1115 3135
3 3135 1115 1248
3 3135 1248 1245
3 3135 1245 1108
3 1108 1245 1243
3 1118 1251 3335
3 1118 3335 1117
3 1117 3335 1249
3 3169 1130 1254
3 3169 1254 3159
3 3169 3159 1121
3 3159 1254 1252
3 3159 1252 1120
3 1133 1260 3349
3 1133 3349 1132
3 1132 3349 1255
3 3349 1260 1257
3 1145 1263 1144
3 1136 1144 3357
3 1136 3357 3354
3 1136 3354 1135
3 1135 3354 1261
3 3357 1144 1263
3 1139 1142 1138
3 1264 1147 1151
3 1148 1151 1147
3 1281 1278 1284
3 4698 4697 4699
3 4698 4699 4700
3 4698 4700 4701
3 4699 4702 4703
3 4700 4699 4703
3 4700 4703 4704
3 4701 4700 4704
3 4701 4704 4705
3 4705 4704 4706
3 4705 4706 1154
3 4705 1154 3390
3 4705 3390 4701
3 4701 3390 1287
3 4701 1287 4698
3 4698 1287 1284
3 4698 1284 1278
3 4698 1278 3373
3 4698 3373 4697
3 4697 3373 1275
3 4697 1275 4699
3 4699 1275 1272
3 4699 1272 4702
3 4702 1272 1266
3 4702 1266 1258
3 4702 1258 1259
3 4702 1259 4703
3 4703 1259 3356
3 4703 3356 4704
3 4704 3356 3359
3 4704 3359 4706
3 4706 3359 1262
3 4706 1262 1154
3 1154 1262 1153
3 1266 1272 1269
3 1157 1296 3392
3 1157 3392 1156
3 3392 1296 1293
3 3392 1293 1290
3 3392 1290 1288
3 1160 1338 3437
3 1160 3437 3435
3 1160 3435 4707
3 1160 4707 1159
3 1159 4707 3413
3 1159 3413 1297
3 1297 3413 1305
3 1297 1305 1299
3 1299 1305 1302
3 3413 4707 1329
3 3413 1329 3416
3 3416 1329 1326
3 3416 1326 1323
3 3416 1323 3419
3 3419 1323 1320
3 3419 1320 1308
3 1308 1320 1317
3 1308 1317 1311
3 1311 1317 1314
3 1329 4707 3435
3 3437 1338 1332
3 1332 1338 1335
3 3455 1347 1344
3 3455 1344 1341
3 3455 1341 1339
3 3455 1339 1163
3 1163 1339 1162
3 3465 1359 4708
3 3465 4708 4710
3 3465 4710 3214
3 3465 3214 1166
3 3214 4710 4709
3 3214 4709 3212
3 3212 4709 1165
3 1165 4709 3456
3 3456 4709 4710
3 3456 4710 4708
3 3456 4708 1348
3 1348 4708 1350
3 1350 4708 1353
3 1353 4708 3463
3 1353 3463 1356
3 3463 4708 1359
3 3470 1362 3466
3 3470 3466 1168
3 3470 1168 1169
3 3466 1362 3467
3 3466 3467 1360
3 1175 1377 3230
3 3230 1377 3480
3 3230 3480 3478
3 3230 3478 1172
3 1172 3478 4712
3 1172 4712 1171
3 1171 4712 3472
3 3472 4712 4711
3 3472 4711 1363
3 1363 4711 1368
3 1363 1368 1365
3 1368 4711 1371
3 1371 4711 1374
3 1374 4711 3474
3 3474 4711 3476
3 3476 4711 4712
3 3476 4712 3478
3 1378 1177 3489
3 4713 4715 4716
3 4714 4713 4716
3 4714 4716 4717
3 4714 4717 4718
3 4716 4715 4719
3 4716 4719 4720
3 4717 4716 4720
3 4717 4720 4721
3 4717 4721 4722
3 4718 4717 4722
3 4718 4722 1274
3 4718 1274 4714
3 4714 1274 3507
3 4714 3507 1386
3 4714 1386 4713
3 4713 1386 1383
3 4713 1383 1380
3 4713 1380 4715
3 4715 1380 3489
3 4715 3489 4719
3 4719 3489 3951
3 4719 3951 3948
3 4719 3948 4720
3 4720 3948 3945
3 4720 3945 4721
3 4721 3945 4722
3 4722 3945 1687
3 4722 1687 1273
3 4722 1273 1274
3 3951 3489 1690
3 1690 3489 1177
3 1690 1177 1178
3 1181 1184 3964
3 1181 3964 1180
3 1180 3964 1691
3 1691 3964 1693
3 4723 4725 4726
3 4723 4726 4727
3 4724 4723 4727
3 4724 4727 4728
3 4725 4729 4730
3 4726 4725 4730
3 4726 4730 4731
3 4726 4731 4732
3 4727 4726 4732
3 4727 4732 4733
3 4728 4727 4733
3 4728 4733 3978
3 4728 3978 3976
3 4728 3976 1699
3 4728 1699 1696
3 4728 1696 4724
3 4724 1696 1694
3 4724 1694 4723
3 4723 1694 3966
3 4723 3966 4725
3 4725 3966 1186
3 4725 1186 4729
3 4729 1186 1187
3 4729 1187 1705
3 4729 1705 4730
3 4730 1705 3985
3 4730 3985 4731
3 4731 3985 4732
3 4732 3985 1702
3 4732 1702 3980
3 4732 3980 4733
3 4733 3980 3978
3 3251 1193 1189
3 3251 1189 1190
3 1189 1193 1706
3 1706 1193 1196
3 1199 1207 1704
3 1199 1704 1198
3 1704 1207 3989
3 3989 1207 1208
3 3989 1208 4004
3 3989 4004 1703
3 1703 4004 1708
3 1708 4004 1714
3 1708 1714 1711
3 3264 1205 1201
3 3264 1201 3262
3 3264 3262 1202
3 4734 4736 4737
3 4735 4734 4737
3 4735 4737 4738
3 4736 4740 4741
3 4737 4736 4741
3 4737 4741 4742
3 4738 4737 4742
3 4738 4742 4743
3 4739 4738 4743
3 4740 4744 4745
3 4741 4740 4745
3 4741 4745 4746
3 4742 4741 4746
3 4742 4746 4747
3 4743 4742 4747
3 4743 4747 4012
3 4743 4012 4010
3 4743 4010 4739
3 4739 4010 4008
3 4739 4008 1715
3 4739 1715 4735
3 4739 4735 4738
3 4735 1715 4006
3 4735 4006 4734
3 4734 4006 1210
3 4734 1210 3266
3 4734 3266 4736
3 4736 3266 3268
3 4736 3268 4740
3 4740 3268 3270
3 4740 3270 4744
3 4744 3270 3272
3 4744 3272 1211
3 4744 1211 4745
3 4745 1211 3282
3 4745 3282 4746
3 4746 3282 1214
3 4746 1214 4747
3 4747 1214 4014
3 4747 4014 4012
3 4022 1717 4011
3 4022 4011 4013
3 4022 4013 3286
3 4022 3286 1217
3 3286 4013 4015
3 3286 4015 3284
3 3284 4015 1216
3 4011 1717 4009
3 4009 1717 1712
3 4009 1712 1713
3 3322 1232 4748
3 3322 4748 3320
3 3320 4748 4749
3 3320 4749 3318
3 3318 4749 1219
3 3318 1219 1220
3 1219 4749 4025
3 4025 4749 4748
3 4025 4748 1718
3 1718 4748 1232
3 3330 1238 4034
3 3330 4034 4752
3 3330 4752 1235
3 1235 4752 1234
3 1234 4752 4751
3 1234 4751 1716
3 1716 4751 4750
3 1716 4750 1710
3 1710 4750 1709
3 1709 4750 4030
3 4030 4750 4032
3 4032 4750 4751
3 4032 4751 4752
3 4032 4752 4034
3 1241 1244 1720
3 1241 1720 4755
3 1241 4755 1240
3 1240 4755 4754
3 1240 4754 4035
3 4035 4754 4753
3 4035 4753 4033
3 4033 4753 3979
3 4033 3979 4031
3 4031 3979 3981
3 4031 3981 1707
3 1707 3981 1701
3 3979 4753 3977
3 3977 4753 4754
3 3977 4754 4038
3 3977 4038 1700
3 4038 4754 4755
3 4038 4755 1720
3 3336 1250 4756
3 3336 4756 4050
3 3336 4050 4048
3 3336 4048 4046
3 3336 4046 1247
3 1247 4046 1246
3 1246 4046 1721
3 4050 4756 3350
3 4050 3350 1256
3 4050 1256 1265
3 3350 4756 1253
3 1253 4756 1250
3 4759 4758 4761
3 4759 4761 4760
3 4759 4760 4757
3 4759 4757 4056
3 4759 4056 4054
3 4759 4054 4758
3 4758 4054 4052
3 4758 4052 1698
3 4758 1698 4041
3 4758 4041 4761
3 4761 4041 1719
3 4761 1719 4047
3 4761 4047 4760
3 4760 4047 4049
3 4760 4049 4051
3 4760 4051 4757
3 4757 4051 1267
3 4757 1267 1268
3 4757 1268 1723
3 4757 1723 4056
3 1698 4052 1697
3 1271 1686 1724
3 1271 1724 1270
3 1277 1392 3374
3 3374 1392 3508
3 3374 3508 1276
3 3508 1392 1389
3 3508 1389 1387
3 1280 1398 1279
3 1279 1398 1393
3 1393 1398 1395
3 1283 1291 3524
3 1283 3524 1282
3 1282 3524 1399
3 3524 1291 1301
3 1301 1291 1292
3 1301 1292 1300
3 1286 1289 1285
3 1295 1298 1294
3 1310 1410 1309
3 4762 4764 4765
3 4762 4765 4766
3 4763 4762 4766
3 4763 4766 4767
3 4763 4767 4768
3 4765 4769 4770
3 4766 4765 4770
3 4766 4770 4771
3 4767 4766 4771
3 4770 4769 4772
3 4770 4772 4773
3 4771 4770 4773
3 4771 4773 1309
3 4771 1309 4767
3 4767 1309 4768
3 4768 1309 1410
3 4768 1410 3538
3 4768 3538 4763
3 4763 3538 1407
3 4763 1407 4762
3 4762 1407 1404
3 4762 1404 4764
3 4764 1404 1401
3 4764 1401 1396
3 4764 1396 4769
3 4764 4769 4765
3 4769 1396 1397
3 4769 1397 3526
3 4769 3526 4772
3 4772 3526 1304
3 4772 1304 4773
3 4773 1304 3938
3 4773 3938 1309
3 1304 3526 1303
3 3940 1306 4774
3 3940 4774 1307
3 1307 4774 3421
3 3421 4774 3418
3 3418 4774 3415
3 3415 4774 1306
3 1411 1312 3542
3 3551 1422 1413
3 3551 1413 3542
3 3551 3542 1313
3 1313 3542 1312
3 1413 1422 1419
3 1413 1419 1416
3 1316 1428 1315
3 1315 1428 3559
3 1315 3559 3553
3 3553 3559 3556
3 3553 3556 1423
3 1423 3556 1425
3 1319 1431 1318
3 1318 1431 1429
3 4775 4778 4779
3 4775 4779 4780
3 4776 4775 4780
3 4776 4780 4781
3 4777 4776 4781
3 4777 4781 4782
3 4779 4778 4783
3 4779 4783 4784
3 4780 4779 4784
3 4780 4784 4785
3 4781 4780 4785
3 4781 4785 4786
3 4782 4781 4786
3 4782 4786 4787
3 4784 4783 4788
3 4784 4788 4789
3 4785 4784 4789
3 4785 4789 4790
3 4786 4785 4790
3 4786 4790 4791
3 4787 4786 4791
3 4790 4789 4792
3 4791 4790 4792
3 4791 4792 3579
3 4791 3579 1440
3 4791 1440 4787
3 4787 1440 3575
3 4787 3575 4782
3 4782 3575 1437
3 4782 1437 4777
3 4777 1437 3572
3 4777 3572 1434
3 4777 1434 4776
3 4776 1434 4775
3 4775 1434 3568
3 4775 3568 4778
3 4778 3568 1432
3 4778 1432 1321
3 4778 1321 1322
3 4778 1322 4783
3 4783 1322 4788
3 4788 1322 1449
3 4788 1449 1446
3 4788 1446 4792
3 4788 4792 4789
3 4792 1446 1443
3 4792 1443 3579
3 1325 1450 1324
3 3593 1452 4793
3 3593 4793 1328
3 1328 4793 1327
3 1327 4793 1448
3 1448 4793 1447
3 1447 4793 1452
3 3597 1458 4795
3 3597 4795 4794
3 3597 4794 3438
3 3597 3438 1331
3 3438 4794 3436
3 3436 4794 4795
3 3436 4795 3594
3 3436 3594 1330
3 3594 4795 1458
3 3594 1458 3595
3 3594 3595 1453
3 1453 3595 1455
3 1334 1342 4796
3 1334 4796 1333
3 1333 4796 3598
3 3598 4796 3604
3 3598 3604 1464
3 3598 1464 1461
3 3598 1461 1459
3 3604 4796 1467
3 1467 4796 1342
3 1467 1342 1343
3 1467 1343 1473
3 1467 1473 1470
3 1337 1340 1336
3 1349 1474 1346
3 1346 1474 1345
3 1352 1476 1471
3 1352 1471 1351
3 1351 1471 1472
3 1355 1488 1477
3 1355 1477 1354
3 1477 1488 1479
3 1479 1488 1482
3 1482 1488 1485
3 3468 1361 1497
3 3468 1497 3638
3 3468 3638 3636
3 3468 3636 1358
3 1358 3636 4797
3 1358 4797 3464
3 3464 4797 1357
3 1357 4797 1489
3 1489 4797 1491
3 1491 4797 1494
3 1494 4797 3636
3 1497 1361 1364
3 1367 1498 1366
3 4799 4798 4800
3 4799 4800 1506
3 4799 1506 3646
3 4799 3646 1503
3 4799 1503 3642
3 4799 3642 3640
3 4799 3640 4798
3 4798 3640 3637
3 4798 3637 3639
3 4798 3639 4800
3 4800 3639 1496
3 4800 1496 1369
3 4800 1369 1370
3 4800 1370 1506
3 3637 3640 1495
3 3642 1503 3644
3 3644 1503 1500
3 3658 1515 3656
3 3658 3656 3660
3 3660 3656 3654
3 3660 3654 4803
3 3660 4803 3662
3 3662 4803 4802
3 3662 4802 3664
3 3664 4802 1373
3 1373 4802 1372
3 1372 4802 1507
3 1507 4802 3648
3 3648 4802 4801
3 3648 4801 1509
3 1509 4801 3650
3 1509 3650 1512
3 3650 4801 3652
3 3652 4801 4803
3 3652 4803 3654
3 4803 4801 4802
3 4805 4806 4807
3 4806 4808 4809
3 4807 4806 4809
3 4808 4810 4811
3 4809 4808 4811
3 4809 4811 4812
3 4810 4813 4814
3 4811 4810 4814
3 4811 4814 4815
3 4812 4811 4815
3 4814 4813 4816
3 4814 4816 4817
3 4815 4814 4817
3 4815 4817 4818
3 4817 4816 4821
3 4817 4821 4822
3 4818 4817 4822
3 4820 4819 4823
3 4821 4820 4823
3 4822 4821 4823
3 4822 4823 3479
3 4822 3479 3481
3 4822 3481 4818
3 4818 3481 1376
3 4818 1376 4815
3 4815 1376 3493
3 4815 3493 4812
3 4812 3493 4809
3 4809 3493 4807
3 4807 3493 1379
3 4807 1379 4805
3 4805 1379 3676
3 4805 3676 4804
3 4805 4804 3670
3 4805 3670 3668
3 4805 3668 4806
3 4806 3668 3666
3 4806 3666 4808
3 4808 3666 1518
3 4808 1518 4810
3 4810 1518 1516
3 4810 1516 4813
3 4813 1516 3659
3 4813 3659 4816
3 4816 3659 3661
3 4816 3661 4821
3 4821 3661 4820
3 4820 3661 3663
3 4820 3663 4819
3 4819 3663 3665
3 4819 3665 3475
3 4819 3475 3477
3 4819 3477 4823
3 4823 3477 3479
3 3475 3665 1375
3 3670 4804 3672
3 3672 4804 3674
3 3672 3674 1521
3 3674 4804 3676
3 1382 1530 3677
3 1382 3677 1381
3 3677 1530 3675
3 3675 1530 1527
3 3675 1527 1522
3 1522 1527 1524
3 1385 1388 3682
3 1385 3682 1384
3 1384 3682 1531
3 1391 1394 4824
3 1391 4824 1390
3 1390 4824 3683
3 3683 4824 3688
3 3683 3688 3686
3 3683 3686 1529
3 1529 3686 1528
3 1528 3686 1536
3 1528 1536 1533
3 3688 4824 1400
3 1400 4824 1394
3 3695 1539 3692
3 3695 3692 4825
3 3695 4825 1403
3 1403 4825 1402
3 1402 4825 3689
3 3689 4825 4826
3 3689 4826 3687
3 3687 4826 1537
3 1537 4826 3690
3 3690 4826 4825
3 3690 4825 3692
3 4827 4828 4829
3 4827 4829 4830
3 4827 4830 4831
3 4827 4831 4832
3 4827 4832 4833
3 4827 4833 4828
3 4829 4828 4834
3 4829 4834 4835
3 4829 4835 4836
3 4830 4829 4836
3 4830 4836 4837
3 4836 4835 4838
3 4836 4838 4839
3 4837 4836 4839
3 4837 4839 3701
3 4837 3701 1540
3 4837 1540 4831
3 4837 4831 4830
3 4831 1540 3697
3 4831 3697 4832
3 4832 3697 1405
3 4832 1405 1406
3 4832 1406 4833
3 4833 1406 3933
3 4833 3933 4828
3 4828 3933 1414
3 4828 1414 4834
3 4834 1414 1415
3 4834 1415 1579
3 4834 1579 1576
3 4834 1576 4835
3 4835 1576 4838
3 4838 1576 1571
3 4838 1571 4839
3 4839 1571 1542
3 4839 1542 3701
3 1542 1571 1484
3 1484 1571 1483
3 1483 1571 1566
3 3543 1412 3934
3 3543 3934 3539
3 3543 3539 1409
3 3539 3934 1408
3 1418 1591 4841
3 1418 4841 1417
3 1417 4841 1580
3 1580 4841 4840
3 1580 4840 1582
3 1582 4840 3767
3 1582 3767 1585
3 3767 4840 1588
3 1588 4840 4841
3 1588 4841 1591
3 1421 1424 1420
3 1420 1424 1592
3 4842 4843 4844
3 4842 4844 4845
3 4842 4845 4846
3 4842 4846 4847
3 4842 4847 4848
3 4842 4848 4843
3 4844 4849 4850
3 4845 4844 4850
3 4845 4850 4851
3 4845 4851 4852
3 4846 4845 4852
3 4846 4852 4853
3 4847 4846 4853
3 4847 4853 4854
3 4847 4854 4855
3 4848 4847 4855
3 4848 4855 3786
3 4848 3786 1600
3 4848 1600 4843
3 4843 1600 3782
3 4843 3782 4844
3 4844 3782 4849
3 4849 3782 1597
3 4849 1597 1594
3 4849 1594 4850
3 4850 1594 1589
3 4850 1589 4851
3 4851 1589 1590
3 4851 1590 1426
3 4851 1426 4852
3 4852 1426 3558
3 4852 3558 4853
3 4853 3558 3561
3 4853 3561 4856
3 4853 4856 4854
3 4854 4856 3570
3 4854 3570 4855
3 4855 3570 1433
3 4855 1433 3786
3 3570 4856 1430
3 1430 4856 1427
3 1427 4856 3561
3 3788 1601 3787
3 3788 3787 3573
3 3788 3573 1436
3 3573 3787 1435
3 4858 4857 4860
3 4858 4860 4861
3 4857 4862 4859
3 4857 4859 4860
3 4860 4859 4864
3 4860 4864 4865
3 4861 4860 4865
3 4862 4866 4867
3 4859 4862 4867
3 4859 4867 4863
3 4859 4863 4864
3 4864 4863 4869
3 4864 4869 4870
3 4865 4864 4870
3 4867 4866 4871
3 4863 4867 4871
3 4863 4871 4868
3 4863 4868 4869
3 4869 4868 4872
3 4869 4872 4873
3 4870 4869 4873
3 4872 4871 4874
3 4868 4871 4872
3 4873 4872 4875
3 4872 4874 4875
3 4875 4874 3800
3 4875 3800 1606
3 4875 1606 4873
3 4873 1606 1603
3 4873 1603 3794
3 4873 3794 4870
3 4870 3794 4865
3 4865 3794 3791
3 4865 3791 4861
3 4861 3791 1598
3 4861 1598 4858
3 4858 1598 3784
3 4858 3784 4857
3 4857 3784 1599
3 4857 1599 4862
3 4862 1599 3789
3 4862 3789 4866
3 4866 3789 1438
3 4866 1438 3577
3 4866 3577 4871
3 4871 3577 4874
3 4874 3577 1439
3 4874 1439 3800
3 1442 1607 3801
3 1442 3801 3580
3 3580 3801 1441
3 1445 1451 1444
3 1444 1451 1454
3 1444 1454 1612
3 1444 1612 1605
3 1605 1612 1609
3 1605 1609 1604
3 1457 1460 3809
3 1457 3809 3596
3 3596 3809 1615
3 3596 1615 1456
3 1456 1615 1613
3 4877 4881 4882
3 4878 4877 4882
3 4879 4878 4882
3 4876 4878 4879
3 4880 4884 4885
3 4881 4880 4885
3 4882 4881 4885
3 4883 4882 4885
3 4879 4882 4883
3 4883 4885 3824
3 4883 3824 1624
3 4883 1624 1621
3 4883 1621 4879
3 4879 1621 3820
3 4879 3820 4876
3 4876 3820 3818
3 4876 3818 4878
3 4878 3818 1618
3 4878 1618 3814
3 4878 3814 4877
3 4877 3814 1616
3 4877 1616 4881
3 4881 1616 3811
3 4881 3811 4880
3 4880 3811 1462
3 4880 1462 1463
3 4880 1463 3826
3 4880 3826 4884
3 4884 3826 3824
3 4884 3824 4885
3 1466 1633 4886
3 1466 4886 3606
3 3606 4886 4887
3 3606 4887 3827
3 3606 3827 1465
3 3827 4887 3825
3 3825 4887 3828
3 3825 3828 1627
3 3825 1627 1625
3 3828 4887 1630
3 1630 4887 4886
3 1630 4886 1633
3 1469 1475 4890
3 1469 4890 1468
3 1468 4890 1636
3 1468 1636 1634
3 1636 4890 3830
3 3830 4890 3832
3 3832 4890 1475
3 3832 1475 3834
3 3834 1475 1478
3 3834 1478 3836
3 3836 1478 1567
3 3836 1567 1570
3 3836 1570 3838
3 3838 1570 3840
3 3840 1570 1684
3 3840 1684 3842
3 3842 1684 4889
3 3842 4889 3844
3 3844 4889 4888
3 3844 4888 3846
3 3846 4888 3856
3 3846 3856 3848
3 3848 3856 3853
3 3848 3853 3850
3 3850 3853 1645
3 3850 1645 1639
3 1639 1645 1642
3 3856 4888 1584
3 1584 4888 1583
3 1583 4888 4889
3 1583 4889 1684
3 1481 1565 1480
3 1545 1543 3716
3 1487 1490 3716
3 1487 3716 1486
3 1486 3716 1543
3 4891 4892 4893
3 4891 4893 4894
3 4892 4895 4896
3 4893 4892 4896
3 4893 4896 4897
3 4894 4893 4897
3 4896 4895 4898
3 4896 4898 4899
3 4897 4896 4899
3 4897 4899 3645
3 4897 3645 1499
3 4897 1499 4894
3 4894 1499 1551
3 4894 1551 3725
3 4894 3725 4891
3 4891 3725 1548
3 4891 1548 3721
3 4891 3721 4892
3 4892 3721 1546
3 4892 1546 4895
3 4895 1546 3718
3 4895 3718 4898
3 4898 3718 1492
3 4898 1492 3641
3 4898 3641 3643
3 4898 3643 4899
3 4899 3643 3645
3 3641 1492 1493
3 4900 4901 4902
3 4901 4903 4904
3 4902 4901 4904
3 4902 4904 3730
3 4902 3730 1560
3 4902 1560 1557
3 4902 1557 4900
3 4900 1557 1554
3 4900 1554 1552
3 4900 1552 4901
3 4901 1552 1501
3 4901 1501 4903
3 4903 1501 1502
3 4903 1502 1510
3 4903 1510 4904
3 4904 1510 1511
3 4904 1511 3730
3 3649 1508 1504
3 3649 1504 3647
3 3649 3647 1505
3 4905 4908 4909
3 4905 4909 4910
3 4906 4905 4910
3 4906 4910 4911
3 4907 4906 4911
3 4907 4911 4912
3 4908 4913 4914
3 4909 4908 4914
3 4909 4914 4915
3 4910 4909 4915
3 4910 4915 4916
3 4911 4910 4916
3 4911 4916 4917
3 4912 4911 4917
3 4914 4913 4918
3 4915 4914 4918
3 4915 4918 4919
3 4916 4915 4919
3 4916 4919 4920
3 4917 4916 4920
3 4917 4920 1517
3 4917 1517 3740
3 4917 3740 4912
3 4912 3740 3738
3 4912 3738 4907
3 4907 3738 3736
3 4907 3736 4906
3 4906 3736 3734
3 4906 3734 4905
3 4905 3734 1561
3 4905 1561 3732
3 4905 3732 4908
3 4908 3732 1513
3 4908 1513 4913
3 4913 1513 3651
3 4913 3651 3653
3 4913 3653 4918
3 4918 3653 3655
3 4918 3655 4919
3 4919 3655 3657
3 4919 3657 4920
3 4920 3657 1514
3 4920 1514 1517
3 1520 1523 4921
3 1520 4921 3673
3 3673 4921 4923
3 3673 4923 3671
3 3671 4923 3739
3 3671 3739 3669
3 3669 3739 3741
3 3669 3741 3667
3 3667 3741 1519
3 3739 4923 3737
3 3737 4923 4922
3 3737 4922 3735
3 3735 4922 1558
3 3735 1558 1559
3 1558 4922 3742
3 3742 4922 4921
3 3742 4921 1563
3 1563 4921 1523
3 4921 4922 4923
3 1526 1532 1525
3 1525 1532 1564
3 1564 1532 3747
3 1564 3747 4924
3 1564 4924 3744
3 3744 4924 1553
3 1553 4924 3726
3 1553 3726 1550
3 3726 4924 1549
3 1549 4924 3747
3 1541 1544 3704
3 3693 1538 4925
3 3693 4925 3691
3 3691 4925 3749
3 3691 3749 1535
3 1535 3749 1534
3 3749 4925 1547
3 1547 4925 3723
3 3723 4925 3704
3 3723 3704 1544
3 3704 4925 1538
3 3743 1562 3745
3 3743 3745 1555
3 3743 1555 1556
3 1575 1685 1572
3 1578 1581 1683
3 1578 1683 1577
3 4926 4927 4928
3 4926 4928 3768
3 4926 3768 1587
3 4926 1587 1593
3 4926 1593 3870
3 4926 3870 4927
3 4927 3870 3868
3 4927 3868 4929
3 4927 4929 3855
3 4927 3855 3858
3 4927 3858 4928
3 4928 3858 1586
3 4928 1586 3768
3 3855 4929 1646
3 1646 4929 3866
3 1646 3866 1648
3 1648 3866 1651
3 3866 4929 3868
3 3796 1602 1654
3 3796 1654 1652
3 3796 1652 3867
3 3796 3867 3869
3 3796 3869 3793
3 3793 3869 3871
3 3793 3871 1596
3 1596 3871 1595
3 1654 1602 1608
3 1611 1614 3816
3 1611 3816 1610
3 1610 3816 1617
3 1610 1617 1655
3 1655 1617 1657
3 4932 4931 4933
3 4932 4933 3876
3 4932 3876 1660
3 4932 1660 4930
3 4932 4930 4931
3 4931 4930 1647
3 4931 1647 1658
3 4931 1658 1619
3 4931 1619 3819
3 4931 3819 4933
3 4933 3819 3821
3 4933 3821 1663
3 4933 1663 3876
3 1663 3821 1620
3 1647 4930 1644
3 1644 4930 1643
3 1643 4930 1660
3 4935 4934 4936
3 4935 4936 4937
3 4937 4936 4938
3 4937 4938 1672
3 4937 1672 3879
3 4937 3879 4935
3 4935 3879 1669
3 4935 1669 1666
3 4935 1666 1664
3 4935 1664 4934
3 4934 1664 1622
3 4934 1622 4936
3 4936 1622 1623
3 4936 1623 4938
3 4938 1623 1626
3 4938 1626 1675
3 4938 1675 1672
3 3883 1676 1628
3 3883 1628 3829
3 3883 3829 1629
3 4940 4939 4941
3 4940 4941 1631
3 4940 1631 1632
3 4940 1632 1635
3 4940 1635 3899
3 4940 3899 3897
3 4940 3897 4939
3 4939 3897 3895
3 4939 3895 3889
3 4939 3889 3887
3 4939 3887 4941
3 4941 3887 4942
3 4941 4942 3884
3 4941 3884 1631
3 3884 4942 1674
3 1674 4942 3885
3 1674 3885 1673
3 3885 4942 3887
3 3889 3895 3891
3 3891 3895 3893
3 3891 3893 1678
3 4943 4946 4947
3 4943 4947 4948
3 4944 4949 4950
3 4945 4944 4950
3 4945 4950 4951
3 4946 4945 4951
3 4946 4951 4952
3 4946 4952 4953
3 4947 4946 4953
3 4947 4953 4954
3 4948 4947 4954
3 4948 4954 4955
3 4953 4952 4956
3 4953 4956 4957
3 4953 4957 4958
3 4954 4953 4958
3 4954 4958 4959
3 4955 4954 4959
3 4955 4959 4960
3 4959 4958 4961
3 4959 4961 4962
3 4960 4959 4962
3 4960 4962 4963
3 4962 4961 4964
3 4962 4964 4965
3 4963 4962 4965
3 4963 4965 4966
3 4963 4966 3835
3 4963 3835 3837
3 4963 3837 4960
3 4960 3837 3839
3 4960 3839 4955
3 4955 3839 3841
3 4955 3841 4948
3 4948 3841 3843
3 4948 3843 4943
3 4943 3843 3845
3 4943 3845 3847
3 4943 3847 4945
3 4943 4945 4946
3 4945 3847 4944
3 4944 3847 3849
3 4944 3849 4949
3 4949 3849 3851
3 4949 3851 3909
3 4949 3909 3907
3 4949 3907 4950
3 4950 3907 3905
3 4950 3905 4951
3 4951 3905 3903
3 4951 3903 4952
3 4952 3903 4956
3 4956 3903 1681
3 4956 1681 3901
3 4956 3901 4957
3 4957 3901 4961
3 4957 4961 4958
3 4961 3901 1679
3 4961 1679 3894
3 4961 3894 4964
3 4964 3894 3896
3 4964 3896 4965
3 4965 3896 3898
3 4965 3898 4966
3 4966 3898 3900
3 4966 3900 3831
3 4966 3831 3833
3 4966 3833 3835
3 3831 3900 1637
3 3909 3851 1638
3 4967 4969 4970
3 4968 4967 4970
3 4968 4970 3913
3 4968 3913 3906
3 4968 3906 3908
3 4968 3908 4967
3 4967 3908 3910
3 4967 3910 1640
3 4967 1640 1659
3 4967 1659 4969
3 4969 1659 3919
3 4969 3919 4970
3 4970 3919 3917
3 4970 3917 3915
3 4970 3915 3913
3 3917 3919 1667
3 3917 1667 1668
3 1659 1640 1641
3 3906 3913 3911
3 3906 3911 3904
3 3904 3911 1682
3 1650 1653 1656
3 1650 1656 1649
3 1662 1665 3920
3 1662 3920 3877
3 3877 3920 1661
3 4971 4975 4976
3 4972 4971 4976
3 4972 4976 4977
3 4973 4972 4977
3 4973 4977 4978
3 4974 4973 4978
3 4975 4979 4980
3 4976 4975 4980
3 4976 4980 4981
3 4977 4976 4981
3 4977 4981 4982
3 4978 4977 4982
3 4980 4979 4983
3 4981 4980 4983
3 4981 4983 4984
3 4982 4981 4984
3 4982 4984 3888
3 4982 3888 3890
3 4982 3890 3892
3 4982 3892 4978
3 4978 3892 1677
3 4978 1677 4974
3 4974 1677 3902
3 4974 3902 4973
3 4973 3902 1680
3 4973 1680 3912
3 4973 3912 4972
3 4972 3912 3914
3 4972 3914 4971
3 4971 3914 3916
3 4971 3916 4975
3 4975 3916 3918
3 4975 3918 4979
3 4979 3918 1670
3 4979 1670 3881
3 4979 3881 4983
3 4983 3881 1671
3 4983 1671 4984
3 4984 1671 3886
3 4984 3886 3888
3 1689 1692 3953
3 3953 1692 1695
3 3953 1695 4053
3 3953 4053 3950
3 3950 4053 4055
3 3950 4055 3947
3 3947 4055 4057
3 3947 4057 1688
3 1688 4057 1722
3 4100 1727 4087
3 4100 4087 1728
