ply
format ascii 1.0
comment Generated by PyMesh
element vertex 9989
property float x
property float y
property float z
property float nx
property float ny
property float nz
element face 19978
property list uchar int vertex_indices
end_header
30.623 70.803 47.804 -0.873 -0.487 0.04
30.772 69.739 47.754 -0.972 0.223 0.074
30.736 69.611 47.985 -0.948 0.308 -0.08
30.977 69.908 46.833 -0.87 0.307 -0.387
30.782 70.934 47.088 -0.74 -0.377 -0.557
31.147 70.405 45.984 -0.983 -0.025 0.179
31.234 71.128 45.726 -0.94 0.337 0.05
30.849 71.496 46.887 -0.684 0.091 -0.724
31.282 71.353 45.589 -0.972 0.187 0.142
32.11 72.226 45.768 -0.281 0.914 0.292
31.678 72.369 47.067 0.007 0.819 -0.574
32.299 72.25 45.957 -0.407 0.898 0.166
32.365 72.272 45.992 -0.375 0.909 0.183
31.729 72.386 47.094 0.049 0.833 -0.552
32.771 72.502 46.44 -0.645 0.755 -0.116
32.785 72.519 46.467 -0.638 0.763 -0.103
31.74 72.399 47.115 0.059 0.843 -0.534
32.09 72.574 47.31 -0.174 0.726 -0.665
31.272 71.017 48.976 -0.759 -0.385 0.525
30.987 70.966 48.648 -0.569 -0.351 0.744
31.1 69.774 48.829 -0.644 0.444 0.623
31.514 70.954 49.202 -0.586 -0.431 0.686
31.323 69.715 49.037 -0.458 0.395 0.796
31.527 69.873 49.106 -0.594 0.29 0.75
31.568 69.783 49.169 -0.574 0.245 0.782
31.355 69.645 49.086 -0.432 0.337 0.837
31.581 68.934 50.256 -0.582 0.811 0.057
31.117 67.537 49.279 -0.855 -0.01 -0.518
30.967 68.477 48.269 -0.755 -0.637 0.155
31.069 68.281 48.118 -0.823 -0.506 0.256
31.239 67.311 49.131 -0.784 -0.144 -0.605
31.2 68.038 47.959 -0.758 -0.628 0.177
31.506 67.22 48.617 -0.962 -0.083 -0.262
32.262 66.729 47.656 -0.583 -0.329 -0.743
31.957 67.547 46.998 -0.38 -0.874 -0.304
32.738 66.812 46.85 -0.9 -0.384 -0.206
32.833 67.006 46.387 -0.852 -0.286 -0.438
32.052 67.741 46.534 -0.332 -0.776 -0.536
32.084 67.959 45.974 -0.353 -0.921 -0.163
31.201 69.418 46.014 -0.984 0.12 -0.134
31.007 69.468 46.582 -0.854 0.087 -0.512
31.178 69.965 45.733 -0.968 -0.245 0.054
31.697 68.81 45.206 -0.629 -0.314 -0.711
31.765 69.246 44.776 -0.674 -0.604 -0.424
32.036 69.114 44.208 -0.855 -0.517 -0.046
32.109 71.167 43.769 -0.819 0.51 -0.265
31.838 71.298 44.337 -0.638 0.422 -0.644
31.752 71.486 44.508 -0.58 0.297 -0.758
32.737 71.831 43.915 -0.505 0.842 -0.192
32.24 72.002 44.622 -0.173 0.728 -0.664
32.466 71.962 44.483 -0.324 0.754 -0.571
33.504 72.131 44.211 -0.121 0.992 -0.044
33.233 72.263 44.779 0.06 0.904 -0.423
33.933 72.946 45.339 -0.407 0.449 -0.796
33.308 73.014 46.233 -0.853 0.498 -0.157
32.493 72.343 45.838 -0.31 0.945 0.107
32.899 72.574 46.287 -0.581 0.791 -0.192
33.31 73.051 46.464 -0.851 0.524 0.008
32.902 72.618 46.56 -0.58 0.813 -0.056
32.189 72.658 47.389 -0.104 0.786 -0.609
33.56 73.269 46.859 -0.673 0.68 0.29
32.438 72.876 47.784 0.075 0.942 -0.326
33.748 73.389 47.235 -0.799 0.6 0.04
34.277 73.167 48.191 -0.358 0.415 0.836
33.013 72.635 48.822 0.485 0.77 0.415
33.577 72.439 48.812 0.109 0.9 0.422
31.939 70.444 49.362 -0.711 -0.097 0.697
31.629 70.949 49.286 -0.504 -0.434 0.747
31.663 69.868 49.206 -0.527 0.287 0.8
31.958 70.43 49.379 -0.701 -0.104 0.705
31.682 69.854 49.224 -0.517 0.28 0.809
31.687 68.999 50.307 -0.52 0.85 0.087
33.652 70.389 49.931 0.146 -0.125 0.981
33.262 68.961 50.82 0.407 0.827 0.389
33.915 70.439 49.922 -0.029 -0.159 0.987
34.111 70.337 49.89 0.134 -0.244 0.96
33.496 68.838 50.782 0.544 0.755 0.366
33.934 68.863 50.392 0.252 0.738 0.626
34.091 68.627 50.564 0.331 0.62 0.711
33.642 68.619 50.941 0.63 0.626 0.46
33.802 68.301 51.396 0.523 0.838 0.156
31.382 66.144 49.712 -0.687 -0.24 -0.686
31.392 66.614 49.375 -0.694 -0.554 -0.461
31.671 66.471 48.88 -0.879 -0.458 -0.131
32.016 65.437 49.655 -0.37 -0.594 -0.715
32.305 65.764 48.822 -0.562 -0.812 -0.159
32.718 65.343 48.774 -0.838 -0.531 -0.127
33.008 65.746 47.746 -0.693 -0.33 -0.641
32.594 66.167 47.794 -0.417 -0.61 -0.673
33.07 66.249 46.989 -0.734 -0.665 -0.137
33.634 65.331 47.521 -0.38 -0.537 -0.753
33.696 65.835 46.765 -0.421 -0.872 -0.249
34.013 65.469 47.07 -0.633 -0.629 -0.452
34.197 65.458 46.874 -0.525 -0.635 -0.567
33.894 65.823 46.554 -0.322 -0.878 -0.354
34.459 64.475 44.952 -0.699 0.021 0.714
34.22 64.768 44.621 -0.819 0.167 0.549
33.654 66.116 46.223 -0.442 -0.731 -0.519
34.116 64.95 44.454 -0.749 0.046 0.66
34.05 65.502 44.033 -0.805 0.507 0.31
33.569 66.826 45.682 -0.484 -0.376 -0.79
33.726 67.052 43.579 -0.589 -0.527 0.613
33.546 67.353 43.592 -0.718 -0.312 0.622
33.356 67.183 45.698 -0.591 -0.198 -0.782
32.525 68.108 45.393 -0.038 -0.815 -0.578
33.528 67.365 43.577 -0.731 -0.303 0.611
32.507 68.12 45.377 -0.051 -0.806 -0.589
32.995 68.298 44.41 -0.376 -0.925 0.056
33.314 67.479 43.298 -0.884 -0.222 0.412
32.742 68.432 44.08 -0.502 -0.858 -0.11
32.641 68.494 43.84 -0.435 -0.899 0.051
32.849 69.369 42.639 -0.262 -0.17 -0.95
33.009 69.557 42.536 -0.368 -0.295 -0.882
33.54 68.429 41.993 -0.722 0.457 -0.52
34.343 68.829 41.806 -0.149 0.742 -0.654
33.959 70.03 42.314 0.107 -0.059 -0.993
34.813 69.309 41.995 -0.463 0.422 -0.78
35.026 69.541 42.03 -0.345 0.551 -0.76
34.182 70.273 42.351 0.218 0.063 -0.974
35.601 69.833 41.769 -0.728 0.356 -0.586
36.627 70.633 43.113 0.005 0.927 0.374
35.396 71.22 43.942 0.825 0.536 -0.179
36.904 72.664 45.003 -0.181 -0.426 -0.886
36.361 73.202 45.094 -0.568 -0.042 -0.822
34.753 71.857 44.049 0.504 0.855 -0.125
34.988 72.714 45.202 0.347 0.284 -0.894
34.9 72.76 45.186 0.285 0.317 -0.905
34.649 71.912 44.03 0.452 0.882 -0.134
34.514 71.974 43.808 0.542 0.84 0.014
33.72 72.151 43.908 -0.12 0.988 0.098
33.628 72.14 44.16 -0.059 0.996 -0.07
34.037 72.952 45.295 -0.332 0.454 -0.827
36.102 74.181 46.222 -0.753 0.657 -0.016
34.729 73.693 46.33 0.162 0.983 -0.088
34.825 73.779 46.747 0.098 0.925 -0.366
36.356 74.206 46.896 -0.572 0.675 0.466
35.058 73.802 47.368 0.293 0.944 0.151
36.177 74.008 48.163 -0.453 0.807 -0.379
35.538 73.22 49.165 -0.909 0.245 0.336
34.47 73.077 48.29 -0.198 0.34 0.919
33.825 72.324 48.94 0.232 0.842 0.486
35.847 72.582 49.665 -0.689 -0.211 0.694
34.191 71.568 49.532 0.415 0.465 0.782
34.334 71.357 49.612 0.32 0.606 0.729
36.585 71.635 49.298 -0.161 -0.888 0.431
35.014 70.485 49.274 0.886 -0.121 0.447
36.835 70.618 48.563 -0.328 -0.21 0.921
36.795 70.245 48.399 -0.357 -0.477 0.803
34.976 70.141 49.123 0.855 -0.407 0.321
35.521 68.694 48.6 0.492 0.557 0.669
35.48 68.658 48.658 0.471 0.539 0.698
34.944 70.113 49.168 0.828 -0.431 0.358
35.005 68.576 49.463 0.788 0.594 0.161
35.572 68.512 48.697 0.517 0.466 0.718
35.097 68.429 49.503 0.834 0.521 0.181
35.511 68.009 49.454 0.558 0.802 0.213
35.159 67.545 50.483 0.383 0.57 0.727
34.746 67.966 50.531 0.658 0.289 0.695
34.457 67.639 51.364 0.851 0.507 0.14
35.162 67.54 50.485 0.384 0.567 0.729
34.46 67.634 51.366 0.852 0.504 0.141
35.205 67.144 50.936 0.355 0.831 0.428
35.213 66.585 51.585 0.359 0.551 0.753
34.468 67.075 52.016 0.856 0.225 0.466
34.762 66.57 51.964 0.659 0.561 0.501
32.527 64.563 50.38 -0.655 -0.62 -0.431
32.063 64.915 50.312 -0.346 -0.855 -0.386
32.809 64.425 49.882 -0.843 -0.529 -0.099
32.768 64.936 49.231 -0.863 -0.273 -0.424
32.023 65.426 49.661 -0.367 -0.6 -0.711
32.725 65.331 48.78 -0.835 -0.537 -0.124
34.427 64.272 48.488 -0.034 -0.605 -0.795
34.384 64.667 48.038 -0.005 -0.869 -0.495
34.848 63.894 48.616 -0.315 -0.353 -0.881
34.986 63.933 48.559 -0.234 -0.33 -0.915
34.532 64.709 47.976 0.069 -0.848 -0.526
34.848 64.891 47.492 -0.142 -0.969 -0.203
35.192 63.923 48.524 -0.113 -0.336 -0.935
35.054 64.882 47.457 -0.021 -0.974 -0.224
35.533 63.961 48.424 -0.34 -0.361 -0.868
35.766 63.996 48.348 -0.146 -0.332 -0.932
35.332 64.923 47.366 0.143 -0.95 -0.278
36.158 64.219 45.785 -0.407 -0.481 0.776
36.067 64.223 45.736 -0.453 -0.479 0.752
35.248 64.926 47.321 0.093 -0.948 -0.304
35.589 63.903 45.432 -0.134 -0.266 0.955
36.643 63.632 45.454 -0.165 -0.774 0.611
36.165 63.312 45.15 0.154 -0.561 0.813
36.692 61.805 45.059 -0.198 0.444 0.874
36.452 61.719 45.021 -0.37 0.382 0.847
35.88 63.21 45.105 0.011 -0.612 0.791
35.823 62.989 44.965 0.05 -0.465 0.884
34.925 62.838 44.389 -0.698 -0.591 0.404
34.726 63.016 44.364 -0.566 -0.709 0.42
35.143 61.606 44.267 -0.844 0.23 0.485
34.98 61.564 43.758 -0.979 0.195 0.061
34.517 62.962 43.71 -0.67 -0.736 0.093
33.667 62.757 42.659 -0.103 -0.6 0.794
33.123 63.963 42.711 -0.491 0.262 0.831
33.874 64.389 43.771 -0.992 -0.023 0.124
33.847 64.655 43.792 -0.974 -0.2 0.11
33.192 64.628 42.263 -0.442 0.737 0.51
33.91 65.268 43.38 -0.921 0.311 -0.234
33.575 66.798 42.869 -0.697 -0.709 0.106
33.766 64.882 40.995 -0.032 0.918 -0.395
34.149 67.051 41.602 -0.287 -0.528 -0.799
34.404 64.97 40.748 -0.457 0.859 -0.23
35.481 65.148 40.715 0.142 0.958 -0.248
35.103 67.208 41.573 0.394 -0.415 -0.82
35.921 65.42 41.26 -0.152 0.777 -0.611
36.019 65.459 41.292 -0.081 0.805 -0.588
35.201 67.248 41.606 0.464 -0.387 -0.797
36.628 66.668 41.721 -0.487 -0.001 -0.873
36.759 66.977 41.702 -0.379 0.256 -0.889
35.343 67.583 41.585 0.565 -0.148 -0.811
35.943 67.901 41.745 0.165 -0.36 -0.918
35.822 68.162 41.649 0.098 -0.215 -0.972
35.235 67.814 41.5 0.489 0.017 -0.872
36.305 68.613 41.431 -0.225 -0.516 -0.827
35.753 69.358 41.49 -0.619 0.016 -0.785
34.683 68.558 41.558 0.094 0.549 -0.831
35.198 69.003 41.715 -0.249 0.252 -0.935
36.037 67.983 41.735 0.217 -0.314 -0.924
36.496 68.455 41.507 -0.088 -0.629 -0.773
36.835 67.043 41.693 -0.315 0.312 -0.896
37.711 67.248 41.844 0.415 0.483 -0.771
37.448 68.677 41.671 0.591 -0.47 -0.656
37.896 67.374 41.991 0.292 0.399 -0.869
38.183 67.534 42.205 0.436 0.48 -0.762
37.69 68.813 41.852 0.764 -0.373 -0.526
38.792 67.619 42.421 0.03 0.423 -0.905
39 67.911 42.61 0.134 0.57 -0.811
37.866 69.06 42.012 0.89 -0.196 -0.412
39.208 68.046 42.71 -0.005 0.48 -0.878
39.226 68.666 43.652 0.01 0.996 -0.092
37.886 69.733 43.035 0.904 0.284 0.319
39.023 68.708 43.822 0.146 0.968 -0.205
38.549 68.747 44.492 -0.091 0.987 0.13
37.485 69.766 43.602 0.618 0.308 0.723
37.834 70.582 46.025 0.385 -0.236 -0.892
36.924 70.044 44.696 0.936 0.345 -0.068
36.991 70.203 45.167 0.889 0.237 -0.391
37.714 70.891 45.938 0.299 -0.015 -0.954
37.365 70.075 43.515 0.532 0.529 0.661
37.875 71.556 45.809 0.192 -0.459 -0.867
36.891 70.244 44.015 0.788 0.557 0.26
37.19 71.244 45.585 0.586 -0.119 -0.801
37.759 71.774 45.691 0.128 -0.338 -0.933
37.262 70.268 43.411 0.459 0.667 0.587
37.54 72.299 45.302 0.274 -0.687 -0.673
36.784 70.532 43.704 0.405 0.887 0.222
36.993 72.064 45.129 0.238 -0.332 -0.913
38.312 72.112 45.772 0.435 -0.15 -0.888
38.03 72.598 45.373 0.623 -0.474 -0.622
40.086 72.467 45.25 -0.748 -0.387 -0.54
40.094 73.248 44.991 -0.743 0.003 -0.669
38.037 73.257 45.155 0.628 -0.003 -0.778
40.258 73.703 44.63 -0.853 -0.3 -0.428
40.154 74.426 44.802 -0.927 0.217 -0.305
37.932 73.981 45.327 0.554 0.514 -0.655
38.994 74.636 45.822 -0.154 0.077 -0.985
38.227 75.252 46.819 -0.792 0.59 -0.154
37.1 74.65 46.41 -0.041 0.992 0.119
38.127 75.223 47.066 -0.726 0.61 -0.318
37.804 74.923 47.755 -0.887 0.461 0.026
36.827 74.397 46.993 -0.236 0.811 0.535
36.648 74.199 48.26 -0.117 0.944 -0.31
38.223 74.883 48.88 -0.677 0.441 0.589
37.002 74.165 49.211 0.137 0.919 0.369
38.388 74.912 49.089 -0.787 0.422 0.45
38.913 74.096 49.63 -0.35 -0.258 0.901
37.573 73.279 49.798 0.544 0.287 0.789
38.898 73.835 49.576 -0.34 -0.084 0.937
39.203 72.807 49.261 -0.187 -0.597 0.78
37.83 72.411 49.533 0.728 -0.333 0.599
38.998 72.298 48.984 -0.051 -0.258 0.965
38.945 72.102 48.911 -0.089 -0.398 0.913
37.777 72.215 49.46 0.69 -0.474 0.547
38.229 71.903 48.958 0.389 -0.266 0.882
37.692 71.386 48.86 0.091 -0.553 0.828
37.302 71.757 49.374 0.351 -0.801 0.486
37.552 70.74 48.639 0.184 -0.123 0.975
38 71.343 48.763 0.262 -0.577 0.774
37.825 70.702 48.553 0.378 -0.15 0.913
39.686 70.435 49.164 -0.862 0.028 0.506
39.665 69.612 48.76 -0.872 -0.383 0.304
37.807 70.007 48.211 0.366 -0.646 0.67
39.82 69.077 48.89 -0.976 -0.026 0.217
39.824 68.751 48.41 -0.974 -0.218 -0.065
37.81 69.711 47.776 0.368 -0.858 0.358
38.197 67.96 46.896 0.11 0.31 0.944
37.942 67.891 46.918 -0.102 0.252 0.962
37.533 69.636 47.799 0.17 -0.911 0.375
36.395 67.973 47.89 0.929 0.197 0.314
37.948 67.834 46.932 -0.097 0.205 0.974
36.403 67.9 47.908 0.933 0.161 0.323
36.53 67.39 48.133 0.848 0.501 0.173
36.256 67.507 48.607 0.686 0.57 0.452
36.108 68.026 48.418 0.785 0.223 0.578
36.046 67.523 49.175 0.826 0.559 0.073
36.568 66.452 48.671 0.87 -0.051 0.49
36.382 66.389 49.245 0.994 -0.008 0.108
36.706 65.494 49.738 0.778 0.588 -0.221
36.675 65.584 49.925 0.759 0.641 -0.111
36.348 66.485 49.445 0.977 0.04 0.209
36.392 66.09 49.896 0.948 0.304 -0.092
35.699 64.771 51.761 0.186 0.163 0.969
35.342 65.215 51.871 0.424 -0.133 0.896
34.882 65.297 52.23 0.73 -0.188 0.657
35.685 64.742 51.769 0.177 0.146 0.973
34.868 65.269 52.237 0.722 -0.205 0.661
35.646 64.402 51.87 0.203 0.373 0.905
34.431 63.286 51.005 -0.809 -0.557 0.184
33.415 63.934 51.202 -0.133 -0.99 0.053
34.232 63.408 50.734 -0.677 -0.639 0.365
34.226 63.408 50.722 -0.681 -0.639 0.358
33.409 63.935 51.191 -0.137 -0.99 0.046
33.757 63.75 50.753 -0.369 -0.866 0.337
36.611 66.346 48.57 0.895 -0.113 0.431
36.749 65.387 49.637 0.803 0.526 -0.281
36.836 65.186 49.355 0.746 0.66 -0.092
36.548 65.674 47.719 0.858 -0.508 -0.07
36.783 64.624 48.642 0.702 0.192 -0.686
37.465 65.027 46.164 0.247 -0.077 0.966
36.621 65.813 47.704 0.901 -0.426 -0.079
37.544 65.177 46.149 0.286 -0.002 0.958
38.372 66.184 46.552 -0.266 -0.674 0.689
38.569 66.058 46.474 -0.126 -0.763 0.634
37.777 65.028 46.056 0.402 -0.076 0.912
38.776 65.107 45.991 -0.264 -0.129 0.956
38.825 64.159 45.602 -0.239 -0.602 0.761
37.826 64.081 45.667 0.427 -0.55 0.718
38.336 63.873 45.383 0.087 -0.412 0.907
38.092 63.5 45.135 -0.087 -0.678 0.73
37.538 63.639 45.374 0.283 -0.771 0.571
37.448 61.811 44.991 0.342 0.448 0.826
38.354 63.408 45.039 0.1 -0.743 0.661
37.71 61.72 44.895 0.529 0.383 0.757
39.569 61.909 45.047 -0.71 0.256 0.656
39.67 60.944 45.019 -0.638 -0.434 0.636
37.811 60.754 44.867 0.601 -0.307 0.737
38.842 60.101 44.492 -0.086 0.128 0.988
38.353 59.437 44.217 -0.493 -0.425 0.759
37.28 60.033 44.569 0.222 -0.822 0.524
38.109 59.49 44.119 -0.331 -0.46 0.824
37.465 59.226 43.417 -0.653 -0.591 0.473
36.735 59.811 43.976 -0.167 -0.981 0.101
36.691 59.031 42.812 -0.137 -0.461 0.877
36.087 59.254 42.713 -0.439 -0.349 0.828
36.225 59.999 43.893 -0.531 -0.846 0.041
35.869 59.162 42.588 -0.294 -0.288 0.911
35.852 59.172 42.585 -0.308 -0.279 0.91
36.207 60.011 43.89 -0.544 -0.838 0.04
35.815 60.185 43.803 -0.283 -0.954 0.098
35.9 61.688 44.802 -0.212 0.298 0.931
36.3 61.643 44.976 -0.478 0.328 0.815
35.683 62.919 44.924 -0.067 -0.523 0.85
35.224 59.692 42.134 -0.832 0.154 0.533
35.187 60.705 43.351 -0.807 -0.521 -0.278
34.813 60.945 42.223 -0.557 -0.681 0.474
34.566 61.688 42.487 -0.733 -0.151 0.663
34.96 61.389 43.594 -0.996 0.049 -0.075
33.644 62.566 42.481 -0.119 -0.736 0.667
34.379 61.482 40.999 -0.867 -0.298 -0.4
33.458 62.36 40.993 -0.252 -0.883 -0.396
34.055 62.121 40.746 -0.651 -0.723 -0.231
33.971 63.384 39.872 -0.697 -0.022 -0.717
33.383 63.478 40.22 -0.305 -0.084 -0.948
34.332 63.518 39.291 -0.938 -0.111 -0.329
34.505 64.447 39.507 -0.815 0.553 -0.175
33.556 64.408 40.436 -0.182 0.58 -0.794
34.166 64.434 40.116 -0.589 0.562 -0.581
35.754 65.049 39.984 0.078 0.983 0.167
35.577 65.114 40.656 0.195 0.94 -0.281
36.006 65.39 41.207 -0.091 0.756 -0.649
36.213 64.942 39.919 0.406 0.906 0.12
36.465 65.282 41.142 0.237 0.679 -0.695
37.919 65.561 40.805 -0.732 0.493 -0.47
37.92 65.572 40.817 -0.732 0.499 -0.464
36.466 65.292 41.152 0.238 0.686 -0.688
37.039 66.514 41.592 -0.145 -0.129 -0.981
38.303 65.973 40.809 -0.54 0.7 -0.468
37.338 66.826 41.586 0.104 0.131 -0.986
38.539 65.964 40.291 -0.697 0.706 -0.123
38.907 66.265 40.453 -0.513 0.857 -0.042
37.624 67.061 41.712 0.342 0.327 -0.881
38.671 66.275 40.971 -0.356 0.851 -0.387
38.865 66.402 41.121 -0.259 0.914 -0.312
37.774 67.16 41.829 0.468 0.409 -0.784
37.977 67.26 41.971 0.332 0.342 -0.879
39.119 66.503 41.286 -0.132 0.964 -0.23
38.232 67.36 42.136 0.46 0.393 -0.796
38.84 67.445 42.352 0.054 0.336 -0.94
39.171 66.511 41.292 -0.106 0.968 -0.226
38.892 67.453 42.358 0.08 0.34 -0.937
39.965 67.047 41.664 -0.635 0.611 -0.474
40.211 67.37 41.856 -0.511 0.772 -0.378
39.139 67.775 42.55 0.203 0.502 -0.841
39.316 67.941 42.663 0.085 0.391 -0.916
41.248 67.762 43.114 0.007 0.968 0.251
40.123 68.245 43.642 0.757 0.645 -0.101
41.534 67.74 43.549 -0.184 0.982 -0.039
41.544 67.719 43.859 -0.176 0.967 0.183
40.132 68.226 43.928 0.765 0.629 0.137
40.188 68.142 44.176 0.728 0.685 -0.028
41.611 67.582 44.271 -0.129 0.869 0.477
40.267 67.98 44.663 0.767 0.604 0.216
41.414 69.525 46.344 0.002 -0.426 -0.905
40.207 70.178 46.568 -0.602 -0.1 -0.793
39.059 68.633 44.887 0.164 0.931 0.328
38.265 70.486 46.359 0.693 -0.305 -0.653
40.251 70.45 46.524 -0.579 0.036 -0.814
38.303 70.715 46.322 0.72 -0.141 -0.68
40.341 71.579 45.723 -0.639 -0.717 -0.28
40.299 71.641 45.671 -0.673 -0.665 -0.324
38.258 70.783 46.266 0.688 -0.092 -0.72
38.489 71.434 46.179 0.533 -0.527 -0.662
40.182 72.103 45.373 -0.77 -0.28 -0.573
38.346 72.001 45.812 0.454 -0.212 -0.866
40.121 72.351 45.292 -0.73 -0.445 -0.519
41.288 71.429 45.438 0.151 -0.842 -0.518
41.542 71.484 45.376 -0.019 -0.879 -0.477
41.469 70.257 46.158 0.03 -0.061 -0.998
41.78 70.26 46.191 0.185 -0.059 -0.981
41.853 71.487 45.409 0.136 -0.878 -0.46
42.462 71.329 45.582 -0.27 -0.772 -0.575
43.113 72.908 44.736 0.055 0.018 -0.998
42.504 73.066 44.563 0.461 -0.088 -0.883
42.294 73.549 44.268 0.601 -0.409 -0.686
43.165 72.981 44.743 0.082 0.054 -0.995
42.338 73.61 44.274 0.633 -0.365 -0.682
42.653 73.911 44.312 0.423 -0.566 -0.708
41.597 75.633 45.385 -0.457 0.869 0.187
41.191 75.481 45.44 -0.186 0.971 0.151
40.987 75.676 46.473 -0.05 0.841 -0.538
40.545 75.534 46.396 -0.271 0.77 -0.577
40.818 75.362 45.375 -0.453 0.885 0.104
39.898 75.538 46.461 0.16 0.768 -0.62
39.722 75.444 46.324 0.072 0.721 -0.689
40.669 75.282 45.258 -0.559 0.829 0.021
39.468 75.425 46.242 0.242 0.734 -0.635
40.613 75.87 47.05 -0.237 0.939 -0.25
39.966 75.874 47.116 0.194 0.936 -0.293
40.848 75.975 47.126 -0.394 0.869 -0.3
40.92 76.006 47.847 -0.333 0.894 0.3
40.059 75.913 48.041 0.241 0.956 0.17
40.707 75.909 47.976 -0.191 0.958 0.213
40.849 74.452 49.482 -0.119 0.229 0.966
40.202 74.456 49.547 0.312 0.227 0.923
41.214 74.026 49.764 -0.362 0.513 0.778
40.864 72.801 49.66 -0.612 -0.361 0.704
39.788 73.006 49.424 0.105 -0.498 0.861
40.573 71.453 49.617 -0.418 0.538 0.732
40.123 71.204 49.442 -0.644 0.413 0.644
39.338 72.757 49.249 -0.12 -0.623 0.773
39.112 72.255 48.973 0.03 -0.288 0.957
39.934 70.99 49.355 -0.738 0.306 0.601
38.952 72.075 48.9 -0.084 -0.417 0.905
38.237 71.873 48.945 0.393 -0.283 0.875
41.408 72.701 49.898 -0.223 -0.433 0.873
41.217 71.335 49.899 -0.096 0.478 0.873
41.82 72.258 49.924 -0.498 -0.137 0.856
41.923 72.189 49.968 -0.446 -0.171 0.878
41.321 71.266 49.943 -0.045 0.444 0.895
42.166 71.203 50.344 -0.608 0.486 0.627
42.029 70.539 50.529 -0.677 0.154 0.72
41.184 70.602 50.128 -0.113 0.112 0.987
41.75 70.018 50.539 -0.491 0.501 0.713
41.26 69.444 50.399 -0.735 0.214 0.643
40.694 70.028 49.987 -0.358 -0.175 0.917
40.777 69.463 50.031 -0.413 0.201 0.888
41.248 68.245 50.212 -0.741 -0.385 0.549
40.765 68.349 49.857 -0.42 -0.454 0.786
41.448 67.219 50.464 -0.875 0.299 0.381
41.376 67.117 50.357 -0.918 0.239 0.318
40.693 68.247 49.749 -0.462 -0.514 0.723
41.197 66.949 50.099 -0.798 0.352 0.49
41.108 66.478 48.925 -0.872 -0.041 -0.488
40.587 67.684 48.347 -0.525 -0.845 -0.102
39.254 66.784 46.845 0.364 -0.245 0.899
38.663 67.443 46.949 -0.058 0.225 0.973
39.937 68.409 48.461 -0.907 -0.419 -0.036
38.292 67.674 46.938 0.189 0.071 0.979
38.467 67.149 46.959 -0.199 0.016 0.98
38.111 67.404 46.948 0.039 -0.154 0.987
36.725 66.875 48.152 0.963 0.198 0.185
39.789 66.943 46.789 0.56 -0.477 0.677
41.249 66.686 48.47 -0.648 -0.265 -0.714
41.7 66.433 48.404 -0.379 -0.078 -0.922
39.897 66.735 46.279 0.823 -0.28 0.494
41.294 67.631 47.724 -0.109 -0.877 -0.469
41.425 67.744 47.525 -0.032 -0.81 -0.586
40.016 66.839 46.098 0.908 -0.206 0.365
40.489 66.03 45.546 0.592 0.333 0.734
40.48 66.016 45.56 0.588 0.326 0.74
40.008 66.826 46.11 0.902 -0.215 0.373
40.572 65.773 45.626 0.527 0.488 0.696
40.046 65.303 45.98 0.089 0.096 0.991
39.437 66.316 46.495 0.494 -0.579 0.648
39.804 65.412 46.015 0.25 0.024 0.968
40.253 64.313 45.549 0.261 -0.729 0.633
40.07 64.139 45.462 0.383 -0.613 0.691
40.603 62.357 45.272 0.028 0.575 0.817
39.786 62.085 45.162 -0.555 0.382 0.739
39.103 63.818 45.332 -0.1 -0.773 0.626
38.571 63.584 45.155 0.255 -0.618 0.744
40.866 64.497 45.115 0.771 -0.576 0.271
41.268 62.556 44.801 0.503 0.718 0.481
41.53 62.755 44.41 0.328 0.585 0.742
41.954 60.905 44.467 0.54 -0.34 0.77
41.625 60.993 44.849 0.759 -0.398 0.515
42.639 59.482 44.44 0.083 0.609 0.789
41.835 58.932 44.587 -0.39 0.286 0.875
40.894 60.493 44.983 0.237 -0.755 0.611
41.333 58.62 44.598 -0.056 0.493 0.868
40.619 58.503 44.462 -0.413 0.435 0.8
40.291 60.395 44.869 -0.194 -0.826 0.529
39.414 59.595 44.353 0.39 -0.293 0.873
39.69 57.623 43.822 -0.877 -0.005 0.48
38.691 58.911 43.855 -0.211 -0.864 0.458
38.544 58.812 43.654 -0.113 -0.798 0.592
39.476 57.288 42.91 -0.985 -0.173 0.024
38.33 58.477 42.742 -0.221 -0.966 0.136
38.144 58.319 42.195 -0.097 -0.861 0.5
37.979 58.372 42.231 -0.215 -0.823 0.526
38.134 58.539 42.784 -0.318 -0.935 0.157
37.361 58.343 42.179 0.197 -0.804 0.56
38.067 58.167 41.766 -0.152 -0.969 0.193
37.465 58.101 41.628 0.25 -0.925 0.285
39.314 56.929 41.889 -0.983 -0.144 0.111
39.31 56.899 41.786 -0.986 -0.161 0.051
37.461 58.07 41.518 0.247 -0.941 0.23
38.431 57.004 40.532 -0.399 -0.231 0.887
38.156 56.919 40.353 -0.537 -0.274 0.798
37.186 57.984 41.34 0.11 -0.984 0.141
37.737 56.568 40.103 -0.258 -0.04 0.965
37.307 56.559 39.904 -0.565 -0.046 0.824
36.676 57.974 41.105 -0.145 -0.989 0.023
36.601 57.83 40.48 -0.095 -0.893 0.44
35.54 58.334 40.492 -0.625 -0.641 0.446
35.616 58.478 41.117 -0.675 -0.737 0.029
35.502 58.558 41.346 -0.6 -0.791 -0.124
35.027 59.083 40.381 -0.881 -0.267 0.39
35.104 59.141 41.26 -0.932 -0.305 -0.195
35.103 59.227 41.006 -0.932 -0.363 -0.026
35.032 59.891 41.563 -0.967 -0.03 0.252
35.048 59.658 41.693 -0.978 0.125 0.166
34.622 60.908 41.744 -0.694 -0.708 0.132
34.981 60.043 40.832 -0.993 0.046 -0.113
34.579 61.036 41.126 -0.724 -0.616 -0.309
34.905 59.899 40.208 -0.942 0.142 0.303
34.883 60.063 40.002 -0.954 0.224 0.201
34.559 61.175 40.953 -0.738 -0.517 -0.433
34.816 60.116 39.749 -0.91 0.189 0.37
34.831 60.372 39.522 -0.897 0.403 0.181
34.575 61.453 40.707 -0.727 -0.318 -0.609
34.277 62.088 40.416 -0.527 -0.742 -0.415
35.007 60.645 39.067 -0.751 0.63 -0.198
34.493 62.424 39.857 -0.407 -0.555 -0.725
34.794 62.668 39.277 -0.608 -0.718 -0.338
35.165 60.687 38.805 -0.62 0.665 -0.417
34.964 62.713 38.992 -0.486 -0.686 -0.542
35.341 60.99 37.442 -0.738 0.463 0.492
36.458 61.733 36.888 0.06 0.994 0.096
36.081 63.456 38.438 0.311 -0.155 -0.938
37.105 61.833 37.116 -0.371 0.927 -0.056
37.58 61.949 37.354 -0.108 0.991 0.076
36.501 63.559 38.649 0.611 -0.082 -0.787
38.154 62.194 37.061 -0.491 0.828 0.272
36.809 62.712 38.633 0.546 0.509 -0.666
37.677 61.996 37.799 -0.042 0.994 -0.101
38.344 62.22 37.237 -0.355 0.846 0.397
36.691 63.584 38.825 0.747 -0.063 -0.662
38.761 63.837 38.94 -0.633 -0.232 -0.739
38.717 64.228 38.943 -0.67 0.094 -0.736
36.642 64.009 38.828 0.712 0.24 -0.659
38.664 64.447 38.995 -0.635 -0.052 -0.771
38.23 65.527 40.158 -0.852 0.488 -0.189
36.276 64.921 39.811 0.451 0.892 0.043
37.994 65.537 40.676 -0.695 0.481 -0.534
39.347 64.126 38.639 -0.145 0.009 -0.989
39.475 64.316 38.604 -0.23 -0.118 -0.966
40.361 64.561 37.901 -0.82 -0.281 -0.498
40.36 65.415 38.047 -0.82 0.43 -0.377
39.474 65.413 38.791 -0.23 0.431 -0.872
40.349 65.691 38.274 -0.813 0.246 -0.528
40.383 66.082 38.525 -0.793 0.476 -0.38
39.511 65.834 39.061 -0.212 0.642 -0.737
40.042 66.119 38.99 -0.566 0.452 -0.69
39.916 66.755 40.595 -0.629 0.769 0.113
39.385 66.47 40.667 -0.274 0.959 0.065
39.149 66.48 41.185 -0.117 0.953 -0.28
39.961 66.779 40.665 -0.606 0.781 0.148
39.194 66.504 41.255 -0.095 0.965 -0.245
39.987 67.04 41.626 -0.623 0.607 -0.493
40.789 67.172 40.536 -0.192 0.978 0.083
40.815 67.433 41.497 -0.209 0.804 -0.557
41.112 67.311 41 -0.407 0.885 -0.226
43.351 65.631 42.068 0.91 -0.103 0.402
43.224 65.626 42.645 0.995 -0.1 0.017
44.274 64.209 42.002 0.295 0.845 0.446
43.963 63.64 42.58 0.036 0.371 0.928
42.824 64.895 43.388 0.795 -0.466 0.389
43.076 63.25 43.287 0.627 0.631 0.456
42.145 63.033 43.973 0.08 0.504 0.86
41.823 64.662 44.127 0.294 -0.582 0.758
41.669 62.844 44.262 0.397 0.63 0.668
41.631 62.849 44.28 0.378 0.632 0.676
41.785 64.666 44.144 0.275 -0.58 0.767
40.944 64.57 45.014 0.836 -0.515 0.187
41.021 64.788 45.124 0.901 -0.333 0.278
41.884 64.947 44.286 0.325 -0.439 0.837
42.072 65.362 44.539 0.2 -0.716 0.669
40.662 65.777 45.546 0.602 0.491 0.63
41.682 66.437 44.997 -0.078 0.051 0.996
40.596 66.021 45.457 0.646 0.328 0.689
40.56 66.106 45.447 0.628 0.371 0.684
41.652 66.508 44.989 -0.1 0.102 0.99
41.491 67.815 47.433 0.007 -0.768 -0.64
41.697 67.195 45.085 0.121 -0.313 0.942
41.591 68.132 46.757 0.194 -0.958 -0.21
41.884 67.899 47.411 0.238 -0.719 -0.653
42.009 66.585 44.968 0.155 0.157 0.975
42.451 67.762 47.581 -0.14 -0.627 -0.766
42.023 67.018 44.961 0.342 0.353 0.871
42.405 68.097 47.203 0.045 -0.486 -0.873
42.704 68.506 47.179 -0.014 -0.255 -0.967
42.222 67.214 44.629 0.308 0.607 0.733
42.119 68.591 47.038 0.376 -0.312 -0.873
42.082 68.649 47.003 0.355 -0.278 -0.893
42.188 67.266 44.598 0.284 0.644 0.711
42.098 69.152 46.731 0.344 -0.613 -0.711
41.691 67.423 44.802 0.251 0.879 0.405
41.55 68.903 46.481 0.36 -0.267 -0.894
42.132 68.657 47.022 0.384 -0.273 -0.882
42.152 69.16 46.75 0.371 -0.609 -0.701
42.718 68.577 47.162 -0.007 -0.22 -0.976
43.272 69.135 47.191 0.271 0.059 -0.961
42.706 69.719 46.78 0.648 -0.33 -0.687
43.552 69.656 47.181 0.084 -0.288 -0.954
43.586 69.844 47.137 0.102 -0.193 -0.976
42.741 69.907 46.736 0.665 -0.235 -0.708
43.536 71.016 45.943 0.136 -0.974 -0.18
43.045 71.174 45.603 -0.274 -0.843 -0.463
42.11 70.11 46.299 0.35 -0.134 -0.927
42.792 71.179 45.69 -0.105 -0.847 -0.522
44.232 71.348 46.162 0.716 -0.698 0.003
44.319 71.403 46.409 0.659 -0.735 -0.162
44.482 70.271 47.419 0.55 0.02 -0.835
44.774 70.554 47.689 0.696 0.161 -0.7
44.611 71.686 46.679 0.804 -0.593 -0.027
45.245 70.657 48.018 0.381 0.093 -0.92
45.501 71.619 48.676 0.532 0.658 -0.533
44.886 72.72 47.386 0.942 -0.076 0.327
44.806 72.574 48.02 0.995 0.021 -0.096
44.796 72.773 48.064 0.99 0.121 -0.073
44.876 72.919 47.431 0.937 0.023 0.349
45.04 73.481 47.297 0.828 -0.351 0.438
44.17 74.088 45.319 0.206 0.083 -0.975
43.846 73.638 45.089 0.422 0.383 -0.822
43.183 74.422 44.581 0.864 -0.14 -0.483
43.769 75.304 46.269 -0.08 0.952 -0.296
42.814 75.542 45.456 0.557 0.793 0.246
43.689 75.486 46.659 -0.026 0.831 -0.556
43.335 75.55 46.919 -0.321 0.884 -0.339
42.461 75.606 45.716 0.262 0.847 0.463
42.002 75.797 47.008 0.568 0.72 -0.399
41.227 75.855 46.725 -0.078 0.768 -0.635
41.686 75.664 45.432 -0.384 0.895 0.226
41.101 75.716 46.534 0.006 0.861 -0.508
43.39 75.488 47.902 -0.275 0.833 0.48
42.056 75.735 47.992 0.614 0.668 0.42
42.167 75.561 48.163 0.54 0.784 0.306
43.522 75.008 48.39 -0.165 0.433 0.886
42.337 74.944 48.789 0.624 0.475 0.62
43.077 74.318 49.073 0.131 0.893 0.431
42.935 74.233 49.257 0.06 0.85 0.523
42.195 74.859 48.973 0.553 0.433 0.712
42.35 74.37 49.334 0.449 0.759 0.471
44.299 74.638 48.366 0.483 0.124 0.867
44.078 73.842 49.043 0.631 0.655 0.416
44.259 73.659 49.114 0.51 0.777 0.368
44.052 72.976 49.773 0.338 0.209 0.918
43.812 72.965 49.89 0.498 0.216 0.84
44.577 71.982 50.415 -0.012 0.872 0.49
43.949 71.616 50.689 -0.381 0.656 0.651
43.136 72.571 50.185 0.16 0.02 0.987
43.379 71.585 50.561 -0.002 0.677 0.736
43.935 70.963 51.078 -0.389 0.272 0.88
43.365 70.883 50.98 -0.009 0.326 0.945
44.115 70.531 51.418 -0.509 0.56 0.653
43.697 69.705 51.471 -0.719 0.147 0.68
42.946 70.056 51.033 -0.218 -0.087 0.972
42.667 69.536 51.043 -0.032 0.26 0.965
43.698 69.689 51.476 -0.718 0.139 0.682
42.668 69.52 51.047 -0.032 0.252 0.967
42.961 69.058 51.303 -0.227 0.56 0.797
41.638 67.839 50.62 -0.889 -0.05 0.456
41.345 68.301 50.365 -0.693 -0.358 0.626
41.538 67.271 50.607 -0.822 0.329 0.465
43.751 67.09 51.489 0.167 -0.425 0.89
43.502 66.574 51.414 0.333 -0.081 0.939
44.299 67.26 51.594 -0.198 -0.538 0.819
44.33 67.227 51.579 -0.18 -0.557 0.811
43.534 66.541 51.399 0.351 -0.1 0.931
43.697 66.228 51.35 0.243 0.109 0.964
44.451 65.788 49.69 0.87 -0.257 -0.42
44.434 66.016 49.415 0.881 -0.409 -0.237
45.231 66.701 49.595 0.35 -0.866 -0.357
45.227 66.718 49.553 0.347 -0.857 -0.381
44.43 66.032 49.373 0.879 -0.4 -0.261
44.749 66.507 49.293 0.666 -0.716 -0.208
42.84 67.137 47.97 -0.288 -0.401 -0.869
42.655 66.617 48.143 -0.165 -0.055 -0.985
42.546 67.598 47.715 -0.092 -0.709 -0.699
42.354 67.594 47.758 -0.189 -0.711 -0.678
42.476 66.614 48.183 -0.27 -0.057 -0.961
41.793 67.743 47.576 0.185 -0.81 -0.556
41.656 67.687 47.625 0.104 -0.843 -0.527
42.339 66.557 48.233 -0.351 -0.09 -0.932
42.002 66.48 48.322 -0.127 -0.039 -0.991
44.464 68.201 48.026 0.524 0.131 -0.841
44.171 68.662 47.771 0.72 -0.177 -0.671
45.201 68.831 48.199 0.033 -0.289 -0.957
45.201 68.833 48.198 0.033 -0.288 -0.957
44.171 68.664 47.77 0.72 -0.176 -0.671
44.45 69.185 47.76 0.534 -0.523 -0.665
45.61 69.698 48.191 0.238 0.144 -0.96
44.86 70.05 47.753 0.738 -0.09 -0.668
45.325 70.189 48.078 0.428 -0.183 -0.885
44.896 67.592 48.409 0.74 -0.174 -0.65
45.632 68.222 48.582 0.249 -0.594 -0.765
45.364 67.726 48.731 0.428 -0.263 -0.865
44.001 68.493 51.745 -0.374 0.187 0.908
44.166 69.046 51.824 -0.484 -0.182 0.856
43.43 68.416 51.651 0.007 0.238 0.971
44.828 72.771 48.462 0.984 0.038 -0.175
45.504 71.737 48.848 0.533 0.727 -0.432
44.809 72.701 48.205 0.996 0.084 -0.003
44.807 72.923 48.436 0.967 0.164 -0.197
44.782 72.896 48.171 0.983 0.182 -0.02
45.028 73.584 47.387 0.819 -0.277 0.502
44.707 73.288 48.653 0.883 0.469 -0.016
44.919 73.981 47.623 0.742 0.007 0.671
44.747 74.268 47.905 0.856 -0.184 0.483
40.736 67.838 47.003 0.471 -0.831 -0.297
40.16 66.843 45.828 0.856 -0.166 0.49
42.817 61.717 43.935 0.475 -0.271 0.838
42.391 61.429 44.221 0.759 -0.078 0.647
44.046 60.548 44.008 -0.345 0.509 0.789
43.9 60.235 44.08 -0.467 0.248 0.849
42.203 61.026 44.313 0.664 -0.28 0.693
42.871 59.594 44.296 0.219 0.675 0.704
44.643 59.256 44.031 0.153 -0.568 0.808
43.759 58.423 44.238 0.742 -0.013 0.67
44.786 57.164 44.403 0.058 0.826 0.56
44.339 56.822 44.697 -0.261 0.582 0.77
43.268 58.047 44.561 0.453 -0.234 0.86
43.885 56.605 44.824 0.042 0.727 0.685
43.753 56.558 44.873 -0.025 0.704 0.71
43.145 58.004 44.608 0.381 -0.26 0.887
43.449 56.138 45.895 0.178 0.984 0.029
42.83 56.127 46.025 -0.186 0.977 0.105
42.526 57.992 44.737 0.017 -0.267 0.964
42.077 57.61 44.759 0.316 -0.012 0.949
42.218 55.867 46.099 -0.547 0.824 0.149
41.418 57.33 44.839 -0.013 -0.151 0.988
41.73 55.641 46.291 -0.222 0.975 0.02
41.565 55.596 46.275 -0.304 0.952 0.012
41.253 57.285 44.822 -0.096 -0.174 0.98
41.035 57.209 44.805 0.049 -0.123 0.991
40.167 56.573 44.032 -0.674 -0.652 0.347
40.137 56.468 43.828 -0.654 -0.582 0.483
39.613 54.203 44.875 -0.305 0.928 -0.215
39.551 54.116 44.655 -0.336 0.884 -0.326
40.075 56.381 43.607 -0.685 -0.626 0.373
40.324 54.655 44.114 -0.851 0.524 0.035
40.298 54.487 43.552 -0.864 0.44 -0.246
40.049 56.212 43.046 -0.698 -0.71 0.092
39.932 56.096 42.488 -0.62 -0.633 0.464
39.404 57.068 42.312 -0.931 -0.062 0.36
39.481 57.257 42.857 -0.982 -0.188 -0.003
38.148 58.294 42.15 -0.094 -0.879 0.468
40.297 54.454 43.503 -0.865 0.423 -0.271
39.931 56.066 42.442 -0.621 -0.651 0.437
40.234 54.248 42.951 -0.823 0.56 0.098
40.207 54.044 42.237 -0.838 0.44 -0.323
39.905 55.862 41.728 -0.636 -0.771 0.017
40.41 54.364 41.801 -0.973 0.227 -0.032
40.429 54.36 41.581 -0.964 0.226 -0.141
39.922 55.859 41.524 -0.626 -0.773 -0.103
39.74 55.305 40.225 -0.505 -0.404 0.763
39.667 55.372 40.206 -0.566 -0.349 0.747
39.834 55.938 41.502 -0.677 -0.726 -0.117
39.532 55.6 40.242 -0.476 -0.501 0.723
39.353 55.794 40.234 -0.565 -0.404 0.72
39.669 56.118 41.495 -0.775 -0.62 -0.121
38.816 56.164 40.218 -0.207 -0.651 0.731
39.308 55.724 40.155 -0.588 -0.439 0.68
38.77 56.095 40.139 -0.229 -0.686 0.691
38.256 55.872 39.921 0.113 -0.537 0.836
39.309 55.428 39.912 -0.587 -0.586 0.558
38.258 55.622 39.716 0.114 -0.716 0.689
39.494 55.238 39.949 -0.71 -0.46 0.533
39.499 54.967 39.522 -0.706 -0.686 0.178
38.264 55.327 39.252 0.118 -0.926 0.358
39.316 55.079 39.363 -0.583 -0.761 0.284
39.34 55.119 38.089 -0.572 -0.741 -0.353
38.284 55.361 38.176 0.133 -0.902 -0.411
39.103 55.305 37.132 -0.414 -0.865 0.285
38.874 55.383 36.955 -0.528 -0.826 0.196
38.09 55.426 38.026 -0.006 -0.855 -0.518
37.866 55.565 37.677 0.144 -0.948 -0.285
36.594 56.626 38.492 -0.917 -0.063 0.394
36.708 56.579 38.912 -0.993 -0.032 0.115
35.892 57.854 39.305 -0.449 -0.881 -0.148
35.905 57.835 39.391 -0.443 -0.891 -0.105
36.719 56.564 38.984 -0.985 -0.043 0.166
36.133 57.697 39.367 -0.595 -0.799 -0.09
36.335 57.644 39.867 -0.426 -0.844 0.327
36.938 56.505 39.526 -0.828 -0.085 0.554
36.165 57.766 40.033 -0.313 -0.925 0.216
36.649 57.124 37.606 -0.871 0.352 -0.344
35.963 58.494 38.167 -0.413 -0.561 -0.717
35.876 59.044 36.917 -0.355 -0.927 0.116
35.194 59.729 37.191 -0.843 -0.438 0.312
35.155 59.306 38.492 -0.818 -0.155 -0.555
35.028 59.526 38.574 -0.733 -0.302 -0.609
36.715 57.092 37.446 -0.816 0.325 -0.478
35.948 59.009 36.742 -0.305 -0.952 -0.009
36.882 58.131 36.826 -0.928 -0.368 -0.065
37.557 58.739 35.667 -0.446 0.066 -0.893
36.622 59.616 35.583 0.177 -0.519 -0.836
37.291 59.441 35.641 -0.268 -0.402 -0.875
37.484 61.024 35.662 -0.161 0.477 -0.864
36.793 61.017 35.601 0.299 0.482 -0.823
38.069 61.376 35.564 -0.551 0.243 -0.798
37.914 62.001 36.271 -0.662 0.69 -0.293
36.638 61.643 36.309 0.189 0.929 -0.318
37.309 61.731 36.461 -0.258 0.87 -0.42
38.19 60.041 35.47 0.231 -0.069 -0.971
38.694 60.505 35.394 -0.105 -0.379 -0.92
39.339 58.721 34.371 -0.535 0.81 -0.238
39.393 58.75 34.355 -0.491 0.834 -0.252
38.752 60.536 35.376 -0.064 -0.357 -0.932
39.502 58.901 34.548 -0.564 0.733 -0.38
39.995 59.158 34.516 -0.317 0.862 -0.396
39.168 60.753 35.349 0.234 -0.202 -0.951
40.745 59.692 33.507 -0.817 0.505 0.277
39.995 60.259 35.332 -0.097 0.37 -0.924
40.735 59.761 34.468 -0.618 0.721 -0.315
41.072 60.015 33.602 -0.583 0.735 0.345
39.496 61.075 35.444 0.468 0.029 -0.883
41.288 60.097 34.255 -0.727 0.681 -0.091
41.794 60.446 34.761 -0.446 0.875 0.191
39.944 61.384 35.892 0.788 0.249 -0.563
42.318 60.85 34.982 -0.795 0.605 0.044
40.785 60.597 35.935 0.504 0.86 -0.075
41.486 60.44 35.666 -0.062 0.988 0.143
42.591 60.756 35.749 -0.599 0.539 0.592
40.217 61.29 36.66 0.983 0.182 -0.015
41.688 61.599 38.137 0.003 -0.023 -1
41.466 62.111 38.261 -0.183 0.404 -0.897
39.976 61.847 36.795 0.811 0.58 0.081
41.277 63.929 37.796 -0.057 -0.808 -0.586
39.779 62.482 37.362 0.449 0.828 -0.335
40.522 63.628 37.901 -0.31 -0.344 -0.886
40.412 64.441 37.9 -0.778 -0.382 -0.499
39.036 62.403 36.908 0.139 0.977 0.162
39.398 64.005 38.637 -0.102 -0.091 -0.991
42.118 62.21 38.382 0.361 0.486 -0.796
41.929 64.028 37.916 0.487 -0.726 -0.486
42.224 64.032 38.117 0.29 -0.729 -0.62
42.287 62.212 38.48 0.502 0.488 -0.714
42.426 64.035 38.235 0.409 -0.728 -0.551
43.377 62.903 38.869 -0.225 0.027 -0.974
44.042 63.52 39.11 0.329 0.542 -0.773
43.221 64.773 38.522 0.876 -0.294 -0.382
43.393 65.082 38.568 0.762 -0.5 -0.412
42.523 66.859 39.291 0.037 0.981 0.19
42.181 66.897 39.386 0.265 0.956 0.126
42.216 67.148 40.423 0.242 0.789 -0.565
42.185 67.156 40.422 0.224 0.794 -0.566
42.151 66.905 39.385 0.247 0.961 0.126
41.944 67.005 39.915 0.385 0.894 -0.228
43.528 65.671 39.646 0.874 -0.009 0.486
43.416 65.727 40.848 0.948 -0.047 -0.315
44.174 64.332 40.606 0.443 0.883 -0.154
44.245 64.317 40.913 0.484 0.875 0.027
43.487 65.712 41.156 0.989 -0.056 -0.134
44.387 64.277 41.238 0.389 0.901 -0.19
44.977 62.453 41.44 0.915 -0.222 0.337
45 62.717 41.679 0.9 -0.398 0.178
45.446 60.938 41.752 0.602 0.788 0.13
45.441 60.938 41.772 0.599 0.787 0.147
44.995 62.717 41.7 0.896 -0.399 0.195
45.364 60.986 42.118 0.65 0.755 -0.083
44.949 61.122 42.891 0.406 0.835 0.372
44.648 62.83 42.347 0.607 -0.304 0.734
44.948 61.021 43.233 0.407 0.902 0.144
44.649 61.065 43.426 0.158 0.939 0.304
44.349 62.875 42.54 0.358 -0.267 0.895
43.538 62.335 43.239 0.899 0.093 0.428
45.554 59.285 43.277 0.762 -0.246 0.599
45.454 59.484 43.556 0.829 -0.378 0.413
46.639 58.106 42.914 0.039 0.541 0.84
46.552 58.004 42.974 -0.033 0.455 0.89
45.367 59.382 43.615 0.756 -0.463 0.462
46.251 57.85 43.089 0.167 0.558 0.813
46.034 57.687 43.213 0.04 0.462 0.886
45.186 59.245 43.719 0.605 -0.577 0.549
45.375 57.152 44.065 0.479 0.818 0.318
46.731 56.703 43.213 0.449 -0.116 0.886
46.008 56.259 44.064 0.931 0.18 0.318
47.757 55.586 43.43 -0.235 0.629 0.741
47.7 55.257 43.619 -0.277 0.394 0.877
45.95 55.93 44.254 0.89 -0.055 0.454
46.851 54.502 44.433 0.289 0.897 0.334
46.285 54.238 45.001 -0.044 0.742 0.669
45.435 55.69 44.771 0.522 -0.226 0.823
44.778 54.936 45.93 0.96 0.277 0.05
43.644 56.089 45.935 0.293 0.955 0.052
44.405 56.738 44.775 -0.214 0.522 0.825
43.963 56.506 44.916 0.08 0.677 0.731
46.289 54.219 45.023 -0.042 0.731 0.682
44.783 54.917 45.952 0.962 0.265 0.062
46.257 54.008 45.309 -0.021 0.871 0.491
45.87 52.806 45.836 -0.343 -0.131 0.93
44.32 53.48 46.582 0.69 -0.58 0.433
43.992 53.073 46.811 0.909 -0.309 0.28
45.822 52.647 45.782 -0.383 -0.263 0.885
43.93 52.869 46.742 0.878 -0.411 0.246
44.781 51.825 45.75 0.31 0.285 0.907
44.497 51.46 45.859 0.074 -0.019 0.997
43.565 52.399 46.881 0.695 -0.646 0.315
44.128 51.226 48.76 0.32 0.136 -0.938
43.735 52.39 49.724 0.04 0.968 -0.25
43.1 53.777 48.022 0.463 0.043 0.885
43.055 52.601 49.755 0.494 0.827 -0.27
42.934 52.682 49.807 0.427 0.872 -0.241
42.974 53.862 48.076 0.4 0.085 0.913
42.61 53.153 50.233 0.643 0.557 -0.526
40.967 53.148 50.07 -0.531 0.553 -0.642
41.03 53.855 47.883 -0.572 0.082 0.816
40.231 52.505 48.828 -0.04 0.982 0.186
40.119 52.512 48.742 -0.096 0.985 0.144
40.917 53.862 47.797 -0.628 0.085 0.773
39.936 53.063 47.778 0.026 0.618 0.786
39.518 53.492 47.052 -0.273 0.924 0.267
40.422 54.37 46.937 -0.876 0.339 0.343
39.586 53.794 46.532 -0.318 0.723 0.613
39.834 54.31 45.288 -0.195 0.981 -0.009
40.67 54.885 45.693 -0.752 0.597 -0.279
40.339 56.656 44.353 -0.531 -0.583 0.614
38.531 52.488 46.709 -0.978 0.207 0.022
38.418 52.605 46.127 -0.903 0.129 0.411
38.283 51.933 46.865 -0.813 0.577 -0.081
38.162 51.14 46.121 -0.873 0.181 -0.453
38.297 51.813 45.383 -0.963 -0.268 0.039
38.097 50.93 44.754 -0.829 0.321 0.458
38.178 51.366 44.006 -0.771 0.632 -0.075
38.393 52.329 44.499 -0.915 -0.01 -0.404
38.409 52.577 44.399 -0.925 -0.175 -0.337
39.254 53.857 44.331 -0.221 0.892 -0.393
39.48 53.975 44.412 -0.372 0.814 -0.447
40.252 54.515 43.871 -0.887 0.454 -0.087
39.23 53.706 44.089 -0.241 0.767 -0.595
40.222 54.321 43.559 -0.902 0.357 -0.242
40.164 54.125 43.003 -0.864 0.487 0.128
39.065 52.821 43.693 -0.378 0.029 -0.925
39.967 53.067 42.53 -0.979 -0.135 -0.15
39.237 52.643 43.591 -0.493 0.147 -0.857
39.274 52.48 43.55 -0.474 0.066 -0.878
40.001 52.915 42.492 -0.959 -0.224 -0.172
38.922 51.494 43.205 -0.239 0.723 -0.648
39.417 50.874 42.778 0.115 0.281 -0.953
40.547 52.233 42.022 -0.638 -0.625 -0.449
40.778 50.387 41.458 -0.793 0.605 -0.073
40.802 50.408 41.398 -0.776 0.62 -0.115
40.573 52.256 41.956 -0.623 -0.612 -0.487
40.654 52.329 40.738 -0.677 -0.66 0.325
40.344 53.383 40.684 -0.935 0.217 0.279
40.202 53.515 41.892 -0.841 0.129 -0.525
40.419 53.689 40.852 -0.986 0.013 0.168
40.42 53.71 40.855 -0.985 0.026 0.17
40.203 53.537 41.896 -0.84 0.141 -0.523
40.406 53.817 41.434 -0.975 -0.046 -0.215
40.437 53.957 40.806 -0.975 0.17 0.141
40.424 54.082 41.381 -0.966 0.087 -0.242
39.736 55.089 40.069 -0.508 -0.584 0.633
40.401 53.808 40.605 -0.996 0.083 0.023
39.706 54.964 39.9 -0.533 -0.688 0.493
40.329 53.482 40.478 -0.948 0.3 0.107
40.403 53.252 39.808 -0.886 0.109 -0.45
39.78 54.735 39.231 -0.471 -0.88 -0.065
39.677 54.781 38.988 -0.403 -0.91 0.096
41.027 53.172 39.233 -0.366 0.042 -0.93
40.48 54.677 38.249 -0.001 -0.962 -0.273
41.236 53.437 39.117 -0.505 -0.135 -0.852
41.6 53.533 38.945 -0.291 -0.079 -0.953
40.871 54.78 38.064 0.194 -0.91 -0.366
42.431 53.99 38.071 -0.846 -0.383 -0.371
42.438 54.002 38.044 -0.841 -0.374 -0.39
40.879 54.795 38.032 0.198 -0.903 -0.382
40.995 54.93 37.452 0.12 -0.993 0.005
40.398 54.997 37.286 -0.306 -0.945 -0.114
40.172 54.874 37.835 -0.155 -0.863 -0.48
39.935 55.06 36.878 0.003 -0.987 0.158
40.952 55.086 36.796 0.089 -0.882 -0.464
40.59 55.166 36.298 0.33 -0.935 -0.132
42.277 54.668 35.994 -0.795 -0.603 0.071
42.272 54.671 35.959 -0.797 -0.601 0.054
40.585 55.169 36.263 0.327 -0.933 -0.149
42.292 54.392 35.42 -0.811 -0.415 0.412
42.127 54.475 34.986 -0.929 -0.357 0.102
40.389 55.266 35.749 0.23 -0.884 -0.406
40.689 55.437 35.212 0.03 -0.998 -0.048
39.474 55.923 34.689 -0.577 -0.756 -0.309
39.175 55.752 35.227 -0.378 -0.642 -0.668
38.93 55.745 35.336 -0.214 -0.637 -0.74
38.563 55.52 36.491 -0.52 -0.825 0.222
38.704 55.462 36.712 -0.613 -0.786 0.075
37.734 55.627 37.488 0.033 -0.896 -0.443
38.025 56.571 35.93 -0.968 0.051 -0.245
37.196 56.678 36.928 -0.415 -0.02 -0.909
37.405 57.682 36.264 -0.555 -0.689 -0.467
38.092 56.66 35.755 -0.912 0.125 -0.39
37.478 57.778 36.074 -0.502 -0.62 -0.602
38.098 56.928 35.766 -0.916 -0.054 -0.398
38.405 57.361 35.31 -0.763 0.163 -0.626
37.737 58.144 35.688 -0.317 -0.359 -0.878
38.705 57.532 34.772 -0.962 0.049 -0.268
38.733 57.667 34.715 -0.948 0.117 -0.297
37.761 58.258 35.639 -0.3 -0.277 -0.913
38.795 57.79 34.485 -0.989 0.034 -0.143
38.976 58.353 34.406 -0.838 0.503 -0.209
37.958 58.869 35.553 -0.16 0.159 -0.974
37.743 59.588 35.512 -0.017 -0.321 -0.947
40.006 57.593 33.414 -0.312 0.08 -0.947
39.785 57.733 33.473 -0.164 -0.013 -0.986
40.754 58.371 32.576 -0.811 -0.439 -0.388
40.594 59.492 33.278 -0.925 0.362 0.114
39.637 58.765 34.12 -0.287 0.847 -0.448
39.816 58.92 34.245 -0.407 0.743 -0.531
41.167 56.77 33.5 0.269 -0.332 -0.904
41.735 57.676 32.648 -0.11 -0.935 -0.336
42.338 55.78 33.334 -0.512 0.328 -0.794
42.623 55.827 33.221 -0.275 0.368 -0.888
42.044 57.727 32.525 0.111 -0.899 -0.424
42.889 57 33.073 -0.452 -0.414 -0.79
43.929 58.117 32.952 0.291 0.384 -0.877
43.084 58.844 32.404 0.854 -0.101 -0.511
43.561 58.774 32.901 0.536 -0.054 -0.843
43.143 60.125 33.247 0.303 0.696 -0.651
42.714 60.04 32.709 0.589 0.753 -0.293
43.511 60.566 33.641 0.058 0.403 -0.914
42.795 60.907 34.061 -0.454 0.646 -0.614
41.998 60.381 33.129 0.078 0.997 0.007
42.334 60.511 33.721 -0.146 0.91 -0.387
43.851 59.566 33.329 0.697 0.386 -0.605
44.138 60.071 33.714 0.506 0.049 -0.861
45.752 59.075 33.034 -0.57 0.713 -0.408
45.902 59.23 33.16 -0.445 0.843 -0.303
44.302 60.24 33.851 0.623 0.17 -0.764
46.562 60.516 33.404 -0.885 -0.015 -0.466
46.715 61.222 34.615 -0.775 0.489 0.399
44.455 60.945 35.062 0.732 0.674 0.101
46.666 60.952 35.256 -0.742 0.669 -0.028
46.6 60.722 35.877 -0.779 0.542 0.317
44.397 60.742 35.611 0.691 0.528 0.494
46.817 60.972 36.483 -0.923 0.375 -0.087
45.517 60.2 35.672 -0.129 0.552 0.823
46.022 60.249 35.853 -0.515 0.516 0.685
46.735 60.382 36.866 -0.981 -0.047 0.186
44.315 60.152 35.994 0.632 0.107 0.767
46.092 59.45 36.24 -0.553 0.574 0.604
46.044 59.344 36.287 -0.587 0.499 0.637
44.266 60.046 36.042 0.597 0.031 0.801
44.313 59.465 38.309 0.566 0.418 -0.71
43.512 60.077 38.461 0.095 0.778 -0.62
43.539 60.602 36.18 0.078 0.429 0.9
42.561 61.457 38.534 0.73 -0.142 -0.669
42.812 60.578 36.485 -0.134 0.802 0.582
42.226 61.124 37.969 0.435 0.272 -0.858
43.521 60.083 38.47 0.101 0.782 -0.615
42.568 61.462 38.542 0.736 -0.137 -0.663
42.726 61.407 38.701 0.631 -0.1 -0.769
42.754 61.703 38.715 0.645 0.048 -0.763
42.59 61.693 38.552 0.755 0.055 -0.654
43.68 62.383 38.942 0.028 -0.406 -0.914
42.895 61.481 38.849 0.716 -0.063 -0.696
43.79 62.211 39.046 0.119 -0.549 -0.827
43.679 60.153 38.607 0.193 0.823 -0.535
44.48 60.006 39.304 0.665 0.737 -0.125
44.46 62.088 39.628 0.678 -0.651 -0.341
44.514 61.917 39.937 0.642 -0.537 -0.547
44.306 63.98 39.98 0.52 0.676 -0.522
44.287 63.814 39.665 0.533 0.787 -0.311
43.638 65.376 39.123 0.966 -0.255 0.05
44.519 59.981 39.38 0.688 0.721 -0.08
44.553 61.891 40.013 0.665 -0.552 -0.502
45.091 60.468 40.557 0.307 0.396 -0.865
44.729 59.739 39.385 0.811 0.579 -0.077
45.267 60.266 40.562 0.453 0.228 -0.862
46.203 59.131 39.321 -0.171 0.985 -0.035
47.038 58.761 40.486 0.246 0.8 0.548
45.916 59.978 41.468 0.994 -0.012 -0.107
46.954 58.57 41.64 0.302 0.927 -0.222
46.957 58.6 41.873 0.304 0.952 -0.028
45.918 60.009 41.7 0.996 0.013 0.087
45.934 59.876 42.032 0.986 0.102 -0.134
47.359 58.615 40.497 0.407 0.727 0.553
47.204 58.456 41.648 0.51 0.833 -0.215
47.544 58.642 40.358 0.284 0.709 0.645
47.852 58.382 40.402 0.541 0.493 0.682
47.512 58.197 41.692 0.767 0.616 -0.178
49.334 57.816 41.117 -0.447 0.87 0.206
49.384 56.846 42.225 -0.418 0.3 0.857
47.554 57.386 42.619 0.802 -0.06 0.594
48.411 55.956 42.932 0.231 0.893 0.386
48.064 55.822 43.237 -0.016 0.797 0.604
47.235 57.262 42.9 0.536 -0.163 0.828
47.068 56.963 43.001 0.648 0.036 0.761
50.095 56.207 42.462 -0 -0.076 0.997
49.056 55.376 43.148 0.692 0.479 0.54
51.388 55.728 43.292 -0.862 0.244 0.444
51.418 55.465 43.434 -0.845 0.089 0.527
49.083 55.136 43.277 0.711 0.307 0.632
50.416 54.34 43.452 -0.177 0.838 0.515
49.926 53.604 43.836 -0.527 0.313 0.79
48.593 54.401 43.661 0.361 -0.218 0.907
47.834 53.559 44.479 0.867 0.343 0.362
49.954 53.415 43.911 -0.507 0.178 0.843
47.865 53.351 44.561 0.885 0.22 0.41
50.648 53.353 45.329 -0.97 0.219 -0.102
48.15 52.978 44.358 0.678 0.336 0.653
50.508 52.98 45.009 -0.918 0.335 0.213
50.605 53.134 45.486 -0.996 0.09 -0.01
47.822 53.132 44.718 0.86 0.091 0.502
50.567 53.225 45.83 -0.971 0.03 -0.239
47.962 53.04 44.536 0.764 0.115 0.635
50.596 53.144 45.64 -0.994 0.046 -0.102
50.563 53.175 45.843 -0.974 -0.012 -0.227
47.817 53.072 44.734 0.857 0.056 0.512
50.601 53.074 45.503 -0.998 0.055 -0
50.599 52.914 45.508 -0.999 -0.04 0.003
47.816 52.912 44.739 0.856 -0.038 0.515
48.877 52.05 44.265 0.149 0.536 0.831
48.686 51.712 44.452 0.037 0.338 0.941
47.625 52.574 44.926 0.744 -0.237 0.625
48.411 51.522 44.576 0.22 0.465 0.858
48.147 51.266 44.708 0 0.252 0.968
47.309 52.269 45.084 0.558 -0.416 0.717
47.111 52.377 45.36 0.691 -0.488 0.533
47.711 50.887 44.662 -0.363 -0.064 0.929
46.675 51.997 45.314 0.327 -0.805 0.495
46.788 51.815 45.029 0.252 -0.683 0.685
46.72 51.786 45.022 0.212 -0.701 0.681
46.618 51.973 45.308 0.28 -0.825 0.49
45.956 51.055 45.056 0.721 -0.214 0.659
45.193 51.595 45.615 0.34 0.056 0.939
46.025 52.392 45.744 -0.214 -0.476 0.853
44.984 51.57 45.712 0.479 0.073 0.875
44.724 50.693 45.564 0.106 -0.394 0.913
44.62 50.869 45.671 0.175 -0.512 0.841
43.829 49.055 46.719 0.702 0.697 0.143
43.517 49.265 46.84 0.479 0.847 0.229
44.332 51.062 45.783 -0.064 -0.351 0.934
42.854 50.343 46.633 0.921 0.128 0.368
42.832 50.417 46.656 0.902 0.19 0.387
44.31 51.136 45.806 -0.083 -0.289 0.954
43.924 50.874 48.704 0.174 -0.115 -0.978
44.242 51.38 45.9 0.107 -0.218 0.97
43.874 51.154 48.633 0.363 -0.061 -0.93
42.84 50.341 46.669 0.909 0.127 0.398
43.932 50.792 48.718 0.18 -0.174 -0.968
43.501 49.263 46.879 0.468 0.846 0.257
43.164 48.154 47.88 0.227 0.054 0.972
43.596 49.683 49.719 -0.06 -0.966 -0.253
42.896 49.543 49.749 0.406 -0.872 -0.273
42.9 49.533 49.789 0.408 -0.878 -0.251
43.599 49.674 49.754 -0.058 -0.972 -0.228
42.516 49.058 50.155 0.664 -0.561 -0.495
42.716 49.685 51.66 0.806 -0.113 0.581
43.798 50.302 51.26 0.085 -0.524 0.848
43.126 50.242 51.49 0.533 -0.484 0.694
43.211 51.776 51.548 0.581 0.368 0.726
43.874 51.66 51.311 0.139 0.446 0.884
42.855 52.352 51.774 0.818 -0.015 0.575
42.74 53.116 50.379 0.735 0.531 -0.421
43.759 52.424 49.916 0.056 0.992 -0.112
43.081 52.64 49.972 0.508 0.848 -0.15
41.936 51.039 52.025 -0.128 -0.041 0.991
41.726 51.699 52.196 0.012 -0.481 0.877
41.663 50.391 52.133 0.054 0.391 0.919
40.417 50.494 51.258 -0.835 0.465 0.293
40.481 51.802 51.321 -0.878 -0.408 0.251
39.656 50.913 50.308 -0.328 0.185 0.926
39.644 50.933 50.3 -0.333 0.195 0.922
40.471 51.819 51.314 -0.885 -0.396 0.246
39.404 51.02 50.22 -0.173 0.137 0.975
39.31 51.828 49.684 -0.252 0.811 0.529
40.369 52.697 50.732 -0.958 0.231 -0.17
39.523 51.972 49.611 -0.394 0.715 0.578
40.672 48.806 50.629 -0.654 -0.741 -0.156
39.957 48.915 49.563 -0.177 -0.813 0.554
40.093 48.748 49.405 -0.268 -0.702 0.66
39.893 48.548 48.328 -0.434 -0.869 -0.237
39.701 48.658 48.179 -0.305 -0.942 -0.138
39.906 48.037 46.885 -0.442 -0.529 0.725
39.582 48.213 46.739 -0.673 -0.403 0.62
39.318 48.865 48.006 -0.497 -0.838 -0.225
39.145 48.967 47.394 -0.382 -0.906 0.183
38.646 49.336 47.596 -0.631 -0.722 0.284
38.818 49.234 48.208 -0.746 -0.654 -0.124
38.437 49.43 47.458 -0.492 -0.785 0.376
38.058 50.238 47.699 -0.809 -0.112 0.578
38.33 50.273 48.518 -0.99 -0.135 0.032
38.158 50.374 47.907 -0.875 -0.202 0.439
38.913 52.216 47.999 -0.498 0.719 0.486
39.085 52.115 48.611 -0.613 0.786 0.078
39.063 52.727 47.668 -0.598 0.378 0.707
38.014 50.404 46.365 -0.845 0.027 -0.534
38.102 50.588 46.191 -0.903 -0.096 -0.418
38.045 50.463 44.813 -0.866 -0.013 0.501
38.03 50.211 46.359 -0.831 -0.134 -0.539
38.063 50.254 44.806 -0.853 -0.162 0.496
38.096 49.82 44.85 -0.875 0.127 0.467
38.72 49.375 43.207 -0.355 -0.243 -0.903
38.74 49.771 43.021 -0.369 -0.507 -0.779
39.417 48.533 42.566 -0.82 0.319 -0.475
39.515 48.619 42.476 -0.739 0.39 -0.55
38.846 49.864 42.924 -0.293 -0.441 -0.848
39.631 48.569 42.241 -0.816 0.423 -0.393
39.752 48.693 42.148 -0.756 0.485 -0.439
38.948 49.969 42.846 -0.221 -0.366 -0.904
40.004 48.855 41.579 -0.924 0.377 -0.059
40.268 49.292 41.432 -0.792 0.596 -0.133
39.171 50.338 42.722 -0.061 -0.102 -0.993
40.532 49.852 41.402 -0.968 0.223 -0.113
40.592 49.205 40.605 -0.63 0.552 -0.546
40.806 49.778 40.704 -0.773 0.17 -0.612
41.086 49.98 40.208 -0.959 0.036 -0.281
41.129 50.566 40.542 -0.937 0.329 -0.114
40.843 50.274 40.986 -0.746 0.524 -0.41
40.691 52.206 40.359 -0.645 -0.764 0.008
41.619 50.67 39.544 -0.692 0.381 -0.613
41.073 52.286 39.583 -0.328 -0.696 -0.638
41.795 50.784 39.378 -0.809 0.305 -0.502
42.265 51.049 39.091 -0.418 0.526 -0.741
41.543 52.551 39.296 0.064 -0.476 -0.877
41.853 52.695 39.192 -0.143 -0.572 -0.808
42.592 51.127 39.029 -0.145 0.592 -0.793
42.243 52.79 39.118 0.087 -0.516 -0.852
43.016 53.314 38.228 -0.428 -0.866 -0.259
42.859 51.05 38.965 0.078 0.528 -0.846
43.307 53.23 38.159 -0.221 -0.925 -0.308
44.015 51.676 38.765 -0.693 0.111 -0.713
44.45 51.767 38.493 -0.382 0.177 -0.907
43.742 53.322 37.887 0.09 -0.86 -0.502
44.553 53.328 36.795 -0.451 -0.864 0.225
44.275 53.489 36.584 -0.683 -0.729 0.049
43.44 53.497 37.657 -0.126 -0.735 -0.667
44.064 53.654 36.582 -0.542 -0.839 0.05
43.934 53.742 36.522 -0.606 -0.795 0.02
43.331 53.572 37.606 -0.204 -0.682 -0.703
43.385 53.974 36.251 -0.24 -0.95 0.2
42.498 54.544 36.451 -0.684 -0.665 0.3
42.581 54.053 37.774 -0.739 -0.338 -0.583
41.139 54.981 37.182 0.223 -0.957 -0.188
43.99 53.704 36.376 -0.578 -0.814 -0.053
43.441 53.936 36.105 -0.212 -0.969 0.127
43.28 53.771 35.545 -0.105 -0.859 0.501
44.106 53.638 36.269 -0.52 -0.847 -0.107
43.378 53.715 35.454 -0.035 -0.899 0.436
44.308 53.476 36.34 -0.655 -0.74 -0.154
44.799 53.427 35.836 -0.246 -0.781 -0.574
43.911 53.662 34.906 0.346 -0.937 0.045
44.737 53.574 35.621 -0.205 -0.879 -0.431
45.345 54.199 34.846 0.099 -0.567 -0.818
44.425 54.189 34.252 0.713 -0.56 -0.422
45.588 54.778 34.064 -0.063 -0.953 -0.297
45.326 55.07 33.541 -0.193 -0.807 -0.558
44.204 54.436 33.81 0.555 -0.384 -0.738
45.33 55.201 33.308 -0.196 -0.894 -0.403
45.015 55.509 33.048 -0.458 -0.638 -0.619
43.862 54.77 33.528 0.311 -0.146 -0.939
43.564 55.015 33.324 0.51 -0.309 -0.803
41.954 54.758 34.509 -0.832 -0.523 0.185
42.113 54.491 34.816 -0.938 -0.345 -0.02
40.673 55.457 35.01 0.022 -0.989 -0.149
41.908 54.796 34.33 -0.87 -0.492 0.036
40.614 55.505 34.78 -0.007 -0.965 -0.264
40.863 55.505 34.682 -0.173 -0.965 -0.198
40.869 55.794 34.117 -0.168 -0.724 -0.668
40.622 55.876 34.054 -0.003 -0.779 -0.627
41.914 55.084 33.766 -0.865 -0.251 -0.434
44.774 56.137 32.899 -0.659 -0.114 -0.743
43.322 55.643 33.175 0.308 0.214 -0.927
43.649 56.8 33.023 0.091 -0.557 -0.826
44.959 56.465 32.773 -0.505 0.159 -0.849
43.85 57.156 32.886 0.235 -0.303 -0.924
44.85 56.695 32.853 -0.432 0.005 -0.902
45.097 57.301 32.857 -0.308 0.308 -0.9
44.059 57.668 32.889 0.384 0.063 -0.921
45.527 57.754 32.713 -0.595 0.006 -0.804
45.518 57.913 32.728 -0.599 0.086 -0.796
44.052 57.803 32.902 0.378 0.159 -0.912
45.629 58.14 32.64 -0.673 -0.066 -0.737
45.576 58.466 32.724 -0.717 0.206 -0.666
43.995 58.157 32.994 0.338 0.412 -0.846
43.636 58.819 32.949 0.577 -0.03 -0.816
47.161 58.729 32.638 0.222 0.494 -0.841
46.906 58.775 32.57 0.392 0.463 -0.795
47.652 60.022 32.763 -0.106 -0.368 -0.924
48.208 58.37 33.145 0.746 0.315 -0.587
48.537 59.719 33.191 0.526 -0.584 -0.618
49.327 58.846 33.764 -0.001 -0.002 -1
49.963 59.918 34.521 0.454 0.763 -0.46
49.173 60.791 33.948 0.98 0.181 -0.077
49.443 60.465 34.502 0.801 0.399 -0.447
48.447 61.491 35.31 0.247 0.969 0.002
48.292 61.699 34.663 0.351 0.83 0.433
48.451 61.653 35.981 0.244 0.861 -0.446
47.476 61.588 36.097 -0.452 0.815 -0.363
47.317 61.634 34.778 -0.346 0.784 0.516
47.345 61.417 35.441 -0.365 0.928 0.074
49.162 61.115 35.454 0.645 0.76 0.082
49.084 61.32 36.108 0.697 0.624 -0.355
50.933 61.159 36.21 -0.536 0.731 -0.422
50.919 61.281 36.821 -0.548 0.832 0.087
49.069 61.452 36.772 0.686 0.718 0.12
50.816 61.217 37.06 -0.479 0.875 -0.072
50.349 60.265 38.359 -0.712 0.399 0.577
48.675 60.648 37.87 0.404 0.144 0.903
50.412 60.122 38.576 -0.754 0.495 0.432
50.268 59.688 38.619 -0.873 0.134 0.468
48.519 60.178 37.916 0.293 -0.192 0.937
49.141 59.129 38.041 -0.122 0.507 0.853
49.122 59.118 38.045 -0.138 0.497 0.856
48.498 60.166 37.92 0.278 -0.201 0.939
47.964 58.712 39.471 0.634 0.768 -0.094
47.483 58.957 39.543 0.233 0.972 -0.034
47.976 60.432 37.999 -0.095 -0.011 0.995
47.281 59.021 39.448 0.368 0.929 0.029
46.135 59.035 38.822 -0.205 0.937 -0.284
47.008 60.444 37.47 -0.786 -0.002 0.618
44.667 59.65 38.921 0.774 0.527 -0.35
46.839 59.995 37.382 -0.907 0.195 0.373
44.876 59.297 38.583 0.513 0.7 -0.496
44.408 59.463 38.39 0.623 0.417 -0.662
46.773 60.274 36.987 -0.954 -0.124 0.273
46.13 59.342 36.362 -0.525 0.497 0.69
45.569 58.686 36.916 -0.211 0.939 0.271
44.867 58.707 37.739 0.258 0.925 -0.28
49.147 59.098 38.06 -0.117 0.481 0.869
47.989 58.693 39.486 0.655 0.751 -0.082
50.274 59.658 38.637 -0.869 0.108 0.484
48.627 58.392 39.055 0.258 0.932 0.256
49.892 58.927 38.586 -0.587 0.575 0.57
50.311 59.629 38.705 -0.837 0.084 0.54
48.026 58.664 39.553 0.686 0.727 -0.026
49.759 58.431 39.575 -0.469 0.882 -0.04
49.651 58.155 40.486 -0.523 0.744 0.416
47.943 58.449 40.262 0.616 0.548 0.565
49.443 57.895 40.949 -0.384 0.917 0.107
51.25 57.761 41.234 0.277 0.547 0.79
50.929 57.529 41.645 0.491 0.702 0.516
52.604 57.431 42.209 -0.626 0.768 0.14
52.455 57.164 42.588 -0.7 0.634 0.329
50.791 57.281 41.997 0.41 0.556 0.723
52.084 56.802 42.826 -0.453 0.875 0.17
53.234 56.852 43.574 -0.31 0.478 0.822
52.809 56.512 43.742 -0.027 0.705 0.709
53.197 56.302 45.485 -0.285 0.845 -0.453
52.089 55.327 45.57 -0.839 0.357 -0.41
51.779 55.606 43.821 -0.632 0.172 0.756
51.957 54.894 45.162 -0.751 0.646 -0.138
51.882 54.79 45.116 -0.788 0.594 -0.161
51.709 55.509 43.779 -0.673 0.115 0.73
51.449 54.415 45.169 -0.5 0.844 -0.196
51.286 54.256 45.013 -0.595 0.75 -0.288
51.547 55.35 43.623 -0.769 0.021 0.639
50.533 54.236 43.624 -0.093 0.764 0.638
51.877 54.815 45.272 -0.791 0.607 -0.084
51.444 54.439 45.314 -0.502 0.858 -0.111
52.009 55.248 45.68 -0.879 0.318 -0.356
51.859 55.145 46.119 -0.954 0.266 -0.136
51.304 54.343 45.722 -0.585 0.801 0.129
51.152 54.236 46.027 -0.483 0.872 -0.074
51.928 54.848 47.141 -0.92 0.118 0.375
51.206 54.005 46.821 -0.438 0.68 0.588
52.002 54.923 47.347 -0.969 0.068 0.237
52.003 54.919 47.353 -0.968 0.064 0.242
51.207 54.001 46.827 -0.437 0.676 0.593
51.271 54.136 48.696 -0.48 0.586 -0.653
50.715 53.142 48.709 -0.758 0.09 -0.646
50.774 53.228 46.838 -0.798 0.033 0.602
50.892 52.77 48.256 -0.876 0.338 -0.344
50.846 52.491 48.163 -0.899 0.198 -0.391
50.739 53.011 46.765 -0.828 -0.149 0.541
50.748 52.048 47.949 -0.834 0.493 -0.248
50.809 51.451 47.443 -0.79 0.067 -0.61
50.795 52.462 46.299 -0.78 -0.606 0.153
50.878 52.222 46.048 -0.835 -0.446 0.321
50.856 51.335 47.382 -0.757 -0.016 -0.654
50.929 52.094 45.98 -0.805 -0.522 0.281
50.667 50.905 45.312 -0.631 0.271 0.727
50.522 51.066 45.075 -0.735 0.386 0.558
50.769 52.271 45.72 -0.9 -0.418 0.127
49.046 51.407 44.478 0.249 0.158 0.956
50.459 50.848 45.109 -0.78 0.23 0.582
48.978 51.167 44.516 0.208 0.017 0.978
48.655 51.066 44.629 0.423 0.085 0.902
50.402 49.945 44.843 -0.821 -0.415 0.392
48.602 50.235 44.384 0.379 -0.608 0.698
48.914 50.174 44.223 0.171 -0.567 0.806
48.628 49.831 43.94 0.002 -0.769 0.64
48.363 49.948 44.148 0.18 -0.847 0.501
48.129 48.997 43.523 0.335 -0.212 0.918
47.086 49.31 43.649 -0.187 -0.055 0.981
47.551 50.192 44.246 -0.497 -0.643 0.583
45.823 50.194 44.528 0.655 -0.644 0.395
45.97 51.039 45.034 0.729 -0.222 0.648
47.665 50.849 44.64 -0.401 -0.095 0.911
46.733 51.771 45.002 0.22 -0.71 0.67
47.077 49.3 43.646 -0.191 -0.061 0.98
45.814 50.183 44.525 0.651 -0.649 0.394
46.859 49.229 43.618 -0.046 -0.013 0.999
46.329 48.806 43.371 -0.487 -0.366 0.793
45.133 49.64 44.208 0.31 -0.921 0.235
44.794 49.322 43.874 0.536 -0.709 0.458
44.595 49.326 44.072 0.436 -0.707 0.557
44.934 49.644 44.406 0.21 -0.919 0.334
44.006 48.169 45.741 0.829 0.065 -0.556
44.465 49.141 43.901 0.372 -0.8 0.471
43.897 48.012 45.597 0.751 -0.048 -0.659
44.377 47.782 43.264 0.43 0.106 0.896
44.374 47.686 43.272 0.428 0.027 0.904
43.893 47.909 45.606 0.748 -0.122 -0.652
44.979 46.624 43.611 0.024 0.735 0.678
43.708 47.059 44.935 0.962 -0.243 0.123
44.083 46.615 44.246 0.608 0.176 0.774
44.7 45.731 44.034 -0.175 0.097 0.98
43.614 47.016 46.029 0.549 -0.759 -0.35
43.206 46.734 45.546 0.821 -0.571 -0.029
42.708 46.405 46.264 0.544 -0.753 0.37
43.173 46.725 46.664 0.234 -0.967 0.103
42.293 45.854 46.186 0.82 -0.386 0.422
41.647 46.129 46.875 0.359 -0.19 0.914
42.527 47 47.352 -0.228 -0.771 0.595
41.978 46.716 47.042 0.138 -0.581 0.802
41.535 47.386 47.348 -0.108 -0.208 0.972
42.135 47.594 47.623 -0.508 -0.346 0.789
40.84 48.473 48.699 0.355 -0.932 0.072
41.109 48.651 48.882 0.579 -0.784 0.225
42.427 47.787 47.823 -0.299 -0.208 0.931
41.776 48.7 50.061 0.135 -0.817 -0.561
42.491 49.055 50.124 0.646 -0.563 -0.516
43.142 48.142 47.886 0.211 0.045 0.976
42.871 49.53 49.755 0.392 -0.88 -0.27
40.575 47.388 46.928 -0.641 -0.207 0.739
40.058 48.474 48.357 -0.296 -0.931 -0.213
40.085 47.957 46.917 -0.314 -0.586 0.747
40.519 47.34 46.863 -0.672 -0.234 0.703
40.036 47.914 46.858 -0.35 -0.617 0.705
40.356 46.681 46.716 -0.563 0.205 0.8
39.82 46.709 45.27 -0.946 0.225 -0.232
39.499 47.942 45.413 -0.733 -0.597 -0.327
39.628 47.336 44.109 -0.818 -0.193 0.542
39.594 47.398 44.077 -0.835 -0.162 0.526
39.471 47.994 45.386 -0.753 -0.559 -0.347
38.788 48.551 44.546 -0.298 -0.93 0.213
38.495 49.031 45.072 -0.542 -0.53 0.652
39.152 48.516 45.957 -0.98 -0.187 0.062
38.43 49.423 46.581 -0.499 -0.791 -0.354
38.514 49.296 46.87 -0.428 -0.896 -0.113
39.244 48.379 46.271 -0.915 -0.285 0.286
38.744 49.163 46.84 -0.582 -0.808 -0.094
39.278 47.604 43.231 -0.993 -0.059 0.102
38.543 48.711 43.887 -0.503 -0.797 -0.336
39.24 47.869 43.246 -0.968 -0.235 0.092
40.236 45.715 44.776 -0.649 -0.486 -0.585
40.12 46.159 43.524 -0.572 -0.781 0.249
40.289 45.975 43.43 -0.685 -0.659 0.312
41.041 45.82 42.32 -0.059 -0.788 -0.613
41.086 45.96 42.097 -0.089 -0.881 -0.465
42.154 45.505 41.164 -0.801 -0.578 0.158
42.083 45.586 41.041 -0.851 -0.52 0.07
41.003 46.055 41.952 -0.131 -0.833 -0.537
41.255 46.217 41.382 -0.299 -0.941 -0.157
40.697 46.536 41.226 -0.577 -0.782 -0.235
40.445 46.374 41.796 -0.409 -0.674 -0.615
40.628 46.629 40.985 -0.531 -0.844 -0.074
40.114 47.327 40.956 -0.96 -0.263 -0.099
39.784 47.271 41.758 -0.74 -0.225 -0.634
40.036 47.433 41.189 -0.908 -0.333 -0.254
40.826 47.765 39.964 -0.367 0.102 -0.925
40.951 47.996 39.914 -0.45 -0.052 -0.891
41.745 48.075 38.836 -0.979 -0.105 -0.173
41.783 48.602 38.879 -0.952 0.271 -0.142
40.997 48.619 39.965 -0.428 0.26 -0.866
41.49 49.394 39.568 -0.757 -0.257 -0.601
42.317 49.137 38.382 -0.571 0.653 -0.497
42.122 50.027 38.979 -0.441 0.06 -0.896
42.186 50.284 38.938 -0.483 -0.111 -0.868
43.219 49.339 38.24 0.074 0.798 -0.599
43.016 50.47 38.808 0.209 0.044 -0.977
43.19 50.266 38.811 0.093 0.179 -0.979
43.293 50.367 38.845 0.144 0.229 -0.963
43.096 50.548 38.834 0.275 0.109 -0.955
44.273 51.13 38.623 -0.509 -0.279 -0.814
43.374 50.263 38.837 0.185 0.177 -0.967
44.341 51.041 38.616 -0.46 -0.342 -0.819
43.666 49.709 38.643 -0.01 0.547 -0.837
44.514 49.329 38.642 0.414 0.357 -0.837
45.057 50.721 38.616 0.052 -0.571 -0.82
46.387 49.133 37.767 -0.835 0.488 -0.254
46.507 49.276 37.69 -0.775 0.56 -0.293
45.159 50.843 38.55 0.124 -0.484 -0.866
46.074 51.31 37.792 -0.486 -0.796 -0.361
45.424 52.255 37.67 -0.869 -0.24 -0.433
44.568 51.701 38.439 -0.298 0.129 -0.946
44.661 53.267 36.745 -0.36 -0.915 0.183
45.784 52.152 37.231 -0.657 -0.301 -0.691
44.963 53.18 36.378 -0.11 -0.986 -0.123
46.008 52.161 36.953 -0.806 -0.307 -0.506
46.478 52.376 36.478 -0.414 -0.128 -0.901
45.433 53.395 35.903 0.283 -0.807 -0.518
45.553 53.533 35.707 0.203 -0.899 -0.387
47.288 52.898 36.462 0.261 0.307 -0.915
46.594 54.204 35.686 0.724 -0.564 -0.398
46.928 54.62 35.395 0.501 -0.841 -0.204
46.569 54.662 34.937 0.245 -0.811 -0.532
46.17 54.254 35.143 0.511 -0.539 -0.669
46.412 54.834 34.361 0.35 -0.925 -0.148
47.006 54.908 34.931 0.557 -0.635 -0.536
46.929 55.125 34.355 0.608 -0.779 -0.151
48.816 55.006 34.57 -0.65 -0.7 -0.295
48.945 55.457 33.949 -0.558 -0.378 -0.738
47.081 55.659 33.62 0.684 -0.513 -0.519
47.512 56.112 33.475 0.397 -0.815 -0.422
46.834 56.521 32.74 0.059 -0.61 -0.79
46.404 56.068 32.884 0.345 -0.308 -0.886
46.168 55.977 32.797 0.503 -0.248 -0.828
45.956 57.287 32.527 -0.38 -0.227 -0.896
45.485 56.573 32.632 -0.067 0.249 -0.966
45.526 56.834 32.671 -0.094 0.075 -0.993
48.979 55.497 33.905 -0.535 -0.349 -0.77
47.551 56.16 33.423 0.417 -0.791 -0.448
48.993 55.853 33.652 -0.544 -0.586 -0.6
49.596 57.335 33.461 -0.042 0.649 -0.759
48.327 58.066 33.178 0.805 0.162 -0.571
49.427 58.589 33.792 0.071 -0.186 -0.98
50.281 57.34 33.722 0.529 0.653 -0.542
50.171 58.594 34.076 0.602 -0.182 -0.777
51.402 58.342 34.373 -0.219 -0.014 -0.976
51.513 59.009 34.547 -0.125 0.542 -0.831
50.292 59.318 34.264 0.689 0.335 -0.643
51.312 59.157 34.644 0.009 0.443 -0.896
51.207 59.722 35.064 -0.044 0.726 -0.686
50.203 59.796 34.619 0.625 0.677 -0.389
51.412 60.235 35.393 -0.181 0.384 -0.905
51.276 60.4 35.507 -0.249 0.467 -0.849
50.088 59.936 34.715 0.543 0.776 -0.321
51.276 60.646 35.613 -0.25 0.303 -0.92
51.226 60.691 35.644 -0.292 0.341 -0.894
50.033 59.985 34.749 0.504 0.811 -0.297
49.522 60.541 34.76 0.845 0.441 -0.304
52.387 61.117 36.254 0.306 0.825 -0.475
52.141 61.203 36.194 0.471 0.767 -0.436
53.702 61.876 36.677 -0.57 0.319 -0.757
53.4 62.142 37.244 -0.786 0.508 -0.352
51.863 61.447 36.717 0.239 0.971 -0
52.029 61.431 36.925 0.128 0.982 -0.139
53.29 62.102 37.948 -0.864 0.48 0.151
51.9 61.384 37.758 0.063 0.959 0.277
52.91 61.641 38.296 -0.61 0.788 -0.081
52.781 61.53 38.594 -0.681 0.727 0.085
51.766 61.269 38.071 -0.004 0.901 0.434
52.547 61.46 39.252 -0.525 0.774 -0.354
51.969 60.859 39.809 -0.938 0.345 0.045
51.082 60.558 38.731 -0.346 0.545 0.763
50.981 60.349 38.866 -0.279 0.684 0.674
51.952 60.212 40.154 -0.95 -0.117 0.29
50.966 59.754 39.182 -0.292 0.188 0.938
50.6 58.592 40.188 -0.048 0.962 0.267
52.704 59.671 40.81 -0.413 -0.504 0.759
51.491 57.952 40.965 0.397 0.643 0.656
52.844 57.622 41.941 -0.506 0.863 0.005
53.037 59.808 41.003 -0.175 -0.406 0.897
53.237 57.783 42.169 -0.309 0.944 0.119
53.95 59.666 43.154 -0.784 -0.312 -0.537
54.143 59.093 44.258 -0.645 -0.721 0.251
53.466 57.105 43.475 -0.194 0.604 0.773
54.662 58.051 44.83 -0.991 -0.027 -0.131
54.66 57.967 44.891 -0.992 -0.096 -0.08
53.465 56.997 43.553 -0.195 0.551 0.812
53.936 56.708 45.421 -0.509 0.743 -0.433
53.754 56.581 45.448 -0.601 0.68 -0.42
53.282 56.871 43.58 -0.286 0.487 0.825
53.244 56.32 45.492 -0.261 0.854 -0.45
53.712 56.741 45.91 -0.622 0.76 -0.189
53.203 56.48 45.954 -0.282 0.934 -0.219
53.092 58.455 46.976 -0.209 -0.383 -0.9
52.486 57.924 48.11 -0.641 -0.762 -0.09
52.485 55.852 47.297 -0.641 0.62 0.453
52.436 55.704 47.468 -0.608 0.718 0.338
52.53 57.881 48.254 -0.61 -0.793 0.013
52.477 55.665 47.6 -0.574 0.685 0.448
52.81 56.946 49.144 -0.796 -0.169 -0.581
52.765 56.786 49.287 -0.834 -0.303 -0.462
52.431 55.504 47.743 -0.611 0.552 0.568
52.192 55.271 49.411 -0.452 0.707 -0.544
51.964 55.026 49.336 -0.566 0.584 -0.582
52.254 55.313 47.685 -0.759 0.393 0.519
51.594 54.643 49.123 -0.319 0.84 -0.439
51.738 55.064 49.662 -0.679 0.603 -0.419
51.367 54.68 49.448 -0.432 0.859 -0.276
50.372 55.989 50.492 0.232 -0.014 -0.973
49.481 55.009 51.054 -0.404 -0.714 -0.571
50.313 53.52 50.113 -0.959 0.278 0.056
50.259 53.366 50.277 -0.923 0.381 -0.053
50.348 52.274 50.326 -0.849 -0.528 -0.013
50.427 52.117 50.175 -0.902 -0.423 0.087
50.062 50.909 51.279 -0.658 0.382 -0.648
50.265 50.569 50.983 -0.539 0.182 -0.823
50.646 51.751 49.857 -0.792 -0.606 -0.072
50.729 51.109 48.998 -0.847 -0.177 0.501
50.614 51.875 48.297 -0.929 0.37 0
50.511 52.658 49.028 -0.86 -0.152 -0.487
50.688 52.286 48.575 -0.978 0.096 -0.185
50.406 50.086 50.878 -0.456 -0.102 -0.884
50.856 50.67 48.903 -0.756 -0.491 0.433
50.886 49.095 49.99 -0.776 0.559 -0.292
51.031 48.744 49.492 -0.656 0.266 -0.707
51.014 50.288 48.362 -0.644 -0.764 0.046
51.265 48.903 49.275 -0.812 0.159 -0.562
51.358 48.83 49.137 -0.757 0.117 -0.643
51.098 50.222 48.237 -0.584 -0.811 -0.043
51.595 48.938 47.572 -0.915 0.045 0.401
51.526 49.349 46.782 -0.956 0.286 -0.064
51.035 50.595 47.519 -0.629 -0.544 -0.555
50.847 50.165 45.449 -0.503 -0.258 0.825
51.551 48.688 46.343 -0.941 -0.102 -0.322
50.869 49.565 45.05 -0.487 -0.686 0.54
51.56 48.335 46.297 -0.947 0.134 -0.291
51.661 48.129 46.043 -0.864 -0.037 -0.503
50.979 49.342 44.774 -0.409 -0.846 0.343
50.672 48.221 43.828 -0.204 -0.098 0.974
50.121 48.581 43.603 -0.528 0.114 0.842
50.478 49.669 44.57 -0.766 -0.612 0.197
48.999 49.87 43.922 0.22 -0.746 0.629
49.969 48.472 43.506 -0.618 0.05 0.785
48.846 49.761 43.825 0.131 -0.81 0.572
48.364 48.921 43.399 0.452 -0.25 0.856
49.762 47.3 42.528 -0.739 -0.64 0.21
48.141 47.661 42.347 0.341 -0.88 0.33
49.801 46.941 42.086 -0.765 -0.4 0.504
49.781 46.915 42.033 -0.775 -0.414 0.478
48.121 47.634 42.294 0.331 -0.893 0.304
48.076 47.332 41.812 0.362 -0.692 0.625
47.596 47.254 41.906 0.122 -0.73 0.672
47.642 47.557 42.389 0.091 -0.932 0.351
46.313 45.867 42.784 0.977 0.194 0.087
45.625 46.499 43.487 0.486 0.645 0.59
46.827 48.304 43.221 -0.316 -0.558 0.767
46.665 48.455 43.287 -0.208 -0.659 0.723
45.22 46.715 43.456 0.196 0.8 0.567
46.292 48.654 43.258 -0.518 -0.493 0.699
44.596 47.77 43.13 0.612 0.097 0.785
44.569 47.82 43.143 0.59 0.139 0.796
46.265 48.704 43.271 -0.541 -0.451 0.71
44.711 49.19 43.746 0.495 -0.775 0.394
47.625 47.062 41.655 0.137 -0.826 0.546
46.338 45.705 42.572 0.995 0.079 -0.065
48.337 44.719 41.596 -0.338 0.736 0.586
47.771 43.478 41.688 -0.743 -0.15 0.652
45.771 44.465 42.664 0.59 -0.807 0.002
45.682 44.203 42.034 0.649 -0.633 0.422
44.978 43.938 42.301 0.258 -0.78 0.57
45.148 44.231 42.901 0.145 -0.975 0.171
44.683 43.397 41.978 0.454 -0.419 0.786
43.801 43.631 42.21 -0.176 -0.251 0.952
44.266 44.465 43.133 -0.485 -0.807 0.336
43.981 44.203 42.564 -0.296 -0.633 0.716
43.402 44.892 42.618 -0.617 -0.25 0.746
43.754 45.075 43.181 -0.851 -0.372 0.371
41.957 45.891 43.433 0.347 -0.916 0.203
41.971 45.907 43.48 0.354 -0.907 0.227
43.766 45.089 43.221 -0.842 -0.362 0.399
41.8 45.502 44.738 0.468 -0.638 -0.612
42.406 45.808 45.441 0.901 -0.419 -0.11
44.372 45.394 43.923 -0.409 -0.144 0.901
42.836 46.352 45.422 0.615 -0.783 -0.098
41.893 45.873 43.459 0.315 -0.924 0.216
41.734 45.474 44.72 0.421 -0.658 -0.625
41.668 45.753 43.379 0.464 -0.844 0.269
41.918 45.867 43.391 0.327 -0.927 0.182
41.687 45.748 43.326 0.48 -0.848 0.225
43.365 44.87 42.578 -0.638 -0.262 0.724
42.995 44.705 42.004 -0.843 -0.354 0.405
41.386 45.614 42.858 0.229 -0.959 -0.165
42.929 44.076 41.714 -0.799 0.066 0.598
42.743 44.162 41.353 -0.932 0.128 0.34
41.215 45.694 42.526 0.087 -0.893 -0.442
42.343 45.368 41.387 -0.666 -0.676 0.317
43.186 44.352 39.837 -0.615 0.264 -0.743
42.786 45.558 39.871 -0.349 -0.54 -0.766
43.722 45.086 38.805 -0.973 -0.226 -0.055
43.707 45.17 38.756 -0.98 -0.184 -0.079
42.774 45.629 39.83 -0.358 -0.49 -0.795
42.775 46.282 38.827 -0.358 -0.925 -0.127
42.252 46.665 39.057 -0.793 -0.606 0.064
42.207 46.045 40.079 -0.763 -0.192 -0.617
41.176 46.804 40.22 -0.075 -0.699 -0.712
41.027 46.534 40.679 -0.199 -0.923 -0.329
42.046 45.752 40.578 -0.878 -0.402 -0.261
41.21 46.414 40.834 -0.321 -0.843 -0.432
42.037 47.179 38.796 -0.972 -0.177 -0.153
40.961 47.318 39.96 -0.254 -0.27 -0.929
41.891 47.59 38.831 -0.875 -0.451 -0.176
43.636 47.459 37.862 0.36 0.056 -0.931
43.627 47.894 37.817 0.365 -0.234 -0.901
44.814 46.683 37.515 -0.426 0.573 -0.7
44.823 46.692 37.517 -0.422 0.577 -0.699
43.635 47.901 37.818 0.371 -0.229 -0.9
45.337 46.95 37.22 -0.764 0.405 -0.502
45.495 47.222 37.249 -0.686 0.541 -0.487
43.768 48.131 37.842 0.466 -0.065 -0.883
45.657 47.802 37.401 -0.794 0.154 -0.588
45.849 48.502 37.699 -0.657 0.654 -0.375
43.96 48.831 38.141 0.603 0.435 -0.669
44.359 49.111 38.5 0.336 0.248 -0.908
43.651 49.702 38.639 -0.018 0.543 -0.839
43.361 49.33 38.258 0.175 0.791 -0.586
43.358 50.256 38.833 0.177 0.174 -0.969
45.967 48.652 37.799 -0.573 0.761 -0.304
44.498 49.289 38.618 0.406 0.337 -0.85
46.371 49.092 37.743 -0.843 0.468 -0.266
46.357 47.849 36.912 -0.294 0.188 -0.937
46.834 48.141 36.693 -0.612 -0.007 -0.791
46.323 47.277 36.671 -0.271 0.569 -0.777
47.12 46.814 36.358 0.127 0.337 -0.933
47.631 47.678 36.38 -0.213 -0.239 -0.947
48.391 47.05 35.965 -0.72 0.18 -0.67
48.974 47.685 35.906 -0.304 0.633 -0.712
48.32 48.429 36.311 0.132 0.137 -0.982
48.367 48.692 36.33 0.1 -0.038 -0.994
47.686 49.495 36.779 -0.467 0.63 -0.62
47.445 49.461 36.889 -0.306 0.653 -0.693
46.98 51.601 36.8 0.004 -0.774 -0.634
46.499 51.53 37.096 -0.397 -0.832 -0.387
46.826 49.371 37.27 -0.615 0.607 -0.503
46.371 51.398 37.402 -0.312 -0.744 -0.591
48.376 49.725 36.853 0.108 0.823 -0.558
47.669 51.831 36.874 0.579 -0.581 -0.572
49.181 50.594 37.321 -0.429 0.243 -0.87
49.51 51.041 37.413 -0.193 0.562 -0.804
47.973 52.242 36.959 0.832 -0.239 -0.501
48.919 52.98 37.185 0.201 -0.731 -0.652
48.244 53.842 36.671 -0.197 -0.224 -0.955
47.408 52.963 36.529 0.361 0.362 -0.86
47.058 54.691 35.468 0.594 -0.79 -0.152
48.309 53.899 36.647 -0.158 -0.19 -0.969
47.117 54.743 35.446 0.636 -0.753 -0.168
48.928 54.841 35.085 -0.571 -0.818 0.073
49.249 53.651 36.84 0.395 -0.337 -0.855
49.782 54.615 35.261 0.039 -0.979 0.198
50.203 54.424 36.254 -0.242 -0.852 -0.464
50.332 54.424 36.197 -0.177 -0.852 -0.492
49.891 54.615 35.213 0.117 -0.979 0.164
50.578 54.323 36.235 -0.341 -0.785 -0.517
51.394 54.751 35.851 0.339 -0.428 -0.838
50.777 55.08 34.796 0.75 -0.647 -0.134
51.382 54.974 35.703 0.347 -0.577 -0.739
51.734 55.977 35.484 0.524 -0.076 -0.849
51.075 55.926 34.61 0.963 -0.043 -0.266
51.995 56.894 35.165 0.35 -0.688 -0.636
51.829 57.232 34.813 0.267 -0.519 -0.812
50.935 56.212 34.313 0.863 0.161 -0.479
50.794 56.511 34.027 0.957 -0.038 -0.288
51.765 57.474 34.664 0.235 -0.398 -0.887
50.745 56.698 33.911 0.915 0.119 -0.385
51.866 57.7 34.562 0.168 -0.549 -0.819
52.614 59.088 35.175 0.659 0.409 -0.631
52.526 58.956 34.959 0.718 0.497 -0.487
52.819 59.601 35.504 0.522 0.067 -0.85
52.337 59.902 35.335 0.282 0.218 -0.935
52.151 59.19 34.828 0.406 0.692 -0.597
52.132 59.389 35.006 0.419 0.56 -0.715
52.951 58.783 35.44 0.828 0.257 -0.498
53.156 59.296 35.769 0.691 -0.085 -0.718
53.667 59.255 36.094 0.351 -0.058 -0.935
53.707 59.906 36.24 0.379 0.407 -0.831
53.204 60.067 35.941 0.715 0.3 -0.632
54.392 60.989 36.413 -0.077 -0.315 -0.946
54.136 59.606 36.42 0.686 0.193 -0.702
54.821 60.689 36.593 0.229 -0.529 -0.817
54.639 60.044 36.765 0.35 -0.099 -0.931
55.182 60.014 37.093 0.652 -0.116 -0.749
55.302 60.663 36.884 0.573 -0.548 -0.61
55.717 59.553 37.373 0.296 0.192 -0.936
56.026 60.418 39.073 0.516 0.81 0.279
55.611 61.528 38.584 0.793 0.07 0.605
55.531 60.991 39.014 0.846 0.427 0.318
54.259 61.73 39.392 0.139 0.838 0.528
54.484 62.181 38.918 -0.011 0.537 0.844
53.854 61.636 39.958 0.409 0.9 0.151
52.959 61.706 39.452 -0.231 0.95 -0.211
53.589 62.251 38.412 -0.651 0.587 0.482
53.247 61.809 38.82 -0.423 0.881 0.211
54.703 61.319 39.687 0.386 0.61 0.692
54.248 61.273 40.219 0.69 0.641 0.337
56.224 61.622 41.719 -0.628 0.408 -0.662
55.92 61.588 42.128 -0.846 0.385 -0.37
53.943 61.24 40.628 0.472 0.617 0.63
55.429 61.129 42.329 -0.519 0.691 -0.504
55.213 61.066 42.511 -0.639 0.655 -0.403
53.751 61.184 40.79 0.335 0.577 0.745
54.664 61.042 42.941 -0.273 0.671 -0.689
55.447 61.39 42.865 -0.509 0.836 -0.206
54.871 61.329 43.254 -0.126 0.876 -0.466
55.935 61.819 42.603 -0.835 0.55 -0.031
56.378 61.956 43.429 -0.518 0.647 0.559
55.314 61.466 44.08 0.191 0.974 0.125
55.947 61.545 43.798 -0.231 0.921 0.312
56.326 60.81 44.78 -0.021 0.513 0.858
55.65 60.816 44.949 0.43 0.509 0.745
55.86 61.035 47.395 0.29 0.363 -0.885
54.743 60.936 47.5 -0.508 0.292 -0.81
54.533 60.717 45.054 -0.367 0.439 0.82
54.372 60.37 47.328 -0.26 0.67 -0.695
54.135 60.193 47.281 -0.392 0.571 -0.721
54.323 60.56 45.014 -0.517 0.326 0.791
53.463 59.985 47.253 0.056 0.71 -0.702
53.298 58.721 46.865 -0.062 -0.193 -0.979
54.158 59.296 44.625 -0.635 -0.577 0.514
54.675 58.238 45.169 -0.98 0.129 0.152
53.293 58.577 46.902 -0.065 -0.295 -0.953
54.671 58.106 45.202 -0.984 0.019 0.18
53.95 56.886 45.822 -0.503 0.832 -0.233
53.976 60.529 47.786 -0.48 0.758 -0.44
53.322 60.283 47.7 -0.044 0.923 -0.383
54.393 61.077 47.906 -0.758 0.393 -0.52
54.195 61.133 48.719 -0.899 0.433 0.06
53.124 60.338 48.513 -0.186 0.962 0.198
53.753 60.592 48.705 -0.605 0.793 0.07
53.606 59.781 49.735 -0.686 0.343 0.642
52.995 59.62 49.424 -0.278 0.45 0.849
52.977 59.06 51.45 -0.266 0.823 -0.502
52.37 58.57 51.285 -0.569 0.578 -0.584
52.482 59.207 49.285 -0.644 0.154 0.749
51.051 58.834 51.701 0.31 0.402 -0.861
52.585 58.783 49.585 -0.817 0.315 0.482
51.416 58.479 51.558 -0.026 0.521 -0.853
50.917 58.652 51.594 0.214 0.272 -0.938
52.348 59.024 49.178 -0.74 0.024 0.673
51.114 58.06 51.298 0.083 0.666 -0.741
52.402 58.126 50.021 -0.95 0.289 -0.122
52.148 57.903 50.48 -0.763 0.453 -0.461
50.98 57.468 50.938 0.009 0.337 -0.941
52.23 58.5 48.859 -0.824 -0.35 0.445
51.688 57.41 50.729 -0.463 0.377 -0.802
51.761 57.165 50.608 -0.411 0.202 -0.889
52.303 58.256 48.737 -0.772 -0.525 0.358
52.6 57.291 49.59 -0.97 0.118 -0.21
51.798 56.704 50.572 -0.385 -0.127 -0.914
52.634 56.866 49.557 -0.942 -0.236 -0.237
52.024 55.375 49.758 -0.536 0.758 -0.371
51.775 56.693 50.584 -0.401 -0.135 -0.906
51.997 55.362 49.771 -0.549 0.752 -0.364
50.591 56.241 50.585 0.388 0.166 -0.907
51.646 57.032 50.644 -0.494 0.107 -0.863
50.461 56.58 50.645 0.296 0.408 -0.864
50.932 57.041 50.841 -0.018 0.1 -0.995
49.709 57.653 51.614 -0.697 0.44 -0.566
49.379 57.121 51.328 -0.477 0.794 -0.376
49.674 58.291 51.873 -0.674 0.014 -0.739
49.264 58.044 52.626 -0.966 -0.162 -0.201
48.97 56.874 52.082 -0.77 0.618 0.163
49.247 57.373 52.465 -0.954 0.284 -0.093
49.257 56.707 53.182 -0.948 -0.086 0.306
48.979 56.284 52.716 -0.763 0.196 0.616
48.429 55.611 54.62 -0.396 0.645 -0.653
48.347 55.46 54.544 -0.465 0.519 -0.717
48.889 56.12 52.633 -0.827 0.079 0.557
48.378 55.273 54.355 -0.486 0.644 -0.591
48.31 54.46 53.895 -0.519 0.237 -0.821
48.832 55.433 52.245 -0.868 -0.412 0.279
47.474 53.686 53.649 0.038 0.753 -0.657
47.65 53.311 53.341 0.136 0.545 -0.828
48.988 55.101 51.973 -0.756 -0.649 0.085
48.361 53.551 53.388 -0.338 0.385 -0.859
48.815 53.198 53.204 -0.014 0.133 -0.991
49.442 54.748 51.788 -0.432 -0.901 -0.047
49.865 53.97 52.597 -0.714 -0.382 -0.587
49.952 53.939 52.522 -0.642 -0.408 -0.649
49.536 54.714 51.707 -0.365 -0.925 -0.105
50.31 53.094 50.878 -0.881 0.155 0.447
49.954 53.922 52.532 -0.64 -0.423 -0.641
50.312 53.077 50.887 -0.879 0.14 0.455
49.908 52.372 52.329 -0.61 0.61 -0.506
49.875 51.513 51.824 -0.626 0.181 -0.759
50.287 52.409 50.494 -0.9 -0.416 0.128
49.988 51.069 51.48 -0.701 0.477 -0.53
49.586 51.232 52.069 -0.771 0.04 -0.636
49.719 50.808 51.708 -0.86 0.323 -0.396
47.681 51.445 52.406 0.499 -0.102 -0.861
47.547 50.45 53.022 0.403 -0.813 -0.421
49.571 49.713 52.386 -0.947 -0.321 0.003
48.15 49.591 53.847 0.001 -0.241 -0.971
48.166 49.547 53.859 0.014 -0.278 -0.961
49.59 49.66 52.401 -0.936 -0.353 0.012
48.943 48.337 53.442 -0.504 0.529 -0.682
48.98 48.251 53.354 -0.486 0.486 -0.726
49.624 49.579 52.319 -0.916 -0.4 -0.036
49.177 47.981 52.893 -0.618 0.666 -0.419
49.707 47.572 52.102 -0.353 0.462 -0.814
50.117 49.2 51.584 -0.626 -0.623 -0.469
50.645 48.354 50.581 -0.978 -0.059 0.2
50.233 46.475 51.746 -0.09 -0.087 -0.992
51.054 47.501 50.303 -0.637 -0.77 -0.031
50.807 46.573 51.56 -0.472 -0.152 -0.868
50.922 46.489 51.518 -0.415 -0.194 -0.889
51.143 47.435 50.271 -0.562 -0.825 -0.058
51.323 46.298 51.277 -0.682 -0.067 -0.728
51.674 46.163 51.054 -0.432 -0.163 -0.887
51.466 47.311 50.066 -0.293 -0.928 -0.229
51.785 47.19 49.961 -0.506 -0.848 -0.158
52.533 45.962 50.988 0.182 -0.307 -0.934
52.731 46.969 49.888 0.051 -0.978 -0.201
53.845 45.825 50.621 -0.692 -0.216 -0.689
53.901 45.842 50.562 -0.659 -0.206 -0.724
52.787 46.986 49.83 0.084 -0.968 -0.236
53.026 47.027 49.567 -0.075 -0.995 -0.06
52.615 47.306 49.045 -0.417 -0.762 -0.495
52.297 47.32 49.206 -0.205 -0.772 -0.602
52.383 47.28 47.382 -0.262 -0.745 0.614
51.741 47.858 47.299 -0.796 -0.263 0.544
51.53 48.011 49.107 -0.656 -0.365 -0.661
51.767 48.119 47.542 -0.814 -0.437 0.383
52.964 47.218 48.998 -0.127 -0.836 -0.534
52.731 47.192 47.335 0.029 -0.818 0.574
52.951 47.323 47.584 -0.118 -0.905 0.408
53.466 47.194 46.99 0.185 -0.981 0.059
53.162 47.085 46.838 0.388 -0.908 0.16
53.962 46.522 45.828 -0.145 -0.533 0.834
52.567 47.091 44.694 -0.966 -0.198 0.167
51.995 47.561 45.89 -0.585 -0.511 -0.63
51.072 47.541 43.645 0.031 -0.498 0.867
52.767 46.557 44.181 -0.848 -0.512 -0.135
51.271 47.008 43.132 0.148 -0.812 0.564
51.424 46.626 42.735 0.047 -0.558 0.829
53.178 46.224 43.794 -0.607 -0.708 -0.362
51.866 46.268 42.319 0.268 -0.737 0.621
53.461 46.069 43.321 -0.796 -0.604 -0.047
53.498 46.028 43.254 -0.777 -0.625 -0.081
51.904 46.227 42.252 0.286 -0.757 0.587
53.329 44.165 42.5 -0.664 0.618 0.421
53.308 44.149 42.489 -0.679 0.606 0.414
51.879 46.208 42.239 0.274 -0.767 0.581
52.839 45.079 41.714 -0.367 -0.014 0.93
52.434 44.836 41.409 -0.704 -0.217 0.676
51.357 45.896 41.847 0.013 -0.923 0.384
51.144 44.41 40.945 0.155 0.068 0.986
50.97 44.423 40.96 0.031 0.077 0.997
51.151 45.912 41.865 -0.09 -0.915 0.393
49.876 44.099 41.586 0.76 0.294 0.579
48.708 44.825 41.586 -0.073 0.812 0.579
49.77 46.771 41.865 -0.781 -0.486 0.393
48.402 45.914 40.973 0.131 0.086 0.988
48.401 45.916 40.973 0.13 0.087 0.988
49.768 46.773 41.865 -0.781 -0.484 0.393
48.063 47.19 41.644 0.355 -0.762 0.541
48.387 45.911 40.975 0.118 0.083 0.989
48.045 47.184 41.646 0.346 -0.766 0.542
48.692 44.821 41.588 -0.085 0.81 0.581
51.099 43.715 40.818 0.123 -0.428 0.895
50.004 43.391 41.444 0.852 -0.212 0.478
50.467 43.327 40.928 0.544 -0.17 0.822
49.423 42.135 40.446 -0.036 -0.832 0.554
49.08 42.336 41.017 0.192 -0.966 0.173
49.512 41.632 39.982 -0.095 -0.497 0.862
48.592 41.767 39.507 -0.752 -0.401 0.523
48.16 42.471 40.542 -0.465 -0.87 -0.167
48.384 42.287 39.909 -0.614 -0.747 0.255
47.869 42.864 39.622 -0.899 -0.427 0.096
47.705 42.981 40.288 -0.79 -0.505 -0.348
46.038 43.532 39.212 0.322 -0.872 0.369
45.984 43.559 39.309 0.276 -0.849 0.45
47.646 43.011 40.394 -0.832 -0.483 -0.272
46.085 43.679 39.526 0.209 -0.929 0.306
46.041 43.706 39.627 0.187 -0.916 0.356
47.609 43.034 40.479 -0.858 -0.467 -0.212
45.145 43.186 40.532 0.784 -0.569 -0.247
45.177 43.383 41.446 0.807 -0.428 0.406
47.641 43.231 41.393 -0.836 -0.327 0.441
45.535 43.923 41.701 0.568 -0.788 0.236
45.996 43.675 39.566 0.165 -0.931 0.325
45.107 43.16 40.479 0.757 -0.588 -0.284
45.915 43.556 39.34 0.219 -0.852 0.476
44.87 43.688 38.581 -0.652 -0.742 -0.156
43.972 43.303 39.656 -0.053 -0.486 -0.872
44.653 43.844 38.59 -0.507 -0.846 -0.162
46.178 43.742 38.088 0.439 -0.696 -0.568
46.335 43.914 37.955 0.334 -0.811 -0.48
47.806 43.671 37.837 -0.646 -0.649 -0.401
47.811 43.753 37.716 -0.643 -0.591 -0.488
46.341 44.011 37.812 0.337 -0.763 -0.552
46.855 44.27 37.515 -0.005 -0.935 -0.354
46.46 44.553 37.077 -0.203 -0.794 -0.574
45.946 44.294 37.373 0.14 -0.621 -0.771
46.528 44.672 36.847 -0.248 -0.873 -0.42
46.019 45.341 36.547 -0.672 -0.315 -0.67
45.292 45.154 36.988 -0.188 -0.191 -0.963
45.806 45.413 36.692 -0.53 -0.364 -0.766
47.13 45.934 36.21 0.253 0.179 -0.951
47.234 46.176 36.259 0.184 0.018 -0.983
48.487 46.511 35.88 -0.651 -0.205 -0.731
47.18 45.814 36.208 0.295 0.079 -0.952
48.542 46.38 35.878 -0.612 -0.299 -0.732
48.647 45.955 35.876 -0.683 -0.016 -0.731
50.483 46.06 36.121 0.847 0.072 -0.526
50.536 46.494 36.145 0.812 -0.217 -0.542
52.221 45.851 36.722 -0.312 0.211 -0.927
52.371 46.577 37.006 -0.237 0.573 -0.784
50.662 47.107 36.385 0.902 0.22 -0.37
52.16 47.094 37.283 -0.096 0.229 -0.969
52.056 47.492 37.461 -0.17 0.513 -0.841
50.559 47.504 36.563 0.829 0.505 -0.243
52.398 47.985 37.548 -0.397 0.184 -0.899
52.243 48.245 37.701 -0.475 0.314 -0.822
50.428 47.724 36.693 0.735 0.661 -0.15
50.47 47.982 37.234 0.707 0.489 -0.511
50.28 48.146 37.161 0.612 0.571 -0.547
50.267 47.862 36.631 0.62 0.76 -0.194
50.465 49.65 37.477 0.489 -0.432 -0.758
50.01 49.818 37.228 0.163 -0.312 -0.936
49.812 48.03 36.382 0.295 0.88 -0.372
49.139 49.01 36.768 0.743 0.227 -0.629
50.434 48.099 37.306 0.689 0.547 -0.475
50.595 49.61 37.6 0.581 -0.46 -0.671
52.206 48.361 37.773 -0.493 0.372 -0.787
52.343 48.543 37.79 -0.424 0.463 -0.778
50.71 49.764 37.614 0.664 -0.35 -0.661
51.881 50.36 37.604 -0.116 -0.748 -0.654
50.972 51.895 37.451 -0.65 0.155 -0.744
49.885 51.158 37.475 0.074 0.646 -0.76
49.332 53.11 37.254 0.443 -0.655 -0.612
51.21 52.203 37.37 -0.51 0.336 -0.791
49.57 53.418 37.172 0.583 -0.474 -0.66
50.746 54.128 36.557 -0.201 -0.947 -0.249
50.55 54.276 36.336 -0.364 -0.824 -0.433
49.336 53.594 36.908 0.446 -0.37 -0.815
50.297 54.363 36.327 -0.195 -0.883 -0.427
51.92 52.311 37.165 -0.093 0.4 -0.912
51.34 54.219 36.386 0.294 -0.872 -0.392
52.23 52.191 37.034 -0.299 0.48 -0.824
52.819 52.528 37.28 0.191 0.761 -0.619
51.929 54.556 36.631 0.785 -0.591 -0.187
53.176 53.546 37.844 -0.047 0.083 -0.995
53.266 53.676 37.858 0.006 0.159 -0.987
52.004 54.665 36.643 0.848 -0.5 -0.177
52.166 54.864 36.722 0.74 -0.633 -0.23
53.461 53.921 37.929 0.121 0.304 -0.945
52.375 55.127 36.798 0.844 -0.501 -0.191
54.329 55.597 37.047 -0.458 -0.814 -0.357
54.279 56.335 36.397 -0.493 -0.287 -0.821
52.317 56.001 36.029 0.815 -0.064 -0.576
52.578 56.918 35.71 0.641 -0.676 -0.363
54.312 56.387 36.362 -0.47 -0.25 -0.846
52.616 56.98 35.669 0.66 -0.645 -0.384
54.241 56.79 36.207 -0.423 -0.519 -0.743
54.571 58.023 36.081 -0.147 0.509 -0.848
53.041 58.565 35.507 0.873 0.147 -0.465
53.743 59.07 36.151 0.405 -0.19 -0.894
55.028 58.346 36.399 0.233 0.778 -0.583
54.239 59.421 36.496 0.759 0.061 -0.648
54.755 59.835 36.85 0.415 -0.215 -0.884
55.275 58.339 36.549 0.439 0.773 -0.459
55.058 59.827 37.033 0.583 -0.219 -0.782
55.607 59.387 37.32 0.217 0.074 -0.973
55.85 57.853 36.922 0.918 0.367 -0.148
56.232 58.859 37.726 0.664 -0.303 -0.684
56.931 58.081 38.134 0.197 0.215 -0.956
57.064 58.247 38.213 0.264 0.298 -0.917
56.345 58.999 37.792 0.744 -0.203 -0.637
57.316 58.155 38.229 0.096 0.359 -0.928
57.474 58.422 38.406 0.228 0.582 -0.781
56.516 59.289 37.984 0.866 0.004 -0.499
57.267 58.59 38.44 0.366 0.47 -0.803
57.355 59.215 39.109 0.41 0.782 -0.469
56.591 59.817 38.549 0.92 0.381 -0.096
57.611 59.55 39.596 0.239 0.559 -0.794
57.559 59.676 39.677 0.214 0.622 -0.754
56.547 59.923 38.617 0.888 0.457 -0.047
57.71 59.84 39.824 0.113 0.512 -0.852
57.327 60.23 40.237 -0.206 0.836 -0.508
56.131 60.346 39.066 0.591 0.759 0.273
57.067 60.176 40.208 -0.033 0.872 -0.488
56.899 60.235 40.35 -0.117 0.901 -0.417
55.989 60.396 39.186 0.49 0.794 0.359
55.49 60.967 39.141 0.823 0.414 0.389
56.854 60.258 40.417 -0.139 0.913 -0.384
55.446 60.989 39.205 0.799 0.426 0.424
56.882 61.329 41.292 -0.158 0.199 -0.967
57.046 60.27 40.399 -0.043 0.919 -0.392
57.044 61.339 41.277 -0.043 0.206 -0.978
57.311 60.302 40.386 -0.22 0.897 -0.383
58.521 59.925 41.085 0.788 0.582 0.199
58.359 60.929 42.037 0.896 -0.087 -0.435
58.601 59.784 41.298 0.735 0.676 0.057
58.631 59.282 42.199 0.75 0.425 0.508
58.384 60.504 42.798 0.914 -0.39 0.108
58.484 59.492 43.632 0.848 0.285 -0.447
57.825 60.31 44.704 0.377 0.87 0.319
57.725 61.323 43.871 0.444 0.195 0.875
57.469 60.829 44.298 0.614 0.524 0.59
57.497 60.277 44.978 0.143 0.846 0.514
57.099 60.791 44.607 0.409 0.503 0.762
57.472 60.335 46.602 0.16 0.807 -0.568
56.857 60.35 46.743 -0.352 0.82 -0.451
56.344 60.81 44.78 -0.01 0.514 0.858
56.645 60.229 46.635 -0.211 0.901 -0.378
56.632 60.226 46.636 -0.217 0.9 -0.378
56.332 60.808 44.782 -0.017 0.512 0.859
55.866 61.034 47.397 0.294 0.362 -0.885
55.953 60.175 45.669 0.232 0.936 0.266
55.789 60.29 46.643 0.341 0.859 -0.383
56.641 60.23 46.641 -0.213 0.902 -0.376
55.873 61.037 47.4 0.299 0.364 -0.882
56.854 60.351 46.748 -0.355 0.821 -0.447
57.688 60.296 47.922 0.34 0.775 0.532
56.779 60.977 48.676 0.946 0.322 0.029
57.713 60.159 48.151 0.324 0.867 0.38
57.364 59.287 49.172 0.149 0.431 0.89
56.484 60.24 49.539 0.736 -0.205 0.646
56.314 59.186 50.24 0.849 0.498 0.178
54.782 59.689 50.625 -0.246 0.857 0.453
54.952 60.743 49.924 -0.359 0.154 0.921
54.608 60.151 50.066 -0.129 0.549 0.826
54.563 59.601 50.628 -0.402 0.794 0.455
54.36 60.052 50.069 -0.267 0.494 0.828
53.696 59.454 51.933 0.175 0.893 -0.416
53.155 59.281 51.708 -0.276 0.748 -0.604
53.695 59.84 49.792 -0.637 0.375 0.674
53.07 59.122 51.51 -0.22 0.854 -0.472
52.811 59.279 52.006 -0.562 0.747 -0.355
52.628 59.12 51.894 -0.44 0.853 -0.28
51.269 59.299 52.215 0.466 0.734 -0.494
52.976 59.306 53.005 -0.425 0.769 0.477
51.448 59.327 53.3 0.593 0.755 0.28
52.84 59.154 53.178 -0.335 0.87 0.362
52.664 58.045 54.153 -0.423 0.316 0.85
51.299 58.391 54.124 0.487 0.086 0.869
51.626 57.272 54.697 0.269 0.831 0.487
50.177 56.797 54.596 -0.766 0.491 0.414
49.85 57.915 54.023 -0.548 -0.254 0.797
49.908 57.228 54.043 -0.587 0.204 0.784
49.855 57.223 54.003 -0.616 0.201 0.762
49.803 57.911 53.988 -0.581 -0.257 0.772
48.917 56.031 55.289 0.01 0.995 -0.096
48.887 56.029 55.265 -0.015 0.993 -0.116
49.771 57.908 53.961 -0.605 -0.259 0.753
49.818 57.22 53.973 -0.636 0.199 0.745
49.905 57.225 54.041 -0.588 0.202 0.783
48.957 56.033 55.32 0.044 0.997 -0.07
50.174 56.794 54.595 -0.768 0.489 0.414
50.333 56.771 54.843 -0.654 0.473 0.591
49.104 56.012 55.548 0.166 0.979 0.12
49.351 55.982 55.647 0.001 0.998 0.055
47.816 55.22 55.89 -0.767 0.617 0.176
47.91 55.419 55.738 -0.829 0.485 0.278
46.577 54.696 55.782 0.059 0.967 0.248
46.64 54.573 54.784 0.105 0.879 -0.465
47.968 55.306 54.819 -0.781 0.391 -0.488
47.891 55.075 54.708 -0.729 0.545 -0.414
46.729 54.241 54.388 0.168 0.642 -0.748
47.996 54.682 54.239 -0.676 0.348 -0.649
47.174 53.898 53.977 -0.129 0.871 -0.474
45.777 53.471 54.24 -0.512 0.092 -0.854
46.098 53.028 53.81 -0.726 0.388 -0.567
46.03 52.564 53.296 -0.681 0.697 -0.225
47.494 52.588 52.774 0.365 0.714 -0.598
47.752 53.055 53.22 0.192 0.403 -0.895
48.451 53.324 53.281 -0.274 0.223 -0.936
47.786 52.267 52.687 0.574 0.485 -0.66
48.744 53.004 53.194 -0.065 -0.006 -0.998
49.71 52.205 52.402 -0.709 0.527 -0.47
49.841 52.365 52.405 -0.643 0.606 -0.468
48.855 53.139 53.197 0.015 0.091 -0.996
49.902 53.916 52.591 -0.683 -0.428 -0.592
45.381 52.783 54.795 -0.795 -0.399 -0.457
45.634 51.876 53.852 -0.963 0.205 0.172
45.651 52.25 54.438 -0.975 -0.044 -0.219
45.852 51.423 54.871 -0.864 -0.504 0.022
45.811 51.144 54.236 -0.837 -0.317 0.446
45.429 49.705 55.654 -0.582 0.642 -0.499
45.448 49.396 55.334 -0.573 0.487 -0.659
45.827 50.883 53.966 -0.826 -0.504 0.253
44.391 48.708 54.791 0.131 0.946 -0.297
46.071 50.207 54.135 -0.995 -0.086 0.052
45.12 48.765 54.683 -0.358 0.879 -0.314
44.389 48.662 54.664 0.129 0.913 -0.388
45.824 50.836 53.838 -0.828 -0.537 0.162
45.028 48.634 54.4 -0.297 0.931 -0.212
45.44 48.303 53.591 -0.068 0.747 -0.661
46.189 50.543 53.123 -0.567 -0.746 -0.349
45.592 47.998 52.989 -0.169 0.951 -0.26
46.519 49.607 53.507 -0.108 -0.424 -0.899
46.293 48.648 53.457 0.112 0.515 -0.85
46.625 47.756 52.979 0.568 0.778 -0.267
47.222 50.302 53.112 0.17 -0.919 -0.356
47.85 49.455 53.93 -0.249 -0.354 -0.901
46.723 47.68 52.988 0.639 0.724 -0.261
47.941 49.385 53.939 -0.173 -0.412 -0.894
48.655 48.129 53.544 -0.649 0.425 -0.631
46.784 47.566 52.864 0.682 0.642 -0.35
48.727 47.993 53.397 -0.613 0.357 -0.705
48.924 47.723 52.935 -0.744 0.537 -0.397
46.815 46.291 52.433 0.704 -0.269 -0.657
48.96 46.214 52.425 -0.726 -0.218 -0.652
48.977 45.985 52.455 -0.737 -0.065 -0.672
48.902 45.348 53.342 -0.8 -0.596 0.066
48.863 45.395 53.565 -0.775 -0.627 -0.083
46.733 45.599 53.395 0.646 -0.763 0.03
46.709 45.629 53.68 0.629 -0.741 0.234
48.835 45.431 53.902 -0.788 -0.609 0.086
46.703 45.626 54.372 0.633 -0.74 -0.227
46.779 45.632 54.722 0.676 -0.736 -0.033
48.915 45.437 54.269 -0.748 -0.606 0.269
48.718 45.707 54.731 -0.617 -0.786 -0.038
50.181 45.425 55.52 0.114 -0.927 0.357
50.378 45.155 55.059 -0.017 -0.747 0.664
51.694 44.672 56.265 -0.894 -0.425 -0.14
52.191 44.427 55.699 -0.48 -0.629 -0.612
51.018 44.84 54.331 0.303 -0.904 0.3
52.851 44.057 54.65 -0.92 -0.383 0.088
52.95 44.012 54.071 -0.849 -0.415 -0.326
51.134 44.786 53.646 0.361 -0.932 -0.042
51.709 44.883 53.46 -0.022 -0.996 0.082
51.305 45.165 52.362 -0.223 -0.856 -0.467
50.731 45.068 52.548 0.159 -0.791 -0.591
51.647 45.18 51.989 -0.451 -0.865 -0.219
51.285 46.099 51.353 -0.709 -0.209 -0.673
50.303 46.156 51.795 -0.055 -0.247 -0.968
50.877 46.253 51.609 -0.437 -0.312 -0.844
52.074 44.948 52.871 0.161 -0.964 -0.212
52.296 44.997 52.42 0.013 -0.996 0.089
53.259 44.067 53.574 -0.629 -0.376 -0.681
53.628 44.123 53.311 -0.365 -0.336 -0.868
52.665 45.053 52.157 0.277 -0.956 -0.099
53.709 44.981 52.036 -0.419 -0.908 -0.018
53.689 45.014 51.828 -0.436 -0.88 -0.191
52.644 45.09 51.932 0.261 -0.93 -0.26
53.966 44.866 51.659 -0.621 -0.78 -0.078
53.762 44.958 52.024 -0.375 -0.926 -0.028
54.053 44.798 51.893 -0.57 -0.82 0.059
53.685 44.098 53.298 -0.324 -0.353 -0.878
55.212 44.087 53.784 0.767 -0.361 -0.53
55.734 44.786 52.428 0.419 -0.827 0.374
56.633 44.634 53.983 -0.18 -0.726 -0.663
56.987 44.794 53.794 0.028 -0.632 -0.774
56.088 44.946 52.239 0.627 -0.733 0.263
56.491 45.242 52.521 0.359 -0.93 0.074
56.566 45.267 52.385 0.396 -0.918 0.006
56.158 44.969 52.112 0.669 -0.719 0.188
57.13 45.38 52.23 0.02 -0.994 0.11
57.163 45.37 51.98 0.036 -0.999 -0.016
56.188 44.959 51.879 0.686 -0.725 0.051
57.542 45.268 51.517 -0.216 -0.931 0.293
57.516 45.241 51.397 -0.232 -0.947 0.222
56.162 44.932 51.759 0.671 -0.741 -0.019
56.152 44.875 51.407 0.678 -0.703 0.215
54.827 45.809 50.066 -0.427 0.075 -0.901
54.578 46.048 50.157 -0.261 -0.085 -0.962
53.592 47.199 49.228 0.397 -0.852 -0.342
55.205 46.12 50.025 -0.112 0.334 -0.936
53.97 47.51 49.186 0.712 -0.593 -0.377
55.03 46.42 50.107 0.005 0.134 -0.991
55.306 46.816 50.237 0.168 0.367 -0.915
54.201 47.842 49.295 0.904 -0.316 -0.287
56.214 47.368 50.213 -0.438 -0 -0.899
56.219 47.384 50.211 -0.435 0.008 -0.9
54.205 47.855 49.293 0.908 -0.305 -0.288
54.988 48.182 47.721 0.385 -0.524 0.76
54.539 47.686 47.431 0.16 -0.772 0.615
53.855 47.468 49.067 0.616 -0.627 -0.476
54.016 47.622 47.668 0.509 -0.73 0.457
54.289 47.344 46.862 0.035 -0.943 0.33
53.784 47.304 47.139 0.372 -0.917 0.146
54.483 47.055 46.376 -0.094 -0.751 0.654
54.346 46.993 46.272 -0.162 -0.782 0.602
53.656 47.246 47.042 0.297 -0.951 0.089
54.152 46.573 45.879 -0.033 -0.502 0.864
55.409 46.843 45.787 0.369 -0.857 0.359
55.141 46.433 45.427 0.548 -0.584 0.598
55.572 46.294 45.078 0.26 -0.492 0.831
54.265 45.562 44.08 -0.394 -0.857 0.332
53.925 45.753 44.499 -0.167 -0.985 0.052
53.977 43.771 43.198 -0.202 0.337 0.92
53.372 44.105 42.634 -0.634 0.575 0.517
53.259 46.121 43.879 -0.559 -0.768 -0.312
53.549 45.958 43.413 -0.752 -0.66 -0.002
55.422 45.383 43.943 0.185 -0.947 0.263
54.955 43.62 43.082 0.497 0.229 0.837
56.02 44.322 42.917 -0.214 -0.239 0.947
56.236 43.968 42.807 -0.059 -0.492 0.868
55.171 43.266 42.972 0.651 -0.025 0.758
55.778 43.393 42.665 0.247 -0.11 0.963
55.393 42.037 41.839 0.033 -0.863 0.504
54.83 42.065 42.241 0.408 -0.882 0.236
55.8 41.636 41.444 -0.238 -0.596 0.767
55.133 41.542 40.684 -0.714 -0.663 0.224
54.164 41.971 41.481 -0.068 -0.949 -0.307
54.64 41.93 40.98 -0.385 -0.923 0.027
54.013 42.466 40.451 -0.733 -0.625 -0.267
53.609 42.444 41.012 -0.464 -0.611 -0.641
52.419 42.757 39.346 0.329 -0.819 0.47
51.853 42.984 39.821 0.046 -0.706 0.707
53.131 42.636 41.414 -0.806 -0.474 -0.355
50.816 42.701 40.23 0.738 -0.517 0.434
50.528 43.21 40.856 0.578 -0.234 0.782
52.877 43.087 41.967 -0.987 -0.152 0.041
51.153 43.612 40.754 0.161 -0.502 0.849
51.213 44.22 40.932 0.204 -0.068 0.977
52.936 43.695 42.145 -0.945 0.282 0.168
52.497 44.661 41.398 -0.652 -0.362 0.666
51.817 42.792 39.601 0.028 -0.802 0.597
50.781 42.518 40.021 0.718 -0.619 0.318
50.714 41.971 39.606 0.763 -0.255 0.594
52.008 42.468 38.884 0.123 -0.963 0.239
50.875 41.698 39 0.878 -0.45 0.161
52.176 42.415 38.683 0.011 -0.928 0.373
51.922 42.497 37.674 -0.201 -0.86 -0.468
50.598 41.786 37.905 0.681 -0.387 -0.622
51.68 42.573 37.587 -0.04 -0.911 -0.41
50.488 43.695 37.033 -0.637 -0.35 -0.687
49.591 42.734 37.436 -0.039 0.29 -0.956
49.108 43.899 37.242 0.283 -0.486 -0.827
47.842 43.52 38.113 -0.62 -0.757 -0.204
48.326 42.355 38.308 -0.942 0.019 -0.334
48.083 42.951 38.553 -0.781 -0.378 -0.498
47.84 43.521 38.116 -0.622 -0.756 -0.202
48.08 42.953 38.557 -0.782 -0.377 -0.496
46.21 43.604 38.344 0.465 -0.812 -0.354
50.497 43.839 36.961 -0.632 -0.278 -0.723
49.115 44.021 37.181 0.289 -0.399 -0.87
49.503 44.84 36.363 0.031 -0.945 -0.325
48.818 45.091 36.262 -0.54 -0.735 -0.409
48.371 44.294 37.071 -0.243 -0.204 -0.948
47.351 44.95 36.594 0.438 -0.641 -0.631
47.048 44.662 36.827 0.185 -0.881 -0.436
48.042 43.982 37.324 -0.478 -0.427 -0.768
47.128 44.541 37.052 0.131 -0.8 -0.586
50.505 43.842 36.952 -0.628 -0.276 -0.728
49.509 44.842 36.356 0.036 -0.943 -0.331
50.484 44.087 36.845 -0.614 -0.439 -0.656
51.345 44.97 36.493 0.104 0.297 -0.949
50.371 45.726 36.005 0.754 -0.207 -0.624
51.613 44.978 36.5 -0.074 0.292 -0.954
51.751 45.32 36.634 -0.005 0.463 -0.887
50.478 45.992 36.109 0.844 0.015 -0.537
52.215 45.764 36.706 -0.314 0.167 -0.935
52.515 44.533 36.56 0.377 0.069 -0.924
52.98 44.976 36.632 0.068 -0.227 -0.972
53.247 44.969 36.628 -0.111 -0.222 -0.969
54.119 45.786 37.021 0.616 0.458 -0.641
54.1 46.026 37.138 0.628 0.298 -0.719
55.247 46.671 37.532 -0.136 -0.132 -0.982
55.032 47.05 37.581 -0.29 0.139 -0.947
53.846 46.475 37.196 0.501 0.523 -0.69
53.995 47.412 37.526 0.402 -0.102 -0.91
52.85 47.648 37.376 -0.171 0.015 -0.985
52.701 46.71 37.045 -0.071 0.64 -0.765
52.439 47.206 37.316 0.104 0.31 -0.945
55.338 47.786 37.866 -0.072 0.665 -0.744
54.357 48.283 37.863 0.582 0.333 -0.742
54.276 48.538 37.881 0.636 0.163 -0.754
53.284 48.855 37.725 -0.19 0.427 -0.884
53.082 48.691 37.662 -0.055 0.537 -0.842
52.771 50.673 37.301 0.152 -0.784 -0.601
52.559 50.645 37.315 -0.025 -0.807 -0.59
52.809 48.656 37.68 -0.191 0.519 -0.833
52.314 50.464 37.502 0.139 -0.686 -0.714
54.184 49.278 38.452 0.56 0.78 -0.278
53.671 51.096 38.028 0.902 -0.432 0.005
54.567 50.231 39.447 0.305 0.145 -0.941
54.68 50.629 39.607 0.372 0.379 -0.847
53.766 51.429 38.162 0.981 -0.154 0.116
54.309 52.233 38.899 0.619 -0.69 -0.375
54.856 50.735 39.753 0.476 0.441 -0.761
54.485 52.338 39.045 0.723 -0.628 -0.289
55.712 51.549 40.098 -0.095 -0.102 -0.99
56.004 52.046 40.16 0.149 0.313 -0.938
54.835 52.932 39.12 0.929 -0.278 -0.245
55.765 53.921 38.998 0.309 -0.937 -0.163
55.141 54.554 38.129 -0.212 -0.41 -0.887
54.089 53.689 38.081 0.49 0.167 -0.856
54.899 55.386 37.185 -0.05 -0.965 -0.258
56.003 54.823 38.183 0.506 -0.185 -0.842
55.835 55.679 37.244 0.618 -0.756 -0.216
56.07 55.079 38.139 0.462 -0.356 -0.813
56.596 55.757 38.387 0.725 -0.017 -0.689
56.28 56.252 37.454 0.936 -0.347 -0.067
57.192 56.554 38.508 0.328 -0.548 -0.769
57.261 57.072 38.275 0.363 -0.289 -0.886
56.339 56.689 37.257 0.978 -0.034 -0.207
57.469 57.241 38.278 0.224 -0.402 -0.888
57.269 57.909 38.159 0.058 0.154 -0.986
56.122 57.414 37.128 0.823 0.484 -0.299
57.004 57.93 38.123 0.234 0.14 -0.962
56.957 58.006 38.125 0.211 0.178 -0.961
56.082 57.479 37.13 0.794 0.53 -0.298
55.87 57.795 36.914 0.935 0.319 -0.154
58.438 57.867 39.469 0.951 0.108 -0.289
58.384 57.86 39.206 0.987 0.113 -0.114
58.694 58.202 39.956 0.781 -0.115 -0.614
58.265 58.995 39.635 0.567 0.281 -0.774
58.051 58.477 38.956 0.709 0.627 -0.322
58.01 58.66 39.148 0.737 0.505 -0.45
58.121 56.538 40.548 0.793 -0.556 0.251
58.377 56.873 41.036 0.622 -0.779 -0.074
58.827 56.19 42.259 0.322 -0.324 -0.89
59.123 56.488 42.33 0.533 -0.111 -0.839
58.726 57.226 41.12 0.797 -0.603 -0.032
58.746 57.199 41.385 0.784 -0.585 -0.209
58.979 57.655 41.574 0.977 -0.205 -0.051
59.025 57.812 41.363 0.947 -0.31 0.089
59.484 57.382 42.649 0.64 -0.023 -0.768
59.198 58.476 43.308 0.401 0.89 -0.218
58.657 59.22 42.211 0.762 0.394 0.514
58.505 59.44 43.642 0.863 0.248 -0.44
59.355 58.312 44.036 0.532 0.752 0.388
58.676 59.26 44.432 0.985 0.12 0.124
59.21 58.61 45.438 0.629 0.553 -0.546
59.082 58.888 45.692 0.523 0.784 -0.335
58.537 59.562 44.708 0.886 0.335 0.321
58.868 59.03 45.618 0.666 0.689 -0.286
58.456 59.411 45.953 0.46 0.88 -0.118
58.19 59.884 44.991 0.638 0.565 0.524
58.255 59.743 46.469 0.594 0.659 -0.461
58.098 59.881 46.487 0.516 0.727 -0.453
58.057 60 45.006 0.543 0.648 0.534
57.987 60.08 46.628 0.589 0.595 -0.547
58.928 59.078 46.353 0.696 0.713 0.082
58.727 59.41 46.868 0.83 0.492 -0.262
59.129 58.925 46.263 0.562 0.815 0.141
59.384 58.296 46.769 0.774 0.291 0.562
59.054 58.601 47.518 0.994 0.087 0.063
59.256 58.268 47.002 0.86 0.309 0.406
58.728 56.96 47.639 0.596 -0.345 0.725
58.527 57.292 48.154 0.73 -0.567 0.381
58.219 56.467 49.255 0.936 -0.017 -0.353
58.244 56.56 49.333 0.954 0.05 -0.297
58.557 57.402 48.247 0.745 -0.512 0.427
58.484 57.459 48.498 0.794 -0.55 0.26
58.14 58.556 49.123 0.508 0.364 0.781
58.115 58.812 49.05 0.524 0.193 0.829
57.826 58.06 50.215 0.717 0.695 0.053
57.268 58.373 50.331 0.252 0.956 0.149
57.398 59.215 49.199 0.166 0.395 0.904
56.343 59.125 50.263 0.869 0.455 0.195
57.086 58.177 50.874 0.1 0.792 0.602
56.145 58.912 50.853 0.728 0.302 0.616
56.252 58.25 51.972 0.656 0.743 -0.13
56.044 58.408 52.089 0.482 0.875 -0.033
55.918 59.084 50.98 0.566 0.425 0.706
55.887 58.515 51.9 0.587 0.804 0.093
55.176 58.828 52.017 0.231 0.961 0.152
55.317 59.349 51.079 0.137 0.614 0.777
54.659 59.046 52.335 0.575 0.816 -0.06
54.442 59.171 52.247 0.466 0.879 -0.104
55.133 59.454 51.005 0.005 0.69 0.724
54.222 59.319 52.28 0.613 0.78 -0.126
55.461 58.45 52.741 0.374 0.772 0.514
54.945 58.668 53.058 0.718 0.627 0.302
55.713 58.358 52.743 0.206 0.834 0.512
55.77 57.873 53.168 0.254 0.429 0.867
55.018 58.044 53.605 0.755 0.315 0.575
55.535 57.827 53.287 0.41 0.46 0.787
55.33 56.863 53.615 0.308 -0.021 0.951
54.814 57.081 53.933 0.652 -0.167 0.739
54.651 55.872 54.876 0.761 0.64 0.11
54.444 56.031 55.055 0.613 0.753 0.238
54.569 57.269 54.144 0.53 -0.072 0.845
54.144 56.315 55.197 0.813 0.564 0.143
54.077 56.391 55.241 0.758 0.627 0.179
54.483 57.367 54.2 0.487 -0.023 0.873
54.292 57.232 54.33 0.615 0.067 0.786
53.416 57.621 54.483 -0.116 0.391 0.913
53.357 57.867 54.396 -0.076 0.227 0.971
53.201 56.78 55.393 0.027 0.952 0.306
52.843 56.753 55.327 -0.271 0.929 0.251
52.896 57.833 54.311 -0.307 0.209 0.929
51.822 57.093 54.831 0.409 0.703 0.582
52.548 56.396 55.72 -0.516 0.632 0.578
51.502 56.705 55.257 0.181 0.426 0.887
51.383 55.923 56.303 0.26 0.947 0.189
51.042 55.965 56.301 -0.024 0.982 0.187
51.132 56.751 55.255 -0.084 0.458 0.885
50.934 56.032 56.065 0.048 0.938 0.345
50.236 56.011 55.824 -0.301 0.927 0.224
50.542 56.733 55.051 -0.505 0.446 0.739
49.598 55.937 55.893 0.125 0.976 0.178
50.354 55.689 56.567 -0.242 0.766 0.596
49.716 55.615 56.636 0.183 0.815 0.55
50.591 55.698 56.691 -0.4 0.76 0.513
50.709 55.124 57.169 -0.302 0.28 0.911
49.867 54.876 57.251 0.259 0.445 0.857
50.506 54.95 57.182 -0.166 0.396 0.903
50.647 53.876 57.347 -0.095 -0.14 0.985
50.009 53.802 57.416 0.33 -0.091 0.939
49.857 52.555 58.052 0.432 0.74 0.516
49.736 52.588 58.092 0.331 0.768 0.549
49.854 53.845 57.467 0.252 -0.07 0.965
49.63 53.717 57.541 0.401 0.015 0.916
48.252 53.724 57.238 -0.748 0.021 0.664
48.081 53.854 57.078 -0.634 -0.066 0.771
46.801 53.541 56.786 0.219 0.142 0.965
48.279 53.502 57.245 -0.725 -0.164 0.669
46.831 53.301 56.793 0.241 -0.029 0.97
47.423 52.281 57.133 -0.154 0.65 0.744
46.315 51.442 56.543 -0.945 0.051 0.323
45.723 52.462 56.204 -0.551 -0.629 0.549
45.414 50.116 56.911 -0.345 0.936 0.078
45.271 50.017 56.534 -0.464 0.854 -0.237
45.568 52.355 55.794 -0.661 -0.705 0.256
45.862 51.767 55.566 -0.858 -0.313 0.408
45.233 49.905 56.314 -0.496 0.76 -0.42
45.815 51.629 55.297 -0.884 -0.389 0.259
45.391 49.921 56.099 -0.602 0.75 -0.276
44.949 49.551 56.222 -0.733 0.465 -0.497
45.026 49.466 55.98 -0.784 0.522 -0.336
44.035 48.767 55.337 -0.123 0.988 0.093
44.673 48.916 57.134 -0.963 -0.064 0.263
43.735 48.077 56.328 -0.338 0.495 0.801
44.671 48.649 57.153 -0.961 0.114 0.251
45.347 46.973 57.241 -0.623 -0.724 0.294
44.306 46.661 56.402 0.07 -0.516 0.854
44.935 46.374 56.364 -0.349 -0.325 0.879
44.168 46.596 53.702 -0.775 -0.201 -0.599
43.628 46.858 54.047 -0.414 -0.376 -0.829
44.466 46.487 53.088 -0.973 -0.128 -0.19
44.71 47.403 52.946 -0.799 0.526 -0.291
43.871 47.774 53.905 -0.241 0.278 -0.93
44.443 47.631 53.543 -0.622 0.374 -0.688
45.57 46.81 57.246 -0.512 -0.806 0.297
45.148 46.218 56.368 -0.231 -0.411 0.882
45.746 46.738 57.435 -0.629 -0.758 0.171
46.597 46.453 57.189 0.08 -0.996 -0.034
46.192 45.867 56.067 0.35 -0.606 0.714
46.664 46.443 56.93 0.035 -0.99 0.139
47.248 46.536 56.536 0.327 -0.943 -0.058
46.75 45.956 55.691 0.659 -0.557 0.505
48.687 46.046 55.745 -0.632 -0.617 0.469
47.56 46.705 56.998 0.483 -0.858 0.173
48.999 46.215 56.207 -0.476 -0.532 0.7
48.638 46.872 57.156 -0.236 -0.969 0.068
49.192 46.887 57.391 0.16 -0.959 0.236
49.654 46.233 56.486 -0.149 -0.523 0.839
50.862 45.773 58.059 -0.954 -0.216 -0.21
51.203 45.368 57.715 -0.669 -0.553 -0.497
50.094 45.713 56.043 0.071 -0.783 0.618
51.626 44.896 56.672 -0.951 -0.238 0.199
51.402 45.067 57.932 -0.503 -0.805 -0.316
51.825 44.594 56.889 -0.785 -0.49 0.38
51.695 43.299 58.375 -0.698 0.374 -0.611
51.787 43.079 58.188 -0.632 0.216 -0.744
51.91 44.391 56.717 -0.714 -0.659 0.237
52.114 43.204 57.837 -0.85 0.133 -0.51
52.503 42.857 57.349 -0.655 -0.04 -0.755
52.213 44.122 56.337 -0.462 -0.883 -0.08
52.775 42.243 56.825 -0.836 0.369 -0.405
53.003 42.227 56.501 -0.646 0.356 -0.675
52.441 44.106 56.013 -0.272 -0.897 -0.35
53.083 43.833 55.506 -0.699 -0.715 -0.011
53.021 43.903 55.393 -0.731 -0.679 -0.067
52.393 44.161 55.926 -0.312 -0.851 -0.422
53.07 43.768 54.897 -0.764 -0.589 0.264
53.138 43.784 55.433 -0.672 -0.739 -0.048
53.169 43.668 54.93 -0.693 -0.661 0.288
53.046 42.189 56.445 -0.611 0.325 -0.722
53.556 41.812 56.132 -0.186 0.01 -0.983
53.723 43.258 54.59 -0.297 -0.954 0.045
54.264 42.1 55.755 -0.657 -0.182 -0.731
54.352 42.074 55.687 -0.613 -0.196 -0.765
53.798 43.235 54.533 -0.244 -0.97 0.004
54.68 41.867 55.367 -0.832 -0.057 -0.552
56.132 42.513 54.891 0.205 0.404 -0.892
55.249 43.881 54.057 0.793 -0.508 -0.336
56.674 44.408 54.284 -0.157 -0.859 -0.487
57.04 42.447 55.609 0.854 0.357 -0.379
57.674 44.336 55.074 0.432 -0.902 -0.022
57.515 43.134 56.297 0.537 -0.101 -0.837
57.759 43.28 56.469 0.659 -0.028 -0.752
57.9 44.472 55.233 0.565 -0.822 0.072
60.129 43.81 55.463 -0.921 -0.381 -0.081
60.427 44.416 54.591 -0.709 0.052 -0.703
58.227 45.139 54.274 0.757 -0.429 -0.492
58.676 45.383 54.531 0.458 -0.592 -0.663
58.666 45.52 54.414 0.453 -0.523 -0.722
58.218 45.267 54.166 0.752 -0.354 -0.556
59.22 45.916 52.415 0.084 -0.787 0.611
58.927 45.763 52.194 -0.063 -0.863 0.5
57.946 45.125 53.96 0.592 -0.438 -0.677
58.4 45.585 52.042 0.288 -0.745 0.602
58.251 45.494 51.985 0.2 -0.798 0.568
57.796 45.034 53.903 0.504 -0.491 -0.711
57.925 45.613 52.483 0.418 -0.877 0.236
57.157 45.397 52.341 0.034 -0.986 0.165
57.082 44.833 53.771 0.084 -0.61 -0.788
56.593 45.283 52.496 0.41 -0.91 0.062
57.828 48.359 49.871 -0.612 0.435 -0.661
57.379 47.998 49.883 -0.312 0.675 -0.669
55.781 49.422 49.778 0.753 -0.274 -0.599
55.665 49.286 49.711 0.684 -0.355 -0.638
57.262 47.862 49.816 -0.381 0.595 -0.708
55.853 49.487 47.748 0.558 -0.488 0.671
57.097 47.788 49.826 -0.28 0.577 -0.767
55.717 49.379 47.8 0.644 -0.488 0.589
55.841 49.375 47.668 0.551 -0.554 0.624
57.25 47.751 49.736 -0.388 0.529 -0.754
55.618 48.838 47.575 0.7 -0.196 0.687
56.88 47.515 49.675 -0.56 0.357 -0.748
55.423 48.454 47.773 0.573 -0.372 0.73
55.037 48.187 47.698 0.41 -0.522 0.748
56.71 47.145 49.851 -0.706 0.173 -0.687
56.268 47.389 50.188 -0.411 0.01 -0.912
56.241 47.322 50.201 -0.424 -0.023 -0.905
56.685 47.083 49.863 -0.72 0.136 -0.68
55.331 46.774 50.225 0.183 0.342 -0.922
55.365 46.561 50.169 0.202 0.217 -0.955
56.719 46.87 49.806 -0.701 0.011 -0.713
55.485 46.238 50.076 0.122 0.433 -0.893
56.152 47.976 50.114 -0.362 -0.384 -0.849
55.156 48.622 48.098 0.302 -0.815 0.495
55.868 49.369 47.639 0.567 -0.557 0.607
55.646 48.832 47.543 0.714 -0.199 0.671
56.397 49.463 47.416 0.214 -0.619 0.756
56.654 49.024 46.755 0.342 -0.838 0.425
55.903 48.394 46.881 0.842 -0.418 0.34
56.096 48.106 46.396 0.713 -0.226 0.664
56.656 49.024 46.752 0.343 -0.839 0.423
56.099 48.105 46.394 0.714 -0.226 0.662
56.58 48.324 46.126 0.394 -0.372 0.841
56.55 47.465 45.37 0.379 -0.802 0.462
56.069 47.246 45.637 0.7 -0.656 0.284
57.715 46.302 44.687 -0.397 -0.026 0.917
57.707 46.291 44.683 -0.402 -0.031 0.915
56.061 47.235 45.633 0.695 -0.661 0.282
56.225 46.687 44.925 0.586 -0.295 0.754
57.631 46.044 44.622 -0.44 -0.155 0.885
56.149 46.439 44.864 0.548 -0.419 0.724
57.534 45.803 44.559 -0.375 0.006 0.927
57.158 45.044 43.884 -0.689 -0.627 0.365
55.665 45.464 43.996 0.307 -0.907 0.29
56.225 44.39 42.962 -0.067 -0.191 0.979
57.718 44.64 43.63 -0.222 -0.963 0.152
56.834 43.952 42.685 0.368 -0.504 0.782
57.867 44.549 43.427 -0.321 -0.902 0.287
57.951 44.499 43.349 -0.279 -0.928 0.248
56.905 43.909 42.619 0.418 -0.534 0.734
57.498 43.963 42.49 0.023 -0.571 0.821
57.445 43.652 42.222 -0.003 -0.727 0.687
56.861 43.646 42.393 0.387 -0.722 0.573
56.483 43.03 42.198 0.639 -0.312 0.703
57.575 43.456 41.973 0.062 -0.824 0.563
56.607 42.843 41.96 0.708 -0.416 0.571
56.874 42.349 41.551 0.53 -0.086 0.844
58.098 43.297 41.409 0.323 -0.904 0.281
57.316 42.215 41.075 0.845 -0.182 0.503
58.334 43.318 41.287 0.165 -0.917 0.362
58.466 43.442 40.239 0.275 -0.814 -0.511
57.459 42.35 39.937 0.947 -0.086 -0.31
58.267 43.457 40.062 0.408 -0.824 -0.393
57.096 44.219 39.09 -0.178 -0.443 -0.879
56.469 42.994 39.116 0.24 0.374 -0.896
55.752 43.967 38.732 0.718 -0.275 -0.64
54.523 43.148 38.949 -0.16 -0.86 -0.485
55.24 42.175 39.333 -0.638 -0.211 -0.741
53.106 42.786 38.23 0.785 -0.619 -0.005
52.926 42.638 38.491 0.636 -0.742 0.212
55.045 42.014 39.616 -0.777 -0.326 -0.538
54.54 42.464 39.774 -0.441 -0.626 -0.643
52.638 42.601 38.83 0.396 -0.774 0.495
54.187 42.418 40.191 -0.637 -0.652 -0.412
52.601 42.707 39.073 0.42 -0.844 0.333
54.633 43.436 38.575 -0.081 -0.654 -0.752
53.206 43.051 37.885 0.87 -0.398 -0.292
53.332 43.286 37.858 0.786 -0.555 -0.274
54.676 43.56 38.474 -0.051 -0.565 -0.823
53.383 43.433 37.74 0.811 -0.481 -0.334
53.847 43.877 37.812 0.502 -0.776 -0.382
53.696 44.113 37.334 0.426 -0.659 -0.62
53.232 43.669 37.262 0.735 -0.363 -0.572
53.804 44.298 37.174 0.354 -0.782 -0.513
54.185 44.291 37.624 0.671 -0.57 -0.475
54.185 44.436 37.4 0.671 -0.667 -0.325
54.961 43.91 38.316 0.153 -0.316 -0.936
55.308 44.532 38.357 0.401 0.129 -0.907
54.504 45.009 37.437 0.937 -0.189 -0.294
55.666 45.827 37.985 0.163 -0.735 -0.659
55.614 44.5 38.537 0.619 0.105 -0.778
55.971 45.794 38.165 0.381 -0.758 -0.53
56.906 44.985 38.788 -0.243 -0.218 -0.945
57.49 45.65 38.831 0.244 0.337 -0.909
56.605 46.518 38.212 0.834 -0.241 -0.497
56.897 46.675 38.497 0.639 -0.346 -0.687
56.08 48.238 38.976 -0.042 0.957 -0.288
55.718 48.216 38.732 0.2 0.972 -0.125
55.094 49.819 39.717 0.615 -0.097 -0.782
55.013 49.824 39.656 0.567 -0.094 -0.818
55.644 48.22 38.676 0.147 0.975 -0.165
54.719 48.798 38.822 0.763 0.59 -0.262
54.684 48.773 38.685 0.746 0.578 -0.331
55.614 48.2 38.56 0.126 0.961 -0.248
54.53 48.919 38.52 0.848 0.481 -0.221
54.655 48.856 38.774 0.731 0.619 -0.286
54.507 48.983 38.59 0.829 0.534 -0.163
54.953 49.878 39.612 0.532 -0.062 -0.844
56.398 48.26 39.324 0.224 0.975 0.002
55.475 49.845 40.134 0.839 -0.082 -0.537
56.938 49.114 40.684 -0.136 0.405 -0.904
56.984 49.255 40.747 -0.113 0.476 -0.872
55.518 49.976 40.193 0.865 -0.005 -0.503
56.265 50.914 40.465 0.366 -0.631 -0.684
57.648 49.646 41.075 0.219 0.671 -0.708
56.781 51.218 40.72 0.797 -0.377 -0.472
57.605 49.86 41.23 0.248 0.528 -0.812
57.821 50.299 42.05 0.428 0.894 -0.129
56.998 51.658 41.54 0.977 -0.011 0.211
56.965 51.681 41.894 0.999 -0.027 -0.025
56.901 52.171 41.797 0.962 0.261 -0.082
56.944 52.067 41.459 0.933 0.33 0.144
57.312 53.084 42.63 0.688 -0.348 -0.637
56.974 53.601 42.27 0.447 0.022 -0.894
56.634 52.543 41.127 0.674 0.727 -0.132
56.574 54.558 40.429 0.714 -0.616 0.333
56.218 54.133 39.439 0.536 -0.828 -0.162
56.357 52.213 40.357 0.444 0.452 -0.774
56.118 54.088 39.195 0.603 -0.798 0.001
57.06 53.748 42.329 0.508 0.126 -0.852
56.675 54.731 40.499 0.765 -0.529 0.368
57.006 55.161 40.758 0.544 -0.816 0.195
57.328 55.586 39.963 0.774 -0.513 -0.372
57.056 55.234 39.559 0.955 -0.278 -0.103
57.652 56.031 39.68 0.558 -0.809 -0.184
57.524 55.796 40.74 0.914 -0.363 0.183
57.884 56.28 40.599 0.674 -0.685 0.276
58.627 55.971 42.302 0.179 -0.48 -0.859
57.216 55.436 40.998 0.694 -0.62 0.367
58.319 55.611 42.56 -0.042 -0.737 -0.675
57.27 54.023 42.569 0.658 0.323 -0.681
57.699 53.742 43.195 0.965 0.122 -0.233
58.748 55.331 43.186 0.265 -0.937 -0.228
58.389 54.483 44.014 0.505 -0.371 -0.779
58.955 54.863 44.699 0.977 -0.054 -0.209
59.363 55.745 43.93 0.704 -0.642 0.304
58.999 55.126 44.726 0.947 -0.229 -0.227
59.081 55.886 45.269 0.987 0.151 0.045
59.432 56.387 44.389 0.753 -0.183 0.632
59.265 56.772 45.702 0.865 -0.439 -0.244
59.365 57.078 45.618 0.915 -0.287 -0.285
59.516 56.645 44.319 0.814 0.002 0.581
59.614 57.071 44.29 0.748 -0.282 0.6
59.458 57.28 42.635 0.618 -0.107 -0.779
59.346 56.873 42.521 0.692 0.164 -0.703
58.952 57.554 41.561 0.955 -0.29 -0.062
59.423 57.306 45.623 0.944 -0.172 -0.283
59.659 57.249 44.294 0.786 -0.134 0.603
59.514 57.547 45.696 0.883 -0.333 -0.331
58.811 55.478 46.219 0.853 -0.053 0.52
58.995 56.364 46.652 0.73 -0.643 0.231
58.685 55.828 46.694 0.936 -0.286 0.203
58.34 55.975 47.391 0.69 -0.181 0.701
58.587 56.539 47.477 0.526 -0.556 0.644
58.1 56.111 49.118 0.851 -0.271 -0.451
57.95 55.401 47.382 0.412 -0.59 0.694
57.71 55.537 49.109 0.572 -0.681 -0.457
57.232 53.843 48.538 0.89 0.448 -0.077
57.238 53.656 49.089 0.895 0.315 0.316
57.716 55.35 49.66 0.576 -0.815 -0.064
57.239 54.332 50.205 0.894 -0.136 -0.427
57.291 54.731 51.066 0.937 0.196 0.29
57.772 55.784 50.595 0.616 -0.505 0.604
57.249 54.992 51.108 0.965 0.022 0.262
56.888 55.637 51.615 0.785 0.345 0.515
57.467 56.329 51.023 0.399 -0.116 0.91
56.629 56.477 52.098 0.958 -0.215 0.193
56.634 56.501 52.099 0.96 -0.203 0.193
57.472 56.349 51.023 0.402 -0.101 0.91
57.458 56.769 51.146 0.411 -0.381 0.828
58.147 57.352 49.986 0.985 0.105 -0.138
58.22 56.983 49.764 0.936 0.351 0.01
58.461 57.848 48.894 0.775 -0.226 0.59
56.649 56.96 52.215 0.968 0.027 0.251
57.47 57.125 51.236 0.421 -0.084 0.903
56.636 57.199 52.334 0.976 -0.133 0.171
56.263 55.023 52.347 0.472 0.038 0.881
56.003 55.862 52.83 0.645 -0.522 0.559
55.844 55.274 52.697 0.751 -0.129 0.647
55.582 55.272 52.932 0.564 -0.131 0.815
55.694 55.861 53.109 0.49 -0.523 0.698
54.958 55.025 54.448 0.98 0.035 -0.195
55.479 54.786 52.811 0.491 -0.478 0.728
54.855 54.538 54.327 0.907 -0.313 -0.282
54.717 54.122 53.916 0.999 -0.036 -0.009
54.615 53.756 54.391 0.949 -0.218 0.228
54.77 54.229 54.728 0.846 -0.534 0.004
54.564 53.164 54.665 0.983 0.176 0.046
54.542 53.159 54.885 0.972 0.174 0.155
54.752 54.225 54.913 0.833 -0.537 0.137
54.574 52.961 55.061 0.951 0.306 0.038
54.221 53.073 55.783 0.657 0.399 0.639
54.368 54.346 55.697 0.559 -0.45 0.697
54.088 53.303 55.813 0.746 0.246 0.62
53.152 53.699 56.278 0.277 0.444 0.852
53.577 54.681 56.091 -0.006 -0.211 0.978
52.398 54.276 56.622 0.78 0.059 0.623
52.312 54.592 56.656 0.737 0.218 0.64
53.504 54.948 56.119 -0.058 -0.02 0.998
53.279 55.318 56.177 0.092 -0.266 0.959
52.147 54.864 56.712 0.655 0.354 0.668
53.151 55.53 56.221 -0.014 -0.09 0.996
51.986 55.057 56.804 0.762 0.225 0.607
52.709 52.948 56.566 0.056 0.068 0.996
51.955 53.525 56.91 0.558 -0.316 0.767
52.124 52.95 56.721 0.445 0.067 0.893
51.852 52.819 56.826 0.25 -0.027 0.968
51.632 53.369 57.034 0.397 -0.394 0.829
51.079 51.944 57.792 0.766 0.556 0.324
50.319 52.328 58.055 0.223 0.83 0.511
50.733 53.823 57.345 -0.053 -0.167 0.985
49.923 52.514 58.05 0.487 0.706 0.514
49.404 51.007 58.592 -0.431 -0.114 0.895
49.081 51.298 58.545 -0.215 -0.308 0.927
48.14 50.158 58.749 0.412 0.452 0.791
47.392 50.69 58.27 -0.212 0.895 0.392
48.333 51.83 58.066 -0.839 0.136 0.528
47.366 51.691 57.427 -0.194 0.228 0.954
47.47 52.244 57.172 -0.12 0.624 0.772
48.429 52.339 57.832 -0.759 0.56 0.333
48.323 53.468 57.282 -0.688 -0.192 0.7
47.081 50.603 58.181 -0.471 0.823 0.319
47.028 51.596 57.331 -0.436 0.161 0.886
47.012 50.688 57.937 -0.425 0.766 0.482
46.457 50.467 57.524 -0.702 0.656 0.276
46.559 51.41 56.983 -0.77 0.028 0.637
45.914 50.153 57.387 -0.34 0.866 0.367
45.824 50.162 57.267 -0.385 0.87 0.307
46.483 51.418 56.881 -0.825 0.033 0.564
45.569 50.093 57.222 -0.216 0.917 0.337
46.532 50.059 58.162 -0.665 0.452 0.594
45.988 49.745 58.024 -0.303 0.661 0.686
46.707 50.114 58.357 -0.782 0.415 0.465
46.968 49.479 58.779 -0.565 -0.114 0.817
46.323 48.928 58.568 -0.135 0.253 0.958
46.867 49.242 58.706 -0.498 0.043 0.866
47.967 47.567 58.184 0.053 -0.794 0.605
47.424 47.252 58.046 0.415 -0.585 0.697
48.523 47.334 58.041 -0.318 -0.639 0.7
48.684 48.468 58.662 0.411 -0.343 0.844
49.129 48.096 58.445 0.115 -0.095 0.989
49.669 48.35 58.529 -0.245 -0.264 0.933
49.922 47.74 58.291 -0.119 -0.569 0.814
49.342 47.581 58.244 0.267 -0.463 0.845
51 46.412 58.845 -0.838 0.316 0.445
49.96 47.785 58.327 -0.1 -0.547 0.831
51.03 46.447 58.872 -0.814 0.345 0.468
51.196 46.693 59.07 -0.924 0.181 0.336
51.646 45.527 59.444 -0.659 -0.505 0.557
51.407 45.471 59.186 -0.499 -0.468 0.729
52.149 44.785 60.439 -0.994 -0.011 -0.106
52.155 44.727 60.404 -0.989 -0.059 -0.136
51.413 45.413 59.151 -0.494 -0.516 0.7
51.706 43.675 59.698 -0.69 0.642 0.334
52.176 44.538 60.679 -0.972 -0.217 0.094
51.729 43.47 59.997 -0.674 0.496 0.548
52.216 44.295 60.783 -0.998 -0.054 0.025
52.222 44.236 60.84 -0.995 -0.084 0.053
51.734 43.42 60.046 -0.67 0.46 0.583
51.906 43.939 61.833 -0.785 0.115 -0.609
51.909 43.18 62.053 -0.783 -0.427 -0.452
51.736 42.662 60.265 -0.668 -0.081 0.739
52.172 42.91 61.589 -0.959 -0.247 -0.143
52.819 41.909 61.479 -0.635 -0.747 -0.198
52.283 41.817 60.173 -0.278 -0.685 0.673
53.01 41.73 61.423 -0.762 -0.627 -0.161
53.286 41.533 61.254 -0.531 -0.792 -0.302
52.584 41.603 59.989 -0.063 -0.838 0.542
53.057 41.457 59.969 -0.378 -0.741 0.555
52.523 41.497 58.349 -0.645 -0.72 -0.255
52.133 41.637 58.62 -0.385 -0.814 -0.436
52.791 41.185 57.603 -0.824 -0.512 0.243
52.586 41.726 57.209 -0.994 -0.062 -0.085
51.91 42.224 58.193 -0.544 -0.394 -0.741
52.259 42.192 57.843 -0.777 -0.373 -0.507
53.299 41.013 58.688 -0.257 -0.963 -0.085
53.394 40.808 57.866 -0.321 -0.826 0.463
53.569 40.861 58.173 -0.437 -0.861 0.258
54.354 40.651 57.443 0.024 -0.985 -0.171
54.051 40.632 57.256 0.226 -0.973 -0.046
54.9 40.584 57.2 -0.34 -0.941 -0.009
54.761 40.844 56.378 -0.409 -0.81 -0.419
53.943 40.835 56.617 0.136 -0.804 -0.578
55.025 40.828 55.951 -0.585 -0.8 -0.134
54.66 41.741 55.422 -0.846 -0.147 -0.512
53.607 41.676 56.13 -0.144 -0.104 -0.984
54.329 41.925 55.752 -0.625 -0.27 -0.732
57.376 42.025 56.456 0.898 -0.22 -0.38
57.234 41.826 56.017 0.992 -0.087 -0.087
57.745 42.398 56.78 0.652 -0.468 -0.596
55.888 41.396 58.879 0.154 -0.534 0.831
56.257 41.769 59.203 -0.092 -0.783 0.615
56.057 42.025 59.678 0.041 -0.953 0.299
57.267 42.622 59.865 0.646 -0.655 0.392
57.467 42.367 59.39 0.513 -0.484 0.709
59.186 42.799 60.523 -0.633 -0.773 -0.047
59.978 43.297 59.319 -0.067 -0.417 -0.906
58.405 42.956 57.965 0.982 -0.189 -0.004
58.454 43.123 57.812 0.949 -0.3 0.098
58.256 43.003 57.122 0.783 -0.4 -0.477
58.149 42.803 57.078 0.854 -0.266 -0.447
60.459 43.407 55.977 -0.686 -0.669 0.287
58.495 43.258 57.689 0.982 -0.187 -0.004
60.719 43.684 56.593 -0.5 -0.471 0.727
60.94 44.001 57.176 -0.648 -0.682 0.338
63.038 44.651 55.139 0.517 -0.321 -0.793
62.575 44.259 54.79 0.826 -0.06 -0.561
63.565 45.094 55.103 0.165 -0.617 -0.77
63.134 45.713 54.817 -0.143 -0.174 -0.974
62.143 44.878 54.504 0.517 0.382 -0.766
62.136 46.724 53.217 0.522 -0.848 0.092
61.3 46.567 52.972 -0.174 -0.978 -0.113
61.235 44.708 54.237 -0.131 0.261 -0.956
60.187 46.124 52.113 0.568 -0.683 0.46
60.704 45.294 54.252 -0.323 -0.262 -0.909
60.029 46.191 53.002 0.212 -0.974 0.082
59.339 45.968 52.459 0.144 -0.761 0.633
60.519 44.577 54.529 -0.643 0.167 -0.748
58.786 45.572 54.458 0.513 -0.497 -0.7
61.602 46.672 52.57 0.078 -0.891 -0.447
60.576 46.259 51.596 0.762 -0.616 0.202
62.129 45.758 50.519 -0.274 -0.282 0.92
61.381 46.662 48.583 -0.808 0.363 -0.463
59.69 47.328 49.304 0.319 -0.081 -0.944
61.533 47.345 48.495 -0.91 -0.092 -0.405
61.607 48.199 48.658 -0.869 0.383 -0.314
59.767 48.223 49.475 0.358 0.366 -0.859
61.343 49.184 49.187 -0.693 -0.274 -0.667
60.989 49.871 49.543 -0.87 0.069 -0.489
59.413 48.909 49.831 0.181 0.71 -0.681
60.143 49.97 50.238 -0.305 0.003 -0.952
59.447 50.309 50.809 -0.802 0.245 -0.544
58.59 49.311 50.507 -0.231 0.911 -0.343
56.976 50.846 50.777 0.845 -0.113 -0.523
56.876 50.766 50.659 0.762 -0.18 -0.622
58.462 49.207 50.354 -0.295 0.859 -0.419
56.751 50.634 50.514 0.845 -0.093 -0.526
56.275 50.105 50.148 0.608 -0.357 -0.709
57.986 48.678 49.988 -0.533 0.594 -0.603
55.928 49.719 49.886 0.839 -0.1 -0.535
56.257 50.145 50.113 0.598 -0.337 -0.727
55.911 49.756 49.853 0.829 -0.078 -0.554
56.647 50.094 47.687 0.338 -0.303 0.891
56.415 49.642 47.542 0.223 -0.53 0.818
55.696 49.335 49.719 0.702 -0.326 -0.633
55.884 49.536 47.756 0.577 -0.459 0.676
56.452 50.794 50.13 0.696 -0.013 -0.718
56.842 50.743 47.704 0.436 0.021 0.9
56.715 52.037 48.843 0.521 -0.842 0.141
57.223 52.791 48.148 0.884 -0.303 -0.356
57.444 51.636 46.881 0.737 0.468 0.488
57.36 51.848 46.842 0.793 0.327 0.514
57.462 52.027 46.28 0.878 0.476 0.046
57.576 51.866 46.158 0.803 0.583 0.127
58.062 53.959 45.847 0.478 -0.812 0.334
58.117 53.908 45.595 0.506 -0.837 0.208
57.63 51.816 45.906 0.83 0.558 0.001
58.269 53.917 45.375 0.405 -0.843 0.355
58.214 53.815 44.824 0.36 -0.927 -0.104
57.561 51.686 45.198 0.795 0.492 -0.354
57.51 53.017 44.075 0.829 -0.395 0.395
57.51 53.013 44.069 0.83 -0.399 0.391
57.561 51.68 45.191 0.796 0.49 -0.357
57.694 51.356 44.73 0.707 0.706 -0.049
57.926 49.76 45.637 0.843 -0.233 0.485
57.81 49.964 46.167 0.92 -0.369 0.131
58.816 48.64 45.133 0.25 0.514 0.821
58.372 48.083 45.338 -0.121 0.05 0.991
57.239 49.248 46.431 0.635 -0.727 0.263
57.163 48.548 45.805 0.686 -0.26 0.68
58.152 47.552 45.19 -0.304 -0.393 0.868
56.88 47.865 45.614 0.544 -0.602 0.585
58.035 47.337 45.079 -0.226 -0.25 0.942
57.779 46.993 44.866 -0.354 -0.422 0.835
56.624 47.521 45.401 0.416 -0.774 0.478
57.789 46.358 44.719 -0.36 0.002 0.933
58.942 46.992 44.951 0.228 -0.423 0.877
58.952 46.356 44.804 0.221 0.001 0.975
59.727 46.058 44.865 -0.296 0.2 0.934
59.774 44.679 43.955 -0.257 -0.95 0.176
59.012 44.582 43.633 0.251 -0.886 0.39
59.618 44.58 43.558 -0.153 -0.885 0.44
59.605 44.438 42.896 -0.163 -0.986 -0.033
58.997 44.414 42.849 0.243 -0.97 -0.002
58.543 43.879 41.99 0.546 -0.613 0.571
59.714 44.434 42.774 -0.085 -0.989 -0.12
58.672 43.874 41.845 0.61 -0.616 0.499
58.781 43.766 41.626 0.537 -0.544 0.644
60.311 45.024 41.894 0.342 -0.568 -0.749
59.33 44.309 40.816 0.995 -0.092 -0.031
59.378 44.572 40.804 0.964 -0.267 -0.022
60.35 45.243 41.775 0.369 -0.412 -0.833
59.424 44.831 40.664 0.986 -0.137 -0.092
59.663 45.377 40.908 0.827 -0.501 -0.255
59.545 45.68 40.346 0.768 -0.35 -0.536
59.306 45.134 40.101 0.928 0.014 -0.373
59.63 45.921 40.265 0.712 -0.511 -0.482
59.11 46.402 39.699 0.278 -0.11 -0.954
58.637 45.752 39.374 0.593 0.323 -0.737
58.877 46.298 39.618 0.434 -0.041 -0.9
58.265 46.64 39.452 0.128 0.13 -0.983
58.026 46.094 39.207 0.288 0.494 -0.82
57.165 46.977 38.724 0.862 -0.094 -0.498
57.026 46.779 38.586 0.747 -0.259 -0.613
57.848 45.839 39.03 0.199 0.367 -0.909
57.619 45.754 38.92 0.351 0.423 -0.835
57.023 44.624 38.911 -0.146 -0.518 -0.843
57.082 44.386 39.019 -0.185 -0.359 -0.915
55.74 44.108 38.671 0.709 -0.174 -0.683
57.99 47.908 40.128 -0.01 0.764 -0.645
56.95 47.963 39.25 0.684 0.727 -0.06
57.647 48.733 40.588 0.219 0.214 -0.952
58.727 48.006 40.501 0.359 0.813 -0.459
58.384 48.83 40.961 0.587 0.263 -0.765
59.435 48.838 41.252 -0.113 0.258 -0.959
59.355 49.616 41.818 -0.171 0.814 -0.555
58.289 49.751 41.631 0.539 0.724 -0.43
58.103 49.942 41.663 0.663 0.597 -0.452
59.307 49.845 42.539 -0.205 0.978 -0.04
58.059 50.153 42.326 0.627 0.773 0.101
58.233 50.023 42.484 0.511 0.859 -0.004
58.041 50.111 42.703 0.415 0.904 0.105
57.91 50.222 42.496 0.502 0.83 0.243
57.646 50.852 43.776 0.678 0.41 -0.61
57.491 50.953 43.692 0.587 0.469 -0.66
57.781 50.306 42.426 0.395 0.9 0.184
56.916 51.69 42.343 0.971 -0.022 0.239
57.491 50.955 43.693 0.587 0.47 -0.659
56.916 51.692 42.345 0.971 -0.021 0.24
57.326 52.649 43.127 0.698 -0.659 -0.282
58.182 50.021 42.818 0.486 0.858 0.163
57.778 50.768 43.884 0.756 0.36 -0.547
58.73 49.821 43.12 0.121 0.992 -0.038
59.065 48.991 44.724 0.289 0.577 0.764
58.09 49.997 45.374 0.939 -0.093 0.33
58.953 48.838 44.913 0.364 0.679 0.637
58.222 50.011 42.74 0.506 0.854 0.124
58.77 49.811 43.041 0.141 0.987 -0.077
59.298 49.835 42.754 -0.211 0.971 0.114
60.597 48.345 43.563 0.717 -0.094 0.691
60.307 48.047 43.998 0.91 0.105 0.401
60.835 48.036 43.366 0.558 0.112 0.822
60.844 47.86 43.369 0.565 -0.034 0.825
60.318 47.821 44.001 0.915 -0.008 0.403
60.797 46.703 44.127 0.596 0.737 0.319
61.209 47.45 42.765 0.869 -0.376 0.322
61.162 46.293 43.524 0.9 0.395 -0.184
61.126 46.334 43.09 0.924 0.368 0.106
60.74 47.206 41.587 0.478 -0.579 -0.66
60.617 46.069 41.81 0.56 0.179 -0.809
59.968 46.447 40.734 0.993 -0.073 -0.092
59.888 46.12 40.663 0.927 -0.345 -0.151
60.53 45.715 41.733 0.498 -0.074 -0.864
59.877 45.936 40.857 0.934 -0.222 -0.28
60.181 48.192 41.215 0.012 0.243 -0.97
59.408 47.433 40.362 0.527 0.749 -0.402
59.886 48.515 41.226 0.209 0.028 -0.978
59.873 48.523 41.224 0.199 0.033 -0.979
59.396 47.44 40.36 0.517 0.755 -0.403
59.244 47.633 40.468 0.618 0.627 -0.475
57.311 52.139 46.622 0.753 0.569 0.331
57.868 54.103 46.287 0.381 -0.74 0.554
57.17 53.108 47.909 0.847 -0.077 -0.527
57.271 53.663 48.32 0.918 0.32 -0.233
57.987 54.76 46.775 0.441 -0.412 0.798
57.989 55.221 47.164 0.439 -0.719 0.538
56.658 51.018 50.38 0.799 0.099 -0.593
56.889 52.226 49.054 0.645 -0.706 0.291
56.804 51.064 50.554 0.702 0.068 -0.709
56.876 51.672 51.046 0.762 0.575 -0.299
56.967 52.886 49.589 0.701 -0.235 0.673
56.99 53.624 50.665 0.686 -0.726 -0.044
56.854 51.771 51.548 0.744 0.658 0.119
56.968 53.724 51.166 0.668 -0.644 0.374
56.723 51.927 51.658 0.831 0.554 0.046
56.454 52.124 52.162 0.697 0.652 0.298
56.759 53.877 51.558 0.494 -0.516 0.7
56.565 53.893 51.741 0.623 -0.527 0.578
56.299 52.179 52.352 0.619 0.68 0.393
56.41 53.948 51.931 0.545 -0.499 0.673
55.957 52.426 52.748 0.847 0.516 0.129
55.417 52.819 53.213 0.529 0.747 0.402
55.828 54.371 52.431 0.255 -0.288 0.923
55.477 54.723 52.769 0.489 -0.523 0.698
55.415 52.819 53.214 0.528 0.747 0.403
55.475 54.724 52.77 0.488 -0.522 0.699
54.712 54.049 53.868 0.997 -0.072 -0.033
55.33 52.527 53.657 0.478 0.575 0.663
54.621 53.734 54.344 0.951 -0.229 0.205
54.569 53.142 54.619 0.986 0.165 0.022
55.344 52.387 53.755 0.486 0.493 0.721
54.583 52.992 54.725 0.993 0.09 0.075
54.606 52.831 54.937 0.978 0.197 -0.066
55.326 51.767 54.008 0.476 0.128 0.87
54.591 52.312 55.148 0.966 -0.235 0.11
56.02 50.573 54.74 0.013 0.924 0.382
55.784 50.293 55.2 -0.106 0.784 0.612
54.407 52.094 55.505 0.812 -0.417 0.408
55.598 50.207 55.307 0.018 0.841 0.54
55.27 49.977 55.518 -0.255 0.65 0.716
54.078 51.865 55.716 0.539 -0.608 0.583
53.792 49.994 56.226 0.73 0.639 0.243
53.535 50.107 56.485 0.546 0.72 0.429
53.842 51.969 55.955 0.341 -0.521 0.782
53.601 51.883 56.033 0.502 -0.464 0.73
52.821 50.177 56.777 0.036 0.77 0.637
52.756 51.966 56.379 0.08 -0.423 0.903
51.392 51.246 57.529 0.989 0.057 0.136
51.303 51.592 57.652 0.926 0.304 0.224
52.651 52.376 56.525 0.027 -0.218 0.976
52.076 52.467 56.686 0.411 -0.279 0.868
52.726 49.843 57.07 -0.032 0.531 0.847
51.296 50.912 57.822 0.921 -0.181 0.345
51.598 49.885 57.622 0.719 0.503 0.479
51.559 49.858 57.704 0.7 0.49 0.52
51.263 50.889 57.892 0.897 -0.198 0.395
51.61 49.656 57.872 0.665 0.625 0.409
51 49.449 58.435 0.157 0.452 0.878
50.6 50.664 58.504 0.424 -0.358 0.832
50.774 49.592 58.428 0.307 0.357 0.882
49.808 49.496 58.533 -0.176 0.309 0.935
49.783 50.584 58.592 -0.16 -0.416 0.895
48.823 49.615 58.666 0.481 0.23 0.846
48.438 50.023 58.68 0.288 0.434 0.854
49.458 50.929 58.605 -0.392 -0.17 0.904
48.19 50.086 58.76 0.453 0.392 0.801
50.882 48.756 58.569 0.058 -0.125 0.99
50.622 48.701 58.602 0.231 -0.089 0.969
52.023 47.605 59.594 -0.703 0.642 0.307
51.958 47.524 59.599 -0.757 0.574 0.311
50.538 48.597 58.608 0.189 -0.141 0.972
51.734 47.449 59.331 -0.608 0.625 0.49
52.135 46.598 60.147 -0.609 -0.198 0.768
51.946 46.341 59.986 -0.483 -0.027 0.875
52.4 45.466 60.892 -0.785 0.557 0.271
52.328 46.74 60.294 -0.448 -0.08 0.891
52.593 45.608 61.039 -0.624 0.675 0.393
52.752 45.67 61.245 -0.73 0.634 0.256
52.564 45.32 61.398 -0.824 0.459 0.332
52.447 45.336 61.158 -0.746 0.448 0.492
52.195 44.855 62.305 -0.578 0.769 -0.272
51.903 44.023 61.858 -0.787 0.175 -0.591
52.178 44.57 60.747 -0.97 -0.19 0.15
52.218 44.336 60.869 -0.997 -0.034 0.068
53.292 45.683 61.964 -0.46 0.64 0.616
52.811 45.161 62.783 -0.139 0.988 0.07
53.926 45.967 62.684 -0.882 0.451 0.136
53.998 45.9 63.075 -0.846 0.417 0.331
52.872 45.104 63.114 -0.095 0.947 0.306
53.029 45.057 63.519 -0.201 0.979 0.036
52.947 42.787 63.845 -0.269 -0.913 0.308
52.782 42.639 63.469 -0.159 -0.814 0.559
53.205 42.269 63.264 -0.442 -0.567 0.695
53.042 42.781 63.896 -0.19 -0.917 0.35
53.327 42.261 63.329 -0.381 -0.571 0.727
54.135 41.948 64.188 -0.919 -0.362 0.155
55.149 41.371 63.364 -0.074 -0.843 -0.532
54.631 41.519 62.269 0.271 -0.942 0.198
55.203 41.596 62.572 -0.111 -0.994 -0.004
55.752 41.976 61.437 0.163 -0.804 -0.572
55.179 41.898 61.134 0.545 -0.752 -0.37
55.987 42.125 59.937 0.006 -0.904 0.428
55.968 42.118 59.922 -0.004 -0.907 0.421
55.159 41.891 61.12 0.535 -0.756 -0.377
55.041 41.692 59.827 0.614 -0.623 0.485
54.633 41.443 59.903 0.41 -0.748 0.522
54.751 41.642 61.195 0.331 -0.88 -0.339
54.513 41.522 61.203 0.49 -0.801 -0.344
56.035 42.026 59.682 0.03 -0.953 0.301
55.108 41.6 59.587 0.648 -0.669 0.364
55.865 41.397 58.884 0.143 -0.534 0.833
55.393 40.947 58.505 -0.093 -0.759 0.644
54.636 41.149 59.209 0.412 -0.894 0.175
54.813 40.988 58.657 0.294 -0.787 0.543
55.981 42.011 61.476 0.278 -0.786 -0.552
56.217 42.161 59.976 0.121 -0.886 0.448
56.244 42.046 61.516 0.103 -0.81 -0.578
56.997 42.466 61.603 0.731 -0.46 -0.505
57.185 42.701 60.089 0.605 -0.616 0.505
59.117 42.865 60.713 -0.682 -0.726 0.089
57.156 42.456 61.986 0.864 -0.469 -0.186
59.29 42.853 61.129 -0.559 -0.734 0.386
58.936 43.17 61.629 -0.323 -0.945 0.053
60.432 43.468 62.194 0.508 -0.779 0.367
60.614 43.117 61.629 0.387 -0.545 0.744
60.601 43.674 62.84 0.395 -0.916 -0.064
61.22 44.281 62.567 0.837 -0.483 -0.259
61.232 43.725 61.356 0.829 -0.112 0.549
61.13 44.155 61.886 0.896 -0.398 0.196
61.279 44.921 61.171 0.979 0.028 -0.202
61.364 44.403 60.723 0.923 0.373 0.097
62.215 45.837 59.773 0.356 -0.583 0.731
62.233 45.468 59.21 0.37 -0.891 0.262
61.383 44.002 60.113 0.937 0.086 -0.339
62.479 44.63 58.223 0.206 -0.333 0.92
60.945 44.035 57.247 -0.646 -0.664 0.378
60.026 43.475 59.249 -0.033 -0.29 -0.956
58.498 43.286 57.748 0.985 -0.164 0.045
59.11 44.137 57.272 0.576 -0.753 0.318
59.681 44.345 57.138 0.195 -0.892 0.408
62.826 45.948 59.022 0.865 -0.491 0.105
63.207 45.22 57.992 0.611 -0.005 0.792
62.918 46.008 58.778 0.804 -0.531 0.268
63.111 46.27 58.582 0.9 -0.401 0.17
63.391 45.469 57.805 0.713 0.133 0.688
63.878 45.818 57.463 0.389 -0.099 0.916
63.104 47.804 57.747 0.897 0.366 -0.248
63.872 47.114 56.757 0.385 0.826 0.412
63.022 48.058 57.732 0.951 0.197 -0.238
62.891 48.196 57.487 0.841 0.312 -0.442
63.729 47.264 56.492 0.282 0.933 0.222
63.891 49.168 55.436 0.175 -0.336 0.925
64.08 48.464 54.099 0.333 -0.924 -0.19
63.935 46.498 55.038 0.43 0.387 -0.816
63.633 48.19 53.471 0.631 -0.741 0.229
63.452 48.019 53.325 0.541 -0.827 0.156
63.783 46.354 54.916 0.32 0.283 -0.904
62.998 47.581 53.483 0.844 -0.535 0.051
62.551 47.082 53.326 0.62 -0.784 -0.027
63.405 45.932 54.783 0.051 -0.018 -0.999
62.386 46.925 53.186 0.731 -0.68 0.066
62.608 47.273 52.729 0.648 -0.688 -0.325
62.43 47.074 52.722 0.767 -0.556 -0.321
63.394 46.818 50.869 0.124 -0.385 0.915
63.124 46.587 50.768 -0.026 -0.513 0.858
62.21 46.886 52.639 0.584 -0.712 -0.39
62.789 45.991 50.595 0.198 -0.116 0.973
64.153 46.081 49.706 0.545 -0.794 0.268
63.699 45.543 49.655 0.848 -0.436 0.302
64.807 46.314 49.669 0.109 -0.95 0.293
64.827 46.3 48.906 0.123 -0.96 -0.251
63.718 45.529 48.893 0.862 -0.446 -0.242
64.174 46.064 48.845 0.557 -0.803 -0.21
64.614 48.777 48.436 -0.029 0.809 -0.587
63.934 48.863 48.314 0.424 0.752 -0.505
63.781 49.88 48.827 0.526 0.074 -0.847
62.68 49.838 48.524 -0.024 0.052 -0.998
62.883 48.822 48.025 -0.16 0.729 -0.666
62.51 50.044 48.515 0.09 -0.086 -0.992
61.912 49.845 48.653 -0.408 -0.252 -0.878
62.151 48.578 48.194 -0.567 0.593 -0.572
61.912 49.581 48.701 -0.408 -0.076 -0.91
65.233 48.915 49.152 0.413 0.908 -0.076
64.513 50.044 49.674 0.892 0.155 -0.424
64.639 50.098 49.903 0.808 0.119 -0.577
64.395 50.704 51.188 0.605 0.624 0.494
64.199 50.823 51.326 0.736 0.545 0.403
64.424 50.784 52.793 0.586 0.571 -0.575
64.315 50.901 52.814 0.508 0.655 -0.56
64.07 50.962 51.352 0.671 0.614 0.415
63.749 51.194 51.859 0.885 0.46 0.077
63.191 51.794 51.233 0.606 0.759 -0.237
63.512 51.561 50.725 0.392 0.914 0.102
63.036 51.983 51.341 0.71 0.633 -0.308
62.514 52.098 50.959 0.275 0.729 -0.627
62.842 51.709 50.234 0.057 0.988 -0.144
62.521 51.941 50.742 0.271 0.833 -0.482
60.805 50.806 50.176 -0.587 0.265 -0.765
61.126 50.574 49.669 -0.801 0.42 -0.426
60.258 50.564 50.344 -0.223 0.427 -0.876
60.478 51.594 51.787 -0.751 0.659 0.04
59.982 51.229 51.704 -0.42 0.902 0.095
59.67 51.164 52.213 -0.212 0.946 -0.244
59.17 50.777 51.764 -0.463 0.753 -0.468
59.559 50.903 51.325 -0.722 0.669 -0.176
57.079 51.393 51.253 0.931 0.342 -0.127
59.004 50.935 52.503 -0.546 0.832 -0.099
56.95 51.516 51.827 0.823 0.445 0.352
56.846 51.599 52.017 0.893 0.39 0.225
58.904 50.87 52.856 -0.595 0.8 0.078
56.746 51.534 52.37 0.843 0.357 0.402
57.656 50.659 53.336 0.237 0.941 -0.242
57.326 50.757 53.747 0.043 0.999 -0
56.392 51.641 52.812 0.666 0.41 0.623
56.043 51.925 53.176 0.898 0.221 0.381
56.986 50.648 54.289 -0.158 0.935 0.318
55.703 51.815 53.718 0.697 0.157 0.699
56.426 50.625 54.428 0.215 0.95 0.226
57.317 49.996 55.165 0.037 0.551 0.833
56.782 49.924 55.37 0.394 0.6 0.697
57.553 49.52 57.134 -0.12 0.869 -0.479
57.096 49.492 57.328 -0.349 0.855 -0.383
56.325 49.896 55.563 0.165 0.586 0.794
56.958 49.561 57.546 -0.257 0.809 -0.528
56.692 49.485 57.624 -0.479 0.746 -0.463
55.983 49.799 55.663 -0.006 0.537 0.844
55.753 49.822 55.668 0.147 0.521 0.841
56.342 49.221 57.746 -0.77 0.526 -0.361
55.403 49.558 55.79 -0.144 0.301 0.943
53.938 49.539 56.522 0.833 0.314 0.455
54.302 48.926 56.667 0.546 0.707 0.45
55.931 48.741 57.498 -0.546 0.831 -0.108
56.279 49.195 57.865 -0.823 0.504 -0.262
53.868 49.51 56.651 0.784 0.294 0.547
55.006 48.468 57.694 0.026 0.989 -0.148
54.229 48.278 58.306 -0.431 0.877 0.212
53.163 49.338 57.208 0.28 0.17 0.945
53.676 48.155 58.21 -0.062 0.959 0.277
53.507 48.122 58.255 -0.146 0.943 0.3
53.02 49.31 57.246 0.178 0.151 0.972
53.044 48.06 58.608 0.163 0.985 0.065
52.92 48.075 58.623 0.09 0.993 0.074
52.908 49.324 57.26 0.098 0.16 0.982
51.809 49.199 57.982 0.83 0.244 0.501
51.653 49.633 57.834 0.701 0.605 0.378
52.739 49.795 57.099 -0.023 0.497 0.867
51.614 49.828 57.656 0.727 0.475 0.496
52.789 48.057 58.811 0.013 0.983 0.184
51.699 49.184 58.14 0.739 0.231 0.632
52.84 48.033 59.164 -0.021 0.998 -0.051
53.182 48.009 58.787 0.244 0.955 0.17
53.17 47.993 59.144 0.253 0.965 -0.068
53.657 48.068 58.448 -0.072 0.915 0.396
53.657 48.068 58.449 -0.071 0.915 0.396
53.17 47.993 59.144 0.254 0.965 -0.067
54.212 48.197 58.529 -0.441 0.829 0.343
54.766 47.533 59.46 -0.116 0.439 0.891
53.633 47.438 59.923 0.639 0.503 0.582
54.894 46.731 60.952 -0.201 0.974 -0.104
54.496 46.571 61.318 -0.485 0.86 0.158
53.267 47.291 60.26 0.334 0.38 0.863
54.592 46.663 61.922 -0.549 0.799 -0.245
54.42 46.558 62.016 -0.636 0.746 -0.198
53.133 47.209 60.333 0.222 0.312 0.924
53.786 46.274 61.296 -0.213 0.936 0.282
54.998 46.754 61.162 -0.126 0.991 0.047
55.187 46.88 61.738 -0.252 0.907 -0.337
56.246 48.126 60.82 -0.958 0.076 0.275
56.576 48.281 61.367 -0.723 0.186 0.666
55.577 47.063 62.386 -0.057 0.998 -0.014
56.197 47.237 62.418 -0.47 0.882 -0.035
56.248 46.821 63.669 -0.444 0.674 0.59
55.629 46.647 63.636 -0.031 0.79 0.612
55.411 46.566 63.769 0.114 0.845 0.523
54.202 45.983 63.467 -0.893 0.359 0.27
54.075 45.898 63.247 -0.808 0.416 0.417
53.089 45.055 63.652 -0.151 0.978 0.147
54.795 45.425 64.235 -0.399 -0.106 0.911
53.682 44.497 64.42 0.343 0.513 0.787
54.813 44.201 64.743 -0.411 0.71 0.572
54.377 42.923 64.869 -0.722 -0.203 0.662
53.281 43.32 64.536 0.009 -0.468 0.884
54.374 42.487 64.829 -0.72 0.087 0.689
56.568 42.469 64.096 0.843 -0.527 0.11
56.391 42.069 64.117 0.96 -0.261 0.096
56.8 42.495 63.54 0.688 -0.545 0.48
56.742 43.056 64.264 0.967 -0.108 0.229
57.007 43.19 63.739 0.791 -0.197 0.579
57.741 44 63.7 0.302 -0.737 0.605
57.963 43.771 63.138 0.413 -0.851 0.325
57.229 42.962 63.177 0.902 -0.311 0.299
59.007 43.575 62.674 -0.283 -0.72 0.634
58.984 43.311 62.257 -0.296 -0.866 0.402
57.205 42.686 62.74 0.89 -0.449 0.08
57.195 42.571 62.498 0.896 -0.373 0.241
57.99 43.803 63.184 0.426 -0.835 0.347
59.033 43.605 62.718 -0.269 -0.703 0.658
59.363 43.795 63.304 -0.489 -0.83 0.268
57.976 44.356 63.92 0.42 -0.558 0.716
59.352 44.263 63.926 -0.497 -0.496 0.712
57.969 44.548 64.107 0.424 -0.686 0.591
58.199 45.905 64.178 0.616 0.445 0.65
59.602 45.737 64.002 -0.319 0.557 0.767
58.272 46.102 64.011 0.568 0.314 0.761
58.554 46.801 62.967 0.708 0.664 0.239
59.84 46.328 63.121 -0.149 0.979 0.137
59.645 47.028 62.039 -0.019 0.513 0.858
60.932 46.445 61.43 0.901 0.097 0.424
61.127 45.746 62.512 0.771 0.563 -0.298
61.026 45.809 61.824 0.838 0.521 0.161
61.035 46.3 61.152 0.974 -0.007 0.225
61.142 45.644 61.51 0.903 0.43 -0.013
62.103 46.427 60.049 0.262 -0.092 0.961
61.027 46.445 61.16 0.968 0.096 0.231
62.095 46.56 60.056 0.256 0.019 0.966
61.978 46.795 60.107 0.334 -0.138 0.932
60.873 46.928 61.204 0.858 0.441 0.262
61.796 47.367 60.159 0.243 0.148 0.959
61.243 47.579 60.411 0.611 0.007 0.791
61.381 48.342 60.07 0.68 0.389 0.621
61.934 48.131 59.819 0.312 0.53 0.789
61.227 48.547 60.149 0.783 0.252 0.569
61.188 49.012 59.67 0.75 0.639 0.17
61.883 48.728 59.204 0.286 0.829 0.481
61.33 48.94 59.455 0.655 0.688 0.313
60.665 49.159 57.806 0.322 0.797 -0.511
61.218 48.947 57.555 -0.046 0.938 -0.344
61.144 49.419 55.867 0.002 0.623 0.782
61.419 49.4 55.845 0.199 0.61 0.767
61.543 48.925 57.53 0.117 0.927 -0.356
61.808 48.93 57.563 -0.06 0.924 -0.378
61.845 49.293 55.724 0.503 0.533 0.68
62.2 48.831 57.451 0.266 0.841 -0.471
63.2 49.803 55.401 -0.401 0.193 0.896
61.745 49.49 55.61 0.432 0.675 0.599
63.108 49.985 55.296 -0.477 0.345 0.808
62.565 50.147 55.062 -0.115 0.237 0.965
62.843 50.671 54.78 0.116 0.674 0.73
63.386 50.51 55.014 -0.246 0.781 0.574
63.321 50.804 54.697 -0.202 0.585 0.785
64.339 48.801 53.456 0.525 -0.845 -0.101
64.323 48.666 53.872 0.535 -0.755 -0.379
63.945 48.45 53.179 0.787 -0.611 0.083
64.508 49.174 52.9 0.646 -0.578 -0.499
64.146 48.892 52.521 0.887 -0.39 -0.246
64.299 48.918 51.453 0.785 -0.407 0.466
64.14 48.642 51.424 0.706 -0.545 0.451
63.987 48.616 52.492 0.808 -0.528 -0.261
64.918 47.731 50.63 0.188 0.062 0.98
64.683 47.442 50.643 0.02 -0.144 0.989
63.709 48.274 52.507 0.669 -0.699 -0.253
64.012 47.355 50.807 0.467 -0.086 0.88
63.772 47.14 50.879 0.334 -0.205 0.92
63.458 48.049 52.582 0.543 -0.811 -0.215
63.391 47.602 51.321 0.588 -0.513 0.625
63.248 47.507 51.36 0.487 -0.58 0.653
63.289 47.938 52.628 0.459 -0.867 -0.192
62.835 47.5 52.785 0.762 -0.575 -0.297
63.158 47.412 51.332 0.422 -0.649 0.633
62.729 47.386 52.753 0.709 -0.632 -0.314
63.51 46.926 50.891 0.188 -0.325 0.927
64.587 49.258 51.086 0.93 -0.237 0.282
65.295 48.252 50.345 0.457 0.434 0.776
64.697 49.487 51.001 0.856 -0.39 0.339
64.525 49.434 51.347 0.899 -0.149 0.413
64.648 49.624 51.204 0.816 -0.276 0.508
64.699 49.611 52.81 0.782 -0.267 -0.563
62.794 50.776 54.677 0.075 0.761 0.644
63.267 50.918 54.585 -0.24 0.667 0.705
62.677 50.956 54.516 0.153 0.642 0.751
63.209 51.485 53.112 0.419 0.907 0.049
63.717 51.365 53.399 0.081 0.987 -0.142
63.041 51.744 52.551 0.531 0.734 0.423
61.327 51.28 53.582 -0.522 0.804 0.284
61.159 51.539 53.021 -0.41 0.632 0.658
60.351 51.108 53.447 0.128 0.919 0.374
61.326 50.621 54.43 -0.522 0.474 0.709
60.351 50.449 54.296 0.128 0.589 0.798
60.872 50.183 54.587 -0.22 0.766 0.604
60.827 50.138 54.626 -0.242 0.744 0.623
60.306 50.404 54.335 0.106 0.566 0.817
60.814 49.853 55.153 -0.233 0.934 0.272
60.757 49.831 55.174 -0.274 0.918 0.287
60.238 50.378 54.36 0.071 0.553 0.83
59.975 50.426 54.379 0.247 0.521 0.817
59.058 50.817 53.537 -0.518 0.848 0.115
59.059 50.881 53.277 -0.518 0.805 0.288
57.8 50.669 53.727 0.321 0.947 -0.012
59.441 50.041 54.55 -0.198 0.2 0.959
58.258 49.74 54.939 0.591 0.401 0.7
59.142 49.156 56.908 0.001 0.79 -0.613
59.049 49.191 56.961 -0.065 0.815 -0.575
58.156 49.779 54.997 0.53 0.423 0.734
58.455 49.286 56.953 0.331 0.752 -0.57
59.236 49.436 57.932 0.068 0.991 0.118
58.676 49.576 58.102 0.441 0.897 0.005
59.63 49.483 58.417 -0.195 0.959 -0.205
59.277 49.319 59.438 -0.371 0.877 0.305
58.323 49.412 59.123 0.265 0.815 0.515
58.135 49.282 60.174 0.391 0.902 -0.186
57.346 49.357 60.097 -0.173 0.955 -0.241
57.39 49.5 59.032 -0.202 0.86 0.469
57.186 49.567 58.871 -0.067 0.815 0.576
56.475 48.79 60.079 -0.795 0.55 -0.255
56.384 49.046 58.854 -0.735 0.38 0.562
56.359 48.83 59.009 -0.718 0.524 0.458
56.283 48.789 58.93 -0.756 0.504 0.419
56.325 49.014 58.792 -0.784 0.353 0.51
55.062 48.252 58.802 0.059 0.862 0.504
56.297 48.736 59.014 -0.749 0.477 0.46
55.075 48.203 58.88 0.066 0.833 0.55
56.423 48.711 60.082 -0.832 0.494 -0.252
56.202 48.114 60.61 -0.99 0.067 0.125
54.832 47.546 59.461 -0.076 0.446 0.892
54.954 46.742 60.953 -0.158 0.982 -0.103
59.506 49.23 59.809 -0.257 0.833 0.49
58.328 49.207 60.488 0.528 0.848 0.038
58.615 49.09 60.796 0.337 0.927 -0.168
57.564 48.409 61.911 -0.54 0.359 0.761
57.185 48.468 61.699 -0.288 0.32 0.903
57.017 47.539 62.612 -0.175 0.94 0.294
56.711 47.469 62.49 -0.43 0.882 0.193
56.853 48.393 61.567 -0.525 0.266 0.808
56.525 47.37 62.655 -0.306 0.948 0.083
57.332 47.483 62.788 0.087 0.893 0.441
57.323 47.387 63.038 0.093 0.957 0.274
57.878 48.353 62.087 -0.277 0.313 0.908
58.827 47.91 62.025 0.513 -0.057 0.856
58.542 46.816 62.958 0.703 0.672 0.234
59.635 47.041 62.03 -0.026 0.522 0.852
59.248 48.33 61.488 0.864 0.293 0.409
60.092 47.497 61.448 0.301 0.848 0.436
60.402 48.478 60.638 0.095 0.194 0.976
60.711 48.342 60.585 0.352 0.081 0.932
60.428 47.349 61.39 0.541 0.742 0.395
60.717 48.078 60.631 0.348 0.257 0.902
58.694 49.069 60.865 0.402 0.909 -0.11
59.848 49.217 60.015 -0.367 0.81 0.457
59.607 49.203 59.898 -0.207 0.819 0.535
59.817 49.2 57.343 0.483 0.822 -0.302
60.318 49.204 57.721 0.149 0.819 -0.553
60.851 49.457 55.795 -0.207 0.651 0.731
59.186 49.16 56.916 0.032 0.794 -0.607
60.221 49.417 55.367 -0.657 0.622 0.425
59.482 50.045 54.557 -0.164 0.204 0.965
59.44 49.021 55.341 -0.167 0.884 0.437
59.407 48.915 55.606 -0.145 0.954 0.261
60.917 50.154 54.638 -0.197 0.752 0.629
60.891 49.867 55.163 -0.179 0.943 0.279
61.372 50.592 54.481 -0.5 0.46 0.734
62.087 50.396 54.856 -0.142 0.362 0.921
61.495 49.701 55.48 0.253 0.825 0.505
62.335 50.341 54.941 -0.307 0.398 0.864
57.041 45.215 64.512 -0.349 -0.13 0.928
56.783 45.214 64.44 -0.177 -0.129 0.976
55.934 44.082 64.89 0.39 0.625 0.676
55.806 44.168 64.871 0.299 0.687 0.663
56.633 45.316 64.418 -0.252 -0.078 0.965
56.013 45.142 64.385 0.161 0.038 0.986
55.801 45.927 64.215 0.055 0.431 0.901
56.421 46.102 64.247 -0.358 0.314 0.879
55.545 46.006 64.219 0.226 0.378 0.898
55.248 45.242 64.355 -0.222 0.088 0.971
55.115 45.473 64.329 -0.133 -0.066 0.989
55.16 44.253 64.845 -0.163 0.747 0.645
57.696 44.51 64.2 0.196 -0.717 0.669
56.644 43.317 64.551 0.897 0.078 0.434
57.624 44.308 64.04 0.244 -0.583 0.775
43.569 47.372 37.837 0.304 -0.017 -0.952
44.729 46.571 37.483 -0.469 0.517 -0.716
44.485 46.54 37.587 -0.306 0.538 -0.786
43.749 45.541 38.216 -0.919 -0.295 -0.262
43.783 45.287 38.291 -0.942 -0.125 -0.312
42.834 46.373 38.466 -0.309 -0.849 -0.429
38.535 56.693 35.17 -0.697 -0.171 -0.696
38.835 56.864 34.632 -0.897 -0.285 -0.338
38.432 56.477 35.291 -0.629 -0.027 -0.777
39.101 52.501 43.657 -0.561 0.076 -0.824
38.776 51.511 43.295 -0.344 0.736 -0.583
38.96 52.71 43.744 -0.466 -0.063 -0.882
30.959 66.729 51.956 -0.899 0.052 0.436
31.044 66.736 52.171 -0.955 0.047 0.292
41.747 66.229 48.422 -0.339 -0.248 -0.907
40.517 65.486 45.799 0.481 0.248 0.841
41.658 66.227 48.453 -0.411 -0.249 -0.877
40.436 65.488 45.848 0.411 0.249 0.877
46.331 69.62 51.701 0.598 0.105 0.794
46.557 69.638 51.558 0.448 0.093 0.889
43.922 51.168 51.445 0.173 0.095 0.98
45.63 51.455 53.275 -0.966 -0.095 -0.24
41.949 49.249 52.062 0.258 -0.424 0.868
43.304 47.978 54.317 -0.645 0.424 -0.635
42.271 49.201 51.986 0.464 -0.435 0.772
43.524 48.026 54.068 -0.464 0.435 -0.772
41.471 67.398 45.166 0.545 0.046 0.837
41.245 68.126 46.268 0.317 -0.519 -0.794
56.622 47.787 49.898 0.038 0.577 -0.816
56.085 48.206 50.012 0.07 -0.102 -0.992
55.197 48.834 48.642 0.768 -0.625 0.136
55.22 48.725 48.256 0.709 -0.596 0.377
31.101 70.701 46.566 -0.952 -0.222 -0.208
31.17 71.278 46.36 -0.898 0.237 -0.372
31.221 71.399 46.293 -0.932 0.156 -0.327
31.138 72.064 46.921 -0.444 0.564 -0.696
31.464 71.877 46.321 -0.661 0.689 -0.296
31.57 71.921 45.622 -0.732 0.66 0.17
31.92 72.135 46.444 -0.154 0.975 -0.159
32.02 72.174 46.544 -0.221 0.949 -0.226
32.073 72.191 46.572 -0.18 0.962 -0.204
32.293 72.328 46.816 -0.327 0.871 -0.366
32.305 72.341 46.837 -0.318 0.881 -0.349
31.309 72.527 47.661 -0.301 0.95 -0.079
31.621 72.714 47.903 -0.509 0.826 -0.241
30.973 72.248 48.218 -0.581 0.717 0.385
31.257 72.41 48.509 -0.77 0.609 0.191
30.852 71.658 48.591 -0.682 0.226 0.696
31.125 71.77 48.914 -0.864 0.152 0.48
31.128 70.363 48.644 -0.663 0.051 0.747
30.806 70.219 47.898 -0.995 -0.097 -0.022
31.294 70.391 48.814 -0.774 0.032 0.633
31.499 70.337 49.006 -0.576 -0.02 0.817
31.565 69.179 49.585 -0.572 0.647 0.504
30.907 69.077 48.775 -0.805 -0.137 0.578
31.14 68.639 49.29 -0.96 0.155 0.235
31.046 68.254 49.884 -0.897 0.411 -0.162
31.196 68.069 48.808 -0.908 -0.365 -0.204
31.252 67.958 48.723 -0.945 -0.291 -0.148
31.366 67.747 48.586 -0.868 -0.435 -0.241
31.486 67.726 47.439 -0.615 -0.784 -0.083
31.791 66.909 48.097 -0.819 -0.239 -0.522
31.45 68.134 46.581 -0.633 -0.58 -0.513
31.575 68.291 46.014 -0.717 -0.684 -0.135
31.077 68.75 46.598 -0.82 -0.272 -0.504
31.26 68.812 46.028 -0.942 -0.312 -0.124
31.354 69.618 45.172 -0.88 -0.418 -0.226
31.35 69.125 45.541 -0.877 -0.089 -0.472
31.543 69.897 44.52 -0.786 -0.278 -0.553
31.814 69.766 43.951 -0.966 -0.191 -0.174
31.568 70.615 44.366 -0.773 0.081 -0.63
31.839 70.484 43.798 -0.953 0.168 -0.251
33.604 72.524 45.131 -0.187 0.73 -0.657
32.784 72.39 45.247 -0.165 0.968 -0.189
33.218 72.633 45.532 -0.455 0.806 -0.379
33.553 73.053 45.734 -0.678 0.526 -0.514
32.969 72.593 46.039 -0.628 0.778 -0.027
32.861 72.701 46.997 -0.552 0.758 -0.348
33.069 72.883 47.326 -0.346 0.938 -0.021
33.179 72.951 47.543 -0.419 0.893 -0.166
33.63 72.761 48.359 0.073 0.685 0.724
32.831 72.28 49.332 0.355 0.516 0.779
33.362 72.019 49.415 0.001 0.69 0.724
32.485 71.81 49.61 0.108 0.181 0.978
32.952 71.463 49.744 -0.204 0.412 0.888
32.051 71.331 49.593 -0.202 -0.162 0.966
32.439 70.895 49.725 -0.461 0.128 0.878
31.782 69.32 49.681 -0.584 0.636 0.504
31.684 69.258 49.633 -0.651 0.594 0.472
31.955 69.352 49.889 -0.699 0.614 0.365
32.051 69.857 49.562 -0.763 0.278 0.584
32.414 69.137 50.762 -0.093 0.93 0.355
32.579 69.47 50.279 -0.203 0.708 0.676
32.694 69.978 49.964 -0.279 0.369 0.886
32.74 70.578 49.868 -0.31 -0.03 0.95
33.307 69.319 50.329 0.377 0.588 0.716
33.444 69.823 50.015 0.285 0.252 0.925
33.405 69.317 50.284 0.311 0.589 0.745
33.637 69.844 49.965 0.156 0.238 0.959
33.573 69.229 50.257 0.493 0.494 0.716
33.792 69.763 49.94 0.347 0.138 0.928
33.081 68.783 51.218 0.3 0.722 0.623
33.199 68.477 51.695 0.221 0.926 0.305
32.444 68.774 51.337 -0.074 0.717 0.693
32.514 68.468 51.822 -0.121 0.921 0.369
31.825 68.594 51.279 -0.439 0.611 0.659
31.848 68.274 51.76 -0.454 0.824 0.338
31.313 68.268 51.054 -0.74 0.419 0.526
31.298 67.923 51.518 -0.729 0.649 0.217
30.983 67.843 50.693 -0.934 0.17 0.314
30.942 67.467 51.13 -0.907 0.421 0.023
30.882 67.382 50.25 -0.993 -0.102 0.054
30.834 66.971 50.653 -0.961 0.173 -0.215
31.025 66.952 49.788 -0.909 -0.355 -0.218
30.988 66.508 50.157 -0.884 -0.059 -0.464
32.393 65.914 48.272 -0.518 -0.737 -0.435
32.806 65.493 48.224 -0.794 -0.456 -0.402
34.276 65.728 46.099 -0.577 -0.815 -0.05
34.519 65.437 45.632 -0.739 -0.621 0.261
34.584 64.995 45.228 -0.782 -0.326 0.53
34.096 65.949 45.85 -0.737 -0.62 -0.271
34.36 65.632 45.412 -0.913 -0.408 0.021
34.404 65.216 44.979 -0.942 -0.131 0.31
34.055 66.02 45.785 -0.709 -0.667 -0.227
34.285 65.763 45.291 -0.862 -0.496 0.102
34.306 65.386 44.822 -0.876 -0.245 0.415
33.999 66.492 45.425 -0.771 -0.153 -0.618
34.242 66.12 45.019 -0.933 0.094 -0.347
34.26 65.772 44.528 -0.945 0.327 -0.02
33.914 67.146 45.064 -0.714 -0.589 -0.378
33.971 67.229 44.294 -0.752 -0.645 0.136
33.776 67.377 45.075 -0.871 -0.328 -0.366
33.845 67.439 44.304 -0.917 -0.369 0.148
32.99 67.726 45.653 -0.348 -0.56 -0.752
32.554 67.578 46.228 -0.666 -0.668 -0.332
32.955 68.232 44.972 -0.324 -0.898 -0.298
33.304 68.13 44.477 -0.556 -0.83 0.033
33.512 67.82 43.99 -0.695 -0.623 0.357
32.944 68.24 44.963 -0.342 -0.886 -0.313
33.295 68.136 44.469 -0.576 -0.817 0.016
33.501 67.828 43.98 -0.713 -0.612 0.342
33.362 67.944 43.933 -0.621 -0.689 0.374
33.154 68.054 43.661 -0.777 -0.606 0.17
32.694 68.469 43.96 -0.471 -0.882 -0.03
31.981 69.247 44.033 -0.883 -0.451 -0.133
32.02 69.189 43.918 -0.909 -0.413 -0.057
32.049 69.127 43.803 -0.928 -0.371 0.02
32.136 69.897 43.14 -0.805 -0.126 -0.579
32.157 69.765 43.128 -0.82 -0.038 -0.571
32.17 69.633 43.109 -0.828 0.05 -0.559
32.931 69.464 42.593 -0.316 -0.234 -0.919
33.374 68.978 42.393 -0.612 0.09 -0.786
34.155 69.367 42.21 -0.024 0.383 -0.923
34.409 69.646 42.267 -0.193 0.197 -0.961
34.612 69.868 42.301 -0.069 0.333 -0.94
34.96 69.997 42.272 -0.301 0.247 -0.921
34.547 70.941 42.647 0.4 0.397 -0.826
35.243 70.513 42.5 -0.063 0.682 -0.728
35.909 70.398 42.019 -0.508 0.759 -0.407
34.995 71.291 43.234 0.624 0.571 -0.533
35.589 70.783 42.954 0.228 0.91 -0.346
36.288 70.693 42.515 -0.237 0.97 -0.053
35.899 70.728 43.501 0.49 0.864 0.115
35.518 71.505 44.531 0.744 0.346 -0.572
35.86 71.893 44.952 0.516 0.088 -0.852
36.355 72.306 45.12 0.186 -0.188 -0.964
35.133 71.887 44.596 0.251 0.835 -0.49
35.586 72.164 44.997 -0.052 0.65 -0.758
36.025 72.633 45.175 -0.344 0.338 -0.876
34.779 72.163 44.735 0.487 0.651 -0.583
34.696 72.207 44.72 0.421 0.685 -0.594
34.579 71.938 43.919 0.499 0.865 -0.06
34.911 71.389 43.248 0.582 0.62 -0.525
34.81 71.475 43.227 0.649 0.563 -0.511
34.718 71.567 43.2 0.711 0.501 -0.493
34.244 71.084 42.603 0.249 0.468 -0.848
34.22 71.205 42.656 0.265 0.388 -0.883
34.199 71.331 42.698 0.279 0.304 -0.911
33.298 71.295 42.723 -0.224 0.574 -0.788
33.382 71.392 42.762 -0.28 0.509 -0.814
33.463 71.495 42.791 -0.334 0.44 -0.833
32.994 71.816 43.491 -0.376 0.834 -0.404
33.113 71.853 43.442 -0.455 0.809 -0.371
33.227 71.9 43.388 -0.531 0.778 -0.336
33.674 72.14 44.034 -0.09 0.996 0.014
33.875 72.39 44.824 -0.224 0.829 -0.513
33.775 72.383 44.866 -0.302 0.824 -0.48
33.944 72.344 44.707 -0.27 0.859 -0.435
34.588 72.201 44.625 0.493 0.69 -0.531
35.699 72.932 45.334 -0.127 0.138 -0.982
34.78 73.384 45.591 0.199 0.762 -0.616
35.523 73.498 45.663 -0.296 0.687 -0.664
36.154 73.873 45.483 -0.717 0.437 -0.544
35.48 73.759 46.287 -0.339 0.939 -0.059
34.061 73.643 46.54 -0.315 0.947 0.062
34.21 73.733 46.941 -0.414 0.887 -0.205
35.532 73.815 46.525 -0.373 0.902 -0.218
35.736 73.834 47.068 -0.159 0.923 0.352
35.633 73.737 47.788 -0.09 0.988 -0.129
34.682 73.62 47.919 -0.021 0.792 0.61
35.299 73.575 48.277 -0.432 0.822 0.371
35.768 73.81 48.761 -0.745 0.666 0.048
35.11 73.093 48.607 -0.624 0.33 0.708
34.145 72.622 48.522 0.019 0.644 0.765
33.944 72.715 48.418 -0.136 0.716 0.685
34.515 72.384 48.841 -0.227 0.802 0.552
35.13 72.707 48.921 -0.638 0.587 0.499
34.778 71.84 49.267 0.024 0.283 0.959
35.373 72.205 49.315 -0.373 0.04 0.927
34.895 71.667 49.332 -0.055 0.399 0.915
35.439 72.107 49.351 -0.417 0.105 0.903
35.366 71.064 49.099 0.652 -0.507 0.564
35.93 71.477 49.107 0.275 -0.782 0.559
35.478 70.598 48.756 0.577 -0.196 0.793
36.133 70.646 48.5 0.14 -0.228 0.964
35.452 70.363 48.652 0.538 -0.555 0.635
36.107 70.4 48.391 0.101 -0.58 0.808
35.055 69.396 48.719 0.803 0.089 0.59
35.025 69.37 48.761 0.774 0.065 0.629
34.765 69.323 49.248 0.948 0.096 0.304
34.626 70.223 49.643 0.563 -0.339 0.754
34.462 69.428 49.7 0.672 0.191 0.715
34.595 68.717 50.074 0.583 0.665 0.466
33.972 69.536 49.936 0.227 0.29 0.93
34.981 68.251 50.061 0.776 0.432 0.46
35.394 67.83 50.013 0.5 0.712 0.492
34.734 67.528 50.871 0.666 0.581 0.468
34.737 67.523 50.874 0.667 0.578 0.47
34.117 66.782 52.541 0.68 0.078 0.729
34.436 66.298 52.452 0.468 0.401 0.788
33.647 66.378 52.858 0.445 -0.123 0.887
33.999 65.923 52.746 0.211 0.18 0.961
33.125 65.922 52.92 0.185 -0.352 0.918
33.514 65.499 52.804 -0.075 -0.07 0.995
32.627 65.479 52.718 -0.064 -0.573 0.817
33.051 65.087 52.617 -0.347 -0.312 0.885
32.226 65.114 52.282 -0.265 -0.755 0.599
32.678 64.748 52.212 -0.566 -0.511 0.646
31.979 64.88 51.676 -0.389 -0.873 0.296
32.448 64.53 51.648 -0.702 -0.639 0.314
31.922 64.81 50.986 -0.417 -0.908 -0.049
32.395 64.465 51.006 -0.733 -0.678 -0.063
32.446 65.446 49.271 -0.648 -0.613 -0.451
32.44 65.457 49.265 -0.652 -0.607 -0.454
33.151 64.963 48.416 -0.621 -0.721 -0.306
33.194 64.567 48.866 -0.65 -0.457 -0.607
33.726 64.732 48.158 -0.334 -0.836 -0.435
33.77 64.337 48.608 -0.363 -0.573 -0.735
34.042 64.937 47.716 -0.176 -0.734 -0.656
34.393 65.103 47.25 -0.41 -0.844 -0.346
34.957 64.548 48.143 -0.214 -0.74 -0.637
35.137 64.54 48.112 -0.076 -0.747 -0.661
35.33 64.556 48.051 -0.205 -0.758 -0.62
35.549 64.589 47.979 -0.002 -0.727 -0.686
35.65 64.982 46.759 -0.069 -0.99 0.127
35.945 64.73 46.193 -0.266 -0.821 0.505
35.582 64.985 46.723 -0.129 -0.987 0.094
35.876 64.733 46.155 -0.325 -0.819 0.473
35.336 64.997 46.727 0.035 -0.995 0.091
35.432 64.826 46.156 -0.03 -0.881 0.472
35.522 64.44 45.7 -0.089 -0.624 0.776
34.63 65.053 47.149 -0.27 -0.873 -0.405
34.882 65.09 46.601 -0.438 -0.898 -0.04
35.027 64.909 46.043 -0.535 -0.777 0.332
35.042 64.539 45.566 -0.545 -0.53 0.65
34.925 64.039 45.247 -0.466 -0.197 0.862
34.564 65.388 46.399 -0.769 -0.588 -0.25
34.743 65.175 45.863 -0.889 -0.446 0.107
34.706 64.853 45.353 -0.864 -0.232 0.447
36.435 62.575 44.874 -0.026 -0.069 0.997
36.215 62.496 44.839 -0.212 -0.136 0.968
35.091 62.364 44.215 -0.809 -0.275 0.52
34.932 62.323 43.717 -0.946 -0.31 0.089
34.164 62.983 43.102 -0.434 -0.75 0.498
34.072 63.613 43.894 -0.893 -0.41 0.186
33.799 63.517 43.254 -0.71 -0.347 0.613
33.291 63.307 42.815 -0.372 -0.206 0.905
33.636 64.154 43.153 -0.833 0.134 0.536
33.648 64.302 43.147 -0.841 0.036 0.54
33.702 64.832 42.791 -0.783 0.602 0.159
33.981 66.091 43.144 -0.968 -0.238 -0.077
34.093 66.28 43.67 -0.834 -0.012 0.552
33.831 66.302 42.548 -0.869 -0.378 0.32
33.847 65.701 42.315 -0.879 0.022 0.476
33.62 65.107 42.214 -0.728 0.418 0.543
34.159 66.446 41.825 -0.294 -0.125 -0.948
34.088 65.807 41.785 -0.246 0.301 -0.921
33.948 65.251 41.49 -0.153 0.672 -0.725
34.422 66.486 41.708 -0.469 -0.151 -0.87
34.569 65.88 41.579 -0.567 0.252 -0.784
34.562 65.342 41.239 -0.562 0.611 -0.557
35.032 66.587 41.69 0.441 -0.001 -0.898
35.081 65.965 41.564 0.408 0.414 -0.814
35.24 65.455 41.218 0.302 0.754 -0.583
35.31 66.556 41.793 0.256 0.02 -0.967
35.605 65.91 41.68 0.059 0.45 -0.891
35.377 66.583 41.815 0.347 0.056 -0.936
35.672 65.937 41.702 0.15 0.486 -0.861
35.918 67.006 41.872 -0.013 -0.226 -0.974
36.027 67.266 41.856 0.109 0.063 -0.992
35.747 68.257 41.615 0.147 -0.278 -0.949
35.264 68.908 41.666 -0.293 0.316 -0.902
36.71 67.784 41.782 -0.231 -0.181 -0.956
37.47 67.961 41.913 0.576 0.008 -0.817
37.583 68.033 41.984 0.501 -0.04 -0.865
37.816 68.163 42.158 0.68 0.061 -0.73
37.93 68.419 42.247 0.604 -0.11 -0.789
38.318 67.998 42.447 0.345 0.171 -0.923
38.082 68.633 42.385 0.745 0.088 -0.661
38.482 68.228 42.596 0.479 0.358 -0.802
38.146 68.685 42.458 0.702 0.054 -0.71
38.623 68.325 42.706 0.384 0.294 -0.875
38 69.518 42.441 0.986 0.131 -0.105
38.243 69.015 42.768 0.824 0.466 -0.323
38.717 68.641 43.004 0.508 0.715 -0.48
39.332 68.468 43.105 0.098 0.831 -0.548
38.161 69.169 43.195 0.721 0.66 0.212
38.637 68.79 43.415 0.403 0.913 0.066
38.1 69.217 43.273 0.761 0.628 0.16
38.501 68.856 43.55 0.494 0.869 -0.024
37.752 69.246 43.765 0.44 0.655 0.615
38.128 68.886 44.078 0.19 0.894 0.406
37.311 70.409 45.689 0.734 -0.121 -0.668
37.27 70.514 45.659 0.595 0.236 -0.768
37.081 69.872 44.094 0.887 0.237 0.395
37.04 69.977 44.064 0.749 0.594 0.295
38.715 72.772 45.625 0.166 -0.59 -0.79
39.463 72.725 45.58 -0.332 -0.559 -0.76
38.72 73.254 45.465 0.173 -0.001 -0.985
39.468 73.251 45.406 -0.326 0.001 -0.945
38.605 73.454 45.427 0.25 -0.134 -0.959
39.246 73.612 45.42 -0.178 -0.239 -0.955
39.835 73.701 45.136 -0.57 -0.298 -0.765
38.549 73.844 45.519 0.143 0.605 -0.783
39.206 73.883 45.484 -0.296 0.579 -0.76
39.778 74.091 45.229 -0.677 0.44 -0.59
38.427 74.256 45.72 0.224 0.33 -0.917
37.454 74.515 45.697 0.212 0.896 -0.391
38.031 74.699 46.027 -0.173 0.773 -0.61
38.553 75.128 46.163 -0.521 0.487 -0.701
37.737 74.811 46.618 -0.466 0.885 -0.02
37.682 74.793 46.756 -0.429 0.897 -0.111
37.415 74.547 47.324 -0.628 0.712 0.314
36.766 74.155 47.608 -0.195 0.973 0.124
36.35 73.986 47.523 -0.568 0.821 0.048
37.334 74.41 48.038 -0.574 0.803 -0.162
37.671 74.378 48.942 -0.309 0.777 0.548
37.781 74.361 49.042 -0.383 0.788 0.482
38.217 73.684 49.491 0.114 0.017 0.993
38.214 73.535 49.501 0.117 0.116 0.986
38.459 72.709 49.249 0.309 -0.532 0.788
38.359 72.403 49.131 0.376 -0.328 0.867
38.312 72.229 49.067 0.333 -0.483 0.809
37.385 71.322 48.891 0.295 -0.511 0.808
36.749 71.214 48.824 -0.271 -0.607 0.748
38.526 70.643 48.438 -0.089 -0.11 0.99
39.196 70.547 48.659 -0.536 -0.046 0.843
38.512 70.106 48.174 -0.104 -0.712 0.694
39.182 69.963 48.372 -0.55 -0.617 0.562
38.451 70.014 48.081 -0.063 -0.651 0.757
39.077 69.833 48.168 -0.481 -0.53 0.699
39.565 69.499 48.456 -0.806 -0.307 0.507
38.453 69.839 47.824 -0.06 -0.943 0.326
39.079 69.696 47.966 -0.477 -0.848 0.231
39.567 69.308 48.175 -0.803 -0.589 0.092
37.826 69.275 47.201 0.358 -0.568 0.742
37.966 68.643 46.883 0.265 -0.146 0.953
37.649 69.227 47.216 0.093 -0.639 0.764
37.796 68.597 46.897 -0.005 -0.219 0.976
36.915 69.272 47.668 0.583 -0.668 0.462
36.503 68.67 47.701 0.857 -0.267 0.44
36.357 69.731 48.12 -0.066 -0.134 0.989
35.896 69.17 48.193 0.242 0.24 0.94
36.75 67.869 47.355 0.692 0.267 0.671
37.3 67.839 47.009 0.325 0.287 0.901
36.756 67.815 47.368 0.698 0.217 0.683
37.305 67.792 47.021 0.331 0.233 0.914
36.295 66.983 49.26 0.95 0.289 0.116
36.487 67.004 48.686 0.822 0.274 0.499
36.129 66.94 49.866 0.868 0.268 0.419
36.173 66.545 50.316 0.839 0.531 0.119
35.718 67.305 50.226 0.662 0.45 0.599
35.762 66.91 50.676 0.633 0.714 0.299
36.348 66.073 50.546 0.926 0.296 0.233
36.634 65.569 50.529 0.735 0.632 0.244
36.137 65.905 51.139 0.821 0.212 0.53
36.439 65.412 51.081 0.62 0.54 0.569
35.787 65.606 51.6 0.646 0.062 0.761
36.113 65.135 51.51 0.429 0.377 0.821
35.385 65.928 51.813 0.445 0.223 0.867
34.922 65.96 52.176 0.754 0.202 0.625
35.191 64.824 51.942 0.506 0.092 0.857
34.303 64.649 52.344 0.389 -0.57 0.724
34.724 64.311 52.031 0.109 -0.344 0.933
35.173 63.884 51.96 -0.191 -0.06 0.98
33.751 64.142 51.951 0.065 -0.868 0.493
34.267 63.892 51.706 -0.28 -0.701 0.656
34.711 63.46 51.631 -0.576 -0.413 0.706
33.99 63.72 51.087 -0.516 -0.847 0.13
32.91 64.125 50.753 -0.43 -0.878 -0.212
33.22 63.954 50.283 -0.637 -0.764 0.102
33.679 63.656 50.107 -0.408 -0.913 0.014
34.153 63.322 50.122 -0.724 -0.69 0.005
33.776 63.721 49.461 -0.359 -0.88 -0.309
34.244 63.382 49.52 -0.671 -0.654 -0.349
34.037 63.935 48.897 -0.229 -0.773 -0.591
34.486 63.581 48.996 -0.528 -0.537 -0.658
34.789 62.915 50.323 -0.35 -0.929 0.123
34.896 62.874 50.661 -0.422 -0.901 -0.103
35.626 62.815 50.219 0.142 -0.988 0.062
35.596 62.79 50.574 0.162 -0.971 -0.175
36.364 63.151 50.47 0.576 -0.79 0.21
36.214 63.071 50.784 0.676 -0.737 0
36.669 63.773 50.962 0.756 -0.424 0.499
36.469 63.591 51.196 0.889 -0.303 0.343
36.402 64.398 51.472 0.599 -0.057 0.799
36.246 64.114 51.622 0.703 0.132 0.699
36.464 65.917 49.177 0.939 0.307 0.154
36.502 65.823 49.088 0.968 0.235 0.086
37.057 64.774 49.996 0.984 0.165 -0.069
37.093 64.672 49.655 0.96 0.232 0.158
37.012 64.005 50.076 0.957 -0.288 -0.022
37.055 64.029 49.722 0.928 -0.304 0.213
36.631 63.37 49.847 0.734 -0.661 -0.157
36.737 63.498 49.531 0.663 -0.746 0.054
36.059 63.109 49.395 0.397 -0.815 -0.423
36.258 63.28 49.153 0.264 -0.928 -0.261
35.51 63.32 48.891 0.074 -0.691 -0.719
35.799 63.456 48.731 -0.118 -0.781 -0.613
36.558 65.71 48.928 0.931 0.31 0.192
36.508 65.181 48.257 0.885 -0.18 -0.429
36.449 64.635 48.114 0.924 0.184 -0.334
36.356 64.694 47.499 0.987 0.145 0.076
36.52 64.791 46.903 0.877 0.08 0.473
36.912 64.909 46.431 0.615 0.002 0.788
36.087 64.412 48.009 -0.36 -0.609 -0.706
36.315 64.669 47.487 -0.512 -0.781 -0.358
36.409 64.723 46.871 -0.575 -0.816 0.053
36.353 64.564 46.269 -0.538 -0.71 0.454
36.951 65.351 46.484 0.59 -0.293 0.753
36.622 65.583 47.041 0.809 -0.448 0.381
37.011 65.466 46.472 0.641 -0.195 0.742
36.68 65.694 47.03 0.861 -0.347 0.371
37.956 65.743 46.198 0.011 -0.38 0.925
38.147 65.621 46.123 0.155 -0.472 0.868
37.393 63.111 44.992 0.379 -0.419 0.825
37.361 62.459 44.856 0.4 0.016 0.916
36.726 63.106 45.052 -0.22 -0.424 0.879
36.743 62.454 44.911 -0.232 0.011 0.973
37.613 62.395 44.774 0.233 0.059 0.971
37.841 62.994 44.825 0.08 -0.341 0.937
37.811 62.325 44.701 0.462 -0.021 0.887
38.04 62.925 44.752 0.31 -0.421 0.853
38.341 61.661 44.68 0.109 0.421 0.9
39.005 61.729 44.734 -0.334 0.376 0.864
38.415 60.953 44.66 0.199 -0.44 0.876
39.079 61.021 44.714 -0.244 -0.485 0.84
38.286 60.442 44.544 0.285 -0.099 0.953
37.838 59.834 44.292 -0.15 -0.689 0.709
36.743 59.563 43.298 -0.172 -0.815 0.553
36.252 59.744 43.218 -0.549 -0.676 0.492
36.158 59.733 43.112 -0.487 -0.669 0.562
36.144 59.742 43.11 -0.503 -0.659 0.56
36.139 60.314 44.553 -0.593 -0.621 0.513
35.753 60.464 44.412 -0.335 -0.721 0.606
36.174 60.923 44.957 -0.568 -0.187 0.802
35.785 61.024 44.785 -0.309 -0.255 0.916
36.046 62.301 44.781 -0.309 -0.111 0.944
36.169 62.363 44.818 -0.182 -0.047 0.982
35.813 62.32 44.727 -0.154 -0.124 0.98
35.151 62.25 44.26 -0.849 -0.198 0.489
35.912 59.843 43.06 -0.348 -0.726 0.593
35.423 60.247 42.709 -0.965 -0.216 0.15
35.095 60.909 42.773 -0.746 -0.657 0.107
34.884 61.545 43 -0.945 -0.056 0.321
34.832 61.941 43.087 -0.91 -0.319 0.263
34.352 62.37 42.681 -0.591 -0.606 0.533
34.844 62.048 43.187 -0.888 -0.127 0.442
34.365 62.483 42.786 -0.569 -0.417 0.709
34.172 62.196 42.38 -0.471 -0.49 0.734
33.381 62.285 41.783 -0.307 -0.937 0.168
33.938 61.947 41.76 -0.679 -0.711 0.184
34.303 61.407 41.789 -0.922 -0.352 0.164
34.006 62.014 41.059 -0.618 -0.652 -0.44
33.371 62.82 40.469 -0.314 -0.554 -0.771
33.957 62.641 40.153 -0.705 -0.434 -0.56
33.965 63.515 39.866 -0.693 -0.109 -0.712
34.116 64.329 40.055 -0.556 0.632 -0.54
34.768 64.984 40.392 -0.254 0.867 -0.428
35.037 64.934 39.751 -0.434 0.901 0
35.881 65.078 40.635 -0.007 0.964 -0.267
36.287 64.983 40.578 0.356 0.878 -0.318
37.251 65.281 41.113 -0.287 0.68 -0.675
37.252 65.291 41.122 -0.286 0.687 -0.668
36.743 65.847 41.541 0.053 0.316 -0.947
36.381 65.982 41.655 -0.323 0.457 -0.829
37.582 66 41.373 -0.507 0.214 -0.835
37.871 66.303 41.367 -0.252 0.48 -0.84
37.85 66.37 41.41 -0.237 0.435 -0.869
38.282 66.06 40.944 -0.526 0.642 -0.558
38.071 66.552 41.507 0.044 0.666 -0.745
38.533 66.265 41.054 -0.264 0.857 -0.442
38.149 66.53 41.49 -0.008 0.68 -0.733
38.295 66.626 41.603 0.12 0.765 -0.633
38.412 66.685 41.684 0.042 0.725 -0.687
38.638 66.774 41.83 0.189 0.783 -0.592
38.988 66.835 41.943 -0.044 0.743 -0.668
39.035 66.842 41.949 -0.015 0.747 -0.664
39.478 67.166 42.135 -0.31 0.531 -0.788
39.702 67.46 42.311 -0.172 0.712 -0.681
39.801 67.554 42.372 -0.238 0.649 -0.722
39.786 68.248 43.049 0.477 0.647 -0.595
40.278 67.865 42.764 0.149 0.902 -0.404
40.816 67.764 42.352 -0.209 0.969 -0.13
40.619 67.863 43.365 0.427 0.901 0.084
40.762 67.803 43.612 0.331 0.94 -0.081
40.77 67.787 43.856 0.34 0.922 0.185
40.807 67.753 44.001 0.315 0.945 0.088
40.87 67.622 44.393 0.365 0.842 0.396
40.129 68.157 45.228 0.859 0.486 -0.161
40.202 68.453 45.753 0.81 0.288 -0.511
40.475 68.821 46.152 0.628 0.044 -0.777
40.903 69.199 46.361 0.343 -0.208 -0.916
39.719 68.476 44.581 0.493 0.852 0.175
39.812 68.444 45.18 0.431 0.874 -0.225
40.012 68.626 45.724 0.298 0.752 -0.588
40.285 68.993 46.124 0.116 0.507 -0.854
40.586 69.485 46.313 -0.085 0.179 -0.98
40.866 70.022 46.262 -0.272 -0.178 -0.946
39.431 68.534 45.357 -0.084 0.996 0.014
39.782 68.681 45.831 -0.318 0.899 -0.301
40.055 69.048 46.23 -0.5 0.654 -0.568
40.205 69.576 46.49 -0.6 0.302 -0.741
38.509 68.758 45.35 0.53 0.847 0.019
38.147 69.183 45.819 0.772 0.564 -0.294
38.059 69.808 46.184 0.831 0.147 -0.537
38.265 68.812 45.16 0.098 0.944 -0.316
38.015 69.212 45.717 0.265 0.677 -0.687
37.859 69.853 46.03 0.369 0.25 -0.895
38.866 70.476 46.742 0.292 -0.298 -0.909
39.566 70.365 46.817 -0.174 -0.224 -0.959
38.895 70.653 46.714 0.325 -0.099 -0.941
39.598 70.558 46.786 -0.143 -0.036 -0.989
38.735 71.17 46.481 0.432 -0.444 -0.785
39.288 71.501 46.42 0.063 -0.665 -0.745
39.859 71.647 46.15 -0.317 -0.762 -0.565
38.711 71.206 46.451 0.385 -0.375 -0.843
39.272 71.525 46.4 0.011 -0.587 -0.809
39.837 71.679 46.123 -0.365 -0.69 -0.625
39.097 71.729 46.204 0.128 -0.723 -0.679
39.744 71.803 46.023 -0.303 -0.772 -0.558
38.996 72.128 45.946 0.02 -0.296 -0.955
39.653 72.164 45.789 -0.418 -0.321 -0.85
38.969 72.237 45.906 0.039 -0.37 -0.928
39.603 72.363 45.72 -0.384 -0.453 -0.804
38.941 72.328 45.874 0.016 -0.294 -0.956
39.575 72.455 45.687 -0.407 -0.379 -0.831
40.917 72.014 44.897 -0.332 -0.614 -0.716
40.801 71.841 45.066 -0.255 -0.499 -0.828
41.505 70.972 45.926 0.006 -0.537 -0.843
41.782 70.974 45.956 0.183 -0.536 -0.824
42.09 71.892 44.944 0.255 -0.675 -0.692
42.699 71.734 45.117 -0.151 -0.57 -0.808
42.316 72.439 44.651 0.367 -0.401 -0.839
42.925 72.281 44.824 -0.039 -0.296 -0.954
41.893 72.782 44.408 0.156 -0.23 -0.961
41.778 73.309 44.137 0.233 -0.581 -0.78
41.205 72.717 44.436 -0.188 -0.262 -0.946
41.197 73.254 44.161 -0.182 -0.62 -0.763
40.567 72.883 44.643 -0.507 -0.18 -0.843
40.657 73.394 44.336 -0.568 -0.52 -0.638
42.663 73.252 44.605 0.355 -0.212 -0.911
42.708 73.315 44.61 0.386 -0.168 -0.907
42 74.064 43.942 0.391 -0.041 -0.919
42.342 74.329 44.006 0.163 -0.218 -0.962
41.632 74.608 43.928 0.129 0.347 -0.929
42.003 74.829 43.994 -0.119 0.199 -0.973
41.329 75.101 44.236 -0.088 0.7 -0.709
41.724 75.284 44.277 -0.351 0.578 -0.736
41.168 75.42 44.787 -0.203 0.927 -0.316
41.576 75.577 44.784 -0.475 0.822 -0.314
40.388 75.278 45.972 -0.167 0.941 -0.294
40.246 75.202 45.86 -0.277 0.882 -0.38
40.109 75.154 45.829 -0.186 0.915 -0.359
39.712 74.493 45.477 -0.633 0.172 -0.755
38.909 75.689 46.768 -0.224 0.955 -0.197
39.004 75.784 47 -0.287 0.891 -0.351
40.126 75.635 48.718 0.274 0.817 0.508
40.773 75.631 48.653 -0.157 0.819 0.552
40.176 75.125 49.245 0.299 0.562 0.772
40.823 75.121 49.18 -0.133 0.564 0.815
40.711 74.197 49.556 -0.027 0.399 0.917
39.921 73.738 49.655 0.171 -0.132 0.976
40.469 73.582 49.648 -0.194 -0.028 0.98
40.976 73.419 49.855 -0.532 0.08 0.843
40.356 72.954 49.45 -0.273 -0.463 0.843
40.09 72.498 49.241 -0.096 -0.159 0.983
40.368 71.949 49.31 -0.281 0.207 0.937
39.709 72.287 49.093 -0.368 -0.309 0.877
39.986 71.738 49.161 -0.553 0.057 0.831
39.692 71.714 49.011 -0.357 0.072 0.931
39.543 71.546 48.943 -0.478 -0.065 0.876
38.853 71.585 48.764 -0.018 -0.091 0.996
39.463 71.268 48.911 -0.425 0.121 0.897
38.667 71.169 48.62 -0.183 -0.461 0.868
39.273 70.842 48.765 -0.587 -0.243 0.772
40.816 72.111 49.503 -0.58 0.099 0.808
41.343 72.014 49.733 -0.18 0.026 0.983
40.025 69.847 49.494 -0.693 -0.266 0.671
40.155 69.295 49.573 -0.779 0.102 0.619
40.729 68.893 50.03 -0.441 -0.134 0.887
41.209 68.831 50.397 -0.761 -0.093 0.642
41.246 67.801 50.035 -0.74 -0.089 0.667
41.183 67.712 49.941 -0.789 -0.157 0.594
41.076 67.615 49.798 -0.718 -0.093 0.69
40.415 67.921 49.083 -0.626 -0.706 0.331
40.858 67.359 49.275 -0.921 -0.332 0.203
40.964 66.676 49.541 -0.992 0.124 0.025
40.993 67.173 48.698 -0.795 -0.505 -0.336
40.326 67.764 47.798 -0.351 -0.899 0.264
39.978 67.619 47.315 -0.118 -0.802 0.586
39.599 67.273 46.978 0.134 -0.571 0.81
39.899 68.24 47.872 -0.883 -0.306 0.357
39.641 67.994 47.373 -0.71 -0.142 0.689
39.205 67.713 47.047 -0.419 0.045 0.907
39.817 68.364 47.8 -0.827 -0.389 0.405
39.447 68.202 47.262 -0.581 -0.281 0.764
38.902 67.956 46.954 -0.218 -0.117 0.969
39.757 68.544 47.774 -0.93 -0.08 0.359
39.411 68.313 47.246 -0.699 0.074 0.712
38.853 68.104 46.932 -0.327 0.213 0.921
37.469 67.225 47.103 0.467 -0.035 0.884
36.973 67.036 47.535 0.798 0.091 0.596
37.345 67.552 47.091 0.305 0.393 0.868
36.837 67.393 47.521 0.643 0.499 0.581
37.065 66.903 47.45 0.736 0.18 0.652
37.703 67.003 47.013 0.311 0.113 0.944
36.999 66.236 47.169 0.649 -0.709 0.278
37.641 66.372 46.747 0.221 -0.799 0.559
40.028 67.241 46.601 0.736 -0.617 0.28
40.343 67.592 46.993 0.525 -0.851 0.019
40.79 67.729 47.389 0.227 -0.942 -0.245
40.107 67.31 46.48 0.847 -0.52 0.111
40.411 67.65 46.89 0.644 -0.747 -0.162
40.876 67.804 47.259 0.334 -0.85 -0.408
40.175 66.278 45.781 0.791 0.151 0.592
39.695 65.849 46.105 0.323 -0.267 0.908
40.165 63.573 45.122 0.32 -0.235 0.918
40.355 62.937 45.054 0.193 0.189 0.963
39.444 63.333 45.025 -0.327 -0.45 0.831
39.688 62.715 44.964 -0.49 -0.038 0.871
39.021 63.152 44.856 -0.046 -0.329 0.943
39.457 62.614 44.859 -0.336 0.029 0.941
38.868 63.027 44.774 -0.242 -0.489 0.838
39.303 62.489 44.777 -0.533 -0.13 0.836
40.425 63.016 45.029 0.147 0.136 0.98
40.299 63.724 45.129 0.231 -0.336 0.913
40.847 63.143 44.729 0.783 0.327 0.529
40.702 63.845 44.843 0.88 -0.141 0.453
41.608 62.106 44.877 0.746 0.396 0.535
41.933 62.222 44.499 0.53 0.319 0.786
41.735 61.551 44.894 0.837 -0 0.547
42.084 61.565 44.52 0.605 -0.01 0.796
41.797 60.468 44.478 0.645 -0.048 0.763
42.158 59.929 44.332 0.403 0.311 0.861
41.225 60.077 44.583 0.016 -0.478 0.878
41.56 59.52 44.441 -0.207 -0.107 0.972
40.996 59.95 44.544 0.169 -0.393 0.904
41.154 59.275 44.405 0.063 0.056 0.996
40.526 59.873 44.455 -0.351 -0.478 0.805
40.644 59.192 44.308 -0.43 -0.024 0.903
39.836 60.086 44.497 0.109 -0.62 0.777
39.315 60.547 44.623 -0.401 -0.169 0.9
40.019 59.029 44.168 -0.013 0.085 0.996
39.019 59.192 44.236 0.062 -0.629 0.775
39.652 58.653 44.058 -0.36 -0.27 0.893
40.112 57.985 44.311 -0.666 0.176 0.725
39.347 58.391 43.704 -0.648 -0.518 0.558
39.048 58.533 43.566 -0.449 -0.612 0.65
39.45 58.116 43.624 -0.718 -0.334 0.611
38.862 58.243 42.775 -0.576 -0.81 0.113
39.264 57.825 42.834 -0.844 -0.531 0.074
37.777 58.813 43.152 -0.497 -0.798 0.341
37.003 58.617 42.547 0.019 -0.667 0.744
38.078 58.116 41.583 -0.159 -0.936 0.315
38.651 57.896 41.617 -0.541 -0.788 0.292
39.088 57.476 41.726 -0.832 -0.509 0.22
38.075 58.094 41.505 -0.162 -0.958 0.238
38.649 57.877 41.552 -0.544 -0.813 0.207
39.085 57.455 41.652 -0.835 -0.532 0.141
37.798 57.904 41.028 0.023 -0.831 0.556
38.14 57.527 40.68 -0.205 -0.58 0.788
37.565 57.831 40.877 -0.143 -0.882 0.449
37.907 57.455 40.529 -0.371 -0.631 0.681
37.394 57.749 40.708 -0.029 -0.827 0.562
37.592 57.239 40.263 -0.161 -0.487 0.858
37.029 57.741 40.54 -0.38 -0.834 0.4
37.256 57.232 40.108 -0.531 -0.495 0.688
36.109 58.147 41.133 -0.429 -0.903 0.038
36.033 58.003 40.509 -0.378 -0.807 0.454
36.216 58.381 42.043 -0.375 -0.786 0.492
35.97 58.483 42.066 -0.21 -0.853 0.477
34.978 60.332 41.693 -0.931 -0.324 0.166
35.137 60.363 42.092 -0.774 -0.294 0.561
34.922 60.442 41.631 -0.894 -0.397 0.207
34.878 60.573 41.003 -0.924 -0.307 -0.227
34.935 60.523 40.668 -0.962 -0.274 -0.003
34.917 60.653 40.505 -0.976 -0.169 -0.134
34.922 60.692 40.36 -0.98 -0.195 -0.037
34.934 60.901 40.175 -0.966 0.05 -0.254
34.783 61.619 40.185 -0.865 -0.429 -0.26
34.984 60.998 39.861 -0.999 -0.015 -0.045
34.925 61.839 39.818 -0.695 -0.165 -0.699
35.111 61.195 39.533 -0.82 0.263 -0.509
35.192 62.045 39.341 -0.874 -0.303 -0.381
35.269 61.311 39.264 -0.925 0.187 -0.33
35.297 62.073 39.166 -0.708 -0.259 -0.657
35.369 61.337 39.098 -0.756 0.232 -0.612
35.459 62.405 38.664 -0.816 -0.48 -0.323
35.71 61.953 38.24 -0.983 -0.179 -0.04
35.668 61.448 37.804 -0.955 0.158 0.25
35.282 63.258 38.464 -0.259 -0.296 -0.919
35.624 62.689 38.389 -0.487 0.084 -0.869
35.821 62.144 38.055 -0.618 0.447 -0.647
35.834 61.732 37.529 -0.626 0.721 -0.296
35.66 61.535 36.914 -0.51 0.852 0.114
36.04 62.792 38.376 0.339 0.288 -0.896
36.101 62.213 38.046 0.299 0.674 -0.676
36.25 61.835 37.515 0.199 0.926 -0.322
36.329 62.843 38.467 0.146 0.254 -0.956
36.62 62.304 38.215 -0.048 0.613 -0.789
36.896 61.944 37.734 -0.232 0.853 -0.468
36.578 62.904 38.591 0.56 0.355 -0.749
36.818 62.353 38.315 0.4 0.722 -0.564
37.176 62.013 37.874 0.162 0.949 -0.27
37.319 63.742 39.226 0.328 -0.168 -0.929
38.074 63.834 39.268 -0.175 -0.229 -0.957
37.29 63.992 39.228 0.28 0.252 -0.926
38.047 64.071 39.27 -0.224 0.199 -0.954
37.265 64.1 39.246 0.297 0.179 -0.938
38.001 64.26 39.306 -0.194 0.073 -0.978
36.453 64.645 39.15 0.577 0.695 -0.429
37.128 64.562 39.479 0.127 0.75 -0.649
37.851 64.764 39.561 -0.355 0.615 -0.704
38.44 65.2 39.376 -0.747 0.325 -0.58
36.999 64.762 39.958 -0.032 0.998 -0.056
37.711 64.983 40.085 -0.506 0.851 -0.14
36.881 64.797 40.202 0.047 0.975 -0.218
37.503 65.02 40.515 -0.367 0.826 -0.427
36.833 64.812 40.284 -0.008 0.992 -0.122
37.451 65.036 40.604 -0.42 0.843 -0.336
39.984 64.464 38.345 -0.569 -0.216 -0.793
39.983 65.36 38.498 -0.569 0.467 -0.677
39.384 66.186 39.524 -0.275 0.818 -0.506
39.916 66.471 39.453 -0.629 0.628 -0.458
39.341 66.405 40.076 -0.297 0.927 -0.23
39.872 66.69 40.005 -0.651 0.737 -0.182
41.382 67.629 41.757 0.074 0.901 -0.427
41.639 67.493 41.242 -0.097 0.992 -0.083
41.974 67.592 42.033 0.37 0.883 -0.289
42.189 67.459 41.499 0.226 0.972 0.067
42.515 67.328 42.289 0.64 0.751 -0.161
42.692 67.214 41.737 0.522 0.827 0.207
42.935 66.871 42.492 0.851 0.522 -0.06
43.083 66.788 41.925 0.752 0.577 0.318
43.182 66.278 42.616 0.974 0.226 0.003
43.313 66.237 42.041 0.887 0.253 0.386
43.32 65.031 42.352 0.931 0.297 0.213
43.695 64.525 42.122 0.681 0.634 0.366
43.035 64.509 42.882 0.655 -0.208 0.726
43.441 64.061 42.593 0.384 0.09 0.919
42.714 64.339 43.242 0.868 -0.095 0.487
42.803 63.761 43.206 0.809 0.29 0.51
42.399 64.792 43.865 0.583 -0.517 0.627
42.359 64.253 43.64 0.61 -0.158 0.777
42.458 63.677 43.592 0.544 0.226 0.808
42.681 63.154 43.73 0.395 0.575 0.717
41.877 64.144 43.859 0.258 -0.237 0.937
41.99 63.572 43.805 0.183 0.144 0.972
41.653 64.068 43.923 0.408 -0.186 0.894
41.598 63.422 43.971 0.444 0.245 0.862
41.622 64.072 43.937 0.384 -0.183 0.905
41.567 63.425 43.986 0.421 0.248 0.873
41.286 64.695 44.512 0.608 -0.599 0.521
41.367 64.922 44.627 0.67 -0.422 0.61
42.539 65.007 43.886 0.652 -0.41 0.637
42.625 65.412 44.201 0.595 -0.68 0.427
43.012 65.387 43.414 0.889 -0.22 0.401
43.025 65.734 43.802 0.881 -0.451 0.142
43.192 65.997 42.981 0.979 0.086 0.185
43.176 66.249 43.437 0.989 -0.083 -0.119
43.035 66.692 42.692 0.9 0.433 0.04
43.043 66.837 43.192 0.895 0.337 -0.293
42.578 67.307 42.614 0.672 0.74 0.002
42.658 67.356 43.127 0.619 0.708 -0.34
41.931 67.694 42.767 0.349 0.934 0.078
42.111 67.683 43.256 0.229 0.941 -0.248
41.45 65.167 44.749 0.615 -0.586 0.529
41.977 65.878 44.903 0.133 -0.348 0.928
41.371 65.596 45.051 0.536 -0.159 0.829
40.934 65.263 45.459 0.828 0.063 0.557
41.127 66.06 45.13 0.293 0.303 0.907
41.096 66.2 45.1 0.313 0.209 0.927
41.066 66.272 45.092 0.291 0.26 0.921
43.033 70.621 46.457 0.471 -0.711 -0.522
42.567 70.771 46.134 0.045 -0.574 -0.818
42.426 70.742 46.138 0.139 -0.555 -0.82
42.129 70.877 46.041 -0.048 -0.471 -0.881
43.005 71.866 45.005 0.002 -0.503 -0.864
43.211 71.708 45.07 -0.135 -0.398 -0.907
43.886 72.324 45.025 0.442 -0.274 -0.854
43.896 72.064 45.086 0.436 -0.101 -0.894
44.546 72.092 45.73 0.772 -0.391 -0.501
44.409 71.883 45.634 0.863 -0.251 -0.437
44.254 70.924 47.035 0.702 -0.415 -0.579
44.511 71.172 47.272 0.871 -0.251 -0.422
44.617 71.438 47.269 0.8 -0.428 -0.42
44.843 71.073 47.745 0.65 -0.185 -0.737
44.875 72.213 46.97 0.936 -0.33 0.118
44.829 71.86 47.503 0.967 -0.095 -0.237
45.048 71.482 47.971 0.821 0.157 -0.549
45.491 71.147 48.289 0.526 0.38 -0.761
44.838 72.268 47.837 0.974 0.225 0.026
45.057 71.877 48.294 0.828 0.486 -0.279
44.999 72.787 46.68 0.999 -0.043 -0.027
45.144 73.369 46.663 0.902 -0.431 -0.015
44.834 72.886 45.931 0.916 0.006 -0.401
45.005 73.452 46.03 0.803 -0.371 -0.467
44.418 73.193 45.357 0.708 0.16 -0.688
44.653 73.712 45.545 0.551 -0.186 -0.813
43.436 74.015 44.916 0.696 0.131 -0.706
42.878 73.478 44.632 0.273 -0.277 -0.921
43.592 74.259 45.065 0.592 -0.032 -0.806
43.174 75.144 44.885 0.857 0.462 -0.23
43.584 74.921 45.343 0.583 0.611 -0.536
44.16 74.872 45.649 0.199 0.643 -0.739
43.254 75.286 45.867 0.264 0.964 -0.028
43.191 75.329 46.093 0.306 0.935 -0.179
42.904 75.381 46.304 -0.034 0.997 0.071
42.152 75.552 46.356 0.468 0.883 0.036
41.5 75.601 46.118 -0.26 0.938 -0.231
41.421 75.559 46.004 -0.208 0.966 -0.155
41.33 75.527 45.956 -0.279 0.941 -0.193
42.646 75.527 47.031 0.139 0.9 -0.414
42.692 75.475 47.865 0.19 0.842 0.505
42.758 75.403 47.973 0.145 0.89 0.433
42.895 74.908 48.476 0.253 0.5 0.829
41.513 74.808 49.326 0.212 0.408 0.888
41.774 74.327 49.632 0.038 0.729 0.684
42.217 73.868 49.858 0.354 0.401 0.845
42.777 73.639 49.876 -0.019 0.553 0.833
41.869 73.252 50.066 0.106 -0.039 0.994
42.366 72.91 50.123 -0.225 0.189 0.956
44.151 72.375 50.033 0.272 0.609 0.745
43.562 72.033 50.289 -0.124 0.379 0.917
42.5 72.413 50.182 -0.158 -0.059 0.986
42.743 71.427 50.559 -0.32 0.598 0.735
42.455 70.317 50.859 -0.464 0.043 0.885
42.176 69.796 50.869 -0.278 0.39 0.878
43.227 69.596 51.16 -0.405 0.22 0.888
43.227 69.581 51.164 -0.405 0.211 0.89
42.115 69.148 51.011 -0.308 0.066 0.949
42.409 68.687 51.267 -0.504 0.374 0.779
41.656 68.725 50.774 -0.537 -0.145 0.831
41.95 68.264 51.03 -0.733 0.162 0.66
41.9 67.171 51.084 -0.61 0.271 0.745
42.027 67.732 51.133 -0.694 -0.103 0.712
42.391 67.007 51.4 -0.321 0.174 0.931
42.555 67.556 51.473 -0.431 -0.192 0.882
42.948 66.799 51.515 0.007 0.052 0.999
43.155 67.332 51.597 -0.13 -0.303 0.944
43.612 66.385 51.364 0.299 0.005 0.954
42.873 66.016 51.367 -0.037 -0.409 0.912
43.01 65.906 51.335 -0.128 -0.335 0.933
43.145 65.789 51.323 -0.218 -0.257 0.942
42.52 65.438 50.864 -0.245 -0.749 0.616
42.689 65.379 50.877 -0.357 -0.71 0.608
42.849 65.305 50.902 -0.464 -0.66 0.591
42.632 65.065 50.115 -0.179 -0.968 0.175
42.791 65.039 50.194 -0.284 -0.951 0.123
42.943 64.993 50.275 -0.386 -0.92 0.069
43.159 65.065 49.456 0.131 -0.968 -0.212
43.271 65.039 49.593 0.057 -0.951 -0.304
43.384 64.993 49.724 -0.018 -0.92 -0.391
43.865 65.437 49.182 0.547 -0.749 -0.374
43.915 65.378 49.343 0.514 -0.71 -0.481
43.975 65.304 49.494 0.474 -0.661 -0.582
44.433 65.905 49.556 0.882 -0.336 -0.33
44.169 66.086 48.827 0.725 -0.368 -0.582
44.468 66.565 48.706 0.526 -0.687 -0.501
43.748 66.214 48.409 0.478 -0.293 -0.828
44.015 66.702 48.256 0.3 -0.618 -0.727
43.221 66.399 48.17 0.168 -0.184 -0.969
43.448 66.901 48 0.016 -0.519 -0.855
42.144 67.272 48.042 -0.049 -0.496 -0.867
42.024 67.222 48.085 -0.141 -0.534 -0.834
42.422 65.818 48.465 -0.302 -0.525 -0.795
42.072 65.861 48.516 -0.069 -0.555 -0.829
42.305 65.326 49.059 -0.371 -0.815 -0.446
41.974 65.45 49.013 -0.15 -0.897 -0.415
42.033 65.271 49.788 -0.531 -0.847 -0.017
41.746 65.404 49.622 -0.34 -0.936 0.093
41.71 65.673 50.372 -0.721 -0.611 0.327
41.476 65.74 50.112 -0.565 -0.656 0.501
41.459 66.378 50.59 -0.869 -0.196 0.455
41.266 66.33 50.294 -0.74 -0.164 0.652
41.831 67.176 48.132 -0.013 -0.502 -0.864
41.548 67.131 48.209 -0.277 -0.544 -0.792
43.134 67.868 47.526 0.202 -0.574 -0.794
43.428 67.406 47.781 0.006 -0.266 -0.964
43.698 68.237 47.545 0.484 -0.389 -0.784
43.992 67.776 47.801 0.288 -0.082 -0.954
44.641 68.775 48.081 0.406 -0.252 -0.878
44.641 68.776 48.081 0.406 -0.251 -0.879
43.76 68.877 47.403 0.514 -0.069 -0.855
44.039 69.398 47.393 0.328 -0.416 -0.848
45.78 70.551 48.362 0.696 0.03 -0.718
46.099 70.088 48.497 0.483 0.339 -0.808
46.06 70.912 48.82 0.86 0.242 -0.448
46.401 70.476 48.989 0.633 0.533 -0.561
46.125 71.219 49.386 0.899 0.423 -0.116
46.471 70.806 49.598 0.668 0.698 -0.257
45.966 71.428 49.977 0.805 0.546 0.232
46.299 71.031 50.234 0.583 0.81 0.061
45.605 71.508 50.508 0.593 0.593 0.545
45.912 71.117 50.805 0.389 0.854 0.346
45.095 71.449 50.902 0.293 0.558 0.776
45.363 71.053 51.229 0.115 0.822 0.558
44.511 71.258 51.101 -0.051 0.446 0.894
44.734 70.848 51.443 -0.2 0.719 0.666
46.131 68.053 49.033 0.499 -0.678 -0.54
45.828 67.569 49.15 0.701 -0.356 -0.618
46.444 67.972 49.646 0.655 -0.719 -0.233
46.118 67.494 49.721 0.872 -0.4 -0.282
46.524 67.989 50.335 0.695 -0.71 0.111
46.193 67.51 50.361 0.916 -0.391 0.094
46.361 68.103 50.999 0.613 -0.654 0.444
46.041 67.615 50.978 0.826 -0.329 0.457
45.977 68.296 51.543 0.422 -0.557 0.716
45.685 67.795 51.484 0.617 -0.223 0.755
45.429 68.542 51.89 0.148 -0.434 0.889
45.175 68.024 51.806 0.317 -0.088 0.944
44.795 68.805 51.988 -0.17 -0.303 0.938
44.585 68.268 51.898 -0.03 0.055 0.998
43.545 67.727 51.693 0.065 -0.106 0.992
44.108 67.852 51.785 -0.31 -0.189 0.932
45.347 67.142 49.052 0.418 -0.607 -0.676
44.878 66.963 48.755 0.731 -0.488 -0.477
44.757 66.322 49.696 0.666 -0.613 -0.424
45.329 66.64 50.44 0.408 -0.902 0.141
44.838 66.272 50.397 0.735 -0.656 0.169
44.532 65.737 50.397 0.939 -0.3 0.17
44.986 66.84 51.195 0.206 -0.785 0.585
44.554 66.437 51.023 0.495 -0.516 0.699
44.246 65.904 51.028 0.7 -0.161 0.696
44.009 66.758 51.342 0.034 -0.244 0.969
44.288 72.391 49.98 0.181 0.599 0.78
45.313 72.031 49.766 0.421 0.9 0.108
44.887 72.431 49.452 0.705 0.634 0.318
44.668 73.017 49.23 0.851 0.243 0.465
45.042 72.192 48.704 0.841 0.424 -0.336
45.018 72.146 48.565 0.857 0.455 -0.244
45.016 72.035 48.404 0.855 0.38 -0.352
44.781 73.262 47.888 0.984 -0.062 0.168
44.689 73.599 48.088 0.895 0.262 0.361
45.053 74.498 47.241 0.837 0.375 0.398
44.871 74.743 47.553 0.959 0.212 0.189
44.861 74.962 46.819 0.7 0.707 0.096
44.694 75.171 47.165 0.812 0.568 -0.134
44.394 75.256 46.465 0.366 0.917 -0.157
44.264 75.441 46.839 0.453 0.794 -0.406
44.601 73.757 48.245 0.954 0.156 0.256
44.207 74.083 48.65 0.544 0.495 0.677
44.229 70.712 47.125 0.719 -0.274 -0.639
44.141 71.091 46.683 0.777 -0.527 -0.345
43.538 70.383 46.907 0.134 -0.553 -0.823
43.52 70.795 46.488 0.146 -0.827 -0.543
40.891 63.994 44.586 0.872 -0.131 0.472
41.139 63.372 44.321 0.706 0.283 0.649
40.831 63.938 44.663 0.794 -0.203 0.573
41.071 63.31 44.408 0.634 0.216 0.743
42.082 62.158 44.415 0.604 0.286 0.744
42.53 62.395 44.115 0.306 0.128 0.943
42.844 61.064 43.88 0.456 0.165 0.874
43.436 60.749 43.803 0.062 0.375 0.925
42.71 60.778 43.945 0.326 -0.114 0.938
43.317 60.495 43.862 -0.078 0.074 0.994
42.42 60.257 44.12 0.52 0.233 0.822
42.214 60.158 44.247 0.366 0.159 0.917
43.403 59.847 44.075 -0.136 0.506 0.852
43.323 59.004 44.477 0.485 0.328 0.811
43.776 59.361 44.224 0.183 0.09 0.979
44.278 59.742 44.231 -0.152 -0.164 0.975
44.136 58.882 44.027 0.491 -0.319 0.811
44.157 57.676 44.144 0.477 0.485 0.733
43.776 57.385 44.394 0.114 0.207 0.972
43.51 57.26 44.484 0.292 0.291 0.911
43.401 57.221 44.525 0.21 0.262 0.942
43.045 57.367 44.62 0.448 0.165 0.879
43.069 56.775 44.877 0.432 0.559 0.708
43.213 56.339 45.33 0.336 0.85 0.406
42.646 57.359 44.704 -0.063 0.155 0.986
42.748 56.769 44.944 -0.131 0.549 0.826
42.813 56.331 45.413 -0.175 0.84 0.513
42.158 58.462 44.764 -0.2 0.009 0.98
41.681 58.114 44.789 0.118 0.241 0.963
42.282 56.887 44.886 0.179 0.47 0.864
42.557 56.346 45.348 -0.004 0.831 0.557
41.818 56.69 44.942 -0.28 0.276 0.92
42.11 56.156 45.402 -0.475 0.631 0.613
41.555 56.716 44.881 -0.105 0.258 0.96
41.665 56.17 45.178 -0.178 0.622 0.762
41.727 55.789 45.678 -0.219 0.876 0.429
41.437 56.683 44.869 -0.219 0.228 0.949
41.563 56.142 45.168 -0.303 0.589 0.75
41.608 55.757 45.666 -0.333 0.845 0.418
40.04 57.838 44.271 -0.702 0.102 0.704
40.092 57.638 44.377 -0.737 0.235 0.634
40.452 55.955 43.887 -0.864 -0.24 0.443
40.555 55.382 44.055 -0.933 0.142 0.332
40.431 54.845 44.304 -0.85 0.5 0.166
40.099 54.429 44.593 -0.628 0.777 -0.027
40.415 55.904 43.759 -0.912 -0.308 0.272
40.533 55.351 43.976 -0.99 0.06 0.127
40.409 54.813 44.225 -0.907 0.419 -0.039
40.063 54.378 44.464 -0.677 0.709 -0.199
40.417 55.842 43.701 -0.913 -0.267 0.31
40.505 55.229 43.881 -0.971 0.142 0.19
40.395 55.702 43.235 -0.928 -0.37 -0.035
40.484 55.089 43.415 -0.987 0.038 -0.154
39.682 56.698 42.998 -0.881 -0.467 0.068
39.591 56.548 42.444 -0.821 -0.367 0.438
39.238 57.777 42.548 -0.821 -0.534 0.203
38.764 58.145 42.297 -0.505 -0.78 0.37
39.235 57.8 42.588 -0.824 -0.514 0.238
38.761 58.167 42.334 -0.508 -0.759 0.407
38.714 58.045 42.073 -0.471 -0.713 0.52
39.158 57.611 42.13 -0.767 -0.424 0.481
38.648 57.941 41.758 -0.539 -0.819 0.199
39.089 57.503 41.802 -0.833 -0.527 0.17
40.367 55.623 42.782 -0.91 -0.318 0.268
40.499 55.043 43.165 -0.998 0.069 0.012
40.366 55.599 42.746 -0.911 -0.34 0.234
40.498 55.018 43.128 -0.999 0.047 -0.021
40.313 55.501 42.5 -0.875 -0.274 0.398
40.421 54.85 42.682 -0.948 0.16 0.277
40.293 55.344 41.952 -0.895 -0.426 -0.133
40.401 54.693 42.134 -0.967 0.008 -0.254
40.371 55.185 41.766 -0.947 -0.32 -0.009
40.387 55.182 41.585 -0.936 -0.322 -0.144
39.947 55.702 40.807 -0.642 -0.669 0.375
39.878 55.765 40.789 -0.706 -0.611 0.358
39.785 55.877 40.818 -0.644 -0.686 0.339
39.629 56.046 40.812 -0.749 -0.572 0.335
39.363 56.298 40.781 -0.571 -0.74 0.355
39.041 57 41.044 -0.806 -0.228 0.546
38.926 55.53 39.729 -0.331 -0.654 0.68
38.931 55.283 39.342 -0.327 -0.897 0.298
38.718 55.486 37.665 -0.157 -0.985 -0.07
38.528 55.55 37.518 -0.298 -0.938 -0.179
37.432 55.446 38.391 -0.476 -0.841 -0.257
37.26 55.583 38.013 -0.361 -0.932 -0.005
36.913 55.879 38.724 -0.847 -0.532 -0.019
36.782 55.982 38.319 -0.76 -0.6 0.25
36.486 57.334 39.113 -0.845 -0.535 -0.019
36.496 57.319 39.179 -0.836 -0.547 0.036
36.564 57.204 39.169 -0.882 -0.47 0.043
36.746 57.155 39.62 -0.7 -0.518 0.491
36.698 57.266 39.68 -0.668 -0.591 0.451
37.039 57.315 40.03 -0.386 -0.55 0.74
36.439 57.375 38.863 -0.814 -0.563 0.147
35.776 58.142 38.708 -0.507 -0.737 -0.446
36.355 57.584 38.431 -0.893 -0.366 -0.262
36.503 56.85 38.028 -0.992 0.124 0.007
36.491 57.839 38.039 -0.765 -0.125 -0.632
35.991 58.907 37.597 -0.432 -0.836 -0.338
35.328 59.573 37.864 -0.933 -0.333 -0.136
34.829 59.264 39.424 -0.98 -0.176 -0.089
34.775 59.494 39.299 -0.944 -0.329 -0.005
35.267 59.701 37.912 -0.892 -0.419 -0.168
34.924 60.132 38.662 -0.82 0.203 -0.536
35.175 60.237 37.99 -0.987 0.133 -0.087
35.08 60.388 37.288 -0.924 0.033 0.381
35.388 60.727 38.116 -0.768 0.639 0.042
36.363 58.752 37.131 -0.68 -0.733 -0.027
36.682 58.281 37.339 -0.893 -0.419 -0.166
36.783 57.707 37.507 -0.96 -0.037 -0.277
36.406 58.731 37.025 -0.61 -0.767 -0.198
36.715 58.265 37.26 -0.816 -0.457 -0.354
36.824 57.687 37.408 -0.889 -0.072 -0.453
36.513 58.675 36.79 -0.682 -0.73 -0.041
36.164 59.17 36.018 -0.15 -0.837 -0.526
36.705 58.818 36.148 -0.511 -0.603 -0.613
37.099 58.293 36.102 -0.773 -0.252 -0.582
37.111 59.214 35.763 -0.149 -0.25 -0.957
36.767 60.312 35.411 0.281 -0.022 -0.96
37.455 60.227 35.447 -0.177 0.035 -0.984
37.453 61.134 35.722 -0.14 0.404 -0.904
37.317 61.682 36.342 -0.264 0.902 -0.341
38.997 59.993 35.441 -0.307 -0.037 -0.951
39.227 59.472 35.262 -0.46 0.31 -0.832
39.347 59.024 34.886 -0.541 0.608 -0.581
39.033 60.012 35.43 -0.251 -0.007 -0.968
39.254 59.486 35.254 -0.399 0.343 -0.851
39.381 59.042 34.876 -0.483 0.639 -0.598
39.129 59.93 35.4 -0.315 0.047 -0.948
39.4 59.341 35.101 -0.496 0.44 -0.749
39.451 60.098 35.379 0.045 0.235 -0.971
39.749 59.523 35.079 -0.153 0.619 -0.771
39.983 60.614 35.516 0.143 0.336 -0.931
40.513 60.255 35.305 -0.21 0.575 -0.79
40.98 60.07 34.854 -0.521 0.699 -0.49
40.237 60.789 35.77 0.592 0.646 -0.481
40.709 60.39 35.501 0.277 0.912 -0.302
41.266 60.267 35.141 -0.094 0.994 -0.062
41.966 60.552 35.347 -0.56 0.804 -0.2
42.067 60.517 35.63 -0.25 0.697 0.672
40.301 60.927 35.986 0.549 0.554 -0.625
40.402 60.892 36.269 0.86 0.448 0.246
40.419 61.346 37.401 0.848 0.145 -0.509
40.957 61.458 37.941 0.49 0.07 -0.869
40.28 61.667 37.479 0.608 0.7 -0.375
40.825 61.763 38.015 0.245 0.636 -0.732
39.103 62.44 37.587 0.095 0.952 -0.29
39.199 62.773 38.176 0.03 0.73 -0.683
39.305 63.334 38.552 -0.04 0.356 -0.934
38.79 62.357 37.736 -0.653 0.755 0.064
39.033 62.729 38.254 -0.815 0.507 -0.282
39.023 63.259 38.686 -0.808 0.154 -0.569
39.981 64.264 38.397 -0.491 -0.264 -0.83
39.937 64.367 38.398 -0.538 -0.152 -0.829
41.383 63.422 38.227 -0.127 -0.47 -0.873
41.451 62.772 38.393 -0.173 -0.037 -0.984
41.829 63.489 38.309 0.554 -0.367 -0.748
41.897 62.84 38.475 0.509 0.066 -0.859
42 64.666 37.521 0.546 -0.194 -0.815
42.309 64.796 37.645 0.34 -0.28 -0.898
41.605 65.297 37.397 0.217 0.332 -0.918
41.837 65.55 37.497 0.062 0.164 -0.985
40.947 65.598 37.609 -0.332 0.583 -0.742
41.05 65.91 37.75 -0.401 0.375 -0.836
42.074 63.489 38.454 0.39 -0.367 -0.845
42.036 62.84 38.549 0.415 0.066 -0.907
42.219 63.491 38.539 0.547 -0.365 -0.754
42.17 62.842 38.626 0.58 0.068 -0.812
42.876 63.566 38.763 0.109 -0.415 -0.903
43.464 64.112 38.976 0.714 0.147 -0.684
42.831 65.314 37.876 0.647 0.025 -0.762
43.067 65.535 38.027 0.49 -0.123 -0.863
42.383 66.127 37.854 0.383 0.503 -0.775
42.692 66.215 38.009 0.177 0.444 -0.878
42.118 66.771 38.468 0.228 0.882 -0.413
42.47 66.754 38.523 -0.007 0.893 -0.45
41.633 66.969 39.147 -0.058 0.998 -0.014
41.387 67.073 39.659 0.106 0.929 -0.355
41.129 66.84 38.907 -0.354 0.922 -0.155
40.845 66.934 39.401 -0.165 0.859 -0.484
40.696 66.532 38.692 -0.609 0.741 -0.282
40.379 66.604 39.169 -0.398 0.694 -0.6
41.353 67.198 40.17 0.089 0.991 -0.1
41.636 67.336 40.66 -0.099 0.899 -0.426
42.35 66.881 39.883 0.152 0.967 -0.205
42.839 66.917 40.617 0.609 0.653 -0.451
42.867 66.689 40.043 0.59 0.804 -0.069
43.045 66.666 39.453 0.472 0.82 0.325
43.275 66.401 40.771 0.865 0.349 -0.361
43.228 66.261 40.171 0.896 0.442 0.039
43.409 66.234 39.582 0.775 0.46 0.432
43.346 65.703 40.236 0.995 -0.031 0.093
43.603 64.914 40.792 0.823 0.495 -0.277
43.662 64.902 41.049 0.872 0.485 -0.063
43.584 65.128 41.228 0.925 0.334 -0.183
43.901 64.622 41.257 0.713 0.671 -0.202
43.48 65.066 41.927 0.824 0.274 0.496
43.805 64.565 41.903 0.607 0.607 0.512
44.869 63.836 41.107 0.791 0.534 -0.3
44.821 63.79 40.756 0.823 0.565 -0.066
45.104 63.237 41.276 0.987 0.035 -0.158
45.102 63.074 40.958 0.988 0.143 0.054
44.88 62.076 41.649 0.98 0.029 0.198
45.039 61.443 41.674 0.874 0.451 0.181
44.877 62.076 41.663 0.975 0.029 0.22
45.036 61.443 41.689 0.869 0.451 0.203
44.85 62.098 41.816 0.993 0.014 0.118
44.981 61.483 41.964 0.906 0.424 0.019
44.572 62.189 42.334 0.657 0.123 0.743
44.679 61.582 42.527 0.586 0.528 0.615
44.5 62.11 42.419 0.705 0.176 0.687
44.609 61.454 42.74 0.633 0.614 0.473
44.321 62.137 42.534 0.377 0.225 0.899
44.43 61.48 42.856 0.304 0.663 0.684
43.858 62.617 42.799 0.685 -0.095 0.722
43.474 63.377 42.839 0.362 0.547 0.755
43.749 61.778 43.196 0.758 0.465 0.457
44.14 61.331 43.262 0.498 0.763 0.414
43.197 61.305 43.728 0.221 0.004 0.975
43.63 60.893 43.754 -0.067 0.279 0.958
45.429 60.626 43.228 0.807 0.573 0.139
45.523 60.65 42.885 0.744 0.557 0.368
45.62 60.047 43.35 0.966 0.091 0.24
45.752 59.958 43.03 0.879 0.15 0.454
45.659 59.009 43.097 0.692 -0.062 0.719
46.083 58.515 42.867 0.409 0.268 0.872
45.601 58.942 43.136 0.601 -0.17 0.781
46.026 58.447 42.906 0.317 0.16 0.935
45.487 58.872 43.219 0.676 -0.123 0.726
45.802 58.326 43.031 0.466 0.24 0.851
45.344 58.764 43.301 0.5 -0.256 0.828
45.646 58.209 43.12 0.298 0.114 0.948
44.944 58.515 43.587 0.766 -0.09 0.636
45.014 57.748 43.714 0.72 0.421 0.552
44.63 58.521 43.768 0.162 -0.079 0.984
44.682 57.755 43.905 0.127 0.432 0.893
45.669 57.332 43.556 0.283 0.699 0.657
45.766 56.758 44.138 0.758 0.537 0.371
46.043 56.955 43.627 0.573 0.406 0.712
46.464 57.253 43.294 0.292 0.207 0.934
46.275 56.477 43.556 0.753 0.035 0.657
46.415 55.867 43.629 0.66 0.442 0.608
47.046 55.624 43.4 0.239 0.603 0.761
46.375 55.641 43.759 0.606 0.138 0.783
47.006 55.398 43.531 0.186 0.3 0.936
46.076 55.348 44.2 0.806 0.333 0.489
46.393 54.846 44.263 0.595 0.668 0.447
45.643 55.147 44.634 0.383 0.136 0.914
45.942 54.636 44.715 0.184 0.477 0.859
44.926 55.307 45.244 0.861 0.029 0.507
45.041 56.332 44.939 0.24 0.232 0.943
44.577 55.875 45.392 0.549 0.538 0.64
44.344 55.643 46.115 0.704 0.692 0.158
44.015 56.233 45.247 0.045 0.859 0.51
43.781 56.197 45.377 0.202 0.883 0.424
43.592 56.244 45.339 0.083 0.913 0.4
45.084 54.514 45.492 0.756 0.558 0.342
45.623 54.264 45.16 0.397 0.725 0.563
45.087 54.499 45.509 0.759 0.544 0.357
45.626 54.249 45.176 0.4 0.71 0.579
45.089 54.421 45.646 0.758 0.596 0.266
45.614 54.098 45.417 0.408 0.811 0.419
44.687 54.275 46.541 0.906 -0.112 0.409
45.02 53.961 46.069 0.683 0.097 0.724
45.551 53.675 45.806 0.33 0.288 0.899
46.177 53.471 45.802 -0.088 0.424 0.902
44.757 53.39 46.098 0.399 -0.52 0.755
45.309 53.15 45.833 0.031 -0.36 0.932
44.204 53.861 47.032 0.622 -0.356 0.697
43.867 53.483 47.295 0.847 -0.104 0.522
43.962 54.321 47.331 0.479 -0.085 0.873
43.607 53.978 47.617 0.716 0.144 0.683
43.623 54.804 47.442 0.28 0.199 0.939
43.243 54.498 47.737 0.534 0.403 0.743
43.231 55.25 47.352 0.05 0.461 0.886
42.821 54.977 47.64 0.323 0.643 0.694
42.834 55.602 47.072 -0.184 0.668 0.721
42.393 55.356 47.338 0.11 0.832 0.543
42.481 55.816 46.635 -0.391 0.794 0.464
42.014 55.586 46.869 -0.08 0.948 0.309
44.429 53.112 46.164 0.618 -0.334 0.712
45.117 53.014 45.806 0.159 -0.269 0.95
44.391 52.987 46.122 0.571 -0.49 0.659
45.084 52.906 45.77 0.108 -0.436 0.894
44.044 52.548 46.264 0.802 -0.197 0.565
44.344 52.181 45.915 0.602 0.048 0.797
43.763 52.185 46.371 0.564 -0.503 0.655
44.09 51.855 46.012 0.345 -0.283 0.895
43.386 52.289 47.491 0.815 -0.572 -0.091
43.432 52.021 48.075 0.784 -0.393 -0.48
43.696 51.643 48.526 0.608 -0.141 -0.781
43.747 53.263 47.409 0.787 -0.214 0.579
43.501 52.836 47.825 0.951 0.071 0.302
43.518 52.428 48.324 0.939 0.342 -0.031
43.796 52.115 48.815 0.754 0.551 -0.358
44.282 51.955 49.207 0.43 0.657 -0.619
43.092 53.161 48.212 0.469 0.453 0.758
43.213 52.671 48.613 0.388 0.78 0.491
43.441 52.397 49.15 0.236 0.963 0.133
42.834 53.175 48.41 0.641 0.444 0.626
42.817 52.745 49.042 0.652 0.73 0.205
42.744 53.235 48.449 0.553 0.503 0.664
42.729 52.805 49.081 0.563 0.79 0.243
42.571 53.505 48.44 0.669 0.323 0.67
42.356 53.239 48.993 0.812 0.5 0.301
42.37 53.114 49.631 0.803 0.584 -0.124
41.986 54.373 48.122 -0.094 0.341 0.935
41.953 53.824 48.469 -0.072 0.707 0.704
41.9 53.475 49.014 -0.037 0.94 0.34
41.837 53.39 49.655 0.005 0.996 -0.087
41.775 53.585 50.272 0.047 0.866 -0.498
41.355 53.501 48.32 -0.789 0.318 0.525
41.459 53.236 48.904 -0.858 0.495 0.135
41.321 53.11 49.526 -0.766 0.578 -0.28
40.879 53.235 48.013 -0.472 0.495 0.729
40.595 52.755 48.349 -0.282 0.815 0.506
40.786 53.24 47.942 -0.541 0.499 0.677
40.502 52.76 48.278 -0.352 0.819 0.453
40.473 53.408 47.668 -0.332 0.388 0.86
40.059 53.833 46.947 -0.634 0.697 0.336
40.465 54.727 46.34 -0.854 0.518 0.045
39.629 54.151 45.935 -0.297 0.902 0.315
40.956 55.281 45.296 -0.943 0.333 -0.014
40.993 55.765 44.895 -0.967 0.01 0.253
40.774 56.252 44.562 -0.822 -0.314 0.475
41.517 55.727 45.661 -0.272 0.865 0.421
41.397 56.086 45.158 -0.192 0.626 0.756
41.227 56.611 44.855 -0.078 0.276 0.958
40.577 56.101 44.238 -0.69 -0.213 0.691
40.641 55.492 44.296 -0.733 0.193 0.652
40.521 54.932 44.52 -0.653 0.566 0.503
40.235 54.514 44.87 -0.463 0.844 0.27
40.509 56.068 44.111 -0.902 -0.315 0.294
40.624 55.484 44.263 -0.978 0.074 0.193
40.491 54.918 44.465 -0.89 0.452 0.058
40.135 54.466 44.681 -0.652 0.753 -0.086
38.83 53.375 46.309 -0.696 0.514 0.501
38.879 53.138 46.863 -0.729 0.672 0.132
38.278 52.223 45.753 -0.973 -0.062 0.224
38.143 51.551 46.491 -0.883 0.386 -0.268
38.341 53.01 45.165 -0.941 0.331 -0.071
38.368 53.106 44.917 -0.959 0.267 0.095
38.866 53.806 45.123 -0.678 0.729 -0.092
38.777 53.725 44.884 -0.619 0.783 0.068
39.841 54.079 44.139 -0.613 0.744 -0.265
39.817 53.924 43.891 -0.632 0.621 -0.463
39.823 53.772 43.599 -0.637 0.723 -0.269
39.671 52.956 43.234 -0.782 -0.061 -0.62
39.736 52.854 43.152 -0.825 0.007 -0.565
39.768 52.712 43.116 -0.804 -0.089 -0.589
39.896 52.359 42.885 -0.889 0.146 -0.435
39.509 51.849 43.141 -0.631 0.486 -0.605
40.29 51.866 42.546 -0.467 -0.381 -0.798
39.885 51.379 42.817 -0.197 -0.056 -0.979
40.918 51.646 41.95 -0.886 -0.234 -0.401
41.001 50.983 41.747 -0.941 0.208 -0.266
40.936 51.662 41.903 -0.866 -0.216 -0.452
41.019 50.999 41.702 -0.921 0.227 -0.318
40.706 52.384 41.359 -0.712 -0.697 -0.089
40.23 52.84 41.938 -0.825 -0.268 -0.498
40.423 52.866 41.344 -0.953 -0.286 -0.102
40.367 52.818 40.723 -0.916 -0.253 0.312
40.4 53.424 41.306 -0.973 0.189 -0.135
40.443 54.489 40.893 -0.979 -0.184 0.083
40.2 54.846 40.428 -0.817 -0.422 0.393
40.447 54.695 41.042 -0.976 0.003 0.218
40.203 55.029 40.561 -0.813 -0.22 0.539
40.265 54.573 40.344 -0.861 -0.24 0.449
40.238 54.459 40.19 -0.887 -0.351 0.299
40.121 54.54 40.001 -0.809 -0.405 0.425
40.34 54.018 40.204 -0.955 -0.057 0.29
40.177 54.365 39.492 -0.736 -0.633 -0.239
40.396 53.843 39.695 -0.882 -0.285 -0.375
40.153 54.44 39.318 -0.72 -0.683 -0.124
40.412 53.894 39.611 -0.892 -0.319 -0.319
40.725 54.366 38.791 -0.165 -0.755 -0.635
40.92 53.829 39.143 -0.295 -0.396 -0.869
40.796 54.429 38.688 -0.212 -0.797 -0.566
41.062 53.993 38.993 -0.389 -0.506 -0.77
41.121 54.515 38.534 0.028 -0.733 -0.679
41.377 54.076 38.845 -0.143 -0.441 -0.886
41.476 54.723 38.179 -0.209 -0.872 -0.442
42.027 54.444 38.182 -0.576 -0.686 -0.444
41.482 54.735 38.154 -0.204 -0.862 -0.463
42.033 54.455 38.158 -0.571 -0.676 -0.466
41.21 55.254 36.21 -0.083 -0.994 -0.073
41.808 55.078 36.102 -0.482 -0.876 -0.001
41.205 55.257 36.18 -0.086 -0.992 -0.094
41.803 55.081 36.072 -0.485 -0.874 -0.022
41.248 55.256 35.93 -0.115 -0.991 0.073
41.868 54.973 35.624 -0.528 -0.803 0.277
41.115 55.321 35.582 -0.254 -0.921 -0.294
41.747 55.034 35.304 -0.675 -0.729 -0.11
39.757 55.391 35.437 -0.087 -0.822 -0.563
40.057 55.562 34.899 -0.286 -0.936 -0.204
38.263 55.671 37.128 -0.319 -0.926 -0.202
38.399 55.608 37.322 -0.212 -0.976 -0.049
38.189 55.715 37.007 -0.27 -0.955 -0.122
37.322 56.023 37.102 -0.31 -0.566 -0.764
37.833 56.057 36.675 -0.651 -0.589 -0.479
38.151 55.916 36.105 -0.863 -0.495 -0.099
37.724 56.622 36.524 -0.768 0.017 -0.64
37.369 57.23 36.693 -0.531 -0.388 -0.753
36.922 57.615 37.175 -0.955 -0.023 -0.297
37.843 57.18 36.157 -0.847 -0.355 -0.396
37.904 57.261 35.998 -0.787 -0.276 -0.552
38.361 57.872 35.356 -0.733 -0.177 -0.657
38.384 57.98 35.309 -0.715 -0.092 -0.693
38.46 58.058 35.211 -0.765 -0.144 -0.627
38.607 58.517 35.146 -0.593 0.393 -0.703
38.351 59.149 35.451 -0.422 -0.028 -0.906
38.799 58.7 35.049 -0.721 0.272 -0.638
38.632 59.435 35.424 -0.064 0.335 -0.94
39.05 58.955 35.025 -0.343 0.655 -0.674
39.169 57.32 33.886 -0.678 -0.358 -0.643
39.214 57.062 33.944 -0.708 -0.186 -0.682
40.377 58.101 33.176 -0.559 -0.259 -0.788
39.576 58.306 33.675 -0.339 0.464 -0.819
40.195 58.598 33.35 -0.752 0.269 -0.602
40.527 58.993 32.795 -0.973 0.006 -0.232
40.249 58.996 33.736 -0.695 0.693 -0.192
40.328 59.104 33.8 -0.748 0.621 -0.235
40.475 59.299 34.023 -0.637 0.768 -0.067
40.484 58.015 33.119 -0.63 -0.202 -0.75
41.188 57.934 32.516 -0.5 -0.751 -0.431
40.905 57.591 33.06 -0.312 -0.522 -0.794
40.52 57.076 33.343 -0.055 -0.179 -0.982
41.436 57.34 33.189 0.089 -0.712 -0.697
42.093 57.236 33.168 -0.348 -0.642 -0.683
42.313 56.544 33.418 -0.495 -0.181 -0.85
42.272 57.266 33.096 -0.041 -0.591 -0.805
42.483 56.572 33.351 -0.181 -0.129 -0.975
42.492 57.461 32.889 -0.187 -0.721 -0.667
42.635 58.195 32.236 0.533 -0.564 -0.631
43.02 57.879 32.63 0.276 -0.354 -0.894
43.479 57.468 32.784 -0.03 -0.08 -0.996
43.422 58.46 32.78 0.628 0.155 -0.762
43.029 59.499 32.49 0.815 0.367 -0.449
43.499 59.514 32.999 0.501 0.357 -0.788
43.056 60.202 33.281 0.361 0.645 -0.673
42.429 60.5 33.648 -0.21 0.917 -0.338
41.506 60.304 33.391 -0.274 0.942 0.194
41.778 60.424 34.016 -0.455 0.862 -0.223
44.668 59.576 33.792 0.152 0.379 -0.913
45.252 59.216 33.546 -0.237 0.619 -0.749
44.771 59.683 33.878 0.31 0.541 -0.782
45.35 59.318 33.628 -0.077 0.785 -0.615
44.89 60.252 34.144 0.23 0.162 -0.96
45.546 60.311 34.161 -0.207 0.122 -0.971
46.141 60.405 33.897 -0.604 0.06 -0.795
44.974 60.635 34.802 0.386 0.881 0.274
45.604 60.579 34.621 -0.034 0.918 0.395
46.224 60.788 34.555 -0.448 0.779 0.439
44.959 60.585 35.086 0.396 0.914 0.085
45.564 60.459 35.132 -0.008 0.999 0.054
46.168 60.588 35.192 -0.41 0.912 0.014
44.92 60.449 35.453 0.342 0.724 0.599
45.531 60.341 35.448 -0.065 0.795 0.603
46.125 60.438 35.598 -0.462 0.731 0.503
46.517 60.519 36.15 -0.723 0.677 0.135
46.489 60.315 36.282 -0.817 -0.002 0.576
44.91 60.366 35.571 0.349 0.779 0.521
44.882 60.163 35.703 0.254 0.1 0.962
44.869 59.789 35.796 0.263 0.349 0.9
45.506 59.538 35.884 -0.162 0.516 0.841
44.834 59.714 35.83 0.219 0.252 0.943
45.472 59.462 35.918 -0.206 0.42 0.884
43.892 59.768 36.516 0.847 0.216 0.485
43.767 59.553 37.134 0.93 0.359 0.073
43.917 59.445 37.774 0.83 0.431 -0.353
43.475 60.086 36.596 0.12 0.773 0.623
43.448 59.798 37.195 0.138 0.965 0.224
43.461 59.795 37.861 0.129 0.967 -0.22
42.756 60.922 38.687 0.599 0.215 -0.771
43.09 60.437 38.662 0.376 0.538 -0.754
42.763 60.927 38.694 0.607 0.22 -0.764
43.098 60.442 38.669 0.383 0.543 -0.747
43.065 62.069 38.887 0.438 -0.196 -0.877
42.807 62.511 38.826 0.155 0.288 -0.945
43.174 62.066 38.937 0.366 -0.194 -0.91
43.289 61.885 39.046 0.453 -0.333 -0.827
43.671 61.484 39.272 0.199 -0.065 -0.978
43.63 60.732 39.112 0.226 0.436 -0.871
44.106 61.405 39.651 0.914 -0.196 -0.356
44.113 60.644 39.532 0.909 0.312 -0.277
44.791 62.656 39.746 0.953 -0.178 -0.244
44.909 62.595 40.077 0.875 -0.138 -0.465
44.724 63.319 39.759 0.898 0.375 -0.232
44.829 63.388 40.094 0.828 0.329 -0.455
43.837 64.234 39.531 0.833 0.507 -0.222
43.608 64.787 39.34 0.986 0.138 -0.095
43.658 64.018 39.125 0.585 0.21 -0.783
43.428 64.571 38.933 0.738 -0.159 -0.655
43.618 64.858 39.475 0.979 0.091 -0.184
43.855 64.364 39.778 0.821 0.42 -0.387
43.528 65.1 39.904 0.873 0.371 0.315
43.757 64.626 40.243 0.721 0.687 0.088
44.201 61.261 39.89 0.851 -0.1 -0.516
44.188 60.57 39.661 0.859 0.361 -0.363
44.229 61.242 39.946 0.881 -0.12 -0.458
44.217 60.551 39.716 0.889 0.341 -0.305
44.686 61.202 40.477 0.577 -0.093 -0.812
45.003 62.254 40.623 0.93 -0.339 -0.143
45.018 61.47 40.928 0.92 0.184 -0.346
45.467 60.772 41.068 0.62 0.649 -0.44
44.999 61.616 41.531 0.9 0.336 0.277
44.708 60.115 40.061 0.562 0.632 -0.534
44.875 59.924 40.065 0.714 0.456 -0.531
45.51 59.658 40.345 0.291 0.633 -0.717
45.846 59.251 39.899 0.067 0.905 -0.42
45.713 60.24 40.965 0.825 0.206 -0.526
45.865 59.637 40.664 0.724 0.608 -0.326
46.246 59.227 40.261 0.47 0.881 -0.057
46.777 59.097 39.839 0.116 0.968 0.224
46.026 59.429 41.064 0.921 0.354 0.162
46.428 58.993 40.712 0.653 0.645 0.397
46.05 59.381 41.574 0.905 0.386 -0.178
46.417 58.883 41.635 0.66 0.719 -0.219
46.052 59.403 41.747 0.907 0.417 0.056
46.419 58.905 41.808 0.663 0.749 0.015
46.256 59.083 41.976 0.771 0.63 -0.097
45.883 59.709 42.758 0.956 0.004 0.293
46.219 58.962 42.506 0.732 0.502 0.461
46.914 58.46 42.48 0.269 0.836 0.478
45.979 58.652 42.885 0.479 0.176 0.86
46.96 58.553 41.042 0.298 0.938 0.177
47.222 58.435 41.051 0.498 0.847 0.184
47.303 58.411 40.965 0.444 0.863 0.241
47.565 58.19 41.002 0.732 0.621 0.282
48.029 57.764 41.502 0.423 0.905 -0.051
48.684 57.627 41.295 -0.014 0.996 0.087
47.623 57.941 42.283 0.859 0.404 0.314
48.111 57.575 41.94 0.534 0.648 0.543
48.774 57.42 41.775 0.092 0.751 0.653
49.466 57.511 41.823 -0.37 0.691 0.621
48.06 57.162 42.189 0.465 0.089 0.881
48.718 56.969 42.048 0.026 0.218 0.976
47.686 56.805 42.583 0.714 0.327 0.619
47.988 56.302 42.693 0.513 0.663 0.545
47.431 56.706 42.808 0.406 0.208 0.89
47.722 56.199 42.926 0.211 0.546 0.811
47.489 56.29 42.952 0.367 0.485 0.794
47.218 56.082 43.122 0.124 0.298 0.946
48.919 56.264 42.435 -0.108 0.688 0.717
49.496 55.745 42.628 0.399 0.233 0.887
49.632 55.206 42.841 0.308 0.592 0.744
50.302 55.215 42.76 -0.138 0.586 0.798
50.929 55.402 42.921 -0.556 0.462 0.691
49.647 55.073 42.913 0.335 0.35 0.875
50.313 55.115 42.814 -0.108 0.321 0.941
50.945 55.255 43 -0.53 0.228 0.817
49.681 54.591 43.217 0.313 0.671 0.672
49.281 53.99 43.53 -0.097 0.055 0.994
48.094 53.968 43.946 0.694 0.07 0.716
48.199 54.891 43.775 0.08 0.132 0.988
47.733 54.418 44.051 0.391 0.447 0.804
47.401 54.099 44.604 0.612 0.66 0.435
47.274 54.754 43.908 0.007 0.729 0.684
48.223 53.402 44.037 0.608 0.448 0.656
48.762 53.355 43.758 0.248 0.479 0.842
49.363 53.426 43.687 -0.152 0.432 0.889
48.243 53.264 44.092 0.633 0.278 0.722
48.778 53.245 43.801 0.276 0.291 0.916
49.382 53.298 43.737 -0.126 0.255 0.959
48.24 52.428 44.359 0.574 0.284 0.768
48.073 52.132 44.523 0.446 0.058 0.893
47.93 52.027 44.616 0.541 0.128 0.831
47.677 51.783 44.742 0.313 -0.092 0.945
47.502 53.121 45.115 0.672 0.085 0.736
47.272 53.089 45.386 0.825 0.105 0.555
47.097 53.894 45.091 0.434 0.54 0.722
46.933 53.737 45.366 0.543 0.645 0.538
47.526 51.857 44.811 0.414 -0.142 0.899
47.198 51.571 44.776 -0.022 -0.521 0.853
46.224 51.579 45.109 0.543 -0.563 0.623
45.601 52.02 45.566 0.068 -0.227 0.971
45.482 52.016 45.579 0.148 -0.225 0.963
45.308 52.234 45.612 -0.041 0.012 0.999
44.197 50.407 45.634 0.457 -0.204 0.866
43.894 49.892 45.825 0.659 0.14 0.739
43.764 49.414 46.208 0.746 0.459 0.483
44.032 50.518 45.698 0.136 0.012 0.991
43.768 49.977 45.873 0.312 0.373 0.874
43.586 49.533 46.278 0.433 0.668 0.605
43.703 50.871 45.823 0.356 -0.223 0.908
43.176 50.614 46.126 0.707 -0.052 0.706
43.687 50.922 45.839 0.332 -0.147 0.932
43.16 50.666 46.142 0.683 0.024 0.73
43.31 50.747 48.454 0.584 -0.03 -0.811
42.873 50.61 47.957 0.875 0.061 -0.48
42.702 50.492 47.315 0.989 0.14 -0.052
43.314 50.708 48.46 0.593 -0.118 -0.797
42.875 50.588 47.961 0.885 -0.038 -0.464
42.706 50.457 47.321 0.998 0.049 -0.037
43.586 50.195 48.591 0.411 0.224 -0.884
43.374 49.672 48.174 0.552 0.573 -0.606
43.344 49.337 47.559 0.573 0.796 -0.196
44.266 50.089 49.223 0.419 -0.675 -0.607
43.734 49.883 48.816 0.774 -0.538 -0.335
43.456 49.5 48.298 0.959 -0.283 0.01
43.492 49.025 47.784 0.935 0.034 0.353
43.835 48.56 47.385 0.706 0.344 0.619
43.436 49.702 49.036 0.046 -0.978 0.202
43.292 49.401 48.419 0.142 -0.777 0.613
43.194 48.844 48.004 0.207 -0.406 0.89
43.007 49.494 50.015 0.337 -0.852 -0.401
43.866 49.746 50.586 0.133 -0.921 0.366
43.242 49.557 50.747 0.549 -0.795 0.259
42.783 49.129 50.986 0.854 -0.51 0.099
43.183 50.046 51.341 0.495 -0.354 0.794
43.855 50.973 51.461 0.125 -0.044 0.991
43.19 51 51.717 0.569 -0.063 0.82
43.284 51.969 51.419 0.532 0.24 0.812
43.995 52.242 50.708 0.225 0.862 0.454
43.39 52.481 50.889 0.629 0.703 0.333
42.977 52.934 51.172 0.905 0.401 0.145
43.182 52.641 50.193 0.44 0.847 -0.297
42.377 51.972 52.133 0.476 -0.287 0.831
42.671 51.347 51.953 0.281 0.13 0.951
41.689 51.053 52.014 0.037 -0.05 0.998
40.955 51.748 51.969 -0.539 -0.446 0.714
41.011 51.095 51.814 -0.576 -0.011 0.818
40.892 50.439 51.906 -0.497 0.426 0.756
40.593 51.143 51.243 -0.953 0.032 0.303
40.228 51.387 50.658 -0.709 -0.131 0.693
40.219 51.402 50.652 -0.717 -0.118 0.687
40.282 51.598 50.78 -0.759 -0.249 0.602
39.906 51.317 50.394 -0.508 -0.061 0.859
40.204 52.262 50.34 -0.848 0.521 0.092
39.831 51.955 49.97 -0.599 0.726 0.338
40.125 52.209 50.117 -0.795 0.557 0.24
40.675 52.623 49.509 -0.336 0.903 -0.268
38.74 51.724 48.821 -0.786 0.591 0.183
38.7 51.635 49.07 -0.76 0.65 0.017
38.379 50.652 48.961 -0.966 0.055 0.253
38.42 50.801 49.179 -0.993 -0.045 0.108
38.92 50.179 49.846 -0.695 -0.182 0.695
38.841 50.433 49.867 -0.643 -0.351 0.681
40.13 50.651 50.685 -0.644 0.36 0.675
39.43 50.174 50.212 -0.441 -0.184 0.879
39.942 50.035 50.605 -0.782 -0.092 0.617
40.227 49.869 51.177 -0.972 0.019 0.236
39.539 49.451 49.943 -0.386 -0.545 0.744
40.033 49.432 50.381 -0.715 -0.533 0.452
40.319 49.259 50.949 -0.906 -0.417 0.073
40.381 48.986 50.064 -0.46 -0.86 0.22
39.883 48.504 47.47 -0.427 -0.84 0.335
39.575 48.671 47.33 -0.668 -0.709 0.226
38.362 50.957 48.623 -0.975 0.208 0.084
38.189 51.059 48.011 -0.859 0.14 0.492
38.625 51.598 48.655 -0.843 0.528 0.1
38.452 51.7 48.044 -0.728 0.46 0.508
39.146 52.352 48.093 -0.653 0.628 0.423
40.032 52.693 48.205 -0.038 0.864 0.501
38.691 52.621 47.244 -0.863 0.302 0.404
38.473 52.09 47.498 -0.718 0.656 0.235
37.916 50.939 47.113 -0.996 0.08 0.042
37.87 50.677 47.082 -0.965 0.254 0.063
38.242 50.536 45.494 -0.997 -0.061 0.046
38.292 50.987 45.437 -0.959 0.283 0.003
38.246 50.432 45.593 -1 0.008 -0.02
38.26 50.27 45.588 -0.985 -0.173 -0.025
37.904 50.121 44.101 -0.966 -0.257 -0.008
37.95 49.698 44.201 -0.997 0.026 -0.074
38.157 49.941 43.435 -0.786 -0.385 -0.484
38.183 49.532 43.588 -0.803 -0.113 -0.585
39.213 49.174 42.935 -0.684 -0.108 -0.721
39.297 49.247 42.858 -0.594 -0.029 -0.804
39.249 49.446 42.868 -0.562 -0.162 -0.811
39.525 48.991 42.628 -0.746 0.141 -0.651
39.339 49.539 42.799 -0.481 -0.079 -0.873
39.621 49.091 42.554 -0.669 0.22 -0.71
39.541 49.61 42.656 -0.616 -0.127 -0.778
39.922 49.208 42.199 -0.87 0.142 -0.473
39.712 49.894 42.561 -0.422 0.195 -0.886
40.108 49.516 42.095 -0.686 0.446 -0.575
39.825 50.157 42.534 -0.497 0.019 -0.868
40.315 49.982 42.059 -0.823 0.136 -0.551
39.997 50.53 42.573 -0.272 0.51 -0.816
40.486 50.355 42.098 -0.598 0.627 -0.5
41.129 50.947 40.883 -0.937 0.075 -0.341
41.074 51.647 40.655 -0.9 -0.392 -0.189
41.103 51.03 41.138 -0.977 0.206 0.058
41.05 51.727 40.899 -0.941 -0.259 0.218
41.06 51.737 40.433 -0.891 -0.451 -0.041
41.214 51.16 40.498 -0.994 -0.066 -0.084
41.396 51.808 39.75 -0.543 -0.378 -0.75
41.589 51.239 39.736 -0.672 0.002 -0.741
41.463 51.853 39.673 -0.588 -0.407 -0.699
41.717 51.325 39.601 -0.757 -0.055 -0.651
41.826 52.057 39.452 -0.125 -0.146 -0.981
42.079 51.529 39.38 -0.294 0.206 -0.933
42.066 52.168 39.38 -0.285 -0.22 -0.933
42.211 51.589 39.344 -0.381 0.166 -0.909
42.364 52.24 39.322 0.006 -0.15 -0.989
42.487 51.655 39.291 -0.075 0.24 -0.968
42.657 53.163 38.762 -0.189 -0.765 -0.615
42.107 53.799 38.615 -0.63 -0.256 -0.733
43.121 52.924 38.77 -0.498 -0.606 -0.62
43.074 52.35 39.123 -0.467 -0.223 -0.856
42.885 51.707 39.216 -0.341 0.205 -0.917
43.257 52.885 38.738 -0.188 -0.695 -0.694
43.15 52.328 39.105 -0.116 -0.324 -0.939
43.008 51.672 39.186 -0.021 0.114 -0.993
43.69 52.867 38.527 -0.476 -0.683 -0.554
43.942 52.315 38.743 -0.644 -0.315 -0.697
44.019 52.937 38.321 -0.096 -0.603 -0.792
44.271 52.384 38.536 -0.263 -0.235 -0.936
44.18 53.482 37.366 -0.203 -0.967 -0.156
43.931 53.627 37.177 -0.453 -0.821 -0.346
43.802 53.694 37.166 -0.367 -0.866 -0.339
43.694 53.768 37.115 -0.446 -0.812 -0.376
43.403 53.937 36.979 -0.252 -0.925 -0.285
42.683 54.399 37.141 -0.807 -0.569 -0.16
42.204 54.572 37.714 -0.488 -0.684 -0.543
41.691 54.901 37.504 -0.146 -0.904 -0.402
42.095 54.534 37.918 -0.613 -0.728 -0.306
41.583 54.863 37.708 -0.271 -0.948 -0.166
41.882 54.985 36.801 -0.273 -0.96 0.066
41.711 55.081 36.449 -0.418 -0.879 -0.232
42.787 54.215 36.141 -0.54 -0.829 0.145
42.727 54.007 35.575 -0.5 -0.691 0.523
43.9 53.732 35.874 -0.383 -0.91 0.157
44.347 53.687 35.415 0.055 -0.954 -0.294
44.951 54.612 34.219 0.362 -0.842 -0.4
44.735 54.854 33.785 0.201 -0.663 -0.721
44.729 54.955 33.681 0.205 -0.73 -0.652
44.455 55.223 33.455 -0.084 -0.448 -0.89
43.396 54.33 33.6 -0.022 -0.46 -0.888
43.135 54.61 33.39 0.152 -0.646 -0.748
42.865 54.113 33.893 -0.401 -0.615 -0.679
42.646 54.41 33.659 -0.255 -0.813 -0.523
42.399 54.171 34.334 -0.734 -0.573 -0.363
42.217 54.464 34.066 -0.613 -0.768 -0.184
41.787 55.007 34.904 -0.721 -0.688 -0.079
41.278 55.348 34.973 -0.382 -0.916 -0.124
41.799 54.992 35.051 -0.71 -0.702 0.059
41.291 55.332 35.131 -0.371 -0.929 0.006
41.414 55.296 34.755 -0.472 -0.881 0.021
41.37 55.332 34.584 -0.511 -0.849 -0.133
40.739 55.511 34.732 -0.091 -0.969 -0.232
40.746 55.839 34.089 -0.086 -0.755 -0.65
41.376 55.608 34.042 -0.506 -0.601 -0.619
41.783 56.276 33.628 -0.141 -0.002 -0.99
41.478 55.521 34.034 -0.574 -0.543 -0.613
41.473 55.273 34.52 -0.58 -0.81 -0.09
44.283 55.383 33.367 0.03 -0.554 -0.832
44.093 55.877 33.25 -0.205 0.058 -0.977
43.458 56.246 33.221 0.218 -0.187 -0.958
42.807 56.417 33.264 -0.397 -0.025 -0.917
44.259 56.525 33.093 -0.316 -0.373 -0.872
44.428 56.823 32.978 -0.15 -0.08 -0.985
44.817 57.703 32.995 -0.122 0.04 -0.992
44.81 57.83 33.007 -0.127 0.141 -0.982
44.883 57.958 33.009 -0.176 0.056 -0.983
44.84 58.222 33.077 -0.226 0.368 -0.902
44.287 58.667 33.205 0.143 0.072 -0.987
44.987 58.54 33.124 -0.324 0.157 -0.933
44.431 59.166 33.459 0.311 0.652 -0.691
45.116 58.989 33.353 -0.146 0.77 -0.62
46.431 58.097 32.33 -0.004 -0.102 -0.995
46.55 57.857 32.33 -0.083 0.058 -0.995
47.248 59.388 32.855 0.164 0.054 -0.985
46.339 59.08 32.694 -0.081 0.718 -0.692
46.756 59.652 32.962 -0.359 0.336 -0.871
47.037 60.353 32.898 -0.546 -0.131 -0.827
46.378 59.783 33.366 -0.762 0.475 -0.441
47.395 59.363 32.87 0.065 0.071 -0.995
48.251 59.071 33.284 0.717 -0.152 -0.68
48.888 59.331 33.613 0.292 -0.326 -0.899
49.011 60.283 33.399 0.864 -0.181 -0.47
49.305 59.828 33.796 0.668 0.122 -0.734
49.801 59.41 33.972 0.338 0.401 -0.852
49.449 60.275 34.279 0.797 0.525 -0.298
48.892 61.362 34.353 0.78 0.589 0.212
49.125 61.11 34.961 0.624 0.757 -0.192
48.32 61.53 35.323 0.332 0.943 -0.007
47.465 61.472 35.424 -0.445 0.891 0.085
49.65 61.022 36.282 0.32 0.822 -0.471
50.309 60.965 36.319 -0.12 0.861 -0.495
49.639 61.115 36.751 0.306 0.943 0.134
50.299 61.054 36.768 -0.134 0.983 0.123
49.599 61.117 36.858 0.332 0.941 0.063
50.219 61.034 36.959 -0.081 0.997 -0.005
48.897 61.227 37.46 0.563 0.557 0.61
49.453 60.927 37.44 0.191 0.758 0.624
50.061 60.829 37.586 -0.214 0.823 0.526
50.612 60.951 37.873 -0.581 0.742 0.335
49.265 60.437 37.787 0.01 0.285 0.958
49.859 60.301 37.96 -0.385 0.376 0.843
49.304 60.346 37.817 -0.015 0.345 0.938
49.928 60.157 38.071 -0.431 0.471 0.769
49.2 60.033 37.848 -0.162 -0.096 0.982
49.829 59.857 38.101 -0.581 0.021 0.814
48.818 59.631 37.85 0.093 0.172 0.981
48.8 59.62 37.854 0.076 0.162 0.984
48.142 59.689 38.055 0.515 0.117 0.849
47.913 59.242 38.401 0.667 0.415 0.619
47.85 58.897 38.901 0.709 0.645 0.286
47.828 59.849 38.103 0.003 0.377 0.926
47.681 59.36 38.436 0.101 0.703 0.704
47.559 59.045 38.944 0.182 0.913 0.365
47.679 59.726 38.168 0.103 0.46 0.882
47.424 59.208 38.7 0.273 0.804 0.528
47.011 59.734 37.804 -0.789 0.471 0.395
46.691 59.218 38.3 -0.576 0.815 0.064
46.572 59.778 36.596 -0.82 0.207 0.534
46.538 59.873 36.489 -0.85 0.293 0.438
45.324 59.144 38.958 0.336 0.864 -0.374
45.379 59.223 39.368 0.378 0.923 -0.066
48.242 58.604 38.869 0.448 0.84 0.307
48.656 58.749 38.359 0.172 0.743 0.647
48.26 58.591 38.879 0.474 0.819 0.322
48.674 58.736 38.37 0.198 0.723 0.662
48.553 58.342 39.57 0.334 0.942 -0.037
49.165 58.26 39.578 -0.074 0.996 -0.042
48.481 58.156 40.184 0.258 0.743 0.617
49.085 58.052 40.264 -0.145 0.813 0.565
48.393 58.048 40.383 0.316 0.815 0.485
48.922 57.853 40.625 -0.037 0.946 0.323
48.317 57.993 40.499 0.231 0.752 0.617
48.841 57.793 40.751 -0.118 0.886 0.449
49.944 57.962 41.24 -0.089 0.956 0.278
50.191 58.227 40.799 -0.253 0.78 0.573
50.46 57.835 41.481 0.215 0.882 0.42
50.745 58.09 41.058 0.024 0.712 0.702
51.492 57.265 41.723 0.116 0.878 0.464
52.084 57.23 41.923 -0.279 0.902 0.331
51.375 57.055 42.021 0.02 0.707 0.707
51.964 57.013 42.23 -0.372 0.734 0.568
51.444 56.843 42.288 -0.026 0.848 0.529
50.391 56.837 42.364 0.174 0.295 0.94
51.109 56.471 42.595 -0.305 0.538 0.786
51.684 56.358 43.194 -0.688 0.614 0.387
50.861 55.945 42.677 -0.511 0.1 0.854
52.422 56.752 43.334 -0.254 0.846 0.469
52.818 57.11 43.134 -0.519 0.607 0.602
52.985 56.188 44.262 -0.144 0.921 0.362
53.123 56.113 44.881 -0.236 0.97 -0.05
52.184 56.188 43.832 -0.394 0.514 0.762
52.462 55.917 44.337 -0.58 0.696 0.425
52.582 55.833 44.958 -0.66 0.751 0.011
52.524 55.954 45.581 -0.621 0.671 -0.405
52.123 55.428 44.329 -0.861 0.29 0.417
52.233 55.329 44.949 -0.935 0.356 0.004
52.036 55.151 44.417 -0.804 0.475 0.359
51.973 55.063 44.378 -0.849 0.412 0.331
51.816 55 44.141 -0.745 0.454 0.489
51.724 54.612 44.633 -0.683 0.713 0.161
51.685 54.871 44.015 -0.861 0.34 0.378
51.592 54.484 44.507 -0.8 0.599 0.049
51.141 54.701 43.474 -0.499 0.454 0.739
51.037 54.793 43.32 -0.591 0.536 0.603
51.001 54.045 44.272 -0.405 0.891 0.206
50.497 53.331 44.522 -0.869 0.233 0.436
50.831 53.839 45.456 -0.863 0.505 -0.028
50.756 53.814 45.804 -0.813 0.521 -0.26
51.595 54.619 46.086 -0.779 0.617 -0.114
51.652 54.377 46.921 -0.736 0.432 0.521
51.725 54.4 47.013 -0.784 0.417 0.46
51.726 54.396 47.018 -0.783 0.412 0.465
51.399 53.809 47.439 -0.565 0.804 0.185
51.422 53.857 48.106 -0.58 0.772 -0.26
51.045 53.178 47.448 -0.979 0.066 0.195
51.024 53.147 48.116 -0.964 0.087 -0.25
51.026 52.957 47.518 -0.966 0.214 0.149
50.991 52.745 47.447 -0.996 0.028 0.087
50.945 52.487 47.322 -0.965 0.2 0.17
50.993 52.022 46.927 -0.912 -0.313 -0.265
51.064 51.888 46.785 -0.96 -0.224 -0.171
51.104 51.787 46.732 -0.922 -0.317 -0.22
50.936 51.524 45.549 -0.81 -0.142 0.568
50.802 51.672 45.331 -0.922 -0.018 0.386
50.581 52.156 45.111 -0.774 -0.341 0.533
50.176 51.946 44.652 -0.505 -0.201 0.84
49.631 51.68 44.426 -0.141 -0.024 0.99
50.472 52.569 44.975 -0.914 0.19 0.358
50.089 52.277 44.542 -0.659 0.385 0.646
49.522 52.092 44.29 -0.281 0.508 0.814
49.854 51.159 44.56 -0.29 0.324 0.901
49.8 50.972 44.589 -0.34 0.147 0.929
49.302 50.937 44.505 -0.008 0.171 0.985
49.946 50.859 44.676 -0.438 0.223 0.871
49.263 50.334 44.327 -0.062 -0.674 0.736
49.906 50.23 44.491 -0.491 -0.605 0.627
48.213 49.54 43.745 0.279 -0.574 0.77
47.362 49.796 43.848 -0.371 -0.379 0.848
46.968 50.39 44.187 -0.108 -0.775 0.622
46.357 50.391 44.286 0.299 -0.776 0.556
47.067 50.959 44.528 -0.003 -0.169 0.986
46.468 51.026 44.667 0.397 -0.213 0.893
47.216 51.384 44.677 -0.102 -0.452 0.886
47.26 51.419 44.698 -0.062 -0.42 0.906
46.156 50.02 44.025 0.433 -0.528 0.73
46.603 49.707 43.713 0.135 -0.32 0.938
46.149 50.011 44.023 0.428 -0.535 0.729
46.596 49.698 43.711 0.13 -0.326 0.936
46.07 49.965 44.039 0.48 -0.504 0.718
46.437 49.63 43.72 0.235 -0.28 0.931
45.546 49.547 43.795 0.035 -0.859 0.51
45.966 49.254 43.5 -0.245 -0.664 0.707
44.454 49.53 44.767 0.53 -0.843 0.093
44.106 49.206 45.151 0.762 -0.627 -0.163
43.948 48.726 45.495 0.867 -0.307 -0.392
45.093 50.117 45.08 0.29 -0.683 0.671
44.562 49.851 45.224 0.644 -0.505 0.574
44.191 49.459 45.512 0.891 -0.244 0.382
44.043 49.007 45.895 0.99 0.057 0.127
44.141 48.568 46.31 0.925 0.35 -0.149
44.312 50.242 45.553 0.381 -0.094 0.92
43.994 49.768 45.772 0.593 0.222 0.774
43.824 49.349 46.183 0.706 0.501 0.5
43.849 48.711 45.211 0.933 -0.296 -0.203
44.065 49.134 44.601 0.79 -0.578 0.204
43.773 48.6 45.11 0.834 -0.439 -0.334
43.98 49.013 44.49 0.695 -0.715 0.079
43.574 47.94 44.995 0.966 0.001 -0.258
43.554 47.868 44.313 0.979 0.049 0.197
43.842 47.811 43.692 0.787 0.087 0.611
43.572 47.894 44.999 0.962 -0.112 -0.248
43.553 47.844 44.315 0.975 -0.079 0.208
43.841 47.77 43.696 0.783 -0.029 0.621
42.642 46.407 46.379 0.588 -0.754 0.293
42.076 46.648 46.983 0.073 -0.535 0.841
41.749 48.124 47.802 -0.251 -0.699 0.669
41.285 48.438 48.187 0.058 -0.909 0.413
41.949 48.257 47.939 0.019 -0.521 0.853
41.478 48.565 48.318 0.333 -0.727 0.601
42.36 48.444 48.14 -0.255 -0.646 0.719
42.202 48.87 48.716 -0.15 -0.93 0.336
41.99 48.963 49.411 -0.008 -0.992 -0.128
42.617 48.572 48.163 0.562 -0.241 0.792
42.293 48.915 48.724 0.778 -0.47 0.418
42.247 49.09 49.434 0.808 -0.586 -0.056
42.881 48.729 48.067 0.385 -0.346 0.856
42.734 49.213 48.502 0.483 -0.668 0.566
42.731 49.499 49.104 0.486 -0.859 0.164
42.894 48.736 48.064 0.407 -0.334 0.85
42.745 49.218 48.499 0.507 -0.655 0.56
42.745 49.506 49.1 0.506 -0.848 0.159
41.378 48.82 49.502 0.4 -0.897 -0.189
40.466 48.908 49.971 -0.516 -0.809 0.282
41.018 48.333 48.072 0.237 -0.839 0.489
41.266 47.946 47.59 0.071 -0.581 0.811
40.397 48.335 47.801 -0.522 -0.838 0.158
40.582 47.947 47.291 -0.645 -0.58 0.497
40.146 48.4 47.572 -0.355 -0.882 0.31
40.007 48.463 47.547 -0.509 -0.813 0.283
40.268 47.33 46.667 -0.505 -0.228 0.833
39.531 47.856 46.222 -0.71 -0.658 0.251
39.821 47.279 46.103 -0.904 -0.273 0.33
39.851 46.624 46.079 -0.924 0.163 0.346
39.793 47.355 45.386 -0.928 -0.206 -0.309
39.727 47.722 44.738 -0.884 -0.45 0.122
39.7 47.772 44.713 -0.906 -0.411 0.102
39.204 48.377 44.975 -0.575 -0.815 -0.073
38.931 48.824 45.464 -0.833 -0.392 0.39
38.916 49.052 46.294 -0.823 -0.544 -0.163
38.993 48.937 46.556 -0.748 -0.657 0.096
38.596 49.396 45.788 -0.609 -0.773 0.174
38.282 50.016 45.614 -0.999 -0.004 -0.042
39.319 48.097 44.228 -0.652 -0.628 0.425
39.079 48.254 43.585 -0.86 -0.492 -0.134
39.005 48.37 43.586 -0.811 -0.569 -0.134
39.159 48.948 42.993 -0.649 0.042 -0.76
39.878 47.02 44.663 -0.985 0.018 0.173
39.722 46.7 43.785 -0.771 -0.511 0.379
39.955 46.494 44.395 -0.927 -0.374 -0.027
39.899 46.172 44.996 -0.89 -0.159 -0.428
40.284 46.048 44.179 -0.682 -0.707 -0.188
40.184 46.117 42.518 -0.54 -0.802 -0.254
40.339 45.942 42.648 -0.644 -0.686 -0.34
41.721 45.899 41.665 -0.512 -0.84 -0.177
41.655 45.975 41.549 -0.566 -0.78 -0.269
39.635 47.994 41.898 -0.814 0.136 -0.564
39.887 48.156 41.328 -0.982 0.028 -0.184
40.23 48.086 40.526 -0.811 -0.007 -0.585
40.265 47.834 40.44 -0.834 0.16 -0.528
41.474 48.049 39.469 -0.799 -0.088 -0.595
41.512 48.564 39.511 -0.771 0.297 -0.563
42.335 49.667 38.768 -0.583 0.3 -0.755
43.095 49.837 38.649 0.156 0.465 -0.871
43.705 50.853 38.882 -0.13 -0.095 -0.987
43.491 51.308 39 -0.343 0.356 -0.869
43.811 50.752 38.87 -0.201 -0.027 -0.979
43.878 50.665 38.863 -0.152 -0.091 -0.984
44.057 50.351 38.82 -0.271 0.118 -0.955
44.732 50.05 38.819 0.268 -0.123 -0.955
45.576 50.385 38.722 -0.294 -0.347 -0.891
46.017 49.958 38.596 -0.588 -0.062 -0.806
46.304 49.515 38.258 -0.78 0.234 -0.581
45.645 50.467 38.678 -0.2 -0.234 -0.952
46.078 50.031 38.556 -0.489 0.057 -0.87
46.383 49.609 38.207 -0.692 0.338 -0.637
45.645 51.177 38.268 -0.2 -0.707 -0.678
44.822 51.232 38.403 -0.116 -0.206 -0.972
45.328 51.544 38.129 -0.453 -0.414 -0.789
45.704 51.738 37.63 -0.704 -0.544 -0.456
45.088 51.987 38.163 -0.645 -0.061 -0.762
44.795 52.297 38.298 -0.449 -0.268 -0.852
44.894 52.817 37.915 -0.515 -0.615 -0.597
44.847 53.162 37.363 -0.484 -0.845 -0.228
44.734 52.332 38.327 -0.572 -0.2 -0.796
44.855 52.839 37.934 -0.653 -0.538 -0.534
44.79 53.193 37.389 -0.61 -0.774 -0.171
45.202 52.911 37.24 -0.721 -0.677 -0.146
45.473 52.833 36.91 -0.45 -0.755 -0.477
45.604 52.839 36.747 -0.537 -0.759 -0.369
45.973 53.007 36.375 -0.077 -0.548 -0.833
45.882 53.297 36.132 -0.016 -0.742 -0.67
46.207 52.89 36.403 -0.233 -0.471 -0.851
46.686 53.815 36.116 0.663 -0.304 -0.684
46.93 53.356 36.388 0.5 0.002 -0.866
47.543 55.375 34.511 0.198 -0.946 -0.255
48.219 55.333 34.588 -0.252 -0.918 -0.307
47.655 55.768 33.971 0.302 -0.585 -0.753
48.322 55.695 34.089 -0.143 -0.537 -0.831
46.166 55.296 33.29 0.226 -0.694 -0.683
45.983 55.376 33.113 0.348 -0.748 -0.565
48.252 55.96 33.883 -0.096 -0.713 -0.694
48.282 55.996 33.844 -0.07 -0.682 -0.728
48.287 56.164 33.657 -0.073 -0.793 -0.604
47.786 56.721 32.972 0.535 -0.51 -0.674
48.465 56.589 33.316 0.082 -0.422 -0.903
49.176 56.289 33.301 -0.392 -0.222 -0.893
48.07 57.418 32.883 0.676 -0.162 -0.719
48.679 57.117 33.248 0.27 0.039 -0.962
49.396 56.831 33.231 -0.208 0.229 -0.951
48.874 57.608 33.472 0.44 0.468 -0.767
48.796 58.329 33.628 0.492 -0.013 -0.871
48.699 58.579 33.601 0.418 0.175 -0.891
49.509 57.923 33.771 0.016 0.257 -0.966
50.132 57.928 34.009 0.628 0.262 -0.733
50.755 58.484 34.366 0.212 -0.109 -0.971
50.857 59.093 34.525 0.312 0.486 -0.816
50.756 59.892 35.157 0.257 0.612 -0.748
50.648 60.024 35.247 0.169 0.718 -0.675
50.639 60.131 35.348 0.175 0.646 -0.743
50.598 60.167 35.373 0.127 0.69 -0.713
49.957 60.431 35.285 0.555 0.514 -0.654
50.568 60.485 35.603 0.147 0.478 -0.866
49.708 60.828 35.765 0.281 0.952 -0.126
50.343 60.844 36.036 -0.143 0.941 -0.307
52.661 61.249 36.538 0.124 0.737 -0.665
53.213 61.487 36.709 -0.244 0.578 -0.779
52.445 61.438 36.943 -0.15 0.977 -0.151
52.989 61.684 37.129 -0.512 0.813 -0.276
52.801 61.59 37.149 -0.387 0.876 -0.289
52.7 61.554 37.797 -0.471 0.846 0.252
52.44 61.399 38.014 -0.297 0.949 0.107
52.318 61.294 38.299 -0.372 0.884 0.282
52.211 61.192 38.653 -0.301 0.953 0.045
51.658 60.616 39.187 -0.73 0.506 0.459
51.607 60.492 39.26 -0.696 0.589 0.411
51.593 59.975 39.535 -0.71 0.04 0.703
50.828 59.021 39.526 -0.2 0.677 0.709
50.208 58.902 39.074 -0.768 0.568 0.294
51.298 58.878 40.027 -0.514 0.772 0.375
51.793 59.47 40.014 -0.843 0.377 0.383
51.88 58.46 40.534 0.137 0.304 0.943
52.324 59.088 40.478 -0.159 -0.115 0.981
51.944 57.631 41.187 0.094 0.857 0.507
52.421 57.515 41.531 -0.224 0.934 0.279
51.738 57.468 41.418 -0.049 0.743 0.667
52.215 57.351 41.761 -0.366 0.821 0.438
53.119 57.958 41.434 -0.689 0.639 0.343
53.19 58.484 41.029 -0.736 0.288 0.613
53.042 59.095 40.807 -0.637 -0.12 0.761
53.354 58.054 41.571 -0.387 0.763 0.518
53.356 58.552 41.126 -0.388 0.431 0.815
53.243 59.178 40.923 -0.312 0.014 0.95
53.704 58.032 42.508 -0.62 0.778 -0.107
54.007 58.486 42.82 -0.822 0.475 -0.314
54.094 59.064 43.048 -0.88 0.09 -0.467
53.104 57.484 42.886 -0.375 0.794 0.478
53.616 57.836 42.979 -0.717 0.559 0.416
53.94 58.335 43.182 -0.932 0.227 0.281
54.018 58.893 43.458 -0.985 -0.146 0.097
53.837 59.414 43.76 -0.864 -0.492 -0.104
53.854 57.587 43.366 -0.453 0.283 0.846
54.123 58.143 43.479 -0.632 -0.088 0.77
54.225 58.677 43.795 -0.7 -0.444 0.56
54.133 57.267 43.752 -0.639 0.496 0.588
54.567 57.61 44.244 -0.928 0.267 0.26
54.132 57.197 43.803 -0.64 0.417 0.645
54.566 57.549 44.288 -0.929 0.183 0.322
53.763 56.634 44.073 -0.394 0.793 0.466
53.932 56.53 44.744 -0.507 0.862 0.018
53.619 56.534 44.094 -0.511 0.712 0.483
53.788 56.43 44.765 -0.624 0.781 0.035
53.392 56.396 44.107 -0.36 0.804 0.473
53.379 56.197 44.797 -0.351 0.936 0.013
53.355 56.381 44.102 -0.391 0.792 0.469
53.341 56.182 44.792 -0.382 0.924 0.009
53.311 56.777 46.49 -0.355 0.736 -0.576
53.328 57.264 46.878 -0.366 0.411 -0.835
53.251 57.858 47.05 -0.314 0.016 -0.949
52.554 56.199 46.486 -0.607 0.794 0.047
52.881 56.591 46.844 -0.824 0.533 -0.191
52.994 57.119 47.152 -0.9 0.18 -0.397
52.875 57.695 47.358 -0.821 -0.204 -0.534
52.544 58.218 47.425 -0.6 -0.552 -0.579
52.835 56.36 47.382 -0.874 0.281 0.396
52.959 56.94 47.569 -0.957 -0.106 0.271
52.836 57.494 47.827 -0.874 -0.475 0.099
52.84 56.214 47.534 -0.878 0.378 0.295
52.994 56.833 47.683 -0.98 -0.034 0.195
52.868 57.441 47.888 -0.896 -0.44 0.058
52.861 56.194 47.601 -0.83 0.332 0.448
53.009 56.819 47.73 -0.929 -0.084 0.362
52.891 57.419 47.962 -0.85 -0.484 0.207
52.91 55.949 48.124 -0.863 0.495 0.099
53.031 56.414 48.684 -0.944 0.186 -0.274
52.883 55.853 48.21 -0.913 0.319 0.256
53.004 56.318 48.77 -0.993 0.009 -0.117
52.505 55.25 48.28 -0.66 0.721 0.209
52.421 55.168 48.867 -0.604 0.776 -0.182
52.349 55.082 48.229 -0.822 0.548 0.156
52.247 54.98 48.81 -0.754 0.615 -0.231
52.198 54.916 48.139 -0.721 0.658 0.217
51.965 54.68 48.645 -0.566 0.815 -0.121
51.978 54.57 47.848 -0.951 0.296 -0.087
51.72 54.294 48.321 -0.779 0.481 -0.403
51.09 54.923 50.044 -0.247 0.697 -0.673
50.732 55.393 50.419 -0.009 0.383 -0.924
50.666 54.121 49.541 -0.782 0.579 -0.23
50.586 54.52 50.111 -0.729 0.313 -0.609
50.267 55.022 50.481 -0.516 -0.022 -0.856
49.779 55.517 50.571 -0.191 -0.352 -0.916
50.332 54.088 50.522 -0.971 -0.1 -0.217
50.033 54.623 50.86 -0.772 -0.457 -0.442
50.522 51.731 50.61 -0.965 -0.166 -0.203
50.394 51.306 50.998 -0.88 0.117 -0.461
50.705 51.426 50.344 -0.831 -0.389 -0.397
50.571 51.01 50.74 -0.742 -0.112 -0.661
50.954 50.936 49.714 -0.998 -0.062 0.023
50.785 50.739 50.439 -0.885 0.069 -0.461
51.039 50.644 49.651 -0.878 -0.474 -0.066
50.875 50.431 50.373 -0.768 -0.331 -0.547
51.169 50.151 49.224 -0.965 -0.145 0.219
51.18 49.587 49.613 -0.972 0.231 -0.041
51.277 49.891 48.855 -0.819 -0.499 -0.282
51.283 49.338 49.26 -0.823 -0.13 -0.552
51.295 49.921 48.729 -0.831 -0.52 -0.198
51.383 49.435 49.049 -0.89 -0.195 -0.412
51.366 49.866 48.623 -0.762 -0.573 -0.3
51.457 49.377 48.939 -0.823 -0.248 -0.511
51.529 49.673 47.861 -0.871 -0.445 0.208
51.473 50.003 47.226 -0.921 -0.15 -0.36
51.287 50.68 46.789 -0.797 -0.601 -0.069
51.218 50.522 46.031 -0.751 -0.496 0.437
51.178 51.128 46.706 -0.972 0.122 -0.203
51.109 50.971 45.948 -0.926 0.227 0.303
51.275 49.897 45.772 -0.789 -0.079 0.609
51.514 49.609 46.241 -0.948 0.113 0.296
51.294 49.394 45.438 -0.77 -0.572 0.282
51.534 49.085 45.893 -0.93 -0.367 -0.022
51.362 49.274 45.404 -0.815 -0.492 0.304
51.609 48.834 45.849 -0.98 -0.199 0.007
51.438 49.119 45.212 -0.715 -0.697 0.051
51.682 48.686 45.665 -0.878 -0.408 -0.251
50.896 48.891 44.148 -0.354 -0.545 0.76
50.45 49.183 43.966 -0.747 -0.288 0.599
49.817 49.964 44.128 -0.325 -0.808 0.491
49.751 50.2 44.362 -0.387 -0.585 0.713
49.408 49.549 43.597 -0.053 -0.531 0.846
49.805 49.094 43.484 -0.317 -0.228 0.921
49.283 49.459 43.517 -0.16 -0.608 0.777
49.679 49.004 43.405 -0.425 -0.305 0.853
48.907 48.803 43.212 0.09 -0.171 0.981
49.471 48.645 43.249 -0.286 -0.066 0.956
48.188 48.154 43.052 0.365 -0.634 0.682
48.76 48.162 42.921 -0.017 -0.639 0.769
49.328 48.023 42.967 -0.395 -0.546 0.738
49.806 47.759 43.183 -0.714 -0.37 0.595
48.721 47.75 42.333 -0.045 -0.939 0.34
49.29 47.623 42.396 -0.425 -0.855 0.297
48.749 47.651 42.119 -0.064 -0.873 0.483
49.339 47.395 42.026 -0.458 -0.703 0.544
48.733 47.629 42.075 -0.077 -0.89 0.45
49.323 47.373 41.982 -0.47 -0.719 0.512
47.067 47.36 42.367 0.474 -0.801 0.365
46.609 46.966 42.435 0.78 -0.538 0.32
46.343 46.44 42.582 0.957 -0.187 0.222
47.362 47.888 42.968 -0.048 -0.766 0.641
46.876 47.587 42.763 0.276 -0.565 0.777
46.457 47.146 42.749 0.555 -0.272 0.786
46.176 46.638 42.929 0.743 0.067 0.666
46.077 46.147 43.274 0.808 0.394 0.437
46.51 47.871 42.936 -0.105 -0.27 0.957
46.167 47.371 42.886 0.124 0.064 0.99
45.855 46.887 43.081 0.332 0.386 0.861
46.354 48.015 42.976 -0 -0.366 0.931
46.043 47.481 42.904 0.207 -0.01 0.978
45.785 46.945 43.085 0.379 0.348 0.858
46.137 48.131 42.959 -0.415 -0.144 0.898
45.874 47.571 42.891 -0.24 0.229 0.943
45.55 47.071 43.067 -0.024 0.563 0.826
45.729 48.449 42.921 -0.143 -0.356 0.923
45.121 48.132 42.875 0.262 -0.145 0.954
45.711 48.483 42.93 -0.172 -0.303 0.937
45.103 48.166 42.884 0.233 -0.092 0.968
45.768 49.035 43.269 -0.21 -0.671 0.711
45.221 49.206 43.436 0.155 -0.785 0.6
45.825 49.125 43.357 -0.151 -0.578 0.802
45.285 49.306 43.534 0.209 -0.699 0.684
44.513 48.58 43.305 0.627 -0.368 0.687
44.328 48.542 43.423 0.463 -0.401 0.79
44.845 47.173 43.188 0.446 0.495 0.746
44.642 47.096 43.319 0.249 0.42 0.872
46.437 46.446 42.309 0.895 -0.192 0.404
46.904 46.952 41.989 0.583 -0.529 0.617
46.455 46.33 42.156 0.917 -0.338 0.213
46.924 46.824 41.822 0.604 -0.667 0.435
46.519 45.17 42.153 0.874 0.436 0.214
46.988 44.778 41.806 0.562 0.697 0.446
47.642 44.615 41.605 0.125 0.805 0.58
46.198 45.044 42.954 0.895 -0.393 0.209
46.457 44.879 42.322 0.723 -0.283 0.63
46.954 44.62 41.897 0.391 -0.111 0.914
47.581 44.325 41.773 -0.026 0.086 0.996
48.198 44.058 41.978 -0.438 0.264 0.859
46.269 44.624 42.194 0.258 -0.913 0.315
46.852 44.482 41.828 -0.131 -0.819 0.559
47.392 44.07 41.646 -0.491 -0.544 0.68
44.864 43.934 42.357 0.334 -0.777 0.534
44.091 44.14 42.56 -0.368 -0.59 0.718
43.292 45.622 43.134 -0.543 -0.737 0.403
42.644 45.917 43.224 -0.111 -0.933 0.342
43.301 45.633 43.164 -0.533 -0.725 0.437
42.654 45.928 43.258 -0.101 -0.921 0.375
43.515 45.639 43.646 -0.675 -0.728 0.116
43.018 45.924 44.113 -0.344 -0.918 -0.195
42.396 45.874 44.509 0.07 -0.885 -0.459
43.722 45.743 43.886 0.024 -0.376 0.926
43.08 45.955 44.185 0.452 -0.517 0.727
42.603 45.978 44.749 0.77 -0.533 0.351
43.961 45.919 43.986 -0.135 -0.493 0.859
43.51 46.296 44.306 0.165 -0.745 0.646
43.108 46.451 44.818 0.433 -0.848 0.304
44.15 46.114 44.05 0.191 -0.157 0.969
43.658 46.449 44.356 0.519 -0.381 0.765
43.321 46.67 44.89 0.744 -0.528 0.409
41.814 45.839 44.143 0.459 -0.862 -0.215
41.749 45.812 44.125 0.41 -0.883 -0.228
41.619 45.753 44.083 0.498 -0.844 -0.2
40.941 45.33 44.71 -0.146 -0.761 -0.632
40.967 45.635 44.074 -0.163 -0.964 -0.208
40.938 45.62 43.37 -0.144 -0.954 0.261
40.387 45.952 44.128 -0.75 -0.643 -0.154
42.26 45.734 42.861 0.099 -0.838 0.536
42.868 45.416 42.589 -0.307 -0.626 0.717
42.046 45.639 42.528 -0.211 -0.976 0.055
42.629 45.31 42.218 -0.6 -0.756 0.261
41.957 45.647 42.43 -0.151 -0.981 0.12
42.477 45.346 42.043 -0.498 -0.78 0.378
42.827 44.779 41.785 -0.731 -0.403 0.55
41.896 45.675 42.312 -0.368 -0.88 -0.3
42.453 45.357 41.996 -0.739 -0.668 -0.089
42.758 44.811 41.651 -0.942 -0.305 0.141
41.863 45.758 41.974 -0.345 -0.936 -0.075
41.722 45.86 41.808 -0.513 -0.815 -0.272
42.667 44.808 41.319 -0.882 -0.302 0.363
42.31 45.381 40.544 -0.689 -0.666 -0.285
42.638 44.819 40.57 -0.908 -0.292 -0.302
42.71 44.175 40.51 -0.955 0.137 -0.262
43.061 44.976 39.971 -0.532 -0.153 -0.833
43.406 45.41 39.432 -0.762 -0.442 -0.473
43.395 45.477 39.393 -0.771 -0.388 -0.504
42.823 46.051 39.391 -0.39 -0.771 -0.503
42.335 46.409 39.605 -0.848 -0.435 -0.302
41.759 46.496 40.256 -0.464 -0.493 -0.736
41.623 46.25 40.676 -0.596 -0.734 -0.327
41.831 46.91 39.726 -0.512 -0.769 -0.382
41.664 47.309 39.524 -0.723 -0.264 -0.638
41.554 47.536 39.521 -0.65 -0.415 -0.636
41.438 47.92 39.525 -0.775 -0.002 -0.632
42.211 47.705 38.143 -0.647 -0.369 -0.668
42.332 47.285 38.163 -0.727 -0.089 -0.681
42.866 47.82 37.761 -0.179 -0.287 -0.941
42.935 47.391 37.811 -0.225 -0.001 -0.974
44.021 47.452 37.954 0.103 0.06 -0.993
44.439 47.025 37.848 -0.176 0.345 -0.922
44.027 47.458 37.956 0.109 0.066 -0.992
44.446 47.032 37.849 -0.17 0.35 -0.921
44.272 47.556 37.966 -0.054 0.001 -0.999
44.89 47.211 37.749 -0.466 0.231 -0.854
44.371 47.726 37.984 0.064 0.204 -0.977
44.998 47.397 37.769 -0.354 0.424 -0.833
44.443 48.006 38.018 0.015 0.018 -1
45.124 47.888 37.859 -0.438 0.097 -0.894
44.576 48.491 38.225 0.192 0.662 -0.725
45.256 48.372 38.066 -0.262 0.74 -0.619
44.893 48.765 38.454 -0.019 0.479 -0.878
45.421 48.549 38.17 -0.372 0.623 -0.688
45 48.901 38.545 0.072 0.595 -0.801
45.521 48.675 38.254 -0.276 0.745 -0.607
45.205 49.02 38.625 -0.065 0.516 -0.854
45.888 48.949 38.306 -0.52 0.563 -0.642
45.217 49.05 38.643 -0.055 0.543 -0.838
45.899 48.979 38.325 -0.51 0.591 -0.625
46.555 48.736 37.089 -0.751 0.29 -0.593
46.122 48.351 37.246 -0.462 0.547 -0.698
47.417 49.979 37.21 -0.287 0.307 -0.907
47.317 50.573 37.306 -0.221 -0.089 -0.971
47.163 51.145 37.161 -0.118 -0.47 -0.875
47.012 49.92 37.459 -0.739 0.241 -0.629
47.015 50.529 37.492 -0.741 -0.165 -0.651
46.834 51.097 37.364 -0.62 -0.544 -0.566
46.921 50.05 37.594 -0.678 0.154 -0.719
46.755 50.789 37.642 -0.567 -0.338 -0.751
46.695 49.983 37.891 -0.9 0.089 -0.427
46.537 50.725 37.928 -0.795 -0.405 -0.452
47.265 51.162 37.134 -0.186 -0.481 -0.857
47.503 50.6 37.248 -0.345 -0.107 -0.933
47.652 50.01 37.123 -0.444 0.287 -0.849
47.644 51.289 37.175 0.596 -0.22 -0.773
47.772 50.69 37.277 0.511 0.18 -0.841
48.03 50.137 37.163 0.338 0.548 -0.765
48.118 51.513 37.345 0.28 -0.369 -0.886
48.664 51.066 37.507 -0.084 -0.071 -0.994
48.318 51.785 37.401 0.601 0.066 -0.796
48.874 51.351 37.565 0.231 0.355 -0.906
48.373 52.68 37.154 0.565 -0.531 -0.631
47.814 53.393 36.729 0.09 0.076 -0.993
47.06 53.619 36.442 0.593 -0.075 -0.802
46.932 54.247 36.056 0.678 -0.494 -0.545
46.984 53.578 36.4 0.464 -0.146 -0.874
46.854 54.204 36.012 0.551 -0.564 -0.615
47.363 54.612 36.066 0.391 -0.737 -0.551
47.787 54.309 36.496 0.108 -0.535 -0.838
47.409 54.652 36.049 0.442 -0.692 -0.57
47.835 54.351 36.478 0.158 -0.491 -0.857
47.688 55.056 35.347 0.256 -0.961 -0.102
48.333 55.091 35.218 -0.174 -0.985 -0.016
47.605 55.179 34.964 0.157 -0.815 -0.557
48.25 55.214 34.835 -0.273 -0.838 -0.472
48.877 54.743 35.767 -0.537 -0.752 -0.382
48.655 54.405 36.327 -0.389 -0.527 -0.756
49.523 54.572 35.9 0.211 -0.95 -0.228
49.332 54.226 36.467 0.339 -0.72 -0.606
50.252 54.605 35.751 -0.123 -0.973 -0.195
51.002 54.998 35.398 0.601 -0.593 -0.536
51.396 56.488 34.983 0.749 -0.417 -0.515
51.262 56.76 34.7 0.645 -0.204 -0.737
50.514 55.675 33.868 0.562 -0.222 -0.797
50.407 56.017 33.617 0.634 -0.45 -0.629
49.764 55.401 33.712 0.026 -0.418 -0.908
49.716 55.764 33.473 0.058 -0.66 -0.749
51.173 56.935 34.544 0.705 -0.32 -0.633
51.124 57.118 34.431 0.662 -0.161 -0.732
51.148 57.262 34.411 0.647 -0.257 -0.718
50.796 57.748 34.268 0.185 0.381 -0.906
52.637 58.047 34.915 0.811 -0.26 -0.524
52.757 57.92 35.118 0.731 -0.175 -0.659
53.714 60.53 36.384 0.375 -0.009 -0.927
52.794 60.636 35.942 0.51 0.585 -0.631
53.395 60.973 36.385 0.109 0.361 -0.926
54.045 61.47 36.413 -0.325 0.029 -0.945
53.079 61.346 36.627 -0.155 0.672 -0.724
54.025 60.44 36.47 0.168 0.051 -0.985
54.404 60.175 36.63 0.507 -0.186 -0.842
55.44 60.136 37.251 0.48 -0.197 -0.855
55.767 61.022 37.304 0.905 -0.291 -0.309
55.853 60.454 37.624 0.848 0.087 -0.523
56.183 59.912 37.793 0.628 0.449 -0.636
55.883 61.345 37.94 0.988 -0.06 0.145
55.955 60.741 38.187 0.939 0.342 -0.02
56.298 60.235 38.429 0.711 0.68 -0.182
55.714 60.903 38.758 0.724 0.486 0.489
55.122 61.909 38.896 0.444 0.342 0.828
54.979 61.422 39.367 0.54 0.667 0.514
54.135 61.784 39.351 0.222 0.802 0.555
53.351 61.845 38.909 -0.492 0.857 0.152
54.647 60.876 40.69 0.423 0.906 0.024
55.198 60.803 41.168 0.056 0.954 -0.295
55.77 61.074 41.541 -0.325 0.774 -0.544
54.538 60.864 40.835 0.075 0.868 0.492
55.161 60.799 41.219 -0.34 0.911 0.236
55.661 61.062 41.687 -0.673 0.736 -0.076
54.292 60.837 40.975 0.24 0.885 0.398
54.704 60.673 41.429 -0.035 0.995 0.096
55.108 60.776 41.909 -0.304 0.926 -0.224
54.168 60.801 41.079 0.057 0.832 0.552
54.601 60.643 41.517 -0.231 0.937 0.26
54.971 60.736 42.024 -0.478 0.875 -0.078
53.934 60.739 41.25 0.213 0.873 0.438
54.18 60.552 41.84 0.05 0.998 0.044
54.441 60.66 42.444 -0.124 0.926 -0.358
53.008 60.724 41.075 -0.196 0.248 0.949
53.543 60.497 41.401 -0.552 0.4 0.732
53.914 60.388 41.943 -0.8 0.473 0.37
54.049 60.418 42.594 -0.89 0.452 -0.064
53.921 60.583 43.226 -0.804 0.343 -0.485
53.558 60.014 41.363 -0.522 -0.544 0.657
53.924 60.06 41.917 -0.767 -0.574 0.288
54.064 59.936 42.556 -0.86 -0.491 -0.138
55.488 61.448 42.972 -0.537 0.797 -0.278
55.875 61.568 43.694 -0.183 0.906 0.382
55.526 61.238 44.57 0.342 0.811 0.475
56.187 61.287 44.352 -0.098 0.778 0.62
55.396 60.501 45.54 0.599 0.719 0.351
55.347 60.432 46.252 0.632 0.765 -0.123
55.515 60.625 46.921 0.52 0.637 -0.569
54.942 60.461 45.583 -0.64 0.609 0.468
55.133 60.413 46.272 -0.767 0.641 0.009
55.061 60.585 46.963 -0.72 0.527 -0.453
54.692 60.294 45.524 -0.474 0.72 0.507
54.717 60.076 46.138 -0.49 0.866 0.098
54.604 60.103 46.78 -0.414 0.848 -0.33
54.564 60.198 45.5 -0.678 0.568 0.467
54.613 59.998 46.118 -0.711 0.702 0.055
54.46 59.995 46.752 -0.609 0.703 -0.368
54.328 60.002 45.464 -0.521 0.699 0.491
54.155 59.684 46.083 -0.405 0.911 0.078
53.842 59.677 46.728 -0.197 0.915 -0.352
53.906 60.005 44.711 -0.815 -0.07 0.575
54.16 59.778 45.342 -0.985 0.081 0.154
54.076 59.579 46.026 -0.929 0.214 -0.302
53.674 59.453 46.606 -0.661 0.298 -0.689
53.045 59.43 46.95 -0.242 0.313 -0.918
54.261 59.492 45.307 -0.704 -0.707 0.059
54.124 59.446 46.01 -0.612 -0.676 -0.409
53.776 59.167 46.572 -0.381 -0.491 -0.784
54.548 58.803 44.843 -0.896 -0.248 0.369
54.536 58.633 44.534 -0.907 -0.415 0.067
54.653 58.365 45.782 -0.965 0.044 -0.257
54.378 58.503 46.328 -0.782 -0.048 -0.621
53.898 58.629 46.711 -0.462 -0.132 -0.877
54.65 58.289 45.802 -0.97 -0.103 -0.22
54.376 58.446 46.343 -0.787 -0.207 -0.581
53.896 58.548 46.732 -0.467 -0.275 -0.84
54.496 57.389 45.519 -0.867 0.497 -0.031
54.486 57.257 45.22 -0.876 0.378 -0.3
53.895 57.277 46.485 -0.466 0.571 -0.675
53.655 57.896 46.88 -0.306 0.159 -0.939
53.74 57.183 46.542 -0.64 0.466 -0.611
53.513 57.81 46.932 -0.489 0.048 -0.871
53.929 60.562 47.884 -0.449 0.737 -0.506
53.757 60.611 48.593 -0.607 0.781 0.145
53.03 60.079 49.043 -0.253 0.777 0.576
53.646 60.299 49.304 -0.664 0.63 0.403
53.134 59.104 49.975 -0.371 0.794 0.482
53.127 58.899 50.715 -0.366 0.93 -0.011
52.77 58.81 49.876 -0.836 0.419 0.355
52.729 58.577 50.607 -0.809 0.573 -0.132
51.676 57.858 50.97 -0.292 0.801 -0.522
51.63 57.653 50.845 -0.424 0.215 -0.88
52.485 58.528 49.542 -0.831 0.354 0.429
52.444 58.346 49.431 -0.967 -0.248 0.063
52.462 58.246 49.38 -0.979 -0.181 0.097
52.439 57.945 49.927 -0.963 0.02 -0.267
52.165 57.649 50.404 -0.781 0.217 -0.586
52.506 58.098 49.306 -0.907 -0.42 -0.021
52.473 57.831 49.87 -0.885 -0.241 -0.397
52.209 57.501 50.33 -0.71 -0.021 -0.704
52.601 57.808 49.151 -0.971 -0.226 0.082
52.79 57.496 48.748 -0.783 -0.536 -0.317
52.3 57.201 50.193 -0.77 0.179 -0.613
52.33 56.816 50.164 -0.74 -0.202 -0.642
52.539 56.046 49.744 -0.879 0.311 -0.362
52.661 55.971 49.492 -0.764 0.24 -0.599
52.032 55.956 50.334 -0.541 0.371 -0.755
52.011 55.946 50.344 -0.559 0.362 -0.746
51.573 55.481 50.26 -0.267 0.673 -0.69
51.072 55.794 50.55 0.067 0.464 -0.883
51.378 55.256 50.178 -0.439 0.474 -0.763
50.891 55.586 50.474 -0.115 0.255 -0.96
51.184 56.464 50.725 -0.007 0.017 -1
51.069 56.766 50.778 -0.109 0.284 -0.953
49.905 56.983 50.858 -0.101 0.696 -0.711
50.304 57.497 51.083 -0.367 0.353 -0.861
49.625 57.637 51.696 -0.641 0.451 -0.621
49.266 57.42 52.357 -0.967 0.254 -0.021
49.108 55.85 53.331 -0.849 0.486 0.206
48.908 55.604 54.025 -0.716 0.65 -0.257
49.056 55.753 53.282 -0.938 0.324 0.124
48.858 55.513 53.979 -0.806 0.484 -0.34
49.017 55.689 53.191 -0.912 0.367 0.185
48.832 55.383 53.812 -0.789 0.57 -0.229
48.973 55.16 52.892 -0.961 -0.23 -0.152
48.784 54.809 53.488 -0.836 0.004 -0.549
49.021 54.988 52.653 -0.993 -0.115 0.007
48.945 54.512 53.063 -0.942 0.202 -0.266
48.617 54.09 53.402 -0.724 0.484 -0.492
48.096 53.797 53.61 -0.376 0.679 -0.631
49.078 54.866 52.554 -0.816 -0.492 -0.302
48.95 54.5 53.054 -0.731 -0.249 -0.636
48.627 54.068 53.384 -0.515 0.04 -0.856
48.167 53.647 53.486 -0.208 0.321 -0.924
49.127 54.816 52.494 -0.849 -0.459 -0.263
49.055 54.418 52.95 -0.801 -0.193 -0.567
48.785 53.971 53.266 -0.621 0.104 -0.777
49.414 54.593 52.377 -0.413 -0.797 -0.44
49.284 54.24 52.857 -0.326 -0.562 -0.76
49.072 53.748 53.149 -0.185 -0.234 -0.954
49.732 54.447 52.236 -0.625 -0.7 -0.346
49.813 54.417 52.166 -0.549 -0.727 -0.411
50.056 54.364 51.367 -0.712 -0.692 0.121
50.335 53.78 51.068 -0.898 -0.303 0.321
50.02 54.556 50.942 -0.764 -0.413 -0.497
50.301 53.964 50.662 -0.951 -0.018 -0.31
50.483 53.413 51.444 -0.996 -0.058 0.07
50.355 53.715 52.032 -0.911 -0.259 -0.322
50.484 53.401 51.451 -0.994 -0.076 0.079
50.356 53.703 52.038 -0.909 -0.277 -0.312
50.332 52.612 51.616 -0.893 0.45 -0.031
50.309 51.996 51.253 -0.915 -0.141 -0.378
50.414 51.966 50.87 -0.985 -0.121 -0.123
50.309 51.495 51.217 -0.915 0.193 -0.354
50.466 51.852 50.727 -0.928 -0.247 -0.28
50.365 51.372 51.062 -0.861 0.074 -0.504
49.361 50.89 52.22 -0.621 0.268 -0.737
48.838 51.042 52.537 -0.272 0.167 -0.948
48.243 51.239 52.602 0.124 0.035 -0.992
49.267 50.199 52.648 -0.744 -0.646 -0.171
48.767 50.514 52.864 -0.411 -0.856 -0.315
48.157 50.603 52.996 -0.004 -0.915 -0.403
49.347 49.81 53.086 -0.798 -0.386 -0.463
48.832 49.766 53.616 -0.454 -0.357 -0.816
49.36 49.776 53.095 -0.782 -0.43 -0.451
48.843 49.735 53.624 -0.437 -0.403 -0.804
49.622 49.204 52.849 -0.957 -0.049 -0.287
49.392 48.734 53.218 -0.804 0.264 -0.533
49.65 49.136 52.78 -0.933 -0.105 -0.344
49.421 48.665 53.148 -0.781 0.21 -0.589
49.717 49.021 52.575 -0.978 -0.028 -0.207
49.559 48.456 52.778 -0.873 0.349 -0.342
50.136 48.699 51.951 -0.639 -0.289 -0.713
49.991 48.123 52.134 -0.542 0.094 -0.835
50.542 48.845 51.109 -0.909 -0.387 -0.152
50.77 49.545 50.552 -0.699 0.259 -0.667
50.623 48.019 51.197 -0.964 0.164 -0.21
50.286 47.738 51.744 -0.739 0.351 -0.575
50.943 47.352 50.98 -0.563 -0.671 -0.482
50.648 46.984 51.498 -0.367 -0.426 -0.827
51.077 47.159 51.051 -0.653 -0.542 -0.529
51.162 47.097 51.02 -0.575 -0.599 -0.557
51.384 46.975 50.869 -0.723 -0.518 -0.456
51.658 46.87 50.696 -0.421 -0.634 -0.648
51.238 47.887 49.437 -0.483 -0.448 -0.752
51.513 47.879 49.209 -0.666 -0.443 -0.6
51.839 46.795 50.629 -0.542 -0.584 -0.604
52.605 46.615 50.571 0.135 -0.743 -0.656
53.191 46.784 50.263 -0.256 -0.855 -0.451
53.584 46.38 50.522 -0.518 -0.586 -0.623
53.236 46.798 50.215 -0.216 -0.843 -0.492
53.63 46.394 50.474 -0.478 -0.574 -0.665
52.405 47.57 48.617 -0.277 -0.938 -0.209
52.436 47.555 47.968 -0.297 -0.928 0.223
51.849 48.07 48.544 -0.869 -0.405 -0.286
51.924 48.016 47.902 -0.919 -0.369 0.143
51.845 48.172 48.361 -0.866 -0.473 -0.164
51.7 48.863 48.387 -0.985 0.095 -0.143
52.551 47.496 47.905 -0.375 -0.889 0.265
52.633 47.505 48.49 -0.429 -0.895 -0.125
52.82 47.428 47.869 -0.031 -0.975 0.218
52.902 47.437 48.453 -0.085 -0.982 -0.171
53.538 46.946 46.234 0.137 -0.815 0.563
52.678 46.978 46.547 -0.016 -0.996 -0.083
53.081 46.845 45.959 -0.284 -0.908 0.309
53.384 46.395 45.479 -0.486 -0.607 0.629
52.253 47.152 46.201 -0.37 -0.852 -0.371
52.679 47.009 45.632 -0.654 -0.757 0.008
52.875 46.602 45.066 -0.785 -0.485 0.386
52.435 47.396 45.338 -0.878 -0.401 -0.262
52.007 47.947 45.306 -0.593 -0.769 -0.241
51.825 48.082 44.643 -0.471 -0.859 0.201
51.489 47.936 44.046 -0.247 -0.761 0.599
51.857 48.202 45.374 -0.995 -0.086 -0.057
51.728 48.246 44.687 -0.909 -0.115 0.401
51.302 48.253 44.131 -0.625 -0.12 0.772
51.728 47.528 43.788 -0.407 -0.489 0.772
52.263 47.367 44.162 -0.763 -0.382 0.522
51.884 47.112 43.388 -0.26 -0.882 0.394
52.418 46.951 43.763 -0.616 -0.774 0.144
50.716 46.942 43.012 -0.178 -0.851 0.494
50.826 46.555 42.607 -0.252 -0.593 0.764
50.193 47.043 42.803 -0.486 -0.791 0.371
50.264 46.664 42.382 -0.533 -0.539 0.652
52.028 46.837 43.047 -0.356 -0.698 0.621
52.512 46.812 43.567 -0.679 -0.682 0.274
52.359 46.568 42.735 -0.061 -0.937 0.344
52.832 46.552 43.266 -0.376 -0.926 -0.01
52.48 46.462 42.531 -0.141 -0.866 0.48
53.05 46.39 42.889 -0.522 -0.818 0.241
52.51 46.429 42.476 -0.118 -0.892 0.437
53.08 46.357 42.835 -0.498 -0.844 0.198
52.386 45.848 41.838 -0.035 -0.504 0.863
52.855 45.284 41.739 -0.348 -0.129 0.929
53.197 44.674 41.979 -0.576 0.278 0.769
52.374 45.839 41.832 -0.057 -0.521 0.852
52.849 45.28 41.736 -0.373 -0.148 0.916
53.188 44.667 41.974 -0.599 0.261 0.757
52.371 45.746 41.779 -0.054 -0.458 0.887
51.986 45.515 41.489 -0.406 -0.669 0.623
51.263 45.547 41.344 0.076 -0.691 0.719
51.187 45.022 41.026 0.127 -0.34 0.932
51.102 45.56 41.358 -0.057 -0.68 0.731
51.038 45.034 41.039 -0.014 -0.329 0.944
50.677 45.674 41.533 0.226 -0.756 0.614
50.263 45.238 41.362 0.502 -0.465 0.729
49.979 44.681 41.38 0.691 -0.094 0.716
50.45 46.324 42.18 -0.441 -0.709 0.551
50.214 45.946 41.741 -0.284 -0.456 0.843
49.905 45.448 41.522 -0.077 -0.125 0.989
49.576 44.918 41.562 0.142 0.229 0.963
49.283 44.448 41.852 0.337 0.543 0.769
49.765 46.241 41.533 -0.778 -0.132 0.614
49.558 45.676 41.362 -0.64 0.244 0.729
49.184 45.175 41.38 -0.39 0.578 0.716
49.445 46.566 41.332 -0.564 -0.349 0.748
48.958 46.261 41.015 -0.24 -0.146 0.96
49.444 46.568 41.332 -0.565 -0.347 0.748
48.957 46.262 41.015 -0.241 -0.144 0.96
49.285 47.105 41.645 -0.459 -0.706 0.54
48.681 47.253 41.567 -0.057 -0.804 0.592
49.295 47.224 41.787 -0.451 -0.62 0.642
48.692 47.372 41.709 -0.049 -0.718 0.694
48.178 46.629 41.137 0.279 -0.388 0.878
48.164 46.624 41.139 0.267 -0.392 0.88
48.081 46.65 41.18 0.323 -0.41 0.853
48.225 45.978 41 0.227 0.038 0.973
48.445 45.32 41.147 0.08 0.477 0.875
47.862 46.587 41.184 -0.022 -0.509 0.86
48.092 45.94 41.002 -0.175 -0.078 0.982
48.263 45.267 41.151 -0.289 0.371 0.883
48.537 45.294 41.156 0.018 0.494 0.869
48.551 45.297 41.154 0.032 0.497 0.867
50.358 44.231 41.143 0.439 0.206 0.875
50.471 43.606 41.018 0.541 -0.356 0.762
49.673 42.719 41.303 0.616 -0.692 0.377
50.093 42.568 40.769 0.336 -0.591 0.733
49.288 42.109 40.411 0.054 -0.815 0.577
48.48 42.228 39.994 -0.678 -0.708 0.198
47.291 43.499 39.94 -0.514 -0.85 -0.116
46.685 43.699 39.549 -0.11 -0.983 0.144
47.255 43.517 40.004 -0.571 -0.821 -0.013
46.651 43.716 39.61 -0.168 -0.954 0.25
47.267 43.502 40.109 -0.579 -0.811 -0.082
46.708 43.742 39.798 -0.206 -0.97 0.125
47.238 43.521 40.177 -0.611 -0.792 -0.01
46.676 43.761 39.872 -0.236 -0.952 0.193
47.104 43.502 40.683 -0.522 -0.779 -0.347
46.419 43.702 40.767 -0.065 -0.913 -0.404
45.712 43.588 40.712 0.406 -0.837 -0.367
47.117 43.581 41.049 -0.486 -0.56 0.671
46.425 43.738 40.936 -0.025 -0.665 0.747
45.725 43.667 41.079 0.442 -0.617 0.651
47.239 43.697 41.274 -0.568 -0.638 0.521
46.689 43.996 41.292 -0.201 -0.837 0.509
46.086 44.076 41.443 0.201 -0.89 0.408
47.324 43.859 41.468 -0.446 -0.404 0.799
46.762 44.135 41.457 -0.07 -0.588 0.806
46.18 44.256 41.657 0.317 -0.669 0.673
45.502 43.585 40.069 0.547 -0.835 0.062
45.465 43.56 40.019 0.519 -0.855 0.023
45.407 43.512 39.889 0.558 -0.823 0.11
44.551 43.004 40.012 0.36 -0.699 -0.618
44.961 43.387 39.514 0.087 -0.954 -0.286
45.403 43.413 38.91 -0.208 -0.971 0.117
44.496 43.627 39.229 -0.403 -0.701 -0.588
44.365 43.699 39.22 -0.315 -0.749 -0.582
43.475 43.772 39.617 -0.408 -0.151 -0.9
43.883 44.153 39.182 -0.681 -0.405 -0.611
44.064 44.399 38.544 -0.801 -0.569 -0.185
43.603 44.715 39.396 -0.893 0.021 -0.449
45.289 43.964 37.739 -0.189 -0.787 -0.588
45.365 43.781 37.92 -0.239 -0.665 -0.708
47.107 43.961 37.998 -0.18 -0.842 -0.508
47.111 44.038 37.883 -0.176 -0.781 -0.6
45.046 45.68 37.019 -0.311 0.071 -0.948
45.56 45.938 36.723 -0.653 -0.101 -0.75
44.885 46.208 37.201 -0.391 0.335 -0.857
45.399 46.466 36.905 -0.734 0.163 -0.66
46.278 46.155 36.312 -0.294 0.007 -0.956
46.386 45.918 36.252 -0.366 0.166 -0.916
47.903 46.36 36.224 -0.262 -0.105 -0.959
47.809 46.886 36.306 -0.332 0.29 -0.898
47.856 46.226 36.244 -0.23 -0.015 -0.973
47.898 46.123 36.242 -0.184 -0.127 -0.975
49.214 46.495 35.549 -0.132 -0.217 -0.967
49.266 46.061 35.573 -0.166 0.072 -0.983
49.964 46.537 35.649 0.404 -0.186 -0.896
49.957 46.1 35.665 0.409 0.105 -0.907
50.981 46.289 36.612 0.515 -0.081 -0.853
51.584 46.059 36.818 0.113 0.072 -0.991
51.083 46.784 36.806 0.622 0.435 -0.651
51.694 46.595 37.028 0.215 0.562 -0.799
51.024 47.034 36.88 0.662 0.269 -0.7
51.553 47.029 37.197 0.309 0.272 -0.911
50.943 47.345 37.019 0.573 0.611 -0.547
51.472 47.34 37.336 0.22 0.614 -0.758
51.019 47.462 37.198 0.522 0.533 -0.666
51.693 47.638 37.559 0.072 0.416 -0.907
50.929 47.613 37.287 0.401 0.735 -0.546
51.594 47.804 37.657 -0.043 0.608 -0.793
50.084 48.36 37.113 0.742 0.428 -0.516
50.155 49.005 37.419 0.695 -0.002 -0.719
49.773 48.475 36.943 0.321 0.584 -0.746
49.845 49.12 37.249 0.273 0.154 -0.95
49.398 48.437 36.65 0.571 0.609 -0.551
48.686 48.144 36.246 -0.112 0.327 -0.938
49.503 49.421 37.121 0.501 -0.047 -0.864
48.789 49.415 36.693 0.451 0.564 -0.691
49.182 49.792 37.052 0.189 0.313 -0.931
49.629 50.257 37.147 -0.109 0.002 -0.994
48.804 50.076 37.199 -0.177 0.589 -0.789
50.234 48.88 37.483 0.642 0.081 -0.762
50.355 48.843 37.597 0.742 0.051 -0.669
51.087 49.234 38.01 0.254 -0.209 -0.944
51.672 48.78 38.073 -0.136 0.093 -0.986
51.172 49.347 38.02 0.356 -0.073 -0.932
51.765 48.905 38.084 -0.039 0.222 -0.974
51.249 50.154 37.719 0.305 -0.611 -0.731
50.47 50.202 37.321 0.492 -0.037 -0.87
51.024 50.565 37.446 0.122 -0.278 -0.953
51.616 50.843 37.281 -0.272 -0.464 -0.843
50.176 50.7 37.272 0.282 0.318 -0.905
50.749 51.03 37.399 -0.1 0.098 -0.99
51.292 51.39 37.227 -0.462 -0.142 -0.875
50.477 51.459 37.59 -0.32 0.445 -0.836
49.584 51.782 37.736 0.275 0.23 -0.933
49.383 52.49 37.655 0.409 -0.242 -0.88
49.32 51.7 37.692 -0.066 0.123 -0.99
49.106 52.403 37.609 0.077 -0.346 -0.935
49.905 52.845 37.649 0.061 -0.479 -0.876
50.501 52.404 37.721 -0.336 -0.185 -0.924
50.074 53.065 37.591 0.247 -0.238 -0.939
50.67 52.623 37.663 -0.15 0.056 -0.987
50.113 53.939 36.971 0.221 -0.821 -0.526
49.934 54.075 36.768 0.047 -0.691 -0.722
49.793 54.093 36.731 0.141 -0.703 -0.697
49.712 54.147 36.668 0.086 -0.667 -0.74
51.094 53.692 37.109 -0.433 -0.656 -0.618
51.265 52.985 37.407 -0.547 -0.185 -0.816
51.466 53.749 37.002 0.209 -0.558 -0.803
51.679 53.049 37.288 0.067 -0.092 -0.994
51.541 53.887 36.911 0.16 -0.651 -0.742
51.787 53.371 37.225 -0.004 -0.306 -0.952
52.032 52.767 37.269 -0.168 0.096 -0.981
51.823 54.049 37.029 0.855 -0.253 -0.452
51.96 53.47 37.297 0.764 0.133 -0.631
52.314 52.928 37.387 0.528 0.494 -0.691
52.157 54.351 37.291 0.633 -0.454 -0.627
52.608 53.985 37.73 0.332 -0.21 -0.919
52.21 54.428 37.3 0.71 -0.342 -0.615
52.666 54.07 37.739 0.406 -0.104 -0.908
52.355 54.587 37.351 0.614 -0.449 -0.65
52.751 54.159 37.761 0.349 -0.163 -0.923
52.511 54.785 37.409 0.754 -0.272 -0.598
52.903 54.35 37.816 0.493 0.018 -0.87
52.907 55.587 37.007 0.489 -0.807 -0.33
53.615 55.757 37.097 0.018 -0.921 -0.39
52.867 56.19 36.476 0.448 -0.19 -0.873
53.578 56.311 36.609 -0.025 -0.271 -0.962
53.093 56.926 36.17 0.297 -0.681 -0.669
53.704 56.716 36.416 -0.109 -0.541 -0.834
53.121 56.97 36.139 0.323 -0.639 -0.698
53.73 56.758 36.388 -0.082 -0.497 -0.864
53.107 57.089 36.009 0.333 -0.718 -0.611
53.68 57.022 36.199 -0.049 -0.674 -0.737
52.869 57.734 35.326 0.787 -0.268 -0.556
53.299 57.662 35.748 0.5 -0.22 -0.837
53.852 57.536 35.965 0.132 -0.136 -0.982
54.438 57.377 35.94 -0.259 -0.029 -0.966
53.429 58.293 35.886 0.614 0.329 -0.718
53.969 58.102 36.088 0.254 0.456 -0.853
54.134 58.518 36.269 0.144 0.178 -0.973
54.546 58.81 36.556 0.554 0.469 -0.688
54.806 59.016 36.818 0.381 0.331 -0.863
55.031 59.01 36.955 0.601 0.325 -0.73
55.383 58.788 37.062 0.367 0.473 -0.801
55.9 58.35 37.397 0.885 0.036 -0.465
56.531 58.475 38.026 0.464 -0.047 -0.884
56.645 58.617 38.094 0.544 0.051 -0.838
56.753 58.563 38.153 0.471 0.088 -0.878
56.895 58.802 38.312 0.614 0.328 -0.718
56.819 58.912 38.289 0.664 0.255 -0.702
56.895 59.448 38.862 0.717 0.627 -0.304
56.969 59.577 39.174 0.667 0.541 -0.512
56.928 59.677 39.238 0.634 0.621 -0.461
56.787 59.764 39.132 0.728 0.563 -0.39
57.196 59.734 39.556 0.456 0.583 -0.673
56.466 60.09 39.478 0.368 0.93 -0.001
56.886 60.049 39.889 0.087 0.957 -0.276
56.535 60.076 39.661 0.321 0.939 -0.124
56.402 60.123 39.775 0.215 0.976 -0.033
55.781 60.437 39.534 0.629 0.767 0.127
56.29 60.173 39.97 0.29 0.943 -0.164
55.747 60.454 39.583 0.598 0.782 0.172
56.256 60.19 40.02 0.26 0.958 -0.119
55.409 60.78 39.774 0.824 0.565 0.045
55.575 60.71 40.355 0.713 0.612 -0.342
55.917 60.791 40.851 0.486 0.558 -0.673
56.378 61.009 41.182 0.178 0.412 -0.893
55.053 60.938 40.005 0.153 0.864 0.48
55.441 60.77 40.442 -0.106 0.976 0.189
55.803 60.842 40.925 -0.347 0.928 -0.133
56.079 61.142 41.375 -0.531 0.728 -0.433
56.896 60.687 40.983 -0.168 0.627 -0.761
57.053 60.697 40.969 -0.048 0.634 -0.772
57.203 60.714 40.963 -0.148 0.623 -0.768
57.855 61.33 41.498 0.536 0.2 -0.82
57.865 60.707 41.144 0.529 0.616 -0.584
58.057 60.295 40.589 0.402 0.89 -0.214
58.277 60.379 41.584 0.951 0.28 -0.133
58.325 60.3 41.703 0.919 0.332 -0.213
58.349 59.889 42.44 0.938 0.02 0.347
58.285 60.007 43.243 0.98 -0.059 -0.189
58.277 60.996 43.408 0.838 -0.039 0.544
58.191 60.439 43.78 0.895 0.332 0.296
58.377 59.984 44.242 0.771 0.636 -0.012
57.706 60.727 44.187 0.457 0.592 0.664
57.038 61.752 43.855 -0.047 0.502 0.864
56.692 61.315 44.28 0.183 0.794 0.58
57.071 60.309 45.191 0.427 0.824 0.372
57.207 60.143 45.918 0.336 0.935 -0.112
56.6 60.321 45.3 -0.181 0.84 0.512
56.787 60.154 46.015 -0.306 0.951 0.035
56.488 60.32 45.271 -0.106 0.841 0.531
56.596 60.11 45.939 -0.178 0.98 0.086
56.479 60.318 45.272 -0.114 0.839 0.532
56.587 60.108 45.939 -0.186 0.979 0.087
56.129 60.401 45.155 0.118 0.784 0.61
56.127 60.402 45.154 0.112 0.786 0.609
56.242 60.517 47.129 0.043 0.706 -0.707
56.249 60.52 47.133 0.048 0.709 -0.704
56.369 60.585 47.196 -0.031 0.665 -0.746
56.44 61.266 47.97 0.704 0.528 -0.475
56.836 60.774 47.665 0.44 0.856 -0.272
57.376 60.562 47.272 0.08 0.997 -0.01
57.115 60.536 48.248 0.722 0.616 0.315
57.132 60.462 48.377 0.711 0.665 0.229
56.738 60.649 49.178 0.917 0.087 0.388
57.093 60.142 48.867 0.681 0.425 0.596
57.665 59.771 48.746 0.3 0.672 0.677
56.845 59.744 49.218 0.495 0.126 0.86
56.274 59.69 49.825 0.875 0.162 0.455
55.828 60.639 49.979 0.267 0.08 0.96
55.692 60.044 50.215 0.358 0.477 0.803
55.659 59.585 50.681 0.381 0.783 0.493
54.915 60.136 50.166 -0.334 0.559 0.759
54.415 61.004 49.443 -0.742 0.341 0.577
54.001 60.447 49.522 -0.467 0.713 0.524
54.172 59.513 50.558 -0.142 0.853 0.501
53.93 59.295 51.236 0.019 0.999 0.049
53.753 59.379 50.384 -0.675 0.683 0.279
53.557 59.175 51.081 -0.544 0.818 -0.185
53.679 59.346 50.298 -0.625 0.704 0.336
53.454 59.088 50.917 -0.475 0.876 -0.076
53.609 59.3 50.254 -0.688 0.663 0.296
53.382 59.041 50.871 -0.536 0.836 -0.116
51.946 59.052 52.131 0.014 0.899 -0.439
51.736 58.605 51.637 -0.147 0.555 -0.819
52.052 59.1 52.219 -0.056 0.866 -0.497
52.19 59.123 53.056 0.098 0.891 0.443
52.118 59.079 53.175 0.146 0.92 0.364
51.42 58.954 53.828 0.573 0.488 0.658
52.091 58.72 53.683 0.126 0.644 0.755
52.807 58.712 53.803 -0.351 0.649 0.675
51.975 58.178 53.968 0.037 0.227 0.973
51.4 57.756 54.299 0.42 0.508 0.752
50.524 58.257 54.304 -0.066 -0.01 0.998
50.716 57.638 54.458 -0.194 0.402 0.895
50.851 57.138 54.877 -0.284 0.735 0.615
50.121 57.337 54.21 -0.729 0.132 0.672
49.841 57.201 53.998 -0.607 0.216 0.765
49.675 56.564 54.266 -0.496 0.64 0.587
49.342 56.143 54.731 -0.274 0.921 0.277
49.829 57.2 53.988 -0.643 0.212 0.736
49.67 56.564 54.262 -0.538 0.637 0.553
49.331 56.142 54.722 -0.311 0.918 0.246
49.338 57.919 53.356 -0.913 -0.251 0.321
49.33 57.233 53.289 -0.908 0.207 0.365
49.666 56.574 54.246 -0.535 0.63 0.563
49.33 56.144 54.712 -0.31 0.916 0.253
49.292 56.232 53.719 -0.972 0.231 -0.052
48.993 55.837 54.238 -0.772 0.495 -0.398
49.352 56.146 54.73 -0.28 0.919 0.277
49.69 56.576 54.266 -0.506 0.632 0.587
49.381 56.147 54.753 -0.239 0.921 0.309
49.723 56.577 54.291 -0.467 0.634 0.616
49.666 56.208 54.91 -0.429 0.88 0.204
49.786 56.19 55.097 -0.289 0.86 0.421
48.532 55.789 56.032 -0.311 0.793 0.523
48.616 55.696 56.269 -0.367 0.855 0.366
47.335 54.884 55.697 -0.446 0.841 0.305
47.385 54.788 54.915 -0.392 0.736 -0.552
47.322 54.696 54.825 -0.35 0.797 -0.492
47.408 54.372 54.439 -0.285 0.554 -0.782
47.637 54.212 54.18 -0.437 0.662 -0.609
47.923 54.009 53.866 -0.261 0.537 -0.802
46.609 53.525 53.747 -0.443 0.664 -0.602
46.229 53.911 54.184 -0.19 0.407 -0.894
46.877 53.272 53.391 -0.294 0.523 -0.8
46.719 52.78 52.926 -0.188 0.851 -0.49
47.965 52.877 53.156 0.051 0.521 -0.852
48.222 52.595 53.079 0.283 0.266 -0.921
49.314 52.546 52.963 -0.445 0.299 -0.844
49.419 52.673 52.966 -0.361 0.401 -0.842
49.448 53.563 53.06 -0.381 -0.192 -0.904
49.416 53.61 53.065 -0.415 -0.142 -0.899
50.042 53.117 52.634 -0.777 0.105 -0.621
50.091 53.123 52.578 -0.732 0.11 -0.672
49.122 52.014 52.728 -0.317 0.654 -0.687
48.43 52.037 52.831 0.144 0.639 -0.756
49.032 51.313 52.489 -0.402 -0.014 -0.916
48.348 51.39 52.61 0.054 -0.065 -0.996
46.007 52.949 53.862 -0.666 0.441 -0.602
45.661 52.346 54.348 -0.981 -0.108 -0.159
46.041 50.606 54.7 -0.99 0.041 0.136
45.902 50.083 55.215 -0.897 0.39 -0.207
46.052 50.414 54.502 -0.976 -0.191 -0.104
45.914 49.874 54.999 -0.884 0.169 -0.435
46.069 50.204 53.98 -0.991 -0.116 0.068
45.997 49.535 54.144 -0.943 0.33 -0.042
45.624 48.972 54.294 -0.694 0.706 -0.142
46.261 50.05 53.603 -0.615 -0.417 -0.669
46.137 49.423 53.869 -0.533 0.001 -0.846
45.842 48.796 53.865 -0.336 0.419 -0.844
47.543 49.99 53.631 -0.044 -0.711 -0.702
47.813 50.113 53.556 0.225 -0.588 -0.777
47.477 48.943 54.078 0 -0.013 -1
47.104 48.428 53.944 0.249 0.33 -0.91
46.801 48.006 53.553 0.451 0.612 -0.65
47.525 48.907 54.082 0.105 -0.094 -0.99
47.137 48.402 53.947 0.363 0.243 -0.9
46.852 47.966 53.558 0.553 0.533 -0.64
48.393 48.755 53.918 -0.474 0.007 -0.88
48.611 48.913 53.841 -0.283 0.145 -0.948
48.042 47.7 53.589 -0.241 0.711 -0.661
47.34 47.537 53.387 0.227 0.819 -0.526
48.091 47.609 53.489 -0.189 0.613 -0.767
47.385 47.453 53.296 0.282 0.717 -0.638
48.449 47.405 53.098 -0.428 0.749 -0.506
47.874 47.263 53.141 -0.044 0.844 -0.535
47.288 47.32 53.059 0.346 0.806 -0.48
48.964 47.059 52.413 -0.724 0.205 -0.659
48.478 46.94 52.732 -0.399 0.285 -0.871
47.897 46.888 52.846 -0.012 0.32 -0.947
47.313 46.911 52.737 0.377 0.304 -0.875
46.818 47.005 52.422 0.707 0.241 -0.665
48.475 46.348 52.741 -0.402 -0.307 -0.862
47.894 46.41 52.853 -0.016 -0.348 -0.937
47.311 46.389 52.745 0.373 -0.335 -0.865
48.972 46.1 52.443 -0.734 -0.142 -0.664
49.923 45.537 52.141 -0.245 -0.556 -0.794
49.825 45.5 52.192 -0.179 -0.532 -0.828
49.726 45.458 52.234 -0.113 -0.504 -0.856
49.839 44.832 53.122 -0.286 -0.909 -0.304
49.751 44.875 53.061 -0.228 -0.938 -0.263
49.661 44.91 52.997 -0.167 -0.961 -0.22
48.886 45.374 53.453 -0.79 -0.613 -0.008
48.407 45.774 53.539 -0.47 -0.88 -0.065
47.84 45.947 53.497 -0.092 -0.995 -0.037
47.251 45.885 53.447 0.3 -0.954 -0.004
48.387 45.799 53.775 -0.49 -0.855 0.171
47.824 45.967 53.688 -0.114 -0.967 0.229
47.234 45.907 53.654 0.279 -0.927 0.251
48.39 45.823 54.045 -0.492 -0.871 -0.01
47.823 45.999 54.186 -0.114 -0.988 -0.103
47.228 45.93 54.301 0.283 -0.942 -0.18
48.448 45.827 54.311 -0.437 -0.866 0.241
47.873 46.003 54.413 -0.053 -0.983 0.173
47.284 45.934 54.558 0.339 -0.938 0.077
49.335 45.198 54.588 -0.538 -0.725 0.429
49.138 45.468 55.049 -0.407 -0.905 0.121
49.837 45.101 54.859 -0.287 -0.774 0.565
49.64 45.371 55.321 -0.156 -0.954 0.257
50.965 45.209 55.353 -0.408 -0.784 0.468
51.434 45.037 55.783 -0.721 -0.669 0.182
51.427 44.982 54.827 0.03 -0.999 -0.03
51.845 44.835 55.314 -0.249 -0.901 -0.355
51.747 44.891 54.342 -0.183 -0.938 0.293
52.41 44.608 54.457 -0.626 -0.749 0.216
51.827 44.853 53.867 -0.101 -0.977 -0.19
52.485 44.573 54.021 -0.539 -0.79 -0.293
50.94 44.836 53.071 0.264 -0.907 -0.33
51.514 44.933 52.885 -0.119 -0.971 -0.206
50.435 45.517 52.081 0.011 -0.566 -0.824
51.396 45.559 51.595 -0.63 -0.594 -0.5
52.704 44.913 52.886 -0.259 -0.94 -0.222
53.045 44.584 53.295 -0.486 -0.721 -0.494
52.99 44.956 52.683 0.06 -0.891 -0.449
53.331 44.627 53.091 -0.167 -0.672 -0.721
53.338 45.136 51.827 -0.202 -0.961 -0.19
52.559 45.4 51.348 0.201 -0.708 -0.677
53.26 45.423 51.287 -0.267 -0.723 -0.637
53.873 45.207 51.016 -0.675 -0.579 -0.456
53.236 45.942 50.955 -0.286 -0.294 -0.912
53.994 44.612 52.71 -0.53 -0.696 -0.485
54.939 44.508 52.009 -0.048 -0.991 0.128
54.687 44.385 52.801 0.12 -0.909 -0.4
54.491 43.835 53.404 0.251 -0.542 -0.802
55.308 44.602 53.128 0.703 -0.705 -0.093
55.984 44.996 52.978 0.252 -0.968 0.007
56.303 44.942 53.53 0.04 -0.932 -0.361
56.268 45.125 52.826 0.507 -0.852 -0.129
56.588 45.071 53.378 0.294 -0.817 -0.497
56.816 45.286 51.662 0.268 -0.943 0.196
56.793 45.262 51.557 0.25 -0.961 0.115
55.346 44.529 51.652 0.191 -0.978 -0.082
55.469 44.538 51.317 0.109 -0.984 0.141
54.581 44.673 51.169 -0.259 -0.894 -0.367
54.829 44.658 50.913 -0.425 -0.884 -0.196
54.27 45.287 50.564 -0.442 -0.532 -0.722
54.57 45.172 50.407 -0.641 -0.456 -0.618
54.238 46.57 50.066 -0.034 -0.432 -0.901
53.889 46.977 49.737 0.199 -0.704 -0.682
53.736 46.417 50.366 -0.549 -0.589 -0.593
53.426 46.837 50.014 -0.342 -0.869 -0.358
53.993 46.943 49.795 0.13 -0.681 -0.72
54.441 46.439 50.099 -0.169 -0.345 -0.923
54.219 47.129 49.77 0.546 -0.339 -0.766
54.667 46.625 50.074 0.247 -0.003 -0.969
54.197 47.231 49.703 0.56 -0.407 -0.722
54.573 46.845 50.029 0.31 -0.15 -0.939
54.386 47.502 49.792 0.781 -0.09 -0.618
54.777 47.139 50.125 0.52 0.152 -0.84
54.52 47.826 49.845 0.692 -0.306 -0.654
55.025 47.729 50.219 0.355 -0.241 -0.903
55.626 47.566 50.35 -0.045 -0.133 -0.99
54.522 47.835 49.844 0.696 -0.292 -0.656
55.027 47.736 50.218 0.36 -0.226 -0.905
55.629 47.576 50.348 -0.042 -0.12 -0.992
54.248 48.095 48.709 0.879 -0.466 0.101
54.525 48.212 48.151 0.694 -0.543 0.473
53.95 47.766 48.517 0.553 -0.826 -0.109
54.192 47.843 47.936 0.392 -0.877 0.278
53.822 47.682 48.369 0.638 -0.77 -0.011
52.982 47.446 48.304 -0.139 -0.988 -0.072
53.877 47.06 46.362 0.15 -0.827 0.542
53.71 47.015 46.317 0.023 -0.861 0.508
54.671 46.452 45.724 0.272 -0.574 0.773
54.904 46.863 46.105 0.117 -0.847 0.518
54.791 46.034 45.191 0.343 -0.819 0.46
55.197 45.864 44.824 0.072 -0.706 0.704
54.37 45.798 44.869 0.095 -0.958 0.27
54.743 45.611 44.478 -0.154 -0.833 0.531
54.065 45.541 43.871 -0.261 -0.843 0.471
54.126 45.07 43.387 -0.301 -0.529 0.794
54.094 44.437 43.146 -0.28 -0.107 0.954
53.701 45.742 43.532 -0.853 -0.516 -0.081
53.881 45.205 43.159 -0.973 -0.158 0.167
53.764 44.619 42.838 -0.895 0.232 0.381
53.815 45.386 43.044 -0.929 -0.279 0.244
53.751 44.716 42.763 -0.886 0.168 0.432
53.78 45.435 42.934 -0.964 -0.229 0.132
53.719 44.761 42.661 -0.924 0.22 0.314
54.207 44.464 43.188 -0.355 -0.125 0.926
54.311 45.112 43.507 -0.425 -0.557 0.714
54.945 44.35 43.101 0.503 -0.258 0.825
55.114 44.988 43.412 0.39 -0.683 0.617
55.465 43.972 42.856 0.157 -0.006 0.988
55.656 43.658 42.759 0.328 -0.286 0.9
55.131 42.56 42.718 0.623 -0.528 0.577
55.732 42.597 42.378 0.222 -0.552 0.804
55.3 41.978 41.756 0.095 -0.824 0.559
54.716 41.895 41.089 -0.436 -0.899 -0.046
53.265 42.906 40.526 -0.235 -0.919 -0.317
52.832 43.02 39.92 0.054 -0.995 0.087
52.917 43.046 40.818 -0.663 -0.747 0.043
52.452 43.172 40.238 -0.353 -0.831 0.429
52.791 43.109 41.187 -0.579 -0.789 -0.203
52.301 43.376 40.907 -0.252 -0.967 -0.017
51.744 43.392 40.622 0.118 -0.978 0.173
51.219 43.153 40.383 0.469 -0.819 0.332
52.691 43.287 41.405 -0.864 -0.286 0.415
52.28 43.413 40.951 -0.59 -0.37 0.718
51.716 43.442 40.685 -0.214 -0.389 0.896
51.096 43.371 40.651 0.199 -0.342 0.918
52.69 43.37 41.469 -0.863 -0.341 0.373
52.293 43.57 41.06 -0.599 -0.474 0.645
51.752 43.655 40.809 -0.238 -0.531 0.813
52.728 43.761 41.583 -0.806 0.238 0.543
52.324 43.885 41.153 -0.537 0.155 0.829
51.791 44.047 40.923 -0.181 0.047 0.982
52.848 44.184 41.703 -0.885 -0.045 0.463
53.159 44.565 41.992 -0.58 0.328 0.745
51.902 44.485 40.994 -0.255 -0.245 0.935
51.846 44.638 41.004 -0.313 -0.085 0.946
51.286 42.918 39.955 0.424 -0.662 0.618
51.252 42.743 39.754 0.404 -0.769 0.495
50.17 42.255 40.386 0.379 -0.765 0.521
50.173 41.739 39.93 0.377 -0.421 0.825
51.191 42.481 39.492 0.445 -0.594 0.67
51.347 42.216 38.905 0.564 -0.795 0.225
51.419 42.222 38.778 0.516 -0.799 0.309
51.202 42.291 37.92 0.278 -0.723 -0.632
51.079 42.301 37.843 0.36 -0.73 -0.58
50.125 42.193 37.467 0.343 -0.097 -0.934
50.621 42.695 37.418 0.013 -0.432 -0.902
51.12 43.054 37.069 -0.32 -0.671 -0.669
50.103 43.22 37.389 -0.38 -0.034 -0.924
49.33 43.332 37.479 0.135 -0.108 -0.985
48.829 42.453 37.644 -0.583 0.089 -0.808
48.654 43.082 37.664 -0.466 -0.33 -0.821
48.346 43.618 37.45 -0.261 -0.687 -0.678
48.207 42.995 38.253 -0.863 -0.408 -0.297
48.286 42.029 38.93 -0.971 -0.214 0.111
48.038 42.583 39.256 -0.805 -0.583 -0.107
47.553 43.427 38.679 -0.431 -0.694 -0.577
46.878 43.662 38.602 0.019 -0.85 -0.526
47.413 43.368 39.387 -0.595 -0.763 0.253
46.752 43.609 39.239 -0.155 -0.923 0.351
47.048 43.794 38.312 -0.094 -0.938 -0.333
47.023 43.905 38.106 -0.124 -0.805 -0.58
49.833 43.88 37.288 -0.2 -0.474 -0.858
49.84 43.998 37.23 -0.195 -0.384 -0.903
49.286 44.526 36.857 0.175 -0.736 -0.654
48.65 44.76 36.763 -0.428 -0.514 -0.743
47.845 44.692 36.963 0.108 -0.469 -0.876
47.569 44.43 37.175 -0.163 -0.726 -0.668
47.605 44.331 37.265 -0.186 -0.66 -0.728
47.37 44.098 37.663 -0.349 -0.821 -0.453
48.097 45.183 36.551 -0.059 -0.797 -0.602
47.959 45.877 36.241 -0.224 0.037 -0.974
50.073 44.489 36.79 -0.35 -0.711 -0.61
50.08 44.491 36.783 -0.344 -0.709 -0.615
50.046 44.584 36.685 -0.322 -0.771 -0.55
49.961 45.189 35.992 0.412 -0.654 -0.634
50.433 44.881 36.373 0.097 -0.449 -0.888
50.935 44.433 36.48 -0.237 -0.15 -0.96
50.784 45.34 36.384 0.478 0.05 -0.877
50.909 45.342 36.445 0.395 0.049 -0.917
51.012 45.598 36.546 0.488 0.278 -0.828
50.942 45.886 36.565 0.534 0.086 -0.841
51.561 45.805 36.778 0.122 0.14 -0.983
50.946 45.942 36.576 0.538 0.15 -0.829
51.565 45.868 36.79 0.126 0.2 -0.972
52.6 45.38 36.591 -0.122 -0.025 -0.992
52.136 44.936 36.519 0.188 0.271 -0.944
53.346 45.809 36.676 0.251 0.189 -0.949
53.532 45.617 36.662 0.127 0.317 -0.94
54.628 46.333 37.494 0.277 0.094 -0.956
54.42 46.701 37.542 0.119 0.372 -0.92
53.291 46.621 37.032 0.224 0.596 -0.772
53.44 47.558 37.362 0.124 -0.029 -0.992
52.96 49.382 37.895 0.027 0.076 -0.997
52.847 50.101 37.764 0.102 -0.403 -0.909
52.782 49.359 37.906 -0.173 0.05 -0.984
52.691 50.081 37.774 -0.112 -0.431 -0.895
52.66 49.268 37.915 -0.092 0.111 -0.99
52.483 49.915 37.851 0.026 -0.32 -0.947
52.297 49.181 38.001 -0.394 0.038 -0.919
52.131 49.83 37.934 -0.283 -0.394 -0.874
51.773 51.269 37.082 -0.179 -0.213 -0.96
52.107 51.318 36.965 -0.402 -0.246 -0.882
52.944 50.163 37.742 0.037 -0.445 -0.895
53.128 49.511 37.894 -0.085 -0.01 -0.996
53.371 50.884 37.48 0.652 -0.609 -0.452
53.338 50.302 37.859 0.674 -0.221 -0.705
53.522 49.649 38.012 0.551 0.214 -0.807
53.884 49.066 37.904 0.31 0.603 -0.735
53.536 50.442 38.22 0.992 0.004 -0.123
53.72 49.789 38.373 0.87 0.44 -0.225
53.73 50.873 38.662 0.863 -0.283 -0.418
54.05 50.563 39.169 0.65 -0.076 -0.756
53.803 51.129 38.765 0.957 0.046 -0.286
54.129 50.843 39.282 0.739 0.237 -0.63
53.925 51.89 38.549 0.876 -0.462 -0.142
53.72 51.842 37.694 0.943 0.19 -0.274
53.879 52.299 38.085 0.837 -0.115 -0.535
54.254 52.726 38.339 0.587 -0.399 -0.704
53.371 52.247 37.369 0.652 0.527 -0.545
53.534 52.699 37.764 0.543 0.226 -0.809
53.836 53.21 37.95 0.341 -0.115 -0.933
52.987 52.977 37.676 0.079 0.462 -0.883
54.266 51.766 39.327 0.648 -0.379 -0.661
54.398 51.197 39.579 0.56 0 -0.828
54.408 51.851 39.446 0.774 -0.303 -0.556
54.54 51.283 39.697 0.686 0.076 -0.723
54.777 52.204 39.597 0.529 -0.538 -0.656
55.212 51.924 39.97 0.239 -0.352 -0.905
55.034 52.641 39.652 0.796 -0.084 -0.599
55.448 52.326 40.021 0.52 0.126 -0.845
55.187 53.538 39.097 0.695 -0.682 -0.229
54.541 53.176 38.446 0.756 -0.135 -0.641
54.951 53.733 38.557 0.482 -0.506 -0.715
55.519 54.124 38.434 0.103 -0.767 -0.633
54.589 54.143 38.265 0.156 -0.136 -0.978
54.233 54.434 38.085 0.394 -0.33 -0.858
54.528 55.053 37.758 0.197 -0.743 -0.64
53.824 54.586 37.986 -0.122 -0.14 -0.983
54.14 55.197 37.664 -0.332 -0.547 -0.768
55.041 55.079 37.748 -0.145 -0.76 -0.634
55.83 55.326 37.798 0.622 -0.52 -0.585
56.606 56.494 38.067 0.718 -0.509 -0.475
56.663 56.914 37.878 0.762 -0.184 -0.621
56.734 57.027 37.922 0.714 -0.259 -0.65
56.571 57.571 37.825 0.523 0.379 -0.764
56.455 57.608 37.755 0.601 0.354 -0.717
56.416 57.67 37.756 0.571 0.402 -0.716
55.951 57.093 36.614 0.701 0.254 -0.666
55.75 57.44 36.439 0.835 0.023 -0.55
55.533 56.725 36.265 0.402 -0.009 -0.915
55.365 57.101 36.118 0.515 -0.26 -0.817
54.936 56.467 36.174 -0.024 -0.193 -0.981
54.815 56.864 36.034 0.056 -0.457 -0.888
56.247 57.828 37.682 0.684 0.297 -0.666
56.228 57.882 37.689 0.666 0.348 -0.659
58.107 57.1 38.864 0.756 -0.52 -0.399
58.081 56.891 39.029 0.773 -0.38 -0.509
58.753 57.696 40.272 0.811 -0.368 -0.456
58.498 57.361 39.785 0.981 -0.144 -0.131
58.644 57.239 40.644 0.756 -0.596 -0.27
58.389 56.904 40.157 0.926 -0.373 0.055
58.497 56.654 41.754 0.542 -0.633 -0.553
58.777 56.936 41.822 0.763 -0.41 -0.5
59.091 57.632 42.076 0.903 -0.189 -0.386
59.056 58.629 41.693 0.962 0.099 0.254
59.114 58.261 42.33 0.923 0.345 -0.171
59.509 58.017 42.905 0.66 0.507 -0.554
58.807 58.715 42.729 0.662 0.73 0.168
58.406 59.261 42.919 0.929 0.367 0.042
58.386 59.31 42.909 0.913 0.406 0.034
58.76 58.875 43.523 0.693 0.624 -0.361
58.905 58.723 44.197 0.832 0.478 0.281
58.808 58.879 44.971 0.897 0.374 -0.235
58.692 59.131 45.201 0.783 0.622 -0.008
58.615 59.237 45.161 0.835 0.551 0.019
58.261 59.566 45.449 0.59 0.777 0.218
58.083 59.675 45.723 0.709 0.704 0.036
57.957 59.785 45.737 0.609 0.792 0.047
57.861 59.863 45.819 0.673 0.739 -0.007
57.441 60.071 45.798 0.18 0.983 -0.032
58.214 60.114 47.374 0.778 0.623 0.075
58.389 59.925 47.447 0.662 0.749 0.027
58.932 57.923 47.906 0.933 -0.251 0.257
59.134 57.591 47.391 0.799 -0.03 0.601
58.207 56.938 48.702 0.944 -0.331 0.016
58.231 57.027 48.777 0.962 -0.262 0.074
58.728 58.315 48.499 0.831 -0.055 0.554
58.617 58.169 48.694 0.905 0.042 0.424
57.845 58.347 49.544 0.704 0.504 0.5
57.291 58.658 49.659 0.237 0.766 0.597
56.75 59.072 49.604 0.598 0.49 0.634
56.723 59.129 49.582 0.576 0.536 0.617
56.73 58.654 50.274 0.611 0.769 0.187
56.559 58.47 50.781 0.451 0.597 0.664
56.084 58.494 51.372 0.768 0.581 0.27
55.894 58.638 51.479 0.582 0.722 0.374
54.912 59.045 51.631 0.406 0.817 0.41
54.737 59.146 51.56 0.269 0.896 0.354
54.596 59.194 51.564 0.363 0.863 0.351
54.159 59.307 51.275 -0.134 0.991 0.023
53.85 59.328 53.076 0.303 0.788 0.536
53.964 59.183 53.269 0.227 0.884 0.407
54.556 56.417 54.299 0.824 0.276 0.495
54.364 56.565 54.465 0.666 0.397 0.631
54.205 56.737 54.559 0.773 0.283 0.568
54.14 56.811 54.602 0.716 0.347 0.605
54.385 57.299 54.26 0.553 0.022 0.833
53.387 57.742 54.434 -0.096 0.31 0.946
53.284 57.191 54.75 -0.028 0.678 0.735
52.934 57.164 54.686 -0.332 0.655 0.679
52.349 57.373 54.422 0.058 0.516 0.855
52.16 57.546 54.293 -0.087 0.649 0.756
52.323 56.815 55.024 0.075 0.888 0.453
52.048 56.48 55.391 -0.183 0.575 0.797
51.406 56.199 55.69 0.245 0.763 0.598
51.096 56.237 55.688 -0.06 0.801 0.596
50.114 56.172 55.366 -0.219 0.82 0.529
49.917 56.207 55.171 -0.376 0.848 0.372
49.945 54.352 57.41 0.298 0.183 0.937
50.583 54.426 57.341 -0.127 0.134 0.983
49.857 53.114 57.589 0.431 0.367 0.824
49.737 53.147 57.629 0.33 0.395 0.857
48.932 54.418 57.445 -0.208 0.216 0.954
48.914 54.163 57.524 -0.196 0.386 0.901
47.478 53.691 56.776 -0.232 0.043 0.972
47.9 54.718 56.704 -0.725 0.367 0.583
47.329 54.403 56.468 -0.344 0.577 0.741
46.648 54.272 56.47 0.11 0.664 0.739
47.26 54.816 55.798 -0.396 0.887 0.238
47.591 53.613 56.814 -0.307 0.095 0.947
47.614 53.425 56.819 -0.282 -0.112 0.953
47.12 52.746 56.84 0.048 0.34 0.939
46.159 52.885 56.715 -0.239 -0.326 0.914
46.518 52.373 56.77 -0.478 0.015 0.878
46.751 51.865 57.055 -0.634 0.353 0.688
46.127 51.994 56.311 -0.819 -0.316 0.478
46.032 51.822 56.095 -0.756 -0.202 0.622
46.08 51.113 56.199 -0.789 0.27 0.552
45.857 50.497 56.494 -0.64 0.681 0.356
45.976 51.784 55.947 -0.933 -0.324 0.154
46.063 51.101 56.153 -0.991 0.131 0.017
45.808 50.464 56.365 -0.822 0.556 -0.124
45.387 52.499 55.281 -0.791 -0.602 -0.11
45.658 51.929 54.986 -0.971 -0.223 0.086
46.017 51.071 55.829 -0.961 0.151 0.233
45.801 50.433 56.182 -0.817 0.576 -0.002
45.987 50.985 55.662 -0.999 0.04 0.015
45.775 50.357 56.033 -0.858 0.459 -0.232
45.983 51.008 55.558 -0.996 0.025 0.085
45.831 50.395 55.846 -0.895 0.434 -0.107
46.012 50.844 55.219 -0.971 -0.118 -0.21
45.861 50.228 55.5 -0.87 0.293 -0.397
44.615 48.976 55.681 -0.51 0.849 -0.137
44.961 48.918 55.152 -0.249 0.806 -0.538
44.59 48.992 55.826 -0.494 0.838 -0.233
44.354 48.447 56.609 -0.75 0.248 0.613
44.325 48.306 56.642 -0.73 0.342 0.591
43.909 47.335 56.574 -0.213 -0.035 0.976
44.493 47.587 56.881 -0.603 -0.203 0.772
44.877 47.771 57.444 -0.859 -0.326 0.396
44.878 46.933 56.714 -0.311 -0.698 0.645
44.005 46.192 55.913 -0.145 -0.851 0.504
44.595 45.844 55.811 -0.538 -0.619 0.572
43.749 46.062 55.229 -0.328 -0.945 0.016
44.305 45.696 55.038 -0.699 -0.701 0.143
43.61 46.307 54.542 -0.427 -0.77 -0.475
44.149 45.973 54.262 -0.786 -0.547 -0.288
44.167 46.716 53.655 -0.774 -0.281 -0.568
44.38 47.519 53.531 -0.58 0.448 -0.68
44.126 48.319 54.169 -0.059 0.668 -0.742
44.731 48.247 53.84 -0.462 0.716 -0.523
44.644 45.931 53.234 -0.846 -0.526 -0.085
44.369 45.968 53.868 -0.663 -0.55 -0.507
45.043 45.509 53.394 -0.561 -0.827 0.029
44.82 45.491 54.049 -0.413 -0.815 -0.407
45.589 45.3 53.539 -0.171 -0.976 0.133
45.437 45.255 54.212 -0.07 -0.946 -0.316
46.181 45.343 53.64 0.252 -0.946 0.205
46.106 45.303 54.327 0.302 -0.919 -0.252
45.2 46.737 56.731 -0.526 -0.567 0.634
45.404 46.588 56.735 -0.401 -0.658 0.637
45.521 46.579 56.811 -0.48 -0.652 0.587
46.358 46.299 56.569 0.24 -0.894 0.38
46.405 46.252 56.447 0.208 -0.862 0.461
46.939 46.337 56.086 0.533 -0.811 0.242
47.365 46.227 55.507 0.249 -0.737 0.628
48.061 46.259 55.526 -0.215 -0.759 0.615
47.388 45.971 54.74 0.27 -0.962 -0.044
48.085 45.997 54.743 -0.195 -0.98 -0.046
48.266 46.431 55.941 -0.351 -0.873 0.338
47.758 46.603 56.22 -0.013 -0.988 0.152
48.532 46.576 56.337 -0.165 -0.772 0.614
48.025 46.748 56.615 0.173 -0.887 0.428
48.868 46.648 56.628 -0.389 -0.82 0.419
49.422 46.663 56.864 0.006 -0.809 0.587
50.304 46.264 56.836 -0.582 -0.543 0.606
50.741 46.097 57.407 -0.873 -0.432 0.225
50.591 45.924 56.547 -0.26 -0.923 0.282
50.993 45.799 57.153 -0.529 -0.84 -0.122
50.744 45.632 56.099 -0.363 -0.729 0.58
51.29 45.341 56.323 -0.726 -0.535 0.431
50.807 45.424 55.721 -0.303 -0.927 0.223
51.346 45.156 55.987 -0.662 -0.748 0.046
51.53 45.188 57.214 -0.886 -0.433 -0.163
51.705 44.922 57.406 -0.705 -0.708 0.035
52.107 44.205 57.414 -0.973 -0.23 0.029
52.06 43.739 57.95 -0.941 0.081 -0.328
52.164 44.068 57.298 -0.883 -0.444 -0.151
52.12 43.595 57.828 -0.854 -0.128 -0.504
52.242 43.875 57.317 -0.935 -0.315 -0.164
52.522 43.625 56.965 -0.668 -0.552 -0.499
52.696 43.643 56.606 -0.784 -0.564 -0.26
52.9 42.963 56.783 -0.919 -0.111 -0.377
52.835 43.633 56.409 -0.534 -0.581 -0.613
53.039 42.953 56.585 -0.67 -0.128 -0.731
52.819 44.081 55.424 -0.596 -0.798 -0.088
52.635 44.324 55.217 -0.775 -0.561 -0.29
53.487 43.291 55.529 -0.905 -0.41 -0.112
53.442 42.75 56.083 -0.875 -0.049 -0.481
53.803 43.058 55.336 -0.35 -0.821 -0.452
53.741 42.529 55.9 -0.309 -0.468 -0.828
54.04 43.052 55.069 -0.508 -0.817 -0.274
54.231 42.644 55.48 -0.635 -0.544 -0.548
54.104 43.032 55.019 -0.448 -0.835 -0.32
54.3 42.623 55.426 -0.579 -0.561 -0.592
54.269 42.973 54.897 -0.558 -0.795 -0.238
54.583 42.486 55.193 -0.767 -0.47 -0.436
54.51 43.358 53.981 0.265 -0.882 -0.39
54.804 43.065 54.482 0.068 -0.687 -0.724
55.118 42.579 54.778 -0.141 -0.362 -0.921
55.392 41.99 54.815 -0.323 0.03 -0.946
55.36 43.459 54.539 0.719 -0.226 -0.657
55.674 42.972 54.836 0.51 0.098 -0.855
55.883 44.313 54.272 0.37 -0.796 -0.479
55.851 44.494 54.031 0.341 -0.633 -0.695
56.489 43.919 54.821 -0.034 -0.533 -0.845
56.292 43.23 55.042 0.098 -0.074 -0.992
57.28 44.305 54.538 0.2 -0.92 -0.337
56.891 43.851 54.99 0.46 -0.617 -0.639
56.673 43.165 55.202 0.605 -0.16 -0.78
56.683 42.419 55.122 0.598 0.337 -0.727
57.151 43.871 55.344 0.78 -0.592 -0.202
56.92 43.184 55.539 0.934 -0.134 -0.332
57.48 44.094 55.596 0.561 -0.741 -0.37
57.424 43.67 56.027 0.598 -0.458 -0.658
57.675 44.211 55.733 0.715 -0.648 -0.261
57.625 43.791 56.169 0.749 -0.368 -0.552
58.514 44.719 55.287 0.156 -0.987 0.036
59.174 44.677 55.352 -0.284 -0.959 -0.007
59.75 44.353 55.415 -0.668 -0.743 -0.049
58.702 45.102 54.738 0.441 -0.405 -0.801
59.305 44.946 54.966 0.039 -0.3 -0.953
59.921 44.701 54.913 -0.372 -0.137 -0.918
58.307 45.785 53.596 0.692 -0.7 -0.176
58.674 46.022 52.955 0.448 -0.858 0.251
58.112 45.683 53.448 0.481 -0.81 -0.336
58.471 45.917 52.802 0.241 -0.966 0.095
57.884 45.55 53.366 0.633 -0.721 -0.281
58.048 45.717 52.671 0.523 -0.832 0.182
57.775 45.484 53.325 0.517 -0.792 -0.325
57.94 45.651 52.63 0.408 -0.903 0.138
57.747 45.493 53.252 0.537 -0.797 -0.276
57.105 45.312 53.133 0.068 -0.929 -0.363
56.786 45.217 53.21 0.281 -0.866 -0.414
56.698 45.182 53.231 0.22 -0.89 -0.399
58.609 45.368 51.469 0.411 -0.872 0.265
59.151 45.53 51.578 0.05 -0.98 0.192
58.709 45.363 50.83 0.47 -0.876 -0.111
59.259 45.524 50.89 0.104 -0.983 -0.151
58.687 45.569 50.217 0.457 -0.754 -0.472
59.235 45.746 50.231 0.092 -0.872 -0.481
58.546 45.958 49.72 0.374 -0.526 -0.764
59.083 46.164 49.696 0.016 -0.663 -0.748
58.305 46.472 49.41 0.232 -0.223 -0.947
58.825 46.717 49.362 -0.114 -0.386 -0.915
58.001 47.037 49.332 0.053 0.11 -0.993
58.497 47.325 49.279 -0.278 -0.082 -0.957
57.676 47.572 49.497 -0.137 0.424 -0.895
58.148 47.9 49.457 -0.452 0.205 -0.868
56.748 48.335 50.209 0.108 0.45 -0.886
56.162 48.858 50.171 0.499 0.102 -0.861
56.67 48.245 50.165 0.013 0.34 -0.94
56.084 48.767 50.126 0.404 -0.008 -0.915
56.064 46.879 50.211 -0.306 0.273 -0.912
56.094 46.692 50.161 -0.284 0.13 -0.95
56.16 46.51 50.102 -0.328 0.252 -0.911
57.01 46.201 49.732 -0.529 -0.383 -0.757
56.39 45.981 50.043 -0.116 -0.236 -0.965
55.729 45.678 50.014 0.325 -0.034 -0.945
57.29 45.6 50.049 -0.365 -0.736 -0.571
56.611 45.507 50.293 0.088 -0.673 -0.734
55.963 45.176 50.279 0.52 -0.453 -0.724
57.477 45.246 50.664 -0.255 -0.944 -0.209
56.759 45.227 50.779 0.224 -0.932 -0.286
56.119 44.879 50.793 0.65 -0.7 -0.296
56.789 45.223 51.358 0.253 -0.935 0.248
55.474 47.897 47.005 0.628 -0.666 0.402
55.668 47.609 46.52 0.499 -0.474 0.726
54.914 47.533 46.999 0.348 -0.848 0.399
55.108 47.245 46.513 0.219 -0.656 0.722
56.312 48.629 46.51 0.57 -0.575 0.588
56.314 48.628 46.508 0.571 -0.575 0.586
56.134 47.629 46.067 0.732 -0.464 0.499
56.615 47.848 45.799 0.411 -0.61 0.677
56.508 47.134 45.006 0.407 -0.581 0.705
57.11 46.788 44.659 0.006 -0.35 0.937
56.502 47.126 45.003 0.402 -0.588 0.702
57.104 46.781 44.656 -0 -0.358 0.934
56.942 46.53 44.593 0.108 -0.191 0.976
56.876 46.314 44.539 0.064 -0.335 0.94
56.82 46.174 44.502 0.101 -0.242 0.965
55.856 45.854 44.568 0.402 -0.712 0.576
56.602 45.738 44.282 -0.095 -0.635 0.767
57.307 45.347 44.329 -0.565 -0.374 0.735
56.46 45.449 43.857 -0.223 -0.896 0.383
55.913 45.075 43.308 0.141 -0.647 0.749
55.725 45.013 43.267 -0.017 -0.7 0.714
56.775 44.807 43.276 -0.433 -0.468 0.77
57.26 44.457 43.055 0.083 -0.841 0.535
57.346 44.39 42.951 0.026 -0.796 0.605
57.414 44.348 42.887 0.079 -0.827 0.556
56.925 43.405 42.124 0.344 -0.562 0.752
57.044 43.226 41.897 0.417 -0.671 0.614
56.026 42.376 42.065 0.385 -0.675 0.629
56.36 41.936 41.644 0.162 -0.382 0.91
57.169 42.988 41.63 0.333 -0.512 0.792
57.597 42.858 41.168 0.657 -0.611 0.441
57.705 42.898 41.078 0.585 -0.637 0.501
57.817 43.003 40.186 0.708 -0.522 -0.476
57.735 42.989 40.065 0.763 -0.512 -0.395
57.084 42.642 39.358 0.68 0.123 -0.723
57.373 43.272 39.504 0.487 -0.297 -0.821
57.824 43.803 39.376 0.187 -0.651 -0.736
56.776 43.613 39.27 0.035 -0.039 -0.999
56.036 43.473 39.043 0.529 0.055 -0.847
55.868 42.504 38.996 -0.189 0.024 -0.982
55.502 43.037 38.936 0.055 -0.332 -0.942
55.151 43.477 38.611 0.289 -0.625 -0.725
54.944 42.744 39.236 -0.44 -0.591 -0.676
54.713 42.662 39.412 -0.286 -0.536 -0.794
54.087 42.964 39.216 0.131 -0.737 -0.663
53.506 43.009 38.788 0.518 -0.767 -0.378
54.645 42.606 39.511 -0.511 -0.721 -0.468
54.068 42.948 39.243 -0.126 -0.949 -0.29
53.447 42.96 38.875 0.288 -0.957 -0.044
54.981 41.711 40.13 -0.823 -0.542 -0.172
54.468 42.122 40.354 -0.48 -0.816 -0.321
53.977 42.865 39.475 -0.065 -0.894 -0.444
53.39 42.929 39.008 0.326 -0.936 -0.133
53.755 42.836 39.737 -0.349 -0.931 -0.109
53.191 42.903 39.242 0.027 -0.975 0.221
53.725 42.829 39.85 -0.329 -0.926 -0.185
53.155 42.933 39.448 0.051 -0.995 0.083
53.589 42.867 40.054 -0.451 -0.893 -0.003
53.016 42.971 39.657 -0.068 -0.962 0.263
53.725 43.179 38.659 0.373 -0.881 -0.292
53.807 43.394 38.38 0.469 -0.627 -0.622
52.594 42.878 37.325 0.359 -0.543 -0.759
52.545 43.063 37.138 0.392 -0.666 -0.635
53.902 43.499 38.334 0.406 -0.697 -0.591
53.942 43.617 38.24 0.438 -0.603 -0.667
52.877 44.008 36.793 0.558 -0.194 -0.807
53.528 44.561 36.809 0.124 -0.562 -0.818
54.504 44.255 37.964 0.458 -0.546 -0.701
54.794 44.775 37.998 0.744 -0.034 -0.668
54.953 45.529 37.826 0.638 -0.536 -0.553
54.625 46.189 37.472 0.278 0.19 -0.942
55.432 45.238 38.323 0.318 -0.342 -0.884
55.695 45.21 38.478 0.564 -0.368 -0.739
56.426 45.483 38.617 0.078 -0.55 -0.832
56.945 46.075 38.656 0.607 0.054 -0.793
56.469 47.227 38.036 0.737 0.265 -0.622
56.772 47.328 38.335 0.535 0.198 -0.821
56.137 47.862 38.231 0.499 0.719 -0.483
56.466 47.913 38.515 0.28 0.686 -0.672
55.339 48.535 39.247 0.452 0.759 -0.469
55.114 49.113 39.602 0.602 0.373 -0.706
55.284 48.539 39.206 0.386 0.763 -0.518
55.057 49.117 39.56 0.538 0.378 -0.754
54.992 48.441 38.579 0.54 0.8 -0.26
54.76 48.093 37.997 0.313 0.459 -0.831
54.59 49.382 39.205 0.774 0.268 -0.573
54.286 49.659 39.075 0.492 0.526 -0.693
54.689 49.316 39.295 0.708 0.312 -0.633
54.745 49.266 39.337 0.746 0.278 -0.605
55.278 49.118 39.725 0.493 0.37 -0.787
55.634 48.546 39.457 0.255 0.751 -0.609
55.527 49.135 39.997 0.805 0.391 -0.446
55.861 48.562 39.705 0.582 0.773 -0.251
55.845 49.56 40.525 0.593 0.107 -0.798
56.361 49.303 40.719 0.249 0.279 -0.927
55.881 49.673 40.575 0.622 0.197 -0.758
56.398 49.419 40.771 0.277 0.366 -0.888
55.802 50.491 40.415 0.675 -0.348 -0.651
55.256 51.117 40.052 0.209 0.186 -0.96
56.452 50.407 40.827 0.241 -0.292 -0.925
56.708 49.817 40.927 0.071 0.101 -0.992
56.884 50.66 41.04 0.729 -0.006 -0.685
57.192 50.101 41.166 0.523 0.367 -0.769
56.907 50.757 41.059 0.713 -0.07 -0.698
57.196 50.28 41.238 0.52 0.248 -0.817
57.075 51.098 41.694 0.926 0.362 0.108
57.364 50.621 41.873 0.733 0.68 -0.011
56.909 52.578 42.111 0.957 -0.01 -0.291
56.652 52.971 41.837 0.661 0.442 -0.606
56.227 53.15 40.85 0.945 0.322 0.052
56.205 53.889 40.594 0.96 -0.17 0.223
56.039 52.927 40.328 0.656 -0.024 -0.755
55.988 53.63 39.992 0.689 -0.493 -0.531
56.022 52.731 40.302 0.667 0.106 -0.737
55.857 53.276 40.058 0.777 -0.257 -0.574
55.891 53.756 39.666 0.754 -0.577 -0.314
55.827 52.639 40.193 0.268 -0.083 -0.96
55.718 53.211 39.98 0.34 -0.464 -0.818
55.696 53.664 39.558 0.355 -0.766 -0.536
56.372 54.54 38.715 0.814 -0.421 -0.399
56.545 54.715 38.822 0.699 -0.538 -0.471
56.387 54.415 41.165 0.839 -0.521 -0.158
56.533 54.065 41.838 0.741 -0.288 -0.607
56.453 54.528 41.211 0.913 -0.394 -0.107
56.594 54.169 41.88 0.819 -0.154 -0.553
56.919 55.435 38.909 0.887 -0.177 -0.427
57.515 56.233 39.031 0.489 -0.709 -0.508
57.962 56.401 41.257 0.622 -0.766 -0.162
58.227 56.291 41.865 0.445 -0.692 -0.568
58.138 56.593 41.219 0.782 -0.592 -0.196
58.39 56.468 41.83 0.613 -0.509 -0.604
58.055 56.084 41.937 0.56 -0.555 -0.615
57.659 56.021 41.376 0.824 -0.513 -0.242
57.835 55.827 42.121 0.281 -0.88 -0.382
57.439 55.764 41.56 0.545 -0.838 -0.008
57.862 55.182 42.828 0.263 -0.451 -0.853
57.486 54.613 42.831 0.513 -0.071 -0.855
58.172 54.98 43.279 0.65 -0.703 -0.289
57.796 54.411 43.282 0.9 -0.324 -0.292
58.512 55.003 43.674 0.423 -0.718 -0.553
59.035 55.355 44.307 0.923 -0.382 0.052
59.196 56.638 45.009 0.911 -0.35 0.218
59.278 56.888 44.941 0.973 -0.161 0.167
59.762 56.589 43.704 0.989 -0.039 0.142
59.84 57.019 43.724 0.937 -0.325 0.128
59.7 56.672 43.047 0.945 0.021 -0.327
59.783 57.095 43.12 0.889 -0.262 -0.375
59.028 57.222 42.098 0.905 -0.069 -0.42
58.837 56.895 41.935 0.723 -0.382 -0.576
59.094 57.445 42.158 0.861 -0.217 -0.46
59.117 57.535 42.169 0.885 -0.125 -0.448
59.34 57.125 44.926 0.931 -0.319 0.176
59.385 57.305 44.93 0.969 -0.171 0.18
59.411 57.447 44.967 0.951 -0.266 0.155
59.666 57.827 44.171 0.792 0.349 0.501
59.417 57.924 44.865 0.958 0.284 0.039
59.521 58.126 45.574 0.889 0.149 -0.434
59.16 58.324 44.754 0.662 0.744 -0.09
59.562 57.64 46.442 0.922 -0.256 0.29
59.484 57.426 46.583 0.974 -0.113 0.197
59.204 56.547 46.189 0.834 -0.552 -0
59.019 55.661 45.756 0.957 0.039 0.288
58.213 56.531 47.977 0.775 -0.551 0.31
58.041 56.379 48.557 0.89 -0.45 -0.077
58.323 56.858 48.102 0.866 -0.277 0.416
58.143 56.683 48.674 0.986 -0.161 0.034
57.941 56.137 48.521 0.956 -0.288 -0.053
58.026 56.088 47.911 0.899 -0.256 0.354
57.637 55.688 48.514 0.621 -0.782 -0.061
57.722 55.64 47.904 0.564 -0.75 0.346
57.293 55.034 49.021 0.85 -0.345 -0.399
57.123 54.43 48.818 0.963 0.057 -0.263
57.298 54.895 49.431 0.855 -0.511 0.089
57.127 54.291 49.227 0.968 -0.109 0.224
57.367 54.913 49.969 0.808 -0.523 -0.27
57.415 55.281 50.763 0.854 -0.17 0.492
56.922 56.434 51.458 0.763 -0.186 0.62
56.926 56.453 51.458 0.766 -0.171 0.62
58.087 56.59 50.499 0.842 0.071 0.535
58.025 56.99 50.663 0.883 -0.196 0.426
58.212 57.406 49.284 0.941 0.069 0.33
58.233 57.047 48.918 0.961 -0.275 -0.02
58.174 57.609 49.407 0.966 -0.066 0.248
57.893 58.23 49.608 0.673 0.581 0.458
56.936 56.682 51.54 0.759 -0.323 0.565
56.948 57.047 51.633 0.769 -0.032 0.639
56.921 57.183 51.683 0.787 -0.122 0.605
57.406 57.73 51.148 0.368 0.42 0.83
56.867 57.692 51.609 0.727 0.446 0.522
56.573 57.803 52.245 0.923 0.371 0.098
56.597 58.068 51.378 0.426 0.865 0.266
56.234 57.22 53.039 0.641 -0.115 0.759
56.132 56.987 53.121 0.709 0.04 0.704
56.387 56.161 52.517 0.836 -0.373 0.402
56.646 55.321 52.034 0.664 0.187 0.724
55.233 55.664 53.466 0.797 -0.392 0.46
54.973 55.369 53.939 0.97 -0.195 0.144
54.948 56.449 53.862 0.562 0.255 0.787
54.709 56.098 54.308 0.722 0.488 0.49
55.039 55.163 53.597 0.927 -0.058 0.372
54.958 54.78 53.502 0.839 -0.475 0.267
54.52 53.611 54.973 0.987 -0.128 0.096
54.197 53.714 55.633 0.673 -0.028 0.739
52.917 54.492 56.211 0.434 -0.085 0.897
52.846 54.752 56.239 0.38 0.111 0.918
54.02 55.326 56.006 0.31 0.25 0.917
53.754 55.666 56.073 0.488 0.023 0.873
54.362 55.72 55.619 0.554 0.531 0.641
54.068 56.029 55.717 0.75 0.325 0.575
52.727 54.959 56.285 0.46 -0.027 0.888
52.596 55.175 56.33 0.355 0.146 0.923
52.497 55.281 56.359 0.422 0.076 0.904
52.878 56.064 56.11 -0.241 0.355 0.903
52.268 55.729 56.266 0.166 0.578 0.799
51.713 55.591 56.693 0.535 0.67 0.514
51.99 56.009 55.938 -0.144 0.89 0.433
51.402 54.801 57.229 0.275 0.011 0.961
51.396 54.535 57.259 0.279 0.189 0.942
51.286 52.884 57.114 0.627 -0.071 0.775
51.091 52.383 57.381 0.757 0.264 0.597
50.574 53.244 57.361 0.053 0.219 0.974
50.429 52.717 57.611 0.15 0.57 0.808
50.409 53.323 57.363 0.163 0.166 0.973
50.125 52.863 57.611 0.353 0.473 0.807
50.344 53.364 57.365 0.107 0.201 0.974
50.066 52.899 57.613 0.292 0.511 0.808
49.582 51.961 58.571 0.203 0.245 0.948
49.949 51.728 58.62 -0.042 0.401 0.915
48.588 50.712 58.45 0.113 0.083 0.99
47.983 51.142 58.063 -0.605 0.594 0.53
47.916 51.737 57.651 -0.561 0.198 0.804
48.006 52.216 57.431 -0.477 0.643 0.6
48.487 52.876 57.478 -0.797 0.203 0.569
49.023 52.56 58.17 -0.263 0.744 0.614
49.005 53.068 57.773 -0.252 0.405 0.879
48.917 53.689 57.619 -0.193 -0.009 0.981
49.627 53.093 57.704 0.403 0.431 0.807
47.99 52.807 57.057 -0.466 0.249 0.849
47.952 52.836 57.026 -0.507 0.281 0.815
47.413 51.097 57.736 -0.225 0.624 0.748
47.13 51.018 57.656 -0.504 0.546 0.669
46.359 50.683 57.074 -0.637 0.512 0.576
46.287 50.69 56.978 -0.694 0.518 0.5
46.179 50.616 56.919 -0.622 0.568 0.539
46.054 50.634 56.668 -0.771 0.59 0.24
45.178 49.42 57.732 -0.542 0.355 0.762
45.32 49.297 57.922 -0.637 0.437 0.635
46.668 48.297 58.647 0.037 -0.063 0.997
47.212 48.611 58.784 -0.325 -0.272 0.906
47.053 47.711 58.464 0.229 -0.355 0.906
47.596 48.026 58.602 -0.133 -0.565 0.814
50.023 47.25 58.084 -0.187 -0.243 0.952
50.63 46.822 58.303 -0.591 0.043 0.806
49.937 46.853 57.596 -0.337 -0.936 0.099
50.548 46.446 57.84 -0.745 -0.664 -0.064
50.811 46.882 58.458 -0.712 0.003 0.703
50.428 47.353 58.261 -0.457 -0.311 0.833
50.836 46.912 58.481 -0.684 0.035 0.728
50.456 47.386 58.288 -0.431 -0.281 0.857
51.985 45.194 59.726 -0.885 -0.284 0.369
51.99 45.15 59.699 -0.879 -0.341 0.334
51.718 44.831 59.143 -0.698 -0.128 0.705
51.823 44.212 59.338 -0.767 0.284 0.575
51.71 44.574 58.24 -0.708 -0.476 -0.521
51.815 43.945 58.397 -0.778 -0.057 -0.626
52.08 44.149 60.033 -0.939 0.326 0.111
52.099 43.979 60.281 -0.92 0.156 0.359
52.095 43.85 60.348 -0.918 0.242 0.315
52.1 43.8 60.396 -0.914 0.207 0.349
52.058 43.481 60.625 -0.886 0.42 0.196
52.12 43.666 61.263 -0.927 0.297 -0.229
52.06 42.923 60.787 -0.884 -0.255 0.392
52.122 43.108 61.425 -0.925 -0.378 -0.034
52.118 42.819 60.867 -0.922 -0.186 0.338
52.643 42.007 60.778 -0.517 -0.812 0.27
52.757 41.913 60.743 -0.594 -0.75 0.293
52.998 41.741 60.596 -0.339 -0.931 0.137
52.384 41.407 59.291 -0.206 -0.978 0.043
52.82 41.225 59.142 -0.496 -0.856 0.142
52.56 41.519 58.127 -0.67 -0.735 -0.107
52.373 42.012 57.768 -0.853 -0.253 -0.457
54.519 40.956 56.34 -0.248 -0.885 -0.393
53.728 41.184 56.282 -0.042 -0.513 -0.857
54.322 41.277 56.033 -0.438 -0.575 -0.691
54.792 41.207 55.588 -0.752 -0.529 -0.394
54.211 41.728 55.893 -0.546 -0.138 -0.826
55.528 40.584 56.192 -0.226 -0.973 0.038
55.356 40.556 56.664 -0.112 -0.954 -0.277
56.119 40.588 56.336 0.196 -0.971 0.141
56.055 40.561 56.834 0.238 -0.952 -0.192
56.673 40.839 56.352 0.592 -0.792 0.152
56.711 40.857 56.853 0.566 -0.804 -0.182
57.073 41.282 56.238 0.877 -0.475 0.071
57.185 41.382 56.718 0.803 -0.541 -0.25
57.734 41.976 57.279 0.647 -0.68 -0.347
57.365 41.603 56.955 0.893 -0.431 -0.131
57.551 41.678 57.831 0.555 -0.829 -0.071
57.182 41.305 57.507 0.801 -0.58 0.145
57.217 41.536 58.375 0.388 -0.899 0.201
56.848 41.164 58.051 0.634 -0.651 0.417
56.769 41.568 58.85 0.164 -0.883 0.439
56.4 41.195 58.526 0.41 -0.635 0.655
56.899 41.973 59.363 0.229 -0.681 0.695
56.699 42.229 59.838 0.362 -0.852 0.379
58.044 42.839 59.573 0.128 -0.799 0.587
58.672 42.997 59.986 -0.291 -0.905 0.311
58.041 42.315 58.603 0.8 -0.51 0.316
58.421 42.805 59.056 0.547 -0.837 0.013
59.017 42.966 59.515 0.15 -0.945 -0.292
59.671 42.755 59.858 -0.286 -0.804 -0.521
58.66 43.226 58.637 0.812 -0.37 -0.452
59.235 43.351 59.132 0.429 -0.453 -0.782
58.432 43.364 56.983 0.665 -0.641 -0.384
58.895 43.753 56.784 0.357 -0.9 -0.251
59.454 43.899 56.518 -0.016 -0.997 -0.074
60.008 43.776 56.232 -0.385 -0.915 0.117
58.266 43.567 56.724 0.321 -0.219 -0.921
58.86 43.796 56.73 -0.075 -0.371 -0.925
59.433 43.924 56.486 -0.457 -0.457 -0.763
59.883 43.929 56.037 -0.757 -0.46 -0.464
59.939 43.811 56.311 -0.34 -0.938 0.064
59.296 43.874 56.669 0.089 -0.981 -0.174
58.686 43.581 56.963 0.496 -0.785 -0.37
60.018 43.895 56.497 -0.033 -0.611 0.791
59.305 43.883 56.689 0.442 -0.604 0.663
58.753 43.653 57.121 0.81 -0.45 0.375
61.297 43.316 56.52 -0.087 -0.733 0.674
61.594 43.586 57.093 -0.285 -0.913 0.292
61.901 43.192 56.212 0.344 -0.822 0.454
62.276 43.446 56.745 0.094 -0.991 0.099
62.383 43.342 55.743 0.689 -0.715 0.119
62.821 43.615 56.215 0.397 -0.897 -0.195
62.628 43.729 55.228 0.863 -0.439 -0.249
63.098 44.052 55.633 0.55 -0.654 -0.519
62.984 44.735 55.063 0.553 -0.378 -0.743
62.606 45.278 54.812 0.209 0.116 -0.971
61.847 45.427 54.404 0.715 0.017 -0.699
61.741 45.98 54.119 0.786 -0.352 -0.509
61.843 46.439 53.699 0.717 -0.658 -0.229
61.336 45.331 54.254 -0.199 -0.154 -0.968
61.385 45.913 54.014 -0.231 -0.542 -0.808
61.372 46.351 53.56 -0.222 -0.834 -0.505
59.995 44.969 54.835 -0.293 -0.095 -0.951
59.369 45.329 54.809 0.124 -0.335 -0.934
59.924 44.847 54.882 -0.374 -0.235 -0.897
59.292 45.196 54.86 0.048 -0.467 -0.883
58.784 46.038 53.842 0.514 -0.807 -0.289
58.986 46.183 53.111 0.379 -0.904 0.198
58.697 46 53.81 0.433 -0.843 -0.319
58.899 46.144 53.079 0.298 -0.94 0.168
60.7 46.53 52.504 0.226 -0.954 0.199
60.996 46.633 52.11 0.482 -0.865 -0.141
60.97 46.288 51.015 0.499 -0.635 0.589
61.528 46.108 50.627 0.127 -0.515 0.848
60.161 45.826 51.16 0.555 -0.832 -0.016
60.673 45.978 50.702 0.214 -0.933 0.289
61.254 45.822 50.339 -0.174 -0.829 0.531
61.779 45.393 50.151 -0.524 -0.543 0.656
59.775 45.746 50.533 0.361 -0.872 -0.33
60.395 45.92 50.252 -0.052 -0.988 -0.143
60.999 45.769 49.924 -0.455 -0.887 0.076
61.452 45.325 49.621 -0.757 -0.591 0.278
59.53 46.042 49.899 0.239 -0.724 -0.647
60.22 46.132 49.798 -0.221 -0.785 -0.579
60.837 45.965 49.505 -0.632 -0.673 -0.384
61.245 45.575 49.086 -0.905 -0.413 -0.104
59.499 46.626 49.445 0.223 -0.432 -0.874
60.197 46.552 49.472 -0.243 -0.382 -0.892
60.816 46.351 49.205 -0.655 -0.248 -0.714
61.219 46.069 48.702 -0.924 -0.06 -0.378
60.335 47.055 49.371 -0.111 0.101 -0.989
60.943 46.815 49.112 -0.516 0.261 -0.816
60.415 47.373 49.358 -0.164 -0.111 -0.98
61.082 47.379 49.065 -0.609 -0.115 -0.785
60.473 48.042 49.486 -0.113 0.487 -0.866
61.138 48.033 49.19 -0.556 0.493 -0.669
60.336 48.515 49.664 -0.021 0.172 -0.985
60.898 48.858 49.561 -0.396 -0.057 -0.916
60.047 49.075 49.954 -0.242 0.599 -0.763
60.609 49.418 49.851 -0.617 0.371 -0.695
59.789 49.376 50.181 -0.07 0.399 -0.914
59.111 49.706 50.738 -0.579 0.647 -0.497
58.053 49.434 50.811 0.127 0.828 -0.546
57.55 49.776 50.971 0.462 0.601 -0.652
57.168 50.276 50.959 0.717 0.267 -0.644
57.973 49.369 50.715 0.031 0.751 -0.66
57.492 49.729 50.902 0.352 0.511 -0.784
57.103 50.223 50.882 0.61 0.181 -0.771
57.923 49.319 50.651 0.064 0.784 -0.617
57.401 49.635 50.787 0.412 0.574 -0.708
56.986 50.1 50.739 0.689 0.263 -0.676
57.579 48.936 50.386 -0.261 0.422 -0.868
57.103 49.303 50.558 0.056 0.177 -0.983
56.642 49.717 50.473 0.363 -0.099 -0.926
57.43 48.756 50.321 -0.162 0.542 -0.825
56.827 48.989 50.419 0.24 0.387 -0.89
56.293 49.332 50.265 0.596 0.159 -0.787
57.326 48.547 50.244 -0.277 0.309 -0.91
56.745 48.823 50.359 0.11 0.125 -0.986
56.196 49.134 50.193 0.477 -0.082 -0.875
55.707 49.952 49.263 0.965 -0.209 -0.16
55.78 50.089 48.626 0.917 -0.299 0.265
56.114 50.139 48.065 0.694 -0.333 0.639
55.565 49.674 49.174 0.79 -0.551 -0.269
55.66 49.854 48.551 0.726 -0.672 0.146
55.963 49.843 47.97 0.525 -0.664 0.533
55.474 49.572 49.082 0.85 -0.484 -0.208
55.542 49.645 48.374 0.805 -0.532 0.264
55.451 49.536 49.076 0.826 -0.521 -0.214
55.519 49.608 48.368 0.781 -0.569 0.258
56.178 50.368 48.148 0.651 -0.486 0.583
55.929 50.477 48.808 0.817 -0.559 0.143
55.958 50.397 49.516 0.798 -0.505 -0.329
56.293 50.751 48.159 0.802 0.015 0.597
56.015 50.764 48.816 0.987 0.007 0.159
56.073 50.779 49.527 0.949 -0.004 -0.315
56.659 51.283 47.918 0.558 -0.34 0.757
56.614 51.74 48.32 0.588 -0.644 0.489
57.292 51.135 47.342 0.661 0.217 0.719
57.012 51.591 47.634 0.847 -0.087 0.524
56.942 52.026 48.055 0.894 -0.377 0.243
57.094 52.368 48.537 0.792 -0.605 -0.078
57.132 51.986 47.272 0.945 0.235 0.228
57.054 52.393 47.718 0.997 -0.037 -0.07
57.368 52.401 45.973 0.941 0.226 0.25
57.388 52.99 45.848 0.928 -0.166 0.334
57.633 53.539 45.803 0.765 -0.532 0.363
57.409 52.363 45.783 0.978 0.193 0.082
57.424 52.956 45.68 0.968 -0.203 0.151
57.674 53.501 45.614 0.801 -0.566 0.195
57.419 52.372 45.684 0.971 0.187 0.149
57.468 52.977 45.502 0.938 -0.217 0.27
57.769 53.525 45.392 0.737 -0.582 0.343
57.376 52.291 45.245 0.919 0.089 -0.385
57.438 52.92 45.189 0.877 -0.33 -0.348
57.735 53.46 45.04 0.679 -0.691 -0.248
57.298 52.102 44.828 0.971 0.215 -0.107
57.28 52.572 44.432 0.983 -0.098 0.157
57.298 52.097 44.823 0.971 0.211 -0.112
57.28 52.568 44.427 0.983 -0.102 0.153
57.88 51.2 45.584 0.955 0.249 -0.161
57.991 50.909 45.094 0.881 0.443 0.165
57.967 50.598 45.926 0.999 -0.051 0.01
58.072 50.35 45.412 0.929 0.114 0.352
57.884 49.509 45.634 0.871 -0.066 0.487
58.246 49.033 45.262 0.63 0.252 0.735
57.493 49.018 45.815 0.466 -0.574 0.674
57.9 48.599 45.421 0.194 -0.295 0.936
57.714 48.335 45.414 0.318 -0.118 0.941
57.494 47.802 45.265 0.135 -0.56 0.818
57.428 47.681 45.203 0.179 -0.479 0.859
57.196 47.37 45.009 0.035 -0.673 0.739
56.992 47.27 44.953 0.171 -0.606 0.777
57.404 46.858 44.711 -0.104 -0.331 0.938
56.929 47.223 44.927 0.126 -0.64 0.758
57.342 46.811 44.685 -0.149 -0.366 0.919
58.364 46.337 44.848 -0.073 -0.009 0.997
58.355 46.972 44.995 -0.066 -0.432 0.899
58.762 45.613 44.693 0.126 -0.371 0.92
59.579 45.48 44.779 -0.419 -0.282 0.863
58.783 44.966 44.267 0.137 -0.694 0.707
59.596 44.977 44.448 -0.405 -0.702 0.586
58.724 44.237 42.387 0.425 -0.852 0.306
58.488 44.375 43.142 -0.011 -0.989 0.145
58.245 44.2 42.663 0.151 -0.873 0.464
58.034 43.84 42.283 0.292 -0.633 0.718
57.739 44.317 42.858 -0.138 -0.806 0.575
59.029 44.345 42.38 0.221 -0.924 0.311
59.132 44.342 42.265 0.304 -0.927 0.219
59.183 44.318 42.126 0.269 -0.911 0.312
59.164 43.917 41.214 0.857 -0.418 0.301
59.496 44.44 41.79 0.636 -0.767 -0.083
60.131 44.598 42.326 0.213 -0.872 -0.44
59.631 44.76 41.465 0.795 -0.392 -0.463
59.022 43.996 40.162 0.738 -0.353 -0.575
58.981 44.169 39.963 0.765 -0.468 -0.442
59.692 44.895 41.439 0.754 -0.482 -0.446
59.728 45.101 41.328 0.783 -0.317 -0.535
57.497 46.501 39.079 0.641 0.223 -0.735
57.356 46.3 38.939 0.527 0.06 -0.848
57.834 44.918 38.894 0.192 -0.093 -0.977
57.609 45.038 38.814 0.342 -0.173 -0.924
56.358 44.301 39.005 0.297 -0.303 -0.906
56.37 44.165 39.063 0.306 -0.407 -0.861
56.326 44.434 38.941 0.319 -0.392 -0.863
56.223 44.753 38.832 0.213 -0.064 -0.975
57.243 46.255 38.858 0.602 0.09 -0.794
57.13 46.163 38.779 0.484 -0.005 -0.875
57.624 46.805 39.224 0.556 0.02 -0.831
57.167 47.534 38.911 0.864 0.37 -0.342
57.626 47.367 39.412 0.557 0.482 -0.676
58.268 47.357 39.692 0.129 0.488 -0.863
57.408 47.799 39.753 0.378 0.837 -0.395
57.049 48.08 39.826 0.618 0.649 -0.444
57.295 48.351 40.297 0.454 0.469 -0.758
56.561 48.342 39.891 0.115 0.919 -0.376
56.751 48.643 40.37 -0.011 0.719 -0.695
58.688 49.662 41.824 0.273 0.783 -0.559
58.648 49.855 42.427 0.234 0.972 0.034
57.652 50.405 43.175 0.674 0.708 -0.21
57.531 50.483 43.11 0.561 0.782 -0.272
57.152 50.871 42.324 0.814 0.523 0.252
57.187 50.865 41.994 0.851 0.517 -0.092
56.977 51.256 43.079 0.93 0.267 -0.251
56.977 51.258 43.08 0.93 0.268 -0.25
56.983 52.226 42.74 0.926 -0.377 -0.023
56.97 52.635 42.273 0.916 -0.048 -0.399
57.168 52.133 43.464 0.803 -0.315 -0.507
57.227 51.533 43.665 0.763 0.085 -0.64
57.317 52.428 44.226 0.958 -0.009 0.286
57.383 51.84 44.46 0.915 0.383 0.13
57.743 50.361 43.286 0.614 0.737 -0.283
57.866 50.283 43.386 0.697 0.684 -0.215
58.144 50.126 43.575 0.512 0.789 -0.341
58.064 50.655 44.399 0.924 0.294 -0.244
58.401 50.024 44.037 0.7 0.714 -0.003
59.038 49.699 43.674 0.275 0.931 0.239
58.174 50.384 44.923 0.989 0.134 0.065
58.5 49.781 44.507 0.772 0.536 0.342
59.156 49.407 44.238 0.334 0.785 0.521
58.424 49.434 44.912 0.717 0.282 0.638
58.366 49.348 45.028 0.755 0.34 0.561
58.241 49.166 45.229 0.633 0.163 0.757
59.315 48.174 45.031 0.665 0.126 0.736
59.53 48.138 44.876 0.522 0.15 0.84
58.917 47.535 45.169 0.334 -0.407 0.851
59.019 47.316 45.052 0.266 -0.261 0.928
59.168 49.668 43.624 0.341 0.916 0.214
59.635 49.715 43.246 0.029 0.885 0.465
59.615 49.268 44.021 0.564 0.715 0.413
60.013 49.376 43.582 0.299 0.643 0.705
60.022 48.689 44.155 0.767 0.426 0.479
60.356 48.887 43.695 0.544 0.294 0.786
60.45 47.21 44.013 0.827 0.399 0.395
59.958 47.684 44.542 0.736 -0.077 0.673
60.16 47.1 44.449 0.601 0.313 0.735
60.517 46.597 44.547 0.363 0.648 0.67
59.469 47.389 44.88 0.491 -0.224 0.842
59.765 46.862 44.721 0.294 0.128 0.947
60.137 46.367 44.81 0.046 0.457 0.888
59.34 46.541 44.779 -0.037 -0.122 0.992
60.71 47.215 43.639 0.654 0.396 0.645
61.017 46.87 43.131 0.997 0.011 0.078
61.241 45.626 43.499 0.966 -0.161 -0.204
61.212 45.609 43.063 0.985 -0.15 0.087
60.963 45.019 43.586 0.734 -0.666 -0.132
60.91 44.95 43.157 0.769 -0.62 0.154
60.416 44.666 43.755 0.278 -0.96 0.009
60.316 44.567 43.341 0.345 -0.894 0.285
61.053 46.892 42.9 0.973 -0.004 0.232
61.072 46.151 42.381 0.885 0.237 -0.401
61.006 46.734 42.286 0.929 -0.151 -0.338
61.158 47.281 42.112 0.827 -0.516 -0.222
60.612 46.663 41.792 0.563 -0.217 -0.797
60.162 46.249 41.347 0.864 0.059 -0.501
60.089 45.953 41.283 0.792 -0.233 -0.564
60.121 45.843 41.361 0.771 -0.16 -0.616
59.937 45.363 41.404 0.644 -0.492 -0.586
60.215 46.888 41.231 0.828 -0.367 -0.423
59.813 46.961 40.416 0.864 0.356 -0.356
60.084 47.321 40.964 0.683 0.115 -0.721
60.585 47.72 41.269 0.349 -0.151 -0.925
59.744 47.719 40.918 0.304 0.558 -0.772
59.567 47.889 40.945 0.421 0.445 -0.79
59.556 47.895 40.943 0.41 0.452 -0.792
59.065 47.102 39.827 0.241 0.473 -0.847
58.819 47.198 39.783 0.405 0.409 -0.818
59.488 48.021 40.971 0.455 0.368 -0.811
59.06 48.33 40.998 0.137 0.597 -0.79
60.445 48.937 41.584 0.608 0.329 -0.722
60.696 48.581 41.544 0.441 0.567 -0.696
60.823 49.058 42.263 0.878 0.416 -0.237
61.044 48.692 42.169 0.731 0.659 -0.175
60.881 48.833 43.015 0.919 0.255 0.3
61.097 48.485 42.861 0.776 0.487 0.402
57.764 53.525 44.426 0.66 -0.734 0.161
57.721 53.3 43.594 0.98 -0.193 0.052
57.941 53.762 44.023 0.833 -0.502 -0.234
58.408 54.076 44.381 0.521 -0.71 -0.473
57.923 54.133 43.688 0.816 -0.138 -0.562
58.814 54.482 45.371 0.859 -0.372 0.351
58.818 54.635 45.59 0.856 -0.474 0.205
57.529 53.429 45.889 0.834 -0.459 0.306
57.311 52.726 46.046 0.979 0.009 0.201
57.405 53.521 46.17 0.69 -0.352 0.632
57.202 52.807 46.292 0.825 0.124 0.551
57.356 53.979 46.798 0.723 -0.657 0.214
57.103 53.618 47.385 0.891 -0.417 -0.178
57.438 54.432 47.134 0.807 -0.193 0.558
57.178 54.034 47.694 0.98 0.072 0.185
57.418 54.827 47.454 0.821 -0.456 0.345
57.156 54.259 47.875 0.995 -0.078 0.064
57.393 54.942 47.594 0.783 -0.284 0.553
57.131 54.374 48.015 0.958 0.094 0.272
57.016 52.554 47.293 0.949 0.292 -0.116
57.056 52.316 47.473 0.995 0.014 0.094
56.425 51.78 49.355 0.714 -0.67 -0.201
56.332 51.338 49.812 0.776 -0.376 -0.506
56.571 51.939 49.532 0.857 -0.515 -0.028
56.489 51.51 50.003 0.912 -0.229 -0.342
56.6 51.977 49.616 0.838 -0.54 -0.084
56.57 51.561 50.153 0.858 -0.263 -0.442
56.654 52.431 49.984 0.91 0.069 0.41
56.622 51.996 50.506 0.931 0.359 0.062
56.863 53.335 50.075 0.77 -0.534 0.349
57.09 53.979 49.656 0.993 0.099 -0.062
56.629 53.034 50.864 0.926 -0.333 -0.177
56.588 52.33 51.001 0.954 0.137 -0.269
56.616 53.097 51.178 0.903 -0.226 0.366
56.575 52.392 51.316 0.93 0.244 0.274
56.608 53.163 51.246 0.908 -0.27 0.321
56.521 52.522 51.421 0.966 0.158 0.204
56.438 53.288 51.565 0.708 -0.123 0.695
56.329 52.662 51.78 0.781 0.294 0.552
56.303 53.302 51.726 0.798 -0.133 0.588
56.263 52.673 51.876 0.824 0.287 0.488
56.174 53.347 51.884 0.702 -0.099 0.705
56.134 52.719 52.033 0.729 0.32 0.605
56.037 53.454 52.065 0.793 -0.17 0.584
55.877 52.914 52.354 0.9 0.19 0.391
55.568 53.796 52.468 0.428 0.096 0.899
55.422 53.246 52.745 0.526 0.463 0.714
55.242 54.066 52.678 0.646 -0.084 0.759
55.22 53.381 52.838 0.66 0.372 0.652
55.241 54.067 52.679 0.644 -0.084 0.76
55.219 53.381 52.839 0.659 0.373 0.654
54.922 54.455 53.242 0.857 -0.343 0.385
54.926 54.513 53.28 0.86 -0.297 0.415
54.868 53.348 53.494 0.893 0.395 0.217
54.793 53.086 53.889 0.837 0.202 0.508
54.813 52.765 54.074 0.823 0.416 0.386
54.825 52.635 54.166 0.832 0.328 0.448
54.815 52.534 54.275 0.838 0.395 0.375
54.801 52.051 54.472 0.825 -0.061 0.561
54.616 51.713 54.908 0.949 0.164 0.27
54.905 51.16 54.743 0.756 0.532 0.381
55.404 50.755 54.683 0.424 0.802 0.42
54.503 51.579 55.129 0.749 -0.073 0.659
54.806 51.043 54.935 0.546 0.284 0.788
55.261 50.586 54.96 0.243 0.588 0.771
54.444 51.549 55.196 0.787 -0.053 0.614
54.689 50.99 55.048 0.625 0.319 0.713
55.097 50.515 55.087 0.352 0.636 0.687
54.269 51.426 55.309 0.412 -0.316 0.855
54.567 50.905 55.126 0.213 0.032 0.977
54.921 50.392 55.2 -0.023 0.374 0.927
53.717 51.259 55.703 0.78 -0.204 0.592
53.614 50.586 55.887 0.848 0.244 0.47
53.555 51.33 55.867 0.533 -0.096 0.841
53.444 50.661 56.058 0.606 0.351 0.714
53.396 51.266 55.976 0.638 -0.053 0.768
53.373 50.634 56.137 0.654 0.368 0.661
52.757 51.329 56.238 0.079 0.002 0.997
52.78 50.692 56.379 0.063 0.426 0.902
52.103 51.809 56.539 0.515 -0.318 0.796
51.614 51.55 56.951 0.841 -0.146 0.521
52.027 52.107 56.645 0.443 -0.039 0.895
51.544 51.826 57.049 0.766 0.148 0.626
51.531 52.026 57.039 0.774 0.015 0.633
51.344 52.319 57.155 0.589 0.306 0.748
51.639 50.733 57.129 0.824 0.399 0.402
52.153 50.349 56.859 0.482 0.655 0.583
51.572 50.497 57.336 0.737 0.095 0.669
52.085 50.114 57.066 0.395 0.351 0.849
51.312 50.238 57.818 0.864 0.236 0.445
50.754 50.049 58.333 0.321 0.052 0.946
49.274 50.116 58.468 0.18 -0.105 0.978
48.957 50.451 58.48 -0.059 0.149 0.987
48.816 50.48 58.474 0.035 0.129 0.991
48.774 50.541 58.465 -0.011 0.197 0.98
47.738 49.469 58.986 0.077 -0.123 0.989
47.857 49.229 58.972 -0.002 0.037 0.999
48.766 49.04 58.754 0.452 -0.058 0.89
49.75 48.921 58.621 -0.205 0.022 0.979
51.182 48.219 58.612 -0.142 0.232 0.962
51.69 47.821 58.972 -0.481 0.497 0.722
51.127 48.151 58.616 -0.203 0.157 0.967
51.641 47.762 58.975 -0.546 0.416 0.727
50.994 48.145 58.595 -0.115 0.161 0.98
51.419 47.737 58.852 -0.398 0.432 0.809
50.531 47.494 58.37 -0.481 -0.353 0.803
50.969 47.107 58.634 -0.773 -0.095 0.627
52.285 45.857 60.338 -0.709 0.296 0.64
52.043 45.201 59.902 -0.924 -0.288 0.252
52.4 45.998 60.421 -0.785 0.202 0.585
52.562 46.117 60.545 -0.604 0.335 0.723
52.424 45.001 61.714 -0.731 0.672 0.122
52.177 44.298 61.337 -0.97 -0.008 -0.244
53.465 45.428 62.714 -0.575 0.81 0.116
53.524 45.373 63.034 -0.53 0.768 0.359
52.322 44.812 63.337 -0.488 0.739 0.465
52.523 44.788 63.724 -0.622 0.755 0.207
51.992 44.269 63.519 -0.723 0.351 0.595
52.22 44.288 63.892 -0.875 0.338 0.346
51.968 43.615 63.613 -0.74 -0.117 0.662
52.198 43.686 63.978 -0.893 -0.164 0.418
52.257 43.02 63.594 -0.535 -0.541 0.649
52.463 43.138 63.961 -0.672 -0.62 0.404
52.391 42.556 62.985 -0.439 -0.873 0.213
52.743 42.171 62.692 -0.673 -0.616 0.409
52.078 42.75 62.477 -0.662 -0.734 -0.149
52.372 42.401 62.091 -0.859 -0.501 0.108
53.823 42.171 63.696 -0.711 -0.511 0.483
53.598 41.797 62.96 -0.245 -0.803 0.543
54.042 41.796 63.398 -0.541 -0.802 0.251
54.345 41.587 63.901 -0.744 -0.663 -0.084
54.06 41.534 62.584 -0.014 -0.935 0.355
54.415 41.583 63.095 -0.251 -0.968 0.015
54.705 41.382 63.609 -0.444 -0.834 -0.328
54.876 41.571 62.84 0.108 -0.977 -0.183
54.932 41.6 61.679 0.421 -0.902 -0.098
55.504 41.677 61.981 0.04 -0.953 -0.299
55.523 42.192 60.529 0.316 -0.948 0.034
55.506 42.186 60.516 0.304 -0.952 0.025
55.004 41.908 60.464 0.639 -0.767 0.06
54.63 41.679 60.534 0.412 -0.905 0.102
54.384 41.443 62.141 0.148 -0.98 0.133
54.227 41.367 61.938 0.252 -0.93 0.268
53.371 41.583 62.289 -0.359 -0.91 0.208
53.439 41.476 62.054 -0.404 -0.839 0.365
54.498 41.612 60.538 0.5 -0.86 0.099
53.897 41.358 61.201 -0.023 -0.938 -0.346
53.87 41.444 60.536 -0.005 -0.995 0.097
53.841 41.231 59.9 0.014 -0.854 0.521
53.247 41.623 60.59 -0.505 -0.851 0.141
53.955 40.949 59.015 0.071 -0.994 0.078
54.179 40.802 58.477 -0.079 -0.896 0.437
54.609 40.687 58.077 0.174 -0.964 0.202
55.174 40.623 57.882 -0.202 -0.921 0.332
55.849 42.257 60.704 0.098 -0.992 -0.083
56.051 42.288 60.739 0.232 -0.971 -0.06
56.202 42.315 60.762 0.131 -0.989 -0.076
56.925 42.718 60.846 0.779 -0.627 -0
57.819 43.075 60.146 0.182 -0.865 0.467
58.52 43.134 60.372 -0.284 -0.905 0.316
57.875 43.021 59.991 0.24 -0.921 0.308
58.571 43.085 60.23 -0.223 -0.963 0.149
58.628 43.164 61.047 -0.357 -0.925 -0.134
58.035 43.191 61.342 0.038 -0.943 -0.331
57.454 42.943 61.541 0.426 -0.777 -0.463
58.715 43.158 61.254 -0.175 -0.937 0.302
58.088 43.188 61.469 0.243 -0.957 0.16
57.532 42.937 61.73 0.613 -0.79 -0.014
59.929 42.842 61.515 -0.102 -0.742 0.662
59.658 43.157 62.066 0.078 -0.952 0.295
60.539 43.523 62.175 0.436 -0.816 0.379
61.081 44.055 61.936 0.929 -0.332 0.162
61.381 44.905 60.253 0.911 0.038 0.41
61.686 45.419 59.912 0.708 -0.304 0.638
61.394 44.633 59.839 0.929 -0.335 -0.157
61.699 45.158 59.515 0.726 -0.685 0.059
61.293 44.216 59.517 0.997 -0.056 0.058
61.475 44.414 58.936 0.876 -0.189 0.445
61.896 44.561 58.477 0.595 -0.287 0.751
60.909 43.29 59.634 0.598 -0.422 -0.682
60.992 43.764 59.213 0.542 -0.739 -0.401
61.224 44.037 58.683 0.388 -0.921 -0.047
61.561 44.059 58.14 0.163 -0.935 0.315
61.942 43.826 57.682 -0.091 -0.78 0.62
60.432 43.881 58.969 -0.304 -0.561 -0.77
60.756 44.135 58.479 -0.52 -0.731 -0.443
60.938 44.189 57.868 -0.641 -0.767 -0.036
59.447 43.541 59.125 0.353 -0.334 -0.874
58.952 43.528 58.795 0.683 -0.326 -0.654
58.618 43.438 58.31 0.905 -0.266 -0.331
59.417 43.43 59.169 0.307 -0.505 -0.806
58.929 43.443 58.829 0.632 -0.514 -0.579
58.591 43.335 58.351 0.858 -0.442 -0.261
60.35 44.317 57.124 -0.249 -0.852 0.461
60.349 44.305 57.098 -0.254 -0.885 0.39
58.707 43.767 57.485 0.846 -0.485 0.22
58.706 43.757 57.464 0.842 -0.52 0.146
62.307 45.153 58.617 0.321 -0.681 0.658
62.891 45.626 58.431 0.821 -0.276 0.499
62.974 45.647 58.319 0.766 -0.29 0.574
63.151 45.886 58.141 0.874 -0.145 0.465
63.623 44.908 57.483 0.842 -0.179 0.509
64.083 45.321 57.178 0.535 -0.454 0.712
63.703 44.487 56.945 0.887 -0.412 0.21
64.154 44.949 56.702 0.586 -0.72 0.372
63.616 44.287 56.293 0.839 -0.523 -0.152
64.078 44.772 56.125 0.531 -0.846 -0.04
63.38 44.345 55.651 0.707 -0.491 -0.509
63.868 44.824 55.556 0.382 -0.81 -0.446
63.361 46.095 57.911 0.733 -0.284 0.618
64.045 46.536 57.239 0.508 0.414 0.756
63.521 46.783 57.696 0.857 0.249 0.451
63.308 47.12 58.316 0.999 0.025 0.037
63.356 47.336 57.235 0.729 0.678 0.093
63.265 47.446 57.221 0.79 0.605 0.103
63.156 47.559 57.019 0.664 0.736 -0.13
63.65 47.546 55.96 0.335 0.745 0.576
63.653 48.011 55.57 0.333 0.435 0.836
63.738 48.583 55.385 0.276 0.054 0.96
64.338 46.872 55.842 0.717 0.653 -0.242
64.019 47.308 55.566 0.93 0.362 -0.059
63.928 47.834 55.277 0.991 0.012 0.134
64.08 48.363 55.02 0.889 -0.341 0.306
64.451 48.807 54.838 0.642 -0.637 0.427
63.775 47.082 55.08 0.537 -0.003 -0.844
63.746 47.665 54.914 0.556 -0.392 -0.733
63.854 48.152 54.568 0.484 -0.716 -0.503
63.526 46.99 54.878 0.703 0.059 -0.709
63.32 47.499 54.512 0.84 -0.281 -0.465
63.359 47.927 54.01 0.814 -0.566 -0.131
63.431 46.901 54.802 0.555 -0.081 -0.828
63.241 47.424 54.448 0.682 -0.43 -0.592
63.248 47.822 53.922 0.677 -0.696 -0.241
63.251 46.806 54.666 0.675 -0.018 -0.737
62.966 47.251 54.146 0.865 -0.315 -0.391
62.97 46.493 54.568 0.341 -0.391 -0.855
62.661 46.91 54.039 0.547 -0.669 -0.502
62.862 46.444 54.541 0.413 -0.359 -0.837
62.488 46.808 53.955 0.662 -0.601 -0.447
62.711 46.322 54.56 0.139 -0.58 -0.803
62.345 46.692 53.973 0.383 -0.827 -0.412
62.498 47.244 51.976 0.722 -0.669 0.177
62.85 47.15 51.299 0.487 -0.606 0.629
62.351 47.119 51.92 0.49 -0.867 0.09
62.685 47.009 51.236 0.267 -0.794 0.546
62.096 46.944 52 0.66 -0.751 0.037
62.169 46.788 51.371 0.611 -0.647 0.456
62.416 46.45 50.871 0.447 -0.421 0.789
61.781 46.833 51.964 -0.042 -0.998 -0.043
61.948 46.711 51.345 -0.153 -0.917 0.369
62.072 46.328 50.831 -0.236 -0.662 0.712
63.356 45.714 50.259 0.603 -0.314 0.734
63.765 46.273 50.388 0.33 -0.687 0.647
64.167 46.053 49.608 0.536 -0.776 0.333
64.184 46.041 48.944 0.551 -0.787 -0.276
63.435 45.662 48.301 0.66 -0.351 -0.665
63.855 46.215 48.176 0.38 -0.719 -0.582
62.938 45.901 47.922 0.304 -0.18 -0.935
63.293 46.485 47.748 0.068 -0.569 -0.819
62.34 46.191 47.843 -0.123 0.027 -0.992
62.617 46.813 47.659 -0.308 -0.387 -0.869
61.778 46.466 48.082 -0.524 0.223 -0.822
61.982 47.123 47.928 -0.66 -0.215 -0.719
64.16 46.392 48.217 0.549 -0.621 -0.559
64.814 46.59 48.351 0.113 -0.753 -0.648
64.118 46.959 47.795 0.526 -0.306 -0.793
64.777 47.092 47.977 0.087 -0.395 -0.915
64.059 47.652 47.664 0.493 0.079 -0.866
64.724 47.705 47.861 0.05 0.044 -0.998
63.993 48.332 47.849 0.457 0.457 -0.763
64.666 48.307 48.025 0.008 0.474 -0.881
63.799 49.321 48.654 0.514 0.447 -0.732
63.427 48.89 48.096 0.142 0.766 -0.626
63.314 49.346 48.445 0.218 0.462 -0.859
63.25 49.908 48.598 0.261 0.087 -0.961
62.793 49.282 48.378 -0.099 0.423 -0.901
62.703 49.374 48.424 -0.039 0.362 -0.932
62.122 49.18 48.558 -0.548 0.192 -0.814
62.092 49.047 48.539 -0.528 0.28 -0.802
61.572 48.685 48.983 -0.845 0.059 -0.531
61.237 50.122 49.246 -0.745 0.194 -0.638
61.387 50.265 49.076 -0.846 0.099 -0.525
61.528 51.037 49.595 -0.6 0.652 -0.463
61.613 50.977 49.348 -0.657 0.692 -0.299
62.475 51.353 49.376 -0.127 0.81 -0.572
62.35 51.223 49.178 -0.043 0.897 -0.44
63.07 50.734 48.823 0.171 0.5 -0.849
62.813 50.741 48.748 0.342 0.495 -0.798
64.146 49.236 48.781 0.283 0.503 -0.817
64.737 49.368 49.465 0.743 0.605 -0.284
64.245 50.999 50.212 0.759 0.633 -0.155
64.431 50.841 50.322 0.635 0.738 -0.228
64.162 50.677 52.079 0.76 0.642 -0.099
64.059 50.788 52.099 0.678 0.73 -0.083
63.235 51.718 51.04 0.577 0.81 -0.108
62.667 51.843 50.623 0.174 0.898 -0.403
62.194 51.556 49.894 -0.267 0.911 -0.313
61.873 51.788 50.402 -0.053 0.756 -0.652
61.592 51.158 49.696 -0.568 0.712 -0.412
61.271 51.39 50.204 -0.354 0.557 -0.751
60.085 51.104 50.915 -0.346 0.813 -0.468
60.6 51.445 50.853 -0.69 0.585 -0.427
58.927 50.53 51.453 -0.301 0.917 -0.26
58.185 50.496 51.484 0.194 0.94 -0.281
57.513 50.81 51.411 0.641 0.731 -0.233
58.896 50.362 51.306 -0.435 0.21 -0.876
58.184 50.493 51.48 0.039 0.123 -0.992
57.487 50.669 51.288 0.504 0.006 -0.864
57.421 50.949 51.534 0.703 0.638 -0.314
57.948 50.672 51.732 0.352 0.823 -0.447
58.567 50.611 51.814 -0.061 0.863 -0.501
57.337 51.03 51.91 0.565 0.769 0.297
57.872 50.745 52.07 0.209 0.959 0.19
58.462 50.711 52.28 -0.185 0.982 0.05
57.22 51.068 52.086 0.644 0.744 0.179
57.777 50.748 52.206 0.272 0.957 0.099
58.412 50.701 52.354 -0.151 0.989 0.001
57.152 51.023 52.328 0.573 0.698 0.43
57.72 50.711 52.409 0.194 0.906 0.376
58.344 50.656 52.597 -0.222 0.942 0.251
57.056 50.922 52.831 0.637 0.765 0.094
56.764 51.01 53.196 0.418 0.831 0.367
56.294 51.338 53.294 0.731 0.612 0.302
56.75 50.923 53.498 0.427 0.889 0.166
56.023 51.25 53.726 0.484 0.533 0.694
56.479 50.835 53.929 0.18 0.81 0.558
55.947 51.078 53.954 0.535 0.648 0.542
55.61 51.034 54.213 0.286 0.616 0.734
56.594 50.357 54.964 0.299 0.816 0.494
57.142 50.399 54.788 -0.066 0.788 0.612
56.97 49.478 55.887 0.268 0.897 0.352
57.248 49.333 56.523 0.083 0.994 -0.072
56.611 49.457 56.039 -0.026 0.879 0.476
56.889 49.311 56.674 -0.211 0.976 0.053
56.551 49.415 56.121 0.015 0.907 0.422
56.782 49.292 56.846 -0.139 0.988 -0.061
56.338 49.354 56.183 -0.243 0.833 0.497
56.597 49.24 56.9 -0.415 0.909 0.019
56.052 49.417 56.015 -0.052 0.791 0.609
56.338 49.209 56.514 -0.243 0.93 0.277
56.564 49.233 57.081 -0.393 0.914 -0.102
55.854 49.267 56.084 -0.444 0.495 0.747
56.193 49.1 56.564 -0.67 0.607 0.426
56.366 49.083 57.151 -0.785 0.618 0.035
54.57 49.459 55.953 0.411 0.367 0.834
54.462 49.798 55.732 0.283 0.77 0.572
54.086 48.94 56.913 0.639 0.674 0.372
54.492 48.569 57.285 0.368 0.921 0.124
53.533 48.805 57.35 0.033 0.525 0.85
53.914 48.427 57.741 -0.221 0.777 0.589
53.388 48.584 57.533 0.13 0.673 0.728
53.259 48.559 57.568 0.019 0.652 0.758
52.967 48.704 57.499 0.214 0.555 0.804
52.975 48.259 57.984 0.208 0.852 0.481
52.878 48.715 57.51 0.118 0.566 0.816
52.882 48.27 57.995 0.115 0.863 0.492
52.279 49.227 57.494 0.517 0.225 0.826
52.138 49.62 57.36 0.377 0.614 0.693
52.123 49.738 57.274 0.387 0.535 0.751
52.11 49.785 57.245 0.378 0.57 0.73
52.037 48.657 58.107 0.678 0.605 0.417
52.428 48.261 58.333 0.418 0.869 0.267
51.945 48.645 58.24 0.576 0.591 0.565
52.328 48.248 58.477 0.32 0.855 0.407
51.922 48.57 58.352 0.591 0.641 0.49
52.331 48.157 58.72 0.318 0.916 0.245
51.376 48.284 58.64 -0.272 0.189 0.944
51.785 47.871 59.007 -0.544 0.464 0.699
53.705 47.966 58.817 -0.103 0.983 0.151
53.438 47.825 59.59 0.477 0.825 0.304
53.969 47.8 59.256 0.123 0.841 0.526
54.533 47.995 59.061 -0.253 0.711 0.656
54.162 47.418 59.586 0.287 0.516 0.807
53.97 46.974 60.179 0.415 0.812 0.411
54.417 46.724 60.543 0.117 0.979 0.169
53.688 46.861 60.439 0.053 0.667 0.743
54.123 46.606 60.813 -0.237 0.837 0.494
53.625 46.833 60.471 0.095 0.686 0.722
54.008 46.549 60.867 -0.16 0.875 0.458
54.349 46.49 61.38 -0.388 0.914 0.116
53.535 46.778 60.52 -0.046 0.6 0.799
53.926 46.5 60.912 -0.307 0.785 0.538
54.239 46.422 61.44 -0.515 0.837 0.186
53.458 46.599 60.677 0.005 0.719 0.695
52.675 46.141 60.638 -0.679 0.319 0.661
55.754 47.097 61.455 -0.63 0.762 -0.148
56.132 47.542 61.127 -0.882 0.466 0.07
56.044 47.233 61.936 -0.368 0.885 0.286
56.401 47.668 61.573 -0.606 0.595 0.529
55.572 46.959 63.047 -0.06 0.947 0.317
56.192 47.134 63.08 -0.473 0.83 0.295
54.738 46.684 63.103 -0.476 0.809 0.345
54.718 46.594 63.354 -0.463 0.868 0.177
53.669 45.349 63.398 -0.538 0.781 0.316
53.609 45.351 63.264 -0.587 0.783 0.206
53.759 45.374 63.514 -0.598 0.765 0.239
54.244 44.917 64.143 -0.032 0.233 0.972
54.252 44.264 64.487 -0.037 0.668 0.743
53.45 43.937 64.661 0.15 0.046 0.988
54.037 43.743 64.711 -0.241 0.176 0.955
54.561 43.593 65.005 -0.591 0.276 0.758
53.879 43.168 64.595 -0.39 -0.367 0.845
53.898 42.942 64.527 -0.402 -0.216 0.89
53.698 42.491 63.992 -0.628 -0.724 0.285
54.954 42.406 65.168 -0.237 0.019 0.971
55.007 42.835 65.238 -0.272 -0.266 0.925
55.618 42.283 65.136 0.316 -0.083 0.945
55.728 42.701 65.203 0.243 -0.362 0.9
56.154 42.158 64.744 0.763 -0.188 0.618
56.31 42.564 64.777 0.659 -0.459 0.596
56.17 41.67 63.751 0.777 -0.594 -0.209
56.517 41.982 63.07 0.546 -0.801 0.245
55.72 41.417 63.478 0.402 -0.805 -0.437
55.938 41.656 62.719 0.256 -0.964 0.069
57.67 43.373 62.822 0.609 -0.586 0.535
58.309 43.594 62.641 0.183 -0.732 0.656
57.651 43.16 62.485 0.592 -0.766 0.25
58.29 43.385 62.311 0.166 -0.916 0.366
56.418 41.848 62.544 0.497 -0.868 -0.018
56.584 41.92 62.346 0.386 -0.915 0.114
57.642 43.068 62.286 0.598 -0.704 0.383
58.285 43.334 62.2 0.169 -0.882 0.44
57.613 42.981 61.9 0.559 -0.819 -0.128
58.253 43.238 61.771 0.133 -0.99 -0.042
58.477 43.772 62.846 0.07 -0.852 0.519
58.501 43.801 62.888 0.085 -0.834 0.545
59.72 43.348 62.473 0.113 -0.846 0.521
59.971 43.568 63.086 -0.055 -0.992 0.112
58.682 43.956 63.186 -0.035 -0.937 0.346
58.672 44.409 63.788 -0.044 -0.594 0.804
58.668 44.526 63.884 -0.041 -0.671 0.74
59.521 44.979 64.226 -0.377 0.016 0.926
58.805 45.105 64.126 0.101 -0.069 0.993
58.125 45.207 64.383 0.554 -0.137 0.821
58.87 45.719 63.946 0.169 0.569 0.805
58.913 45.837 63.862 0.14 0.491 0.86
59.728 46.128 63.627 -0.229 0.836 0.499
59.035 46.215 63.499 0.233 0.778 0.584
58.421 46.564 63.567 0.642 0.545 0.539
59.144 46.409 63.008 0.315 0.925 0.212
59.756 46.555 62.497 -0.093 0.828 0.552
60.621 46.234 62.919 0.409 0.912 -0.007
60.445 46.472 62.32 0.527 0.754 0.393
60.426 46.934 61.837 0.539 0.446 0.714
60.891 46.041 61.961 0.928 0.366 0.07
61.367 45.023 62.465 0.942 0.047 -0.331
61.297 44.992 61.771 0.989 0.067 0.132
61.219 45.828 60.853 0.852 0.307 0.424
61.563 46.109 60.329 0.622 0.12 0.774
61.314 45.325 60.617 0.956 -0.242 0.168
61.649 45.654 60.116 0.732 -0.461 0.502
61.416 46.376 60.453 0.721 -0.058 0.691
61.409 46.488 60.459 0.713 0.067 0.698
62.779 46.579 59.572 0.826 0.035 0.563
62.857 46.82 59.484 0.774 -0.126 0.621
61.361 46.625 60.507 0.746 -0.024 0.666
61.214 47.083 60.549 0.63 0.337 0.699
61.733 48.981 58.66 0.211 0.955 0.209
61.18 49.192 58.911 0.58 0.814 0.042
61.503 49.056 58.092 0.097 0.992 -0.075
60.95 49.268 58.343 0.465 0.851 -0.243
61.201 48.858 56.941 -0.035 0.997 0.065
61.175 49.025 56.345 -0.018 0.886 0.463
61.454 48.841 56.922 0.176 0.983 0.049
61.411 49.009 56.326 0.205 0.871 0.446
61.926 48.946 58.569 0.308 0.937 0.163
62.106 48.946 58.371 0.188 0.937 0.295
62.819 48.303 58.693 0.755 0.616 0.225
62.801 48.447 58.468 0.767 0.521 0.376
61.659 48.818 56.943 0.039 0.999 0.035
61.521 48.985 56.332 0.131 0.887 0.442
61.954 48.743 56.859 0.431 0.899 -0.076
61.827 48.907 56.245 0.515 0.79 0.333
62.475 48.6 56.824 0.083 0.995 -0.053
62.779 48.715 56.179 -0.119 0.918 0.377
63.041 49.15 55.665 -0.294 0.629 0.72
62.673 48.418 56.835 0.986 0.164 -0.007
62.798 48.697 56.18 0.903 -0.022 0.43
63.238 48.968 55.675 0.609 -0.203 0.767
62.511 49.466 55.385 0.059 0.418 0.907
62.432 49.623 55.294 -0.026 0.586 0.81
64.053 50.525 54.953 0.31 0.795 0.522
64.045 50.821 54.63 0.315 0.598 0.737
64.606 50.225 54.724 0.771 0.544 0.332
64.646 50.494 54.382 0.744 0.364 0.56
64.872 49.702 54.4 0.992 0.108 0.062
64.934 49.926 54.03 0.95 -0.041 0.309
64.766 49.122 54.083 0.904 -0.375 -0.203
64.82 49.296 53.685 0.869 -0.491 0.062
63.909 48.551 51.864 0.86 -0.485 0.158
64.063 48.356 51.279 0.758 -0.355 0.548
64.42 48.065 50.842 0.52 -0.161 0.839
63.729 48.33 51.874 0.655 -0.736 0.169
63.926 48.188 51.287 0.524 -0.642 0.56
64.264 47.873 50.85 0.299 -0.432 0.851
63.565 48.146 51.83 0.764 -0.613 0.198
63.674 47.815 51.219 0.692 -0.393 0.606
63.373 47.973 51.888 0.6 -0.761 0.247
63.486 47.646 51.275 0.525 -0.543 0.656
63.324 47.942 51.915 0.632 -0.74 0.229
63.185 47.85 51.953 0.529 -0.809 0.257
62.901 47.634 52.033 0.718 -0.665 0.205
62.816 47.544 52.006 0.651 -0.737 0.184
62.75 47.482 52.005 0.695 -0.695 0.184
63.034 47.314 51.328 0.505 -0.584 0.636
62.662 47.4 51.989 0.612 -0.773 0.169
62.949 47.234 51.312 0.421 -0.662 0.62
64.092 46.559 50.442 0.512 -0.529 0.677
64.754 46.737 50.32 0.071 -0.648 0.759
64.436 48.237 50.878 0.509 -0.275 0.815
64.796 48.734 50.605 0.79 0.112 0.603
64.838 48.864 50.539 0.762 0.026 0.647
65.472 48.655 49.777 0.584 0.722 0.371
64.976 49.18 50.095 0.914 0.373 0.159
64.859 49.859 50.479 0.992 -0.08 -0.097
64.789 49.383 49.606 0.708 0.596 -0.378
64.453 49.692 52.015 0.946 -0.321 -0.033
64.245 50.579 52.002 0.705 0.708 -0.048
64.422 49.569 52.095 0.967 -0.239 -0.086
64.242 49.158 52.18 0.823 -0.567 -0.019
63.433 51.304 54.031 -0.122 0.943 0.309
62.873 51.413 53.86 0.251 0.871 0.423
63.341 51.448 52.958 0.331 0.931 0.152
63.946 50.979 52.367 0.754 0.603 -0.261
62.428 51.887 52.801 0.225 0.806 0.548
62.596 51.628 53.362 0.113 0.978 0.174
61.774 51.816 52.965 -0.102 0.77 0.629
61.942 51.557 53.525 -0.214 0.943 0.256
60.769 51.69 52.437 -0.605 0.708 0.365
59.962 51.26 52.863 -0.067 0.994 0.081
60.334 50.839 53.919 0.119 0.784 0.609
61.309 51.011 54.053 -0.531 0.669 0.52
60.568 50.043 54.681 -0.069 0.807 0.586
60.509 50.02 54.703 -0.109 0.792 0.601
59.912 50.993 53.7 -0.091 0.861 0.5
59.722 50.904 53.866 0.036 0.92 0.389
58.447 50.617 53.477 -0.11 0.982 0.155
58.313 50.607 53.111 -0.201 0.975 -0.092
58.444 50.601 53.624 -0.109 0.992 0.057
57.993 50.396 54.493 0.435 0.786 0.438
58.603 50.378 54.249 0.029 0.799 0.601
59.22 50.589 54.178 -0.383 0.658 0.649
58.818 49.843 54.613 0.217 0.332 0.918
58.294 49.278 55.36 0.567 0.709 0.42
58.478 49.001 55.891 0.444 0.894 0.066
58.778 48.957 56.439 0.244 0.922 -0.299
58.229 49.302 55.397 0.482 0.741 0.468
58.428 49.02 55.919 0.349 0.93 0.12
58.718 48.98 56.473 0.155 0.956 -0.249
58.043 49.338 55.58 0.605 0.717 0.345
58.152 49.159 56.29 0.533 0.837 -0.128
57.412 49.502 55.707 -0.026 0.881 0.472
57.498 49.329 56.421 -0.084 0.996 -0.004
58.503 49.573 58.626 0.355 0.896 0.267
59.457 49.481 58.941 -0.281 0.958 0.057
57.661 49.776 58.106 -0.067 0.998 0.007
57.397 49.782 58.152 0.109 0.994 -0.024
57.284 49.328 59.459 -0.132 0.974 0.184
56.545 48.848 59.443 -0.842 0.512 0.169
55.774 48.498 58.684 -0.417 0.698 0.583
55.731 48.665 57.825 -0.458 0.857 -0.236
55.734 48.4 58.785 -0.39 0.763 0.516
55.746 48.353 58.857 -0.381 0.732 0.564
55.651 48.118 59.21 -0.318 0.889 0.329
56.133 48.3 59.64 -0.639 0.768 0.043
55.472 47.632 59.64 -0.503 0.388 0.772
55.961 47.835 60.051 -0.829 0.253 0.498
54.905 47.083 59.832 -0.125 0.755 0.644
54.948 46.8 60.358 -0.154 0.943 0.294
54.852 47.073 59.832 -0.173 0.746 0.643
54.897 46.79 60.357 -0.203 0.934 0.293
55.573 46.984 60.839 -0.57 0.821 -0.027
56.019 47.474 60.716 -0.868 0.494 0.055
55.605 46.993 60.991 -0.531 0.832 0.161
56.051 47.483 60.869 -0.828 0.505 0.242
58.704 49.138 59.795 0.011 0.998 0.067
58.892 49.065 60.1 0.152 0.943 0.296
57.887 49.274 60.982 0.213 0.896 0.391
58.209 49.151 61.251 -0.002 0.977 0.211
57.469 49.004 61.424 -0.085 0.703 0.707
57.825 48.902 61.658 -0.322 0.77 0.551
57.14 47.897 62.055 -0.257 0.701 0.666
56.863 47.834 61.944 -0.531 0.639 0.557
56.79 47.733 62.002 -0.483 0.706 0.518
56.532 47.629 61.816 -0.693 0.621 0.366
57.621 47.731 62.433 -0.106 0.728 0.678
57.974 47.169 63.14 0.418 0.848 0.326
58.117 47.565 62.511 0.322 0.584 0.745
58.384 48.184 62.166 0.144 0.171 0.975
58.552 47.296 62.372 0.697 0.352 0.625
59.016 46.801 62.378 0.387 0.682 0.621
59.026 46.789 62.386 0.394 0.672 0.627
59.198 47.444 61.914 0.265 0.253 0.93
59.593 47.837 61.412 0.634 0.621 0.46
60.214 47.9 60.925 0.22 0.579 0.785
60.495 47.777 60.877 0.496 0.457 0.738
59.724 48.353 60.917 0.547 0.278 0.79
59.267 48.962 60.403 0.02 0.98 0.198
60.483 49.428 59.523 0.163 0.986 0.048
60.424 49.474 59.266 0.202 0.955 0.219
59.133 48.984 60.344 0.109 0.965 0.238
59.054 49.006 60.274 0.045 0.983 0.18
57.619 47.829 62.337 -0.104 0.663 0.742
57.343 47.877 62.183 -0.393 0.714 0.58
60.502 48.944 57.065 0.026 0.993 -0.116
60.695 49.035 56.368 -0.102 0.932 0.348
60.742 48.912 57.124 0.271 0.961 -0.057
60.916 49.006 56.423 0.155 0.898 0.411
60.467 49.097 56.212 0.049 0.89 0.453
60.098 49.006 56.765 0.296 0.952 0.084
60.006 49.068 55.899 -0.514 0.855 0.07
59.636 48.977 56.452 -0.268 0.916 -0.298
59.914 49.668 54.855 -0.453 0.456 0.766
60.368 50.017 54.692 -0.015 0.793 0.609
59.304 48.88 56.291 -0.046 0.98 -0.191
59.29 48.879 56.289 -0.098 0.975 -0.2
59.485 49.445 54.836 -0.167 0.604 0.779
59.472 49.444 54.833 -0.219 0.598 0.771
61.17 50.15 54.765 -0.365 0.755 0.545
61.785 49.981 55.087 0.06 0.638 0.767
61.918 49.94 55.119 -0.029 0.666 0.746
62.134 49.758 55.232 0.172 0.496 0.851
57.28 46.143 64.368 0.071 0.335 0.94
57.428 45.937 64.456 -0.027 0.472 0.881
56.334 44.592 64.478 0.123 0.285 0.951
56.214 44.673 64.46 0.027 0.35 0.936
55.163 44.804 64.447 -0.165 0.379 0.91
54.874 44.761 64.362 -0.452 0.337 0.826
55.226 44.7 64.508 -0.207 0.449 0.869
55.884 44.614 64.534 0.247 0.39 0.887
56.482 44.578 64.471 0.024 0.295 0.955
57.013 44.005 64.218 0.651 -0.38 0.657
57.005 43.869 64.159 0.657 -0.29 0.696
57.098 43.624 63.887 0.73 -0.486 0.48
61.59 52.141 51.1 -0.195 0.933 -0.303
61.79 52.253 51.237 -0.328 0.858 -0.395
61.459 52.164 52.109 -0.26 0.944 0.201
61.688 52.271 52.022 -0.413 0.873 0.259
62.267 51.986 52.701 0.144 0.855 0.497
62.317 52.132 52.483 0.111 0.758 0.643
63.159 51.795 52.25 0.59 0.76 0.272
63.011 51.984 52.132 0.689 0.634 0.351
56.886 54.552 42.156 0.914 -0.03 -0.405
56.866 55.069 41.581 0.927 -0.375 -0.022
56.758 54.383 42.009 0.71 -0.297 -0.639
56.738 54.9 41.434 0.723 -0.642 -0.256
54.526 44.151 38.051 0.443 -0.476 -0.759
54.236 43.795 38.212 0.242 -0.722 -0.648
58.39 45.096 44.403 -0.06 -0.629 0.775
58.125 45.065 44.388 0.117 -0.609 0.785
53.321 42.781 56.267 -0.794 -0.07 -0.603
53.353 43.351 55.905 -0.816 -0.45 -0.362
53.286 42.812 56.313 -0.835 -0.034 -0.549
53.315 43.386 55.957 -0.854 -0.416 -0.312
47.41 46.912 57.679 0.408 -0.755 0.513
47.177 46.818 57.772 0.563 -0.692 0.451
46.817 47.551 58.438 0.111 -0.436 0.893
46.716 47.314 58.362 0.179 -0.278 0.944
45.693 47.488 58.174 -0.45 -0.467 0.761
45.842 47.266 58.157 -0.549 -0.319 0.772
53.315 57.098 54.845 -0.049 0.739 0.672
54.08 56.759 54.712 0.756 0.382 0.532
51.275 44.105 36.489 -0.243 -0.145 -0.959
51.083 44.291 36.484 -0.114 -0.269 -0.956
53.81 44.687 52.773 -0.408 -0.746 -0.527
53.766 44.706 52.783 -0.457 -0.724 -0.516
52.734 44.701 53.352 -0.279 -0.799 -0.533
52.455 44.652 53.8 -0.52 -0.842 -0.146
47.266 45.887 53.359 0.29 -0.955 0.055
47.87 45.941 53.335 -0.113 -0.991 0.07
48.447 45.751 53.329 -0.497 -0.864 0.074
47.316 46.306 52.776 0.37 -0.279 -0.886
47.907 46.253 52.901 -0.024 -0.244 -0.97
48.493 46.139 52.788 -0.415 -0.168 -0.894
58.625 59.289 40.167 0.747 0.429 -0.509
58.54 59.54 40.205 0.804 0.261 -0.534
51.601 48.111 37.85 -0.089 0.539 -0.838
50.969 48.018 37.683 0.332 0.601 -0.727
51.63 48.016 37.791 -0.066 0.467 -0.882
50.999 47.922 37.625 0.355 0.529 -0.771
50.253 58.492 51.573 -0.26 0.158 -0.953
50.364 57.88 51.275 -0.333 0.566 -0.754
44.232 47.004 37.864 -0.038 0.359 -0.932
44.167 46.918 37.839 -0.094 0.286 -0.954
44.609 46.552 37.539 -0.389 0.529 -0.754
44.323 45.595 37.435 -0.672 0.029 -0.74
44.25 45.688 37.497 -0.623 -0.033 -0.782
44.169 45.781 37.55 -0.569 -0.095 -0.817
43.772 45.415 38.255 -0.934 -0.211 -0.288
43.443 45.935 38.458 -0.715 -0.557 -0.423
43.385 45.845 38.814 -0.765 -0.634 -0.118
43.386 46.045 38.394 -0.677 -0.63 -0.381
43.091 46.816 37.933 -0.094 -0.48 -0.872
43.61 46.432 37.929 -0.44 -0.223 -0.87
44.007 45.985 37.683 -0.705 0.075 -0.706
44.027 46.916 37.845 -0.001 0.287 -0.958
42.965 45.434 42.653 -0.371 -0.638 0.675
42.445 45.792 42.944 -0.025 -0.877 0.48
42.995 45.451 42.684 -0.345 -0.623 0.702
42.476 45.81 42.977 0.001 -0.862 0.507
40.982 46.413 46.985 -0.117 0.013 0.993
41.226 47.037 47.167 -0.279 -0.402 0.872
49.804 59.322 38.219 -0.556 0.332 0.762
49.8 59.348 38.204 -0.561 0.361 0.745
42.276 50.069 52.044 0.492 0.161 0.855
42.629 50.675 51.924 0.257 -0.243 0.935
43.061 49.724 46.722 0.761 0.538 0.362
43.074 49.726 46.689 0.775 0.54 0.33
43.17 60.719 38.886 0.532 0.445 -0.72
43.03 60.658 38.763 0.429 0.399 -0.811
38.933 52.056 43.639 -0.449 0.373 -0.812
38.431 51.934 44.236 -0.94 0.254 -0.229
41.361 70.929 45.943 0.102 -0.509 -0.855
40.413 71.08 46.229 -0.687 -0.384 -0.617
39.897 74.266 49.659 0.159 0.132 0.978
39.69 74.432 49.694 0.297 0.021 0.955
39.974 75.256 49.209 0.198 0.627 0.753
39.75 75.202 49.344 0.347 0.663 0.663
39.036 75.602 48.772 -0.271 0.8 0.535
39.02 75.471 49.005 -0.26 0.888 0.38
36.443 67.513 41.846 -0.053 -0.001 -0.999
36.366 67.446 41.855 -0.117 -0.057 -0.991
33.28 68.874 42.444 -0.549 0.16 -0.82
33.238 68.018 42.291 -0.938 0.163 -0.307
33.03 68.532 42.691 -0.798 -0.18 -0.575
32.572 68.99 42.913 -0.493 -0.485 -0.722
33.156 67.674 42.763 -0.996 -0.083 0.03
32.962 68.246 43.084 -0.866 -0.465 -0.184
32.496 68.674 43.348 -0.556 -0.75 -0.36
33.092 68.084 43.528 -0.736 -0.626 0.258
31.286 65.957 52.263 -0.735 -0.334 0.59
31.298 66.135 52.41 -0.743 -0.453 0.492
31.994 65.957 52.808 -0.381 -0.334 0.862
31.849 66.135 52.834 -0.285 -0.453 0.845
32.375 66.729 53.045 -0.191 0.052 0.98
32.145 66.736 53.018 -0.037 0.047 0.998
32.048 67.501 52.737 -0.354 0.438 0.826
31.891 67.336 52.778 -0.249 0.548 0.799
31.34 67.501 52.192 -0.708 0.438 0.554
31.34 67.336 52.355 -0.708 0.548 0.446
41.713 66.151 48.46 -0.368 -0.313 -0.876
41.628 66.151 48.5 -0.438 -0.313 -0.842
41.577 66.229 48.502 -0.481 -0.248 -0.841
41.611 66.308 48.464 -0.452 -0.183 -0.873
41.696 66.308 48.424 -0.382 -0.183 -0.906
40.483 65.407 45.837 0.452 0.183 0.873
40.398 65.407 45.877 0.382 0.183 0.906
40.347 65.486 45.879 0.339 0.248 0.907
40.381 65.564 45.841 0.368 0.313 0.876
40.466 65.564 45.801 0.438 0.313 0.842
46.621 68.769 51.287 0.743 -0.32 0.587
46.782 68.977 51.236 0.636 -0.459 0.621
47.01 68.769 50.377 0.938 -0.32 0.133
47.085 68.977 50.529 0.888 -0.459 0.032
47.11 69.62 49.882 0.988 0.105 -0.115
47.162 69.638 50.144 0.953 0.093 -0.289
46.82 70.47 50.296 0.843 0.53 0.092
46.937 70.299 50.466 0.765 0.644 -0.021
46.431 70.47 51.205 0.648 0.53 0.547
46.634 70.299 51.173 0.513 0.644 0.568
44.658 51.23 51.496 -0.318 0.054 0.947
45.278 51.312 51.892 -0.731 -0 0.682
45.63 51.393 52.538 -0.966 -0.054 0.252
44.251 50.515 51.241 0.408 -0.372 0.834
44.769 51.009 51.427 0.062 -0.701 0.71
45.309 51.248 51.872 -0.298 -0.86 0.413
45.741 51.172 52.469 -0.586 -0.81 0.016
45.959 50.801 53.071 -0.731 -0.562 -0.386
44.806 50.515 50.722 0.804 -0.372 0.464
44.956 51.009 51.252 0.704 -0.701 0.111
45.363 51.248 51.822 0.433 -0.86 -0.269
45.929 51.172 52.294 0.056 -0.81 -0.584
46.514 50.801 52.552 -0.335 -0.562 -0.756
45.033 51.168 50.409 0.966 0.095 0.24
45.033 51.23 51.146 0.966 0.054 -0.252
45.385 51.312 51.792 0.731 0 -0.682
46.005 51.393 52.188 0.318 -0.054 -0.947
46.741 51.455 52.239 -0.173 -0.095 -0.98
44.704 51.822 50.613 0.731 0.562 0.386
44.922 51.451 51.215 0.586 0.81 -0.016
45.354 51.375 51.812 0.298 0.86 -0.413
45.894 51.614 52.257 -0.062 0.701 -0.71
46.412 52.108 52.443 -0.408 0.372 -0.834
44.149 51.822 51.132 0.335 0.562 0.756
44.734 51.451 51.39 -0.056 0.81 0.584
45.3 51.375 51.862 -0.433 0.86 0.269
45.707 51.614 52.432 -0.704 0.701 -0.111
45.857 52.108 52.962 -0.804 0.372 -0.464
42.023 49.003 51.879 0.311 -0.6 0.737
42.294 49.003 51.716 0.505 -0.6 0.621
42.49 49.249 51.737 0.645 -0.424 0.635
42.416 49.496 51.92 0.592 -0.248 0.766
42.146 49.496 52.083 0.399 -0.248 0.883
43.379 47.731 54.134 -0.592 0.248 -0.766
43.649 47.731 53.971 -0.399 0.248 -0.883
43.846 47.978 53.992 -0.258 0.424 -0.868
43.772 48.224 54.175 -0.311 0.6 -0.737
43.501 48.224 54.338 -0.505 0.6 -0.621
36.937 70.117 44.937 0.927 0.295 -0.233
36.719 70.479 44.624 0.905 0.398 -0.151
36.826 70.838 45.186 0.832 0.156 -0.532
36.554 70.747 44.456 0.588 0.716 -0.377
36.635 71.341 45.009 0.523 0.243 -0.817
40.144 67.437 47.149 0.266 -0.886 0.379
40.609 67.565 47.666 -0.118 -0.992 -0.049
41.025 67.282 48.163 -0.462 -0.758 -0.46
37.193 62.203 38.293 0.286 0.853 -0.435
41.964 68.161 47.045 0.387 -0.536 -0.75
41.853 67.102 45.01 0.474 0.288 0.832
40.253 67.487 46.387 0.794 -0.596 0.115
40.422 59.923 34.998 -0.397 0.607 -0.689
41.121 60.459 35.798 0.233 0.972 0.036
40.115 62.934 37.938 0.105 0.367 -0.924
45.779 60.209 35.741 -0.329 0.546 0.771
42.53 60.385 37.035 0.139 0.989 0.048
42.305 60.594 37.604 0.357 0.786 -0.505
50.588 53.058 45.32 -0.988 0.103 0.111
48.052 53.008 44.443 0.704 0.137 0.697
48.776 52.783 44.049 0.259 0.339 0.905
49.498 52.712 44.072 -0.245 0.388 0.888
50.129 52.784 44.422 -0.687 0.338 0.644
43.65 51.672 46.225 0.519 -0.421 0.744
43.253 51.805 46.83 0.795 -0.513 0.323
43.155 51.744 47.557 0.863 -0.471 -0.182
43.382 51.507 48.215 0.705 -0.306 -0.639
46.631 59.382 37.699 -0.757 0.638 0.143
46.138 59.009 38.07 -0.4 0.908 -0.126
45.495 58.978 38.394 0.066 0.931 -0.36
45.215 58.595 37.328 0.025 1 -0.005
49.295 58.498 38.732 -0.188 0.861 0.472
43.808 46.841 44.541 0.868 -0.037 0.496
52.604 58.439 50.146 -0.83 0.548 0.102
52.379 58.256 50.738 -0.678 0.672 -0.298
51.955 58.27 51.242 -0.391 0.662 -0.639
52.302 58.003 50.26 -0.876 0.38 -0.298
55.846 60.152 46.161 0.304 0.951 -0.062
45.995 49.607 54.356 -0.944 0.316 -0.096
45.657 49.095 54.551 -0.718 0.659 -0.226
46.406 49.121 53.609 0.002 0.052 -0.999
60.39 46.008 53.805 -0.074 -0.829 -0.555
59.382 44.268 57.193 0.394 -0.841 0.371
54.826 48.593 56.873 0.194 0.93 0.311
55.407 48.527 57.17 -0.195 0.974 0.113
59.425 48.962 55.471 -0.157 0.923 0.351
41.579 67.295 45.115 0.445 0.141 0.885
40.917 67.534 45.402 0.801 0.354 0.484
40.813 67.869 45.91 0.954 -0.141 -0.265
41.392 68.157 46.531 0.618 -0.659 -0.429
41.575 67.394 44.98 0.341 0.901 0.268
41.36 68.512 46.438 0.507 0.036 -0.861
56.862 47.776 49.878 -0.122 0.585 -0.802
56.361 47.993 50.004 -0.154 0.07 -0.986
55.613 48.579 49.783 0.425 -0.415 -0.805
55.286 48.81 49.279 0.695 -0.605 -0.389
55.197 48.79 48.445 0.727 -0.648 0.227
55.359 49.143 48.184 0.884 -0.33 0.331
56.76 47.646 49.802 -0.466 0.255 -0.847
55.299 48.606 47.996 0.669 -0.491 0.557
56.12 48.094 50.068 -0.341 -0.462 -0.819
55.187 48.677 48.176 0.281 -0.851 0.443
34.343 66.262 44.498 -1 0 0
34.229 66.836 44.498 -0.924 -0.383 0
34.229 66.549 44.995 -0.924 -0.191 -0.331
34.229 66.549 44.001 -0.924 -0.191 0.331
33.53 67.777 45.099 -0.707 -0.595 -0.382
36.633 72.025 45.174 0 0 -1
36.059 71.16 44.757 0.383 0.576 -0.722
36.059 70.776 44.275 0.383 0.832 -0.401
35.509 72.566 45.247 0 0.383 -0.924
36.072 73.832 47.595 -0.383 0.924 -0
34.748 72.723 48.586 -0.383 0.576 0.722
36.343 71.365 48.884 0 -0.707 0.707
36.259 70.104 48.218 0 -0.383 0.924
35.685 69.838 48.252 0.383 -0.206 0.901
35.198 69.971 48.639 0.707 -0.294 0.643
36.121 64.884 46.95 -0.383 -0.924 0
34.573 62.749 43.276 -0.707 -0.595 0.382
34.293 65.395 41.487 -0.383 0.576 -0.722
35.898 66.667 41.911 0 0 -1
37.838 68.979 45.288 0.383 0.832 -0.401
37.838 68.842 44.687 0.383 0.924 -0
37.352 70.077 45.737 0.707 0.101 -0.7
37.352 69.533 45.488 0.707 0.463 -0.534
37.352 69.21 44.986 0.707 0.678 -0.199
37.352 69.21 44.388 0.707 0.678 0.199
37.026 69.654 44.687 0.924 0.383 0
37.047 74.228 47.795 -0.383 0.924 -0
39.423 68.865 47.348 -0.707 -0.294 0.643
39.423 69.316 47.74 -0.707 -0.595 0.382
38.937 68.732 46.962 -0.383 -0.206 0.901
38.937 69.288 47.23 -0.383 -0.576 0.722
38.363 68.424 46.813 0 -0 1
38.363 68.998 46.927 0 -0.383 0.924
38.363 69.485 47.252 0 -0.707 0.707
37.215 68.577 47.01 0.383 -0.206 0.901
37.215 69.133 47.278 0.383 -0.576 0.722
36.728 68.71 47.396 0.707 -0.294 0.643
36.45 65.198 47.116 0.924 -0.191 0.331
37.398 66.037 46.502 0.383 -0.576 0.722
38.504 62.293 44.531 0 -0 1
38.504 62.867 44.645 0 -0.383 0.924
36.821 64.915 40.674 0 0.924 -0.383
40.843 68.578 46.338 0.383 0.206 -0.901
40.843 67.5 44.987 0.383 0.924 -0
40.357 68.191 45.789 0.707 0.463 -0.534
40.357 67.868 45.286 0.707 0.678 -0.199
39.879 69.72 46.73 -0.383 0.206 -0.901
39.305 70.029 46.879 0 0 -1
39.305 69.455 46.765 0 0.383 -0.924
39.305 68.968 46.44 0 0.707 -0.707
39.305 68.643 45.953 0 0.924 -0.383
38.731 69.72 46.73 0.383 0.206 -0.901
38.731 69.165 46.462 0.383 0.576 -0.722
38.731 68.78 45.98 0.383 0.832 -0.401
39.957 71.368 46.386 -0.383 -0.576 -0.722
39.957 70.813 46.654 -0.383 -0.206 -0.901
39.383 71.078 46.689 0 -0.383 -0.924
40.52 72.568 49.364 -0.383 -0.206 0.901
39.999 59.73 44.276 0 -0.383 0.924
38.893 57.55 41.289 -0.707 -0.595 0.382
35.621 61.972 38.677 -0.924 -0.191 -0.331
35.621 61.398 38.677 -0.924 0.191 -0.331
35.621 61.111 38.18 -0.924 0.383 0
36.548 61.838 37.606 0 0.924 -0.383
38.872 62.795 38.634 -0.707 0.463 -0.534
38.385 63.181 39.183 -0.383 0.206 -0.901
38.385 62.626 38.915 -0.383 0.576 -0.722
38.385 62.241 38.433 -0.383 0.832 -0.401
38.385 62.104 37.832 -0.383 0.924 -0
37.811 63.49 39.332 0 0 -1
37.811 62.916 39.218 0 0.383 -0.924
37.811 62.429 38.893 0 0.707 -0.707
37.811 62.104 38.406 0 0.924 -0.383
37.237 63.181 39.183 0.383 0.206 -0.901
37.237 62.626 38.915 0.383 0.576 -0.722
42.956 64.046 42.922 0.707 0.101 0.7
41.137 64.237 44.33 0.707 -0.294 0.643
40.928 66.97 45.122 0.383 -0.206 0.901
40.442 67.103 45.508 0.707 -0.294 0.643
40.442 67.554 45.9 0.707 -0.595 0.382
43.165 70.418 46.757 0.383 -0.576 -0.722
44.298 58.095 43.893 0.383 0.206 0.901
36.404 58.545 37.664 -0.707 -0.595 -0.382
40.093 59.586 35.006 -0.383 0.576 -0.722
42.266 60.178 36.638 -0.383 0.924 -0
42.266 60.315 36.036 -0.383 0.832 0.401
41.692 60.99 38.024 0 0.383 -0.924
41.692 60.503 37.698 0 0.707 -0.707
41.692 60.178 37.212 0 0.924 -0.383
41.692 60.064 36.638 0 1 -0
41.692 60.178 36.064 0 0.924 0.383
41.118 60.7 37.721 0.383 0.576 -0.722
41.118 60.315 37.239 0.383 0.832 -0.401
41.118 60.178 36.638 0.383 0.924 -0
41.118 60.315 36.036 0.383 0.832 0.401
40.631 60.869 37.439 0.707 0.463 -0.534
40.631 60.546 36.937 0.707 0.678 -0.199
40.631 60.546 36.339 0.707 0.678 0.199
40.618 63.025 38.268 0.383 -0.206 -0.901
40.618 62.408 38.268 0.383 0.206 -0.901
40.131 62.566 37.966 0.707 0.101 -0.7
40.131 62.022 37.718 0.707 0.463 -0.534
40.305 63.717 38.201 -0.707 0.101 -0.7
39.819 63.56 38.503 -0.383 0.206 -0.901
39.819 63.004 38.235 -0.383 0.576 -0.722
42.466 63.252 38.759 0.383 -0.206 -0.901
43.452 65.083 40.376 0.924 0.383 0
46.711 54.983 43.851 0.383 0.576 0.722
45.644 54.487 44.921 0.383 0.576 0.722
45.157 54.657 45.203 0.707 0.463 0.534
44.673 52.561 45.759 0.383 -0.206 0.901
43.222 52.005 47.354 0.924 -0.383 0
43.221 52.455 49.349 0.383 0.924 -0
41.232 52.96 48.808 -0.707 0.678 0.199
40.602 54.763 44.976 -0.707 0.678 0.199
40.65 51.736 42.313 -0.707 -0.294 -0.643
40.65 51.144 42.398 -0.707 0.101 -0.7
40.65 50.601 42.15 -0.707 0.463 -0.534
40.163 50.987 42.7 -0.383 0.206 -0.901
41.024 51.913 41.225 -0.924 -0.383 0
41.736 54.279 38.599 -0.383 -0.576 -0.722
37.633 57.089 36.528 -0.707 -0.294 -0.643
41.57 56.847 33.529 0 -0.383 -0.924
45.809 59.63 33.788 -0.383 0.576 -0.722
45.235 59.92 34.09 0 0.383 -0.924
45.163 58.706 36.67 0 0.924 0.383
45.163 59.031 36.183 0 0.707 0.707
44.589 58.706 37.244 0.383 0.924 -0
44.589 58.844 36.642 0.383 0.832 0.401
44.589 59.228 36.16 0.383 0.576 0.722
44.102 59.074 37.543 0.707 0.678 -0.199
44.102 59.074 36.945 0.707 0.678 0.199
44.102 59.398 36.442 0.707 0.463 0.534
43.081 59.996 38.132 0.383 0.832 -0.401
43.081 59.859 37.53 0.383 0.924 -0
43.081 59.996 36.929 0.383 0.832 0.401
42.594 60.55 38.332 0.707 0.463 -0.534
42.594 60.227 37.829 0.707 0.678 -0.199
44.49 60.912 40.309 0.707 0.101 -0.7
44.49 60.368 40.061 0.707 0.463 -0.534
45.372 59.36 39.87 0.383 0.832 -0.401
48.089 57.873 40.824 0.383 0.832 0.401
48.183 56.432 42.427 0.383 0.576 0.722
50.095 55.52 42.572 0 0.383 0.924
48.561 53.765 43.67 0.383 0.206 0.901
50.253 52.986 44.374 -0.707 0.463 0.534
48.527 52.546 44.16 0.383 0.206 0.901
43.175 49.841 46.383 0.707 0.463 0.534
43.125 51.143 48.202 0.707 -0.294 -0.643
43.125 51.143 46.272 0.707 -0.294 0.643
43.125 51.594 46.663 0.707 -0.595 0.382
42.799 51.276 47.237 0.924 -0.383 0
42.799 50.989 47.734 0.924 -0.191 -0.331
42.799 50.989 46.74 0.924 -0.191 0.331
43.142 49.836 48.067 0.707 0.463 -0.534
42.817 50.244 47.763 0.924 0.191 -0.331
42.817 49.957 47.265 0.924 0.383 0
43.55 52.151 39.048 -0.383 -0.206 -0.901
44.45 53.281 37.734 -0.383 -0.832 -0.401
44.45 52.896 38.216 -0.383 -0.576 -0.722
49.532 59.581 37.97 -0.383 0.206 0.901
48.34 59 38.246 0.383 0.576 0.722
46.403 59.071 37.098 -0.707 0.678 0.199
45.916 58.84 37.998 -0.383 0.832 -0.401
45.916 58.703 37.397 -0.383 0.924 -0
45.342 58.703 37.971 0 0.924 -0.383
49.545 58.956 38.279 -0.383 0.576 0.722
49.629 58.506 38.914 -0.383 0.832 0.401
51.454 54.687 43.78 -0.707 0.463 0.534
51.106 51.598 45.905 -0.924 -0.191 0.331
50.48 51.494 44.861 -0.707 0.101 0.7
43.962 48.382 43.643 0.707 -0.294 0.643
43.962 48.833 44.035 0.707 -0.595 0.382
43.637 48.515 44.608 0.924 -0.383 0
43.637 48.228 44.111 0.924 -0.191 0.331
44.442 46.862 43.544 0.383 0.576 0.722
43.955 47.032 43.826 0.707 0.463 0.534
43.63 47.439 44.13 0.924 0.191 0.331
45.709 49.557 38.737 -0.383 0.206 -0.901
45.135 49.865 38.886 0 0 -1
46.405 50.557 38.216 -0.707 -0.294 -0.643
45.919 50.981 38.334 -0.383 -0.576 -0.722
48.96 58.001 33.673 0.383 0.206 -0.901
50.5 58.012 34.261 0.383 0.206 -0.901
52.66 57.667 41.347 -0.383 0.832 0.401
52.66 58.052 40.865 -0.383 0.576 0.722
52.66 58.607 40.597 -0.383 0.206 0.901
52.086 57.855 40.888 0 0.707 0.707
54.274 59.199 42.348 -1 0 0
54.16 59.486 42.845 -0.924 -0.191 -0.331
54.16 58.625 42.348 -0.924 0.383 0
54.16 58.912 41.851 -0.924 0.191 0.331
54.16 59.486 41.851 -0.924 -0.191 0.331
53.835 58.181 42.049 -0.707 0.678 0.199
53.835 58.504 41.547 -0.707 0.463 0.534
53.835 59.048 41.298 -0.707 0.101 0.7
53.835 59.639 41.383 -0.707 -0.294 0.643
54.561 58.298 44.137 -0.924 -0.191 0.331
54.558 57.249 44.771 -0.924 0.383 0
54.233 56.805 45.07 -0.707 0.678 -0.199
54.233 56.805 44.472 -0.707 0.678 0.199
53.116 56.693 48.273 -1 0 0
53.002 57.267 48.273 -0.924 -0.383 0
53.002 56.98 48.77 -0.924 -0.191 -0.331
52.9 56.044 49.091 -0.924 0.191 -0.331
52.9 55.757 48.594 -0.924 0.383 0
50.844 51.13 50.246 -0.924 -0.191 -0.331
51.108 50.22 50.049 -0.924 -0.191 -0.331
51.108 49.646 50.049 -0.924 0.191 -0.331
51.608 49.579 48.173 -0.924 -0.383 0
51.608 49.292 48.67 -0.924 -0.191 -0.331
51.592 49.779 46.686 -1 0 0
51.478 50.353 46.686 -0.924 -0.383 0
51.478 50.066 46.189 -0.924 -0.191 0.331
51.751 48.648 45.289 -0.924 -0.383 0
51.426 48.966 44.715 -0.707 -0.595 0.382
49.903 49.616 43.782 -0.383 -0.576 0.722
49.042 49.121 43.298 0 -0.383 0.924
45.515 47.915 42.806 0 -0 1
44.941 47.606 42.955 0.383 0.206 0.901
44.879 48.892 43.253 0.383 -0.576 0.722
47.83 45.249 41.089 0 0.383 0.924
47.256 44.959 41.391 0.383 0.576 0.722
47.256 45.515 41.124 0.383 0.206 0.901
47.256 46.131 41.124 0.383 -0.206 0.901
47.256 46.687 41.391 0.383 -0.576 0.722
46.769 45.128 41.673 0.707 0.463 0.534
46.769 45.672 41.425 0.707 0.101 0.7
46.769 46.264 41.51 0.707 -0.294 0.643
46.444 45.536 41.978 0.924 0.191 0.331
42.502 46.046 43.82 0 -1 0
43.323 45.188 39.687 -0.707 -0.294 -0.643
43.298 45.787 39.21 -0.707 -0.595 -0.382
42.124 46.648 39.726 -0.707 -0.595 -0.382
48.538 50.385 37.402 0 0.383 -0.924
48.647 52.192 37.558 0.383 -0.206 -0.901
47.375 53.815 36.59 0.383 -0.206 -0.901
48.072 55 35.768 0 -0.924 -0.383
48.072 54.675 36.254 0 -0.707 -0.707
55.282 60.734 40.725 0 1 -0
54.708 60.985 40.124 0.383 0.832 0.401
54.828 60.8 42.508 -0.383 0.832 -0.401
55.721 60.331 45.466 0.383 0.832 0.401
54.121 59.801 46.801 -0.383 0.832 -0.401
54.591 59.005 45.396 -0.924 -0.383 0
54.591 58.718 45.893 -0.924 -0.191 -0.331
54.266 58.871 46.361 -0.707 -0.294 -0.643
54.581 57.847 45.969 -0.924 0.191 -0.331
54.256 57.983 46.522 -0.707 0.101 -0.7
54.256 57.44 46.273 -0.707 0.463 -0.534
52.281 56.361 50.251 -0.707 0.101 -0.7
49.22 56.292 53.143 -0.924 0.191 0.331
50.375 53.9 51.549 -0.924 -0.383 0
50.379 53 52.067 -0.924 0.191 -0.331
49.212 50.123 52.965 -0.707 -0.595 -0.382
48.725 50.094 53.475 -0.383 -0.576 -0.722
48.151 50.291 53.452 0 -0.707 -0.707
49.247 48.98 53.468 -0.707 0.101 -0.7
50.563 48.552 51.378 -0.924 -0.191 -0.331
50.238 48.114 51.931 -0.707 0.101 -0.7
52.179 47.855 44.945 -0.707 -0.707 0
52.179 47.686 44.372 -0.707 -0.595 0.382
53.394 44.94 42.082 -0.707 0.101 0.7
53.394 45.532 42.167 -0.707 -0.294 0.643
53.394 45.983 42.559 -0.707 -0.595 0.382
52.907 45.955 42.048 -0.383 -0.576 0.722
50.442 44.848 41.104 0.383 -0.206 0.901
49.173 45.734 41.104 -0.383 0.206 0.901
49.17 46.911 41.371 -0.383 -0.576 0.722
48.596 46.621 41.069 0 -0.383 0.924
47.581 43.284 39.766 -0.707 -0.707 0
46.322 43.833 40.161 0 -1 0
50.893 48.611 37.944 0.383 0.206 -0.901
51.706 49.812 38.009 0 -0.383 -0.924
49.997 52.127 37.836 0 0 -1
49.997 51.553 37.721 0 0.383 -0.924
50.445 53.768 37.243 0 -0.707 -0.707
50.445 53.281 37.568 0 -0.383 -0.924
52.532 53.361 37.702 0.383 0.206 -0.901
53.642 55.437 37.572 0 -0.707 -0.707
53.642 54.95 37.897 0 -0.383 -0.924
53.068 55.24 37.595 0.383 -0.576 -0.722
53.068 54.685 37.863 0.383 -0.206 -0.901
53.776 58.477 36.16 0.383 0.206 -0.901
56.167 58.253 37.75 0.707 0.101 -0.7
56.071 60.379 40.443 0.383 0.832 -0.401
48.647 52.421 53.083 0 0.383 -0.924
47.477 49.498 53.964 0 -0.383 -0.924
46.903 49.788 53.662 0.383 -0.576 -0.722
46.903 49.232 53.929 0.383 -0.206 -0.901
47.682 48.192 53.983 0 0.383 -0.924
52.046 44.869 54.782 -0.383 -0.924 0
55.789 44.793 53.59 0.383 -0.832 -0.401
55.566 47.971 50.246 0 -0.383 -0.924
54.992 48.645 49.461 0.383 -0.832 -0.401
54.992 48.261 49.944 0.383 -0.576 -0.722
54.506 48.457 48.86 0.707 -0.707 0
54.506 48.289 49.434 0.707 -0.595 -0.382
51.922 43.311 40.308 0 -0.924 0.383
53.964 49.754 38.837 0.707 0.463 -0.534
53.853 51.485 38.833 0.924 -0.191 -0.331
54.996 51.705 39.963 0.383 -0.206 -0.901
55.168 52.956 39.718 0.707 -0.294 -0.643
52.436 57.086 54.643 0 0.707 0.707
51.774 56.283 55.527 0 0.707 0.707
47.739 46.507 55.874 0 -0.924 0.383
47.165 46.369 55.847 0.383 -0.832 0.401
50.005 46.698 57.143 -0.383 -0.832 0.401
51.261 45.599 56.97 -0.707 -0.707 0
52.034 44.147 57.955 -0.924 -0.191 -0.331
53.094 43.653 56.062 -0.707 -0.595 -0.382
55.865 43.983 54.637 0.383 -0.576 -0.722
55.865 43.427 54.905 0.383 -0.206 -0.901
59.322 44.487 55.943 -0.383 -0.832 -0.401
58.748 44.624 55.916 0 -0.924 -0.383
58.748 44.299 56.402 0 -0.707 -0.707
58.174 44.487 55.943 0.383 -0.832 -0.401
58.174 44.103 56.425 0.383 -0.576 -0.722
55.305 49.329 48.754 0.924 -0.383 0
54.849 45.165 37.961 0.707 -0.294 -0.643
55.968 44.966 38.721 0.383 -0.206 -0.901
56.16 48.858 40.411 0.383 0.576 -0.722
56.16 48.473 39.929 0.383 0.832 -0.401
56.584 53.482 41.978 0.707 0.101 -0.7
56.259 54.207 40.928 0.924 -0.383 0
56.259 53.92 41.425 0.924 -0.191 -0.331
56.259 53.346 41.425 0.924 0.191 -0.331
57.682 55.37 42.631 0.383 -0.576 -0.722
57.196 55.399 42.121 0.707 -0.595 -0.382
57.196 54.947 42.513 0.707 -0.294 -0.643
57.507 55.408 47.85 0.707 -0.595 0.382
57.182 55.09 48.423 0.924 -0.383 0
57.067 54.516 48.423 1 -0 0
52.058 44.351 59.703 -0.924 0.191 0.331
62.345 45.76 54.707 0.383 -0.206 -0.901
61.039 46.486 53.376 0 -0.924 -0.383
61.039 46.16 53.863 0 -0.707 -0.707
61.039 45.674 54.188 0 -0.383 -0.924
60.465 46.486 52.802 0.383 -0.924 0
60.465 46.348 53.404 0.383 -0.832 -0.401
60.129 46.076 54.009 -0.383 -0.832 -0.401
60.129 45.691 54.491 -0.383 -0.576 -0.722
59.555 46.327 53.408 0 -1 0
59.555 46.213 53.982 0 -0.924 -0.383
59.555 45.888 54.468 0 -0.707 -0.707
61.718 46.396 50.838 0 -0.707 0.707
61.144 46.584 51.298 0.383 -0.832 0.401
61.229 47.056 48.938 -0.707 0.101 -0.7
61.364 48.622 49.236 -0.707 0.101 -0.7
60.878 48.464 49.538 -0.383 0.206 -0.901
58.817 49.813 51.076 -0.383 0.576 -0.722
58.243 50.103 51.379 0 0.383 -0.924
58.243 49.616 51.054 0 0.707 -0.707
56.111 51.348 49.054 0.924 -0.383 0
56.111 51.061 48.557 0.924 -0.191 0.331
57.368 52.998 44.668 0.924 -0.383 0
56.987 51.083 42.702 0.924 0.383 0
56.986 51.948 43.202 0.924 -0.191 -0.331
60.397 46.778 41.561 0.707 -0.294 -0.643
57.054 52.706 46.621 0.924 0.191 0.331
57.054 53.28 46.621 0.924 -0.191 0.331
56.94 52.993 47.119 1 -0 0
56.633 52.821 50.101 0.924 -0.191 0.331
56.519 52.534 50.598 1 -0 0
54.821 53.653 53.322 0.924 0.191 0.331
54.313 50.089 55.507 0.383 0.576 0.722
54.313 50.644 55.24 0.383 0.206 0.901
53.826 50.802 55.541 0.707 0.101 0.7
52.301 51.023 56.382 0.383 0.206 0.901
51.815 51.18 56.683 0.707 0.101 0.7
58.093 43.277 60.846 0 -1 0
57.519 43.163 60.846 0.383 -0.924 0
61.728 45.023 59.03 0.707 -0.595 0.382
60.551 44.425 57.814 -0.383 -0.924 0
59.977 44.539 57.814 0 -1 0
59.977 44.425 58.389 0 -0.924 -0.383
59.977 44.1 58.875 0 -0.707 -0.707
59.403 44.425 57.814 0.383 -0.924 0
59.403 44.288 58.416 0.383 -0.832 -0.401
59.403 43.903 58.898 0.383 -0.576 -0.722
58.916 44.1 57.814 0.707 -0.707 0
58.916 43.932 58.388 0.707 -0.595 -0.382
63.092 47.646 56.526 0.707 0.678 0.199
63.092 47.969 56.023 0.707 0.463 0.534
63.092 48.513 55.775 0.707 0.101 0.7
62.767 48.09 56.825 0.924 0.383 0
63.519 47.97 54.388 0.707 -0.595 -0.382
55.762 48.762 56.603 -0.383 0.832 0.401
55.187 48.625 56.63 0 0.924 0.383
55.187 48.95 56.143 0 0.707 0.707
54.613 49.146 56.121 0.383 0.576 0.722
52.48 48.7 57.65 0.383 0.576 0.722
54.592 46.806 60.222 0 0.924 0.383
62.6 49.032 55.684 0 0.707 0.707
59.144 49.281 54.929 0 0.707 0.707
58.57 49.477 54.906 0.383 0.576 0.722
55.291 46.966 60.197 -0.383 0.832 0.401
59.809 49.102 55.403 -0.383 0.832 0.401
30.631 71.987 47.756 -0.866 0.5 0
30.631 71.687 48.276 -0.866 0.25 0.433
30.631 71.687 47.236 -0.866 0.25 -0.433
30.47 71.387 47.756 -1 0 0
31.54 67.799 46.987 -0.588 -0.747 -0.31
31.098 68.276 47.018 -0.809 -0.509 -0.294
30.814 68.985 47.071 -0.951 -0.155 -0.268
31.212 70.145 45.09 -0.951 -0.155 -0.268
31.848 72.003 44.856 -0.5 0.729 -0.468
32.022 72.922 48.241 -0.223 0.975 0
32.022 72.787 48.833 -0.223 0.878 0.423
32.022 72.408 49.308 -0.223 0.608 0.762
32.022 71.861 49.572 -0.223 0.217 0.95
31.461 72.478 48.833 -0.623 0.658 0.423
31.461 72.012 49.237 -0.623 0.325 0.711
31.461 71.401 49.324 -0.623 -0.111 0.774
31.721 68.9 50.758 -0.5 0.791 0.352
31.269 68.474 50.75 -0.766 0.541 0.348
30.974 67.264 49.655 -0.94 -0.171 -0.296
33.128 70.615 42.455 -0.309 0.233 -0.922
32.57 70.767 42.804 -0.588 0.31 -0.747
32.57 71.292 43.155 -0.588 0.572 -0.572
32.128 70.736 43.281 -0.809 0.294 -0.509
34.19 73.547 45.861 -0.223 0.878 -0.423
33.36 71.37 49.83 -0 0.365 0.931
33.932 67.769 52.228 0.588 0.572 0.572
33.932 67.244 52.579 0.588 0.31 0.747
33.374 68.126 52.252 0.309 0.751 0.584
33.374 67.665 52.676 0.309 0.52 0.796
33.374 67.092 52.928 0.309 0.233 0.922
32.756 68.277 52.211 -0 0.826 0.563
32.756 67.872 52.648 -0 0.623 0.782
32.756 67.356 52.946 -0 0.365 0.931
32.756 66.774 53.078 -0 0.075 0.997
32.756 66.18 53.034 -0 -0.223 0.975
32.138 68.126 52.252 -0.309 0.751 0.584
31.58 65.481 52.228 -0.588 -0.572 0.572
31.58 65.13 51.703 -0.588 -0.747 0.31
31.58 65.007 51.084 -0.588 -0.809 0
31.58 65.13 50.465 -0.588 -0.747 -0.31
31.58 65.481 49.94 -0.588 -0.572 -0.572
31.138 65.607 51.672 -0.809 -0.509 0.294
31.138 65.449 51.084 -0.809 -0.588 0
31.138 65.607 50.496 -0.809 -0.509 -0.294
30.854 66.934 51.619 -0.951 0.155 0.268
30.854 66.316 51.619 -0.951 -0.155 0.268
30.854 66.007 51.084 -0.951 -0.309 -0
30.854 66.316 50.549 -0.951 -0.155 -0.268
30.756 66.625 51.084 -1 -0 -0
33.218 65.261 47.884 -0.588 -0.572 -0.572
34.682 63.815 45.018 -0.588 -0.31 0.747
34.24 63.846 44.541 -0.809 -0.294 0.509
34.239 67.486 41.39 -0.223 -0.217 -0.95
34.239 68.094 41.39 -0.223 0.217 -0.95
33.678 67.634 41.638 -0.623 -0.111 -0.774
33.678 68.245 41.725 -0.623 0.325 -0.711
33.29 67.183 42.721 -0.901 -0.434 -0
33.29 67.486 42.195 -0.901 -0.217 -0.376
32.124 69.273 43.259 -0.866 -0.25 -0.433
37.881 69.639 42.063 0.901 0.217 -0.376
37.493 70.43 42.589 0.623 0.782 0
37.493 69.179 41.506 0.623 -0.111 -0.774
37.493 69.79 41.593 0.623 0.325 -0.711
37.493 70.256 41.997 0.623 0.658 -0.423
36.932 70.7 42.589 0.223 0.975 0
36.932 69.031 41.258 0.223 -0.217 -0.95
36.932 69.639 41.258 0.223 0.217 -0.95
36.932 70.186 41.522 0.223 0.608 -0.762
36.932 70.565 41.997 0.223 0.878 -0.423
36.308 69.639 41.258 -0.223 0.217 -0.95
36.308 70.186 41.522 -0.223 0.608 -0.762
37.469 72.957 44.913 0.223 -0.217 -0.95
37.469 73.565 44.913 0.223 0.217 -0.95
37.469 74.112 45.177 0.223 0.608 -0.762
36.845 73.565 44.913 -0.223 0.217 -0.95
36.845 74.112 45.177 -0.223 0.608 -0.762
36.845 74.491 45.652 -0.223 0.878 -0.423
34.464 71.84 43.229 0.5 0.729 -0.468
33.864 71.648 42.803 -0 0.568 -0.823
33.864 72.029 43.233 -0 0.885 -0.465
37.123 73.182 50.025 0.223 0.217 0.95
37.123 72.574 50.025 0.223 -0.217 0.95
37.123 72.027 49.761 0.223 -0.608 0.762
36.499 74.108 49.286 -0.223 0.878 0.423
36.499 73.729 49.761 -0.223 0.608 0.762
36.499 73.182 50.025 -0.223 0.217 0.95
36.499 72.574 50.025 -0.223 -0.217 0.95
35.938 73.799 49.286 -0.623 0.658 0.423
35.938 73.333 49.69 -0.623 0.325 0.711
36.012 67.423 49.616 0.809 0.509 0.294
35.671 66.626 51.223 0.588 0.572 0.572
35.671 66.101 51.574 0.588 0.31 0.747
34.491 65.463 52.577 0.5 -0.091 0.861
33.936 65.159 52.723 0.174 -0.27 0.947
33.346 64.608 52.449 -0.174 -0.593 0.786
33.346 64.194 51.994 -0.174 -0.837 0.518
32.791 64.426 51.978 -0.5 -0.701 0.509
32.791 64.177 51.419 -0.5 -0.847 0.18
33.319 63.987 49.46 -0.588 -0.747 -0.31
36.981 64.785 50.618 0.94 0.171 0.296
36.981 64.203 50.618 0.94 -0.171 0.296
36.686 64.948 51.108 0.766 0.267 0.585
35.679 62.848 49.806 0.174 -0.968 -0.181
35.089 62.848 49.806 -0.174 -0.968 -0.181
35.089 63.071 49.233 -0.174 -0.837 -0.518
34.534 63.054 49.808 -0.5 -0.847 -0.18
36.98 64.094 48.946 0.866 -0.25 -0.433
37.281 61.488 45.166 0.223 0.217 0.95
37.281 60.88 45.166 0.223 -0.217 0.95
36.657 60.88 45.166 -0.223 -0.217 0.95
36.657 60.333 44.902 -0.223 -0.608 0.762
36.657 59.954 44.427 -0.223 -0.878 0.423
35.116 61.03 44.205 -0.866 -0.25 0.433
32.938 63.44 42.631 -0.623 -0.111 0.774
32.938 62.879 42.375 -0.623 -0.512 0.591
32.938 62.546 41.856 -0.623 -0.75 0.22
32.938 62.546 41.24 -0.623 -0.75 -0.22
32.938 62.879 40.721 -0.623 -0.512 -0.591
32.938 63.44 40.465 -0.623 -0.111 -0.774
32.938 64.051 40.552 -0.623 0.325 -0.711
32.938 64.517 40.956 -0.623 0.658 -0.423
32.55 64.203 41.548 -0.901 0.434 0
32.55 63.9 42.074 -0.901 0.217 0.376
32.55 63.292 42.074 -0.901 -0.217 0.376
32.55 62.989 41.548 -0.901 -0.434 -0
32.55 63.292 41.022 -0.901 -0.217 -0.376
32.55 63.9 41.022 -0.901 0.217 -0.376
32.411 63.596 41.548 -1 0 0
41.581 72.242 44.597 -0 -0.5 -0.866
40.405 72.623 44.834 -0.588 -0.31 -0.747
41.764 73.818 43.898 0.223 -0.217 -0.95
41.14 73.818 43.898 -0.223 -0.217 -0.95
41.14 74.426 43.898 -0.223 0.217 -0.95
40.579 73.966 44.146 -0.623 -0.111 -0.774
40.579 74.577 44.233 -0.623 0.325 -0.711
40.579 75.043 44.637 -0.623 0.658 -0.423
39.578 76.002 47.702 -0 1 0
39.578 75.913 48.292 -0 0.956 0.295
39.578 75.913 47.112 -0 0.956 -0.295
38.96 75.904 47.702 -0.309 0.951 0
38.96 75.801 48.32 -0.309 0.9 0.309
38.402 75.62 47.702 -0.588 0.809 0
38.402 75.497 48.321 -0.588 0.747 0.31
39.333 75.088 49.537 -0 0.568 0.823
39.333 74.551 49.74 -0 0.121 0.993
40.792 70.845 49.997 -0.309 0.233 0.922
40.234 70.378 49.771 -0.588 -0 0.809
40.177 68.965 49.603 -0.766 -0.091 0.636
40.177 68.405 49.347 -0.766 -0.421 0.486
40.177 68.073 48.829 -0.766 -0.617 0.181
36.002 63.807 51.813 0.5 -0.123 0.857
36.002 63.274 51.569 0.5 -0.567 0.654
36.002 62.958 51.077 0.5 -0.831 0.244
35.402 63.529 51.906 -0 -0.355 0.935
35.402 63.057 51.58 -0 -0.749 0.663
35.402 62.79 51.071 -0 -0.971 0.239
34.802 62.958 51.077 -0.5 -0.831 0.244
39.304 64.364 45.811 -0 -0.5 0.866
41.436 62.006 45.124 0.623 0.325 0.711
41.436 61.395 45.211 0.623 -0.111 0.774
40.875 61.855 45.459 0.223 0.217 0.95
40.875 61.247 45.459 0.223 -0.217 0.95
40.251 61.855 45.459 -0.223 0.217 0.95
40.251 61.247 45.459 -0.223 -0.217 0.95
36.966 58.15 41.926 -0 -0.901 0.434
35.622 58.826 42.279 -0.5 -0.567 0.654
35.183 59.207 42.014 -0.866 -0.25 0.433
35.957 63.977 38.42 0.223 0.217 -0.95
35.957 64.524 38.684 0.223 0.608 -0.762
35.957 64.903 39.159 0.223 0.878 -0.423
35.333 63.977 38.42 -0.223 0.217 -0.95
35.333 64.524 38.684 -0.223 0.608 -0.762
35.333 64.903 39.159 -0.223 0.878 -0.423
34.772 63.517 38.668 -0.623 -0.111 -0.774
34.772 64.128 38.755 -0.623 0.325 -0.711
34.772 64.594 39.159 -0.623 0.658 -0.423
38.758 65.695 39.392 -0.588 0.572 -0.572
38.758 66.046 39.917 -0.588 0.747 -0.31
43.052 66.972 43.603 0.901 0.434 0
43.052 66.669 44.129 0.901 0.217 0.376
43.052 66.061 44.129 0.901 -0.217 0.376
42.664 67.46 43.603 0.623 0.782 0
42.664 67.286 44.195 0.623 0.658 0.423
42.664 66.209 44.686 0.623 -0.111 0.774
42.664 65.648 44.43 0.623 -0.512 0.591
42.103 67.73 43.603 0.223 0.975 0
40.507 71.758 45.275 -0.5 -0.567 -0.654
44.178 72.873 45.115 0.588 0 -0.809
43.62 72.716 44.837 0.309 -0.079 -0.948
42.746 74.442 44.132 0.5 -0.123 -0.857
42.746 75.022 44.216 0.5 0.36 -0.788
42.746 75.464 44.599 0.5 0.729 -0.468
42.146 75.79 45.161 -0 1 0
42.146 75.272 44.173 -0 0.568 -0.823
42.146 75.653 44.603 -0 0.885 -0.465
41.32 76.133 47.487 -0 1 0
41.706 75.494 48.718 0.309 0.751 0.584
41.409 73.611 50.006 -0.223 0.217 0.95
43.434 73.572 49.803 0.309 0.52 0.796
42.765 70.698 50.933 -0.309 0.233 0.922
43.231 65.288 48.936 0.174 -0.837 -0.518
43.231 65.702 48.481 0.174 -0.593 -0.786
42.641 66.253 51.427 -0.174 -0.27 0.947
42.641 65.065 49.509 -0.174 -0.968 -0.181
42.086 66.557 51.281 -0.5 -0.091 0.861
42.086 65.975 51.092 -0.5 -0.433 0.75
42.086 65.52 50.682 -0.5 -0.701 0.509
41.634 66.555 50.899 -0.766 -0.091 0.636
41.554 65.53 49.218 -0.5 -0.831 -0.244
41.115 66.227 50.031 -0.866 -0.25 0.433
41.115 65.927 49.511 -0.866 -0.5 -0
42.793 59.192 44.598 0.174 0.439 0.882
42.793 58.6 44.766 0.174 0.091 0.981
41.445 57.782 44.856 -0 0.075 0.997
39.827 56.615 43.45 -0.809 -0.509 0.294
37.786 55.773 39.818 -0.223 -0.608 0.762
37.786 55.394 39.343 -0.223 -0.878 0.423
37.786 55.259 38.751 -0.223 -0.975 0
37.225 55.907 39.578 -0.623 -0.512 0.591
37.225 55.574 39.059 -0.623 -0.75 0.22
35.614 57.998 39.601 -0.588 -0.809 0
35.172 58.44 39.601 -0.809 -0.588 0
35.172 58.598 39.013 -0.809 -0.509 -0.294
34.708 59.889 39.305 -1 0 0
36.062 59.491 35.687 -0.223 -0.608 -0.762
36.062 60.038 35.423 -0.223 -0.217 -0.95
36.062 60.646 35.423 -0.223 0.217 -0.95
36.062 61.193 35.687 -0.223 0.608 -0.762
36.062 61.572 36.162 -0.223 0.878 -0.423
35.501 59.292 36.446 -0.623 -0.75 -0.22
35.501 59.625 35.927 -0.623 -0.512 -0.591
35.501 60.186 35.671 -0.623 -0.111 -0.774
35.501 60.797 35.758 -0.623 0.325 -0.711
35.501 61.263 36.162 -0.623 0.658 -0.423
35.113 60.949 36.754 -0.901 0.434 0
35.113 59.735 36.754 -0.901 -0.434 -0
35.113 60.038 36.228 -0.901 -0.217 -0.376
35.113 60.646 36.228 -0.901 0.217 -0.376
34.974 60.342 36.754 -1 0 0
39.714 61.956 36.089 0.623 0.658 -0.423
39.153 61.339 35.35 0.223 0.217 -0.95
39.153 61.886 35.614 0.223 0.608 -0.762
39.153 62.265 36.089 0.223 0.878 -0.423
38.529 61.339 35.35 -0.223 0.217 -0.95
38.529 61.886 35.614 -0.223 0.608 -0.762
38.529 62.265 36.089 -0.223 0.878 -0.423
41.345 64.473 37.377 -0 -0.355 -0.935
41.345 65.044 37.308 -0 0.121 -0.993
40.745 64.751 37.47 -0.5 -0.123 -0.857
40.745 65.331 37.554 -0.5 0.36 -0.788
42.581 65.118 37.707 0.5 -0.091 -0.861
42.026 66.018 37.672 0.174 0.439 -0.882
41.436 66.509 38.043 -0.174 0.728 -0.663
41.436 66.833 38.566 -0.174 0.918 -0.356
40.881 66.257 38.077 -0.5 0.579 -0.644
40.556 67.015 39.752 -0.309 0.9 -0.309
43.402 66.388 41.384 0.94 0.342 0
43.107 66.9 41.384 0.766 0.643 0
42.655 67.279 41.384 0.5 0.866 0
42.1 67.368 40.779 0.174 0.918 -0.356
44.959 63.795 41.466 0.866 0.5 0
44.959 63.495 41.986 0.866 0.25 0.433
44.52 63.627 42.411 0.5 0.36 0.788
42.86 62.632 43.911 0.5 0.268 0.824
43.973 71.504 45.374 0.5 -0.567 -0.654
43.373 71.287 45.363 -0 -0.749 -0.663
45.899 71.593 49.582 0.766 0.643 0
45.899 71.419 48.991 0.766 0.541 -0.348
45.447 71.845 50.181 0.5 0.791 0.352
44.892 71.737 50.71 0.174 0.728 0.663
45.281 73.972 46.684 1 0 0
45.142 74.579 46.684 0.901 0.434 0
45.142 74.276 46.158 0.901 0.217 -0.376
44.754 74.427 45.688 0.623 0.325 -0.711
44.754 74.893 46.092 0.623 0.658 -0.423
44.32 75.528 47.326 0.5 0.866 0
44.32 75.363 47.888 0.5 0.729 0.468
43.72 75.689 47.326 -0 1 0
47.036 69.101 49.577 0.951 -0.155 -0.268
46.752 68.234 50.112 0.809 -0.588 0
46.752 68.392 49.524 0.809 -0.509 -0.294
46.752 68.822 49.094 0.809 -0.294 -0.509
46.752 69.41 48.936 0.809 -0 -0.588
46.752 69.998 49.094 0.809 0.294 -0.509
46.752 70.428 49.524 0.809 0.509 -0.294
46.31 70.905 50.731 0.588 0.747 0.31
46.31 68.791 48.617 0.588 -0.31 -0.747
46.31 69.41 48.494 0.588 0 -0.809
45.752 70.45 51.704 0.309 0.52 0.796
45.752 69.877 51.956 0.309 0.233 0.922
45.752 69.253 52.008 0.309 -0.079 0.948
45.752 68.646 48.37 0.309 -0.382 -0.871
45.134 70.657 51.676 -0 0.623 0.782
45.134 70.141 51.974 -0 0.365 0.931
45.134 69.559 52.106 -0 0.075 0.997
44.516 70.45 51.704 -0.309 0.52 0.796
44.516 69.877 51.956 -0.309 0.233 0.922
44.516 69.253 52.008 -0.309 -0.079 0.948
42.798 68.406 51.553 -0.309 0.233 0.922
45.938 67.126 50.509 0.766 -0.617 0.181
45.938 67.126 49.893 0.766 -0.617 -0.181
45.486 67.438 51.476 0.5 -0.433 0.75
45.486 66.983 51.066 0.5 -0.701 0.509
44.931 67.716 51.811 0.174 -0.27 0.947
44.006 65.416 50.978 0.5 -0.567 0.654
44.006 65.1 50.486 0.5 -0.831 0.244
44.006 65.1 49.9 0.5 -0.831 -0.244
43.406 65.199 50.989 -0 -0.749 0.663
43.406 64.932 50.48 -0 -0.971 0.239
44.592 67.32 48.214 0.588 -0.31 -0.747
44.034 67.175 47.967 0.309 -0.382 -0.871
45.499 60.238 43.581 0.866 0.25 0.433
45.06 60.812 43.623 0.5 0.729 0.468
45.06 60.37 44.006 0.5 0.36 0.788
45.06 59.79 44.09 0.5 -0.123 0.857
44.46 60.083 44.252 -0 0.121 0.993
45.578 56.462 44.615 0.623 0.325 0.711
45.017 56.858 44.686 0.223 0.608 0.762
44.449 55.385 46.437 0.766 0.541 0.348
44.449 54.92 46.84 0.766 0.267 0.585
44.449 54.31 46.928 0.766 -0.091 0.636
43.997 55.811 46.445 0.5 0.791 0.352
43.997 55.451 46.94 0.5 0.579 0.644
43.997 54.921 47.246 0.5 0.268 0.824
43.442 56.027 46.451 0.174 0.918 0.356
43.442 55.703 46.974 0.174 0.728 0.663
42.852 56.027 46.451 -0.174 0.918 0.356
42.174 54.938 47.815 -0 0.623 0.782
41.556 55.49 46.869 -0.309 0.9 0.309
41.556 55.192 47.419 -0.309 0.751 0.584
41.556 54.731 47.843 -0.309 0.52 0.796
40.998 55.186 46.87 -0.588 0.747 0.31
40.998 54.835 47.395 -0.588 0.572 0.572
40.998 54.31 47.746 -0.588 0.31 0.747
39.047 53.843 45.925 -0.588 0.747 0.31
38.605 53.366 45.894 -0.809 0.509 0.294
38.223 52.348 45.306 -1 -0 -0
40.035 53.587 42.281 -0.94 0.171 -0.296
39.93 55.057 36.264 -0 -0.989 -0.149
37.094 55.705 37.726 -0.5 -0.831 -0.244
36.655 56.102 38.019 -0.866 -0.5 -0
36.655 56.402 37.499 -0.866 -0.25 -0.433
42.762 58.829 32.036 0.623 -0.111 -0.774
42.762 59.44 32.123 0.623 0.325 -0.711
42.201 58.134 32.052 0.223 -0.608 -0.762
42.201 58.681 31.788 0.223 -0.217 -0.95
42.201 59.289 31.788 0.223 0.217 -0.95
42.201 59.836 32.052 0.223 0.608 -0.762
42.201 60.215 32.527 0.223 0.878 -0.423
41.577 58.134 32.052 -0.223 -0.608 -0.762
41.577 58.681 31.788 -0.223 -0.217 -0.95
41.577 59.289 31.788 -0.223 0.217 -0.95
41.577 59.836 32.052 -0.223 0.608 -0.762
41.577 60.215 32.527 -0.223 0.878 -0.423
41.016 60.08 33.119 -0.623 0.782 0
41.016 58.829 32.036 -0.623 -0.111 -0.774
41.016 59.44 32.123 -0.623 0.325 -0.711
41.016 59.906 32.527 -0.623 0.658 -0.423
40.628 59.289 32.593 -0.901 0.217 -0.376
43.742 61.367 34.92 0.223 0.975 0
43.742 61.232 35.512 0.223 0.878 0.423
43.742 60.853 33.853 0.223 0.608 -0.762
43.742 61.232 34.328 0.223 0.878 -0.423
43.118 61.367 34.92 -0.223 0.975 0
43.118 61.232 35.512 -0.223 0.878 0.423
43.118 61.232 34.328 -0.223 0.878 -0.423
44.247 62.722 39.009 0.5 -0.123 -0.857
43.518 66.282 39.063 0.866 0.5 0
43.518 65.982 38.543 0.866 0.25 -0.433
43.079 66.721 39.063 0.5 0.866 0
43.079 66.114 38.118 0.5 0.36 -0.788
43.079 66.556 38.501 0.5 0.729 -0.468
47.192 57.889 42.851 0.5 0.36 0.788
48.399 55.557 43.459 0.223 0.608 0.762
46.882 53.395 45.665 0.5 0.36 0.788
46.882 52.815 45.749 0.5 -0.123 0.857
44.941 51.642 50.073 0.901 0.434 0
44.941 50.428 50.073 0.901 -0.434 -0
44.941 50.731 49.547 0.901 -0.217 -0.376
44.941 51.339 49.547 0.901 0.217 -0.376
44.553 52.13 50.073 0.623 0.782 0
44.553 49.985 50.381 0.623 -0.75 0.22
44.553 49.985 49.765 0.623 -0.75 -0.22
44.553 50.879 48.99 0.623 -0.111 -0.774
44.553 51.956 49.481 0.623 0.658 -0.423
42.583 53.468 50.969 0.623 0.782 0
42.583 53.294 51.561 0.623 0.658 0.423
42.583 52.828 51.965 0.623 0.325 0.711
42.022 53.738 50.969 0.223 0.975 0
42.022 53.603 51.561 0.223 0.878 0.423
42.022 53.224 52.036 0.223 0.608 0.762
42.022 52.677 52.3 0.223 0.217 0.95
41.398 53.738 50.969 -0.223 0.975 0
41.398 53.603 51.561 -0.223 0.878 0.423
41.398 53.224 52.036 -0.223 0.608 0.762
41.398 52.677 52.3 -0.223 0.217 0.95
41.398 52.069 52.3 -0.223 -0.217 0.95
40.837 53.468 50.969 -0.623 0.782 0
40.837 53.294 51.561 -0.623 0.658 0.423
40.837 52.828 51.965 -0.623 0.325 0.711
40.837 52.217 52.052 -0.623 -0.111 0.774
40.449 52.98 50.969 -0.901 0.434 0
40.449 52.677 51.495 -0.901 0.217 0.376
39.135 49.398 49.599 -0.588 -0.572 0.572
39.135 49.047 49.074 -0.588 -0.747 0.31
39.135 48.924 48.455 -0.588 -0.809 0
38.693 49.524 49.043 -0.809 -0.509 0.294
39.027 53.119 47.27 -0.623 0.658 0.423
38.29 51.797 47.616 -0.809 0.509 0.294
38.006 51.397 47.028 -0.951 0.309 0
38.945 50.785 42.781 -0.223 0.217 -0.95
38.384 50.325 43.029 -0.623 -0.111 -0.774
38.384 50.936 43.116 -0.623 0.325 -0.711
37.996 50.785 43.586 -0.901 0.217 -0.376
37.857 50.481 44.112 -1 0 0
38.919 53.66 44.241 -0.5 0.729 -0.468
38.48 53.086 44.283 -0.866 0.25 -0.433
40.427 52.522 40.349 -0.866 -0.5 -0
40.427 52.822 39.829 -0.866 -0.25 -0.433
43.739 53.744 34.251 0.223 -0.878 -0.423
43.739 54.123 33.776 0.223 -0.608 -0.762
43.115 53.609 34.843 -0.223 -0.975 0
43.115 53.744 34.251 -0.223 -0.878 -0.423
42.554 53.924 35.151 -0.623 -0.75 0.22
42.554 53.924 34.535 -0.623 -0.75 -0.22
40.011 55.761 34.403 -0.309 -0.836 -0.453
40.011 56.146 33.909 -0.309 -0.644 -0.7
40.011 56.67 33.566 -0.309 -0.382 -0.871
39.453 56.29 34.164 -0.588 -0.572 -0.572
38.587 55.513 35.931 -0.5 -0.831 -0.244
42.952 54.96 33.165 -0 -0.355 -0.935
42.352 54.705 33.502 -0.5 -0.567 -0.654
42.352 55.238 33.258 -0.5 -0.123 -0.857
48.674 61.632 34.056 0.623 0.782 0
48.674 60.381 32.973 0.623 -0.111 -0.774
48.674 60.992 33.06 0.623 0.325 -0.711
48.674 61.458 33.464 0.623 0.658 -0.423
48.113 61.902 34.056 0.223 0.975 0
48.113 60.233 32.725 0.223 -0.217 -0.95
48.113 60.841 32.725 0.223 0.217 -0.95
48.113 61.388 32.989 0.223 0.608 -0.762
48.113 61.767 33.464 0.223 0.878 -0.423
47.489 61.902 34.056 -0.223 0.975 0
47.489 60.841 32.725 -0.223 0.217 -0.95
47.489 61.388 32.989 -0.223 0.608 -0.762
47.489 61.767 33.464 -0.223 0.878 -0.423
46.928 61.632 34.056 -0.623 0.782 0
46.928 60.992 33.06 -0.623 0.325 -0.711
46.928 61.458 33.464 -0.623 0.658 -0.423
48.421 61.812 36.605 0.223 0.975 0
48.421 61.677 37.197 0.223 0.878 0.423
48.421 61.298 37.672 0.223 0.608 0.762
47.797 61.812 36.605 -0.223 0.975 0
47.797 61.677 37.197 -0.223 0.878 0.423
47.797 61.298 37.672 -0.223 0.608 0.762
47.236 61.542 36.605 -0.623 0.782 0
47.236 61.368 37.197 -0.623 0.658 0.423
47.236 60.902 37.601 -0.623 0.325 0.711
50.39 57.573 41.895 0.174 0.728 0.663
49.8 57.573 41.895 -0.174 0.728 0.663
49.8 57.082 42.266 -0.174 0.439 0.882
50.693 53.789 46.116 -0.866 0.5 0
48.147 50.538 44.669 -0 -0.355 0.935
44.246 48.079 46.519 1 0 0
44.107 48.383 47.045 0.901 0.217 0.376
44.107 47.775 47.045 0.901 -0.217 0.376
44.107 47.472 46.519 0.901 -0.434 -0
43.719 47.923 47.602 0.623 -0.111 0.774
43.719 47.362 47.346 0.623 -0.512 0.591
43.719 47.029 46.827 0.623 -0.75 0.22
43.158 47.228 47.586 0.223 -0.608 0.762
42.46 48.793 51.155 0.623 -0.75 0.22
41.899 48.613 51.439 0.223 -0.878 0.423
41.899 48.478 50.847 0.223 -0.975 0
41.275 49.539 52.178 -0.223 -0.217 0.95
41.275 48.992 51.914 -0.223 -0.608 0.762
41.275 48.613 51.439 -0.223 -0.878 0.423
41.275 48.478 50.847 -0.223 -0.975 0
40.714 49.687 51.93 -0.623 -0.111 0.774
40.714 49.126 51.674 -0.623 -0.512 0.591
40.714 48.793 51.155 -0.623 -0.75 0.22
38.573 51.155 49.57 -0.866 0.25 0.433
37.989 49.772 47.006 -0.866 -0.5 -0
37.828 50.372 47.006 -1 0 0
38.107 49.067 44.29 -0.866 -0.5 -0
39.646 46.546 43.026 -0.809 -0.588 0
39.646 46.704 42.438 -0.809 -0.509 -0.294
39.362 47.104 43.026 -0.951 -0.309 -0
39.362 47.413 42.491 -0.951 -0.155 -0.268
40.234 48.688 40.679 -0.809 0.294 -0.509
41.386 49.908 39.594 -0.809 -0 -0.588
46.331 55.011 33.752 0.309 -0.836 -0.453
45.565 55.376 32.995 -0 -0.749 -0.663
45.565 55.848 32.669 -0 -0.355 -0.935
47.893 57.741 32.702 0.588 0 -0.809
47.335 56.977 32.578 0.309 -0.382 -0.871
47.335 57.584 32.424 0.309 -0.079 -0.948
46.717 57.296 32.37 -0 -0.223 -0.975
51.576 60.964 35.729 -0 0.568 -0.823
51.576 61.345 36.159 -0 0.885 -0.465
51.156 61.266 37.822 -0.309 0.9 0.309
52.149 55.788 46.391 -0.809 0.588 0
50.329 52.654 49.466 -0.951 -0.155 -0.268
50.329 53.272 49.466 -0.951 0.155 -0.268
50.654 50.75 48.297 -0.901 -0.434 -0
50.654 51.053 47.771 -0.901 -0.217 -0.376
50.515 51.357 48.297 -1 0 0
47.459 48.421 43.419 -0 -0.5 0.866
45.818 46.05 43.658 0.623 0.325 0.711
45.818 45.439 43.745 0.623 -0.111 0.774
45.818 44.878 43.489 0.623 -0.512 0.591
45.257 45.291 43.993 0.223 -0.217 0.95
45.257 44.744 43.729 0.223 -0.608 0.762
45.257 44.365 43.254 0.223 -0.878 0.423
44.633 44.744 43.729 -0.223 -0.608 0.762
42.018 45.345 45.903 0.623 -0.75 0.22
41.457 45.544 46.662 0.223 -0.608 0.762
41.457 45.165 46.187 0.223 -0.878 0.423
41.457 45.03 45.595 0.223 -0.975 0
41.457 45.165 45.003 0.223 -0.878 -0.423
40.833 46.091 46.926 -0.223 -0.217 0.95
40.833 45.544 46.662 -0.223 -0.608 0.762
40.833 45.165 46.187 -0.223 -0.878 0.423
40.833 45.03 45.595 -0.223 -0.975 0
40.833 45.165 45.003 -0.223 -0.878 -0.423
40.272 46.239 46.678 -0.623 -0.111 0.774
40.272 45.678 46.422 -0.623 -0.512 0.591
40.272 45.345 45.903 -0.623 -0.75 0.22
40.272 45.345 45.287 -0.623 -0.75 -0.22
39.884 46.091 46.121 -0.901 -0.217 0.376
39.884 45.788 45.595 -0.901 -0.434 -0
40.511 45.768 42.763 -0.5 -0.831 -0.244
40.666 46.961 40.289 -0.5 -0.567 -0.654
40.227 47.342 40.554 -0.866 -0.25 -0.433
43.428 48.526 37.747 0.223 0.217 -0.95
42.804 48.526 37.747 -0.223 0.217 -0.95
42.243 48.066 37.995 -0.623 -0.111 -0.774
42.243 48.677 38.082 -0.623 0.325 -0.711
46.881 48.775 36.78 -0.588 0.31 -0.747
46.975 52.103 36.438 -0 -0.355 -0.935
46.375 51.848 36.775 -0.5 -0.567 -0.654
50.6 55.269 34.156 0.623 -0.512 -0.591
50.039 54.756 34.391 0.223 -0.878 -0.423
50.039 55.135 33.916 0.223 -0.608 -0.762
49.415 54.756 34.391 -0.223 -0.878 -0.423
50.246 56.408 33.343 0.5 -0.123 -0.857
50.246 56.988 33.427 0.5 0.36 -0.788
49.646 56.13 33.25 -0 -0.355 -0.935
52.264 58.211 34.515 0.5 -0.123 -0.857
52.264 58.791 34.599 0.5 0.36 -0.788
55.761 62.037 37.737 0.901 0.434 0
55.761 61.734 37.211 0.901 0.217 -0.376
55.373 62.525 37.737 0.623 0.782 0
55.373 62.351 38.329 0.623 0.658 0.423
55.373 61.274 36.654 0.623 -0.111 -0.774
55.373 61.885 36.741 0.623 0.325 -0.711
55.373 62.351 37.145 0.623 0.658 -0.423
54.812 62.795 37.737 0.223 0.975 0
54.812 62.66 38.329 0.223 0.878 0.423
54.812 61.126 36.406 0.223 -0.217 -0.95
54.812 61.734 36.406 0.223 0.217 -0.95
54.812 62.281 36.67 0.223 0.608 -0.762
54.812 62.66 37.145 0.223 0.878 -0.423
54.188 62.795 37.737 -0.223 0.975 0
54.188 62.66 38.329 -0.223 0.878 0.423
54.188 62.281 36.67 -0.223 0.608 -0.762
54.188 62.66 37.145 -0.223 0.878 -0.423
53.627 62.525 37.737 -0.623 0.782 0
53.594 61.606 40.339 0.223 0.878 0.423
52.97 61.606 40.339 -0.223 0.878 0.423
52.97 61.227 40.814 -0.223 0.608 0.762
52.409 61.471 39.747 -0.623 0.782 0
52.409 61.297 40.339 -0.623 0.658 0.423
52.409 60.831 40.743 -0.623 0.325 0.711
54.735 61.468 43.906 -0.223 0.975 0
54.735 61.333 44.498 -0.223 0.878 0.423
54.174 61.198 43.906 -0.623 0.782 0
54.174 61.024 44.498 -0.623 0.658 0.423
53.786 60.71 43.906 -0.901 0.434 0
53.786 60.407 44.432 -0.901 0.217 0.376
53.647 60.103 43.906 -1 0 0
52.511 60.086 48.236 -0.623 0.782 0
52.511 59.912 48.828 -0.623 0.658 0.423
52.511 58.835 47.153 -0.623 -0.111 -0.774
52.511 59.446 47.24 -0.623 0.325 -0.711
52.511 59.912 47.644 -0.623 0.658 -0.423
52.123 59.598 48.236 -0.901 0.434 0
52.123 59.295 48.762 -0.901 0.217 0.376
52.123 58.384 48.236 -0.901 -0.434 -0
52.123 58.687 47.71 -0.901 -0.217 -0.376
52.123 59.295 47.71 -0.901 0.217 -0.376
51.984 58.991 48.236 -1 0 0
49.735 56.313 50.523 -0.223 0.217 -0.95
49.174 55.292 51.027 -0.623 -0.512 -0.591
49.174 55.853 50.771 -0.623 -0.111 -0.774
49.174 56.464 50.858 -0.623 0.325 -0.711
48.786 56.616 51.854 -0.901 0.434 0
48.786 55.705 51.328 -0.901 -0.217 -0.376
48.786 56.313 51.328 -0.901 0.217 -0.376
48.647 56.009 51.854 -1 0 0
50.167 52.908 50.341 -1 0 0
49.879 50.103 51.299 -0.766 -0.091 -0.636
50.779 48.125 49.82 -0.866 -0.25 -0.433
52.097 47.177 46.939 -0.5 -0.831 0.244
51.658 47.574 46.646 -0.866 -0.5 -0
50.724 47.379 43.508 -0.174 -0.593 0.786
50.169 47.652 43.447 -0.5 -0.433 0.75
49.684 43.532 41.858 0.623 -0.111 0.774
49.123 43.992 42.106 0.223 0.217 0.95
49.123 43.384 42.106 0.223 -0.217 0.95
49.123 42.837 41.842 0.223 -0.608 0.762
48.499 43.384 42.106 -0.223 -0.217 0.95
48.499 42.837 41.842 -0.223 -0.608 0.762
48.499 42.458 41.367 -0.223 -0.878 0.423
47.938 42.971 41.602 -0.623 -0.512 0.591
47.938 42.638 41.083 -0.623 -0.75 0.22
44.359 42.753 41.469 0.223 -0.878 0.423
44.359 42.618 40.877 0.223 -0.975 0
44.359 42.753 40.285 0.223 -0.878 -0.423
43.735 43.132 41.944 -0.223 -0.608 0.762
43.735 42.753 41.469 -0.223 -0.878 0.423
43.735 42.618 40.877 -0.223 -0.975 0
43.735 42.753 40.285 -0.223 -0.878 -0.423
43.174 43.266 41.704 -0.623 -0.512 0.591
43.174 42.933 41.185 -0.623 -0.75 0.22
43.174 42.933 40.569 -0.623 -0.75 -0.22
43.174 43.266 40.05 -0.623 -0.512 -0.591
42.786 43.679 41.403 -0.901 -0.217 0.376
42.786 43.376 40.877 -0.901 -0.434 -0
42.786 43.679 40.351 -0.901 -0.217 -0.376
45.049 44.249 37.516 -0.309 -0.644 -0.7
45.049 44.773 37.173 -0.309 -0.382 -0.871
44.491 44.393 37.771 -0.588 -0.572 -0.572
44.491 44.918 37.42 -0.588 -0.31 -0.747
42.604 46.711 38.195 -0.5 -0.567 -0.654
46.248 46.607 36.38 -0.309 0.233 -0.922
45.69 46.759 36.729 -0.588 0.31 -0.747
50.272 47.253 35.907 0.623 0.325 -0.711
49.711 47.102 35.572 0.223 0.217 -0.95
49.711 47.649 35.836 0.223 0.608 -0.762
49.087 47.102 35.572 -0.223 0.217 -0.95
58.504 61.05 42.646 1 0 0
58.365 61.657 42.646 0.901 0.434 0
58.365 61.354 43.172 0.901 0.217 0.376
58.365 61.354 42.12 0.901 0.217 -0.376
57.977 62.145 42.646 0.623 0.782 0
57.977 61.971 43.238 0.623 0.658 0.423
57.977 61.971 42.054 0.623 0.658 -0.423
57.416 62.415 42.646 0.223 0.975 0
57.416 62.28 43.238 0.223 0.878 0.423
57.416 61.901 43.713 0.223 0.608 0.762
57.416 61.901 41.579 0.223 0.608 -0.762
57.416 62.28 42.054 0.223 0.878 -0.423
56.792 62.415 42.646 -0.223 0.975 0
56.792 62.28 43.238 -0.223 0.878 0.423
56.792 61.901 41.579 -0.223 0.608 -0.762
56.792 62.28 42.054 -0.223 0.878 -0.423
56.231 62.145 42.646 -0.623 0.782 0
56.231 61.971 42.054 -0.623 0.658 -0.423
56.327 61.622 48.635 0.623 0.782 0
56.327 61.448 49.227 0.623 0.658 0.423
56.327 60.982 49.631 0.623 0.325 0.711
55.766 61.892 48.635 0.223 0.975 0
55.766 61.757 49.227 0.223 0.878 0.423
55.766 61.378 49.702 0.223 0.608 0.762
55.766 61.757 48.043 0.223 0.878 -0.423
55.142 61.892 48.635 -0.223 0.975 0
55.142 61.757 49.227 -0.223 0.878 0.423
55.142 61.378 49.702 -0.223 0.608 0.762
55.142 61.757 48.043 -0.223 0.878 -0.423
54.581 61.622 48.635 -0.623 0.782 0
54.581 61.448 49.227 -0.623 0.658 0.423
54.581 61.448 48.043 -0.623 0.658 -0.423
50.929 59.636 52.907 0.223 0.975 0
50.929 59.501 53.499 0.223 0.878 0.423
50.929 59.122 53.974 0.223 0.608 0.762
50.929 59.501 52.315 0.223 0.878 -0.423
50.305 59.636 52.907 -0.223 0.975 0
50.305 59.501 53.499 -0.223 0.878 0.423
50.305 59.122 53.974 -0.223 0.608 0.762
50.305 58.575 54.238 -0.223 0.217 0.95
50.305 59.122 51.84 -0.223 0.608 -0.762
50.305 59.501 52.315 -0.223 0.878 -0.423
49.744 59.366 52.907 -0.623 0.782 0
49.744 59.192 53.499 -0.623 0.658 0.423
49.744 58.726 53.903 -0.623 0.325 0.711
49.744 58.726 51.911 -0.623 0.325 -0.711
49.744 59.192 52.315 -0.623 0.658 -0.423
49.356 58.878 52.907 -0.901 0.434 0
49.356 58.575 53.433 -0.901 0.217 0.376
49.356 58.575 52.381 -0.901 0.217 -0.376
48.305 55.876 55.404 -0.5 0.866 0
47.295 51.284 52.28 0.223 -0.217 -0.95
47.295 51.892 52.28 0.223 0.217 -0.95
47.295 52.439 52.544 0.223 0.608 -0.762
46.671 52.439 52.544 -0.223 0.608 -0.762
50.412 44.671 54.028 -0 -0.989 0.149
50.412 44.671 53.432 -0 -0.989 -0.149
50.412 44.847 52.862 -0 -0.901 -0.434
49.794 44.773 54.043 -0.309 -0.938 0.157
49.236 46.649 52.112 -0.588 0 -0.809
49.236 47.268 52.235 -0.588 0.31 -0.747
51.966 45.161 51.704 -0.223 -0.878 -0.423
51.966 45.54 51.229 -0.223 -0.608 -0.762
53.914 46.004 45.291 -0.174 -0.837 0.518
53.359 45.987 44.716 -0.5 -0.847 0.18
52.907 46.379 44.718 -0.766 -0.617 0.181
54.571 42.996 43.241 0.223 -0.217 0.95
54.571 42.449 42.977 0.223 -0.608 0.762
54.571 42.07 42.502 0.223 -0.878 0.423
53.947 42.996 43.241 -0.223 -0.217 0.95
53.947 42.449 42.977 -0.223 -0.608 0.762
53.947 42.07 42.502 -0.223 -0.878 0.423
53.947 41.935 41.91 -0.223 -0.975 0
53.386 43.144 42.993 -0.623 -0.111 0.774
53.386 42.583 42.737 -0.623 -0.512 0.591
53.386 42.25 42.218 -0.623 -0.75 0.22
53.386 42.25 41.602 -0.623 -0.75 -0.22
52.998 42.996 42.436 -0.901 -0.217 0.376
50.518 41.278 39.083 0.623 -0.75 0.22
50.518 41.278 38.467 0.623 -0.75 -0.22
49.957 41.098 39.367 0.223 -0.878 0.423
49.957 40.963 38.775 0.223 -0.975 0
49.957 41.098 38.183 0.223 -0.878 -0.423
49.957 41.477 37.708 0.223 -0.608 -0.762
49.333 41.098 39.367 -0.223 -0.878 0.423
49.333 40.963 38.775 -0.223 -0.975 0
49.333 41.098 38.183 -0.223 -0.878 -0.423
49.333 41.477 37.708 -0.223 -0.608 -0.762
49.333 42.024 37.444 -0.223 -0.217 -0.95
48.772 41.278 39.083 -0.623 -0.75 0.22
48.772 41.278 38.467 -0.623 -0.75 -0.22
48.772 41.611 37.948 -0.623 -0.512 -0.591
48.384 41.721 38.775 -0.901 -0.434 -0
48.384 42.024 38.249 -0.901 -0.217 -0.376
45.652 43.413 38.482 -0 -0.971 -0.239
46.826 44.821 36.555 -0 -0.749 -0.663
46.826 45.293 36.229 -0 -0.355 -0.935
49.466 45.548 35.631 -0 -0.355 -0.935
52.844 46.161 36.713 -0 0.365 -0.931
53.628 51.314 37.503 0.866 -0.25 -0.433
53.189 51.466 36.994 0.5 -0.123 -0.857
53.189 52.046 37.078 0.5 0.36 -0.788
52.589 51.188 36.901 -0 -0.355 -0.935
52.589 51.759 36.832 -0 0.121 -0.993
54.558 52.689 38.71 0.766 -0.421 -0.486
56.231 56.433 37.021 0.901 -0.217 -0.376
55.843 56.02 36.72 0.623 -0.512 -0.591
55.282 55.886 36.48 0.223 -0.608 -0.762
54.658 55.886 36.48 -0.223 -0.608 -0.762
55.348 57.844 36.154 0.5 0.36 -0.788
57.8 57.576 38.314 0.5 -0.123 -0.857
57.8 58.156 38.398 0.5 0.36 -0.788
59.132 58.432 41.184 1 0 0
59.034 59.05 41.184 0.951 0.309 0
59.034 58.123 40.649 0.951 -0.155 -0.268
59.034 58.741 40.649 0.951 0.155 -0.268
58.175 60.1 40.284 0.5 0.729 -0.468
57.88 60.405 47.284 0.5 0.866 0
58.968 58.735 47.927 0.951 0.155 0.268
58.684 59.602 47.392 0.809 0.588 0
58.684 59.444 47.98 0.809 0.509 0.294
58.684 59.014 48.41 0.809 0.294 0.509
58.242 59.57 48.536 0.588 0.572 0.572
53.486 59.583 52.432 -0 1 0
54.685 58.558 53.598 0.588 0.572 0.572
54.685 58.033 53.949 0.588 0.31 0.747
54.127 58.915 53.622 0.309 0.751 0.584
54.127 58.454 54.046 0.309 0.52 0.796
53.509 58.661 54.018 -0 0.623 0.782
49.349 55.637 56.664 -0 0.826 0.563
49.349 55.232 57.101 -0 0.623 0.782
49.349 54.716 57.399 -0 0.365 0.931
48.731 55.486 56.705 -0.309 0.751 0.584
48.731 55.025 57.129 -0.309 0.52 0.796
48.173 55.129 56.681 -0.588 0.572 0.572
46.182 54.707 55.435 -0.223 0.975 0
46.182 54.572 56.027 -0.223 0.878 0.423
46.182 54.193 56.502 -0.223 0.608 0.762
46.182 53.646 56.766 -0.223 0.217 0.95
46.182 54.572 54.843 -0.223 0.878 -0.423
45.621 54.437 55.435 -0.623 0.782 0
45.621 54.263 56.027 -0.623 0.658 0.423
45.621 53.797 56.431 -0.623 0.325 0.711
45.621 53.186 56.518 -0.623 -0.111 0.774
45.621 53.797 54.439 -0.623 0.325 -0.711
45.621 54.263 54.843 -0.623 0.658 -0.423
45.233 53.949 55.435 -0.901 0.434 0
45.233 53.646 55.961 -0.901 0.217 0.376
45.233 53.038 55.961 -0.901 -0.217 0.376
45.233 52.735 55.435 -0.901 -0.434 -0
45.233 53.646 54.909 -0.901 0.217 -0.376
45.094 53.342 55.435 -1 0 0
43.896 48.614 54.615 -0.223 0.878 -0.423
43.335 48.479 55.207 -0.623 0.782 0
43.335 48.305 55.799 -0.623 0.658 0.423
43.335 47.839 56.203 -0.623 0.325 0.711
43.335 47.228 56.29 -0.623 -0.111 0.774
43.335 46.667 56.034 -0.623 -0.512 0.591
43.335 46.334 55.515 -0.623 -0.75 0.22
43.335 46.334 54.899 -0.623 -0.75 -0.22
43.335 47.228 54.124 -0.623 -0.111 -0.774
42.947 47.991 55.207 -0.901 0.434 0
42.947 47.688 55.733 -0.901 0.217 0.376
42.947 47.08 55.733 -0.901 -0.217 0.376
42.947 46.777 55.207 -0.901 -0.434 -0
42.947 47.08 54.681 -0.901 -0.217 -0.376
42.947 47.688 54.681 -0.901 0.217 -0.376
42.808 47.384 55.207 -1 0 0
46.141 45.437 52.761 0.223 -0.878 -0.423
46.141 45.816 52.286 0.223 -0.608 -0.762
46.141 46.363 52.022 0.223 -0.217 -0.95
46.141 46.971 52.022 0.223 0.217 -0.95
46.141 47.518 52.286 0.223 0.608 -0.762
45.517 45.437 52.761 -0.223 -0.878 -0.423
45.517 45.816 52.286 -0.223 -0.608 -0.762
45.517 46.363 52.022 -0.223 -0.217 -0.95
45.517 46.971 52.022 -0.223 0.217 -0.95
45.517 47.518 52.286 -0.223 0.608 -0.762
44.956 45.95 52.526 -0.623 -0.512 -0.591
44.956 46.511 52.27 -0.623 -0.111 -0.774
44.956 47.122 52.357 -0.623 0.325 -0.711
49.262 45.066 52.969 -0.5 -0.831 -0.244
49.262 45.382 52.477 -0.5 -0.567 -0.654
46.463 45.518 55.378 0.5 -0.8 0.331
46.463 45.399 54.781 0.5 -0.866 0
45.876 45.6 55.92 0.174 -0.754 0.633
45.876 45.292 55.387 0.174 -0.925 0.337
45.876 45.185 54.781 0.174 -0.985 0
45.25 45.6 55.92 -0.174 -0.754 0.633
45.25 45.292 55.387 -0.174 -0.925 0.337
45.25 45.185 54.781 -0.174 -0.985 0
44.663 45.399 54.781 -0.5 -0.866 0
49.334 45.606 55.712 -0.309 -0.836 0.453
53.827 43.363 53.935 -0.223 -0.878 -0.423
53.266 43.543 54.219 -0.623 -0.75 -0.22
57.79 44.678 54.246 0.5 -0.701 -0.509
58.205 45.205 51.327 0.174 -0.968 0.181
58.205 45.205 50.711 0.174 -0.968 -0.181
58.205 45.428 50.138 0.174 -0.837 -0.518
58.205 45.842 49.683 0.174 -0.593 -0.786
57.615 45.842 49.683 -0.174 -0.593 -0.786
57.615 46.393 49.409 -0.174 -0.27 -0.947
57.615 47.005 49.352 -0.174 0.091 -0.981
55.339 44.554 50.861 -0 -0.971 -0.239
55.339 44.821 50.352 -0 -0.749 -0.663
55.339 45.293 50.026 -0 -0.355 -0.935
55.846 47.413 46.213 0.588 -0.572 0.572
57.394 41.863 40.37 0.901 -0.434 -0
57.006 41.753 41.197 0.623 -0.512 0.591
57.006 41.42 40.678 0.623 -0.75 0.22
57.006 41.42 40.062 0.623 -0.75 -0.22
57.006 41.753 39.543 0.623 -0.512 -0.591
57.006 42.314 39.287 0.623 -0.111 -0.774
56.445 41.619 41.437 0.223 -0.608 0.762
56.445 41.24 40.962 0.223 -0.878 0.423
56.445 41.105 40.37 0.223 -0.975 0
56.445 41.24 39.778 0.223 -0.878 -0.423
56.445 41.619 39.303 0.223 -0.608 -0.762
56.445 42.166 39.039 0.223 -0.217 -0.95
55.821 41.24 40.962 -0.223 -0.878 0.423
55.821 41.105 40.37 -0.223 -0.975 0
55.821 41.24 39.778 -0.223 -0.878 -0.423
55.821 41.619 39.303 -0.223 -0.608 -0.762
55.26 41.42 40.062 -0.623 -0.75 -0.22
52.763 42.532 37.943 0.5 -0.831 -0.244
52.379 43.631 36.665 0.309 -0.382 -0.871
51.761 43.395 36.675 -0 -0.5 -0.866
51.761 43.95 36.457 -0 -0.223 -0.975
53.98 44.555 37.005 0.5 -0.567 -0.654
53.98 45.088 36.761 0.5 -0.123 -0.857
56.311 46.699 37.824 0.623 -0.111 -0.774
55.75 46.551 37.576 0.223 -0.217 -0.95
55.75 47.159 37.576 0.223 0.217 -0.95
55.75 47.706 37.84 0.223 0.608 -0.762
56.864 51.971 40.766 0.866 0.25 -0.433
56.425 51.523 40.257 0.5 -0.123 -0.857
55.995 54.364 38.409 0.5 -0.567 -0.654
56.764 54.614 39.764 0.809 -0.588 0
58.154 56.474 40.047 0.809 -0.588 0
58.154 56.632 39.459 0.809 -0.509 -0.294
59.638 56.036 43.505 0.901 -0.434 -0
59.638 56.339 42.979 0.901 -0.217 -0.376
59.25 55.593 43.197 0.623 -0.75 -0.22
59.25 55.926 42.678 0.623 -0.512 -0.591
59.916 57.409 43.57 1 0 0
59.755 58.009 43.57 0.866 0.5 0
59.755 57.709 43.05 0.866 0.25 -0.433
59.655 57.947 46.094 1 0 0
59.494 58.547 46.094 0.866 0.5 0
59.154 57.063 47.207 0.809 -0.294 0.509
58.309 56.491 49.749 1 0 0
58.17 56.187 50.275 0.901 -0.217 0.376
58.17 55.884 49.749 0.901 -0.434 -0
58.004 57.526 50.672 0.866 0.25 0.433
57.565 58.1 50.714 0.5 0.729 0.468
56.504 57.658 52.648 0.866 0.25 0.433
56.065 58.232 52.69 0.5 0.729 0.468
56.065 57.79 53.073 0.5 0.36 0.788
54.847 55.28 55.248 0.901 0.217 0.376
54.847 54.672 55.248 0.901 -0.217 0.376
54.459 54.82 55.805 0.623 -0.111 0.774
53.168 56.32 56.014 -0 0.568 0.823
51.071 55.85 56.634 -0 0.885 0.465
51.071 55.469 57.064 -0 0.568 0.823
52.014 54.157 56.994 0.588 -0 0.809
51.456 54 57.272 0.309 -0.079 0.948
49.339 52.349 58.421 -0 0.568 0.823
48.739 52.099 58.378 -0.5 0.36 0.788
45.228 49.867 57.38 -0.5 0.729 0.468
44.789 49.293 57.338 -0.866 0.25 0.433
45.976 48.265 58.548 -0.309 -0.079 0.948
45.418 48.422 58.27 -0.588 -0 0.809
45.418 47.803 58.147 -0.588 -0.31 0.747
44.976 48.422 57.828 -0.809 -0 0.588
46.501 46.75 58.026 -0 -0.749 0.663
45.901 46.967 58.015 -0.5 -0.567 0.654
50.967 45.732 58.831 -0.866 -0.25 0.433
50.967 45.432 58.311 -0.866 -0.5 -0
51.799 41.726 59.538 -0.623 -0.75 0.22
51.799 41.726 58.922 -0.623 -0.75 -0.22
51.411 43.08 59.756 -0.901 0.217 0.376
51.411 42.472 59.756 -0.901 -0.217 0.376
51.411 42.169 59.23 -0.901 -0.434 -0
51.411 42.472 58.704 -0.901 -0.217 -0.376
51.272 42.776 59.23 -1 0 0
53.179 40.803 57.018 -0.5 -0.831 -0.244
53.179 41.119 56.526 -0.5 -0.567 -0.654
52.74 41.5 56.791 -0.866 -0.25 -0.433
57.106 41.643 55.613 0.901 -0.217 -0.376
56.718 40.897 55.831 0.623 -0.75 -0.22
56.718 41.23 55.312 0.623 -0.512 -0.591
56.718 41.791 55.056 0.623 -0.111 -0.774
56.157 40.717 55.547 0.223 -0.878 -0.423
56.157 41.096 55.072 0.223 -0.608 -0.762
56.157 41.643 54.808 0.223 -0.217 -0.95
55.533 40.717 55.547 -0.223 -0.878 -0.423
55.533 41.096 55.072 -0.223 -0.608 -0.762
55.533 41.643 54.808 -0.223 -0.217 -0.95
58.059 42.159 57.972 0.809 -0.588 0
58.059 42.317 57.384 0.809 -0.509 -0.294
57.617 41.84 58.591 0.588 -0.747 0.31
62.292 43.293 55.268 0.623 -0.75 -0.22
62.292 43.626 54.749 0.623 -0.512 -0.591
62.292 44.187 54.493 0.623 -0.111 -0.774
61.731 42.978 55.576 0.223 -0.975 0
61.731 43.113 54.984 0.223 -0.878 -0.423
61.731 43.492 54.509 0.223 -0.608 -0.762
61.731 44.039 54.245 0.223 -0.217 -0.95
61.107 43.113 56.168 -0.223 -0.878 0.423
61.107 42.978 55.576 -0.223 -0.975 0
61.107 43.113 54.984 -0.223 -0.878 -0.423
61.107 43.492 54.509 -0.223 -0.608 -0.762
61.107 44.039 54.245 -0.223 -0.217 -0.95
60.546 43.293 55.268 -0.623 -0.75 -0.22
60.546 43.626 54.749 -0.623 -0.512 -0.591
59.67 45.614 51.506 0.309 -0.938 0.157
59.052 47.045 49.243 -0 -0.223 -0.975
59.052 47.639 49.199 -0 0.075 -0.997
59.052 48.221 49.331 -0 0.365 -0.931
59.052 48.737 49.629 -0 0.623 -0.782
58.434 48.53 49.601 -0.309 0.52 -0.796
57.872 51.319 45.905 0.951 0.309 0
57.872 51.01 46.44 0.951 0.155 0.268
57.872 50.392 46.44 0.951 -0.155 0.268
57.588 50.701 47.081 0.809 -0 0.588
57.588 50.113 46.923 0.809 -0.294 0.509
57.146 50.082 47.4 0.588 -0.31 0.747
57.146 49.557 47.049 0.588 -0.572 0.572
58.736 43.422 41.146 0.5 -0.831 0.244
58.627 44.486 39.353 0.588 -0.31 -0.747
58.627 45.105 39.23 0.588 0 -0.809
58.069 44.341 39.106 0.309 -0.382 -0.871
56.73 47.964 38.759 0.5 0.729 -0.468
57.828 49.344 40.9 0.309 0.52 -0.796
57.61 53.267 42.996 0.901 -0.217 -0.376
58.822 54.328 44.949 0.866 -0.5 -0
59.008 55.274 45.714 0.951 -0.155 0.268
58.282 54.439 46.323 0.588 -0.572 0.572
57.385 53.215 48.646 1 0 0
57.246 52.911 49.172 0.901 -0.217 0.376
57.206 54.196 51.238 0.866 -0.25 0.433
53.215 52.655 56.47 0.309 -0.079 0.948
50.88 51.621 58.335 0.623 0.325 0.711
50.319 51.47 58.67 0.223 0.217 0.95
47.646 49.761 58.99 -0 0.121 0.993
47.046 50.048 58.744 -0.5 0.36 0.788
47.862 48.71 58.923 -0 -0.223 0.975
50.16 49.027 58.658 -0 0.075 0.997
52.132 44.873 62.686 -0.623 0.782 0
51.744 44.385 62.686 -0.901 0.434 0
51.744 44.082 63.212 -0.901 0.217 0.376
51.744 43.474 63.212 -0.901 -0.217 0.376
51.744 43.171 62.686 -0.901 -0.434 -0
51.605 43.778 62.686 -1 0 0
52.913 41.908 62.493 -0.588 -0.747 0.31
53.195 41.062 59.171 -0.309 -0.938 0.157
56.755 40.847 57.217 0.588 -0.809 0
56.197 40.792 58.122 0.309 -0.836 0.453
56.197 40.589 57.53 0.309 -0.938 0.157
55.579 40.487 57.515 -0 -0.989 0.149
61.333 43.274 60.588 0.901 -0.434 -0
60.945 42.831 60.896 0.623 -0.75 0.22
60.945 42.831 60.28 0.623 -0.75 -0.22
60.384 42.651 61.18 0.223 -0.878 0.423
60.384 42.516 60.588 0.223 -0.975 0
60.384 42.651 59.996 0.223 -0.878 -0.423
59.76 42.516 60.588 -0.223 -0.975 0
63.486 44.227 57.146 0.766 -0.557 0.321
63.007 44.127 57.669 0.5 -0.612 0.612
63.007 43.789 57.164 0.5 -0.8 0.331
63.007 43.67 56.567 0.5 -0.866 0
62.42 43.563 57.173 0.174 -0.925 0.337
64.734 45.957 56.181 1 0 0
64.595 46.564 56.181 0.901 0.434 0
64.595 46.261 56.707 0.901 0.217 0.376
64.595 45.653 56.707 0.901 -0.217 0.376
64.595 45.35 56.181 0.901 -0.434 -0
64.595 45.653 55.655 0.901 -0.217 -0.376
64.595 46.261 55.655 0.901 0.217 -0.376
64.207 45.801 57.264 0.623 -0.111 0.774
64.207 45.24 55.354 0.623 -0.512 -0.591
64.207 45.801 55.098 0.623 -0.111 -0.774
63.646 45.653 54.85 0.223 -0.217 -0.95
63.385 45.103 49.54 0.623 -0.75 0.22
63.385 45.103 48.924 0.623 -0.75 -0.22
62.824 45.302 50.299 0.223 -0.608 0.762
62.824 44.923 49.824 0.223 -0.878 0.423
62.824 44.788 49.232 0.223 -0.975 0
62.824 44.923 48.64 0.223 -0.878 -0.423
62.824 45.302 48.165 0.223 -0.608 -0.762
62.2 45.302 50.299 -0.223 -0.608 0.762
62.2 44.923 49.824 -0.223 -0.878 0.423
62.2 44.788 49.232 -0.223 -0.975 0
62.2 44.923 48.64 -0.223 -0.878 -0.423
62.2 45.302 48.165 -0.223 -0.608 -0.762
62.2 45.849 47.901 -0.223 -0.217 -0.95
61.639 45.103 48.924 -0.623 -0.75 -0.22
61.639 45.436 48.405 -0.623 -0.512 -0.591
61.639 45.997 48.149 -0.623 -0.111 -0.774
63.484 47.202 47.477 0.174 -0.171 -0.97
63.484 47.818 47.477 0.174 0.171 -0.97
63.484 48.396 47.688 0.174 0.492 -0.853
62.858 47.202 47.477 -0.174 -0.171 -0.97
62.858 47.818 47.477 -0.174 0.171 -0.97
62.858 48.396 47.688 -0.174 0.492 -0.853
62.271 47.51 47.664 -0.5 0 -0.866
62.271 48.107 47.783 -0.5 0.331 -0.8
61.792 48.089 48.221 -0.766 0.321 -0.557
63.904 51.351 50.521 0.588 0.809 0
63.904 50.352 49.026 0.588 0.31 -0.747
63.904 50.877 49.377 0.588 0.572 -0.572
63.904 51.228 49.902 0.588 0.747 -0.31
63.346 51.234 49.353 0.309 0.751 -0.584
63.346 51.532 49.903 0.309 0.9 -0.309
61.121 46.119 44.264 0.866 0.25 0.433
61.121 45.519 44.264 0.866 -0.25 0.433
60.682 46.251 44.689 0.5 0.36 0.788
60.682 45.671 44.773 0.5 -0.123 0.857
60.682 45.138 44.529 0.5 -0.567 0.654
60.682 44.822 44.037 0.5 -0.831 0.244
60.082 45.393 44.866 -0 -0.355 0.935
60.082 44.921 44.54 -0 -0.749 0.663
61.094 45.515 42.416 0.901 -0.217 -0.376
60.706 44.769 42.634 0.623 -0.75 -0.22
60.706 45.102 42.115 0.623 -0.512 -0.591
60.145 44.454 42.942 0.223 -0.975 0
59.815 46.234 40.324 0.866 -0.25 -0.433
59.376 46.966 39.899 0.5 0.36 -0.788
60.467 49.571 42.595 0.623 0.782 0
60.467 49.397 43.187 0.623 0.658 0.423
60.467 49.397 42.003 0.623 0.658 -0.423
59.906 49.841 42.595 0.223 0.975 0
59.906 49.327 41.528 0.223 0.608 -0.762
59.906 49.706 42.003 0.223 0.878 -0.423
61.366 47.901 42.379 1 0 0
61.205 47.601 41.859 0.866 -0.25 -0.433
61.205 48.201 41.859 0.866 0.25 -0.433
52.866 47.898 59.783 -0 0.885 0.465
52.866 47.517 60.213 -0 0.568 0.823
52.266 47.267 60.17 -0.5 0.36 0.788
55.073 46.968 62.413 -0.309 0.951 0
54.515 46.684 62.413 -0.588 0.809 0
52.67 44.756 64.038 -0.5 0.729 0.468
52.67 44.314 64.421 -0.5 0.36 0.788
52.67 43.734 64.505 -0.5 -0.123 0.857
52.67 43.201 64.261 -0.5 -0.567 0.654
55.838 41.702 64.787 0.5 -0.567 0.654
55.838 41.386 64.295 0.5 -0.831 0.244
55.238 41.957 65.124 -0 -0.355 0.935
55.238 41.485 64.798 -0 -0.749 0.663
55.238 41.218 64.289 -0 -0.971 0.239
55.238 41.218 63.715 -0 -0.971 -0.239
54.638 41.702 64.787 -0.5 -0.567 0.654
54.638 41.386 64.295 -0.5 -0.831 0.244
57.043 42.566 63.168 0.809 -0.509 0.294
56.72 42.021 61.916 0.5 -0.831 -0.244
61.448 44.957 62.929 1 0 0
61.309 45.564 62.929 0.901 0.434 0
61.309 45.261 63.455 0.901 0.217 0.376
61.309 44.653 63.455 0.901 -0.217 0.376
61.309 44.35 62.929 0.901 -0.434 -0
60.921 45.878 63.521 0.623 0.658 0.423
60.921 45.412 63.925 0.623 0.325 0.711
60.921 44.801 64.012 0.623 -0.111 0.774
60.921 44.24 63.756 0.623 -0.512 0.591
60.921 43.907 63.237 0.623 -0.75 0.22
60.36 46.187 63.521 0.223 0.878 0.423
60.36 45.808 63.996 0.223 0.608 0.762
60.36 45.261 64.26 0.223 0.217 0.95
60.36 44.653 64.26 0.223 -0.217 0.95
60.36 44.106 63.996 0.223 -0.608 0.762
60.36 43.727 63.521 0.223 -0.878 0.423
59.736 44.106 63.996 -0.223 -0.608 0.762
59.736 43.727 63.521 -0.223 -0.878 0.423
63.212 47.38 58.777 0.951 0.155 0.268
62.928 47.659 59.26 0.809 0.294 0.509
62.486 48.215 59.386 0.588 0.572 0.572
62.486 47.69 59.737 0.588 0.31 0.747
62.92 48.422 58.017 0.866 0.5 0
62.481 48.861 58.017 0.5 0.866 0
64.72 49.272 54.846 0.866 -0.25 0.433
64.281 50.004 55.271 0.5 0.36 0.788
64.281 49.424 55.355 0.5 -0.123 0.857
63.681 50.254 55.314 -0 0.568 0.823
66.055 47.644 49.258 1 0 0
65.916 48.251 49.258 0.901 0.434 0
65.916 47.948 49.784 0.901 0.217 0.376
65.916 47.34 49.784 0.901 -0.217 0.376
65.916 47.037 49.258 0.901 -0.434 -0
65.916 47.34 48.732 0.901 -0.217 -0.376
65.916 47.948 48.732 0.901 0.217 -0.376
65.528 47.488 50.341 0.623 -0.111 0.774
65.528 46.927 50.085 0.623 -0.512 0.591
65.528 46.594 49.566 0.623 -0.75 0.22
65.528 46.594 48.95 0.623 -0.75 -0.22
65.528 46.927 48.431 0.623 -0.512 -0.591
65.528 47.488 48.175 0.623 -0.111 -0.774
65.528 48.099 48.262 0.623 0.325 -0.711
65.528 48.565 48.666 0.623 0.658 -0.423
64.967 48.495 48.191 0.223 0.608 -0.762
62.402 50.829 48.718 -0 0.568 -0.823
61.802 50.579 48.761 -0.5 0.36 -0.788
64.708 50.555 50.595 0.866 0.5 0
65.004 49.984 53.598 1 0 0
64.865 50.591 53.598 0.901 0.434 0
64.477 51.079 53.598 0.623 0.782 0
64.477 50.905 54.19 0.623 0.658 0.423
63.916 51.214 54.19 0.223 0.878 0.423
61.361 51.776 50.538 -0.309 0.751 -0.584
60.803 51.893 51.706 -0.588 0.809 0
60.803 51.77 51.087 -0.588 0.747 -0.31
62.784 52.262 51.711 0.5 0.866 0
62.184 52.423 51.711 -0 1 0
59.477 51.173 52.7 -0.309 0.951 0
57.549 50.62 54.353 0.174 0.918 0.356
57.549 50.296 54.876 0.174 0.728 0.663
56.666 49.629 58.18 -0.5 0.866 0
54.667 48.348 58.55 -0.174 0.918 0.356
57.276 49.25 61.027 -0.223 0.878 0.423
56.715 48.941 61.027 -0.623 0.658 0.423
57.755 46.974 63.657 0.309 0.751 0.584
57.137 47.125 63.616 -0 0.826 0.563
57.137 46.72 64.053 -0 0.623 0.782
54.674 46.426 63.704 -0.5 0.729 0.468
56.261 43.051 65.026 0.623 -0.111 0.774
55.7 43.511 65.274 0.223 0.217 0.95
55.076 43.511 65.274 -0.223 0.217 0.95
57.46 45.516 64.589 -0 0.121 0.993
60.888 49.119 60.028 0.5 0.729 0.468
60.888 48.677 60.411 0.5 0.36 0.788
60.288 49.308 60.024 -0 0.885 0.465
60.638 49.467 58.828 0.309 0.951 0
60.02 49.565 58.828 -0 1 0
62.371 51.324 54.14 -0 0.826 0.563
61.753 51.173 54.181 -0.309 0.751 0.584
58.811 48.852 61.559 0.5 0.729 0.468
58.811 48.41 61.942 0.5 0.36 0.788
58.211 48.66 61.985 -0 0.568 0.823
31.59 67.111 52.765 -0.5 0.36 0.788
31.59 66.531 52.849 -0.5 -0.123 0.857
47.219 69.527 50.491 1 0 0
47.058 69.827 51.011 0.866 0.25 0.433
47.058 69.227 51.011 0.866 -0.25 0.433
3 0 4 1
3 1 4 3
3 4 7 3584
3 3584 7 3585
3 3584 3585 5
3 5 3585 6
3 7 3587 3586
3 3586 3587 3588
3 3586 3588 8
3 8 3588 3589
3 3587 10 3588
3 3588 10 3590
3 3588 3590 3589
3 3589 3590 9
3 10 13 3591
3 3591 13 3592
3 3591 3592 11
3 11 3592 12
3 13 16 3593
3 3593 16 3594
3 3593 3594 14
3 14 3594 15
3 16 3595 17
3 17 3595 3596
3 3595 3597 3596
3 3596 3597 3598
3 3597 3599 3598
3 3598 3599 3600
3 3599 19 3600
3 3600 19 18
3 19 0 3601
3 3601 0 3602
3 3601 3602 20
3 20 3602 2
3 20 22 3603
3 3603 22 3604
3 3603 3604 18
3 18 3604 21
3 22 25 23
3 23 25 24
3 25 3606 3605
3 3605 3606 3607
3 3605 3607 26
3 26 3607 3608
3 3606 28 3607
3 3607 28 3609
3 3607 3609 3608
3 3608 3609 27
3 28 2 29
3 29 2 1
3 29 31 3610
3 3610 31 3611
3 3610 3611 27
3 27 3611 30
3 31 3612 32
3 32 3612 3613
3 3612 34 3613
3 3613 34 33
3 34 37 35
3 35 37 36
3 37 3614 38
3 38 3614 3615
3 3614 3616 3615
3 3615 3616 3617
3 3616 40 3617
3 3617 40 39
3 40 3 41
3 41 3 5
3 41 3618 39
3 39 3618 3619
3 3618 43 3619
3 3619 43 42
3 43 3620 44
3 44 3620 3621
3 3620 3622 3621
3 3621 3622 3623
3 3622 46 3623
3 3623 46 45
3 46 6 47
3 47 6 8
3 47 49 45
3 45 49 48
3 49 9 50
3 50 9 11
3 50 52 48
3 48 52 51
3 52 3625 3624
3 3624 3625 3626
3 3624 3626 53
3 53 3626 3627
3 3625 55 3626
3 3626 55 3628
3 3626 3628 3627
3 3627 3628 54
3 55 12 56
3 56 12 14
3 56 58 54
3 54 58 57
3 58 15 59
3 59 15 17
3 59 61 3629
3 3629 61 3630
3 3629 3630 57
3 57 3630 60
3 61 64 3631
3 3631 64 3632
3 3631 3632 62
3 62 3632 63
3 64 3633 65
3 65 3633 3634
3 3633 3635 3634
3 3634 3635 3636
3 3635 3637 3636
3 3636 3637 3638
3 3637 67 3638
3 3638 67 66
3 67 21 68
3 68 21 23
3 68 70 66
3 66 70 69
3 70 24 3639
3 3639 24 3640
3 3639 3640 71
3 71 3640 26
3 71 3643 3641
3 3641 3643 3644
3 3641 3644 3642
3 3642 3644 3645
3 3642 3645 69
3 69 3645 3646
3 3643 73 3644
3 3644 73 3647
3 3644 3647 3645
3 3645 3647 3648
3 3645 3648 3646
3 3646 3648 72
3 73 76 3649
3 3649 76 3651
3 3649 3651 3650
3 3650 3651 3652
3 3650 3652 74
3 74 3652 75
3 76 79 77
3 77 79 78
3 79 3653 80
3 80 3653 3654
3 3653 3655 3654
3 3654 3655 3656
3 3655 3657 3656
3 3656 3657 3658
3 3657 3659 3658
3 3658 3659 3660
3 3659 3661 3660
3 3660 3661 3662
3 3661 3663 3662
3 3662 3663 3664
3 3663 3665 3664
3 3664 3665 3666
3 3665 82 3666
3 3666 82 81
3 82 30 83
3 83 30 32
3 83 85 81
3 81 85 84
3 85 3667 86
3 86 3667 3668
3 3667 88 3668
3 3668 88 87
3 88 33 89
3 89 33 35
3 89 91 87
3 87 91 90
3 91 94 92
3 92 94 93
3 94 97 3669
3 3669 97 3672
3 3669 3672 3670
3 3670 3672 3673
3 3670 3673 3671
3 3671 3673 3674
3 3671 3674 95
3 95 3674 96
3 97 100 3675
3 3675 100 3678
3 3675 3678 3676
3 3676 3678 3679
3 3676 3679 3677
3 3677 3679 3680
3 3677 3680 98
3 98 3680 99
3 100 103 3681
3 3681 103 3683
3 3681 3683 3682
3 3682 3683 3684
3 3682 3684 101
3 101 3684 102
3 103 36 3685
3 3685 36 3686
3 3685 3686 104
3 104 3686 38
3 104 106 3687
3 3687 106 3690
3 3687 3690 3688
3 3688 3690 3691
3 3688 3691 3689
3 3689 3691 3692
3 3689 3692 102
3 102 3692 105
3 106 42 107
3 107 42 44
3 107 109 3693
3 3693 109 3694
3 3693 3694 105
3 105 3694 108
3 109 3696 3695
3 3695 3696 3697
3 3695 3697 110
3 110 3697 3698
3 3696 3699 3697
3 3697 3699 3700
3 3697 3700 3698
3 3698 3700 3701
3 3699 112 3700
3 3700 112 3702
3 3700 3702 3701
3 3701 3702 111
3 112 115 3703
3 3703 115 3704
3 3703 3704 113
3 113 3704 114
3 115 118 3705
3 3705 118 3706
3 3705 3706 116
3 116 3706 117
3 118 3708 3707
3 3707 3708 3709
3 3707 3709 119
3 119 3709 3710
3 3708 3711 3709
3 3709 3711 3712
3 3709 3712 3710
3 3710 3712 3713
3 3711 121 3712
3 3712 121 3714
3 3712 3714 3713
3 3713 3714 120
3 121 124 3715
3 3715 124 3718
3 3715 3718 3716
3 3716 3718 3719
3 3716 3719 3717
3 3717 3719 3720
3 3717 3720 122
3 122 3720 123
3 124 127 3721
3 3721 127 3722
3 3721 3722 125
3 125 3722 126
3 127 3724 3723
3 3723 3724 3725
3 3723 3725 128
3 128 3725 3726
3 3724 3727 3725
3 3725 3727 3728
3 3725 3728 3726
3 3726 3728 3729
3 3727 3730 3728
3 3728 3730 3731
3 3728 3731 3729
3 3729 3731 3732
3 3730 3733 3731
3 3731 3733 3734
3 3731 3734 3732
3 3732 3734 3735
3 3733 130 3734
3 3734 130 3736
3 3734 3736 3735
3 3735 3736 129
3 130 51 3737
3 3737 51 3738
3 3737 3738 131
3 131 3738 53
3 131 126 3739
3 3739 126 3740
3 3739 3740 129
3 129 3740 128
3 125 3742 3741
3 3741 3742 3743
3 3741 3743 123
3 123 3743 3744
3 3742 133 3743
3 3743 133 3745
3 3743 3745 3744
3 3744 3745 132
3 133 3746 134
3 134 3746 3747
3 3746 60 3747
3 3747 60 62
3 134 136 3748
3 3748 136 3749
3 3748 3749 132
3 132 3749 135
3 136 3751 3750
3 3750 3751 3752
3 3750 3752 137
3 137 3752 3753
3 3751 139 3752
3 3752 139 3754
3 3752 3754 3753
3 3753 3754 138
3 139 63 3755
3 3755 63 3756
3 3755 3756 140
3 140 3756 65
3 140 142 3757
3 3757 142 3759
3 3757 3759 3758
3 3758 3759 3760
3 3758 3760 138
3 138 3760 141
3 142 72 143
3 143 72 74
3 143 145 3761
3 3761 145 3763
3 3761 3763 3762
3 3762 3763 3764
3 3762 3764 141
3 141 3764 144
3 145 148 3765
3 3765 148 3767
3 3765 3767 3766
3 3766 3767 3768
3 3766 3768 146
3 146 3768 147
3 148 151 3769
3 3769 151 3770
3 3769 3770 149
3 149 3770 150
3 151 3772 3771
3 3771 3772 3773
3 3771 3773 152
3 152 3773 3774
3 3772 75 3773
3 3773 75 3775
3 3773 3775 3774
3 3774 3775 77
3 152 154 150
3 150 154 153
3 154 3776 155
3 155 3776 3777
3 3776 157 3777
3 3777 157 156
3 157 78 158
3 158 78 80
3 158 160 3778
3 3778 160 3779
3 3778 3779 156
3 156 3779 159
3 160 163 161
3 161 163 162
3 163 3780 164
3 164 3780 3781
3 3780 3782 3781
3 3781 3782 3783
3 3782 3784 3783
3 3783 3784 3785
3 3784 3786 3785
3 3785 3786 3787
3 3786 3788 3787
3 3787 3788 3789
3 3788 3790 3789
3 3789 3790 3791
3 3790 3792 3791
3 3791 3792 3793
3 3792 166 3793
3 3793 166 165
3 166 169 167
3 167 169 168
3 169 84 3794
3 3794 84 3795
3 3794 3795 170
3 170 3795 86
3 170 3796 168
3 168 3796 3797
3 3796 3798 3797
3 3797 3798 3799
3 3798 172 3799
3 3799 172 171
3 172 175 173
3 173 175 174
3 175 3800 176
3 176 3800 3801
3 3800 90 3801
3 3801 90 92
3 176 178 3802
3 3802 178 3803
3 3802 3803 174
3 174 3803 177
3 178 181 3804
3 3804 181 3805
3 3804 3805 179
3 179 3805 180
3 181 184 3806
3 3806 184 3808
3 3806 3808 3807
3 3807 3808 3809
3 3807 3809 182
3 182 3809 183
3 184 3813 3810
3 3810 3813 3814
3 3810 3814 3811
3 3811 3814 3815
3 3811 3815 3812
3 3812 3815 3816
3 3812 3816 185
3 185 3816 3817
3 3813 93 3814
3 3814 93 3818
3 3814 3818 3815
3 3815 3818 3819
3 3815 3819 3816
3 3816 3819 3820
3 3816 3820 3817
3 3817 3820 95
3 185 187 183
3 183 187 186
3 187 190 3821
3 3821 190 3822
3 3821 3822 188
3 188 3822 189
3 190 193 191
3 191 193 192
3 193 196 3823
3 3823 196 3824
3 3823 3824 194
3 194 3824 195
3 196 3826 3825
3 3825 3826 3827
3 3825 3827 197
3 197 3827 3828
3 3826 199 3827
3 3827 199 3829
3 3827 3829 3828
3 3828 3829 198
3 199 96 200
3 200 96 98
3 200 202 3830
3 3830 202 3831
3 3830 3831 198
3 198 3831 201
3 202 99 3832
3 3832 99 3833
3 3832 3833 203
3 203 3833 101
3 203 205 3834
3 3834 205 3837
3 3834 3837 3835
3 3835 3837 3838
3 3835 3838 3836
3 3836 3838 3839
3 3836 3839 201
3 201 3839 204
3 205 208 3840
3 3840 208 3843
3 3840 3843 3841
3 3841 3843 3844
3 3841 3844 3842
3 3842 3844 3845
3 3842 3845 206
3 206 3845 207
3 208 211 3846
3 3846 211 3848
3 3846 3848 3847
3 3847 3848 3849
3 3847 3849 209
3 209 3849 210
3 211 214 3850
3 3850 214 3851
3 3850 3851 212
3 212 3851 213
3 214 217 215
3 215 217 216
3 217 220 3852
3 3852 220 3853
3 3852 3853 218
3 218 3853 219
3 220 114 221
3 221 114 116
3 221 117 219
3 219 117 119
3 218 223 216
3 216 223 222
3 223 226 3854
3 3854 226 3855
3 3854 3855 224
3 224 3855 225
3 226 229 3856
3 3856 229 3857
3 3856 3857 227
3 227 3857 228
3 229 232 3858
3 3858 232 3860
3 3858 3860 3859
3 3859 3860 3861
3 3859 3861 230
3 230 3861 231
3 232 3864 3862
3 3862 3864 3865
3 3862 3865 3863
3 3863 3865 3866
3 3863 3866 233
3 233 3866 3867
3 3864 235 3865
3 3865 235 3868
3 3865 3868 3866
3 3866 3868 3869
3 3866 3869 3867
3 3867 3869 234
3 235 238 3870
3 3870 238 3872
3 3870 3872 3871
3 3871 3872 3873
3 3871 3873 236
3 236 3873 237
3 239 3874 242
3 242 3874 3875
3 3875 3874 241
3 238 243 3876
3 3876 243 3877
3 3876 3877 240
3 247 244 246
3 243 248 245
3 122 249 251
3 248 120 250
3 249 253 247
3 247 253 252
3 253 256 3878
3 3878 256 3880
3 3878 3880 3879
3 3879 3880 3881
3 3879 3881 254
3 254 3881 255
3 256 259 3882
3 3882 259 3885
3 3882 3885 3883
3 3883 3885 3886
3 3883 3886 3884
3 3884 3886 3887
3 3884 3887 257
3 257 3887 258
3 259 3889 3888
3 3888 3889 3890
3 3888 3890 260
3 260 3890 3891
3 3889 262 3890
3 3890 262 3892
3 3890 3892 3891
3 3891 3892 261
3 262 265 3893
3 3893 265 3894
3 3893 3894 263
3 263 3894 264
3 265 135 3895
3 3895 135 3896
3 3895 3896 266
3 266 3896 137
3 266 268 3897
3 3897 268 3898
3 3897 3898 264
3 264 3898 267
3 268 271 3899
3 3899 271 3900
3 3899 3900 269
3 269 3900 270
3 271 274 3901
3 3901 274 3902
3 3901 3902 272
3 272 3902 273
3 274 277 3903
3 3903 277 3904
3 3903 3904 275
3 275 3904 276
3 277 280 278
3 278 280 279
3 280 144 3905
3 3905 144 3906
3 3905 3906 281
3 281 3906 146
3 281 283 279
3 279 283 282
3 283 286 3907
3 3907 286 3909
3 3907 3909 3908
3 3908 3909 3910
3 3908 3910 284
3 284 3910 285
3 286 289 3911
3 3911 289 3914
3 3911 3914 3912
3 3912 3914 3915
3 3912 3915 3913
3 3913 3915 3916
3 3913 3916 287
3 287 3916 288
3 289 292 3917
3 3917 292 3919
3 3917 3919 3918
3 3918 3919 3920
3 3918 3920 290
3 290 3920 291
3 292 147 3921
3 3921 147 3923
3 3921 3923 3922
3 3922 3923 3924
3 3922 3924 293
3 293 3924 149
3 293 295 3925
3 3925 295 3927
3 3925 3927 3926
3 3926 3927 3928
3 3926 3928 291
3 291 3928 294
3 295 298 296
3 296 298 297
3 298 153 299
3 299 153 155
3 299 3929 297
3 297 3929 3930
3 3929 301 3930
3 3930 301 300
3 301 304 302
3 302 304 303
3 304 3931 305
3 305 3931 3932
3 3931 3933 3932
3 3932 3933 3934
3 3933 159 3934
3 3934 159 161
3 305 3935 303
3 303 3935 3936
3 3935 3937 3936
3 3936 3937 3938
3 3937 3939 3938
3 3938 3939 3940
3 3939 307 3940
3 3940 307 306
3 307 3941 308
3 308 3941 3942
3 3941 162 3942
3 3942 162 164
3 308 310 306
3 306 310 309
3 310 3944 3943
3 3943 3944 3945
3 3943 3945 311
3 311 3945 3946
3 3944 3947 3945
3 3945 3947 3948
3 3945 3948 3946
3 3946 3948 3949
3 3947 313 3948
3 3948 313 3950
3 3948 3950 3949
3 3949 3950 312
3 313 316 314
3 314 316 315
3 316 3951 317
3 317 3951 3952
3 3951 165 3952
3 3952 165 167
3 317 3953 315
3 315 3953 3954
3 3953 3955 3954
3 3954 3955 3956
3 3955 3957 3956
3 3956 3957 3958
3 3957 171 3958
3 3958 171 173
3 314 3959 312
3 312 3959 3960
3 3959 3961 3960
3 3960 3961 3962
3 3961 3963 3962
3 3962 3963 3964
3 3963 3965 3964
3 3964 3965 3966
3 3965 3967 3966
3 3966 3967 3968
3 3967 309 3968
3 3968 309 311
3 302 319 3969
3 3969 319 3970
3 3969 3970 300
3 300 3970 318
3 319 3971 320
3 320 3971 3972
3 3971 3973 3972
3 3972 3973 3974
3 3973 3975 3974
3 3974 3975 3976
3 3975 3977 3976
3 3976 3977 3978
3 3977 3979 3978
3 3978 3979 3980
3 3979 177 3980
3 3980 177 179
3 320 322 3981
3 3981 322 3982
3 3981 3982 318
3 318 3982 321
3 322 180 3983
3 3983 180 3987
3 3983 3987 3984
3 3984 3987 3988
3 3984 3988 3985
3 3985 3988 3989
3 3985 3989 3986
3 3986 3989 3990
3 3986 3990 323
3 323 3990 182
3 323 325 3991
3 3991 325 3993
3 3991 3993 3992
3 3992 3993 3994
3 3992 3994 321
3 321 3994 324
3 325 328 3995
3 3995 328 3996
3 3995 3996 326
3 326 3996 327
3 328 331 329
3 329 331 330
3 331 334 332
3 332 334 333
3 334 186 3997
3 3997 186 3999
3 3997 3999 3998
3 3998 3999 4000
3 3998 4000 335
3 335 4000 188
3 335 337 4001
3 4001 337 4003
3 4001 4003 4002
3 4002 4003 4004
3 4002 4004 333
3 333 4004 336
3 337 340 4005
3 4005 340 4007
3 4005 4007 4006
3 4006 4007 4008
3 4006 4008 338
3 338 4008 339
3 340 343 4009
3 4009 343 4010
3 4009 4010 341
3 341 4010 342
3 343 346 344
3 344 346 345
3 346 349 4011
3 4011 349 4012
3 4011 4012 347
3 347 4012 348
3 349 352 4013
3 4013 352 4014
3 4013 4014 350
3 350 4014 351
3 352 4015 353
3 353 4015 4016
3 4015 4017 4016
3 4016 4017 4018
3 4017 355 4018
3 4018 355 354
3 355 189 4019
3 4019 189 4020
3 4019 4020 356
3 356 4020 191
3 356 192 4021
3 4021 192 4022
3 4021 4022 354
3 354 4022 194
3 353 358 4023
3 4023 358 4024
3 4023 4024 351
3 351 4024 357
3 358 361 4025
3 4025 361 4026
3 4025 4026 359
3 359 4026 360
3 361 195 4027
3 4027 195 4029
3 4027 4029 4028
3 4028 4029 4030
3 4028 4030 362
3 362 4030 197
3 362 4032 4031
3 4031 4032 4033
3 4031 4033 360
3 360 4033 4034
3 4032 364 4033
3 4033 364 4035
3 4033 4035 4034
3 4034 4035 363
3 364 4036 365
3 365 4036 4037
3 4036 367 4037
3 4037 367 366
3 367 370 4038
3 4038 370 4039
3 4038 4039 368
3 368 4039 369
3 370 204 371
3 371 204 206
3 371 4040 369
3 369 4040 4041
3 4040 373 4041
3 4041 373 372
3 373 207 374
3 374 207 209
3 374 376 4042
3 4042 376 4043
3 4042 4043 372
3 372 4043 375
3 376 379 4044
3 4044 379 4045
3 4044 4045 377
3 377 4045 378
3 379 210 4046
3 4046 210 4047
3 4046 4047 380
3 380 4047 212
3 380 382 4048
3 4048 382 4049
3 4048 4049 378
3 378 4049 381
3 382 385 4050
3 4050 385 4052
3 4050 4052 4051
3 4051 4052 4053
3 4051 4053 383
3 383 4053 384
3 385 388 4054
3 4054 388 4055
3 4054 4055 386
3 386 4055 387
3 388 225 389
3 389 225 227
3 389 391 4056
3 4056 391 4057
3 4056 4057 387
3 387 4057 390
3 391 228 392
3 392 228 230
3 392 394 4058
3 4058 394 4059
3 4058 4059 390
3 390 4059 393
3 394 397 4060
3 4060 397 4061
3 4060 4061 395
3 395 4061 396
3 397 231 398
3 398 231 233
3 398 4063 4062
3 4062 4063 4064
3 4062 4064 396
3 396 4064 4065
3 4063 400 4064
3 4064 400 4066
3 4064 4066 4065
3 4065 4066 399
3 400 403 4067
3 4067 403 4068
3 4067 4068 401
3 401 4068 402
3 403 234 404
3 404 234 236
3 404 406 4069
3 4069 406 4070
3 4069 4070 402
3 402 4070 405
3 406 4075 4071
3 4071 4075 4076
3 4071 4076 4072
3 4072 4076 4077
3 4072 4077 4073
3 4073 4077 4078
3 4073 4078 4074
3 4074 4078 4079
3 4074 4079 407
3 407 4079 4080
3 4075 409 4076
3 4076 409 4081
3 4076 4081 4077
3 4077 4081 4082
3 4077 4082 4078
3 4078 4082 4083
3 4078 4083 4079
3 4079 4083 4084
3 4079 4084 4080
3 4080 4084 408
3 409 237 4085
3 4085 237 4088
3 4085 4088 4086
3 4086 4088 4089
3 4086 4089 4087
3 4087 4089 4090
3 4087 4090 410
3 410 4090 239
3 410 412 4091
3 4091 412 4093
3 4091 4093 4092
3 4092 4093 4094
3 4092 4094 408
3 408 4094 411
3 412 415 4095
3 4095 415 4098
3 4095 4098 4096
3 4096 4098 4099
3 4096 4099 4097
3 4097 4099 4100
3 4097 4100 413
3 413 4100 414
3 415 242 416
3 416 242 244
3 416 418 4101
3 4101 418 4103
3 4101 4103 4102
3 4102 4103 4104
3 4102 4104 414
3 414 4104 417
3 418 252 4105
3 4105 252 4107
3 4105 4107 4106
3 4106 4107 4108
3 4106 4108 419
3 419 4108 254
3 419 4109 417
3 417 4109 4110
3 4109 421 4110
3 4110 421 420
3 421 424 4111
3 4111 424 4112
3 4111 4112 422
3 422 4112 423
3 424 4113 425
3 425 4113 4114
3 4113 4115 4114
3 4114 4115 4116
3 4115 427 4116
3 4116 427 426
3 427 4117 428
3 428 4117 4118
3 4117 4119 4118
3 4118 4119 4120
3 4119 4121 4120
3 4120 4121 4122
3 4121 255 4122
3 4122 255 257
3 428 430 4123
3 4123 430 4124
3 4123 4124 426
3 426 4124 429
3 430 4125 431
3 431 4125 4126
3 4125 4127 4126
3 4126 4127 4128
3 4127 4129 4128
3 4128 4129 4130
3 4129 4131 4130
3 4130 4131 4132
3 4131 433 4132
3 4132 433 432
3 433 436 434
3 434 436 435
3 436 439 4133
3 4133 439 4134
3 4133 4134 437
3 437 4134 438
3 439 258 4135
3 4135 258 4136
3 4135 4136 440
3 440 4136 260
3 440 4137 438
3 438 4137 4138
3 4137 261 4138
3 4138 261 263
3 437 442 435
3 435 442 441
3 442 445 443
3 443 445 444
3 445 4139 446
3 446 4139 4140
3 4139 4141 4140
3 4140 4141 4142
3 4141 448 4142
3 4142 448 447
3 448 4144 4143
3 4143 4144 4145
3 4143 4145 449
3 449 4145 4146
3 4144 451 4145
3 4145 451 4147
3 4145 4147 4146
3 4146 4147 450
3 451 454 4148
3 4148 454 4150
3 4148 4150 4149
3 4149 4150 4151
3 4149 4151 452
3 452 4151 453
3 454 273 455
3 455 273 275
3 455 457 4152
3 4152 457 4153
3 4152 4153 453
3 453 4153 456
3 457 276 458
3 458 276 278
3 458 282 4154
3 4154 282 4156
3 4154 4156 4155
3 4155 4156 4157
3 4155 4157 456
3 456 4157 284
3 452 460 4158
3 4158 460 4159
3 4158 4159 450
3 450 4159 459
3 460 463 461
3 461 463 462
3 463 466 464
3 464 466 465
3 466 469 467
3 467 469 468
3 469 4160 470
3 470 4160 4161
3 4160 285 4161
3 4161 285 287
3 470 4162 468
3 468 4162 4163
3 4162 472 4163
3 4163 472 471
3 472 475 4164
3 4164 475 4165
3 4164 4165 473
3 473 4165 474
3 475 4167 4166
3 4166 4167 4168
3 4166 4168 476
3 476 4168 4169
3 4167 478 4168
3 4168 478 4170
3 4168 4170 4169
3 4169 4170 477
3 478 481 4171
3 4171 481 4174
3 4171 4174 4172
3 4172 4174 4175
3 4172 4175 4173
3 4173 4175 4176
3 4173 4176 479
3 479 4176 480
3 481 288 4177
3 4177 288 4180
3 4177 4180 4178
3 4178 4180 4181
3 4178 4181 4179
3 4179 4181 4182
3 4179 4182 482
3 482 4182 290
3 482 484 480
3 480 484 483
3 484 294 4183
3 4183 294 4185
3 4183 4185 4184
3 4184 4185 4186
3 4184 4186 485
3 485 4186 296
3 485 324 4187
3 4187 324 4189
3 4187 4189 4188
3 4188 4189 4190
3 4188 4190 483
3 483 4190 326
3 488 477 487
3 479 489 486
3 489 492 4191
3 4191 492 4194
3 4191 4194 4192
3 4192 4194 4195
3 4192 4195 4193
3 4193 4195 4196
3 4193 4196 490
3 490 4196 491
3 492 495 493
3 493 495 494
3 495 498 4197
3 4197 498 4198
3 4197 4198 496
3 496 4198 497
3 498 327 499
3 499 327 329
3 499 501 497
3 497 501 500
3 501 504 4199
3 4199 504 4201
3 4199 4201 4200
3 4200 4201 4202
3 4200 4202 502
3 502 4202 503
3 504 330 505
3 505 330 332
3 505 336 4203
3 4203 336 4205
3 4203 4205 4204
3 4204 4205 4206
3 4204 4206 503
3 503 4206 338
3 502 507 4207
3 4207 507 4209
3 4207 4209 4208
3 4208 4209 4210
3 4208 4210 500
3 500 4210 506
3 507 4211 508
3 508 4211 4212
3 4211 4213 4212
3 4212 4213 4214
3 4213 510 4214
3 4214 510 509
3 510 513 4215
3 4215 513 4217
3 4215 4217 4216
3 4216 4217 4218
3 4216 4218 511
3 511 4218 512
3 513 516 4219
3 4219 516 4221
3 4219 4221 4220
3 4220 4221 4222
3 4220 4222 514
3 514 4222 515
3 516 339 4223
3 4223 339 4224
3 4223 4224 517
3 517 4224 341
3 517 4226 4225
3 4225 4226 4227
3 4225 4227 515
3 515 4227 4228
3 4226 519 4227
3 4227 519 4229
3 4227 4229 4228
3 4228 4229 518
3 519 342 520
3 520 342 344
3 520 522 4230
3 4230 522 4232
3 4230 4232 4231
3 4231 4232 4233
3 4231 4233 518
3 518 4233 521
3 522 525 523
3 523 525 524
3 525 4234 526
3 526 4234 4235
3 4234 345 4235
3 4235 345 347
3 526 528 524
3 524 528 527
3 528 531 4236
3 4236 531 4239
3 4236 4239 4237
3 4237 4239 4240
3 4237 4240 4238
3 4238 4240 4241
3 4238 4241 529
3 529 4241 530
3 531 534 4242
3 4242 534 4244
3 4242 4244 4243
3 4243 4244 4245
3 4243 4245 532
3 532 4245 533
3 534 537 4246
3 4246 537 4248
3 4246 4248 4247
3 4247 4248 4249
3 4247 4249 535
3 535 4249 536
3 537 4250 538
3 538 4250 4251
3 4250 540 4251
3 4251 540 539
3 540 4252 541
3 541 4252 4253
3 4252 348 4253
3 4253 348 350
3 541 543 539
3 539 543 542
3 543 546 544
3 544 546 545
3 546 357 4254
3 4254 357 4255
3 4254 4255 547
3 547 4255 359
3 547 549 4256
3 4256 549 4257
3 4256 4257 545
3 545 4257 548
3 549 552 4258
3 4258 552 4259
3 4258 4259 550
3 550 4259 551
3 552 555 4260
3 4260 555 4261
3 4260 4261 553
3 553 4261 554
3 555 363 556
3 556 363 365
3 556 558 4262
3 4262 558 4264
3 4262 4264 4263
3 4263 4264 4265
3 4263 4265 554
3 554 4265 557
3 558 366 559
3 559 366 368
3 559 561 4266
3 4266 561 4268
3 4266 4268 4267
3 4267 4268 4269
3 4267 4269 557
3 557 4269 560
3 561 4273 4270
3 4270 4273 4274
3 4270 4274 4271
3 4271 4274 4275
3 4271 4275 4272
3 4272 4275 4276
3 4272 4276 562
3 562 4276 4277
3 4273 564 4274
3 4274 564 4278
3 4274 4278 4275
3 4275 4278 4279
3 4275 4279 4276
3 4276 4279 4280
3 4276 4280 4277
3 4277 4280 563
3 564 567 4281
3 4281 567 4284
3 4281 4284 4282
3 4282 4284 4285
3 4282 4285 4283
3 4283 4285 4286
3 4283 4286 565
3 565 4286 566
3 571 568 570
3 567 572 569
3 572 575 4287
3 4287 575 4289
3 4287 4289 4288
3 4288 4289 4290
3 4288 4290 573
3 573 4290 574
3 575 4293 4291
3 4291 4293 4294
3 4291 4294 4292
3 4292 4294 4295
3 4292 4295 576
3 576 4295 4296
3 4293 578 4294
3 4294 578 4297
3 4294 4297 4295
3 4295 4297 4298
3 4295 4298 4296
3 4296 4298 577
3 578 375 4299
3 4299 375 4301
3 4299 4301 4300
3 4300 4301 4302
3 4300 4302 579
3 579 4302 377
3 579 381 577
3 577 381 383
3 576 581 574
3 574 581 580
3 581 584 4303
3 4303 584 4304
3 4303 4304 582
3 582 4304 583
3 584 587 585
3 585 587 586
3 587 4305 588
3 588 4305 4306
3 4305 4307 4306
3 4306 4307 4308
3 4307 590 4308
3 4308 590 589
3 590 384 591
3 591 384 386
3 591 593 589
3 589 593 592
3 593 393 594
3 594 393 395
3 594 596 592
3 592 596 595
3 596 4309 597
3 597 4309 4310
3 4309 4311 4310
3 4310 4311 4312
3 4311 4313 4312
3 4312 4313 4314
3 4313 4315 4314
3 4314 4315 4316
3 4315 4317 4316
3 4316 4317 4318
3 4317 599 4318
3 4318 599 598
3 599 602 4319
3 4319 602 4321
3 4319 4321 4320
3 4320 4321 4322
3 4320 4322 600
3 600 4322 601
3 602 4325 4323
3 4323 4325 4326
3 4323 4326 4324
3 4324 4326 4327
3 4324 4327 603
3 603 4327 4328
3 4325 605 4326
3 4326 605 4329
3 4326 4329 4327
3 4327 4329 4330
3 4327 4330 4328
3 4328 4330 604
3 605 608 4331
3 4331 608 4333
3 4331 4333 4332
3 4332 4333 4334
3 4332 4334 606
3 606 4334 607
3 608 611 4335
3 4335 611 4336
3 4335 4336 609
3 609 4336 610
3 611 4337 612
3 612 4337 4338
3 4337 4339 4338
3 4338 4339 4340
3 4339 4341 4340
3 4340 4341 4342
3 4341 4343 4342
3 4342 4343 4344
3 4343 4345 4344
3 4344 4345 4346
3 4345 4347 4346
3 4346 4347 4348
3 4347 399 4348
3 4348 399 401
3 612 4350 4349
3 4349 4350 4351
3 4349 4351 610
3 610 4351 4352
3 4350 614 4351
3 4351 614 4353
3 4351 4353 4352
3 4352 4353 613
3 614 617 4354
3 4354 617 4355
3 4354 4355 615
3 615 4355 616
3 621 618 620
3 617 622 619
3 626 623 625
3 622 627 624
3 629 628 620
3 627 630 619
3 407 631 633
3 630 405 632
3 631 635 629
3 629 635 634
3 635 638 636
3 636 638 637
3 638 641 639
3 639 641 640
3 641 644 4356
3 4356 644 4357
3 4356 4357 642
3 642 4357 643
3 644 423 4358
3 4358 423 4359
3 4358 4359 645
3 645 4359 425
3 645 4360 643
3 643 4360 4361
3 4360 4362 4361
3 4361 4362 4363
3 4362 4364 4363
3 4363 4364 4365
3 4364 647 4365
3 4365 647 646
3 647 650 4366
3 4366 650 4367
3 4366 4367 648
3 648 4367 649
3 650 4370 4368
3 4368 4370 4371
3 4368 4371 4369
3 4369 4371 4372
3 4369 4372 651
3 651 4372 4373
3 4370 653 4371
3 4371 653 4374
3 4371 4374 4372
3 4372 4374 4375
3 4372 4375 4373
3 4373 4375 652
3 653 656 654
3 654 656 655
3 656 4376 657
3 657 4376 4377
3 4376 4378 4377
3 4377 4378 4379
3 4378 4380 4379
3 4379 4380 4381
3 4380 659 4381
3 4381 659 658
3 659 429 4382
3 4382 429 4383
3 4382 4383 660
3 660 4383 431
3 660 4385 4384
3 4384 4385 4386
3 4384 4386 658
3 658 4386 4387
3 4385 662 4386
3 4386 662 4388
3 4386 4388 4387
3 4387 4388 661
3 662 665 4389
3 4389 665 4390
3 4389 4390 663
3 663 4390 664
3 665 668 4391
3 4391 668 4392
3 4391 4392 666
3 666 4392 667
3 668 432 4393
3 4393 432 4394
3 4393 4394 669
3 669 4394 434
3 669 441 667
3 667 441 443
3 666 671 4395
3 4395 671 4396
3 4395 4396 664
3 664 4396 670
3 671 444 672
3 672 444 446
3 672 674 4397
3 4397 674 4398
3 4397 4398 670
3 670 4398 673
3 674 677 675
3 675 677 676
3 677 4399 678
3 678 4399 4400
3 4399 447 4400
3 4400 447 449
3 678 4401 676
3 676 4401 4402
3 4401 4403 4402
3 4402 4403 4404
3 4403 459 4404
3 4404 459 461
3 675 680 673
3 673 680 679
3 680 683 681
3 681 683 682
3 683 686 4405
3 4405 686 4406
3 4405 4406 684
3 684 4406 685
3 686 4407 687
3 687 4407 4408
3 4407 462 4408
3 4408 462 464
3 687 689 685
3 685 689 688
3 689 692 690
3 690 692 691
3 692 4409 693
3 693 4409 4410
3 4409 465 4410
3 4410 465 467
3 693 695 4411
3 4411 695 4412
3 4411 4412 691
3 691 4412 694
3 695 4413 696
3 696 4413 4414
3 4413 4415 4414
3 4414 4415 4416
3 4415 698 4416
3 4416 698 697
3 698 471 699
3 699 471 473
3 699 4417 697
3 697 4417 4418
3 4417 4419 4418
3 4418 4419 4420
3 4419 4421 4420
3 4420 4421 4422
3 4421 701 4422
3 4422 701 700
3 701 704 702
3 702 704 703
3 704 4424 4423
3 4423 4424 4425
3 4423 4425 705
3 705 4425 4426
3 4424 4427 4425
3 4425 4427 4428
3 4425 4428 4426
3 4426 4428 4429
3 4427 4430 4428
3 4428 4430 4431
3 4428 4431 4429
3 4429 4431 4432
3 4430 4433 4431
3 4431 4433 4434
3 4431 4434 4432
3 4432 4434 4435
3 4433 4436 4434
3 4434 4436 4437
3 4434 4437 4435
3 4435 4437 4438
3 4436 707 4437
3 4437 707 4439
3 4437 4439 4438
3 4438 4439 706
3 707 710 708
3 708 710 709
3 710 4440 711
3 711 4440 4441
3 4440 4442 4441
3 4441 4442 4443
3 4442 4444 4443
3 4443 4444 4445
3 4444 713 4445
3 4445 713 712
3 713 716 714
3 714 716 715
3 716 719 4446
3 4446 719 4447
3 4446 4447 717
3 717 4447 718
3 719 4448 720
3 720 4448 4449
3 4448 4450 4449
3 4449 4450 4451
3 4450 4452 4451
3 4451 4452 4453
3 4452 4454 4453
3 4453 4454 4455
3 4454 4456 4455
3 4455 4456 4457
3 4456 474 4457
3 4457 474 476
3 720 488 4458
3 4458 488 4459
3 4458 4459 718
3 718 4459 490
3 717 621 715
3 715 621 623
3 714 4460 712
3 712 4460 4461
3 4460 4462 4461
3 4461 4462 4463
3 4462 722 4463
3 4463 722 721
3 722 725 4464
3 4464 725 4465
3 4464 4465 723
3 723 4465 724
3 725 4466 726
3 726 4466 4467
3 4466 637 4467
3 4467 637 639
3 726 728 724
3 724 728 727
3 728 649 729
3 729 649 651
3 729 4468 727
3 727 4468 4469
3 4468 4470 4469
3 4469 4470 4471
3 4470 4472 4471
3 4471 4472 4473
3 4472 4474 4473
3 4473 4474 4475
3 4474 4476 4475
3 4475 4476 4477
3 4476 4478 4477
3 4477 4478 4479
3 4478 4480 4479
3 4479 4480 4481
3 4480 688 4481
3 4481 688 690
3 723 731 721
3 721 731 730
3 731 4482 732
3 732 4482 4483
3 4482 4484 4483
3 4483 4484 4485
3 4484 4486 4485
3 4485 4486 4487
3 4486 4488 4487
3 4487 4488 4489
3 4488 4490 4489
3 4489 4490 4491
3 4490 4492 4491
3 4491 4492 4493
3 4492 4494 4493
3 4493 4494 4495
3 4494 734 4495
3 4495 734 733
3 734 694 735
3 735 694 696
3 735 4496 733
3 733 4496 4497
3 4496 700 4497
3 4497 700 702
3 732 4498 730
3 730 4498 4499
3 4498 709 4499
3 4499 709 711
3 708 4501 4500
3 4500 4501 4502
3 4500 4502 706
3 706 4502 4503
3 4501 4504 4502
3 4502 4504 4505
3 4502 4505 4503
3 4503 4505 4506
3 4504 703 4505
3 4505 703 4507
3 4505 4507 4506
3 4506 4507 705
3 684 4509 4508
3 4508 4509 4510
3 4508 4510 682
3 682 4510 4511
3 4509 737 4510
3 4510 737 4512
3 4510 4512 4511
3 4511 4512 736
3 737 652 4513
3 4513 652 4514
3 4513 4514 738
3 738 4514 654
3 738 740 736
3 736 740 739
3 740 655 741
3 741 655 657
3 741 743 4515
3 4515 743 4516
3 4515 4516 739
3 739 4516 742
3 743 4517 744
3 744 4517 4518
3 4517 4519 4518
3 4518 4519 4520
3 4519 4521 4520
3 4520 4521 4522
3 4521 661 4522
3 4522 661 663
3 744 679 4523
3 4523 679 4524
3 4523 4524 742
3 742 4524 681
3 648 640 4525
3 4525 640 4527
3 4525 4527 4526
3 4526 4527 4528
3 4526 4528 646
3 646 4528 642
3 636 626 634
3 634 626 628
3 493 616 746
3 618 491 745
3 615 494 613
3 613 494 496
3 609 506 4529
3 4529 506 4531
3 4529 4531 4530
3 4530 4531 4532
3 4530 4532 607
3 607 4532 508
3 606 4533 604
3 604 4533 4534
3 4533 748 4534
3 4534 748 747
3 748 751 4535
3 4535 751 4537
3 4535 4537 4536
3 4536 4537 4538
3 4536 4538 749
3 749 4538 750
3 751 509 4539
3 4539 509 4540
3 4539 4540 752
3 752 4540 511
3 752 4542 4541
3 4541 4542 4543
3 4541 4543 750
3 750 4543 4544
3 4542 754 4543
3 4543 754 4545
3 4543 4545 4544
3 4544 4545 753
3 754 757 4546
3 4546 757 4547
3 4546 4547 755
3 755 4547 756
3 757 760 4548
3 4548 760 4549
3 4548 4549 758
3 758 4549 759
3 760 763 4550
3 4550 763 4553
3 4550 4553 4551
3 4551 4553 4554
3 4551 4554 4552
3 4552 4554 4555
3 4552 4555 761
3 761 4555 762
3 763 4556 764
3 764 4556 4557
3 4556 512 4557
3 4557 512 514
3 764 766 4558
3 4558 766 4560
3 4558 4560 4559
3 4559 4560 4561
3 4559 4561 762
3 762 4561 765
3 766 769 4562
3 4562 769 4565
3 4562 4565 4563
3 4563 4565 4566
3 4563 4566 4564
3 4564 4566 4567
3 4564 4567 767
3 767 4567 768
3 769 4568 770
3 770 4568 4569
3 4568 772 4569
3 4569 772 771
3 772 775 4570
3 4570 775 4574
3 4570 4574 4571
3 4571 4574 4575
3 4571 4575 4572
3 4572 4575 4576
3 4572 4576 4573
3 4573 4576 4577
3 4573 4577 773
3 773 4577 774
3 775 778 4578
3 4578 778 4580
3 4578 4580 4579
3 4579 4580 4581
3 4579 4581 776
3 776 4581 777
3 778 4582 779
3 779 4582 4583
3 4582 781 4583
3 4583 781 780
3 781 521 4584
3 4584 521 4586
3 4584 4586 4585
3 4585 4586 4587
3 4585 4587 782
3 782 4587 523
3 782 527 4588
3 4588 527 4590
3 4588 4590 4589
3 4589 4590 4591
3 4589 4591 780
3 780 4591 529
3 779 784 4592
3 4592 784 4594
3 4592 4594 4593
3 4593 4594 4595
3 4593 4595 777
3 777 4595 783
3 784 787 4596
3 4596 787 4598
3 4596 4598 4597
3 4597 4598 4599
3 4597 4599 785
3 785 4599 786
3 787 790 4600
3 4600 790 4601
3 4600 4601 788
3 788 4601 789
3 790 793 4602
3 4602 793 4603
3 4602 4603 791
3 791 4603 792
3 793 796 4604
3 4604 796 4605
3 4604 4605 794
3 794 4605 795
3 796 530 4606
3 4606 530 4607
3 4606 4607 797
3 797 4607 532
3 797 799 795
3 795 799 798
3 799 533 800
3 800 533 535
3 800 802 798
3 798 802 801
3 802 805 4608
3 4608 805 4609
3 4608 4609 803
3 803 4609 804
3 805 808 806
3 806 808 807
3 808 811 4610
3 4610 811 4611
3 4610 4611 809
3 809 4611 810
3 811 4612 812
3 812 4612 4613
3 4612 4614 4613
3 4613 4614 4615
3 4614 814 4615
3 4615 814 813
3 814 817 4616
3 4616 817 4617
3 4616 4617 815
3 815 4617 816
3 817 820 4618
3 4618 820 4619
3 4618 4619 818
3 818 4619 819
3 820 536 4620
3 4620 536 4621
3 4620 4621 821
3 821 4621 538
3 821 816 819
3 819 816 818
3 815 4623 4622
3 4622 4623 4624
3 4622 4624 813
3 813 4624 4625
3 4623 823 4624
3 4624 823 4626
3 4624 4626 4625
3 4625 4626 822
3 823 826 4627
3 4627 826 4628
3 4627 4628 824
3 824 4628 825
3 826 4629 827
3 827 4629 4630
3 4629 551 4630
3 4630 551 553
3 827 4632 4631
3 4631 4632 4633
3 4631 4633 825
3 825 4633 4634
3 4632 560 4633
3 4633 560 4635
3 4633 4635 4634
3 4634 4635 562
3 824 829 4636
3 4636 829 4639
3 4636 4639 4637
3 4637 4639 4640
3 4637 4640 4638
3 4638 4640 4641
3 4638 4641 822
3 822 4641 828
3 829 4643 4642
3 4642 4643 4644
3 4642 4644 830
3 830 4644 4645
3 4643 832 4644
3 4644 832 4646
3 4644 4646 4645
3 4645 4646 831
3 832 4647 833
3 833 4647 4648
3 4647 835 4648
3 4648 835 834
3 835 838 4649
3 4649 838 4650
3 4649 4650 836
3 836 4650 837
3 838 563 839
3 839 563 565
3 839 566 837
3 837 566 568
3 836 841 834
3 834 841 840
3 841 844 4651
3 4651 844 4654
3 4651 4654 4652
3 4652 4654 4655
3 4652 4655 4653
3 4653 4655 4656
3 4653 4656 842
3 842 4656 843
3 844 847 4657
3 4657 847 4659
3 4657 4659 4658
3 4658 4659 4660
3 4658 4660 845
3 845 4660 846
3 851 848 850
3 847 852 849
3 852 855 4661
3 4661 855 4664
3 4661 4664 4662
3 4662 4664 4665
3 4662 4665 4663
3 4663 4665 4666
3 4663 4666 853
3 853 4666 854
3 856 4667 859
3 859 4667 4668
3 4668 4667 858
3 855 860 4669
3 4669 860 4670
3 4669 4670 857
3 860 863 4671
3 4671 863 4673
3 4671 4673 4672
3 4672 4673 4674
3 4672 4674 861
3 861 4674 862
3 867 864 866
3 863 868 865
3 868 571 4675
3 4675 571 4678
3 4675 4678 4676
3 4676 4678 4679
3 4676 4679 4677
3 4677 4679 4680
3 4677 4680 869
3 869 4680 573
3 869 580 4681
3 4681 580 4682
3 4681 4682 867
3 867 4682 582
3 864 871 4683
3 4683 871 4685
3 4683 4685 4684
3 4684 4685 4686
3 4684 4686 862
3 862 4686 870
3 871 4687 872
3 872 4687 4688
3 4687 4689 4688
3 4688 4689 4690
3 4689 4691 4690
3 4690 4691 4692
3 4691 583 4692
3 4692 583 585
3 872 874 4693
3 4693 874 4695
3 4693 4695 4694
3 4694 4695 4696
3 4694 4696 870
3 870 4696 873
3 874 877 4697
3 4697 877 4698
3 4697 4698 875
3 875 4698 876
3 877 4699 878
3 878 4699 4700
3 4699 4701 4700
3 4700 4701 4702
3 4701 4703 4702
3 4702 4703 4704
3 4703 880 4704
3 4704 880 879
3 880 883 881
3 881 883 882
3 883 4705 884
3 884 4705 4706
3 4705 4707 4706
3 4706 4707 4708
3 4707 4709 4708
3 4708 4709 4710
3 4709 586 4710
3 4710 586 588
3 884 4711 882
3 882 4711 4712
3 4711 595 4712
3 4712 595 597
3 881 4714 4713
3 4713 4714 4715
3 4713 4715 879
3 879 4715 4716
3 4714 4717 4715
3 4715 4717 4718
3 4715 4718 4716
3 4716 4718 4719
3 4717 886 4718
3 4718 886 4720
3 4718 4720 4719
3 4719 4720 885
3 886 889 4721
3 4721 889 4722
3 4721 4722 887
3 887 4722 888
3 889 598 4723
3 4723 598 4725
3 4723 4725 4724
3 4724 4725 4726
3 4724 4726 890
3 890 4726 600
3 890 4727 888
3 888 4727 4728
3 4727 4729 4728
3 4728 4729 4730
3 4729 892 4730
3 4730 892 891
3 892 895 4731
3 4731 895 4733
3 4731 4733 4732
3 4732 4733 4734
3 4732 4734 893
3 893 4734 894
3 895 898 4735
3 4735 898 4737
3 4735 4737 4736
3 4736 4737 4738
3 4736 4738 896
3 896 4738 897
3 898 901 4739
3 4739 901 4741
3 4739 4741 4740
3 4740 4741 4742
3 4740 4742 899
3 899 4742 900
3 901 601 4743
3 4743 601 4744
3 4743 4744 902
3 902 4744 603
3 902 747 4745
3 4745 747 4747
3 4745 4747 4746
3 4746 4747 4748
3 4746 4748 900
3 900 4748 749
3 899 4749 897
3 897 4749 4750
3 4749 4751 4750
3 4750 4751 4752
3 4751 904 4752
3 4752 904 903
3 904 907 4753
3 4753 907 4755
3 4753 4755 4754
3 4754 4755 4756
3 4754 4756 905
3 905 4756 906
3 907 910 4757
3 4757 910 4759
3 4757 4759 4758
3 4758 4759 4760
3 4758 4760 908
3 908 4760 909
3 910 753 4761
3 4761 753 4763
3 4761 4763 4762
3 4762 4763 4764
3 4762 4764 911
3 911 4764 755
3 911 4766 4765
3 4765 4766 4767
3 4765 4767 909
3 909 4767 4768
3 4766 913 4767
3 4767 913 4769
3 4767 4769 4768
3 4768 4769 912
3 913 916 4770
3 4770 916 4772
3 4770 4772 4771
3 4771 4772 4773
3 4771 4773 914
3 914 4773 915
3 916 919 4774
3 4774 919 4776
3 4774 4776 4775
3 4775 4776 4777
3 4775 4777 917
3 917 4777 918
3 919 4779 4778
3 4778 4779 4780
3 4778 4780 920
3 920 4780 4781
3 4779 922 4780
3 4780 922 4782
3 4780 4782 4781
3 4781 4782 921
3 922 756 923
3 923 756 758
3 923 759 4783
3 4783 759 4784
3 4783 4784 921
3 921 4784 761
3 920 925 4785
3 4785 925 4787
3 4785 4787 4786
3 4786 4787 4788
3 4786 4788 918
3 918 4788 924
3 925 4791 4789
3 4789 4791 4792
3 4789 4792 4790
3 4790 4792 4793
3 4790 4793 926
3 926 4793 4794
3 4791 928 4792
3 4792 928 4795
3 4792 4795 4793
3 4793 4795 4796
3 4793 4796 4794
3 4794 4796 927
3 928 4797 929
3 929 4797 4798
3 4797 4799 4798
3 4798 4799 4800
3 4799 4801 4800
3 4800 4801 4802
3 4801 4803 4802
3 4802 4803 4804
3 4803 4805 4804
3 4804 4805 4806
3 4805 4807 4806
3 4806 4807 4808
3 4807 765 4808
3 4808 765 767
3 929 931 4809
3 4809 931 4811
3 4809 4811 4810
3 4810 4811 4812
3 4810 4812 927
3 927 4812 930
3 931 934 4813
3 4813 934 4815
3 4813 4815 4814
3 4814 4815 4816
3 4814 4816 932
3 932 4816 933
3 934 4820 4817
3 4817 4820 4821
3 4817 4821 4818
3 4818 4821 4822
3 4818 4822 4819
3 4819 4822 4823
3 4819 4823 935
3 935 4823 4824
3 4820 937 4821
3 4821 937 4825
3 4821 4825 4822
3 4822 4825 4826
3 4822 4826 4823
3 4823 4826 4827
3 4823 4827 4824
3 4824 4827 936
3 937 940 4828
3 4828 940 4830
3 4828 4830 4829
3 4829 4830 4831
3 4829 4831 938
3 938 4831 939
3 940 4835 4832
3 4832 4835 4836
3 4832 4836 4833
3 4833 4836 4837
3 4833 4837 4834
3 4834 4837 4838
3 4834 4838 941
3 941 4838 4839
3 4835 943 4836
3 4836 943 4840
3 4836 4840 4837
3 4837 4840 4841
3 4837 4841 4838
3 4838 4841 4842
3 4838 4842 4839
3 4839 4842 942
3 943 946 4843
3 4843 946 4845
3 4843 4845 4844
3 4844 4845 4846
3 4844 4846 944
3 944 4846 945
3 946 949 4847
3 4847 949 4848
3 4847 4848 947
3 947 4848 948
3 949 4849 950
3 950 4849 4850
3 4849 952 4850
3 4850 952 951
3 952 768 4851
3 4851 768 4854
3 4851 4854 4852
3 4852 4854 4855
3 4852 4855 4853
3 4853 4855 4856
3 4853 4856 953
3 953 4856 770
3 953 771 4857
3 4857 771 4861
3 4857 4861 4858
3 4858 4861 4862
3 4858 4862 4859
3 4859 4862 4863
3 4859 4863 4860
3 4860 4863 4864
3 4860 4864 951
3 951 4864 773
3 950 4865 948
3 948 4865 4866
3 4865 955 4866
3 4866 955 954
3 955 4867 956
3 956 4867 4868
3 4867 958 4868
3 4868 958 957
3 958 961 959
3 959 961 960
3 961 4869 962
3 962 4869 4870
3 4869 4871 4870
3 4870 4871 4872
3 4871 964 4872
3 4872 964 963
3 964 774 965
3 965 774 776
3 965 967 4873
3 4873 967 4874
3 4873 4874 963
3 963 4874 966
3 967 783 968
3 968 783 785
3 968 970 4875
3 4875 970 4876
3 4875 4876 966
3 966 4876 969
3 970 973 4877
3 4877 973 4878
3 4877 4878 971
3 971 4878 972
3 973 976 4879
3 4879 976 4881
3 4879 4881 4880
3 4880 4881 4882
3 4880 4882 974
3 974 4882 975
3 976 979 4883
3 4883 979 4885
3 4883 4885 4884
3 4884 4885 4886
3 4884 4886 977
3 977 4886 978
3 979 4888 4887
3 4887 4888 4889
3 4887 4889 980
3 980 4889 4890
3 4888 982 4889
3 4889 982 4891
3 4889 4891 4890
3 4890 4891 981
3 982 985 983
3 983 985 984
3 985 786 986
3 986 786 788
3 986 988 984
3 984 988 987
3 988 789 4892
3 4892 789 4894
3 4892 4894 4893
3 4893 4894 4895
3 4893 4895 989
3 989 4895 791
3 989 991 4896
3 4896 991 4897
3 4896 4897 987
3 987 4897 990
3 991 994 4898
3 4898 994 4900
3 4898 4900 4899
3 4899 4900 4901
3 4899 4901 992
3 992 4901 993
3 994 804 995
3 995 804 806
3 995 997 4902
3 4902 997 4904
3 4902 4904 4903
3 4903 4904 4905
3 4903 4905 993
3 993 4905 996
3 997 1000 4906
3 4906 1000 4908
3 4906 4908 4907
3 4907 4908 4909
3 4907 4909 998
3 998 4909 999
3 1000 1003 4910
3 4910 1003 4912
3 4910 4912 4911
3 4911 4912 4913
3 4911 4913 1001
3 1001 4913 1002
3 1003 1006 1004
3 1004 1006 1005
3 1006 807 1007
3 1007 807 809
3 1007 1009 1005
3 1005 1009 1008
3 1009 1012 4914
3 4914 1012 4916
3 4914 4916 4915
3 4915 4916 4917
3 4915 4917 1010
3 1010 4917 1011
3 1012 1015 4918
3 4918 1015 4920
3 4918 4920 4919
3 4919 4920 4921
3 4919 4921 1013
3 1013 4921 1014
3 1015 4922 1016
3 1016 4922 4923
3 4922 1018 4923
3 4923 1018 1017
3 1018 1021 1019
3 1019 1021 1020
3 1021 810 4924
3 4924 810 4925
3 4924 4925 1022
3 1022 4925 812
3 1022 4927 4926
3 4926 4927 4928
3 4926 4928 1020
3 1020 4928 4929
3 4927 1024 4928
3 4928 1024 4930
3 4928 4930 4929
3 4929 4930 1023
3 1024 828 4931
3 4931 828 4932
3 4931 4932 1025
3 1025 4932 830
3 1025 1027 4933
3 4933 1027 4934
3 4933 4934 1023
3 1023 4934 1026
3 1027 1030 1028
3 1028 1030 1029
3 1030 1033 4935
3 4935 1033 4936
3 4935 4936 1031
3 1031 4936 1032
3 1033 1036 4937
3 4937 1036 4938
3 4937 4938 1034
3 1034 4938 1035
3 1036 831 1037
3 1037 831 833
3 1037 840 4939
3 4939 840 4941
3 4939 4941 4940
3 4940 4941 4942
3 4940 4942 1035
3 1035 4942 842
3 1034 4943 1032
3 1032 4943 4944
3 4943 1039 4944
3 4944 1039 1038
3 1039 4946 4945
3 4945 4946 4947
3 4945 4947 1040
3 1040 4947 4948
3 4946 1042 4947
3 4947 1042 4949
3 4947 4949 4948
3 4948 4949 1041
3 1042 843 1043
3 1043 843 845
3 1043 846 4950
3 4950 846 4951
3 4950 4951 1041
3 1041 4951 848
3 1040 4953 4952
3 4952 4953 4954
3 4952 4954 1038
3 1038 4954 4955
3 4953 1045 4954
3 4954 1045 4956
3 4954 4956 4955
3 4955 4956 1044
3 1045 1048 4957
3 4957 1048 4959
3 4957 4959 4958
3 4958 4959 4960
3 4958 4960 1046
3 1046 4960 1047
3 1048 4962 4961
3 4961 4962 4963
3 4961 4963 1049
3 1049 4963 4964
3 4962 1051 4963
3 4963 1051 4965
3 4963 4965 4964
3 4964 4965 1050
3 1051 4966 1052
3 1052 4966 4967
3 4966 1054 4967
3 4967 1054 1053
3 1054 1057 4968
3 4968 1057 4969
3 4968 4969 1055
3 1055 4969 1056
3 1057 4970 1058
3 1058 4970 4971
3 4970 851 4971
3 4971 851 853
3 1058 854 1056
3 1056 854 856
3 1055 1060 1053
3 1053 1060 1059
3 1060 1063 4972
3 4972 1063 4974
3 4972 4974 4973
3 4973 4974 4975
3 4973 4975 1061
3 1061 4975 1062
3 1063 1066 4976
3 4976 1066 4979
3 4976 4979 4977
3 4977 4979 4980
3 4977 4980 4978
3 4978 4980 4981
3 4978 4981 1064
3 1064 4981 1065
3 1066 1069 4982
3 4982 1069 4985
3 4982 4985 4983
3 4983 4985 4986
3 4983 4986 4984
3 4984 4986 4987
3 4984 4987 1067
3 1067 4987 1068
3 1070 4988 1073
3 1073 4988 4989
3 4989 4988 1072
3 1069 1074 4990
3 4990 1074 4991
3 4990 4991 1071
3 1074 1077 4992
3 4992 1077 4994
3 4992 4994 4993
3 4993 4994 4995
3 4993 4995 1075
3 1075 4995 1076
3 1077 1080 4996
3 4996 1080 4999
3 4996 4999 4997
3 4997 4999 5000
3 4997 5000 4998
3 4998 5000 5001
3 4998 5001 1078
3 1078 5001 1079
3 861 1081 1083
3 1080 859 1082
3 1081 1085 5002
3 5002 1085 5004
3 5002 5004 5003
3 5003 5004 5005
3 5003 5005 1079
3 1079 5005 1084
3 1085 1088 1086
3 1086 1088 1087
3 1088 873 5006
3 5006 873 5007
3 5006 5007 1089
3 1089 5007 875
3 1089 1091 5008
3 5008 1091 5009
3 5008 5009 1087
3 1087 5009 1090
3 1091 1094 5010
3 5010 1094 5012
3 5010 5012 5011
3 5011 5012 5013
3 5011 5013 1092
3 1092 5013 1093
3 1094 5014 1095
3 1095 5014 5015
3 5014 5016 5015
3 5015 5016 5017
3 5016 1097 5017
3 5017 1097 1096
3 1097 876 5018
3 5018 876 5020
3 5018 5020 5019
3 5019 5020 5021
3 5019 5021 1098
3 1098 5021 878
3 1098 885 5022
3 5022 885 5024
3 5022 5024 5023
3 5023 5024 5025
3 5023 5025 1096
3 1096 5025 887
3 1095 1100 5026
3 5026 1100 5028
3 5026 5028 5027
3 5027 5028 5029
3 5027 5029 1093
3 1093 5029 1099
3 1100 5031 5030
3 5030 5031 5032
3 5030 5032 1101
3 1101 5032 5033
3 5031 891 5032
3 5032 891 5034
3 5032 5034 5033
3 5033 5034 893
3 1101 1103 5035
3 5035 1103 5036
3 5035 5036 1099
3 1099 5036 1102
3 1103 5039 5037
3 5037 5039 5040
3 5037 5040 5038
3 5038 5040 5041
3 5038 5041 1104
3 1104 5041 5042
3 5039 1106 5040
3 5040 1106 5043
3 5040 5043 5041
3 5041 5043 5044
3 5041 5044 5042
3 5042 5044 1105
3 1106 1109 5045
3 5045 1109 5047
3 5045 5047 5046
3 5046 5047 5048
3 5046 5048 1107
3 1107 5048 1108
3 1109 894 1110
3 1110 894 896
3 1110 5050 5049
3 5049 5050 5051
3 5049 5051 1108
3 1108 5051 5052
3 5050 903 5051
3 5051 903 5053
3 5051 5053 5052
3 5052 5053 905
3 1107 1112 5054
3 5054 1112 5055
3 5054 5055 1105
3 1105 5055 1111
3 1112 1115 5056
3 5056 1115 5057
3 5056 5057 1113
3 1113 5057 1114
3 1115 5060 5058
3 5058 5060 5061
3 5058 5061 5059
3 5059 5061 5062
3 5059 5062 1116
3 1116 5062 5063
3 5060 1118 5061
3 5061 1118 5064
3 5061 5064 5062
3 5062 5064 5065
3 5062 5065 5063
3 5063 5065 1117
3 1118 1121 5066
3 5066 1121 5068
3 5066 5068 5067
3 5067 5068 5069
3 5067 5069 1119
3 1119 5069 1120
3 1121 906 1122
3 1122 906 908
3 1122 912 5070
3 5070 912 5071
3 5070 5071 1120
3 1120 5071 914
3 1119 1124 5072
3 5072 1124 5073
3 5072 5073 1117
3 1117 5073 1123
3 1124 1127 5074
3 5074 1127 5077
3 5074 5077 5075
3 5075 5077 5078
3 5075 5078 5076
3 5076 5078 5079
3 5076 5079 1125
3 1125 5079 1126
3 1127 1130 5080
3 5080 1130 5081
3 5080 5081 1128
3 1128 5081 1129
3 1130 5083 5082
3 5082 5083 5084
3 5082 5084 1131
3 1131 5084 5085
3 5083 915 5084
3 5084 915 5086
3 5084 5086 5085
3 5085 5086 917
3 1131 1133 5087
3 5087 1133 5090
3 5087 5090 5088
3 5088 5090 5091
3 5088 5091 5089
3 5089 5091 5092
3 5089 5092 1129
3 1129 5092 1132
3 1137 1134 1136
3 1133 1138 1135
3 1142 1139 1141
3 1138 1143 1140
3 1145 1144 1136
3 1143 1146 1135
3 1146 1149 5093
3 5093 1149 5094
3 5093 5094 1147
3 1147 5094 1148
3 1149 1152 5095
3 5095 1152 5096
3 5095 5096 1150
3 1150 5096 1151
3 1152 5097 1153
3 1153 5097 5098
3 5097 5099 5098
3 5098 5099 5100
3 5099 924 5100
3 5100 924 926
3 1153 1155 5101
3 5101 1155 5102
3 5101 5102 1151
3 1151 5102 1154
3 1155 1158 1156
3 1156 1158 1157
3 1158 1161 5103
3 5103 1161 5104
3 5103 5104 1159
3 1159 5104 1160
3 1161 930 5105
3 5105 930 5106
3 5105 5106 1162
3 1162 5106 932
3 1162 1164 1160
3 1160 1164 1163
3 1164 1167 5107
3 5107 1167 5110
3 5107 5110 5108
3 5108 5110 5111
3 5108 5111 5109
3 5109 5111 5112
3 5109 5112 1165
3 1165 5112 1166
3 1167 1170 5113
3 5113 1170 5115
3 5113 5115 5114
3 5114 5115 5116
3 5114 5116 1168
3 1168 5116 1169
3 935 1171 1173
3 1170 933 1172
3 1171 1175 5117
3 5117 1175 5120
3 5117 5120 5118
3 5118 5120 5121
3 5118 5121 5119
3 5119 5121 5122
3 5119 5122 1169
3 1169 5122 1174
3 1175 5126 5123
3 5123 5126 5127
3 5123 5127 5124
3 5124 5127 5128
3 5124 5128 5125
3 5125 5128 5129
3 5125 5129 1176
3 1176 5129 5130
3 5126 1178 5127
3 5127 1178 5131
3 5127 5131 5128
3 5128 5131 5132
3 5128 5132 5129
3 5129 5132 5133
3 5129 5133 5130
3 5130 5133 1177
3 1178 1181 1179
3 1179 1181 1180
3 1181 5135 5134
3 5134 5135 5136
3 5134 5136 1182
3 1182 5136 5137
3 5135 1184 5136
3 5136 1184 5138
3 5136 5138 5137
3 5137 5138 1183
3 1184 5139 1185
3 1185 5139 5140
3 5139 1187 5140
3 5140 1187 1186
3 1187 5142 5141
3 5141 5142 5143
3 5141 5143 1188
3 1188 5143 5144
3 5142 1190 5143
3 5143 1190 5145
3 5143 5145 5144
3 5144 5145 1189
3 1190 936 1191
3 1191 936 938
3 1191 939 1189
3 1189 939 941
3 1188 5146 1186
3 1186 5146 5147
3 5146 1193 5147
3 5147 1193 1192
3 1193 5149 5148
3 5148 5149 5150
3 5148 5150 1194
3 1194 5150 5151
3 5149 1196 5150
3 5150 1196 5152
3 5150 5152 5151
3 5151 5152 1195
3 1196 1199 5153
3 5153 1199 5154
3 5153 5154 1197
3 1197 5154 1198
3 1199 1202 5155
3 5155 1202 5157
3 5155 5157 5156
3 5156 5157 5158
3 5156 5158 1200
3 1200 5158 1201
3 1202 942 5159
3 5159 942 5160
3 5159 5160 1203
3 1203 5160 944
3 1203 5161 1201
3 1201 5161 5162
3 5161 5163 5162
3 5162 5163 5164
3 5163 5165 5164
3 5164 5165 5166
3 5165 1198 5166
3 5166 1198 1200
3 1197 5168 5167
3 5167 5168 5169
3 5167 5169 1195
3 1195 5169 5170
3 5168 5171 5169
3 5169 5171 5172
3 5169 5172 5170
3 5170 5172 5173
3 5171 1205 5172
3 5172 1205 5174
3 5172 5174 5173
3 5173 5174 1204
3 1205 1208 1206
3 1206 1208 1207
3 1208 1211 5175
3 5175 1211 5176
3 5175 5176 1209
3 1209 5176 1210
3 1211 1214 1212
3 1212 1214 1213
3 1214 1217 1215
3 1215 1217 1216
3 1217 5177 1218
3 1218 5177 5178
3 5177 5179 5178
3 5178 5179 5180
3 5179 1220 5180
3 5180 1220 1219
3 1220 945 5181
3 5181 945 5182
3 5181 5182 1221
3 1221 5182 947
3 1221 5183 1219
3 1219 5183 5184
3 5183 954 5184
3 5184 954 956
3 1218 5185 1216
3 1216 5185 5186
3 5185 1223 5186
3 5186 1223 1222
3 1223 957 5187
3 5187 957 5188
3 5187 5188 1224
3 1224 5188 959
3 1224 1226 5189
3 5189 1226 5190
3 5189 5190 1222
3 1222 5190 1225
3 1226 5191 1227
3 1227 5191 5192
3 5191 5193 5192
3 5192 5193 5194
3 5193 1229 5194
3 5194 1229 1228
3 1229 1232 5195
3 5195 1232 5196
3 5195 5196 1230
3 1230 5196 1231
3 1232 1235 5197
3 5197 1235 5199
3 5197 5199 5198
3 5198 5199 5200
3 5198 5200 1233
3 1233 5200 1234
3 1235 1238 5201
3 5201 1238 5203
3 5201 5203 5202
3 5202 5203 5204
3 5202 5204 1236
3 1236 5204 1237
3 1238 975 5205
3 5205 975 5207
3 5205 5207 5206
3 5206 5207 5208
3 5206 5208 1239
3 1239 5208 977
3 1239 1241 1237
3 1237 1241 1240
3 1241 1244 1242
3 1242 1244 1243
3 1244 978 5209
3 5209 978 5211
3 5209 5211 5210
3 5210 5211 5212
3 5210 5212 1245
3 1245 5212 980
3 1245 1247 5213
3 5213 1247 5215
3 5213 5215 5214
3 5214 5215 5216
3 5214 5216 1243
3 1243 5216 1246
3 1247 1250 5217
3 5217 1250 5219
3 5217 5219 5218
3 5218 5219 5220
3 5218 5220 1248
3 1248 5220 1249
3 1250 996 1251
3 1251 996 998
3 1251 1253 5221
3 5221 1253 5223
3 5221 5223 5222
3 5222 5223 5224
3 5222 5224 1249
3 1249 5224 1252
3 1253 999 5225
3 5225 999 5226
3 5225 5226 1254
3 1254 5226 1001
3 1254 1256 5227
3 5227 1256 5230
3 5227 5230 5228
3 5228 5230 5231
3 5228 5231 5229
3 5229 5231 5232
3 5229 5232 1252
3 1252 5232 1255
3 1256 1259 5233
3 5233 1259 5235
3 5233 5235 5234
3 5234 5235 5236
3 5234 5236 1257
3 1257 5236 1258
3 1259 1262 5237
3 5237 1262 5238
3 5237 5238 1260
3 1260 5238 1261
3 1262 1265 5239
3 5239 1265 5240
3 5239 5240 1263
3 1263 5240 1264
3 1265 1268 5241
3 5241 1268 5242
3 5241 5242 1266
3 1266 5242 1267
3 1268 1002 5243
3 5243 1002 5245
3 5243 5245 5244
3 5244 5245 5246
3 5244 5246 1269
3 1269 5246 1004
3 1269 1008 5247
3 5247 1008 5248
3 5247 5248 1267
3 1267 5248 1010
3 1266 1271 1264
3 1264 1271 1270
3 1271 5249 1272
3 1272 5249 5250
3 5249 1011 5250
3 5250 1011 1013
3 1272 1274 1270
3 1270 1274 1273
3 1274 1277 5251
3 5251 1277 5252
3 5251 5252 1275
3 1275 5252 1276
3 1277 1280 1278
3 1278 1280 1279
3 1280 1283 5253
3 5253 1283 5254
3 5253 5254 1281
3 1281 5254 1282
3 1283 1286 5255
3 5255 1286 5256
3 5255 5256 1284
3 1284 5256 1285
3 1286 5257 1287
3 1287 5257 5258
3 5257 5259 5258
3 5258 5259 5260
3 5259 5261 5260
3 5260 5261 5262
3 5261 1289 5262
3 5262 1289 1288
3 1289 1014 5263
3 5263 1014 5265
3 5263 5265 5264
3 5264 5265 5266
3 5264 5266 1290
3 1290 5266 1016
3 1290 1292 5267
3 5267 1292 5268
3 5267 5268 1288
3 1288 5268 1291
3 1292 1295 5269
3 5269 1295 5270
3 5269 5270 1293
3 1293 5270 1294
3 1295 1044 5271
3 5271 1044 5272
3 5271 5272 1296
3 1296 5272 1046
3 1296 1291 5273
3 5273 1291 5274
3 5273 5274 1294
3 1294 5274 1293
3 1287 1298 5275
3 5275 1298 5276
3 5275 5276 1285
3 1285 5276 1297
3 1298 1047 5277
3 5277 1047 5278
3 5277 5278 1299
3 1299 5278 1049
3 1299 1301 5279
3 5279 1301 5280
3 5279 5280 1297
3 1297 5280 1300
3 1301 1304 1302
3 1302 1304 1303
3 1304 1307 5281
3 5281 1307 5282
3 5281 5282 1305
3 1305 5282 1306
3 1307 1310 5283
3 5283 1310 5284
3 5283 5284 1308
3 1308 5284 1309
3 1310 1050 1311
3 1311 1050 1052
3 1311 1059 5285
3 5285 1059 5287
3 5285 5287 5286
3 5286 5287 5288
3 5286 5288 1309
3 1309 5288 1061
3 1308 5289 1306
3 1306 5289 5290
3 5289 1313 5290
3 5290 1313 1312
3 1313 5292 5291
3 5291 5292 5293
3 5291 5293 1314
3 1314 5293 5294
3 5292 1062 5293
3 5293 1062 5295
3 5293 5295 5294
3 5294 5295 1064
3 1314 1316 5296
3 5296 1316 5297
3 5296 5297 1312
3 1312 5297 1315
3 1316 5299 5298
3 5298 5299 5300
3 5298 5300 1317
3 1317 5300 5301
3 5299 1319 5300
3 5300 1319 5302
3 5300 5302 5301
3 5301 5302 1318
3 1319 5303 1320
3 1320 5303 5304
3 5303 1322 5304
3 5304 1322 1321
3 1322 1325 5305
3 5305 1325 5306
3 5305 5306 1323
3 1323 5306 1324
3 1325 1065 1326
3 1326 1065 1067
3 1326 1068 1324
3 1324 1068 1070
3 1323 1328 1321
3 1321 1328 1327
3 1328 1331 5307
3 5307 1331 5309
3 5307 5309 5308
3 5308 5309 5310
3 5308 5310 1329
3 1329 5310 1330
3 1331 5313 5311
3 5311 5313 5314
3 5311 5314 5312
3 5312 5314 5315
3 5312 5315 1332
3 1332 5315 5316
3 5313 1334 5314
3 5314 1334 5317
3 5314 5317 5315
3 5315 5317 5318
3 5315 5318 5316
3 5316 5318 1333
3 1334 1337 5319
3 5319 1337 5321
3 5319 5321 5320
3 5320 5321 5322
3 5320 5322 1335
3 1335 5322 1336
3 1337 1340 5323
3 5323 1340 5324
3 5323 5324 1338
3 1338 5324 1339
3 1340 1343 5325
3 5325 1343 5328
3 5325 5328 5326
3 5326 5328 5329
3 5326 5329 5327
3 5327 5329 5330
3 5327 5330 1341
3 1341 5330 1342
3 1343 1346 5331
3 5331 1346 5333
3 5331 5333 5332
3 5332 5333 5334
3 5332 5334 1344
3 1344 5334 1345
3 1350 1347 1349
3 1346 1351 1348
3 1351 1073 5335
3 5335 1073 5336
3 5335 5336 1352
3 1352 5336 1075
3 1078 1350 1354
3 1352 1076 1353
3 1347 1102 5337
3 5337 1102 5338
3 5337 5338 1345
3 1345 5338 1104
3 1344 1111 1342
3 1342 1111 1113
3 1341 1356 5339
3 5339 1356 5341
3 5339 5341 5340
3 5340 5341 5342
3 5340 5342 1339
3 1339 5342 1355
3 1360 1357 1359
3 1356 1361 1358
3 1361 1364 5343
3 5343 1364 5345
3 5343 5345 5344
3 5344 5345 5346
3 5344 5346 1362
3 1362 5346 1363
3 1364 1114 5347
3 5347 1114 5349
3 5347 5349 5348
3 5348 5349 5350
3 5348 5350 1365
3 1365 5350 1116
3 1365 5351 1363
3 1363 5351 5352
3 5351 5353 5352
3 5352 5353 5354
3 5353 1367 5354
3 5354 1367 1366
3 1367 1370 5355
3 5355 1370 5357
3 5355 5357 5356
3 5356 5357 5358
3 5356 5358 1368
3 1368 5358 1369
3 1370 5360 5359
3 5359 5360 5361
3 5359 5361 1371
3 1371 5361 5362
3 5360 1123 5361
3 5361 1123 5363
3 5361 5363 5362
3 5362 5363 1125
3 1371 5364 1369
3 1369 5364 5365
3 5364 1373 5365
3 5365 1373 1372
3 1373 5368 5366
3 5366 5368 5369
3 5366 5369 5367
3 5367 5369 5370
3 5367 5370 1374
3 1374 5370 5371
3 5368 1376 5369
3 5369 1376 5372
3 5369 5372 5370
3 5370 5372 5373
3 5370 5373 5371
3 5371 5373 1375
3 1376 1379 5374
3 5374 1379 5375
3 5374 5375 1377
3 1377 5375 1378
3 1379 1382 5376
3 5376 1382 5378
3 5376 5378 5377
3 5377 5378 5379
3 5377 5379 1380
3 1380 5379 1381
3 1382 1126 5380
3 5380 1126 5381
3 5380 5381 1383
3 1383 5381 1128
3 1383 1132 5382
3 5382 1132 5383
3 5382 5383 1381
3 1381 5383 1134
3 1380 1385 1378
3 1378 1385 1384
3 1385 1388 1386
3 1386 1388 1387
3 1388 5384 1389
3 1389 5384 5385
3 5384 1137 5385
3 5385 1137 1139
3 1389 1391 5386
3 5386 1391 5387
3 5386 5387 1387
3 1387 5387 1390
3 1391 1394 5388
3 5388 1394 5389
3 5388 5389 1392
3 1392 5389 1393
3 1394 1397 5390
3 5390 1397 5392
3 5390 5392 5391
3 5391 5392 5393
3 5391 5393 1395
3 1395 5393 1396
3 1397 1400 5394
3 5394 1400 5395
3 5394 5395 1398
3 1398 5395 1399
3 1400 1403 5396
3 5396 1403 5397
3 5396 5397 1401
3 1401 5397 1402
3 1403 1142 1404
3 1404 1142 1144
3 1404 1406 5398
3 5398 1406 5399
3 5398 5399 1402
3 1402 5399 1405
3 1406 1409 5400
3 5400 1409 5401
3 5400 5401 1407
3 1407 5401 1408
3 1409 1145 5402
3 5402 1145 5405
3 5402 5405 5403
3 5403 5405 5406
3 5403 5406 5404
3 5404 5406 5407
3 5404 5407 1410
3 1410 5407 1147
3 1410 1412 5408
3 5408 1412 5409
3 5408 5409 1408
3 1408 5409 1411
3 1412 1148 1413
3 1413 1148 1150
3 1413 1415 5410
3 5410 1415 5412
3 5410 5412 5411
3 5411 5412 5413
3 5411 5413 1411
3 1411 5413 1414
3 1415 1418 1416
3 1416 1418 1417
3 1418 1421 5414
3 5414 1421 5415
3 5414 5415 1419
3 1419 5415 1420
3 1421 1424 5416
3 5416 1424 5418
3 5416 5418 5417
3 5417 5418 5419
3 5417 5419 1422
3 1422 5419 1423
3 1424 1154 5420
3 5420 1154 5421
3 5420 5421 1425
3 1425 5421 1156
3 1425 1157 1423
3 1423 1157 1159
3 1422 1427 5422
3 5422 1427 5424
3 5422 5424 5423
3 5423 5424 5425
3 5423 5425 1420
3 1420 5425 1426
3 1427 1430 5426
3 5426 1430 5428
3 5426 5428 5427
3 5427 5428 5429
3 5427 5429 1428
3 1428 5429 1429
3 1430 1433 1431
3 1431 1433 1432
3 1433 5433 5430
3 5430 5433 5434
3 5430 5434 5431
3 5431 5434 5435
3 5431 5435 5432
3 5432 5435 5436
3 5432 5436 1434
3 1434 5436 5437
3 5433 1163 5434
3 5434 1163 5438
3 5434 5438 5435
3 5435 5438 5439
3 5435 5439 5436
3 5436 5439 5440
3 5436 5440 5437
3 5437 5440 1165
3 1434 1436 5441
3 5441 1436 5443
3 5441 5443 5442
3 5442 5443 5444
3 5442 5444 1432
3 1432 5444 1435
3 1436 1439 5445
3 5445 1439 5448
3 5445 5448 5446
3 5446 5448 5449
3 5446 5449 5447
3 5447 5449 5450
3 5447 5450 1437
3 1437 5450 1438
3 1443 1440 1442
3 1439 1444 1441
3 1444 1447 1445
3 1445 1447 1446
3 1447 1450 5451
3 5451 1450 5452
3 5451 5452 1448
3 1448 5452 1449
3 1450 1453 1451
3 1451 1453 1452
3 1453 1456 5453
3 5453 1456 5455
3 5453 5455 5454
3 5454 5455 5456
3 5454 5456 1454
3 1454 5456 1455
3 1456 1459 5457
3 5457 1459 5460
3 5457 5460 5458
3 5458 5460 5461
3 5458 5461 5459
3 5459 5461 5462
3 5459 5462 1457
3 1457 5462 1458
3 1459 1177 5463
3 5463 1177 5466
3 5463 5466 5464
3 5464 5466 5467
3 5464 5467 5465
3 5465 5467 5468
3 5465 5468 1460
3 1460 5468 1179
3 1460 1180 1458
3 1458 1180 1182
3 1457 1204 5469
3 5469 1204 5470
3 5469 5470 1455
3 1455 5470 1206
3 1454 1462 5471
3 5471 1462 5473
3 5471 5473 5472
3 5472 5473 5474
3 5472 5474 1452
3 1452 5474 1461
3 1462 1207 5475
3 5475 1207 5476
3 5475 5476 1463
3 1463 5476 1209
3 1463 1465 1461
3 1461 1465 1464
3 1465 5478 5477
3 5477 5478 5479
3 5477 5479 1466
3 1466 5479 5480
3 5478 1468 5479
3 5479 1468 5481
3 5479 5481 5480
3 5480 5481 1467
3 1468 1471 5482
3 5482 1471 5483
3 5482 5483 1469
3 1469 5483 1470
3 1471 1474 5484
3 5484 1474 5485
3 5484 5485 1472
3 1472 5485 1473
3 1474 1477 5486
3 5486 1477 5487
3 5486 5487 1475
3 1475 5487 1476
3 1477 1210 1478
3 1478 1210 1212
3 1478 1213 1476
3 1476 1213 1215
3 1475 1225 5488
3 5488 1225 5489
3 5488 5489 1473
3 1473 5489 1227
3 1472 1480 5490
3 5490 1480 5491
3 5490 5491 1470
3 1470 5491 1479
3 1480 1228 5492
3 5492 1228 5493
3 5492 5493 1481
3 1481 5493 1230
3 1481 1231 1479
3 1479 1231 1233
3 1469 5495 5494
3 5494 5495 5496
3 5494 5496 1467
3 1467 5496 5497
3 5495 1483 5496
3 5496 1483 5498
3 5496 5498 5497
3 5497 5498 1482
3 1483 5499 1484
3 1484 5499 5500
3 5499 1486 5500
3 5500 1486 1485
3 1486 1489 5501
3 5501 1489 5502
3 5501 5502 1487
3 1487 5502 1488
3 1489 1492 1490
3 1490 1492 1491
3 1492 1495 1493
3 1493 1495 1494
3 1495 5503 1496
3 1496 5503 5504
3 5503 1234 5504
3 5504 1234 1236
3 1496 5505 1494
3 1494 5505 5506
3 5505 1498 5506
3 5506 1498 1497
3 1498 1501 5507
3 5507 1501 5508
3 5507 5508 1499
3 1499 5508 1500
3 1501 1240 1502
3 1502 1240 1242
3 1502 1504 1500
3 1500 1504 1503
3 1504 1246 1505
3 1505 1246 1248
3 1505 1507 5509
3 5509 1507 5510
3 5509 5510 1503
3 1503 5510 1506
3 1507 1510 1508
3 1508 1510 1509
3 1510 1255 5511
3 5511 1255 5512
3 5511 5512 1511
3 1511 5512 1257
3 1511 1513 5513
3 5513 1513 5514
3 5513 5514 1509
3 1509 5514 1512
3 1513 1516 5515
3 5515 1516 5516
3 5515 5516 1514
3 1514 5516 1515
3 1516 1519 5517
3 5517 1519 5520
3 5517 5520 5518
3 5518 5520 5521
3 5518 5521 5519
3 5519 5521 5522
3 5519 5522 1517
3 1517 5522 1518
3 1519 5524 5523
3 5523 5524 5525
3 5523 5525 1520
3 1520 5525 5526
3 5524 1522 5525
3 5525 1522 5527
3 5525 5527 5526
3 5526 5527 1521
3 1522 1258 5528
3 5528 1258 5531
3 5528 5531 5529
3 5529 5531 5532
3 5529 5532 5530
3 5530 5532 5533
3 5530 5533 1523
3 1523 5533 1260
3 1523 1525 5534
3 5534 1525 5535
3 5534 5535 1521
3 1521 5535 1524
3 1525 1528 5536
3 5536 1528 5537
3 5536 5537 1526
3 1526 5537 1527
3 1528 1276 1529
3 1529 1276 1278
3 1529 1531 5538
3 5538 1531 5540
3 5538 5540 5539
3 5539 5540 5541
3 5539 5541 1527
3 1527 5541 1530
3 1531 1534 1532
3 1532 1534 1533
3 1534 1279 1535
3 1535 1279 1281
3 1535 1537 1533
3 1533 1537 1536
3 1537 1540 5542
3 5542 1540 5544
3 5542 5544 5543
3 5543 5544 5545
3 5543 5545 1538
3 1538 5545 1539
3 1540 1543 1541
3 1541 1543 1542
3 1543 5546 1544
3 1544 5546 5547
3 5546 1282 5547
3 5547 1282 1284
3 1544 1546 1542
3 1542 1546 1545
3 1546 1300 1547
3 1547 1300 1302
3 1547 1303 1545
3 1545 1303 1305
3 1541 1549 5548
3 5548 1549 5549
3 5548 5549 1539
3 1539 5549 1548
3 1549 5551 5550
3 5550 5551 5552
3 5550 5552 1550
3 1550 5552 5553
3 5551 5554 5552
3 5552 5554 5555
3 5552 5555 5553
3 5553 5555 5556
3 5554 1552 5555
3 5555 1552 5557
3 5555 5557 5556
3 5556 5557 1551
3 1552 1315 5558
3 5558 1315 5559
3 5558 5559 1553
3 1553 5559 1317
3 1553 1555 5560
3 5560 1555 5561
3 5560 5561 1551
3 1551 5561 1554
3 1555 1558 5562
3 5562 1558 5563
3 5562 5563 1556
3 1556 5563 1557
3 1558 1561 1559
3 1559 1561 1560
3 1561 1564 5564
3 5564 1564 5565
3 5564 5565 1562
3 1562 5565 1563
3 1564 1567 5566
3 5566 1567 5567
3 5566 5567 1565
3 1565 5567 1566
3 1567 1318 1568
3 1568 1318 1320
3 1568 1327 5568
3 5568 1327 5570
3 5568 5570 5569
3 5569 5570 5571
3 5569 5571 1566
3 1566 5571 1329
3 1565 1570 1563
3 1563 1570 1569
3 1570 1573 5572
3 5572 1573 5574
3 5572 5574 5573
3 5573 5574 5575
3 5573 5575 1571
3 1571 5575 1572
3 1573 1330 1574
3 1574 1330 1332
3 1574 1576 5576
3 5576 1576 5577
3 5576 5577 1572
3 1572 5577 1575
3 1576 1579 5578
3 5578 1579 5579
3 5578 5579 1577
3 1577 5579 1578
3 1579 1582 5580
3 5580 1582 5581
3 5580 5581 1580
3 1580 5581 1581
3 1582 1333 1583
3 1583 1333 1335
3 1583 1585 5582
3 5582 1585 5583
3 5582 5583 1581
3 1581 5583 1584
3 1585 1360 5584
3 5584 1360 5585
3 5584 5585 1586
3 1586 5585 1362
3 1586 1588 5586
3 5586 1588 5588
3 5586 5588 5587
3 5587 5588 5589
3 5587 5589 1584
3 1584 5589 1587
3 1588 1366 5590
3 5590 1366 5592
3 5590 5592 5591
3 5591 5592 5593
3 5591 5593 1589
3 1589 5593 1368
3 1589 1591 5594
3 5594 1591 5597
3 5594 5597 5595
3 5595 5597 5598
3 5595 5598 5596
3 5596 5598 5599
3 5596 5599 1587
3 1587 5599 1590
3 1591 5603 5600
3 5600 5603 5604
3 5600 5604 5601
3 5601 5604 5605
3 5601 5605 5602
3 5602 5605 5606
3 5602 5606 1592
3 1592 5606 5607
3 5603 1594 5604
3 5604 1594 5608
3 5604 5608 5605
3 5605 5608 5609
3 5605 5609 5606
3 5606 5609 5610
3 5606 5610 5607
3 5607 5610 1593
3 1594 1597 5611
3 5611 1597 5613
3 5611 5613 5612
3 5612 5613 5614
3 5612 5614 1595
3 1595 5614 1596
3 1597 1600 5615
3 5615 1600 5617
3 5615 5617 5616
3 5616 5617 5618
3 5616 5618 1598
3 1598 5618 1599
3 1600 1372 5619
3 5619 1372 5621
3 5619 5621 5620
3 5620 5621 5622
3 5620 5622 1601
3 1601 5622 1374
3 1601 1603 1599
3 1599 1603 1602
3 1603 5626 5623
3 5623 5626 5627
3 5623 5627 5624
3 5624 5627 5628
3 5624 5628 5625
3 5625 5628 5629
3 5625 5629 1604
3 1604 5629 5630
3 5626 1606 5627
3 5627 1606 5631
3 5627 5631 5628
3 5628 5631 5632
3 5628 5632 5629
3 5629 5632 5633
3 5629 5633 5630
3 5630 5633 1605
3 1606 1390 1607
3 1607 1390 1392
3 1607 1609 5634
3 5634 1609 5637
3 5634 5637 5635
3 5635 5637 5638
3 5635 5638 5636
3 5636 5638 5639
3 5636 5639 1605
3 1605 5639 1608
3 1609 1612 5640
3 5640 1612 5642
3 5640 5642 5641
3 5641 5642 5643
3 5641 5643 1610
3 1610 5643 1611
3 1612 1615 5644
3 5644 1615 5646
3 5644 5646 5645
3 5645 5646 5647
3 5645 5647 1613
3 1613 5647 1614
3 1615 1393 5648
3 5648 1393 5650
3 5648 5650 5649
3 5649 5650 5651
3 5649 5651 1616
3 1616 5651 1395
3 1616 1618 1614
3 1614 1618 1617
3 1618 5654 5652
3 5652 5654 5655
3 5652 5655 5653
3 5653 5655 5656
3 5653 5656 1619
3 1619 5656 5657
3 5654 1621 5655
3 5655 1621 5658
3 5655 5658 5656
3 5656 5658 5659
3 5656 5659 5657
3 5657 5659 1620
3 1621 1624 1622
3 1622 1624 1623
3 1624 1627 5660
3 5660 1627 5662
3 5660 5662 5661
3 5661 5662 5663
3 5661 5663 1625
3 1625 5663 1626
3 1627 1630 1628
3 1628 1630 1629
3 1630 1396 1631
3 1631 1396 1398
3 1631 1399 1629
3 1629 1399 1401
3 1628 1633 5664
3 5664 1633 5666
3 5664 5666 5665
3 5665 5666 5667
3 5665 5667 1626
3 1626 5667 1632
3 1633 1636 5668
3 5668 1636 5670
3 5668 5670 5669
3 5669 5670 5671
3 5669 5671 1634
3 1634 5671 1635
3 1636 1639 5672
3 5672 1639 5674
3 5672 5674 5673
3 5673 5674 5675
3 5673 5675 1637
3 1637 5675 1638
3 1639 1642 5676
3 5676 1642 5677
3 5676 5677 1640
3 1640 5677 1641
3 1642 1405 5678
3 5678 1405 5680
3 5678 5680 5679
3 5679 5680 5681
3 5679 5681 1643
3 1643 5681 1407
3 1643 1645 5682
3 5682 1645 5684
3 5682 5684 5683
3 5683 5684 5685
3 5683 5685 1641
3 1641 5685 1644
3 1645 1648 5686
3 5686 1648 5688
3 5686 5688 5687
3 5687 5688 5689
3 5687 5689 1646
3 1646 5689 1647
3 1648 1651 5690
3 5690 1651 5691
3 5690 5691 1649
3 1649 5691 1650
3 1651 1414 5692
3 5692 1414 5693
3 5692 5693 1652
3 1652 5693 1416
3 1652 1654 5694
3 5694 1654 5696
3 5694 5696 5695
3 5695 5696 5697
3 5695 5697 1650
3 1650 5697 1653
3 1654 1417 1655
3 1655 1417 1419
3 1655 5700 5698
3 5698 5700 5701
3 5698 5701 5699
3 5699 5701 5702
3 5699 5702 1653
3 1653 5702 5703
3 5700 1657 5701
3 5701 1657 5704
3 5701 5704 5702
3 5702 5704 5705
3 5702 5705 5703
3 5703 5705 1656
3 1657 1660 5706
3 5706 1660 5708
3 5706 5708 5707
3 5707 5708 5709
3 5707 5709 1658
3 1658 5709 1659
3 1660 1663 1661
3 1661 1663 1662
3 1663 5713 5710
3 5710 5713 5714
3 5710 5714 5711
3 5711 5714 5715
3 5711 5715 5712
3 5712 5715 5716
3 5712 5716 1664
3 1664 5716 5717
3 5713 1666 5714
3 5714 1666 5718
3 5714 5718 5715
3 5715 5718 5719
3 5715 5719 5716
3 5716 5719 5720
3 5716 5720 5717
3 5717 5720 1665
3 1666 1426 1667
3 1667 1426 1428
3 1667 1669 5721
3 5721 1669 5724
3 5721 5724 5722
3 5722 5724 5725
3 5722 5725 5723
3 5723 5725 5726
3 5723 5726 1665
3 1665 5726 1668
3 1669 1672 5727
3 5727 1672 5729
3 5727 5729 5728
3 5728 5729 5730
3 5728 5730 1670
3 1670 5730 1671
3 1672 1429 5731
3 5731 1429 5733
3 5731 5733 5732
3 5732 5733 5734
3 5732 5734 1673
3 1673 5734 1431
3 1673 1435 5735
3 5735 1435 5736
3 5735 5736 1671
3 1671 5736 1437
3 1670 1438 5737
3 5737 1438 5738
3 5737 5738 1668
3 1668 5738 1440
3 1664 1675 5739
3 5739 1675 5741
3 5739 5741 5740
3 5740 5741 5742
3 5740 5742 1662
3 1662 5742 1674
3 1675 5746 5743
3 5743 5746 5747
3 5743 5747 5744
3 5744 5747 5748
3 5744 5748 5745
3 5745 5748 5749
3 5745 5749 1676
3 1676 5749 5750
3 5746 1678 5747
3 5747 1678 5751
3 5747 5751 5748
3 5748 5751 5752
3 5748 5752 5749
3 5749 5752 5753
3 5749 5753 5750
3 5750 5753 1677
3 1678 1681 1679
3 1679 1681 1680
3 1681 1684 5754
3 5754 1684 5755
3 5754 5755 1682
3 1682 5755 1683
3 1684 1687 1685
3 1685 1687 1686
3 1687 1690 5756
3 5756 1690 5758
3 5756 5758 5757
3 5757 5758 5759
3 5757 5759 1688
3 1688 5759 1689
3 1690 1693 5760
3 5760 1693 5763
3 5760 5763 5761
3 5761 5763 5764
3 5761 5764 5762
3 5762 5764 5765
3 5762 5765 1691
3 1691 5765 1692
3 1693 1443 5766
3 5766 1443 5769
3 5766 5769 5767
3 5767 5769 5770
3 5767 5770 5768
3 5768 5770 5771
3 5768 5771 1694
3 1694 5771 1445
3 1694 1446 1692
3 1692 1446 1448
3 1691 1696 5772
3 5772 1696 5773
3 5772 5773 1689
3 1689 5773 1695
3 1696 5775 5774
3 5774 5775 5776
3 5774 5776 1697
3 1697 5776 5777
3 5775 1482 5776
3 5776 1482 5778
3 5776 5778 5777
3 5777 5778 1484
3 1697 1699 1695
3 1695 1699 1698
3 1699 1702 5779
3 5779 1702 5781
3 5779 5781 5780
3 5780 5781 5782
3 5780 5782 1700
3 1700 5782 1701
3 1702 1705 5783
3 5783 1705 5786
3 5783 5786 5784
3 5784 5786 5787
3 5784 5787 5785
3 5785 5787 5788
3 5785 5788 1703
3 1703 5788 1704
3 1705 1485 5789
3 5789 1485 5790
3 5789 5790 1706
3 1706 5790 1487
3 1706 5792 5791
3 5791 5792 5793
3 5791 5793 1704
3 1704 5793 5794
3 5792 1708 5793
3 5793 1708 5795
3 5793 5795 5794
3 5794 5795 1707
3 1708 1711 5796
3 5796 1711 5797
3 5796 5797 1709
3 1709 5797 1710
3 1711 1714 5798
3 5798 1714 5799
3 5798 5799 1712
3 1712 5799 1713
3 1714 1717 5800
3 5800 1717 5801
3 5800 5801 1715
3 1715 5801 1716
3 1717 1488 1718
3 1718 1488 1490
3 1718 1491 1716
3 1716 1491 1493
3 1715 1720 5802
3 5802 1720 5803
3 5802 5803 1713
3 1713 5803 1719
3 1720 1497 5804
3 5804 1497 5805
3 5804 5805 1721
3 1721 5805 1499
3 1721 5806 1719
3 1719 5806 5807
3 5806 5808 5807
3 5807 5808 5809
3 5808 1723 5809
3 5809 1723 1722
3 1723 1726 5810
3 5810 1726 5812
3 5810 5812 5811
3 5811 5812 5813
3 5811 5813 1724
3 1724 5813 1725
3 1726 1729 5814
3 5814 1729 5816
3 5814 5816 5815
3 5815 5816 5817
3 5815 5817 1727
3 1727 5817 1728
3 1729 1732 5818
3 5818 1732 5820
3 5818 5820 5819
3 5819 5820 5821
3 5819 5821 1730
3 1730 5821 1731
3 1732 1735 1733
3 1733 1735 1734
3 1735 1506 1736
3 1736 1506 1508
3 1736 1512 1734
3 1734 1512 1514
3 1733 1738 5822
3 5822 1738 5824
3 5822 5824 5823
3 5823 5824 5825
3 5823 5825 1731
3 1731 5825 1737
3 1738 1515 5826
3 5826 1515 5828
3 5826 5828 5827
3 5827 5828 5829
3 5827 5829 1739
3 1739 5829 1517
3 1739 5830 1737
3 1737 5830 5831
3 5830 1741 5831
3 5831 1741 1740
3 1741 1744 1742
3 1742 1744 1743
3 1744 1747 1745
3 1745 1747 1746
3 1747 1750 1748
3 1748 1750 1749
3 1750 1753 5832
3 5832 1753 5835
3 5832 5835 5833
3 5833 5835 5836
3 5833 5836 5834
3 5834 5836 5837
3 5834 5837 1751
3 1751 5837 1752
3 1753 1518 5838
3 5838 1518 5840
3 5838 5840 5839
3 5839 5840 5841
3 5839 5841 1754
3 1754 5841 1520
3 1754 1524 1752
3 1752 1524 1526
3 1751 1756 5842
3 5842 1756 5845
3 5842 5845 5843
3 5843 5845 5846
3 5843 5846 5844
3 5844 5846 5847
3 5844 5847 1749
3 1749 5847 1755
3 1756 1759 5848
3 5848 1759 5850
3 5848 5850 5849
3 5849 5850 5851
3 5849 5851 1757
3 1757 5851 1758
3 1759 1762 5852
3 5852 1762 5853
3 5852 5853 1760
3 1760 5853 1761
3 1762 1530 5854
3 5854 1530 5856
3 5854 5856 5855
3 5855 5856 5857
3 5855 5857 1763
3 1763 5857 1532
3 1763 1765 5858
3 5858 1765 5860
3 5858 5860 5859
3 5859 5860 5861
3 5859 5861 1761
3 1761 5861 1764
3 1765 1536 5862
3 5862 1536 5864
3 5862 5864 5863
3 5863 5864 5865
3 5863 5865 1766
3 1766 5865 1538
3 1766 1768 5866
3 5866 1768 5868
3 5866 5868 5867
3 5867 5868 5869
3 5867 5869 1764
3 1764 5869 1767
3 1768 1771 1769
3 1769 1771 1770
3 1771 1774 5870
3 5870 1774 5871
3 5870 5871 1772
3 1772 5871 1773
3 1774 1777 1775
3 1775 1777 1776
3 1777 1780 5872
3 5872 1780 5873
3 5872 5873 1778
3 1778 5873 1779
3 1780 5874 1781
3 1781 5874 5875
3 5874 5876 5875
3 5875 5876 5877
3 5876 1548 5877
3 5877 1548 1550
3 1781 1783 5878
3 5878 1783 5879
3 5878 5879 1779
3 1779 5879 1782
3 1783 1554 5880
3 5880 1554 5881
3 5880 5881 1784
3 1784 5881 1556
3 1784 5882 1782
3 1782 5882 5883
3 5882 1786 5883
3 5883 1786 1785
3 1786 1789 1787
3 1787 1789 1788
3 1789 1557 1790
3 1790 1557 1559
3 1790 1560 1788
3 1788 1560 1562
3 1787 1792 1785
3 1785 1792 1791
3 1792 1795 1793
3 1793 1795 1794
3 1795 5885 5884
3 5884 5885 5886
3 5884 5886 1796
3 1796 5886 5887
3 5885 1569 5886
3 5886 1569 5888
3 5886 5888 5887
3 5887 5888 1571
3 1796 1798 5889
3 5889 1798 5890
3 5889 5890 1794
3 1794 5890 1797
3 1798 1801 1799
3 1799 1801 1800
3 1801 5892 5891
3 5891 5892 5893
3 5891 5893 1802
3 1802 5893 5894
3 5892 5895 5893
3 5893 5895 5896
3 5893 5896 5894
3 5894 5896 5897
3 5895 1804 5896
3 5896 1804 5898
3 5896 5898 5897
3 5897 5898 1803
3 1804 5899 1805
3 1805 5899 5900
3 5899 1807 5900
3 5900 1807 1806
3 1807 1810 5901
3 5901 1810 5902
3 5901 5902 1808
3 1808 5902 1809
3 1810 1575 1811
3 1811 1575 1577
3 1811 1578 1809
3 1809 1578 1580
3 1808 1813 1806
3 1806 1813 1812
3 1813 1816 5903
3 5903 1816 5906
3 5903 5906 5904
3 5904 5906 5907
3 5904 5907 5905
3 5905 5907 5908
3 5905 5908 1814
3 1814 5908 1815
3 1816 1819 5909
3 5909 1819 5912
3 5909 5912 5910
3 5910 5912 5913
3 5910 5913 5911
3 5911 5913 5914
3 5911 5914 1817
3 1817 5914 1818
3 1819 5918 5915
3 5915 5918 5919
3 5915 5919 5916
3 5916 5919 5920
3 5916 5920 5917
3 5917 5920 5921
3 5917 5921 1820
3 1820 5921 5922
3 5918 1590 5919
3 5919 1590 5923
3 5919 5923 5920
3 5920 5923 5924
3 5920 5924 5921
3 5921 5924 5925
3 5921 5925 5922
3 5922 5925 1592
3 1820 1822 1818
3 1818 1822 1821
3 1822 1825 5926
3 5926 1825 5927
3 5926 5927 1823
3 1823 5927 1824
3 1825 5928 1826
3 1826 5928 5929
3 5928 1828 5929
3 5929 1828 1827
3 1828 1831 5930
3 5930 1831 5933
3 5930 5933 5931
3 5931 5933 5934
3 5931 5934 5932
3 5932 5934 5935
3 5932 5935 1829
3 1829 5935 1830
3 1831 1834 5936
3 5936 1834 5939
3 5936 5939 5937
3 5937 5939 5940
3 5937 5940 5938
3 5938 5940 5941
3 5938 5941 1832
3 1832 5941 1833
3 1834 5945 5942
3 5942 5945 5946
3 5942 5946 5943
3 5943 5946 5947
3 5943 5947 5944
3 5944 5947 5948
3 5944 5948 1835
3 1835 5948 5949
3 5945 1837 5946
3 5946 1837 5950
3 5946 5950 5947
3 5947 5950 5951
3 5947 5951 5948
3 5948 5951 5952
3 5948 5952 5949
3 5949 5952 1836
3 1837 1593 5953
3 5953 1593 5954
3 5953 5954 1838
3 1838 5954 1595
3 1838 1840 5955
3 5955 1840 5958
3 5955 5958 5956
3 5956 5958 5959
3 5956 5959 5957
3 5957 5959 5960
3 5957 5960 1836
3 1836 5960 1839
3 1840 1596 5961
3 5961 1596 5962
3 5961 5962 1841
3 1841 5962 1598
3 1841 1602 5963
3 5963 1602 5965
3 5963 5965 5964
3 5964 5965 5966
3 5964 5966 1839
3 1839 5966 1604
3 1835 1843 1833
3 1833 1843 1842
3 1843 1846 5967
3 5967 1846 5968
3 5967 5968 1844
3 1844 5968 1845
3 1846 5969 1847
3 1847 5969 5970
3 5969 1849 5970
3 5970 1849 1848
3 1849 1852 5971
3 5971 1852 5973
3 5971 5973 5972
3 5972 5973 5974
3 5972 5974 1850
3 1850 5974 1851
3 1856 1853 1855
3 1852 1857 1854
3 1858 5975 1861
3 1861 5975 5976
3 5976 5975 1860
3 1857 1862 5977
3 5977 1862 5978
3 5977 5978 1859
3 1862 1865 5979
3 5979 1865 5982
3 5979 5982 5980
3 5980 5982 5983
3 5980 5983 5981
3 5981 5983 5984
3 5981 5984 1863
3 1863 5984 1864
3 1865 1608 5985
3 5985 1608 5986
3 5985 5986 1866
3 1866 5986 1610
3 1866 1868 5987
3 5987 1868 5988
3 5987 5988 1864
3 1864 5988 1867
3 1868 1611 5989
3 5989 1611 5990
3 5989 5990 1869
3 1869 5990 1613
3 1869 1871 5991
3 5991 1871 5992
3 5991 5992 1867
3 1867 5992 1870
3 1871 1617 5993
3 5993 1617 5995
3 5993 5995 5994
3 5994 5995 5996
3 5994 5996 1872
3 1872 5996 1619
3 1872 1874 5997
3 5997 1874 5998
3 5997 5998 1870
3 1870 5998 1873
3 1874 5999 1875
3 1875 5999 6000
3 5999 1877 6000
3 6000 1877 1876
3 1877 1880 6001
3 6001 1880 6002
3 6001 6002 1878
3 1878 6002 1879
3 1880 1883 1881
3 1881 1883 1882
3 1883 1886 6003
3 6003 1886 6005
3 6003 6005 6004
3 6004 6005 6006
3 6004 6006 1884
3 1884 6006 1885
3 1886 1889 6007
3 6007 1889 6009
3 6007 6009 6008
3 6008 6009 6010
3 6008 6010 1887
3 1887 6010 1888
3 1889 1892 6011
3 6011 1892 6015
3 6011 6015 6012
3 6012 6015 6016
3 6012 6016 6013
3 6013 6016 6017
3 6013 6017 6014
3 6014 6017 6018
3 6014 6018 1890
3 1890 6018 1891
3 1892 1895 6019
3 6019 1895 6022
3 6019 6022 6020
3 6020 6022 6023
3 6020 6023 6021
3 6021 6023 6024
3 6021 6024 1893
3 1893 6024 1894
3 1895 1898 6025
3 6025 1898 6026
3 6025 6026 1896
3 1896 6026 1897
3 1898 1620 6027
3 6027 1620 6029
3 6027 6029 6028
3 6028 6029 6030
3 6028 6030 1899
3 1899 6030 1622
3 1899 1901 6031
3 6031 1901 6033
3 6031 6033 6032
3 6032 6033 6034
3 6032 6034 1897
3 1897 6034 1900
3 1901 1904 6035
3 6035 1904 6036
3 6035 6036 1902
3 1902 6036 1903
3 1904 1623 6037
3 6037 1623 6039
3 6037 6039 6038
3 6038 6039 6040
3 6038 6040 1905
3 1905 6040 1625
3 1905 1907 1903
3 1903 1907 1906
3 1907 1910 6041
3 6041 1910 6044
3 6041 6044 6042
3 6042 6044 6045
3 6042 6045 6043
3 6043 6045 6046
3 6043 6046 1908
3 1908 6046 1909
3 1910 1913 6047
3 6047 1913 6049
3 6047 6049 6048
3 6048 6049 6050
3 6048 6050 1911
3 1911 6050 1912
3 1913 1916 6051
3 6051 1916 6053
3 6051 6053 6052
3 6052 6053 6054
3 6052 6054 1914
3 1914 6054 1915
3 1916 1919 6055
3 6055 1919 6057
3 6055 6057 6056
3 6056 6057 6058
3 6056 6058 1917
3 1917 6058 1918
3 1919 1632 6059
3 6059 1632 6060
3 6059 6060 1920
3 1920 6060 1634
3 1920 1922 6061
3 6061 1922 6063
3 6061 6063 6062
3 6062 6063 6064
3 6062 6064 1918
3 1918 6064 1921
3 1922 1925 6065
3 6065 1925 6066
3 6065 6066 1923
3 1923 6066 1924
3 1925 1928 6067
3 6067 1928 6068
3 6067 6068 1926
3 1926 6068 1927
3 1928 6069 1929
3 1929 6069 6070
3 6069 1635 6070
3 6070 1635 1637
3 1929 1931 6071
3 6071 1931 6072
3 6071 6072 1927
3 1927 6072 1930
3 1931 1934 6073
3 6073 1934 6075
3 6073 6075 6074
3 6074 6075 6076
3 6074 6076 1932
3 1932 6076 1933
3 1934 1937 1935
3 1935 1937 1936
3 1937 1940 6077
3 6077 1940 6079
3 6077 6079 6078
3 6078 6079 6080
3 6078 6080 1938
3 1938 6080 1939
3 1940 1638 6081
3 6081 1638 6082
3 6081 6082 1941
3 1941 6082 1640
3 1941 1644 1939
3 1939 1644 1646
3 1938 1943 6083
3 6083 1943 6085
3 6083 6085 6084
3 6084 6085 6086
3 6084 6086 1936
3 1936 6086 1942
3 1943 1946 1944
3 1944 1946 1945
3 1946 6088 6087
3 6087 6088 6089
3 6087 6089 1947
3 1947 6089 6090
3 6088 6091 6089
3 6089 6091 6092
3 6089 6092 6090
3 6090 6092 6093
3 6091 1949 6092
3 6092 1949 6094
3 6092 6094 6093
3 6093 6094 1948
3 1949 1647 6095
3 6095 1647 6098
3 6095 6098 6096
3 6096 6098 6099
3 6096 6099 6097
3 6097 6099 6100
3 6097 6100 1950
3 1950 6100 1649
3 1950 1952 6101
3 6101 1952 6103
3 6101 6103 6102
3 6102 6103 6104
3 6102 6104 1948
3 1948 6104 1951
3 1952 6105 1953
3 1953 6105 6106
3 6105 6107 6106
3 6106 6107 6108
3 6107 1656 6108
3 6108 1656 1658
3 1953 1955 6109
3 6109 1955 6111
3 6109 6111 6110
3 6110 6111 6112
3 6110 6112 1951
3 1951 6112 1954
3 1955 1958 6113
3 6113 1958 6115
3 6113 6115 6114
3 6114 6115 6116
3 6114 6116 1956
3 1956 6116 1957
3 1958 1961 6117
3 6117 1961 6120
3 6117 6120 6118
3 6118 6120 6121
3 6118 6121 6119
3 6119 6121 6122
3 6119 6122 1959
3 1959 6122 1960
3 1961 1964 6123
3 6123 1964 6124
3 6123 6124 1962
3 1962 6124 1963
3 1964 1967 6125
3 6125 1967 6127
3 6125 6127 6126
3 6126 6127 6128
3 6126 6128 1965
3 1965 6128 1966
3 1967 6132 6129
3 6129 6132 6133
3 6129 6133 6130
3 6130 6133 6134
3 6130 6134 6131
3 6131 6134 6135
3 6131 6135 1968
3 1968 6135 6136
3 6132 1970 6133
3 6133 1970 6137
3 6133 6137 6134
3 6134 6137 6138
3 6134 6138 6135
3 6135 6138 6139
3 6135 6139 6136
3 6136 6139 1969
3 1970 1973 6140
3 6140 1973 6142
3 6140 6142 6141
3 6141 6142 6143
3 6141 6143 1971
3 1971 6143 1972
3 1973 1659 6144
3 6144 1659 6146
3 6144 6146 6145
3 6145 6146 6147
3 6145 6147 1974
3 1974 6147 1661
3 1974 1976 6148
3 6148 1976 6149
3 6148 6149 1972
3 1972 6149 1975
3 1976 1674 6150
3 6150 1674 6153
3 6150 6153 6151
3 6151 6153 6154
3 6151 6154 6152
3 6152 6154 6155
3 6152 6155 1977
3 1977 6155 1676
3 1977 1969 6156
3 6156 1969 6157
3 6156 6157 1975
3 1975 6157 1971
3 1968 1979 6158
3 6158 1979 6159
3 6158 6159 1966
3 1966 6159 1978
3 1979 6160 1980
3 1980 6160 6161
3 6160 1982 6161
3 6161 1982 1981
3 1982 1985 6162
3 6162 1985 6163
3 6162 6163 1983
3 1983 6163 1984
3 1985 1988 1986
3 1986 1988 1987
3 1988 1991 6164
3 6164 1991 6166
3 6164 6166 6165
3 6165 6166 6167
3 6165 6167 1989
3 1989 6167 1990
3 1991 1994 6168
3 6168 1994 6170
3 6168 6170 6169
3 6169 6170 6171
3 6169 6171 1992
3 1992 6171 1993
3 1994 1997 6172
3 6172 1997 6175
3 6172 6175 6173
3 6173 6175 6176
3 6173 6176 6174
3 6174 6176 6177
3 6174 6177 1995
3 1995 6177 1996
3 1997 1677 6178
3 6178 1677 6181
3 6178 6181 6179
3 6179 6181 6182
3 6179 6182 6180
3 6180 6182 6183
3 6180 6183 1998
3 1998 6183 1679
3 1998 1680 1996
3 1996 1680 1682
3 1995 2000 6184
3 6184 2000 6185
3 6184 6185 1993
3 1993 6185 1999
3 2000 6187 6186
3 6186 6187 6188
3 6186 6188 2001
3 2001 6188 6189
3 6187 2003 6188
3 6188 2003 6190
3 6188 6190 6189
3 6189 6190 2002
3 2003 6192 6191
3 6191 6192 6193
3 6191 6193 2004
3 2004 6193 6194
3 6192 1707 6193
3 6193 1707 6195
3 6193 6195 6194
3 6194 6195 1709
3 2004 6196 2002
3 2002 6196 6197
3 6196 2006 6197
3 6197 2006 2005
3 2006 2009 6198
3 6198 2009 6199
3 6198 6199 2007
3 2007 6199 2008
3 2009 2012 2010
3 2010 2012 2011
3 2012 2015 2013
3 2013 2015 2014
3 2015 6200 2016
3 2016 6200 6201
3 6200 6202 6201
3 6201 6202 6203
3 6202 1725 6203
3 6203 1725 1727
3 2016 6204 2014
3 2014 6204 6205
3 6204 2018 6205
3 6205 2018 2017
3 2018 1743 6206
3 6206 1743 6207
3 6206 6207 2019
3 2019 6207 1745
3 2019 2021 6208
3 6208 2021 6209
3 6208 6209 2017
3 2017 6209 2020
3 2021 6210 2022
3 2022 6210 6211
3 6210 6212 6211
3 6211 6212 6213
3 6212 2024 6213
3 6213 2024 2023
3 2024 2027 6214
3 6214 2027 6216
3 6214 6216 6215
3 6215 6216 6217
3 6215 6217 2025
3 2025 6217 2026
3 2027 2030 6218
3 6218 2030 6220
3 6218 6220 6219
3 6219 6220 6221
3 6219 6221 2028
3 2028 6221 2029
3 2030 2033 6222
3 6222 2033 6224
3 6222 6224 6223
3 6223 6224 6225
3 6223 6225 2031
3 2031 6225 2032
3 2033 2036 2034
3 2034 2036 2035
3 2036 2039 6226
3 6226 2039 6228
3 6226 6228 6227
3 6227 6228 6229
3 6227 6229 2037
3 2037 6229 2038
3 2039 1746 6230
3 6230 1746 6231
3 6230 6231 2040
3 2040 6231 1748
3 2040 6233 6232
3 6232 6233 6234
3 6232 6234 2038
3 2038 6234 6235
3 6233 1755 6234
3 6234 1755 6236
3 6234 6236 6235
3 6235 6236 1757
3 2037 2042 6237
3 6237 2042 6238
3 6237 6238 2035
3 2035 6238 2041
3 2042 2045 6239
3 6239 2045 6241
3 6239 6241 6240
3 6240 6241 6242
3 6240 6242 2043
3 2043 6242 2044
3 2045 6244 6243
3 6243 6244 6245
3 6243 6245 2046
3 2046 6245 6246
3 6244 6247 6245
3 6245 6247 6248
3 6245 6248 6246
3 6246 6248 6249
3 6247 2048 6248
3 6248 2048 6250
3 6248 6250 6249
3 6249 6250 2047
3 2048 1758 6251
3 6251 1758 6253
3 6251 6253 6252
3 6252 6253 6254
3 6252 6254 2049
3 2049 6254 1760
3 2049 2051 6255
3 6255 2051 6257
3 6255 6257 6256
3 6256 6257 6258
3 6256 6258 2047
3 2047 6258 2050
3 2051 2054 6259
3 6259 2054 6260
3 6259 6260 2052
3 2052 6260 2053
3 2054 1767 6261
3 6261 1767 6262
3 6261 6262 2055
3 2055 6262 1769
3 2055 1770 2053
3 2053 1770 1772
3 2052 2057 6263
3 6263 2057 6265
3 6263 6265 6264
3 6264 6265 6266
3 6264 6266 2050
3 2050 6266 2056
3 2057 2060 6267
3 6267 2060 6270
3 6267 6270 6268
3 6268 6270 6271
3 6268 6271 6269
3 6269 6271 6272
3 6269 6272 2058
3 2058 6272 2059
3 2060 2063 6273
3 6273 2063 6275
3 6273 6275 6274
3 6274 6275 6276
3 6274 6276 2061
3 2061 6276 2062
3 2063 1773 2064
3 2064 1773 1775
3 2064 2066 6277
3 6277 2066 6279
3 6277 6279 6278
3 6278 6279 6280
3 6278 6280 2062
3 2062 6280 2065
3 2066 2069 6281
3 6281 2069 6283
3 6281 6283 6282
3 6282 6283 6284
3 6282 6284 2067
3 2067 6284 2068
3 2069 1776 2070
3 2070 1776 1778
3 2070 2072 6285
3 6285 2072 6287
3 6285 6287 6286
3 6286 6287 6288
3 6286 6288 2068
3 2068 6288 2071
3 2072 6291 6289
3 6289 6291 6292
3 6289 6292 6290
3 6290 6292 6293
3 6290 6293 2073
3 2073 6293 6294
3 6291 2075 6292
3 6292 2075 6295
3 6292 6295 6293
3 6293 6295 6296
3 6293 6296 6294
3 6294 6296 2074
3 2075 1791 2076
3 2076 1791 1793
3 2076 2078 6297
3 6297 2078 6298
3 6297 6298 2074
3 2074 6298 2077
3 2078 1797 2079
3 2079 1797 1799
3 2079 2081 6299
3 6299 2081 6300
3 6299 6300 2077
3 2077 6300 2080
3 2081 1800 2082
3 2082 1800 1802
3 2082 2084 6301
3 6301 2084 6302
3 6301 6302 2080
3 2080 6302 2083
3 2084 2087 6303
3 6303 2087 6304
3 6303 6304 2085
3 2085 6304 2086
3 2087 2090 6305
3 6305 2090 6306
3 6305 6306 2088
3 2088 6306 2089
3 2090 2093 6307
3 6307 2093 6308
3 6307 6308 2091
3 2091 6308 2092
3 2093 2096 6309
3 6309 2096 6310
3 6309 6310 2094
3 2094 6310 2095
3 2096 2099 6311
3 6311 2099 6313
3 6311 6313 6312
3 6312 6313 6314
3 6312 6314 2097
3 2097 6314 2098
3 2099 2102 6315
3 6315 2102 6316
3 6315 6316 2100
3 2100 6316 2101
3 2102 1803 2103
3 2103 1803 1805
3 2103 2105 6317
3 6317 2105 6319
3 6317 6319 6318
3 6318 6319 6320
3 6318 6320 2101
3 2101 6320 2104
3 2105 1812 6321
3 6321 1812 6325
3 6321 6325 6322
3 6322 6325 6326
3 6322 6326 6323
3 6323 6326 6327
3 6323 6327 6324
3 6324 6327 6328
3 6324 6328 2106
3 2106 6328 1814
3 2106 2108 6329
3 6329 2108 6330
3 6329 6330 2104
3 2104 6330 2107
3 2108 6332 6331
3 6331 6332 6333
3 6331 6333 2109
3 2109 6333 6334
3 6332 2111 6333
3 6333 2111 6335
3 6333 6335 6334
3 6334 6335 2110
3 2111 2114 6336
3 6336 2114 6337
3 6336 6337 2112
3 2112 6337 2113
3 2114 6339 6338
3 6338 6339 6340
3 6338 6340 2115
3 2115 6340 6341
3 6339 2117 6340
3 6340 2117 6342
3 6340 6342 6341
3 6341 6342 2116
3 2117 6343 2118
3 2118 6343 6344
3 6343 1824 6344
3 6344 1824 1826
3 2118 2120 2116
3 2116 2120 2119
3 2120 2123 6345
3 6345 2123 6347
3 6345 6347 6346
3 6346 6347 6348
3 6346 6348 2121
3 2121 6348 2122
3 2123 2126 6349
3 6349 2126 6351
3 6349 6351 6350
3 6350 6351 6352
3 6350 6352 2124
3 2124 6352 2125
3 1829 2127 2129
3 2126 1827 6353
3 6353 1827 6354
3 6353 6354 2128
3 2127 2131 6355
3 6355 2131 6356
3 6355 6356 2125
3 2125 6356 2130
3 2131 6358 6357
3 6357 6358 6359
3 6357 6359 2132
3 2132 6359 6360
3 6358 2134 6359
3 6359 2134 6361
3 6359 6361 6360
3 6360 6361 2133
3 2134 6363 6362
3 6362 6363 6364
3 6362 6364 2135
3 2135 6364 6365
3 6363 2137 6364
3 6364 2137 6366
3 6364 6366 6365
3 6365 6366 2136
3 2137 6368 6367
3 6367 6368 6369
3 6367 6369 2138
3 2138 6369 6370
3 6368 2140 6369
3 6369 2140 6371
3 6369 6371 6370
3 6370 6371 2139
3 2140 6372 2141
3 2141 6372 6373
3 6372 1845 6373
3 6373 1845 1847
3 2141 2143 2139
3 2139 2143 2142
3 2143 2146 6374
3 6374 2146 6376
3 6374 6376 6375
3 6375 6376 6377
3 6375 6377 2144
3 2144 6377 2145
3 2146 1848 6378
3 6378 1848 6380
3 6378 6380 6379
3 6379 6380 6381
3 6379 6381 2147
3 2147 6381 1850
3 2147 2149 2145
3 2145 2149 2148
3 2149 1851 6382
3 6382 1851 6383
3 6382 6383 2150
3 2150 6383 1853
3 2150 2152 6384
3 6384 2152 6385
3 6384 6385 2148
3 2148 6385 2151
3 2152 6387 6386
3 6386 6387 6388
3 6386 6388 2153
3 2153 6388 6389
3 6387 2155 6388
3 6388 2155 6390
3 6388 6390 6389
3 6389 6390 2154
3 2155 6392 6391
3 6391 6392 6393
3 6391 6393 2156
3 2156 6393 6394
3 6392 2158 6393
3 6393 2158 6395
3 6393 6395 6394
3 6394 6395 2157
3 2158 2161 2159
3 2159 2161 2160
3 2161 2164 6396
3 6396 2164 6399
3 6396 6399 6397
3 6397 6399 6400
3 6397 6400 6398
3 6398 6400 6401
3 6398 6401 2162
3 2162 6401 2163
3 2164 6402 2165
3 2165 6402 6403
3 6402 1879 6403
3 6403 1879 1881
3 2165 1882 6404
3 6404 1882 6406
3 6404 6406 6405
3 6405 6406 6407
3 6405 6407 2163
3 2163 6407 1884
3 2162 2167 6408
3 6408 2167 6410
3 6408 6410 6409
3 6409 6410 6411
3 6409 6411 2160
3 2160 6411 2166
3 2167 2170 6412
3 6412 2170 6413
3 6412 6413 2168
3 2168 6413 2169
3 2170 6414 2171
3 2171 6414 6415
3 6414 2173 6415
3 6415 2173 2172
3 2173 2176 6416
3 6416 2176 6417
3 6416 6417 2174
3 2174 6417 2175
3 2176 1885 2177
3 2177 1885 1887
3 2177 2179 6418
3 6418 2179 6419
3 6418 6419 2175
3 2175 6419 2178
3 2179 1888 6420
3 6420 1888 6421
3 6420 6421 2180
3 2180 6421 1890
3 2180 6422 2178
3 2178 6422 6423
3 6422 2182 6423
3 6423 2182 2181
3 2182 6424 2183
3 2183 6424 6425
3 6424 2185 6425
3 6425 2185 2184
3 2185 1891 2186
3 2186 1891 1893
3 2186 2188 6426
3 6426 2188 6427
3 6426 6427 2184
3 2184 6427 2187
3 2188 2191 6428
3 6428 2191 6429
3 6428 6429 2189
3 2189 6429 2190
3 2191 1894 6430
3 6430 1894 6431
3 6430 6431 2192
3 2192 6431 1896
3 2192 1900 6432
3 6432 1900 6433
3 6432 6433 2190
3 2190 6433 1902
3 2189 1906 6434
3 6434 1906 6436
3 6434 6436 6435
3 6435 6436 6437
3 6435 6437 2187
3 2187 6437 1908
3 2183 2194 6438
3 6438 2194 6439
3 6438 6439 2181
3 2181 6439 2193
3 2194 2197 2195
3 2195 2197 2196
3 2197 2200 6440
3 6440 2200 6442
3 6440 6442 6441
3 6441 6442 6443
3 6441 6443 2198
3 2198 6443 2199
3 2204 2201 2203
3 2200 2205 2202
3 2205 2208 6444
3 6444 2208 6447
3 6444 6447 6445
3 6445 6447 6448
3 6445 6448 6446
3 6446 6448 6449
3 6446 6449 2206
3 2206 6449 2207
3 2212 2209 2211
3 2208 2213 2210
3 2213 1909 6450
3 6450 1909 6451
3 6450 6451 2214
3 2214 6451 1911
3 2214 2216 6452
3 6452 2216 6455
3 6452 6455 6453
3 6453 6455 6456
3 6453 6456 6454
3 6454 6456 6457
3 6454 6457 2212
3 2212 6457 2215
3 2216 1912 6458
3 6458 1912 6459
3 6458 6459 2217
3 2217 6459 1914
3 2217 2219 6460
3 6460 2219 6462
3 6460 6462 6461
3 6461 6462 6463
3 6461 6463 2215
3 2215 6463 2218
3 2219 1915 2220
3 2220 1915 1917
3 2220 6467 6464
3 6464 6467 6468
3 6464 6468 6465
3 6465 6468 6469
3 6465 6469 6466
3 6466 6469 6470
3 6466 6470 2218
3 2218 6470 6471
3 6467 2222 6468
3 6468 2222 6472
3 6468 6472 6469
3 6469 6472 6473
3 6469 6473 6470
3 6470 6473 6474
3 6470 6474 6471
3 6471 6474 2221
3 2222 6476 6475
3 6475 6476 6477
3 6475 6477 2223
3 2223 6477 6478
3 6476 6479 6477
3 6477 6479 6480
3 6477 6480 6478
3 6478 6480 6481
3 6479 2225 6480
3 6480 2225 6482
3 6480 6482 6481
3 6481 6482 2224
3 2225 2228 6483
3 6483 2228 6486
3 6483 6486 6484
3 6484 6486 6487
3 6484 6487 6485
3 6485 6487 6488
3 6485 6488 2226
3 2226 6488 2227
3 2228 2231 6489
3 6489 2231 6492
3 6489 6492 6490
3 6490 6492 6493
3 6490 6493 6491
3 6491 6493 6494
3 6491 6494 2229
3 2229 6494 2230
3 2231 6495 2232
3 2232 6495 6496
3 6495 6497 6496
3 6496 6497 6498
3 6497 2234 6498
3 6498 2234 2233
3 2234 2237 6499
3 6499 2237 6501
3 6499 6501 6500
3 6500 6501 6502
3 6500 6502 2235
3 2235 6502 2236
3 2237 2240 6503
3 6503 2240 6505
3 6503 6505 6504
3 6504 6505 6506
3 6504 6506 2238
3 2238 6506 2239
3 2240 6507 2241
3 2241 6507 6508
3 6507 2243 6508
3 6508 2243 2242
3 2243 6509 2244
3 2244 6509 6510
3 6509 2246 6510
3 6510 2246 2245
3 2246 1921 2247
3 2247 1921 1923
3 2247 1924 2245
3 2245 1924 1926
3 2244 2249 2242
3 2242 2249 2248
3 2249 2252 6511
3 6511 2252 6513
3 6511 6513 6512
3 6512 6513 6514
3 6512 6514 2250
3 2250 6514 2251
3 2252 2255 2253
3 2253 2255 2254
3 2255 6516 6515
3 6515 6516 6517
3 6515 6517 2256
3 2256 6517 6518
3 6516 1930 6517
3 6517 1930 6519
3 6517 6519 6518
3 6518 6519 1932
3 2256 2258 2254
3 2254 2258 2257
3 2258 6521 6520
3 6520 6521 6522
3 6520 6522 2259
3 2259 6522 6523
3 6521 2261 6522
3 6522 2261 6524
3 6522 6524 6523
3 6523 6524 2260
3 2261 2264 6525
3 6525 2264 6527
3 6525 6527 6526
3 6526 6527 6528
3 6526 6528 2262
3 2262 6528 2263
3 2264 2267 2265
3 2265 2267 2266
3 2267 2270 2268
3 2268 2270 2269
3 2270 2273 6529
3 6529 2273 6530
3 6529 6530 2271
3 2271 6530 2272
3 2273 6531 2274
3 2274 6531 6532
3 6531 6533 6532
3 6532 6533 6534
3 6533 6535 6534
3 6534 6535 6536
3 6535 2276 6536
3 6536 2276 2275
3 2276 1933 6537
3 6537 1933 6539
3 6537 6539 6538
3 6538 6539 6540
3 6538 6540 2277
3 2277 6540 1935
3 2277 2279 6541
3 6541 2279 6543
3 6541 6543 6542
3 6542 6543 6544
3 6542 6544 2275
3 2275 6544 2278
3 2279 2282 6545
3 6545 2282 6547
3 6545 6547 6546
3 6546 6547 6548
3 6546 6548 2280
3 2280 6548 2281
3 2282 2285 6549
3 6549 2285 6552
3 6549 6552 6550
3 6550 6552 6553
3 6550 6553 6551
3 6551 6553 6554
3 6551 6554 2283
3 2283 6554 2284
3 2285 2288 6555
3 6555 2288 6557
3 6555 6557 6556
3 6556 6557 6558
3 6556 6558 2286
3 2286 6558 2287
3 2288 1942 6559
3 6559 1942 6560
3 6559 6560 2289
3 2289 6560 1944
3 2289 2291 2287
3 2287 2291 2290
3 2291 2294 2292
3 2292 2294 2293
3 2294 1945 6561
3 6561 1945 6562
3 6561 6562 2295
3 2295 6562 1947
3 2295 6563 2293
3 2293 6563 6564
3 6563 2297 6564
3 6564 2297 2296
3 2297 6565 2298
3 2298 6565 6566
3 6565 6567 6566
3 6566 6567 6568
3 6567 2300 6568
3 6568 2300 2299
3 2300 2303 6569
3 6569 2303 6572
3 6569 6572 6570
3 6570 6572 6573
3 6570 6573 6571
3 6571 6573 6574
3 6571 6574 2301
3 2301 6574 2302
3 2303 1954 2304
3 2304 1954 1956
3 2304 1957 6575
3 6575 1957 6577
3 6575 6577 6576
3 6576 6577 6578
3 6576 6578 2302
3 2302 6578 1959
3 2301 2306 6579
3 6579 2306 6581
3 6579 6581 6580
3 6580 6581 6582
3 6580 6582 2299
3 2299 6582 2305
3 2306 2309 6583
3 6583 2309 6584
3 6583 6584 2307
3 2307 6584 2308
3 2309 6585 2310
3 2310 6585 6586
3 6585 2312 6586
3 6586 2312 2311
3 2312 2315 6587
3 6587 2315 6588
3 6587 6588 2313
3 2313 6588 2314
3 2315 2318 2316
3 2316 2318 2317
3 2318 2321 6589
3 6589 2321 6591
3 6589 6591 6590
3 6590 6591 6592
3 6590 6592 2319
3 2319 6592 2320
3 2321 2324 6593
3 6593 2324 6597
3 6593 6597 6594
3 6594 6597 6598
3 6594 6598 6595
3 6595 6598 6599
3 6595 6599 6596
3 6596 6599 6600
3 6596 6600 2322
3 2322 6600 2323
3 2324 2327 6601
3 6601 2327 6604
3 6601 6604 6602
3 6602 6604 6605
3 6602 6605 6603
3 6603 6605 6606
3 6603 6606 2325
3 2325 6606 2326
3 2327 1960 6607
3 6607 1960 6608
3 6607 6608 2328
3 2328 6608 1962
3 2328 1963 6609
3 6609 1963 6610
3 6609 6610 2326
3 2326 6610 1965
3 2325 1978 2323
3 2323 1978 1980
3 2322 2330 6611
3 6611 2330 6612
3 6611 6612 2320
3 2320 6612 2329
3 2330 6613 2331
3 2331 6613 6614
3 6613 1981 6614
3 6614 1981 1983
3 2331 2333 6615
3 6615 2333 6616
3 6615 6616 2329
3 2329 6616 2332
3 2333 2336 6617
3 6617 2336 6618
3 6617 6618 2334
3 2334 6618 2335
3 2336 6620 6619
3 6619 6620 6621
3 6619 6621 2337
3 2337 6621 6622
3 6620 2339 6621
3 6621 2339 6623
3 6621 6623 6622
3 6622 6623 2338
3 2339 6625 6624
3 6624 6625 6626
3 6624 6626 2340
3 2340 6626 6627
3 6625 2342 6626
3 6626 2342 6628
3 6626 6628 6627
3 6627 6628 2341
3 2342 6629 2343
3 2343 6629 6630
3 6629 1984 6630
3 6630 1984 1986
3 2343 2345 2341
3 2341 2345 2344
3 2345 1987 6631
3 6631 1987 6633
3 6631 6633 6632
3 6632 6633 6634
3 6632 6634 2346
3 2346 6634 1989
3 2346 2005 6635
3 6635 2005 6636
3 6635 6636 2344
3 2344 6636 2007
3 2340 2348 6637
3 6637 2348 6638
3 6637 6638 2338
3 2338 6638 2347
3 2348 2351 6639
3 6639 2351 6640
3 6639 6640 2349
3 2349 6640 2350
3 2351 2354 6641
3 6641 2354 6642
3 6641 6642 2352
3 2352 6642 2353
3 2354 2008 6643
3 6643 2008 6644
3 6643 6644 2355
3 2355 6644 2010
3 2355 2011 2353
3 2353 2011 2013
3 2352 2020 6645
3 6645 2020 6646
3 6645 6646 2350
3 2350 6646 2022
3 2349 2357 6647
3 6647 2357 6648
3 6647 6648 2347
3 2347 6648 2356
3 2357 6650 6649
3 6649 6650 6651
3 6649 6651 2358
3 2358 6651 6652
3 6650 2360 6651
3 6651 2360 6653
3 6651 6653 6652
3 6652 6653 2359
3 2360 2363 6654
3 6654 2363 6655
3 6654 6655 2361
3 2361 6655 2362
3 2363 2023 6656
3 6656 2023 6658
3 6656 6658 6657
3 6657 6658 6659
3 6657 6659 2364
3 2364 6659 2025
3 2364 6660 2362
3 2362 6660 6661
3 6660 2366 6661
3 6661 2366 2365
3 2366 6662 2367
3 2367 6662 6663
3 6662 2369 6663
3 6663 2369 2368
3 2369 2372 6664
3 6664 2372 6665
3 6664 6665 2370
3 2370 6665 2371
3 2372 6666 2373
3 2373 6666 6667
3 6666 2375 6667
3 6667 2375 2374
3 2375 2026 2376
3 2376 2026 2028
3 2376 2029 2374
3 2374 2029 2031
3 2373 2378 2371
3 2371 2378 2377
3 2378 2381 2379
3 2379 2381 2380
3 2381 2384 6668
3 6668 2384 6670
3 6668 6670 6669
3 6669 6670 6671
3 6669 6671 2382
3 2382 6671 2383
3 2384 2044 6672
3 6672 2044 6674
3 6672 6674 6673
3 6673 6674 6675
3 6673 6675 2385
3 2385 6675 2046
3 2385 6676 2383
3 2383 6676 6677
3 6676 2056 6677
3 6677 2056 2058
3 2382 6680 6678
3 6678 6680 6681
3 6678 6681 6679
3 6679 6681 6682
3 6679 6682 2380
3 2380 6682 6683
3 6680 2387 6681
3 6681 2387 6684
3 6681 6684 6682
3 6682 6684 6685
3 6682 6685 6683
3 6683 6685 2386
3 2387 2390 6686
3 6686 2390 6688
3 6686 6688 6687
3 6687 6688 6689
3 6687 6689 2388
3 2388 6689 2389
3 2390 6691 6690
3 6690 6691 6692
3 6690 6692 2391
3 2391 6692 6693
3 6691 6694 6692
3 6692 6694 6695
3 6692 6695 6693
3 6693 6695 6696
3 6694 2059 6695
3 6695 2059 6697
3 6695 6697 6696
3 6696 6697 2061
3 2391 2393 6698
3 6698 2393 6700
3 6698 6700 6699
3 6699 6700 6701
3 6699 6701 2389
3 2389 6701 2392
3 2393 2396 6702
3 6702 2396 6704
3 6702 6704 6703
3 6703 6704 6705
3 6703 6705 2394
3 2394 6705 2395
3 2396 6707 6706
3 6706 6707 6708
3 6706 6708 2397
3 2397 6708 6709
3 6707 2399 6708
3 6708 2399 6710
3 6708 6710 6709
3 6709 6710 2398
3 2399 2065 6711
3 6711 2065 6713
3 6711 6713 6712
3 6712 6713 6714
3 6712 6714 2400
3 2400 6714 2067
3 2400 2402 6715
3 6715 2402 6716
3 6715 6716 2398
3 2398 6716 2401
3 2402 2405 2403
3 2403 2405 2404
3 2405 2408 6717
3 6717 2408 6718
3 6717 6718 2406
3 2406 6718 2407
3 2408 2411 6719
3 6719 2411 6720
3 6719 6720 2409
3 2409 6720 2410
3 2411 2414 6721
3 6721 2414 6722
3 6721 6722 2412
3 2412 6722 2413
3 2414 6723 2415
3 2415 6723 6724
3 6723 6725 6724
3 6724 6725 6726
3 6725 6727 6726
3 6726 6727 6728
3 6727 2071 6728
3 6728 2071 2073
3 2415 2083 6729
3 6729 2083 6730
3 6729 6730 2413
3 2413 6730 2085
3 2412 2086 2410
3 2410 2086 2088
3 2409 6731 2407
3 2407 6731 6732
3 6731 2417 6732
3 6732 2417 2416
3 2417 2420 2418
3 2418 2420 2419
3 2420 2089 2421
3 2421 2089 2091
3 2421 2092 2419
3 2419 2092 2094
3 2418 6733 2416
3 2416 6733 6734
3 6733 6735 6734
3 6734 6735 6736
3 6735 2423 6736
3 6736 2423 2422
3 2423 2426 6737
3 6737 2426 6738
3 6737 6738 2424
3 2424 6738 2425
3 2426 2429 2427
3 2427 2429 2428
3 2429 6740 6739
3 6739 6740 6741
3 6739 6741 2430
3 2430 6741 6742
3 6740 2432 6741
3 6741 2432 6743
3 6741 6743 6742
3 6742 6743 2431
3 2432 2113 6744
3 6744 2113 6745
3 6744 6745 2433
3 2433 6745 2115
3 2433 2435 6746
3 6746 2435 6747
3 6746 6747 2431
3 2431 6747 2434
3 2435 2438 6748
3 6748 2438 6749
3 6748 6749 2436
3 2436 6749 2437
3 2438 2441 6750
3 6750 2441 6751
3 6750 6751 2439
3 2439 6751 2440
3 2441 2444 6752
3 6752 2444 6753
3 6752 6753 2442
3 2442 6753 2443
3 2444 2119 6754
3 6754 2119 6755
3 6754 6755 2445
3 2445 6755 2121
3 2445 6756 2443
3 2443 6756 6757
3 6756 2133 6757
3 6757 2133 2135
3 2442 2447 2440
3 2440 2447 2446
3 2447 2450 2448
3 2448 2450 2449
3 2450 6758 2451
3 2451 6758 6759
3 6758 2453 6759
3 6759 2453 2452
3 2453 2456 6760
3 6760 2456 6761
3 6760 6761 2454
3 2454 6761 2455
3 2456 6762 2457
3 2457 6762 6763
3 6762 2459 6763
3 6763 2459 2458
3 2459 2462 6764
3 6764 2462 6765
3 6764 6765 2460
3 2460 6765 2461
3 2462 2136 6766
3 6766 2136 6767
3 6766 6767 2463
3 2463 6767 2138
3 2463 2465 6768
3 6768 2465 6769
3 6768 6769 2461
3 2461 6769 2464
3 2465 2468 6770
3 6770 2468 6771
3 6770 6771 2466
3 2466 6771 2467
3 2468 2471 2469
3 2469 2471 2470
3 2471 2474 6772
3 6772 2474 6773
3 6772 6773 2472
3 2472 6773 2473
3 2474 2142 6774
3 6774 2142 6775
3 6774 6775 2475
3 2475 6775 2144
3 2475 6776 2473
3 2473 6776 6777
3 6776 2151 6777
3 6777 2151 2153
3 2472 2477 2470
3 2470 2477 2476
3 2477 2480 2478
3 2478 2480 2479
3 2480 2483 2481
3 2481 2483 2482
3 2483 2486 6778
3 6778 2486 6779
3 6778 6779 2484
3 2484 6779 2485
3 2486 2489 6780
3 6780 2489 6781
3 6780 6781 2487
3 2487 6781 2488
3 2489 2492 6782
3 6782 2492 6783
3 6782 6783 2490
3 2490 6783 2491
3 2492 2495 6784
3 6784 2495 6785
3 6784 6785 2493
3 2493 6785 2494
3 2495 2154 6786
3 6786 2154 6787
3 6786 6787 2496
3 2496 6787 2156
3 2496 2498 6788
3 6788 2498 6789
3 6788 6789 2494
3 2494 6789 2497
3 2498 2501 6790
3 6790 2501 6791
3 6790 6791 2499
3 2499 6791 2500
3 2501 2504 2502
3 2502 2504 2503
3 2504 2169 6792
3 6792 2169 6793
3 6792 6793 2505
3 2505 6793 2171
3 2505 2507 2503
3 2503 2507 2506
3 2507 2510 2508
3 2508 2510 2509
3 2510 6794 2511
3 2511 6794 6795
3 6794 2513 6795
3 6795 2513 2512
3 2513 2516 6796
3 6796 2516 6797
3 6796 6797 2514
3 2514 6797 2515
3 2516 6798 2517
3 2517 6798 6799
3 6798 2519 6799
3 6799 2519 2518
3 2519 6801 6800
3 6800 6801 6802
3 6800 6802 2520
3 2520 6802 6803
3 6801 2172 6802
3 6802 2172 6804
3 6802 6804 6803
3 6803 6804 2174
3 2520 2522 6805
3 6805 2522 6806
3 6805 6806 2518
3 2518 6806 2521
3 2522 6808 6807
3 6807 6808 6809
3 6807 6809 2523
3 2523 6809 6810
3 6808 2525 6809
3 6809 2525 6811
3 6809 6811 6810
3 6810 6811 2524
3 2525 2528 6812
3 6812 2528 6815
3 6812 6815 6813
3 6813 6815 6816
3 6813 6816 6814
3 6814 6816 6817
3 6814 6817 2526
3 2526 6817 2527
3 2528 6818 2529
3 2529 6818 6819
3 6818 2193 6819
3 6819 2193 2195
3 2529 2531 6820
3 6820 2531 6822
3 6820 6822 6821
3 6821 6822 6823
3 6821 6823 2527
3 2527 6823 2530
3 2531 2196 6824
3 6824 2196 6826
3 6824 6826 6825
3 6825 6826 6827
3 6825 6827 2532
3 2532 6827 2198
3 2532 2534 2530
3 2530 2534 2533
3 2534 2199 6828
3 6828 2199 6829
3 6828 6829 2535
3 2535 6829 2201
3 2535 2537 6830
3 6830 2537 6831
3 6830 6831 2533
3 2533 6831 2536
3 2537 6833 6832
3 6832 6833 6834
3 6832 6834 2538
3 2538 6834 6835
3 6833 2540 6834
3 6834 2540 6836
3 6834 6836 6835
3 6835 6836 2539
3 2540 6837 2541
3 2541 6837 6838
3 6837 6839 6838
3 6838 6839 6840
3 6839 6841 6840
3 6840 6841 6842
3 6841 2543 6842
3 6842 2543 2542
3 2543 2546 6843
3 6843 2546 6844
3 6843 6844 2544
3 2544 6844 2545
3 2546 6845 2547
3 2547 6845 6846
3 6845 2204 6846
3 6846 2204 2206
3 2547 2207 2545
3 2545 2207 2209
3 2544 6847 2542
3 2542 6847 6848
3 6847 6849 6848
3 6848 6849 6850
3 6849 6851 6850
3 6850 6851 6852
3 6851 6853 6852
3 6852 6853 6854
3 6853 2227 6854
3 6854 2227 2229
3 2541 2549 6855
3 6855 2549 6856
3 6855 6856 2539
3 2539 6856 2548
3 2549 2552 6857
3 6857 2552 6858
3 6857 6858 2550
3 2550 6858 2551
3 2552 2555 6859
3 6859 2555 6860
3 6859 6860 2553
3 2553 6860 2554
3 2555 2230 6861
3 6861 2230 6863
3 6861 6863 6862
3 6862 6863 6864
3 6862 6864 2556
3 2556 6864 2232
3 2556 2558 6865
3 6865 2558 6867
3 6865 6867 6866
3 6866 6867 6868
3 6866 6868 2554
3 2554 6868 2557
3 2558 2561 6869
3 6869 2561 6870
3 6869 6870 2559
3 2559 6870 2560
3 2561 2564 6871
3 6871 2564 6873
3 6871 6873 6872
3 6872 6873 6874
3 6872 6874 2562
3 2562 6874 2563
3 2564 2233 6875
3 6875 2233 6877
3 6875 6877 6876
3 6876 6877 6878
3 6876 6878 2565
3 2565 6878 2235
3 2565 2567 6879
3 6879 2567 6880
3 6879 6880 2563
3 2563 6880 2566
3 2567 2570 6881
3 6881 2570 6883
3 6881 6883 6882
3 6882 6883 6884
3 6882 6884 2568
3 2568 6884 2569
3 2570 2573 6885
3 6885 2573 6886
3 6885 6886 2571
3 2571 6886 2572
3 2573 2576 6887
3 6887 2576 6889
3 6887 6889 6888
3 6888 6889 6890
3 6888 6890 2574
3 2574 6890 2575
3 2576 2579 2577
3 2577 2579 2578
3 2579 2236 6891
3 6891 2236 6892
3 6891 6892 2580
3 2580 6892 2238
3 2580 2582 2578
3 2578 2582 2581
3 2582 2585 6893
3 6893 2585 6895
3 6893 6895 6894
3 6894 6895 6896
3 6894 6896 2583
3 2583 6896 2584
3 2585 2588 6897
3 6897 2588 6899
3 6897 6899 6898
3 6898 6899 6900
3 6898 6900 2586
3 2586 6900 2587
3 2588 6903 6901
3 6901 6903 6904
3 6901 6904 6902
3 6902 6904 6905
3 6902 6905 2589
3 2589 6905 6906
3 6903 2591 6904
3 6904 2591 6907
3 6904 6907 6905
3 6905 6907 6908
3 6905 6908 6906
3 6906 6908 2590
3 2591 2260 6909
3 6909 2260 6910
3 6909 6910 2592
3 2592 6910 2262
3 2592 6913 6911
3 6911 6913 6914
3 6911 6914 6912
3 6912 6914 6915
3 6912 6915 2590
3 2590 6915 6916
3 6913 2594 6914
3 6914 2594 6917
3 6914 6917 6915
3 6915 6917 6918
3 6915 6918 6916
3 6916 6918 2593
3 2594 2597 6919
3 6919 2597 6921
3 6919 6921 6920
3 6920 6921 6922
3 6920 6922 2595
3 2595 6922 2596
3 2597 2600 6923
3 6923 2600 6926
3 6923 6926 6924
3 6924 6926 6927
3 6924 6927 6925
3 6925 6927 6928
3 6925 6928 2598
3 2598 6928 2599
3 2600 2603 2601
3 2601 2603 2602
3 2603 2606 6929
3 6929 2606 6931
3 6929 6931 6930
3 6930 6931 6932
3 6930 6932 2604
3 2604 6932 2605
3 2606 2609 6933
3 6933 2609 6935
3 6933 6935 6934
3 6934 6935 6936
3 6934 6936 2607
3 2607 6936 2608
3 2609 2612 6937
3 6937 2612 6938
3 6937 6938 2610
3 2610 6938 2611
3 2612 2263 6939
3 6939 2263 6940
3 6939 6940 2613
3 2613 6940 2265
3 2613 2266 2611
3 2611 2266 2268
3 2610 2269 2608
3 2608 2269 2271
3 2607 6941 2605
3 2605 6941 6942
3 6941 6943 6942
3 6942 6943 6944
3 6943 6945 6944
3 6944 6945 6946
3 6945 6947 6946
3 6946 6947 6948
3 6947 6949 6948
3 6948 6949 6950
3 6949 6951 6950
3 6950 6951 6952
3 6951 6953 6952
3 6952 6953 6954
3 6953 2615 6954
3 6954 2615 2614
3 2615 2618 6955
3 6955 2618 6957
3 6955 6957 6956
3 6956 6957 6958
3 6956 6958 2616
3 2616 6958 2617
3 2622 2619 2621
3 2618 2623 2620
3 2627 2624 2626
3 2623 2628 2625
3 2628 2631 2629
3 2629 2631 2630
3 2631 2634 6959
3 6959 2634 6960
3 6959 6960 2632
3 2632 6960 2633
3 2634 6962 6961
3 6961 6962 6963
3 6961 6963 2635
3 2635 6963 6964
3 6962 6965 6963
3 6963 6965 6966
3 6963 6966 6964
3 6964 6966 6967
3 6965 6968 6966
3 6966 6968 6969
3 6966 6969 6967
3 6967 6969 6970
3 6968 2272 6969
3 6969 2272 6971
3 6969 6971 6970
3 6970 6971 2274
3 2635 2278 2633
3 2633 2278 2280
3 2632 2281 2630
3 2630 2281 2283
3 2286 2627 2637
3 2629 2284 2636
3 2624 2639 2622
3 2622 2639 2638
3 2639 2642 2640
3 2640 2642 2641
3 2642 6972 2643
3 2643 6972 6973
3 6972 6974 6973
3 6973 6974 6975
3 6974 2290 6975
3 6975 2290 2292
3 2643 2645 6976
3 6976 2645 6977
3 6976 6977 2641
3 2641 6977 2644
3 2645 6978 2646
3 2646 6978 6979
3 6978 2648 6979
3 6979 2648 2647
3 2648 2651 6980
3 6980 2651 6982
3 6980 6982 6981
3 6981 6982 6983
3 6981 6983 2649
3 2649 6983 2650
3 2651 2296 2652
3 2652 2296 2298
3 2652 2654 6984
3 6984 2654 6985
3 6984 6985 2650
3 2650 6985 2653
3 2654 6987 6986
3 6986 6987 6988
3 6986 6988 2655
3 2655 6988 6989
3 6987 2657 6988
3 6988 2657 6990
3 6988 6990 6989
3 6989 6990 2656
3 2657 2305 6991
3 6991 2305 6992
3 6991 6992 2658
3 2658 6992 2307
3 2658 2660 6993
3 6993 2660 6994
3 6993 6994 2656
3 2656 6994 2659
3 2660 2663 6995
3 6995 2663 6996
3 6995 6996 2661
3 2661 6996 2662
3 2663 2666 2664
3 2664 2666 2665
3 2666 2308 2667
3 2667 2308 2310
3 2667 2669 6997
3 6997 2669 6998
3 6997 6998 2665
3 2665 6998 2668
3 2669 6999 2670
3 2670 6999 7000
3 6999 2311 7000
3 7000 2311 2313
3 2670 2672 7001
3 7001 2672 7002
3 7001 7002 2668
3 2668 7002 2671
3 2672 2675 7003
3 7003 2675 7004
3 7003 7004 2673
3 2673 7004 2674
3 2675 7006 7005
3 7005 7006 7007
3 7005 7007 2676
3 2676 7007 7008
3 7006 2678 7007
3 7007 2678 7009
3 7007 7009 7008
3 7008 7009 2677
3 2678 7011 7010
3 7010 7011 7012
3 7010 7012 2679
3 2679 7012 7013
3 7011 2681 7012
3 7012 2681 7014
3 7012 7014 7013
3 7013 7014 2680
3 2681 2684 7015
3 7015 2684 7018
3 7015 7018 7016
3 7016 7018 7019
3 7016 7019 7017
3 7017 7019 7020
3 7017 7020 2682
3 2682 7020 2683
3 2684 7021 2685
3 2685 7021 7022
3 7021 2314 7022
3 7022 2314 2316
3 2685 2687 7023
3 7023 2687 7025
3 7023 7025 7024
3 7024 7025 7026
3 7024 7026 2683
3 2683 7026 2686
3 2687 2317 7027
3 7027 2317 7029
3 7027 7029 7028
3 7028 7029 7030
3 7028 7030 2688
3 2688 7030 2319
3 2688 2332 2686
3 2686 2332 2334
3 2682 2690 7031
3 7031 2690 7032
3 7031 7032 2680
3 2680 7032 2689
3 2690 7033 2691
3 2691 7033 7034
3 7033 2335 7034
3 7034 2335 2337
3 2691 2693 7035
3 7035 2693 7036
3 7035 7036 2689
3 2689 7036 2692
3 2693 2696 2694
3 2694 2696 2695
3 2696 7037 2697
3 2697 7037 7038
3 7037 2365 7038
3 7038 2365 2367
3 2697 2699 2695
3 2695 2699 2698
3 2699 2702 7039
3 7039 2702 7040
3 7039 7040 2700
3 2700 7040 2701
3 2702 2368 7041
3 7041 2368 7042
3 7041 7042 2703
3 2703 7042 2370
3 2703 2705 7043
3 7043 2705 7044
3 7043 7044 2701
3 2701 7044 2704
3 2705 2708 7045
3 7045 2708 7046
3 7045 7046 2706
3 2706 7046 2707
3 2708 7047 2709
3 2709 7047 7048
3 7047 7049 7048
3 7048 7049 7050
3 7049 2711 7050
3 7050 2711 2710
3 2711 2714 7051
3 7051 2714 7053
3 7051 7053 7052
3 7052 7053 7054
3 7052 7054 2712
3 2712 7054 2713
3 2714 2717 2715
3 2715 2717 2716
3 2717 2377 7055
3 7055 2377 7056
3 7055 7056 2718
3 2718 7056 2379
3 2718 2720 2716
3 2716 2720 2719
3 2720 2386 7057
3 7057 2386 7058
3 7057 7058 2721
3 2721 7058 2388
3 2721 2713 7059
3 7059 2713 7060
3 7059 7060 2719
3 2719 7060 2715
3 2712 2723 7061
3 7061 2723 7063
3 7061 7063 7062
3 7062 7063 7064
3 7062 7064 2710
3 2710 7064 2722
3 2723 2726 7065
3 7065 2726 7067
3 7065 7067 7066
3 7066 7067 7068
3 7066 7068 2724
3 2724 7068 2725
3 2726 2392 7069
3 7069 2392 7070
3 7069 7070 2727
3 2727 7070 2394
3 2727 2729 7071
3 7071 2729 7073
3 7071 7073 7072
3 7072 7073 7074
3 7072 7074 2725
3 2725 7074 2728
3 2729 2732 7075
3 7075 2732 7077
3 7075 7077 7076
3 7076 7077 7078
3 7076 7078 2730
3 2730 7078 2731
3 2732 2735 2733
3 2733 2735 2734
3 2735 2738 7079
3 7079 2738 7080
3 7079 7080 2736
3 2736 7080 2737
3 2738 2741 7081
3 7081 2741 7083
3 7081 7083 7082
3 7082 7083 7084
3 7082 7084 2739
3 2739 7084 2740
3 2741 2395 7085
3 7085 2395 7088
3 7085 7088 7086
3 7086 7088 7089
3 7086 7089 7087
3 7087 7089 7090
3 7087 7090 2742
3 2742 7090 2397
3 2742 7091 2740
3 2740 7091 7092
3 7091 2401 7092
3 7092 2401 2403
3 2739 2744 7093
3 7093 2744 7095
3 7093 7095 7094
3 7094 7095 7096
3 7094 7096 2737
3 2737 7096 2743
3 2744 2747 2745
3 2745 2747 2746
3 2747 7097 2748
3 2748 7097 7098
3 7097 2404 7098
3 7098 2404 2406
3 2748 2750 2746
3 2746 2750 2749
3 2750 2422 7099
3 7099 2422 7101
3 7099 7101 7100
3 7100 7101 7102
3 7100 7102 2751
3 2751 7102 2424
3 2751 2753 7103
3 7103 2753 7105
3 7103 7105 7104
3 7104 7105 7106
3 7104 7106 2749
3 2749 7106 2752
3 2753 2756 7107
3 7107 2756 7109
3 7107 7109 7108
3 7108 7109 7110
3 7108 7110 2754
3 2754 7110 2755
3 2756 2759 7111
3 7111 2759 7112
3 7111 7112 2757
3 2757 7112 2758
3 2759 2762 2760
3 2760 2762 2761
3 2762 2765 7113
3 7113 2765 7114
3 7113 7114 2763
3 2763 7114 2764
3 2765 7115 2766
3 2766 7115 7116
3 7115 7117 7116
3 7116 7117 7118
3 7117 2768 7118
3 7118 2768 2767
3 2768 2425 7119
3 7119 2425 7120
3 7119 7120 2769
3 2769 7120 2427
3 2769 2428 7121
3 7121 2428 7122
3 7121 7122 2767
3 2767 7122 2430
3 2766 2771 7123
3 7123 2771 7124
3 7123 7124 2764
3 2764 7124 2770
3 2771 7126 7125
3 7125 7126 7127
3 7125 7127 2772
3 2772 7127 7128
3 7126 2434 7127
3 7127 2434 7129
3 7127 7129 7128
3 7128 7129 2436
3 2772 7130 2770
3 2770 7130 7131
3 7130 2449 7131
3 7131 2449 2451
3 2763 7132 2761
3 2761 7132 7133
3 7132 2774 7133
3 7133 2774 2773
3 2774 2777 2775
3 2775 2777 2776
3 2777 2452 7134
3 7134 2452 7136
3 7134 7136 7135
3 7135 7136 7137
3 7135 7137 2778
3 2778 7137 2454
3 2778 2780 7138
3 7138 2780 7140
3 7138 7140 7139
3 7139 7140 7141
3 7139 7141 2776
3 2776 7141 2779
3 2780 2783 7142
3 7142 2783 7144
3 7142 7144 7143
3 7143 7144 7145
3 7143 7145 2781
3 2781 7145 2782
3 2783 2786 7146
3 7146 2786 7147
3 7146 7147 2784
3 2784 7147 2785
3 2786 2789 2787
3 2787 2789 2788
3 2789 2792 7148
3 7148 2792 7149
3 7148 7149 2790
3 2790 7149 2791
3 2792 7150 2793
3 2793 7150 7151
3 7150 2795 7151
3 7151 2795 2794
3 2795 2455 7152
3 7152 2455 7153
3 7152 7153 2796
3 2796 7153 2457
3 2796 2458 7154
3 7154 2458 7155
3 7154 7155 2794
3 2794 7155 2460
3 2793 2798 7156
3 7156 2798 7157
3 7156 7157 2791
3 2791 7157 2797
3 2798 7159 7158
3 7158 7159 7160
3 7158 7160 2799
3 2799 7160 7161
3 7159 2464 7160
3 7160 2464 7162
3 7160 7162 7161
3 7161 7162 2466
3 2799 7163 2797
3 2797 7163 7164
3 7163 2479 7164
3 7164 2479 2481
3 2790 7165 2788
3 2788 7165 7166
3 7165 2801 7166
3 7166 2801 2800
3 2801 2804 2802
3 2802 2804 2803
3 2804 2482 7167
3 7167 2482 7169
3 7167 7169 7168
3 7168 7169 7170
3 7168 7170 2805
3 2805 7170 2484
3 2805 2807 7171
3 7171 2807 7172
3 7171 7172 2803
3 2803 7172 2806
3 2807 2810 2808
3 2808 2810 2809
3 2810 2813 2811
3 2811 2813 2812
3 2813 2816 7173
3 7173 2816 7174
3 7173 7174 2814
3 2814 7174 2815
3 2816 2819 2817
3 2817 2819 2818
3 2819 2822 7175
3 7175 2822 7176
3 7175 7176 2820
3 2820 7176 2821
3 2822 7177 2823
3 2823 7177 7178
3 7177 7179 7178
3 7178 7179 7180
3 7179 2485 7180
3 7180 2485 2487
3 2823 2825 7181
3 7181 2825 7182
3 7181 7182 2821
3 2821 7182 2824
3 2825 7184 7183
3 7183 7184 7185
3 7183 7185 2826
3 2826 7185 7186
3 7184 2497 7185
3 7185 2497 7187
3 7185 7187 7186
3 7186 7187 2499
3 2826 7188 2824
3 2824 7188 7189
3 7188 2509 7189
3 7189 2509 2511
3 2820 2828 2818
3 2818 2828 2827
3 2828 2831 2829
3 2829 2831 2830
3 2831 2834 7190
3 7190 2834 7192
3 7190 7192 7191
3 7191 7192 7193
3 7191 7193 2832
3 2832 7193 2833
3 2834 2512 7194
3 7194 2512 7196
3 7194 7196 7195
3 7195 7196 7197
3 7195 7197 2835
3 2835 7197 2514
3 2835 7198 2833
3 2833 7198 7199
3 7198 2837 7199
3 7199 2837 2836
3 2837 2840 7200
3 7200 2840 7201
3 7200 7201 2838
3 2838 7201 2839
3 2840 2843 7202
3 7202 2843 7203
3 7202 7203 2841
3 2841 7203 2842
3 2843 7205 7204
3 7204 7205 7206
3 7204 7206 2844
3 2844 7206 7207
3 7205 2515 7206
3 7206 2515 7208
3 7206 7208 7207
3 7207 7208 2517
3 2844 2521 7209
3 7209 2521 7210
3 7209 7210 2842
3 2842 7210 2523
3 2841 2846 7211
3 7211 2846 7212
3 7211 7212 2839
3 2839 7212 2845
3 2846 2849 2847
3 2847 2849 2848
3 2849 2852 7213
3 7213 2852 7214
3 7213 7214 2850
3 2850 7214 2851
3 2852 2524 7215
3 7215 2524 7216
3 7215 7216 2853
3 2853 7216 2526
3 2853 7217 2851
3 2851 7217 7218
3 7217 2536 7218
3 7218 2536 2538
3 2850 2855 2848
3 2848 2855 2854
3 2855 2858 2856
3 2856 2858 2857
3 2858 7219 2859
3 2859 7219 7220
3 7219 7221 7220
3 7220 7221 7222
3 7221 2861 7222
3 7222 2861 2860
3 2861 2557 2862
3 2862 2557 2559
3 2862 2864 2860
3 2860 2864 2863
3 2864 2867 2865
3 2865 2867 2866
3 2867 2560 7223
3 7223 2560 7225
3 7223 7225 7224
3 7224 7225 7226
3 7224 7226 2868
3 2868 7226 2562
3 2868 2870 7227
3 7227 2870 7229
3 7227 7229 7228
3 7228 7229 7230
3 7228 7230 2866
3 2866 7230 2869
3 2870 2873 2871
3 2871 2873 2872
3 2873 2876 7231
3 7231 2876 7232
3 7231 7232 2874
3 2874 7232 2875
3 2876 2566 7233
3 7233 2566 7235
3 7233 7235 7234
3 7234 7235 7236
3 7234 7236 2877
3 2877 7236 2568
3 2877 2879 7237
3 7237 2879 7238
3 7237 7238 2875
3 2875 7238 2878
3 2879 2882 7239
3 7239 2882 7240
3 7239 7240 2880
3 2880 7240 2881
3 2882 2885 7241
3 7241 2885 7243
3 7241 7243 7242
3 7242 7243 7244
3 7242 7244 2883
3 2883 7244 2884
3 2885 2888 7245
3 7245 2888 7246
3 7245 7246 2886
3 2886 7246 2887
3 2888 2891 7247
3 7247 2891 7248
3 7247 7248 2889
3 2889 7248 2890
3 2891 7249 2892
3 2892 7249 7250
3 7249 2894 7250
3 7250 2894 2893
3 2894 2897 7251
3 7251 2897 7252
3 7251 7252 2895
3 2895 7252 2896
3 2897 2569 2898
3 2898 2569 2571
3 2898 2572 2896
3 2896 2572 2574
3 2895 2900 2893
3 2893 2900 2899
3 2900 2903 2901
3 2901 2903 2902
3 2903 2906 2904
3 2904 2906 2905
3 2906 7254 7253
3 7253 7254 7255
3 7253 7255 2907
3 2907 7255 7256
3 7254 2909 7255
3 7255 2909 7257
3 7255 7257 7256
3 7256 7257 2908
3 2909 2584 2910
3 2910 2584 2586
3 2910 2587 2908
3 2908 2587 2589
3 2907 7258 2905
3 2905 7258 7259
3 7258 7260 7259
3 7259 7260 7261
3 7260 7262 7261
3 7261 7262 7263
3 7262 7264 7263
3 7263 7264 7265
3 7264 2912 7265
3 7265 2912 2911
3 2912 2593 2913
3 2913 2593 2595
3 2913 7266 2911
3 2911 7266 7267
3 7266 7268 7267
3 7267 7268 7269
3 7268 7270 7269
3 7269 7270 7271
3 7270 7272 7271
3 7271 7272 7273
3 7272 2915 7273
3 7273 2915 2914
3 2915 7274 2916
3 2916 7274 7275
3 7274 2918 7275
3 7275 2918 2917
3 2918 7278 7276
3 7276 7278 7279
3 7276 7279 7277
3 7277 7279 7280
3 7277 7280 2919
3 2919 7280 7281
3 7278 2921 7279
3 7279 2921 7282
3 7279 7282 7280
3 7280 7282 7283
3 7280 7283 7281
3 7281 7283 2920
3 2921 2924 2922
3 2922 2924 2923
3 2924 2596 7284
3 7284 2596 7288
3 7284 7288 7285
3 7285 7288 7289
3 7285 7289 7286
3 7286 7289 7290
3 7286 7290 7287
3 7287 7290 7291
3 7287 7291 2925
3 2925 7291 2598
3 2925 2927 7292
3 7292 2927 7295
3 7292 7295 7293
3 7293 7295 7296
3 7293 7296 7294
3 7294 7296 7297
3 7294 7297 2923
3 2923 7297 2926
3 2927 7298 2928
3 2928 7298 7299
3 7298 7300 7299
3 7299 7300 7301
3 7300 7302 7301
3 7301 7302 7303
3 7302 7304 7303
3 7303 7304 7305
3 7304 2930 7305
3 7305 2930 2929
3 2930 2933 7306
3 7306 2933 7307
3 7306 7307 2931
3 2931 7307 2932
3 2933 2936 7308
3 7308 2936 7311
3 7308 7311 7309
3 7309 7311 7312
3 7309 7312 7310
3 7310 7312 7313
3 7310 7313 2934
3 2934 7313 2935
3 2940 2937 2939
3 2936 2941 2938
3 2941 2599 7314
3 7314 2599 7316
3 7314 7316 7315
3 7315 7316 7317
3 7315 7317 2942
3 2942 7317 2601
3 2942 2602 7318
3 7318 2602 7320
3 7318 7320 7319
3 7319 7320 7321
3 7319 7321 2940
3 2940 7321 2604
3 2937 2944 7322
3 7322 2944 7323
3 7322 7323 2935
3 2935 7323 2943
3 2944 7326 7324
3 7324 7326 7327
3 7324 7327 7325
3 7325 7327 7328
3 7325 7328 2945
3 2945 7328 7329
3 7326 7330 7327
3 7327 7330 7331
3 7327 7331 7328
3 7328 7331 7332
3 7328 7332 7329
3 7329 7332 7333
3 7330 7334 7331
3 7331 7334 7335
3 7331 7335 7332
3 7332 7335 7336
3 7332 7336 7333
3 7333 7336 7337
3 7334 7338 7335
3 7335 7338 7339
3 7335 7339 7336
3 7336 7339 7340
3 7336 7340 7337
3 7337 7340 7341
3 7338 2947 7339
3 7339 2947 7342
3 7339 7342 7340
3 7340 7342 7343
3 7340 7343 7341
3 7341 7343 2946
3 2947 2950 7344
3 7344 2950 7346
3 7344 7346 7345
3 7345 7346 7347
3 7345 7347 2948
3 2948 7347 2949
3 2950 2953 7348
3 7348 2953 7350
3 7348 7350 7349
3 7349 7350 7351
3 7349 7351 2951
3 2951 7351 2952
3 2953 2956 7352
3 7352 2956 7353
3 7352 7353 2954
3 2954 7353 2955
3 2956 2959 7354
3 7354 2959 7357
3 7354 7357 7355
3 7355 7357 7358
3 7355 7358 7356
3 7356 7358 7359
3 7356 7359 2957
3 2957 7359 2958
3 2959 2962 7360
3 7360 2962 7363
3 7360 7363 7361
3 7361 7363 7364
3 7361 7364 7362
3 7362 7364 7365
3 7362 7365 2960
3 2960 7365 2961
3 2962 2614 7366
3 7366 2614 7369
3 7366 7369 7367
3 7367 7369 7370
3 7367 7370 7368
3 7368 7370 7371
3 7368 7371 2963
3 2963 7371 2616
3 2963 2965 2961
3 2961 2965 2964
3 2965 2968 7372
3 7372 2968 7375
3 7372 7375 7373
3 7373 7375 7376
3 7373 7376 7374
3 7374 7376 7377
3 7374 7377 2966
3 2966 7377 2967
3 2968 2617 7378
3 7378 2617 7380
3 7378 7380 7379
3 7379 7380 7381
3 7379 7381 2969
3 2969 7381 2619
3 2969 2638 2967
3 2967 2638 2640
3 2966 2971 7382
3 7382 2971 7385
3 7382 7385 7383
3 7383 7385 7386
3 7383 7386 7384
3 7384 7386 7387
3 7384 7387 2964
3 2964 7387 2970
3 2971 7390 7388
3 7388 7390 7391
3 7388 7391 7389
3 7389 7391 7392
3 7389 7392 2972
3 2972 7392 7393
3 7390 2974 7391
3 7391 2974 7394
3 7391 7394 7392
3 7392 7394 7395
3 7392 7395 7393
3 7393 7395 2973
3 2974 2977 2975
3 2975 2977 2976
3 2977 2980 7396
3 7396 2980 7399
3 7396 7399 7397
3 7397 7399 7400
3 7397 7400 7398
3 7398 7400 7401
3 7398 7401 2978
3 2978 7401 2979
3 2980 2983 7402
3 7402 2983 7405
3 7402 7405 7403
3 7403 7405 7406
3 7403 7406 7404
3 7404 7406 7407
3 7404 7407 2981
3 2981 7407 2982
3 2983 2986 7408
3 7408 2986 7410
3 7408 7410 7409
3 7409 7410 7411
3 7409 7411 2984
3 2984 7411 2985
3 2986 7412 2987
3 2987 7412 7413
3 7412 7414 7413
3 7413 7414 7415
3 7414 2989 7415
3 7415 2989 2988
3 2989 2992 7416
3 7416 2992 7418
3 7416 7418 7417
3 7417 7418 7419
3 7417 7419 2990
3 2990 7419 2991
3 2992 2644 2993
3 2993 2644 2646
3 2993 2995 7420
3 7420 2995 7421
3 7420 7421 2991
3 2991 7421 2994
3 2995 2998 7422
3 7422 2998 7423
3 7422 7423 2996
3 2996 7423 2997
3 2998 2647 7424
3 7424 2647 7426
3 7424 7426 7425
3 7425 7426 7427
3 7425 7427 2999
3 2999 7427 2649
3 2999 7428 2997
3 2997 7428 7429
3 7428 3001 7429
3 7429 3001 3000
3 3001 7430 3002
3 3002 7430 7431
3 7430 7432 7431
3 7431 7432 7433
3 7432 3004 7433
3 7433 3004 3003
3 3004 3007 3005
3 3005 3007 3006
3 3007 7435 7434
3 7434 7435 7436
3 7434 7436 3008
3 3008 7436 7437
3 7435 2662 7436
3 7436 2662 7438
3 7436 7438 7437
3 7437 7438 2664
3 3008 3010 7439
3 7439 3010 7440
3 7439 7440 3006
3 3006 7440 3009
3 3010 2671 3011
3 3011 2671 2673
3 3011 7442 7441
3 7441 7442 7443
3 7441 7443 3009
3 3009 7443 7444
3 7442 3013 7443
3 7443 3013 7445
3 7443 7445 7444
3 7444 7445 3012
3 3013 7446 3014
3 3014 7446 7447
3 7446 2674 7447
3 7447 2674 2676
3 3014 3016 7448
3 7448 3016 7449
3 7448 7449 3012
3 3012 7449 3015
3 3016 3019 3017
3 3017 3019 3018
3 3019 3022 3020
3 3020 3022 3021
3 3022 3025 3023
3 3023 3025 3024
3 3025 3028 7450
3 7450 3028 7451
3 7450 7451 3026
3 3026 7451 3027
3 3028 7452 3029
3 3029 7452 7453
3 7452 3031 7453
3 7453 3031 3030
3 3031 2677 7454
3 7454 2677 7455
3 7454 7455 3032
3 3032 7455 2679
3 3032 2704 7456
3 7456 2704 7457
3 7456 7457 3030
3 3030 7457 2706
3 3029 2707 7458
3 7458 2707 7459
3 7458 7459 3027
3 3027 7459 2709
3 3026 7461 7460
3 7460 7461 7462
3 7460 7462 3024
3 3024 7462 7463
3 7461 3034 7462
3 7462 3034 7464
3 7462 7464 7463
3 7463 7464 3033
3 3034 2722 7465
3 7465 2722 7467
3 7465 7467 7466
3 7466 7467 7468
3 7466 7468 3035
3 3035 7468 2724
3 3035 3037 3033
3 3033 3037 3036
3 3037 3040 3038
3 3038 3040 3039
3 3040 2728 3041
3 3041 2728 2730
3 3041 3043 7469
3 7469 3043 7470
3 7469 7470 3039
3 3039 7470 3042
3 3043 3046 3044
3 3044 3046 3045
3 3046 3049 7471
3 7471 3049 7472
3 7471 7472 3047
3 3047 7472 3048
3 3049 2731 7473
3 7473 2731 7474
3 7473 7474 3050
3 3050 7474 2733
3 3050 3052 7475
3 7475 3052 7476
3 7475 7476 3048
3 3048 7476 3051
3 3052 2734 7477
3 7477 2734 7478
3 7477 7478 3053
3 3053 7478 2736
3 3053 2985 7479
3 7479 2985 7481
3 7479 7481 7480
3 7480 7481 7482
3 7480 7482 3051
3 3051 7482 2987
3 3047 3055 7483
3 7483 3055 7484
3 7483 7484 3045
3 3045 7484 3054
3 3055 7486 7485
3 7485 7486 7487
3 7485 7487 3056
3 3056 7487 7488
3 7486 7489 7487
3 7487 7489 7490
3 7487 7490 7488
3 7488 7490 7491
3 7489 3058 7490
3 7490 3058 7492
3 7490 7492 7491
3 7491 7492 3057
3 3058 2988 7493
3 7493 2988 7494
3 7493 7494 3059
3 3059 7494 2990
3 3059 7495 3057
3 3057 7495 7496
3 7495 7497 7496
3 7496 7497 7498
3 7497 2994 7498
3 7498 2994 2996
3 3056 3061 3054
3 3054 3061 3060
3 3061 7499 3062
3 3062 7499 7500
3 7499 7501 7500
3 7500 7501 7502
3 7501 7503 7502
3 7502 7503 7504
3 7503 3064 7504
3 7504 3064 3063
3 3064 3067 3065
3 3065 3067 3066
3 3067 7506 7505
3 7505 7506 7507
3 7505 7507 3068
3 3068 7507 7508
3 7506 7509 7507
3 7507 7509 7510
3 7507 7510 7508
3 7508 7510 7511
3 7509 3000 7510
3 7510 3000 7512
3 7510 7512 7511
3 7511 7512 3002
3 3068 3070 7513
3 7513 3070 7514
3 7513 7514 3066
3 3066 7514 3069
3 3070 7515 3071
3 3071 7515 7516
3 7515 7517 7516
3 7516 7517 7518
3 7517 7519 7518
3 7518 7519 7520
3 7519 3003 7520
3 7520 3003 3005
3 3071 7522 7521
3 7521 7522 7523
3 7521 7523 3069
3 3069 7523 7524
3 7522 3073 7523
3 7523 3073 7525
3 7523 7525 7524
3 7524 7525 3072
3 3073 3076 7526
3 7526 3076 7527
3 7526 7527 3074
3 3074 7527 3075
3 3076 3015 7528
3 7528 3015 7529
3 7528 7529 3077
3 3077 7529 3017
3 3077 3018 3075
3 3075 3018 3020
3 3074 7531 7530
3 7530 7531 7532
3 7530 7532 3072
3 3072 7532 7533
3 7531 3079 7532
3 7532 3079 7534
3 7532 7534 7533
3 7533 7534 3078
3 3079 3082 7535
3 7535 3082 7536
3 7535 7536 3080
3 3080 7536 3081
3 3082 7537 3083
3 3083 7537 7538
3 7537 3021 7538
3 7538 3021 3023
3 3083 3036 7539
3 7539 3036 7540
3 7539 7540 3081
3 3081 7540 3038
3 3080 7541 3078
3 3078 7541 7542
3 7541 7543 7542
3 7542 7543 7544
3 7543 7545 7544
3 7544 7545 7546
3 7545 3063 7546
3 7546 3063 3065
3 3062 3042 3060
3 3060 3042 3044
3 2984 7548 7547
3 7547 7548 7549
3 7547 7549 2982
3 2982 7549 7550
3 7548 2755 7549
3 7549 2755 7551
3 7549 7551 7550
3 7550 7551 2757
3 2981 7552 2979
3 2979 7552 7553
3 7552 2758 7553
3 7553 2758 2760
3 2978 3085 7554
3 7554 3085 7556
3 7554 7556 7555
3 7555 7556 7557
3 7555 7557 2976
3 2976 7557 3084
3 3085 3088 7558
3 7558 3088 7560
3 7558 7560 7559
3 7559 7560 7561
3 7559 7561 3086
3 3086 7561 3087
3 3088 2773 3089
3 3089 2773 2775
3 3089 2779 7562
3 7562 2779 7564
3 7562 7564 7563
3 7563 7564 7565
3 7563 7565 3087
3 3087 7565 2781
3 3086 2973 7566
3 7566 2973 7567
3 7566 7567 3084
3 3084 7567 2975
3 2972 3091 7568
3 7568 3091 7570
3 7568 7570 7569
3 7569 7570 7571
3 7569 7571 2970
3 2970 7571 3090
3 3091 3094 7572
3 7572 3094 7574
3 7572 7574 7573
3 7573 7574 7575
3 7573 7575 3092
3 3092 7575 3093
3 3094 2782 7576
3 7576 2782 7577
3 7576 7577 3095
3 3095 7577 2784
3 3095 3097 7578
3 7578 3097 7580
3 7578 7580 7579
3 7579 7580 7581
3 7579 7581 3093
3 3093 7581 3096
3 3097 3100 7582
3 7582 3100 7584
3 7582 7584 7583
3 7583 7584 7585
3 7583 7585 3098
3 3098 7585 3099
3 3100 2785 3101
3 3101 2785 2787
3 3101 3103 7586
3 7586 3103 7588
3 7586 7588 7587
3 7587 7588 7589
3 7587 7589 3099
3 3099 7589 3102
3 3103 3106 7590
3 7590 3106 7592
3 7590 7592 7591
3 7591 7592 7593
3 7591 7593 3104
3 3104 7593 3105
3 3106 2800 3107
3 3107 2800 2802
3 3107 3109 7594
3 7594 3109 7596
3 7594 7596 7595
3 7595 7596 7597
3 7595 7597 3105
3 3105 7597 3108
3 3109 2806 7598
3 7598 2806 7599
3 7598 7599 3110
3 3110 7599 2808
3 3110 3112 7600
3 7600 3112 7601
3 7600 7601 3108
3 3108 7601 3111
3 3112 2809 3113
3 3113 2809 2811
3 3113 3115 7602
3 7602 3115 7603
3 7602 7603 3111
3 3111 7603 3114
3 3115 2812 3116
3 3116 2812 2814
3 3116 3118 7604
3 7604 3118 7605
3 7604 7605 3114
3 3114 7605 3117
3 3118 3121 7606
3 7606 3121 7609
3 7606 7609 7607
3 7607 7609 7610
3 7607 7610 7608
3 7608 7610 7611
3 7608 7611 3119
3 3119 7611 3120
3 3121 3124 7612
3 7612 3124 7615
3 7612 7615 7613
3 7613 7615 7616
3 7613 7616 7614
3 7614 7616 7617
3 7614 7617 3122
3 3122 7617 3123
3 3124 3127 7618
3 7618 3127 7620
3 7618 7620 7619
3 7619 7620 7621
3 7619 7621 3125
3 3125 7621 3126
3 3127 2815 3128
3 3128 2815 2817
3 3128 3130 7622
3 7622 3130 7624
3 7622 7624 7623
3 7623 7624 7625
3 7623 7625 3126
3 3126 7625 3129
3 3130 3133 7626
3 7626 3133 7628
3 7626 7628 7627
3 7627 7628 7629
3 7627 7629 3131
3 3131 7629 3132
3 3133 2827 3134
3 3134 2827 2829
3 3134 2830 7630
3 7630 2830 7631
3 7630 7631 3132
3 3132 7631 2832
3 3131 3136 7632
3 7632 3136 7634
3 7632 7634 7633
3 7633 7634 7635
3 7633 7635 3129
3 3129 7635 3135
3 3136 3139 3137
3 3137 3139 3138
3 3139 3142 7636
3 7636 3142 7637
3 7636 7637 3140
3 3140 7637 3141
3 3142 3145 3143
3 3143 3145 3144
3 3145 3148 7638
3 7638 3148 7639
3 7638 7639 3146
3 3146 7639 3147
3 3148 2836 7640
3 7640 2836 7641
3 7640 7641 3149
3 3149 7641 2838
3 3149 7642 3147
3 3147 7642 7643
3 7642 2857 7643
3 7643 2857 2859
3 3146 7644 3144
3 3144 7644 7645
3 7644 2863 7645
3 7645 2863 2865
3 3143 3151 3141
3 3141 3151 3150
3 3151 3154 7646
3 7646 3154 7648
3 7646 7648 7647
3 7647 7648 7649
3 7647 7649 3152
3 3152 7649 3153
3 3154 2869 7650
3 7650 2869 7652
3 7650 7652 7651
3 7651 7652 7653
3 7651 7653 3155
3 3155 7653 2871
3 3155 3157 3153
3 3153 3157 3156
3 3157 2872 7654
3 7654 2872 7655
3 7654 7655 3158
3 3158 7655 2874
3 3158 3160 7656
3 7656 3160 7657
3 7656 7657 3156
3 3156 7657 3159
3 3160 3163 3161
3 3161 3163 3162
3 3163 3166 7658
3 7658 3166 7659
3 7658 7659 3164
3 3164 7659 3165
3 3166 2878 3167
3 3167 2878 2880
3 3167 2881 3165
3 3165 2881 2883
3 3164 3169 3162
3 3162 3169 3168
3 3169 3172 7660
3 7660 3172 7661
3 7660 7661 3170
3 3170 7661 3171
3 3172 7662 3173
3 3173 7662 7663
3 7662 7664 7663
3 7663 7664 7665
3 7664 7666 7665
3 7665 7666 7667
3 7666 7668 7667
3 7667 7668 7669
3 7668 3175 7669
3 7669 3175 3174
3 3175 7670 3176
3 3176 7670 7671
3 7670 7672 7671
3 7671 7672 7673
3 7672 2884 7673
3 7673 2884 2886
3 3176 3178 3174
3 3174 3178 3177
3 3178 7675 7674
3 7674 7675 7676
3 7674 7676 3179
3 3179 7676 7677
3 7675 7678 7676
3 7676 7678 7679
3 7676 7679 7677
3 7677 7679 7680
3 7678 3181 7679
3 7679 3181 7681
3 7679 7681 7680
3 7680 7681 3180
3 3181 7682 3182
3 3182 7682 7683
3 7682 3184 7683
3 7683 3184 3183
3 3184 3187 7684
3 7684 3187 7685
3 7684 7685 3185
3 3185 7685 3186
3 3187 3190 7686
3 7686 3190 7687
3 7686 7687 3188
3 3188 7687 3189
3 3190 7688 3191
3 3191 7688 7689
3 7688 7690 7689
3 7689 7690 7691
3 7690 2887 7691
3 7691 2887 2889
3 3191 7693 7692
3 7692 7693 7694
3 7692 7694 3189
3 3189 7694 7695
3 7693 2890 7694
3 7694 2890 7696
3 7694 7696 7695
3 7695 7696 2892
3 3188 3193 3186
3 3186 3193 3192
3 3193 3196 3194
3 3194 3196 3195
3 3196 7697 3197
3 3197 7697 7698
3 7697 2899 7698
3 7698 2899 2901
3 3197 7699 3195
3 3195 7699 7700
3 7699 2902 7700
3 7700 2902 2904
3 3194 2914 3192
3 3192 2914 2916
3 3185 3199 7701
3 7701 3199 7702
3 7701 7702 3183
3 3183 7702 3198
3 3199 3202 7703
3 7703 3202 7704
3 7703 7704 3200
3 3200 7704 3201
3 3202 2917 7705
3 7705 2917 7707
3 7705 7707 7706
3 7706 7707 7708
3 7706 7708 3203
3 3203 7708 2919
3 3203 3205 7709
3 7709 3205 7712
3 7709 7712 7710
3 7710 7712 7713
3 7710 7713 7711
3 7711 7713 7714
3 7711 7714 3201
3 3201 7714 3204
3 3205 7715 3206
3 3206 7715 7716
3 7715 3208 7716
3 7716 3208 3207
3 3208 3211 7717
3 7717 3211 7718
3 7717 7718 3209
3 3209 7718 3210
3 3211 3214 3212
3 3212 3214 3213
3 3214 3217 7719
3 7719 3217 7721
3 7719 7721 7720
3 7720 7721 7722
3 7720 7722 3215
3 3215 7722 3216
3 3217 7726 7723
3 7723 7726 7727
3 7723 7727 7724
3 7724 7727 7728
3 7724 7728 7725
3 7725 7728 7729
3 7725 7729 3218
3 3218 7729 7730
3 7726 3220 7727
3 7727 3220 7731
3 7727 7731 7728
3 7728 7731 7732
3 7728 7732 7729
3 7729 7732 7733
3 7729 7733 7730
3 7730 7733 3219
3 3220 2920 7734
3 7734 2920 7737
3 7734 7737 7735
3 7735 7737 7738
3 7735 7738 7736
3 7736 7738 7739
3 7736 7739 3221
3 3221 7739 2922
3 3219 7740 2928
3 2928 7740 7741
3 7741 7740 3223
3 3221 2926 7742
3 7742 2926 7743
3 7742 7743 3222
3 3218 3225 7744
3 7744 3225 7745
3 7744 7745 3216
3 3216 7745 3224
3 3225 3228 7746
3 7746 3228 7747
3 7746 7747 3226
3 3226 7747 3227
3 3228 7748 3229
3 3229 7748 7749
3 7748 7750 7749
3 7749 7750 7751
3 7750 7752 7751
3 7751 7752 7753
3 7752 7754 7753
3 7753 7754 7755
3 7754 2929 7755
3 7755 2929 2931
3 3229 7757 7756
3 7756 7757 7758
3 7756 7758 3227
3 3227 7758 7759
3 7757 3231 7758
3 7758 3231 7760
3 7758 7760 7759
3 7759 7760 3230
3 3231 3234 7761
3 7761 3234 7762
3 7761 7762 3232
3 3232 7762 3233
3 3234 7766 7763
3 7763 7766 7767
3 7763 7767 7764
3 7764 7767 7768
3 7764 7768 7765
3 7765 7768 7769
3 7765 7769 3235
3 3235 7769 7770
3 7766 3237 7767
3 7767 3237 7771
3 7767 7771 7768
3 7768 7771 7772
3 7768 7772 7769
3 7769 7772 7773
3 7769 7773 7770
3 7770 7773 3236
3 3237 3240 7774
3 7774 3240 7777
3 7774 7777 7775
3 7775 7777 7778
3 7775 7778 7776
3 7776 7778 7779
3 7776 7779 3238
3 3238 7779 3239
3 3240 3243 7780
3 7780 3243 7782
3 7780 7782 7781
3 7781 7782 7783
3 7781 7783 3241
3 3241 7783 3242
3 3243 2932 7784
3 7784 2932 7786
3 7784 7786 7785
3 7785 7786 7787
3 7785 7787 3244
3 3244 7787 2934
3 3244 3246 3242
3 3242 3246 3245
3 3246 3249 7788
3 7788 3249 7790
3 7788 7790 7789
3 7789 7790 7791
3 7789 7791 3247
3 3247 7791 3248
3 3249 2943 7792
3 7792 2943 7795
3 7792 7795 7793
3 7793 7795 7796
3 7793 7796 7794
3 7794 7796 7797
3 7794 7797 3250
3 3250 7797 2945
3 3250 7798 3248
3 3248 7798 7799
3 7798 3252 7799
3 7799 3252 3251
3 3252 3255 7800
3 7800 3255 7801
3 7800 7801 3253
3 3253 7801 3254
3 3255 7802 3256
3 3256 7802 7803
3 7802 7804 7803
3 7803 7804 7805
3 7804 7806 7805
3 7805 7806 7807
3 7806 7808 7807
3 7807 7808 7809
3 7808 2946 7809
3 7809 2946 2948
3 3256 7810 3254
3 3254 7810 7811
3 7810 7812 7811
3 7811 7812 7813
3 7812 7814 7813
3 7813 7814 7815
3 7814 7816 7815
3 7815 7816 7817
3 7816 3258 7817
3 7817 3258 3257
3 3258 7819 7818
3 7818 7819 7820
3 7818 7820 3259
3 3259 7820 7821
3 7819 3261 7820
3 7820 3261 7822
3 7820 7822 7821
3 7821 7822 3260
3 3261 3264 7823
3 7823 3264 7824
3 7823 7824 3262
3 3262 7824 3263
3 3264 2949 7825
3 7825 2949 7826
3 7825 7826 3265
3 3265 7826 2951
3 3265 7827 3263
3 3263 7827 7828
3 7827 7829 7828
3 7828 7829 7830
3 7829 7831 7830
3 7830 7831 7832
3 7831 7833 7832
3 7832 7833 7834
3 7833 3260 7834
3 7834 3260 3262
3 3259 3267 7835
3 7835 3267 7836
3 7835 7836 3257
3 3257 7836 3266
3 3267 7837 3268
3 3268 7837 7838
3 7837 3270 7838
3 7838 3270 3269
3 3270 3273 7839
3 7839 3273 7840
3 7839 7840 3271
3 3271 7840 3272
3 3273 3276 3274
3 3274 3276 3275
3 3276 3279 7841
3 7841 3279 7842
3 7841 7842 3277
3 3277 7842 3278
3 3279 7843 3280
3 3280 7843 7844
3 7843 7845 7844
3 7844 7845 7846
3 7845 3282 7846
3 7846 3282 3281
3 3282 2952 3283
3 3283 2952 2954
3 3283 7847 3281
3 3281 7847 7848
3 7847 3285 7848
3 7848 3285 3284
3 3285 3288 3286
3 3286 3288 3287
3 3288 2955 7849
3 7849 2955 7852
3 7849 7852 7850
3 7850 7852 7853
3 7850 7853 7851
3 7851 7853 7854
3 7851 7854 3289
3 3289 7854 2957
3 3289 3291 7855
3 7855 3291 7858
3 7855 7858 7856
3 7856 7858 7859
3 7856 7859 7857
3 7857 7859 7860
3 7857 7860 3287
3 3287 7860 3290
3 3291 3096 3292
3 3292 3096 3098
3 3292 3294 7861
3 7861 3294 7864
3 7861 7864 7862
3 7862 7864 7865
3 7862 7865 7863
3 7863 7865 7866
3 7863 7866 3290
3 3290 7866 3293
3 3294 3297 7867
3 7867 3297 7868
3 7867 7868 3295
3 3295 7868 3296
3 3297 3102 3298
3 3298 3102 3104
3 3298 3300 7869
3 7869 3300 7871
3 7869 7871 7870
3 7870 7871 7872
3 7870 7872 3296
3 3296 7872 3299
3 3300 3117 7873
3 7873 3117 7874
3 7873 7874 3301
3 3301 7874 3119
3 3301 7875 3299
3 3299 7875 7876
3 7875 3303 7876
3 7876 3303 3302
3 3303 3306 7877
3 7877 3306 7879
3 7877 7879 7878
3 7878 7879 7880
3 7878 7880 3304
3 3304 7880 3305
3 3306 3309 7881
3 7881 3309 7883
3 7881 7883 7882
3 7882 7883 7884
3 7882 7884 3307
3 3307 7884 3308
3 3309 3120 3310
3 3310 3120 3122
3 3310 3312 7885
3 7885 3312 7888
3 7885 7888 7886
3 7886 7888 7889
3 7886 7889 7887
3 7887 7889 7890
3 7887 7890 3308
3 3308 7890 3311
3 3312 3123 7891
3 7891 3123 7892
3 7891 7892 3313
3 3313 7892 3125
3 3316 3311 3315
3 3313 3317 3314
3 3317 3320 7893
3 7893 3320 7895
3 7893 7895 7894
3 7894 7895 7896
3 7894 7896 3318
3 3318 7896 3319
3 3320 3323 7897
3 7897 3323 7898
3 7897 7898 3321
3 3321 7898 3322
3 3323 3326 7899
3 7899 3326 7901
3 7899 7901 7900
3 7900 7901 7902
3 7900 7902 3324
3 3324 7902 3325
3 3326 3329 7903
3 7903 3329 7904
3 7903 7904 3327
3 3327 7904 3328
3 3329 3135 7905
3 7905 3135 7906
3 7905 7906 3330
3 3330 7906 3137
3 3330 3138 3328
3 3328 3138 3140
3 3327 3332 7907
3 7907 3332 7909
3 7907 7909 7908
3 7908 7909 7910
3 7908 7910 3325
3 3325 7910 3331
3 3332 3150 7911
3 7911 3150 7913
3 7911 7913 7912
3 7912 7913 7914
3 7912 7914 3333
3 3333 7914 3152
3 3333 3335 3331
3 3331 3335 3334
3 3335 3338 3336
3 3336 3338 3337
3 3338 7916 7915
3 7915 7916 7917
3 7915 7917 3339
3 3339 7917 7918
3 7916 3341 7917
3 7917 3341 7919
3 7917 7919 7918
3 7918 7919 3340
3 3341 3344 7920
3 7920 3344 7922
3 7920 7922 7921
3 7921 7922 7923
3 7921 7923 3342
3 3342 7923 3343
3 3344 3347 7924
3 7924 3347 7927
3 7924 7927 7925
3 7925 7927 7928
3 7925 7928 7926
3 7926 7928 7929
3 7926 7929 3345
3 3345 7929 3346
3 3347 3159 7930
3 7930 3159 7931
3 7930 7931 3348
3 3348 7931 3161
3 3348 3168 3346
3 3346 3168 3170
3 3345 3350 3343
3 3343 3350 3349
3 3350 3353 7932
3 7932 3353 7934
3 7932 7934 7933
3 7933 7934 7935
3 7933 7935 3351
3 3351 7935 3352
3 3353 7936 3354
3 3354 7936 7937
3 7936 3356 7937
3 7937 3356 3355
3 3356 7938 3357
3 3357 7938 7939
3 7938 3359 7939
3 7939 3359 3358
3 3359 3171 7940
3 7940 3171 7941
3 7940 7941 3360
3 3360 7941 3173
3 3360 3362 7942
3 7942 3362 7943
3 7942 7943 3358
3 3358 7943 3361
3 3362 7945 7944
3 7944 7945 7946
3 7944 7946 3363
3 3363 7946 7947
3 7945 3365 7946
3 7946 3365 7948
3 7946 7948 7947
3 7947 7948 3364
3 3365 3177 7949
3 7949 3177 7950
3 7949 7950 3366
3 3366 7950 3179
3 3366 7951 3364
3 3364 7951 7952
3 7951 7953 7952
3 7952 7953 7954
3 7953 7955 7954
3 7954 7955 7956
3 7955 3368 7956
3 7956 3368 3367
3 3368 7957 3369
3 3369 7957 7958
3 7957 7959 7958
3 7958 7959 7960
3 7959 3180 7960
3 7960 3180 3182
3 3369 3371 3367
3 3367 3371 3370
3 3371 3374 3372
3 3372 3374 3373
3 3374 3377 7961
3 7961 3377 7963
3 7961 7963 7962
3 7962 7963 7964
3 7962 7964 3375
3 3375 7964 3376
3 3377 7965 3378
3 3378 7965 7966
3 7965 3198 7966
3 7966 3198 3200
3 3378 3204 7967
3 7967 3204 7969
3 7967 7969 7968
3 7968 7969 7970
3 7968 7970 3376
3 3376 7970 3206
3 3375 3380 7971
3 7971 3380 7972
3 7971 7972 3373
3 3373 7972 3379
3 3380 7973 3381
3 3381 7973 7974
3 7973 3207 7974
3 7974 3207 3209
3 3381 3383 7975
3 7975 3383 7976
3 7975 7976 3379
3 3379 7976 3382
3 3383 7978 7977
3 7977 7978 7979
3 7977 7979 3384
3 3384 7979 7980
3 7978 3386 7979
3 7979 3386 7981
3 7979 7981 7980
3 7980 7981 3385
3 3386 7983 7982
3 7982 7983 7984
3 7982 7984 3387
3 3387 7984 7985
3 7983 3389 7984
3 7984 3389 7986
3 7984 7986 7985
3 7985 7986 3388
3 3389 7988 7987
3 7987 7988 7989
3 7987 7989 3390
3 3390 7989 7990
3 7988 3392 7989
3 7989 3392 7991
3 7989 7991 7990
3 7990 7991 3391
3 3392 7992 3393
3 3393 7992 7993
3 7992 3210 7993
3 7993 3210 3212
3 3393 3395 3391
3 3391 3395 3394
3 3395 3213 7994
3 7994 3213 7996
3 7994 7996 7995
3 7995 7996 7997
3 7995 7997 3396
3 3396 7997 3215
3 3396 3398 7998
3 7998 3398 7999
3 7998 7999 3394
3 3394 7999 3397
3 3398 8000 3399
3 3399 8000 8001
3 8000 3224 8001
3 8001 3224 3226
3 3399 3401 8002
3 8002 3401 8003
3 8002 8003 3397
3 3397 8003 3400
3 3401 3404 3402
3 3402 3404 3403
3 3404 3407 3405
3 3405 3407 3406
3 3407 8004 3408
3 3408 8004 8005
3 8004 8006 8005
3 8005 8006 8007
3 8006 3410 8007
3 8007 3410 3409
3 3410 3413 8008
3 8008 3413 8010
3 8008 8010 8009
3 8009 8010 8011
3 8009 8011 3411
3 3411 8011 3412
3 3413 8012 3414
3 3414 8012 8013
3 8012 8014 8013
3 8013 8014 8015
3 8014 3230 8015
3 8015 3230 3232
3 3414 3416 8016
3 8016 3416 8018
3 8016 8018 8017
3 8017 8018 8019
3 8017 8019 3412
3 3412 8019 3415
3 3416 3233 8020
3 8020 3233 8023
3 8020 8023 8021
3 8021 8023 8024
3 8021 8024 8022
3 8022 8024 8025
3 8022 8025 3417
3 3417 8025 3235
3 3417 3419 8026
3 8026 3419 8027
3 8026 8027 3415
3 3415 8027 3418
3 3419 3422 3420
3 3420 3422 3421
3 3422 8028 3423
3 3423 8028 8029
3 8028 8030 8029
3 8029 8030 8031
3 8030 8032 8031
3 8031 8032 8033
3 8032 8034 8033
3 8033 8034 8035
3 8034 3425 8035
3 8035 3425 3424
3 3425 3236 3426
3 3426 3236 3238
3 3426 3428 3424
3 3424 3428 3427
3 3428 3431 3429
3 3429 3431 3430
3 3431 3434 8036
3 8036 3434 8039
3 8036 8039 8037
3 8037 8039 8040
3 8037 8040 8038
3 8038 8040 8041
3 8038 8041 3432
3 3432 8041 3433
3 3434 3437 8042
3 8042 3437 8044
3 8042 8044 8043
3 8043 8044 8045
3 8043 8045 3435
3 3435 8045 3436
3 3437 3440 8046
3 8046 3440 8047
3 8046 8047 3438
3 3438 8047 3439
3 3440 3239 3441
3 3441 3239 3241
3 3441 3443 8048
3 8048 3443 8049
3 8048 8049 3439
3 3439 8049 3442
3 3443 3245 8050
3 8050 3245 8052
3 8050 8052 8051
3 8051 8052 8053
3 8051 8053 3444
3 3444 8053 3247
3 3444 3436 3442
3 3442 3436 3438
3 3435 8054 3433
3 3433 8054 8055
3 8054 3251 8055
3 8055 3251 3253
3 3432 3446 8056
3 8056 3446 8057
3 8056 8057 3430
3 3430 8057 3445
3 3446 8059 8058
3 8058 8059 8060
3 8058 8060 3447
3 3447 8060 8061
3 8059 3266 8060
3 8060 3266 8062
3 8060 8062 8061
3 8061 8062 3268
3 3447 3449 3445
3 3445 3449 3448
3 3449 3269 8063
3 8063 3269 8064
3 8063 8064 3450
3 3450 8064 3271
3 3450 3427 8065
3 8065 3427 8066
3 8065 8066 3448
3 3448 8066 3429
3 3423 3452 3421
3 3421 3452 3451
3 3452 8067 3453
3 3453 8067 8068
3 8067 3455 8068
3 8068 3455 3454
3 3455 3272 8069
3 8069 3272 8070
3 8069 8070 3456
3 3456 8070 3274
3 3456 8071 3454
3 3454 8071 8072
3 8071 8073 8072
3 8072 8073 8074
3 8073 3458 8074
3 8074 3458 3457
3 3458 8075 3459
3 3459 8075 8076
3 8075 3284 8076
3 8076 3284 3286
3 3459 8077 3457
3 3457 8077 8078
3 8077 3461 8078
3 8078 3461 3460
3 3461 3464 3462
3 3462 3464 3463
3 3464 3467 8079
3 8079 3467 8080
3 8079 8080 3465
3 3465 8080 3466
3 3467 8081 3468
3 3468 8081 8082
3 8081 3470 8082
3 8082 3470 3469
3 3470 3293 8083
3 8083 3293 8084
3 8083 8084 3471
3 3471 8084 3295
3 3471 8086 8085
3 8085 8086 8087
3 8085 8087 3469
3 3469 8087 8088
3 8086 3473 8087
3 8087 3473 8089
3 8087 8089 8088
3 8088 8089 3472
3 3473 3476 8090
3 8090 3476 8093
3 8090 8093 8091
3 8091 8093 8094
3 8091 8094 8092
3 8092 8094 8095
3 8092 8095 3474
3 3474 8095 3475
3 3476 3302 8096
3 8096 3302 8098
3 8096 8098 8097
3 8097 8098 8099
3 8097 8099 3477
3 3477 8099 3304
3 3477 3479 3475
3 3475 3479 3478
3 3479 8100 3480
3 3480 8100 8101
3 8100 3482 8101
3 8101 3482 3481
3 3482 3485 3483
3 3483 3485 3484
3 3485 8102 3486
3 3486 8102 8103
3 8102 3305 8103
3 8103 3305 3307
3 3486 3488 8104
3 8104 3488 8105
3 8104 8105 3484
3 3484 8105 3487
3 3488 3491 3489
3 3489 3491 3490
3 3491 3316 8106
3 8106 3316 8107
3 8106 8107 3492
3 3492 8107 3318
3 3492 3494 8108
3 8108 3494 8109
3 8108 8109 3490
3 3490 8109 3493
3 3494 3497 8110
3 8110 3497 8112
3 8110 8112 8111
3 8111 8112 8113
3 8111 8113 3495
3 3495 8113 3496
3 3497 3340 8114
3 8114 3340 8116
3 8114 8116 8115
3 8115 8116 8117
3 8115 8117 3498
3 3498 8117 3342
3 3498 3349 8118
3 8118 3349 8120
3 8118 8120 8119
3 8119 8120 8121
3 8119 8121 3496
3 3496 8121 3351
3 3495 3487 3493
3 3493 3487 3489
3 3483 3500 8122
3 8122 3500 8123
3 8122 8123 3481
3 3481 8123 3499
3 3500 8124 3501
3 3501 8124 8125
3 8124 8126 8125
3 8125 8126 8127
3 8126 3503 8127
3 8127 3503 3502
3 3503 3506 8128
3 8128 3506 8129
3 8128 8129 3504
3 3504 8129 3505
3 3506 3352 8130
3 8130 3352 8131
3 8130 8131 3507
3 3507 8131 3354
3 3507 3509 3505
3 3505 3509 3508
3 3509 8133 8132
3 8132 8133 8134
3 8132 8134 3510
3 3510 8134 8135
3 8133 3512 8134
3 8134 3512 8136
3 8134 8136 8135
3 8135 8136 3511
3 3512 3388 8137
3 8137 3388 8138
3 8137 8138 3513
3 3513 8138 3390
3 3513 3515 8139
3 8139 3515 8140
3 8139 8140 3511
3 3511 8140 3514
3 3515 3518 8141
3 8141 3518 8142
3 8141 8142 3516
3 3516 8142 3517
3 3518 3400 3519
3 3519 3400 3402
3 3519 3403 3517
3 3517 3403 3405
3 3516 3521 8143
3 8143 3521 8144
3 8143 8144 3514
3 3514 8144 3520
3 3521 8145 3522
3 3522 8145 8146
3 8145 3406 8146
3 8146 3406 3408
3 3522 3499 8147
3 8147 3499 8148
3 8147 8148 3520
3 3520 8148 3501
3 3510 3502 8149
3 8149 3502 8150
3 8149 8150 3508
3 3508 8150 3504
3 3480 3524 3478
3 3478 3524 3523
3 3524 3409 8151
3 8151 3409 8153
3 8151 8153 8152
3 8152 8153 8154
3 8152 8154 3525
3 3525 8154 3411
3 3525 3527 8155
3 8155 3527 8157
3 8155 8157 8156
3 8156 8157 8158
3 8156 8158 3523
3 3523 8158 3526
3 3527 3466 8159
3 8159 3466 8160
3 8159 8160 3528
3 3528 8160 3468
3 3526 8161 3474
3 3474 8161 8162
3 8162 8161 3530
3 3528 3472 8163
3 8163 3472 8164
3 8163 8164 3529
3 3465 3532 3463
3 3463 3532 3531
3 3532 3535 8165
3 8165 3535 8166
3 8165 8166 3533
3 3533 8166 3534
3 3535 3418 8167
3 8167 3418 8168
3 8167 8168 3536
3 3536 8168 3420
3 3536 3451 3534
3 3534 3451 3453
3 3533 3460 3531
3 3531 3460 3462
3 3387 8169 3385
3 3385 8169 8170
3 8169 3538 8170
3 8170 3538 3537
3 3538 3541 8171
3 8171 3541 8172
3 8171 8172 3539
3 3539 8172 3540
3 3541 3544 3542
3 3542 3544 3543
3 3544 3355 3545
3 3545 3355 3357
3 3545 3547 3543
3 3543 3547 3546
3 3547 3361 8173
3 8173 3361 8174
3 8173 8174 3548
3 3548 8174 3363
3 3548 3540 8175
3 8175 3540 8176
3 8175 8176 3546
3 3546 8176 3542
3 3539 3550 8177
3 8177 3550 8178
3 8177 8178 3537
3 3537 8178 3549
3 3550 3370 8179
3 8179 3370 8180
3 8179 8180 3551
3 3551 8180 3372
3 3551 3382 3549
3 3549 3382 3384
3 3339 3319 3337
3 3337 3319 3321
3 3336 3322 3334
3 3334 3322 3324
3 3280 8181 3278
3 3278 8181 8182
3 8181 8183 8182
3 8182 8183 8184
3 8183 8185 8184
3 8184 8185 8186
3 8185 8187 8186
3 8186 8187 8188
3 8187 3275 8188
3 8188 3275 3277
3 3092 2958 3090
3 3090 2958 2960
3 2856 2845 2854
3 2854 2845 2847
3 2754 2743 8189
3 8189 2743 8191
3 8189 8191 8190
3 8190 8191 8192
3 8190 8192 2752
3 2752 8192 2745
3 2700 2692 8193
3 8193 2692 8194
3 8193 8194 2698
3 2698 8194 2694
3 2661 8195 2659
3 2659 8195 8196
3 8195 2653 8196
3 8196 2653 2655
3 2583 2575 8197
3 8197 2575 8199
3 8197 8199 8198
3 8198 8199 8200
3 8198 8200 2581
3 2581 8200 2577
3 2553 8201 2551
3 2551 8201 8202
3 8201 8203 8202
3 8202 8203 8204
3 8203 8205 8204
3 8204 8205 8206
3 8205 2548 8206
3 8206 2548 2550
3 2508 2500 2506
3 2506 2500 2502
3 2493 2488 8207
3 8207 2488 8208
3 8207 8208 2491
3 2491 8208 2490
3 2478 2467 2476
3 2476 2467 2469
3 2448 2437 2446
3 2446 2437 2439
3 2361 8209 2359
3 2359 8209 8210
3 8209 2356 8210
3 8210 2356 2358
3 2259 2251 8211
3 8211 2251 8212
3 8211 8212 2257
3 2257 8212 2253
3 2250 2239 8213
3 8213 2239 8214
3 8213 8214 2248
3 2248 8214 2241
3 2226 2221 8215
3 8215 2221 8218
3 8215 8218 8216
3 8216 8218 8219
3 8216 8219 8217
3 8217 8219 8220
3 8217 8220 2224
3 2224 8220 2223
3 2168 2157 2166
3 2166 2157 2159
3 2132 2122 2130
3 2130 2122 2124
3 2112 8221 2110
3 2110 8221 8222
3 8221 2095 8222
3 8222 2095 2097
3 2109 2098 2107
3 2107 2098 2100
3 2043 2032 8223
3 8223 2032 8225
3 8223 8225 8224
3 8224 8225 8226
3 8224 8226 2041
3 2041 8226 2034
3 2001 1990 1999
3 1999 1990 1992
3 1878 8227 1876
3 1876 8227 8228
3 8227 1856 8228
3 8228 1856 1858
3 1875 1861 1873
3 1873 1861 1863
3 1844 1830 1842
3 1842 1830 1832
3 1823 1815 1821
3 1821 1815 1817
3 1742 1728 1740
3 1740 1728 1730
3 1724 3553 8229
3 8229 3553 8230
3 8229 8230 1722
3 1722 8230 3552
3 3553 8232 8231
3 8231 8232 8233
3 8231 8233 3554
3 3554 8233 8234
3 8232 3556 8233
3 8233 3556 8235
3 8233 8235 8234
3 8234 8235 3555
3 3556 1710 8236
3 8236 1710 8237
3 8236 8237 3557
3 3557 8237 1712
3 3557 8239 8238
3 8238 8239 8240
3 8238 8240 3555
3 3555 8240 8241
3 8239 3552 8240
3 8240 3552 8242
3 8240 8242 8241
3 8241 8242 3554
3 1703 1683 1701
3 1701 1683 1685
3 1700 1686 8243
3 8243 1686 8245
3 8243 8245 8244
3 8244 8245 8246
3 8244 8246 1698
3 1698 8246 1688
3 1466 8247 1464
3 1464 8247 8248
3 8247 1449 8248
3 8248 1449 1451
3 1386 1375 1384
3 1384 1375 1377
3 1357 1336 8249
3 8249 1336 8250
3 8249 8250 1355
3 1355 8250 1338
3 1275 1261 1273
3 1273 1261 1263
3 1194 8251 1192
3 1192 8251 8252
3 8251 1183 8252
3 8252 1183 1185
3 1176 1166 8253
3 8253 1166 8254
3 8253 8254 1174
3 1174 8254 1168
3 1092 1084 8255
3 8255 1084 8256
3 8255 8256 1090
3 1090 8256 1086
3 1031 3559 1029
3 1029 3559 3558
3 3559 1017 3560
3 3560 1017 1019
3 3560 1026 3558
3 3558 1026 1028
3 992 981 990
3 990 981 983
3 974 3562 972
3 972 3562 3561
3 3562 960 8257
3 8257 960 8258
3 8257 8258 3563
3 3563 8258 962
3 3563 969 3561
3 3561 969 971
3 803 792 801
3 801 792 794
3 550 542 548
3 548 542 544
3 422 411 8259
3 8259 411 8260
3 8259 8260 420
3 420 8260 413
3 272 8261 270
3 270 8261 8262
3 8261 8263 8262
3 8262 8263 8264
3 8263 8265 8264
3 8264 8265 8266
3 8265 267 8266
3 8266 267 269
3 224 213 8267
3 8267 213 8268
3 8267 8268 222
3 222 8268 215
3 113 8270 8269
3 8269 8270 8271
3 8269 8271 111
3 111 8271 8272
3 8270 8273 8271
3 8271 8273 8274
3 8271 8274 8272
3 8272 8274 8275
3 8273 108 8274
3 8274 108 8276
3 8274 8276 8275
3 8275 8276 110
3 3564 8277 3565
3 3565 8277 8278
3 8277 8279 8278
3 8278 8279 8280
3 8279 8281 8280
3 8280 8281 8282
3 8281 8283 8282
3 8282 8283 8284
3 8283 8285 8284
3 8284 8285 8286
3 8285 3564 8286
3 8286 3564 3565
3 3566 8287 3568
3 8287 8288 3568
3 8288 8289 3568
3 8289 8290 3568
3 8290 8291 3568
3 8291 3566 3568
3 3567 3569 8292
3 8292 3569 8293
3 8293 3569 8294
3 8294 3569 8295
3 8295 3569 8296
3 8296 3569 3567
3 3570 8297 3571
3 3571 8297 8298
3 8297 8299 8298
3 8298 8299 8300
3 8299 8301 8300
3 8300 8301 8302
3 8301 8303 8302
3 8302 8303 8304
3 8303 8305 8304
3 8304 8305 8306
3 8305 3570 8306
3 8306 3570 3571
3 3572 8310 8307
3 8307 8310 8311
3 8307 8311 8308
3 8308 8311 8312
3 8308 8312 8309
3 8309 8312 8313
3 8309 8313 3573
3 3573 8313 8314
3 8310 8315 8311
3 8311 8315 8316
3 8311 8316 8312
3 8312 8316 8317
3 8312 8317 8313
3 8313 8317 8318
3 8313 8318 8314
3 8314 8318 8319
3 8315 8320 8316
3 8316 8320 8321
3 8316 8321 8317
3 8317 8321 8322
3 8317 8322 8318
3 8318 8322 8323
3 8318 8323 8319
3 8319 8323 8324
3 8320 8325 8321
3 8321 8325 8326
3 8321 8326 8322
3 8322 8326 8327
3 8322 8327 8323
3 8323 8327 8328
3 8323 8328 8324
3 8324 8328 8329
3 8325 8330 8326
3 8326 8330 8331
3 8326 8331 8327
3 8327 8331 8332
3 8327 8332 8328
3 8328 8332 8333
3 8328 8333 8329
3 8329 8333 8334
3 8330 3572 8331
3 8331 3572 8307
3 8331 8307 8332
3 8332 8307 8308
3 8332 8308 8333
3 8333 8308 8309
3 8333 8309 8334
3 8334 8309 3573
3 3574 8335 3576
3 8335 8336 3576
3 8336 8337 3576
3 8337 8338 3576
3 8338 8339 3576
3 8339 3574 3576
3 3575 3577 8340
3 8340 3577 8341
3 8341 3577 8342
3 8342 3577 8343
3 8343 3577 8344
3 8344 3577 3575
3 3602 0 1
3 3602 1 2
3 5 3 3584
3 3584 3 4
3 8 6 3586
3 3586 6 3585
3 3586 3585 7
3 11 9 3590
3 11 3590 3591
3 3591 3590 10
3 14 12 3592
3 14 3592 3593
3 3593 3592 13
3 17 15 3594
3 17 3594 16
3 3603 18 19
3 3603 19 3601
3 3603 3601 20
3 23 21 3604
3 23 3604 22
3 3640 24 3605
3 3640 3605 26
3 3605 24 25
3 3610 27 3609
3 3610 3609 29
3 29 3609 28
3 32 30 3611
3 32 3611 31
3 35 33 34
3 3686 36 37
3 3686 37 38
3 41 39 40
3 44 42 43
3 47 45 46
3 50 48 49
3 3738 51 52
3 3738 52 3624
3 3738 3624 53
3 56 54 3628
3 56 3628 55
3 3629 57 58
3 3629 58 59
3 62 60 3631
3 3631 60 3630
3 3631 3630 61
3 3756 63 3632
3 3756 3632 65
3 65 3632 64
3 68 66 67
3 3642 69 70
3 3642 70 3639
3 3642 3639 3641
3 3641 3639 71
3 74 72 3650
3 3650 72 3648
3 3650 3648 3649
3 3649 3648 3647
3 3649 3647 73
3 3775 75 3652
3 3775 3652 3651
3 3775 3651 77
3 77 3651 76
3 80 78 79
3 83 81 82
3 3795 84 85
3 3795 85 86
3 89 87 88
3 92 90 91
3 3818 93 94
3 3818 94 3669
3 3818 3669 3819
3 3819 3669 3670
3 3819 3670 3820
3 3820 3670 3671
3 3820 3671 95
3 98 96 3677
3 3677 96 3674
3 3677 3674 3676
3 3676 3674 3673
3 3676 3673 3675
3 3675 3673 3672
3 3675 3672 97
3 8408 8407 8409
3 8410 8407 8408
3 3833 99 3680
3 3833 3680 8407
3 3833 8407 8410
3 3833 8410 101
3 101 8410 3682
3 3682 8410 8408
3 3682 8408 3681
3 3681 8408 8409
3 3681 8409 3678
3 3681 3678 100
3 3678 8409 3679
3 3679 8409 8407
3 3679 8407 3680
3 3689 102 3684
3 3689 3684 3688
3 3688 3684 8411
3 3688 8411 3687
3 3687 8411 3685
3 3687 3685 104
3 3685 8411 103
3 103 8411 3683
3 3683 8411 3684
3 3693 105 3692
3 3693 3692 3691
3 3693 3691 107
3 107 3691 3690
3 107 3690 106
3 8276 108 3694
3 8276 3694 110
3 110 3694 3695
3 3695 3694 109
3 8269 111 3703
3 8269 3703 113
3 3703 111 3702
3 3703 3702 112
3 116 114 3704
3 116 3704 3705
3 3705 3704 115
3 119 117 3707
3 3707 117 3706
3 3707 3706 118
3 250 120 3714
3 250 3714 8414
3 250 8414 8348
3 8348 8414 8413
3 8348 8413 8349
3 8349 8413 3716
3 8349 3716 8412
3 8349 8412 251
3 251 8412 122
3 122 8412 3717
3 3717 8412 3716
3 3716 8413 3715
3 3715 8413 8414
3 3715 8414 121
3 121 8414 3714
3 3741 123 3720
3 3741 3720 8415
3 3741 8415 125
3 125 8415 3719
3 125 3719 3721
3 3721 3719 3718
3 3721 3718 124
3 3719 8415 3720
3 3740 126 3722
3 3740 3722 127
3 3740 127 3723
3 3740 3723 128
3 3739 129 3736
3 3739 3736 130
3 3739 130 3737
3 3739 3737 131
3 3748 132 3745
3 3748 3745 134
3 134 3745 133
3 3896 135 3749
3 3896 3749 8416
3 3896 8416 137
3 137 8416 3750
3 3750 8416 3749
3 3750 3749 136
3 3758 138 3754
3 3758 3754 8417
3 3758 8417 3757
3 3757 8417 3755
3 3757 3755 140
3 3755 8417 139
3 139 8417 3754
3 3762 141 3760
3 3762 3760 3759
3 3762 3759 3761
3 3761 3759 142
3 3761 142 143
3 3906 144 8418
3 3906 8418 3766
3 3906 3766 146
3 3766 8418 3764
3 3766 3764 3765
3 3765 3764 3763
3 3765 3763 145
3 3764 8418 144
3 3923 147 8419
3 3923 8419 8420
3 3923 8420 3924
3 3924 8420 3769
3 3924 3769 149
3 3769 8420 8421
3 3769 8421 148
3 148 8421 3767
3 3767 8421 8420
3 3767 8420 3768
3 3768 8420 8419
3 3768 8419 147
3 152 150 3770
3 152 3770 3771
3 3771 3770 151
3 155 153 154
3 3778 156 157
3 3778 157 158
3 161 159 3779
3 161 3779 160
3 164 162 163
3 167 165 166
3 170 168 3794
3 3794 168 169
3 173 171 172
3 3802 174 175
3 3802 175 176
3 179 177 3803
3 179 3803 3804
3 3804 3803 178
3 3987 180 3805
3 3987 3805 3988
3 3988 3805 181
3 3988 181 8422
3 3988 8422 3989
3 3989 8422 3990
3 3990 8422 3807
3 3990 3807 182
3 3807 8422 3806
3 3806 8422 181
3 185 183 3812
3 3812 183 3809
3 3812 3809 3811
3 3811 3809 3808
3 3811 3808 3810
3 3810 3808 184
3 3999 186 187
3 3999 187 3821
3 3999 3821 4000
3 4000 3821 188
3 4020 189 3822
3 4020 3822 191
3 191 3822 190
3 4022 192 3823
3 4022 3823 194
3 3823 192 193
3 4029 195 3824
3 4029 3824 8423
3 4029 8423 4030
3 4030 8423 3825
3 4030 3825 197
3 3825 8423 196
3 196 8423 3824
3 3830 198 3829
3 3830 3829 199
3 3830 199 200
3 3836 201 3831
3 3836 3831 3835
3 3835 3831 202
3 3835 202 3832
3 3835 3832 3834
3 3834 3832 203
3 206 204 3839
3 206 3839 3842
3 3842 3839 8424
3 3842 8424 3841
3 3841 8424 3838
3 3841 3838 3837
3 3841 3837 3840
3 3840 3837 205
3 3838 8424 3839
3 209 207 3845
3 209 3845 3847
3 3847 3845 3844
3 3847 3844 3846
3 3846 3844 3843
3 3846 3843 208
3 4047 210 3849
3 4047 3849 8425
3 4047 8425 212
3 212 8425 3850
3 3850 8425 3848
3 3850 3848 211
3 3848 8425 3849
3 8268 213 3851
3 8268 3851 215
3 215 3851 214
3 218 216 3852
3 3852 216 217
3 221 219 3853
3 221 3853 220
3 8267 222 3854
3 8267 3854 224
3 3854 222 223
3 227 225 3855
3 227 3855 3856
3 3856 3855 226
3 230 228 3859
3 3859 228 3857
3 3859 3857 3858
3 3858 3857 229
3 233 231 3863
3 3863 231 3861
3 3863 3861 3862
3 3862 3861 3860
3 3862 3860 232
3 236 234 3869
3 236 3869 3871
3 3871 3869 3868
3 3871 3868 3870
3 3870 3868 235
3 8429 8426 8430
3 8426 8427 8430
3 8430 8427 8431
3 8430 8431 8432
3 4088 237 8427
3 4088 8427 8426
3 4088 8426 4089
3 4089 8426 8429
3 4089 8429 4090
3 4090 8429 8428
3 4090 8428 239
3 239 8428 3874
3 3874 8428 241
3 241 8428 8429
3 241 8429 8345
3 8345 8429 8432
3 8345 8432 240
3 240 8432 3876
3 3876 8432 8431
3 3876 8431 238
3 238 8431 3872
3 3872 8431 3873
3 3873 8431 8427
3 3873 8427 237
3 8432 8429 8430
3 244 242 246
3 246 242 3875
3 246 3875 8347
3 8347 3875 241
3 8347 241 8346
3 8346 241 8345
3 8346 8345 240
3 8346 240 245
3 245 240 3877
3 245 3877 243
3 249 247 251
3 251 247 246
3 251 246 8349
3 8349 246 8347
3 8349 8347 8348
3 8348 8347 8346
3 8348 8346 245
3 8348 245 250
3 250 245 248
3 4107 252 3878
3 4107 3878 3879
3 4107 3879 4108
3 4108 3879 254
3 3878 252 253
3 257 255 3884
3 3884 255 3881
3 3884 3881 3883
3 3883 3881 3880
3 3883 3880 3882
3 3882 3880 256
3 4136 258 3887
3 4136 3887 3886
3 4136 3886 260
3 260 3886 3888
3 3888 3886 3885
3 3888 3885 259
3 263 261 3893
3 3893 261 3892
3 3893 3892 262
3 3897 264 3894
3 3897 3894 8433
3 3897 8433 266
3 266 8433 3895
3 3895 8433 3894
3 3895 3894 265
3 269 267 3899
3 3899 267 3898
3 3899 3898 268
3 272 270 3900
3 272 3900 3901
3 3901 3900 271
3 275 273 3902
3 275 3902 3903
3 3903 3902 274
3 278 276 3904
3 278 3904 277
3 281 279 3905
3 3905 279 280
3 4156 282 3907
3 4156 3907 3908
3 4156 3908 4157
3 4157 3908 284
3 3907 282 283
3 287 285 3913
3 3913 285 3910
3 3913 3910 3912
3 3912 3910 3909
3 3912 3909 3911
3 3911 3909 286
3 8436 8434 8437
3 8434 8435 8437
3 8438 8436 8439
3 8436 8437 8439
3 8439 8437 8440
3 4180 288 3916
3 4180 3916 8435
3 4180 8435 8434
3 4180 8434 4181
3 4181 8434 8436
3 4181 8436 4182
3 4182 8436 8438
3 4182 8438 290
3 290 8438 3918
3 3918 8438 8439
3 3918 8439 3917
3 3917 8439 8440
3 3917 8440 289
3 289 8440 3914
3 3914 8440 8437
3 3914 8437 3915
3 3915 8437 8435
3 3915 8435 3916
3 8441 8442 8443
3 3926 291 3920
3 3926 3920 8441
3 3926 8441 3925
3 3925 8441 8443
3 3925 8443 3922
3 3925 3922 293
3 3922 8443 3921
3 3921 8443 8442
3 3921 8442 292
3 292 8442 3919
3 3919 8442 8441
3 3919 8441 3920
3 4185 294 3928
3 4185 3928 3927
3 4185 3927 4186
3 4186 3927 295
3 4186 295 296
3 299 297 298
3 3969 300 301
3 3969 301 302
3 305 303 304
3 308 306 307
3 311 309 3943
3 3943 309 310
3 314 312 3950
3 314 3950 313
3 317 315 316
3 3981 318 3970
3 3981 3970 320
3 320 3970 319
3 3992 321 8444
3 3992 8444 3991
3 3991 8444 3985
3 3991 3985 3986
3 3991 3986 323
3 3985 8444 3984
3 3984 8444 321
3 3984 321 3982
3 3984 3982 3983
3 3983 3982 322
3 4189 324 3994
3 4189 3994 8445
3 4189 8445 4190
3 4190 8445 3995
3 4190 3995 326
3 3995 8445 325
3 325 8445 3993
3 3993 8445 3994
3 329 327 3996
3 329 3996 328
3 332 330 331
3 4002 333 3997
3 4002 3997 3998
3 4002 3998 4001
3 4001 3998 335
3 3997 333 334
3 4205 336 8447
3 4205 8447 4206
3 4206 8447 8446
3 4206 8446 4006
3 4206 4006 338
3 4006 8446 4005
3 4005 8446 4003
3 4005 4003 337
3 4003 8446 4004
3 4004 8446 8447
3 4004 8447 336
3 4224 339 4008
3 4224 4008 341
3 341 4008 4007
3 341 4007 4009
3 4009 4007 340
3 344 342 4010
3 344 4010 343
3 347 345 4011
3 4011 345 346
3 350 348 4013
3 4013 348 4012
3 4013 4012 349
3 4023 351 4014
3 4023 4014 353
3 353 4014 352
3 4021 354 4019
3 4021 4019 356
3 4019 354 355
3 4255 357 4024
3 4255 4024 4025
3 4255 4025 359
3 4025 4024 358
3 4031 360 4028
3 4031 4028 362
3 4028 360 4027
3 4027 360 4026
3 4027 4026 361
3 365 363 4035
3 365 4035 364
3 368 366 4038
3 4038 366 367
3 371 369 4039
3 371 4039 370
3 4042 372 373
3 4042 373 374
3 4301 375 4043
3 4301 4043 8448
3 4301 8448 4302
3 4302 8448 4044
3 4302 4044 377
3 4044 8448 376
3 376 8448 4043
3 4048 378 4045
3 4048 4045 4046
3 4048 4046 380
3 4046 4045 379
3 383 381 4051
3 4051 381 4049
3 4051 4049 4050
3 4050 4049 382
3 386 384 4053
3 386 4053 4054
3 4054 4053 4052
3 4054 4052 385
3 4056 387 4055
3 4056 4055 389
3 389 4055 388
3 4058 390 4057
3 4058 4057 392
3 392 4057 391
3 395 393 4059
3 395 4059 4060
3 4060 4059 394
3 4062 396 4061
3 4062 4061 398
3 398 4061 397
3 401 399 4067
3 4067 399 4066
3 4067 4066 400
3 4069 402 4068
3 4069 4068 404
3 404 4068 403
3 632 405 4070
3 632 4070 8395
3 8395 4070 8450
3 8395 8450 3578
3 3578 8450 8392
3 8392 8450 8452
3 8392 8452 8393
3 8393 8452 8451
3 8393 8451 8449
3 8393 8449 3579
3 3579 8449 8396
3 8396 8449 4074
3 8396 4074 633
3 633 4074 407
3 4074 8449 4073
3 4073 8449 8451
3 4073 8451 4072
3 4072 8451 4071
3 4071 8451 8452
3 4071 8452 406
3 406 8452 8450
3 406 8450 4070
3 8454 8453 8455
3 8454 8455 8458
3 8458 8455 8459
3 8455 8456 8459
3 8459 8456 8460
3 8456 8457 8460
3 4092 408 8453
3 4092 8453 8454
3 4092 8454 4091
3 4091 8454 8458
3 4091 8458 410
3 410 8458 4087
3 4087 8458 8459
3 4087 8459 4086
3 4086 8459 8460
3 4086 8460 4085
3 4085 8460 4081
3 4085 4081 409
3 4081 8460 8457
3 4081 8457 4082
3 4082 8457 8456
3 4082 8456 4083
3 4083 8456 8455
3 4083 8455 8453
3 4083 8453 4084
3 4084 8453 408
3 8461 8462 8463
3 8260 411 8462
3 8260 8462 8461
3 8260 8461 413
3 413 8461 4097
3 4097 8461 4096
3 4096 8461 8463
3 4096 8463 4095
3 4095 8463 4093
3 4095 4093 412
3 4093 8463 4094
3 4094 8463 8462
3 4094 8462 411
3 4102 414 4100
3 4102 4100 4099
3 4102 4099 4101
3 4101 4099 4098
3 4101 4098 416
3 416 4098 415
3 419 417 4104
3 419 4104 4106
3 4106 4104 4103
3 4106 4103 4105
3 4105 4103 418
3 8259 420 4111
3 8259 4111 422
3 4111 420 421
3 4359 423 4112
3 4359 4112 425
3 425 4112 424
3 4123 426 427
3 4123 427 428
3 4383 429 4124
3 4383 4124 430
3 4383 430 431
3 4394 432 433
3 4394 433 434
3 437 435 4133
3 4133 435 436
3 440 438 4135
3 4135 438 4134
3 4135 4134 439
3 443 441 442
3 446 444 445
3 449 447 4143
3 4143 447 448
3 4158 450 8464
3 4158 8464 4149
3 4158 4149 452
3 4149 8464 4148
3 4148 8464 4147
3 4148 4147 451
3 4147 8464 450
3 4152 453 4151
3 4152 4151 4150
3 4152 4150 455
3 455 4150 454
3 4155 456 4153
3 4155 4153 4154
3 4154 4153 457
3 4154 457 458
3 461 459 4159
3 461 4159 460
3 464 462 463
3 467 465 466
3 470 468 469
3 473 471 4164
3 4164 471 472
3 476 474 4165
3 476 4165 4166
3 4166 4165 475
3 487 477 4170
3 487 4170 8352
3 8352 4170 478
3 8352 478 8351
3 8351 478 4171
3 8351 4171 4172
3 8351 4172 8350
3 8350 4172 4173
3 8350 4173 486
3 486 4173 479
3 482 480 4179
3 4179 480 4176
3 4179 4176 4178
3 4178 4176 4175
3 4178 4175 4177
3 4177 4175 4174
3 4177 4174 481
3 4188 483 484
3 4188 484 4183
3 4188 4183 4187
3 4187 4183 4184
3 4187 4184 485
3 4459 488 487
3 4459 487 8352
3 4459 8352 490
3 490 8352 8351
3 490 8351 4193
3 4193 8351 4192
3 4192 8351 8350
3 4192 8350 4191
3 4191 8350 486
3 4191 486 489
3 745 491 4196
3 745 4196 4195
3 745 4195 8356
3 8356 4195 4194
3 8356 4194 492
3 8356 492 746
3 746 492 493
3 496 494 4197
3 4197 494 495
3 499 497 4198
3 499 4198 498
3 4208 500 501
3 4208 501 4199
3 4208 4199 4207
3 4207 4199 4200
3 4207 4200 502
3 4204 503 4202
3 4204 4202 4201
3 4204 4201 4203
3 4203 4201 504
3 4203 504 505
3 4531 506 4210
3 4531 4210 4532
3 4532 4210 4209
3 4532 4209 508
3 508 4209 507
3 4540 509 4215
3 4540 4215 4216
3 4540 4216 511
3 4215 509 510
3 514 512 4220
3 4220 512 4218
3 4220 4218 4219
3 4219 4218 4217
3 4219 4217 513
3 4225 515 4222
3 4225 4222 8465
3 4225 8465 517
3 517 8465 4223
3 4223 8465 4221
3 4223 4221 516
3 4221 8465 4222
3 4231 518 4229
3 4231 4229 4230
3 4230 4229 519
3 4230 519 520
3 4586 521 4233
3 4586 4233 4232
3 4586 4232 4587
3 4587 4232 522
3 4587 522 523
3 526 524 525
3 4590 527 4236
3 4590 4236 4237
3 4590 4237 4591
3 4591 4237 4238
3 4591 4238 529
3 4236 527 528
3 4607 530 4241
3 4607 4241 8466
3 4607 8466 532
3 532 8466 4243
3 4243 8466 4240
3 4243 4240 4242
3 4242 4240 4239
3 4242 4239 531
3 4240 8466 4241
3 535 533 4247
3 4247 533 4245
3 4247 4245 4246
3 4246 4245 4244
3 4246 4244 534
3 4621 536 4249
3 4621 4249 4248
3 4621 4248 538
3 538 4248 537
3 541 539 540
3 544 542 543
3 4256 545 4254
3 4256 4254 547
3 4254 545 546
3 550 548 4258
3 4258 548 4257
3 4258 4257 549
3 553 551 4260
3 4260 551 4259
3 4260 4259 552
3 4263 554 4261
3 4263 4261 4262
3 4262 4261 555
3 4262 555 556
3 4267 557 4265
3 4267 4265 4264
3 4267 4264 4266
3 4266 4264 558
3 4266 558 559
3 4635 560 8469
3 4635 8469 562
3 562 8469 4272
3 4272 8469 4271
3 4271 8469 8468
3 4271 8468 8467
3 4271 8467 4270
3 4270 8467 4268
3 4270 4268 561
3 4268 8467 4269
3 4269 8467 8468
3 4269 8468 560
3 560 8468 8469
3 565 563 8470
3 565 8470 4283
3 4283 8470 4282
3 4282 8470 4279
3 4282 4279 4278
3 4282 4278 4281
3 4281 4278 564
3 4279 8470 4280
3 4280 8470 563
3 568 566 570
3 570 566 4286
3 570 4286 8353
3 8353 4286 4285
3 8353 4285 569
3 569 4285 4284
3 569 4284 567
3 8472 8471 8473
3 8473 8471 8474
3 8476 8472 8477
3 8472 8473 8477
3 8477 8473 8478
3 8473 8474 8478
3 8478 8474 8479
3 8474 8475 8479
3 8476 8477 8480
3 8480 8477 8481
3 8477 8478 8481
3 4678 571 8475
3 4678 8475 8474
3 4678 8474 4679
3 4679 8474 8471
3 4679 8471 4680
3 4680 8471 8472
3 4680 8472 573
3 573 8472 4288
3 4288 8472 8476
3 4288 8476 4287
3 4287 8476 8480
3 4287 8480 572
3 572 8480 569
3 569 8480 8481
3 569 8481 8353
3 8353 8481 8478
3 8353 8478 8479
3 8353 8479 570
3 570 8479 8475
3 570 8475 571
3 576 574 4290
3 576 4290 4292
3 4292 4290 4289
3 4292 4289 4291
3 4291 4289 575
3 579 577 4298
3 579 4298 4300
3 4300 4298 4297
3 4300 4297 4299
3 4299 4297 578
3 4682 580 581
3 4682 581 4303
3 4682 4303 582
3 585 583 4304
3 585 4304 584
3 588 586 587
3 591 589 590
3 594 592 593
3 597 595 596
3 4725 598 4319
3 4725 4319 4320
3 4725 4320 4726
3 4726 4320 600
3 4319 598 599
3 4744 601 4322
3 4744 4322 8482
3 4744 8482 4324
3 4744 4324 603
3 4324 8482 4323
3 4323 8482 4321
3 4323 4321 602
3 4321 8482 4322
3 606 604 4332
3 4332 604 4330
3 4332 4330 4331
3 4331 4330 4329
3 4331 4329 605
3 4530 607 4334
3 4530 4334 4333
3 4530 4333 8483
3 4530 8483 4529
3 4529 8483 609
3 609 8483 4335
3 4335 8483 608
3 608 8483 4333
3 4349 610 4336
3 4349 4336 611
3 4349 611 612
3 615 613 4353
3 615 4353 4354
3 4354 4353 614
3 746 616 8485
3 746 8485 8486
3 746 8486 8356
3 8356 8486 8393
3 8356 8393 745
3 745 8393 3579
3 745 3579 8394
3 745 8394 620
3 745 620 618
3 8393 8486 8392
3 8392 8486 8485
3 8392 8485 8484
3 8392 8484 3578
3 3578 8484 8391
3 8391 8484 619
3 619 8484 617
3 617 8484 4355
3 4355 8484 616
3 616 8484 8485
3 8355 619 622
3 8355 622 624
3 626 625 628
3 628 625 8354
3 628 8354 620
3 631 629 633
3 633 629 620
3 633 620 8396
3 8396 620 8394
3 8396 8394 3579
3 636 634 635
3 639 637 638
3 4527 640 8487
3 4527 8487 4528
3 4528 8487 4356
3 4528 4356 642
3 4356 8487 641
3 641 8487 640
3 645 643 4357
3 645 4357 4358
3 4358 4357 644
3 4526 646 647
3 4526 647 4366
3 4526 4366 4525
3 4525 4366 648
3 651 649 4369
3 4369 649 4367
3 4369 4367 4368
3 4368 4367 650
3 4514 652 4375
3 4514 4375 4374
3 4514 4374 654
3 654 4374 653
3 657 655 656
3 4384 658 659
3 4384 659 4382
3 4384 4382 660
3 663 661 4389
3 4389 661 4388
3 4389 4388 662
3 4395 664 4390
3 4395 4390 4391
3 4395 4391 666
3 4391 4390 665
3 669 667 4392
3 669 4392 4393
3 4393 4392 668
3 4397 670 4396
3 4397 4396 672
3 672 4396 671
3 675 673 4398
3 675 4398 674
3 678 676 677
3 4524 679 680
3 4524 680 681
3 4508 682 4405
3 4508 4405 684
3 4405 682 683
3 687 685 4406
3 687 4406 686
3 690 688 689
3 4411 691 692
3 4411 692 693
3 696 694 4412
3 696 4412 695
3 699 697 698
3 702 700 701
3 4507 703 704
3 4507 704 4423
3 4507 4423 705
3 4500 706 4439
3 4500 4439 707
3 4500 707 708
3 711 709 710
3 714 712 713
3 717 715 4446
3 4446 715 716
3 4458 718 4447
3 4458 4447 720
3 720 4447 719
3 723 721 4464
3 4464 721 722
3 726 724 4465
3 726 4465 725
3 729 727 728
3 732 730 731
3 735 733 734
3 738 736 4513
3 4513 736 4512
3 4513 4512 737
3 4515 739 740
3 4515 740 741
3 4523 742 4516
3 4523 4516 744
3 744 4516 743
3 4747 747 4535
3 4747 4535 4536
3 4747 4536 4748
3 4748 4536 749
3 4535 747 748
3 4541 750 4538
3 4541 4538 4539
3 4541 4539 752
3 4539 4538 4537
3 4539 4537 751
3 4763 753 4545
3 4763 4545 8488
3 4763 8488 4764
3 4764 8488 4546
3 4764 4546 755
3 4546 8488 754
3 754 8488 4545
3 758 756 4547
3 758 4547 4548
3 4548 4547 757
3 4784 759 4552
3 4784 4552 761
3 4552 759 4551
3 4551 759 4549
3 4551 4549 4550
3 4550 4549 760
3 4559 762 4555
3 4559 4555 4554
3 4559 4554 4558
3 4558 4554 4553
3 4558 4553 764
3 764 4553 763
3 767 765 4564
3 4564 765 4561
3 4564 4561 4563
3 4563 4561 4560
3 4563 4560 4562
3 4562 4560 766
3 4854 768 4567
3 4854 4567 4855
3 4855 4567 4566
3 4855 4566 4856
3 4856 4566 4565
3 4856 4565 770
3 770 4565 769
3 4861 771 772
3 4861 772 4570
3 4861 4570 4862
3 4862 4570 4571
3 4862 4571 4863
3 4863 4571 4572
3 4863 4572 4864
3 4864 4572 4573
3 4864 4573 773
3 776 774 4577
3 776 4577 4576
3 776 4576 4579
3 4579 4576 4575
3 4579 4575 4578
3 4578 4575 4574
3 4578 4574 775
3 4593 777 4581
3 4593 4581 4580
3 4593 4580 4592
3 4592 4580 778
3 4592 778 779
3 4589 780 4584
3 4589 4584 4585
3 4589 4585 4588
3 4588 4585 782
3 4584 780 781
3 785 783 4595
3 785 4595 4597
3 4597 4595 4594
3 4597 4594 4596
3 4596 4594 784
3 788 786 4599
3 788 4599 4600
3 4600 4599 4598
3 4600 4598 787
3 4894 789 4601
3 4894 4601 4895
3 4895 4601 4602
3 4895 4602 791
3 4602 4601 790
3 794 792 4603
3 794 4603 4604
3 4604 4603 793
3 797 795 4606
3 4606 795 4605
3 4606 4605 796
3 800 798 799
3 803 801 4608
3 4608 801 802
3 806 804 4609
3 806 4609 805
3 809 807 4610
3 4610 807 808
3 4925 810 4611
3 4925 4611 812
3 812 4611 811
3 4622 813 814
3 4622 814 4616
3 4622 4616 815
3 818 816 4617
3 818 4617 4618
3 4618 4617 817
3 821 819 4620
3 4620 819 4619
3 4620 4619 820
3 4638 822 4626
3 4638 4626 4637
3 4637 4626 8489
3 4637 8489 4636
3 4636 8489 4627
3 4636 4627 824
3 4627 8489 823
3 823 8489 4626
3 4631 825 4628
3 4631 4628 826
3 4631 826 827
3 4932 828 4641
3 4932 4641 4640
3 4932 4640 830
3 830 4640 4642
3 4642 4640 4639
3 4642 4639 829
3 833 831 4646
3 833 4646 832
3 836 834 4649
3 4649 834 835
3 839 837 4650
3 839 4650 838
3 4941 840 4651
3 4941 4651 4652
3 4941 4652 4942
3 4942 4652 4653
3 4942 4653 842
3 4651 840 841
3 845 843 4656
3 845 4656 4658
3 4658 4656 4655
3 4658 4655 4657
3 4657 4655 4654
3 4657 4654 844
3 4951 846 850
3 4951 850 848
3 850 846 8490
3 850 8490 8357
3 8357 8490 849
3 849 8490 4660
3 849 4660 4659
3 849 4659 847
3 4660 8490 846
3 853 851 850
3 853 850 4663
3 4663 850 8357
3 4663 8357 4662
3 4662 8357 849
3 4662 849 4661
3 4661 849 852
3 856 854 4667
3 4667 854 4666
3 4667 4666 858
3 858 4666 8358
3 8358 4666 4665
3 8358 4665 857
3 857 4665 4664
3 857 4664 4669
3 4669 4664 855
3 8495 8491 8496
3 8496 8491 8497
3 8491 8492 8497
3 8493 8494 8498
3 8498 8494 8499
3 8494 8495 8499
3 8499 8495 8500
3 8495 8496 8500
3 8496 8497 8500
3 8500 8497 8501
3 8498 8499 8502
3 8502 8499 8503
3 8499 8500 8503
3 8503 8500 8504
3 8500 8501 8504
3 1082 859 8492
3 1082 8492 8491
3 1082 8491 8361
3 8361 8491 8495
3 8361 8495 8362
3 8362 8495 8494
3 8362 8494 8493
3 8362 8493 1083
3 1083 8493 861
3 861 8493 4672
3 4672 8493 8498
3 4672 8498 8502
3 4672 8502 4671
3 4671 8502 860
3 860 8502 8503
3 860 8503 4670
3 4670 8503 8504
3 4670 8504 857
3 857 8504 8501
3 857 8501 8358
3 8358 8501 858
3 858 8501 8497
3 858 8497 4668
3 4668 8497 8492
3 4668 8492 859
3 8505 8506 8507
3 8507 8506 8508
3 4684 862 8506
3 4684 8506 8505
3 4684 8505 4683
3 4683 8505 866
3 4683 866 864
3 866 8505 8359
3 8359 8505 8507
3 8359 8507 865
3 865 8507 8508
3 865 8508 863
3 863 8508 4673
3 4673 8508 4674
3 4674 8508 8506
3 4674 8506 862
3 4681 867 8509
3 4681 8509 8510
3 4681 8510 869
3 869 8510 4677
3 4677 8510 8511
3 4677 8511 4676
3 4676 8511 865
3 4676 865 4675
3 4675 865 868
3 865 8511 8359
3 8359 8511 8509
3 8359 8509 866
3 866 8509 867
3 8509 8511 8510
3 4694 870 4686
3 4694 4686 4693
3 4693 4686 4685
3 4693 4685 872
3 872 4685 871
3 5007 873 4696
3 5007 4696 8512
3 5007 8512 875
3 875 8512 4697
3 4697 8512 4695
3 4697 4695 874
3 4695 8512 4696
3 5020 876 4698
3 5020 4698 5021
3 5021 4698 877
3 5021 877 878
3 4713 879 880
3 4713 880 881
3 884 882 883
3 5024 885 4720
3 5024 4720 8513
3 5024 8513 5025
3 5025 8513 4721
3 5025 4721 887
3 4721 8513 886
3 886 8513 4720
3 890 888 4724
3 4724 888 4722
3 4724 4722 4723
3 4723 4722 889
3 5034 891 4731
3 5034 4731 4732
3 5034 4732 893
3 4731 891 892
3 896 894 4734
3 896 4734 4736
3 4736 4734 4733
3 4736 4733 4735
3 4735 4733 895
3 899 897 4740
3 4740 897 4738
3 4740 4738 4739
3 4739 4738 4737
3 4739 4737 898
3 4746 900 4742
3 4746 4742 4745
3 4745 4742 4741
3 4745 4741 4743
3 4745 4743 902
3 4743 4741 901
3 5053 903 4753
3 5053 4753 4754
3 5053 4754 905
3 4753 903 904
3 908 906 4756
3 908 4756 4758
3 4758 4756 4755
3 4758 4755 4757
3 4757 4755 907
3 4765 909 4760
3 4765 4760 4762
3 4765 4762 911
3 4762 4760 4761
3 4761 4760 4759
3 4761 4759 910
3 5071 912 4770
3 5071 4770 4771
3 5071 4771 914
3 4770 912 4769
3 4770 4769 913
3 5086 915 4773
3 5086 4773 8514
3 5086 8514 917
3 917 8514 4775
3 4775 8514 4774
3 4774 8514 4772
3 4774 4772 916
3 4772 8514 4773
3 4786 918 8515
3 4786 8515 8516
3 4786 8516 4785
3 4785 8516 4778
3 4785 4778 920
3 4778 8516 4776
3 4778 4776 919
3 4776 8516 8515
3 4776 8515 4777
3 4777 8515 918
3 4783 921 4782
3 4783 4782 923
3 923 4782 922
3 926 924 4788
3 926 4788 4790
3 4790 4788 4787
3 4790 4787 4789
3 4789 4787 925
3 4810 927 4796
3 4810 4796 4795
3 4810 4795 4809
3 4809 4795 928
3 4809 928 929
3 5106 930 4812
3 5106 4812 8517
3 5106 8517 932
3 932 8517 4814
3 4814 8517 4813
3 4813 8517 4811
3 4813 4811 931
3 4811 8517 4812
3 1172 933 4816
3 1172 4816 8368
3 8368 4816 4815
3 8368 4815 8369
3 8369 4815 934
3 8369 934 8518
3 8369 8518 8370
3 8370 8518 4817
3 8370 4817 4818
3 8370 4818 8371
3 8371 4818 4819
3 8371 4819 1173
3 1173 4819 935
3 4817 8518 934
3 938 936 8519
3 938 8519 4829
3 4829 8519 4827
3 4829 4827 4826
3 4829 4826 4828
3 4828 4826 4825
3 4828 4825 937
3 4827 8519 936
3 941 939 4834
3 4834 939 4831
3 4834 4831 4833
3 4833 4831 4830
3 4833 4830 4832
3 4832 4830 940
3 5160 942 4842
3 5160 4842 8520
3 5160 8520 944
3 944 8520 4844
3 4844 8520 4843
3 4843 8520 4840
3 4843 4840 943
3 4840 8520 4841
3 4841 8520 4842
3 5182 945 4846
3 5182 4846 947
3 947 4846 4845
3 947 4845 4847
3 4847 4845 946
3 950 948 4848
3 950 4848 949
3 4860 951 952
3 4860 952 8521
3 4860 8521 4859
3 4859 8521 4851
3 4859 4851 4852
3 4859 4852 4858
3 4858 4852 4853
3 4858 4853 4857
3 4857 4853 953
3 4851 8521 952
3 956 954 955
3 5188 957 958
3 5188 958 959
3 8258 960 961
3 8258 961 962
3 4873 963 964
3 4873 964 965
3 4875 966 4874
3 4875 4874 967
3 4875 967 968
3 971 969 4876
3 971 4876 4877
3 4877 4876 970
3 974 972 4880
3 4880 972 4878
3 4880 4878 4879
3 4879 4878 973
3 8523 8524 8525
3 5207 975 8525
3 5207 8525 8524
3 5207 8524 5208
3 5208 8524 977
3 977 8524 4884
3 4884 8524 8523
3 4884 8523 4883
3 4883 8523 8522
3 4883 8522 976
3 976 8522 4881
3 4881 8522 8523
3 4881 8523 8525
3 4881 8525 4882
3 4882 8525 975
3 5211 978 4886
3 5211 4886 8526
3 5211 8526 5212
3 5212 8526 980
3 980 8526 4887
3 4887 8526 4885
3 4887 4885 979
3 4885 8526 4886
3 983 981 4891
3 983 4891 982
3 986 984 985
3 4896 987 4892
3 4896 4892 4893
3 4896 4893 989
3 4892 987 988
3 992 990 4899
3 4899 990 4897
3 4899 4897 4898
3 4898 4897 991
3 4903 993 4901
3 4903 4901 4900
3 4903 4900 4902
3 4902 4900 994
3 4902 994 995
3 998 996 4905
3 998 4905 4907
3 4907 4905 4904
3 4907 4904 4906
3 4906 4904 997
3 5226 999 4909
3 5226 4909 8527
3 5226 8527 4911
3 5226 4911 1001
3 4911 8527 4910
3 4910 8527 4908
3 4910 4908 1000
3 4908 8527 4909
3 5245 1002 4913
3 5245 4913 4912
3 5245 4912 5246
3 5246 4912 1003
3 5246 1003 1004
3 1007 1005 1006
3 5248 1008 4914
3 5248 4914 4915
3 5248 4915 1010
3 4914 1008 1009
3 1013 1011 4919
3 4919 1011 4917
3 4919 4917 4918
3 4918 4917 4916
3 4918 4916 1012
3 5265 1014 4921
3 5265 4921 5266
3 5266 4921 4920
3 5266 4920 1016
3 1016 4920 1015
3 1019 1017 1018
3 4926 1020 1021
3 4926 1021 4924
3 4926 4924 1022
3 4933 1023 4930
3 4933 4930 8528
3 4933 8528 1025
3 1025 8528 4931
3 4931 8528 1024
3 1024 8528 4930
3 1028 1026 4934
3 1028 4934 1027
3 1031 1029 4935
3 4935 1029 1030
3 1034 1032 4937
3 4937 1032 4936
3 4937 4936 1033
3 4940 1035 4938
3 4940 4938 4939
3 4939 4938 1036
3 4939 1036 1037
3 4952 1038 4945
3 4952 4945 1040
3 4945 1038 1039
3 4950 1041 4949
3 4950 4949 1043
3 1043 4949 1042
3 5272 1044 8529
3 5272 8529 4958
3 5272 4958 1046
3 4958 8529 4957
3 4957 8529 4956
3 4957 4956 1045
3 4956 8529 1044
3 5278 1047 4960
3 5278 4960 1049
3 1049 4960 4959
3 1049 4959 4961
3 4961 4959 1048
3 1052 1050 4965
3 1052 4965 1051
3 1055 1053 4968
3 4968 1053 1054
3 1058 1056 4969
3 1058 4969 1057
3 5287 1059 4972
3 5287 4972 4973
3 5287 4973 5288
3 5288 4973 1061
3 4972 1059 1060
3 5295 1062 8530
3 5295 8530 4978
3 5295 4978 1064
3 4978 8530 4977
3 4977 8530 8531
3 4977 8531 4976
3 4976 8531 4974
3 4976 4974 1063
3 4974 8531 4975
3 4975 8531 8530
3 4975 8530 1062
3 1067 1065 4981
3 1067 4981 4984
3 4984 4981 4980
3 4984 4980 4983
3 4983 4980 4979
3 4983 4979 4982
3 4982 4979 1066
3 1070 1068 4988
3 4988 1068 4987
3 4988 4987 1072
3 1072 4987 8360
3 8360 4987 4986
3 8360 4986 1071
3 1071 4986 4990
3 4990 4986 4985
3 4990 4985 1069
3 5336 1073 4989
3 5336 4989 1072
3 5336 1072 1075
3 1075 1072 4993
3 4993 1072 8360
3 4993 8360 1071
3 4993 1071 4992
3 4992 1071 4991
3 4992 4991 1074
3 8534 8532 8535
3 8532 8533 8535
3 8535 8533 8536
3 8537 8534 8538
3 8534 8535 8538
3 8538 8535 8539
3 8535 8536 8539
3 1353 1076 8533
3 1353 8533 8532
3 1353 8532 8375
3 8375 8532 8534
3 8375 8534 1354
3 1354 8534 8537
3 1354 8537 1078
3 1078 8537 4998
3 4998 8537 4997
3 4997 8537 8538
3 4997 8538 8539
3 4997 8539 4996
3 4996 8539 1077
3 1077 8539 8536
3 1077 8536 4994
3 4994 8536 8533
3 4994 8533 4995
3 4995 8533 1076
3 8543 8540 8544
3 8540 8541 8544
3 5003 1079 8540
3 5003 8540 8543
3 5003 8543 5002
3 5002 8543 1083
3 5002 1083 1081
3 1083 8543 8362
3 8362 8543 8544
3 8362 8544 8361
3 8361 8544 8541
3 8361 8541 8542
3 8361 8542 1082
3 1082 8542 4999
3 1082 4999 1080
3 4999 8542 5000
3 5000 8542 8541
3 5000 8541 5001
3 5001 8541 8540
3 5001 8540 1079
3 8256 1084 5005
3 8256 5005 5004
3 8256 5004 1086
3 1086 5004 1085
3 5008 1087 5006
3 5008 5006 1089
3 5006 1087 1088
3 8255 1090 5010
3 8255 5010 5011
3 8255 5011 1092
3 5010 1090 5009
3 5010 5009 1091
3 5027 1093 5013
3 5027 5013 5026
3 5026 5013 5012
3 5026 5012 1095
3 1095 5012 1094
3 5023 1096 5018
3 5023 5018 5019
3 5023 5019 5022
3 5022 5019 1098
3 5018 1096 1097
3 5035 1099 8546
3 5035 8546 1101
3 1101 8546 8545
3 1101 8545 5030
3 5030 8545 5028
3 5030 5028 1100
3 5028 8545 5029
3 5029 8545 8546
3 5029 8546 1099
3 5338 1102 8547
3 5338 8547 5038
3 5338 5038 1104
3 5038 8547 5037
3 5037 8547 5036
3 5037 5036 1103
3 5036 8547 1102
3 5054 1105 5044
3 5054 5044 5046
3 5054 5046 1107
3 5046 5044 5043
3 5046 5043 5045
3 5045 5043 1106
3 5049 1108 5048
3 5049 5048 5047
3 5049 5047 1110
3 1110 5047 1109
3 1113 1111 5056
3 5056 1111 5055
3 5056 5055 1112
3 5349 1114 8548
3 5349 8548 5350
3 5350 8548 5059
3 5350 5059 1116
3 5059 8548 5058
3 5058 8548 5057
3 5058 5057 1115
3 5057 8548 1114
3 5072 1117 5065
3 5072 5065 8549
3 5072 8549 1119
3 1119 8549 5067
3 5067 8549 5066
3 5066 8549 5064
3 5066 5064 1118
3 5064 8549 5065
3 5070 1120 5069
3 5070 5069 5068
3 5070 5068 1122
3 1122 5068 1121
3 5363 1123 8550
3 5363 8550 5075
3 5363 5075 5076
3 5363 5076 1125
3 5075 8550 5074
3 5074 8550 5073
3 5074 5073 1124
3 5073 8550 1123
3 5381 1126 5079
3 5381 5079 5078
3 5381 5078 1128
3 1128 5078 5080
3 5080 5078 5077
3 5080 5077 1127
3 5089 1129 5081
3 5089 5081 5088
3 5088 5081 8551
3 5088 8551 5087
3 5087 8551 5082
3 5087 5082 1131
3 5082 8551 1130
3 1130 8551 5081
3 5383 1132 8552
3 5383 8552 1136
3 5383 1136 1134
3 1136 8552 8367
3 8367 8552 1132
3 8367 1132 8366
3 8366 1132 5092
3 8366 5092 8365
3 8365 5092 5091
3 8365 5091 5090
3 8365 5090 1135
3 1135 5090 1133
3 8364 1135 1138
3 8364 1138 1140
3 1142 1141 1144
3 1144 1141 8363
3 1144 8363 1136
3 5405 1145 1136
3 5405 1136 8367
3 5405 8367 5406
3 5406 8367 8366
3 5406 8366 5407
3 5407 8366 1147
3 1147 8366 8365
3 1147 8365 8553
3 1147 8553 5093
3 5093 8553 1135
3 5093 1135 1146
3 1135 8553 8365
3 1150 1148 5094
3 1150 5094 5095
3 5095 5094 1149
3 5101 1151 5096
3 5101 5096 1152
3 5101 1152 1153
3 5421 1154 5102
3 5421 5102 1156
3 1156 5102 1155
3 1159 1157 5103
3 5103 1157 1158
3 1162 1160 5105
3 5105 1160 5104
3 5105 5104 1161
3 5438 1163 5107
3 5438 5107 5108
3 5438 5108 5439
3 5439 5108 5109
3 5439 5109 5440
3 5440 5109 1165
3 5107 1163 1164
3 8254 1166 5112
3 8254 5112 8554
3 8254 8554 1168
3 1168 8554 5114
3 5114 8554 5111
3 5114 5111 5113
3 5113 5111 5110
3 5113 5110 1167
3 5111 8554 5112
3 8556 8557 8560
3 8557 8558 8560
3 5119 1169 8560
3 5119 8560 8558
3 5119 8558 8559
3 5119 8559 5118
3 5118 8559 8555
3 5118 8555 5117
3 5117 8555 1173
3 5117 1173 1171
3 1173 8555 8371
3 8371 8555 8370
3 8370 8555 8559
3 8370 8559 8558
3 8370 8558 8369
3 8369 8558 8557
3 8369 8557 8368
3 8368 8557 8556
3 8368 8556 5115
3 8368 5115 1172
3 1172 5115 1170
3 5115 8556 5116
3 5116 8556 8560
3 5116 8560 1169
3 8253 1174 8563
3 8253 8563 5125
3 8253 5125 1176
3 5125 8563 8561
3 5125 8561 5124
3 5124 8561 5123
3 5123 8561 5120
3 5123 5120 1175
3 5120 8561 5121
3 5121 8561 8562
3 5121 8562 5122
3 5122 8562 8563
3 5122 8563 1174
3 8563 8562 8561
3 5466 1177 5133
3 5466 5133 5467
3 5467 5133 5132
3 5467 5132 5468
3 5468 5132 5131
3 5468 5131 1179
3 1179 5131 1178
3 1182 1180 5134
3 5134 1180 1181
3 1185 1183 5138
3 1185 5138 1184
3 1188 1186 5141
3 5141 1186 1187
3 1191 1189 5145
3 1191 5145 1190
3 1194 1192 5148
3 5148 1192 1193
3 5167 1195 5152
3 5167 5152 5153
3 5167 5153 1197
3 5153 5152 1196
3 1200 1198 5156
3 5156 1198 5154
3 5156 5154 5155
3 5155 5154 1199
3 1203 1201 5158
3 1203 5158 5159
3 5159 5158 5157
3 5159 5157 1202
3 5470 1204 5174
3 5470 5174 1205
3 5470 1205 1206
3 5476 1207 1208
3 5476 1208 5175
3 5476 5175 1209
3 1212 1210 5176
3 1212 5176 1211
3 1215 1213 1214
3 1218 1216 1217
3 1221 1219 5181
3 5181 1219 1220
3 5189 1222 1223
3 5189 1223 5187
3 5189 5187 1224
3 5489 1225 5190
3 5489 5190 1226
3 5489 1226 1227
3 5493 1228 5195
3 5493 5195 1230
3 5195 1228 1229
3 1233 1231 5198
3 5198 1231 5196
3 5198 5196 5197
3 5197 5196 1232
3 1236 1234 5202
3 5202 1234 5200
3 5202 5200 5201
3 5201 5200 5199
3 5201 5199 1235
3 1239 1237 5204
3 1239 5204 5206
3 5206 5204 5203
3 5206 5203 5205
3 5205 5203 1238
3 1242 1240 1241
3 5214 1243 5209
3 5214 5209 5210
3 5214 5210 5213
3 5213 5210 1245
3 5209 1243 1244
3 1248 1246 5216
3 1248 5216 5218
3 5218 5216 5215
3 5218 5215 5217
3 5217 5215 1247
3 5222 1249 5220
3 5222 5220 5219
3 5222 5219 5221
3 5221 5219 1250
3 5221 1250 1251
3 5229 1252 5224
3 5229 5224 5223
3 5229 5223 5228
3 5228 5223 1253
3 5228 1253 5227
3 5227 1253 5225
3 5227 5225 1254
3 5512 1255 5232
3 5512 5232 8564
3 5512 8564 1257
3 1257 8564 5234
3 5234 8564 5233
3 5233 8564 5230
3 5233 5230 1256
3 5230 8564 5231
3 5231 8564 5232
3 5531 1258 5236
3 5531 5236 8566
3 5531 8566 5532
3 5532 8566 8565
3 5532 8565 5533
3 5533 8565 5237
3 5533 5237 1260
3 5237 8565 1259
3 1259 8565 5235
3 5235 8565 8566
3 5235 8566 5236
3 1263 1261 5238
3 1263 5238 5239
3 5239 5238 1262
3 1266 1264 5241
3 5241 1264 5240
3 5241 5240 1265
3 5247 1267 5242
3 5247 5242 5243
3 5247 5243 5244
3 5247 5244 1269
3 5243 5242 1268
3 1272 1270 1271
3 1275 1273 5251
3 5251 1273 1274
3 1278 1276 5252
3 1278 5252 1277
3 1281 1279 5253
3 5253 1279 1280
3 1284 1282 5255
3 5255 1282 5254
3 5255 5254 1283
3 5275 1285 5256
3 5275 5256 1286
3 5275 1286 1287
3 5267 1288 5263
3 5267 5263 5264
3 5267 5264 1290
3 5263 1288 1289
3 5274 1291 5268
3 5274 5268 1293
3 1293 5268 5269
3 5269 5268 1292
3 5273 1294 5271
3 5273 5271 1296
3 5271 1294 5270
3 5271 5270 1295
3 5279 1297 5276
3 5279 5276 5277
3 5279 5277 1299
3 5277 5276 1298
3 1302 1300 5280
3 1302 5280 1301
3 1305 1303 5281
3 5281 1303 1304
3 1308 1306 5283
3 5283 1306 5282
3 5283 5282 1307
3 5286 1309 5284
3 5286 5284 5285
3 5285 5284 1310
3 5285 1310 1311
3 5296 1312 5291
3 5296 5291 1314
3 5291 1312 1313
3 5559 1315 5297
3 5559 5297 5298
3 5559 5298 1317
3 5298 5297 1316
3 1320 1318 5302
3 1320 5302 1319
3 1323 1321 5305
3 5305 1321 1322
3 1326 1324 5306
3 1326 5306 1325
3 5570 1327 1328
3 5570 1328 5307
3 5570 5307 5571
3 5571 5307 5308
3 5571 5308 1329
3 1332 1330 5310
3 1332 5310 5312
3 5312 5310 5309
3 5312 5309 5311
3 5311 5309 1331
3 1335 1333 5320
3 5320 1333 5318
3 5320 5318 5319
3 5319 5318 5317
3 5319 5317 1334
3 8250 1336 5322
3 8250 5322 8567
3 8250 8567 1338
3 1338 8567 5323
3 5323 8567 5321
3 5323 5321 1337
3 5321 8567 5322
3 5340 1339 8568
3 5340 8568 5339
3 5339 8568 5327
3 5339 5327 1341
3 5327 8568 5326
3 5326 8568 5325
3 5325 8568 5324
3 5325 5324 1340
3 5324 8568 1339
3 1344 1342 5330
3 1344 5330 5332
3 5332 5330 5329
3 5332 5329 5331
3 5331 5329 5328
3 5331 5328 1343
3 5337 1345 8374
3 5337 8374 1349
3 5337 1349 1347
3 8374 1345 8373
3 8373 1345 5334
3 8373 5334 8372
3 8372 5334 5333
3 8372 5333 1348
3 1348 5333 1346
3 8570 8571 8572
3 1354 1350 1349
3 1354 1349 8572
3 1354 8572 8375
3 8375 8572 8571
3 8375 8571 1353
3 1353 8571 8569
3 1353 8569 1352
3 1352 8569 5335
3 5335 8569 1348
3 5335 1348 1351
3 1348 8569 8372
3 8372 8569 8373
3 8373 8569 8571
3 8373 8571 8570
3 8373 8570 8374
3 8374 8570 8572
3 8374 8572 1349
3 8249 1355 8573
3 8249 8573 1359
3 8249 1359 1357
3 1359 8573 8376
3 8376 8573 5342
3 8376 5342 1358
3 1358 5342 5341
3 1358 5341 1356
3 5342 8573 1355
3 5585 1360 1359
3 5585 1359 8574
3 5585 8574 1362
3 1362 8574 5344
3 5344 8574 8376
3 5344 8376 1358
3 5344 1358 5343
3 5343 1358 1361
3 8376 8574 1359
3 1365 1363 5346
3 1365 5346 5348
3 5348 5346 5345
3 5348 5345 5347
3 5347 5345 1364
3 5592 1366 5355
3 5592 5355 5356
3 5592 5356 5593
3 5593 5356 1368
3 5355 1366 1367
3 1371 1369 5358
3 1371 5358 5359
3 5359 5358 5357
3 5359 5357 1370
3 5621 1372 1373
3 5621 1373 5366
3 5621 5366 5622
3 5622 5366 5367
3 5622 5367 1374
3 1377 1375 5373
3 1377 5373 5374
3 5374 5373 5372
3 5374 5372 1376
3 1380 1378 5377
3 5377 1378 5375
3 5377 5375 5376
3 5376 5375 1379
3 5382 1381 5379
3 5382 5379 8575
3 5382 8575 5380
3 5382 5380 1383
3 5380 8575 1382
3 1382 8575 5378
3 5378 8575 5379
3 1386 1384 1385
3 5386 1387 1388
3 5386 1388 1389
3 1392 1390 5388
3 5388 1390 5387
3 5388 5387 1391
3 5650 1393 5389
3 5650 5389 5390
3 5650 5390 5391
3 5650 5391 5651
3 5651 5391 1395
3 5390 5389 1394
3 1398 1396 5393
3 1398 5393 5394
3 5394 5393 5392
3 5394 5392 1397
3 1401 1399 5396
3 5396 1399 5395
3 5396 5395 1400
3 5398 1402 5397
3 5398 5397 1403
3 5398 1403 1404
3 5680 1405 5399
3 5680 5399 8576
3 5680 8576 5681
3 5681 8576 5400
3 5681 5400 1407
3 5400 8576 1406
3 1406 8576 5399
3 5408 1408 8577
3 5408 8577 5403
3 5408 5403 5404
3 5408 5404 1410
3 5403 8577 5402
3 5402 8577 5401
3 5402 5401 1409
3 5401 8577 1408
3 5411 1411 5409
3 5411 5409 5410
3 5410 5409 1412
3 5410 1412 1413
3 5693 1414 5413
3 5693 5413 5412
3 5693 5412 1416
3 1416 5412 1415
3 1419 1417 5414
3 5414 1417 1418
3 5423 1420 5415
3 5423 5415 5416
3 5423 5416 5422
3 5422 5416 5417
3 5422 5417 1422
3 5416 5415 1421
3 1425 1423 5419
3 1425 5419 5420
3 5420 5419 5418
3 5420 5418 1424
3 1428 1426 5425
3 1428 5425 5427
3 5427 5425 5424
3 5427 5424 5426
3 5426 5424 1427
3 5733 1429 5429
3 5733 5429 5428
3 5733 5428 5734
3 5734 5428 1430
3 5734 1430 1431
3 5442 1432 5430
3 5442 5430 5431
3 5442 5431 5441
3 5441 5431 5432
3 5441 5432 1434
3 5430 1432 1433
3 8578 8579 8581
3 8579 8580 8581
3 5736 1435 8579
3 5736 8579 8578
3 5736 8578 1437
3 1437 8578 5447
3 5447 8578 8581
3 5447 8581 5446
3 5446 8581 8580
3 5446 8580 5445
3 5445 8580 5443
3 5445 5443 1436
3 5443 8580 5444
3 5444 8580 8579
3 5444 8579 1435
3 5738 1438 8582
3 5738 8582 1440
3 1440 8582 1442
3 1442 8582 8583
3 1442 8583 8377
3 8377 8583 8584
3 8377 8584 1441
3 1441 8584 5449
3 1441 5449 5448
3 1441 5448 1439
3 5449 8584 5450
3 5450 8584 8583
3 5450 8583 1438
3 1438 8583 8582
3 5769 1443 1442
3 5769 1442 5770
3 5770 1442 8377
3 5770 8377 5771
3 5771 8377 1441
3 5771 1441 1445
3 1445 1441 1444
3 1448 1446 5451
3 5451 1446 1447
3 1451 1449 5452
3 1451 5452 1450
3 5472 1452 5453
3 5472 5453 5454
3 5472 5454 5471
3 5471 5454 1454
3 5453 1452 1453
3 5469 1455 5459
3 5469 5459 1457
3 5459 1455 5458
3 5458 1455 5456
3 5458 5456 5457
3 5457 5456 5455
3 5457 5455 1456
3 1460 1458 5462
3 1460 5462 5465
3 5465 5462 5461
3 5465 5461 5464
3 5464 5461 5460
3 5464 5460 5463
3 5463 5460 1459
3 1463 1461 5474
3 1463 5474 5475
3 5475 5474 5473
3 5475 5473 1462
3 1466 1464 5477
3 5477 1464 1465
3 5494 1467 5481
3 5494 5481 5482
3 5494 5482 1469
3 5482 5481 1468
3 5490 1470 5483
3 5490 5483 5484
3 5490 5484 1472
3 5484 5483 1471
3 5488 1473 5485
3 5488 5485 5486
3 5488 5486 1475
3 5486 5485 1474
3 1478 1476 5487
3 1478 5487 1477
3 1481 1479 5491
3 1481 5491 5492
3 5492 5491 1480
3 5778 1482 5498
3 5778 5498 1483
3 5778 1483 1484
3 5790 1485 1486
3 5790 1486 5501
3 5790 5501 1487
3 1490 1488 5502
3 1490 5502 1489
3 1493 1491 1492
3 1496 1494 1495
3 5805 1497 1498
3 5805 1498 5507
3 5805 5507 1499
3 1502 1500 5508
3 1502 5508 1501
3 5509 1503 1504
3 5509 1504 1505
3 1508 1506 5510
3 1508 5510 1507
3 5513 1509 5511
3 5513 5511 1511
3 5511 1509 1510
3 1514 1512 5515
3 5515 1512 5514
3 5515 5514 1513
3 5828 1515 8586
3 5828 8586 8585
3 5828 8585 5829
3 5829 8585 5519
3 5829 5519 1517
3 5519 8585 5518
3 5518 8585 5517
3 5517 8585 8586
3 5517 8586 1516
3 1516 8586 5516
3 5516 8586 1515
3 5840 1518 5522
3 5840 5522 5521
3 5840 5521 8587
3 5840 8587 5841
3 5841 8587 8588
3 5841 8588 1520
3 1520 8588 5523
3 5523 8588 1519
3 1519 8588 5520
3 5520 8588 8587
3 5520 8587 5521
3 5534 1521 5529
3 5534 5529 5530
3 5534 5530 1523
3 5529 1521 5527
3 5529 5527 5528
3 5528 5527 1522
3 1526 1524 5536
3 5536 1524 5535
3 5536 5535 1525
3 5539 1527 5537
3 5539 5537 5538
3 5538 5537 1528
3 5538 1528 1529
3 5856 1530 5541
3 5856 5541 5540
3 5856 5540 5857
3 5857 5540 1531
3 5857 1531 1532
3 1535 1533 1534
3 5864 1536 5542
3 5864 5542 5543
3 5864 5543 5865
3 5865 5543 1538
3 5542 1536 1537
3 5548 1539 5545
3 5548 5545 5544
3 5548 5544 1541
3 1541 5544 1540
3 1544 1542 1543
3 1547 1545 1546
3 1550 1548 5549
3 1550 5549 5550
3 5550 5549 1549
3 5560 1551 5557
3 5560 5557 8589
3 5560 8589 1553
3 1553 8589 5558
3 5558 8589 1552
3 1552 8589 5557
3 5881 1554 5561
3 5881 5561 8590
3 5881 8590 5562
3 5881 5562 1556
3 5562 8590 1555
3 1555 8590 5561
3 1559 1557 5563
3 1559 5563 1558
3 1562 1560 5564
3 5564 1560 1561
3 1565 1563 5566
3 5566 1563 5565
3 5566 5565 1564
3 5569 1566 5567
3 5569 5567 5568
3 5568 5567 1567
3 5568 1567 1568
3 5888 1569 5572
3 5888 5572 5573
3 5888 5573 1571
3 5572 1569 1570
3 5576 1572 5575
3 5576 5575 5574
3 5576 5574 1574
3 1574 5574 1573
3 1577 1575 5577
3 1577 5577 5578
3 5578 5577 1576
3 1580 1578 5580
3 5580 1578 5579
3 5580 5579 1579
3 5582 1581 5581
3 5582 5581 1582
3 5582 1582 1583
3 5587 1584 5583
3 5587 5583 5584
3 5587 5584 5586
3 5586 5584 1586
3 5584 5583 1585
3 8591 8592 8594
3 5596 1587 5589
3 5596 5589 8593
3 5596 8593 5595
3 5595 8593 8592
3 5595 8592 5594
3 5594 8592 8591
3 5594 8591 1589
3 1589 8591 5591
3 5591 8591 5590
3 5590 8591 8594
3 5590 8594 1588
3 1588 8594 5588
3 5588 8594 8592
3 5588 8592 8593
3 5588 8593 5589
3 8597 8595 8598
3 8598 8595 8599
3 8597 8598 8600
3 8600 8598 8601
3 8601 8598 8602
3 8598 8599 8602
3 8602 8599 8603
3 5923 1590 8603
3 5923 8603 5924
3 5924 8603 8599
3 5924 8599 5925
3 5925 8599 8595
3 5925 8595 8596
3 5925 8596 1592
3 1592 8596 5602
3 5602 8596 8595
3 5602 8595 8597
3 5602 8597 5601
3 5601 8597 5600
3 5600 8597 8600
3 5600 8600 1591
3 1591 8600 5597
3 5597 8600 8601
3 5597 8601 5598
3 5598 8601 8602
3 5598 8602 5599
3 5599 8602 8603
3 5599 8603 1590
3 5954 1593 5610
3 5954 5610 8604
3 5954 8604 1595
3 1595 8604 5612
3 5612 8604 5609
3 5612 5609 5611
3 5611 5609 5608
3 5611 5608 1594
3 5609 8604 5610
3 8606 8605 8607
3 5962 1596 8605
3 5962 8605 8606
3 5962 8606 1598
3 1598 8606 5616
3 5616 8606 8607
3 5616 8607 5615
3 5615 8607 5613
3 5615 5613 1597
3 5613 8607 5614
3 5614 8607 8605
3 5614 8605 1596
3 1601 1599 5620
3 5620 1599 5618
3 5620 5618 5619
3 5619 5618 5617
3 5619 5617 1600
3 5965 1602 5623
3 5965 5623 5624
3 5965 5624 5966
3 5966 5624 5625
3 5966 5625 1604
3 5623 1602 1603
3 5636 1605 5633
3 5636 5633 5632
3 5636 5632 5635
3 5635 5632 5631
3 5635 5631 5634
3 5634 5631 1606
3 5634 1606 1607
3 8609 8608 8610
3 5986 1608 8609
3 5986 8609 8610
3 5986 8610 1610
3 1610 8610 5641
3 5641 8610 8608
3 5641 8608 5640
3 5640 8608 5637
3 5640 5637 1609
3 5637 8608 5638
3 5638 8608 8609
3 5638 8609 5639
3 5639 8609 1608
3 5990 1611 8611
3 5990 8611 5645
3 5990 5645 1613
3 5645 8611 8612
3 5645 8612 5644
3 5644 8612 5642
3 5644 5642 1612
3 5642 8612 5643
3 5643 8612 8611
3 5643 8611 1611
3 1616 1614 5649
3 5649 1614 5647
3 5649 5647 5648
3 5648 5647 5646
3 5648 5646 1615
3 5995 1617 5652
3 5995 5652 5653
3 5995 5653 5996
3 5996 5653 1619
3 5652 1617 1618
3 6029 1620 5659
3 6029 5659 5658
3 6029 5658 6030
3 6030 5658 1621
3 6030 1621 1622
3 6039 1623 1624
3 6039 1624 5660
3 6039 5660 6040
3 6040 5660 5661
3 6040 5661 1625
3 5665 1626 5663
3 5665 5663 8613
3 5665 8613 5664
3 5664 8613 1627
3 5664 1627 1628
3 1627 8613 5662
3 5662 8613 5663
3 1631 1629 1630
3 6060 1632 5667
3 6060 5667 8614
3 6060 8614 8615
3 6060 8615 1634
3 1634 8615 5669
3 5669 8615 8614
3 5669 8614 5668
3 5668 8614 5666
3 5668 5666 1633
3 5666 8614 5667
3 1637 1635 5671
3 1637 5671 5673
3 5673 5671 5670
3 5673 5670 5672
3 5672 5670 1636
3 6082 1638 8617
3 6082 8617 8616
3 6082 8616 1640
3 1640 8616 5676
3 5676 8616 1639
3 1639 8616 5674
3 5674 8616 8617
3 5674 8617 5675
3 5675 8617 1638
3 8620 8618 8619
3 5683 1641 8618
3 5683 8618 8620
3 5683 8620 5682
3 5682 8620 5679
3 5682 5679 1643
3 5679 8620 8619
3 5679 8619 5678
3 5678 8619 5677
3 5678 5677 1642
3 5677 8619 8618
3 5677 8618 1641
3 1646 1644 5687
3 5687 1644 5685
3 5687 5685 5686
3 5686 5685 5684
3 5686 5684 1645
3 6098 1647 5689
3 6098 5689 8621
3 6098 8621 6099
3 6099 8621 8622
3 6099 8622 6100
3 6100 8622 5690
3 6100 5690 1649
3 5690 8622 1648
3 1648 8622 5688
3 5688 8622 8621
3 5688 8621 5689
3 5695 1650 5691
3 5695 5691 8623
3 5695 8623 5694
3 5694 8623 5692
3 5694 5692 1652
3 5692 8623 1651
3 1651 8623 5691
3 5699 1653 5697
3 5699 5697 8624
3 5699 8624 5698
3 5698 8624 1655
3 1655 8624 1654
3 1654 8624 5696
3 5696 8624 5697
3 1658 1656 5707
3 5707 1656 5705
3 5707 5705 5706
3 5706 5705 5704
3 5706 5704 1657
3 6146 1659 5709
3 6146 5709 6147
3 6147 5709 5708
3 6147 5708 1661
3 1661 5708 1660
3 5740 1662 5710
3 5740 5710 5711
3 5740 5711 5739
3 5739 5711 5712
3 5739 5712 1664
3 5710 1662 1663
3 5723 1665 5720
3 5723 5720 5719
3 5723 5719 5722
3 5722 5719 5718
3 5722 5718 5721
3 5721 5718 1666
3 5721 1666 1667
3 5737 1668 5726
3 5737 5726 8626
3 5737 8626 1670
3 1670 8626 5728
3 5728 8626 8625
3 5728 8625 5727
3 5727 8625 5724
3 5727 5724 1669
3 5724 8625 5725
3 5725 8625 5726
3 5726 8625 8626
3 5735 1671 5730
3 5735 5730 8627
3 5735 8627 1673
3 1673 8627 5732
3 5732 8627 5731
3 5731 8627 5729
3 5731 5729 1672
3 5729 8627 5730
3 8629 8628 8630
3 8629 8630 8633
3 8633 8630 8634
3 8630 8631 8634
3 8634 8631 8635
3 8631 8632 8635
3 8633 8634 8636
3 6153 1674 8632
3 6153 8632 8631
3 6153 8631 6154
3 6154 8631 8630
3 6154 8630 8628
3 6154 8628 6155
3 6155 8628 1676
3 1676 8628 5745
3 5745 8628 8629
3 5745 8629 5744
3 5744 8629 8633
3 5744 8633 5743
3 5743 8633 8636
3 5743 8636 1675
3 1675 8636 5741
3 5741 8636 8635
3 5741 8635 5742
3 5742 8635 8632
3 5742 8632 1674
3 8635 8636 8634
3 6181 1677 5753
3 6181 5753 6182
3 6182 5753 5752
3 6182 5752 6183
3 6183 5752 5751
3 6183 5751 1679
3 1679 5751 1678
3 1682 1680 5754
3 5754 1680 1681
3 1685 1683 5755
3 1685 5755 1684
3 8245 1686 5756
3 8245 5756 5757
3 8245 5757 8246
3 8246 5757 1688
3 5756 1686 1687
3 5772 1689 8637
3 5772 8637 5762
3 5772 5762 1691
3 5762 8637 5761
3 5761 8637 5759
3 5761 5759 5760
3 5760 5759 5758
3 5760 5758 1690
3 5759 8637 1689
3 1694 1692 5765
3 1694 5765 5768
3 5768 5765 5764
3 5768 5764 5767
3 5767 5764 5763
3 5767 5763 5766
3 5766 5763 1693
3 1697 1695 5774
3 5774 1695 5773
3 5774 5773 1696
3 8244 1698 5779
3 8244 5779 5780
3 8244 5780 8243
3 8243 5780 1700
3 5779 1698 1699
3 1703 1701 5785
3 5785 1701 5782
3 5785 5782 5784
3 5784 5782 5781
3 5784 5781 5783
3 5783 5781 1702
3 5791 1704 5788
3 5791 5788 1706
3 1706 5788 5787
3 1706 5787 5789
3 5789 5787 5786
3 5789 5786 1705
3 6195 1707 5795
3 6195 5795 8638
3 6195 8638 5796
3 6195 5796 1709
3 5796 8638 1708
3 1708 8638 5795
3 8237 1710 5797
3 8237 5797 8639
3 8237 8639 1712
3 1712 8639 5798
3 5798 8639 1711
3 1711 8639 5797
3 5802 1713 8640
3 5802 8640 5800
3 5802 5800 1715
3 5800 8640 1714
3 1714 8640 5799
3 5799 8640 1713
3 1718 1716 5801
3 1718 5801 1717
3 1721 1719 5803
3 1721 5803 5804
3 5804 5803 1720
3 8229 1722 5810
3 8229 5810 5811
3 8229 5811 1724
3 5810 1722 1723
3 1727 1725 5815
3 5815 1725 5813
3 5815 5813 5814
3 5814 5813 5812
3 5814 5812 1726
3 1730 1728 5817
3 1730 5817 5819
3 5819 5817 5816
3 5819 5816 5818
3 5818 5816 1729
3 5823 1731 5821
3 5823 5821 5822
3 5822 5821 5820
3 5822 5820 1733
3 1733 5820 1732
3 1736 1734 1735
3 1739 1737 5827
3 5827 1737 5825
3 5827 5825 5826
3 5826 5825 5824
3 5826 5824 1738
3 1742 1740 1741
3 6207 1743 1744
3 6207 1744 1745
3 6231 1746 1747
3 6231 1747 1748
3 5844 1749 1750
3 5844 1750 5832
3 5844 5832 5843
3 5843 5832 5833
3 5843 5833 5842
3 5842 5833 5834
3 5842 5834 1751
3 1754 1752 5837
3 1754 5837 5839
3 5839 5837 5836
3 5839 5836 5838
3 5838 5836 5835
3 5838 5835 1753
3 6236 1755 5847
3 6236 5847 8641
3 6236 8641 1757
3 1757 8641 5849
3 5849 8641 5846
3 5849 5846 5848
3 5848 5846 5845
3 5848 5845 1756
3 5846 8641 5847
3 6253 1758 5851
3 6253 5851 8642
3 6253 8642 6254
3 6254 8642 5852
3 6254 5852 1760
3 5852 8642 1759
3 1759 8642 5850
3 5850 8642 5851
3 5859 1761 8643
3 5859 8643 5858
3 5858 8643 5855
3 5858 5855 1763
3 5855 8643 5854
3 5854 8643 1762
3 1762 8643 5853
3 5853 8643 1761
3 5867 1764 5861
3 5867 5861 8645
3 5867 8645 5866
3 5866 8645 8644
3 5866 8644 5863
3 5866 5863 1766
3 5863 8644 5862
3 5862 8644 5860
3 5862 5860 1765
3 5860 8644 8645
3 5860 8645 5861
3 6262 1767 5869
3 6262 5869 5868
3 6262 5868 1769
3 1769 5868 1768
3 1772 1770 5870
3 5870 1770 1771
3 1775 1773 5871
3 1775 5871 1774
3 1778 1776 5872
3 5872 1776 1777
3 5878 1779 5873
3 5878 5873 1780
3 5878 1780 1781
3 1784 1782 5880
3 5880 1782 5879
3 5880 5879 1783
3 1787 1785 1786
3 1790 1788 1789
3 1793 1791 1792
3 5889 1794 5884
3 5889 5884 1796
3 5884 1794 1795
3 1799 1797 5890
3 1799 5890 1798
3 1802 1800 5891
3 5891 1800 1801
3 1805 1803 5898
3 1805 5898 1804
3 1808 1806 5901
3 5901 1806 1807
3 1811 1809 5902
3 1811 5902 1810
3 6325 1812 8647
3 6325 8647 5903
3 6325 5903 8646
3 6325 8646 6326
3 6326 8646 6327
3 6327 8646 5904
3 6327 5904 5905
3 6327 5905 6328
3 6328 5905 1814
3 5904 8646 5903
3 5903 8647 1813
3 1813 8647 1812
3 1817 1815 5908
3 1817 5908 5911
3 5911 5908 5907
3 5911 5907 5910
3 5910 5907 5906
3 5910 5906 5909
3 5909 5906 1816
3 1820 1818 8648
3 1820 8648 5917
3 5917 8648 5914
3 5917 5914 5916
3 5916 5914 5913
3 5916 5913 5915
3 5915 5913 5912
3 5915 5912 1819
3 5914 8648 1818
3 1823 1821 5926
3 5926 1821 1822
3 1826 1824 5927
3 1826 5927 1825
3 6354 1827 1828
3 6354 1828 8649
3 6354 8649 2128
3 2128 8649 8382
3 8382 8649 5930
3 8382 5930 5931
3 8382 5931 2129
3 2129 5931 5932
3 2129 5932 1829
3 5930 8649 1828
3 1832 1830 5935
3 1832 5935 5938
3 5938 5935 5934
3 5938 5934 5937
3 5937 5934 5933
3 5937 5933 5936
3 5936 5933 1831
3 1835 1833 8650
3 1835 8650 5944
3 5944 8650 5943
3 5943 8650 5941
3 5943 5941 5940
3 5943 5940 5942
3 5942 5940 5939
3 5942 5939 1834
3 5941 8650 1833
3 5957 1836 5952
3 5957 5952 8653
3 5957 8653 5956
3 5956 8653 8652
3 5956 8652 5955
3 5955 8652 8651
3 5955 8651 1838
3 1838 8651 5953
3 5953 8651 5950
3 5953 5950 1837
3 5950 8651 5951
3 5951 8651 8652
3 5951 8652 8653
3 5951 8653 5952
3 8655 8654 8656
3 5964 1839 5960
3 5964 5960 8655
3 5964 8655 5963
3 5963 8655 8656
3 5963 8656 1841
3 1841 8656 5961
3 5961 8656 8654
3 5961 8654 1840
3 1840 8654 5958
3 5958 8654 5959
3 5959 8654 8655
3 5959 8655 5960
3 1844 1842 5967
3 5967 1842 1843
3 1847 1845 5968
3 1847 5968 1846
3 6380 1848 5971
3 6380 5971 5972
3 6380 5972 6381
3 6381 5972 1850
3 5971 1848 1849
3 6383 1851 8380
3 6383 8380 1855
3 6383 1855 1853
3 8380 1851 8379
3 8379 1851 5974
3 8379 5974 8378
3 8378 5974 5973
3 8378 5973 1854
3 1854 5973 1852
3 1858 1856 1855
3 1858 1855 8380
3 1858 8380 5975
3 5975 8380 8379
3 5975 8379 1860
3 1860 8379 8381
3 8381 8379 8378
3 8381 8378 1859
3 1859 8378 5977
3 5977 8378 1854
3 5977 1854 1857
3 1863 1861 5976
3 1863 5976 5981
3 5981 5976 1860
3 5981 1860 8381
3 5981 8381 5980
3 5980 8381 1859
3 5980 1859 5978
3 5980 5978 5979
3 5979 5978 1862
3 5987 1864 5984
3 5987 5984 5983
3 5987 5983 1866
3 1866 5983 5985
3 5985 5983 5982
3 5985 5982 1865
3 5991 1867 8657
3 5991 8657 5989
3 5991 5989 1869
3 5989 8657 5988
3 5989 5988 1868
3 5988 8657 1867
3 5997 1870 5992
3 5997 5992 5994
3 5997 5994 1872
3 5994 5992 5993
3 5993 5992 1871
3 1875 1873 5998
3 1875 5998 1874
3 1878 1876 6001
3 6001 1876 1877
3 1881 1879 6002
3 1881 6002 1880
3 6406 1882 8658
3 6406 8658 6003
3 6406 6003 6004
3 6406 6004 6407
3 6407 6004 1884
3 6003 8658 1883
3 1883 8658 1882
3 1887 1885 6006
3 1887 6006 6008
3 6008 6006 6005
3 6008 6005 6007
3 6007 6005 1886
3 6421 1888 6014
3 6421 6014 1890
3 6014 1888 6013
3 6013 1888 6010
3 6013 6010 6012
3 6012 6010 6009
3 6012 6009 6011
3 6011 6009 1889
3 1893 1891 6018
3 1893 6018 6017
3 1893 6017 6021
3 6021 6017 6016
3 6021 6016 6020
3 6020 6016 6015
3 6020 6015 6019
3 6019 6015 1892
3 6431 1894 6024
3 6431 6024 6023
3 6431 6023 1896
3 1896 6023 6025
3 6025 6023 6022
3 6025 6022 1895
3 6032 1897 6026
3 6032 6026 8659
3 6032 8659 6031
3 6031 8659 6028
3 6031 6028 1899
3 6028 8659 6027
3 6027 8659 6026
3 6027 6026 1898
3 6433 1900 6034
3 6433 6034 8660
3 6433 8660 1902
3 1902 8660 6035
3 6035 8660 6033
3 6035 6033 1901
3 6033 8660 6034
3 1905 1903 6038
3 6038 1903 6036
3 6038 6036 6037
3 6037 6036 1904
3 6436 1906 6041
3 6436 6041 6042
3 6436 6042 6437
3 6437 6042 6043
3 6437 6043 1908
3 6041 1906 1907
3 6451 1909 8663
3 6451 8663 1911
3 1911 8663 8662
3 1911 8662 6048
3 6048 8662 6047
3 6047 8662 8661
3 6047 8661 6044
3 6047 6044 1910
3 6044 8661 6045
3 6045 8661 8662
3 6045 8662 8663
3 6045 8663 6046
3 6046 8663 1909
3 6459 1912 6050
3 6459 6050 8664
3 6459 8664 1914
3 1914 8664 6052
3 6052 8664 6051
3 6051 8664 6049
3 6051 6049 1913
3 6049 8664 6050
3 1917 1915 6054
3 1917 6054 6056
3 6056 6054 6053
3 6056 6053 6055
3 6055 6053 1916
3 6062 1918 6058
3 6062 6058 8666
3 6062 8666 6061
3 6061 8666 8665
3 6061 8665 1920
3 1920 8665 6059
3 6059 8665 1919
3 1919 8665 6057
3 6057 8665 8666
3 6057 8666 6058
3 1923 1921 6064
3 1923 6064 6065
3 6065 6064 6063
3 6065 6063 1922
3 1926 1924 6066
3 1926 6066 6067
3 6067 6066 1925
3 6071 1927 6068
3 6071 6068 1929
3 1929 6068 1928
3 6519 1930 6072
3 6519 6072 6074
3 6519 6074 1932
3 6074 6072 6073
3 6073 6072 1931
3 6539 1933 6076
3 6539 6076 6075
3 6539 6075 6540
3 6540 6075 1934
3 6540 1934 1935
3 6084 1936 6077
3 6084 6077 6078
3 6084 6078 6083
3 6083 6078 1938
3 6077 1936 1937
3 1941 1939 6080
3 1941 6080 6081
3 6081 6080 6079
3 6081 6079 1940
3 6560 1942 6086
3 6560 6086 6085
3 6560 6085 1944
3 1944 6085 1943
3 6562 1945 1946
3 6562 1946 6087
3 6562 6087 1947
3 6102 1948 8668
3 6102 8668 6101
3 6101 8668 6097
3 6101 6097 1950
3 6097 8668 6096
3 6096 8668 8667
3 6096 8667 6095
3 6095 8667 6094
3 6095 6094 1949
3 6094 8667 1948
3 1948 8667 8668
3 6110 1951 6104
3 6110 6104 6103
3 6110 6103 6109
3 6109 6103 1952
3 6109 1952 1953
3 1956 1954 6112
3 1956 6112 6114
3 6114 6112 6111
3 6114 6111 6113
3 6113 6111 1955
3 8670 8671 8672
3 6577 1957 8671
3 6577 8671 8670
3 6577 8670 6578
3 6578 8670 8669
3 6578 8669 1959
3 1959 8669 6119
3 6119 8669 6118
3 6118 8669 8670
3 6118 8670 8672
3 6118 8672 6117
3 6117 8672 6115
3 6117 6115 1958
3 6115 8672 6116
3 6116 8672 8671
3 6116 8671 1957
3 6608 1960 6122
3 6608 6122 1962
3 1962 6122 6121
3 1962 6121 6123
3 6123 6121 6120
3 6123 6120 1961
3 6610 1963 6124
3 6610 6124 6126
3 6610 6126 1965
3 6126 6124 6125
3 6125 6124 1964
3 6158 1966 8673
3 6158 8673 6131
3 6158 6131 1968
3 6131 8673 6130
3 6130 8673 6128
3 6130 6128 6129
3 6129 6128 6127
3 6129 6127 1967
3 6128 8673 1966
3 6157 1969 6139
3 6157 6139 8674
3 6157 8674 1971
3 1971 8674 6141
3 6141 8674 6140
3 6140 8674 6138
3 6140 6138 6137
3 6140 6137 1970
3 6138 8674 6139
3 6148 1972 8676
3 6148 8676 6145
3 6148 6145 1974
3 6145 8676 8675
3 6145 8675 6144
3 6144 8675 6142
3 6144 6142 1973
3 6142 8675 6143
3 6143 8675 8676
3 6143 8676 1972
3 6156 1975 6152
3 6156 6152 1977
3 6152 1975 6151
3 6151 1975 6149
3 6151 6149 6150
3 6150 6149 1976
3 1980 1978 6159
3 1980 6159 1979
3 1983 1981 6162
3 6162 1981 1982
3 1986 1984 6163
3 1986 6163 1985
3 6633 1987 8677
3 6633 8677 6164
3 6633 6164 6165
3 6633 6165 6634
3 6634 6165 1989
3 6164 8677 1988
3 1988 8677 1987
3 1992 1990 6167
3 1992 6167 6169
3 6169 6167 6166
3 6169 6166 6168
3 6168 6166 1991
3 6184 1993 8678
3 6184 8678 6174
3 6184 6174 1995
3 6174 8678 6173
3 6173 8678 6172
3 6172 8678 6171
3 6172 6171 6170
3 6172 6170 1994
3 6171 8678 1993
3 1998 1996 6177
3 1998 6177 6180
3 6180 6177 6176
3 6180 6176 6179
3 6179 6176 6175
3 6179 6175 6178
3 6178 6175 1997
3 2001 1999 6186
3 6186 1999 6185
3 6186 6185 2000
3 2004 2002 6190
3 2004 6190 6191
3 6191 6190 2003
3 6636 2005 2006
3 6636 2006 6198
3 6636 6198 2007
3 6644 2008 6199
3 6644 6199 2010
3 2010 6199 2009
3 2013 2011 2012
3 2016 2014 2015
3 6208 2017 2018
3 6208 2018 6206
3 6208 6206 2019
3 6646 2020 6209
3 6646 6209 2022
3 2022 6209 2021
3 6658 2023 6214
3 6658 6214 6215
3 6658 6215 6659
3 6659 6215 2025
3 6214 2023 2024
3 2028 2026 6217
3 2028 6217 6219
3 6219 6217 6216
3 6219 6216 6218
3 6218 6216 2027
3 2031 2029 6223
3 6223 2029 6221
3 6223 6221 6222
3 6222 6221 6220
3 6222 6220 2030
3 8225 2032 6225
3 8225 6225 8226
3 8226 6225 6224
3 8226 6224 2034
3 2034 6224 2033
3 6237 2035 6226
3 6237 6226 6227
3 6237 6227 2037
3 6226 2035 2036
3 6232 2038 6229
3 6232 6229 2040
3 2040 6229 6228
3 2040 6228 6230
3 6230 6228 2039
3 8224 2041 8679
3 8224 8679 8223
3 8223 8679 6240
3 8223 6240 2043
3 6240 8679 6239
3 6239 8679 6238
3 6239 6238 2042
3 6238 8679 2041
3 6674 2044 6242
3 6674 6242 8680
3 6674 8680 6675
3 6675 8680 2046
3 2046 8680 6243
3 6243 8680 6241
3 6243 6241 2045
3 6241 8680 6242
3 6256 2047 6250
3 6256 6250 8681
3 6256 8681 6255
3 6255 8681 6252
3 6255 6252 2049
3 6252 8681 6251
3 6251 8681 8682
3 6251 8682 2048
3 2048 8682 6250
3 6250 8682 8681
3 6264 2050 6258
3 6264 6258 8684
3 6264 8684 6263
3 6263 8684 8683
3 6263 8683 2052
3 2052 8683 6259
3 6259 8683 2051
3 2051 8683 6257
3 6257 8683 8684
3 6257 8684 6258
3 2055 2053 6260
3 2055 6260 6261
3 6261 6260 2054
3 2058 2056 6269
3 6269 2056 6266
3 6269 6266 6268
3 6268 6266 6265
3 6268 6265 6267
3 6267 6265 2057
3 6697 2059 6272
3 6697 6272 8685
3 6697 8685 2061
3 2061 8685 6274
3 6274 8685 6271
3 6274 6271 6273
3 6273 6271 6270
3 6273 6270 2060
3 6271 8685 6272
3 6278 2062 6276
3 6278 6276 6277
3 6277 6276 6275
3 6277 6275 2064
3 2064 6275 2063
3 8686 8687 8688
3 8688 8687 8689
3 6713 2065 8689
3 6713 8689 8687
3 6713 8687 6714
3 6714 8687 8686
3 6714 8686 2067
3 2067 8686 6282
3 6282 8686 8688
3 6282 8688 6281
3 6281 8688 6279
3 6281 6279 2066
3 6279 8688 8689
3 6279 8689 6280
3 6280 8689 2065
3 6286 2068 6284
3 6286 6284 6285
3 6285 6284 6283
3 6285 6283 2070
3 2070 6283 2069
3 2073 2071 6288
3 2073 6288 6290
3 6290 6288 6287
3 6290 6287 6289
3 6289 6287 2072
3 6297 2074 6296
3 6297 6296 8690
3 6297 8690 2076
3 2076 8690 6295
3 2076 6295 2075
3 6295 8690 6296
3 6299 2077 6298
3 6299 6298 2078
3 6299 2078 2079
3 6301 2080 6300
3 6301 6300 2082
3 2082 6300 2081
3 6730 2083 6302
3 6730 6302 8691
3 6730 8691 6303
3 6730 6303 2085
3 6303 8691 2084
3 2084 8691 6302
3 2088 2086 6305
3 6305 2086 6304
3 6305 6304 2087
3 2091 2089 6306
3 2091 6306 6307
3 6307 6306 2090
3 2094 2092 6309
3 6309 2092 6308
3 6309 6308 2093
3 2097 2095 6312
3 6312 2095 6310
3 6312 6310 6311
3 6311 6310 2096
3 2100 2098 6314
3 2100 6314 6315
3 6315 6314 6313
3 6315 6313 2099
3 6318 2101 6316
3 6318 6316 6317
3 6317 6316 2102
3 6317 2102 2103
3 6329 2104 8692
3 6329 8692 6323
3 6329 6323 6324
3 6329 6324 2106
3 6323 8692 6322
3 6322 8692 6319
3 6322 6319 6321
3 6321 6319 2105
3 6319 8692 6320
3 6320 8692 2104
3 2109 2107 6331
3 6331 2107 6330
3 6331 6330 2108
3 2112 2110 6335
3 2112 6335 6336
3 6336 6335 2111
3 6745 2113 6337
3 6745 6337 6338
3 6745 6338 2115
3 6338 6337 2114
3 2118 2116 6342
3 2118 6342 2117
3 6755 2119 6345
3 6755 6345 6346
3 6755 6346 2121
3 6345 2119 2120
3 2124 2122 6348
3 2124 6348 6350
3 6350 6348 6347
3 6350 6347 6349
3 6349 6347 2123
3 6355 2125 2129
3 6355 2129 2127
3 2129 2125 8382
3 8382 2125 6352
3 8382 6352 2128
3 2128 6352 6351
3 2128 6351 6353
3 6353 6351 2126
3 2132 2130 6357
3 6357 2130 6356
3 6357 6356 2131
3 2135 2133 6361
3 2135 6361 6362
3 6362 6361 2134
3 6767 2136 6366
3 6767 6366 6367
3 6767 6367 2138
3 6367 6366 2137
3 2141 2139 6371
3 2141 6371 2140
3 6775 2142 6374
3 6775 6374 6375
3 6775 6375 2144
3 6374 2142 2143
3 2147 2145 6377
3 2147 6377 6379
3 6379 6377 6376
3 6379 6376 6378
3 6378 6376 2146
3 6384 2148 2149
3 6384 2149 6382
3 6384 6382 2150
3 2153 2151 6385
3 2153 6385 6386
3 6386 6385 2152
3 6787 2154 6390
3 6787 6390 6391
3 6787 6391 2156
3 6391 6390 2155
3 2159 2157 6395
3 2159 6395 2158
3 6409 2160 6396
3 6409 6396 6397
3 6409 6397 6408
3 6408 6397 6398
3 6408 6398 2162
3 6396 2160 2161
3 6405 2163 6401
3 6405 6401 6400
3 6405 6400 6404
3 6404 6400 6399
3 6404 6399 2165
3 2165 6399 2164
3 2168 2166 6411
3 2168 6411 6412
3 6412 6411 6410
3 6412 6410 2167
3 6793 2169 6413
3 6793 6413 2171
3 2171 6413 2170
3 6804 2172 6416
3 6804 6416 2174
3 6416 2172 2173
3 6418 2175 6417
3 6418 6417 2177
3 2177 6417 2176
3 2180 2178 6419
3 2180 6419 6420
3 6420 6419 2179
3 6438 2181 2182
3 6438 2182 2183
3 6426 2184 2185
3 6426 2185 2186
3 6435 2187 6427
3 6435 6427 8693
3 6435 8693 6434
3 6434 8693 6428
3 6434 6428 2189
3 6428 8693 2188
3 2188 8693 6427
3 6432 2190 6429
3 6432 6429 6430
3 6432 6430 2192
3 6430 6429 2191
3 2195 2193 6439
3 2195 6439 2194
3 6826 2196 6440
3 6826 6440 6441
3 6826 6441 6827
3 6827 6441 2198
3 6440 2196 2197
3 6829 2199 8384
3 6829 8384 2203
3 6829 2203 2201
3 8384 2199 6443
3 8384 6443 8383
3 8383 6443 6442
3 8383 6442 2202
3 2202 6442 2200
3 2206 2204 2203
3 2206 2203 6446
3 6446 2203 8384
3 6446 8384 6445
3 6445 8384 8383
3 6445 8383 2202
3 6445 2202 6444
3 6444 2202 2205
3 2209 2207 2211
3 2211 2207 6449
3 2211 6449 8385
3 8385 6449 6448
3 8385 6448 2210
3 2210 6448 6447
3 2210 6447 2208
3 8695 8694 8696
3 6454 2212 2211
3 6454 2211 6453
3 6453 2211 8385
3 6453 8385 8696
3 6453 8696 6452
3 6452 8696 8694
3 6452 8694 2214
3 2214 8694 6450
3 6450 8694 8695
3 6450 8695 2213
3 2213 8695 2210
3 2210 8695 8696
3 2210 8696 8385
3 6461 2215 6457
3 6461 6457 8697
3 6461 8697 6460
3 6460 8697 2217
3 2217 8697 6458
3 6458 8697 6455
3 6458 6455 2216
3 6455 8697 6456
3 6456 8697 6457
3 6466 2218 6463
3 6466 6463 6465
3 6465 6463 6462
3 6465 6462 6464
3 6464 6462 2219
3 6464 2219 2220
3 8218 2221 6474
3 8218 6474 6473
3 8218 6473 8219
3 8219 6473 6472
3 8219 6472 8220
3 8220 6472 2222
3 8220 2222 6475
3 8220 6475 2223
3 8217 2224 6482
3 8217 6482 2225
3 8217 2225 6483
3 8217 6483 8216
3 8216 6483 6484
3 8216 6484 8215
3 8215 6484 6485
3 8215 6485 2226
3 2229 2227 6491
3 6491 2227 6488
3 6491 6488 6490
3 6490 6488 6487
3 6490 6487 6489
3 6489 6487 6486
3 6489 6486 2228
3 6863 2230 6494
3 6863 6494 6493
3 6863 6493 6864
3 6864 6493 6492
3 6864 6492 2232
3 2232 6492 2231
3 6877 2233 6499
3 6877 6499 6500
3 6877 6500 6878
3 6878 6500 2235
3 6499 2233 2234
3 6892 2236 6502
3 6892 6502 8698
3 6892 8698 6504
3 6892 6504 2238
3 6504 8698 6503
3 6503 8698 6501
3 6503 6501 2237
3 6501 8698 6502
3 8214 2239 6506
3 8214 6506 6505
3 8214 6505 2241
3 2241 6505 2240
3 2244 2242 2243
3 2247 2245 2246
3 8213 2248 6511
3 8213 6511 6512
3 8213 6512 2250
3 6511 2248 2249
3 8212 2251 6514
3 8212 6514 6513
3 8212 6513 2253
3 2253 6513 2252
3 2256 2254 6515
3 6515 2254 2255
3 8211 2257 6520
3 8211 6520 2259
3 6520 2257 2258
3 6910 2260 8699
3 6910 8699 6526
3 6910 6526 2262
3 6526 8699 6525
3 6525 8699 6524
3 6525 6524 2261
3 6524 8699 2260
3 6940 2263 6528
3 6940 6528 6527
3 6940 6527 2265
3 2265 6527 2264
3 2268 2266 2267
3 2271 2269 6529
3 6529 2269 2270
3 6971 2272 6530
3 6971 6530 2274
3 2274 6530 2273
3 6542 2275 2276
3 6542 2276 6537
3 6542 6537 6541
3 6541 6537 6538
3 6541 6538 2277
3 2280 2278 6544
3 2280 6544 6546
3 6546 6544 6543
3 6546 6543 6545
3 6545 6543 2279
3 2283 2281 6551
3 6551 2281 6550
3 6550 2281 6548
3 6550 6548 6549
3 6549 6548 6547
3 6549 6547 2282
3 8703 8701 8704
3 8701 8702 8704
3 2636 2284 6554
3 2636 6554 8700
3 2636 8700 8405
3 8405 8700 3581
3 3581 8700 8399
3 8399 8700 8702
3 8399 8702 8701
3 8399 8701 8400
3 8400 8701 3582
3 3582 8701 8703
3 3582 8703 8401
3 8401 8703 6556
3 8401 6556 8406
3 8401 8406 3583
3 8406 6556 2637
3 2637 6556 2286
3 6556 8703 6555
3 6555 8703 8704
3 6555 8704 2285
3 2285 8704 6552
3 6552 8704 8702
3 6552 8702 6553
3 6553 8702 8700
3 6553 8700 6554
3 2289 2287 6558
3 2289 6558 6559
3 6559 6558 6557
3 6559 6557 2288
3 2292 2290 2291
3 2295 2293 6561
3 6561 2293 2294
3 2298 2296 2297
3 6580 2299 6569
3 6580 6569 6570
3 6580 6570 6579
3 6579 6570 6571
3 6579 6571 2301
3 6569 2299 2300
3 6576 2302 6574
3 6576 6574 6573
3 6576 6573 6575
3 6575 6573 6572
3 6575 6572 2304
3 2304 6572 2303
3 6992 2305 6582
3 6992 6582 6581
3 6992 6581 2307
3 2307 6581 6583
3 6583 6581 2306
3 2310 2308 6584
3 2310 6584 2309
3 2313 2311 6587
3 6587 2311 2312
3 2316 2314 6588
3 2316 6588 2315
3 7029 2317 6589
3 7029 6589 6590
3 7029 6590 7030
3 7030 6590 2319
3 6589 2317 2318
3 6611 2320 8705
3 6611 8705 6596
3 6611 6596 2322
3 6596 8705 6595
3 6595 8705 6594
3 6594 8705 6592
3 6594 6592 6591
3 6594 6591 6593
3 6593 6591 2321
3 6592 8705 2320
3 2325 2323 6600
3 2325 6600 6599
3 2325 6599 6603
3 6603 6599 6598
3 6603 6598 6602
3 6602 6598 6597
3 6602 6597 6601
3 6601 6597 2324
3 6609 2326 6606
3 6609 6606 6605
3 6609 6605 2328
3 2328 6605 6607
3 6607 6605 6604
3 6607 6604 2327
3 6615 2329 6612
3 6615 6612 2330
3 6615 2330 2331
3 2334 2332 6617
3 6617 2332 6616
3 6617 6616 2333
3 2337 2335 6618
3 2337 6618 6619
3 6619 6618 2336
3 6637 2338 6623
3 6637 6623 6624
3 6637 6624 2340
3 6624 6623 2339
3 2343 2341 6628
3 2343 6628 2342
3 6635 2344 6631
3 6635 6631 6632
3 6635 6632 2346
3 6631 2344 2345
3 6647 2347 6638
3 6647 6638 6639
3 6647 6639 2349
3 6639 6638 2348
3 6645 2350 6640
3 6645 6640 6641
3 6645 6641 2352
3 6641 6640 2351
3 2355 2353 6642
3 2355 6642 6643
3 6643 6642 2354
3 2358 2356 6648
3 2358 6648 6649
3 6649 6648 2357
3 2361 2359 6654
3 6654 2359 6653
3 6654 6653 2360
3 2364 2362 6657
3 6657 2362 6655
3 6657 6655 6656
3 6656 6655 2363
3 2367 2365 2366
3 7042 2368 2369
3 7042 2369 6664
3 7042 6664 2370
3 2373 2371 6665
3 2373 6665 2372
3 2376 2374 2375
3 7056 2377 2378
3 7056 2378 2379
3 6679 2380 6668
3 6679 6668 6669
3 6679 6669 6678
3 6678 6669 2382
3 6668 2380 2381
3 2385 2383 6671
3 2385 6671 6673
3 6673 6671 6670
3 6673 6670 6672
3 6672 6670 2384
3 7058 2386 8706
3 7058 8706 6687
3 7058 6687 2388
3 6687 8706 6684
3 6687 6684 6686
3 6686 6684 2387
3 6684 8706 6685
3 6685 8706 2386
3 6699 2389 6689
3 6699 6689 8707
3 6699 8707 6698
3 6698 8707 6690
3 6698 6690 2391
3 6690 8707 2390
3 2390 8707 6688
3 6688 8707 6689
3 7070 2392 6701
3 7070 6701 8708
3 7070 8708 2394
3 2394 8708 6703
3 6703 8708 6702
3 6702 8708 6700
3 6702 6700 2393
3 6700 8708 6701
3 7088 2395 6705
3 7088 6705 8709
3 7088 8709 7089
3 7089 8709 7090
3 7090 8709 6706
3 7090 6706 2397
3 6706 8709 2396
3 2396 8709 6704
3 6704 8709 6705
3 6715 2398 6712
3 6715 6712 2400
3 6712 2398 6711
3 6711 2398 6710
3 6711 6710 2399
3 2403 2401 6716
3 2403 6716 2402
3 2406 2404 6717
3 6717 2404 2405
3 2409 2407 6719
3 6719 2407 6718
3 6719 6718 2408
3 2412 2410 6720
3 2412 6720 6721
3 6721 6720 2411
3 6729 2413 6722
3 6729 6722 2414
3 6729 2414 2415
3 2418 2416 2417
3 2421 2419 2420
3 7101 2422 2423
3 7101 2423 6737
3 7101 6737 7102
3 7102 6737 2424
3 7120 2425 6738
3 7120 6738 2427
3 2427 6738 2426
3 7122 2428 6739
3 7122 6739 2430
3 6739 2428 2429
3 6746 2431 6743
3 6746 6743 6744
3 6746 6744 2433
3 6744 6743 2432
3 7129 2434 6747
3 7129 6747 6748
3 7129 6748 2436
3 6748 6747 2435
3 2439 2437 6749
3 2439 6749 6750
3 6750 6749 2438
3 2442 2440 6752
3 6752 2440 6751
3 6752 6751 2441
3 2445 2443 6754
3 6754 2443 6753
3 6754 6753 2444
3 2448 2446 2447
3 2451 2449 2450
3 7136 2452 2453
3 7136 2453 6760
3 7136 6760 7137
3 7137 6760 2454
3 7153 2455 6761
3 7153 6761 2457
3 2457 6761 2456
3 7155 2458 6764
3 7155 6764 2460
3 6764 2458 2459
3 6768 2461 6765
3 6768 6765 6766
3 6768 6766 2463
3 6766 6765 2462
3 7162 2464 6769
3 7162 6769 6770
3 7162 6770 2466
3 6770 6769 2465
3 2469 2467 6771
3 2469 6771 2468
3 2472 2470 6772
3 6772 2470 2471
3 2475 2473 6774
3 6774 2473 6773
3 6774 6773 2474
3 2478 2476 2477
3 2481 2479 2480
3 7169 2482 2483
3 7169 2483 6778
3 7169 6778 7170
3 7170 6778 2484
3 2487 2485 6779
3 2487 6779 6780
3 6780 6779 2486
3 8208 2488 6781
3 8208 6781 2490
3 2490 6781 6782
3 6782 6781 2489
3 8207 2491 6784
3 8207 6784 2493
3 6784 2491 6783
3 6784 6783 2492
3 6788 2494 6785
3 6788 6785 8710
3 6788 8710 2496
3 2496 8710 6786
3 6786 8710 6785
3 6786 6785 2495
3 7187 2497 6789
3 7187 6789 8711
3 7187 8711 6790
3 7187 6790 2499
3 6790 8711 2498
3 2498 8711 6789
3 2502 2500 6791
3 2502 6791 2501
3 2505 2503 6792
3 6792 2503 2504
3 2508 2506 2507
3 2511 2509 2510
3 7196 2512 2513
3 7196 2513 6796
3 7196 6796 7197
3 7197 6796 2514
3 7208 2515 6797
3 7208 6797 2517
3 2517 6797 2516
3 6805 2518 2519
3 6805 2519 6800
3 6805 6800 2520
3 7210 2521 6806
3 7210 6806 6807
3 7210 6807 2523
3 6807 6806 2522
3 7216 2524 6813
3 7216 6813 6814
3 7216 6814 2526
3 6813 2524 6812
3 6812 2524 6811
3 6812 6811 2525
3 6821 2527 6817
3 6821 6817 6816
3 6821 6816 6820
3 6820 6816 6815
3 6820 6815 2529
3 2529 6815 2528
3 2532 2530 6823
3 2532 6823 6825
3 6825 6823 6822
3 6825 6822 6824
3 6824 6822 2531
3 6830 2533 2534
3 6830 2534 6828
3 6830 6828 2535
3 2538 2536 6831
3 2538 6831 6832
3 6832 6831 2537
3 6855 2539 6836
3 6855 6836 2541
3 2541 6836 2540
3 2544 2542 6843
3 6843 2542 2543
3 2547 2545 6844
3 2547 6844 2546
3 2550 2548 6857
3 6857 2548 6856
3 6857 6856 2549
3 2553 2551 6858
3 2553 6858 6859
3 6859 6858 2552
3 6866 2554 8713
3 6866 8713 8712
3 6866 8712 6865
3 6865 8712 6862
3 6865 6862 2556
3 6862 8712 6861
3 6861 8712 8713
3 6861 8713 2555
3 2555 8713 6860
3 6860 8713 2554
3 2559 2557 6868
3 2559 6868 6869
3 6869 6868 6867
3 6869 6867 2558
3 7225 2560 8714
3 7225 8714 7226
3 7226 8714 6872
3 7226 6872 2562
3 6872 8714 6871
3 6871 8714 2561
3 2561 8714 6870
3 6870 8714 2560
3 6879 2563 8715
3 6879 8715 2565
3 2565 8715 6876
3 6876 8715 6873
3 6876 6873 6875
3 6875 6873 2564
3 6873 8715 6874
3 6874 8715 2563
3 7235 2566 6880
3 7235 6880 8716
3 7235 8716 7236
3 7236 8716 6882
3 7236 6882 2568
3 6882 8716 6881
3 6881 8716 6880
3 6881 6880 2567
3 2571 2569 6884
3 2571 6884 6885
3 6885 6884 6883
3 6885 6883 2570
3 2574 2572 6888
3 6888 2572 6886
3 6888 6886 6887
3 6887 6886 2573
3 8199 2575 6890
3 8199 6890 8200
3 8200 6890 6889
3 8200 6889 8717
3 8200 8717 2577
3 2577 8717 2576
3 2576 8717 6889
3 2580 2578 6891
3 6891 2578 2579
3 8198 2581 6893
3 8198 6893 6894
3 8198 6894 8197
3 8197 6894 2583
3 6893 2581 2582
3 2586 2584 6896
3 2586 6896 6898
3 6898 6896 6895
3 6898 6895 6897
3 6897 6895 2585
3 2589 2587 6902
3 6902 2587 6900
3 6902 6900 6901
3 6901 6900 6899
3 6901 6899 2588
3 6912 2590 6908
3 6912 6908 8719
3 6912 8719 6911
3 6911 8719 8718
3 6911 8718 6909
3 6911 6909 2592
3 6909 8718 2591
3 2591 8718 6907
3 6907 8718 8719
3 6907 8719 6908
3 2595 2593 6918
3 2595 6918 6920
3 6920 6918 6917
3 6920 6917 6919
3 6919 6917 2594
3 8721 8720 8722
3 8721 8722 8723
3 8723 8722 8724
3 7288 2596 6922
3 7288 6922 8724
3 7288 8724 7289
3 7289 8724 8722
3 7289 8722 7290
3 7290 8722 8720
3 7290 8720 7291
3 7291 8720 6925
3 7291 6925 2598
3 6925 8720 6924
3 6924 8720 8721
3 6924 8721 6923
3 6923 8721 8723
3 6923 8723 2597
3 2597 8723 6921
3 6921 8723 8724
3 6921 8724 6922
3 7316 2599 6928
3 7316 6928 6927
3 7316 6927 7317
3 7317 6927 6926
3 7317 6926 2601
3 2601 6926 2600
3 7320 2602 6929
3 7320 6929 6930
3 7320 6930 7321
3 7321 6930 2604
3 6929 2602 2603
3 2607 2605 6932
3 2607 6932 6934
3 6934 6932 6931
3 6934 6931 6933
3 6933 6931 2606
3 2610 2608 6936
3 2610 6936 6937
3 6937 6936 6935
3 6937 6935 2609
3 2613 2611 6938
3 2613 6938 6939
3 6939 6938 2612
3 7369 2614 2615
3 7369 2615 6955
3 7369 6955 7370
3 7370 6955 6956
3 7370 6956 7371
3 7371 6956 2616
3 7380 2617 8400
3 7380 8400 8725
3 7380 8725 7381
3 7381 8725 8402
3 7381 8402 2621
3 7381 2621 2619
3 8402 8725 3582
3 3582 8725 8400
3 8400 2617 8399
3 8399 2617 6958
3 8399 6958 3581
3 3581 6958 6957
3 3581 6957 8398
3 8398 6957 3580
3 3580 6957 8397
3 8397 6957 2620
3 2620 6957 2618
3 2624 2622 2621
3 2624 2621 8402
3 2624 8402 8404
3 2624 8404 2626
3 8404 8402 3583
3 3583 8402 8401
3 8401 8402 3582
3 2637 2627 8404
3 2637 8404 8406
3 8406 8404 3583
3 8404 2627 2626
3 2632 2630 6959
3 6959 2630 2631
3 2635 2633 6960
3 2635 6960 6961
3 6961 6960 2634
3 2640 2638 2639
3 6976 2641 2642
3 6976 2642 2643
3 2646 2644 6977
3 2646 6977 2645
3 7426 2647 6980
3 7426 6980 6981
3 7426 6981 7427
3 7427 6981 2649
3 6980 2647 2648
3 6984 2650 6983
3 6984 6983 6982
3 6984 6982 2652
3 2652 6982 2651
3 2655 2653 6986
3 6986 2653 6985
3 6986 6985 2654
3 6993 2656 6990
3 6993 6990 6991
3 6993 6991 2658
3 6991 6990 2657
3 2661 2659 6994
3 2661 6994 6995
3 6995 6994 2660
3 7438 2662 6996
3 7438 6996 2664
3 2664 6996 2663
3 6997 2665 2666
3 6997 2666 2667
3 7001 2668 6998
3 7001 6998 2669
3 7001 2669 2670
3 2673 2671 7003
3 7003 2671 7002
3 7003 7002 2672
3 2676 2674 7004
3 2676 7004 7005
3 7005 7004 2675
3 7455 2677 7009
3 7455 7009 7010
3 7455 7010 2679
3 7010 7009 2678
3 7031 2680 7016
3 7031 7016 7017
3 7031 7017 2682
3 7016 2680 7015
3 7015 2680 7014
3 7015 7014 2681
3 7024 2683 7020
3 7024 7020 7019
3 7024 7019 7023
3 7023 7019 7018
3 7023 7018 2685
3 2685 7018 2684
3 2688 2686 7026
3 2688 7026 7028
3 7028 7026 7025
3 7028 7025 7027
3 7027 7025 2687
3 7035 2689 7032
3 7035 7032 2691
3 2691 7032 2690
3 8194 2692 7036
3 8194 7036 2694
3 2694 7036 2693
3 2697 2695 2696
3 8193 2698 7039
3 8193 7039 2700
3 7039 2698 2699
3 7043 2701 7040
3 7043 7040 8726
3 7043 8726 7041
3 7043 7041 2703
3 7041 8726 2702
3 2702 8726 7040
3 7457 2704 8727
3 7457 8727 7045
3 7457 7045 2706
3 7045 8727 7044
3 7045 7044 2705
3 7044 8727 2704
3 7459 2707 7046
3 7459 7046 2709
3 2709 7046 2708
3 7062 2710 2711
3 7062 2711 7051
3 7062 7051 7061
3 7061 7051 7052
3 7061 7052 2712
3 7060 2713 7054
3 7060 7054 2715
3 2715 7054 7053
3 2715 7053 2714
3 2718 2716 7055
3 7055 2716 2717
3 7059 2719 7057
3 7059 7057 2721
3 7057 2719 2720
3 7467 2722 8729
3 7467 8729 7468
3 7468 8729 8728
3 7468 8728 7066
3 7468 7066 2724
3 7066 8728 7065
3 7065 8728 7063
3 7065 7063 2723
3 7063 8728 7064
3 7064 8728 8729
3 7064 8729 2722
3 7072 2725 7068
3 7072 7068 7067
3 7072 7067 7071
3 7071 7067 7069
3 7071 7069 2727
3 7069 7067 2726
3 2730 2728 7074
3 2730 7074 7076
3 7076 7074 7073
3 7076 7073 7075
3 7075 7073 2729
3 7474 2731 7078
3 7474 7078 7077
3 7474 7077 2733
3 2733 7077 2732
3 7478 2734 7079
3 7478 7079 2736
3 7079 2734 2735
3 8732 8730 8733
3 7094 2737 8730
3 7094 8730 8732
3 7094 8732 7093
3 7093 8732 8731
3 7093 8731 2739
3 2739 8731 7082
3 7082 8731 8732
3 7082 8732 8733
3 7082 8733 7081
3 7081 8733 2738
3 2738 8733 7080
3 7080 8733 8730
3 7080 8730 2737
3 2742 2740 7087
3 7087 2740 7084
3 7087 7084 7086
3 7086 7084 7083
3 7086 7083 7085
3 7085 7083 2741
3 8191 2743 7096
3 8191 7096 7095
3 8191 7095 8192
3 8192 7095 2744
3 8192 2744 2745
3 2748 2746 2747
3 7104 2749 2750
3 7104 2750 7099
3 7104 7099 7103
3 7103 7099 7100
3 7103 7100 2751
3 8735 8734 8736
3 8190 2752 7106
3 8190 7106 8735
3 8190 8735 8189
3 8189 8735 8736
3 8189 8736 7108
3 8189 7108 2754
3 7108 8736 7107
3 7107 8736 8734
3 7107 8734 2753
3 2753 8734 7105
3 7105 8734 8735
3 7105 8735 7106
3 7551 2755 7110
3 7551 7110 2757
3 2757 7110 7109
3 2757 7109 7111
3 7111 7109 2756
3 2760 2758 7112
3 2760 7112 2759
3 2763 2761 7113
3 7113 2761 2762
3 7123 2764 7114
3 7123 7114 2766
3 2766 7114 2765
3 7121 2767 7119
3 7121 7119 2769
3 7119 2767 2768
3 2772 2770 7125
3 7125 2770 7124
3 7125 7124 2771
3 2775 2773 2774
3 7139 2776 7134
3 7139 7134 7135
3 7139 7135 7138
3 7138 7135 2778
3 7134 2776 2777
3 7564 2779 8737
3 7564 8737 8738
3 7564 8738 7565
3 7565 8738 8739
3 7565 8739 2781
3 2781 8739 7143
3 7143 8739 8738
3 7143 8738 7142
3 7142 8738 7140
3 7142 7140 2780
3 7140 8738 8737
3 7140 8737 7141
3 7141 8737 2779
3 7577 2782 7145
3 7577 7145 7144
3 7577 7144 2784
3 2784 7144 7146
3 7146 7144 2783
3 2787 2785 7147
3 2787 7147 2786
3 2790 2788 7148
3 7148 2788 2789
3 7156 2791 7149
3 7156 7149 2793
3 2793 7149 2792
3 7154 2794 7152
3 7154 7152 2796
3 7152 2794 2795
3 2799 2797 7158
3 7158 2797 7157
3 7158 7157 2798
3 2802 2800 2801
3 7171 2803 7167
3 7171 7167 7168
3 7171 7168 2805
3 7167 2803 2804
3 7599 2806 7172
3 7599 7172 2808
3 2808 7172 2807
3 2811 2809 2810
3 2814 2812 7173
3 7173 2812 2813
3 2817 2815 7174
3 2817 7174 2816
3 2820 2818 7175
3 7175 2818 2819
3 7181 2821 7176
3 7181 7176 2823
3 2823 7176 2822
3 2826 2824 7183
3 7183 2824 7182
3 7183 7182 2825
3 2829 2827 2828
3 7631 2830 7190
3 7631 7190 7191
3 7631 7191 2832
3 7190 2830 2831
3 2835 2833 7193
3 2835 7193 7195
3 7195 7193 7192
3 7195 7192 7194
3 7194 7192 2834
3 7641 2836 2837
3 7641 2837 7200
3 7641 7200 2838
3 7211 2839 7201
3 7211 7201 7202
3 7211 7202 2841
3 7202 7201 2840
3 7209 2842 7203
3 7209 7203 7204
3 7209 7204 2844
3 7204 7203 2843
3 2847 2845 7212
3 2847 7212 2846
3 2850 2848 7213
3 7213 2848 2849
3 2853 2851 7215
3 7215 2851 7214
3 7215 7214 2852
3 2856 2854 2855
3 2859 2857 2858
3 2862 2860 2861
3 2865 2863 2864
3 7228 2866 7223
3 7228 7223 7224
3 7228 7224 7227
3 7227 7224 2868
3 7223 2866 2867
3 7652 2869 7230
3 7652 7230 7229
3 7652 7229 7653
3 7653 7229 2870
3 7653 2870 2871
3 7655 2872 7231
3 7655 7231 2874
3 7231 2872 2873
3 7237 2875 8740
3 7237 8740 2877
3 2877 8740 7234
3 7234 8740 7233
3 7233 8740 7232
3 7233 7232 2876
3 7232 8740 2875
3 2880 2878 7238
3 2880 7238 7239
3 7239 7238 2879
3 2883 2881 7242
3 7242 2881 7241
3 7241 2881 7240
3 7241 7240 2882
3 2886 2884 7244
3 2886 7244 7245
3 7245 7244 7243
3 7245 7243 2885
3 2889 2887 7247
3 7247 2887 7246
3 7247 7246 2888
3 7696 2890 7248
3 7696 7248 2892
3 2892 7248 2891
3 2895 2893 7251
3 7251 2893 2894
3 2898 2896 7252
3 2898 7252 2897
3 2901 2899 2900
3 2904 2902 2903
3 2907 2905 7253
3 7253 2905 2906
3 2910 2908 7257
3 2910 7257 2909
3 2913 2911 2912
3 2916 2914 2915
3 7707 2917 7276
3 7707 7276 7277
3 7707 7277 7708
3 7708 7277 2919
3 7276 2917 2918
3 7737 2920 7283
3 7737 7283 7738
3 7738 7283 7282
3 7738 7282 7739
3 7739 7282 2921
3 7739 2921 2922
3 7294 2923 7284
3 7294 7284 7285
3 7294 7285 7293
3 7293 7285 7286
3 7293 7286 7292
3 7292 7286 7287
3 7292 7287 2925
3 7284 2923 2924
3 7743 2926 7297
3 7743 7297 3222
3 3222 7297 7296
3 3222 7296 8387
3 8387 7296 3223
3 3223 7296 7295
3 3223 7295 7741
3 7741 7295 2927
3 7741 2927 2928
3 2931 2929 7306
3 7306 2929 2930
3 7786 2932 8741
3 7786 8741 7309
3 7786 7309 7787
3 7787 7309 7310
3 7787 7310 2934
3 7309 8741 7308
3 7308 8741 7307
3 7308 7307 2933
3 7307 8741 2932
3 8745 8742 8746
3 8742 8743 8746
3 7322 2935 8745
3 7322 8745 2937
3 2937 8745 2939
3 2939 8745 8746
3 2939 8746 8386
3 8386 8746 8743
3 8386 8743 8744
3 8386 8744 2938
3 2938 8744 7311
3 2938 7311 2936
3 7311 8744 7312
3 7312 8744 8743
3 7312 8743 7313
3 7313 8743 8742
3 7313 8742 2935
3 2935 8742 8745
3 8750 8747 8751
3 8747 8748 8751
3 7319 2940 8749
3 7319 8749 7318
3 7318 8749 8750
3 7318 8750 8751
3 7318 8751 2942
3 2942 8751 7315
3 7315 8751 8748
3 7315 8748 7314
3 7314 8748 2938
3 7314 2938 2941
3 2938 8748 8386
3 8386 8748 8747
3 8386 8747 8749
3 8386 8749 2939
3 2939 8749 2940
3 8749 8747 8750
3 7795 2943 7323
3 7795 7323 8753
3 7795 8753 7796
3 7796 8753 8752
3 7796 8752 7797
3 7797 8752 7325
3 7797 7325 2945
3 7325 8752 7324
3 7324 8752 8753
3 7324 8753 2944
3 2944 8753 7323
3 2948 2946 8754
3 2948 8754 7345
3 7345 8754 7343
3 7345 7343 7344
3 7344 7343 7342
3 7344 7342 2947
3 7343 8754 2946
3 7826 2949 8755
3 7826 8755 2951
3 2951 8755 7349
3 7349 8755 8756
3 7349 8756 7348
3 7348 8756 7346
3 7348 7346 2950
3 7346 8756 7347
3 7347 8756 8755
3 7347 8755 2949
3 2954 2952 7351
3 2954 7351 7352
3 7352 7351 7350
3 7352 7350 2953
3 8758 8757 8759
3 7852 2955 8757
3 7852 8757 8758
3 7852 8758 7853
3 7853 8758 7854
3 7854 8758 7355
3 7854 7355 7356
3 7854 7356 2957
3 7355 8758 8759
3 7355 8759 7354
3 7354 8759 2956
3 2956 8759 8757
3 2956 8757 7353
3 7353 8757 2955
3 2960 2958 7359
3 2960 7359 7362
3 7362 7359 7358
3 7362 7358 7361
3 7361 7358 7357
3 7361 7357 7360
3 7360 7357 2959
3 2963 2961 7368
3 7368 2961 7365
3 7368 7365 7367
3 7367 7365 7364
3 7367 7364 7366
3 7366 7364 7363
3 7366 7363 2962
3 7384 2964 2965
3 7384 2965 7372
3 7384 7372 7383
3 7383 7372 7373
3 7383 7373 7382
3 7382 7373 7374
3 7382 7374 2966
3 2969 2967 7377
3 2969 7377 7379
3 7379 7377 7376
3 7379 7376 7378
3 7378 7376 7375
3 7378 7375 2968
3 7569 2970 7387
3 7569 7387 8760
3 7569 8760 7568
3 7568 8760 2972
3 2972 8760 7389
3 7389 8760 8761
3 7389 8761 7388
3 7388 8761 7385
3 7388 7385 2971
3 7385 8761 7386
3 7386 8761 8760
3 7386 8760 7387
3 7567 2973 7395
3 7567 7395 7394
3 7567 7394 2975
3 2975 7394 2974
3 7555 2976 7396
3 7555 7396 7397
3 7555 7397 7554
3 7554 7397 7398
3 7554 7398 2978
3 7396 2976 2977
3 2981 2979 7404
3 7404 2979 7401
3 7404 7401 7403
3 7403 7401 7400
3 7403 7400 7402
3 7402 7400 7399
3 7402 7399 2980
3 7547 2982 7407
3 7547 7407 8762
3 7547 8762 2984
3 2984 8762 7409
3 7409 8762 7406
3 7409 7406 7405
3 7409 7405 7408
3 7408 7405 2983
3 7406 8762 7407
3 7481 2985 7411
3 7481 7411 7410
3 7481 7410 7482
3 7482 7410 2986
3 7482 2986 2987
3 7494 2988 7416
3 7494 7416 7417
3 7494 7417 2990
3 7416 2988 2989
3 7420 2991 7419
3 7420 7419 7418
3 7420 7418 2993
3 2993 7418 2992
3 2996 2994 7422
3 7422 2994 7421
3 7422 7421 2995
3 2999 2997 7425
3 7425 2997 7423
3 7425 7423 7424
3 7424 7423 2998
3 7512 3000 3001
3 7512 3001 3002
3 3005 3003 3004
3 7439 3006 3007
3 7439 3007 7434
3 7439 7434 3008
3 7441 3009 7440
3 7441 7440 3010
3 7441 3010 3011
3 7448 3012 7445
3 7448 7445 3014
3 3014 7445 3013
3 7529 3015 7449
3 7529 7449 3017
3 3017 7449 3016
3 3020 3018 3019
3 3023 3021 3022
3 7460 3024 3025
3 7460 3025 7450
3 7460 7450 3026
3 7458 3027 7451
3 7458 7451 3029
3 3029 7451 3028
3 7456 3030 7454
3 7456 7454 3032
3 7454 3030 3031
3 3035 3033 7466
3 7466 3033 7464
3 7466 7464 7465
3 7465 7464 3034
3 7540 3036 3037
3 7540 3037 3038
3 7469 3039 3040
3 7469 3040 3041
3 3044 3042 7470
3 3044 7470 3043
3 7483 3045 7471
3 7483 7471 3047
3 7471 3045 3046
3 7475 3048 7472
3 7475 7472 8763
3 7475 8763 3050
3 3050 8763 7473
3 7473 8763 7472
3 7473 7472 3049
3 7480 3051 7476
3 7480 7476 8764
3 7480 8764 7479
3 7479 8764 3053
3 3053 8764 7477
3 7477 8764 3052
3 3052 8764 7476
3 3056 3054 7485
3 7485 3054 7484
3 7485 7484 3055
3 3059 3057 7492
3 3059 7492 7493
3 7493 7492 3058
3 3062 3060 3061
3 3065 3063 3064
3 7513 3066 3067
3 7513 3067 7505
3 7513 7505 3068
3 7521 3069 7514
3 7521 7514 3071
3 3071 7514 3070
3 7530 3072 8765
3 7530 8765 7526
3 7530 7526 3074
3 7526 8765 7525
3 7526 7525 3073
3 7525 8765 3072
3 3077 3075 7527
3 3077 7527 7528
3 7528 7527 3076
3 3080 3078 7535
3 7535 3078 7534
3 7535 7534 3079
3 7539 3081 7536
3 7539 7536 3083
3 3083 7536 3082
3 8766 8767 8768
3 7566 3084 8766
3 7566 8766 8768
3 7566 8768 3086
3 3086 8768 7559
3 7559 8768 8767
3 7559 8767 7558
3 7558 8767 7556
3 7558 7556 3085
3 7556 8767 7557
3 7557 8767 8766
3 7557 8766 3084
3 7563 3087 7561
3 7563 7561 7560
3 7563 7560 7562
3 7562 7560 3088
3 7562 3088 3089
3 3092 3090 7573
3 7573 3090 7571
3 7573 7571 7572
3 7572 7571 7570
3 7572 7570 3091
3 7579 3093 7575
3 7579 7575 8770
3 7579 8770 7578
3 7578 8770 8769
3 7578 8769 7576
3 7578 7576 3095
3 7576 8769 3094
3 3094 8769 7574
3 7574 8769 8770
3 7574 8770 7575
3 3098 3096 7581
3 3098 7581 7583
3 7583 7581 7580
3 7583 7580 7582
3 7582 7580 3097
3 7587 3099 7585
3 7587 7585 7586
3 7586 7585 7584
3 7586 7584 3101
3 3101 7584 3100
3 3104 3102 7589
3 3104 7589 7591
3 7591 7589 7588
3 7591 7588 7590
3 7590 7588 3103
3 7595 3105 7593
3 7595 7593 7592
3 7595 7592 7594
3 7594 7592 3106
3 7594 3106 3107
3 7600 3108 7597
3 7600 7597 8771
3 7600 8771 3110
3 3110 8771 7598
3 7598 8771 7596
3 7598 7596 3109
3 7596 8771 7597
3 7602 3111 7601
3 7602 7601 3113
3 3113 7601 3112
3 7604 3114 7603
3 7604 7603 3115
3 7604 3115 3116
3 7874 3117 7607
3 7874 7607 7608
3 7874 7608 3119
3 7607 3117 7605
3 7607 7605 7606
3 7606 7605 3118
3 3122 3120 7611
3 3122 7611 7614
3 7614 7611 7610
3 7614 7610 7613
3 7613 7610 7609
3 7613 7609 7612
3 7612 7609 3121
3 7892 3123 7617
3 7892 7617 8772
3 7892 8772 3125
3 3125 8772 7619
3 7619 8772 8774
3 7619 8774 7618
3 7618 8774 7615
3 7618 7615 3124
3 7615 8774 8773
3 7615 8773 7616
3 7616 8773 7617
3 7617 8773 8772
3 8772 8773 8774
3 7623 3126 7621
3 7623 7621 7622
3 7622 7621 7620
3 7622 7620 3128
3 3128 7620 3127
3 7633 3129 7625
3 7633 7625 8775
3 7633 8775 8776
3 7633 8776 7632
3 7632 8776 7627
3 7632 7627 3131
3 7627 8776 7626
3 7626 8776 8775
3 7626 8775 7624
3 7626 7624 3130
3 7624 8775 7625
3 7630 3132 7629
3 7630 7629 7628
3 7630 7628 3134
3 3134 7628 3133
3 7906 3135 7635
3 7906 7635 3137
3 3137 7635 7634
3 3137 7634 3136
3 3140 3138 7636
3 7636 3138 3139
3 3143 3141 7637
3 3143 7637 3142
3 3146 3144 7638
3 7638 3144 3145
3 3149 3147 7640
3 7640 3147 7639
3 7640 7639 3148
3 7913 3150 7646
3 7913 7646 7647
3 7913 7647 7914
3 7914 7647 3152
3 7646 3150 3151
3 3155 3153 7649
3 3155 7649 7651
3 7651 7649 7648
3 7651 7648 7650
3 7650 7648 3154
3 7656 3156 3157
3 7656 3157 7654
3 7656 7654 3158
3 7931 3159 7657
3 7931 7657 3160
3 7931 3160 3161
3 3164 3162 7658
3 7658 3162 3163
3 3167 3165 7659
3 3167 7659 3166
3 3170 3168 7660
3 7660 3168 3169
3 7941 3171 7661
3 7941 7661 3173
3 3173 7661 3172
3 3176 3174 3175
3 7950 3177 3178
3 7950 3178 7674
3 7950 7674 3179
3 3182 3180 7681
3 3182 7681 3181
3 7701 3183 3184
3 7701 3184 7684
3 7701 7684 3185
3 3188 3186 7685
3 3188 7685 7686
3 7686 7685 3187
3 7692 3189 7687
3 7692 7687 3191
3 3191 7687 3190
3 3194 3192 3193
3 3197 3195 3196
3 3200 3198 7703
3 7703 3198 7702
3 7703 7702 3199
3 7711 3201 7704
3 7711 7704 8778
3 7711 8778 7710
3 7710 8778 8777
3 7710 8777 7709
3 7709 8777 7706
3 7709 7706 3203
3 7706 8777 7705
3 7705 8777 8778
3 7705 8778 3202
3 3202 8778 7704
3 7969 3204 7714
3 7969 7714 7713
3 7969 7713 7970
3 7970 7713 7712
3 7970 7712 3206
3 3206 7712 3205
3 3209 3207 7717
3 7717 3207 3208
3 3212 3210 7718
3 3212 7718 3211
3 7996 3213 7719
3 7996 7719 7720
3 7996 7720 7997
3 7997 7720 3215
3 7719 3213 3214
3 7744 3216 8779
3 7744 8779 7725
3 7744 7725 3218
3 7725 8779 7724
3 7724 8779 7721
3 7724 7721 7723
3 7723 7721 3217
3 7721 8779 7722
3 7722 8779 3216
3 8781 8780 8782
3 8781 8782 8784
3 8784 8782 8785
3 8782 8783 8785
3 8785 8783 8786
3 8784 8785 8787
3 8787 8785 8788
3 8785 8786 8788
3 7740 3219 8780
3 7740 8780 8781
3 7740 8781 3223
3 3223 8781 8784
3 3223 8784 8387
3 8387 8784 3222
3 3222 8784 8787
3 3222 8787 7742
3 7742 8787 7736
3 7742 7736 3221
3 7736 8787 8788
3 7736 8788 7735
3 7735 8788 8786
3 7735 8786 7734
3 7734 8786 8783
3 7734 8783 3220
3 3220 8783 7731
3 7731 8783 7732
3 7732 8783 8782
3 7732 8782 8780
3 7732 8780 7733
3 7733 8780 3219
3 3226 3224 7745
3 3226 7745 7746
3 7746 7745 3225
3 7756 3227 7747
3 7756 7747 3228
3 7756 3228 3229
3 3232 3230 7761
3 7761 3230 7760
3 7761 7760 3231
3 8023 3233 8792
3 8023 8792 8024
3 8024 8792 8790
3 8024 8790 8791
3 8024 8791 8025
3 8025 8791 7765
3 8025 7765 3235
3 7765 8791 7764
3 7764 8791 8790
3 7764 8790 7763
3 7763 8790 8789
3 7763 8789 3234
3 3234 8789 7762
3 7762 8789 8792
3 7762 8792 3233
3 8792 8789 8790
3 3238 3236 7776
3 7776 3236 8793
3 7776 8793 7775
3 7775 8793 7772
3 7775 7772 7774
3 7774 7772 7771
3 7774 7771 3237
3 7772 8793 7773
3 7773 8793 3236
3 3241 3239 7779
3 3241 7779 7781
3 7781 7779 7778
3 7781 7778 7780
3 7780 7778 7777
3 7780 7777 3240
3 3244 3242 7785
3 7785 3242 7783
3 7785 7783 7784
3 7784 7783 7782
3 7784 7782 3243
3 8052 3245 7788
3 8052 7788 7789
3 8052 7789 8053
3 8053 7789 3247
3 7788 3245 3246
3 3250 3248 7794
3 7794 3248 7791
3 7794 7791 7793
3 7793 7791 7790
3 7793 7790 7792
3 7792 7790 3249
3 3253 3251 7800
3 7800 3251 3252
3 3256 3254 7801
3 3256 7801 3255
3 7835 3257 3258
3 7835 3258 7818
3 7835 7818 3259
3 3262 3260 7823
3 7823 3260 7822
3 7823 7822 3261
3 3265 3263 7824
3 3265 7824 7825
3 7825 7824 3264
3 8062 3266 7836
3 8062 7836 3267
3 8062 3267 3268
3 8064 3269 3270
3 8064 3270 7839
3 8064 7839 3271
3 8070 3272 7840
3 8070 7840 3274
3 3274 7840 3273
3 3277 3275 7841
3 7841 3275 3276
3 3280 3278 7842
3 3280 7842 3279
3 3283 3281 3282
3 3286 3284 3285
3 7857 3287 7849
3 7857 7849 7850
3 7857 7850 7856
3 7856 7850 7851
3 7856 7851 7855
3 7855 7851 3289
3 7849 3287 3288
3 7863 3290 7860
3 7863 7860 7859
3 7863 7859 7862
3 7862 7859 7858
3 7862 7858 7861
3 7861 7858 3291
3 7861 3291 3292
3 8084 3293 7866
3 8084 7866 7865
3 8084 7865 3295
3 3295 7865 7867
3 7867 7865 7864
3 7867 7864 3294
3 7870 3296 7868
3 7870 7868 7869
3 7869 7868 3297
3 7869 3297 3298
3 3301 3299 7872
3 3301 7872 7873
3 7873 7872 7871
3 7873 7871 3300
3 8098 3302 3303
3 8098 3303 7877
3 8098 7877 8099
3 8099 7877 7878
3 8099 7878 3304
3 3307 3305 7882
3 7882 3305 7880
3 7882 7880 7881
3 7881 7880 7879
3 7881 7879 3306
3 7887 3308 7884
3 7887 7884 7886
3 7886 7884 7883
3 7886 7883 7885
3 7885 7883 3309
3 7885 3309 3310
3 8795 8794 8796
3 3315 3311 7890
3 3315 7890 8794
3 3315 8794 8389
3 8389 8794 8795
3 8389 8795 8388
3 8388 8795 8797
3 8388 8797 3314
3 3314 8797 3313
3 3313 8797 7891
3 7891 8797 8796
3 7891 8796 3312
3 3312 8796 7888
3 7888 8796 8794
3 7888 8794 7889
3 7889 8794 7890
3 8796 8797 8795
3 8107 3316 3315
3 8107 3315 8389
3 8107 8389 3318
3 3318 8389 8388
3 3318 8388 7894
3 7894 8388 3314
3 7894 3314 7893
3 7893 3314 3317
3 3321 3319 7896
3 3321 7896 7897
3 7897 7896 7895
3 7897 7895 3320
3 3324 3322 7900
3 7900 3322 7898
3 7900 7898 7899
3 7899 7898 3323
3 7908 3325 7902
3 7908 7902 8798
3 7908 8798 7907
3 7907 8798 7903
3 7907 7903 3327
3 7903 8798 7901
3 7903 7901 3326
3 7901 8798 7902
3 3330 3328 7904
3 3330 7904 7905
3 7905 7904 3329
3 3333 3331 7912
3 7912 3331 7910
3 7912 7910 7911
3 7911 7910 7909
3 7911 7909 3332
3 3336 3334 3335
3 3339 3337 7915
3 7915 3337 3338
3 8116 3340 7919
3 8116 7919 8799
3 8116 8799 8117
3 8117 8799 7921
3 8117 7921 3342
3 7921 8799 7920
3 7920 8799 7919
3 7920 7919 3341
3 3345 3343 7926
3 7926 3343 7923
3 7926 7923 7925
3 7925 7923 7922
3 7925 7922 7924
3 7924 7922 3344
3 3348 3346 7929
3 3348 7929 7928
3 3348 7928 7930
3 7930 7928 7927
3 7930 7927 3347
3 8120 3349 3350
3 8120 3350 7932
3 8120 7932 8121
3 8121 7932 7933
3 8121 7933 3351
3 8131 3352 7935
3 8131 7935 7934
3 8131 7934 3354
3 3354 7934 3353
3 3357 3355 3356
3 7942 3358 3359
3 7942 3359 7940
3 7942 7940 3360
3 8174 3361 7943
3 8174 7943 7944
3 8174 7944 3363
3 7944 7943 3362
3 3366 3364 7949
3 7949 3364 7948
3 7949 7948 3365
3 3369 3367 3368
3 8180 3370 3371
3 8180 3371 3372
3 7971 3373 7962
3 7971 7962 3375
3 7962 3373 7961
3 7961 3373 3374
3 7968 3376 7964
3 7968 7964 7963
3 7968 7963 7967
3 7967 7963 3377
3 7967 3377 3378
3 7975 3379 7972
3 7975 7972 3380
3 7975 3380 3381
3 3384 3382 7977
3 7977 3382 7976
3 7977 7976 3383
3 3387 3385 7981
3 3387 7981 7982
3 7982 7981 3386
3 8138 3388 7986
3 8138 7986 7987
3 8138 7987 3390
3 7987 7986 3389
3 3393 3391 7991
3 3393 7991 3392
3 7998 3394 7994
3 7998 7994 7995
3 7998 7995 3396
3 7994 3394 3395
3 8002 3397 7999
3 8002 7999 3399
3 3399 7999 3398
3 3402 3400 8003
3 3402 8003 3401
3 3405 3403 3404
3 3408 3406 3407
3 8153 3409 3410
3 8153 3410 8008
3 8153 8008 8154
3 8154 8008 8009
3 8154 8009 3411
3 8017 3412 8011
3 8017 8011 8010
3 8017 8010 8016
3 8016 8010 3413
3 8016 3413 3414
3 8026 3415 8800
3 8026 8800 8022
3 8026 8022 3417
3 8022 8800 8021
3 8021 8800 8019
3 8021 8019 8020
3 8020 8019 8018
3 8020 8018 3416
3 8019 8800 3415
3 8168 3418 8027
3 8168 8027 3420
3 3420 8027 3419
3 3423 3421 3422
3 3426 3424 3425
3 8066 3427 3428
3 8066 3428 3429
3 8056 3430 8037
3 8056 8037 8038
3 8056 8038 3432
3 8037 3430 8036
3 8036 3430 3431
3 3435 3433 8041
3 3435 8041 8043
3 8043 8041 8040
3 8043 8040 8042
3 8042 8040 8039
3 8042 8039 3434
3 3438 3436 8045
3 3438 8045 8044
3 3438 8044 8046
3 8046 8044 3437
3 8048 3439 8047
3 8048 8047 3440
3 8048 3440 3441
3 3444 3442 8051
3 8051 3442 8049
3 8051 8049 8050
3 8050 8049 3443
3 3447 3445 8058
3 8058 3445 8057
3 8058 8057 3446
3 8065 3448 8063
3 8065 8063 3450
3 8063 3448 3449
3 3453 3451 3452
3 3456 3454 8069
3 8069 3454 3455
3 3459 3457 3458
3 3462 3460 3461
3 3465 3463 8079
3 8079 3463 3464
3 8160 3466 8080
3 8160 8080 3467
3 8160 3467 3468
3 8085 3469 8083
3 8085 8083 3471
3 8083 3469 3470
3 8164 3472 8089
3 8164 8089 8801
3 8164 8801 3529
3 3529 8801 8390
3 8390 8801 8090
3 8390 8090 8091
3 8390 8091 3530
3 3530 8091 8162
3 8162 8091 8092
3 8162 8092 3474
3 8090 8801 8802
3 8090 8802 3473
3 3473 8802 8089
3 8089 8802 8801
3 3477 3475 8095
3 3477 8095 8097
3 8097 8095 8094
3 8097 8094 8096
3 8096 8094 8093
3 8096 8093 3476
3 3480 3478 3479
3 8122 3481 3482
3 8122 3482 3483
3 8104 3484 3485
3 8104 3485 3486
3 3489 3487 8105
3 3489 8105 3488
3 8108 3490 8106
3 8108 8106 3492
3 8106 3490 3491
3 3495 3493 8111
3 8111 3493 8109
3 8111 8109 8110
3 8110 8109 3494
3 8119 3496 8113
3 8119 8113 8803
3 8119 8803 8118
3 8118 8803 8115
3 8118 8115 3498
3 8115 8803 8114
3 8114 8803 8112
3 8114 8112 3497
3 8112 8803 8113
3 8148 3499 8123
3 8148 8123 3501
3 3501 8123 3500
3 8150 3502 8128
3 8150 8128 3504
3 8128 3502 3503
3 3507 3505 8130
3 8130 3505 8129
3 8130 8129 3506
3 8149 3508 8132
3 8149 8132 3510
3 8132 3508 3509
3 8139 3511 8136
3 8139 8136 8137
3 8139 8137 3513
3 8137 8136 3512
3 8143 3514 8140
3 8143 8140 8141
3 8143 8141 3516
3 8141 8140 3515
3 3519 3517 8142
3 3519 8142 3518
3 8147 3520 8144
3 8147 8144 3522
3 3522 8144 3521
3 8156 3523 8151
3 8156 8151 8152
3 8156 8152 8155
3 8155 8152 3525
3 8151 3523 3524
3 8161 3526 8158
3 8161 8158 8157
3 8161 8157 3530
3 3530 8157 8804
3 3530 8804 8390
3 8390 8804 3529
3 3529 8804 8163
3 8163 8804 8159
3 8163 8159 3528
3 8159 8804 3527
3 3527 8804 8157
3 3533 3531 8165
3 8165 3531 3532
3 3536 3534 8167
3 8167 3534 8166
3 8167 8166 3535
3 8177 3537 3538
3 8177 3538 8171
3 8177 8171 3539
3 8176 3540 8172
3 8176 8172 3542
3 3542 8172 3541
3 3545 3543 3544
3 8175 3546 8173
3 8175 8173 3548
3 8173 3546 3547
3 3551 3549 8178
3 3551 8178 8179
3 8179 8178 3550
3 8242 3552 8230
3 8242 8230 3554
3 3554 8230 8231
3 8231 8230 3553
3 8238 3555 8236
3 8238 8236 3557
3 8236 3555 8235
3 8236 8235 3556
3 3560 3558 3559
3 3563 3561 8257
3 8257 3561 3562
3 8354 625 621
3 8354 621 620
3 621 625 623
3 627 619 8355
3 627 8355 624
3 8363 1141 1137
3 8363 1137 1136
3 1137 1141 1139
3 1143 1135 8364
3 1143 8364 1140
3 8395 3578 8391
3 8395 8391 619
3 8395 619 632
3 632 619 630
3 2620 2623 2625
3 2620 2625 8397
3 8397 2625 8403
3 8397 8403 3580
3 2628 2629 8403
3 2628 8403 2625
3 8403 2629 3580
3 3580 2629 8398
3 8398 2629 2636
3 8398 2636 8405
3 8398 8405 3581
3 8806 8805 8808
3 8805 8807 8808
3 8808 8807 4
3 8808 4 0
3 8808 0 8806
3 8806 0 19
3 8806 19 3599
3 8806 3599 3597
3 8806 3597 8805
3 8805 3597 3595
3 8805 3595 3587
3 8805 3587 8807
3 8807 3587 7
3 8807 7 4
3 3587 3595 10
3 10 3595 16
3 10 16 13
3 3 40 8811
3 3 8811 1
3 1 8811 29
3 29 8811 8810
3 29 8810 31
3 31 8810 3612
3 3612 8810 8809
3 3612 8809 34
3 34 8809 37
3 37 8809 3614
3 3614 8809 8810
3 3614 8810 3616
3 3616 8810 8811
3 3616 8811 40
3 6 46 3622
3 6 3622 8812
3 6 8812 5
3 5 8812 41
3 41 8812 3618
3 3618 8812 3620
3 3618 3620 43
3 3620 8812 3622
3 9 49 8813
3 9 8813 3589
3 3589 8813 8
3 8 8813 47
3 47 8813 49
3 12 55 11
3 11 55 3625
3 11 3625 50
3 50 3625 52
3 15 58 56
3 15 56 14
3 8816 8815 8818
3 8816 8818 8819
3 8817 8816 8819
3 8817 8819 8820
3 8817 8820 3637
3 8817 3637 3635
3 8817 3635 8816
3 8816 3635 3633
3 8816 3633 8815
3 8815 3633 64
3 8815 64 8814
3 8815 8814 8818
3 8818 8814 3598
3 8818 3598 3600
3 8818 3600 8819
3 8819 3600 8820
3 8820 3600 18
3 8820 18 21
3 8820 21 67
3 8820 67 3637
3 3598 8814 3596
3 3596 8814 61
3 3596 61 59
3 3596 59 17
3 61 8814 64
3 2 28 3606
3 2 3606 20
3 20 3606 25
3 20 25 22
3 24 70 68
3 24 68 23
3 27 30 8823
3 27 8823 3608
3 3608 8823 3663
3 3608 3663 3661
3 3608 3661 8822
3 3608 8822 26
3 26 8822 8821
3 26 8821 71
3 71 8821 3643
3 3643 8821 3655
3 3643 3655 3653
3 3643 3653 73
3 73 3653 76
3 76 3653 79
3 3655 8821 3657
3 3657 8821 8822
3 3657 8822 3659
3 3659 8822 3661
3 3663 8823 3665
3 3665 8823 30
3 3665 30 82
3 33 88 3667
3 33 3667 3613
3 3613 3667 83
3 3613 83 32
3 83 3667 85
3 36 103 100
3 36 100 97
3 36 97 89
3 36 89 35
3 89 97 91
3 91 97 94
3 3619 42 3617
3 3619 3617 39
3 3617 42 3615
3 3615 42 38
3 38 42 106
3 38 106 104
3 8826 8825 8827
3 8826 8827 45
3 8826 45 48
3 8826 48 3733
3 8826 3733 3730
3 8826 3730 8825
3 8825 3730 8824
3 8825 8824 112
3 8825 112 3699
3 8825 3699 8827
3 8827 3699 3623
3 8827 3623 45
3 3623 3699 3621
3 3621 3699 3696
3 3621 3696 44
3 44 3696 109
3 44 109 107
3 112 8824 115
3 115 8824 118
3 118 8824 3727
3 118 3727 3708
3 3708 3727 3724
3 3708 3724 3711
3 3711 3724 121
3 121 3724 124
3 124 3724 127
3 3727 8824 3730
3 3733 48 51
3 3733 51 130
3 54 57 3746
3 54 3746 3627
3 3627 3746 8828
3 3627 8828 53
3 53 8828 131
3 131 8828 3742
3 131 3742 126
3 126 3742 125
3 3742 8828 133
3 133 8828 3746
3 3746 57 60
3 63 139 3751
3 63 3751 62
3 62 3751 3747
3 3747 3751 136
3 3747 136 134
3 66 69 3638
3 3638 69 3646
3 3638 3646 3636
3 3636 3646 8829
3 3636 8829 3634
3 3634 8829 142
3 3634 142 140
3 3634 140 65
3 142 8829 72
3 72 8829 3646
3 3772 151 145
3 3772 145 143
3 3772 143 75
3 75 143 74
3 145 151 148
3 78 157 3774
3 78 3774 77
3 3774 157 3776
3 3774 3776 152
3 152 3776 154
3 160 158 163
3 84 169 81
3 8830 8832 8833
3 8831 8830 8833
3 8831 8833 8834
3 8832 8835 8836
3 8833 8832 8836
3 8833 8836 8837
3 8834 8833 8837
3 8834 8837 8838
3 8836 8835 8840
3 8842 8841 8846
3 8842 8846 8847
3 8843 8842 8847
3 8844 8843 8847
3 8844 8847 8848
3 8845 8844 8848
3 8846 8850 8851
3 8847 8846 8851
3 8848 8847 8851
3 8848 8851 8852
3 8850 8849 8853
3 8851 8850 8853
3 8852 8851 8853
3 8852 8853 3664
3 8852 3664 3666
3 8852 3666 8848
3 8848 3666 81
3 8848 81 8845
3 8845 81 169
3 8845 169 166
3 8845 166 8844
3 8844 166 3792
3 8844 3792 8843
3 8843 3792 3790
3 8843 3790 8842
3 8842 3790 3788
3 8842 3788 8841
3 8841 3788 8279
3 8841 8279 8277
3 8841 8277 8846
3 8846 8277 8850
3 8850 8277 3564
3 8850 3564 8849
3 8849 3564 8285
3 8849 8285 3660
3 8849 3660 3662
3 8849 3662 8853
3 8853 3662 3664
3 3660 8285 3658
3 3658 8285 8840
3 3658 8840 3656
3 3656 8840 8835
3 3656 8835 3654
3 3654 8835 8832
3 3654 8832 80
3 80 8832 8830
3 80 8830 158
3 158 8830 163
3 163 8830 8831
3 163 8831 3780
3 3780 8831 8834
3 3780 8834 3782
3 3782 8834 8838
3 3782 8838 8839
3 3782 8839 3784
3 3784 8839 3786
3 3786 8839 8279
3 3786 8279 3788
3 8279 8839 8281
3 8281 8839 8838
3 8281 8838 8837
3 8281 8837 8283
3 8283 8837 8836
3 8283 8836 8840
3 8283 8840 8285
3 170 86 3796
3 87 90 8854
3 87 8854 3668
3 3668 8854 3796
3 3668 3796 86
3 3796 8854 3798
3 3798 8854 90
3 3798 90 3800
3 3798 3800 172
3 172 3800 175
3 3813 184 178
3 3813 178 176
3 3813 176 3801
3 3813 3801 93
3 93 3801 92
3 178 184 181
3 96 199 8856
3 96 8856 95
3 95 8856 8855
3 95 8855 3817
3 3817 8855 185
3 185 8855 190
3 185 190 187
3 190 8855 193
3 193 8855 8856
3 193 8856 3826
3 193 3826 196
3 3826 8856 199
3 99 202 200
3 99 200 98
3 8858 8857 8859
3 8858 8859 8860
3 8858 8860 114
3 8858 114 220
3 8858 220 217
3 8858 217 8857
3 8857 217 208
3 8857 208 205
3 8857 205 8859
3 8859 205 8862
3 8859 8862 8270
3 8859 8270 8860
3 8860 8270 113
3 8860 113 114
3 8270 8862 8273
3 8273 8862 8861
3 8273 8861 108
3 108 8861 203
3 108 203 101
3 108 101 105
3 105 101 102
3 203 8861 8862
3 203 8862 205
3 208 217 214
3 208 214 211
3 8275 110 3698
3 8275 3698 8863
3 8275 8863 8272
3 8272 8863 3701
3 8272 3701 111
3 3701 8863 3698
3 117 221 116
3 8864 8866 8867
3 8864 8867 8868
3 8866 8870 8871
3 8867 8866 8871
3 8867 8871 8872
3 8868 8867 8872
3 8868 8872 8873
3 8865 8868 8873
3 8865 8873 8869
3 8871 8870 8874
3 8871 8874 8875
3 8872 8871 8875
3 8872 8875 8873
3 8873 8875 3710
3 8873 3710 3713
3 8873 3713 8869
3 8869 3713 120
3 8869 120 248
3 8869 248 8865
3 8865 248 235
3 8865 235 3864
3 8865 3864 8864
3 8865 8864 8868
3 8864 3864 232
3 8864 232 8866
3 8866 232 229
3 8866 229 226
3 8866 226 8870
3 8870 226 223
3 8870 223 218
3 8870 218 8874
3 8874 218 219
3 8874 219 119
3 8874 119 8875
3 8875 119 3710
3 235 248 243
3 235 243 238
3 8877 8876 8879
3 8877 8879 8880
3 8878 8877 8880
3 8878 8880 8881
3 8878 8881 3889
3 8878 3889 259
3 8878 259 8877
3 8877 259 256
3 8877 256 8876
3 8876 256 253
3 8876 253 249
3 8876 249 122
3 8876 122 8879
3 8879 122 123
3 8879 123 3744
3 8879 3744 8880
3 8880 3744 8881
3 8881 3744 132
3 8881 132 262
3 8881 262 3889
3 262 132 135
3 262 135 265
3 8882 8883 8884
3 8882 8884 128
3 8882 128 3726
3 8882 3726 3729
3 8882 3729 8883
3 8883 3729 3732
3 8883 3732 8884
3 8884 3732 3735
3 8884 3735 129
3 8884 129 128
3 8885 8890 8891
3 8886 8885 8891
3 8889 8888 8892
3 8889 8892 8893
3 8890 8889 8893
3 8890 8893 141
3 8890 141 8891
3 8891 141 144
3 8891 144 8887
3 8891 8887 8886
3 8886 8887 274
3 8886 274 271
3 8886 271 8885
3 8885 271 8889
3 8885 8889 8890
3 8889 271 268
3 8889 268 8888
3 8888 268 266
3 8888 266 137
3 8888 137 3753
3 8888 3753 8892
3 8892 3753 138
3 8892 138 8893
3 8893 138 141
3 274 8887 277
3 277 8887 280
3 280 8887 144
3 147 292 286
3 147 286 281
3 147 281 146
3 281 286 283
3 286 292 289
3 150 153 149
3 149 153 298
3 149 298 293
3 293 298 295
3 156 159 3777
3 3931 304 3929
3 3931 3929 8894
3 3931 8894 3933
3 3933 8894 3777
3 3933 3777 159
3 3777 8894 155
3 155 8894 299
3 299 8894 3929
3 3929 304 301
3 3941 307 3939
3 3941 3939 8896
3 3941 8896 162
3 162 8896 8895
3 162 8895 161
3 161 8895 3934
3 3934 8895 3932
3 3932 8895 3935
3 3932 3935 305
3 3935 8895 3937
3 3937 8895 8896
3 3937 8896 3939
3 316 313 3951
3 8900 8899 8901
3 8900 8901 8902
3 8900 8902 313
3 8900 313 3947
3 8900 3947 8899
3 8899 3947 3944
3 8899 3944 8898
3 8899 8898 3787
3 8899 3787 3789
3 8899 3789 8901
3 8901 3789 3791
3 8901 3791 8902
3 8902 3791 3793
3 8902 3793 3951
3 8902 3951 313
3 3951 3793 165
3 3787 8898 3785
3 3785 8898 3783
3 3783 8898 8897
3 3783 8897 3781
3 3781 8897 3942
3 3781 3942 164
3 3942 8897 308
3 308 8897 310
3 310 8897 3944
3 3944 8897 8898
3 3799 171 3957
3 3799 3957 8903
3 3799 8903 3797
3 3797 8903 167
3 3797 167 168
3 167 8903 3952
3 3952 8903 3953
3 3952 3953 317
3 3953 8903 3955
3 3955 8903 3957
3 314 315 3959
3 8907 8908 8909
3 8909 8908 8910
3 8909 8910 3956
3 8909 3956 3958
3 8909 3958 173
3 8909 173 3979
3 8909 3979 3977
3 8909 3977 8907
3 8907 3977 3975
3 8907 3975 3963
3 8907 3963 3961
3 8907 3961 8908
3 8908 3961 3959
3 8908 3959 8910
3 8910 3959 3954
3 8910 3954 3956
3 3954 3959 315
3 3963 3975 3973
3 3963 3973 3965
3 3965 3973 8905
3 3965 8905 3967
3 3967 8905 8906
3 3967 8906 3940
3 3967 3940 306
3 3967 306 309
3 3940 8906 3938
3 3938 8906 3936
3 3936 8906 8904
3 3936 8904 3971
3 3936 3971 303
3 303 3971 302
3 302 3971 319
3 3971 8904 8905
3 3971 8905 3973
3 8905 8904 8906
3 3979 173 174
3 3979 174 177
3 180 322 8911
3 180 8911 3980
3 180 3980 179
3 3980 8911 3978
3 3978 8911 3976
3 3976 8911 3974
3 3974 8911 3972
3 3972 8911 322
3 3972 322 320
3 183 186 182
3 182 186 331
3 182 331 323
3 323 331 328
3 323 328 325
3 331 186 334
3 352 349 4015
3 8913 8912 8914
3 8913 8914 8915
3 8913 8915 343
3 8913 343 340
3 8913 340 8912
3 8912 340 337
3 8912 337 335
3 8912 335 188
3 8912 188 8914
3 8914 188 189
3 8914 189 355
3 8914 355 4017
3 8914 4017 8915
3 8915 4017 4015
3 8915 4015 8916
3 8915 8916 343
3 343 8916 346
3 346 8916 349
3 349 8916 4015
3 192 356 191
3 195 361 8917
3 195 8917 194
3 194 8917 4018
3 194 4018 354
3 4018 8917 4016
3 4016 8917 353
3 353 8917 358
3 358 8917 361
3 8918 8927 8928
3 8919 8918 8928
3 8920 8919 8928
3 8920 8928 8929
3 8921 8920 8929
3 8921 8929 8930
3 8922 8921 8930
3 8923 8922 8930
3 8923 8930 8931
3 8924 8923 8931
3 8925 8924 8931
3 8926 8925 8931
3 8927 8926 8932
3 8928 8927 8932
3 8929 8928 8932
3 8930 8929 8932
3 8931 8930 8932
3 8926 8931 8932
3 8925 8926 201
3 8925 201 204
3 8925 204 370
3 8925 370 8924
3 8924 370 367
3 8924 367 8923
3 8923 367 4036
3 8923 4036 8922
3 8922 4036 364
3 8922 364 8921
3 8921 364 4032
3 8921 4032 8920
3 8920 4032 362
3 8920 362 8919
3 8919 362 197
3 8919 197 3828
3 8919 3828 8918
3 8918 3828 198
3 8918 198 8927
3 8927 198 201
3 8927 201 8926
3 207 373 4040
3 207 4040 206
3 206 4040 371
3 379 376 210
3 210 376 374
3 210 374 209
3 213 224 380
3 213 380 212
3 380 224 382
3 382 224 385
3 385 224 225
3 385 225 388
3 216 222 215
3 228 391 227
3 227 391 389
3 231 397 230
3 230 397 394
3 230 394 392
3 234 403 400
3 234 400 4063
3 234 4063 3867
3 3867 4063 233
3 233 4063 398
3 237 409 236
3 236 409 4075
3 236 4075 404
3 404 4075 406
3 242 415 239
3 239 415 410
3 410 415 412
3 247 252 418
3 247 418 244
3 244 418 416
3 4117 427 4115
3 4117 4115 8933
3 4117 8933 4119
3 4119 8933 4109
3 4119 4109 8934
3 4119 8934 4121
3 4121 8934 255
3 255 8934 254
3 254 8934 419
3 419 8934 4109
3 4109 8933 421
3 421 8933 4113
3 421 4113 424
3 4113 8933 4115
3 8935 8936 8937
3 8937 8936 8938
3 8937 8938 8939
3 8937 8939 4129
3 8937 4129 4127
3 8937 4127 8935
3 8935 4127 4125
3 8935 4125 428
3 8935 428 4118
3 8935 4118 4120
3 8935 4120 8936
3 8936 4120 4122
3 8936 4122 8938
3 8938 4122 257
3 8938 257 258
3 8938 258 8939
3 8939 258 8940
3 8939 8940 4129
3 4129 8940 4131
3 4131 8940 439
3 4131 439 436
3 4131 436 433
3 439 8940 258
3 428 4125 430
3 4137 440 3891
3 4137 3891 261
3 3891 440 260
3 8942 8941 8944
3 8942 8944 8945
3 8941 8943 8944
3 8945 8944 8946
3 8945 8946 8947
3 8945 8947 8265
3 8945 8265 8942
3 8942 8265 4139
3 8942 4139 445
3 8942 445 8941
3 8941 445 442
3 8941 442 8943
3 8943 442 437
3 8943 437 438
3 8943 438 4138
3 8943 4138 8944
3 8944 4138 8946
3 8946 4138 263
3 8946 263 264
3 8946 264 8947
3 8947 264 267
3 8947 267 8265
3 4139 8265 8263
3 4139 8263 4141
3 4141 8263 448
3 448 8263 8261
3 448 8261 4144
3 4144 8261 272
3 4144 272 451
3 451 272 273
3 451 273 454
3 8266 269 8948
3 8266 8948 8264
3 8264 8948 8262
3 8262 8948 8949
3 8262 8949 270
3 270 8949 269
3 269 8949 8948
3 276 457 455
3 276 455 275
3 279 282 458
3 279 458 278
3 4160 469 8951
3 4160 8951 284
3 4160 284 285
3 284 8951 456
3 456 8951 453
3 453 8951 8950
3 453 8950 452
3 452 8950 460
3 460 8950 463
3 463 8950 466
3 466 8950 469
3 469 8950 8951
3 288 481 287
3 287 481 8953
3 287 8953 8952
3 287 8952 4161
3 4161 8952 4162
3 4161 4162 470
3 4162 8952 472
3 472 8952 475
3 475 8952 8953
3 475 8953 4167
3 4167 8953 8954
3 4167 8954 478
3 478 8954 481
3 481 8954 8953
3 291 294 290
3 290 294 482
3 482 294 484
3 3930 300 485
3 3930 485 296
3 3930 296 297
3 485 300 318
3 485 318 324
3 324 318 321
3 8956 8955 8958
3 8956 8958 8959
3 8957 8956 8959
3 8957 8959 8960
3 8960 8959 8961
3 8960 8961 3960
3 8960 3960 3962
3 8960 3962 8957
3 8957 3962 3964
3 8957 3964 3966
3 8957 3966 8956
3 8956 3966 8955
3 8955 3966 3968
3 8955 3968 311
3 8955 311 3946
3 8955 3946 8958
3 8958 3946 3949
3 8958 3949 8959
3 8959 3949 8961
3 8961 3949 312
3 8961 312 3960
3 495 492 498
3 327 498 479
3 327 479 326
3 326 479 483
3 483 479 480
3 479 498 489
3 489 498 492
3 330 504 8962
3 330 8962 329
3 329 8962 499
3 499 8962 501
3 501 8962 504
3 333 336 505
3 333 505 332
3 8964 8963 8965
3 8964 8965 8966
3 8965 8967 8968
3 8966 8965 8968
3 8966 8968 513
3 8966 513 8964
3 8964 513 510
3 8964 510 4213
3 8964 4213 8963
3 8963 4213 4211
3 8963 4211 507
3 8963 507 502
3 8963 502 8965
3 8965 502 8967
3 8967 502 503
3 8967 503 338
3 8967 338 8968
3 8968 338 339
3 8968 339 516
3 8968 516 513
3 342 519 4226
3 342 4226 341
3 341 4226 517
3 4234 525 520
3 4234 520 345
3 345 520 344
3 520 525 522
3 4252 540 4250
3 4252 4250 537
3 4252 537 8969
3 4252 8969 4235
3 4252 4235 347
3 4252 347 348
3 4235 8969 526
3 526 8969 528
3 528 8969 534
3 528 534 531
3 534 8969 537
3 350 351 4253
3 351 357 8971
3 351 8971 8970
3 351 8970 4253
3 4253 8970 541
3 541 8970 8971
3 541 8971 543
3 543 8971 546
3 546 8971 357
3 4034 363 549
3 4034 549 547
3 4034 547 359
3 4034 359 360
3 549 363 552
3 552 363 555
3 366 558 4037
3 4037 558 556
3 4037 556 365
3 8972 8975 8976
3 8973 8972 8976
3 8973 8976 8977
3 8974 8973 8977
3 8975 8978 8979
3 8976 8975 8979
3 8976 8979 8980
3 8977 8976 8980
3 8977 8980 4041
3 8977 4041 372
3 8977 372 8974
3 8974 372 578
3 8974 578 4293
3 8974 4293 8973
3 8973 4293 575
3 8973 575 8972
3 8972 575 567
3 8972 567 564
3 8972 564 8975
3 8975 564 4273
3 8975 4273 8978
3 8978 4273 561
3 8978 561 368
3 8978 368 8979
3 8979 368 369
3 8979 369 8980
3 8980 369 4041
3 368 561 559
3 567 575 572
3 578 372 375
3 378 381 579
3 378 579 377
3 384 590 4307
3 384 4307 8982
3 384 8982 383
3 383 8982 577
3 577 8982 8981
3 577 8981 4296
3 4296 8981 584
3 4296 584 576
3 576 584 581
3 584 8981 587
3 587 8981 4305
3 4305 8981 8982
3 4305 8982 4307
3 387 390 591
3 387 591 386
3 591 390 593
3 593 390 393
3 4065 399 4347
3 4065 4347 4309
3 4065 4309 596
3 4065 596 396
3 396 596 594
3 396 594 395
3 4309 4347 4311
3 4311 4347 4313
3 4313 4347 4345
3 4313 4345 4315
3 4315 4345 4343
3 4315 4343 4317
3 4317 4343 4341
3 4317 4341 599
3 599 4341 4339
3 599 4339 602
3 602 4339 4337
3 602 4337 4325
3 4325 4337 611
3 4325 611 605
3 605 611 608
3 8984 8983 8987
3 8985 8984 8988
3 8985 8988 8989
3 8983 8986 8987
3 8987 8986 8990
3 8987 8990 630
3 8987 630 627
3 8987 627 8984
3 8984 627 8988
3 8988 627 622
3 8988 622 4350
3 8988 4350 8989
3 8989 4350 612
3 8989 612 4338
3 8989 4338 4340
3 8989 4340 8985
3 8985 4340 4342
3 8985 4342 8984
3 8984 4342 8983
3 8983 4342 4344
3 8983 4344 4346
3 8983 4346 8986
3 8986 4346 4348
3 8986 4348 8990
3 8990 4348 401
3 8990 401 402
3 8990 402 405
3 8990 405 630
3 4350 622 614
3 614 622 617
3 408 411 4080
3 4080 411 422
3 4080 422 407
3 407 422 423
3 407 423 644
3 407 644 631
3 631 644 635
3 635 644 638
3 638 644 641
3 414 417 8991
3 414 8991 413
3 413 8991 420
3 420 8991 4110
3 4110 8991 417
3 426 429 8993
3 426 8993 4116
3 4116 8993 4362
3 4116 4362 4360
3 4116 4360 4114
3 4114 4360 645
3 4114 645 425
3 4362 8993 8992
3 4362 8992 4364
3 4364 8992 4378
3 4364 4378 4376
3 4364 4376 4370
3 4364 4370 650
3 4364 650 647
3 4370 4376 653
3 653 4376 656
3 4378 8992 4380
3 4380 8992 659
3 659 8992 8993
3 659 8993 429
3 8996 8995 8998
3 8996 8998 8999
3 8996 8999 8997
3 8996 8997 662
3 8996 662 4385
3 8996 4385 8995
3 8995 4385 660
3 8995 660 8994
3 8995 8994 4126
3 8995 4126 4128
3 8995 4128 8998
3 8998 4128 4130
3 8998 4130 8999
3 8999 4130 4132
3 8999 4132 8997
3 8997 4132 432
3 8997 432 668
3 8997 668 665
3 8997 665 662
3 4126 8994 431
3 431 8994 660
3 435 441 434
3 434 441 669
3 444 671 9000
3 444 9000 443
3 443 9000 667
3 667 9000 666
3 666 9000 671
3 4399 677 9001
3 4399 9001 4142
3 4399 4142 447
3 4142 9001 4140
3 4140 9001 446
3 446 9001 672
3 672 9001 674
3 674 9001 677
3 450 459 4146
3 4146 459 9002
3 4146 9002 449
3 449 9002 4400
3 4400 9002 4401
3 4400 4401 678
3 4401 9002 4403
3 4403 9002 459
3 4407 686 4404
3 4407 4404 462
3 462 4404 461
3 4404 686 4402
3 4402 686 9003
3 4402 9003 676
3 676 9003 675
3 675 9003 680
3 680 9003 683
3 683 9003 686
3 4409 692 9004
3 4409 9004 465
3 465 9004 464
3 464 9004 4408
3 4408 9004 689
3 4408 689 687
3 689 9004 692
3 4163 471 698
3 4163 698 4415
3 4163 4415 468
3 468 4415 4413
3 468 4413 4410
3 468 4410 467
3 4410 4413 695
3 4410 695 693
3 9007 9009 9010
3 9010 9009 9012
3 9010 9012 4456
3 9010 4456 4454
3 9010 4454 9011
3 9010 9011 4427
3 9010 4427 4424
3 9010 4424 9007
3 9007 4424 4421
3 9007 4421 4419
3 9007 4419 9009
3 9009 4419 4417
3 9009 4417 9012
3 9012 4417 699
3 9012 699 473
3 9012 473 474
3 9012 474 4456
3 4421 4424 701
3 701 4424 704
3 4427 9011 4430
3 4430 9011 4452
3 4430 4452 9008
3 4430 9008 4433
3 4433 9008 9005
3 4433 9005 4436
3 4436 9005 9006
3 4436 9006 4440
3 4436 4440 710
3 4436 710 707
3 4440 9006 4442
3 4442 9006 4444
3 4444 9006 4448
3 4444 4448 713
3 713 4448 716
3 716 4448 719
3 4448 9006 9005
3 4448 9005 4450
3 4450 9005 9008
3 4450 9008 4452
3 4452 9011 4454
3 8287 3566 4449
3 8287 4449 8288
3 8288 4449 4451
3 8288 4451 9013
3 8288 9013 477
3 8288 477 8289
3 8289 477 8290
3 8290 477 488
3 8290 488 8291
3 8291 488 3566
3 3566 488 720
3 3566 720 4449
3 477 9013 9015
3 477 9015 4169
3 4169 9015 9014
3 4169 9014 476
3 476 9014 4457
3 4457 9014 4455
3 4455 9014 9015
3 4455 9015 4453
3 4453 9015 9013
3 4453 9013 4451
3 491 618 718
3 491 718 490
3 718 618 717
3 717 618 621
3 494 615 493
3 493 615 616
3 8296 3567 496
3 8296 496 8295
3 8295 496 497
3 8295 497 8294
3 8294 497 8293
3 8293 497 500
3 8293 500 8292
3 8292 500 4352
3 8292 4352 3567
3 3567 4352 613
3 3567 613 496
3 4352 500 506
3 4352 506 610
3 610 506 609
3 509 751 4214
3 4214 751 748
3 4214 748 4533
3 4214 4533 4212
3 4212 4533 606
3 4212 606 508
3 508 606 607
3 4556 763 9017
3 4556 9017 9016
3 4556 9016 512
3 512 9016 511
3 511 9016 752
3 752 9016 4542
3 4542 9016 9017
3 4542 9017 757
3 4542 757 754
3 757 9017 760
3 760 9017 763
3 4228 518 4568
3 4228 4568 769
3 4228 769 9018
3 4228 9018 515
3 515 9018 514
3 514 9018 4557
3 4557 9018 764
3 764 9018 766
3 766 9018 769
3 4568 518 772
3 772 518 9019
3 772 9019 775
3 775 9019 778
3 778 9019 4582
3 4582 9019 521
3 4582 521 781
3 521 9019 518
3 524 527 782
3 524 782 523
3 530 796 4583
3 530 4583 529
3 529 4583 780
3 4583 796 787
3 4583 787 784
3 4583 784 779
3 787 796 793
3 787 793 790
3 533 799 797
3 533 797 532
3 9021 9020 9023
3 9021 9023 9024
3 9022 9021 9024
3 9022 9024 4612
3 9022 4612 811
3 9022 811 808
3 9022 808 805
3 9022 805 9021
3 9021 805 802
3 9021 802 9020
3 9020 802 800
3 9020 800 535
3 9020 535 536
3 9020 536 9023
3 9023 536 820
3 9023 820 4614
3 9023 4614 9024
3 9024 4614 4612
3 4614 820 817
3 4614 817 814
3 539 542 9026
3 539 9026 9025
3 539 9025 4251
3 4251 9025 821
3 4251 821 538
3 821 9025 816
3 816 9025 815
3 815 9025 4623
3 4623 9025 9027
3 4623 9027 823
3 823 9027 826
3 826 9027 4629
3 4629 9027 9026
3 4629 9026 542
3 4629 542 550
3 4629 550 551
3 9026 9027 9025
3 545 548 544
3 554 557 9028
3 554 9028 553
3 553 9028 4630
3 4630 9028 827
3 827 9028 4632
3 4632 9028 557
3 4632 557 560
3 9030 9029 9035
3 9030 9035 9036
3 9031 9030 9036
3 9031 9036 9037
3 9032 9031 9037
3 9032 9037 9038
3 9033 9032 9038
3 9034 9040 9041
3 9035 9034 9041
3 9036 9035 9041
3 9036 9041 9042
3 9037 9036 9042
3 9038 9037 9042
3 9039 9038 9042
3 9041 9040 9043
3 9042 9041 9043
3 9039 9042 9043
3 9043 9040 825
3 9043 825 4634
3 9043 4634 9039
3 9039 4634 562
3 9039 562 4277
3 9039 4277 9038
3 9038 4277 9033
3 9033 4277 563
3 9033 563 838
3 9033 838 9032
3 9032 838 835
3 9032 835 9031
3 9031 835 4647
3 9031 4647 9030
3 9030 4647 832
3 9030 832 9029
3 9029 832 4643
3 9029 4643 9035
3 9035 4643 9034
3 9034 4643 829
3 9034 829 824
3 9034 824 825
3 9034 825 9040
3 566 839 565
3 9044 9046 9047
3 9045 9048 9049
3 9046 9045 9049
3 9046 9049 9050
3 9047 9046 9050
3 9047 9050 868
3 9047 868 9044
3 9044 868 863
3 9044 863 860
3 9044 860 855
3 9044 855 9046
3 9046 855 852
3 9046 852 9045
3 9045 852 847
3 9045 847 9048
3 9048 847 844
3 9048 844 841
3 9048 841 836
3 9048 836 9049
3 9049 836 837
3 9049 837 9050
3 9050 837 568
3 9050 568 868
3 868 568 571
3 574 580 573
3 573 580 869
3 9052 9051 9053
3 9052 9053 9054
3 9052 9054 4691
3 9052 4691 4689
3 9052 4689 4687
3 9052 4687 9051
3 9051 4687 871
3 9051 871 864
3 9051 864 9053
3 9053 864 867
3 9053 867 582
3 9053 582 9054
3 9054 582 583
3 9054 583 4691
3 4705 883 4703
3 4705 4703 9058
3 4705 9058 4707
3 4707 9058 4709
3 4709 9058 9059
3 4709 9059 586
3 586 9059 585
3 585 9059 4692
3 4692 9059 9057
3 4692 9057 9056
3 4692 9056 4690
3 4690 9056 9055
3 4690 9055 4688
3 4688 9055 877
3 4688 877 874
3 4688 874 872
3 877 9055 4699
3 4699 9055 4701
3 4701 9055 9056
3 4701 9056 9057
3 4701 9057 4703
3 4703 9057 9058
3 9058 9057 9059
3 4703 883 880
3 589 592 595
3 589 595 9060
3 589 9060 4308
3 4308 9060 4306
3 4306 9060 4710
3 4306 4710 588
3 4710 9060 4708
3 4708 9060 4706
3 4706 9060 4711
3 4706 4711 884
3 4711 9060 595
3 598 889 4318
3 4318 889 9061
3 4318 9061 4316
3 4316 9061 9062
3 4316 9062 4314
3 4314 9062 9063
3 4314 9063 4312
3 4312 9063 9064
3 4312 9064 4310
3 4310 9064 4712
3 4310 4712 597
3 4712 9064 882
3 882 9064 881
3 881 9064 4714
3 4714 9064 9063
3 4714 9063 9062
3 4714 9062 4717
3 4717 9062 9061
3 4717 9061 889
3 4717 889 886
3 895 892 898
3 601 901 9067
3 601 9067 600
3 600 9067 9066
3 600 9066 9065
3 600 9065 890
3 890 9065 4727
3 4727 9065 4729
3 4729 9065 9066
3 4729 9066 892
3 892 9066 898
3 898 9066 9067
3 898 9067 901
3 4534 747 9068
3 4534 9068 604
3 604 9068 4328
3 4328 9068 603
3 603 9068 902
3 902 9068 747
3 725 722 4466
3 626 636 4462
3 626 4462 4460
3 626 4460 623
3 623 4460 714
3 623 714 715
3 4462 636 4466
3 4462 4466 722
3 4466 636 637
3 629 634 628
3 640 648 4467
3 640 4467 639
3 4467 648 728
3 4467 728 726
3 728 648 649
3 4365 646 9069
3 4365 9069 4363
3 4363 9069 4361
3 4361 9069 9070
3 4361 9070 643
3 643 9070 642
3 642 9070 9069
3 642 9069 646
3 652 737 9072
3 652 9072 4373
3 4373 9072 4470
3 4373 4470 4468
3 4373 4468 651
3 651 4468 729
3 4470 9072 4472
3 4472 9072 9071
3 4472 9071 4474
3 4474 9071 9073
3 4474 9073 4476
3 4476 9073 9074
3 4476 9074 4478
3 4478 9074 4480
3 4480 9074 685
3 4480 685 688
3 685 9074 684
3 684 9074 9073
3 684 9073 4509
3 4509 9073 9071
3 4509 9071 737
3 737 9071 9072
3 655 740 738
3 655 738 654
3 9075 9077 9076
3 9077 9078 9079
3 9076 9077 9079
3 9076 9079 4519
3 9076 4519 4517
3 9076 4517 9075
3 9075 4517 741
3 9075 741 657
3 9075 657 4377
3 9075 4377 4379
3 9075 4379 9077
3 9077 4379 4381
3 9077 4381 9078
3 9078 4381 658
3 9078 658 4387
3 9078 4387 9079
3 9079 4387 4521
3 9079 4521 4519
3 4521 4387 661
3 741 4517 743
3 664 670 9082
3 664 9082 663
3 663 9082 4522
3 4522 9082 9080
3 4522 9080 4520
3 4520 9080 9081
3 4520 9081 4518
3 4518 9081 679
3 4518 679 744
3 679 9081 673
3 673 9081 670
3 670 9081 9082
3 9082 9081 9080
3 4511 736 739
3 4511 739 742
3 4511 742 681
3 4511 681 682
3 723 724 731
3 9083 9085 9086
3 9083 9086 9087
3 9087 9086 9091
3 9087 9091 9092
3 9093 9097 9098
3 9094 9093 9098
3 9094 9098 9099
3 9095 9094 9099
3 9098 9097 9100
3 9098 9100 9101
3 9099 9098 9101
3 9099 9101 9102
3 9099 9102 4494
3 9099 4494 9095
3 9095 4494 4492
3 9095 4492 4490
3 9095 4490 8297
3 9095 8297 3570
3 9095 3570 9094
3 9094 3570 9093
3 9093 3570 8305
3 9093 8305 4477
3 9093 4477 4479
3 9093 4479 9097
3 9097 4479 4481
3 9097 4481 9100
3 9100 4481 690
3 9100 690 9101
3 9101 690 691
3 9101 691 694
3 9101 694 734
3 9101 734 9102
3 9102 734 4494
3 4477 8305 9090
3 4477 9090 4475
3 4475 9090 8303
3 4475 8303 4473
3 4473 8303 9089
3 4473 9089 4471
3 4471 9089 9088
3 4471 9088 4469
3 4469 9088 9092
3 4469 9092 727
3 727 9092 9096
3 727 9096 724
3 724 9096 731
3 731 9096 9091
3 731 9091 4482
3 4482 9091 9086
3 4482 9086 9085
3 4482 9085 4484
3 4484 9085 9084
3 4484 9084 4486
3 4486 9084 8299
3 4486 8299 4488
3 4488 8299 8297
3 4488 8297 4490
3 8299 9084 9085
3 8299 9085 9083
3 8299 9083 8301
3 8301 9083 9087
3 8301 9087 9088
3 8301 9088 9089
3 8301 9089 8303
3 9088 9087 9092
3 9091 9096 9092
3 8303 9090 8305
3 4422 700 4496
3 4422 4496 9103
3 4422 9103 4420
3 4420 9103 4418
3 4418 9103 4416
3 4418 4416 697
3 4416 9103 4414
3 4414 9103 696
3 696 9103 735
3 735 9103 4496
3 4501 708 9105
3 4501 9105 9104
3 4501 9104 9107
3 4501 9107 4504
3 4504 9107 9106
3 4504 9106 9108
3 4504 9108 703
3 703 9108 702
3 702 9108 4497
3 4497 9108 4495
3 4497 4495 733
3 4495 9108 4493
3 4493 9108 9106
3 4493 9106 4491
3 4491 9106 4489
3 4489 9106 9107
3 4489 9107 9104
3 4489 9104 4487
3 4487 9104 9105
3 4487 9105 4485
3 4485 9105 4483
3 4483 9105 4498
3 4483 4498 732
3 4498 9105 709
3 709 9105 708
3 9110 9109 9112
3 9110 9112 9113
3 9110 9113 9111
3 9110 9111 4503
3 9110 4503 9109
3 9109 4503 4506
3 9109 4506 705
3 9109 705 4426
3 9109 4426 9112
3 9112 4426 4429
3 9112 4429 9113
3 9113 4429 4432
3 9113 4432 4435
3 9113 4435 9111
3 9111 4435 4438
3 9111 4438 706
3 9111 706 4503
3 4463 721 9114
3 4463 9114 9115
3 4463 9115 4461
3 4461 9115 4445
3 4461 4445 712
3 4445 9115 4443
3 4443 9115 9114
3 4443 9114 4441
3 4441 9114 4499
3 4441 4499 711
3 4499 9114 730
3 730 9114 721
3 9116 9117 9118
3 9116 9118 9119
3 9119 9118 9120
3 9119 9120 4544
3 9119 4544 753
3 9119 753 910
3 9119 910 907
3 9119 907 904
3 9119 904 9116
3 9116 904 4751
3 9116 4751 4749
3 9116 4749 9117
3 9117 4749 899
3 9117 899 900
3 9117 900 749
3 9117 749 9118
3 9118 749 9120
3 9120 749 750
3 9120 750 4544
3 756 922 9122
3 756 9122 755
3 755 9122 911
3 911 9122 9121
3 911 9121 4766
3 4766 9121 913
3 913 9121 916
3 916 9121 919
3 919 9121 4779
3 4779 9121 9122
3 4779 9122 922
3 759 923 758
3 9123 9126 9127
3 9124 9123 9127
3 9124 9127 9128
3 9125 9124 9128
3 9126 9129 9130
3 9127 9126 9130
3 9127 9130 4803
3 9127 4803 9128
3 9128 4803 4801
3 9128 4801 4799
3 9128 4799 9125
3 9125 4799 4797
3 9125 4797 4791
3 9125 4791 9124
3 9124 4791 925
3 9124 925 9123
3 9123 925 920
3 9123 920 4781
3 9123 4781 9126
3 9126 4781 921
3 9126 921 9129
3 9129 921 761
3 9129 761 762
3 9129 762 9131
3 9129 9131 9130
3 9130 9131 4805
3 9130 4805 4803
3 4805 9131 4807
3 4807 9131 765
3 765 9131 762
3 4791 4797 928
3 9132 9134 9135
3 9134 9133 9136
3 9134 9136 9137
3 9135 9134 9137
3 9135 9137 9138
3 9135 9138 4835
3 9135 4835 9132
3 9132 4835 4804
3 9132 4804 4806
3 9132 4806 9134
3 9134 4806 4808
3 9134 4808 9133
3 9133 4808 767
3 9133 767 768
3 9133 768 9136
3 9136 768 952
3 9136 952 4849
3 9136 4849 949
3 9136 949 9137
3 9137 949 9138
3 9138 949 946
3 9138 946 943
3 9138 943 4835
3 4804 4835 4802
3 4802 4835 940
3 4802 940 937
3 4802 937 4800
3 4800 937 4820
3 4800 4820 4798
3 4798 4820 929
3 929 4820 931
3 931 4820 934
3 771 953 4569
3 4569 953 770
3 774 964 4871
3 774 4871 773
3 773 4871 951
3 951 4871 9139
3 951 9139 4850
3 4850 9139 950
3 950 9139 4865
3 4865 9139 9140
3 4865 9140 955
3 955 9140 4869
3 955 4869 9141
3 955 9141 4867
3 4867 9141 958
3 958 9141 961
3 961 9141 4869
3 4869 9140 4871
3 4871 9140 9139
3 777 783 967
3 777 967 965
3 777 965 776
3 786 985 9142
3 786 9142 968
3 786 968 785
3 968 9142 970
3 970 9142 982
3 970 982 4888
3 970 4888 973
3 973 4888 976
3 976 4888 979
3 982 9142 985
3 789 988 788
3 788 988 986
3 792 803 989
3 792 989 791
3 989 803 991
3 991 803 804
3 991 804 994
3 795 798 794
3 794 798 801
3 807 1006 995
3 807 995 806
3 995 1006 997
3 997 1006 1003
3 997 1003 1000
3 810 1021 9143
3 810 9143 809
3 809 9143 1007
3 1007 9143 1009
3 1009 9143 1012
3 1012 9143 1015
3 1015 9143 4922
3 4922 9143 1021
3 4922 1021 1018
3 9144 9145 9146
3 9144 9146 4927
3 9144 4927 1022
3 9144 1022 4613
3 9144 4613 4615
3 9144 4615 9145
3 9145 4615 813
3 9145 813 4625
3 9145 4625 9146
3 9146 4625 822
3 9146 822 828
3 9146 828 1024
3 9146 1024 4927
3 4613 1022 812
3 831 1036 1033
3 831 1033 4645
3 4645 1033 1030
3 4645 1030 1027
3 4645 1027 1025
3 4645 1025 830
3 834 840 4648
3 4648 840 1037
3 4648 1037 833
3 843 1042 842
3 842 1042 4946
3 842 4946 1035
3 1035 4946 4943
3 1035 4943 1034
3 4943 4946 1039
3 846 1043 845
3 9147 9150 9151
3 9148 9147 9151
3 9148 9151 9152
3 9149 9154 9155
3 9150 9149 9155
3 9150 9155 9156
3 9151 9150 9156
3 9151 9156 9157
3 9152 9151 9157
3 9152 9157 9158
3 9153 9152 9158
3 9156 9155 9160
3 9156 9160 9161
3 9157 9156 9161
3 9157 9161 9162
3 9158 9157 9162
3 9159 9158 9162
3 9161 9160 9163
3 9162 9161 9163
3 9162 9163 1041
3 9162 1041 9159
3 9159 1041 848
3 9159 848 851
3 9159 851 4970
3 9159 4970 9158
3 9158 4970 1057
3 9158 1057 9153
3 9153 1057 1054
3 9153 1054 9152
3 9152 1054 9148
3 9148 1054 4966
3 9148 4966 1051
3 9148 1051 9147
3 9147 1051 4962
3 9147 4962 9150
3 9150 4962 9149
3 9149 4962 1048
3 9149 1048 9154
3 9154 1048 1045
3 9154 1045 4953
3 9154 4953 9160
3 9154 9160 9155
3 9160 4953 1040
3 9160 1040 4948
3 9160 4948 9163
3 9163 4948 1041
3 854 1058 4971
3 854 4971 853
3 9165 9164 9169
3 9167 9166 9170
3 9164 9167 9170
3 9164 9170 9168
3 9164 9168 9169
3 9169 9168 856
3 9169 856 859
3 9169 859 1080
3 9169 1080 9165
3 9165 1080 1069
3 9165 1069 1066
3 9165 1066 9164
3 9164 1066 9167
3 9167 1066 1063
3 9167 1063 9166
3 9166 1063 1055
3 9166 1055 1056
3 9166 1056 9170
3 9170 1056 856
3 9170 856 9168
3 1055 1063 1060
3 1069 1080 1074
3 1074 1080 1077
3 1085 1081 1088
3 862 870 861
3 861 870 1088
3 861 1088 1081
3 1088 870 873
3 876 1097 5016
3 876 5016 9171
3 876 9171 875
3 875 9171 1089
3 1089 9171 1091
3 1091 9171 1094
3 1094 9171 5014
3 5014 9171 5016
3 9173 9175 9176
3 9172 9173 9176
3 9172 9176 9174
3 9172 9174 4716
3 9172 4716 4719
3 9172 4719 885
3 9172 885 1098
3 9172 1098 9173
3 9173 1098 878
3 9173 878 4700
3 9173 4700 9175
3 9175 4700 4702
3 9175 4702 9176
3 9176 4702 4704
3 9176 4704 9174
3 9174 4704 879
3 9174 879 4716
3 4730 891 5031
3 4730 5031 5015
3 4730 5015 5017
3 4730 5017 4728
3 4728 5017 1096
3 4728 1096 887
3 4728 887 888
3 5015 5031 1100
3 5015 1100 1095
3 893 894 5033
3 894 1109 1106
3 894 1106 5033
3 5033 1106 5039
3 5033 5039 1103
3 5033 1103 1101
3 4752 903 5050
3 4752 5050 4750
3 4750 5050 1110
3 4750 1110 896
3 4750 896 897
3 906 1121 9177
3 906 9177 905
3 905 9177 5052
3 5052 9177 5060
3 5052 5060 1108
3 1108 5060 1115
3 1108 1115 1112
3 1108 1112 1107
3 5060 9177 1118
3 1118 9177 1121
3 4768 912 1122
3 4768 1122 908
3 4768 908 909
3 5083 1130 1127
3 5083 1127 9178
3 5083 9178 915
3 915 9178 914
3 914 9178 1120
3 1120 9178 1119
3 1119 9178 1124
3 1124 9178 1127
3 918 924 5099
3 918 5099 917
3 917 5099 5085
3 5085 5099 1131
3 1131 5099 5097
3 1131 5097 1133
3 1133 5097 1138
3 1138 5097 1143
3 1143 5097 1146
3 1146 5097 1149
3 1149 5097 1152
3 927 930 1161
3 927 1161 9180
3 927 9180 4794
3 4794 9180 9179
3 4794 9179 5100
3 4794 5100 926
3 5100 9179 5098
3 5098 9179 9180
3 5098 9180 1153
3 1153 9180 1155
3 1155 9180 1161
3 1155 1161 1158
3 933 1170 1167
3 933 1167 1164
3 933 1164 1162
3 933 1162 932
3 9182 9186 9187
3 9183 9182 9187
3 9184 9183 9188
3 9181 9184 9189
3 9181 9189 9185
3 9181 9185 8325
3 9181 8325 8320
3 9181 8320 9184
3 9184 8320 9183
3 9183 8320 9182
3 9182 8320 8315
3 9182 8315 9186
3 9186 8315 8310
3 9186 8310 5135
3 9186 5135 9187
3 9187 5135 1181
3 9187 1181 1178
3 9187 1178 5126
3 9187 5126 9183
3 9183 5126 9188
3 9188 5126 1175
3 9188 1175 1171
3 9188 1171 935
3 9188 935 4824
3 9188 4824 9184
3 9184 4824 9189
3 9189 4824 936
3 9189 936 9185
3 9185 936 1190
3 9185 1190 5142
3 9185 5142 8325
3 8325 5142 8330
3 8330 5142 1187
3 8330 1187 3572
3 3572 1187 5139
3 3572 5139 8310
3 8310 5139 1184
3 8310 1184 5135
3 939 1191 938
3 1199 1196 1202
3 9191 9190 9194
3 9191 9194 9195
3 9192 9191 9195
3 9192 9195 9196
3 9190 9193 9194
3 9194 9193 9198
3 9194 9198 9199
3 9195 9194 9199
3 9195 9199 9200
3 9196 9195 9200
3 9196 9200 9201
3 9193 9197 9198
3 9198 9197 9202
3 9198 9202 9203
3 9199 9198 9203
3 9199 9203 9204
3 9200 9199 9204
3 9200 9204 9205
3 9201 9200 9205
3 9203 9202 9206
3 9203 9206 9207
3 9204 9203 9207
3 9205 9204 9207
3 9205 9207 1196
3 9205 1196 5149
3 9205 5149 9201
3 9201 5149 1193
3 9201 1193 9196
3 9196 1193 5146
3 9196 5146 9192
3 9192 5146 1188
3 9192 1188 5144
3 9192 5144 9191
3 9191 5144 9190
3 9190 5144 1189
3 9190 1189 941
3 9190 941 4839
3 9190 4839 9193
3 9193 4839 9197
3 9197 4839 942
3 9197 942 9202
3 9202 942 9206
3 9206 942 1202
3 9206 1202 9207
3 9207 1202 1196
3 9209 9208 9211
3 9209 9211 9210
3 9209 9210 1208
3 9209 1208 1205
3 9209 1205 9208
3 9208 1205 5171
3 9208 5171 5165
3 9208 5165 9211
3 9211 5165 5163
3 9211 5163 1217
3 9211 1217 1214
3 9211 1214 9210
3 9210 1214 1211
3 9210 1211 1208
3 1217 5163 5177
3 5177 5163 5161
3 5177 5161 5179
3 5179 5161 1220
3 1220 5161 1203
3 1220 1203 945
3 945 1203 944
3 5165 5171 5168
3 5165 5168 1198
3 1198 5168 1197
3 4866 954 5183
3 4866 5183 9212
3 4866 9212 948
3 948 9212 947
3 947 9212 1221
3 1221 9212 5183
3 957 1223 5185
3 957 5185 4868
3 4868 5185 9214
3 4868 9214 956
3 956 9214 9213
3 956 9213 5184
3 5184 9213 5180
3 5184 5180 1219
3 5180 9213 5178
3 5178 9213 9214
3 5178 9214 5185
3 5178 5185 1218
3 9215 9216 9217
3 9217 9216 9218
3 9217 9218 960
3 9217 960 3562
3 9217 3562 974
3 9217 974 9215
3 9215 974 975
3 9215 975 1238
3 9215 1238 9216
3 9216 1238 1235
3 9216 1235 1232
3 9216 1232 1229
3 9216 1229 5193
3 9216 5193 9218
3 9218 5193 5191
3 9218 5191 9219
3 9218 9219 960
3 960 9219 959
3 959 9219 1224
3 1224 9219 1226
3 1226 9219 5191
3 963 966 9220
3 963 9220 4872
3 4872 9220 9221
3 4872 9221 4870
3 4870 9221 962
3 962 9221 3563
3 3563 9221 969
3 969 9221 9220
3 969 9220 966
3 972 3561 971
3 978 1244 1239
3 978 1239 977
3 1239 1244 1241
3 981 992 4890
3 4890 992 9223
3 4890 9223 9222
3 4890 9222 980
3 980 9222 1245
3 1245 9222 9223
3 1245 9223 1247
3 1247 9223 996
3 1247 996 1250
3 996 9223 993
3 993 9223 992
3 984 987 990
3 984 990 983
3 999 1253 1251
3 999 1251 998
3 1002 1268 1254
3 1002 1254 1001
3 1254 1268 1265
3 1254 1265 1256
3 1256 1265 1262
3 1256 1262 1259
3 1005 1008 1269
3 1005 1269 1004
3 5249 1271 1266
3 5249 1266 1267
3 5249 1267 1010
3 5249 1010 1011
3 9226 9228 9229
3 9227 9226 9229
3 9227 9229 5259
3 9227 5259 9225
3 9227 9225 9224
3 9227 9224 9226
3 9226 9224 1277
3 9226 1277 1274
3 9226 1274 1272
3 9226 1272 9228
3 9228 1272 5250
3 9228 5250 1013
3 9228 1013 1014
3 9228 1014 1289
3 9228 1289 9229
3 9229 1289 5261
3 9229 5261 5259
3 1277 9224 1280
3 1280 9224 9225
3 1280 9225 1283
3 1283 9225 1286
3 1286 9225 5257
3 5257 9225 5259
3 9231 9230 9233
3 9231 9233 9232
3 9231 9232 1295
3 9231 1295 9230
3 9230 1295 1292
3 9230 1292 4923
3 9230 4923 1017
3 9230 1017 9233
3 9233 1017 3559
3 9233 3559 4944
3 9233 4944 9232
3 9232 4944 1038
3 9232 1038 4955
3 9232 4955 1044
3 9232 1044 1295
3 4944 3559 1031
3 4944 1031 1032
3 4923 1292 1290
3 4923 1290 1016
3 4929 1023 1026
3 4929 1026 3560
3 4929 3560 9234
3 4929 9234 1020
3 1020 9234 1019
3 1019 9234 3560
3 1029 3558 1028
3 9235 9236 9237
3 9235 9237 1047
3 9235 1047 1298
3 9235 1298 1287
3 9235 1287 5258
3 9235 5258 9236
3 9236 5258 5260
3 9236 5260 5262
3 9236 5262 1296
3 9236 1296 9237
3 9237 1296 1046
3 9237 1046 1047
3 1296 5262 1291
3 1291 5262 1288
3 1050 1310 1307
3 1050 1307 4964
3 4964 1307 1304
3 4964 1304 1301
3 4964 1301 1299
3 4964 1299 1049
3 1053 1059 4967
3 4967 1059 1311
3 4967 1311 1052
3 5292 1313 5289
3 5292 5289 1309
3 5292 1309 1061
3 5292 1061 1062
3 1309 5289 1308
3 9239 9243 9244
3 9240 9239 9244
3 9240 9244 9245
3 9241 9240 9245
3 9241 9245 9246
3 9238 9241 9246
3 9238 9246 9242
3 9244 9243 9248
3 9244 9248 9249
3 9245 9244 9249
3 9245 9249 9250
3 9246 9245 9250
3 9242 9246 9250
3 9242 9250 9247
3 9249 9248 9252
3 9249 9252 9253
3 9250 9249 9253
3 9251 9250 9253
3 9247 9250 9251
3 9251 9253 1064
3 9251 1064 1065
3 9251 1065 1325
3 9251 1325 9247
3 9247 1325 1322
3 9247 1322 9242
3 9242 1322 9238
3 9238 1322 5303
3 9238 5303 1319
3 9238 1319 9241
3 9241 1319 9240
3 9240 1319 5299
3 9240 5299 9239
3 9239 5299 1316
3 9239 1316 9243
3 9243 1316 1314
3 9243 1314 9248
3 9248 1314 5294
3 9248 5294 9252
3 9252 5294 1064
3 9252 1064 9253
3 1068 1326 1067
3 9255 9254 9258
3 9255 9258 9259
3 9256 9255 9259
3 9254 9257 9258
3 9258 9257 9260
3 9258 9260 9261
3 9259 9258 9261
3 9259 9261 9262
3 9259 9262 1343
3 9259 1343 9256
3 9256 1343 1334
3 9256 1334 5313
3 9256 5313 9255
3 9255 5313 1331
3 9255 1331 9254
3 9254 1331 1328
3 9254 1328 1323
3 9254 1323 9257
3 9257 1323 1324
3 9257 1324 9260
3 9260 1324 1070
3 9260 1070 9261
3 9261 1070 1073
3 9261 1073 1346
3 9261 1346 9262
3 9262 1346 1343
3 1346 1073 1351
3 1334 1343 1337
3 1337 1343 1340
3 1076 1352 1075
3 1079 1084 1078
3 1084 1092 1078
3 1078 1092 1350
3 1350 1092 1347
3 1347 1092 1093
3 1347 1093 1102
3 1102 1093 1099
3 1087 1090 1086
3 1105 1111 1344
3 1105 1344 5042
3 5042 1344 1104
3 1104 1344 1345
3 1114 1364 1113
3 1113 1364 1361
3 1113 1361 1342
3 1342 1361 1341
3 1341 1361 1356
3 9263 9264 9265
3 9263 9265 5360
3 9263 5360 1370
3 9263 1370 1367
3 9263 1367 5353
3 9263 5353 9264
3 9264 5353 5351
3 9264 5351 5063
3 9264 5063 9265
3 9265 5063 1117
3 9265 1117 1123
3 9265 1123 5360
3 5063 5351 1116
3 1116 5351 1365
3 1126 1382 1379
3 1126 1379 1125
3 1125 1379 1376
3 1125 1376 5362
3 5362 1376 5368
3 5362 5368 5364
3 5362 5364 1371
3 5364 5368 1373
3 1129 1132 1383
3 1129 1383 1128
3 5384 1388 1381
3 5384 1381 1134
3 5384 1134 1137
3 1381 1388 1385
3 1381 1385 1380
3 1394 1391 1397
3 1142 1403 1400
3 1142 1400 1397
3 1142 1397 9266
3 1142 9266 1139
3 1139 9266 5385
3 5385 9266 1389
3 1389 9266 1391
3 1391 9266 1397
3 1145 1409 1404
3 1145 1404 1144
3 1404 1409 1406
3 1148 1412 1410
3 1148 1410 1147
3 1151 1154 9267
3 1151 9267 1413
3 1151 1413 1150
3 1413 9267 1415
3 1415 9267 1418
3 1418 9267 1421
3 1421 9267 1424
3 1424 9267 1154
3 1157 1425 1156
3 1427 1422 1430
3 1160 1163 1159
3 1159 1163 5433
3 1159 5433 1423
3 1423 5433 1422
3 1422 5433 1433
3 1422 1433 1430
3 9268 9269 9270
3 9268 9270 9271
3 9270 9269 9272
3 9270 9272 9273
3 9270 9273 9274
3 9271 9270 9274
3 9271 9274 1444
3 9271 1444 1439
3 9271 1439 1434
3 9271 1434 9268
3 9268 1434 5437
3 9268 5437 9269
3 9269 5437 1165
3 9269 1165 5130
3 9269 5130 9272
3 9272 5130 1177
3 9272 1177 1459
3 9272 1459 9275
3 9272 9275 9273
3 9273 9275 9274
3 9274 9275 1447
3 9274 1447 1444
3 1447 9275 1450
3 1450 9275 1456
3 1450 1456 1453
3 1456 9275 1459
3 5130 1165 1176
3 1176 1165 1166
3 1434 1439 1436
3 1169 1174 1168
3 1180 1460 1179
3 9276 9277 9278
3 9277 9281 9282
3 9278 9277 9282
3 9279 9283 9284
3 9280 9279 9284
3 9281 9280 9284
3 9281 9284 9285
3 9282 9281 9285
3 9282 9285 1204
3 9282 1204 1457
3 9282 1457 9278
3 9278 1457 1458
3 9278 1458 1182
3 9278 1182 9276
3 9276 1182 5137
3 9276 5137 8337
3 9276 8337 8336
3 9276 8336 9277
3 9277 8336 8335
3 9277 8335 9280
3 9277 9280 9281
3 9280 8335 3574
3 9280 3574 9279
3 9279 3574 8339
3 9279 8339 1194
3 9279 1194 5151
3 9279 5151 9283
3 9283 5151 1195
3 9283 1195 5170
3 9283 5170 9284
3 9284 5170 5173
3 9284 5173 9285
3 9285 5173 1204
3 1194 8339 8251
3 8251 8339 8338
3 8251 8338 1183
3 1183 8338 8337
3 1183 8337 5137
3 5147 1192 8252
3 5147 8252 5140
3 5147 5140 1186
3 5140 8252 1185
3 5166 1200 9286
3 5166 9286 5164
3 5164 9286 5162
3 5162 9286 1201
3 1201 9286 1200
3 1207 1462 1206
3 1206 1462 1454
3 1206 1454 1455
3 1210 1477 5478
3 1210 5478 1209
3 1209 5478 1465
3 1209 1465 1463
3 5478 1477 1474
3 5478 1474 1468
3 1468 1474 1471
3 1213 1478 1212
3 5186 1222 9288
3 5186 9288 1216
3 1216 9288 9287
3 1216 9287 1215
3 1215 9287 1476
3 1476 9287 1475
3 1475 9287 1225
3 1225 9287 9288
3 1225 9288 1222
3 1228 1480 5194
3 5194 1480 9289
3 5194 9289 5192
3 5192 9289 1227
3 1227 9289 1473
3 1473 9289 1472
3 1472 9289 1480
3 1231 1481 1230
3 9291 9290 9292
3 9291 9292 9293
3 9291 9293 1495
3 9291 1495 1492
3 9291 1492 5499
3 9291 5499 9290
3 9290 5499 1483
3 9290 1483 5495
3 9290 5495 9292
3 9292 5495 1470
3 9292 1470 1479
3 9292 1479 9293
3 9293 1479 1233
3 9293 1233 5503
3 9293 5503 1495
3 5503 1233 1234
3 1470 5495 1469
3 5499 1492 1489
3 5499 1489 1486
3 1237 1240 9294
3 1237 9294 1236
3 1236 9294 5504
3 5504 9294 5505
3 5504 5505 1496
3 5505 9294 1501
3 5505 1501 1498
3 1501 9294 1240
3 1243 1246 1242
3 1242 1246 9295
3 1242 9295 1502
3 1502 9295 1504
3 1504 9295 1246
3 1249 1252 1505
3 1249 1505 1248
3 1505 1252 1507
3 1507 1252 1255
3 1507 1255 1510
3 1258 1522 1511
3 1258 1511 1257
3 1511 1522 5524
3 1511 5524 1513
3 1513 5524 1516
3 1516 5524 1519
3 1261 1275 1523
3 1261 1523 1260
3 1523 1275 1525
3 1525 1275 1276
3 1525 1276 1528
3 1264 1270 1263
3 1263 1270 1273
3 1279 1534 1529
3 1279 1529 1278
3 1529 1534 1531
3 5546 1543 1540
3 5546 1540 9296
3 5546 9296 1282
3 1282 9296 1281
3 1281 9296 1535
3 1535 9296 1537
3 1537 9296 1540
3 1285 1297 9298
3 1285 9298 9297
3 1285 9297 1284
3 1284 9297 5547
3 5547 9297 9298
3 5547 9298 1544
3 1544 9298 1546
3 1546 9298 1300
3 1300 9298 1297
3 1303 1547 1302
3 9301 9300 9302
3 9301 9302 5290
3 9301 5290 1312
3 9301 1312 9299
3 9301 9299 5554
3 9301 5554 9300
3 9300 5554 5551
3 9300 5551 1542
3 9300 1542 9302
3 9302 1542 1545
3 9302 1545 5290
3 5290 1545 1305
3 5290 1305 1306
3 1542 5551 1549
3 1542 1549 1541
3 5554 9299 1552
3 1552 9299 1315
3 1315 9299 1312
3 1318 1567 1564
3 1318 1564 1561
3 1318 1561 1558
3 1318 1558 5301
3 5301 1558 1555
3 5301 1555 1317
3 1317 1555 1553
3 1321 1327 5304
3 5304 1327 1568
3 5304 1568 1320
3 1330 1573 9304
3 1330 9304 1329
3 1329 9304 9303
3 1329 9303 1566
3 1566 9303 1565
3 1565 9303 1570
3 1570 9303 9304
3 1570 9304 1573
3 1333 1582 5316
3 5316 1582 9305
3 5316 9305 1332
3 1332 9305 1574
3 1574 9305 1576
3 1576 9305 1579
3 1579 9305 1582
3 1336 1357 1360
3 1336 1360 1335
3 1335 1360 1585
3 1335 1585 1583
3 1338 1339 1355
3 5354 1366 1588
3 5354 1588 1586
3 5354 1586 5352
3 5352 1586 1363
3 1363 1586 1362
3 5365 1372 1594
3 5365 1594 5603
3 5365 5603 1369
3 1369 5603 1368
3 1368 5603 1591
3 1368 1591 1589
3 1594 1372 1600
3 1594 1600 1597
3 1375 1386 9306
3 1375 9306 5371
3 5371 9306 5626
3 5371 5626 1603
3 5371 1603 1374
3 1374 1603 1601
3 5626 9306 1606
3 1606 9306 1390
3 1390 9306 1387
3 1387 9306 1386
3 1378 1384 1377
3 1392 1393 1607
3 1393 1615 1607
3 1607 1615 1609
3 1609 1615 1612
3 1396 1630 9308
3 1396 9308 5654
3 1396 5654 1395
3 1395 5654 1618
3 1395 1618 1616
3 5654 9308 1621
3 1621 9308 9307
3 1621 9307 1624
3 1624 9307 1627
3 1627 9307 1630
3 1630 9307 9308
3 1399 1631 1398
3 9310 9309 9311
3 9310 9311 1402
3 9310 1402 1405
3 9310 1405 1642
3 9310 1642 9309
3 9309 1642 1639
3 9309 1639 1636
3 9309 1636 1633
3 9309 1633 1628
3 9309 1628 9311
3 9311 1628 1629
3 9311 1629 1401
3 9311 1401 1402
3 1408 1411 1407
3 1407 1411 1643
3 1643 1411 1414
3 1643 1414 1645
3 1645 1414 1651
3 1645 1651 1648
3 1417 1654 1652
3 1417 1652 1416
3 1420 1426 1419
3 1426 1666 9312
3 1426 9312 1419
3 1419 9312 5700
3 1419 5700 1655
3 5700 9312 5713
3 5700 5713 1663
3 5700 1663 1657
3 1657 1663 1660
3 5713 9312 1666
3 1429 1672 1669
3 1429 1669 1667
3 1429 1667 1428
3 1432 1435 1673
3 1432 1673 1431
3 1438 1670 1437
3 1437 1670 1671
3 9315 9314 9316
3 9315 9316 9317
3 9315 9317 9318
3 9317 9316 9319
3 9317 9319 9318
3 9318 9319 1684
3 9318 1684 1681
3 9318 1681 1678
3 9318 1678 9315
3 9315 1678 5746
3 9315 5746 9314
3 9314 5746 1664
3 9314 1664 5717
3 9314 5717 9313
3 9314 9313 9316
3 9316 9313 1443
3 9316 1443 1693
3 9316 1693 9319
3 9319 1693 1690
3 9319 1690 1684
3 1684 1690 1687
3 1443 9313 1440
3 1440 9313 1665
3 1440 1665 1668
3 1665 9313 5717
3 1664 5746 1675
3 1446 1694 1445
3 9320 9322 9323
3 9321 9326 9327
3 9322 9321 9327
3 9322 9327 9328
3 9323 9322 9328
3 9323 9328 9329
3 9324 9323 9329
3 9325 9330 9331
3 9326 9325 9331
3 9327 9326 9331
3 9327 9331 9332
3 9328 9327 9332
3 9328 9332 9333
3 9329 9328 9333
3 9331 9330 9334
3 9332 9331 9334
3 9332 9334 9335
3 9333 9332 9335
3 9333 9335 1482
3 9333 1482 9329
3 9329 1482 5775
3 9329 5775 9324
3 9324 5775 1696
3 9324 1696 1691
3 9324 1691 9320
3 9324 9320 9323
3 9320 1691 1692
3 9320 1692 1448
3 9320 1448 9321
3 9320 9321 9322
3 9321 1448 1449
3 9321 1449 9325
3 9321 9325 9326
3 9325 1449 8247
3 9325 8247 1466
3 9325 1466 9330
3 9330 1466 5480
3 9330 5480 9334
3 9334 5480 9335
3 9335 5480 1467
3 9335 1467 5497
3 9335 5497 1482
3 1452 1461 8248
3 1452 8248 1451
3 8248 1461 1464
3 1485 1705 9336
3 1485 9336 5500
3 5500 9336 1484
3 1484 9336 5777
3 5777 9336 1702
3 5777 1702 1697
3 1697 1702 1699
3 1702 9336 1705
3 1488 1717 5792
3 1488 5792 1487
3 1487 5792 1706
3 5792 1717 1714
3 5792 1714 1708
3 1708 1714 1711
3 1491 1718 1490
3 5506 1497 9338
3 5506 9338 1494
3 1494 9338 1493
3 1493 9338 9337
3 1493 9337 1716
3 1716 9337 1715
3 1715 9337 1720
3 1720 9337 9338
3 1720 9338 1497
3 1726 1723 1729
3 9340 9341 9342
3 9340 9342 1503
3 9340 1503 1506
3 9340 1506 9339
3 9340 9339 5808
3 9340 5808 9341
3 9341 5808 5806
3 9341 5806 1499
3 9341 1499 9342
3 9342 1499 1500
3 9342 1500 1503
3 1499 5806 1721
3 5808 9339 1723
3 1723 9339 1729
3 1729 9339 1732
3 1732 9339 1735
3 1735 9339 1506
3 1509 1512 1736
3 1509 1736 1508
3 1515 1738 1514
3 1514 1738 1733
3 1514 1733 1734
3 1518 1753 5830
3 1518 5830 1739
3 1518 1739 1517
3 5830 1753 9343
3 5830 9343 1741
3 1741 9343 1744
3 1744 9343 1747
3 1747 9343 1750
3 1750 9343 1753
3 1521 1524 5526
3 5526 1524 1754
3 5526 1754 1520
3 1527 1530 9344
3 1527 9344 9345
3 1527 9345 1526
3 1526 9345 1752
3 1752 9345 1751
3 1751 9345 9344
3 1751 9344 1756
3 1756 9344 1759
3 1759 9344 1530
3 1759 1530 1762
3 1533 1536 1532
3 1532 1536 1765
3 1532 1765 1763
3 9346 9347 9348
3 9346 9348 5874
3 9346 5874 1777
3 9346 1777 1774
3 9346 1774 9347
3 9347 1774 1771
3 9347 1771 9349
3 9347 9349 9348
3 9348 9349 5876
3 9348 5876 5874
3 5876 9349 1539
3 5876 1539 1548
3 1539 9349 1538
3 1538 9349 1766
3 1766 9349 1768
3 1768 9349 1771
3 1777 5874 1780
3 1551 1554 9351
3 1551 9351 5556
3 5556 9351 9350
3 5556 9350 9352
3 5556 9352 5553
3 5553 9352 1550
3 1550 9352 5877
3 5877 9352 9350
3 5877 9350 5875
3 5875 9350 1783
3 5875 1783 1781
3 1783 9350 9351
3 1783 9351 1554
3 1557 1789 9354
3 1557 9354 1556
3 1556 9354 9353
3 1556 9353 1784
3 1784 9353 5882
3 5882 9353 9354
3 5882 9354 1786
3 1786 9354 1789
3 1560 1790 1559
3 1563 1569 1562
3 1562 1569 5885
3 1562 5885 1788
3 1788 5885 1795
3 1788 1795 1787
3 1787 1795 1792
3 9356 9359 9360
3 9356 9360 9361
3 9355 9356 9361
3 9355 9361 9357
3 9355 9357 9358
3 9358 9357 9363
3 9359 9364 9365
3 9360 9359 9365
3 9360 9365 9366
3 9361 9360 9366
3 9361 9366 9367
3 9357 9361 9367
3 9357 9367 9362
3 9357 9362 9363
3 9363 9362 9369
3 9366 9365 9370
3 9366 9370 9371
3 9367 9366 9371
3 9362 9367 9371
3 9362 9371 9368
3 9362 9368 9369
3 9369 9368 9372
3 9368 9371 9372
3 9372 9371 1572
3 9372 1572 1575
3 9372 1575 1810
3 9372 1810 9369
3 9369 1810 1807
3 9369 1807 9363
3 9363 1807 5899
3 9363 5899 9358
3 9358 5899 1804
3 9358 1804 9355
3 9355 1804 5895
3 9355 5895 9356
3 9356 5895 5892
3 9356 5892 9359
3 9359 5892 1801
3 9359 1801 1798
3 9359 1798 9364
3 9364 1798 1796
3 9364 1796 5887
3 9364 5887 9365
3 9365 5887 9370
3 9370 5887 1571
3 9370 1571 1572
3 9370 1572 9371
3 1578 1811 1577
3 9373 9374 9375
3 9374 9376 9377
3 9375 9374 9377
3 9375 9377 9378
3 9375 9378 5918
3 9375 5918 1819
3 9375 1819 9373
3 9373 1819 1816
3 9373 1816 1813
3 9373 1813 1808
3 9373 1808 1809
3 9373 1809 9374
3 9374 1809 9376
3 9376 1809 1580
3 9376 1580 1581
3 9376 1581 9377
3 9377 1581 9378
3 9378 1581 1584
3 9378 1584 1587
3 9378 1587 5918
3 5918 1587 1590
3 9380 9379 9381
3 9380 9381 9382
3 9382 9381 9383
3 9382 9383 9384
3 9384 9383 9385
3 9384 9385 5945
3 9384 5945 1834
3 9384 1834 9382
3 9382 1834 1831
3 9382 1831 9380
3 9380 1831 1828
3 9380 1828 5928
3 9380 5928 1825
3 9380 1825 9379
3 9379 1825 1822
3 9379 1822 9381
3 9381 1822 1820
3 9381 1820 5922
3 9381 5922 9383
3 9383 5922 9385
3 9385 5922 1592
3 9385 1592 5607
3 9385 5607 5945
3 5945 5607 1837
3 1837 5607 1593
3 1596 1840 1595
3 1595 1840 1838
3 1599 1602 1841
3 1599 1841 1598
3 9387 9386 9391
3 9387 9391 9392
3 9388 9394 9395
3 9389 9388 9395
3 9390 9389 9395
3 9391 9390 9395
3 9386 9390 9391
3 9392 9391 9396
3 9394 9393 9396
3 9395 9394 9396
3 9391 9395 9396
3 9396 9393 1862
3 9396 1862 9392
3 9392 1862 1857
3 9392 1857 1852
3 9392 1852 9387
3 9387 1852 1849
3 9387 1849 5969
3 9387 5969 1846
3 9387 1846 9386
3 9386 1846 1843
3 9386 1843 9390
3 9390 1843 1835
3 9390 1835 5949
3 9390 5949 9389
3 9389 5949 9388
3 9388 5949 1836
3 9388 1836 1604
3 9388 1604 5630
3 9388 5630 9394
3 9394 5630 9393
3 9393 5630 1605
3 9393 1605 1608
3 9393 1608 1865
3 9393 1865 1862
3 1604 1836 1839
3 1611 1868 1610
3 1610 1868 1866
3 1614 1617 1871
3 1614 1871 1613
3 1613 1871 1869
3 9397 9399 9400
3 9399 9398 9402
3 9399 9402 9403
3 9400 9399 9403
3 9403 9402 9404
3 9401 9403 9404
3 9404 9402 1889
3 9404 1889 1886
3 9404 1886 9401
3 9401 1886 1883
3 9401 1883 1880
3 9401 1880 1877
3 9401 1877 9403
3 9403 1877 9400
3 9400 1877 5999
3 9400 5999 9397
3 9397 5999 1874
3 9397 1874 1619
3 9397 1619 5657
3 9397 5657 9399
3 9399 5657 9398
3 9398 5657 1620
3 9398 1620 1895
3 9398 1895 1892
3 9398 1892 9402
3 9402 1892 1889
3 1895 1620 1898
3 1619 1874 1872
3 1901 1899 1904
3 1623 1904 9405
3 1623 9405 1622
3 1622 9405 1899
3 1899 9405 1904
3 1626 1632 9406
3 1626 9406 1625
3 1625 9406 1907
3 1625 1907 1905
3 1907 9406 1910
3 1910 9406 1916
3 1910 1916 1913
3 1916 9406 1919
3 1919 9406 1632
3 6069 1928 1925
3 6069 1925 1922
3 6069 1922 9407
3 6069 9407 1635
3 1635 9407 1634
3 1634 9407 1920
3 1920 9407 1922
3 1638 1940 1637
3 1637 1940 6070
3 6070 1940 1937
3 6070 1937 1929
3 1929 1937 1931
3 1931 1937 1934
3 1641 1644 1640
3 1640 1644 1941
3 1647 1949 9409
3 1647 9409 1646
3 1646 9409 1939
3 1939 9409 9408
3 1939 9408 1938
3 1938 9408 1943
3 1943 9408 6088
3 1943 6088 1946
3 6088 9408 6091
3 6091 9408 9409
3 6091 9409 1949
3 1650 1653 1649
3 1649 1653 9411
3 1649 9411 9410
3 1649 9410 1950
3 1950 9410 1952
3 1952 9410 6105
3 6105 9410 6107
3 6107 9410 9411
3 6107 9411 5703
3 6107 5703 1656
3 5703 9411 1653
3 1973 1970 1659
3 1659 1970 6108
3 1659 6108 1658
3 6108 1970 6132
3 6108 6132 6106
3 6106 6132 1967
3 6106 1967 1953
3 1953 1967 1955
3 1955 1967 1964
3 1955 1964 1961
3 1955 1961 1958
3 1662 1674 1976
3 1662 1976 1661
3 1661 1976 1974
3 1969 1977 6136
3 9412 9413 9414
3 9414 9413 9416
3 9414 9416 9417
3 9415 9414 9417
3 9415 9417 9418
3 9417 9416 9419
3 9418 9417 9419
3 9418 9419 9420
3 9418 9420 1985
3 9418 1985 1982
3 9418 1982 9415
3 9415 1982 6160
3 9415 6160 9412
3 9415 9412 9414
3 9412 6160 1979
3 9412 1979 1968
3 9412 1968 9413
3 9413 1968 6136
3 9413 6136 1977
3 9413 1977 5750
3 9413 5750 9416
3 9416 5750 1677
3 9416 1677 9419
3 9419 1677 1997
3 9419 1997 9420
3 9420 1997 1994
3 9420 1994 1985
3 1985 1994 1991
3 1985 1991 1988
3 5750 1977 1676
3 1680 1998 1679
3 9421 9425 9426
3 9422 9421 9426
3 9422 9426 9427
3 9423 9422 9427
3 9425 9424 9428
3 9425 9428 9429
3 9426 9425 9429
3 9426 9429 9430
3 9427 9426 9430
3 9427 9430 9431
3 9429 9428 9432
3 9429 9432 9433
3 9430 9429 9433
3 9430 9433 9434
3 9431 9430 9434
3 9431 9434 6192
3 9431 6192 2003
3 9431 2003 9427
3 9427 2003 9423
3 9423 2003 6187
3 9423 6187 2000
3 9423 2000 9422
3 9422 2000 1995
3 9422 1995 1996
3 9422 1996 9421
3 9421 1996 1682
3 9421 1682 9424
3 9421 9424 9425
3 9424 1682 1683
3 9424 1683 9428
3 9428 1683 1703
3 9428 1703 9432
3 9432 1703 1704
3 9432 1704 9433
3 9433 1704 5794
3 9433 5794 9434
3 9434 5794 1707
3 9434 1707 6192
3 1686 1700 1685
3 1685 1700 1701
3 1689 1695 1688
3 1688 1695 1698
3 1724 1725 3553
3 9435 9437 9438
3 9436 9435 9438
3 9436 9438 2015
3 9436 2015 2012
3 9436 2012 9435
3 9435 2012 6196
3 9435 6196 9437
3 9437 6196 2004
3 9437 2004 6194
3 9437 6194 3556
3 9437 3556 9438
3 9438 3556 8232
3 9438 8232 6200
3 9438 6200 2015
3 6200 8232 6202
3 6202 8232 3553
3 6202 3553 1725
3 3556 6194 1709
3 3556 1709 1710
3 6196 2012 2009
3 6196 2009 2006
3 1713 1719 9439
3 1713 9439 3557
3 1713 3557 1712
3 3557 9439 8239
3 8239 9439 5809
3 8239 5809 3552
3 3552 5809 1722
3 5809 9439 5807
3 5807 9439 1719
3 1728 1742 9441
3 1728 9441 1727
3 1727 9441 6203
3 6203 9441 6201
3 6201 9441 6204
3 6201 6204 2016
3 6204 9441 9440
3 6204 9440 2018
3 2018 9440 1743
3 1743 9440 1742
3 1742 9440 9441
3 1731 1737 5831
3 1731 5831 1730
3 1730 5831 1740
3 9442 9443 9444
3 9442 9444 2039
3 9442 2039 2036
3 9442 2036 2030
3 9442 2030 2027
3 9442 2027 2024
3 9442 2024 6212
3 9442 6212 9443
3 9443 6212 6210
3 9443 6210 9445
3 9443 9445 9444
3 9444 9445 1746
3 9444 1746 2039
3 1746 9445 1745
3 1745 9445 2019
3 2019 9445 6210
3 2019 6210 2021
3 2030 2036 2033
3 1749 1755 1748
3 1748 1755 6233
3 1748 6233 2040
3 1758 2048 6247
3 1758 6247 6235
3 1758 6235 1757
3 6235 6247 6244
3 6235 6244 2038
3 2038 6244 2037
3 2037 6244 2045
3 2037 2045 2042
3 1761 1764 1767
3 1761 1767 1760
3 1760 1767 2054
3 1760 2054 2049
3 2049 2054 2051
3 1770 2055 1769
3 1773 2063 2060
3 1773 2060 2057
3 1773 2057 1772
3 1772 2057 2052
3 1772 2052 2053
3 1776 2069 1775
3 1775 2069 2064
3 2064 2069 2066
3 1779 1782 5883
3 1779 5883 6291
3 1779 6291 1778
3 1778 6291 2072
3 1778 2072 2070
3 6291 5883 2075
3 2075 5883 1791
3 1791 5883 1785
3 1794 1797 1793
3 1793 1797 2078
3 1793 2078 2076
3 1800 2081 2079
3 1800 2079 1799
3 1803 2102 2099
3 1803 2099 5897
3 5897 2099 2096
3 5897 2096 2093
3 5897 2093 5894
3 5894 2093 2090
3 5894 2090 2087
3 5894 2087 1802
3 1802 2087 2084
3 1802 2084 2082
3 1806 1812 5900
3 5900 1812 2105
3 5900 2105 1805
3 1805 2105 2103
3 9446 9447 9448
3 9446 9449 9447
3 9448 9447 9451
3 9447 9449 9452
3 9447 9452 9450
3 9447 9450 9451
3 9451 9450 9454
3 9451 9454 9455
3 9452 9456 9457
3 9450 9452 9457
3 9450 9457 9453
3 9450 9453 9454
3 9454 9453 9459
3 9456 9460 9461
3 9457 9456 9461
3 9453 9457 9461
3 9453 9461 9458
3 9453 9458 9459
3 9459 9458 9462
3 9461 9460 9463
3 9462 9461 9463
3 9458 9461 9462
3 9462 9463 1823
3 9462 1823 1824
3 9462 1824 9459
3 9459 1824 6343
3 9459 6343 9455
3 9459 9455 9454
3 9455 6343 2117
3 9455 2117 9451
3 9451 2117 9448
3 9448 2117 6339
3 9448 6339 9446
3 9446 6339 2114
3 9446 2114 2111
3 9446 2111 9449
3 9449 2111 6332
3 9449 6332 9452
3 9452 6332 9456
3 9456 6332 2108
3 9456 2108 9460
3 9460 2108 2106
3 9460 2106 1814
3 9460 1814 9463
3 9463 1814 1815
3 9463 1815 1823
3 1818 1821 1817
3 2126 2123 1827
3 1827 2123 5929
3 2123 2120 6344
3 2123 6344 5929
3 5929 6344 1826
3 6344 2120 2118
3 2127 1829 2131
3 2131 1829 6358
3 9465 9464 9468
3 9465 9468 9469
3 9466 9465 9469
3 9464 9470 9467
3 9464 9467 9468
3 9468 9467 9472
3 9468 9472 9473
3 9469 9468 9473
3 9467 9470 9474
3 9467 9474 9471
3 9467 9471 9472
3 9472 9471 9475
3 9472 9475 9476
3 9473 9472 9476
3 9475 9474 9477
3 9471 9474 9475
3 9475 9477 1845
3 9475 1845 9476
3 9476 1845 6372
3 9476 6372 9473
3 9473 6372 2140
3 9473 2140 6368
3 9473 6368 9469
3 9469 6368 9466
3 9466 6368 2137
3 9466 2137 6363
3 9466 6363 9465
3 9465 6363 2134
3 9465 2134 9464
3 9464 2134 6358
3 9464 6358 9470
3 9470 6358 1829
3 9470 1829 9474
3 9474 1829 1830
3 9474 1830 9477
3 9477 1830 1844
3 9477 1844 1845
3 1833 1842 1832
3 1848 2146 5970
3 5970 2146 6373
3 5970 6373 1847
3 6373 2146 2143
3 6373 2143 2141
3 1851 2149 1850
3 1850 2149 2147
3 9479 9478 9483
3 9479 9483 9484
3 9480 9479 9484
3 9480 9484 9485
3 9478 9481 9487
3 9478 9487 9482
3 9478 9482 9483
3 9483 9482 9488
3 9483 9488 9489
3 9484 9483 9489
3 9484 9489 9490
3 9485 9484 9490
3 9486 9491 9492
3 9487 9486 9492
3 9488 9487 9492
3 9482 9487 9488
3 9489 9488 9493
3 9489 9493 9494
3 9490 9489 9494
3 9492 9491 9495
3 9493 9492 9495
3 9488 9492 9493
3 9493 9495 1879
3 9493 1879 9494
3 9494 1879 6402
3 9494 6402 2164
3 9494 2164 9490
3 9490 2164 2161
3 9490 2161 2158
3 9490 2158 9485
3 9485 2158 6392
3 9485 6392 9480
3 9480 6392 2155
3 9480 2155 6387
3 9480 6387 9479
3 9479 6387 2152
3 9479 2152 9478
3 9478 2152 2150
3 9478 2150 9481
3 9481 2150 1853
3 9481 1853 9486
3 9481 9486 9487
3 9486 1853 1856
3 9486 1856 8227
3 9486 8227 9491
3 9491 8227 1878
3 9491 1878 9495
3 9495 1878 1879
3 1861 1875 6000
3 1861 6000 8228
3 1861 8228 1858
3 8228 6000 1876
3 1864 1867 1873
3 1864 1873 1863
3 1873 1867 1870
3 1882 2165 6403
3 1882 6403 1881
3 1885 2176 1884
3 1884 2176 9496
3 1884 9496 2163
3 2163 9496 2162
3 2162 9496 6414
3 2162 6414 2167
3 2167 6414 2170
3 6414 9496 2173
3 2173 9496 2176
3 1888 2179 1887
3 1887 2179 2177
3 1891 2185 6424
3 1891 6424 1890
3 1890 6424 6422
3 1890 6422 2180
3 6422 6424 2182
3 1894 2191 2188
3 1894 2188 2186
3 1894 2186 1893
3 1897 1900 1896
3 1900 2192 1896
3 1903 1906 2189
3 1903 2189 1902
3 1902 2189 2190
3 9499 9498 9500
3 9499 9500 6425
3 9499 6425 2184
3 9499 2184 2187
3 9499 2187 9498
3 9498 2187 1908
3 9498 1908 9497
3 9498 9497 8324
3 9498 8324 8329
3 9498 8329 9500
3 9500 8329 8334
3 9500 8334 2183
3 9500 2183 6425
3 2183 8334 2194
3 2194 8334 3573
3 2194 3573 2197
3 2197 3573 2200
3 2200 3573 2205
3 2205 3573 8314
3 2205 8314 2208
3 2208 8314 8319
3 2208 8319 2213
3 2213 8319 1909
3 1909 8319 9497
3 1909 9497 1908
3 9497 8319 8324
3 1912 2216 1911
3 1911 2216 2214
3 1915 2219 2217
3 1915 2217 1914
3 1918 1921 9505
3 1918 9505 9506
3 1918 9506 1917
3 1917 9506 2220
3 2220 9506 6467
3 6467 9506 9505
3 6467 9505 2222
3 2222 9505 6476
3 6476 9505 2246
3 6476 2246 6509
3 6476 6509 2243
3 6476 2243 9503
3 6476 9503 6479
3 6479 9503 9502
3 6479 9502 9504
3 6479 9504 2225
3 2225 9504 2228
3 2228 9504 2231
3 2231 9504 6495
3 6495 9504 6497
3 6497 9504 9501
3 6497 9501 2234
3 2234 9501 2237
3 2237 9501 2240
3 2240 9501 9502
3 2240 9502 6507
3 6507 9502 9503
3 6507 9503 2243
3 9502 9501 9504
3 2246 9505 1921
3 1924 2247 1923
3 1927 1930 9508
3 1927 9508 6510
3 1927 6510 2245
3 1927 2245 1926
3 6510 9508 9507
3 6510 9507 2244
3 2244 9507 2249
3 2249 9507 2255
3 2249 2255 2252
3 2255 9507 6516
3 6516 9507 9508
3 6516 9508 1930
3 1933 2276 6535
3 1933 6535 1932
3 1932 6535 6518
3 6518 6535 6533
3 6518 6533 2256
3 2256 6533 2258
3 2258 6533 6521
3 6521 6533 6531
3 6521 6531 2261
3 2261 6531 2273
3 2261 2273 2264
3 2264 2273 2270
3 2264 2270 2267
3 2285 2282 2288
3 1936 1942 1935
3 1935 1942 2277
3 2277 1942 2288
3 2277 2288 2279
3 2279 2288 2282
3 1945 2294 1944
3 1944 2294 2291
3 1944 2291 2289
3 1948 1951 9511
3 1948 9511 6093
3 6093 9511 6090
3 6090 9511 9510
3 6090 9510 9509
3 6090 9509 1947
3 1947 9509 2295
3 2295 9509 6563
3 6563 9509 6565
3 6563 6565 2297
3 6565 9509 6567
3 6567 9509 2300
3 2300 9509 9510
3 2300 9510 2303
3 2303 9510 9511
3 2303 9511 1951
3 2303 1951 1954
3 1957 2304 1956
3 9512 9515 9516
3 9513 9512 9516
3 9513 9516 9517
3 9514 9513 9517
3 9514 9517 9518
3 9515 9519 9520
3 9516 9515 9520
3 9517 9516 9520
3 9517 9520 9521
3 9518 9517 9521
3 9518 9521 9522
3 9520 9519 9523
3 9521 9520 9523
3 9521 9523 2324
3 9521 2324 2321
3 9521 2321 9522
3 9522 2321 2318
3 9522 2318 2315
3 9522 2315 9518
3 9518 2315 2312
3 9518 2312 9514
3 9514 2312 6585
3 9514 6585 9513
3 9513 6585 9512
3 9512 6585 2309
3 9512 2309 2306
3 9512 2306 2301
3 9512 2301 9515
3 9515 2301 9519
3 9519 2301 2302
3 9519 2302 2327
3 9519 2327 9523
3 9523 2327 2324
3 2327 2302 1960
3 1960 2302 1959
3 1963 2328 1962
3 1966 1978 2326
3 1966 2326 1965
3 2326 1978 2325
3 1971 1972 1975
3 6613 2330 2322
3 6613 2322 6161
3 6613 6161 1981
3 6161 2322 2323
3 6161 2323 1980
3 9524 9526 9527
3 9525 9524 9527
3 9525 9527 9528
3 9526 9530 9531
3 9527 9526 9531
3 9527 9531 9532
3 9528 9527 9532
3 9528 9532 9533
3 9529 9528 9533
3 9529 9533 9534
3 9531 9530 9535
3 9531 9535 9536
3 9532 9531 9536
3 9532 9536 9537
3 9533 9532 9537
3 9534 9533 9537
3 9536 9535 9538
3 9536 9538 9539
3 9537 9536 9539
3 9537 9539 6625
3 9537 6625 9534
3 9534 6625 2339
3 9534 2339 6620
3 9534 6620 9529
3 9529 6620 2336
3 9529 2336 9525
3 9529 9525 9528
3 9525 2336 2333
3 9525 2333 9524
3 9524 2333 2331
3 9524 2331 6614
3 9524 6614 9526
3 9526 6614 1983
3 9526 1983 9530
3 9530 1983 1984
3 9530 1984 9535
3 9535 1984 9538
3 9538 1984 6629
3 9538 6629 9539
3 9539 6629 2342
3 9539 2342 6625
3 2345 2343 1987
3 1987 2343 6630
3 1987 6630 1986
3 1990 2001 1989
3 1989 2001 6189
3 1989 6189 9540
3 1989 9540 2346
3 2346 9540 2005
3 2005 9540 6197
3 6197 9540 2002
3 2002 9540 6189
3 1993 1999 1992
3 2341 2344 6627
3 2008 2354 6627
3 2008 6627 2007
3 2007 6627 2344
3 6627 2354 2351
3 6627 2351 2340
3 2340 2351 2348
3 2011 2355 2010
3 6205 2017 9542
3 6205 9542 2014
3 2014 9542 9541
3 2014 9541 2013
3 2013 9541 2353
3 2353 9541 2352
3 2352 9541 9542
3 2352 9542 2020
3 2020 9542 2017
3 2357 2349 6650
3 2023 2363 6213
3 6213 2363 2360
3 6213 2360 6650
3 6213 6650 9543
3 6213 9543 6211
3 6211 9543 2022
3 2022 9543 2350
3 2350 9543 2349
3 2349 9543 6650
3 2026 2375 9544
3 2026 9544 2025
3 2025 9544 6660
3 2025 6660 2364
3 6660 9544 6662
3 6660 6662 2366
3 6662 9544 6666
3 6662 6666 2372
3 6662 2372 2369
3 6666 9544 2375
3 2029 2376 2028
3 2032 2043 2044
3 2032 2044 2384
3 2032 2384 2031
3 2031 2384 2374
3 2374 2384 2381
3 2374 2381 6667
3 6667 2381 2378
3 6667 2378 2373
3 2035 2041 2034
3 2047 2050 6249
3 6249 2050 2056
3 6249 2056 6676
3 6249 6676 6246
3 6246 6676 2385
3 6246 2385 2046
3 9546 9548 9549
3 9547 9546 9549
3 9547 9549 2059
3 9547 2059 6694
3 9547 6694 6691
3 9547 6691 9545
3 9547 9545 9546
3 9546 9545 6680
3 9546 6680 2382
3 9546 2382 9548
3 9548 2382 2383
3 9548 2383 6677
3 9548 6677 9549
3 9549 6677 2058
3 9549 2058 2059
3 6680 9545 2387
3 2387 9545 2390
3 2390 9545 6691
3 2062 2065 6696
3 2062 6696 2061
3 6696 2065 2399
3 6696 2399 6707
3 6696 6707 6693
3 6693 6707 9550
3 6693 9550 2391
3 2391 9550 2393
3 2393 9550 2396
3 2396 9550 6707
3 2068 2071 9554
3 2068 9554 2067
3 2067 9554 2400
3 2400 9554 9553
3 2400 9553 2402
3 2402 9553 9552
3 2402 9552 9551
3 2402 9551 2405
3 2405 9551 2408
3 2408 9551 6723
3 2408 6723 2411
3 2411 6723 2414
3 6723 9551 6725
3 6725 9551 9552
3 6725 9552 9553
3 6725 9553 6727
3 6727 9553 9554
3 6727 9554 2071
3 2074 2077 9555
3 2074 9555 6294
3 6294 9555 6726
3 6294 6726 6728
3 6294 6728 2073
3 6726 9555 6724
3 6724 9555 2083
3 6724 2083 2415
3 2083 9555 2080
3 2080 9555 2077
3 2086 2412 2413
3 2086 2413 2085
3 2089 2420 9557
3 2089 9557 2088
3 2088 9557 2410
3 2410 9557 9556
3 2410 9556 2409
3 2409 9556 6731
3 6731 9556 2417
3 2417 9556 9557
3 2417 9557 2420
3 2092 2421 2091
3 9558 9560 9561
3 9558 9561 9559
3 9559 9561 8221
3 9559 8221 2112
3 9559 2112 2113
3 9559 2113 2432
3 9559 2432 6740
3 9559 6740 9558
3 9558 6740 2429
3 9558 2429 9560
3 9560 2429 2426
3 9560 2426 6735
3 9560 6735 6733
3 9560 6733 2418
3 9560 2418 9561
3 9561 2418 8221
3 8221 2418 2419
3 8221 2419 2094
3 8221 2094 2095
3 6735 2426 2423
3 2098 2109 6334
3 2098 6334 9562
3 2098 9562 2097
3 2097 9562 8222
3 8222 9562 2110
3 2110 9562 6334
3 2101 2104 2107
3 2101 2107 2100
3 2116 2119 2444
3 2116 2444 6341
3 6341 2444 2441
3 6341 2441 2438
3 6341 2438 2435
3 6341 2435 2433
3 6341 2433 2115
3 2122 2132 2121
3 6360 2133 9563
3 6360 9563 2121
3 6360 2121 2132
3 2121 9563 2445
3 2445 9563 6756
3 6756 9563 2133
3 2124 2125 2130
3 9564 9566 9567
3 9567 9566 9568
3 9567 9568 2459
3 9567 2459 6762
3 9567 6762 9564
3 9564 6762 6758
3 9564 6758 2450
3 9564 2450 9565
3 9564 9565 9566
3 9566 9565 6757
3 9566 6757 9568
3 9568 6757 2135
3 9568 2135 6365
3 9568 6365 2459
3 2459 6365 2462
3 2462 6365 2136
3 6757 9565 2447
3 6757 2447 2442
3 6757 2442 2443
3 2447 9565 2450
3 6758 6762 2456
3 6758 2456 2453
3 2139 2142 2474
3 2139 2474 6370
3 6370 2474 2471
3 6370 2471 2468
3 6370 2468 2138
3 2138 2468 2465
3 2138 2465 2463
3 2145 2148 9569
3 2145 9569 2144
3 2144 9569 2475
3 2475 9569 6776
3 6776 9569 2151
3 2151 9569 2148
3 9570 9572 9573
3 9571 9570 9573
3 9573 9572 9574
3 9573 9574 2492
3 9573 2492 2489
3 9573 2489 9571
3 9571 2489 2486
3 9571 2486 2483
3 9571 2483 2480
3 9571 2480 9570
3 9570 2480 2477
3 9570 2477 9572
3 9572 2477 6777
3 9572 6777 9574
3 9574 6777 2153
3 9574 2153 6389
3 9574 6389 2154
3 9574 2154 2492
3 2492 2154 2495
3 6777 2477 2472
3 6777 2472 2473
3 2157 2168 6394
3 2168 2169 6394
3 6394 2169 2504
3 6394 2504 2501
3 6394 2501 2156
3 2156 2501 2498
3 2156 2498 2496
3 2166 2159 2160
3 9576 9575 9578
3 9576 9578 9579
3 9577 9576 9579
3 9579 9578 9580
3 9579 9580 6801
3 9579 6801 6798
3 9579 6798 9577
3 9577 6798 2516
3 9577 2516 6794
3 9577 6794 2510
3 9577 2510 9576
3 9576 2510 2507
3 9576 2507 9575
3 9575 2507 2505
3 9575 2505 6415
3 9575 6415 9578
3 9578 6415 9580
3 9580 6415 2172
3 9580 2172 6801
3 6415 2505 2171
3 6794 2516 2513
3 6798 6801 2519
3 9582 9581 9586
3 9582 9586 9587
3 9583 9582 9587
3 9583 9587 9588
3 9584 9583 9588
3 9584 9588 9589
3 9586 9585 9591
3 9581 9585 9586
3 9587 9586 9592
3 9587 9592 9593
3 9588 9587 9593
3 9589 9588 9593
3 9589 9593 9594
3 9591 9590 9596
3 9592 9591 9596
3 9586 9591 9592
3 9593 9592 9597
3 9594 9593 9597
3 9595 9594 9597
3 9592 9596 9597
3 9597 9596 2193
3 9597 2193 9595
3 9595 2193 6818
3 9595 6818 2528
3 9595 2528 9594
3 9594 2528 2525
3 9594 2525 9589
3 9589 2525 6808
3 9589 6808 9584
3 9584 6808 2522
3 9584 2522 2520
3 9584 2520 6803
3 9584 6803 9583
3 9583 6803 9582
3 9582 6803 2174
3 9582 2174 9581
3 9581 2174 2175
3 9581 2175 9585
3 9585 2175 2178
3 9585 2178 6423
3 9585 6423 9591
3 9591 6423 9590
3 9590 6423 2181
3 9590 2181 9596
3 9596 2181 2193
3 2196 2531 6819
3 2196 6819 2195
3 6819 2531 2529
3 2199 2534 2198
3 2198 2534 2532
3 9600 9599 9607
3 9600 9607 9608
3 9601 9600 9608
3 9602 9601 9608
3 9602 9608 9609
3 9603 9602 9609
3 9604 9603 9609
3 9604 9609 9610
3 9605 9604 9610
3 9605 9610 9611
3 9606 9611 9612
3 9608 9607 9613
3 9609 9608 9613
3 9610 9609 9613
3 9611 9610 9613
3 9612 9611 9613
3 9607 9612 9613
3 9612 9607 3575
3 9612 3575 8340
3 9612 8340 9606
3 9606 8340 8341
3 9606 8341 2543
3 9606 2543 9611
3 9611 2543 6841
3 9611 6841 9605
3 9605 6841 6839
3 9605 6839 9604
3 9604 6839 6837
3 9604 6837 9603
3 9603 6837 2540
3 9603 2540 6833
3 9603 6833 9602
3 9602 6833 9601
3 9601 6833 2537
3 9601 2537 9600
3 9600 2537 2535
3 9600 2535 9599
3 9599 2535 9598
3 9599 9598 8344
3 9599 8344 3575
3 9599 3575 9607
3 8344 9598 8343
3 8343 9598 6845
3 8343 6845 8342
3 8342 6845 2546
3 8342 2546 8341
3 8341 2546 2543
3 6845 9598 2204
3 2204 9598 2201
3 2201 9598 2535
3 2207 2547 6846
3 2207 6846 2206
3 9614 9619 9620
3 9615 9614 9620
3 9615 9620 9621
3 9616 9615 9621
3 9616 9621 9622
3 9617 9616 9622
3 9617 9622 9623
3 9618 9617 9623
3 9620 9619 9624
3 9621 9620 9624
3 9621 9624 9625
3 9622 9621 9625
3 9622 9625 9626
3 9623 9622 9626
3 9623 9626 2545
3 9623 2545 2209
3 9623 2209 9618
3 9618 2209 2212
3 9618 2212 2218
3 9618 2218 6471
3 9618 6471 9617
3 9617 6471 9616
3 9616 6471 2221
3 9616 2221 9615
3 9615 2221 9614
3 9614 2221 2226
3 9614 2226 6853
3 9614 6853 6851
3 9614 6851 9619
3 9619 6851 6849
3 9619 6849 9624
3 9624 6849 6847
3 9624 6847 2544
3 9624 2544 9625
3 9625 2544 9626
3 9626 2544 2545
3 6853 2226 2227
3 2218 2212 2215
3 2224 2223 9628
3 2224 9628 9627
3 2224 9627 6481
3 6481 9627 9628
3 6481 9628 6478
3 6478 9628 2223
3 9629 9631 9632
3 9630 9629 9632
3 9630 9632 9633
3 9631 9634 9635
3 9632 9631 9635
3 9632 9635 9636
3 9633 9632 9636
3 9636 9635 9637
3 9636 9637 6850
3 9636 6850 6852
3 9636 6852 9633
3 9633 6852 6854
3 9633 6854 9630
3 9630 6854 2229
3 9630 2229 2230
3 9630 2230 9629
3 9629 2230 2555
3 9629 2555 2552
3 9629 2552 9631
3 9631 2552 2549
3 9631 2549 9634
3 9634 2549 6838
3 9634 6838 9635
3 9635 6838 6840
3 9635 6840 9637
3 9637 6840 6842
3 9637 6842 6850
3 6850 6842 6848
3 6848 6842 2542
3 6838 2549 2541
3 2233 2564 9638
3 2233 9638 6498
3 6498 9638 6496
3 6496 9638 2556
3 6496 2556 2232
3 2556 9638 2558
3 2558 9638 2561
3 2561 9638 2564
3 2236 2579 2573
3 2236 2573 2235
3 2235 2573 2570
3 2235 2570 2565
3 2565 2570 2567
3 2573 2579 2576
3 2239 2250 9640
3 2239 9640 2238
3 2238 9640 2580
3 2580 9640 2582
3 2582 9640 2585
3 2585 9640 2588
3 2588 9640 9639
3 2588 9639 6903
3 6903 9639 6523
3 6903 6523 2591
3 2591 6523 2260
3 6523 9639 2259
3 2259 9639 2250
3 2259 2250 2251
3 2250 9639 9640
3 2242 2248 6508
3 6508 2248 2241
3 2254 2257 2253
3 2263 2612 6913
3 2263 6913 2592
3 2263 2592 2262
3 6913 2612 9641
3 6913 9641 2594
3 2594 9641 2597
3 2597 9641 2600
3 2600 9641 2606
3 2600 2606 2603
3 2606 9641 2609
3 2609 9641 2612
3 2266 2613 2265
3 2269 2610 2268
3 2268 2610 2611
3 9645 9644 9646
3 9645 9646 9647
3 9645 9647 6949
3 9645 6949 6947
3 9645 6947 9644
3 9644 6947 6945
3 9644 6945 9643
3 9644 9643 6968
3 9644 6968 6965
3 9644 6965 9646
3 9646 6965 6962
3 9646 6962 9647
3 9647 6962 2634
3 9647 2634 9648
3 9647 9648 6951
3 9647 6951 6949
3 6951 9648 6953
3 6953 9648 2623
3 6953 2623 2615
3 2615 2623 2618
3 2623 9648 2628
3 2628 9648 2634
3 2628 2634 2631
3 6968 9643 2272
3 2272 9643 9642
3 2272 9642 2271
3 2271 9642 2608
3 2608 9642 6941
3 2608 6941 2607
3 6941 9642 6943
3 6943 9642 9643
3 6943 9643 6945
3 2275 2278 9651
3 2275 9651 6536
3 6536 9651 9650
3 6536 9650 6534
3 6534 9650 9649
3 6534 9649 6532
3 6532 9649 6970
3 6532 6970 2274
3 6970 9649 9650
3 6970 9650 6967
3 6967 9650 9651
3 6967 9651 6964
3 6964 9651 2278
3 6964 2278 2635
3 2281 2632 2280
3 2280 2632 2633
3 2284 2629 2283
3 2283 2629 2630
3 2287 2290 6974
3 2287 6974 2627
3 2287 2627 2286
3 2627 6974 6972
3 2627 6972 2639
3 2627 2639 2624
3 2639 6972 2642
3 2645 2643 6978
3 2651 2648 2296
3 6564 2296 6975
3 6564 6975 2292
3 6564 2292 2293
3 6975 2296 9652
3 6975 9652 6973
3 6973 9652 6978
3 6973 6978 2643
3 6978 9652 2648
3 2648 9652 2296
3 2299 2305 6568
3 6568 2305 6566
3 6566 2305 2657
3 6566 2657 6987
3 6566 6987 2298
3 2298 6987 2654
3 2298 2654 2652
3 2308 2666 2660
3 2308 2660 2658
3 2308 2658 2307
3 2660 2666 2663
3 6999 2669 2667
3 6999 2667 6586
3 6999 6586 2311
3 6586 2667 2310
3 9653 9655 9656
3 9654 9659 9660
3 9655 9654 9660
3 9655 9660 9661
3 9656 9655 9661
3 9656 9661 9662
3 9657 9656 9662
3 9657 9662 9663
3 9657 9663 9664
3 9658 9657 9664
3 9660 9659 9665
3 9660 9665 9666
3 9661 9660 9666
3 9661 9666 9667
3 9662 9661 9667
3 9662 9667 9668
3 9663 9662 9668
3 9667 9666 9669
3 9667 9669 9668
3 9668 9669 2684
3 9668 2684 2681
3 9668 2681 7011
3 9668 7011 9664
3 9668 9664 9663
3 9664 7011 2678
3 9664 2678 9658
3 9658 2678 7006
3 9658 7006 2675
3 9658 2675 9657
3 9657 2675 9653
3 9657 9653 9656
3 9653 2675 2672
3 9653 2672 9654
3 9653 9654 9655
3 9654 2672 2670
3 9654 2670 7000
3 9654 7000 9659
3 9659 7000 2313
3 9659 2313 9665
3 9665 2313 2314
3 9665 2314 9666
3 9666 2314 9669
3 9669 2314 7021
3 9669 7021 2684
3 2317 2687 7022
3 2317 7022 2316
3 7022 2687 2685
3 2320 2329 2319
3 2319 2329 2332
3 2319 2332 2688
3 7033 2690 9670
3 7033 9670 2335
3 2335 9670 2334
3 2334 9670 2683
3 2334 2683 2686
3 2683 9670 2682
3 2682 9670 2690
3 2347 2356 2338
3 9671 9672 9673
3 9671 9673 2365
3 9671 2365 7037
3 9671 7037 7034
3 9671 7034 9672
3 9672 7034 2337
3 9672 2337 6622
3 9672 6622 8209
3 9672 8209 9673
3 9673 8209 2361
3 9673 2361 6661
3 9673 6661 2365
3 6661 2361 2362
3 8209 6622 2356
3 2356 6622 2338
3 7034 7037 2696
3 7034 2696 2693
3 7034 2693 2691
3 8210 2358 6652
3 8210 6652 2359
3 2368 2702 9675
3 2368 9675 6663
3 6663 9675 2367
3 2367 9675 7038
3 7038 9675 9674
3 7038 9674 2697
3 2697 9674 2699
3 2699 9674 2702
3 2702 9674 9675
3 9676 9677 9678
3 9676 9678 7047
3 9676 7047 2708
3 9676 2708 2705
3 9676 2705 9677
3 9677 2705 2703
3 9677 2703 2370
3 9677 2370 9678
3 9678 2370 2371
3 9678 2371 2377
3 9678 2377 9679
3 9678 9679 7047
3 7047 9679 7049
3 7049 9679 2717
3 7049 2717 2711
3 2711 2717 2714
3 2717 9679 2377
3 6683 2386 2718
3 6683 2718 2379
3 6683 2379 2380
3 2718 2386 2720
3 2389 2392 2721
3 2389 2721 2388
3 2721 2392 2712
3 2721 2712 2713
3 2712 2392 2726
3 2712 2726 2723
3 2395 2741 9681
3 2395 9681 2394
3 2394 9681 2727
3 2727 9681 2729
3 2729 9681 9680
3 2729 9680 2732
3 2732 9680 2735
3 2735 9680 2738
3 2738 9680 2741
3 2741 9680 9681
3 2398 2401 9682
3 2398 9682 6709
3 6709 9682 2397
3 2397 9682 2742
3 2742 9682 7091
3 7091 9682 2401
3 7097 2747 7092
3 7097 7092 2404
3 2404 7092 2403
3 7092 2747 9683
3 7092 9683 2740
3 2740 9683 2739
3 2739 9683 2744
3 2744 9683 2747
3 6732 2416 6734
3 6732 6734 9685
3 6732 9685 7098
3 6732 7098 2406
3 6732 2406 2407
3 7098 9685 2748
3 2748 9685 9684
3 2748 9684 2750
3 2750 9684 2422
3 2422 9684 6736
3 6736 9684 9685
3 6736 9685 6734
3 9687 9686 9688
3 9687 9688 9689
3 9687 9689 2425
3 9687 2425 2768
3 9687 2768 7117
3 9687 7117 7115
3 9687 7115 9686
3 9686 7115 2762
3 9686 2762 2759
3 9686 2759 9688
3 9688 2759 2756
3 9688 2756 9689
3 9689 2756 2753
3 9689 2753 2751
3 9689 2751 2424
3 9689 2424 2425
3 2762 7115 2765
3 2428 2769 2427
3 9690 9692 9691
3 9691 9692 6742
3 9691 6742 2431
3 9691 2431 2434
3 9691 2434 7126
3 9691 7126 9690
3 9690 7126 2771
3 9690 2771 7116
3 9690 7116 7118
3 9690 7118 9692
3 9692 7118 2430
3 9692 2430 6742
3 2430 7118 2767
3 7116 2771 2766
3 2437 2448 9694
3 2437 9694 2436
3 2436 9694 7128
3 7128 9694 9693
3 7128 9693 2772
3 2772 9693 7130
3 7130 9693 2449
3 2449 9693 9694
3 2449 9694 2448
3 2440 2446 2439
3 2452 2777 9695
3 2452 9695 6759
3 6759 9695 7131
3 6759 7131 2451
3 7131 9695 7132
3 7131 7132 2764
3 7131 2764 2770
3 2764 7132 2763
3 7132 9695 2774
3 2774 9695 2777
3 2792 2789 7150
3 9696 9697 9698
3 9696 9698 2454
3 9696 2454 2455
3 9696 2455 2795
3 9696 2795 7150
3 9696 7150 9697
3 9697 7150 2786
3 9697 2786 9698
3 9698 2786 2783
3 9698 2783 2780
3 9698 2780 2778
3 9698 2778 2454
3 2786 7150 2789
3 2458 2796 6763
3 6763 2796 2457
3 2461 2464 9700
3 2461 9700 2460
3 2460 9700 9699
3 2460 9699 2794
3 2794 9699 7151
3 7151 9699 2798
3 7151 2798 2793
3 2798 9699 7159
3 7159 9699 9700
3 7159 9700 2464
3 9701 9702 9703
3 9701 9703 7163
3 9701 7163 2799
3 9701 2799 7161
3 9701 7161 9702
3 9702 7161 2466
3 9702 2466 2467
3 9702 2467 2478
3 9702 2478 2479
3 9702 2479 9703
3 9703 2479 7163
3 2470 2476 2469
3 2482 2804 7164
3 2482 7164 2481
3 7164 2804 2801
3 7164 2801 7165
3 7164 7165 2797
3 2797 7165 2791
3 2791 7165 2790
3 9705 9704 9706
3 9705 9706 2816
3 9705 2816 2813
3 9705 2813 2810
3 9705 2810 2807
3 9705 2807 2805
3 9705 2805 9704
3 9704 2805 2484
3 9704 2484 7179
3 9704 7179 9706
3 9706 7179 7177
3 9706 7177 2819
3 9706 2819 2816
3 2819 7177 2822
3 7179 2484 2485
3 2488 2493 7180
3 2488 7180 2487
3 7180 2493 9707
3 7180 9707 7178
3 7178 9707 2825
3 7178 2825 2823
3 2825 9707 7184
3 7184 9707 2497
3 2497 9707 2494
3 2494 9707 2493
3 2500 2508 9708
3 2500 9708 2499
3 2499 9708 7186
3 7186 9708 9709
3 7186 9709 7188
3 7186 7188 2826
3 7188 9709 2509
3 2509 9709 2508
3 2508 9709 9708
3 2503 2506 2502
3 2512 2834 6795
3 6795 2834 9711
3 6795 9711 7189
3 6795 7189 2511
3 7189 9711 9710
3 7189 9710 2824
3 2824 9710 2821
3 2821 9710 2820
3 2820 9710 2828
3 2828 9710 9711
3 2828 9711 2831
3 2831 9711 2834
3 7205 2843 9713
3 7205 9713 9712
3 7205 9712 2515
3 2515 9712 7198
3 2515 7198 2835
3 2515 2835 2514
3 7198 9712 9713
3 7198 9713 2837
3 2837 9713 2840
3 2840 9713 2843
3 2518 2521 2844
3 2518 2844 7207
3 2518 7207 6799
3 6799 7207 2517
3 2524 2852 6810
3 6810 2852 2849
3 6810 2849 2846
3 6810 2846 2523
3 2523 2846 2841
3 2523 2841 2842
3 2527 2530 2533
3 2527 2533 9715
3 2527 9715 9714
3 2527 9714 2526
3 2526 9714 2853
3 2853 9714 7217
3 7217 9714 9715
3 7217 9715 2536
3 2536 9715 2533
3 9716 9717 9718
3 9718 9717 9719
3 9718 9719 6835
3 9718 6835 2539
3 9718 2539 8205
3 9718 8205 9716
3 9716 8205 8203
3 9716 8203 7219
3 9716 7219 2858
3 9716 2858 9717
3 9717 2858 7218
3 9717 7218 9719
3 9719 7218 2538
3 9719 2538 6835
3 7218 2858 2855
3 7218 2855 2850
3 7218 2850 2851
3 7219 8203 7221
3 7221 8203 2861
3 2861 8203 8201
3 2861 8201 2557
3 2557 8201 2553
3 2557 2553 2554
3 8205 2539 2548
3 8206 2550 9721
3 8206 9721 8204
3 8204 9721 9720
3 8204 9720 8202
3 8202 9720 2551
3 2551 9720 2550
3 2550 9720 9721
3 2560 2867 2862
3 2560 2862 2559
3 2862 2867 2864
3 2563 2566 9723
3 2563 9723 2562
3 2562 9723 9722
3 2562 9722 2868
3 2868 9722 2870
3 2870 9722 2873
3 2873 9722 2876
3 2876 9722 9723
3 2876 9723 2566
3 9724 9727 9728
3 9725 9724 9728
3 9725 9728 9729
3 9727 9726 9730
3 9728 9727 9730
3 9729 9728 9730
3 9729 9730 2568
3 9729 2568 2569
3 9729 2569 2897
3 9729 2897 9725
3 9725 2897 2894
3 9725 2894 7249
3 9725 7249 9724
3 9724 7249 2891
3 9724 2891 2888
3 9724 2888 9727
3 9727 2888 2885
3 9727 2885 9726
3 9726 2885 2882
3 9726 2882 2879
3 9726 2879 2877
3 9726 2877 9730
3 9730 2877 2568
3 2572 2898 2571
3 9732 9731 9733
3 9732 9733 2583
3 9732 2583 2584
3 9732 2584 2909
3 9732 2909 7254
3 9732 7254 2906
3 9732 2906 9731
3 9731 2906 2903
3 9731 2903 2900
3 9731 2900 2895
3 9731 2895 9733
3 9733 2895 2896
3 9733 2896 2574
3 9733 2574 2575
3 9733 2575 2583
3 2578 2581 2577
3 2587 2910 2586
3 9734 9735 9736
3 9734 9736 9737
3 9736 9735 9738
3 9736 9738 9739
3 9736 9739 9740
3 9737 9736 9740
3 9738 9741 9742
3 9739 9738 9742
3 9739 9742 9743
3 9740 9739 9743
3 9740 9743 6906
3 9740 6906 2590
3 9740 2590 9737
3 9737 2590 6916
3 9737 6916 2593
3 9737 2593 9734
3 9734 2593 2912
3 9734 2912 7264
3 9734 7264 9735
3 9735 7264 7262
3 9735 7262 7260
3 9735 7260 9738
3 9738 7260 7258
3 9738 7258 9741
3 9741 7258 2907
3 9741 2907 7256
3 9741 7256 9742
3 9742 7256 2908
3 9742 2908 9743
3 9743 2908 2589
3 9743 2589 6906
3 2596 2924 2913
3 2596 2913 2595
3 2913 2924 9745
3 2913 9745 7266
3 7266 9745 9744
3 7266 9744 7268
3 7268 9744 9746
3 7268 9746 7270
3 7270 9746 7272
3 7272 9746 7274
3 7272 7274 2915
3 7274 9746 2918
3 2918 9746 7278
3 7278 9746 9744
3 7278 9744 2921
3 2921 9744 9745
3 2921 9745 2924
3 9747 9750 9751
3 9748 9747 9751
3 9748 9751 9752
3 9748 9752 9753
3 9749 9748 9753
3 9750 9755 9756
3 9751 9750 9756
3 9751 9756 9757
3 9752 9751 9757
3 9752 9757 9758
3 9753 9752 9758
3 9756 9755 9759
3 9756 9759 9760
3 9757 9756 9760
3 9758 9757 9760
3 9758 9760 2599
3 9758 2599 2941
3 9758 2941 2936
3 9758 2936 9753
3 9753 2936 2933
3 9753 2933 9749
3 9749 2933 2930
3 9749 2930 9748
3 9748 2930 7304
3 9748 7304 9747
3 9747 7304 7302
3 9747 7302 9750
3 9750 7302 7300
3 9750 7300 9754
3 9750 9754 9755
3 9755 9754 2925
3 9755 2925 9759
3 9759 2925 2598
3 9759 2598 9760
3 9760 2598 2599
3 2925 9754 2927
3 2927 9754 7298
3 7298 9754 7300
3 2602 2942 2601
3 9765 9764 9766
3 9765 9766 2959
3 9765 2959 2953
3 9765 2953 2950
3 9765 2950 9764
3 9764 2950 9763
3 9764 9763 6954
3 9764 6954 9766
3 9766 6954 2614
3 9766 2614 2962
3 9766 2962 2959
3 6954 9763 6952
3 6952 9763 9762
3 6952 9762 6950
3 6950 9762 7338
3 6950 7338 6948
3 6948 7338 7334
3 6948 7334 6946
3 6946 7334 7330
3 6946 7330 6944
3 6944 7330 9761
3 6944 9761 6942
3 6942 9761 2604
3 6942 2604 2605
3 2604 9761 2940
3 2940 9761 2937
3 2937 9761 7326
3 2937 7326 2944
3 7326 9761 7330
3 7338 9762 2947
3 2947 9762 9763
3 2947 9763 2950
3 2953 2959 2956
3 2617 2968 2616
3 2616 2968 2965
3 2616 2965 2963
3 2622 2638 2619
3 2619 2638 2969
3 2986 2983 7412
3 2641 2644 2640
3 9769 9768 9770
3 9769 9770 9771
3 9771 9770 9772
3 9771 9772 9773
3 9771 9773 2992
3 9771 2992 2989
3 9771 2989 9769
3 9769 2989 7414
3 9769 7414 9768
3 9768 7414 9767
3 9768 9767 2977
3 9768 2977 2974
3 9768 2974 9770
3 9770 2974 7390
3 9770 7390 2971
3 9770 2971 9772
3 9772 2971 2966
3 9772 2966 2967
3 9772 2967 9773
3 9773 2967 2640
3 9773 2640 2644
3 9773 2644 2992
3 2977 9767 2980
3 2980 9767 7412
3 2980 7412 2983
3 7412 9767 7414
3 2647 2998 6979
3 6979 2998 2995
3 6979 2995 2646
3 2646 2995 2993
3 2649 2650 2999
3 2650 2653 2999
3 2999 2653 7428
3 7428 2653 7430
3 7428 7430 3001
3 7430 2653 8195
3 7430 8195 7432
3 7432 8195 2661
3 7432 2661 3004
3 3004 2661 2662
3 3004 2662 7435
3 3004 7435 3007
3 2656 2659 8196
3 2656 8196 6989
3 6989 8196 2655
3 2665 2668 7437
3 2665 7437 2664
3 7437 2668 2671
3 7437 2671 3008
3 3008 2671 3010
3 7446 3013 7442
3 7446 7442 9774
3 7446 9774 2674
3 2674 9774 2673
3 2673 9774 3011
3 3011 9774 7442
3 2677 3031 9777
3 2677 9777 7008
3 7008 9777 9775
3 7008 9775 2676
3 2676 9775 7447
3 7447 9775 3019
3 7447 3019 3016
3 7447 3016 3014
3 3019 9775 9776
3 3019 9776 3022
3 3022 9776 3028
3 3022 3028 3025
3 3028 9776 7452
3 7452 9776 9777
3 7452 9777 3031
3 9777 9776 9775
3 2680 2689 7013
3 7013 2689 2692
3 7013 2692 2700
3 7013 2700 2679
3 2679 2700 3032
3 3032 2700 2701
3 3032 2701 2704
3 2695 2698 2694
3 2707 3029 7453
3 2707 7453 2706
3 2706 7453 3030
3 2710 2722 9778
3 2710 9778 7050
3 7050 9778 7048
3 7048 9778 7461
3 7048 7461 3026
3 7048 3026 3027
3 7048 3027 2709
3 7461 9778 3034
3 3034 9778 2722
3 2716 2719 2715
3 2725 2728 9779
3 2725 9779 3035
3 2725 3035 2724
3 3035 9779 3037
3 3037 9779 3040
3 3040 9779 2728
3 2731 3049 3043
3 2731 3043 3041
3 2731 3041 2730
3 3043 3049 3046
3 3052 3050 2734
3 2734 3050 2733
3 2984 2985 7548
3 2737 2743 2736
3 2736 2743 2754
3 2736 2754 9780
3 2736 9780 3053
3 3053 9780 7548
3 3053 7548 2985
3 7548 9780 2755
3 2755 9780 2754
3 2746 2749 2745
3 2745 2749 2752
3 7552 2981 9781
3 7552 9781 2758
3 2758 9781 7550
3 2758 7550 2757
3 7550 9781 2982
3 2982 9781 2981
3 7133 2773 9782
3 7133 9782 2761
3 2761 9782 2760
3 2760 9782 7553
3 7553 9782 2773
3 7553 2773 9783
3 7553 9783 2978
3 7553 2978 2979
3 2978 9783 3085
3 3085 9783 3088
3 3088 9783 2773
3 2776 2779 3089
3 2776 3089 2775
3 2782 3094 9785
3 2782 9785 9784
3 2782 9784 2781
3 2781 9784 3087
3 3087 9784 3086
3 3086 9784 2973
3 2973 9784 7393
3 7393 9784 9785
3 7393 9785 3091
3 7393 3091 2972
3 3091 9785 3094
3 2785 3100 9786
3 2785 9786 2784
3 2784 9786 3095
3 3095 9786 3097
3 3097 9786 3100
3 7166 2800 3103
3 7166 3103 3101
3 7166 3101 2787
3 7166 2787 2788
3 3103 2800 3106
3 3109 3107 2806
3 2803 2806 2802
3 2802 2806 3107
3 2809 3112 2808
3 2808 3112 3110
3 2812 3115 2811
3 2811 3115 3113
3 2815 3127 3121
3 2815 3121 3118
3 2815 3118 2814
3 2814 3118 3116
3 3121 3127 3124
3 2818 2827 9787
3 2818 9787 2817
3 2817 9787 3128
3 3128 9787 3130
3 3130 9787 3133
3 3133 9787 2827
3 2830 3134 2829
3 7199 2836 3148
3 7199 3148 9789
3 7199 9789 2833
3 2833 9789 9788
3 2833 9788 2832
3 2832 9788 3132
3 3132 9788 3139
3 3132 3139 3136
3 3132 3136 3131
3 3139 9788 3142
3 3142 9788 9789
3 3142 9789 3145
3 3145 9789 3148
3 2839 2845 9791
3 2839 9791 2838
3 2838 9791 9790
3 2838 9790 3149
3 3149 9790 7642
3 7642 9790 2857
3 2857 9790 9791
3 2857 9791 2856
3 2856 9791 2845
3 2848 2854 2847
3 2860 2863 7222
3 7222 2863 9792
3 7222 9792 7220
3 7220 9792 7643
3 7220 7643 2859
3 7643 9792 7644
3 7643 7644 3146
3 7643 3146 3147
3 7644 9792 2863
3 2866 2869 2865
3 2865 2869 3154
3 2865 3154 9793
3 2865 9793 7645
3 7645 9793 3144
3 3144 9793 3143
3 3143 9793 3151
3 3151 9793 3154
3 2872 3157 2871
3 2871 3157 3155
3 2875 2878 2874
3 2874 2878 3166
3 2874 3166 3158
3 3158 3166 3163
3 3158 3163 3160
3 2881 3167 2880
3 9796 9795 9799
3 9797 9796 9799
3 9798 9797 9799
3 9798 9799 2884
3 9798 2884 7672
3 9798 7672 7670
3 9798 7670 7668
3 9798 7668 9797
3 9797 7668 7666
3 9797 7666 9796
3 9796 7666 7664
3 9796 7664 9795
3 9795 7664 7662
3 9795 7662 9794
3 9795 9794 3164
3 9795 3164 3165
3 9795 3165 9799
3 9799 3165 2883
3 9799 2883 2884
3 3164 9794 3169
3 3169 9794 7662
3 3169 7662 3172
3 7668 7670 3175
3 7688 3190 7682
3 7688 7682 3181
3 7688 3181 7678
3 7688 7678 7690
3 7690 7678 7675
3 7690 7675 9800
3 7690 9800 2887
3 2887 9800 7673
3 2887 7673 2886
3 7673 9800 7671
3 7671 9800 3176
3 3176 9800 7675
3 3176 7675 3178
3 7682 3190 3187
3 7682 3187 3184
3 7693 3191 7689
3 7693 7689 7691
3 7693 7691 2890
3 2890 7691 2889
3 2893 2899 7250
3 7250 2899 9801
3 7250 9801 2892
3 2892 9801 7695
3 7695 9801 7697
3 7695 7697 3196
3 7695 3196 3189
3 3189 3196 3193
3 3189 3193 3188
3 7697 9801 2899
3 7699 3197 7698
3 7699 7698 2901
3 7699 2901 2902
3 7265 2911 7267
3 7265 7267 7269
3 7265 7269 9802
3 7265 9802 7263
3 7263 9802 7261
3 7261 9802 9804
3 7261 9804 9805
3 7261 9805 7259
3 7259 9805 2904
3 7259 2904 2905
3 2904 9805 7700
3 7700 9805 9803
3 7700 9803 3195
3 3195 9803 7273
3 3195 7273 2914
3 3195 2914 3194
3 7273 9803 7271
3 7271 9803 9804
3 7271 9804 9802
3 7271 9802 7269
3 9804 9803 9805
3 2917 3202 7275
3 7275 3202 3199
3 7275 3199 2916
3 2916 3199 3185
3 2916 3185 3192
3 3192 3185 3186
3 9806 9807 9808
3 9807 9809 9810
3 9808 9807 9810
3 9808 9810 9811
3 9810 9809 9812
3 9810 9812 9811
3 9811 9812 7281
3 9811 7281 2920
3 9811 2920 7726
3 9811 7726 9808
3 9808 7726 9806
3 9806 7726 3217
3 9806 3217 3214
3 9806 3214 3211
3 9806 3211 9807
3 9807 3211 3208
3 9807 3208 9809
3 9809 3208 7715
3 9809 7715 9812
3 9812 7715 3205
3 9812 3205 3203
3 9812 3203 2919
3 9812 2919 7281
3 7726 2920 3220
3 2923 2926 2922
3 2922 2926 3221
3 9813 9814 9815
3 9816 9815 9817
3 9816 9817 7301
3 9816 7301 7303
3 9816 7303 7752
3 9816 7752 9813
3 9816 9813 9815
3 9813 7752 7750
3 9813 7750 7748
3 9813 7748 9814
3 9814 7748 3225
3 9814 3225 3218
3 9814 3218 7730
3 9814 7730 9817
3 9814 9817 9815
3 9817 7730 7299
3 9817 7299 7301
3 7299 7730 3219
3 7299 3219 2928
3 3225 7748 3228
3 7752 7303 7305
3 7752 7305 7754
3 7754 7305 2929
3 9818 9819 9820
3 9818 9820 9821
3 9818 9821 9822
3 9818 9822 9823
3 9818 9823 9824
3 9818 9824 9819
3 9821 9820 9825
3 9823 9826 9827
3 9824 9823 9827
3 9827 9826 9828
3 9827 9828 3240
3 9827 3240 3237
3 9827 3237 9824
3 9824 3237 7766
3 9824 7766 9819
3 9819 7766 3231
3 9819 3231 9820
3 9820 3231 7757
3 9820 7757 9825
3 9825 7757 3229
3 9825 3229 7749
3 9825 7749 9821
3 9821 7749 7751
3 9821 7751 9822
3 9822 7751 7753
3 9822 7753 9826
3 9822 9826 9823
3 9826 7753 7755
3 9826 7755 2931
3 9826 2931 9828
3 9828 2931 2932
3 9828 2932 3243
3 9828 3243 3240
3 3231 7766 3234
3 2935 2943 2934
3 2934 2943 3249
3 2934 3249 3244
3 3244 3249 3246
3 9829 9832 9833
3 9830 9829 9833
3 9830 9833 9834
3 9831 9836 9837
3 9832 9831 9837
3 9832 9837 9838
3 9833 9832 9838
3 9833 9838 9839
3 9834 9833 9839
3 9834 9839 9840
3 9835 9834 9840
3 9835 9840 9841
3 9839 9838 9842
3 9839 9842 9843
3 9840 9839 9843
3 9841 9840 9843
3 9841 9843 9844
3 9841 9844 7808
3 9841 7808 7806
3 9841 7806 7804
3 9841 7804 9835
3 9835 7804 7802
3 9835 7802 9830
3 9835 9830 9834
3 9830 7802 3255
3 9830 3255 9829
3 9829 3255 3252
3 9829 3252 7798
3 9829 7798 9831
3 9829 9831 9832
3 9831 7798 3250
3 9831 3250 2945
3 9831 2945 9836
3 9836 2945 7329
3 9836 7329 9837
3 9837 7329 7333
3 9837 7333 9838
3 9838 7333 9842
3 9842 7333 7337
3 9842 7337 9843
3 9843 7337 7341
3 9843 7341 9844
3 9844 7341 2946
3 9844 2946 7808
3 9845 9848 9849
3 9846 9845 9849
3 9846 9849 9850
3 9847 9846 9850
3 9849 9848 9851
3 9849 9851 9852
3 9850 9849 9852
3 9850 9852 3264
3 9850 3264 3261
3 9850 3261 9847
3 9847 3261 7819
3 9847 7819 7816
3 9847 7816 9846
3 9846 7816 7814
3 9846 7814 9845
3 9845 7814 7812
3 9845 7812 7805
3 9845 7805 9848
3 9848 7805 7807
3 9848 7807 9851
3 9851 7807 7809
3 9851 7809 9853
3 9851 9853 9852
3 9852 9853 3264
3 3264 9853 2949
3 2949 9853 2948
3 2948 9853 7809
3 7805 7812 7803
3 7803 7812 7810
3 7803 7810 3256
3 7816 7819 3258
3 9857 9856 9858
3 9857 9858 9859
3 9854 9857 9859
3 9854 9859 3276
3 9854 3276 3273
3 9854 3273 3270
3 9854 3270 7837
3 9854 7837 9857
3 9857 7837 9856
3 9856 7837 3267
3 9856 3267 9855
3 9856 9855 7833
3 9856 7833 9858
3 9858 7833 7831
3 9858 7831 9859
3 9859 7831 3279
3 9859 3279 3276
3 3279 7831 7843
3 7843 7831 7845
3 7845 7831 7829
3 7845 7829 3282
3 3282 7829 7827
3 3282 7827 2952
3 2952 7827 2951
3 2951 7827 3265
3 7833 9855 7821
3 7833 7821 3260
3 7821 9855 3259
3 3259 9855 3267
3 2955 3288 7847
3 2955 7847 3283
3 2955 3283 2954
3 7847 3288 3285
3 2958 3092 2957
3 2957 3092 3289
3 3289 3092 3093
3 3289 3093 3096
3 3289 3096 3291
3 2961 2964 2960
3 2960 2964 2970
3 2960 2970 3090
3 2976 3084 2975
3 3048 3051 3047
3 2988 3058 7415
3 7415 3058 7489
3 7415 7489 7413
3 7413 7489 7486
3 7413 7486 2987
3 2987 7486 3055
3 2987 3055 3047
3 2987 3047 3051
3 2991 2994 7497
3 2991 7497 7495
3 2991 7495 2990
3 2990 7495 3059
3 7429 3000 7498
3 7429 7498 2996
3 7429 2996 2997
3 7498 3000 7509
3 7498 7509 7496
3 7496 7509 7506
3 7496 7506 7503
3 7496 7503 3057
3 3057 7503 7501
3 3057 7501 7491
3 7491 7501 7499
3 7491 7499 7488
3 7488 7499 3056
3 3056 7499 3061
3 7503 7506 3064
3 3064 7506 3067
3 9860 9862 9863
3 9861 9860 9863
3 9861 9863 9864
3 9861 9864 9865
3 9864 9863 9866
3 9864 9866 9867
3 9865 9864 9867
3 9865 9867 7519
3 9865 7519 7517
3 9865 7517 9861
3 9861 7517 7515
3 9861 7515 9860
3 9860 7515 3070
3 9860 3070 3068
3 9860 3068 9862
3 9862 3068 7508
3 9862 7508 7511
3 9862 7511 9863
3 9863 7511 9866
3 9866 7511 3002
3 9866 3002 7431
3 9866 7431 7433
3 9866 7433 9867
3 9867 7433 3003
3 9867 3003 7519
3 9868 9869 9870
3 9868 9870 3076
3 9868 3076 3073
3 9868 3073 7522
3 9868 7522 7516
3 9868 7516 7518
3 9868 7518 9869
3 9869 7518 7520
3 9869 7520 9871
3 9869 9871 7444
3 9869 7444 9870
3 9870 7444 3012
3 9870 3012 3015
3 9870 3015 3076
3 7444 9871 3009
3 3009 9871 3006
3 3006 9871 3005
3 3005 9871 7520
3 7516 7522 3071
3 3018 3077 3017
3 3082 3079 7537
3 7537 3079 9873
3 7537 9873 3021
3 3021 9873 9872
3 3021 9872 3020
3 3020 9872 3075
3 3075 9872 3074
3 3074 9872 7531
3 7531 9872 9873
3 7531 9873 3079
3 7463 3033 3036
3 7463 3036 7538
3 7463 7538 3024
3 3024 7538 3023
3 7538 3036 3083
3 3080 3081 7541
3 9876 9878 9879
3 9874 9876 9879
3 9874 9879 9877
3 9874 9877 9875
3 9874 9875 7545
3 9874 7545 7543
3 9874 7543 9876
3 9876 7543 7541
3 9876 7541 9878
3 9878 7541 3081
3 9878 3081 3038
3 9878 3038 3039
3 9878 3039 9879
3 9879 3039 3042
3 9879 3042 9877
3 9877 3042 3062
3 9877 3062 7500
3 9877 7500 9875
3 9875 7500 7502
3 9875 7502 7504
3 9875 7504 7545
3 7545 7504 3063
3 3045 3054 3060
3 3045 3060 3044
3 9880 9881 9882
3 9880 9882 7544
3 9880 7544 7546
3 9880 7546 3069
3 9880 3069 7524
3 9880 7524 9881
3 9881 7524 3072
3 9881 3072 7533
3 9881 7533 9882
3 9882 7533 7542
3 9882 7542 7544
3 7542 7533 3078
3 3069 7546 3065
3 3069 3065 3066
3 3099 3102 3294
3 3099 3294 3292
3 3099 3292 3098
3 3294 3102 3297
3 3105 3108 3104
3 3108 3111 3298
3 3108 3298 3104
3 3298 3111 3114
3 3298 3114 3300
3 3300 3114 3117
3 3120 3309 3306
3 3120 3306 7875
3 3120 7875 3119
3 3119 7875 3301
3 7875 3306 3303
3 3123 3312 3310
3 3123 3310 3122
3 3126 3129 3135
3 3126 3135 3329
3 3126 3329 3320
3 3126 3320 3317
3 3126 3317 3313
3 3126 3313 3125
3 3320 3329 3323
3 3323 3329 3326
3 3138 3330 3137
3 3141 3150 3332
3 3141 3332 3140
3 3140 3332 3327
3 3140 3327 3328
3 3338 3335 7916
3 3153 3156 9885
3 3153 9885 3152
3 3152 9885 9883
3 3152 9883 3333
3 3333 9883 3335
3 3335 9883 7916
3 7916 9883 9884
3 7916 9884 3341
3 3341 9884 3344
3 3344 9884 3347
3 3347 9884 9885
3 3347 9885 3159
3 3159 9885 3156
3 9885 9884 9883
3 3162 3168 3161
3 3161 3168 3348
3 3171 3359 7938
3 3171 7938 3170
3 3170 7938 9887
3 3170 9887 3346
3 3346 9887 3345
3 3345 9887 9886
3 3345 9886 3350
3 3350 9886 3353
3 3353 9886 7936
3 7936 9886 7938
3 7936 7938 3356
3 7938 9886 9887
3 3174 3177 9891
3 3174 9891 7669
3 7669 9891 7667
3 7667 9891 9890
3 7667 9890 9889
3 7667 9889 7665
3 7665 9889 9888
3 7665 9888 7663
3 7663 9888 3360
3 7663 3360 3173
3 3360 9888 3362
3 3362 9888 9889
3 3362 9889 7945
3 7945 9889 9890
3 7945 9890 3365
3 3365 9890 9891
3 3365 9891 3177
3 9892 9894 9895
3 9893 9892 9895
3 9893 9895 9896
3 9893 9896 9897
3 9895 9894 9898
3 9895 9898 9899
3 9896 9895 9899
3 9896 9899 9897
3 9897 9899 7680
3 9897 7680 3180
3 9897 3180 7959
3 9897 7959 9893
3 9893 7959 7957
3 9893 7957 3368
3 9893 3368 9892
3 9892 3368 7955
3 9892 7955 7953
3 9892 7953 9894
3 9894 7953 7951
3 9894 7951 9898
3 9898 7951 3366
3 9898 3366 3179
3 9898 3179 9899
3 9899 3179 7677
3 9899 7677 7680
3 3183 3198 7683
3 7683 3198 7965
3 7683 7965 7960
3 7683 7960 3182
3 7960 7965 7958
3 7958 7965 3377
3 7958 3377 9900
3 7958 9900 3369
3 3369 9900 3374
3 3369 3374 3371
3 3374 9900 3377
3 3201 3204 9901
3 3201 9901 3200
3 3200 9901 7966
3 7966 9901 3204
3 7966 3204 3378
3 7973 3380 3375
3 7973 3375 3376
3 7973 3376 7716
3 7973 7716 3207
3 7716 3376 3206
3 9902 9903 9904
3 9902 9904 9905
3 9902 9905 9906
3 9904 9903 9907
3 9904 9907 9908
3 9904 9908 9909
3 9905 9904 9909
3 9905 9909 9910
3 9905 9910 9911
3 9906 9905 9911
3 9907 9912 9913
3 9908 9907 9913
3 9908 9913 9914
3 9909 9908 9914
3 9909 9914 9915
3 9910 9909 9915
3 9910 9915 9916
3 9910 9916 9917
3 9911 9910 9917
3 9916 9915 9918
3 9916 9918 9919
3 9917 9916 9919
3 9917 9919 7974
3 9917 7974 3209
3 9917 3209 9911
3 9911 3209 3210
3 9911 3210 9906
3 9906 3210 9902
3 9902 3210 7992
3 9902 7992 9903
3 9903 7992 3392
3 9903 3392 7988
3 9903 7988 9907
3 9907 7988 9912
3 9912 7988 3389
3 9912 3389 7983
3 9912 7983 9913
3 9913 7983 3386
3 9913 3386 9914
3 9914 3386 7978
3 9914 7978 9915
3 9915 7978 9918
3 9918 7978 3383
3 9918 3383 9919
3 9919 3383 3381
3 9919 3381 7974
3 3213 3395 7993
3 3213 7993 3212
3 7993 3395 3393
3 3216 3224 3215
3 3215 3224 8000
3 3215 8000 3396
3 3396 8000 3398
3 9921 9922 9923
3 9921 9923 8001
3 9921 8001 9920
3 9921 9920 8014
3 9921 8014 9922
3 9922 8014 3407
3 9922 3407 3404
3 9922 3404 9923
3 9923 3404 3401
3 9923 3401 3399
3 9923 3399 8001
3 3407 8014 8012
3 3407 8012 8004
3 8004 8012 8006
3 8006 8012 3413
3 8006 3413 3410
3 8014 9920 3230
3 3230 9920 7759
3 7759 9920 3227
3 3227 9920 8001
3 3227 8001 3226
3 3233 3416 9925
3 3233 9925 9924
3 3233 9924 3232
3 3232 9924 8015
3 8015 9924 9925
3 8015 9925 8013
3 8013 9925 3414
3 3414 9925 3416
3 3236 3425 7770
3 7770 3425 8034
3 7770 8034 9926
3 7770 9926 9928
3 7770 9928 3235
3 3235 9928 9929
3 3235 9929 3417
3 3417 9929 3419
3 3419 9929 3422
3 3422 9929 8028
3 8028 9929 9927
3 8028 9927 8030
3 8030 9927 9926
3 8030 9926 8032
3 8032 9926 8034
3 9926 9927 9928
3 9928 9927 9929
3 3239 3440 3437
3 3239 3437 3426
3 3239 3426 3238
3 3426 3437 3434
3 3426 3434 3431
3 3426 3431 3428
3 3242 3245 3443
3 3242 3443 3441
3 3242 3441 3241
3 7799 3251 8054
3 7799 8054 3247
3 7799 3247 3248
3 3247 8054 3444
3 3444 8054 3436
3 3436 8054 3435
3 9930 9931 9932
3 9930 9932 9933
3 9930 9933 9934
3 9930 9934 9935
3 9930 9935 9936
3 9930 9936 9931
3 9933 9932 9937
3 9933 9937 9938
3 9933 9938 9939
3 9934 9933 9939
3 9934 9939 9940
3 9935 9934 9940
3 9935 9940 9941
3 9935 9941 9942
3 9936 9935 9942
3 9936 9942 9943
3 9936 9943 9944
3 9931 9936 9944
3 9944 9943 9945
3 9944 9945 3257
3 9944 3257 3266
3 9944 3266 9931
3 9931 3266 8059
3 9931 8059 9932
3 9932 8059 3446
3 9932 3446 9937
3 9937 3446 3432
3 9937 3432 3433
3 9937 3433 8055
3 9937 8055 9938
3 9938 8055 3253
3 9938 3253 9939
3 9939 3253 3254
3 9939 3254 9940
3 9940 3254 7811
3 9940 7811 9941
3 9941 7811 7813
3 9941 7813 9942
3 9942 7813 7815
3 9942 7815 9943
3 9943 7815 7817
3 9943 7817 9945
3 9945 7817 3257
3 7834 3262 9946
3 7834 9946 7832
3 7832 9946 9947
3 7832 9947 7830
3 7830 9947 7828
3 7828 9947 3263
3 3263 9947 3262
3 3262 9947 9946
3 3269 3449 9948
3 3269 9948 7838
3 7838 9948 3268
3 3268 9948 8061
3 8061 9948 3449
3 8061 3449 3447
3 9950 9951 9952
3 9952 9951 9953
3 9952 9953 8029
3 9952 8029 8031
3 9952 8031 9950
3 9950 8031 8033
3 9950 8033 9949
3 9950 9949 3271
3 9950 3271 9951
3 9951 3271 3272
3 9951 3272 3455
3 9951 3455 9953
3 9953 3455 8067
3 9953 8067 3452
3 9953 3452 8029
3 8029 3452 3423
3 3271 9949 3450
3 3450 9949 8035
3 3450 8035 3427
3 3427 8035 3424
3 8035 9949 8033
3 8181 3280 7844
3 8181 7844 9954
3 8181 9954 9956
3 8181 9956 9955
3 8181 9955 8183
3 8183 9955 8075
3 8183 8075 3458
3 8183 3458 8073
3 8183 8073 8185
3 8185 8073 8071
3 8185 8071 3456
3 8185 3456 8187
3 8187 3456 3274
3 8187 3274 3275
3 8075 9955 3284
3 3284 9955 9956
3 3284 9956 7848
3 7848 9956 9954
3 7848 9954 7846
3 7848 7846 3281
3 7846 9954 7844
3 8188 3277 9957
3 8188 9957 8186
3 8186 9957 9958
3 8186 9958 8184
3 8184 9958 8182
3 8182 9958 3278
3 3278 9958 9957
3 3278 9957 3277
3 3287 3290 3286
3 3286 3290 9959
3 3286 9959 8076
3 8076 9959 8081
3 8076 8081 3459
3 3459 8081 8077
3 8077 8081 3467
3 8077 3467 3461
3 3461 3467 3464
3 8081 9959 3470
3 3470 9959 3293
3 3293 9959 3290
3 3296 3299 9960
3 3296 9960 3471
3 3296 3471 3295
3 3471 9960 8086
3 8086 9960 9961
3 8086 9961 3476
3 8086 3476 3473
3 3476 9961 3302
3 3302 9961 7876
3 7876 9961 9960
3 7876 9960 3299
3 8102 3485 8100
3 8102 8100 3479
3 8102 3479 3304
3 8102 3304 3305
3 3304 3479 3477
3 8100 3485 3482
3 3308 3311 9962
3 3308 9962 3307
3 3307 9962 8103
3 8103 9962 3486
3 3486 9962 3488
3 3488 9962 3491
3 3491 9962 3316
3 3316 9962 3311
3 3319 3339 9963
3 3319 9963 3318
3 3318 9963 3492
3 3492 9963 7918
3 3492 7918 3494
3 3494 7918 3497
3 3497 7918 3340
3 7918 9963 3339
3 3336 3337 3322
3 3322 3337 3321
3 3325 3331 3334
3 3325 3334 3324
3 3343 3349 3342
3 3342 3349 3498
3 3352 3506 9965
3 3352 9965 3351
3 3351 9965 3495
3 3351 3495 3496
3 3495 9965 3487
3 3487 9965 3484
3 3484 9965 9964
3 3484 9964 8124
3 3484 8124 3483
3 3483 8124 3500
3 8124 9964 8126
3 8126 9964 9965
3 8126 9965 3506
3 8126 3506 3503
3 9966 9967 9968
3 9966 9968 8169
3 9966 8169 3387
3 9966 3387 7985
3 9966 7985 8133
3 9966 8133 3509
3 9966 3509 9967
3 9967 3509 3507
3 9967 3507 7937
3 9967 7937 3355
3 9967 3355 9968
3 9968 3355 3544
3 9968 3544 8169
3 8169 3544 3541
3 8169 3541 3538
3 7937 3507 3354
3 8133 7985 3512
3 3512 7985 3388
3 3358 3361 9969
3 3358 9969 7939
3 7939 9969 3357
3 3357 9969 3545
3 3545 9969 3547
3 3547 9969 3361
3 7956 3367 3370
3 7956 3370 3550
3 7956 3550 9970
3 7956 9970 7954
3 7954 9970 9971
3 7954 9971 7952
3 7952 9971 9972
3 7952 9972 7947
3 7952 7947 3364
3 7947 9972 3363
3 3363 9972 3548
3 3548 9972 9971
3 3548 9971 3540
3 3540 9971 3539
3 3539 9971 9970
3 3539 9970 3550
3 3373 3379 3372
3 3372 3379 3382
3 3372 3382 3551
3 8170 3537 9973
3 8170 9973 3385
3 3385 9973 7980
3 7980 9973 3549
3 7980 3549 3384
3 3549 9973 3537
3 3513 3390 3515
3 3391 3394 3397
3 3391 3397 3400
3 3391 3400 7990
3 7990 3400 3518
3 7990 3518 3515
3 7990 3515 3390
3 3403 3519 3402
3 8145 3521 9976
3 8145 9976 9974
3 8145 9974 3406
3 3406 9974 3405
3 3405 9974 9975
3 3405 9975 3517
3 3517 9975 3516
3 3516 9975 9976
3 3516 9976 3521
3 9976 9975 9974
3 3409 3524 8007
3 8007 3524 9977
3 8007 9977 8005
3 8005 9977 8146
3 8005 8146 3408
3 8146 9977 9978
3 8146 9978 8101
3 8146 8101 3481
3 8146 3481 3499
3 8146 3499 3522
3 8101 9978 3480
3 3480 9978 3524
3 3524 9978 9977
3 3412 3415 3418
3 3412 3418 3535
3 3412 3535 3411
3 3411 3535 3525
3 3525 3535 3532
3 3525 3532 3466
3 3525 3466 3527
3 3466 3532 3465
3 3421 3451 3536
3 3421 3536 3420
3 3430 3445 3429
3 3429 3445 3448
3 3439 3442 3438
3 8074 3457 9980
3 8074 9980 9979
3 8074 9979 8072
3 8072 9979 8068
3 8072 8068 3454
3 8068 9979 3453
3 3453 9979 9980
3 3453 9980 3534
3 3534 9980 3533
3 3533 9980 3460
3 3460 9980 8078
3 8078 9980 3457
3 3463 3531 3462
3 8088 3472 3528
3 8088 3528 3468
3 8088 3468 8082
3 8088 8082 3469
3 3475 3478 3523
3 3475 3523 3526
3 3475 3526 3474
3 3490 3493 3489
3 9982 9981 9983
3 9982 9983 8135
3 9982 8135 3511
3 9982 3511 3514
3 9982 3514 9981
3 9981 3514 3520
3 9981 3520 8125
3 9981 8125 9983
3 9983 8125 8127
3 9983 8127 3510
3 9983 3510 8135
3 3510 8127 3502
3 8125 3520 3501
3 3505 3508 3504
3 3543 3546 3542
3 8241 3554 8234
3 8241 8234 3555
3 8286 3565 9984
3 8286 9984 8284
3 8284 9984 8282
3 8282 9984 9985
3 8282 9985 8280
3 8280 9985 8278
3 8278 9985 3565
3 3565 9985 9984
3 9986 9987 9988
3 9986 9988 8300
3 9986 8300 8302
3 9986 8302 8304
3 9986 8304 9987
3 9987 8304 8306
3 9987 8306 3571
3 9987 3571 9988
3 9988 3571 8298
3 9988 8298 8300
