12.645	78.764	-7.082
13.77	79.302	-7.413
13.136	78.753	-7.261
13.91	79.666	-6.476
12.797	79.159	-6.065
13.316	79.222	-6.058
12.43	76.917	-4.807
12.048	77.212	-5.009
12.583	76.36	-4.611
12.345	75.743	-6.182
11.848	76.691	-6.336
12.192	76.3	-6.378
13.217	75.587	-7.307
13.064	76.144	-7.502
13.748	74.541	-8.596
14.769	75.186	-9.041
14.273	76.908	-8.03
15.282	77.077	-8.248
15.232	77.319	-8.292
14.223	77.15	-8.074
14.683	77.524	-8.149
13.976	78.634	-7.86
13.463	78.344	-7.762
14.024	78.983	-7.802
15.057	78.818	-8.091
14.928	79.137	-7.996
15.634	78.711	-8.229
16.026	79.303	-7.795
15.233	79.598	-7.658
16.507	79.448	-7.834
16.636	79.779	-6.99
15.352	79.902	-6.881
16.179	79.694	-6.796
15.972	79.582	-5.988
15.191	79.815	-6.253
15.371	79.629	-6.008
14.29	79.446	-5.771
14.286	79.663	-6.055
13.8	79.217	-5.516
15.156	78.742	-5.012
14.732	78.46	-4.699
15.74	78.629	-4.917
15.919	77.906	-4.653
14.91	77.736	-4.436
15.612	77.01	-4.255
15.602	77.002	-4.246
14.899	77.728	-4.427
15.052	77.171	-4.231
14.594	73.882	-6.02
14.045	74.051	-6.005
14.447	73.244	-7.496
15.077	73.693	-6.0
14.855	73.084	-7.479
16.092	72.835	-5.988
16.161	72.728	-6.063
14.931	72.968	-7.561
16.171	72.295	-7.129
16.173	71.897	-7.704
14.932	72.536	-8.185
15.328	72.191	-8.651
15.314	72.189	-8.661
14.92	72.534	-8.194
15.104	71.611	-9.111
14.01	72.523	-10.249
13.826	73.446	-9.331
14.079	73.219	-9.946
14.181	74.049	-10.14
13.917	74.18	-9.504
14.254	74.415	-10.728
15.149	75.419	-10.29
14.812	75.184	-9.065
15.332	77.075	-8.276
16.298	75.401	-10.441
16.692	77.054	-8.454
16.49	75.163	-9.815
16.494	75.162	-9.814
16.696	77.052	-8.453
17.606	75.906	-8.613
18.176	76.295	-8.452
17.37	77.513	-8.262
17.643	77.936	-8.229
18.348	76.341	-8.38
17.814	77.982	-8.157
18.294	76.829	-8.018
19.075	77.383	-7.097
18.473	78.45	-7.379
19.132	77.51	-6.868
18.704	77.808	-5.611
18.008	78.774	-6.014
17.803	78.506	-5.64
18.643	77.73	-5.47
17.726	78.405	-5.459
18.446	77.666	-5.3
17.705	77.094	-4.599
16.984	77.833	-4.758
17.849	76.674	-4.123
17.529	76.49	-4.024
16.664	77.648	-4.659
16.357	76.753	-4.26
17.408	76.18	-3.768
16.236	76.443	-4.005
17.295	75.98	-3.631
16.964	74.487	-3.651
15.811	74.524	-4.03
16.982	74.261	-3.794
16.969	74.089	-3.919
15.797	74.352	-4.156
16.888	73.512	-4.207
16.76	73.354	-4.335
15.669	74.194	-4.283
15.763	74.037	-4.425
15.346	73.653	-5.191
15.133	73.7	-5.268
16.135	72.84	-5.419
15.46	73.691	-4.933
16.249	72.878	-5.16
16.298	71.468	-4.352
16.402	71.007	-5.21
16.345	72.454	-5.95
16.355	72.021	-7.016
16.713	70.482	-5.523
16.641	71.538	-7.304
17.419	70.49	-6.597
17.523	70.361	-6.91
16.737	71.419	-7.592
16.911	71.303	-7.759
16.777	71.358	-7.909
16.632	71.463	-7.709
16.029	69.834	-9.175
15.752	70.039	-9.285
16.378	71.651	-7.81
15.339	71.346	-9.218
15.123	71.604	-9.111
16.178	71.889	-7.712
15.335	72.181	-8.66
14.89	69.799	-9.933
14.477	71.107	-9.867
14.637	69.571	-10.207
14.496	69.606	-10.439
14.324	71.144	-10.119
13.969	70.579	-11.046
13.517	71.905	-11.5
13.943	72.264	-10.502
13.292	72.406	-11.843
13.396	72.8	-11.843
14.031	72.598	-10.501
13.411	73.065	-11.881
13.42	73.087	-11.877
14.04	72.622	-10.498
14.112	73.331	-10.227
13.458	73.449	-11.956
14.159	73.776	-10.324
14.234	74.173	-10.891
13.888	74.18	-12.825
14.701	74.966	-11.835
14.01	74.234	-13.058
14.154	74.28	-13.165
14.823	75.005	-11.925
14.105	75.202	-14.3
15.027	75.229	-14.576
15.745	75.032	-12.202
15.541	74.76	-14.506
15.914	74.579	-14.514
16.075	74.872	-12.208
15.988	74.146	-13.906
16.469	73.702	-13.741
16.557	74.427	-12.043
16.903	73.373	-12.493
17.253	73.253	-11.982
16.937	74.298	-11.488
17.839	73.942	-10.633
17.333	74.991	-9.663
16.43	75.346	-10.518
17.735	75.853	-8.691
17.619	75.9	-8.622
16.314	75.394	-10.448
16.509	75.156	-9.824
18.237	74.653	-9.738
18.64	75.515	-8.767
18.919	74.974	-8.893
19.719	75.414	-7.94
19.315	75.887	-7.961
19.44	76.291	-7.522
20.185	75.114	-6.997
19.906	75.99	-6.579
20.47	75.573	-5.721
20.318	76.273	-5.196
19.726	76.82	-5.958
19.638	77.072	-5.982
19.846	76.549	-4.544
19.204	77.325	-5.382
19.167	77.146	-5.187
19.647	76.531	-4.339
18.932	77.125	-4.944
19.077	76.705	-4.468
19.532	74.836	-3.329
18.94	74.698	-3.272
20.231	73.196	-1.889
19.728	72.529	-2.069
18.293	73.84	-3.504
18.474	72.131	-3.516
18.079	72.088	-3.594
17.88	73.794	-3.586
17.799	73.218	-3.874
18.015	72.068	-3.609
17.731	73.197	-3.89
17.449	71.711	-3.425
16.486	71.629	-4.018
16.592	73.1	-4.592
15.632	73.84	-4.625
18.326	71.671	-3.315
17.724	71.359	-3.165
19.509	71.823	-1.888
19.473	71.398	-1.697
17.694	71.0	-3.004
19.369	70.834	-1.467
19.287	70.112	-1.456
17.612	70.279	-2.993
18.885	68.903	-1.211
18.513	69.473	-2.815
18.807	69.155	-2.404
19.073	68.025	-2.023
17.801	69.401	-3.805
19.68	67.845	-3.184
19.791	67.753	-3.8
17.894	69.323	-4.326
18.518	69.371	-4.627
18.046	69.492	-5.42
17.477	69.43	-5.028
18.183	69.438	-6.102
18.948	69.374	-5.301
18.981	69.334	-5.996
20.241	67.756	-4.507
20.757	67.845	-4.87
19.418	69.409	-6.303
21.235	67.732	-5.291
20.258	69.417	-5.556
20.84	68.922	-5.216
21.735	68.12	-5.583
19.84	69.737	-6.55
21.05	69.849	-5.686
21.197	70.131	-5.943
19.964	69.975	-6.767
21.419	70.237	-6.047
21.432	71.144	-6.349
19.978	70.96	-7.095
21.213	71.297	-6.331
21.154	71.489	-6.324
19.928	71.122	-7.089
20.046	72.61	-7.561
20.031	72.602	-7.591
19.916	71.115	-7.114
19.743	72.195	-8.001
19.729	72.154	-8.047
19.904	71.08	-7.154
19.681	71.963	-8.229
19.24	71.35	-8.672
19.425	70.414	-7.635
19.805	69.696	-10.348
19.009	70.258	-7.924
19.319	69.671	-10.137
19.164	69.193	-10.304
18.783	69.911	-7.592
17.925	69.68	-9.961
17.597	69.55	-9.824
18.506	69.802	-7.476
17.125	69.227	-9.615
17.7	70.203	-8.106
17.222	70.004	-8.844
16.206	69.729	-9.156
17.587	70.303	-7.018
16.986	71.234	-7.887
17.669	69.125	-10.197
17.186	68.868	-9.929
18.947	68.725	-10.504
18.788	68.354	-10.9
17.026	68.498	-10.325
18.039	66.582	-11.367
17.393	66.247	-11.34
16.481	68.215	-10.302
16.911	66.526	-11.522
16.574	66.47	-11.558
16.175	68.164	-10.336
16.254	66.312	-11.568
16.202	66.311	-11.57
16.119	68.163	-10.338
15.768	68.065	-10.579
15.33	66.757	-12.741
14.896	68.51	-11.751
15.47	67.001	-12.961
15.474	67.012	-12.972
14.899	68.519	-11.76
15.334	68.63	-12.8
15.311	68.659	-12.806
14.881	68.542	-11.765
14.465	69.211	-12.751
13.939	69.467	-12.292
14.472	68.741	-11.408
13.73	69.589	-12.177
13.698	70.384	-11.269
14.44	69.536	-10.5
13.898	70.489	-11.125
12.97	70.839	-12.219
12.962	71.075	-12.347
12.736	71.576	-12.69
12.959	70.708	-12.404
12.722	71.406	-12.927
12.947	70.905	-12.584
13.172	70.468	-13.37
12.947	70.969	-13.713
12.957	70.264	-14.838
12.849	70.418	-14.942
12.808	71.167	-13.846
12.763	71.26	-14.093
12.875	72.476	-14.852
12.952	72.731	-14.821
13.09	73.892	-15.7
12.879	72.471	-14.858
13.094	73.887	-15.707
13.268	72.64	-16.22
13.802	73.176	-17.344
13.628	74.423	-16.831
13.96	73.85	-17.054
14.066	73.938	-17.117
13.722	74.501	-16.887
14.105	73.276	-18.851
14.542	73.624	-18.97
14.091	74.795	-16.987
14.483	74.27	-17.23
15.058	74.693	-17.09
14.6	75.169	-16.863
15.72	74.738	-17.304
16.443	75.12	-15.842
15.323	75.551	-15.401
15.875	75.124	-15.438
16.991	74.318	-15.268
16.495	74.218	-14.789
16.502	73.827	-14.15
17.24	73.921	-15.333
16.751	73.43	-14.215
18.215	72.511	-14.39
18.189	72.415	-14.037
16.729	73.349	-13.917
17.142	73.048	-12.655
18.577	72.172	-13.6
17.444	72.859	-12.315
18.55	71.946	-13.072
18.612	71.893	-12.914
17.492	72.818	-12.192
17.611	72.589	-12.123
17.576	72.748	-11.773
17.464	72.942	-11.92
18.069	73.604	-10.565
17.744	72.45	-11.621
18.211	73.352	-10.437
18.122	71.936	-11.525
18.204	71.863	-11.436
18.28	73.29	-10.361
19.348	71.549	-12.019
19.38	71.537	-11.985
18.306	73.279	-10.333
18.713	72.94	-10.007
18.907	74.203	-9.408
18.47	74.347	-9.827
19.195	74.61	-8.998
20.056	70.976	-11.359
19.389	72.379	-9.381
19.417	72.139	-9.266
20.118	70.623	-11.134
19.465	71.865	-9.092
20.05	70.255	-10.803
20.739	70.209	-11.328
20.574	69.905	-10.967
21.846	69.174	-10.717
21.517	68.735	-10.234
20.217	69.428	-10.442
21.597	68.245	-9.089
20.682	67.041	-9.288
19.385	68.334	-10.623
20.629	66.921	-9.865
20.531	66.694	-10.143
19.302	68.141	-10.857
18.648	66.33	-11.317
20.518	66.431	-10.041
18.635	66.067	-11.215
19.167	65.372	-10.838
19.142	65.359	-10.828
18.61	66.054	-11.204
18.594	65.538	-10.932
17.255	65.382	-11.052
17.169	65.886	-11.334
16.703	66.19	-11.516
17.242	65.372	-11.054
16.69	66.18	-11.518
16.351	66.07	-11.535
16.586	64.002	-12.659
15.802	64.924	-12.877
16.45	64.402	-13.062
16.45	64.403	-13.066
15.801	64.925	-12.88
16.033	64.811	-13.127
16.906	64.873	-14.528
16.458	65.248	-14.486
15.949	64.862	-17.044
16.489	65.789	-15.431
16.262	65.58	-16.49
15.713	64.999	-17.021
16.176	65.412	-14.458
16.118	66.046	-15.621
15.497	67.367	-14.98
15.492	66.866	-13.752
14.17	68.653	-15.109
14.199	68.835	-14.9
15.524	67.067	-13.522
15.388	68.69	-13.391
14.151	68.88	-14.858
15.331	68.743	-13.342
14.484	69.295	-13.287
13.193	69.573	-14.919
13.351	70.115	-13.359
13.097	69.989	-14.83
12.953	70.158	-16.547
12.876	70.528	-16.328
12.942	70.754	-17.992
13.006	71.19	-17.93
12.939	70.964	-16.267
13.239	71.917	-16.828
13.205	72.232	-16.283
12.907	71.254	-15.765
12.821	72.096	-14.917
13.01	71.472	-18.121
13.244	72.223	-17.035
13.154	71.636	-17.966
13.548	72.374	-18.396
13.577	72.846	-17.398
13.728	72.794	-18.85
14.035	73.189	-18.819
13.836	73.18	-17.372
13.999	73.855	-17.086
13.194	71.799	-19.069
13.374	72.219	-19.523
13.041	71.599	-18.978
13.062	71.174	-19.363
13.401	71.672	-20.017
13.221	71.252	-19.563
13.958	70.264	-20.185
14.138	70.684	-20.639
14.642	69.968	-21.863
15.388	71.397	-22.631
15.022	72.375	-21.548
15.471	71.392	-23.061
15.525	71.418	-23.063
15.092	72.41	-21.55
16.187	72.514	-22.268
16.348	73.114	-21.993
15.283	73.119	-21.225
16.381	74.308	-21.499
16.379	74.947	-19.817
15.281	73.875	-19.234
15.868	73.995	-19.077
15.842	73.962	-18.946
15.251	73.837	-19.079
15.809	74.544	-17.521
15.691	74.516	-17.465
15.11	73.804	-19.013
15.025	74.442	-17.271
15.972	74.023	-18.968
15.939	74.606	-17.543
16.483	74.976	-19.708
17.855	74.988	-19.361
17.31	74.618	-17.196
17.974	74.384	-19.023
18.209	74.144	-18.903
17.519	74.406	-17.09
18.824	73.869	-18.765
19.082	73.247	-18.364
17.776	73.784	-16.69
19.394	72.277	-16.498
19.415	72.327	-16.262
17.799	73.838	-16.433
19.398	72.404	-15.914
19.229	72.478	-15.234
17.646	73.905	-15.815
18.695	72.491	-14.96
19.497	72.397	-14.751
18.983	72.404	-14.44
20.001	72.41	-14.447
20.009	72.072	-13.631
18.991	72.066	-13.624
18.964	71.84	-13.096
20.01	72.071	-13.631
18.964	71.839	-13.096
19.487	71.708	-12.793
19.236	71.653	-12.385
18.714	71.784	-12.688
17.714	72.48	-11.898
19.272	71.609	-12.201
17.749	72.436	-11.714
18.127	71.922	-11.618
20.685	71.914	-13.277
20.162	71.551	-12.439
20.656	71.565	-12.791
21.333	70.641	-12.075
20.891	70.557	-11.669
21.633	70.448	-12.088
21.665	70.228	-11.995
20.931	70.275	-11.549
21.996	69.225	-10.888
22.367	69.975	-12.434
22.699	68.972	-11.328
22.969	68.782	-11.463
22.951	68.516	-10.408
22.684	68.75	-10.446
23.113	68.236	-9.924
23.076	68.24	-9.889
22.654	68.753	-10.419
22.956	68.266	-9.31
24.108	67.217	-9.492
23.916	67.315	-8.941
24.144	66.985	-8.503
23.409	67.636	-7.752
23.233	67.92	-8.243
24.445	68.582	-6.168
24.139	68.666	-6.018
22.948	67.999	-8.103
23.103	67.72	-7.602
22.602	67.752	-7.449
22.482	68.028	-7.961
22.683	68.372	-5.766
22.504	68.368	-5.749
22.316	68.025	-7.946
21.903	70.211	-5.977
22.108	67.991	-7.882
21.739	70.127	-5.974
21.556	70.124	-5.946
21.901	67.92	-7.91
21.977	67.636	-7.394
20.683	65.822	-8.649
20.698	66.234	-9.077
20.647	66.054	-9.639
20.693	65.735	-8.67
20.657	65.967	-9.659
19.305	64.908	-10.457
20.682	65.522	-8.564
19.295	64.695	-10.35
19.078	63.937	-9.601
18.609	63.979	-9.694
18.825	64.737	-10.443
18.3	64.959	-10.574
18.333	63.914	-9.673
18.044	64.899	-10.554
18.071	63.861	-9.66
17.024	63.066	-10.315
16.793	63.949	-11.338
16.987	62.892	-10.516
16.95	62.744	-10.699
16.758	63.811	-11.509
16.254	61.893	-10.726
16.219	61.85	-10.854
16.72	63.763	-11.65
16.639	62.178	-11.142
17.21	61.725	-12.663
17.251	63.342	-13.064
17.366	61.615	-12.851
17.596	61.605	-13.02
17.526	63.33	-13.266
17.992	62.984	-13.338
18.046	63.089	-13.472
17.576	63.427	-13.39
17.515	63.784	-13.849
18.778	63.349	-14.023
18.246	64.044	-14.4
19.255	63.493	-14.34
19.263	63.506	-14.354
18.254	64.057	-14.413
19.236	63.969	-14.741
19.171	64.276	-15.018
18.189	64.364	-14.69
18.15	64.322	-17.152
17.514	64.559	-17.173
17.37	64.669	-14.717
16.31	64.704	-17.191
17.091	65.399	-15.417
16.562	65.331	-16.645
17.46	63.969	-18.332
16.256	64.113	-18.349
16.342	64.147	-18.694
15.045	65.817	-17.398
15.171	65.511	-17.265
15.529	66.601	-15.887
14.976	65.97	-17.454
15.466	66.74	-15.937
14.804	67.279	-16.909
14.682	67.595	-16.659
15.334	67.083	-15.665
14.702	67.78	-16.466
14.694	67.835	-16.412
15.328	67.129	-15.62
14.001	68.414	-15.749
14.59	67.839	-16.523
13.913	68.418	-15.843
14.595	67.641	-16.703
14.271	67.791	-17.111
13.56	68.581	-16.285
14.173	68.032	-17.047
13.855	68.81	-17.742
13.292	69.238	-16.873
13.468	69.624	-18.185
13.182	70.103	-18.063
13.05	69.643	-16.77
13.031	70.28	-18.196
14.308	68.497	-18.714
13.921	69.311	-19.157
14.37	68.883	-19.182
14.712	69.144	-19.852
14.325	69.62	-19.95
14.951	69.424	-21.665
14.886	68.947	-19.859
15.126	69.227	-21.672
15.522	68.917	-21.332
15.551	68.816	-21.465
15.15	69.141	-21.784
15.64	67.538	-20.844
15.763	67.332	-21.272
15.262	68.954	-22.173
15.684	68.594	-21.925
15.814	68.533	-22.281
15.372	68.903	-22.474
16.138	68.107	-22.661
16.138	68.206	-23.025
15.371	68.986	-22.781
16.209	68.031	-23.215
16.238	68.18	-23.497
15.403	69.147	-23.088
15.484	69.321	-23.481
16.491	68.354	-23.948
15.737	69.494	-23.933
16.5	68.62	-23.968
17.135	69.331	-24.399
16.231	70.047	-24.268
17.406	70.265	-24.661
17.236	70.894	-24.702
16.099	70.536	-24.3
17.204	71.158	-24.729
17.002	72.093	-23.892
15.897	71.472	-23.463
16.591	72.572	-22.703
17.194	72.324	-23.922
16.8	72.822	-22.735
17.223	72.392	-23.664
18.037	72.926	-23.458
17.487	73.273	-22.561
18.596	73.239	-23.514
18.632	73.273	-23.472
17.518	73.302	-22.526
17.55	74.497	-22.031
18.991	73.52	-23.402
17.854	74.705	-21.972
19.148	73.63	-23.216
20.017	73.589	-22.329
18.798	74.66	-21.009
19.559	73.753	-20.518
18.998	74.07	-19.059
18.236	74.977	-19.55
18.405	74.372	-19.236
20.311	73.39	-22.24
19.878	73.537	-20.422
20.486	73.211	-22.148
20.754	71.532	-21.592
20.105	72.119	-19.953
19.977	71.201	-20.765
19.95	71.136	-20.688
20.076	72.048	-19.869
20.689	70.126	-19.245
20.765	70.261	-18.896
20.159	72.194	-19.49
20.646	70.394	-18.748
20.477	70.653	-18.067
20.015	72.413	-18.914
20.253	71.509	-17.005
20.578	70.594	-17.996
20.332	71.464	-16.95
21.569	71.305	-16.587
21.546	71.651	-16.376
20.311	71.782	-16.756
21.047	71.718	-16.333
20.645	72.279	-15.759
19.999	72.219	-16.309
20.096	72.275	-15.971
22.779	70.816	-14.345
22.506	70.729	-13.928
22.483	70.299	-13.194
22.093	70.774	-12.828
22.004	71.34	-13.458
21.882	71.031	-12.96
22.767	70.036	-14.673
22.472	69.58	-13.496
22.493	69.805	-14.317
22.248	69.349	-14.411
22.282	69.225	-13.569
22.827	67.657	-13.028
22.965	67.769	-12.841
22.42	69.338	-13.382
23.032	68.02	-12.596
23.475	66.922	-12.54
23.642	67.008	-12.236
24.063	66.056	-12.038
24.295	66.259	-11.604
23.857	67.197	-11.833
24.088	66.817	-11.456
24.611	65.92	-9.88
24.404	66.477	-9.733
24.719	65.563	-9.448
24.699	65.574	-9.389
24.384	66.489	-9.673
24.42	66.257	-8.684
24.854	65.119	-8.886
24.574	65.802	-8.181
25.45	65.92	-6.944
25.104	66.976	-6.704
24.164	67.051	-7.897
25.2	67.997	-6.313
25.18	66.965	-6.694
25.29	67.984	-6.302
25.446	68.202	-6.31
25.884	69.431	-5.53
25.854	69.564	-5.3
26.773	69.796	-4.872
26.326	70.217	-4.139
25.407	69.985	-4.567
24.452	71.694	-3.977
23.841	71.562	-4.483
24.684	69.829	-5.166
23.449	71.119	-4.678
23.344	71.052	-4.768
24.578	69.761	-5.255
22.938	71.165	-5.258
22.801	71.004	-5.449
24.441	69.601	-5.446
22.667	70.916	-5.663
22.213	70.33	-5.904
23.857	68.847	-5.755
22.902	68.521	-5.655
22.947	68.353	-5.771
23.903	68.678	-5.871
22.866	67.732	-7.454
23.363	71.228	-4.743
22.957	71.341	-5.233
23.768	71.654	-4.537
23.407	72.691	-4.424
22.53	72.567	-5.099
23.423	74.071	-4.291
22.877	74.438	-4.372
21.985	72.935	-5.18
21.195	74.349	-5.314
20.989	74.22	-5.635
21.719	72.769	-5.593
20.694	73.839	-6.972
20.357	72.964	-7.523
21.286	71.644	-6.302
20.178	72.765	-7.539
20.566	74.419	-7.109
20.446	74.636	-7.006
20.861	74.8	-5.772
20.709	75.094	-5.748
20.251	75.014	-6.975
20.525	75.489	-5.702
21.045	75.147	-5.221
20.89	75.546	-5.131
22.683	75.464	-4.253
21.287	74.732	-2.098
19.71	74.928	-3.31
20.395	73.281	-1.871
21.572	74.622	-1.382
20.617	73.196	-1.314
20.806	73.162	-1.128
19.615	72.156	-2.014
19.69	72.413	-2.003
18.428	71.99	-3.435
21.735	74.573	-1.169
20.969	73.114	-0.914
21.483	73.22	-0.538
21.206	71.369	0.362
20.692	71.263	-0.015
20.399	70.72	-0.046
21.224	71.338	0.375
20.415	70.694	-0.035
20.991	69.953	0.901
20.882	69.864	0.897
20.306	70.604	-0.039
20.468	69.97	0.345
19.613	69.528	-0.207
19.549	70.213	-0.527
19.146	69.004	-0.282
20.083	68.861	0.568
19.562	68.414	0.404
20.54	68.882	1.095
21.465	67.548	0.69
20.487	67.079	-0.001
21.128	67.354	0.11
21.301	67.097	-0.506
20.64	66.852	-0.546
21.535	66.456	-1.436
21.126	66.215	-1.713
20.295	66.648	-0.78
21.01	66.045	-1.884
20.147	66.263	-2.612
19.359	66.884	-1.571
20.018	66.494	-2.649
20.851	65.685	-3.357
20.923	65.752	-3.606
21.852	64.654	-4.001
21.896	64.829	-4.434
20.975	65.959	-4.119
21.452	65.846	-4.539
21.331	66.05	-4.732
20.853	66.163	-4.311
21.38	65.644	-6.054
21.242	66.786	-6.517
20.689	67.515	-4.86
21.167	67.402	-5.28
21.565	67.22	-6.739
21.549	67.916	-5.543
21.468	67.295	-7.226
21.87	67.581	-7.351
21.951	68.201	-5.667
21.266	69.93	-5.771
21.629	69.537	-5.528
22.124	67.614	-6.823
21.97	67.632	-7.389
21.366	69.981	-5.809
21.551	70.12	-5.943
21.797	69.915	-5.778
22.229	67.666	-7.013
21.421	65.332	-6.29
21.298	65.061	-6.694
21.623	64.108	-6.377
21.423	63.906	-6.781
21.099	64.858	-7.098
21.144	63.342	-6.954
20.94	63.272	-7.627
20.895	64.788	-7.771
19.291	63.203	-8.809
20.885	63.157	-7.544
19.236	63.088	-8.725
19.587	62.683	-8.439
18.897	62.002	-8.239
18.419	62.282	-8.489
18.725	61.442	-8.009
18.26	61.181	-8.169
17.954	62.021	-8.649
17.096	61.315	-8.659
16.648	61.755	-9.047
17.379	62.586	-9.147
17.328	62.828	-9.251
16.299	61.834	-9.797
16.979	62.907	-10.001
16.236	61.846	-10.229
16.238	61.886	-10.419
16.981	62.944	-10.176
16.932	62.735	-10.336
16.261	59.875	-9.45
16.195	59.718	-9.853
16.664	58.671	-9.914
16.822	58.735	-11.426
16.366	59.787	-11.495
16.813	59.737	-11.901
17.308	58.55	-11.717
17.439	59.499	-12.276
17.7	58.482	-11.9
17.958	58.49	-12.038
17.745	59.508	-12.438
18.15	59.026	-12.273
19.568	60.081	-12.67
19.163	60.563	-12.836
20.361	61.265	-13.098
20.139	61.59	-13.242
18.941	60.888	-12.979
18.712	60.964	-13.097
20.023	61.828	-13.305
18.622	61.15	-13.147
19.311	62.398	-13.501
20.075	61.875	-13.358
19.363	62.445	-13.553
19.84	62.589	-13.871
20.783	61.926	-13.61
20.548	62.641	-14.123
21.035	62.349	-13.902
21.775	63.118	-14.294
21.344	63.468	-14.545
21.317	63.931	-14.932
22.272	63.491	-14.15
21.852	64.333	-14.777
22.083	64.721	-15.01
21.605	64.814	-15.528
21.286	64.443	-15.391
21.148	64.489	-17.608
19.941	64.264	-17.6
19.858	64.177	-15.381
18.685	64.245	-17.435
19.882	63.975	-18.02
18.63	63.979	-17.821
19.409	64.01	-18.17
19.078	63.825	-18.767
18.372	63.834	-18.285
18.497	63.863	-18.619
17.421	64.024	-18.716
17.472	63.969	-18.367
16.356	64.147	-18.736
17.421	64.021	-18.775
16.357	64.144	-18.795
16.893	64.158	-19.02
15.665	65.82	-20.726
15.215	65.689	-20.381
14.931	65.893	-20.308
14.302	66.342	-18.414
14.464	66.226	-18.117
14.375	67.494	-17.464
14.207	66.573	-18.687
14.28	67.725	-17.737
14.185	67.947	-17.852
14.362	66.94	-19.401
14.385	68.419	-18.77
14.435	68.817	-19.23
14.753	66.961	-19.896
14.86	68.84	-19.767
15.584	67.514	-20.619
15.633	67.601	-20.712
14.904	68.919	-19.851
15.543	68.884	-21.322
14.93	65.923	-20.313
15.796	66.273	-21.118
15.664	65.858	-20.733
16.977	65.232	-21.169
17.016	65.691	-21.524
17.554	65.69	-21.778
17.304	66.363	-22.213
16.784	66.317	-21.928
16.962	67.153	-23.203
16.345	67.693	-22.99
16.046	66.963	-21.673
16.312	67.771	-22.737
16.168	68.042	-22.563
15.913	67.214	-21.512
15.844	68.468	-22.182
17.513	66.311	-22.333
17.125	67.113	-23.297
17.315	67.025	-23.13
18.039	66.249	-22.519
17.841	66.963	-23.317
19.184	65.635	-24.144
19.145	65.722	-24.346
17.802	67.05	-23.519
19.007	65.522	-24.789
19.208	66.249	-25.557
18.04	67.91	-24.428
19.554	67.384	-25.905
19.537	67.52	-25.97
18.023	68.046	-24.494
19.375	68.134	-25.826
19.274	68.374	-25.912
17.923	68.287	-24.58
19.044	68.736	-26.349
18.776	69.457	-26.366
17.605	69.139	-24.6
17.876	70.072	-24.862
18.938	70.263	-26.645
18.068	71.026	-25.192
19.1	70.662	-26.718
19.302	71.084	-26.703
18.327	71.568	-25.173
19.265	71.877	-25.658
19.257	72.388	-25.41
18.317	72.173	-24.879
18.876	72.486	-24.935
18.848	72.545	-24.885
18.289	72.232	-24.829
18.023	72.199	-24.828
18.704	72.866	-24.524
17.911	72.448	-24.547
18.145	72.553	-24.468
19.705	72.928	-25.262
19.406	73.126	-24.76
20.477	73.835	-25.774
21.686	74.181	-24.537
20.837	73.535	-23.295
21.665	73.654	-24.079
21.728	73.615	-24.019
20.903	73.495	-23.232
22.144	73.445	-23.49
22.535	72.05	-22.458
21.366	71.845	-22.011
21.423	71.584	-22.019
20.963	71.244	-21.716
20.774	71.408	-21.621
19.992	71.104	-20.788
20.966	71.151	-21.727
19.995	71.011	-20.799
20.734	70.001	-19.355
20.33	69.942	-20.014
20.47	70.631	-21.437
21.006	71.094	-21.75
20.774	69.945	-19.379
20.955	69.568	-21.001
21.588	68.773	-20.667
21.266	69.326	-19.119
21.729	68.335	-20.327
21.792	68.195	-20.184
21.318	69.209	-19.0
22.184	68.477	-18.288
22.209	68.85	-17.936
21.344	69.581	-18.649
21.391	69.519	-18.431
22.175	69.013	-17.622
21.347	69.73	-18.027
22.218	70.575	-16.613
22.712	68.414	-16.777
22.802	69.924	-15.695
22.61	68.352	-16.441
22.403	68.086	-15.794
22.613	69.683	-15.107
22.31	69.388	-14.831
22.23	67.888	-15.548
22.124	69.175	-14.566
22.731	67.521	-13.149
22.305	67.714	-15.589
22.794	67.376	-13.183
22.274	66.759	-14.538
22.635	65.852	-14.233
23.126	66.541	-12.903
23.614	65.566	-12.504
22.642	65.69	-14.266
23.622	65.374	-12.542
23.552	65.168	-12.618
23.797	64.176	-12.3
23.936	64.1	-12.133
23.179	63.373	-12.95
23.174	63.037	-12.656
23.931	63.738	-11.817
24.305	61.519	-11.866
24.549	61.551	-11.644
24.219	63.776	-11.554
24.327	63.419	-11.122
24.865	63.983	-10.791
24.757	64.34	-11.223
26.14	63.13	-10.289
26.276	63.436	-10.07
24.932	64.733	-10.942
25.041	64.376	-10.51
26.362	63.774	-9.406
25.151	64.81	-9.656
26.448	63.827	-9.158
26.295	63.947	-8.523
24.997	64.93	-9.021
25.506	64.377	-7.873
25.393	64.515	-7.753
24.864	65.093	-8.879
25.459	65.898	-6.938
25.818	64.271	-7.373
25.884	65.654	-6.558
26.664	63.821	-7.931
26.771	63.722	-7.735
25.975	65.571	-6.392
26.627	64.211	-6.037
26.674	64.246	-5.986
26.014	65.601	-6.35
27.313	64.19	-5.894
27.547	64.534	-5.545
26.211	65.892	-6.055
26.502	66.062	-5.552
26.386	66.665	-5.754
26.113	66.401	-6.226
27.57	67.588	-5.562
27.399	67.859	-5.672
25.942	66.672	-6.336
26.192	67.638	-5.877
25.93	67.79	-6.076
25.72	66.801	-6.504
25.943	68.051	-6.134
26.167	67.843	-5.935
26.128	68.092	-6.024
27.378	68.033	-5.721
27.289	69.302	-5.337
26.046	69.261	-5.671
26.981	69.577	-5.053
28.963	68.933	-4.399
28.962	69.14	-3.943
29.429	69.261	-3.241
29.151	69.845	-3.066
28.605	69.89	-3.717
28.837	69.976	-3.173
27.752	70.596	-2.683
27.437	70.557	-3.19
27.518	70.845	-2.189
27.113	70.861	-2.161
27.032	70.573	-3.162
25.527	72.171	-2.571
24.894	71.896	-3.443
26.399	70.299	-4.033
24.513	71.764	-3.888
24.548	72.876	-3.633
24.221	72.592	-4.048
24.386	73.953	-3.846
24.953	73.008	-3.277
24.791	74.085	-3.491
25.476	73.866	-2.889
25.651	74.471	-2.868
24.967	74.69	-3.47
25.624	75.053	-2.957
25.392	75.75	-3.154
24.735	75.387	-3.667
24.877	75.889	-3.44
22.687	76.213	-0.863
22.379	75.735	-0.895
23.037	76.099	-0.382
23.196	75.378	-0.075
22.538	75.014	-0.588
23.223	74.795	0.014
23.151	74.509	-0.009
22.466	74.728	-0.61
22.189	73.288	0.235
21.942	73.248	0.098
22.148	74.675	-0.786
21.896	73.322	-0.155
22.943	72.604	0.819
23.183	72.494	0.773
24.566	73.354	0.985
25.17	72.463	0.866
23.833	71.536	0.645
23.946	70.944	0.666
23.762	70.905	0.778
23.616	71.49	0.778
23.464	70.723	1.041
22.049	70.635	1.062
21.796	71.377	0.805
21.474	69.985	1.264
23.364	69.656	1.083
22.903	68.922	1.287
24.88	69.174	0.921
24.904	68.882	0.839
22.929	68.604	1.198
24.915	68.665	0.76
24.702	67.806	-0.063
22.749	67.879	0.503
24.387	67.643	-0.521
24.181	67.492	-0.804
22.575	67.751	0.263
22.771	67.396	-0.971
22.534	67.263	-0.97
22.338	67.618	0.264
22.114	67.433	-0.371
22.364	67.134	-1.058
21.923	67.287	-0.47
22.186	66.655	-1.398
22.432	67.128	-1.084
22.266	66.648	-1.429
23.306	66.071	-1.548
23.238	65.953	-1.594
22.179	66.497	-1.488
22.946	64.49	-1.058
22.246	64.139	-1.306
21.351	66.081	-1.781
21.184	65.942	-1.937
21.974	63.738	-2.041
20.933	65.573	-2.614
21.974	63.888	-2.722
21.917	63.921	-3.394
20.887	65.6	-3.161
21.891	64.561	-3.789
21.955	63.729	-3.73
21.924	64.392	-4.086
21.859	63.182	-4.152
21.939	63.2	-4.565
22.005	64.41	-4.498
21.825	63.778	-5.981
21.791	64.124	-6.117
21.977	64.702	-4.613
21.564	65.345	-6.07
21.521	65.476	-6.001
21.935	64.833	-4.543
21.498	65.851	-4.669
21.872	62.989	-4.642
21.745	63.528	-6.072
21.465	62.964	-6.246
21.844	62.913	-4.633
21.432	62.874	-6.235
21.464	62.407	-5.854
20.986	61.736	-6.4
20.866	62.08	-6.882
19.523	61.172	-7.584
19.448	61.41	-7.747
20.79	62.319	-7.046
19.507	61.975	-8.018
21.108	61.058	-6.187
19.668	60.369	-7.331
20.245	60.119	-7.202
19.782	58.892	-7.514
19.205	59.143	-7.643
18.943	59.193	-7.639
18.059	60.251	-7.93
18.069	60.504	-8.018
16.947	60.789	-8.541
17.882	59.341	-8.406
16.77	59.879	-9.018
17.173	58.675	-9.482
18.275	58.889	-8.385
17.566	58.222	-9.461
18.347	58.752	-8.603
18.507	58.604	-8.665
17.691	58.107	-9.508
18.115	58.001	-9.501
19.096	58.31	-8.77
18.612	57.753	-9.59
19.673	58.06	-8.641
19.752	57.985	-8.707
18.679	57.69	-9.646
19.955	57.825	-8.638
20.483	57.609	-9.247
19.253	57.456	-10.308
20.431	57.708	-9.491
20.781	57.927	-10.117
19.549	57.641	-10.837
20.033	58.021	-10.851
21.143	58.217	-10.448
20.395	58.311	-11.182
21.551	58.491	-10.818
21.652	58.802	-11.223
20.515	58.68	-11.662
20.628	58.883	-11.794
20.154	59.821	-12.511
19.905	59.886	-12.584
20.698	61.07	-13.012
20.828	59.617	-12.099
21.564	60.808	-12.482
21.869	59.6	-11.555
21.886	59.605	-11.554
21.584	60.814	-12.481
23.039	59.953	-12.044
23.67	60.703	-12.436
22.332	61.701	-12.945
22.475	62.139	-13.283
21.888	59.6	-11.553
23.041	59.948	-12.043
22.63	59.526	-11.671
23.558	58.827	-11.649
23.861	59.329	-12.024
23.73	58.165	-11.503
25.03	58.453	-10.534
25.161	59.617	-11.055
25.026	59.152	-10.554
25.097	59.301	-10.403
25.224	59.749	-10.921
26.416	60.184	-9.721
26.553	60.585	-9.994
25.372	60.185	-11.216
26.599	60.819	-10.117
25.842	62.396	-10.405
24.733	61.517	-11.459
24.545	63.38	-10.903
25.851	62.408	-10.404
24.553	63.391	-10.902
25.897	62.67	-10.375
26.855	62.681	-10.264
26.678	62.883	-10.267
28.252	62.65	-10.583
28.429	63.242	-10.055
26.841	63.428	-9.781
27.064	63.382	-9.639
28.718	63.399	-9.307
27.406	63.567	-8.753
28.539	63.34	-8.628
28.529	63.362	-8.499
27.396	63.589	-8.618
27.851	63.462	-8.208
27.362	63.56	-7.454
26.818	63.704	-7.725
26.674	64.193	-6.027
27.363	63.56	-7.453
26.675	64.193	-6.027
27.315	64.136	-5.935
28.117	63.394	-7.403
28.207	63.94	-5.875
28.83	63.285	-7.589
28.868	63.279	-7.573
28.247	63.934	-5.858
29.412	63.276	-7.135
29.826	63.293	-6.786
28.737	63.955	-5.446
29.412	64.406	-4.852
29.298	64.556	-4.836
28.623	64.105	-5.43
28.729	64.584	-5.049
27.87	64.981	-5.093
27.606	64.574	-5.482
26.561	66.103	-5.49
27.959	65.114	-5.002
26.666	66.26	-5.382
27.807	67.246	-5.247
28.571	65.186	-4.753
28.419	67.318	-4.998
29.111	65.268	-4.485
29.723	65.787	-3.487
28.936	67.756	-4.155
28.93	67.748	-3.654
29.065	68.154	-3.674
29.05	68.099	-4.172
29.509	68.494	-3.032
28.978	67.79	-3.382
29.441	68.211	-2.805
29.771	65.829	-3.216
29.877	65.802	-2.951
29.524	68.19	-2.599
30.138	66.09	-1.976
30.195	66.59	-0.687
29.568	68.579	-1.596
29.564	67.154	-0.123
29.551	67.196	-0.082
29.557	68.612	-1.565
29.208	68.593	-0.787
29.288	68.906	-0.759
29.619	68.855	-1.543
29.365	69.134	-0.305
29.271	70.078	-0.568
29.533	69.724	-1.785
29.177	70.023	-1.07
28.779	70.507	-1.571
29.224	70.101	-2.175
28.924	70.282	-2.108
28.681	70.808	-0.369
28.478	70.887	-0.834
28.457	72.937	0.172
28.218	73.08	-0.117
28.221	71.04	-1.146
27.888	73.251	-0.563
27.374	73.311	-1.083
27.707	71.1	-1.666
26.913	73.019	-1.275
26.418	72.889	-1.608
27.175	70.96	-2.024
26.112	73.128	-2.046
26.091	73.117	-2.06
27.153	70.949	-2.037
25.568	72.259	-2.448
26.773	73.39	-1.55
26.494	73.667	-1.983
27.224	73.711	-1.378
27.255	74.674	-1.485
26.525	74.63	-2.091
26.498	75.213	-2.179
27.261	74.687	-1.481
26.504	75.226	-2.175
26.9	75.583	-1.88
25.74	77.299	-2.395
25.343	76.942	-2.691
24.831	76.997	-3.009
25.384	77.733	-2.104
24.5	77.4	-2.738
25.489	78.17	-1.887
24.554	78.29	-0.784
23.47	77.532	-1.525
24.276	77.875	-0.799
24.014	77.542	-0.369
23.227	77.222	-1.125
23.617	77.185	-0.664
24.534	75.887	0.932
24.137	75.53	0.637
24.165	74.948	0.726
24.539	75.885	0.935
24.169	74.946	0.728
24.899	74.989	1.333
24.89	74.039	1.413
24.16	73.995	0.807
24.603	73.695	1.045
24.511	73.478	0.954
24.061	73.762	0.71
22.897	72.708	0.794
25.843	72.927	1.501
25.489	72.662	1.127
26.514	72.484	1.763
26.612	72.234	1.554
25.605	72.363	0.877
25.698	70.351	0.689
25.475	70.346	0.645
25.399	72.359	0.836
25.34	70.19	0.75
25.261	70.192	0.728
25.304	72.362	0.81
24.067	70.852	0.614
25.125	69.965	0.868
23.92	70.605	0.766
23.61	70.447	1.031
25.812	69.205	1.1
25.602	69.302	1.104
26.512	68.025	2.212
26.111	67.638	2.095
25.201	68.916	0.987
25.297	68.708	0.95
25.951	67.067	1.735
25.091	67.973	0.487
25.631	66.633	0.698
25.554	66.587	0.606
25.013	67.928	0.396
25.466	66.711	0.431
25.244	66.595	0.068
24.728	67.778	-0.071
24.413	67.615	-0.529
25.188	66.405	-0.156
24.34	67.371	-0.817
23.741	66.224	-1.454
23.622	66.292	-1.469
24.187	67.459	-0.837
22.776	67.368	-0.998
25.194	66.336	-0.153
23.747	66.155	-1.451
25.203	66.105	-0.146
25.213	65.779	-0.178
23.755	65.901	-1.477
23.508	64.433	-0.931
26.225	64.29	-0.144
24.363	63.175	-0.902
26.361	64.014	-0.632
26.444	63.861	-0.787
24.433	63.046	-1.034
26.432	62.368	-1.452
26.047	61.543	-2.084
24.014	62.15	-1.72
26.038	61.373	-2.289
26.025	61.363	-2.323
24.003	62.142	-1.748
24.267	62.085	-2.392
23.487	61.879	-2.63
23.313	61.96	-1.959
23.214	61.544	-3.179
21.944	62.432	-3.379
22.042	62.848	-2.159
22.051	62.882	-2.856
24.13	61.844	-2.985
23.784	61.513	-3.493
25.116	61.555	-3.538
25.087	61.335	-4.059
23.759	61.327	-3.932
25.067	61.248	-4.311
24.974	61.192	-4.632
23.659	61.266	-4.281
23.527	60.911	-5.254
22.548	60.889	-5.155
22.596	61.242	-4.174
22.216	60.736	-5.395
23.375	60.602	-5.885
23.114	60.425	-6.188
23.766	59.714	-7.244
23.224	59.479	-7.42
22.572	60.189	-6.364
21.978	59.091	-7.411
23.431	58.947	-7.947
22.222	58.461	-8.035
23.485	57.881	-8.749
23.057	57.354	-9.159
21.715	57.837	-8.52
21.482	57.709	-8.493
22.721	57.206	-9.839
21.172	57.573	-9.119
21.318	57.663	-9.325
22.599	57.661	-10.769
21.174	58.201	-10.426
21.577	58.477	-10.8
22.803	57.903	-11.12
21.781	58.719	-11.151
22.51	58.531	-11.218
24.749	59.361	-8.409
24.803	58.295	-9.21
26.08	59.96	-8.36
26.116	59.955	-8.403
24.833	58.291	-9.247
26.177	59.913	-8.66
26.418	60.063	-9.56
25.094	58.453	-10.225
25.099	59.153	-10.205
26.933	60.064	-8.525
26.813	59.998	-8.755
28.087	59.997	-8.41
28.28	60.596	-9.616
26.97	60.486	-9.738
27.135	60.691	-9.789
28.287	60.628	-9.643
27.142	60.725	-9.816
28.495	60.998	-10.205
30.576	61.723	-8.804
30.522	61.967	-9.462
30.924	61.899	-8.224
30.183	63.182	-7.912
29.781	63.25	-9.151
29.739	63.173	-8.452
29.285	60.42	-6.968
29.781	60.746	-6.599
29.663	60.587	-4.948
30.701	61.244	-4.771
30.908	61.459	-6.406
30.984	61.444	-4.504
30.712	62.794	-4.482
30.636	62.809	-6.385
30.371	63.833	-4.376
30.913	62.829	-4.256
30.609	63.874	-4.108
30.722	64.099	-4.018
30.523	65.343	-3.142
30.353	65.473	-2.982
30.615	65.761	-2.007
30.917	64.858	-3.046
31.121	65.137	-1.883
31.44	64.764	-1.765
30.598	62.844	-0.179
30.124	62.865	-0.005
29.848	61.931	-0.785
28.793	62.041	-0.749
28.768	63.005	0.042
28.543	62.078	-0.837
28.113	62.312	-0.973
28.338	63.239	-0.095
27.527	62.111	-1.161
27.364	62.259	-1.194
28.174	63.387	-0.127
27.274	63.688	-0.504
27.239	63.832	-0.305
28.14	63.531	0.071
27.509	64.095	0.636
28.061	64.09	1.258
28.692	63.526	0.693
28.619	63.909	1.143
30.077	66.736	-0.051
30.261	66.567	-0.591
29.63	67.131	-0.027
30.156	66.564	1.296
29.715	66.946	1.422
29.543	67.074	2.242
29.54	67.08	2.24
29.711	66.954	1.42
29.482	67.181	1.903
29.207	67.662	1.579
29.416	67.471	1.072
29.184	69.102	0.646
29.3	68.943	-0.186
29.553	67.282	0.087
29.211	68.679	-0.618
27.537	68.213	2.297
27.666	69.604	1.298
27.182	68.19	2.273
26.926	68.201	2.164
27.388	69.615	1.18
26.344	69.431	1.04
26.292	70.008	0.874
27.344	70.102	1.041
27.074	71.967	1.698
28.514	72.445	1.107
28.908	70.621	0.399
28.707	72.731	1.017
26.515	72.486	1.766
26.317	72.781	1.804
25.843	72.93	1.504
26.793	75.4	2.094
27.2	75.077	2.353
26.786	75.968	1.909
26.831	75.985	1.901
27.244	75.094	2.345
27.12	76.192	1.874
27.134	76.193	1.874
27.261	75.096	2.345
27.607	75.175	2.383
28.806	75.01	0.937
28.694	74.898	0.617
28.332	76.028	0.428
28.328	76.024	0.41
28.688	74.893	0.595
28.274	75.784	0.152
28.272	75.764	0.114
28.686	74.873	0.558
28.391	75.181	0.164
27.687	75.656	-1.048
27.762	75.065	-1.087
27.401	75.96	-1.485
27.883	76.742	-0.263
27.613	77.128	-0.64
28.001	76.825	0.064
27.772	77.218	0.428
27.319	77.634	-0.172
27.124	78.086	-0.254
27.153	77.298	1.178
26.452	78.173	0.56
26.523	77.737	0.792
26.808	76.989	1.511
26.079	77.339	1.221
26.458	76.938	1.467
25.534	75.953	1.564
25.086	76.279	1.325
25.446	75.383	1.724
26.277	66.092	2.004
26.128	66.415	2.028
25.859	65.795	1.074
26.469	65.708	2.048
26.064	65.382	1.122
26.47	65.369	1.576
27.477	64.106	0.642
27.072	64.118	0.188
27.207	63.843	-0.299
28.538	65.343	2.703
28.696	64.977	2.281
28.751	65.542	2.91
28.757	65.543	2.908
28.703	64.979	2.279
29.215	64.735	2.092
27.264	62.263	-1.214
27.174	63.692	-0.524
27.0	62.236	-1.248
28.616	61.164	-1.315
28.03	60.963	-1.503
28.062	60.17	-1.752
26.748	59.93	-2.706
26.34	60.655	-2.73
26.564	60.168	-3.023
26.385	60.321	-3.502
26.128	60.835	-3.297
25.362	61.28	-3.892
25.187	61.594	-3.431
25.953	61.149	-2.837
24.198	61.881	-2.883
26.399	60.267	-3.666
25.38	61.217	-4.085
25.295	61.156	-4.332
26.628	60.133	-4.248
25.505	61.033	-4.868
25.319	60.59	-6.012
24.888	60.687	-5.98
25.074	61.13	-4.836
23.626	60.849	-5.457
24.739	60.497	-6.28
23.478	60.659	-5.758
24.527	60.476	-6.441
24.403	60.406	-6.605
23.381	60.605	-5.885
23.773	59.717	-7.244
25.501	60.059	-7.592
24.701	59.424	-8.078
26.023	60.034	-7.968
26.126	60.565	-6.757
26.648	60.54	-7.134
27.349	60.108	-4.807
27.536	60.126	-4.858
26.869	60.561	-7.195
28.026	60.471	-7.14
28.405	60.077	-4.656
29.008	60.416	-6.912
29.438	60.584	-4.902
28.765	59.788	-3.874
29.77	60.318	-4.182
28.775	59.58	-3.489
28.985	59.696	-3.063
29.98	60.434	-3.756
30.201	60.564	-3.401
29.009	59.786	-2.733
30.227	60.662	-3.043
29.833	60.67	-2.576
31.024	62.316	-2.298
31.233	62.052	-2.808
31.548	63.164	-1.374
31.534	63.805	-1.868
31.219	62.693	-3.302
30.971	63.714	-2.979
30.957	63.788	-3.242
31.207	62.756	-3.524
30.993	64.032	-3.345
30.99	63.918	-3.002
31.018	64.134	-3.158
31.55	63.978	-1.887
30.41	61.833	-1.387
31.029	62.756	-0.604
30.245	61.85	-1.176
26.107	60.557	-6.747
27.333	60.101	-4.798
25.968	60.56	-6.518
19.178	59.042	-7.717
19.755	58.791	-7.588
18.921	59.114	-7.695
23.492	64.809	-12.695
22.815	64.13	-13.422
22.576	65.301	-14.349
22.515	67.416	-15.846
22.465	66.487	-14.771
22.4	67.133	-15.661
21.981	66.076	-16.493
22.01	65.34	-15.675
22.015	66.153	-16.84
21.978	66.131	-16.855
21.977	65.32	-15.689
21.52	64.995	-17.769
22.245	66.566	-17.567
21.762	65.39	-18.416
23.2	65.361	-19.705
23.15	64.705	-19.76
21.708	64.678	-18.476
22.865	64.494	-19.802
22.463	63.885	-20.048
21.343	64.125	-18.7
22.233	63.647	-20.182
21.5	63.405	-20.566
20.545	63.861	-19.118
20.195	63.876	-19.47
21.02	63.714	-21.404
19.578	64.274	-20.547
20.46	64.075	-22.441
20.149	64.282	-22.612
19.243	64.497	-20.73
19.279	64.879	-21.199
18.787	65.007	-21.132
18.751	64.626	-20.663
17.724	64.788	-20.748
17.607	64.348	-20.181
18.635	64.186	-20.096
18.085	64.198	-19.854
18.765	65.042	-21.174
17.701	64.823	-20.79
18.278	65.281	-21.399
18.986	65.175	-21.512
18.499	65.413	-21.737
19.876	64.558	-22.902
19.753	64.753	-23.195
18.367	65.623	-22.052
19.511	65.009	-23.676
20.202	63.935	-23.763
19.994	64.129	-24.287
20.561	62.558	-24.39
20.539	62.557	-24.514
19.966	64.127	-24.446
19.7	64.175	-24.874
20.52	62.499	-24.726
19.68	64.112	-25.104
20.124	62.722	-25.858
19.98	63.25	-27.009
19.523	64.685	-26.353
20.138	63.522	-27.178
20.755	64.208	-27.627
20.083	65.309	-26.761
20.398	66.308	-27.303
19.612	67.057	-26.52
19.229	66.123	-25.911
19.579	67.235	-26.323
19.648	67.284	-26.823
19.627	67.526	-26.713
19.204	68.538	-26.904
19.128	68.592	-26.526
19.537	67.589	-26.266
19.374	68.203	-26.122
19.93	67.338	-27.341
19.509	68.597	-27.467
19.988	67.596	-27.379
20.837	68.048	-27.932
20.227	68.98	-27.934
21.477	68.669	-28.397
21.549	69.247	-28.531
20.288	69.469	-28.047
21.689	69.4	-28.7
21.724	69.745	-28.669
20.326	69.843	-28.013
20.378	70.276	-27.978
22.058	70.336	-28.472
20.712	70.868	-27.781
21.755	71.325	-27.613
21.431	71.873	-27.228
20.414	71.372	-27.427
21.246	73.098	-26.956
20.699	73.229	-26.513
19.911	71.493	-27.019
19.927	72.322	-26.001
23.224	72.03	-26.714
23.04	73.255	-26.443
23.195	72.606	-26.233
23.332	73.202	-25.008
23.161	73.782	-25.359
23.563	73.079	-24.365
22.219	73.482	-23.535
21.817	74.185	-24.529
21.813	73.658	-24.07
23.611	72.533	-25.187
23.811	72.486	-24.524
25.964	71.677	-25.669
24.622	71.428	-24.912
24.787	71.366	-25.0
26.17	71.237	-24.971
24.016	72.046	-23.825
25.966	70.7	-24.57
25.953	70.63	-24.476
24.005	71.984	-23.742
26.093	70.419	-23.832
24.274	70.941	-23.92
25.009	70.391	-23.951
25.54	69.653	-23.347
23.452	71.218	-23.257
23.685	68.974	-23.212
22.89	68.93	-22.765
22.78	71.18	-22.88
21.782	69.168	-21.846
21.694	69.265	-21.743
22.706	71.263	-22.794
21.58	70.859	-22.328
22.913	68.9	-22.729
21.805	69.138	-21.81
23.03	68.63	-22.238
23.105	68.105	-21.401
21.88	68.613	-20.973
22.001	68.186	-20.611
23.346	67.103	-20.903
22.224	67.255	-20.148
23.34	66.132	-20.242
23.305	66.092	-20.176
22.183	67.206	-20.068
22.511	67.651	-18.191
22.225	67.001	-18.5
22.702	66.065	-19.691
23.332	65.628	-19.801
22.538	67.187	-17.816
22.402	66.885	-17.683
22.056	66.485	-18.653
22.477	65.977	-19.489
23.89	66.972	-21.035
23.762	66.03	-20.345
24.069	67.097	-21.112
24.528	66.743	-21.421
24.222	65.677	-20.654
24.48	66.517	-21.432
24.658	66.063	-21.809
24.36	65.324	-20.947
25.8	64.534	-22.117
25.446	63.405	-21.679
24.064	64.379	-20.581
23.958	64.104	-20.783
25.213	63.031	-21.774
23.725	63.73	-20.878
23.86	62.427	-21.561
23.164	62.176	-21.267
22.959	63.454	-20.553
22.649	63.287	-20.605
21.677	62.28	-22.389
21.28	63.382	-21.638
20.771	63.679	-22.721
21.656	62.24	-22.499
20.748	63.634	-22.842
21.537	62.459	-22.934
21.504	62.444	-23.016
20.718	63.62	-22.918
20.992	62.295	-23.683
21.526	62.303	-23.005
21.01	62.185	-23.675
21.647	62.108	-22.559
21.967	61.258	-22.832
21.304	61.403	-23.926
21.904	61.298	-23.328
22.302	60.915	-23.917
21.613	61.106	-24.384
21.963	61.034	-24.398
21.684	61.244	-25.438
21.38	61.282	-25.254
21.339	61.436	-26.435
21.297	61.448	-26.432
21.345	61.292	-25.252
20.95	61.515	-26.385
21.707	61.236	-25.448
21.362	61.427	-26.445
21.757	61.339	-26.032
22.817	61.483	-27.237
22.347	61.561	-27.565
24.281	60.319	-27.587
24.543	60.706	-27.914
22.66	62.025	-27.955
23.154	61.981	-27.657
23.311	62.548	-27.882
22.807	62.552	-28.164
22.696	62.79	-28.407
21.19	64.235	-28.094
21.007	64.28	-27.791
20.609	66.368	-27.439
21.207	64.243	-28.104
20.626	66.376	-27.45
20.883	66.359	-27.519
21.935	64.365	-28.284
21.819	66.515	-27.749
22.361	66.717	-27.94
22.127	67.313	-28.207
21.542	67.221	-28.066
22.181	67.841	-28.531
23.204	67.054	-28.099
23.456	67.534	-28.403
25.151	66.449	-28.7
25.237	66.62	-28.856
23.558	67.737	-28.587
24.207	67.794	-28.595
23.941	70.912	-28.048
23.292	70.855	-28.041
22.826	71.666	-27.446
22.012	71.438	-27.656
22.329	70.585	-28.29
22.295	70.441	-28.512
24.085	71.016	-27.907
22.948	71.754	-27.326
24.326	71.122	-27.855
24.678	71.292	-27.19
23.33	71.939	-26.604
23.314	72.504	-26.108
24.79	71.251	-27.007
23.452	72.453	-25.883
25.823	71.607	-26.285
25.599	70.736	-28.026
26.702	71.048	-27.392
25.722	70.52	-28.126
26.289	69.589	-28.088
27.181	70.262	-27.359
27.496	69.029	-27.519
28.475	69.12	-26.29
28.16	70.353	-26.13
28.214	69.7	-25.88
27.728	70.302	-24.676
27.729	70.885	-25.064
27.664	70.128	-24.009
26.254	70.481	-23.843
26.319	71.237	-24.899
26.134	70.7	-24.489
28.155	69.437	-24.778
28.042	69.364	-24.099
29.584	68.155	-24.619
29.593	68.095	-24.448
28.049	69.313	-23.955
30.181	68.345	-23.149
29.597	67.933	-22.098
27.465	68.901	-22.905
29.118	67.427	-22.125
28.596	66.877	-22.101
27.003	68.414	-22.883
28.406	66.547	-21.52
27.59	67.915	-23.118
28.442	66.781	-22.29
28.211	66.243	-21.736
26.809	68.111	-23.099
28.376	66.533	-22.345
28.356	66.492	-22.39
26.791	68.074	-23.139
28.053	66.456	-23.077
28.007	66.419	-23.119
26.745	68.037	-23.181
26.734	65.589	-23.101
26.562	65.591	-23.096
26.6	68.038	-23.177
25.056	66.794	-22.52
24.968	67.049	-22.259
26.525	68.254	-22.957
24.908	67.157	-22.064
24.365	68.016	-21.942
25.936	69.187	-22.824
24.271	68.153	-22.102
23.888	68.525	-22.5
25.612	69.501	-23.161
23.771	68.794	-22.991
26.295	64.986	-22.529
24.79	66.189	-21.953
25.922	64.651	-22.25
26.536	64.81	-22.404
26.146	64.487	-22.134
27.981	65.511	-21.229
28.453	64.549	-21.03
26.665	63.428	-21.915
28.643	63.528	-21.58
28.648	63.448	-21.582
26.671	63.332	-21.918
27.947	61.958	-21.123
27.265	61.446	-20.945
26.036	62.856	-21.752
26.786	61.137	-20.961
26.21	60.822	-21.101
25.461	62.542	-21.892
25.916	60.963	-21.612
25.859	60.942	-21.637
25.408	62.522	-21.915
24.036	61.964	-21.69
25.658	60.599	-21.563
23.866	61.674	-21.628
25.108	60.455	-21.784
24.717	60.074	-21.766
23.536	61.352	-21.612
24.373	59.711	-21.719
23.292	59.24	-22.96
22.455	60.881	-22.853
22.482	60.851	-23.353
23.468	59.155	-23.573
22.69	60.75	-24.079
23.603	59.496	-24.805
23.572	59.529	-24.905
22.649	60.793	-24.208
22.285	60.921	-24.668
23.585	59.619	-25.524
22.301	61.028	-25.408
22.395	61.116	-25.99
23.864	59.661	-26.008
22.754	61.169	-26.612
24.232	60.075	-27.101
24.707	58.781	-26.057
25.075	59.194	-27.15
25.376	59.066	-27.006
25.191	61.269	-28.036
24.92	61.038	-28.011
24.126	62.701	-27.834
23.964	62.618	-27.793
24.785	60.968	-27.977
23.464	62.317	-27.739
23.824	62.838	-27.927
23.314	62.554	-27.882
22.698	62.794	-28.407
23.417	64.609	-27.705
22.358	64.276	-28.221
22.82	66.62	-27.872
23.715	64.699	-27.71
23.091	66.702	-27.877
24.737	65.853	-27.959
24.848	66.091	-28.119
23.184	66.904	-28.012
25.131	66.298	-28.614
25.43	65.227	-28.324
25.623	65.568	-28.787
25.62	64.607	-28.262
25.996	64.511	-28.463
25.941	65.488	-28.957
26.059	64.253	-28.493
26.545	64.247	-28.609
26.469	65.481	-29.082
26.621	64.504	-28.611
27.74	64.922	-28.351
27.414	65.835	-28.862
28.541	65.53	-28.207
28.725	66.15	-28.284
27.569	66.359	-28.927
28.945	66.302	-28.293
28.954	66.487	-28.292
27.578	66.559	-28.926
27.664	66.986	-28.887
26.18	67.577	-29.189
25.967	67.201	-29.255
25.161	68.337	-29.046
24.563	67.886	-28.772
25.317	66.712	-28.957
24.302	67.902	-28.714
25.491	68.764	-28.959
25.496	69.031	-28.954
26.511	68.005	-29.102
27.119	68.386	-28.464
26.279	69.521	-28.134
27.488	68.972	-27.558
27.775	67.85	-28.418
28.2	68.389	-27.508
28.879	67.497	-27.68
29.443	67.861	-26.72
28.676	68.697	-26.698
29.884	67.93	-26.255
29.883	67.998	-26.138
28.675	68.754	-26.598
30.046	68.103	-25.954
29.92	68.309	-25.458
28.539	68.978	-26.06
28.286	69.54	-25.62
29.839	68.246	-24.84
28.186	69.462	-24.862
29.617	68.181	-24.706
29.956	68.202	-24.704
29.767	68.125	-24.531
30.328	68.37	-23.218
31.057	67.72	-24.969
31.524	67.846	-23.507
31.183	67.505	-24.872
31.567	66.346	-24.589
31.849	66.867	-23.268
31.881	65.529	-23.664
32.061	65.312	-22.916
32.029	66.65	-22.52
31.866	65.976	-22.602
31.782	65.957	-22.085
31.955	66.633	-22.063
32.459	64.709	-21.218
31.939	64.99	-20.368
31.516	66.87	-21.345
31.692	65.083	-20.41
31.429	65.131	-20.265
31.23	66.922	-21.187
30.963	66.284	-21.095
30.827	66.351	-21.037
31.11	66.981	-21.136
30.381	66.082	-20.579
29.063	66.864	-21.04
29.792	67.763	-21.597
29.338	67.235	-21.559
30.865	66.282	-21.041
30.414	66.021	-20.582
31.348	65.13	-20.221
31.164	65.026	-19.987
30.213	65.908	-20.328
31.192	64.985	-18.475
30.001	64.155	-18.259
29.023	65.078	-20.113
29.732	63.569	-18.518
29.561	63.268	-18.733
28.871	64.811	-20.303
29.501	63.148	-19.479
29.294	62.811	-20.001
28.663	64.474	-20.825
28.837	63.459	-21.391
29.283	62.773	-20.015
28.827	63.425	-21.404
28.178	61.928	-20.893
29.243	62.271	-19.418
28.131	61.334	-20.187
28.983	61.916	-18.144
29.006	60.891	-17.81
28.159	60.121	-19.792
29.345	60.003	-18.379
29.343	59.936	-18.383
28.156	60.035	-19.796
28.481	58.65	-18.762
28.249	58.54	-18.837
27.925	59.925	-19.871
27.399	59.722	-19.963
27.689	58.019	-18.98
26.878	59.238	-20.096
27.312	57.765	-19.328
26.688	57.122	-20.21
26.254	58.595	-20.977
24.962	58.318	-21.663
24.604	59.48	-21.567
25.86	59.874	-20.872
24.989	59.8	-21.587
25.108	60.439	-21.775
25.97	60.468	-21.047
25.658	60.583	-21.554
26.65	56.945	-20.312
24.928	58.157	-21.756
26.391	56.912	-21.411
26.355	56.861	-21.441
24.897	58.114	-21.781
26.006	56.579	-21.679
25.555	56.146	-23.279
24.446	57.681	-23.382
24.803	57.67	-23.734
24.044	58.458	-24.212
23.805	58.346	-23.786
23.914	58.751	-25.001
24.655	58.082	-24.54
24.389	58.458	-25.256
24.671	58.318	-25.087
25.075	58.69	-26.033
24.727	58.769	-26.047
25.4	59.052	-26.993
25.13	58.662	-26.024
25.455	59.025	-26.985
25.527	58.815	-26.442
27.959	59.892	-26.813
27.717	60.026	-27.33
28.426	60.081	-26.51
28.429	60.092	-26.513
27.719	60.037	-27.333
27.794	60.315	-27.544
26.386	61.592	-28.278
26.037	61.563	-28.211
26.279	63.388	-28.303
25.968	63.441	-28.182
25.666	61.627	-28.067
24.601	63.059	-27.865
25.787	64.095	-28.322
24.384	63.84	-28.031
25.646	64.308	-28.242
25.545	64.59	-28.206
24.291	64.102	-27.998
25.356	65.21	-28.269
27.236	61.644	-28.189
27.129	63.44	-28.214
27.371	63.466	-28.104
27.809	61.493	-27.431
28.107	63.273	-27.129
28.628	63.511	-26.904
28.734	64.261	-27.542
28.233	64.161	-27.884
29.034	64.768	-27.74
29.229	64.075	-27.007
29.62	64.547	-27.107
30.762	63.062	-26.316
31.041	63.279	-26.297
29.951	64.804	-27.084
31.15	63.692	-26.205
31.351	63.925	-26.17
30.209	65.103	-27.039
30.65	65.172	-26.574
30.737	66.556	-26.862
30.296	66.487	-27.327
30.167	66.565	-27.548
30.515	67.193	-26.745
29.994	67.06	-27.457
30.073	67.124	-27.21
28.889	67.463	-27.712
29.073	67.324	-27.848
27.783	67.823	-28.443
31.648	64.117	-26.041
31.032	65.419	-26.407
31.133	65.255	-26.221
31.592	65.595	-25.393
31.623	65.856	-25.342
32.108	64.457	-25.212
32.106	64.474	-24.937
31.621	65.878	-24.988
31.927	65.134	-24.001
32.347	64.007	-24.58
32.188	64.627	-23.614
32.687	63.731	-23.197
32.58	64.27	-22.164
32.098	65.082	-22.741
32.589	64.458	-21.551
32.511	64.569	-21.462
32.032	65.176	-22.666
31.833	65.823	-22.318
33.176	63.604	-21.968
33.185	63.792	-21.356
33.292	63.473	-22.171
33.458	62.862	-21.987
33.399	63.007	-21.118
33.39	62.819	-21.731
33.312	62.225	-21.547
33.321	62.412	-20.935
33.901	60.738	-20.71
33.913	60.75	-20.651
33.335	62.426	-20.866
33.422	62.533	-20.636
33.099	63.544	-19.552
32.92	63.727	-19.472
32.595	63.98	-18.177
31.506	64.958	-18.484
31.632	64.884	-19.835
31.453	65.001	-19.996
33.137	63.25	-19.448
32.636	63.661	-18.064
32.709	63.01	-18.298
31.112	62.704	-16.478
31.222	63.389	-16.453
30.613	62.293	-16.208
29.324	62.799	-17.147
29.932	63.896	-17.393
29.655	63.276	-17.539
28.989	62.004	-18.118
29.277	62.377	-18.635
29.25	62.359	-19.392
31.394	62.33	-16.479
30.863	61.962	-16.209
31.595	60.899	-15.515
31.168	60.737	-15.297
30.399	61.787	-15.972
30.116	60.6	-14.27
28.775	60.323	-14.687
29.058	61.51	-16.389
28.514	59.984	-15.241
28.455	59.95	-15.315
29.006	61.479	-16.454
27.788	59.809	-15.483
27.805	59.111	-16.662
29.023	60.782	-17.632
29.36	59.902	-18.216
27.804	59.089	-16.674
29.359	59.882	-18.228
28.502	58.581	-18.563
27.029	58.145	-16.634
27.585	57.463	-18.515
27.215	57.248	-18.896
27.073	57.655	-16.429
27.263	56.709	-18.671
27.636	56.883	-18.273
27.644	56.843	-18.263
27.27	56.672	-18.662
26.968	55.397	-17.477
26.813	55.32	-17.601
27.126	56.6	-18.777
26.534	55.27	-18.107
25.993	54.831	-19.597
26.623	56.193	-20.162
26.013	55.938	-21.517
26.018	56.537	-21.646
26.629	56.851	-20.303
26.368	56.811	-21.402
25.81	54.448	-19.83
25.858	55.614	-21.714
26.116	54.485	-20.361
26.057	54.192	-20.602
25.808	55.367	-21.918
26.08	54.021	-21.094
27.108	53.394	-22.458
26.836	54.74	-23.282
27.337	54.684	-23.339
27.168	55.391	-24.069
26.694	55.337	-23.898
27.564	55.663	-24.771
27.231	56.514	-24.827
26.332	56.261	-23.959
25.721	57.806	-24.54
27.277	56.588	-24.928
25.781	57.902	-24.669
25.718	58.151	-25.207
27.382	56.661	-25.094
25.844	58.238	-25.404
26.295	58.359	-25.775
28.111	56.892	-25.519
27.231	58.656	-26.323
29.092	57.229	-26.153
29.672	57.882	-26.342
27.976	59.496	-26.566
28.442	59.713	-26.281
29.86	58.004	-26.295
28.667	59.859	-26.225
30.017	58.262	-26.104
30.447	58.647	-25.829
29.097	60.243	-25.949
30.487	60.23	-25.254
30.489	60.243	-25.258
29.099	60.259	-25.954
30.296	60.422	-25.306
30.298	60.747	-25.398
29.101	60.562	-26.04
30.244	61.343	-25.66
29.609	62.357	-25.977
28.51	61.505	-26.334
28.686	63.516	-26.863
28.628	63.511	-26.903
28.447	61.499	-26.378
27.809	61.493	-27.43
29.885	62.541	-26.034
28.919	63.671	-26.911
30.452	62.658	-26.221
30.517	61.377	-25.639
30.986	61.675	-25.887
30.571	60.782	-25.377
30.762	60.727	-25.323
31.148	61.629	-25.841
30.851	60.481	-25.271
31.49	60.476	-24.908
31.841	61.624	-25.447
31.583	60.721	-24.856
32.139	61.198	-24.042
32.311	62.027	-24.759
32.652	61.844	-23.466
32.86	62.365	-23.466
32.487	62.467	-24.759
33.046	62.508	-23.336
33.056	62.991	-23.347
32.497	62.991	-24.77
32.491	63.427	-24.8
32.945	63.508	-23.148
32.38	63.944	-24.602
32.73	63.65	-23.224
32.131	60.517	-23.271
32.645	61.162	-22.695
33.337	59.841	-21.679
31.92	60.061	-23.292
33.159	59.456	-21.697
32.018	58.369	-22.878
32.355	57.725	-22.588
33.465	58.871	-21.433
33.922	56.557	-22.729
33.457	57.872	-21.193
33.631	56.919	-21.67
34.441	56.466	-22.36
33.903	58.795	-21.122
34.7	56.401	-21.833
33.782	57.562	-20.875
33.924	57.103	-21.0
34.705	56.402	-21.829
33.908	58.795	-21.117
34.157	58.618	-20.805
34.241	60.157	-19.395
33.999	60.467	-19.585
33.445	61.238	-18.601
33.318	61.516	-18.891
33.872	60.745	-19.875
33.384	62.529	-19.922
33.124	62.041	-18.409
33.206	63.012	-19.478
32.794	62.718	-18.335
32.642	61.473	-17.179
32.25	62.076	-16.945
32.487	60.572	-16.046
32.466	60.581	-16.024
32.229	62.085	-16.925
32.276	60.7	-15.878
31.684	60.101	-14.722
31.667	60.326	-14.865
30.658	60.153	-13.802
31.692	58.396	-14.36
30.665	58.713	-13.497
31.558	57.033	-13.986
31.426	56.929	-13.874
30.523	58.601	-13.375
30.414	57.353	-13.5
28.606	57.482	-13.215
28.715	58.73	-13.09
28.446	58.185	-13.437
27.98	58.703	-13.789
28.303	59.188	-13.402
27.368	58.705	-14.133
27.755	59.807	-15.356
28.69	60.29	-14.625
28.417	59.948	-15.171
27.943	57.972	-13.816
27.335	58.057	-14.157
27.226	56.244	-13.07
26.581	56.02	-13.559
26.79	57.868	-14.57
25.473	55.844	-13.895
25.106	55.884	-14.536
26.465	57.903	-15.137
24.715	55.945	-15.101
26.398	56.918	-15.425
25.681	56.116	-15.41
25.121	55.564	-16.074
26.872	57.522	-16.109
27.169	56.206	-16.019
27.227	56.214	-16.097
26.935	57.53	-16.194
26.797	55.289	-17.209
26.975	55.399	-17.467
27.085	57.623	-16.412
27.651	56.846	-18.253
27.179	56.177	-16.047
26.736	55.241	-17.144
25.132	55.532	-16.104
24.956	55.443	-16.341
26.528	55.136	-17.425
26.249	55.086	-17.931
24.074	54.538	-16.753
25.204	54.015	-18.419
25.114	53.811	-18.481
25.23	53.085	-19.388
25.352	53.082	-19.584
22.927	51.936	-19.774
24.671	52.357	-18.979
23.71	51.929	-19.096
22.927	51.935	-19.774
25.353	53.081	-19.585
24.839	51.772	-19.533
25.034	51.685	-19.808
25.548	52.994	-19.86
25.401	51.675	-20.249
25.475	51.696	-20.347
25.627	53.016	-19.965
25.975	53.059	-21.004
25.974	53.733	-21.017
25.626	53.814	-19.98
25.932	53.851	-20.512
26.17	51.054	-21.269
26.607	52.476	-21.843
27.221	51.167	-22.205
28.282	51.744	-22.696
27.76	53.103	-22.377
28.621	51.854	-22.669
28.776	51.953	-22.628
27.9	53.193	-22.339
29.629	53.442	-22.811
29.612	53.529	-22.83
27.882	53.28	-22.358
28.254	54.549	-23.221
29.819	53.697	-23.082
28.5	54.748	-23.519
28.817	54.974	-23.971
28.145	55.216	-24.378
27.777	55.008	-23.957
28.038	55.365	-24.685
29.068	55.513	-24.874
28.81	55.613	-25.099
29.935	55.807	-25.431
29.924	55.824	-25.46
28.8	55.627	-25.123
29.782	55.965	-25.757
30.213	55.81	-25.637
30.024	55.953	-25.904
31.1	54.378	-25.455
31.657	54.667	-25.878
30.49	56.195	-26.259
32.1	54.796	-26.219
32.194	54.904	-26.294
30.562	56.279	-26.317
30.856	56.2	-26.13
33.142	55.927	-26.229
31.738	57.151	-26.069
31.997	57.329	-25.899
31.596	58.538	-25.547
31.258	58.597	-25.649
31.166	60.188	-25.104
32.099	58.512	-24.963
31.669	60.162	-24.519
31.814	60.318	-24.357
32.154	58.266	-24.316
31.884	60.001	-23.526
31.984	58.312	-23.096
32.399	57.741	-24.289
32.277	57.686	-23.063
33.839	56.514	-23.24
32.527	57.67	-24.562
34.004	56.422	-23.591
33.823	56.366	-24.51
33.872	56.363	-24.52
34.052	56.419	-23.6
34.329	56.337	-24.121
34.333	56.338	-24.119
34.057	56.42	-23.598
34.922	56.589	-24.222
35.426	56.671	-23.502
34.561	56.501	-22.878
35.668	56.782	-23.482
35.85	56.701	-23.212
34.794	56.398	-22.531
35.028	56.338	-21.993
36.52	56.381	-22.908
35.829	55.955	-21.629
36.52	56.155	-22.764
36.696	55.963	-22.689
35.992	55.775	-21.559
37.083	55.53	-22.394
37.154	55.417	-22.267
36.058	55.67	-21.441
37.747	55.477	-22.231
37.888	54.813	-21.809
36.213	54.94	-20.976
37.321	54.631	-21.767
37.317	54.535	-21.734
36.209	54.851	-20.946
37.396	53.485	-20.378
37.39	53.485	-20.366
36.204	54.851	-20.933
36.951	53.64	-19.978
36.945	53.645	-19.968
36.199	54.855	-20.923
36.174	54.898	-19.682
35.561	55.843	-19.627
35.467	55.984	-20.857
35.166	56.012	-20.361
34.9	56.238	-20.547
35.219	56.194	-21.029
34.586	58.444	-20.136
34.912	56.192	-20.272
34.596	58.409	-19.922
35.033	56.125	-19.704
34.803	56.185	-18.884
34.403	58.459	-19.236
33.943	58.092	-18.097
34.081	58.44	-17.945
34.51	58.73	-19.118
34.172	58.624	-17.773
33.95	59.783	-17.738
34.288	59.889	-19.083
33.796	59.93	-17.9
33.743	59.999	-17.925
34.248	59.942	-19.102
33.452	61.005	-18.284
33.037	60.383	-16.725
32.856	61.33	-17.27
32.74	60.402	-16.153
33.588	59.506	-16.41
33.291	59.525	-15.838
33.789	59.453	-16.579
33.861	59.011	-16.527
33.384	58.957	-15.771
33.681	58.938	-16.343
33.252	57.581	-16.521
32.955	57.6	-15.949
32.678	56.128	-15.565
32.676	56.147	-15.491
32.952	57.623	-15.861
32.87	57.572	-15.612
32.077	58.138	-14.489
31.932	58.352	-14.418
31.745	56.998	-14.03
32.814	57.613	-15.261
32.482	56.473	-14.803
32.615	56.192	-15.11
31.812	55.172	-14.203
31.743	55.533	-13.968
30.817	54.599	-13.165
30.35	55.341	-12.84
31.275	56.275	-13.643
30.275	55.55	-12.99
30.26	55.568	-12.991
31.264	56.29	-13.644
30.238	56.659	-13.25
29.097	55.759	-12.561
29.255	56.82	-12.887
28.521	55.684	-12.284
28.366	55.78	-12.295
29.125	56.901	-12.896
28.135	55.824	-12.167
27.37	56.173	-12.636
28.293	57.28	-13.405
27.382	56.229	-12.898
27.318	56.243	-12.985
28.239	57.292	-13.479
28.031	57.97	-13.736
26.847	55.954	-12.526
26.711	55.947	-12.756
25.334	55.863	-12.56
25.211	55.918	-13.195
26.566	56.013	-13.508
25.459	55.837	-13.847
24.283	55.86	-13.447
24.41	55.77	-14.133
24.098	55.845	-14.744
23.387	54.852	-13.308
23.203	54.837	-14.605
23.398	54.632	-13.975
23.311	53.95	-14.219
23.126	54.233	-14.821
22.201	52.45	-14.71
22.081	52.473	-15.23
22.996	54.258	-15.385
22.144	52.493	-15.489
22.146	52.499	-15.596
22.997	54.263	-15.475
21.061	52.758	-16.446
22.903	53.502	-16.107
22.048	52.837	-16.536
21.434	52.841	-17.317
23.37	54.345	-16.347
22.02	52.595	-17.603
22.458	52.464	-17.878
23.758	54.23	-16.59
23.051	52.377	-17.436
23.276	52.322	-17.504
23.983	54.175	-16.658
25.031	53.476	-18.394
23.234	52.245	-17.691
24.992	53.404	-18.565
22.665	52.315	-18.166
24.439	52.359	-18.375
23.998	52.12	-18.295
22.654	52.276	-18.339
24.983	53.373	-18.707
22.659	52.249	-19.034
24.633	52.514	-18.916
23.639	52.008	-19.062
21.459	52.535	-18.483
21.601	52.477	-19.161
20.937	52.787	-18.096
19.875	51.746	-18.455
20.539	51.436	-19.52
20.259	51.358	-18.888
22.472	49.587	-18.857
22.498	49.868	-19.492
24.331	49.326	-19.199
24.725	50.477	-20.175
22.83	50.841	-20.316
25.113	50.553	-20.59
25.22	51.33	-20.407
22.928	51.547	-20.151
24.84	51.313	-19.978
26.211	48.699	-19.592
26.495	48.899	-20.048
27.057	48.73	-19.928
27.359	49.328	-20.911
26.775	49.455	-20.962
27.958	49.565	-21.774
27.86	49.707	-21.897
26.678	49.598	-21.085
27.646	49.948	-22.05
27.49	49.206	-20.855
28.08	49.451	-21.722
28.004	49.244	-21.184
29.064	48.901	-21.248
29.065	49.133	-21.783
30.469	47.742	-21.611
30.911	48.091	-22.207
29.551	49.516	-22.438
30.878	49.52	-22.955
30.798	51.194	-23.446
29.463	51.358	-22.978
29.813	51.292	-22.962
29.844	51.434	-22.893
29.5	51.528	-22.895
30.287	53.056	-23.054
29.859	51.43	-22.894
30.303	53.052	-23.056
30.847	51.343	-23.373
30.885	51.36	-23.398
30.341	53.069	-23.081
31.146	53.145	-24.346
30.793	53.902	-24.499
30.02	53.756	-23.22
29.038	55.039	-24.123
30.891	54.25	-25.097
29.136	55.388	-24.722
29.718	55.488	-24.8
29.682	55.589	-24.921
29.104	55.483	-24.835
29.971	55.777	-25.392
29.76	55.549	-24.89
30.043	55.74	-25.363
30.93	54.308	-25.181
31.899	50.87	-23.959
32.261	52.605	-24.963
32.921	51.131	-24.171
33.089	51.153	-24.272
32.417	52.626	-25.056
32.918	52.6	-25.335
33.367	51.093	-24.397
33.196	52.54	-25.461
33.741	51.55	-26.947
33.587	53.399	-28.321
33.034	54.478	-26.9
33.248	54.467	-26.988
34.246	55.051	-26.833
34.317	55.228	-26.702
35.614	55.339	-26.802
35.66	55.993	-26.208
34.37	56.002	-25.999
35.416	56.228	-25.704
34.921	56.589	-24.229
33.876	56.363	-24.524
34.332	56.337	-24.125
37.041	56.082	-25.943
37.051	56.332	-25.389
37.609	55.875	-26.094
38.08	55.74	-25.633
37.522	56.197	-24.928
38.556	55.942	-24.474
38.391	56.188	-23.779
37.309	56.513	-24.034
37.133	56.659	-23.895
38.276	56.03	-23.181
37.018	56.502	-23.297
38.081	55.867	-22.825
37.859	55.724	-22.531
36.814	56.37	-23.027
36.899	56.142	-22.917
37.75	55.599	-22.381
36.769	55.994	-22.74
37.157	55.562	-22.444
39.592	54.46	-23.724
39.51	54.161	-23.415
39.695	53.049	-24.114
39.628	52.799	-23.734
39.443	53.911	-23.035
40.237	52.114	-22.146
40.2	52.296	-21.733
39.402	54.109	-22.586
39.96	52.414	-21.716
39.679	52.583	-21.236
39.165	54.252	-22.18
39.409	52.803	-20.694
38.393	53.229	-20.187
38.307	54.613	-21.753
37.818	53.365	-20.349
37.429	53.481	-20.383
37.918	54.728	-21.786
37.357	54.531	-21.74
38.254	53.21	-19.794
37.7	53.349	-20.017
37.317	53.479	-19.565
38.337	53.067	-19.288
37.399	53.336	-19.06
37.905	53.131	-18.108
37.555	53.261	-17.864
36.949	53.504	-18.746
36.177	54.788	-18.732
36.895	53.009	-17.261
35.517	54.535	-18.129
35.217	54.395	-17.997
35.23	55.987	-19.758
35.528	55.868	-19.603
35.123	56.045	-20.33
36.821	52.936	-17.228
35.128	54.308	-17.957
35.892	53.248	-18.006
35.51	52.948	-17.944
34.671	53.948	-17.883
35.514	52.698	-17.848
35.378	52.607	-17.861
34.545	53.863	-17.895
34.159	52.265	-17.602
34.033	52.302	-17.564
34.406	53.904	-17.853
34.072	53.965	-17.741
33.861	55.172	-17.715
34.154	55.347	-17.822
32.672	55.798	-15.932
32.651	55.862	-15.964
34.13	55.417	-17.857
33.22	57.266	-16.993
33.555	54.165	-17.592
32.34	54.704	-15.798
31.891	53.54	-16.259
31.843	53.436	-15.96
32.288	54.592	-15.475
31.818	53.658	-15.812
31.275	53.677	-14.809
31.83	54.607	-14.626
30.896	53.928	-13.908
30.887	54.448	-13.477
31.822	55.047	-14.262
30.826	54.485	-13.219
29.471	54.255	-12.191
29.725	54.334	-12.219
28.895	54.179	-11.915
28.846	54.624	-11.896
29.687	54.68	-12.205
29.422	54.699	-12.173
29.205	52.769	-13.15
28.629	52.694	-12.873
28.139	51.103	-13.211
28.045	51.103	-13.081
28.518	52.694	-12.72
28.288	52.573	-12.655
27.108	52.933	-12.085
27.0	53.157	-11.987
26.653	51.77	-12.279
26.294	51.873	-12.423
26.538	53.29	-12.173
25.188	53.618	-12.066
25.408	54.974	-11.709
26.799	54.895	-11.75
26.916	55.136	-11.744
26.27	51.859	-12.428
25.162	53.603	-12.071
25.325	52.499	-12.673
23.779	52.671	-13.408
23.616	53.775	-12.807
23.657	53.415	-13.408
23.754	52.666	-13.459
23.628	53.41	-13.466
22.459	52.01	-14.096
23.807	52.448	-13.344
22.507	51.809	-13.991
22.691	51.64	-13.896
21.281	51.566	-14.962
21.41	51.752	-14.82
20.331	51.97	-15.911
20.994	52.724	-16.372
22.021	52.446	-15.244
22.066	52.459	-15.507
21.048	50.01	-15.63
20.134	50.655	-16.475
20.551	50.126	-16.651
21.182	49.712	-15.731
20.679	49.842	-16.748
21.277	49.476	-15.647
22.056	48.896	-16.14
21.635	49.129	-17.354
22.183	48.966	-16.365
23.194	49.166	-16.925
22.6	49.32	-17.888
24.465	49.047	-18.184
23.209	49.155	-16.91
24.48	49.036	-18.169
24.255	48.784	-16.893
24.983	48.359	-16.797
25.341	48.534	-18.055
25.557	48.321	-16.995
26.535	48.237	-17.211
26.319	48.45	-18.271
27.229	48.375	-18.031
27.4	48.429	-18.664
26.491	48.504	-18.904
27.337	48.536	-19.24
28.076	48.356	-18.752
28.013	48.463	-19.328
29.591	47.169	-19.154
29.629	47.184	-19.356
28.062	48.481	-19.588
29.035	45.788	-20.06
28.608	48.44	-19.699
29.421	46.191	-20.093
29.094	45.871	-20.415
28.121	48.565	-19.942
28.634	48.602	-20.271
29.501	48.034	-20.243
29.727	46.685	-20.315
29.322	45.935	-20.904
28.863	48.667	-20.76
29.44	45.975	-21.498
29.504	48.403	-20.706
29.909	46.368	-21.27
29.583	46.075	-21.754
29.017	48.774	-21.036
30.429	47.635	-21.432
29.706	46.088	-22.12
30.541	47.647	-21.764
30.158	46.314	-22.437
31.185	46.568	-23.308
31.408	47.861	-22.5
31.234	46.44	-23.796
31.972	46.356	-23.804
32.146	47.778	-22.508
32.058	46.469	-23.317
32.717	46.228	-22.94
32.703	47.575	-22.189
33.717	47.563	-21.817
33.725	47.764	-21.84
32.709	47.745	-22.208
33.842	49.123	-22.984
33.596	49.218	-23.164
32.502	47.825	-22.36
33.047	49.131	-22.92
32.435	49.271	-23.127
31.985	47.944	-22.534
31.952	49.373	-23.283
32.62	49.804	-23.643
32.108	49.823	-23.719
33.169	49.891	-23.887
34.301	47.775	-21.768
34.418	49.134	-22.912
34.488	47.907	-21.742
35.02	48.09	-21.539
35.102	49.368	-22.652
35.553	49.494	-22.316
35.694	49.632	-22.558
35.244	49.506	-22.893
36.982	49.24	-24.042
36.431	49.745	-25.132
34.592	50.103	-24.183
34.532	50.277	-24.323
33.592	51.01	-24.495
33.383	51.046	-24.403
33.757	51.506	-26.952
34.364	50.494	-24.507
34.705	50.872	-26.968
35.042	50.321	-27.22
34.915	50.627	-29.798
34.561	51.218	-29.881
34.621	51.731	-30.355
33.997	53.838	-29.048
33.857	53.599	-28.404
33.468	54.63	-27.055
34.73	54.116	-28.951
34.142	54.885	-26.966
35.607	54.451	-27.814
35.747	54.636	-27.658
34.251	55.029	-26.844
35.62	55.316	-26.815
36.651	55.016	-27.739
36.383	55.637	-26.883
36.831	55.348	-27.207
38.871	52.568	-26.961
39.051	52.9	-26.429
39.391	52.26	-25.602
39.659	52.927	-25.112
39.369	53.69	-25.85
39.423	53.934	-25.945
38.899	55.258	-25.887
38.695	55.391	-25.775
39.035	55.67	-24.585
39.374	54.212	-25.605
39.51	54.625	-24.303
39.606	53.229	-24.743
38.711	52.171	-26.979
39.255	51.925	-25.617
39.377	51.191	-25.493
39.788	51.337	-25.171
39.619	52.054	-25.332
40.369	50.996	-24.985
40.522	51.576	-23.544
39.771	52.635	-23.891
39.96	51.993	-23.542
39.924	52.015	-23.483
39.739	52.654	-23.838
40.34	51.98	-22.242
39.954	51.984	-23.494
40.364	51.955	-22.251
40.516	51.568	-23.501
41.133	50.484	-23.034
40.932	50.957	-21.821
40.901	50.691	-21.829
40.356	49.148	-23.137
39.981	49.11	-21.951
39.873	48.944	-21.77
40.024	48.995	-21.588
40.174	49.175	-21.717
39.997	47.91	-20.965
40.283	48.316	-20.092
40.514	49.655	-20.683
40.453	48.442	-19.426
40.324	49.116	-18.764
40.379	50.362	-19.99
40.109	50.582	-19.447
40.311	49.141	-18.707
40.096	50.607	-19.388
39.974	49.812	-18.641
39.755	50.272	-18.122
39.836	51.152	-18.774
39.881	51.416	-18.772
39.188	52.695	-18.949
38.945	52.796	-19.002
38.378	52.921	-17.885
39.52	51.636	-18.472
38.711	51.862	-17.408
39.363	50.512	-17.796
39.255	50.391	-17.548
38.611	51.751	-17.179
38.493	51.358	-17.026
36.46	52.528	-17.021
36.74	52.828	-17.175
35.811	53.14	-17.952
36.224	52.334	-16.988
35.594	52.961	-17.922
35.622	52.716	-17.82
36.121	52.21	-16.967
35.5	52.569	-17.795
35.688	52.106	-17.378
35.602	52.057	-17.393
35.413	52.52	-17.81
34.188	52.192	-17.559
35.338	50.797	-17.013
33.965	51.128	-17.238
34.266	49.325	-15.99
33.407	49.216	-15.988
33.24	51.035	-17.237
31.868	50.274	-16.868
31.794	50.412	-16.855
33.159	51.185	-17.223
31.654	50.584	-16.788
31.529	50.898	-16.805
33.054	51.45	-17.237
31.507	52.556	-16.107
31.898	53.367	-16.331
33.479	52.331	-17.481
33.562	53.992	-17.665
31.207	50.774	-16.488
31.256	52.46	-15.859
31.063	52.403	-15.683
30.606	50.573	-16.188
30.462	52.202	-15.383
30.086	50.5	-15.946
29.924	50.503	-15.849
30.288	52.205	-15.279
29.887	52.214	-14.827
30.235	52.697	-14.423
30.699	52.776	-14.8
30.321	53.027	-13.899
29.497	52.351	-14.208
29.447	52.617	-13.645
28.344	50.975	-13.629
29.546	52.14	-14.612
28.393	50.764	-14.032
28.479	50.92	-14.61
28.466	50.749	-14.654
28.383	50.62	-14.069
29.537	50.262	-15.653
29.214	49.475	-15.69
28.089	49.904	-14.103
28.037	49.371	-15.052
27.958	49.269	-14.989
28.022	49.818	-14.05
27.937	49.012	-15.06
27.345	48.661	-14.754
27.38	49.438	-13.718
27.198	48.818	-14.596
26.206	48.905	-14.359
26.542	49.511	-13.518
25.323	49.137	-13.942
25.087	49.492	-13.511
26.343	49.811	-13.154
24.868	49.525	-13.361
24.749	49.934	-13.128
26.213	50.255	-12.901
26.147	50.629	-12.683
27.816	51.406	-12.828
28.027	51.1	-13.058
28.271	52.569	-12.634
24.475	50.453	-13.075
25.872	51.147	-12.63
24.893	51.726	-12.892
24.208	50.539	-13.082
24.603	51.819	-12.9
24.238	50.795	-13.153
23.444	51.244	-13.529
23.932	52.199	-13.218
22.84	51.345	-13.746
23.248	50.219	-13.458
22.645	50.319	-13.676
23.438	50.091	-13.32
23.42	49.64	-13.478
22.621	49.739	-13.879
23.225	49.639	-13.661
23.736	48.579	-15.567
23.133	48.679	-15.785
24.19	48.382	-15.943
24.834	48.547	-14.648
25.118	48.355	-15.166
25.717	48.315	-15.065
27.545	48.196	-16.185
27.454	48.22	-16.436
28.148	48.357	-17.255
27.599	48.215	-16.152
28.217	48.381	-17.212
28.736	48.428	-16.936
28.833	48.377	-17.105
28.321	48.327	-17.393
30.037	46.971	-16.819
30.084	46.918	-17.071
28.376	48.264	-17.691
29.824	47.098	-18.329
30.221	46.491	-17.167
29.951	46.705	-18.417
30.007	44.927	-17.952
30.002	44.925	-17.963
29.946	46.703	-18.426
29.443	45.169	-18.863
29.906	44.802	-17.936
29.347	45.047	-18.837
28.917	44.805	-18.819
28.055	44.485	-20.734
28.327	44.667	-21.103
28.396	44.79	-21.949
28.761	45.445	-21.919
28.797	45.509	-21.066
28.951	45.579	-21.648
29.235	45.669	-22.656
29.517	45.848	-22.529
29.955	46.055	-22.877
29.212	45.171	-23.228
29.926	45.414	-23.612
30.17	45.465	-24.053
29.257	44.494	-23.392
30.219	44.731	-24.231
29.983	44.544	-23.823
32.964	44.656	-23.743
32.737	44.825	-24.164
33.674	44.682	-23.274
33.643	45.406	-23.098
32.703	45.611	-23.973
32.924	45.587	-23.517
33.561	45.835	-22.635
32.819	46.138	-22.923
33.819	47.472	-21.8
34.421	45.048	-21.73
34.924	46.46	-20.637
34.411	44.925	-20.88
34.501	44.814	-20.371
35.015	46.349	-20.128
35.24	46.293	-19.603
35.666	46.816	-19.731
35.441	46.872	-20.255
37.878	46.991	-20.276
37.869	47.654	-20.845
35.431	47.656	-20.929
37.059	48.528	-20.735
37.055	48.538	-20.743
35.425	47.669	-20.94
35.363	47.825	-21.098
36.97	48.833	-20.931
35.278	48.119	-21.285
35.884	49.532	-21.989
37.045	48.876	-20.978
35.981	49.587	-22.05
37.638	49.318	-21.888
37.664	49.372	-22.061
36.006	49.641	-22.224
37.387	49.687	-22.508
37.37	49.704	-22.589
35.987	49.661	-22.319
37.229	49.265	-23.841
37.466	49.656	-22.583
37.325	49.217	-23.835
37.759	49.334	-22.15
37.97	49.202	-22.198
37.504	49.105	-23.875
37.853	49.338	-23.318
38.819	49.081	-23.962
38.359	48.878	-24.445
39.512	48.999	-23.915
39.993	50.024	-25.194
38.84	49.903	-25.724
39.362	50.239	-25.407
39.132	50.735	-25.616
38.636	50.342	-25.909
38.396	51.546	-27.156
37.701	51.127	-27.452
37.882	49.887	-26.231
36.675	50.228	-28.119
35.226	50.334	-27.174
36.433	49.994	-25.286
34.534	50.506	-24.465
34.492	50.921	-24.781
35.036	50.813	-26.946
37.81	51.476	-28.058
36.793	50.606	-28.777
37.702	51.603	-28.267
37.215	52.325	-29.01
36.381	51.216	-29.405
36.088	52.32	-29.962
37.285	53.2	-29.163
36.147	53.059	-30.091
37.332	53.463	-29.169
36.693	54.456	-28.709
35.454	54.137	-29.592
36.464	54.476	-28.572
38.562	51.855	-27.082
38.669	52.091	-27.013
39.337	51.114	-25.525
38.812	49.134	-23.464
39.506	49.046	-23.475
38.975	48.988	-22.351
39.32	48.946	-22.2
39.797	49.01	-23.347
39.275	47.717	-21.373
39.634	47.767	-21.245
40.156	49.06	-23.219
39.689	48.864	-21.846
37.873	49.109	-21.824
38.052	47.855	-21.055
37.227	48.714	-20.928
35.741	46.678	-19.483
37.941	46.875	-20.066
37.289	46.626	-18.917
37.611	46.362	-18.792
38.263	46.611	-19.941
38.17	46.515	-19.255
39.828	46.539	-19.257
39.731	46.632	-19.943
40.372	46.428	-18.824
41.01	47.78	-18.944
40.368	47.984	-20.062
40.549	48.066	-19.392
40.785	48.699	-17.81
40.294	49.104	-18.11
39.959	49.78	-18.113
40.287	48.541	-17.013
39.461	49.622	-17.316
39.732	48.926	-17.21
39.729	48.926	-17.208
39.458	49.622	-17.314
39.215	48.772	-16.219
39.037	48.944	-16.13
39.308	49.767	-17.239
38.859	49.128	-16.053
38.605	49.367	-16.015
39.032	50.028	-17.198
38.271	50.995	-16.677
37.474	49.309	-15.486
37.043	50.932	-16.102
37.257	49.177	-15.401
37.18	49.163	-15.414
36.977	50.92	-16.113
36.612	49.006	-15.153
36.3	49.038	-15.216
36.714	50.947	-16.166
35.768	49.223	-15.476
35.245	49.401	-15.747
36.191	51.125	-16.438
35.771	50.822	-16.751
34.908	49.376	-15.946
35.372	50.791	-16.986
34.3	49.319	-15.964
35.168	48.762	-14.896
34.608	48.592	-14.721
35.59	48.492	-14.529
35.409	47.605	-14.064
34.427	47.705	-14.255
34.439	46.78	-13.674
33.55	46.648	-13.739
33.375	47.548	-14.332
33.176	47.713	-14.401
32.835	48.74	-15.378
32.937	48.869	-15.589
31.279	50.06	-16.405
31.497	50.252	-16.568
33.156	49.061	-15.752
31.673	50.154	-16.684
32.508	48.415	-15.269
30.859	49.642	-16.265
31.389	48.113	-15.832
31.223	48.064	-15.796
30.662	49.583	-16.223
30.138	49.58	-15.979
30.337	47.373	-15.911
29.162	48.82	-16.105
27.955	48.543	-15.456
27.991	49.023	-15.134
29.205	49.394	-15.721
28.027	49.283	-15.085
28.359	48.514	-16.064
29.865	47.783	-16.38
30.045	47.035	-16.519
27.687	48.231	-16.016
28.842	48.448	-16.774
32.599	47.373	-14.789
31.488	46.981	-15.311
32.634	47.111	-14.832
32.652	46.976	-14.843
31.503	46.867	-15.32
32.939	46.164	-14.17
32.819	45.678	-14.316
31.383	46.381	-15.466
32.626	45.781	-14.883
32.552	45.343	-15.217
31.32	46.011	-15.748
31.822	43.864	-15.576
31.51	43.781	-15.76
31.056	45.941	-15.904
30.175	43.733	-16.002
29.349	44.102	-16.887
30.23	46.31	-16.788
30.018	44.713	-17.505
29.166	44.01	-17.158
29.802	44.604	-17.826
28.829	44.638	-18.726
28.485	42.696	-17.538
28.148	43.323	-19.106
28.644	42.528	-18.109
28.856	41.932	-18.754
28.328	42.82	-19.651
28.957	41.82	-18.975
29.271	41.667	-19.47
28.669	42.654	-20.188
29.053	42.501	-20.457
28.383	43.83	-21.319
28.103	43.777	-20.916
28.44	44.139	-22.116
28.949	43.144	-21.671
28.879	43.605	-22.39
29.092	43.381	-22.211
29.659	43.637	-23.095
29.354	43.82	-23.13
30.108	43.677	-23.486
30.335	42.883	-22.224
30.835	42.865	-22.55
30.285	42.609	-21.686
30.932	42.539	-21.295
31.482	42.796	-22.159
31.473	42.489	-20.999
31.496	42.49	-20.999
31.505	42.797	-22.158
31.992	42.596	-21.28
32.712	42.736	-21.647
32.225	42.937	-22.525
32.701	43.004	-22.181
33.339	43.844	-23.028
32.91	43.841	-23.436
33.632	44.048	-23.035
33.898	43.62	-22.025
34.1	43.861	-22.196
33.998	43.399	-21.479
31.922	42.215	-20.35
32.418	42.322	-20.631
32.049	41.113	-19.342
32.127	41.106	-19.326
32.496	42.315	-20.614
32.291	40.901	-19.274
32.984	41.037	-18.959
33.388	42.491	-20.209
34.264	41.56	-18.642
34.835	42.003	-18.65
34.123	43.061	-20.219
35.85	42.816	-18.864
36.205	44.122	-18.954
34.543	44.607	-20.326
34.572	44.506	-20.081
34.548	44.615	-20.024
34.512	44.747	-20.253
35.251	46.226	-19.485
34.55	44.611	-20.013
35.253	46.22	-19.472
36.181	44.235	-18.881
36.529	44.437	-18.721
35.665	46.459	-19.282
37.225	46.441	-18.748
37.007	44.271	-18.679
37.703	46.275	-18.706
38.274	46.417	-19.159
37.634	44.047	-17.874
38.983	46.164	-18.248
38.434	45.879	-17.309
38.549	45.895	-17.237
39.093	46.18	-18.18
39.722	46.11	-17.871
38.985	45.952	-16.501
40.09	46.158	-17.249
39.084	45.981	-16.254
39.517	46.999	-15.561
40.56	47.264	-16.496
39.541	47.261	-15.61
39.216	48.771	-16.219
40.286	48.54	-17.011
39.73	48.925	-17.208
38.56	46.164	-15.051
38.311	46.187	-14.955
37.552	44.936	-14.731
37.487	44.987	-14.66
38.233	46.248	-14.871
37.665	46.092	-14.609
37.644	46.802	-14.232
38.212	46.958	-14.494
37.47	46.869	-14.04
37.27	47.668	-13.998
37.954	47.984	-14.439
37.386	47.828	-14.177
36.009	47.227	-13.74
35.766	47.262	-13.845
34.74	46.49	-13.489
36.49	46.426	-13.812
35.263	45.619	-13.568
35.306	45.185	-13.542
33.341	44.515	-13.979
33.128	44.892	-14.043
32.195	43.254	-14.809
31.993	43.499	-15.097
32.91	45.157	-14.355
32.004	43.686	-15.287
31.987	43.723	-15.329
32.895	45.189	-14.39
32.716	45.201	-14.97
31.637	43.314	-15.173
31.546	43.449	-15.386
30.287	43.172	-15.391
30.243	43.34	-15.586
31.49	43.664	-15.636
30.158	43.634	-15.898
29.165	41.449	-16.346
28.987	41.581	-16.723
29.239	41.208	-17.145
29.198	41.42	-16.334
29.281	41.171	-17.129
29.763	40.362	-16.532
30.204	39.862	-17.384
29.803	40.578	-18.139
30.263	40.19	-17.902
31.747	41.06	-19.361
31.287	41.449	-19.598
31.62	42.163	-20.369
31.18	42.217	-20.509
30.847	41.503	-19.738
30.64	42.267	-20.805
30.307	42.208	-20.783
30.514	41.443	-19.716
30.247	41.439	-19.723
31.536	39.287	-17.219
31.839	39.51	-17.707
31.853	39.159	-16.947
32.605	39.394	-16.725
32.807	39.813	-17.422
33.825	40.007	-17.086
33.952	40.18	-17.571
32.934	39.986	-17.907
32.918	40.029	-18.171
34.133	41.171	-18.47
33.059	40.8	-18.87
34.339	41.322	-18.553
35.49	41.271	-17.878
35.394	41.4	-18.092
36.457	42.16	-18.258
35.714	41.2	-17.515
36.645	42.1	-17.951
36.671	41.831	-17.302
36.725	41.843	-17.3
36.693	42.11	-17.949
37.215	41.49	-16.938
38.286	42.684	-16.759
37.764	43.304	-17.771
37.935	43.191	-17.098
37.835	43.942	-16.997
37.675	43.968	-17.681
38.482	45.785	-17.081
38.032	43.899	-16.228
38.688	45.74	-16.275
38.853	45.816	-16.078
37.962	43.904	-15.772
38.797	45.82	-15.706
37.81	44.562	-15.443
37.954	43.865	-15.697
37.802	44.528	-15.377
38.302	43.281	-15.52
37.35	42.78	-14.48
36.849	44.027	-14.338
36.877	43.299	-14.523
36.254	43.287	-14.447
36.298	44.017	-14.27
35.208	44.183	-13.705
35.372	45.107	-13.593
36.476	45.021	-14.149
36.469	46.131	-14.004
36.561	46.132	-14.011
36.554	45.021	-14.155
36.628	46.349	-13.869
36.874	46.348	-13.919
36.821	45.021	-14.21
36.877	46.131	-14.076
36.449	46.158	-13.988
36.541	46.369	-13.851
35.357	45.128	-13.581
36.039	43.074	-14.48
35.033	44.009	-13.732
35.325	42.845	-14.438
34.232	42.677	-14.544
34.027	43.855	-13.829
33.758	42.304	-14.684
33.652	42.338	-14.712
33.945	43.882	-13.851
32.798	42.621	-14.681
33.486	41.918	-14.714
32.669	42.294	-14.683
32.873	42.138	-14.755
31.714	41.845	-15.058
31.768	42.067	-14.918
31.087	40.91	-15.23
31.042	40.941	-15.244
31.726	42.095	-14.931
30.376	41.953	-15.149
31.882	41.722	-15.021
31.229	40.807	-15.199
31.571	40.557	-15.087
32.644	41.454	-14.982
32.163	40.349	-15.058
33.256	41.235	-14.942
33.703	40.635	-15.152
32.511	39.883	-15.221
33.785	40.421	-15.288
33.932	39.901	-16.661
32.658	39.363	-16.594
33.892	39.967	-16.917
35.341	41.855	-14.805
35.07	41.33	-14.993
36.624	41.591	-14.81
37.174	41.461	-16.911
35.721	41.176	-17.48
36.679	41.809	-17.269
35.448	42.371	-14.544
36.731	42.107	-14.549
36.178	42.539	-14.6
32.76	47.121	-14.708
33.03	46.286	-14.056
32.697	47.38	-14.693
28.502	50.9	-14.69
29.57	50.402	-15.686
29.566	52.123	-14.679
26.757	65.554	-23.053
28.168	66.14	-21.777
28.027	66.39	-23.078
28.046	66.43	-23.073
28.187	66.181	-21.772
28.348	66.463	-22.385
29.237	60.918	-10.378
29.444	59.489	-12.65
29.281	61.141	-11.183
29.4	60.312	-12.503
22.267	67.684	-6.947
21.814	69.897	-5.769
13.276	78.946	-7.153
13.404	79.279	-6.298
12.722	78.966	-5.392
13.228	78.992	-5.26
12.535	78.478	-4.918
13.006	78.416	-4.7
12.287	77.834	-4.778
12.712	77.653	-4.533
11.797	76.837	-5.604
12.285	75.916	-5.316
11.956	76.973	-6.975
12.321	76.634	-7.134
12.166	77.52	-7.37
12.57	77.281	-7.602
12.42	78.179	-7.409
12.87	78.061	-7.649
12.526	76.169	-7.012
12.679	75.612	-6.816
13.601	75.658	-7.685
13.85	75.075	-8.082
13.532	76.617	-7.947
13.919	75.977	-7.986
14.141	75.368	-8.358
14.144	74.94	-8.971
14.42	76.174	-8.042
14.601	75.549	-8.41
13.783	77.745	-8.056
14.274	78.078	-8.132
15.871	79.416	-7.645
15.98	79.694	-6.936
14.244	78.934	-4.994
14.703	79.183	-5.286
14.239	77.64	-4.164
14.392	77.082	-3.968
13.548	77.457	-4.144
13.701	76.899	-3.948
12.916	77.205	-4.368
13.069	76.647	-4.172
14.912	76.685	-3.887
15.462	76.516	-3.902
14.744	76.123	-3.714
15.294	75.954	-3.729
14.564	75.539	-3.731
15.114	75.37	-3.746
14.39	74.989	-3.934
14.939	74.82	-3.949
14.238	74.527	-4.305
14.787	74.359	-4.32
14.123	74.199	-4.808
14.672	74.03	-4.823
14.057	74.034	-5.394
14.606	73.866	-5.409
14.248	74.005	-6.584
14.39	73.72	-7.111
13.397	74.355	-6.378
13.74	74.243	-6.876
13.918	73.941	-7.382
13.9	73.5	-7.811
13.089	74.925	-6.861
13.5	74.689	-7.254
13.694	74.356	-7.734
13.64	73.982	-8.219
13.6	75.207	-7.602
13.787	74.837	-8.058
14.639	73.746	-6.849
15.01	73.601	-6.834
15.46	73.203	-7.141
15.904	73.113	-6.605
15.51	73.126	-7.195
15.952	73.039	-6.657
15.65	72.723	-7.485
15.651	72.38	-7.981
15.028	72.18	-8.758
14.302	72.647	-8.432
14.486	72.28	-8.967
14.487	71.724	-9.35
13.9	72.983	-8.851
14.131	72.575	-9.336
14.084	72.06	-9.768
14.066	72.982	-9.758
14.225	74.273	-10.082
14.206	74.83	-9.3
14.481	74.847	-9.902
14.544	75.064	-10.524
15.017	75.161	-9.694
15.132	75.613	-8.507
15.323	76.304	-8.218
15.102	75.614	-8.49
15.29	76.305	-8.2
15.687	76.582	-8.445
15.857	76.093	-8.803
15.812	75.693	-9.289
15.562	75.455	-9.815
16.291	76.572	-8.524
16.019	76.09	-8.825
15.924	75.692	-9.303
16.023	75.447	-9.876
16.458	76.432	-8.451
16.335	75.836	-8.718
16.346	75.383	-9.205
16.46	76.431	-8.45
16.337	75.835	-8.718
16.349	75.382	-9.204
17.169	76.466	-8.341
17.709	76.835	-8.188
16.77	78.05	-8.515
17.136	78.39	-8.443
16.274	78.711	-8.343
16.716	78.948	-8.297
17.755	77.354	-8.068
17.943	76.775	-8.147
17.889	77.39	-8.012
18.078	76.811	-8.091
18.003	77.399	-7.96
18.235	78.221	-7.848
18.42	77.636	-7.653
18.792	77.111	-7.652
18.657	77.864	-7.188
18.688	77.934	-7.061
18.427	78.776	-6.672
18.649	78.21	-6.462
19.089	77.81	-6.217
18.294	78.209	-5.904
17.527	79.319	-6.016
17.233	79.15	-5.643
17.018	79.691	-6.378
16.631	79.591	-6.072
18.196	78.08	-5.684
18.132	77.998	-5.535
17.387	78.167	-5.035
18.108	77.427	-4.876
17.396	77.134	-4.63
17.118	76.974	-4.544
16.94	76.527	-4.232
16.828	76.24	-3.995
16.766	76.131	-3.918
15.94	75.86	-3.742
16.527	75.66	-3.706
17.065	75.526	-3.426
15.787	75.171	-3.751
16.404	75.103	-3.713
16.946	74.99	-3.433
16.422	74.58	-3.939
16.433	74.458	-4.019
16.42	74.298	-4.135
16.386	73.998	-4.329
16.271	73.855	-4.444
15.727	73.386	-5.388
15.683	73.381	-5.966
15.817	73.329	-5.334
15.919	73.363	-5.103
16.499	72.139	-4.829
16.577	71.794	-5.472
16.437	72.307	-6.511
16.272	72.553	-6.612
16.734	71.738	-6.429
16.751	71.369	-5.772
16.911	71.439	-6.607
16.937	71.055	-5.959
17.194	71.12	-6.973
17.276	71.018	-7.221
16.656	71.296	-8.326
16.547	70.919	-8.831
16.324	70.4	-9.133
16.517	71.399	-8.382
16.444	70.994	-8.872
16.173	70.512	-9.193
16.15	71.752	-8.388
15.782	71.644	-8.886
15.997	71.935	-8.312
15.623	71.834	-8.807
15.851	72.138	-8.238
15.845	72.146	-8.23
15.57	70.708	-9.416
14.823	70.501	-9.977
14.732	70.387	-10.171
14.615	70.415	-10.363
14.22	70.92	-10.646
13.995	71.67	-10.272
13.886	71.452	-10.802
13.579	71.201	-11.228
13.834	72.053	-11.034
13.796	72.315	-11.261
13.879	72.628	-11.261
13.912	72.773	-11.296
13.92	72.792	-11.293
14.136	73.252	-10.863
13.89	73.166	-11.448
14.17	73.579	-10.934
13.921	73.463	-11.513
14.017	73.778	-11.526
14.316	74.702	-11.327
14.081	74.195	-11.869
13.533	73.936	-12.358
14.385	74.403	-12.269
14.469	74.411	-12.397
14.581	74.447	-12.48
14.956	74.674	-12.558
14.857	74.595	-13.273
14.55	74.785	-13.903
15.304	74.684	-12.663
14.998	74.599	-13.316
14.898	74.796	-14.008
15.598	74.579	-12.661
15.506	74.364	-13.279
15.485	74.428	-13.937
15.794	74.484	-12.664
15.662	74.288	-13.282
15.705	74.322	-13.941
15.921	74.409	-12.65
15.889	74.15	-13.255
16.279	74.078	-12.527
16.248	73.819	-13.132
16.655	73.841	-12.188
16.981	73.73	-11.711
17.284	74.103	-10.959
16.843	74.991	-11.102
17.202	74.715	-10.617
17.746	74.635	-10.247
16.836	75.03	-10.101
16.635	75.108	-9.948
16.963	75.123	-9.387
17.355	75.387	-8.94
16.57	75.135	-9.91
16.917	75.142	-9.359
17.29	75.414	-8.902
16.869	75.17	-9.298
17.263	75.434	-8.872
16.858	75.175	-9.29
17.252	75.439	-8.864
17.563	75.296	-9.078
18.349	75.003	-9.143
19.065	75.714	-8.443
19.423	75.21	-8.51
18.897	76.213	-8.215
18.945	76.677	-7.822
19.743	76.174	-7.075
20.022	75.298	-7.492
20.097	75.765	-6.098
19.942	76.478	-5.564
19.856	76.586	-5.572
19.461	76.816	-5.027
19.462	76.758	-4.902
19.26	76.74	-4.693
18.335	77.191	-4.705
18.48	76.771	-4.228
18.887	76.292	-3.736
19.487	76.182	-3.721
18.836	75.553	-3.296
19.444	75.558	-3.349
19.296	74.103	-3.324
19.684	73.587	-3.064
20.019	73.262	-2.548
18.963	73.66	-3.443
19.492	73.332	-3.133
19.766	72.925	-2.639
18.366	73.29	-3.747
18.43	72.688	-3.751
18.021	73.252	-3.815
18.091	72.65	-3.818
17.971	72.631	-3.853
17.91	72.612	-3.867
17.612	72.383	-3.871
17.085	73.221	-4.126
17.11	72.402	-4.054
16.902	71.731	-3.625
16.727	72.308	-4.415
16.172	73.543	-4.695
16.308	73.748	-4.487
16.132	73.383	-4.835
16.485	72.771	-4.787
16.612	72.139	-4.493
16.067	73.328	-4.95
16.456	72.746	-4.838
16.539	72.076	-4.623
18.343	71.264	-3.105
18.908	71.321	-2.836
19.321	71.519	-2.405
18.323	71.022	-2.996
18.89	71.107	-2.74
19.298	71.24	-2.28
18.291	70.778	-2.918
18.83	70.667	-2.588
19.213	70.687	-2.073
18.244	70.364	-2.912
18.795	70.361	-2.583
19.165	70.272	-2.066
18.944	68.948	-1.831
19.01	68.64	-2.116
18.087	69.875	-3.032
18.153	69.567	-3.317
18.54	69.407	-3.828
19.196	69.087	-3.708
19.609	68.521	-3.474
18.581	69.373	-4.055
19.221	69.066	-3.848
19.66	68.479	-3.756
17.862	69.573	-5.543
16.963	69.82	-5.363
17.408	69.918	-5.839
17.67	69.828	-6.437
17.186	70.505	-5.981
19.514	69.375	-5.491
19.967	69.065	-5.001
20.23	68.478	-4.645
19.709	69.408	-5.628
20.091	69.086	-5.089
20.471	68.52	-4.814
21.134	68.353	-5.159
21.321	68.498	-5.268
19.818	69.519	-5.909
19.977	69.642	-6.002
20.367	69.952	-6.029
20.483	70.177	-6.234
20.589	70.275	-6.262
20.599	71.007	-6.505
20.497	71.105	-6.543
20.45	71.258	-6.537
19.788	71.909	-7.24
19.777	71.902	-7.263
19.659	71.662	-7.516
19.647	71.628	-7.554
19.62	71.521	-7.657
19.23	70.979	-8.048
18.336	70.295	-8.048
17.996	70.386	-8.704
17.847	70.163	-9.399
18.22	70.249	-7.999
17.927	70.359	-8.676
17.701	70.105	-9.339
17.418	70.881	-7.423
17.357	70.936	-7.319
16.85	70.96	-8.599
16.564	70.41	-9.063
16.714	71.041	-8.613
16.44	70.483	-9.076
17.691	68.981	-10.343
18.319	68.93	-10.548
17.573	68.707	-10.636
18.201	68.656	-10.841
17.023	68.158	-10.928
17.224	67.652	-11.353
17.589	67.087	-11.51
16.72	68.001	-10.915
16.988	67.53	-11.343
17.23	66.901	-11.495
16.556	67.896	-11.009
16.713	67.277	-11.456
16.356	67.862	-11.031
16.502	67.242	-11.479
16.188	67.947	-10.919
16.208	67.512	-11.363
16.231	66.934	-11.593
16.156	67.946	-10.92
16.185	67.511	-11.364
16.201	66.933	-11.594
15.603	68.47	-9.817
15.293	68.347	-10.1
15.135	69.093	-9.663
14.862	68.921	-9.959
15.864	67.676	-11.212
16.022	67.038	-11.572
14.975	68.091	-10.974
15.4	67.691	-11.443
15.558	67.054	-11.803
15.409	66.338	-11.965
15.354	67.936	-11.897
15.512	67.299	-12.257
15.4	68.052	-12.013
15.608	67.506	-12.451
15.402	68.058	-12.02
15.61	67.512	-12.458
15.193	68.645	-12.24
15.175	68.668	-12.246
14.73	68.991	-12.204
14.309	69.197	-11.837
14.213	69.284	-11.769
14.3	69.059	-10.89
14.066	69.553	-11.331
13.558	69.907	-11.659
14.185	69.956	-11.001
14.276	70.015	-10.902
14.333	70.087	-10.839
13.336	71.138	-11.493
13.261	70.889	-11.556
13.145	71.49	-11.861
12.92	71.991	-12.205
13.078	70.693	-14.323
12.968	70.849	-14.427
12.455	72.227	-13.95
12.489	72.084	-14.174
13.189	73.352	-15.181
12.777	73.204	-14.271
13.049	73.732	-14.74
12.943	74.293	-15.235
12.959	73.691	-13.736
13.195	74.122	-14.31
13.096	74.704	-14.782
13.456	74.079	-13.336
13.593	74.433	-13.99
13.516	75.032	-14.445
14.153	74.595	-13.852
13.221	73.46	-15.329
13.145	72.962	-15.031
13.224	73.456	-15.335
13.148	72.958	-15.037
13.341	73.293	-15.98
13.179	74.164	-16.351
13.415	73.533	-16.541
13.353	72.916	-16.864
13.805	73.759	-16.957
14.137	74.047	-17.146
14.361	73.642	-17.628
14.35	73.367	-18.236
14.36	74.224	-17.206
14.546	73.789	-17.678
14.611	73.574	-18.307
15.178	74.877	-16.964
15.03	75.649	-16.241
15.559	75.303	-16.412
16.149	75.218	-16.682
15.819	75.216	-15.667
16.215	74.76	-15.018
16.743	74.798	-15.47
16.647	73.99	-14.789
16.866	73.641	-14.846
17.092	72.928	-14.305
17.609	72.604	-14.367
17.074	72.858	-14.048
17.589	72.529	-14.09
16.794	73.123	-13.258
16.58	73.413	-13.112
17.377	72.586	-13.059
17.75	72.36	-13.551
17.627	72.429	-12.777
18.031	72.184	-13.235
17.85	72.216	-12.682
17.895	72.177	-12.567
17.567	73.215	-11.125
17.395	73.468	-11.176
17.652	73.107	-11.051
17.783	72.874	-10.932
17.976	72.805	-10.654
17.945	72.303	-11.04
18.034	72.752	-10.59
18.007	72.247	-10.971
18.154	72.674	-10.458
18.227	72.103	-10.731
18.485	71.682	-11.132
18.883	71.485	-11.589
18.164	72.67	-10.447
18.228	72.103	-10.729
18.488	71.681	-11.129
18.896	71.48	-11.574
18.513	73.82	-10.134
18.958	73.579	-9.772
18.767	74.427	-9.339
18.531	74.738	-9.249
19.694	74.129	-8.871
19.406	73.722	-9.281
20.024	73.588	-8.565
19.735	73.18	-8.975
20.141	73.055	-8.119
19.853	72.648	-8.528
18.693	72.227	-10.197
18.824	71.679	-10.674
19.073	71.429	-11.322
19.059	71.924	-9.859
19.076	71.47	-10.44
19.438	71.126	-10.984
19.123	71.676	-9.736
19.148	71.272	-10.334
19.485	71.019	-10.92
19.144	71.558	-9.661
19.162	71.193	-10.284
19.514	70.856	-10.816
19.161	71.384	-9.496
19.169	70.886	-9.986
19.489	70.481	-10.455
19.07	71.176	-9.327
19.123	70.781	-9.899
19.387	70.249	-10.266
21.137	69.381	-10.935
20.854	69.003	-10.519
20.511	68.866	-10.379
20.884	68.436	-10.092
21.269	68.216	-9.635
19.647	68.959	-10.293
20.154	68.572	-10.285
20.591	68.195	-10.016
20.881	67.896	-9.533
20.97	67.728	-8.925
19.99	68.181	-10.491
20.457	67.875	-10.185
20.702	67.47	-9.758
20.028	67.977	-10.61
20.479	67.466	-10.336
19.966	67.833	-10.786
20.411	67.309	-10.527
19.069	67.651	-11.321
18.833	66.998	-11.487
18.672	67.815	-11.354
18.402	67.176	-11.523
19.274	66.254	-11.325
19.862	66.297	-11.1
20.307	66.453	-10.681
19.265	66.065	-11.252
19.854	66.135	-11.037
20.298	66.265	-10.608
17.868	66.066	-11.154
17.905	65.549	-10.885
16.831	65.681	-11.415
15.948	65.518	-11.689
16.433	65.137	-11.568
16.761	64.712	-11.239
15.74	65.084	-12.198
16.228	64.708	-12.07
16.513	64.193	-11.847
16.289	64.55	-12.74
15.381	65.431	-13.275
15.53	65.416	-13.599
15.19	66.173	-13.219
15.302	66.303	-13.532
16.168	64.892	-13.875
16.595	64.49	-13.871
16.224	65.848	-14.978
15.714	65.777	-14.251
15.832	66.158	-14.803
15.698	66.377	-15.433
15.471	66.294	-14.0
15.626	66.596	-14.59
15.477	66.847	-15.205
15.644	67.081	-14.38
15.681	67.361	-14.087
15.611	67.867	-14.449
15.293	68.296	-14.775
14.783	68.574	-15.009
15.694	67.442	-13.994
15.613	67.88	-14.434
15.294	68.305	-14.765
14.794	68.643	-14.93
15.688	67.893	-13.388
15.644	67.844	-12.907
15.153	68.994	-13.965
14.726	69.047	-14.506
15.111	69.033	-13.929
14.688	69.082	-14.473
14.351	69.326	-14.142
13.823	69.58	-13.247
13.85	69.541	-14.112
13.592	69.121	-14.825
13.493	69.946	-14.197
13.387	70.163	-14.132
13.251	70.43	-14.14
12.774	70.053	-15.31
12.843	69.641	-15.441
12.694	70.248	-15.852
12.756	69.853	-16.03
13.124	70.619	-16.856
13.148	70.698	-17.441
13.173	70.955	-16.809
13.196	71.035	-17.393
13.194	71.433	-16.503
13.164	71.707	-16.03
12.966	71.629	-15.285
12.914	70.888	-14.555
13.186	72.162	-15.552
13.238	72.491	-15.5
13.277	71.557	-17.414
13.281	71.811	-17.586
13.818	72.728	-18.104
14.064	73.045	-18.079
14.244	73.49	-17.581
14.257	73.253	-18.199
14.299	73.559	-17.606
14.313	73.323	-18.224
13.669	71.147	-20.397
13.489	70.727	-19.943
14.571	70.415	-21.229
14.092	71.32	-21.067
14.534	70.919	-21.568
14.603	70.505	-22.225
14.413	71.934	-21.397
14.789	71.406	-21.83
14.874	71.024	-22.504
15.272	71.756	-21.95
15.28	71.856	-21.869
15.44	71.505	-22.408
15.33	71.88	-21.87
15.485	71.527	-22.41
15.722	72.426	-21.788
15.881	73.015	-21.518
15.948	73.654	-21.156
14.967	73.576	-20.677
15.708	74.002	-20.738
16.114	74.694	-21.036
14.967	73.853	-19.948
15.707	74.213	-20.183
16.114	74.928	-20.42
15.947	74.23	-19.64
15.509	73.824	-18.495
15.707	74.075	-17.942
15.401	73.799	-18.444
15.607	74.052	-17.895
15.116	73.744	-18.354
15.085	73.971	-17.733
14.662	73.6	-18.319
14.641	73.831	-17.699
15.933	74.084	-18.162
16.04	74.134	-18.18
16.357	74.452	-17.997
16.611	74.47	-18.58
16.656	74.655	-19.187
16.609	74.939	-17.317
16.75	74.648	-17.865
16.906	74.616	-18.481
17.048	74.851	-19.054
17.153	75.31	-19.483
17.161	74.459	-17.794
17.214	74.475	-18.427
17.46	74.663	-18.983
17.34	74.28	-17.814
17.579	74.196	-18.471
17.498	74.12	-17.733
17.746	74.026	-18.386
17.628	73.991	-17.523
17.918	73.742	-17.998
18.34	73.699	-18.436
17.791	73.598	-17.27
18.048	73.429	-17.797
18.503	73.305	-18.183
17.904	73.201	-16.52
18.261	72.704	-16.423
18.788	72.377	-16.416
17.917	73.233	-16.37
18.271	72.727	-16.315
18.8	72.407	-16.277
17.914	73.267	-16.23
18.263	72.789	-16.058
18.787	72.484	-15.947
17.813	73.312	-15.822
18.177	72.827	-15.712
18.678	72.532	-15.504
17.752	73.239	-15.613
18.13	72.731	-15.305
17.435	73.252	-15.236
17.786	72.744	-14.897
19.485	71.842	-13.415
19.486	71.842	-13.415
18.093	71.992	-12.323
18.001	72.09	-12.524
18.075	71.982	-12.068
18.615	71.688	-12.241
18.104	71.945	-11.915
18.645	71.652	-12.087
18.651	71.621	-11.926
18.721	71.566	-11.76
20.561	71.159	-11.951
21.026	71.201	-12.337
21.355	69.567	-11.334
21.216	69.519	-11.175
21.798	69.569	-11.575
22.358	69.367	-11.926
22.735	68.397	-9.895
22.097	68.873	-10.246
22.187	68.515	-9.725
22.29	68.41	-9.103
21.617	68.38	-9.713
23.545	67.895	-9.139
23.708	67.841	-9.705
23.653	67.673	-8.563
23.861	67.37	-8.097
23.384	67.634	-7.591
23.687	67.665	-6.93
24.071	68.008	-6.415
23.235	67.674	-7.518
23.583	67.694	-6.879
23.91	68.053	-6.337
22.515	67.743	-7.406
22.565	67.709	-6.785
22.625	67.932	-6.204
22.397	67.741	-7.396
22.462	67.707	-6.775
22.5	67.929	-6.193
21.322	67.634	-8.014
21.354	67.328	-7.506
20.891	67.215	-8.271
20.89	66.877	-7.783
20.672	66.724	-8.644
20.655	66.349	-8.184
20.403	65.57	-10.145
19.919	65.191	-10.431
20.291	65.945	-10.454
19.807	65.566	-10.739
19.97	64.922	-10.265
20.488	65.092	-9.837
20.747	65.384	-9.265
19.964	64.788	-10.198
20.483	64.988	-9.785
20.741	65.251	-9.198
18.456	64.362	-10.254
18.217	64.305	-10.236
18.07	64.272	-10.232
17.194	64.597	-10.799
17.392	64.031	-10.428
17.36	63.608	-9.864
17.071	63.513	-10.858
17.046	63.416	-10.969
17.013	63.287	-11.129
16.96	63.075	-11.344
16.775	62.372	-11.057
16.936	63.044	-11.432
16.753	62.343	-11.14
16.912	63.224	-11.527
16.884	62.668	-11.349
16.773	63.527	-12.429
16.958	63.018	-12.208
16.931	62.455	-12.05
16.696	61.924	-11.98
17.376	62.856	-12.762
17.361	62.289	-12.621
17.46	62.816	-12.82
17.501	62.207	-12.745
17.666	62.807	-12.972
17.691	62.198	-12.885
16.984	63.646	-13.102
16.878	64.019	-13.538
18.784	63.838	-14.285
18.791	63.85	-14.297
18.134	64.826	-15.234
18.107	64.983	-15.931
18.113	64.802	-16.623
17.745	64.971	-15.247
17.909	65.057	-15.938
17.826	64.909	-16.633
16.92	64.688	-17.297
16.259	64.22	-17.673
16.875	64.261	-17.722
17.463	64.075	-17.655
16.873	64.167	-18.32
15.539	64.121	-18.382
15.486	64.156	-18.733
14.979	64.482	-18.117
14.816	64.587	-18.417
14.833	65.029	-17.677
14.642	65.242	-17.891
15.525	65.91	-16.92
15.652	66.296	-16.431
15.94	65.519	-16.733
16.083	65.89	-16.237
15.59	66.426	-16.485
15.419	66.148	-17.02
15.539	66.539	-16.526
15.365	66.266	-17.063
15.244	67.105	-16.445
15.133	67.393	-16.216
15.131	67.489	-16.105
15.125	67.535	-16.06
15.098	67.743	-15.689
14.625	68.201	-15.735
15.224	67.921	-15.214
14.751	68.379	-15.26
14.387	68.217	-16.121
14.298	68.222	-16.216
14.325	68.159	-16.334
14.033	68.294	-16.7
13.94	68.387	-16.665
13.668	69.054	-17.261
13.507	69.531	-17.482
13.273	69.923	-17.383
13.241	70.044	-17.449
13.167	70.441	-17.278
13.066	70.296	-19.109
13.226	70.124	-19.237
13.624	69.424	-18.69
14.012	68.61	-18.246
14.706	69.765	-20.461
14.929	69.695	-21.071
14.429	70.252	-20.639
14.672	70.147	-21.236
15.104	69.49	-21.027
15.018	69.39	-20.381
15.233	69.343	-21.033
15.148	69.243	-20.387
15.604	68.705	-21.505
15.78	68.13	-21.168
15.689	68.563	-21.799
15.869	67.981	-21.476
15.834	68.579	-22.56
15.833	68.664	-22.873
15.914	68.601	-22.963
15.94	68.735	-23.217
14.896	69.62	-23.033
15.017	69.756	-23.431
14.706	70.279	-22.914
14.843	70.362	-23.322
14.887	70.934	-22.766
15.01	70.965	-23.185
15.991	68.836	-23.434
16.205	68.982	-23.816
16.181	69.108	-23.866
16.7	69.689	-24.218
16.852	70.203	-24.339
16.716	70.707	-24.372
16.705	70.853	-24.366
15.885	71.107	-24.023
16.523	71.34	-24.13
16.99	71.728	-24.452
16.533	71.651	-23.652
16.324	71.885	-22.956
16.005	71.839	-22.614
16.923	72.265	-23.227
17.095	72.473	-23.253
17.076	72.546	-23.142
17.775	73.004	-22.965
18.107	73.097	-22.956
18.136	73.124	-22.923
17.521	73.844	-22.143
16.855	73.271	-22.408
16.935	73.817	-22.04
16.888	74.466	-21.914
16.487	73.677	-21.673
17.943	74.041	-22.1
18.288	73.646	-22.401
18.531	73.375	-22.884
18.159	74.19	-22.057
18.485	73.781	-22.362
18.778	73.544	-22.836
18.34	74.128	-22.084
18.812	73.736	-22.538
18.428	74.922	-21.579
18.677	74.255	-21.854
19.132	73.856	-22.319
19.676	73.83	-22.854
18.894	74.101	-21.52
19.339	73.711	-22.001
19.066	74.149	-20.695
18.722	75.011	-20.242
18.998	74.46	-20.016
19.483	74.103	-19.752
18.568	74.43	-19.402
19.594	73.432	-21.105
19.757	73.373	-21.751
19.816	73.281	-21.037
19.971	73.229	-21.686
19.899	73.207	-20.996
20.116	73.091	-21.611
20.249	72.887	-20.134
20.204	72.672	-20.76
20.445	72.514	-21.356
20.925	72.441	-21.807
20.085	72.042	-20.61
20.317	71.833	-21.195
19.912	71.688	-20.371
19.887	71.628	-20.3
19.936	71.391	-19.489
20.16	70.688	-19.261
19.983	71.475	-19.271
20.205	70.768	-19.054
19.984	71.55	-19.205
20.161	70.899	-18.937
19.875	71.716	-18.768
20.042	71.08	-18.462
19.703	72.122	-18.263
19.79	71.791	-17.564
19.755	73.023	-18.582
19.556	72.467	-18.075
19.651	72.118	-17.385
20.014	72.071	-16.698
19.176	72.593	-17.952
19.29	72.238	-17.269
20.261	70.968	-17.466
20.34	70.922	-17.411
20.906	71.331	-16.638
20.887	71.622	-16.461
19.826	72.476	-15.36
20.355	72.495	-15.103
21.256	72.191	-15.748
21.722	72.051	-15.882
21.593	72.313	-15.055
22.007	72.154	-15.296
21.975	72.054	-14.425
22.33	71.935	-14.764
22.307	71.478	-14.016
22.61	71.449	-14.419
21.407	71.751	-13.311
21.327	71.414	-12.823
22.496	70.524	-13.818
22.487	69.87	-14.094
22.283	68.718	-13.218
22.475	68.163	-13.027
22.386	68.801	-13.079
22.578	68.247	-12.888
22.528	68.675	-12.841
22.482	69.23	-12.017
23.895	67.629	-11.453
24.128	67.282	-11.048
23.741	68.022	-11.059
23.963	67.704	-10.624
23.414	68.329	-10.697
23.611	68.034	-10.235
24.368	66.776	-10.91
24.575	66.218	-11.058
24.477	66.659	-10.316
24.684	66.101	-10.464
24.843	65.874	-7.444
24.469	66.483	-8.142
24.76	66.413	-7.414
25.362	66.496	-6.911
24.519	66.862	-7.22
24.25	67.192	-7.141
24.629	67.538	-6.562
23.7	67.617	-7.035
24.079	67.963	-6.456
24.852	69.147	-5.984
25.104	69.107	-6.063
24.848	70.334	-4.224
24.502	70.954	-4.01
24.355	70.227	-4.633
24.049	70.857	-4.385
24.195	70.077	-4.799
23.755	70.537	-4.626
24.109	70.022	-4.872
23.669	70.482	-4.699
24.04	69.891	-5.029
23.536	70.204	-4.95
23.149	70.653	-5.031
23.936	69.769	-5.173
23.445	70.097	-5.078
23.045	70.532	-5.175
23.871	69.715	-5.232
23.326	70.01	-5.198
22.901	70.434	-5.351
23.497	69.232	-5.43
23.051	69.655	-5.344
22.598	70.043	-5.511
23.684	68.034	-6.239
23.305	67.688	-6.819
23.857	68.025	-6.347
23.477	67.679	-6.926
22.854	67.688	-6.819
22.883	67.908	-6.222
22.633	67.704	-6.815
22.662	67.924	-6.218
22.557	69.093	-5.441
22.309	69.743	-5.531
22.284	68.988	-5.506
22.067	69.651	-5.587
22.184	71.49	-6.096
22.181	71.741	-6.006
23.291	71.508	-4.806
22.796	71.986	-5.287
23.153	72.062	-4.853
23.632	72.199	-4.583
22.924	72.562	-4.691
22.662	72.999	-4.576
22.982	73.538	-4.286
22.227	73.292	-4.641
22.547	73.832	-4.351
21.399	73.546	-5.139
21.207	73.425	-5.439
21.102	72.936	-5.952
20.731	73.324	-6.452
21.685	72.201	-6.051
21.079	72.562	-6.254
20.711	72.996	-6.717
20.667	73.398	-7.328
20.817	72.195	-6.419
20.48	72.673	-6.862
20.738	72.098	-6.435
20.337	72.503	-6.882
20.636	71.978	-6.453
20.236	72.383	-6.9
20.173	73.466	-8.342
20.353	73.509	-8.148
20.319	74.481	-8.053
20.466	74.299	-7.924
20.521	74.668	-6.338
20.366	74.968	-6.313
20.247	75.178	-6.281
20.193	75.26	-6.299
21.322	75.388	-4.574
21.969	75.358	-4.257
20.709	76.047	-4.757
21.183	75.77	-4.289
21.819	75.774	-3.947
22.469	76.057	-3.811
20.397	76.24	-4.22
20.945	75.917	-3.879
21.56	75.934	-3.502
22.099	76.285	-3.175
20.056	76.062	-3.695
20.685	75.781	-3.478
21.278	75.786	-3.066
21.697	76.074	-2.554
19.8	75.57	-3.355
20.489	75.406	-3.218
21.064	75.378	-2.783
21.392	75.493	-2.151
20.421	74.915	-3.184
20.99	74.845	-2.747
19.962	74.332	-3.293
20.185	73.798	-3.005
20.339	73.424	-2.499
19.867	74.283	-3.303
20.123	73.765	-3.011
20.252	73.379	-2.509
20.884	73.623	-1.973
21.198	74.134	-2.053
21.079	73.548	-1.485
21.416	74.051	-1.509
19.971	72.681	-1.273
19.975	72.501	-1.075
19.521	72.134	-2.627
19.067	71.982	-3.142
19.549	72.221	-2.676
19.098	72.078	-3.196
19.003	71.889	-3.121
19.426	71.948	-2.614
18.92	71.628	-3.023
19.341	71.682	-2.514
21.213	73.532	-1.331
21.482	74.044	-1.42
21.354	73.49	-1.146
21.623	74.003	-1.236
20.723	72.624	-0.44
21.236	72.73	-0.063
20.626	71.977	-0.125
21.139	72.083	0.251
20.103	71.523	-0.393
19.901	70.939	-0.365
19.666	71.571	-0.997
19.532	70.98	-0.875
20.856	71.037	0.065
20.872	71.01	0.076
20.767	70.235	0.323
20.671	70.157	0.321
19.457	69.556	-0.489
19.225	69.466	-1.309
20.141	68.624	0.639
19.917	67.595	0.457
20.455	67.898	0.686
20.895	68.063	1.148
20.96	67.442	0.28
21.047	66.77	-1.083
20.709	66.57	-1.313
20.642	66.507	-1.426
19.889	66.696	-2.062
19.791	66.801	-2.088
19.098	67.393	-1.879
19.535	67.3	-2.389
19.709	67.096	-3.013
19.511	67.92	-2.531
21.542	65.324	-3.777
21.584	65.489	-4.185
21.244	66.195	-4.863
21.432	66.009	-5.486
20.568	66.803	-4.614
21.033	66.667	-5.087
21.238	66.446	-5.693
21.139	66.184	-6.31
21.123	67.194	-5.268
21.32	66.933	-5.861
21.362	67.044	-5.864
21.674	67.463	-6.078
21.715	67.543	-6.032
21.687	67.323	-6.629
22.051	67.781	-6.136
22.022	67.561	-6.733
21.797	68.8	-5.425
21.553	69.416	-5.462
21.62	68.734	-5.356
21.376	69.351	-5.393
20.972	66.611	-7.119
21.146	66.641	-6.648
20.91	65.784	-6.922
21.093	65.943	-6.482
21.303	64.096	-7.126
21.125	64.034	-7.718
20.812	64.44	-8.4
20.454	63.99	-8.84
19.904	63.543	-8.987
20.691	64.858	-8.852
20.366	64.294	-9.168
19.783	63.961	-9.439
19.97	62.983	-8.632
20.568	63.008	-8.204
19.928	62.895	-8.568
20.526	62.92	-8.14
17.543	61.648	-8.757
17.069	62.113	-9.167
18.083	63.262	-8.968
17.876	63.353	-9.111
17.064	62.224	-9.253
16.761	62.292	-9.902
16.732	62.295	-10.143
16.735	62.328	-10.302
15.714	61.204	-10.107
15.818	61.243	-9.684
15.698	60.381	-9.961
15.804	60.486	-9.55
16.513	59.236	-9.949
15.987	59.645	-10.709
16.333	59.173	-10.693
16.473	58.604	-10.702
16.662	59.296	-11.376
16.167	60.338	-11.696
16.578	60.389	-12.139
16.066	60.947	-11.64
16.458	61.11	-12.073
16.085	61.488	-11.338
16.48	61.75	-11.716
16.898	59.266	-11.601
17.413	59.071	-11.909
17.624	59.035	-12.007
17.887	59.043	-12.146
18.206	59.787	-12.755
18.612	59.305	-12.589
18.696	60.151	-12.892
19.101	59.669	-12.726
19.746	60.998	-12.813
19.547	61.291	-12.941
18.116	60.174	-12.965
18.071	60.409	-13.086
17.146	60.643	-12.788
17.317	60.773	-12.948
19.415	61.351	-12.962
19.328	61.527	-13.009
18.919	61.848	-13.153
18.092	61.379	-13.23
18.4	62.073	-13.235
18.629	62.694	-13.608
17.914	62.295	-13.029
19.042	62.844	-13.855
19.519	62.988	-14.173
20.939	63.012	-14.43
21.398	62.694	-14.187
20.645	63.308	-14.687
20.618	63.772	-15.074
19.918	63.322	-14.62
19.891	63.785	-15.007
21.509	63.575	-14.522
21.992	63.938	-14.382
20.988	64.7	-15.871
20.856	64.8	-16.47
20.913	64.725	-17.084
20.616	64.073	-15.377
20.542	64.453	-15.862
20.509	64.608	-16.463
20.523	64.51	-17.076
20.582	64.176	-17.597
20.037	64.523	-15.865
20.116	64.662	-16.465
20.082	64.571	-17.079
19.513	64.604	-15.774
19.156	64.771	-16.323
18.86	64.642	-16.917
19.132	64.659	-15.573
18.916	64.805	-16.196
18.565	64.685	-16.761
19.298	64.351	-17.618
19.248	64.107	-17.973
16.931	64.179	-18.544
16.919	64.179	-18.509
16.059	64.196	-19.42
16.573	64.213	-19.692
15.734	64.511	-19.946
16.224	64.553	-20.258
15.436	65.039	-20.285
15.903	65.12	-20.623
14.774	65.176	-19.921
14.561	65.463	-19.923
14.418	65.109	-19.187
14.264	65.407	-19.309
14.298	65.516	-18.488
14.163	65.747	-18.724
14.592	66.894	-17.834
14.994	66.693	-17.313
14.519	66.965	-18.01
14.442	67.152	-18.231
14.426	67.284	-18.303
14.572	67.628	-18.973
14.69	68.194	-19.188
14.664	67.523	-19.25
14.984	68.21	-19.561
14.946	67.538	-19.607
15.303	68.446	-19.919
15.558	67.978	-20.22
15.339	68.511	-19.989
15.596	68.046	-20.293
15.399	69.036	-20.514
15.382	69.062	-20.521
15.767	68.253	-21.022
15.774	68.194	-21.144
15.265	67.163	-20.204
15.587	66.931	-21.006
15.267	66.683	-20.523
14.756	66.473	-20.219
15.439	66.14	-20.616
16.329	65.882	-21.409
16.238	65.438	-21.045
16.945	66.897	-22.45
16.384	67.387	-22.256
16.318	67.416	-22.133
16.193	67.651	-21.982
16.026	67.896	-21.76
15.888	68.004	-21.538
17.211	66.871	-22.645
17.377	66.83	-22.74
17.392	67.387	-23.954
17.658	67.377	-23.975
17.079	68.0	-24.276
17.255	68.165	-24.389
18.531	66.79	-23.554
19.019	66.307	-23.854
18.502	66.855	-23.705
18.99	66.372	-24.006
18.392	66.959	-23.799
18.84	66.625	-24.149
19.059	66.113	-24.502
18.537	67.484	-24.354
18.945	67.005	-24.551
19.183	66.565	-24.979
18.629	67.938	-24.567
19.127	67.847	-24.899
19.453	67.652	-25.371
18.616	68.039	-24.616
19.116	67.936	-24.942
19.44	67.753	-25.42
18.627	68.241	-24.738
19.11	68.272	-25.215
18.546	68.435	-24.808
19.03	68.466	-25.284
18.511	68.673	-24.93
18.922	68.838	-25.579
18.308	69.216	-24.943
18.738	69.333	-25.591
18.411	69.973	-25.239
18.732	69.753	-25.776
18.555	70.688	-25.487
18.865	70.415	-26.005
18.634	70.863	-25.513
19.002	70.733	-26.058
18.818	71.25	-25.5
19.167	71.077	-26.046
17.991	71.347	-25.14
17.792	71.511	-25.07
20.121	73.35	-25.168
19.679	73.569	-24.205
20.33	73.688	-24.745
20.708	74.21	-25.305
20.201	73.718	-23.671
20.727	73.802	-24.338
21.149	74.336	-24.854
21.212	73.663	-24.051
21.229	73.49	-23.726
21.29	73.453	-23.668
21.512	73.332	-23.387
21.064	73.175	-22.565
21.647	73.064	-22.829
22.28	73.174	-22.926
21.231	72.581	-22.125
21.787	72.567	-22.461
22.421	72.672	-22.554
21.9	71.951	-22.365
20.293	71.265	-21.285
20.277	71.367	-21.262
20.366	71.177	-21.368
20.369	71.098	-21.377
19.957	70.573	-20.274
20.222	70.212	-19.757
19.927	70.657	-20.2
20.192	70.296	-19.683
20.716	69.631	-19.873
20.78	69.498	-20.443
21.155	69.079	-19.642
21.268	68.885	-20.186
21.285	68.718	-19.712
21.331	68.615	-19.607
21.637	68.806	-18.542
21.658	69.124	-18.242
21.716	69.115	-18.138
21.68	69.287	-17.808
21.401	69.951	-17.402
21.712	70.252	-16.898
20.826	70.597	-17.379
21.179	70.851	-16.877
22.08	69.935	-16.72
22.065	69.378	-17.08
22.491	69.477	-16.073
22.459	68.938	-16.459
22.492	69.442	-15.927
22.424	68.886	-16.19
22.336	69.243	-15.443
22.262	68.679	-15.686
22.136	68.779	-15.391
21.984	68.605	-15.175
21.963	68.883	-14.026
22.024	68.457	-13.558
22.297	67.974	-13.247
22.04	68.99	-13.929
22.079	68.534	-13.489
22.358	68.061	-13.17
22.212	67.354	-13.622
21.922	67.368	-14.284
21.929	67.561	-14.979
22.236	67.298	-13.636
21.935	67.338	-14.291
21.96	67.489	-14.996
22.392	66.937	-13.747
22.668	66.243	-13.514
23.309	66.064	-12.604
23.676	66.464	-12.223
23.006	65.588	-12.9
22.652	65.692	-13.526
23.012	65.455	-12.927
22.658	65.569	-13.55
23.431	63.779	-12.462
23.426	63.463	-12.186
23.816	63.197	-11.512
23.848	62.574	-11.414
24.022	61.979	-11.539
24.004	63.221	-11.341
23.992	62.592	-11.283
24.185	62.0	-11.39
24.984	63.937	-10.633
25.486	63.497	-10.293
25.096	64.19	-10.452
25.585	63.719	-10.135
24.94	65.375	-10.414
25.049	65.018	-9.982
25.521	63.8	-10.131
25.601	64.116	-9.509
25.421	64.317	-9.449
25.878	63.971	-9.273
25.289	64.42	-8.904
25.746	64.074	-8.728
25.119	64.555	-8.436
25.009	64.689	-8.319
24.685	65.197	-8.308
24.737	65.388	-7.733
25.01	65.635	-7.25
24.679	65.214	-8.313
24.731	65.402	-7.738
25.004	65.651	-7.255
25.304	65.11	-7.171
25.645	64.914	-6.867
25.703	65.003	-6.728
25.795	64.4	-7.066
26.14	63.975	-7.498
25.752	64.958	-6.638
25.832	64.365	-6.997
26.198	63.921	-7.391
26.158	64.863	-6.056
26.194	64.891	-6.016
26.264	65.086	-5.929
26.732	64.577	-5.765
26.417	65.311	-5.701
26.898	64.822	-5.517
26.399	66.847	-5.738
26.925	67.275	-5.499
26.283	67.031	-5.813
26.809	67.459	-5.574
25.741	67.406	-6.197
25.29	67.542	-6.355
26.722	68.102	-5.736
26.141	68.73	-6.013
26.734	68.685	-5.726
27.393	68.726	-5.708
26.647	69.17	-5.414
26.484	69.342	-5.278
26.315	69.52	-5.13
27.721	69.874	-4.739
27.914	69.553	-5.072
28.454	69.712	-4.328
28.534	69.416	-4.725
28.061	70.349	-3.523
28.332	70.403	-2.992
26.431	70.66	-2.961
25.924	71.003	-2.775
25.603	71.539	-2.636
25.984	70.467	-3.576
25.543	70.838	-3.298
25.156	71.345	-3.251
25.797	70.354	-3.709
25.204	70.667	-3.564
24.744	71.172	-3.628
25.755	70.308	-3.769
25.176	70.636	-3.604
24.709	71.133	-3.678
24.185	73.269	-3.826
23.398	73.365	-4.189
24.408	73.423	-3.651
24.79	73.547	-3.316
24.258	75.678	-3.951
24.433	76.159	-3.704
23.701	75.953	-4.035
23.916	76.415	-3.782
23.131	76.18	-3.911
23.386	76.626	-3.667
22.613	76.332	-3.593
22.904	76.767	-3.371
22.209	76.392	-3.118
22.529	76.823	-2.929
21.967	76.352	-2.542
22.303	76.786	-2.394
21.914	76.217	-1.932
22.254	76.66	-1.827
22.057	76.003	-1.361
22.387	76.462	-1.296
22.461	74.14	-0.515
22.364	73.634	-0.218
22.217	74.1	-0.65
22.145	73.598	-0.339
22.133	73.909	-0.618
21.769	73.82	-0.955
21.316	72.629	0.147
21.491	72.708	0.332
21.615	71.922	0.71
21.724	72.158	0.771
22.517	71.856	1.012
22.425	72.108	1.006
23.933	72.887	0.644
24.461	72.109	0.541
23.021	71.621	0.995
23.002	70.825	1.21
22.376	71.581	1.004
22.5	70.794	1.218
21.711	70.607	0.864
21.257	70.577	0.522
21.953	69.687	1.586
22.49	70.361	1.359
22.473	69.3	1.594
22.969	70.004	1.367
23.466	69.031	0.829
24.182	69.123	0.697
23.483	68.833	0.774
24.198	68.934	0.644
23.487	68.731	0.732
24.207	68.753	0.574
23.352	68.19	0.213
24.06	68.163	0.008
23.213	68.072	0.016
23.802	67.987	-0.351
23.077	67.971	-0.172
23.653	67.878	-0.555
22.591	67.688	-0.4
22.381	67.57	-0.399
22.01	67.053	-1.002
21.416	66.871	-1.036
22.791	66.394	-1.607
22.721	66.271	-1.655
22.35	65.966	-1.734
22.558	65.392	-1.738
22.769	64.872	-1.499
21.787	65.683	-1.933
22.113	65.169	-1.895
22.275	64.624	-1.674
21.628	65.55	-2.078
21.988	65.066	-2.006
22.206	64.568	-1.734
21.475	65.326	-2.49
21.866	64.886	-2.336
22.042	64.326	-2.178
21.53	65.204	-2.755
21.905	64.596	-2.794
21.496	65.224	-3.159
21.867	64.618	-3.243
21.553	65.232	-3.464
21.523	65.303	-3.626
22.019	63.78	-4.116
22.092	63.796	-4.487
22.146	64.13	-5.283
22.121	64.395	-5.388
21.994	65.125	-5.36
21.96	65.228	-5.305
21.807	65.386	-4.568
21.768	65.381	-4.457
21.632	65.776	-5.364
21.496	65.939	-5.416
21.781	64.757	-6.177
21.639	64.744	-6.396
22.077	63.421	-5.316
22.014	63.225	-5.388
21.891	62.88	-5.499
21.866	62.811	-5.491
20.578	61.726	-7.309
20.103	61.404	-7.557
20.514	61.926	-7.446
20.039	61.605	-7.695
20.302	62.11	-7.721
20.374	62.747	-8.099
20.206	61.22	-7.408
20.733	61.423	-6.982
20.309	60.647	-7.228
20.828	60.895	-6.816
19.404	59.739	-7.373
19.981	59.489	-7.244
18.908	60.16	-7.426
18.711	59.984	-7.469
17.566	60.636	-8.408
17.718	61.177	-8.529
17.572	60.491	-8.386
17.422	59.724	-8.787
17.021	59.346	-9.386
16.589	59.343	-9.754
17.665	59.052	-9.062
17.989	58.68	-9.045
18.011	58.571	-9.133
18.139	58.453	-9.182
17.552	57.67	-9.899
17.964	57.527	-9.925
17.415	57.487	-10.455
17.815	57.328	-10.53
17.314	57.603	-11.037
17.706	57.454	-11.162
17.275	57.991	-11.497
17.664	57.875	-11.661
19.199	58.05	-9.224
19.262	57.99	-9.277
19.398	57.945	-9.27
19.827	57.77	-9.765
19.808	57.767	-9.907
20.089	57.943	-10.41
19.39	57.729	-11.429
19.845	58.125	-11.552
19.016	57.93	-11.88
19.402	58.363	-12.086
18.503	58.202	-12.098
18.796	58.685	-12.344
20.939	58.517	-10.951
21.04	58.828	-11.355
19.987	58.993	-12.355
20.218	59.126	-12.333
20.276	60.56	-12.62
19.977	60.732	-12.696
20.42	60.518	-12.589
21.083	60.317	-12.183
21.671	60.326	-11.845
21.687	60.331	-11.844
22.114	60.717	-12.181
22.628	60.413	-12.026
22.698	61.41	-12.543
23.171	61.058	-12.364
21.588	61.65	-13.405
21.784	62.092	-13.711
22.772	61.805	-12.687
23.206	61.283	-12.379
22.942	62.606	-13.125
23.083	62.116	-12.582
23.502	61.579	-12.279
24.094	61.127	-12.292
23.238	62.404	-12.269
23.649	61.852	-11.982
22.511	59.811	-11.662
22.512	59.806	-11.662
23.804	58.805	-11.632
24.695	59.358	-11.752
24.543	58.83	-11.391
24.564	58.193	-11.231
24.955	59.06	-10.773
25.462	60.072	-10.452
25.883	60.226	-10.029
25.572	60.398	-10.673
25.99	60.54	-10.242
25.586	60.5	-10.722
26.02	60.725	-10.334
25.225	60.901	-11.518
25.461	61.112	-10.98
25.886	61.383	-10.611
26.425	61.667	-10.474
25.041	61.639	-10.93
25.433	61.95	-10.557
24.423	62.034	-11.098
24.355	62.704	-10.898
24.279	62.06	-11.243
24.199	62.732	-11.055
24.901	63.09	-10.518
25.358	62.744	-10.342
24.909	63.1	-10.517
25.365	62.754	-10.341
25.166	63.082	-10.417
25.393	63.513	-10.336
27.496	62.679	-10.205
27.629	63.123	-9.809
27.758	63.153	-9.758
28.034	63.303	-9.042
27.948	63.341	-8.669
27.939	63.361	-8.546
26.667	63.634	-7.12
26.616	63.807	-6.519
26.628	63.649	-7.128
26.577	63.822	-6.527
26.855	63.769	-6.412
27.098	63.546	-6.915
26.856	63.769	-6.412
27.098	63.546	-6.914
27.358	63.625	-6.609
28.041	63.475	-6.563
28.33	63.437	-6.34
28.553	63.202	-6.956
28.36	63.432	-6.327
28.583	63.197	-6.943
28.612	63.468	-6.146
29.027	63.233	-6.601
28.981	63.483	-5.837
29.369	63.248	-6.314
27.11	64.958	-5.277
26.738	65.503	-5.28
27.062	64.925	-5.328
26.689	65.47	-5.331
26.871	65.689	-5.138
27.335	65.292	-4.998
26.953	65.81	-5.054
27.41	65.405	-4.92
27.126	66.862	-5.18
26.904	67.183	-5.475
27.826	66.796	-4.857
27.861	66.23	-4.673
27.908	65.638	-4.724
28.227	66.843	-4.694
28.188	66.269	-4.54
28.309	65.686	-4.561
28.418	66.883	-4.555
28.552	66.332	-4.299
28.797	65.762	-4.274
28.774	67.184	-3.975
28.869	66.6	-3.783
29.204	66.106	-3.61
29.147	68.347	-3.566
29.074	69.047	-3.757
29.118	67.597	-2.676
29.069	66.895	-2.713
29.304	66.258	-2.907
29.158	67.587	-2.578
29.098	66.887	-2.641
29.356	66.245	-2.775
29.383	67.715	-2.193
29.453	67.136	-1.928
29.721	66.559	-1.851
29.41	67.959	-1.564
29.477	67.351	-1.375
29.755	66.865	-1.064
29.216	68.074	-1.177
29.215	67.557	-0.642
29.208	68.098	-1.154
29.206	67.584	-0.616
29.355	69.033	-0.961
29.277	69.825	-1.182
28.379	70.57	-2.408
28.194	70.817	-1.894
28.125	71.268	-0.454
27.995	71.804	-0.122
28.113	72.397	0.1
27.953	71.37	-0.662
27.857	71.887	-0.289
27.951	72.494	-0.096
27.797	71.437	-0.844
27.581	72.013	-0.622
27.613	72.659	-0.522
27.445	71.478	-1.201
27.286	72.048	-0.921
27.261	72.7	-0.879
27.21	71.555	-1.288
26.919	72.257	-1.145
26.84	71.458	-1.536
26.563	72.164	-1.384
26.733	71.339	-1.644
26.36	71.91	-1.512
26.137	72.553	-1.656
26.719	71.332	-1.652
26.35	71.905	-1.518
26.124	72.546	-1.665
26.418	71.148	-1.963
25.839	71.626	-2.113
26.388	71.083	-2.054
25.809	71.561	-2.204
25.342	72.617	-2.937
25.865	73.476	-2.549
26.149	74.543	-2.547
26.122	75.125	-2.635
26.8	74.95	-1.744
26.806	74.962	-1.741
26.275	75.813	-2.579
26.672	76.17	-2.283
25.869	76.414	-2.759
26.266	76.771	-2.464
25.447	76.38	-3.0
24.927	76.474	-3.297
25.247	77.088	-2.616
24.926	77.478	-2.353
24.972	77.647	-2.162
23.888	77.673	-2.237
24.478	77.868	-1.757
24.933	78.418	-1.431
24.141	77.753	-1.183
23.928	77.606	-1.177
23.692	77.306	-0.789
22.904	76.766	-0.918
23.27	76.693	-0.441
23.577	76.727	-0.057
23.974	77.084	0.238
23.76	76.147	0.399
24.156	76.504	0.695
23.61	75.462	0.354
23.637	74.88	0.442
23.481	73.215	0.53
23.572	74.231	0.493
23.12	73.561	0.369
22.517	73.072	0.624
22.809	73.767	-0.001
23.47	72.9	0.593
24.042	73.174	0.65
23.507	72.816	0.614
24.083	73.082	0.672
24.99	73.14	1.212
25.306	73.442	1.592
26.067	72.645	1.36
26.164	72.398	1.153
25.674	71.755	0.474
25.707	71.027	0.406
25.517	71.752	0.443
25.544	71.023	0.374
25.462	71.875	0.481
25.473	71.289	0.34
25.43	70.695	0.435
25.401	71.877	0.465
25.427	71.291	0.327
25.378	70.697	0.42
24.83	71.981	0.451
24.385	71.437	0.381
24.735	72.053	0.491
24.295	71.506	0.419
24.627	70.432	0.538
24.506	70.229	0.662
24.315	70.11	0.746
24.125	69.499	0.787
25.982	68.738	1.208
26.308	68.279	1.605
25.715	68.48	1.131
26.041	68.022	1.528
25.744	68.32	1.15
26.032	67.942	1.555
25.59	67.771	0.804
25.894	67.45	1.245
25.491	67.334	0.458
25.421	67.293	0.376
25.339	67.353	0.31
25.112	67.235	-0.062
24.969	67.156	-0.34
24.913	66.968	-0.561
24.088	66.865	-1.301
23.97	66.932	-1.316
23.488	67.541	-1.044
23.483	67.568	-1.017
23.166	66.88	-1.41
22.889	66.688	-1.478
24.417	66.28	-1.276
24.938	66.345	-0.809
24.421	66.236	-1.274
24.942	66.301	-0.808
24.427	66.129	-1.272
24.951	66.111	-0.803
24.433	65.932	-1.292
24.958	65.887	-0.825
23.613	65.091	-1.416
23.185	65.134	-1.513
24.147	64.535	-0.987
24.709	64.834	-0.859
25.088	65.277	-0.571
23.847	63.753	-0.57
24.364	64.1	-0.756
24.894	64.462	-0.661
25.339	64.773	-0.304
25.615	64.973	0.249
24.693	63.731	-0.968
25.176	64.147	-0.843
25.721	64.346	-0.55
24.769	63.572	-1.118
25.296	63.873	-1.142
25.857	64.029	-0.97
24.819	63.48	-1.211
25.341	63.79	-1.226
25.914	63.924	-1.077
24.819	62.887	-1.458
25.337	62.701	-1.688
25.905	62.519	-1.686
24.558	62.328	-1.886
25.138	62.274	-2.015
25.662	61.998	-2.084
24.562	62.309	-1.983
25.149	62.214	-2.187
25.671	61.883	-2.296
24.554	62.304	-2.003
25.142	62.209	-2.204
25.663	61.876	-2.318
23.256	61.891	-2.616
22.521	62.199	-1.976
22.556	62.102	-2.631
22.423	61.783	-3.197
22.133	62.675	-2.793
24.443	61.665	-3.6
24.419	61.484	-4.03
24.407	61.443	-4.174
24.325	61.393	-4.461
22.451	61.132	-4.858
22.025	61.656	-4.168
21.956	61.491	-4.853
21.645	61.15	-5.389
21.745	62.28	-4.339
21.713	62.031	-5.001
21.364	61.773	-5.56
21.799	62.579	-5.255
22.656	60.431	-5.743
22.953	60.608	-5.476
23.375	60.189	-6.836
22.914	59.988	-6.986
22.177	59.817	-7.018
22.016	60.275	-6.105
21.674	59.895	-6.783
21.32	59.192	-7.104
21.486	60.59	-6.041
21.194	60.179	-6.726
20.692	59.565	-7.029
20.852	60.603	-6.858
22.581	59.348	-7.549
22.784	58.825	-8.068
22.792	58.267	-8.58
22.396	57.78	-8.958
21.174	58.109	-7.707
21.06	57.921	-7.86
20.166	58.185	-7.802
20.277	57.98	-7.934
21.979	57.8	-8.846
22.536	57.675	-9.082
21.737	57.694	-9.336
22.284	57.564	-9.59
22.086	57.643	-9.587
21.177	57.829	-9.917
21.976	57.773	-10.048
22.602	57.347	-10.339
21.973	58.063	-10.446
22.167	58.17	-10.707
22.347	58.383	-11.016
23.486	58.508	-8.471
24.243	57.964	-8.808
24.149	58.58	-8.523
24.189	59.03	-8.007
24.64	58.87	-8.874
24.896	58.925	-9.224
25.178	59.472	-9.064
25.598	59.84	-8.757
24.916	58.922	-9.248
25.195	59.47	-9.085
25.62	59.836	-8.785
24.968	58.879	-9.326
25.274	59.398	-9.241
25.7	59.763	-9.006
25.125	58.977	-9.916
25.39	59.471	-9.679
25.846	59.854	-9.554
25.369	59.608	-9.903
25.835	59.929	-9.676
25.368	59.72	-10.053
25.833	60.032	-9.813
27.451	60.15	-8.587
26.932	60.119	-9.301
27.568	60.269	-9.125
28.233	60.145	-9.08
27.606	60.631	-9.555
27.7	60.719	-9.613
27.707	60.75	-9.639
27.821	61.008	-9.901
26.937	61.268	-10.256
27.655	61.446	-10.256
28.322	61.456	-10.577
26.833	61.97	-10.417
27.571	62.013	-10.386
28.235	62.05	-10.712
27.589	62.587	-10.262
29.161	60.8	-10.145
29.039	60.404	-9.575
29.823	60.929	-9.969
29.787	60.549	-9.377
30.317	61.353	-9.721
30.346	61.029	-9.096
30.582	61.946	-8.796
30.357	62.742	-9.366
30.437	62.629	-8.712
30.76	62.674	-8.127
29.928	63.077	-8.522
30.899	61.282	-7.972
30.548	61.025	-8.519
30.657	60.824	-7.55
30.275	60.509	-8.043
30.254	60.631	-7.055
29.819	60.29	-7.483
29.759	60.915	-6.04
29.718	60.86	-5.461
30.466	60.914	-6.521
30.291	61.046	-5.981
30.23	60.986	-5.403
30.294	60.743	-4.877
30.633	61.469	-5.891
30.56	61.393	-5.317
30.666	61.596	-5.784
30.694	61.591	-5.103
31.014	62.183	-6.405
30.743	62.118	-5.783
30.77	62.113	-5.102
31.09	62.168	-4.502
30.47	62.57	-5.768
30.498	62.565	-5.087
30.224	62.891	-5.903
30.026	63.119	-5.341
30.078	63.454	-4.799
29.691	63.209	-6.168
29.562	63.397	-5.571
29.463	63.821	-5.104
30.175	64.655	-4.415
30.384	64.707	-4.257
30.052	65.421	-3.876
30.289	65.303	-3.838
30.494	65.457	-2.534
30.903	64.952	-2.433
31.364	65.432	-1.241
31.645	65.013	-1.223
31.453	65.421	-0.5
31.721	65.004	-0.596
31.369	65.107	0.173
31.65	64.739	-0.028
31.13	64.562	0.623
31.447	64.278	0.352
30.79	63.909	0.75
31.161	63.726	0.459
30.428	63.297	0.523
30.854	63.209	0.267
29.933	62.487	-0.483
29.444	62.866	0.164
29.387	62.488	-0.347
29.319	61.932	-0.654
28.844	62.6	-0.445
28.711	62.628	-0.503
28.317	62.843	-0.628
28.187	62.98	-0.636
27.901	62.582	-1.013
28.049	63.106	-0.664
27.762	62.707	-1.041
29.281	63.453	0.883
29.166	63.84	1.319
29.887	63.566	0.974
29.729	63.946	1.404
30.439	63.853	0.955
30.243	64.212	1.386
30.874	64.28	0.828
30.647	64.61	1.269
31.142	64.798	0.609
30.896	65.091	1.065
31.21	65.347	0.323
30.959	65.602	0.799
31.071	65.863	0.003
30.83	66.081	0.501
30.742	66.286	-0.314
30.524	66.475	0.206
29.749	67.17	0.71
30.187	66.772	0.634
29.136	67.944	0.834
29.054	68.518	0.684
29.245	67.795	0.053
29.156	68.379	-0.043
29.156	67.932	-0.252
29.154	67.858	-0.398
28.962	68.598	0.895
28.97	68.09	1.224
28.857	69.404	1.098
28.689	68.849	1.273
28.685	68.352	1.618
28.847	67.994	2.077
28.299	69.588	1.338
28.223	69.003	1.472
28.2	68.513	1.826
28.233	68.196	2.34
27.695	69.016	1.439
27.65	68.526	1.791
27.55	68.992	1.408
27.379	68.491	1.753
27.346	69.0	1.321
27.182	68.499	1.67
27.45	70.814	1.001
27.352	71.487	1.238
28.356	70.225	1.172
28.099	70.892	1.085
27.973	71.562	1.318
28.006	72.08	1.818
28.453	71.146	0.589
28.311	71.805	0.845
28.51	71.083	0.481
28.33	71.654	0.629
28.4	72.236	0.819
28.359	71.207	-0.028
28.202	71.759	0.197
28.237	72.37	0.268
28.592	72.851	1.928
28.418	72.544	1.869
27.88	72.913	2.517
27.822	72.596	2.362
26.955	72.884	2.467
27.049	72.573	2.32
26.251	73.328	2.244
25.772	73.518	1.977
26.398	73.965	2.505
25.93	74.204	2.258
26.734	74.584	2.544
26.291	74.87	2.3
27.194	75.595	1.994
27.207	75.596	1.994
27.436	75.128	2.357
27.531	74.432	2.784
27.683	74.523	2.757
27.833	74.62	2.75
28.102	73.816	2.753
28.203	73.961	2.728
28.31	74.104	2.724
28.719	73.52	2.265
28.765	73.692	2.284
28.827	73.857	2.316
29.109	73.677	1.537
29.121	73.835	1.621
29.153	73.988	1.707
29.099	74.216	0.893
29.112	74.326	1.033
29.145	74.439	1.168
28.742	74.948	0.782
28.397	75.432	0.559
28.392	75.428	0.542
28.728	74.318	0.14
28.437	74.583	-0.286
28.563	73.684	-0.099
28.259	73.902	-0.543
28.202	75.114	-0.524
28.096	75.703	-0.525
27.623	76.586	-1.15
27.893	76.239	-0.737
27.328	77.604	-0.995
27.132	78.061	-0.95
26.918	77.614	-1.709
26.786	78.07	-1.553
26.204	77.661	-2.117
26.182	78.11	-1.897
27.335	77.565	0.083
26.768	77.638	0.77
25.906	78.226	0.699
25.877	77.798	0.957
25.351	78.27	0.596
25.22	77.851	0.835
24.89	78.298	0.269
24.674	77.884	0.448
24.606	78.305	-0.221
24.339	77.893	-0.132
25.525	76.875	1.396
25.943	76.507	1.631
26.083	75.406	2.042
26.126	75.973	1.86
28.451	75.491	0.737
28.286	76.342	1.1
28.411	75.768	1.327
28.76	75.324	1.608
27.814	76.407	1.669
27.996	75.825	1.828
28.288	75.389	2.178
27.398	75.637	2.008
26.942	71.657	1.157
26.743	71.165	0.805
26.512	70.58	0.705
26.649	71.827	1.066
26.484	71.315	0.724
26.146	70.792	0.591
26.527	68.861	1.216
26.733	68.425	1.614
26.129	68.692	1.262
26.377	68.274	1.655
27.027	67.781	2.848
27.352	67.724	2.984
26.693	67.161	3.012
26.953	66.983	3.18
26.338	66.621	2.688
26.529	66.338	2.793
26.09	66.146	1.497
25.905	66.829	1.19
26.286	64.814	0.909
26.691	64.802	1.363
26.634	64.377	0.586
27.04	64.365	1.04
26.899	64.998	1.874
26.867	65.363	2.325
27.46	64.797	2.108
27.389	65.175	2.543
28.084	64.789	2.249
27.969	65.169	2.674
28.339	64.432	1.885
28.877	64.227	1.726
28.972	65.229	2.403
29.907	65.203	2.087
29.542	65.615	2.398
29.335	65.935	2.904
30.263	65.896	1.785
29.835	66.186	2.15
29.633	66.515	2.651
29.747	66.737	1.746
28.277	65.845	3.348
27.971	65.706	3.228
28.06	66.49	3.564
27.712	66.476	3.485
28.199	67.181	3.458
27.879	67.303	3.359
28.632	67.604	3.079
28.396	67.808	2.906
29.159	67.564	2.6
29.026	67.76	2.333
27.357	63.073	-1.05
27.271	63.076	-1.068
27.117	63.068	-1.103
26.59	63.191	-1.293
26.691	61.447	-1.49
26.866	61.248	-1.525
27.759	61.498	-1.23
28.345	61.699	-1.042
27.271	60.877	-1.592
27.472	60.103	-1.821
26.657	60.765	-2.039
26.994	60.016	-2.168
25.504	61.654	-2.919
24.876	61.916	-2.935
25.56	61.822	-2.516
24.931	62.08	-2.54
24.698	61.845	-3.205
24.633	61.81	-3.302
26.007	60.926	-3.739
26.021	60.875	-3.894
25.998	60.867	-4.043
26.174	60.764	-4.49
25.409	60.937	-5.488
25.031	61.022	-5.46
24.327	61.214	-5.195
24.25	61.262	-5.038
24.23	60.894	-5.824
24.104	60.735	-6.077
23.988	60.695	-6.155
23.889	60.639	-6.287
23.446	60.489	-6.456
23.583	60.177	-6.934
23.441	60.487	-6.457
23.578	60.175	-6.934
24.101	60.13	-7.011
24.298	59.469	-7.557
24.633	59.879	-7.328
25.024	60.113	-6.975
25.041	59.832	-7.856
25.292	59.892	-8.089
25.338	59.833	-8.403
26.356	60.208	-7.518
25.833	60.233	-7.141
26.834	60.914	-6.55
27.044	60.962	-5.865
27.23	60.671	-5.236
26.945	60.925	-6.581
27.109	60.968	-5.883
27.322	60.679	-5.262
27.458	60.6	-7.248
26.878	60.175	-7.809
27.467	60.249	-7.809
28.035	60.103	-7.727
27.516	60.147	-8.461
28.125	60.749	-6.535
28.063	60.78	-5.866
27.853	60.557	-5.266
28.683	60.718	-6.406
28.447	60.758	-5.776
28.347	60.53	-5.151
29.177	60.829	-6.309
29.334	60.891	-5.579
29.352	60.832	-6.345
29.49	60.892	-5.61
28.904	60.41	-4.69
29.215	60.16	-4.015
29.191	60.101	-3.79
29.366	60.198	-3.435
30.534	60.668	-4.262
30.803	60.818	-3.951
29.47	60.301	-3.235
29.49	60.377	-2.955
30.667	60.987	-2.752
30.354	61.054	-2.232
31.028	61.484	-2.668
30.781	61.643	-2.133
31.076	62.515	-2.371
31.189	62.91	-1.86
31.066	62.994	-2.739
31.178	63.389	-2.229
30.953	63.369	-3.431
30.706	63.43	-4.043
31.131	64.082	-2.455
31.04	64.725	-2.355
31.148	63.958	-2.384
31.132	63.786	-2.365
31.14	62.81	-1.818
30.635	62.413	-1.069
30.548	62.416	-0.947
30.189	62.49	-0.594
29.394	61.304	-1.101
29.316	61.132	-1.29
29.329	60.317	-2.672
29.597	60.731	-1.978
29.139	60.366	-2.189
28.826	59.833	-2.268
29.166	60.906	-1.531
28.79	60.508	-1.828
28.49	59.969	-1.92
28.346	60.716	-1.653
28.191	59.234	-3.608
28.131	59.412	-4.003
27.516	59.183	-3.477
27.398	59.357	-3.86
26.976	59.444	-3.138
26.811	59.64	-3.493
26.987	60.59	-5.095
26.615	60.853	-5.584
26.308	60.844	-6.178
26.977	60.586	-5.09
26.607	60.849	-5.58
26.297	60.839	-6.172
26.929	60.527	-5.025
26.521	60.766	-5.44
26.181	60.778	-5.968
26.53	60.545	-4.714
26.241	60.779	-5.221
25.812	60.795	-5.681
25.33	60.268	-6.59
25.286	60.182	-6.839
29.161	66.31	-3.222
28.871	67.027	-3.283
29.126	66.279	-3.419
28.836	66.996	-3.48
21.293	59.62	-11.721
21.106	58.93	-11.435
19.667	58.347	-8.056
19.09	58.597	-8.185
26.746	67.962	-5.698
26.767	67.79	-5.649
26.186	63.956	-7.663
25.868	64.064	-8.172
23.381	63.812	-12.57
23.079	64.44	-12.962
22.495	64.703	-13.849
22.056	64.188	-14.437
22.607	65.217	-13.652
22.936	65.041	-13.057
22.65	65.475	-13.597
22.978	65.287	-13.004
22.147	67.159	-15.139
22.321	66.911	-15.351
22.335	66.777	-15.233
22.487	65.848	-15.266
22.354	66.216	-15.667
22.42	66.544	-16.116
21.936	65.77	-16.025
21.906	65.865	-16.175
21.876	65.847	-16.188
21.556	65.351	-16.111
21.321	65.3	-16.657
21.308	65.175	-17.241
21.313	65.021	-16.006
21.123	65.031	-16.572
21.065	64.844	-17.136
21.591	65.682	-17.38
21.805	66.031	-17.953
22.021	65.306	-19.054
22.537	65.296	-19.516
21.984	64.827	-19.094
22.502	64.837	-19.555
21.907	64.705	-19.069
22.316	64.64	-19.538
21.608	64.253	-19.252
22.005	64.168	-19.729
21.505	64.158	-19.314
21.821	63.989	-19.839
20.922	63.966	-19.619
21.261	63.804	-20.133
20.137	63.772	-18.6
19.712	63.77	-18.857
20.646	63.967	-19.894
21.107	63.801	-20.282
19.801	63.936	-20.011
20.351	64.013	-20.298
20.844	63.841	-20.643
21.193	63.452	-20.987
20.185	64.265	-20.699
20.695	64.067	-21.002
19.996	64.562	-21.121
20.318	64.49	-21.813
19.762	64.718	-21.249
20.092	64.64	-21.936
18.866	63.863	-19.474
18.301	63.898	-19.276
17.716	63.998	-19.356
17.21	64.133	-19.645
18.262	64.989	-20.871
18.241	65.022	-20.91
19.137	65.41	-22.073
19.634	65.101	-22.494
19.039	65.565	-22.307
19.539	65.251	-22.72
18.95	65.723	-22.525
19.367	65.499	-23.117
18.707	66.188	-22.872
19.124	65.964	-23.464
19.666	64.525	-23.986
19.897	64.303	-23.484
20.384	63.697	-24.371
20.583	63.145	-24.408
20.362	63.696	-24.494
20.563	63.144	-24.518
19.4	64.831	-24.179
19.223	64.769	-24.648
20.219	63.764	-24.845
20.518	63.187	-24.716
20.204	63.719	-25.006
20.504	63.144	-24.872
20.068	63.541	-25.611
19.372	64.337	-25.728
19.84	63.708	-26.075
19.841	62.929	-26.433
19.951	63.967	-26.54
20.017	64.126	-26.658
20.509	64.673	-27.016
20.272	65.856	-26.925
19.474	65.676	-26.481
19.746	66.173	-26.684
19.837	66.646	-27.045
19.534	66.559	-26.192
19.53	66.653	-26.081
19.509	66.778	-25.729
19.509	68.076	-26.781
19.432	68.131	-26.397
19.569	67.964	-26.828
19.823	68.013	-27.296
19.819	68.136	-27.353
20.548	68.525	-27.828
20.918	68.88	-28.025
20.977	69.355	-28.135
21.079	69.443	-28.179
21.109	69.733	-28.153
19.602	69.97	-27.878
19.712	70.393	-27.853
19.082	70.127	-27.365
19.233	70.537	-27.381
21.148	69.983	-28.114
21.406	70.439	-27.962
21.23	71.063	-27.587
20.949	71.54	-27.253
20.746	71.811	-26.977
21.045	72.433	-26.807
20.404	71.893	-26.7
20.688	72.518	-26.518
19.969	71.796	-26.42
19.416	71.425	-26.134
20.405	72.762	-26.142
20.208	73.297	-25.49
21.414	72.471	-26.975
21.901	73.237	-27.136
21.997	72.594	-27.134
22.086	72.012	-27.408
22.565	73.295	-26.946
22.587	72.646	-26.965
22.749	72.07	-27.217
23.009	72.61	-26.518
23.237	73.512	-25.913
23.418	72.897	-25.634
23.234	73.365	-24.856
22.629	74.221	-24.832
22.762	73.755	-24.389
23.031	73.518	-23.839
22.042	73.723	-24.12
25.413	71.356	-25.346
25.474	71.224	-25.137
24.105	71.847	-24.65
24.167	71.716	-24.442
24.142	71.449	-24.215
24.586	70.958	-24.509
25.245	70.687	-24.637
24.137	71.421	-24.178
24.582	70.941	-24.486
25.239	70.655	-24.593
23.21	70.677	-23.481
23.169	70.048	-23.551
23.338	69.445	-23.456
22.762	70.652	-23.229
22.776	70.026	-23.33
22.822	69.416	-23.166
22.187	70.779	-22.949
21.769	70.223	-22.763
21.623	69.641	-22.364
22.151	70.819	-22.906
21.744	70.251	-22.733
21.579	69.69	-22.313
22.074	71.144	-22.656
21.93	71.807	-22.373
21.398	70.301	-22.209
21.437	69.74	-22.004
20.89	70.509	-21.7
20.873	69.972	-21.436
22.247	68.895	-22.373
22.268	68.868	-22.341
22.344	68.732	-22.056
22.412	68.258	-21.3
22.484	68.025	-21.09
22.693	67.154	-20.658
22.647	66.571	-20.329
22.616	66.534	-20.27
21.972	67.387	-19.421
22.091	67.546	-18.746
21.708	68.054	-19.499
21.849	68.156	-18.817
22.884	67.603	-17.106
22.815	67.382	-16.834
22.131	66.718	-18.146
22.069	66.592	-18.101
23.326	66.551	-20.671
23.768	66.444	-20.778
23.847	66.493	-20.855
24.237	66.192	-21.117
24.249	66.074	-21.102
24.394	65.705	-21.408
24.585	64.874	-21.476
25.106	64.589	-21.899
24.324	64.859	-20.653
24.559	64.547	-21.269
25.078	64.229	-21.671
25.757	63.979	-21.765
24.376	64.208	-21.218
24.876	63.856	-21.615
23.616	64.348	-20.084
23.422	64.067	-20.189
24.32	63.957	-21.325
24.851	63.708	-21.645
24.138	63.665	-21.399
24.669	63.416	-21.719
23.652	63.129	-21.344
23.027	62.904	-21.08
22.856	62.798	-21.086
22.042	63.085	-20.71
22.318	62.618	-21.179
22.505	61.956	-21.381
21.526	63.121	-21.099
21.86	62.65	-21.525
21.945	61.996	-21.804
21.642	62.883	-22.003
21.104	63.637	-22.187
20.848	63.964	-21.957
21.256	63.329	-22.7
21.575	62.836	-22.583
21.237	63.293	-22.796
21.557	62.803	-22.675
21.274	63.141	-22.964
21.245	63.128	-23.034
20.981	63.065	-23.441
20.591	63.302	-24.08
21.454	62.154	-23.188
21.723	61.439	-23.418
21.393	61.477	-25.83
21.358	61.487	-25.828
21.17	61.53	-25.801
20.68	61.7	-24.939
20.583	61.89	-25.525
20.284	61.924	-26.072
20.442	62.594	-25.337
20.717	61.567	-27.073
21.019	61.51	-27.255
20.372	62.039	-27.508
20.607	62.074	-27.775
20.08	62.706	-27.483
20.258	62.872	-27.744
21.872	61.321	-27.01
22.306	61.225	-26.64
22.958	61.554	-27.342
23.554	61.307	-27.267
24.024	60.868	-27.354
23.135	61.817	-27.564
23.673	61.484	-27.417
24.174	61.09	-27.541
22.123	62.225	-28.381
22.123	62.517	-28.588
21.348	62.358	-28.443
21.475	62.628	-28.639
20.785	62.898	-28.326
21.005	63.079	-28.542
20.655	63.635	-28.076
20.895	63.695	-28.333
21.061	64.733	-27.406
21.004	65.292	-27.204
20.845	65.867	-27.216
20.897	64.687	-27.3
20.878	65.256	-27.123
20.703	65.827	-27.124
20.963	65.851	-27.259
21.203	65.248	-27.323
21.284	64.673	-27.62
20.971	65.855	-27.264
21.208	65.25	-27.326
21.292	64.677	-27.625
21.189	65.838	-27.376
21.36	65.246	-27.439
21.366	64.682	-27.696
21.788	65.939	-27.524
21.8	65.32	-27.547
21.852	64.763	-27.816
21.155	67.617	-28.071
21.795	68.237	-28.536
22.827	67.663	-28.604
22.673	67.163	-28.269
24.163	67.381	-28.255
24.777	66.988	-28.363
24.232	67.521	-28.382
24.841	67.116	-28.48
23.51	68.237	-28.945
24.159	68.293	-28.952
23.457	68.822	-29.128
24.106	68.879	-29.135
23.404	69.435	-29.119
24.053	69.492	-29.126
23.356	70.016	-28.919
24.004	70.072	-28.926
23.317	70.505	-28.547
23.966	70.562	-28.554
23.026	71.189	-27.672
22.198	70.958	-27.886
23.206	70.281	-28.768
22.978	70.204	-28.884
23.204	69.316	-29.167
22.976	69.453	-29.194
22.324	68.767	-29.041
22.292	69.026	-29.097
22.195	70.846	-27.962
21.982	70.752	-27.926
23.367	71.154	-27.609
23.482	71.237	-27.495
23.616	71.265	-27.436
23.906	71.405	-26.89
23.548	71.803	-26.347
24.047	71.36	-26.743
23.631	71.773	-26.211
24.121	71.332	-26.623
23.754	71.96	-25.705
24.224	71.582	-25.66
24.787	71.381	-25.755
25.351	71.39	-25.976
23.831	71.998	-25.367
24.255	71.597	-25.527
24.813	71.394	-25.641
25.416	71.422	-25.691
25.364	71.29	-26.66
26.276	71.571	-26.95
25.743	71.26	-27.216
25.207	71.217	-27.62
26.099	70.823	-27.586
26.165	70.699	-27.636
26.634	69.931	-27.604
27.31	69.62	-27.3
27.874	70.381	-26.912
27.925	69.726	-26.904
28.19	69.149	-27.073
28.178	69.701	-26.211
28.084	70.615	-25.539
28.129	69.997	-25.212
27.582	70.433	-24.596
27.085	71.242	-24.848
27.014	70.749	-24.405
27.02	70.486	-23.792
26.338	70.744	-24.45
28.31	68.717	-24.321
28.869	68.279	-24.509
28.316	68.679	-24.213
28.875	68.238	-24.391
28.273	68.731	-23.592
28.789	68.324	-23.296
29.478	68.184	-23.136
28.043	68.57	-23.179
28.688	68.252	-23.114
29.248	68.023	-22.723
27.817	68.364	-23.092
28.27	67.88	-23.005
28.734	67.546	-22.659
27.549	68.082	-23.08
28.06	67.659	-22.995
28.433	67.229	-22.645
27.436	67.907	-23.205
27.971	67.521	-23.093
28.307	67.031	-22.786
27.426	67.885	-23.228
27.963	67.505	-23.111
28.295	67.007	-22.812
27.354	67.673	-23.42
27.812	67.085	-23.397
27.324	67.649	-23.447
27.782	67.061	-23.424
26.691	67.487	-23.626
26.669	66.792	-23.77
26.684	66.109	-23.581
26.616	67.488	-23.624
26.614	66.793	-23.769
26.594	66.11	-23.578
25.864	67.842	-23.168
25.301	67.388	-22.929
25.81	67.997	-23.011
25.243	67.557	-22.756
25.943	68.136	-22.975
25.429	67.885	-22.811
25.065	67.541	-22.491
25.574	68.72	-22.892
25.146	68.332	-22.748
24.721	68.084	-22.413
25.387	68.666	-22.915
24.78	68.289	-22.652
25.155	68.892	-23.157
24.526	68.536	-22.916
25.083	69.062	-23.352
24.419	68.808	-23.291
25.027	69.18	-23.496
24.358	68.935	-23.447
25.314	66.21	-22.868
25.858	65.775	-23.076
25.108	65.744	-22.432
25.653	65.309	-22.64
24.959	65.596	-22.272
25.365	65.044	-22.379
24.859	65.501	-22.162
25.268	64.952	-22.272
26.789	64.525	-22.181
27.376	64.738	-22.02
27.8	65.089	-21.682
27.103	63.883	-22.048
27.609	64.264	-21.922
28.088	64.501	-21.561
27.354	63.458	-22.144
28.069	63.494	-22.023
27.357	63.396	-22.146
28.072	63.437	-22.025
27.024	62.683	-21.942
27.487	62.185	-21.654
26.545	62.325	-21.817
26.991	61.813	-21.524
26.316	62.177	-21.824
26.587	61.553	-21.537
25.903	61.951	-21.925
26.174	61.327	-21.638
25.696	62.018	-22.007
25.856	61.464	-21.909
25.65	62.001	-22.027
25.808	61.446	-21.93
24.664	62.315	-21.98
24.506	62.728	-21.866
24.562	61.526	-22.026
25.227	61.153	-22.007
24.44	61.318	-21.982
25.093	60.926	-21.958
24.214	61.257	-21.92
24.653	60.826	-21.975
23.931	60.98	-21.907
24.348	60.528	-21.961
23.78	60.829	-21.926
24.078	60.244	-21.964
22.973	61.074	-21.753
23.36	60.621	-22.031
23.658	60.037	-22.069
23.811	59.433	-21.86
22.567	60.897	-22.219
23.057	60.489	-22.379
23.355	59.905	-22.417
23.404	59.256	-22.326
22.974	60.478	-22.851
23.272	59.893	-22.889
22.995	60.454	-23.25
23.284	59.88	-23.11
23.152	60.377	-23.797
23.429	59.81	-23.617
23.171	60.491	-24.336
23.493	60.049	-24.592
23.14	60.524	-24.434
23.465	60.079	-24.68
22.911	60.682	-24.805
23.372	60.183	-24.89
22.922	60.756	-25.319
23.382	60.252	-25.361
23.018	60.847	-25.786
23.447	60.308	-25.619
23.263	60.883	-26.21
23.662	60.34	-25.993
23.415	61.049	-26.722
23.945	60.657	-26.897
23.46	61.27	-27.163
23.984	60.854	-27.288
24.17	59.881	-26.508
24.532	59.522	-27.209
24.434	59.394	-26.604
24.164	59.109	-26.116
24.912	59.106	-26.552
25.286	59.334	-27.781
25.628	59.233	-27.761
25.329	59.838	-28.235
25.68	59.836	-28.304
25.188	60.497	-28.324
25.511	60.623	-28.41
24.713	61.566	-27.675
24.43	62.159	-27.612
24.606	61.512	-27.648
24.314	62.1	-27.583
24.389	61.376	-27.602
23.916	61.859	-27.516
24.194	61.165	-27.551
23.697	61.622	-27.459
23.214	62.879	-28.062
22.671	63.598	-28.554
23.188	63.673	-28.207
23.792	63.799	-28.102
22.878	64.342	-27.879
22.259	64.771	-27.743
22.316	65.421	-27.501
22.518	66.084	-27.548
22.085	64.808	-27.769
22.225	65.44	-27.515
22.324	66.125	-27.576
23.057	66.027	-27.443
23.275	65.292	-27.382
23.238	66.082	-27.447
23.466	65.35	-27.386
23.709	66.578	-27.679
24.295	66.275	-27.708
23.786	66.744	-27.79
24.379	66.454	-27.828
23.955	66.906	-27.901
24.667	66.684	-28.121
23.967	66.996	-27.954
24.68	66.775	-28.174
26.067	64.925	-28.597
26.506	64.919	-28.702
27.92	65.749	-28.404
28.071	66.261	-28.467
28.172	66.351	-28.424
28.179	66.508	-28.423
27.112	66.728	-29.332
27.234	67.142	-29.26
26.527	66.961	-29.451
26.696	67.356	-29.37
25.576	67.746	-28.977
25.048	67.348	-28.735
24.931	67.373	-28.657
24.857	67.29	-28.564
24.638	68.679	-29.137
24.824	68.49	-29.101
25.973	68.463	-28.852
26.573	68.838	-28.224
26.784	69.173	-27.707
26.792	69.228	-27.67
27.281	68.591	-27.945
27.9	68.084	-27.902
28.498	67.894	-27.504
28.98	68.205	-26.682
29.162	68.178	-26.389
29.161	68.232	-26.295
29.226	68.255	-26.165
29.124	68.42	-25.766
28.59	68.868	-25.508
29.183	68.421	-25.449
28.526	68.819	-25.024
29.126	68.377	-25.017
28.462	68.832	-24.933
28.975	68.373	-24.877
28.437	68.813	-24.867
28.95	68.353	-24.809
30.077	68.065	-23.853
29.936	68.041	-23.787
30.191	68.079	-23.95
31.004	68.304	-23.393
30.717	68.028	-24.086
30.578	68.141	-24.865
31.12	67.672	-24.174
31.216	67.566	-24.128
31.784	67.377	-23.435
31.464	67.119	-24.059
31.491	66.95	-24.787
31.526	66.632	-23.9
31.719	66.169	-23.379
31.874	65.982	-22.736
31.742	66.107	-21.872
31.763	65.554	-21.643
32.015	65.062	-21.413
31.424	66.278	-21.353
31.473	65.71	-21.17
31.654	65.256	-20.823
31.353	66.158	-21.276
31.417	65.512	-20.937
31.174	66.191	-21.177
31.246	65.543	-20.843
30.669	66.518	-20.979
30.454	67.521	-21.123
30.088	66.996	-20.968
29.725	66.621	-20.566
29.502	67.211	-21.388
30.805	65.462	-20.482
30.638	65.369	-20.271
30.266	65.356	-19.996
30.477	64.979	-19.515
30.806	64.848	-18.974
29.468	65.763	-20.007
29.844	65.274	-19.814
30.169	64.92	-19.382
30.383	64.766	-18.792
30.447	64.84	-18.154
29.591	64.886	-19.874
29.985	64.637	-19.426
30.131	64.377	-18.852
29.485	64.634	-19.992
29.789	64.179	-19.635
29.877	63.8	-19.111
29.392	64.471	-20.108
29.714	64.046	-19.73
29.773	63.618	-19.241
29.315	64.265	-20.252
29.542	63.667	-19.955
29.17	64.031	-20.615
29.397	63.432	-20.318
28.823	64.022	-21.185
28.642	64.087	-21.362
29.277	63.099	-20.782
29.269	63.071	-20.793
28.736	62.83	-21.41
28.507	62.303	-21.231
28.578	62.85	-21.568
28.332	62.325	-21.406
28.897	62.174	-20.494
28.861	61.723	-19.957
28.628	61.228	-19.789
28.971	61.304	-19.247
29.097	61.549	-18.663
28.645	60.462	-19.539
28.984	60.734	-19.061
29.112	60.887	-18.447
28.756	60.077	-19.519
29.179	60.034	-19.016
28.754	60.014	-19.522
29.177	59.979	-19.018
28.359	59.464	-19.658
28.474	58.974	-19.293
28.164	59.371	-19.722
28.279	58.881	-19.356
27.673	60.555	-20.005
27.165	60.308	-20.087
27.442	61.088	-20.381
26.951	60.803	-20.437
27.764	59.197	-19.821
28.066	58.776	-19.421
27.334	58.797	-19.931
27.622	58.363	-19.534
27.142	58.697	-20.041
27.295	58.177	-19.771
26.442	58.923	-20.453
26.781	58.436	-20.338
26.934	57.917	-20.067
26.875	57.45	-19.686
26.625	58.164	-20.772
26.778	57.645	-20.501
25.657	58.583	-21.464
25.995	59.203	-20.767
25.447	59.077	-21.294
24.727	58.87	-21.473
25.336	59.623	-21.378
25.494	59.822	-21.313
25.602	60.398	-21.483
25.547	58.176	-21.742
26.089	57.945	-21.597
26.499	57.661	-21.252
26.71	57.371	-20.763
25.532	58.105	-21.784
26.083	57.92	-21.612
26.492	57.632	-21.269
26.692	57.288	-20.81
25.522	57.827	-21.931
26.048	57.379	-21.807
25.498	57.793	-21.951
26.022	57.343	-21.829
25.331	57.658	-22.035
25.728	57.109	-21.998
24.471	57.782	-22.144
25.023	57.418	-22.298
25.42	56.869	-22.261
25.581	56.247	-22.042
24.3	57.618	-22.751
24.899	57.299	-22.737
25.296	56.75	-22.7
25.41	56.083	-22.648
25.004	57.344	-23.194
25.401	56.795	-23.157
23.963	58.641	-24.353
23.679	59.322	-24.174
25.095	59.018	-26.466
25.075	59.029	-26.476
26.116	58.888	-27.159
26.237	58.668	-26.629
26.784	59.033	-27.286
26.956	58.823	-26.766
27.35	59.434	-27.347
27.564	59.256	-26.831
27.25	59.872	-27.972
27.401	60.177	-28.078
26.66	60.179	-28.432
26.907	60.434	-28.463
26.191	60.833	-28.525
26.515	60.981	-28.54
26.173	62.157	-27.967
26.259	62.807	-27.999
25.906	62.203	-27.863
26.013	62.849	-27.904
25.304	62.039	-27.743
24.926	62.547	-27.671
24.921	61.751	-27.718
24.544	62.259	-27.646
25.295	63.348	-27.863
25.126	63.957	-27.993
25.041	64.078	-27.975
24.953	64.323	-27.944
24.856	64.677	-27.918
24.342	65.211	-27.661
26.406	62.818	-28.047
26.444	62.18	-28.038
27.021	62.855	-27.982
27.059	62.218	-27.973
27.207	62.876	-27.884
27.159	62.228	-27.914
27.743	62.735	-27.173
27.637	62.103	-27.281
29.931	64.204	-26.533
30.344	63.666	-26.247
30.158	64.38	-26.518
30.553	63.828	-26.232
30.243	64.544	-26.551
30.671	64.147	-26.237
30.429	64.759	-26.518
30.836	64.339	-26.208
30.349	65.771	-27.271
30.791	65.84	-26.806
29.717	65.698	-27.925
29.717	65.951	-28.014
28.326	67.429	-28.046
28.23	66.755	-28.404
28.243	67.537	-27.99
28.235	67.563	-27.965
30.942	64.576	-26.186
31.232	64.763	-26.06
31.079	65.34	-26.31
31.602	65.726	-25.367
31.68	65.094	-25.252
31.678	65.111	-24.983
31.636	65.496	-24.46
31.592	65.886	-24.126
31.926	64.736	-24.439
32.153	64.297	-24.103
32.347	64.15	-23.358
32.255	64.614	-22.47
32.192	64.67	-22.136
32.129	64.76	-22.064
31.85	65.328	-22.01
32.089	64.888	-21.71
31.807	65.444	-21.806
32.044	65.006	-21.502
33.268	61.798	-20.794
33.473	61.204	-20.714
33.278	61.808	-20.74
33.483	61.214	-20.664
33.356	63.688	-20.672
33.438	63.515	-20.485
32.604	63.809	-18.854
32.46	64.499	-19.688
32.225	64.444	-19.032
32.206	64.633	-18.36
31.545	64.76	-19.153
31.435	64.78	-19.244
31.188	64.801	-19.237
32.657	63.689	-18.911
32.689	63.439	-18.823
32.598	63.484	-17.479
32.666	62.81	-17.637
32.306	63.367	-16.954
32.337	62.679	-17.044
31.816	63.334	-16.589
31.783	62.641	-16.631
30.89	62.825	-16.47
30.444	63.774	-16.669
30.2	63.166	-16.661
29.835	62.678	-16.424
29.746	63.274	-17.303
29.334	62.94	-18.135
29.04	62.502	-17.675
29.276	62.156	-18.73
29.27	62.079	-18.753
31.161	61.303	-15.987
30.791	61.162	-15.797
30.143	61.147	-15.643
30.039	60.714	-15.022
29.632	61.889	-16.029
29.663	61.21	-15.678
29.56	60.777	-15.057
29.349	60.702	-14.327
29.305	60.974	-15.903
29.202	60.54	-15.282
29.129	60.838	-16.15
28.933	60.288	-15.736
29.09	60.816	-16.199
28.891	60.264	-15.788
28.952	60.838	-16.417
28.695	60.284	-16.214
28.281	59.918	-15.882
28.962	60.44	-17.09
28.702	59.992	-16.707
28.291	59.52	-16.555
29.291	60.379	-17.922
29.277	60.474	-18.077
29.32	59.57	-17.642
28.999	59.295	-17.13
28.458	59.131	-16.781
29.32	59.56	-17.648
28.998	59.289	-17.134
28.458	59.121	-16.787
29.12	59.126	-18.47
29.104	59.177	-18.616
28.373	58.408	-17.838
28.118	58.593	-17.15
27.893	58.141	-18.646
27.966	58.114	-17.894
27.746	58.324	-17.201
27.29	58.718	-16.744
27.76	57.661	-17.806
27.558	57.909	-17.121
27.622	57.357	-18.329
27.731	57.578	-17.668
27.518	57.862	-17.057
27.645	57.094	-18.219
27.745	57.424	-17.603
27.539	57.626	-16.959
27.328	56.104	-18.407
27.221	55.653	-17.988
27.206	56.043	-18.505
27.095	55.59	-18.089
26.962	55.805	-18.582
26.689	56.485	-19.428
26.576	55.703	-19.157
26.064	55.145	-18.807
26.518	55.445	-19.806
26.499	56.095	-20.927
26.504	56.628	-21.041
26.604	56.808	-20.877
26.625	56.9	-20.885
26.309	55.512	-21.18
26.41	55.148	-20.69
26.298	54.907	-20.13
26.202	55.288	-21.316
26.314	54.948	-20.811
26.176	54.651	-20.286
26.188	55.217	-21.352
26.279	54.817	-20.872
26.145	55.007	-21.525
26.233	54.591	-21.059
26.164	54.695	-21.578
25.826	55.014	-22.501
26.178	54.411	-22.047
26.097	53.668	-21.677
26.211	54.779	-23.012
26.488	54.221	-22.458
26.482	53.433	-22.188
26.991	54.19	-22.675
27.187	55.591	-24.242
26.882	56.371	-24.294
26.177	56.863	-23.92
25.961	57.409	-24.125
25.513	56.764	-23.337
25.247	57.303	-23.498
26.403	57.583	-24.43
26.949	57.115	-24.534
26.443	57.646	-24.516
26.984	57.171	-24.61
25.201	57.903	-24.623
25.179	58.152	-25.164
26.278	58.036	-24.962
26.778	57.693	-24.821
27.131	57.181	-24.809
26.356	58.09	-25.083
26.834	57.732	-24.909
27.197	57.227	-24.913
26.89	58.056	-25.372
27.288	57.434	-25.122
27.461	58.238	-25.706
27.783	57.592	-25.412
27.807	58.586	-25.988
28.381	58.278	-25.834
28.841	57.793	-25.893
28.226	59.059	-26.125
28.652	58.582	-25.923
29.168	58.162	-26.0
28.704	59.274	-25.939
29.034	58.766	-25.829
29.375	58.275	-25.972
28.844	59.365	-25.904
29.137	58.833	-25.804
29.496	58.353	-25.942
29.03	59.324	-25.817
29.523	58.742	-25.773
29.327	59.59	-25.626
29.819	59.007	-25.582
29.699	60.3	-25.416
29.701	60.312	-25.419
29.617	60.396	-25.496
29.619	60.679	-25.576
29.579	61.02	-25.708
28.851	61.031	-26.287
29.349	61.452	-25.936
29.976	61.847	-25.927
29.035	61.889	-25.979
28.346	62.239	-26.216
28.41	62.972	-26.409
28.305	62.235	-26.244
28.371	62.968	-26.436
28.033	61.426	-26.846
28.616	60.8	-26.518
28.172	60.849	-26.961
27.951	60.908	-27.548
28.018	60.264	-26.958
27.66	62.051	-27.184
27.767	62.64	-26.995
28.109	63.157	-26.895
27.66	62.052	-27.185
27.767	62.641	-26.995
28.109	63.157	-26.896
28.967	63.279	-26.378
29.293	62.87	-26.066
29.169	63.413	-26.42
29.51	63.015	-26.111
29.401	63.52	-26.417
29.952	63.155	-26.169
29.616	63.8	-26.483
30.167	63.435	-26.235
30.651	62.099	-26.143
30.12	61.879	-25.943
30.775	61.282	-25.54
30.939	61.235	-25.494
30.982	61.126	-25.423
31.561	61.122	-25.093
31.644	61.23	-25.093
32.122	61.64	-24.393
32.352	62.017	-24.066
32.523	62.446	-24.066
32.577	62.54	-23.974
32.585	62.949	-23.984
32.39	62.995	-25.582
32.392	63.431	-25.547
31.83	63.106	-26.168
31.877	63.533	-26.087
32.552	63.201	-23.99
32.467	63.597	-23.838
32.391	63.709	-23.89
32.358	63.771	-23.869
33.367	62.191	-22.567
33.274	61.956	-22.477
32.742	60.835	-22.153
32.988	60.366	-21.793
33.204	61.726	-22.282
33.17	61.266	-21.837
33.385	60.766	-21.499
33.81	60.316	-21.33
33.253	61.648	-21.275
33.462	61.12	-20.978
32.661	60.098	-21.943
32.22	60.345	-22.525
32.534	59.826	-21.956
32.081	60.047	-22.539
32.622	59.007	-21.817
32.211	58.616	-22.242
32.848	58.576	-21.622
32.448	58.163	-22.038
33.773	56.628	-22.163
33.978	56.592	-22.017
34.264	56.619	-21.349
34.266	56.619	-21.348
33.752	58.208	-20.897
33.754	58.208	-20.895
34.292	59.355	-21.045
34.51	59.133	-20.739
34.452	59.917	-20.693
34.658	59.65	-20.414
34.345	60.325	-20.157
34.559	60.026	-19.92
33.573	60.791	-19.128
33.463	61.032	-19.379
33.468	61.249	-20.007
33.294	61.884	-20.023
33.497	61.252	-20.557
33.322	61.887	-20.552
33.165	62.035	-19.406
33.01	62.457	-19.019
32.874	62.85	-18.956
32.805	63.087	-18.926
32.677	62.512	-17.526
33.021	61.859	-17.693
32.138	61.481	-16.788
32.222	60.948	-16.469
32.121	61.488	-16.77
32.204	60.956	-16.452
32.049	61.543	-16.701
32.066	61.054	-16.332
31.419	61.728	-16.365
31.49	61.223	-16.025
31.06	60.124	-14.451
30.629	60.479	-14.823
31.085	60.015	-14.352
30.831	59.463	-13.511
31.252	59.346	-14.07
31.888	59.284	-14.378
31.091	58.62	-14.056
30.734	58.129	-13.889
31.055	57.524	-14.065
30.64	58.055	-13.809
30.965	57.453	-13.989
30.356	57.995	-13.516
30.002	58.603	-12.945
29.892	57.997	-13.133
29.894	57.355	-13.07
29.337	58.65	-12.84
29.299	58.039	-13.04
29.229	57.403	-12.965
28.745	58.109	-13.262
27.927	58.939	-13.878
28.288	59.952	-13.887
27.913	59.616	-14.309
27.353	59.469	-14.618
28.269	59.915	-14.963
27.435	57.29	-14.119
27.395	56.627	-13.721
27.052	57.157	-14.409
26.976	56.481	-14.039
26.717	57.171	-14.791
26.42	56.502	-14.732
25.969	56.021	-14.407
26.58	57.186	-15.03
26.342	56.51	-14.867
25.808	56.039	-14.688
27.149	56.9	-15.974
27.201	56.906	-16.044
27.34	56.943	-16.256
27.458	56.275	-16.485
27.262	55.679	-16.828
27.414	56.99	-16.365
27.511	56.308	-16.562
27.352	55.735	-16.96
27.598	57.531	-16.961
27.804	57.248	-17.631
27.589	57.554	-16.973
27.794	57.273	-17.645
27.63	56.238	-18.089
27.391	55.725	-17.811
27.625	56.235	-18.098
27.385	55.723	-17.82
27.158	55.62	-16.6
27.112	55.584	-16.552
26.211	55.03	-16.742
25.635	55.134	-16.369
26.061	54.954	-16.946
25.496	55.064	-16.557
25.836	54.838	-17.346
25.365	54.968	-16.767
25.614	54.732	-18.333
25.412	54.601	-17.615
24.977	54.751	-17.013
24.421	55.144	-16.681
25.138	54.123	-17.672
24.727	54.314	-17.065
25.094	52.711	-19.198
25.094	52.711	-19.198
25.236	52.376	-19.466
25.411	52.297	-19.714
25.613	52.294	-19.967
25.681	52.312	-20.058
25.942	52.319	-20.63
26.165	52.758	-21.513
26.106	52.059	-21.07
25.683	51.365	-20.906
26.489	51.814	-21.356
27.079	51.872	-21.926
27.074	52.81	-22.321
27.449	52.136	-22.305
27.651	51.474	-22.645
27.991	52.368	-22.348
28.186	52.427	-22.315
28.309	52.506	-22.282
28.515	53.35	-22.24
29.129	53.439	-22.408
28.502	53.416	-22.255
29.116	53.505	-22.422
27.997	54.048	-22.624
27.285	54.153	-22.715
28.786	54.398	-22.952
29.266	54.038	-22.814
28.979	54.554	-23.185
29.445	54.183	-23.031
29.372	55.816	-25.204
29.363	55.831	-25.228
29.285	55.913	-25.387
28.348	56.126	-25.559
28.886	56.353	-25.772
29.329	56.463	-26.193
28.677	57.029	-25.736
30.557	55.631	-25.573
30.944	55.065	-25.411
30.899	55.809	-25.834
31.319	55.26	-25.697
31.13	55.912	-25.911
31.721	55.399	-25.896
31.179	55.968	-25.95
31.777	55.464	-25.942
30.729	56.954	-26.583
31.056	57.007	-26.448
30.448	57.644	-26.574
30.72	57.831	-26.437
31.389	55.856	-25.922
31.866	55.393	-25.981
31.298	56.685	-26.261
31.749	56.252	-26.029
32.239	55.803	-26.091
32.669	55.426	-26.435
32.109	56.632	-25.873
32.61	56.196	-25.93
31.457	57.938	-26.126
31.762	57.987	-25.947
31.107	59.043	-25.29
31.075	59.603	-25.098
30.483	59.081	-25.428
30.498	59.638	-25.226
31.204	59.57	-25.031
31.356	58.987	-25.188
31.576	59.551	-24.599
31.728	58.968	-24.756
31.625	59.659	-24.447
31.727	59.012	-24.664
31.674	59.438	-23.868
31.771	58.816	-24.151
31.675	59.455	-23.329
31.71	58.859	-23.177
31.704	59.504	-23.138
31.739	58.907	-22.992
31.967	58.205	-23.717
32.208	57.688	-23.69
32.602	57.062	-23.012
33.164	56.64	-23.075
32.663	57.093	-22.639
33.227	56.672	-22.69
33.329	56.516	-23.555
32.873	56.751	-23.868
32.546	57.183	-24.126
33.439	56.454	-23.79
32.957	56.705	-24.046
32.636	57.133	-24.318
35.134	56.5	-23.21
35.32	56.418	-22.934
35.454	56.321	-22.652
36.067	56.028	-22.373
36.094	55.937	-22.267
36.247	55.769	-22.201
36.457	55.515	-22.041
36.518	55.417	-21.932
36.506	55.373	-21.84
37.11	55.304	-22.122
36.621	54.833	-21.496
37.219	54.788	-21.793
36.662	54.739	-21.5
36.659	54.657	-21.472
36.394	54.205	-20.851
36.818	53.716	-20.647
36.39	54.205	-20.842
36.814	53.716	-20.639
36.256	54.318	-20.654
36.519	53.891	-20.318
36.252	54.322	-20.646
36.515	53.895	-20.309
36.052	54.866	-20.305
35.976	55.514	-20.918
35.869	55.409	-20.301
35.987	55.449	-19.678
35.449	55.796	-20.251
34.605	56.571	-20.898
34.252	57.17	-20.667
34.246	57.848	-20.391
34.405	56.652	-21.21
34.183	57.198	-20.775
34.093	57.91	-20.629
34.284	57.884	-20.175
34.238	57.256	-20.269
34.457	56.672	-20.401
34.29	57.862	-20.04
34.244	57.236	-20.149
34.464	56.644	-20.232
34.295	57.831	-19.793
34.275	57.174	-19.704
34.538	56.565	-19.672
34.191	57.858	-19.423
34.195	57.195	-19.42
34.413	56.598	-19.227
34.054	58.354	-18.689
34.165	58.632	-18.568
34.188	58.745	-18.479
34.569	59.34	-19.055
34.238	59.258	-18.426
34.231	59.235	-17.711
34.002	59.718	-18.449
33.937	59.82	-18.532
33.895	59.875	-18.552
33.664	60.405	-18.785
33.658	60.585	-19.03
33.496	60.474	-18.101
33.277	61.194	-17.713
33.318	60.666	-17.52
33.537	60.222	-17.249
32.889	60.804	-17.069
32.667	60.768	-16.806
32.465	60.904	-16.72
33.283	58.235	-15.799
33.581	58.216	-16.371
32.605	56.901	-15.767
32.603	56.919	-15.698
32.961	58.497	-15.03
32.877	58.251	-14.965
31.777	57.636	-14.388
31.591	57.671	-14.343
31.871	57.527	-14.39
32.244	56.745	-14.298
32.306	57.307	-14.622
32.577	57.885	-14.757
32.512	57.071	-15.061
32.325	55.923	-14.286
32.445	55.595	-14.549
31.113	55.133	-13.681
30.743	55.722	-13.423
30.715	55.858	-13.469
30.704	55.872	-13.47
30.712	56.483	-13.557
30.865	57.085	-13.773
30.174	56.094	-13.197
29.176	56.257	-12.828
28.845	56.185	-12.764
28.721	56.262	-12.772
28.577	56.266	-12.747
27.956	56.548	-13.127
27.936	56.62	-13.254
27.885	56.631	-13.324
27.99	57.243	-13.724
27.732	56.618	-13.453
27.923	57.244	-13.786
27.663	56.619	-13.516
26.024	55.743	-12.715
25.906	55.796	-13.328
26.035	55.808	-13.69
26.048	55.815	-13.736
24.23	55.707	-14.1
23.505	55.473	-14.655
23.708	55.38	-14.022
23.689	55.488	-13.359
23.442	54.82	-13.977
23.091	53.519	-14.954
22.756	52.874	-14.913
23.009	53.535	-15.311
22.678	52.889	-15.255
23.014	53.554	-15.433
22.707	52.918	-15.47
23.016	53.557	-15.503
22.709	52.923	-15.546
23.353	53.743	-16.331
23.169	53.19	-16.484
22.849	52.775	-16.782
22.445	52.566	-17.176
23.535	53.689	-16.445
23.246	53.167	-16.532
22.938	52.749	-16.838
22.661	52.501	-17.312
23.686	53.643	-16.502
23.526	53.083	-16.632
23.302	52.638	-16.961
23.833	53.607	-16.546
23.646	53.054	-16.668
23.449	52.602	-17.005
24.514	54.057	-16.897
24.9	53.882	-17.312
25.082	53.678	-17.838
24.57	54.285	-16.956
24.943	54.057	-17.358
25.135	53.891	-17.894
24.859	52.901	-18.164
24.456	52.471	-17.908
23.893	52.266	-17.674
24.838	52.862	-18.256
24.44	52.443	-17.976
23.87	52.224	-17.775
23.31	52.059	-18.209
23.307	52.046	-18.267
24.825	52.823	-18.475
24.822	52.812	-18.523
21.266	52.491	-18.589
20.94	52.135	-19.474
20.682	52.189	-18.866
20.276	52.445	-18.409
20.327	51.571	-18.907
20.552	50.828	-19.628
20.274	50.672	-19.011
20.826	50.278	-19.685
20.584	50.05	-19.074
21.308	49.893	-19.678
21.128	49.614	-19.067
21.904	49.747	-19.609
21.801	49.449	-18.989
23.157	49.985	-19.308
23.815	49.79	-19.203
22.669	50.222	-20.059
23.293	50.265	-19.757
23.962	50.093	-19.689
24.534	49.744	-19.871
23.42	50.755	-19.96
24.1	50.625	-19.909
23.396	50.84	-19.983
24.047	50.783	-19.918
24.658	50.681	-20.134
23.453	51.257	-19.885
24.092	51.111	-19.841
24.721	51.137	-20.027
23.497	51.314	-19.829
24.184	51.23	-19.767
23.497	51.621	-19.531
24.183	51.563	-19.444
25.25	49.966	-20.602
24.871	49.847	-20.188
25.553	49.456	-20.506
25.198	49.297	-20.084
25.986	49.084	-20.313
25.664	48.898	-19.877
26.641	49.098	-20.552
27.215	48.943	-20.47
27.422	49.654	-21.268
27.336	49.779	-21.376
27.212	49.909	-21.468
26.252	50.246	-21.332
26.876	50.422	-21.663
27.29	50.491	-22.257
26.811	51.06	-21.613
27.974	50.061	-22.607
28.253	49.842	-22.562
28.251	50.529	-22.973
28.583	50.402	-22.999
28.369	51.173	-23.007
28.724	51.172	-23.04
29.724	48.915	-21.609
30.23	48.414	-21.547
30.063	49.183	-22.066
30.553	48.668	-21.983
30.248	49.672	-22.61
29.387	50.012	-22.899
30.112	50.082	-22.991
30.729	49.97	-23.374
29.355	50.68	-23.094
30.086	50.635	-23.153
30.7	50.577	-23.552
30.175	51.197	-23.057
29.759	52.046	-22.706
30.037	52.585	-22.762
29.189	52.38	-22.495
29.49	52.905	-22.56
30.18	52.543	-22.774
30.024	51.973	-22.717
30.192	52.54	-22.776
30.036	51.969	-22.719
30.632	52.508	-22.933
30.825	51.901	-23.046
30.66	52.521	-22.952
30.854	51.914	-23.065
30.861	53.247	-23.63
30.575	53.86	-23.754
29.755	54.354	-23.303
29.405	54.811	-23.625
29.596	54.308	-23.194
29.239	54.763	-23.511
29.814	54.989	-24.158
30.456	54.573	-24.295
29.88	55.225	-24.562
30.522	54.808	-24.7
30.501	55.395	-25.201
30.813	54.891	-25.137
30.643	55.453	-25.429
30.955	54.949	-25.365
30.704	54.816	-24.93
30.291	55.254	-24.827
30.67	54.767	-24.858
30.256	55.204	-24.753
31.393	52.592	-23.922
31.299	51.945	-23.578
31.577	52.812	-24.827
31.684	52.369	-24.246
31.575	51.732	-23.887
31.277	51.058	-23.836
32.145	52.229	-24.338
32.013	51.6	-23.973
32.586	52.28	-24.52
32.821	51.757	-24.239
32.717	52.297	-24.599
32.956	51.775	-24.32
32.138	52.943	-25.534
32.618	52.941	-25.848
31.897	53.438	-25.855
32.359	53.474	-26.194
31.729	54.042	-25.976
32.178	54.123	-26.324
33.113	52.278	-24.817
33.174	51.765	-24.439
33.344	52.229	-24.921
33.405	51.715	-24.544
33.52	52.449	-26.035
33.715	52.096	-26.566
32.736	52.873	-25.859
33.154	52.714	-26.352
33.356	52.355	-26.876
33.302	51.868	-27.327
32.538	53.38	-26.289
32.997	53.117	-26.694
33.203	52.75	-27.211
33.114	52.351	-27.738
32.645	53.955	-26.662
33.082	53.574	-26.991
33.286	53.198	-27.502
33.216	52.9	-28.094
33.391	53.99	-27.181
33.589	53.605	-27.688
34.981	55.223	-26.615
35.026	55.867	-26.032
34.891	56.034	-25.783
34.1	56.355	-25.311
34.636	56.366	-25.134
35.145	56.58	-25.016
34.425	56.374	-24.392
36.221	56.511	-25.561
36.34	56.233	-26.088
37.992	55.981	-24.643
37.818	56.239	-23.913
36.178	56.943	-24.543
36.253	56.994	-24.291
37.706	56.273	-23.838
37.608	56.139	-23.329
37.501	56.054	-23.127
37.316	55.935	-22.882
37.369	55.848	-22.789
37.257	55.722	-22.637
38.721	55.684	-22.612
38.866	55.862	-22.985
39.266	55.249	-22.661
39.367	55.461	-23.03
39.557	54.687	-22.957
39.635	54.944	-23.302
39.45	53.584	-23.771
39.391	53.365	-23.438
39.315	53.416	-22.725
39.421	52.898	-22.447
39.746	52.44	-22.243
39.289	53.539	-22.446
39.402	52.992	-22.234
39.723	52.555	-21.983
39.276	53.443	-22.356
39.478	52.831	-22.042
39.094	53.553	-22.044
39.279	52.951	-21.703
38.918	53.634	-21.809
39.007	53.105	-21.266
38.302	53.893	-21.502
38.334	53.388	-20.931
38.046	54.01	-21.52
37.87	53.562	-21.016
37.772	54.092	-21.543
37.596	53.643	-21.039
37.333	54.004	-21.442
37.358	53.634	-20.964
37.301	54.008	-21.437
37.329	53.637	-20.959
36.41	54.055	-18.831
36.407	54.162	-19.755
36.236	54.182	-18.593
36.524	53.672	-18.376
36.99	53.346	-18.118
35.879	54.045	-18.267
36.274	53.576	-18.148
36.633	53.209	-17.792
35.376	55.155	-18.09
35.048	55.136	-17.95
35.325	55.7	-18.417
34.987	55.787	-18.341
35.383	55.97	-18.991
35.056	56.11	-19.027
35.587	53.894	-18.178
36.048	53.443	-18.098
36.513	53.129	-17.772
35.537	53.844	-18.155
36.014	53.41	-18.083
36.471	53.087	-17.753
35.467	53.753	-18.123
35.096	53.461	-18.062
35.1	53.323	-18.068
34.986	53.246	-18.079
34.338	53.326	-18.009
34.203	52.765	-17.906
34.226	53.359	-17.975
34.095	52.796	-17.873
34.454	54.653	-17.683
34.113	54.591	-17.599
33.481	55.24	-17.633
32.938	55.292	-17.182
32.647	55.493	-16.57
33.469	55.274	-17.65
32.932	55.312	-17.192
32.637	55.524	-16.585
33.795	55.928	-17.995
33.5	56.467	-17.876
33.297	56.94	-17.522
34.659	55.835	-18.219
34.168	56.222	-18.25
33.826	56.724	-18.099
33.692	57.252	-17.792
33.788	57.715	-17.383
34.27	56.47	-18.719
33.915	56.94	-18.509
33.799	57.514	-18.289
32.783	56.924	-16.651
32.581	56.424	-16.285
32.808	57.162	-16.294
32.603	56.645	-15.954
32.647	55.482	-16.47
32.868	55.249	-17.006
33.298	55.139	-17.447
32.456	54.854	-16.394
32.733	54.803	-16.952
33.121	54.559	-17.376
31.969	54.171	-16.011
31.926	54.078	-15.742
31.246	54.362	-14.33
31.238	54.79	-13.976
31.159	54.826	-13.865
31.152	54.923	-13.819
30.336	53.825	-12.74
30.257	53.6	-12.861
29.291	55.267	-12.291
28.715	55.191	-12.014
28.888	53.588	-12.089
29.465	53.664	-12.366
28.797	53.076	-12.42
29.373	53.152	-12.696
28.285	52.26	-13.099
28.113	51.7	-13.218
28.197	52.26	-12.977
28.031	51.7	-13.105
28.017	53.107	-11.933
27.899	52.894	-12.043
26.872	52.49	-12.315
26.519	52.592	-12.457
25.883	53.576	-12.239
26.708	54.026	-11.732
26.022	54.177	-11.879
25.331	54.24	-11.694
26.096	54.885	-11.894
27.948	54.955	-11.595
27.809	55.182	-11.623
26.162	55.013	-11.928
26.104	55.709	-12.594
25.551	53.147	-12.548
25.955	52.51	-12.678
25.536	53.138	-12.551
25.94	52.502	-12.681
25.201	53.11	-12.492
24.544	53.515	-12.077
24.652	53.032	-12.497
24.708	52.411	-12.679
23.984	53.577	-12.344
24.154	53.087	-12.734
24.147	52.473	-12.945
23.827	53.263	-13.146
23.372	54.275	-13.081
23.38	53.98	-13.718
23.428	52.93	-13.923
23.009	52.428	-14.149
23.209	53.303	-14.443
22.811	52.765	-14.619
23.233	52.252	-13.945
23.273	52.085	-13.857
21.784	51.485	-14.154
21.762	51.223	-14.106
21.01	51.797	-15.516
21.523	52.38	-15.873
21.545	52.432	-16.008
21.61	52.465	-16.08
20.906	51.705	-15.564
20.099	51.264	-16.034
20.684	51.026	-15.683
21.007	50.731	-15.108
20.717	50.439	-16.107
19.776	50.61	-17.026
20.147	50.075	-17.273
19.596	50.815	-17.624
19.943	50.306	-17.95
19.631	51.223	-18.139
19.983	50.768	-18.531
20.894	50.113	-16.182
21.017	49.84	-16.275
21.101	49.732	-16.24
21.05	49.359	-17.07
21.4	49.344	-16.5
21.58	49.083	-15.909
21.87	49.159	-16.728
21.933	49.158	-16.854
22.128	49.132	-17.635
22.405	49.161	-17.124
22.7	48.969	-16.66
22.857	49.341	-17.366
23.237	49.531	-18.018
23.905	49.433	-18.124
23.134	49.745	-18.797
23.8	49.652	-18.919
24.152	49.318	-17.702
23.701	49.36	-17.256
24.164	49.309	-17.689
23.713	49.351	-17.243
24.475	49.011	-17.492
25.189	48.594	-17.397
28.74	48.327	-19.248
29.313	47.858	-19.185
28.771	48.34	-19.417
29.34	47.868	-19.333
27.781	48.792	-20.448
28.295	48.83	-20.776
29.653	48.591	-21.043
30.157	48.185	-21.185
29.688	48.686	-21.203
30.189	48.273	-21.332
30.387	47.0	-21.505
30.086	46.447	-21.62
30.476	47.01	-21.773
30.18	46.457	-21.899
30.54	46.899	-22.048
30.886	47.804	-22.223
30.86	47.045	-22.474
30.566	46.499	-22.98
31.346	47.099	-22.732
31.44	47.198	-22.7
31.377	46.688	-23.165
31.963	47.139	-22.705
31.9	46.629	-23.17
32.031	47.021	-22.739
32.549	46.832	-22.443
32.956	48.398	-22.251
33.363	48.893	-22.53
32.793	48.461	-22.37
33.186	48.961	-22.659
32.696	48.58	-22.478
32.213	48.691	-22.641
31.927	48.765	-22.703
31.067	48.883	-22.441
32.012	50.323	-23.948
33.056	50.483	-24.158
33.823	48.85	-22.416
33.782	48.368	-22.011
34.306	48.859	-22.356
34.265	48.377	-21.95
34.393	48.893	-22.367
34.418	48.461	-21.955
34.918	49.072	-22.167
34.889	48.622	-21.776
35.783	49.787	-23.361
36.418	49.69	-23.78
34.818	49.567	-23.597
35.503	49.827	-23.824
36.162	49.726	-24.203
36.622	49.292	-24.637
35.354	50.179	-24.209
36.026	50.048	-24.555
33.881	51.273	-24.718
34.203	51.458	-25.228
34.294	51.569	-25.843
34.135	51.586	-26.454
33.873	51.296	-24.715
34.2	51.468	-25.227
34.29	51.578	-25.842
34.128	51.607	-26.451
34.199	51.533	-26.363
34.325	51.44	-25.643
34.105	51.251	-24.966
34.574	51.282	-26.369
34.456	51.352	-25.645
34.38	51.067	-24.97
34.133	50.662	-27.4
34.536	50.135	-27.603
33.792	50.594	-28.06
34.233	50.075	-28.187
33.755	50.682	-28.801
34.201	50.153	-28.842
34.032	50.906	-29.456
34.447	50.352	-29.422
33.897	51.471	-29.753
34.033	51.956	-30.242
33.429	51.945	-29.475
33.618	52.375	-29.996
33.252	52.541	-29.106
33.462	52.902	-29.669
33.406	53.133	-28.722
33.598	53.426	-29.33
33.85	53.778	-27.816
33.713	54.142	-27.339
33.647	53.628	-27.753
33.527	54.005	-27.282
33.821	54.224	-27.356
34.047	53.928	-27.846
34.11	53.791	-28.444
34.221	54.375	-27.303
34.362	54.047	-27.805
34.541	53.955	-28.387
34.674	54.585	-27.058
35.191	54.432	-27.358
34.768	54.71	-26.953
35.296	54.571	-27.24
34.948	55.094	-26.676
34.944	55.113	-26.666
36.779	55.952	-26.503
37.299	55.721	-26.758
37.486	55.281	-27.387
37.306	54.949	-27.918
38.113	55.017	-27.435
37.933	54.685	-27.966
38.637	54.589	-27.344
38.457	54.256	-27.876
38.993	54.048	-27.127
38.813	53.716	-27.658
39.136	53.461	-26.809
38.956	53.129	-27.34
39.09	53.967	-26.988
39.206	54.15	-26.831
38.647	55.086	-26.939
38.862	55.02	-26.792
38.78	55.429	-25.132
38.289	55.708	-25.018
38.878	55.333	-25.185
39.435	55.212	-24.481
39.216	54.946	-25.098
39.299	54.799	-25.783
39.279	54.451	-24.947
39.384	53.893	-24.452
39.455	53.749	-23.95
39.345	53.67	-25.193
39.389	53.419	-25.5
38.953	52.453	-26.205
38.826	52.137	-26.219
39.902	51.501	-25.032
39.92	52.478	-24.689
40.165	51.871	-24.471
40.671	51.42	-24.342
40.035	52.008	-23.773
39.703	52.284	-23.302
39.916	52.045	-22.734
39.623	52.388	-23.228
39.84	52.144	-22.663
40.032	51.889	-22.832
40.056	51.864	-22.841
40.368	51.631	-22.844
40.81	51.54	-22.054
40.772	51.255	-22.666
41.001	51.118	-23.287
40.883	50.726	-22.455
40.898	51.296	-21.079
40.858	51.128	-20.875
40.508	52.012	-21.032
40.356	52.048	-20.815
40.884	50.58	-22.456
40.663	49.763	-21.775
40.684	49.799	-22.41
40.932	49.7	-22.988
40.111	49.25	-22.558
39.935	48.622	-21.244
40.206	49.005	-20.419
40.249	49.302	-20.251
40.228	48.873	-19.806
40.138	49.887	-19.677
40.118	49.447	-19.244
40.548	51.037	-20.179
40.278	51.256	-19.636
40.476	51.689	-20.478
40.206	51.908	-19.936
40.172	52.229	-20.847
39.902	52.448	-20.305
39.981	49.802	-19.132
39.97	49.823	-19.082
40.252	51.657	-19.736
40.204	51.809	-19.52
39.702	52.672	-19.876
39.776	52.598	-19.629
38.586	52.746	-18.469
38.098	52.963	-18.699
38.708	52.667	-18.445
38.685	52.476	-17.557
38.968	52.29	-18.167
39.495	52.25	-18.621
38.99	51.769	-18.04
38.849	51.12	-17.684
38.765	51.026	-17.492
38.295	52.082	-16.698
38.149	51.719	-16.503
37.765	52.443	-16.518
37.575	52.11	-16.308
37.187	52.72	-16.695
36.947	52.411	-16.5
36.331	52.906	-17.661
36.402	53.001	-17.708
36.181	52.735	-17.583
35.982	52.571	-17.556
34.793	52.285	-17.812
34.765	52.357	-17.854
34.899	52.002	-17.61
34.086	51.695	-17.277
34.801	51.526	-17.339
35.48	51.468	-17.059
34.686	50.983	-17.302
33.931	50.511	-17.231
33.977	49.945	-16.987
34.095	49.526	-16.549
33.428	50.447	-17.229
33.527	49.888	-16.986
33.519	49.453	-16.548
32.49	50.661	-17.278
32.429	50.774	-17.267
32.611	50.982	-17.301
32.082	50.77	-17.148
32.518	51.215	-17.314
31.983	51.021	-17.162
32.619	51.887	-17.277
32.167	52.255	-17.073
31.774	52.491	-16.66
32.869	52.404	-17.42
32.348	52.63	-17.177
32.005	52.97	-16.792
33.529	52.844	-17.764
33.558	53.427	-17.829
33.957	52.821	-17.828
33.97	53.405	-17.89
32.945	53.986	-17.6
32.404	53.863	-17.319
32.034	53.644	-16.87
32.941	54.08	-17.56
32.402	53.93	-17.29
32.03	53.739	-16.83
31.293	52.076	-16.469
31.301	51.488	-16.717
31.081	51.994	-16.259
31.063	51.396	-16.482
30.922	51.953	-16.126
30.973	51.374	-16.412
30.425	51.786	-15.878
30.476	51.207	-16.164
30.195	51.756	-15.775
30.062	51.15	-15.976
30.057	51.758	-15.693
29.927	51.153	-15.896
31.045	53.19	-14.769
30.667	53.44	-13.869
28.834	52.266	-13.741
28.436	51.674	-13.735
28.662	52.374	-13.39
28.278	51.773	-13.412
28.495	51.534	-13.974
28.907	52.026	-14.181
28.531	51.38	-14.268
28.943	51.872	-14.475
28.481	50.499	-14.771
28.897	50.37	-15.343
28.267	49.978	-14.796
28.673	49.824	-15.369
27.855	49.481	-14.597
27.316	49.162	-14.319
25.918	49.461	-13.809
25.723	49.754	-13.454
25.6	49.808	-13.409
25.498	50.156	-13.21
26.917	50.284	-12.631
26.794	50.655	-12.435
27.598	50.601	-12.69
27.421	50.947	-12.489
27.984	51.898	-12.97
27.999	51.9	-12.988
27.932	52.042	-12.795
27.767	52.687	-12.153
27.492	52.144	-12.376
27.312	51.523	-12.347
26.918	52.359	-12.316
25.462	50.389	-13.118
25.252	50.785	-13.077
25.436	51.484	-12.855
25.81	52.153	-12.665
24.675	51.115	-13.143
24.436	51.192	-13.149
24.441	51.325	-13.131
23.759	51.711	-13.453
23.48	51.759	-13.654
23.361	51.994	-13.774
22.667	49.259	-14.226
23.271	49.159	-14.008
22.775	48.903	-14.689
23.378	48.802	-14.471
22.935	48.703	-15.225
23.539	48.603	-15.008
23.691	48.633	-15.861
23.756	49.042	-16.827
24.594	48.261	-15.486
24.214	48.435	-15.027
25.141	48.125	-15.698
25.744	48.043	-15.695
25.093	48.126	-16.277
25.687	48.045	-16.38
24.124	48.932	-13.808
24.119	49.09	-13.592
26.671	48.014	-15.443
26.935	48.036	-15.413
27.002	48.13	-16.834
27.695	48.267	-17.653
27.808	48.405	-16.723
27.864	48.424	-16.688
28.953	48.304	-17.329
29.511	48.031	-17.194
29.896	47.559	-17.014
28.988	48.263	-17.521
29.538	48.001	-17.34
29.926	47.524	-17.181
28.972	48.142	-18.053
29.493	47.722	-18.283
28.767	48.204	-18.777
29.313	47.777	-18.922
30.097	47.03	-17.726
30.212	46.672	-17.807
30.217	46.108	-18.392
30.237	45.475	-18.226
30.213	46.106	-18.398
30.233	45.473	-18.234
29.925	46.209	-18.743
29.748	45.67	-18.897
29.651	46.948	-18.842
29.661	46.428	-19.115
29.455	45.914	-19.31
29.064	45.484	-19.398
29.642	46.638	-19.573
29.433	46.148	-19.821
29.021	45.42	-19.365
28.642	45.121	-19.266
28.698	45.478	-20.012
28.369	45.169	-19.812
28.449	45.208	-20.636
28.158	44.941	-20.339
30.375	46.176	-23.418
30.55	46.109	-23.889
29.789	45.255	-23.549
29.83	44.639	-23.699
30.595	44.202	-24.353
30.428	43.919	-23.968
31.186	43.915	-24.413
31.128	43.578	-24.039
31.845	43.939	-24.396
31.908	43.608	-24.018
32.409	44.27	-24.305
32.576	43.999	-23.91
33.106	44.774	-23.611
33.078	45.433	-23.451
32.417	46.058	-23.869
32.585	46.115	-23.394
32.972	46.454	-22.286
33.334	46.937	-21.88
32.894	46.524	-22.299
33.256	47.006	-21.894
33.695	46.822	-21.816
33.603	46.239	-22.113
34.685	47.072	-21.424
34.319	46.534	-21.544
34.159	45.982	-21.872
34.235	45.524	-22.343
34.492	46.093	-20.977
34.312	45.59	-21.367
34.45	45.751	-20.667
34.528	45.656	-20.232
35.954	47.331	-20.102
36.632	47.521	-20.051
37.325	47.398	-20.114
35.949	47.746	-20.458
36.629	47.778	-20.272
37.32	47.744	-20.411
35.849	48.084	-20.646
36.43	48.395	-20.577
35.845	48.093	-20.654
36.426	48.403	-20.584
35.793	48.221	-20.776
36.397	48.476	-20.65
35.734	48.425	-20.906
36.338	48.679	-20.779
35.307	48.7	-21.411
35.52	49.197	-21.659
35.079	48.674	-21.637
35.266	49.168	-21.91
36.227	49.488	-21.515
36.608	49.243	-21.143
36.302	49.531	-21.562
36.675	49.281	-21.186
36.548	49.72	-21.938
37.131	49.625	-21.881
36.57	49.767	-22.087
37.153	49.672	-22.03
36.697	49.838	-22.336
36.681	49.854	-22.413
36.368	49.86	-22.902
36.817	49.716	-23.452
36.164	49.839	-23.069
36.629	49.697	-23.605
37.374	49.612	-23.268
37.459	49.569	-23.262
37.604	49.454	-23.339
37.757	49.495	-22.744
37.758	49.358	-23.374
37.922	49.392	-22.782
38.929	49.08	-24.197
38.606	48.973	-25.004
39.148	49.163	-24.694
39.759	49.094	-24.474
38.78	49.344	-25.467
39.303	49.493	-25.105
39.933	49.465	-24.937
39.355	49.989	-25.333
38.342	50.797	-26.207
38.257	51.222	-26.648
37.778	50.457	-26.448
37.715	50.895	-26.879
37.325	50.11	-26.447
36.892	50.255	-26.892
36.661	50.297	-27.485
37.393	49.385	-26.009
37.04	49.817	-26.318
36.679	50.036	-26.796
36.376	50.004	-27.356
36.186	49.726	-27.897
36.779	49.431	-25.608
36.681	49.843	-26.084
36.411	50.056	-26.621
36.018	50.03	-27.122
35.571	49.771	-27.496
36.48	50.172	-25.896
36.261	50.301	-26.481
35.816	50.359	-26.934
36.008	50.285	-24.699
35.312	50.473	-24.398
36.006	50.145	-24.612
35.31	50.34	-24.316
37.056	50.836	-27.798
37.149	51.133	-28.313
37.106	51.194	-28.445
36.713	51.776	-29.043
36.113	51.772	-29.611
35.757	50.821	-29.858
35.558	51.421	-30.014
35.463	51.925	-30.415
34.81	51.249	-29.961
36.539	52.411	-29.354
36.596	53.11	-29.476
36.606	53.261	-29.459
35.877	53.727	-30.014
36.397	53.777	-29.399
37.082	54.078	-29.097
36.07	54.094	-29.073
35.939	54.131	-29.004
35.254	54.11	-28.398
37.286	54.867	-28.105
37.333	54.76	-28.345
38.17	54.359	-28.192
38.02	54.365	-28.413
38.169	53.495	-28.74
38.02	53.693	-28.84
38.47	52.034	-27.932
38.408	51.811	-27.797
38.638	51.85	-26.377
38.877	51.501	-25.845
38.671	51.913	-26.351
38.91	51.563	-25.819
38.833	51.394	-25.879
38.557	51.659	-26.436
38.689	51.127	-25.943
38.426	51.417	-26.494
39.266	49.148	-22.894
39.556	49.113	-22.767
39.655	49.104	-22.672
39.498	48.878	-22.033
39.362	48.38	-21.566
39.819	49.128	-22.614
39.593	48.892	-21.999
39.526	48.403	-21.508
39.863	49.143	-22.527
40.022	49.213	-22.461
39.594	48.375	-21.443
39.902	48.497	-21.205
39.253	48.439	-21.629
38.619	47.719	-21.357
38.634	48.441	-21.614
38.543	48.949	-22.181
38.098	48.569	-21.329
37.692	48.319	-20.884
37.535	48.146	-20.704
37.592	48.999	-21.307
37.402	49.169	-21.359
38.886	49.171	-22.892
37.966	49.367	-22.752
37.411	47.269	-19.929
36.813	47.333	-19.699
36.193	47.172	-19.629
37.452	47.194	-19.793
36.848	47.268	-19.582
36.241	47.085	-19.472
37.708	46.855	-19.416
37.99	46.625	-19.307
39.0	46.415	-19.923
39.002	46.293	-19.235
39.998	46.659	-19.329
40.237	47.208	-20.129
40.445	47.167	-19.493
40.879	47.004	-19.01
40.56	47.85	-19.435
40.552	48.752	-18.861
41.013	48.387	-18.474
40.24	49.132	-17.986
39.811	48.996	-17.3
39.202	49.124	-16.853
39.058	49.264	-16.78
38.954	49.367	-16.739
38.73	49.578	-16.706
38.556	50.503	-17.062
38.75	50.82	-17.367
38.154	50.382	-16.565
38.272	49.805	-16.331
37.743	51.071	-16.193
37.767	50.438	-16.211
37.9	49.858	-15.99
38.119	49.437	-15.57
37.254	50.336	-16.144
37.407	49.761	-15.926
37.169	50.265	-16.153
37.246	49.637	-15.903
37.117	50.255	-16.162
37.189	49.627	-15.912
36.895	50.329	-16.201
36.796	49.754	-16.048
36.696	49.288	-15.679
36.707	50.348	-16.239
36.625	49.772	-16.083
36.482	49.31	-15.722
36.412	50.261	-16.293
36.067	49.633	-16.041
36.082	50.374	-16.464
35.737	49.746	-16.212
36.027	51.686	-16.648
35.577	51.485	-17.0
35.68	50.195	-16.625
35.493	49.691	-16.268
35.376	50.172	-16.804
35.211	49.669	-16.434
35.161	50.065	-16.899
34.77	49.528	-16.526
35.136	50.069	-16.918
34.745	49.532	-16.545
34.374	49.083	-15.248
34.97	49.176	-15.341
33.636	48.608	-14.708
33.378	48.537	-14.693
32.571	48.949	-16.073
32.122	49.207	-16.401
31.666	49.599	-16.518
32.732	49.091	-16.194
32.263	49.331	-16.507
31.828	49.741	-16.639
32.668	49.161	-16.315
32.129	49.558	-16.654
32.829	49.26	-16.466
32.27	49.645	-16.786
31.62	49.518	-16.476
32.045	49.067	-16.301
32.477	48.791	-15.911
31.365	49.265	-16.392
31.868	48.891	-16.242
32.274	48.589	-15.843
30.991	49.072	-16.335
31.177	48.535	-16.183
30.834	49.026	-16.301
31.031	48.492	-16.151
30.408	49.004	-16.186
30.795	48.463	-16.12
29.685	48.441	-16.279
30.105	47.925	-16.209
28.48	48.803	-15.875
28.514	49.258	-15.57
28.542	49.399	-15.529
28.55	49.475	-15.501
28.226	48.508	-16.405
28.142	48.492	-16.534
29.448	48.166	-16.774
29.878	47.661	-16.683
29.442	48.113	-17.019
29.871	47.611	-16.917
32.014	48.155	-15.621
31.344	47.601	-15.437
31.975	47.724	-15.289
32.466	47.943	-14.906
32.097	47.203	-15.183
32.112	47.057	-15.197
32.128	46.944	-15.206
32.147	46.589	-15.215
32.665	46.336	-14.801
32.064	46.253	-15.316
32.581	46.0	-14.902
32.109	46.141	-15.335
32.05	45.793	-15.601
31.565	45.528	-16.043
31.749	44.943	-16.114
31.84	44.355	-15.949
31.382	45.479	-16.152
31.585	44.899	-16.211
31.63	44.3	-16.073
30.843	45.479	-16.356
30.591	44.873	-16.538
30.352	44.248	-16.411
30.435	45.661	-16.793
30.333	44.988	-16.814
29.944	44.43	-16.848
30.408	45.787	-17.077
30.333	45.222	-17.33
30.4	45.941	-17.4
30.325	45.388	-17.678
29.402	44.537	-18.372
29.488	44.701	-18.464
29.024	44.233	-18.318
29.142	44.011	-17.765
28.234	44.085	-18.819
28.553	43.796	-18.391
28.672	43.575	-17.839
28.57	43.458	-17.252
28.485	43.194	-18.618
28.604	42.973	-18.065
28.55	42.962	-18.655
28.724	42.473	-19.184
28.779	42.409	-19.308
29.06	42.272	-19.751
28.332	43.082	-20.716
28.654	43.007	-21.082
28.404	44.0	-21.466
28.364	44.593	-21.314
30.447	43.153	-23.102
29.975	43.15	-22.738
31.474	42.763	-21.547
31.495	42.764	-21.547
32.608	43.271	-23.066
33.058	43.315	-22.684
34.436	44.384	-21.905
34.43	44.072	-21.105
33.426	42.938	-21.595
33.366	43.192	-22.134
32.283	42.128	-20.035
32.152	41.699	-19.578
32.348	42.123	-20.021
32.217	41.694	-19.564
32.417	42.085	-19.952
32.342	41.576	-19.47
33.027	42.205	-19.675
32.882	41.682	-19.226
33.612	42.474	-19.512
33.929	42.136	-18.945
34.097	42.85	-19.519
34.355	42.467	-18.951
34.408	43.291	-19.724
34.842	43.325	-19.287
35.351	43.157	-18.983
34.493	43.774	-20.52
34.657	43.77	-19.926
35.037	43.701	-19.445
35.569	43.576	-19.16
36.163	43.417	-19.118
34.69	44.331	-19.795
35.063	44.14	-19.343
35.598	44.066	-19.046
34.5	45.317	-19.945
34.763	45.843	-19.672
34.492	45.372	-20.043
34.754	45.898	-19.77
34.773	45.787	-19.57
34.522	45.214	-19.761
34.775	45.783	-19.56
34.524	45.21	-19.753
35.362	45.835	-18.974
35.581	45.311	-18.683
35.871	44.744	-18.65
35.626	45.988	-18.853
35.781	45.427	-18.591
36.101	44.876	-18.544
36.396	46.639	-18.865
36.453	46.806	-19.017
37.071	45.788	-18.357
36.816	45.054	-18.347
37.361	45.687	-18.332
37.106	44.953	-18.322
38.042	46.174	-18.661
37.752	45.765	-18.328
37.452	45.257	-18.215
37.19	44.731	-18.338
38.395	46.048	-18.207
37.902	45.712	-18.137
37.582	45.211	-18.048
37.488	44.625	-17.956
38.687	46.127	-17.759
38.792	46.142	-17.694
39.436	46.223	-18.781
40.026	46.148	-18.403
39.129	46.158	-17.513
39.488	46.205	-16.907
39.537	46.242	-16.771
40.478	46.571	-16.762
39.851	46.575	-16.377
39.441	46.36	-15.805
39.917	47.136	-16.162
39.946	47.282	-16.173
40.516	47.984	-16.6
39.903	47.983	-16.274
39.488	48.113	-15.732
39.678	48.525	-16.675
39.404	48.777	-16.761
39.403	48.778	-16.761
38.91	47.016	-14.833
39.026	46.808	-14.957
37.806	45.613	-14.983
37.744	45.661	-14.916
37.725	48.491	-14.633
37.157	48.335	-14.371
37.459	48.896	-14.969
36.891	48.74	-14.707
36.409	48.043	-13.976
36.509	47.835	-13.841
35.246	46.818	-13.812
34.951	47.102	-13.993
35.384	46.78	-13.796
35.798	46.091	-13.858
34.687	45.54	-13.177
34.776	45.112	-13.182
34.013	45.354	-13.136
34.156	44.94	-13.144
33.438	45.114	-13.455
33.626	44.72	-13.438
33.051	44.372	-14.561
32.712	43.779	-14.839
32.915	44.537	-14.755
32.583	43.936	-15.024
32.887	44.631	-14.826
32.562	44.102	-15.162
32.876	44.656	-14.854
32.549	44.129	-15.192
32.64	44.682	-15.246
32.383	44.162	-15.372
32.499	44.803	-15.459
32.242	44.284	-15.585
30.938	43.215	-15.496
30.893	43.386	-15.696
30.849	43.537	-15.881
30.865	43.633	-15.983
29.511	43.536	-15.758
29.647	43.249	-15.457
28.958	43.163	-15.804
29.138	42.905	-15.5
28.645	42.614	-16.025
28.85	42.4	-15.703
28.656	42.035	-16.361
28.86	41.867	-16.013
28.586	42.01	-17.214
28.764	41.716	-17.726
29.619	40.806	-16.855
30.067	40.297	-17.722
30.09	40.598	-18.664
30.549	40.21	-18.428
30.456	40.762	-19.108
30.916	40.374	-18.872
30.868	41.055	-19.429
31.328	40.667	-19.193
30.713	42.006	-20.179
30.409	41.951	-20.159
30.105	40.819	-19.078
29.929	40.954	-19.227
29.283	41.061	-18.601
29.289	41.142	-18.856
30.26	41.945	-20.166
29.266	42.178	-19.907
31.669	41.746	-19.717
31.936	41.792	-19.7
31.013	39.704	-18.004
30.838	39.451	-17.47
32.068	39.734	-18.307
32.245	39.833	-18.482
31.666	40.292	-19.013
31.932	40.267	-19.031
33.397	40.218	-17.833
33.07	40.345	-18.58
33.554	40.548	-18.259
34.147	40.586	-18.097
33.543	41.021	-18.561
33.635	41.123	-18.557
33.573	41.321	-18.632
35.855	41.894	-18.102
35.349	42.441	-18.608
35.903	41.832	-17.975
36.086	41.774	-17.677
36.945	41.923	-17.363
37.412	42.569	-18.039
37.58	42.329	-17.443
37.934	41.949	-17.028
37.891	42.978	-17.206
37.594	44.668	-17.407
37.887	45.33	-17.188
37.564	44.726	-17.547
37.855	45.393	-17.341
38.018	45.292	-16.889
37.785	44.629	-16.859
38.176	45.258	-16.271
37.94	44.596	-16.254
38.248	45.353	-16.104
37.948	44.654	-16.159
38.209	45.356	-15.853
37.905	44.657	-15.877
38.115	45.331	-15.611
37.921	45.612	-15.077
37.904	43.848	-15.473
37.494	44.325	-14.68
37.635	43.671	-14.866
37.994	43.077	-14.823
37.074	43.411	-14.567
35.712	44.177	-14.089
35.863	45.031	-13.986
36.467	45.59	-14.184
36.546	45.591	-14.19
36.577	45.72	-14.17
36.797	45.719	-14.216
36.817	45.59	-14.246
37.494	45.556	-14.703
36.046	46.029	-13.973
35.628	45.591	-13.877
36.008	46.071	-13.944
35.59	45.633	-13.848
35.801	45.677	-13.973
35.815	45.657	-13.985
35.655	43.807	-14.27
35.495	43.648	-14.294
35.102	43.492	-14.223
34.209	43.355	-14.31
34.023	43.464	-14.33
33.927	42.914	-14.633
33.953	43.487	-14.348
33.849	42.939	-14.653
33.587	43.634	-14.371
33.177	43.183	-14.668
33.178	44.064	-14.458
32.767	43.613	-14.755
31.48	41.501	-15.233
31.443	41.526	-15.244
31.068	42.095	-15.19
31.646	42.741	-14.858
31.0	42.64	-15.128
30.296	42.598	-15.075
30.992	43.124	-15.394
30.69	41.446	-15.324
29.82	41.615	-15.254
30.173	41.132	-15.422
30.438	40.574	-15.359
29.377	41.415	-15.7
29.761	40.946	-15.836
29.958	40.356	-15.843
29.594	40.95	-16.426
31.432	41.377	-15.252
31.576	41.271	-15.22
30.855	40.21	-15.21
31.227	40.008	-15.098
30.686	39.613	-15.545
31.07	39.459	-15.405
30.77	39.193	-16.104
31.148	39.072	-15.92
31.085	39.072	-16.723
31.438	38.961	-16.49
31.765	41.136	-15.175
32.382	40.919	-15.144
32.72	40.803	-15.175
33.065	40.339	-15.338
33.113	40.214	-15.408
32.697	39.37	-15.8
33.27	39.783	-15.895
33.971	39.907	-15.867
33.237	39.777	-16.563
33.212	39.822	-16.705
33.16	39.853	-16.835
34.933	40.133	-16.466
34.742	40.03	-16.31
34.819	40.537	-15.398
34.653	40.344	-15.48
34.36	41.686	-14.658
34.74	42.156	-14.522
35.853	41.565	-15.103
35.25	40.779	-15.484
35.992	41.137	-15.483
36.775	41.125	-15.224
35.45	40.546	-16.179
36.148	40.957	-16.022
36.945	40.928	-15.811
35.622	40.691	-16.905
36.281	41.069	-16.584
37.09	41.051	-16.424
36.358	41.445	-17.03
36.136	41.568	-17.311
36.129	41.59	-17.342
36.001	41.817	-14.923
36.096	42.272	-14.693
38.426	43.093	-16.195
38.093	43.653	-16.46
35.47	44.153	-19.035
34.88	44.289	-19.445
35.485	44.082	-19.081
34.894	44.221	-19.489
29.564	42.745	-21.718
29.664	43.009	-22.254
32.985	46.82	-14.461
33.42	47.122	-14.196
38.406	48.824	-15.059
38.367	49.035	-15.22
28.858	50.513	-15.311
28.888	50.639	-15.341
29.46	51.112	-15.639
29.459	51.733	-15.275
29.705	51.182	-15.752
29.692	51.8	-15.383
28.865	51.659	-14.763
28.847	51.674	-14.702
39.36	51.016	-18.25
39.687	50.816	-18.522
22.807	48.671	-15.508
22.541	48.666	-15.473
22.419	49.056	-14.553
22.239	48.966	-14.73
21.498	49.646	-14.679
21.523	49.425	-14.829
32.541	56.92	-15.247
32.59	56.884	-15.553
33.938	58.215	-16.982
34.061	58.449	-17.025
33.221	56.598	-24.619
32.76	57.062	-24.637
33.765	56.356	-25.535
33.178	56.591	-25.362
32.722	57.056	-25.3
32.481	57.662	-25.359
32.727	56.28	-25.866
32.319	56.779	-25.749
25.658	55.472	-15.835
26.234	55.573	-15.73
26.769	55.821	-15.804
25.652	55.492	-15.816
26.229	55.589	-15.715
26.763	55.84	-15.787
31.723	64.971	-25.288
31.322	64.675	-26.01
31.042	65.579	-20.771
31.117	65.581	-20.812
30.947	67.551	-26.009
30.874	67.755	-25.853
25.978	68.329	-28.901
25.691	67.958	-28.976
27.748	65.193	-21.829
27.226	64.94	-22.253
27.891	65.676	-22.25
27.382	65.464	-22.71
28.239	66.205	-22.455
28.255	66.241	-22.45
27.474	65.843	-23.204
27.456	65.87	-23.242
24.815	70.693	-28.506
24.893	70.87	-28.322
19.777	64.92	-22.404
19.462	65.138	-21.913
20.008	64.686	-22.158
19.701	64.897	-21.658
22.563	66.76	-16.462
22.44	66.584	-16.177
22.052	75.189	-4.328
21.464	75.076	-4.675
22.187	74.476	-4.41
21.583	74.444	-4.748
20.56	74.535	-6.386
20.667	74.053	-6.272
20.695	73.573	-23.068
20.473	73.672	-22.956
19.93	73.731	-23.709
19.879	73.795	-23.455
16.315	74.399	-19.408
16.223	74.373	-19.504
13.315	69.997	-12.936
13.245	70.001	-12.678
18.306	69.023	-10.485
18.516	69.477	-10.292
20.097	68.356	-4.453
19.796	68.881	-4.588
19.39	69.241	-4.887
19.776	68.354	-3.95
19.525	68.879	-4.162
19.08	69.238	-4.402
13.132	73.831	-13.159
13.206	73.866	-12.904
12.831	73.126	-12.562
12.972	73.318	-12.44
17.841	74.528	-3.238
17.632	74.695	-3.218
18.071	75.561	-3.224
17.811	75.498	-3.207
15.89	79.211	-5.351
15.295	79.283	-5.416
15.429	78.023	-8.41
14.866	78.179	-8.259
28.704	61.158	-10.577
28.704	61.681	-10.906
29.237	61.964	-11.036
29.771	61.725	-10.837
29.771	61.201	-10.508
28.91	59.728	-12.849
28.91	60.252	-13.178
29.444	60.535	-13.308
29.977	60.295	-13.109
29.977	59.772	-12.78
18.708	69.338	-2.625
20.55	69.208	-5.333
18.723	70.571	-8.522
18.686	70.555	-9.254
18.911	70.216	-9.864
17.493	70.206	-8.523
16.426	65.775	-15.989
16.881	65.52	-16.063
21.952	68.943	-5.482
22.165	68.346	-5.724
22.227	67.87	-6.204
20.211	70.181	-20.795
24.703	71.394	-24.957
24.609	70.628	-24.033
22.216	66.475	-19.149
22.184	66.252	-19.125
28.201	67.357	-22.883
33.482	57.347	-21.357
33.841	57.325	-20.923
26.148	56.421	-15.335
24.201	52.097	-18.954
22.565	53.038	-16.296
24.229	52.221	-18.331
24.183	52.149	-18.924
29.222	48.091	-19.679
29.61	47.506	-19.753
29.682	46.819	-19.902
29.771	47.382	-20.203
29.989	47.775	-20.678
30.139	47.024	-20.887
34.593	51.269	-25.293
34.735	51.372	-25.896
34.892	51.21	-26.481
29.197	48.403	-16.405
22.205	67.756	-7.445
22.282	67.905	-6.208
22.19	68.462	-5.682
22.018	69.196	-5.521
21.776	70.018	-5.865
21.806	69.906	-5.773
22.248	67.675	-6.98
15.306	73.501	-6.838
17.029	75.989	-8.446
16.686	71.97	-6.151
15.926	70.872	-9.289
19.371	72.818	-3.332
18.884	72.661	-3.634
18.884	73.278	-3.634
19.193	69.6	-2.055
18.868	69.736	-2.608
19.584	68.356	-2.744
19.259	69.13	-3.241
19.259	68.962	-2.667
19.259	68.51	-2.276
18.772	69.455	-3.241
20.958	69.323	-5.316
20.081	72.058	-6.854
20.081	71.467	-6.769
19.038	70.592	-7.984
18.769	69.684	-10.245
18.195	69.974	-9.943
18.195	70.359	-9.461
17.352	70.815	-8.244
16.866	70.231	-9.022
17.99	67.372	-11.594
17.99	67.946	-11.479
17.99	68.433	-11.154
17.416	68.236	-11.177
17.08	73.293	-14.938
17.036	72.801	-13.219
20.117	66.781	-11.055
20.117	67.372	-10.97
19.63	66.623	-11.356
19.63	67.24	-11.356
19.63	67.796	-11.088
15.577	67.715	-14.741
15.751	67.806	-13.81
15.637	68.38	-13.81
15.311	68.698	-14.383
14.726	69.285	-13.723
15.96	72.085	-22.189
18.678	72.316	-16.945
18.678	72.453	-17.547
18.678	72.838	-18.029
18.192	72.684	-17.244
18.192	73.007	-17.747
17.866	73.128	-16.945
20.319	64.592	-9.774
19.832	64.423	-10.055
18.827	64.739	-15.307
17.395	65.411	-15.955
17.395	64.889	-17.039
17.395	65.273	-16.556
16.821	65.086	-17.016
19.181	73.733	-21.108
19.811	71.219	-20.062
19.799	71.401	-18.084
20.789	71.008	-16.877
23.001	68.876	-5.443
22.02	73.84	-4.465
21.534	73.998	-4.766
21.069	73.163	-5.737
20.744	73.571	-6.042
20.872	73.968	-2.639
20.872	74.511	-2.887
20.385	74.354	-3.188
21.016	63.716	-8.083
21.016	64.29	-8.083
20.691	63.308	-8.387
20.691	63.852	-8.636
19.286	61.842	-13.1
19.456	64.818	-16.543
19.456	64.703	-17.117
15.24	67.852	-19.759
15.656	68.453	-20.487
18.785	66.443	-23.236
19.458	66.922	-25.256
20.441	69.793	-20.662
20.441	70.116	-21.165
21.667	68.46	-18.709
21.648	69.665	-17.212
21.815	68.713	-14.433
21.815	68.426	-13.936
21.815	67.852	-13.936
21.815	67.852	-14.93
21.815	68.426	-14.93
21.701	68.139	-14.433
23.583	63.177	-11.71
23.583	62.585	-11.625
23.258	63.023	-12.178
25.026	65.037	-7.488
26.094	64.359	-6.358
26.094	64.036	-6.861
26.374	70.817	-2.438
22.19	63.901	-5.008
22.017	64.794	-5.744
24.955	62.424	-10.481
29.153	63.84	-5.204
27.357	66.372	-4.811
29.479	66.453	-2.16
25.959	72.069	-1.773
26.102	71.558	0.527
26.102	72.113	0.795
24.961	70.672	0.367
24.961	71.246	0.252
24.764	66.76	-0.922
23.436	67.047	-1.378
24.795	65.443	-1.058
24.308	65.286	-1.36
26.225	63.029	-1.572
26.225	63.585	-1.305
25.651	63.295	-1.607
24.885	59.362	-8.827
30.343	63.007	-4.654
27.677	63.281	-0.808
27.141	70.34	0.851
27.141	70.957	0.851
26.019	60.922	-4.952
24.475	61.141	-5.453
27.326	61.021	-6.215
27.326	60.907	-6.789
21.842	66.223	-18.233
21.842	65.936	-18.73
20.689	64.24	-21.572
20.435	63.069	-25.311
24.509	71.43	-25.246
24.022	71.798	-24.948
24.935	71.039	-24.884
25.486	70.39	-24.202
24.914	69.881	-23.975
24.34	69.128	-23.684
24.34	69.615	-24.01
24.34	70.189	-24.124
23.766	69.325	-23.707
23.766	69.881	-23.975
23.766	70.497	-23.975
22.374	69.247	-22.926
22.374	69.802	-23.194
22.374	70.419	-23.194
21.888	69.416	-22.644
21.888	69.96	-22.892
21.734	70.722	-22.628
22.078	66.72	-19.293
24.453	65.279	-21.525
24.16	63.045	-21.734
24.792	71.17	-26.522
24.218	71.421	-25.921
27.029	69.575	-27.397
29.538	67.984	-23.883
28.964	68.098	-23.883
28.902	67.767	-22.791
27.411	66.532	-23.632
27.411	67.149	-23.632
25.961	65.98	-23.355
25.961	66.536	-23.623
25.961	67.153	-23.623
25.474	66.693	-23.322
25.474	67.285	-23.236
28.042	63.792	-22.0
28.052	62.439	-21.737
28.052	62.995	-22.005
27.478	62.729	-22.04
25.101	61.778	-22.149
23.574	59.933	-24.328
23.834	60.623	-26.463
22.987	64.914	-27.456
24.121	65.966	-27.501
24.121	65.349	-27.501
23.547	66.231	-27.466
27.896	65.423	-28.295
30.034	64.006	-18.748
28.942	62.557	-21.054
29.234	60.376	-18.822
29.229	59.651	-18.829
28.904	59.244	-19.134
29.269	60.15	-17.46
28.944	59.712	-16.908
29.266	59.243	-17.983
28.941	58.8	-17.684
26.548	55.301	-20.284
26.548	55.588	-20.781
28.375	57.702	-25.547
29.764	59.554	-25.35
28.66	62.546	-26.074
28.054	62.667	-26.542
28.054	62.076	-26.457
32.123	59.702	-22.219
32.123	59.11	-22.134
31.798	59.548	-22.687
31.798	58.974	-22.687
33.244	57.186	-21.555
33.244	56.802	-22.037
32.758	57.899	-21.588
32.758	57.356	-21.837
32.758	57.032	-22.339
33.666	57.198	-21.191
31.297	57.727	-14.267
26.841	56.592	-14.427
26.354	56.038	-14.226
26.524	56.263	-15.463
27.891	56.781	-17.441
27.777	57.068	-16.944
27.777	56.494	-16.944
27.777	56.207	-17.441
26.547	55.256	-16.275
24.616	51.948	-19.179
24.042	51.752	-19.202
28.509	52.975	-22.193
28.472	54.216	-22.671
28.472	53.73	-22.346
31.735	58.581	-23.593
31.621	59.155	-23.593
33.387	56.429	-24.147
36.994	53.725	-20.923
36.994	54.11	-21.405
36.507	54.279	-21.123
36.162	54.409	-20.279
33.904	57.25	-18.951
33.904	57.824	-18.951
22.612	52.859	-15.873
22.126	52.628	-16.176
22.324	52.661	-16.805
24.979	53.406	-17.527
24.654	53.542	-16.974
24.654	52.999	-17.223
24.168	53.385	-16.673
24.168	52.829	-16.941
24.168	52.445	-17.423
23.486	51.962	-18.728
22.912	52.076	-18.728
30.542	49.253	-22.252
30.479	51.858	-22.849
31.044	52.642	-23.287
30.379	54.518	-23.966
33.923	52.181	-25.81
33.923	52.012	-25.236
39.409	52.698	-22.919
33.45	55.783	-17.873
32.963	55.941	-17.571
32.963	56.532	-17.486
32.638	55.805	-17.019
32.638	56.379	-17.019
32.524	56.092	-16.522
32.32	54.585	-16.753
26.28	52.818	-12.55
29.762	46.239	-20.948
35.165	54.202	-27.68
35.409	54.911	-26.924
39.095	51.436	-18.164
34.978	50.503	-17.19
34.404	49.751	-16.9
34.404	50.237	-17.225
32.901	49.559	-16.896
32.901	50.045	-17.222
31.942	51.788	-17.188
31.456	51.92	-16.802
32.823	52.995	-17.693
32.823	53.612	-17.693
32.336	53.153	-17.392
25.331	51.184	-13.015
30.025	47.38	-17.458
29.699	47.698	-18.031
29.974	45.221	-18.477
33.285	46.298	-22.184
35.904	49.033	-21.099
36.658	49.895	-22.761
37.437	50.547	-26.628
36.951	50.575	-27.138
36.397	50.478	-25.753
36.072	50.965	-25.753
36.072	50.796	-25.18
36.072	50.796	-26.327
35.585	51.29	-25.753
35.585	51.153	-25.152
35.585	50.768	-24.67
35.585	50.768	-26.837
35.585	51.153	-26.354
35.011	51.404	-25.753
35.011	51.29	-25.179
35.011	50.965	-24.693
38.41	49.89	-16.678
31.917	48.417	-15.975
32.26	44.776	-15.769
32.26	45.367	-15.683
31.227	43.917	-16.125
31.227	44.473	-16.393
31.227	45.09	-16.393
30.653	44.208	-16.428
33.429	41.996	-18.973
34.715	42.994	-18.991
35.4	44.762	-18.759
34.914	45.511	-19.145
34.914	44.919	-19.06
34.588	44.783	-19.613
36.695	46.062	-18.392
36.121	46.352	-18.695
36.121	45.796	-18.427
28.87	51.168	-15.232
12.408	79.127	-6.107
12.408	78.992	-5.515
11.847	78.857	-6.107
11.847	78.683	-5.515
11.847	78.217	-5.111
11.847	77.606	-5.024
11.847	77.606	-7.19
11.847	78.217	-7.103
11.847	78.683	-6.699
11.459	78.369	-6.107
11.459	78.066	-5.581
11.459	77.458	-5.581
11.459	77.155	-6.107
11.459	77.458	-6.633
11.459	78.066	-6.633
11.32	77.762	-6.107
14.734	80.074	-6.841
14.734	79.556	-7.829
14.734	79.937	-7.399
14.134	79.913	-6.841
14.134	79.306	-7.786
14.134	79.748	-7.403
13.898	78.556	-4.543
13.898	78.04	-4.245
13.28	78.349	-4.515
13.28	77.776	-4.263
14.255	76.739	-3.788
14.255	76.157	-3.656
13.637	76.475	-3.806
13.637	75.851	-3.754
13.637	75.244	-3.908
13.637	74.72	-4.251
13.637	74.335	-4.745
13.637	74.132	-5.337
13.079	76.008	-4.032
13.079	75.389	-4.155
13.079	74.864	-4.506
13.079	74.513	-5.031
13.079	74.39	-5.65
12.637	76.008	-4.474
12.637	75.42	-4.632
12.637	74.99	-5.062
12.637	74.832	-5.65
12.637	74.99	-6.238
12.353	75.39	-5.65
13.28	77.152	-8.003
13.28	77.776	-7.951
12.722	76.69	-7.602
13.709	73.253	-8.639
13.709	74.164	-9.165
13.57	73.86	-8.639
16.252	77.853	-8.609
18.375	79.071	-7.045
18.375	78.768	-7.571
17.987	79.559	-7.045
17.987	79.385	-6.453
17.987	78.919	-8.041
17.987	79.385	-7.637
17.426	79.829	-7.045
17.426	79.694	-6.453
17.426	78.768	-8.376
17.426	79.315	-8.112
17.426	79.694	-7.637
16.87	79.205	-5.447
16.87	78.744	-5.023
16.87	78.171	-4.771
16.252	79.356	-5.488
16.252	78.951	-5.051
16.252	78.435	-4.753
16.495	75.234	-11.599
15.934	75.678	-11.007
15.934	75.543	-11.599
15.31	75.678	-11.007
15.31	75.543	-11.599
14.749	75.408	-11.007
14.749	75.234	-11.599
14.361	74.92	-11.007
19.552	76.567	-7.262
19.532	77.369	-6.173
19.093	77.643	-5.611
18.271	76.247	-3.569
17.118	71.495	-3.265
17.118	70.948	-3.001
17.118	70.34	-3.001
17.118	69.414	-3.74
17.118	69.279	-4.332
16.557	71.099	-3.336
16.557	70.488	-3.249
16.557	69.927	-3.505
16.557	69.594	-4.024
16.557	69.594	-4.64
16.557	69.927	-5.159
16.169	70.948	-3.806
16.169	70.34	-3.806
16.169	70.037	-4.332
16.169	70.34	-4.858
16.03	70.644	-4.332
19.669	69.942	-7.235
19.108	69.429	-7.0
18.484	69.294	-6.408
18.484	69.429	-7.0
17.923	69.609	-6.716
16.438	68.697	-9.475
16.438	68.318	-9.95
15.814	69.244	-9.211
15.814	68.697	-9.475
15.253	69.392	-9.459
14.454	68.873	-10.428
14.454	68.573	-10.948
12.784	73.501	-13.505
12.784	72.325	-12.329
12.5	72.943	-13.505
12.5	72.634	-12.97
12.5	72.016	-12.97
12.402	72.325	-13.505
14.546	76.058	-15.598
14.546	75.923	-15.006
14.546	75.923	-16.19
13.922	76.058	-15.598
13.922	75.923	-15.006
13.922	75.544	-14.531
13.922	75.544	-16.665
13.922	75.923	-16.19
13.361	75.788	-15.598
13.361	75.614	-15.006
13.361	75.148	-16.594
13.361	75.614	-16.19
12.973	75.3	-15.598
12.973	74.997	-15.072
12.973	74.389	-16.124
12.973	74.997	-16.124
12.834	74.693	-15.598
18.24	74.081	-10.35
19.762	74.552	-8.713
19.928	76.405	-4.093
20.291	72.038	-0.357
19.849	72.007	-0.834
19.407	70.626	-0.835
20.202	66.754	-0.295
19.578	67.133	0.18
19.578	66.754	-0.295
19.017	68.439	0.109
19.017	67.828	0.196
19.017	67.267	-0.06
19.017	66.934	-0.579
19.017	66.934	-1.195
18.629	68.591	-0.887
18.629	68.288	-0.361
18.629	67.68	-0.361
18.629	67.377	-0.887
18.629	67.68	-1.413
18.49	67.984	-0.887
20.038	66.527	-3.697
20.038	66.957	-4.127
19.754	67.236	-3.644
22.182	70.885	-6.193
22.348	72.46	-5.476
19.531	72.983	-9.35
15.675	65.869	-11.702
15.236	65.717	-12.211
15.236	65.417	-12.731
15.075	66.017	-12.731
15.665	65.514	-14.021
13.118	70.4	-11.812
13.118	70.1	-12.332
12.639	70.514	-15.613
14.73	72.956	-21.221
14.172	73.534	-19.629
14.172	72.535	-21.124
14.172	73.06	-20.773
14.172	73.411	-20.248
13.73	73.092	-19.629
13.73	71.916	-20.805
13.73	72.504	-20.647
13.73	72.934	-20.217
13.446	72.225	-20.164
17.66	74.467	-16.451
17.272	74.955	-16.451
17.272	74.781	-15.859
16.711	75.225	-16.451
22.624	68.273	-8.421
21.479	68.057	-8.427
21.027	67.631	-8.435
17.85	65.251	-10.706
17.485	64.24	-14.465
15.901	64.349	-17.384
15.901	64.082	-17.893
15.301	64.566	-17.395
15.301	64.25	-17.887
13.277	69.079	-15.09
13.277	68.746	-15.609
12.889	69.189	-15.917
12.889	69.492	-16.443
12.759	70.921	-18.607
13.752	69.792	-19.714
15.085	69.112	-22.607
14.697	69.555	-22.299
15.425	70.181	-24.149
15.425	70.761	-24.065
15.425	71.203	-23.682
14.986	70.629	-23.64
18.324	75.671	-20.637
18.324	75.497	-20.045
18.324	75.497	-21.229
17.763	75.941	-20.637
17.763	75.806	-20.045
17.763	75.427	-21.704
17.763	75.806	-21.229
17.139	75.941	-20.637
17.139	75.806	-20.045
17.139	74.88	-21.968
17.139	75.427	-21.704
17.139	75.806	-21.229
16.578	75.671	-20.637
16.578	75.497	-20.045
16.578	75.031	-21.633
16.578	75.497	-21.229
20.323	72.822	-19.689
20.184	73.429	-19.689
20.184	73.126	-19.163
19.796	73.917	-19.689
19.796	73.743	-19.097
21.307	72.458	-14.745
21.307	72.355	-14.127
21.307	72.057	-13.577
20.689	72.556	-14.745
20.689	72.467	-14.155
20.689	72.208	-13.618
23.546	68.346	-11.3
23.546	68.172	-11.891
24.399	66.994	-10.327
24.115	67.552	-10.327
20.679	66.144	-7.484
20.679	65.526	-7.484
20.581	65.835	-8.019
18.22	62.604	-8.595
15.664	61.282	-10.568
15.664	60.068	-10.568
15.664	60.371	-11.094
15.664	60.979	-11.094
15.525	60.675	-10.568
17.49	60.907	-13.104
19.839	62.954	-14.327
18.068	63.822	-17.861
15.642	64.145	-19.153
15.087	64.351	-19.151
15.087	64.6	-19.71
14.635	64.743	-19.153
16.327	66.224	-21.679
16.782	67.595	-23.933
17.414	71.88	-24.837
17.414	72.322	-24.454
19.314	73.554	-24.02
23.161	70.776	-15.305
23.022	71.383	-15.305
23.022	71.08	-14.779
23.022	70.169	-15.305
23.022	70.472	-15.831
23.022	71.08	-15.831
22.634	71.871	-15.305
22.634	71.231	-16.301
22.634	71.697	-15.897
22.073	71.627	-16.372
22.073	72.006	-15.897
24.882	65.693	-10.672
24.882	65.384	-11.207
24.598	64.487	-11.69
24.598	65.075	-11.848
24.598	65.663	-11.69
25.746	66.509	-6.672
25.395	69.093	-6.117
27.761	70.382	-3.943
27.143	70.235	-4.452
27.143	70.494	-3.915
24.43	74.824	-4.064
23.872	74.667	-4.342
23.872	75.291	-4.29
23.254	74.973	-4.44
23.254	75.555	-4.308
22.078	75.443	-0.951
21.636	75.842	-1.858
21.636	75.412	-1.428
20.584	73.524	-7.839
22.655	68.734	1.531
22.655	68.173	1.275
22.094	69.194	1.779
22.094	68.586	1.779
22.094	68.039	1.515
22.094	67.66	1.04
21.47	69.194	1.779
21.47	68.586	1.779
21.47	68.039	1.515
20.909	69.345	1.444
20.909	68.734	1.531
18.935	60.645	-7.475
16.34	61.253	-8.796
16.34	60.673	-8.712
16.34	60.14	-8.956
15.901	61.121	-9.221
15.901	60.521	-9.221
17.065	57.973	-9.791
17.065	57.657	-10.283
16.626	58.054	-10.576
18.793	57.176	-10.74
18.793	57.311	-11.332
18.793	57.69	-11.807
18.169	57.176	-10.74
18.169	57.311	-11.332
18.169	57.69	-11.807
19.772	58.525	-12.131
21.622	61.287	-13.13
23.106	63.088	-13.139
22.811	63.223	-13.717
22.359	62.643	-13.91
21.804	62.37	-13.971
22.538	65.472	-15.091
22.15	65.059	-15.392
21.267	64.098	-18.279
20.706	63.918	-17.995
20.706	63.783	-18.587
19.511	63.755	-19.479
17.913	63.882	-19.11
17.114	64.311	-20.247
17.114	64.647	-20.739
16.496	64.825	-20.778
14.174	65.827	-19.685
14.174	66.427	-19.685
14.013	66.127	-19.165
19.395	65.197	-26.457
19.007	64.746	-25.374
19.007	65.049	-25.9
19.007	65.657	-25.9
18.868	65.353	-25.374
19.83	69.244	-27.988
19.269	69.392	-27.74
18.881	69.244	-27.183
18.881	69.852	-27.183
20.262	71.051	-27.775
19.662	70.801	-27.732
19.662	71.243	-27.349
23.106	74.145	-25.77
23.106	73.842	-26.296
22.718	74.633	-25.77
22.718	74.459	-25.178
22.718	73.993	-26.766
22.718	74.459	-26.362
22.157	74.903	-25.77
22.157	74.768	-25.178
22.157	73.842	-27.101
22.157	74.389	-26.837
22.157	74.768	-26.362
21.533	74.903	-25.77
21.533	74.768	-25.178
21.533	73.842	-27.101
21.533	74.389	-26.837
21.533	74.768	-26.362
20.972	74.633	-25.77
20.972	73.993	-26.766
20.972	74.459	-26.362
23.884	72.786	-23.849
23.884	72.483	-23.323
23.496	73.1	-23.257
23.496	72.634	-22.853
23.496	72.023	-22.766
22.935	73.409	-23.257
22.935	73.03	-22.782
22.935	72.483	-22.518
22.949	67.936	-17.309
22.788	68.236	-17.829
22.432	66.556	-17.121
25.251	60.079	-11.637
24.863	59.666	-11.938
24.863	60.227	-12.194
24.863	60.838	-12.107
24.302	60.079	-12.442
24.302	60.687	-12.442
23.678	60.079	-12.442
26.878	63.849	-8.501
28.951	68.045	-4.919
28.951	68.653	-4.919
28.563	67.632	-5.22
28.563	68.193	-5.476
28.563	68.804	-5.389
28.002	68.045	-5.724
28.002	68.653	-5.724
28.002	69.2	-5.46
29.911	69.024	-2.309
29.75	69.624	-2.309
29.75	68.724	-2.829
29.75	69.324	-2.829
25.964	75.672	-2.867
24.629	76.434	-3.545
24.074	76.725	-3.644
24.074	77.216	-3.273
23.484	77.216	-3.273
23.484	77.54	-2.75
22.929	77.451	-2.145
22.929	77.324	-1.546
22.929	77.324	-2.744
22.477	77.072	-2.145
22.477	76.898	-1.554
21.841	72.627	0.754
23.608	63.046	-0.461
23.608	62.499	-0.725
23.608	62.12	-1.2
22.984	64.201	-0.725
22.984	63.654	-0.461
22.984	63.046	-0.461
22.984	62.499	-0.725
22.984	62.12	-1.2
22.423	63.805	-0.796
22.423	63.194	-0.709
22.423	62.633	-0.965
22.423	62.3	-1.484
22.035	63.654	-1.266
22.035	63.046	-1.266
21.896	63.35	-1.792
23.418	61.316	-3.559
22.794	61.316	-3.559
21.498	60.85	-5.684
20.899	58.594	-7.286
20.281	58.83	-7.276
18.341	59.706	-7.611
18.341	59.173	-7.855
20.805	57.763	-7.973
20.805	57.496	-8.482
24.998	57.828	-9.577
24.998	57.525	-10.103
24.998	57.828	-10.629
24.61	57.415	-9.276
24.61	57.082	-9.795
24.61	57.082	-10.411
24.61	57.415	-10.93
24.049	57.281	-9.036
24.049	56.902	-9.511
24.049	56.767	-10.103
24.049	56.902	-10.695
24.049	57.281	-11.17
23.425	56.902	-9.511
23.425	56.767	-10.103
23.425	56.902	-10.695
23.425	57.281	-11.17
22.864	57.082	-10.411
22.864	57.415	-10.93
30.402	61.804	-10.173
30.402	62.412	-10.173
30.014	63.203	-9.647
30.014	62.563	-10.643
30.014	63.029	-10.239
29.453	63.473	-9.647
29.453	62.412	-10.978
29.453	62.959	-10.714
29.453	63.338	-10.239
28.829	62.412	-10.978
28.829	62.959	-10.714
28.829	63.338	-10.239
31.319	61.976	-7.252
31.18	62.583	-7.252
31.18	62.28	-6.726
31.18	61.672	-6.726
31.18	61.369	-7.252
31.18	61.672	-7.778
31.18	62.28	-7.778
30.792	63.071	-7.252
30.792	60.926	-6.944
30.231	63.341	-7.252
29.611	65.048	-4.529
31.221	65.856	-0.663
30.779	66.175	-1.282
29.603	63.214	0.697
29.468	69.592	-0.043
29.329	70.199	-0.043
29.329	69.896	0.483
28.941	70.047	0.953
29.056	73.293	1.18
29.056	73.583	0.676
28.761	73.158	2.006
27.754	73.416	2.79
27.164	74.028	2.847
27.164	73.416	2.79
26.609	73.72	2.644
26.609	73.138	2.455
28.173	74.415	-0.806
27.731	73.796	-1.125
27.731	74.415	-1.248
27.332	76.505	-1.736
27.332	77.093	-1.578
26.89	76.505	-2.178
26.89	77.124	-2.055
26.692	78.814	-0.603
26.692	78.64	-0.011
26.692	78.64	-1.195
26.131	79.084	-0.603
26.131	78.949	-0.011
26.131	78.57	0.464
26.131	78.57	-1.67
26.131	78.949	-1.195
25.507	79.084	-0.603
25.507	78.949	-0.011
25.507	78.57	0.464
25.507	78.57	-1.67
25.507	78.949	-1.195
24.946	78.814	-0.603
24.946	78.64	-0.011
25.096	77.545	1.032
25.096	76.972	1.284
24.538	77.124	0.935
24.538	76.505	1.058
25.379	75.034	1.865
25.379	74.415	1.988
25.379	73.796	1.865
26.539	67.481	2.848
26.1	67.349	2.423
25.567	65.437	0.613
30.246	60.609	-8.83
29.767	60.052	-8.251
29.767	60.171	-8.848
29.18	59.945	-7.645
29.18	59.838	-8.251
29.18	59.945	-8.857
28.554	59.945	-7.645
28.554	59.838	-8.251
28.554	59.945	-8.857
30.288	60.518	-4.48
31.466	61.947	-3.574
31.327	61.643	-3.048
31.327	61.34	-3.574
31.327	61.643	-4.1
31.327	62.251	-4.1
30.939	60.897	-3.266
30.882	64.66	-3.764
32.075	64.096	-0.801
31.936	64.703	-0.801
31.936	64.4	-0.275
31.936	63.792	-0.275
31.936	63.489	-0.801
31.936	63.792	-1.327
31.936	64.4	-1.327
31.548	63.379	0.026
31.548	63.046	-0.493
27.513	64.323	1.56
30.611	66.242	1.091
30.611	65.777	1.494
30.611	65.167	1.582
30.159	64.587	1.775
29.604	64.314	1.836
29.495	66.905	2.957
29.056	67.037	3.382
29.056	66.457	3.466
29.056	65.924	3.222
28.456	66.75	3.628
28.456	66.179	3.559
27.584	65.615	3.136
27.029	66.47	3.264
27.029	65.888	3.075
27.029	65.433	2.665
26.577	65.908	2.626
28.211	76.809	0.675
27.772	77.083	1.237
27.172	76.891	1.663
29.063	74.976	1.591
29.063	74.676	2.111
28.624	74.808	2.536
28.024	75.058	2.579
28.497	59.506	-2.155
28.497	59.19	-2.647
28.497	59.19	-3.233
27.897	59.761	-1.818
27.897	59.289	-2.144
27.897	59.022	-2.653
27.897	59.022	-3.227
27.297	59.506	-2.155
27.297	59.19	-2.647
24.217	65.43	-20.362
23.778	65.562	-19.937
23.778	64.982	-19.853
20.101	64.042	-23.119
21.096	61.275	-24.362
20.657	61.972	-24.135
20.384	61.677	-26.987
19.945	62.074	-26.694
19.945	62.374	-27.214
19.784	62.674	-26.694
22.035	61.591	-27.805
21.445	61.368	-27.232
21.445	61.591	-27.805
21.445	62.005	-28.26
20.89	62.278	-28.199
23.022	68.065	-28.923
23.022	68.62	-29.141
22.404	68.301	-28.933
22.685	69.558	-29.222
22.685	70.095	-29.019
22.085	69.845	-28.976
28.047	71.222	-26.063
28.047	70.919	-26.589
27.659	71.71	-26.063
27.659	71.536	-25.471
27.659	71.07	-27.059
27.659	71.536	-26.655
27.098	71.98	-26.063
27.098	71.845	-25.471
27.098	71.466	-27.13
27.098	71.845	-26.655
26.474	71.98	-26.063
26.474	71.845	-25.471
26.474	71.845	-26.655
27.533	70.074	-23.43
27.533	69.608	-23.026
26.972	70.383	-23.43
26.972	70.004	-22.955
26.972	69.457	-22.691
26.348	70.004	-22.955
26.348	69.457	-22.691
24.329	67.482	-21.317
26.051	63.519	-21.683
23.355	61.833	-21.33
22.731	61.286	-21.594
22.17	61.42	-21.834
22.17	61.087	-22.353
24.799	59.669	-27.937
24.799	60.202	-28.181
22.454	63.158	-28.754
21.854	62.88	-28.847
21.854	63.451	-28.916
21.854	63.988	-28.713
21.254	63.158	-28.754
21.254	63.738	-28.67
26.74	66.203	-29.461
26.116	66.203	-29.461
25.555	66.351	-29.213
25.712	69.816	-28.703
25.154	69.664	-29.052
25.154	70.237	-28.8
24.536	69.346	-29.202
24.536	69.928	-29.07
24.536	70.444	-28.772
24.789	71.178	-27.953
32.181	67.282	-22.463
32.042	67.889	-22.463
32.042	67.586	-21.937
32.042	67.586	-22.989
31.654	68.377	-22.463
31.654	68.203	-21.871
31.654	67.737	-21.467
31.654	68.203	-23.055
31.093	68.647	-22.463
31.093	68.512	-21.871
31.093	68.133	-21.396
31.093	67.586	-21.132
31.093	68.512	-23.055
30.469	68.647	-22.463
30.469	68.512	-21.871
30.469	68.133	-21.396
29.06	66.394	-20.319
28.499	66.464	-20.794
28.499	65.998	-20.39
28.499	65.387	-20.303
28.111	65.847	-20.86
26.504	60.681	-20.568
26.504	60.151	-20.262
26.504	59.542	-20.198
26.052	60.15	-20.668
24.35	58.661	-21.537
24.35	58.114	-21.801
23.789	58.809	-21.785
23.789	58.248	-22.041
23.789	57.915	-22.56
23.789	57.915	-23.176
23.401	58.661	-22.342
23.401	58.358	-22.868
24.136	58.608	-25.479
27.026	59.367	-27.712
26.471	59.135	-27.728
26.471	59.549	-28.183
25.881	60.712	-28.514
24.2	63.155	-28.026
26.571	63.713	-28.536
27.941	64.047	-28.118
29.812	64.939	-27.431
29.254	65.319	-28.029
29.668	66.236	-28.131
29.668	66.816	-28.047
27.346	67.715	-29.118
31.666	66.244	-25.202
31.568	66.862	-25.202
31.568	66.553	-25.737
31.284	66.244	-26.378
31.284	66.832	-26.22
30.646	68.174	-25.245
33.071	64.248	-20.663
32.629	64.69	-20.663
32.629	64.567	-20.044
32.525	64.366	-17.803
32.525	64.063	-17.277
32.137	64.854	-17.803
32.137	64.68	-17.211
32.137	64.214	-16.807
31.576	65.124	-17.803
31.576	64.989	-17.211
31.576	64.61	-16.736
31.576	64.063	-16.472
30.952	65.124	-17.803
30.952	64.989	-17.211
30.952	64.61	-16.736
30.952	64.063	-16.472
30.391	64.68	-17.211
30.391	64.214	-16.807
30.003	64.366	-17.803
29.214	62.561	-16.737
29.214	62.095	-16.333
28.826	62.247	-17.329
28.826	61.944	-16.803
28.687	61.64	-17.329
26.682	56.844	-19.521
25.934	55.281	-23.496
25.546	55.694	-22.143
25.546	55.391	-22.669
25.546	55.694	-23.195
27.803	60.606	-27.889
27.803	61.206	-27.889
27.364	60.758	-28.398
27.364	61.338	-28.314
32.399	62.447	-25.53
32.011	62.034	-25.831
32.011	62.595	-26.087
31.45	61.9	-26.071
31.45	62.447	-26.335
30.826	62.447	-26.335
32.36	63.87	-25.544
33.537	62.785	-22.408
33.376	62.485	-22.928
33.376	63.085	-22.928
34.008	59.481	-21.392
33.562	63.006	-20.331
33.401	63.306	-19.811
30.413	60.266	-13.447
30.413	59.8	-13.043
30.413	59.189	-12.956
29.852	59.041	-12.708
29.228	59.041	-12.708
28.667	60.44	-14.039
28.667	59.189	-12.956
26.859	59.505	-15.452
26.859	59.331	-14.86
26.859	58.865	-14.456
26.859	58.865	-16.448
26.859	59.331	-16.044
26.471	59.017	-15.452
26.471	58.714	-14.926
26.471	58.714	-15.978
26.332	58.41	-15.452
25.483	54.458	-19.27
28.358	55.592	-25.212
27.758	55.809	-25.201
27.758	56.342	-25.445
30.125	56.671	-26.678
30.125	57.242	-26.747
29.525	56.949	-26.585
34.893	59.197	-19.862
34.732	59.497	-19.342
34.732	58.897	-20.382
33.071	59.465	-15.269
33.071	58.877	-15.111
32.629	59.496	-14.792
31.907	56.082	-13.813
24.035	55.989	-15.383
24.035	55.475	-16.45
24.035	55.854	-15.975
23.474	55.719	-15.383
23.474	55.079	-16.379
23.474	55.545	-15.975
23.086	55.231	-15.383
23.086	54.928	-15.909
22.199	49.886	-19.911
22.199	50.265	-20.386
22.199	50.812	-20.65
22.199	51.42	-20.65
22.199	51.967	-20.386
22.199	52.346	-19.911
21.575	50.265	-20.386
21.575	50.812	-20.65
21.575	51.42	-20.65
21.575	51.967	-20.386
21.575	52.346	-19.911
21.014	50.399	-20.146
21.014	50.96	-20.402
21.014	51.571	-20.315
21.014	52.037	-19.911
20.626	51.42	-19.845
26.26	49.137	-20.57
26.26	49.551	-21.025
25.705	49.824	-20.964
25.705	50.406	-21.153
27.734	50.227	-22.622
27.734	50.76	-22.866
28.783	49.371	-22.302
28.783	49.785	-22.757
31.613	53.023	-25.317
31.613	53.478	-25.727
31.161	53.498	-25.278
31.161	54.058	-25.534
33.64	55.681	-26.559
32.464	54.434	-26.613
32.419	58.154	-24.895
36.697	56.759	-24.924
36.079	56.871	-24.896
35.461	56.759	-24.924
36.254	57.044	-23.948
36.254	56.907	-23.39
39.054	54.962	-22.147
38.493	55.358	-22.076
36.114	55.43	-19.205
35.675	55.704	-18.643
35.675	55.262	-18.26
34.123	59.307	-16.922
32.769	55.647	-15.443
32.63	55.343	-14.917
32.242	54.93	-14.616
30.241	54.981	-12.452
30.241	54.401	-12.368
28.266	54.174	-11.575
28.266	53.567	-11.729
27.648	53.886	-11.521
27.03	53.567	-11.729
27.519	55.672	-11.783
25.016	55.883	-12.284
25.016	55.504	-11.809
25.016	54.957	-11.545
25.016	54.349	-11.545
24.392	56.018	-12.876
24.392	55.883	-12.284
24.392	55.504	-11.809
24.392	54.957	-11.545
24.392	54.349	-11.545
24.392	53.802	-11.809
23.831	55.748	-12.876
23.831	55.574	-12.284
23.831	55.108	-11.88
23.831	54.497	-11.793
23.831	53.936	-12.049
23.443	55.26	-12.876
23.443	54.957	-12.35
23.443	54.349	-12.35
23.304	54.653	-12.876
21.908	52.233	-14.541
21.908	51.791	-14.158
20.916	53.08	-17.26
20.292	53.08	-17.26
20.292	52.945	-16.668
20.292	52.566	-16.193
20.292	52.945	-17.852
19.731	52.81	-17.26
19.731	52.636	-16.668
19.731	52.17	-16.264
19.731	51.559	-16.177
19.731	50.998	-16.433
19.731	52.17	-18.256
19.731	52.636	-17.852
19.343	52.322	-17.26
19.343	52.019	-16.734
19.343	51.411	-16.734
19.343	51.108	-17.26
19.343	51.411	-17.786
19.343	52.019	-17.786
19.204	51.715	-17.26
21.969	49.187	-18.478
21.343	49.08	-17.872
21.343	49.187	-18.478
20.756	49.413	-17.275
20.756	49.294	-17.872
20.756	49.413	-18.469
20.277	49.696	-17.872
20.277	49.851	-18.451
25.903	48.407	-18.859
25.903	48.583	-19.429
25.285	48.509	-18.874
25.285	48.712	-19.466
24.727	48.767	-18.561
24.727	48.89	-19.18
24.727	49.241	-19.705
31.415	49.724	-23.668
31.415	50.271	-23.932
34.039	49.255	-23.382
34.039	49.591	-23.874
33.417	51.064	-27.732
33.417	50.909	-28.311
33.417	51.064	-28.89
33.417	51.487	-29.313
33.105	51.758	-27.778
33.105	51.45	-28.311
33.105	51.758	-28.844
33.105	52.374	-28.844
32.996	52.066	-28.311
38.0	55.394	-27.119
38.0	55.692	-26.569
39.718	54.995	-23.738
39.557	55.595	-23.738
39.118	56.034	-23.738
39.118	55.869	-24.3
40.83	51.787	-21.528
40.861	50.412	-20.817
40.861	50.103	-21.352
38.594	52.382	-17.123
38.155	53.121	-17.643
38.155	52.956	-17.081
37.555	53.145	-17.085
31.053	52.778	-15.074
30.611	53.489	-13.529
28.257	50.461	-13.418
27.869	50.048	-13.117
27.308	49.914	-12.877
27.308	49.535	-13.352
26.684	49.914	-12.877
26.764	50.938	-12.281
22.32	50.506	-13.728
21.762	50.663	-14.006
21.762	50.044	-14.129
21.32	50.663	-14.448
21.32	50.075	-14.606
21.807	48.861	-15.222
24.729	48.128	-15.977
26.407	48.422	-14.729
26.407	47.91	-16.387
30.256	46.267	-23.082
32.326	44.908	-24.743
32.326	45.519	-24.656
32.326	45.985	-24.252
31.765	44.213	-24.727
31.765	44.76	-24.991
31.765	45.368	-24.991
31.765	45.915	-24.727
31.765	46.294	-24.252
31.141	44.213	-24.727
31.141	44.76	-24.991
31.141	45.368	-24.991
31.141	45.915	-24.727
31.141	46.294	-24.252
30.58	44.908	-24.743
30.58	45.519	-24.656
30.58	45.985	-24.252
38.073	48.713	-24.849
38.073	48.848	-25.441
38.073	49.227	-25.916
37.449	48.848	-24.257
37.449	48.713	-24.849
37.449	48.848	-25.441
36.888	49.028	-25.157
36.3	49.686	-28.808
36.3	50.019	-29.327
36.3	50.58	-29.583
35.739	49.371	-28.5
35.739	49.506	-29.092
35.739	49.885	-29.567
35.739	50.432	-29.831
35.115	49.506	-27.908
35.115	49.371	-28.5
35.115	49.506	-29.092
35.115	49.885	-29.567
34.554	49.686	-28.192
34.554	49.686	-28.808
34.554	50.019	-29.327
35.732	52.714	-30.66
35.732	53.325	-30.573
35.171	52.566	-30.908
35.171	53.174	-30.908
35.171	53.721	-30.644
35.171	54.1	-30.169
34.547	54.235	-29.577
34.547	52.019	-30.644
34.547	52.566	-30.908
34.547	53.174	-30.908
34.547	53.721	-30.644
34.547	54.1	-30.169
33.986	53.965	-29.577
33.986	52.714	-30.66
33.986	53.325	-30.573
33.986	53.791	-30.169
33.598	53.174	-30.103
38.864	52.809	-27.726
38.58	52.53	-28.209
38.58	53.118	-28.367
38.58	53.706	-28.209
38.138	52.499	-28.686
39.474	54.252	-26.082
39.313	54.552	-26.602
41.39	50.312	-23.824
41.251	50.919	-23.824
41.251	50.008	-23.298
41.251	49.705	-23.824
41.251	50.008	-24.35
41.251	50.616	-24.35
40.863	49.262	-23.516
40.863	49.262	-24.132
40.863	49.595	-24.651
40.863	50.156	-24.907
40.863	50.767	-24.82
40.302	48.947	-23.824
40.302	49.082	-24.416
40.302	49.461	-24.891
40.241	47.508	-20.534
39.853	47.095	-20.835
39.292	46.582	-20.6
39.292	46.961	-21.075
38.668	46.582	-20.6
38.668	46.961	-21.075
40.051	51.976	-19.038
37.463	51.683	-16.093
36.839	51.683	-16.093
36.278	51.834	-16.428
34.082	48.591	-14.628
34.082	48.075	-14.33
24.347	48.627	-14.248
23.729	48.756	-14.211
24.249	49.688	-13.082
30.559	46.867	-15.626
28.205	44.889	-19.338
28.205	42.918	-20.238
27.817	44.575	-19.93
27.817	44.272	-19.404
27.817	43.664	-19.404
27.817	43.361	-19.93
27.817	43.664	-20.456
27.817	44.272	-20.456
27.678	43.968	-19.93
28.945	43.91	-23.016
28.945	44.443	-23.26
28.506	45.191	-22.231
28.506	44.291	-22.751
28.506	44.891	-22.751
32.608	43.628	-23.607
32.05	43.099	-23.368
31.432	42.794	-22.761
31.432	42.97	-23.331
30.814	43.099	-23.368
34.523	44.773	-22.13
34.362	44.473	-22.65
34.362	45.073	-22.65
34.186	43.286	-21.001
33.744	42.809	-21.032
33.186	42.631	-21.318
37.775	54.057	-28.935
41.621	47.418	-17.846
41.482	48.025	-17.846
41.482	47.722	-17.32
41.482	47.114	-17.32
41.482	46.811	-17.846
41.482	47.114	-18.372
41.482	47.722	-18.372
41.094	48.339	-17.254
41.094	47.873	-16.85
41.094	47.262	-16.763
41.094	46.701	-17.019
41.094	46.368	-17.538
41.094	46.368	-18.154
41.094	46.701	-18.673
40.533	46.188	-17.254
40.533	46.053	-17.846
40.533	46.188	-18.438
39.316	48.064	-15.338
38.874	48.095	-14.861
38.874	47.476	-14.738
38.316	48.516	-14.764
36.373	48.763	-14.618
36.373	48.358	-14.181
34.52	45.968	-13.156
33.896	46.515	-13.42
33.896	45.968	-13.156
33.335	46.119	-13.491
33.335	45.508	-13.404
32.947	45.36	-13.961
32.84	48.154	-14.626
28.856	43.676	-16.307
28.468	43.362	-16.899
28.468	43.059	-16.373
28.468	42.148	-16.899
28.329	42.755	-16.899
29.015	41.213	-17.958
30.15	42.371	-21.315
29.532	42.5	-21.352
31.088	39.81	-18.312
32.769	40.281	-18.867
37.634	43.152	-18.26
37.246	42.739	-18.561
37.246	43.3	-18.817
36.685	42.605	-18.801
36.685	43.152	-19.065
36.685	43.76	-19.065
38.991	46.237	-15.184
37.168	46.961	-13.766
36.568	47.254	-13.604
35.037	44.728	-13.28
34.437	44.45	-13.187
29.943	43.032	-15.207
29.943	42.495	-15.004
29.343	42.782	-15.25
29.343	42.202	-15.166
30.847	39.23	-17.146
30.286	39.743	-15.727
30.286	39.41	-16.246
30.286	39.41	-16.862
29.898	39.853	-16.554
32.384	39.064	-15.866
32.384	39.064	-16.452
31.784	39.635	-15.037
31.784	39.163	-15.363
31.784	38.896	-15.872
31.784	38.896	-16.446
35.258	40.318	-16.623
35.258	40.441	-17.242
34.7	40.263	-17.528
38.782	42.258	-15.779
38.643	42.865	-15.779
38.643	42.562	-15.253
38.643	41.954	-15.253
38.643	41.651	-15.779
38.643	41.954	-16.305
38.643	42.562	-16.305
38.255	42.713	-14.783
38.255	42.102	-14.696
38.255	41.541	-14.952
38.255	41.208	-15.471
38.255	41.208	-16.087
38.255	41.541	-16.606
37.694	42.562	-14.448
37.694	41.954	-14.448
37.694	41.407	-14.712
37.694	41.028	-15.187
37.694	40.893	-15.779
37.694	41.028	-16.371
37.07	41.954	-14.448
37.07	41.407	-14.712
