3.324	1.315	-1.422
3.344	1.226	-1.849
4.701	-0.088	-1.539
2.912	3.263	-2.825
2.855	3.527	-2.481
3.283	3.95	-2.551
3.223	4.025	-2.445
2.804	3.591	-2.391
3.141	4.636	-2.236
3.118	4.64	-2.215
2.785	3.594	-2.374
2.977	4.852	-2.136
2.528	4.802	-1.365
2.298	3.54	-1.537
2.541	4.575	-1.224
2.894	3.909	0.12
2.596	2.977	-0.402
3.193	3.403	0.932
3.54	2.44	1.023
2.889	2.163	-0.325
3.659	2.08	0.491
3.707	1.919	0.426
2.93	2.027	-0.38
3.861	1.336	0.479
4.261	0.626	-0.525
3.33	1.317	-1.384
4.706	-0.086	-1.502
4.379	0.342	-0.264
4.825	-0.37	-1.24
4.853	-0.219	-0.496
5.089	-0.653	-0.436
5.034	-0.754	-1.187
5.218	-1.176	0.009
7.098	-1.547	-0.412
6.914	-1.126	-1.608
7.213	-1.072	-0.911
7.342	-0.972	-0.976
7.028	-1.037	-1.666
7.437	-0.858	-2.084
7.429	-0.865	-2.095
7.022	-1.043	-1.674
8.336	-1.761	-3.033
7.624	-2.005	-3.592
6.31	-1.288	-2.234
7.156	-2.187	-4.065
6.88	-2.143	-4.211
6.066	-1.249	-2.362
5.902	-1.141	-3.424
5.243	-1.047	-3.279
5.509	-1.17	-2.239
4.986	-1.034	-3.353
4.285	-0.324	-2.98
4.748	-0.4	-1.834
4.341	-0.135	-2.8
4.276	0.171	-2.679
4.693	-0.141	-1.733
3.336	1.177	-2.028
3.771	1.137	-4.266
2.943	1.928	-3.262
3.677	1.924	-4.874
3.842	3.494	-4.627
3.072	3.15	-3.07
3.671	5.088	-3.604
3.5	5.211	-3.341
2.915	3.263	-2.828
3.287	3.95	-2.555
3.45	5.277	-3.252
3.227	4.027	-2.449
3.145	4.638	-2.24
3.44	5.293	-3.244
3.134	4.657	-2.231
2.989	4.866	-2.148
3.434	6.475	-2.726
2.983	5.954	-1.671
3.578	6.695	-2.303
3.693	6.912	-1.9
3.073	6.123	-1.358
3.242	6.274	-1.215
4.106	7.228	-1.334
3.654	6.59	-0.649
3.986	8.554	0.425
3.884	8.119	1.341
3.534	6.075	0.434
3.644	5.843	0.983
3.091	4.291	0.895
2.879	4.238	0.33
3.178	3.732	1.143
3.608	5.018	1.774
3.79	4.593	2.183
4.039	5.872	3.524
4.092	5.613	3.77
3.852	4.286	2.474
4.274	5.215	3.768
4.731	4.562	4.176
4.439	3.446	2.999
4.347	3.197	2.969
3.999	2.125	1.949
3.992	2.069	1.687
4.202	1.158	1.095
3.905	1.357	0.631
3.641	2.304	1.138
3.759	1.944	0.606
4.696	1.982	2.309
4.959	1.003	1.487
4.888	1.884	2.15
5.38	1.886	2.172
5.374	1.004	1.505
6.004	-0.129	1.724
5.057	-0.911	0.404
4.427	0.222	0.185
4.907	-0.354	0.011
5.515	1.922	2.195
6.118	-0.099	1.744
6.106	0.564	1.525
7.694	0.212	1.111
7.523	-0.41	1.377
8.224	0.577	0.906
8.493	-0.107	-0.128
7.792	-1.095	0.343
7.998	-0.561	-0.058
8.411	-0.054	-0.845
7.905	-0.501	-0.867
8.027	-0.364	-1.97
7.886	-0.526	-2.005
7.771	-0.656	-0.9
8.722	-1.474	-2.957
8.37	-1.739	-3.02
7.374	-0.955	-0.971
7.47	-0.84	-2.079
8.201	-0.2	-2.07
8.987	-1.199	-3.012
8.558	0.084	-0.929
8.688	0.257	-1.008
9.118	-1.026	-3.091
8.355	0.004	-2.164
8.413	0.094	-2.217
9.167	-0.95	-3.136
8.517	0.109	-2.463
8.67	0.78	-3.297
9.333	-0.221	-4.042
9.938	1.683	-5.052
10.514	0.886	-6.058
9.82	-0.895	-4.891
9.821	-0.678	-6.193
9.861	-1.322	-6.3
9.859	-1.538	-4.998
9.681	-1.659	-5.654
9.115	-2.827	-5.112
9.358	-2.572	-4.518
8.828	-3.433	-5.297
7.425	-3.299	-4.49
7.955	-2.438	-3.711
7.529	-2.676	-4.2
6.528	-3.044	-4.959
6.516	-2.388	-4.729
5.942	-1.896	-4.795
6.047	-1.727	-4.548
6.635	-2.198	-4.45
5.645	-1.198	-3.676
5.707	-1.695	-4.74
5.243	-1.159	-3.903
4.986	-1.121	-3.839
5.261	-1.467	-5.221
4.575	-0.911	-4.282
4.281	-0.905	-5.663
3.659	-0.223	-5.528
3.952	-0.229	-4.147
3.914	-0.012	-4.299
3.573	0.497	-5.698
3.803	0.913	-4.517
3.56	0.899	-5.868
3.562	0.928	-5.869
3.806	0.947	-4.518
3.712	1.733	-5.126
3.608	1.691	-6.911
3.766	2.636	-6.359
3.774	2.898	-6.415
4.334	4.193	-5.943
4.487	4.302	-5.752
5.167	5.128	-5.983
5.172	5.152	-5.882
4.492	4.326	-5.651
4.22	5.791	-4.47
5.901	6.16	-5.761
4.835	6.642	-4.367
5.86	7.433	-4.428
5.686	7.677	-4.263
4.646	6.908	-4.188
5.013	7.207	-4.034
5.616	8.19	-3.749
4.922	7.866	-3.373
5.437	8.167	-3.441
5.493	8.457	-2.388
4.983	8.179	-2.241
5.504	9.875	-1.011
5.24	9.726	-0.688
4.698	8.019	-1.894
4.915	9.419	-0.311
4.776	9.311	-0.197
4.559	7.911	-1.78
4.369	9.131	0.049
4.497	10.183	2.44
4.133	9.867	2.277
4.414	9.651	3.499
4.192	8.399	3.386
3.892	8.507	2.154
4.287	8.177	3.27
4.316	8.089	3.232
3.917	8.432	2.123
4.357	7.441	3.158
4.478	6.99	2.639
4.019	8.051	1.684
3.779	5.775	1.327
4.447	6.912	2.727
3.753	5.709	1.401
4.185	6.562	3.151
4.352	7.436	3.191
4.104	7.006	3.543
4.311	8.084	3.266
4.282	8.121	3.391
4.08	7.037	3.649
4.189	8.355	3.48
4.272	8.466	4.244
4.171	7.157	4.479
4.39	8.263	4.373
5.046	8.133	5.174
4.726	7.047	5.155
5.612	7.783	5.916
5.774	7.293	6.169
4.862	6.633	5.369
5.88	7.177	6.385
6.377	6.404	6.337
5.402	5.793	5.317
5.48	5.381	5.192
6.419	6.375	6.329
5.523	5.353	5.184
6.728	5.315	5.614
6.777	4.792	5.4
5.568	4.871	4.988
6.794	4.104	5.121
6.619	3.803	4.868
5.426	4.625	4.782
6.043	3.652	4.385
5.39	3.526	3.759
4.824	4.51	4.206
4.439	3.145	2.999
5.943	2.622	3.458
4.949	2.312	2.721
5.213	2.309	2.68
6.394	2.425	3.153
5.747	2.076	2.32
6.305	2.295	2.566
6.364	2.249	2.473
5.805	2.031	2.227
6.383	0.668	1.555
7.07	2.305	2.379
7.057	0.722	1.465
7.909	2.038	3.84
7.113	1.328	1.475
7.797	2.338	3.398
8.198	2.118	3.695
7.384	0.811	1.301
7.413	2.399	2.207
7.429	2.405	2.197
7.4	0.817	1.291
7.963	1.112	1.066
7.431	2.406	2.196
7.965	1.113	1.066
8.089	2.524	3.123
8.618	2.725	2.944
8.433	1.291	0.907
9.07	2.981	2.496
9.325	3.838	1.482
8.688	2.148	-0.107
8.296	3.511	0.746
8.028	3.687	0.354
8.396	2.339	-0.532
7.962	4.691	-0.508
7.95	4.689	-0.55
8.385	2.337	-0.568
8.251	3.706	-2.119
8.712	2.846	-2.844
8.774	1.61	-1.181
8.457	1.606	-2.368
8.603	0.827	-2.363
8.898	0.952	-1.177
8.665	0.679	-2.577
8.527	0.137	-2.458
8.748	0.363	-1.048
8.426	0.13	-2.21
8.548	1.298	-3.123
8.621	1.045	-3.168
8.802	2.537	-3.599
8.8	2.527	-3.634
8.619	1.037	-3.195
9.873	2.014	-4.921
8.908	2.686	-3.607
9.981	2.172	-4.894
10.351	2.58	-4.75
11.359	2.083	-5.463
11.065	1.638	-5.661
12.622	1.283	-6.126
12.347	0.664	-6.575
10.79	1.019	-6.11
12.388	0.461	-6.677
12.28	0.325	-6.863
10.652	0.845	-6.349
9.937	-0.713	-6.438
10.445	-0.186	-7.157
11.429	0.24	-7.314
12.362	-0.001	-7.232
10.026	-1.067	-6.839
10.856	-0.541	-7.996
10.856	-0.542	-7.997
10.026	-1.068	-6.84
11.735	-1.67	-8.209
11.435	-2.443	-8.244
9.727	-1.841	-6.874
9.667	-2.114	-7.42
9.52	-2.272	-7.317
9.603	-1.975	-6.787
9.389	-2.397	-6.204
9.329	-2.536	-7.367
9.206	-2.649	-6.252
8.909	-3.275	-6.306
8.815	-3.051	-7.871
8.475	-3.71	-6.733
8.842	-3.104	-8.133
8.327	-3.243	-8.339
7.915	-3.862	-6.957
8.152	-3.231	-8.136
6.477	-2.472	-7.838
6.5	-3.221	-6.705
6.292	-2.279	-7.834
6.14	-2.012	-7.589
6.335	-2.932	-6.439
5.748	-1.783	-6.275
6.027	-1.855	-7.651
5.626	-1.613	-6.343
4.618	-1.039	-6.696
5.889	-1.433	-8.216
4.479	-0.617	-7.26
4.545	-0.311	-7.565
6.019	-1.109	-8.521
4.686	0.041	-7.896
6.126	-0.969	-8.721
6.154	-0.888	-8.769
4.71	0.109	-7.936
6.238	-0.411	-9.196
6.355	0.564	-9.395
4.809	0.933	-8.104
5.344	1.231	-8.148
4.413	2.309	-7.299
4.022	1.844	-7.387
4.155	3.038	-6.854
4.796	2.587	-7.469
4.453	3.254	-6.986
4.639	3.095	-7.093
4.659	3.12	-7.096
4.468	3.274	-6.988
5.288	4.084	-7.829
5.133	5.171	-6.69
4.339	4.183	-6.035
5.173	5.116	-6.101
5.473	5.813	-6.686
5.539	5.806	-6.098
5.67	6.316	-6.894
6.07	6.698	-6.583
5.939	6.188	-5.787
5.889	7.455	-4.448
6.57	7.239	-6.703
6.278	7.875	-4.541
7.156	7.465	-5.852
8.199	8.101	-5.188
7.089	8.37	-4.025
8.107	8.886	-3.421
7.891	9.083	-3.234
6.89	8.552	-3.852
7.428	8.875	-3.269
6.779	9.027	-2.869
6.385	8.67	-3.541
6.357	8.74	-3.192
6.312	9.011	-2.305
5.923	8.725	-2.668
5.934	10.143	-1.291
6.454	9.103	-2.353
6.066	10.228	-1.336
6.804	10.868	-2.039
6.753	12.0	-1.314
6.006	11.581	-0.468
6.804	12.079	-0.969
6.815	12.106	-0.925
6.017	11.609	-0.424
6.515	11.905	-0.471
6.482	11.992	-0.226
5.986	11.689	-0.196
6.752	13.822	-0.507
6.73	13.865	-0.285
5.96	11.74	0.07
6.542	13.443	0.835
6.262	13.277	1.418
5.681	11.574	0.653
5.389	11.406	1.131
6.198	13.23	1.961
5.32	11.356	1.716
6.156	13.04	2.518
6.114	12.98	2.688
5.278	11.295	1.886
5.912	12.898	3.15
5.833	12.445	3.811
5.185	10.759	2.669
5.261	10.364	3.643
4.736	9.952	3.517
4.661	10.347	2.542
4.541	9.779	3.578
6.309	12.288	4.779
5.824	10.179	4.788
6.262	10.132	5.203
5.932	9.283	5.694
5.433	9.174	5.37
5.999	8.823	6.112
6.615	9.725	5.914
6.807	9.346	6.373
7.716	10.806	6.893
7.879	10.598	7.222
7.0	9.1	6.761
7.572	9.255	7.033
7.738	7.693	7.572
7.166	7.539	7.3
6.963	7.368	7.265
8.026	6.978	7.372
7.187	6.812	7.109
7.453	6.824	7.1
7.075	6.199	6.477
6.892	6.326	6.624
7.241	5.262	5.934
7.866	6.235	6.566
7.909	5.293	6.009
8.438	6.39	6.837
8.653	6.325	6.781
8.091	5.238	5.961
8.902	6.312	6.877
9.423	6.213	6.551
8.656	5.131	5.607
8.946	3.861	5.661
7.258	3.472	5.602
6.968	4.742	5.549
7.01	4.048	5.289
6.961	3.093	5.219
6.674	3.619	4.856
6.092	3.489	4.374
7.701	2.034	3.962
6.832	2.43	3.117
6.824	2.3	2.523
8.705	5.004	5.523
8.846	5.648	5.78
9.472	6.22	6.506
9.0	3.868	5.612
8.978	4.495	5.299
9.725	3.728	4.158
9.661	3.19	4.602
10.05	3.869	3.57
9.28	2.981	2.695
8.891	2.302	3.727
8.855	2.725	3.169
8.08	2.521	3.13
8.205	2.121	3.692
7.421	2.403	2.204
9.678	4.714	4.271
10.009	4.741	3.67
11.415	6.424	5.371
9.871	5.366	3.768
10.903	6.601	5.017
11.548	6.654	5.034
10.142	4.971	3.332
11.315	7.029	4.497
9.933	6.099	3.707
10.197	6.605	3.986
11.272	7.337	3.978
10.104	5.244	2.873
11.662	7.569	3.45
9.873	5.618	3.061
11.196	7.591	3.55
11.461	7.768	3.194
9.902	5.443	2.617
9.483	6.776	3.097
9.253	6.833	2.752
9.652	5.504	2.243
9.117	6.945	0.832
9.198	6.763	0.613
9.74	5.306	2.005
9.216	6.575	0.479
8.662	5.296	-0.266
9.271	4.227	1.376
8.247	3.869	0.647
8.504	5.179	-0.509
8.125	3.778	0.458
8.087	4.809	-0.374
8.446	5.163	-0.735
8.028	4.792	-0.6
8.33	3.809	-2.168
8.48	5.186	-0.759
8.365	3.832	-2.192
8.704	4.273	-2.316
9.376	3.622	-3.465
9.088	3.132	-3.428
10.519	2.996	-4.584
9.808	4.913	-3.747
10.95	4.286	-4.866
10.205	5.598	-4.554
10.23	5.617	-4.575
10.974	4.304	-4.885
11.914	5.478	-5.027
12.586	4.954	-5.172
11.713	3.728	-5.044
13.532	3.236	-4.96
13.215	1.749	-5.334
11.364	2.091	-5.455
12.932	1.688	-5.755
12.93	1.684	-5.76
11.362	2.086	-5.461
12.625	1.286	-6.124
12.94	1.674	-5.758
12.636	1.276	-6.122
13.223	1.736	-5.337
14.389	1.106	-5.623
14.017	0.53	-6.461
14.321	0.927	-6.097
15.545	1.425	-7.665
15.241	1.028	-8.029
17.325	1.793	-8.461
17.236	1.788	-8.92
15.145	1.022	-8.522
17.167	1.724	-9.48
17.086	1.705	-9.665
15.064	1.003	-8.707
14.988	1.12	-9.261
14.034	0.187	-9.327
14.11	0.07	-8.772
13.252	-1.669	-9.462
12.713	-1.916	-8.373
13.472	-0.222	-7.483
13.263	-0.229	-7.384
11.736	-1.669	-8.209
12.363	-0.002	-7.233
10.856	-0.542	-7.997
14.03	0.198	-9.461
13.249	-1.66	-9.575
13.48	-0.629	-10.405
13.497	-0.704	-10.493
13.267	-1.734	-9.663
13.257	-1.372	-10.24
12.82	-2.702	-10.838
12.88	-2.911	-10.192
12.713	-3.0	-11.463
11.272	-3.452	-11.241
11.44	-3.363	-9.97
11.192	-3.211	-10.588
10.562	-2.862	-10.186
10.882	-3.053	-9.615
8.996	-2.937	-9.044
9.224	-2.88	-8.252
11.129	-2.991	-8.754
9.305	-2.764	-8.024
10.162	-2.618	-10.681
8.67	-2.739	-9.448
9.539	-2.184	-10.615
9.327	-2.079	-10.721
8.474	-2.642	-9.545
8.341	-2.458	-9.688
9.091	-1.877	-10.883
8.063	-2.219	-9.879
8.147	-1.742	-10.306
7.334	-1.538	-10.238
7.25	-2.015	-9.811
7.212	-1.367	-10.404
6.623	-0.976	-10.083
6.493	-1.513	-9.399
6.577	-1.036	-9.826
6.92	0.114	-10.694
6.959	0.366	-10.612
7.469	1.085	-11.601
7.43	1.441	-11.379
6.912	0.788	-10.349
7.107	1.765	-10.37
6.71	1.864	-9.459
6.516	0.887	-9.437
5.504	1.554	-8.19
6.717	2.584	-9.276
5.511	2.274	-8.007
5.935	3.77	-8.327
5.295	4.075	-7.835
4.823	2.602	-7.479
4.667	3.11	-7.102
6.782	2.766	-9.448
5.995	3.939	-8.486
6.02	4.568	-9.539
5.408	5.66	-9.066
5.263	5.244	-7.922
5.444	5.705	-8.222
5.408	5.676	-9.067
5.444	5.725	-8.224
5.466	5.881	-8.781
6.666	7.639	-8.553
6.735	7.616	-7.978
7.515	8.798	-8.922
7.593	8.833	-8.813
6.813	7.651	-7.869
7.824	8.8	-8.268
7.937	8.821	-7.935
6.935	7.673	-7.51
7.421	7.877	-7.217
7.195	7.597	-6.578
6.692	7.373	-6.823
7.278	7.598	-5.971
7.763	8.006	-6.688
7.888	8.038	-6.089
8.535	9.385	-7.092
8.606	9.434	-6.98
7.958	8.088	-5.978
8.83	9.415	-6.449
9.178	9.463	-5.724
8.333	8.139	-5.197
8.22	8.918	-3.429
10.662	9.204	-5.114
9.569	8.683	-2.875
10.197	7.957	-4.443
10.242	6.924	-3.946
9.614	7.65	-2.378
9.467	7.178	-2.256
9.45	7.691	-1.188
9.599	8.083	-1.476
9.428	7.426	-0.63
9.342	7.69	-0.452
9.526	8.306	-1.326
9.837	9.188	0.376
9.924	9.831	0.002
9.6	8.849	-1.643
9.65	10.257	-0.937
8.47	10.919	-2.438
8.527	9.451	-3.007
8.147	11.03	-2.543
7.48	10.879	-2.533
7.802	9.287	-2.997
7.323	9.116	-2.988
8.24	12.382	-2.025
7.955	12.254	-2.197
8.388	13.893	-1.717
7.899	13.977	-1.607
7.546	12.324	-2.105
7.561	14.056	-1.526
6.819	13.807	-0.762
6.804	12.075	-1.341
6.865	12.169	-1.002
6.799	13.793	-0.667
6.84	12.152	-0.888
6.543	11.954	-0.432
7.21	15.355	0.323
6.984	15.209	0.088
6.845	15.05	1.281
7.227	15.374	0.335
6.863	15.069	1.293
7.232	15.303	0.909
7.979	15.686	2.044
7.557	15.426	2.349
7.618	15.402	2.935
8.785	15.691	2.373
8.424	15.406	3.264
9.424	15.535	3.157
9.538	15.313	3.95
8.537	15.184	4.057
9.1	15.052	4.252
9.097	15.05	4.259
8.533	15.181	4.065
9.134	15.002	4.915
8.087	14.517	5.553
7.486	14.696	4.703
7.931	14.373	5.717
7.737	14.209	5.759
7.236	14.485	4.758
6.86	14.17	4.899
7.551	12.97	6.09
6.658	12.824	5.258
7.598	12.713	6.033
7.613	12.558	5.99
6.67	12.693	5.221
7.663	11.913	6.069
7.543	11.473	5.778
6.569	12.321	4.975
6.522	10.165	5.399
7.605	11.358	5.991
6.575	10.069	5.579
7.676	11.15	6.559
7.745	11.941	6.246
7.794	11.642	6.773
7.695	12.586	6.166
7.837	12.763	6.434
7.914	11.791	6.999
7.737	13.009	6.402
7.846	13.093	6.538
8.033	11.883	7.148
7.978	12.871	6.609
9.419	13.079	7.198
9.25	12.058	7.645
10.352	12.856	7.531
10.542	12.604	7.694
9.411	11.845	7.783
9.746	11.604	7.926
9.065	10.311	7.983
8.671	10.441	7.845
8.533	9.27	7.723
7.938	9.362	7.337
8.025	10.541	7.425
7.745	9.187	7.274
8.842	9.095	7.791
8.907	8.844	7.857
9.374	10.137	8.051
10.333	9.954	7.736
10.14	8.609	7.453
11.244	9.555	7.189
11.255	9.541	7.183
10.153	8.592	7.447
11.444	8.245	7.248
11.259	7.259	7.302
9.934	7.424	7.511
9.899	7.167	7.445
11.115	6.36	6.037
9.767	6.34	6.281
9.764	6.361	6.014
9.698	6.329	6.015
9.715	6.315	6.282
9.277	4.612	5.024
9.766	6.362	5.928
9.342	4.644	4.941
11.117	6.362	5.964
9.671	5.704	4.794
10.398	6.372	5.23
12.584	9.7	6.498
12.772	8.404	6.562
12.699	9.007	6.224
13.026	8.235	5.107
13.062	7.721	5.573
13.215	8.363	4.449
12.313	7.479	3.821
12.161	6.837	4.946
12.007	7.236	4.398
12.983	9.317	5.203
13.177	9.321	4.533
13.771	11.182	5.389
13.658	11.679	4.245
13.081	9.741	3.567
13.573	11.977	3.715
12.995	12.137	3.209
12.504	9.902	3.061
12.07	11.134	3.374
11.721	11.064	3.189
12.124	9.825	2.86
10.727	10.777	1.601
10.686	10.375	1.334
12.08	9.389	2.571
10.637	10.153	1.295
9.827	8.785	1.55
11.395	8.233	2.786
9.593	8.508	2.003
9.488	8.34	2.192
11.307	8.091	2.945
9.342	7.074	2.868
9.382	8.277	2.057
9.259	7.026	2.763
9.123	7.137	0.843
9.475	8.426	1.893
9.196	7.253	0.715
9.709	8.703	1.439
9.854	8.897	0.892
9.308	7.404	0.29
9.358	7.4	0.063
10.483	10.996	0.773
10.376	10.95	0.573
10.222	11.449	-0.481
9.965	10.727	-0.888
10.045	10.022	0.051
9.762	10.434	-0.892
9.382	12.251	-1.704
9.065	12.256	-1.868
9.469	13.995	-1.617
9.374	14.023	-1.654
8.951	12.289	-1.912
9.099	13.8	-1.604
9.79	15.703	-0.468
9.597	15.808	-0.187
10.348	15.762	0.578
10.069	15.922	0.853
9.338	15.958	0.069
9.502	15.93	0.623
9.357	15.686	2.599
8.791	15.694	2.369
9.43	15.539	3.153
11.919	14.945	2.068
11.992	14.798	2.622
13.531	14.389	3.233
13.42	14.564	3.686
11.85	15.022	3.204
12.995	14.524	3.78
12.896	14.565	4.022
11.733	15.07	3.491
12.857	14.742	4.608
12.189	14.826	5.305
11.065	15.154	4.188
11.089	14.839	5.43
10.456	14.941	5.499
10.316	15.274	4.269
9.917	14.966	5.226
9.144	15.003	4.915
9.544	15.311	3.958
9.106	15.051	4.259
10.219	13.922	7.038
9.635	13.761	7.047
10.568	13.538	7.38
11.11	14.625	6.49
11.623	14.37	6.732
12.214	14.572	6.559
13.052	12.994	7.569
12.461	12.792	7.742
12.328	12.596	7.867
11.077	12.27	7.943
10.853	12.372	7.84
9.988	11.423	8.04
11.726	11.412	7.738
10.637	10.565	7.835
11.574	10.219	7.296
12.192	11.421	7.578
12.08	10.229	7.121
12.285	11.28	7.37
12.76	11.255	6.962
12.48	10.208	6.776
13.35	11.458	6.789
13.464	11.378	6.631
12.577	10.14	6.643
13.719	11.377	6.549
13.892	11.189	5.999
12.764	9.935	6.046
12.902	9.273	5.713
13.958	11.222	5.608
12.983	9.314	5.233
13.771	11.179	5.421
12.711	11.818	7.456
13.302	12.021	7.283
12.523	11.839	7.644
13.052	14.567	4.028
13.041	14.745	4.615
13.473	14.603	3.914
14.174	12.347	3.651
13.942	11.844	4.276
13.813	12.116	3.742
13.614	13.221	2.757
13.205	13.065	2.771
12.026	13.442	1.456
11.777	12.942	1.555
12.994	12.643	2.855
11.849	12.795	2.109
11.635	12.368	2.383
12.813	12.282	3.086
11.902	11.268	3.26
11.392	12.216	2.277
11.713	11.149	3.178
10.72	10.862	1.59
11.381	12.333	2.048
10.711	10.953	1.411
11.309	12.48	1.493
11.012	12.585	0.692
10.48	11.035	0.788
10.22	11.489	-0.467
10.752	13.486	-0.133
10.018	12.19	-1.108
10.105	13.934	-1.021
11.098	14.28	-0.079
10.373	14.551	-0.979
11.293	14.362	0.015
11.237	14.938	0.176
10.317	15.127	-0.818
11.026	15.02	0.128
9.204	6.399	-1.81
9.182	6.134	-1.251
9.356	5.155	-2.774
9.338	6.754	-2.261
9.481	5.486	-3.193
10.133	6.566	-3.95
10.423	6.082	-4.427
9.8	4.953	-3.717
10.197	5.641	-4.522
10.454	6.075	-4.467
10.233	5.634	-4.569
11.917	5.492	-5.023
10.845	7.134	-4.548
12.308	6.551	-5.104
12.861	7.885	-5.057
13.926	7.4	-5.149
13.275	6.11	-5.188
14.963	6.29	-5.276
15.037	5.539	-5.386
13.35	5.359	-5.298
14.296	3.641	-5.086
15.937	5.174	-5.468
15.197	3.277	-5.168
17.466	4.133	-5.183
17.659	3.606	-5.051
15.372	2.797	-5.048
17.586	3.307	-5.231
17.747	2.481	-5.836
15.547	1.901	-5.705
15.692	1.869	-6.194
17.877	2.406	-6.34
15.859	1.772	-6.843
17.617	2.115	-7.697
18.215	2.297	-6.373
18.021	1.985	-7.735
19.419	1.16	-6.866
19.744	0.804	-7.675
18.378	1.594	-8.626
19.842	0.966	-8.14
19.858	0.961	-8.194
18.393	1.59	-8.675
19.953	0.821	-8.786
19.923	0.807	-9.077
18.365	1.576	-8.945
18.382	1.497	-9.508
20.324	0.904	-10.354
18.783	1.594	-10.786
20.357	0.392	-12.314
20.345	0.391	-12.326
18.769	1.594	-10.799
19.712	1.458	-12.079
19.704	1.457	-12.085
18.759	1.592	-10.807
18.352	0.93	-12.277
18.163	0.844	-12.189
18.536	1.49	-10.703
17.562	-0.241	-11.758
16.312	-0.084	-11.045
17.057	1.676	-9.858
14.958	1.091	-9.455
15.629	-0.763	-11.178
14.15	0.287	-9.613
13.582	-0.554	-10.534
15.579	-0.973	-11.27
13.531	-0.764	-10.625
13.295	-1.44	-10.39
15.437	-1.559	-12.018
13.134	-2.102	-11.236
12.99	-2.47	-11.815
13.512	-1.598	-12.131
14.435	-1.254	-12.207
15.296	-1.362	-12.823
12.85	-2.272	-12.619
13.274	-1.103	-12.93
13.177	-1.113	-13.093
12.768	-2.281	-12.757
13.045	-1.138	-13.325
11.719	-1.001	-13.854
11.327	-2.132	-13.332
11.472	-0.937	-13.774
10.487	-0.65	-13.039
10.495	-1.89	-12.711
9.124	-0.263	-12.595
9.026	-0.354	-12.475
10.389	-1.988	-12.58
9.568	-1.246	-11.871
9.529	-2.117	-11.004
10.35	-2.86	-11.713
10.15	-2.542	-11.12
8.443	-0.379	-12.027
8.934	-1.273	-11.385
7.96	-1.026	-10.9
8.44	-0.378	-12.027
7.957	-1.025	-10.901
7.697	-0.968	-10.919
7.829	0.391	-12.029
7.085	-0.199	-10.921
7.648	0.745	-11.847
9.187	1.157	-12.951
9.123	1.577	-12.849
10.567	1.176	-13.496
10.717	1.539	-13.366
9.25	1.884	-12.739
11.046	2.082	-13.479
11.182	2.787	-12.865
9.365	2.48	-12.221
11.204	3.141	-12.347
11.196	3.169	-12.311
9.357	2.507	-12.185
9.749	2.73	-11.78
9.441	2.922	-11.617
9.096	2.67	-12.047
9.854	4.264	-11.239
9.267	4.367	-10.918
8.563	2.764	-11.756
8.81	3.033	-11.272
8.756	3.027	-11.243
8.518	2.759	-11.73
8.395	3.325	-10.786
8.2	3.268	-10.781
8.354	2.711	-11.726
7.993	3.391	-10.665
7.381	2.942	-10.561
7.689	2.223	-11.614
7.413	2.69	-10.648
6.955	3.021	-9.882
6.866	2.792	-9.774
6.086	4.589	-9.793
7.749	3.499	-10.539
6.88	5.066	-10.45
7.226	5.153	-10.434
8.027	3.582	-10.54
7.558	5.252	-10.436
9.078	4.537	-10.737
9.209	4.859	-10.837
7.689	5.573	-10.536
8.326	6.444	-11.171
7.147	8.122	-10.429
6.392	7.42	-9.72
7.22	8.562	-10.178
7.155	8.147	-10.477
7.229	8.592	-10.234
6.707	9.52	-11.219
7.306	10.66	-10.737
8.0	10.057	-9.614
7.55	10.77	-10.719
7.705	10.878	-10.713
8.155	10.165	-9.608
8.753	10.987	-9.734
8.829	10.968	-9.497
8.231	10.146	-9.372
8.684	10.536	-8.579
8.327	9.903	-8.063
7.873	9.513	-8.855
8.085	9.432	-8.308
8.434	9.382	-7.292
8.184	8.947	-7.591
7.668	8.003	-6.873
8.837	10.981	-9.49
8.692	10.55	-8.572
8.952	10.985	-8.919
9.992	11.511	-7.479
9.731	11.076	-7.132
9.876	10.941	-6.59
10.433	11.604	-7.354
10.287	11.027	-6.473
10.606	11.081	-6.325
11.415	9.749	-5.324
11.253	9.434	-5.278
12.74	9.02	-5.105
12.601	8.524	-5.103
11.115	8.938	-5.275
10.609	7.715	-4.59
11.517	9.934	-5.348
12.862	9.241	-5.133
13.155	9.338	-4.952
14.366	8.208	-4.819
14.31	7.89	-4.975
15.912	7.6	-4.754
15.889	7.414	-4.833
14.288	7.717	-5.048
15.292	6.578	-5.184
16.828	6.567	-4.768
16.086	5.862	-5.129
16.498	6.157	-5.089
16.655	5.93	-5.212
16.219	5.67	-5.233
17.776	4.679	-4.924
16.746	6.021	-5.17
17.86	4.763	-4.885
17.076	6.43	-4.849
17.339	6.549	-4.712
18.104	4.873	-4.758
18.389	4.921	-4.548
20.067	3.845	-4.716
20.11	3.587	-4.958
21.611	3.3	-5.409
21.525	2.999	-5.529
20.006	3.227	-5.102
20.869	1.912	-5.672
19.982	1.361	-5.842
19.03	2.62	-5.289
18.733	2.482	-5.43
21.837	2.817	-5.537
21.208	1.715	-5.68
21.575	2.043	-5.779
22.062	1.076	-6.153
21.62	0.898	-5.996
23.291	-0.752	-5.636
22.724	-1.579	-6.797
21.053	0.07	-7.157
21.392	0.097	-7.527
21.033	0.127	-7.809
20.75	0.096	-7.395
21.128	-0.013	-8.401
20.023	0.714	-8.75
19.817	0.71	-7.689
19.928	0.854	-8.157
21.483	0.081	-7.726
21.578	-0.059	-8.318
22.802	-1.593	-6.965
22.997	-1.693	-7.246
21.809	-0.178	-8.65
23.259	-1.524	-7.637
23.298	-1.539	-7.712
21.847	-0.193	-8.726
23.356	-1.127	-8.168
24.231	-0.566	-9.599
22.723	0.367	-10.157
23.048	0.698	-10.497
22.804	0.712	-10.717
22.478	0.382	-10.376
22.176	-0.049	-12.333
21.521	-0.325	-12.196
21.703	0.055	-10.214
21.48	0.008	-10.175
20.449	0.577	-10.26
20.377	0.787	-10.323
20.401	0.293	-12.288
23.104	0.915	-10.937
22.43	0.122	-12.519
24.951	0.07	-12.217
25.043	-0.291	-13.039
22.521	-0.24	-13.342
22.928	0.126	-13.763
22.486	-0.168	-14.358
22.13	-0.5	-13.868
22.611	-0.24	-15.036
21.237	0.063	-15.534
20.756	-0.197	-14.366
20.934	0.175	-14.921
20.68	0.364	-14.864
20.532	-0.029	-14.316
18.961	0.698	-15.172
18.945	0.687	-15.153
20.514	-0.042	-14.296
18.182	-0.391	-15.057
17.958	-0.76	-14.203
20.29	-0.411	-13.441
17.915	-0.572	-13.536
17.896	-0.499	-13.03
20.274	-0.346	-12.993
17.688	-0.891	-12.507
19.576	0.137	-12.975
18.1	-0.175	-12.697
17.68	-0.401	-11.996
20.267	0.144	-12.482
18.282	0.684	-12.426
18.353	0.929	-12.279
20.337	0.389	-12.334
19.704	1.455	-12.087
17.547	-0.981	-13.471
17.378	-1.318	-12.897
17.632	-1.122	-14.145
16.225	-1.393	-14.473
15.971	-1.589	-13.225
15.958	-1.287	-13.842
15.219	-0.928	-13.58
15.318	-1.271	-12.994
13.301	-0.996	-13.132
15.206	-0.911	-13.635
13.287	-0.978	-13.189
13.131	-1.033	-13.399
15.052	-0.358	-14.367
13.005	-0.582	-13.996
14.498	0.155	-14.35
14.311	0.438	-14.534
12.833	-0.321	-14.165
12.904	-0.063	-14.173
14.258	0.554	-14.584
12.841	0.075	-14.233
13.17	0.618	-14.345
12.425	1.03	-14.53
12.096	0.487	-14.417
12.425	1.274	-14.64
11.836	1.668	-14.462
11.339	0.993	-14.187
11.667	1.536	-14.3
12.732	2.759	-14.408
12.82	2.94	-14.23
13.824	3.888	-14.288
13.518	4.303	-13.723
12.458	3.431	-13.561
12.73	4.192	-12.944
12.238	4.136	-12.658
11.965	3.376	-13.276
11.137	5.444	-12.461
10.796	5.258	-12.305
11.527	3.137	-13.076
11.495	3.437	-12.525
10.543	5.132	-12.036
11.221	3.3	-12.233
10.168	4.229	-11.304
10.145	4.193	-11.294
11.2	3.266	-12.223
9.754	2.845	-11.676
9.891	5.72	-11.758
9.389	4.932	-10.972
8.489	6.511	-11.293
9.951	5.98	-12.035
8.554	6.793	-11.594
9.024	7.294	-12.554
8.468	7.651	-12.66
7.95	7.181	-11.709
8.269	7.831	-12.66
8.232	7.857	-12.654
7.919	7.204	-11.704
7.418	8.17	-13.315
6.936	8.397	-13.029
7.437	7.43	-11.419
7.113	8.456	-12.453
6.767	9.271	-11.394
7.144	8.119	-10.524
6.697	9.494	-11.262
6.232	10.126	-13.598
6.279	10.502	-13.127
6.227	11.359	-13.807
6.373	11.922	-13.247
6.468	11.226	-12.406
6.554	12.183	-12.946
6.714	12.336	-12.67
6.657	11.408	-12.079
6.912	11.996	-12.221
8.059	11.792	-10.997
7.804	11.204	-10.855
8.852	11.313	-9.876
8.366	12.237	-11.023
9.159	11.757	-9.902
8.59	12.381	-11.005
9.274	12.828	-11.197
10.039	12.332	-10.149
10.927	14.261	-10.618
11.105	14.26	-10.311
10.249	12.33	-9.785
10.365	12.334	-9.214
12.067	14.231	-9.811
11.503	12.3	-8.622
11.674	12.24	-8.479
11.681	11.688	-7.54
11.512	11.591	-7.415
11.446	11.072	-6.373
11.902	11.574	-7.555
11.667	10.958	-6.388
13.508	11.292	-6.941
13.761	10.779	-6.245
11.864	10.559	-5.847
13.276	9.988	-5.73
13.271	9.979	-5.714
11.86	10.551	-5.833
13.497	9.955	-5.438
13.284	9.987	-5.724
13.508	9.962	-5.446
13.77	10.778	-6.238
14.838	10.643	-5.839
14.338	9.857	-5.135
15.032	10.768	-5.855
15.368	10.533	-5.828
14.674	9.622	-5.109
16.824	11.234	-3.879
14.86	9.554	-5.212
16.937	11.095	-4.04
16.869	11.121	-3.81
14.716	9.518	-5.046
16.362	9.285	-5.045
17.21	10.721	-3.316
16.766	8.811	-4.461
16.835	8.636	-4.327
17.794	8.128	-4.216
17.999	8.158	-4.318
19.368	9.513	-3.349
20.126	9.218	-3.915
18.897	7.809	-4.988
19.258	8.166	-5.26
19.328	7.994	-5.392
18.967	7.637	-5.12
20.158	6.679	-5.63
19.941	6.321	-5.479
18.733	7.253	-4.958
19.473	5.469	-4.739
20.924	5.44	-5.675
20.295	4.732	-4.904
21.84	4.186	-5.597
21.347	5.709	-5.971
22.194	4.411	-5.845
22.939	5.314	-6.367
23.476	4.903	-6.277
22.687	4.033	-5.762
24.614	4.383	-5.804
24.747	3.66	-5.74
22.82	3.31	-5.699
25.241	2.739	-5.121
23.688	3.055	-6.133
24.627	2.833	-5.909
25.192	2.498	-5.15
22.77	3.069	-5.728
22.976	2.884	-5.954
22.536	2.485	-5.899
22.402	2.735	-5.682
22.302	1.938	-5.966
22.992	2.352	-6.219
22.793	1.795	-6.309
25.205	2.052	-5.372
25.217	2.015	-5.39
22.807	1.746	-6.333
24.352	0.26	-5.912
23.749	-0.318	-5.735
22.204	1.169	-6.157
23.41	-0.674	-5.639
24.746	-2.09	-4.947
24.253	-2.171	-4.973
25.437	-2.557	-4.737
25.365	-3.364	-5.476
24.175	-3.048	-5.776
24.653	-3.128	-5.897
25.602	-3.538	-5.886
24.957	-3.351	-6.425
25.513	-3.468	-6.226
26.124	-3.212	-7.425
25.614	-3.076	-7.714
26.654	-3.17	-7.714
26.703	-2.634	-8.313
25.663	-2.54	-8.314
25.721	-2.128	-8.771
26.704	-2.633	-8.314
25.722	-2.127	-8.772
26.246	-1.99	-8.971
25.631	-1.017	-9.917
25.108	-1.153	-9.718
25.645	-0.609	-11.945
25.115	0.01	-11.948
24.481	-0.42	-9.722
23.297	0.844	-10.619
26.225	-1.223	-9.969
26.146	-0.784	-11.989
27.36	-1.479	-10.695
28.057	-1.502	-11.331
26.903	-0.809	-12.68
28.298	-1.602	-11.389
28.737	-1.22	-11.653
27.274	-0.486	-12.904
27.824	-0.083	-12.879
27.677	0.092	-13.507
27.144	-0.331	-13.46
28.131	0.349	-13.966
27.297	1.07	-14.623
26.31	0.39	-14.118
26.734	0.908	-14.25
26.225	1.301	-14.157
25.86	0.738	-14.035
24.65	2.131	-14.749
24.464	1.982	-14.718
25.703	0.613	-14.009
23.662	0.924	-15.479
23.205	0.128	-15.014
25.246	-0.183	-13.543
23.158	0.249	-14.333
22.635	3.53	-15.608
22.117	2.232	-16.231
21.388	3.118	-15.623
20.476	2.422	-15.7
21.205	1.536	-16.309
19.12	2.181	-15.945
19.098	2.114	-15.957
21.185	1.479	-16.319
19.12	1.848	-15.94
19.004	0.772	-15.351
21.06	0.311	-15.679
20.734	0.455	-15.084
18.038	1.183	-16.053
18.296	1.124	-16.015
17.477	0.084	-15.994
16.341	1.827	-15.614
16.043	0.628	-15.623
15.117	1.353	-15.035
14.578	0.253	-14.528
15.504	-0.472	-15.116
15.143	-0.246	-14.568
16.341	1.828	-15.614
15.117	1.354	-15.035
16.237	2.075	-15.617
16.038	2.485	-15.508
14.901	1.8	-14.916
15.01	3.006	-14.929
14.607	3.051	-14.788
14.463	1.849	-14.762
13.193	2.145	-14.66
13.018	1.479	-14.705
14.273	1.125	-14.809
13.188	1.293	-14.612
14.335	3.492	-14.666
12.922	2.586	-14.539
14.031	3.7	-14.431
15.63	4.484	-14.371
15.437	4.778	-14.11
17.212	4.776	-14.565
17.329	5.019	-14.055
15.536	4.983	-13.679
17.208	5.125	-13.454
17.166	5.217	-13.202
15.494	5.076	-13.426
17.446	5.696	-12.947
17.219	5.698	-12.14
15.302	5.078	-12.745
15.358	4.944	-12.152
15.131	5.012	-12.123
15.111	5.135	-12.72
14.396	7.308	-11.521
14.155	5.763	-12.223
14.006	6.213	-11.975
13.35	7.269	-12.075
14.065	5.096	-13.274
12.413	6.346	-12.087
12.107	6.094	-12.257
13.787	4.868	-13.428
13.048	4.86	-12.594
11.968	6.001	-12.299
12.898	4.76	-12.639
11.65	5.929	-12.446
11.59	6.815	-12.331
11.335	6.61	-12.473
10.764	8.181	-13.087
9.924	7.75	-13.242
10.681	6.275	-12.593
9.754	7.589	-13.112
9.203	7.884	-13.5
9.194	7.693	-13.313
8.497	8.148	-14.303
7.919	8.098	-13.919
8.616	7.643	-12.929
7.61	8.139	-13.612
7.46	8.157	-13.374
8.477	7.66	-12.709
8.282	7.841	-12.723
7.58	9.807	-15.117
7.242	9.995	-14.914
7.157	11.239	-15.018
7.892	9.903	-15.166
7.469	11.335	-15.068
8.78	10.884	-15.427
9.009	11.584	-15.469
7.698	12.035	-15.11
8.941	11.79	-15.312
8.991	12.008	-15.237
7.737	12.205	-15.052
8.035	12.49	-14.907
9.239	12.427	-15.067
8.244	12.843	-14.763
9.721	12.86	-15.117
9.906	13.758	-13.637
8.401	13.602	-13.513
8.909	13.494	-13.219
9.969	13.775	-13.478
8.972	13.511	-13.059
10.54	14.588	-12.873
10.558	14.409	-11.857
8.991	13.324	-11.995
9.076	13.227	-11.761
10.604	14.36	-11.725
9.114	13.187	-11.653
10.753	14.651	-11.114
11.149	15.524	-12.232
11.235	15.681	-11.563
11.215	15.875	-12.827
12.813	16.056	-12.823
12.832	15.862	-11.559
12.953	15.728	-12.228
13.481	15.303	-12.003
13.298	15.485	-11.36
15.393	15.09	-11.464
15.349	14.817	-10.393
13.261	15.255	-10.455
15.382	14.654	-9.807
15.024	13.93	-9.306
12.903	14.531	-9.954
13.816	13.423	-9.897
13.359	13.036	-9.834
12.408	14.111	-9.886
11.987	12.129	-8.548
13.544	12.912	-9.724
12.172	12.005	-8.438
13.978	12.003	-8.622
13.995	11.956	-8.438
12.185	11.968	-8.295
13.872	11.798	-7.891
14.501	12.165	-8.263
14.378	12.007	-7.717
15.477	13.769	-7.586
15.981	13.451	-6.567
14.974	11.631	-6.511
15.138	11.537	-6.378
16.351	13.299	-6.419
15.478	11.397	-6.242
16.944	12.172	-4.328
16.504	11.154	-5.351
16.55	11.177	-5.291
17.127	14.242	-6.131
17.72	13.115	-4.039
18.279	13.233	-4.413
18.437	13.364	-4.114
17.86	13.23	-3.775
18.671	14.741	-2.969
18.3	14.412	-1.906
17.457	12.873	-2.62
18.362	14.206	-1.747
18.459	13.931	-1.443
17.539	12.641	-2.364
18.443	13.854	-0.794
18.58	13.386	-0.527
17.655	12.246	-2.138
18.62	13.213	-0.326
19.193	12.614	-0.296
18.277	11.595	-2.105
19.694	11.999	-1.391
19.868	11.692	-1.553
18.465	11.263	-2.281
19.121	11.141	-2.426
19.087	11.028	-2.478
18.435	11.163	-2.327
19.551	10.506	-2.48
19.049	9.849	-3.318
17.933	10.506	-3.165
17.501	8.438	-4.187
19.168	11.098	-2.438
19.622	10.569	-2.446
19.906	11.658	-1.563
21.059	11.501	-1.673
20.875	10.399	-2.566
21.275	11.528	-1.829
21.708	11.596	-2.205
21.241	10.457	-2.883
22.333	11.735	-2.375
22.476	11.697	-2.6
21.363	10.425	-3.073
22.262	11.317	-3.306
22.231	11.107	-4.501
21.329	10.197	-4.371
21.76	10.858	-5.628
21.546	10.666	-5.806
21.096	9.988	-4.565
21.334	10.527	-5.891
21.054	10.341	-6.009
20.86	9.831	-4.665
20.833	9.58	-6.788
20.738	9.489	-6.776
20.764	9.741	-4.653
20.014	8.785	-6.133
20.757	9.415	-6.835
20.037	8.697	-6.203
21.028	7.702	-6.82
20.922	7.462	-6.602
19.932	8.457	-5.985
20.719	7.109	-6.181
21.719	6.727	-6.734
21.46	6.426	-6.304
23.042	5.966	-6.67
22.278	7.178	-8.503
23.514	6.347	-8.164
23.824	6.421	-9.385
24.458	6.215	-9.252
24.203	6.124	-8.02
25.732	6.044	-7.851
25.663	6.048	-7.081
24.129	6.128	-7.184
25.528	5.918	-6.777
25.068	5.055	-5.847
23.711	5.343	-6.339
24.831	4.788	-5.86
25.547	4.262	-5.34
25.232	4.125	-5.436
25.726	3.204	-4.817
25.56	4.267	-5.334
25.737	3.208	-4.812
25.997	3.451	-4.786
26.375	2.568	-4.217
26.053	2.469	-4.336
26.759	2.215	-3.896
26.572	1.591	-4.073
25.908	1.984	-4.473
26.669	1.137	-3.883
26.514	0.758	-4.246
25.765	1.635	-4.807
25.057	-0.228	-5.163
26.821	0.124	-3.996
25.421	-0.979	-4.867
25.945	-1.263	-4.777
25.661	-1.818	-4.716
25.116	-1.577	-4.802
25.725	-2.157	-4.624
26.822	-1.926	-4.716
26.697	-2.248	-4.623
27.405	-1.787	-4.8
27.65	-2.284	-4.915
26.887	-2.635	-4.713
28.107	-2.474	-4.934
28.017	-3.441	-5.823
26.805	-3.525	-5.531
27.544	-3.429	-5.967
27.246	-3.557	-6.42
26.573	-3.625	-5.883
26.675	-3.572	-6.221
28.788	-3.291	-7.029
28.456	-3.252	-7.394
29.45	-3.321	-8.752
28.55	-3.025	-9.526
27.392	-2.903	-8.31
28.111	-2.608	-9.568
27.711	-2.286	-9.721
26.992	-2.58	-8.464
26.533	-1.938	-9.12
27.535	-1.93	-10.272
26.358	-1.582	-9.671
27.463	-1.757	-10.463
30.161	-2.508	-10.89
30.018	-1.996	-11.182
30.469	-1.587	-11.418
29.393	-0.698	-11.937
28.942	-1.107	-11.702
28.018	0.025	-12.926
29.551	-0.562	-12.059
28.169	0.155	-13.042
28.567	0.404	-13.554
29.618	-0.541	-12.089
28.623	0.422	-13.579
29.804	-0.402	-12.222
30.549	0.347	-12.379
29.432	1.235	-13.75
31.861	0.689	-12.708
29.747	1.358	-13.002
31.19	1.033	-12.382
31.947	1.245	-12.619
29.519	1.79	-13.661
30.158	2.198	-12.437
29.471	3.273	-12.379
28.773	2.958	-13.598
29.237	3.383	-12.311
28.784	3.532	-12.211
28.39	3.084	-13.514
27.491	3.735	-12.883
26.548	3.342	-13.823
27.447	2.691	-14.453
25.361	3.637	-14.646
25.354	3.619	-14.662
27.442	2.676	-14.467
25.264	3.643	-14.913
25.044	3.066	-15.131
27.203	2.05	-14.705
25.072	2.878	-14.943
24.97	2.621	-14.901
27.117	1.833	-14.669
26.531	1.769	-14.302
26.551	3.572	-13.738
25.365	3.909	-14.546
25.664	4.169	-14.034
25.245	4.914	-14.168
24.946	4.654	-14.679
25.315	5.137	-14.038
24.758	5.596	-13.945
24.23	5.243	-14.56
24.529	5.503	-14.048
23.522	5.732	-13.576
23.223	5.472	-14.088
21.708	6.196	-14.026
21.666	6.137	-14.268
23.173	5.402	-14.376
21.736	5.885	-14.619
21.23	4.673	-15.505
22.523	3.844	-15.515
21.294	3.384	-15.544
20.625	4.657	-15.567
20.637	3.367	-15.612
19.64	3.818	-15.651
19.384	3.154	-15.773
20.421	2.805	-15.715
19.055	2.634	-15.963
18.702	3.65	-15.948
18.372	3.131	-16.138
18.711	3.918	-15.952
18.041	4.27	-15.753
17.511	3.584	-15.882
17.841	4.103	-15.693
17.197	4.297	-15.104
16.868	3.778	-15.294
15.619	4.112	-14.79
15.565	4.027	-14.862
16.799	3.668	-15.386
16.594	3.506	-15.44
18.594	5.19	-15.103
18.551	5.286	-14.856
19.54	6.044	-14.627
19.38	6.164	-14.261
18.361	5.428	-14.422
18.528	5.996	-13.613
17.651	5.708	-13.23
17.484	5.14	-14.04
17.339	5.227	-13.442
19.757	6.677	-13.729
18.975	6.603	-12.983
18.969	6.746	-12.757
18.375	6.718	-12.483
18.211	6.567	-12.631
17.65	7.827	-11.556
16.817	7.104	-11.014
17.225	5.711	-11.989
15.31	5.72	-10.708
15.304	5.709	-10.717
17.218	5.698	-11.999
15.357	4.943	-12.012
15.157	5.756	-10.749
15.183	4.999	-12.05
14.817	7.4	-11.128
14.783	7.409	-11.166
15.148	5.008	-12.087
14.41	7.305	-11.491
14.831	7.583	-11.287
14.451	7.452	-11.594
15.354	8.243	-12.141
14.608	8.704	-12.801
13.64	7.952	-12.311
14.375	8.836	-12.792
14.306	8.884	-12.807
13.583	7.993	-12.323
13.835	9.221	-13.115
13.152	9.359	-13.072
13.006	8.109	-12.286
11.486	9.072	-13.363
11.287	8.856	-13.275
12.807	7.893	-12.198
11.006	8.415	-12.971
10.994	8.387	-12.96
12.796	7.869	-12.189
11.804	7.006	-12.214
10.547	9.03	-14.073
10.13	8.621	-13.916
10.352	9.371	-14.564
10.081	9.375	-14.652
9.859	8.625	-14.004
9.008	8.724	-14.695
9.642	9.975	-15.313
8.666	9.191	-15.209
9.554	10.173	-15.469
10.376	11.095	-15.671
10.125	11.044	-15.748
10.857	11.528	-15.72
10.157	12.321	-15.599
9.58	11.66	-15.653
9.675	11.887	-15.549
11.372	10.103	-14.675
11.853	10.536	-14.725
13.277	10.157	-14.473
13.645	10.974	-14.947
12.289	11.503	-15.287
13.692	11.404	-15.016
13.878	12.614	-14.689
12.528	13.059	-14.867
12.838	14.441	-14.568
12.224	14.687	-14.899
11.8	13.35	-15.259
11.564	13.392	-15.377
10.436	13.748	-14.927
10.35	13.807	-14.68
10.999	15.074	-14.41
10.716	15.089	-13.489
10.015	13.826	-13.59
10.584	14.636	-12.98
14.04	12.699	-14.606
13.015	14.534	-14.478
13.795	13.618	-14.002
14.253	14.511	-13.033
13.473	15.427	-13.509
15.722	14.968	-12.472
15.677	15.072	-12.327
13.424	15.54	-13.351
13.644	15.146	-12.825
15.547	15.201	-11.667
13.484	15.304	-12.014
15.397	15.091	-11.475
16.278	15.485	-11.431
16.336	15.456	-11.172
17.041	16.19	-10.14
16.561	15.93	-9.571
15.768	15.147	-10.498
16.169	15.38	-9.452
15.947	15.185	-9.321
15.535	14.943	-10.361
15.54	14.76	-9.781
15.621	14.533	-8.568
15.251	14.183	-9.114
15.557	14.44	-7.884
15.485	13.83	-7.738
15.179	13.573	-8.968
14.51	12.238	-8.444
14.386	12.236	-8.613
15.074	13.572	-9.111
13.861	13.093	-9.717
16.542	15.586	-8.162
16.372	15.373	-7.525
16.891	16.112	-8.429
18.312	15.717	-7.938
17.793	14.978	-7.034
18.147	15.14	-7.607
18.335	14.868	-7.557
17.96	14.737	-6.989
19.865	14.146	-6.487
19.822	14.111	-6.364
17.913	14.699	-6.855
19.588	13.992	-6.308
19.32	13.754	-5.843
17.687	14.498	-6.463
19.389	14.008	-4.538
18.176	13.672	-5.984
18.804	13.491	-5.274
19.107	13.881	-4.321
17.405	14.37	-6.245
18.592	13.379	-4.543
18.976	13.871	-3.947
18.444	13.368	-4.12
18.676	14.744	-2.974
19.07	13.981	-4.016
18.763	14.846	-3.037
18.958	14.763	-3.201
18.432	15.001	-1.317
18.354	15.03	-1.571
18.416	14.924	-0.667
18.381	14.763	-0.687
18.327	14.906	-1.587
18.397	14.841	-1.337
18.807	15.736	-1.22
18.791	15.659	-0.571
18.896	17.109	-0.111
18.795	16.937	0.55
18.672	15.455	0.212
18.819	16.751	0.945
19.512	16.279	1.989
19.563	14.849	1.555
20.383	15.558	2.403
20.393	15.536	2.413
19.575	14.822	1.566
20.291	14.345	2.781
20.246	12.935	2.415
19.522	13.153	1.132
19.353	13.032	0.964
20.481	12.673	2.248
19.569	12.791	0.811
19.801	12.843	0.935
19.831	12.436	-0.151
19.593	12.474	-0.034
20.094	11.858	-1.129
21.054	12.539	-0.055
21.045	11.938	-1.054
21.635	12.658	0.126
21.665	12.659	0.111
21.073	11.939	-1.069
21.293	12.091	-1.052
22.119	12.76	-0.065
21.829	12.21	-1.259
22.454	12.348	-1.429
22.567	13.019	-0.014
22.985	12.655	-1.37
23.224	12.776	-1.378
24.102	13.107	-2.339
24.114	13.081	-2.606
24.948	14.024	-2.208
24.91	14.508	-3.28
24.077	13.565	-3.677
24.783	14.834	-4.231
24.648	14.793	-4.499
23.942	13.524	-3.945
23.796	13.127	-4.382
23.07	11.711	-3.538
23.083	11.847	-2.945
22.734	11.434	-3.574
22.963	11.774	-4.82
22.635	11.492	-4.755
22.164	11.243	-5.881
23.093	12.317	-5.207
22.283	11.743	-6.238
22.282	11.911	-6.446
22.812	13.447	-5.293
21.95	13.249	-6.547
23.199	15.42	-5.903
22.747	15.809	-6.268
21.415	13.709	-6.98
21.243	13.891	-6.886
20.491	13.987	-7.307
20.448	13.832	-7.522
19.158	15.303	-8.785
19.159	15.302	-8.787
20.449	13.83	-7.524
19.546	14.086	-8.718
19.644	14.013	-8.81
20.565	13.744	-7.633
20.466	13.509	-8.231
21.336	13.088	-8.211
21.436	13.322	-7.612
21.437	12.985	-8.437
21.85	12.472	-8.305
21.967	12.662	-7.442
21.867	12.428	-8.041
21.584	10.463	-7.224
21.683	10.697	-6.625
21.365	9.881	-7.309
21.575	10.433	-8.505
21.358	9.855	-8.391
21.211	9.598	-8.92
21.196	9.377	-8.799
21.344	9.669	-8.288
21.745	8.065	-8.422
21.536	7.892	-7.36
21.117	9.482	-7.136
21.454	7.781	-7.175
21.7	7.944	-8.734
21.666	7.847	-8.941
21.138	9.222	-9.2
20.843	8.993	-9.815
21.37	7.618	-9.556
20.709	8.843	-9.992
20.675	8.806	-10.047
21.327	7.57	-9.626
21.117	7.341	-10.107
21.452	6.978	-10.099
21.687	7.179	-9.618
23.159	6.349	-10.521
23.368	6.422	-10.246
21.896	7.251	-9.343
23.527	6.477	-10.038
24.379	6.425	-10.451
24.313	6.479	-10.197
25.425	6.581	-10.88
25.86	6.275	-10.216
24.748	6.174	-9.534
26.017	6.005	-9.91
26.02	5.997	-9.899
24.75	6.167	-9.524
26.024	5.996	-8.122
27.049	5.702	-9.876
26.972	5.725	-8.101
28.174	5.421	-8.034
28.078	5.762	-6.795
26.892	6.01	-7.064
27.535	5.711	-6.598
27.501	5.714	-6.55
26.866	6.013	-7.027
26.966	5.876	-6.713
26.071	4.051	-5.032
25.636	4.329	-5.302
26.073	3.513	-4.754
27.353	4.158	-4.603
27.265	3.613	-4.355
27.716	3.339	-4.045
28.043	4.335	-4.792
28.406	3.516	-4.233
28.95	3.703	-4.429
29.812	1.866	-3.78
29.268	1.679	-3.584
30.38	1.656	-3.803
30.349	1.028	-3.968
29.234	1.004	-3.762
28.918	0.641	-3.621
30.333	0.251	-4.742
28.904	-0.065	-4.324
29.185	-1.639	-5.22
28.38	-1.976	-4.88
28.099	-0.402	-3.984
27.973	-1.696	-4.851
27.372	-1.653	-4.794
27.591	-0.366	-3.936
26.792	-1.802	-4.71
30.953	0.064	-5.598
29.748	-1.809	-5.998
30.247	-0.98	-6.812
30.29	-1.446	-7.283
29.795	-2.315	-6.509
30.842	-2.311	-8.202
30.4	-3.03	-8.497
29.316	-3.096	-6.83
29.977	-3.125	-8.553
30.966	-2.484	-10.414
30.592	-2.532	-10.635
30.979	-1.615	-11.116
31.224	-2.397	-10.283
31.312	-1.503	-10.947
32.466	-1.302	-10.908
32.433	-0.963	-11.431
31.277	-1.149	-11.495
32.453	-0.638	-12.036
32.155	-0.311	-12.436
30.924	-0.763	-11.969
30.82	-0.575	-12.128
33.632	-0.797	-11.44
33.515	-0.491	-12.044
34.13	-1.103	-11.073
34.82	-0.057	-10.85
34.205	0.555	-11.821
34.412	0.384	-11.188
34.419	0.594	-11.138
34.211	0.74	-11.777
34.764	1.695	-11.104
33.825	2.678	-12.043
33.418	1.571	-12.57
33.579	2.758	-12.114
32.471	2.892	-11.95
32.214	1.717	-12.391
30.404	2.632	-12.227
32.353	3.5	-11.636
30.285	3.24	-11.912
32.248	3.632	-11.427
32.191	3.745	-11.297
30.241	3.328	-11.811
32.013	4.27	-10.957
31.995	4.291	-10.943
30.227	3.345	-11.8
30.209	3.475	-11.567
31.599	4.765	-10.43
29.813	3.949	-11.055
31.097	4.649	-10.073
30.765	4.794	-9.718
29.42	4.12	-10.635
30.513	5.156	-9.307
30.158	5.18	-9.034
29.066	4.144	-10.362
28.843	4.156	-10.214
28.786	4.172	-10.292
28.992	4.164	-10.462
27.615	5.262	-10.5
27.31	4.97	-11.678
28.631	3.818	-11.857
27.361	3.977	-12.583
27.004	5.157	-11.902
27.056	4.165	-12.807
26.769	5.495	-12.049
26.571	5.538	-12.196
26.842	4.212	-12.966
25.908	5.147	-13.223
25.865	5.044	-13.453
26.795	4.1	-13.215
25.952	4.793	-13.415
25.575	6.419	-11.888
24.911	6.028	-12.915
24.726	6.059	-12.725
25.246	6.439	-11.522
24.304	6.085	-12.254
24.149	6.243	-11.276
23.455	6.158	-11.372
23.61	6.0	-12.35
23.205	5.933	-11.874
22.928	5.83	-12.099
23.282	5.878	-12.615
21.606	6.044	-12.675
21.606	6.044	-12.686
23.282	5.878	-12.626
21.506	6.32	-13.223
20.478	6.479	-12.469
20.553	6.688	-13.039
19.702	6.756	-12.122
20.515	6.458	-12.366
19.73	6.74	-12.042
20.408	7.072	-10.851
20.253	7.178	-10.794
19.6	6.828	-11.995
19.951	8.669	-10.622
19.656	8.792	-10.712
19.305	6.952	-12.085
18.66	8.08	-11.123
19.566	8.938	-10.741
18.561	8.238	-11.155
19.126	9.626	-11.083
18.357	9.91	-11.317
17.912	8.479	-11.352
16.797	9.645	-12.137
16.275	8.947	-12.354
17.471	7.889	-11.536
16.086	8.791	-12.46
15.453	8.258	-12.071
16.784	7.311	-11.113
14.959	7.602	-11.197
14.929	7.436	-11.066
16.758	7.17	-11.002
15.251	5.787	-10.697
15.401	9.373	-13.247
15.406	9.122	-13.155
14.856	9.877	-14.077
14.091	9.554	-13.854
14.702	8.824	-12.949
14.024	9.328	-13.291
14.007	9.316	-13.275
14.688	8.815	-12.936
14.479	8.979	-12.967
13.365	9.767	-13.95
13.165	9.58	-13.405
11.497	9.259	-13.645
13.262	9.973	-14.241
11.394	9.464	-13.936
11.354	9.884	-14.401
15.994	10.248	-13.208
15.357	10.617	-14.044
16.31	11.178	-13.388
16.229	11.616	-13.677
15.288	10.986	-14.288
16.234	11.852	-13.803
16.155	11.998	-13.905
15.201	11.145	-14.399
15.125	11.561	-14.511
15.611	13.132	-13.798
14.581	12.696	-14.405
14.383	13.614	-13.783
15.636	13.193	-13.764
14.409	13.679	-13.745
15.459	13.34	-13.627
15.55	13.874	-13.21
14.486	14.131	-13.393
15.898	14.341	-12.937
15.83	14.507	-12.81
14.428	14.27	-13.286
15.884	14.747	-12.705
16.931	15.415	-11.513
16.74	15.453	-11.697
17.543	16.156	-10.429
18.418	14.174	-11.232
18.8	15.108	-10.191
19.187	13.892	-10.121
18.432	14.138	-11.25
19.199	13.861	-10.137
19.469	13.2	-11.051
20.031	12.847	-10.657
19.81	13.477	-9.71
20.912	12.819	-9.282
20.935	12.984	-9.081
19.835	13.656	-9.491
20.691	13.087	-9.039
20.183	12.673	-10.758
21.064	12.645	-9.382
20.432	12.353	-10.594
20.878	11.379	-10.555
21.474	11.748	-9.346
21.384	11.498	-9.379
20.814	10.916	-10.497
21.309	10.95	-9.312
20.945	10.115	-9.727
20.404	10.386	-11.073
20.459	9.487	-10.408
20.41	9.227	-10.453
19.693	10.189	-11.391
19.755	9.047	-10.746
19.37	9.766	-11.089
18.896	10.783	-11.753
18.426	10.468	-11.517
17.141	10.666	-12.113
17.096	10.511	-12.072
18.373	10.285	-11.468
16.813	10.019	-12.289
17.034	10.613	-12.209
16.74	10.141	-12.451
17.057	11.071	-12.631
17.142	10.683	-12.122
17.183	11.154	-12.528
18.896	10.8	-11.761
19.075	11.22	-11.939
17.395	11.65	-12.738
18.933	11.629	-11.996
19.002	12.076	-12.084
17.483	12.224	-12.852
17.832	12.692	-12.579
17.382	13.313	-13.068
17.034	12.845	-13.341
16.861	12.808	-13.542
16.487	14.041	-13.174
16.164	13.374	-13.624
16.139	13.573	-13.447
19.239	12.536	-11.99
18.136	13.284	-12.458
18.308	13.227	-12.261
18.542	13.873	-11.418
18.436	14.115	-11.373
19.472	13.182	-11.147
21.385	6.081	-12.13
21.217	6.721	-10.631
22.906	6.074	-11.093
21.406	6.079	-12.161
22.927	6.072	-11.124
22.759	5.86	-11.665
28.743	4.159	-10.108
27.568	5.249	-10.3
30.029	5.185	-8.898
27.679	4.821	-9.899
29.531	4.714	-8.797
30.003	5.219	-8.85
27.546	5.277	-10.26
28.72	4.954	-8.456
30.011	5.68	-8.48
28.728	5.383	-8.112
30.002	5.864	-8.286
30.291	6.064	-6.844
29.074	5.622	-6.389
30.383	5.938	-6.627
30.46	5.788	-6.389
29.145	5.483	-6.168
29.628	5.25	-5.909
29.132	4.929	-5.362
28.685	5.184	-5.66
28.187	5.089	-5.376
28.998	4.185	-4.785
28.052	4.345	-4.799
28.96	3.712	-4.436
30.181	4.091	-4.782
30.143	3.619	-4.434
31.029	3.736	-4.613
31.191	3.089	-4.235
30.305	2.971	-4.056
30.838	2.684	-4.06
31.802	0.572	-6.474
31.406	0.344	-6.142
30.626	-0.745	-7.267
31.854	0.613	-6.622
30.666	-0.714	-7.382
31.794	-0.582	-8.441
31.74	-0.935	-8.537
30.617	-1.039	-7.471
31.168	-1.904	-8.39
32.062	-1.174	-8.8
31.465	-2.124	-8.632
33.359	-1.254	-8.809
33.375	-1.684	-10.253
31.479	-2.521	-9.961
32.779	-1.454	-10.513
32.092	-0.696	-8.569
33.39	-0.775	-8.578
32.796	-0.427	-8.62
32.993	-0.104	-8.51
33.564	-0.489	-8.48
32.414	0.817	-6.658
33.058	1.387	-6.691
34.108	-0.008	-8.508
33.567	1.14	-8.324
33.708	1.214	-8.374
34.249	0.067	-8.559
35.424	1.859	-6.995
34.855	0.78	-8.677
35.427	1.653	-7.916
36.287	2.035	-7.846
35.112	0.243	-9.409
35.102	1.831	-9.451
35.192	1.814	-9.825
35.187	0.229	-9.725
35.355	2.012	-9.901
35.339	1.981	-10.265
35.17	0.195	-10.12
35.171	1.774	-10.292
34.832	1.669	-10.982
34.884	0.106	-10.703
34.484	0.57	-11.022
35.438	3.496	-10.28
35.299	3.722	-10.312
35.826	4.576	-9.248
35.552	4.947	-9.39
34.976	4.161	-10.48
34.797	4.686	-10.14
34.226	4.875	-10.73
34.405	4.35	-11.071
34.102	5.112	-10.733
33.435	5.081	-11.034
33.548	4.31	-11.458
33.37	4.835	-11.118
33.169	6.017	-9.948
33.027	6.039	-9.722
33.033	6.948	-8.658
32.484	6.857	-8.55
32.378	5.931	-9.593
31.684	6.151	-8.89
30.986	5.484	-9.37
31.68	5.264	-10.073
31.164	5.071	-9.771
31.99	7.177	-7.815
31.1	6.531	-8.021
30.849	6.525	-7.928
31.921	7.106	-6.965
30.785	6.46	-7.145
31.018	6.447	-7.014
31.96	7.045	-6.79
31.064	6.374	-6.808
31.65	6.569	-6.59
31.625	5.569	-5.63
31.039	5.374	-5.848
30.206	4.837	-5.368
31.842	5.227	-5.409
30.423	4.495	-5.147
31.271	4.14	-4.978
32.065	5.156	-5.293
31.494	4.069	-4.861
32.29	5.082	-5.168
32.728	4.83	-4.998
32.057	3.745	-4.643
33.913	4.697	-3.93
34.421	3.801	-3.841
32.71	2.593	-4.528
34.616	3.62	-3.869
35.176	3.077	-4.643
33.27	2.05	-5.301
33.392	2.091	-5.494
33.321	1.654	-6.437
33.179	1.488	-6.514
35.385	1.87	-6.794
35.378	1.878	-6.845
33.169	1.497	-6.574
34.165	2.171	-7.245
34.123	2.147	-7.332
33.116	1.467	-6.685
33.616	1.208	-8.319
34.205	2.155	-7.381
33.705	1.216	-8.372
35.421	1.861	-6.992
33.412	2.084	-5.528
35.484	2.337	-5.807
35.201	3.068	-4.686
35.282	3.036	-4.645
35.553	2.309	-5.772
36.089	2.012	-4.072
36.234	1.76	-4.166
35.675	2.097	-5.851
36.309	1.193	-4.067
38.405	1.31	-4.98
37.446	2.196	-6.623
38.33	1.877	-5.079
38.587	2.598	-5.107
37.663	2.805	-6.646
38.932	3.793	-5.549
38.932	3.796	-5.553
37.663	2.809	-6.65
38.341	3.777	-7.093
37.827	3.597	-8.274
37.15	2.628	-7.832
37.275	3.229	-8.116
36.698	3.174	-8.403
36.639	2.579	-8.086
35.609	2.526	-9.832
35.37	2.126	-9.685
36.38	2.145	-7.926
35.212	1.961	-9.547
36.552	4.284	-8.892
35.49	3.43	-10.231
35.882	4.504	-9.194
36.564	4.323	-8.892
35.893	4.539	-9.193
37.198	4.565	-8.961
37.024	6.002	-8.141
35.718	5.976	-8.373
36.367	5.947	-7.965
36.224	6.048	-7.741
35.591	6.066	-8.175
34.882	6.992	-7.623
34.263	6.899	-8.206
34.918	5.965	-8.808
33.894	6.823	-8.43
33.856	6.794	-8.467
34.88	5.936	-8.846
34.002	5.857	-9.496
34.118	5.769	-9.637
34.978	5.862	-8.965
34.017	5.807	-9.882
34.245	5.555	-10.114
35.225	5.587	-9.217
34.411	5.444	-9.935
33.883	5.906	-9.555
33.834	5.914	-9.819
33.755	6.835	-8.518
33.534	7.028	-6.028
33.103	6.963	-6.063
33.004	6.472	-5.729
33.668	6.94	-5.968
33.176	6.359	-5.652
34.51	6.3	-4.562
34.202	5.802	-4.212
32.868	5.862	-5.302
32.914	5.631	-5.175
34.123	5.524	-4.069
32.852	5.415	-5.063
34.037	5.282	-3.996
33.693	6.966	-5.971
34.542	6.333	-4.567
34.819	6.801	-4.214
35.327	5.184	-2.465
35.051	4.716	-2.818
35.717	4.907	-2.059
35.973	4.372	-2.107
35.355	4.083	-2.875
36.162	3.06	-2.302
36.491	4.405	-1.563
36.775	3.098	-1.658
37.404	3.32	-0.873
37.498	2.548	-0.731
36.868	2.327	-1.516
37.311	1.597	-0.951
37.29	1.573	-0.966
36.847	2.303	-1.531
36.922	1.736	-1.432
37.174	-0.124	-1.468
36.807	0.039	-1.934
37.363	-0.663	-1.408
37.393	-0.958	-1.816
36.839	-0.278	-2.372
37.432	-1.19	-2.085
37.622	-1.394	-2.818
37.084	-0.541	-3.316
37.057	-0.508	-3.543
37.712	-0.514	-4.06
37.927	-0.547	-3.981
38.277	-1.399	-3.336
39.028	-1.205	-3.355
38.892	-0.298	-4.005
39.301	-0.977	-3.334
39.717	-0.68	-3.272
39.339	0.021	-3.939
39.707	-0.141	-3.473
40.183	1.554	-3.256
39.816	1.717	-3.722
39.741	2.284	-3.822
40.187	1.563	-3.248
39.744	2.293	-3.813
40.374	2.514	-3.028
40.356	2.878	-3.116
39.727	2.657	-3.901
40.147	3.866	-4.251
39.585	3.817	-5.097
39.165	2.607	-4.748
39.382	3.8	-5.27
39.608	4.471	-5.681
39.399	4.309	-5.724
38.848	4.334	-7.279
39.392	6.071	-5.844
38.666	5.686	-7.416
39.012	6.607	-5.913
38.741	6.894	-6.035
38.437	5.928	-7.52
38.548	7.058	-6.121
37.411	7.277	-6.167
37.202	6.166	-7.569
36.568	6.132	-7.319
37.403	7.279	-6.163
36.559	6.134	-7.314
36.31	6.429	-6.679
36.089	6.434	-6.763
36.308	6.139	-7.408
34.951	7.066	-7.352
35.999	6.652	-6.371
34.869	7.266	-6.991
36.901	7.44	-5.722
36.6	7.643	-5.296
34.635	7.424	-6.659
36.03	7.39	-5.098
35.542	7.434	-4.69
34.255	7.459	-6.342
35.44	7.539	-4.465
34.901	7.09	-4.105
33.716	7.01	-5.982
34.849	6.857	-4.228
35.031	7.147	-3.125
35.016	6.931	-2.967
34.73	8.754	-1.979
34.943	8.528	-1.501
35.228	6.705	-2.489
35.249	8.195	-1.073
35.755	7.782	-0.605
35.827	6.217	-1.934
36.139	5.779	-1.61
35.788	7.772	-0.572
36.173	5.769	-1.577
35.716	7.697	0.034
36.293	7.525	0.381
36.66	5.623	-1.284
37.317	7.168	0.243
37.496	7.022	0.311
36.811	5.5	-1.226
37.362	5.402	-1.02
37.039	4.223	-1.311
36.538	4.504	-1.472
37.459	3.436	-0.766
37.974	5.12	-0.739
38.395	4.333	-0.194
38.108	6.74	0.592
38.109	6.74	0.593
38.396	4.333	-0.193
38.788	4.63	-0.075
40.978	4.389	-1.462
40.988	4.048	-1.835
41.191	5.27	-3.099
40.841	4.464	-4.057
40.574	3.094	-2.968
40.365	4.082	-4.103
40.427	6.321	-5.229
39.875	6.28	-5.49
40.449	6.736	-5.093
40.376	6.824	-5.083
39.78	6.393	-5.478
39.401	6.929	-5.547
40.367	7.132	-4.962
39.39	7.326	-5.392
39.727	8.436	-5.099
39.7	8.451	-5.123
39.362	7.341	-5.417
39.345	8.703	-5.664
38.935	8.652	-6.036
38.876	7.28	-5.857
38.652	7.359	-5.983
37.306	8.93	-5.859
37.152	7.615	-5.82
36.947	7.609	-5.647
36.905	7.438	-5.726
37.12	7.482	-5.881
36.003	6.65	-6.374
37.036	9.087	-5.449
36.628	7.795	-5.162
36.054	9.303	-4.554
36.021	9.282	-4.533
36.595	7.775	-5.142
36.025	7.522	-4.944
35.661	9.237	-4.343
35.664	7.477	-4.754
35.686	8.989	-4.247
35.612	8.973	-4.195
35.57	7.457	-4.687
35.462	7.556	-4.463
35.339	8.95	-3.917
35.189	7.533	-4.185
35.215	9.187	-3.92
34.96	8.98	-3.003
34.991	7.372	-3.472
34.678	9.043	-2.426
34.657	9.877	-3.248
34.375	9.939	-2.67
34.203	10.087	-2.528
33.907	10.094	-1.306
33.994	9.948	-1.099
33.496	10.711	-0.252
33.588	10.55	-0.039
34.113	9.741	-0.825
33.688	10.31	0.312
33.758	10.197	0.397
34.196	9.607	-0.725
34.331	9.277	0.216
34.821	8.414	-0.157
34.686	8.745	-1.098
35.032	8.378	-0.733
33.759	10.104	1.225
34.332	9.167	1.197
34.383	9.044	1.429
35.275	8.118	1.886
35.477	7.976	1.784
35.996	7.741	3.05
36.052	7.692	3.018
35.538	7.924	1.75
36.264	7.561	2.496
37.061	7.132	1.513
36.335	7.495	0.767
37.358	7.138	0.629
37.64	6.826	1.706
37.938	6.832	0.822
38.189	6.625	1.669
38.457	6.525	1.565
38.207	6.731	0.718
38.871	4.623	0.031
39.326	6.197	2.145
39.605	4.346	0.521
39.596	6.026	2.656
39.812	5.245	0.622
39.826	6.111	1.631
40.111	6.034	2.642
40.04	4.352	0.51
40.682	5.937	2.736
40.172	4.96	0.464
40.655	6.173	2.101
41.218	6.085	2.468
40.527	4.487	0.266
41.46	6.246	2.26
40.329	4.98	0.304
41.111	6.398	1.944
41.582	6.549	1.94
40.659	4.816	-0.081
40.678	6.864	0.876
40.441	7.319	-0.155
40.445	5.229	-1.019
39.883	5.857	-1.667
39.923	5.821	-1.737
40.488	5.19	-1.095
40.701	6.071	-2.732
39.914	5.84	-1.739
40.692	6.092	-2.735
40.692	6.525	-2.796
39.863	5.923	-1.724
40.642	6.607	-2.78
40.418	7.397	-0.223
40.082	7.052	-2.394
39.905	7.518	-0.993
40.517	7.736	-0.323
40.725	6.89	-2.864
40.752	8.324	-2.525
40.589	8.704	-4.682
40.575	7.24	-4.85
39.982	8.569	-4.962
40.573	9.072	-4.791
39.964	8.985	-5.085
39.579	9.176	-5.63
40.396	10.228	-4.439
39.402	10.332	-5.278
39.764	10.291	-4.687
38.746	10.85	-4.181
38.501	10.827	-4.83
37.788	11.362	-3.822
38.862	10.9	-3.947
37.91	11.414	-3.576
38.444	11.176	-3.388
38.412	11.364	-2.95
37.873	11.636	-3.057
38.334	13.382	-1.967
37.784	13.659	-2.141
37.221	11.963	-3.264
37.102	13.666	-2.264
36.809	13.71	-2.372
36.914	12.009	-3.378
36.442	14.182	-2.722
36.412	14.181	-2.74
36.878	12.008	-3.4
36.682	12.006	-3.582
35.531	11.741	-3.448
35.398	11.667	-3.228
35.141	12.718	-2.189
35.004	12.619	-2.119
35.236	11.549	-3.145
34.954	11.611	-2.568
34.532	10.964	-2.704
34.814	10.902	-3.281
34.326	10.884	-2.554
34.451	11.457	-2.074
34.262	11.267	-2.064
34.579	12.488	-1.702
34.47	12.454	-1.498
34.162	11.236	-1.876
33.751	11.854	-0.822
34.389	12.905	-1.165
33.676	12.269	-0.516
33.71	13.702	-0.227
33.113	13.178	1.302
33.212	11.861	0.673
33.28	11.734	1.086
33.386	13.056	2.079
33.51	11.631	1.743
33.415	13.161	2.72
33.507	13.072	2.866
33.588	11.555	1.866
32.207	12.756	4.076
33.851	11.887	2.147
32.771	12.91	3.979
32.557	12.549	4.398
33.883	11.38	2.138
33.856	12.865	3.188
33.971	12.82	3.253
33.98	11.342	2.193
34.462	12.491	3.479
34.852	12.201	3.593
34.369	11.052	2.306
34.933	10.919	2.498
34.8	10.292	2.265
34.258	10.522	2.11
34.842	9.429	2.243
34.962	10.292	2.38
34.968	9.429	2.332
35.629	9.308	3.583
35.264	10.816	2.654
35.911	9.795	3.838
35.132	12.114	3.724
35.187	12.139	3.863
35.971	9.823	3.991
35.508	12.106	4.368
35.604	12.078	4.645
36.06	9.797	4.248
36.217	11.469	5.314
36.274	11.244	5.653
36.113	9.588	4.563
36.32	9.481	5.084
36.79	6.938	3.812
36.551	7.225	3.381
36.8	7.058	2.886
37.662	6.581	3.775
37.672	6.701	2.849
38.22	6.5	2.812
37.678	6.574	3.785
38.236	6.493	2.822
38.507	6.323	3.332
38.031	6.373	4.542
38.859	6.122	4.089
38.606	6.289	4.593
39.741	6.381	5.264
40.08	6.221	4.811
40.652	6.111	4.752
39.754	6.393	5.282
40.666	6.123	4.77
40.926	6.189	5.006
42.323	7.759	4.859
42.335	7.999	4.595
42.278	9.473	4.993
42.241	9.878	3.716
42.295	8.444	3.19
42.11	10.242	2.487
42.078	10.154	2.261
42.258	8.339	2.92
42.329	8.132	2.638
41.844	10.036	1.786
42.096	8.014	2.163
41.292	8.615	1.144
41.623	10.387	1.268
41.027	9.035	0.524
41.264	10.892	0.208
41.036	10.864	-0.189
40.754	9.002	0.05
40.407	9.259	-0.303
40.407	9.16	-0.374
40.755	8.91	-0.015
40.968	9.391	-2.245
40.371	9.278	-0.371
40.937	9.491	-2.243
41.008	10.879	-0.241
40.581	11.842	-0.861
40.473	10.536	-2.916
40.292	12.044	-0.92
40.003	12.087	-0.981
40.21	10.575	-2.972
39.056	10.985	-2.576
38.985	11.048	-2.849
40.139	10.639	-3.245
39.473	10.754	-3.338
39.733	12.324	-0.988
38.81	11.2	-2.582
38.732	13.219	-1.599
39.767	13.894	0.825
38.763	14.645	0.049
39.671	13.964	1.396
39.519	13.998	1.513
38.634	14.674	0.148
38.375	15.298	2.167
37.841	15.726	1.977
38.054	15.14	-0.059
37.408	15.339	0.089
37.306	15.478	-1.264
37.964	15.262	-1.256
36.882	15.746	-1.74
36.721	14.47	-2.657
37.803	13.986	-2.173
37.124	14.035	-2.3
36.179	15.81	-0.342
35.884	16.04	-0.924
35.456	16.023	0.538
34.938	16.075	0.371
35.447	16.085	-1.066
34.27	17.674	0.842
34.973	15.873	-0.423
34.267	16.74	0.709
33.727	17.51	0.629
34.989	15.946	-1.245
34.396	15.911	0.158
34.367	15.895	0.146
34.964	15.932	-1.256
34.103	15.898	0.189
33.595	15.197	-0.106
34.413	15.171	-1.576
33.714	14.994	-0.233
33.824	13.963	-0.375
34.506	14.3	-1.696
34.486	13.126	-1.29
35.23	12.792	-2.22
35.25	13.967	-2.625
35.612	11.809	-3.476
32.99	15.009	0.527
32.936	14.753	0.58
31.466	15.79	1.293
31.313	15.193	1.951
32.755	14.046	1.359
30.471	14.049	2.602
30.762	13.418	3.137
33.045	13.415	1.895
31.709	13.688	3.431
31.786	13.606	3.511
33.121	13.334	1.976
31.851	13.124	3.827
32.01	12.957	3.917
33.28	13.167	2.066
33.309	13.273	2.707
31.718	13.598	3.513
31.783	13.115	3.828
31.332	12.698	3.856
29.929	14.409	6.78
30.379	14.827	6.753
29.366	15.04	6.144
29.37	15.048	6.141
30.383	14.835	6.75
30.317	15.317	6.434
33.041	15.553	6.229
33.107	15.071	6.545
34.428	17.288	6.532
34.46	17.269	6.507
33.145	15.048	6.516
34.575	16.222	5.722
34.758	15.986	5.692
33.361	14.769	6.481
35.326	14.652	6.067
35.35	14.417	6.222
33.392	14.468	6.679
33.471	14.253	6.717
33.402	12.908	6.421
33.304	12.738	6.299
35.895	12.147	6.419
35.877	12.006	6.114
33.286	12.597	5.994
35.264	12.616	5.445
35.039	12.441	4.627
33.06	12.422	5.176
34.791	12.422	4.083
34.455	12.503	3.514
32.663	12.518	4.503
33.962	12.834	3.294
33.554	13.501	6.784
36.091	12.909	6.885
35.433	13.665	6.289
35.472	13.729	6.326
36.14	12.991	6.933
36.238	12.985	7.143
36.601	13.479	7.252
36.606	13.626	7.074
35.834	14.222	6.436
36.12	14.524	6.33
36.974	14.013	6.938
36.361	14.623	6.269
36.639	14.798	6.174
37.252	14.188	6.843
37.081	16.041	6.139
37.303	16.078	6.171
37.537	14.236	6.885
37.527	15.71	6.097
38.964	15.4	5.14
39.239	13.869	5.753
39.515	13.867	4.864
39.52	13.862	4.865
39.244	13.865	5.754
39.874	13.527	5.191
40.161	13.105	5.765
39.53	13.442	6.328
39.9	13.012	6.309
38.093	10.579	6.991
37.586	10.826	7.061
37.442	8.942	6.529
36.665	9.068	6.071
36.587	10.987	6.473
36.632	9.224	5.904
37.467	8.931	6.534
37.663	9.048	6.499
38.122	10.566	6.997
39.194	10.309	6.885
38.816	8.772	6.378
39.336	8.519	6.3
39.768	10.433	6.644
39.91	8.643	6.059
40.902	9.813	5.858
41.398	9.373	5.625
40.455	8.16	5.802
41.512	7.667	5.442
40.393	11.445	6.665
41.471	10.732	5.878
41.16	11.131	5.893
42.253	10.646	3.462
42.394	10.323	3.824
42.25	10.652	2.586
42.261	11.261	3.418
42.256	11.13	2.552
42.179	11.354	2.819
41.815	11.894	1.833
41.952	11.582	1.727
41.501	12.336	0.907
41.502	12.334	0.904
41.952	11.579	1.725
41.593	12.084	0.665
41.799	11.982	1.88
41.485	12.425	0.954
41.52	12.384	1.535
41.517	12.575	2.975
41.217	13.022	2.712
41.549	12.575	3.586
40.986	12.925	3.98
40.654	13.372	3.106
40.517	13.214	4.235
40.483	13.241	4.234
40.62	13.399	3.105
40.128	13.576	3.909
39.537	14.096	3.432
40.029	13.92	2.629
38.875	15.265	3.374
38.749	15.375	2.982
39.903	14.029	2.237
38.674	15.322	2.73
37.572	15.982	2.034
37.758	15.794	1.993
37.012	15.5	0.767
37.045	15.465	0.755
37.79	15.762	1.982
37.345	15.383	0.095
36.021	15.842	0.375
36.188	15.809	-0.335
35.465	16.022	0.546
36.055	15.865	0.458
35.505	16.049	0.644
35.861	16.866	1.514
35.692	16.935	1.524
35.288	16.138	0.657
34.62	17.737	1.127
35.929	17.346	1.827
34.925	18.265	1.517
36.023	18.583	2.281
35.827	19.244	2.345
34.693	19.048	1.593
34.54	19.236	1.479
33.233	19.394	0.899
33.012	19.251	0.847
31.797	20.677	0.5
31.682	20.567	0.442
32.877	19.121	0.779
32.251	19.02	0.662
32.29	18.876	0.575
32.916	18.976	0.692
32.104	18.772	0.413
32.245	18.097	0.236
33.098	18.108	0.465
32.471	18.007	0.348
32.566	17.259	0.482
33.192	17.36	0.599
33.709	15.793	0.175
34.104	15.903	0.195
33.7	17.5	0.624
34.368	15.901	0.153
31.66	16.325	0.897
33.004	15.066	0.498
31.482	15.852	1.261
30.767	16.576	0.971
30.727	16.064	1.324
30.15	15.986	1.509
30.738	14.994	2.181
31.225	15.226	1.892
30.366	14.088	2.532
29.408	15.454	1.956
29.035	14.548	2.307
28.543	14.571	2.319
27.837	13.189	3.401
28.2	12.912	3.588
28.219	12.299	4.165
28.662	12.113	4.016
28.768	12.673	3.396
28.909	12.266	3.809
30.211	12.405	3.662
30.169	12.823	3.237
30.731	12.192	3.874
31.324	12.7	3.853
30.762	13.331	3.217
31.71	13.6	3.51
29.458	11.647	4.435
29.922	11.377	4.705
29.121	11.596	4.54
29.002	11.49	4.864
29.768	11.241	5.122
29.861	10.934	5.514
29.283	11.628	6.73
29.084	12.062	6.561
28.47	12.129	5.983
28.389	12.491	6.074
28.981	12.528	6.678
28.584	12.718	6.269
28.916	13.989	6.375
29.338	13.895	6.792
28.776	14.526	6.156
28.033	13.339	5.647
27.826	13.827	5.372
27.928	13.011	5.553
27.772	12.848	5.107
27.624	13.618	4.798
27.351	13.785	4.424
27.308	14.547	4.641
27.573	14.52	5.055
25.803	16.081	5.52
26.581	16.907	6.009
28.493	15.497	5.634
28.478	17.298	5.709
29.053	17.313	5.917
29.174	15.515	5.88
29.576	16.991	5.847
29.718	16.953	5.887
29.316	15.477	5.92
30.264	15.746	6.213
30.699	17.461	6.125
31.245	16.254	6.451
30.954	17.544	6.117
31.562	17.688	5.967
32.027	16.44	6.259
33.571	18.037	6.557
31.465	18.594	5.697
33.466	19.021	6.262
31.357	18.811	5.584
31.455	19.109	5.213
33.549	19.272	5.949
32.832	19.218	4.889
33.324	19.635	4.535
34.04	19.69	5.595
33.973	19.651	4.914
35.284	19.764	4.924
35.2	19.789	5.604
35.769	19.914	4.435
36.662	18.919	4.763
36.094	18.795	5.933
36.293	18.64	5.295
36.301	18.596	5.308
36.101	18.756	5.944
37.413	17.62	5.459
36.567	16.312	5.993
35.182	17.336	6.524
35.297	16.289	5.739
36.57	16.257	5.983
35.301	16.229	5.728
35.982	15.075	5.974
35.91	15.035	5.983
35.24	16.195	5.735
35.769	14.844	6.108
36.31	18.603	5.287
37.42	17.625	5.442
36.677	18.887	4.756
37.211	18.592	3.719
37.912	17.354	4.487
38.188	17.095	4.268
37.186	18.489	3.484
38.163	16.992	4.033
37.904	16.92	3.494
38.909	15.304	3.759
39.013	15.627	4.256
39.572	14.135	3.817
36.842	18.364	2.779
37.496	16.772	2.659
36.929	17.036	2.476
36.828	16.397	1.868
37.396	16.133	2.051
36.863	15.628	0.782
36.538	16.564	1.731
36.617	15.768	0.666
36.378	16.778	1.706
36.73	17.075	2.269
36.528	17.175	2.124
36.674	18.397	2.603
34.508	19.793	3.992
35.083	19.94	3.61
33.811	19.871	3.09
34.206	19.783	2.263
35.416	19.866	2.911
34.161	19.808	2.0
33.418	20.038	2.122
33.548	20.006	1.891
32.139	21.342	1.577
33.056	20.038	2.87
31.833	21.341	2.209
31.941	20.416	3.289
31.168	20.713	3.654
30.993	21.664	2.605
29.966	21.6	3.423
29.433	22.306	2.808
30.46	22.37	1.991
28.97	22.678	2.668
28.594	22.749	1.678
30.142	22.43	1.154
28.01	23.511	1.258
27.991	23.483	1.154
30.121	22.4	1.042
27.944	23.503	0.928
27.938	23.484	0.864
30.116	22.384	0.988
29.455	22.222	1.059
29.519	21.871	0.397
30.173	22.074	0.402
29.027	21.708	-0.043
29.581	20.538	-0.508
30.727	20.904	-0.064
30.145	20.549	-0.129
30.52	19.971	0.159
31.059	20.392	0.192
31.499	18.724	0.251
32.017	18.859	0.444
31.621	20.539	0.401
32.178	18.987	0.614
29.626	19.173	0.334
30.771	18.074	0.393
30.576	17.978	0.549
29.593	19.151	0.356
30.541	17.954	0.572
29.092	19.3	-0.079
29.029	19.255	-0.033
30.466	17.9	0.626
28.374	17.886	-1.498
30.312	17.847	0.731
28.289	17.845	-1.38
28.25	17.699	-1.379
30.307	17.66	0.779
29.469	18.287	0.989
29.316	18.021	1.244
30.126	17.344	1.08
29.509	16.754	1.618
28.873	18.056	1.524
28.985	16.796	1.949
28.772	16.699	2.079
28.783	15.968	2.143
28.998	15.856	2.031
28.197	14.911	2.382
28.469	16.192	2.329
27.856	15.154	2.585
27.0	16.975	2.378
26.504	16.769	2.621
27.361	14.948	2.828
24.926	14.915	1.74
26.624	14.436	2.933
25.351	14.419	2.363
24.524	14.648	2.646
26.959	14.681	3.735
25.485	16.41	3.934
25.491	16.401	4.043
26.964	14.674	3.831
25.459	16.208	4.711
25.346	16.407	4.04
25.331	16.213	4.708
24.401	14.646	2.74
24.793	16.349	4.048
24.273	15.472	2.948
23.948	14.674	2.931
24.878	16.242	4.899
23.674	16.319	4.113
23.351	16.384	4.652
24.606	16.296	5.355
23.119	16.357	4.784
22.849	16.987	5.482
24.312	16.981	6.113
23.004	17.195	5.55
23.375	18.729	5.612
24.626	18.277	6.165
24.579	19.463	5.757
26.252	19.493	5.648
26.3	18.307	6.057
28.197	18.698	5.757
26.313	19.636	5.614
28.258	18.842	5.722
27.24	20.514	5.546
28.245	21.118	5.09
29.349	19.498	5.227
29.187	20.99	4.227
29.204	20.989	4.222
29.366	19.497	5.221
29.946	19.576	5.024
29.338	21.033	4.174
30.104	19.629	4.968
30.282	20.02	4.473
31.602	19.6	4.615
31.424	19.209	5.11
32.806	19.302	4.801
31.658	19.741	4.495
32.853	19.421	4.699
31.66	19.974	4.363
32.009	20.324	3.588
33.233	19.801	3.858
33.143	19.919	3.255
33.666	19.874	3.203
33.675	19.763	3.814
34.37	19.795	4.1
30.625	20.294	4.255
30.857	20.405	4.176
29.628	21.265	3.989
28.261	21.362	5.074
29.205	21.255	4.21
28.358	21.505	4.871
28.336	22.524	4.296
29.186	22.115	3.724
28.678	22.452	3.752
27.858	23.149	3.912
28.201	23.077	3.368
27.459	23.619	3.96
27.279	23.8	3.599
27.988	23.291	2.941
27.363	24.081	2.325
27.416	24.075	2.264
28.04	23.285	2.88
27.58	23.928	2.193
26.727	24.231	3.694
26.71	24.591	2.436
26.24	24.503	3.426
24.721	24.898	2.739
25.191	24.985	1.75
24.269	24.903	1.739
24.268	24.999	1.04
25.191	25.081	1.05
24.473	25.041	0.501
24.949	25.043	-0.121
25.666	25.082	0.429
25.547	24.965	-0.112
27.304	23.129	-0.569
27.556	23.107	-0.062
28.647	21.7	-0.24
28.855	21.807	0.103
27.802	23.234	0.344
29.325	21.984	0.562
27.205	22.984	-0.788
28.558	21.568	-0.439
27.75	21.537	-1.803
28.204	20.103	-2.114
29.051	20.011	-0.776
28.359	18.74	-2.504
28.367	18.721	-2.493
29.058	19.994	-0.766
28.401	18.566	-2.173
27.9	16.634	-2.27
28.011	16.82	-1.987
27.276	15.95	-1.749
27.067	16.522	-0.851
27.848	17.265	-1.288
26.964	16.497	-0.645
26.73	16.942	-0.435
27.614	17.71	-1.078
26.788	18.582	0.084
26.814	18.609	0.082
27.635	17.731	-1.079
28.801	18.322	1.315
28.097	18.184	-0.963
28.924	18.616	0.687
26.727	18.569	0.216
28.727	18.289	1.428
27.183	17.758	2.011
27.303	17.535	2.125
28.847	18.066	1.543
28.748	16.708	2.097
26.701	18.543	0.211
27.161	17.736	2.006
26.662	16.912	-0.337
26.264	17.209	1.065
26.235	17.157	0.912
26.001	16.155	0.049
26.443	16.914	2.425
24.865	15.06	1.544
25.358	16.421	2.559
24.961	15.954	2.337
26.11	15.802	-0.133
24.983	14.676	1.346
25.969	15.627	-0.192
25.697	14.857	-0.792
24.753	14.025	0.84
25.188	14.583	-0.84
24.539	14.089	-1.137
24.204	13.608	0.589
23.784	13.157	-1.506
23.307	12.852	-1.352
23.686	13.276	0.756
22.657	13.102	0.014
22.625	13.063	0.067
23.654	13.237	0.809
22.983	13.093	0.72
23.014	12.988	2.319
23.682	13.145	2.224
22.559	12.728	2.767
22.58	13.61	3.488
23.704	14.026	2.945
23.039	13.984	3.134
23.045	14.627	3.173
23.709	14.596	2.979
23.39	16.227	4.17
22.746	14.603	3.313
23.077	16.201	4.317
22.906	16.214	4.523
22.641	14.587	3.348
22.821	16.202	4.551
22.229	14.144	3.678
21.106	14.511	3.639
21.788	16.54	4.515
21.639	16.619	4.307
21.066	14.533	3.602
21.591	16.645	4.264
21.168	15.723	3.234
21.106	15.773	3.215
21.518	16.703	4.241
21.105	16.725	3.731
20.75	17.415	4.048
21.163	17.393	4.558
20.521	17.518	3.955
20.46	18.283	4.038
21.084	18.377	4.665
20.67	18.399	4.155
21.309	19.727	3.695
21.722	19.705	4.205
22.248	21.274	4.065
22.265	21.272	4.111
21.744	19.704	4.264
22.337	21.27	4.369
22.386	21.24	4.544
21.792	19.674	4.439
21.989	19.777	4.587
22.809	19.279	5.456
22.846	19.034	5.556
23.528	20.827	6.145
23.911	20.683	6.167
23.298	18.864	5.582
24.514	19.577	5.731
25.048	21.231	6.349
25.651	20.124	5.913
25.309	21.572	6.432
25.412	21.612	6.389
25.762	20.168	5.867
26.394	21.044	5.777
26.726	20.78	5.697
26.043	19.945	5.799
26.992	20.798	5.717
25.751	22.921	6.159
26.83	22.728	5.481
26.591	23.263	5.285
25.364	23.391	5.99
26.17	23.773	5.102
25.58	23.961	5.093
24.027	23.309	5.903
23.861	23.856	4.98
23.655	23.118	5.774
23.439	23.033	5.647
23.605	23.756	4.83
23.333	23.211	5.071
22.763	23.105	4.188
23.035	23.65	3.947
22.063	23.549	2.979
22.161	23.847	2.846
23.14	23.97	3.803
23.251	24.204	3.873
23.996	24.871	3.265
24.098	24.828	3.021
23.646	24.833	2.021
23.577	24.667	3.416
23.108	24.571	2.216
22.551	24.401	2.299
22.357	24.6	1.639
22.898	24.785	1.505
22.015	24.718	1.199
22.313	24.816	0.318
23.196	24.882	0.625
23.401	24.925	0.085
22.305	24.816	0.285
23.394	24.925	0.052
23.007	24.911	-0.408
24.47	24.749	-1.632
24.857	24.763	-1.173
24.566	24.674	-2.204
24.695	24.602	-2.235
24.995	24.686	-1.206
25.59	24.634	-1.121
24.848	24.505	-2.355
25.743	24.537	-1.241
25.132	24.337	-2.491
25.787	23.393	-2.769
26.525	23.408	-1.573
26.832	22.108	-2.692
27.329	21.849	-2.255
27.022	23.149	-1.136
27.597	21.675	-2.094
27.899	20.284	-3.11
28.073	20.366	-2.81
28.157	19.108	-3.655
28.216	19.024	-3.524
28.132	20.282	-2.678
28.272	18.954	-3.178
27.46	17.725	-4.681
27.369	17.401	-4.562
26.9	17.09	-4.706
27.377	16.044	-2.66
27.812	16.428	-2.66
27.182	15.729	-2.169
26.026	15.339	-3.647
25.831	15.024	-3.156
25.323	14.75	-3.204
25.992	15.349	-3.688
25.289	14.76	-3.245
25.161	15.085	-4.196
26.259	15.802	-4.36
25.428	15.538	-4.868
25.878	15.918	-4.784
24.402	18.641	-4.882
23.841	18.467	-4.973
23.951	19.951	-4.048
23.282	19.881	-3.836
23.121	18.392	-4.745
22.74	19.73	-3.651
22.624	19.682	-3.632
23.005	18.344	-4.727
22.115	19.637	-3.626
21.323	18.897	-3.29
22.067	17.468	-4.328
21.314	16.843	-3.875
21.292	16.756	-4.031
22.045	17.382	-4.485
21.983	17.287	-4.981
23.259	15.413	-5.887
23.556	15.163	-5.557
22.873	13.44	-5.277
21.12	16.372	-4.397
21.838	16.963	-5.289
21.139	16.21	-4.61
21.304	15.538	-5.136
22.018	16.232	-5.861
20.571	14.281	-6.511
20.728	15.359	-4.666
19.996	14.102	-6.041
19.805	14.199	-4.581
19.792	14.195	-4.582
19.984	14.098	-6.042
19.797	13.975	-5.895
20.696	15.389	-4.609
19.77	14.232	-4.519
20.551	15.316	-4.396
20.388	15.397	-4.139
19.632	14.301	-4.302
19.623	15.142	-3.54
20.795	16.655	-3.084
20.03	16.399	-2.485
20.885	18.738	-2.622
20.8	18.782	-2.443
19.929	16.451	-2.273
20.405	17.8	-1.374
20.027	17.738	-1.08
19.552	16.388	-1.979
19.525	17.66	-0.752
19.995	18.639	-0.688
19.498	18.421	-0.421
20.167	19.268	-0.636
20.098	19.352	-0.511
19.44	18.492	-0.315
20.098	19.619	-0.511
19.947	19.819	0.048
19.276	18.709	0.292
19.904	19.609	0.208
20.092	19.464	1.381
19.435	18.587	1.283
20.115	19.031	2.296
19.971	18.712	2.519
19.313	18.317	1.472
19.296	18.022	1.794
19.938	18.577	2.672
19.271	17.917	1.912
19.89	18.422	2.884
20.252	17.181	3.298
19.633	16.676	2.327
20.404	16.982	3.204
20.426	16.95	3.195
19.65	16.651	2.32
20.532	15.962	2.762
20.607	20.149	1.692
20.63	19.716	2.607
20.905	20.112	2.21
21.376	20.32	2.64
21.188	19.962	3.116
21.535	22.063	2.554
21.541	22.063	2.56
21.194	19.962	3.122
22.159	21.457	3.62
21.604	22.604	2.863
22.212	21.909	3.874
22.269	22.089	4.063
21.238	20.324	2.497
21.383	22.067	2.397
20.967	21.994	2.015
20.943	20.178	2.194
20.618	21.821	1.656
20.653	20.226	1.672
20.136	20.204	0.64
20.101	21.799	0.624
20.127	20.282	0.384
20.409	20.342	-0.656
20.464	21.875	-0.715
20.734	20.345	-1.915
20.757	20.413	-1.997
20.492	21.955	-0.812
20.737	22.063	-1.336
21.887	24.671	-0.866
21.728	24.761	-0.306
22.43	24.856	-0.999
21.649	24.101	-2.09
22.175	24.242	-2.316
22.319	24.025	-3.126
22.327	24.034	-3.127
22.186	24.253	-2.317
22.443	24.214	-2.84
23.33	22.421	-4.023
23.642	22.286	-3.912
23.801	20.812	-3.852
24.299	20.866	-3.841
24.139	22.34	-3.901
25.448	21.043	-4.146
25.861	21.434	-4.138
24.632	22.807	-3.892
24.952	22.917	-3.777
26.442	21.706	-3.794
25.533	23.189	-3.433
26.53	21.864	-3.485
27.196	20.521	-4.048
27.431	20.447	-3.789
27.765	19.244	-4.223
26.296	20.176	-4.457
26.865	18.899	-4.632
25.763	18.519	-5.048
26.441	17.145	-5.129
27.433	17.749	-4.7
26.866	17.122	-4.73
25.544	20.401	-4.303
24.863	18.788	-4.863
24.413	20.098	-4.029
22.806	22.306	-3.848
23.174	20.674	-3.642
22.625	20.583	-3.443
22.618	22.346	-3.775
22.383	20.635	-3.349
21.911	20.441	-3.387
22.126	22.629	-3.341
21.377	20.748	-2.915
21.419	22.431	-2.346
20.217	19.644	-0.69
20.525	19.588	-1.951
20.251	19.384	-0.741
20.256	19.254	-0.763
20.529	19.478	-1.97
20.085	18.625	-0.815
22.935	21.269	5.731
22.737	21.123	5.171
22.263	19.686	5.075
21.762	12.693	1.237
21.45	12.468	1.809
21.545	12.71	0.524
21.527	12.711	0.523
21.433	12.469	1.808
20.927	12.601	0.415
41.217	11.772	5.709
40.748	12.061	5.964
40.446	12.042	6.494
40.708	1.303	-2.566
40.895	2.254	-2.346
40.876	1.691	-2.154
38.21	1.727	-0.047
38.028	2.294	-0.08
37.841	1.342	-0.3
39.22	0.775	0.231
38.927	0.318	-0.0
39.277	-0.445	0.033
39.235	-0.465	0.028
38.873	0.292	-0.006
38.942	-0.277	-0.05
40.692	-0.477	-1.134
40.683	-0.29	-1.438
40.746	0.277	-1.5
40.687	-0.456	-1.091
40.74	0.304	-1.445
40.905	0.762	-1.112
32.715	-0.213	-8.544
32.123	0.702	-6.693
32.021	-0.506	-8.501
20.033	14.209	-6.678
18.661	15.545	-8.101
18.542	14.945	-7.791
18.836	5.063	-15.37
19.803	5.906	-14.917
20.02	5.672	-15.216
19.344	4.169	-15.747
20.528	4.777	-15.593
19.515	3.973	-15.684
8.082	3.509	-10.599
9.143	4.45	-10.807
8.314	3.419	-10.696
8.41	3.335	-10.781
9.231	4.371	-10.886
8.771	3.037	-11.238
40.125	5.375	0.6
40.304	6.108	1.362
28.869	18.696	0.565
28.115	18.244	-0.931
2.699	1.512	-1.532
2.768	1.407	-1.951
2.267	1.964	-1.758
2.371	1.824	-2.159
2.143	2.553	-2.04
2.256	2.366	-2.419
2.357	3.124	-2.304
2.454	2.892	-2.662
3.036	4.081	-2.235
3.016	4.085	-2.217
2.965	4.189	-2.14
2.556	4.143	-1.437
2.521	4.029	-1.366
2.305	3.308	-0.907
2.528	3.793	-0.725
2.55	4.301	-0.479
2.824	3.456	-0.211
3.085	3.178	0.184
3.359	2.418	0.255
3.349	2.165	0.016
3.391	2.026	-0.039
3.535	1.735	-0.058
3.001	1.546	-0.844
3.596	1.327	-0.453
3.932	0.855	0.015
3.875	1.132	-0.911
3.997	1.096	-1.474
4.493	0.59	-1.516
3.994	1.094	-1.5
4.49	0.589	-1.542
4.618	0.318	-0.987
4.723	0.066	-0.756
5.255	-0.902	-0.587
5.519	-1.25	-1.437
5.685	-1.342	-0.808
5.703	-1.672	-0.241
6.226	-1.39	-1.595
6.312	-1.466	-0.948
6.41	-1.811	-0.399
6.922	-1.231	-0.96
7.333	-1.036	-2.337
7.809	-1.296	-2.829
6.86	-1.199	-2.709
7.336	-1.458	-3.201
6.566	-1.165	-2.78
6.82	-1.295	-3.326
7.028	-1.655	-3.78
6.402	-1.139	-2.867
6.678	-1.272	-3.402
6.847	-1.627	-3.876
5.282	-0.973	-2.797
5.04	-0.893	-1.997
4.883	-0.737	-2.591
4.554	-0.779	-3.13
4.634	-0.317	-2.452
4.473	0.495	-1.864
3.987	0.968	-1.97
4.478	0.531	-1.732
3.992	1.002	-1.844
3.904	0.829	-2.452
2.955	1.352	-2.708
3.535	0.998	-3.108
3.786	0.396	-3.554
3.525	1.554	-3.643
3.39	2.038	-3.688
3.65	2.036	-4.258
2.844	2.573	-3.272
3.305	2.591	-3.696
3.555	2.654	-4.267
3.549	2.752	-4.886
3.501	3.086	-3.523
3.773	3.208	-4.074
3.532	3.754	-2.975
3.751	4.462	-3.17
3.438	3.822	-2.83
3.651	4.534	-3.017
3.571	4.608	-2.856
3.523	4.669	-2.772
3.409	4.998	-2.687
3.4	5.014	-2.679
3.325	5.131	-2.631
2.832	5.438	-1.975
3.181	5.657	-2.471
3.269	5.914	-3.056
3.32	6.133	-2.191
3.375	6.268	-1.964
3.47	6.446	-1.635
2.595	5.545	-0.93
2.628	5.53	-0.665
4.031	6.884	-0.229
4.229	7.371	0.129
4.213	7.963	0.361
3.953	6.552	0.47
4.17	7.119	0.659
4.146	7.675	0.968
3.049	5.581	0.391
3.234	5.426	0.947
2.816	4.928	0.354
3.038	4.875	0.916
3.351	4.12	1.776
3.237	4.619	1.43
4.157	4.976	2.587
4.246	5.433	3.066
4.203	4.748	2.804
4.289	5.221	3.267
4.3	4.739	3.052
4.722	4.135	3.43
3.508	3.158	2.164
3.622	2.973	2.319
4.172	1.665	1.338
3.87	1.868	0.866
4.211	1.721	1.459
4.844	1.59	1.786
4.942	1.507	1.736
5.365	1.508	1.755
5.706	0.418	1.465
4.838	0.668	1.309
5.235	0.123	1.293
5.468	-0.465	1.529
4.49	0.381	0.824
4.929	-0.13	0.867
5.12	-0.752	1.044
4.874	-0.27	0.304
5.912	0.419	1.504
5.761	0.997	1.512
5.573	1.513	1.747
5.995	0.441	1.518
5.836	1.017	1.525
5.667	1.538	1.763
6.889	-0.147	1.732
6.977	0.509	1.511
7.785	0.09	1.023
7.797	-0.815	0.937
8.027	-0.267	0.635
8.498	0.173	0.466
8.023	-0.515	0.11
7.537	-1.364	-0.093
7.709	-0.865	-0.551
7.88	-0.367	-1.42
7.751	-0.515	-1.452
7.692	-0.587	-1.585
7.855	-0.726	-2.244
8.225	-1.045	-2.736
7.482	-0.745	-1.623
7.721	-0.828	-2.268
8.04	-1.184	-2.77
7.37	-0.803	-1.52
7.339	-0.819	-1.524
7.889	-1.144	-2.719
7.858	-1.163	-2.731
8.212	-0.9	-2.661
8.456	-0.648	-2.711
8.548	-0.669	-2.786
8.302	-0.215	-2.278
8.305	0.057	-1.607
8.598	-0.603	-2.817
8.323	-0.187	-2.291
8.355	0.123	-1.638
8.576	-0.489	-2.784
8.621	-0.419	-2.826
8.721	-0.413	-2.929
8.856	0.179	-3.664
9.301	0.098	-4.581
9.407	0.58	-4.968
9.633	1.141	-5.135
9.746	-0.549	-4.377
9.581	-0.124	-4.808
9.655	0.384	-5.169
9.954	0.886	-5.395
10.427	1.295	-5.449
9.631	-0.359	-5.157
9.699	0.176	-5.477
10.012	0.617	-5.796
9.676	-0.835	-5.55
9.71	-1.4	-5.644
9.721	-2.134	-4.811
9.524	-2.332	-5.442
8.983	-2.915	-4.93
8.741	-2.721	-3.933
8.435	-3.047	-4.41
8.21	-3.582	-4.712
7.738	-2.796	-4.213
6.24	-1.516	-4.169
6.455	-1.468	-3.96
5.395	-1.278	-4.333
5.02	-1.086	-4.738
4.49	-0.743	-4.985
3.971	-0.174	-4.872
3.914	-0.066	-4.949
3.825	0.673	-5.123
3.845	0.893	-5.222
3.847	0.921	-5.223
3.733	1.35	-5.538
3.561	2.24	-5.709
3.603	1.786	-6.04
3.435	1.356	-6.362
3.779	2.127	-6.598
3.676	3.451	-5.471
3.704	3.531	-5.724
4.563	4.654	-5.06
4.466	5.179	-4.637
3.983	3.93	-5.239
4.19	4.363	-4.756
4.12	4.91	-4.356
3.79	5.457	-4.122
4.086	4.042	-4.306
4.024	4.613	-3.94
4.744	5.555	-4.765
5.083	5.327	-5.266
5.259	6.266	-4.679
5.638	6.094	-5.174
5.384	7.002	-4.259
5.225	7.225	-4.109
4.14	7.131	-3.725
4.414	7.47	-3.486
3.691	6.97	-3.183
3.883	7.281	-2.844
4.887	8.092	-2.823
5.404	8.377	-2.929
5.32	8.373	-1.787
5.538	8.766	-1.392
5.603	9.294	-1.119
5.113	8.257	-1.534
5.362	8.667	-1.177
5.407	9.184	-0.879
5.036	8.234	-1.227
5.115	8.747	-0.648
4.935	8.156	-1.145
5.014	8.669	-0.565
4.738	7.967	-1.194
4.765	8.221	-0.634
4.634	8.633	-0.195
4.433	7.506	-0.894
4.525	7.86	-0.399
4.368	8.23	0.067
4.191	9.641	0.252
4.565	9.915	0.043
4.06	10.022	0.665
4.411	10.366	0.532
4.003	10.202	1.21
4.342	10.579	1.177
4.029	10.147	1.783
4.373	10.514	1.856
4.37	9.664	2.849
3.803	9.221	2.256
4.091	9.118	2.831
4.11	9.056	3.479
4.167	8.515	2.745
4.209	8.389	2.683
4.234	8.314	2.652
4.329	7.972	2.593
4.425	7.614	2.181
4.3	7.542	1.38
4.353	6.913	1.201
4.167	6.284	1.182
4.226	7.58	1.192
4.301	6.939	1.069
4.094	6.321	0.995
4.275	6.023	1.733
4.526	6.459	2.204
4.255	5.97	1.793
4.504	6.402	2.268
4.165	5.79	1.986
4.321	6.098	2.618
4.066	5.321	2.239
4.222	5.629	2.871
4.313	7.533	3.437
4.289	7.564	3.544
4.285	7.688	3.604
4.361	7.788	4.294
4.381	7.686	4.385
4.943	7.575	5.071
5.295	7.369	5.434
5.427	6.968	5.64
5.522	6.902	5.727
5.941	6.249	5.687
4.673	5.658	5.116
4.809	5.257	5.008
4.179	5.59	4.532
4.354	5.195	4.47
5.846	5.863	5.367
6.163	6.226	5.772
5.877	5.842	5.361
6.194	6.205	5.767
6.173	5.357	5.266
6.215	4.916	5.086
6.24	4.552	4.888
6.104	4.319	4.692
5.761	4.201	4.473
5.202	4.093	3.938
4.83	4.218	3.609
4.693	3.731	3.179
4.766	4.255	3.588
4.629	3.768	3.158
5.0	3.347	3.266
5.467	2.584	3.011
5.604	2.551	3.01
6.062	2.351	2.701
6.059	1.442	1.673
5.818	1.352	1.647
6.399	1.315	1.614
6.392	1.878	1.941
6.957	1.36	1.539
6.962	1.923	1.864
7.228	1.434	1.404
7.238	1.999	1.726
7.241	1.439	1.395
7.251	2.003	1.717
7.692	1.667	1.227
7.503	2.126	1.628
7.694	1.668	1.226
7.504	2.126	1.628
7.921	1.822	1.239
7.931	2.368	1.724
7.992	2.622	2.406
8.124	1.899	1.17
8.05	2.413	1.683
8.229	2.712	2.325
8.393	1.976	0.997
8.507	2.56	1.348
8.75	2.921	1.886
8.513	2.378	0.522
8.578	2.799	1.066
8.869	3.323	1.41
8.263	2.74	0.358
8.047	2.881	0.044
7.884	2.78	-0.413
7.614	3.409	-0.366
7.642	4.094	-0.399
7.878	2.78	-0.433
7.61	3.409	-0.382
7.635	4.093	-0.424
8.106	2.552	-1.235
8.057	3.05	-1.8
8.389	2.024	-1.68
8.366	2.474	-2.286
8.5	1.555	-1.743
8.623	0.898	-1.739
8.598	0.817	-1.847
8.478	0.344	-1.743
8.474	0.311	-1.61
8.414	0.204	-1.571
8.494	1.819	-3.377
8.492	1.812	-3.403
8.573	1.217	-3.836
8.805	1.475	-4.407
9.269	1.759	-4.794
8.602	1.07	-3.894
8.829	1.353	-4.456
9.306	1.572	-4.869
9.395	2.316	-4.669
9.015	2.497	-4.214
9.486	2.45	-4.646
9.106	2.631	-4.191
10.547	1.805	-5.174
10.877	2.239	-5.01
11.531	1.613	-6.012
12.078	1.489	-6.175
11.293	1.078	-6.4
11.84	0.953	-6.564
11.308	1.027	-6.473
11.874	0.829	-6.674
11.205	0.898	-6.65
11.782	0.714	-6.833
10.218	0.438	-6.458
9.966	-0.111	-6.49
10.109	0.47	-6.229
9.865	-0.081	-6.276
10.269	-0.746	-7.514
10.269	-0.747	-7.515
10.16	-1.281	-7.427
10.54	-1.473	-7.903
11.099	-1.611	-8.18
9.986	-1.729	-7.447
10.411	-1.807	-7.918
10.925	-2.06	-8.2
9.36	-2.278	-6.765
9.185	-2.52	-6.811
8.974	-2.832	-6.842
8.552	-3.255	-7.257
8.528	-3.232	-7.392
8.099	-3.349	-7.563
8.007	-3.403	-7.475
7.102	-3.713	-6.987
7.216	-3.258	-7.504
7.19	-3.054	-8.172
6.631	-2.779	-7.23
6.559	-2.652	-7.217
6.427	-2.422	-7.007
6.158	-2.309	-6.28
6.214	-3.102	-5.679
6.052	-2.459	-5.609
5.628	-1.953	-5.515
6.329	-2.408	-4.973
6.068	-1.782	-6.915
5.968	-1.642	-6.971
5.159	-1.221	-6.456
5.378	-1.678	-5.785
4.947	-1.278	-5.978
4.39	-1.1	-6.182
4.846	-1.096	-5.495
5.223	-1.047	-6.995
5.726	-1.339	-7.337
5.128	-0.76	-7.38
5.632	-1.051	-7.722
3.872	-0.433	-7.146
3.885	-0.111	-7.441
3.452	-0.124	-6.766
3.429	0.225	-7.029
3.342	0.219	-6.232
3.309	0.597	-6.448
5.175	-0.518	-7.631
5.655	-0.918	-7.863
5.274	-0.271	-7.863
5.749	-0.682	-8.086
5.341	-0.198	-7.926
5.858	-0.561	-8.222
5.36	-0.145	-7.957
5.878	-0.503	-8.257
5.431	0.099	-8.118
5.986	-0.09	-8.575
5.504	0.708	-8.242
6.065	0.574	-8.71
4.415	1.507	-7.898
4.877	1.911	-7.903
4.174	2.382	-7.01
3.828	2.254	-6.612
4.993	3.704	-7.272
4.246	3.822	-6.622
4.784	4.219	-6.927
5.022	4.739	-7.391
4.872	4.559	-6.376
4.858	4.56	-6.049
4.853	4.57	-5.954
6.12	6.454	-5.215
6.102	6.905	-4.738
6.093	6.434	-5.196
6.078	6.887	-4.721
6.282	7.15	-4.851
6.456	6.895	-5.411
6.381	6.735	-6.025
6.526	7.415	-4.91
6.672	7.128	-5.462
6.687	7.065	-6.099
6.862	7.537	-5.058
6.664	8.237	-4.362
7.222	7.874	-4.891
7.652	7.93	-5.621
7.618	7.998	-4.577
7.578	8.536	-3.611
7.397	8.702	-3.453
6.085	8.978	-2.022
6.089	9.489	-1.525
5.766	8.778	-1.814
5.77	9.289	-1.318
6.251	9.482	-1.645
6.368	9.559	-1.685
6.508	10.572	-1.588
5.814	10.965	-1.012
6.3	11.184	-1.319
6.593	11.485	-1.768
6.459	11.695	-0.869
6.516	12.056	-0.156
6.854	12.603	-0.202
6.938	13.231	-0.327
6.501	12.085	-0.003
6.844	12.623	-0.098
6.925	13.255	-0.198
6.378	12.133	0.477
6.587	12.746	0.753
6.167	12.008	0.915
6.377	12.621	1.19
5.272	11.274	0.267
4.95	11.085	0.717
5.046	10.822	-0.119
4.707	10.598	0.301
5.035	10.281	-0.454
4.695	10.016	-0.059
5.984	11.837	1.326
6.302	12.519	1.431
5.935	11.801	1.74
6.255	12.484	1.829
5.895	11.72	2.011
6.199	12.332	2.302
5.864	11.675	2.14
6.167	12.286	2.431
5.811	11.605	2.371
6.043	12.193	2.834
5.751	11.262	2.872
5.989	11.88	3.291
4.687	9.983	3.026
4.554	9.85	2.943
4.506	9.37	4.44
4.691	9.426	4.625
5.72	10.747	3.703
5.991	11.28	3.756
6.031	11.878	3.794
6.11	10.619	4.496
6.303	11.177	4.391
6.373	11.765	4.491
5.176	8.667	5.328
5.741	8.317	6.07
7.32	9.72	6.429
7.642	10.238	6.614
7.468	9.532	6.727
7.78	10.063	6.891
6.996	8.364	7.188
7.568	8.519	7.46
6.256	7.946	6.882
6.255	7.685	6.94
7.104	5.883	6.162
6.675	5.927	5.894
8.182	5.955	6.267
8.354	5.903	6.222
8.497	5.931	6.236
8.92	5.85	5.971
8.706	4.469	5.522
8.106	5.017	5.893
8.221	4.369	5.774
8.396	3.747	5.947
7.492	4.876	5.872
7.68	4.244	5.756
7.782	3.606	5.925
7.217	4.127	5.471
6.628	3.306	4.699
6.125	2.905	4.066
6.658	2.788	4.426
6.994	2.509	4.912
6.396	2.517	3.606
6.898	2.443	4.017
7.265	2.121	4.451
7.285	2.366	3.583
7.142	2.446	3.011
7.451	2.352	3.518
7.337	2.45	2.897
7.632	2.356	3.412
9.094	6.023	6.128
9.111	6.026	6.112
8.753	4.406	5.5
8.772	4.409	5.482
9.489	3.606	5.158
9.53	4.199	4.787
9.716	3.549	4.046
9.463	2.605	4.142
9.54	3.033	3.64
9.852	3.285	3.111
9.035	2.764	3.273
7.891	2.428	3.283
7.615	2.527	2.759
7.885	2.425	3.285
7.608	2.525	2.761
7.72	2.57	2.675
7.728	2.573	2.668
10.692	6.948	4.273
10.677	7.057	4.089
9.918	5.526	3.479
9.904	5.623	3.316
9.522	6.036	2.914
9.323	6.085	2.616
9.158	5.786	1.738
8.963	6.311	1.224
9.21	5.669	1.597
9.012	6.2	1.09
9.237	5.585	1.53
9.047	6.045	0.976
9.699	4.745	1.582
9.207	5.171	1.218
9.014	5.594	0.636
9.168	5.91	-0.021
8.892	4.788	1.066
8.67	5.177	0.47
8.674	4.044	1.134
8.718	3.718	1.223
8.163	4.431	0.41
8.309	4.935	0.087
8.056	4.352	0.246
8.19	4.847	-0.096
7.974	4.341	0.107
7.875	4.248	0.001
7.883	4.588	-1.221
7.99	4.237	-1.78
7.819	4.504	-1.18
7.927	4.153	-1.74
8.144	4.426	-1.865
8.186	4.914	-1.349
8.172	4.444	-1.884
8.213	4.932	-1.368
8.831	3.386	-2.695
9.137	3.859	-2.783
9.388	3.182	-4.01
9.898	3.134	-4.422
9.245	2.829	-4.151
9.759	2.791	-4.558
10.045	3.323	-4.397
9.642	3.544	-4.003
10.861	3.629	-4.589
10.328	3.848	-4.402
9.925	4.068	-4.007
9.718	4.255	-3.47
10.403	4.392	-4.631
10.0	4.613	-4.237
10.459	4.917	-4.885
10.48	4.932	-4.902
11.461	4.853	-5.156
12.058	4.387	-5.284
12.271	3.427	-5.274
12.921	3.251	-5.244
11.488	2.837	-4.918
12.105	2.771	-5.182
12.763	2.625	-5.156
13.328	2.426	-4.846
12.014	2.223	-5.577
12.676	2.1	-5.533
12.163	2.071	-5.771
12.161	2.067	-5.775
11.979	1.827	-5.99
11.977	1.824	-5.991
13.256	0.729	-6.197
13.747	1.274	-5.4
14.578	0.505	-6.904
14.883	0.903	-6.54
15.005	0.679	-7.451
15.31	1.076	-7.087
15.571	1.549	-8.18
16.094	1.883	-8.318
16.716	1.97	-8.418
15.505	1.546	-8.517
16.041	1.88	-8.592
16.654	1.966	-8.735
15.452	1.569	-8.75
15.962	1.903	-9.022
16.574	1.958	-9.282
15.398	1.556	-8.873
15.918	1.893	-9.123
16.52	1.946	-9.405
14.667	0.456	-8.767
14.591	0.573	-9.322
13.511	-0.36	-8.896
13.199	-0.992	-9.147
13.98	-0.175	-8.057
13.423	-0.526	-8.413
13.118	-1.145	-8.704
13.142	-1.876	-8.858
13.079	-0.558	-8.024
12.804	-1.174	-8.348
12.91	-0.573	-7.931
12.71	-1.185	-8.289
12.33	-0.427	-7.833
12.102	-1.031	-8.187
11.894	0.015	-7.651
11.361	-0.176	-7.921
11.894	0.016	-7.65
11.361	-0.176	-7.92
11.264	-1.096	-8.286
11.263	-1.097	-8.286
13.184	-0.943	-9.416
13.466	-0.271	-9.367
13.181	-0.936	-9.501
13.463	-0.264	-9.459
13.211	-1.144	-10.032
13.226	-1.209	-10.108
13.232	-2.346	-9.992
13.218	-2.062	-10.612
12.679	-2.872	-10.818
12.237	-3.381	-10.074
12.11	-3.288	-10.713
12.07	-3.47	-11.345
11.403	-3.271	-10.621
10.332	-2.714	-9.319
9.652	-2.672	-9.113
10.493	-2.673	-8.757
9.807	-2.633	-8.576
10.531	-2.617	-8.652
9.873	-2.535	-8.389
10.767	-2.193	-8.258
10.13	-2.075	-7.961
9.504	-2.6	-9.381
10.067	-2.573	-9.791
9.256	-2.449	-9.687
9.792	-2.406	-10.131
9.119	-2.269	-9.93
8.955	-2.188	-10.011
8.029	-3.063	-9.047
7.769	-2.999	-9.047
8.872	-2.104	-10.108
8.649	-1.913	-10.261
6.424	-0.132	-10.024
6.504	-0.273	-10.237
7.351	0.724	-11.036
7.313	1.074	-10.819
6.343	1.017	-8.863
5.986	1.253	-8.423
6.207	0.743	-8.827
5.85	0.979	-8.386
6.079	1.668	-8.421
6.506	1.778	-8.87
6.085	2.273	-8.267
6.512	2.383	-8.716
5.807	3.043	-7.957
5.24	3.314	-7.521
5.096	3.606	-7.352
5.089	3.615	-7.346
6.394	3.438	-8.53
6.669	3.02	-8.865
6.446	3.584	-8.668
6.723	3.171	-9.006
6.069	4.352	-8.952
5.406	4.478	-8.232
5.582	4.798	-8.742
5.527	5.02	-9.326
5.464	5.431	-8.486
5.245	5.605	-7.318
5.425	6.093	-7.573
5.503	6.324	-8.077
5.52	6.439	-8.645
5.76	6.88	-7.981
5.759	6.955	-8.556
6.188	7.327	-7.947
6.156	7.371	-8.524
7.155	7.844	-8.34
7.429	8.26	-8.672
7.222	7.874	-8.246
7.496	8.29	-8.579
7.484	8.074	-8.087
7.585	8.092	-7.791
8.312	8.328	-6.469
8.542	8.805	-6.825
8.371	8.369	-6.376
8.6	8.847	-6.731
8.6	8.611	-6.228
8.902	8.653	-5.597
8.368	8.111	-4.504
8.327	8.391	-3.869
8.271	8.084	-4.497
8.238	8.366	-3.863
8.753	8.812	-3.694
9.166	8.825	-4.134
9.393	8.954	-4.678
9.397	9.179	-5.238
8.931	9.318	-3.02
9.075	8.994	-3.508
9.286	8.893	-4.064
9.53	9.032	-4.599
9.767	9.388	-5.025
9.959	9.903	-5.273
9.364	8.706	-3.442
9.394	8.785	-4.04
9.653	8.909	-4.571
10.1	9.057	-4.949
9.553	8.276	-3.387
9.777	8.017	-3.945
9.587	7.503	-3.015
9.81	7.245	-3.574
9.338	8.719	-0.796
9.45	9.036	-0.184
9.396	9.147	-1.045
9.513	9.5	-0.454
9.406	9.58	-1.327
9.551	9.141	-2.254
9.363	9.834	-1.86
9.596	10.578	-1.61
9.154	9.364	-2.759
9.018	10.028	-2.3
9.159	10.823	-2.165
8.472	10.104	-2.516
8.345	9.887	-2.647
8.212	10.442	-2.483
7.789	9.761	-2.639
7.675	10.321	-2.476
7.431	9.612	-2.583
7.487	10.239	-2.421
6.797	9.602	-2.119
6.921	10.23	-2.008
8.222	11.703	-2.492
8.559	11.724	-2.377
8.084	12.715	-1.798
8.238	13.295	-1.629
7.748	12.773	-1.723
7.873	13.357	-1.547
7.609	12.797	-1.665
7.614	13.412	-1.459
7.081	12.619	-1.121
7.086	13.235	-0.915
7.083	12.985	-0.819
7.066	12.973	-0.736
6.893	12.522	-0.4
6.985	13.178	-0.484
6.85	12.549	-0.253
6.946	13.202	-0.353
7.574	14.762	-1.556
7.915	14.821	-1.643
7.433	15.33	-1.159
7.747	15.5	-1.169
7.202	15.505	-0.515
7.471	15.709	-0.399
7.0	15.034	0.682
6.622	14.577	-0.084
6.641	14.408	0.511
6.412	14.295	1.075
6.748	13.703	0.312
7.163	15.37	1.81
7.556	15.627	1.465
6.999	15.227	2.376
7.018	15.189	2.964
6.538	14.857	2.343
6.522	14.79	2.929
6.23	14.359	2.255
6.19	14.254	2.835
6.112	13.793	2.123
6.063	13.646	2.692
7.984	15.048	4.425
8.585	14.869	5.276
7.759	14.444	5.159
7.554	14.272	5.204
6.798	14.674	4.268
6.49	14.33	4.485
6.405	14.575	3.718
6.157	14.246	4.02
6.13	14.207	3.212
5.926	13.935	3.593
6.027	13.639	2.846
5.838	13.455	3.283
7.358	14.087	5.273
6.598	13.558	5.218
7.135	13.565	5.546
7.496	13.646	6.054
7.186	12.938	5.579
7.211	12.797	5.549
7.223	12.666	5.512
7.308	12.32	5.495
7.214	11.972	5.265
6.722	11.767	4.764
6.767	11.157	4.771
6.697	10.591	4.995
6.559	11.747	4.641
6.638	11.14	4.674
6.533	10.571	4.872
7.035	10.473	5.43
7.394	10.934	5.563
7.081	10.389	5.587
7.444	10.843	5.732
7.147	10.274	5.808
7.539	10.659	6.156
7.178	10.015	6.06
7.569	10.4	6.408
7.848	12.103	6.437
7.97	12.255	6.666
7.967	12.381	6.619
8.065	12.456	6.741
8.091	12.348	6.816
8.578	12.071	7.517
8.643	12.539	7.191
8.623	13.094	7.047
9.326	12.526	7.321
9.845	12.377	7.452
10.001	12.17	7.585
8.926	11.214	8.049
9.3	11.023	8.171
8.634	9.864	7.667
8.077	9.95	7.305
8.011	9.85	7.235
7.87	9.906	7.038
9.166	9.506	7.786
10.126	9.323	7.472
10.632	9.101	7.137
10.642	9.087	7.132
10.76	8.357	7.204
10.58	7.396	7.256
8.912	7.003	7.623
9.104	6.839	7.532
10.559	7.254	7.214
9.877	6.538	7.011
10.54	6.692	6.826
11.235	6.576	6.83
10.441	6.515	6.174
9.344	6.09	5.868
9.13	5.684	5.482
9.106	5.164	5.185
9.179	6.025	6.021
8.981	5.626	5.619
8.91	5.088	5.365
9.148	5.319	5.176
9.301	5.941	5.535
9.197	5.343	5.113
9.351	5.965	5.471
9.434	5.186	4.788
9.567	5.213	4.523
10.441	6.523	5.953
10.44	6.521	6.025
11.375	8.889	7.067
12.219	8.352	7.126
12.058	8.983	6.96
12.031	9.647	7.062
12.545	9.029	6.464
13.05	8.118	6.068
13.012	8.683	5.666
12.991	8.064	5.004
12.775	7.149	5.207
12.738	7.56	4.681
12.928	7.791	4.083
12.196	7.285	4.451
13.023	10.07	4.696
13.24	10.752	5.01
12.956	10.361	4.026
13.167	11.071	4.274
12.838	10.31	3.759
12.848	10.95	3.857
13.109	11.542	3.841
12.512	10.4	3.474
12.612	11.016	3.65
12.783	11.633	3.556
12.203	10.458	3.337
11.888	10.394	3.171
11.398	9.924	2.62
10.888	10.272	2.16
11.373	9.672	2.453
10.864	10.033	2.001
11.363	9.566	2.418
10.838	9.844	1.953
11.833	8.718	2.485
11.184	9.079	2.355
10.642	9.312	1.885
10.345	9.359	1.193
10.865	8.726	2.574
10.294	8.927	2.124
10.757	8.557	2.761
10.107	8.656	2.478
10.689	8.447	2.883
10.033	8.537	2.611
10.791	7.97	3.264
10.23	7.731	3.361
9.718	7.414	3.221
10.882	7.78	3.41
10.295	7.593	3.467
9.801	7.239	3.357
9.26	7.767	2.609
9.178	7.72	2.506
8.907	7.039	2.168
8.858	7.079	1.479
8.902	6.911	2.161
8.854	6.951	1.472
9.007	7.607	1.186
9.098	8.008	1.613
9.071	7.71	1.072
9.17	8.122	1.486
9.164	7.827	0.881
9.345	8.337	1.136
9.264	7.961	0.506
9.456	8.486	0.718
9.272	7.965	0.33
9.447	8.496	0.624
9.258	8.209	-0.102
9.433	8.74	0.191
10.18	11.186	0.057
9.911	10.43	-0.368
9.622	10.748	-1.681
9.848	10.99	-1.548
9.347	11.467	-2.066
9.618	11.592	-1.87
9.082	12.808	-1.545
9.226	13.426	-1.456
8.999	12.833	-1.578
9.149	13.448	-1.486
8.936	13.014	-1.565
8.33	13.093	-1.661
8.678	14.568	-1.815
9.021	14.666	-1.83
8.642	15.418	-1.517
8.991	15.377	-1.582
9.012	15.916	-0.864
9.3	15.794	-1.035
8.778	16.103	0.218
8.9	16.086	0.784
8.193	16.045	0.319
8.271	16.024	0.892
7.653	15.792	0.36
7.691	15.752	0.936
9.262	16.07	1.22
9.829	16.061	1.45
9.016	15.988	1.825
9.582	15.979	2.055
9.998	15.724	3.128
9.926	15.871	2.574
10.592	15.736	3.054
10.52	15.883	2.5
11.156	15.573	2.937
11.083	15.72	2.383
11.637	15.25	2.788
11.565	15.397	2.234
12.398	14.477	2.927
12.94	14.334	3.142
12.289	14.649	3.372
12.842	14.487	3.542
12.35	14.623	3.506
12.255	14.663	3.741
12.201	14.691	4.08
11.627	14.763	4.679
11.019	14.868	4.778
10.394	14.969	4.846
9.63	14.869	5.966
10.214	14.859	6.124
9.528	14.432	6.627
10.128	14.489	6.682
11.136	14.028	7.217
10.698	14.336	6.9
11.909	14.0	7.275
12.5	14.203	7.102
12.202	13.449	7.627
12.792	13.652	7.454
11.554	13.007	7.915
11.622	12.764	8.002
10.431	11.858	7.798
10.184	12.042	7.681
10.56	11.794	7.833
11.105	11.072	7.661
11.051	10.397	7.468
10.764	9.819	7.375
11.636	10.867	7.384
12.062	10.875	7.237
12.796	10.918	6.635
12.886	10.854	6.51
12.816	10.651	6.459
13.217	11.086	6.426
12.96	10.493	6.0
13.356	10.934	5.983
12.844	9.873	5.668
13.013	10.451	5.706
13.383	10.915	5.823
12.897	9.899	5.356
13.053	10.471	5.472
13.427	10.938	5.56
12.911	10.045	5.299
13.196	10.72	5.367
12.911	10.047	5.276
13.197	10.723	5.344
14.593	11.931	5.194
14.597	11.807	5.431
14.814	12.553	6.119
14.769	12.291	6.151
14.141	12.224	6.975
14.246	12.035	6.817
11.662	14.51	6.466
11.64	14.728	5.387
13.652	14.743	4.918
13.948	14.602	4.15
14.233	14.453	5.128
14.4	14.376	4.313
14.668	13.931	5.203
14.738	13.97	4.371
14.869	13.284	5.127
14.894	13.467	4.312
14.797	12.638	4.916
14.838	12.965	4.149
14.466	12.124	4.612
14.581	12.565	3.912
13.518	12.426	3.09
13.902	12.632	3.051
12.642	13.255	2.53
12.224	13.389	2.063
12.465	12.9	2.6
12.033	13.006	2.139
12.35	12.8	2.609
12.174	12.45	2.833
12.325	11.831	3.326
12.474	11.712	3.428
11.651	11.886	2.942
11.464	11.769	2.861
11.143	11.043	2.828
10.787	10.94	2.26
11.147	10.985	2.836
10.792	10.882	2.267
10.735	11.387	1.844
10.971	11.862	2.085
10.727	11.468	1.684
10.962	11.952	1.907
10.783	11.804	1.471
10.569	11.88	0.893
10.191	11.239	0.186
10.193	11.206	0.173
10.252	11.969	-0.059
10.532	12.357	0.352
10.079	12.568	-0.607
10.339	13.027	-0.261
9.813	12.761	-0.994
9.843	13.377	-0.963
9.339	12.807	-1.438
9.37	13.423	-1.407
10.36	13.771	-0.496
10.64	14.416	-0.452
10.713	14.462	-0.37
10.666	14.949	-0.233
10.582	15.017	-0.284
10.031	15.619	0.081
11.447	15.386	0.858
11.565	15.223	0.743
11.982	14.842	1.368
11.981	14.799	1.141
12.068	13.962	1.122
12.048	14.115	0.949
11.613	13.673	0.378
11.694	13.89	0.37
12.326	13.5	2.142
12.904	13.419	2.615
12.135	14.298	1.533
12.396	14.049	2.191
12.965	13.899	2.658
13.698	13.886	2.817
12.258	14.463	2.534
12.844	14.261	2.958
9.123	9.639	7.799
8.849	9.793	7.739
8.509	14.05	6.685
8.26	14.01	6.597
9.443	6.757	-0.946
9.465	7.021	-1.505
8.971	5.839	-1.786
9.032	5.491	-2.327
8.947	5.604	-0.947
8.783	5.416	-1.543
8.851	5.081	-2.092
9.138	4.662	-2.491
8.41	5.082	-1.393
8.49	4.758	-1.946
9.075	5.816	-2.375
9.185	6.11	-2.747
9.678	6.004	-3.714
9.939	5.568	-4.142
9.896	5.307	-4.161
9.904	5.268	-4.19
10.723	5.67	-4.945
11.317	5.62	-5.105
10.72	5.658	-4.949
11.315	5.608	-5.109
11.414	5.794	-5.035
10.9	5.999	-4.84
11.73	6.648	-5.101
11.216	6.853	-4.905
12.646	7.199	-5.255
13.522	6.8	-5.331
13.815	6.123	-5.445
14.409	6.186	-5.476
13.874	5.524	-5.533
14.468	5.587	-5.564
13.511	4.698	-5.504
13.852	4.079	-5.427
12.984	4.419	-5.417
13.326	3.8	-5.34
14.65	4.147	-5.509
14.919	4.837	-5.618
15.231	3.912	-5.562
15.5	4.602	-5.671
15.775	3.246	-5.561
16.44	3.408	-5.705
17.048	3.727	-5.569
15.862	3.008	-5.501
16.499	3.247	-5.665
17.145	3.462	-5.503
15.846	2.878	-5.474
16.447	3.006	-5.661
17.064	3.158	-5.574
15.941	2.393	-5.829
16.51	2.681	-5.899
17.151	2.712	-5.901
15.078	1.339	-5.706
15.137	1.204	-6.195
16.1	2.307	-6.274
16.637	2.579	-6.233
17.218	2.64	-6.079
16.21	2.243	-6.704
16.721	2.53	-6.558
17.308	2.588	-6.43
16.286	2.127	-7.294
16.92	2.251	-7.602
16.052	1.868	-7.907
16.694	2.001	-8.194
17.82	2.414	-7.066
18.139	2.311	-7.096
18.652	1.886	-7.588
19.15	1.592	-7.279
18.921	1.592	-8.257
19.407	1.311	-7.919
18.94	1.596	-8.463
19.454	1.375	-8.292
18.952	1.593	-8.506
19.467	1.372	-8.337
19.002	1.56	-8.756
19.553	1.289	-8.795
18.979	1.549	-8.987
19.529	1.277	-9.033
17.782	1.584	-8.941
17.754	1.505	-9.503
18.991	1.487	-9.424
19.536	1.243	-9.272
18.53	1.413	-10.173
19.118	1.416	-9.989
19.662	1.172	-9.836
20.072	0.723	-9.742
19.332	1.57	-10.508
19.876	1.326	-10.356
19.281	1.767	-11.294
19.785	1.582	-11.792
20.174	1.084	-12.162
19.275	1.766	-11.3
19.781	1.582	-11.795
20.169	1.084	-12.167
19.233	1.753	-11.469
19.226	1.752	-11.474
18.5	1.556	-11.329
18.357	1.323	-11.845
18.322	1.473	-11.246
18.191	1.247	-11.767
18.005	1.303	-10.988
17.628	0.9	-11.294
17.471	0.353	-11.567
17.923	1.375	-10.013
17.605	1.228	-10.537
17.322	0.843	-10.949
17.123	0.288	-11.175
17.044	-0.338	-11.175
17.04	1.424	-10.437
16.889	0.993	-10.872
16.631	0.459	-11.088
16.482	1.891	-9.777
15.874	1.854	-9.67
15.336	1.571	-9.556
16.504	1.912	-9.635
15.893	1.872	-9.546
15.357	1.592	-9.414
14.941	0.877	-10.108
15.206	0.565	-10.66
15.697	0.22	-10.996
14.486	0.425	-10.197
14.903	0.264	-10.72
15.313	-0.162	-11.072
13.741	-0.026	-10.094
13.642	-0.099	-9.97
13.963	-0.492	-10.99
14.489	-0.51	-11.273
15.076	-0.606	-11.34
13.931	-0.629	-11.049
14.463	-0.622	-11.322
15.043	-0.743	-11.399
13.598	-1.207	-11.01
14.175	-1.028	-11.414
14.892	-0.943	-11.508
13.524	-1.508	-11.394
14.138	-1.182	-11.612
14.829	-1.201	-11.838
12.943	-1.629	-12.717
12.862	-1.638	-12.854
12.784	-1.649	-12.979
12.123	-2.357	-13.273
12.245	-1.713	-13.411
12.452	-1.208	-13.8
11.578	-1.525	-13.461
11.439	-1.491	-13.422
10.617	-1.252	-12.808
10.25	-1.238	-12.359
9.747	-0.642	-12.316
10.19	-1.294	-12.285
9.69	-0.695	-12.246
10.079	-1.613	-12.112
10.244	-2.492	-12.22
9.952	-2.056	-11.796
9.423	-1.749	-11.511
10.045	-2.38	-11.349
10.726	-3.243	-11.421
10.576	-2.976	-10.791
9.317	-0.722	-12.075
8.773	-0.745	-11.658
8.5	-1.107	-11.059
8.659	-1.721	-10.549
8.257	-0.575	-11.367
8.254	-0.574	-11.367
8.113	-0.524	-11.364
7.611	0.106	-11.366
7.503	0.307	-11.266
7.358	0.581	-11.068
7.857	1.102	-12.454
8.021	0.72	-12.587
8.408	1.413	-12.827
8.528	1.006	-12.931
9.922	1.305	-12.956
10.037	1.582	-12.856
9.949	1.834	-12.705
10.595	1.905	-12.97
10.039	2.301	-12.298
10.693	2.412	-12.53
10.05	2.462	-12.058
10.711	2.7	-12.103
10.045	2.481	-12.033
10.706	2.719	-12.078
9.363	3.03	-11.512
9.635	3.602	-11.222
8.963	3.1	-11.294
9.216	3.676	-10.993
8.477	2.954	-11.203
8.31	2.905	-11.199
8.21	2.934	-11.108
7.654	2.526	-11.014
7.633	2.409	-11.084
7.37	1.613	-10.845
6.889	3.487	-9.658
6.608	4.133	-9.664
6.831	3.469	-9.434
6.557	4.117	-9.467
6.587	4.201	-9.738
6.896	3.645	-9.77
7.164	4.547	-10.215
7.472	3.991	-10.246
6.63	5.629	-10.651
6.926	5.825	-10.675
6.197	6.09	-10.513
6.409	6.377	-10.51
5.745	6.277	-10.089
5.869	6.601	-10.003
5.444	6.119	-9.537
5.509	6.412	-9.344
7.433	4.614	-10.225
7.617	4.03	-10.262
7.683	4.689	-10.227
7.848	4.099	-10.263
8.125	5.091	-10.321
8.66	4.839	-10.427
8.234	5.357	-10.404
8.769	5.106	-10.51
7.991	6.096	-10.75
7.101	5.911	-10.698
7.485	6.387	-10.889
7.792	6.751	-11.318
6.625	6.409	-10.59
7.074	6.816	-10.797
7.359	7.203	-11.22
6.369	6.953	-10.238
6.854	7.285	-10.493
7.127	7.698	-10.9
6.874	7.687	-10.047
6.968	7.898	-9.889
6.434	7.613	-9.13
7.006	8.073	-9.351
7.266	8.769	-9.543
7.217	8.097	-8.825
7.142	9.112	-10.766
7.409	9.345	-9.718
7.28	9.689	-10.37
6.847	10.106	-10.817
7.733	10.235	-10.291
7.862	10.309	-10.27
8.003	10.406	-10.264
8.02	8.379	-7.291
7.797	8.265	-7.602
8.241	8.564	-7.158
8.323	8.567	-6.996
8.885	10.855	-8.043
9.146	11.291	-8.391
9.244	11.037	-7.546
9.505	11.473	-7.893
9.153	10.692	-7.041
9.339	10.585	-6.505
8.759	10.117	-6.988
8.972	10.05	-6.456
10.19	10.628	-5.693
10.526	10.748	-5.672
10.575	9.994	-5.217
10.848	10.217	-5.274
12.009	9.183	-5.403
11.891	8.76	-5.401
10.74	8.291	-5.085
10.372	8.508	-4.953
11.04	7.744	-5.03
11.577	7.91	-5.284
12.128	8.186	-5.31
11.197	7.36	-5.002
11.71	7.585	-5.261
12.298	7.77	-5.28
12.102	9.367	-5.422
12.195	9.536	-5.443
13.058	8.577	-4.843
13.319	8.782	-4.709
13.606	8.067	-4.783
13.777	8.355	-4.659
15.156	7.82	-5.093
15.137	7.669	-5.158
14.782	7.165	-5.323
14.491	6.91	-5.405
16.778	5.356	-5.417
17.334	5.002	-5.307
16.559	4.969	-5.601
17.104	4.598	-5.499
17.5	5.112	-5.234
17.105	5.553	-5.335
17.573	5.185	-5.2
17.18	5.628	-5.301
17.738	5.367	-5.112
17.459	5.96	-5.099
17.939	5.457	-5.007
17.667	6.054	-4.991
18.213	4.15	-4.508
18.48	4.316	-4.339
18.725	3.573	-4.459
18.908	3.833	-4.298
19.448	3.358	-4.631
19.513	3.654	-4.442
20.808	3.505	-5.398
20.731	3.237	-5.505
20.192	2.827	-5.49
20.495	2.365	-5.69
19.409	2.34	-5.64
19.743	1.898	-5.835
18.375	3.077	-4.842
18.185	2.864	-5.056
19.184	2.246	-5.765
19.625	1.85	-5.91
18.396	2.268	-5.835
18.918	2.077	-6.084
19.349	1.675	-6.242
19.616	1.128	-6.281
18.775	2.1	-6.509
19.2	1.699	-6.683
21.222	2.459	-5.741
21.508	2.292	-5.748
21.963	0.415	-6.329
22.419	-0.086	-6.376
22.894	-0.504	-6.128
21.047	0.257	-6.273
21.678	0.096	-6.467
22.237	-0.29	-6.464
22.609	-0.823	-6.266
22.718	-1.393	-5.913
21.681	0.004	-6.906
22.239	-0.349	-6.745
22.612	-0.915	-6.706
20.227	0.298	-7.581
20.508	0.226	-8.621
22.177	-0.116	-7.996
22.636	-0.443	-7.611
22.86	-0.972	-7.241
22.309	-0.184	-8.186
22.726	-0.489	-7.74
22.972	-1.029	-7.403
22.366	-0.202	-8.375
22.843	-0.472	-8.082
23.159	-0.939	-7.821
22.393	-0.214	-8.43
22.867	-0.481	-8.129
23.187	-0.95	-7.875
22.486	-0.252	-8.557
23.024	-0.585	-8.359
22.2	-0.132	-9.579
22.774	-0.203	-9.255
23.312	-0.536	-9.057
23.709	-1.066	-9.022
23.202	0.206	-9.728
23.74	-0.127	-9.529
22.147	0.5	-11.021
22.037	0.344	-11.729
21.612	0.275	-10.908
21.546	0.137	-11.626
21.591	0.035	-10.192
20.71	0.011	-9.014
20.711	-0.004	-9.128
20.708	-0.027	-9.242
20.416	0.684	-10.289
20.697	0.78	-10.984
20.705	0.601	-11.696
20.661	0.861	-11.005
20.672	0.675	-11.715
20.751	0.505	-11.667
20.769	0.608	-10.931
20.846	-0.222	-12.218
21.024	0.189	-11.624
21.028	0.307	-10.89
20.858	0.103	-10.195
21.437	0.126	-11.611
21.422	0.247	-10.877
22.228	0.446	-11.874
22.452	0.718	-11.296
22.433	0.584	-12.024
22.674	0.868	-11.459
22.892	0.325	-12.847
23.468	0.428	-12.986
24.066	0.416	-12.914
24.588	0.29	-12.643
22.93	0.174	-13.189
23.477	0.393	-13.067
24.075	0.381	-12.995
24.626	0.14	-12.985
22.305	-0.24	-14.45
21.415	-0.582	-14.181
21.672	-0.313	-14.727
21.895	-0.323	-15.349
21.089	0.028	-14.891
20.049	0.459	-14.413
19.485	0.72	-14.72
20.038	0.45	-14.399
19.474	0.712	-14.706
19.846	0.118	-14.074
19.128	0.105	-14.15
18.527	-0.079	-14.505
19.759	-0.025	-13.741
19.09	0.042	-14.005
18.439	-0.223	-14.172
19.734	-0.017	-13.416
19.061	0.092	-13.426
18.41	-0.107	-13.469
19.725	0.019	-13.169
19.054	0.119	-13.24
18.399	-0.066	-13.19
19.686	0.534	-12.747
18.965	0.73	-12.727
19.732	0.692	-12.652
19.011	0.888	-12.632
20.098	0.99	-12.305
20.105	0.992	-12.298
18.994	1.328	-12.313
18.993	1.329	-12.311
17.853	0.185	-12.28
17.749	0.326	-12.071
17.399	-1.121	-13.527
16.725	-1.682	-13.087
16.821	-1.443	-13.695
16.978	-1.486	-14.335
16.154	-1.36	-13.817
14.702	-0.889	-12.843
13.97	-0.789	-12.893
14.686	-0.956	-12.716
13.952	-0.862	-12.755
13.924	-0.66	-13.185
14.616	-0.636	-13.347
13.914	-0.646	-13.229
14.605	-0.622	-13.389
13.778	-0.629	-13.387
14.535	-0.584	-13.473
13.694	-0.324	-13.79
14.44	-0.243	-13.925
13.457	-0.193	-13.933
13.982	0.066	-14.058
13.319	0.015	-14.068
13.839	0.282	-14.198
12.074	-0.45	-14.271
11.928	-0.229	-14.31
13.62	0.287	-14.167
13.57	0.395	-14.214
10.968	1.29	-13.838
11.297	1.833	-13.95
11.793	2.6	-14.117
11.933	2.495	-14.319
13.387	3.354	-14.116
13.091	3.755	-13.569
11.893	3.721	-12.697
11.701	4.257	-12.327
11.431	4.873	-12.243
11.652	3.59	-12.587
11.551	4.175	-12.259
11.245	4.771	-12.158
11.442	4.052	-12.182
11.191	4.708	-12.103
11.262	3.962	-11.989
11.018	4.622	-11.919
11.011	3.567	-11.748
10.641	3.894	-11.421
10.994	3.539	-11.74
10.623	3.864	-11.413
10.576	2.905	-11.804
10.572	2.816	-11.884
9.952	3.467	-11.304
9.685	3.533	-11.254
10.391	4.75	-11.566
9.747	5.331	-11.291
9.201	5.547	-10.836
8.881	6.109	-10.951
9.066	5.492	-10.735
8.751	6.056	-10.854
9.068	6.407	-11.332
9.56	6.13	-11.495
9.117	6.626	-11.565
9.608	6.34	-11.719
8.802	7.148	-12.014
8.28	7.482	-12.113
8.174	7.582	-12.111
8.143	7.605	-12.106
7.852	7.784	-12.087
7.672	8.132	-12.666
7.513	7.944	-11.886
7.333	8.291	-12.465
7.419	8.06	-11.865
7.159	7.743	-10.99
7.157	8.355	-11.461
6.784	8.826	-11.946
7.144	8.709	-11.022
7.147	8.845	-10.959
7.155	8.866	-10.924
6.281	10.205	-11.72
6.231	10.186	-11.983
6.686	10.981	-11.37
6.752	11.184	-11.533
6.501	9.042	-12.423
6.419	8.892	-13.003
6.195	9.793	-12.67
6.161	9.527	-13.212
6.927	11.414	-11.566
7.183	12.002	-11.707
7.321	11.344	-11.145
7.577	11.932	-11.287
8.438	11.157	-10.472
8.35	10.865	-10.345
8.587	11.49	-10.556
8.86	11.887	-10.579
8.977	11.98	-10.557
9.662	12.428	-10.749
10.531	12.613	-10.357
10.875	13.083	-10.52
11.015	13.663	-10.612
10.676	12.612	-10.107
10.99	13.082	-10.321
11.142	13.662	-10.393
9.63	12.063	-9.658
9.746	12.067	-9.087
9.139	11.594	-9.555
9.255	11.598	-8.984
10.859	12.558	-9.598
11.181	13.018	-9.952
11.269	13.625	-10.206
11.545	12.537	-9.241
11.671	13.003	-9.697
11.857	13.607	-9.9
11.435	11.234	-6.945
10.555	11.245	-6.895
11.512	11.252	-7.034
11.701	11.155	-7.047
12.284	10.761	-6.659
12.946	10.881	-6.857
12.438	10.449	-6.236
13.12	10.528	-6.379
12.511	10.105	-5.898
12.507	10.098	-5.885
12.335	10.133	-5.826
12.915	9.922	-5.685
12.085	9.683	-5.472
12.666	9.472	-5.331
13.698	10.29	-5.906
14.568	10.18	-5.58
14.669	10.221	-5.627
14.955	10.022	-5.604
15.227	9.28	-5.196
15.805	9.198	-5.196
14.581	8.892	-4.698
15.107	8.72	-4.885
15.671	8.575	-4.85
16.189	8.481	-4.598
14.914	8.107	-4.994
15.457	7.894	-4.971
16.846	9.656	-4.856
17.117	10.145	-4.548
17.125	10.665	-4.177
17.106	9.352	-4.481
17.313	9.916	-4.265
17.35	10.402	-3.852
16.285	7.699	-4.454
16.461	7.771	-4.322
17.35	7.135	-4.331
17.289	7.332	-4.226
18.361	8.628	-4.389
18.749	9.052	-4.23
19.104	9.363	-3.864
18.986	8.385	-4.856
19.252	8.857	-4.605
19.654	9.15	-4.274
19.439	7.108	-5.569
19.248	6.793	-5.436
18.773	6.572	-5.109
19.039	5.931	-5.031
18.046	6.971	-4.58
18.298	6.377	-4.848
18.619	5.759	-4.8
18.939	5.25	-4.445
17.81	6.086	-4.94
18.187	5.501	-4.881
19.697	5.813	-5.21
19.965	5.17	-4.728
20.183	5.518	-5.199
20.53	5.964	-5.466
20.509	5.085	-5.372
20.666	4.419	-5.306
21.213	4.226	-5.552
20.498	3.77	-5.168
21.045	3.577	-5.414
21.334	4.765	-5.842
21.653	4.968	-6.066
22.578	4.784	-6.226
23.029	4.438	-6.15
23.326	3.991	-6.057
24.019	4.117	-6.072
23.412	3.524	-6.016
24.105	3.65	-6.031
23.309	2.049	-6.551
23.91	2.223	-6.56
24.489	2.285	-6.335
24.948	2.225	-5.915
23.316	2.029	-6.562
23.911	2.219	-6.563
24.49	2.283	-6.336
24.952	2.211	-5.921
23.079	1.24	-6.533
23.471	0.777	-6.522
23.92	0.431	-6.303
22.629	0.81	-6.401
23.076	0.398	-6.407
23.47	0.0	-6.172
22.494	0.662	-6.408
22.831	0.123	-6.397
23.156	-0.35	-6.124
22.402	0.602	-6.406
22.762	0.078	-6.395
23.077	-0.402	-6.122
23.753	-0.984	-5.151
24.154	-0.685	-5.157
24.06	-1.53	-4.908
24.518	-1.332	-4.87
24.88	-2.338	-4.989
24.151	-2.702	-5.267
24.794	-2.787	-5.237
25.344	-3.046	-5.008
24.814	-3.079	-5.667
23.903	-3.145	-6.414
24.332	-3.243	-6.652
23.551	-2.89	-6.963
23.915	-2.942	-7.302
23.218	-2.356	-7.269
23.521	-2.309	-7.664
25.242	-3.353	-7.121
25.778	-3.47	-6.873
24.951	-2.551	-8.415
25.009	-2.139	-8.871
24.259	-2.367	-8.337
24.317	-1.955	-8.794
23.682	-2.014	-8.092
23.74	-1.602	-8.548
26.221	-2.289	-8.46
26.222	-2.288	-8.461
25.404	-1.746	-9.346
25.927	-1.609	-9.545
25.381	-0.663	-10.085
25.585	-0.379	-10.658
25.679	-0.36	-11.322
25.01	-0.229	-10.088
25.325	-0.075	-10.66
25.363	0.01	-11.325
24.088	0.16	-9.744
23.662	0.615	-10.066
23.891	0.045	-9.647
23.465	0.499	-9.97
23.83	1.075	-10.993
24.385	0.991	-11.393
24.846	0.609	-11.736
23.721	1.114	-11.17
24.313	1.017	-11.51
24.754	0.642	-11.886
25.843	-0.441	-11.238
25.838	-0.589	-10.501
26.208	-0.568	-11.271
26.237	-0.728	-10.536
26.713	-0.764	-11.61
27.147	-1.013	-11.146
27.231	-0.782	-12.083
27.644	-1.03	-11.6
27.333	-0.76	-12.069
27.84	-1.048	-11.6
27.605	-0.523	-12.233
28.137	-0.79	-11.778
27.582	0.133	-13.654
26.736	-0.083	-13.923
27.222	0.352	-14.063
27.723	0.597	-14.429
26.846	0.77	-14.234
25.407	1.283	-13.957
24.971	1.785	-14.214
25.285	1.186	-13.936
24.839	1.68	-14.192
25.113	0.629	-13.902
24.53	0.679	-14.034
24.047	0.752	-14.382
23.741	0.839	-14.891
24.92	0.293	-13.706
24.48	0.592	-13.983
23.997	0.666	-14.331
23.548	0.503	-14.694
24.773	0.248	-13.529
24.198	0.486	-13.679
23.624	0.486	-13.964
24.644	0.18	-13.21
24.09	0.428	-13.412
23.481	0.409	-13.609
23.885	1.554	-15.052
23.573	1.31	-15.97
23.802	1.914	-15.509
24.359	2.439	-15.299
23.224	1.717	-16.301
23.477	2.294	-15.818
23.946	2.921	-15.691
22.698	2.051	-16.396
22.986	2.605	-15.906
23.323	3.315	-15.803
22.444	2.773	-15.753
21.73	2.58	-15.815
21.628	1.941	-16.392
21.299	2.323	-15.958
20.899	2.827	-15.784
20.925	1.966	-15.884
20.766	1.597	-15.879
20.209	1.743	-15.657
19.627	1.949	-15.68
20.753	1.557	-15.886
20.197	1.708	-15.663
19.612	1.904	-15.688
20.578	1.478	-15.827
19.821	1.613	-15.688
21.064	0.77	-16.238
20.51	1.08	-15.782
19.756	1.236	-15.645
19.008	1.196	-15.866
20.508	0.822	-15.468
19.754	0.991	-15.348
20.197	0.783	-15.045
19.585	0.895	-15.14
20.157	0.715	-14.882
19.549	0.834	-14.991
17.854	0.633	-15.856
18.709	0.821	-15.693
18.227	0.358	-15.566
17.925	-0.246	-15.645
18.441	0.237	-15.076
17.717	0.661	-15.9
16.719	0.411	-16.049
16.962	0.987	-15.955
17.14	1.57	-16.119
16.288	1.203	-15.53
15.623	0.936	-15.194
15.664	0.062	-15.522
15.289	0.438	-15.105
14.738	0.787	-14.934
15.148	-0.032	-14.748
15.73	-1.035	-14.791
15.398	-0.883	-14.201
15.802	1.605	-15.158
15.802	1.606	-15.158
15.745	1.748	-15.154
15.572	2.105	-15.059
14.974	2.403	-14.796
14.599	2.445	-14.664
13.826	1.94	-14.572
13.667	1.335	-14.612
13.752	1.225	-14.606
13.736	0.645	-14.377
13.661	2.456	-14.474
14.158	2.774	-14.518
13.452	2.795	-14.38
13.949	3.114	-14.424
13.518	3.081	-14.274
13.36	3.225	-14.165
14.37	4.249	-14.549
14.647	3.998	-14.775
14.882	4.642	-14.433
15.119	4.359	-14.668
16.05	4.555	-14.097
16.681	4.554	-14.259
16.131	4.726	-13.739
16.769	4.739	-13.872
16.081	4.823	-13.501
16.669	4.873	-13.422
16.048	4.897	-13.299
16.636	4.946	-13.22
16.185	4.93	-13.125
16.898	5.157	-12.949
16.049	4.932	-12.641
16.749	5.158	-12.42
14.074	6.789	-11.709
13.715	6.776	-11.899
14.549	5.347	-12.504
14.19	5.334	-12.694
13.667	5.051	-12.719
13.194	5.285	-12.284
12.745	5.748	-12.057
13.519	4.93	-12.801
13.087	5.197	-12.343
12.581	5.614	-12.148
13.47	4.783	-12.965
13.197	4.209	-13.265
12.55	5.398	-12.214
12.427	5.316	-12.251
12.456	5.06	-12.353
12.016	5.472	-12.284
11.955	4.587	-12.367
11.566	5.048	-12.297
10.998	7.143	-12.463
10.796	7.699	-12.68
10.44	6.857	-12.566
10.171	7.379	-12.796
10.368	6.777	-12.544
10.042	7.239	-12.727
9.807	6.551	-12.116
9.481	7.013	-12.298
8.826	8.046	-13.736
8.326	8.004	-13.404
8.156	8.031	-13.233
8.031	8.046	-13.033
7.172	8.277	-14.135
7.516	8.225	-14.4
6.931	8.727	-14.608
7.294	8.64	-14.836
6.957	9.361	-14.895
7.318	9.223	-15.1
7.223	10.63	-14.832
6.692	9.99	-14.665
6.756	10.626	-14.621
6.651	11.235	-14.79
6.326	10.038	-14.188
6.445	10.666	-14.216
6.313	11.278	-14.35
6.366	10.741	-13.715
7.431	10.529	-14.878
7.683	10.606	-14.918
8.188	11.166	-15.086
8.377	11.745	-15.121
8.334	11.874	-15.073
8.374	12.047	-15.013
7.278	12.573	-14.94
7.536	12.89	-14.785
6.811	12.741	-14.606
7.029	13.073	-14.422
6.453	12.667	-14.131
6.64	12.992	-13.907
6.294	12.369	-13.637
6.467	12.668	-13.37
8.532	12.217	-14.97
8.745	12.576	-14.824
9.027	12.765	-14.758
8.322	13.417	-14.256
9.1	13.302	-14.283
9.813	13.539	-14.517
9.174	13.475	-13.588
8.01	13.6	-12.976
8.446	13.492	-12.583
7.521	13.339	-12.608
7.868	13.183	-12.147
7.052	12.881	-12.497
7.313	12.641	-12.016
9.437	13.523	-13.423
9.496	13.539	-13.273
9.638	13.608	-12.935
10.2	13.994	-12.868
9.653	13.462	-12.102
10.214	13.85	-12.053
9.719	13.387	-11.91
10.249	13.81	-11.945
9.748	13.357	-11.826
10.282	13.776	-11.852
9.745	13.263	-11.639
10.288	13.575	-11.528
10.646	14.067	-11.342
9.834	13.064	-11.386
10.354	13.427	-11.34
10.742	13.851	-11.068
10.865	15.214	-11.367
10.731	14.996	-12.011
11.328	15.68	-12.211
12.001	16.054	-11.517
12.008	16.011	-12.171
11.982	16.248	-12.781
12.744	15.84	-12.208
13.894	14.98	-11.316
14.662	14.835	-11.354
13.868	14.82	-10.69
14.633	14.659	-10.667
13.684	14.762	-10.469
14.25	14.469	-10.347
14.854	14.43	-10.112
13.483	14.356	-10.188
14.105	14.176	-10.144
14.653	14.024	-9.831
13.311	13.928	-10.095
12.911	13.59	-10.04
12.065	13.501	-9.93
11.857	12.883	-9.676
11.829	12.389	-9.179
11.926	13.551	-9.899
11.795	12.904	-9.662
11.705	12.433	-9.151
12.42	12.114	-9.174
12.92	12.444	-9.643
12.524	12.043	-9.112
13.025	12.374	-9.581
12.749	11.738	-8.546
13.391	11.737	-8.611
12.76	11.707	-8.425
13.403	11.703	-8.476
12.71	11.668	-8.184
13.306	11.608	-8.042
12.465	11.326	-7.542
13.032	11.226	-7.325
15.041	12.37	-7.662
15.441	13.012	-7.614
14.516	11.892	-7.012
15.133	12.294	-7.192
15.526	12.942	-7.184
15.593	13.671	-6.99
15.439	12.119	-6.858
15.805	12.782	-6.878
15.583	12.035	-6.754
15.891	12.734	-6.823
15.788	11.951	-6.672
16.106	12.645	-6.737
16.876	11.56	-4.745
16.842	11.298	-4.619
16.012	11.122	-5.862
15.981	10.881	-5.747
17.257	12.551	-4.839
17.25	12.915	-5.447
16.923	13.185	-6.016
17.587	12.951	-4.717
17.418	13.12	-5.384
17.253	13.585	-5.894
18.26	13.537	-3.322
18.55	14.078	-3.034
17.982	13.291	-2.526
18.284	13.841	-2.27
17.987	13.209	-2.443
18.309	13.683	-2.132
18.055	13.016	-2.23
18.382	13.475	-1.903
18.06	12.845	-2.132
18.418	13.15	-1.75
18.553	13.506	-1.278
18.143	12.564	-1.972
18.492	12.896	-1.604
18.647	13.185	-1.095
18.201	12.498	-1.924
18.583	12.776	-1.494
18.732	13.03	-0.928
18.542	12.141	-1.905
18.815	12.533	-1.482
19.046	12.701	-0.911
19.063	11.894	-1.957
19.204	11.646	-2.088
19.002	10.883	-2.544
18.142	10.738	-2.645
18.743	10.508	-2.825
19.257	10.082	-2.798
18.559	10.303	-3.283
17.768	10.239	-3.755
17.623	9.735	-4.168
17.527	9.092	-4.322
17.416	10.344	-3.829
17.415	9.796	-4.212
17.207	9.187	-4.389
18.006	8.797	-4.338
18.487	9.2	-4.222
18.857	9.573	-3.86
18.167	8.627	-4.354
18.606	9.074	-4.234
19.032	9.388	-3.877
19.861	11.194	-2.135
20.245	10.36	-2.368
20.364	11.025	-2.073
20.479	11.466	-1.492
20.872	11.057	-2.232
20.998	11.067	-2.315
21.351	11.123	-2.621
21.464	11.035	-2.856
21.85	11.487	-2.677
21.569	11.008	-3.02
21.962	11.458	-2.852
21.721	10.94	-3.279
21.476	10.168	-3.7
21.816	10.723	-3.807
22.366	11.08	-3.884
21.693	10.748	-4.371
21.386	10.643	-4.993
21.202	10.478	-5.146
21.087	10.39	-5.197
20.862	10.241	-5.292
20.559	10.017	-5.365
20.55	9.925	-6.143
20.502	9.963	-5.358
20.492	9.87	-6.136
20.249	9.553	-5.065
19.98	9.211	-5.596
20.536	9.374	-4.28
20.067	9.26	-4.767
19.783	8.893	-5.273
19.743	8.351	-5.691
19.739	9.135	-4.476
19.428	8.758	-4.957
20.281	9.166	-6.529
20.3	9.092	-6.589
20.38	8.125	-6.636
20.287	7.914	-6.445
20.159	7.704	-6.208
19.659	7.32	-5.717
21.894	6.136	-6.587
22.451	5.975	-6.715
21.804	5.564	-6.321
22.364	5.425	-6.46
22.333	6.248	-6.88
23.28	6.306	-7.068
22.555	6.566	-7.252
22.0	7.13	-7.205
23.448	6.442	-7.601
22.712	6.692	-7.749
22.2	7.29	-7.836
22.773	6.604	-8.274
23.671	6.245	-8.782
24.254	6.056	-8.661
24.949	5.887	-7.859
24.891	5.89	-7.21
24.814	5.836	-7.027
23.919	5.851	-6.655
24.625	5.587	-6.551
25.297	5.613	-6.195
24.438	5.13	-6.267
24.296	4.996	-6.239
24.1	4.63	-6.187
25.527	3.617	-5.236
25.099	3.206	-5.504
25.697	3.693	-5.179
25.708	3.697	-5.174
26.386	1.574	-4.283
26.255	1.256	-4.589
25.653	1.06	-5.249
25.396	0.385	-5.377
25.245	1.342	-5.682
24.932	0.707	-5.871
25.739	-0.024	-5.095
26.265	0.332	-4.764
25.996	-0.554	-4.885
26.501	-0.156	-4.572
27.47	-2.53	-4.955
26.896	-3.197	-4.999
27.478	-3.049	-5.219
28.116	-3.085	-5.245
27.394	-3.351	-5.71
26.416	-3.527	-6.871
26.968	-3.509	-7.118
27.912	-3.563	-6.764
28.328	-3.553	-6.497
28.737	-3.053	-7.876
29.086	-3.077	-8.353
27.868	-3.257	-7.856
28.268	-3.057	-8.244
28.649	-3.081	-8.696
28.953	-3.325	-9.142
27.888	-2.775	-8.606
28.295	-2.818	-9.033
27.817	-2.589	-8.863
27.461	-2.302	-8.999
27.185	-1.964	-9.384
27.025	-1.641	-9.884
26.985	-1.543	-9.991
26.881	-1.263	-10.224
28.271	-2.614	-10.287
28.685	-3.03	-10.134
28.709	-2.494	-10.868
29.055	-2.929	-10.624
29.334	-2.273	-11.188
29.583	-2.742	-10.895
29.48	-1.626	-11.57
29.932	-1.216	-11.805
28.57	-0.56	-11.867
28.239	-0.154	-12.305
28.41	-0.648	-11.829
28.083	-0.241	-12.268
28.446	0.007	-12.429
28.936	-0.25	-12.078
28.571	0.114	-12.525
29.063	-0.141	-12.175
28.885	0.393	-12.889
29.242	0.043	-12.347
28.927	0.406	-12.908
29.288	0.057	-12.368
29.016	0.445	-12.984
29.442	0.148	-12.495
29.542	0.974	-13.095
29.944	0.654	-12.601
29.674	2.013	-12.969
29.298	2.478	-13.757
29.496	2.566	-13.047
29.955	2.831	-12.526
29.073	2.952	-12.918
28.941	3.017	-12.88
28.575	3.138	-12.8
27.863	3.291	-13.186
27.961	3.056	-14.096
27.482	3.266	-13.703
27.062	3.707	-13.466
27.026	2.942	-14.02
26.848	2.671	-14.204
26.225	2.85	-14.153
25.696	3.193	-14.31
26.844	2.662	-14.213
26.222	2.842	-14.161
25.692	3.182	-14.321
26.778	2.612	-14.257
26.1	2.784	-14.271
25.556	3.154	-14.507
26.68	2.354	-14.355
26.056	2.668	-14.315
25.469	2.924	-14.594
26.692	2.262	-14.365
26.092	2.5	-14.291
25.516	2.719	-14.496
26.637	2.123	-14.342
26.045	2.381	-14.271
25.452	2.558	-14.47
25.957	2.104	-14.218
25.399	2.408	-14.433
25.708	1.723	-14.101
25.145	2.02	-14.312
24.254	2.772	-15.54
24.408	2.984	-15.595
23.747	3.612	-15.812
24.014	3.637	-15.807
24.089	4.509	-15.472
24.279	4.334	-15.543
24.917	4.512	-14.88
24.923	4.337	-15.082
25.84	3.454	-14.082
25.843	3.672	-14.002
23.726	5.433	-14.362
24.025	5.693	-13.85
22.637	5.504	-14.026
22.104	5.758	-14.004
22.597	5.448	-14.255
22.067	5.707	-14.218
22.382	5.451	-14.449
23.125	5.056	-15.031
22.346	5.191	-14.939
21.698	5.615	-15.128
22.888	4.487	-15.446
22.168	4.767	-15.25
21.514	5.173	-15.451
21.895	4.286	-15.301
21.925	3.561	-15.389
22.018	3.3	-15.466
21.208	4.022	-15.389
20.656	4.007	-15.446
19.71	2.697	-15.67
19.763	2.328	-15.655
16.258	3.824	-14.924
16.205	3.738	-14.995
16.952	2.73	-16.124
16.712	2.776	-16.014
16.087	3.666	-15.046
16.253	3.04	-15.625
15.793	3.262	-15.206
15.225	3.561	-15.047
15.607	2.782	-15.104
16.461	4.075	-14.755
16.472	4.423	-14.363
17.823	4.857	-15.187
18.027	4.856	-15.36
19.103	5.566	-14.66
18.944	5.685	-14.297
18.096	6.836	-12.087
17.897	7.281	-11.707
17.593	6.175	-12.453
17.613	6.531	-11.948
17.449	6.997	-11.578
17.128	7.496	-11.406
17.326	6.168	-11.586
17.182	6.66	-11.241
16.956	5.44	-11.461
16.484	5.346	-11.022
15.899	5.445	-10.754
16.952	5.432	-11.467
16.481	5.339	-11.026
15.895	5.438	-10.759
16.752	5.141	-12.02
16.079	4.868	-12.025
16.753	5.142	-12.129
16.08	4.869	-12.133
15.247	5.166	-11.273
15.108	5.21	-11.303
14.776	5.23	-11.638
14.505	5.672	-11.292
14.417	6.249	-11.07
14.528	6.86	-11.012
14.757	5.235	-11.658
14.495	5.675	-11.302
14.407	6.251	-11.081
14.509	6.865	-11.033
14.57	5.328	-11.789
14.21	5.914	-11.56
14.152	6.628	-11.452
14.562	5.33	-11.807
14.206	5.915	-11.57
14.145	6.63	-11.466
14.824	7.97	-11.819
14.068	7.587	-12.057
14.505	8.083	-12.206
15.001	8.368	-12.568
14.148	8.387	-12.417
14.017	8.452	-12.429
13.96	8.492	-12.442
13.696	8.715	-12.556
13.152	8.824	-12.521
12.401	8.576	-12.31
11.846	8.928	-12.703
12.276	8.442	-12.255
11.722	8.793	-12.648
12.145	8.208	-12.141
11.493	8.397	-12.421
12.137	8.19	-12.134
11.484	8.377	-12.414
12.316	7.416	-12.052
12.834	6.854	-11.945
11.382	7.465	-12.257
11.095	7.954	-12.522
11.201	7.303	-12.357
10.909	7.786	-12.624
10.595	8.393	-13.495
10.94	8.838	-13.718
9.481	9.15	-14.604
9.128	9.632	-15.134
9.075	9.751	-15.199
8.416	10.356	-15.163
11.245	11.119	-15.538
10.764	10.686	-15.488
11.587	10.778	-15.196
11.106	10.344	-15.146
12.585	10.503	-14.477
12.931	11.272	-14.924
12.962	11.513	-14.982
12.41	12.344	-15.311
13.055	12.161	-15.001
13.786	12.058	-15.035
13.146	12.711	-14.659
12.551	13.751	-14.586
11.965	13.986	-14.901
11.679	13.367	-15.314
11.416	12.545	-15.763
11.339	12.655	-15.76
11.265	12.766	-15.769
10.406	12.384	-15.701
10.445	12.512	-15.705
10.479	12.64	-15.721
9.853	13.038	-15.14
9.956	13.091	-15.208
10.049	13.149	-15.284
10.395	13.772	-14.801
10.798	14.354	-14.436
10.528	14.369	-13.558
10.392	14.159	-13.274
10.349	14.112	-13.172
10.743	15.119	-12.559
10.856	15.517	-13.116
10.866	14.307	-14.563
11.568	14.987	-14.849
11.309	14.239	-14.905
10.959	13.668	-15.33
11.821	14.005	-14.944
13.077	13.785	-14.244
13.456	13.117	-14.288
13.178	13.839	-14.192
13.553	13.169	-14.239
13.342	14.092	-14.108
13.396	15.043	-14.123
13.68	14.541	-13.794
14.176	14.127	-13.647
13.747	14.881	-13.252
13.753	14.967	-13.002
14.319	14.705	-12.604
15.033	14.706	-12.412
13.738	15.001	-12.955
14.318	14.708	-12.6
15.021	14.734	-12.372
14.231	14.804	-12.475
14.973	14.777	-12.293
14.132	14.901	-11.975
14.885	14.864	-11.848
14.067	14.901	-11.874
14.757	14.824	-11.679
14.064	14.9	-11.866
14.755	14.823	-11.671
16.761	15.664	-10.592
16.304	15.415	-10.05
16.033	15.17	-9.979
15.82	14.983	-9.854
15.537	14.253	-8.52
15.473	13.714	-8.391
14.989	12.784	-8.83
14.892	12.783	-8.962
14.559	13.297	-9.569
14.519	13.586	-9.726
14.171	12.524	-9.297
13.863	12.348	-9.304
15.112	12.58	-8.244
15.464	13.155	-7.989
15.106	12.529	-8.118
15.458	13.108	-7.873
15.855	15.015	-7.737
15.958	15.182	-8.402
16.712	15.633	-8.021
17.082	15.382	-7.111
17.342	15.641	-7.653
17.6	16.121	-8.015
17.973	15.282	-7.585
18.486	14.21	-6.923
19.178	13.995	-6.74
18.458	14.187	-6.842
19.151	13.974	-6.663
18.372	14.203	-6.784
18.971	13.95	-6.589
18.189	14.041	-6.468
18.773	13.775	-6.246
17.668	13.805	-6.062
17.995	13.409	-5.663
18.323	13.257	-5.122
17.497	13.726	-5.991
17.855	13.344	-5.605
18.133	13.169	-5.043
18.704	13.67	-3.618
18.786	14.159	-3.211
18.699	13.668	-3.614
18.782	14.157	-3.207
18.955	14.263	-3.381
19.033	14.354	-3.438
18.856	15.589	-2.727
19.078	15.719	-2.803
18.64	15.687	-1.952
18.8	15.845	-1.806
19.034	16.346	-0.265
18.939	16.185	0.353
18.944	16.079	0.582
18.882	15.057	0.997
19.103	15.778	1.176
18.983	16.442	1.555
19.618	15.62	1.598
20.093	15.204	1.863
20.103	15.182	1.872
20.069	14.497	2.059
19.305	13.971	1.443
19.854	13.819	1.961
20.063	13.626	2.677
20.027	13.167	1.714
18.601	13.775	0.629
18.636	13.515	0.573
19.806	13.144	1.343
20.12	13.11	1.854
19.978	12.952	1.221
20.3	12.91	1.727
19.886	12.309	-0.642
19.547	12.428	-0.864
20.003	12.247	-0.688
20.569	11.829	-1.019
20.502	12.216	-0.572
20.442	12.399	-0.009
21.0	12.331	-0.609
21.296	12.476	-0.55
21.32	12.476	-0.562
21.454	12.519	-0.533
21.896	12.618	-0.704
21.795	11.835	-1.691
22.42	11.973	-1.861
22.237	12.727	-0.811
22.662	12.973	-0.763
23.56	12.387	-2.144
23.671	12.567	-1.98
24.417	13.655	-2.412
24.172	13.267	-3.17
24.47	13.825	-2.928
25.006	14.21	-2.772
24.383	14.098	-3.392
24.255	14.318	-3.906
24.137	14.282	-4.14
23.987	12.899	-3.499
23.834	12.599	-4.005
23.677	12.295	-3.138
23.572	12.089	-3.701
22.808	11.366	-4.18
23.15	11.637	-4.195
22.29	11.441	-5.289
21.936	11.104	-5.066
22.434	11.63	-5.314
22.539	12.069	-5.627
21.995	11.004	-6.386
21.91	10.961	-6.636
22.509	12.174	-5.73
22.234	12.601	-6.609
22.471	12.717	-5.858
23.052	12.9	-5.345
22.248	13.227	-5.809
21.78	13.747	-6.221
21.85	14.303	-5.958
22.149	14.823	-5.804
22.626	15.217	-5.784
21.525	13.966	-6.427
21.759	14.382	-6.032
22.078	14.884	-5.862
22.427	15.389	-5.945
19.831	13.926	-7.74
19.357	14.25	-8.067
19.117	14.741	-8.44
19.832	13.925	-7.742
19.357	14.249	-8.069
19.117	14.74	-8.441
19.907	13.775	-8.092
19.999	13.707	-8.178
22.154	11.973	-7.203
22.054	11.739	-7.802
22.054	11.284	-6.917
21.955	11.05	-7.516
21.432	10.34	-6.985
20.892	10.034	-6.455
21.472	9.871	-7.85
21.711	10.451	-7.866
21.317	8.803	-8.274
21.149	8.665	-7.423
21.041	8.898	-7.305
21.16	8.298	-7.319
20.73	8.841	-7.045
20.826	8.236	-7.04
22.215	7.321	-7.998
22.127	7.535	-8.001
21.221	8.477	-9.01
20.959	8.273	-9.554
20.891	8.19	-9.663
20.858	8.153	-9.717
22.107	6.653	-9.754
22.634	6.356	-10.078
22.275	6.711	-9.534
22.802	6.414	-9.857
22.344	6.729	-9.436
22.929	6.451	-9.685
22.609	6.678	-8.853
23.164	6.406	-9.169
24.882	6.38	-10.54
25.257	6.117	-9.968
25.342	5.961	-9.802
25.344	5.955	-9.793
25.068	5.83	-9.025
25.524	5.768	-8.524
24.871	5.862	-8.842
25.326	5.801	-8.34
26.083	5.745	-8.696
26.082	5.746	-9.326
26.813	5.537	-8.68
26.84	5.529	-9.309
27.543	5.476	-7.979
26.985	5.985	-7.611
27.557	5.732	-7.497
28.19	5.732	-7.449
27.465	5.756	-6.96
26.261	6.142	-6.902
26.243	6.031	-6.564
26.708	5.768	-6.082
27.224	5.599	-5.871
26.361	5.433	-5.588
26.851	5.238	-5.34
25.983	4.925	-5.313
26.444	4.692	-5.044
26.633	3.636	-4.465
26.673	4.183	-4.721
26.791	3.134	-4.15
27.206	2.824	-3.824
28.737	3.032	-3.772
29.282	3.218	-3.968
29.039	2.389	-3.545
29.584	2.575	-3.74
29.803	1.675	-3.803
29.772	1.066	-3.963
28.7	1.483	-3.351
28.467	1.046	-3.274
27.934	1.784	-3.266
27.82	1.3	-3.202
27.152	1.824	-3.532
27.159	1.334	-3.426
29.57	0.905	-3.979
29.557	0.279	-4.602
28.772	-0.523	-4.769
28.872	-1.083	-5.088
28.168	-0.776	-4.514
28.268	-1.336	-4.833
27.985	-0.927	-4.592
27.516	-0.894	-4.548
27.313	-0.692	-4.419
27.029	-1.202	-4.694
26.697	-0.3	-4.467
26.385	-0.792	-4.744
29.35	-1.07	-5.452
29.633	-0.501	-5.441
29.981	-0.032	-5.189
29.705	-1.178	-5.941
29.924	-0.589	-5.843
30.366	-0.149	-5.721
29.877	-1.393	-6.476
29.917	-1.821	-6.909
29.848	-2.269	-7.224
30.226	-2.268	-7.835
29.539	-2.772	-7.431
29.931	-2.748	-8.032
29.38	-2.875	-7.445
29.615	-2.885	-8.059
28.987	-3.02	-7.594
29.222	-3.031	-8.207
30.167	-3.459	-9.105
30.575	-3.337	-9.006
30.367	-3.456	-9.748
30.759	-3.334	-9.598
30.522	-3.116	-10.308
30.902	-3.022	-10.113
30.728	-2.014	-10.809
30.289	-1.99	-11.069
30.928	-1.987	-10.689
31.202	-1.895	-10.55
31.868	-1.294	-10.882
31.837	-0.972	-11.381
31.839	-0.746	-11.682
31.552	-0.431	-12.069
31.493	-0.324	-12.158
31.252	0.493	-12.38
33.774	-0.694	-11.462
33.98	-0.023	-12.043
34.184	-0.282	-11.462
34.595	-0.636	-11.072
34.382	0.228	-11.266
34.356	1.261	-11.394
33.966	1.192	-12.287
34.114	1.706	-11.897
34.474	2.229	-11.709
33.574	2.08	-12.176
33.439	2.125	-12.217
32.799	1.695	-12.637
32.917	2.229	-12.274
33.01	2.872	-12.176
32.425	2.248	-12.067
31.554	1.796	-12.071
30.897	2.128	-12.011
31.389	1.503	-12.212
30.74	1.849	-12.146
31.013	2.687	-11.763
31.768	2.782	-11.662
30.947	3.025	-11.588
31.702	3.12	-11.487
30.898	3.109	-11.502
31.611	3.251	-11.326
30.866	3.173	-11.429
31.575	3.324	-11.243
30.619	3.338	-11.337
31.092	3.522	-11.006
31.584	3.851	-10.872
30.609	3.349	-11.33
31.083	3.533	-10.999
31.572	3.865	-10.863
30.754	3.549	-11.059
31.403	3.846	-10.832
30.457	3.904	-10.674
31.106	4.201	-10.447
30.223	3.972	-10.586
30.677	4.22	-10.239
29.917	4.105	-10.259
30.393	4.344	-9.935
29.822	4.165	-10.032
30.217	4.54	-9.552
29.549	4.184	-9.822
29.944	4.559	-9.342
28.393	4.324	-10.522
27.906	4.712	-10.535
28.948	4.124	-11.228
28.359	4.293	-11.117
27.874	4.683	-11.089
27.578	5.228	-11.147
28.112	4.055	-11.606
27.645	4.462	-11.543
27.935	3.729	-12.15
28.058	3.5	-12.434
27.208	4.406	-12.064
26.941	4.57	-12.259
26.765	4.727	-12.304
26.6	4.764	-12.427
26.261	4.578	-13.048
26.222	4.485	-13.254
26.307	4.382	-13.263
26.06	3.845	-13.794
26.123	5.323	-12.627
25.518	5.757	-13.204
25.785	5.852	-12.61
26.181	6.148	-12.177
25.259	6.087	-12.36
25.156	6.113	-12.258
24.817	6.134	-11.88
22.716	5.703	-12.642
22.127	5.762	-12.663
22.717	5.704	-12.652
22.127	5.762	-12.673
22.667	5.725	-12.899
22.029	5.883	-13.113
22.841	5.618	-13.59
22.191	5.785	-13.751
20.081	6.598	-12.615
19.405	6.588	-13.2
19.991	6.771	-11.365
19.868	6.854	-11.32
19.427	7.08	-11.411
19.435	7.533	-10.933
19.622	8.099	-10.652
19.29	7.138	-11.453
19.354	7.567	-10.958
19.485	8.156	-10.694
18.848	7.351	-11.5
18.088	7.16	-11.826
19.1	8.44	-10.784
19.017	8.573	-10.81
18.743	8.964	-10.948
18.132	9.19	-11.134
17.378	8.82	-11.411
16.982	9.233	-11.689
17.006	8.322	-11.565
16.582	8.697	-11.856
16.909	8.265	-11.573
16.414	8.588	-11.903
16.435	7.866	-11.281
15.959	8.205	-11.624
16.211	7.561	-10.905
15.561	7.664	-10.935
16.19	7.445	-10.813
15.538	7.54	-10.836
16.362	6.719	-10.549
15.813	6.215	-10.438
16.399	6.676	-10.556
15.851	6.173	-10.445
15.016	6.34	-10.615
14.902	6.921	-10.746
14.934	6.313	-10.661
14.814	6.893	-10.794
15.151	8.033	-11.588
15.047	8.017	-11.661
15.067	9.584	-13.508
14.427	9.314	-13.322
12.569	9.651	-13.33
11.981	9.538	-13.414
12.559	9.476	-13.067
11.972	9.375	-13.17
12.042	9.704	-13.596
12.714	9.887	-13.706
11.97	9.847	-13.799
12.642	10.03	-13.909
11.941	10.174	-14.192
12.625	10.205	-14.135
11.954	10.334	-14.393
12.637	10.353	-14.32
15.084	9.693	-13.592
15.593	10.445	-13.559
15.736	10.964	-13.632
15.668	11.329	-13.872
15.657	11.466	-13.925
15.586	11.596	-14.016
14.526	10.951	-14.933
14.504	11.383	-15.003
15.558	11.822	-14.1
14.934	12.184	-14.635
15.392	12.363	-14.208
15.964	12.62	-14.029
15.086	12.809	-14.008
14.426	13.094	-14.022
13.912	13.097	-14.213
14.974	13.31	-13.653
14.996	13.365	-13.622
14.91	13.468	-13.591
14.988	13.926	-13.233
15.158	14.119	-13.006
15.104	14.25	-12.905
15.13	14.358	-12.806
14.999	14.537	-12.618
16.79	15.027	-12.555
16.995	14.867	-12.617
17.126	15.591	-10.935
16.755	15.616	-10.721
17.24	15.631	-10.867
18.076	15.929	-10.545
17.747	15.415	-10.978
17.561	15.147	-11.651
18.525	15.555	-10.46
18.175	15.058	-10.897
18.093	14.704	-11.551
18.437	14.632	-10.64
18.906	14.478	-10.045
19.193	15.269	-9.553
19.255	14.622	-9.479
19.58	14.053	-9.483
19.225	14.651	-8.8
18.674	13.948	-10.609
18.685	13.918	-10.624
19.291	13.437	-10.539
19.82	13.104	-10.169
20.271	13.064	-9.392
20.291	13.212	-9.211
20.192	13.305	-9.215
19.999	13.667	-8.522
20.349	12.638	-9.895
20.464	12.506	-9.971
20.656	12.375	-9.911
21.02	11.581	-9.878
21.903	11.841	-8.725
21.935	11.617	-8.581
20.998	11.439	-9.91
20.935	10.982	-9.853
20.773	10.519	-10.091
20.356	9.98	-10.675
20.296	9.855	-10.672
19.702	9.691	-10.938
17.717	10.618	-11.655
17.674	10.469	-11.615
17.743	10.258	-11.513
17.191	10.164	-11.804
17.73	9.944	-11.386
17.177	9.85	-11.677
16.416	10.167	-12.883
16.733	11.097	-13.062
17.673	11.235	-12.057
18.286	11.108	-11.782
17.828	11.599	-12.211
18.429	11.444	-11.925
17.802	11.746	-12.305
18.344	11.739	-12.044
17.869	12.184	-12.392
18.404	12.132	-12.122
18.366	12.42	-12.167
18.602	12.879	-12.073
18.218	13.256	-12.356
18.484	13.991	-11.395
18.834	13.522	-11.233
18.831	13.539	-11.138
18.931	13.432	-11.266
18.724	12.858	-12.016
19.495	11.857	-12.034
19.685	11.467	-11.981
19.961	12.158	-11.789
20.191	11.794	-11.715
20.212	12.456	-11.324
20.464	12.118	-11.209
18.275	10.874	-11.645
17.653	10.832	-11.772
18.274	10.86	-11.638
17.652	10.819	-11.766
20.06	7.891	-10.505
20.718	8.016	-9.982
20.424	6.541	-11.52
21.131	6.235	-11.328
21.732	6.301	-10.586
22.334	6.07	-10.751
21.924	6.51	-10.152
22.533	6.286	-10.302
22.409	5.797	-11.418
21.867	5.799	-11.787
22.426	5.795	-11.443
21.884	5.798	-11.812
22.063	5.784	-11.943
22.224	5.755	-12.355
24.726	6.242	-11.353
24.914	6.391	-10.677
27.016	5.93	-11.585
27.273	5.63	-11.398
26.906	6.267	-11.002
27.153	5.996	-10.764
26.473	6.396	-10.49
26.684	6.136	-10.208
28.044	4.543	-10.423
28.008	4.533	-10.272
27.557	5.014	-9.715
27.786	4.86	-9.178
28.196	4.838	-8.734
27.219	5.304	-9.454
27.494	5.109	-8.952
27.83	5.151	-8.452
29.418	5.013	-8.517
29.426	5.413	-8.196
29.421	5.515	-8.085
28.747	5.791	-7.26
29.436	5.841	-7.405
30.018	6.205	-7.572
29.697	5.706	-6.71
29.749	5.637	-6.587
29.815	5.506	-6.381
28.364	5.605	-6.151
27.842	5.541	-5.905
28.498	3.962	-4.714
28.489	3.953	-4.707
29.556	3.72	-4.361
29.594	4.193	-4.71
30.051	2.448	-3.814
30.602	2.197	-3.835
31.278	2.307	-3.97
31.665	2.684	-4.139
31.645	1.858	-4.055
32.059	2.201	-4.23
31.896	1.391	-4.304
32.329	1.698	-4.497
32.001	0.96	-4.687
32.442	1.235	-4.909
31.947	0.617	-5.159
32.383	0.866	-5.417
31.74	0.404	-5.664
32.161	0.636	-5.96
30.948	0.133	-6.499
30.673	-0.252	-6.897
30.608	-0.078	-6.092
30.359	-0.447	-6.521
30.782	-0.104	-7.05
31.205	0.369	-6.766
30.814	-0.079	-7.141
31.24	0.398	-6.868
31.081	-0.619	-8.066
31.04	-0.892	-8.14
30.753	-1.462	-8.023
30.478	-1.805	-7.865
31.41	-1.409	-8.565
31.69	-1.617	-8.794
31.977	-1.724	-9.031
32.668	-1.406	-9.096
31.619	-2.608	-9.21
32.071	-2.016	-9.381
32.767	-1.714	-9.464
33.527	-1.778	-9.437
31.986	-1.964	-9.836
32.677	-1.659	-9.943
31.778	-1.976	-10.036
32.238	-1.598	-10.231
31.566	-1.873	-10.304
32.006	-1.485	-10.525
33.166	-1.24	-11.094
33.718	-1.495	-10.766
32.715	-1.123	-8.921
32.742	-0.701	-8.717
33.253	0.178	-8.404
32.902	0.69	-8.0
32.598	0.921	-7.367
33.489	0.387	-8.416
33.048	0.818	-8.008
32.891	1.181	-7.382
33.798	0.569	-8.554
33.922	0.635	-8.599
34.894	1.033	-9.51
34.963	1.021	-9.799
34.98	0.825	-9.821
35.039	1.457	-9.884
34.967	0.8	-10.109
35.027	1.434	-10.16
34.947	0.989	-10.162
34.685	0.908	-10.696
34.56	1.148	-10.947
34.498	1.172	-11.058
35.203	2.742	-11.132
35.364	2.734	-10.918
35.405	4.118	-9.677
35.146	4.47	-9.812
32.828	4.093	-11.501
32.65	4.618	-11.16
32.557	5.481	-10.615
32.803	5.584	-10.643
33.037	6.362	-9.078
32.508	6.274	-8.973
32.002	5.657	-9.878
31.309	5.877	-9.175
32.103	6.441	-8.634
31.601	6.767	-7.888
31.488	6.724	-7.823
31.43	6.664	-7.113
31.531	6.694	-7.024
31.571	6.632	-6.847
30.995	5.954	-6.247
31.581	6.148	-6.029
30.954	5.062	-5.686
31.14	4.769	-5.496
31.608	4.61	-5.312
31.812	4.545	-5.205
31.939	4.501	-5.141
32.384	4.244	-4.968
32.66	3.806	-4.746
33.23	4.011	-4.645
33.673	4.326	-4.357
33.083	3.06	-4.671
33.544	3.457	-4.59
34.016	3.719	-4.296
33.16	3.002	-4.715
33.69	3.347	-4.653
34.207	3.566	-4.354
33.558	2.616	-5.265
34.031	3.017	-5.124
34.604	3.18	-4.903
33.62	1.943	-6.519
34.205	2.179	-6.576
34.831	2.153	-6.673
33.614	1.949	-6.558
34.201	2.184	-6.606
34.826	2.158	-6.707
33.573	1.972	-6.909
33.531	1.949	-6.997
33.089	1.514	-7.293
33.266	1.422	-7.869
33.044	1.45	-7.297
33.223	1.363	-7.873
33.805	1.821	-7.929
33.876	1.827	-7.971
34.114	1.704	-8.253
34.596	2.004	-7.94
35.06	2.06	-7.492
34.115	1.703	-8.254
34.597	2.003	-7.941
35.062	2.059	-7.494
34.847	2.154	-7.183
34.811	2.169	-7.06
34.703	2.176	-6.613
33.948	2.097	-6.483
34.76	2.446	-6.043
34.002	2.353	-5.941
35.43	2.829	-5.307
35.497	2.802	-5.273
35.96	2.333	-5.276
36.15	2.228	-4.673
36.062	2.155	-5.343
36.261	2.036	-4.745
36.216	1.973	-5.323
36.447	1.643	-4.671
36.148	1.651	-6.276
36.553	1.655	-5.625
36.816	1.295	-5.002
36.868	0.666	-4.569
36.858	1.691	-6.585
37.059	1.683	-5.846
37.369	1.326	-5.243
37.709	0.713	-4.935
37.478	2.043	-5.872
37.828	1.72	-5.273
37.55	2.238	-5.991
37.863	2.125	-5.443
37.732	2.75	-6.011
38.06	2.677	-5.464
37.833	3.302	-6.184
38.289	3.657	-5.789
37.833	3.304	-6.186
38.289	3.659	-5.792
37.885	3.358	-6.909
37.54	2.606	-7.282
37.775	3.178	-7.471
38.218	3.575	-7.725
37.428	3.197	-7.961
36.025	2.679	-8.478
35.652	2.659	-9.111
35.864	2.408	-8.379
35.498	2.401	-9.016
35.795	2.321	-8.318
35.373	2.254	-8.904
35.725	2.237	-8.256
35.296	2.164	-8.837
35.729	2.909	-9.278
36.119	3.141	-8.767
35.637	3.609	-9.587
36.017	3.915	-9.108
35.507	3.925	-9.602
35.464	3.981	-9.644
36.518	4.582	-8.928
35.85	5.416	-9.052
36.481	5.351	-8.804
37.156	5.442	-8.82
36.365	5.843	-8.209
35.137	6.429	-7.859
34.572	6.345	-8.392
34.36	6.285	-8.496
34.328	6.26	-8.529
34.452	5.697	-9.368
34.658	5.468	-9.578
33.672	6.213	-9.061
33.123	6.298	-9.168
33.733	6.253	-8.942
33.83	6.214	-8.894
33.672	7.399	-8.18
34.058	7.429	-7.977
33.423	7.752	-7.674
33.828	7.754	-7.511
33.212	7.789	-7.044
33.634	7.789	-6.931
33.095	7.501	-6.455
33.527	7.523	-6.389
32.439	7.045	-6.277
32.218	6.569	-5.982
33.69	6.142	-5.41
34.16	6.121	-5.026
33.427	5.718	-5.112
33.898	5.697	-4.728
33.684	5.576	-4.837
33.626	5.374	-4.732
33.572	5.233	-4.685
33.476	4.782	-4.634
34.343	5.027	-3.344
34.516	5.197	-3.231
34.533	4.292	-3.267
34.76	4.252	-3.132
34.376	6.358	-5.167
34.078	6.584	-5.664
34.4	6.383	-5.17
34.1	6.607	-5.667
34.383	6.013	-4.018
34.66	6.482	-3.665
34.422	5.606	-3.507
34.698	6.075	-3.155
34.653	5.157	-3.092
34.929	5.626	-2.739
35.874	3.587	-2.725
35.089	3.605	-3.355
35.636	3.158	-3.155
35.896	2.582	-2.782
35.063	3.235	-3.981
35.613	2.825	-3.717
35.87	2.211	-3.408
35.809	2.646	-4.314
36.205	3.746	-2.277
36.71	3.778	-1.746
36.393	2.175	-1.917
36.468	1.608	-1.818
36.083	2.045	-2.426
36.158	1.478	-2.326
35.948	1.925	-3.008
36.023	1.358	-2.909
36.0	1.827	-3.607
36.075	1.26	-3.508
36.734	1.157	-1.485
37.101	0.994	-1.019
36.694	0.572	-1.658
37.062	0.41	-1.192
37.228	-0.682	-2.255
37.429	-0.898	-3.03
37.072	-0.521	-3.429
36.431	0.413	-3.953
36.494	0.325	-3.994
36.549	0.234	-4.039
37.467	0.405	-4.771
37.412	0.318	-4.719
37.355	0.227	-4.675
37.819	-0.527	-4.019
38.121	-0.903	-3.576
38.913	-0.699	-3.597
39.638	0.552	-3.989
40.006	0.39	-3.523
39.802	1.137	-3.914
40.17	0.974	-3.448
39.507	1.575	-4.3
39.432	2.142	-4.399
39.017	1.434	-4.736
38.942	2.001	-4.835
39.798	3.32	-4.04
39.285	3.275	-4.814
39.173	3.265	-4.911
38.715	3.258	-5.195
38.912	4.422	-6.425
38.536	4.01	-6.287
38.887	4.504	-6.676
39.156	4.552	-6.11
38.954	5.029	-7.418
38.977	5.095	-6.794
39.252	5.189	-6.238
39.733	5.294	-5.846
38.732	5.654	-6.792
38.989	5.791	-6.236
38.561	5.88	-6.819
38.684	6.207	-6.285
38.368	6.085	-6.906
38.476	6.427	-6.379
38.283	6.155	-6.942
38.322	6.556	-6.446
37.853	6.196	-7.677
37.858	6.35	-7.057
37.914	6.744	-6.557
38.01	7.305	-6.267
37.384	6.328	-6.978
37.458	6.723	-6.481
36.886	6.292	-6.774
37.186	6.699	-6.364
36.879	6.294	-6.77
37.179	6.701	-6.361
35.496	6.404	-7.326
35.435	6.338	-7.568
35.411	6.631	-6.975
35.339	6.807	-6.658
35.197	6.952	-6.472
35.723	6.874	-6.031
36.334	7.049	-5.763
35.076	7.034	-6.3
35.629	6.938	-5.898
36.175	7.156	-5.538
34.984	7.057	-6.087
35.493	7.045	-5.517
34.717	7.081	-5.864
35.186	7.072	-5.261
34.56	7.115	-5.924
34.897	7.009	-5.413
35.208	7.159	-4.898
34.264	6.869	-5.726
34.686	6.834	-5.273
34.912	6.912	-4.7
34.338	6.766	-5.611
34.751	6.71	-4.971
34.322	6.735	-5.603
34.732	6.675	-4.962
35.291	7.587	-2.691
35.187	8.252	-2.33
35.448	7.421	-2.337
35.344	8.086	-1.977
35.577	7.253	-2.121
35.585	7.794	-1.606
35.984	6.922	-1.745
35.957	7.491	-1.262
36.328	6.391	-1.599
36.32	6.999	-1.399
36.117	7.493	-1.046
36.348	6.385	-1.58
36.335	6.994	-1.385
36.136	7.487	-1.027
36.451	6.298	-1.471
36.543	6.836	-1.205
36.435	7.294	-0.823
36.143	7.598	-0.386
36.685	6.228	-1.331
36.651	6.803	-1.141
36.564	7.255	-0.745
36.438	7.51	-0.209
37.067	6.106	-1.189
37.339	6.579	-0.857
37.428	6.956	-0.349
37.166	6.025	-1.15
37.425	6.508	-0.824
37.542	6.862	-0.305
37.161	4.012	-1.267
37.118	3.921	-1.351
37.839	3.91	-0.375
37.418	4.697	-0.92
38.648	4.858	-0.357
38.748	5.454	-0.345
38.68	6.025	-0.159
38.454	6.478	0.172
38.648	4.858	-0.357
38.749	5.454	-0.345
38.68	6.025	-0.158
38.455	6.478	0.172
38.67	3.911	0.265
39.019	4.273	0.312
39.157	3.508	0.519
39.431	3.933	0.527
39.764	3.201	0.52
39.944	3.674	0.528
40.378	3.048	0.268
40.463	3.545	0.315
40.882	3.078	-0.188
40.889	3.57	-0.071
41.182	3.285	-0.764
41.141	3.745	-0.557
41.219	3.63	-1.349
41.173	4.036	-1.052
40.809	4.413	-2.311
40.881	4.845	-2.759
40.987	3.492	-2.411
40.808	3.982	-2.758
40.88	4.446	-3.174
41.19	4.801	-3.586
40.488	3.674	-3.19
40.582	4.159	-3.575
40.301	3.661	-3.441
40.109	3.471	-3.571
40.346	4.312	-4.834
40.826	4.658	-4.675
40.24	4.84	-5.379
40.736	5.105	-5.135
40.07	5.549	-5.615
40.593	5.704	-5.335
39.475	7.882	-5.153
39.449	7.896	-5.176
39.216	8.038	-5.443
38.819	7.988	-5.802
38.703	8.03	-5.887
38.147	7.45	-6.199
38.246	8.112	-6.083
38.386	8.751	-6.271
37.602	7.543	-6.14
37.753	8.197	-6.029
37.794	8.852	-6.206
37.346	8.262	-5.739
36.625	6.917	-6.02
36.869	6.742	-6.263
36.493	6.919	-5.952
36.49	6.921	-5.949
37.243	8.258	-5.631
36.983	8.41	-5.235
36.578	8.255	-4.768
36.376	8.787	-4.553
36.55	8.238	-4.75
36.348	8.77	-4.536
36.12	8.033	-4.568
36.119	8.658	-4.422
35.82	7.996	-4.41
35.819	8.621	-4.264
35.804	8.171	-4.321
35.735	8.156	-4.272
35.643	8.225	-4.18
35.418	8.206	-3.951
35.384	8.046	-3.971
35.393	8.627	-3.878
35.207	7.903	-3.336
35.196	8.468	-3.171
35.221	7.93	-3.078
35.108	8.533	-2.7
35.252	7.759	-2.815
35.143	8.34	-2.401
34.127	9.529	-1.897
34.01	9.768	-1.926
33.864	10.391	-0.661
33.96	10.224	-0.441
34.037	10.105	-0.246
34.105	9.995	-0.163
34.374	9.139	-0.915
34.509	8.809	0.027
34.745	8.232	1.115
34.705	8.317	1.365
35.844	7.989	2.397
35.896	7.944	2.368
35.88	7.599	1.26
36.605	7.236	2.006
38.632	6.425	0.323
38.913	5.902	0.047
38.999	5.26	-0.057
38.571	6.431	0.246
38.869	5.905	-0.009
38.946	5.265	-0.123
39.225	5.201	0.279
39.268	5.798	0.683
38.991	6.276	1.147
39.579	5.067	0.516
39.513	5.706	0.846
39.421	6.114	1.435
40.309	5.338	0.012
40.189	5.922	0.232
40.319	6.463	0.539
40.174	5.598	-0.577
40.077	6.135	-0.253
40.172	6.746	-0.103
40.399	5.268	-1.752
40.475	5.583	-2.337
40.758	4.68	-2.022
40.834	4.994	-2.606
40.213	5.891	-2.326
40.205	5.909	-2.328
41.245	6.077	-3.13
41.202	6.512	-3.16
41.525	6.105	-3.75
41.46	6.537	-3.731
41.454	6.167	-4.424
41.394	6.594	-4.351
41.051	6.246	-4.967
41.023	6.667	-4.851
40.167	6.135	-2.399
40.126	6.202	-2.386
40.657	7.649	-2.865
41.202	6.969	-3.289
41.069	7.717	-3.233
41.27	8.41	-2.987
41.348	7.08	-3.907
41.196	7.813	-3.767
41.429	8.53	-3.658
41.111	7.182	-4.497
40.991	7.901	-4.277
41.171	8.641	-4.299
40.528	7.952	-4.582
40.181	7.875	-4.746
39.984	7.772	-4.852
39.983	9.152	-5.097
39.59	9.803	-5.566
39.993	9.705	-5.041
40.584	9.7	-4.727
39.827	10.171	-4.787
39.01	10.681	-5.05
39.321	10.685	-4.429
38.081	10.952	-4.296
37.934	10.786	-5.255
37.528	10.912	-4.71
37.117	11.314	-4.325
37.413	10.4	-5.543
37.02	10.535	-4.991
36.501	10.857	-4.666
37.083	9.776	-5.614
36.698	9.927	-5.06
36.11	10.118	-4.75
36.651	9.255	-4.899
38.233	11.009	-3.954
38.344	11.056	-3.73
37.757	12.095	-2.448
37.926	12.733	-2.05
37.331	12.308	-2.583
37.537	12.928	-2.173
37.028	12.352	-2.698
36.985	12.966	-2.338
36.795	12.387	-2.785
36.757	13.001	-2.422
36.606	12.354	-2.911
36.403	12.905	-2.615
36.345	13.556	-2.548
36.584	12.354	-2.924
36.388	12.905	-2.625
36.326	13.556	-2.56
37.049	11.417	-4.261
36.815	11.546	-4.252
36.207	10.882	-4.617
36.16	11.13	-4.528
35.317	11.017	-4.06
35.468	11.235	-4.095
35.388	12.094	-2.58
35.259	12.001	-2.514
34.542	11.825	-1.81
34.451	11.796	-1.64
34.047	11.466	-1.268
33.833	10.669	-1.672
33.762	10.975	-1.091
33.422	11.287	-0.619
33.826	10.477	-0.774
34.194	12.144	-1.081
34.124	12.534	-0.792
33.802	12.952	-0.219
33.245	12.121	0.02
33.379	12.807	0.308
33.156	13.513	0.463
33.346	12.552	0.949
33.148	11.099	0.379
33.21	10.907	0.767
33.387	12.479	1.185
33.605	12.381	1.808
33.727	12.195	1.971
33.693	12.739	2.318
33.792	12.132	2.074
33.763	12.671	2.429
34.038	11.986	2.301
34.029	12.513	2.674
34.12	11.954	2.347
34.117	12.479	2.723
34.326	11.807	2.453
34.497	12.214	2.909
34.624	11.585	2.54
34.795	11.992	2.996
34.612	9.994	2.057
34.189	9.639	1.306
35.446	9.312	2.874
34.927	8.684	2.238
35.408	8.61	2.785
35.58	8.418	3.47
35.735	8.077	2.454
35.616	9.629	3.082
35.381	9.976	2.659
35.86	10.051	3.303
35.633	10.411	2.886
36.162	10.436	3.666
36.094	11.137	3.582
35.723	11.741	3.603
36.191	10.45	3.74
36.111	11.145	3.624
35.749	11.753	3.668
36.274	10.424	4.0
36.29	11.093	4.079
36.016	11.694	4.21
36.33	10.408	4.163
36.336	11.08	4.211
36.076	11.676	4.384
36.442	10.309	4.575
36.499	10.912	4.96
36.484	10.147	4.819
36.542	10.745	5.212
35.847	9.037	4.528
36.033	8.888	5.046
35.757	8.452	4.364
35.937	8.259	4.869
35.858	7.91	4.093
36.044	7.676	4.578
36.134	7.483	3.75
36.342	7.216	4.209
37.626	6.683	2.27
38.175	6.482	2.232
37.978	6.641	3.306
37.993	6.635	3.315
38.743	6.239	2.468
39.013	6.068	2.979
39.472	6.028	4.465
39.176	6.202	4.942
39.978	5.864	4.135
40.558	5.779	4.124
39.989	5.797	3.366
40.568	5.717	3.409
41.305	5.798	4.386
41.461	5.917	4.685
42.048	5.975	4.108
42.082	6.066	4.452
42.587	6.581	4.052
42.534	6.573	4.405
42.698	7.364	4.24
42.626	7.228	4.562
42.126	8.757	4.69
42.527	8.217	3.885
42.281	8.932	4.119
42.452	9.671	4.348
42.094	9.115	3.56
41.922	8.993	2.977
41.856	9.638	2.724
41.897	8.921	2.793
41.833	9.573	2.556
42.694	7.795	3.257
42.694	7.676	2.92
42.766	7.033	3.379
42.755	7.04	3.022
42.447	6.342	3.24
42.488	6.461	2.906
41.857	5.98	2.893
41.994	6.158	2.615
41.888	8.74	2.574
41.797	9.476	2.436
41.753	8.672	2.3
41.662	9.408	2.162
41.549	8.223	1.713
42.116	7.515	1.884
41.568	7.755	1.452
41.317	8.02	0.81
41.929	6.982	1.803
41.393	7.254	1.375
41.093	7.381	0.713
41.066	6.847	1.504
41.334	9.394	1.514
41.142	9.699	1.064
40.819	9.681	0.504
40.904	10.346	0.391
40.628	9.658	0.173
40.729	10.325	0.087
40.449	8.862	-0.583
40.382	8.94	-1.222
40.566	9.128	-1.812
40.305	8.153	-0.769
40.276	8.417	-1.358
40.435	8.478	-1.982
40.488	9.243	-1.746
40.286	9.16	-1.072
40.464	9.32	-1.744
40.26	9.243	-1.07
40.585	10.028	-1.953
40.473	10.502	-1.444
40.625	10.809	-0.828
40.401	10.445	-2.222
40.396	10.676	-1.556
40.461	11.179	-1.067
40.237	10.489	-2.222
40.114	10.783	-1.56
40.134	11.346	-1.088
40.13	10.505	-2.245
40.058	10.791	-1.571
40.012	11.364	-1.114
39.576	10.651	-2.807
39.513	10.707	-3.049
40.262	10.582	-3.894
39.613	10.69	-4.071
39.065	11.089	-1.987
39.25	11.337	-1.475
39.58	11.688	-1.121
38.896	11.238	-1.992
39.102	11.467	-1.479
39.397	11.849	-1.126
38.459	11.571	-2.213
38.32	12.095	-1.892
38.417	12.678	-1.674
38.222	11.669	-2.433
38.139	12.169	-2.059
38.179	12.776	-1.894
39.169	12.821	-1.117
39.081	13.74	-1.443
39.483	13.29	-0.977
40.117	12.897	-0.816
39.215	14.228	-1.041
39.604	13.729	-0.615
40.265	13.435	-0.374
39.099	14.559	-0.497
39.499	14.026	-0.127
40.137	13.798	0.225
39.197	14.104	0.363
38.952	14.199	0.44
39.273	13.958	0.917
38.841	14.223	0.525
39.154	13.984	1.008
38.2	14.7	0.795
38.105	14.928	1.535
37.873	14.962	0.679
37.795	15.177	1.425
38.019	15.337	-0.644
37.369	15.562	-0.572
37.355	15.381	-1.469
38.029	14.749	-1.914
37.412	14.926	-2.053
36.947	15.233	-2.398
37.212	14.249	-2.282
36.467	16.025	-1.277
36.838	15.793	-0.74
35.617	15.831	-0.211
35.208	15.873	-0.343
34.78	15.743	-0.511
34.758	15.73	-0.521
34.766	15.712	-0.744
34.463	15.699	-0.236
34.341	15.125	-0.991
34.054	15.135	-0.474
34.242	15.019	-0.82
34.329	14.206	-0.931
34.629	13.717	-1.475
34.75	14.104	-2.252
34.848	13.542	-1.972
34.73	12.93	-1.847
35.295	13.419	-2.306
35.664	13.445	-2.567
35.883	12.831	-2.715
35.865	12.247	-3.039
36.228	13.549	-2.623
36.216	12.893	-2.748
36.378	12.342	-3.09
35.564	12.168	-2.701
35.498	12.113	-2.678
34.288	13.528	-0.721
34.195	13.315	-0.601
32.632	15.144	1.066
32.104	15.517	1.322
32.5	14.633	1.631
31.983	15.044	1.843
32.599	14.19	1.947
32.214	14.269	2.432
31.665	14.27	2.73
31.049	14.192	2.79
32.755	13.852	2.233
32.295	14.092	2.582
31.747	14.093	2.88
31.204	13.854	3.077
32.816	13.778	2.506
32.331	13.876	3.063
32.873	13.716	2.566
32.388	13.815	3.124
33.053	13.537	2.571
32.781	13.568	3.142
32.356	13.422	3.587
33.166	13.418	2.636
32.879	13.466	3.198
32.469	13.303	3.652
32.994	13.357	3.257
32.533	13.245	3.687
33.159	13.189	3.39
32.697	13.077	3.82
32.176	12.71	4.1
31.725	12.292	4.128
32.495	12.394	4.537
32.044	11.976	4.564
32.71	12.199	5.092
32.259	11.782	5.12
32.797	12.147	5.71
32.346	11.729	5.738
32.747	12.241	6.327
32.297	11.823	6.355
32.567	12.473	6.881
32.116	12.055	6.909
32.274	12.818	7.313
31.823	12.4	7.341
31.898	13.242	7.581
31.448	12.824	7.609
31.478	13.7	7.657
31.028	13.283	7.684
31.057	14.147	7.532
30.606	13.729	7.56
30.678	14.536	7.22
30.227	14.118	7.248
29.922	14.877	6.347
29.925	14.884	6.345
30.878	15.07	7.006
30.812	15.552	6.691
31.453	15.22	7.117
31.387	15.703	6.802
32.054	15.272	7.072
31.988	15.755	6.756
32.623	15.221	6.875
32.557	15.703	6.559
33.115	15.549	6.155
33.293	16.1	5.94
33.608	16.63	5.937
34.01	17.05	6.146
33.134	15.538	6.141
33.299	16.096	5.935
33.614	16.627	5.933
34.024	17.041	6.135
33.503	15.329	5.947
34.021	15.754	5.66
33.653	15.135	5.923
34.159	15.576	5.637
33.923	14.504	6.102
34.633	14.462	5.952
33.943	14.304	6.234
34.651	14.286	6.068
32.825	13.445	7.329
33.03	13.458	7.223
33.813	13.038	6.03
34.443	13.124	5.897
35.075	12.979	5.927
35.592	12.632	6.112
33.805	12.973	5.889
34.44	13.1	5.847
35.072	12.956	5.877
35.583	12.567	5.972
33.866	12.918	5.653
34.585	12.924	5.453
33.697	12.786	5.037
34.415	12.793	4.837
33.577	12.773	4.774
34.205	12.773	4.377
33.306	12.838	4.315
33.957	12.833	3.956
33.077	12.879	4.176
33.538	12.991	3.746
32.989	12.905	4.087
33.45	13.017	3.658
35.617	12.667	6.205
35.136	13.052	6.088
34.537	13.235	6.089
33.923	13.185	6.207
35.7	12.988	6.402
35.151	13.11	6.123
34.541	13.252	6.099
33.976	13.391	6.333
35.844	13.292	6.503
35.884	13.359	6.542
36.193	12.987	7.036
36.806	11.978	7.616
36.783	12.089	7.642
36.756	12.197	7.674
37.616	13.083	7.861
37.501	13.068	7.859
37.386	13.056	7.865
36.606	13.55	7.161
36.264	13.876	6.657
36.564	14.192	6.546
37.297	14.676	6.317
37.236	15.344	6.063
37.489	14.707	6.345
37.405	15.372	6.088
37.57	14.609	6.433
37.567	15.127	6.156
38.29	14.231	6.809
38.173	14.605	6.373
38.128	15.123	6.1
38.163	15.706	6.033
38.911	14.097	6.396
38.67	14.498	6.042
38.591	15.024	5.792
38.688	15.593	5.684
38.932	14.316	5.527
38.835	14.854	5.312
39.367	13.234	6.975
39.749	12.818	6.91
39.073	12.845	7.475
39.475	12.457	7.375
38.691	12.332	7.755
39.12	11.98	7.636
38.275	11.771	7.776
38.734	11.458	7.655
37.888	11.243	7.532
38.374	10.967	7.429
37.568	10.308	6.58
37.516	9.63	6.389
36.885	10.419	6.178
36.913	9.728	6.034
36.828	10.477	6.13
36.844	9.849	5.927
36.572	10.688	5.457
36.588	10.06	5.255
36.394	7.966	5.865
36.48	8.089	6.041
37.492	7.778	6.498
37.334	7.943	6.533
37.887	9.585	6.456
38.049	10.117	6.631
38.852	9.354	6.355
38.985	9.893	6.533
38.589	8.21	6.514
39.125	7.997	6.426
38.373	7.634	6.44
38.924	7.461	6.358
38.191	7.108	6.166
38.755	6.972	6.102
38.065	6.694	5.721
38.638	6.587	5.689
38.01	6.439	5.158
38.587	6.351	5.166
39.234	9.18	6.21
39.183	9.82	6.419
39.679	9.277	6.023
39.628	9.917	6.232
40.379	9.214	5.746
40.815	8.828	5.541
40.926	7.868	5.515
40.246	7.494	5.981
40.753	7.317	5.663
41.337	7.11	5.591
39.989	6.847	5.79
40.541	6.782	5.505
41.123	6.569	5.431
40.347	6.407	5.085
41.448	8.243	5.264
41.408	8.845	5.329
42.09	8.316	4.803
42.074	8.92	4.85
40.298	10.252	6.096
40.803	11.069	6.114
41.962	11.021	5.502
41.742	11.473	5.448
42.337	11.041	4.931
42.186	11.496	4.772
42.495	10.785	4.317
42.373	11.194	4.046
42.178	10.5	3.225
42.05	10.126	3.135
41.611	11.913	1.338
41.612	11.911	1.336
41.656	11.772	1.206
41.991	10.958	1.415
41.691	11.225	0.933
41.632	11.463	0.355
41.366	10.723	0.804
41.449	12.428	0.032
41.33	12.744	0.147
41.047	12.331	-0.574
40.849	12.629	-0.577
41.288	13.008	0.982
41.308	13.011	1.565
40.899	13.485	0.968
40.889	13.525	1.549
40.369	13.794	0.913
40.319	13.857	1.491
41.466	12.791	2.101
41.749	12.361	2.407
40.515	13.206	3.649
40.483	13.231	3.649
39.419	14.159	2.845
39.005	14.641	3.112
39.318	14.246	2.531
38.905	14.728	2.798
39.307	14.247	2.415
38.869	14.708	2.591
39.029	14.225	1.892
38.622	14.688	2.125
38.319	15.866	2.432
38.292	16.075	2.598
37.286	15.513	1.473
37.313	15.485	1.463
37.482	15.373	1.471
37.322	15.236	0.791
37.52	15.347	1.468
37.364	15.207	0.787
36.823	15.723	-0.145
36.583	15.766	0.542
35.811	15.801	0.12
35.802	15.802	0.113
35.643	16.372	1.176
35.468	16.443	1.186
34.907	16.535	0.977
34.67	17.102	1.144
34.615	16.483	0.739
34.378	17.05	0.906
35.084	17.318	1.481
35.321	17.728	1.784
35.378	18.427	2.036
35.188	19.068	2.098
34.005	18.731	0.764
34.005	18.989	0.834
32.495	19.666	1.006
32.06	20.177	0.882
32.395	19.57	0.956
31.968	20.088	0.836
33.406	16.806	0.687
33.588	16.255	0.538
33.794	16.914	0.706
33.936	16.351	0.555
33.902	16.905	0.724
34.139	16.338	0.557
33.925	16.913	0.728
34.162	16.346	0.561
33.324	16.191	0.558
32.916	16.715	0.668
32.752	15.6	0.821
32.271	16.05	0.963
32.67	15.388	0.98
32.126	15.668	1.253
32.659	15.346	1.001
32.115	15.625	1.275
30.917	15.563	1.54
30.374	15.393	1.764
30.745	14.789	2.38
30.827	14.759	2.434
29.705	14.266	2.289
30.077	15.172	1.938
28.894	13.746	2.429
28.424	13.894	2.422
28.587	13.145	2.9
28.164	13.386	2.82
29.464	12.668	3.198
29.555	12.261	3.626
30.349	11.673	4.202
29.856	11.923	3.968
29.825	11.103	5.328
30.44	11.079	4.939
30.437	10.956	5.161
30.429	10.798	5.359
31.147	11.066	5.044
31.081	10.944	5.257
31.026	10.787	5.448
31.743	11.204	5.416
31.623	11.07	5.595
31.529	10.903	5.762
32.101	11.464	5.977
31.95	11.306	6.106
31.832	11.123	6.237
32.149	11.792	6.611
31.993	11.605	6.683
31.873	11.4	6.772
31.876	12.119	7.185
31.745	11.903	7.206
31.642	11.677	7.257
31.339	12.379	7.58
31.256	12.139	7.565
31.188	11.896	7.59
30.65	12.515	7.713
30.628	12.264	7.687
30.606	12.011	7.703
29.952	12.501	7.557
29.993	12.25	7.545
30.016	11.999	7.571
29.391	12.338	7.144
29.482	12.103	7.169
29.542	11.862	7.223
29.203	11.851	6.638
29.083	13.222	6.855
28.679	13.363	6.434
28.197	14.217	5.853
28.378	13.702	6.094
27.425	15.191	4.979
27.017	15.745	5.044
26.435	16.065	5.239
28.008	14.882	5.599
27.667	15.392	5.28
27.175	15.877	5.243
26.639	16.234	5.493
26.171	16.387	5.979
27.936	15.734	5.3
27.352	16.102	5.256
26.866	16.523	5.51
28.638	16.088	5.438
28.633	16.727	5.465
29.16	16.102	5.627
29.117	16.74	5.64
29.435	16.232	5.664
29.561	16.199	5.699
30.082	16.354	5.914
30.727	16.012	6.419
30.503	16.595	6.101
30.182	17.218	6.093
30.973	16.815	6.129
31.115	16.861	6.125
31.728	17.007	5.975
32.548	16.692	6.015
33.032	17.092	5.987
33.395	17.568	6.178
32.51	15.962	6.447
32.865	16.379	6.139
33.276	16.851	6.082
33.671	17.295	6.286
33.979	17.634	6.715
33.214	16.11	5.996
33.544	16.644	5.972
33.974	17.061	6.162
33.019	18.049	6.01
32.283	17.921	5.795
32.959	18.607	5.844
32.226	18.45	5.636
33.094	18.737	5.852
32.555	18.596	5.575
31.94	18.622	5.481
33.151	18.91	5.637
32.606	18.75	5.384
32.006	18.82	5.234
33.286	19.156	5.359
33.721	19.526	5.046
34.61	19.861	5.563
34.617	19.844	4.878
35.459	19.707	4.992
35.775	19.432	5.846
35.966	19.392	5.205
36.343	19.557	4.676
36.247	18.83	5.281
36.342	18.205	5.728
36.808	17.802	5.555
35.986	18.368	6.504
36.258	17.922	6.135
36.727	17.53	5.947
37.307	17.262	5.974
35.631	17.82	6.728
36.0	17.524	6.297
36.479	17.147	6.103
36.981	16.757	6.181
35.673	17.172	6.149
36.165	16.808	5.961
35.191	16.895	6.014
34.556	16.836	5.999
35.96	16.325	5.724
35.963	16.275	5.714
35.637	15.615	5.691
35.577	15.582	5.699
35.497	15.464	5.729
35.117	15.299	5.695
36.344	15.633	5.845
36.864	15.414	6.003
36.748	17.97	5.295
36.755	17.975	5.278
36.947	18.111	4.943
37.349	17.889	4.163
38.22	17.247	5.093
38.523	16.979	4.926
38.199	16.921	5.698
38.5	16.625	5.583
37.855	16.483	6.102
38.126	16.149	6.022
37.627	17.434	4.142
37.279	17.968	3.947
37.609	17.359	3.969
37.26	17.893	3.773
38.589	16.618	3.934
38.407	16.477	3.378
38.89	16.134	4.014
38.764	15.904	3.472
39.071	14.783	4.091
39.028	14.579	4.885
39.102	14.641	3.791
39.071	14.606	3.44
37.454	17.329	3.528
37.201	17.882	3.525
37.133	17.212	2.871
36.903	17.774	2.914
37.037	15.742	1.51
37.178	15.62	1.497
36.74	15.918	1.388
36.5	16.055	1.276
36.388	16.148	1.282
35.939	16.225	1.115
36.489	17.76	2.465
35.946	17.915	2.196
36.593	17.701	2.554
36.756	17.669	2.724
34.466	19.742	3.323
34.789	19.67	2.646
34.756	19.631	2.513
35.074	19.151	2.076
32.88	20.195	1.752
32.372	20.676	1.639
32.665	19.778	1.076
32.148	20.24	0.933
32.335	20.711	1.747
32.792	20.244	1.943
32.089	20.711	2.255
32.527	20.244	2.492
31.74	20.793	2.691
31.061	21.054	3.011
30.395	21.571	2.903
29.927	22.192	2.363
29.904	22.271	2.139
29.381	22.379	2.377
29.623	22.324	1.4
29.079	22.436	1.584
29.483	22.287	1.281
28.82	22.452	1.347
28.293	22.89	1.338
29.474	22.274	1.231
28.816	22.445	1.321
28.284	22.878	1.293
29.438	22.245	1.137
28.751	22.413	1.148
28.214	22.865	1.073
29.436	22.237	1.109
28.75	22.407	1.128
28.211	22.855	1.04
29.607	21.771	0.259
30.49	21.579	-0.009
29.889	21.332	-0.105
29.344	21.213	-0.454
30.098	20.734	-0.154
31.185	19.856	0.452
31.34	19.268	0.473
31.609	19.967	0.61
31.749	19.374	0.625
31.69	20.021	0.662
31.885	19.477	0.737
31.744	20.046	0.698
31.943	19.503	0.776
30.946	19.313	0.421
30.283	18.722	0.55
31.503	17.537	0.184
31.517	17.288	0.281
30.164	18.659	0.628
30.134	18.638	0.647
30.133	18.586	0.671
29.605	19.077	0.433
30.083	18.55	0.707
29.559	19.044	0.466
29.468	17.437	1.569
29.035	17.471	1.842
28.657	15.382	2.339
28.999	15.047	2.277
28.533	15.444	2.388
28.242	15.651	2.56
27.612	15.787	2.861
27.301	16.446	2.786
27.282	15.65	3.022
26.972	16.31	2.947
26.923	15.319	3.804
26.623	15.883	3.868
26.112	16.27	3.914
26.926	15.314	3.865
26.625	15.879	3.918
26.116	16.265	3.981
26.936	15.246	4.155
26.63	15.752	4.444
26.104	16.095	4.642
27.123	15.178	4.594
26.761	15.704	4.751
26.291	16.026	5.081
24.275	16.464	4.526
24.015	16.516	4.961
23.888	16.55	5.026
23.665	17.071	5.603
23.734	17.17	5.685
24.377	17.646	6.293
23.796	17.804	5.857
23.08	17.981	5.763
24.034	18.407	5.735
24.687	18.838	5.858
25.48	18.396	6.409
25.449	18.943	6.075
25.433	19.581	6.0
26.18	18.864	5.761
26.912	18.219	5.718
27.595	18.36	5.61
26.483	17.606	6.307
27.04	17.732	5.892
27.723	17.873	5.784
28.381	17.997	6.007
27.108	17.246	5.685
27.791	17.386	5.577
27.578	18.895	5.345
26.868	19.185	5.306
27.616	18.984	5.324
26.905	19.274	5.284
28.045	19.414	5.364
27.679	20.016	5.301
28.878	19.232	5.719
28.452	19.67	5.362
28.068	20.261	5.299
27.811	20.873	5.543
28.761	19.845	5.039
28.364	20.428	4.989
29.22	19.832	4.696
29.162	20.361	4.341
29.232	19.831	4.692
29.175	20.36	4.337
29.529	19.121	5.766
30.139	19.131	5.669
29.523	18.532	6.108
30.132	18.433	6.074
29.35	17.875	6.163
29.928	17.656	6.138
29.69	19.897	4.542
29.427	20.398	4.258
29.812	19.938	4.499
29.541	20.436	4.218
30.785	19.514	5.122
30.963	19.906	4.627
32.099	19.119	4.841
32.124	19.038	4.925
32.201	19.369	4.598
32.248	19.487	4.497
32.247	19.599	4.402
32.561	19.913	3.708
34.017	19.722	3.643
34.149	19.72	3.539
32.522	20.004	3.379
32.452	20.099	3.07
30.197	20.733	3.911
30.463	20.997	3.466
30.073	20.686	3.981
29.794	20.463	4.158
28.62	21.07	4.551
28.635	21.292	4.537
27.611	23.596	2.583
27.661	23.591	2.526
28.472	23.088	2.319
27.916	23.774	1.756
27.201	23.855	2.935
26.658	24.278	3.028
25.987	24.991	2.128
25.517	24.903	3.118
26.274	25.019	0.283
26.112	24.907	-0.248
26.823	24.748	0.146
26.623	24.655	-0.375
27.251	24.302	0.035
27.02	24.24	-0.478
27.505	23.732	-0.037
27.256	23.71	-0.545
27.769	22.522	0.06
28.155	22.024	-0.003
27.958	22.62	0.372
28.332	22.114	0.287
28.11	22.653	0.624
28.659	22.202	0.703
28.213	22.842	1.019
28.76	22.387	1.089
27.99	21.982	-0.176
27.505	22.497	-0.294
27.925	21.885	-0.321
27.437	22.396	-0.447
28.082	21.343	-1.073
29.1	20.918	-0.769
28.496	20.847	-1.325
28.249	20.939	-2.107
28.458	20.155	-1.331
28.562	19.675	-0.996
28.255	19.309	-1.41
28.182	18.977	-1.944
28.567	19.664	-0.99
28.258	19.3	-1.405
28.187	18.965	-1.938
28.54	19.473	-0.999
28.3	18.951	-1.513
28.523	19.047	-0.577
28.283	18.547	-1.112
28.64	17.929	-2.356
28.652	17.96	-2.711
28.487	17.246	-2.283
28.469	17.143	-2.624
27.552	16.457	-1.887
27.382	16.923	-1.154
27.296	16.921	-1.071
27.096	17.301	-0.892
27.233	18.102	-0.863
26.943	18.408	-0.455
27.252	18.121	-0.864
26.964	18.429	-0.456
28.331	18.783	1.179
27.769	19.004	0.886
27.227	18.942	0.494
28.287	18.763	1.246
27.733	18.987	0.941
27.176	18.918	0.573
28.275	18.217	1.834
27.73	18.03	2.04
28.369	18.042	1.924
27.824	17.855	2.13
28.92	17.435	1.96
28.941	17.427	1.945
28.29	16.987	2.329
27.782	17.278	2.339
28.063	16.568	2.518
27.547	16.843	2.535
26.799	18.218	1.589
26.634	18.511	0.94
26.783	18.201	1.586
26.616	18.493	0.936
26.304	16.982	0.249
26.11	16.761	0.362
26.586	17.472	1.656
26.376	17.231	1.779
24.797	15.483	1.982
24.819	15.431	2.052
25.875	16.749	2.583
25.897	16.697	2.653
24.874	15.255	0.972
25.094	15.533	0.485
25.492	15.851	0.159
24.946	15.02	0.852
25.148	15.357	0.394
25.559	15.632	0.047
24.98	15.037	0.69
25.339	15.383	0.13
24.812	14.56	0.319
25.155	14.863	-0.274
24.668	14.36	0.292
24.823	14.558	-0.306
24.21	14.011	0.082
24.329	14.182	-0.532
23.83	13.715	0.122
23.618	13.666	-0.444
23.601	13.469	-1.019
23.516	13.514	0.224
23.384	13.516	-0.369
23.31	13.283	-0.924
23.111	13.306	0.441
23.083	13.272	0.488
23.666	12.998	1.504
22.996	12.823	1.505
23.051	13.064	2.45
23.07	13.839	3.084
23.53	15.31	3.071
23.414	15.902	3.503
23.707	15.368	3.036
23.608	15.965	3.464
23.128	15.877	3.64
23.004	15.304	3.283
22.884	15.857	3.755
22.765	15.284	3.396
22.725	15.901	3.887
22.667	15.317	3.449
22.664	15.892	3.907
22.599	15.307	3.472
22.468	15.924	4.075
22.226	15.421	3.733
22.141	14.787	3.592
21.939	16.097	4.056
21.858	15.541	3.72
21.562	14.976	3.572
21.913	17.109	5.284
21.8	17.351	5.295
21.775	16.172	3.869
21.719	15.601	3.583
21.481	15.012	3.501
21.744	16.188	3.842
21.696	15.614	3.563
21.455	15.026	3.478
21.484	16.275	3.625
21.425	16.322	3.606
21.298	19.122	4.523
20.885	19.144	4.013
22.209	20.408	4.057
22.224	20.406	4.1
22.143	20.137	4.241
22.352	20.688	4.278
22.185	20.111	4.392
22.394	20.662	4.429
21.969	19.174	5.225
22.127	19.388	5.198
23.171	19.67	5.427
23.417	20.318	5.64
23.486	19.551	5.445
23.708	20.209	5.656
23.943	19.192	5.485
24.006	19.083	5.509
24.28	20.212	5.835
25.086	19.789	5.985
24.781	20.398	6.057
24.483	20.895	6.42
25.275	20.692	5.994
25.392	20.899	5.974
25.477	20.932	5.938
26.488	20.391	5.62
26.715	20.131	5.463
27.222	21.48	5.814
27.023	21.657	5.822
27.825	21.748	5.509
27.797	22.001	5.429
25.869	21.401	5.962
26.808	21.871	5.831
26.199	22.059	6.005
25.734	22.255	6.432
26.217	22.742	5.726
27.385	22.917	5.135
27.059	23.422	4.992
27.749	23.066	4.579
27.367	23.549	4.523
26.089	23.041	5.623
25.732	23.473	5.468
26.437	24.242	4.471
25.896	24.517	4.346
24.7	24.162	5.109
24.68	23.547	6.003
22.661	23.536	3.357
22.752	23.814	3.233
23.658	23.986	4.735
23.654	24.216	4.598
24.562	24.551	4.734
24.357	24.656	4.597
24.802	25.01	3.802
24.543	25.012	3.872
23.854	24.709	2.638
23.426	24.501	2.793
23.722	25.027	0.835
23.926	25.069	0.296
22.867	24.763	0.198
22.86	24.763	0.167
23.883	25.093	-0.364
23.496	25.078	-0.824
24.39	25.037	-0.788
24.003	25.022	-1.248
24.965	24.951	-0.692
25.562	24.88	-0.643
25.091	24.45	-1.632
25.226	24.365	-1.737
25.389	24.276	-1.816
26.281	24.092	-1.468
25.814	23.924	-1.996
25.582	23.965	-2.681
26.008	23.383	-2.08
26.503	22.831	-1.787
26.612	22.372	-2.182
26.912	22.618	-1.428
27.02	22.159	-1.823
26.991	22.524	-1.343
27.196	21.999	-1.684
27.122	22.405	-1.093
27.316	21.89	-1.454
27.941	21.209	-2.725
27.741	21.291	-3.009
27.929	19.68	-3.165
27.975	19.612	-3.06
28.036	19.578	-2.87
28.104	19.41	-2.339
28.536	18.172	-3.579
28.437	18.369	-3.859
28.171	17.543	-4.139
28.131	17.844	-4.328
27.602	16.951	-4.261
27.151	16.607	-4.382
27.765	16.616	-3.804
27.326	16.245	-3.891
27.838	16.434	-3.249
27.405	16.05	-3.293
26.856	15.346	-2.543
27.051	15.661	-3.034
26.39	15.103	-2.884
26.585	15.418	-3.375
25.941	14.724	-2.608
25.433	14.449	-2.656
25.955	14.59	-1.988
25.446	14.315	-2.036
25.87	14.636	-1.36
25.361	14.361	-1.409
25.276	15.89	-5.447
25.736	16.246	-5.322
25.023	16.404	-5.841
25.501	16.723	-5.689
24.707	17.003	-5.995
25.207	17.28	-5.832
24.373	17.603	-5.885
24.897	17.837	-5.73
24.07	18.115	-5.527
24.615	18.314	-5.397
23.893	18.814	-4.463
23.932	19.338	-4.136
23.305	18.753	-4.277
23.362	19.279	-3.955
23.077	18.684	-4.193
22.942	19.158	-3.805
22.979	18.644	-4.177
22.845	19.117	-3.79
22.774	18.586	-4.127
22.455	19.049	-3.732
22.444	17.939	-4.671
22.365	18.291	-4.086
22.077	18.776	-3.695
21.642	19.295	-3.579
22.089	17.946	-3.836
21.823	18.458	-3.464
22.482	17.954	-4.74
22.353	17.771	-5.196
23.091	18.22	-5.12
22.866	17.995	-5.517
23.725	18.116	-5.533
23.403	17.907	-5.866
24.236	17.666	-5.882
23.834	17.527	-6.161
24.5	16.977	-6.083
24.057	16.945	-6.331
24.456	16.214	-6.09
24.02	16.301	-6.336
24.114	15.557	-5.899
23.731	15.746	-6.175
23.311	14.666	-5.183
23.067	14.05	-5.083
24.251	14.915	-5.203
23.828	14.481	-4.919
23.546	13.88	-4.839
23.46	13.231	-4.978
24.124	14.39	-4.395
23.819	13.795	-4.353
22.907	14.191	-5.123
23.048	14.911	-5.346
22.869	14.195	-5.133
23.01	14.916	-5.356
21.741	16.921	-4.487
21.598	16.601	-4.792
21.596	16.519	-4.913
21.749	15.896	-5.401
22.041	15.497	-5.804
21.752	14.828	-5.918
21.219	14.387	-6.174
22.263	15.368	-5.928
21.777	14.813	-5.932
21.407	14.278	-6.279
20.864	14.421	-5.864
21.128	14.875	-5.368
20.506	14.31	-5.572
20.771	14.764	-5.075
19.967	13.97	-5.29
19.957	13.966	-5.291
19.838	13.937	-5.214
19.443	13.755	-5.171
20.39	14.69	-4.499
20.362	14.716	-4.45
20.253	14.696	-4.356
20.119	14.763	-4.144
19.671	14.652	-3.844
19.101	14.328	-3.555
19.65	15.664	-3.284
20.415	15.919	-3.883
19.79	16.097	-2.92
20.555	16.352	-3.52
20.598	16.782	-2.237
20.979	17.4	-2.175
21.083	18.108	-2.314
20.55	16.807	-2.135
20.953	17.414	-2.12
21.043	18.128	-2.231
20.184	16.749	-1.827
20.351	17.224	-1.511
19.859	16.696	-1.574
20.026	17.17	-1.258
19.663	16.644	-1.419
19.653	17.094	-0.985
19.086	16.138	-0.831
19.117	16.624	-0.439
19.88	19.007	-0.32
19.743	19.188	0.187
19.883	18.714	1.759
19.764	18.448	1.944
18.87	17.977	1.185
18.888	17.708	1.529
18.682	17.478	0.851
18.715	17.249	1.222
19.736	18.297	2.128
19.709	18.188	2.251
19.693	18.097	2.364
19.255	17.283	2.252
19.679	17.543	2.66
19.875	17.788	3.223
20.009	17.013	2.726
20.086	16.897	2.682
20.104	16.871	2.675
20.162	16.331	2.439
20.033	15.985	2.131
20.154	18.701	3.513
20.277	18.936	3.481
21.512	20.336	2.753
21.694	20.872	2.516
21.702	21.482	2.446
21.517	20.336	2.757
21.697	20.873	2.52
21.706	21.482	2.45
21.745	20.301	3.247
22.089	20.833	3.424
21.828	20.13	3.661
22.162	20.681	3.793
21.996	21.816	3.037
22.047	22.248	3.279
22.104	22.349	3.371
22.524	23.213	3.477
21.647	21.475	2.395
21.591	20.859	2.425
21.529	21.479	2.272
21.478	20.863	2.307
21.205	22.692	2.514
20.776	22.666	2.141
21.232	23.351	2.482
20.805	23.375	2.106
21.46	23.944	2.304
21.05	24.013	1.914
21.855	24.383	2.008
21.475	24.484	1.596
21.207	21.422	1.972
21.302	20.831	2.142
20.935	21.287	1.692
21.05	20.706	1.883
20.793	21.025	1.497
20.346	21.006	0.605
20.32	21.051	0.459
20.116	21.874	-0.088
20.332	21.107	-0.074
20.139	20.341	-0.169
20.591	21.108	-0.542
20.866	21.386	-1.028
20.963	20.835	-1.46
20.886	21.443	-1.098
20.981	20.888	-1.524
20.246	22.52	-0.837
20.509	22.588	-1.359
20.196	23.133	-0.808
20.462	23.158	-1.332
20.346	23.726	-0.73
20.601	23.709	-1.26
20.679	24.23	-0.61
20.911	24.178	-1.149
21.158	24.589	-0.464
21.357	24.511	-1.012
22.274	24.689	-1.717
21.741	24.516	-1.533
22.643	24.705	-2.156
22.868	24.634	-2.691
23.229	24.955	-1.972
23.412	24.866	-2.52
23.866	24.97	-1.79
24.004	24.88	-2.35
23.075	24.417	-3.457
22.857	24.204	-3.643
23.656	23.976	-3.996
23.342	23.835	-4.094
23.884	23.118	-4.18
23.533	23.117	-4.247
23.75	21.56	-3.688
24.181	21.607	-3.679
24.639	21.95	-3.707
25.105	21.488	-3.794
24.991	22.283	-3.7
25.429	21.794	-3.788
24.54	23.744	-3.898
24.874	23.701	-3.782
24.628	24.44	-3.269
24.948	24.283	-3.255
25.247	22.377	-3.643
25.569	21.852	-3.771
25.673	22.577	-3.39
25.995	22.052	-3.518
25.896	22.417	-3.279
26.116	22.594	-2.704
27.26	21.335	-3.644
27.053	21.264	-3.927
27.506	19.782	-3.901
27.885	19.65	-3.352
27.358	19.814	-4.03
26.608	19.526	-4.371
26.308	18.619	-4.741
27.178	18.35	-4.855
26.616	18.078	-4.961
26.137	17.863	-5.314
26.867	17.487	-4.808
26.679	16.386	-4.626
26.268	16.461	-5.032
25.853	18.987	-4.6
26.042	19.577	-4.389
25.204	19.181	-4.467
25.446	19.755	-4.267
24.629	19.314	-4.248
24.244	19.191	-4.264
25.005	20.26	-4.044
24.91	20.897	-3.888
23.654	21.359	-3.68
23.489	21.925	-3.74
23.172	21.253	-3.518
23.043	21.827	-3.591
22.76	21.188	-3.331
22.825	21.798	-3.475
22.58	21.227	-3.262
22.664	21.833	-3.413
22.248	21.076	-3.164
22.505	21.769	-3.305
21.927	21.261	-2.88
22.2	21.945	-3.035
21.513	21.216	-2.517
21.528	21.812	-2.316
20.94	20.618	-2.529
21.157	21.11	-2.203
21.156	21.701	-1.987
20.937	22.287	-1.921
21.008	20.943	-1.77
21.001	21.527	-1.536
21.865	22.587	-2.767
21.275	23.32	-2.339
21.746	23.32	-2.76
22.005	23.372	-3.334
22.055	23.963	-2.555
20.69	20.26	-1.255
20.514	19.625	-1.286
20.523	19.481	-1.317
20.527	19.372	-1.335
20.5	19.011	-1.348
20.754	18.356	-1.792
21.244	18.047	-2.703
21.212	17.283	-2.873
21.548	18.157	-3.165
21.544	17.404	-3.379
23.146	24.34	2.829
22.849	23.919	3.244
22.787	22.646	5.08
22.977	22.555	5.654
22.571	21.89	5.116
22.795	21.917	5.685
22.642	20.367	4.979
22.378	20.455	4.507
22.713	20.158	5.138
22.952	20.721	5.372
23.119	19.856	5.421
23.375	20.407	5.667
23.687	22.732	6.432
24.057	22.953	6.508
24.017	22.156	6.811
24.36	22.424	6.857
24.53	21.591	6.779
24.832	21.903	6.829
21.164	15.086	3.297
20.472	14.919	2.564
22.107	12.423	2.217
22.503	12.643	1.698
21.504	12.737	1.195
21.489	12.738	1.194
21.146	12.727	1.142
20.926	12.463	2.011
20.668	12.722	1.333
20.327	12.594	0.655
20.249	12.92	1.557
22.134	12.755	0.31
22.428	12.744	0.995
22.858	13.124	-0.755
22.787	13.059	-0.777
24.095	13.71	-1.406
24.423	13.658	-2.265
26.481	17.489	-0.293
26.495	18.064	-0.1
26.54	17.516	-0.38
26.561	18.094	-0.197
24.443	15.327	2.753
24.647	15.923	3.017
24.971	16.31	3.477
24.511	15.328	2.701
24.698	15.924	2.978
25.047	16.311	3.419
29.463	19.832	-0.401
30.011	19.751	-0.008
27.684	13.341	4.723
27.434	13.409	3.882
27.756	13.021	4.261
27.849	12.502	4.608
28.099	12.833	3.851
28.971	11.919	6.28
28.599	11.617	5.468
29.092	11.443	5.801
29.424	11.073	6.171
29.466	11.325	5.239
39.878	13.789	4.4
40.232	13.454	4.726
40.759	13.023	4.897
41.229	12.734	4.642
40.84	12.62	5.502
41.309	12.331	5.247
40.539	12.636	5.891
40.252	12.576	6.426
40.751	11.873	6.034
40.699	11.294	6.2
42.047	11.992	3.526
41.98	12.033	2.919
37.985	10.082	6.589
37.752	9.501	6.425
37.964	10.092	6.584
37.733	9.51	6.42
36.279	13.775	6.718
35.97	13.355	6.625
34.746	13.711	6.157
34.071	13.652	6.335
34.692	14.201	6.113
34.017	14.142	6.291
40.608	10.428	-0.154
40.383	9.863	-0.2
40.632	10.415	-0.108
40.41	9.848	-0.148
35.26	11.834	3.217
35.307	11.378	2.84
35.014	11.911	3.101
35.043	11.46	2.716
39.97	7.052	-0.437
39.706	6.648	-0.8
39.669	6.25	-1.254
39.985	7.002	-0.394
39.718	6.61	-0.768
39.682	6.206	-1.217
38.183	6.449	-0.114
38.134	5.857	-0.6
37.733	6.656	-0.32
37.684	6.064	-0.806
41.163	2.405	-1.806
41.125	1.831	-1.652
41.23	2.539	-1.203
41.187	1.955	-1.091
41.089	2.64	-0.606
41.056	2.049	-0.536
40.755	2.697	-0.085
40.745	2.103	-0.052
40.268	2.704	0.3
40.292	2.109	0.306
39.683	2.659	0.505
39.748	2.067	0.497
39.068	2.568	0.507
39.177	1.983	0.498
38.494	2.442	0.304
38.643	1.865	0.309
38.298	0.777	-0.019
38.634	1.201	0.214
38.279	0.206	-0.127
38.389	-0.357	-0.162
37.762	0.1	-0.437
37.909	-0.455	-0.45
37.379	-0.014	-0.901
37.553	-0.561	-0.881
38.669	-1.069	-0.186
39.007	-1.128	-0.086
38.858	-1.759	-0.643
39.165	-1.706	-0.469
39.424	-2.034	-1.214
39.638	-1.936	-0.946
40.109	-1.769	-1.64
40.211	-1.714	-1.303
40.603	-1.084	-1.728
40.625	-1.141	-1.376
40.696	-0.374	-1.998
40.76	0.187	-2.102
40.524	-0.475	-2.528
40.575	0.079	-2.672
40.185	-0.58	-2.969
40.21	-0.035	-3.147
40.867	0.749	-2.058
41.023	1.176	-1.682
40.665	0.176	-1.104
40.659	0.775	-0.341
40.462	0.187	-0.468
40.482	-0.445	-0.446
40.026	0.78	0.164
39.941	0.191	-0.052
39.952	-0.441	-0.024
39.276	0.187	0.003
39.578	-1.55	-2.923
39.259	-1.685	-3.011
39.457	-2.001	-2.327
39.158	-2.062	-2.512
38.983	-2.167	-1.761
38.762	-2.201	-2.038
38.327	-1.99	-1.428
38.213	-2.053	-1.76
37.724	-1.531	-1.449
37.709	-1.669	-1.777
38.009	-0.861	-3.593
37.439	-0.857	-3.143
37.495	3.974	-8.752
36.9	3.656	-8.655
34.679	3.161	-5.0
34.149	3.004	-5.274
33.702	2.623	-5.46
34.663	3.167	-4.972
34.137	3.008	-5.253
33.688	2.628	-5.437
32.422	0.868	-7.25
32.535	0.71	-7.812
32.736	0.368	-8.255
32.206	0.783	-7.276
32.348	0.636	-7.834
32.527	0.286	-8.28
31.928	0.681	-7.265
31.84	0.442	-7.814
31.873	0.024	-8.249
31.743	0.62	-7.216
31.693	0.393	-7.775
31.711	-0.03	-8.206
29.761	4.552	-9.175
29.295	4.18	-9.614
29.845	4.549	-9.263
29.368	4.177	-9.692
33.425	3.849	-11.816
33.268	3.669	-11.938
21.248	8.534	-8.894
21.291	8.653	-8.588
19.099	14.791	-8.337
19.344	14.344	-7.881
19.842	14.056	-7.512
18.875	14.899	-8.029
19.225	14.401	-7.718
19.64	14.154	-7.234
18.943	14.397	-7.542
19.482	14.131	-7.14
18.807	14.346	-7.387
19.359	14.086	-7.0
16.604	16.073	-8.973
16.217	15.542	-8.777
19.137	5.494	-14.784
19.354	5.38	-15.023
20.404	6.343	-14.897
20.574	6.074	-15.197
21.102	6.43	-14.654
21.216	6.154	-14.973
19.474	5.253	-15.194
19.907	4.49	-15.516
20.005	4.381	-15.493
20.103	4.257	-15.466
19.587	11.467	-2.1
19.549	11.501	-2.089
24.864	2.417	-5.84
24.3	2.608	-6.177
23.629	2.584	-6.313
24.858	2.635	-5.732
24.295	2.762	-6.101
23.621	2.851	-6.18
22.753	-0.96	-7.004
22.478	-0.41	-7.166
22.028	-0.041	-7.422
22.701	-0.951	-6.892
22.434	-0.402	-7.068
21.969	-0.03	-7.293
8.639	3.994	-10.492
8.69	3.926	-10.547
8.807	3.885	-10.627
8.89	3.811	-10.702
9.114	3.631	-10.931
9.147	3.627	-10.96
9.942	1.078	-13.061
10.462	0.185	-13.592
9.863	0.326	-13.133
9.105	0.386	-13.026
9.882	-0.308	-12.714
9.642	6.747	-3.531
9.359	6.815	-2.928
9.731	7.039	-3.528
9.455	7.13	-2.924
6.281	-2.005	-8.757
6.14	-1.916	-8.548
8.518	1.952	-3.354
8.436	2.233	-2.667
8.284	0.032	-1.492
8.137	-0.106	-1.408
7.107	1.901	1.777
7.241	2.305	2.265
7.487	2.46	2.843
10.895	0.098	-7.308
8.748	5.343	5.624
9.896	5.978	4.195
10.274	6.431	4.653
10.032	6.364	3.856
9.844	6.168	3.511
10.106	6.775	3.775
10.597	7.291	3.79
9.967	6.127	4.988
13.941	-1.331	-12.14
18.77	0.153	-13.002
15.527	9.628	-5.528
16.217	9.9	-5.534
16.76	10.303	-5.227
17.022	10.737	-4.685
24.179	2.95	-6.104
14.064	5.965	-12.067
16.527	11.165	-5.321
30.364	1.174	-12.458
18.502	13.505	-5.659
28.141	4.444	-9.376
28.822	4.405	-8.971
34.96	1.453	-8.431
39.814	5.802	1.02
39.799	7.33	-1.733
33.881	12.479	2.495
33.671	12.901	2.995
33.271	13.057	3.531
34.62	16.111	0.294
26.861	14.96	3.192
26.754	15.567	3.323
26.342	16.042	3.281
25.77	16.216	3.079
25.243	16.027	2.789
24.947	15.542	2.516
24.988	14.934	2.354
24.493	16.085	3.378
26.246	17.185	0.989
25.132	16.202	2.467
40.14	5.171	0.517
40.111	5.818	0.932
40.464	6.2	1.733
40.205	5.175	0.44
40.651	6.321	1.696
29.633	18.39	0.88
28.534	18.888	0.045
28.253	18.72	-0.514
28.174	18.052	-1.173
28.106	18.214	-0.948
28.897	18.658	0.627
4.261	0.603	-2.314
3.702	1.688	-4.022
3.991	4.436	-3.59
3.991	3.862	-3.59
3.991	3.575	-4.087
3.666	3.454	-3.286
4.424	7.669	-0.075
9.029	0.336	-4.512
9.029	0.88	-4.76
8.704	0.744	-4.207
9.712	-0.078	-5.967
4.803	4.91	-5.078
5.592	6.504	-4.584
4.606	6.914	2.036
4.492	6.627	1.539
4.492	7.201	1.539
5.234	7.629	5.292
8.541	2.892	2.225
7.631	4.247	-0.829
7.631	3.099	-0.829
7.631	3.386	-1.326
7.631	3.96	-1.326
7.517	3.673	-0.829
8.915	2.05	-4.445
8.59	1.896	-3.977
11.338	0.624	-7.039
10.764	0.428	-7.062
10.278	0.004	-6.943
7.783	8.092	-4.187
6.691	10.134	-1.72
6.818	12.843	0.373
5.61	10.667	3.364
9.999	6.213	4.658
9.674	5.44	4.161
8.934	6.447	2.2
8.472	4.527	0.87
12.728	4.046	-5.487
11.524	-0.597	-8.196
6.314	2.753	-8.294
6.752	3.509	-9.147
6.427	4.115	-9.071
9.078	8.526	-4.478
9.078	8.526	-5.076
9.75	8.363	-4.43
9.222	8.277	-0.421
7.134	11.277	5.023
9.868	6.273	5.285
10.827	10.581	2.283
9.947	8.14	3.045
9.46	7.716	2.927
8.949	7.741	1.727
8.949	7.454	2.224
12.048	12.191	3.029
11.136	11.501	2.726
10.811	11.347	2.258
10.273	11.736	0.454
10.143	13.467	-0.522
9.292	6.463	-3.105
12.153	7.354	-5.346
11.579	7.045	-5.198
14.31	4.311	-5.634
14.31	4.885	-5.748
13.736	5.194	-5.599
16.75	4.439	-5.769
16.176	4.13	-5.918
16.176	4.704	-5.803
15.602	3.822	-5.769
17.194	2.496	-7.24
18.528	2.252	-6.739
18.528	2.114	-7.34
20.366	1.328	-11.252
20.366	1.16	-10.678
20.366	1.16	-11.825
19.879	1.653	-11.252
19.879	1.516	-10.651
18.689	1.513	-11.89
17.812	0.978	-11.68
16.284	0.985	-11.015
16.284	1.472	-10.69
16.284	1.797	-10.203
15.71	0.72	-10.98
15.71	1.275	-10.713
15.71	1.66	-10.23
15.223	1.304	-10.203
14.296	-0.132	-10.989
14.296	0.253	-10.507
10.363	-1.003	-12.539
8.5	4.222	-10.347
8.747	5.443	-10.535
8.173	5.708	-10.5
11.089	8.247	-5.284
24.66	0.6	-12.25
24.174	0.956	-12.278
23.6	1.208	-11.677
23.6	0.768	-12.737
23.6	1.094	-12.251
23.026	1.094	-11.677
23.026	0.956	-12.278
19.632	0.43	-14.295
18.571	0.261	-14.782
10.509	3.573	-11.395
9.572	5.713	-11.175
10.677	13.075	-10.882
10.19	12.521	-10.681
10.19	12.905	-11.163
12.933	10.252	-6.174
16.634	10.396	-5.393
16.148	10.238	-5.694
15.574	9.972	-5.728
24.877	1.344	-6.302
24.877	1.936	-6.217
24.39	0.631	-6.335
24.39	1.187	-6.603
24.39	1.804	-6.603
23.816	0.921	-6.638
23.816	1.495	-6.752
25.0	0.645	-11.121
25.0	0.477	-10.547
24.513	0.97	-11.121
24.513	0.833	-10.519
24.513	0.449	-10.037
23.939	0.97	-10.547
26.649	-0.675	-11.205
26.649	-0.812	-10.604
24.582	1.14	-14.037
24.096	1.273	-14.423
21.956	2.967	-15.559
13.882	5.527	-12.207
13.308	6.391	-11.79
13.308	5.817	-11.905
12.682	12.884	-9.949
12.108	12.594	-9.647
13.672	11.93	-8.919
13.098	11.793	-8.891
17.208	11.915	-5.273
17.208	12.202	-5.77
16.883	11.471	-5.571
16.883	11.794	-6.074
16.883	12.338	-6.322
16.883	12.929	-6.237
16.396	11.24	-5.874
16.396	11.624	-6.356
16.396	12.18	-6.624
18.447	9.902	-3.947
20.407	8.509	-6.801
23.08	6.357	-8.696
24.507	5.894	-8.399
26.111	1.082	-4.905
30.837	0.712	-12.305
31.017	1.289	-12.234
30.443	1.554	-12.269
29.956	1.712	-12.57
28.105	3.294	-12.714
16.942	6.224	-10.881
16.942	5.68	-11.13
16.455	6.066	-10.58
15.881	5.801	-10.545
16.443	5.103	-11.348
15.869	4.966	-11.375
12.596	9.191	-12.668
11.587	7.943	-12.177
15.414	13.302	-8.502
19.164	13.587	-5.363
20.076	15.641	1.941
22.618	14.953	-5.511
22.131	13.938	-5.544
25.739	5.671	-9.009
25.739	5.786	-9.583
27.298	5.312	-8.36
29.427	-0.199	-5.184
30.107	-0.524	-6.285
32.143	2.532	-11.796
31.569	2.266	-11.761
26.273	4.835	-12.686
19.788	7.255	-10.873
19.124	8.089	-10.808
17.574	9.531	-11.282
15.759	7.087	-10.521
15.185	6.821	-10.556
22.177	5.875	-11.076
21.603	6.012	-11.049
28.946	4.235	-9.266
28.372	4.235	-9.84
28.9	4.62	-8.695
31.051	0.075	-7.567
34.51	1.265	-8.606
35.237	1.948	-8.408
34.912	1.63	-8.982
34.798	1.056	-8.982
33.042	4.355	-4.881
34.635	2.742	-5.819
35.838	2.685	-4.686
38.087	3.091	-5.532
38.088	3.719	-6.506
35.964	3.898	-2.553
36.9	7.298	-0.487
40.305	6.223	1.939
40.528	6.576	1.288
39.758	6.253	-0.73
40.039	6.536	-2.404
39.714	6.4	-1.851
39.714	6.974	-1.851
39.6	6.687	-1.354
40.226	7.765	-2.508
40.226	8.216	-2.116
39.901	7.898	-1.543
39.901	7.611	-2.04
35.798	11.145	3.089
36.405	11.283	4.827
41.956	9.73	3.291
41.956	9.156	3.291
41.359	8.693	1.714
41.186	10.21	1.016
40.285	10.315	-0.959
40.285	10.028	-0.462
40.285	10.028	-1.456
40.171	9.741	-0.959
39.592	11.124	-1.386
39.592	10.739	-1.868
39.592	10.602	-2.469
39.082	12.126	-1.131
38.596	12.283	-1.432
38.596	11.74	-1.681
38.881	14.063	1.137
38.394	14.431	1.435
38.394	14.431	0.838
34.53	13.959	-1.182
31.846	14.681	2.438
31.272	14.877	2.416
34.178	16.513	5.754
34.557	14.876	5.692
34.557	15.45	5.578
39.994	9.617	5.88
35.131	16.613	1.209
35.665	18.094	2.159
27.811	16.351	5.162
27.811	16.925	5.276
27.237	16.659	5.311
29.825	16.007	5.811
32.337	16.956	5.856
32.337	17.53	5.742
35.674	16.651	5.789
30.654	21.308	2.913
27.911	16.206	2.741
26.31	16.532	2.954
25.478	16.304	3.198
24.285	16.359	3.788
24.337	18.881	5.635
27.229	18.677	5.374
26.655	18.943	5.409
27.355	19.549	5.189
28.554	20.758	4.612
27.496	21.713	-1.088
28.194	19.792	-1.589
26.762	17.392	-0.652
26.762	17.983	-0.567
28.444	18.976	0.396
27.87	19.09	0.396
27.87	18.65	-0.665
27.87	18.976	-0.178
27.296	18.838	-0.206
27.717	18.581	1.69
27.143	18.769	1.23
27.143	18.384	1.712
28.539	17.367	2.217
26.611	17.915	1.585
26.285	18.049	0.62
26.285	17.762	1.117
26.285	17.762	0.123
26.171	17.475	0.62
25.61	17.158	1.488
25.61	17.021	2.089
25.61	16.636	0.404
25.61	17.021	0.886
25.123	16.833	1.488
25.123	16.665	2.061
25.123	16.213	0.523
25.123	16.665	0.914
24.798	16.346	1.488
24.798	16.059	1.985
24.798	16.059	0.991
24.684	15.772	1.488
24.203	19.733	5.582
26.217	22.835	-2.064
21.774	17.414	-3.609
20.865	16.762	-2.728
20.689	17.718	-1.606
22.056	21.023	3.024
20.877	20.821	-1.065
26.378	19.053	-4.464
21.885	21.792	-2.584
2.551	1.992	-0.671
2.551	1.659	-1.19
2.163	3.013	-0.972
2.163	2.405	-0.972
2.024	2.709	-1.498
2.406	2.05	-2.777
2.857	5.787	-0.164
2.573	5.078	-0.217
3.271	3.28	1.679
7.703	-1.122	1.113
7.703	-1.425	0.587
7.315	-0.974	1.67
7.315	-1.535	1.414
7.315	-1.868	0.895
7.315	-1.868	0.279
6.754	-0.514	1.918
6.754	-1.122	1.918
6.754	-1.669	1.654
6.754	-2.048	1.179
6.754	-2.183	0.587
6.754	-2.048	-0.005
6.13	-0.514	1.918
6.13	-1.122	1.918
6.13	-1.669	1.654
6.13	-2.048	1.179
6.13	-2.183	0.587
6.13	-2.048	-0.005
5.569	-0.974	1.67
5.569	-1.535	1.414
5.569	-1.868	0.895
5.569	-1.868	0.279
5.181	-1.122	1.113
5.181	-1.425	0.587
10.027	-1.39	-4.351
9.888	-1.086	-3.825
9.888	-1.694	-3.825
9.888	-1.997	-4.351
9.5	-1.546	-3.268
9.5	-2.107	-3.524
9.5	-2.44	-4.043
8.939	-2.241	-3.284
8.315	-2.241	-3.284
4.461	-0.921	-3.51
4.022	-0.524	-3.803
3.491	2.62	-5.347
3.792	6.42	-4.15
3.792	6.886	-3.746
3.404	6.572	-3.154
3.404	5.661	-3.68
3.404	6.269	-3.68
4.353	7.876	-2.351
4.353	7.753	-2.97
3.911	7.434	-2.351
3.609	9.72	1.356
3.609	9.417	1.882
3.609	8.809	1.882
3.609	8.506	1.356
3.609	8.809	0.83
3.609	9.417	0.83
3.47	9.113	1.356
4.368	6.818	5.044
4.368	6.207	5.131
3.98	6.667	4.574
3.98	6.059	4.574
3.841	6.363	4.048
4.805	4.859	4.79
4.113	2.935	2.861
4.113	2.402	2.617
9.196	1.091	-0.324
9.057	1.698	-0.324
9.057	0.787	0.202
9.057	0.484	-0.324
9.057	0.787	-0.85
9.057	1.395	-0.85
8.669	0.935	0.759
8.475	-4.104	-5.549
8.475	-4.104	-6.165
7.914	-3.905	-4.79
7.914	-4.284	-5.265
7.914	-4.419	-5.857
7.914	-4.284	-6.449
7.29	-3.905	-4.79
7.29	-4.284	-5.265
7.29	-4.419	-5.857
7.29	-4.284	-6.449
6.729	-3.771	-5.03
6.729	-4.104	-5.549
6.729	-4.104	-6.165
6.729	-3.771	-6.684
6.341	-3.661	-5.857
3.933	-0.91	-5.997
3.933	-0.91	-6.583
3.494	-0.513	-6.29
4.356	0.493	-8.049
3.795	0.641	-7.801
3.795	1.252	-7.714
3.407	0.493	-7.244
3.407	1.101	-7.244
3.776	3.397	-6.373
6.534	8.547	-3.994
5.934	8.358	-3.998
5.709	11.509	-0.309
5.257	10.618	-0.704
5.257	11.083	-0.301
4.858	11.143	1.343
4.858	11.02	1.962
4.231	9.132	4.207
5.034	9.748	4.761
5.034	9.223	5.112
6.354	8.406	6.844
6.419	7.233	7.095
6.419	6.7	6.851
9.537	2.74	5.268
9.537	2.437	4.742
9.149	3.499	5.738
9.149	2.888	5.825
9.149	2.327	5.569
9.149	1.994	5.05
9.149	1.994	4.434
8.588	3.348	6.073
8.588	2.74	6.073
8.588	2.193	5.809
8.588	1.814	5.334
8.588	1.679	4.742
8.588	1.814	4.15
7.964	2.74	6.073
7.964	2.193	5.809
7.964	1.814	5.334
7.964	1.679	4.742
7.403	2.888	5.825
7.403	2.327	5.569
7.403	1.994	5.05
10.428	4.357	2.748
10.289	4.053	3.274
10.289	3.75	2.748
10.289	4.053	2.222
10.289	4.661	2.222
9.901	3.307	2.44
9.901	3.64	1.921
9.901	4.201	1.665
10.857	2.909	-4.632
14.987	0.549	-7.928
14.545	0.23	-7.309
14.545	0.107	-7.928
13.987	0.052	-7.023
13.333	-2.134	-9.515
13.194	-2.438	-8.989
13.194	-2.741	-9.515
12.806	-2.29	-8.432
12.806	-2.851	-8.688
12.806	-3.184	-9.207
12.806	-3.184	-9.823
12.245	-2.438	-8.184
12.245	-2.985	-8.448
12.245	-3.364	-8.923
12.245	-3.499	-9.515
11.621	-2.985	-8.448
11.621	-3.364	-8.923
11.621	-3.499	-9.515
8.388	-3.221	-8.789
7.402	-2.908	-9.043
7.402	-2.523	-9.537
6.844	-2.73	-8.757
6.844	-2.379	-9.282
5.111	5.332	-7.174
5.111	5.042	-7.678
6.21	7.234	-7.125
5.768	6.757	-7.156
9.81	8.334	-2.171
7.742	11.48	-2.646
7.742	12.017	-2.443
7.142	11.767	-2.4
7.169	14.884	-1.358
6.73	15.052	-0.413
6.73	14.752	-0.933
6.498	14.891	1.922
6.203	14.379	1.922
6.203	14.089	1.418
7.984	15.367	3.805
7.366	15.255	3.833
7.366	14.957	4.383
6.808	14.951	3.834
6.159	14.076	4.542
6.159	13.61	4.946
6.159	12.999	5.033
5.771	13.762	3.95
5.771	13.459	4.476
5.771	12.851	4.476
5.632	13.155	3.95
8.197	11.532	7.659
8.197	10.921	7.746
7.809	11.381	7.189
9.483	7.99	7.879
8.865	8.296	7.977
8.865	7.702	7.933
8.247	7.99	7.879
8.247	7.383	7.725
9.229	6.497	7.272
13.146	7.61	6.037
13.007	7.914	6.563
13.007	7.306	6.563
13.007	7.003	6.037
12.619	8.065	7.033
12.619	7.454	7.12
12.619	6.893	6.864
12.619	6.56	6.345
12.619	6.56	5.729
12.058	7.914	7.368
12.058	7.306	7.368
12.058	6.759	7.104
12.058	6.38	6.629
12.058	6.245	6.037
12.058	6.38	5.445
13.441	8.852	3.863
13.302	8.245	3.863
13.302	8.548	3.337
13.302	9.156	3.337
12.914	7.802	3.555
12.914	8.135	3.036
12.914	8.696	2.78
12.914	9.307	2.867
12.353	7.622	3.271
12.353	8.001	2.796
12.353	8.548	2.532
11.729	8.001	2.796
9.501	6.909	-0.494
9.403	6.291	-0.494
9.119	5.733	-0.494
9.426	4.548	-2.773
9.426	3.988	-3.029
12.765	5.498	-4.947
15.156	2.324	-4.785
15.156	1.763	-5.041
14.595	2.784	-4.537
14.595	2.176	-4.537
14.595	1.629	-4.801
14.595	1.25	-5.276
13.971	2.784	-4.537
13.971	2.176	-4.537
13.971	1.629	-4.801
17.801	1.607	-8.557
12.87	-2.913	-11.972
12.482	-3.356	-12.28
12.482	-3.023	-12.799
11.921	-3.671	-11.972
11.921	-3.536	-12.564
11.921	-3.157	-13.039
11.297	-3.671	-11.972
11.297	-3.536	-12.564
11.297	-3.157	-13.039
11.297	-2.61	-13.303
10.736	-3.356	-12.28
10.736	-3.023	-12.799
10.736	-2.462	-13.055
7.043	-1.061	-10.659
6.604	-0.68	-10.394
8.513	2.265	-12.558
7.952	1.869	-12.487
7.952	2.335	-12.083
7.564	1.718	-12.017
5.943	4.964	-10.239
5.943	5.497	-10.483
5.504	5.345	-9.974
5.504	5.945	-9.974
5.343	5.645	-9.454
5.838	7.164	-9.006
5.838	6.99	-9.597
5.543	6.652	-9.006
8.646	10.426	-7.51
9.643	10.716	-6.198
9.643	10.356	-5.703
10.276	9.386	0.852
10.276	9.816	0.422
8.873	16.123	-0.122
8.283	16.123	-0.122
8.283	14.603	-1.789
8.283	15.195	-1.621
8.283	15.686	-1.25
8.283	16.01	-0.727
7.728	15.921	-0.122
8.828	16.119	1.137
8.21	15.918	1.755
10.937	15.556	3.584
10.319	15.668	3.556
8.768	14.837	5.817
8.768	13.505	7.043
7.986	13.803	6.58
11.563	13.766	7.54
9.722	10.897	8.272
9.722	10.326	8.203
14.941	12.992	5.572
14.843	13.61	5.572
14.843	13.301	6.107
14.559	14.168	5.572
14.559	14.01	6.16
14.559	13.58	6.59
14.559	12.992	6.748
14.117	14.61	5.572
14.117	14.487	6.191
14.117	14.136	6.716
14.117	13.611	7.067
14.117	12.992	7.19
13.559	14.894	5.572
13.559	14.791	6.19
13.559	14.493	6.74
13.559	14.032	7.164
13.559	13.459	7.416
13.559	12.835	7.468
12.941	14.992	5.572
12.941	14.903	6.162
12.941	14.644	6.699
12.941	14.239	7.136
10.108	11.221	-1.325
10.108	11.821	-1.325
9.825	14.512	-1.677
9.825	15.092	-1.593
9.825	15.534	-1.21
11.768	15.276	1.673
11.768	13.082	1.085
11.326	15.718	1.673
10.768	16.002	1.673
10.768	15.899	1.055
10.15	16.1	1.673
14.958	13.438	3.928
14.797	14.038	3.928
14.797	13.138	3.408
14.797	13.738	3.408
14.358	14.477	3.928
14.358	12.757	3.143
14.358	13.29	2.899
14.358	13.87	2.983
14.358	14.312	3.366
11.683	12.421	8.098
14.648	11.745	5.848
14.209	11.664	6.633
14.209	11.348	6.141
11.92	14.62	0.621
15.403	5.845	-5.117
21.099	1.13	-5.654
20.475	1.13	-5.654
20.475	0.583	-5.918
20.475	0.204	-6.393
20.475	0.069	-6.985
19.914	0.717	-6.158
19.914	0.384	-6.677
19.914	0.384	-7.293
22.211	-0.542	-12.998
21.65	-0.722	-12.714
21.65	-0.857	-13.306
21.026	-0.722	-12.714
21.026	-0.857	-13.306
21.026	-0.722	-13.898
17.211	-0.702	-11.283
17.211	-1.263	-11.539
17.211	-1.596	-12.058
16.65	-0.85	-11.035
16.65	-1.397	-11.299
16.65	-1.776	-11.774
16.65	-1.911	-12.366
16.026	-1.397	-11.299
16.026	-1.776	-11.774
16.026	-1.911	-12.366
12.274	-0.671	-14.228
11.449	0.251	-14.315
10.891	-0.211	-13.914
10.891	0.408	-14.037
8.382	0.0	-12.654
8.382	0.533	-12.898
12.216	3.176	-13.849
11.658	2.819	-13.825
6.875	10.638	-10.89
6.436	10.506	-11.315
6.436	9.906	-11.315
10.872	12.335	-8.318
10.872	12.076	-7.781
10.254	12.223	-8.29
10.254	11.925	-7.74
9.696	11.919	-8.289
11.008	11.019	-5.876
11.008	10.638	-5.446
13.955	9.565	-4.734
13.955	9.028	-4.531
19.798	4.872	-4.347
19.798	4.292	-4.263
19.198	4.585	-4.101
19.198	4.014	-4.17
23.705	-2.059	-4.958
23.705	-2.606	-5.222
23.705	-2.985	-5.697
23.144	-1.3	-5.293
23.144	-1.911	-5.206
23.144	-2.472	-5.462
23.144	-2.805	-5.981
23.144	-2.805	-6.597
22.756	-2.059	-5.763
22.756	-2.362	-6.289
22.756	-2.059	-6.815
25.067	-3.19	-7.66
25.067	-2.854	-8.152
24.449	-3.264	-7.105
24.449	-3.061	-7.697
23.891	-2.532	-7.936
24.585	-1.714	-9.256
24.585	-1.19	-9.599
24.027	-1.57	-9.001
20.69	-0.009	-9.803
26.525	-0.822	-13.313
26.525	-0.443	-13.788
25.901	-0.957	-12.721
25.901	-0.822	-13.313
25.901	-0.443	-13.788
25.34	-0.642	-12.413
25.34	-0.642	-13.029
23.528	0.706	-16.09
23.14	-0.04	-15.872
23.14	0.293	-16.391
23.14	0.854	-16.647
23.14	1.465	-16.56
22.579	-0.355	-15.564
22.579	-0.22	-16.156
22.579	0.159	-16.631
22.579	0.706	-16.895
22.579	1.314	-16.895
21.955	-0.22	-16.156
21.955	0.159	-16.631
21.955	0.706	-16.895
21.955	1.314	-16.895
21.955	1.861	-16.631
21.394	-0.04	-15.872
21.394	0.293	-16.391
21.394	0.854	-16.647
17.701	-1.217	-14.471
17.701	-1.217	-15.087
17.701	-0.884	-15.606
17.14	-1.532	-14.779
17.14	-1.397	-15.371
17.14	-1.018	-15.846
17.14	-0.471	-16.11
16.516	-1.532	-14.779
16.516	-1.397	-15.371
16.516	-1.018	-15.846
16.516	-0.471	-16.11
16.516	0.137	-16.11
15.955	-1.217	-15.087
15.955	-0.884	-15.606
15.955	-0.323	-15.862
12.67	2.001	-14.811
12.07	2.288	-14.565
15.084	5.118	-13.85
14.46	4.739	-14.325
14.46	5.118	-13.85
13.899	4.343	-14.254
13.899	4.809	-13.85
6.628	8.485	-13.309
6.628	8.485	-13.925
6.628	8.818	-14.444
6.628	9.379	-14.7
6.24	8.928	-13.617
6.24	9.231	-14.143
6.101	9.535	-13.617
7.311	11.985	-15.182
6.711	11.692	-15.02
6.711	12.272	-14.936
6.272	12.14	-14.511
6.111	11.84	-13.991
7.504	13.695	-13.533
7.504	13.56	-12.941
7.504	13.56	-14.125
6.943	13.425	-13.533
6.943	13.251	-12.941
7.576	12.678	-11.711
13.024	15.815	-11.12
13.024	15.641	-10.528
12.463	16.085	-11.12
12.463	15.95	-10.528
12.463	15.571	-10.053
12.463	15.024	-9.789
11.839	16.085	-11.12
11.839	15.95	-10.528
11.839	15.571	-10.053
11.839	15.024	-9.789
11.278	15.815	-11.12
11.278	15.641	-10.528
11.278	15.175	-10.124
10.89	15.024	-10.594
14.247	11.569	-6.586
17.678	11.025	-2.379
17.117	12.971	-3.446
17.117	12.797	-2.854
17.117	12.331	-2.45
17.117	11.72	-2.363
17.117	11.159	-2.619
16.729	12.483	-3.446
16.729	12.18	-2.92
16.729	11.572	-2.92
16.59	11.876	-3.446
17.203	8.103	-4.055
21.02	9.89	-2.916
21.02	9.557	-3.435
21.02	9.557	-4.051
20.459	9.756	-2.676
20.459	9.377	-3.151
20.459	9.242	-3.743
19.835	9.756	-2.676
19.835	9.377	-3.151
20.932	6.284	-5.7
23.696	6.275	-7.075
24.449	-0.348	-5.2
26.183	-2.935	-4.554
26.183	-3.407	-4.88
26.183	-3.674	-5.389
27.493	-3.585	-7.088
27.493	-3.409	-7.658
29.172	-1.92	-11.456
28.554	-2.208	-11.123
27.996	-2.415	-10.343
29.382	1.419	-14.225
29.382	2.027	-14.225
28.994	1.006	-14.526
28.994	1.567	-14.782
28.994	2.178	-14.695
28.994	2.644	-14.291
28.433	0.493	-14.291
28.433	0.872	-14.766
28.433	1.419	-15.03
28.433	2.027	-15.03
28.433	2.574	-14.766
28.433	2.953	-14.291
27.809	0.872	-14.766
27.809	1.419	-15.03
27.809	2.027	-15.03
27.809	2.574	-14.766
24.159	5.016	-14.993
23.541	4.762	-15.389
23.541	5.167	-14.952
17.859	1.845	-16.347
17.859	2.439	-16.391
17.859	3.021	-16.259
17.241	2.133	-16.293
10.055	8.101	-13.603
8.673	8.581	-14.953
8.073	8.097	-14.455
8.073	8.364	-14.964
8.073	8.836	-15.29
9.672	10.603	-15.759
11.696	11.385	-15.574
11.696	11.992	-15.728
12.987	16.19	-13.564
12.987	14.939	-14.647
12.987	15.55	-14.56
12.987	16.016	-14.156
12.426	16.46	-13.564
12.426	15.399	-14.895
12.426	15.946	-14.631
12.426	16.325	-14.156
11.802	16.46	-13.564
11.802	15.399	-14.895
11.802	15.946	-14.631
11.802	16.325	-14.156
11.241	16.19	-13.564
11.241	15.55	-14.56
11.241	16.016	-14.156
10.853	15.702	-13.564
17.156	14.906	-6.422
16.532	15.285	-6.897
16.532	14.906	-6.422
15.971	14.976	-6.897
15.971	14.51	-6.493
15.971	13.899	-6.406
15.583	14.662	-7.489
15.583	14.359	-6.963
18.392	15.389	-2.042
18.392	15.089	-2.562
18.676	14.379	0.929
18.392	14.997	-0.247
18.392	14.688	0.288
18.294	14.379	-0.247
19.08	12.673	0.295
22.843	11.981	-2.022
22.196	12.438	-7.019
21.912	13.147	-7.072
23.96	6.563	-9.935
26.252	6.256	-7.412
25.914	5.926	-6.297
25.914	5.602	-5.774
28.172	3.058	-3.688
28.172	2.542	-3.39
27.554	2.278	-3.408
28.192	0.563	-3.201
28.192	0.016	-3.465
27.568	0.563	-3.201
27.568	0.016	-3.465
27.007	0.711	-3.449
29.685	-2.48	-5.739
29.297	-2.332	-5.182
29.297	-2.893	-5.438
29.297	-3.226	-5.957
28.736	-2.48	-4.934
28.736	-3.027	-5.198
28.736	-3.406	-5.673
28.736	-3.541	-6.265
30.014	-3.463	-10.188
30.014	-3.084	-10.663
29.39	-3.598	-9.596
29.39	-3.463	-10.188
28.829	-3.283	-9.904
30.844	-1.253	-11.672
33.689	-0.049	-12.512
33.689	0.512	-12.768
33.689	1.123	-12.681
33.128	-0.183	-12.752
33.128	0.364	-13.016
33.128	0.972	-13.016
32.504	-0.183	-12.752
32.504	0.364	-13.016
32.504	0.972	-13.016
29.542	3.984	-11.358
24.703	3.451	-15.64
24.703	4.031	-15.556
25.367	5.715	-13.574
21.39	6.597	-13.783
20.829	6.867	-13.783
20.829	6.732	-14.375
20.205	6.867	-13.783
20.205	6.732	-14.375
19.644	6.423	-14.375
20.806	5.283	-15.674
20.806	5.82	-15.471
18.674	4.725	-15.747
15.766	8.741	-12.803
10.573	9.85	-15.115
14.936	10.216	-14.439
14.375	10.082	-14.679
13.751	9.703	-14.204
13.751	10.082	-14.679
14.688	12.144	-14.871
14.088	11.857	-15.117
10.941	13.387	-15.603
10.341	13.137	-15.56
16.357	15.379	-12.248
19.107	16.092	-9.238
19.107	15.789	-9.764
18.719	16.58	-9.238
18.719	16.406	-8.646
18.719	15.94	-8.242
18.719	15.94	-10.234
18.719	16.406	-9.83
18.158	16.85	-9.238
18.158	16.715	-8.646
18.158	16.336	-8.171
18.158	16.336	-10.305
18.158	16.715	-9.83
17.534	16.85	-9.238
17.534	16.715	-8.646
17.534	16.715	-9.83
16.973	16.58	-9.238
16.973	16.406	-8.646
19.172	18.022	-0.452
18.784	18.174	0.544
18.784	17.871	0.018
18.871	17.442	1.776
18.871	16.842	1.776
22.335	13.434	3.729
22.335	12.873	3.473
22.335	12.54	2.954
21.774	13.286	3.977
21.774	12.739	3.713
21.774	12.36	3.238
21.774	12.225	2.646
21.15	13.894	3.977
21.15	13.286	3.977
21.15	12.739	3.713
21.15	12.36	3.238
21.15	12.225	2.646
20.589	14.045	3.642
20.589	13.434	3.729
20.589	12.873	3.473
20.589	12.54	2.954
20.201	13.894	3.172
20.201	13.286	3.172
25.049	15.12	-4.838
25.049	15.471	-5.363
24.491	15.327	-5.618
23.719	12.544	-4.604
23.517	16.358	-6.588
23.517	16.966	-6.588
23.517	17.513	-6.324
22.893	16.358	-6.588
22.893	16.966	-6.588
22.893	17.513	-6.324
22.332	16.506	-6.34
22.332	17.117	-6.253
22.332	17.583	-5.849
21.944	16.966	-5.783
21.792	12.299	-8.94
21.353	12.873	-8.982
21.964	10.964	-7.881
21.964	11.273	-8.416
21.68	10.994	-8.899
26.561	6.584	-11.163
26.561	6.419	-11.725
25.961	6.745	-11.163
25.961	6.608	-11.721
27.325	5.374	-5.428
27.325	4.969	-4.991
31.559	1.005	-4.194
31.559	0.55	-4.604
31.559	0.301	-5.163
31.004	1.895	-3.802
31.004	1.283	-3.859
31.004	0.732	-4.133
31.004	0.318	-4.588
31.103	-2.87	-8.562
31.103	-3.186	-9.054
31.103	-3.186	-9.64
35.405	-0.516	-9.808
35.266	-0.82	-9.282
35.266	-1.123	-9.808
35.266	-0.82	-10.334
35.266	-0.212	-10.334
34.878	-0.672	-8.725
34.878	-1.233	-8.981
34.878	-1.566	-9.5
34.878	-1.566	-10.116
34.878	-1.233	-10.635
34.317	-0.82	-8.477
34.317	-1.367	-8.741
34.317	-1.746	-9.216
34.317	-1.881	-9.808
34.317	-1.746	-10.4
34.317	-1.367	-10.875
34.684	2.864	-11.695
34.684	3.483	-11.572
34.684	4.008	-11.221
34.126	3.904	-11.669
31.916	5.233	-10.427
16.542	12.35	-13.864
18.165	14.487	-11.846
17.723	13.469	-12.876
17.723	14.088	-12.753
17.723	14.613	-12.402
17.165	14.509	-12.85
19.767	12.481	-11.841
20.741	11.023	-11.129
20.741	11.631	-11.129
20.353	10.61	-11.43
20.353	11.171	-11.686
19.792	10.476	-11.67
19.792	11.023	-11.934
29.531	4.596	-4.958
32.686	1.901	-4.631
32.686	1.025	-5.507
32.686	0.902	-6.126
31.51	3.251	-4.264
37.15	1.899	-7.093
37.15	2.232	-7.612
35.514	2.5	-10.634
33.921	5.704	-10.428
33.321	5.512	-10.854
33.321	5.893	-10.424
33.395	7.282	-8.425
32.771	7.796	-7.358
32.771	7.661	-6.766
32.771	7.282	-8.425
32.771	7.661	-7.95
32.21	7.526	-7.358
32.21	7.352	-6.766
32.224	6.097	-5.541
36.221	2.529	-2.077
39.632	1.205	-4.197
39.19	0.586	-4.516
38.632	-0.083	-4.42
38.632	0.441	-4.763
36.396	1.205	-1.845
36.396	0.617	-2.003
36.396	0.187	-2.433
36.396	0.029	-3.021
36.112	0.896	-2.486
36.112	0.587	-3.021
36.112	0.896	-3.556
38.848	4.215	-7.641
38.848	4.518	-8.167
38.848	5.126	-8.167
38.46	3.772	-7.949
38.46	4.105	-8.468
38.46	4.666	-8.724
38.46	5.277	-8.637
38.46	5.743	-8.233
37.899	3.971	-8.708
37.899	4.518	-8.972
37.899	5.126	-8.972
37.899	5.673	-8.708
37.899	6.052	-8.233
34.462	7.663	-7.109
34.462	7.498	-7.671
34.983	6.011	-2.591
36.099	5.07	-1.507
41.308	3.045	-1.421
41.21	2.736	-1.956
41.21	3.354	-1.956
38.69	2.888	0.475
38.132	3.664	0.074
38.132	3.045	0.197
37.69	3.045	-0.245
37.696	0.825	-0.316
37.254	0.825	-0.758
40.616	-0.759	-2.241
40.321	-1.516	-2.045
40.321	-1.184	-2.563
39.869	-1.908	-2.043
39.869	-1.659	-2.602
39.869	-1.204	-3.012
38.169	-1.204	-0.462
38.169	-1.659	-0.872
37.717	-1.184	-0.911
38.61	-2.194	-2.531
38.61	-1.927	-3.04
38.01	-2.026	-2.537
37.571	-1.629	-2.244
36.993	-0.116	-4.333
40.774	0.516	-2.469
40.49	0.825	-3.11
34.317	9.088	-1.462
35.632	7.617	1.048
35.074	7.875	0.735
41.053	4.613	-0.824
41.053	4.31	-0.298
40.665	3.85	0.259
41.604	5.709	-3.99
41.465	5.405	-3.464
41.465	5.102	-3.99
41.465	5.405	-4.516
41.077	4.992	-4.817
41.077	5.553	-5.073
39.203	9.301	-6.146
39.203	9.912	-6.059
39.203	10.378	-5.655
38.642	9.153	-6.394
38.642	9.761	-6.394
38.642	10.308	-6.13
38.642	10.687	-5.655
38.018	9.153	-6.394
38.018	9.761	-6.394
38.018	10.308	-6.13
38.018	10.687	-5.655
37.457	9.301	-6.146
37.457	9.912	-6.059
35.417	10.119	-4.427
34.975	9.531	-3.827
34.975	10.119	-3.985
34.975	10.707	-3.827
33.963	10.1	-2.209
33.963	10.7	-2.209
33.223	11.812	-0.312
33.062	11.512	0.208
33.307	10.904	1.455
35.643	9.055	4.097
36.767	7.029	2.476
39.235	5.905	3.893
39.235	5.905	3.267
42.706	7.893	3.639
41.959	5.872	3.333
41.404	5.666	3.947
41.404	5.666	3.331
42.615	6.941	2.4
42.615	7.541	2.4
42.176	6.56	2.135
41.242	8.493	0.556
40.947	7.486	0.234
41.652	9.257	-3.441
41.513	9.864	-3.441
41.513	9.561	-2.915
41.513	8.953	-2.915
41.513	8.953	-3.967
41.513	9.561	-3.967
41.125	10.352	-3.441
41.125	9.101	-4.524
41.125	9.712	-4.437
41.125	10.178	-4.033
40.564	10.622	-3.441
38.742	15.046	-0.775
38.742	13.795	-1.858
38.742	14.406	-1.771
38.742	14.872	-1.367
36.65	15.342	-2.707
36.65	15.808	-2.303
36.089	16.252	-1.711
36.089	14.583	-3.042
36.089	15.191	-3.042
36.089	15.738	-2.778
36.089	16.117	-2.303
35.465	16.252	-1.711
35.465	14.583	-3.042
35.465	15.191	-3.042
35.465	15.738	-2.778
35.465	16.117	-2.303
34.904	15.982	-1.711
34.904	14.731	-2.794
34.904	15.342	-2.707
34.904	15.808	-2.303
34.516	14.583	-2.237
34.516	15.191	-2.237
36.354	11.553	-4.361
33.113	14.352	0.189
32.385	14.901	7.276
32.385	14.328	7.528
32.385	13.704	7.58
31.767	14.592	7.546
31.767	14.01	7.678
31.149	14.901	7.276
38.99	13.626	7.108
38.432	13.983	7.132
38.432	13.522	7.556
38.432	12.949	7.808
37.814	13.729	7.528
37.814	12.037	7.914
37.196	11.194	7.363
36.638	11.338	7.108
36.196	11.894	6.982
36.196	11.464	6.552
37.92	7.368	6.368
37.302	7.08	6.035
37.302	6.695	5.541
37.302	6.492	4.949
37.302	6.492	4.323
36.744	7.224	5.78
36.744	6.873	5.255
36.744	6.75	4.636
36.302	7.35	5.224
36.302	7.192	4.636
36.018	8.059	5.171
40.014	7.735	6.194
39.459	7.431	6.34
39.459	6.88	6.066
39.459	6.466	5.611
42.486	6.782	4.916
42.047	6.934	5.425
42.047	6.401	5.181
41.447	6.184	5.192
42.614	10.283	4.577
42.475	10.587	5.103
42.475	9.979	5.103
42.087	10.738	5.573
42.087	10.127	5.66
41.526	9.979	5.908
42.324	10.881	2.241
42.163	10.581	1.721
41.517	11.49	-0.187
41.517	12.09	-0.187
41.121	13.118	0.114
40.669	13.184	-0.389
40.669	13.544	0.106
41.223	13.24	2.016
40.781	13.682	2.016
40.781	13.559	2.635
40.223	13.966	2.016
34.348	18.083	0.845
30.021	13.071	2.865
30.021	13.595	2.522
29.403	12.893	2.904
29.403	13.359	2.532
29.403	13.914	2.314
31.891	11.392	5.13
31.333	11.599	4.35
31.333	12.123	4.007
30.715	13.036	7.743
30.715	11.421	4.389
30.097	13.354	7.593
29.539	13.506	7.244
29.539	12.887	7.367
35.596	19.432	6.509
35.596	18.966	6.913
35.596	18.355	7.0
35.035	19.876	5.917
35.035	19.741	6.509
35.035	19.362	6.984
35.035	18.815	7.248
35.035	18.207	7.248
35.035	17.66	6.984
34.411	19.876	5.917
34.411	19.741	6.509
34.411	19.362	6.984
34.411	18.815	7.248
34.411	18.207	7.248
34.411	17.66	6.984
33.85	19.432	6.509
33.85	18.966	6.913
33.85	18.355	7.0
36.721	13.106	7.674
36.721	12.526	7.758
37.882	17.374	5.61
38.972	16.465	4.717
38.972	16.162	5.243
40.461	13.189	5.269
40.163	12.162	6.972
40.163	11.552	7.06
39.711	12.163	7.378
39.711	11.554	7.442
39.711	10.972	7.253
39.156	11.25	7.588
39.156	10.699	7.314
38.566	10.699	7.314
36.864	8.281	6.473
42.282	11.639	4.055
41.998	12.197	4.055
41.998	12.039	4.643
41.556	12.639	4.055
41.556	12.516	4.674
37.083	19.359	3.656
37.083	19.056	3.13
36.695	19.847	3.656
36.695	19.673	4.248
36.695	19.207	2.66
36.695	19.673	3.064
36.134	20.117	3.656
36.134	19.982	4.248
36.134	19.603	2.589
36.134	19.982	3.064
35.51	20.117	3.656
34.105	19.681	1.348
32.035	21.797	1.306
32.035	21.494	0.78
31.647	22.285	1.306
31.647	22.111	1.898
31.647	21.034	0.223
31.647	21.645	0.31
31.647	22.111	0.714
31.086	22.555	1.306
31.086	22.42	1.898
31.086	21.494	-0.025
31.086	22.041	0.239
31.086	22.42	0.714
30.462	22.42	0.714
31.608	18.218	0.062
29.654	15.708	1.703
28.029	14.156	2.369
27.08	14.156	4.226
28.357	11.68	4.74
27.918	12.377	5.553
27.918	12.077	5.033
31.483	11.084	7.146
31.483	10.751	6.627
30.922	11.497	7.65
30.922	10.95	7.386
30.922	10.571	6.911
30.922	10.436	6.319
30.922	10.571	5.727
30.298	11.497	7.65
30.298	10.95	7.386
30.298	10.571	6.911
30.298	10.436	6.319
30.298	10.571	5.727
29.737	11.084	7.146
29.737	10.751	6.627
25.744	17.73	6.731
25.744	17.122	6.731
25.744	16.575	6.467
25.12	17.73	6.731
25.12	17.122	6.731
25.12	16.575	6.467
25.12	16.196	5.992
25.12	16.061	5.4
24.559	17.27	6.483
28.789	18.486	6.151
28.789	17.878	6.151
28.608	22.897	3.211
27.592	24.262	0.566
27.15	24.862	1.154
27.15	24.739	1.773
27.15	24.739	0.535
26.592	25.146	1.154
26.592	25.043	1.772
26.592	25.043	0.536
25.974	25.244	1.154
25.974	25.155	1.744
24.507	13.345	1.904
24.507	13.345	1.288
22.638	16.475	5.161
22.038	16.692	5.15
22.24	18.582	5.624
22.24	17.958	5.676
21.682	18.734	5.275
21.682	18.115	5.398
27.808	22.714	5.006
27.101	24.047	3.969
27.101	23.873	4.561
25.495	24.942	3.463
25.495	24.839	4.081
24.299	25.151	-0.129
26.975	23.724	-1.103
26.523	24.255	-1.203
26.523	24.615	-0.708
25.968	24.831	-0.714
28.572	18.454	-2.977
28.572	17.582	-3.481
28.277	16.825	-3.285
28.277	17.157	-3.803
26.975	15.478	-1.299
26.975	15.32	-1.887
26.533	15.001	-1.268
26.533	14.878	-1.887
19.986	18.351	3.525
20.718	19.661	3.209
20.718	19.31	3.734
22.625	22.788	4.613
22.341	22.079	4.56
23.862	21.554	6.783
23.862	21.007	6.519
23.301	22.779	6.044
23.301	22.313	6.448
23.301	21.702	6.535
22.913	22.162	5.978
25.369	22.814	6.675
25.369	22.234	6.759
24.769	23.064	6.718
24.769	22.527	6.921
21.678	23.902	2.565
23.782	24.871	3.725
23.782	24.706	4.287
21.76	24.896	0.415
21.142	24.798	0.415
21.142	24.695	1.033
20.584	24.514	0.415
20.584	24.391	1.034
20.584	24.04	1.559
20.584	24.391	-0.204
20.142	24.072	0.415
20.142	23.914	1.003
20.142	23.484	1.433
20.142	22.896	1.591
20.142	22.308	1.433
20.142	23.914	-0.173
19.858	23.514	0.415
19.858	23.205	0.95
19.858	22.587	0.95
19.858	22.278	0.415
19.858	22.587	-0.12
19.858	23.205	-0.12
19.76	22.896	0.415
23.397	25.117	-1.202
22.779	25.019	-1.202
24.058	23.949	-3.985
24.058	24.44	-3.614
24.058	24.764	-3.091
23.468	24.764	-3.091
25.194	23.716	-3.637
27.178	21.841	-3.095
28.294	18.617	-4.178
27.855	18.169	-4.687
27.855	18.749	-4.603
26.988	15.736	-3.653
26.988	16.087	-4.178
25.915	17.11	-5.602
25.915	17.719	-5.538
25.36	18.01	-5.637
21.581	19.937	-3.575
21.02	19.477	-3.327
21.02	20.088	-3.24
20.632	19.329	-2.77
20.632	19.937	-2.77
21.243	23.969	-1.981
21.243	24.329	-1.486
20.791	22.828	-1.969
20.791	23.438	-1.881
23.167	22.751	-4.228
23.167	23.322	-4.297
22.567	23.029	-4.135
22.567	23.609	-4.051
22.128	23.477	-3.626
26.83	21.047	-4.287
26.23	20.76	-4.533
26.23	21.297	-4.33
41.101	1.433	-0.646
41.101	1.143	-1.15
40.806	1.568	-0.068
40.354	1.57	0.314
39.799	1.266	0.46
39.209	1.266	0.46
40.563	-1.051	-0.581
40.124	-0.899	-0.072
40.124	-1.432	-0.316
40.124	-1.748	-0.808
39.524	-1.177	0.021
39.524	-1.649	-0.305
