100.828	54.081	-16.277
101.199	52.058	-16.02
101.166	52.025	-15.757
101.384	51.988	-16.742
101.029	54.005	-17.06
101.571	53.587	-17.203
101.586	53.692	-17.428
101.042	54.098	-17.26
101.825	53.425	-18.017
102.316	54.789	-18.722
101.533	55.462	-17.964
102.14	55.232	-18.224
102.597	56.12	-17.644
101.937	56.247	-17.45
103.101	57.057	-17.168
102.602	57.423	-16.422
101.516	56.556	-16.82
102.523	57.553	-16.202
102.31	57.14	-15.087
101.285	56.107	-15.609
102.329	56.892	-14.989
102.59	56.097	-14.536
101.505	55.436	-15.227
102.288	54.831	-14.55
101.817	53.835	-14.894
101.034	54.44	-15.571
101.644	52.826	-14.456
101.533	52.558	-14.797
100.94	54.214	-15.859
101.298	52.182	-15.262
101.342	51.891	-14.162
101.108	51.515	-14.627
101.361	51.994	-13.915
101.427	51.646	-13.667
101.194	51.068	-14.309
101.428	51.444	-13.844
102.351	50.318	-13.399
102.116	49.942	-13.865
102.599	48.216	-13.088
102.558	48.19	-13.119
102.068	49.912	-13.902
101.92	49.736	-14.039
101.399	49.344	-15.429
101.398	49.407	-15.689
101.252	48.845	-16.91
101.012	50.213	-17.704
101.114	51.027	-16.629
101.159	51.282	-16.699
101.554	50.608	-18.176
101.657	51.645	-17.133
102.109	52.959	-18.243
101.885	53.289	-17.934
101.452	51.948	-16.849
101.654	53.538	-17.334
102.738	50.314	-18.679
103.293	52.665	-18.746
103.397	50.282	-18.443
104.101	50.381	-18.037
103.916	52.753	-18.386
104.241	50.87	-17.491
104.457	51.005	-17.286
104.131	52.887	-18.181
104.776	52.327	-16.955
104.892	52.458	-16.955
104.257	53.031	-18.181
106.641	52.781	-17.69
106.822	53.98	-18.241
104.41	54.043	-18.646
106.579	54.456	-18.038
106.513	54.762	-18.023
104.354	54.302	-18.634
105.728	55.96	-18.357
105.377	56.295	-18.578
103.973	54.665	-18.874
105.246	56.941	-19.961
103.866	55.16	-18.674
104.892	56.996	-19.55
104.608	57.35	-19.851
103.336	55.075	-18.764
103.293	55.555	-18.272
104.047	56.071	-18.135
104.767	57.088	-19.07
104.565	57.412	-19.817
103.244	55.625	-18.234
103.793	56.096	-18.039
103.35	56.509	-17.606
102.744	56.091	-17.744
103.255	57.027	-17.273
103.515	56.575	-17.671
103.45	57.105	-17.35
104.198	57.562	-17.989
104.15	57.774	-17.894
103.402	57.316	-17.255
104.127	58.356	-18.076
104.173	59.26	-17.091
103.457	58.387	-16.089
103.979	58.756	-16.122
104.009	58.798	-15.205
103.486	58.428	-15.171
104.174	58.976	-15.094
104.353	58.775	-14.513
103.716	58.171	-14.425
104.238	58.54	-14.459
105.379	56.995	-13.709
104.856	56.626	-13.676
104.801	55.27	-12.571
104.582	55.321	-12.515
104.597	56.686	-13.609
104.254	55.514	-12.73
102.7	55.054	-13.441
102.599	56.095	-14.523
102.296	54.829	-14.539
102.566	54.363	-13.229
102.151	54.079	-14.309
102.039	53.114	-13.763
102.011	53.101	-13.793
102.126	54.068	-14.334
101.88	52.935	-13.628
101.811	52.9	-13.707
102.051	54.03	-14.419
101.922	53.057	-13.894
102.04	53.112	-13.758
101.903	52.943	-13.6
102.566	54.361	-13.225
102.802	54.092	-12.622
102.138	52.674	-12.998
103.005	53.776	-12.398
103.205	53.486	-12.167
102.323	52.407	-12.785
102.58	52.422	-12.709
103.588	53.188	-11.977
103.033	52.069	-12.485
103.925	52.163	-12.023
104.067	51.157	-12.094
103.175	51.063	-12.555
103.73	50.811	-12.468
103.606	50.286	-12.787
103.029	50.441	-12.933
103.171	48.32	-12.694
103.975	50.211	-12.64
103.54	48.245	-12.546
104.096	48.48	-12.629
104.436	47.059	-12.188
103.827	47.045	-12.174
104.824	46.558	-12.052
104.67	46.25	-12.098
103.697	46.785	-12.213
104.776	46.026	-11.999
104.603	45.736	-12.129
103.509	46.47	-12.354
103.34	46.102	-12.52
102.161	46.841	-14.122
102.229	47.272	-14.094
102.163	47.605	-15.386
102.171	47.887	-15.314
102.236	47.554	-14.022
101.624	49.15	-14.87
101.994	48.017	-15.872
101.461	49.271	-15.384
101.795	48.533	-16.389
101.76	48.579	-16.434
101.432	49.308	-15.42
101.288	48.806	-16.901
101.782	48.296	-16.609
101.308	48.556	-17.055
101.983	47.808	-16.066
102.052	47.549	-16.309
101.378	48.297	-17.298
101.861	48.004	-16.883
102.874	47.997	-18.633
102.274	48.291	-18.847
103.471	47.891	-18.949
103.998	49.501	-19.088
102.801	49.901	-18.986
103.469	49.816	-18.79
104.791	49.879	-18.364
104.365	50.243	-17.971
104.475	50.748	-17.433
104.981	49.821	-18.246
104.665	50.691	-17.315
106.027	50.924	-16.95
105.935	51.239	-16.836
104.588	50.957	-17.218
104.897	52.283	-16.893
105.972	51.276	-16.835
104.926	52.311	-16.893
106.734	52.419	-17.55
106.706	52.55	-17.607
104.898	52.443	-16.949
106.648	52.761	-17.682
107.378	52.147	-17.913
107.512	52.243	-18.076
107.277	50.752	-17.581
108.104	50.61	-17.619
108.338	52.101	-18.113
109.367	51.791	-18.272
109.385	51.911	-18.405
108.361	52.243	-18.271
108.964	52.212	-18.364
108.959	52.26	-18.411
108.356	52.292	-18.319
109.536	52.185	-19.873
109.526	52.193	-19.881
108.346	52.3	-18.327
108.809	52.641	-19.926
107.973	54.027	-20.109
107.27	54.081	-18.563
107.982	54.826	-19.807
107.933	55.027	-19.715
107.222	54.282	-18.471
106.978	54.758	-18.268
107.903	55.283	-19.687
106.948	55.014	-18.24
106.066	56.156	-18.526
107.899	55.44	-19.808
106.063	56.278	-18.62
107.878	55.68	-19.692
107.877	55.695	-19.702
106.062	56.293	-18.63
105.99	56.939	-20.017
107.879	55.694	-19.719
105.992	56.937	-20.035
107.9	55.457	-19.842
108.376	56.019	-20.906
106.394	57.412	-20.934
107.665	57.792	-21.164
107.356	58.638	-21.674
106.059	58.331	-21.488
107.276	58.892	-21.702
106.793	59.871	-21.421
105.651	59.158	-21.251
105.455	60.376	-20.961
104.146	59.986	-20.212
104.343	58.769	-20.501
104.264	59.311	-20.079
104.309	58.321	-19.071
104.383	57.893	-19.609
104.31	57.565	-18.178
104.372	57.356	-18.226
104.434	57.716	-19.649
103.662	56.4	-17.871
104.223	58.483	-18.934
104.22	57.736	-18.035
104.186	58.324	-18.196
104.214	59.864	-18.471
104.178	59.546	-17.786
104.102	60.476	-18.788
105.118	61.098	-18.288
105.194	60.168	-17.286
105.361	60.567	-17.906
105.69	60.549	-17.818
105.484	60.152	-17.208
106.572	60.432	-16.58
106.369	60.152	-16.103
105.281	59.872	-16.731
105.172	59.507	-15.476
104.552	59.311	-15.572
104.609	59.659	-16.836
104.494	59.228	-15.82
106.877	59.921	-15.312
105.639	59.294	-14.748
105.892	59.207	-14.76
107.23	59.632	-15.098
106.31	58.865	-14.506
107.31	58.714	-14.487
107.171	57.863	-13.849
106.17	58.013	-13.868
106.623	57.597	-13.783
106.02	56.711	-13.655
105.457	56.964	-13.716
104.867	55.244	-12.577
106.352	56.485	-13.608
105.199	55.018	-12.53
105.661	54.911	-12.914
105.838	54.213	-12.336
105.349	54.428	-12.041
107.197	53.891	-12.001
107.075	53.487	-11.774
105.226	54.024	-11.814
105.864	53.153	-11.831
105.586	52.959	-11.643
104.991	53.86	-11.655
105.624	52.742	-11.492
105.055	52.416	-11.402
104.373	53.507	-11.558
104.854	52.54	-11.527
104.918	51.977	-11.375
104.678	51.976	-11.493
105.27	51.118	-10.54
104.991	50.249	-10.993
104.319	50.858	-12.076
103.943	50.559	-12.453
105.102	49.935	-11.136
104.064	50.218	-12.608
104.201	48.488	-12.591
105.168	49.773	-11.011
104.287	48.279	-12.43
105.288	48.776	-11.714
105.622	47.804	-11.447
104.646	47.233	-12.143
105.034	46.732	-12.006
106.156	47.438	-11.276
105.608	46.339	-11.822
105.506	46.094	-11.785
106.306	47.362	-11.272
105.631	46.031	-11.781
105.769	46.257	-11.818
104.383	45.323	-12.577
104.553	45.305	-12.372
103.29	45.671	-12.763
104.264	44.818	-13.54
103.198	45.278	-13.512
103.786	44.642	-14.415
103.173	44.782	-14.842
102.721	45.387	-13.844
102.982	44.815	-15.027
102.537	45.777	-15.591
102.276	46.35	-14.407
102.288	47.071	-15.696
102.552	45.73	-16.103
102.304	47.019	-16.252
102.62	45.958	-16.225
102.843	46.039	-16.818
102.493	47.088	-16.753
102.359	47.483	-17.385
102.994	45.997	-17.059
102.503	47.443	-17.615
103.238	45.847	-17.638
103.722	46.096	-18.446
102.965	47.68	-18.385
103.551	47.61	-18.73
104.776	46.18	-19.026
104.441	47.681	-19.22
104.822	46.434	-18.956
105.05	46.499	-18.97
104.69	47.752	-19.234
105.919	45.779	-19.974
106.814	46.137	-19.443
105.585	48.11	-18.703
106.13	46.688	-18.413
106.318	46.868	-17.957
105.745	48.263	-18.317
107.437	48.829	-17.329
107.393	49.351	-17.54
105.698	48.829	-18.547
107.353	49.574	-17.586
106.526	50.737	-17.238
105.0	49.812	-18.253
106.049	50.913	-16.958
106.612	50.936	-17.216
106.135	51.111	-16.936
106.861	52.29	-17.629
108.196	48.626	-16.915
108.385	48.642	-16.783
108.601	46.894	-16.244
108.935	46.983	-16.089
108.718	48.731	-16.628
109.405	47.229	-15.877
109.552	47.318	-15.833
108.876	48.826	-16.581
109.9	49.142	-16.557
109.75	50.099	-17.268
108.699	49.959	-17.422
109.24	50.197	-17.278
109.165	50.402	-17.334
108.624	50.163	-17.478
109.806	51.414	-18.153
109.275	50.353	-17.31
109.899	51.372	-18.133
109.779	50.231	-17.295
110.906	50.322	-17.01
111.026	51.463	-17.848
112.266	50.754	-16.821
112.604	51.141	-16.973
111.333	51.816	-17.987
111.846	52.024	-19.33
111.433	51.72	-19.518
110.984	51.559	-18.146
111.354	51.392	-19.883
110.037	51.522	-20.176
109.667	51.689	-18.439
109.874	51.874	-19.865
109.558	52.165	-19.863
109.399	51.935	-18.437
108.981	52.24	-18.402
109.684	51.737	-20.751
109.457	52.129	-20.545
108.756	52.591	-20.442
109.67	51.939	-21.306
108.743	52.777	-20.954
109.441	52.367	-21.202
109.52	53.152	-21.821
108.805	53.387	-21.434
109.102	53.499	-21.598
108.568	54.459	-21.242
108.358	54.19	-21.137
108.478	55.037	-21.128
109.765	54.643	-21.826
109.766	55.234	-21.756
110.234	54.383	-22.066
110.984	54.759	-21.967
110.516	55.611	-21.657
111.543	55.611	-21.694
111.543	55.615	-21.694
110.516	55.615	-21.657
111.011	55.897	-21.579
110.769	56.315	-21.549
110.273	56.033	-21.626
110.58	57.674	-22.077
110.443	57.695	-22.092
110.136	56.054	-21.641
110.239	57.802	-22.23
109.423	57.983	-22.015
109.087	56.287	-21.365
108.218	58.001	-21.521
109.299	58.504	-22.335
108.094	58.521	-21.841
108.225	58.742	-21.917
109.421	59.073	-22.468
108.382	59.474	-22.088
109.392	59.33	-22.398
109.652	60.454	-22.072
108.643	60.598	-21.762
110.051	60.914	-22.127
110.049	60.953	-22.103
108.64	60.644	-21.733
108.507	60.861	-21.651
107.356	60.992	-21.24
107.16	60.813	-21.205
105.765	61.171	-20.779
107.634	61.457	-20.534
106.067	61.676	-20.012
107.518	61.411	-20.298
107.634	61.205	-19.136
106.165	61.502	-19.031
107.274	60.966	-18.697
107.181	60.9	-18.492
106.071	61.437	-18.826
107.346	60.926	-17.519
106.892	60.763	-17.128
105.578	61.259	-18.401
105.882	60.749	-18.034
106.755	60.615	-16.965
105.714	60.568	-17.834
106.594	60.448	-16.594
108.748	60.151	-16.796
108.758	59.944	-16.411
109.938	60.056	-17.769
110.055	59.655	-17.69
108.857	59.606	-16.344
109.082	59.059	-16.472
109.039	58.983	-16.161
108.82	59.541	-16.081
110.364	58.234	-15.85
110.322	58.208	-15.714
108.778	59.516	-15.945
109.142	58.577	-15.491
108.93	58.684	-15.131
108.598	59.606	-15.642
109.018	58.58	-14.901
108.657	58.652	-14.583
108.206	59.685	-15.295
108.466	58.777	-14.721
109.018	57.334	-14.002
108.93	57.083	-13.975
110.426	55.717	-13.019
109.838	55.22	-12.81
108.342	56.585	-13.766
109.675	55.057	-12.786
109.496	54.883	-12.803
108.112	56.363	-13.788
108.113	54.326	-12.613
107.653	54.325	-12.597
107.566	56.362	-13.769
106.957	56.329	-13.716
107.465	54.276	-12.569
106.769	56.28	-13.687
106.154	54.669	-13.008
109.611	54.743	-12.42
108.238	54.174	-12.197
109.639	54.646	-10.838
109.26	54.106	-10.233
107.826	53.587	-11.541
108.674	53.897	-9.064
108.512	53.189	-10.94
108.885	53.325	-9.851
108.516	53.625	-8.976
107.668	53.314	-11.453
107.47	52.251	-10.42
107.0	52.177	-10.575
107.158	53.234	-11.622
105.917	52.659	-11.498
105.889	52.713	-11.531
107.127	53.293	-11.658
105.926	52.922	-11.694
106.969	52.158	-10.548
105.885	52.639	-11.471
106.644	52.067	-10.665
105.929	51.589	-10.414
105.288	52.24	-11.261
105.639	51.381	-10.426
106.071	49.283	-10.284
105.758	49.452	-10.317
106.243	48.8	-10.557
106.23	48.796	-10.572
105.748	49.449	-10.329
105.98	48.389	-10.899
107.451	47.927	-10.664
107.115	47.581	-10.985
107.442	47.15	-11.214
106.736	46.842	-11.534
106.459	47.294	-11.283
105.934	46.184	-11.83
107.513	46.091	-11.974
106.711	45.433	-12.269
108.886	45.2	-11.496
108.924	44.987	-11.655
106.761	45.16	-12.474
107.833	45.123	-12.747
107.452	44.274	-14.126
106.38	44.312	-13.852
106.186	44.119	-14.399
104.775	44.237	-14.279
104.71	44.451	-13.71
104.232	44.276	-14.585
105.487	43.883	-15.162
105.075	43.856	-15.63
105.319	43.706	-16.21
105.693	43.9	-15.194
105.562	43.726	-16.248
106.618	42.667	-16.811
105.987	42.454	-17.836
104.816	43.474	-17.461
104.61	43.506	-17.628
104.414	44.229	-18.689
104.564	44.404	-18.824
105.492	44.208	-19.79
105.837	45.7	-19.988
104.973	46.17	-19.059
104.975	46.427	-18.982
104.679	43.809	-18.408
105.78	43.751	-19.485
105.901	43.449	-18.868
105.955	43.396	-18.905
105.828	43.704	-19.518
106.111	42.736	-18.716
107.613	42.644	-19.358
107.33	43.611	-20.16
107.652	43.292	-19.631
107.268	46.106	-18.672
106.99	46.102	-19.311
106.338	46.646	-18.258
107.481	46.155	-18.27
106.56	46.697	-17.837
107.625	48.697	-17.236
107.541	48.116	-16.885
107.436	46.398	-17.498
107.993	46.004	-17.935
108.043	48.574	-16.963
108.404	46.827	-16.305
108.536	43.784	-17.039
108.972	44.501	-15.366
108.772	44.438	-15.464
107.789	44.202	-15.046
107.708	44.199	-14.83
107.327	42.824	-16.611
107.216	42.857	-16.613
107.577	44.238	-14.832
106.292	44.089	-14.996
108.667	44.349	-15.409
108.281	42.983	-17.005
108.406	43.675	-16.972
105.907	43.409	-18.82
106.068	42.747	-18.64
104.684	43.775	-18.369
109.575	44.436	-12.235
108.67	44.414	-13.492
109.888	44.292	-12.328
110.492	44.352	-12.93
109.319	44.478	-14.139
110.822	44.308	-13.058
111.232	44.716	-13.495
109.847	45.002	-14.701
110.253	45.388	-14.586
111.857	45.737	-13.294
110.999	46.609	-14.347
111.729	46.06	-13.213
111.738	46.203	-13.15
111.009	46.751	-14.284
112.047	46.625	-12.896
112.04	46.803	-12.875
111.002	46.916	-14.265
111.652	48.096	-13.608
111.354	48.631	-14.217
110.674	47.505	-14.934
111.965	49.658	-15.501
111.956	49.66	-15.518
110.662	47.506	-14.954
110.909	49.313	-15.758
112.049	50.156	-16.443
111.01	49.852	-16.763
112.381	50.236	-16.549
112.116	49.659	-15.43
112.461	49.643	-15.337
111.518	48.632	-14.139
112.027	48.694	-13.666
113.02	49.712	-14.816
113.799	49.307	-13.429
114.339	49.458	-13.675
113.614	49.879	-15.086
113.898	49.974	-15.281
114.019	51.702	-16.458
113.759	51.945	-16.494
114.853	52.822	-16.106
114.764	52.935	-16.114
113.67	52.058	-16.501
114.164	52.947	-16.128
113.987	53.064	-16.175
113.506	52.166	-16.545
113.519	52.707	-16.327
113.311	52.742	-16.411
113.313	52.2	-16.623
113.047	53.502	-18.973
112.506	52.444	-17.316
112.398	52.974	-18.273
112.756	52.859	-19.297
113.023	51.557	-16.947
112.296	52.471	-19.302
112.886	52.722	-19.608
112.436	52.324	-19.636
113.173	52.712	-19.82
113.205	52.517	-20.526
112.476	52.073	-20.544
112.235	51.69	-20.75
113.174	52.766	-21.211
112.202	51.961	-21.494
112.437	52.393	-21.424
113.097	53.337	-21.612
112.338	53.126	-21.941
112.795	53.468	-21.75
112.14	54.635	-21.914
111.633	54.382	-22.117
112.192	55.233	-21.844
113.381	54.359	-21.463
113.528	54.936	-21.359
113.588	54.082	-21.372
113.989	54.025	-20.83
114.044	54.863	-20.662
114.338	55.21	-20.461
113.856	56.376	-20.941
113.474	56.242	-21.231
113.236	57.482	-21.474
112.262	57.347	-21.867
112.222	56.068	-21.736
111.997	57.372	-21.891
111.521	57.296	-21.837
111.746	55.992	-21.682
111.214	56.274	-21.568
111.304	57.361	-21.834
110.998	56.34	-21.565
110.809	57.7	-22.093
112.564	59.152	-21.906
112.068	59.49	-22.165
112.092	60.1	-22.205
112.904	59.487	-21.485
112.38	60.383	-21.849
112.606	60.553	-21.516
111.028	61.695	-20.372
110.667	61.623	-20.607
109.984	61.363	-19.768
109.616	61.334	-20.098
110.356	61.599	-20.886
109.004	61.409	-20.294
108.898	61.404	-20.545
110.267	61.595	-21.099
108.708	61.452	-20.727
109.104	61.008	-18.619
108.492	61.083	-18.814
108.099	60.892	-17.457
107.617	60.951	-17.562
107.873	61.158	-18.949
107.476	60.926	-18.539
109.146	61.0	-18.583
108.132	60.886	-17.429
109.396	61.071	-18.519
109.968	60.505	-17.952
108.703	60.32	-16.862
109.881	60.272	-17.854
110.394	60.432	-18.032
110.43	60.178	-17.957
111.67	60.069	-17.833
111.643	59.587	-17.691
110.395	59.558	-17.775
110.687	58.216	-16.184
110.435	58.241	-16.112
110.096	59.588	-17.69
109.123	58.992	-16.472
112.482	59.069	-17.657
111.599	57.654	-16.147
112.102	57.924	-17.479
112.303	56.992	-17.622
111.817	56.641	-16.302
112.113	55.473	-16.766
112.127	55.427	-16.642
111.832	56.591	-16.168
113.353	55.485	-15.098
113.356	55.988	-14.616
111.833	57.016	-15.761
113.941	56.796	-14.207
113.864	57.031	-14.073
111.768	57.214	-15.648
113.723	57.21	-13.933
111.984	56.864	-14.716
112.826	56.875	-14.004
113.103	57.327	-13.204
111.095	57.341	-14.855
111.987	56.418	-13.327
111.239	56.148	-13.075
110.416	57.096	-14.626
110.119	56.728	-14.488
110.113	56.733	-14.489
110.411	57.1	-14.627
109.265	57.476	-14.181
109.205	58.444	-14.996
110.346	58.152	-15.513
109.17	58.51	-15.253
110.102	56.716	-14.479
109.256	57.463	-14.173
111.223	56.137	-13.067
109.763	56.565	-14.285
110.437	56.074	-13.93
111.165	56.094	-13.015
109.208	57.427	-14.13
110.67	55.837	-13.184
111.113	55.767	-12.185
110.614	55.486	-12.29
110.596	55.448	-10.706
110.019	55.06	-10.722
110.036	55.098	-12.306
109.859	54.864	-10.811
109.778	54.791	-10.831
109.933	55.003	-12.332
109.749	54.888	-12.414
109.288	54.296	-9.923
109.29	54.27	-10.19
108.707	54.076	-9.017
109.712	55.118	-9.351
109.065	54.77	-8.533
109.964	55.757	-8.62
109.879	55.857	-8.003
108.993	54.855	-8.011
109.904	56.052	-7.821
110.078	55.817	-7.008
109.182	54.599	-7.129
110.103	55.555	-6.958
110.11	55.545	-6.944
109.189	54.591	-7.117
110.048	54.818	-6.133
109.982	54.718	-6.052
109.123	54.491	-7.036
109.042	54.214	-6.708
108.296	52.705	-7.674
108.312	52.853	-8.085
107.82	51.245	-7.237
107.841	51.216	-7.28
108.33	52.828	-8.121
107.298	51.518	-9.633
107.776	51.159	-7.273
107.247	51.474	-9.627
106.977	51.25	-9.564
107.265	50.179	-7.152
106.502	50.338	-9.452
106.807	49.056	-7.491
106.671	48.157	-8.003
106.34	49.265	-10.064
106.532	48.78	-10.321
107.038	47.704	-8.125
107.003	48.196	-10.478
107.278	47.338	-8.141
107.687	47.144	-8.252
107.488	47.966	-10.609
108.316	47.734	-8.948
108.383	47.703	-8.985
107.554	47.935	-10.646
109.005	46.937	-9.935
109.005	46.927	-9.949
107.554	47.924	-10.662
107.545	47.147	-11.211
109.157	46.407	-10.205
107.709	46.588	-11.487
109.038	45.586	-11.117
109.518	45.953	-9.883
109.339	45.206	-10.848
109.574	44.451	-8.7
109.789	43.736	-9.009
109.506	44.65	-11.088
109.967	43.613	-9.166
110.046	43.513	-9.239
109.585	44.55	-11.16
109.9	44.429	-11.044
111.27	43.217	-9.4
111.363	44.075	-11.237
112.743	42.842	-9.554
113.464	43.202	-9.881
112.085	44.435	-11.565
113.997	43.157	-10.116
112.524	44.505	-10.524
113.221	44.049	-9.976
114.004	43.164	-10.12
112.091	44.441	-11.568
113.194	44.916	-11.526
113.197	44.913	-11.551
112.094	44.438	-11.598
112.163	44.38	-11.944
112.984	46.275	-12.84
111.95	45.741	-13.233
112.747	46.538	-12.8
112.734	46.55	-12.8
111.94	45.752	-13.233
111.828	46.077	-13.139
112.69	46.635	-12.798
111.783	46.162	-13.137
112.096	46.581	-12.882
112.67	46.859	-12.777
112.074	46.822	-12.86
111.681	48.112	-13.596
113.087	47.303	-12.623
112.06	48.516	-13.455
113.833	49.128	-13.219
113.54	47.154	-12.528
114.245	48.994	-13.132
113.912	47.566	-12.314
114.517	47.575	-12.091
114.757	49.001	-12.944
114.996	47.588	-11.919
115.702	48.517	-10.801
115.463	49.931	-11.826
115.407	50.242	-11.403
115.536	50.471	-11.572
115.571	50.125	-11.969
115.788	50.941	-11.277
115.832	51.59	-12.199
115.608	50.673	-12.748
116.105	52.093	-13.679
115.538	51.573	-14.694
115.092	50.201	-13.67
114.592	50.658	-15.277
115.87	51.647	-12.172
116.141	52.145	-13.655
116.438	52.517	-13.335
116.472	52.524	-13.375
116.173	52.151	-13.692
118.323	52.034	-12.541
118.654	52.208	-13.122
116.537	52.342	-14.33
116.864	52.729	-14.062
115.064	54.566	-15.765
114.863	54.05	-15.913
114.271	54.146	-15.913
114.687	55.151	-15.404
113.894	54.731	-15.552
113.768	55.207	-15.223
113.56	55.179	-15.262
113.686	54.703	-15.591
112.287	55.189	-16.77
112.293	55.179	-16.78
113.693	54.691	-15.604
113.08	55.606	-18.025
113.252	54.149	-18.619
113.865	53.234	-16.198
113.396	52.877	-16.349
113.175	54.044	-18.673
113.319	52.773	-16.403
113.054	53.53	-18.966
112.401	53.261	-17.416
112.373	53.361	-17.762
113.625	54.133	-19.058
113.472	53.613	-19.324
113.663	53.458	-19.583
114.076	54.509	-19.658
114.014	53.75	-20.049
114.365	54.911	-19.613
113.096	56.183	-18.197
113.537	56.326	-18.379
112.494	57.147	-17.77
112.656	57.545	-18.012
113.713	56.758	-18.642
112.763	57.603	-18.25
112.795	57.668	-18.316
113.74	56.813	-18.697
113.315	58.598	-18.585
113.842	58.784	-19.555
114.266	56.999	-19.666
113.734	58.283	-19.876
113.589	57.983	-20.908
114.144	56.746	-20.538
113.5	57.822	-21.103
113.384	59.913	-20.485
113.192	59.619	-20.978
112.829	60.656	-21.121
112.669	60.706	-19.121
112.171	61.387	-19.865
112.466	60.682	-18.734
111.964	60.673	-18.609
111.669	61.378	-19.74
110.688	61.037	-18.808
110.189	61.325	-19.228
111.17	61.666	-20.159
110.166	61.326	-19.494
113.237	58.693	-18.457
112.988	58.828	-18.123
112.608	57.683	-17.945
113.266	58.649	-18.507
112.635	57.643	-17.991
112.736	57.729	-18.223
112.86	55.973	-18.023
112.31	56.984	-17.634
112.121	55.465	-16.778
114.793	55.67	-15.023
113.874	55.726	-14.842
114.46	56.534	-14.432
116.051	55.969	-14.751
115.718	56.833	-14.161
116.27	56.964	-13.958
116.018	58.018	-13.002
115.418	58.081	-13.029
116.238	58.325	-12.509
115.626	58.475	-11.615
114.806	58.231	-12.135
114.359	58.477	-11.151
113.553	58.302	-11.404
113.853	58.024	-12.435
113.714	57.982	-12.659
112.909	57.689	-11.355
113.121	57.418	-12.615
113.09	57.298	-12.377
113.023	57.184	-12.455
113.068	57.329	-12.675
111.945	56.42	-12.695
113.015	57.156	-12.334
111.937	56.395	-12.583
112.845	57.569	-11.319
112.589	57.288	-10.859
111.655	56.085	-12.077
111.48	56.146	-10.307
111.148	55.954	-10.329
111.29	55.873	-12.101
110.786	55.562	-10.617
110.787	56.005	-9.821
110.36	55.622	-10.016
110.612	56.261	-9.285
111.44	56.387	-9.889
111.384	56.713	-9.366
112.549	57.529	-10.442
112.744	57.886	-9.992
111.615	57.136	-8.833
112.164	57.424	-8.674
111.959	56.334	-5.989
111.409	56.046	-6.148
111.145	55.241	-5.461
110.447	55.141	-5.767
110.583	55.928	-6.511
110.451	56.107	-6.66
110.059	54.833	-6.118
110.094	55.823	-6.983
110.123	55.564	-6.926
112.264	56.191	-5.794
111.403	55.12	-5.295
112.497	56.188	-5.661
112.675	56.045	-5.553
111.597	54.964	-5.178
111.805	54.572	-4.573
110.881	54.43	-4.434
110.779	54.838	-5.055
110.801	54.324	-3.745
110.576	54.225	-3.78
110.555	54.739	-5.09
110.627	54.317	-4.474
110.006	53.811	-4.819
110.006	54.29	-5.395
108.818	53.131	-4.903
108.717	53.141	-5.12
109.896	54.3	-5.631
108.963	53.829	-6.321
107.933	52.394	-5.708
108.179	53.083	-6.909
107.913	52.187	-5.878
107.901	52.102	-5.956
108.169	53.016	-6.97
107.657	51.645	-6.332
107.507	51.624	-5.121
107.264	51.167	-5.497
107.091	50.967	-5.54
106.917	50.159	-6.516
107.041	50.128	-6.752
106.633	49.016	-7.18
107.005	49.522	-5.457
106.721	48.379	-6.12
107.154	49.309	-5.39
107.182	49.272	-5.359
106.743	48.35	-6.096
107.371	48.396	-4.708
107.369	47.934	-4.698
106.741	47.925	-6.087
106.956	47.578	-5.928
107.43	47.685	-4.646
107.016	47.329	-5.876
107.226	46.3	-4.975
107.248	45.452	-5.875
107.039	46.408	-6.854
107.288	45.19	-5.912
107.443	45.077	-6.106
107.17	46.312	-7.017
107.65	44.633	-6.53
108.343	44.65	-7.331
107.755	46.327	-7.694
108.789	44.876	-7.703
109.021	45.042	-7.921
107.988	46.494	-7.913
108.564	46.52	-8.081
108.493	46.727	-8.255
107.928	46.669	-8.06
109.208	46.444	-9.689
109.017	46.895	-9.893
107.755	47.079	-8.245
108.396	47.657	-8.94
108.644	46.537	-8.144
109.348	46.267	-9.586
109.089	45.057	-7.975
109.168	44.902	-8.078
109.435	46.096	-9.699
109.485	44.606	-8.502
108.923	44.436	-7.867
109.196	44.055	-8.252
108.502	44.13	-7.525
108.609	43.115	-7.317
109.303	43.04	-8.045
109.22	41.998	-7.7
109.922	41.665	-8.286
110.133	42.645	-8.738
110.235	42.764	-8.955
110.491	41.485	-8.337
110.759	42.598	-9.002
110.808	42.432	-8.798
111.316	42.607	-8.945
111.154	42.734	-9.117
112.605	42.265	-9.215
111.305	42.35	-8.687
112.595	42.026	-8.974
111.359	41.842	-8.281
111.52	41.55	-8.08
112.744	41.754	-8.787
111.047	41.169	-8.073
111.136	41.052	-7.955
112.842	41.626	-8.657
111.625	41.412	-7.94
111.869	41.204	-7.599
113.069	41.432	-8.34
112.843	39.817	-7.021
112.924	39.783	-7.049
113.158	41.394	-8.371
113.945	40.555	-8.817
114.138	41.123	-9.865
113.389	42.074	-9.623
113.916	41.944	-9.839
114.146	41.126	-9.874
113.927	41.947	-9.851
114.227	41.46	-9.969
116.526	42.428	-10.119
116.4	42.988	-10.012
116.743	43.435	-9.824
115.841	44.305	-9.929
115.43	43.924	-10.125
115.709	44.888	-9.856
115.649	44.906	-9.854
115.369	43.941	-10.124
114.693	45.933	-10.921
114.679	45.925	-10.929
115.355	43.933	-10.131
114.245	45.514	-11.535
114.751	46.042	-11.066
114.3	45.605	-11.642
115.193	46.293	-11.053
115.029	47.112	-11.853
114.15	46.359	-12.377
114.557	47.011	-12.012
114.09	47.377	-12.273
113.787	46.644	-12.58
113.706	46.979	-12.489
114.774	46.0	-10.928
115.212	46.257	-10.937
115.729	44.973	-9.862
116.781	46.026	-9.293
116.101	47.147	-10.456
117.091	46.292	-9.008
116.488	47.223	-8.047
115.498	48.077	-9.495
114.814	48.907	-8.433
114.727	49.513	-8.992
115.419	48.628	-10.003
115.325	50.842	-10.162
115.622	50.781	-10.881
115.67	48.576	-10.61
115.37	50.312	-11.177
114.229	50.427	-8.152
114.789	51.824	-9.258
115.814	52.898	-7.898
116.9	53.181	-8.801
116.074	52.159	-10.326
116.181	52.235	-10.517
116.227	51.814	-10.905
116.133	51.618	-10.825
118.516	52.005	-11.37
118.304	52.038	-12.496
115.882	51.657	-12.159
116.449	52.528	-13.322
116.236	52.352	-10.605
118.525	52.589	-11.043
116.959	53.308	-8.896
118.454	53.226	-10.774
117.362	53.727	-9.277
117.206	53.334	-8.725
118.772	52.616	-10.872
118.764	53.252	-10.611
119.479	53.144	-10.445
119.404	52.52	-10.726
119.915	53.435	-9.987
121.213	53.42	-10.865
120.701	52.505	-11.605
120.944	53.127	-11.438
119.13	53.66	-13.522
119.096	52.977	-13.448
117.387	53.64	-14.449
119.182	54.092	-13.625
117.442	54.092	-14.557
117.53	54.241	-14.405
117.306	55.221	-14.272
117.154	55.351	-14.387
118.253	56.247	-13.287
118.08	56.459	-13.287
116.981	55.563	-14.387
117.057	56.621	-13.65
118.036	57.442	-12.954
117.019	57.451	-13.369
117.424	57.655	-12.943
118.094	57.434	-9.622
117.482	57.647	-9.611
116.949	57.316	-8.723
116.375	57.742	-8.854
116.803	58.151	-9.766
116.784	58.367	-9.923
116.008	58.719	-10.935
115.806	58.604	-11.067
114.51	58.586	-10.687
116.023	58.724	-10.845
114.526	58.591	-10.589
114.707	58.614	-10.192
113.523	58.346	-9.413
113.24	58.301	-9.743
112.844	57.995	-8.403
112.444	57.682	-8.583
112.805	57.961	-9.939
112.238	57.514	-8.612
113.739	57.936	-7.821
113.903	57.84	-7.633
114.418	58.288	-8.831
114.723	58.108	-8.783
114.296	57.61	-7.57
115.567	57.581	-8.324
115.613	57.541	-8.245
114.351	57.562	-7.477
115.469	57.246	-7.565
115.472	57.237	-7.503
114.353	57.553	-7.412
115.528	57.299	-6.809
114.965	56.844	-5.599
113.686	57.014	-5.979
113.603	56.829	-5.805
114.892	55.609	-5.335
113.536	55.692	-5.562
113.456	53.923	-4.783
113.242	53.962	-4.72
113.338	55.727	-5.505
112.618	54.182	-4.514
113.297	53.596	-4.27
112.681	53.769	-4.005
112.394	53.74	-3.366
113.179	52.0	-4.134
112.277	52.144	-3.23
112.548	51.966	-3.852
112.052	51.551	-3.911
111.838	51.776	-3.282
111.62	49.266	-3.193
110.865	49.35	-2.678
111.082	51.86	-2.767
110.14	50.761	-3.178
109.451	51.281	-3.07
110.335	52.425	-2.649
109.415	51.536	-3.141
109.071	53.055	-4.547
110.044	53.708	-3.836
110.025	53.733	-4.537
109.069	53.057	-4.556
110.024	53.735	-4.545
108.832	53.07	-4.68
108.797	50.414	-3.332
108.574	50.421	-3.479
108.671	48.688	-2.813
108.599	48.663	-2.866
108.498	50.395	-3.535
108.277	48.958	-3.485
107.839	48.991	-3.861
107.98	50.434	-3.98
107.736	49.977	-4.356
107.304	50.647	-4.891
107.547	51.104	-4.515
107.122	50.563	-5.069
108.116	48.157	-2.903
107.85	48.51	-3.517
108.002	47.883	-2.265
107.754	47.372	-2.491
107.601	48.0	-3.742
107.836	47.58	-3.158
107.787	47.149	-3.476
107.559	47.618	-4.024
107.414	46.203	-4.018
107.276	46.232	-4.56
107.442	47.643	-4.482
107.238	46.262	-4.823
107.808	47.042	-3.302
107.435	46.091	-3.836
107.729	46.897	-2.618
107.964	46.054	-2.034
107.713	45.093	-3.144
107.776	44.844	-3.067
108.012	43.613	-3.664
108.017	43.51	-3.911
108.823	42.087	-3.143
108.823	42.071	-3.173
108.018	43.493	-3.943
108.733	42.192	-3.911
108.671	42.151	-4.087
107.945	43.445	-4.151
108.152	43.001	-4.575
107.639	43.302	-5.141
107.432	43.746	-4.717
107.59	43.172	-5.37
107.408	43.624	-5.932
107.198	44.327	-5.439
107.405	43.882	-5.864
108.149	42.796	-6.751
108.357	42.818	-6.917
109.007	41.748	-7.362
108.111	42.692	-6.624
108.966	41.634	-7.224
108.824	41.461	-6.848
109.839	40.187	-6.746
110.069	40.251	-7.113
110.32	39.315	-5.989
110.562	39.299	-6.053
110.331	40.234	-7.182
110.763	39.122	-6.044
110.912	39.136	-6.088
110.457	40.246	-7.22
111.434	38.811	-6.272
111.922	39.002	-6.512
110.869	40.408	-7.422
112.37	39.349	-6.776
112.763	39.768	-7.003
111.262	40.827	-7.649
111.774	41.146	-7.578
112.687	38.255	-6.53
113.017	38.718	-6.791
113.579	38.524	-6.914
113.679	39.402	-7.268
113.101	39.459	-7.091
114.108	40.256	-8.856
114.591	38.831	-7.412
114.817	39.813	-8.967
114.842	38.738	-7.413
115.472	38.795	-7.383
115.447	39.87	-8.937
115.782	39.96	-8.85
115.699	38.852	-7.286
116.052	40.027	-8.734
116.95	39.458	-7.41
117.476	39.705	-7.661
116.579	40.273	-8.985
116.88	40.444	-9.072
116.903	42.216	-9.983
116.606	42.391	-10.075
117.149	43.359	-9.647
117.136	43.369	-9.652
116.59	42.403	-10.081
116.807	43.41	-9.786
117.387	44.211	-9.399
117.108	44.417	-9.484
117.072	45.009	-9.376
117.751	44.279	-8.939
117.539	45.097	-8.785
117.731	45.507	-8.579
117.934	44.126	-8.442
117.931	45.341	-8.039
118.658	44.123	-7.16
118.807	44.561	-6.713
118.057	45.711	-7.662
118.785	44.962	-6.419
117.394	45.635	-5.199
116.666	46.384	-6.441
116.278	46.134	-6.254
115.988	46.495	-6.484
116.421	46.688	-6.636
115.006	46.997	-6.226
114.906	47.552	-7.113
116.33	47.193	-7.442
114.64	48.875	-7.767
114.218	47.788	-6.357
113.952	49.11	-7.011
113.536	49.255	-6.655
113.653	50.265	-7.047
114.061	50.048	-7.376
113.889	51.806	-5.83
113.797	52.26	-6.341
113.96	50.548	-7.938
113.548	52.735	-7.361
113.549	52.738	-7.369
113.962	50.552	-7.949
114.168	52.335	-8.749
114.375	52.245	-8.893
114.154	50.468	-8.083
115.746	52.935	-7.836
114.094	50.641	-8.339
115.602	52.956	-8.084
114.2	52.373	-8.745
115.599	53.044	-7.711
113.574	52.768	-7.367
113.576	52.769	-7.352
115.601	53.046	-7.695
113.828	52.297	-6.332
114.337	53.01	-5.279
116.11	53.759	-6.643
115.773	54.696	-5.832
117.041	55.486	-6.217
117.378	54.548	-7.028
117.181	55.189	-6.834
117.478	55.482	-7.87
117.641	54.808	-7.945
118.738	56.03	-9.319
118.803	55.873	-9.408
117.711	54.637	-8.042
119.788	54.834	-9.45
119.614	53.734	-9.861
117.536	53.537	-8.453
119.137	53.481	-10.304
119.611	56.73	-9.935
120.666	55.764	-10.022
119.74	56.751	-10.168
120.076	56.656	-11.671
120.95	55.684	-11.292
120.648	55.685	-11.92
119.841	56.666	-12.289
120.423	55.694	-12.509
119.75	56.88	-12.421
119.29	56.707	-12.936
119.858	55.481	-13.142
119.249	56.442	-12.952
118.469	55.983	-13.233
119.114	55.042	-13.411
117.474	55.015	-14.23
118.409	57.117	-9.426
118.194	57.25	-9.515
117.033	57.16	-8.632
118.483	56.85	-9.288
117.114	56.87	-8.482
117.165	56.488	-7.832
116.339	57.123	-7.5
116.382	57.432	-8.188
116.295	57.197	-6.807
115.729	57.312	-6.823
115.816	57.546	-8.204
115.699	57.252	-7.519
112.563	49.747	-6.021
112.968	51.369	-4.963
111.837	50.756	-5.101
111.833	50.761	-5.085
112.963	51.373	-4.947
112.304	51.257	-4.77
111.79	50.754	-5.012
112.256	51.25	-4.687
111.801	49.0	-3.881
111.791	50.708	-5.084
111.802	48.953	-3.953
112.508	49.69	-6.0
112.749	48.968	-6.154
112.005	48.343	-4.083
113.486	47.521	-5.892
113.621	47.116	-5.59
112.128	47.976	-3.808
113.084	47.005	-5.442
112.615	45.973	-5.034
111.732	47.104	-3.464
111.287	45.985	-3.949
111.179	45.913	-3.683
111.624	47.032	-3.198
111.177	46.495	-3.212
110.743	47.002	-2.134
111.24	47.48	-2.244
110.327	46.861	-1.585
109.37	48.22	-1.633
110.284	48.839	-2.293
109.662	48.537	-2.189
109.514	48.774	-2.47
110.153	49.049	-2.542
109.484	50.484	-3.053
110.649	46.425	-2.314
110.244	46.35	-1.744
111.364	44.308	-1.855
110.019	43.57	-1.843
108.899	45.612	-1.731
108.637	44.437	-2.789
109.956	43.442	-1.868
108.579	44.32	-2.812
109.517	42.955	-2.097
110.108	43.155	-1.473
109.689	42.63	-1.65
109.401	42.104	-1.299
108.67	41.051	-2.77
108.863	41.44	-3.313
108.768	41.633	-4.036
108.9	40.586	-2.966
108.998	41.168	-4.232
109.377	39.933	-4.086
109.406	39.899	-4.575
109.022	41.14	-4.645
109.026	40.776	-5.668
108.781	41.254	-5.852
108.756	41.659	-4.845
108.067	42.485	-5.628
107.991	42.602	-5.439
108.673	41.787	-4.641
108.155	42.569	-5.23
109.534	39.452	-5.021
109.125	40.428	-6.015
109.606	39.556	-5.258
109.105	39.832	-2.359
109.62	39.04	-3.367
109.733	38.885	-3.181
110.78	37.985	-3.101
110.967	37.883	-3.264
112.059	37.176	-2.615
112.097	37.101	-2.757
111.011	37.794	-3.432
111.534	37.468	-3.617
112.6	36.672	-3.202
112.13	36.961	-4.143
112.067	36.887	-4.393
112.695	36.985	-5.44
112.938	37.087	-5.49
114.174	36.552	-5.298
114.388	36.867	-5.661
113.19	37.46	-5.92
114.082	37.73	-6.304
115.283	36.95	-5.855
115.142	37.828	-6.533
115.271	37.958	-6.729
115.911	37.175	-5.627
115.848	38.165	-6.52
115.885	38.095	-6.263
116.043	38.254	-6.264
115.971	38.289	-6.52
117.275	38.786	-6.494
116.093	38.217	-6.084
117.322	38.751	-6.327
116.087	37.279	-5.475
116.311	37.268	-5.16
117.57	38.739	-5.98
116.458	37.859	-5.164
116.56	37.89	-4.994
117.664	38.767	-5.822
117.963	37.263	-4.063
118.255	37.324	-4.058
117.985	38.835	-5.816
118.708	37.724	-4.102
118.813	37.756	-4.126
118.083	38.864	-5.839
119.177	38.654	-6.329
118.868	39.245	-7.78
117.713	39.57	-7.572
118.225	39.786	-7.756
118.093	39.989	-7.873
117.59	39.758	-7.682
116.975	40.489	-9.089
118.338	40.158	-8.04
117.166	40.62	-9.218
118.852	39.915	-8.127
119.328	40.832	-8.355
117.564	41.387	-9.409
118.85	41.144	-8.285
118.829	41.778	-8.164
117.548	41.88	-9.315
117.794	43.024	-8.979
119.09	42.196	-7.9
117.997	43.349	-8.774
119.128	42.735	-7.662
119.135	43.459	-7.317
118.003	43.954	-8.485
118.746	43.902	-7.215
119.346	43.588	-7.115
118.973	44.041	-6.998
119.688	43.583	-7.013
119.951	43.839	-6.466
119.312	44.371	-6.294
119.211	44.802	-6.065
120.176	43.632	-5.635
119.456	44.577	-5.163
119.601	44.104	-5.226
119.455	44.038	-4.714
119.332	44.521	-4.73
119.291	44.254	-3.645
117.9	45.119	-3.376
117.822	45.461	-4.437
117.629	45.113	-3.144
116.86	44.796	-3.369
117.123	45.173	-4.643
115.756	44.598	-4.367
115.649	44.697	-4.712
117.026	45.264	-4.956
115.842	45.694	-5.967
115.613	44.703	-4.713
115.803	45.7	-5.968
115.208	45.776	-5.85
115.22	46.06	-5.971
115.815	45.985	-6.089
114.845	46.524	-5.859
114.922	45.78	-5.741
114.568	46.263	-5.645
115.347	44.707	-4.612
114.736	44.534	-4.412
113.957	46.09	-5.446
113.445	45.901	-5.287
114.237	44.139	-4.274
112.908	45.476	-5.138
112.072	44.324	-4.226
111.835	44.541	-4.152
112.603	45.755	-5.043
111.276	45.801	-3.957
111.755	44.475	-3.965
111.189	45.729	-3.753
111.841	44.187	-2.72
111.753	44.274	-2.534
111.101	45.816	-3.568
111.089	46.386	-3.081
112.063	44.194	-4.057
112.176	43.882	-2.82
114.225	43.984	-4.072
114.55	43.666	-3.55
112.471	43.593	-2.345
114.155	43.263	-3.462
114.123	41.957	-2.989
112.444	42.49	-1.946
113.674	40.662	-2.308
113.461	40.469	-2.074
112.213	42.28	-1.691
113.594	40.095	-0.586
111.993	41.751	-1.701
113.079	40.031	-0.831
113.249	40.03	-0.283
111.868	42.215	-1.388
111.678	41.568	-1.555
111.22	41.66	-1.29
111.463	42.296	-1.154
110.756	41.245	-0.98
111.379	41.377	-1.409
110.897	40.995	-1.086
112.984	39.861	-0.155
112.477	38.786	-0.327
110.389	39.92	-1.258
112.354	38.282	-0.798
112.259	38.104	-1.038
110.306	39.763	-1.47
110.838	38.821	-2.363
112.213	37.496	-1.35
110.8	38.325	-2.617
112.081	37.546	-2.089
112.254	37.259	-1.378
112.118	37.336	-2.114
112.205	36.633	-1.081
113.24	35.652	-1.835
113.153	36.355	-2.869
113.851	35.969	-3.6
113.559	36.197	-4.018
112.836	36.603	-3.323
112.284	36.823	-4.503
113.953	36.32	-4.895
112.678	36.946	-5.38
114.156	36.51	-5.233
114.977	35.77	-4.386
115.268	35.912	-4.68
115.727	35.175	-3.576
116.418	35.514	-3.614
116.019	36.28	-4.722
116.652	35.631	-3.56
116.776	35.76	-3.558
116.123	36.389	-4.719
117.407	35.836	-3.506
117.502	35.969	-3.547
116.203	36.502	-4.754
117.769	36.471	-3.801
117.942	37.218	-4.061
116.376	37.249	-5.015
116.535	37.837	-4.992
118.776	35.796	-3.111
118.846	36.325	-3.433
119.407	36.541	-3.363
119.347	35.611	-2.226
119.978	36.356	-2.477
120.459	35.98	-1.553
121.162	36.651	-1.552
120.81	37.151	-2.475
120.884	37.299	-2.686
120.286	37.711	-3.779
120.041	37.681	-3.881
120.577	38.665	-4.454
120.36	38.722	-4.569
119.784	37.75	-4.016
119.932	38.649	-6.244
120.85	38.923	-4.709
120.383	38.834	-6.373
120.559	39.079	-6.182
118.749	39.572	-7.865
118.869	39.246	-7.781
118.227	39.789	-7.758
121.489	39.874	-4.69
121.262	40.126	-6.16
121.421	40.404	-6.318
120.492	41.726	-7.666
120.151	41.706	-7.771
120.007	42.782	-7.282
119.987	42.783	-7.29
120.127	41.707	-7.781
119.703	42.632	-7.446
119.691	42.63	-7.453
120.115	41.705	-7.788
119.697	42.083	-7.675
121.09	41.4	-6.016
120.606	42.456	-5.631
120.847	41.346	-4.206
120.819	41.476	-4.102
120.584	42.557	-5.55
120.555	42.013	-4.095
120.09	42.933	-3.824
120.195	43.327	-5.324
119.625	43.712	-4.826
119.98	43.059	-3.673
119.507	43.848	-4.663
119.332	44.106	-3.606
120.026	43.074	-3.327
119.37	44.119	-3.317
120.998	44.56	-1.863
120.629	45.363	-1.754
119.083	44.744	-3.232
120.281	45.711	-1.648
119.566	46.074	-1.348
118.424	45.078	-2.955
118.255	45.064	-2.64
118.971	45.801	-0.486
117.601	44.763	-1.693
117.251	44.734	-1.629
116.457	44.707	-2.828
116.652	44.731	-3.126
115.548	44.533	-4.124
115.866	43.795	-2.169
114.842	43.442	-3.336
114.469	43.023	-3.232
115.896	43.621	-2.075
114.507	42.798	-3.112
115.66	42.528	-1.746
115.309	41.68	-1.616
114.155	41.95	-2.982
113.699	40.656	-2.303
115.321	41.466	-1.346
113.709	40.49	-2.093
113.863	40.118	-0.607
115.341	41.489	-1.266
113.88	40.137	-0.539
115.374	41.649	-1.103
115.834	41.508	-0.327
114.379	39.983	0.304
115.932	41.307	-0.268
116.393	40.842	-0.028
114.768	39.59	0.507
116.546	40.285	0.016
116.577	40.224	0.043
114.794	39.539	0.53
116.698	39.274	1.808
116.281	37.703	2.103
114.378	37.968	0.824
114.501	37.358	0.503
114.273	37.296	0.543
114.176	37.913	0.859
113.991	36.666	0.619
112.495	36.995	0.063
112.679	38.242	0.304
112.582	37.667	-0.085
114.547	37.151	0.437
114.234	36.537	0.526
116.487	36.825	2.003
115.104	36.563	0.311
116.301	36.71	1.044
116.596	36.367	1.918
114.33	36.132	0.45
115.606	36.019	0.204
115.598	35.952	0.194
114.323	36.075	0.441
115.536	35.693	0.166
115.077	34.706	-0.83
113.825	35.002	-0.641
115.008	34.682	-1.087
114.5	35.34	-2.458
113.396	35.557	-1.799
113.994	35.882	-3.567
114.913	35.074	-2.813
114.316	35.675	-3.843
115.065	35.081	-3.033
116.204	34.809	-0.227
116.457	34.815	-0.312
117.419	35.084	0.763
117.577	35.017	0.642
116.644	34.735	-0.455
117.275	34.811	-0.403
118.442	34.99	0.465
118.299	34.779	-0.612
118.369	34.645	-0.832
119.088	34.975	-1.717
119.223	35.204	-1.75
120.354	35.636	-1.151
118.803	34.842	-0.974
120.044	35.492	-0.343
118.856	35.033	-0.794
118.817	35.051	-0.709
120.011	35.507	-0.271
118.88	35.22	0.383
119.179	35.447	0.999
120.31	35.734	0.344
120.082	35.908	1.748
120.626	36.119	1.81
120.854	35.945	0.407
121.147	36.211	0.594
121.632	37.414	-0.942
121.381	37.252	-1.261
121.069	37.862	-2.132
121.043	37.709	-2.226
121.359	37.123	-1.341
121.066	37.733	-2.492
121.069	38.327	-2.334
121.086	38.214	-2.575
121.446	39.21	-3.147
121.027	38.593	-2.078
121.411	39.435	-2.931
122.505	39.52	-0.616
122.694	40.344	-0.761
121.571	40.131	-3.053
121.369	40.37	-2.658
120.856	41.334	-4.205
121.137	40.946	-4.36
121.097	41.39	-6.015
122.658	40.643	-0.732
121.333	40.668	-2.629
122.275	41.159	-0.804
122.274	41.169	-0.806
121.332	40.679	-2.631
122.485	41.713	-0.955
122.254	42.464	-1.26
121.101	41.431	-2.936
121.795	42.771	-1.448
121.672	42.957	-1.558
120.978	41.617	-3.046
120.702	42.144	-3.113
121.329	43.613	-1.701
120.384	42.754	-3.246
121.383	44.215	-1.775
122.26	43.577	-1.322
122.314	44.178	-1.396
123.287	44.034	-1.075
123.418	44.791	-1.131
122.444	44.935	-1.452
122.948	45.143	-1.193
122.442	46.363	-0.926
121.901	46.247	-1.165
122.53	46.661	-0.751
122.195	46.973	-0.449
121.47	46.648	-0.777
120.991	46.796	-0.823
121.966	47.181	0.26
120.742	47.022	-0.052
120.58	48.976	1.435
119.231	48.785	1.441
119.602	46.861	-0.047
119.17	47.441	1.461
118.889	47.193	1.48
119.297	46.591	-0.026
118.837	46.86	1.365
118.477	45.9	1.397
118.97	45.719	0.003
118.311	45.612	1.525
118.372	45.197	1.527
119.037	45.269	0.005
118.729	43.795	0.176
118.717	43.788	0.096
119.027	45.263	-0.068
117.663	44.171	-1.232
117.623	44.286	-1.292
118.991	45.367	-0.122
117.27	44.335	-1.294
117.581	44.073	-1.195
117.234	44.157	-1.212
118.635	43.69	0.133
118.482	43.449	0.204
117.105	43.955	-1.153
117.216	42.959	-0.56
116.294	42.815	-0.804
116.389	43.844	-1.343
116.116	42.681	-0.744
115.689	42.518	-1.255
115.962	43.68	-1.854
115.746	42.605	-1.461
118.515	42.394	0.906
117.251	41.824	0.195
118.594	41.868	1.107
118.579	41.25	1.158
117.237	41.206	0.246
117.385	39.633	2.017
116.79	39.364	1.851
116.533	40.887	0.05
116.687	40.33	0.094
119.134	41.191	1.897
117.854	39.584	2.641
119.101	39.82	3.172
118.913	39.227	3.961
117.649	38.939	3.498
118.901	39.0	4.103
118.802	38.296	4.309
117.565	38.345	3.672
117.75	37.233	4.277
116.58	36.561	3.401
116.396	37.672	2.796
116.571	36.997	2.851
116.478	36.963	2.044
116.313	37.642	2.081
114.538	37.288	0.478
117.051	35.32	2.678
117.103	35.595	2.035
117.149	35.419	1.302
116.892	35.727	1.196
116.813	35.943	1.915
115.719	35.401	0.172
115.565	35.685	0.173
116.624	36.292	1.916
115.636	35.941	0.203
118.107	34.935	2.726
118.205	35.033	1.349
118.296	35.159	2.088
119.345	35.59	1.778
119.133	35.414	1.075
120.036	35.875	1.823
119.354	35.594	2.707
120.044	35.878	2.646
119.044	35.319	3.274
119.111	35.402	3.453
120.111	35.961	2.825
120.413	36.129	3.333
121.275	36.442	2.476
120.84	36.226	2.101
121.852	36.649	2.277
121.861	36.71	2.056
120.847	36.278	1.915
121.351	36.357	0.69
122.813	37.775	1.199
122.092	37.186	0.024
123.138	38.495	0.572
122.54	39.24	-0.474
121.627	37.765	-0.789
121.062	38.313	-1.936
123.446	37.994	1.778
123.771	38.714	1.151
124.558	38.769	1.934
124.999	39.44	1.538
124.294	39.509	0.682
124.291	39.616	0.436
123.604	40.637	-0.47
123.411	40.822	-0.483
123.239	41.881	-0.705
122.497	41.71	-0.951
122.668	40.651	-0.73
122.284	41.166	-0.802
123.872	40.74	-0.269
123.583	42.013	-0.446
124.063	42.284	-0.224
123.901	42.942	-0.576
123.409	42.721	-0.826
123.977	43.485	-0.766
123.294	44.015	-1.07
122.727	43.251	-1.13
122.267	43.558	-1.318
124.934	42.994	0.378
125.088	43.541	0.26
125.748	43.875	0.689
125.749	43.88	0.684
125.09	43.548	0.252
125.517	43.919	0.415
124.501	46.05	-0.346
123.997	45.84	-0.566
123.486	46.118	-0.669
124.49	46.133	-0.292
123.475	46.201	-0.615
123.394	46.526	-0.49
124.495	46.156	-0.276
123.399	46.546	-0.478
124.544	46.469	-0.113
124.3	47.156	0.798
123.154	47.233	0.433
123.622	49.122	1.922
123.45	49.199	1.875
123.011	47.298	0.394
122.933	49.37	1.673
121.832	49.347	1.536
122.154	47.279	0.288
121.362	48.993	1.668
121.253	48.943	1.666
122.063	47.238	0.286
120.706	49.049	1.468
121.29	49.078	1.641
120.745	49.194	1.442
121.754	49.438	1.508
121.585	50.174	1.375
120.576	49.929	1.308
120.495	50.525	1.219
118.397	50.288	1.546
118.478	49.692	1.634
117.94	50.692	1.538
117.597	50.559	1.948
118.109	49.549	2.076
117.925	49.116	2.262
118.558	48.476	1.872
118.857	48.791	1.613
118.88	47.446	1.595
118.107	48.229	2.21
118.465	47.219	1.907
118.329	46.89	1.875
117.8	48.008	3.007
117.992	46.647	2.751
117.409	46.594	3.942
117.322	46.199	3.889
117.896	46.212	2.693
117.824	45.872	2.609
117.887	44.845	4.382
118.345	44.626	3.063
119.032	43.856	3.622
119.071	43.701	3.339
118.376	44.506	2.843
119.124	43.481	3.291
119.214	43.387	2.926
118.466	44.412	2.478
118.84	42.856	1.312
119.252	43.221	2.974
118.885	42.657	1.37
118.992	42.151	1.605
119.666	42.648	3.415
119.525	41.415	2.172
119.405	39.995	3.387
119.992	40.425	3.298
120.158	42.114	3.317
119.687	42.646	3.498
119.426	39.992	3.47
120.302	40.825	3.757
120.295	40.737	4.035
119.419	39.903	3.749
119.928	40.574	5.232
119.573	39.967	5.611
119.092	39.344	4.098
119.131	39.151	4.279
120.129	38.848	6.248
119.79	37.827	5.032
119.983	37.654	5.097
119.845	37.281	4.927
119.612	37.348	4.814
118.434	36.432	4.704
120.315	36.636	4.557
118.945	35.731	4.302
120.217	36.518	4.338
121.364	37.191	4.721
121.564	37.232	4.549
122.585	37.763	6.476
122.6	37.768	6.467
121.582	37.238	4.538
122.409	38.049	5.849
122.437	38.054	5.828
121.612	37.243	4.516
122.668	38.015	5.112
122.723	37.992	5.046
121.676	37.216	4.438
122.253	37.423	4.239
123.456	38.101	4.625
123.121	37.552	3.74
123.165	37.372	3.548
123.5	37.543	2.425
123.552	37.772	2.297
124.647	38.581	2.372
123.532	37.523	2.949
124.681	38.56	2.942
124.752	38.577	3.373
125.629	40.356	3.554
125.634	40.492	3.138
126.117	41.782	4.65
126.0	42.078	4.427
125.535	40.743	2.949
125.709	42.399	3.983
125.465	42.664	3.598
125.291	41.008	2.565
124.9	41.465	2.488
124.895	41.408	2.238
125.287	40.96	2.354
124.881	42.613	1.517
124.768	42.256	0.895
125.185	40.635	1.789
124.774	41.024	1.569
124.697	40.825	1.389
125.12	40.467	1.636
124.436	40.724	0.799
124.457	40.404	0.694
125.137	40.197	1.548
124.418	40.312	0.445
124.286	40.832	0.438
124.285	40.645	0.246
124.557	42.171	0.392
124.409	40.823	0.794
124.672	42.162	0.723
124.67	40.923	1.384
124.86	41.529	2.44
124.848	42.726	1.705
125.431	42.718	3.558
125.443	42.751	3.554
124.861	42.761	1.701
125.687	43.68	1.796
125.743	43.008	3.727
125.963	43.917	1.956
125.806	43.589	3.549
126.208	44.517	3.707
126.276	44.639	2.078
126.18	44.765	3.611
126.044	45.452	3.546
126.141	45.325	2.013
125.984	45.646	2.005
125.742	45.855	3.625
125.622	46.129	2.099
125.128	47.003	3.551
125.027	47.234	3.38
125.511	46.383	1.912
125.394	46.66	1.718
124.802	47.551	3.217
125.187	46.952	1.568
124.683	48.877	2.842
124.634	47.892	4.862
124.498	49.252	4.653
124.602	48.142	6.698
124.563	48.3	6.786
124.455	49.426	4.75
124.177	48.731	6.626
123.935	49.362	6.814
124.231	50.013	4.926
124.166	50.257	7.458
123.636	50.837	7.412
123.598	50.707	4.872
123.091	50.992	4.895
123.315	51.377	4.47
123.805	51.065	4.476
123.164	51.915	4.298
123.169	51.917	4.293
123.81	51.068	4.47
124.118	51.144	4.307
124.3	50.896	2.477
124.027	50.772	2.283
123.554	51.061	2.111
124.3	50.899	2.478
123.553	51.065	2.113
123.386	51.625	2.107
123.039	51.535	1.75
123.18	50.968	1.729
122.912	52.551	0.839
122.105	52.313	0.531
122.142	50.663	1.332
121.521	51.371	1.174
120.968	50.895	1.214
121.59	50.187	1.373
120.499	50.538	1.218
120.269	51.81	0.97
119.8	51.453	0.974
119.485	52.299	0.823
118.769	52.037	0.851
119.084	51.191	1.002
118.579	51.532	1.033
117.519	52.502	1.209
117.417	51.964	1.365
116.261	53.546	-0.107
115.936	53.661	0.263
117.059	52.091	1.773
115.872	52.857	2.356
115.81	52.709	2.422
117.001	51.953	1.834
115.963	52.164	2.544
116.001	51.251	2.825
117.036	51.105	2.096
115.882	51.082	2.928
116.097	50.656	3.255
117.294	50.595	2.486
117.649	49.149	2.751
116.002	50.394	3.772
117.546	48.865	3.313
116.757	49.628	4.583
116.862	49.257	4.879
117.66	48.462	3.634
117.269	47.049	4.57
116.704	49.171	5.315
117.097	46.956	5.044
117.303	47.324	5.313
118.337	44.727	5.767
117.97	44.761	5.428
118.931	44.239	6.142
119.117	44.163	5.844
118.172	44.678	5.104
119.368	43.658	4.476
119.595	43.803	6.109
119.983	43.195	4.817
120.094	41.15	5.953
120.005	40.741	5.277
119.878	42.711	4.016
120.366	40.89	4.077
120.362	40.889	4.064
119.873	42.709	4.0
119.747	42.709	3.806
120.543	41.718	6.163
120.188	43.452	6.256
120.256	43.902	6.794
120.812	41.257	6.696
121.943	41.885	6.857
121.962	41.822	6.971
120.831	41.195	6.811
121.875	42.926	8.499
121.678	41.307	7.34
122.128	42.054	8.068
121.898	42.468	8.955
120.854	40.736	7.266
121.518	40.745	7.472
121.384	39.841	7.693
120.736	39.936	7.461
121.693	39.354	8.098
121.608	38.095	7.075
120.651	38.678	6.438
121.289	38.419	6.536
121.292	38.398	6.455
120.654	38.659	6.366
120.467	37.48	5.206
121.368	38.342	6.445
120.529	37.434	5.198
121.679	38.027	6.995
122.002	40.31	7.876
122.239	39.769	8.261
122.326	42.083	9.312
123.182	41.985	9.456
123.095	39.672	8.405
123.925	40.851	8.193
124.259	40.605	8.197
123.377	39.465	8.408
124.52	40.584	8.253
125.108	39.953	7.767
124.016	38.78	7.88
125.016	39.795	7.572
124.824	39.334	6.065
123.854	38.39	6.606
123.898	38.632	5.27
122.689	38.014	5.119
122.645	37.772	6.455
122.461	38.054	5.836
124.961	39.407	5.832
124.014	38.694	5.074
124.898	38.972	4.384
124.595	38.588	3.803
123.684	38.276	4.442
123.39	37.76	3.524
123.374	37.743	3.539
123.67	38.262	4.455
123.362	37.52	3.391
123.394	37.757	3.514
123.378	37.531	3.372
124.598	38.586	3.796
125.249	39.512	5.781
125.122	39.054	4.345
125.272	39.575	5.522
125.875	40.433	5.066
125.725	39.911	3.888
126.024	40.614	5.194
125.979	40.973	4.997
125.69	40.19	3.735
126.195	41.568	4.883
126.511	41.021	6.255
126.727	41.616	6.141
126.88	41.82	6.222
127.036	42.929	5.749
126.928	43.042	5.533
127.308	44.254	5.661
127.08	44.398	5.247
126.634	43.227	5.0
126.4	44.016	4.425
126.147	43.652	4.028
126.382	42.863	4.604
126.031	43.062	4.132
127.06	45.06	5.039
126.375	44.868	4.158
126.309	45.038	3.962
126.754	45.808	5.238
126.004	45.786	4.16
126.479	46.126	5.357
126.387	46.215	5.368
125.919	45.868	4.17
125.873	45.935	4.425
125.773	46.016	4.378
125.841	45.931	4.133
125.236	47.085	4.102
125.769	46.035	4.454
125.234	47.101	4.167
126.3	46.299	5.392
125.871	46.847	6.123
124.805	47.648	4.898
124.772	47.898	6.734
125.887	46.852	6.144
124.788	47.903	6.754
125.245	48.073	7.145
124.981	48.547	7.189
124.565	48.303	6.791
124.179	48.735	6.631
124.888	49.056	7.492
124.086	49.243	6.935
124.283	50.164	7.551
125.276	49.286	7.987
124.585	50.343	7.936
125.46	49.329	8.176
125.341	49.512	9.381
124.465	50.526	9.141
125.122	49.521	9.536
125.077	49.516	9.598
124.43	50.522	9.189
124.581	49.817	10.555
124.318	50.063	10.706
124.188	50.748	9.328
123.883	50.774	9.641
122.651	51.037	7.783
123.054	50.991	7.618
121.498	50.787	6.322
121.57	50.733	6.245
123.119	50.941	7.547
122.428	51.126	5.069
121.379	50.902	6.168
122.202	51.325	4.977
122.13	51.867	4.77
121.19	51.014	6.146
121.922	51.99	4.746
121.357	52.166	4.793
121.529	52.705	4.558
122.082	52.491	4.527
121.843	53.944	4.463
122.679	54.129	3.819
123.08	52.713	3.758
122.756	54.008	3.593
122.87	54.006	3.364
123.187	52.711	3.545
123.677	54.353	2.693
123.992	53.88	1.908
123.533	52.191	2.681
123.604	53.409	1.892
123.191	52.811	0.992
123.15	51.635	1.843
123.005	52.635	0.918
121.426	52.679	0.268
121.631	52.532	0.355
120.912	51.652	0.947
121.032	52.865	0.251
120.519	51.838	0.93
120.69	53.203	-0.178
120.489	53.251	-0.15
120.318	51.885	0.958
119.534	52.374	0.81
120.365	53.316	-0.214
119.409	52.439	0.745
120.16	53.418	-0.354
119.479	53.925	-0.463
118.533	53.091	0.605
117.118	54.044	-0.617
119.509	54.117	-0.747
117.151	54.253	-0.925
117.649	54.733	-0.89
117.005	55.292	-1.72
116.581	54.747	-1.66
117.059	55.813	-2.181
115.678	56.61	-1.82
115.199	55.544	-1.298
115.444	56.193	-1.312
115.141	56.285	-0.792
114.931	55.626	-0.838
113.526	56.18	0.136
113.291	55.332	0.316
114.676	54.704	-0.643
113.255	55.101	0.446
114.024	54.174	1.59
115.326	53.921	0.324
115.005	53.342	2.432
115.012	53.336	2.432
115.334	53.915	0.324
115.16	53.158	2.428
114.779	53.215	2.592
114.86	53.003	2.634
113.626	53.905	2.01
112.912	54.202	3.32
113.942	53.384	4.319
112.815	54.392	3.481
112.941	54.96	3.996
114.067	53.951	4.834
113.693	55.213	4.771
113.743	55.236	4.895
114.127	53.978	4.98
113.667	55.092	6.445
114.3	54.453	7.217
114.876	53.222	5.894
115.029	52.677	6.016
114.376	54.443	7.28
115.118	52.664	6.09
115.506	52.583	6.555
115.698	50.861	6.093
115.311	50.943	5.628
115.991	50.373	6.215
116.084	50.089	5.847
115.411	50.638	5.231
116.179	49.838	5.611
116.454	49.63	4.868
115.764	50.37	4.276
115.698	50.396	4.057
116.876	49.4	6.407
116.841	49.262	6.079
117.479	47.441	6.295
117.431	49.55	6.997
118.076	47.603	6.93
118.268	48.16	6.824
118.429	48.132	6.954
118.249	47.573	7.07
118.817	48.425	7.321
119.31	47.979	7.718
118.743	47.127	7.467
119.689	47.597	8.024
119.695	47.574	8.033
118.749	47.104	7.475
119.596	47.011	8.044
119.483	46.203	8.079
118.636	46.297	7.511
119.084	45.959	7.703
118.745	44.872	6.948
118.271	45.128	6.699
118.88	44.552	6.867
119.734	44.759	7.606
119.707	44.457	7.418
120.181	44.913	7.975
120.546	44.65	7.836
119.991	44.252	7.309
121.568	43.369	8.945
121.898	43.025	8.429
120.295	43.936	6.834
121.985	41.921	6.901
120.973	43.674	6.352
121.84	42.665	6.364
121.042	45.757	8.829
121.987	44.304	9.784
122.022	46.415	10.236
122.216	46.339	10.592
122.198	44.222	10.171
122.427	46.044	11.748
122.564	45.774	12.04
122.335	43.952	10.463
122.853	44.316	10.73
123.174	43.536	11.001
122.619	43.262	10.702
123.63	43.284	11.473
124.388	42.12	10.514
123.377	42.098	9.742
124.03	42.22	9.916
124.094	42.189	9.68
123.433	42.07	9.533
124.223	40.951	8.285
124.188	42.185	9.692
124.321	40.947	8.298
124.569	40.849	8.331
124.356	42.193	9.73
124.706	40.856	8.362
124.677	42.096	10.348
125.64	42.489	10.094
125.592	41.218	8.128
125.727	42.694	8.748
125.886	42.743	8.593
125.738	41.263	7.985
125.826	41.479	7.852
125.962	42.784	8.518
125.915	41.528	7.763
126.132	42.123	7.649
126.579	41.84	7.025
126.363	41.245	7.14
126.765	41.994	6.91
126.575	42.703	7.35
126.762	42.665	7.162
126.336	43.275	8.265
126.423	43.693	8.059
126.841	43.05	6.973
127.113	44.375	6.885
126.395	44.123	8.285
127.088	44.771	7.093
126.841	45.0	7.372
126.38	44.171	8.324
126.826	45.048	7.411
126.636	45.393	8.856
126.661	45.435	8.849
126.847	45.083	7.406
126.609	45.452	8.587
126.731	45.731	8.529
126.981	45.386	7.342
126.819	45.793	8.774
126.441	47.227	8.186
126.661	46.597	6.845
126.161	47.772	7.975
125.884	47.873	10.598
125.605	48.418	10.388
125.027	48.89	11.222
125.866	47.805	10.685
125.012	48.833	11.296
125.306	48.885	12.57
124.195	50.194	12.772
123.901	50.142	11.498
123.752	50.082	12.238
123.34	50.138	12.146
123.536	50.191	11.416
122.198	51.65	12.757
122.011	51.674	12.544
123.348	50.214	11.204
122.913	50.925	10.139
122.181	50.758	10.592
121.688	51.167	11.905
121.988	51.711	12.524
122.89	50.963	10.118
121.727	52.558	11.491
120.471	52.595	10.383
121.635	51.0	9.011
121.212	50.569	9.042
121.254	50.54	8.517
121.671	50.975	8.567
120.518	50.725	7.106
121.017	50.383	8.616
120.317	50.593	7.189
118.974	51.082	7.383
119.02	51.294	7.189
120.367	50.823	6.979
118.967	52.52	7.173
119.313	52.876	6.332
120.682	51.147	6.215
120.756	52.324	4.875
119.311	53.375	6.148
120.753	52.86	4.677
120.906	53.925	4.54
121.446	53.84	4.485
121.293	52.775	4.622
121.66	53.999	4.513
122.366	55.387	3.743
122.376	55.202	3.936
123.181	55.872	3.132
123.537	55.261	2.979
122.732	54.591	3.783
123.638	54.856	2.847
123.657	54.656	2.811
122.749	54.407	3.75
122.847	54.366	3.504
123.893	56.276	1.365
124.024	55.958	1.094
123.672	56.445	0.105
123.531	55.185	-0.554
123.871	54.59	0.378
123.46	54.249	0.081
123.393	55.105	-0.698
123.282	54.146	-0.105
123.101	54.866	-0.919
122.609	54.509	-1.174
122.701	53.724	-0.406
122.358	54.062	-0.834
121.061	55.978	-1.688
120.525	55.8	-1.442
119.733	56.521	-1.332
119.069	55.758	-1.12
119.861	55.037	-1.23
117.968	55.518	-1.378
117.924	55.36	-1.327
119.815	54.871	-1.177
119.732	54.627	-1.103
119.062	55.826	-1.158
117.963	55.584	-1.415
117.907	56.071	-1.911
119.343	56.673	-1.402
118.144	56.786	-2.117
119.436	56.921	-1.434
119.112	58.104	-0.946
117.793	58.071	-1.587
118.928	58.193	-0.775
117.995	58.301	0.314
117.005	58.162	-0.667
116.559	58.124	0.612
115.344	57.636	0.174
115.79	57.674	-1.105
115.571	57.395	-0.504
115.067	57.283	0.226
115.258	56.996	-0.445
113.621	56.759	0.42
115.049	57.354	0.285
113.605	56.824	0.474
113.658	57.02	0.648
112.9	56.933	0.604
113.015	56.757	0.439
111.771	57.219	0.507
111.448	56.094	0.315
112.751	55.84	0.283
111.197	55.438	0.247
111.27	55.161	0.286
112.818	55.585	0.318
112.647	55.427	0.448
111.122	54.046	1.629
112.472	54.107	2.037
112.645	53.98	2.197
113.639	53.916	1.996
113.751	54.025	1.779
114.792	53.226	2.579
110.956	54.146	2.102
112.492	54.072	2.633
112.276	54.225	2.597
110.646	54.723	2.694
111.908	54.908	3.298
110.825	55.286	3.079
110.845	55.43	3.226
111.929	55.059	3.451
111.522	55.524	3.531
111.973	55.96	4.044
112.463	55.576	4.058
111.967	56.816	5.298
112.148	56.814	5.372
112.644	55.574	4.132
113.442	55.732	4.886
112.171	56.82	5.421
113.462	55.737	4.927
113.386	55.593	6.478
112.013	56.873	5.671
113.252	55.638	6.689
112.896	55.996	7.026
113.136	55.139	7.851
113.454	54.914	7.386
113.1	54.819	8.419
113.296	54.635	8.464
113.62	54.758	7.424
113.306	54.438	8.645
114.006	54.173	8.776
114.381	54.471	7.567
114.197	54.295	8.633
114.449	54.301	8.672
114.594	54.476	7.6
115.791	53.624	7.115
115.738	53.603	7.024
114.549	54.458	7.523
115.711	52.601	6.843
116.074	53.534	7.359
116.047	52.531	7.178
116.334	52.994	7.406
117.434	52.281	7.771
117.229	51.764	7.57
117.414	51.212	7.589
117.447	52.28	7.772
117.427	51.212	7.59
117.749	51.093	7.691
117.916	49.838	7.347
117.628	49.711	7.18
118.856	48.627	7.378
118.782	48.526	7.276
117.559	49.617	7.085
118.397	48.226	6.912
118.435	50.32	7.676
119.522	49.248	7.8
120.251	49.327	9.134
120.242	48.625	9.234
119.51	48.346	7.929
119.889	47.964	8.235
120.438	48.268	9.43
120.141	47.505	8.488
120.042	46.941	8.499
120.451	48.255	9.444
120.058	46.925	8.516
120.581	48.027	9.391
121.091	47.527	9.716
120.568	46.425	8.841
121.488	47.176	10.096
121.647	46.926	10.129
120.728	46.174	8.874
121.778	46.74	10.27
121.736	47.185	10.79
121.847	46.942	10.784
121.199	47.681	12.216
121.205	47.673	12.223
121.853	46.935	10.791
122.032	46.691	11.964
121.194	47.651	12.272
122.02	46.668	12.014
120.919	47.369	12.75
121.207	46.697	13.674
122.264	46.1	12.794
121.042	46.623	13.871
121.313	46.562	14.216
122.558	46.033	13.169
121.556	46.617	14.117
122.929	47.482	14.784
123.718	46.764	13.732
124.164	47.845	14.28
125.185	48.006	13.131
124.739	46.925	12.583
124.871	47.609	12.644
124.872	47.61	12.641
124.74	46.926	12.58
125.903	46.809	11.333
125.834	46.336	11.305
124.664	46.412	12.549
125.635	46.158	11.31
125.507	45.874	11.274
124.557	46.173	12.519
125.339	44.373	11.713
123.76	43.73	11.617
122.977	45.529	12.423
123.32	44.039	11.163
126.459	45.072	9.641
126.143	43.696	10.333
126.013	44.0	9.713
126.014	43.921	9.674
126.144	43.625	10.299
126.231	43.83	8.953
126.015	43.996	9.665
126.232	43.896	8.945
126.461	45.068	9.591
126.022	47.602	10.831
125.877	47.784	10.701
125.314	48.868	12.583
125.904	46.812	11.333
125.187	48.009	13.128
124.873	47.613	12.64
122.98	47.788	15.1
124.207	48.103	14.547
123.053	48.01	15.232
123.096	48.96	15.496
124.255	49.136	14.834
123.18	50.019	17.039
123.243	50.777	16.742
124.308	49.776	14.584
123.144	50.899	16.573
123.288	49.92	15.114
122.96	50.256	15.702
123.138	50.924	16.555
124.301	49.803	14.565
122.941	50.894	15.435
122.887	51.346	14.813
124.242	50.294	13.889
122.814	51.415	14.565
122.632	51.494	14.011
124.088	50.361	13.421
122.457	51.767	13.488
122.346	51.661	13.016
123.977	50.254	12.949
123.507	50.149	12.439
121.91	52.7	14.547
121.847	52.786	13.941
121.48	53.387	13.656
121.796	53.027	12.715
122.126	52.467	13.108
121.865	53.314	12.075
121.469	53.773	12.95
121.575	53.974	12.282
121.186	54.889	13.143
120.909	55.491	12.269
121.341	54.482	11.544
120.796	55.474	12.027
119.887	55.406	11.264
120.355	54.409	10.716
118.93	56.45	9.942
118.39	55.977	9.744
119.898	54.009	10.549
117.975	55.62	9.404
119.281	54.374	10.899
118.094	55.352	10.269
117.372	55.118	9.762
119.388	53.585	10.851
117.984	54.617	11.364
117.85	54.328	11.556
119.275	53.341	11.014
118.87	53.057	11.516
118.888	52.968	11.48
119.291	53.262	10.981
118.486	52.399	11.489
119.377	51.416	11.231
120.182	52.278	10.723
120.87	50.194	9.445
119.254	51.253	11.241
120.725	50.002	9.457
120.563	49.792	9.495
120.456	49.713	9.142
120.588	49.901	9.003
118.64	50.706	7.684
119.478	50.014	7.689
120.037	49.708	8.139
120.57	49.891	10.371
119.934	50.607	11.258
119.235	50.461	11.867
120.545	49.062	10.071
120.66	48.972	12.036
120.759	48.362	11.994
120.636	48.501	10.032
120.818	48.342	10.148
120.947	48.04	12.011
121.042	47.961	10.167
121.439	47.611	10.548
119.139	50.383	11.991
120.564	48.894	12.161
119.486	49.323	12.84
119.453	49.164	12.89
120.528	48.722	12.215
120.131	48.636	12.682
119.199	48.796	13.199
119.804	48.163	13.08
119.363	48.595	13.265
119.503	47.881	15.272
119.945	47.449	15.087
119.381	47.99	15.873
120.637	48.426	16.777
121.431	47.964	16.157
121.576	48.973	17.756
122.461	49.16	17.557
122.316	48.152	15.959
122.536	48.292	15.9
120.487	48.43	16.913
121.399	48.978	17.917
120.534	48.727	18.423
120.901	48.793	19.084
121.766	49.044	18.578
121.784	48.987	19.612
121.804	48.988	19.611
121.786	49.045	18.578
122.074	49.095	19.073
121.135	52.645	19.26
120.847	52.594	18.765
119.982	52.344	19.271
119.718	52.337	18.816
120.583	52.588	18.31
119.817	52.889	17.369
119.929	52.97	17.303
120.695	52.67	18.245
120.13	53.117	17.204
121.291	53.086	16.249
122.188	52.629	17.017
121.422	52.93	16.076
121.521	52.824	15.962
122.287	52.524	16.903
121.935	52.548	15.549
122.476	52.066	15.4
122.827	52.041	16.755
122.624	51.852	15.463
122.638	51.837	15.462
122.845	52.022	16.754
122.834	51.867	16.582
121.156	53.159	15.373
121.571	52.883	14.959
120.859	54.668	14.295
120.946	54.637	14.118
121.658	52.852	14.783
121.24	53.532	13.88
120.965	53.35	15.693
120.667	54.859	14.615
120.935	53.412	15.951
119.985	53.586	16.457
119.446	55.083	15.265
119.743	53.573	16.343
119.497	53.533	16.354
119.2	55.042	15.276
117.74	54.604	16.59
117.613	54.983	16.575
119.073	55.421	15.261
118.347	56.374	15.62
118.669	56.68	15.54
119.486	55.814	15.158
119.661	56.005	15.093
120.132	56.869	13.962
120.092	56.925	13.704
119.335	58.121	13.54
119.208	57.989	12.364
119.942	56.769	12.311
119.131	57.815	10.964
119.263	57.377	10.545
120.074	56.331	11.892
120.146	56.127	11.733
119.165	58.267	12.337
119.079	58.144	10.932
119.23	59.454	11.735
118.936	60.176	10.786
118.731	58.999	9.808
118.761	58.941	9.548
118.62	57.836	8.579
118.55	57.578	8.561
118.544	56.428	7.01
118.479	55.195	7.798
118.473	56.118	9.494
118.058	55.761	9.154
118.273	54.915	7.843
117.815	55.43	9.207
118.202	54.422	7.782
117.988	54.217	7.868
117.601	55.226	9.293
118.115	53.629	7.88
116.915	53.223	7.86
116.311	54.789	9.272
115.356	54.457	9.405
115.401	54.477	9.775
116.355	54.809	9.642
115.887	54.738	10.051
116.102	54.824	10.343
116.61	54.911	9.988
117.223	54.41	11.59
115.694	54.75	10.665
116.739	54.323	11.972
116.39	54.032	12.403
116.706	53.764	12.517
117.113	54.005	12.107
117.847	52.206	11.987
118.426	52.442	11.552
117.798	54.284	11.593
118.82	53.016	11.551
116.548	53.29	13.571
117.689	51.732	13.041
117.537	51.936	14.373
117.86	51.109	14.537
118.012	50.905	13.205
118.399	49.89	14.239
118.417	49.779	14.121
118.028	50.811	13.105
118.464	49.717	13.865
117.805	51.008	14.894
118.333	49.77	14.662
118.008	50.158	15.537
118.206	49.241	16.017
118.53	48.853	15.142
118.558	48.811	15.763
119.101	48.67	17.345
119.315	48.329	16.885
119.146	48.607	18.39
118.73	48.815	17.37
118.775	48.752	18.414
118.306	48.852	18.541
118.171	49.507	20.426
118.615	49.528	20.646
119.032	49.695	21.371
119.574	49.232	21.269
119.312	48.931	20.514
119.683	49.087	20.961
120.805	48.835	20.271
120.52	48.659	19.772
121.403	48.854	20.3
120.617	49.292	21.518
121.2	49.346	21.642
120.356	49.403	21.735
120.372	49.828	22.09
121.221	49.892	22.098
121.583	50.082	22.418
123.649	50.66	21.373
123.666	50.576	20.861
123.937	50.683	20.322
123.316	51.85	21.442
123.542	52.091	20.403
123.272	51.984	20.942
120.866	52.535	19.843
121.137	52.642	19.305
119.983	52.341	19.316
120.494	52.387	20.521
119.611	52.193	19.993
119.96	52.12	20.477
119.118	51.278	21.099
118.705	51.288	20.663
119.102	51.064	21.384
118.855	50.412	21.415
118.387	50.449	20.702
117.978	50.286	20.474
117.728	51.232	19.38
118.091	51.569	19.408
116.034	53.129	18.556
117.617	51.93	18.38
116.854	52.509	18.086
116.406	53.513	18.347
118.491	51.982	19.183
116.833	53.605	17.972
117.399	53.842	17.514
119.057	52.219	18.725
119.156	52.77	17.278
115.672	55.197	18.263
116.043	55.416	17.882
115.214	55.598	18.225
115.079	56.098	17.634
115.908	55.917	17.29
115.115	56.386	17.121
115.277	56.525	16.746
116.07	56.055	16.916
116.133	57.22	15.872
116.48	57.154	15.819
116.417	55.989	16.863
117.129	57.167	15.786
117.245	57.117	15.808
116.533	55.94	16.886
117.507	57.119	15.862
119.041	57.246	15.018
118.904	57.219	15.247
119.897	56.544	14.8
119.3	57.674	14.054
120.098	56.877	14.051
119.298	58.129	13.637
118.106	58.632	14.611
118.289	58.938	14.108
117.962	59.583	13.875
118.476	59.662	13.476
118.745	59.008	13.754
118.81	60.195	13.153
117.586	60.407	13.545
118.022	60.854	13.214
116.978	60.499	13.864
116.02	60.849	12.518
117.064	61.204	11.868
116.503	60.802	12.024
116.598	60.464	11.202
117.148	60.905	11.14
116.104	61.026	8.885
117.31	60.625	8.305
118.354	60.504	10.559
118.043	59.386	9.54
118.36	59.244	9.609
118.622	60.384	10.617
118.472	59.132	9.393
118.122	59.299	9.403
118.287	59.174	9.234
117.377	60.55	8.189
117.457	60.125	7.58
118.36	58.782	8.672
117.458	59.571	7.146
117.44	58.89	6.838
118.345	58.226	8.421
117.375	58.205	7.147
117.39	57.999	7.14
118.359	58.036	8.416
118.26	56.646	6.833
117.338	58.028	6.866
118.208	56.675	6.558
117.599	58.792	5.872
117.646	58.7	5.545
118.255	56.583	6.231
117.992	57.229	4.734
118.515	56.559	4.396
118.697	56.017	5.946
118.704	55.726	5.537
118.536	56.524	4.368
118.725	55.691	5.508
120.041	56.078	3.748
120.119	55.997	3.787
118.817	55.595	5.555
120.448	55.576	4.089
120.868	54.137	4.575
119.236	54.156	6.041
119.275	53.572	6.181
120.829	56.446	3.374
121.288	56.108	3.6
121.053	56.884	2.998
121.566	56.86	2.767
121.8	56.083	3.368
122.741	56.413	2.841
121.804	57.285	2.277
122.926	56.744	2.46
121.853	57.463	2.084
122.19	57.485	1.165
123.262	56.766	1.541
123.042	56.935	0.282
121.746	57.715	0.595
122.599	57.165	-0.289
121.667	57.608	0.363
121.404	57.536	0.001
122.394	57.108	-0.57
122.017	57.042	-0.78
121.228	57.517	-0.13
121.868	57.026	-0.891
120.688	57.762	-0.389
120.539	57.684	-0.637
121.743	56.961	-1.101
120.366	57.708	-0.839
119.767	56.872	-1.379
121.092	56.052	-1.688
119.769	56.609	-1.332
121.09	58.038	0.651
120.549	58.283	0.393
121.298	58.049	0.819
121.093	58.154	1.345
120.287	58.417	1.069
120.827	58.173	1.328
120.109	57.735	2.415
119.569	57.98	2.157
118.421	58.306	3.353
118.369	58.41	3.277
119.507	58.102	2.066
119.256	58.195	2.057
118.57	58.624	1.115
118.625	58.653	0.855
117.654	58.936	1.906
117.181	58.69	1.588
118.017	58.336	0.446
116.577	58.154	0.723
116.412	58.754	2.129
115.742	58.223	1.311
114.798	58.453	2.257
114.589	58.396	2.067
115.516	58.161	1.104
114.723	58.245	1.89
114.193	57.718	1.325
115.067	57.716	0.627
113.679	57.448	1.052
113.672	58.081	1.945
113.159	57.812	1.672
113.772	58.269	2.109
113.743	58.276	2.142
113.122	57.821	1.714
112.248	59.868	2.447
112.135	59.838	2.398
112.989	57.786	1.656
111.856	58.033	1.512
111.952	59.926	2.282
111.65	58.131	1.381
111.591	59.698	2.19
110.301	59.766	2.198
110.068	58.215	1.391
109.595	58.344	1.885
108.708	56.612	1.987
109.066	56.259	1.505
109.089	55.584	1.301
109.39	55.994	3.292
109.77	54.966	2.606
109.836	55.56	2.981
110.096	56.477	3.847
110.634	56.106	3.607
111.336	56.122	3.869
110.102	56.499	3.86
111.342	56.144	3.882
111.219	57.033	5.106
109.889	56.633	3.987
110.968	57.191	5.258
110.22	57.354	5.915
110.484	57.239	6.244
111.232	57.076	5.587
111.091	57.147	6.185
111.62	57.026	6.375
111.858	56.932	5.811
112.741	56.055	7.165
111.273	57.172	6.985
112.331	56.228	7.888
110.699	57.268	7.19
110.676	57.287	7.274
112.308	56.248	7.971
111.397	55.878	9.112
111.631	55.338	9.123
112.541	55.708	7.983
111.593	54.843	9.19
111.814	54.567	9.176
112.803	55.381	7.966
112.767	55.062	8.534
112.012	54.269	9.26
113.002	54.709	8.634
113.077	54.496	8.777
112.839	53.757	10.611
113.838	54.024	10.021
113.98	54.103	10.233
112.9	53.915	10.98
114.052	54.29	10.67
113.178	54.24	11.242
113.3	54.372	11.44
114.174	54.422	10.867
114.841	54.159	12.772
115.664	54.209	12.491
114.997	54.472	10.586
116.243	54.016	12.473
116.305	54.031	12.436
115.07	54.49	10.542
115.608	54.749	10.699
115.77	53.417	13.84
116.332	53.347	13.613
115.824	52.885	14.803
116.013	52.833	14.861
116.492	53.303	13.662
117.481	51.95	14.464
116.036	52.196	16.022
117.501	51.411	15.444
117.649	50.636	16.188
116.015	52.182	16.099
117.628	50.622	16.265
117.541	50.613	16.519
117.71	49.802	17.183
117.844	49.579	17.119
117.557	49.498	18.329
117.5	50.691	17.358
117.33	50.464	18.52
115.596	52.283	17.609
117.252	51.45	18.54
116.507	52.271	18.151
117.455	50.664	17.17
115.542	52.251	17.383
115.904	52.247	16.936
114.679	52.519	16.12
114.404	52.504	16.625
113.85	52.701	16.463
113.583	52.681	17.706
114.155	52.486	17.781
113.069	52.725	18.039
113.252	52.891	18.601
114.325	52.64	18.303
113.032	52.897	19.057
113.596	54.092	19.768
114.946	53.956	19.085
113.92	54.306	19.442
114.086	54.875	19.326
115.1	54.485	18.977
114.599	54.831	18.994
113.445	56.517	18.12
113.958	56.473	17.788
113.111	57.131	17.352
113.125	57.136	17.334
113.972	56.478	17.769
114.008	56.766	17.256
113.229	57.56	16.497
114.112	57.19	16.42
113.657	57.417	16.124
113.705	57.427	16.058
114.163	57.201	16.349
115.033	57.997	15.509
115.704	57.661	15.778
115.025	56.769	16.694
115.882	57.465	15.82
115.94	58.41	15.255
116.185	58.428	15.148
116.236	59.609	14.582
116.434	59.588	14.551
116.419	58.404	15.112
117.068	58.417	15.078
117.009	59.803	14.254
117.749	58.67	14.727
117.621	59.62	13.986
114.844	58.371	14.794
115.045	59.566	14.081
113.316	59.048	13.732
113.214	59.723	13.37
114.959	60.137	13.775
113.162	59.912	13.245
113.394	60.279	12.2
115.211	60.535	12.639
113.124	61.034	11.165
113.496	60.831	10.597
115.524	60.364	12.16
115.944	60.254	11.619
114.891	59.682	11.328
114.166	59.841	11.028
113.574	60.75	10.365
116.019	60.176	11.397
115.841	59.765	10.796
116.092	59.87	10.64
116.302	60.294	11.221
115.842	60.875	8.902
115.871	59.746	10.6
115.621	60.751	8.862
113.61	60.726	10.133
112.875	61.452	8.811
115.0	61.364	7.746
112.83	61.164	8.317
112.775	61.107	8.08
114.954	61.316	7.546
113.953	60.81	6.882
114.314	60.957	6.226
115.315	61.464	6.89
115.038	61.085	6.367
116.232	61.043	5.942
116.372	61.427	6.514
116.568	60.875	5.36
117.646	59.964	5.979
117.45	60.516	7.133
117.451	60.014	6.642
117.612	58.866	5.933
117.412	58.773	6.589
117.351	58.102	6.926
115.418	60.782	5.452
115.847	60.644	4.926
114.51	60.57	4.784
114.62	60.243	4.18
115.94	60.367	4.416
114.592	60.127	3.94
114.783	59.669	3.597
116.148	59.869	4.043
116.595	59.037	2.618
117.744	59.083	2.909
117.396	59.919	4.359
117.722	59.034	3.344
118.016	57.867	4.455
117.691	58.752	5.471
118.044	57.291	4.646
118.459	57.774	3.816
118.568	57.181	3.89
120.069	56.633	3.344
118.467	57.797	3.79
120.077	56.655	3.318
120.163	57.132	2.932
118.312	58.555	2.819
118.339	58.461	3.245
119.228	58.242	2.028
114.6	59.497	3.368
116.412	58.865	2.39
114.798	58.564	2.517
113.909	59.503	3.201
114.106	58.57	2.35
112.642	60.188	2.673
114.089	60.195	3.731
112.838	60.939	3.249
113.1	60.925	3.804
110.683	61.722	4.052
110.796	61.613	3.458
110.079	61.678	4.296
109.654	61.171	3.917
110.437	61.185	3.138
110.195	60.857	2.978
109.456	60.951	3.865
110.041	60.686	2.938
109.138	60.492	3.62
109.043	59.608	3.186
109.954	59.872	2.538
109.217	58.458	2.255
108.251	58.745	4.103
108.425	57.596	3.172
108.415	58.342	4.142
109.509	57.492	4.919
109.614	56.673	4.016
109.894	57.402	5.948
109.07	57.641	5.063
109.33	57.594	6.134
109.141	57.624	6.321
108.87	58.237	7.662
108.982	58.381	7.858
108.594	59.102	8.522
109.093	59.018	8.903
109.48	58.298	8.239
109.967	58.53	9.151
110.247	58.218	9.08
109.76	57.986	8.169
110.481	56.577	10.007
110.189	58.315	9.266
110.423	56.673	10.193
110.146	56.893	10.681
109.884	55.901	11.071
110.141	55.607	10.612
109.725	55.744	11.35
109.908	55.159	11.652
110.376	54.855	11.001
110.532	54.434	10.777
110.342	54.85	12.25
111.004	54.098	11.427
110.934	54.457	11.77
110.74	54.995	12.751
111.446	54.644	12.414
111.097	55.006	12.746
111.208	55.045	12.823
111.566	54.686	12.497
111.485	54.78	14.7
111.818	54.705	14.716
111.899	54.611	12.512
112.346	54.763	14.468
112.448	54.729	14.448
112.009	54.574	12.49
112.811	54.299	14.616
113.385	54.152	14.381
112.583	54.428	12.254
114.031	54.354	13.413
114.423	54.259	12.962
113.088	54.306	11.675
114.629	54.093	13.007
114.102	54.28	13.444
114.216	54.12	13.626
113.477	54.058	14.42
113.954	53.597	14.828
114.693	53.66	14.034
114.747	53.127	14.998
113.711	53.367	15.327
114.504	52.898	15.497
113.675	53.079	15.84
112.623	53.827	15.509
112.587	53.539	16.022
111.74	54.197	15.587
111.728	54.193	15.604
112.575	53.535	16.039
112.062	53.579	16.372
111.054	54.306	15.986
111.388	53.692	16.754
111.035	54.138	16.558
110.495	54.402	17.772
110.807	53.975	18.061
110.281	54.642	17.928
110.342	54.856	18.433
110.885	54.251	18.71
111.032	54.045	19.15
110.725	55.658	18.911
111.448	54.916	19.668
111.377	55.282	19.324
110.994	56.136	18.813
111.724	55.896	19.199
111.347	56.188	18.83
112.325	56.843	18.16
112.776	56.601	18.478
112.443	57.215	17.71
111.074	56.898	18.014
111.097	57.275	17.552
110.67	57.543	17.255
111.87	58.217	15.515
112.388	58.0	15.682
112.667	58.996	13.906
112.981	58.881	13.891
112.702	57.885	15.666
113.167	57.719	15.352
113.155	58.855	13.848
113.329	57.695	15.312
114.719	58.221	14.885
111.549	58.393	15.445
112.322	59.186	13.83
111.835	58.879	14.03
111.749	58.979	13.973
112.236	59.286	13.774
111.273	59.011	14.17
110.99	59.392	13.826
111.901	59.737	13.367
111.364	61.373	13.056
111.736	61.505	13.033
112.379	59.906	13.338
112.513	60.054	13.221
112.513	61.799	12.093
113.29	60.348	12.281
112.99	61.123	11.269
112.413	62.314	11.689
112.861	61.785	10.75
112.322	62.455	11.374
112.169	62.713	10.979
112.696	62.062	10.325
112.254	62.464	10.458
111.56	62.253	8.791
112.001	61.852	8.658
111.956	61.564	8.163
111.548	62.253	8.783
111.944	61.564	8.156
111.07	62.053	7.908
111.078	61.956	7.69
111.952	61.467	7.937
112.204	61.733	6.191
112.748	61.475	6.2
112.651	61.135	7.949
113.849	60.833	6.771
113.205	61.477	5.235
114.346	60.835	5.723
114.149	60.743	5.147
114.23	60.72	5.124
114.414	60.816	5.703
115.151	60.925	5.776
113.195	61.475	5.152
114.137	60.741	5.041
113.263	61.337	4.934
113.14	60.968	3.889
114.014	60.373	3.996
114.12	60.229	3.797
112.037	61.858	6.04
111.773	61.829	6.076
110.863	62.117	7.497
110.451	62.275	7.201
111.362	61.987	5.78
110.758	61.943	6.024
110.075	62.376	7.074
110.381	62.044	5.897
110.119	62.083	5.936
108.845	61.605	5.463
108.743	61.429	5.289
108.112	61.706	6.351
107.669	60.68	6.463
108.219	60.216	5.421
108.093	59.871	4.935
107.721	60.192	6.736
108.145	59.383	5.208
108.28	59.638	5.744
108.361	59.405	5.824
108.214	59.187	5.276
108.442	59.017	6.337
108.51	58.703	6.265
108.271	58.922	5.214
108.503	58.487	6.423
108.55	58.345	6.364
108.322	58.767	5.15
108.479	58.361	5.106
108.421	58.916	6.766
108.434	58.653	6.813
107.772	59.911	7.166
107.799	59.847	7.436
108.459	58.595	7.061
108.066	59.562	7.75
108.734	62.211	6.77
109.173	62.36	6.963
109.418	62.07	5.849
108.429	59.085	6.391
107.778	60.053	6.849
108.348	59.474	5.878
110.95	62.806	8.983
110.472	62.606	8.108
110.443	62.805	8.671
108.637	60.376	10.214
108.53	59.992	9.768
109.007	60.193	10.643
109.408	59.754	10.525
108.93	59.553	9.65
109.75	58.207	11.451
109.912	57.891	11.141
109.092	59.237	9.34
109.966	58.749	9.587
110.028	57.648	11.011
110.083	58.506	9.457
110.047	57.071	10.858
109.518	57.301	11.964
109.573	56.748	11.744
109.465	56.453	11.913
109.504	57.181	12.715
109.454	56.359	12.497
109.376	57.492	13.107
109.53	57.276	13.512
109.595	56.161	12.87
109.551	56.577	14.669
110.209	55.546	14.854
110.146	55.298	13.025
110.601	55.127	14.97
111.361	54.802	14.721
110.737	55.045	12.831
111.093	55.065	12.842
109.756	55.641	16.127
110.114	55.229	16.339
110.16	54.996	16.886
109.729	55.686	16.18
110.133	55.042	16.939
109.979	55.177	17.231
109.716	55.703	16.191
109.968	55.192	17.241
109.508	55.925	16.378
110.233	57.429	17.271
110.692	56.695	18.134
110.582	57.501	17.259
110.599	57.504	17.26
110.706	56.699	18.135
111.003	56.86	18.019
111.286	58.951	14.214
111.484	58.42	15.441
111.765	58.908	14.026
109.635	58.578	12.113
109.487	58.672	12.598
109.293	60.125	11.187
109.414	60.646	11.739
109.589	59.112	13.065
109.528	61.023	12.17
110.72	61.399	13.005
110.672	59.453	13.824
111.072	61.43	13.053
108.844	61.583	11.192
108.998	61.894	11.661
108.485	61.668	10.724
108.485	61.67	10.724
108.998	61.897	11.661
108.935	62.243	11.723
109.93	63.546	10.863
110.187	63.455	10.633
109.674	63.229	9.696
109.678	63.229	9.694
110.191	63.455	10.63
110.127	63.262	10.083
112.738	54.272	14.702
111.856	54.642	14.779
112.381	54.705	14.527
120.053	51.484	21.657
119.884	51.237	21.851
120.594	51.703	21.79
120.872	51.223	22.163
120.1	50.863	22.141
121.288	51.206	22.474
116.395	53.029	7.479
114.797	54.248	8.995
116.139	53.572	7.437
118.669	34.948	-0.682
118.755	35.133	0.406
118.657	34.776	-0.887
115.147	58.335	-9.352
116.027	57.827	-8.942
116.463	58.445	-10.005
111.261	41.829	-8.284
110.828	41.405	-8.246
111.207	42.337	-8.69
101.302	53.493	-16.268
101.437	52.757	-16.175
101.422	53.448	-16.737
101.551	52.714	-16.621
101.542	53.848	-17.604
101.076	54.754	-17.808
101.572	54.431	-18.09
101.859	54.082	-18.566
101.977	55.057	-18.228
102.555	56.548	-17.16
102.154	56.842	-16.559
102.125	56.892	-16.42
101.244	56.462	-16.196
101.914	56.819	-15.936
102.272	57.467	-15.627
101.945	56.544	-15.481
101.933	56.415	-15.405
102.144	55.774	-15.04
101.945	55.081	-14.991
101.52	54.182	-15.302
101.541	53.921	-15.394
101.762	53.335	-14.989
101.471	53.755	-15.606
101.687	53.153	-15.22
101.317	53.755	-15.88
101.518	53.206	-15.773
101.512	52.653	-15.556
101.236	53.658	-16.184
101.444	53.117	-16.053
101.419	52.543	-15.902
101.546	50.454	-13.991
101.78	50.829	-13.525
102.476	49.339	-13.856
102.65	48.718	-13.577
102.442	49.317	-13.883
102.618	48.698	-13.601
101.295	50.299	-14.289
101.319	50.037	-14.34
100.974	50.057	-15.146
101.069	49.849	-15.007
101.44	49.223	-16.358
101.041	49.929	-15.915
101.146	49.652	-16.544
100.95	49.285	-17.101
100.94	50.502	-16.248
101.063	50.124	-16.818
100.865	49.77	-17.383
101.206	50.555	-17.132
101.265	50.687	-17.163
101.696	51.001	-17.539
101.993	52.139	-17.331
102.153	52.605	-17.724
101.835	52.373	-17.113
101.989	52.847	-17.497
101.703	52.479	-16.878
101.774	53.038	-17.049
101.644	52.514	-16.785
101.71	53.076	-16.947
102.41	52.345	-18.113
102.407	51.652	-18.052
102.099	51.028	-18.075
102.952	52.211	-18.343
102.718	51.575	-18.185
102.641	50.893	-18.305
103.265	52.194	-18.241
103.277	51.546	-18.0
103.324	50.861	-18.072
103.596	52.24	-18.051
103.519	51.58	-17.86
103.7	50.913	-17.855
103.782	52.251	-17.816
103.902	51.563	-17.489
103.915	52.334	-17.69
104.034	51.645	-17.363
104.342	52.727	-17.455
104.441	52.84	-17.454
104.781	53.395	-17.873
105.453	53.476	-17.663
106.122	53.255	-17.597
104.86	53.918	-18.113
105.51	53.859	-17.839
106.217	53.882	-17.885
104.789	54.148	-18.133
105.348	54.266	-17.832
105.984	54.375	-17.798
104.753	54.314	-18.125
105.317	54.409	-17.825
105.943	54.568	-17.789
104.467	54.805	-18.321
104.769	55.299	-18.158
105.214	55.707	-18.17
104.233	55.027	-18.468
104.594	55.467	-18.269
104.996	55.914	-18.307
103.039	56.493	-17.42
102.899	56.52	-17.324
103.918	57.835	-17.532
103.225	57.913	-16.719
103.778	58.308	-17.107
103.978	58.86	-17.624
103.962	58.683	-16.608
104.043	57.753	-13.939
104.565	58.122	-13.972
104.441	57.213	-13.677
104.963	57.583	-13.711
104.735	56.047	-13.497
104.716	55.568	-13.106
104.533	56.094	-13.445
104.527	55.612	-13.058
104.355	56.0	-13.331
103.756	56.84	-13.64
103.72	56.116	-13.354
103.6	55.634	-12.754
103.006	56.617	-13.983
103.154	55.948	-13.613
103.017	55.461	-13.021
102.847	55.554	-14.02
102.564	55.435	-14.618
102.557	55.437	-14.629
102.598	54.873	-14.013
102.473	54.227	-13.815
102.173	53.554	-14.096
102.148	53.543	-14.121
102.121	53.425	-14.062
102.059	53.394	-14.133
102.072	53.504	-14.208
101.834	53.306	-14.691
102.448	53.56	-13.443
102.629	53.353	-12.98
102.726	53.174	-12.828
102.883	52.947	-12.647
101.952	51.586	-12.924
102.102	51.367	-12.888
102.996	52.956	-12.56
103.369	52.665	-12.375
103.182	49.734	-13.237
103.235	48.956	-13.149
102.749	49.655	-13.535
102.84	48.884	-13.421
103.489	48.894	-13.013
103.646	49.605	-13.047
103.735	48.844	-12.914
103.892	49.556	-12.948
103.745	47.702	-12.222
104.338	47.837	-12.245
104.337	46.799	-12.22
104.205	46.535	-12.259
104.276	46.418	-12.257
104.12	46.157	-12.375
102.861	46.732	-12.389
102.743	46.343	-12.553
102.345	47.001	-12.778
102.268	46.591	-12.911
102.111	47.201	-13.408
102.053	46.775	-13.49
102.352	47.454	-14.744
102.359	47.701	-14.681
102.316	48.188	-14.265
102.096	48.76	-14.569
102.536	48.623	-13.648
102.307	49.176	-13.977
102.042	48.608	-15.168
101.9	48.713	-15.616
101.749	48.982	-15.905
101.72	49.019	-15.941
101.519	49.199	-16.224
101.491	49.228	-16.231
101.8	48.243	-16.62
101.86	48.021	-16.828
101.607	48.017	-17.828
102.12	47.687	-17.482
101.928	48.015	-18.383
102.483	47.685	-18.109
102.912	48.185	-18.803
102.413	48.79	-19.178
103.036	48.629	-19.097
103.609	48.39	-19.281
102.603	49.372	-19.228
103.205	49.147	-19.142
103.8	48.972	-19.331
103.381	49.618	-18.926
103.914	50.152	-18.441
104.391	49.798	-18.779
104.567	50.203	-17.818
104.734	50.153	-17.714
105.309	50.757	-16.962
105.235	51.012	-16.87
104.65	51.606	-16.911
104.543	51.645	-16.965
105.411	51.766	-16.671
105.439	51.794	-16.671
105.59	52.5	-16.848
106.238	52.539	-17.084
105.571	52.588	-16.885
106.219	52.626	-17.121
105.544	52.683	-16.921
106.172	52.797	-17.184
105.54	52.695	-16.926
106.167	52.811	-17.189
107.471	51.554	-17.622
108.187	51.431	-17.654
108.875	52.531	-18.728
109.299	52.493	-19.287
108.867	52.538	-18.734
109.291	52.499	-19.293
108.524	52.635	-18.789
108.687	52.756	-19.351
107.67	52.644	-18.491
108.007	52.899	-18.914
108.223	52.992	-19.464
108.283	52.909	-20.054
107.271	53.305	-18.579
107.702	53.404	-18.981
107.949	53.446	-19.524
107.973	53.423	-20.122
107.701	53.998	-18.969
107.949	53.979	-19.514
107.828	54.464	-19.063
107.786	54.637	-18.984
107.492	54.875	-18.594
107.83	54.97	-19.106
107.466	55.091	-18.571
107.804	55.186	-19.083
106.521	55.642	-18.2
106.19	55.45	-18.034
106.73	56.193	-18.554
107.331	56.034	-18.794
107.75	55.709	-19.198
106.729	56.263	-18.608
107.33	56.092	-18.839
107.747	55.798	-19.267
106.671	56.317	-18.63
107.235	56.215	-18.839
107.66	55.991	-19.214
106.671	56.325	-18.635
107.234	56.221	-18.843
107.66	55.999	-19.22
105.965	56.797	-19.236
105.385	56.799	-19.192
106.627	56.983	-19.946
107.223	56.756	-19.859
107.666	56.299	-19.772
106.628	56.983	-19.956
107.223	56.756	-19.865
107.667	56.298	-19.781
106.689	56.969	-20.014
107.325	56.682	-19.967
107.76	56.138	-19.905
106.906	57.225	-20.498
107.49	56.876	-20.335
108.018	56.443	-20.482
107.005	57.735	-20.965
106.727	58.496	-21.423
106.683	58.638	-21.435
106.286	59.444	-21.205
105.538	59.732	-20.971
104.858	58.995	-21.102
104.833	59.587	-20.838
104.662	60.212	-20.812
104.374	59.386	-20.304
104.216	58.341	-20.039
104.121	58.828	-19.556
104.534	57.765	-18.876
104.584	57.598	-18.914
104.649	57.398	-19.104
104.572	57.025	-18.557
104.22	56.669	-18.117
104.717	57.239	-19.192
104.619	56.917	-18.617
104.289	56.509	-18.206
104.1	56.855	-17.945
103.953	57.029	-17.746
104.416	57.983	-18.591
104.334	58.138	-18.461
104.03	58.947	-18.03
104.047	59.188	-18.747
104.295	59.974	-18.333
104.575	59.957	-17.434
104.639	60.33	-18.028
104.499	60.887	-18.437
105.175	60.513	-17.899
106.074	60.156	-16.913
105.894	59.908	-16.491
105.232	59.544	-16.145
104.67	59.366	-16.233
104.61	59.36	-16.357
104.167	58.954	-16.617
105.861	59.651	-15.799
106.262	59.469	-15.174
105.129	58.893	-14.216
105.235	58.692	-14.077
106.402	59.454	-15.146
106.748	59.171	-14.937
106.246	58.485	-14.124
107.246	58.334	-14.106
105.769	57.536	-13.678
106.284	57.193	-13.623
105.224	56.418	-13.736
105.03	55.898	-13.526
104.904	55.485	-13.119
105.169	56.44	-13.732
104.985	55.916	-13.522
104.856	55.504	-13.114
105.122	55.383	-13.099
105.432	55.713	-13.488
105.748	56.18	-13.684
105.339	55.236	-13.068
105.609	55.593	-13.463
105.965	56.032	-13.653
105.889	54.059	-12.261
106.552	53.866	-12.247
105.802	53.771	-12.1
106.465	53.579	-12.085
105.262	53.256	-11.706
104.743	52.959	-11.624
105.085	51.487	-11.14
104.808	50.622	-11.591
104.5	50.542	-12.123
104.873	50.432	-11.604
104.587	50.297	-12.234
104.956	50.197	-11.711
104.183	49.662	-12.836
104.231	49.051	-12.83
104.106	49.656	-12.864
104.149	49.045	-12.86
104.737	48.769	-12.422
105.101	49.15	-12.08
105.23	49.562	-11.625
104.791	48.638	-12.321
105.14	49.055	-12.007
105.274	49.456	-11.543
104.888	48.477	-12.178
105.203	47.563	-11.927
105.422	47.284	-11.855
105.922	46.94	-11.694
105.881	46.822	-11.741
105.994	46.765	-11.738
105.996	45.216	-12.047
106.239	45.21	-12.159
105.293	44.743	-12.432
105.335	44.601	-12.655
103.986	45.589	-12.682
104.029	45.953	-12.477
103.874	45.567	-12.756
103.776	45.155	-13.542
103.522	45.078	-14.027
103.03	45.19	-14.369
102.938	45.227	-14.477
102.332	45.791	-14.125
102.606	45.572	-14.717
102.593	45.219	-15.308
102.558	46.048	-14.958
102.455	46.787	-15.007
102.356	47.21	-14.761
102.56	46.45	-15.677
102.574	46.407	-16.141
102.562	46.519	-16.219
102.754	46.589	-16.729
102.802	46.861	-17.019
102.927	46.826	-17.219
102.96	47.027	-17.553
103.22	46.463	-17.562
103.352	47.228	-18.207
103.62	46.668	-18.228
103.802	46.896	-18.456
103.952	47.609	-19.062
104.173	46.895	-18.764
104.196	46.095	-18.839
104.627	46.962	-18.91
104.647	47.094	-18.938
104.854	47.153	-18.95
105.113	47.255	-18.967
105.514	46.677	-19.02
105.804	46.146	-19.383
105.502	47.411	-18.736
105.721	46.76	-18.898
106.193	46.301	-19.152
105.688	47.36	-18.431
105.835	47.501	-18.073
106.089	48.636	-17.779
106.702	48.842	-17.42
106.06	48.986	-17.921
106.675	49.175	-17.556
106.036	49.093	-17.936
106.637	49.364	-17.587
105.415	49.413	-18.551
105.827	49.523	-17.94
106.41	49.833	-17.591
107.018	50.265	-17.592
105.522	49.817	-17.72
106.076	50.153	-17.351
105.296	49.925	-17.605
105.675	50.322	-17.137
105.282	49.932	-17.6
105.659	50.33	-17.131
106.614	51.734	-17.104
106.493	51.857	-17.029
106.866	51.628	-17.294
107.378	51.487	-17.575
108.357	48.145	-16.356
108.434	47.523	-16.164
108.631	48.218	-16.228
108.708	47.596	-16.036
108.843	48.323	-16.145
109.087	47.79	-15.879
108.969	48.399	-16.108
109.209	47.863	-15.842
108.784	49.296	-17.131
109.822	49.539	-17.022
108.978	50.718	-17.46
109.399	51.163	-17.7
108.587	51.054	-17.566
109.037	51.474	-17.798
109.508	51.015	-17.593
109.597	50.976	-17.573
109.883	50.901	-17.572
110.498	51.331	-18.103
110.395	50.866	-17.546
110.378	50.19	-17.265
110.846	50.979	-17.328
111.384	51.412	-17.342
111.823	51.161	-16.978
111.636	51.701	-17.456
112.085	51.462	-17.097
111.461	52.054	-18.687
111.129	51.809	-18.838
110.974	51.726	-18.755
111.105	51.667	-19.371
110.299	51.399	-18.276
110.448	51.603	-18.856
110.579	51.544	-19.471
110.669	51.232	-20.014
109.962	51.826	-18.98
110.093	51.767	-19.596
109.875	51.933	-19.117
109.621	52.167	-19.115
109.406	52.372	-19.087
109.388	52.39	-19.095
109.32	52.273	-20.598
109.308	52.442	-21.063
108.05	54.174	-20.656
108.081	55.016	-20.51
109.054	55.18	-21.567
109.104	54.593	-21.651
110.347	56.632	-21.54
110.455	57.211	-21.699
110.23	56.65	-21.553
110.339	57.229	-21.712
110.139	56.707	-21.566
110.176	57.33	-21.776
109.38	56.876	-21.366
109.5	57.48	-21.597
108.855	56.888	-21.112
108.544	57.502	-21.168
108.36	56.701	-20.793
108.105	57.337	-20.886
108.858	58.106	-21.68
108.751	58.555	-21.957
108.811	58.666	-22.025
108.939	59.262	-22.164
108.489	60.068	-22.016
109.498	59.924	-22.326
109.41	60.662	-21.782
109.408	60.699	-21.759
106.482	60.875	-20.829
106.191	60.127	-21.001
106.321	60.993	-20.744
106.88	60.93	-20.905
106.555	61.384	-20.15
107.105	61.308	-20.333
106.766	61.349	-20.109
106.858	61.185	-19.187
106.672	61.108	-18.91
106.59	61.049	-18.729
106.413	60.986	-18.452
106.868	60.803	-17.985
106.073	60.863	-18.159
106.543	60.686	-17.704
106.439	60.613	-17.637
106.306	60.469	-17.479
106.236	60.332	-17.289
106.216	60.317	-17.277
107.119	60.717	-16.291
107.239	60.863	-16.686
107.765	60.71	-16.143
107.833	60.856	-16.549
108.363	60.427	-16.186
108.384	60.596	-16.589
108.965	59.857	-17.01
109.384	59.896	-17.492
109.048	59.572	-16.953
109.474	59.589	-17.431
109.1	58.858	-16.097
109.66	58.384	-16.013
109.072	58.841	-16.008
109.632	58.367	-15.924
108.869	59.0	-15.742
108.686	59.092	-15.433
108.693	59.004	-15.329
108.367	59.07	-15.042
108.287	59.172	-15.08
107.294	59.117	-14.879
108.167	58.002	-13.854
108.424	58.049	-13.908
109.224	56.532	-14.036
109.618	56.072	-13.872
110.043	55.784	-13.512
108.8	56.173	-13.885
109.252	55.762	-13.742
109.619	55.425	-13.362
108.734	56.103	-13.883
109.132	55.635	-13.734
109.466	55.264	-13.345
108.591	55.965	-13.897
109.03	55.536	-13.744
109.35	55.153	-13.356
107.999	55.708	-13.876
107.959	55.071	-13.675
108.0	54.577	-13.224
107.675	55.708	-13.865
107.731	55.07	-13.667
107.723	54.577	-13.214
107.454	57.144	-13.633
106.862	56.99	-13.6
107.059	55.66	-13.843
107.235	55.019	-13.665
107.448	54.54	-13.218
106.969	55.637	-13.829
107.181	55.005	-13.657
107.358	54.517	-13.204
106.437	55.71	-13.713
106.218	55.135	-13.471
106.093	55.878	-13.648
105.847	55.318	-13.4
106.78	54.303	-12.852
106.525	53.935	-12.309
108.873	54.42	-12.752
108.971	54.3	-12.425
108.782	53.997	-11.75
109.289	54.168	-11.258
108.521	53.625	-11.333
109.039	53.813	-10.861
107.588	52.643	-11.077
107.186	52.579	-11.211
106.557	52.874	-11.709
106.531	52.922	-11.738
106.547	53.052	-11.8
106.495	53.245	-11.916
106.47	52.246	-11.14
106.444	52.23	-11.118
106.26	52.241	-11.143
105.672	51.848	-10.937
105.513	51.733	-10.944
105.189	51.503	-11.044
105.783	50.85	-9.849
106.101	50.955	-9.725
105.831	50.057	-9.805
106.159	50.007	-9.672
105.926	48.984	-10.709
105.354	49.304	-11.383
106.521	47.933	-10.804
106.812	48.306	-10.47
106.206	46.806	-11.7
106.063	46.869	-11.69
106.328	45.765	-11.967
107.129	46.423	-11.671
107.335	45.573	-12.425
107.985	45.576	-12.328
108.537	45.444	-11.997
107.364	45.413	-12.545
108.004	45.469	-12.408
108.56	45.318	-12.092
107.277	45.199	-12.697
106.59	44.567	-13.064
107.115	44.64	-13.254
107.662	44.53	-13.338
106.917	44.399	-13.997
105.543	44.205	-13.626
105.479	44.029	-14.208
104.579	43.924	-15.111
105.068	43.94	-14.723
104.468	43.783	-15.866
104.712	43.633	-16.446
103.892	43.923	-16.145
104.136	43.773	-16.724
103.412	44.261	-16.434
103.655	44.111	-17.014
103.08	44.759	-16.702
103.324	44.609	-17.282
102.936	45.36	-16.918
103.179	45.21	-17.498
106.129	43.333	-16.712
105.082	43.481	-16.764
105.759	43.144	-17.11
106.212	42.46	-17.247
105.553	43.138	-17.648
103.974	43.819	-17.031
103.955	43.775	-17.294
103.412	44.487	-17.533
103.518	44.294	-17.684
103.713	44.785	-18.446
103.752	44.526	-18.394
105.136	44.387	-19.219
104.536	45.319	-19.111
105.114	45.139	-19.455
105.468	44.98	-20.032
105.473	45.84	-19.412
105.495	45.959	-19.334
105.559	46.021	-19.323
105.089	44.315	-19.107
105.313	43.96	-18.871
106.092	43.287	-19.079
106.48	43.46	-20.042
106.669	43.072	-19.543
106.763	42.492	-19.241
107.422	43.206	-19.647
107.817	44.098	-20.221
108.202	43.841	-19.7
108.044	44.744	-20.13
108.459	44.571	-19.597
107.955	45.392	-19.909
108.359	45.304	-19.347
107.573	45.885	-19.612
107.927	45.861	-19.012
106.596	46.232	-18.753
106.424	46.266	-18.881
106.767	46.278	-18.417
106.971	46.324	-18.032
106.563	47.164	-17.361
106.775	47.727	-17.072
107.154	48.274	-17.027
106.425	47.261	-17.429
106.685	47.79	-17.116
107.046	48.35	-17.081
108.071	48.098	-16.477
108.201	47.473	-16.242
108.195	48.14	-16.439
108.34	47.52	-16.199
108.182	46.326	-16.687
108.036	46.032	-17.269
109.024	46.392	-16.25
108.675	45.98	-16.643
108.518	45.693	-17.226
108.585	45.588	-17.883
109.368	45.75	-16.034
108.948	45.471	-16.472
108.785	45.194	-17.058
108.913	44.976	-17.677
109.349	45.062	-15.713
108.933	44.924	-16.217
108.771	44.659	-16.808
108.895	44.319	-17.37
108.634	44.479	-15.941
108.478	44.223	-16.539
107.692	44.185	-15.473
107.612	43.911	-16.049
107.482	43.428	-16.454
107.609	44.21	-15.474
107.55	43.93	-16.051
107.41	43.449	-16.455
106.915	44.31	-14.892
106.81	44.34	-14.304
106.368	44.043	-15.615
106.575	43.788	-16.147
106.875	43.368	-16.5
106.006	43.928	-15.735
106.296	43.699	-16.24
106.512	43.253	-16.62
107.554	43.538	-16.384
107.723	44.044	-15.81
108.086	43.627	-16.604
108.228	44.128	-16.019
108.615	42.912	-17.499
108.784	43.595	-17.53
108.709	42.827	-18.085
108.891	43.499	-18.192
108.547	42.745	-18.657
108.707	43.406	-18.839
108.158	42.679	-19.109
108.268	43.332	-19.349
108.338	44.072	-16.518
108.429	44.309	-15.967
108.436	44.154	-16.568
108.519	44.385	-16.013
105.751	43.211	-18.387
105.262	43.574	-18.292
105.69	42.992	-17.786
105.204	43.363	-17.712
105.363	43.71	-18.507
105.358	43.742	-18.546
108.516	45.167	-12.324
108.166	44.637	-13.092
108.763	44.805	-12.581
109.183	44.61	-11.923
109.139	44.639	-12.879
109.112	44.599	-13.141
109.541	44.556	-12.731
109.652	44.652	-13.679
110.064	44.608	-13.253
109.781	44.698	-13.717
110.316	44.638	-13.332
110.16	45.075	-14.121
110.654	44.973	-13.691
109.792	45.297	-15.348
110.202	45.662	-15.188
109.6	45.778	-15.839
110.023	46.109	-15.644
109.299	46.37	-16.099
109.743	46.659	-15.886
110.679	45.215	-13.883
110.753	45.955	-14.643
111.048	45.634	-13.925
111.651	45.191	-13.542
111.23	46.117	-13.706
111.202	46.314	-13.686
111.21	46.439	-13.631
111.147	46.699	-13.689
111.514	46.655	-13.198
111.141	46.84	-13.672
111.508	46.8	-13.181
111.146	47.576	-13.883
110.88	48.053	-14.426
110.555	48.1	-14.836
110.659	48.705	-14.856
110.967	49.219	-14.992
111.428	49.556	-15.219
110.551	48.1	-14.844
110.658	48.705	-14.858
110.967	49.22	-14.992
111.425	49.556	-15.225
110.421	48.157	-15.145
110.51	48.809	-15.435
110.249	47.311	-15.551
110.134	48.021	-15.558
110.237	48.68	-15.829
110.533	49.136	-16.3
109.651	48.026	-15.754
109.776	48.685	-16.015
111.399	49.591	-15.643
111.001	49.463	-16.32
111.479	49.722	-16.133
112.041	49.798	-16.036
111.487	50.061	-16.519
111.644	50.151	-16.516
111.549	50.577	-16.74
112.104	49.543	-14.802
111.769	49.183	-14.376
112.527	49.595	-14.409
112.173	49.233	-14.0
113.437	49.746	-14.069
113.896	49.875	-14.278
113.287	49.84	-15.917
113.625	49.942	-15.976
113.195	50.377	-16.626
113.547	50.391	-16.569
113.384	51.219	-16.856
113.705	51.096	-16.762
114.255	52.367	-16.12
114.177	52.466	-16.126
112.499	51.866	-17.131
112.115	52.158	-17.545
111.939	52.379	-18.115
112.003	52.49	-18.738
112.31	51.679	-17.143
112.047	52.091	-17.55
111.864	52.305	-18.12
111.793	52.281	-18.751
112.094	51.848	-19.906
111.912	51.501	-20.211
112.625	52.216	-20.644
112.597	52.443	-21.268
111.816	52.156	-22.013
111.981	52.624	-22.04
111.207	52.266	-22.284
111.259	52.754	-22.36
110.533	52.26	-22.234
110.461	52.747	-22.301
109.971	52.141	-21.877
109.797	52.606	-21.878
112.012	53.748	-22.176
112.492	54.047	-21.969
112.917	55.125	-21.734
112.814	54.534	-21.812
113.815	55.491	-21.15
114.144	55.742	-20.873
113.248	56.861	-21.255
112.25	56.722	-21.658
112.103	56.737	-21.659
111.668	56.668	-21.609
110.896	57.089	-21.649
110.692	57.066	-21.635
111.309	58.205	-22.39
111.804	57.867	-22.131
111.751	58.835	-22.415
112.247	58.496	-22.156
111.462	59.557	-22.599
111.58	60.156	-22.572
110.758	59.775	-22.736
110.985	60.34	-22.688
110.108	60.097	-22.547
110.436	60.612	-22.528
112.136	61.122	-21.988
112.381	61.233	-21.643
111.644	61.692	-21.75
111.928	61.759	-21.424
111.085	61.883	-21.225
111.414	61.934	-20.941
110.334	61.389	-20.212
110.019	61.365	-20.496
109.698	61.308	-20.612
109.614	61.305	-20.813
109.507	61.29	-20.918
109.343	60.806	-21.676
108.755	61.412	-19.515
109.368	61.337	-19.319
108.244	60.819	-18.174
107.767	60.877	-18.278
108.59	60.74	-18.068
108.622	60.733	-18.041
108.546	60.72	-17.816
108.99	60.786	-18.199
108.986	60.284	-17.379
109.431	60.349	-17.762
109.171	60.19	-17.497
109.213	60.029	-17.434
111.056	60.059	-18.015
111.028	59.561	-17.869
110.351	58.849	-17.483
110.458	58.359	-16.902
110.155	58.869	-17.428
110.279	58.377	-16.852
109.637	59.314	-17.449
109.296	59.105	-17.021
109.602	59.372	-17.448
109.261	59.163	-17.021
109.674	58.428	-16.303
109.608	58.421	-16.059
110.994	58.23	-16.736
111.288	58.501	-17.224
111.518	58.981	-17.563
111.506	57.914	-16.715
111.645	58.28	-17.21
111.991	58.69	-17.543
111.713	57.685	-16.886
111.889	56.872	-17.01
111.825	56.018	-16.524
111.837	55.976	-16.411
111.948	56.247	-15.69
112.28	55.914	-15.317
112.775	55.646	-15.108
111.949	56.553	-15.397
112.281	56.193	-15.05
112.777	55.994	-14.775
111.895	56.788	-15.171
112.209	56.633	-14.64
112.719	56.58	-14.264
113.333	56.638	-14.11
111.87	56.863	-15.128
112.205	56.646	-14.633
112.712	56.601	-14.252
113.3	56.738	-14.053
111.311	56.748	-14.507
111.633	56.415	-13.955
110.818	56.57	-14.341
111.115	56.228	-13.78
109.783	57.279	-14.538
110.487	57.748	-14.933
109.847	57.825	-14.795
109.335	58.073	-14.462
109.728	58.164	-15.283
109.711	58.208	-15.423
109.688	58.264	-15.622
109.632	57.081	-14.436
109.623	57.068	-14.428
110.873	55.999	-13.53
110.851	55.983	-13.51
109.403	56.787	-14.201
109.763	56.243	-14.038
110.215	55.903	-13.675
109.297	56.735	-14.13
109.676	56.2	-13.98
110.079	55.837	-13.583
110.69	55.257	-11.502
110.189	54.921	-11.516
110.081	54.823	-11.568
110.003	54.751	-11.587
109.911	54.668	-11.636
109.803	54.555	-11.641
109.132	54.121	-9.546
109.104	53.972	-9.585
109.624	55.169	-8.515
109.554	55.252	-8.005
109.611	55.327	-7.899
109.759	55.127	-7.208
109.739	55.002	-7.143
109.745	54.994	-7.131
109.708	54.59	-6.677
109.65	54.502	-6.606
108.448	54.201	-7.369
108.421	53.946	-7.015
108.138	53.574	-7.77
108.136	53.37	-7.384
108.418	52.324	-7.683
108.242	51.749	-7.38
108.432	52.304	-7.713
108.257	51.727	-7.412
108.384	52.58	-8.7
108.202	52.238	-9.198
107.818	51.862	-9.529
108.489	53.028	-9.18
108.275	52.549	-9.532
107.915	52.274	-9.972
107.685	51.097	-9.225
107.934	50.884	-8.603
107.99	50.927	-7.903
107.661	51.075	-9.222
107.916	50.868	-8.601
107.958	50.898	-7.9
106.964	51.878	-9.998
106.638	51.732	-10.008
107.377	50.845	-9.155
107.682	50.681	-8.546
107.825	50.794	-7.869
107.102	50.317	-9.09
107.471	50.277	-8.496
107.53	50.227	-7.799
106.849	49.808	-9.222
107.033	49.363	-8.749
107.018	49.094	-8.13
106.764	49.248	-9.54
106.982	49.022	-8.943
106.949	48.632	-8.394
106.988	48.77	-9.802
107.179	48.641	-9.15
107.066	48.421	-8.505
107.235	48.463	-9.884
107.325	48.46	-9.199
107.255	48.188	-8.568
107.407	48.356	-9.886
107.609	48.238	-9.192
107.563	47.869	-8.559
107.634	48.248	-9.948
107.729	48.181	-9.224
107.748	47.781	-8.61
107.875	48.154	-10.098
108.17	48.071	-9.505
107.929	48.128	-10.129
108.225	48.046	-9.536
108.213	47.796	-10.558
108.732	47.439	-10.303
108.213	47.787	-10.57
108.732	47.431	-10.315
108.218	47.166	-11.029
108.743	47.087	-10.576
108.343	46.741	-11.239
108.863	46.676	-10.779
108.245	46.33	-11.567
108.713	45.978	-11.436
108.096	45.951	-11.938
108.579	45.637	-11.77
109.222	46.022	-10.701
109.519	45.647	-10.435
109.779	45.016	-10.415
109.982	44.801	-9.841
109.909	44.6	-9.232
109.883	44.672	-10.564
110.072	44.501	-9.97
110.038	44.169	-9.418
109.928	44.599	-10.629
110.166	44.381	-10.095
110.18	44.032	-9.577
109.97	44.546	-10.669
110.196	44.343	-10.123
110.223	43.978	-9.617
110.239	44.316	-10.401
110.292	43.984	-9.747
110.555	44.01	-11.279
110.66	44.047	-10.552
110.674	43.74	-9.884
110.594	43.163	-9.435
111.179	44.089	-10.525
111.145	43.778	-9.86
111.811	44.238	-10.681
112.256	44.043	-10.134
112.594	43.538	-9.725
112.152	44.408	-10.836
112.461	44.145	-10.226
112.936	43.708	-9.881
113.649	43.62	-9.931
113.652	43.623	-9.932
112.236	44.554	-11.021
112.239	44.557	-11.022
112.594	44.793	-11.566
112.597	44.79	-11.591
111.455	43.996	-11.804
111.628	44.01	-12.116
110.837	43.963	-12.317
111.111	43.983	-12.545
112.632	44.764	-11.781
112.349	44.537	-12.646
112.795	44.902	-12.399
113.383	45.07	-12.253
112.265	45.073	-13.154
112.722	45.374	-12.846
113.299	45.606	-12.761
112.445	45.962	-12.916
112.316	46.108	-12.898
112.306	46.118	-12.898
111.766	47.529	-13.059
111.739	47.515	-13.07
111.917	47.795	-13.097
112.267	47.351	-12.807
112.223	48.121	-12.983
112.587	47.691	-12.688
112.529	48.942	-13.219
113.163	49.16	-13.135
112.505	49.071	-13.373
113.139	49.29	-13.288
113.635	48.644	-12.682
113.364	47.981	-12.466
113.92	48.551	-12.623
113.664	47.882	-12.403
114.116	48.647	-12.673
113.999	48.145	-12.385
114.566	48.654	-12.507
114.482	48.152	-12.207
114.755	48.677	-12.412
114.839	48.177	-12.049
115.411	49.412	-12.53
115.263	48.996	-12.091
115.348	48.496	-11.728
115.65	47.998	-11.506
115.303	49.399	-11.544
115.388	48.899	-11.181
115.524	51.187	-13.096
115.7	51.689	-13.425
115.482	50.375	-13.251
115.42	50.943	-13.507
115.592	51.435	-13.854
115.966	51.764	-14.232
115.102	50.801	-13.85
115.26	51.286	-14.212
114.706	50.407	-14.104
114.529	50.568	-14.671
114.142	49.85	-14.107
113.986	50.032	-14.674
114.941	51.251	-14.998
114.664	50.904	-15.844
115.008	51.481	-15.529
115.624	51.867	-15.372
114.451	51.291	-16.282
114.809	51.844	-15.939
115.37	52.33	-15.896
114.404	52.229	-16.104
115.781	51.969	-12.93
115.813	52.016	-12.908
116.698	52.581	-13.495
117.322	52.712	-13.191
117.907	52.515	-12.848
116.875	52.674	-13.807
117.426	52.767	-13.373
118.066	52.599	-13.127
116.612	52.65	-14.93
116.944	53.06	-14.707
116.437	53.037	-15.459
116.757	53.476	-15.276
116.041	53.44	-15.834
116.331	53.911	-15.679
115.487	53.797	-15.993
115.735	54.294	-15.851
114.797	53.511	-16.108
114.199	53.567	-16.122
113.065	54.645	-15.854
112.565	54.819	-16.276
113.07	54.637	-15.863
112.569	54.811	-16.284
113.394	54.396	-16.099
113.147	54.356	-16.697
112.998	54.579	-17.288
112.974	55.023	-17.76
114.21	54.045	-15.979
113.634	54.097	-16.272
113.233	54.248	-16.76
113.084	54.471	-17.35
113.214	54.724	-17.934
113.598	54.96	-18.4
113.474	53.721	-16.373
113.176	54.113	-16.796
113.026	54.336	-17.387
113.054	54.349	-18.035
112.967	53.27	-16.581
112.712	53.653	-17.007
112.678	53.959	-17.553
112.869	54.134	-18.124
112.926	53.215	-16.609
112.692	53.625	-17.021
112.657	53.931	-17.567
112.828	54.079	-18.152
112.568	53.5	-18.438
112.566	53.49	-18.441
112.721	53.015	-16.784
112.718	53.005	-16.786
114.058	54.383	-19.865
114.035	54.635	-20.578
114.242	55.014	-19.052
113.93	54.63	-18.995
114.034	55.33	-18.609
113.685	55.004	-18.47
113.783	55.798	-18.369
113.387	55.558	-18.185
112.917	56.732	-18.236
113.057	57.077	-18.446
113.143	57.125	-18.555
113.169	57.178	-18.609
113.465	57.37	-18.902
113.314	58.005	-18.862
113.859	57.51	-19.627
113.708	58.145	-19.588
113.841	57.572	-19.791
113.723	57.328	-20.63
113.68	57.239	-20.744
113.444	56.936	-21.076
113.199	58.186	-21.65
113.201	58.451	-21.611
112.614	57.962	-22.011
112.449	58.162	-22.075
113.678	58.899	-20.597
113.795	59.304	-20.163
112.916	60.11	-21.012
112.679	60.001	-21.429
113.016	60.267	-20.744
112.851	61.054	-20.698
113.037	60.644	-20.343
113.407	60.345	-20.025
112.611	61.32	-20.24
112.809	60.897	-19.909
113.147	60.634	-19.528
112.392	60.96	-19.554
112.262	60.897	-19.371
111.837	60.89	-19.264
111.117	61.088	-19.382
110.699	61.329	-19.733
110.682	61.367	-19.871
110.536	61.397	-20.09
111.288	60.704	-18.74
111.038	60.189	-18.079
112.934	60.43	-18.465
113.177	60.433	-18.829
113.212	59.954	-18.241
113.479	59.915	-18.585
113.232	59.372	-18.117
113.501	59.283	-18.45
112.689	58.282	-18.099
112.243	58.494	-17.688
112.81	58.211	-18.294
112.835	58.174	-18.336
112.711	56.655	-18.08
112.52	56.485	-17.939
112.029	56.456	-17.472
111.962	55.919	-17.169
112.024	56.462	-17.463
111.957	55.925	-17.16
112.361	55.607	-17.523
112.526	55.332	-17.525
112.482	55.013	-16.109
112.941	55.009	-15.566
112.358	55.196	-16.011
112.8	55.217	-15.454
115.094	56.753	-14.396
115.427	55.889	-14.986
115.505	57.608	-13.778
116.091	57.618	-13.634
115.102	58.234	-12.602
115.922	58.478	-12.082
114.565	58.251	-11.625
113.746	58.073	-11.883
114.424	57.94	-13.5
114.158	57.917	-13.488
113.688	58.009	-11.991
113.148	57.496	-11.95
112.621	56.733	-12.72
112.654	56.731	-13.214
112.577	56.675	-12.591
112.57	56.651	-12.486
112.427	56.534	-12.101
112.753	56.957	-11.647
112.227	56.314	-11.741
112.562	56.746	-11.304
111.689	55.862	-11.488
111.627	55.884	-10.861
111.407	55.699	-11.506
111.356	55.728	-10.879
111.143	55.513	-11.366
110.987	55.419	-11.44
109.979	55.416	-9.704
110.231	56.055	-8.973
111.955	56.842	-9.605
112.367	57.131	-9.986
112.133	57.169	-9.194
112.532	57.434	-9.604
111.373	57.273	-8.244
111.922	57.561	-8.085
111.22	57.216	-7.612
111.77	57.504	-7.453
111.174	56.971	-7.01
111.723	57.259	-6.851
111.24	56.566	-6.503
111.789	56.854	-6.344
111.114	56.759	-6.75
110.865	56.753	-6.847
111.006	57.147	-7.682
110.78	57.055	-7.571
110.372	56.684	-8.325
110.287	56.695	-8.071
110.538	55.54	-6.304
110.214	55.283	-6.597
111.617	55.673	-5.863
111.862	55.558	-5.705
112.004	55.537	-5.659
112.152	55.418	-5.57
110.849	54.428	-4.461
110.656	54.342	-4.492
109.753	53.737	-5.337
109.335	53.328	-5.163
109.671	53.745	-5.514
109.255	53.336	-5.334
109.521	54.008	-6.061
109.594	54.362	-6.418
108.882	53.334	-5.798
108.422	53.58	-6.574
108.431	53.126	-6.01
108.177	52.891	-5.373
108.228	52.711	-6.29
108.212	52.595	-6.386
108.202	52.529	-6.447
108.127	52.246	-6.662
108.246	51.953	-7.325
107.141	50.986	-6.403
106.995	50.826	-6.245
106.957	49.514	-6.929
107.137	49.555	-7.25
106.91	49.521	-6.791
106.484	48.727	-6.617
106.783	49.275	-6.312
106.769	49.869	-5.953
106.984	48.98	-5.89
107.047	48.858	-5.838
107.07	48.828	-5.813
107.243	48.329	-5.485
107.241	47.968	-5.477
106.469	47.597	-6.536
106.66	47.222	-6.415
106.431	47.43	-7.131
106.619	47.041	-7.062
106.64	47.469	-7.713
106.846	47.084	-7.693
107.312	47.764	-5.366
107.365	47.547	-5.321
107.261	46.77	-5.51
106.822	46.852	-6.354
107.102	46.378	-5.901
107.047	45.861	-5.415
107.28	46.015	-6.311
107.35	45.89	-6.314
107.471	45.802	-6.465
107.566	45.863	-6.78
107.737	45.266	-6.607
108.056	45.875	-7.348
108.265	45.28	-7.219
108.243	45.967	-7.518
108.609	45.453	-7.521
108.422	46.095	-7.687
108.788	45.581	-7.69
108.561	46.857	-8.436
109.027	46.775	-9.029
108.443	47.135	-8.562
108.903	47.068	-9.162
108.115	47.422	-8.511
108.047	47.489	-8.517
108.85	47.353	-9.385
108.838	47.393	-9.424
109.029	46.734	-8.913
109.152	46.579	-8.822
109.596	45.942	-8.973
109.502	45.503	-8.39
109.655	45.826	-9.05
109.558	45.393	-8.462
109.746	45.671	-9.261
109.764	45.137	-8.832
109.813	45.556	-9.409
109.833	45.018	-8.985
110.147	42.271	-8.495
110.622	42.121	-8.537
111.934	42.637	-9.017
112.039	43.076	-9.276
112.011	42.532	-8.958
112.002	42.308	-8.733
112.039	42.034	-8.49
112.177	41.784	-8.318
112.225	41.776	-8.329
111.616	41.566	-8.072
112.295	41.684	-8.235
111.683	41.478	-7.983
112.267	41.666	-8.198
112.476	41.487	-7.906
113.187	41.11	-7.656
113.105	40.52	-7.174
113.244	41.085	-7.676
113.159	40.497	-7.193
113.645	41.068	-8.604
113.101	41.658	-9.07
113.599	41.286	-9.18
113.897	40.776	-9.402
113.836	41.628	-9.637
113.405	42.617	-9.85
113.933	42.528	-10.082
114.408	42.311	-10.296
114.674	41.799	-10.383
115.055	42.641	-10.484
115.275	42.105	-10.558
115.758	42.879	-10.384
115.929	42.327	-10.465
115.934	43.46	-10.196
116.31	43.874	-9.996
115.016	44.447	-9.992
114.76	45.014	-10.1
114.645	45.54	-10.429
115.006	44.442	-9.997
114.751	45.009	-10.105
114.635	45.534	-10.435
114.756	44.259	-10.188
114.319	44.691	-10.489
114.136	45.141	-10.971
114.03	43.845	-10.182
113.877	44.44	-10.485
113.578	44.823	-10.967
114.651	46.05	-11.321
114.326	45.931	-12.082
114.674	46.349	-11.726
115.22	46.647	-11.532
114.513	46.742	-11.996
115.332	45.988	-10.392
115.514	45.534	-10.012
115.797	46.628	-10.818
115.833	46.306	-10.29
116.054	45.876	-9.902
116.421	45.411	-9.721
116.094	46.751	-9.979
116.334	46.355	-9.568
116.152	46.866	-9.816
116.508	46.558	-9.295
116.022	47.799	-10.017
116.097	47.322	-9.508
116.453	47.015	-8.988
117.012	46.945	-8.569
115.73	47.517	-9.143
116.086	47.21	-8.622
114.976	48.464	-9.057
114.906	48.953	-9.509
115.124	49.101	-10.276
115.001	49.696	-10.403
115.072	50.311	-10.363
115.297	49.065	-10.694
115.155	49.664	-10.776
115.27	50.271	-10.842
115.303	49.072	-10.843
115.196	49.69	-11.044
115.329	49.023	-11.0
115.224	49.637	-11.215
114.861	50.504	-9.823
114.647	50.03	-9.405
115.221	51.346	-9.626
114.779	50.899	-9.403
114.569	50.412	-8.999
114.631	49.982	-8.494
114.44	51.274	-9.115
114.24	50.776	-8.72
115.149	52.422	-9.051
115.52	52.81	-8.559
115.563	51.725	-9.717
115.688	52.353	-9.37
116.015	52.747	-8.852
116.468	52.814	-8.286
116.043	52.655	-9.794
116.342	53.025	-9.242
116.526	52.063	-11.233
117.155	52.303	-11.491
117.873	52.282	-11.54
116.401	52.083	-11.898
117.083	52.314	-11.872
117.77	52.298	-12.088
116.005	52.238	-12.71
115.995	52.229	-12.722
117.133	52.734	-13.056
117.809	52.555	-12.755
117.148	52.731	-13.091
117.823	52.553	-12.787
117.93	52.289	-11.511
117.267	52.353	-11.469
116.66	52.183	-11.253
117.934	52.575	-11.351
117.27	52.523	-11.374
116.664	52.444	-11.108
119.689	53.056	-10.473
120.16	52.322	-11.004
120.359	52.881	-10.72
120.671	53.237	-10.265
120.839	53.043	-11.252
120.805	52.585	-12.2
121.061	53.218	-12.111
120.645	52.693	-12.777
120.88	53.34	-12.763
120.252	52.809	-13.228
120.436	53.47	-13.273
119.701	52.91	-13.467
119.813	53.584	-13.543
118.377	53.23	-13.439
117.754	53.472	-13.803
118.06	52.678	-13.204
117.408	52.868	-13.547
117.802	53.781	-13.889
118.431	53.788	-13.555
117.844	54.125	-13.971
118.472	54.125	-13.635
117.369	55.556	-13.824
117.759	55.874	-13.434
117.225	55.733	-13.824
117.615	56.051	-13.434
116.909	56.042	-13.936
116.134	56.38	-14.24
116.574	57.858	-13.223
116.897	58.136	-12.77
117.595	58.124	-12.509
118.207	57.911	-12.52
117.711	58.429	-11.932
118.324	58.216	-11.943
117.76	58.533	-11.28
118.372	58.32	-11.291
117.734	58.426	-10.628
118.347	58.213	-10.639
117.638	58.119	-10.049
118.25	57.906	-10.06
117.616	58.337	-10.311
117.416	58.511	-10.347
117.517	58.661	-11.248
117.339	58.764	-11.076
116.606	58.795	-11.628
116.631	58.868	-11.371
115.162	58.434	-10.872
115.014	58.329	-11.324
115.281	58.446	-10.794
115.293	58.451	-10.717
113.805	58.695	-10.199
114.043	58.709	-9.833
113.117	57.983	-9.088
112.766	57.709	-9.246
112.667	57.595	-9.261
112.609	57.525	-9.31
112.624	57.95	-7.455
112.745	58.022	-7.683
114.116	57.92	-8.305
114.423	57.739	-8.256
114.891	57.414	-8.007
114.935	57.376	-7.933
114.877	57.291	-7.533
114.88	57.283	-7.474
114.898	57.274	-7.092
113.99	57.507	-6.625
114.599	57.236	-6.444
115.221	57.26	-6.145
114.349	56.83	-5.911
112.751	56.988	-5.893
112.876	56.808	-5.738
114.303	56.719	-5.82
114.243	55.706	-5.604
113.378	55.016	-5.574
113.349	54.381	-5.294
113.24	55.041	-5.534
113.205	54.407	-5.252
112.947	55.137	-5.455
112.687	54.58	-5.098
112.453	55.373	-5.491
112.14	54.843	-5.138
112.207	54.265	-4.15
111.975	54.179	-3.494
111.565	54.501	-4.303
111.407	54.387	-3.629
112.76	53.576	-3.889
112.539	52.944	-3.095
112.888	52.871	-3.649
113.442	52.801	-3.999
112.655	52.162	-3.769
111.315	51.271	-3.424
111.08	50.569	-3.457
111.191	49.842	-3.373
111.061	51.299	-3.251
111.008	50.577	-3.408
110.937	49.87	-3.2
110.561	51.415	-3.138
109.972	51.86	-3.045
109.936	52.002	-3.048
110.009	52.928	-2.871
109.62	52.49	-3.263
109.029	52.131	-3.405
109.904	53.39	-3.299
109.518	52.939	-3.679
108.905	52.679	-3.911
109.654	53.247	-4.2
109.614	53.302	-4.578
109.613	53.304	-4.586
109.509	53.27	-4.671
109.495	53.33	-4.888
108.218	52.612	-4.355
108.28	52.468	-4.138
107.728	52.243	-4.916
107.649	51.994	-4.859
108.778	49.79	-3.48
108.812	49.172	-3.243
108.717	49.769	-3.525
108.753	49.152	-3.287
108.474	49.657	-3.675
108.058	49.689	-4.033
107.857	49.454	-4.182
107.328	49.666	-4.815
107.506	49.187	-4.577
107.494	48.729	-4.248
107.381	48.848	-5.045
108.063	48.105	-2.953
107.85	47.668	-3.147
107.649	46.894	-4.096
107.537	46.917	-4.534
107.52	46.934	-4.684
107.51	46.968	-4.817
106.989	45.631	-5.177
106.956	45.421	-5.016
107.709	46.646	-3.77
107.729	46.544	-3.603
107.773	46.441	-3.238
107.447	45.571	-3.469
107.782	46.027	-2.946
107.739	46.457	-2.308
107.994	45.646	-2.687
107.353	44.316	-3.76
107.496	44.24	-3.546
108.517	43.157	-3.717
108.803	42.652	-3.444
108.517	43.144	-3.743
108.803	42.639	-3.47
108.53	42.925	-4.016
108.472	42.887	-4.182
107.76	43.671	-6.824
107.684	43.459	-6.679
108.81	42.328	-7.063
109.018	42.574	-7.394
108.729	42.33	-6.944
108.696	42.24	-6.834
109.141	41.037	-7.389
108.985	40.912	-7.001
109.542	40.535	-7.349
109.354	40.449	-6.963
110.257	39.932	-6.44
110.465	39.919	-6.495
110.591	39.86	-6.452
110.704	39.871	-6.486
110.875	40.006	-6.694
111.228	39.488	-6.353
111.193	40.131	-6.851
111.573	39.624	-6.523
111.401	40.281	-6.985
111.94	39.901	-6.753
111.677	40.576	-7.144
112.216	40.195	-6.912
112.097	40.804	-7.151
112.448	40.316	-6.947
112.17	40.849	-7.167
112.515	40.358	-6.962
113.551	39.815	-7.288
113.903	40.094	-7.696
114.1	40.249	-8.249
113.444	40.011	-7.262
113.823	40.24	-7.677
114.0	40.432	-8.225
114.196	40.098	-8.22
114.044	39.794	-7.655
114.782	39.732	-8.312
114.701	39.382	-7.758
114.897	39.705	-8.305
114.906	39.32	-7.749
115.326	39.744	-8.284
115.335	39.36	-7.729
115.454	39.994	-9.602
115.79	40.108	-9.644
115.141	40.347	-10.086
115.415	40.529	-10.223
114.636	40.784	-10.191
114.812	41.052	-10.348
115.595	39.819	-8.212
115.484	39.402	-7.687
115.784	39.866	-8.131
115.658	39.446	-7.613
116.348	40.058	-8.216
116.664	39.858	-7.75
116.787	40.264	-8.425
117.103	40.064	-7.959
116.448	40.411	-9.728
116.771	40.559	-9.693
116.404	40.957	-10.264
116.734	41.016	-10.141
116.464	41.71	-10.396
116.784	41.646	-10.252
116.82	42.859	-9.753
116.807	42.869	-9.758
116.513	44.413	-9.829
116.432	45.005	-9.748
117.207	45.528	-9.169
117.45	45.872	-8.904
117.622	44.869	-8.684
117.79	44.729	-8.228
117.988	44.938	-7.617
118.244	44.51	-7.308
118.1	45.264	-7.284
118.363	44.86	-6.951
118.208	45.298	-6.939
117.887	46.3	-7.208
118.073	45.768	-6.577
118.616	45.552	-5.965
117.348	46.561	-6.734
117.643	45.976	-6.2
118.076	45.813	-5.492
117.099	45.834	-5.966
115.644	46.73	-6.584
115.563	47.179	-7.302
115.718	47.276	-7.754
115.16	47.644	-7.931
114.773	48.217	-7.936
115.8	47.292	-8.066
115.217	47.654	-8.15
114.863	48.234	-8.282
114.589	48.152	-7.489
113.994	48.355	-6.837
113.62	50.486	-7.13
113.429	50.991	-6.736
113.525	51.462	-6.272
113.563	50.769	-7.448
113.389	51.187	-6.957
113.473	51.719	-6.562
113.484	50.989	-7.894
113.234	51.574	-7.765
113.257	52.195	-7.576
113.485	50.991	-7.9
113.235	51.576	-7.769
113.258	52.197	-7.58
113.849	51.029	-8.459
113.923	51.671	-8.747
113.999	50.963	-8.563
114.079	51.603	-8.855
115.307	52.952	-8.335
114.818	52.706	-8.712
115.186	53.041	-8.233
114.687	52.802	-8.602
114.901	53.318	-7.63
114.164	53.218	-7.505
114.902	53.319	-7.62
114.165	53.219	-7.496
115.191	53.258	-7.206
114.692	53.185	-6.761
114.205	52.842	-6.448
115.451	53.623	-6.667
114.864	53.426	-6.405
114.466	53.207	-5.909
115.956	54.324	-6.343
116.876	54.035	-6.643
116.635	54.569	-6.343
116.54	54.972	-5.832
117.079	55.024	-6.685
117.691	55.168	-8.642
118.093	55.616	-9.146
117.73	55.073	-8.695
118.13	55.527	-9.197
117.93	54.433	-8.718
118.438	54.399	-9.253
119.112	54.545	-9.519
117.87	54.058	-8.858
118.42	54.287	-9.295
119.052	54.169	-9.659
117.659	53.874	-9.065
118.028	53.984	-9.66
118.56	53.842	-10.106
117.498	53.775	-9.197
117.919	53.917	-9.75
118.375	53.729	-10.259
119.32	55.383	-9.607
120.308	55.351	-9.527
119.739	55.8	-9.669
119.282	56.349	-9.479
120.028	56.134	-10.068
120.113	56.159	-10.189
120.91	55.858	-10.643
120.35	56.251	-10.793
120.028	56.863	-10.903
120.389	56.081	-11.424
121.381	55.189	-11.453
121.135	55.125	-12.102
121.591	54.546	-11.424
121.372	54.399	-12.069
121.53	53.907	-11.212
121.303	53.677	-11.829
120.264	56.11	-11.782
120.05	56.119	-12.346
119.959	56.21	-12.394
119.511	56.041	-12.897
119.51	55.915	-12.951
118.798	55.495	-13.208
118.487	54.872	-13.472
117.904	54.863	-13.764
118.537	54.184	-13.627
117.949	54.237	-13.905
117.653	55.286	-13.723
118.004	55.627	-13.372
117.505	55.467	-13.76
117.839	55.828	-13.413
118.44	57.002	-13.153
118.661	57.142	-13.093
118.275	57.831	-12.611
118.532	57.787	-12.671
118.923	58.076	-11.884
119.036	57.977	-12.106
119.718	57.485	-11.721
119.654	57.517	-11.979
119.076	57.503	-9.967
119.095	57.314	-9.778
117.523	57.099	-9.203
117.443	57.247	-9.289
117.629	56.996	-9.181
117.69	56.775	-9.067
116.267	57.159	-7.528
115.78	57.257	-7.542
116.858	56.776	-6.679
116.974	56.646	-7.355
117.131	56.151	-6.463
117.282	55.94	-7.112
117.412	56.403	-8.505
117.888	56.534	-9.031
117.619	55.737	-8.529
118.075	55.935	-9.053
115.151	54.531	-5.833
114.649	54.143	-5.725
114.36	53.603	-5.528
114.647	55.054	-5.548
114.279	54.527	-5.516
113.856	54.126	-5.244
113.615	52.591	-6.794
113.588	52.559	-6.802
113.739	52.697	-8.159
113.716	52.668	-8.162
113.491	51.375	-6.235
113.406	50.82	-6.674
113.578	51.464	-5.3
113.25	51.111	-5.826
113.144	50.533	-6.23
113.284	49.861	-6.42
112.779	51.038	-5.565
112.633	50.453	-5.947
112.341	51.187	-5.08
112.337	51.19	-5.066
111.716	50.868	-4.449
111.43	50.276	-4.2
111.461	49.604	-3.996
111.612	51.021	-4.053
111.367	50.369	-3.959
111.37	49.738	-3.65
111.424	49.545	-4.255
111.42	50.184	-4.668
111.425	49.516	-4.301
111.421	50.155	-4.713
111.671	48.919	-4.584
111.763	49.052	-5.209
112.06	49.325	-5.712
111.802	48.525	-4.668
111.876	48.712	-5.281
112.212	48.869	-5.809
112.015	47.811	-4.571
112.32	47.451	-5.116
112.852	47.346	-5.594
112.069	47.649	-4.45
112.352	47.356	-5.045
112.913	47.163	-5.457
112.082	47.557	-4.464
112.432	47.201	-5.062
111.807	46.95	-4.224
112.13	46.536	-4.799
111.376	46.606	-3.725
111.281	46.542	-3.49
111.487	47.173	-2.66
111.022	46.654	-2.603
110.685	47.214	-2.011
110.888	48.258	-2.001
110.373	47.903	-1.795
109.975	47.639	-1.342
109.837	48.417	-2.054
110.0	49.47	-2.916
109.765	49.974	-3.096
110.553	49.703	-3.022
110.298	50.199	-3.198
109.503	49.847	-3.118
109.514	49.24	-2.911
108.94	49.789	-3.347
108.896	49.176	-3.163
108.813	48.596	-2.515
108.619	48.272	-1.922
110.175	45.731	-1.967
110.372	45.107	-2.069
110.795	44.6	-2.029
109.585	45.964	-1.291
109.823	45.524	-1.725
110.128	44.964	-1.902
110.443	44.393	-1.786
110.705	43.922	-1.402
109.456	45.336	-1.961
109.875	44.834	-2.064
110.076	44.205	-2.022
108.771	45.179	-2.433
108.062	45.514	-2.661
109.227	44.115	-2.738
109.721	43.805	-2.4
109.185	44.03	-2.755
109.677	43.716	-2.417
108.976	43.818	-2.824
109.31	43.334	-2.57
108.154	43.913	-3.1
108.628	43.484	-3.059
108.927	42.967	-2.829
108.996	42.455	-2.45
108.512	43.238	-3.522
108.8	42.697	-3.337
109.12	42.501	-2.204
108.897	41.989	-1.789
108.818	42.067	-2.811
108.631	41.605	-2.326
108.887	41.369	-3.378
109.085	40.969	-3.546
109.329	40.592	-4.176
109.353	40.564	-4.583
108.529	42.174	-5.232
108.46	42.28	-5.062
108.504	42.233	-4.942
108.503	42.604	-4.379
108.568	41.965	-5.805
108.603	42.135	-6.627
109.396	40.37	-5.159
109.495	40.027	-5.501
109.485	40.058	-5.636
110.11	39.847	-6.275
110.005	39.103	-5.646
110.047	38.87	-5.52
109.295	40.27	-3.466
109.494	39.541	-2.878
110.062	38.157	-3.718
110.076	38.197	-3.454
111.632	37.665	-2.993
111.668	37.593	-3.128
110.744	37.711	-4.045
111.267	37.386	-4.229
110.59	37.829	-4.69
111.113	37.503	-4.874
110.567	38.132	-5.291
111.09	37.807	-5.475
110.679	38.586	-5.776
111.202	38.261	-5.961
111.243	37.357	-4.523
111.378	37.195	-4.688
111.255	37.642	-5.526
111.387	37.416	-5.468
112.152	37.499	-6.038
112.084	37.305	-5.866
113.598	36.948	-5.303
113.805	37.255	-5.656
112.928	37.802	-6.289
113.82	38.072	-6.673
114.28	37.367	-5.912
115.189	37.451	-6.109
115.25	37.555	-6.176
115.771	37.742	-5.986
116.563	38.693	-6.466
116.305	39.227	-7.193
116.607	38.665	-6.325
116.65	38.633	-6.169
116.763	38.549	-5.842
116.311	38.011	-5.531
116.921	38.541	-5.619
116.462	38.004	-5.32
116.893	38.502	-5.518
116.976	38.527	-5.38
117.728	38.744	-5.163
117.81	38.438	-4.58
117.894	37.91	-4.188
117.913	38.783	-5.159
117.94	38.466	-4.578
118.062	37.946	-4.185
118.124	38.862	-5.232
118.312	38.66	-4.698
118.517	38.259	-4.3
118.197	38.884	-5.249
118.376	38.679	-4.713
118.593	38.282	-4.318
118.632	38.879	-6.131
117.821	38.802	-6.477
118.415	38.828	-6.659
118.958	38.602	-6.863
117.686	39.058	-7.106
118.304	39.04	-7.18
118.846	38.816	-7.39
118.326	39.464	-7.565
117.315	40.177	-8.011
117.099	40.434	-8.506
117.229	40.136	-7.995
117.019	40.396	-8.491
117.308	40.539	-8.582
117.703	40.362	-8.154
117.475	40.653	-8.695
117.888	40.49	-8.28
117.663	40.696	-8.623
118.281	40.438	-8.223
117.916	41.183	-8.744
118.563	40.98	-8.358
117.823	41.324	-8.862
118.277	41.239	-8.465
117.809	41.755	-8.78
118.261	41.719	-8.374
117.549	42.467	-9.108
116.98	42.763	-9.697
117.979	42.646	-8.492
118.347	42.204	-8.202
118.151	42.92	-8.319
118.539	42.51	-8.009
118.2	43.153	-8.246
118.598	42.937	-7.855
118.205	43.664	-8.002
118.604	43.49	-7.591
118.218	43.86	-7.761
118.15	44.028	-7.719
119.492	44.227	-6.205
119.698	44.037	-5.444
119.205	44.369	-4.196
119.04	45.098	-4.583
118.95	44.873	-4.068
119.022	44.785	-3.51
118.484	45.444	-4.475
118.464	45.176	-3.974
118.51	45.104	-3.411
117.885	45.19	-3.94
117.746	45.131	-3.829
117.099	44.865	-4.019
116.493	44.714	-4.6
116.406	44.794	-4.879
116.534	45.35	-5.633
116.868	45.688	-5.853
115.717	45.014	-5.488
115.685	45.02	-5.489
115.288	46.221	-6.071
115.444	46.68	-6.428
114.699	45.547	-5.558
114.981	44.984	-5.183
114.257	45.422	-5.413
114.539	44.859	-5.039
113.791	46.616	-5.429
113.266	46.467	-5.269
113.824	45.248	-5.303
114.294	44.751	-4.985
113.443	44.946	-5.198
113.926	44.46	-4.883
112.497	45.062	-5.022
112.203	44.657	-4.701
112.263	45.276	-4.949
111.993	44.849	-4.635
112.024	45.804	-4.875
111.557	45.82	-4.492
112.034	45.976	-4.867
111.566	45.98	-4.485
111.407	45.115	-4.119
111.336	45.056	-3.952
111.107	45.093	-3.452
111.342	44.538	-3.08
111.046	45.153	-3.324
111.281	44.598	-2.952
110.871	45.79	-2.982
110.923	45.165	-2.839
111.236	44.627	-2.681
110.598	45.814	-2.506
110.72	45.183	-2.485
110.992	44.649	-2.254
111.721	44.212	-3.364
112.003	43.955	-3.449
112.618	43.464	-3.148
113.187	43.335	-3.517
113.764	43.521	-3.848
112.77	43.315	-2.902
113.295	43.229	-3.344
113.933	43.355	-3.576
112.838	43.228	-2.879
113.45	43.108	-3.284
112.819	42.412	-2.583
113.428	42.219	-2.962
112.459	41.942	-2.247
112.702	41.395	-2.424
113.132	40.941	-2.446
112.326	41.822	-2.101
112.608	41.309	-2.32
113.01	40.83	-2.311
111.043	41.795	-1.191
110.759	42.792	-1.023
110.418	42.235	-1.075
110.052	41.741	-0.849
109.841	42.557	-1.474
111.185	40.479	-1.22
111.612	40.052	-1.172
112.108	39.783	-0.951
112.591	39.715	-0.592
110.981	40.047	-1.289
111.573	39.97	-1.185
112.069	39.701	-0.964
112.387	39.283	-0.662
110.945	39.847	-1.532
111.507	39.592	-1.622
111.979	39.199	-1.511
112.278	38.735	-1.22
110.912	39.784	-1.617
111.5	39.578	-1.64
111.969	39.18	-1.536
112.238	38.659	-1.323
110.54	39.4	-2.049
109.587	39.612	-1.769
109.955	39.277	-2.292
110.176	38.682	-2.637
109.563	39.456	-2.773
111.539	38.591	-2.21
112.056	38.33	-1.728
111.513	38.25	-2.385
112.027	37.948	-1.924
111.568	38.04	-2.51
111.552	37.758	-2.91
112.298	36.991	-1.604
112.415	36.683	-2.583
112.563	36.409	-2.023
112.502	35.98	-1.55
113.222	36.116	-2.277
112.591	36.863	-3.899
112.394	36.92	-3.799
113.019	36.682	-4.296
113.337	36.781	-5.003
113.457	36.904	-5.19
113.472	36.936	-5.24
114.703	36.068	-5.093
114.457	35.913	-4.766
115.499	35.689	-4.032
116.111	35.988	-4.066
116.232	36.067	-4.022
116.331	36.171	-4.02
116.42	36.376	-4.13
116.877	36.178	-3.698
116.486	36.468	-4.159
116.948	36.279	-3.729
116.607	36.685	-4.276
117.164	36.674	-3.936
116.737	37.245	-4.471
117.294	37.234	-4.132
116.871	37.708	-4.466
117.37	37.488	-4.136
116.89	37.749	-4.468
117.388	37.526	-4.137
118.319	36.297	-3.691
118.153	35.763	-3.417
118.645	36.795	-3.883
119.17	37.097	-3.895
119.737	36.398	-2.959
119.106	35.653	-2.708
120.186	36.254	-1.963
120.901	36.937	-1.961
120.3	36.971	-3.277
120.488	37.159	-3.309
120.264	38.256	-4.067
120.048	38.314	-4.18
119.593	38.31	-4.375
119.555	38.691	-4.951
119.677	38.813	-5.622
119.085	38.313	-4.433
119.256	38.693	-4.985
119.289	38.816	-5.666
120.039	38.914	-5.704
120.19	38.94	-5.113
120.394	39.06	-5.806
120.559	39.091	-5.219
120.638	38.937	-6.944
120.863	39.202	-6.864
120.516	39.075	-7.55
120.718	39.367	-7.588
120.061	39.199	-7.973
120.174	39.515	-8.094
119.437	39.264	-8.061
119.428	39.593	-8.199
120.608	39.176	-5.408
121.176	40.023	-5.39
121.271	39.868	-7.044
121.428	40.187	-7.058
120.967	40.2	-7.848
121.174	40.465	-7.73
120.513	40.945	-8.143
120.794	41.089	-7.977
120.037	42.192	-7.424
120.016	42.192	-7.431
119.72	41.34	-8.18
119.272	41.691	-8.097
120.221	42.199	-7.359
120.539	42.872	-6.861
120.689	42.279	-6.988
121.023	41.816	-7.245
120.768	42.747	-6.228
120.891	42.168	-6.431
121.253	41.691	-6.613
120.748	41.911	-5.905
120.415	42.053	-5.162
120.5	41.658	-4.655
120.396	42.138	-5.093
120.48	41.754	-4.579
120.353	42.278	-4.829
120.001	42.973	-4.625
119.723	43.234	-4.331
119.621	43.352	-4.19
119.548	43.513	-3.605
119.585	43.526	-3.321
119.494	44.224	-2.716
119.853	44.347	-2.222
120.385	44.466	-1.92
119.304	44.638	-2.659
119.682	44.721	-2.171
120.15	44.977	-1.851
119.168	44.786	-2.623
119.429	44.987	-2.103
119.822	45.314	-1.758
118.778	44.984	-2.459
119.122	45.143	-1.973
119.401	45.528	-1.581
118.736	45.061	-2.043
119.214	45.43	-1.571
118.315	44.868	-1.433
118.815	45.247	-0.993
117.232	45.059	-2.486
116.942	44.982	-2.293
116.16	44.442	-3.654
116.34	44.498	-3.864
116.055	44.398	-3.483
115.023	44.147	-3.663
115.664	44.11	-3.14
116.018	44.384	-2.443
115.529	43.585	-2.896
115.126	43.165	-3.089
115.627	43.442	-2.708
115.153	43.008	-3.005
115.651	43.303	-2.634
115.021	42.543	-2.825
115.431	42.448	-2.34
114.729	41.838	-2.717
115.138	41.742	-2.232
113.943	41.201	-2.826
113.919	41.207	-2.831
114.424	40.743	-2.223
115.007	41.114	-1.975
114.431	40.62	-2.067
115.015	40.973	-1.797
113.774	40.098	-1.4
113.566	40.08	-1.384
114.594	40.268	-0.816
115.128	40.761	-1.087
114.606	40.281	-0.769
115.141	40.776	-1.035
114.476	40.237	-0.638
114.975	40.564	-0.782
115.292	41.062	-0.946
114.773	40.146	-0.136
115.193	40.497	-0.413
115.567	40.978	-0.481
114.956	40.174	-0.178
115.524	40.658	-0.387
115.229	39.898	-0.036
115.823	40.356	-0.231
115.316	39.662	0.061
115.956	39.912	-0.116
115.336	39.622	0.079
115.978	39.869	-0.096
115.205	39.085	0.757
115.725	38.871	1.09
116.256	38.939	1.464
114.306	38.912	1.126
114.935	38.738	1.087
115.533	38.624	1.325
115.986	38.592	1.793
116.21	38.647	2.405
114.974	38.216	0.92
115.561	38.252	1.206
116.026	38.07	1.627
114.039	37.322	0.606
113.318	38.041	0.855
113.279	37.435	0.602
113.133	36.794	0.615
112.713	37.613	0.113
112.27	37.526	-0.714
112.218	36.869	-0.493
114.942	36.097	0.182
114.935	36.041	0.173
114.901	35.897	0.159
114.041	35.333	0.119
114.664	35.275	-0.111
115.276	35.01	-0.13
114.483	34.998	-0.748
114.445	34.986	-0.891
113.574	35.114	-1.286
114.198	35.097	-1.525
114.711	34.815	-1.85
114.023	35.532	-2.03
113.697	35.925	-2.281
113.911	36.041	-2.913
113.59	35.991	-2.306
113.808	36.104	-2.937
114.361	35.718	-3.012
114.687	35.508	-3.292
114.761	35.494	-3.418
115.339	35.577	-3.893
115.674	34.672	-2.976
115.696	34.548	-2.74
116.322	34.879	-3.255
116.529	34.815	-3.098
115.881	34.391	-0.915
115.755	34.48	-0.696
116.974	35.122	0.15
117.124	35.058	0.036
116.726	34.427	-1.012
117.357	34.502	-0.961
116.792	34.316	-1.642
117.422	34.391	-1.59
116.832	34.415	-2.276
117.463	34.49	-2.224
116.843	34.713	-2.845
117.474	34.789	-2.794
116.824	35.178	-3.289
117.455	35.254	-3.237
117.457	35.011	0.091
118.337	34.984	-0.088
117.504	34.421	-1.214
117.752	34.366	-1.301
117.66	34.497	-2.259
117.873	34.425	-2.113
118.588	34.919	-2.548
118.594	34.754	-2.338
119.711	35.552	-1.4
119.814	35.887	-1.792
119.605	35.468	-1.363
119.364	35.355	-0.735
119.409	35.411	-0.614
119.378	35.426	-0.544
119.414	35.517	0.068
119.675	35.716	0.606
120.176	36.0	1.021
120.64	36.18	1.074
121.25	35.926	-0.098
121.512	36.193	0.129
121.502	36.189	-0.626
121.744	36.436	-0.357
121.55	36.67	-1.048
121.788	36.879	-0.746
121.123	37.548	-1.666
121.101	37.417	-1.747
121.061	37.431	-1.876
120.897	37.039	-2.051
121.148	38.733	-2.899
121.047	37.939	-3.055
121.111	38.477	-3.346
121.404	38.912	-3.668
120.757	37.757	-3.491
120.841	38.308	-3.752
121.089	38.715	-4.141
120.402	38.265	-4.021
121.126	38.798	-2.77
121.09	39.021	-2.556
121.289	39.751	-2.424
121.364	39.935	-1.848
121.625	39.955	-1.296
122.027	39.809	-0.862
121.364	40.079	-2.482
121.397	40.079	-1.873
121.665	40.129	-1.327
122.122	40.223	-0.935
121.563	40.579	-3.403
121.36	40.9	-3.072
121.409	40.869	-3.867
121.178	41.243	-3.621
120.97	40.914	-4.94
120.956	41.071	-5.523
121.237	40.1	-5.19
121.213	40.287	-5.764
120.803	41.207	-5.466
120.717	41.187	-4.822
120.797	41.215	-5.466
120.711	41.196	-4.823
121.336	40.35	-2.004
121.585	40.338	-1.397
122.068	40.336	-0.955
121.311	40.555	-1.984
121.564	40.509	-1.381
122.044	40.541	-0.935
121.291	40.825	-1.874
121.635	41.004	-1.207
121.29	40.832	-1.876
121.634	41.011	-1.208
121.256	41.017	-2.089
121.455	41.339	-1.569
121.891	41.586	-1.167
121.094	41.544	-2.303
121.317	41.786	-1.75
121.729	42.113	-1.38
120.994	41.803	-2.264
121.248	42.293	-1.719
120.904	41.938	-2.344
121.158	42.428	-1.799
120.725	42.397	-2.435
121.076	42.691	-1.873
120.481	42.865	-2.536
120.823	43.176	-1.978
120.342	42.984	-2.639
120.523	43.352	-2.134
120.893	43.79	-1.827
120.102	43.198	-2.693
120.32	43.534	-2.18
120.639	44.018	-1.885
122.194	45.631	-1.451
122.715	45.79	-1.192
121.213	46.074	-1.497
120.774	46.312	-1.431
121.584	46.77	-0.553
121.373	46.961	0.098
120.429	47.202	0.564
120.284	47.664	1.089
120.338	48.304	1.403
120.152	47.079	-0.215
120.133	47.231	0.483
120.072	47.685	1.031
119.981	48.339	1.304
119.881	49.043	1.242
119.858	47.121	0.567
119.875	47.607	1.091
119.648	48.207	1.406
119.567	46.875	0.54
119.416	47.079	1.069
119.332	46.667	0.556
119.188	46.878	1.085
119.203	46.6	0.739
118.91	45.819	0.764
118.96	45.67	0.584
118.729	45.632	1.118
119.013	45.32	0.586
118.779	45.295	1.12
119.081	44.487	0.061
119.072	44.481	-0.004
118.853	44.886	-0.712
118.355	44.488	-1.137
118.829	44.956	-0.749
118.329	44.561	-1.176
118.861	45.065	-0.694
118.475	44.754	-1.128
117.908	44.493	-1.342
118.85	45.284	-0.878
118.468	44.89	-1.242
117.898	44.694	-1.51
117.825	43.798	-1.005
118.331	43.63	-0.519
117.733	43.654	-0.962
118.23	43.471	-0.472
117.16	43.397	-0.957
116.408	43.28	-1.157
116.333	43.186	-1.154
115.969	43.047	-1.59
115.961	43.109	-1.693
115.891	43.046	-1.925
117.964	43.04	-0.265
117.138	42.453	-0.085
117.9	42.62	0.13
118.41	42.979	0.646
117.994	42.097	0.363
118.053	41.783	0.461
118.041	41.253	0.505
117.318	40.541	0.353
117.377	39.99	0.745
117.401	39.665	1.34
116.911	40.356	0.239
117.097	39.863	0.666
117.054	39.508	1.243
116.953	39.809	0.524
116.991	39.46	1.16
116.877	39.736	0.489
116.92	39.393	1.128
117.92	39.778	1.769
118.339	40.14	1.516
118.571	40.659	1.301
118.253	39.743	2.211
118.64	40.108	1.917
118.95	40.619	1.806
118.515	39.54	2.891
118.347	39.011	3.594
118.342	38.881	3.671
118.262	38.307	3.838
117.666	37.722	3.849
116.787	38.085	3.433
116.976	37.492	3.637
116.972	36.974	4.039
116.628	37.126	3.071
116.145	37.814	1.427
115.728	37.805	0.869
115.15	37.616	0.529
116.129	37.846	1.438
115.716	37.828	0.878
115.131	37.652	0.542
115.274	37.312	0.441
115.941	37.254	0.75
116.377	37.127	1.331
115.279	37.245	0.421
115.944	37.212	0.738
116.382	37.06	1.312
116.606	36.263	2.351
116.612	35.911	2.958
116.712	35.982	1.143
116.311	35.783	0.505
116.599	36.191	1.144
116.211	35.968	0.505
116.577	36.295	1.191
116.219	36.168	0.572
116.555	36.352	1.192
116.197	36.226	0.573
116.432	35.646	0.513
116.833	35.158	0.183
117.223	35.484	2.007
118.135	35.151	2.048
119.518	35.766	1.455
119.558	35.795	1.388
119.465	35.725	2.945
119.523	35.798	3.104
121.303	36.534	2.206
121.31	36.586	2.016
121.004	36.436	1.271
120.82	36.303	1.184
121.557	36.726	1.342
121.877	36.645	0.372
122.067	37.005	1.032
122.536	37.079	1.646
122.277	37.531	0.694
122.226	37.752	0.247
122.596	38.216	0.441
121.979	37.447	-0.471
122.129	37.978	-0.179
122.487	38.467	-0.035
122.992	38.832	-0.065
121.825	38.251	-0.453
122.148	38.773	-0.341
121.19	37.985	-1.312
121.195	37.634	-1.465
121.101	38.648	-1.391
121.403	38.948	-0.911
121.914	39.158	-0.586
121.076	38.845	-1.491
121.382	39.115	-0.997
121.889	39.355	-0.686
124.123	38.834	1.577
124.572	39.517	1.174
123.582	39.104	0.004
123.738	39.301	-0.092
123.104	39.815	-0.627
123.366	39.853	-0.582
123.348	41.263	-0.454
123.621	41.367	-0.249
122.748	43.8	-1.085
122.742	43.818	-1.089
124.643	43.491	-0.372
124.521	42.948	-0.21
124.974	43.99	-0.332
125.409	44.33	-0.128
124.723	44.587	-0.696
125.176	44.885	-0.466
124.379	45.24	-0.779
124.856	45.492	-0.543
123.77	45.338	-0.954
123.275	45.651	-1.029
123.903	46.273	-0.291
123.908	46.292	-0.278
123.933	46.461	-0.184
123.717	47.069	0.622
123.013	47.438	1.098
123.057	47.895	1.64
123.276	48.501	1.937
122.952	47.465	1.081
123.021	47.911	1.63
123.2	48.536	1.916
122.707	47.555	0.975
122.583	48.066	1.443
122.664	48.72	1.694
122.296	47.546	0.924
122.281	48.06	1.406
122.115	48.708	1.626
122.052	47.428	0.928
121.859	47.819	1.429
121.613	48.378	1.693
122.003	47.405	0.927
121.821	47.802	1.428
121.554	48.351	1.692
121.842	47.292	0.849
121.545	47.556	1.308
121.223	47.986	1.589
120.927	48.513	1.645
121.8	47.267	0.838
121.531	47.547	1.304
121.201	47.974	1.583
120.866	48.477	1.629
119.857	49.806	1.14
119.776	50.402	1.051
119.122	49.723	1.254
119.041	50.319	1.165
118.268	50.232	1.673
117.935	50.103	2.071
118.954	48.118	1.739
119.247	48.113	1.603
118.762	47.948	1.831
118.368	47.733	2.127
118.348	47.553	2.156
118.067	47.35	2.886
117.829	46.559	3.407
117.748	46.191	3.358
118.058	46.221	1.948
117.96	45.88	1.986
117.73	45.996	3.321
117.852	45.135	2.789
117.754	45.345	3.479
117.352	45.398	4.084
118.189	44.897	3.721
118.785	44.302	3.308
118.817	44.177	3.078
118.882	44.081	3.047
118.958	44.001	2.736
118.822	44.086	1.952
118.957	43.525	1.532
118.206	44.75	1.979
118.634	44.331	1.59
118.75	43.794	1.135
118.529	43.26	0.716
118.755	44.655	1.263
118.883	44.15	0.776
119.199	43.042	1.774
119.331	43.23	2.344
119.233	42.893	1.817
119.363	43.092	2.384
119.323	42.499	1.999
119.415	42.877	2.483
119.723	41.947	2.424
119.773	42.383	2.864
119.636	40.79	2.38
119.594	40.282	2.813
119.357	40.629	2.183
119.345	40.14	2.638
119.958	40.312	3.604
119.952	40.235	3.849
119.733	39.941	4.259
119.912	40.177	4.782
119.472	39.495	4.538
119.641	39.714	5.071
119.578	39.49	4.913
119.235	38.422	4.735
119.657	38.931	5.262
119.66	39.351	5.997
120.082	38.476	5.49
119.027	36.909	4.56
119.181	37.875	4.703
118.684	37.328	4.472
118.07	36.878	4.61
118.383	37.663	4.158
118.917	36.723	4.556
119.413	37.022	4.634
119.314	36.18	4.244
119.795	36.497	4.333
119.508	36.249	4.182
119.664	35.939	3.383
121.667	37.701	4.955
121.902	37.971	5.473
122.227	37.993	6.012
121.679	37.705	4.948
121.911	37.973	5.468
122.237	37.996	6.006
121.757	37.719	4.885
122.05	38.005	5.348
121.782	37.723	4.867
122.074	38.01	5.33
122.09	37.774	4.714
122.142	37.752	4.651
121.661	36.715	3.876
122.238	36.922	3.677
121.521	36.444	3.188
122.097	36.651	2.989
122.327	36.876	3.542
122.548	36.846	3.394
122.173	36.651	2.517
122.428	36.671	2.597
122.834	37.135	1.844
122.942	37.047	2.073
124.003	38.303	2.376
123.917	38.485	1.95
123.938	38.215	2.466
123.964	38.198	2.907
125.421	38.945	2.869
125.433	38.932	3.306
125.789	39.693	2.945
125.772	39.62	3.376
125.446	40.913	3.72
125.622	41.381	4.269
125.373	41.099	3.581
125.542	41.583	4.117
125.278	41.257	3.358
125.341	41.853	3.73
125.109	41.442	3.09
125.171	42.038	3.462
124.867	41.416	2.079
124.722	42.008	1.78
124.788	41.167	1.644
124.639	41.746	1.324
124.695	40.561	1.275
124.712	40.286	1.185
124.65	40.227	1.077
124.535	39.596	1.069
124.22	41.436	0.4
123.848	41.521	-0.065
124.276	41.534	0.486
124.383	41.526	0.795
124.52	41.584	1.131
124.61	41.671	1.291
124.714	42.002	1.867
124.684	42.107	2.041
124.756	42.843	2.386
124.966	42.841	3.052
124.766	42.869	2.383
124.975	42.865	3.049
125.186	43.306	1.694
125.006	42.744	1.022
125.306	43.291	1.135
125.809	43.666	1.228
125.246	43.497	0.604
125.425	43.645	2.47
125.337	43.309	3.105
125.607	43.801	2.575
125.528	43.473	3.216
125.71	43.919	2.769
126.0	44.59	2.883
126.018	44.733	2.829
125.91	45.278	2.777
126.365	45.291	1.406
126.253	45.605	1.279
126.359	44.938	0.862
126.245	45.183	0.629
126.124	44.4	0.587
125.965	44.54	0.3
125.815	45.463	2.772
125.542	45.827	2.844
125.225	46.327	2.538
125.05	46.637	3.051
125.138	46.525	2.392
124.967	46.826	2.911
125.916	46.268	1.233
125.733	46.563	1.15
125.828	46.169	0.445
125.659	46.48	0.491
125.281	46.126	-0.136
125.202	46.444	0.005
125.036	46.735	2.239
124.905	46.939	2.829
124.878	46.958	2.124
124.741	47.171	2.709
124.661	47.293	1.816
124.373	47.798	2.158
124.381	48.364	2.525
124.205	47.398	1.421
124.036	47.875	1.867
123.828	48.491	2.046
124.604	48.228	3.125
124.922	49.052	3.441
124.804	48.375	3.626
125.02	47.71	3.761
124.855	49.187	4.092
124.748	48.488	4.17
124.959	47.833	4.352
124.449	48.543	4.639
124.115	48.957	5.104
123.999	48.632	5.668
124.173	48.342	6.236
124.09	49.057	5.16
123.982	48.703	5.708
124.15	48.433	6.287
124.026	49.187	5.292
123.925	48.935	5.97
123.855	49.634	5.425
123.748	49.398	6.109
123.787	49.995	5.334
123.538	50.017	5.883
123.522	50.075	6.483
123.743	50.159	7.038
123.506	50.303	5.31
123.462	50.1	5.877
123.471	50.131	6.479
123.532	50.391	7.02
124.303	50.425	4.737
124.531	50.606	4.53
124.785	49.794	4.428
124.934	50.078	4.272
125.037	49.461	3.685
125.145	49.8	3.65
124.942	49.58	2.846
125.066	49.899	2.948
124.545	50.095	2.295
124.734	50.33	2.487
123.884	50.294	1.95
123.4	50.548	1.753
123.684	49.747	1.808
123.184	49.96	1.6
122.882	51.537	1.612
122.787	52.101	1.296
122.128	51.316	1.324
122.115	51.903	1.039
121.034	50.381	1.409
121.03	50.369	1.411
120.161	50.98	1.007
120.63	51.337	1.004
118.728	50.69	1.175
118.248	51.066	1.193
117.964	51.747	1.078
118.106	52.268	0.9
117.347	52.666	1.284
117.087	53.24	0.956
116.696	53.557	0.455
117.175	52.727	1.479
116.989	53.275	1.067
116.543	53.611	0.629
116.569	52.497	2.245
116.517	52.373	2.3
116.562	52.057	2.306
116.595	51.252	2.555
116.551	51.177	2.641
116.753	50.776	2.949
117.661	49.928	2.67
117.907	49.899	2.235
117.515	49.629	3.121
117.168	50.09	3.349
116.667	50.453	3.396
117.455	49.464	3.447
117.125	49.972	3.584
116.611	50.3	3.698
117.491	49.171	3.814
117.214	49.439	4.261
117.579	48.86	4.062
117.298	49.139	4.499
117.77	47.937	3.933
117.632	47.438	4.263
117.88	47.581	3.441
117.742	47.082	3.771
117.478	47.569	4.873
117.474	48.184	5.041
117.255	48.782	5.043
117.384	47.517	5.134
117.409	48.149	5.219
117.168	48.735	5.283
116.989	46.594	5.502
117.175	46.896	5.855
117.05	46.09	5.81
117.247	46.299	6.219
117.266	45.545	5.905
117.503	45.655	6.332
117.595	45.07	5.768
117.893	45.093	6.17
118.529	44.627	5.772
118.698	44.557	5.501
118.674	44.532	4.818
119.095	44.173	4.597
118.424	44.678	4.186
118.827	44.33	3.918
119.404	44.019	5.149
119.871	43.667	5.409
120.363	42.651	4.875
120.52	42.051	5.12
120.424	41.516	5.505
120.3	42.361	4.395
120.476	41.846	4.78
120.37	41.268	5.094
120.305	42.195	3.94
120.48	41.545	3.962
120.302	42.194	3.928
120.476	41.543	3.951
120.222	42.202	3.762
120.442	41.548	3.855
120.182	42.16	3.56
120.403	41.506	3.653
120.301	40.743	4.703
120.236	40.601	4.664
121.45	41.458	6.712
121.466	41.403	6.812
121.284	39.622	7.654
120.496	39.176	7.126
121.072	38.949	7.358
121.453	38.594	7.764
121.209	38.508	6.749
120.623	38.43	5.829
120.557	38.016	5.422
120.215	38.576	5.738
120.164	38.157	5.334
120.834	37.926	5.434
121.125	38.251	5.875
120.886	37.888	5.427
121.182	38.209	5.868
120.992	37.789	5.404
121.377	38.029	5.823
121.62	38.113	6.385
121.484	37.645	5.122
121.762	37.916	5.603
122.151	37.958	6.081
122.573	40.26	8.159
122.767	40.825	8.239
122.787	41.374	8.488
122.632	41.817	8.866
122.927	40.22	8.218
122.847	40.816	8.253
122.867	41.365	8.502
122.985	41.777	8.926
123.516	40.224	8.114
123.784	40.027	8.117
123.929	40.012	8.098
124.412	39.495	7.699
124.391	39.376	7.615
124.084	38.48	7.256
124.456	39.091	7.022
125.096	39.44	6.834
124.237	39.006	6.404
123.734	38.59	5.948
123.344	37.903	6.502
123.29	38.167	5.857
123.388	38.145	5.165
122.683	38.052	5.816
124.27	39.131	5.642
124.382	39.19	5.453
124.387	38.903	4.669
124.101	38.541	4.121
123.393	37.983	3.894
123.215	37.85	4.036
123.662	38.042	3.412
124.09	38.412	3.56
123.782	38.035	3.084
124.21	38.405	3.233
123.903	38.331	3.583
123.9	38.332	3.591
124.874	39.379	5.054
125.09	39.458	5.015
125.133	39.439	4.887
125.653	40.179	4.492
125.674	40.288	4.573
125.64	40.557	4.425
125.578	40.669	4.182
125.759	41.16	4.591
125.528	40.806	4.033
125.702	41.314	4.424
126.567	41.545	5.469
126.351	40.95	5.583
126.989	43.683	5.646
126.754	43.831	5.221
126.652	44.253	4.887
126.632	44.951	4.668
126.561	45.04	4.587
126.298	45.684	4.758
126.141	45.857	4.826
126.065	45.931	4.835
125.407	46.439	4.118
125.316	46.37	3.656
125.386	46.494	4.252
125.384	46.51	4.316
125.36	46.737	4.681
125.739	46.452	5.117
125.035	47.152	5.236
125.413	46.868	5.671
124.541	47.601	5.502
124.529	47.69	6.156
124.415	47.783	5.475
124.403	47.871	6.129
125.221	47.192	6.558
125.234	47.196	6.574
124.101	49.678	7.308
123.977	49.776	7.21
124.517	49.567	7.636
124.828	49.751	8.031
124.912	49.763	8.151
124.671	50.56	8.534
124.985	49.947	8.658
125.547	49.546	8.774
124.81	49.918	9.172
124.705	49.939	9.271
124.668	49.935	9.321
124.326	50.059	9.834
124.123	50.249	9.952
123.963	51.232	9.018
123.639	51.299	9.304
123.641	51.46	8.543
123.289	51.547	8.789
123.308	51.372	8.031
122.928	51.451	8.232
122.491	50.606	7.335
121.928	50.532	6.865
122.534	50.574	7.289
121.972	50.499	6.817
123.091	50.528	7.09
122.986	50.327	6.517
122.82	50.371	5.925
122.623	50.653	5.413
123.293	50.488	7.037
123.034	50.317	6.504
122.904	50.354	5.903
122.924	50.592	5.334
121.899	50.796	5.54
121.721	50.954	5.468
122.801	51.369	4.819
122.687	51.908	4.622
121.772	51.376	5.033
121.504	51.032	5.531
121.616	51.468	5.014
121.356	51.12	5.514
121.935	53.204	4.304
122.68	52.602	4.272
122.4	53.291	4.106
122.344	54.037	4.249
122.71	53.377	3.707
122.786	53.318	3.597
122.886	53.316	3.397
123.134	53.188	3.056
123.31	53.777	2.751
123.386	52.811	2.429
123.55	53.416	2.152
123.381	52.809	2.283
123.432	51.897	2.232
123.288	52.539	1.871
123.494	53.093	1.409
123.03	52.299	1.515
122.943	52.19	1.461
122.854	52.11	1.386
122.512	52.771	0.13
122.558	52.987	-0.022
121.293	52.159	0.776
121.779	51.935	0.957
121.181	52.248	0.74
120.821	52.417	0.725
120.621	52.433	0.769
120.682	52.916	0.377
120.452	52.473	0.793
120.513	52.956	0.401
120.009	52.988	0.487
119.901	53.044	0.432
119.78	53.115	0.359
119.15	53.584	0.258
117.925	53.55	0.523
117.408	53.898	0.077
117.257	53.161	0.921
116.798	53.543	0.44
117.652	54.416	-0.429
118.312	54.525	-0.331
118.965	54.349	-0.344
117.667	54.513	-0.573
118.321	54.579	-0.412
118.979	54.437	-0.474
116.784	55.354	-1.803
115.776	55.067	-1.744
116.07	55.638	-1.878
116.254	56.133	-2.266
115.559	56.061	-1.482
114.584	55.695	-0.308
114.086	55.891	0.038
114.398	55.022	-0.165
113.907	55.245	0.175
114.393	54.927	-0.099
113.887	55.068	0.288
114.876	54.134	-0.22
114.559	54.454	0.252
114.066	54.558	0.667
113.492	54.426	0.946
114.932	54.277	0.704
114.469	54.367	1.155
115.466	54.059	0.909
115.453	53.995	1.522
115.29	53.742	2.06
115.47	54.055	0.909
115.456	53.993	1.522
115.294	53.739	2.06
115.543	53.997	0.911
115.584	53.879	1.527
115.448	53.582	2.064
115.95	53.826	0.87
115.943	53.728	1.491
115.915	53.385	2.017
114.28	53.626	2.497
114.415	52.817	3.156
113.96	53.492	2.872
113.28	53.761	2.416
114.081	52.956	3.769
113.72	53.592	3.312
113.02	53.869	2.892
113.62	53.899	3.707
113.761	53.835	3.951
113.364	54.191	3.656
113.868	54.319	4.39
113.47	54.675	4.094
114.017	54.62	4.748
114.067	54.642	4.869
114.269	54.398	5.494
114.104	54.796	6.018
114.356	53.481	5.458
114.437	54.031	5.846
114.26	54.458	6.344
113.861	54.672	6.849
114.821	53.841	6.168
114.615	54.281	6.641
114.445	53.001	5.446
114.598	52.456	5.567
114.194	52.802	4.869
114.347	52.257	4.991
114.151	52.647	4.229
114.304	52.102	4.351
114.321	52.554	3.599
114.474	52.009	3.721
114.684	52.533	3.049
114.837	51.988	3.17
115.199	52.587	2.641
115.352	52.042	2.763
115.09	53.307	6.082
114.969	53.877	6.34
114.689	54.284	6.743
115.147	53.299	6.13
115.013	53.871	6.376
114.739	54.277	6.784
115.034	52.053	6.053
115.421	51.972	6.518
115.1	51.46	5.894
115.488	51.378	6.359
115.885	50.31	5.391
116.172	50.092	4.613
114.831	51.234	3.636
114.972	51.069	3.559
116.16	50.142	4.505
116.418	50.14	4.263
117.299	48.746	5.972
117.528	48.092	6.05
117.191	48.675	5.372
117.406	48.011	5.371
117.594	48.168	6.175
117.375	48.88	6.216
118.024	48.285	6.632
117.789	48.992	6.657
119.284	47.345	7.644
119.291	47.323	7.652
118.343	45.677	7.206
118.812	45.382	7.419
120.679	44.283	7.457
121.246	44.115	7.842
121.565	43.786	8.377
120.796	44.161	7.275
121.3	44.058	7.756
121.697	43.65	8.171
122.243	42.225	7.444
122.212	42.62	7.99
122.226	42.153	7.496
122.195	42.548	8.042
121.513	43.961	8.551
121.144	44.423	8.151
121.598	43.818	9.475
121.536	44.308	8.96
121.17	44.799	8.595
120.582	45.181	8.463
121.836	44.683	9.199
121.495	45.207	8.855
122.323	44.799	9.804
122.449	45.376	9.898
122.342	45.946	10.05
122.454	44.747	10.044
122.548	45.337	10.08
122.464	45.898	10.273
122.696	44.613	10.463
122.922	45.12	10.886
122.825	45.634	11.348
122.759	44.49	10.596
122.957	45.051	10.961
122.887	45.512	11.48
123.21	43.285	10.975
122.867	42.447	10.401
123.43	42.56	10.708
123.878	42.469	11.172
123.883	42.25	10.123
123.648	41.906	8.931
123.929	41.507	8.486
123.441	41.836	8.867
123.706	41.432	8.417
124.222	41.565	8.546
124.176	42.007	9.044
124.301	41.562	8.556
124.253	42.004	9.053
124.506	41.507	8.558
124.369	41.988	9.047
124.61	41.512	8.581
124.484	41.993	9.073
124.796	41.474	8.592
124.822	41.941	9.067
124.78	42.163	9.694
125.226	41.65	8.478
125.105	42.056	8.992
125.252	42.356	9.569
125.511	42.037	8.278
125.631	42.074	8.16
125.868	40.436	7.622
125.993	40.416	7.385
125.718	42.183	8.111
125.79	42.222	8.04
126.412	42.999	7.645
126.484	43.347	7.474
126.865	43.728	6.814
127.132	42.952	6.396
127.111	43.645	6.323
127.404	44.277	6.307
127.03	43.625	5.775
126.584	44.106	7.406
126.563	44.442	7.583
127.368	45.31	6.832
127.145	45.585	7.089
127.398	45.737	6.329
127.178	46.049	6.543
127.171	45.922	5.737
126.931	46.249	5.9
126.473	44.571	7.767
126.459	44.614	7.801
126.563	45.32	8.088
126.583	45.353	8.083
126.612	45.33	7.954
126.725	45.587	7.899
126.709	45.638	8.023
126.995	46.05	7.123
126.723	46.263	7.817
126.836	46.579	8.515
126.408	46.777	7.555
126.295	46.863	7.24
126.119	47.277	7.638
125.62	47.085	6.628
125.394	47.515	6.981
126.342	48.092	8.564
126.621	47.546	8.774
126.301	48.323	9.217
126.581	47.778	9.427
126.045	48.436	9.852
126.324	47.891	10.062
125.223	48.633	10.753
125.49	49.047	10.005
125.125	49.173	10.424
124.93	49.421	10.899
124.771	49.576	10.075
125.301	48.303	10.827
125.287	48.249	10.896
125.013	48.866	11.966
124.881	49.447	11.301
124.897	49.407	11.971
125.174	49.5	12.575
124.477	49.923	11.374
124.541	49.826	12.035
124.771	49.976	12.648
124.034	50.019	12.144
122.976	50.18	11.811
122.508	50.468	12.221
122.229	50.994	12.56
122.885	50.191	11.709
122.452	50.475	12.158
122.138	51.006	12.457
123.143	50.439	10.579
123.988	50.307	10.145
122.302	51.325	10.126
121.857	51.775	10.405
121.651	52.218	10.894
122.905	51.516	9.488
122.309	51.585	9.83
121.861	51.93	10.228
121.658	52.477	10.598
121.741	53.111	10.86
122.277	51.535	8.933
122.013	51.594	9.57
121.686	51.935	10.073
121.362	52.486	10.337
121.113	53.13	10.306
121.712	51.343	9.606
121.506	51.786	10.095
121.061	52.235	10.374
121.46	50.667	8.01
121.048	50.577	7.489
122.137	51.203	8.161
121.802	50.834	7.712
121.39	50.744	7.191
120.984	50.953	6.699
122.178	50.712	7.436
121.767	50.622	6.914
120.965	50.426	7.743
120.782	50.305	7.819
119.59	50.746	7.135
119.631	50.931	6.966
119.882	51.104	6.724
119.44	51.531	6.671
119.117	52.031	6.83
120.091	51.319	6.218
119.617	51.713	6.242
119.343	52.263	6.282
120.69	51.332	5.611
120.716	51.749	5.136
121.12	51.219	5.552
121.179	51.627	5.072
120.02	52.485	5.066
119.491	52.687	5.599
120.018	52.855	4.929
119.49	53.043	5.468
121.449	53.383	4.427
121.637	53.326	4.375
121.586	54.981	4.483
121.351	55.104	4.447
122.714	55.469	3.413
123.019	54.945	3.282
123.074	54.719	3.207
123.09	54.553	3.177
123.181	54.523	3.08
123.202	54.214	2.96
124.22	55.206	2.414
124.073	55.583	2.58
124.368	55.628	1.743
124.209	55.971	1.963
123.756	56.131	0.598
124.211	55.281	0.666
123.918	55.544	0.227
123.844	55.821	-0.288
123.623	54.944	-0.023
124.03	54.157	0.766
123.649	53.737	0.54
124.074	53.904	1.311
123.7	53.437	1.186
123.405	54.758	-0.187
123.259	54.673	-0.339
122.184	53.267	-0.353
121.842	53.605	-0.781
121.604	52.968	-0.125
121.261	53.306	-0.553
121.773	54.14	-1.291
122.115	54.575	-1.56
121.195	54.517	-1.578
121.627	54.894	-1.802
120.747	55.113	-1.632
121.248	55.397	-1.848
119.251	55.271	-0.966
118.57	55.444	-1.019
119.216	55.144	-0.925
118.535	55.319	-0.979
120.578	53.944	-1.216
120.326	53.906	-1.133
119.148	54.944	-0.862
118.497	55.207	-0.942
118.981	54.562	-0.595
118.311	54.784	-0.647
118.484	55.692	-1.152
118.479	55.754	-1.187
118.428	56.058	-1.412
118.656	56.747	-1.61
118.699	56.891	-1.611
118.051	57.535	-2.055
118.625	57.488	-1.562
119.35	57.611	-1.377
118.419	57.916	-1.188
118.318	57.985	-1.1
117.413	58.262	-1.129
117.952	58.169	-0.659
118.478	58.419	-0.233
117.559	58.072	-0.213
116.75	57.985	-0.043
116.326	58.112	-0.905
116.159	57.942	-0.251
115.881	58.075	0.374
115.692	57.561	-0.425
115.579	57.162	-1.467
115.332	56.816	-0.914
114.849	56.717	0.0
114.265	56.632	0.309
114.766	56.21	-0.248
114.189	56.172	0.084
114.409	56.906	0.494
114.395	56.961	0.539
112.37	56.906	0.603
112.111	56.005	0.449
111.969	55.639	0.498
112.024	55.43	0.527
111.932	55.325	0.539
112.709	54.75	0.757
111.983	54.775	0.79
111.322	54.589	0.547
112.646	54.274	1.33
111.932	54.389	1.255
111.269	54.187	1.031
111.79	54.253	1.83
114.302	53.792	2.306
114.506	53.904	2.165
114.235	53.711	2.416
114.224	53.702	2.427
111.89	54.252	1.923
111.766	54.327	2.277
111.631	54.349	2.284
111.332	54.903	2.853
111.41	55.177	3.113
111.429	55.315	3.253
112.391	56.175	4.293
112.215	56.616	4.734
112.54	56.174	4.354
112.364	56.615	4.795
113.111	55.678	4.431
113.366	55.151	4.314
113.157	56.279	4.961
112.7	56.661	5.133
113.174	56.283	4.997
112.718	56.666	5.171
113.634	55.722	5.718
113.864	55.312	5.692
113.183	56.259	6.247
112.743	56.703	5.864
113.083	56.292	6.406
112.634	56.74	6.037
113.549	54.708	8.085
114.187	54.466	8.205
115.276	54.223	7.261
115.235	54.206	7.189
115.026	54.265	7.129
115.423	53.832	6.856
115.667	53.241	6.754
114.914	54.255	6.973
115.327	53.824	6.721
115.537	53.23	6.573
116.563	52.095	7.496
116.815	52.588	7.702
116.66	51.545	7.446
116.885	51.008	7.473
116.181	51.303	7.13
116.44	50.783	7.18
115.848	51.066	6.661
116.13	50.562	6.744
117.315	50.39	7.542
117.655	50.406	7.65
118.357	49.263	7.082
118.297	49.182	6.999
118.064	49.0	6.787
117.957	48.945	6.714
118.505	49.321	7.213
119.003	49.785	7.529
120.057	49.209	8.379
120.048	48.532	8.475
120.191	48.304	8.684
120.394	47.936	8.887
120.35	47.41	8.671
120.489	47.876	8.998
120.362	47.397	8.684
120.5	47.864	9.01
120.481	47.493	8.835
120.932	47.051	9.122
121.036	46.729	9.086
121.361	46.994	9.529
121.172	46.516	9.114
121.497	46.781	9.556
121.255	46.451	9.143
121.629	46.653	9.64
121.483	46.148	9.111
121.832	46.382	9.611
121.822	47.342	11.248
121.593	47.603	11.753
121.827	47.337	11.253
121.598	47.597	11.758
122.066	46.843	11.365
122.404	46.289	11.18
121.731	47.259	12.158
121.72	47.239	12.202
121.605	47.107	12.5
121.834	46.573	13.234
121.975	46.48	13.162
121.545	46.664	13.542
122.199	46.429	13.447
121.761	46.615	13.816
122.111	46.51	13.587
123.157	46.24	13.616
122.675	46.705	14.008
122.265	46.862	14.647
123.202	47.197	14.117
123.923	47.376	13.88
124.405	46.703	13.294
124.53	47.322	13.492
124.85	47.784	13.842
124.826	47.519	12.864
124.943	46.867	12.016
125.353	46.826	11.577
124.886	46.476	11.993
125.298	46.449	11.555
124.984	46.352	11.786
124.885	46.133	11.758
124.476	45.549	12.064
124.763	44.891	11.769
123.814	45.669	12.923
124.025	45.243	12.309
124.311	44.584	12.014
124.596	43.869	12.117
123.516	45.158	12.005
123.803	44.499	11.71
123.256	45.258	11.823
123.379	44.72	11.369
122.947	45.441	11.538
123.051	44.915	11.065
125.35	45.072	11.29
125.858	44.201	11.404
125.828	44.914	11.006
126.121	45.67	10.909
126.149	43.955	10.905
126.096	44.688	10.545
126.466	45.38	10.317
126.09	44.448	10.019
126.025	43.71	9.613
126.048	42.988	10.196
125.942	43.157	9.524
126.135	43.193	8.85
125.587	42.724	9.435
126.205	44.539	9.213
126.349	44.807	8.61
126.13	44.576	9.62
126.127	44.58	9.666
126.398	45.88	10.779
126.427	46.12	10.892
126.887	46.513	10.23
126.807	46.613	10.465
126.631	47.448	10.192
126.608	47.34	10.435
125.415	47.867	11.119
125.142	48.106	11.633
125.107	48.46	12.151
125.408	47.88	11.109
125.137	48.116	11.625
125.101	48.472	12.142
125.15	48.376	12.208
125.229	47.954	11.733
125.539	47.679	11.244
125.08	47.908	12.505
125.182	47.638	11.933
125.475	47.249	11.517
125.005	47.409	12.028
125.373	47.124	11.563
125.004	47.407	12.029
125.372	47.122	11.563
123.475	47.793	14.451
123.517	48.043	14.709
123.562	48.161	14.789
123.601	49.016	15.028
123.718	49.441	14.944
123.283	49.725	15.295
123.025	49.938	15.825
122.988	50.041	16.442
123.74	49.706	14.841
123.289	49.799	15.266
123.033	50.04	15.785
123.017	50.386	16.308
123.747	49.781	14.768
123.744	49.791	14.761
123.651	50.055	14.63
123.162	50.447	14.943
123.611	50.381	14.181
123.124	50.759	14.514
123.581	50.418	14.068
123.068	50.82	14.311
123.46	50.47	13.698
122.937	50.877	13.91
123.496	50.427	13.455
122.976	50.718	13.48
122.61	51.19	13.492
123.423	50.357	13.147
122.917	50.662	13.23
122.537	51.121	13.183
122.899	50.415	12.715
122.48	50.961	12.924
122.782	50.407	12.511
122.37	50.953	12.732
122.288	52.335	13.766
122.432	52.166	14.34
121.84	52.84	12.589
121.72	52.183	12.082
121.236	54.404	12.676
121.006	54.903	11.951
120.961	54.906	11.812
120.944	54.543	11.008
120.622	54.958	11.354
120.43	55.529	11.533
120.12	54.844	11.106
119.814	54.646	10.929
119.331	55.044	10.943
118.988	55.536	10.757
118.846	56.033	10.403
119.626	54.481	10.86
119.278	54.999	10.924
118.916	55.472	10.73
118.601	55.818	10.313
119.061	53.971	11.251
118.562	54.337	11.433
118.966	53.767	11.387
118.46	54.117	11.58
118.99	52.792	11.33
119.655	52.742	10.676
119.313	52.331	11.06
118.85	51.88	11.184
119.78	51.92	11.102
120.701	51.979	10.663
121.072	51.548	10.466
121.235	51.054	10.163
121.164	50.577	9.803
120.845	52.136	10.495
121.143	51.626	10.382
121.319	51.146	10.065
121.343	50.774	9.593
120.861	50.153	10.079
120.658	50.293	10.666
120.297	50.589	11.098
119.843	50.987	11.298
120.799	50.071	10.085
120.645	50.276	10.667
120.289	50.579	11.099
119.796	50.925	11.302
120.355	49.878	8.316
119.872	50.035	7.798
119.252	50.334	7.569
120.549	50.097	8.14
119.962	50.136	7.716
119.393	50.492	7.442
120.904	48.986	10.678
120.946	48.954	11.386
120.966	48.605	10.652
121.01	48.555	11.359
121.061	48.452	10.75
121.04	48.459	11.407
121.229	48.165	10.764
121.196	48.194	11.421
121.396	47.931	11.317
121.626	47.602	11.504
120.362	49.626	12.26
119.844	50.168	12.198
120.3	49.576	12.339
119.782	50.118	12.278
120.112	49.119	12.632
120.083	48.976	12.677
120.737	48.107	12.198
120.379	47.909	12.662
119.646	47.745	13.68
119.204	48.177	13.865
119.695	47.495	14.383
119.253	47.927	14.568
119.722	47.806	15.463
120.699	47.427	15.742
120.37	47.787	16.026
120.018	47.972	16.426
120.999	48.249	16.382
121.482	48.54	16.511
121.534	48.901	17.083
122.196	48.692	16.351
122.248	49.053	16.923
122.378	48.797	16.308
122.352	49.107	16.9
122.836	49.343	15.978
122.866	49.721	16.529
121.051	48.876	17.221
120.909	48.88	17.351
122.326	49.077	18.259
122.615	49.127	18.754
122.822	49.305	17.947
123.11	49.355	18.442
123.221	49.705	17.674
123.51	49.755	18.168
123.484	50.237	17.467
123.772	50.287	17.961
123.583	50.846	17.347
123.871	50.896	17.842
123.508	51.47	17.328
123.796	51.52	17.822
123.266	52.044	17.41
123.554	52.094	17.905
122.883	52.51	17.587
123.171	52.56	18.081
122.398	52.82	17.838
122.686	52.87	18.333
121.86	52.943	18.139
122.148	52.993	18.634
121.325	52.865	18.459
121.613	52.915	18.954
120.245	52.631	17.768
120.349	52.706	17.708
120.46	52.784	17.651
121.285	52.913	17.978
120.933	52.978	17.437
120.589	53.306	16.996
121.82	52.898	17.538
121.36	52.967	17.086
121.005	53.295	16.654
121.655	52.751	16.669
121.73	52.669	16.573
121.821	52.571	16.467
122.03	52.384	16.244
122.517	51.949	16.11
122.617	51.843	16.141
122.632	51.828	16.141
122.658	51.774	16.038
122.93	50.926	16.014
121.064	53.29	14.611
120.806	53.937	14.37
121.13	53.266	14.477
120.872	53.913	14.236
121.375	53.097	14.293
121.604	52.959	14.08
120.994	54.072	13.935
121.213	54.302	13.047
120.683	54.09	14.586
120.789	53.551	14.971
120.527	54.245	14.846
120.633	53.706	15.231
120.469	54.253	14.943
120.566	53.731	15.426
120.143	55.123	15.05
120.116	54.431	15.237
120.254	53.888	15.684
120.527	53.617	16.29
119.646	54.404	15.381
119.841	53.864	15.811
119.535	54.427	15.374
119.641	53.887	15.759
119.335	54.394	15.383
119.441	53.855	15.768
118.512	54.866	15.437
117.984	54.708	15.912
118.414	55.158	15.426
117.886	54.999	15.901
118.684	55.927	15.31
119.016	56.242	15.227
120.487	55.492	14.79
120.44	55.755	14.807
120.837	56.134	13.95
120.712	56.254	14.153
119.572	57.426	13.568
120.169	56.91	12.984
119.635	57.414	12.985
119.401	58.108	12.932
119.451	57.299	12.44
119.439	56.935	11.892
119.15	57.309	11.411
119.546	56.58	11.552
119.256	56.954	11.071
119.585	56.406	11.432
119.268	56.855	11.005
119.381	55.838	11.062
119.037	56.213	10.587
118.993	57.894	11.675
118.951	58.161	11.649
118.948	58.843	11.301
119.077	58.56	10.308
118.946	59.169	10.812
119.228	59.806	11.208
118.674	59.513	10.419
119.184	57.949	9.492
119.113	58.124	9.303
118.297	57.062	8.174
118.294	56.649	7.618
118.817	56.851	9.057
118.491	56.534	8.534
118.473	56.162	7.95
118.769	55.814	7.429
118.241	56.002	8.851
118.243	55.671	8.243
118.095	55.557	8.389
117.903	55.296	8.431
117.744	55.216	8.615
117.881	54.859	8.11
117.565	55.045	8.687
117.702	54.688	8.182
117.484	54.991	8.742
117.541	54.601	8.276
117.764	54.121	7.972
116.563	54.679	8.727
116.768	54.339	8.263
116.892	53.825	7.957
116.832	55.0	10.575
117.049	54.823	11.142
117.47	55.173	10.385
117.687	54.996	10.952
116.832	54.764	11.285
116.437	54.91	10.845
116.452	54.695	11.585
116.083	54.846	11.124
117.59	53.515	12.256
117.854	52.869	12.213
118.083	53.716	11.885
118.309	53.054	11.87
118.404	53.72	11.781
118.448	53.756	11.751
117.685	52.761	12.423
117.272	53.324	12.614
117.578	52.441	13.134
117.165	53.004	13.325
117.774	51.837	13.725
118.055	51.117	13.867
118.399	50.443	13.695
118.414	50.355	13.601
118.411	50.311	13.458
118.361	50.422	12.394
118.682	49.994	12.879
118.77	49.359	13.21
119.316	49.962	12.551
118.645	48.961	13.734
118.651	48.808	13.953
118.274	50.549	14.448
118.22	50.45	14.795
118.361	49.288	14.887
118.037	49.676	15.761
118.92	48.262	15.148
118.888	48.312	15.768
118.768	48.487	16.402
118.453	48.857	16.773
119.31	48.663	17.61
119.912	48.246	16.945
119.865	48.587	17.666
119.852	48.51	18.461
120.4	48.758	17.636
118.832	48.56	19.05
118.354	48.69	19.078
118.821	48.643	19.712
118.345	48.76	19.637
118.744	48.987	20.278
118.28	49.05	20.115
119.899	48.65	20.169
120.228	48.826	20.64
121.333	48.965	21.025
120.74	48.938	20.945
121.734	49.476	21.882
122.016	49.73	22.236
122.351	49.338	21.594
122.538	49.614	21.993
122.952	49.507	21.29
123.046	49.756	21.736
123.421	49.948	21.028
123.442	50.129	21.515
123.54	50.009	20.685
123.81	50.116	20.146
123.258	49.527	20.448
123.528	49.634	19.909
122.846	49.176	20.172
123.117	49.283	19.633
122.346	48.991	19.884
122.616	49.098	19.345
123.906	51.433	20.372
123.623	51.293	21.415
123.146	52.518	20.288
122.875	52.411	20.827
122.66	52.805	20.102
122.39	52.698	20.64
122.131	52.926	19.86
121.861	52.819	20.399
121.607	52.87	19.586
121.337	52.763	20.125
120.591	52.372	19.3
120.59	52.375	19.258
119.074	51.856	20.37
119.461	51.806	20.827
118.194	51.201	20.231
117.815	50.921	20.076
116.407	52.847	18.22
116.552	52.997	18.139
117.939	51.686	18.833
118.094	51.846	18.745
118.264	51.985	18.594
117.92	52.2	18.111
117.521	52.592	17.819
117.135	53.089	17.77
118.556	52.107	18.358
118.062	52.26	17.996
117.662	52.651	17.704
117.428	53.211	17.533
119.193	52.307	17.936
119.77	52.411	18.015
118.491	53.009	17.017
117.851	53.399	17.103
119.391	53.236	16.909
118.665	53.357	16.742
118.026	53.747	16.828
117.634	54.307	17.145
118.745	53.578	16.328
118.105	53.968	16.414
116.761	54.282	18.1
116.339	54.142	18.466
116.484	54.916	18.068
116.082	54.732	18.436
116.073	56.493	16.23
116.375	56.435	16.184
116.626	56.209	16.326
116.878	56.626	15.945
116.724	56.168	16.345
116.976	56.584	15.964
116.833	56.143	16.34
117.18	56.563	15.975
117.166	55.504	16.923
117.293	55.827	16.367
117.589	56.281	15.999
118.0	56.78	15.891
117.616	55.449	16.115
117.878	55.944	15.775
118.141	57.841	15.516
118.059	58.046	15.364
119.314	56.816	14.93
119.109	56.348	15.184
119.409	56.847	14.83
119.621	57.198	14.039
119.536	57.379	13.781
119.565	57.372	13.706
118.898	58.579	14.018
118.827	58.207	14.506
118.69	59.547	13.336
119.255	58.66	13.123
119.137	59.242	12.783
119.32	59.847	12.521
119.058	58.898	12.095
117.458	60.596	13.428
117.505	61.332	12.646
117.0	61.02	12.925
116.461	60.977	13.297
116.608	60.906	12.234
117.234	60.597	10.488
117.052	60.511	9.791
116.643	60.666	9.211
117.871	61.116	10.816
117.509	60.677	10.365
117.164	60.544	9.74
116.918	60.746	9.088
116.828	61.237	8.562
117.692	60.445	10.268
117.239	60.448	9.701
117.101	60.513	8.991
118.134	59.818	10.209
118.383	59.706	10.263
118.451	59.833	10.386
118.398	59.39	9.953
118.684	59.679	10.511
118.622	59.242	10.074
117.745	59.42	8.86
117.418	59.915	8.484
117.796	59.149	8.473
117.471	59.632	8.08
117.802	58.897	8.272
117.478	59.181	7.723
117.79	58.475	8.081
117.465	58.714	7.512
117.679	58.177	7.923
117.69	58.021	7.918
118.121	57.359	8.133
118.085	56.851	7.555
118.276	57.24	8.23
118.248	56.726	7.657
117.62	57.192	6.982
117.578	57.215	6.764
117.708	57.014	6.31
117.411	57.55	6.087
117.372	58.183	5.931
117.734	56.963	6.129
117.429	57.514	5.958
117.398	58.132	5.75
117.975	56.716	5.427
118.372	56.207	5.171
119.021	55.603	6.343
119.088	55.236	6.007
119.051	55.224	6.881
119.123	54.788	6.643
118.779	54.974	7.426
118.801	54.492	7.288
118.449	56.067	4.938
118.467	56.036	4.912
118.86	55.504	4.928
119.163	55.512	4.381
119.581	55.716	3.964
118.921	55.44	4.959
119.21	55.463	4.405
119.634	55.66	3.991
119.065	55.288	5.089
119.467	55.176	4.644
119.955	55.278	4.291
119.18	54.978	5.967
119.335	54.83	5.396
119.704	54.774	4.912
120.224	54.82	4.597
120.811	54.959	4.502
119.377	54.22	5.45
119.74	54.239	4.96
120.266	54.21	4.651
119.091	54.292	6.802
119.14	53.699	6.888
118.648	54.314	7.451
118.728	53.719	7.492
119.348	53.658	5.529
119.688	53.8	4.979
120.23	53.971	4.639
119.371	53.53	5.507
119.708	53.693	4.961
120.255	53.834	4.616
122.264	56.161	3.038
122.728	55.59	3.346
122.133	56.563	2.688
122.323	56.904	2.295
122.344	56.986	2.175
122.631	57.004	1.393
123.112	56.711	0.9
123.657	56.287	0.747
122.507	57.099	0.688
122.13	57.294	0.202
122.095	57.266	0.065
121.883	57.207	-0.226
122.796	56.853	-1.105
122.453	56.764	-1.361
123.178	56.294	-1.337
122.868	56.157	-1.613
123.404	55.632	-1.183
123.114	55.438	-1.446
121.683	57.194	-0.351
121.532	57.178	-0.464
121.205	57.228	-0.567
121.087	57.166	-0.766
120.974	57.15	-0.864
121.444	56.595	-1.561
120.746	56.871	-1.215
120.091	57.371	-1.262
120.478	56.457	-1.311
120.471	56.307	-1.321
120.442	56.237	-1.321
119.825	58.226	-0.72
119.844	58.35	-0.484
119.949	58.307	1.671
120.49	58.063	1.929
119.046	57.947	2.438
118.642	58.062	2.859
118.997	58.045	2.366
118.597	58.153	2.791
118.138	58.611	1.428
117.673	58.37	1.115
117.328	58.057	0.621
117.311	58.028	0.516
116.861	58.326	1.228
116.14	58.386	1.735
115.259	58.179	1.812
115.072	58.128	1.641
115.137	58.1	1.526
114.682	57.648	1.041
114.435	57.43	0.944
114.417	57.088	0.621
112.794	58.095	2.226
112.504	58.598	2.554
112.309	59.231	2.633
112.714	58.074	2.191
112.447	58.583	2.529
112.241	59.213	2.603
112.394	57.799	1.618
112.985	57.457	1.047
112.391	57.5	1.063
111.853	57.719	0.931
112.313	57.022	0.659
111.705	58.527	2.036
111.806	59.181	2.357
111.565	58.594	1.947
111.674	59.244	2.273
111.473	58.542	1.817
111.452	59.096	2.103
110.862	58.27	1.134
110.885	58.645	1.633
110.916	59.19	1.935
110.949	59.811	1.989
110.292	58.604	1.824
110.375	59.153	2.11
109.543	57.68	1.103
109.13	57.871	1.631
109.178	56.967	1.145
108.807	57.239	1.668
109.367	56.43	0.801
109.356	55.736	0.677
109.97	56.458	0.298
109.889	55.761	0.232
110.726	56.336	0.122
110.558	55.653	0.076
109.035	56.115	1.694
109.186	55.142	2.018
109.121	55.725	2.328
108.805	56.17	2.704
109.638	55.569	2.848
110.738	56.368	3.732
110.743	56.388	3.743
111.401	56.729	4.404
111.992	56.558	4.555
110.887	57.08	4.584
110.491	56.891	4.143
110.69	57.203	4.702
110.309	57.006	4.252
112.297	56.877	6.293
112.611	56.565	6.775
112.425	56.828	6.178
112.74	56.516	6.66
112.477	56.556	6.997
112.083	56.897	6.719
112.149	56.694	7.573
111.778	57.025	7.256
112.007	56.862	7.66
111.414	57.24	7.406
111.99	56.877	7.723
111.397	57.254	7.469
112.004	56.094	8.672
112.21	55.617	8.683
112.397	55.503	8.553
112.061	55.196	8.981
112.6	55.249	8.54
112.251	54.961	8.968
112.345	54.861	8.972
112.542	54.565	9.055
112.579	54.44	9.122
113.314	54.099	9.084
112.8	54.069	9.409
112.269	53.837	9.594
113.589	53.928	9.534
113.058	53.91	9.83
112.568	53.652	10.083
113.29	54.0	10.285
114.232	53.986	9.427
114.487	54.054	9.47
113.363	54.056	10.398
113.424	54.213	10.764
114.481	54.677	11.488
114.723	54.581	12.179
115.107	54.715	11.274
115.349	54.62	11.965
115.263	54.756	11.111
115.602	54.767	11.668
115.951	54.504	12.153
115.308	54.767	11.084
115.635	54.775	11.648
115.99	54.513	12.13
115.884	54.837	11.363
116.136	54.577	11.991
115.942	54.838	11.341
116.193	54.578	11.969
116.181	53.562	12.982
115.591	53.672	13.092
116.108	53.264	14.278
116.263	53.222	14.326
117.009	53.058	13.997
117.361	52.576	14.283
117.05	53.048	13.929
117.403	52.566	14.215
117.127	52.35	14.783
116.608	52.662	14.923
117.405	51.589	14.906
117.062	52.041	15.161
116.537	52.33	15.33
115.923	52.407	15.384
117.144	51.889	15.622
116.626	52.166	15.826
117.524	51.249	16.274
117.167	51.769	16.272
116.64	52.105	16.183
117.509	51.239	16.329
117.154	51.761	16.32
116.625	52.095	16.238
117.815	49.604	17.756
118.559	48.962	17.966
117.731	49.72	17.788
117.536	50.55	17.951
116.284	52.298	17.367
116.924	51.976	17.228
117.364	51.395	17.225
116.263	52.285	17.278
116.916	51.971	17.195
117.347	51.385	17.156
114.969	52.235	16.963
115.287	52.229	16.483
114.227	52.403	17.19
113.66	52.593	17.071
113.632	52.715	17.892
113.797	52.865	18.399
113.677	52.964	18.612
114.737	53.135	18.887
114.009	53.363	19.083
113.406	53.347	19.588
114.178	54.024	19.242
114.398	54.14	19.156
114.548	54.652	19.052
115.407	54.903	18.698
114.929	55.281	18.694
114.519	55.543	18.777
114.006	55.587	19.109
114.295	56.118	18.354
113.781	56.162	18.687
113.494	56.71	17.511
113.506	56.715	17.494
114.556	56.362	17.745
114.592	56.65	17.232
114.638	57.448	15.827
115.299	57.117	16.092
115.404	57.012	16.125
115.63	56.792	16.172
116.194	58.954	14.73
116.389	58.934	14.699
116.455	57.847	15.584
117.103	57.859	15.551
116.749	58.927	14.649
117.299	59.132	14.365
117.66	59.066	14.259
117.982	59.031	14.155
116.052	58.932	14.766
115.577	59.696	14.475
115.516	59.004	14.678
115.333	58.491	15.156
115.083	58.898	14.358
114.556	59.353	13.702
113.941	59.168	13.578
114.484	59.826	13.449
113.863	59.679	13.304
114.469	59.897	13.378
113.827	59.816	13.189
114.644	60.173	12.591
113.995	60.081	12.434
114.834	60.16	12.309
114.353	60.021	11.934
113.851	60.141	11.58
113.417	60.499	11.308
114.965	60.089	12.109
114.391	60.0	11.875
113.903	60.112	11.5
113.587	60.407	11.048
113.721	60.251	10.787
113.75	60.221	10.701
115.469	59.852	11.514
115.497	59.824	11.432
116.478	60.084	10.573
116.448	60.126	9.872
116.22	60.41	9.271
116.629	60.17	10.563
116.54	60.178	9.866
116.351	60.486	9.262
116.055	60.286	9.282
116.145	59.922	9.911
115.908	60.203	9.255
115.998	59.839	9.884
114.954	60.635	8.79
114.314	60.588	9.018
113.833	60.621	9.498
115.37	61.352	8.433
114.809	60.982	8.542
114.198	60.867	8.819
113.662	61.03	9.206
113.313	61.438	9.624
114.595	60.989	8.145
114.026	60.873	8.5
113.411	61.038	8.739
114.554	60.947	7.912
113.975	60.76	8.082
113.364	60.837	8.225
114.523	60.915	7.778
113.947	60.732	7.964
113.328	60.8	8.071
114.536	60.944	7.18
114.855	61.074	6.602
115.817	61.526	6.62
115.606	61.155	6.062
116.451	61.019	5.997
117.094	61.151	6.769
117.09	60.775	6.222
117.29	60.599	5.615
117.405	60.213	6.544
117.341	58.513	6.415
117.33	58.447	6.361
115.182	60.454	4.899
115.273	60.184	4.402
115.255	60.095	4.285
115.422	59.695	3.986
116.408	59.439	3.712
116.566	59.146	3.21
116.788	60.078	4.109
116.895	59.598	3.762
117.035	59.299	3.258
117.184	59.23	2.679
117.358	59.477	3.952
117.48	59.183	3.442
117.457	59.36	3.921
117.838	59.426	4.931
117.839	58.934	4.414
118.164	58.541	3.915
117.712	58.352	4.88
117.592	58.288	5.097
117.717	57.773	4.806
117.554	58.242	5.162
117.675	57.724	4.876
118.949	56.841	3.588
119.477	56.648	3.396
118.924	56.318	3.969
119.453	56.161	3.75
119.36	56.814	3.271
118.776	57.227	3.442
119.365	56.828	3.253
118.782	57.242	3.424
119.442	57.232	2.937
118.828	57.472	3.247
119.404	57.651	2.577
118.793	57.857	2.917
118.647	58.214	2.562
118.671	58.175	2.586
118.684	58.318	2.355
118.969	58.594	1.589
118.457	58.625	1.971
118.053	58.906	2.379
118.108	58.652	1.556
116.155	58.879	2.988
115.654	58.944	3.306
115.171	59.222	3.52
116.046	58.776	2.852
115.57	58.866	3.202
115.062	59.119	3.383
115.653	58.481	2.515
115.653	58.397	2.319
114.629	58.939	3.027
114.029	58.944	2.882
113.623	58.749	2.686
113.171	59.124	2.868
112.824	59.632	2.863
113.407	58.573	2.563
113.0	58.985	2.77
112.591	59.443	2.729
113.189	59.834	3.129
113.342	60.419	3.577
112.512	61.453	3.354
112.714	61.532	3.928
111.988	61.77	3.433
112.094	61.908	4.022
111.375	61.828	3.47
111.368	61.976	4.066
110.907	61.084	2.464
110.629	60.765	2.357
111.492	60.598	2.133
111.167	60.317	2.053
109.979	60.937	3.505
109.817	60.757	3.462
109.648	60.506	3.332
109.565	59.738	2.955
109.753	59.053	2.521
110.037	58.966	2.243
109.197	58.922	2.87
108.608	58.093	2.592
108.687	58.616	3.152
108.434	59.243	3.523
108.534	58.2	3.638
108.55	57.968	3.659
108.577	57.12	3.556
108.68	57.561	3.987
108.555	57.903	4.495
109.012	56.783	3.864
109.052	57.273	4.25
108.955	57.593	4.779
109.566	57.179	4.38
109.786	57.24	4.491
109.888	57.506	5.196
109.984	57.211	4.471
110.105	57.474	5.173
109.6	57.461	7.326
109.351	57.521	7.248
110.352	57.777	8.479
110.71	57.417	8.961
110.756	56.986	9.51
110.036	57.47	7.665
110.521	57.46	8.169
110.841	57.172	8.721
110.926	56.669	9.201
110.757	56.061	9.503
110.914	57.348	7.929
111.145	57.085	8.535
111.319	56.557	8.96
110.686	57.184	9.78
110.603	57.771	9.449
110.64	57.262	9.93
110.556	57.849	9.598
110.208	56.134	10.339
109.946	56.392	10.817
110.401	55.156	10.201
110.554	54.689	10.101
110.866	55.335	9.506
110.946	54.84	9.514
110.343	54.875	11.237
110.738	54.593	11.782
111.668	53.895	11.633
111.72	54.216	12.015
112.371	53.827	11.468
112.552	54.136	11.819
111.67	55.043	12.987
111.691	55.188	13.585
111.626	55.095	14.19
111.915	54.988	12.998
111.905	55.139	13.595
111.871	55.039	14.201
112.153	54.979	13.086
112.315	55.034	13.793
112.234	54.952	13.07
112.393	55.008	13.778
112.373	54.857	12.942
112.66	54.903	13.519
112.815	54.705	14.114
112.774	54.755	12.778
112.999	54.817	13.38
113.216	54.603	13.95
113.134	54.661	12.538
113.65	54.635	12.951
113.497	54.573	12.121
113.973	54.557	12.58
113.584	54.592	12.149
114.144	54.515	12.633
113.745	54.642	11.971
114.304	54.564	12.455
113.093	53.236	15.888
113.129	53.524	15.375
112.209	53.961	15.857
112.198	53.958	15.873
112.826	53.004	16.496
112.313	53.048	16.829
113.179	52.705	17.08
112.666	52.748	17.413
111.005	53.714	17.392
110.679	54.159	17.151
111.117	53.524	18.412
111.228	53.431	18.897
111.705	52.968	18.279
111.725	52.962	18.785
112.488	52.736	18.349
112.386	52.766	18.844
110.809	54.506	18.737
111.159	55.24	19.174
112.046	55.15	19.921
112.085	55.558	19.623
112.721	55.061	20.034
112.884	55.453	19.757
113.289	54.673	19.978
113.556	54.994	19.691
112.262	56.347	18.952
111.847	56.607	18.601
111.768	57.361	17.692
111.698	56.978	18.143
111.51	57.698	17.292
111.054	57.936	17.012
111.893	57.98	16.854
111.41	58.198	16.605
112.199	58.085	16.294
111.694	58.296	16.085
112.401	58.016	14.935
112.503	58.378	14.29
112.637	57.929	14.924
112.739	58.291	14.279
113.049	57.865	14.709
112.983	58.28	14.187
113.181	57.846	14.677
113.119	58.26	14.154
114.093	57.756	15.074
114.377	57.553	15.639
114.314	58.239	14.297
113.75	58.468	13.923
114.41	58.354	14.227
113.859	58.598	13.844
112.274	58.518	14.242
111.987	58.238	14.821
112.013	58.662	14.185
111.735	58.377	14.766
111.772	60.234	13.023
111.582	60.813	12.913
112.131	60.361	13.001
111.904	60.926	12.894
112.099	60.734	12.883
112.682	60.955	12.177
113.044	60.632	11.724
113.15	60.561	11.641
112.645	61.444	11.634
112.54	61.983	11.21
112.583	62.142	9.713
112.142	62.543	9.846
112.343	62.069	9.137
111.902	62.47	9.271
111.993	61.299	7.329
112.083	61.393	6.71
112.512	61.053	7.338
112.547	61.173	6.718
112.994	60.806	7.581
113.416	60.7	7.166
113.092	60.784	7.685
113.507	60.679	7.263
113.274	61.019	6.381
113.679	61.021	5.525
114.693	60.713	5.481
114.949	60.576	5.17
113.601	61.011	5.197
113.591	61.01	5.112
114.123	60.622	4.49
113.249	61.217	4.383
113.567	60.507	3.914
113.535	60.471	3.846
112.258	62.089	4.948
112.414	62.06	5.163
111.369	61.713	6.508
111.048	61.815	7.009
111.017	61.849	6.255
110.696	61.95	6.755
111.115	62.111	5.192
110.511	62.066	5.436
110.88	62.019	4.594
110.277	61.975	4.838
110.547	61.984	6.632
110.199	62.077	6.516
109.698	61.957	5.006
109.588	62.016	5.243
108.509	61.478	5.891
108.382	60.855	5.257
108.206	60.997	5.864
107.807	61.22	6.324
108.07	60.462	6.002
108.419	60.741	4.905
108.263	60.315	4.499
108.865	61.005	4.345
108.639	60.538	4.025
108.205	60.125	5.501
108.054	60.412	6.043
108.244	59.749	5.711
108.094	60.036	6.253
108.531	58.745	5.805
108.573	58.615	5.751
108.649	58.387	5.728
109.165	57.758	5.69
108.273	59.364	7.015
108.295	59.314	7.23
108.39	59.128	7.409
108.814	58.758	8.028
107.716	59.957	8.271
107.503	60.181	7.876
107.55	60.594	8.613
107.363	60.719	8.165
107.605	61.328	8.701
107.409	61.34	8.239
107.869	61.995	8.513
107.633	61.903	8.08
108.283	62.445	8.092
107.982	62.283	7.725
108.753	62.577	7.534
108.379	62.394	7.253
109.328	62.105	6.441
110.061	62.118	6.532
109.089	62.029	6.336
108.549	61.59	5.972
108.213	59.484	6.981
108.219	59.625	6.667
108.178	59.841	6.385
108.121	59.978	6.273
111.129	61.763	6.988
111.549	61.67	6.467
111.282	61.648	7.125
111.684	61.568	6.589
109.891	62.813	8.028
109.902	62.998	8.597
109.269	62.842	8.056
109.325	63.025	8.623
108.68	62.689	8.187
108.777	62.883	8.745
108.191	62.371	8.407
108.323	62.587	8.949
107.86	61.926	8.69
108.015	62.173	9.212
107.725	61.405	9.003
107.889	61.689	9.503
107.801	60.868	9.31
107.96	61.19	9.789
108.08	60.378	9.575
108.219	60.735	10.035
109.516	59.407	9.975
109.891	59.085	10.453
109.974	58.655	10.982
109.62	59.206	9.778
109.973	58.925	10.296
110.077	58.453	10.784
110.194	58.536	10.133
110.175	58.232	10.683
110.292	58.332	10.024
110.273	58.029	10.574
110.399	58.108	9.974
110.386	57.589	10.481
110.477	57.967	9.833
110.462	57.453	10.345
109.735	56.933	11.27
109.693	57.5	11.454
109.559	56.942	12.79
109.688	56.76	13.131
109.862	56.305	13.454
109.847	56.453	14.094
110.296	55.624	13.576
110.319	55.712	14.227
110.517	55.495	13.615
110.682	55.433	14.318
110.963	55.304	13.469
111.189	55.216	14.152
111.25	55.277	13.477
111.346	55.182	14.15
111.342	55.261	13.461
111.441	55.166	14.134
110.275	55.053	15.635
109.906	55.477	15.472
110.49	54.692	16.11
110.51	54.497	16.673
109.955	55.502	16.715
109.945	55.516	16.725
109.836	55.641	16.828
109.784	55.691	17.764
109.674	56.082	17.289
109.324	56.425	16.901
110.069	56.284	18.116
109.926	56.604	17.599
109.61	57.018	17.254
110.475	56.967	17.615
110.664	57.011	17.613
110.678	57.014	17.614
110.28	58.081	16.738
109.98	57.914	16.835
109.82	58.159	16.043
109.595	57.979	16.254
109.405	57.699	15.481
109.248	57.595	15.784
109.216	56.905	15.298
109.09	56.93	15.631
109.338	56.125	15.576
109.192	56.278	15.863
109.679	56.999	14.131
109.354	57.09	14.967
109.512	57.431	14.382
109.35	57.742	13.783
109.425	57.641	15.254
109.572	57.895	14.625
109.415	58.242	14.044
109.752	58.124	15.478
109.848	58.302	14.813
109.713	58.682	14.247
110.274	58.45	15.594
110.287	58.577	14.911
110.186	58.977	14.353
110.89	58.555	15.581
110.807	58.666	14.9
110.746	59.073	14.341
111.308	58.552	14.783
111.559	58.482	14.658
111.618	58.458	14.661
109.306	58.048	12.747
109.421	57.84	12.29
109.772	59.192	12.16
109.702	59.719	11.648
109.849	59.52	12.508
109.785	60.077	12.027
109.946	59.695	12.707
109.924	60.394	12.379
109.976	59.373	13.625
110.202	59.869	13.079
110.194	60.577	12.772
109.953	61.31	12.786
110.665	59.922	13.21
110.682	60.633	12.911
110.801	59.776	13.336
110.922	60.267	13.017
111.018	60.849	12.918
110.998	59.738	13.338
111.072	60.238	13.018
111.201	60.814	12.919
111.113	62.049	13.153
110.769	62.139	13.123
111.381	62.587	12.965
111.09	62.781	12.899
111.782	62.85	12.558
111.568	63.097	12.413
112.172	62.747	12.076
112.034	62.973	11.836
109.176	61.422	11.943
109.036	61.075	11.495
108.976	62.072	11.69
109.316	61.985	12.448
109.267	62.153	12.408
109.201	62.317	12.381
109.889	62.45	12.878
109.789	62.576	12.8
109.68	62.706	12.741
110.454	63.078	12.753
110.304	63.148	12.686
110.153	63.231	12.637
110.752	63.581	12.131
110.576	63.607	12.119
110.403	63.652	12.117
110.647	63.73	11.297
110.48	63.742	11.359
110.315	63.776	11.419
110.06	63.492	10.754
110.762	63.5	10.571
110.742	63.31	10.019
111.324	63.379	10.615
111.346	63.18	10.066
111.811	63.106	10.756
111.87	62.887	10.218
110.587	63.174	9.511
110.105	63.147	9.162
109.806	63.259	10.314
108.91	63.017	9.97
109.176	63.084	10.54
109.29	63.369	11.092
108.459	62.426	10.36
108.804	62.597	10.861
108.913	62.875	11.418
108.826	61.974	11.161
108.464	60.97	10.572
108.822	60.832	11.028
109.675	59.657	11.436
109.797	59.107	11.766
109.769	59.352	10.891
109.891	58.801	11.22
113.848	54.257	13.99
113.774	54.334	13.958
113.89	60.069	10.306
114.457	59.629	10.465
115.175	59.512	10.572
113.873	60.08	10.415
114.448	59.635	10.521
115.161	59.521	10.659
116.511	52.122	16.87
117.026	51.771	16.892
117.36	51.256	16.998
116.582	52.081	16.338
117.078	51.741	16.504
117.417	51.222	16.568
121.102	57.862	2.146
121.307	57.912	1.982
117.366	59.986	8.565
117.632	59.538	8.999
117.312	60.046	8.658
117.574	59.603	9.1
118.524	50.332	20.846
118.686	49.678	20.807
120.744	50.983	22.183
120.212	50.332	22.249
120.846	50.497	22.282
121.41	50.63	22.591
120.993	50.035	22.137
121.484	51.732	22.338
121.103	51.846	22.002
121.865	52.11	22.124
121.555	52.292	21.749
122.361	52.267	21.872
122.141	52.478	21.451
122.877	52.174	21.629
122.752	52.369	21.164
120.508	52.171	21.226
119.973	51.919	21.132
115.603	54.529	8.712
116.014	54.301	8.142
116.49	53.827	7.833
115.323	54.425	8.507
115.843	54.237	8.016
116.232	53.731	7.644
115.158	54.417	8.546
115.542	54.347	8.09
115.888	54.05	7.7
114.896	54.457	8.303
115.31	54.383	7.875
115.625	54.089	7.456
121.413	46.814	15.157
121.202	46.714	15.025
120.461	47.226	15.406
120.462	47.035	15.218
119.808	47.375	14.575
119.954	47.151	14.572
120.215	47.086	13.631
120.27	46.926	13.838
117.628	51.703	7.605
118.461	51.233	7.649
118.331	51.842	7.564
118.298	52.448	7.723
118.883	51.901	7.11
126.359	43.009	7.769
125.978	42.51	8.027
119.774	45.515	8.164
119.355	45.319	7.782
125.847	48.823	9.815
125.904	48.969	9.598
126.322	48.313	9.038
126.274	48.573	8.994
126.02	48.558	8.069
126.039	48.763	8.241
125.981	46.09	4.974
126.07	46.005	4.95
122.446	41.883	8.704
122.425	41.464	8.205
122.267	40.904	7.911
122.184	42.118	8.485
122.211	41.656	8.027
121.974	41.167	7.667
123.771	51.223	2.394
123.579	52.121	2.757
123.93	51.632	2.931
124.461	51.314	3.022
123.497	52.231	3.586
123.862	51.724	3.616
124.392	51.407	3.715
123.591	51.464	4.2
125.048	42.301	3.332
124.846	41.882	2.938
125.077	42.254	3.367
124.878	41.831	2.975
118.641	35.032	2.954
118.899	35.27	2.346
118.425	43.666	-0.443
118.052	43.801	-0.912
118.492	43.746	-0.473
118.12	43.882	-0.942
118.783	35.218	-0.172
118.655	35.129	-0.149
118.617	35.083	-0.269
118.358	34.965	-0.22
112.802	39.891	-0.727
112.495	40.102	-1.2
112.115	40.461	-1.497
111.722	40.91	-1.571
112.927	39.971	-0.788
112.549	40.136	-1.226
112.177	40.501	-1.527
111.87	41.005	-1.643
113.707	43.787	-4.31
113.11	43.758	-4.39
112.531	43.902	-4.301
113.714	43.887	-4.439
113.115	43.833	-4.488
112.537	43.987	-4.413
115.098	45.068	-5.329
115.332	45.064	-5.418
116.006	37.785	-5.723
115.827	37.68	-5.877
113.083	48.184	-6.259
113.721	48.417	-6.665
112.029	50.263	-5.707
112.072	50.308	-5.724
116.255	58.006	-9.545
116.547	57.934	-9.471
115.754	58.253	-9.805
115.395	58.48	-10.489
114.034	57.999	-8.396
113.254	58.049	-8.902
116.394	53.159	-9.384
116.13	52.81	-10.007
116.359	53.084	-9.328
116.097	52.739	-9.953
115.326	45.426	-10.005
114.988	45.79	-10.382
115.258	45.37	-9.999
114.92	45.733	-10.376
108.983	45.852	-7.885
108.921	45.839	-7.835
112.361	57.013	-10.218
111.971	56.612	-10.024
112.393	56.82	-10.552
112.003	56.419	-10.358
113.025	57.327	-11.796
113.09	57.449	-11.833
110.947	56.088	-13.683
110.546	56.295	-14.189
110.96	56.097	-13.69
110.56	56.305	-14.195
111.629	49.167	-14.433
111.84	49.53	-14.889
111.506	49.166	-14.491
111.722	49.529	-14.945
110.544	58.817	-22.774
110.318	58.674	-22.76
109.838	53.762	-22.086
109.397	54.066	-21.845
102.956	44.962	-16.694
102.813	44.955	-16.468
103.292	44.249	-15.855
103.074	44.4	-15.815
103.921	60.15	-19.478
104.009	59.496	-19.251
103.23	54.252	-12.009
103.009	54.53	-12.264
103.641	54.747	-11.892
103.388	54.986	-12.156
104.133	55.136	-12.076
103.841	55.344	-12.326
102.479	53.677	-13.526
102.479	53.679	-13.53
102.885	57.629	-14.485
102.742	57.713	-14.696
103.35	58.348	-15.095
103.104	58.273	-15.17
103.199	58.238	-16.13
102.987	58.187	-15.975
104.243	55.67	-18.386
104.606	56.258	-18.47
104.846	56.749	-18.901
104.563	56.607	-18.452
108.797	53.192	-10.421
107.331	47.493	-16.844
107.293	46.873	-17.065
112.34	52.743	-17.763
112.394	56.712	-14.344
110.091	56.271	-14.158
112.855	44.329	-10.184
112.376	53.313	-17.587
118.13	53.691	-10.379
117.736	53.871	-9.839
114.036	51.214	-8.744
114.219	51.867	-8.935
114.602	52.454	-8.87
115.1	52.846	-8.564
112.058	41.128	-1.759
112.297	40.567	-1.608
112.661	40.175	-1.277
115.791	36.687	0.522
120.33	41.245	3.242
120.734	42.324	5.891
120.596	43.001	5.927
122.019	41.648	7.666
121.48	43.232	6.236
121.78	50.856	11.224
123.082	50.068	15.396
118.694	55.032	10.834
119.786	49.847	7.869
120.445	50.313	10.901
117.234	52.176	18.151
117.058	51.947	18.187
114.512	59.71	11.19
102.054	51.28	-17.636
104.123	52.267	-17.345
105.444	53.183	-17.248
104.87	52.987	-17.225
105.646	55.33	-17.861
105.072	55.064	-17.896
105.041	50.311	-17.287
106.094	52.1	-16.817
109.001	52.666	-19.424
107.467	55.637	-18.663
106.981	55.505	-18.276
107.458	56.396	-19.287
106.971	56.752	-19.259
106.397	56.889	-19.286
106.397	56.564	-18.8
107.809	57.349	-20.677
107.234	57.545	-20.7
104.821	49.184	-12.484
104.821	49.775	-12.399
102.618	46.199	-15.349
106.623	48.255	-17.166
106.136	48.387	-17.553
106.136	47.795	-17.467
106.136	47.252	-17.716
109.192	48.674	-16.151
111.278	51.118	-17.089
109.053	57.818	-21.479
109.053	57.262	-21.212
108.939	54.928	-13.508
108.365	54.407	-12.998
108.365	54.732	-13.485
108.365	55.219	-13.81
106.447	54.825	-13.415
109.197	54.228	-12.164
109.154	53.688	-10.203
108.503	52.679	-9.721
108.503	52.679	-10.319
108.016	52.449	-10.622
108.016	52.833	-11.104
105.875	43.834	-16.101
107.047	47.339	-16.957
107.047	46.783	-17.224
107.047	46.399	-17.706
107.987	47.063	-16.343
107.5	47.22	-16.644
107.5	46.676	-16.893
107.114	43.901	-16.178
107.114	44.226	-15.691
111.435	47.495	-13.317
110.817	48.602	-14.577
112.697	49.541	-13.799
110.925	58.624	-17.438
110.925	59.111	-17.764
109.829	58.488	-16.831
109.829	58.872	-17.313
112.235	55.623	-15.543
112.345	56.486	-13.626
108.556	52.047	-8.25
108.441	51.76	-7.753
108.441	51.473	-8.25
108.441	51.76	-8.748
108.116	51.353	-9.052
107.433	49.659	-8.027
107.433	49.946	-8.524
108.591	47.794	-9.749
108.104	47.577	-10.859
108.878	46.176	-11.223
111.803	44.124	-10.144
111.803	43.799	-9.657
113.174	44.814	-10.767
113.174	44.489	-10.28
113.341	48.984	-12.904
112.767	48.787	-12.881
112.767	48.232	-12.613
115.633	51.698	-12.989
114.889	51.038	-14.326
112.609	54.744	-16.954
113.056	57.63	-18.665
112.223	56.254	-17.7
112.208	56.227	-10.974
107.41	46.885	-5.259
109.237	46.364	-8.518
109.237	45.912	-8.126
112.417	41.145	-7.373
113.645	40.906	-7.918
115.72	47.288	-8.373
115.234	47.656	-8.672
115.234	47.979	-9.174
114.746	49.527	-9.922
114.746	50.101	-9.922
117.68	52.489	-12.318
117.106	52.626	-12.345
116.532	52.626	-12.919
116.532	52.489	-12.318
118.139	53.247	-10.993
117.565	52.957	-11.296
117.565	53.443	-10.97
117.565	53.768	-10.484
116.991	53.768	-9.91
116.991	53.247	-10.993
116.991	53.631	-10.511
116.504	53.443	-9.91
116.504	52.823	-10.875
116.504	53.275	-10.483
113.98	54.635	-5.599
113.98	55.209	-5.714
116.475	39.661	-7.484
117.898	44.489	-7.859
113.301	52.05	-6.945
113.301	51.189	-7.442
113.63	51.618	-8.511
113.63	52.209	-8.426
113.304	52.056	-7.958
114.746	53.222	-8.03
114.172	53.085	-8.057
114.177	53.089	-6.821
115.231	54.181	-6.325
114.744	53.758	-6.207
119.122	55.137	-9.641
118.548	54.828	-9.492
118.548	55.445	-9.492
118.061	54.986	-9.191
112.395	50.781	-5.67
111.812	49.665	-5.601
111.487	49.242	-4.551
111.487	49.529	-5.048
111.487	50.103	-5.048
112.72	47.689	-5.904
112.72	48.245	-6.171
112.234	47.858	-5.622
112.234	48.402	-5.87
111.909	47.979	-4.82
111.909	48.266	-5.317
111.669	46.426	-4.503
109.327	44.486	-2.667
109.327	45.042	-2.399
117.246	38.548	-4.955
117.246	38.163	-4.472
118.608	38.982	-5.587
118.608	38.868	-5.013
117.906	42.145	-8.515
113.242	44.055	-4.781
113.242	44.542	-5.107
112.668	44.252	-4.804
112.668	44.808	-5.072
111.647	45.454	-4.604
111.466	44.438	-3.432
113.221	43.438	-3.915
112.647	43.576	-3.942
113.202	41.631	-2.881
112.716	41.789	-2.58
112.723	40.257	-1.604
112.723	40.641	-2.086
112.237	41.355	-2.052
111.46	40.713	-1.459
112.369	39.08	-0.962
111.87	38.908	-1.87
111.384	39.332	-1.989
110.81	39.528	-1.966
112.863	36.785	-4.031
120.515	41.524	-4.964
120.515	41.811	-5.461
120.281	44.016	-1.986
119.795	43.63	-2.536
115.508	42.717	-2.546
114.893	41.232	-2.319
114.406	41.063	-2.601
114.915	40.535	-1.343
114.428	40.304	-1.646
116.357	39.105	0.708
116.357	39.49	0.226
115.783	38.968	0.736
115.783	39.293	0.249
121.097	39.521	-2.002
121.097	39.234	-1.505
120.983	38.947	-2.002
121.165	47.384	1.22
121.165	47.059	0.733
120.591	48.137	1.51
120.591	47.581	1.243
119.02	44.528	0.776
118.999	44.516	-0.369
118.674	44.108	-0.674
117.744	43.3	-0.752
118.267	40.402	0.94
118.267	40.946	0.692
117.78	39.848	1.141
117.78	40.233	0.659
117.78	40.788	0.391
118.752	39.746	2.434
121.483	38.306	-0.704
123.839	47.501	1.608
123.839	47.176	1.122
117.968	46.866	3.32
118.632	44.59	3.734
119.23	43.622	2.417
119.923	40.692	2.716
119.923	41.236	2.467
124.762	42.575	2.809
124.648	42.288	2.312
125.112	43.416	2.305
124.451	47.814	2.777
124.103	48.234	5.688
124.103	48.521	5.191
123.6	49.666	6.202
116.888	53.225	1.525
116.888	52.773	1.917
116.402	53.719	0.952
116.402	53.581	1.553
116.402	53.197	2.035
117.33	50.409	2.867
117.115	49.821	4.031
117.676	48.381	4.62
117.676	47.807	4.62
120.623	42.661	5.329
120.297	43.435	5.826
120.297	43.266	5.253
120.553	41.527	4.426
121.299	41.733	6.282
121.299	42.289	6.014
121.299	42.905	6.014
123.471	41.093	8.198
123.983	38.925	5.859
124.781	47.285	6.061
124.781	47.285	5.464
122.632	50.394	6.977
122.632	50.28	6.403
122.058	50.394	6.403
122.058	50.532	5.802
120.028	52.445	0.872
118.851	53.99	0.211
118.277	54.187	0.188
118.277	53.7	0.513
115.138	54.257	1.078
115.138	54.12	1.679
114.564	54.257	1.652
114.159	54.868	5.544
122.311	42.672	7.456
122.197	43.246	7.456
122.197	42.385	6.959
122.197	42.959	6.959
121.872	43.733	7.456
121.872	43.113	6.492
121.872	43.565	6.883
121.385	43.921	6.855
120.811	44.058	6.882
122.056	45.171	9.214
122.056	45.763	9.299
121.569	45.631	8.913
122.819	45.438	10.569
122.453	50.274	11.441
122.453	50.412	10.84
121.966	50.643	11.74
121.919	51.044	10.598
121.594	51.452	10.902
121.48	51.739	11.399
120.22	51.389	5.74
120.22	51.774	5.258
119.733	51.943	5.54
119.408	52.351	5.844
120.215	53.268	4.643
117.051	57.947	0.105
113.25	56.393	5.611
123.535	47.506	14.092
124.784	45.268	11.613
124.784	45.859	11.698
122.91	49.603	15.826
119.564	55.265	11.146
118.71	54.73	11.158
118.136	54.926	11.135
120.842	51.007	10.859
120.355	51.466	11.161
120.872	49.755	11.126
120.872	49.468	11.623
120.872	49.468	10.629
120.547	50.073	11.7
120.06	50.43	11.728
118.616	54.076	15.689
118.13	54.245	15.971
117.907	55.452	15.697
118.899	58.537	11.528
117.669	52.387	13.558
118.339	50.674	13.898
118.594	52.22	17.816
118.594	52.545	17.329
118.02	52.742	17.306
117.524	60.017	9.893
117.199	60.137	9.092
117.388	59.675	7.589
117.824	57.304	7.813
117.824	56.98	7.31
117.498	57.711	7.508
117.391	57.484	6.442
117.488	57.58	5.269
118.766	55.939	4.323
112.178	58.329	2.277
111.098	56.569	3.977
111.943	56.757	8.276
111.456	57.114	8.304
114.212	54.73	11.777
116.742	53.09	14.348
117.465	51.451	17.801
117.465	51.164	18.299
117.14	51.937	17.801
116.654	52.262	17.801
114.467	58.64	13.956
114.885	59.771	11.633
115.659	59.587	10.246
115.659	59.725	9.644
115.085	59.473	10.246
115.085	59.587	9.671
115.085	59.912	9.185
114.511	59.725	9.644
114.511	60.109	9.162
114.025	59.955	9.947
114.025	60.279	9.444
114.277	60.758	7.52
113.703	60.644	7.52
115.771	59.229	3.714
110.34	57.98	8.696
113.532	54.576	13.804
114.185	57.918	14.642
113.611	57.781	14.669
113.611	58.106	14.182
111.416	60.136	13.014
111.688	61.388	7.269
112.912	60.944	6.689
109.778	56.902	13.75
101.323	56.03	-17.664
101.323	56.409	-17.189
100.762	56.274	-16.597
100.762	56.1	-16.005
100.762	55.634	-15.601
100.762	55.023	-15.514
100.762	55.023	-17.68
100.762	55.634	-17.593
100.762	56.1	-17.189
100.374	55.786	-16.597
100.374	55.483	-16.071
100.374	54.875	-16.071
100.374	54.572	-16.597
100.374	54.875	-17.123
100.374	55.483	-17.123
100.235	55.179	-16.597
104.022	53.161	-18.888
104.022	53.722	-19.144
103.461	53.027	-19.128
103.461	53.574	-19.392
103.461	54.182	-19.392
102.837	53.027	-19.128
102.837	53.574	-19.392
102.837	54.182	-19.392
102.837	54.729	-19.128
102.276	53.161	-18.888
102.276	53.722	-19.144
102.276	54.333	-19.057
103.603	57.652	-13.98
103.045	57.231	-14.077
102.83	58.21	-15.516
102.391	57.771	-15.516
100.868	51.471	-15.521
100.868	51.162	-14.986
100.868	50.544	-14.986
100.868	50.235	-15.521
100.77	50.853	-15.521
101.521	52.279	-13.361
102.699	51.573	-12.539
102.699	50.966	-12.693
103.194	47.546	-12.191
103.194	46.938	-12.191
102.633	47.697	-12.526
102.245	47.546	-12.996
101.764	48.481	-18.999
101.764	49.028	-19.263
101.764	49.636	-19.263
101.764	50.183	-18.999
101.203	48.282	-18.24
101.203	48.615	-18.759
101.203	49.176	-19.015
101.203	49.787	-18.928
101.203	50.253	-18.524
100.815	49.939	-17.932
100.815	49.028	-17.406
100.815	48.725	-17.932
100.815	49.028	-18.458
100.815	49.636	-18.458
100.676	49.332	-17.932
107.061	53.04	-18.359
105.921	57.427	-21.23
105.297	57.048	-20.755
105.297	57.427	-21.23
105.297	57.974	-21.494
105.297	58.582	-21.494
104.736	57.228	-20.471
104.736	57.561	-20.99
104.736	58.122	-21.246
104.348	57.671	-20.163
104.348	57.974	-20.689
105.166	59.387	-14.714
104.566	59.198	-14.71
105.44	58.205	-13.788
104.617	54.846	-11.801
104.617	54.299	-11.537
103.993	54.299	-11.537
103.993	53.691	-11.537
103.432	53.839	-11.785
102.715	54.832	-12.685
105.475	45.384	-11.828
104.875	45.129	-12.165
102.602	45.789	-12.869
102.602	45.473	-13.361
102.163	46.17	-13.134
102.163	45.87	-13.654
102.002	46.47	-13.654
105.262	49.013	-19.126
104.701	48.254	-19.461
104.701	48.862	-19.461
104.701	49.409	-19.197
104.077	48.254	-19.461
107.69	50.329	-17.704
108.076	53.43	-20.847
108.28	55.398	-20.943
107.64	59.407	-21.99
107.64	60.031	-21.938
105.542	61.996	-19.603
105.542	61.861	-19.011
105.542	61.861	-20.195
104.918	61.996	-19.603
104.918	61.861	-19.011
104.918	61.482	-18.536
104.918	60.935	-20.934
104.918	61.482	-20.67
104.918	61.861	-20.195
104.357	61.726	-19.603
104.357	61.552	-19.011
104.357	60.475	-20.686
104.357	61.086	-20.599
104.357	61.552	-20.195
103.969	61.238	-19.603
103.969	60.935	-19.077
103.969	60.327	-20.129
103.969	60.935	-20.129
103.83	60.631	-19.603
108.353	60.295	-15.859
107.792	60.225	-15.384
107.168	60.604	-15.859
107.168	60.225	-15.384
107.774	58.37	-14.043
107.774	57.854	-13.745
107.774	57.272	-13.613
105.136	50.116	-10.377
105.999	47.822	-11.076
105.693	44.388	-12.947
103.96	44.107	-14.952
103.96	43.904	-15.544
102.633	44.84	-15.784
103.97	45.43	-18.827
103.528	45.43	-18.385
107.638	44.587	-20.643
107.638	45.198	-20.556
107.638	45.664	-20.152
107.077	43.892	-20.627
107.077	44.439	-20.891
107.077	45.047	-20.891
107.077	45.594	-20.627
107.077	45.973	-20.152
106.453	43.892	-20.627
106.453	44.439	-20.891
106.453	45.047	-20.891
106.453	45.594	-20.627
105.892	44.026	-20.387
105.892	44.587	-20.643
105.892	45.198	-20.556
109.371	44.607	-15.072
108.813	44.226	-14.14
108.195	44.3	-13.585
108.195	44.124	-14.155
110.611	46.044	-15.072
110.611	46.604	-15.328
110.159	46.606	-15.71
110.336	49.534	-16.992
113.031	49.674	-15.596
111.843	51.22	-20.596
111.843	51.22	-21.212
111.843	51.553	-21.731
111.282	51.04	-20.312
111.282	50.905	-20.904
111.282	51.04	-21.496
111.282	51.419	-21.971
110.658	51.04	-20.312
110.658	50.905	-20.904
110.658	51.04	-21.496
110.658	51.419	-21.971
110.658	51.966	-22.235
110.097	51.22	-20.596
110.097	51.22	-21.212
110.097	51.553	-21.731
111.609	53.254	-22.386
110.991	53.56	-22.484
110.991	54.142	-22.352
110.373	53.254	-22.386
110.373	53.878	-22.334
113.471	55.398	-21.471
111.231	59.071	-22.714
110.613	59.377	-22.812
109.995	59.695	-22.662
109.578	58.658	-22.605
111.969	60.94	-22.296
111.408	60.789	-22.631
111.408	61.336	-22.367
110.784	60.789	-22.631
110.784	61.336	-22.367
110.784	61.715	-21.892
108.171	61.068	-21.589
108.171	61.449	-21.159
108.258	61.475	-19.504
107.644	61.028	-17.139
110.777	58.076	-15.411
108.995	58.433	-14.441
108.995	57.991	-14.058
108.646	54.652	-8.001
108.258	54.164	-8.001
108.258	53.861	-8.527
108.573	42.568	-17.484
108.573	42.265	-18.01
108.185	42.155	-17.183
108.185	41.822	-17.702
108.185	41.822	-18.318
108.185	42.155	-18.837
107.624	42.021	-16.943
107.624	41.642	-17.418
107.624	41.507	-18.01
107.624	41.642	-18.602
107.624	42.021	-19.077
107.0	42.021	-16.943
107.0	41.642	-17.418
107.0	41.507	-18.01
107.0	41.642	-18.602
107.0	42.021	-19.077
106.439	42.155	-17.183
106.439	41.822	-17.702
106.439	41.822	-18.318
106.439	42.155	-18.837
104.043	43.708	-17.904
104.043	44.024	-18.396
109.112	44.363	-18.225
109.003	44.979	-18.225
109.003	44.055	-17.692
109.003	44.055	-18.758
109.003	44.671	-18.758
108.691	45.52	-18.225
108.691	43.784	-19.227
108.691	44.363	-19.382
108.691	44.942	-19.227
108.691	45.365	-18.804
110.57	43.944	-12.134
111.95	44.15	-12.674
111.95	44.466	-13.166
111.95	44.999	-13.41
111.35	44.249	-13.177
115.553	49.949	-13.049
115.165	49.536	-13.35
114.105	50.071	-15.872
114.105	50.387	-16.364
114.105	50.92	-16.608
116.372	52.143	-14.769
116.372	52.475	-15.287
115.92	51.751	-14.767
115.92	52.0	-15.326
115.92	52.455	-15.736
115.92	53.037	-15.925
115.365	53.345	-16.128
113.935	53.076	-20.479
113.935	53.376	-20.999
113.496	52.679	-20.186
113.496	52.995	-21.264
114.788	55.91	-19.707
114.649	56.517	-19.707
114.649	56.214	-19.181
114.649	55.606	-19.181
114.649	55.303	-19.707
114.649	55.606	-20.233
114.649	56.214	-20.233
114.261	56.365	-18.711
114.261	55.754	-18.624
112.938	57.819	-21.872
113.387	59.027	-21.233
112.725	61.077	-21.298
112.286	61.816	-20.778
112.286	61.651	-20.216
111.686	61.977	-20.778
111.686	61.84	-20.22
109.92	61.225	-18.543
112.817	59.94	-17.797
112.817	59.36	-17.713
112.217	60.571	-18.184
112.217	60.19	-17.754
114.797	57.508	-14.044
114.797	57.913	-13.607
114.797	58.172	-13.07
111.381	56.115	-12.389
110.046	55.344	-10.3
110.483	56.771	-7.097
110.044	56.497	-7.659
110.307	54.916	-5.506
106.376	47.814	-7.582
106.215	48.114	-7.062
107.069	46.759	-7.743
109.394	43.292	-8.451
109.394	43.88	-8.609
112.958	42.223	-9.509
113.811	45.426	-12.459
113.811	45.959	-12.703
116.015	48.127	-10.542
116.015	47.216	-11.068
116.015	47.824	-11.068
115.627	46.803	-11.369
115.627	47.364	-11.625
115.868	51.194	-10.557
120.683	52.175	-12.101
120.295	51.732	-11.793
120.295	51.732	-12.409
120.295	52.065	-12.928
119.734	51.931	-11.034
119.734	51.552	-11.509
119.734	51.417	-12.101
119.734	51.552	-12.693
119.734	51.931	-13.168
119.734	52.478	-13.432
119.11	51.931	-11.034
119.11	51.552	-11.509
119.11	51.417	-12.101
119.11	51.552	-12.693
119.11	51.931	-13.168
117.192	53.656	-14.876
117.192	54.244	-15.034
116.75	54.244	-15.476
116.75	54.863	-15.353
116.75	55.388	-15.002
116.192	54.711	-15.702
116.192	55.284	-15.45
116.192	55.745	-15.026
115.574	54.975	-15.72
115.574	55.491	-15.422
113.968	59.36	-19.491
113.829	59.967	-19.491
113.829	59.664	-18.965
113.829	59.056	-18.965
113.829	59.664	-20.017
116.454	57.536	-13.659
117.328	58.332	-12.434
117.328	58.63	-11.884
116.71	58.483	-12.393
113.622	58.693	-10.473
113.622	58.558	-11.065
113.061	58.423	-10.473
113.061	58.249	-11.065
113.711	57.811	-6.987
113.093	57.664	-6.478
112.475	57.811	-6.987
112.475	57.513	-6.437
113.18	56.224	-5.45
112.095	53.922	-2.974
112.095	53.456	-2.57
112.095	52.845	-2.483
112.095	52.284	-2.739
111.534	54.231	-2.974
111.534	53.852	-2.499
111.534	53.305	-2.235
111.534	52.697	-2.235
111.534	52.15	-2.499
110.91	54.231	-2.974
110.91	53.852	-2.499
110.91	53.305	-2.235
110.91	52.697	-2.235
110.349	53.922	-2.974
110.349	53.456	-2.57
110.349	52.845	-2.483
107.836	52.551	-5.111
108.28	51.793	-3.613
108.28	51.174	-3.49
107.838	51.762	-4.09
107.838	51.174	-3.932
106.888	50.771	-5.868
106.888	50.471	-5.348
106.888	49.871	-5.348
107.48	48.467	-4.013
107.008	45.402	-4.211
107.008	44.784	-4.211
107.008	44.475	-4.746
107.008	44.784	-5.281
106.91	45.093	-4.746
107.775	44.056	-6.912
110.651	40.764	-8.018
110.027	40.385	-7.543
110.027	40.764	-8.018
109.466	40.898	-7.778
109.466	41.459	-8.034
115.033	39.823	-9.364
114.433	39.991	-9.37
114.433	40.307	-9.862
115.869	40.635	-10.285
115.869	41.186	-10.559
115.869	41.798	-10.616
115.279	41.186	-10.559
114.724	41.49	-10.413
117.929	46.475	-7.743
117.929	46.172	-8.269
117.541	46.963	-7.743
117.541	46.789	-7.151
117.541	46.323	-8.739
117.541	46.789	-8.335
116.98	47.233	-7.743
116.98	47.098	-7.151
114.733	49.463	-7.997
114.438	50.091	-7.91
114.438	49.626	-7.507
117.655	53.867	-7.424
117.267	53.454	-7.123
117.267	53.121	-7.642
117.267	53.121	-8.258
116.706	53.32	-6.883
116.706	52.941	-7.358
116.706	52.806	-7.95
121.81	54.551	-10.672
121.671	55.158	-10.672
121.671	54.855	-10.146
121.671	54.247	-10.146
121.671	53.944	-10.672
121.283	55.646	-10.672
121.283	55.472	-10.08
121.283	55.006	-9.676
121.283	54.395	-9.589
121.283	53.834	-9.845
121.283	53.501	-10.364
120.722	54.855	-9.341
120.722	54.247	-9.341
120.722	53.7	-9.605
120.098	53.7	-9.605
121.281	53.921	-12.41
120.969	54.229	-13.034
120.969	54.808	-12.879
120.969	55.231	-12.456
120.49	54.229	-13.436
120.49	54.826	-13.317
120.49	55.331	-12.979
119.903	53.921	-13.623
119.903	54.537	-13.623
119.903	55.115	-13.412
119.757	57.51	-11.292
119.757	57.352	-10.704
119.315	57.952	-11.292
119.315	57.829	-10.673
118.757	58.236	-11.292
118.757	58.133	-10.674
118.757	57.835	-10.124
116.713	58.948	-10.949
116.713	58.811	-10.391
114.344	58.612	-9.216
117.004	56.287	-5.856
117.004	55.679	-5.856
116.616	57.078	-6.382
116.616	56.904	-5.79
116.616	56.438	-5.386
116.616	55.827	-5.299
116.616	55.266	-5.555
116.055	57.348	-6.382
116.055	57.213	-5.79
116.055	56.834	-5.315
116.055	56.287	-5.051
116.055	55.679	-5.051
116.055	55.132	-5.315
115.431	57.213	-5.79
115.431	56.834	-5.315
115.431	56.287	-5.051
115.431	55.679	-5.051
114.228	52.42	-4.788
114.228	52.117	-5.314
113.84	53.179	-4.318
113.84	52.568	-4.231
113.84	52.007	-4.487
113.84	51.674	-5.006
112.202	48.148	-3.394
112.063	48.755	-3.394
112.063	48.452	-2.868
112.063	47.844	-2.868
111.675	48.603	-2.398
111.675	47.992	-2.311
111.114	48.999	-2.327
109.909	46.794	-1.036
109.348	47.801	-1.052
109.348	47.254	-0.788
109.348	46.646	-0.788
108.724	48.18	-1.527
108.724	47.801	-1.052
108.724	47.254	-0.788
108.724	46.646	-0.788
108.724	46.099	-1.052
108.163	47.871	-1.527
108.163	47.405	-1.123
108.163	46.794	-1.036
108.163	46.233	-1.292
107.775	47.254	-1.593
107.775	46.646	-1.593
107.636	46.95	-2.119
107.564	42.921	-5.91
107.564	43.221	-6.43
108.848	40.706	-6.314
110.172	37.994	-4.195
110.172	38.117	-4.814
110.172	38.468	-5.339
109.73	38.436	-4.195
109.73	38.594	-4.783
109.446	38.994	-4.195
111.95	38.088	-6.367
114.031	38.193	-6.92
117.012	40.867	-9.9
117.894	43.906	-9.03
119.337	45.028	-5.34
118.949	45.516	-5.34
118.388	45.651	-4.748
117.764	45.651	-4.748
114.553	47.336	-6.012
114.553	46.806	-5.706
113.998	47.097	-5.607
119.148	56.894	-9.477
119.256	57.285	-12.873
119.256	57.727	-12.49
112.074	44.098	-2.334
112.074	43.924	-1.742
112.074	43.458	-1.338
112.074	42.847	-1.251
111.513	43.854	-1.267
111.513	43.307	-1.003
111.513	42.699	-1.003
110.889	43.307	-1.003
110.147	41.275	-0.667
110.147	40.667	-0.667
109.523	41.275	-0.667
109.523	40.667	-0.667
109.523	40.12	-0.931
109.523	39.741	-1.406
108.962	41.426	-1.002
108.962	40.815	-0.915
108.962	40.254	-1.171
108.962	39.921	-1.69
108.574	41.275	-1.472
108.574	40.667	-1.472
108.574	40.364	-1.998
108.574	40.667	-2.524
108.435	40.971	-1.998
111.68	36.965	-5.174
115.943	36.571	-5.34
115.382	36.058	-5.105
115.382	36.437	-5.58
114.758	36.437	-5.58
119.704	36.833	-3.578
119.704	37.357	-3.921
120.233	38.595	-7.216
119.633	38.427	-7.21
119.633	38.694	-7.719
120.545	40.277	-8.208
119.99	39.973	-8.354
119.99	40.585	-8.411
119.99	41.177	-8.243
119.4	39.973	-8.354
120.609	43.342	-6.165
120.17	43.174	-7.11
120.17	43.616	-6.727
117.424	45.13	-2.773
114.183	39.63	0.869
113.559	40.009	0.394
113.559	39.63	0.869
113.559	39.083	1.133
113.559	38.475	1.133
112.998	39.7	0.394
112.998	39.234	0.798
112.998	38.623	0.885
113.826	36.063	0.668
113.202	36.063	0.668
113.202	35.516	0.404
113.202	35.137	-0.071
113.202	35.002	-0.663
113.202	35.137	-1.255
112.641	36.211	0.42
112.641	35.65	0.164
112.641	35.317	-0.355
112.641	35.317	-0.971
112.253	36.063	-0.137
112.253	35.76	-0.663
112.114	36.367	-0.663
113.975	35.838	-4.3
115.924	34.867	-3.346
116.142	34.228	-1.416
116.142	34.228	-2.012
115.524	34.33	-2.027
114.966	34.711	-2.333
118.79	35.238	-2.737
118.232	35.094	-2.992
121.157	35.814	-0.79
121.157	36.147	-1.309
120.596	35.499	-0.482
121.81	39.89	-3.798
121.671	40.497	-3.798
121.671	39.283	-3.798
121.671	39.586	-4.324
121.642	40.841	-6.857
121.481	41.441	-6.857
121.481	40.541	-7.377
121.481	41.141	-7.377
121.042	41.273	-7.802
121.806	44.717	-1.793
121.806	45.341	-1.741
120.035	46.544	-1.317
120.035	46.923	-0.842
119.474	46.614	-0.842
116.454	44.827	-2.34
116.454	44.662	-1.778
116.454	44.22	-1.395
116.015	44.088	-1.82
115.963	42.127	-0.317
117.239	39.497	2.866
117.239	39.118	3.341
116.678	39.188	2.866
116.678	38.722	3.27
116.29	38.571	2.8
118.615	34.502	-1.304
118.615	34.502	-1.89
121.932	36.611	-0.018
123.71	38.789	0.613
122.752	42.598	-1.181
124.635	43.919	-0.642
124.077	44.381	-1.043
124.077	45.005	-0.991
122.606	47.232	-0.217
118.288	46.527	1.676
117.924	45.203	2.006
118.781	35.402	4.272
118.781	35.069	3.753
118.22	35.815	4.776
118.22	35.268	4.512
118.22	34.889	4.037
118.22	34.754	3.445
117.596	36.423	4.776
117.596	35.815	4.776
117.596	35.268	4.512
117.596	34.889	4.037
117.596	34.754	3.445
117.035	36.574	4.441
117.035	35.963	4.528
117.035	35.402	4.272
117.035	35.069	3.753
117.035	35.069	3.137
116.647	36.423	3.971
116.647	35.815	3.971
116.647	35.512	3.445
121.049	36.245	3.474
125.687	39.615	2.196
125.687	40.223	2.196
125.299	38.869	2.414
125.299	39.202	1.895
124.272	39.866	0.049
123.833	40.018	-0.46
124.677	42.506	0.19
126.499	44.74	1.389
126.338	44.14	1.389
126.338	44.44	0.869
125.917	45.025	0.029
125.917	45.635	0.117
125.465	45.027	-0.353
125.465	45.636	-0.289
125.268	46.906	0.436
124.225	49.602	2.016
122.773	50.096	1.394
122.155	49.808	1.34
117.605	51.081	1.429
117.153	51.661	1.622
117.677	48.502	2.652
117.309	45.023	5.295
117.309	45.023	4.679
116.921	45.769	5.513
116.921	45.466	4.987
116.921	45.769	4.461
116.921	46.377	4.461
116.782	46.073	4.987
120.021	40.462	7.068
120.021	39.851	7.155
120.021	39.29	6.899
119.633	40.614	6.072
119.633	40.311	6.598
119.633	39.703	6.598
119.494	40.007	6.072
123.617	38.725	8.387
123.617	38.164	8.131
123.617	37.831	7.612
123.617	37.831	6.996
123.056	39.185	8.635
123.056	38.577	8.635
123.056	38.03	8.371
123.056	37.651	7.896
123.056	37.516	7.304
122.432	39.185	8.635
122.432	38.577	8.635
122.432	38.03	8.371
122.432	37.651	7.896
122.432	37.516	7.304
121.871	38.725	8.387
121.871	38.164	8.131
121.871	37.831	7.612
122.994	36.861	3.06
122.994	36.861	2.474
125.19	38.759	3.823
126.654	42.094	5.054
126.654	42.682	4.896
124.548	50.87	8.462
124.109	51.309	8.462
124.109	51.144	7.9
125.258	50.279	3.477
125.097	50.879	3.477
125.097	50.579	3.997
125.097	50.579	2.957
124.658	51.153	4.039
116.349	53.671	-0.971
116.349	54.05	-1.446
115.725	53.536	-0.379
115.725	53.671	-0.971
115.725	54.05	-1.446
115.725	54.597	-1.71
115.164	53.851	-0.687
115.164	54.184	-1.206
115.164	54.745	-1.462
114.03	53.248	4.764
115.113	50.79	5.132
114.671	51.697	5.531
114.671	51.267	5.101
114.671	51.109	4.513
114.387	51.667	4.513
115.36	50.57	3.73
115.36	50.886	3.238
117.952	47.174	7.085
117.952	46.555	7.208
117.952	45.936	7.085
117.952	45.411	6.734
117.51	47.143	6.608
117.51	46.555	6.766
119.281	43.949	6.629
122.6	42.124	9.928
122.039	43.198	10.419
122.039	42.637	10.163
122.039	42.304	9.644
121.651	43.658	9.862
121.651	43.05	9.862
121.651	42.747	9.336
125.492	40.298	7.968
126.433	40.675	6.339
126.149	40.275	6.927
126.149	40.117	6.339
125.707	39.798	6.958
125.707	39.675	6.339
127.027	42.322	6.766
127.677	45.007	6.087
127.516	44.707	6.607
127.516	44.707	5.567
127.516	45.307	5.567
126.771	46.583	6.46
126.124	49.045	8.895
124.521	49.96	10.982
122.495	51.469	8.331
122.201	54.887	4.35
124.564	54.945	1.533
124.425	54.641	2.059
124.425	54.338	1.533
124.425	54.641	1.007
124.425	55.249	1.007
123.521	53.284	0.747
121.722	53.803	-1.063
121.104	53.625	-1.024
121.104	54.091	-1.396
119.84	53.883	-0.921
117.835	56.806	-2.47
117.835	57.417	-2.383
117.274	56.111	-2.454
117.274	56.658	-2.718
117.274	57.266	-2.718
117.274	57.813	-2.454
117.274	58.192	-1.979
116.65	58.327	-1.387
116.65	56.658	-2.718
116.65	57.266	-2.718
116.65	57.813	-2.454
116.65	58.192	-1.979
116.089	58.057	-1.387
116.089	56.806	-2.47
116.089	57.417	-2.383
116.089	57.883	-1.979
115.701	57.266	-1.913
116.017	52.095	7.216
116.743	50.131	7.209
116.743	49.676	6.799
116.291	50.151	6.76
119.928	46.336	8.534
119.928	45.717	8.411
124.227	46.16	13.212
123.666	46.026	13.452
123.042	45.647	12.977
122.481	45.827	12.693
126.267	43.398	10.827
126.128	43.702	11.353
126.128	43.094	11.353
126.128	42.791	10.827
125.74	43.853	11.823
125.74	43.242	11.91
125.74	42.681	11.654
125.74	42.348	11.135
125.74	42.348	10.519
125.179	43.702	12.158
125.179	43.094	12.158
125.179	42.547	11.894
125.179	42.168	11.419
125.179	42.033	10.827
124.555	43.094	12.158
124.555	42.547	11.894
124.555	42.168	11.419
124.555	42.033	10.827
123.994	43.242	11.91
123.994	42.681	11.654
127.057	46.482	9.423
126.959	47.1	9.423
126.959	46.173	9.958
126.959	45.864	9.423
126.959	46.791	8.888
125.616	48.967	13.445
125.477	49.574	13.445
125.477	49.271	13.971
125.477	48.663	13.971
125.477	48.36	13.445
125.477	49.271	12.919
125.089	50.062	13.445
125.089	49.888	14.037
125.089	49.422	14.441
125.089	48.811	14.528
125.089	48.25	14.272
124.528	50.332	13.445
121.957	53.323	11.576
121.818	53.93	11.576
121.818	53.627	11.05
121.43	53.778	10.58
121.43	54.244	10.984
120.869	53.627	10.245
120.869	54.174	10.509
120.245	53.019	10.245
120.245	53.627	10.245
119.684	53.167	10.493
118.937	52.991	7.404
118.485	52.993	7.786
117.93	52.689	7.932
117.34	52.689	7.932
121.68	55.891	3.769
121.062	55.637	4.165
123.65	56.7	1.958
123.65	56.535	2.52
123.65	56.093	2.903
123.692	56.566	-0.309
123.692	55.666	-0.829
123.692	56.266	-0.829
123.253	57.005	-0.309
123.253	56.84	-0.871
122.839	54.93	-1.499
122.839	55.491	-1.755
122.278	54.796	-1.739
122.278	55.343	-2.003
122.278	55.951	-2.003
122.278	56.498	-1.739
121.654	55.343	-2.003
121.654	55.951	-2.003
119.872	58.674	0.594
119.872	58.571	1.212
119.872	58.571	-0.024
119.254	58.772	0.594
119.254	58.683	0.004
111.094	56.949	0.149
111.094	57.527	0.36
111.094	57.999	0.756
110.468	56.949	0.149
110.468	57.527	0.36
110.468	57.999	0.756
109.881	57.238	0.455
109.881	57.743	0.793
110.756	53.887	1.413
110.756	54.022	0.821
110.756	54.401	0.346
110.756	54.948	0.082
110.132	54.401	2.48
110.132	54.022	2.005
110.132	53.887	1.413
110.132	54.022	0.821
110.132	54.401	0.346
110.132	54.948	0.082
109.571	54.535	2.24
109.571	54.202	1.721
109.571	54.202	1.105
109.571	54.535	0.586
109.571	55.096	0.33
109.183	54.645	1.413
109.183	54.948	0.887
113.81	53.942	9.217
114.742	54.136	9.968
120.353	48.667	9.746
122.532	47.458	15.407
121.974	47.314	15.662
121.974	46.929	15.168
121.356	47.136	15.623
120.18	47.458	13.119
121.0	46.543	14.67
120.4	46.711	14.676
120.4	46.711	14.09
126.685	46.974	10.689
126.246	46.526	11.198
121.114	55.797	13.281
121.114	55.488	13.816
120.83	56.355	13.281
120.83	55.179	14.457
120.83	56.197	12.693
120.388	56.674	12.662
119.32	57.62	10.138
119.222	58.238	10.138
119.222	57.311	9.603
118.938	56.602	9.55
118.689	51.352	11.227
118.128	50.939	11.731
118.128	51.5	11.475
117.74	51.049	12.558
117.74	51.352	12.032
118.708	48.434	14.694
119.53	48.073	16.621
120.292	48.494	19.486
120.292	48.494	18.86
119.674	48.392	19.471
119.674	48.392	18.875
122.353	48.947	20.717
121.735	49.021	21.272
121.735	48.845	20.702
124.366	51.072	19.147
124.268	51.69	19.147
124.268	51.381	19.682
124.268	50.763	19.682
124.268	50.454	19.147
124.268	50.763	18.612
124.268	51.381	18.612
123.984	52.248	19.147
123.984	52.09	19.735
123.984	50.054	19.735
123.984	49.896	19.147
123.984	50.054	18.559
123.984	51.66	18.129
123.984	52.09	18.559
123.542	52.69	19.147
123.542	52.567	19.766
123.542	49.454	19.147
123.542	52.567	18.528
122.984	52.974	19.147
122.984	52.871	19.765
122.984	52.871	18.529
122.366	53.072	19.147
119.056	52.169	19.791
118.498	51.865	19.792
118.498	51.514	20.317
120.276	53.509	16.778
117.424	54.744	17.365
116.982	55.3	17.491
116.982	54.775	17.842
116.424	55.657	17.515
118.451	57.424	15.664
118.451	56.844	15.748
120.237	56.209	14.86
119.539	60.31	11.929
119.4	60.917	11.929
119.4	60.614	12.455
119.4	60.614	11.403
119.012	61.405	11.929
119.012	61.231	12.521
119.012	60.765	12.925
119.012	60.765	10.933
119.012	61.231	11.337
118.451	61.675	11.929
118.451	61.54	12.521
118.451	61.161	12.996
118.451	61.161	10.862
118.451	61.54	11.337
117.827	61.675	11.929
117.827	61.54	12.521
117.827	61.54	11.337
118.977	58.367	9.019
118.938	55.991	6.666
117.951	49.34	16.735
117.624	50.533	20.186
117.624	49.922	20.273
117.624	49.361	20.017
117.624	49.028	19.498
117.624	49.028	18.882
117.236	50.382	19.716
117.236	49.774	19.716
117.236	49.471	19.19
117.097	50.078	19.19
120.001	49.437	21.864
119.401	50.767	22.013
119.401	50.187	22.097
119.401	49.654	21.853
123.542	51.215	22.058
123.542	50.607	22.058
123.154	51.832	22.124
123.154	51.366	22.528
123.154	50.755	22.615
123.154	50.194	22.359
122.593	52.141	22.124
122.593	51.762	22.599
122.593	51.215	22.863
122.593	50.607	22.863
122.593	50.06	22.599
121.969	51.762	22.599
121.969	51.215	22.863
121.969	50.607	22.863
121.969	50.06	22.599
122.353	52.622	21.022
121.735	52.734	20.994
121.117	52.725	20.404
121.117	52.622	21.022
121.117	52.324	21.572
115.899	54.333	18.79
115.899	53.724	18.854
115.344	54.032	19.057
115.344	53.42	19.0
115.344	52.869	18.726
114.754	52.455	18.271
114.754	52.232	17.698
118.085	58.405	15.0
116.433	60.474	14.254
115.809	60.988	13.187
115.809	60.853	13.779
115.809	60.474	14.254
115.248	60.544	13.779
115.248	60.078	14.183
117.382	61.151	7.571
116.994	61.639	7.571
116.994	61.465	8.163
116.994	61.465	6.979
116.433	61.909	7.571
116.433	61.774	8.163
116.433	61.774	6.979
115.809	61.909	7.571
115.809	61.774	8.163
115.809	61.395	8.638
115.809	61.774	6.979
115.248	61.639	7.571
117.9	59.477	5.34
117.761	60.084	5.34
117.373	60.398	4.748
116.812	60.707	4.748
116.188	60.707	4.748
121.133	57.242	2.789
121.719	57.995	1.281
121.719	57.83	1.843
117.255	59.098	2.032
112.432	60.896	2.527
112.432	61.362	2.931
111.871	60.745	2.192
111.871	61.292	2.456
111.871	61.671	2.931
111.247	61.292	2.456
111.247	61.671	2.931
110.364	60.39	2.235
109.396	56.389	3.806
108.835	56.523	3.566
108.447	56.936	3.265
108.447	56.633	2.739
108.447	56.936	2.213
108.447	57.544	2.213
108.308	57.24	2.739
110.466	55.895	9.814
112.186	53.54	11.152
112.186	53.405	10.56
111.562	53.54	11.152
111.562	53.405	10.56
111.562	53.54	9.968
111.562	53.919	9.493
111.001	53.72	10.868
111.001	53.72	10.252
111.001	54.053	9.733
110.613	54.163	10.56
115.062	53.725	13.194
115.188	52.28	16.034
115.188	52.483	15.442
113.253	52.907	16.243
112.055	52.806	17.611
111.497	53.064	17.924
111.497	53.187	17.305
111.055	53.506	17.924
113.294	54.0	20.092
112.733	54.46	20.34
112.733	53.852	20.34
112.733	53.305	20.076
112.733	52.926	19.601
112.109	54.46	20.34
112.109	53.852	20.34
112.109	53.305	20.076
112.109	52.926	19.601
111.548	54.611	20.005
111.548	54.0	20.092
111.548	53.439	19.836
111.548	53.106	19.317
111.16	53.852	19.535
113.291	56.183	19.092
113.291	55.722	19.516
112.673	56.334	19.051
112.673	55.929	19.488
112.513	57.914	16.75
112.513	57.616	17.3
115.605	58.146	15.586
113.261	61.415	10.57
112.819	61.892	9.363
112.798	61.688	4.316
111.622	62.193	4.935
109.595	61.591	4.336
108.499	59.917	3.543
108.111	59.766	4.013
107.972	59.462	4.539
109.033	57.606	7.104
108.594	58.003	6.811
110.116	62.664	7.633
109.498	62.776	7.661
108.322	59.721	9.395
108.322	59.37	8.87
107.88	60.277	9.269
107.88	59.847	8.839
109.958	55.03	12.459
109.519	55.427	12.166
109.519	55.727	11.646
109.358	56.027	12.166
111.277	54.442	15.227
110.719	54.62	15.513
113.337	53.579	15.046
110.425	54.438	17.021
110.38	56.031	18.685
109.941	55.299	18.26
109.941	54.999	17.74
111.16	58.421	16.315
110.57	58.421	16.315
109.563	55.812	15.402
109.719	59.082	13.882
109.331	58.768	13.29
109.192	58.161	13.29
112.362	62.204	12.5
111.923	62.336	12.925
111.978	63.128	11.429
111.526	63.507	11.429
111.526	63.38	12.028
110.971	63.272	12.557
110.381	62.189	13.096
109.826	61.881	12.893
111.789	62.828	9.674
111.231	63.132	9.675
112.757	61.939	5.328
108.24	62.256	6.901
107.679	62.121	7.493
107.679	61.947	6.901
107.291	61.633	7.493
107.291	60.419	7.493
107.291	60.722	6.967
107.291	61.33	6.967
107.152	61.026	7.493
109.287	63.226	9.431
108.732	63.024	9.431
108.28	62.645	9.431
108.28	62.471	10.022
107.985	61.843	9.935
108.995	60.745	11.311
109.553	57.793	16.75
109.114	57.519	16.188
109.114	57.219	16.708
109.114	56.619	16.708
109.114	56.319	16.188
108.953	56.919	16.188
110.069	63.817	11.609
110.069	63.68	12.167
109.469	63.656	11.609
109.469	63.491	12.171
109.469	63.049	12.554
109.03	63.217	11.609
109.03	62.917	12.129
